bin_start_us,bin_end_us,bin_mid_us,pdf_per_us,probability,count
210.0,215.0,212.5,3.7893186e-05,0.00018946593,0
215.0,220.0,217.5,5.7224408e-05,0.00028612204,0
220.0,225.0,222.5,5.5327696e-05,0.00027663848,0
225.0,230.0,227.5,4.829744e-05,0.0002414872,0
230.0,235.0,232.5,4.2802168e-05,0.00021401084,0
235.0,240.0,237.5,5.352116e-05,0.0002676058,0
240.0,245.0,242.5,4.4140354e-05,0.00022070177,0
245.0,250.0,247.5,7.243788e-05,0.0003621894,0
250.0,255.0,252.5,5.420437e-05,0.00027102185,0
255.0,260.0,257.5,4.4444502e-05,0.00022222251,0
260.0,265.0,262.5,4.628146e-05,0.0002314073,0
265.0,270.0,267.5,4.4198046e-05,0.00022099023,0
270.0,275.0,272.5,6.301344e-05,0.0003150672,0
275.0,280.0,277.5,5.6882794e-05,0.00028441397,0
280.0,285.0,282.5,4.9927962e-05,0.00024963981,0
285.0,290.0,287.5,8.1868328e-05,0.00040934164,0
290.0,295.0,292.5,6.3573582e-05,0.00031786791,0
295.0,300.0,297.5,6.6089088e-05,0.00033044544,0
300.0,305.0,302.5,5.7626588e-05,0.00028813294,0
305.0,310.0,307.5,5.659876e-05,0.0002829938,0
310.0,315.0,312.5,4.960795e-05,0.00024803975,0
315.0,320.0,317.5,4.1958054e-05,0.00020979027,0
320.0,325.0,322.5,6.08268e-05,0.000304134,0
325.0,330.0,327.5,6.4637338e-05,0.00032318669,0
330.0,335.0,332.5,5.874058e-05,0.0002937029,0
335.0,340.0,337.5,5.1118246e-05,0.00025559123,0
340.0,345.0,342.5,0.0009898398,0.004949199,0
345.0,350.0,347.5,0.0010031966,0.005015983,0
350.0,355.0,352.5,0.000766233,0.003831165,0
355.0,360.0,357.5,0.0007187562,0.003593781,0
360.0,365.0,362.5,0.0007882996,0.003941498,0
365.0,370.0,367.5,0.0007348356,0.003674178,0
370.0,375.0,372.5,0.0007313118,0.003656559,0
375.0,380.0,377.5,0.0004092742,0.002046371,0
380.0,385.0,382.5,0.0003821858,0.001910929,0
385.0,390.0,387.5,0.0002488915,0.0012444575,0
390.0,395.0,392.5,0.00025185642,0.0012592821,0
395.0,400.0,397.5,0.00028123628,0.0014061814,0
400.0,405.0,402.5,0.00029045348,0.0014522674,0
405.0,410.0,407.5,0.00024920768,0.0012460384,0
410.0,415.0,412.5,0.0003160401,0.0015802005,0
415.0,420.0,417.5,0.00033606564,0.0016803282,0
420.0,425.0,422.5,0.00028406324,0.0014203162,0
425.0,430.0,427.5,0.00025640332,0.0012820166,0
430.0,435.0,432.5,0.00033467702,0.0016733851,0
435.0,440.0,437.5,0.0003663676,0.001831838,0
440.0,445.0,442.5,0.00020624644,0.0010312322,0
445.0,450.0,447.5,0.00022492594,0.0011246297,0
450.0,455.0,452.5,0.00019885294,0.0009942647,0
455.0,460.0,457.5,0.0001981456,0.000990728,0
460.0,465.0,462.5,0.00022769366,0.0011384683,0
465.0,470.0,467.5,0.00020345548,0.0010172774,0
470.0,475.0,472.5,0.013417108,0.06708554,0
475.0,480.0,477.5,0.00024161482,0.0012080741,0
480.0,485.0,482.5,0.00021873762,0.0010936881,0
485.0,490.0,487.5,0.00027178172,0.0013589086,0
490.0,495.0,492.5,0.00029156808,0.0014578404,0
495.0,500.0,497.5,0.0003062942,0.001531471,0
500.0,505.0,502.5,0.00021911606,0.0010955803,0
505.0,510.0,507.5,0.00025115144,0.0012557572,0
510.0,515.0,512.5,0.00030468438,0.0015234219,0
515.0,520.0,517.5,0.00023548652,0.0011774326,0
520.0,525.0,522.5,0.00026311288,0.0013155644,0
525.0,530.0,527.5,0.00021244684,0.0010622342,0
530.0,535.0,532.5,0.00023489476,0.0011744738,0
535.0,540.0,537.5,0.00028953298,0.0014476649,0
540.0,545.0,542.5,0.00025279694,0.0012639847,0
545.0,550.0,547.5,0.00028496564,0.0014248282,0
550.0,555.0,552.5,0.00031423028,0.0015711514,0
555.0,560.0,557.5,0.00025179248,0.0012589624,0
560.0,565.0,562.5,0.00026782784,0.0013391392,0
565.0,570.0,567.5,0.0002434217,0.0012171085,0
570.0,575.0,572.5,0.00025291966,0.0012645983,0
575.0,580.0,577.5,0.0002468768,0.001234384,0
580.0,585.0,582.5,0.00024298114,0.0012149057,0
585.0,590.0,587.5,0.00024106962,0.0012053481,0
590.0,595.0,592.5,0.00017388614,0.0008694307,0
595.0,600.0,597.5,0.00020701852,0.0010350926,0
600.0,605.0,602.5,0.0005707024,0.002853512,0
605.0,610.0,607.5,0.00022625624,0.0011312812,0
610.0,615.0,612.5,0.0003771434,0.001885717,0
615.0,620.0,617.5,0.0002373424,0.001186712,0
620.0,625.0,622.5,0.0002553012,0.001276506,0
625.0,630.0,627.5,0.00020203494,0.0010101747,0
630.0,635.0,632.5,0.00028165452,0.0014082726,0
635.0,640.0,637.5,0.00022792454,0.0011396227,0
640.0,645.0,642.5,0.00025106232,0.0012553116,0
645.0,650.0,647.5,0.00022368822,0.0011184411,0
650.0,655.0,652.5,0.00019787316,0.0009893658,0
655.0,660.0,657.5,0.00024513408,0.0012256704,0
660.0,665.0,662.5,0.00021451174,0.0010725587,0
665.0,670.0,667.5,0.0003854324,0.001927162,0
670.0,675.0,672.5,0.0002535363,0.0012676815,0
675.0,680.0,677.5,0.0004144006,0.002072003,0
680.0,685.0,682.5,0.00024046046,0.0012023023,0
685.0,690.0,687.5,0.0003031272,0.001515636,0
690.0,695.0,692.5,0.00025146776,0.0012573388,0
695.0,700.0,697.5,0.00029125082,0.0014562541,0
700.0,705.0,702.5,0.00025530368,0.0012765184,0
705.0,710.0,707.5,0.00019291244,0.0009645622,0
710.0,715.0,712.5,0.00030845096,0.0015422548,0
715.0,720.0,717.5,0.00030026076,0.0015013038,0
720.0,725.0,722.5,0.00026005554,0.0013002777,0
725.0,730.0,727.5,0.00028148318,0.0014074159,0
730.0,735.0,732.5,0.00024614818,0.0012307409,0
735.0,740.0,737.5,0.0002380757,0.0011903785,0
740.0,745.0,742.5,0.0031141924,0.015570962,0
745.0,750.0,747.5,0.00023129536,0.0011564768,0
750.0,755.0,752.5,0.00025377894,0.0012688947,0
755.0,760.0,757.5,0.00021038924,0.0010519462,0
760.0,765.0,762.5,0.00026668686,0.0013334343,0
765.0,770.0,767.5,0.00024440268,0.0012220134,0
770.0,775.0,772.5,0.0001959725,0.0009798625,0
775.0,780.0,777.5,0.0003643734,0.001821867,0
780.0,785.0,782.5,0.0003288708,0.001644354,0
785.0,790.0,787.5,0.0001823773,0.0009118865,0
790.0,795.0,792.5,0.00019360856,0.0009680428,0
795.0,800.0,797.5,0.00018127532,0.0009063766,0
800.0,805.0,802.5,0.00017619184,0.0008809592,0
805.0,810.0,807.5,0.00018285972,0.0009142986,0
810.0,815.0,812.5,0.00015447264,0.0007723632,0
815.0,820.0,817.5,0.0001812352,0.000906176,0
820.0,825.0,822.5,0.0001975219,0.0009876095,0
825.0,830.0,827.5,0.00016001208,0.0008000604,0
830.0,835.0,832.5,0.00019921736,0.0009960868,0
835.0,840.0,837.5,0.00018686424,0.0009343212,0
840.0,845.0,842.5,0.00016758808,0.0008379404,0
845.0,850.0,847.5,0.00019569582,0.0009784791,0
850.0,855.0,852.5,0.00017349538,0.0008674769,0
855.0,860.0,857.5,0.0001711773,0.0008558865,0
860.0,865.0,862.5,0.00018992514,0.0009496257,0
865.0,870.0,867.5,0.00020379238,0.0010189619,0
870.0,875.0,872.5,0.00029416282,0.0014708141,0
875.0,880.0,877.5,0.00018159718,0.0009079859,0
880.0,885.0,882.5,0.00022186642,0.0011093321,0
885.0,890.0,887.5,0.00017007154,0.0008503577,0
890.0,895.0,892.5,0.00016590014,0.0008295007,0
895.0,900.0,897.5,0.00018273336,0.0009136668,0
900.0,905.0,902.5,0.00014392638,0.0007196319,0
905.0,910.0,907.5,0.00018345304,0.0009172652,0
910.0,915.0,912.5,0.0006152326,0.003076163,0
915.0,920.0,917.5,0.0001589101,0.0007945505,0
920.0,925.0,922.5,0.00019353794,0.0009676897,0
925.0,930.0,927.5,0.00017940974,0.0008970487,0
930.0,935.0,932.5,0.00016992018,0.0008496009,0
935.0,940.0,937.5,0.0001985509,0.0009927545,0
940.0,945.0,942.5,0.00014283654,0.0007141827,0
945.0,950.0,947.5,0.00022861698,0.0011430849,0
950.0,955.0,952.5,0.00021906376,0.0010953188,0
955.0,960.0,957.5,0.00017387174,0.0008693587,0
960.0,965.0,962.5,0.00016830304,0.0008415152,0
965.0,970.0,967.5,0.00015558532,0.0007779266,0
970.0,975.0,972.5,0.00016540492,0.0008270246,0
975.0,980.0,977.5,0.00015226102,0.0007613051,0
980.0,985.0,982.5,0.00016027422,0.0008013711,0
985.0,990.0,987.5,0.0001291015,0.00064550751,0
990.0,995.0,992.5,0.00015891254,0.0007945627,0
995.0,1000.0,997.5,0.00014896758,0.0007448379,0
1000.0,1005.0,1002.5,0.0002154447,0.0010772235,0
1005.0,1010.0,1007.5,0.00019004442,0.0009502221,0
1010.0,1015.0,1012.5,0.0005053244,0.002526622,0
1015.0,1020.0,1017.5,0.0001531511,0.0007657555,0
1020.0,1025.0,1022.5,0.000393324,0.00196662,0
1025.0,1030.0,1027.5,0.00016322404,0.0008161202,0
1030.0,1035.0,1032.5,0.00022772298,0.0011386149,0
1035.0,1040.0,1037.5,0.00016990686,0.0008495343,0
1040.0,1045.0,1042.5,0.00016787426,0.0008393713,0
1045.0,1050.0,1047.5,0.00023509494,0.0011754747,0
1050.0,1055.0,1052.5,0.00018470522,0.0009235261,0
1055.0,1060.0,1057.5,0.00013962276,0.0006981138,0
1060.0,1065.0,1062.5,0.0001833913,0.0009169565,0
1065.0,1070.0,1067.5,0.00014629876,0.0007314938,0
1070.0,1075.0,1072.5,0.00014473476,0.0007236738,0
1075.0,1080.0,1077.5,0.00013583442,0.0006791721,0
1080.0,1085.0,1082.5,0.00014315638,0.0007157819,0
1085.0,1090.0,1087.5,0.00013053792,0.0006526896,0
1090.0,1095.0,1092.5,0.00017454698,0.0008727349,0
1095.0,1100.0,1097.5,0.0001447382,0.000723691,0
1100.0,1105.0,1102.5,0.00015496286,0.0007748143,0
1105.0,1110.0,1107.5,0.00015015894,0.00075079471,0
1110.0,1115.0,1112.5,0.00021803632,0.0010901816,0
1115.0,1120.0,1117.5,0.0002155315,0.0010776575,0
1120.0,1125.0,1122.5,0.00013420888,0.0006710444,0
1125.0,1130.0,1127.5,0.00021832382,0.0010916191,0
1130.0,1135.0,1132.5,0.00020160916,0.0010080458,0
1135.0,1140.0,1137.5,0.00019527538,0.0009763769,0
1140.0,1145.0,1142.5,0.00026432412,0.0013216206,0
1145.0,1150.0,1147.5,0.00015920324,0.0007960162,0
1150.0,1155.0,1152.5,0.00020418862,0.0010209431,0
1155.0,1160.0,1157.5,0.00017589766,0.0008794883,0
1160.0,1165.0,1162.5,0.00018561886,0.0009280943,0
1165.0,1170.0,1167.5,0.00015673706,0.0007836853,0
1170.0,1175.0,1172.5,0.00013852216,0.0006926108,0
1175.0,1180.0,1177.5,0.0001793164,0.000896582,0
1180.0,1185.0,1182.5,0.0002729457,0.0013647285,0
1185.0,1190.0,1187.5,0.00016710646,0.0008355323,0
1190.0,1195.0,1192.5,0.00011926416,0.0005963208,0
1195.0,1200.0,1197.5,0.00010356926,0.00051784631,0
1200.0,1205.0,1202.5,0.00015006148,0.0007503074,0
1205.0,1210.0,1207.5,0.00015271946,0.0007635973,0
1210.0,1215.0,1212.5,0.00015299154,0.0007649577,0
1215.0,1220.0,1217.5,0.0001643789,0.0008218945,0
1220.0,1225.0,1222.5,0.0001473205,0.0007366025,0
1225.0,1230.0,1227.5,0.00016182942,0.0008091471,0
1230.0,1235.0,1232.5,0.0001547434,0.000773717,0
1235.0,1240.0,1237.5,0.00013766978,0.0006883489,0
1240.0,1245.0,1242.5,0.00018672646,0.0009336323,0
1245.0,1250.0,1247.5,0.00013633644,0.0006816822,0
1250.0,1255.0,1252.5,0.00019614454,0.0009807227,0
1255.0,1260.0,1257.5,0.00019989592,0.0009994796,0
1260.0,1265.0,1262.5,0.00014296096,0.0007148048,0
1265.0,1270.0,1267.5,0.00017273636,0.0008636818,0
1270.0,1275.0,1272.5,0.00016772574,0.0008386287,0
1275.0,1280.0,1277.5,0.0001585165,0.0007925825,0
1280.0,1285.0,1282.5,0.00025482662,0.0012741331,0
1285.0,1290.0,1287.5,0.00022702314,0.0011351157,0
1290.0,1295.0,1292.5,0.00016551068,0.0008275534,0
1295.0,1300.0,1297.5,0.00013974062,0.0006987031,0
1300.0,1305.0,1302.5,0.00015004416,0.0007502208,0
1305.0,1310.0,1307.5,0.00012569508,0.0006284754,0
1310.0,1315.0,1312.5,0.00016947096,0.0008473548,0
1315.0,1320.0,1317.5,0.00013683256,0.0006841628,0
1320.0,1325.0,1322.5,0.00012534332,0.0006267166,0
1325.0,1330.0,1327.5,0.00015716898,0.0007858449,0
1330.0,1335.0,1332.5,0.00013539048,0.0006769524,0
1335.0,1340.0,1337.5,0.00013025518,0.0006512759,0
1340.0,1345.0,1342.5,0.00013489012,0.0006744506,0
1345.0,1350.0,1347.5,0.00013810498,0.0006905249,0
1350.0,1355.0,1352.5,9.3614312e-05,0.00046807156,0
1355.0,1360.0,1357.5,0.0001518661,0.0007593305,0
1360.0,1365.0,1362.5,0.00012202818,0.0006101409,0
1365.0,1370.0,1367.5,0.00013757384,0.0006878692,0
1370.0,1375.0,1372.5,0.00013715456,0.0006857728,0
1375.0,1380.0,1377.5,0.00016248548,0.0008124274,0
1380.0,1385.0,1382.5,0.0001576359,0.0007881795,0
1385.0,1390.0,1387.5,0.00016146318,0.0008073159,0
1390.0,1395.0,1392.5,0.00016324056,0.0008162028,0
1395.0,1400.0,1397.5,0.00015197896,0.0007598948,0
1400.0,1405.0,1402.5,0.00013660096,0.0006830048,0
1405.0,1410.0,1407.5,0.00014280262,0.0007140131,0
1410.0,1415.0,1412.5,0.0001862962,0.000931481,0
1415.0,1420.0,1417.5,0.00015261803,0.00076309017,0
1420.0,1425.0,1422.5,0.00018564006,0.0009282003,0
1425.0,1430.0,1427.5,0.00014414692,0.0007207346,0
1430.0,1435.0,1432.5,0.00014521958,0.0007260979,0
1435.0,1440.0,1437.5,0.00014212234,0.0007106117,0
1440.0,1445.0,1442.5,0.00013614573,0.00068072867,0
1445.0,1450.0,1447.5,0.00016050746,0.0008025373,0
1450.0,1455.0,1452.5,0.00019933736,0.0009966868,0
1455.0,1460.0,1457.5,0.00011455538,0.0005727769,0
1460.0,1465.0,1462.5,0.00018950242,0.0009475121,0
1465.0,1470.0,1467.5,0.0001260917,0.0006304585,0
1470.0,1475.0,1472.5,0.00015252036,0.0007626018,0
1475.0,1480.0,1477.5,0.000141616,0.00070808,0
1480.0,1485.0,1482.5,0.00015493216,0.0007746608,0
1485.0,1490.0,1487.5,0.00014678034,0.0007339017,0
1490.0,1495.0,1492.5,0.00013334496,0.0006667248,0
1495.0,1500.0,1497.5,0.0001308834,0.000654417,0
1500.0,1505.0,1502.5,0.00011474698,0.0005737349,0
1505.0,1510.0,1507.5,0.00012468568,0.0006234284,0
1510.0,1515.0,1512.5,0.0001747282,0.000873641,0
1515.0,1520.0,1517.5,0.00015702542,0.0007851271,0
1520.0,1525.0,1522.5,0.0001253168,0.000626584,0
1525.0,1530.0,1527.5,0.0001325066,0.000662533,0
1530.0,1535.0,1532.5,0.00012886454,0.0006443227,0
1535.0,1540.0,1537.5,0.00013665644,0.0006832822,0
1540.0,1545.0,1542.5,0.00014790022,0.0007395011,0
1545.0,1550.0,1547.5,0.00012824424,0.0006412212,0
1550.0,1555.0,1552.5,0.00015413892,0.0007706946,0
1555.0,1560.0,1557.5,0.0001227885,0.0006139425,0
1560.0,1565.0,1562.5,0.00014939094,0.0007469547,0
1565.0,1570.0,1567.5,0.00013279769,0.00066398846,0
1570.0,1575.0,1572.5,0.00017266418,0.0008633209,0
1575.0,1580.0,1577.5,0.00013297023,0.00066485113,0
1580.0,1585.0,1582.5,0.00013985376,0.0006992688,0
1585.0,1590.0,1587.5,0.0001866588,0.000933294,0
1590.0,1595.0,1592.5,0.00014877396,0.0007438698,0
1595.0,1600.0,1597.5,0.00014210664,0.0007105332,0
1600.0,1605.0,1602.5,0.00016932742,0.0008466371,0
1605.0,1610.0,1607.5,0.00012941364,0.0006470682,0
1610.0,1615.0,1612.5,0.0001707244,0.000853622,0
1615.0,1620.0,1617.5,0.0001113446,0.000556723,0
1620.0,1625.0,1622.5,0.00017720646,0.0008860323,0
1625.0,1630.0,1627.5,0.0001392816,0.000696408,0
1630.0,1635.0,1632.5,0.00012364758,0.0006182379,0
1635.0,1640.0,1637.5,0.00013477538,0.0006738769,0
1640.0,1645.0,1642.5,0.00011533398,0.0005766699,0
1645.0,1650.0,1647.5,0.00015101616,0.0007550808,0
1650.0,1655.0,1652.5,0.00011400769,0.00057003843,0
1655.0,1660.0,1657.5,0.00015718364,0.0007859182,0
1660.0,1665.0,1662.5,0.00014136454,0.0007068227,0
1665.0,1670.0,1667.5,0.00012041892,0.0006020946,0
1670.0,1675.0,1672.5,0.00014096984,0.0007048492,0
1675.0,1680.0,1677.5,0.00014119182,0.0007059591,0
1680.0,1685.0,1682.5,0.000144901,0.000724505,0
1685.0,1690.0,1687.5,0.00011464556,0.0005732278,0
1690.0,1695.0,1692.5,0.00017678896,0.0008839448,0
1695.0,1700.0,1697.5,0.00012014416,0.0006007208,0
1700.0,1705.0,1702.5,0.00013555558,0.0006777779,0
1705.0,1710.0,1707.5,0.0001259542,0.000629771,0
1710.0,1715.0,1712.5,0.00015120414,0.0007560207,0
1715.0,1720.0,1717.5,0.00014418028,0.0007209014,0
1720.0,1725.0,1722.5,0.00013172716,0.0006586358,0
1725.0,1730.0,1727.5,0.0001334041,0.0006670205,0
1730.0,1735.0,1732.5,0.00013414874,0.0006707437,0
1735.0,1740.0,1737.5,0.00011926194,0.0005963097,0
1740.0,1745.0,1742.5,0.00013767772,0.0006883886,0
1745.0,1750.0,1747.5,0.00012751826,0.0006375913,0
1750.0,1755.0,1752.5,0.00010688292,0.0005344146,0
1755.0,1760.0,1757.5,0.00012326886,0.0006163443,0
1760.0,1765.0,1762.5,9.934228e-05,0.0004967114,0
1765.0,1770.0,1767.5,0.00012134114,0.0006067057,0
1770.0,1775.0,1772.5,0.00010151529,0.00050757644,0
1775.0,1780.0,1777.5,0.00012215888,0.0006107944,0
1780.0,1785.0,1782.5,0.00011774924,0.0005887462,0
1785.0,1790.0,1787.5,0.0001090866,0.000545433,0
1790.0,1795.0,1792.5,9.4586406e-05,0.00047293203,0
1795.0,1800.0,1797.5,0.00014257544,0.0007128772,0
1800.0,1805.0,1802.5,0.0001354625,0.0006773125,0
1805.0,1810.0,1807.5,0.00014402058,0.0007201029,0
1810.0,1815.0,1812.5,0.00011647588,0.0005823794,0
1815.0,1820.0,1817.5,0.00013550176,0.0006775088,0
1820.0,1825.0,1822.5,0.0001672692,0.000836346,0
1825.0,1830.0,1827.5,0.0001427833,0.0007139165,0
1830.0,1835.0,1832.5,0.0001216319,0.0006081595,0
1835.0,1840.0,1837.5,0.00016201964,0.0008100982,0
1840.0,1845.0,1842.5,0.00012930316,0.0006465158,0
1845.0,1850.0,1847.5,0.0001286137,0.0006430685,0
1850.0,1855.0,1852.5,0.00014432686,0.0007216343,0
1855.0,1860.0,1857.5,0.0001191907,0.0005959535,0
1860.0,1865.0,1862.5,0.00012234136,0.0006117068,0
1865.0,1870.0,1867.5,9.226386e-05,0.0004613193,0
1870.0,1875.0,1872.5,0.00012461496,0.0006230748,0
1875.0,1880.0,1877.5,0.00010981155,0.00054905774,0
1880.0,1885.0,1882.5,0.00011346222,0.0005673111,0
1885.0,1890.0,1887.5,0.00010914018,0.0005457009,0
1890.0,1895.0,1892.5,0.0001188921,0.0005944605,0
1895.0,1900.0,1897.5,0.0001067325,0.0005336625,0
1900.0,1905.0,1902.5,9.1520024e-05,0.00045760012,0
1905.0,1910.0,1907.5,0.0001174554,0.000587277,0
1910.0,1915.0,1912.5,0.00014159148,0.0007079574,0
1915.0,1920.0,1917.5,0.00011439452,0.0005719726,0
1920.0,1925.0,1922.5,0.00013373488,0.0006686744,0
1925.0,1930.0,1927.5,0.00012068786,0.0006034393,0
1930.0,1935.0,1932.5,0.00011239464,0.0005619732,0
1935.0,1940.0,1937.5,0.00010223099,0.00051115494,0
1940.0,1945.0,1942.5,0.00012200188,0.0006100094,0
1945.0,1950.0,1947.5,0.00014150042,0.0007075021,0
1950.0,1955.0,1952.5,0.00012772792,0.0006386396,0
1955.0,1960.0,1957.5,0.00010254254,0.0005127127,0
1960.0,1965.0,1962.5,0.00013167034,0.0006583517,0
1965.0,1970.0,1967.5,0.00010186276,0.0005093138,0
1970.0,1975.0,1972.5,0.00011875772,0.0005937886,0
1975.0,1980.0,1977.5,0.00010392814,0.0005196407,0
1980.0,1985.0,1982.5,0.00011234016,0.0005617008,0
1985.0,1990.0,1987.5,0.0001321504,0.000660752,0
1990.0,1995.0,1992.5,0.00010981262,0.0005490631,0
1995.0,2000.0,1997.5,0.00012051346,0.0006025673,0
2000.0,2005.0,2002.5,0.00013209738,0.0006604869,0
2005.0,2010.0,2007.5,0.00011248427,0.00056242133,0
2010.0,2015.0,2012.5,0.00013256186,0.0006628093,0
2015.0,2020.0,2017.5,0.00011073166,0.0005536583,0
2020.0,2025.0,2022.5,0.00013050414,0.0006525207,0
2025.0,2030.0,2027.5,0.00014894882,0.0007447441,0
2030.0,2035.0,2032.5,0.00011522882,0.0005761441,0
2035.0,2040.0,2037.5,0.00014011682,0.0007005841,0
2040.0,2045.0,2042.5,0.00010704048,0.00053520242,0
2045.0,2050.0,2047.5,9.520748e-05,0.0004760374,0
2050.0,2055.0,2052.5,0.0001092496,0.000546248,0
2055.0,2060.0,2057.5,0.00013653798,0.0006826899,0
2060.0,2065.0,2062.5,9.544698e-05,0.0004772349,0
2065.0,2070.0,2067.5,0.00011486808,0.0005743404,0
2070.0,2075.0,2072.5,0.00010075248,0.0005037624,0
2075.0,2080.0,2077.5,0.00013313512,0.0006656756,0
2080.0,2085.0,2082.5,0.00011813492,0.0005906746,0
2085.0,2090.0,2087.5,0.00013804644,0.0006902322,0
2090.0,2095.0,2092.5,8.43348e-05,0.000421674,0
2095.0,2100.0,2097.5,0.00013214294,0.0006607147,0
2100.0,2105.0,2102.5,0.0001118732,0.000559366,0
2105.0,2110.0,2107.5,0.000104522,0.00052261,0
2110.0,2115.0,2112.5,0.00011995362,0.0005997681,0
2115.0,2120.0,2117.5,0.00013622662,0.00068113311,0
2120.0,2125.0,2122.5,0.00012290666,0.0006145333,0
2125.0,2130.0,2127.5,0.00013548106,0.0006774053,0
2130.0,2135.0,2132.5,0.00010487137,0.00052435685,0
2135.0,2140.0,2137.5,0.0001357467,0.0006787335,0
2140.0,2145.0,2142.5,0.00013939934,0.00069699672,0
2145.0,2150.0,2147.5,0.0001264265,0.0006321325,0
2150.0,2155.0,2152.5,0.00012667966,0.0006333983,0
2155.0,2160.0,2157.5,9.873112e-05,0.0004936556,0
2160.0,2165.0,2162.5,0.00011701524,0.00058507621,0
2165.0,2170.0,2167.5,0.00010094492,0.00050472462,0
2170.0,2175.0,2172.5,0.00011837726,0.0005918863,0
2175.0,2180.0,2177.5,9.400504e-05,0.0004700252,0
2180.0,2185.0,2182.5,9.657193e-05,0.00048285965,0
2185.0,2190.0,2187.5,0.00011962718,0.0005981359,0
2190.0,2195.0,2192.5,0.0001139988,0.000569994,0
2195.0,2200.0,2197.5,0.00010069664,0.0005034832,0
2200.0,2205.0,2202.5,0.00012083244,0.0006041622,0
2205.0,2210.0,2207.5,0.00011890986,0.0005945493,0
2210.0,2215.0,2212.5,0.00011526724,0.0005763362,0
2215.0,2220.0,2217.5,9.850346e-05,0.0004925173,0
2220.0,2225.0,2222.5,0.00010617448,0.0005308724,0
2225.0,2230.0,2227.5,0.00012252126,0.0006126063,0
2230.0,2235.0,2232.5,0.00011410248,0.0005705124,0
2235.0,2240.0,2237.5,0.00011927059,0.00059635297,0
2240.0,2245.0,2242.5,0.00014846066,0.0007423033,0
2245.0,2250.0,2247.5,8.117562e-05,0.0004058781,0
2250.0,2255.0,2252.5,0.0001110778,0.000555389,0
2255.0,2260.0,2257.5,0.00012401332,0.0006200666,0
2260.0,2265.0,2262.5,0.00011203038,0.0005601519,0
2265.0,2270.0,2267.5,9.95251e-05,0.0004976255,0
2270.0,2275.0,2272.5,9.4496948e-05,0.00047248474,0
2275.0,2280.0,2277.5,0.00012047266,0.0006023633,0
2280.0,2285.0,2282.5,0.00013443262,0.0006721631,0
2285.0,2290.0,2287.5,0.00012188644,0.0006094322,0
2290.0,2295.0,2292.5,0.00012130276,0.0006065138,0
2295.0,2300.0,2297.5,0.00011486146,0.0005743073,0
2300.0,2305.0,2302.5,9.677512e-05,0.0004838756,0
2305.0,2310.0,2307.5,0.0001300361,0.0006501805,0
2310.0,2315.0,2312.5,0.00010595265,0.00052976324,0
2315.0,2320.0,2317.5,0.0001230044,0.000615022,0
2320.0,2325.0,2322.5,0.00010432722,0.0005216361,0
2325.0,2330.0,2327.5,0.0001008997,0.0005044985,0
2330.0,2335.0,2332.5,0.00011455296,0.0005727648,0
2335.0,2340.0,2337.5,0.00011013698,0.0005506849,0
2340.0,2345.0,2342.5,0.00011628362,0.0005814181,0
2345.0,2350.0,2347.5,0.00010445874,0.0005222937,0
2350.0,2355.0,2352.5,0.0001052804,0.000526402,0
2355.0,2360.0,2357.5,0.0001088324,0.000544162,0
2360.0,2365.0,2362.5,0.00011611156,0.0005805578,0
2365.0,2370.0,2367.5,0.00012679793,0.00063398964,0
2370.0,2375.0,2372.5,9.51106e-05,0.000475553,0
2375.0,2380.0,2377.5,8.845264e-05,0.0004422632,0
2380.0,2385.0,2382.5,0.00013307392,0.0006653696,0
2385.0,2390.0,2387.5,9.837298e-05,0.0004918649,0
2390.0,2395.0,2392.5,0.00013219386,0.0006609693,0
2395.0,2400.0,2397.5,0.0001163537,0.0005817685,0
2400.0,2405.0,2402.5,0.00014405,0.00072025,0
2405.0,2410.0,2407.5,0.00011212882,0.0005606441,0
2410.0,2415.0,2412.5,0.00012124608,0.0006062304,0
2415.0,2420.0,2417.5,0.00010747388,0.0005373694,0
2420.0,2425.0,2422.5,0.00011717118,0.0005858559,0
2425.0,2430.0,2427.5,0.00010285624,0.0005142812,0
2430.0,2435.0,2432.5,0.0001138588,0.000569294,0
2435.0,2440.0,2437.5,0.00011952644,0.0005976322,0
2440.0,2445.0,2442.5,8.521112e-05,0.0004260556,0
2445.0,2450.0,2447.5,0.00010523856,0.0005261928,0
2450.0,2455.0,2452.5,0.0001209294,0.000604647,0
2455.0,2460.0,2457.5,9.67275e-05,0.0004836375,0
2460.0,2465.0,2462.5,0.00011735522,0.0005867761,0
2465.0,2470.0,2467.5,7.107012e-05,0.0003553506,0
2470.0,2475.0,2472.5,0.0001059479,0.0005297395,0
2475.0,2480.0,2477.5,0.00010818792,0.0005409396,0
2480.0,2485.0,2482.5,8.622012e-05,0.0004311006,0
2485.0,2490.0,2487.5,0.00013178934,0.0006589467,0
2490.0,2495.0,2492.5,9.366184e-05,0.0004683092,0
2495.0,2500.0,2497.5,8.57647e-05,0.0004288235,0
2500.0,2505.0,2502.5,9.911558e-05,0.0004955779,0
2505.0,2510.0,2507.5,9.024958e-05,0.0004512479,0
2510.0,2515.0,2512.5,9.837303e-05,0.00049186515,0
2515.0,2520.0,2517.5,0.00011403296,0.0005701648,0
2520.0,2525.0,2522.5,0.00011701112,0.0005850556,0
2525.0,2530.0,2527.5,9.80758e-05,0.000490379,0
2530.0,2535.0,2532.5,8.99564e-05,0.000449782,0
2535.0,2540.0,2537.5,0.00010429256,0.0005214628,0
2540.0,2545.0,2542.5,9.50948e-05,0.000475474,0
2545.0,2550.0,2547.5,0.00011024828,0.0005512414,0
2550.0,2555.0,2552.5,8.318321e-05,0.00041591605,0
2555.0,2560.0,2557.5,0.00011361254,0.0005680627,0
2560.0,2565.0,2562.5,0.00011284222,0.0005642111,0
2565.0,2570.0,2567.5,0.0001065586,0.000532793,0
2570.0,2575.0,2572.5,9.123706e-05,0.0004561853,0
2575.0,2580.0,2577.5,9.025222e-05,0.0004512611,0
2580.0,2585.0,2582.5,8.533676e-05,0.0004266838,0
2585.0,2590.0,2587.5,9.0495328e-05,0.00045247664,0
2590.0,2595.0,2592.5,8.4718122e-05,0.00042359061,0
2595.0,2600.0,2597.5,0.0001038712,0.000519356,0
2600.0,2605.0,2602.5,9.188858e-05,0.0004594429,0
2605.0,2610.0,2607.5,0.00010545964,0.0005272982,0
2610.0,2615.0,2612.5,0.00012922088,0.0006461044,0
2615.0,2620.0,2617.5,0.00011363872,0.0005681936,0
2620.0,2625.0,2622.5,8.870334e-05,0.0004435167,0
2625.0,2630.0,2627.5,9.705214e-05,0.0004852607,0
2630.0,2635.0,2632.5,7.443884e-05,0.0003721942,0
2635.0,2640.0,2637.5,0.00012056752,0.0006028376,0
2640.0,2645.0,2642.5,0.00010045382,0.0005022691,0
2645.0,2650.0,2647.5,9.837568e-05,0.0004918784,0
2650.0,2655.0,2652.5,8.772198e-05,0.0004386099,0
2655.0,2660.0,2657.5,7.72326e-05,0.000386163,0
2660.0,2665.0,2662.5,0.00011717956,0.0005858978,0
2665.0,2670.0,2667.5,8.93591e-05,0.0004467955,0
2670.0,2675.0,2672.5,0.00011218648,0.0005609324,0
2675.0,2680.0,2677.5,0.00010055206,0.0005027603,0
2680.0,2685.0,2682.5,0.0001049142,0.000524571,0
2685.0,2690.0,2687.5,8.4248448e-05,0.00042124224,0
2690.0,2695.0,2692.5,9.610774e-05,0.0004805387,0
2695.0,2700.0,2697.5,0.00011377308,0.0005688654,0
2700.0,2705.0,2702.5,9.728116e-05,0.0004864058,0
2705.0,2710.0,2707.5,0.00012181304,0.0006090652,0
2710.0,2715.0,2712.5,0.00011242582,0.0005621291,0
2715.0,2720.0,2717.5,0.00010732008,0.0005366004,0
2720.0,2725.0,2722.5,0.00014486192,0.0007243096,0
2725.0,2730.0,2727.5,0.00010491866,0.0005245933,0
2730.0,2735.0,2732.5,0.00012536023,0.00062680113,0
2735.0,2740.0,2737.5,0.00010363132,0.0005181566,0
2740.0,2745.0,2742.5,0.0001077375,0.00053868751,0
2745.0,2750.0,2747.5,8.34198e-05,0.000417099,0
2750.0,2755.0,2752.5,8.691004e-05,0.0004345502,0
2755.0,2760.0,2757.5,7.171325e-05,0.00035856625,0
2760.0,2765.0,2762.5,9.273464e-05,0.0004636732,0
2765.0,2770.0,2767.5,6.846706e-05,0.0003423353,0
2770.0,2775.0,2772.5,9.6565454e-05,0.00048282727,0
2775.0,2780.0,2777.5,0.0001131788,0.000565894,0
2780.0,2785.0,2782.5,7.8211e-05,0.000391055,0
2785.0,2790.0,2787.5,7.774376e-05,0.0003887188,0
2790.0,2795.0,2792.5,0.00010052474,0.0005026237,0
2795.0,2800.0,2797.5,9.6229488e-05,0.00048114744,0
2800.0,2805.0,2802.5,6.8779626e-05,0.00034389813,0
2805.0,2810.0,2807.5,0.00013205106,0.0006602553,0
2810.0,2815.0,2812.5,9.374786e-05,0.0004687393,0
2815.0,2820.0,2817.5,0.00010655324,0.0005327662,0
2820.0,2825.0,2822.5,0.00010809412,0.00054047061,0
2825.0,2830.0,2827.5,6.9393502e-05,0.00034696751,0
2830.0,2835.0,2832.5,0.00010877826,0.0005438913,0
2835.0,2840.0,2837.5,8.9115034e-05,0.00044557517,0
2840.0,2845.0,2842.5,0.00011315308,0.0005657654,0
2845.0,2850.0,2847.5,0.00011539334,0.0005769667,0
2850.0,2855.0,2852.5,0.000120495,0.000602475,0
2855.0,2860.0,2857.5,8.0030074e-05,0.00040015037,0
2860.0,2865.0,2862.5,8.8041534e-05,0.00044020767,0
2865.0,2870.0,2867.5,7.660364e-05,0.0003830182,0
2870.0,2875.0,2872.5,8.336422e-05,0.0004168211,0
2875.0,2880.0,2877.5,9.518442e-05,0.0004759221,0
2880.0,2885.0,2882.5,6.852956e-05,0.0003426478,0
2885.0,2890.0,2887.5,0.00010322534,0.0005161267,0
2890.0,2895.0,2892.5,7.855768e-05,0.0003927884,0
2895.0,2900.0,2897.5,0.0001068105,0.0005340525,0
2900.0,2905.0,2902.5,0.0001070877,0.0005354385,0
2905.0,2910.0,2907.5,9.58553e-05,0.0004792765,0
2910.0,2915.0,2912.5,9.137546e-05,0.0004568773,0
2915.0,2920.0,2917.5,0.00010652022,0.0005326011,0
2920.0,2925.0,2922.5,0.00010777936,0.0005388968,0
2925.0,2930.0,2927.5,9.899466e-05,0.0004949733,0
2930.0,2935.0,2932.5,9.451788e-05,0.0004725894,0
2935.0,2940.0,2937.5,0.00010534545,0.00052672724,0
2940.0,2945.0,2942.5,9.949434e-05,0.0004974717,0
2945.0,2950.0,2947.5,9.1274e-05,0.00045637,0
2950.0,2955.0,2952.5,7.2094086e-05,0.00036047043,0
2955.0,2960.0,2957.5,7.5105128e-05,0.00037552564,0
2960.0,2965.0,2962.5,0.00010933432,0.0005466716,0
2965.0,2970.0,2967.5,0.00010093703,0.00050468514,0
2970.0,2975.0,2972.5,9.1189382e-05,0.00045594691,0
2975.0,2980.0,2977.5,8.917894e-05,0.0004458947,0
2980.0,2985.0,2982.5,8.820232e-05,0.0004410116,0
2985.0,2990.0,2987.5,0.0001163362,0.000581681,0
2990.0,2995.0,2992.5,9.547054e-05,0.0004773527,0
2995.0,3000.0,2997.5,8.627826e-05,0.0004313913,0
3000.0,3005.0,3002.5,9.69704e-05,0.000484852,0
3005.0,3010.0,3007.5,8.953495e-05,0.00044767475,0
3010.0,3015.0,3012.5,0.00010782739,0.00053913697,0
3015.0,3020.0,3017.5,9.305496e-05,0.0004652748,0
3020.0,3025.0,3022.5,7.6966452e-05,0.00038483226,0
3025.0,3030.0,3027.5,7.876862e-05,0.0003938431,0
3030.0,3035.0,3032.5,7.4749202e-05,0.00037374601,0
3035.0,3040.0,3037.5,8.32804e-05,0.000416402,0
3040.0,3045.0,3042.5,9.753976e-05,0.0004876988,0
3045.0,3050.0,3047.5,8.942788e-05,0.0004471394,0
3050.0,3055.0,3052.5,9.55415e-05,0.0004777075,0
3055.0,3060.0,3057.5,8.5801192e-05,0.00042900596,0
3060.0,3065.0,3062.5,0.00010651564,0.0005325782,0
3065.0,3070.0,3067.5,0.0001056028,0.000528014,0
3070.0,3075.0,3072.5,9.105722e-05,0.0004552861,0
3075.0,3080.0,3077.5,8.163944e-05,0.0004081972,0
3080.0,3085.0,3082.5,8.365044e-05,0.0004182522,0
3085.0,3090.0,3087.5,7.5238008e-05,0.00037619004,0
3090.0,3095.0,3092.5,0.000119951,0.000599755,0
3095.0,3100.0,3097.5,8.739908e-05,0.0004369954,0
3100.0,3105.0,3102.5,9.782906e-05,0.0004891453,0
3105.0,3110.0,3107.5,7.6625874e-05,0.00038312937,0
3110.0,3115.0,3112.5,5.924226e-05,0.0002962113,0
3115.0,3120.0,3117.5,0.00010501354,0.00052506771,0
3120.0,3125.0,3122.5,8.826332e-05,0.0004413166,0
3125.0,3130.0,3127.5,8.937298e-05,0.0004468649,0
3130.0,3135.0,3132.5,8.091926e-05,0.0004045963,0
3135.0,3140.0,3137.5,9.049058e-05,0.0004524529,0
3140.0,3145.0,3142.5,7.795522e-05,0.0003897761,0
3145.0,3150.0,3147.5,7.3704384e-05,0.00036852192,0
3150.0,3155.0,3152.5,0.00010428444,0.0005214222,0
3155.0,3160.0,3157.5,9.5076062e-05,0.00047538031,0
3160.0,3165.0,3162.5,8.3097068e-05,0.00041548534,0
3165.0,3170.0,3167.5,9.470122e-05,0.0004735061,0
3170.0,3175.0,3172.5,0.00010729622,0.0005364811,0
3175.0,3180.0,3177.5,0.00010242042,0.0005121021,0
3180.0,3185.0,3182.5,6.8925426e-05,0.00034462713,0
3185.0,3190.0,3187.5,9.01088e-05,0.000450544,0
3190.0,3195.0,3192.5,8.919436e-05,0.0004459718,0
3195.0,3200.0,3197.5,9.0542042e-05,0.00045271021,0
3200.0,3205.0,3202.5,9.785966e-05,0.0004892983,0
3205.0,3210.0,3207.5,7.101999e-05,0.00035509995,0
3210.0,3215.0,3212.5,8.522024e-05,0.0004261012,0
3215.0,3220.0,3217.5,7.6956914e-05,0.00038478457,0
3220.0,3225.0,3222.5,0.00010643274,0.0005321637,0
3225.0,3230.0,3227.5,0.00011391662,0.0005695831,0
3230.0,3235.0,3232.5,0.00011027478,0.0005513739,0
3235.0,3240.0,3237.5,0.00010953574,0.0005476787,0
3240.0,3245.0,3242.5,9.626812e-05,0.0004813406,0
3245.0,3250.0,3247.5,7.814908e-05,0.0003907454,0
3250.0,3255.0,3252.5,6.258952e-05,0.0003129476,0
3255.0,3260.0,3257.5,0.00010078037,0.00050390185,0
3260.0,3265.0,3262.5,0.00011551008,0.00057755041,0
3265.0,3270.0,3267.5,9.911692e-05,0.0004955846,0
3270.0,3275.0,3272.5,0.00010205234,0.0005102617,0
3275.0,3280.0,3277.5,0.00010179536,0.0005089768,0
3280.0,3285.0,3282.5,0.00010060224,0.0005030112,0
3285.0,3290.0,3287.5,7.799366e-05,0.0003899683,0
3290.0,3295.0,3292.5,9.67863e-05,0.0004839315,0
3295.0,3300.0,3297.5,7.3044428e-05,0.00036522214,0
3300.0,3305.0,3302.5,8.2268142e-05,0.00041134071,0
3305.0,3310.0,3307.5,0.00010911508,0.0005455754,0
3310.0,3315.0,3312.5,0.0001175169,0.0005875845,0
3315.0,3320.0,3317.5,9.492198e-05,0.0004746099,0
3320.0,3325.0,3322.5,6.544786e-05,0.0003272393,0
3325.0,3330.0,3327.5,8.662786e-05,0.0004331393,0
3330.0,3335.0,3332.5,7.587294e-05,0.0003793647,0
3335.0,3340.0,3337.5,8.6262314e-05,0.00043131157,0
3340.0,3345.0,3342.5,9.7461206e-05,0.00048730603,0
3345.0,3350.0,3347.5,9.9007988e-05,0.00049503994,0
3350.0,3355.0,3352.5,9.158222e-05,0.0004579111,0
3355.0,3360.0,3357.5,8.4081662e-05,0.00042040831,0
3360.0,3365.0,3362.5,9.727606e-05,0.0004863803,0
3365.0,3370.0,3367.5,0.00010565612,0.0005282806,0
3370.0,3375.0,3372.5,9.888506e-05,0.0004944253,0
3375.0,3380.0,3377.5,0.000101667,0.000508335,0
3380.0,3385.0,3382.5,9.942008e-05,0.0004971004,0
3385.0,3390.0,3387.5,7.8439008e-05,0.00039219504,0
3390.0,3395.0,3392.5,7.745372e-05,0.0003872686,0
3395.0,3400.0,3397.5,8.48205e-05,0.0004241025,0
3400.0,3405.0,3402.5,7.0189668e-05,0.00035094834,0
3405.0,3410.0,3407.5,8.407096e-05,0.0004203548,0
3410.0,3415.0,3412.5,7.848338e-05,0.0003924169,0
3415.0,3420.0,3417.5,8.116612e-05,0.0004058306,0
3420.0,3425.0,3422.5,7.370894e-05,0.0003685447,0
3425.0,3430.0,3427.5,8.072804e-05,0.0004036402,0
3430.0,3435.0,3432.5,8.3611022e-05,0.00041805511,0
3435.0,3440.0,3437.5,8.888048e-05,0.0004444024,0
3440.0,3445.0,3442.5,6.557788e-05,0.0003278894,0
3445.0,3450.0,3447.5,7.31281e-05,0.0003656405,0
3450.0,3455.0,3452.5,7.1157994e-05,0.00035578997,0
3455.0,3460.0,3457.5,0.00010312504,0.0005156252,0
3460.0,3465.0,3462.5,8.603798e-05,0.0004301899,0
3465.0,3470.0,3467.5,8.669772e-05,0.0004334886,0
3470.0,3475.0,3472.5,8.0509302e-05,0.00040254651,0
3475.0,3480.0,3477.5,6.4787804e-05,0.00032393902,0
3480.0,3485.0,3482.5,9.890096e-05,0.0004945048,0
3485.0,3490.0,3487.5,9.317018e-05,0.0004658509,0
3490.0,3495.0,3492.5,8.440316e-05,0.0004220158,0
3495.0,3500.0,3497.5,0.00010314314,0.0005157157,0
3500.0,3505.0,3502.5,9.137352e-05,0.0004568676,0
3505.0,3510.0,3507.5,7.613518e-05,0.0003806759,0
3510.0,3515.0,3512.5,8.28615e-05,0.0004143075,0
3515.0,3520.0,3517.5,7.037736e-05,0.0003518868,0
3520.0,3525.0,3522.5,7.2215594e-05,0.00036107797,0
3525.0,3530.0,3527.5,9.036898e-05,0.0004518449,0
3530.0,3535.0,3532.5,9.4851426e-05,0.00047425713,0
3535.0,3540.0,3537.5,7.42399e-05,0.0003711995,0
3540.0,3545.0,3542.5,8.05704e-05,0.000402852,0
3545.0,3550.0,3547.5,0.00010116112,0.0005058056,0
3550.0,3555.0,3552.5,8.65403e-05,0.0004327015,0
3555.0,3560.0,3557.5,9.173452e-05,0.0004586726,0
3560.0,3565.0,3562.5,9.436704e-05,0.0004718352,0
3565.0,3570.0,3567.5,9.054602e-05,0.0004527301,0
3570.0,3575.0,3572.5,0.00010267204,0.0005133602,0
3575.0,3580.0,3577.5,0.00010725578,0.0005362789,0
3580.0,3585.0,3582.5,7.9552006e-05,0.00039776003,0
3585.0,3590.0,3587.5,6.0734644e-05,0.00030367322,0
3590.0,3595.0,3592.5,5.9064732e-05,0.00029532366,0
3595.0,3600.0,3597.5,6.916147e-05,0.00034580735,0
3600.0,3605.0,3602.5,8.8810194e-05,0.00044405097,0
3605.0,3610.0,3607.5,9.0659194e-05,0.00045329597,0
3610.0,3615.0,3612.5,8.420774e-05,0.0004210387,0
3615.0,3620.0,3617.5,7.0706588e-05,0.00035353294,0
3620.0,3625.0,3622.5,7.8822582e-05,0.00039411291,0
3625.0,3630.0,3627.5,7.432384e-05,0.0003716192,0
3630.0,3635.0,3632.5,6.953382e-05,0.0003476691,0
3635.0,3640.0,3637.5,6.5076128e-05,0.00032538064,0
3640.0,3645.0,3642.5,7.493238e-05,0.0003746619,0
3645.0,3650.0,3647.5,8.035784e-05,0.0004017892,0
3650.0,3655.0,3652.5,6.675582e-05,0.0003337791,0
3655.0,3660.0,3657.5,6.667788e-05,0.0003333894,0
3660.0,3665.0,3662.5,7.44724e-05,0.000372362,0
3665.0,3670.0,3667.5,0.00010390858,0.0005195429,0
3670.0,3675.0,3672.5,7.9862e-05,0.00039931,0
3675.0,3680.0,3677.5,7.6372e-05,0.00038186,0
3680.0,3685.0,3682.5,9.271124e-05,0.0004635562,0
3685.0,3690.0,3687.5,8.010104e-05,0.0004005052,0
3690.0,3695.0,3692.5,7.101822e-05,0.0003550911,0
3695.0,3700.0,3697.5,7.992382e-05,0.0003996191,0
3700.0,3705.0,3702.5,9.527864e-05,0.0004763932,0
3705.0,3710.0,3707.5,8.290376e-05,0.0004145188,0
3710.0,3715.0,3712.5,6.315228e-05,0.0003157614,0
3715.0,3720.0,3717.5,6.4659784e-05,0.00032329892,0
3720.0,3725.0,3722.5,6.938416e-05,0.0003469208,0
3725.0,3730.0,3727.5,7.181436e-05,0.0003590718,0
3730.0,3735.0,3732.5,7.73964e-05,0.000386982,0
3735.0,3740.0,3737.5,8.70597e-05,0.0004352985,0
3740.0,3745.0,3742.5,7.5983786e-05,0.00037991893,0
3745.0,3750.0,3747.5,8.33807e-05,0.0004169035,0
3750.0,3755.0,3752.5,9.90091e-05,0.0004950455,0
3755.0,3760.0,3757.5,8.316054e-05,0.0004158027,0
3760.0,3765.0,3762.5,9.186414e-05,0.0004593207,0
3765.0,3770.0,3767.5,8.143302e-05,0.0004071651,0
3770.0,3775.0,3772.5,8.2788264e-05,0.00041394132,0
3775.0,3780.0,3777.5,9.076468e-05,0.0004538234,0
3780.0,3785.0,3782.5,7.2270572e-05,0.00036135286,0
3785.0,3790.0,3787.5,6.959326e-05,0.0003479663,0
3790.0,3795.0,3792.5,7.9685572e-05,0.00039842786,0
3795.0,3800.0,3797.5,9.227892e-05,0.0004613946,0
3800.0,3805.0,3802.5,9.423778e-05,0.0004711889,0
3805.0,3810.0,3807.5,5.8734134e-05,0.00029367067,0
3810.0,3815.0,3812.5,9.0622806e-05,0.00045311403,0
3815.0,3820.0,3817.5,7.724258e-05,0.0003862129,0
3820.0,3825.0,3822.5,8.3617708e-05,0.00041808854,0
3825.0,3830.0,3827.5,6.6255e-05,0.000331275,0
3830.0,3835.0,3832.5,8.742083e-05,0.00043710415,0
3835.0,3840.0,3837.5,7.581264e-05,0.0003790632,0
3840.0,3845.0,3842.5,8.8486088e-05,0.00044243044,0
3845.0,3850.0,3847.5,8.2572488e-05,0.00041286244,0
3850.0,3855.0,3852.5,9.086768e-05,0.0004543384,0
3855.0,3860.0,3857.5,8.857002e-05,0.0004428501,0
3860.0,3865.0,3862.5,8.344964e-05,0.0004172482,0
3865.0,3870.0,3867.5,9.740856e-05,0.0004870428,0
3870.0,3875.0,3872.5,7.7864226e-05,0.00038932113,0
3875.0,3880.0,3877.5,7.865266e-05,0.0003932633,0
3880.0,3885.0,3882.5,8.877318e-05,0.0004438659,0
3885.0,3890.0,3887.5,9.661682e-05,0.0004830841,0
3890.0,3895.0,3892.5,7.1460662e-05,0.00035730331,0
3895.0,3900.0,3897.5,8.2641832e-05,0.00041320916,0
3900.0,3905.0,3902.5,6.13442e-05,0.000306721,0
3905.0,3910.0,3907.5,7.1771308e-05,0.00035885654,0
3910.0,3915.0,3912.5,7.635396e-05,0.0003817698,0
3915.0,3920.0,3917.5,9.642564e-05,0.0004821282,0
3920.0,3925.0,3922.5,8.3313466e-05,0.00041656733,0
3925.0,3930.0,3927.5,0.00010624362,0.0005312181,0
3930.0,3935.0,3932.5,8.665804e-05,0.0004332902,0
3935.0,3940.0,3937.5,7.8025e-05,0.000390125,0
3940.0,3945.0,3942.5,9.136608e-05,0.0004568304,0
3945.0,3950.0,3947.5,9.432236e-05,0.0004716118,0
3950.0,3955.0,3952.5,8.7014568e-05,0.00043507284,0
3955.0,3960.0,3957.5,7.5317462e-05,0.00037658731,0
3960.0,3965.0,3962.5,6.75423e-05,0.0003377115,0
3965.0,3970.0,3967.5,8.2418574e-05,0.00041209287,0
3970.0,3975.0,3972.5,7.667686e-05,0.0003833843,0
3975.0,3980.0,3977.5,8.220788e-05,0.0004110394,0
3980.0,3985.0,3982.5,7.367381e-05,0.00036836905,0
3985.0,3990.0,3987.5,0.00010279294,0.0005139647,0
3990.0,3995.0,3992.5,7.849814e-05,0.0003924907,0
3995.0,4000.0,3997.5,7.598138e-05,0.0003799069,0
4000.0,4005.0,4002.5,9.821846e-05,0.0004910923,0
4005.0,4010.0,4007.5,8.240292e-05,0.0004120146,0
4010.0,4015.0,4012.5,6.6578768e-05,0.00033289384,0
4015.0,4020.0,4017.5,7.310736e-05,0.0003655368,0
4020.0,4025.0,4022.5,9.3129528e-05,0.00046564764,0
4025.0,4030.0,4027.5,8.084664e-05,0.0004042332,0
4030.0,4035.0,4032.5,8.9888154e-05,0.00044944077,0
4035.0,4040.0,4037.5,7.4514528e-05,0.00037257264,0
4040.0,4045.0,4042.5,9.870288e-05,0.0004935144,0
4045.0,4050.0,4047.5,0.00011097796,0.0005548898,0
4050.0,4055.0,4052.5,6.2644398e-05,0.00031322199,0
4055.0,4060.0,4057.5,5.5400148e-05,0.00027700074,0
4060.0,4065.0,4062.5,8.604958e-05,0.0004302479,0
4065.0,4070.0,4067.5,8.395805e-05,0.00041979025,0
4070.0,4075.0,4072.5,7.872636e-05,0.0003936318,0
4075.0,4080.0,4077.5,8.956864e-05,0.0004478432,0
4080.0,4085.0,4082.5,7.45027e-05,0.0003725135,0
4085.0,4090.0,4087.5,6.0194002e-05,0.00030097001,0
4090.0,4095.0,4092.5,8.69219e-05,0.0004346095,0
4095.0,4100.0,4097.5,8.85301e-05,0.0004426505,0
4100.0,4105.0,4102.5,8.114664e-05,0.0004057332,0
4105.0,4110.0,4107.5,8.9653724e-05,0.00044826862,0
4110.0,4115.0,4112.5,8.7130748e-05,0.00043565374,0
4115.0,4120.0,4117.5,8.365674e-05,0.0004182837,0
4120.0,4125.0,4122.5,5.46368e-05,0.000273184,0
4125.0,4130.0,4127.5,7.4643182e-05,0.00037321591,0
4130.0,4135.0,4132.5,7.5255802e-05,0.00037627901,0
4135.0,4140.0,4137.5,7.8359806e-05,0.00039179903,0
4140.0,4145.0,4142.5,8.46848e-05,0.000423424,0
4145.0,4150.0,4147.5,5.459144e-05,0.0002729572,0
4150.0,4155.0,4152.5,9.762994e-05,0.0004881497,0
4155.0,4160.0,4157.5,7.474176e-05,0.0003737088,0
4160.0,4165.0,4162.5,6.5815788e-05,0.00032907894,0
4165.0,4170.0,4167.5,7.9052746e-05,0.00039526373,0
4170.0,4175.0,4172.5,7.285032e-05,0.0003642516,0
4175.0,4180.0,4177.5,9.2123274e-05,0.00046061637,0
4180.0,4185.0,4182.5,8.018586e-05,0.0004009293,0
4185.0,4190.0,4187.5,7.979224e-05,0.0003989612,0
4190.0,4195.0,4192.5,6.887678e-05,0.0003443839,0
4195.0,4200.0,4197.5,6.8768e-05,0.00034384,0
4200.0,4205.0,4202.5,6.421638e-05,0.0003210819,0
4205.0,4210.0,4207.5,0.00010514238,0.00052571192,0
4210.0,4215.0,4212.5,5.4463086e-05,0.00027231543,0
4215.0,4220.0,4217.5,4.5511114e-05,0.00022755557,0
4220.0,4225.0,4222.5,7.819702e-05,0.0003909851,0
4225.0,4230.0,4227.5,8.626772e-05,0.0004313386,0
4230.0,4235.0,4232.5,6.2962694e-05,0.00031481347,0
4235.0,4240.0,4237.5,8.0760328e-05,0.00040380164,0
4240.0,4245.0,4242.5,7.1426714e-05,0.00035713357,0
4245.0,4250.0,4247.5,8.689168e-05,0.0004344584,0
4250.0,4255.0,4252.5,7.601152e-05,0.0003800576,0
4255.0,4260.0,4257.5,7.094752e-05,0.0003547376,0
4260.0,4265.0,4262.5,6.481326e-05,0.0003240663,0
4265.0,4270.0,4267.5,8.566182e-05,0.0004283091,0
4270.0,4275.0,4272.5,7.671762e-05,0.0003835881,0
4275.0,4280.0,4277.5,7.348916e-05,0.0003674458,0
4280.0,4285.0,4282.5,9.78835e-05,0.0004894175,0
4285.0,4290.0,4287.5,7.549282e-05,0.0003774641,0
4290.0,4295.0,4292.5,8.220074e-05,0.0004110037,0
4295.0,4300.0,4297.5,7.1452174e-05,0.00035726087,0
4300.0,4305.0,4302.5,6.595596e-05,0.0003297798,0
4305.0,4310.0,4307.5,7.357536e-05,0.0003678768,0
4310.0,4315.0,4312.5,8.641564e-05,0.0004320782,0
4315.0,4320.0,4317.5,7.745678e-05,0.0003872839,0
4320.0,4325.0,4322.5,6.787556e-05,0.0003393778,0
4325.0,4330.0,4327.5,6.986776e-05,0.0003493388,0
4330.0,4335.0,4332.5,7.951772e-05,0.0003975886,0
4335.0,4340.0,4337.5,7.5998934e-05,0.00037999467,0
4340.0,4345.0,4342.5,7.2326162e-05,0.00036163081,0
4345.0,4350.0,4347.5,6.5545772e-05,0.00032772886,0
4350.0,4355.0,4352.5,6.346552e-05,0.0003173276,0
4355.0,4360.0,4357.5,6.197917e-05,0.00030989585,0
4360.0,4365.0,4362.5,6.6316704e-05,0.00033158352,0
4365.0,4370.0,4367.5,7.3077548e-05,0.00036538774,0
4370.0,4375.0,4372.5,9.002374e-05,0.0004501187,0
4375.0,4380.0,4377.5,0.00010758325,0.00053791623,0
4380.0,4385.0,4382.5,7.2326544e-05,0.00036163272,0
4385.0,4390.0,4387.5,7.67923e-05,0.0003839615,0
4390.0,4395.0,4392.5,5.8923994e-05,0.00029461997,0
4395.0,4400.0,4397.5,7.257492e-05,0.0003628746,0
4400.0,4405.0,4402.5,7.4746102e-05,0.00037373051,0
4405.0,4410.0,4407.5,6.4358872e-05,0.00032179436,0
4410.0,4415.0,4412.5,4.9648014e-05,0.00024824007,0
4415.0,4420.0,4417.5,8.2245926e-05,0.00041122963,0
4420.0,4425.0,4422.5,7.818952e-05,0.0003909476,0
4425.0,4430.0,4427.5,6.26922e-05,0.000313461,0
4430.0,4435.0,4432.5,5.1994082e-05,0.00025997041,0
4435.0,4440.0,4437.5,7.038028e-05,0.0003519014,0
4440.0,4445.0,4442.5,8.668792e-05,0.0004334396,0
4445.0,4450.0,4447.5,7.93884e-05,0.000396942,0
4450.0,4455.0,4452.5,6.691084e-05,0.0003345542,0
4455.0,4460.0,4457.5,9.459704e-05,0.0004729852,0
4460.0,4465.0,4462.5,7.4944e-05,0.00037472,0
4465.0,4470.0,4467.5,9.15485e-05,0.0004577425,0
4470.0,4475.0,4472.5,7.1477962e-05,0.00035738981,0
4475.0,4480.0,4477.5,7.95365e-05,0.0003976825,0
4480.0,4485.0,4482.5,5.144075e-05,0.00025720375,0
4485.0,4490.0,4487.5,6.492734e-05,0.0003246367,0
4490.0,4495.0,4492.5,6.9199654e-05,0.00034599827,0
4495.0,4500.0,4497.5,7.094514e-05,0.0003547257,0
4500.0,4505.0,4502.5,7.81066e-05,0.000390533,0
4505.0,4510.0,4507.5,8.3676754e-05,0.00041838377,0
4510.0,4515.0,4512.5,5.9136134e-05,0.00029568067,0
4515.0,4520.0,4517.5,6.2656302e-05,0.00031328151,0
4520.0,4525.0,4522.5,6.3468494e-05,0.00031734247,0
4525.0,4530.0,4527.5,6.4781912e-05,0.00032390956,0
4530.0,4535.0,4532.5,6.715086e-05,0.0003357543,0
4535.0,4540.0,4537.5,7.642624e-05,0.0003821312,0
4540.0,4545.0,4542.5,8.2011074e-05,0.00041005537,0
4545.0,4550.0,4547.5,7.7408802e-05,0.00038704401,0
4550.0,4555.0,4552.5,8.453814e-05,0.0004226907,0
4555.0,4560.0,4557.5,8.65221e-05,0.0004326105,0
4560.0,4565.0,4562.5,8.131194e-05,0.0004065597,0
4565.0,4570.0,4567.5,8.5953664e-05,0.00042976832,0
4570.0,4575.0,4572.5,8.000356e-05,0.0004000178,0
4575.0,4580.0,4577.5,6.5106972e-05,0.00032553486,0
4580.0,4585.0,4582.5,8.885954e-05,0.0004442977,0
4585.0,4590.0,4587.5,5.9554716e-05,0.00029777358,0
4590.0,4595.0,4592.5,8.1316282e-05,0.00040658141,0
4595.0,4600.0,4597.5,8.611918e-05,0.0004305959,0
4600.0,4605.0,4602.5,9.077104e-05,0.0004538552,0
4605.0,4610.0,4607.5,6.2532714e-05,0.00031266357,0
4610.0,4615.0,4612.5,6.2978902e-05,0.00031489451,0
4615.0,4620.0,4617.5,5.144452e-05,0.0002572226,0
4620.0,4625.0,4622.5,9.359962e-05,0.0004679981,0
4625.0,4630.0,4627.5,7.5379832e-05,0.00037689916,0
4630.0,4635.0,4632.5,7.681648e-05,0.0003840824,0
4635.0,4640.0,4637.5,7.61882e-05,0.000380941,0
4640.0,4645.0,4642.5,7.6725388e-05,0.00038362694,0
4645.0,4650.0,4647.5,8.219908e-05,0.0004109954,0
4650.0,4655.0,4652.5,9.253066e-05,0.0004626533,0
4655.0,4660.0,4657.5,8.165388e-05,0.0004082694,0
4660.0,4665.0,4662.5,7.832834e-05,0.0003916417,0
4665.0,4670.0,4667.5,7.8130114e-05,0.00039065057,0
4670.0,4675.0,4672.5,7.882372e-05,0.0003941186,0
4675.0,4680.0,4677.5,7.988064e-05,0.0003994032,0
4680.0,4685.0,4682.5,6.142572e-05,0.0003071286,0
4685.0,4690.0,4687.5,7.4216944e-05,0.00037108472,0
4690.0,4695.0,4692.5,6.863094e-05,0.0003431547,0
4695.0,4700.0,4697.5,7.905402e-05,0.0003952701,0
4700.0,4705.0,4702.5,8.197662e-05,0.0004098831,0
4705.0,4710.0,4707.5,9.212736e-05,0.0004606368,0
4710.0,4715.0,4712.5,8.2409932e-05,0.00041204966,0
4715.0,4720.0,4717.5,4.995274e-05,0.0002497637,0
4720.0,4725.0,4722.5,8.5189274e-05,0.00042594637,0
4725.0,4730.0,4727.5,6.937496e-05,0.0003468748,0
4730.0,4735.0,4732.5,7.013838e-05,0.0003506919,0
4735.0,4740.0,4737.5,7.234568e-05,0.0003617284,0
4740.0,4745.0,4742.5,0.0001047912,0.000523956,0
4745.0,4750.0,4747.5,7.454682e-05,0.0003727341,0
4750.0,4755.0,4752.5,7.558718e-05,0.0003779359,0
4755.0,4760.0,4757.5,9.39024e-05,0.000469512,0
4760.0,4765.0,4762.5,7.7086372e-05,0.00038543186,0
4765.0,4770.0,4767.5,8.145024e-05,0.0004072512,0
4770.0,4775.0,4772.5,7.700324e-05,0.0003850162,0
4775.0,4780.0,4777.5,6.9919248e-05,0.00034959624,0
4780.0,4785.0,4782.5,7.5146314e-05,0.00037573157,0
4785.0,4790.0,4787.5,6.507906e-05,0.0003253953,0
4790.0,4795.0,4792.5,7.7910482e-05,0.00038955241,0
4795.0,4800.0,4797.5,7.3030412e-05,0.00036515206,0
4800.0,4805.0,4802.5,8.249174e-05,0.0004124587,0
4805.0,4810.0,4807.5,8.134004e-05,0.0004067002,0
4810.0,4815.0,4812.5,8.2866328e-05,0.00041433164,0
4815.0,4820.0,4817.5,7.6266926e-05,0.00038133463,0
4820.0,4825.0,4822.5,6.9336752e-05,0.00034668376,0
4825.0,4830.0,4827.5,6.881984e-05,0.0003440992,0
4830.0,4835.0,4832.5,9.08509e-05,0.0004542545,0
4835.0,4840.0,4837.5,9.907016e-05,0.0004953508,0
4840.0,4845.0,4842.5,8.7667e-05,0.000438335,0
4845.0,4850.0,4847.5,7.440322e-05,0.0003720161,0
4850.0,4855.0,4852.5,7.707272e-05,0.0003853636,0
4855.0,4860.0,4857.5,8.8344388e-05,0.00044172194,0
4860.0,4865.0,4862.5,9.131932e-05,0.0004565966,0
4865.0,4870.0,4867.5,8.62584e-05,0.000431292,0
4870.0,4875.0,4872.5,6.6440406e-05,0.00033220203,0
4875.0,4880.0,4877.5,8.725638e-05,0.0004362819,0
4880.0,4885.0,4882.5,8.856548e-05,0.0004428274,0
4885.0,4890.0,4887.5,6.454975e-05,0.00032274875,0
4890.0,4895.0,4892.5,8.2251312e-05,0.00041125656,0
4895.0,4900.0,4897.5,6.3600898e-05,0.00031800449,0
4900.0,4905.0,4902.5,6.704016e-05,0.0003352008,0
4905.0,4910.0,4907.5,6.699876e-05,0.0003349938,0
4910.0,4915.0,4912.5,7.443824e-05,0.0003721912,0
4915.0,4920.0,4917.5,5.713994e-05,0.0002856997,0
4920.0,4925.0,4922.5,7.5261082e-05,0.00037630541,0
4925.0,4930.0,4927.5,6.1641872e-05,0.00030820936,0
4930.0,4935.0,4932.5,9.022284e-05,0.0004511142,0
4935.0,4940.0,4937.5,6.45943e-05,0.0003229715,0
4940.0,4945.0,4942.5,6.4594542e-05,0.00032297271,0
4945.0,4950.0,4947.5,6.594353e-05,0.00032971765,0
4950.0,4955.0,4952.5,8.6274534e-05,0.00043137267,0
4955.0,4960.0,4957.5,7.457602e-05,0.0003728801,0
4960.0,4965.0,4962.5,7.1095e-05,0.000355475,0
4965.0,4970.0,4967.5,5.6766192e-05,0.00028383096,0
4970.0,4975.0,4972.5,6.834962e-05,0.0003417481,0
4975.0,4980.0,4977.5,7.327862e-05,0.0003663931,0
4980.0,4985.0,4982.5,8.461232e-05,0.0004230616,0
4985.0,4990.0,4987.5,8.777692e-05,0.0004388846,0
4990.0,4995.0,4992.5,9.016536e-05,0.0004508268,0
4995.0,5000.0,4997.5,7.3493554e-05,0.00036746777,0
5000.0,5005.0,5002.5,7.206972e-05,0.0003603486,0
5005.0,5010.0,5007.5,7.0023758e-05,0.00035011879,0
5010.0,5015.0,5012.5,8.303538e-05,0.0004151769,0
5015.0,5020.0,5017.5,7.4171644e-05,0.00037085822,0
5020.0,5025.0,5022.5,8.714814e-05,0.0004357407,0
5025.0,5030.0,5027.5,5.82909e-05,0.0002914545,0
5030.0,5035.0,5032.5,8.56656e-05,0.000428328,0
5035.0,5040.0,5037.5,8.063144e-05,0.0004031572,0
5040.0,5045.0,5042.5,7.511358e-05,0.0003755679,0
5045.0,5050.0,5047.5,7.621146e-05,0.0003810573,0
5050.0,5055.0,5052.5,9.492318e-05,0.0004746159,0
5055.0,5060.0,5057.5,7.80574e-05,0.000390287,0
5060.0,5065.0,5062.5,7.465106e-05,0.0003732553,0
5065.0,5070.0,5067.5,7.7887646e-05,0.00038943823,0
5070.0,5075.0,5072.5,5.971624e-05,0.0002985812,0
5075.0,5080.0,5077.5,5.9711166e-05,0.00029855583,0
5080.0,5085.0,5082.5,6.6043354e-05,0.00033021677,0
5085.0,5090.0,5087.5,9.243058e-05,0.0004621529,0
5090.0,5095.0,5092.5,7.4397282e-05,0.00037198641,0
5095.0,5100.0,5097.5,6.8140596e-05,0.00034070298,0
5100.0,5105.0,5102.5,7.866812e-05,0.0003933406,0
5105.0,5110.0,5107.5,6.2441948e-05,0.00031220974,0
5110.0,5115.0,5112.5,5.6847508e-05,0.00028423754,0
5115.0,5120.0,5117.5,7.8928664e-05,0.00039464332,0
5120.0,5125.0,5122.5,0.00010093584,0.0005046792,0
5125.0,5130.0,5127.5,5.5116922e-05,0.00027558461,0
5130.0,5135.0,5132.5,8.2121974e-05,0.00041060987,0
5135.0,5140.0,5137.5,7.833038e-05,0.0003916519,0
5140.0,5145.0,5142.5,6.7147332e-05,0.00033573666,0
5145.0,5150.0,5147.5,4.831686e-05,0.0002415843,0
5150.0,5155.0,5152.5,7.319036e-05,0.0003659518,0
5155.0,5160.0,5157.5,8.0488588e-05,0.00040244294,0
5160.0,5165.0,5162.5,8.396462e-05,0.0004198231,0
5165.0,5170.0,5167.5,6.037891e-05,0.00030189455,0
5170.0,5175.0,5172.5,8.941338e-05,0.0004470669,0
5175.0,5180.0,5177.5,8.4334752e-05,0.00042167376,0
5180.0,5185.0,5182.5,7.134418e-05,0.0003567209,0
5185.0,5190.0,5187.5,5.572597e-05,0.00027862985,0
5190.0,5195.0,5192.5,5.668253e-05,0.00028341265,0
5195.0,5200.0,5197.5,7.819458e-05,0.0003909729,0
5200.0,5205.0,5202.5,7.09495e-05,0.0003547475,0
5205.0,5210.0,5207.5,7.458722e-05,0.0003729361,0
5210.0,5215.0,5212.5,7.819758e-05,0.0003909879,0
5215.0,5220.0,5217.5,5.6834922e-05,0.00028417461,0
5220.0,5225.0,5222.5,6.1378334e-05,0.00030689167,0
5225.0,5230.0,5227.5,7.102786e-05,0.0003551393,0
5230.0,5235.0,5232.5,6.2814074e-05,0.00031407037,0
5235.0,5240.0,5237.5,5.2728202e-05,0.00026364101,0
5240.0,5245.0,5242.5,7.7208674e-05,0.00038604337,0
5245.0,5250.0,5247.5,8.1002632e-05,0.00040501316,0
5250.0,5255.0,5252.5,7.8901494e-05,0.00039450747,0
5255.0,5260.0,5257.5,6.4930018e-05,0.00032465009,0
5260.0,5265.0,5262.5,7.8341724e-05,0.00039170862,0
5265.0,5270.0,5267.5,8.656654e-05,0.0004328327,0
5270.0,5275.0,5272.5,6.7495672e-05,0.00033747836,0
5275.0,5280.0,5277.5,7.2243814e-05,0.00036121907,0
5280.0,5285.0,5282.5,5.1080416e-05,0.00025540208,0
5285.0,5290.0,5287.5,5.9614582e-05,0.00029807291,0
5290.0,5295.0,5292.5,6.79637e-05,0.0003398185,0
5295.0,5300.0,5297.5,8.166694e-05,0.0004083347,0
5300.0,5305.0,5302.5,6.585574e-05,0.0003292787,0
5305.0,5310.0,5307.5,8.619574e-05,0.0004309787,0
5310.0,5315.0,5312.5,7.422386e-05,0.0003711193,0
5315.0,5320.0,5317.5,7.361868e-05,0.0003680934,0
5320.0,5325.0,5322.5,6.9693204e-05,0.00034846602,0
5325.0,5330.0,5327.5,8.9372494e-05,0.00044686247,0
5330.0,5335.0,5332.5,8.344488e-05,0.0004172244,0
5335.0,5340.0,5337.5,5.614601e-05,0.00028073005,0
5340.0,5345.0,5342.5,8.647176e-05,0.0004323588,0
5345.0,5350.0,5347.5,7.6004028e-05,0.00038002014,0
5350.0,5355.0,5352.5,7.405184e-05,0.0003702592,0
5355.0,5360.0,5357.5,8.3116334e-05,0.00041558167,0
5360.0,5365.0,5362.5,8.3603722e-05,0.00041801861,0
5365.0,5370.0,5367.5,7.027504e-05,0.0003513752,0
5370.0,5375.0,5372.5,9.37415e-05,0.0004687075,0
5375.0,5380.0,5377.5,7.676802e-05,0.0003838401,0
5380.0,5385.0,5382.5,5.7720058e-05,0.00028860029,0
5385.0,5390.0,5387.5,6.752794e-05,0.0003376397,0
5390.0,5395.0,5392.5,5.4591544e-05,0.00027295772,0
5395.0,5400.0,5397.5,6.1477628e-05,0.00030738814,0
5400.0,5405.0,5402.5,6.9236494e-05,0.00034618247,0
5405.0,5410.0,5407.5,5.2885462e-05,0.00026442731,0
5410.0,5415.0,5412.5,7.6714e-05,0.00038357,0
5415.0,5420.0,5417.5,7.2590464e-05,0.00036295232,0
5420.0,5425.0,5422.5,6.336186e-05,0.0003168093,0
5425.0,5430.0,5427.5,8.500366e-05,0.0004250183,0
5430.0,5435.0,5432.5,6.6152772e-05,0.00033076386,0
5435.0,5440.0,5437.5,9.325166e-05,0.0004662583,0
5440.0,5445.0,5442.5,6.0031482e-05,0.00030015741,0
5445.0,5450.0,5447.5,5.075066e-05,0.0002537533,0
5450.0,5455.0,5452.5,8.866606e-05,0.0004433303,0
5455.0,5460.0,5457.5,6.206104e-05,0.0003103052,0
5460.0,5465.0,5462.5,9.643624e-05,0.0004821812,0
5465.0,5470.0,5467.5,6.91836e-05,0.000345918,0
5470.0,5475.0,5472.5,7.0035208e-05,0.00035017604,0
5475.0,5480.0,5477.5,7.604596e-05,0.0003802298,0
5480.0,5485.0,5482.5,9.455074e-05,0.0004727537,0
5485.0,5490.0,5487.5,7.2212244e-05,0.00036106122,0
5490.0,5495.0,5492.5,7.6445566e-05,0.00038222783,0
5495.0,5500.0,5497.5,8.080804e-05,0.0004040402,0
5500.0,5505.0,5502.5,7.892678e-05,0.0003946339,0
5505.0,5510.0,5507.5,7.6892988e-05,0.00038446494,0
5510.0,5515.0,5512.5,9.334484e-05,0.0004667242,0
5515.0,5520.0,5517.5,8.3567334e-05,0.00041783667,0
5520.0,5525.0,5522.5,6.930344e-05,0.0003465172,0
5525.0,5530.0,5527.5,6.029772e-05,0.0003014886,0
5530.0,5535.0,5532.5,6.494994e-05,0.0003247497,0
5535.0,5540.0,5537.5,8.5098468e-05,0.00042549234,0
5540.0,5545.0,5542.5,7.518142e-05,0.0003759071,0
5545.0,5550.0,5547.5,9.0404e-05,0.00045202,0
5550.0,5555.0,5552.5,7.109552e-05,0.0003554776,0
5555.0,5560.0,5557.5,5.5079228e-05,0.00027539614,0
5560.0,5565.0,5562.5,5.6584794e-05,0.00028292397,0
5565.0,5570.0,5567.5,6.5428148e-05,0.00032714074,0
5570.0,5575.0,5572.5,5.2327362e-05,0.00026163681,0
5575.0,5580.0,5577.5,6.5415486e-05,0.00032707743,0
5580.0,5585.0,5582.5,6.7477e-05,0.000337385,0
5585.0,5590.0,5587.5,8.3596552e-05,0.00041798276,0
5590.0,5595.0,5592.5,7.783578e-05,0.0003891789,0
5595.0,5600.0,5597.5,4.7053128e-05,0.00023526564,0
5600.0,5605.0,5602.5,6.392472e-05,0.0003196236,0
5605.0,5610.0,5607.5,7.1129952e-05,0.00035564976,0
5610.0,5615.0,5612.5,8.97278e-05,0.000448639,0
5615.0,5620.0,5617.5,6.0614386e-05,0.00030307193,0
5620.0,5625.0,5622.5,5.961477e-05,0.00029807385,0
5625.0,5630.0,5627.5,0.00010562102,0.0005281051,0
5630.0,5635.0,5632.5,5.4957502e-05,0.00027478751,0
5635.0,5640.0,5637.5,5.8467646e-05,0.00029233823,0
5640.0,5645.0,5642.5,5.805725e-05,0.00029028625,0
5645.0,5650.0,5647.5,7.676356e-05,0.0003838178,0
5650.0,5655.0,5652.5,7.2483984e-05,0.00036241992,0
5655.0,5660.0,5657.5,7.818366e-05,0.0003909183,0
5660.0,5665.0,5662.5,6.8145262e-05,0.00034072631,0
5665.0,5670.0,5667.5,7.2154154e-05,0.00036077077,0
5670.0,5675.0,5672.5,7.6713874e-05,0.00038356937,0
5675.0,5680.0,5677.5,5.5614646e-05,0.00027807323,0
5680.0,5685.0,5682.5,7.576114e-05,0.0003788057,0
5685.0,5690.0,5687.5,5.127074e-05,0.0002563537,0
5690.0,5695.0,5692.5,7.509596e-05,0.0003754798,0
5695.0,5700.0,5697.5,6.3148668e-05,0.00031574334,0
5700.0,5705.0,5702.5,8.262934e-05,0.0004131467,0
5705.0,5710.0,5707.5,7.1686308e-05,0.00035843154,0
5710.0,5715.0,5712.5,7.1320066e-05,0.00035660033,0
5715.0,5720.0,5717.5,7.214382e-05,0.0003607191,0
5720.0,5725.0,5722.5,8.7334962e-05,0.00043667481,0
5725.0,5730.0,5727.5,7.032819e-05,0.00035164095,0
5730.0,5735.0,5732.5,6.1188266e-05,0.00030594133,0
5735.0,5740.0,5737.5,8.569016e-05,0.0004284508,0
5740.0,5745.0,5742.5,6.880118e-05,0.0003440059,0
5745.0,5750.0,5747.5,6.376304e-05,0.0003188152,0
5750.0,5755.0,5752.5,6.4232754e-05,0.00032116377,0
5755.0,5760.0,5757.5,7.113866e-05,0.0003556933,0
5760.0,5765.0,5762.5,4.046742e-05,0.0002023371,0
5765.0,5770.0,5767.5,6.3645608e-05,0.00031822804,0
5770.0,5775.0,5772.5,5.719468e-05,0.0002859734,0
5775.0,5780.0,5777.5,8.25514e-05,0.000412757,0
5780.0,5785.0,5782.5,5.145531e-05,0.00025727655,0
5785.0,5790.0,5787.5,7.7737962e-05,0.00038868981,0
5790.0,5795.0,5792.5,6.739226e-05,0.0003369613,0
5795.0,5800.0,5797.5,6.383108e-05,0.0003191554,0
5800.0,5805.0,5802.5,7.286184e-05,0.0003643092,0
5805.0,5810.0,5807.5,8.467954e-05,0.0004233977,0
5810.0,5815.0,5812.5,4.9102316e-05,0.00024551158,0
5815.0,5820.0,5817.5,9.45334e-05,0.000472667,0
5820.0,5825.0,5822.5,6.200182e-05,0.0003100091,0
5825.0,5830.0,5827.5,5.0244996e-05,0.00025122498,0
5830.0,5835.0,5832.5,5.8795048e-05,0.00029397524,0
5835.0,5840.0,5837.5,7.4350314e-05,0.00037175157,0
5840.0,5845.0,5842.5,6.690664e-05,0.0003345332,0
5845.0,5850.0,5847.5,7.468652e-05,0.0003734326,0
5850.0,5855.0,5852.5,6.0638598e-05,0.00030319299,0
5855.0,5860.0,5857.5,8.1286372e-05,0.00040643186,0
5860.0,5865.0,5862.5,5.67354e-05,0.000283677,0
5865.0,5870.0,5867.5,6.129617e-05,0.00030648085,0
5870.0,5875.0,5872.5,8.3873192e-05,0.00041936596,0
5875.0,5880.0,5877.5,7.3316728e-05,0.00036658364,0
5880.0,5885.0,5882.5,7.305714e-05,0.0003652857,0
5885.0,5890.0,5887.5,6.2399046e-05,0.00031199523,0
5890.0,5895.0,5892.5,5.2943602e-05,0.00026471801,0
5895.0,5900.0,5897.5,4.5871852e-05,0.00022935926,0
5900.0,5905.0,5902.5,5.8628974e-05,0.00029314487,0
5905.0,5910.0,5907.5,6.02027e-05,0.0003010135,0
5910.0,5915.0,5912.5,6.92151e-05,0.0003460755,0
5915.0,5920.0,5917.5,7.788554e-05,0.0003894277,0
5920.0,5925.0,5922.5,7.8123954e-05,0.00039061977,0
5925.0,5930.0,5927.5,7.5374572e-05,0.00037687286,0
5930.0,5935.0,5932.5,4.4666578e-05,0.00022333289,0
5935.0,5940.0,5937.5,8.3399806e-05,0.00041699903,0
5940.0,5945.0,5942.5,7.242846e-05,0.0003621423,0
5945.0,5950.0,5947.5,7.450882e-05,0.0003725441,0
5950.0,5955.0,5952.5,7.5398142e-05,0.00037699071,0
5955.0,5960.0,5957.5,5.11128e-05,0.000255564,0
5960.0,5965.0,5962.5,6.8073994e-05,0.00034036997,0
5965.0,5970.0,5967.5,7.001573e-05,0.00035007865,0
5970.0,5975.0,5972.5,7.8236064e-05,0.00039118032,0
5975.0,5980.0,5977.5,6.020226e-05,0.0003010113,0
5980.0,5985.0,5982.5,7.4153782e-05,0.00037076891,0
5985.0,5990.0,5987.5,8.002146e-05,0.0004001073,0
5990.0,5995.0,5992.5,7.7632962e-05,0.00038816481,0
5995.0,6000.0,5997.5,8.156364e-05,0.0004078182,0
6000.0,6005.0,6002.5,7.4106034e-05,0.00037053017,0
6005.0,6010.0,6007.5,6.5946094e-05,0.00032973047,0
6010.0,6015.0,6012.5,6.898812e-05,0.0003449406,0
6015.0,6020.0,6017.5,7.50984e-05,0.000375492,0
6020.0,6025.0,6022.5,5.6408892e-05,0.00028204446,0
6025.0,6030.0,6027.5,8.2276954e-05,0.00041138477,0
6030.0,6035.0,6032.5,8.8054528e-05,0.00044027264,0
6035.0,6040.0,6037.5,5.7900192e-05,0.00028950096,0
6040.0,6045.0,6042.5,6.2333216e-05,0.00031166608,0
6045.0,6050.0,6047.5,5.9736272e-05,0.00029868136,0
6050.0,6055.0,6052.5,5.4478078e-05,0.00027239039,0
6055.0,6060.0,6057.5,6.249721e-05,0.00031248605,0
6060.0,6065.0,6062.5,4.1966634e-05,0.00020983317,0
6065.0,6070.0,6067.5,5.1109162e-05,0.00025554581,0
6070.0,6075.0,6072.5,5.3301334e-05,0.00026650667,0
6075.0,6080.0,6077.5,5.1461908e-05,0.00025730954,0
6080.0,6085.0,6082.5,8.673486e-05,0.0004336743,0
6085.0,6090.0,6087.5,7.663374e-05,0.0003831687,0
6090.0,6095.0,6092.5,7.0713222e-05,0.00035356611,0
6095.0,6100.0,6097.5,8.180908e-05,0.0004090454,0
6100.0,6105.0,6102.5,5.661266e-05,0.0002830633,0
6105.0,6110.0,6107.5,5.2119914e-05,0.00026059957,0
6110.0,6115.0,6112.5,8.125274e-05,0.0004062637,0
6115.0,6120.0,6117.5,4.1572856e-05,0.00020786428,0
6120.0,6125.0,6122.5,7.3587288e-05,0.00036793644,0
6125.0,6130.0,6127.5,5.1024536e-05,0.00025512268,0
6130.0,6135.0,6132.5,6.5041238e-05,0.00032520619,0
6135.0,6140.0,6137.5,4.932236e-05,0.0002466118,0
6140.0,6145.0,6142.5,6.7088922e-05,0.00033544461,0
6145.0,6150.0,6147.5,7.3622178e-05,0.00036811089,0
6150.0,6155.0,6152.5,6.1370766e-05,0.00030685383,0
6155.0,6160.0,6157.5,6.716794e-05,0.0003358397,0
6160.0,6165.0,6162.5,6.079892e-05,0.0003039946,0
6165.0,6170.0,6167.5,7.3765354e-05,0.00036882677,0
6170.0,6175.0,6172.5,7.13098e-05,0.000356549,0
6175.0,6180.0,6177.5,5.1478682e-05,0.00025739341,0
6180.0,6185.0,6182.5,7.614416e-05,0.0003807208,0
6185.0,6190.0,6187.5,6.153538e-05,0.0003076769,0
6190.0,6195.0,6192.5,4.580919e-05,0.00022904595,0
6195.0,6200.0,6197.5,5.0943168e-05,0.00025471584,0
6200.0,6205.0,6202.5,7.459522e-05,0.0003729761,0
6205.0,6210.0,6207.5,9.1565394e-05,0.00045782697,0
6210.0,6215.0,6212.5,5.6678872e-05,0.00028339436,0
6215.0,6220.0,6217.5,6.4881248e-05,0.00032440624,0
6220.0,6225.0,6222.5,7.7561328e-05,0.00038780664,0
6225.0,6230.0,6227.5,8.260862e-05,0.0004130431,0
6230.0,6235.0,6232.5,5.830148e-05,0.0002915074,0
6235.0,6240.0,6237.5,5.1586988e-05,0.00025793494,0
6240.0,6245.0,6242.5,7.4986584e-05,0.00037493292,0
6245.0,6250.0,6247.5,6.7863188e-05,0.00033931594,0
6250.0,6255.0,6252.5,6.1450846e-05,0.00030725423,0
6255.0,6260.0,6257.5,7.24168e-05,0.000362084,0
6260.0,6265.0,6262.5,6.99033e-05,0.0003495165,0
6265.0,6270.0,6267.5,7.61569e-05,0.0003807845,0
6270.0,6275.0,6272.5,9.610198e-05,0.0004805099,0
6275.0,6280.0,6277.5,5.0107748e-05,0.00025053874,0
6280.0,6285.0,6282.5,7.827636e-05,0.0003913818,0
6285.0,6290.0,6287.5,4.5287494e-05,0.00022643747,0
6290.0,6295.0,6292.5,4.9677456e-05,0.00024838728,0
6295.0,6300.0,6297.5,7.5829632e-05,0.00037914816,0
6300.0,6305.0,6302.5,6.548574e-05,0.0003274287,0
6305.0,6310.0,6307.5,6.0232552e-05,0.00030116276,0
6310.0,6315.0,6312.5,6.677002e-05,0.0003338501,0
6315.0,6320.0,6317.5,7.01555e-05,0.0003507775,0
6320.0,6325.0,6322.5,5.631506e-05,0.0002815753,0
6325.0,6330.0,6327.5,6.8857528e-05,0.00034428764,0
6330.0,6335.0,6332.5,4.141096e-05,0.0002070548,0
6335.0,6340.0,6337.5,6.1567792e-05,0.00030783896,0
6340.0,6345.0,6342.5,7.466288e-05,0.0003733144,0
6345.0,6350.0,6347.5,6.0084076e-05,0.00030042038,0
6350.0,6355.0,6352.5,9.371592e-05,0.0004685796,0
6355.0,6360.0,6357.5,7.106859e-05,0.00035534295,0
6360.0,6365.0,6362.5,7.1163404e-05,0.00035581702,0
6365.0,6370.0,6367.5,9.606754e-05,0.0004803377,0
6370.0,6375.0,6372.5,6.9828294e-05,0.00034914147,0
6375.0,6380.0,6377.5,6.087402e-05,0.0003043701,0
6380.0,6385.0,6382.5,6.3418174e-05,0.00031709087,0
6385.0,6390.0,6387.5,6.474308e-05,0.0003237154,0
6390.0,6395.0,6392.5,6.609988e-05,0.0003304994,0
6395.0,6400.0,6397.5,7.8548692e-05,0.00039274346,0
6400.0,6405.0,6402.5,8.2036574e-05,0.00041018287,0
6405.0,6410.0,6407.5,4.6658316e-05,0.00023329158,0
6410.0,6415.0,6412.5,6.608434e-05,0.0003304217,0
6415.0,6420.0,6417.5,6.3443736e-05,0.00031721868,0
6420.0,6425.0,6422.5,5.1770426e-05,0.00025885213,0
6425.0,6430.0,6427.5,6.7033576e-05,0.00033516788,0
6430.0,6435.0,6432.5,5.0211484e-05,0.00025105742,0
6435.0,6440.0,6437.5,5.6741848e-05,0.00028370924,0
6440.0,6445.0,6442.5,7.3153338e-05,0.00036576669,0
6445.0,6450.0,6447.5,4.0500828e-05,0.00020250414,0
6450.0,6455.0,6452.5,5.6527494e-05,0.00028263747,0
6455.0,6460.0,6457.5,5.9914362e-05,0.00029957181,0
6460.0,6465.0,6462.5,6.3324928e-05,0.00031662464,0
6465.0,6470.0,6467.5,4.7895974e-05,0.00023947987,0
6470.0,6475.0,6472.5,4.7175682e-05,0.00023587841,0
6475.0,6480.0,6477.5,6.0275522e-05,0.00030137761,0
6480.0,6485.0,6482.5,5.6881766e-05,0.00028440883,0
6485.0,6490.0,6487.5,5.988883e-05,0.00029944415,0
6490.0,6495.0,6492.5,6.784696e-05,0.0003392348,0
6495.0,6500.0,6497.5,6.568075e-05,0.00032840375,0
6500.0,6505.0,6502.5,5.0767408e-05,0.00025383704,0
6505.0,6510.0,6507.5,6.680494e-05,0.0003340247,0
6510.0,6515.0,6512.5,6.53428e-05,0.000326714,0
6515.0,6520.0,6517.5,4.5799736e-05,0.00022899868,0
6520.0,6525.0,6522.5,6.411676e-05,0.0003205838,0
6525.0,6530.0,6527.5,6.5468598e-05,0.00032734299,0
6530.0,6535.0,6532.5,6.3435786e-05,0.00031717893,0
6535.0,6540.0,6537.5,8.441714e-05,0.0004220857,0
6540.0,6545.0,6542.5,7.537338e-05,0.0003768669,0
6545.0,6550.0,6547.5,6.5546082e-05,0.00032773041,0
6550.0,6555.0,6552.5,5.4431088e-05,0.00027215544,0
6555.0,6560.0,6557.5,7.611212e-05,0.0003805606,0
6560.0,6565.0,6562.5,5.852892e-05,0.0002926446,0
6565.0,6570.0,6567.5,5.4869488e-05,0.00027434744,0
6570.0,6575.0,6572.5,6.7821286e-05,0.00033910643,0
6575.0,6580.0,6577.5,6.6774194e-05,0.00033387097,0
6580.0,6585.0,6582.5,6.685256e-05,0.0003342628,0
6585.0,6590.0,6587.5,5.5376954e-05,0.00027688477,0
6590.0,6595.0,6592.5,7.0861712e-05,0.00035430856,0
6595.0,6600.0,6597.5,7.258741e-05,0.00036293705,0
6600.0,6605.0,6602.5,5.564882e-05,0.0002782441,0
6605.0,6610.0,6607.5,6.7749792e-05,0.00033874896,0
6610.0,6615.0,6612.5,8.330658e-05,0.0004165329,0
6615.0,6620.0,6617.5,6.0805682e-05,0.00030402841,0
6620.0,6625.0,6622.5,8.0546222e-05,0.00040273111,0
6625.0,6630.0,6627.5,7.59168e-05,0.000379584,0
6630.0,6635.0,6632.5,6.6885398e-05,0.00033442699,0
6635.0,6640.0,6637.5,7.121514e-05,0.0003560757,0
6640.0,6645.0,6642.5,4.9364114e-05,0.00024682057,0
6645.0,6650.0,6647.5,7.195964e-05,0.0003597982,0
6650.0,6655.0,6652.5,5.205512e-05,0.0002602756,0
6655.0,6660.0,6657.5,7.1102154e-05,0.00035551077,0
6660.0,6665.0,6662.5,7.930852e-05,0.0003965426,0
6665.0,6670.0,6667.5,7.1923322e-05,0.00035961661,0
6670.0,6675.0,6672.5,6.1807708e-05,0.00030903854,0
6675.0,6680.0,6677.5,5.613135e-05,0.00028065675,0
6680.0,6685.0,6682.5,5.4485292e-05,0.00027242646,0
6685.0,6690.0,6687.5,7.0311148e-05,0.00035155574,0
6690.0,6695.0,6692.5,5.3363512e-05,0.00026681756,0
6695.0,6700.0,6697.5,5.4944688e-05,0.00027472344,0
6700.0,6705.0,6702.5,9.324072e-05,0.0004662036,0
6705.0,6710.0,6707.5,6.6472232e-05,0.00033236116,0
6710.0,6715.0,6712.5,5.8395108e-05,0.00029197554,0
6715.0,6720.0,6717.5,6.5728834e-05,0.00032864417,0
6720.0,6725.0,6722.5,4.885788e-05,0.0002442894,0
6725.0,6730.0,6727.5,5.6786578e-05,0.00028393289,0
6730.0,6735.0,6732.5,4.766367e-05,0.00023831835,0
6735.0,6740.0,6737.5,5.65651e-05,0.0002828255,0
6740.0,6745.0,6742.5,6.5593468e-05,0.00032796734,0
6745.0,6750.0,6747.5,5.49889e-05,0.0002749445,0
6750.0,6755.0,6752.5,6.558896e-05,0.0003279448,0
6755.0,6760.0,6757.5,7.8125254e-05,0.00039062627,0
6760.0,6765.0,6762.5,6.6852662e-05,0.00033426331,0
6765.0,6770.0,6767.5,7.982342e-05,0.0003991171,0
6770.0,6775.0,6772.5,6.5941974e-05,0.00032970987,0
6775.0,6780.0,6777.5,6.872294e-05,0.0003436147,0
6780.0,6785.0,6782.5,7.719814e-05,0.0003859907,0
6785.0,6790.0,6787.5,5.6038382e-05,0.00028019191,0
6790.0,6795.0,6792.5,7.8427108e-05,0.00039213554,0
6795.0,6800.0,6797.5,6.1478032e-05,0.00030739016,0
6800.0,6805.0,6802.5,6.1442786e-05,0.00030721393,0
6805.0,6810.0,6807.5,6.6545368e-05,0.00033272684,0
6810.0,6815.0,6812.5,7.3671674e-05,0.00036835837,0
6815.0,6820.0,6817.5,6.8760154e-05,0.00034380077,0
6820.0,6825.0,6822.5,5.9667568e-05,0.00029833784,0
6825.0,6830.0,6827.5,5.7045764e-05,0.00028522882,0
6830.0,6835.0,6832.5,5.718696e-05,0.0002859348,0
6835.0,6840.0,6837.5,5.8536978e-05,0.00029268489,0
6840.0,6845.0,6842.5,4.9480552e-05,0.00024740276,0
6845.0,6850.0,6847.5,7.733242e-05,0.0003866621,0
6850.0,6855.0,6852.5,7.4646608e-05,0.00037323304,0
6855.0,6860.0,6857.5,6.444686e-05,0.0003222343,0
6860.0,6865.0,6862.5,6.9574274e-05,0.00034787137,0
6865.0,6870.0,6867.5,5.364144e-05,0.0002682072,0
6870.0,6875.0,6872.5,6.49808e-05,0.000324904,0
6875.0,6880.0,6877.5,4.0049488e-05,0.00020024744,0
6880.0,6885.0,6882.5,6.0326188e-05,0.00030163094,0
6885.0,6890.0,6887.5,6.811408e-05,0.0003405704,0
6890.0,6895.0,6892.5,6.66099e-05,0.0003330495,0
6895.0,6900.0,6897.5,6.780136e-05,0.0003390068,0
6900.0,6905.0,6902.5,6.5938522e-05,0.00032969261,0
6905.0,6910.0,6907.5,5.3899834e-05,0.00026949917,0
6910.0,6915.0,6912.5,6.5717434e-05,0.00032858717,0
6915.0,6920.0,6917.5,6.1729186e-05,0.00030864593,0
6920.0,6925.0,6922.5,6.0864714e-05,0.00030432357,0
6925.0,6930.0,6927.5,4.5273988e-05,0.00022636994,0
6930.0,6935.0,6932.5,7.5637914e-05,0.00037818957,0
6935.0,6940.0,6937.5,4.574419e-05,0.00022872095,0
6940.0,6945.0,6942.5,8.1733904e-05,0.00040866952,0
6945.0,6950.0,6947.5,3.3378412e-05,0.00016689206,0
6950.0,6955.0,6952.5,6.9349074e-05,0.00034674537,0
6955.0,6960.0,6957.5,5.1006134e-05,0.00025503067,0
6960.0,6965.0,6962.5,7.6865782e-05,0.00038432891,0
6965.0,6970.0,6967.5,5.447106e-05,0.0002723553,0
6970.0,6975.0,6972.5,5.5721806e-05,0.00027860903,0
6975.0,6980.0,6977.5,5.5129946e-05,0.00027564973,0
6980.0,6985.0,6982.5,5.7898554e-05,0.00028949277,0
6985.0,6990.0,6987.5,6.38556e-05,0.000319278,0
6990.0,6995.0,6992.5,6.393294e-05,0.0003196647,0
6995.0,7000.0,6997.5,7.189226e-05,0.0003594613,0
7000.0,7005.0,7002.5,6.7683736e-05,0.00033841868,0
7005.0,7010.0,7007.5,4.3011462e-05,0.00021505731,0
7010.0,7015.0,7012.5,6.808798e-05,0.0003404399,0
7015.0,7020.0,7017.5,5.2181562e-05,0.00026090781,0
7020.0,7025.0,7022.5,6.7577028e-05,0.00033788514,0
7025.0,7030.0,7027.5,7.0907054e-05,0.00035453527,0
7030.0,7035.0,7032.5,8.863052e-05,0.0004431526,0
7035.0,7040.0,7037.5,4.6265294e-05,0.00023132647,0
7040.0,7045.0,7042.5,6.3881542e-05,0.00031940771,0
7045.0,7050.0,7047.5,6.3920248e-05,0.00031960124,0
7050.0,7055.0,7052.5,5.219277e-05,0.00026096385,0
7055.0,7060.0,7057.5,3.5282796e-05,0.00017641398,0
7060.0,7065.0,7062.5,4.5193314e-05,0.00022596657,0
7065.0,7070.0,7067.5,3.838816e-05,0.0001919408,0
7070.0,7075.0,7072.5,4.6439868e-05,0.00023219934,0
7075.0,7080.0,7077.5,5.0829146e-05,0.00025414573,0
7080.0,7085.0,7082.5,6.2589214e-05,0.00031294607,0
7085.0,7090.0,7087.5,6.3628828e-05,0.00031814414,0
7090.0,7095.0,7092.5,7.00779e-05,0.0003503895,0
7095.0,7100.0,7097.5,6.3514306e-05,0.00031757153,0
7100.0,7105.0,7102.5,5.4332886e-05,0.00027166443,0
7105.0,7110.0,7107.5,5.1083254e-05,0.00025541627,0
7110.0,7115.0,7112.5,5.8614274e-05,0.00029307137,0
7115.0,7120.0,7117.5,6.5827548e-05,0.00032913774,0
7120.0,7125.0,7122.5,5.4856438e-05,0.00027428219,0
7125.0,7130.0,7127.5,4.5744484e-05,0.00022872242,0
7130.0,7135.0,7132.5,5.22381e-05,0.0002611905,0
7135.0,7140.0,7137.5,6.159882e-05,0.0003079941,0
7140.0,7145.0,7142.5,6.3353188e-05,0.00031676594,0
7145.0,7150.0,7147.5,6.7498986e-05,0.00033749493,0
7150.0,7155.0,7152.5,4.79386e-05,0.000239693,0
7155.0,7160.0,7157.5,6.209324e-05,0.0003104662,0
7160.0,7165.0,7162.5,7.5598e-05,0.00037799,0
7165.0,7170.0,7167.5,4.479866e-05,0.0002239933,0
7170.0,7175.0,7172.5,5.1502568e-05,0.00025751284,0
7175.0,7180.0,7177.5,6.2293174e-05,0.00031146587,0
7180.0,7185.0,7182.5,8.0064468e-05,0.00040032234,0
7185.0,7190.0,7187.5,5.6728908e-05,0.00028364454,0
7190.0,7195.0,7192.5,5.61036e-05,0.000280518,0
7195.0,7200.0,7197.5,6.694844e-05,0.0003347422,0
7200.0,7205.0,7202.5,5.49623e-05,0.0002748115,0
7205.0,7210.0,7207.5,5.8255124e-05,0.00029127562,0
7210.0,7215.0,7212.5,4.8714694e-05,0.00024357347,0
7215.0,7220.0,7217.5,4.536596e-05,0.0002268298,0
7220.0,7225.0,7222.5,7.53371e-05,0.0003766855,0
7225.0,7230.0,7227.5,4.666444e-05,0.0002333222,0
7230.0,7235.0,7232.5,4.4282842e-05,0.00022141421,0
7235.0,7240.0,7237.5,5.9737062e-05,0.00029868531,0
7240.0,7245.0,7242.5,5.53712e-05,0.000276856,0
7245.0,7250.0,7247.5,5.5769054e-05,0.00027884527,0
7250.0,7255.0,7252.5,7.73212e-05,0.000386606,0
7255.0,7260.0,7257.5,7.0191412e-05,0.00035095706,0
7260.0,7265.0,7262.5,6.1355894e-05,0.00030677947,0
7265.0,7270.0,7267.5,5.8592428e-05,0.00029296214,0
7270.0,7275.0,7272.5,6.5486748e-05,0.00032743374,0
7275.0,7280.0,7277.5,5.1803936e-05,0.00025901968,0
7280.0,7285.0,7282.5,7.24478e-05,0.000362239,0
7285.0,7290.0,7287.5,6.726762e-05,0.0003363381,0
7290.0,7295.0,7292.5,5.10779e-05,0.0002553895,0
7295.0,7300.0,7297.5,6.773798e-05,0.0003386899,0
7300.0,7305.0,7302.5,4.6634514e-05,0.00023317257,0
7305.0,7310.0,7307.5,6.493378e-05,0.0003246689,0
7310.0,7315.0,7312.5,5.7240682e-05,0.00028620341,0
7315.0,7320.0,7317.5,5.5338908e-05,0.00027669454,0
7320.0,7325.0,7322.5,4.4190328e-05,0.00022095164,0
7325.0,7330.0,7327.5,8.5014248e-05,0.00042507124,0
7330.0,7335.0,7332.5,7.4911754e-05,0.00037455877,0
7335.0,7340.0,7337.5,5.97644e-05,0.000298822,0
7340.0,7345.0,7342.5,5.9986766e-05,0.00029993383,0
7345.0,7350.0,7347.5,5.2740268e-05,0.00026370134,0
7350.0,7355.0,7352.5,4.8331614e-05,0.00024165807,0
7355.0,7360.0,7357.5,5.7441868e-05,0.00028720934,0
7360.0,7365.0,7362.5,5.2331986e-05,0.00026165993,0
7365.0,7370.0,7367.5,4.0475656e-05,0.00020237828,0
7370.0,7375.0,7372.5,5.7232922e-05,0.00028616461,0
7375.0,7380.0,7377.5,6.0061532e-05,0.00030030766,0
7380.0,7385.0,7382.5,6.0313808e-05,0.00030156904,0
7385.0,7390.0,7387.5,5.59209e-05,0.0002796045,0
7390.0,7395.0,7392.5,4.1912642e-05,0.00020956321,0
7395.0,7400.0,7397.5,5.1568344e-05,0.00025784172,0
7400.0,7405.0,7402.5,6.1713532e-05,0.00030856766,0
7405.0,7410.0,7407.5,3.7411504e-05,0.00018705752,0
7410.0,7415.0,7412.5,4.7951924e-05,0.00023975962,0
7415.0,7420.0,7417.5,4.7589716e-05,0.00023794858,0
7420.0,7425.0,7422.5,5.5575898e-05,0.00027787949,0
7425.0,7430.0,7427.5,5.2638864e-05,0.00026319432,0
7430.0,7435.0,7432.5,4.7478634e-05,0.00023739317,0
7435.0,7440.0,7437.5,6.12954e-05,0.000306477,0
7440.0,7445.0,7442.5,6.746204e-05,0.0003373102,0
7445.0,7450.0,7447.5,5.6019756e-05,0.00028009878,0
7450.0,7455.0,7452.5,4.1651168e-05,0.00020825584,0
7455.0,7460.0,7457.5,6.1048538e-05,0.00030524269,0
7460.0,7465.0,7462.5,5.1442668e-05,0.00025721334,0
7465.0,7470.0,7467.5,6.036724e-05,0.0003018362,0
7470.0,7475.0,7472.5,4.6439104e-05,0.00023219552,0
7475.0,7480.0,7477.5,5.4230078e-05,0.00027115039,0
7480.0,7485.0,7482.5,5.8931574e-05,0.00029465787,0
7485.0,7490.0,7487.5,6.100306e-05,0.0003050153,0
7490.0,7495.0,7492.5,4.7914708e-05,0.00023957354,0
7495.0,7500.0,7497.5,6.3150214e-05,0.00031575107,0
7500.0,7505.0,7502.5,6.560476e-05,0.0003280238,0
7505.0,7510.0,7507.5,6.9703928e-05,0.00034851964,0
7510.0,7515.0,7512.5,5.4907816e-05,0.00027453908,0
7515.0,7520.0,7517.5,4.6825422e-05,0.00023412711,0
7520.0,7525.0,7522.5,5.8037866e-05,0.00029018933,0
7525.0,7530.0,7527.5,6.0672948e-05,0.00030336474,0
7530.0,7535.0,7532.5,6.5745334e-05,0.00032872667,0
7535.0,7540.0,7537.5,5.8989312e-05,0.00029494656,0
7540.0,7545.0,7542.5,8.687848e-05,0.0004343924,0
7545.0,7550.0,7547.5,6.1953532e-05,0.00030976766,0
7550.0,7555.0,7552.5,4.0660568e-05,0.00020330284,0
7555.0,7560.0,7557.5,5.828174e-05,0.0002914087,0
7560.0,7565.0,7562.5,6.774034e-05,0.0003387017,0
7565.0,7570.0,7567.5,6.1894232e-05,0.00030947116,0
7570.0,7575.0,7572.5,7.0983392e-05,0.00035491696,0
7575.0,7580.0,7577.5,5.1675332e-05,0.00025837666,0
7580.0,7585.0,7582.5,5.3251332e-05,0.00026625666,0
7585.0,7590.0,7587.5,5.584256e-05,0.0002792128,0
7590.0,7595.0,7592.5,5.7130254e-05,0.00028565127,0
7595.0,7600.0,7597.5,7.1946092e-05,0.00035973046,0
7600.0,7605.0,7602.5,3.5524794e-05,0.00017762397,0
7605.0,7610.0,7607.5,4.8742518e-05,0.00024371259,0
7610.0,7615.0,7612.5,4.7018858e-05,0.00023509429,0
7615.0,7620.0,7617.5,5.0322726e-05,0.00025161363,0
7620.0,7625.0,7622.5,5.29006e-05,0.000264503,0
7625.0,7630.0,7627.5,7.230205e-05,0.00036151025,0
7630.0,7635.0,7632.5,5.6670292e-05,0.00028335146,0
7635.0,7640.0,7637.5,6.5095276e-05,0.00032547638,0
7640.0,7645.0,7642.5,6.8293182e-05,0.00034146591,0
7645.0,7650.0,7647.5,5.0898512e-05,0.00025449256,0
7650.0,7655.0,7652.5,6.0858124e-05,0.00030429062,0
7655.0,7660.0,7657.5,5.262341e-05,0.00026311705,0
7660.0,7665.0,7662.5,5.2566668e-05,0.00026283334,0
7665.0,7670.0,7667.5,5.7453854e-05,0.00028726927,0
7670.0,7675.0,7672.5,6.76219e-05,0.0003381095,0
7675.0,7680.0,7677.5,6.185412e-05,0.0003092706,0
7680.0,7685.0,7682.5,4.8189354e-05,0.00024094677,0
7685.0,7690.0,7687.5,5.081126e-05,0.0002540563,0
7690.0,7695.0,7692.5,4.5248694e-05,0.00022624347,0
7695.0,7700.0,7697.5,5.1420442e-05,0.00025710221,0
7700.0,7705.0,7702.5,4.2298484e-05,0.00021149242,0
7705.0,7710.0,7707.5,4.7899412e-05,0.00023949706,0
7710.0,7715.0,7712.5,5.114092e-05,0.0002557046,0
7715.0,7720.0,7717.5,5.0284444e-05,0.00025142222,0
7720.0,7725.0,7722.5,5.1956714e-05,0.00025978357,0
7725.0,7730.0,7727.5,7.214152e-05,0.0003607076,0
7730.0,7735.0,7732.5,5.8910762e-05,0.00029455381,0
7735.0,7740.0,7737.5,5.2665236e-05,0.00026332618,0
7740.0,7745.0,7742.5,5.2578536e-05,0.00026289268,0
7745.0,7750.0,7747.5,6.2986492e-05,0.00031493246,0
7750.0,7755.0,7752.5,5.095015e-05,0.00025475075,0
7755.0,7760.0,7757.5,3.5065602e-05,0.00017532801,0
7760.0,7765.0,7762.5,5.6281688e-05,0.00028140844,0
7765.0,7770.0,7767.5,5.8540446e-05,0.00029270223,0
7770.0,7775.0,7772.5,4.596761e-05,0.00022983805,0
7775.0,7780.0,7777.5,5.8149092e-05,0.00029074546,0
7780.0,7785.0,7782.5,4.993854e-05,0.0002496927,0
7785.0,7790.0,7787.5,6.557698e-05,0.0003278849,0
7790.0,7795.0,7792.5,7.4150958e-05,0.00037075479,0
7795.0,7800.0,7797.5,4.261949e-05,0.00021309745,0
7800.0,7805.0,7802.5,4.8899346e-05,0.00024449673,0
7805.0,7810.0,7807.5,4.6369076e-05,0.00023184538,0
7810.0,7815.0,7812.5,5.7486092e-05,0.00028743046,0
7815.0,7820.0,7817.5,4.6684678e-05,0.00023342339,0
7820.0,7825.0,7822.5,5.2156054e-05,0.00026078027,0
7825.0,7830.0,7827.5,4.1064368e-05,0.00020532184,0
7830.0,7835.0,7832.5,5.5469904e-05,0.00027734952,0
7835.0,7840.0,7837.5,6.0898312e-05,0.00030449156,0
7840.0,7845.0,7842.5,6.100822e-05,0.0003050411,0
7845.0,7850.0,7847.5,4.8072334e-05,0.00024036167,0
7850.0,7855.0,7852.5,5.735265e-05,0.00028676325,0
7855.0,7860.0,7857.5,7.2021352e-05,0.00036010676,0
7860.0,7865.0,7862.5,5.4609136e-05,0.00027304568,0
7865.0,7870.0,7867.5,5.347856e-05,0.0002673928,0
7870.0,7875.0,7872.5,4.1832114e-05,0.00020916057,0
7875.0,7880.0,7877.5,6.577844e-05,0.0003288922,0
7880.0,7885.0,7882.5,5.9726708e-05,0.00029863354,0
7885.0,7890.0,7887.5,6.376842e-05,0.0003188421,0
7890.0,7895.0,7892.5,6.044119e-05,0.00030220595,0
7895.0,7900.0,7897.5,6.7654634e-05,0.00033827317,0
7900.0,7905.0,7902.5,5.80462e-05,0.000290231,0
7905.0,7910.0,7907.5,4.2975782e-05,0.00021487891,0
7910.0,7915.0,7912.5,5.8693876e-05,0.00029346938,0
7915.0,7920.0,7917.5,5.825602e-05,0.0002912801,0
7920.0,7925.0,7922.5,3.7603182e-05,0.00018801591,0
7925.0,7930.0,7927.5,5.1162312e-05,0.00025581156,0
7930.0,7935.0,7932.5,6.9138352e-05,0.00034569176,0
7935.0,7940.0,7937.5,3.1500408e-05,0.00015750204,0
7940.0,7945.0,7942.5,4.9487754e-05,0.00024743877,0
7945.0,7950.0,7947.5,5.6518372e-05,0.00028259186,0
7950.0,7955.0,7952.5,4.360885e-05,0.00021804425,0
7955.0,7960.0,7957.5,4.6911962e-05,0.00023455981,0
7960.0,7965.0,7962.5,6.6801312e-05,0.00033400656,0
7965.0,7970.0,7967.5,6.39935e-05,0.0003199675,0
7970.0,7975.0,7972.5,6.5106992e-05,0.00032553496,0
7975.0,7980.0,7977.5,4.4606642e-05,0.00022303321,0
7980.0,7985.0,7982.5,4.2184964e-05,0.00021092482,0
7985.0,7990.0,7987.5,5.1272504e-05,0.00025636252,0
7990.0,7995.0,7992.5,5.8179908e-05,0.00029089954,0
7995.0,8000.0,7997.5,4.773978e-05,0.0002386989,0
8000.0,8005.0,8002.5,5.380612e-05,0.0002690306,0
8005.0,8010.0,8007.5,5.4671846e-05,0.00027335923,0
8010.0,8015.0,8012.5,5.8629634e-05,0.00029314817,0
8015.0,8020.0,8017.5,5.1668108e-05,0.00025834054,0
8020.0,8025.0,8022.5,4.5465404e-05,0.00022732702,0
8025.0,8030.0,8027.5,5.2414874e-05,0.00026207437,0
8030.0,8035.0,8032.5,4.0687374e-05,0.00020343687,0
8035.0,8040.0,8037.5,4.1876386e-05,0.00020938193,0
8040.0,8045.0,8042.5,5.491848e-05,0.0002745924,0
8045.0,8050.0,8047.5,6.8148874e-05,0.00034074437,0
8050.0,8055.0,8052.5,5.2980048e-05,0.00026490024,0
8055.0,8060.0,8057.5,5.6358854e-05,0.00028179427,0
8060.0,8065.0,8062.5,5.6680992e-05,0.00028340496,0
8065.0,8070.0,8067.5,6.7490752e-05,0.00033745376,0
8070.0,8075.0,8072.5,6.0648934e-05,0.00030324467,0
8075.0,8080.0,8077.5,4.216708e-05,0.0002108354,0
8080.0,8085.0,8082.5,4.8110322e-05,0.00024055161,0
8085.0,8090.0,8087.5,5.5038226e-05,0.00027519113,0
8090.0,8095.0,8092.5,5.0212652e-05,0.00025106326,0
8095.0,8100.0,8097.5,7.6050694e-05,0.00038025347,0
8100.0,8105.0,8102.5,5.482256e-05,0.0002741128,0
8105.0,8110.0,8107.5,7.0553722e-05,0.00035276861,0
8110.0,8115.0,8112.5,6.2777986e-05,0.00031388993,0
8115.0,8120.0,8117.5,5.2522954e-05,0.00026261477,0
8120.0,8125.0,8122.5,5.878858e-05,0.0002939429,0
8125.0,8130.0,8127.5,4.5996664e-05,0.00022998332,0
8130.0,8135.0,8132.5,4.0938962e-05,0.00020469481,0
8135.0,8140.0,8137.5,2.8308156e-05,0.00014154078,0
8140.0,8145.0,8142.5,2.8016862e-05,0.00014008431,0
8145.0,8150.0,8147.5,3.5004226e-05,0.00017502113,0
8150.0,8155.0,8152.5,4.0462608e-05,0.00020231304,0
8155.0,8160.0,8157.5,7.70982e-05,0.000385491,0
8160.0,8165.0,8162.5,5.6561976e-05,0.00028280988,0
8165.0,8170.0,8167.5,3.0170818e-05,0.00015085409,0
8170.0,8175.0,8172.5,4.0304936e-05,0.00020152468,0
8175.0,8180.0,8177.5,5.1451836e-05,0.00025725918,0
8180.0,8185.0,8182.5,4.30023e-05,0.0002150115,0
8185.0,8190.0,8187.5,7.7508e-05,0.00038754,0
8190.0,8195.0,8192.5,6.2682754e-05,0.00031341377,0
8195.0,8200.0,8197.5,6.8377748e-05,0.00034188874,0
8200.0,8205.0,8202.5,5.2137026e-05,0.00026068513,0
8205.0,8210.0,8207.5,5.3158074e-05,0.00026579037,0
8210.0,8215.0,8212.5,6.2967708e-05,0.00031483854,0
8215.0,8220.0,8217.5,6.229592e-05,0.0003114796,0
8220.0,8225.0,8222.5,4.9958814e-05,0.00024979407,0
8225.0,8230.0,8227.5,2.650709e-05,0.00013253545,0
8230.0,8235.0,8232.5,5.9514816e-05,0.00029757408,0
8235.0,8240.0,8237.5,2.9873484e-05,0.00014936742,0
8240.0,8245.0,8242.5,4.3473824e-05,0.00021736912,0
8245.0,8250.0,8247.5,5.9023512e-05,0.00029511756,0
8250.0,8255.0,8252.5,3.3549878e-05,0.00016774939,0
8255.0,8260.0,8257.5,3.705255e-05,0.00018526275,0
8260.0,8265.0,8262.5,6.0867428e-05,0.00030433714,0
8265.0,8270.0,8267.5,6.3218446e-05,0.00031609223,0
8270.0,8275.0,8272.5,4.322156e-05,0.0002161078,0
8275.0,8280.0,8277.5,4.605505e-05,0.00023027525,0
8280.0,8285.0,8282.5,5.7158482e-05,0.00028579241,0
8285.0,8290.0,8287.5,6.7288442e-05,0.00033644221,0
8290.0,8295.0,8292.5,4.5789982e-05,0.00022894991,0
8295.0,8300.0,8297.5,4.426924e-05,0.0002213462,0
8300.0,8305.0,8302.5,6.013268e-05,0.0003006634,0
8305.0,8310.0,8307.5,4.0692278e-05,0.00020346139,0
8310.0,8315.0,8312.5,4.785991e-05,0.00023929955,0
8315.0,8320.0,8317.5,6.1466148e-05,0.00030733074,0
8320.0,8325.0,8322.5,4.9333114e-05,0.00024666557,0
8325.0,8330.0,8327.5,6.2203726e-05,0.00031101863,0
8330.0,8335.0,8332.5,5.270823e-05,0.00026354115,0
8335.0,8340.0,8337.5,4.6872412e-05,0.00023436206,0
8340.0,8345.0,8342.5,2.16225e-05,0.0001081125,0
8345.0,8350.0,8347.5,2.2629672e-05,0.00011314836,0
8350.0,8355.0,8352.5,1.4226036e-05,7.113018e-05,0
8355.0,8360.0,8357.5,3.4927076e-05,0.00017463538,0
8360.0,8365.0,8362.5,1.9853764e-05,9.926882e-05,0
8365.0,8370.0,8367.5,2.4032158e-05,0.00012016079,0
8370.0,8375.0,8372.5,2.2585752e-05,0.00011292876,0
8375.0,8380.0,8377.5,1.7732176e-05,8.866088e-05,0
8380.0,8385.0,8382.5,2.6738284e-05,0.00013369142,0
8385.0,8390.0,8387.5,2.2803e-05,0.000114015,0
8390.0,8395.0,8392.5,2.2953056e-05,0.00011476528,0
8395.0,8400.0,8397.5,2.3358286e-05,0.00011679143,0
8400.0,8405.0,8402.5,1.0855132e-05,5.427566e-05,0
8405.0,8410.0,8407.5,1.2947206e-05,6.473603e-05,0
8410.0,8415.0,8412.5,1.5667284e-05,7.833642e-05,0
8415.0,8420.0,8417.5,2.4884952e-05,0.00012442476,0
8420.0,8425.0,8422.5,2.3056624e-05,0.00011528312,0
8425.0,8430.0,8427.5,1.2474472e-05,6.237236e-05,0
8430.0,8435.0,8432.5,3.183289e-05,0.00015916445,0
8435.0,8440.0,8437.5,2.8096762e-05,0.00014048381,0
8440.0,8445.0,8442.5,1.4351382e-05,7.175691e-05,0
8445.0,8450.0,8447.5,2.4451612e-05,0.00012225806,0
8450.0,8455.0,8452.5,1.2777282e-05,6.388641e-05,0
8455.0,8460.0,8457.5,1.7289142e-05,8.644571e-05,0
8460.0,8465.0,8462.5,2.43242e-05,0.000121621,0
8465.0,8470.0,8467.5,2.473974e-05,0.0001236987,0
8470.0,8475.0,8472.5,1.8066266e-05,9.033133e-05,0
8475.0,8480.0,8477.5,1.4048482e-05,7.024241e-05,0
8480.0,8485.0,8482.5,2.4654204e-05,0.00012327102,0
8485.0,8490.0,8487.5,1.2210966e-05,6.105483e-05,0
8490.0,8495.0,8492.5,1.0263458e-05,5.131729e-05,0
8495.0,8500.0,8497.5,1.6083934e-05,8.041967e-05,0
8500.0,8505.0,8502.5,1.0537132e-05,5.268566e-05,0
8505.0,8510.0,8507.5,1.104952e-05,5.52476e-05,0
8510.0,8515.0,8512.5,2.655517e-05,0.00013277585,0
8515.0,8520.0,8517.5,2.9975248e-05,0.00014987624,0
8520.0,8525.0,8522.5,2.6539972e-05,0.00013269986,0
8525.0,8530.0,8527.5,3.1881852e-05,0.00015940926,0
8530.0,8535.0,8532.5,2.3633572e-05,0.00011816786,0
8535.0,8540.0,8537.5,2.1649694e-05,0.00010824847,0
8540.0,8545.0,8542.5,3.235722e-05,0.0001617861,0
8545.0,8550.0,8547.5,3.2035912e-05,0.00016017956,0
8550.0,8555.0,8552.5,2.6723716e-05,0.00013361858,0
8555.0,8560.0,8557.5,1.5403606e-05,7.701803e-05,0
8560.0,8565.0,8562.5,7.179332e-06,3.589666e-05,0
8565.0,8570.0,8567.5,2.31328e-05,0.000115664,0
8570.0,8575.0,8572.5,1.6171048e-05,8.085524e-05,0
8575.0,8580.0,8577.5,1.9526954e-05,9.763477e-05,0
8580.0,8585.0,8582.5,2.6256118e-05,0.00013128059,0
8585.0,8590.0,8587.5,2.1446444e-05,0.00010723222,0
8590.0,8595.0,8592.5,2.9937638e-05,0.00014968819,0
8595.0,8600.0,8597.5,3.027474e-05,0.0001513737,0
8600.0,8605.0,8602.5,3.152283e-05,0.00015761415,0
8605.0,8610.0,8607.5,1.0872906e-05,5.436453e-05,0
8610.0,8615.0,8612.5,1.916502e-05,9.58251e-05,0
8615.0,8620.0,8617.5,1.0732748e-05,5.366374e-05,0
8620.0,8625.0,8622.5,1.5872122e-05,7.936061e-05,0
8625.0,8630.0,8627.5,1.9309978e-05,9.654989e-05,0
8630.0,8635.0,8632.5,1.0751634e-05,5.375817e-05,0
8635.0,8640.0,8637.5,2.1726178e-05,0.00010863089,0
8640.0,8645.0,8642.5,1.7553412e-05,8.776706e-05,0
8645.0,8650.0,8647.5,1.0669348e-05,5.334674e-05,0
8650.0,8655.0,8652.5,1.4594094e-05,7.297047e-05,0
8655.0,8660.0,8657.5,2.4701868e-05,0.00012350934,0
8660.0,8665.0,8662.5,1.9181596e-05,9.590798e-05,0
8665.0,8670.0,8667.5,2.5134924e-05,0.00012567462,0
8670.0,8675.0,8672.5,1.4237454e-05,7.118727e-05,0
8675.0,8680.0,8677.5,1.9273754e-05,9.636877e-05,0
8680.0,8685.0,8682.5,1.401476e-05,7.00738e-05,0
8685.0,8690.0,8687.5,2.455009e-05,0.00012275045,0
8690.0,8695.0,8692.5,1.0495994e-05,5.247997e-05,0
8695.0,8700.0,8697.5,6.975752e-06,3.487876e-05,0
8700.0,8705.0,8702.5,8.883654e-06,4.441827e-05,0
8705.0,8710.0,8707.5,8.526276e-06,4.263138e-05,0
8710.0,8715.0,8712.5,2.1065688e-05,0.00010532844,0
8715.0,8720.0,8717.5,1.6128832e-05,8.064416e-05,0
8720.0,8725.0,8722.5,1.5393676e-05,7.696838e-05,0
8725.0,8730.0,8727.5,5.396342e-06,2.698171e-05,0
8730.0,8735.0,8732.5,1.2566364e-05,6.283182e-05,0
8735.0,8740.0,8737.5,2.3422382e-05,0.00011711191,0
8740.0,8745.0,8742.5,5.37958e-06,2.68979e-05,0
8745.0,8750.0,8747.5,1.0543274e-05,5.271637e-05,0
8750.0,8755.0,8752.5,1.5470826e-05,7.735413e-05,0
8755.0,8760.0,8757.5,1.623505e-05,8.117525e-05,0
8760.0,8765.0,8762.5,2.2456248e-05,0.00011228124,0
8765.0,8770.0,8767.5,1.2754056e-05,6.377028e-05,0
8770.0,8775.0,8772.5,1.7432066e-05,8.716033e-05,0
8775.0,8780.0,8777.5,1.4265324e-05,7.132662e-05,0
8780.0,8785.0,8782.5,1.586122e-05,7.93061e-05,0
8785.0,8790.0,8787.5,1.2502272e-05,6.251136e-05,0
8790.0,8795.0,8792.5,1.8064948e-05,9.032474e-05,0
8795.0,8800.0,8797.5,1.9778568e-05,9.889284e-05,0
8800.0,8805.0,8802.5,1.2574172e-05,6.287086e-05,0
8805.0,8810.0,8807.5,2.4887526e-05,0.00012443763,0
8810.0,8815.0,8812.5,1.9152424e-05,9.576212e-05,0
8815.0,8820.0,8817.5,1.0790562e-05,5.395281e-05,0
8820.0,8825.0,8822.5,1.7604722e-05,8.802361e-05,0
8825.0,8830.0,8827.5,2.018502e-05,0.0001009251,0
8830.0,8835.0,8832.5,1.9174954e-05,9.587477e-05,0
8835.0,8840.0,8837.5,1.940698e-05,9.70349e-05,0
8840.0,8845.0,8842.5,8.659488e-06,4.329744e-05,0
8845.0,8850.0,8847.5,5.358004e-06,2.679002e-05,0
8850.0,8855.0,8852.5,1.5970552e-05,7.985276e-05,0
8855.0,8860.0,8857.5,1.7529388e-05,8.764694e-05,0
8860.0,8865.0,8862.5,1.4425342e-05,7.212671e-05,0
8865.0,8870.0,8867.5,1.586001e-05,7.930005e-05,0
8870.0,8875.0,8872.5,1.7413926e-05,8.706963e-05,0
8875.0,8880.0,8877.5,2.2128886e-05,0.00011064443,0
8880.0,8885.0,8882.5,1.3775428e-05,6.887714e-05,0
8885.0,8890.0,8887.5,2.1523566e-05,0.00010761783,0
8890.0,8895.0,8892.5,8.994848e-06,4.497424e-05,0
8895.0,8900.0,8897.5,1.5972102e-05,7.986051e-05,0
8900.0,8905.0,8902.5,8.401828e-06,4.200914e-05,0
8905.0,8910.0,8907.5,1.8964306e-05,9.482153e-05,0
8910.0,8915.0,8912.5,1.7346154e-05,8.673077e-05,0
8915.0,8920.0,8917.5,1.4178184e-05,7.089092e-05,0
8920.0,8925.0,8922.5,1.627671e-05,8.138355e-05,0
8925.0,8930.0,8927.5,1.8085056e-05,9.042528e-05,0
8930.0,8935.0,8932.5,9.14686e-06,4.57343e-05,0
8935.0,8940.0,8937.5,1.3793404e-05,6.896702e-05,0
8940.0,8945.0,8942.5,1.7179976e-05,8.589988e-05,0
8945.0,8950.0,8947.5,1.5659336e-05,7.829668e-05,0
8950.0,8955.0,8952.5,1.7949506e-05,8.974753e-05,0
8955.0,8960.0,8957.5,1.645514e-05,8.22757e-05,0
8960.0,8965.0,8962.5,2.1296412e-05,0.00010648206,0
8965.0,8970.0,8967.5,1.5844814e-05,7.922407e-05,0
8970.0,8975.0,8972.5,8.813276e-06,4.406638e-05,0
8975.0,8980.0,8977.5,1.8028696e-05,9.014348e-05,0
8980.0,8985.0,8982.5,1.4328564e-05,7.164282e-05,0
8985.0,8990.0,8987.5,1.2240642e-05,6.120321e-05,0
8990.0,8995.0,8992.5,7.31147e-06,3.655735e-05,0
8995.0,9000.0,8997.5,1.0478788e-05,5.239394e-05,0
9000.0,9005.0,9002.5,1.930832e-05,9.65416e-05,0
9005.0,9010.0,9007.5,1.2556176e-05,6.278088e-05,0
9010.0,9015.0,9012.5,1.5838898e-05,7.919449e-05,0
9015.0,9020.0,9017.5,1.2404494e-05,6.202247e-05,0
9020.0,9025.0,9022.5,1.0477554e-05,5.238777e-05,0
9025.0,9030.0,9027.5,1.4455422e-05,7.227711e-05,0
9030.0,9035.0,9032.5,1.5650518e-05,7.825259e-05,0
9035.0,9040.0,9037.5,9.129804e-06,4.564902e-05,0
9040.0,9045.0,9042.5,8.79809e-06,4.399045e-05,0
9045.0,9050.0,9047.5,2.4823648e-05,0.00012411824,0
9050.0,9055.0,9052.5,2.0882968e-05,0.00010441484,0
9055.0,9060.0,9057.5,2.097033e-05,0.00010485165,0
9060.0,9065.0,9062.5,1.2713854e-05,6.356927e-05,0
9065.0,9070.0,9067.5,1.9609484e-05,9.804742e-05,0
9070.0,9075.0,9072.5,1.6320444e-05,8.160222e-05,0
9075.0,9080.0,9077.5,1.5495064e-05,7.747532e-05,0
9080.0,9085.0,9082.5,1.9782624e-05,9.891312e-05,0
9085.0,9090.0,9087.5,8.74902e-06,4.37451e-05,0
9090.0,9095.0,9092.5,1.0859768e-05,5.429884e-05,0
9095.0,9100.0,9097.5,1.5949124e-05,7.974562e-05,0
9100.0,9105.0,9102.5,1.4183738e-05,7.091869e-05,0
9105.0,9110.0,9107.5,1.262211e-05,6.311055e-05,0
9110.0,9115.0,9112.5,8.544034e-06,4.272017e-05,0
9115.0,9120.0,9117.5,1.576115e-05,7.880575e-05,0
9120.0,9125.0,9122.5,8.61584e-06,4.30792e-05,0
9125.0,9130.0,9127.5,7.235028e-06,3.617514e-05,0
9130.0,9135.0,9132.5,1.0398538e-05,5.199269e-05,0
9135.0,9140.0,9137.5,1.5508594e-05,7.754297e-05,0
9140.0,9145.0,9142.5,1.0225818e-05,5.112909e-05,0
9145.0,9150.0,9147.5,9.027822e-06,4.513911e-05,0
9150.0,9155.0,9152.5,1.4201892e-05,7.100946e-05,0
9155.0,9160.0,9157.5,1.231022e-05,6.15511e-05,0
9160.0,9165.0,9162.5,1.036011e-05,5.180055e-05,0
9165.0,9170.0,9167.5,7.143956e-06,3.571978e-05,0
9170.0,9175.0,9172.5,3.529894e-06,1.764947e-05,0
9175.0,9180.0,9177.5,7.148472e-06,3.574236e-05,0
9180.0,9185.0,9182.5,1.7673366e-05,8.836683e-05,0
9185.0,9190.0,9187.5,1.0988914e-05,5.494457e-05,0
9190.0,9195.0,9192.5,2.6950114e-05,0.00013475057,0
9195.0,9200.0,9197.5,1.100037e-05,5.500185e-05,0
9200.0,9205.0,9202.5,1.5644668e-05,7.822334e-05,0
9205.0,9210.0,9207.5,1.0725356e-05,5.362678e-05,0
9210.0,9215.0,9212.5,2.1327384e-05,0.00010663692,0
9215.0,9220.0,9217.5,1.2402024e-05,6.201012e-05,0
9220.0,9225.0,9222.5,1.0397452e-05,5.198726e-05,0
9225.0,9230.0,9227.5,1.0718664e-05,5.359332e-05,0
9230.0,9235.0,9232.5,1.056697e-05,5.283485e-05,0
9235.0,9240.0,9237.5,7.077044e-06,3.538522e-05,0
9240.0,9245.0,9242.5,1.4343852e-05,7.171926e-05,0
9245.0,9250.0,9247.5,1.0905154e-05,5.452577e-05,0
9250.0,9255.0,9252.5,2.1271638e-05,0.00010635819,0
9255.0,9260.0,9257.5,7.061364e-06,3.530682e-05,0
9260.0,9265.0,9262.5,1.2770504e-05,6.385252e-05,0
9265.0,9270.0,9267.5,1.401755e-05,7.008775e-05,0
9270.0,9275.0,9272.5,1.3863648e-05,6.931824e-05,0
9275.0,9280.0,9277.5,1.2386948e-05,6.193474e-05,0
9280.0,9285.0,9282.5,2.1696494e-05,0.00010848247,0
9285.0,9290.0,9287.5,1.7764942e-05,8.882471e-05,0
9290.0,9295.0,9292.5,1.0614556e-05,5.307278e-05,0
9295.0,9300.0,9297.5,1.7571334e-05,8.785667e-05,0
9300.0,9305.0,9302.5,3.634766e-06,1.817383e-05,0
9305.0,9310.0,9307.5,1.223854e-05,6.11927e-05,0
9310.0,9315.0,9312.5,1.2418538e-05,6.209269e-05,0
9315.0,9320.0,9317.5,1.631854e-06,8.15927e-06,0
9320.0,9325.0,9322.5,2.5327454e-05,0.00012663727,0
9325.0,9330.0,9327.5,1.422931e-05,7.114655e-05,0
9330.0,9335.0,9332.5,1.8046008e-05,9.023004e-05,0
9335.0,9340.0,9337.5,1.5994144e-05,7.997072e-05,0
9340.0,9345.0,9342.5,1.3938234e-05,6.969117e-05,0
9345.0,9350.0,9347.5,1.9557342e-05,9.778671e-05,0
9350.0,9355.0,9352.5,1.4031212e-05,7.015606e-05,0
9355.0,9360.0,9357.5,1.2182874e-05,6.091437e-05,0
9360.0,9365.0,9362.5,1.2230798e-05,6.115399e-05,0
9365.0,9370.0,9367.5,1.195107e-05,5.975535e-05,0
9370.0,9375.0,9372.5,1.9509244e-05,9.754622e-05,0
9375.0,9380.0,9377.5,1.6486062e-05,8.243031e-05,0
9380.0,9385.0,9382.5,1.454452e-05,7.27226e-05,0
9385.0,9390.0,9387.5,5.352798e-06,2.676399e-05,0
9390.0,9395.0,9392.5,1.288332e-05,6.44166e-05,0
9395.0,9400.0,9397.5,1.4136294e-05,7.068147e-05,0
9400.0,9405.0,9402.5,8.748844e-06,4.374422e-05,0
9405.0,9410.0,9407.5,1.1912648e-05,5.956324e-05,0
9410.0,9415.0,9412.5,6.815102e-06,3.407551e-05,0
9415.0,9420.0,9417.5,1.4085502e-05,7.042751e-05,0
9420.0,9425.0,9422.5,7.021174e-06,3.510587e-05,0
9425.0,9430.0,9427.5,1.2466978e-05,6.233489e-05,0
9430.0,9435.0,9432.5,1.0445122e-05,5.222561e-05,0
9435.0,9440.0,9437.5,8.676556e-06,4.338278e-05,0
9440.0,9445.0,9442.5,1.0663952e-05,5.331976e-05,0
9445.0,9450.0,9447.5,1.0340254e-05,5.170127e-05,0
9450.0,9455.0,9452.5,1.4417786e-05,7.208893e-05,0
9455.0,9460.0,9457.5,5.044654e-06,2.522327e-05,0
9460.0,9465.0,9462.5,8.895384e-06,4.447692e-05,0
9465.0,9470.0,9467.5,1.3786814e-05,6.893407e-05,0
9470.0,9475.0,9472.5,2.12367e-05,0.0001061835,0
9475.0,9480.0,9477.5,1.5470762e-05,7.735381e-05,0
9480.0,9485.0,9482.5,1.637184e-05,8.18592e-05,0
9485.0,9490.0,9487.5,9.232804e-06,4.616402e-05,0
9490.0,9495.0,9492.5,1.89885e-05,9.49425e-05,0
9495.0,9500.0,9497.5,1.0733226e-05,5.366613e-05,0
9500.0,9505.0,9502.5,1.0619418e-05,5.309709e-05,0
9505.0,9510.0,9507.5,1.2211412e-05,6.105706e-05,0
9510.0,9515.0,9512.5,1.586356e-05,7.93178e-05,0
9515.0,9520.0,9517.5,1.0624616e-05,5.312308e-05,0
9520.0,9525.0,9522.5,1.0752712e-05,5.376356e-05,0
9525.0,9530.0,9527.5,1.4024794e-05,7.012397e-05,0
9530.0,9535.0,9532.5,1.616685e-05,8.083425e-05,0
9535.0,9540.0,9537.5,1.2211412e-05,6.105706e-05,0
9540.0,9545.0,9542.5,1.0830228e-05,5.415114e-05,0
9545.0,9550.0,9547.5,9.15138e-06,4.57569e-05,0
9550.0,9555.0,9552.5,1.8794784e-05,9.397392e-05,0
9555.0,9560.0,9557.5,8.51028e-06,4.25514e-05,0
9560.0,9565.0,9562.5,8.612894e-06,4.306447e-05,0
9565.0,9570.0,9567.5,1.6022972e-05,8.011486e-05,0
9570.0,9575.0,9572.5,2.4192652e-05,0.00012096326,0
9575.0,9580.0,9577.5,1.9428074e-05,9.714037e-05,0
9580.0,9585.0,9582.5,2.162469e-05,0.00010812345,0
9585.0,9590.0,9587.5,1.4185994e-05,7.092997e-05,0
9590.0,9595.0,9592.5,7.144652e-06,3.572326e-05,0
9595.0,9600.0,9597.5,1.4080576e-05,7.040288e-05,0
9600.0,9605.0,9602.5,8.73194e-06,4.36597e-05,0
9605.0,9610.0,9607.5,5.159504e-06,2.579752e-05,0
9610.0,9615.0,9612.5,1.0864598e-05,5.432299e-05,0
9615.0,9620.0,9617.5,1.2344042e-05,6.172021e-05,0
9620.0,9625.0,9622.5,1.2495882e-05,6.247941e-05,0
9625.0,9630.0,9627.5,1.243118e-05,6.21559e-05,0
9630.0,9635.0,9632.5,8.813184e-06,4.406592e-05,0
9635.0,9640.0,9637.5,3.546656e-06,1.773328e-05,0
9640.0,9645.0,9642.5,1.3686116e-05,6.843058e-05,0
9645.0,9650.0,9647.5,1.419421e-05,7.097105e-05,0
9650.0,9655.0,9652.5,1.9487356e-05,9.743678e-05,0
9655.0,9660.0,9657.5,2.26501e-05,0.0001132505,0
9660.0,9665.0,9662.5,1.3838004e-05,6.919002e-05,0
9665.0,9670.0,9667.5,1.269475e-05,6.347375e-05,0
9670.0,9675.0,9672.5,1.0699476e-05,5.349738e-05,0
9675.0,9680.0,9677.5,1.0676668e-05,5.338334e-05,0
9680.0,9685.0,9682.5,1.5423702e-05,7.711851e-05,0
9685.0,9690.0,9687.5,1.660075e-05,8.300375e-05,0
9690.0,9695.0,9692.5,1.01506e-05,5.0753e-05,0
9695.0,9700.0,9697.5,1.9262696e-05,9.631348e-05,0
9700.0,9705.0,9702.5,1.7932176e-05,8.966088e-05,0
9705.0,9710.0,9707.5,4.965416e-06,2.482708e-05,0
9710.0,9715.0,9712.5,1.8188824e-05,9.094412e-05,0
9715.0,9720.0,9717.5,7.210648e-06,3.605324e-05,0
9720.0,9725.0,9722.5,9.38615e-06,4.693075e-05,0
9725.0,9730.0,9727.5,1.5583372e-05,7.791686e-05,0
9730.0,9735.0,9732.5,2.624879e-05,0.00013124395,0
9735.0,9740.0,9737.5,5.223076e-06,2.611538e-05,0
9740.0,9745.0,9742.5,7.024368e-06,3.512184e-05,0
9745.0,9750.0,9747.5,1.244431e-05,6.222155e-05,0
9750.0,9755.0,9752.5,7.306652e-06,3.653326e-05,0
9755.0,9760.0,9757.5,1.962768e-05,9.81384e-05,0
9760.0,9765.0,9762.5,1.3856458e-05,6.928229e-05,0
9765.0,9770.0,9767.5,9.15958e-06,4.57979e-05,0
9770.0,9775.0,9772.5,1.6406056e-05,8.203028e-05,0
9775.0,9780.0,9777.5,1.423159e-05,7.115795e-05,0
9780.0,9785.0,9782.5,1.565954e-05,7.82977e-05,0
9785.0,9790.0,9787.5,1.2745946e-05,6.372973e-05,0
9790.0,9795.0,9792.5,8.668388e-06,4.334194e-05,0
9795.0,9800.0,9797.5,1.05024e-05,5.2512e-05,0
9800.0,9805.0,9802.5,1.2040212e-05,6.020106e-05,0
9805.0,9810.0,9807.5,1.0565318e-05,5.282659e-05,0
9810.0,9815.0,9812.5,3.690468e-06,1.845234e-05,0
9815.0,9820.0,9817.5,2.1372724e-05,0.00010686362,0
9820.0,9825.0,9822.5,1.761345e-05,8.806725e-05,0
9825.0,9830.0,9827.5,5.417372e-06,2.708686e-05,0
9830.0,9835.0,9832.5,1.5468818e-05,7.734409e-05,0
9835.0,9840.0,9837.5,1.2340696e-05,6.170348e-05,0
9840.0,9845.0,9842.5,1.0848146e-05,5.424073e-05,0
9845.0,9850.0,9847.5,5.255712e-06,2.627856e-05,0
9850.0,9855.0,9852.5,1.6228696e-05,8.114348e-05,0
9855.0,9860.0,9857.5,1.0518806e-05,5.259403e-05,0
9860.0,9865.0,9862.5,8.586028e-06,4.293014e-05,0
9865.0,9870.0,9867.5,1.064137e-05,5.320685e-05,0
9870.0,9875.0,9872.5,1.5809436e-05,7.904718e-05,0
9875.0,9880.0,9877.5,3.43642e-06,1.71821e-05,0
9880.0,9885.0,9882.5,1.6028104e-05,8.014052e-05,0
9885.0,9890.0,9887.5,1.4354894e-05,7.177447e-05,0
9890.0,9895.0,9892.5,1.624788e-05,8.12394e-05,0
9895.0,9900.0,9897.5,1.2163082e-05,6.081541e-05,0
9900.0,9905.0,9902.5,1.7358926e-05,8.679463e-05,0
9905.0,9910.0,9907.5,1.596814e-05,7.98407e-05,0
9910.0,9915.0,9912.5,1.79755e-05,8.98775e-05,0
9915.0,9920.0,9917.5,6.890604e-06,3.445302e-05,0
9920.0,9925.0,9922.5,8.776506e-06,4.388253e-05,0
9925.0,9930.0,9927.5,1.0851186e-05,5.425593e-05,0
9930.0,9935.0,9932.5,8.987862e-06,4.493931e-05,0
9935.0,9940.0,9937.5,1.921027e-05,9.605135e-05,0
9940.0,9945.0,9942.5,8.560242e-06,4.280121e-05,0
9945.0,9950.0,9947.5,1.4047416e-05,7.023708e-05,0
9950.0,9955.0,9952.5,7.188188e-06,3.594094e-05,0
9955.0,9960.0,9957.5,1.1178e-05,5.589e-05,0
9960.0,9965.0,9962.5,1.6088106e-05,8.044053e-05,0
9965.0,9970.0,9967.5,2.4564338e-05,0.00012282169,0
9970.0,9975.0,9972.5,1.0691308e-05,5.345654e-05,0
9975.0,9980.0,9977.5,7.48385e-06,3.741925e-05,0
9980.0,9985.0,9982.5,1.5618868e-05,7.809434e-05,0
9985.0,9990.0,9987.5,1.950086e-05,9.75043e-05,0
9990.0,9995.0,9992.5,1.6058786e-05,8.029393e-05,0
9995.0,10000.0,9997.5,9.023e-06,4.5115e-05,0
10000.0,10005.0,10002.5,1.581151e-05,7.905755e-05,0
10005.0,10010.0,10007.5,1.4346096e-05,7.173048e-05,0
10010.0,10015.0,10012.5,1.0276622e-05,5.138311e-05,0
10015.0,10020.0,10017.5,1.734217e-05,8.671085e-05,0
10020.0,10025.0,10022.5,1.9750938e-05,9.875469e-05,0
10025.0,10030.0,10027.5,5.412856e-06,2.706428e-05,0
10030.0,10035.0,10032.5,1.2527574e-05,6.263787e-05,0
10035.0,10040.0,10037.5,8.65261e-06,4.326305e-05,0
10040.0,10045.0,10042.5,1.5993834e-05,7.996917e-05,0
10045.0,10050.0,10047.5,1.2665736e-05,6.332868e-05,0
10050.0,10055.0,10052.5,8.72935e-06,4.364675e-05,0
10055.0,10060.0,10057.5,5.161664e-06,2.580832e-05,0
10060.0,10065.0,10062.5,2.178895e-05,0.00010894475,0
10065.0,10070.0,10067.5,1.0267722e-05,5.133861e-05,0
10070.0,10075.0,10072.5,5.044654e-06,2.522327e-05,0
10075.0,10080.0,10077.5,8.749724e-06,4.374862e-05,0
10080.0,10085.0,10082.5,1.2559376e-05,6.279688e-05,0
10085.0,10090.0,10087.5,1.4601024e-05,7.300512e-05,0
10090.0,10095.0,10092.5,1.7908354e-05,8.954177e-05,0
10095.0,10100.0,10097.5,1.0565318e-05,5.282659e-05,0
10100.0,10105.0,10102.5,1.6666268e-05,8.333134e-05,0
10105.0,10110.0,10107.5,1.0477784e-05,5.238892e-05,0
10110.0,10115.0,10112.5,1.7645464e-05,8.822732e-05,0
10115.0,10120.0,10117.5,7.007606e-06,3.503803e-05,0
10120.0,10125.0,10122.5,1.582697e-05,7.913485e-05,0
10125.0,10130.0,10127.5,1.4109882e-05,7.054941e-05,0
10130.0,10135.0,10132.5,1.257924e-05,6.28962e-05,0
10135.0,10140.0,10137.5,1.103901e-05,5.519505e-05,0
10140.0,10145.0,10142.5,1.2014618e-05,6.007309e-05,0
10145.0,10150.0,10147.5,8.689972e-06,4.344986e-05,0
10150.0,10155.0,10152.5,8.659488e-06,4.329744e-05,0
10155.0,10160.0,10157.5,1.593767e-05,7.968835e-05,0
10160.0,10165.0,10162.5,9.113226e-06,4.556613e-05,0
10165.0,10170.0,10167.5,1.0457204e-05,5.228602e-05,0
10170.0,10175.0,10172.5,1.596049e-05,7.980245e-05,0
10175.0,10180.0,10177.5,1.6214722e-05,8.107361e-05,0
10180.0,10185.0,10182.5,3.434384e-06,1.717192e-05,0
10185.0,10190.0,10187.5,1.0667258e-05,5.333629e-05,0
10190.0,10195.0,10192.5,2.1441606e-05,0.00010720803,0
10195.0,10200.0,10197.5,1.6053424e-05,8.026712e-05,0
10200.0,10205.0,10202.5,1.5728492e-05,7.864246e-05,0
10205.0,10210.0,10207.5,7.063324e-06,3.531662e-05,0
10210.0,10215.0,10212.5,8.539212e-06,4.269606e-05,0
10215.0,10220.0,10217.5,1.1040664e-05,5.520332e-05,0
10220.0,10225.0,10222.5,1.0756428e-05,5.378214e-05,0
10225.0,10230.0,10227.5,8.986314e-06,4.493157e-05,0
10230.0,10235.0,10232.5,2.2662102e-05,0.00011331051,0
10235.0,10240.0,10237.5,1.2290758e-05,6.145379e-05,0
10240.0,10245.0,10242.5,1.2207154e-05,6.103577e-05,0
10245.0,10250.0,10247.5,8.498914e-06,4.249457e-05,0
10250.0,10255.0,10252.5,1.0650266e-05,5.325133e-05,0
10255.0,10260.0,10257.5,1.5804144e-05,7.902072e-05,0
10260.0,10265.0,10262.5,1.7439402e-05,8.719701e-05,0
10265.0,10270.0,10267.5,1.077677e-05,5.388385e-05,0
10270.0,10275.0,10272.5,1.2072296e-05,6.036148e-05,0
10275.0,10280.0,10277.5,1.2892658e-05,6.446329e-05,0
10280.0,10285.0,10282.5,1.2355802e-05,6.177901e-05,0
10285.0,10290.0,10287.5,1.0468952e-05,5.234476e-05,0
10290.0,10295.0,10292.5,1.5639442e-05,7.819721e-05,0
10295.0,10300.0,10297.5,1.5918116e-05,7.959058e-05,0
10300.0,10305.0,10302.5,2.085936e-05,0.0001042968,0
10305.0,10310.0,10307.5,3.570192e-06,1.785096e-05,0
10310.0,10315.0,10312.5,1.0667776e-05,5.333888e-05,0
10315.0,10320.0,10317.5,1.4110968e-05,7.055484e-05,0
10320.0,10325.0,10322.5,1.0342744e-05,5.171372e-05,0
10325.0,10330.0,10327.5,1.790662e-05,8.95331e-05,0
10330.0,10335.0,10332.5,2.111914e-05,0.0001055957,0
10335.0,10340.0,10337.5,2.1269596e-05,0.00010634798,0
10340.0,10345.0,10342.5,5.163324e-06,2.581662e-05,0
10345.0,10350.0,10347.5,1.2535696e-05,6.267848e-05,0
10350.0,10355.0,10352.5,1.4105208e-05,7.052604e-05,0
10355.0,10360.0,10357.5,1.413719e-05,7.068595e-05,0
10360.0,10365.0,10362.5,1.0874616e-05,5.437308e-05,0
10365.0,10370.0,10367.5,1.5718048e-05,7.859024e-05,0
10370.0,10375.0,10372.5,1.5760044e-05,7.880022e-05,0
10375.0,10380.0,10377.5,1.0909676e-05,5.454838e-05,0
10380.0,10385.0,10382.5,1.0466072e-05,5.233036e-05,0
10385.0,10390.0,10387.5,6.854922e-06,3.427461e-05,0
10390.0,10395.0,10392.5,1.2127394e-05,6.063697e-05,0
10395.0,10400.0,10397.5,1.6246274e-05,8.123137e-05,0
10400.0,10405.0,10402.5,1.4550994e-05,7.275497e-05,0
10405.0,10410.0,10407.5,1.6973136e-05,8.486568e-05,0
10410.0,10415.0,10412.5,5.202046e-06,2.601023e-05,0
10415.0,10420.0,10417.5,9.93817e-06,4.969085e-05,0
10420.0,10425.0,10422.5,2.0968472e-05,0.00010484236,0
10425.0,10430.0,10427.5,1.0713218e-05,5.356609e-05,0
10430.0,10435.0,10432.5,1.0523418e-05,5.261709e-05,0
10435.0,10440.0,10437.5,1.629497e-05,8.147485e-05,0
10440.0,10445.0,10442.5,1.8023024e-05,9.011512e-05,0
10445.0,10450.0,10447.5,1.0443032e-05,5.221516e-05,0
10450.0,10455.0,10452.5,1.2436456e-05,6.218228e-05,0
10455.0,10460.0,10457.5,1.7261312e-05,8.630656e-05,0
10460.0,10465.0,10462.5,6.911178e-06,3.455589e-05,0
10465.0,10470.0,10467.5,1.631854e-06,8.15927e-06,0
10470.0,10475.0,10472.5,9.908124e-06,4.954062e-05,0
10475.0,10480.0,10477.5,1.423671e-05,7.118355e-05,0
10480.0,10485.0,10482.5,8.592886e-06,4.296443e-05,0
10485.0,10490.0,10487.5,1.5882652e-05,7.941326e-05,0
10490.0,10495.0,10492.5,1.5898494e-05,7.949247e-05,0
10495.0,10500.0,10497.5,1.2315814e-05,6.157907e-05,0
10500.0,10505.0,10502.5,1.9978172e-05,9.989086e-05,0
10505.0,10510.0,10507.5,2.1333918e-05,0.00010666959,0
10510.0,10515.0,10512.5,6.912188e-06,3.456094e-05,0
10515.0,10520.0,10517.5,2.0994336e-05,0.00010497168,0
10520.0,10525.0,10522.5,1.0756762e-05,5.378381e-05,0
10525.0,10530.0,10527.5,5.251976e-06,2.625988e-05,0
10530.0,10535.0,10532.5,1.4201744e-05,7.100872e-05,0
10535.0,10540.0,10537.5,1.053613e-05,5.268065e-05,0
10540.0,10545.0,10542.5,5.199456e-06,2.599728e-05,0
10545.0,10550.0,10547.5,1.6362028e-05,8.181014e-05,0
10550.0,10555.0,10552.5,2.0998464e-05,0.00010499232,0
10555.0,10560.0,10557.5,5.511796e-06,2.755898e-05,0
10560.0,10565.0,10562.5,1.960772e-05,9.80386e-05,0
10565.0,10570.0,10567.5,1.4308932e-05,7.154466e-05,0
10570.0,10575.0,10572.5,6.991948e-06,3.495974e-05,0
10575.0,10580.0,10577.5,7.081862e-06,3.540931e-05,0
10580.0,10585.0,10582.5,1.606008e-05,8.03004e-05,0
10585.0,10590.0,10587.5,1.0781688e-05,5.390844e-05,0
10590.0,10595.0,10592.5,1.0147446e-05,5.073723e-05,0
10595.0,10600.0,10597.5,5.159504e-06,2.579752e-05,0
10600.0,10605.0,10602.5,1.5623542e-05,7.811771e-05,0
10605.0,10610.0,10607.5,8.369654e-06,4.184827e-05,0
10610.0,10615.0,10612.5,3.529894e-06,1.764947e-05,0
10615.0,10620.0,10617.5,9.020994e-06,4.510497e-05,0
10620.0,10625.0,10622.5,1.5806186e-05,7.903093e-05,0
10625.0,10630.0,10627.5,9.256424e-06,4.628212e-05,0
10630.0,10635.0,10632.5,1.4287086e-05,7.143543e-05,0
10635.0,10640.0,10637.5,1.5590308e-05,7.795154e-05,0
10640.0,10645.0,10642.5,5.322322e-06,2.661161e-05,0
10645.0,10650.0,10647.5,8.9351e-06,4.46755e-05,0
10650.0,10655.0,10652.5,1.044614e-05,5.22307e-05,0
10655.0,10660.0,10657.5,1.725328e-06,8.62664e-06,0
10660.0,10665.0,10662.5,7.4241e-06,3.71205e-05,0
10665.0,10670.0,10667.5,1.2589926e-05,6.294963e-05,0
10670.0,10675.0,10672.5,1.3915506e-05,6.957753e-05,0
10675.0,10680.0,10677.5,5.061416e-06,2.530708e-05,0
10680.0,10685.0,10682.5,1.0851186e-05,5.425593e-05,0
10685.0,10690.0,10687.5,1.7484506e-05,8.742253e-05,0
10690.0,10695.0,10692.5,1.2142898e-05,6.071449e-05,0
10695.0,10700.0,10697.5,5.367988e-06,2.683994e-05,0
10700.0,10705.0,10702.5,1.2162496e-05,6.081248e-05,0
10705.0,10710.0,10707.5,1.731201e-05,8.656005e-05,0
10710.0,10715.0,10712.5,1.2456464e-05,6.228232e-05,0
10715.0,10720.0,10717.5,1.454446e-05,7.27223e-05,0
10720.0,10725.0,10722.5,1.5291854e-05,7.645927e-05,0
10725.0,10730.0,10727.5,2.4713932e-05,0.00012356966,0
10730.0,10735.0,10732.5,2.1511096e-05,0.00010755548,0
10735.0,10740.0,10737.5,1.0934554e-05,5.467277e-05,0
10740.0,10745.0,10742.5,8.64328e-06,4.32164e-05,0
10745.0,10750.0,10747.5,1.7516248e-05,8.758124e-05,0
10750.0,10755.0,10752.5,1.0308076e-05,5.154038e-05,0
10755.0,10760.0,10757.5,1.2303288e-05,6.151644e-05,0
10760.0,10765.0,10762.5,3.70723e-06,1.853615e-05,0
10765.0,10770.0,10767.5,1.047917e-05,5.239585e-05,0
10770.0,10775.0,10772.5,1.0481826e-05,5.240913e-05,0
10775.0,10780.0,10777.5,1.7811976e-05,8.905988e-05,0
10780.0,10785.0,10782.5,1.232642e-05,6.16321e-05,0
10785.0,10790.0,10787.5,8.877874e-06,4.438937e-05,0
10790.0,10795.0,10792.5,8.66939e-06,4.334695e-05,0
10795.0,10800.0,10797.5,1.9272162e-05,9.636081e-05,0
10800.0,10805.0,10802.5,1.1940928e-05,5.970464e-05,0
10805.0,10810.0,10807.5,1.5810834e-05,7.905417e-05,0
10810.0,10815.0,10812.5,8.888472e-06,4.444236e-05,0
10815.0,10820.0,10817.5,8.95031e-06,4.475155e-05,0
10820.0,10825.0,10822.5,1.223285e-05,6.116425e-05,0
10825.0,10830.0,10827.5,1.7679662e-05,8.839831e-05,0
10830.0,10835.0,10832.5,1.5804144e-05,7.902072e-05,0
10835.0,10840.0,10837.5,3.707536e-06,1.853768e-05,0
10840.0,10845.0,10842.5,7.0849e-06,3.54245e-05,0
10845.0,10850.0,10847.5,1.6388902e-05,8.194451e-05,0
10850.0,10855.0,10852.5,1.263347e-05,6.316735e-05,0
10855.0,10860.0,10857.5,1.1993034e-05,5.996517e-05,0
10860.0,10865.0,10862.5,5.042494e-06,2.521247e-05,0
10865.0,10870.0,10867.5,7.082948e-06,3.541474e-05,0
10870.0,10875.0,10872.5,7.33343e-06,3.666715e-05,0
10875.0,10880.0,10877.5,1.578843e-05,7.894215e-05,0
10880.0,10885.0,10882.5,1.3922492e-05,6.961246e-05,0
10885.0,10890.0,10887.5,8.969234e-06,4.484617e-05,0
10890.0,10895.0,10892.5,1.0696704e-05,5.348352e-05,0
10895.0,10900.0,10897.5,1.9200884e-05,9.600442e-05,0
10900.0,10905.0,10902.5,1.0749144e-05,5.374572e-05,0
10905.0,10910.0,10907.5,1.4257462e-05,7.128731e-05,0
10910.0,10915.0,10912.5,7.165234e-06,3.582617e-05,0
10915.0,10920.0,10917.5,5.415796e-06,2.707898e-05,0
10920.0,10925.0,10922.5,1.4119404e-05,7.059702e-05,0
10925.0,10930.0,10927.5,1.034478e-05,5.17239e-05,0
10930.0,10935.0,10932.5,8.708646e-06,4.354323e-05,0
10935.0,10940.0,10937.5,1.8042522e-05,9.021261e-05,0
10940.0,10945.0,10942.5,1.7644376e-05,8.822188e-05,0
10945.0,10950.0,10947.5,9.124908e-06,4.562454e-05,0
10950.0,10955.0,10952.5,1.70532e-06,8.5266e-06,0
10955.0,10960.0,10957.5,1.5959276e-05,7.979638e-05,0
10960.0,10965.0,10962.5,5.395092e-06,2.697546e-05,0
10965.0,10970.0,10967.5,7.122692e-06,3.561346e-05,0
10970.0,10975.0,10972.5,1.0986574e-05,5.493287e-05,0
10975.0,10980.0,10977.5,7.255214e-06,3.627607e-05,0
10980.0,10985.0,10982.5,1.2422416e-05,6.211208e-05,0
10985.0,10990.0,10987.5,8.893508e-06,4.446754e-05,0
10990.0,10995.0,10992.5,1.4012028e-05,7.006014e-05,0
10995.0,11000.0,10997.5,7.309894e-06,3.654947e-05,0
11000.0,11005.0,11002.5,7.177372e-06,3.588686e-05,0
11005.0,11010.0,11007.5,1.5602256e-05,7.801128e-05,0
11010.0,11015.0,11012.5,9.168234e-06,4.584117e-05,0
11015.0,11020.0,11017.5,7.083898e-06,3.541949e-05,0
11020.0,11025.0,11022.5,1.6152238e-05,8.076119e-05,0
11025.0,11030.0,11027.5,1.586249e-05,7.931245e-05,0
11030.0,11035.0,11032.5,2.3072104e-05,0.00011536052,0
11035.0,11040.0,11037.5,1.0454682e-05,5.227341e-05,0
11040.0,11045.0,11042.5,1.6240316e-05,8.120158e-05,0
11045.0,11050.0,11047.5,3.509886e-06,1.754943e-05,0
11050.0,11055.0,11052.5,1.4223356e-05,7.111678e-05,0
11055.0,11060.0,11057.5,1.1005984e-05,5.502992e-05,0
11060.0,11065.0,11062.5,1.06713e-05,5.33565e-05,0
11065.0,11070.0,11067.5,7.31637e-06,3.658185e-05,0
11070.0,11075.0,11072.5,1.3889344e-05,6.944672e-05,0
11075.0,11080.0,11077.5,9.051442e-06,4.525721e-05,0
11080.0,11085.0,11082.5,7.08872e-06,3.54436e-05,0
11085.0,11090.0,11087.5,1.0934364e-05,5.467182e-05,0
11090.0,11095.0,11092.5,8.794262e-06,4.397131e-05,0
11095.0,11100.0,11097.5,1.6114456e-05,8.057228e-05,0
11100.0,11105.0,11102.5,5.417372e-06,2.708686e-05,0
11105.0,11110.0,11107.5,1.7332698e-05,8.666349e-05,0
11110.0,11115.0,11112.5,1.0787312e-05,5.393656e-05,0
11115.0,11120.0,11117.5,1.5662826e-05,7.831413e-05,0
11120.0,11125.0,11122.5,3.625894e-06,1.812947e-05,0
11125.0,11130.0,11127.5,1.0381694e-05,5.190847e-05,0
11130.0,11135.0,11132.5,1.6240404e-05,8.120202e-05,0
11135.0,11140.0,11137.5,5.374758e-06,2.687379e-05,0
11140.0,11145.0,11142.5,6.71428e-06,3.35714e-05,0
11145.0,11150.0,11147.5,1.4012028e-05,7.006014e-05,0
11150.0,11155.0,11152.5,7.06915e-06,3.534575e-05,0
11155.0,11160.0,11157.5,1.999642e-05,9.99821e-05,0
11160.0,11165.0,11162.5,3.49772e-06,1.74886e-05,0
11165.0,11170.0,11167.5,1.058893e-05,5.294465e-05,0
11170.0,11175.0,11172.5,9.21738e-06,4.60869e-05,0
11175.0,11180.0,11177.5,9.236098e-06,4.618049e-05,0
11180.0,11185.0,11182.5,1.7799578e-05,8.899789e-05,0
11185.0,11190.0,11187.5,1.088009e-05,5.440045e-05,0
11190.0,11195.0,11192.5,8.789218e-06,4.394609e-05,0
11195.0,11200.0,11197.5,1.4111602e-05,7.055801e-05,0
11200.0,11205.0,11202.5,1.2463696e-05,6.231848e-05,0
11205.0,11210.0,11207.5,1.4309334e-05,7.154667e-05,0
11210.0,11215.0,11212.5,6.890604e-06,3.445302e-05,0
11215.0,11220.0,11217.5,6.984078e-06,3.492039e-05,0
11220.0,11225.0,11222.5,1.0610514e-05,5.305257e-05,0
11225.0,11230.0,11227.5,2.148238e-05,0.0001074119,0
11230.0,11235.0,11232.5,1.3938826e-05,6.969413e-05,0
11235.0,11240.0,11237.5,1.1387816e-05,5.693908e-05,0
11240.0,11245.0,11242.5,1.2350808e-05,6.175404e-05,0
11245.0,11250.0,11247.5,1.1025992e-05,5.512996e-05,0
11250.0,11255.0,11252.5,1.043473e-05,5.217365e-05,0
11255.0,11260.0,11257.5,1.5701924e-05,7.850962e-05,0
11260.0,11265.0,11262.5,1.110523e-05,5.552615e-05,0
11265.0,11270.0,11267.5,1.0580696e-05,5.290348e-05,0
11270.0,11275.0,11272.5,1.9977646e-05,9.988823e-05,0
11275.0,11280.0,11277.5,1.063833e-05,5.319165e-05,0
11280.0,11285.0,11282.5,1.585789e-05,7.928945e-05,0
11285.0,11290.0,11287.5,6.87493e-06,3.437465e-05,0
11290.0,11295.0,11292.5,1.0198386e-05,5.099193e-05,0
11295.0,11300.0,11297.5,5.432864e-06,2.716432e-05,0
11300.0,11305.0,11302.5,1.239468e-05,6.19734e-05,0
11305.0,11310.0,11307.5,9.18061e-06,4.590305e-05,0
11310.0,11315.0,11312.5,5.415796e-06,2.707898e-05,0
11315.0,11320.0,11317.5,1.4472632e-05,7.236316e-05,0
11320.0,11325.0,11322.5,8.542374e-06,4.271187e-05,0
11325.0,11330.0,11327.5,1.0556764e-05,5.278382e-05,0
11330.0,11335.0,11332.5,6.867068e-06,3.433534e-05,0
11335.0,11340.0,11337.5,1.2673508e-05,6.336754e-05,0
11340.0,11345.0,11342.5,1.8094156e-05,9.047078e-05,0
11345.0,11350.0,11347.5,1.2530874e-05,6.265437e-05,0
11350.0,11355.0,11352.5,8.755468e-06,4.377734e-05,0
11355.0,11360.0,11357.5,1.1005984e-05,5.502992e-05,0
11360.0,11365.0,11362.5,1.6150648e-05,8.075324e-05,0
11365.0,11370.0,11367.5,1.024195e-05,5.120975e-05,0
11370.0,11375.0,11372.5,1.0755878e-05,5.377939e-05,0
11375.0,11380.0,11377.5,9.120086e-06,4.560043e-05,0
11380.0,11385.0,11382.5,1.9822678e-05,9.911339e-05,0
11385.0,11390.0,11387.5,5.129574e-06,2.564787e-05,0
11390.0,11395.0,11392.5,1.0825614e-05,5.412807e-05,0
11395.0,11400.0,11397.5,5.358004e-06,2.679002e-05,0
11400.0,11405.0,11402.5,1.249618e-05,6.24809e-05,0
11405.0,11410.0,11407.5,1.051959e-05,5.259795e-05,0
11410.0,11415.0,11412.5,8.90599e-06,4.452995e-05,0
11415.0,11420.0,11417.5,7.32523e-06,3.662615e-05,0
11420.0,11425.0,11422.5,5.322322e-06,2.661161e-05,0
11425.0,11430.0,11427.5,1.9612688e-05,9.806344e-05,0
11430.0,11435.0,11432.5,7.028196e-06,3.514098e-05,0
11435.0,11440.0,11437.5,9.154762e-06,4.577381e-05,0
11440.0,11445.0,11442.5,1.9298818e-05,9.649409e-05,0
11445.0,11450.0,11447.5,7.056542e-06,3.528271e-05,0
11450.0,11455.0,11452.5,1.232208e-05,6.16104e-05,0
11455.0,11460.0,11457.5,6.790348e-06,3.395174e-05,0
11460.0,11465.0,11462.5,1.2384788e-05,6.192394e-05,0
11465.0,11470.0,11467.5,1.0525292e-05,5.262646e-05,0
11470.0,11475.0,11472.5,1.2903026e-05,6.451513e-05,0
11475.0,11480.0,11477.5,7.258708e-06,3.629354e-05,0
11480.0,11485.0,11482.5,1.5901208e-05,7.950604e-05,0
11485.0,11490.0,11487.5,1.0718664e-05,5.359332e-05,0
11495.0,11500.0,11497.5,1.2166404e-05,6.083202e-05,0
11500.0,11505.0,11502.5,1.1315034e-05,5.657517e-05,0
11505.0,11510.0,11507.5,1.2727824e-05,6.363912e-05,0
11510.0,11515.0,11512.5,7.298058e-06,3.649029e-05,0
11515.0,11520.0,11517.5,1.046561e-05,5.232805e-05,0
11520.0,11525.0,11522.5,1.0834432e-05,5.417216e-05,0
11525.0,11530.0,11527.5,1.9485114e-05,9.742557e-05,0
11530.0,11535.0,11532.5,1.4635454e-05,7.317727e-05,0
11535.0,11540.0,11537.5,1.2396926e-05,6.198463e-05,0
11540.0,11545.0,11542.5,1.549627e-05,7.748135e-05,0
11545.0,11550.0,11547.5,1.4374794e-05,7.187397e-05,0
11550.0,11555.0,11552.5,1.1952102e-05,5.976051e-05,0
11555.0,11560.0,11557.5,1.885902e-06,9.42951e-06,0
11560.0,11565.0,11562.5,1.0989222e-05,5.494611e-05,0
11565.0,11570.0,11567.5,9.04662e-06,4.52331e-05,0
11570.0,11575.0,11572.5,1.422473e-05,7.112365e-05,0
11575.0,11580.0,11577.5,1.4360374e-05,7.180187e-05,0
11580.0,11585.0,11582.5,1.2596704e-05,6.298352e-05,0
11585.0,11590.0,11587.5,1.0592062e-05,5.296031e-05,0
11590.0,11595.0,11592.5,2.7255848e-05,0.00013627924,0
11595.0,11600.0,11597.5,1.5897998e-05,7.948999e-05,0
11600.0,11605.0,11602.5,5.231968e-06,2.615984e-05,0
11605.0,11610.0,11607.5,6.971236e-06,3.485618e-05,0
11610.0,11615.0,11612.5,1.2156752e-05,6.078376e-05,0
11615.0,11620.0,11617.5,1.7813516e-05,8.906758e-05,0
11620.0,11625.0,11622.5,5.274514e-06,2.637257e-05,0
11625.0,11630.0,11627.5,5.41255e-06,2.706275e-05,0
11630.0,11635.0,11632.5,1.5938426e-05,7.969213e-05,0
11635.0,11640.0,11637.5,1.4067424e-05,7.033712e-05,0
11640.0,11645.0,11642.5,1.2927342e-05,6.463671e-05,0
11645.0,11650.0,11647.5,1.7589252e-05,8.794626e-05,0
11650.0,11655.0,11652.5,1.4154134e-05,7.077067e-05,0
11655.0,11660.0,11657.5,1.2453648e-05,6.226824e-05,0
11665.0,11670.0,11667.5,1.2177136e-05,6.088568e-05,0
11670.0,11675.0,11672.5,1.585588e-05,7.92794e-05,0
11675.0,11680.0,11677.5,3.590526e-06,1.795263e-05,0
11680.0,11685.0,11682.5,8.518846e-06,4.259423e-05,0
11685.0,11690.0,11687.5,1.4253662e-05,7.126831e-05,0
11690.0,11695.0,11692.5,1.0636776e-05,5.318388e-05,0
11695.0,11700.0,11697.5,3.7718e-06,1.8859e-05,0
11700.0,11705.0,11702.5,1.7775004e-05,8.887502e-05,0
11705.0,11710.0,11707.5,1.4512068e-05,7.256034e-05,0
11710.0,11715.0,11712.5,1.408311e-05,7.041555e-05,0
11715.0,11720.0,11717.5,1.456875e-05,7.284375e-05,0
11720.0,11725.0,11722.5,7.217116e-06,3.608558e-05,0
11725.0,11730.0,11727.5,1.0341196e-05,5.170598e-05,0
11730.0,11735.0,11732.5,1.5799712e-05,7.899856e-05,0
11735.0,11740.0,11737.5,8.623794e-06,4.311897e-05,0
11740.0,11745.0,11742.5,8.868978e-06,4.434489e-05,0
11745.0,11750.0,11747.5,8.495668e-06,4.247834e-05,0
11750.0,11755.0,11752.5,3.529894e-06,1.764947e-05,0
11755.0,11760.0,11757.5,1.6078658e-05,8.039329e-05,0
11760.0,11765.0,11762.5,1.2858908e-05,6.429454e-05,0
11765.0,11770.0,11767.5,1.4450172e-05,7.225086e-05,0
11770.0,11775.0,11772.5,5.068266e-06,2.534133e-05,0
11775.0,11780.0,11777.5,1.088686e-05,5.44343e-05,0
11780.0,11785.0,11782.5,1.4189606e-05,7.094803e-05,0
11785.0,11790.0,11787.5,7.19609e-06,3.598045e-05,0
11790.0,11795.0,11792.5,2.1409482e-05,0.00010704741,0
11795.0,11800.0,11797.5,1.631854e-06,8.15927e-06,0
11800.0,11805.0,11802.5,3.380718e-06,1.690359e-05,0
11805.0,11810.0,11807.5,1.2765992e-05,6.382996e-05,0
11810.0,11815.0,11812.5,1.797512e-05,8.98756e-05,0
11815.0,11820.0,11817.5,1.7853892e-05,8.926946e-05,0
11820.0,11825.0,11822.5,1.6110466e-05,8.055233e-05,0
11825.0,11830.0,11827.5,7.044404e-06,3.522202e-05,0
11830.0,11835.0,11832.5,5.47712e-06,2.73856e-05,0
11835.0,11840.0,11837.5,1.3848476e-05,6.924238e-05,0
11840.0,11845.0,11842.5,3.546656e-06,1.773328e-05,0
11845.0,11850.0,11847.5,1.0297836e-05,5.148918e-05,0
11850.0,11855.0,11852.5,1.3835064e-05,6.917532e-05,0
11855.0,11860.0,11857.5,7.427226e-06,3.713613e-05,0
11860.0,11865.0,11862.5,1.0795476e-05,5.397738e-05,0
11865.0,11870.0,11867.5,1.4207112e-05,7.103556e-05,0
11870.0,11875.0,11872.5,8.820042e-06,4.410021e-05,0
11875.0,11880.0,11877.5,7.36302e-06,3.68151e-05,0
11880.0,11885.0,11882.5,1.1088476e-05,5.544238e-05,0
11885.0,11890.0,11887.5,1.3996078e-05,6.998039e-05,0
11890.0,11895.0,11892.5,1.7377558e-05,8.688779e-05,0
11895.0,11900.0,11897.5,6.890604e-06,3.445302e-05,0
11900.0,11905.0,11902.5,1.991812e-05,9.95906e-05,0
11905.0,11910.0,11907.5,1.911551e-05,9.557755e-05,0
11910.0,11915.0,11912.5,8.764336e-06,4.382168e-05,0
11915.0,11920.0,11917.5,1.631854e-06,8.15927e-06,0
11920.0,11925.0,11922.5,5.012564e-06,2.506282e-05,0
11925.0,11930.0,11927.5,8.90928e-06,4.45464e-05,0
11930.0,11935.0,11932.5,8.820042e-06,4.410021e-05,0
11935.0,11940.0,11937.5,1.2230898e-05,6.115449e-05,0
11940.0,11945.0,11942.5,7.349882e-06,3.674941e-05,0
11945.0,11950.0,11947.5,5.296542e-06,2.648271e-05,0
11950.0,11955.0,11952.5,1.5842462e-05,7.921231e-05,0
11955.0,11960.0,11957.5,7.298758e-06,3.649379e-05,0
11960.0,11965.0,11962.5,1.0646682e-05,5.323341e-05,0
11965.0,11970.0,11967.5,1.4129026e-05,7.064513e-05,0
11970.0,11975.0,11972.5,2.0113122e-05,0.00010056561,0
11975.0,11980.0,11977.5,1.0779406e-05,5.389703e-05,0
11980.0,11985.0,11982.5,1.07689e-05,5.38445e-05,0
11985.0,11990.0,11987.5,2.1447024e-05,0.00010723512,0
11990.0,11995.0,11992.5,1.6736472e-05,8.368236e-05,0
11995.0,12000.0,11997.5,8.825656e-06,4.412828e-05,0
12000.0,12005.0,12002.5,1.4150888e-05,7.075444e-05,0
12005.0,12010.0,12007.5,8.957084e-06,4.478542e-05,0
12010.0,12015.0,12012.5,8.84897e-06,4.424485e-05,0
12015.0,12020.0,12017.5,1.562746e-05,7.81373e-05,0
12020.0,12025.0,12022.5,1.4503486e-05,7.251743e-05,0
12025.0,12030.0,12027.5,5.25875e-06,2.629375e-05,0
12030.0,12035.0,12032.5,1.2556506e-05,6.278253e-05,0
12035.0,12040.0,12037.5,7.186244e-06,3.593122e-05,0
12040.0,12045.0,12042.5,8.967124e-06,4.483562e-05,0
12045.0,12050.0,12047.5,9.103324e-06,4.551662e-05,0
12050.0,12055.0,12052.5,9.195796e-06,4.597898e-05,0
12055.0,12060.0,12057.5,7.069234e-06,3.534617e-05,0
12060.0,12065.0,12062.5,1.6123954e-05,8.061977e-05,0
12065.0,12070.0,12067.5,7.045406e-06,3.522703e-05,0
12070.0,12075.0,12072.5,1.182294e-05,5.91147e-05,0
12075.0,12080.0,12077.5,1.2345528e-05,6.172764e-05,0
12080.0,12085.0,12082.5,1.4487076e-05,7.243538e-05,0
12085.0,12090.0,12087.5,3.591222e-06,1.795611e-05,0
12090.0,12095.0,12092.5,1.2460758e-05,6.230379e-05,0
12095.0,12100.0,12097.5,9.082286e-06,4.541143e-05,0
12100.0,12105.0,12102.5,1.804566e-06,9.02283e-06,0
12105.0,12110.0,12107.5,1.6153174e-05,8.076587e-05,0
12110.0,12115.0,12112.5,8.656222e-06,4.328111e-05,0
12115.0,12120.0,12117.5,1.4200074e-05,7.100037e-05,0
12120.0,12125.0,12122.5,8.813276e-06,4.406638e-05,0
12125.0,12130.0,12127.5,1.2125824e-05,6.062912e-05,0
12130.0,12135.0,12132.5,1.092061e-05,5.460305e-05,0
12135.0,12140.0,12137.5,7.123614e-06,3.561807e-05,0
12140.0,12145.0,12142.5,5.339084e-06,2.669542e-05,0
12145.0,12150.0,12147.5,8.970802e-06,4.485401e-05,0
12150.0,12155.0,12152.5,5.47712e-06,2.73856e-05,0
12155.0,12160.0,12157.5,1.044986e-05,5.22493e-05,0
12160.0,12165.0,12162.5,8.964028e-06,4.482014e-05,0
12165.0,12170.0,12167.5,7.045554e-06,3.522777e-05,0
12170.0,12175.0,12172.5,1.7680236e-05,8.840118e-05,0
12175.0,12180.0,12177.5,6.773586e-06,3.386793e-05,0
12180.0,12185.0,12182.5,5.511796e-06,2.755898e-05,0
12185.0,12190.0,12187.5,6.724194e-06,3.362097e-05,0
12190.0,12195.0,12192.5,5.43738e-06,2.71869e-05,0
12195.0,12200.0,12197.5,1.4397528e-05,7.198764e-05,0
12200.0,12205.0,12202.5,1.4430164e-05,7.215082e-05,0
12205.0,12210.0,12207.5,1.5725448e-05,7.862724e-05,0
12210.0,12215.0,12212.5,8.861116e-06,4.430558e-05,0
12215.0,12220.0,12217.5,1.4189836e-05,7.094918e-05,0
12220.0,12225.0,12222.5,3.53147e-06,1.765735e-05,0
12225.0,12230.0,12227.5,8.892514e-06,4.446257e-05,0
12230.0,12235.0,12232.5,7.123614e-06,3.561807e-05,0
12235.0,12240.0,12237.5,5.415796e-06,2.707898e-05,0
12240.0,12245.0,12242.5,8.9351e-06,4.46755e-05,0
12245.0,12250.0,12247.5,1.2251264e-05,6.125632e-05,0
12250.0,12255.0,12252.5,2.1356744e-05,0.00010678372,0
12255.0,12260.0,12257.5,7.184154e-06,3.592077e-05,0
12260.0,12265.0,12262.5,1.42104e-05,7.1052e-05,0
12265.0,12270.0,12267.5,1.03486e-05,5.1743e-05,0
12270.0,12275.0,12272.5,1.7255536e-05,8.627768e-05,0
12275.0,12280.0,12277.5,8.909574e-06,4.454787e-05,0
12280.0,12285.0,12282.5,1.280237e-05,6.401185e-05,0
12285.0,12290.0,12287.5,1.0795384e-05,5.397692e-05,0
12290.0,12295.0,12292.5,7.157428e-06,3.578714e-05,0
12295.0,12300.0,12297.5,1.0417252e-05,5.208626e-05,0
12300.0,12305.0,12302.5,1.7575618e-05,8.787809e-05,0
12305.0,12310.0,12307.5,8.635848e-06,4.317924e-05,0
12310.0,12315.0,12312.5,1.184388e-05,5.92194e-05,0
12315.0,12320.0,12317.5,9.09412e-06,4.54706e-05,0
12320.0,12325.0,12322.5,1.2493936e-05,6.246968e-05,0
12325.0,12330.0,12327.5,1.3738758e-05,6.869379e-05,0
12330.0,12335.0,12332.5,6.717884e-06,3.358942e-05,0
12335.0,12340.0,12337.5,1.631854e-06,8.15927e-06,0
12340.0,12345.0,12342.5,6.854232e-06,3.427116e-05,0
12345.0,12350.0,12347.5,9.168444e-06,4.584222e-05,0
12350.0,12355.0,12352.5,1.2005112e-05,6.002556e-05,0
12355.0,12360.0,12357.5,5.549894e-06,2.774947e-05,0
12360.0,12365.0,12362.5,8.792262e-06,4.396131e-05,0
12365.0,12370.0,12367.5,5.202046e-06,2.601023e-05,0
12370.0,12375.0,12372.5,1.612769e-05,8.063845e-05,0
12375.0,12380.0,12377.5,8.753524e-06,4.376762e-05,0
12380.0,12385.0,12382.5,1.0380552e-05,5.190276e-05,0
12385.0,12390.0,12387.5,1.0612396e-05,5.306198e-05,0
12390.0,12395.0,12392.5,1.069613e-05,5.348065e-05,0
12395.0,12400.0,12397.5,1.073587e-05,5.367935e-05,0
12400.0,12405.0,12402.5,8.749724e-06,4.374862e-05,0
12405.0,12410.0,12407.5,1.0949482e-05,5.474741e-05,0
12410.0,12415.0,12412.5,9.11119e-06,4.555595e-05,0
12415.0,12420.0,12417.5,1.4247612e-05,7.123806e-05,0
12420.0,12425.0,12422.5,1.7588302e-05,8.794151e-05,0
12425.0,12430.0,12427.5,8.980542e-06,4.490271e-05,0
12430.0,12435.0,12432.5,1.4033304e-05,7.016652e-05,0
12435.0,12440.0,12437.5,8.56553e-06,4.282765e-05,0
12440.0,12445.0,12442.5,3.458004e-06,1.729002e-05,0
12445.0,12450.0,12447.5,1.1271808e-05,5.635904e-05,0
12450.0,12455.0,12452.5,1.0530738e-05,5.265369e-05,0
12455.0,12460.0,12457.5,7.383028e-06,3.691514e-05,0
12460.0,12465.0,12462.5,1.0654094e-05,5.327047e-05,0
12465.0,12470.0,12467.5,6.947318e-06,3.473659e-05,0
12470.0,12475.0,12472.5,1.804566e-06,9.02283e-06,0
12475.0,12480.0,12477.5,1.0602656e-05,5.301328e-05,0
12480.0,12485.0,12482.5,5.593128e-06,2.796564e-05,0
12485.0,12490.0,12487.5,1.2263466e-05,6.131733e-05,0
12490.0,12495.0,12492.5,1.7722766e-05,8.861383e-05,0
12495.0,12500.0,12497.5,5.20304e-06,2.60152e-05,0
12500.0,12505.0,12502.5,1.2393504e-05,6.196752e-05,0
12505.0,12510.0,12507.5,1.089347e-05,5.446735e-05,0
12510.0,12515.0,12512.5,8.805406e-06,4.402703e-05,0
12515.0,12520.0,12517.5,7.321192e-06,3.660596e-05,0
12520.0,12525.0,12522.5,1.2500796e-05,6.250398e-05,0
12525.0,12530.0,12527.5,8.978668e-06,4.489334e-05,0
12530.0,12535.0,12532.5,3.509886e-06,1.754943e-05,0
12535.0,12540.0,12537.5,1.2248224e-05,6.124112e-05,0
12540.0,12545.0,12542.5,7.011434e-06,3.505717e-05,0
12545.0,12550.0,12547.5,8.737328e-06,4.368664e-05,0
12550.0,12555.0,12552.5,5.59795e-06,2.798975e-05,0
12555.0,12560.0,12557.5,7.045554e-06,3.522777e-05,0
12560.0,12565.0,12562.5,1.0562458e-05,5.281229e-05,0
12565.0,12570.0,12567.5,1.4299368e-05,7.149684e-05,0
12570.0,12575.0,12572.5,1.4222778e-05,7.111389e-05,0
12575.0,12580.0,12577.5,8.62132e-06,4.31066e-05,0
12580.0,12585.0,12582.5,1.2040804e-05,6.020402e-05,0
12585.0,12590.0,12587.5,6.773586e-06,3.386793e-05,0
12590.0,12595.0,12592.5,8.940348e-06,4.470174e-05,0
12595.0,12600.0,12597.5,8.697176e-06,4.348588e-05,0
12600.0,12605.0,12602.5,1.631854e-06,8.15927e-06,0
12610.0,12615.0,12612.5,5.567812e-06,2.783906e-05,0
12615.0,12620.0,12617.5,7.09277e-06,3.546385e-05,0
12620.0,12625.0,12622.5,7.289886e-06,3.644943e-05,0
12625.0,12630.0,12627.5,1.0675952e-05,5.337976e-05,0
12630.0,12635.0,12632.5,1.2528404e-05,6.264202e-05,0
12635.0,12640.0,12637.5,5.417372e-06,2.708686e-05,0
12640.0,12645.0,12642.5,1.5762152e-05,7.881076e-05,0
12645.0,12650.0,12647.5,8.96598e-06,4.48299e-05,0
12650.0,12655.0,12652.5,7.04471e-06,3.522355e-05,0
12655.0,12660.0,12657.5,7.152518e-06,3.576259e-05,0
12660.0,12665.0,12662.5,3.61123e-06,1.805615e-05,0
12665.0,12670.0,12667.5,8.90141e-06,4.450705e-05,0
12670.0,12675.0,12672.5,1.0055064e-05,5.027532e-05,0
12675.0,12680.0,12677.5,9.124598e-06,4.562299e-05,0
12680.0,12685.0,12682.5,1.4198064e-05,7.099032e-05,0
12685.0,12690.0,12687.5,1.0075072e-05,5.037536e-05,0
12690.0,12695.0,12692.5,5.343906e-06,2.671953e-05,0
12695.0,12700.0,12697.5,5.278758e-06,2.639379e-05,0
12700.0,12705.0,12702.5,7.110314e-06,3.555157e-05,0
12705.0,12710.0,12707.5,6.773586e-06,3.386793e-05,0
12710.0,12715.0,12712.5,5.14174e-06,2.57087e-05,0
12715.0,12720.0,12717.5,7.09277e-06,3.546385e-05,0
12720.0,12725.0,12722.5,1.6099966e-05,8.049983e-05,0
12725.0,12730.0,12727.5,8.662616e-06,4.331308e-05,0
12730.0,12735.0,12732.5,7.001166e-06,3.500583e-05,0
12735.0,12740.0,12737.5,7.121996e-06,3.560998e-05,0
12740.0,12745.0,12742.5,1.0855698e-05,5.427849e-05,0
12745.0,12750.0,12747.5,5.417372e-06,2.708686e-05,0
12750.0,12755.0,12752.5,1.8058788e-05,9.029394e-05,0
12755.0,12760.0,12757.5,1.072756e-05,5.36378e-05,0
12760.0,12765.0,12762.5,1.2208698e-05,6.104349e-05,0
12765.0,12770.0,12767.5,8.90599e-06,4.452995e-05,0
12770.0,12775.0,12772.5,3.357182e-06,1.678591e-05,0
12775.0,12780.0,12777.5,5.26257e-06,2.631285e-05,0
12780.0,12785.0,12782.5,7.126896e-06,3.563448e-05,0
12785.0,12790.0,12787.5,1.08082e-05,5.4041e-05,0
12790.0,12795.0,12792.5,5.062502e-06,2.531251e-05,0
12795.0,12800.0,12797.5,8.302582e-06,4.151291e-05,0
12800.0,12805.0,12802.5,1.0458844e-05,5.229422e-05,0
12805.0,12810.0,12807.5,1.5855846e-05,7.927923e-05,0
12810.0,12815.0,12812.5,1.217397e-05,6.086985e-05,0
12815.0,12820.0,12817.5,6.947318e-06,3.473659e-05,0
12820.0,12825.0,12822.5,1.4249584e-05,7.124792e-05,0
12825.0,12830.0,12827.5,8.670556e-06,4.335278e-05,0
12830.0,12835.0,12832.5,1.0590486e-05,5.295243e-05,0
12835.0,12840.0,12837.5,7.065414e-06,3.532707e-05,0
12840.0,12845.0,12842.5,1.222282e-05,6.11141e-05,0
12845.0,12850.0,12847.5,1.8072424e-05,9.036212e-05,0
12850.0,12855.0,12852.5,9.002368e-06,4.501184e-05,0
12855.0,12860.0,12857.5,7.321192e-06,3.660596e-05,0
12860.0,12865.0,12862.5,4.96902e-06,2.48451e-05,0
12865.0,12870.0,12867.5,8.825656e-06,4.412828e-05,0
12870.0,12875.0,12872.5,1.5806186e-05,7.903093e-05,0
12875.0,12880.0,12877.5,3.575014e-06,1.787507e-05,0
12880.0,12885.0,12882.5,3.630716e-06,1.815358e-05,0
12885.0,12890.0,12887.5,7.224982e-06,3.612491e-05,0
12890.0,12895.0,12892.5,1.5379508e-05,7.689754e-05,0
12895.0,12900.0,12897.5,1.2527268e-05,6.263634e-05,0
12900.0,12905.0,12902.5,1.252228e-05,6.26114e-05,0
12905.0,12910.0,12907.5,1.4325386e-05,7.162693e-05,0
12910.0,12915.0,12912.5,6.898466e-06,3.449233e-05,0
12915.0,12920.0,12917.5,1.2048156e-05,6.024078e-05,0
12920.0,12925.0,12922.5,5.275512e-06,2.637756e-05,0
12925.0,12930.0,12927.5,6.838714e-06,3.419357e-05,0
12930.0,12935.0,12932.5,3.690468e-06,1.845234e-05,0
12935.0,12940.0,12937.5,3.49772e-06,1.74886e-05,0
12940.0,12945.0,12942.5,7.370522e-06,3.685261e-05,0
12945.0,12950.0,12947.5,1.0232028e-05,5.116014e-05,0
12950.0,12955.0,12952.5,1.217576e-05,6.08788e-05,0
12955.0,12960.0,12957.5,7.564818e-06,3.782409e-05,0
12960.0,12965.0,12962.5,8.37966e-06,4.18983e-05,0
12965.0,12970.0,12967.5,8.970802e-06,4.485401e-05,0
12970.0,12975.0,12972.5,3.647478e-06,1.823739e-05,0
12975.0,12980.0,12977.5,6.907366e-06,3.453683e-05,0
12980.0,12985.0,12982.5,1.2484942e-05,6.242471e-05,0
12985.0,12990.0,12987.5,6.749974e-06,3.374987e-05,0
12990.0,12995.0,12992.5,6.864824e-06,3.432412e-05,0
12995.0,13000.0,12997.5,8.967764e-06,4.483882e-05,0
13000.0,13005.0,13002.5,5.339084e-06,2.669542e-05,0
13005.0,13010.0,13007.5,1.232208e-05,6.16104e-05,0
13010.0,13015.0,13012.5,7.221938e-06,3.610969e-05,0
13015.0,13020.0,13017.5,1.0337576e-05,5.168788e-05,0
13020.0,13025.0,13022.5,1.70532e-06,8.5266e-06,0
13025.0,13030.0,13027.5,5.044654e-06,2.522327e-05,0
13030.0,13035.0,13032.5,1.3819538e-05,6.909769e-05,0
13035.0,13040.0,13037.5,1.0770554e-05,5.385277e-05,0
13040.0,13045.0,13042.5,1.1018704e-05,5.509352e-05,0
13045.0,13050.0,13047.5,5.468558e-06,2.734279e-05,0
13050.0,13055.0,13052.5,1.0963852e-05,5.481926e-05,0
13055.0,13060.0,13057.5,7.09277e-06,3.546385e-05,0
13060.0,13065.0,13062.5,9.081364e-06,4.540682e-05,0
13065.0,13070.0,13067.5,7.080078e-06,3.540039e-05,0
13070.0,13075.0,13072.5,8.401828e-06,4.200914e-05,0
13075.0,13080.0,13077.5,8.63643e-06,4.318215e-05,0
13080.0,13085.0,13082.5,1.2354584e-05,6.177292e-05,0
13085.0,13090.0,13087.5,1.6336506e-05,8.168253e-05,0
13090.0,13095.0,13092.5,8.676142e-06,4.338071e-05,0
13100.0,13105.0,13102.5,1.060572e-05,5.30286e-05,0
13105.0,13110.0,13107.5,8.934424e-06,4.467212e-05,0
13110.0,13115.0,13112.5,8.820042e-06,4.410021e-05,0
13115.0,13120.0,13117.5,1.0413728e-05,5.206864e-05,0
13120.0,13125.0,13122.5,5.495042e-06,2.747521e-05,0
13125.0,13130.0,13127.5,5.217374e-06,2.608687e-05,0
13130.0,13135.0,13132.5,1.0007902e-05,5.003951e-05,0
13135.0,13140.0,13137.5,1.0320166e-05,5.160083e-05,0
13140.0,13145.0,13142.5,1.2804082e-05,6.402041e-05,0
13145.0,13150.0,13147.5,8.446948e-06,4.223474e-05,0
13150.0,13155.0,13152.5,1.4181704e-05,7.090852e-05,0
13155.0,13160.0,13157.5,1.4373752e-05,7.186876e-05,0
13160.0,13165.0,13162.5,1.7704612e-05,8.852306e-05,0
13165.0,13170.0,13167.5,1.2344654e-05,6.172327e-05,0
13170.0,13175.0,13172.5,1.0516506e-05,5.258253e-05,0
13175.0,13180.0,13177.5,7.22037e-06,3.610185e-05,0
13180.0,13185.0,13182.5,1.631854e-06,8.15927e-06,0
13185.0,13190.0,13187.5,8.832762e-06,4.416381e-05,0
13190.0,13195.0,13192.5,1.0408352e-05,5.204176e-05,0
13195.0,13200.0,13197.5,5.336036e-06,2.668018e-05,0
13200.0,13205.0,13202.5,7.09277e-06,3.546385e-05,0
13205.0,13210.0,13207.5,1.2674354e-05,6.337177e-05,0
13210.0,13215.0,13212.5,1.0731832e-05,5.365916e-05,0
13215.0,13220.0,13217.5,1.2106822e-05,6.053411e-05,0
13220.0,13225.0,13222.5,7.265482e-06,3.632741e-05,0
13225.0,13230.0,13227.5,1.624414e-05,8.12207e-05,0
13230.0,13235.0,13232.5,1.0892914e-05,5.446457e-05,0
13235.0,13240.0,13237.5,5.255712e-06,2.627856e-05,0
13240.0,13245.0,13242.5,3.509886e-06,1.754943e-05,0
13245.0,13250.0,13247.5,6.939448e-06,3.469724e-05,0
13250.0,13255.0,13252.5,1.4213882e-05,7.106941e-05,0
13255.0,13260.0,13257.5,6.956214e-06,3.478107e-05,0
13260.0,13265.0,13262.5,9.075842e-06,4.537921e-05,0
13265.0,13270.0,13267.5,1.2500008e-05,6.250004e-05,0
13270.0,13275.0,13272.5,6.766736e-06,3.383368e-05,0
13275.0,13280.0,13277.5,8.67321e-06,4.336605e-05,0
13280.0,13285.0,13282.5,5.202046e-06,2.601023e-05,0
13285.0,13290.0,13287.5,1.2698614e-05,6.349307e-05,0
13290.0,13295.0,13292.5,2.3370474e-05,0.00011685237,0
13295.0,13300.0,13297.5,1.0574604e-05,5.287302e-05,0
13300.0,13305.0,13302.5,7.33343e-06,3.666715e-05,0
13305.0,13310.0,13307.5,1.0965686e-05,5.482843e-05,0
13310.0,13315.0,13312.5,1.406627e-05,7.033135e-05,0
13315.0,13320.0,13317.5,1.6257964e-05,8.128982e-05,0
13320.0,13325.0,13322.5,5.32387e-06,2.661935e-05,0
13325.0,13330.0,13327.5,5.528864e-06,2.764432e-05,0
13330.0,13335.0,13332.5,8.750994e-06,4.375497e-05,0
13335.0,13340.0,13337.5,5.215206e-06,2.607603e-05,0
13340.0,13345.0,13342.5,1.069701e-05,5.348505e-05,0
13345.0,13350.0,13347.5,1.8017152e-05,9.008576e-05,0
13350.0,13355.0,13352.5,1.7074954e-05,8.537477e-05,0
13355.0,13360.0,13357.5,1.5773304e-05,7.886652e-05,0
13360.0,13365.0,13362.5,2.1303248e-05,0.00010651624,0
13365.0,13370.0,13367.5,1.4096788e-05,7.048394e-05,0
13370.0,13375.0,13372.5,1.4076136e-05,7.038068e-05,0
13375.0,13380.0,13377.5,1.4226816e-05,7.113408e-05,0
13380.0,13385.0,13382.5,1.4346684e-05,7.173342e-05,0
13385.0,13390.0,13387.5,5.256798e-06,2.628399e-05,0
13390.0,13395.0,13392.5,1.0561764e-05,5.280882e-05,0
13395.0,13400.0,13397.5,8.535926e-06,4.267963e-05,0
13400.0,13405.0,13402.5,7.067144e-06,3.533572e-05,0
13405.0,13410.0,13407.5,1.2242396e-05,6.121198e-05,0
13410.0,13415.0,13412.5,7.337946e-06,3.668973e-05,0
13415.0,13420.0,13417.5,7.301694e-06,3.650847e-05,0
13420.0,13425.0,13422.5,1.2661026e-05,6.330513e-05,0
13425.0,13430.0,13427.5,5.231968e-06,2.615984e-05,0
13430.0,13435.0,13432.5,1.5447328e-05,7.723664e-05,0
13435.0,13440.0,13437.5,1.4015198e-05,7.007599e-05,0
13440.0,13445.0,13442.5,7.195462e-06,3.597731e-05,0
13445.0,13450.0,13447.5,1.055429e-05,5.277145e-05,0
13450.0,13455.0,13452.5,8.749696e-06,4.374848e-05,0
13455.0,13460.0,13457.5,1.0835124e-05,5.417562e-05,0
13460.0,13465.0,13462.5,1.6079546e-05,8.039773e-05,0
13465.0,13470.0,13467.5,5.331214e-06,2.665607e-05,0
13470.0,13475.0,13472.5,3.590526e-06,1.795263e-05,0
13475.0,13480.0,13477.5,9.00028e-06,4.50014e-05,0
13480.0,13485.0,13482.5,7.128982e-06,3.564491e-05,0
13485.0,13490.0,13487.5,6.84706e-06,3.42353e-05,0
13490.0,13495.0,13492.5,5.24658e-06,2.62329e-05,0
13495.0,13500.0,13497.5,7.033018e-06,3.516509e-05,0
13500.0,13505.0,13502.5,7.233882e-06,3.616941e-05,0
13505.0,13510.0,13507.5,1.0386372e-05,5.193186e-05,0
13510.0,13515.0,13512.5,8.992386e-06,4.496193e-05,0
13515.0,13520.0,13517.5,5.292234e-06,2.646117e-05,0
13520.0,13525.0,13522.5,7.033018e-06,3.516509e-05,0
13525.0,13530.0,13527.5,9.103324e-06,4.551662e-05,0
13530.0,13535.0,13532.5,1.0796256e-05,5.398128e-05,0
13535.0,13540.0,13537.5,4.871934e-06,2.435967e-05,0
13540.0,13545.0,13542.5,8.58757e-06,4.293785e-05,0
13545.0,13550.0,13547.5,3.453182e-06,1.726591e-05,0
13550.0,13555.0,13552.5,8.75219e-06,4.376095e-05,0
13555.0,13560.0,13557.5,1.0769474e-05,5.384737e-05,0
13560.0,13565.0,13562.5,1.4113088e-05,7.056544e-05,0
13565.0,13570.0,13567.5,1.4169638e-05,7.084819e-05,0
13570.0,13575.0,13572.5,1.029289e-05,5.146445e-05,0
13575.0,13580.0,13577.5,5.042494e-06,2.521247e-05,0
13580.0,13585.0,13582.5,1.271837e-05,6.359185e-05,0
13585.0,13590.0,13587.5,1.237206e-05,6.18603e-05,0
13590.0,13595.0,13592.5,3.690468e-06,1.845234e-05,0
13595.0,13600.0,13597.5,7.166236e-06,3.583118e-05,0
13600.0,13605.0,13602.5,7.298448e-06,3.649224e-05,0
13605.0,13610.0,13607.5,1.2787894e-05,6.393947e-05,0
13610.0,13615.0,13612.5,1.0382548e-05,5.191274e-05,0
13615.0,13620.0,13617.5,1.6225948e-05,8.112974e-05,0
13620.0,13625.0,13622.5,5.20304e-06,2.60152e-05,0
13625.0,13630.0,13627.5,1.3913502e-05,6.956751e-05,0
13630.0,13635.0,13632.5,1.0808852e-05,5.404426e-05,0
13635.0,13640.0,13637.5,8.841626e-06,4.420813e-05,0
13640.0,13645.0,13642.5,1.257924e-05,6.28962e-05,0
13645.0,13650.0,13647.5,1.0808852e-05,5.404426e-05,0
13650.0,13655.0,13652.5,9.032334e-06,4.516167e-05,0
13655.0,13660.0,13657.5,3.526648e-06,1.763324e-05,0
13660.0,13665.0,13662.5,3.43642e-06,1.71821e-05,0
13665.0,13670.0,13667.5,8.697268e-06,4.348634e-05,0
13670.0,13675.0,13672.5,8.685154e-06,4.342577e-05,0
13675.0,13680.0,13677.5,1.0464062e-05,5.232031e-05,0
13680.0,13685.0,13682.5,8.9698e-06,4.4849e-05,0
13685.0,13690.0,13687.5,8.64959e-06,4.324795e-05,0
13690.0,13695.0,13692.5,1.7415744e-05,8.707872e-05,0
13695.0,13700.0,13697.5,8.615932e-06,4.307966e-05,0
13700.0,13705.0,13702.5,9.125752e-06,4.562876e-05,0
13705.0,13710.0,13707.5,3.784822e-06,1.892411e-05,0
13710.0,13715.0,13712.5,9.124908e-06,4.562454e-05,0
13715.0,13720.0,13717.5,3.337174e-06,1.668587e-05,0
13720.0,13725.0,13722.5,7.221938e-06,3.610969e-05,0
13725.0,13730.0,13727.5,3.690468e-06,1.845234e-05,0
13730.0,13735.0,13732.5,1.2577206e-05,6.288603e-05,0
13735.0,13740.0,13737.5,1.928997e-05,9.644985e-05,0
13740.0,13745.0,13742.5,9.172964e-06,4.586482e-05,0
13745.0,13750.0,13747.5,7.049198e-06,3.524599e-05,0
13750.0,13755.0,13752.5,8.856828e-06,4.428414e-05,0
13755.0,13760.0,13757.5,1.4137464e-05,7.068732e-05,0
13760.0,13765.0,13762.5,7.00084e-06,3.50042e-05,0
13765.0,13770.0,13767.5,1.0489664e-05,5.244832e-05,0
13770.0,13775.0,13772.5,5.280334e-06,2.640167e-05,0
13775.0,13780.0,13777.5,3.591222e-06,1.795611e-05,0
13780.0,13785.0,13782.5,5.34798e-06,2.67399e-05,0
13785.0,13790.0,13787.5,9.052134e-06,4.526067e-05,0
13790.0,13795.0,13792.5,7.26952e-06,3.63476e-05,0
13795.0,13800.0,13797.5,5.43738e-06,2.71869e-05,0
13800.0,13805.0,13802.5,9.085568e-06,4.542784e-05,0
13805.0,13810.0,13807.5,1.0663834e-05,5.331917e-05,0
13810.0,13815.0,13812.5,8.789744e-06,4.394872e-05,0
13815.0,13820.0,13817.5,8.99846e-06,4.49923e-05,0
13820.0,13825.0,13822.5,8.84897e-06,4.424485e-05,0
13825.0,13830.0,13827.5,3.634766e-06,1.817383e-05,0
13830.0,13835.0,13832.5,7.535038e-06,3.767519e-05,0
13835.0,13840.0,13837.5,1.6219488e-05,8.109744e-05,0
13840.0,13845.0,13842.5,3.313554e-06,1.656777e-05,0
13845.0,13850.0,13847.5,1.0598828e-05,5.299414e-05,0
13850.0,13855.0,13852.5,9.004286e-06,4.502143e-05,0
13855.0,13860.0,13857.5,8.708408e-06,4.354204e-05,0
13860.0,13865.0,13862.5,1.2030384e-05,6.015192e-05,0
13865.0,13870.0,13867.5,5.179512e-06,2.589756e-05,0
13870.0,13875.0,13872.5,5.14174e-06,2.57087e-05,0
13875.0,13880.0,13877.5,1.267321e-05,6.336605e-05,0
13880.0,13885.0,13882.5,7.346814e-06,3.673407e-05,0
13885.0,13890.0,13887.5,8.651634e-06,4.325817e-05,0
13890.0,13895.0,13892.5,8.58025e-06,4.290125e-05,0
13895.0,13900.0,13897.5,1.217467e-05,6.087335e-05,0
13905.0,13910.0,13907.5,5.360094e-06,2.680047e-05,0
13910.0,13915.0,13912.5,3.429562e-06,1.714781e-05,0
13915.0,13920.0,13917.5,1.748864e-06,8.74432e-06,0
13920.0,13925.0,13922.5,8.77447e-06,4.387235e-05,0
13925.0,13930.0,13927.5,8.711932e-06,4.355966e-05,0
13930.0,13935.0,13932.5,1.4044544e-05,7.022272e-05,0
13935.0,13940.0,13937.5,1.0458752e-05,5.229376e-05,0
13940.0,13945.0,13942.5,1.3819538e-05,6.909769e-05,0
13945.0,13950.0,13947.5,8.900782e-06,4.450391e-05,0
13950.0,13955.0,13952.5,1.237779e-05,6.188895e-05,0
13955.0,13960.0,13957.5,3.590526e-06,1.795263e-05,0
13960.0,13965.0,13962.5,9.144606e-06,4.572303e-05,0
13965.0,13970.0,13967.5,7.26066e-06,3.63033e-05,0
13970.0,13975.0,13972.5,7.080078e-06,3.540039e-05,0
13975.0,13980.0,13977.5,1.4362284e-05,7.181142e-05,0
13980.0,13985.0,13982.5,1.0328028e-05,5.164014e-05,0
13985.0,13990.0,13987.5,8.704584e-06,4.352292e-05,0
13990.0,13995.0,13992.5,3.526648e-06,1.763324e-05,0
13995.0,14000.0,13997.5,8.827316e-06,4.413658e-05,0
14000.0,14005.0,14002.5,9.103324e-06,4.551662e-05,0
14005.0,14010.0,14007.5,5.315854e-06,2.657927e-05,0
14010.0,14015.0,14012.5,1.240527e-05,6.202635e-05,0
14015.0,14020.0,14017.5,8.465752e-06,4.232876e-05,0
14020.0,14025.0,14022.5,9.103324e-06,4.551662e-05,0
14025.0,14030.0,14027.5,5.41255e-06,2.706275e-05,0
14030.0,14035.0,14032.5,1.804566e-06,9.02283e-06,0
14035.0,14040.0,14037.5,3.494136e-06,1.747068e-05,0
14040.0,14045.0,14042.5,8.614922e-06,4.307461e-05,0
14045.0,14050.0,14047.5,1.0639724e-05,5.319862e-05,0
14050.0,14055.0,14052.5,1.419767e-05,7.098835e-05,0
14055.0,14060.0,14057.5,1.2486986e-05,6.243493e-05,0
14060.0,14065.0,14062.5,1.0793668e-05,5.396834e-05,0
14065.0,14070.0,14067.5,1.0688066e-05,5.344033e-05,0
14070.0,14075.0,14072.5,5.383622e-06,2.691811e-05,0
14075.0,14080.0,14077.5,8.793268e-06,4.396634e-05,0
14080.0,14085.0,14082.5,1.0781862e-05,5.390931e-05,0
14085.0,14090.0,14087.5,7.198956e-06,3.599478e-05,0
14090.0,14095.0,14092.5,8.76029e-06,4.380145e-05,0
14095.0,14100.0,14097.5,5.062502e-06,2.531251e-05,0
14100.0,14105.0,14102.5,1.631854e-06,8.15927e-06,0
14105.0,14110.0,14107.5,7.273132e-06,3.636566e-05,0
14110.0,14115.0,14112.5,5.231968e-06,2.615984e-05,0
14115.0,14120.0,14117.5,7.162564e-06,3.581282e-05,0
14120.0,14125.0,14122.5,8.978668e-06,4.489334e-05,0
14125.0,14130.0,14127.5,1.2509922e-05,6.254961e-05,0
14130.0,14135.0,14132.5,5.41255e-06,2.706275e-05,0
14135.0,14140.0,14137.5,1.821328e-06,9.10664e-06,0
14140.0,14145.0,14142.5,1.2218838e-05,6.109419e-05,0
14145.0,14150.0,14147.5,1.6440276e-05,8.220138e-05,0
14150.0,14155.0,14152.5,3.707536e-06,1.853768e-05,0
14155.0,14160.0,14157.5,8.760752e-06,4.380376e-05,0
14160.0,14165.0,14162.5,6.854922e-06,3.427461e-05,0
14165.0,14170.0,14167.5,1.804566e-06,9.02283e-06,0
14170.0,14175.0,14172.5,1.2462702e-05,6.231351e-05,0
14175.0,14180.0,14177.5,7.260958e-06,3.630479e-05,0
14180.0,14185.0,14182.5,3.690468e-06,1.845234e-05,0
14185.0,14190.0,14187.5,1.748864e-06,8.74432e-06,0
14190.0,14195.0,14192.5,1.2050396e-05,6.025198e-05,0
14195.0,14200.0,14197.5,5.183332e-06,2.591666e-05,0
14200.0,14205.0,14202.5,6.890604e-06,3.445302e-05,0
14205.0,14210.0,14207.5,8.761862e-06,4.380931e-05,0
14210.0,14215.0,14212.5,1.2234502e-05,6.117251e-05,0
14215.0,14220.0,14217.5,1.0657662e-05,5.328831e-05,0
14220.0,14225.0,14222.5,1.0940618e-05,5.470309e-05,0
14225.0,14230.0,14227.5,6.886992e-06,3.443496e-05,0
14230.0,14235.0,14232.5,1.2484034e-05,6.242017e-05,0
14235.0,14240.0,14237.5,9.066e-06,4.533e-05,0
14240.0,14245.0,14242.5,8.754546e-06,4.377273e-05,0
14245.0,14250.0,14247.5,1.201559e-05,6.007795e-05,0
14255.0,14260.0,14257.5,5.042494e-06,2.521247e-05,0
14260.0,14265.0,14262.5,5.497128e-06,2.748564e-05,0
14265.0,14270.0,14267.5,1.2502642e-05,6.251321e-05,0
14270.0,14275.0,14272.5,1.2220308e-05,6.110154e-05,0
14275.0,14280.0,14277.5,8.5156e-06,4.2578e-05,0
14280.0,14285.0,14282.5,8.619668e-06,4.309834e-05,0
14285.0,14290.0,14287.5,1.885902e-06,9.42951e-06,0
14290.0,14295.0,14292.5,5.520664e-06,2.760332e-05,0
14295.0,14300.0,14297.5,3.60914e-06,1.80457e-05,0
14300.0,14305.0,14302.5,7.04765e-06,3.523825e-05,0
14305.0,14310.0,14307.5,1.6034662e-05,8.017331e-05,0
14310.0,14315.0,14312.5,9.02224e-06,4.51112e-05,0
14315.0,14320.0,14317.5,9.096852e-06,4.548426e-05,0
14320.0,14325.0,14322.5,5.456094e-06,2.728047e-05,0
14325.0,14330.0,14327.5,3.529894e-06,1.764947e-05,0
14330.0,14335.0,14332.5,8.44899e-06,4.224495e-05,0
14335.0,14340.0,14337.5,7.07908e-06,3.53954e-05,0
14340.0,14345.0,14342.5,5.393056e-06,2.696528e-05,0
14350.0,14355.0,14352.5,6.867068e-06,3.433534e-05,0
14355.0,14360.0,14357.5,3.634766e-06,1.817383e-05,0
14360.0,14365.0,14362.5,5.149602e-06,2.574801e-05,0
14365.0,14370.0,14367.5,1.6096678e-05,8.048339e-05,0
14370.0,14375.0,14372.5,8.695178e-06,4.347589e-05,0
14375.0,14380.0,14377.5,6.979834e-06,3.489917e-05,0
14380.0,14385.0,14382.5,4.965416e-06,2.482708e-05,0
14385.0,14390.0,14387.5,5.37958e-06,2.68979e-05,0
14390.0,14395.0,14392.5,1.2464242e-05,6.232121e-05,0
14395.0,14400.0,14397.5,1.0855698e-05,5.427849e-05,0
14400.0,14405.0,14402.5,5.395788e-06,2.697894e-05,0
14405.0,14410.0,14407.5,9.069682e-06,4.534841e-05,0
14410.0,14415.0,14412.5,1.804566e-06,9.02283e-06,0
14415.0,14420.0,14417.5,1.057912e-05,5.28956e-05,0
14420.0,14425.0,14422.5,1.0563158e-05,5.281579e-05,0
14425.0,14430.0,14427.5,1.958672e-06,9.79336e-06,0
14430.0,14435.0,14432.5,7.100086e-06,3.550043e-05,0
14435.0,14440.0,14437.5,7.337946e-06,3.668973e-05,0
14440.0,14445.0,14442.5,5.439332e-06,2.719666e-05,0
14445.0,14450.0,14447.5,3.55343e-06,1.776715e-05,0
14450.0,14455.0,14452.5,7.152546e-06,3.576273e-05,0
14455.0,14460.0,14457.5,5.14174e-06,2.57087e-05,0
14460.0,14465.0,14462.5,1.2488554e-05,6.244277e-05,0
14465.0,14470.0,14467.5,8.849972e-06,4.424986e-05,0
14470.0,14475.0,14472.5,1.0800298e-05,5.400149e-05,0
14475.0,14480.0,14477.5,3.546656e-06,1.773328e-05,0
14480.0,14485.0,14482.5,3.575014e-06,1.787507e-05,0
14485.0,14490.0,14487.5,1.631854e-06,8.15927e-06,0
14490.0,14495.0,14492.5,9.14252e-06,4.57126e-05,0
14495.0,14500.0,14497.5,7.161414e-06,3.580707e-05,0
14500.0,14505.0,14502.5,7.225292e-06,3.612646e-05,0
14505.0,14510.0,14507.5,1.0568836e-05,5.284418e-05,0
14510.0,14515.0,14512.5,3.380718e-06,1.690359e-05,0
14515.0,14520.0,14517.5,5.395092e-06,2.697546e-05,0
14520.0,14525.0,14522.5,6.991948e-06,3.495974e-05,0
14525.0,14530.0,14527.5,1.0966244e-05,5.483122e-05,0
14530.0,14535.0,14532.5,5.296542e-06,2.648271e-05,0
14535.0,14540.0,14537.5,1.2102772e-05,6.051386e-05,0
14540.0,14545.0,14542.5,6.910612e-06,3.455306e-05,0
14545.0,14550.0,14547.5,6.694348e-06,3.347174e-05,0
14550.0,14555.0,14552.5,5.383622e-06,2.691811e-05,0
14555.0,14560.0,14557.5,1.885902e-06,9.42951e-06,0
14560.0,14565.0,14562.5,3.690468e-06,1.845234e-05,0
14565.0,14570.0,14567.5,5.377628e-06,2.688814e-05,0
14570.0,14575.0,14572.5,1.958672e-06,9.79336e-06,0
14575.0,14580.0,14577.5,7.200908e-06,3.600454e-05,0
14580.0,14585.0,14582.5,5.511796e-06,2.755898e-05,0
14585.0,14590.0,14587.5,1.1015032e-05,5.507516e-05,0
14590.0,14595.0,14592.5,5.280334e-06,2.640167e-05,0
14595.0,14600.0,14597.5,9.57504e-06,4.78752e-05,0
14600.0,14605.0,14602.5,6.851318e-06,3.425659e-05,0
14605.0,14610.0,14607.5,1.2269974e-05,6.134987e-05,0
14610.0,14615.0,14612.5,1.821328e-06,9.10664e-06,0
14615.0,14620.0,14617.5,1.3915952e-05,6.957976e-05,0
14620.0,14625.0,14622.5,8.797386e-06,4.398693e-05,0
14625.0,14630.0,14627.5,1.631854e-06,8.15927e-06,0
14630.0,14635.0,14632.5,1.2456954e-05,6.228477e-05,0
14635.0,14640.0,14637.5,1.0571056e-05,5.285528e-05,0
14640.0,14645.0,14642.5,7.56e-06,3.78e-05,0
14645.0,14650.0,14647.5,3.55343e-06,1.776715e-05,0
14650.0,14655.0,14652.5,6.97194e-06,3.48597e-05,0
14655.0,14660.0,14657.5,5.275512e-06,2.637756e-05,0
14660.0,14665.0,14662.5,5.280334e-06,2.640167e-05,0
14665.0,14670.0,14667.5,1.885902e-06,9.42951e-06,0
14670.0,14675.0,14672.5,3.634766e-06,1.817383e-05,0
14675.0,14680.0,14677.5,6.67434e-06,3.33717e-05,0
14680.0,14685.0,14682.5,1.631854e-06,8.15927e-06,0
14685.0,14690.0,14687.5,1.725328e-06,8.62664e-06,0
14690.0,14695.0,14692.5,6.97194e-06,3.48597e-05,0
14695.0,14700.0,14697.5,5.086038e-06,2.543019e-05,0
14700.0,14705.0,14702.5,6.979834e-06,3.489917e-05,0
14705.0,14710.0,14707.5,3.53147e-06,1.765735e-05,0
14710.0,14715.0,14712.5,5.298702e-06,2.649351e-05,0
14715.0,14720.0,14717.5,1.2174976e-05,6.087488e-05,0
14720.0,14725.0,14722.5,8.659488e-06,4.329744e-05,0
14725.0,14730.0,14727.5,3.2637e-06,1.63185e-05,0
14730.0,14735.0,14732.5,1.0230028e-05,5.115014e-05,0
14735.0,14740.0,14737.5,7.100086e-06,3.550043e-05,0
14740.0,14745.0,14742.5,1.748864e-06,8.74432e-06,0
14745.0,14750.0,14747.5,7.188188e-06,3.594094e-05,0
14750.0,14755.0,14752.5,5.280334e-06,2.640167e-05,0
14755.0,14760.0,14757.5,3.53147e-06,1.765735e-05,0
14760.0,14765.0,14762.5,1.0361542e-05,5.180771e-05,0
14765.0,14770.0,14767.5,7.121116e-06,3.560558e-05,0
14770.0,14775.0,14772.5,1.5885112e-05,7.942556e-05,0
14775.0,14780.0,14777.5,8.619668e-06,4.309834e-05,0
14780.0,14785.0,14782.5,9.219332e-06,4.609666e-05,0
14785.0,14790.0,14787.5,8.949226e-06,4.474613e-05,0
14790.0,14795.0,14792.5,1.1953014e-05,5.976507e-05,0
14795.0,14800.0,14797.5,3.70723e-06,1.853615e-05,0
14800.0,14805.0,14802.5,3.575014e-06,1.787507e-05,0
14805.0,14810.0,14807.5,5.223048e-06,2.611524e-05,0
14810.0,14815.0,14812.5,1.0729406e-05,5.364703e-05,0
14815.0,14820.0,14817.5,6.90636e-06,3.45318e-05,0
14820.0,14825.0,14822.5,1.0907198e-05,5.453599e-05,0
14825.0,14830.0,14827.5,8.349744e-06,4.174872e-05,0
14830.0,14835.0,14832.5,6.954168e-06,3.477084e-05,0
14835.0,14840.0,14837.5,6.924844e-06,3.462422e-05,0
14840.0,14845.0,14842.5,1.2122142e-05,6.061071e-05,0
14850.0,14855.0,14852.5,8.892514e-06,4.446257e-05,0
14855.0,14860.0,14857.5,7.16466e-06,3.58233e-05,0
14860.0,14865.0,14862.5,7.02919e-06,3.514595e-05,0
14865.0,14870.0,14867.5,7.108974e-06,3.554487e-05,0
14870.0,14875.0,14872.5,1.0775376e-05,5.387688e-05,0
14875.0,14880.0,14877.5,8.725174e-06,4.362587e-05,0
14880.0,14885.0,14882.5,3.784822e-06,1.892411e-05,0
14885.0,14890.0,14887.5,6.910612e-06,3.455306e-05,0
14890.0,14895.0,14892.5,5.25875e-06,2.629375e-05,0
14895.0,14900.0,14897.5,9.120858e-06,4.560429e-05,0
14900.0,14905.0,14902.5,1.748864e-06,8.74432e-06,0
14905.0,14910.0,14907.5,1.1706834e-05,5.853417e-05,0
14910.0,14915.0,14912.5,5.26662e-06,2.63331e-05,0
14915.0,14920.0,14917.5,1.248528e-05,6.24264e-05,0
14920.0,14925.0,14922.5,5.490142e-06,2.745071e-05,0
14925.0,14930.0,14927.5,1.0542426e-05,5.271213e-05,0
14930.0,14935.0,14932.5,3.43642e-06,1.71821e-05,0
14935.0,14940.0,14937.5,3.690468e-06,1.845234e-05,0
14940.0,14945.0,14942.5,5.178426e-06,2.589213e-05,0
14950.0,14955.0,14952.5,7.062322e-06,3.531161e-05,0
14955.0,14960.0,14957.5,6.963068e-06,3.481534e-05,0
14960.0,14965.0,14962.5,3.7718e-06,1.8859e-05,0
14965.0,14970.0,14967.5,1.7832468e-05,8.916234e-05,0
14970.0,14975.0,14972.5,7.006612e-06,3.503306e-05,0
14975.0,14980.0,14977.5,6.96789e-06,3.483945e-05,0
14980.0,14985.0,14982.5,5.275512e-06,2.637756e-05,0
14985.0,14990.0,14987.5,8.98304e-06,4.49152e-05,0
14990.0,14995.0,14992.5,5.185284e-06,2.592642e-05,0
14995.0,15000.0,14997.5,3.529894e-06,1.764947e-05,0
15000.0,15005.0,15002.5,8.765598e-06,4.382799e-05,0
15005.0,15010.0,15007.5,1.885902e-06,9.42951e-06,0
15010.0,15015.0,15012.5,3.55343e-06,1.776715e-05,0
15015.0,15020.0,15017.5,7.35446e-06,3.67723e-05,0
15020.0,15025.0,15022.5,8.986314e-06,4.493157e-05,0
15025.0,15030.0,15027.5,3.55343e-06,1.776715e-05,0
15030.0,15035.0,15032.5,5.340086e-06,2.670043e-05,0
15035.0,15040.0,15037.5,1.2226156e-05,6.113078e-05,0
15040.0,15045.0,15042.5,1.82615e-06,9.13075e-06,0
15045.0,15050.0,15047.5,1.5894344e-05,7.947172e-05,0
15055.0,15060.0,15057.5,5.129574e-06,2.564787e-05,0
15060.0,15065.0,15062.5,5.062418e-06,2.531209e-05,0
15065.0,15070.0,15067.5,7.011434e-06,3.505717e-05,0
15070.0,15075.0,15072.5,6.833892e-06,3.416946e-05,0
15075.0,15080.0,15077.5,5.432864e-06,2.716432e-05,0
15080.0,15085.0,15082.5,3.70723e-06,1.853615e-05,0
15085.0,15090.0,15087.5,5.199456e-06,2.599728e-05,0
15090.0,15095.0,15092.5,7.33343e-06,3.666715e-05,0
15095.0,15100.0,15097.5,5.37958e-06,2.68979e-05,0
15100.0,15105.0,15102.5,3.337174e-06,1.668587e-05,0
15105.0,15110.0,15107.5,1.0808644e-05,5.404322e-05,0
15110.0,15115.0,15112.5,5.322322e-06,2.661161e-05,0
15115.0,15120.0,15117.5,1.0481826e-05,5.240913e-05,0
15120.0,15125.0,15122.5,1.0592062e-05,5.296031e-05,0
15125.0,15130.0,15127.5,7.10296e-06,3.55148e-05,0
15130.0,15135.0,15132.5,1.82615e-06,9.13075e-06,0
15135.0,15140.0,15137.5,5.135968e-06,2.567984e-05,0
15140.0,15145.0,15142.5,4.89556e-06,2.44778e-05,0
15145.0,15150.0,15147.5,5.082514e-06,2.541257e-05,0
15150.0,15155.0,15152.5,1.821328e-06,9.10664e-06,0
15155.0,15160.0,15157.5,5.086038e-06,2.543019e-05,0
15160.0,15165.0,15162.5,1.1023906e-05,5.511953e-05,0
15165.0,15170.0,15167.5,3.64266e-06,1.82133e-05,0
15170.0,15175.0,15172.5,7.376044e-06,3.688022e-05,0
15175.0,15180.0,15177.5,7.462266e-06,3.731133e-05,0
15180.0,15185.0,15182.5,7.00084e-06,3.50042e-05,0
15185.0,15190.0,15187.5,7.036534e-06,3.518267e-05,0
15190.0,15195.0,15192.5,1.0959022e-05,5.479511e-05,0
15195.0,15200.0,15197.5,5.086038e-06,2.543019e-05,0
15200.0,15205.0,15202.5,3.453182e-06,1.726591e-05,0
15205.0,15210.0,15207.5,6.890604e-06,3.445302e-05,0
15210.0,15215.0,15212.5,8.893508e-06,4.446754e-05,0
15215.0,15220.0,15217.5,8.521454e-06,4.260727e-05,0
15220.0,15225.0,15222.5,3.70723e-06,1.853615e-05,0
15225.0,15230.0,15227.5,1.0833164e-05,5.416582e-05,0
15230.0,15235.0,15232.5,8.877846e-06,4.438923e-05,0
15235.0,15240.0,15237.5,5.395788e-06,2.697894e-05,0
15240.0,15245.0,15242.5,5.179512e-06,2.589756e-05,0
15245.0,15250.0,15247.5,1.2475178e-05,6.237589e-05,0
15250.0,15255.0,15252.5,1.0477784e-05,5.238892e-05,0
15255.0,15260.0,15257.5,7.1693e-06,3.58465e-05,0
15260.0,15265.0,15262.5,3.570192e-06,1.785096e-05,0
15265.0,15270.0,15267.5,5.395788e-06,2.697894e-05,0
15270.0,15275.0,15272.5,1.069613e-05,5.348065e-05,0
15275.0,15280.0,15277.5,1.029772e-05,5.14886e-05,0
15280.0,15285.0,15282.5,5.223076e-06,2.611538e-05,0
15285.0,15290.0,15287.5,8.697268e-06,4.348634e-05,0
15290.0,15295.0,15292.5,3.690468e-06,1.845234e-05,0
15295.0,15300.0,15297.5,3.647478e-06,1.823739e-05,0
15300.0,15305.0,15302.5,5.12599e-06,2.562995e-05,0
15305.0,15310.0,15307.5,5.068266e-06,2.534133e-05,0
15310.0,15315.0,15312.5,1.4134126e-05,7.067063e-05,0
15315.0,15320.0,15317.5,7.137878e-06,3.568939e-05,0
15320.0,15325.0,15322.5,7.20822e-06,3.60411e-05,0
15325.0,15330.0,15327.5,1.821328e-06,9.10664e-06,0
15330.0,15335.0,15332.5,5.280334e-06,2.640167e-05,0
15335.0,15340.0,15337.5,3.43642e-06,1.71821e-05,0
15340.0,15345.0,15342.5,5.336036e-06,2.668018e-05,0
15345.0,15350.0,15347.5,1.2660272e-05,6.330136e-05,0
15350.0,15355.0,15352.5,6.694348e-06,3.347174e-05,0
15355.0,15360.0,15357.5,5.369312e-06,2.684656e-05,0
15360.0,15365.0,15362.5,6.912188e-06,3.456094e-05,0
15365.0,15370.0,15367.5,1.958672e-06,9.79336e-06,0
15370.0,15375.0,15372.5,9.0311e-06,4.51555e-05,0
15375.0,15380.0,15377.5,1.0507202e-05,5.253601e-05,0
15380.0,15385.0,15382.5,1.0778412e-05,5.389206e-05,0
15385.0,15390.0,15387.5,5.20304e-06,2.60152e-05,0
15390.0,15395.0,15392.5,5.12599e-06,2.562995e-05,0
15395.0,15400.0,15397.5,1.0597834e-05,5.298917e-05,0
15400.0,15405.0,15402.5,6.60088e-06,3.30044e-05,0
15405.0,15410.0,15407.5,5.415796e-06,2.707898e-05,0
15410.0,15415.0,15412.5,1.2476014e-05,6.238007e-05,0
15415.0,15420.0,15417.5,5.320286e-06,2.660143e-05,0
15420.0,15425.0,15422.5,3.70723e-06,1.853615e-05,0
15425.0,15430.0,15427.5,3.313554e-06,1.656777e-05,0
15430.0,15435.0,15432.5,3.43642e-06,1.71821e-05,0
15435.0,15440.0,15437.5,7.061364e-06,3.530682e-05,0
15440.0,15445.0,15442.5,5.430468e-06,2.715234e-05,0
15445.0,15450.0,15447.5,3.625894e-06,1.812947e-05,0
15450.0,15455.0,15452.5,5.403654e-06,2.701827e-05,0
15455.0,15460.0,15457.5,1.70532e-06,8.5266e-06,0
15460.0,15465.0,15462.5,3.529894e-06,1.764947e-05,0
15465.0,15470.0,15467.5,7.238004e-06,3.619002e-05,0
15470.0,15475.0,15472.5,3.454184e-06,1.727092e-05,0
15475.0,15480.0,15477.5,8.50049e-06,4.250245e-05,0
15480.0,15485.0,15482.5,5.183332e-06,2.591666e-05,0
15485.0,15490.0,15487.5,1.748864e-06,8.74432e-06,0
15490.0,15495.0,15492.5,3.575014e-06,1.787507e-05,0
15495.0,15500.0,15497.5,3.517756e-06,1.758878e-05,0
15500.0,15505.0,15502.5,1.725328e-06,8.62664e-06,0
15505.0,15510.0,15507.5,4.965416e-06,2.482708e-05,0
15510.0,15515.0,15512.5,7.306652e-06,3.653326e-05,0
15515.0,15520.0,15517.5,7.124852e-06,3.562426e-05,0
15520.0,15525.0,15522.5,5.460916e-06,2.730458e-05,0
15525.0,15530.0,15527.5,9.200618e-06,4.600309e-05,0
15530.0,15535.0,15532.5,1.631854e-06,8.15927e-06,0
15535.0,15540.0,15537.5,3.634766e-06,1.817383e-05,0
15540.0,15545.0,15542.5,7.160416e-06,3.580208e-05,0
15545.0,15550.0,15547.5,1.2500796e-05,6.250398e-05,0
15550.0,15555.0,15552.5,7.141614e-06,3.570807e-05,0
15555.0,15560.0,15557.5,6.927692e-06,3.463846e-05,0
15560.0,15565.0,15562.5,7.04471e-06,3.522355e-05,0
15565.0,15570.0,15567.5,6.963068e-06,3.481534e-05,0
15570.0,15575.0,15572.5,8.67321e-06,4.336605e-05,0
15575.0,15580.0,15577.5,7.007606e-06,3.503803e-05,0
15580.0,15585.0,15582.5,5.106046e-06,2.553023e-05,0
15585.0,15590.0,15587.5,5.336036e-06,2.668018e-05,0
15590.0,15595.0,15592.5,1.725328e-06,8.62664e-06,0
15595.0,15600.0,15597.5,1.748864e-06,8.74432e-06,0
15600.0,15605.0,15602.5,9.18061e-06,4.590305e-05,0
15605.0,15610.0,15607.5,3.4128e-06,1.7064e-05,0
15610.0,15615.0,15612.5,1.885902e-06,9.42951e-06,0
15615.0,15620.0,15617.5,3.570192e-06,1.785096e-05,0
15620.0,15625.0,15622.5,9.012794e-06,4.506397e-05,0
15625.0,15630.0,15627.5,7.10895e-06,3.554475e-05,0
15630.0,15635.0,15632.5,5.520664e-06,2.760332e-05,0
15635.0,15640.0,15637.5,7.160618e-06,3.580309e-05,0
15640.0,15645.0,15642.5,5.495042e-06,2.747521e-05,0
15645.0,15650.0,15647.5,5.296542e-06,2.648271e-05,0
15650.0,15655.0,15652.5,3.453182e-06,1.726591e-05,0
15655.0,15660.0,15657.5,1.748864e-06,8.74432e-06,0
15660.0,15665.0,15662.5,1.208003e-05,6.040015e-05,0
15665.0,15670.0,15667.5,5.243e-06,2.6215e-05,0
15670.0,15675.0,15672.5,9.06834e-06,4.53417e-05,0
15680.0,15685.0,15682.5,1.0500748e-05,5.250374e-05,0
15685.0,15690.0,15687.5,1.6711068e-05,8.355534e-05,0
15690.0,15695.0,15692.5,1.70532e-06,8.5266e-06,0
15695.0,15700.0,15697.5,5.219464e-06,2.609732e-05,0
15700.0,15705.0,15702.5,5.33939e-06,2.669695e-05,0
15705.0,15710.0,15707.5,5.26662e-06,2.63331e-05,0
15710.0,15715.0,15712.5,3.55343e-06,1.776715e-05,0
15715.0,15720.0,15717.5,3.494136e-06,1.747068e-05,0
15720.0,15725.0,15722.5,8.560242e-06,4.280121e-05,0
15725.0,15730.0,15727.5,3.625894e-06,1.812947e-05,0
15730.0,15735.0,15732.5,3.590526e-06,1.795263e-05,0
15735.0,15740.0,15737.5,3.41064e-06,1.70532e-05,0
15740.0,15745.0,15742.5,7.256618e-06,3.628309e-05,0
15745.0,15750.0,15747.5,3.434384e-06,1.717192e-05,0
15750.0,15755.0,15752.5,7.065414e-06,3.532707e-05,0
15755.0,15760.0,15757.5,8.865736e-06,4.432868e-05,0
15760.0,15765.0,15762.5,1.885902e-06,9.42951e-06,0
15765.0,15770.0,15767.5,1.2395508e-05,6.197754e-05,0
15770.0,15775.0,15772.5,5.6577e-06,2.82885e-05,0
15775.0,15780.0,15777.5,6.928396e-06,3.464198e-05,0
15780.0,15785.0,15782.5,1.22864e-05,6.1432e-05,0
15785.0,15790.0,15787.5,5.129574e-06,2.564787e-05,0
15790.0,15795.0,15792.5,3.70723e-06,1.853615e-05,0
15795.0,15800.0,15797.5,1.885902e-06,9.42951e-06,0
15800.0,15805.0,15802.5,8.870554e-06,4.435277e-05,0
15805.0,15810.0,15807.5,1.748864e-06,8.74432e-06,0
15810.0,15815.0,15812.5,1.2460666e-05,6.230333e-05,0
15815.0,15820.0,15817.5,7.161712e-06,3.580856e-05,0
15820.0,15825.0,15822.5,7.233882e-06,3.616941e-05,0
15825.0,15830.0,15827.5,8.94517e-06,4.472585e-05,0
15830.0,15835.0,15832.5,1.748864e-06,8.74432e-06,0
15835.0,15840.0,15837.5,8.52245e-06,4.261225e-05,0
15840.0,15845.0,15842.5,1.071414e-05,5.35707e-05,0
15845.0,15850.0,15847.5,3.49772e-06,1.74886e-05,0
15850.0,15855.0,15852.5,5.256798e-06,2.628399e-05,0
15855.0,15860.0,15857.5,1.804566e-06,9.02283e-06,0
15860.0,15865.0,15862.5,3.337174e-06,1.668587e-05,0
15865.0,15870.0,15867.5,3.630716e-06,1.815358e-05,0
15870.0,15875.0,15872.5,8.986768e-06,4.493384e-05,0
15875.0,15880.0,15877.5,1.821328e-06,9.10664e-06,0
15880.0,15885.0,15882.5,5.412856e-06,2.706428e-05,0
15885.0,15890.0,15887.5,5.14174e-06,2.57087e-05,0
15890.0,15895.0,15892.5,5.322322e-06,2.661161e-05,0
15895.0,15900.0,15897.5,5.34798e-06,2.67399e-05,0
15900.0,15905.0,15902.5,3.634766e-06,1.817383e-05,0
15905.0,15910.0,15907.5,8.866734e-06,4.433367e-05,0
15910.0,15915.0,15912.5,1.0734868e-05,5.367434e-05,0
15915.0,15920.0,15917.5,9.069682e-06,4.534841e-05,0
15920.0,15925.0,15922.5,7.006612e-06,3.503306e-05,0
15925.0,15930.0,15927.5,7.083898e-06,3.541949e-05,0
15930.0,15935.0,15932.5,7.32523e-06,3.662615e-05,0
15935.0,15940.0,15937.5,6.910612e-06,3.455306e-05,0
15940.0,15945.0,15942.5,3.458004e-06,1.729002e-05,0
15945.0,15950.0,15947.5,3.570192e-06,1.785096e-05,0
15950.0,15955.0,15952.5,1.631854e-06,8.15927e-06,0
15955.0,15960.0,15957.5,7.044404e-06,3.522202e-05,0
15965.0,15970.0,15967.5,3.60914e-06,1.80457e-05,0
15970.0,15975.0,15972.5,3.454184e-06,1.727092e-05,0
15975.0,15980.0,15977.5,8.70616e-06,4.35308e-05,0
15985.0,15990.0,15987.5,5.234128e-06,2.617064e-05,0
15990.0,15995.0,15992.5,5.32387e-06,2.661935e-05,0
15995.0,16000.0,15997.5,9.029548e-06,4.514774e-05,0
16000.0,16005.0,16002.5,7.233882e-06,3.616941e-05,0
16005.0,16010.0,16007.5,8.843198e-06,4.421599e-05,0
16010.0,16015.0,16012.5,3.337174e-06,1.668587e-05,0
16015.0,16020.0,16017.5,5.456392e-06,2.728196e-05,0
16020.0,16025.0,16022.5,5.340086e-06,2.670043e-05,0
16025.0,16030.0,16027.5,1.0624616e-05,5.312308e-05,0
16030.0,16035.0,16032.5,5.25875e-06,2.629375e-05,0
16035.0,16040.0,16037.5,3.453182e-06,1.726591e-05,0
16040.0,16045.0,16042.5,5.26662e-06,2.63331e-05,0
16045.0,16050.0,16047.5,5.549894e-06,2.774947e-05,0
16050.0,16055.0,16052.5,5.275512e-06,2.637756e-05,0
16055.0,16060.0,16057.5,3.454184e-06,1.727092e-05,0
16060.0,16065.0,16062.5,8.949226e-06,4.474613e-05,0
16065.0,16070.0,16067.5,1.748864e-06,8.74432e-06,0
16070.0,16075.0,16072.5,1.82615e-06,9.13075e-06,0
16075.0,16080.0,16077.5,5.24658e-06,2.62329e-05,0
16080.0,16085.0,16082.5,5.380034e-06,2.690017e-05,0
16085.0,16090.0,16087.5,3.43642e-06,1.71821e-05,0
16090.0,16095.0,16092.5,1.885902e-06,9.42951e-06,0
16095.0,16100.0,16097.5,8.907052e-06,4.453526e-05,0
16100.0,16105.0,16102.5,7.144652e-06,3.572326e-05,0
16105.0,16110.0,16107.5,6.811366e-06,3.405683e-05,0
16110.0,16115.0,16112.5,8.612686e-06,4.306343e-05,0
16115.0,16120.0,16117.5,3.575014e-06,1.787507e-05,0
16120.0,16125.0,16122.5,3.509886e-06,1.754943e-05,0
16125.0,16130.0,16127.5,1.725328e-06,8.62664e-06,0
16130.0,16135.0,16132.5,3.53147e-06,1.765735e-05,0
16135.0,16140.0,16137.5,3.43642e-06,1.71821e-05,0
16140.0,16145.0,16142.5,8.850114e-06,4.425057e-05,0
16145.0,16150.0,16147.5,1.748864e-06,8.74432e-06,0
16150.0,16155.0,16152.5,5.26662e-06,2.63331e-05,0
16155.0,16160.0,16157.5,8.753524e-06,4.376762e-05,0
16160.0,16165.0,16162.5,3.570192e-06,1.785096e-05,0
16165.0,16170.0,16167.5,3.591222e-06,1.795611e-05,0
16170.0,16175.0,16172.5,3.380718e-06,1.690359e-05,0
16175.0,16180.0,16177.5,9.063274e-06,4.531637e-05,0
16180.0,16185.0,16182.5,3.53147e-06,1.765735e-05,0
16185.0,16190.0,16187.5,8.8457e-06,4.42285e-05,0
16190.0,16195.0,16192.5,5.158502e-06,2.579251e-05,0
16195.0,16200.0,16197.5,7.298758e-06,3.649379e-05,0
16200.0,16205.0,16202.5,8.841626e-06,4.420813e-05,0
16205.0,16210.0,16207.5,3.43642e-06,1.71821e-05,0
16210.0,16215.0,16212.5,3.458004e-06,1.729002e-05,0
16215.0,16220.0,16217.5,5.178426e-06,2.589213e-05,0
16220.0,16225.0,16222.5,1.241126e-05,6.20563e-05,0
16225.0,16230.0,16227.5,6.954168e-06,3.477084e-05,0
16230.0,16235.0,16232.5,3.337174e-06,1.668587e-05,0
16235.0,16240.0,16237.5,5.280334e-06,2.640167e-05,0
16240.0,16245.0,16242.5,1.0493588e-05,5.246794e-05,0
16245.0,16250.0,16247.5,1.04061e-05,5.20305e-05,0
16250.0,16255.0,16252.5,7.105482e-06,3.552741e-05,0
16255.0,16260.0,16257.5,6.955724e-06,3.477862e-05,0
16260.0,16265.0,16262.5,1.0332634e-05,5.166317e-05,0
16265.0,16270.0,16267.5,5.372806e-06,2.686403e-05,0
16270.0,16275.0,16272.5,9.052134e-06,4.526067e-05,0
16275.0,16280.0,16277.5,5.456866e-06,2.728433e-05,0
16280.0,16285.0,16282.5,7.11902e-06,3.55951e-05,0
16285.0,16290.0,16287.5,3.7718e-06,1.8859e-05,0
16290.0,16295.0,16292.5,5.336036e-06,2.668018e-05,0
16295.0,16300.0,16297.5,1.631854e-06,8.15927e-06,0
16300.0,16305.0,16302.5,3.474192e-06,1.737096e-05,0
16305.0,16310.0,16307.5,5.240994e-06,2.620497e-05,0
16310.0,16315.0,16312.5,8.780318e-06,4.390159e-05,0
16315.0,16320.0,16317.5,5.278758e-06,2.639379e-05,0
16320.0,16325.0,16322.5,6.927692e-06,3.463846e-05,0
16325.0,16330.0,16327.5,1.0654094e-05,5.327047e-05,0
16335.0,16340.0,16337.5,1.421638e-05,7.10819e-05,0
16340.0,16345.0,16342.5,3.570192e-06,1.785096e-05,0
16345.0,16350.0,16347.5,5.231968e-06,2.615984e-05,0
16350.0,16355.0,16352.5,5.447226e-06,2.723613e-05,0
16360.0,16365.0,16362.5,8.754546e-06,4.377273e-05,0
16365.0,16370.0,16367.5,7.435096e-06,3.717548e-05,0
16370.0,16375.0,16372.5,5.275512e-06,2.637756e-05,0
16375.0,16380.0,16377.5,1.4189346e-05,7.094673e-05,0
16380.0,16385.0,16382.5,6.93414e-06,3.46707e-05,0
16385.0,16390.0,16387.5,5.012564e-06,2.506282e-05,0
16390.0,16395.0,16392.5,3.458004e-06,1.729002e-05,0
16395.0,16400.0,16397.5,8.849972e-06,4.424986e-05,0
16400.0,16405.0,16402.5,3.634766e-06,1.817383e-05,0
16405.0,16410.0,16407.5,6.96789e-06,3.483945e-05,0
16410.0,16415.0,16412.5,5.185284e-06,2.592642e-05,0
16415.0,16420.0,16417.5,7.117174e-06,3.558587e-05,0
16420.0,16425.0,16422.5,3.634766e-06,1.817383e-05,0
16425.0,16430.0,16427.5,3.337174e-06,1.668587e-05,0
16430.0,16435.0,16432.5,7.337946e-06,3.668973e-05,0
16435.0,16440.0,16437.5,5.396342e-06,2.698171e-05,0
16440.0,16445.0,16442.5,7.14061e-06,3.570305e-05,0
16450.0,16455.0,16452.5,5.589388e-06,2.794694e-05,0
16455.0,16460.0,16457.5,6.791358e-06,3.395679e-05,0
16460.0,16465.0,16462.5,7.181748e-06,3.590874e-05,0
16465.0,16470.0,16467.5,7.101662e-06,3.550831e-05,0
16470.0,16475.0,16472.5,7.299602e-06,3.649801e-05,0
16475.0,16480.0,16477.5,5.240994e-06,2.620497e-05,0
16480.0,16485.0,16482.5,3.43642e-06,1.71821e-05,0
16485.0,16490.0,16487.5,3.430648e-06,1.715324e-05,0
16490.0,16495.0,16492.5,5.062502e-06,2.531251e-05,0
16495.0,16500.0,16497.5,3.61123e-06,1.805615e-05,0
16500.0,16505.0,16502.5,5.135968e-06,2.567984e-05,0
16505.0,16510.0,16507.5,7.241946e-06,3.620973e-05,0
16510.0,16515.0,16512.5,6.888652e-06,3.444326e-05,0
16515.0,16520.0,16517.5,5.279332e-06,2.639666e-05,0
16520.0,16525.0,16522.5,3.2637e-06,1.63185e-05,0
16530.0,16535.0,16532.5,5.257748e-06,2.628874e-05,0
16535.0,16540.0,16537.5,1.2386192e-05,6.193096e-05,0
16540.0,16545.0,16542.5,7.152546e-06,3.576273e-05,0
16545.0,16550.0,16547.5,5.511796e-06,2.755898e-05,0
16550.0,16555.0,16552.5,3.458004e-06,1.729002e-05,0
16555.0,16560.0,16557.5,5.31446e-06,2.65723e-05,0
16560.0,16565.0,16562.5,6.96407e-06,3.482035e-05,0
16570.0,16575.0,16572.5,3.53147e-06,1.765735e-05,0
16575.0,16580.0,16577.5,1.608234e-06,8.04117e-06,0
16580.0,16585.0,16582.5,9.124598e-06,4.562299e-05,0
16585.0,16590.0,16587.5,1.748864e-06,8.74432e-06,0
16590.0,16595.0,16592.5,7.371524e-06,3.685762e-05,0
16600.0,16605.0,16602.5,1.821328e-06,9.10664e-06,0
16605.0,16610.0,16607.5,1.405583e-05,7.027915e-05,0
16610.0,16615.0,16612.5,1.748864e-06,8.74432e-06,0
16625.0,16630.0,16627.5,5.296542e-06,2.648271e-05,0
16630.0,16635.0,16632.5,7.083332e-06,3.541666e-05,0
16635.0,16640.0,16637.5,5.352798e-06,2.676399e-05,0
16640.0,16645.0,16642.5,1.243592e-05,6.21796e-05,0
16645.0,16650.0,16647.5,1.0471926e-05,5.235963e-05,0
16650.0,16655.0,16652.5,3.570192e-06,1.785096e-05,0
16660.0,16665.0,16662.5,1.0380698e-05,5.190349e-05,0
16665.0,16670.0,16667.5,6.97194e-06,3.48597e-05,0
16670.0,16675.0,16672.5,1.958672e-06,9.79336e-06,0
16675.0,16680.0,16677.5,8.785398e-06,4.392699e-05,0
16680.0,16685.0,16682.5,8.832216e-06,4.416108e-05,0
16690.0,16695.0,16692.5,1.038258e-05,5.19129e-05,0
16695.0,16700.0,16697.5,1.748864e-06,8.74432e-06,0
16700.0,16705.0,16702.5,8.92569e-06,4.462845e-05,0
16705.0,16710.0,16707.5,3.454184e-06,1.727092e-05,0
16710.0,16715.0,16712.5,1.885902e-06,9.42951e-06,0
16715.0,16720.0,16717.5,3.7718e-06,1.8859e-05,0
16720.0,16725.0,16722.5,1.631854e-06,8.15927e-06,0
16725.0,16730.0,16727.5,7.443988e-06,3.721994e-05,0
16730.0,16735.0,16732.5,1.725328e-06,8.62664e-06,0
16735.0,16740.0,16737.5,1.0857874e-05,5.428937e-05,0
16740.0,16745.0,16742.5,7.299602e-06,3.649801e-05,0
16745.0,16750.0,16747.5,7.229804e-06,3.614902e-05,0
16750.0,16755.0,16752.5,7.007606e-06,3.503803e-05,0
16755.0,16760.0,16757.5,1.631854e-06,8.15927e-06,0
16760.0,16765.0,16762.5,1.0694566e-05,5.347283e-05,0
16765.0,16770.0,16767.5,3.763238e-06,1.881619e-05,0
16770.0,16775.0,16772.5,5.199524e-06,2.599762e-05,0
16775.0,16780.0,16777.5,1.885902e-06,9.42951e-06,0
16780.0,16785.0,16782.5,1.804566e-06,9.02283e-06,0
16785.0,16790.0,16787.5,1.4359036e-05,7.179518e-05,0
16790.0,16795.0,16792.5,1.748864e-06,8.74432e-06,0
16795.0,16800.0,16797.5,5.47712e-06,2.73856e-05,0
16800.0,16805.0,16802.5,9.11978e-06,4.55989e-05,0
16810.0,16815.0,16812.5,1.748864e-06,8.74432e-06,0
16815.0,16820.0,16817.5,1.885902e-06,9.42951e-06,0
16820.0,16825.0,16822.5,3.454184e-06,1.727092e-05,0
16825.0,16830.0,16827.5,8.853792e-06,4.426896e-05,0
16830.0,16835.0,16832.5,1.0204234e-05,5.102117e-05,0
16835.0,16840.0,16837.5,6.910612e-06,3.455306e-05,0
16840.0,16845.0,16842.5,3.526648e-06,1.763324e-05,0
16845.0,16850.0,16847.5,7.162186e-06,3.581093e-05,0
16850.0,16855.0,16852.5,5.340086e-06,2.670043e-05,0
16855.0,16860.0,16857.5,5.336036e-06,2.668018e-05,0
16860.0,16865.0,16862.5,3.454184e-06,1.727092e-05,0
16865.0,16870.0,16867.5,7.071186e-06,3.535593e-05,0
16870.0,16875.0,16872.5,8.772982e-06,4.386491e-05,0
16875.0,16880.0,16877.5,3.53147e-06,1.765735e-05,0
16880.0,16885.0,16882.5,3.43642e-06,1.71821e-05,0
16890.0,16895.0,16892.5,1.821328e-06,9.10664e-06,0
16895.0,16900.0,16897.5,3.337174e-06,1.668587e-05,0
16900.0,16905.0,16902.5,3.64266e-06,1.82133e-05,0
16905.0,16910.0,16907.5,1.885902e-06,9.42951e-06,0
16915.0,16920.0,16917.5,3.625894e-06,1.812947e-05,0
16920.0,16925.0,16922.5,7.410716e-06,3.705358e-05,0
16925.0,16930.0,16927.5,5.185284e-06,2.592642e-05,0
16935.0,16940.0,16937.5,5.296542e-06,2.648271e-05,0
16940.0,16945.0,16942.5,5.257748e-06,2.628874e-05,0
16945.0,16950.0,16947.5,5.351222e-06,2.675611e-05,0
16950.0,16955.0,16952.5,5.25875e-06,2.629375e-05,0
16955.0,16960.0,16957.5,3.453182e-06,1.726591e-05,0
16960.0,16965.0,16962.5,3.43642e-06,1.71821e-05,0
16965.0,16970.0,16967.5,5.322322e-06,2.661161e-05,0
16970.0,16975.0,16972.5,3.7718e-06,1.8859e-05,0
16975.0,16980.0,16977.5,7.225984e-06,3.612992e-05,0
16980.0,16985.0,16982.5,1.1742626e-05,5.871313e-05,0
16985.0,16990.0,16987.5,3.70723e-06,1.853615e-05,0
16990.0,16995.0,16992.5,1.958672e-06,9.79336e-06,0
16995.0,17000.0,16997.5,5.403654e-06,2.701827e-05,0
17000.0,17005.0,17002.5,1.0246692e-05,5.123346e-05,0
17005.0,17010.0,17007.5,3.337174e-06,1.668587e-05,0
17010.0,17015.0,17012.5,7.289554e-06,3.644777e-05,0
17020.0,17025.0,17022.5,3.634766e-06,1.817383e-05,0
17025.0,17030.0,17027.5,1.958672e-06,9.79336e-06,0
17030.0,17035.0,17032.5,5.322322e-06,2.661161e-05,0
17035.0,17040.0,17037.5,3.458004e-06,1.729002e-05,0
17040.0,17045.0,17042.5,1.0860082e-05,5.430041e-05,0
17045.0,17050.0,17047.5,6.979834e-06,3.489917e-05,0
17050.0,17055.0,17052.5,3.60914e-06,1.80457e-05,0
17060.0,17065.0,17062.5,1.821328e-06,9.10664e-06,0
17065.0,17070.0,17067.5,3.591222e-06,1.795611e-05,0
17070.0,17075.0,17072.5,5.468558e-06,2.734279e-05,0
17075.0,17080.0,17077.5,5.106046e-06,2.553023e-05,0
17080.0,17085.0,17082.5,5.322322e-06,2.661161e-05,0
17085.0,17090.0,17087.5,5.163324e-06,2.581662e-05,0
17090.0,17095.0,17092.5,1.748864e-06,8.74432e-06,0
17095.0,17100.0,17097.5,8.857838e-06,4.428919e-05,0
17100.0,17105.0,17102.5,1.885902e-06,9.42951e-06,0
17105.0,17110.0,17107.5,9.146558e-06,4.573279e-05,0
17110.0,17115.0,17112.5,3.707536e-06,1.853768e-05,0
17115.0,17120.0,17117.5,5.64914e-06,2.82457e-05,0
17120.0,17125.0,17122.5,8.770734e-06,4.385367e-05,0
17125.0,17130.0,17127.5,5.439332e-06,2.719666e-05,0
17130.0,17135.0,17132.5,7.23985e-06,3.619925e-05,0
17135.0,17140.0,17137.5,6.71436e-06,3.35718e-05,0
17140.0,17145.0,17142.5,5.17851e-06,2.589255e-05,0
17145.0,17150.0,17147.5,3.49772e-06,1.74886e-05,0
17155.0,17160.0,17157.5,3.509886e-06,1.754943e-05,0
17160.0,17165.0,17162.5,3.43642e-06,1.71821e-05,0
17165.0,17170.0,17167.5,8.720092e-06,4.360046e-05,0
17170.0,17175.0,17172.5,8.67942e-06,4.33971e-05,0
17175.0,17180.0,17177.5,5.576366e-06,2.788183e-05,0
17180.0,17185.0,17182.5,5.302286e-06,2.651143e-05,0
17185.0,17190.0,17187.5,5.26257e-06,2.631285e-05,0
17190.0,17195.0,17192.5,5.159504e-06,2.579752e-05,0
17195.0,17200.0,17197.5,5.358004e-06,2.679002e-05,0
17200.0,17205.0,17202.5,3.357182e-06,1.678591e-05,0
17205.0,17210.0,17207.5,5.593438e-06,2.796719e-05,0
17210.0,17215.0,17212.5,1.70532e-06,8.5266e-06,0
17215.0,17220.0,17217.5,5.511796e-06,2.755898e-05,0
17220.0,17225.0,17222.5,1.70532e-06,8.5266e-06,0
17225.0,17230.0,17227.5,5.280334e-06,2.640167e-05,0
17230.0,17235.0,17232.5,5.34798e-06,2.67399e-05,0
17235.0,17240.0,17237.5,7.15789e-06,3.578945e-05,0
17240.0,17245.0,17242.5,3.380718e-06,1.690359e-05,0
17250.0,17255.0,17252.5,1.725328e-06,8.62664e-06,0
17255.0,17260.0,17257.5,6.863822e-06,3.431911e-05,0
17260.0,17265.0,17262.5,3.844574e-06,1.922287e-05,0
17265.0,17270.0,17267.5,7.35446e-06,3.67723e-05,0
17270.0,17275.0,17272.5,1.885902e-06,9.42951e-06,0
17275.0,17280.0,17277.5,1.70532e-06,8.5266e-06,0
17285.0,17290.0,17287.5,3.509886e-06,1.754943e-05,0
17290.0,17295.0,17292.5,5.161748e-06,2.580874e-05,0
17295.0,17300.0,17297.5,3.380718e-06,1.690359e-05,0
17300.0,17305.0,17302.5,6.790348e-06,3.395174e-05,0
17305.0,17310.0,17307.5,3.763238e-06,1.881619e-05,0
17310.0,17315.0,17312.5,6.749974e-06,3.374987e-05,0
17315.0,17320.0,17317.5,1.073969e-05,5.369845e-05,0
17320.0,17325.0,17322.5,1.70532e-06,8.5266e-06,0
17325.0,17330.0,17327.5,3.517756e-06,1.758878e-05,0
17330.0,17335.0,17332.5,5.183332e-06,2.591666e-05,0
17335.0,17340.0,17337.5,1.631854e-06,8.15927e-06,0
17340.0,17345.0,17342.5,5.149602e-06,2.574801e-05,0
17345.0,17350.0,17347.5,7.144652e-06,3.572326e-05,0
17350.0,17355.0,17352.5,8.81427e-06,4.407135e-05,0
17355.0,17360.0,17357.5,5.223076e-06,2.611538e-05,0
17360.0,17365.0,17362.5,3.7718e-06,1.8859e-05,0
17365.0,17370.0,17367.5,1.2106898e-05,6.053449e-05,0
17370.0,17375.0,17372.5,5.369312e-06,2.684656e-05,0
17375.0,17380.0,17377.5,5.275512e-06,2.637756e-05,0
17380.0,17385.0,17382.5,1.70532e-06,8.5266e-06,0
17385.0,17390.0,17387.5,8.9698e-06,4.4849e-05,0
17390.0,17395.0,17392.5,3.526648e-06,1.763324e-05,0
17395.0,17400.0,17397.5,1.748864e-06,8.74432e-06,0
17400.0,17405.0,17402.5,1.608234e-06,8.04117e-06,0
17405.0,17410.0,17407.5,3.517756e-06,1.758878e-05,0
17410.0,17415.0,17412.5,1.70532e-06,8.5266e-06,0
17415.0,17420.0,17417.5,3.591222e-06,1.795611e-05,0
17420.0,17425.0,17422.5,6.79517e-06,3.397585e-05,0
17425.0,17430.0,17427.5,5.528562e-06,2.764281e-05,0
17430.0,17435.0,17432.5,9.15138e-06,4.57569e-05,0
17435.0,17440.0,17437.5,1.748864e-06,8.74432e-06,0
17450.0,17455.0,17452.5,5.068266e-06,2.534133e-05,0
17455.0,17460.0,17457.5,3.591222e-06,1.795611e-05,0
17465.0,17470.0,17467.5,1.885902e-06,9.42951e-06,0
17475.0,17480.0,17477.5,8.651634e-06,4.325817e-05,0
17480.0,17485.0,17482.5,7.045406e-06,3.522703e-05,0
17485.0,17490.0,17487.5,3.517756e-06,1.758878e-05,0
17490.0,17495.0,17492.5,3.41064e-06,1.70532e-05,0
17495.0,17500.0,17497.5,5.439332e-06,2.719666e-05,0
17500.0,17505.0,17502.5,1.70532e-06,8.5266e-06,0
17505.0,17510.0,17507.5,3.70723e-06,1.853615e-05,0
17510.0,17515.0,17512.5,5.139704e-06,2.569852e-05,0
17515.0,17520.0,17517.5,6.985654e-06,3.492827e-05,0
17520.0,17525.0,17522.5,1.0891384e-05,5.445692e-05,0
17525.0,17530.0,17527.5,5.339084e-06,2.669542e-05,0
17530.0,17535.0,17532.5,5.231968e-06,2.615984e-05,0
17535.0,17540.0,17537.5,3.526648e-06,1.763324e-05,0
17540.0,17545.0,17542.5,5.32387e-06,2.661935e-05,0
17545.0,17550.0,17547.5,1.748864e-06,8.74432e-06,0
17555.0,17560.0,17557.5,5.240994e-06,2.620497e-05,0
17560.0,17565.0,17562.5,5.41255e-06,2.706275e-05,0
17565.0,17570.0,17567.5,9.12093e-06,4.560465e-05,0
17570.0,17575.0,17572.5,1.885902e-06,9.42951e-06,0
17575.0,17580.0,17577.5,3.43642e-06,1.71821e-05,0
17580.0,17585.0,17582.5,5.396342e-06,2.698171e-05,0
17585.0,17590.0,17587.5,3.61123e-06,1.805615e-05,0
17590.0,17595.0,17592.5,6.984078e-06,3.492039e-05,0
17595.0,17600.0,17597.5,1.631854e-06,8.15927e-06,0
17600.0,17605.0,17602.5,5.163324e-06,2.581662e-05,0
17605.0,17610.0,17607.5,3.526648e-06,1.763324e-05,0
17610.0,17615.0,17612.5,6.971236e-06,3.485618e-05,0
17615.0,17620.0,17617.5,1.70532e-06,8.5266e-06,0
17620.0,17625.0,17622.5,1.804566e-06,9.02283e-06,0
17625.0,17630.0,17627.5,5.576366e-06,2.788183e-05,0
17630.0,17635.0,17632.5,3.591222e-06,1.795611e-05,0
17635.0,17640.0,17637.5,1.631854e-06,8.15927e-06,0
17640.0,17645.0,17642.5,8.740804e-06,4.370402e-05,0
17645.0,17650.0,17647.5,5.377628e-06,2.688814e-05,0
17650.0,17655.0,17652.5,3.4128e-06,1.7064e-05,0
17655.0,17660.0,17657.5,3.458004e-06,1.729002e-05,0
17660.0,17665.0,17662.5,1.608234e-06,8.04117e-06,0
17665.0,17670.0,17667.5,8.571302e-06,4.285651e-05,0
17670.0,17675.0,17672.5,5.339084e-06,2.669542e-05,0
17675.0,17680.0,17677.5,6.834894e-06,3.417447e-05,0
17680.0,17685.0,17682.5,3.529894e-06,1.764947e-05,0
17685.0,17690.0,17687.5,3.634766e-06,1.817383e-05,0
17690.0,17695.0,17692.5,6.954168e-06,3.477084e-05,0
17695.0,17700.0,17697.5,1.631854e-06,8.15927e-06,0
17700.0,17705.0,17702.5,5.41255e-06,2.706275e-05,0
17705.0,17710.0,17707.5,8.85572e-06,4.42786e-05,0
17710.0,17715.0,17712.5,5.199456e-06,2.599728e-05,0
17715.0,17720.0,17717.5,5.278758e-06,2.639379e-05,0
17720.0,17725.0,17722.5,7.11787e-06,3.558935e-05,0
17730.0,17735.0,17732.5,5.593128e-06,2.796564e-05,0
17735.0,17740.0,17737.5,1.70532e-06,8.5266e-06,0
17740.0,17745.0,17742.5,8.832762e-06,4.416381e-05,0
17745.0,17750.0,17747.5,7.298758e-06,3.649379e-05,0
17750.0,17755.0,17752.5,5.511796e-06,2.755898e-05,0
17755.0,17760.0,17757.5,5.358004e-06,2.679002e-05,0
17760.0,17765.0,17762.5,5.159504e-06,2.579752e-05,0
17765.0,17770.0,17767.5,5.158502e-06,2.579251e-05,0
17770.0,17775.0,17772.5,1.804566e-06,9.02283e-06,0
17775.0,17780.0,17777.5,1.885902e-06,9.42951e-06,0
17780.0,17785.0,17782.5,1.885902e-06,9.42951e-06,0
17785.0,17790.0,17787.5,5.240994e-06,2.620497e-05,0
17790.0,17795.0,17792.5,3.430648e-06,1.715324e-05,0
17795.0,17800.0,17797.5,1.82615e-06,9.13075e-06,0
17800.0,17805.0,17802.5,1.804566e-06,9.02283e-06,0
17805.0,17810.0,17807.5,5.512102e-06,2.756051e-05,0
17810.0,17815.0,17812.5,5.37958e-06,2.68979e-05,0
17815.0,17820.0,17817.5,5.235214e-06,2.617607e-05,0
17820.0,17825.0,17822.5,1.631854e-06,8.15927e-06,0
17825.0,17830.0,17827.5,3.591222e-06,1.795611e-05,0
17830.0,17835.0,17832.5,6.980832e-06,3.490416e-05,0
17835.0,17840.0,17837.5,5.439332e-06,2.719666e-05,0
17840.0,17845.0,17842.5,3.337174e-06,1.668587e-05,0
17845.0,17850.0,17847.5,8.594914e-06,4.297457e-05,0
17850.0,17855.0,17852.5,3.634766e-06,1.817383e-05,0
17855.0,17860.0,17857.5,3.357098e-06,1.678549e-05,0
17860.0,17865.0,17862.5,8.827944e-06,4.413972e-05,0
17865.0,17870.0,17867.5,1.804566e-06,9.02283e-06,0
17870.0,17875.0,17872.5,3.570192e-06,1.785096e-05,0
17875.0,17880.0,17877.5,1.885902e-06,9.42951e-06,0
17880.0,17885.0,17882.5,6.791358e-06,3.395679e-05,0
17885.0,17890.0,17887.5,1.077996e-05,5.38998e-05,0
17890.0,17895.0,17892.5,3.53147e-06,1.765735e-05,0
17895.0,17900.0,17897.5,5.240994e-06,2.620497e-05,0
17900.0,17905.0,17902.5,1.0554848e-05,5.277424e-05,0
17905.0,17910.0,17907.5,3.70723e-06,1.853615e-05,0
17910.0,17915.0,17912.5,8.653724e-06,4.326862e-05,0
17920.0,17925.0,17922.5,1.0533264e-05,5.266632e-05,0
17925.0,17930.0,17927.5,1.821328e-06,9.10664e-06,0
17930.0,17935.0,17932.5,1.2103858e-05,6.051929e-05,0
17940.0,17945.0,17942.5,5.322322e-06,2.661161e-05,0
17945.0,17950.0,17947.5,5.280334e-06,2.640167e-05,0
17950.0,17955.0,17952.5,8.749724e-06,4.374862e-05,0
17955.0,17960.0,17957.5,1.70532e-06,8.5266e-06,0
17960.0,17965.0,17962.5,5.439332e-06,2.719666e-05,0
17965.0,17970.0,17967.5,3.43642e-06,1.71821e-05,0
17970.0,17975.0,17972.5,1.885902e-06,9.42951e-06,0
17975.0,17980.0,17977.5,8.849972e-06,4.424986e-05,0
17980.0,17985.0,17982.5,5.163324e-06,2.581662e-05,0
17985.0,17990.0,17987.5,8.840066e-06,4.420033e-05,0
17990.0,17995.0,17992.5,6.810356e-06,3.405178e-05,0
17995.0,18000.0,17997.5,7.045406e-06,3.522703e-05,0
18000.0,18005.0,18002.5,1.3925424e-05,6.962712e-05,0
18005.0,18010.0,18007.5,5.439332e-06,2.719666e-05,0
18010.0,18015.0,18012.5,5.25875e-06,2.629375e-05,0
18015.0,18020.0,18017.5,3.55343e-06,1.776715e-05,0
18020.0,18025.0,18022.5,1.804566e-06,9.02283e-06,0
18025.0,18030.0,18027.5,5.512102e-06,2.756051e-05,0
18030.0,18035.0,18032.5,1.0700194e-05,5.350097e-05,0
18035.0,18040.0,18037.5,1.748864e-06,8.74432e-06,0
18040.0,18045.0,18042.5,3.458004e-06,1.729002e-05,0
18045.0,18050.0,18047.5,5.20304e-06,2.60152e-05,0
18050.0,18055.0,18052.5,1.958672e-06,9.79336e-06,0
18055.0,18060.0,18057.5,1.82615e-06,9.13075e-06,0
18060.0,18065.0,18062.5,5.275512e-06,2.637756e-05,0
18065.0,18070.0,18067.5,5.223076e-06,2.611538e-05,0
18070.0,18075.0,18072.5,8.785398e-06,4.392699e-05,0
18075.0,18080.0,18077.5,5.279332e-06,2.639666e-05,0
18080.0,18085.0,18082.5,3.2637e-06,1.63185e-05,0
18085.0,18090.0,18087.5,8.498838e-06,4.249419e-05,0
18090.0,18095.0,18092.5,3.70723e-06,1.853615e-05,0
18095.0,18100.0,18097.5,5.395788e-06,2.697894e-05,0
18100.0,18105.0,18102.5,7.201362e-06,3.600681e-05,0
18105.0,18110.0,18107.5,1.82615e-06,9.13075e-06,0
18110.0,18115.0,18112.5,3.4128e-06,1.7064e-05,0
18120.0,18125.0,18122.5,1.821328e-06,9.10664e-06,0
18125.0,18130.0,18127.5,5.14174e-06,2.57087e-05,0
18130.0,18135.0,18132.5,1.631854e-06,8.15927e-06,0
18135.0,18140.0,18137.5,3.53147e-06,1.765735e-05,0
18140.0,18145.0,18142.5,5.29552e-06,2.64776e-05,0
18145.0,18150.0,18147.5,3.41064e-06,1.70532e-05,0
18155.0,18160.0,18157.5,5.339084e-06,2.669542e-05,0
18160.0,18165.0,18162.5,1.70532e-06,8.5266e-06,0
18165.0,18170.0,18167.5,3.509886e-06,1.754943e-05,0
18170.0,18175.0,18172.5,8.70108e-06,4.35054e-05,0
18175.0,18180.0,18177.5,1.885902e-06,9.42951e-06,0
18180.0,18185.0,18182.5,1.82615e-06,9.13075e-06,0
18185.0,18190.0,18187.5,3.844574e-06,1.922287e-05,0
18190.0,18195.0,18192.5,5.08985e-06,2.544925e-05,0
18195.0,18200.0,18197.5,1.821328e-06,9.10664e-06,0
18205.0,18210.0,18207.5,5.240994e-06,2.620497e-05,0
18210.0,18215.0,18212.5,5.516618e-06,2.758309e-05,0
18215.0,18220.0,18217.5,3.625894e-06,1.812947e-05,0
18220.0,18225.0,18222.5,5.26662e-06,2.63331e-05,0
18225.0,18230.0,18227.5,1.2342656e-05,6.171328e-05,0
18235.0,18240.0,18237.5,3.517756e-06,1.758878e-05,0
18240.0,18245.0,18242.5,1.1101192e-05,5.550596e-05,0
18245.0,18250.0,18247.5,5.223076e-06,2.611538e-05,0
18250.0,18255.0,18252.5,1.70532e-06,8.5266e-06,0
18255.0,18260.0,18257.5,6.927374e-06,3.463687e-05,0
18260.0,18265.0,18262.5,5.149602e-06,2.574801e-05,0
18265.0,18270.0,18267.5,1.82615e-06,9.13075e-06,0
18270.0,18275.0,18272.5,7.108274e-06,3.554137e-05,0
18275.0,18280.0,18277.5,1.0130774e-05,5.065387e-05,0
18280.0,18285.0,18282.5,3.763238e-06,1.881619e-05,0
18285.0,18290.0,18287.5,1.631854e-06,8.15927e-06,0
18290.0,18295.0,18292.5,3.337174e-06,1.668587e-05,0
18295.0,18300.0,18297.5,3.453182e-06,1.726591e-05,0
18305.0,18310.0,18307.5,3.55343e-06,1.776715e-05,0
18310.0,18315.0,18312.5,5.26662e-06,2.63331e-05,0
18315.0,18320.0,18317.5,3.43642e-06,1.71821e-05,0
18320.0,18325.0,18322.5,5.460916e-06,2.730458e-05,0
18325.0,18330.0,18327.5,3.591222e-06,1.795611e-05,0
18330.0,18335.0,18332.5,7.015476e-06,3.507738e-05,0
18335.0,18340.0,18337.5,1.885902e-06,9.42951e-06,0
18340.0,18345.0,18342.5,3.313554e-06,1.656777e-05,0
18350.0,18355.0,18352.5,1.631854e-06,8.15927e-06,0
18355.0,18360.0,18357.5,1.821328e-06,9.10664e-06,0
18360.0,18365.0,18362.5,5.086038e-06,2.543019e-05,0
18365.0,18370.0,18367.5,1.821328e-06,9.10664e-06,0
18370.0,18375.0,18372.5,1.725328e-06,8.62664e-06,0
18375.0,18380.0,18377.5,7.157364e-06,3.578682e-05,0
18380.0,18385.0,18382.5,3.43642e-06,1.71821e-05,0
18385.0,18390.0,18387.5,7.188188e-06,3.594094e-05,0
18390.0,18395.0,18392.5,8.612686e-06,4.306343e-05,0
18395.0,18400.0,18397.5,1.748864e-06,8.74432e-06,0
18405.0,18410.0,18407.5,3.590526e-06,1.795263e-05,0
18410.0,18415.0,18412.5,8.625846e-06,4.312923e-05,0
18415.0,18420.0,18417.5,6.962118e-06,3.481059e-05,0
18420.0,18425.0,18422.5,3.517756e-06,1.758878e-05,0
18425.0,18430.0,18427.5,3.690468e-06,1.845234e-05,0
18430.0,18435.0,18432.5,5.516618e-06,2.758309e-05,0
18440.0,18445.0,18442.5,1.631854e-06,8.15927e-06,0
18445.0,18450.0,18447.5,5.223076e-06,2.611538e-05,0
18450.0,18455.0,18452.5,5.41255e-06,2.706275e-05,0
18455.0,18460.0,18457.5,3.380718e-06,1.690359e-05,0
18460.0,18465.0,18462.5,3.380718e-06,1.690359e-05,0
18475.0,18480.0,18477.5,1.748864e-06,8.74432e-06,0
18480.0,18485.0,18482.5,3.634766e-06,1.817383e-05,0
18485.0,18490.0,18487.5,1.958672e-06,9.79336e-06,0
18490.0,18495.0,18492.5,1.725328e-06,8.62664e-06,0
18495.0,18500.0,18497.5,4.89556e-06,2.44778e-05,0
18500.0,18505.0,18502.5,3.712052e-06,1.856026e-05,0
18510.0,18515.0,18512.5,3.517756e-06,1.758878e-05,0
18515.0,18520.0,18517.5,5.26662e-06,2.63331e-05,0
18525.0,18530.0,18527.5,6.940534e-06,3.470267e-05,0
18530.0,18535.0,18532.5,5.439332e-06,2.719666e-05,0
18535.0,18540.0,18537.5,3.55343e-06,1.776715e-05,0
18540.0,18545.0,18542.5,3.570192e-06,1.785096e-05,0
18545.0,18550.0,18547.5,1.82615e-06,9.13075e-06,0
18550.0,18555.0,18552.5,5.315464e-06,2.657732e-05,0
18555.0,18560.0,18557.5,1.631854e-06,8.15927e-06,0
18560.0,18565.0,18562.5,7.083898e-06,3.541949e-05,0
18565.0,18570.0,18567.5,3.517756e-06,1.758878e-05,0
18570.0,18575.0,18572.5,3.49772e-06,1.74886e-05,0
18575.0,18580.0,18577.5,5.295846e-06,2.647923e-05,0
18580.0,18585.0,18582.5,3.70723e-06,1.853615e-05,0
18585.0,18590.0,18587.5,3.429562e-06,1.714781e-05,0
18590.0,18595.0,18592.5,1.82615e-06,9.13075e-06,0
18595.0,18600.0,18597.5,6.989858e-06,3.494929e-05,0
18605.0,18610.0,18607.5,3.49772e-06,1.74886e-05,0
18610.0,18615.0,18612.5,8.84897e-06,4.424485e-05,0
18615.0,18620.0,18617.5,3.625894e-06,1.812947e-05,0
18620.0,18625.0,18622.5,3.474192e-06,1.737096e-05,0
18625.0,18630.0,18627.5,1.885902e-06,9.42951e-06,0
18630.0,18635.0,18632.5,3.53147e-06,1.765735e-05,0
18635.0,18640.0,18637.5,1.0988526e-05,5.494263e-05,0
18640.0,18645.0,18642.5,7.152518e-06,3.576259e-05,0
18645.0,18650.0,18647.5,1.631854e-06,8.15927e-06,0
18650.0,18655.0,18652.5,3.49772e-06,1.74886e-05,0
18655.0,18660.0,18657.5,1.748864e-06,8.74432e-06,0
18660.0,18665.0,18662.5,1.631854e-06,8.15927e-06,0
18665.0,18670.0,18667.5,1.748864e-06,8.74432e-06,0
18670.0,18675.0,18672.5,1.821328e-06,9.10664e-06,0
18675.0,18680.0,18677.5,1.70532e-06,8.5266e-06,0
18680.0,18685.0,18682.5,5.33939e-06,2.669695e-05,0
18685.0,18690.0,18687.5,5.374758e-06,2.687379e-05,0
18690.0,18695.0,18692.5,3.70723e-06,1.853615e-05,0
18695.0,18700.0,18697.5,3.2637e-06,1.63185e-05,0
18700.0,18705.0,18702.5,3.60914e-06,1.80457e-05,0
18705.0,18710.0,18707.5,5.339084e-06,2.669542e-05,0
18710.0,18715.0,18712.5,5.061416e-06,2.530708e-05,0
18715.0,18720.0,18717.5,7.148472e-06,3.574236e-05,0
18725.0,18730.0,18727.5,5.185284e-06,2.592642e-05,0
18735.0,18740.0,18737.5,1.70532e-06,8.5266e-06,0
18740.0,18745.0,18742.5,3.43642e-06,1.71821e-05,0
18745.0,18750.0,18747.5,9.009516e-06,4.504758e-05,0
18750.0,18755.0,18752.5,3.712052e-06,1.856026e-05,0
18755.0,18760.0,18757.5,1.70532e-06,8.5266e-06,0
18765.0,18770.0,18767.5,1.885902e-06,9.42951e-06,0
18770.0,18775.0,18772.5,1.0754876e-05,5.377438e-05,0
18775.0,18780.0,18777.5,3.454184e-06,1.727092e-05,0
18780.0,18785.0,18782.5,1.821328e-06,9.10664e-06,0
18785.0,18790.0,18787.5,3.43642e-06,1.71821e-05,0
18790.0,18795.0,18792.5,1.804566e-06,9.02283e-06,0
18795.0,18800.0,18797.5,6.982992e-06,3.491496e-05,0
18800.0,18805.0,18802.5,3.380718e-06,1.690359e-05,0
18805.0,18810.0,18807.5,8.806982e-06,4.403491e-05,0
18810.0,18815.0,18812.5,1.70532e-06,8.5266e-06,0
18815.0,18820.0,18817.5,7.225984e-06,3.612992e-05,0
18825.0,18830.0,18827.5,3.4128e-06,1.7064e-05,0
18830.0,18835.0,18832.5,3.474192e-06,1.737096e-05,0
18840.0,18845.0,18842.5,1.804566e-06,9.02283e-06,0
18845.0,18850.0,18847.5,5.432864e-06,2.716432e-05,0
18850.0,18855.0,18852.5,1.748864e-06,8.74432e-06,0
18855.0,18860.0,18857.5,7.101108e-06,3.550554e-05,0
18860.0,18865.0,18862.5,3.647478e-06,1.823739e-05,0
18865.0,18870.0,18867.5,1.725328e-06,8.62664e-06,0
18870.0,18875.0,18872.5,3.509886e-06,1.754943e-05,0
18875.0,18880.0,18877.5,1.631854e-06,8.15927e-06,0
18880.0,18885.0,18882.5,3.337174e-06,1.668587e-05,0
18885.0,18890.0,18887.5,3.49772e-06,1.74886e-05,0
18890.0,18895.0,18892.5,1.608234e-06,8.04117e-06,0
18895.0,18900.0,18897.5,1.804566e-06,9.02283e-06,0
18900.0,18905.0,18902.5,1.885902e-06,9.42951e-06,0
18905.0,18910.0,18907.5,1.0595858e-05,5.297929e-05,0
18915.0,18920.0,18917.5,8.732258e-06,4.366129e-05,0
18920.0,18925.0,18922.5,1.804566e-06,9.02283e-06,0
18925.0,18930.0,18927.5,1.804566e-06,9.02283e-06,0
18930.0,18935.0,18932.5,5.296542e-06,2.648271e-05,0
18935.0,18940.0,18937.5,5.516618e-06,2.758309e-05,0
18940.0,18945.0,18942.5,1.748864e-06,8.74432e-06,0
18945.0,18950.0,18947.5,1.725328e-06,8.62664e-06,0
18950.0,18955.0,18952.5,3.380718e-06,1.690359e-05,0
18960.0,18965.0,18962.5,7.16466e-06,3.58233e-05,0
18965.0,18970.0,18967.5,3.570192e-06,1.785096e-05,0
18970.0,18975.0,18972.5,3.529894e-06,1.764947e-05,0
18975.0,18980.0,18977.5,1.804566e-06,9.02283e-06,0
18980.0,18985.0,18982.5,3.570192e-06,1.785096e-05,0
18990.0,18995.0,18992.5,5.412856e-06,2.706428e-05,0
18995.0,19000.0,18997.5,3.60914e-06,1.80457e-05,0
19000.0,19005.0,19002.5,3.60914e-06,1.80457e-05,0
19010.0,19015.0,19012.5,1.748864e-06,8.74432e-06,0
19015.0,19020.0,19017.5,1.748864e-06,8.74432e-06,0
19020.0,19025.0,19022.5,3.4128e-06,1.7064e-05,0
19030.0,19035.0,19032.5,5.223076e-06,2.611538e-05,0
19035.0,19040.0,19037.5,3.7718e-06,1.8859e-05,0
19040.0,19045.0,19042.5,3.454184e-06,1.727092e-05,0
19045.0,19050.0,19047.5,3.712052e-06,1.856026e-05,0
19050.0,19055.0,19052.5,5.25875e-06,2.629375e-05,0
19055.0,19060.0,19057.5,3.43642e-06,1.71821e-05,0
19060.0,19065.0,19062.5,3.43642e-06,1.71821e-05,0
19065.0,19070.0,19067.5,3.43642e-06,1.71821e-05,0
19070.0,19075.0,19072.5,1.821328e-06,9.10664e-06,0
19075.0,19080.0,19077.5,1.885902e-06,9.42951e-06,0
19080.0,19085.0,19082.5,3.509886e-06,1.754943e-05,0
19085.0,19090.0,19087.5,5.468558e-06,2.734279e-05,0
19090.0,19095.0,19092.5,3.474192e-06,1.737096e-05,0
19095.0,19100.0,19097.5,1.885902e-06,9.42951e-06,0
19100.0,19105.0,19102.5,3.591222e-06,1.795611e-05,0
19110.0,19115.0,19112.5,3.517756e-06,1.758878e-05,0
19115.0,19120.0,19117.5,7.161414e-06,3.580707e-05,0
19120.0,19125.0,19122.5,5.511796e-06,2.755898e-05,0
19130.0,19135.0,19132.5,1.885902e-06,9.42951e-06,0
19135.0,19140.0,19137.5,6.96789e-06,3.483945e-05,0
19140.0,19145.0,19142.5,1.804566e-06,9.02283e-06,0
19145.0,19150.0,19147.5,6.910612e-06,3.455306e-05,0
19150.0,19155.0,19152.5,1.748864e-06,8.74432e-06,0
19155.0,19160.0,19157.5,5.275512e-06,2.637756e-05,0
19160.0,19165.0,19162.5,3.43642e-06,1.71821e-05,0
19165.0,19170.0,19167.5,3.454184e-06,1.727092e-05,0
19170.0,19175.0,19172.5,1.725328e-06,8.62664e-06,0
19175.0,19180.0,19177.5,5.665902e-06,2.832951e-05,0
19180.0,19185.0,19182.5,1.885902e-06,9.42951e-06,0
19185.0,19190.0,19187.5,8.73251e-06,4.366255e-05,0
19190.0,19195.0,19192.5,3.357182e-06,1.678591e-05,0
19195.0,19200.0,19197.5,1.885902e-06,9.42951e-06,0
19200.0,19205.0,19202.5,1.804566e-06,9.02283e-06,0
19205.0,19210.0,19207.5,3.60914e-06,1.80457e-05,0
19210.0,19215.0,19212.5,7.374468e-06,3.687234e-05,0
19215.0,19220.0,19217.5,5.284154e-06,2.642077e-05,0
19225.0,19230.0,19227.5,1.821328e-06,9.10664e-06,0
19230.0,19235.0,19232.5,7.015476e-06,3.507738e-05,0
19240.0,19245.0,19242.5,5.319048e-06,2.659524e-05,0
19245.0,19250.0,19247.5,3.634766e-06,1.817383e-05,0
19255.0,19260.0,19257.5,3.61123e-06,1.805615e-05,0
19260.0,19265.0,19262.5,3.591222e-06,1.795611e-05,0
19265.0,19270.0,19267.5,3.337174e-06,1.668587e-05,0
19270.0,19275.0,19272.5,1.885902e-06,9.42951e-06,0
19275.0,19280.0,19277.5,3.55343e-06,1.776715e-05,0
19280.0,19285.0,19282.5,1.748864e-06,8.74432e-06,0
19285.0,19290.0,19287.5,5.086038e-06,2.543019e-05,0
19290.0,19295.0,19292.5,1.748864e-06,8.74432e-06,0
19295.0,19300.0,19297.5,8.818006e-06,4.409003e-05,0
19300.0,19305.0,19302.5,1.631854e-06,8.15927e-06,0
19305.0,19310.0,19307.5,3.458004e-06,1.729002e-05,0
19320.0,19325.0,19322.5,5.14174e-06,2.57087e-05,0
19325.0,19330.0,19327.5,1.70532e-06,8.5266e-06,0
19335.0,19340.0,19337.5,3.2637e-06,1.63185e-05,0
19340.0,19345.0,19342.5,3.690468e-06,1.845234e-05,0
19350.0,19355.0,19352.5,3.690468e-06,1.845234e-05,0
19355.0,19360.0,19357.5,1.804566e-06,9.02283e-06,0
19360.0,19365.0,19362.5,1.725328e-06,8.62664e-06,0
19365.0,19370.0,19367.5,3.634766e-06,1.817383e-05,0
19370.0,19375.0,19372.5,1.82615e-06,9.13075e-06,0
19375.0,19380.0,19377.5,1.82615e-06,9.13075e-06,0
19385.0,19390.0,19387.5,5.670724e-06,2.835362e-05,0
19390.0,19395.0,19392.5,1.70532e-06,8.5266e-06,0
19395.0,19400.0,19397.5,3.337174e-06,1.668587e-05,0
19400.0,19405.0,19402.5,3.707536e-06,1.853768e-05,0
19410.0,19415.0,19412.5,3.41064e-06,1.70532e-05,0
19415.0,19420.0,19417.5,3.53147e-06,1.765735e-05,0
19420.0,19425.0,19422.5,1.885902e-06,9.42951e-06,0
19425.0,19430.0,19427.5,3.53147e-06,1.765735e-05,0
19430.0,19435.0,19432.5,7.09277e-06,3.546385e-05,0
19435.0,19440.0,19437.5,1.821328e-06,9.10664e-06,0
19440.0,19445.0,19442.5,5.26662e-06,2.63331e-05,0
19445.0,19450.0,19447.5,3.570192e-06,1.785096e-05,0
19455.0,19460.0,19457.5,5.068266e-06,2.534133e-05,0
19460.0,19465.0,19462.5,3.380718e-06,1.690359e-05,0
19465.0,19470.0,19467.5,3.41064e-06,1.70532e-05,0
19470.0,19475.0,19472.5,9.146558e-06,4.573279e-05,0
19475.0,19480.0,19477.5,1.821328e-06,9.10664e-06,0
19480.0,19485.0,19482.5,3.591222e-06,1.795611e-05,0
19485.0,19490.0,19487.5,1.748864e-06,8.74432e-06,0
19495.0,19500.0,19497.5,5.340086e-06,2.670043e-05,0
19500.0,19505.0,19502.5,5.511796e-06,2.755898e-05,0
19510.0,19515.0,19512.5,5.403654e-06,2.701827e-05,0
19515.0,19520.0,19517.5,8.884652e-06,4.442326e-05,0
19520.0,19525.0,19522.5,5.495042e-06,2.747521e-05,0
19525.0,19530.0,19527.5,3.55343e-06,1.776715e-05,0
19530.0,19535.0,19532.5,1.804566e-06,9.02283e-06,0
19535.0,19540.0,19537.5,3.430648e-06,1.715324e-05,0
19540.0,19545.0,19542.5,6.878434e-06,3.439217e-05,0
19545.0,19550.0,19547.5,7.015476e-06,3.507738e-05,0
19550.0,19555.0,19552.5,5.086038e-06,2.543019e-05,0
19555.0,19560.0,19557.5,1.821328e-06,9.10664e-06,0
19560.0,19565.0,19562.5,3.663992e-06,1.831996e-05,0
19565.0,19570.0,19567.5,7.275222e-06,3.637611e-05,0
19570.0,19575.0,19572.5,5.331214e-06,2.665607e-05,0
19575.0,19580.0,19577.5,3.380718e-06,1.690359e-05,0
19580.0,19585.0,19582.5,3.529894e-06,1.764947e-05,0
19590.0,19595.0,19592.5,1.885902e-06,9.42951e-06,0
19600.0,19605.0,19602.5,1.748864e-06,8.74432e-06,0
19605.0,19610.0,19607.5,5.086038e-06,2.543019e-05,0
19610.0,19615.0,19612.5,5.234128e-06,2.617064e-05,0
19615.0,19620.0,19617.5,5.336036e-06,2.668018e-05,0
19620.0,19625.0,19622.5,1.70532e-06,8.5266e-06,0
19625.0,19630.0,19627.5,1.748864e-06,8.74432e-06,0
19630.0,19635.0,19632.5,1.725328e-06,8.62664e-06,0
19635.0,19640.0,19637.5,3.454184e-06,1.727092e-05,0
19640.0,19645.0,19642.5,3.55343e-06,1.776715e-05,0
19645.0,19650.0,19647.5,3.453182e-06,1.726591e-05,0
19655.0,19660.0,19657.5,5.275512e-06,2.637756e-05,0
19660.0,19665.0,19662.5,1.748864e-06,8.74432e-06,0
19665.0,19670.0,19667.5,5.48532e-06,2.74266e-05,0
19670.0,19675.0,19672.5,5.520664e-06,2.760332e-05,0
19675.0,19680.0,19677.5,1.821328e-06,9.10664e-06,0
19680.0,19685.0,19682.5,3.53147e-06,1.765735e-05,0
19685.0,19690.0,19687.5,3.453182e-06,1.726591e-05,0
19690.0,19695.0,19692.5,3.453182e-06,1.726591e-05,0
19695.0,19700.0,19697.5,1.70532e-06,8.5266e-06,0
19700.0,19705.0,19702.5,3.634766e-06,1.817383e-05,0
19705.0,19710.0,19707.5,3.41064e-06,1.70532e-05,0
19710.0,19715.0,19712.5,7.265482e-06,3.632741e-05,0
19715.0,19720.0,19717.5,3.55343e-06,1.776715e-05,0
19720.0,19725.0,19722.5,1.748864e-06,8.74432e-06,0
19725.0,19730.0,19727.5,3.454184e-06,1.727092e-05,0
19730.0,19735.0,19732.5,1.631854e-06,8.15927e-06,0
19735.0,19740.0,19737.5,3.45066e-06,1.72533e-05,0
19740.0,19745.0,19742.5,1.725328e-06,8.62664e-06,0
19750.0,19755.0,19752.5,1.82615e-06,9.13075e-06,0
19765.0,19770.0,19767.5,5.738668e-06,2.869334e-05,0
19770.0,19775.0,19772.5,3.2637e-06,1.63185e-05,0
19775.0,19780.0,19777.5,3.690468e-06,1.845234e-05,0
19780.0,19785.0,19782.5,3.647478e-06,1.823739e-05,0
19785.0,19790.0,19787.5,7.22037e-06,3.610185e-05,0
19790.0,19795.0,19792.5,1.821328e-06,9.10664e-06,0
19795.0,19800.0,19797.5,1.631854e-06,8.15927e-06,0
19800.0,19805.0,19802.5,1.821328e-06,9.10664e-06,0
19810.0,19815.0,19812.5,1.885902e-06,9.42951e-06,0
19815.0,19820.0,19817.5,1.70532e-06,8.5266e-06,0
19825.0,19830.0,19827.5,1.958672e-06,9.79336e-06,0
19830.0,19835.0,19832.5,3.474192e-06,1.737096e-05,0
19835.0,19840.0,19837.5,5.161748e-06,2.580874e-05,0
19840.0,19845.0,19842.5,3.43642e-06,1.71821e-05,0
19850.0,19855.0,19852.5,5.044654e-06,2.522327e-05,0
19855.0,19860.0,19857.5,1.631854e-06,8.15927e-06,0
19860.0,19865.0,19862.5,3.509886e-06,1.754943e-05,0
19865.0,19870.0,19867.5,1.804566e-06,9.02283e-06,0
19870.0,19875.0,19872.5,3.570192e-06,1.785096e-05,0
19875.0,19880.0,19877.5,4.96902e-06,2.48451e-05,0
19880.0,19885.0,19882.5,8.732962e-06,4.366481e-05,0
19890.0,19895.0,19892.5,3.684e-06,1.842e-05,0
19900.0,19905.0,19902.5,3.634766e-06,1.817383e-05,0
19910.0,19915.0,19912.5,5.53338e-06,2.76669e-05,0
19915.0,19920.0,19917.5,5.255712e-06,2.627856e-05,0
19920.0,19925.0,19922.5,1.821328e-06,9.10664e-06,0
19925.0,19930.0,19927.5,1.631854e-06,8.15927e-06,0
19930.0,19935.0,19932.5,5.601332e-06,2.800666e-05,0
19935.0,19940.0,19937.5,3.634766e-06,1.817383e-05,0
19940.0,19945.0,19942.5,5.25875e-06,2.629375e-05,0
19955.0,19960.0,19957.5,3.529894e-06,1.764947e-05,0
19965.0,19970.0,19967.5,8.820042e-06,4.410021e-05,0
19970.0,19975.0,19972.5,3.7718e-06,1.8859e-05,0
19980.0,19985.0,19982.5,1.821328e-06,9.10664e-06,0
19990.0,19995.0,19992.5,1.631854e-06,8.15927e-06,0
19995.0,20000.0,19997.5,1.725328e-06,8.62664e-06,0
20005.0,20010.0,20007.5,3.690468e-06,1.845234e-05,0
20015.0,20020.0,20017.5,5.17851e-06,2.589255e-05,0
20025.0,20030.0,20027.5,1.631854e-06,8.15927e-06,0
20030.0,20035.0,20032.5,7.160718e-06,3.580359e-05,0
20035.0,20040.0,20037.5,1.748864e-06,8.74432e-06,0
20040.0,20045.0,20042.5,1.804566e-06,9.02283e-06,0
20050.0,20055.0,20052.5,1.82615e-06,9.13075e-06,0
20055.0,20060.0,20057.5,3.70723e-06,1.853615e-05,0
20060.0,20065.0,20062.5,3.453182e-06,1.726591e-05,0
20070.0,20075.0,20072.5,1.804566e-06,9.02283e-06,0
20075.0,20080.0,20077.5,1.804566e-06,9.02283e-06,0
20080.0,20085.0,20082.5,1.725328e-06,8.62664e-06,0
20085.0,20090.0,20087.5,5.296542e-06,2.648271e-05,0
20090.0,20095.0,20092.5,6.944796e-06,3.472398e-05,0
20100.0,20105.0,20102.5,1.82615e-06,9.13075e-06,0
20105.0,20110.0,20107.5,5.356044e-06,2.678022e-05,0
20110.0,20115.0,20112.5,3.380718e-06,1.690359e-05,0
20115.0,20120.0,20117.5,1.631854e-06,8.15927e-06,0
20120.0,20125.0,20122.5,3.526648e-06,1.763324e-05,0
20125.0,20130.0,20127.5,3.2637e-06,1.63185e-05,0
20130.0,20135.0,20132.5,3.634766e-06,1.817383e-05,0
20135.0,20140.0,20137.5,3.64266e-06,1.82133e-05,0
20140.0,20145.0,20142.5,3.2637e-06,1.63185e-05,0
20145.0,20150.0,20147.5,3.634766e-06,1.817383e-05,0
20160.0,20165.0,20162.5,8.95712e-06,4.47856e-05,0
20170.0,20175.0,20172.5,1.885902e-06,9.42951e-06,0
20175.0,20180.0,20177.5,3.337174e-06,1.668587e-05,0
20180.0,20185.0,20182.5,3.570192e-06,1.785096e-05,0
20185.0,20190.0,20187.5,1.821328e-06,9.10664e-06,0
20190.0,20195.0,20192.5,3.634766e-06,1.817383e-05,0
20195.0,20200.0,20197.5,1.631854e-06,8.15927e-06,0
20205.0,20210.0,20207.5,3.634766e-06,1.817383e-05,0
20210.0,20215.0,20212.5,3.517756e-06,1.758878e-05,0
20215.0,20220.0,20217.5,5.6577e-06,2.82885e-05,0
20220.0,20225.0,20222.5,1.748864e-06,8.74432e-06,0
20225.0,20230.0,20227.5,5.08985e-06,2.544925e-05,0
20230.0,20235.0,20232.5,1.885902e-06,9.42951e-06,0
20235.0,20240.0,20237.5,5.64914e-06,2.82457e-05,0
20240.0,20245.0,20242.5,1.885902e-06,9.42951e-06,0
20245.0,20250.0,20247.5,1.821328e-06,9.10664e-06,0
20250.0,20255.0,20252.5,3.575014e-06,1.787507e-05,0
20255.0,20260.0,20257.5,6.912188e-06,3.456094e-05,0
20260.0,20265.0,20262.5,1.82615e-06,9.13075e-06,0
20265.0,20270.0,20267.5,3.454184e-06,1.727092e-05,0
20270.0,20275.0,20272.5,1.748864e-06,8.74432e-06,0
20290.0,20295.0,20292.5,3.55343e-06,1.776715e-05,0
20300.0,20305.0,20302.5,3.625894e-06,1.812947e-05,0
20305.0,20310.0,20307.5,5.358004e-06,2.679002e-05,0
20310.0,20315.0,20312.5,1.70532e-06,8.5266e-06,0
20315.0,20320.0,20317.5,1.70532e-06,8.5266e-06,0
20320.0,20325.0,20322.5,5.257748e-06,2.628874e-05,0
20325.0,20330.0,20327.5,1.804566e-06,9.02283e-06,0
20335.0,20340.0,20337.5,5.64914e-06,2.82457e-05,0
20340.0,20345.0,20342.5,3.570192e-06,1.785096e-05,0
20345.0,20350.0,20347.5,1.82615e-06,9.13075e-06,0
20350.0,20355.0,20352.5,1.804566e-06,9.02283e-06,0
20355.0,20360.0,20357.5,6.927374e-06,3.463687e-05,0
20360.0,20365.0,20362.5,3.684e-06,1.842e-05,0
20375.0,20380.0,20377.5,3.634766e-06,1.817383e-05,0
20385.0,20390.0,20387.5,3.570192e-06,1.785096e-05,0
20390.0,20395.0,20392.5,3.55343e-06,1.776715e-05,0
20395.0,20400.0,20397.5,1.70532e-06,8.5266e-06,0
20400.0,20405.0,20402.5,1.885902e-06,9.42951e-06,0
20405.0,20410.0,20407.5,1.608234e-06,8.04117e-06,0
20410.0,20415.0,20412.5,3.60914e-06,1.80457e-05,0
20415.0,20420.0,20417.5,3.337174e-06,1.668587e-05,0
20420.0,20425.0,20422.5,1.804566e-06,9.02283e-06,0
20425.0,20430.0,20427.5,1.821328e-06,9.10664e-06,0
20435.0,20440.0,20437.5,3.690468e-06,1.845234e-05,0
20440.0,20445.0,20442.5,5.159504e-06,2.579752e-05,0
20445.0,20450.0,20447.5,1.70532e-06,8.5266e-06,0
20450.0,20455.0,20452.5,1.631854e-06,8.15927e-06,0
20455.0,20460.0,20457.5,1.748864e-06,8.74432e-06,0
20460.0,20465.0,20462.5,3.690468e-06,1.845234e-05,0
20465.0,20470.0,20467.5,5.296542e-06,2.648271e-05,0
20470.0,20475.0,20472.5,1.821328e-06,9.10664e-06,0
20480.0,20485.0,20482.5,1.821328e-06,9.10664e-06,0
20485.0,20490.0,20487.5,3.55343e-06,1.776715e-05,0
20495.0,20500.0,20497.5,3.625894e-06,1.812947e-05,0
20500.0,20505.0,20502.5,5.012564e-06,2.506282e-05,0
20505.0,20510.0,20507.5,1.82615e-06,9.13075e-06,0
20510.0,20515.0,20512.5,1.885902e-06,9.42951e-06,0
20515.0,20520.0,20517.5,3.49772e-06,1.74886e-05,0
20520.0,20525.0,20522.5,1.804566e-06,9.02283e-06,0
20525.0,20530.0,20527.5,1.725328e-06,8.62664e-06,0
20530.0,20535.0,20532.5,3.526648e-06,1.763324e-05,0
20535.0,20540.0,20537.5,6.898466e-06,3.449233e-05,0
20540.0,20545.0,20542.5,1.804566e-06,9.02283e-06,0
20545.0,20550.0,20547.5,1.748864e-06,8.74432e-06,0
20550.0,20555.0,20552.5,1.748864e-06,8.74432e-06,0
20555.0,20560.0,20557.5,1.748864e-06,8.74432e-06,0
20560.0,20565.0,20562.5,3.2637e-06,1.63185e-05,0
20570.0,20575.0,20572.5,1.748864e-06,8.74432e-06,0
20575.0,20580.0,20577.5,3.55343e-06,1.776715e-05,0
20580.0,20585.0,20582.5,1.821328e-06,9.10664e-06,0
20590.0,20595.0,20592.5,3.60914e-06,1.80457e-05,0
20600.0,20605.0,20602.5,1.821328e-06,9.10664e-06,0
20605.0,20610.0,20607.5,1.804566e-06,9.02283e-06,0
20610.0,20615.0,20612.5,1.885902e-06,9.42951e-06,0
20615.0,20620.0,20617.5,1.804566e-06,9.02283e-06,0
20625.0,20630.0,20627.5,3.337174e-06,1.668587e-05,0
20630.0,20635.0,20632.5,3.590526e-06,1.795263e-05,0
20645.0,20650.0,20647.5,7.243906e-06,3.621953e-05,0
20650.0,20655.0,20652.5,1.804566e-06,9.02283e-06,0
20655.0,20660.0,20657.5,1.631854e-06,8.15927e-06,0
20660.0,20665.0,20662.5,3.454184e-06,1.727092e-05,0
20665.0,20670.0,20667.5,5.012564e-06,2.506282e-05,0
20675.0,20680.0,20677.5,1.748864e-06,8.74432e-06,0
20680.0,20685.0,20682.5,1.631854e-06,8.15927e-06,0
20685.0,20690.0,20687.5,3.690468e-06,1.845234e-05,0
20695.0,20700.0,20697.5,3.509886e-06,1.754943e-05,0
20705.0,20710.0,20707.5,3.517756e-06,1.758878e-05,0
20715.0,20720.0,20717.5,1.821328e-06,9.10664e-06,0
20720.0,20725.0,20722.5,3.509886e-06,1.754943e-05,0
20725.0,20730.0,20727.5,5.456094e-06,2.728047e-05,0
20730.0,20735.0,20732.5,3.49772e-06,1.74886e-05,0
20735.0,20740.0,20737.5,7.170056e-06,3.585028e-05,0
20750.0,20755.0,20752.5,7.051146e-06,3.525573e-05,0
20755.0,20760.0,20757.5,1.885902e-06,9.42951e-06,0
20765.0,20770.0,20767.5,1.748864e-06,8.74432e-06,0
20770.0,20775.0,20772.5,3.625894e-06,1.812947e-05,0
20775.0,20780.0,20777.5,3.430648e-06,1.715324e-05,0
20785.0,20790.0,20787.5,3.333562e-06,1.666781e-05,0
20800.0,20805.0,20802.5,3.570192e-06,1.785096e-05,0
20805.0,20810.0,20807.5,6.987898e-06,3.493949e-05,0
20810.0,20815.0,20812.5,3.712052e-06,1.856026e-05,0
20815.0,20820.0,20817.5,1.70532e-06,8.5266e-06,0
20820.0,20825.0,20822.5,3.380718e-06,1.690359e-05,0
20830.0,20835.0,20832.5,1.885902e-06,9.42951e-06,0
20840.0,20845.0,20842.5,3.526648e-06,1.763324e-05,0
20845.0,20850.0,20847.5,1.70532e-06,8.5266e-06,0
20855.0,20860.0,20857.5,1.631854e-06,8.15927e-06,0
20860.0,20865.0,20862.5,3.7718e-06,1.8859e-05,0
20865.0,20870.0,20867.5,1.804566e-06,9.02283e-06,0
20875.0,20880.0,20877.5,3.454184e-06,1.727092e-05,0
20880.0,20885.0,20882.5,1.885902e-06,9.42951e-06,0
20890.0,20895.0,20892.5,3.43642e-06,1.71821e-05,0
20895.0,20900.0,20897.5,3.690468e-06,1.845234e-05,0
20905.0,20910.0,20907.5,5.25875e-06,2.629375e-05,0
20910.0,20915.0,20912.5,3.454184e-06,1.727092e-05,0
20915.0,20920.0,20917.5,7.188188e-06,3.594094e-05,0
20920.0,20925.0,20922.5,3.313554e-06,1.656777e-05,0
20925.0,20930.0,20927.5,6.94832e-06,3.47416e-05,0
20930.0,20935.0,20932.5,5.395788e-06,2.697894e-05,0
20935.0,20940.0,20937.5,3.494136e-06,1.747068e-05,0
20945.0,20950.0,20947.5,5.339084e-06,2.669542e-05,0
20950.0,20955.0,20952.5,1.725328e-06,8.62664e-06,0
20955.0,20960.0,20957.5,3.55343e-06,1.776715e-05,0
20965.0,20970.0,20967.5,5.415796e-06,2.707898e-05,0
20975.0,20980.0,20977.5,1.804566e-06,9.02283e-06,0
20990.0,20995.0,20992.5,6.833892e-06,3.416946e-05,0
20995.0,21000.0,20997.5,7.346814e-06,3.673407e-05,0
21000.0,21005.0,21002.5,1.70532e-06,8.5266e-06,0
21005.0,21010.0,21007.5,1.885902e-06,9.42951e-06,0
21010.0,21015.0,21012.5,1.70532e-06,8.5266e-06,0
21015.0,21020.0,21017.5,8.789218e-06,4.394609e-05,0
21020.0,21025.0,21022.5,3.53147e-06,1.765735e-05,0
21030.0,21035.0,21032.5,5.14174e-06,2.57087e-05,0
21040.0,21045.0,21042.5,5.29552e-06,2.64776e-05,0
21045.0,21050.0,21047.5,1.885902e-06,9.42951e-06,0
21055.0,21060.0,21057.5,1.608234e-06,8.04117e-06,0
21060.0,21065.0,21062.5,1.82615e-06,9.13075e-06,0
21065.0,21070.0,21067.5,3.690468e-06,1.845234e-05,0
21070.0,21075.0,21072.5,1.748864e-06,8.74432e-06,0
21075.0,21080.0,21077.5,5.322322e-06,2.661161e-05,0
21080.0,21085.0,21082.5,1.725328e-06,8.62664e-06,0
21085.0,21090.0,21087.5,1.631854e-06,8.15927e-06,0
21090.0,21095.0,21092.5,1.82615e-06,9.13075e-06,0
21095.0,21100.0,21097.5,1.631854e-06,8.15927e-06,0
21100.0,21105.0,21102.5,1.821328e-06,9.10664e-06,0
21115.0,21120.0,21117.5,3.634766e-06,1.817383e-05,0
21120.0,21125.0,21122.5,3.55343e-06,1.776715e-05,0
21125.0,21130.0,21127.5,1.804566e-06,9.02283e-06,0
21135.0,21140.0,21137.5,3.337174e-06,1.668587e-05,0
21145.0,21150.0,21147.5,1.631854e-06,8.15927e-06,0
21155.0,21160.0,21157.5,1.70532e-06,8.5266e-06,0
21165.0,21170.0,21167.5,3.7718e-06,1.8859e-05,0
21170.0,21175.0,21172.5,1.958672e-06,9.79336e-06,0
21175.0,21180.0,21177.5,1.70532e-06,8.5266e-06,0
21195.0,21200.0,21197.5,1.885902e-06,9.42951e-06,0
21205.0,21210.0,21207.5,5.185284e-06,2.592642e-05,0
21210.0,21215.0,21212.5,1.70532e-06,8.5266e-06,0
21215.0,21220.0,21217.5,5.215206e-06,2.607603e-05,0
21225.0,21230.0,21227.5,3.337174e-06,1.668587e-05,0
21235.0,21240.0,21237.5,3.41064e-06,1.70532e-05,0
21240.0,21245.0,21242.5,7.123614e-06,3.561807e-05,0
21245.0,21250.0,21247.5,3.546656e-06,1.773328e-05,0
21250.0,21255.0,21252.5,6.60088e-06,3.30044e-05,0
21260.0,21265.0,21262.5,3.453182e-06,1.726591e-05,0
21265.0,21270.0,21267.5,3.517756e-06,1.758878e-05,0
21270.0,21275.0,21272.5,3.454184e-06,1.727092e-05,0
21275.0,21280.0,21277.5,1.804566e-06,9.02283e-06,0
21280.0,21285.0,21282.5,1.885902e-06,9.42951e-06,0
21285.0,21290.0,21287.5,1.804566e-06,9.02283e-06,0
21295.0,21300.0,21297.5,1.885902e-06,9.42951e-06,0
21300.0,21305.0,21302.5,1.821328e-06,9.10664e-06,0
21305.0,21310.0,21307.5,1.748864e-06,8.74432e-06,0
21310.0,21315.0,21312.5,3.430648e-06,1.715324e-05,0
21320.0,21325.0,21322.5,1.804566e-06,9.02283e-06,0
21330.0,21335.0,21332.5,1.631854e-06,8.15927e-06,0
21340.0,21345.0,21342.5,1.885902e-06,9.42951e-06,0
21345.0,21350.0,21347.5,5.222372e-06,2.611186e-05,0
21350.0,21355.0,21352.5,1.958672e-06,9.79336e-06,0
21355.0,21360.0,21357.5,1.885902e-06,9.42951e-06,0
21360.0,21365.0,21362.5,3.53147e-06,1.765735e-05,0
21365.0,21370.0,21367.5,3.53147e-06,1.765735e-05,0
21370.0,21375.0,21372.5,7.10686e-06,3.55343e-05,0
21375.0,21380.0,21377.5,1.748864e-06,8.74432e-06,0
21380.0,21385.0,21382.5,5.105954e-06,2.552977e-05,0
21395.0,21400.0,21397.5,1.748864e-06,8.74432e-06,0
21405.0,21410.0,21407.5,1.804566e-06,9.02283e-06,0
21410.0,21415.0,21412.5,3.2637e-06,1.63185e-05,0
21415.0,21420.0,21417.5,1.804566e-06,9.02283e-06,0
21420.0,21425.0,21422.5,1.82615e-06,9.13075e-06,0
21425.0,21430.0,21427.5,1.821328e-06,9.10664e-06,0
21430.0,21435.0,21432.5,3.690468e-06,1.845234e-05,0
21440.0,21445.0,21442.5,3.61123e-06,1.805615e-05,0
21460.0,21465.0,21462.5,3.380718e-06,1.690359e-05,0
21465.0,21470.0,21467.5,5.202046e-06,2.601023e-05,0
21470.0,21475.0,21472.5,3.509886e-06,1.754943e-05,0
21475.0,21480.0,21477.5,1.631854e-06,8.15927e-06,0
21485.0,21490.0,21487.5,1.631854e-06,8.15927e-06,0
21495.0,21500.0,21497.5,1.885902e-06,9.42951e-06,0
21500.0,21505.0,21502.5,1.748864e-06,8.74432e-06,0
21505.0,21510.0,21507.5,3.625894e-06,1.812947e-05,0
21515.0,21520.0,21517.5,1.885902e-06,9.42951e-06,0
21530.0,21535.0,21532.5,3.454184e-06,1.727092e-05,0
21535.0,21540.0,21537.5,3.591222e-06,1.795611e-05,0
21550.0,21555.0,21552.5,1.748864e-06,8.74432e-06,0
21570.0,21575.0,21572.5,5.322322e-06,2.661161e-05,0
21575.0,21580.0,21577.5,1.748864e-06,8.74432e-06,0
21585.0,21590.0,21587.5,3.647478e-06,1.823739e-05,0
21590.0,21595.0,21592.5,3.517756e-06,1.758878e-05,0
21600.0,21605.0,21602.5,1.748864e-06,8.74432e-06,0
21605.0,21610.0,21607.5,3.546656e-06,1.773328e-05,0
21610.0,21615.0,21612.5,3.430648e-06,1.715324e-05,0
21620.0,21625.0,21622.5,1.748864e-06,8.74432e-06,0
21625.0,21630.0,21627.5,1.82615e-06,9.13075e-06,0
21645.0,21650.0,21647.5,5.042494e-06,2.521247e-05,0
21650.0,21655.0,21652.5,1.82615e-06,9.13075e-06,0
21655.0,21660.0,21657.5,1.748864e-06,8.74432e-06,0
21660.0,21665.0,21662.5,3.454184e-06,1.727092e-05,0
21680.0,21685.0,21682.5,3.2637e-06,1.63185e-05,0
21690.0,21695.0,21692.5,1.631854e-06,8.15927e-06,0
21695.0,21700.0,21697.5,3.474192e-06,1.737096e-05,0
21705.0,21710.0,21707.5,3.590526e-06,1.795263e-05,0
21720.0,21725.0,21722.5,1.821328e-06,9.10664e-06,0
21730.0,21735.0,21732.5,3.380718e-06,1.690359e-05,0
21735.0,21740.0,21737.5,3.575014e-06,1.787507e-05,0
21740.0,21745.0,21742.5,1.82615e-06,9.13075e-06,0
21745.0,21750.0,21747.5,1.748864e-06,8.74432e-06,0
21755.0,21760.0,21757.5,1.70532e-06,8.5266e-06,0
21765.0,21770.0,21767.5,3.634766e-06,1.817383e-05,0
21770.0,21775.0,21772.5,1.885902e-06,9.42951e-06,0
21775.0,21780.0,21777.5,1.885902e-06,9.42951e-06,0
21785.0,21790.0,21787.5,1.82615e-06,9.13075e-06,0
21800.0,21805.0,21802.5,3.454184e-06,1.727092e-05,0
21805.0,21810.0,21807.5,1.804566e-06,9.02283e-06,0
21810.0,21815.0,21812.5,8.85781e-06,4.428905e-05,0
21815.0,21820.0,21817.5,1.748864e-06,8.74432e-06,0
21820.0,21825.0,21822.5,1.631854e-06,8.15927e-06,0
21825.0,21830.0,21827.5,1.748864e-06,8.74432e-06,0
21830.0,21835.0,21832.5,3.509886e-06,1.754943e-05,0
21835.0,21840.0,21837.5,1.70532e-06,8.5266e-06,0
21840.0,21845.0,21842.5,1.631854e-06,8.15927e-06,0
21845.0,21850.0,21847.5,1.82615e-06,9.13075e-06,0
21850.0,21855.0,21852.5,1.821328e-06,9.10664e-06,0
21860.0,21865.0,21862.5,3.357182e-06,1.678591e-05,0
21865.0,21870.0,21867.5,1.631854e-06,8.15927e-06,0
21870.0,21875.0,21872.5,3.526648e-06,1.763324e-05,0
21875.0,21880.0,21877.5,3.454184e-06,1.727092e-05,0
21885.0,21890.0,21887.5,1.631854e-06,8.15927e-06,0
21895.0,21900.0,21897.5,1.631854e-06,8.15927e-06,0
21900.0,21905.0,21902.5,1.70532e-06,8.5266e-06,0
21910.0,21915.0,21912.5,1.70532e-06,8.5266e-06,0
21920.0,21925.0,21922.5,3.337174e-06,1.668587e-05,0
21925.0,21930.0,21927.5,1.70532e-06,8.5266e-06,0
21930.0,21935.0,21932.5,1.70532e-06,8.5266e-06,0
21935.0,21940.0,21937.5,1.748864e-06,8.74432e-06,0
21945.0,21950.0,21947.5,5.439332e-06,2.719666e-05,0
21950.0,21955.0,21952.5,1.821328e-06,9.10664e-06,0
21965.0,21970.0,21967.5,3.55343e-06,1.776715e-05,0
21980.0,21985.0,21982.5,1.821328e-06,9.10664e-06,0
21990.0,21995.0,21992.5,3.380718e-06,1.690359e-05,0
22000.0,22005.0,22002.5,1.82615e-06,9.13075e-06,0
22025.0,22030.0,22027.5,3.337174e-06,1.668587e-05,0
22035.0,22040.0,22037.5,1.821328e-06,9.10664e-06,0
22040.0,22045.0,22042.5,1.631854e-06,8.15927e-06,0
22045.0,22050.0,22047.5,3.591222e-06,1.795611e-05,0
22055.0,22060.0,22057.5,1.885902e-06,9.42951e-06,0
22060.0,22065.0,22062.5,1.631854e-06,8.15927e-06,0
22075.0,22080.0,22077.5,1.821328e-06,9.10664e-06,0
22090.0,22095.0,22092.5,3.70723e-06,1.853615e-05,0
22100.0,22105.0,22102.5,1.748864e-06,8.74432e-06,0
22105.0,22110.0,22107.5,1.725328e-06,8.62664e-06,0
22110.0,22115.0,22112.5,1.70532e-06,8.5266e-06,0
22120.0,22125.0,22122.5,3.454184e-06,1.727092e-05,0
22125.0,22130.0,22127.5,1.70532e-06,8.5266e-06,0
22130.0,22135.0,22132.5,1.748864e-06,8.74432e-06,0
22135.0,22140.0,22137.5,1.821328e-06,9.10664e-06,0
22140.0,22145.0,22142.5,1.70532e-06,8.5266e-06,0
22145.0,22150.0,22147.5,1.804566e-06,9.02283e-06,0
22155.0,22160.0,22157.5,1.70532e-06,8.5266e-06,0
22165.0,22170.0,22167.5,1.885902e-06,9.42951e-06,0
22170.0,22175.0,22172.5,1.70532e-06,8.5266e-06,0
22180.0,22185.0,22182.5,3.529894e-06,1.764947e-05,0
22185.0,22190.0,22187.5,3.526648e-06,1.763324e-05,0
22200.0,22205.0,22202.5,1.631854e-06,8.15927e-06,0
22205.0,22210.0,22207.5,1.748864e-06,8.74432e-06,0
22215.0,22220.0,22217.5,5.068266e-06,2.534133e-05,0
22235.0,22240.0,22237.5,1.725328e-06,8.62664e-06,0
22240.0,22245.0,22242.5,3.430648e-06,1.715324e-05,0
22245.0,22250.0,22247.5,1.631854e-06,8.15927e-06,0
22250.0,22255.0,22252.5,1.821328e-06,9.10664e-06,0
22255.0,22260.0,22257.5,1.748864e-06,8.74432e-06,0
22265.0,22270.0,22267.5,1.821328e-06,9.10664e-06,0
22270.0,22275.0,22272.5,3.60914e-06,1.80457e-05,0
22280.0,22285.0,22282.5,3.454184e-06,1.727092e-05,0
22290.0,22295.0,22292.5,7.123614e-06,3.561807e-05,0
22300.0,22305.0,22302.5,5.53338e-06,2.76669e-05,0
22305.0,22310.0,22307.5,1.631854e-06,8.15927e-06,0
22315.0,22320.0,22317.5,1.804566e-06,9.02283e-06,0
22325.0,22330.0,22327.5,1.70532e-06,8.5266e-06,0
22330.0,22335.0,22332.5,3.517756e-06,1.758878e-05,0
22340.0,22345.0,22342.5,1.70532e-06,8.5266e-06,0
22350.0,22355.0,22352.5,3.434384e-06,1.717192e-05,0
22355.0,22360.0,22357.5,1.821328e-06,9.10664e-06,0
22395.0,22400.0,22397.5,3.55343e-06,1.776715e-05,0
22400.0,22405.0,22402.5,3.7718e-06,1.8859e-05,0
22410.0,22415.0,22412.5,1.748864e-06,8.74432e-06,0
22420.0,22425.0,22422.5,1.631854e-06,8.15927e-06,0
22430.0,22435.0,22432.5,3.43642e-06,1.71821e-05,0
22435.0,22440.0,22437.5,1.631854e-06,8.15927e-06,0
22440.0,22445.0,22442.5,1.885902e-06,9.42951e-06,0
22455.0,22460.0,22457.5,1.82615e-06,9.13075e-06,0
22460.0,22465.0,22462.5,5.340086e-06,2.670043e-05,0
22465.0,22470.0,22467.5,3.690468e-06,1.845234e-05,0
22470.0,22475.0,22472.5,6.781462e-06,3.390731e-05,0
22475.0,22480.0,22477.5,1.885902e-06,9.42951e-06,0
22480.0,22485.0,22482.5,1.631854e-06,8.15927e-06,0
22485.0,22490.0,22487.5,3.494136e-06,1.747068e-05,0
22505.0,22510.0,22507.5,1.885902e-06,9.42951e-06,0
22520.0,22525.0,22522.5,1.70532e-06,8.5266e-06,0
22525.0,22530.0,22527.5,7.20822e-06,3.60411e-05,0
22540.0,22545.0,22542.5,1.804566e-06,9.02283e-06,0
22545.0,22550.0,22547.5,1.631854e-06,8.15927e-06,0
22560.0,22565.0,22562.5,1.631854e-06,8.15927e-06,0
22570.0,22575.0,22572.5,1.70532e-06,8.5266e-06,0
22575.0,22580.0,22577.5,1.804566e-06,9.02283e-06,0
22580.0,22585.0,22582.5,1.885902e-06,9.42951e-06,0
22585.0,22590.0,22587.5,1.631854e-06,8.15927e-06,0
22615.0,22620.0,22617.5,8.885744e-06,4.442872e-05,0
22620.0,22625.0,22622.5,3.570192e-06,1.785096e-05,0
22630.0,22635.0,22632.5,3.337174e-06,1.668587e-05,0
22635.0,22640.0,22637.5,3.625894e-06,1.812947e-05,0
22660.0,22665.0,22662.5,3.763238e-06,1.881619e-05,0
22680.0,22685.0,22682.5,1.804566e-06,9.02283e-06,0
22690.0,22695.0,22692.5,3.517756e-06,1.758878e-05,0
22695.0,22700.0,22697.5,1.631854e-06,8.15927e-06,0
22700.0,22705.0,22702.5,1.748864e-06,8.74432e-06,0
22720.0,22725.0,22722.5,1.631854e-06,8.15927e-06,0
22725.0,22730.0,22727.5,3.337174e-06,1.668587e-05,0
22730.0,22735.0,22732.5,1.631854e-06,8.15927e-06,0
22735.0,22740.0,22737.5,1.821328e-06,9.10664e-06,0
22740.0,22745.0,22742.5,3.454184e-06,1.727092e-05,0
22745.0,22750.0,22747.5,1.725328e-06,8.62664e-06,0
22755.0,22760.0,22757.5,3.337174e-06,1.668587e-05,0
22760.0,22765.0,22762.5,1.885902e-06,9.42951e-06,0
22765.0,22770.0,22767.5,1.885902e-06,9.42951e-06,0
22770.0,22775.0,22772.5,1.821328e-06,9.10664e-06,0
22775.0,22780.0,22777.5,3.60914e-06,1.80457e-05,0
22780.0,22785.0,22782.5,3.634766e-06,1.817383e-05,0
22785.0,22790.0,22787.5,1.748864e-06,8.74432e-06,0
22795.0,22800.0,22797.5,1.70532e-06,8.5266e-06,0
22805.0,22810.0,22807.5,1.70532e-06,8.5266e-06,0
22815.0,22820.0,22817.5,3.70723e-06,1.853615e-05,0
22820.0,22825.0,22822.5,5.14174e-06,2.57087e-05,0
22825.0,22830.0,22827.5,1.631854e-06,8.15927e-06,0
22835.0,22840.0,22837.5,3.453182e-06,1.726591e-05,0
22840.0,22845.0,22842.5,5.322322e-06,2.661161e-05,0
22850.0,22855.0,22852.5,1.631854e-06,8.15927e-06,0
22860.0,22865.0,22862.5,3.494136e-06,1.747068e-05,0
22865.0,22870.0,22867.5,1.885902e-06,9.42951e-06,0
22870.0,22875.0,22872.5,1.748864e-06,8.74432e-06,0
22890.0,22895.0,22892.5,1.70532e-06,8.5266e-06,0
22895.0,22900.0,22897.5,3.625894e-06,1.812947e-05,0
22900.0,22905.0,22902.5,1.885902e-06,9.42951e-06,0
22910.0,22915.0,22912.5,1.748864e-06,8.74432e-06,0
22915.0,22920.0,22917.5,1.70532e-06,8.5266e-06,0
22920.0,22925.0,22922.5,3.570192e-06,1.785096e-05,0
22930.0,22935.0,22932.5,1.885902e-06,9.42951e-06,0
22945.0,22950.0,22947.5,1.804566e-06,9.02283e-06,0
22950.0,22955.0,22952.5,1.748864e-06,8.74432e-06,0
22985.0,22990.0,22987.5,1.748864e-06,8.74432e-06,0
22990.0,22995.0,22992.5,1.748864e-06,8.74432e-06,0
23000.0,23005.0,23002.5,1.70532e-06,8.5266e-06,0
23025.0,23030.0,23027.5,1.631854e-06,8.15927e-06,0
23035.0,23040.0,23037.5,3.712052e-06,1.856026e-05,0
23040.0,23045.0,23042.5,1.804566e-06,9.02283e-06,0
23050.0,23055.0,23052.5,1.821328e-06,9.10664e-06,0
23070.0,23075.0,23072.5,1.70532e-06,8.5266e-06,0
23080.0,23085.0,23082.5,1.70532e-06,8.5266e-06,0
23085.0,23090.0,23087.5,1.885902e-06,9.42951e-06,0
23090.0,23095.0,23092.5,1.631854e-06,8.15927e-06,0
23100.0,23105.0,23102.5,1.821328e-06,9.10664e-06,0
23115.0,23120.0,23117.5,1.885902e-06,9.42951e-06,0
23120.0,23125.0,23122.5,1.631854e-06,8.15927e-06,0
23125.0,23130.0,23127.5,1.885902e-06,9.42951e-06,0
23130.0,23135.0,23132.5,1.804566e-06,9.02283e-06,0
23135.0,23140.0,23137.5,1.885902e-06,9.42951e-06,0
23140.0,23145.0,23142.5,1.70532e-06,8.5266e-06,0
23150.0,23155.0,23152.5,1.82615e-06,9.13075e-06,0
23155.0,23160.0,23157.5,1.885902e-06,9.42951e-06,0
23165.0,23170.0,23167.5,1.748864e-06,8.74432e-06,0
23170.0,23175.0,23172.5,1.748864e-06,8.74432e-06,0
23200.0,23205.0,23202.5,1.885902e-06,9.42951e-06,0
23205.0,23210.0,23207.5,1.725328e-06,8.62664e-06,0
23225.0,23230.0,23227.5,1.748864e-06,8.74432e-06,0
23235.0,23240.0,23237.5,5.215206e-06,2.607603e-05,0
23240.0,23245.0,23242.5,1.631854e-06,8.15927e-06,0
23250.0,23255.0,23252.5,1.725328e-06,8.62664e-06,0
23265.0,23270.0,23267.5,3.712052e-06,1.856026e-05,0
23270.0,23275.0,23272.5,3.70723e-06,1.853615e-05,0
23280.0,23285.0,23282.5,3.7718e-06,1.8859e-05,0
23290.0,23295.0,23292.5,1.748864e-06,8.74432e-06,0
23310.0,23315.0,23312.5,1.804566e-06,9.02283e-06,0
23320.0,23325.0,23322.5,3.570192e-06,1.785096e-05,0
23325.0,23330.0,23327.5,1.821328e-06,9.10664e-06,0
23345.0,23350.0,23347.5,3.458004e-06,1.729002e-05,0
23365.0,23370.0,23367.5,1.70532e-06,8.5266e-06,0
23370.0,23375.0,23372.5,1.82615e-06,9.13075e-06,0
23375.0,23380.0,23377.5,3.591222e-06,1.795611e-05,0
23395.0,23400.0,23397.5,3.53147e-06,1.765735e-05,0
23400.0,23405.0,23402.5,3.2637e-06,1.63185e-05,0
23405.0,23410.0,23407.5,1.821328e-06,9.10664e-06,0
23425.0,23430.0,23427.5,1.748864e-06,8.74432e-06,0
23435.0,23440.0,23437.5,1.748864e-06,8.74432e-06,0
23450.0,23455.0,23452.5,3.380718e-06,1.690359e-05,0
23455.0,23460.0,23457.5,3.55343e-06,1.776715e-05,0
23470.0,23475.0,23472.5,5.217374e-06,2.608687e-05,0
23480.0,23485.0,23482.5,1.631854e-06,8.15927e-06,0
23485.0,23490.0,23487.5,3.380718e-06,1.690359e-05,0
23490.0,23495.0,23492.5,1.631854e-06,8.15927e-06,0
23495.0,23500.0,23497.5,3.690468e-06,1.845234e-05,0
23510.0,23515.0,23512.5,1.725328e-06,8.62664e-06,0
23515.0,23520.0,23517.5,1.631854e-06,8.15927e-06,0
23520.0,23525.0,23522.5,3.634766e-06,1.817383e-05,0
23525.0,23530.0,23527.5,5.495042e-06,2.747521e-05,0
23530.0,23535.0,23532.5,1.82615e-06,9.13075e-06,0
23540.0,23545.0,23542.5,3.509886e-06,1.754943e-05,0
23550.0,23555.0,23552.5,1.70532e-06,8.5266e-06,0
23555.0,23560.0,23557.5,1.748864e-06,8.74432e-06,0
23560.0,23565.0,23562.5,1.804566e-06,9.02283e-06,0
23570.0,23575.0,23572.5,1.804566e-06,9.02283e-06,0
23575.0,23580.0,23577.5,1.748864e-06,8.74432e-06,0
23585.0,23590.0,23587.5,1.885902e-06,9.42951e-06,0
23590.0,23595.0,23592.5,1.821328e-06,9.10664e-06,0
23610.0,23615.0,23612.5,1.70532e-06,8.5266e-06,0
23615.0,23620.0,23617.5,1.804566e-06,9.02283e-06,0
23620.0,23625.0,23622.5,1.748864e-06,8.74432e-06,0
23640.0,23645.0,23642.5,1.70532e-06,8.5266e-06,0
23680.0,23685.0,23682.5,1.748864e-06,8.74432e-06,0
23685.0,23690.0,23687.5,1.804566e-06,9.02283e-06,0
23690.0,23695.0,23692.5,3.712052e-06,1.856026e-05,0
23700.0,23705.0,23702.5,1.725328e-06,8.62664e-06,0
23710.0,23715.0,23712.5,3.575014e-06,1.787507e-05,0
23770.0,23775.0,23772.5,1.885902e-06,9.42951e-06,0
23785.0,23790.0,23787.5,1.748864e-06,8.74432e-06,0
23795.0,23800.0,23797.5,1.821328e-06,9.10664e-06,0
23805.0,23810.0,23807.5,1.748864e-06,8.74432e-06,0
23815.0,23820.0,23817.5,3.570192e-06,1.785096e-05,0
23830.0,23835.0,23832.5,1.885902e-06,9.42951e-06,0
23835.0,23840.0,23837.5,1.821328e-06,9.10664e-06,0
23845.0,23850.0,23847.5,1.804566e-06,9.02283e-06,0
23875.0,23880.0,23877.5,1.885902e-06,9.42951e-06,0
23900.0,23905.0,23902.5,1.748864e-06,8.74432e-06,0
23910.0,23915.0,23912.5,1.82615e-06,9.13075e-06,0
23915.0,23920.0,23917.5,1.631854e-06,8.15927e-06,0
23930.0,23935.0,23932.5,5.32387e-06,2.661935e-05,0
23940.0,23945.0,23942.5,3.690468e-06,1.845234e-05,0
23955.0,23960.0,23957.5,1.885902e-06,9.42951e-06,0
23975.0,23980.0,23977.5,1.631854e-06,8.15927e-06,0
23980.0,23985.0,23982.5,3.380718e-06,1.690359e-05,0
23985.0,23990.0,23987.5,3.7718e-06,1.8859e-05,0
24010.0,24015.0,24012.5,1.725328e-06,8.62664e-06,0
24015.0,24020.0,24017.5,1.82615e-06,9.13075e-06,0
24025.0,24030.0,24027.5,1.70532e-06,8.5266e-06,0
24035.0,24040.0,24037.5,1.821328e-06,9.10664e-06,0
24055.0,24060.0,24057.5,1.804566e-06,9.02283e-06,0
24060.0,24065.0,24062.5,1.631854e-06,8.15927e-06,0
24065.0,24070.0,24067.5,3.690468e-06,1.845234e-05,0
24075.0,24080.0,24077.5,1.885902e-06,9.42951e-06,0
24090.0,24095.0,24092.5,1.804566e-06,9.02283e-06,0
24095.0,24100.0,24097.5,1.70532e-06,8.5266e-06,0
24105.0,24110.0,24107.5,5.257748e-06,2.628874e-05,0
24115.0,24120.0,24117.5,1.748864e-06,8.74432e-06,0
24120.0,24125.0,24122.5,5.159504e-06,2.579752e-05,0
24125.0,24130.0,24127.5,1.885902e-06,9.42951e-06,0
24160.0,24165.0,24162.5,1.885902e-06,9.42951e-06,0
24170.0,24175.0,24172.5,3.454184e-06,1.727092e-05,0
24175.0,24180.0,24177.5,5.26662e-06,2.63331e-05,0
24190.0,24195.0,24192.5,1.821328e-06,9.10664e-06,0
24195.0,24200.0,24197.5,3.55343e-06,1.776715e-05,0
24210.0,24215.0,24212.5,1.804566e-06,9.02283e-06,0
24215.0,24220.0,24217.5,3.380718e-06,1.690359e-05,0
24230.0,24235.0,24232.5,1.631854e-06,8.15927e-06,0
24240.0,24245.0,24242.5,3.43642e-06,1.71821e-05,0
24250.0,24255.0,24252.5,1.804566e-06,9.02283e-06,0
24275.0,24280.0,24277.5,1.885902e-06,9.42951e-06,0
24280.0,24285.0,24282.5,1.748864e-06,8.74432e-06,0
24285.0,24290.0,24287.5,1.631854e-06,8.15927e-06,0
24305.0,24310.0,24307.5,1.804566e-06,9.02283e-06,0
24340.0,24345.0,24342.5,1.804566e-06,9.02283e-06,0
24355.0,24360.0,24357.5,1.70532e-06,8.5266e-06,0
24365.0,24370.0,24367.5,1.631854e-06,8.15927e-06,0
24380.0,24385.0,24382.5,1.631854e-06,8.15927e-06,0
24385.0,24390.0,24387.5,1.631854e-06,8.15927e-06,0
24475.0,24480.0,24477.5,3.517756e-06,1.758878e-05,0
24485.0,24490.0,24487.5,1.70532e-06,8.5266e-06,0
24490.0,24495.0,24492.5,1.885902e-06,9.42951e-06,0
24495.0,24500.0,24497.5,1.748864e-06,8.74432e-06,0
24505.0,24510.0,24507.5,3.575014e-06,1.787507e-05,0
24510.0,24515.0,24512.5,1.631854e-06,8.15927e-06,0
24515.0,24520.0,24517.5,1.885902e-06,9.42951e-06,0
24530.0,24535.0,24532.5,1.885902e-06,9.42951e-06,0
24555.0,24560.0,24557.5,1.631854e-06,8.15927e-06,0
24575.0,24580.0,24577.5,1.70532e-06,8.5266e-06,0
24620.0,24625.0,24622.5,3.55343e-06,1.776715e-05,0
24625.0,24630.0,24627.5,1.70532e-06,8.5266e-06,0
24640.0,24645.0,24642.5,1.748864e-06,8.74432e-06,0
24650.0,24655.0,24652.5,1.748864e-06,8.74432e-06,0
24655.0,24660.0,24657.5,1.631854e-06,8.15927e-06,0
24690.0,24695.0,24692.5,1.70532e-06,8.5266e-06,0
24695.0,24700.0,24697.5,1.804566e-06,9.02283e-06,0
24720.0,24725.0,24722.5,1.82615e-06,9.13075e-06,0
24730.0,24735.0,24732.5,3.70723e-06,1.853615e-05,0
24745.0,24750.0,24747.5,1.821328e-06,9.10664e-06,0
24750.0,24755.0,24752.5,1.70532e-06,8.5266e-06,0
24760.0,24765.0,24762.5,1.804566e-06,9.02283e-06,0
24810.0,24815.0,24812.5,1.631854e-06,8.15927e-06,0
24815.0,24820.0,24817.5,1.725328e-06,8.62664e-06,0
24825.0,24830.0,24827.5,1.885902e-06,9.42951e-06,0
24835.0,24840.0,24837.5,1.748864e-06,8.74432e-06,0
24845.0,24850.0,24847.5,1.631854e-06,8.15927e-06,0
24850.0,24855.0,24852.5,1.748864e-06,8.74432e-06,0
24865.0,24870.0,24867.5,1.804566e-06,9.02283e-06,0
24895.0,24900.0,24897.5,1.804566e-06,9.02283e-06,0
24920.0,24925.0,24922.5,1.70532e-06,8.5266e-06,0
24925.0,24930.0,24927.5,1.885902e-06,9.42951e-06,0
24945.0,24950.0,24947.5,1.804566e-06,9.02283e-06,0
24955.0,24960.0,24957.5,3.663992e-06,1.831996e-05,0
24980.0,24985.0,24982.5,3.634766e-06,1.817383e-05,0
24985.0,24990.0,24987.5,1.748864e-06,8.74432e-06,0
24990.0,24995.0,24992.5,1.725328e-06,8.62664e-06,0
25010.0,25015.0,25012.5,1.804566e-06,9.02283e-06,0
25020.0,25025.0,25022.5,1.885902e-06,9.42951e-06,0
25025.0,25030.0,25027.5,6.834894e-06,3.417447e-05,0
25030.0,25035.0,25032.5,1.885902e-06,9.42951e-06,0
25040.0,25045.0,25042.5,1.885902e-06,9.42951e-06,0
25050.0,25055.0,25052.5,3.509886e-06,1.754943e-05,0
25055.0,25060.0,25057.5,1.958672e-06,9.79336e-06,0
25060.0,25065.0,25062.5,1.631854e-06,8.15927e-06,0
25075.0,25080.0,25077.5,3.43642e-06,1.71821e-05,0
25090.0,25095.0,25092.5,1.631854e-06,8.15927e-06,0
25105.0,25110.0,25107.5,3.590526e-06,1.795263e-05,0
25110.0,25115.0,25112.5,1.804566e-06,9.02283e-06,0
25120.0,25125.0,25122.5,1.748864e-06,8.74432e-06,0
25125.0,25130.0,25127.5,3.517756e-06,1.758878e-05,0
25130.0,25135.0,25132.5,1.631854e-06,8.15927e-06,0
25165.0,25170.0,25167.5,1.748864e-06,8.74432e-06,0
25180.0,25185.0,25182.5,5.085028e-06,2.542514e-05,0
25205.0,25210.0,25207.5,1.70532e-06,8.5266e-06,0
25215.0,25220.0,25217.5,1.725328e-06,8.62664e-06,0
25220.0,25225.0,25222.5,1.885902e-06,9.42951e-06,0
25230.0,25235.0,25232.5,5.322322e-06,2.661161e-05,0
25235.0,25240.0,25237.5,1.821328e-06,9.10664e-06,0
25245.0,25250.0,25247.5,1.631854e-06,8.15927e-06,0
25255.0,25260.0,25257.5,1.885902e-06,9.42951e-06,0
25285.0,25290.0,25287.5,1.804566e-06,9.02283e-06,0
25295.0,25300.0,25297.5,1.821328e-06,9.10664e-06,0
25310.0,25315.0,25312.5,1.885902e-06,9.42951e-06,0
25315.0,25320.0,25317.5,1.748864e-06,8.74432e-06,0
25320.0,25325.0,25322.5,1.70532e-06,8.5266e-06,0
25345.0,25350.0,25347.5,1.821328e-06,9.10664e-06,0
25355.0,25360.0,25357.5,1.804566e-06,9.02283e-06,0
25375.0,25380.0,25377.5,1.631854e-06,8.15927e-06,0
25385.0,25390.0,25387.5,1.70532e-06,8.5266e-06,0
25390.0,25395.0,25392.5,1.885902e-06,9.42951e-06,0
25405.0,25410.0,25407.5,1.748864e-06,8.74432e-06,0
25435.0,25440.0,25437.5,3.526648e-06,1.763324e-05,0
25445.0,25450.0,25447.5,1.70532e-06,8.5266e-06,0
25460.0,25465.0,25462.5,1.804566e-06,9.02283e-06,0
25500.0,25505.0,25502.5,1.804566e-06,9.02283e-06,0
25505.0,25510.0,25507.5,1.748864e-06,8.74432e-06,0
25540.0,25545.0,25542.5,1.631854e-06,8.15927e-06,0
25545.0,25550.0,25547.5,1.885902e-06,9.42951e-06,0
25550.0,25555.0,25552.5,1.631854e-06,8.15927e-06,0
25555.0,25560.0,25557.5,1.821328e-06,9.10664e-06,0
25585.0,25590.0,25587.5,1.70532e-06,8.5266e-06,0
25595.0,25600.0,25597.5,3.575014e-06,1.787507e-05,0
25600.0,25605.0,25602.5,3.591222e-06,1.795611e-05,0
25610.0,25615.0,25612.5,1.631854e-06,8.15927e-06,0
25630.0,25635.0,25632.5,5.322322e-06,2.661161e-05,0
25665.0,25670.0,25667.5,1.748864e-06,8.74432e-06,0
25690.0,25695.0,25692.5,1.725328e-06,8.62664e-06,0
25745.0,25750.0,25747.5,1.70532e-06,8.5266e-06,0
25765.0,25770.0,25767.5,1.631854e-06,8.15927e-06,0
25770.0,25775.0,25772.5,3.590526e-06,1.795263e-05,0
25780.0,25785.0,25782.5,3.591222e-06,1.795611e-05,0
25840.0,25845.0,25842.5,1.631854e-06,8.15927e-06,0
25845.0,25850.0,25847.5,1.748864e-06,8.74432e-06,0
25855.0,25860.0,25857.5,1.885902e-06,9.42951e-06,0
25870.0,25875.0,25872.5,1.804566e-06,9.02283e-06,0
25885.0,25890.0,25887.5,1.631854e-06,8.15927e-06,0
25890.0,25895.0,25892.5,3.55343e-06,1.776715e-05,0
25915.0,25920.0,25917.5,1.885902e-06,9.42951e-06,0
25925.0,25930.0,25927.5,1.804566e-06,9.02283e-06,0
25930.0,25935.0,25932.5,1.631854e-06,8.15927e-06,0
25940.0,25945.0,25942.5,3.634766e-06,1.817383e-05,0
25965.0,25970.0,25967.5,1.748864e-06,8.74432e-06,0
25975.0,25980.0,25977.5,3.7718e-06,1.8859e-05,0
26005.0,26010.0,26007.5,1.70532e-06,8.5266e-06,0
26045.0,26050.0,26047.5,3.517756e-06,1.758878e-05,0
26060.0,26065.0,26062.5,1.885902e-06,9.42951e-06,0
26070.0,26075.0,26072.5,3.337174e-06,1.668587e-05,0
26090.0,26095.0,26092.5,1.885902e-06,9.42951e-06,0
26100.0,26105.0,26102.5,1.804566e-06,9.02283e-06,0
26125.0,26130.0,26127.5,1.748864e-06,8.74432e-06,0
26150.0,26155.0,26152.5,1.885902e-06,9.42951e-06,0
26225.0,26230.0,26227.5,1.631854e-06,8.15927e-06,0
26230.0,26235.0,26232.5,1.631854e-06,8.15927e-06,0
26235.0,26240.0,26237.5,1.821328e-06,9.10664e-06,0
26245.0,26250.0,26247.5,1.70532e-06,8.5266e-06,0
26250.0,26255.0,26252.5,1.70532e-06,8.5266e-06,0
26255.0,26260.0,26257.5,1.748864e-06,8.74432e-06,0
26270.0,26275.0,26272.5,1.804566e-06,9.02283e-06,0
26280.0,26285.0,26282.5,1.804566e-06,9.02283e-06,0
26300.0,26305.0,26302.5,1.804566e-06,9.02283e-06,0
26335.0,26340.0,26337.5,1.631854e-06,8.15927e-06,0
26360.0,26365.0,26362.5,1.885902e-06,9.42951e-06,0
26370.0,26375.0,26372.5,1.804566e-06,9.02283e-06,0
26390.0,26395.0,26392.5,1.725328e-06,8.62664e-06,0
26410.0,26415.0,26412.5,1.631854e-06,8.15927e-06,0
26425.0,26430.0,26427.5,3.591222e-06,1.795611e-05,0
26450.0,26455.0,26452.5,1.885902e-06,9.42951e-06,0
26475.0,26480.0,26477.5,1.748864e-06,8.74432e-06,0
26505.0,26510.0,26507.5,1.70532e-06,8.5266e-06,0
26535.0,26540.0,26537.5,1.70532e-06,8.5266e-06,0
26585.0,26590.0,26587.5,1.631854e-06,8.15927e-06,0
26605.0,26610.0,26607.5,1.631854e-06,8.15927e-06,0
26615.0,26620.0,26617.5,1.70532e-06,8.5266e-06,0
26670.0,26675.0,26672.5,1.748864e-06,8.74432e-06,0
26675.0,26680.0,26677.5,1.631854e-06,8.15927e-06,0
26705.0,26710.0,26707.5,1.70532e-06,8.5266e-06,0
26740.0,26745.0,26742.5,1.70532e-06,8.5266e-06,0
26750.0,26755.0,26752.5,1.804566e-06,9.02283e-06,0
26755.0,26760.0,26757.5,1.631854e-06,8.15927e-06,0
26820.0,26825.0,26822.5,1.748864e-06,8.74432e-06,0
26845.0,26850.0,26847.5,1.804566e-06,9.02283e-06,0
26870.0,26875.0,26872.5,1.804566e-06,9.02283e-06,0
26905.0,26910.0,26907.5,1.885902e-06,9.42951e-06,0
26970.0,26975.0,26972.5,1.631854e-06,8.15927e-06,0
27000.0,27005.0,27002.5,3.509886e-06,1.754943e-05,0
27055.0,27060.0,27057.5,1.631854e-06,8.15927e-06,0
27060.0,27065.0,27062.5,1.631854e-06,8.15927e-06,0
27070.0,27075.0,27072.5,1.885902e-06,9.42951e-06,0
27095.0,27100.0,27097.5,1.804566e-06,9.02283e-06,0
27120.0,27125.0,27122.5,1.821328e-06,9.10664e-06,0
27125.0,27130.0,27127.5,3.590526e-06,1.795263e-05,0
27135.0,27140.0,27137.5,1.748864e-06,8.74432e-06,0
27160.0,27165.0,27162.5,1.821328e-06,9.10664e-06,0
27200.0,27205.0,27202.5,1.885902e-06,9.42951e-06,0
27230.0,27235.0,27232.5,1.748864e-06,8.74432e-06,0
27300.0,27305.0,27302.5,1.631854e-06,8.15927e-06,0
27360.0,27365.0,27362.5,1.885902e-06,9.42951e-06,0
27385.0,27390.0,27387.5,1.631854e-06,8.15927e-06,0
27425.0,27430.0,27427.5,1.821328e-06,9.10664e-06,0
27450.0,27455.0,27452.5,3.2637e-06,1.63185e-05,0
27455.0,27460.0,27457.5,1.804566e-06,9.02283e-06,0
27470.0,27475.0,27472.5,1.804566e-06,9.02283e-06,0
27480.0,27485.0,27482.5,1.804566e-06,9.02283e-06,0
27490.0,27495.0,27492.5,3.380718e-06,1.690359e-05,0
27540.0,27545.0,27542.5,1.885902e-06,9.42951e-06,0
27550.0,27555.0,27552.5,1.821328e-06,9.10664e-06,0
27575.0,27580.0,27577.5,1.725328e-06,8.62664e-06,0
27585.0,27590.0,27587.5,1.70532e-06,8.5266e-06,0
27600.0,27605.0,27602.5,1.885902e-06,9.42951e-06,0
27630.0,27635.0,27632.5,1.70532e-06,8.5266e-06,0
27680.0,27685.0,27682.5,1.70532e-06,8.5266e-06,0
27725.0,27730.0,27727.5,1.748864e-06,8.74432e-06,0
27730.0,27735.0,27732.5,1.631854e-06,8.15927e-06,0
27735.0,27740.0,27737.5,1.70532e-06,8.5266e-06,0
27760.0,27765.0,27762.5,1.821328e-06,9.10664e-06,0
27780.0,27785.0,27782.5,1.70532e-06,8.5266e-06,0
27790.0,27795.0,27792.5,3.380718e-06,1.690359e-05,0
27930.0,27935.0,27932.5,1.631854e-06,8.15927e-06,0
27960.0,27965.0,27962.5,1.885902e-06,9.42951e-06,0
27980.0,27985.0,27982.5,1.631854e-06,8.15927e-06,0
27990.0,27995.0,27992.5,1.748864e-06,8.74432e-06,0
28025.0,28030.0,28027.5,1.804566e-06,9.02283e-06,0
28075.0,28080.0,28077.5,1.70532e-06,8.5266e-06,0
28080.0,28085.0,28082.5,1.748864e-06,8.74432e-06,0
28110.0,28115.0,28112.5,1.821328e-06,9.10664e-06,0
28180.0,28185.0,28182.5,1.885902e-06,9.42951e-06,0
28230.0,28235.0,28232.5,1.748864e-06,8.74432e-06,0
28255.0,28260.0,28257.5,1.821328e-06,9.10664e-06,0
28270.0,28275.0,28272.5,1.885902e-06,9.42951e-06,0
28280.0,28285.0,28282.5,1.748864e-06,8.74432e-06,0
28320.0,28325.0,28322.5,1.821328e-06,9.10664e-06,0
28350.0,28355.0,28352.5,1.885902e-06,9.42951e-06,0
28395.0,28400.0,28397.5,1.885902e-06,9.42951e-06,0
28435.0,28440.0,28437.5,1.70532e-06,8.5266e-06,0
28455.0,28460.0,28457.5,3.509886e-06,1.754943e-05,0
28475.0,28480.0,28477.5,1.885902e-06,9.42951e-06,0
28480.0,28485.0,28482.5,1.70532e-06,8.5266e-06,0
28610.0,28615.0,28612.5,1.70532e-06,8.5266e-06,0
28615.0,28620.0,28617.5,1.748864e-06,8.74432e-06,0
28660.0,28665.0,28662.5,1.631854e-06,8.15927e-06,0
28665.0,28670.0,28667.5,1.70532e-06,8.5266e-06,0
28690.0,28695.0,28692.5,1.631854e-06,8.15927e-06,0
28700.0,28705.0,28702.5,1.631854e-06,8.15927e-06,0
28740.0,28745.0,28742.5,1.82615e-06,9.13075e-06,0
28820.0,28825.0,28822.5,1.631854e-06,8.15927e-06,0
28855.0,28860.0,28857.5,1.70532e-06,8.5266e-06,0
29105.0,29110.0,29107.5,1.70532e-06,8.5266e-06,0
29135.0,29140.0,29137.5,1.748864e-06,8.74432e-06,0
29225.0,29230.0,29227.5,1.804566e-06,9.02283e-06,0
29465.0,29470.0,29467.5,1.748864e-06,8.74432e-06,0
29495.0,29500.0,29497.5,1.748864e-06,8.74432e-06,0
29550.0,29555.0,29552.5,1.631854e-06,8.15927e-06,0
29585.0,29590.0,29587.5,1.70532e-06,8.5266e-06,0
29855.0,29860.0,29857.5,1.885902e-06,9.42951e-06,0
29910.0,29915.0,29912.5,1.748864e-06,8.74432e-06,0
29915.0,29920.0,29917.5,1.804566e-06,9.02283e-06,0
29930.0,29935.0,29932.5,1.70532e-06,8.5266e-06,0
29940.0,29945.0,29942.5,1.631854e-06,8.15927e-06,0
29950.0,29955.0,29952.5,1.748864e-06,8.74432e-06,0
30000.0,30005.0,30002.5,1.804566e-06,9.02283e-06,0
30015.0,30020.0,30017.5,1.804566e-06,9.02283e-06,0
30020.0,30025.0,30022.5,1.885902e-06,9.42951e-06,0
30050.0,30055.0,30052.5,1.748864e-06,8.74432e-06,0
30070.0,30075.0,30072.5,1.748864e-06,8.74432e-06,0
30075.0,30080.0,30077.5,1.82615e-06,9.13075e-06,0
30085.0,30090.0,30087.5,1.748864e-06,8.74432e-06,0
30090.0,30095.0,30092.5,1.885902e-06,9.42951e-06,0
30115.0,30120.0,30117.5,1.631854e-06,8.15927e-06,0
30125.0,30130.0,30127.5,1.748864e-06,8.74432e-06,0
30155.0,30160.0,30157.5,1.748864e-06,8.74432e-06,0
30200.0,30205.0,30202.5,1.885902e-06,9.42951e-06,0
30305.0,30310.0,30307.5,1.885902e-06,9.42951e-06,0
30370.0,30375.0,30372.5,1.804566e-06,9.02283e-06,0
30380.0,30385.0,30382.5,1.748864e-06,8.74432e-06,0
30535.0,30540.0,30537.5,1.748864e-06,8.74432e-06,0
30600.0,30605.0,30602.5,1.631854e-06,8.15927e-06,0
30615.0,30620.0,30617.5,1.631854e-06,8.15927e-06,0
30725.0,30730.0,30727.5,1.804566e-06,9.02283e-06,0
30930.0,30935.0,30932.5,1.631854e-06,8.15927e-06,0
31105.0,31110.0,31107.5,1.70532e-06,8.5266e-06,0
31540.0,31545.0,31542.5,1.70532e-06,8.5266e-06,0
32150.0,32155.0,32152.5,1.748864e-06,8.74432e-06,0
32455.0,32460.0,32457.5,1.804566e-06,9.02283e-06,0
32600.0,32605.0,32602.5,1.748864e-06,8.74432e-06,0
32740.0,32745.0,32742.5,1.804566e-06,9.02283e-06,0
33325.0,33330.0,33327.5,1.70532e-06,8.5266e-06,0
33505.0,33510.0,33507.5,1.804566e-06,9.02283e-06,0
33995.0,34000.0,33997.5,1.804566e-06,9.02283e-06,0
34055.0,34060.0,34057.5,1.885902e-06,9.42951e-06,0
34495.0,34500.0,34497.5,1.804566e-06,9.02283e-06,0
34640.0,34645.0,34642.5,1.748864e-06,8.74432e-06,0
35710.0,35715.0,35712.5,1.631854e-06,8.15927e-06,0
35890.0,35895.0,35892.5,1.748864e-06,8.74432e-06,0
35925.0,35930.0,35927.5,1.748864e-06,8.74432e-06,0
37555.0,37560.0,37557.5,1.748864e-06,8.74432e-06,0
38470.0,38475.0,38472.5,1.70532e-06,8.5266e-06,0
