bin_start_us,bin_end_us,bin_mid_us,pdf_per_us,probability,count
250.0,255.0,252.5,5.356162e-05,0.0002678081,0
255.0,260.0,257.5,8.805358e-05,0.0004402679,0
260.0,265.0,262.5,9.517656e-05,0.0004758828,0
265.0,270.0,267.5,7.748374e-05,0.0003874187,0
270.0,275.0,272.5,8.08876e-05,0.000404438,0
275.0,280.0,277.5,0.0001011668,0.000505834,0
280.0,285.0,282.5,8.31984e-05,0.000415992,0
285.0,290.0,287.5,9.896974e-05,0.0004948487,0
290.0,295.0,292.5,8.567812e-05,0.0004283906,0
295.0,300.0,297.5,8.811514e-05,0.0004405757,0
300.0,305.0,302.5,7.851942e-05,0.0003925971,0
305.0,310.0,307.5,6.300484e-05,0.0003150242,0
310.0,315.0,312.5,9.642622e-05,0.0004821311,0
315.0,320.0,317.5,9.052534e-05,0.0004526267,0
320.0,325.0,322.5,9.044168e-05,0.0004522084,0
325.0,330.0,327.5,8.466912e-05,0.0004233456,0
330.0,335.0,332.5,8.55605e-05,0.0004278025,0
335.0,340.0,337.5,7.857202e-05,0.0003928601,0
340.0,345.0,342.5,7.959746e-05,0.0003979873,0
345.0,350.0,347.5,8.089066e-05,0.0004044533,0
350.0,355.0,352.5,7.49234e-05,0.000374617,0
355.0,360.0,357.5,7.137694e-05,0.0003568847,0
360.0,365.0,362.5,9.754824e-05,0.0004877412,0
365.0,370.0,367.5,9.763016e-05,0.0004881508,0
370.0,375.0,372.5,8.091494e-05,0.0004045747,0
375.0,380.0,377.5,9.290242e-05,0.0004645121,0
380.0,385.0,382.5,0.0031581674,0.015790837,0
385.0,390.0,387.5,0.002554995,0.012774975,0
390.0,395.0,392.5,0.0006883168,0.003441584,0
395.0,400.0,397.5,0.0007392868,0.003696434,0
400.0,405.0,402.5,0.0007593636,0.003796818,0
405.0,410.0,407.5,0.0007162928,0.003581464,0
410.0,415.0,412.5,0.0006214936,0.003107468,0
415.0,420.0,417.5,0.0003784528,0.001892264,0
420.0,425.0,422.5,0.0003762374,0.001881187,0
425.0,430.0,427.5,0.0003167152,0.001583576,0
430.0,435.0,432.5,0.00030585178,0.0015292589,0
435.0,440.0,437.5,0.0003772074,0.001886037,0
440.0,445.0,442.5,0.000390433,0.001952165,0
445.0,450.0,447.5,0.0003844128,0.001922064,0
450.0,455.0,452.5,0.0003895202,0.001947601,0
455.0,460.0,457.5,0.0003715164,0.001857582,0
460.0,465.0,462.5,0.0003867262,0.001933631,0
465.0,470.0,467.5,0.0003773266,0.001886633,0
470.0,475.0,472.5,0.0003870718,0.001935359,0
475.0,480.0,477.5,0.0004011744,0.002005872,0
480.0,485.0,482.5,0.0003585482,0.001792741,0
485.0,490.0,487.5,0.0003727278,0.001863639,0
490.0,495.0,492.5,0.0003559616,0.001779808,0
495.0,500.0,497.5,0.000314205,0.001571025,0
500.0,505.0,502.5,0.0003379768,0.001689884,0
505.0,510.0,507.5,0.0003702318,0.001851159,0
510.0,515.0,512.5,0.0003440556,0.001720278,0
515.0,520.0,517.5,0.0003653338,0.001826669,0
520.0,525.0,522.5,0.014573268,0.07286634,0
525.0,530.0,527.5,0.0003917404,0.001958702,0
530.0,535.0,532.5,0.0003749688,0.001874844,0
535.0,540.0,537.5,0.00035734736,0.0017867368,0
540.0,545.0,542.5,0.0003940258,0.001970129,0
545.0,550.0,547.5,0.0003655532,0.001827766,0
550.0,555.0,552.5,0.0003596154,0.001798077,0
555.0,560.0,557.5,0.000379963,0.001899815,0
560.0,565.0,562.5,0.0003607606,0.001803803,0
565.0,570.0,567.5,0.0003773098,0.001886549,0
570.0,575.0,572.5,0.0003261224,0.001630612,0
575.0,580.0,577.5,0.0003773392,0.001886696,0
580.0,585.0,582.5,0.000354747,0.001773735,0
585.0,590.0,587.5,0.0003405864,0.001702932,0
590.0,595.0,592.5,0.000393929,0.001969645,0
595.0,600.0,597.5,0.0003776128,0.001888064,0
600.0,605.0,602.5,0.0003512006,0.001756003,0
605.0,610.0,607.5,0.000371466,0.00185733,0
610.0,615.0,612.5,0.0003727848,0.001863924,0
615.0,620.0,617.5,0.000381078,0.00190539,0
620.0,625.0,622.5,0.0003762446,0.001881223,0
625.0,630.0,627.5,0.0003727064,0.001863532,0
630.0,635.0,632.5,0.0003463924,0.001731962,0
635.0,640.0,637.5,0.0003487238,0.001743619,0
640.0,645.0,642.5,0.000353475,0.001767375,0
645.0,650.0,647.5,0.00033572796,0.0016786398,0
650.0,655.0,652.5,0.00032275802,0.0016137901,0
655.0,660.0,657.5,0.0006191488,0.003095744,0
660.0,665.0,662.5,0.000495307,0.002476535,0
665.0,670.0,667.5,0.0024794718,0.012397359,0
670.0,675.0,672.5,0.0004203058,0.002101529,0
675.0,680.0,677.5,0.0003334334,0.001667167,0
680.0,685.0,682.5,0.0004000552,0.002000276,0
685.0,690.0,687.5,0.00030580928,0.0015290464,0
690.0,695.0,692.5,0.0004024308,0.002012154,0
695.0,700.0,697.5,0.0003093948,0.001546974,0
700.0,705.0,702.5,0.0003571354,0.001785677,0
705.0,710.0,707.5,0.0003345412,0.001672706,0
710.0,715.0,712.5,0.0003170308,0.001585154,0
715.0,720.0,717.5,0.0003319272,0.001659636,0
720.0,725.0,722.5,0.0003484144,0.001742072,0
725.0,730.0,727.5,0.0004308864,0.002154432,0
730.0,735.0,732.5,0.0003654562,0.001827281,0
735.0,740.0,737.5,0.00040487696,0.0020243848,0
740.0,745.0,742.5,0.0003692814,0.001846407,0
745.0,750.0,747.5,0.0003618684,0.001809342,0
750.0,755.0,752.5,0.0003416686,0.001708343,0
755.0,760.0,757.5,0.0003642822,0.001821411,0
760.0,765.0,762.5,0.0003107431,0.0015537155,0
765.0,770.0,767.5,0.0003606032,0.001803016,0
770.0,775.0,772.5,0.0003190954,0.001595477,0
775.0,780.0,777.5,0.0003393786,0.001696893,0
780.0,785.0,782.5,0.0003536978,0.001768489,0
785.0,790.0,787.5,0.0003368986,0.001684493,0
790.0,795.0,792.5,0.000377616,0.00188808,0
795.0,800.0,797.5,0.0004093792,0.002046896,0
800.0,805.0,802.5,0.0003073162,0.001536581,0
805.0,810.0,807.5,0.0003643904,0.001821952,0
810.0,815.0,812.5,0.000625888,0.00312944,0
815.0,820.0,817.5,0.000316816,0.00158408,0
820.0,825.0,822.5,0.000278377,0.001391885,0
825.0,830.0,827.5,0.000308221,0.001541105,0
830.0,835.0,832.5,0.00032868616,0.0016434308,0
835.0,840.0,837.5,0.0003430154,0.001715077,0
840.0,845.0,842.5,0.0003202088,0.001601044,0
845.0,850.0,847.5,0.0003118626,0.001559313,0
850.0,855.0,852.5,0.000332285,0.001661425,0
855.0,860.0,857.5,0.003655886,0.01827943,0
860.0,865.0,862.5,0.00041909,0.00209545,0
865.0,870.0,867.5,0.00023913912,0.0011956956,0
870.0,875.0,872.5,0.00023214902,0.0011607451,0
875.0,880.0,877.5,0.00022245664,0.0011122832,0
880.0,885.0,882.5,0.00018094576,0.0009047288,0
885.0,890.0,887.5,0.00017501632,0.0008750816,0
890.0,895.0,892.5,0.00016415986,0.0008207993,0
895.0,900.0,897.5,0.00019527296,0.0009763648,0
900.0,905.0,902.5,0.0002094595,0.0010472975,0
905.0,910.0,907.5,0.0002570712,0.001285356,0
910.0,915.0,912.5,0.00026554714,0.0013277357,0
915.0,920.0,917.5,0.00025350598,0.0012675299,0
920.0,925.0,922.5,0.00022506508,0.0011253254,0
925.0,930.0,927.5,0.00024857986,0.0012428993,0
930.0,935.0,932.5,0.00025345136,0.0012672568,0
935.0,940.0,937.5,0.00026070612,0.0013035306,0
940.0,945.0,942.5,0.00027277406,0.0013638703,0
945.0,950.0,947.5,0.00024177008,0.0012088504,0
950.0,955.0,952.5,0.0002856622,0.001428311,0
955.0,960.0,957.5,0.0002618528,0.001309264,0
960.0,965.0,962.5,0.0002620714,0.001310357,0
965.0,970.0,967.5,0.00023701828,0.0011850914,0
970.0,975.0,972.5,0.00022969206,0.0011484603,0
975.0,980.0,977.5,0.0002249812,0.001124906,0
980.0,985.0,982.5,0.00023577182,0.0011788591,0
985.0,990.0,987.5,0.0002632126,0.001316063,0
990.0,995.0,992.5,0.00024531356,0.0012265678,0
995.0,1000.0,997.5,0.00021897968,0.0010948984,0
1000.0,1005.0,1002.5,0.0017797924,0.008898962,0
1005.0,1010.0,1007.5,0.0005534988,0.002767494,0
1010.0,1015.0,1012.5,0.0002369282,0.001184641,0
1015.0,1020.0,1017.5,0.0003440702,0.001720351,0
1020.0,1025.0,1022.5,0.00024859574,0.0012429787,0
1025.0,1030.0,1027.5,0.00021425854,0.0010712927,0
1030.0,1035.0,1032.5,0.00022608582,0.0011304291,0
1035.0,1040.0,1037.5,0.00021316306,0.0010658153,0
1040.0,1045.0,1042.5,0.0002381354,0.001190677,0
1045.0,1050.0,1047.5,0.00022257216,0.0011128608,0
1050.0,1055.0,1052.5,0.0002666761,0.0013333805,0
1055.0,1060.0,1057.5,0.00023094256,0.0011547128,0
1060.0,1065.0,1062.5,0.00023207962,0.0011603981,0
1065.0,1070.0,1067.5,0.00024172916,0.0012086458,0
1070.0,1075.0,1072.5,0.00025471422,0.0012735711,0
1075.0,1080.0,1077.5,0.00024518738,0.0012259369,0
1080.0,1085.0,1082.5,0.0002488138,0.001244069,0
1085.0,1090.0,1087.5,0.00023921236,0.0011960618,0
1090.0,1095.0,1092.5,0.000259458,0.00129729,0
1095.0,1100.0,1097.5,0.00024896368,0.0012448184,0
1100.0,1105.0,1102.5,0.0004420896,0.002210448,0
1105.0,1110.0,1107.5,0.00021317166,0.0010658583,0
1110.0,1115.0,1112.5,0.0004712658,0.002356329,0
1115.0,1120.0,1117.5,0.0002439555,0.0012197775,0
1120.0,1125.0,1122.5,0.00031799242,0.0015899621,0
1125.0,1130.0,1127.5,0.000269052,0.00134526,0
1130.0,1135.0,1132.5,0.00027973868,0.0013986934,0
1135.0,1140.0,1137.5,0.00027735436,0.0013867718,0
1140.0,1145.0,1142.5,0.0016709702,0.008354851,0
1145.0,1150.0,1147.5,0.00025970178,0.0012985089,0
1150.0,1155.0,1152.5,0.0003285056,0.001642528,0
1155.0,1160.0,1157.5,0.00026448728,0.0013224364,0
1160.0,1165.0,1162.5,0.00022742042,0.0011371021,0
1165.0,1170.0,1167.5,0.00020347264,0.0010173632,0
1170.0,1175.0,1172.5,0.00025593632,0.0012796816,0
1175.0,1180.0,1177.5,0.00019165066,0.0009582533,0
1180.0,1185.0,1182.5,0.0002463866,0.001231933,0
1185.0,1190.0,1187.5,0.00023469338,0.0011734669,0
1190.0,1195.0,1192.5,0.0002643083,0.0013215415,0
1195.0,1200.0,1197.5,0.00020850486,0.0010425243,0
1200.0,1205.0,1202.5,0.0002034946,0.001017473,0
1205.0,1210.0,1207.5,0.00023694,0.0011847,0
1210.0,1215.0,1212.5,0.00022734394,0.0011367197,0
1215.0,1220.0,1217.5,0.0002225349,0.0011126745,0
1220.0,1225.0,1222.5,0.00022256506,0.0011128253,0
1225.0,1230.0,1227.5,0.00021693862,0.0010846931,0
1230.0,1235.0,1232.5,0.00021193142,0.0010596571,0
1235.0,1240.0,1237.5,0.00025488786,0.0012744393,0
1240.0,1245.0,1242.5,0.00022018206,0.0011009103,0
1245.0,1250.0,1247.5,0.0003368192,0.001684096,0
1250.0,1255.0,1252.5,0.0002393054,0.001196527,0
1255.0,1260.0,1257.5,0.0003083764,0.001541882,0
1260.0,1265.0,1262.5,0.00022502504,0.0011251252,0
1265.0,1270.0,1267.5,0.0002404342,0.001202171,0
1270.0,1275.0,1272.5,0.00024651252,0.0012325626,0
1275.0,1280.0,1277.5,0.00024037604,0.0012018802,0
1280.0,1285.0,1282.5,0.00024792682,0.0012396341,0
1285.0,1290.0,1287.5,0.0012280738,0.006140369,0
1290.0,1295.0,1292.5,0.000261845,0.001309225,0
1295.0,1300.0,1297.5,0.00023235494,0.0011617747,0
1300.0,1305.0,1302.5,0.0002583512,0.001291756,0
1305.0,1310.0,1307.5,0.00020480536,0.0010240268,0
1310.0,1315.0,1312.5,0.00022035384,0.0011017692,0
1315.0,1320.0,1317.5,0.00023804416,0.0011902208,0
1320.0,1325.0,1322.5,0.00022271072,0.0011135536,0
1325.0,1330.0,1327.5,0.00021438578,0.0010719289,0
1330.0,1335.0,1332.5,0.00020824124,0.0010412062,0
1335.0,1340.0,1337.5,0.00027842236,0.0013921118,0
1340.0,1345.0,1342.5,0.00021904588,0.0010952294,0
1345.0,1350.0,1347.5,0.00022158144,0.0011079072,0
1350.0,1355.0,1352.5,0.00019048294,0.0009524147,0
1355.0,1360.0,1357.5,0.00018936928,0.0009468464,0
1360.0,1365.0,1362.5,0.0001833624,0.000916812,0
1365.0,1370.0,1367.5,0.00013683808,0.0006841904,0
1370.0,1375.0,1372.5,0.00016784024,0.0008392012,0
1375.0,1380.0,1377.5,0.00016778238,0.0008389119,0
1380.0,1385.0,1382.5,0.00018792778,0.0009396389,0
1385.0,1390.0,1387.5,0.00017624726,0.0008812363,0
1390.0,1395.0,1392.5,0.00020098752,0.0010049376,0
1395.0,1400.0,1397.5,0.00020357608,0.0010178804,0
1400.0,1405.0,1402.5,0.00019058962,0.0009529481,0
1405.0,1410.0,1407.5,0.00020485068,0.0010242534,0
1410.0,1415.0,1412.5,0.00020463652,0.0010231826,0
1415.0,1420.0,1417.5,0.00019650066,0.0009825033,0
1420.0,1425.0,1422.5,0.00018197126,0.0009098563,0
1425.0,1430.0,1427.5,0.0002082349,0.0010411745,0
1430.0,1435.0,1432.5,0.0006394116,0.003197058,0
1435.0,1440.0,1437.5,0.00023557542,0.0011778771,0
1440.0,1445.0,1442.5,0.00016905684,0.0008452842,0
1445.0,1450.0,1447.5,0.0003677162,0.001838581,0
1450.0,1455.0,1452.5,0.000244094,0.00122047,0
1455.0,1460.0,1457.5,0.00018546308,0.0009273154,0
1460.0,1465.0,1462.5,0.00022264594,0.0011132297,0
1465.0,1470.0,1467.5,0.0001724962,0.000862481,0
1470.0,1475.0,1472.5,0.00019518988,0.0009759494,0
1475.0,1480.0,1477.5,0.00019307826,0.0009653913,0
1480.0,1485.0,1482.5,0.00021302778,0.0010651389,0
1485.0,1490.0,1487.5,0.00021791968,0.0010895984,0
1490.0,1495.0,1492.5,0.00017497146,0.0008748573,0
1495.0,1500.0,1497.5,0.00016786844,0.0008393422,0
1500.0,1505.0,1502.5,0.00019158852,0.0009579426,0
1505.0,1510.0,1507.5,0.00020445646,0.0010222823,0
1510.0,1515.0,1512.5,0.0001977352,0.000988676,0
1515.0,1520.0,1517.5,0.00017027926,0.0008513963,0
1520.0,1525.0,1522.5,0.00020479544,0.0010239772,0
1525.0,1530.0,1527.5,0.00018222786,0.0009111393,0
1530.0,1535.0,1532.5,0.00019397712,0.0009698856,0
1535.0,1540.0,1537.5,0.0001368968,0.000684484,0
1540.0,1545.0,1542.5,0.0002224587,0.0011122935,0
1545.0,1550.0,1547.5,0.00017741566,0.0008870783,0
1550.0,1555.0,1552.5,0.00018451606,0.0009225803,0
1555.0,1560.0,1557.5,0.00021087648,0.0010543824,0
1560.0,1565.0,1562.5,0.00017730756,0.0008865378,0
1565.0,1570.0,1567.5,0.00020009784,0.0010004892,0
1570.0,1575.0,1572.5,0.00018694592,0.0009347296,0
1575.0,1580.0,1577.5,0.0004686496,0.002343248,0
1580.0,1585.0,1582.5,0.00020455432,0.0010227716,0
1585.0,1590.0,1587.5,0.0002391609,0.0011958045,0
1590.0,1595.0,1592.5,0.0002892662,0.001446331,0
1595.0,1600.0,1597.5,0.0002547602,0.001273801,0
1600.0,1605.0,1602.5,0.00020718962,0.0010359481,0
1605.0,1610.0,1607.5,0.000159394,0.00079697,0
1610.0,1615.0,1612.5,0.00016326416,0.0008163208,0
1615.0,1620.0,1617.5,0.00016666614,0.0008333307,0
1620.0,1625.0,1622.5,0.00018696726,0.0009348363,0
1625.0,1630.0,1627.5,0.00017006054,0.0008503027,0
1630.0,1635.0,1632.5,0.00019173864,0.0009586932,0
1635.0,1640.0,1637.5,0.00014292018,0.0007146009,0
1640.0,1645.0,1642.5,0.00016073056,0.0008036528,0
1645.0,1650.0,1647.5,0.00015357422,0.0007678711,0
1650.0,1655.0,1652.5,0.00016064458,0.0008032229,0
1655.0,1660.0,1657.5,0.00019040862,0.0009520431,0
1660.0,1665.0,1662.5,0.00017145796,0.0008572898,0
1665.0,1670.0,1667.5,0.00019746998,0.0009873499,0
1670.0,1675.0,1672.5,0.00018219264,0.0009109632,0
1675.0,1680.0,1677.5,0.00020248896,0.0010124448,0
1680.0,1685.0,1682.5,0.0002058742,0.001029371,0
1685.0,1690.0,1687.5,0.00014886068,0.0007443034,0
1690.0,1695.0,1692.5,0.00021296836,0.0010648418,0
1695.0,1700.0,1697.5,0.00017977922,0.0008988961,0
1700.0,1705.0,1702.5,0.0002250225,0.0011251125,0
1705.0,1710.0,1707.5,0.00017151062,0.0008575531,0
1710.0,1715.0,1712.5,0.00022152148,0.0011076074,0
1715.0,1720.0,1717.5,0.00016660964,0.0008330482,0
1720.0,1725.0,1722.5,0.0003067834,0.001533917,0
1725.0,1730.0,1727.5,0.00019875038,0.0009937519,0
1730.0,1735.0,1732.5,0.000215336,0.00107668,0
1735.0,1740.0,1737.5,0.00029366052,0.0014683026,0
1740.0,1745.0,1742.5,0.0001950458,0.000975229,0
1745.0,1750.0,1747.5,0.00020472582,0.0010236291,0
1750.0,1755.0,1752.5,0.00018574278,0.0009287139,0
1755.0,1760.0,1757.5,0.00017733216,0.0008866608,0
1760.0,1765.0,1762.5,0.00014164242,0.0007082121,0
1765.0,1770.0,1767.5,0.00017865858,0.0008932929,0
1770.0,1775.0,1772.5,0.00017257204,0.0008628602,0
1775.0,1780.0,1777.5,0.0001595235,0.0007976175,0
1780.0,1785.0,1782.5,0.00019044176,0.0009522088,0
1785.0,1790.0,1787.5,0.00014637486,0.0007318743,0
1790.0,1795.0,1792.5,0.00017953376,0.0008976688,0
1795.0,1800.0,1797.5,0.00015231052,0.0007615526,0
1800.0,1805.0,1802.5,0.00018926398,0.0009463199,0
1805.0,1810.0,1807.5,0.0001725503,0.0008627515,0
1810.0,1815.0,1812.5,0.00017138818,0.0008569409,0
1815.0,1820.0,1817.5,0.00018447578,0.0009223789,0
1820.0,1825.0,1822.5,0.00019404006,0.0009702003,0
1825.0,1830.0,1827.5,0.00020223146,0.0010111573,0
1830.0,1835.0,1832.5,0.00015366678,0.0007683339,0
1835.0,1840.0,1837.5,0.00018335112,0.0009167556,0
1840.0,1845.0,1842.5,0.00014050642,0.0007025321,0
1845.0,1850.0,1847.5,0.00016681158,0.0008340579,0
1850.0,1855.0,1852.5,0.00014039048,0.0007019524,0
1855.0,1860.0,1857.5,0.00018217512,0.0009108756,0
1860.0,1865.0,1862.5,0.00025437152,0.0012718576,0
1865.0,1870.0,1867.5,0.00015225786,0.0007612893,0
1870.0,1875.0,1872.5,0.00018566242,0.0009283121,0
1875.0,1880.0,1877.5,0.00016299896,0.0008149948,0
1880.0,1885.0,1882.5,0.00022829526,0.0011414763,0
1885.0,1890.0,1887.5,0.00014514082,0.0007257041,0
1890.0,1895.0,1892.5,0.00017608482,0.0008804241,0
1895.0,1900.0,1897.5,0.00013684748,0.0006842374,0
1900.0,1905.0,1902.5,0.00015714566,0.0007857283,0
1905.0,1910.0,1907.5,0.00013930942,0.0006965471,0
1910.0,1915.0,1912.5,0.00015462394,0.0007731197,0
1915.0,1920.0,1917.5,0.00016558944,0.0008279472,0
1920.0,1925.0,1922.5,0.0001403967,0.0007019835,0
1925.0,1930.0,1927.5,0.00015110724,0.0007555362,0
1930.0,1935.0,1932.5,0.00013812004,0.0006906002,0
1935.0,1940.0,1937.5,0.00016063532,0.0008031766,0
1940.0,1945.0,1942.5,0.00012390012,0.0006195006,0
1945.0,1950.0,1947.5,0.0001452125,0.0007260625,0
1950.0,1955.0,1952.5,0.00013313822,0.0006656911,0
1955.0,1960.0,1957.5,0.00014887958,0.0007443979,0
1960.0,1965.0,1962.5,0.00017855064,0.0008927532,0
1965.0,1970.0,1967.5,0.00015587734,0.0007793867,0
1970.0,1975.0,1972.5,0.00016431204,0.0008215602,0
1975.0,1980.0,1977.5,0.00013579442,0.0006789721,0
1980.0,1985.0,1982.5,0.0001403764,0.000701882,0
1985.0,1990.0,1987.5,0.00013339312,0.0006669656,0
1990.0,1995.0,1992.5,0.0001440524,0.000720262,0
1995.0,2000.0,1997.5,0.00014516798,0.0007258399,0
2000.0,2005.0,2002.5,0.00016773792,0.0008386896,0
2005.0,2010.0,2007.5,0.0001963761,0.0009818805,0
2010.0,2015.0,2012.5,0.00011780624,0.0005890312,0
2015.0,2020.0,2017.5,0.00017846736,0.0008923368,0
2020.0,2025.0,2022.5,0.00022947578,0.0011473789,0
2025.0,2030.0,2027.5,0.0001486789,0.0007433945,0
2030.0,2035.0,2032.5,0.00013567004,0.0006783502,0
2035.0,2040.0,2037.5,0.00014752096,0.0007376048,0
2040.0,2045.0,2042.5,0.00015231332,0.0007615666,0
2045.0,2050.0,2047.5,0.00014162218,0.0007081109,0
2050.0,2055.0,2052.5,0.00013694884,0.0006847442,0
2055.0,2060.0,2057.5,0.00016177264,0.0008088632,0
2060.0,2065.0,2062.5,0.0001343965,0.0006719825,0
2065.0,2070.0,2067.5,0.00014519114,0.0007259557,0
2070.0,2075.0,2072.5,0.00015472036,0.0007736018,0
2075.0,2080.0,2077.5,0.00014760946,0.0007380473,0
2080.0,2085.0,2082.5,0.00016527602,0.0008263801,0
2085.0,2090.0,2087.5,0.00014279166,0.0007139583,0
2090.0,2095.0,2092.5,0.0001215172,0.000607586,0
2095.0,2100.0,2097.5,0.00017483462,0.0008741731,0
2100.0,2105.0,2102.5,0.00012269284,0.0006134642,0
2105.0,2110.0,2107.5,0.0001642272,0.000821136,0
2110.0,2115.0,2112.5,0.00016897524,0.0008448762,0
2115.0,2120.0,2117.5,0.00013808076,0.0006904038,0
2120.0,2125.0,2122.5,0.00013571772,0.0006785886,0
2125.0,2130.0,2127.5,0.0001284491,0.0006422455,0
2130.0,2135.0,2132.5,0.00014162142,0.0007081071,0
2135.0,2140.0,2137.5,0.00012135768,0.0006067884,0
2140.0,2145.0,2142.5,0.00014388116,0.0007194058,0
2145.0,2150.0,2147.5,0.00014772566,0.0007386283,0
2150.0,2155.0,2152.5,0.00013342842,0.0006671421,0
2155.0,2160.0,2157.5,0.00011905526,0.0005952763,0
2160.0,2165.0,2162.5,0.00016779404,0.0008389702,0
2165.0,2170.0,2167.5,0.00013463366,0.0006731683,0
2170.0,2175.0,2172.5,0.0001309598,0.000654799,0
2175.0,2180.0,2177.5,0.00016574028,0.0008287014,0
2180.0,2185.0,2182.5,0.00012976874,0.0006488437,0
2185.0,2190.0,2187.5,0.00016783692,0.0008391846,0
2190.0,2195.0,2192.5,0.00013438624,0.0006719312,0
2195.0,2200.0,2197.5,0.00013101012,0.0006550506,0
2200.0,2205.0,2202.5,0.00014518664,0.0007259332,0
2205.0,2210.0,2207.5,0.00013460352,0.0006730176,0
2210.0,2215.0,2212.5,0.00014522414,0.0007261207,0
2215.0,2220.0,2217.5,0.00012610168,0.0006305084,0
2220.0,2225.0,2222.5,0.00016066516,0.0008033258,0
2225.0,2230.0,2227.5,0.00013457138,0.0006728569,0
2230.0,2235.0,2232.5,0.0001546821,0.0007734105,0
2235.0,2240.0,2237.5,0.00015363862,0.0007681931,0
2240.0,2245.0,2242.5,0.00012988406,0.0006494203,0
2245.0,2250.0,2247.5,0.00011674668,0.0005837334,0
2250.0,2255.0,2252.5,0.00015355862,0.0007677931,0
2255.0,2260.0,2257.5,0.00012007534,0.0006003767,0
2260.0,2265.0,2262.5,0.0001403894,0.000701947,0
2265.0,2270.0,2267.5,0.00012966152,0.0006483076,0
2270.0,2275.0,2272.5,0.00011660148,0.0005830074,0
2275.0,2280.0,2277.5,0.00013214222,0.0006607111,0
2280.0,2285.0,2282.5,0.00012150146,0.0006075073,0
2285.0,2290.0,2287.5,0.00010826668,0.0005413334,0
2290.0,2295.0,2292.5,0.00011902474,0.0005951237,0
2295.0,2300.0,2297.5,0.0001453556,0.000726778,0
2300.0,2305.0,2302.5,0.00016547698,0.0008273849,0
2305.0,2310.0,2307.5,0.00012389188,0.0006194594,0
2310.0,2315.0,2312.5,0.00013810612,0.0006905306,0
2315.0,2320.0,2317.5,0.000116669,0.000583345,0
2320.0,2325.0,2322.5,0.0001334527,0.0006672635,0
2325.0,2330.0,2327.5,0.00014179514,0.0007089757,0
2330.0,2335.0,2332.5,0.00012860748,0.0006430374,0
2335.0,2340.0,2337.5,0.00015125268,0.0007562634,0
2340.0,2345.0,2342.5,0.00013334,0.0006667,0
2345.0,2350.0,2347.5,0.00012727256,0.0006363628,0
2350.0,2355.0,2352.5,0.00013327658,0.0006663829,0
2355.0,2360.0,2357.5,0.00012383878,0.0006191939,0
2360.0,2365.0,2362.5,0.00011210866,0.0005605433,0
2365.0,2370.0,2367.5,0.0001296726,0.000648363,0
2370.0,2375.0,2372.5,0.00012384452,0.0006192226,0
2375.0,2380.0,2377.5,0.00013333344,0.0006666672,0
2380.0,2385.0,2382.5,0.0001227024,0.000613512,0
2385.0,2390.0,2387.5,0.0001214927,0.0006074635,0
2390.0,2395.0,2392.5,0.00014521898,0.0007260949,0
2395.0,2400.0,2397.5,0.00010834398,0.0005417199,0
2400.0,2405.0,2402.5,0.00012506292,0.0006253146,0
2405.0,2410.0,2407.5,0.00012991822,0.0006495911,0
2410.0,2415.0,2412.5,0.00012262446,0.0006131223,0
2415.0,2420.0,2417.5,0.00015600764,0.0007800382,0
2420.0,2425.0,2422.5,0.00013210474,0.0006605237,0
2425.0,2430.0,2427.5,0.00016079958,0.0008039979,0
2430.0,2435.0,2432.5,0.00011061916,0.0005530958,0
2435.0,2440.0,2437.5,0.00011062924,0.0005531462,0
2440.0,2445.0,2442.5,0.00012023956,0.0006011978,0
2445.0,2450.0,2447.5,0.0001166368,0.000583184,0
2450.0,2455.0,2452.5,0.00012852486,0.0006426243,0
2455.0,2460.0,2457.5,0.00012720754,0.0006360377,0
2460.0,2465.0,2462.5,0.00011058966,0.0005529483,0
2465.0,2470.0,2467.5,0.00010590652,0.0005295326,0
2470.0,2475.0,2472.5,0.00012375028,0.0006187514,0
2475.0,2480.0,2477.5,0.00011429512,0.0005714756,0
2480.0,2485.0,2482.5,0.00010833434,0.0005416717,0
2485.0,2490.0,2487.5,0.00013330416,0.0006665208,0
2490.0,2495.0,2492.5,0.00012155668,0.0006077834,0
2495.0,2500.0,2497.5,0.00010592646,0.0005296323,0
2500.0,2505.0,2502.5,0.00011534712,0.0005767356,0
2505.0,2510.0,2507.5,0.0001345754,0.000672877,0
2510.0,2515.0,2512.5,0.00013337566,0.0006668783,0
2515.0,2520.0,2517.5,0.00013206986,0.0006603493,0
2520.0,2525.0,2522.5,9.763542e-05,0.0004881771,0
2525.0,2530.0,2527.5,0.00013216676,0.0006608338,0
2530.0,2535.0,2532.5,0.00010244918,0.0005122459,0
2535.0,2540.0,2537.5,0.00010836108,0.0005418054,0
2540.0,2545.0,2542.5,0.00012010084,0.0006005042,0
2545.0,2550.0,2547.5,0.00011064912,0.0005532456,0
2550.0,2555.0,2552.5,0.00011189558,0.0005594779,0
2555.0,2560.0,2557.5,0.00010841836,0.0005420918,0
2560.0,2565.0,2562.5,0.00013575566,0.0006787783,0
2565.0,2570.0,2567.5,0.0001165127,0.0005825635,0
2570.0,2575.0,2572.5,0.00011065896,0.0005532948,0
2575.0,2580.0,2577.5,0.00012494062,0.0006247031,0
2580.0,2585.0,2582.5,0.00010344558,0.0005172279,0
2585.0,2590.0,2587.5,0.00012379442,0.0006189721,0
2590.0,2595.0,2592.5,0.00010712438,0.0005356219,0
2595.0,2600.0,2597.5,0.00011908286,0.0005954143,0
2600.0,2605.0,2602.5,0.00011668568,0.0005834284,0
2605.0,2610.0,2607.5,0.0001248793,0.0006243965,0
2610.0,2615.0,2612.5,0.00012624898,0.0006312449,0
2615.0,2620.0,2617.5,0.00010233806,0.0005116903,0
2620.0,2625.0,2622.5,0.00011186392,0.0005593196,0
2625.0,2630.0,2627.5,0.00011909398,0.0005954699,0
2630.0,2635.0,2632.5,0.00010717185,0.00053585926,0
2635.0,2640.0,2637.5,0.0001165478,0.000582739,0
2640.0,2645.0,2642.5,0.00012733788,0.0006366894,0
2645.0,2650.0,2647.5,0.00010824146,0.0005412073,0
2650.0,2655.0,2652.5,0.00010847738,0.0005423869,0
2655.0,2660.0,2657.5,8.571548e-05,0.0004285774,0
2660.0,2665.0,2662.5,0.00012373206,0.0006186603,0
2665.0,2670.0,2667.5,0.0001155577,0.0005777885,0
2670.0,2675.0,2672.5,9.640056e-05,0.0004820028,0
2675.0,2680.0,2677.5,0.00012507724,0.0006253862,0
2680.0,2685.0,2682.5,0.00010715588,0.0005357794,0
2685.0,2690.0,2687.5,0.00011789228,0.0005894614,0
2690.0,2695.0,2692.5,0.00010127132,0.0005063566,0
2695.0,2700.0,2697.5,0.0001262802,0.000631401,0
2700.0,2705.0,2702.5,0.00010245288,0.0005122644,0
2705.0,2710.0,2707.5,0.00010355482,0.0005177741,0
2710.0,2715.0,2712.5,0.00011066022,0.0005533011,0
2715.0,2720.0,2717.5,0.000136857,0.000684285,0
2720.0,2725.0,2722.5,0.0001463892,0.000731946,0
2725.0,2730.0,2727.5,0.00012616908,0.0006308454,0
2730.0,2735.0,2732.5,0.00011542598,0.0005771299,0
2735.0,2740.0,2737.5,9.899028e-05,0.0004949514,0
2740.0,2745.0,2742.5,0.00011786562,0.0005893281,0
2745.0,2750.0,2747.5,0.0001119435,0.0005597175,0
2750.0,2755.0,2752.5,0.00011415892,0.0005707946,0
2755.0,2760.0,2757.5,0.00010961162,0.0005480581,0
2760.0,2765.0,2762.5,9.990574e-05,0.0004995287,0
2765.0,2770.0,2767.5,0.00010234594,0.0005117297,0
2770.0,2775.0,2772.5,0.00011305694,0.0005652847,0
2775.0,2780.0,2777.5,0.00010935154,0.0005467577,0
2780.0,2785.0,2782.5,0.00010361226,0.0005180613,0
2785.0,2790.0,2787.5,0.00011309006,0.0005654503,0
2790.0,2795.0,2792.5,9.513134e-05,0.0004756567,0
2795.0,2800.0,2797.5,0.000104707,0.000523535,0
2800.0,2805.0,2802.5,0.0001130145,0.0005650725,0
2805.0,2810.0,2807.5,0.00010226258,0.0005113129,0
2810.0,2815.0,2812.5,0.00012282776,0.0006141388,0
2815.0,2820.0,2817.5,0.00010106438,0.0005053219,0
2820.0,2825.0,2822.5,9.39724e-05,0.000469862,0
2825.0,2830.0,2827.5,9.76142e-05,0.000488071,0
2830.0,2835.0,2832.5,9.63141e-05,0.0004815705,0
2835.0,2840.0,2837.5,0.000122563,0.000612815,0
2840.0,2845.0,2842.5,0.00012626528,0.0006313264,0
2845.0,2850.0,2847.5,9.642108e-05,0.0004821054,0
2850.0,2855.0,2852.5,9.285382e-05,0.0004642691,0
2855.0,2860.0,2857.5,0.00011301622,0.0005650811,0
2860.0,2865.0,2862.5,0.00010597754,0.0005298877,0
2865.0,2870.0,2867.5,0.0001047092,0.000523546,0
2870.0,2875.0,2872.5,0.00010479944,0.0005239972,0
2875.0,2880.0,2877.5,9.98896e-05,0.000499448,0
2880.0,2885.0,2882.5,0.0001154964,0.000577482,0
2885.0,2890.0,2887.5,0.00010244452,0.0005122226,0
2890.0,2895.0,2892.5,0.00012982258,0.0006491129,0
2895.0,2900.0,2897.5,9.51374e-05,0.000475687,0
2900.0,2905.0,2902.5,9.641664e-05,0.0004820832,0
2905.0,2910.0,2907.5,0.00010954232,0.0005477116,0
2910.0,2915.0,2912.5,0.00011076206,0.0005538103,0
2915.0,2920.0,2917.5,9.04937e-05,0.0004524685,0
2920.0,2925.0,2922.5,0.00012269298,0.0006134649,0
2925.0,2930.0,2927.5,0.00012494962,0.0006247481,0
2930.0,2935.0,2932.5,0.00012981324,0.0006490662,0
2935.0,2940.0,2937.5,0.0001120131,0.0005600655,0
2940.0,2945.0,2942.5,0.00011896594,0.0005948297,0
2945.0,2950.0,2947.5,9.41064e-05,0.000470532,0
2950.0,2955.0,2952.5,0.00010729136,0.0005364568,0
2955.0,2960.0,2957.5,9.517166e-05,0.0004758583,0
2960.0,2965.0,2962.5,8.927208e-05,0.0004463604,0
2965.0,2970.0,2967.5,7.73955e-05,0.0003869775,0
2970.0,2975.0,2972.5,0.00010941664,0.0005470832,0
2975.0,2980.0,2977.5,8.812926e-05,0.0004406463,0
2980.0,2985.0,2982.5,0.00010701186,0.0005350593,0
2985.0,2990.0,2987.5,8.812872e-05,0.0004406436,0
2990.0,2995.0,2992.5,0.00010349264,0.0005174632,0
2995.0,3000.0,2997.5,0.00011305032,0.0005652516,0
3000.0,3005.0,3002.5,9.17389e-05,0.0004586945,0
3005.0,3010.0,3007.5,9.406402e-05,0.0004703201,0
3010.0,3015.0,3012.5,9.996072e-05,0.0004998036,0
3015.0,3020.0,3017.5,0.00010345322,0.0005172661,0
3020.0,3025.0,3022.5,9.168872e-05,0.0004584436,0
3025.0,3030.0,3027.5,9.289708e-05,0.0004644854,0
3030.0,3035.0,3032.5,9.643628e-05,0.0004821814,0
3035.0,3040.0,3037.5,8.695708e-05,0.0004347854,0
3040.0,3045.0,3042.5,0.0001143111,0.0005715555,0
3045.0,3050.0,3047.5,9.386756e-05,0.0004693378,0
3050.0,3055.0,3052.5,0.00010708306,0.0005354153,0
3055.0,3060.0,3057.5,0.0001130852,0.000565426,0
3060.0,3065.0,3062.5,0.0001165101,0.0005825505,0
3065.0,3070.0,3067.5,0.00010825666,0.0005412833,0
3070.0,3075.0,3072.5,9.873554e-05,0.0004936777,0
3075.0,3080.0,3077.5,9.52806e-05,0.000476403,0
3080.0,3085.0,3082.5,0.00010114634,0.0005057317,0
3085.0,3090.0,3087.5,9.527032e-05,0.0004763516,0
3090.0,3095.0,3092.5,7.498482e-05,0.0003749241,0
3095.0,3100.0,3097.5,0.00010357086,0.0005178543,0
3100.0,3105.0,3102.5,9.391696e-05,0.0004695848,0
3105.0,3110.0,3107.5,0.00010110684,0.0005055342,0
3110.0,3115.0,3112.5,0.00010827912,0.0005413956,0
3115.0,3120.0,3117.5,9.873868e-05,0.0004936934,0
3120.0,3125.0,3122.5,0.00011057138,0.0005528569,0
3125.0,3130.0,3127.5,8.928302e-05,0.0004464151,0
3130.0,3135.0,3132.5,9.522648e-05,0.0004761324,0
3135.0,3140.0,3137.5,9.523312e-05,0.0004761656,0
3140.0,3145.0,3142.5,9.278986e-05,0.0004639493,0
3145.0,3150.0,3147.5,8.455978e-05,0.0004227989,0
3150.0,3155.0,3152.5,0.0001166012,0.000583006,0
3155.0,3160.0,3157.5,9.037926e-05,0.0004518963,0
3160.0,3165.0,3162.5,0.00010235778,0.0005117889,0
3165.0,3170.0,3167.5,9.889678e-05,0.0004944839,0
3170.0,3175.0,3172.5,7.374578e-05,0.0003687289,0
3175.0,3180.0,3177.5,8.69211e-05,0.0004346055,0
3180.0,3185.0,3182.5,9.04963e-05,0.0004524815,0
3185.0,3190.0,3187.5,0.00010717456,0.0005358728,0
3190.0,3195.0,3192.5,8.09636e-05,0.000404818,0
3195.0,3200.0,3197.5,8.213304e-05,0.0004106652,0
3200.0,3205.0,3202.5,9.406492e-05,0.0004703246,0
3205.0,3210.0,3207.5,7.8507128e-05,0.00039253564,0
3210.0,3215.0,3212.5,9.871262e-05,0.0004935631,0
3215.0,3220.0,3217.5,8.448736e-05,0.0004224368,0
3220.0,3225.0,3222.5,7.853956e-05,0.0003926978,0
3225.0,3230.0,3227.5,9.877048e-05,0.0004938524,0
3230.0,3235.0,3232.5,9.99048e-05,0.000499524,0
3235.0,3240.0,3237.5,8.803556e-05,0.0004401778,0
3240.0,3245.0,3242.5,0.00011182932,0.0005591466,0
3245.0,3250.0,3247.5,9.285602e-05,0.0004642801,0
3250.0,3255.0,3252.5,9.984188e-05,0.0004992094,0
3255.0,3260.0,3257.5,9.280986e-05,0.0004640493,0
3260.0,3265.0,3262.5,7.614784e-05,0.0003807392,0
3265.0,3270.0,3267.5,9.052988e-05,0.0004526494,0
3270.0,3275.0,3272.5,9.88609e-05,0.0004943045,0
3275.0,3280.0,3277.5,8.577472e-05,0.0004288736,0
3280.0,3285.0,3282.5,9.039198e-05,0.0004519599,0
3285.0,3290.0,3287.5,9.762324e-05,0.0004881162,0
3290.0,3295.0,3292.5,8.921012e-05,0.0004460506,0
3295.0,3300.0,3297.5,0.00011073984,0.0005536992,0
3300.0,3305.0,3302.5,9.873164e-05,0.0004936582,0
3305.0,3310.0,3307.5,8.213922e-05,0.0004106961,0
3310.0,3315.0,3312.5,8.3416728e-05,0.00041708364,0
3315.0,3320.0,3317.5,9.890348e-05,0.0004945174,0
3320.0,3325.0,3322.5,7.98364e-05,0.000399182,0
3325.0,3330.0,3327.5,6.425866e-05,0.0003212933,0
3330.0,3335.0,3332.5,8.918794e-05,0.0004459397,0
3335.0,3340.0,3337.5,8.918994e-05,0.0004459497,0
3340.0,3345.0,3342.5,8.929394e-05,0.0004464697,0
3345.0,3350.0,3347.5,8.569506e-05,0.0004284753,0
3350.0,3355.0,3352.5,6.069414e-05,0.0003034707,0
3355.0,3360.0,3357.5,9.76354e-05,0.000488177,0
3360.0,3365.0,3362.5,8.21484e-05,0.000410742,0
3365.0,3370.0,3367.5,8.922204e-05,0.0004461102,0
3370.0,3375.0,3372.5,9.761746e-05,0.0004880873,0
3375.0,3380.0,3377.5,8.095568e-05,0.0004047784,0
3380.0,3385.0,3382.5,9.876308e-05,0.0004938154,0
3385.0,3390.0,3387.5,9.634516e-05,0.0004817258,0
3390.0,3395.0,3392.5,8.091038e-05,0.0004045519,0
3395.0,3400.0,3397.5,8.211872e-05,0.0004105936,0
3400.0,3405.0,3402.5,9.515622e-05,0.0004757811,0
3405.0,3410.0,3407.5,8.443388e-05,0.0004221694,0
3410.0,3415.0,3412.5,8.33169e-05,0.0004165845,0
3415.0,3420.0,3417.5,8.098048e-05,0.0004049024,0
3420.0,3425.0,3422.5,0.00010252996,0.0005126498,0
3425.0,3430.0,3427.5,7.968658e-05,0.0003984329,0
3430.0,3435.0,3432.5,8.6898928e-05,0.00043449464,0
3435.0,3440.0,3437.5,9.404066e-05,0.0004702033,0
3440.0,3445.0,3442.5,0.00010116462,0.0005058231,0
3445.0,3450.0,3447.5,0.00010589266,0.0005294633,0
3450.0,3455.0,3452.5,8.682164e-05,0.0004341082,0
3455.0,3460.0,3457.5,8.45278e-05,0.000422639,0
3460.0,3465.0,3462.5,9.643502e-05,0.0004821751,0
3465.0,3470.0,3467.5,6.907888e-05,0.0003453944,0
3470.0,3475.0,3472.5,9.754146e-05,0.0004877073,0
3475.0,3480.0,3477.5,0.0001022818,0.000511409,0
3480.0,3485.0,3482.5,7.729012e-05,0.0003864506,0
3485.0,3490.0,3487.5,7.858436e-05,0.0003929218,0
3490.0,3495.0,3492.5,8.929128e-05,0.0004464564,0
3495.0,3500.0,3497.5,9.635356e-05,0.0004817678,0
3500.0,3505.0,3502.5,8.925418e-05,0.0004462709,0
3505.0,3510.0,3507.5,8.688816e-05,0.0004344408,0
3510.0,3515.0,3512.5,0.0001011554,0.000505777,0
3515.0,3520.0,3517.5,8.092342e-05,0.0004046171,0
3520.0,3525.0,3522.5,7.14417e-05,0.0003572085,0
3525.0,3530.0,3527.5,9.888178e-05,0.0004944089,0
3530.0,3535.0,3532.5,8.802038e-05,0.0004401019,0
3535.0,3540.0,3537.5,9.647818e-05,0.0004823909,0
3540.0,3545.0,3542.5,8.451352e-05,0.0004225676,0
3545.0,3550.0,3547.5,7.140282e-05,0.0003570141,0
3550.0,3555.0,3552.5,7.024366e-05,0.0003512183,0
3555.0,3560.0,3557.5,8.684876e-05,0.0004342438,0
3560.0,3565.0,3562.5,0.00010350092,0.0005175046,0
3565.0,3570.0,3567.5,8.4587e-05,0.000422935,0
3570.0,3575.0,3572.5,8.68501e-05,0.0004342505,0
3575.0,3580.0,3577.5,9.525314e-05,0.0004762657,0
3580.0,3585.0,3582.5,0.00010230814,0.0005115407,0
3585.0,3590.0,3587.5,0.00011197496,0.0005598748,0
3590.0,3595.0,3592.5,8.560248e-05,0.0004280124,0
3595.0,3600.0,3597.5,9.632688e-05,0.0004816344,0
3600.0,3605.0,3602.5,8.811396e-05,0.0004405698,0
3605.0,3610.0,3607.5,8.5684e-05,0.00042842,0
3610.0,3615.0,3612.5,9.760142e-05,0.0004880071,0
3615.0,3620.0,3617.5,7.380722e-05,0.0003690361,0
3620.0,3625.0,3622.5,7.734898e-05,0.0003867449,0
3625.0,3630.0,3627.5,7.866996e-05,0.0003933498,0
3630.0,3635.0,3632.5,8.333646e-05,0.0004166823,0
3635.0,3640.0,3637.5,0.0001011717,0.0005058585,0
3640.0,3645.0,3642.5,9.397982e-05,0.0004698991,0
3645.0,3650.0,3647.5,8.217716e-05,0.0004108858,0
3650.0,3655.0,3652.5,8.330792e-05,0.0004165396,0
3655.0,3660.0,3657.5,8.209144e-05,0.0004104572,0
3660.0,3665.0,3662.5,7.377424e-05,0.0003688712,0
3665.0,3670.0,3667.5,8.809278e-05,0.0004404639,0
3670.0,3675.0,3672.5,8.694652e-05,0.0004347326,0
3675.0,3680.0,3677.5,6.31764e-05,0.000315882,0
3680.0,3685.0,3682.5,7.7392928e-05,0.00038696464,0
3685.0,3690.0,3687.5,8.32963e-05,0.0004164815,0
3690.0,3695.0,3692.5,8.92396e-05,0.000446198,0
3695.0,3700.0,3697.5,7.735744e-05,0.0003867872,0
3700.0,3705.0,3702.5,7.847064e-05,0.0003923532,0
3705.0,3710.0,3707.5,7.978948e-05,0.0003989474,0
3710.0,3715.0,3712.5,9.17558e-05,0.000458779,0
3715.0,3720.0,3717.5,9.52271e-05,0.0004761355,0
3720.0,3725.0,3722.5,9.522696e-05,0.0004761348,0
3725.0,3730.0,3727.5,6.5499e-05,0.000327495,0
3730.0,3735.0,3732.5,7.850088e-05,0.0003925044,0
3735.0,3740.0,3737.5,8.341294e-05,0.0004170647,0
3740.0,3745.0,3742.5,7.730596e-05,0.0003865298,0
3745.0,3750.0,3747.5,6.675856e-05,0.0003337928,0
3750.0,3755.0,3752.5,8.087576e-05,0.0004043788,0
3755.0,3760.0,3757.5,0.00010714856,0.0005357428,0
3760.0,3765.0,3762.5,6.783004e-05,0.0003391502,0
3765.0,3770.0,3767.5,9.87118e-05,0.000493559,0
3770.0,3775.0,3772.5,7.506534e-05,0.0003753267,0
3775.0,3780.0,3777.5,9.64996e-05,0.000482498,0
3780.0,3785.0,3782.5,8.21003e-05,0.0004105015,0
3785.0,3790.0,3787.5,7.85273e-05,0.0003926365,0
3790.0,3795.0,3792.5,8.092824e-05,0.0004046412,0
3795.0,3800.0,3797.5,7.381088e-05,0.0003690544,0
3800.0,3805.0,3802.5,8.33487e-05,0.0004167435,0
3805.0,3810.0,3807.5,9.1651e-05,0.000458255,0
3810.0,3815.0,3812.5,9.98706e-05,0.000499353,0
3815.0,3820.0,3817.5,8.567012e-05,0.0004283506,0
3820.0,3825.0,3822.5,8.44855e-05,0.0004224275,0
3825.0,3830.0,3827.5,9.039004e-05,0.0004519502,0
3830.0,3835.0,3832.5,6.426872e-05,0.0003213436,0
3835.0,3840.0,3837.5,8.335644e-05,0.0004167822,0
3840.0,3845.0,3842.5,6.18681e-05,0.0003093405,0
3845.0,3850.0,3847.5,8.694002e-05,0.0004347001,0
3850.0,3855.0,3852.5,7.85291e-05,0.0003926455,0
3855.0,3860.0,3857.5,7.371508e-05,0.0003685754,0
3860.0,3865.0,3862.5,6.906052e-05,0.0003453026,0
3865.0,3870.0,3867.5,7.623346e-05,0.0003811673,0
3870.0,3875.0,3872.5,8.571612e-05,0.0004285806,0
3875.0,3880.0,3877.5,8.44104e-05,0.000422052,0
3880.0,3885.0,3882.5,8.214936e-05,0.0004107468,0
3885.0,3890.0,3887.5,7.975648e-05,0.0003987824,0
3890.0,3895.0,3892.5,9.746082e-05,0.0004873041,0
3895.0,3900.0,3897.5,7.6143294e-05,0.00038071647,0
3900.0,3905.0,3902.5,8.452738e-05,0.0004226369,0
3905.0,3910.0,3907.5,8.453446e-05,0.0004226723,0
3910.0,3915.0,3912.5,0.00010832428,0.0005416214,0
3915.0,3920.0,3917.5,0.00010240198,0.0005120099,0
3920.0,3925.0,3922.5,7.853884e-05,0.0003926942,0
3925.0,3930.0,3927.5,6.293934e-05,0.0003146967,0
3930.0,3935.0,3932.5,7.373238e-05,0.0003686619,0
3935.0,3940.0,3937.5,7.262116e-05,0.0003631058,0
3940.0,3945.0,3942.5,7.617374e-05,0.0003808687,0
3945.0,3950.0,3947.5,7.028094e-05,0.0003514047,0
3950.0,3955.0,3952.5,8.451334e-05,0.0004225667,0
3955.0,3960.0,3957.5,7.852468e-05,0.0003926234,0
3960.0,3965.0,3962.5,6.668214e-05,0.0003334107,0
3965.0,3970.0,3967.5,7.617676e-05,0.0003808838,0
3970.0,3975.0,3972.5,8.327998e-05,0.0004163999,0
3975.0,3980.0,3977.5,6.069324e-05,0.0003034662,0
3980.0,3985.0,3982.5,7.977106e-05,0.0003988553,0
3985.0,3990.0,3987.5,8.576342e-05,0.0004288171,0
3990.0,3995.0,3992.5,7.010478e-05,0.0003505239,0
3995.0,4000.0,3997.5,6.552592e-05,0.0003276296,0
4000.0,4005.0,4002.5,7.141664e-05,0.0003570832,0
4005.0,4010.0,4007.5,7.020402e-05,0.0003510201,0
4010.0,4015.0,4012.5,9.2696e-05,0.00046348,0
4015.0,4020.0,4017.5,5.956898e-05,0.0002978449,0
4020.0,4025.0,4022.5,7.268174e-05,0.0003634087,0
4025.0,4030.0,4027.5,8.45079e-05,0.0004225395,0
4030.0,4035.0,4032.5,8.217392e-05,0.0004108696,0
4035.0,4040.0,4037.5,5.470354e-05,0.0002735177,0
4040.0,4045.0,4042.5,9.267844e-05,0.0004633922,0
4045.0,4050.0,4047.5,9.172466e-05,0.0004586233,0
4050.0,4055.0,4052.5,6.30562e-05,0.000315281,0
4055.0,4060.0,4057.5,8.806384e-05,0.0004403192,0
4060.0,4065.0,4062.5,7.26124e-05,0.000363062,0
4065.0,4070.0,4067.5,6.667034e-05,0.0003333517,0
4070.0,4075.0,4072.5,7.850948e-05,0.0003925474,0
4075.0,4080.0,4077.5,6.3019e-05,0.000315095,0
4080.0,4085.0,4082.5,6.901528e-05,0.0003450764,0
4085.0,4090.0,4087.5,7.131582e-05,0.0003565791,0
4090.0,4095.0,4092.5,7.498618e-05,0.0003749309,0
4095.0,4100.0,4097.5,8.33038e-05,0.000416519,0
4100.0,4105.0,4102.5,7.738976e-05,0.0003869488,0
4105.0,4110.0,4107.5,8.577482e-05,0.0004288741,0
4110.0,4115.0,4112.5,7.734502e-05,0.0003867251,0
4115.0,4120.0,4117.5,7.02408e-05,0.000351204,0
4120.0,4125.0,4122.5,6.772254e-05,0.0003386127,0
4125.0,4130.0,4127.5,6.54467e-05,0.0003272335,0
4130.0,4135.0,4132.5,9.16164e-05,0.000458082,0
4135.0,4140.0,4137.5,7.730718e-05,0.0003865359,0
4140.0,4145.0,4142.5,7.252218e-05,0.0003626109,0
4145.0,4150.0,4147.5,8.685592e-05,0.0004342796,0
4150.0,4155.0,4152.5,6.897408e-05,0.0003448704,0
4155.0,4160.0,4157.5,7.021728e-05,0.0003510864,0
4160.0,4165.0,4162.5,7.736446e-05,0.0003868223,0
4165.0,4170.0,4167.5,7.485372e-05,0.0003742686,0
4170.0,4175.0,4172.5,7.9803768e-05,0.00039901884,0
4175.0,4180.0,4177.5,7.494462e-05,0.0003747231,0
4180.0,4185.0,4182.5,7.488692e-05,0.0003744346,0
4185.0,4190.0,4187.5,8.3256856e-05,0.00041628428,0
4190.0,4195.0,4192.5,5.595564e-05,0.0002797782,0
4195.0,4200.0,4197.5,9.04926e-05,0.000452463,0
4200.0,4205.0,4202.5,6.186082e-05,0.0003093041,0
4205.0,4210.0,4207.5,6.539266e-05,0.0003269633,0
4210.0,4215.0,4212.5,9.048228e-05,0.0004524114,0
4215.0,4220.0,4217.5,7.6181408e-05,0.00038090704,0
4220.0,4225.0,4222.5,6.310994e-05,0.0003155497,0
4225.0,4230.0,4227.5,7.138226e-05,0.0003569113,0
4230.0,4235.0,4232.5,8.086716e-05,0.0004043358,0
4235.0,4240.0,4237.5,8.08902e-05,0.000404451,0
4240.0,4245.0,4242.5,9.166188e-05,0.0004583094,0
4245.0,4250.0,4247.5,6.89684e-05,0.000344842,0
4250.0,4255.0,4252.5,6.5400656e-05,0.00032700328,0
4255.0,4260.0,4257.5,8.928926e-05,0.0004464463,0
4260.0,4265.0,4262.5,6.54161e-05,0.0003270805,0
4265.0,4270.0,4267.5,6.18283e-05,0.0003091415,0
4270.0,4275.0,4272.5,8.331032e-05,0.0004165516,0
4275.0,4280.0,4277.5,7.615752e-05,0.0003807876,0
4280.0,4285.0,4282.5,7.859264e-05,0.0003929632,0
4285.0,4290.0,4287.5,7.378538e-05,0.0003689269,0
4290.0,4295.0,4292.5,8.91365e-05,0.0004456825,0
4295.0,4300.0,4297.5,9.16389e-05,0.0004581945,0
4300.0,4305.0,4302.5,8.936582e-05,0.0004468291,0
4305.0,4310.0,4307.5,7.736966e-05,0.0003868483,0
4310.0,4315.0,4312.5,6.786794e-05,0.0003393397,0
4315.0,4320.0,4317.5,8.208172e-05,0.0004104086,0
4320.0,4325.0,4322.5,8.207474e-05,0.0004103737,0
4325.0,4330.0,4327.5,9.155594e-05,0.0004577797,0
4330.0,4335.0,4332.5,7.84786e-05,0.000392393,0
4335.0,4340.0,4337.5,7.01485e-05,0.0003507425,0
4340.0,4345.0,4342.5,7.381714e-05,0.0003690857,0
4345.0,4350.0,4347.5,7.373634e-05,0.0003686817,0
4350.0,4355.0,4352.5,7.733848e-05,0.0003866924,0
4355.0,4360.0,4357.5,6.424086e-05,0.0003212043,0
4360.0,4365.0,4362.5,6.6635132e-05,0.00033317566,0
4365.0,4370.0,4367.5,5.58808e-05,0.000279404,0
4370.0,4375.0,4372.5,7.26064e-05,0.000363032,0
4375.0,4380.0,4377.5,6.787574e-05,0.0003393787,0
4380.0,4385.0,4382.5,4.3991458e-05,0.00021995729,0
4385.0,4390.0,4387.5,2.2594948e-05,0.00011297474,0
4390.0,4395.0,4392.5,3.4490816e-05,0.00017245408,0
4395.0,4400.0,4397.5,2.6195426e-05,0.00013097713,0
4400.0,4405.0,4402.5,3.927464e-05,0.0001963732,0
4405.0,4410.0,4407.5,2.0193008e-05,0.00010096504,0
4410.0,4415.0,4412.5,3.8076816e-05,0.00019038408,0
4415.0,4420.0,4417.5,4.041728e-05,0.0002020864,0
4420.0,4425.0,4422.5,3.444602e-05,0.0001722301,0
4425.0,4430.0,4427.5,3.4538574e-05,0.00017269287,0
4430.0,4435.0,4432.5,2.7314002e-05,0.00013657001,0
4435.0,4440.0,4437.5,3.0920488e-05,0.00015460244,0
4440.0,4445.0,4442.5,3.3347726e-05,0.00016673863,0
4445.0,4450.0,4447.5,3.5659748e-05,0.00017829874,0
4450.0,4455.0,4452.5,3.6929032e-05,0.00018464516,0
4455.0,4460.0,4457.5,2.4954036e-05,0.00012477018,0
4460.0,4465.0,4462.5,2.6137476e-05,0.00013068738,0
4465.0,4470.0,4467.5,1.9012848e-05,9.506424e-05,0
4470.0,4475.0,4472.5,2.9777364e-05,0.00014888682,0
4475.0,4480.0,4477.5,2.858671e-05,0.00014293355,0
4480.0,4485.0,4482.5,3.9246212e-05,0.00019623106,0
4485.0,4490.0,4487.5,2.9741274e-05,0.00014870637,0
4490.0,4495.0,4492.5,2.6144924e-05,0.00013072462,0
4495.0,4500.0,4497.5,3.6967544e-05,0.00018483772,0
4500.0,4505.0,4502.5,2.4936606e-05,0.00012468303,0
4505.0,4510.0,4507.5,2.7341048e-05,0.00013670524,0
4510.0,4515.0,4512.5,2.850438e-05,0.0001425219,0
4515.0,4520.0,4517.5,2.858889e-05,0.00014294445,0
4520.0,4525.0,4522.5,2.146692e-05,0.0001073346,0
4525.0,4530.0,4527.5,2.1458316e-05,0.00010729158,0
4530.0,4535.0,4532.5,2.375628e-05,0.0001187814,0
4535.0,4540.0,4537.5,2.7405018e-05,0.00013702509,0
4540.0,4545.0,4542.5,3.091652e-05,0.0001545826,0
4545.0,4550.0,4547.5,2.8605856e-05,0.00014302928,0
4550.0,4555.0,4552.5,3.5722214e-05,0.00017861107,0
4555.0,4560.0,4557.5,3.3299048e-05,0.00016649524,0
4560.0,4565.0,4562.5,2.8530646e-05,0.00014265323,0
4565.0,4570.0,4567.5,2.6209948e-05,0.00013104974,0
4570.0,4575.0,4572.5,3.923568e-05,0.0001961784,0
4575.0,4580.0,4577.5,3.3317068e-05,0.00016658534,0
4580.0,4585.0,4582.5,2.8536728e-05,0.00014268364,0
4585.0,4590.0,4587.5,3.80795e-05,0.0001903975,0
4590.0,4595.0,4592.5,3.2120686e-05,0.00016060343,0
4595.0,4600.0,4597.5,3.329892e-05,0.0001664946,0
4600.0,4605.0,4602.5,3.80858e-05,0.000190429,0
4605.0,4610.0,4607.5,3.099172e-05,0.0001549586,0
4610.0,4615.0,4612.5,2.8519158e-05,0.00014259579,0
4615.0,4620.0,4617.5,2.8597486e-05,0.00014298743,0
4620.0,4625.0,4622.5,3.0918508e-05,0.00015459254,0
4625.0,4630.0,4627.5,2.4987368e-05,0.00012493684,0
4630.0,4635.0,4632.5,3.45065e-05,0.0001725325,0
4635.0,4640.0,4637.5,4.520282e-05,0.0002260141,0
4640.0,4645.0,4642.5,3.330244e-05,0.0001665122,0
4645.0,4650.0,4647.5,3.0947856e-05,0.00015473928,0
4650.0,4655.0,4652.5,3.6869224e-05,0.00018434612,0
4655.0,4660.0,4657.5,3.0902072e-05,0.00015451036,0
4660.0,4665.0,4662.5,3.6862638e-05,0.00018431319,0
4665.0,4670.0,4667.5,3.3296458e-05,0.00016648229,0
4670.0,4675.0,4672.5,3.5693958e-05,0.00017846979,0
4675.0,4680.0,4677.5,3.5732068e-05,0.00017866034,0
4680.0,4685.0,4682.5,2.621435e-05,0.00013107175,0
4685.0,4690.0,4687.5,2.8535206e-05,0.00014267603,0
4690.0,4695.0,4692.5,3.9279748e-05,0.00019639874,0
4695.0,4700.0,4697.5,3.0875808e-05,0.00015437904,0
4700.0,4705.0,4702.5,2.737048e-05,0.0001368524,0
4705.0,4710.0,4707.5,3.094052e-05,0.0001547026,0
4710.0,4715.0,4712.5,4.2771006e-05,0.00021385503,0
4715.0,4720.0,4717.5,2.4979502e-05,0.00012489751,0
4720.0,4725.0,4722.5,2.4988136e-05,0.00012494068,0
4725.0,4730.0,4727.5,1.6647952e-05,8.323976e-05,0
4730.0,4735.0,4732.5,2.6210132e-05,0.00013105066,0
4735.0,4740.0,4737.5,2.6161018e-05,0.00013080509,0
4740.0,4745.0,4742.5,3.2111112e-05,0.00016055556,0
4745.0,4750.0,4747.5,3.0889752e-05,0.00015444876,0
4750.0,4755.0,4752.5,1.6666444e-05,8.333222e-05,0
4755.0,4760.0,4757.5,2.7349128e-05,0.00013674564,0
4760.0,4765.0,4762.5,2.6198152e-05,0.00013099076,0
4765.0,4770.0,4767.5,2.1434012e-05,0.00010717006,0
4770.0,4775.0,4772.5,2.5014468e-05,0.00012507234,0
4775.0,4780.0,4777.5,2.8540362e-05,0.00014270181,0
4780.0,4785.0,4782.5,2.1429372e-05,0.00010714686,0
4785.0,4790.0,4787.5,3.2127034e-05,0.00016063517,0
4790.0,4795.0,4792.5,2.1453898e-05,0.00010726949,0
4795.0,4800.0,4797.5,3.4464188e-05,0.00017232094,0
4800.0,4805.0,4802.5,2.7359528e-05,0.00013679764,0
4805.0,4810.0,4807.5,2.618396e-05,0.0001309198,0
4810.0,4815.0,4812.5,1.7887184e-05,8.943592e-05,0
4815.0,4820.0,4817.5,1.9047974e-05,9.523987e-05,0
4820.0,4825.0,4822.5,1.6637832e-05,8.318916e-05,0
4825.0,4830.0,4827.5,3.220451e-05,0.00016102255,0
4830.0,4835.0,4832.5,3.09162e-05,0.000154581,0
4835.0,4840.0,4837.5,3.2189138e-05,0.00016094569,0
4840.0,4845.0,4842.5,2.7315268e-05,0.00013657634,0
4845.0,4850.0,4847.5,2.7380254e-05,0.00013690127,0
4850.0,4855.0,4852.5,2.5002508e-05,0.00012501254,0
4855.0,4860.0,4857.5,2.8522448e-05,0.00014261224,0
4860.0,4865.0,4862.5,1.7871456e-05,8.935728e-05,0
4865.0,4870.0,4867.5,2.1432572e-05,0.00010716286,0
4870.0,4875.0,4872.5,2.2594016e-05,0.00011297008,0
4875.0,4880.0,4877.5,2.3798972e-05,0.00011899486,0
4880.0,4885.0,4882.5,1.307472e-05,6.53736e-05,0
4885.0,4890.0,4887.5,2.1394592e-05,0.00010697296,0
4890.0,4895.0,4892.5,2.967993e-05,0.00014839965,0
4895.0,4900.0,4897.5,2.1451412e-05,0.00010725706,0
4900.0,4905.0,4902.5,2.7318688e-05,0.00013659344,0
4905.0,4910.0,4907.5,2.2627614e-05,0.00011313807,0
4910.0,4915.0,4912.5,2.737876e-05,0.0001368938,0
4915.0,4920.0,4917.5,2.5029668e-05,0.00012514834,0
4920.0,4925.0,4922.5,2.1430424e-05,0.00010715212,0
4925.0,4930.0,4927.5,2.614131e-05,0.00013070655,0
4930.0,4935.0,4932.5,1.3097354e-05,6.548677e-05,0
4935.0,4940.0,4937.5,2.1437554e-05,0.00010718777,0
4940.0,4945.0,4942.5,2.0202494e-05,0.00010101247,0
4945.0,4950.0,4947.5,2.2608108e-05,0.00011304054,0
4950.0,4955.0,4952.5,2.0252366e-05,0.00010126183,0
4955.0,4960.0,4957.5,1.9031628e-05,9.515814e-05,0
4960.0,4965.0,4962.5,2.143062e-05,0.0001071531,0
4965.0,4970.0,4967.5,1.7833392e-05,8.916696e-05,0
4970.0,4975.0,4972.5,1.1900658e-05,5.950329e-05,0
4975.0,4980.0,4977.5,2.253911e-05,0.00011269555,0
4980.0,4985.0,4982.5,1.6712236e-05,8.356118e-05,0
4985.0,4990.0,4987.5,2.499542e-05,0.0001249771,0
4990.0,4995.0,4992.5,2.023476e-05,0.0001011738,0
4995.0,5000.0,4997.5,2.2557648e-05,0.00011278824,0
5000.0,5005.0,5002.5,2.858748e-05,0.0001429374,0
5005.0,5010.0,5007.5,1.4252682e-05,7.126341e-05,0
5010.0,5015.0,5012.5,1.9009526e-05,9.504763e-05,0
5015.0,5020.0,5017.5,2.7411288e-05,0.00013705644,0
5020.0,5025.0,5022.5,2.1414948e-05,0.00010707474,0
5025.0,5030.0,5027.5,2.258552e-05,0.0001129276,0
5030.0,5035.0,5032.5,9.537734e-06,4.768867e-05,0
5035.0,5040.0,5037.5,2.8530658e-05,0.00014265329,0
5040.0,5045.0,5042.5,2.1408348e-05,0.00010704174,0
5045.0,5050.0,5047.5,2.1426466e-05,0.00010713233,0
5050.0,5055.0,5052.5,1.3089466e-05,6.544733e-05,0
5055.0,5060.0,5057.5,1.9064316e-05,9.532158e-05,0
5060.0,5065.0,5062.5,2.496605e-05,0.00012483025,0
5065.0,5070.0,5067.5,1.7826868e-05,8.913434e-05,0
5070.0,5075.0,5072.5,2.2629092e-05,0.00011314546,0
5075.0,5080.0,5077.5,2.14375e-05,0.0001071875,0
5080.0,5085.0,5082.5,2.2630912e-05,0.00011315456,0
5085.0,5090.0,5087.5,2.3768796e-05,0.00011884398,0
5090.0,5095.0,5092.5,2.5024288e-05,0.00012512144,0
5095.0,5100.0,5097.5,1.9022538e-05,9.511269e-05,0
5100.0,5105.0,5102.5,2.1448024e-05,0.00010724012,0
5105.0,5110.0,5107.5,2.0247288e-05,0.00010123644,0
5110.0,5115.0,5112.5,1.4286796e-05,7.143398e-05,0
5115.0,5120.0,5117.5,1.3083742e-05,6.541871e-05,0
5120.0,5125.0,5122.5,2.858741e-05,0.00014293705,0
5125.0,5130.0,5127.5,1.3115918e-05,6.557959e-05,0
5130.0,5135.0,5132.5,2.1356188e-05,0.00010678094,0
5135.0,5140.0,5137.5,2.0219706e-05,0.00010109853,0
5140.0,5145.0,5142.5,1.9060902e-05,9.530451e-05,0
5145.0,5150.0,5147.5,1.5473484e-05,7.736742e-05,0
5150.0,5155.0,5152.5,1.9055464e-05,9.527732e-05,0
5155.0,5160.0,5157.5,2.3728684e-05,0.00011864342,0
5160.0,5165.0,5162.5,1.308552e-05,6.54276e-05,0
5165.0,5170.0,5167.5,1.5451518e-05,7.725759e-05,0
5170.0,5175.0,5172.5,2.1378042e-05,0.00010689021,0
5175.0,5180.0,5177.5,2.2639484e-05,0.00011319742,0
5180.0,5185.0,5182.5,2.259248e-05,0.0001129624,0
5185.0,5190.0,5187.5,2.2671744e-05,0.00011335872,0
5190.0,5195.0,5192.5,2.7355498e-05,0.00013677749,0
5195.0,5200.0,5197.5,1.9025232e-05,9.512616e-05,0
5200.0,5205.0,5202.5,1.5403492e-05,7.701746e-05,0
5205.0,5210.0,5207.5,1.6690894e-05,8.345447e-05,0
5210.0,5215.0,5212.5,2.1467676e-05,0.00010733838,0
5215.0,5220.0,5217.5,1.1905272e-05,5.952636e-05,0
5220.0,5225.0,5222.5,1.9017572e-05,9.508786e-05,0
5225.0,5230.0,5227.5,1.5435684e-05,7.717842e-05,0
5230.0,5235.0,5232.5,2.5014056e-05,0.00012507028,0
5235.0,5240.0,5237.5,2.0222932e-05,0.00010111466,0
5240.0,5245.0,5242.5,1.9049846e-05,9.524923e-05,0
5245.0,5250.0,5247.5,2.2608512e-05,0.00011304256,0
5250.0,5255.0,5252.5,1.7843206e-05,8.921603e-05,0
5255.0,5260.0,5257.5,2.3822664e-05,0.00011911332,0
5260.0,5265.0,5262.5,1.6671284e-05,8.335642e-05,0
5265.0,5270.0,5267.5,1.3074372e-05,6.537186e-05,0
5270.0,5275.0,5272.5,2.1439606e-05,0.00010719803,0
5275.0,5280.0,5277.5,2.2599646e-05,0.00011299823,0
5280.0,5285.0,5282.5,1.5457604e-05,7.728802e-05,0
5285.0,5290.0,5287.5,2.0205142e-05,0.00010102571,0
5290.0,5295.0,5292.5,1.7837218e-05,8.918609e-05,0
5295.0,5300.0,5297.5,1.1841208e-05,5.920604e-05,0
5300.0,5305.0,5302.5,2.1440984e-05,0.00010720492,0
5305.0,5310.0,5307.5,1.547337e-05,7.736685e-05,0
5310.0,5315.0,5312.5,1.311965e-05,6.559825e-05,0
5315.0,5320.0,5317.5,1.3138944e-05,6.569472e-05,0
5320.0,5325.0,5322.5,2.1375332e-05,0.00010687666,0
5325.0,5330.0,5327.5,2.3791706e-05,0.00011895853,0
5330.0,5335.0,5332.5,2.026861e-05,0.00010134305,0
5335.0,5340.0,5337.5,1.6664538e-05,8.332269e-05,0
5340.0,5345.0,5342.5,2.0178186e-05,0.00010089093,0
5345.0,5350.0,5347.5,1.7852374e-05,8.926187e-05,0
5350.0,5355.0,5352.5,1.1939382e-05,5.969691e-05,0
5355.0,5360.0,5357.5,1.5470846e-05,7.735423e-05,0
5360.0,5365.0,5362.5,2.0229912e-05,0.00010114956,0
5365.0,5370.0,5367.5,2.2594536e-05,0.00011297268,0
5370.0,5375.0,5372.5,2.3808288e-05,0.00011904144,0
5375.0,5380.0,5377.5,2.375108e-05,0.0001187554,0
5380.0,5385.0,5382.5,1.4257512e-05,7.128756e-05,0
5385.0,5390.0,5387.5,2.1410228e-05,0.00010705114,0
5390.0,5395.0,5392.5,1.3084834e-05,6.542417e-05,0
5395.0,5400.0,5397.5,1.90037e-05,9.50185e-05,0
5400.0,5405.0,5402.5,1.3085946e-05,6.542973e-05,0
5405.0,5410.0,5407.5,1.6693224e-05,8.346612e-05,0
5410.0,5415.0,5412.5,1.4268886e-05,7.134443e-05,0
5415.0,5420.0,5417.5,1.7885422e-05,8.942711e-05,0
5420.0,5425.0,5422.5,1.9045684e-05,9.522842e-05,0
5425.0,5430.0,5427.5,2.260702e-05,0.0001130351,0
5430.0,5435.0,5432.5,1.7834122e-05,8.917061e-05,0
5435.0,5440.0,5437.5,2.2651176e-05,0.00011325588,0
5440.0,5445.0,5442.5,2.74006e-05,0.000137003,0
5445.0,5450.0,5447.5,1.9039748e-05,9.519874e-05,0
5450.0,5455.0,5452.5,1.3080102e-05,6.540051e-05,0
5455.0,5460.0,5457.5,2.7370516e-05,0.00013685258,0
5460.0,5465.0,5462.5,2.382496e-05,0.0001191248,0
5465.0,5470.0,5467.5,1.9092874e-05,9.546437e-05,0
5470.0,5475.0,5472.5,2.0203516e-05,0.00010101758,0
5475.0,5480.0,5477.5,2.379719e-05,0.00011898595,0
5480.0,5485.0,5482.5,2.1414176e-05,0.00010707088,0
5485.0,5490.0,5487.5,2.6180668e-05,0.00013090334,0
5490.0,5495.0,5492.5,1.194159e-05,5.970795e-05,0
5495.0,5500.0,5497.5,1.7828314e-05,8.914157e-05,0
5500.0,5505.0,5502.5,1.423469e-05,7.117345e-05,0
5505.0,5510.0,5507.5,2.2629834e-05,0.00011314917,0
5510.0,5515.0,5512.5,8.331954e-06,4.165977e-05,0
5515.0,5520.0,5517.5,1.9036224e-05,9.518112e-05,0
5520.0,5525.0,5522.5,1.3048528e-05,6.524264e-05,0
5525.0,5530.0,5527.5,1.3048282e-05,6.524141e-05,0
5530.0,5535.0,5532.5,1.4283382e-05,7.141691e-05,0
5535.0,5540.0,5537.5,2.2615144e-05,0.00011307572,0
5540.0,5545.0,5542.5,1.5466756e-05,7.733378e-05,0
5545.0,5550.0,5547.5,2.2592102e-05,0.00011296051,0
5550.0,5555.0,5552.5,1.9052454e-05,9.526227e-05,0
5555.0,5560.0,5557.5,2.2629916e-05,0.00011314958,0
5560.0,5565.0,5562.5,2.0277048e-05,0.00010138524,0
5565.0,5570.0,5567.5,1.3072384e-05,6.536192e-05,0
5570.0,5575.0,5572.5,1.3109266e-05,6.554633e-05,0
5575.0,5580.0,5577.5,2.3780514e-05,0.00011890257,0
5580.0,5585.0,5582.5,1.4273936e-05,7.136968e-05,0
5585.0,5590.0,5587.5,1.663137e-05,8.315685e-05,0
5590.0,5595.0,5592.5,1.309451e-05,6.547255e-05,0
5595.0,5600.0,5597.5,2.2657674e-05,0.00011328837,0
5600.0,5605.0,5602.5,2.1376946e-05,0.00010688473,0
5605.0,5610.0,5607.5,1.5454194e-05,7.727097e-05,0
5610.0,5615.0,5612.5,1.6633356e-05,8.316678e-05,0
5615.0,5620.0,5617.5,1.5459042e-05,7.729521e-05,0
5620.0,5625.0,5622.5,2.2597492e-05,0.00011298746,0
5625.0,5630.0,5627.5,2.258704e-05,0.0001129352,0
5630.0,5635.0,5632.5,2.5031238e-05,0.00012515619,0
5635.0,5640.0,5637.5,8.342508e-06,4.171254e-05,0
5640.0,5645.0,5642.5,1.547635e-05,7.738175e-05,0
5645.0,5650.0,5647.5,2.026921e-05,0.00010134605,0
5650.0,5655.0,5652.5,2.0227968e-05,0.00010113984,0
5655.0,5660.0,5657.5,1.7849496e-05,8.924748e-05,0
5660.0,5665.0,5662.5,1.7878856e-05,8.939428e-05,0
5665.0,5670.0,5667.5,1.6704636e-05,8.352318e-05,0
5670.0,5675.0,5672.5,2.379824e-05,0.0001189912,0
5675.0,5680.0,5677.5,2.4998816e-05,0.00012499408,0
5680.0,5685.0,5682.5,2.852596e-05,0.0001426298,0
5685.0,5690.0,5687.5,2.1390862e-05,0.00010695431,0
5690.0,5695.0,5692.5,3.086379e-05,0.00015431895,0
5695.0,5700.0,5697.5,1.1883346e-05,5.941673e-05,0
5700.0,5705.0,5702.5,1.424781e-05,7.123905e-05,0
5705.0,5710.0,5707.5,2.1439642e-05,0.00010719821,0
5710.0,5715.0,5712.5,2.2581818e-05,0.00011290909,0
5715.0,5720.0,5717.5,1.4328614e-05,7.164307e-05,0
5720.0,5725.0,5722.5,2.5037276e-05,0.00012518638,0
5725.0,5730.0,5727.5,1.5431632e-05,7.715816e-05,0
5730.0,5735.0,5732.5,2.137135e-05,0.00010685675,0
5735.0,5740.0,5737.5,1.191649e-05,5.958245e-05,0
5740.0,5745.0,5742.5,2.1439824e-05,0.00010719912,0
5745.0,5750.0,5747.5,1.9053348e-05,9.526674e-05,0
5750.0,5755.0,5752.5,1.5476036e-05,7.738018e-05,0
5755.0,5760.0,5757.5,1.1928916e-05,5.964458e-05,0
5760.0,5765.0,5762.5,1.1905728e-05,5.952864e-05,0
5765.0,5770.0,5767.5,1.30967e-05,6.54835e-05,0
5770.0,5775.0,5772.5,1.6622668e-05,8.311334e-05,0
5775.0,5780.0,5777.5,1.788146e-05,8.94073e-05,0
5780.0,5785.0,5782.5,8.32266e-06,4.16133e-05,0
5785.0,5790.0,5787.5,1.4294582e-05,7.147291e-05,0
5790.0,5795.0,5792.5,1.6651416e-05,8.325708e-05,0
5795.0,5800.0,5797.5,2.2600822e-05,0.00011300411,0
5800.0,5805.0,5802.5,1.664536e-05,8.32268e-05,0
5805.0,5810.0,5807.5,1.6669362e-05,8.334681e-05,0
5810.0,5815.0,5812.5,1.666112e-05,8.33056e-05,0
5815.0,5820.0,5817.5,1.0698518e-05,5.349259e-05,0
5820.0,5825.0,5822.5,2.8582152e-05,0.00014291076,0
5825.0,5830.0,5827.5,1.4238906e-05,7.119453e-05,0
5830.0,5835.0,5832.5,1.9040178e-05,9.520089e-05,0
5835.0,5840.0,5837.5,1.4318028e-05,7.159014e-05,0
5840.0,5845.0,5842.5,2.3813038e-05,0.00011906519,0
5845.0,5850.0,5847.5,1.5478876e-05,7.739438e-05,0
5850.0,5855.0,5852.5,1.7858606e-05,8.929303e-05,0
5855.0,5860.0,5857.5,1.6670822e-05,8.335411e-05,0
5860.0,5865.0,5862.5,1.5421704e-05,7.710852e-05,0
5865.0,5870.0,5867.5,1.5446716e-05,7.723358e-05,0
5870.0,5875.0,5872.5,1.6642904e-05,8.321452e-05,0
5875.0,5880.0,5877.5,1.5446072e-05,7.723036e-05,0
5880.0,5885.0,5882.5,2.2591566e-05,0.00011295783,0
5885.0,5890.0,5887.5,1.66689e-05,8.33445e-05,0
5890.0,5895.0,5892.5,1.9014116e-05,9.507058e-05,0
5895.0,5900.0,5897.5,1.7858138e-05,8.929069e-05,0
5900.0,5905.0,5902.5,1.9071758e-05,9.535879e-05,0
5905.0,5910.0,5907.5,1.0678664e-05,5.339332e-05,0
5910.0,5915.0,5912.5,2.0199454e-05,0.00010099727,0
5915.0,5920.0,5917.5,1.5436458e-05,7.718229e-05,0
5920.0,5925.0,5922.5,2.3743706e-05,0.00011871853,0
5925.0,5930.0,5927.5,1.6617946e-05,8.308973e-05,0
5930.0,5935.0,5932.5,1.6648998e-05,8.324499e-05,0
5935.0,5940.0,5937.5,1.1921838e-05,5.960919e-05,0
5940.0,5945.0,5942.5,1.4295016e-05,7.147508e-05,0
5945.0,5950.0,5947.5,1.4258354e-05,7.129177e-05,0
5950.0,5955.0,5952.5,1.902729e-05,9.513645e-05,0
5955.0,5960.0,5957.5,1.310291e-05,6.551455e-05,0
5960.0,5965.0,5962.5,1.310462e-05,6.55231e-05,0
5965.0,5970.0,5967.5,1.3090368e-05,6.545184e-05,0
5970.0,5975.0,5972.5,2.2656624e-05,0.00011328312,0
5975.0,5980.0,5977.5,2.0225974e-05,0.00010112987,0
5980.0,5985.0,5982.5,1.7833666e-05,8.916833e-05,0
5985.0,5990.0,5987.5,2.1459824e-05,0.00010729912,0
5990.0,5995.0,5992.5,1.9074742e-05,9.537371e-05,0
5995.0,6000.0,5997.5,2.2639364e-05,0.00011319682,0
6000.0,6005.0,6002.5,1.1908232e-05,5.954116e-05,0
6005.0,6010.0,6007.5,1.8991082e-05,9.495541e-05,0
6010.0,6015.0,6012.5,1.30926e-05,6.5463e-05,0
6015.0,6020.0,6017.5,1.544692e-05,7.72346e-05,0
6020.0,6025.0,6022.5,1.898062e-05,9.49031e-05,0
6025.0,6030.0,6027.5,1.667258e-05,8.33629e-05,0
6030.0,6035.0,6032.5,2.3789842e-05,0.00011894921,0
6035.0,6040.0,6037.5,1.6672228e-05,8.336114e-05,0
6040.0,6045.0,6042.5,1.5429332e-05,7.714666e-05,0
6045.0,6050.0,6047.5,1.4255934e-05,7.127967e-05,0
6050.0,6055.0,6052.5,2.0219988e-05,0.00010109994,0
6055.0,6060.0,6057.5,1.5436698e-05,7.718349e-05,0
6060.0,6065.0,6062.5,1.1910344e-05,5.955172e-05,0
6065.0,6070.0,6067.5,1.0689454e-05,5.344727e-05,0
6070.0,6075.0,6072.5,1.6636054e-05,8.318027e-05,0
6075.0,6080.0,6077.5,1.3093582e-05,6.546791e-05,0
6080.0,6085.0,6082.5,1.422551e-05,7.112755e-05,0
6085.0,6090.0,6087.5,2.2606516e-05,0.00011303258,0
6090.0,6095.0,6092.5,9.53666e-06,4.76833e-05,0
6095.0,6100.0,6097.5,1.1954598e-05,5.977299e-05,0
6100.0,6105.0,6102.5,1.7854962e-05,8.927481e-05,0
6105.0,6110.0,6107.5,2.0229102e-05,0.00010114551,0
6110.0,6115.0,6112.5,1.775775e-05,8.878875e-05,0
6115.0,6120.0,6117.5,2.3836764e-05,0.00011918382,0
6120.0,6125.0,6122.5,1.187889e-05,5.939445e-05,0
6125.0,6130.0,6127.5,2.3763792e-05,0.00011881896,0
6130.0,6135.0,6132.5,1.9030386e-05,9.515193e-05,0
6135.0,6140.0,6137.5,1.9030218e-05,9.515109e-05,0
6140.0,6145.0,6142.5,1.1853346e-05,5.926673e-05,0
6145.0,6150.0,6147.5,2.0186708e-05,0.00010093354,0
6150.0,6155.0,6152.5,1.9013854e-05,9.506927e-05,0
6155.0,6160.0,6157.5,1.0713308e-05,5.356654e-05,0
6160.0,6165.0,6162.5,1.5393406e-05,7.696703e-05,0
6165.0,6170.0,6167.5,1.430175e-05,7.150875e-05,0
6170.0,6175.0,6172.5,1.4358946e-05,7.179473e-05,0
6175.0,6180.0,6177.5,1.6646526e-05,8.323263e-05,0
6180.0,6185.0,6182.5,2.0210382e-05,0.00010105191,0
6185.0,6190.0,6187.5,1.4281042e-05,7.140521e-05,0
6190.0,6195.0,6192.5,2.1423774e-05,0.00010711887,0
6195.0,6200.0,6197.5,1.7826308e-05,8.913154e-05,0
6200.0,6205.0,6202.5,1.781201e-05,8.906005e-05,0
6205.0,6210.0,6207.5,1.5436746e-05,7.718373e-05,0
6210.0,6215.0,6212.5,1.071758e-05,5.35879e-05,0
6215.0,6220.0,6217.5,1.1917084e-05,5.958542e-05,0
6220.0,6225.0,6222.5,1.1896022e-05,5.948011e-05,0
6225.0,6230.0,6227.5,2.024237e-05,0.00010121185,0
6230.0,6235.0,6232.5,1.5474252e-05,7.737126e-05,0
6235.0,6240.0,6237.5,2.2673256e-05,0.00011336628,0
6240.0,6245.0,6242.5,2.1378672e-05,0.00010689336,0
6245.0,6250.0,6247.5,1.786524e-05,8.93262e-05,0
6250.0,6255.0,6252.5,1.667687e-05,8.338435e-05,0
6255.0,6260.0,6257.5,1.7827214e-05,8.913607e-05,0
6260.0,6265.0,6262.5,2.4937412e-05,0.00012468706,0
6265.0,6270.0,6267.5,1.3031388e-05,6.515694e-05,0
6270.0,6275.0,6272.5,2.0214926e-05,0.00010107463,0
6275.0,6280.0,6277.5,1.6610388e-05,8.305194e-05,0
6280.0,6285.0,6282.5,1.7866708e-05,8.933354e-05,0
6285.0,6290.0,6287.5,1.7852028e-05,8.926014e-05,0
6290.0,6295.0,6292.5,1.306747e-05,6.533735e-05,0
6295.0,6300.0,6297.5,1.1909012e-05,5.954506e-05,0
6300.0,6305.0,6302.5,1.4299258e-05,7.149629e-05,0
6305.0,6310.0,6307.5,1.782052e-05,8.91026e-05,0
6310.0,6315.0,6312.5,2.7317064e-05,0.00013658532,0
6315.0,6320.0,6317.5,1.7831872e-05,8.915936e-05,0
6320.0,6325.0,6322.5,1.9037934e-05,9.518967e-05,0
6325.0,6330.0,6327.5,1.3099308e-05,6.549654e-05,0
6330.0,6335.0,6332.5,2.1386566e-05,0.00010693283,0
6335.0,6340.0,6337.5,2.146837e-05,0.00010734185,0
6340.0,6345.0,6342.5,1.6650808e-05,8.325404e-05,0
6345.0,6350.0,6347.5,1.6649372e-05,8.324686e-05,0
6350.0,6355.0,6352.5,1.1867036e-05,5.933518e-05,0
6355.0,6360.0,6357.5,1.4292492e-05,7.146246e-05,0
6360.0,6365.0,6362.5,1.5484234e-05,7.742117e-05,0
6365.0,6370.0,6367.5,1.6643442e-05,8.321721e-05,0
6370.0,6375.0,6372.5,2.3789036e-05,0.00011894518,0
6375.0,6380.0,6377.5,1.3081304e-05,6.540652e-05,0
6380.0,6385.0,6382.5,2.6161636e-05,0.00013080818,0
6385.0,6390.0,6387.5,1.779184e-05,8.89592e-05,0
6390.0,6395.0,6392.5,1.5476526e-05,7.738263e-05,0
6395.0,6400.0,6397.5,1.7848672e-05,8.924336e-05,0
6400.0,6405.0,6402.5,2.258422e-05,0.0001129211,0
6405.0,6410.0,6407.5,2.499142e-05,0.0001249571,0
6410.0,6415.0,6412.5,1.540786e-05,7.70393e-05,0
6415.0,6420.0,6417.5,1.5498532e-05,7.749266e-05,0
6420.0,6425.0,6422.5,1.6681186e-05,8.340593e-05,0
6425.0,6430.0,6427.5,1.6701086e-05,8.350543e-05,0
6430.0,6435.0,6432.5,1.788422e-05,8.94211e-05,0
6435.0,6440.0,6437.5,1.071705e-05,5.358525e-05,0
6440.0,6445.0,6442.5,1.663208e-05,8.31604e-05,0
6445.0,6450.0,6447.5,1.1876482e-05,5.938241e-05,0
6450.0,6455.0,6452.5,1.1922802e-05,5.961401e-05,0
6455.0,6460.0,6457.5,1.5449382e-05,7.724691e-05,0
6460.0,6465.0,6462.5,2.4918528e-05,0.00012459264,0
6465.0,6470.0,6467.5,2.499963e-05,0.00012499815,0
6470.0,6475.0,6472.5,1.1910806e-05,5.955403e-05,0
6475.0,6480.0,6477.5,1.7849054e-05,8.924527e-05,0
6480.0,6485.0,6482.5,1.4290228e-05,7.145114e-05,0
6485.0,6490.0,6487.5,1.7839444e-05,8.919722e-05,0
6490.0,6495.0,6492.5,1.4244764e-05,7.122382e-05,0
6495.0,6500.0,6497.5,1.4297354e-05,7.148677e-05,0
6500.0,6505.0,6502.5,1.5467936e-05,7.733968e-05,0
6505.0,6510.0,6507.5,1.3118414e-05,6.559207e-05,0
6510.0,6515.0,6512.5,1.1873886e-05,5.936943e-05,0
6515.0,6520.0,6517.5,2.1446624e-05,0.00010723312,0
6520.0,6525.0,6522.5,1.3060974e-05,6.530487e-05,0
6525.0,6530.0,6527.5,1.665635e-05,8.328175e-05,0
6530.0,6535.0,6532.5,1.1878832e-05,5.939416e-05,0
6535.0,6540.0,6537.5,1.9063942e-05,9.531971e-05,0
6540.0,6545.0,6542.5,1.4283524e-05,7.141762e-05,0
6545.0,6550.0,6547.5,9.503334e-06,4.751667e-05,0
6550.0,6555.0,6552.5,2.018268e-05,0.0001009134,0
6555.0,6560.0,6557.5,1.7881488e-05,8.940744e-05,0
6560.0,6565.0,6562.5,2.0263134e-05,0.00010131567,0
6565.0,6570.0,6567.5,1.188216e-05,5.94108e-05,0
6570.0,6575.0,6572.5,1.9042516e-05,9.521258e-05,0
6575.0,6580.0,6577.5,2.0231652e-05,0.00010115826,0
6580.0,6585.0,6582.5,1.072858e-05,5.36429e-05,0
6585.0,6590.0,6587.5,1.7875424e-05,8.937712e-05,0
6590.0,6595.0,6592.5,1.7840718e-05,8.920359e-05,0
6595.0,6600.0,6597.5,2.3799344e-05,0.00011899672,0
6600.0,6605.0,6602.5,1.4277612e-05,7.138806e-05,0
6605.0,6610.0,6607.5,1.1859376e-05,5.929688e-05,0
6610.0,6615.0,6612.5,2.1403356e-05,0.00010701678,0
6615.0,6620.0,6617.5,1.5469676e-05,7.734838e-05,0
6620.0,6625.0,6622.5,1.4257584e-05,7.128792e-05,0
6625.0,6630.0,6627.5,1.189955e-05,5.949775e-05,0
6630.0,6635.0,6632.5,1.6624828e-05,8.312414e-05,0
6635.0,6640.0,6637.5,1.5457522e-05,7.728761e-05,0
6640.0,6645.0,6642.5,1.9028684e-05,9.514342e-05,0
6645.0,6650.0,6647.5,1.7870792e-05,8.935396e-05,0
6650.0,6655.0,6652.5,1.3094296e-05,6.547148e-05,0
6655.0,6660.0,6657.5,1.3062118e-05,6.531059e-05,0
6660.0,6665.0,6662.5,1.4309488e-05,7.154744e-05,0
6665.0,6670.0,6667.5,1.192396e-05,5.96198e-05,0
6670.0,6675.0,6672.5,1.4252438e-05,7.126219e-05,0
6675.0,6680.0,6677.5,1.6584626e-05,8.292313e-05,0
6680.0,6685.0,6682.5,2.6168284e-05,0.00013084142,0
6685.0,6690.0,6687.5,2.2617424e-05,0.00011308712,0
6690.0,6695.0,6692.5,1.3072874e-05,6.536437e-05,0
6695.0,6700.0,6697.5,2.1412402e-05,0.00010706201,0
6700.0,6705.0,6702.5,1.425658e-05,7.12829e-05,0
6705.0,6710.0,6707.5,1.7852968e-05,8.926484e-05,0
6710.0,6715.0,6712.5,1.666749e-05,8.333745e-05,0
6715.0,6720.0,6717.5,1.307331e-05,6.536655e-05,0
6720.0,6725.0,6722.5,5.944032e-06,2.972016e-05,0
6725.0,6730.0,6727.5,1.4273664e-05,7.136832e-05,0
6730.0,6735.0,6732.5,1.1901806e-05,5.950903e-05,0
6735.0,6740.0,6737.5,1.661921e-05,8.309605e-05,0
6740.0,6745.0,6742.5,1.1902142e-05,5.951071e-05,0
6745.0,6750.0,6747.5,1.3034776e-05,6.517388e-05,0
6750.0,6755.0,6752.5,1.9073388e-05,9.536694e-05,0
6755.0,6760.0,6757.5,1.9070874e-05,9.535437e-05,0
6760.0,6765.0,6762.5,1.664784e-05,8.32392e-05,0
6765.0,6770.0,6767.5,1.3092166e-05,6.546083e-05,0
6770.0,6775.0,6772.5,1.548503e-05,7.742515e-05,0
6775.0,6780.0,6777.5,1.3123002e-05,6.561501e-05,0
6780.0,6785.0,6782.5,1.0684342e-05,5.342171e-05,0
6785.0,6790.0,6787.5,1.9054416e-05,9.527208e-05,0
6790.0,6795.0,6792.5,9.519282e-06,4.759641e-05,0
6795.0,6800.0,6797.5,1.189813e-05,5.949065e-05,0
6800.0,6805.0,6802.5,1.5465346e-05,7.732673e-05,0
6805.0,6810.0,6807.5,1.5479676e-05,7.739838e-05,0
6810.0,6815.0,6812.5,1.5461354e-05,7.730677e-05,0
6815.0,6820.0,6817.5,1.7858e-05,8.929e-05,0
6820.0,6825.0,6822.5,1.9035956e-05,9.517978e-05,0
6825.0,6830.0,6827.5,1.308458e-05,6.54229e-05,0
6830.0,6835.0,6832.5,4.764544e-06,2.382272e-05,0
6835.0,6840.0,6837.5,1.4282644e-05,7.141322e-05,0
6840.0,6845.0,6842.5,1.5423576e-05,7.711788e-05,0
6845.0,6850.0,6847.5,1.7892996e-05,8.946498e-05,0
6850.0,6855.0,6852.5,7.178816e-06,3.589408e-05,0
6855.0,6860.0,6857.5,1.3055408e-05,6.527704e-05,0
6860.0,6865.0,6862.5,1.4249828e-05,7.124914e-05,0
6865.0,6870.0,6867.5,1.3093832e-05,6.546916e-05,0
6870.0,6875.0,6872.5,1.542064e-05,7.71032e-05,0
6875.0,6880.0,6877.5,1.7832608e-05,8.916304e-05,0
6880.0,6885.0,6882.5,2.1406024e-05,0.00010703012,0
6885.0,6890.0,6887.5,1.4268766e-05,7.134383e-05,0
6890.0,6895.0,6892.5,1.7863842e-05,8.931921e-05,0
6895.0,6900.0,6897.5,8.334164e-06,4.167082e-05,0
6900.0,6905.0,6902.5,1.0674736e-05,5.337368e-05,0
6905.0,6910.0,6907.5,1.9041996e-05,9.520998e-05,0
6910.0,6915.0,6912.5,2.255415e-05,0.00011277075,0
6915.0,6920.0,6917.5,1.4263592e-05,7.131796e-05,0
6920.0,6925.0,6922.5,1.7858696e-05,8.929348e-05,0
6925.0,6930.0,6927.5,1.5444166e-05,7.722083e-05,0
6930.0,6935.0,6932.5,1.66445e-05,8.32225e-05,0
6935.0,6940.0,6937.5,1.0715344e-05,5.357672e-05,0
6940.0,6945.0,6942.5,9.498304e-06,4.749152e-05,0
6945.0,6950.0,6947.5,1.309122e-05,6.54561e-05,0
6950.0,6955.0,6952.5,1.3082426e-05,6.541213e-05,0
6955.0,6960.0,6957.5,1.1885736e-05,5.942868e-05,0
6960.0,6965.0,6962.5,1.4288176e-05,7.144088e-05,0
6965.0,6970.0,6967.5,1.666612e-05,8.33306e-05,0
6970.0,6975.0,6972.5,1.5475412e-05,7.737706e-05,0
6975.0,6980.0,6977.5,9.56698e-06,4.78349e-05,0
6980.0,6985.0,6982.5,1.4275052e-05,7.137526e-05,0
6985.0,6990.0,6987.5,1.6626656e-05,8.313328e-05,0
6990.0,6995.0,6992.5,9.524202e-06,4.762101e-05,0
6995.0,7000.0,6997.5,1.4264418e-05,7.132209e-05,0
7000.0,7005.0,7002.5,1.6665002e-05,8.332501e-05,0
7005.0,7010.0,7007.5,1.3121282e-05,6.560641e-05,0
7010.0,7015.0,7012.5,1.1906556e-05,5.953278e-05,0
7015.0,7020.0,7017.5,1.30976e-05,6.5488e-05,0
7020.0,7025.0,7022.5,1.547424e-05,7.73712e-05,0
7025.0,7030.0,7027.5,2.1352222e-05,0.00010676111,0
7030.0,7035.0,7032.5,2.2627198e-05,0.00011313599,0
7035.0,7040.0,7037.5,1.3061166e-05,6.530583e-05,0
7040.0,7045.0,7042.5,2.2577084e-05,0.00011288542,0
7045.0,7050.0,7047.5,2.3781264e-05,0.00011890632,0
7050.0,7055.0,7052.5,1.1874374e-05,5.937187e-05,0
7055.0,7060.0,7057.5,1.0720806e-05,5.360403e-05,0
7060.0,7065.0,7062.5,1.1895024e-05,5.947512e-05,0
7065.0,7070.0,7067.5,2.0256648e-05,0.00010128324,0
7070.0,7075.0,7072.5,1.7860456e-05,8.930228e-05,0
7075.0,7080.0,7077.5,1.0748644e-05,5.374322e-05,0
7080.0,7085.0,7082.5,1.7822764e-05,8.911382e-05,0
7085.0,7090.0,7087.5,1.906184e-05,9.53092e-05,0
7090.0,7095.0,7092.5,1.3103208e-05,6.551604e-05,0
7095.0,7100.0,7097.5,2.027073e-05,0.00010135365,0
7100.0,7105.0,7102.5,9.490162e-06,4.745081e-05,0
7105.0,7110.0,7107.5,1.545615e-05,7.728075e-05,0
7110.0,7115.0,7112.5,2.4982548e-05,0.00012491274,0
7115.0,7120.0,7117.5,1.5460676e-05,7.730338e-05,0
7120.0,7125.0,7122.5,8.299906e-06,4.149953e-05,0
7125.0,7130.0,7127.5,1.0635512e-05,5.317756e-05,0
7130.0,7135.0,7132.5,1.4275072e-05,7.137536e-05,0
7135.0,7140.0,7137.5,8.35994e-06,4.17997e-05,0
7140.0,7145.0,7142.5,3.214946e-05,0.0001607473,0
7145.0,7150.0,7147.5,1.0724034e-05,5.362017e-05,0
7150.0,7155.0,7152.5,1.3090956e-05,6.545478e-05,0
7155.0,7160.0,7157.5,2.0264202e-05,0.00010132101,0
7160.0,7165.0,7162.5,1.549856e-05,7.74928e-05,0
7165.0,7170.0,7167.5,1.66394e-05,8.3197e-05,0
7170.0,7175.0,7172.5,1.4260638e-05,7.130319e-05,0
7175.0,7180.0,7177.5,2.6122708e-05,0.00013061354,0
7180.0,7185.0,7182.5,1.5468154e-05,7.734077e-05,0
7185.0,7190.0,7187.5,1.1915196e-05,5.957598e-05,0
7190.0,7195.0,7192.5,1.1888184e-05,5.944092e-05,0
7195.0,7200.0,7197.5,1.0701924e-05,5.350962e-05,0
7200.0,7205.0,7202.5,1.9107168e-05,9.553584e-05,0
7205.0,7210.0,7207.5,1.3093446e-05,6.546723e-05,0
7210.0,7215.0,7212.5,1.6605304e-05,8.302652e-05,0
7215.0,7220.0,7217.5,1.3086364e-05,6.543182e-05,0
7220.0,7225.0,7222.5,1.8994108e-05,9.497054e-05,0
7225.0,7230.0,7227.5,1.3064236e-05,6.532118e-05,0
7230.0,7235.0,7232.5,2.4981698e-05,0.00012490849,0
7235.0,7240.0,7237.5,8.298052e-06,4.149026e-05,0
7240.0,7245.0,7242.5,1.5509892e-05,7.754946e-05,0
7245.0,7250.0,7247.5,1.188064e-05,5.94032e-05,0
7250.0,7255.0,7252.5,2.143107e-05,0.00010715535,0
7255.0,7260.0,7257.5,2.145669e-05,0.00010728345,0
7260.0,7265.0,7262.5,1.3039888e-05,6.519944e-05,0
7265.0,7270.0,7267.5,1.6670294e-05,8.335147e-05,0
7270.0,7275.0,7272.5,1.3105156e-05,6.552578e-05,0
7275.0,7280.0,7277.5,1.7838588e-05,8.919294e-05,0
7280.0,7285.0,7282.5,1.1886556e-05,5.943278e-05,0
7285.0,7290.0,7287.5,1.7901818e-05,8.950909e-05,0
7290.0,7295.0,7292.5,1.191858e-05,5.95929e-05,0
7295.0,7300.0,7297.5,1.1872776e-05,5.936388e-05,0
7300.0,7305.0,7302.5,1.4259826e-05,7.129913e-05,0
7305.0,7310.0,7307.5,2.6131464e-05,0.00013065732,0
7310.0,7315.0,7312.5,1.4263894e-05,7.131947e-05,0
7315.0,7320.0,7317.5,1.66956e-05,8.3478e-05,0
7320.0,7325.0,7322.5,1.5476568e-05,7.738284e-05,0
7325.0,7330.0,7327.5,1.3096272e-05,6.548136e-05,0
7330.0,7335.0,7332.5,1.1876094e-05,5.938047e-05,0
7335.0,7340.0,7337.5,1.665564e-05,8.32782e-05,0
7340.0,7345.0,7342.5,1.069626e-05,5.34813e-05,0
7345.0,7350.0,7347.5,1.547147e-05,7.735735e-05,0
7350.0,7355.0,7352.5,1.5505502e-05,7.752751e-05,0
7355.0,7360.0,7357.5,1.785388e-05,8.92694e-05,0
7360.0,7365.0,7362.5,2.2584624e-05,0.00011292312,0
7365.0,7370.0,7367.5,1.1888236e-05,5.944118e-05,0
7370.0,7375.0,7372.5,1.07174e-05,5.3587e-05,0
7375.0,7380.0,7377.5,1.1926794e-05,5.963397e-05,0
7380.0,7385.0,7382.5,1.9036154e-05,9.518077e-05,0
7385.0,7390.0,7387.5,1.4251126e-05,7.125563e-05,0
7390.0,7395.0,7392.5,1.6651658e-05,8.325829e-05,0
7395.0,7400.0,7397.5,2.380511e-05,0.00011902555,0
7400.0,7405.0,7402.5,1.9058578e-05,9.529289e-05,0
7405.0,7410.0,7407.5,1.9024818e-05,9.512409e-05,0
7410.0,7415.0,7412.5,2.1415422e-05,0.00010707711,0
7415.0,7420.0,7417.5,1.0730082e-05,5.365041e-05,0
7420.0,7425.0,7422.5,9.510694e-06,4.755347e-05,0
7425.0,7430.0,7427.5,1.5506852e-05,7.753426e-05,0
7430.0,7435.0,7432.5,1.3079586e-05,6.539793e-05,0
7435.0,7440.0,7437.5,1.6655582e-05,8.327791e-05,0
7440.0,7445.0,7442.5,1.661565e-05,8.307825e-05,0
7445.0,7450.0,7447.5,1.4283462e-05,7.141731e-05,0
7450.0,7455.0,7452.5,9.508394e-06,4.754197e-05,0
7455.0,7460.0,7457.5,2.3780362e-05,0.00011890181,0
7460.0,7465.0,7462.5,1.1888568e-05,5.944284e-05,0
7465.0,7470.0,7467.5,1.0716694e-05,5.358347e-05,0
7470.0,7475.0,7472.5,1.541778e-05,7.70889e-05,0
7475.0,7480.0,7477.5,1.0729124e-05,5.364562e-05,0
7480.0,7485.0,7482.5,1.5452308e-05,7.726154e-05,0
7485.0,7490.0,7487.5,1.3133924e-05,6.566962e-05,0
7490.0,7495.0,7492.5,1.3103726e-05,6.551863e-05,0
7495.0,7500.0,7497.5,1.428686e-05,7.14343e-05,0
7500.0,7505.0,7502.5,1.5474544e-05,7.737272e-05,0
7505.0,7510.0,7507.5,9.522872e-06,4.761436e-05,0
7510.0,7515.0,7512.5,1.5499384e-05,7.749692e-05,0
7515.0,7520.0,7517.5,1.6625804e-05,8.312902e-05,0
7520.0,7525.0,7522.5,1.6651378e-05,8.325689e-05,0
7525.0,7530.0,7527.5,1.7860434e-05,8.930217e-05,0
7530.0,7535.0,7532.5,8.302906e-06,4.151453e-05,0
7535.0,7540.0,7537.5,1.6624066e-05,8.312033e-05,0
7540.0,7545.0,7542.5,1.3058174e-05,6.529087e-05,0
7545.0,7550.0,7547.5,2.2618668e-05,0.00011309334,0
7550.0,7555.0,7552.5,2.02057e-05,0.0001010285,0
7555.0,7560.0,7557.5,1.4269944e-05,7.134972e-05,0
7560.0,7565.0,7562.5,2.018181e-05,0.00010090905,0
7565.0,7570.0,7567.5,1.429632e-05,7.14816e-05,0
7570.0,7575.0,7572.5,1.1894624e-05,5.947312e-05,0
7575.0,7580.0,7577.5,9.551894e-06,4.775947e-05,0
7580.0,7585.0,7582.5,1.5434786e-05,7.717393e-05,0
7585.0,7590.0,7587.5,1.7871958e-05,8.935979e-05,0
7590.0,7595.0,7592.5,7.166454e-06,3.583227e-05,0
7595.0,7600.0,7597.5,1.9025528e-05,9.512764e-05,0
7600.0,7605.0,7602.5,1.5493664e-05,7.746832e-05,0
7605.0,7610.0,7607.5,8.30689e-06,4.153445e-05,0
7610.0,7615.0,7612.5,1.6645214e-05,8.322607e-05,0
7615.0,7620.0,7617.5,2.2545192e-05,0.00011272596,0
7620.0,7625.0,7622.5,2.4970876e-05,0.00012485438,0
7625.0,7630.0,7627.5,1.9029806e-05,9.514903e-05,0
7630.0,7635.0,7632.5,1.7860118e-05,8.930059e-05,0
7635.0,7640.0,7637.5,1.0734106e-05,5.367053e-05,0
7640.0,7645.0,7642.5,1.7815008e-05,8.907504e-05,0
7645.0,7650.0,7647.5,9.5336e-06,4.7668e-05,0
7650.0,7655.0,7652.5,1.5496714e-05,7.748357e-05,0
7655.0,7660.0,7657.5,1.9024988e-05,9.512494e-05,0
7660.0,7665.0,7662.5,1.54807e-05,7.74035e-05,0
7665.0,7670.0,7667.5,1.4289194e-05,7.144597e-05,0
7670.0,7675.0,7672.5,1.1860862e-05,5.930431e-05,0
7675.0,7680.0,7677.5,2.1454374e-05,0.00010727187,0
7680.0,7685.0,7682.5,1.4255434e-05,7.127717e-05,0
7685.0,7690.0,7687.5,1.5510152e-05,7.755076e-05,0
7690.0,7695.0,7692.5,1.1906756e-05,5.953378e-05,0
7695.0,7700.0,7697.5,1.7797308e-05,8.898654e-05,0
7700.0,7705.0,7702.5,1.5453936e-05,7.726968e-05,0
7705.0,7710.0,7707.5,1.7865142e-05,8.932571e-05,0
7710.0,7715.0,7712.5,1.5445546e-05,7.722773e-05,0
7715.0,7720.0,7717.5,2.2606166e-05,0.00011303083,0
7720.0,7725.0,7722.5,1.1911664e-05,5.955832e-05,0
7725.0,7730.0,7727.5,1.1870126e-05,5.935063e-05,0
7730.0,7735.0,7732.5,1.4308304e-05,7.154152e-05,0
7735.0,7740.0,7737.5,1.188902e-05,5.94451e-05,0
7740.0,7745.0,7742.5,1.4236034e-05,7.118017e-05,0
7745.0,7750.0,7747.5,1.4216902e-05,7.108451e-05,0
7750.0,7755.0,7752.5,1.6655392e-05,8.327696e-05,0
7755.0,7760.0,7757.5,9.510734e-06,4.755367e-05,0
7760.0,7765.0,7762.5,5.942152e-06,2.971076e-05,0
7765.0,7770.0,7767.5,1.1914486e-05,5.957243e-05,0
7770.0,7775.0,7772.5,8.3327e-06,4.16635e-05,0
7775.0,7780.0,7777.5,8.307096e-06,4.153548e-05,0
7780.0,7785.0,7782.5,1.3111e-05,6.5555e-05,0
7785.0,7790.0,7787.5,3.571034e-06,1.785517e-05,0
7790.0,7795.0,7792.5,1.1862214e-05,5.931107e-05,0
7795.0,7800.0,7797.5,1.307691e-05,6.538455e-05,0
7800.0,7805.0,7802.5,1.3125348e-05,6.562674e-05,0
7805.0,7810.0,7807.5,5.956364e-06,2.978182e-05,0
7810.0,7815.0,7812.5,9.496966e-06,4.748483e-05,0
7815.0,7820.0,7817.5,1.5489252e-05,7.744626e-05,0
7820.0,7825.0,7822.5,1.1917542e-05,5.958771e-05,0
7825.0,7830.0,7827.5,1.3053726e-05,6.526863e-05,0
7830.0,7835.0,7832.5,1.0689726e-05,5.344863e-05,0
7835.0,7840.0,7837.5,1.3104262e-05,6.552131e-05,0
7840.0,7845.0,7842.5,1.1873956e-05,5.936978e-05,0
7845.0,7850.0,7847.5,1.7848234e-05,8.924117e-05,0
7850.0,7855.0,7852.5,2.1393228e-05,0.00010696614,0
7855.0,7860.0,7857.5,7.115348e-06,3.557674e-05,0
7860.0,7865.0,7862.5,2.019522e-05,0.0001009761,0
7865.0,7870.0,7867.5,1.5453688e-05,7.726844e-05,0
7870.0,7875.0,7872.5,1.785643e-05,8.928215e-05,0
7875.0,7880.0,7877.5,1.1883128e-05,5.941564e-05,0
7880.0,7885.0,7882.5,1.9026072e-05,9.513036e-05,0
7885.0,7890.0,7887.5,2.139024e-05,0.0001069512,0
7890.0,7895.0,7892.5,1.4238172e-05,7.119086e-05,0
7895.0,7900.0,7897.5,1.1933158e-05,5.966579e-05,0
7900.0,7905.0,7902.5,1.4271356e-05,7.135678e-05,0
7905.0,7910.0,7907.5,2.0233196e-05,0.00010116598,0
7910.0,7915.0,7912.5,4.745152e-06,2.372576e-05,0
7915.0,7920.0,7917.5,1.3082944e-05,6.541472e-05,0
7920.0,7925.0,7922.5,1.3103308e-05,6.551654e-05,0
7925.0,7930.0,7927.5,7.10762e-06,3.55381e-05,0
7930.0,7935.0,7932.5,1.30506e-05,6.5253e-05,0
7935.0,7940.0,7937.5,1.187758e-05,5.93879e-05,0
7940.0,7945.0,7942.5,1.073185e-05,5.365925e-05,0
7945.0,7950.0,7947.5,1.188112e-05,5.94056e-05,0
7950.0,7955.0,7952.5,1.6709488e-05,8.354744e-05,0
7955.0,7960.0,7957.5,8.330682e-06,4.165341e-05,0
7960.0,7965.0,7962.5,9.520788e-06,4.760394e-05,0
7965.0,7970.0,7967.5,1.9100014e-05,9.550007e-05,0
7970.0,7975.0,7972.5,1.5463892e-05,7.731946e-05,0
7975.0,7980.0,7977.5,2.2633996e-05,0.00011316998,0
7980.0,7985.0,7982.5,1.069699e-05,5.348495e-05,0
7985.0,7990.0,7987.5,1.070262e-05,5.35131e-05,0
7990.0,7995.0,7992.5,1.0708488e-05,5.354244e-05,0
7995.0,8000.0,7997.5,2.0223534e-05,0.00010111767,0
8000.0,8005.0,8002.5,1.7854632e-05,8.927316e-05,0
8005.0,8010.0,8007.5,1.6627554e-05,8.313777e-05,0
8010.0,8015.0,8012.5,9.538186e-06,4.769093e-05,0
8015.0,8020.0,8017.5,1.4259836e-05,7.129918e-05,0
8020.0,8025.0,8022.5,2.0211752e-05,0.00010105876,0
8025.0,8030.0,8027.5,1.54953e-05,7.74765e-05,0
8030.0,8035.0,8032.5,1.4276956e-05,7.138478e-05,0
8035.0,8040.0,8037.5,1.3110088e-05,6.555044e-05,0
8040.0,8045.0,8042.5,1.184938e-05,5.92469e-05,0
8045.0,8050.0,8047.5,4.756532e-06,2.378266e-05,0
8050.0,8055.0,8052.5,1.668916e-05,8.34458e-05,0
8055.0,8060.0,8057.5,1.3130658e-05,6.565329e-05,0
8060.0,8065.0,8062.5,1.3068914e-05,6.534457e-05,0
8065.0,8070.0,8067.5,1.6680568e-05,8.340284e-05,0
8070.0,8075.0,8072.5,1.9013822e-05,9.506911e-05,0
8075.0,8080.0,8077.5,1.7849896e-05,8.924948e-05,0
8080.0,8085.0,8082.5,8.320112e-06,4.160056e-05,0
8085.0,8090.0,8087.5,1.7864538e-05,8.932269e-05,0
8090.0,8095.0,8092.5,1.3053964e-05,6.526982e-05,0
8095.0,8100.0,8097.5,9.555544e-06,4.777772e-05,0
8100.0,8105.0,8102.5,1.899608e-05,9.49804e-05,0
8105.0,8110.0,8107.5,1.4301104e-05,7.150552e-05,0
8110.0,8115.0,8112.5,1.308149e-05,6.540745e-05,0
8115.0,8120.0,8117.5,1.3081954e-05,6.540977e-05,0
8120.0,8125.0,8122.5,1.6645146e-05,8.322573e-05,0
8125.0,8130.0,8127.5,1.9000666e-05,9.500333e-05,0
8130.0,8135.0,8132.5,1.0716242e-05,5.358121e-05,0
8135.0,8140.0,8137.5,2.0206536e-05,0.00010103268,0
8140.0,8145.0,8142.5,9.530976e-06,4.765488e-05,0
8145.0,8150.0,8147.5,1.4296188e-05,7.148094e-05,0
8150.0,8155.0,8152.5,1.3076804e-05,6.538402e-05,0
8155.0,8160.0,8157.5,1.5481258e-05,7.740629e-05,0
8160.0,8165.0,8162.5,1.7847154e-05,8.923577e-05,0
8165.0,8170.0,8167.5,1.1955484e-05,5.977742e-05,0
8170.0,8175.0,8172.5,1.6618648e-05,8.309324e-05,0
8175.0,8180.0,8177.5,1.0711998e-05,5.355999e-05,0
8180.0,8185.0,8182.5,8.273672e-06,4.136836e-05,0
8185.0,8190.0,8187.5,8.334846e-06,4.167423e-05,0
8190.0,8195.0,8192.5,8.340366e-06,4.170183e-05,0
8195.0,8200.0,8197.5,1.3083592e-05,6.541796e-05,0
8200.0,8205.0,8202.5,1.5463178e-05,7.731589e-05,0
8205.0,8210.0,8207.5,2.0207176e-05,0.00010103588,0
8210.0,8215.0,8212.5,2.6168282e-05,0.00013084141,0
8215.0,8220.0,8217.5,8.358104e-06,4.179052e-05,0
8220.0,8225.0,8222.5,1.7830402e-05,8.915201e-05,0
8225.0,8230.0,8227.5,8.313606e-06,4.156803e-05,0
8230.0,8235.0,8232.5,1.7904402e-05,8.952201e-05,0
8235.0,8240.0,8237.5,9.536388e-06,4.768194e-05,0
8240.0,8245.0,8242.5,1.0731286e-05,5.365643e-05,0
8245.0,8250.0,8247.5,8.299724e-06,4.149862e-05,0
8250.0,8255.0,8252.5,1.7842064e-05,8.921032e-05,0
8255.0,8260.0,8257.5,1.6668508e-05,8.334254e-05,0
8260.0,8265.0,8262.5,1.7809292e-05,8.904646e-05,0
8265.0,8270.0,8267.5,1.4254794e-05,7.127397e-05,0
8270.0,8275.0,8272.5,1.5461308e-05,7.730654e-05,0
8275.0,8280.0,8277.5,1.899993e-05,9.499965e-05,0
8280.0,8285.0,8282.5,1.4222614e-05,7.111307e-05,0
8285.0,8290.0,8287.5,1.306959e-05,6.534795e-05,0
8290.0,8295.0,8292.5,2.1378064e-05,0.00010689032,0
8295.0,8300.0,8297.5,1.6666748e-05,8.333374e-05,0
8300.0,8305.0,8302.5,1.5491934e-05,7.745967e-05,0
8305.0,8310.0,8307.5,1.430851e-05,7.154255e-05,0
8310.0,8315.0,8312.5,1.899244e-05,9.49622e-05,0
8315.0,8320.0,8317.5,1.3073038e-05,6.536519e-05,0
8320.0,8325.0,8322.5,1.3108152e-05,6.554076e-05,0
8325.0,8330.0,8327.5,5.977776e-06,2.988888e-05,0
8330.0,8335.0,8332.5,4.779616e-06,2.389808e-05,0
8335.0,8340.0,8337.5,2.2566828e-05,0.00011283414,0
8340.0,8345.0,8342.5,9.511928e-06,4.755964e-05,0
8345.0,8350.0,8347.5,1.4235908e-05,7.117954e-05,0
8350.0,8355.0,8352.5,1.187561e-05,5.937805e-05,0
8355.0,8360.0,8357.5,8.324e-06,4.162e-05,0
8360.0,8365.0,8362.5,5.968468e-06,2.984234e-05,0
8365.0,8370.0,8367.5,1.426507e-05,7.132535e-05,0
8370.0,8375.0,8372.5,5.932514e-06,2.966257e-05,0
8375.0,8380.0,8377.5,1.1926314e-05,5.963157e-05,0
8380.0,8385.0,8382.5,1.3085026e-05,6.542513e-05,0
8385.0,8390.0,8387.5,1.0694396e-05,5.347198e-05,0
8390.0,8395.0,8392.5,8.339566e-06,4.169783e-05,0
8395.0,8400.0,8397.5,1.4346154e-05,7.173077e-05,0
8400.0,8405.0,8402.5,1.4307144e-05,7.153572e-05,0
8405.0,8410.0,8407.5,2.6188666e-05,0.00013094333,0
8410.0,8415.0,8412.5,1.305211e-05,6.526055e-05,0
8415.0,8420.0,8417.5,1.4263908e-05,7.131954e-05,0
8420.0,8425.0,8422.5,1.6664568e-05,8.332284e-05,0
8425.0,8430.0,8427.5,1.0693924e-05,5.346962e-05,0
8430.0,8435.0,8432.5,8.31893e-06,4.159465e-05,0
8435.0,8440.0,8437.5,1.4266364e-05,7.133182e-05,0
8440.0,8445.0,8442.5,1.4294564e-05,7.147282e-05,0
8445.0,8450.0,8447.5,1.185769e-05,5.928845e-05,0
8450.0,8455.0,8452.5,1.0685586e-05,5.342793e-05,0
8455.0,8460.0,8457.5,1.4322404e-05,7.161202e-05,0
8460.0,8465.0,8462.5,1.784967e-05,8.924835e-05,0
8465.0,8470.0,8467.5,4.755306e-06,2.377653e-05,0
8470.0,8475.0,8472.5,1.8990388e-05,9.495194e-05,0
8475.0,8480.0,8477.5,1.3064126e-05,6.532063e-05,0
8480.0,8485.0,8482.5,1.6639924e-05,8.319962e-05,0
8485.0,8490.0,8487.5,1.5454046e-05,7.727023e-05,0
8490.0,8495.0,8492.5,1.3043198e-05,6.521599e-05,0
8495.0,8500.0,8497.5,1.7805858e-05,8.902929e-05,0
8500.0,8505.0,8502.5,1.5459932e-05,7.729966e-05,0
8505.0,8510.0,8507.5,1.4256936e-05,7.128468e-05,0
8510.0,8515.0,8512.5,8.314786e-06,4.157393e-05,0
8515.0,8520.0,8517.5,1.3085522e-05,6.542761e-05,0
8520.0,8525.0,8522.5,1.3069846e-05,6.534923e-05,0
8525.0,8530.0,8527.5,1.5512918e-05,7.756459e-05,0
8530.0,8535.0,8532.5,1.548336e-05,7.74168e-05,0
8535.0,8540.0,8537.5,1.6637346e-05,8.318673e-05,0
8540.0,8545.0,8542.5,1.186866e-05,5.93433e-05,0
8545.0,8550.0,8547.5,1.546318e-05,7.73159e-05,0
8550.0,8555.0,8552.5,2.2667554e-05,0.00011333777,0
8555.0,8560.0,8557.5,1.5406614e-05,7.703307e-05,0
8560.0,8565.0,8562.5,9.501836e-06,4.750918e-05,0
8565.0,8570.0,8567.5,1.0742408e-05,5.371204e-05,0
8570.0,8575.0,8572.5,1.545262e-05,7.72631e-05,0
8575.0,8580.0,8577.5,1.0741108e-05,5.370554e-05,0
8580.0,8585.0,8582.5,1.3091688e-05,6.545844e-05,0
8585.0,8590.0,8587.5,2.0233906e-05,0.00010116953,0
8590.0,8595.0,8592.5,1.5481902e-05,7.740951e-05,0
8595.0,8600.0,8597.5,7.13192e-06,3.56596e-05,0
8600.0,8605.0,8602.5,1.4324844e-05,7.162422e-05,0
8605.0,8610.0,8607.5,8.290956e-06,4.145478e-05,0
8610.0,8615.0,8612.5,1.779532e-05,8.89766e-05,0
8615.0,8620.0,8617.5,1.4301014e-05,7.150507e-05,0
8620.0,8625.0,8622.5,1.4278354e-05,7.139177e-05,0
8625.0,8630.0,8627.5,1.1894936e-05,5.947468e-05,0
8630.0,8635.0,8632.5,1.430667e-05,7.153335e-05,0
8635.0,8640.0,8637.5,1.309658e-05,6.54829e-05,0
8640.0,8645.0,8642.5,1.9094528e-05,9.547264e-05,0
8645.0,8650.0,8647.5,1.307402e-05,6.53701e-05,0
8650.0,8655.0,8652.5,8.286084e-06,4.143042e-05,0
8655.0,8660.0,8657.5,9.487198e-06,4.743599e-05,0
8660.0,8665.0,8662.5,1.4248102e-05,7.124051e-05,0
8665.0,8670.0,8667.5,5.963324e-06,2.981662e-05,0
8670.0,8675.0,8672.5,9.507512e-06,4.753756e-05,0
8675.0,8680.0,8677.5,1.1878942e-05,5.939471e-05,0
8680.0,8685.0,8682.5,2.2616688e-05,0.00011308344,0
8685.0,8690.0,8687.5,1.0719128e-05,5.359564e-05,0
8690.0,8695.0,8692.5,7.103092e-06,3.551546e-05,0
8695.0,8700.0,8697.5,3.578846e-06,1.789423e-05,0
8700.0,8705.0,8702.5,1.189833e-05,5.949165e-05,0
8705.0,8710.0,8707.5,1.543858e-05,7.71929e-05,0
8710.0,8715.0,8712.5,1.5431608e-05,7.715804e-05,0
8715.0,8720.0,8717.5,7.134816e-06,3.567408e-05,0
8720.0,8725.0,8722.5,1.6634064e-05,8.317032e-05,0
8725.0,8730.0,8727.5,1.549458e-05,7.74729e-05,0
8730.0,8735.0,8732.5,1.3148182e-05,6.574091e-05,0
8735.0,8740.0,8737.5,9.522254e-06,4.761127e-05,0
8740.0,8745.0,8742.5,1.430954e-05,7.15477e-05,0
8745.0,8750.0,8747.5,1.308452e-05,6.54226e-05,0
8750.0,8755.0,8752.5,1.6601104e-05,8.300552e-05,0
8755.0,8760.0,8757.5,1.542976e-05,7.71488e-05,0
8760.0,8765.0,8762.5,1.0722572e-05,5.361286e-05,0
8765.0,8770.0,8767.5,1.4255576e-05,7.127788e-05,0
8770.0,8775.0,8772.5,1.9029826e-05,9.514913e-05,0
8775.0,8780.0,8777.5,1.5471422e-05,7.735711e-05,0
8780.0,8785.0,8782.5,1.6652738e-05,8.326369e-05,0
8785.0,8790.0,8787.5,1.6677502e-05,8.338751e-05,0
8790.0,8795.0,8792.5,2.7378346e-05,0.00013689173,0
8795.0,8800.0,8797.5,8.336218e-06,4.168109e-05,0
8800.0,8805.0,8802.5,5.942056e-06,2.971028e-05,0
8805.0,8810.0,8807.5,1.7841152e-05,8.920576e-05,0
8810.0,8815.0,8812.5,4.76792e-06,2.38396e-05,0
8815.0,8820.0,8817.5,1.3083992e-05,6.541996e-05,0
8820.0,8825.0,8822.5,1.5467886e-05,7.733943e-05,0
8825.0,8830.0,8827.5,1.3080894e-05,6.540447e-05,0
8830.0,8835.0,8832.5,1.42324e-05,7.1162e-05,0
8835.0,8840.0,8837.5,8.321796e-06,4.160898e-05,0
8840.0,8845.0,8842.5,8.329072e-06,4.164536e-05,0
8845.0,8850.0,8847.5,1.1861004e-05,5.930502e-05,0
8850.0,8855.0,8852.5,9.54902e-06,4.77451e-05,0
8855.0,8860.0,8857.5,1.3071816e-05,6.535908e-05,0
8860.0,8865.0,8862.5,1.7817366e-05,8.908683e-05,0
8865.0,8870.0,8867.5,2.6175828e-05,0.00013087914,0
8870.0,8875.0,8872.5,1.3094002e-05,6.547001e-05,0
8875.0,8880.0,8877.5,1.070143e-05,5.350715e-05,0
8880.0,8885.0,8882.5,8.32077e-06,4.160385e-05,0
8885.0,8890.0,8887.5,1.4268204e-05,7.134102e-05,0
8890.0,8895.0,8892.5,1.7860008e-05,8.930004e-05,0
8895.0,8900.0,8897.5,7.12078e-06,3.56039e-05,0
8900.0,8905.0,8902.5,1.7828664e-05,8.914332e-05,0
8905.0,8910.0,8907.5,1.4336836e-05,7.168418e-05,0
8910.0,8915.0,8912.5,7.135552e-06,3.567776e-05,0
8915.0,8920.0,8917.5,1.3056308e-05,6.528154e-05,0
8920.0,8925.0,8922.5,1.0729452e-05,5.364726e-05,0
8925.0,8930.0,8927.5,2.140414e-05,0.0001070207,0
8930.0,8935.0,8932.5,2.0235332e-05,0.00010117666,0
8935.0,8940.0,8937.5,1.5480456e-05,7.740228e-05,0
8940.0,8945.0,8942.5,1.6680806e-05,8.340403e-05,0
8945.0,8950.0,8947.5,9.52285e-06,4.761425e-05,0
8950.0,8955.0,8952.5,1.9049162e-05,9.524581e-05,0
8955.0,8960.0,8957.5,5.927666e-06,2.963833e-05,0
8960.0,8965.0,8962.5,1.189051e-05,5.945255e-05,0
8965.0,8970.0,8967.5,1.7816726e-05,8.908363e-05,0
8970.0,8975.0,8972.5,7.12401e-06,3.562005e-05,0
8975.0,8980.0,8977.5,2.0256308e-05,0.00010128154,0
8980.0,8985.0,8982.5,1.4258414e-05,7.129207e-05,0
8985.0,8990.0,8987.5,8.361936e-06,4.180968e-05,0
8990.0,8995.0,8992.5,1.428859e-05,7.144295e-05,0
8995.0,9000.0,8997.5,1.3078572e-05,6.539286e-05,0
9000.0,9005.0,9002.5,2.1446316e-05,0.00010723158,0
9005.0,9010.0,9007.5,8.357718e-06,4.178859e-05,0
9010.0,9015.0,9012.5,1.4275976e-05,7.137988e-05,0
9015.0,9020.0,9017.5,1.5473834e-05,7.736917e-05,0
9020.0,9025.0,9022.5,1.3131982e-05,6.565991e-05,0
9025.0,9030.0,9027.5,1.3116584e-05,6.558292e-05,0
9030.0,9035.0,9032.5,1.4261654e-05,7.130827e-05,0
9035.0,9040.0,9037.5,1.0721262e-05,5.360631e-05,0
9040.0,9045.0,9042.5,1.3121526e-05,6.560763e-05,0
9045.0,9050.0,9047.5,1.6695404e-05,8.347702e-05,0
9050.0,9055.0,9052.5,8.288206e-06,4.144103e-05,0
9055.0,9060.0,9057.5,5.896252e-06,2.948126e-05,0
9060.0,9065.0,9062.5,1.308491e-05,6.542455e-05,0
9065.0,9070.0,9067.5,7.14163e-06,3.570815e-05,0
9070.0,9075.0,9072.5,1.1872642e-05,5.936321e-05,0
9075.0,9080.0,9077.5,1.0715046e-05,5.357523e-05,0
9080.0,9085.0,9082.5,1.0725828e-05,5.362914e-05,0
9085.0,9090.0,9087.5,1.430027e-05,7.150135e-05,0
9090.0,9095.0,9092.5,1.0732564e-05,5.366282e-05,0
9095.0,9100.0,9097.5,2.1417904e-05,0.00010708952,0
9100.0,9105.0,9102.5,1.4321088e-05,7.160544e-05,0
9105.0,9110.0,9107.5,1.1881068e-05,5.940534e-05,0
9110.0,9115.0,9112.5,1.1892986e-05,5.946493e-05,0
9115.0,9120.0,9117.5,1.9034128e-05,9.517064e-05,0
9120.0,9125.0,9122.5,1.5446728e-05,7.723364e-05,0
9125.0,9130.0,9127.5,8.362096e-06,4.181048e-05,0
9130.0,9135.0,9132.5,1.1899542e-05,5.949771e-05,0
9135.0,9140.0,9137.5,9.506648e-06,4.753324e-05,0
9140.0,9145.0,9142.5,1.6640686e-05,8.320343e-05,0
9145.0,9150.0,9147.5,1.5477728e-05,7.738864e-05,0
9150.0,9155.0,9152.5,1.3109382e-05,6.554691e-05,0
9155.0,9160.0,9157.5,2.0231478e-05,0.00010115739,0
9160.0,9165.0,9162.5,2.1386414e-05,0.00010693207,0
9165.0,9170.0,9167.5,1.306084e-05,6.53042e-05,0
9170.0,9175.0,9172.5,1.3049058e-05,6.524529e-05,0
9175.0,9180.0,9177.5,9.506484e-06,4.753242e-05,0
9180.0,9185.0,9182.5,1.3040414e-05,6.520207e-05,0
9185.0,9190.0,9187.5,1.1879532e-05,5.939766e-05,0
9190.0,9195.0,9192.5,1.4274752e-05,7.137376e-05,0
9195.0,9200.0,9197.5,1.5438042e-05,7.719021e-05,0
9200.0,9205.0,9202.5,1.4279044e-05,7.139522e-05,0
9205.0,9210.0,9207.5,1.0717778e-05,5.358889e-05,0
9210.0,9215.0,9212.5,1.427242e-05,7.13621e-05,0
9215.0,9220.0,9217.5,8.340918e-06,4.170459e-05,0
9220.0,9225.0,9222.5,1.4287958e-05,7.143979e-05,0
9225.0,9230.0,9227.5,1.4315692e-05,7.157846e-05,0
9230.0,9235.0,9232.5,1.0723198e-05,5.361599e-05,0
9235.0,9240.0,9237.5,1.1887426e-05,5.943713e-05,0
9240.0,9245.0,9242.5,1.3082142e-05,6.541071e-05,0
9245.0,9250.0,9247.5,1.3048846e-05,6.524423e-05,0
9250.0,9255.0,9252.5,1.428099e-05,7.140495e-05,0
9255.0,9260.0,9257.5,1.1916674e-05,5.958337e-05,0
9260.0,9265.0,9262.5,1.3069208e-05,6.534604e-05,0
9265.0,9270.0,9267.5,8.340272e-06,4.170136e-05,0
9270.0,9275.0,9272.5,8.351024e-06,4.175512e-05,0
9275.0,9280.0,9277.5,1.4327194e-05,7.163597e-05,0
9280.0,9285.0,9282.5,1.1915228e-05,5.957614e-05,0
9285.0,9290.0,9287.5,7.15699e-06,3.578495e-05,0
9290.0,9295.0,9292.5,1.5510422e-05,7.755211e-05,0
9295.0,9300.0,9297.5,1.1895854e-05,5.947927e-05,0
9300.0,9305.0,9302.5,9.499124e-06,4.749562e-05,0
9305.0,9310.0,9307.5,7.12918e-06,3.56459e-05,0
9310.0,9315.0,9312.5,1.1851874e-05,5.925937e-05,0
9315.0,9320.0,9317.5,1.3075492e-05,6.537746e-05,0
9320.0,9325.0,9322.5,1.1859034e-05,5.929517e-05,0
9325.0,9330.0,9327.5,8.332126e-06,4.166063e-05,0
9330.0,9335.0,9332.5,1.18681e-05,5.93405e-05,0
9335.0,9340.0,9337.5,1.7869724e-05,8.934862e-05,0
9340.0,9345.0,9342.5,1.1881134e-05,5.940567e-05,0
9345.0,9350.0,9347.5,1.3102118e-05,6.551059e-05,0
9350.0,9355.0,9352.5,8.336478e-06,4.168239e-05,0
9355.0,9360.0,9357.5,1.3056202e-05,6.528101e-05,0
9360.0,9365.0,9362.5,1.4323776e-05,7.161888e-05,0
9365.0,9370.0,9367.5,1.3047422e-05,6.523711e-05,0
9370.0,9375.0,9372.5,1.192675e-05,5.963375e-05,0
9375.0,9380.0,9377.5,1.546491e-05,7.732455e-05,0
9380.0,9385.0,9382.5,1.4249742e-05,7.124871e-05,0
9385.0,9390.0,9387.5,1.1924136e-05,5.962068e-05,0
9390.0,9395.0,9392.5,1.5425024e-05,7.712512e-05,0
9395.0,9400.0,9397.5,1.3058532e-05,6.529266e-05,0
9400.0,9405.0,9402.5,1.4273688e-05,7.136844e-05,0
9405.0,9410.0,9407.5,1.3102878e-05,6.551439e-05,0
9410.0,9415.0,9412.5,9.485898e-06,4.742949e-05,0
9415.0,9420.0,9417.5,1.5494756e-05,7.747378e-05,0
9420.0,9425.0,9422.5,1.4242306e-05,7.121153e-05,0
9425.0,9430.0,9427.5,1.7878776e-05,8.939388e-05,0
9430.0,9435.0,9432.5,1.1916392e-05,5.958196e-05,0
9435.0,9440.0,9437.5,1.4273848e-05,7.136924e-05,0
9440.0,9445.0,9442.5,5.95291e-06,2.976455e-05,0
9445.0,9450.0,9447.5,1.545329e-05,7.726645e-05,0
9450.0,9455.0,9452.5,1.1911502e-05,5.955751e-05,0
9455.0,9460.0,9457.5,9.519246e-06,4.759623e-05,0
9460.0,9465.0,9462.5,9.526996e-06,4.763498e-05,0
9465.0,9470.0,9467.5,1.4262068e-05,7.131034e-05,0
9470.0,9475.0,9472.5,7.157072e-06,3.578536e-05,0
9475.0,9480.0,9477.5,7.156718e-06,3.578359e-05,0
9480.0,9485.0,9482.5,1.0718856e-05,5.359428e-05,0
9485.0,9490.0,9487.5,1.1898816e-05,5.949408e-05,0
9490.0,9495.0,9492.5,1.3075268e-05,6.537634e-05,0
9495.0,9500.0,9497.5,1.541844e-05,7.70922e-05,0
9500.0,9505.0,9502.5,1.904472e-05,9.52236e-05,0
9505.0,9510.0,9507.5,9.509022e-06,4.754511e-05,0
9510.0,9515.0,9512.5,1.7839166e-05,8.919583e-05,0
9515.0,9520.0,9517.5,1.662686e-05,8.31343e-05,0
9520.0,9525.0,9522.5,1.18749e-05,5.93745e-05,0
9525.0,9530.0,9527.5,1.0705424e-05,5.352712e-05,0
9530.0,9535.0,9532.5,1.30797e-05,6.53985e-05,0
9535.0,9540.0,9537.5,9.496342e-06,4.748171e-05,0
9540.0,9545.0,9542.5,9.489996e-06,4.744998e-05,0
9545.0,9550.0,9547.5,5.96801e-06,2.984005e-05,0
9550.0,9555.0,9552.5,9.518302e-06,4.759151e-05,0
9555.0,9560.0,9557.5,1.6653678e-05,8.326839e-05,0
9560.0,9565.0,9562.5,5.957026e-06,2.978513e-05,0
9565.0,9570.0,9567.5,1.4276054e-05,7.138027e-05,0
9570.0,9575.0,9572.5,1.187156e-05,5.93578e-05,0
9575.0,9580.0,9577.5,1.5475284e-05,7.737642e-05,0
9580.0,9585.0,9582.5,5.934146e-06,2.967073e-05,0
9585.0,9590.0,9587.5,1.1892016e-05,5.946008e-05,0
9590.0,9595.0,9592.5,1.9032364e-05,9.516182e-05,0
9595.0,9600.0,9597.5,1.426687e-05,7.133435e-05,0
9600.0,9605.0,9602.5,9.502792e-06,4.751396e-05,0
9605.0,9610.0,9607.5,1.6614456e-05,8.307228e-05,0
9610.0,9615.0,9612.5,8.332312e-06,4.166156e-05,0
9615.0,9620.0,9617.5,1.426372e-05,7.13186e-05,0
9620.0,9625.0,9622.5,1.4298298e-05,7.149149e-05,0
9625.0,9630.0,9627.5,9.509096e-06,4.754548e-05,0
9630.0,9635.0,9632.5,9.506246e-06,4.753123e-05,0
9635.0,9640.0,9637.5,1.068694e-05,5.34347e-05,0
9640.0,9645.0,9642.5,9.507382e-06,4.753691e-05,0
9645.0,9650.0,9647.5,7.118164e-06,3.559082e-05,0
9650.0,9655.0,9652.5,1.190477e-05,5.952385e-05,0
9655.0,9660.0,9657.5,1.313052e-05,6.56526e-05,0
9660.0,9665.0,9662.5,8.322498e-06,4.161249e-05,0
9665.0,9670.0,9667.5,1.0700308e-05,5.350154e-05,0
9670.0,9675.0,9672.5,1.0703346e-05,5.351673e-05,0
9675.0,9680.0,9677.5,1.0717626e-05,5.358813e-05,0
9680.0,9685.0,9682.5,7.165054e-06,3.582527e-05,0
9685.0,9690.0,9687.5,2.1406586e-05,0.00010703293,0
9690.0,9695.0,9692.5,1.4264948e-05,7.132474e-05,0
9695.0,9700.0,9697.5,1.0648386e-05,5.324193e-05,0
9700.0,9705.0,9702.5,9.484584e-06,4.742292e-05,0
9705.0,9710.0,9707.5,1.0707892e-05,5.353946e-05,0
9710.0,9715.0,9712.5,9.519636e-06,4.759818e-05,0
9715.0,9720.0,9717.5,7.130024e-06,3.565012e-05,0
9720.0,9725.0,9722.5,2.375802e-06,1.187901e-05,0
9725.0,9730.0,9727.5,5.943348e-06,2.971674e-05,0
9730.0,9735.0,9732.5,9.490946e-06,4.745473e-05,0
9735.0,9740.0,9737.5,7.11137e-06,3.555685e-05,0
9740.0,9745.0,9742.5,1.070329e-05,5.351645e-05,0
9745.0,9750.0,9747.5,5.926444e-06,2.963222e-05,0
9750.0,9755.0,9752.5,1.6666748e-05,8.333374e-05,0
9755.0,9760.0,9757.5,5.919318e-06,2.959659e-05,0
9760.0,9765.0,9762.5,8.350378e-06,4.175189e-05,0
9765.0,9770.0,9767.5,5.941316e-06,2.970658e-05,0
9770.0,9775.0,9772.5,9.50034e-06,4.75017e-05,0
9775.0,9780.0,9777.5,1.070732e-05,5.35366e-05,0
9780.0,9785.0,9782.5,8.351196e-06,4.175598e-05,0
9785.0,9790.0,9787.5,1.4221292e-05,7.110646e-05,0
9790.0,9795.0,9792.5,7.136842e-06,3.568421e-05,0
9795.0,9800.0,9797.5,1.660225e-05,8.301125e-05,0
9800.0,9805.0,9802.5,1.5468944e-05,7.734472e-05,0
9805.0,9810.0,9807.5,1.4293606e-05,7.146803e-05,0
9810.0,9815.0,9812.5,7.12178e-06,3.56089e-05,0
9815.0,9820.0,9817.5,1.4291036e-05,7.145518e-05,0
9820.0,9825.0,9822.5,1.3087398e-05,6.543699e-05,0
9825.0,9830.0,9827.5,9.502754e-06,4.751377e-05,0
9830.0,9835.0,9832.5,8.321998e-06,4.160999e-05,0
9835.0,9840.0,9837.5,8.317022e-06,4.158511e-05,0
9840.0,9845.0,9842.5,2.498749e-05,0.00012493745,0
9845.0,9850.0,9847.5,1.4273146e-05,7.136573e-05,0
9850.0,9855.0,9852.5,1.1867446e-05,5.933723e-05,0
9855.0,9860.0,9857.5,1.5486088e-05,7.743044e-05,0
9860.0,9865.0,9862.5,8.323046e-06,4.161523e-05,0
9865.0,9870.0,9867.5,1.4282816e-05,7.141408e-05,0
9870.0,9875.0,9872.5,1.1899488e-05,5.949744e-05,0
9875.0,9880.0,9877.5,9.494382e-06,4.747191e-05,0
9880.0,9885.0,9882.5,1.6646372e-05,8.323186e-05,0
9885.0,9890.0,9887.5,1.0687554e-05,5.343777e-05,0
9890.0,9895.0,9892.5,5.928268e-06,2.964134e-05,0
9895.0,9900.0,9897.5,1.307282e-05,6.53641e-05,0
9900.0,9905.0,9902.5,1.0699346e-05,5.349673e-05,0
9905.0,9910.0,9907.5,5.965462e-06,2.982731e-05,0
9910.0,9915.0,9912.5,1.0747194e-05,5.373597e-05,0
9915.0,9920.0,9917.5,1.4256864e-05,7.128432e-05,0
9920.0,9925.0,9922.5,9.507512e-06,4.753756e-05,0
9925.0,9930.0,9927.5,7.1246e-06,3.5623e-05,0
9930.0,9935.0,9932.5,8.344686e-06,4.172343e-05,0
9935.0,9940.0,9937.5,7.150834e-06,3.575417e-05,0
9940.0,9945.0,9942.5,1.3133302e-05,6.566651e-05,0
9945.0,9950.0,9947.5,1.6649072e-05,8.324536e-05,0
9950.0,9955.0,9952.5,1.189369e-05,5.946845e-05,0
9955.0,9960.0,9957.5,1.1899368e-05,5.949684e-05,0
9960.0,9965.0,9962.5,1.5472332e-05,7.736166e-05,0
9965.0,9970.0,9967.5,9.528472e-06,4.764236e-05,0
9970.0,9975.0,9972.5,1.4306406e-05,7.153203e-05,0
9975.0,9980.0,9977.5,1.308962e-05,6.54481e-05,0
9980.0,9985.0,9982.5,8.318328e-06,4.159164e-05,0
9985.0,9990.0,9987.5,9.499664e-06,4.749832e-05,0
9990.0,9995.0,9992.5,1.0730062e-05,5.365031e-05,0
9995.0,10000.0,9997.5,1.5483458e-05,7.741729e-05,0
10000.0,10005.0,10002.5,1.3088456e-05,6.544228e-05,0
10005.0,10010.0,10007.5,1.0742208e-05,5.371104e-05,0
10010.0,10015.0,10012.5,1.0679388e-05,5.339694e-05,0
10015.0,10020.0,10017.5,7.143428e-06,3.571714e-05,0
10020.0,10025.0,10022.5,5.969012e-06,2.984506e-05,0
10025.0,10030.0,10027.5,1.4272534e-05,7.136267e-05,0
10030.0,10035.0,10032.5,4.763862e-06,2.381931e-05,0
10035.0,10040.0,10037.5,9.47408e-06,4.73704e-05,0
10040.0,10045.0,10042.5,1.427406e-05,7.13703e-05,0
10045.0,10050.0,10047.5,7.14464e-06,3.57232e-05,0
10050.0,10055.0,10052.5,8.336804e-06,4.168402e-05,0
10055.0,10060.0,10057.5,7.147516e-06,3.573758e-05,0
10060.0,10065.0,10062.5,4.756676e-06,2.378338e-05,0
10065.0,10070.0,10067.5,9.551012e-06,4.775506e-05,0
10070.0,10075.0,10072.5,1.0677162e-05,5.338581e-05,0
10075.0,10080.0,10077.5,1.4250144e-05,7.125072e-05,0
10080.0,10085.0,10082.5,3.587402e-06,1.793701e-05,0
10085.0,10090.0,10087.5,1.547747e-05,7.738735e-05,0
10090.0,10095.0,10092.5,7.13882e-06,3.56941e-05,0
10095.0,10100.0,10097.5,1.3066028e-05,6.533014e-05,0
10100.0,10105.0,10102.5,7.160414e-06,3.580207e-05,0
10105.0,10110.0,10107.5,1.6673372e-05,8.336686e-05,0
10110.0,10115.0,10112.5,8.316704e-06,4.158352e-05,0
10115.0,10120.0,10117.5,1.1879972e-05,5.939986e-05,0
10120.0,10125.0,10122.5,9.54426e-06,4.77213e-05,0
10125.0,10130.0,10127.5,1.0656568e-05,5.328284e-05,0
10130.0,10135.0,10132.5,1.1901678e-05,5.950839e-05,0
10135.0,10140.0,10137.5,8.313214e-06,4.156607e-05,0
10140.0,10145.0,10142.5,1.3079956e-05,6.539978e-05,0
10145.0,10150.0,10147.5,1.5448302e-05,7.724151e-05,0
10150.0,10155.0,10152.5,8.32374e-06,4.16187e-05,0
10155.0,10160.0,10157.5,4.768076e-06,2.384038e-05,0
10160.0,10165.0,10162.5,1.1927386e-05,5.963693e-05,0
10165.0,10170.0,10167.5,5.950748e-06,2.975374e-05,0
10170.0,10175.0,10172.5,1.1849428e-05,5.924714e-05,0
10175.0,10180.0,10177.5,9.532586e-06,4.766293e-05,0
10180.0,10185.0,10182.5,1.783161e-05,8.915805e-05,0
10185.0,10190.0,10187.5,7.104418e-06,3.552209e-05,0
10190.0,10195.0,10192.5,1.3083014e-05,6.541507e-05,0
10195.0,10200.0,10197.5,8.297156e-06,4.148578e-05,0
10200.0,10205.0,10202.5,1.3039266e-05,6.519633e-05,0
10205.0,10210.0,10207.5,1.0714846e-05,5.357423e-05,0
10210.0,10215.0,10212.5,9.506856e-06,4.753428e-05,0
10215.0,10220.0,10217.5,7.11336e-06,3.55668e-05,0
10220.0,10225.0,10222.5,8.328982e-06,4.164491e-05,0
10225.0,10230.0,10227.5,1.6604226e-05,8.302113e-05,0
10230.0,10235.0,10232.5,1.3086968e-05,6.543484e-05,0
10235.0,10240.0,10237.5,9.53812e-06,4.76906e-05,0
10240.0,10245.0,10242.5,8.33801e-06,4.169005e-05,0
10245.0,10250.0,10247.5,8.33132e-06,4.16566e-05,0
10250.0,10255.0,10252.5,1.0713136e-05,5.356568e-05,0
10255.0,10260.0,10257.5,1.1898928e-05,5.949464e-05,0
10260.0,10265.0,10262.5,1.0716514e-05,5.358257e-05,0
10265.0,10270.0,10267.5,9.513908e-06,4.756954e-05,0
10270.0,10275.0,10272.5,8.323092e-06,4.161546e-05,0
10275.0,10280.0,10277.5,1.3087602e-05,6.543801e-05,0
10280.0,10285.0,10282.5,9.520686e-06,4.760343e-05,0
10285.0,10290.0,10287.5,2.1373106e-05,0.00010686553,0
10290.0,10295.0,10292.5,8.321748e-06,4.160874e-05,0
10295.0,10300.0,10297.5,1.3074782e-05,6.537391e-05,0
10300.0,10305.0,10302.5,9.53124e-06,4.76562e-05,0
10305.0,10310.0,10307.5,1.9049898e-05,9.524949e-05,0
10310.0,10315.0,10312.5,9.496788e-06,4.748394e-05,0
10315.0,10320.0,10317.5,9.55135e-06,4.775675e-05,0
10320.0,10325.0,10322.5,7.135834e-06,3.567917e-05,0
10325.0,10330.0,10327.5,1.5476806e-05,7.738403e-05,0
10330.0,10335.0,10332.5,2.257568e-05,0.0001128784,0
10335.0,10340.0,10337.5,1.0677598e-05,5.338799e-05,0
10340.0,10345.0,10342.5,1.1897422e-05,5.948711e-05,0
10345.0,10350.0,10347.5,9.458872e-06,4.729436e-05,0
10350.0,10355.0,10352.5,9.51034e-06,4.75517e-05,0
10355.0,10360.0,10357.5,7.151432e-06,3.575716e-05,0
10360.0,10365.0,10362.5,1.18851e-05,5.94255e-05,0
10365.0,10370.0,10367.5,1.0678446e-05,5.339223e-05,0
10370.0,10375.0,10372.5,2.394574e-06,1.197287e-05,0
10375.0,10380.0,10377.5,8.308542e-06,4.154271e-05,0
10380.0,10385.0,10382.5,1.309165e-05,6.545825e-05,0
10385.0,10390.0,10387.5,1.4296424e-05,7.148212e-05,0
10390.0,10395.0,10392.5,7.125206e-06,3.562603e-05,0
10395.0,10400.0,10397.5,7.178724e-06,3.589362e-05,0
10400.0,10405.0,10402.5,1.0735138e-05,5.367569e-05,0
10405.0,10410.0,10407.5,9.507318e-06,4.753659e-05,0
10410.0,10415.0,10412.5,7.14555e-06,3.572775e-05,0
10415.0,10420.0,10417.5,1.543901e-05,7.719505e-05,0
10420.0,10425.0,10422.5,8.349474e-06,4.174737e-05,0
10425.0,10430.0,10427.5,8.306682e-06,4.153341e-05,0
10430.0,10435.0,10432.5,1.0706572e-05,5.353286e-05,0
10435.0,10440.0,10437.5,1.189401e-05,5.947005e-05,0
10440.0,10445.0,10442.5,9.522928e-06,4.761464e-05,0
10445.0,10450.0,10447.5,8.298622e-06,4.149311e-05,0
10450.0,10455.0,10452.5,1.0734516e-05,5.367258e-05,0
10455.0,10460.0,10457.5,5.918552e-06,2.959276e-05,0
10460.0,10465.0,10462.5,1.5492014e-05,7.746007e-05,0
10465.0,10470.0,10467.5,1.184706e-05,5.92353e-05,0
10470.0,10475.0,10472.5,5.943082e-06,2.971541e-05,0
10475.0,10480.0,10477.5,7.137176e-06,3.568588e-05,0
10480.0,10485.0,10482.5,8.305332e-06,4.152666e-05,0
10485.0,10490.0,10487.5,9.497066e-06,4.748533e-05,0
10490.0,10495.0,10492.5,4.761602e-06,2.380801e-05,0
10495.0,10500.0,10497.5,7.137534e-06,3.568767e-05,0
10500.0,10505.0,10502.5,9.51615e-06,4.758075e-05,0
10505.0,10510.0,10507.5,1.1905172e-05,5.952586e-05,0
10510.0,10515.0,10512.5,4.766192e-06,2.383096e-05,0
10515.0,10520.0,10517.5,1.070667e-05,5.353335e-05,0
10520.0,10525.0,10522.5,5.927666e-06,2.963833e-05,0
10525.0,10530.0,10527.5,9.519256e-06,4.759628e-05,0
10530.0,10535.0,10532.5,5.947784e-06,2.973892e-05,0
10535.0,10540.0,10537.5,1.0738348e-05,5.369174e-05,0
10540.0,10545.0,10542.5,1.5406296e-05,7.703148e-05,0
10545.0,10550.0,10547.5,1.3090608e-05,6.545304e-05,0
10550.0,10555.0,10552.5,1.1928862e-05,5.964431e-05,0
10555.0,10560.0,10557.5,9.525604e-06,4.762802e-05,0
10560.0,10565.0,10562.5,9.494306e-06,4.747153e-05,0
10565.0,10570.0,10567.5,8.319358e-06,4.159679e-05,0
10570.0,10575.0,10572.5,9.541104e-06,4.770552e-05,0
10575.0,10580.0,10577.5,9.531674e-06,4.765837e-05,0
10580.0,10585.0,10582.5,4.746336e-06,2.373168e-05,0
10585.0,10590.0,10587.5,1.4262286e-05,7.131143e-05,0
10590.0,10595.0,10592.5,1.4289118e-05,7.144559e-05,0
10595.0,10600.0,10597.5,5.940946e-06,2.970473e-05,0
10600.0,10605.0,10602.5,9.498152e-06,4.749076e-05,0
10605.0,10610.0,10607.5,1.311959e-05,6.559795e-05,0
10610.0,10615.0,10612.5,1.9008426e-05,9.504213e-05,0
10615.0,10620.0,10617.5,8.335436e-06,4.167718e-05,0
10620.0,10625.0,10622.5,8.327166e-06,4.163583e-05,0
10625.0,10630.0,10627.5,8.30053e-06,4.150265e-05,0
10630.0,10635.0,10632.5,9.508736e-06,4.754368e-05,0
10635.0,10640.0,10637.5,7.13136e-06,3.56568e-05,0
10640.0,10645.0,10642.5,1.3063152e-05,6.531576e-05,0
10645.0,10650.0,10647.5,1.4298146e-05,7.149073e-05,0
10650.0,10655.0,10652.5,1.3094888e-05,6.547444e-05,0
10655.0,10660.0,10657.5,3.56863e-06,1.784315e-05,0
10660.0,10665.0,10662.5,8.316474e-06,4.158237e-05,0
10665.0,10670.0,10667.5,9.503192e-06,4.751596e-05,0
10670.0,10675.0,10672.5,9.473288e-06,4.736644e-05,0
10675.0,10680.0,10677.5,8.340238e-06,4.170119e-05,0
10680.0,10685.0,10682.5,1.5460556e-05,7.730278e-05,0
10685.0,10690.0,10687.5,7.128644e-06,3.564322e-05,0
10690.0,10695.0,10692.5,1.187251e-05,5.936255e-05,0
10695.0,10700.0,10697.5,7.119204e-06,3.559602e-05,0
10700.0,10705.0,10702.5,7.126132e-06,3.563066e-05,0
10705.0,10710.0,10707.5,1.194265e-05,5.971325e-05,0
10710.0,10715.0,10712.5,7.134528e-06,3.567264e-05,0
10715.0,10720.0,10717.5,8.347702e-06,4.173851e-05,0
10720.0,10725.0,10722.5,4.754976e-06,2.377488e-05,0
10725.0,10730.0,10727.5,8.328372e-06,4.164186e-05,0
10730.0,10735.0,10732.5,9.49484e-06,4.74742e-05,0
10735.0,10740.0,10737.5,1.1879356e-05,5.939678e-05,0
10740.0,10745.0,10742.5,1.067806e-05,5.33903e-05,0
10745.0,10750.0,10747.5,8.32163e-06,4.160815e-05,0
10750.0,10755.0,10752.5,1.3115664e-05,6.557832e-05,0
10755.0,10760.0,10757.5,1.188855e-05,5.944275e-05,0
10760.0,10765.0,10762.5,2.0247316e-05,0.00010123658,0
10765.0,10770.0,10767.5,7.117776e-06,3.558888e-05,0
10770.0,10775.0,10772.5,7.095376e-06,3.547688e-05,0
10775.0,10780.0,10777.5,7.13248e-06,3.56624e-05,0
10780.0,10785.0,10782.5,7.151336e-06,3.575668e-05,0
10785.0,10790.0,10787.5,7.138692e-06,3.569346e-05,0
10790.0,10795.0,10792.5,1.5456828e-05,7.728414e-05,0
10795.0,10800.0,10797.5,1.06976e-05,5.3488e-05,0
10800.0,10805.0,10802.5,8.30334e-06,4.15167e-05,0
10805.0,10810.0,10807.5,9.484208e-06,4.742104e-05,0
10810.0,10815.0,10812.5,1.544692e-05,7.72346e-05,0
10815.0,10820.0,10817.5,8.33119e-06,4.165595e-05,0
10820.0,10825.0,10822.5,1.1888174e-05,5.944087e-05,0
10825.0,10830.0,10827.5,9.532604e-06,4.766302e-05,0
10830.0,10835.0,10832.5,5.916312e-06,2.958156e-05,0
10835.0,10840.0,10837.5,9.51455e-06,4.757275e-05,0
10840.0,10845.0,10842.5,1.3075352e-05,6.537676e-05,0
10845.0,10850.0,10847.5,8.338922e-06,4.169461e-05,0
10850.0,10855.0,10852.5,9.505542e-06,4.752771e-05,0
10855.0,10860.0,10857.5,9.487542e-06,4.743771e-05,0
10860.0,10865.0,10862.5,1.425426e-05,7.12713e-05,0
10865.0,10870.0,10867.5,1.1932232e-05,5.966116e-05,0
10870.0,10875.0,10872.5,1.3099962e-05,6.549981e-05,0
10875.0,10880.0,10877.5,8.319278e-06,4.159639e-05,0
10880.0,10885.0,10882.5,2.357664e-06,1.178832e-05,0
10885.0,10890.0,10887.5,1.304309e-05,6.521545e-05,0
10890.0,10895.0,10892.5,9.50453e-06,4.752265e-05,0
10895.0,10900.0,10897.5,7.131528e-06,3.565764e-05,0
10900.0,10905.0,10902.5,4.751964e-06,2.375982e-05,0
10905.0,10910.0,10907.5,5.947216e-06,2.973608e-05,0
10910.0,10915.0,10912.5,1.070185e-05,5.350925e-05,0
10915.0,10920.0,10917.5,8.318798e-06,4.159399e-05,0
10920.0,10925.0,10922.5,8.33572e-06,4.16786e-05,0
10925.0,10930.0,10927.5,1.072817e-05,5.364085e-05,0
10930.0,10935.0,10932.5,9.47762e-06,4.73881e-05,0
10935.0,10940.0,10937.5,4.782974e-06,2.391487e-05,0
10940.0,10945.0,10942.5,5.940658e-06,2.970329e-05,0
10945.0,10950.0,10947.5,1.1863586e-05,5.931793e-05,0
10950.0,10955.0,10952.5,8.338702e-06,4.169351e-05,0
10955.0,10960.0,10957.5,7.147478e-06,3.573739e-05,0
10960.0,10965.0,10962.5,9.49355e-06,4.746775e-05,0
10965.0,10970.0,10967.5,1.3066312e-05,6.533156e-05,0
10970.0,10975.0,10972.5,9.52285e-06,4.761425e-05,0
10975.0,10980.0,10977.5,8.30035e-06,4.150175e-05,0
10980.0,10985.0,10982.5,1.1907472e-05,5.953736e-05,0
10985.0,10990.0,10987.5,3.558896e-06,1.779448e-05,0
10990.0,10995.0,10992.5,8.30763e-06,4.153815e-05,0
10995.0,11000.0,10997.5,5.955244e-06,2.977622e-05,0
11000.0,11005.0,11002.5,8.309818e-06,4.154909e-05,0
11005.0,11010.0,11007.5,7.140016e-06,3.570008e-05,0
11010.0,11015.0,11012.5,9.540054e-06,4.770027e-05,0
11015.0,11020.0,11017.5,8.309622e-06,4.154811e-05,0
11020.0,11025.0,11022.5,7.143556e-06,3.571778e-05,0
11025.0,11030.0,11027.5,9.509364e-06,4.754682e-05,0
11030.0,11035.0,11032.5,7.126988e-06,3.563494e-05,0
11035.0,11040.0,11037.5,7.130008e-06,3.565004e-05,0
11040.0,11045.0,11042.5,5.899612e-06,2.949806e-05,0
11045.0,11050.0,11047.5,8.331456e-06,4.165728e-05,0
11050.0,11055.0,11052.5,9.51955e-06,4.759775e-05,0
11055.0,11060.0,11057.5,1.070001e-05,5.350005e-05,0
11060.0,11065.0,11062.5,1.3079792e-05,6.539896e-05,0
11065.0,11070.0,11067.5,8.3073e-06,4.15365e-05,0
11070.0,11075.0,11072.5,1.898578e-05,9.49289e-05,0
11075.0,11080.0,11077.5,1.1883952e-05,5.941976e-05,0
11080.0,11085.0,11082.5,8.301636e-06,4.150818e-05,0
11085.0,11090.0,11087.5,9.540346e-06,4.770173e-05,0
11090.0,11095.0,11092.5,1.6616012e-05,8.308006e-05,0
11095.0,11100.0,11097.5,1.1900528e-05,5.950264e-05,0
11100.0,11105.0,11102.5,1.1849528e-05,5.924764e-05,0
11105.0,11110.0,11107.5,1.1907106e-05,5.953553e-05,0
11110.0,11115.0,11112.5,1.1924588e-05,5.962294e-05,0
11115.0,11120.0,11117.5,1.0693974e-05,5.346987e-05,0
11120.0,11125.0,11122.5,1.0708726e-05,5.354363e-05,0
11125.0,11130.0,11127.5,1.3024908e-05,6.512454e-05,0
11130.0,11135.0,11132.5,8.320238e-06,4.160119e-05,0
11135.0,11140.0,11137.5,8.351312e-06,4.175656e-05,0
11140.0,11145.0,11142.5,8.27781e-06,4.138905e-05,0
11145.0,11150.0,11147.5,5.92746e-06,2.96373e-05,0
11150.0,11155.0,11152.5,1.789266e-05,8.94633e-05,0
11155.0,11160.0,11157.5,5.937592e-06,2.968796e-05,0
11160.0,11165.0,11162.5,1.6589822e-05,8.294911e-05,0
11165.0,11170.0,11167.5,1.4258188e-05,7.129094e-05,0
11170.0,11175.0,11172.5,8.317648e-06,4.158824e-05,0
11175.0,11180.0,11177.5,1.072061e-05,5.360305e-05,0
11180.0,11185.0,11182.5,7.10573e-06,3.552865e-05,0
11185.0,11190.0,11187.5,1.3097778e-05,6.548889e-05,0
11190.0,11195.0,11192.5,9.514712e-06,4.757356e-05,0
11195.0,11200.0,11197.5,2.368004e-06,1.184002e-05,0
11200.0,11205.0,11202.5,9.514784e-06,4.757392e-05,0
11205.0,11210.0,11207.5,7.130008e-06,3.565004e-05,0
11210.0,11215.0,11212.5,1.1895876e-05,5.947938e-05,0
11215.0,11220.0,11217.5,1.663938e-05,8.31969e-05,0
11220.0,11225.0,11222.5,8.294164e-06,4.147082e-05,0
11225.0,11230.0,11227.5,1.4270176e-05,7.135088e-05,0
11230.0,11235.0,11232.5,1.0682426e-05,5.341213e-05,0
11235.0,11240.0,11237.5,4.763636e-06,2.381818e-05,0
11240.0,11245.0,11242.5,8.344464e-06,4.172232e-05,0
11245.0,11250.0,11247.5,1.3088342e-05,6.544171e-05,0
11250.0,11255.0,11252.5,3.579652e-06,1.789826e-05,0
11255.0,11260.0,11257.5,4.769196e-06,2.384598e-05,0
11260.0,11265.0,11262.5,1.4322992e-05,7.161496e-05,0
11265.0,11270.0,11267.5,5.94403e-06,2.972015e-05,0
11270.0,11275.0,11272.5,1.3116578e-05,6.558289e-05,0
11275.0,11280.0,11277.5,5.96134e-06,2.98067e-05,0
11280.0,11285.0,11282.5,8.328728e-06,4.164364e-05,0
11285.0,11290.0,11287.5,9.52784e-06,4.76392e-05,0
11290.0,11295.0,11292.5,9.529256e-06,4.764628e-05,0
11295.0,11300.0,11297.5,4.779452e-06,2.389726e-05,0
11300.0,11305.0,11302.5,8.322146e-06,4.161073e-05,0
11305.0,11310.0,11307.5,1.6629498e-05,8.314749e-05,0
11310.0,11315.0,11312.5,8.306606e-06,4.153303e-05,0
11315.0,11320.0,11317.5,9.508268e-06,4.754134e-05,0
11320.0,11325.0,11322.5,1.3056192e-05,6.528096e-05,0
11325.0,11330.0,11327.5,1.3089126e-05,6.544563e-05,0
11330.0,11335.0,11332.5,7.142512e-06,3.571256e-05,0
11335.0,11340.0,11337.5,5.967028e-06,2.983514e-05,0
11340.0,11345.0,11342.5,8.328362e-06,4.164181e-05,0
11345.0,11350.0,11347.5,4.756414e-06,2.378207e-05,0
11350.0,11355.0,11352.5,1.068934e-05,5.34467e-05,0
11355.0,11360.0,11357.5,9.520166e-06,4.760083e-05,0
11360.0,11365.0,11362.5,8.316824e-06,4.158412e-05,0
11365.0,11370.0,11367.5,7.103854e-06,3.551927e-05,0
11370.0,11375.0,11372.5,1.3111208e-05,6.555604e-05,0
11375.0,11380.0,11377.5,1.1877988e-05,5.938994e-05,0
11380.0,11385.0,11382.5,5.977182e-06,2.988591e-05,0
11385.0,11390.0,11387.5,1.185413e-05,5.927065e-05,0
11390.0,11395.0,11392.5,7.132892e-06,3.566446e-05,0
11395.0,11400.0,11397.5,1.1903456e-05,5.951728e-05,0
11400.0,11405.0,11402.5,9.517728e-06,4.758864e-05,0
11405.0,11410.0,11407.5,5.94087e-06,2.970435e-05,0
11410.0,11415.0,11412.5,9.507722e-06,4.753861e-05,0
11415.0,11420.0,11417.5,9.553328e-06,4.776664e-05,0
11420.0,11425.0,11422.5,9.546976e-06,4.773488e-05,0
11425.0,11430.0,11427.5,3.557276e-06,1.778638e-05,0
11430.0,11435.0,11432.5,1.1898548e-05,5.949274e-05,0
11435.0,11440.0,11437.5,8.340366e-06,4.170183e-05,0
11440.0,11445.0,11442.5,7.09271e-06,3.546355e-05,0
11445.0,11450.0,11447.5,9.512144e-06,4.756072e-05,0
11450.0,11455.0,11452.5,9.528962e-06,4.764481e-05,0
11455.0,11460.0,11457.5,7.147794e-06,3.573897e-05,0
11460.0,11465.0,11462.5,8.367268e-06,4.183634e-05,0
11465.0,11470.0,11467.5,4.766092e-06,2.383046e-05,0
11470.0,11475.0,11472.5,7.141956e-06,3.570978e-05,0
11475.0,11480.0,11477.5,1.191376e-05,5.95688e-05,0
11480.0,11485.0,11482.5,9.504374e-06,4.752187e-05,0
11485.0,11490.0,11487.5,1.5404374e-05,7.702187e-05,0
11490.0,11495.0,11492.5,4.740184e-06,2.370092e-05,0
11495.0,11500.0,11497.5,1.4276254e-05,7.138127e-05,0
11500.0,11505.0,11502.5,1.1911026e-05,5.955513e-05,0
11505.0,11510.0,11507.5,1.3075894e-05,6.537947e-05,0
11510.0,11515.0,11512.5,4.764554e-06,2.382277e-05,0
11515.0,11520.0,11517.5,1.1906668e-05,5.953334e-05,0
11520.0,11525.0,11522.5,1.0713374e-05,5.356687e-05,0
11525.0,11530.0,11527.5,4.74283e-06,2.371415e-05,0
11530.0,11535.0,11532.5,1.3065366e-05,6.532683e-05,0
11535.0,11540.0,11537.5,7.155888e-06,3.577944e-05,0
11540.0,11545.0,11542.5,1.0671546e-05,5.335773e-05,0
11545.0,11550.0,11547.5,1.1901376e-05,5.950688e-05,0
11550.0,11555.0,11552.5,7.133706e-06,3.566853e-05,0
11555.0,11560.0,11557.5,9.495362e-06,4.747681e-05,0
11560.0,11565.0,11562.5,4.764324e-06,2.382162e-05,0
11565.0,11570.0,11567.5,1.3086248e-05,6.543124e-05,0
11570.0,11575.0,11572.5,4.757986e-06,2.378993e-05,0
11575.0,11580.0,11577.5,7.160548e-06,3.580274e-05,0
11580.0,11585.0,11582.5,7.160694e-06,3.580347e-05,0
11585.0,11590.0,11587.5,1.1913718e-05,5.956859e-05,0
11590.0,11595.0,11592.5,7.141842e-06,3.570921e-05,0
11595.0,11600.0,11597.5,1.0704926e-05,5.352463e-05,0
11600.0,11605.0,11602.5,1.1871822e-05,5.935911e-05,0
11605.0,11610.0,11607.5,1.073064e-05,5.36532e-05,0
11610.0,11615.0,11612.5,1.0706834e-05,5.353417e-05,0
11615.0,11620.0,11617.5,9.487324e-06,4.743662e-05,0
11620.0,11625.0,11622.5,1.0692562e-05,5.346281e-05,0
11625.0,11630.0,11627.5,1.307432e-05,6.53716e-05,0
11630.0,11635.0,11632.5,4.772294e-06,2.386147e-05,0
11635.0,11640.0,11637.5,1.4275914e-05,7.137957e-05,0
11640.0,11645.0,11642.5,7.108892e-06,3.554446e-05,0
11645.0,11650.0,11647.5,4.755844e-06,2.377922e-05,0
11650.0,11655.0,11652.5,8.319296e-06,4.159648e-05,0
11655.0,11660.0,11657.5,3.562478e-06,1.781239e-05,0
11660.0,11665.0,11662.5,9.508342e-06,4.754171e-05,0
11665.0,11670.0,11667.5,1.781946e-05,8.90973e-05,0
11670.0,11675.0,11672.5,7.139352e-06,3.569676e-05,0
11675.0,11680.0,11677.5,9.52044e-06,4.76022e-05,0
11680.0,11685.0,11682.5,1.1867102e-05,5.933551e-05,0
11685.0,11690.0,11687.5,3.5826e-06,1.7913e-05,0
11690.0,11695.0,11692.5,5.92588e-06,2.96294e-05,0
11695.0,11700.0,11697.5,5.940818e-06,2.970409e-05,0
11700.0,11705.0,11702.5,1.0727946e-05,5.363973e-05,0
11705.0,11710.0,11707.5,7.153162e-06,3.576581e-05,0
11710.0,11715.0,11712.5,8.314286e-06,4.157143e-05,0
11715.0,11720.0,11717.5,1.068864e-05,5.34432e-05,0
11720.0,11725.0,11722.5,2.396146e-06,1.198073e-05,0
11725.0,11730.0,11727.5,5.948454e-06,2.974227e-05,0
11730.0,11735.0,11732.5,5.936222e-06,2.968111e-05,0
11735.0,11740.0,11737.5,8.314622e-06,4.157311e-05,0
11740.0,11745.0,11742.5,1.0704816e-05,5.352408e-05,0
11745.0,11750.0,11747.5,1.426187e-05,7.130935e-05,0
11750.0,11755.0,11752.5,1.1937868e-05,5.968934e-05,0
11755.0,11760.0,11757.5,1.1837606e-05,5.918803e-05,0
11760.0,11765.0,11762.5,8.332428e-06,4.166214e-05,0
11765.0,11770.0,11767.5,2.379158e-06,1.189579e-05,0
11770.0,11775.0,11772.5,8.314446e-06,4.157223e-05,0
11775.0,11780.0,11777.5,7.122598e-06,3.561299e-05,0
11780.0,11785.0,11782.5,9.525088e-06,4.762544e-05,0
11785.0,11790.0,11787.5,9.518744e-06,4.759372e-05,0
11790.0,11795.0,11792.5,5.943468e-06,2.971734e-05,0
11795.0,11800.0,11797.5,8.27561e-06,4.137805e-05,0
11800.0,11805.0,11802.5,4.746186e-06,2.373093e-05,0
11805.0,11810.0,11807.5,7.144466e-06,3.572233e-05,0
11810.0,11815.0,11812.5,8.339928e-06,4.169964e-05,0
11815.0,11820.0,11817.5,7.151504e-06,3.575752e-05,0
11820.0,11825.0,11822.5,3.57738e-06,1.78869e-05,0
11825.0,11830.0,11827.5,2.368004e-06,1.184002e-05,0
11830.0,11835.0,11832.5,1.0674828e-05,5.337414e-05,0
11835.0,11840.0,11837.5,7.164626e-06,3.582313e-05,0
11840.0,11845.0,11842.5,5.919916e-06,2.959958e-05,0
11845.0,11850.0,11847.5,9.540584e-06,4.770292e-05,0
11850.0,11855.0,11852.5,1.067551e-05,5.337755e-05,0
11855.0,11860.0,11857.5,3.576774e-06,1.788387e-05,0
11860.0,11865.0,11862.5,5.94444e-06,2.97222e-05,0
11865.0,11870.0,11867.5,4.761314e-06,2.380657e-05,0
11870.0,11875.0,11872.5,1.0722418e-05,5.361209e-05,0
11875.0,11880.0,11877.5,8.31807e-06,4.159035e-05,0
11880.0,11885.0,11882.5,1.0715388e-05,5.357694e-05,0
11885.0,11890.0,11887.5,7.115908e-06,3.557954e-05,0
11890.0,11895.0,11892.5,7.119242e-06,3.559621e-05,0
11895.0,11900.0,11897.5,9.538396e-06,4.769198e-05,0
11900.0,11905.0,11902.5,3.564998e-06,1.782499e-05,0
11905.0,11910.0,11907.5,7.126974e-06,3.563487e-05,0
11910.0,11915.0,11912.5,3.58013e-06,1.790065e-05,0
11915.0,11920.0,11917.5,3.571228e-06,1.785614e-05,0
11920.0,11925.0,11922.5,9.492062e-06,4.746031e-05,0
11925.0,11930.0,11927.5,1.0718764e-05,5.359382e-05,0
11930.0,11935.0,11932.5,1.0696926e-05,5.348463e-05,0
11935.0,11940.0,11937.5,5.947258e-06,2.973629e-05,0
11940.0,11945.0,11942.5,1.0673862e-05,5.336931e-05,0
11945.0,11950.0,11947.5,8.323544e-06,4.161772e-05,0
11950.0,11955.0,11952.5,8.290994e-06,4.145497e-05,0
11955.0,11960.0,11957.5,1.9025028e-05,9.512514e-05,0
11960.0,11965.0,11962.5,9.502928e-06,4.751464e-05,0
11965.0,11970.0,11967.5,5.932552e-06,2.966276e-05,0
11970.0,11975.0,11972.5,5.949632e-06,2.974816e-05,0
11975.0,11980.0,11977.5,5.943742e-06,2.971871e-05,0
11980.0,11985.0,11982.5,1.1919034e-05,5.959517e-05,0
11985.0,11990.0,11987.5,7.163642e-06,3.581821e-05,0
11990.0,11995.0,11992.5,7.156056e-06,3.578028e-05,0
11995.0,12000.0,11997.5,1.0740892e-05,5.370446e-05,0
12000.0,12005.0,12002.5,9.51232e-06,4.75616e-05,0
12005.0,12010.0,12007.5,4.761878e-06,2.380939e-05,0
12010.0,12015.0,12012.5,1.192224e-05,5.96112e-05,0
12015.0,12020.0,12017.5,1.311294e-05,6.55647e-05,0
12020.0,12025.0,12022.5,5.916008e-06,2.958004e-05,0
12025.0,12030.0,12027.5,3.57485e-06,1.787425e-05,0
12030.0,12035.0,12032.5,8.337498e-06,4.168749e-05,0
12035.0,12040.0,12037.5,1.1919326e-05,5.959663e-05,0
12040.0,12045.0,12042.5,8.323406e-06,4.161703e-05,0
12045.0,12050.0,12047.5,8.31093e-06,4.155465e-05,0
12050.0,12055.0,12052.5,1.1913784e-05,5.956892e-05,0
12055.0,12060.0,12057.5,8.302736e-06,4.151368e-05,0
12060.0,12065.0,12062.5,8.27732e-06,4.13866e-05,0
12065.0,12070.0,12067.5,5.940384e-06,2.970192e-05,0
12070.0,12075.0,12072.5,5.965492e-06,2.982746e-05,0
12075.0,12080.0,12077.5,7.107084e-06,3.553542e-05,0
12080.0,12085.0,12082.5,7.121226e-06,3.560613e-05,0
12085.0,12090.0,12087.5,5.952636e-06,2.976318e-05,0
12090.0,12095.0,12092.5,7.152534e-06,3.576267e-05,0
12095.0,12100.0,12097.5,8.31551e-06,4.157755e-05,0
12100.0,12105.0,12102.5,5.975914e-06,2.987957e-05,0
12105.0,12110.0,12107.5,8.325988e-06,4.162994e-05,0
12110.0,12115.0,12112.5,7.147516e-06,3.573758e-05,0
12115.0,12120.0,12117.5,7.157536e-06,3.578768e-05,0
12120.0,12125.0,12122.5,1.1869764e-05,5.934882e-05,0
12125.0,12130.0,12127.5,7.147472e-06,3.573736e-05,0
12130.0,12135.0,12132.5,5.976786e-06,2.988393e-05,0
12135.0,12140.0,12137.5,5.940454e-06,2.970227e-05,0
12140.0,12145.0,12142.5,8.294548e-06,4.147274e-05,0
12145.0,12150.0,12147.5,4.790432e-06,2.395216e-05,0
12150.0,12155.0,12152.5,7.123442e-06,3.561721e-05,0
12155.0,12160.0,12157.5,8.327652e-06,4.163826e-05,0
12160.0,12165.0,12162.5,1.070297e-05,5.351485e-05,0
12165.0,12170.0,12167.5,1.0671606e-05,5.335803e-05,0
12170.0,12175.0,12172.5,1.0729454e-05,5.364727e-05,0
12175.0,12180.0,12177.5,2.385166e-06,1.192583e-05,0
12180.0,12185.0,12182.5,5.95772e-06,2.97886e-05,0
12185.0,12190.0,12187.5,7.128972e-06,3.564486e-05,0
12190.0,12195.0,12192.5,4.773838e-06,2.386919e-05,0
12195.0,12200.0,12197.5,4.763706e-06,2.381853e-05,0
12200.0,12205.0,12202.5,1.423024e-05,7.11512e-05,0
12205.0,12210.0,12207.5,4.737628e-06,2.368814e-05,0
12210.0,12215.0,12212.5,9.563594e-06,4.781797e-05,0
12215.0,12220.0,12217.5,1.0716432e-05,5.358216e-05,0
12220.0,12225.0,12222.5,1.3051346e-05,6.525673e-05,0
12225.0,12230.0,12227.5,1.1856368e-05,5.928184e-05,0
12230.0,12235.0,12232.5,1.1907446e-05,5.953723e-05,0
12235.0,12240.0,12237.5,5.933918e-06,2.966959e-05,0
12240.0,12245.0,12242.5,9.554768e-06,4.777384e-05,0
12245.0,12250.0,12247.5,7.112622e-06,3.556311e-05,0
12250.0,12255.0,12252.5,5.923088e-06,2.961544e-05,0
12255.0,12260.0,12257.5,4.758296e-06,2.379148e-05,0
12260.0,12265.0,12262.5,8.337508e-06,4.168754e-05,0
12265.0,12270.0,12267.5,4.751186e-06,2.375593e-05,0
12270.0,12275.0,12272.5,9.502006e-06,4.751003e-05,0
12275.0,12280.0,12277.5,1.3052412e-05,6.526206e-05,0
12280.0,12285.0,12282.5,1.310467e-05,6.552335e-05,0
12285.0,12290.0,12287.5,7.140988e-06,3.570494e-05,0
12290.0,12295.0,12292.5,1.0685666e-05,5.342833e-05,0
12295.0,12300.0,12297.5,9.516846e-06,4.758423e-05,0
12300.0,12305.0,12302.5,9.540086e-06,4.770043e-05,0
12305.0,12310.0,12307.5,1.1892756e-05,5.946378e-05,0
12310.0,12315.0,12312.5,8.330236e-06,4.165118e-05,0
12315.0,12320.0,12317.5,4.74652e-06,2.37326e-05,0
12320.0,12325.0,12322.5,7.111532e-06,3.555766e-05,0
12325.0,12330.0,12327.5,9.518198e-06,4.759099e-05,0
12330.0,12335.0,12332.5,9.512178e-06,4.756089e-05,0
12335.0,12340.0,12337.5,4.75871e-06,2.379355e-05,0
12340.0,12345.0,12342.5,7.127534e-06,3.563767e-05,0
12345.0,12350.0,12347.5,1.4263554e-05,7.131777e-05,0
12350.0,12355.0,12352.5,5.930516e-06,2.965258e-05,0
12355.0,12360.0,12357.5,8.349328e-06,4.174664e-05,0
12360.0,12365.0,12362.5,8.332958e-06,4.166479e-05,0
12365.0,12370.0,12367.5,1.549939e-05,7.749695e-05,0
12370.0,12375.0,12372.5,8.311936e-06,4.155968e-05,0
12375.0,12380.0,12377.5,5.92213e-06,2.961065e-05,0
12380.0,12385.0,12382.5,9.497958e-06,4.748979e-05,0
12385.0,12390.0,12387.5,4.771192e-06,2.385596e-05,0
12390.0,12395.0,12392.5,1.9042976e-05,9.521488e-05,0
12395.0,12400.0,12397.5,8.33986e-06,4.16993e-05,0
12400.0,12405.0,12402.5,4.771192e-06,2.385596e-05,0
12405.0,12410.0,12407.5,5.965786e-06,2.982893e-05,0
12410.0,12415.0,12412.5,1.1897662e-05,5.948831e-05,0
12415.0,12420.0,12417.5,5.944014e-06,2.972007e-05,0
12420.0,12425.0,12422.5,9.502212e-06,4.751106e-05,0
12425.0,12430.0,12427.5,9.480554e-06,4.740277e-05,0
12430.0,12435.0,12432.5,5.93305e-06,2.966525e-05,0
12435.0,12440.0,12437.5,7.115814e-06,3.557907e-05,0
12440.0,12445.0,12442.5,1.3074004e-05,6.537002e-05,0
12445.0,12450.0,12447.5,7.171354e-06,3.585677e-05,0
12450.0,12455.0,12452.5,1.0666342e-05,5.333171e-05,0
12455.0,12460.0,12457.5,1.4333084e-05,7.166542e-05,0
12460.0,12465.0,12462.5,8.294992e-06,4.147496e-05,0
12465.0,12470.0,12467.5,5.92835e-06,2.964175e-05,0
12470.0,12475.0,12472.5,1.0695426e-05,5.347713e-05,0
12475.0,12480.0,12477.5,1.0709164e-05,5.354582e-05,0
12480.0,12485.0,12482.5,1.3066378e-05,6.533189e-05,0
12485.0,12490.0,12487.5,8.360312e-06,4.180156e-05,0
12490.0,12495.0,12492.5,5.94605e-06,2.973025e-05,0
12495.0,12500.0,12497.5,8.314088e-06,4.157044e-05,0
12500.0,12505.0,12502.5,4.752238e-06,2.376119e-05,0
12505.0,12510.0,12507.5,7.14027e-06,3.570135e-05,0
12510.0,12515.0,12512.5,7.1381e-06,3.56905e-05,0
12515.0,12520.0,12517.5,1.1890718e-05,5.945359e-05,0
12520.0,12525.0,12522.5,5.939508e-06,2.969754e-05,0
12525.0,12530.0,12527.5,7.165186e-06,3.582593e-05,0
12530.0,12535.0,12532.5,5.942418e-06,2.971209e-05,0
12535.0,12540.0,12537.5,7.153028e-06,3.576514e-05,0
12540.0,12545.0,12542.5,1.3080834e-05,6.540417e-05,0
12545.0,12550.0,12547.5,3.590056e-06,1.795028e-05,0
12550.0,12555.0,12552.5,5.966554e-06,2.983277e-05,0
12555.0,12560.0,12557.5,3.55446e-06,1.77723e-05,0
12560.0,12565.0,12562.5,4.758024e-06,2.379012e-05,0
12565.0,12570.0,12567.5,4.765482e-06,2.382741e-05,0
12570.0,12575.0,12572.5,5.933918e-06,2.966959e-05,0
12575.0,12580.0,12577.5,8.312836e-06,4.156418e-05,0
12580.0,12585.0,12582.5,9.492526e-06,4.746263e-05,0
12585.0,12590.0,12587.5,8.314876e-06,4.157438e-05,0
12590.0,12595.0,12592.5,7.14076e-06,3.57038e-05,0
12595.0,12600.0,12597.5,1.069871e-05,5.349355e-05,0
12600.0,12605.0,12602.5,7.149596e-06,3.574798e-05,0
12605.0,12610.0,12607.5,1.3065836e-05,6.532918e-05,0
12610.0,12615.0,12612.5,5.93143e-06,2.965715e-05,0
12615.0,12620.0,12617.5,8.331882e-06,4.165941e-05,0
12620.0,12625.0,12622.5,1.189532e-05,5.94766e-05,0
12625.0,12630.0,12627.5,5.962508e-06,2.981254e-05,0
12630.0,12635.0,12632.5,5.942456e-06,2.971228e-05,0
12635.0,12640.0,12637.5,5.961072e-06,2.980536e-05,0
12640.0,12645.0,12642.5,1.0725348e-05,5.362674e-05,0
12645.0,12650.0,12647.5,7.170008e-06,3.585004e-05,0
12650.0,12655.0,12652.5,9.51922e-06,4.75961e-05,0
12655.0,12660.0,12657.5,8.316512e-06,4.158256e-05,0
12660.0,12665.0,12662.5,4.734104e-06,2.367052e-05,0
12665.0,12670.0,12667.5,1.1888612e-05,5.944306e-05,0
12670.0,12675.0,12672.5,4.750152e-06,2.375076e-05,0
12675.0,12680.0,12677.5,7.130764e-06,3.565382e-05,0
12680.0,12685.0,12682.5,7.143548e-06,3.571774e-05,0
12685.0,12690.0,12687.5,4.756676e-06,2.378338e-05,0
12690.0,12695.0,12692.5,7.14625e-06,3.573125e-05,0
12695.0,12700.0,12697.5,8.336294e-06,4.168147e-05,0
12700.0,12705.0,12702.5,4.763924e-06,2.381962e-05,0
12705.0,12710.0,12707.5,4.730874e-06,2.365437e-05,0
12710.0,12715.0,12712.5,1.066214e-05,5.33107e-05,0
12715.0,12720.0,12717.5,7.122798e-06,3.561399e-05,0
12720.0,12725.0,12722.5,1.0698904e-05,5.349452e-05,0
12725.0,12730.0,12727.5,9.495644e-06,4.747822e-05,0
12730.0,12735.0,12732.5,2.371634e-06,1.185817e-05,0
12735.0,12740.0,12737.5,7.153028e-06,3.576514e-05,0
12740.0,12745.0,12742.5,1.186519e-05,5.932595e-05,0
12745.0,12750.0,12747.5,3.554728e-06,1.777364e-05,0
12750.0,12755.0,12752.5,1.4307604e-05,7.153802e-05,0
12755.0,12760.0,12757.5,1.1888562e-05,5.944281e-05,0
12760.0,12765.0,12762.5,9.495494e-06,4.747747e-05,0
12765.0,12770.0,12767.5,4.729302e-06,2.364651e-05,0
12770.0,12775.0,12772.5,7.111454e-06,3.555727e-05,0
12775.0,12780.0,12777.5,1.0696336e-05,5.348168e-05,0
12780.0,12785.0,12782.5,8.325852e-06,4.162926e-05,0
12785.0,12790.0,12787.5,5.935944e-06,2.967972e-05,0
12790.0,12795.0,12792.5,8.31675e-06,4.158375e-05,0
12795.0,12800.0,12797.5,4.743168e-06,2.371584e-05,0
12800.0,12805.0,12802.5,5.904048e-06,2.952024e-05,0
12805.0,12810.0,12807.5,1.3030758e-05,6.515379e-05,0
12810.0,12815.0,12812.5,4.767384e-06,2.383692e-05,0
12815.0,12820.0,12817.5,4.749948e-06,2.374974e-05,0
12820.0,12825.0,12822.5,3.564876e-06,1.782438e-05,0
12825.0,12830.0,12827.5,5.942494e-06,2.971247e-05,0
12830.0,12835.0,12832.5,9.495394e-06,4.747697e-05,0
12835.0,12840.0,12837.5,9.530868e-06,4.765434e-05,0
12840.0,12845.0,12842.5,1.0695562e-05,5.347781e-05,0
12845.0,12850.0,12847.5,8.287924e-06,4.143962e-05,0
12850.0,12855.0,12852.5,1.1853712e-05,5.926856e-05,0
12855.0,12860.0,12857.5,7.12775e-06,3.563875e-05,0
12860.0,12865.0,12862.5,1.0734676e-05,5.367338e-05,0
12865.0,12870.0,12867.5,7.115362e-06,3.557681e-05,0
12870.0,12875.0,12872.5,9.545314e-06,4.772657e-05,0
12875.0,12880.0,12877.5,5.980124e-06,2.990062e-05,0
12880.0,12885.0,12882.5,1.0729544e-05,5.364772e-05,0
12885.0,12890.0,12887.5,3.580052e-06,1.790026e-05,0
12890.0,12895.0,12892.5,5.957984e-06,2.978992e-05,0
12895.0,12900.0,12897.5,5.970708e-06,2.985354e-05,0
12900.0,12905.0,12902.5,4.759348e-06,2.379674e-05,0
12905.0,12910.0,12907.5,8.332908e-06,4.166454e-05,0
12910.0,12915.0,12912.5,8.324678e-06,4.162339e-05,0
12915.0,12920.0,12917.5,7.121054e-06,3.560527e-05,0
12920.0,12925.0,12922.5,3.560708e-06,1.780354e-05,0
12925.0,12930.0,12927.5,1.0691614e-05,5.345807e-05,0
12930.0,12935.0,12932.5,4.780636e-06,2.390318e-05,0
12935.0,12940.0,12937.5,1.1872212e-05,5.936106e-05,0
12940.0,12945.0,12942.5,9.500004e-06,4.750002e-05,0
12945.0,12950.0,12947.5,1.7817468e-05,8.908734e-05,0
12950.0,12955.0,12952.5,4.756112e-06,2.378056e-05,0
12955.0,12960.0,12957.5,9.535408e-06,4.767704e-05,0
12960.0,12965.0,12962.5,1.0685568e-05,5.342784e-05,0
12965.0,12970.0,12967.5,3.579716e-06,1.789858e-05,0
12970.0,12975.0,12972.5,8.32086e-06,4.16043e-05,0
12975.0,12980.0,12977.5,1.1873668e-05,5.936834e-05,0
12980.0,12985.0,12982.5,1.0677228e-05,5.338614e-05,0
12985.0,12990.0,12987.5,2.399088e-06,1.199544e-05,0
12990.0,12995.0,12992.5,8.313882e-06,4.156941e-05,0
12995.0,13000.0,12997.5,1.4260884e-05,7.130442e-05,0
13000.0,13005.0,13002.5,1.1914606e-05,5.957303e-05,0
13005.0,13010.0,13007.5,9.5076e-06,4.7538e-05,0
13010.0,13015.0,13012.5,9.496426e-06,4.748213e-05,0
13015.0,13020.0,13017.5,7.1446e-06,3.5723e-05,0
13020.0,13025.0,13022.5,3.562478e-06,1.781239e-05,0
13025.0,13030.0,13027.5,1.4247566e-05,7.123783e-05,0
13030.0,13035.0,13032.5,5.945066e-06,2.972533e-05,0
13035.0,13040.0,13037.5,7.159182e-06,3.579591e-05,0
13040.0,13045.0,13042.5,1.0704328e-05,5.352164e-05,0
13045.0,13050.0,13047.5,1.184272e-06,5.92136e-06,0
13050.0,13055.0,13052.5,8.330208e-06,4.165104e-05,0
13055.0,13060.0,13057.5,5.90796e-06,2.95398e-05,0
13060.0,13065.0,13062.5,3.564588e-06,1.782294e-05,0
13065.0,13070.0,13067.5,9.548948e-06,4.774474e-05,0
13070.0,13075.0,13072.5,3.586238e-06,1.793119e-05,0
13075.0,13080.0,13077.5,5.953134e-06,2.976567e-05,0
13080.0,13085.0,13082.5,1.0686382e-05,5.343191e-05,0
13085.0,13090.0,13087.5,9.525808e-06,4.762904e-05,0
13090.0,13095.0,13092.5,5.93053e-06,2.965265e-05,0
13095.0,13100.0,13097.5,5.944778e-06,2.972389e-05,0
13100.0,13105.0,13102.5,1.1889474e-05,5.944737e-05,0
13105.0,13110.0,13107.5,1.427918e-05,7.13959e-05,0
13110.0,13115.0,13112.5,8.322146e-06,4.161073e-05,0
13115.0,13120.0,13117.5,7.14213e-06,3.571065e-05,0
13120.0,13125.0,13122.5,4.78776e-06,2.39388e-05,0
13125.0,13130.0,13127.5,8.31422e-06,4.15711e-05,0
13130.0,13135.0,13132.5,4.75195e-06,2.375975e-05,0
13135.0,13140.0,13137.5,5.923502e-06,2.961751e-05,0
13140.0,13145.0,13142.5,1.3090988e-05,6.545494e-05,0
13145.0,13150.0,13147.5,9.497108e-06,4.748554e-05,0
13150.0,13155.0,13152.5,1.4252652e-05,7.126326e-05,0
13155.0,13160.0,13157.5,7.107884e-06,3.553942e-05,0
13160.0,13165.0,13162.5,4.76783e-06,2.383915e-05,0
13165.0,13170.0,13167.5,1.1913524e-05,5.956762e-05,0
13170.0,13175.0,13172.5,3.592608e-06,1.796304e-05,0
13175.0,13180.0,13177.5,1.5456062e-05,7.728031e-05,0
13180.0,13185.0,13182.5,8.326832e-06,4.163416e-05,0
13185.0,13190.0,13187.5,9.499704e-06,4.749852e-05,0
13190.0,13195.0,13192.5,1.0710334e-05,5.355167e-05,0
13195.0,13200.0,13197.5,1.1911892e-05,5.955946e-05,0
13200.0,13205.0,13202.5,1.194886e-06,5.97443e-06,0
13205.0,13210.0,13207.5,9.494822e-06,4.747411e-05,0
13210.0,13215.0,13212.5,1.0706646e-05,5.353323e-05,0
13215.0,13220.0,13217.5,9.52647e-06,4.763235e-05,0
13220.0,13225.0,13222.5,8.345268e-06,4.172634e-05,0
13225.0,13230.0,13227.5,9.530284e-06,4.765142e-05,0
13230.0,13235.0,13232.5,5.923914e-06,2.961957e-05,0
13235.0,13240.0,13237.5,1.0713346e-05,5.356673e-05,0
13240.0,13245.0,13242.5,7.101482e-06,3.550741e-05,0
13245.0,13250.0,13247.5,1.4270928e-05,7.135464e-05,0
13250.0,13255.0,13252.5,1.191256e-06,5.95628e-06,0
13255.0,13260.0,13257.5,1.1873702e-05,5.936851e-05,0
13260.0,13265.0,13262.5,1.4245992e-05,7.122996e-05,0
13265.0,13270.0,13267.5,5.934706e-06,2.967353e-05,0
13270.0,13275.0,13272.5,5.9703e-06,2.98515e-05,0
13275.0,13280.0,13277.5,5.946072e-06,2.973036e-05,0
13280.0,13285.0,13282.5,1.3090906e-05,6.545453e-05,0
13285.0,13290.0,13287.5,4.75381e-06,2.376905e-05,0
13290.0,13295.0,13292.5,4.750626e-06,2.375313e-05,0
13295.0,13300.0,13297.5,9.530934e-06,4.765467e-05,0
13300.0,13305.0,13302.5,8.32145e-06,4.160725e-05,0
13305.0,13310.0,13307.5,1.3101604e-05,6.550802e-05,0
13310.0,13315.0,13312.5,7.156718e-06,3.578359e-05,0
13315.0,13320.0,13317.5,1.190676e-05,5.95338e-05,0
13320.0,13325.0,13322.5,4.754416e-06,2.377208e-05,0
13325.0,13330.0,13327.5,5.926876e-06,2.963438e-05,0
13330.0,13335.0,13332.5,8.348776e-06,4.174388e-05,0
13335.0,13340.0,13337.5,2.36184e-06,1.18092e-05,0
13340.0,13345.0,13342.5,3.557276e-06,1.778638e-05,0
13345.0,13350.0,13347.5,7.14567e-06,3.572835e-05,0
13350.0,13355.0,13352.5,5.933552e-06,2.966776e-05,0
13355.0,13360.0,13357.5,1.0732004e-05,5.366002e-05,0
13360.0,13365.0,13362.5,1.6659854e-05,8.329927e-05,0
13365.0,13370.0,13367.5,7.156164e-06,3.578082e-05,0
13370.0,13375.0,13372.5,7.114506e-06,3.557253e-05,0
13375.0,13380.0,13377.5,3.58513e-06,1.792565e-05,0
13380.0,13385.0,13382.5,8.333224e-06,4.166612e-05,0
13385.0,13390.0,13387.5,3.562252e-06,1.781126e-05,0
13390.0,13395.0,13392.5,1.1884068e-05,5.942034e-05,0
13395.0,13400.0,13397.5,7.112742e-06,3.556371e-05,0
13400.0,13405.0,13402.5,5.924912e-06,2.962456e-05,0
13405.0,13410.0,13407.5,5.961566e-06,2.980783e-05,0
13410.0,13415.0,13412.5,9.522564e-06,4.761282e-05,0
13415.0,13420.0,13417.5,7.140834e-06,3.570417e-05,0
13420.0,13425.0,13422.5,8.322222e-06,4.161111e-05,0
13425.0,13430.0,13427.5,4.7605e-06,2.38025e-05,0
13430.0,13435.0,13432.5,1.1930064e-05,5.965032e-05,0
13435.0,13440.0,13437.5,8.34968e-06,4.17484e-05,0
13440.0,13445.0,13442.5,7.142628e-06,3.571314e-05,0
13445.0,13450.0,13447.5,3.546372e-06,1.773186e-05,0
13450.0,13455.0,13452.5,4.748734e-06,2.374367e-05,0
13455.0,13460.0,13457.5,7.14213e-06,3.571065e-05,0
13460.0,13465.0,13462.5,1.0678734e-05,5.339367e-05,0
13465.0,13470.0,13467.5,7.129672e-06,3.564836e-05,0
13470.0,13475.0,13472.5,1.0718942e-05,5.359471e-05,0
13475.0,13480.0,13477.5,9.530206e-06,4.765103e-05,0
13480.0,13485.0,13482.5,1.3047524e-05,6.523762e-05,0
13485.0,13490.0,13487.5,7.136894e-06,3.568447e-05,0
13490.0,13495.0,13492.5,7.130142e-06,3.565071e-05,0
13495.0,13500.0,13497.5,3.568676e-06,1.784338e-05,0
13500.0,13505.0,13502.5,3.587796e-06,1.793898e-05,0
13505.0,13510.0,13507.5,7.134732e-06,3.567366e-05,0
13510.0,13515.0,13512.5,4.74344e-06,2.37172e-05,0
13515.0,13520.0,13517.5,1.0684094e-05,5.342047e-05,0
13520.0,13525.0,13522.5,2.38896e-06,1.19448e-05,0
13525.0,13530.0,13527.5,7.12516e-06,3.56258e-05,0
13530.0,13535.0,13532.5,1.0688988e-05,5.344494e-05,0
13535.0,13540.0,13537.5,1.3136374e-05,6.568187e-05,0
13540.0,13545.0,13542.5,1.184272e-06,5.92136e-06,0
13545.0,13550.0,13547.5,9.502998e-06,4.751499e-05,0
13550.0,13555.0,13552.5,9.48582e-06,4.74291e-05,0
13555.0,13560.0,13557.5,8.316874e-06,4.158437e-05,0
13560.0,13565.0,13562.5,9.535942e-06,4.767971e-05,0
13565.0,13570.0,13567.5,8.312836e-06,4.156418e-05,0
13570.0,13575.0,13572.5,3.560342e-06,1.780171e-05,0
13575.0,13580.0,13577.5,1.4302704e-05,7.151352e-05,0
13580.0,13585.0,13582.5,9.534498e-06,4.767249e-05,0
13585.0,13590.0,13587.5,2.387714e-06,1.193857e-05,0
13590.0,13595.0,13592.5,1.186692e-05,5.93346e-05,0
13595.0,13600.0,13597.5,8.334214e-06,4.167107e-05,0
13600.0,13605.0,13602.5,8.340698e-06,4.170349e-05,0
13605.0,13610.0,13607.5,1.0723432e-05,5.361716e-05,0
13610.0,13615.0,13612.5,8.338394e-06,4.169197e-05,0
13615.0,13620.0,13617.5,7.141168e-06,3.570584e-05,0
13620.0,13625.0,13622.5,5.969908e-06,2.984954e-05,0
13625.0,13630.0,13627.5,1.1912304e-05,5.956152e-05,0
13630.0,13635.0,13632.5,2.396146e-06,1.198073e-05,0
13635.0,13640.0,13637.5,9.532358e-06,4.766179e-05,0
13640.0,13645.0,13642.5,4.758024e-06,2.379012e-05,0
13645.0,13650.0,13647.5,2.38073e-06,1.190365e-05,0
13650.0,13655.0,13652.5,7.141456e-06,3.570728e-05,0
13655.0,13660.0,13657.5,1.196458e-06,5.98229e-06,0
13660.0,13665.0,13662.5,2.390944e-06,1.195472e-05,0
13665.0,13670.0,13667.5,1.176748e-06,5.88374e-06,0
13670.0,13675.0,13672.5,4.733192e-06,2.366596e-05,0
13675.0,13680.0,13677.5,9.528964e-06,4.764482e-05,0
13680.0,13685.0,13682.5,8.337706e-06,4.168853e-05,0
13685.0,13690.0,13687.5,2.375802e-06,1.187901e-05,0
13690.0,13695.0,13692.5,1.199688e-06,5.99844e-06,0
13695.0,13700.0,13697.5,4.768076e-06,2.384038e-05,0
13700.0,13705.0,13702.5,1.0709674e-05,5.354837e-05,0
13705.0,13710.0,13707.5,4.77622e-06,2.38811e-05,0
13710.0,13715.0,13712.5,9.521886e-06,4.760943e-05,0
13715.0,13720.0,13717.5,1.184272e-06,5.92136e-06,0
13720.0,13725.0,13722.5,4.761258e-06,2.380629e-05,0
13725.0,13730.0,13727.5,8.307784e-06,4.153892e-05,0
13730.0,13735.0,13732.5,7.143526e-06,3.571763e-05,0
13735.0,13740.0,13737.5,7.141974e-06,3.570987e-05,0
13740.0,13745.0,13742.5,2.36102e-06,1.18051e-05,0
13745.0,13750.0,13747.5,5.925604e-06,2.962802e-05,0
13750.0,13755.0,13752.5,1.0690648e-05,5.345324e-05,0
13755.0,13760.0,13757.5,1.3104354e-05,6.552177e-05,0
13760.0,13765.0,13762.5,5.949862e-06,2.974931e-05,0
13765.0,13770.0,13767.5,7.151216e-06,3.575608e-05,0
13770.0,13775.0,13772.5,3.554728e-06,1.777364e-05,0
13775.0,13780.0,13777.5,2.36602e-06,1.18301e-05,0
13780.0,13785.0,13782.5,4.76194e-06,2.38097e-05,0
13785.0,13790.0,13787.5,3.5826e-06,1.7913e-05,0
13790.0,13795.0,13792.5,9.500804e-06,4.750402e-05,0
13795.0,13800.0,13797.5,1.067022e-05,5.33511e-05,0
13800.0,13805.0,13802.5,1.4258606e-05,7.129303e-05,0
13805.0,13810.0,13807.5,2.387714e-06,1.193857e-05,0
13810.0,13815.0,13812.5,5.957098e-06,2.978549e-05,0
13815.0,13820.0,13817.5,7.114312e-06,3.557156e-05,0
13820.0,13825.0,13822.5,5.950874e-06,2.975437e-05,0
13825.0,13830.0,13827.5,1.070876e-05,5.35438e-05,0
13830.0,13835.0,13832.5,7.13375e-06,3.566875e-05,0
13835.0,13840.0,13837.5,8.314692e-06,4.157346e-05,0
13840.0,13845.0,13842.5,3.569024e-06,1.784512e-05,0
13845.0,13850.0,13847.5,5.94968e-06,2.97484e-05,0
13850.0,13855.0,13852.5,1.1883558e-05,5.941779e-05,0
13855.0,13860.0,13857.5,4.743394e-06,2.371697e-05,0
13860.0,13865.0,13862.5,7.128132e-06,3.564066e-05,0
13865.0,13870.0,13867.5,7.122696e-06,3.561348e-05,0
13870.0,13875.0,13872.5,8.351596e-06,4.175798e-05,0
13875.0,13880.0,13877.5,4.779616e-06,2.389808e-05,0
13880.0,13885.0,13882.5,5.949792e-06,2.974896e-05,0
13885.0,13890.0,13887.5,3.591032e-06,1.795516e-05,0
13890.0,13895.0,13892.5,1.0686532e-05,5.343266e-05,0
13895.0,13900.0,13897.5,1.3109092e-05,6.554546e-05,0
13900.0,13905.0,13902.5,5.930608e-06,2.965304e-05,0
13905.0,13910.0,13907.5,4.766128e-06,2.383064e-05,0
13910.0,13915.0,13912.5,7.124266e-06,3.562133e-05,0
13915.0,13920.0,13917.5,8.26062e-06,4.13031e-05,0
13920.0,13925.0,13922.5,7.137742e-06,3.568871e-05,0
13925.0,13930.0,13927.5,9.489152e-06,4.744576e-05,0
13930.0,13935.0,13932.5,5.970708e-06,2.985354e-05,0
13935.0,13940.0,13937.5,5.95811e-06,2.979055e-05,0
13940.0,13945.0,13942.5,5.9384e-06,2.9692e-05,0
13945.0,13950.0,13947.5,7.13534e-06,3.56767e-05,0
13950.0,13955.0,13952.5,4.749054e-06,2.374527e-05,0
13955.0,13960.0,13957.5,2.3988e-06,1.1994e-05,0
13960.0,13965.0,13962.5,5.930044e-06,2.965022e-05,0
13965.0,13970.0,13967.5,8.33766e-06,4.16883e-05,0
13970.0,13975.0,13972.5,8.329114e-06,4.164557e-05,0
13975.0,13980.0,13977.5,5.936782e-06,2.968391e-05,0
13980.0,13985.0,13982.5,5.919916e-06,2.959958e-05,0
13985.0,13990.0,13987.5,8.34978e-06,4.17489e-05,0
13990.0,13995.0,13992.5,9.506988e-06,4.753494e-05,0
13995.0,14000.0,13997.5,3.575202e-06,1.787601e-05,0
14000.0,14005.0,14002.5,1.0677618e-05,5.338809e-05,0
14005.0,14010.0,14007.5,2.37298e-06,1.18649e-05,0
14010.0,14015.0,14012.5,7.123358e-06,3.561679e-05,0
14015.0,14020.0,14017.5,4.771948e-06,2.385974e-05,0
14020.0,14025.0,14022.5,5.916008e-06,2.958004e-05,0
14025.0,14030.0,14027.5,5.933864e-06,2.966932e-05,0
14030.0,14035.0,14032.5,8.30406e-06,4.15203e-05,0
14035.0,14040.0,14037.5,2.380604e-06,1.190302e-05,0
14040.0,14045.0,14042.5,4.76803e-06,2.384015e-05,0
14045.0,14050.0,14047.5,7.12068e-06,3.56034e-05,0
14050.0,14055.0,14052.5,9.506202e-06,4.753101e-05,0
14055.0,14060.0,14057.5,5.919582e-06,2.959791e-05,0
14060.0,14065.0,14062.5,1.196458e-06,5.98229e-06,0
14065.0,14070.0,14067.5,7.12208e-06,3.56104e-05,0
14070.0,14075.0,14072.5,3.574998e-06,1.787499e-05,0
14075.0,14080.0,14077.5,3.584854e-06,1.792427e-05,0
14080.0,14085.0,14082.5,8.31928e-06,4.15964e-05,0
14085.0,14090.0,14087.5,1.1879972e-05,5.939986e-05,0
14090.0,14095.0,14092.5,5.960612e-06,2.980306e-05,0
14095.0,14100.0,14097.5,3.558896e-06,1.779448e-05,0
14100.0,14105.0,14102.5,3.561914e-06,1.780957e-05,0
14105.0,14110.0,14107.5,5.942268e-06,2.971134e-05,0
14110.0,14115.0,14112.5,9.557652e-06,4.778826e-05,0
14115.0,14120.0,14117.5,3.549456e-06,1.774728e-05,0
14120.0,14125.0,14122.5,5.95185e-06,2.975925e-05,0
14125.0,14130.0,14127.5,7.133516e-06,3.566758e-05,0
14130.0,14135.0,14132.5,4.760694e-06,2.380347e-05,0
14135.0,14140.0,14137.5,5.915946e-06,2.957973e-05,0
14140.0,14145.0,14142.5,7.124306e-06,3.562153e-05,0
14145.0,14150.0,14147.5,7.124582e-06,3.562291e-05,0
14150.0,14155.0,14152.5,8.33735e-06,4.168675e-05,0
14155.0,14160.0,14157.5,8.325594e-06,4.162797e-05,0
14160.0,14165.0,14162.5,4.776754e-06,2.388377e-05,0
14165.0,14170.0,14167.5,4.769004e-06,2.384502e-05,0
14170.0,14175.0,14172.5,5.930454e-06,2.965227e-05,0
14175.0,14180.0,14177.5,3.57226e-06,1.78613e-05,0
14180.0,14185.0,14182.5,4.77678e-06,2.38839e-05,0
14185.0,14190.0,14187.5,8.333284e-06,4.166642e-05,0
14190.0,14195.0,14192.5,4.779452e-06,2.389726e-05,0
14195.0,14200.0,14197.5,7.145912e-06,3.572956e-05,0
14200.0,14205.0,14202.5,8.30697e-06,4.153485e-05,0
14205.0,14210.0,14207.5,4.746624e-06,2.373312e-05,0
14210.0,14215.0,14212.5,5.93188e-06,2.96594e-05,0
14215.0,14220.0,14217.5,7.141424e-06,3.570712e-05,0
14220.0,14225.0,14222.5,9.488584e-06,4.744292e-05,0
14225.0,14230.0,14227.5,7.135072e-06,3.567536e-05,0
14230.0,14235.0,14232.5,3.569438e-06,1.784719e-05,0
14235.0,14240.0,14237.5,2.395858e-06,1.197929e-05,0
14240.0,14245.0,14242.5,2.370188e-06,1.185094e-05,0
14245.0,14250.0,14247.5,4.736204e-06,2.368102e-05,0
14250.0,14255.0,14252.5,5.942518e-06,2.971259e-05,0
14255.0,14260.0,14257.5,9.533664e-06,4.766832e-05,0
14260.0,14265.0,14262.5,3.546112e-06,1.773056e-05,0
14265.0,14270.0,14267.5,7.140966e-06,3.570483e-05,0
14270.0,14275.0,14272.5,5.941892e-06,2.970946e-05,0
14275.0,14280.0,14277.5,3.554168e-06,1.777084e-05,0
14280.0,14285.0,14282.5,4.757166e-06,2.378583e-05,0
14285.0,14290.0,14287.5,5.9219e-06,2.96095e-05,0
14290.0,14295.0,14292.5,4.77611e-06,2.388055e-05,0
14295.0,14300.0,14297.5,4.747608e-06,2.373804e-05,0
14300.0,14305.0,14302.5,2.370188e-06,1.185094e-05,0
14305.0,14310.0,14307.5,9.52451e-06,4.762255e-05,0
14315.0,14320.0,14317.5,4.718688e-06,2.359344e-05,0
14320.0,14325.0,14322.5,3.53024e-06,1.76512e-05,0
14325.0,14330.0,14327.5,3.571322e-06,1.785661e-05,0
14330.0,14335.0,14332.5,8.32459e-06,4.162295e-05,0
14335.0,14340.0,14337.5,7.127274e-06,3.563637e-05,0
14340.0,14345.0,14342.5,8.346518e-06,4.173259e-05,0
14345.0,14350.0,14347.5,3.546936e-06,1.773468e-05,0
14350.0,14355.0,14352.5,7.130014e-06,3.565007e-05,0
14355.0,14360.0,14357.5,5.940328e-06,2.970164e-05,0
14360.0,14365.0,14362.5,9.538248e-06,4.769124e-05,0
14365.0,14370.0,14367.5,4.774538e-06,2.387269e-05,0
14370.0,14375.0,14372.5,5.964242e-06,2.982121e-05,0
14375.0,14380.0,14377.5,4.754794e-06,2.377397e-05,0
14380.0,14385.0,14382.5,3.5648e-06,1.7824e-05,0
14385.0,14390.0,14387.5,3.580616e-06,1.790308e-05,0
14390.0,14395.0,14392.5,4.737094e-06,2.368547e-05,0
14395.0,14400.0,14397.5,3.564856e-06,1.782428e-05,0
14400.0,14405.0,14402.5,7.119242e-06,3.559621e-05,0
14405.0,14410.0,14407.5,3.53024e-06,1.76512e-05,0
14410.0,14415.0,14412.5,5.95622e-06,2.97811e-05,0
14415.0,14420.0,14417.5,4.773838e-06,2.386919e-05,0
14420.0,14425.0,14422.5,4.757138e-06,2.378569e-05,0
14425.0,14430.0,14427.5,4.761678e-06,2.380839e-05,0
14430.0,14435.0,14432.5,7.107084e-06,3.553542e-05,0
14435.0,14440.0,14437.5,7.160958e-06,3.580479e-05,0
14440.0,14445.0,14442.5,4.749614e-06,2.374807e-05,0
14445.0,14450.0,14447.5,2.36602e-06,1.18301e-05,0
14450.0,14455.0,14452.5,7.14213e-06,3.571065e-05,0
14455.0,14460.0,14457.5,3.574998e-06,1.787499e-05,0
14460.0,14465.0,14462.5,3.584176e-06,1.792088e-05,0
14465.0,14470.0,14467.5,2.388672e-06,1.194336e-05,0
14470.0,14475.0,14472.5,3.534416e-06,1.767208e-05,0
14475.0,14480.0,14477.5,4.746336e-06,2.373168e-05,0
14480.0,14485.0,14482.5,2.36184e-06,1.18092e-05,0
14485.0,14490.0,14487.5,2.368004e-06,1.184002e-05,0
14490.0,14495.0,14492.5,9.471132e-06,4.735566e-05,0
14495.0,14500.0,14497.5,4.749346e-06,2.374673e-05,0
14500.0,14505.0,14502.5,4.750152e-06,2.375076e-05,0
14505.0,14510.0,14507.5,7.164988e-06,3.582494e-05,0
14510.0,14515.0,14512.5,8.349536e-06,4.174768e-05,0
14515.0,14520.0,14517.5,5.935186e-06,2.967593e-05,0
14520.0,14525.0,14522.5,2.387714e-06,1.193857e-05,0
14525.0,14530.0,14527.5,5.935232e-06,2.967616e-05,0
14530.0,14535.0,14532.5,8.319702e-06,4.159851e-05,0
14535.0,14540.0,14537.5,4.740984e-06,2.370492e-05,0
14540.0,14545.0,14542.5,3.546936e-06,1.773468e-05,0
14545.0,14550.0,14547.5,5.93422e-06,2.96711e-05,0
14550.0,14555.0,14552.5,3.569024e-06,1.784512e-05,0
14555.0,14560.0,14557.5,9.491784e-06,4.745892e-05,0
14560.0,14565.0,14562.5,8.332636e-06,4.166318e-05,0
14565.0,14570.0,14567.5,5.973238e-06,2.986619e-05,0
14570.0,14575.0,14572.5,4.766746e-06,2.383373e-05,0
14575.0,14580.0,14577.5,7.120242e-06,3.560121e-05,0
14580.0,14585.0,14582.5,1.1846632e-05,5.923316e-05,0
14585.0,14590.0,14587.5,5.97039e-06,2.985195e-05,0
14590.0,14595.0,14592.5,4.72648e-06,2.36324e-05,0
14595.0,14600.0,14597.5,1.194886e-06,5.97443e-06,0
14600.0,14605.0,14602.5,4.76122e-06,2.38061e-05,0
14605.0,14610.0,14607.5,4.745716e-06,2.372858e-05,0
14610.0,14615.0,14612.5,5.94184e-06,2.97092e-05,0
14615.0,14620.0,14617.5,4.761132e-06,2.380566e-05,0
14620.0,14625.0,14622.5,4.765694e-06,2.382847e-05,0
14625.0,14630.0,14627.5,4.775822e-06,2.387911e-05,0
14630.0,14635.0,14632.5,7.122824e-06,3.561412e-05,0
14635.0,14640.0,14637.5,2.394286e-06,1.197143e-05,0
14640.0,14645.0,14642.5,5.967086e-06,2.983543e-05,0
14645.0,14650.0,14647.5,3.542208e-06,1.771104e-05,0
14650.0,14655.0,14652.5,1.1861794e-05,5.930897e-05,0
14655.0,14660.0,14657.5,8.293538e-06,4.146769e-05,0
14660.0,14665.0,14662.5,4.77974e-06,2.38987e-05,0
14665.0,14670.0,14667.5,5.948056e-06,2.974028e-05,0
14670.0,14675.0,14672.5,4.741896e-06,2.370948e-05,0
14675.0,14680.0,14677.5,7.12839e-06,3.564195e-05,0
14680.0,14685.0,14682.5,7.14643e-06,3.573215e-05,0
14685.0,14690.0,14687.5,5.974416e-06,2.987208e-05,0
14690.0,14695.0,14692.5,3.56542e-06,1.78271e-05,0
14695.0,14700.0,14697.5,9.507872e-06,4.753936e-05,0
14700.0,14705.0,14702.5,4.750918e-06,2.375459e-05,0
14705.0,14710.0,14707.5,7.126948e-06,3.563474e-05,0
14710.0,14715.0,14712.5,3.572866e-06,1.786433e-05,0
14715.0,14720.0,14717.5,5.949792e-06,2.974896e-05,0
14720.0,14725.0,14722.5,4.737628e-06,2.368814e-05,0
14725.0,14730.0,14727.5,5.936308e-06,2.968154e-05,0
14730.0,14735.0,14732.5,2.388396e-06,1.194198e-05,0
14735.0,14740.0,14737.5,2.36854e-06,1.18427e-05,0
14740.0,14745.0,14742.5,5.954826e-06,2.977413e-05,0
14745.0,14750.0,14747.5,3.58336e-06,1.79168e-05,0
14750.0,14755.0,14752.5,4.768764e-06,2.384382e-05,0
14755.0,14760.0,14757.5,4.73923e-06,2.369615e-05,0
14760.0,14765.0,14762.5,3.55255e-06,1.776275e-05,0
14765.0,14770.0,14767.5,5.931278e-06,2.965639e-05,0
14770.0,14775.0,14772.5,3.546372e-06,1.773186e-05,0
14775.0,14780.0,14777.5,8.341112e-06,4.170556e-05,0
14780.0,14785.0,14782.5,4.744976e-06,2.372488e-05,0
14785.0,14790.0,14787.5,1.1907786e-05,5.953893e-05,0
14790.0,14795.0,14792.5,3.55446e-06,1.77723e-05,0
14795.0,14800.0,14797.5,5.949108e-06,2.974554e-05,0
14800.0,14805.0,14802.5,4.766458e-06,2.383229e-05,0
14805.0,14810.0,14807.5,4.776592e-06,2.388296e-05,0
14810.0,14815.0,14812.5,3.556712e-06,1.778356e-05,0
14815.0,14820.0,14817.5,9.553328e-06,4.776664e-05,0
14820.0,14825.0,14822.5,3.564876e-06,1.782438e-05,0
14825.0,14830.0,14827.5,3.538588e-06,1.769294e-05,0
14830.0,14835.0,14832.5,9.52828e-06,4.76414e-05,0
14835.0,14840.0,14837.5,7.123154e-06,3.561577e-05,0
14840.0,14845.0,14842.5,7.16226e-06,3.58113e-05,0
14845.0,14850.0,14847.5,5.926094e-06,2.963047e-05,0
14850.0,14855.0,14852.5,3.56612e-06,1.78306e-05,0
14855.0,14860.0,14857.5,3.58336e-06,1.79168e-05,0
14860.0,14865.0,14862.5,8.318904e-06,4.159452e-05,0
14865.0,14870.0,14867.5,4.783864e-06,2.391932e-05,0
14870.0,14875.0,14872.5,5.952922e-06,2.976461e-05,0
14875.0,14880.0,14877.5,4.754976e-06,2.377488e-05,0
14880.0,14885.0,14882.5,4.774126e-06,2.387063e-05,0
14885.0,14890.0,14887.5,5.947008e-06,2.973504e-05,0
14890.0,14895.0,14892.5,4.736204e-06,2.368102e-05,0
14895.0,14900.0,14897.5,5.924356e-06,2.962178e-05,0
14900.0,14905.0,14902.5,3.564856e-06,1.782428e-05,0
14905.0,14910.0,14907.5,4.737094e-06,2.368547e-05,0
14910.0,14915.0,14912.5,2.396146e-06,1.198073e-05,0
14915.0,14920.0,14917.5,3.563426e-06,1.781713e-05,0
14920.0,14925.0,14922.5,1.0722086e-05,5.361043e-05,0
14925.0,14930.0,14927.5,3.569312e-06,1.784656e-05,0
14930.0,14935.0,14932.5,1.199688e-06,5.99844e-06,0
14935.0,14940.0,14937.5,7.140142e-06,3.570071e-05,0
14940.0,14945.0,14942.5,1.0701296e-05,5.350648e-05,0
14945.0,14950.0,14947.5,4.768924e-06,2.384462e-05,0
14950.0,14955.0,14952.5,5.960656e-06,2.980328e-05,0
14955.0,14960.0,14957.5,7.129854e-06,3.564927e-05,0
14960.0,14965.0,14962.5,5.957064e-06,2.978532e-05,0
14965.0,14970.0,14967.5,3.56451e-06,1.782255e-05,0
14970.0,14975.0,14972.5,9.4877e-06,4.74385e-05,0
14975.0,14980.0,14977.5,2.385166e-06,1.192583e-05,0
14980.0,14985.0,14982.5,7.152564e-06,3.576282e-05,0
14985.0,14990.0,14987.5,3.537772e-06,1.768886e-05,0
14990.0,14995.0,14992.5,7.104418e-06,3.552209e-05,0
14995.0,15000.0,14997.5,7.121786e-06,3.560893e-05,0
15000.0,15005.0,15002.5,2.371634e-06,1.185817e-05,0
15005.0,15010.0,15007.5,4.745984e-06,2.372992e-05,0
15010.0,15015.0,15012.5,8.30641e-06,4.153205e-05,0
15015.0,15020.0,15017.5,9.512578e-06,4.756289e-05,0
15020.0,15025.0,15022.5,1.0685034e-05,5.342517e-05,0
15025.0,15030.0,15027.5,7.158728e-06,3.579364e-05,0
15030.0,15035.0,15032.5,2.372172e-06,1.186086e-05,0
15035.0,15040.0,15037.5,9.549956e-06,4.774978e-05,0
15040.0,15045.0,15042.5,5.968324e-06,2.984162e-05,0
15045.0,15050.0,15047.5,1.5423956e-05,7.711978e-05,0
15050.0,15055.0,15052.5,2.388108e-06,1.194054e-05,0
15055.0,15060.0,15057.5,8.285936e-06,4.142968e-05,0
15060.0,15065.0,15062.5,9.515844e-06,4.757922e-05,0
15065.0,15070.0,15067.5,4.743996e-06,2.371998e-05,0
15070.0,15075.0,15072.5,3.557478e-06,1.778739e-05,0
15075.0,15080.0,15077.5,8.330842e-06,4.165421e-05,0
15080.0,15085.0,15082.5,4.749008e-06,2.374504e-05,0
15085.0,15090.0,15087.5,7.135752e-06,3.567876e-05,0
15090.0,15095.0,15092.5,9.508886e-06,4.754443e-05,0
15095.0,15100.0,15097.5,4.741804e-06,2.370902e-05,0
15100.0,15105.0,15102.5,5.95622e-06,2.97811e-05,0
15105.0,15110.0,15107.5,1.189272e-06,5.94636e-06,0
15110.0,15115.0,15112.5,4.755354e-06,2.377677e-05,0
15115.0,15120.0,15117.5,2.369624e-06,1.184812e-05,0
15120.0,15125.0,15122.5,3.554728e-06,1.777364e-05,0
15125.0,15130.0,15127.5,3.550292e-06,1.775146e-05,0
15130.0,15135.0,15132.5,7.148516e-06,3.574258e-05,0
15135.0,15140.0,15137.5,2.391344e-06,1.195672e-05,0
15140.0,15145.0,15142.5,3.554728e-06,1.777364e-05,0
15145.0,15150.0,15147.5,4.729844e-06,2.364922e-05,0
15150.0,15155.0,15152.5,3.560906e-06,1.780453e-05,0
15160.0,15165.0,15162.5,4.765808e-06,2.382904e-05,0
15165.0,15170.0,15167.5,2.38396e-06,1.19198e-05,0
15170.0,15175.0,15172.5,4.750584e-06,2.375292e-05,0
15175.0,15180.0,15177.5,5.956266e-06,2.978133e-05,0
15180.0,15185.0,15182.5,7.099552e-06,3.549776e-05,0
15185.0,15190.0,15187.5,5.957838e-06,2.978919e-05,0
15190.0,15195.0,15192.5,4.757736e-06,2.378868e-05,0
15195.0,15200.0,15197.5,4.768318e-06,2.384159e-05,0
15200.0,15205.0,15202.5,4.743996e-06,2.371998e-05,0
15205.0,15210.0,15207.5,5.944066e-06,2.972033e-05,0
15210.0,15215.0,15212.5,2.3535e-06,1.17675e-05,0
15215.0,15220.0,15217.5,1.0713666e-05,5.356833e-05,0
15220.0,15225.0,15222.5,3.582994e-06,1.791497e-05,0
15225.0,15230.0,15227.5,7.119242e-06,3.559621e-05,0
15230.0,15235.0,15232.5,8.295796e-06,4.147898e-05,0
15235.0,15240.0,15237.5,1.196458e-06,5.98229e-06,0
15240.0,15245.0,15242.5,5.930692e-06,2.965346e-05,0
15245.0,15250.0,15247.5,4.765928e-06,2.382964e-05,0
15250.0,15255.0,15252.5,5.952834e-06,2.976417e-05,0
15255.0,15260.0,15257.5,9.504444e-06,4.752222e-05,0
15260.0,15265.0,15262.5,7.152324e-06,3.576162e-05,0
15265.0,15270.0,15267.5,5.96216e-06,2.98108e-05,0
15270.0,15275.0,15272.5,2.38978e-06,1.19489e-05,0
15275.0,15280.0,15277.5,5.964148e-06,2.982074e-05,0
15280.0,15285.0,15282.5,8.317756e-06,4.158878e-05,0
15285.0,15290.0,15287.5,4.779452e-06,2.389726e-05,0
15290.0,15295.0,15292.5,3.576774e-06,1.788387e-05,0
15295.0,15300.0,15297.5,8.327038e-06,4.163519e-05,0
15300.0,15305.0,15302.5,3.553896e-06,1.776948e-05,0
15305.0,15310.0,15307.5,9.507264e-06,4.753632e-05,0
15310.0,15315.0,15312.5,5.957184e-06,2.978592e-05,0
15315.0,15320.0,15317.5,7.154854e-06,3.577427e-05,0
15320.0,15325.0,15322.5,7.123184e-06,3.561592e-05,0
15325.0,15330.0,15327.5,9.524984e-06,4.762492e-05,0
15330.0,15335.0,15332.5,3.574438e-06,1.787219e-05,0
15335.0,15340.0,15337.5,2.376148e-06,1.188074e-05,0
15340.0,15345.0,15342.5,2.369624e-06,1.184812e-05,0
15345.0,15350.0,15347.5,5.94288e-06,2.97144e-05,0
15350.0,15355.0,15352.5,5.983946e-06,2.991973e-05,0
15355.0,15360.0,15357.5,1.176748e-06,5.88374e-06,0
15360.0,15365.0,15362.5,4.749614e-06,2.374807e-05,0
15365.0,15370.0,15367.5,3.58583e-06,1.792915e-05,0
15370.0,15375.0,15372.5,3.587114e-06,1.793557e-05,0
15375.0,15380.0,15377.5,7.141894e-06,3.570947e-05,0
15380.0,15385.0,15382.5,3.5648e-06,1.7824e-05,0
15385.0,15390.0,15387.5,1.188708e-06,5.94354e-06,0
15390.0,15395.0,15392.5,8.321116e-06,4.160558e-05,0
15395.0,15400.0,15397.5,2.38396e-06,1.19198e-05,0
15400.0,15405.0,15402.5,5.938128e-06,2.969064e-05,0
15405.0,15410.0,15407.5,5.927938e-06,2.963969e-05,0
15410.0,15415.0,15412.5,4.754976e-06,2.377488e-05,0
15415.0,15420.0,15417.5,3.554168e-06,1.777084e-05,0
15420.0,15425.0,15422.5,7.137726e-06,3.568863e-05,0
15425.0,15430.0,15427.5,1.199688e-06,5.99844e-06,0
15430.0,15435.0,15432.5,4.760968e-06,2.380484e-05,0
15435.0,15440.0,15437.5,8.334052e-06,4.167026e-05,0
15440.0,15445.0,15442.5,4.763706e-06,2.381853e-05,0
15445.0,15450.0,15447.5,5.932478e-06,2.966239e-05,0
15450.0,15455.0,15452.5,5.970608e-06,2.985304e-05,0
15455.0,15460.0,15457.5,9.4994e-06,4.7497e-05,0
15460.0,15465.0,15462.5,1.0700042e-05,5.350021e-05,0
15465.0,15470.0,15467.5,3.56863e-06,1.784315e-05,0
15470.0,15475.0,15472.5,8.35658e-06,4.17829e-05,0
15475.0,15480.0,15477.5,7.126132e-06,3.563066e-05,0
15480.0,15485.0,15482.5,4.766648e-06,2.383324e-05,0
15485.0,15490.0,15487.5,3.566646e-06,1.783323e-05,0
15490.0,15495.0,15492.5,2.373206e-06,1.186603e-05,0
15495.0,15500.0,15497.5,3.554728e-06,1.777364e-05,0
15500.0,15505.0,15502.5,2.379964e-06,1.189982e-05,0
15505.0,15510.0,15507.5,5.92144e-06,2.96072e-05,0
15510.0,15515.0,15512.5,1.0732412e-05,5.366206e-05,0
15515.0,15520.0,15517.5,3.569312e-06,1.784656e-05,0
15520.0,15525.0,15522.5,7.12534e-06,3.56267e-05,0
15525.0,15530.0,15527.5,5.953256e-06,2.976628e-05,0
15530.0,15535.0,15532.5,5.951562e-06,2.975781e-05,0
15535.0,15540.0,15537.5,5.965588e-06,2.982794e-05,0
15540.0,15545.0,15542.5,2.37742e-06,1.18871e-05,0
15545.0,15550.0,15547.5,1.189272e-06,5.94636e-06,0
15550.0,15555.0,15552.5,1.189272e-06,5.94636e-06,0
15555.0,15560.0,15557.5,4.74998e-06,2.37499e-05,0
15560.0,15565.0,15562.5,2.373206e-06,1.186603e-05,0
15565.0,15570.0,15567.5,5.949754e-06,2.974877e-05,0
15570.0,15575.0,15572.5,4.764762e-06,2.382381e-05,0
15575.0,15580.0,15577.5,4.733996e-06,2.366998e-05,0
15580.0,15585.0,15582.5,5.94524e-06,2.97262e-05,0
15585.0,15590.0,15587.5,3.573232e-06,1.786616e-05,0
15590.0,15595.0,15592.5,5.938128e-06,2.969064e-05,0
15595.0,15600.0,15597.5,8.344658e-06,4.172329e-05,0
15600.0,15605.0,15602.5,4.737094e-06,2.368547e-05,0
15605.0,15610.0,15607.5,1.194886e-06,5.97443e-06,0
15610.0,15615.0,15612.5,3.549958e-06,1.774979e-05,0
15615.0,15620.0,15617.5,5.90766e-06,2.95383e-05,0
15620.0,15625.0,15622.5,4.743996e-06,2.371998e-05,0
15625.0,15630.0,15627.5,7.121188e-06,3.560594e-05,0
15630.0,15635.0,15632.5,1.184272e-06,5.92136e-06,0
15635.0,15640.0,15637.5,3.557276e-06,1.778638e-05,0
15640.0,15645.0,15642.5,9.516554e-06,4.758277e-05,0
15645.0,15650.0,15647.5,5.940454e-06,2.970227e-05,0
15650.0,15655.0,15652.5,2.394286e-06,1.197143e-05,0
15655.0,15660.0,15657.5,9.493428e-06,4.746714e-05,0
15660.0,15665.0,15662.5,3.55446e-06,1.77723e-05,0
15665.0,15670.0,15667.5,7.131828e-06,3.565914e-05,0
15670.0,15675.0,15672.5,7.103854e-06,3.551927e-05,0
15675.0,15680.0,15677.5,3.576986e-06,1.788493e-05,0
15680.0,15685.0,15682.5,4.749008e-06,2.374504e-05,0
15685.0,15690.0,15687.5,3.584854e-06,1.792427e-05,0
15690.0,15695.0,15692.5,9.528684e-06,4.764342e-05,0
15695.0,15700.0,15697.5,4.765694e-06,2.382847e-05,0
15700.0,15705.0,15702.5,7.125984e-06,3.562992e-05,0
15705.0,15710.0,15707.5,1.0702602e-05,5.351301e-05,0
15710.0,15715.0,15712.5,3.542208e-06,1.771104e-05,0
15715.0,15720.0,15717.5,3.566692e-06,1.783346e-05,0
15720.0,15725.0,15722.5,3.546372e-06,1.773186e-05,0
15725.0,15730.0,15727.5,5.963724e-06,2.981862e-05,0
15730.0,15735.0,15732.5,4.723124e-06,2.361562e-05,0
15735.0,15740.0,15737.5,1.188708e-06,5.94354e-06,0
15740.0,15745.0,15742.5,4.737094e-06,2.368547e-05,0
15745.0,15750.0,15747.5,5.964236e-06,2.982118e-05,0
15750.0,15755.0,15752.5,1.0738282e-05,5.369141e-05,0
15755.0,15760.0,15757.5,3.542772e-06,1.771386e-05,0
15760.0,15765.0,15762.5,1.1994e-06,5.997e-06,0
15765.0,15770.0,15767.5,1.184272e-06,5.92136e-06,0
15770.0,15775.0,15772.5,7.141842e-06,3.570921e-05,0
15775.0,15780.0,15777.5,3.584176e-06,1.792088e-05,0
15780.0,15785.0,15782.5,3.549728e-06,1.774864e-05,0
15785.0,15790.0,15787.5,7.114524e-06,3.557262e-05,0
15790.0,15795.0,15792.5,5.9558e-06,2.9779e-05,0
15795.0,15800.0,15797.5,4.76803e-06,2.384015e-05,0
15800.0,15805.0,15802.5,3.582192e-06,1.791096e-05,0
15805.0,15810.0,15807.5,4.76028e-06,2.38014e-05,0
15810.0,15815.0,15812.5,3.579928e-06,1.789964e-05,0
15815.0,15820.0,15817.5,1.188708e-06,5.94354e-06,0
15820.0,15825.0,15822.5,5.945512e-06,2.972756e-05,0
15825.0,15830.0,15827.5,4.753522e-06,2.376761e-05,0
15830.0,15835.0,15832.5,4.718688e-06,2.359344e-05,0
15835.0,15840.0,15837.5,1.194886e-06,5.97443e-06,0
15840.0,15845.0,15842.5,7.146048e-06,3.573024e-05,0
15845.0,15850.0,15847.5,2.372172e-06,1.186086e-05,0
15850.0,15855.0,15852.5,3.569668e-06,1.784834e-05,0
15855.0,15860.0,15857.5,4.753584e-06,2.376792e-05,0
15860.0,15865.0,15862.5,5.919356e-06,2.959678e-05,0
15865.0,15870.0,15867.5,5.98198e-06,2.99099e-05,0
15870.0,15875.0,15872.5,5.976154e-06,2.988077e-05,0
15875.0,15880.0,15877.5,3.560906e-06,1.780453e-05,0
15880.0,15885.0,15882.5,2.394286e-06,1.197143e-05,0
15885.0,15890.0,15887.5,8.343012e-06,4.171506e-05,0
15890.0,15895.0,15892.5,3.584566e-06,1.792283e-05,0
15895.0,15900.0,15897.5,7.154056e-06,3.577028e-05,0
15900.0,15905.0,15902.5,3.598488e-06,1.799244e-05,0
15905.0,15910.0,15907.5,7.120814e-06,3.560407e-05,0
15910.0,15915.0,15912.5,1.184272e-06,5.92136e-06,0
15915.0,15920.0,15917.5,5.935692e-06,2.967846e-05,0
15920.0,15925.0,15922.5,3.546372e-06,1.773186e-05,0
15925.0,15930.0,15927.5,3.568676e-06,1.784338e-05,0
15930.0,15935.0,15932.5,5.917736e-06,2.958868e-05,0
15935.0,15940.0,15937.5,3.56289e-06,1.781445e-05,0
15940.0,15945.0,15942.5,4.762836e-06,2.381418e-05,0
15945.0,15950.0,15947.5,3.584176e-06,1.792088e-05,0
15950.0,15955.0,15952.5,9.480064e-06,4.740032e-05,0
15955.0,15960.0,15957.5,4.778666e-06,2.389333e-05,0
15960.0,15965.0,15962.5,3.54892e-06,1.77446e-05,0
15965.0,15970.0,15967.5,7.144224e-06,3.572112e-05,0
15970.0,15975.0,15972.5,7.159598e-06,3.579799e-05,0
15975.0,15980.0,15977.5,5.944066e-06,2.972033e-05,0
15980.0,15985.0,15982.5,3.560906e-06,1.780453e-05,0
15985.0,15990.0,15987.5,1.188708e-06,5.94354e-06,0
15990.0,15995.0,15992.5,3.584566e-06,1.792283e-05,0
15995.0,16000.0,15997.5,2.365188e-06,1.182594e-05,0
16000.0,16005.0,16002.5,3.560342e-06,1.780171e-05,0
16005.0,16010.0,16007.5,1.199688e-06,5.99844e-06,0
16010.0,16015.0,16012.5,4.7558e-06,2.3779e-05,0
16015.0,16020.0,16017.5,4.764554e-06,2.382277e-05,0
16020.0,16025.0,16022.5,7.160966e-06,3.580483e-05,0
16025.0,16030.0,16027.5,3.587796e-06,1.793898e-05,0
16030.0,16035.0,16032.5,5.948954e-06,2.974477e-05,0
16035.0,16040.0,16037.5,7.103854e-06,3.551927e-05,0
16040.0,16045.0,16042.5,8.35426e-06,4.17713e-05,0
16045.0,16050.0,16047.5,8.322286e-06,4.161143e-05,0
16050.0,16055.0,16052.5,7.113438e-06,3.556719e-05,0
16055.0,16060.0,16057.5,7.12496e-06,3.56248e-05,0
16060.0,16065.0,16062.5,1.192775e-05,5.963875e-05,0
16065.0,16070.0,16067.5,8.308546e-06,4.154273e-05,0
16070.0,16075.0,16072.5,5.956364e-06,2.978182e-05,0
16075.0,16080.0,16077.5,4.74606e-06,2.37303e-05,0
16080.0,16085.0,16082.5,4.778452e-06,2.389226e-05,0
16085.0,16090.0,16087.5,8.324126e-06,4.162063e-05,0
16090.0,16095.0,16092.5,5.945512e-06,2.972756e-05,0
16095.0,16100.0,16097.5,2.369624e-06,1.184812e-05,0
16100.0,16105.0,16102.5,3.561646e-06,1.780823e-05,0
16105.0,16110.0,16107.5,4.771948e-06,2.385974e-05,0
16110.0,16115.0,16112.5,7.156744e-06,3.578372e-05,0
16115.0,16120.0,16117.5,4.751186e-06,2.375593e-05,0
16120.0,16125.0,16122.5,5.9562e-06,2.9781e-05,0
16125.0,16130.0,16127.5,1.196458e-06,5.98229e-06,0
16130.0,16135.0,16132.5,3.549728e-06,1.774864e-05,0
16135.0,16140.0,16137.5,3.542208e-06,1.771104e-05,0
16140.0,16145.0,16142.5,5.952834e-06,2.976417e-05,0
16145.0,16150.0,16147.5,5.952834e-06,2.976417e-05,0
16150.0,16155.0,16152.5,4.767092e-06,2.383546e-05,0
16155.0,16160.0,16157.5,1.191256e-06,5.95628e-06,0
16160.0,16165.0,16162.5,3.562252e-06,1.781126e-05,0
16165.0,16170.0,16167.5,3.579652e-06,1.789826e-05,0
16170.0,16175.0,16172.5,3.542208e-06,1.771104e-05,0
16175.0,16180.0,16177.5,8.35511e-06,4.177555e-05,0
16185.0,16190.0,16187.5,4.752902e-06,2.376451e-05,0
16190.0,16195.0,16192.5,5.945512e-06,2.972756e-05,0
16195.0,16200.0,16197.5,8.30858e-06,4.15429e-05,0
16200.0,16205.0,16202.5,9.491064e-06,4.745532e-05,0
16205.0,16210.0,16207.5,3.534416e-06,1.767208e-05,0
16210.0,16215.0,16212.5,5.95573e-06,2.977865e-05,0
16215.0,16220.0,16217.5,5.953182e-06,2.976591e-05,0
16220.0,16225.0,16222.5,1.184272e-06,5.92136e-06,0
16230.0,16235.0,16232.5,8.309856e-06,4.154928e-05,0
16235.0,16240.0,16237.5,1.176748e-06,5.88374e-06,0
16240.0,16245.0,16242.5,9.518344e-06,4.759172e-05,0
16245.0,16250.0,16247.5,4.758856e-06,2.379428e-05,0
16250.0,16255.0,16252.5,4.761602e-06,2.380801e-05,0
16255.0,16260.0,16257.5,5.927102e-06,2.963551e-05,0
16260.0,16265.0,16262.5,3.583282e-06,1.791641e-05,0
16265.0,16270.0,16267.5,2.37854e-06,1.18927e-05,0
16275.0,16280.0,16277.5,3.541936e-06,1.770968e-05,0
16280.0,16285.0,16282.5,8.277032e-06,4.138516e-05,0
16285.0,16290.0,16287.5,7.13735e-06,3.568675e-05,0
16290.0,16295.0,16292.5,3.580216e-06,1.790108e-05,0
16295.0,16300.0,16297.5,9.5076e-06,4.7538e-05,0
16300.0,16305.0,16302.5,1.188708e-06,5.94354e-06,0
16305.0,16310.0,16307.5,8.322946e-06,4.161473e-05,0
16310.0,16315.0,16312.5,7.110244e-06,3.555122e-05,0
16315.0,16320.0,16317.5,5.94223e-06,2.971115e-05,0
16320.0,16325.0,16322.5,8.293686e-06,4.146843e-05,0
16325.0,16330.0,16327.5,3.53024e-06,1.76512e-05,0
16330.0,16335.0,16332.5,5.959712e-06,2.979856e-05,0
16335.0,16340.0,16337.5,2.380604e-06,1.190302e-05,0
16340.0,16345.0,16342.5,4.749646e-06,2.374823e-05,0
16345.0,16350.0,16347.5,3.56451e-06,1.782255e-05,0
16350.0,16355.0,16352.5,7.137662e-06,3.568831e-05,0
16355.0,16360.0,16357.5,5.951638e-06,2.975819e-05,0
16360.0,16365.0,16362.5,7.13171e-06,3.565855e-05,0
16365.0,16370.0,16367.5,7.137572e-06,3.568786e-05,0
16370.0,16375.0,16372.5,3.558336e-06,1.779168e-05,0
16375.0,16380.0,16377.5,3.542208e-06,1.771104e-05,0
16380.0,16385.0,16382.5,5.95458e-06,2.97729e-05,0
16385.0,16390.0,16387.5,3.576422e-06,1.788211e-05,0
16390.0,16395.0,16392.5,2.37798e-06,1.18899e-05,0
16395.0,16400.0,16397.5,5.936416e-06,2.968208e-05,0
16400.0,16405.0,16402.5,2.380604e-06,1.190302e-05,0
16405.0,16410.0,16407.5,8.327532e-06,4.163766e-05,0
16410.0,16415.0,16412.5,5.96255e-06,2.981275e-05,0
16415.0,16420.0,16417.5,9.509584e-06,4.754792e-05,0
16420.0,16425.0,16422.5,1.191256e-06,5.95628e-06,0
16425.0,16430.0,16427.5,3.542208e-06,1.771104e-05,0
16430.0,16435.0,16432.5,5.96325e-06,2.981625e-05,0
16435.0,16440.0,16437.5,4.749416e-06,2.374708e-05,0
16440.0,16445.0,16442.5,2.390944e-06,1.195472e-05,0
16450.0,16455.0,16452.5,4.776462e-06,2.388231e-05,0
16455.0,16460.0,16457.5,2.380316e-06,1.190158e-05,0
16460.0,16465.0,16462.5,2.388108e-06,1.194054e-05,0
16465.0,16470.0,16467.5,3.586238e-06,1.793119e-05,0
16470.0,16475.0,16472.5,3.574438e-06,1.787219e-05,0
16475.0,16480.0,16477.5,7.160378e-06,3.580189e-05,0
16480.0,16485.0,16482.5,1.194886e-06,5.97443e-06,0
16485.0,16490.0,16487.5,5.905768e-06,2.952884e-05,0
16490.0,16495.0,16492.5,2.388108e-06,1.194054e-05,0
16495.0,16500.0,16497.5,4.794946e-06,2.397473e-05,0
16500.0,16505.0,16502.5,8.34543e-06,4.172715e-05,0
16505.0,16510.0,16507.5,1.0677406e-05,5.338703e-05,0
16510.0,16515.0,16512.5,4.766458e-06,2.383229e-05,0
16515.0,16520.0,16517.5,3.595258e-06,1.797629e-05,0
16520.0,16525.0,16522.5,2.388108e-06,1.194054e-05,0
16525.0,16530.0,16527.5,3.572606e-06,1.786303e-05,0
16530.0,16535.0,16532.5,5.94178e-06,2.97089e-05,0
16535.0,16540.0,16537.5,4.75317e-06,2.376585e-05,0
16540.0,16545.0,16542.5,9.505694e-06,4.752847e-05,0
16545.0,16550.0,16547.5,7.129536e-06,3.564768e-05,0
16550.0,16555.0,16552.5,5.92997e-06,2.964985e-05,0
16555.0,16560.0,16557.5,3.576986e-06,1.788493e-05,0
16560.0,16565.0,16562.5,5.979024e-06,2.989512e-05,0
16565.0,16570.0,16567.5,8.318992e-06,4.159496e-05,0
16570.0,16575.0,16572.5,5.94284e-06,2.97142e-05,0
16575.0,16580.0,16577.5,8.309898e-06,4.154949e-05,0
16580.0,16585.0,16582.5,4.762134e-06,2.381067e-05,0
16585.0,16590.0,16587.5,8.343032e-06,4.171516e-05,0
16590.0,16595.0,16592.5,5.93784e-06,2.96892e-05,0
16595.0,16600.0,16597.5,4.762166e-06,2.381083e-05,0
16600.0,16605.0,16602.5,2.37798e-06,1.18899e-05,0
16605.0,16610.0,16607.5,3.564462e-06,1.782231e-05,0
16610.0,16615.0,16612.5,8.335506e-06,4.167753e-05,0
16615.0,16620.0,16617.5,2.38073e-06,1.190365e-05,0
16620.0,16625.0,16622.5,8.324228e-06,4.162114e-05,0
16625.0,16630.0,16627.5,8.32006e-06,4.16003e-05,0
16630.0,16635.0,16632.5,7.110638e-06,3.555319e-05,0
16635.0,16640.0,16637.5,1.180916e-06,5.90458e-06,0
16640.0,16645.0,16642.5,1.176748e-06,5.88374e-06,0
16645.0,16650.0,16647.5,5.948056e-06,2.974028e-05,0
16650.0,16655.0,16652.5,3.574438e-06,1.787219e-05,0
16655.0,16660.0,16657.5,1.194886e-06,5.97443e-06,0
16660.0,16665.0,16662.5,4.741624e-06,2.370812e-05,0
16665.0,16670.0,16667.5,7.157992e-06,3.578996e-05,0
16670.0,16675.0,16672.5,9.52544e-06,4.76272e-05,0
16675.0,16680.0,16677.5,4.762544e-06,2.381272e-05,0
16680.0,16685.0,16682.5,3.53024e-06,1.76512e-05,0
16685.0,16690.0,16687.5,7.163128e-06,3.581564e-05,0
16690.0,16695.0,16692.5,3.567404e-06,1.783702e-05,0
16695.0,16700.0,16697.5,4.726204e-06,2.363102e-05,0
16700.0,16705.0,16702.5,7.149292e-06,3.574646e-05,0
16705.0,16710.0,16707.5,2.36602e-06,1.18301e-05,0
16710.0,16715.0,16712.5,4.744844e-06,2.372422e-05,0
16715.0,16720.0,16717.5,4.776174e-06,2.388087e-05,0
16720.0,16725.0,16722.5,3.577062e-06,1.788531e-05,0
16725.0,16730.0,16727.5,3.56612e-06,1.78306e-05,0
16730.0,16735.0,16732.5,8.290002e-06,4.145001e-05,0
16735.0,16740.0,16737.5,7.135348e-06,3.567674e-05,0
16740.0,16745.0,16742.5,8.290338e-06,4.145169e-05,0
16745.0,16750.0,16747.5,2.37854e-06,1.18927e-05,0
16750.0,16755.0,16752.5,3.557812e-06,1.778906e-05,0
16755.0,16760.0,16757.5,2.38896e-06,1.19448e-05,0
16760.0,16765.0,16762.5,2.380528e-06,1.190264e-05,0
16765.0,16770.0,16767.5,3.550292e-06,1.775146e-05,0
16770.0,16775.0,16772.5,8.311556e-06,4.155778e-05,0
16775.0,16780.0,16777.5,5.944778e-06,2.972389e-05,0
16780.0,16785.0,16782.5,4.743394e-06,2.371697e-05,0
16790.0,16795.0,16792.5,3.582192e-06,1.791096e-05,0
16795.0,16800.0,16797.5,4.771948e-06,2.385974e-05,0
16800.0,16805.0,16802.5,3.572668e-06,1.786334e-05,0
16805.0,16810.0,16807.5,7.130942e-06,3.565471e-05,0
16810.0,16815.0,16812.5,4.732658e-06,2.366329e-05,0
16815.0,16820.0,16817.5,2.370188e-06,1.185094e-05,0
16820.0,16825.0,16822.5,8.337132e-06,4.168566e-05,0
16825.0,16830.0,16827.5,5.94968e-06,2.97484e-05,0
16830.0,16835.0,16832.5,2.37798e-06,1.18899e-05,0
16835.0,16840.0,16837.5,1.1994e-06,5.997e-06,0
16840.0,16845.0,16842.5,5.931728e-06,2.965864e-05,0
16845.0,16850.0,16847.5,1.191256e-06,5.95628e-06,0
16850.0,16855.0,16852.5,1.1994e-06,5.997e-06,0
16855.0,16860.0,16857.5,2.371634e-06,1.185817e-05,0
16860.0,16865.0,16862.5,5.925806e-06,2.962903e-05,0
16865.0,16870.0,16867.5,4.764888e-06,2.382444e-05,0
16870.0,16875.0,16872.5,4.751186e-06,2.375593e-05,0
16875.0,16880.0,16877.5,3.572606e-06,1.786303e-05,0
16880.0,16885.0,16882.5,1.0694978e-05,5.347489e-05,0
16885.0,16890.0,16887.5,3.554122e-06,1.777061e-05,0
16890.0,16895.0,16892.5,7.125568e-06,3.562784e-05,0
16895.0,16900.0,16897.5,7.119726e-06,3.559863e-05,0
16900.0,16905.0,16902.5,3.576422e-06,1.788211e-05,0
16905.0,16910.0,16907.5,4.73092e-06,2.36546e-05,0
16910.0,16915.0,16912.5,3.579928e-06,1.789964e-05,0
16915.0,16920.0,16917.5,4.744844e-06,2.372422e-05,0
16920.0,16925.0,16922.5,2.371634e-06,1.185817e-05,0
16925.0,16930.0,16927.5,7.151504e-06,3.575752e-05,0
16930.0,16935.0,16932.5,8.359108e-06,4.179554e-05,0
16935.0,16940.0,16937.5,2.37742e-06,1.18871e-05,0
16940.0,16945.0,16942.5,7.13336e-06,3.56668e-05,0
16945.0,16950.0,16947.5,4.749346e-06,2.374673e-05,0
16950.0,16955.0,16952.5,2.391344e-06,1.195672e-05,0
16955.0,16960.0,16957.5,2.3988e-06,1.1994e-05,0
16960.0,16965.0,16962.5,3.550292e-06,1.775146e-05,0
16965.0,16970.0,16967.5,9.552564e-06,4.776282e-05,0
16970.0,16975.0,16972.5,2.390656e-06,1.195328e-05,0
16975.0,16980.0,16977.5,9.517932e-06,4.758966e-05,0
16980.0,16985.0,16982.5,3.538588e-06,1.769294e-05,0
16985.0,16990.0,16987.5,4.743394e-06,2.371697e-05,0
16990.0,16995.0,16992.5,2.365456e-06,1.182728e-05,0
16995.0,17000.0,16997.5,3.550292e-06,1.775146e-05,0
17000.0,17005.0,17002.5,2.371634e-06,1.185817e-05,0
17005.0,17010.0,17007.5,5.928078e-06,2.964039e-05,0
17010.0,17015.0,17012.5,3.549728e-06,1.774864e-05,0
17015.0,17020.0,17017.5,3.546936e-06,1.773468e-05,0
17020.0,17025.0,17022.5,7.14384e-06,3.57192e-05,0
17025.0,17030.0,17027.5,7.103736e-06,3.551868e-05,0
17030.0,17035.0,17032.5,3.585418e-06,1.792709e-05,0
17035.0,17040.0,17037.5,4.74283e-06,2.371415e-05,0
17040.0,17045.0,17042.5,5.952584e-06,2.976292e-05,0
17045.0,17050.0,17047.5,4.740998e-06,2.370499e-05,0
17050.0,17055.0,17052.5,8.322626e-06,4.161313e-05,0
17055.0,17060.0,17057.5,4.760968e-06,2.380484e-05,0
17060.0,17065.0,17062.5,2.379964e-06,1.189982e-05,0
17065.0,17070.0,17067.5,4.758296e-06,2.379148e-05,0
17070.0,17075.0,17072.5,1.0714748e-05,5.357374e-05,0
17075.0,17080.0,17077.5,2.3988e-06,1.1994e-05,0
17080.0,17085.0,17082.5,9.49595e-06,4.747975e-05,0
17085.0,17090.0,17087.5,4.762578e-06,2.381289e-05,0
17090.0,17095.0,17092.5,8.341594e-06,4.170797e-05,0
17095.0,17100.0,17097.5,4.733464e-06,2.366732e-05,0
17100.0,17105.0,17102.5,2.388108e-06,1.194054e-05,0
17105.0,17110.0,17107.5,2.365456e-06,1.182728e-05,0
17110.0,17115.0,17112.5,3.544756e-06,1.772378e-05,0
17115.0,17120.0,17117.5,2.37742e-06,1.18871e-05,0
17120.0,17125.0,17122.5,2.383594e-06,1.191797e-05,0
17125.0,17130.0,17127.5,4.757364e-06,2.378682e-05,0
17130.0,17135.0,17132.5,3.558298e-06,1.779149e-05,0
17135.0,17140.0,17137.5,5.914944e-06,2.957472e-05,0
17140.0,17145.0,17142.5,4.762578e-06,2.381289e-05,0
17145.0,17150.0,17147.5,4.738666e-06,2.369333e-05,0
17150.0,17155.0,17152.5,4.73602e-06,2.36801e-05,0
17155.0,17160.0,17157.5,3.564462e-06,1.782231e-05,0
17160.0,17165.0,17162.5,8.340918e-06,4.170459e-05,0
17165.0,17170.0,17167.5,1.189272e-06,5.94636e-06,0
17170.0,17175.0,17172.5,4.727296e-06,2.363648e-05,0
17175.0,17180.0,17177.5,5.936434e-06,2.968217e-05,0
17180.0,17185.0,17182.5,4.775102e-06,2.387551e-05,0
17185.0,17190.0,17187.5,2.388672e-06,1.194336e-05,0
17190.0,17195.0,17192.5,1.067091e-05,5.335455e-05,0
17195.0,17200.0,17197.5,5.958836e-06,2.979418e-05,0
17200.0,17205.0,17202.5,4.741608e-06,2.370804e-05,0
17205.0,17210.0,17207.5,5.938006e-06,2.969003e-05,0
17210.0,17215.0,17212.5,5.947382e-06,2.973691e-05,0
17215.0,17220.0,17217.5,4.761532e-06,2.380766e-05,0
17220.0,17225.0,17222.5,4.755766e-06,2.377883e-05,0
17225.0,17230.0,17227.5,8.305316e-06,4.152658e-05,0
17230.0,17235.0,17232.5,3.575836e-06,1.787918e-05,0
17235.0,17240.0,17237.5,2.38073e-06,1.190365e-05,0
17240.0,17245.0,17242.5,1.196458e-06,5.98229e-06,0
17245.0,17250.0,17247.5,7.12494e-06,3.56247e-05,0
17250.0,17255.0,17252.5,3.561646e-06,1.780823e-05,0
17255.0,17260.0,17257.5,3.580418e-06,1.790209e-05,0
17260.0,17265.0,17262.5,3.576422e-06,1.788211e-05,0
17265.0,17270.0,17267.5,3.58918e-06,1.79459e-05,0
17270.0,17275.0,17272.5,7.159034e-06,3.579517e-05,0
17275.0,17280.0,17277.5,5.945672e-06,2.972836e-05,0
17280.0,17285.0,17282.5,7.15699e-06,3.578495e-05,0
17285.0,17290.0,17287.5,3.572866e-06,1.786433e-05,0
17290.0,17295.0,17292.5,7.15994e-06,3.57997e-05,0
17295.0,17300.0,17297.5,7.127354e-06,3.563677e-05,0
17300.0,17305.0,17302.5,1.191256e-06,5.95628e-06,0
17305.0,17310.0,17307.5,7.128846e-06,3.564423e-05,0
17310.0,17315.0,17312.5,4.787494e-06,2.393747e-05,0
17315.0,17320.0,17317.5,4.761652e-06,2.380826e-05,0
17320.0,17325.0,17322.5,4.768722e-06,2.384361e-05,0
17325.0,17330.0,17327.5,7.133286e-06,3.566643e-05,0
17330.0,17335.0,17332.5,3.573836e-06,1.786918e-05,0
17335.0,17340.0,17337.5,4.767554e-06,2.383777e-05,0
17340.0,17345.0,17342.5,2.36602e-06,1.18301e-05,0
17345.0,17350.0,17347.5,3.584566e-06,1.792283e-05,0
17350.0,17355.0,17352.5,2.388108e-06,1.194054e-05,0
17355.0,17360.0,17357.5,3.583558e-06,1.791779e-05,0
17365.0,17370.0,17367.5,8.335106e-06,4.167553e-05,0
17370.0,17375.0,17372.5,3.569668e-06,1.784834e-05,0
17375.0,17380.0,17377.5,2.38073e-06,1.190365e-05,0
17380.0,17385.0,17382.5,3.58836e-06,1.79418e-05,0
17385.0,17390.0,17387.5,7.103652e-06,3.551826e-05,0
17390.0,17395.0,17392.5,7.117824e-06,3.558912e-05,0
17400.0,17405.0,17402.5,8.298778e-06,4.149389e-05,0
17405.0,17410.0,17407.5,4.733474e-06,2.366737e-05,0
17410.0,17415.0,17412.5,2.399088e-06,1.199544e-05,0
17415.0,17420.0,17417.5,7.11665e-06,3.558325e-05,0
17420.0,17425.0,17422.5,1.180916e-06,5.90458e-06,0
17425.0,17430.0,17427.5,8.305498e-06,4.152749e-05,0
17430.0,17435.0,17432.5,1.196458e-06,5.98229e-06,0
17435.0,17440.0,17437.5,4.770296e-06,2.385148e-05,0
17440.0,17445.0,17442.5,3.580616e-06,1.790308e-05,0
17445.0,17450.0,17447.5,8.3292e-06,4.1646e-05,0
17450.0,17455.0,17452.5,4.73982e-06,2.36991e-05,0
17455.0,17460.0,17457.5,3.542208e-06,1.771104e-05,0
17460.0,17465.0,17462.5,4.752902e-06,2.376451e-05,0
17465.0,17470.0,17467.5,3.58918e-06,1.79459e-05,0
17470.0,17475.0,17472.5,2.373206e-06,1.186603e-05,0
17475.0,17480.0,17477.5,9.504242e-06,4.752121e-05,0
17480.0,17485.0,17482.5,3.557064e-06,1.778532e-05,0
17485.0,17490.0,17487.5,1.191256e-06,5.95628e-06,0
17490.0,17495.0,17492.5,3.544756e-06,1.772378e-05,0
17495.0,17500.0,17497.5,1.191256e-06,5.95628e-06,0
17500.0,17505.0,17502.5,5.972924e-06,2.986462e-05,0
17505.0,17510.0,17507.5,5.94767e-06,2.973835e-05,0
17510.0,17515.0,17512.5,9.543126e-06,4.771563e-05,0
17515.0,17520.0,17517.5,2.37798e-06,1.18899e-05,0
17520.0,17525.0,17522.5,5.950652e-06,2.975326e-05,0
17525.0,17530.0,17527.5,5.956764e-06,2.978382e-05,0
17530.0,17535.0,17532.5,5.952376e-06,2.976188e-05,0
17535.0,17540.0,17537.5,3.564856e-06,1.782428e-05,0
17540.0,17545.0,17542.5,5.964454e-06,2.982227e-05,0
17545.0,17550.0,17547.5,4.777888e-06,2.388944e-05,0
17550.0,17555.0,17552.5,2.38573e-06,1.192865e-05,0
17555.0,17560.0,17557.5,9.499374e-06,4.749687e-05,0
17560.0,17565.0,17562.5,3.565074e-06,1.782537e-05,0
17565.0,17570.0,17567.5,8.296094e-06,4.148047e-05,0
17570.0,17575.0,17572.5,4.7508e-06,2.3754e-05,0
17575.0,17580.0,17577.5,2.372172e-06,1.186086e-05,0
17580.0,17585.0,17582.5,1.199688e-06,5.99844e-06,0
17585.0,17590.0,17587.5,1.191256e-06,5.95628e-06,0
17590.0,17595.0,17592.5,7.131724e-06,3.565862e-05,0
17595.0,17600.0,17597.5,2.376436e-06,1.188218e-05,0
17600.0,17605.0,17602.5,2.357664e-06,1.178832e-05,0
17605.0,17610.0,17607.5,4.745152e-06,2.372576e-05,0
17610.0,17615.0,17612.5,3.566082e-06,1.783041e-05,0
17615.0,17620.0,17617.5,2.399088e-06,1.199544e-05,0
17620.0,17625.0,17622.5,1.176748e-06,5.88374e-06,0
17625.0,17630.0,17627.5,1.188708e-06,5.94354e-06,0
17630.0,17635.0,17632.5,2.36184e-06,1.18092e-05,0
17635.0,17640.0,17637.5,4.756126e-06,2.378063e-05,0
17640.0,17645.0,17642.5,7.11902e-06,3.55951e-05,0
17645.0,17650.0,17647.5,4.74344e-06,2.37172e-05,0
17650.0,17655.0,17652.5,3.551112e-06,1.775556e-05,0
17655.0,17660.0,17657.5,2.36602e-06,1.18301e-05,0
17660.0,17665.0,17662.5,1.176748e-06,5.88374e-06,0
17665.0,17670.0,17667.5,3.562478e-06,1.781239e-05,0
17670.0,17675.0,17672.5,2.365456e-06,1.182728e-05,0
17675.0,17680.0,17677.5,4.74652e-06,2.37326e-05,0
17680.0,17685.0,17682.5,7.141168e-06,3.570584e-05,0
17690.0,17695.0,17692.5,5.921366e-06,2.960683e-05,0
17695.0,17700.0,17697.5,5.938864e-06,2.969432e-05,0
17700.0,17705.0,17702.5,5.930332e-06,2.965166e-05,0
17705.0,17710.0,17707.5,7.119546e-06,3.559773e-05,0
17710.0,17715.0,17712.5,5.924912e-06,2.962456e-05,0
17715.0,17720.0,17717.5,1.0672422e-05,5.336211e-05,0
17720.0,17725.0,17722.5,8.306294e-06,4.153147e-05,0
17725.0,17730.0,17727.5,3.590744e-06,1.795372e-05,0
17730.0,17735.0,17732.5,3.554168e-06,1.777084e-05,0
17740.0,17745.0,17742.5,5.940454e-06,2.970227e-05,0
17745.0,17750.0,17747.5,3.580216e-06,1.790108e-05,0
17755.0,17760.0,17757.5,1.188708e-06,5.94354e-06,0
17760.0,17765.0,17762.5,2.357664e-06,1.178832e-05,0
17765.0,17770.0,17767.5,3.561914e-06,1.780957e-05,0
17770.0,17775.0,17772.5,2.365456e-06,1.182728e-05,0
17775.0,17780.0,17777.5,1.180916e-06,5.90458e-06,0
17780.0,17785.0,17782.5,4.758376e-06,2.379188e-05,0
17785.0,17790.0,17787.5,8.280392e-06,4.140196e-05,0
17790.0,17795.0,17792.5,2.36102e-06,1.18051e-05,0
17795.0,17800.0,17797.5,2.391344e-06,1.195672e-05,0
17800.0,17805.0,17802.5,2.394286e-06,1.197143e-05,0
17805.0,17810.0,17807.5,7.1593e-06,3.57965e-05,0
17815.0,17820.0,17817.5,1.196458e-06,5.98229e-06,0
17820.0,17825.0,17822.5,3.576986e-06,1.788493e-05,0
17825.0,17830.0,17827.5,2.370188e-06,1.185094e-05,0
17830.0,17835.0,17832.5,1.184272e-06,5.92136e-06,0
17835.0,17840.0,17837.5,2.37854e-06,1.18927e-05,0
17840.0,17845.0,17842.5,3.560906e-06,1.780453e-05,0
17845.0,17850.0,17847.5,1.188708e-06,5.94354e-06,0
17850.0,17855.0,17852.5,2.391344e-06,1.195672e-05,0
17855.0,17860.0,17857.5,1.1994e-06,5.997e-06,0
17860.0,17865.0,17862.5,3.5529e-06,1.77645e-05,0
17865.0,17870.0,17867.5,3.545288e-06,1.772644e-05,0
17870.0,17875.0,17872.5,4.729844e-06,2.364922e-05,0
17875.0,17880.0,17877.5,4.757902e-06,2.378951e-05,0
17880.0,17885.0,17882.5,2.365456e-06,1.182728e-05,0
17885.0,17890.0,17887.5,1.176748e-06,5.88374e-06,0
17890.0,17895.0,17892.5,2.370188e-06,1.185094e-05,0
17895.0,17900.0,17897.5,2.37798e-06,1.18899e-05,0
17900.0,17905.0,17902.5,2.370188e-06,1.185094e-05,0
17905.0,17910.0,17907.5,3.581628e-06,1.790814e-05,0
17915.0,17920.0,17917.5,1.176748e-06,5.88374e-06,0
17920.0,17925.0,17922.5,3.560342e-06,1.780171e-05,0
17925.0,17930.0,17927.5,1.189272e-06,5.94636e-06,0
17930.0,17935.0,17932.5,4.73204e-06,2.36602e-05,0
17935.0,17940.0,17937.5,1.1994e-06,5.997e-06,0
17940.0,17945.0,17942.5,2.371634e-06,1.185817e-05,0
17945.0,17950.0,17947.5,1.176748e-06,5.88374e-06,0
17950.0,17955.0,17952.5,3.565708e-06,1.782854e-05,0
17955.0,17960.0,17957.5,2.37798e-06,1.18899e-05,0
17960.0,17965.0,17962.5,2.357664e-06,1.178832e-05,0
17965.0,17970.0,17967.5,1.189272e-06,5.94636e-06,0
17970.0,17975.0,17972.5,1.189272e-06,5.94636e-06,0
17975.0,17980.0,17977.5,1.188708e-06,5.94354e-06,0
17980.0,17985.0,17982.5,2.387714e-06,1.193857e-05,0
17985.0,17990.0,17987.5,3.585542e-06,1.792771e-05,0
17990.0,17995.0,17992.5,2.396146e-06,1.198073e-05,0
17995.0,18000.0,17997.5,4.764122e-06,2.382061e-05,0
18000.0,18005.0,18002.5,4.75317e-06,2.376585e-05,0
18010.0,18015.0,18012.5,4.767554e-06,2.383777e-05,0
18015.0,18020.0,18017.5,4.757364e-06,2.378682e-05,0
18020.0,18025.0,18022.5,7.126828e-06,3.563414e-05,0
18025.0,18030.0,18027.5,4.750626e-06,2.375313e-05,0
18030.0,18035.0,18032.5,7.145286e-06,3.572643e-05,0
18035.0,18040.0,18037.5,1.196458e-06,5.98229e-06,0
18040.0,18045.0,18042.5,8.319526e-06,4.159763e-05,0
18045.0,18050.0,18047.5,8.341344e-06,4.170672e-05,0
18050.0,18055.0,18052.5,1.176748e-06,5.88374e-06,0
18055.0,18060.0,18057.5,2.394286e-06,1.197143e-05,0
18060.0,18065.0,18062.5,3.57485e-06,1.787425e-05,0
18065.0,18070.0,18067.5,3.558336e-06,1.779168e-05,0
18075.0,18080.0,18077.5,5.927938e-06,2.963969e-05,0
18080.0,18085.0,18082.5,7.110658e-06,3.555329e-05,0
18085.0,18090.0,18087.5,1.180916e-06,5.90458e-06,0
18090.0,18095.0,18092.5,5.949338e-06,2.974669e-05,0
18095.0,18100.0,18097.5,1.1994e-06,5.997e-06,0
18100.0,18105.0,18102.5,1.196458e-06,5.98229e-06,0
18105.0,18110.0,18107.5,5.92835e-06,2.964175e-05,0
18115.0,18120.0,18117.5,1.176748e-06,5.88374e-06,0
18120.0,18125.0,18122.5,2.357664e-06,1.178832e-05,0
18125.0,18130.0,18127.5,3.571792e-06,1.785896e-05,0
18130.0,18135.0,18132.5,3.566646e-06,1.783323e-05,0
18135.0,18140.0,18137.5,2.377374e-06,1.188687e-05,0
18140.0,18145.0,18142.5,1.194886e-06,5.97443e-06,0
18145.0,18150.0,18147.5,2.373206e-06,1.186603e-05,0
18150.0,18155.0,18152.5,3.573878e-06,1.786939e-05,0
18155.0,18160.0,18157.5,1.1994e-06,5.997e-06,0
18160.0,18165.0,18162.5,4.723124e-06,2.361562e-05,0
18170.0,18175.0,18172.5,4.73926e-06,2.36963e-05,0
18175.0,18180.0,18177.5,1.188708e-06,5.94354e-06,0
18180.0,18185.0,18182.5,7.120216e-06,3.560108e-05,0
18185.0,18190.0,18187.5,4.753856e-06,2.376928e-05,0
18190.0,18195.0,18192.5,1.188708e-06,5.94354e-06,0
18195.0,18200.0,18197.5,5.94592e-06,2.97296e-05,0
18205.0,18210.0,18207.5,2.371634e-06,1.185817e-05,0
18210.0,18215.0,18212.5,2.37742e-06,1.18871e-05,0
18215.0,18220.0,18217.5,7.129166e-06,3.564583e-05,0
18220.0,18225.0,18222.5,1.188708e-06,5.94354e-06,0
18230.0,18235.0,18232.5,3.549958e-06,1.774979e-05,0
18235.0,18240.0,18237.5,3.542772e-06,1.771386e-05,0
18240.0,18245.0,18242.5,2.383594e-06,1.191797e-05,0
18245.0,18250.0,18247.5,3.557248e-06,1.778624e-05,0
18255.0,18260.0,18257.5,3.573878e-06,1.786939e-05,0
18260.0,18265.0,18262.5,2.385166e-06,1.192583e-05,0
18265.0,18270.0,18267.5,2.365456e-06,1.182728e-05,0
18270.0,18275.0,18272.5,4.757138e-06,2.378569e-05,0
18275.0,18280.0,18277.5,3.573232e-06,1.786616e-05,0
18285.0,18290.0,18287.5,2.357664e-06,1.178832e-05,0
18290.0,18295.0,18292.5,5.934898e-06,2.967449e-05,0
18295.0,18300.0,18297.5,4.7672e-06,2.3836e-05,0
18300.0,18305.0,18302.5,1.180916e-06,5.90458e-06,0
18305.0,18310.0,18307.5,3.569438e-06,1.784719e-05,0
18310.0,18315.0,18312.5,3.549958e-06,1.774979e-05,0
18315.0,18320.0,18317.5,2.37798e-06,1.18899e-05,0
18325.0,18330.0,18327.5,3.567866e-06,1.783933e-05,0
18330.0,18335.0,18332.5,7.101468e-06,3.550734e-05,0
18335.0,18340.0,18337.5,2.365456e-06,1.182728e-05,0
18340.0,18345.0,18342.5,2.370188e-06,1.185094e-05,0
18345.0,18350.0,18347.5,2.373544e-06,1.186772e-05,0
18350.0,18355.0,18352.5,4.750236e-06,2.375118e-05,0
18355.0,18360.0,18357.5,8.332992e-06,4.166496e-05,0
18360.0,18365.0,18362.5,3.557276e-06,1.778638e-05,0
18365.0,18370.0,18367.5,2.373206e-06,1.186603e-05,0
18370.0,18375.0,18372.5,5.920476e-06,2.960238e-05,0
18375.0,18380.0,18377.5,2.386142e-06,1.193071e-05,0
18380.0,18385.0,18382.5,2.38252e-06,1.19126e-05,0
18385.0,18390.0,18387.5,4.774538e-06,2.387269e-05,0
18390.0,18395.0,18392.5,3.560074e-06,1.780037e-05,0
18395.0,18400.0,18397.5,3.570002e-06,1.785001e-05,0
18400.0,18405.0,18402.5,2.380604e-06,1.190302e-05,0
18405.0,18410.0,18407.5,4.756578e-06,2.378289e-05,0
18410.0,18415.0,18412.5,1.184272e-06,5.92136e-06,0
18415.0,18420.0,18417.5,2.375802e-06,1.187901e-05,0
18420.0,18425.0,18422.5,4.773838e-06,2.386919e-05,0
18425.0,18430.0,18427.5,3.56289e-06,1.781445e-05,0
18430.0,18435.0,18432.5,2.379964e-06,1.189982e-05,0
18435.0,18440.0,18437.5,3.575202e-06,1.787601e-05,0
18440.0,18445.0,18442.5,1.1994e-06,5.997e-06,0
18445.0,18450.0,18447.5,3.577668e-06,1.788834e-05,0
18450.0,18455.0,18452.5,2.365188e-06,1.182594e-05,0
18455.0,18460.0,18457.5,9.498204e-06,4.749102e-05,0
18460.0,18465.0,18462.5,2.375802e-06,1.187901e-05,0
18465.0,18470.0,18467.5,2.379964e-06,1.189982e-05,0
18470.0,18475.0,18472.5,2.388672e-06,1.194336e-05,0
18475.0,18480.0,18477.5,4.735084e-06,2.367542e-05,0
18480.0,18485.0,18482.5,3.548386e-06,1.774193e-05,0
18485.0,18490.0,18487.5,7.140218e-06,3.570109e-05,0
18495.0,18500.0,18497.5,3.55255e-06,1.776275e-05,0
18500.0,18505.0,18502.5,2.388108e-06,1.194054e-05,0
18505.0,18510.0,18507.5,2.37798e-06,1.18899e-05,0
18510.0,18515.0,18512.5,8.349474e-06,4.174737e-05,0
18515.0,18520.0,18517.5,2.37742e-06,1.18871e-05,0
18520.0,18525.0,18522.5,2.380528e-06,1.190264e-05,0
18525.0,18530.0,18527.5,3.572894e-06,1.786447e-05,0
18535.0,18540.0,18537.5,2.38978e-06,1.19489e-05,0
18540.0,18545.0,18542.5,1.189272e-06,5.94636e-06,0
18550.0,18555.0,18552.5,7.144098e-06,3.572049e-05,0
18555.0,18560.0,18557.5,2.371634e-06,1.185817e-05,0
18560.0,18565.0,18562.5,1.191256e-06,5.95628e-06,0
18570.0,18575.0,18572.5,4.76138e-06,2.38069e-05,0
18575.0,18580.0,18577.5,1.196458e-06,5.98229e-06,0
18580.0,18585.0,18582.5,3.549728e-06,1.774864e-05,0
18585.0,18590.0,18587.5,2.384158e-06,1.192079e-05,0
18590.0,18595.0,18592.5,4.757364e-06,2.378682e-05,0
18595.0,18600.0,18597.5,1.176748e-06,5.88374e-06,0
18600.0,18605.0,18602.5,2.388108e-06,1.194054e-05,0
18605.0,18610.0,18607.5,4.773114e-06,2.386557e-05,0
18610.0,18615.0,18612.5,4.746186e-06,2.373093e-05,0
18615.0,18620.0,18617.5,2.376148e-06,1.188074e-05,0
18620.0,18625.0,18622.5,1.189272e-06,5.94636e-06,0
18630.0,18635.0,18632.5,3.564998e-06,1.782499e-05,0
18635.0,18640.0,18637.5,2.387714e-06,1.193857e-05,0
18640.0,18645.0,18642.5,2.369624e-06,1.184812e-05,0
18645.0,18650.0,18647.5,3.560708e-06,1.780354e-05,0
18650.0,18655.0,18652.5,3.561692e-06,1.780846e-05,0
18655.0,18660.0,18657.5,4.747976e-06,2.373988e-05,0
18665.0,18670.0,18667.5,2.386142e-06,1.193071e-05,0
18670.0,18675.0,18672.5,5.934772e-06,2.967386e-05,0
18675.0,18680.0,18677.5,2.394286e-06,1.197143e-05,0
18685.0,18690.0,18687.5,1.196458e-06,5.98229e-06,0
18690.0,18695.0,18692.5,2.365188e-06,1.182594e-05,0
18695.0,18700.0,18697.5,3.575414e-06,1.787707e-05,0
18700.0,18705.0,18702.5,2.388108e-06,1.194054e-05,0
18705.0,18710.0,18707.5,2.365456e-06,1.182728e-05,0
18710.0,18715.0,18712.5,3.562478e-06,1.781239e-05,0
18715.0,18720.0,18717.5,2.37854e-06,1.18927e-05,0
18720.0,18725.0,18722.5,3.557352e-06,1.778676e-05,0
18725.0,18730.0,18727.5,2.37298e-06,1.18649e-05,0
18730.0,18735.0,18732.5,1.189272e-06,5.94636e-06,0
18735.0,18740.0,18737.5,2.37798e-06,1.18899e-05,0
18740.0,18745.0,18742.5,1.196458e-06,5.98229e-06,0
18745.0,18750.0,18747.5,5.922548e-06,2.961274e-05,0
18750.0,18755.0,18752.5,3.590344e-06,1.795172e-05,0
18755.0,18760.0,18757.5,1.176748e-06,5.88374e-06,0
18760.0,18765.0,18762.5,3.58583e-06,1.792915e-05,0
18765.0,18770.0,18767.5,2.39292e-06,1.19646e-05,0
18770.0,18775.0,18772.5,4.749358e-06,2.374679e-05,0
18775.0,18780.0,18777.5,2.384158e-06,1.192079e-05,0
18780.0,18785.0,18782.5,2.376436e-06,1.188218e-05,0
18785.0,18790.0,18787.5,2.38073e-06,1.190365e-05,0
18790.0,18795.0,18792.5,3.564462e-06,1.782231e-05,0
18795.0,18800.0,18797.5,2.385166e-06,1.192583e-05,0
18800.0,18805.0,18802.5,1.199688e-06,5.99844e-06,0
18805.0,18810.0,18807.5,3.55255e-06,1.776275e-05,0
18815.0,18820.0,18817.5,3.566082e-06,1.783041e-05,0
18820.0,18825.0,18822.5,2.36602e-06,1.18301e-05,0
18830.0,18835.0,18832.5,2.371634e-06,1.185817e-05,0
18840.0,18845.0,18842.5,1.176748e-06,5.88374e-06,0
18845.0,18850.0,18847.5,1.180916e-06,5.90458e-06,0
18850.0,18855.0,18852.5,4.754416e-06,2.377208e-05,0
18855.0,18860.0,18857.5,3.554728e-06,1.777364e-05,0
18860.0,18865.0,18862.5,1.180916e-06,5.90458e-06,0
18865.0,18870.0,18867.5,2.373544e-06,1.186772e-05,0
18870.0,18875.0,18872.5,3.546372e-06,1.773186e-05,0
18875.0,18880.0,18877.5,5.960168e-06,2.980084e-05,0
18880.0,18885.0,18882.5,4.768712e-06,2.384356e-05,0
18885.0,18890.0,18887.5,5.939626e-06,2.969813e-05,0
18890.0,18895.0,18892.5,5.954406e-06,2.977203e-05,0
18895.0,18900.0,18897.5,2.368004e-06,1.184002e-05,0
18900.0,18905.0,18902.5,2.384158e-06,1.192079e-05,0
18910.0,18915.0,18912.5,3.567866e-06,1.783933e-05,0
18915.0,18920.0,18917.5,4.749416e-06,2.374708e-05,0
18920.0,18925.0,18922.5,2.3535e-06,1.17675e-05,0
18925.0,18930.0,18927.5,4.760924e-06,2.380462e-05,0
18930.0,18935.0,18932.5,1.196458e-06,5.98229e-06,0
18935.0,18940.0,18937.5,2.37742e-06,1.18871e-05,0
18940.0,18945.0,18942.5,2.357664e-06,1.178832e-05,0
18945.0,18950.0,18947.5,3.544756e-06,1.772378e-05,0
18950.0,18955.0,18952.5,5.96718e-06,2.98359e-05,0
18955.0,18960.0,18957.5,4.730644e-06,2.365322e-05,0
18960.0,18965.0,18962.5,4.766254e-06,2.383127e-05,0
18965.0,18970.0,18967.5,1.176748e-06,5.88374e-06,0
18975.0,18980.0,18977.5,3.568676e-06,1.784338e-05,0
18980.0,18985.0,18982.5,1.191256e-06,5.95628e-06,0
18985.0,18990.0,18987.5,2.36184e-06,1.18092e-05,0
18990.0,18995.0,18992.5,1.180916e-06,5.90458e-06,0
18995.0,19000.0,18997.5,2.36102e-06,1.18051e-05,0
19000.0,19005.0,19002.5,2.365456e-06,1.182728e-05,0
19010.0,19015.0,19012.5,2.357664e-06,1.178832e-05,0
19015.0,19020.0,19017.5,3.544756e-06,1.772378e-05,0
19020.0,19025.0,19022.5,2.379964e-06,1.189982e-05,0
19025.0,19030.0,19027.5,1.188708e-06,5.94354e-06,0
19030.0,19035.0,19032.5,4.736204e-06,2.368102e-05,0
19035.0,19040.0,19037.5,1.184272e-06,5.92136e-06,0
19040.0,19045.0,19042.5,4.719512e-06,2.359756e-05,0
19045.0,19050.0,19047.5,2.368004e-06,1.184002e-05,0
19050.0,19055.0,19052.5,2.36102e-06,1.18051e-05,0
19055.0,19060.0,19057.5,3.56289e-06,1.781445e-05,0
19060.0,19065.0,19062.5,2.376148e-06,1.188074e-05,0
19065.0,19070.0,19067.5,3.566646e-06,1.783323e-05,0
19075.0,19080.0,19077.5,1.188708e-06,5.94354e-06,0
19080.0,19085.0,19082.5,2.36602e-06,1.18301e-05,0
19085.0,19090.0,19087.5,3.584566e-06,1.792283e-05,0
19090.0,19095.0,19092.5,2.370188e-06,1.185094e-05,0
19095.0,19100.0,19097.5,2.373206e-06,1.186603e-05,0
19100.0,19105.0,19102.5,3.570002e-06,1.785001e-05,0
19105.0,19110.0,19107.5,1.176748e-06,5.88374e-06,0
19110.0,19115.0,19112.5,2.365188e-06,1.182594e-05,0
19115.0,19120.0,19117.5,2.39938e-06,1.19969e-05,0
19120.0,19125.0,19122.5,1.184272e-06,5.92136e-06,0
19125.0,19130.0,19127.5,1.176748e-06,5.88374e-06,0
19130.0,19135.0,19132.5,4.744844e-06,2.372422e-05,0
19135.0,19140.0,19137.5,1.188708e-06,5.94354e-06,0
19140.0,19145.0,19142.5,4.739642e-06,2.369821e-05,0
19150.0,19155.0,19152.5,5.939574e-06,2.969787e-05,0
19155.0,19160.0,19157.5,1.188708e-06,5.94354e-06,0
19160.0,19165.0,19162.5,1.194886e-06,5.97443e-06,0
19165.0,19170.0,19167.5,2.388672e-06,1.194336e-05,0
19170.0,19175.0,19172.5,5.959036e-06,2.979518e-05,0
19175.0,19180.0,19177.5,1.189272e-06,5.94636e-06,0
19180.0,19185.0,19182.5,2.36602e-06,1.18301e-05,0
19185.0,19190.0,19187.5,2.369624e-06,1.184812e-05,0
19190.0,19195.0,19192.5,2.375528e-06,1.187764e-05,0
19195.0,19200.0,19197.5,2.375528e-06,1.187764e-05,0
19200.0,19205.0,19202.5,2.365456e-06,1.182728e-05,0
19205.0,19210.0,19207.5,2.395858e-06,1.197929e-05,0
19210.0,19215.0,19212.5,4.75476e-06,2.37738e-05,0
19215.0,19220.0,19217.5,2.376436e-06,1.188218e-05,0
19220.0,19225.0,19222.5,3.555288e-06,1.777644e-05,0
19225.0,19230.0,19227.5,3.560708e-06,1.780354e-05,0
19230.0,19235.0,19232.5,3.584854e-06,1.792427e-05,0
19235.0,19240.0,19237.5,9.505976e-06,4.752988e-05,0
19240.0,19245.0,19242.5,3.564236e-06,1.782118e-05,0
19245.0,19250.0,19247.5,4.741336e-06,2.370668e-05,0
19250.0,19255.0,19252.5,4.71534e-06,2.35767e-05,0
19255.0,19260.0,19257.5,1.191256e-06,5.95628e-06,0
19265.0,19270.0,19267.5,2.388108e-06,1.194054e-05,0
19275.0,19280.0,19277.5,2.368004e-06,1.184002e-05,0
19280.0,19285.0,19282.5,4.741608e-06,2.370804e-05,0
19285.0,19290.0,19287.5,1.188708e-06,5.94354e-06,0
19290.0,19295.0,19292.5,5.945512e-06,2.972756e-05,0
19295.0,19300.0,19297.5,5.937808e-06,2.968904e-05,0
19300.0,19305.0,19302.5,2.373206e-06,1.186603e-05,0
19305.0,19310.0,19307.5,3.5826e-06,1.7913e-05,0
19310.0,19315.0,19312.5,2.373544e-06,1.186772e-05,0
19315.0,19320.0,19317.5,1.180916e-06,5.90458e-06,0
19320.0,19325.0,19322.5,2.395858e-06,1.197929e-05,0
19325.0,19330.0,19327.5,3.557352e-06,1.778676e-05,0
19330.0,19335.0,19332.5,3.577668e-06,1.788834e-05,0
19335.0,19340.0,19337.5,1.189272e-06,5.94636e-06,0
19340.0,19345.0,19342.5,1.196458e-06,5.98229e-06,0
19345.0,19350.0,19347.5,2.375802e-06,1.187901e-05,0
19350.0,19355.0,19352.5,2.369624e-06,1.184812e-05,0
19355.0,19360.0,19357.5,3.573878e-06,1.786939e-05,0
19360.0,19365.0,19362.5,3.588652e-06,1.794326e-05,0
19365.0,19370.0,19367.5,1.188708e-06,5.94354e-06,0
19370.0,19375.0,19372.5,2.377374e-06,1.188687e-05,0
19375.0,19380.0,19377.5,2.388672e-06,1.194336e-05,0
19380.0,19385.0,19382.5,5.956764e-06,2.978382e-05,0
19385.0,19390.0,19387.5,2.380604e-06,1.190302e-05,0
19390.0,19395.0,19392.5,3.595546e-06,1.797773e-05,0
19395.0,19400.0,19397.5,2.36184e-06,1.18092e-05,0
19400.0,19405.0,19402.5,9.44624e-06,4.72312e-05,0
19405.0,19410.0,19407.5,1.188708e-06,5.94354e-06,0
19410.0,19415.0,19412.5,1.191256e-06,5.95628e-06,0
19415.0,19420.0,19417.5,3.562478e-06,1.781239e-05,0
19425.0,19430.0,19427.5,4.736204e-06,2.368102e-05,0
19430.0,19435.0,19432.5,3.562478e-06,1.781239e-05,0
19435.0,19440.0,19437.5,1.191256e-06,5.95628e-06,0
19440.0,19445.0,19442.5,2.385166e-06,1.192583e-05,0
19445.0,19450.0,19447.5,1.188708e-06,5.94354e-06,0
19450.0,19455.0,19452.5,1.189272e-06,5.94636e-06,0
19455.0,19460.0,19457.5,4.777958e-06,2.388979e-05,0
19460.0,19465.0,19462.5,1.188708e-06,5.94354e-06,0
19465.0,19470.0,19467.5,1.184272e-06,5.92136e-06,0
19470.0,19475.0,19472.5,3.566082e-06,1.783041e-05,0
19475.0,19480.0,19477.5,2.380316e-06,1.190158e-05,0
19480.0,19485.0,19482.5,1.196458e-06,5.98229e-06,0
19485.0,19490.0,19487.5,5.907396e-06,2.953698e-05,0
19490.0,19495.0,19492.5,2.365456e-06,1.182728e-05,0
19495.0,19500.0,19497.5,2.37298e-06,1.18649e-05,0
19500.0,19505.0,19502.5,2.365188e-06,1.182594e-05,0
19510.0,19515.0,19512.5,1.1994e-06,5.997e-06,0
19515.0,19520.0,19517.5,2.37298e-06,1.18649e-05,0
19520.0,19525.0,19522.5,3.562812e-06,1.781406e-05,0
19525.0,19530.0,19527.5,1.194886e-06,5.97443e-06,0
19535.0,19540.0,19537.5,2.379964e-06,1.189982e-05,0
19540.0,19545.0,19542.5,3.579652e-06,1.789826e-05,0
19545.0,19550.0,19547.5,1.194886e-06,5.97443e-06,0
19550.0,19555.0,19552.5,4.754794e-06,2.377397e-05,0
19555.0,19560.0,19557.5,2.380604e-06,1.190302e-05,0
19560.0,19565.0,19562.5,5.920748e-06,2.960374e-05,0
19565.0,19570.0,19567.5,2.387714e-06,1.193857e-05,0
19570.0,19575.0,19572.5,4.735644e-06,2.367822e-05,0
19575.0,19580.0,19577.5,4.741258e-06,2.370629e-05,0
19580.0,19585.0,19582.5,1.189272e-06,5.94636e-06,0
19585.0,19590.0,19587.5,4.749416e-06,2.374708e-05,0
19590.0,19595.0,19592.5,2.383594e-06,1.191797e-05,0
19595.0,19600.0,19597.5,2.37742e-06,1.18871e-05,0
19600.0,19605.0,19602.5,2.388108e-06,1.194054e-05,0
19605.0,19610.0,19607.5,1.188708e-06,5.94354e-06,0
19610.0,19615.0,19612.5,2.37798e-06,1.18899e-05,0
19615.0,19620.0,19617.5,3.57238e-06,1.78619e-05,0
19620.0,19625.0,19622.5,2.388396e-06,1.194198e-05,0
19625.0,19630.0,19627.5,2.373544e-06,1.186772e-05,0
19630.0,19635.0,19632.5,3.560906e-06,1.780453e-05,0
19635.0,19640.0,19637.5,5.93214e-06,2.96607e-05,0
19640.0,19645.0,19642.5,1.180916e-06,5.90458e-06,0
19645.0,19650.0,19647.5,2.385166e-06,1.192583e-05,0
19650.0,19655.0,19652.5,1.188708e-06,5.94354e-06,0
19660.0,19665.0,19662.5,2.365456e-06,1.182728e-05,0
19665.0,19670.0,19667.5,2.388396e-06,1.194198e-05,0
19670.0,19675.0,19672.5,2.376436e-06,1.188218e-05,0
19675.0,19680.0,19677.5,3.5529e-06,1.77645e-05,0
19680.0,19685.0,19682.5,2.387714e-06,1.193857e-05,0
19685.0,19690.0,19687.5,5.952788e-06,2.976394e-05,0
19690.0,19695.0,19692.5,7.146702e-06,3.573351e-05,0
19695.0,19700.0,19697.5,3.574438e-06,1.787219e-05,0
19700.0,19705.0,19702.5,3.5529e-06,1.77645e-05,0
19705.0,19710.0,19707.5,2.37298e-06,1.18649e-05,0
19710.0,19715.0,19712.5,7.150868e-06,3.575434e-05,0
19715.0,19720.0,19717.5,4.784818e-06,2.392409e-05,0
19720.0,19725.0,19722.5,8.31287e-06,4.156435e-05,0
19725.0,19730.0,19727.5,4.745378e-06,2.372689e-05,0
19730.0,19735.0,19732.5,2.37854e-06,1.18927e-05,0
19735.0,19740.0,19737.5,4.758504e-06,2.379252e-05,0
19740.0,19745.0,19742.5,3.585542e-06,1.792771e-05,0
19745.0,19750.0,19747.5,3.565074e-06,1.782537e-05,0
19750.0,19755.0,19752.5,1.180916e-06,5.90458e-06,0
19755.0,19760.0,19757.5,5.960382e-06,2.980191e-05,0
19760.0,19765.0,19762.5,1.1994e-06,5.997e-06,0
19765.0,19770.0,19767.5,1.188708e-06,5.94354e-06,0
19770.0,19775.0,19772.5,4.754794e-06,2.377397e-05,0
19775.0,19780.0,19777.5,4.751186e-06,2.375593e-05,0
19780.0,19785.0,19782.5,2.357664e-06,1.178832e-05,0
19785.0,19790.0,19787.5,4.768924e-06,2.384462e-05,0
19790.0,19795.0,19792.5,2.36184e-06,1.18092e-05,0
19795.0,19800.0,19797.5,2.375802e-06,1.187901e-05,0
19800.0,19805.0,19802.5,2.379964e-06,1.189982e-05,0
19805.0,19810.0,19807.5,3.562252e-06,1.781126e-05,0
19810.0,19815.0,19812.5,1.184272e-06,5.92136e-06,0
19815.0,19820.0,19817.5,1.189272e-06,5.94636e-06,0
19820.0,19825.0,19822.5,1.194886e-06,5.97443e-06,0
19825.0,19830.0,19827.5,1.189272e-06,5.94636e-06,0
19830.0,19835.0,19832.5,5.94546e-06,2.97273e-05,0
19835.0,19840.0,19837.5,2.380528e-06,1.190264e-05,0
19840.0,19845.0,19842.5,2.36184e-06,1.18092e-05,0
19845.0,19850.0,19847.5,3.56612e-06,1.78306e-05,0
19850.0,19855.0,19852.5,2.394286e-06,1.197143e-05,0
19855.0,19860.0,19857.5,2.39292e-06,1.19646e-05,0
19860.0,19865.0,19862.5,5.949034e-06,2.974517e-05,0
19865.0,19870.0,19867.5,4.733192e-06,2.366596e-05,0
19870.0,19875.0,19872.5,2.375802e-06,1.187901e-05,0
19875.0,19880.0,19877.5,4.783246e-06,2.391623e-05,0
19880.0,19885.0,19882.5,2.383672e-06,1.191836e-05,0
19885.0,19890.0,19887.5,2.37298e-06,1.18649e-05,0
19890.0,19895.0,19892.5,2.386142e-06,1.193071e-05,0
19895.0,19900.0,19897.5,2.376148e-06,1.188074e-05,0
19900.0,19905.0,19902.5,4.765808e-06,2.382904e-05,0
19905.0,19910.0,19907.5,5.899612e-06,2.949806e-05,0
19910.0,19915.0,19912.5,5.944244e-06,2.972122e-05,0
19915.0,19920.0,19917.5,7.108026e-06,3.554013e-05,0
19920.0,19925.0,19922.5,3.583558e-06,1.791779e-05,0
19925.0,19930.0,19927.5,2.36602e-06,1.18301e-05,0
19930.0,19935.0,19932.5,3.580052e-06,1.790026e-05,0
19935.0,19940.0,19937.5,3.561914e-06,1.780957e-05,0
19945.0,19950.0,19947.5,1.176748e-06,5.88374e-06,0
19950.0,19955.0,19952.5,2.365188e-06,1.182594e-05,0
19955.0,19960.0,19957.5,2.377374e-06,1.188687e-05,0
19960.0,19965.0,19962.5,2.394286e-06,1.197143e-05,0
19965.0,19970.0,19967.5,3.546372e-06,1.773186e-05,0
19970.0,19975.0,19972.5,7.154094e-06,3.577047e-05,0
19975.0,19980.0,19977.5,3.560342e-06,1.780171e-05,0
19980.0,19985.0,19982.5,3.557352e-06,1.778676e-05,0
19985.0,19990.0,19987.5,7.11165e-06,3.555825e-05,0
19990.0,19995.0,19992.5,2.369624e-06,1.184812e-05,0
19995.0,20000.0,19997.5,5.941072e-06,2.970536e-05,0
20000.0,20005.0,20002.5,7.169988e-06,3.584994e-05,0
20005.0,20010.0,20007.5,1.199688e-06,5.99844e-06,0
20010.0,20015.0,20012.5,3.56042e-06,1.78021e-05,0
20015.0,20020.0,20017.5,1.189272e-06,5.94636e-06,0
20020.0,20025.0,20022.5,3.556712e-06,1.778356e-05,0
20025.0,20030.0,20027.5,2.375802e-06,1.187901e-05,0
20030.0,20035.0,20032.5,3.538588e-06,1.769294e-05,0
20035.0,20040.0,20037.5,2.368004e-06,1.184002e-05,0
20045.0,20050.0,20047.5,4.764278e-06,2.382139e-05,0
20050.0,20055.0,20052.5,1.196458e-06,5.98229e-06,0
20055.0,20060.0,20057.5,8.339772e-06,4.169886e-05,0
20060.0,20065.0,20062.5,3.553896e-06,1.776948e-05,0
20065.0,20070.0,20067.5,4.73092e-06,2.36546e-05,0
20070.0,20075.0,20072.5,1.188708e-06,5.94354e-06,0
20075.0,20080.0,20077.5,5.968452e-06,2.984226e-05,0
20080.0,20085.0,20082.5,3.57238e-06,1.78619e-05,0
20090.0,20095.0,20092.5,1.180916e-06,5.90458e-06,0
20095.0,20100.0,20097.5,2.365188e-06,1.182594e-05,0
20100.0,20105.0,20102.5,1.176748e-06,5.88374e-06,0
20105.0,20110.0,20107.5,1.176748e-06,5.88374e-06,0
20110.0,20115.0,20112.5,1.196458e-06,5.98229e-06,0
20115.0,20120.0,20117.5,3.587806e-06,1.793903e-05,0
20120.0,20125.0,20122.5,2.39292e-06,1.19646e-05,0
20125.0,20130.0,20127.5,3.560342e-06,1.780171e-05,0
20130.0,20135.0,20132.5,2.373206e-06,1.186603e-05,0
20135.0,20140.0,20137.5,3.57682e-06,1.78841e-05,0
20140.0,20145.0,20142.5,1.189272e-06,5.94636e-06,0
20145.0,20150.0,20147.5,2.373206e-06,1.186603e-05,0
20150.0,20155.0,20152.5,1.180916e-06,5.90458e-06,0
20155.0,20160.0,20157.5,5.94151e-06,2.970755e-05,0
20160.0,20165.0,20162.5,2.36602e-06,1.18301e-05,0
20165.0,20170.0,20167.5,3.565708e-06,1.782854e-05,0
20175.0,20180.0,20177.5,1.176748e-06,5.88374e-06,0
20185.0,20190.0,20187.5,3.579652e-06,1.789826e-05,0
20190.0,20195.0,20192.5,3.58836e-06,1.79418e-05,0
20195.0,20200.0,20197.5,1.191256e-06,5.95628e-06,0
20200.0,20205.0,20202.5,2.380316e-06,1.190158e-05,0
20205.0,20210.0,20207.5,2.365456e-06,1.182728e-05,0
20210.0,20215.0,20212.5,1.176748e-06,5.88374e-06,0
20215.0,20220.0,20217.5,2.388672e-06,1.194336e-05,0
20220.0,20225.0,20222.5,2.380604e-06,1.190302e-05,0
20225.0,20230.0,20227.5,1.180916e-06,5.90458e-06,0
20230.0,20235.0,20232.5,1.184272e-06,5.92136e-06,0
20235.0,20240.0,20237.5,3.571034e-06,1.785517e-05,0
20240.0,20245.0,20242.5,2.36102e-06,1.18051e-05,0
20245.0,20250.0,20247.5,1.194886e-06,5.97443e-06,0
20250.0,20255.0,20252.5,3.577406e-06,1.788703e-05,0
20255.0,20260.0,20257.5,3.580616e-06,1.790308e-05,0
20260.0,20265.0,20262.5,1.180916e-06,5.90458e-06,0
20265.0,20270.0,20267.5,3.567248e-06,1.783624e-05,0
20270.0,20275.0,20272.5,2.365456e-06,1.182728e-05,0
20275.0,20280.0,20277.5,1.176748e-06,5.88374e-06,0
20285.0,20290.0,20287.5,1.188708e-06,5.94354e-06,0
20290.0,20295.0,20292.5,3.574438e-06,1.787219e-05,0
20295.0,20300.0,20297.5,2.38573e-06,1.192865e-05,0
20300.0,20305.0,20302.5,2.39292e-06,1.19646e-05,0
20305.0,20310.0,20307.5,2.373544e-06,1.186772e-05,0
20310.0,20315.0,20312.5,3.566692e-06,1.783346e-05,0
20315.0,20320.0,20317.5,1.188708e-06,5.94354e-06,0
20320.0,20325.0,20322.5,2.384158e-06,1.192079e-05,0
20325.0,20330.0,20327.5,3.538588e-06,1.769294e-05,0
20330.0,20335.0,20332.5,3.575202e-06,1.787601e-05,0
20335.0,20340.0,20337.5,3.561914e-06,1.780957e-05,0
20345.0,20350.0,20347.5,4.723124e-06,2.361562e-05,0
20350.0,20355.0,20352.5,2.380604e-06,1.190302e-05,0
20355.0,20360.0,20357.5,4.766872e-06,2.383436e-05,0
20365.0,20370.0,20367.5,2.388108e-06,1.194054e-05,0
20370.0,20375.0,20372.5,4.75871e-06,2.379355e-05,0
20375.0,20380.0,20377.5,2.368004e-06,1.184002e-05,0
20380.0,20385.0,20382.5,1.196458e-06,5.98229e-06,0
20385.0,20390.0,20387.5,5.961632e-06,2.980816e-05,0
20395.0,20400.0,20397.5,2.380528e-06,1.190264e-05,0
20400.0,20405.0,20402.5,3.56863e-06,1.784315e-05,0
20405.0,20410.0,20407.5,2.38573e-06,1.192865e-05,0
20410.0,20415.0,20412.5,1.188708e-06,5.94354e-06,0
20415.0,20420.0,20417.5,2.369624e-06,1.184812e-05,0
20425.0,20430.0,20427.5,1.189272e-06,5.94636e-06,0
20430.0,20435.0,20432.5,1.191256e-06,5.95628e-06,0
20435.0,20440.0,20437.5,2.357664e-06,1.178832e-05,0
20440.0,20445.0,20442.5,3.565144e-06,1.782572e-05,0
20445.0,20450.0,20447.5,3.56612e-06,1.78306e-05,0
20450.0,20455.0,20452.5,5.952522e-06,2.976261e-05,0
20455.0,20460.0,20457.5,2.369624e-06,1.184812e-05,0
20460.0,20465.0,20462.5,1.189272e-06,5.94636e-06,0
20465.0,20470.0,20467.5,1.180916e-06,5.90458e-06,0
20470.0,20475.0,20472.5,4.718688e-06,2.359344e-05,0
20475.0,20480.0,20477.5,1.189272e-06,5.94636e-06,0
20480.0,20485.0,20482.5,2.36602e-06,1.18301e-05,0
20490.0,20495.0,20492.5,3.566692e-06,1.783346e-05,0
20495.0,20500.0,20497.5,2.373544e-06,1.186772e-05,0
20510.0,20515.0,20512.5,2.365456e-06,1.182728e-05,0
20515.0,20520.0,20517.5,2.375528e-06,1.187764e-05,0
20520.0,20525.0,20522.5,2.390944e-06,1.195472e-05,0
20525.0,20530.0,20527.5,3.5826e-06,1.7913e-05,0
20530.0,20535.0,20532.5,4.741608e-06,2.370804e-05,0
20535.0,20540.0,20537.5,5.91438e-06,2.95719e-05,0
20540.0,20545.0,20542.5,1.199688e-06,5.99844e-06,0
20545.0,20550.0,20547.5,4.730644e-06,2.365322e-05,0
20550.0,20555.0,20552.5,3.560906e-06,1.780453e-05,0
20555.0,20560.0,20557.5,3.550292e-06,1.775146e-05,0
20560.0,20565.0,20562.5,7.115814e-06,3.557907e-05,0
20565.0,20570.0,20567.5,3.546936e-06,1.773468e-05,0
20570.0,20575.0,20572.5,2.37742e-06,1.18871e-05,0
20575.0,20580.0,20577.5,2.36102e-06,1.18051e-05,0
20580.0,20585.0,20582.5,2.365456e-06,1.182728e-05,0
20585.0,20590.0,20587.5,3.566082e-06,1.783041e-05,0
20590.0,20595.0,20592.5,5.96355e-06,2.981775e-05,0
20595.0,20600.0,20597.5,4.734028e-06,2.367014e-05,0
20600.0,20605.0,20602.5,3.574438e-06,1.787219e-05,0
20605.0,20610.0,20607.5,2.376436e-06,1.188218e-05,0
20610.0,20615.0,20612.5,1.188708e-06,5.94354e-06,0
20615.0,20620.0,20617.5,2.391344e-06,1.195672e-05,0
20620.0,20625.0,20622.5,1.189272e-06,5.94636e-06,0
20625.0,20630.0,20627.5,2.365188e-06,1.182594e-05,0
20630.0,20635.0,20632.5,1.189272e-06,5.94636e-06,0
20635.0,20640.0,20637.5,1.180916e-06,5.90458e-06,0
20640.0,20645.0,20642.5,1.189272e-06,5.94636e-06,0
20645.0,20650.0,20647.5,2.387714e-06,1.193857e-05,0
20650.0,20655.0,20652.5,3.566082e-06,1.783041e-05,0
20660.0,20665.0,20662.5,2.380604e-06,1.190302e-05,0
20665.0,20670.0,20667.5,1.184272e-06,5.92136e-06,0
20670.0,20675.0,20672.5,3.546372e-06,1.773186e-05,0
20675.0,20680.0,20677.5,2.383594e-06,1.191797e-05,0
20680.0,20685.0,20682.5,1.188708e-06,5.94354e-06,0
20685.0,20690.0,20687.5,3.567404e-06,1.783702e-05,0
20690.0,20695.0,20692.5,2.369624e-06,1.184812e-05,0
20695.0,20700.0,20697.5,2.373206e-06,1.186603e-05,0
20700.0,20705.0,20702.5,5.951208e-06,2.975604e-05,0
20705.0,20710.0,20707.5,1.194886e-06,5.97443e-06,0
20710.0,20715.0,20712.5,1.188708e-06,5.94354e-06,0
20715.0,20720.0,20717.5,3.54274e-06,1.77137e-05,0
20720.0,20725.0,20722.5,2.365188e-06,1.182594e-05,0
20725.0,20730.0,20727.5,1.184272e-06,5.92136e-06,0
20735.0,20740.0,20737.5,3.567404e-06,1.783702e-05,0
20740.0,20745.0,20742.5,2.376148e-06,1.188074e-05,0
20745.0,20750.0,20747.5,2.365188e-06,1.182594e-05,0
20750.0,20755.0,20752.5,2.36602e-06,1.18301e-05,0
20755.0,20760.0,20757.5,2.373206e-06,1.186603e-05,0
20760.0,20765.0,20762.5,3.573232e-06,1.786616e-05,0
20765.0,20770.0,20767.5,1.196458e-06,5.98229e-06,0
20770.0,20775.0,20772.5,1.188708e-06,5.94354e-06,0
20775.0,20780.0,20777.5,1.176748e-06,5.88374e-06,0
20780.0,20785.0,20782.5,1.188708e-06,5.94354e-06,0
20785.0,20790.0,20787.5,5.926168e-06,2.963084e-05,0
20790.0,20795.0,20792.5,2.3535e-06,1.17675e-05,0
20795.0,20800.0,20797.5,2.396146e-06,1.198073e-05,0
20800.0,20805.0,20802.5,2.373206e-06,1.186603e-05,0
20805.0,20810.0,20807.5,5.950874e-06,2.975437e-05,0
20810.0,20815.0,20812.5,2.37742e-06,1.18871e-05,0
20815.0,20820.0,20817.5,1.189272e-06,5.94636e-06,0
20820.0,20825.0,20822.5,2.384158e-06,1.192079e-05,0
20825.0,20830.0,20827.5,1.189272e-06,5.94636e-06,0
20830.0,20835.0,20832.5,2.379158e-06,1.189579e-05,0
20835.0,20840.0,20837.5,2.380604e-06,1.190302e-05,0
20845.0,20850.0,20847.5,3.549728e-06,1.774864e-05,0
20850.0,20855.0,20852.5,2.388672e-06,1.194336e-05,0
20855.0,20860.0,20857.5,2.368004e-06,1.184002e-05,0
20860.0,20865.0,20862.5,2.385166e-06,1.192583e-05,0
20865.0,20870.0,20867.5,1.176748e-06,5.88374e-06,0
20870.0,20875.0,20872.5,4.783576e-06,2.391788e-05,0
20875.0,20880.0,20877.5,3.550292e-06,1.775146e-05,0
20880.0,20885.0,20882.5,7.160378e-06,3.580189e-05,0
20885.0,20890.0,20887.5,1.194886e-06,5.97443e-06,0
20895.0,20900.0,20897.5,3.572894e-06,1.786447e-05,0
20905.0,20910.0,20907.5,2.368004e-06,1.184002e-05,0
20910.0,20915.0,20912.5,2.388672e-06,1.194336e-05,0
20915.0,20920.0,20917.5,2.396146e-06,1.198073e-05,0
20920.0,20925.0,20922.5,5.927938e-06,2.963969e-05,0
20925.0,20930.0,20927.5,4.738164e-06,2.369082e-05,0
20930.0,20935.0,20932.5,2.388672e-06,1.194336e-05,0
20935.0,20940.0,20937.5,1.189272e-06,5.94636e-06,0
20940.0,20945.0,20942.5,2.376148e-06,1.188074e-05,0
20945.0,20950.0,20947.5,1.194886e-06,5.97443e-06,0
20950.0,20955.0,20952.5,2.379964e-06,1.189982e-05,0
20955.0,20960.0,20957.5,1.196458e-06,5.98229e-06,0
20960.0,20965.0,20962.5,2.380604e-06,1.190302e-05,0
20965.0,20970.0,20967.5,3.554122e-06,1.777061e-05,0
20970.0,20975.0,20972.5,2.390944e-06,1.195472e-05,0
20975.0,20980.0,20977.5,4.737094e-06,2.368547e-05,0
20980.0,20985.0,20982.5,3.542772e-06,1.771386e-05,0
20985.0,20990.0,20987.5,3.582994e-06,1.791497e-05,0
20990.0,20995.0,20992.5,3.534416e-06,1.767208e-05,0
20995.0,21000.0,20997.5,3.572306e-06,1.786153e-05,0
21000.0,21005.0,21002.5,4.748164e-06,2.374082e-05,0
21005.0,21010.0,21007.5,1.194886e-06,5.97443e-06,0
21010.0,21015.0,21012.5,3.564462e-06,1.782231e-05,0
21015.0,21020.0,21017.5,4.736822e-06,2.368411e-05,0
21020.0,21025.0,21022.5,1.196458e-06,5.98229e-06,0
21025.0,21030.0,21027.5,2.394574e-06,1.197287e-05,0
21030.0,21035.0,21032.5,2.388396e-06,1.194198e-05,0
21040.0,21045.0,21042.5,3.542772e-06,1.771386e-05,0
21050.0,21055.0,21052.5,3.568676e-06,1.784338e-05,0
21055.0,21060.0,21057.5,2.373206e-06,1.186603e-05,0
21060.0,21065.0,21062.5,2.365188e-06,1.182594e-05,0
21065.0,21070.0,21067.5,3.546936e-06,1.773468e-05,0
21070.0,21075.0,21072.5,5.943212e-06,2.971606e-05,0
21075.0,21080.0,21077.5,2.38573e-06,1.192865e-05,0
21080.0,21085.0,21082.5,1.196458e-06,5.98229e-06,0
21085.0,21090.0,21087.5,1.184272e-06,5.92136e-06,0
21090.0,21095.0,21092.5,2.38252e-06,1.19126e-05,0
21100.0,21105.0,21102.5,4.7768e-06,2.3884e-05,0
21105.0,21110.0,21107.5,2.371634e-06,1.185817e-05,0
21110.0,21115.0,21112.5,4.755392e-06,2.377696e-05,0
21115.0,21120.0,21117.5,2.373206e-06,1.186603e-05,0
21120.0,21125.0,21122.5,1.176748e-06,5.88374e-06,0
21125.0,21130.0,21127.5,2.384158e-06,1.192079e-05,0
21130.0,21135.0,21132.5,3.542772e-06,1.771386e-05,0
21135.0,21140.0,21137.5,2.376148e-06,1.188074e-05,0
21145.0,21150.0,21147.5,3.578488e-06,1.789244e-05,0
21150.0,21155.0,21152.5,2.370188e-06,1.185094e-05,0
21155.0,21160.0,21157.5,5.947852e-06,2.973926e-05,0
21160.0,21165.0,21162.5,1.180916e-06,5.90458e-06,0
21165.0,21170.0,21167.5,7.174034e-06,3.587017e-05,0
21170.0,21175.0,21172.5,3.59232e-06,1.79616e-05,0
21175.0,21180.0,21177.5,2.386142e-06,1.193071e-05,0
21180.0,21185.0,21182.5,3.580216e-06,1.790108e-05,0
21185.0,21190.0,21187.5,2.357664e-06,1.178832e-05,0
21190.0,21195.0,21192.5,3.562478e-06,1.781239e-05,0
21195.0,21200.0,21197.5,2.394574e-06,1.197287e-05,0
21200.0,21205.0,21202.5,7.122026e-06,3.561013e-05,0
21205.0,21210.0,21207.5,3.545288e-06,1.772644e-05,0
21210.0,21215.0,21212.5,7.103652e-06,3.551826e-05,0
21215.0,21220.0,21217.5,1.189272e-06,5.94636e-06,0
21220.0,21225.0,21222.5,7.146702e-06,3.573351e-05,0
21225.0,21230.0,21227.5,4.739642e-06,2.369821e-05,0
21230.0,21235.0,21232.5,5.935266e-06,2.967633e-05,0
21235.0,21240.0,21237.5,3.571986e-06,1.785993e-05,0
21240.0,21245.0,21242.5,1.188708e-06,5.94354e-06,0
21245.0,21250.0,21247.5,2.36602e-06,1.18301e-05,0
21250.0,21255.0,21252.5,2.379964e-06,1.189982e-05,0
21255.0,21260.0,21257.5,4.738666e-06,2.369333e-05,0
21260.0,21265.0,21262.5,5.914116e-06,2.957058e-05,0
21265.0,21270.0,21267.5,3.56451e-06,1.782255e-05,0
21270.0,21275.0,21272.5,2.365456e-06,1.182728e-05,0
21275.0,21280.0,21277.5,2.394286e-06,1.197143e-05,0
21285.0,21290.0,21287.5,5.944622e-06,2.972311e-05,0
21290.0,21295.0,21292.5,4.761578e-06,2.380789e-05,0
21295.0,21300.0,21297.5,4.74283e-06,2.371415e-05,0
21300.0,21305.0,21302.5,1.176748e-06,5.88374e-06,0
21305.0,21310.0,21307.5,4.727044e-06,2.363522e-05,0
21310.0,21315.0,21312.5,2.37298e-06,1.18649e-05,0
21315.0,21320.0,21317.5,2.36184e-06,1.18092e-05,0
21320.0,21325.0,21322.5,2.395858e-06,1.197929e-05,0
21325.0,21330.0,21327.5,2.380604e-06,1.190302e-05,0
21330.0,21335.0,21332.5,2.373206e-06,1.186603e-05,0
21335.0,21340.0,21337.5,2.394286e-06,1.197143e-05,0
21340.0,21345.0,21342.5,2.376436e-06,1.188218e-05,0
21350.0,21355.0,21352.5,4.758584e-06,2.379292e-05,0
21355.0,21360.0,21357.5,1.180916e-06,5.90458e-06,0
21365.0,21370.0,21367.5,2.37798e-06,1.18899e-05,0
21370.0,21375.0,21372.5,4.74675e-06,2.373375e-05,0
21375.0,21380.0,21377.5,3.58336e-06,1.79168e-05,0
21380.0,21385.0,21382.5,2.385166e-06,1.192583e-05,0
21385.0,21390.0,21387.5,4.751186e-06,2.375593e-05,0
21390.0,21395.0,21392.5,3.5982e-06,1.7991e-05,0
21395.0,21400.0,21397.5,2.377374e-06,1.188687e-05,0
21400.0,21405.0,21402.5,1.196458e-06,5.98229e-06,0
21405.0,21410.0,21407.5,1.189272e-06,5.94636e-06,0
21410.0,21415.0,21412.5,2.383594e-06,1.191797e-05,0
21415.0,21420.0,21417.5,1.189272e-06,5.94636e-06,0
21420.0,21425.0,21422.5,2.37298e-06,1.18649e-05,0
21425.0,21430.0,21427.5,3.560906e-06,1.780453e-05,0
21430.0,21435.0,21432.5,3.546372e-06,1.773186e-05,0
21435.0,21440.0,21437.5,3.542208e-06,1.771104e-05,0
21445.0,21450.0,21447.5,1.194886e-06,5.97443e-06,0
21450.0,21455.0,21452.5,1.196458e-06,5.98229e-06,0
21455.0,21460.0,21457.5,2.365188e-06,1.182594e-05,0
21460.0,21465.0,21462.5,4.76778e-06,2.38389e-05,0
21465.0,21470.0,21467.5,2.394286e-06,1.197143e-05,0
21470.0,21475.0,21472.5,2.387714e-06,1.193857e-05,0
21475.0,21480.0,21477.5,2.375802e-06,1.187901e-05,0
21480.0,21485.0,21482.5,2.388396e-06,1.194198e-05,0
21485.0,21490.0,21487.5,3.570696e-06,1.785348e-05,0
21490.0,21495.0,21492.5,3.546112e-06,1.773056e-05,0
21495.0,21500.0,21497.5,3.558896e-06,1.779448e-05,0
21505.0,21510.0,21507.5,2.369624e-06,1.184812e-05,0
21510.0,21515.0,21512.5,2.36102e-06,1.18051e-05,0
21520.0,21525.0,21522.5,3.565074e-06,1.782537e-05,0
21525.0,21530.0,21527.5,3.56451e-06,1.782255e-05,0
21530.0,21535.0,21532.5,4.764554e-06,2.382277e-05,0
21535.0,21540.0,21537.5,1.176748e-06,5.88374e-06,0
21540.0,21545.0,21542.5,1.189272e-06,5.94636e-06,0
21545.0,21550.0,21547.5,2.370188e-06,1.185094e-05,0
21550.0,21555.0,21552.5,3.581628e-06,1.790814e-05,0
21555.0,21560.0,21557.5,1.180916e-06,5.90458e-06,0
21560.0,21565.0,21562.5,1.188708e-06,5.94354e-06,0
21565.0,21570.0,21567.5,2.36854e-06,1.18427e-05,0
21570.0,21575.0,21572.5,2.37298e-06,1.18649e-05,0
21580.0,21585.0,21582.5,2.380528e-06,1.190264e-05,0
21585.0,21590.0,21587.5,1.176748e-06,5.88374e-06,0
21590.0,21595.0,21592.5,4.77974e-06,2.38987e-05,0
21595.0,21600.0,21597.5,2.36184e-06,1.18092e-05,0
21600.0,21605.0,21602.5,2.357664e-06,1.178832e-05,0
21605.0,21610.0,21607.5,1.196458e-06,5.98229e-06,0
21610.0,21615.0,21612.5,1.196458e-06,5.98229e-06,0
21615.0,21620.0,21617.5,1.1994e-06,5.997e-06,0
21620.0,21625.0,21622.5,4.75195e-06,2.375975e-05,0
21625.0,21630.0,21627.5,3.549456e-06,1.774728e-05,0
21630.0,21635.0,21632.5,3.534416e-06,1.767208e-05,0
21635.0,21640.0,21637.5,2.396146e-06,1.198073e-05,0
21640.0,21645.0,21642.5,2.372172e-06,1.186086e-05,0
21645.0,21650.0,21647.5,2.372172e-06,1.186086e-05,0
21650.0,21655.0,21652.5,4.74642e-06,2.37321e-05,0
21660.0,21665.0,21662.5,1.199688e-06,5.99844e-06,0
21665.0,21670.0,21667.5,5.914912e-06,2.957456e-05,0
21685.0,21690.0,21687.5,2.37742e-06,1.18871e-05,0
21695.0,21700.0,21697.5,2.396146e-06,1.198073e-05,0
21700.0,21705.0,21702.5,2.383672e-06,1.191836e-05,0
21705.0,21710.0,21707.5,2.370188e-06,1.185094e-05,0
21710.0,21715.0,21712.5,2.371634e-06,1.185817e-05,0
21715.0,21720.0,21717.5,3.550548e-06,1.775274e-05,0
21720.0,21725.0,21722.5,2.383594e-06,1.191797e-05,0
21725.0,21730.0,21727.5,3.542208e-06,1.771104e-05,0
21730.0,21735.0,21732.5,1.176748e-06,5.88374e-06,0
21735.0,21740.0,21737.5,2.379158e-06,1.189579e-05,0
21740.0,21745.0,21742.5,2.365456e-06,1.182728e-05,0
21745.0,21750.0,21747.5,1.189272e-06,5.94636e-06,0
21750.0,21755.0,21752.5,4.749614e-06,2.374807e-05,0
21755.0,21760.0,21757.5,2.369624e-06,1.184812e-05,0
21760.0,21765.0,21762.5,2.369624e-06,1.184812e-05,0
21765.0,21770.0,21767.5,1.199688e-06,5.99844e-06,0
21770.0,21775.0,21772.5,3.562478e-06,1.781239e-05,0
21775.0,21780.0,21777.5,4.787094e-06,2.393547e-05,0
21785.0,21790.0,21787.5,2.373206e-06,1.186603e-05,0
21790.0,21795.0,21792.5,2.369624e-06,1.184812e-05,0
21795.0,21800.0,21797.5,3.556444e-06,1.778222e-05,0
21800.0,21805.0,21802.5,2.36602e-06,1.18301e-05,0
21805.0,21810.0,21807.5,1.189272e-06,5.94636e-06,0
21815.0,21820.0,21817.5,2.365188e-06,1.182594e-05,0
21820.0,21825.0,21822.5,2.357664e-06,1.178832e-05,0
21825.0,21830.0,21827.5,3.554168e-06,1.777084e-05,0
21830.0,21835.0,21832.5,1.196458e-06,5.98229e-06,0
21835.0,21840.0,21837.5,4.73092e-06,2.36546e-05,0
21840.0,21845.0,21842.5,1.194886e-06,5.97443e-06,0
21845.0,21850.0,21847.5,2.357664e-06,1.178832e-05,0
21850.0,21855.0,21852.5,2.38978e-06,1.19489e-05,0
21855.0,21860.0,21857.5,2.365456e-06,1.182728e-05,0
21860.0,21865.0,21862.5,2.365456e-06,1.182728e-05,0
21870.0,21875.0,21872.5,1.194886e-06,5.97443e-06,0
21875.0,21880.0,21877.5,2.365188e-06,1.182594e-05,0
21880.0,21885.0,21882.5,2.379158e-06,1.189579e-05,0
21885.0,21890.0,21887.5,2.386142e-06,1.193071e-05,0
21890.0,21895.0,21892.5,2.365188e-06,1.182594e-05,0
21895.0,21900.0,21897.5,3.568676e-06,1.784338e-05,0
21905.0,21910.0,21907.5,2.385166e-06,1.192583e-05,0
21910.0,21915.0,21912.5,1.188708e-06,5.94354e-06,0
21915.0,21920.0,21917.5,2.369624e-06,1.184812e-05,0
21920.0,21925.0,21922.5,1.188708e-06,5.94354e-06,0
21925.0,21930.0,21927.5,1.194886e-06,5.97443e-06,0
21930.0,21935.0,21932.5,1.194886e-06,5.97443e-06,0
21935.0,21940.0,21937.5,1.188708e-06,5.94354e-06,0
21940.0,21945.0,21942.5,1.199688e-06,5.99844e-06,0
21945.0,21950.0,21947.5,2.39292e-06,1.19646e-05,0
21950.0,21955.0,21952.5,4.744156e-06,2.372078e-05,0
21955.0,21960.0,21957.5,4.743996e-06,2.371998e-05,0
21960.0,21965.0,21962.5,3.546372e-06,1.773186e-05,0
21970.0,21975.0,21972.5,2.383594e-06,1.191797e-05,0
21975.0,21980.0,21977.5,1.176748e-06,5.88374e-06,0
21980.0,21985.0,21982.5,1.184272e-06,5.92136e-06,0
21985.0,21990.0,21987.5,4.750392e-06,2.375196e-05,0
21990.0,21995.0,21992.5,2.373206e-06,1.186603e-05,0
21995.0,22000.0,21997.5,2.37798e-06,1.18899e-05,0
22010.0,22015.0,22012.5,1.194886e-06,5.97443e-06,0
22015.0,22020.0,22017.5,5.922524e-06,2.961262e-05,0
22020.0,22025.0,22022.5,3.576774e-06,1.788387e-05,0
22030.0,22035.0,22032.5,1.184272e-06,5.92136e-06,0
22035.0,22040.0,22037.5,3.556712e-06,1.778356e-05,0
22040.0,22045.0,22042.5,1.176748e-06,5.88374e-06,0
22045.0,22050.0,22047.5,2.388108e-06,1.194054e-05,0
22050.0,22055.0,22052.5,4.74344e-06,2.37172e-05,0
22055.0,22060.0,22057.5,1.196458e-06,5.98229e-06,0
22060.0,22065.0,22062.5,4.7827e-06,2.39135e-05,0
22065.0,22070.0,22067.5,1.191256e-06,5.95628e-06,0
22070.0,22075.0,22072.5,3.558298e-06,1.779149e-05,0
22075.0,22080.0,22077.5,3.566646e-06,1.783323e-05,0
22080.0,22085.0,22082.5,1.194886e-06,5.97443e-06,0
22085.0,22090.0,22087.5,1.188708e-06,5.94354e-06,0
22090.0,22095.0,22092.5,1.184272e-06,5.92136e-06,0
22095.0,22100.0,22097.5,3.558896e-06,1.779448e-05,0
22100.0,22105.0,22102.5,1.188708e-06,5.94354e-06,0
22105.0,22110.0,22107.5,2.380528e-06,1.190264e-05,0
22110.0,22115.0,22112.5,5.937716e-06,2.968858e-05,0
22115.0,22120.0,22117.5,2.380316e-06,1.190158e-05,0
22120.0,22125.0,22122.5,1.196458e-06,5.98229e-06,0
22125.0,22130.0,22127.5,2.369624e-06,1.184812e-05,0
22130.0,22135.0,22132.5,2.373206e-06,1.186603e-05,0
22135.0,22140.0,22137.5,7.139352e-06,3.569676e-05,0
22140.0,22145.0,22142.5,2.384158e-06,1.192079e-05,0
22150.0,22155.0,22152.5,1.196458e-06,5.98229e-06,0
22155.0,22160.0,22157.5,2.39938e-06,1.19969e-05,0
22160.0,22165.0,22162.5,2.37742e-06,1.18871e-05,0
22175.0,22180.0,22177.5,1.188708e-06,5.94354e-06,0
22180.0,22185.0,22182.5,2.379964e-06,1.189982e-05,0
22185.0,22190.0,22187.5,1.176748e-06,5.88374e-06,0
22190.0,22195.0,22192.5,1.194886e-06,5.97443e-06,0
22200.0,22205.0,22202.5,1.188708e-06,5.94354e-06,0
22205.0,22210.0,22207.5,2.371634e-06,1.185817e-05,0
22210.0,22215.0,22212.5,3.590744e-06,1.795372e-05,0
22215.0,22220.0,22217.5,1.188708e-06,5.94354e-06,0
22220.0,22225.0,22222.5,1.196458e-06,5.98229e-06,0
22225.0,22230.0,22227.5,1.1994e-06,5.997e-06,0
22230.0,22235.0,22232.5,1.188708e-06,5.94354e-06,0
22235.0,22240.0,22237.5,2.357664e-06,1.178832e-05,0
22240.0,22245.0,22242.5,4.725126e-06,2.362563e-05,0
22245.0,22250.0,22247.5,1.199688e-06,5.99844e-06,0
22255.0,22260.0,22257.5,1.176748e-06,5.88374e-06,0
22260.0,22265.0,22262.5,2.357664e-06,1.178832e-05,0
22265.0,22270.0,22267.5,1.176748e-06,5.88374e-06,0
22280.0,22285.0,22282.5,1.176748e-06,5.88374e-06,0
22285.0,22290.0,22287.5,3.569668e-06,1.784834e-05,0
22300.0,22305.0,22302.5,2.368004e-06,1.184002e-05,0
22305.0,22310.0,22307.5,2.383594e-06,1.191797e-05,0
22310.0,22315.0,22312.5,2.383594e-06,1.191797e-05,0
22315.0,22320.0,22317.5,3.583282e-06,1.791641e-05,0
22320.0,22325.0,22322.5,2.379964e-06,1.189982e-05,0
22325.0,22330.0,22327.5,2.365188e-06,1.182594e-05,0
22330.0,22335.0,22332.5,1.194886e-06,5.97443e-06,0
22335.0,22340.0,22337.5,1.189272e-06,5.94636e-06,0
22340.0,22345.0,22342.5,3.542208e-06,1.771104e-05,0
22345.0,22350.0,22347.5,3.57485e-06,1.787425e-05,0
22360.0,22365.0,22362.5,1.176748e-06,5.88374e-06,0
22365.0,22370.0,22367.5,2.370188e-06,1.185094e-05,0
22385.0,22390.0,22387.5,3.561646e-06,1.780823e-05,0
22395.0,22400.0,22397.5,2.375802e-06,1.187901e-05,0
22400.0,22405.0,22402.5,2.390944e-06,1.195472e-05,0
22410.0,22415.0,22412.5,2.37798e-06,1.18899e-05,0
22420.0,22425.0,22422.5,1.180916e-06,5.90458e-06,0
22425.0,22430.0,22427.5,2.369624e-06,1.184812e-05,0
22430.0,22435.0,22432.5,3.57485e-06,1.787425e-05,0
22435.0,22440.0,22437.5,2.376436e-06,1.188218e-05,0
22445.0,22450.0,22447.5,1.191256e-06,5.95628e-06,0
22450.0,22455.0,22452.5,3.554122e-06,1.777061e-05,0
22460.0,22465.0,22462.5,1.191256e-06,5.95628e-06,0
22465.0,22470.0,22467.5,1.176748e-06,5.88374e-06,0
22480.0,22485.0,22482.5,2.36102e-06,1.18051e-05,0
22500.0,22505.0,22502.5,2.365456e-06,1.182728e-05,0
22510.0,22515.0,22512.5,1.196458e-06,5.98229e-06,0
22515.0,22520.0,22517.5,1.180916e-06,5.90458e-06,0
22520.0,22525.0,22522.5,1.180916e-06,5.90458e-06,0
22525.0,22530.0,22527.5,2.38573e-06,1.192865e-05,0
22530.0,22535.0,22532.5,1.194886e-06,5.97443e-06,0
22535.0,22540.0,22537.5,3.534416e-06,1.767208e-05,0
22540.0,22545.0,22542.5,1.176748e-06,5.88374e-06,0
22550.0,22555.0,22552.5,4.737094e-06,2.368547e-05,0
22555.0,22560.0,22557.5,1.191256e-06,5.95628e-06,0
22560.0,22565.0,22562.5,2.39292e-06,1.19646e-05,0
22565.0,22570.0,22567.5,2.3535e-06,1.17675e-05,0
22570.0,22575.0,22572.5,3.560906e-06,1.780453e-05,0
22580.0,22585.0,22582.5,2.365456e-06,1.182728e-05,0
22590.0,22595.0,22592.5,2.37742e-06,1.18871e-05,0
22595.0,22600.0,22597.5,3.541936e-06,1.770968e-05,0
22600.0,22605.0,22602.5,4.76003e-06,2.380015e-05,0
22605.0,22610.0,22607.5,2.379964e-06,1.189982e-05,0
22610.0,22615.0,22612.5,1.191256e-06,5.95628e-06,0
22615.0,22620.0,22617.5,4.742172e-06,2.371086e-05,0
22630.0,22635.0,22632.5,1.196458e-06,5.98229e-06,0
22635.0,22640.0,22637.5,2.37798e-06,1.18899e-05,0
22650.0,22655.0,22652.5,3.56843e-06,1.784215e-05,0
22655.0,22660.0,22657.5,2.388396e-06,1.194198e-05,0
22660.0,22665.0,22662.5,2.357664e-06,1.178832e-05,0
22665.0,22670.0,22667.5,1.191256e-06,5.95628e-06,0
22670.0,22675.0,22672.5,1.188708e-06,5.94354e-06,0
22675.0,22680.0,22677.5,1.180916e-06,5.90458e-06,0
22680.0,22685.0,22682.5,1.189272e-06,5.94636e-06,0
22685.0,22690.0,22687.5,2.38396e-06,1.19198e-05,0
22690.0,22695.0,22692.5,4.742868e-06,2.371434e-05,0
22695.0,22700.0,22697.5,1.180916e-06,5.90458e-06,0
22700.0,22705.0,22702.5,2.369624e-06,1.184812e-05,0
22705.0,22710.0,22707.5,1.1994e-06,5.997e-06,0
22710.0,22715.0,22712.5,2.3535e-06,1.17675e-05,0
22715.0,22720.0,22717.5,1.188708e-06,5.94354e-06,0
22725.0,22730.0,22727.5,2.394286e-06,1.197143e-05,0
22735.0,22740.0,22737.5,3.544756e-06,1.772378e-05,0
22740.0,22745.0,22742.5,2.373206e-06,1.186603e-05,0
22750.0,22755.0,22752.5,1.188708e-06,5.94354e-06,0
22755.0,22760.0,22757.5,2.36602e-06,1.18301e-05,0
22765.0,22770.0,22767.5,2.365456e-06,1.182728e-05,0
22775.0,22780.0,22777.5,2.37854e-06,1.18927e-05,0
22780.0,22785.0,22782.5,1.194886e-06,5.97443e-06,0
22785.0,22790.0,22787.5,1.189272e-06,5.94636e-06,0
22795.0,22800.0,22797.5,2.385166e-06,1.192583e-05,0
22805.0,22810.0,22807.5,3.566646e-06,1.783323e-05,0
22810.0,22815.0,22812.5,3.565074e-06,1.782537e-05,0
22820.0,22825.0,22822.5,1.196458e-06,5.98229e-06,0
22825.0,22830.0,22827.5,2.377374e-06,1.188687e-05,0
22830.0,22835.0,22832.5,2.373544e-06,1.186772e-05,0
22835.0,22840.0,22837.5,2.37742e-06,1.18871e-05,0
22840.0,22845.0,22842.5,1.199688e-06,5.99844e-06,0
22845.0,22850.0,22847.5,2.376436e-06,1.188218e-05,0
22850.0,22855.0,22852.5,1.194886e-06,5.97443e-06,0
22855.0,22860.0,22857.5,3.572894e-06,1.786447e-05,0
22860.0,22865.0,22862.5,2.38573e-06,1.192865e-05,0
22875.0,22880.0,22877.5,1.191256e-06,5.95628e-06,0
22885.0,22890.0,22887.5,1.188708e-06,5.94354e-06,0
22890.0,22895.0,22892.5,1.188708e-06,5.94354e-06,0
22895.0,22900.0,22897.5,2.38896e-06,1.19448e-05,0
22915.0,22920.0,22917.5,1.176748e-06,5.88374e-06,0
22920.0,22925.0,22922.5,4.768764e-06,2.384382e-05,0
22935.0,22940.0,22937.5,3.554122e-06,1.777061e-05,0
22945.0,22950.0,22947.5,2.388108e-06,1.194054e-05,0
22950.0,22955.0,22952.5,1.189272e-06,5.94636e-06,0
22960.0,22965.0,22962.5,2.37798e-06,1.18899e-05,0
22970.0,22975.0,22972.5,2.380604e-06,1.190302e-05,0
22990.0,22995.0,22992.5,3.554122e-06,1.777061e-05,0
23000.0,23005.0,23002.5,1.180916e-06,5.90458e-06,0
23010.0,23015.0,23012.5,2.391344e-06,1.195672e-05,0
23015.0,23020.0,23017.5,2.37742e-06,1.18871e-05,0
23025.0,23030.0,23027.5,1.176748e-06,5.88374e-06,0
23030.0,23035.0,23032.5,2.379964e-06,1.189982e-05,0
23035.0,23040.0,23037.5,2.365456e-06,1.182728e-05,0
23045.0,23050.0,23047.5,1.176748e-06,5.88374e-06,0
23050.0,23055.0,23052.5,2.383672e-06,1.191836e-05,0
23060.0,23065.0,23062.5,2.383594e-06,1.191797e-05,0
23065.0,23070.0,23067.5,1.188708e-06,5.94354e-06,0
23070.0,23075.0,23072.5,2.36602e-06,1.18301e-05,0
23080.0,23085.0,23082.5,1.184272e-06,5.92136e-06,0
23085.0,23090.0,23087.5,1.199688e-06,5.99844e-06,0
23090.0,23095.0,23092.5,3.542208e-06,1.771104e-05,0
23095.0,23100.0,23097.5,1.196458e-06,5.98229e-06,0
23100.0,23105.0,23102.5,3.561646e-06,1.780823e-05,0
23105.0,23110.0,23107.5,2.376436e-06,1.188218e-05,0
23110.0,23115.0,23112.5,3.57238e-06,1.78619e-05,0
23115.0,23120.0,23117.5,2.376436e-06,1.188218e-05,0
23135.0,23140.0,23137.5,2.369624e-06,1.184812e-05,0
23145.0,23150.0,23147.5,1.188708e-06,5.94354e-06,0
23150.0,23155.0,23152.5,2.3535e-06,1.17675e-05,0
23160.0,23165.0,23162.5,2.39292e-06,1.19646e-05,0
23170.0,23175.0,23172.5,1.188708e-06,5.94354e-06,0
23180.0,23185.0,23182.5,3.570002e-06,1.785001e-05,0
23185.0,23190.0,23187.5,2.36102e-06,1.18051e-05,0
23205.0,23210.0,23207.5,1.191256e-06,5.95628e-06,0
23210.0,23215.0,23212.5,2.384158e-06,1.192079e-05,0
23215.0,23220.0,23217.5,1.176748e-06,5.88374e-06,0
23220.0,23225.0,23222.5,1.1994e-06,5.997e-06,0
23225.0,23230.0,23227.5,1.176748e-06,5.88374e-06,0
23230.0,23235.0,23232.5,1.196458e-06,5.98229e-06,0
23235.0,23240.0,23237.5,3.558896e-06,1.779448e-05,0
23240.0,23245.0,23242.5,3.586238e-06,1.793119e-05,0
23250.0,23255.0,23252.5,2.383594e-06,1.191797e-05,0
23260.0,23265.0,23262.5,2.383594e-06,1.191797e-05,0
23265.0,23270.0,23267.5,2.37798e-06,1.18899e-05,0
23270.0,23275.0,23272.5,1.189272e-06,5.94636e-06,0
23280.0,23285.0,23282.5,2.383594e-06,1.191797e-05,0
23285.0,23290.0,23287.5,2.37798e-06,1.18899e-05,0
23290.0,23295.0,23292.5,3.569796e-06,1.784898e-05,0
23305.0,23310.0,23307.5,1.194886e-06,5.97443e-06,0
23310.0,23315.0,23312.5,1.176748e-06,5.88374e-06,0
23315.0,23320.0,23317.5,2.380528e-06,1.190264e-05,0
23330.0,23335.0,23332.5,3.577062e-06,1.788531e-05,0
23335.0,23340.0,23337.5,3.550548e-06,1.775274e-05,0
23340.0,23345.0,23342.5,4.733474e-06,2.366737e-05,0
23345.0,23350.0,23347.5,1.199688e-06,5.99844e-06,0
23355.0,23360.0,23357.5,1.188708e-06,5.94354e-06,0
23360.0,23365.0,23362.5,1.194886e-06,5.97443e-06,0
23365.0,23370.0,23367.5,4.750626e-06,2.375313e-05,0
23370.0,23375.0,23372.5,2.370188e-06,1.185094e-05,0
23375.0,23380.0,23377.5,2.357664e-06,1.178832e-05,0
23380.0,23385.0,23382.5,1.180916e-06,5.90458e-06,0
23385.0,23390.0,23387.5,2.37298e-06,1.18649e-05,0
23390.0,23395.0,23392.5,1.194886e-06,5.97443e-06,0
23405.0,23410.0,23407.5,2.372172e-06,1.186086e-05,0
23410.0,23415.0,23412.5,1.196458e-06,5.98229e-06,0
23415.0,23420.0,23417.5,2.390944e-06,1.195472e-05,0
23425.0,23430.0,23427.5,1.199688e-06,5.99844e-06,0
23430.0,23435.0,23432.5,3.584566e-06,1.792283e-05,0
23440.0,23445.0,23442.5,1.176748e-06,5.88374e-06,0
23455.0,23460.0,23457.5,2.385166e-06,1.192583e-05,0
23465.0,23470.0,23467.5,2.379964e-06,1.189982e-05,0
23470.0,23475.0,23472.5,2.36602e-06,1.18301e-05,0
23475.0,23480.0,23477.5,1.189272e-06,5.94636e-06,0
23480.0,23485.0,23482.5,1.196458e-06,5.98229e-06,0
23490.0,23495.0,23492.5,3.554728e-06,1.777364e-05,0
23500.0,23505.0,23502.5,2.357664e-06,1.178832e-05,0
23510.0,23515.0,23512.5,3.557352e-06,1.778676e-05,0
23515.0,23520.0,23517.5,3.554728e-06,1.777364e-05,0
23520.0,23525.0,23522.5,2.37742e-06,1.18871e-05,0
23525.0,23530.0,23527.5,2.383594e-06,1.191797e-05,0
23530.0,23535.0,23532.5,1.196458e-06,5.98229e-06,0
23535.0,23540.0,23537.5,1.199688e-06,5.99844e-06,0
23555.0,23560.0,23557.5,4.765108e-06,2.382554e-05,0
23565.0,23570.0,23567.5,2.376148e-06,1.188074e-05,0
23575.0,23580.0,23577.5,2.377374e-06,1.188687e-05,0
23580.0,23585.0,23582.5,1.176748e-06,5.88374e-06,0
23585.0,23590.0,23587.5,1.184272e-06,5.92136e-06,0
23595.0,23600.0,23597.5,5.937716e-06,2.968858e-05,0
23605.0,23610.0,23607.5,1.194886e-06,5.97443e-06,0
23610.0,23615.0,23612.5,2.3535e-06,1.17675e-05,0
23615.0,23620.0,23617.5,1.176748e-06,5.88374e-06,0
23620.0,23625.0,23622.5,1.188708e-06,5.94354e-06,0
23625.0,23630.0,23627.5,2.357664e-06,1.178832e-05,0
23635.0,23640.0,23637.5,2.384158e-06,1.192079e-05,0
23640.0,23645.0,23642.5,2.37742e-06,1.18871e-05,0
23645.0,23650.0,23647.5,2.376148e-06,1.188074e-05,0
23650.0,23655.0,23652.5,4.748164e-06,2.374082e-05,0
23655.0,23660.0,23657.5,3.578488e-06,1.789244e-05,0
23660.0,23665.0,23662.5,1.189272e-06,5.94636e-06,0
23665.0,23670.0,23667.5,2.380528e-06,1.190264e-05,0
23670.0,23675.0,23672.5,3.538588e-06,1.769294e-05,0
23680.0,23685.0,23682.5,1.188708e-06,5.94354e-06,0
23685.0,23690.0,23687.5,1.196458e-06,5.98229e-06,0
23690.0,23695.0,23692.5,1.191256e-06,5.95628e-06,0
23695.0,23700.0,23697.5,3.546372e-06,1.773186e-05,0
23700.0,23705.0,23702.5,2.380528e-06,1.190264e-05,0
23705.0,23710.0,23707.5,1.188708e-06,5.94354e-06,0
23710.0,23715.0,23712.5,1.199688e-06,5.99844e-06,0
23715.0,23720.0,23717.5,3.575616e-06,1.787808e-05,0
23720.0,23725.0,23722.5,1.199688e-06,5.99844e-06,0
23725.0,23730.0,23727.5,2.390656e-06,1.195328e-05,0
23730.0,23735.0,23732.5,5.945384e-06,2.972692e-05,0
23735.0,23740.0,23737.5,1.1994e-06,5.997e-06,0
23740.0,23745.0,23742.5,1.188708e-06,5.94354e-06,0
23745.0,23750.0,23747.5,4.772884e-06,2.386442e-05,0
23755.0,23760.0,23757.5,2.365456e-06,1.182728e-05,0
23760.0,23765.0,23762.5,2.372172e-06,1.186086e-05,0
23770.0,23775.0,23772.5,1.184272e-06,5.92136e-06,0
23775.0,23780.0,23777.5,1.188708e-06,5.94354e-06,0
23780.0,23785.0,23782.5,1.191256e-06,5.95628e-06,0
23785.0,23790.0,23787.5,1.176748e-06,5.88374e-06,0
23790.0,23795.0,23792.5,3.551112e-06,1.775556e-05,0
23800.0,23805.0,23802.5,1.188708e-06,5.94354e-06,0
23810.0,23815.0,23812.5,1.176748e-06,5.88374e-06,0
23830.0,23835.0,23832.5,4.773236e-06,2.386618e-05,0
23840.0,23845.0,23842.5,2.38896e-06,1.19448e-05,0
23850.0,23855.0,23852.5,1.196458e-06,5.98229e-06,0
23860.0,23865.0,23862.5,1.188708e-06,5.94354e-06,0
23865.0,23870.0,23867.5,1.1994e-06,5.997e-06,0
23870.0,23875.0,23872.5,1.176748e-06,5.88374e-06,0
23885.0,23890.0,23887.5,2.375802e-06,1.187901e-05,0
23895.0,23900.0,23897.5,1.176748e-06,5.88374e-06,0
23900.0,23905.0,23902.5,1.188708e-06,5.94354e-06,0
23905.0,23910.0,23907.5,3.583846e-06,1.791923e-05,0
23910.0,23915.0,23912.5,2.36102e-06,1.18051e-05,0
23920.0,23925.0,23922.5,3.583282e-06,1.791641e-05,0
23925.0,23930.0,23927.5,1.184272e-06,5.92136e-06,0
23930.0,23935.0,23932.5,2.376436e-06,1.188218e-05,0
23935.0,23940.0,23937.5,1.180916e-06,5.90458e-06,0
23940.0,23945.0,23942.5,1.176748e-06,5.88374e-06,0
23955.0,23960.0,23957.5,1.189272e-06,5.94636e-06,0
23960.0,23965.0,23962.5,2.36854e-06,1.18427e-05,0
23965.0,23970.0,23967.5,4.76415e-06,2.382075e-05,0
23970.0,23975.0,23972.5,4.760568e-06,2.380284e-05,0
23985.0,23990.0,23987.5,1.180916e-06,5.90458e-06,0
23990.0,23995.0,23992.5,1.188708e-06,5.94354e-06,0
23995.0,24000.0,23997.5,2.396146e-06,1.198073e-05,0
24000.0,24005.0,24002.5,2.36602e-06,1.18301e-05,0
24005.0,24010.0,24007.5,2.37798e-06,1.18899e-05,0
24015.0,24020.0,24017.5,1.184272e-06,5.92136e-06,0
24020.0,24025.0,24022.5,3.549958e-06,1.774979e-05,0
24030.0,24035.0,24032.5,3.558336e-06,1.779168e-05,0
24040.0,24045.0,24042.5,1.189272e-06,5.94636e-06,0
24050.0,24055.0,24052.5,1.176748e-06,5.88374e-06,0
24055.0,24060.0,24057.5,3.558336e-06,1.779168e-05,0
24060.0,24065.0,24062.5,1.189272e-06,5.94636e-06,0
24065.0,24070.0,24067.5,3.55446e-06,1.77723e-05,0
24070.0,24075.0,24072.5,2.357664e-06,1.178832e-05,0
24075.0,24080.0,24077.5,1.189272e-06,5.94636e-06,0
24080.0,24085.0,24082.5,1.176748e-06,5.88374e-06,0
24085.0,24090.0,24087.5,1.188708e-06,5.94354e-06,0
24090.0,24095.0,24092.5,1.176748e-06,5.88374e-06,0
24095.0,24100.0,24097.5,1.194886e-06,5.97443e-06,0
24105.0,24110.0,24107.5,1.180916e-06,5.90458e-06,0
24110.0,24115.0,24112.5,3.550548e-06,1.775274e-05,0
24125.0,24130.0,24127.5,4.738666e-06,2.369333e-05,0
24130.0,24135.0,24132.5,2.37298e-06,1.18649e-05,0
24140.0,24145.0,24142.5,1.188708e-06,5.94354e-06,0
24145.0,24150.0,24147.5,3.553896e-06,1.776948e-05,0
24150.0,24155.0,24152.5,3.561914e-06,1.780957e-05,0
24155.0,24160.0,24157.5,1.1994e-06,5.997e-06,0
24160.0,24165.0,24162.5,1.184272e-06,5.92136e-06,0
24165.0,24170.0,24167.5,1.188708e-06,5.94354e-06,0
24170.0,24175.0,24172.5,2.368004e-06,1.184002e-05,0
24175.0,24180.0,24177.5,1.180916e-06,5.90458e-06,0
24190.0,24195.0,24192.5,2.369624e-06,1.184812e-05,0
24210.0,24215.0,24212.5,1.180916e-06,5.90458e-06,0
24225.0,24230.0,24227.5,1.189272e-06,5.94636e-06,0
24230.0,24235.0,24232.5,1.176748e-06,5.88374e-06,0
24235.0,24240.0,24237.5,1.188708e-06,5.94354e-06,0
24250.0,24255.0,24252.5,3.560708e-06,1.780354e-05,0
24255.0,24260.0,24257.5,1.188708e-06,5.94354e-06,0
24260.0,24265.0,24262.5,2.371634e-06,1.185817e-05,0
24265.0,24270.0,24267.5,1.196458e-06,5.98229e-06,0
24270.0,24275.0,24272.5,1.188708e-06,5.94354e-06,0
24280.0,24285.0,24282.5,2.396146e-06,1.198073e-05,0
24285.0,24290.0,24287.5,1.199688e-06,5.99844e-06,0
24305.0,24310.0,24307.5,1.176748e-06,5.88374e-06,0
24310.0,24315.0,24312.5,3.544756e-06,1.772378e-05,0
24320.0,24325.0,24322.5,1.194886e-06,5.97443e-06,0
24330.0,24335.0,24332.5,3.557248e-06,1.778624e-05,0
24335.0,24340.0,24337.5,1.188708e-06,5.94354e-06,0
24340.0,24345.0,24342.5,1.188708e-06,5.94354e-06,0
24345.0,24350.0,24347.5,1.194886e-06,5.97443e-06,0
24350.0,24355.0,24352.5,2.368004e-06,1.184002e-05,0
24355.0,24360.0,24357.5,2.380528e-06,1.190264e-05,0
24360.0,24365.0,24362.5,1.176748e-06,5.88374e-06,0
24365.0,24370.0,24367.5,1.184272e-06,5.92136e-06,0
24370.0,24375.0,24372.5,1.184272e-06,5.92136e-06,0
24375.0,24380.0,24377.5,1.188708e-06,5.94354e-06,0
24385.0,24390.0,24387.5,2.377374e-06,1.188687e-05,0
24395.0,24400.0,24397.5,1.176748e-06,5.88374e-06,0
24400.0,24405.0,24402.5,2.373206e-06,1.186603e-05,0
24410.0,24415.0,24412.5,2.376436e-06,1.188218e-05,0
24415.0,24420.0,24417.5,1.196458e-06,5.98229e-06,0
24420.0,24425.0,24422.5,2.387714e-06,1.193857e-05,0
24435.0,24440.0,24437.5,2.383594e-06,1.191797e-05,0
24440.0,24445.0,24442.5,1.180916e-06,5.90458e-06,0
24445.0,24450.0,24447.5,4.764762e-06,2.382381e-05,0
24455.0,24460.0,24457.5,3.560342e-06,1.780171e-05,0
24460.0,24465.0,24462.5,1.189272e-06,5.94636e-06,0
24465.0,24470.0,24467.5,1.199688e-06,5.99844e-06,0
24485.0,24490.0,24487.5,2.365456e-06,1.182728e-05,0
24500.0,24505.0,24502.5,1.176748e-06,5.88374e-06,0
24505.0,24510.0,24507.5,2.373544e-06,1.186772e-05,0
24510.0,24515.0,24512.5,3.544756e-06,1.772378e-05,0
24515.0,24520.0,24517.5,1.196458e-06,5.98229e-06,0
24520.0,24525.0,24522.5,1.188708e-06,5.94354e-06,0
24525.0,24530.0,24527.5,3.546936e-06,1.773468e-05,0
24535.0,24540.0,24537.5,2.388108e-06,1.194054e-05,0
24540.0,24545.0,24542.5,1.199688e-06,5.99844e-06,0
24545.0,24550.0,24547.5,3.557276e-06,1.778638e-05,0
24550.0,24555.0,24552.5,2.3535e-06,1.17675e-05,0
24555.0,24560.0,24557.5,2.386142e-06,1.193071e-05,0
24565.0,24570.0,24567.5,1.189272e-06,5.94636e-06,0
24575.0,24580.0,24577.5,1.176748e-06,5.88374e-06,0
24580.0,24585.0,24582.5,1.199688e-06,5.99844e-06,0
24585.0,24590.0,24587.5,1.180916e-06,5.90458e-06,0
24590.0,24595.0,24592.5,1.176748e-06,5.88374e-06,0
24600.0,24605.0,24602.5,2.37742e-06,1.18871e-05,0
24610.0,24615.0,24612.5,2.379964e-06,1.189982e-05,0
24630.0,24635.0,24632.5,1.176748e-06,5.88374e-06,0
24635.0,24640.0,24637.5,2.3535e-06,1.17675e-05,0
24640.0,24645.0,24642.5,4.71534e-06,2.35767e-05,0
24665.0,24670.0,24667.5,1.196458e-06,5.98229e-06,0
24675.0,24680.0,24677.5,2.368004e-06,1.184002e-05,0
24680.0,24685.0,24682.5,2.3535e-06,1.17675e-05,0
24685.0,24690.0,24687.5,1.196458e-06,5.98229e-06,0
24690.0,24695.0,24692.5,2.368004e-06,1.184002e-05,0
24695.0,24700.0,24697.5,1.194886e-06,5.97443e-06,0
24700.0,24705.0,24702.5,1.180916e-06,5.90458e-06,0
24705.0,24710.0,24707.5,3.558896e-06,1.779448e-05,0
24715.0,24720.0,24717.5,2.365456e-06,1.182728e-05,0
24725.0,24730.0,24727.5,1.176748e-06,5.88374e-06,0
24730.0,24735.0,24732.5,3.57485e-06,1.787425e-05,0
24735.0,24740.0,24737.5,1.180916e-06,5.90458e-06,0
24740.0,24745.0,24742.5,3.574438e-06,1.787219e-05,0
24745.0,24750.0,24747.5,1.176748e-06,5.88374e-06,0
24750.0,24755.0,24752.5,1.194886e-06,5.97443e-06,0
24760.0,24765.0,24762.5,1.199688e-06,5.99844e-06,0
24765.0,24770.0,24767.5,1.176748e-06,5.88374e-06,0
24770.0,24775.0,24772.5,1.199688e-06,5.99844e-06,0
24775.0,24780.0,24777.5,2.379964e-06,1.189982e-05,0
24780.0,24785.0,24782.5,1.180916e-06,5.90458e-06,0
24785.0,24790.0,24787.5,2.37742e-06,1.18871e-05,0
24790.0,24795.0,24792.5,4.765482e-06,2.382741e-05,0
24805.0,24810.0,24807.5,1.180916e-06,5.90458e-06,0
24810.0,24815.0,24812.5,2.373206e-06,1.186603e-05,0
24815.0,24820.0,24817.5,1.194886e-06,5.97443e-06,0
24820.0,24825.0,24822.5,2.365456e-06,1.182728e-05,0
24825.0,24830.0,24827.5,3.567866e-06,1.783933e-05,0
24835.0,24840.0,24837.5,1.196458e-06,5.98229e-06,0
24840.0,24845.0,24842.5,1.189272e-06,5.94636e-06,0
24845.0,24850.0,24847.5,1.1994e-06,5.997e-06,0
24850.0,24855.0,24852.5,2.380604e-06,1.190302e-05,0
24855.0,24860.0,24857.5,3.576986e-06,1.788493e-05,0
24860.0,24865.0,24862.5,1.176748e-06,5.88374e-06,0
24865.0,24870.0,24867.5,3.557248e-06,1.778624e-05,0
24875.0,24880.0,24877.5,1.176748e-06,5.88374e-06,0
24880.0,24885.0,24882.5,3.561914e-06,1.780957e-05,0
24885.0,24890.0,24887.5,3.574438e-06,1.787219e-05,0
24890.0,24895.0,24892.5,1.176748e-06,5.88374e-06,0
24895.0,24900.0,24897.5,1.188708e-06,5.94354e-06,0
24900.0,24905.0,24902.5,2.380316e-06,1.190158e-05,0
24915.0,24920.0,24917.5,1.176748e-06,5.88374e-06,0
24920.0,24925.0,24922.5,1.196458e-06,5.98229e-06,0
24925.0,24930.0,24927.5,2.395858e-06,1.197929e-05,0
24930.0,24935.0,24932.5,1.189272e-06,5.94636e-06,0
24935.0,24940.0,24937.5,2.395858e-06,1.197929e-05,0
24945.0,24950.0,24947.5,3.546372e-06,1.773186e-05,0
24950.0,24955.0,24952.5,1.176748e-06,5.88374e-06,0
24955.0,24960.0,24957.5,1.191256e-06,5.95628e-06,0
24960.0,24965.0,24962.5,1.189272e-06,5.94636e-06,0
24965.0,24970.0,24967.5,1.189272e-06,5.94636e-06,0
24970.0,24975.0,24972.5,2.380528e-06,1.190264e-05,0
24975.0,24980.0,24977.5,2.385166e-06,1.192583e-05,0
24980.0,24985.0,24982.5,3.584566e-06,1.792283e-05,0
24990.0,24995.0,24992.5,1.199688e-06,5.99844e-06,0
24995.0,25000.0,24997.5,4.745178e-06,2.372589e-05,0
25000.0,25005.0,25002.5,1.196458e-06,5.98229e-06,0
25005.0,25010.0,25007.5,2.37742e-06,1.18871e-05,0
25010.0,25015.0,25012.5,1.196458e-06,5.98229e-06,0
25015.0,25020.0,25017.5,1.176748e-06,5.88374e-06,0
25020.0,25025.0,25022.5,1.1994e-06,5.997e-06,0
25030.0,25035.0,25032.5,2.365188e-06,1.182594e-05,0
25035.0,25040.0,25037.5,1.199688e-06,5.99844e-06,0
25045.0,25050.0,25047.5,1.188708e-06,5.94354e-06,0
25050.0,25055.0,25052.5,3.580052e-06,1.790026e-05,0
25055.0,25060.0,25057.5,2.383594e-06,1.191797e-05,0
25060.0,25065.0,25062.5,2.373206e-06,1.186603e-05,0
25065.0,25070.0,25067.5,1.188708e-06,5.94354e-06,0
25070.0,25075.0,25072.5,1.188708e-06,5.94354e-06,0
25075.0,25080.0,25077.5,3.560708e-06,1.780354e-05,0
25080.0,25085.0,25082.5,1.176748e-06,5.88374e-06,0
25085.0,25090.0,25087.5,1.184272e-06,5.92136e-06,0
25090.0,25095.0,25092.5,1.189272e-06,5.94636e-06,0
25095.0,25100.0,25097.5,2.376436e-06,1.188218e-05,0
25100.0,25105.0,25102.5,2.388108e-06,1.194054e-05,0
25105.0,25110.0,25107.5,1.180916e-06,5.90458e-06,0
25110.0,25115.0,25112.5,2.38573e-06,1.192865e-05,0
25115.0,25120.0,25117.5,1.180916e-06,5.90458e-06,0
25120.0,25125.0,25122.5,1.196458e-06,5.98229e-06,0
25130.0,25135.0,25132.5,4.735084e-06,2.367542e-05,0
25135.0,25140.0,25137.5,1.176748e-06,5.88374e-06,0
25140.0,25145.0,25142.5,2.375802e-06,1.187901e-05,0
25145.0,25150.0,25147.5,1.176748e-06,5.88374e-06,0
25150.0,25155.0,25152.5,3.56289e-06,1.781445e-05,0
25155.0,25160.0,25157.5,1.189272e-06,5.94636e-06,0
25160.0,25165.0,25162.5,3.550292e-06,1.775146e-05,0
25165.0,25170.0,25167.5,2.36184e-06,1.18092e-05,0
25170.0,25175.0,25172.5,3.568676e-06,1.784338e-05,0
25185.0,25190.0,25187.5,2.383594e-06,1.191797e-05,0
25190.0,25195.0,25192.5,2.380528e-06,1.190264e-05,0
25200.0,25205.0,25202.5,1.189272e-06,5.94636e-06,0
25205.0,25210.0,25207.5,1.189272e-06,5.94636e-06,0
25210.0,25215.0,25212.5,2.365456e-06,1.182728e-05,0
25215.0,25220.0,25217.5,2.357664e-06,1.178832e-05,0
25225.0,25230.0,25227.5,4.77974e-06,2.38987e-05,0
25230.0,25235.0,25232.5,1.191256e-06,5.95628e-06,0
25235.0,25240.0,25237.5,1.199688e-06,5.99844e-06,0
25240.0,25245.0,25242.5,1.176748e-06,5.88374e-06,0
25245.0,25250.0,25247.5,3.574438e-06,1.787219e-05,0
25265.0,25270.0,25267.5,1.196458e-06,5.98229e-06,0
25270.0,25275.0,25272.5,2.369624e-06,1.184812e-05,0
25275.0,25280.0,25277.5,1.196458e-06,5.98229e-06,0
25280.0,25285.0,25282.5,3.56612e-06,1.78306e-05,0
25285.0,25290.0,25287.5,1.191256e-06,5.95628e-06,0
25290.0,25295.0,25292.5,2.37742e-06,1.18871e-05,0
25295.0,25300.0,25297.5,1.199688e-06,5.99844e-06,0
25300.0,25305.0,25302.5,2.376148e-06,1.188074e-05,0
25310.0,25315.0,25312.5,2.385166e-06,1.192583e-05,0
25320.0,25325.0,25322.5,3.553188e-06,1.776594e-05,0
25325.0,25330.0,25327.5,3.59232e-06,1.79616e-05,0
25335.0,25340.0,25337.5,1.180916e-06,5.90458e-06,0
25340.0,25345.0,25342.5,3.568092e-06,1.784046e-05,0
25345.0,25350.0,25347.5,2.37798e-06,1.18899e-05,0
25350.0,25355.0,25352.5,1.189272e-06,5.94636e-06,0
25355.0,25360.0,25357.5,1.188708e-06,5.94354e-06,0
25360.0,25365.0,25362.5,1.189272e-06,5.94636e-06,0
25375.0,25380.0,25377.5,1.196458e-06,5.98229e-06,0
25380.0,25385.0,25382.5,2.387714e-06,1.193857e-05,0
25385.0,25390.0,25387.5,1.176748e-06,5.88374e-06,0
25390.0,25395.0,25392.5,2.370188e-06,1.185094e-05,0
25395.0,25400.0,25397.5,1.176748e-06,5.88374e-06,0
25400.0,25405.0,25402.5,1.188708e-06,5.94354e-06,0
25405.0,25410.0,25407.5,1.191256e-06,5.95628e-06,0
25415.0,25420.0,25417.5,1.196458e-06,5.98229e-06,0
25420.0,25425.0,25422.5,1.189272e-06,5.94636e-06,0
25430.0,25435.0,25432.5,4.758108e-06,2.379054e-05,0
25435.0,25440.0,25437.5,1.188708e-06,5.94354e-06,0
25455.0,25460.0,25457.5,1.191256e-06,5.95628e-06,0
25460.0,25465.0,25462.5,2.369624e-06,1.184812e-05,0
25465.0,25470.0,25467.5,1.199688e-06,5.99844e-06,0
25470.0,25475.0,25472.5,4.753584e-06,2.376792e-05,0
25475.0,25480.0,25477.5,1.189272e-06,5.94636e-06,0
25485.0,25490.0,25487.5,2.391344e-06,1.195672e-05,0
25490.0,25495.0,25492.5,1.176748e-06,5.88374e-06,0
25495.0,25500.0,25497.5,2.383594e-06,1.191797e-05,0
25505.0,25510.0,25507.5,1.1994e-06,5.997e-06,0
25510.0,25515.0,25512.5,1.176748e-06,5.88374e-06,0
25515.0,25520.0,25517.5,2.369624e-06,1.184812e-05,0
25520.0,25525.0,25522.5,2.375528e-06,1.187764e-05,0
25525.0,25530.0,25527.5,3.557248e-06,1.778624e-05,0
25535.0,25540.0,25537.5,1.199688e-06,5.99844e-06,0
25550.0,25555.0,25552.5,3.585542e-06,1.792771e-05,0
25560.0,25565.0,25562.5,1.194886e-06,5.97443e-06,0
25565.0,25570.0,25567.5,3.549456e-06,1.774728e-05,0
25570.0,25575.0,25572.5,2.373544e-06,1.186772e-05,0
25575.0,25580.0,25577.5,1.196458e-06,5.98229e-06,0
25585.0,25590.0,25587.5,2.370188e-06,1.185094e-05,0
25590.0,25595.0,25592.5,1.176748e-06,5.88374e-06,0
25595.0,25600.0,25597.5,4.749614e-06,2.374807e-05,0
25600.0,25605.0,25602.5,3.571228e-06,1.785614e-05,0
25605.0,25610.0,25607.5,1.180916e-06,5.90458e-06,0
25610.0,25615.0,25612.5,1.1994e-06,5.997e-06,0
25615.0,25620.0,25617.5,2.365456e-06,1.182728e-05,0
25620.0,25625.0,25622.5,1.180916e-06,5.90458e-06,0
25625.0,25630.0,25627.5,1.188708e-06,5.94354e-06,0
25630.0,25635.0,25632.5,1.1994e-06,5.997e-06,0
25640.0,25645.0,25642.5,1.188708e-06,5.94354e-06,0
25645.0,25650.0,25647.5,2.383594e-06,1.191797e-05,0
25655.0,25660.0,25657.5,1.188708e-06,5.94354e-06,0
25660.0,25665.0,25662.5,1.184272e-06,5.92136e-06,0
25665.0,25670.0,25667.5,1.189272e-06,5.94636e-06,0
25675.0,25680.0,25677.5,1.184272e-06,5.92136e-06,0
25680.0,25685.0,25682.5,3.541936e-06,1.770968e-05,0
25690.0,25695.0,25692.5,4.765108e-06,2.382554e-05,0
25695.0,25700.0,25697.5,1.188708e-06,5.94354e-06,0
25700.0,25705.0,25702.5,2.388672e-06,1.194336e-05,0
25710.0,25715.0,25712.5,1.184272e-06,5.92136e-06,0
25715.0,25720.0,25717.5,1.180916e-06,5.90458e-06,0
25720.0,25725.0,25722.5,1.199688e-06,5.99844e-06,0
25725.0,25730.0,25727.5,3.565144e-06,1.782572e-05,0
25730.0,25735.0,25732.5,1.191256e-06,5.95628e-06,0
25740.0,25745.0,25742.5,2.36602e-06,1.18301e-05,0
25745.0,25750.0,25747.5,1.199688e-06,5.99844e-06,0
25760.0,25765.0,25762.5,1.188708e-06,5.94354e-06,0
25775.0,25780.0,25777.5,3.549728e-06,1.774864e-05,0
25780.0,25785.0,25782.5,2.384158e-06,1.192079e-05,0
25785.0,25790.0,25787.5,1.1994e-06,5.997e-06,0
25790.0,25795.0,25792.5,2.388396e-06,1.194198e-05,0
25800.0,25805.0,25802.5,2.368004e-06,1.184002e-05,0
25805.0,25810.0,25807.5,1.188708e-06,5.94354e-06,0
25810.0,25815.0,25812.5,2.38896e-06,1.19448e-05,0
25820.0,25825.0,25822.5,1.189272e-06,5.94636e-06,0
25825.0,25830.0,25827.5,1.194886e-06,5.97443e-06,0
25855.0,25860.0,25857.5,1.188708e-06,5.94354e-06,0
25860.0,25865.0,25862.5,1.196458e-06,5.98229e-06,0
25865.0,25870.0,25867.5,2.36602e-06,1.18301e-05,0
25870.0,25875.0,25872.5,2.373544e-06,1.186772e-05,0
25875.0,25880.0,25877.5,1.189272e-06,5.94636e-06,0
25880.0,25885.0,25882.5,3.556712e-06,1.778356e-05,0
25885.0,25890.0,25887.5,3.580616e-06,1.790308e-05,0
25890.0,25895.0,25892.5,1.191256e-06,5.95628e-06,0
25905.0,25910.0,25907.5,3.549456e-06,1.774728e-05,0
25910.0,25915.0,25912.5,2.373206e-06,1.186603e-05,0
25915.0,25920.0,25917.5,1.176748e-06,5.88374e-06,0
25925.0,25930.0,25927.5,4.743996e-06,2.371998e-05,0
25940.0,25945.0,25942.5,2.36602e-06,1.18301e-05,0
25965.0,25970.0,25967.5,1.1994e-06,5.997e-06,0
25970.0,25975.0,25972.5,2.36602e-06,1.18301e-05,0
25975.0,25980.0,25977.5,2.376436e-06,1.188218e-05,0
25980.0,25985.0,25982.5,2.365456e-06,1.182728e-05,0
25985.0,25990.0,25987.5,1.188708e-06,5.94354e-06,0
25995.0,26000.0,25997.5,1.176748e-06,5.88374e-06,0
26020.0,26025.0,26022.5,2.388108e-06,1.194054e-05,0
26025.0,26030.0,26027.5,2.36602e-06,1.18301e-05,0
26035.0,26040.0,26037.5,1.189272e-06,5.94636e-06,0
26055.0,26060.0,26057.5,1.188708e-06,5.94354e-06,0
26065.0,26070.0,26067.5,2.365456e-06,1.182728e-05,0
26070.0,26075.0,26072.5,2.36602e-06,1.18301e-05,0
26080.0,26085.0,26082.5,1.196458e-06,5.98229e-06,0
26090.0,26095.0,26092.5,1.199688e-06,5.99844e-06,0
26095.0,26100.0,26097.5,2.36102e-06,1.18051e-05,0
26100.0,26105.0,26102.5,1.188708e-06,5.94354e-06,0
26110.0,26115.0,26112.5,1.176748e-06,5.88374e-06,0
26115.0,26120.0,26117.5,3.565708e-06,1.782854e-05,0
26120.0,26125.0,26122.5,1.188708e-06,5.94354e-06,0
26130.0,26135.0,26132.5,2.377374e-06,1.188687e-05,0
26145.0,26150.0,26147.5,1.189272e-06,5.94636e-06,0
26150.0,26155.0,26152.5,1.184272e-06,5.92136e-06,0
26155.0,26160.0,26157.5,1.189272e-06,5.94636e-06,0
26170.0,26175.0,26172.5,2.365456e-06,1.182728e-05,0
26175.0,26180.0,26177.5,1.196458e-06,5.98229e-06,0
26180.0,26185.0,26182.5,2.37854e-06,1.18927e-05,0
26185.0,26190.0,26187.5,2.37798e-06,1.18899e-05,0
26190.0,26195.0,26192.5,1.194886e-06,5.97443e-06,0
26200.0,26205.0,26202.5,2.373544e-06,1.186772e-05,0
26210.0,26215.0,26212.5,2.38073e-06,1.190365e-05,0
26220.0,26225.0,26222.5,1.1994e-06,5.997e-06,0
26230.0,26235.0,26232.5,1.194886e-06,5.97443e-06,0
26235.0,26240.0,26237.5,2.369624e-06,1.184812e-05,0
26240.0,26245.0,26242.5,1.194886e-06,5.97443e-06,0
26250.0,26255.0,26252.5,1.191256e-06,5.95628e-06,0
26255.0,26260.0,26257.5,1.189272e-06,5.94636e-06,0
26270.0,26275.0,26272.5,2.36602e-06,1.18301e-05,0
26280.0,26285.0,26282.5,2.36184e-06,1.18092e-05,0
26315.0,26320.0,26317.5,1.188708e-06,5.94354e-06,0
26320.0,26325.0,26322.5,2.37798e-06,1.18899e-05,0
26330.0,26335.0,26332.5,1.199688e-06,5.99844e-06,0
26340.0,26345.0,26342.5,1.189272e-06,5.94636e-06,0
26355.0,26360.0,26357.5,1.189272e-06,5.94636e-06,0
26365.0,26370.0,26367.5,1.176748e-06,5.88374e-06,0
26370.0,26375.0,26372.5,2.379964e-06,1.189982e-05,0
26380.0,26385.0,26382.5,2.37854e-06,1.18927e-05,0
26385.0,26390.0,26387.5,1.176748e-06,5.88374e-06,0
26395.0,26400.0,26397.5,1.176748e-06,5.88374e-06,0
26400.0,26405.0,26402.5,1.188708e-06,5.94354e-06,0
26405.0,26410.0,26407.5,1.188708e-06,5.94354e-06,0
26410.0,26415.0,26412.5,1.1994e-06,5.997e-06,0
26420.0,26425.0,26422.5,3.565144e-06,1.782572e-05,0
26425.0,26430.0,26427.5,1.189272e-06,5.94636e-06,0
26430.0,26435.0,26432.5,1.194886e-06,5.97443e-06,0
26445.0,26450.0,26447.5,1.196458e-06,5.98229e-06,0
26455.0,26460.0,26457.5,1.191256e-06,5.95628e-06,0
26465.0,26470.0,26467.5,1.188708e-06,5.94354e-06,0
26480.0,26485.0,26482.5,1.194886e-06,5.97443e-06,0
26485.0,26490.0,26487.5,1.176748e-06,5.88374e-06,0
26490.0,26495.0,26492.5,1.176748e-06,5.88374e-06,0
26500.0,26505.0,26502.5,1.194886e-06,5.97443e-06,0
26515.0,26520.0,26517.5,1.188708e-06,5.94354e-06,0
26520.0,26525.0,26522.5,1.176748e-06,5.88374e-06,0
26525.0,26530.0,26527.5,2.36102e-06,1.18051e-05,0
26535.0,26540.0,26537.5,1.188708e-06,5.94354e-06,0
26540.0,26545.0,26542.5,1.189272e-06,5.94636e-06,0
26545.0,26550.0,26547.5,2.379964e-06,1.189982e-05,0
26560.0,26565.0,26562.5,2.373206e-06,1.186603e-05,0
26565.0,26570.0,26567.5,1.1994e-06,5.997e-06,0
26570.0,26575.0,26572.5,2.357664e-06,1.178832e-05,0
26575.0,26580.0,26577.5,2.36602e-06,1.18301e-05,0
26580.0,26585.0,26582.5,1.189272e-06,5.94636e-06,0
26595.0,26600.0,26597.5,1.196458e-06,5.98229e-06,0
26600.0,26605.0,26602.5,2.36602e-06,1.18301e-05,0
26605.0,26610.0,26607.5,1.184272e-06,5.92136e-06,0
26610.0,26615.0,26612.5,1.189272e-06,5.94636e-06,0
26620.0,26625.0,26622.5,1.199688e-06,5.99844e-06,0
26625.0,26630.0,26627.5,1.184272e-06,5.92136e-06,0
26630.0,26635.0,26632.5,1.189272e-06,5.94636e-06,0
26660.0,26665.0,26662.5,1.189272e-06,5.94636e-06,0
26665.0,26670.0,26667.5,2.369624e-06,1.184812e-05,0
26675.0,26680.0,26677.5,2.357664e-06,1.178832e-05,0
26685.0,26690.0,26687.5,1.176748e-06,5.88374e-06,0
26690.0,26695.0,26692.5,1.191256e-06,5.95628e-06,0
26705.0,26710.0,26707.5,1.188708e-06,5.94354e-06,0
26715.0,26720.0,26717.5,2.36602e-06,1.18301e-05,0
26720.0,26725.0,26722.5,3.572606e-06,1.786303e-05,0
26730.0,26735.0,26732.5,1.191256e-06,5.95628e-06,0
26735.0,26740.0,26737.5,1.1994e-06,5.997e-06,0
26740.0,26745.0,26742.5,2.39292e-06,1.19646e-05,0
26760.0,26765.0,26762.5,1.176748e-06,5.88374e-06,0
26790.0,26795.0,26792.5,1.194886e-06,5.97443e-06,0
26815.0,26820.0,26817.5,1.1994e-06,5.997e-06,0
26820.0,26825.0,26822.5,1.188708e-06,5.94354e-06,0
26835.0,26840.0,26837.5,1.194886e-06,5.97443e-06,0
26850.0,26855.0,26852.5,2.394286e-06,1.197143e-05,0
26855.0,26860.0,26857.5,1.176748e-06,5.88374e-06,0
26860.0,26865.0,26862.5,2.396146e-06,1.198073e-05,0
26870.0,26875.0,26872.5,3.56289e-06,1.781445e-05,0
26875.0,26880.0,26877.5,2.383672e-06,1.191836e-05,0
26880.0,26885.0,26882.5,1.189272e-06,5.94636e-06,0
26885.0,26890.0,26887.5,1.189272e-06,5.94636e-06,0
26895.0,26900.0,26897.5,2.380316e-06,1.190158e-05,0
26900.0,26905.0,26902.5,1.180916e-06,5.90458e-06,0
26910.0,26915.0,26912.5,1.188708e-06,5.94354e-06,0
26915.0,26920.0,26917.5,1.194886e-06,5.97443e-06,0
26925.0,26930.0,26927.5,1.176748e-06,5.88374e-06,0
26930.0,26935.0,26932.5,1.184272e-06,5.92136e-06,0
26940.0,26945.0,26942.5,2.37798e-06,1.18899e-05,0
26950.0,26955.0,26952.5,1.196458e-06,5.98229e-06,0
26965.0,26970.0,26967.5,1.188708e-06,5.94354e-06,0
26970.0,26975.0,26972.5,1.176748e-06,5.88374e-06,0
26975.0,26980.0,26977.5,1.191256e-06,5.95628e-06,0
26985.0,26990.0,26987.5,2.371634e-06,1.185817e-05,0
27000.0,27005.0,27002.5,1.180916e-06,5.90458e-06,0
27010.0,27015.0,27012.5,3.557248e-06,1.778624e-05,0
27015.0,27020.0,27017.5,1.189272e-06,5.94636e-06,0
27020.0,27025.0,27022.5,1.180916e-06,5.90458e-06,0
27030.0,27035.0,27032.5,1.191256e-06,5.95628e-06,0
27040.0,27045.0,27042.5,1.176748e-06,5.88374e-06,0
27045.0,27050.0,27047.5,1.176748e-06,5.88374e-06,0
27060.0,27065.0,27062.5,1.189272e-06,5.94636e-06,0
27075.0,27080.0,27077.5,2.37798e-06,1.18899e-05,0
27080.0,27085.0,27082.5,1.194886e-06,5.97443e-06,0
27100.0,27105.0,27102.5,2.365456e-06,1.182728e-05,0
27110.0,27115.0,27112.5,1.176748e-06,5.88374e-06,0
27115.0,27120.0,27117.5,1.199688e-06,5.99844e-06,0
27120.0,27125.0,27122.5,2.365456e-06,1.182728e-05,0
27130.0,27135.0,27132.5,2.388396e-06,1.194198e-05,0
27145.0,27150.0,27147.5,1.176748e-06,5.88374e-06,0
27150.0,27155.0,27152.5,1.188708e-06,5.94354e-06,0
27160.0,27165.0,27162.5,1.1994e-06,5.997e-06,0
27165.0,27170.0,27167.5,1.189272e-06,5.94636e-06,0
27170.0,27175.0,27172.5,1.191256e-06,5.95628e-06,0
27180.0,27185.0,27182.5,2.377374e-06,1.188687e-05,0
27205.0,27210.0,27207.5,1.176748e-06,5.88374e-06,0
27215.0,27220.0,27217.5,1.176748e-06,5.88374e-06,0
27225.0,27230.0,27227.5,1.176748e-06,5.88374e-06,0
27235.0,27240.0,27237.5,2.384158e-06,1.192079e-05,0
27250.0,27255.0,27252.5,2.385166e-06,1.192583e-05,0
27260.0,27265.0,27262.5,2.385166e-06,1.192583e-05,0
27265.0,27270.0,27267.5,1.194886e-06,5.97443e-06,0
27275.0,27280.0,27277.5,2.388672e-06,1.194336e-05,0
27280.0,27285.0,27282.5,2.388108e-06,1.194054e-05,0
27285.0,27290.0,27287.5,3.560906e-06,1.780453e-05,0
27310.0,27315.0,27312.5,1.188708e-06,5.94354e-06,0
27345.0,27350.0,27347.5,1.184272e-06,5.92136e-06,0
27355.0,27360.0,27357.5,2.36184e-06,1.18092e-05,0
27365.0,27370.0,27367.5,1.184272e-06,5.92136e-06,0
27380.0,27385.0,27382.5,1.180916e-06,5.90458e-06,0
27385.0,27390.0,27387.5,2.373206e-06,1.186603e-05,0
27390.0,27395.0,27392.5,1.184272e-06,5.92136e-06,0
27400.0,27405.0,27402.5,2.36602e-06,1.18301e-05,0
27405.0,27410.0,27407.5,1.176748e-06,5.88374e-06,0
27430.0,27435.0,27432.5,1.188708e-06,5.94354e-06,0
27435.0,27440.0,27437.5,1.176748e-06,5.88374e-06,0
27440.0,27445.0,27442.5,1.176748e-06,5.88374e-06,0
27445.0,27450.0,27447.5,2.365456e-06,1.182728e-05,0
27450.0,27455.0,27452.5,1.188708e-06,5.94354e-06,0
27465.0,27470.0,27467.5,1.196458e-06,5.98229e-06,0
27470.0,27475.0,27472.5,1.188708e-06,5.94354e-06,0
27475.0,27480.0,27477.5,2.371634e-06,1.185817e-05,0
27480.0,27485.0,27482.5,1.184272e-06,5.92136e-06,0
27485.0,27490.0,27487.5,1.189272e-06,5.94636e-06,0
27500.0,27505.0,27502.5,1.189272e-06,5.94636e-06,0
27505.0,27510.0,27507.5,1.199688e-06,5.99844e-06,0
27510.0,27515.0,27512.5,2.386142e-06,1.193071e-05,0
27525.0,27530.0,27527.5,1.196458e-06,5.98229e-06,0
27530.0,27535.0,27532.5,1.180916e-06,5.90458e-06,0
27535.0,27540.0,27537.5,1.188708e-06,5.94354e-06,0
27540.0,27545.0,27542.5,2.38073e-06,1.190365e-05,0
27550.0,27555.0,27552.5,1.176748e-06,5.88374e-06,0
27555.0,27560.0,27557.5,1.188708e-06,5.94354e-06,0
27560.0,27565.0,27562.5,1.188708e-06,5.94354e-06,0
27565.0,27570.0,27567.5,2.357664e-06,1.178832e-05,0
27590.0,27595.0,27592.5,1.188708e-06,5.94354e-06,0
27595.0,27600.0,27597.5,1.184272e-06,5.92136e-06,0
27600.0,27605.0,27602.5,1.196458e-06,5.98229e-06,0
27605.0,27610.0,27607.5,1.189272e-06,5.94636e-06,0
27610.0,27615.0,27612.5,1.180916e-06,5.90458e-06,0
27625.0,27630.0,27627.5,2.38573e-06,1.192865e-05,0
27635.0,27640.0,27637.5,1.188708e-06,5.94354e-06,0
27660.0,27665.0,27662.5,1.184272e-06,5.92136e-06,0
27665.0,27670.0,27667.5,3.555288e-06,1.777644e-05,0
27680.0,27685.0,27682.5,1.176748e-06,5.88374e-06,0
27695.0,27700.0,27697.5,1.194886e-06,5.97443e-06,0
27700.0,27705.0,27702.5,1.189272e-06,5.94636e-06,0
27705.0,27710.0,27707.5,2.371634e-06,1.185817e-05,0
27715.0,27720.0,27717.5,2.365188e-06,1.182594e-05,0
27735.0,27740.0,27737.5,1.196458e-06,5.98229e-06,0
27740.0,27745.0,27742.5,1.189272e-06,5.94636e-06,0
27750.0,27755.0,27752.5,1.176748e-06,5.88374e-06,0
27755.0,27760.0,27757.5,1.180916e-06,5.90458e-06,0
27760.0,27765.0,27762.5,1.176748e-06,5.88374e-06,0
27770.0,27775.0,27772.5,3.554728e-06,1.777364e-05,0
27775.0,27780.0,27777.5,3.577062e-06,1.788531e-05,0
27790.0,27795.0,27792.5,3.574438e-06,1.787219e-05,0
27795.0,27800.0,27797.5,2.376148e-06,1.188074e-05,0
27800.0,27805.0,27802.5,1.1994e-06,5.997e-06,0
27805.0,27810.0,27807.5,1.188708e-06,5.94354e-06,0
27830.0,27835.0,27832.5,1.189272e-06,5.94636e-06,0
27835.0,27840.0,27837.5,2.365456e-06,1.182728e-05,0
27850.0,27855.0,27852.5,2.388396e-06,1.194198e-05,0
27855.0,27860.0,27857.5,2.369624e-06,1.184812e-05,0
27860.0,27865.0,27862.5,3.55255e-06,1.776275e-05,0
27885.0,27890.0,27887.5,2.371634e-06,1.185817e-05,0
27895.0,27900.0,27897.5,1.188708e-06,5.94354e-06,0
27905.0,27910.0,27907.5,1.199688e-06,5.99844e-06,0
27910.0,27915.0,27912.5,1.180916e-06,5.90458e-06,0
27920.0,27925.0,27922.5,1.189272e-06,5.94636e-06,0
27925.0,27930.0,27927.5,2.390656e-06,1.195328e-05,0
27930.0,27935.0,27932.5,2.38073e-06,1.190365e-05,0
27935.0,27940.0,27937.5,1.199688e-06,5.99844e-06,0
27940.0,27945.0,27942.5,2.388108e-06,1.194054e-05,0
27950.0,27955.0,27952.5,1.188708e-06,5.94354e-06,0
27955.0,27960.0,27957.5,2.39938e-06,1.19969e-05,0
27960.0,27965.0,27962.5,1.194886e-06,5.97443e-06,0
27965.0,27970.0,27967.5,2.37742e-06,1.18871e-05,0
27975.0,27980.0,27977.5,1.189272e-06,5.94636e-06,0
27985.0,27990.0,27987.5,1.176748e-06,5.88374e-06,0
27990.0,27995.0,27992.5,1.189272e-06,5.94636e-06,0
27995.0,28000.0,27997.5,1.184272e-06,5.92136e-06,0
28005.0,28010.0,28007.5,1.188708e-06,5.94354e-06,0
28010.0,28015.0,28012.5,1.199688e-06,5.99844e-06,0
28030.0,28035.0,28032.5,2.37798e-06,1.18899e-05,0
28035.0,28040.0,28037.5,1.184272e-06,5.92136e-06,0
28040.0,28045.0,28042.5,1.188708e-06,5.94354e-06,0
28050.0,28055.0,28052.5,2.371634e-06,1.185817e-05,0
28060.0,28065.0,28062.5,1.199688e-06,5.99844e-06,0
28065.0,28070.0,28067.5,1.188708e-06,5.94354e-06,0
28075.0,28080.0,28077.5,1.196458e-06,5.98229e-06,0
28100.0,28105.0,28102.5,2.373206e-06,1.186603e-05,0
28105.0,28110.0,28107.5,2.36602e-06,1.18301e-05,0
28110.0,28115.0,28112.5,1.188708e-06,5.94354e-06,0
28125.0,28130.0,28127.5,1.196458e-06,5.98229e-06,0
28130.0,28135.0,28132.5,1.191256e-06,5.95628e-06,0
28135.0,28140.0,28137.5,1.176748e-06,5.88374e-06,0
28175.0,28180.0,28177.5,1.188708e-06,5.94354e-06,0
28180.0,28185.0,28182.5,1.188708e-06,5.94354e-06,0
28195.0,28200.0,28197.5,3.557352e-06,1.778676e-05,0
28200.0,28205.0,28202.5,2.369624e-06,1.184812e-05,0
28210.0,28215.0,28212.5,1.180916e-06,5.90458e-06,0
28220.0,28225.0,28222.5,1.188708e-06,5.94354e-06,0
28225.0,28230.0,28227.5,1.199688e-06,5.99844e-06,0
28230.0,28235.0,28232.5,3.584854e-06,1.792427e-05,0
28235.0,28240.0,28237.5,2.39292e-06,1.19646e-05,0
28240.0,28245.0,28242.5,1.180916e-06,5.90458e-06,0
28245.0,28250.0,28247.5,1.184272e-06,5.92136e-06,0
28250.0,28255.0,28252.5,1.194886e-06,5.97443e-06,0
28255.0,28260.0,28257.5,1.199688e-06,5.99844e-06,0
28265.0,28270.0,28267.5,2.37798e-06,1.18899e-05,0
28270.0,28275.0,28272.5,1.196458e-06,5.98229e-06,0
28275.0,28280.0,28277.5,1.191256e-06,5.95628e-06,0
28280.0,28285.0,28282.5,1.194886e-06,5.97443e-06,0
28285.0,28290.0,28287.5,1.1994e-06,5.997e-06,0
28300.0,28305.0,28302.5,1.199688e-06,5.99844e-06,0
28315.0,28320.0,28317.5,1.196458e-06,5.98229e-06,0
28320.0,28325.0,28322.5,2.379964e-06,1.189982e-05,0
28330.0,28335.0,28332.5,1.189272e-06,5.94636e-06,0
28340.0,28345.0,28342.5,1.188708e-06,5.94354e-06,0
28350.0,28355.0,28352.5,3.564236e-06,1.782118e-05,0
28355.0,28360.0,28357.5,1.189272e-06,5.94636e-06,0
28360.0,28365.0,28362.5,1.1994e-06,5.997e-06,0
28370.0,28375.0,28372.5,1.176748e-06,5.88374e-06,0
28410.0,28415.0,28412.5,1.188708e-06,5.94354e-06,0
28420.0,28425.0,28422.5,1.189272e-06,5.94636e-06,0
28425.0,28430.0,28427.5,1.189272e-06,5.94636e-06,0
28430.0,28435.0,28432.5,2.365456e-06,1.182728e-05,0
28435.0,28440.0,28437.5,1.176748e-06,5.88374e-06,0
28455.0,28460.0,28457.5,1.189272e-06,5.94636e-06,0
28460.0,28465.0,28462.5,2.391344e-06,1.195672e-05,0
28465.0,28470.0,28467.5,1.188708e-06,5.94354e-06,0
28500.0,28505.0,28502.5,1.176748e-06,5.88374e-06,0
28505.0,28510.0,28507.5,1.188708e-06,5.94354e-06,0
28515.0,28520.0,28517.5,2.37854e-06,1.18927e-05,0
28545.0,28550.0,28547.5,1.191256e-06,5.95628e-06,0
28555.0,28560.0,28557.5,1.176748e-06,5.88374e-06,0
28560.0,28565.0,28562.5,1.188708e-06,5.94354e-06,0
28575.0,28580.0,28577.5,2.36102e-06,1.18051e-05,0
28590.0,28595.0,28592.5,1.188708e-06,5.94354e-06,0
28600.0,28605.0,28602.5,4.758504e-06,2.379252e-05,0
28605.0,28610.0,28607.5,1.199688e-06,5.99844e-06,0
28610.0,28615.0,28612.5,3.565144e-06,1.782572e-05,0
28630.0,28635.0,28632.5,1.188708e-06,5.94354e-06,0
28645.0,28650.0,28647.5,4.737094e-06,2.368547e-05,0
28655.0,28660.0,28657.5,2.377374e-06,1.188687e-05,0
28660.0,28665.0,28662.5,1.188708e-06,5.94354e-06,0
28675.0,28680.0,28677.5,1.189272e-06,5.94636e-06,0
28685.0,28690.0,28687.5,1.188708e-06,5.94354e-06,0
28695.0,28700.0,28697.5,1.191256e-06,5.95628e-06,0
28730.0,28735.0,28732.5,2.371634e-06,1.185817e-05,0
28735.0,28740.0,28737.5,2.380604e-06,1.190302e-05,0
28750.0,28755.0,28752.5,1.199688e-06,5.99844e-06,0
28760.0,28765.0,28762.5,2.385166e-06,1.192583e-05,0
28765.0,28770.0,28767.5,2.383594e-06,1.191797e-05,0
28770.0,28775.0,28772.5,2.3535e-06,1.17675e-05,0
28780.0,28785.0,28782.5,1.189272e-06,5.94636e-06,0
28785.0,28790.0,28787.5,2.370188e-06,1.185094e-05,0
28805.0,28810.0,28807.5,2.379964e-06,1.189982e-05,0
28820.0,28825.0,28822.5,2.365456e-06,1.182728e-05,0
28825.0,28830.0,28827.5,2.376436e-06,1.188218e-05,0
28835.0,28840.0,28837.5,2.372172e-06,1.186086e-05,0
28845.0,28850.0,28847.5,2.376436e-06,1.188218e-05,0
28850.0,28855.0,28852.5,1.188708e-06,5.94354e-06,0
28855.0,28860.0,28857.5,2.37298e-06,1.18649e-05,0
28860.0,28865.0,28862.5,1.196458e-06,5.98229e-06,0
28865.0,28870.0,28867.5,1.189272e-06,5.94636e-06,0
28875.0,28880.0,28877.5,2.380316e-06,1.190158e-05,0
28880.0,28885.0,28882.5,1.180916e-06,5.90458e-06,0
28885.0,28890.0,28887.5,4.727296e-06,2.363648e-05,0
28900.0,28905.0,28902.5,2.373206e-06,1.186603e-05,0
28905.0,28910.0,28907.5,1.188708e-06,5.94354e-06,0
28910.0,28915.0,28912.5,1.188708e-06,5.94354e-06,0
28920.0,28925.0,28922.5,2.380604e-06,1.190302e-05,0
28930.0,28935.0,28932.5,3.575836e-06,1.787918e-05,0
28935.0,28940.0,28937.5,1.188708e-06,5.94354e-06,0
28940.0,28945.0,28942.5,1.176748e-06,5.88374e-06,0
28945.0,28950.0,28947.5,1.176748e-06,5.88374e-06,0
28950.0,28955.0,28952.5,1.180916e-06,5.90458e-06,0
28960.0,28965.0,28962.5,1.1994e-06,5.997e-06,0
28965.0,28970.0,28967.5,1.188708e-06,5.94354e-06,0
28970.0,28975.0,28972.5,1.189272e-06,5.94636e-06,0
28980.0,28985.0,28982.5,1.196458e-06,5.98229e-06,0
28985.0,28990.0,28987.5,1.176748e-06,5.88374e-06,0
28990.0,28995.0,28992.5,1.196458e-06,5.98229e-06,0
28995.0,29000.0,28997.5,1.176748e-06,5.88374e-06,0
29005.0,29010.0,29007.5,2.36102e-06,1.18051e-05,0
29020.0,29025.0,29022.5,2.391344e-06,1.195672e-05,0
29025.0,29030.0,29027.5,1.180916e-06,5.90458e-06,0
29035.0,29040.0,29037.5,1.184272e-06,5.92136e-06,0
29045.0,29050.0,29047.5,1.188708e-06,5.94354e-06,0
29055.0,29060.0,29057.5,1.1994e-06,5.997e-06,0
29060.0,29065.0,29062.5,1.188708e-06,5.94354e-06,0
29070.0,29075.0,29072.5,1.194886e-06,5.97443e-06,0
29075.0,29080.0,29077.5,2.357664e-06,1.178832e-05,0
29095.0,29100.0,29097.5,1.176748e-06,5.88374e-06,0
29100.0,29105.0,29102.5,2.37798e-06,1.18899e-05,0
29105.0,29110.0,29107.5,1.176748e-06,5.88374e-06,0
29125.0,29130.0,29127.5,1.191256e-06,5.95628e-06,0
29130.0,29135.0,29132.5,1.191256e-06,5.95628e-06,0
29135.0,29140.0,29137.5,1.188708e-06,5.94354e-06,0
29145.0,29150.0,29147.5,1.199688e-06,5.99844e-06,0
29175.0,29180.0,29177.5,2.357664e-06,1.178832e-05,0
29180.0,29185.0,29182.5,1.189272e-06,5.94636e-06,0
29190.0,29195.0,29192.5,1.196458e-06,5.98229e-06,0
29195.0,29200.0,29197.5,2.36602e-06,1.18301e-05,0
29200.0,29205.0,29202.5,1.189272e-06,5.94636e-06,0
29215.0,29220.0,29217.5,1.194886e-06,5.97443e-06,0
29220.0,29225.0,29222.5,2.371634e-06,1.185817e-05,0
29230.0,29235.0,29232.5,1.189272e-06,5.94636e-06,0
29235.0,29240.0,29237.5,2.39292e-06,1.19646e-05,0
29250.0,29255.0,29252.5,1.180916e-06,5.90458e-06,0
29260.0,29265.0,29262.5,1.188708e-06,5.94354e-06,0
29270.0,29275.0,29272.5,1.176748e-06,5.88374e-06,0
29290.0,29295.0,29292.5,2.379964e-06,1.189982e-05,0
29295.0,29300.0,29297.5,2.369624e-06,1.184812e-05,0
29300.0,29305.0,29302.5,1.189272e-06,5.94636e-06,0
29310.0,29315.0,29312.5,1.199688e-06,5.99844e-06,0
29315.0,29320.0,29317.5,2.379964e-06,1.189982e-05,0
29320.0,29325.0,29322.5,1.188708e-06,5.94354e-06,0
29345.0,29350.0,29347.5,1.196458e-06,5.98229e-06,0
29350.0,29355.0,29352.5,3.556726e-06,1.778363e-05,0
29355.0,29360.0,29357.5,2.39292e-06,1.19646e-05,0
29360.0,29365.0,29362.5,1.188708e-06,5.94354e-06,0
29370.0,29375.0,29372.5,1.189272e-06,5.94636e-06,0
29385.0,29390.0,29387.5,1.191256e-06,5.95628e-06,0
29400.0,29405.0,29402.5,1.188708e-06,5.94354e-06,0
29405.0,29410.0,29407.5,1.188708e-06,5.94354e-06,0
29410.0,29415.0,29412.5,1.194886e-06,5.97443e-06,0
29430.0,29435.0,29432.5,2.37798e-06,1.18899e-05,0
29455.0,29460.0,29457.5,2.38396e-06,1.19198e-05,0
29460.0,29465.0,29462.5,1.184272e-06,5.92136e-06,0
29465.0,29470.0,29467.5,1.194886e-06,5.97443e-06,0
29475.0,29480.0,29477.5,2.365456e-06,1.182728e-05,0
29490.0,29495.0,29492.5,1.184272e-06,5.92136e-06,0
29500.0,29505.0,29502.5,1.189272e-06,5.94636e-06,0
29525.0,29530.0,29527.5,1.188708e-06,5.94354e-06,0
29530.0,29535.0,29532.5,1.1994e-06,5.997e-06,0
29540.0,29545.0,29542.5,1.1994e-06,5.997e-06,0
29550.0,29555.0,29552.5,1.189272e-06,5.94636e-06,0
29560.0,29565.0,29562.5,1.184272e-06,5.92136e-06,0
29565.0,29570.0,29567.5,1.194886e-06,5.97443e-06,0
29580.0,29585.0,29582.5,2.369624e-06,1.184812e-05,0
29585.0,29590.0,29587.5,1.189272e-06,5.94636e-06,0
29590.0,29595.0,29592.5,1.194886e-06,5.97443e-06,0
29605.0,29610.0,29607.5,1.188708e-06,5.94354e-06,0
29610.0,29615.0,29612.5,2.370188e-06,1.185094e-05,0
29630.0,29635.0,29632.5,1.196458e-06,5.98229e-06,0
29635.0,29640.0,29637.5,1.180916e-06,5.90458e-06,0
29645.0,29650.0,29647.5,1.191256e-06,5.95628e-06,0
29660.0,29665.0,29662.5,1.188708e-06,5.94354e-06,0
29665.0,29670.0,29667.5,1.176748e-06,5.88374e-06,0
29675.0,29680.0,29677.5,1.189272e-06,5.94636e-06,0
29680.0,29685.0,29682.5,2.371634e-06,1.185817e-05,0
29695.0,29700.0,29697.5,1.194886e-06,5.97443e-06,0
29705.0,29710.0,29707.5,2.37298e-06,1.18649e-05,0
29710.0,29715.0,29712.5,1.191256e-06,5.95628e-06,0
29715.0,29720.0,29717.5,4.753222e-06,2.376611e-05,0
29725.0,29730.0,29727.5,4.764544e-06,2.382272e-05,0
29750.0,29755.0,29752.5,1.176748e-06,5.88374e-06,0
29760.0,29765.0,29762.5,1.189272e-06,5.94636e-06,0
29770.0,29775.0,29772.5,1.189272e-06,5.94636e-06,0
29800.0,29805.0,29802.5,2.373206e-06,1.186603e-05,0
29840.0,29845.0,29842.5,3.568676e-06,1.784338e-05,0
29845.0,29850.0,29847.5,1.188708e-06,5.94354e-06,0
29860.0,29865.0,29862.5,1.196458e-06,5.98229e-06,0
29870.0,29875.0,29872.5,1.191256e-06,5.95628e-06,0
29880.0,29885.0,29882.5,2.388108e-06,1.194054e-05,0
29885.0,29890.0,29887.5,1.176748e-06,5.88374e-06,0
29905.0,29910.0,29907.5,1.191256e-06,5.95628e-06,0
29910.0,29915.0,29912.5,1.180916e-06,5.90458e-06,0
29915.0,29920.0,29917.5,1.196458e-06,5.98229e-06,0
29930.0,29935.0,29932.5,1.176748e-06,5.88374e-06,0
29945.0,29950.0,29947.5,1.180916e-06,5.90458e-06,0
29950.0,29955.0,29952.5,1.180916e-06,5.90458e-06,0
29960.0,29965.0,29962.5,1.188708e-06,5.94354e-06,0
29965.0,29970.0,29967.5,3.561914e-06,1.780957e-05,0
29995.0,30000.0,29997.5,1.188708e-06,5.94354e-06,0
30000.0,30005.0,30002.5,2.357664e-06,1.178832e-05,0
30010.0,30015.0,30012.5,1.176748e-06,5.88374e-06,0
30015.0,30020.0,30017.5,1.180916e-06,5.90458e-06,0
30030.0,30035.0,30032.5,1.188708e-06,5.94354e-06,0
30040.0,30045.0,30042.5,1.196458e-06,5.98229e-06,0
30045.0,30050.0,30047.5,2.365188e-06,1.182594e-05,0
30060.0,30065.0,30062.5,1.188708e-06,5.94354e-06,0
30080.0,30085.0,30082.5,3.549456e-06,1.774728e-05,0
30090.0,30095.0,30092.5,1.189272e-06,5.94636e-06,0
30095.0,30100.0,30097.5,1.199688e-06,5.99844e-06,0
30100.0,30105.0,30102.5,1.191256e-06,5.95628e-06,0
30110.0,30115.0,30112.5,1.189272e-06,5.94636e-06,0
30115.0,30120.0,30117.5,2.36184e-06,1.18092e-05,0
30125.0,30130.0,30127.5,2.37798e-06,1.18899e-05,0
30130.0,30135.0,30132.5,1.176748e-06,5.88374e-06,0
30135.0,30140.0,30137.5,4.735046e-06,2.367523e-05,0
30160.0,30165.0,30162.5,1.196458e-06,5.98229e-06,0
30165.0,30170.0,30167.5,4.760968e-06,2.380484e-05,0
30170.0,30175.0,30172.5,3.549958e-06,1.774979e-05,0
30180.0,30185.0,30182.5,1.180916e-06,5.90458e-06,0
30205.0,30210.0,30207.5,1.184272e-06,5.92136e-06,0
30210.0,30215.0,30212.5,1.184272e-06,5.92136e-06,0
30230.0,30235.0,30232.5,1.180916e-06,5.90458e-06,0
30245.0,30250.0,30247.5,1.189272e-06,5.94636e-06,0
30250.0,30255.0,30252.5,1.176748e-06,5.88374e-06,0
30255.0,30260.0,30257.5,2.375802e-06,1.187901e-05,0
30260.0,30265.0,30262.5,1.199688e-06,5.99844e-06,0
30270.0,30275.0,30272.5,3.548386e-06,1.774193e-05,0
30295.0,30300.0,30297.5,1.196458e-06,5.98229e-06,0
30310.0,30315.0,30312.5,1.188708e-06,5.94354e-06,0
30315.0,30320.0,30317.5,1.189272e-06,5.94636e-06,0
30320.0,30325.0,30322.5,1.180916e-06,5.90458e-06,0
30325.0,30330.0,30327.5,1.194886e-06,5.97443e-06,0
30335.0,30340.0,30337.5,1.194886e-06,5.97443e-06,0
30345.0,30350.0,30347.5,1.188708e-06,5.94354e-06,0
30355.0,30360.0,30357.5,1.188708e-06,5.94354e-06,0
30380.0,30385.0,30382.5,1.194886e-06,5.97443e-06,0
30415.0,30420.0,30417.5,1.176748e-06,5.88374e-06,0
30425.0,30430.0,30427.5,1.184272e-06,5.92136e-06,0
30435.0,30440.0,30437.5,1.176748e-06,5.88374e-06,0
30440.0,30445.0,30442.5,1.1994e-06,5.997e-06,0
30465.0,30470.0,30467.5,1.196458e-06,5.98229e-06,0
30485.0,30490.0,30487.5,1.189272e-06,5.94636e-06,0
30495.0,30500.0,30497.5,1.188708e-06,5.94354e-06,0
30500.0,30505.0,30502.5,1.196458e-06,5.98229e-06,0
30510.0,30515.0,30512.5,1.176748e-06,5.88374e-06,0
30520.0,30525.0,30522.5,1.188708e-06,5.94354e-06,0
30525.0,30530.0,30527.5,1.191256e-06,5.95628e-06,0
30530.0,30535.0,30532.5,2.37742e-06,1.18871e-05,0
30540.0,30545.0,30542.5,1.194886e-06,5.97443e-06,0
30550.0,30555.0,30552.5,3.554168e-06,1.777084e-05,0
30560.0,30565.0,30562.5,1.196458e-06,5.98229e-06,0
30575.0,30580.0,30577.5,1.196458e-06,5.98229e-06,0
30580.0,30585.0,30582.5,1.176748e-06,5.88374e-06,0
30590.0,30595.0,30592.5,1.188708e-06,5.94354e-06,0
30640.0,30645.0,30642.5,1.189272e-06,5.94636e-06,0
30660.0,30665.0,30662.5,1.180916e-06,5.90458e-06,0
30710.0,30715.0,30712.5,2.383594e-06,1.191797e-05,0
30720.0,30725.0,30722.5,1.1994e-06,5.997e-06,0
30725.0,30730.0,30727.5,1.188708e-06,5.94354e-06,0
30750.0,30755.0,30752.5,1.180916e-06,5.90458e-06,0
30775.0,30780.0,30777.5,2.371634e-06,1.185817e-05,0
30810.0,30815.0,30812.5,1.188708e-06,5.94354e-06,0
30820.0,30825.0,30822.5,1.188708e-06,5.94354e-06,0
30830.0,30835.0,30832.5,1.188708e-06,5.94354e-06,0
30845.0,30850.0,30847.5,1.199688e-06,5.99844e-06,0
30860.0,30865.0,30862.5,1.199688e-06,5.99844e-06,0
30865.0,30870.0,30867.5,1.191256e-06,5.95628e-06,0
30870.0,30875.0,30872.5,2.36602e-06,1.18301e-05,0
30890.0,30895.0,30892.5,1.180916e-06,5.90458e-06,0
30915.0,30920.0,30917.5,1.189272e-06,5.94636e-06,0
30925.0,30930.0,30927.5,2.376148e-06,1.188074e-05,0
30930.0,30935.0,30932.5,1.191256e-06,5.95628e-06,0
30935.0,30940.0,30937.5,1.180916e-06,5.90458e-06,0
30955.0,30960.0,30957.5,1.188708e-06,5.94354e-06,0
30995.0,31000.0,30997.5,2.37854e-06,1.18927e-05,0
31020.0,31025.0,31022.5,1.1994e-06,5.997e-06,0
31030.0,31035.0,31032.5,1.189272e-06,5.94636e-06,0
31045.0,31050.0,31047.5,1.188708e-06,5.94354e-06,0
31075.0,31080.0,31077.5,1.184272e-06,5.92136e-06,0
31105.0,31110.0,31107.5,1.180916e-06,5.90458e-06,0
31120.0,31125.0,31122.5,2.368004e-06,1.184002e-05,0
31125.0,31130.0,31127.5,1.176748e-06,5.88374e-06,0
31130.0,31135.0,31132.5,1.196458e-06,5.98229e-06,0
31135.0,31140.0,31137.5,1.194886e-06,5.97443e-06,0
31140.0,31145.0,31142.5,2.375802e-06,1.187901e-05,0
31145.0,31150.0,31147.5,1.180916e-06,5.90458e-06,0
31150.0,31155.0,31152.5,1.188708e-06,5.94354e-06,0
31165.0,31170.0,31167.5,1.194886e-06,5.97443e-06,0
31180.0,31185.0,31182.5,1.189272e-06,5.94636e-06,0
31200.0,31205.0,31202.5,1.189272e-06,5.94636e-06,0
31205.0,31210.0,31207.5,1.194886e-06,5.97443e-06,0
31215.0,31220.0,31217.5,1.180916e-06,5.90458e-06,0
31220.0,31225.0,31222.5,1.194886e-06,5.97443e-06,0
31225.0,31230.0,31227.5,2.388108e-06,1.194054e-05,0
31235.0,31240.0,31237.5,1.188708e-06,5.94354e-06,0
31245.0,31250.0,31247.5,1.188708e-06,5.94354e-06,0
31260.0,31265.0,31262.5,1.188708e-06,5.94354e-06,0
31265.0,31270.0,31267.5,1.196458e-06,5.98229e-06,0
31270.0,31275.0,31272.5,1.176748e-06,5.88374e-06,0
31285.0,31290.0,31287.5,1.188708e-06,5.94354e-06,0
31300.0,31305.0,31302.5,1.180916e-06,5.90458e-06,0
31325.0,31330.0,31327.5,2.37798e-06,1.18899e-05,0
31360.0,31365.0,31362.5,1.194886e-06,5.97443e-06,0
31365.0,31370.0,31367.5,1.176748e-06,5.88374e-06,0
31380.0,31385.0,31382.5,1.189272e-06,5.94636e-06,0
31385.0,31390.0,31387.5,1.176748e-06,5.88374e-06,0
31400.0,31405.0,31402.5,2.369624e-06,1.184812e-05,0
31445.0,31450.0,31447.5,1.188708e-06,5.94354e-06,0
31455.0,31460.0,31457.5,1.196458e-06,5.98229e-06,0
31470.0,31475.0,31472.5,1.184272e-06,5.92136e-06,0
31475.0,31480.0,31477.5,1.194886e-06,5.97443e-06,0
31495.0,31500.0,31497.5,2.36602e-06,1.18301e-05,0
31525.0,31530.0,31527.5,1.188708e-06,5.94354e-06,0
31540.0,31545.0,31542.5,1.194886e-06,5.97443e-06,0
31545.0,31550.0,31547.5,1.189272e-06,5.94636e-06,0
31550.0,31555.0,31552.5,1.188708e-06,5.94354e-06,0
31570.0,31575.0,31572.5,1.176748e-06,5.88374e-06,0
31580.0,31585.0,31582.5,1.189272e-06,5.94636e-06,0
31625.0,31630.0,31627.5,2.390944e-06,1.195472e-05,0
31635.0,31640.0,31637.5,1.196458e-06,5.98229e-06,0
31650.0,31655.0,31652.5,1.189272e-06,5.94636e-06,0
31670.0,31675.0,31672.5,2.368004e-06,1.184002e-05,0
31685.0,31690.0,31687.5,3.537772e-06,1.768886e-05,0
31720.0,31725.0,31722.5,1.188708e-06,5.94354e-06,0
31755.0,31760.0,31757.5,1.189272e-06,5.94636e-06,0
31770.0,31775.0,31772.5,2.379964e-06,1.189982e-05,0
31790.0,31795.0,31792.5,1.176748e-06,5.88374e-06,0
31830.0,31835.0,31832.5,1.180916e-06,5.90458e-06,0
31850.0,31855.0,31852.5,1.176748e-06,5.88374e-06,0
31860.0,31865.0,31862.5,1.188708e-06,5.94354e-06,0
31865.0,31870.0,31867.5,1.194886e-06,5.97443e-06,0
31870.0,31875.0,31872.5,1.196458e-06,5.98229e-06,0
31875.0,31880.0,31877.5,1.188708e-06,5.94354e-06,0
31905.0,31910.0,31907.5,1.189272e-06,5.94636e-06,0
31910.0,31915.0,31912.5,1.188708e-06,5.94354e-06,0
31920.0,31925.0,31922.5,1.176748e-06,5.88374e-06,0
31950.0,31955.0,31952.5,2.371634e-06,1.185817e-05,0
31960.0,31965.0,31962.5,1.196458e-06,5.98229e-06,0
31965.0,31970.0,31967.5,2.38073e-06,1.190365e-05,0
31990.0,31995.0,31992.5,1.188708e-06,5.94354e-06,0
32005.0,32010.0,32007.5,1.176748e-06,5.88374e-06,0
32015.0,32020.0,32017.5,1.199688e-06,5.99844e-06,0
32035.0,32040.0,32037.5,2.357664e-06,1.178832e-05,0
32055.0,32060.0,32057.5,1.189272e-06,5.94636e-06,0
32080.0,32085.0,32082.5,1.180916e-06,5.90458e-06,0
32085.0,32090.0,32087.5,2.365188e-06,1.182594e-05,0
32135.0,32140.0,32137.5,1.180916e-06,5.90458e-06,0
32140.0,32145.0,32142.5,1.189272e-06,5.94636e-06,0
32145.0,32150.0,32147.5,2.380316e-06,1.190158e-05,0
32155.0,32160.0,32157.5,3.573426e-06,1.786713e-05,0
32170.0,32175.0,32172.5,1.184272e-06,5.92136e-06,0
32220.0,32225.0,32222.5,2.385166e-06,1.192583e-05,0
32230.0,32235.0,32232.5,1.176748e-06,5.88374e-06,0
32235.0,32240.0,32237.5,1.188708e-06,5.94354e-06,0
32240.0,32245.0,32242.5,1.184272e-06,5.92136e-06,0
32250.0,32255.0,32252.5,1.176748e-06,5.88374e-06,0
32305.0,32310.0,32307.5,1.188708e-06,5.94354e-06,0
32325.0,32330.0,32327.5,1.176748e-06,5.88374e-06,0
32360.0,32365.0,32362.5,1.180916e-06,5.90458e-06,0
32370.0,32375.0,32372.5,1.199688e-06,5.99844e-06,0
32375.0,32380.0,32377.5,1.196458e-06,5.98229e-06,0
32380.0,32385.0,32382.5,1.189272e-06,5.94636e-06,0
32390.0,32395.0,32392.5,1.196458e-06,5.98229e-06,0
32400.0,32405.0,32402.5,1.176748e-06,5.88374e-06,0
32410.0,32415.0,32412.5,2.37742e-06,1.18871e-05,0
32420.0,32425.0,32422.5,1.188708e-06,5.94354e-06,0
32455.0,32460.0,32457.5,1.176748e-06,5.88374e-06,0
32460.0,32465.0,32462.5,1.194886e-06,5.97443e-06,0
32480.0,32485.0,32482.5,1.184272e-06,5.92136e-06,0
32505.0,32510.0,32507.5,2.37798e-06,1.18899e-05,0
32510.0,32515.0,32512.5,1.1994e-06,5.997e-06,0
32530.0,32535.0,32532.5,2.375802e-06,1.187901e-05,0
32540.0,32545.0,32542.5,1.196458e-06,5.98229e-06,0
32545.0,32550.0,32547.5,1.188708e-06,5.94354e-06,0
32555.0,32560.0,32557.5,1.199688e-06,5.99844e-06,0
32560.0,32565.0,32562.5,1.176748e-06,5.88374e-06,0
32575.0,32580.0,32577.5,1.194886e-06,5.97443e-06,0
32585.0,32590.0,32587.5,2.385166e-06,1.192583e-05,0
32615.0,32620.0,32617.5,2.365188e-06,1.182594e-05,0
32620.0,32625.0,32622.5,1.188708e-06,5.94354e-06,0
32635.0,32640.0,32637.5,1.188708e-06,5.94354e-06,0
32650.0,32655.0,32652.5,1.199688e-06,5.99844e-06,0
32660.0,32665.0,32662.5,2.373544e-06,1.186772e-05,0
32685.0,32690.0,32687.5,1.188708e-06,5.94354e-06,0
32725.0,32730.0,32727.5,1.194886e-06,5.97443e-06,0
32730.0,32735.0,32732.5,1.188708e-06,5.94354e-06,0
32755.0,32760.0,32757.5,1.188708e-06,5.94354e-06,0
32760.0,32765.0,32762.5,1.188708e-06,5.94354e-06,0
32775.0,32780.0,32777.5,1.191256e-06,5.95628e-06,0
32780.0,32785.0,32782.5,2.37742e-06,1.18871e-05,0
32785.0,32790.0,32787.5,1.188708e-06,5.94354e-06,0
32810.0,32815.0,32812.5,1.180916e-06,5.90458e-06,0
32855.0,32860.0,32857.5,1.184272e-06,5.92136e-06,0
32885.0,32890.0,32887.5,1.196458e-06,5.98229e-06,0
32890.0,32895.0,32892.5,1.189272e-06,5.94636e-06,0
32905.0,32910.0,32907.5,1.189272e-06,5.94636e-06,0
32910.0,32915.0,32912.5,1.176748e-06,5.88374e-06,0
32915.0,32920.0,32917.5,1.199688e-06,5.99844e-06,0
32960.0,32965.0,32962.5,1.176748e-06,5.88374e-06,0
32965.0,32970.0,32967.5,1.180916e-06,5.90458e-06,0
32985.0,32990.0,32987.5,1.196458e-06,5.98229e-06,0
33045.0,33050.0,33047.5,1.176748e-06,5.88374e-06,0
33050.0,33055.0,33052.5,1.191256e-06,5.95628e-06,0
33075.0,33080.0,33077.5,1.189272e-06,5.94636e-06,0
33085.0,33090.0,33087.5,1.191256e-06,5.95628e-06,0
33095.0,33100.0,33097.5,1.180916e-06,5.90458e-06,0
33100.0,33105.0,33102.5,1.194886e-06,5.97443e-06,0
33105.0,33110.0,33107.5,2.38896e-06,1.19448e-05,0
33110.0,33115.0,33112.5,3.558896e-06,1.779448e-05,0
33120.0,33125.0,33122.5,1.184272e-06,5.92136e-06,0
33125.0,33130.0,33127.5,1.180916e-06,5.90458e-06,0
33150.0,33155.0,33152.5,1.196458e-06,5.98229e-06,0
33155.0,33160.0,33157.5,1.196458e-06,5.98229e-06,0
33185.0,33190.0,33187.5,1.188708e-06,5.94354e-06,0
33195.0,33200.0,33197.5,1.189272e-06,5.94636e-06,0
33205.0,33210.0,33207.5,1.189272e-06,5.94636e-06,0
33215.0,33220.0,33217.5,1.176748e-06,5.88374e-06,0
33220.0,33225.0,33222.5,1.176748e-06,5.88374e-06,0
33225.0,33230.0,33227.5,1.176748e-06,5.88374e-06,0
33230.0,33235.0,33232.5,1.196458e-06,5.98229e-06,0
33310.0,33315.0,33312.5,3.554728e-06,1.777364e-05,0
33325.0,33330.0,33327.5,1.188708e-06,5.94354e-06,0
33335.0,33340.0,33337.5,2.373206e-06,1.186603e-05,0
33350.0,33355.0,33352.5,1.180916e-06,5.90458e-06,0
33365.0,33370.0,33367.5,1.199688e-06,5.99844e-06,0
33370.0,33375.0,33372.5,1.176748e-06,5.88374e-06,0
33385.0,33390.0,33387.5,1.188708e-06,5.94354e-06,0
33395.0,33400.0,33397.5,1.184272e-06,5.92136e-06,0
33415.0,33420.0,33417.5,1.188708e-06,5.94354e-06,0
33425.0,33430.0,33427.5,1.176748e-06,5.88374e-06,0
33430.0,33435.0,33432.5,1.191256e-06,5.95628e-06,0
33435.0,33440.0,33437.5,1.176748e-06,5.88374e-06,0
33460.0,33465.0,33462.5,1.188708e-06,5.94354e-06,0
33570.0,33575.0,33572.5,1.189272e-06,5.94636e-06,0
33580.0,33585.0,33582.5,1.176748e-06,5.88374e-06,0
33585.0,33590.0,33587.5,1.1994e-06,5.997e-06,0
33600.0,33605.0,33602.5,1.1994e-06,5.997e-06,0
33605.0,33610.0,33607.5,1.184272e-06,5.92136e-06,0
33625.0,33630.0,33627.5,1.191256e-06,5.95628e-06,0
33635.0,33640.0,33637.5,2.369624e-06,1.184812e-05,0
33640.0,33645.0,33642.5,2.370188e-06,1.185094e-05,0
33660.0,33665.0,33662.5,1.196458e-06,5.98229e-06,0
33680.0,33685.0,33682.5,1.180916e-06,5.90458e-06,0
33695.0,33700.0,33697.5,1.188708e-06,5.94354e-06,0
33700.0,33705.0,33702.5,1.176748e-06,5.88374e-06,0
33705.0,33710.0,33707.5,1.188708e-06,5.94354e-06,0
33725.0,33730.0,33727.5,3.564462e-06,1.782231e-05,0
33760.0,33765.0,33762.5,1.191256e-06,5.95628e-06,0
33765.0,33770.0,33767.5,1.188708e-06,5.94354e-06,0
33775.0,33780.0,33777.5,1.194886e-06,5.97443e-06,0
33780.0,33785.0,33782.5,2.365456e-06,1.182728e-05,0
33795.0,33800.0,33797.5,1.1994e-06,5.997e-06,0
33825.0,33830.0,33827.5,1.196458e-06,5.98229e-06,0
33835.0,33840.0,33837.5,1.189272e-06,5.94636e-06,0
33845.0,33850.0,33847.5,1.189272e-06,5.94636e-06,0
33860.0,33865.0,33862.5,1.180916e-06,5.90458e-06,0
33865.0,33870.0,33867.5,2.371634e-06,1.185817e-05,0
33875.0,33880.0,33877.5,1.176748e-06,5.88374e-06,0
33885.0,33890.0,33887.5,1.176748e-06,5.88374e-06,0
33890.0,33895.0,33892.5,1.196458e-06,5.98229e-06,0
33910.0,33915.0,33912.5,1.188708e-06,5.94354e-06,0
33925.0,33930.0,33927.5,1.188708e-06,5.94354e-06,0
33955.0,33960.0,33957.5,1.196458e-06,5.98229e-06,0
33970.0,33975.0,33972.5,1.199688e-06,5.99844e-06,0
33990.0,33995.0,33992.5,1.1994e-06,5.997e-06,0
34000.0,34005.0,34002.5,3.55255e-06,1.776275e-05,0
34005.0,34010.0,34007.5,1.189272e-06,5.94636e-06,0
34010.0,34015.0,34012.5,1.188708e-06,5.94354e-06,0
34040.0,34045.0,34042.5,1.176748e-06,5.88374e-06,0
34045.0,34050.0,34047.5,2.371634e-06,1.185817e-05,0
34050.0,34055.0,34052.5,1.188708e-06,5.94354e-06,0
34065.0,34070.0,34067.5,1.176748e-06,5.88374e-06,0
34080.0,34085.0,34082.5,1.176748e-06,5.88374e-06,0
34095.0,34100.0,34097.5,1.196458e-06,5.98229e-06,0
34105.0,34110.0,34107.5,1.184272e-06,5.92136e-06,0
34120.0,34125.0,34122.5,1.196458e-06,5.98229e-06,0
34160.0,34165.0,34162.5,1.188708e-06,5.94354e-06,0
34170.0,34175.0,34172.5,1.188708e-06,5.94354e-06,0
34230.0,34235.0,34232.5,1.176748e-06,5.88374e-06,0
34245.0,34250.0,34247.5,1.189272e-06,5.94636e-06,0
34265.0,34270.0,34267.5,1.176748e-06,5.88374e-06,0
34280.0,34285.0,34282.5,1.176748e-06,5.88374e-06,0
34285.0,34290.0,34287.5,1.194886e-06,5.97443e-06,0
34290.0,34295.0,34292.5,1.188708e-06,5.94354e-06,0
34345.0,34350.0,34347.5,2.365456e-06,1.182728e-05,0
34385.0,34390.0,34387.5,1.1994e-06,5.997e-06,0
34415.0,34420.0,34417.5,1.189272e-06,5.94636e-06,0
34420.0,34425.0,34422.5,1.189272e-06,5.94636e-06,0
34455.0,34460.0,34457.5,1.189272e-06,5.94636e-06,0
34500.0,34505.0,34502.5,1.180916e-06,5.90458e-06,0
34530.0,34535.0,34532.5,1.176748e-06,5.88374e-06,0
34535.0,34540.0,34537.5,1.184272e-06,5.92136e-06,0
34585.0,34590.0,34587.5,1.184272e-06,5.92136e-06,0
34600.0,34605.0,34602.5,1.188708e-06,5.94354e-06,0
34610.0,34615.0,34612.5,1.188708e-06,5.94354e-06,0
34625.0,34630.0,34627.5,1.189272e-06,5.94636e-06,0
34715.0,34720.0,34717.5,2.373206e-06,1.186603e-05,0
34720.0,34725.0,34722.5,1.194886e-06,5.97443e-06,0
34725.0,34730.0,34727.5,1.199688e-06,5.99844e-06,0
34745.0,34750.0,34747.5,1.188708e-06,5.94354e-06,0
34750.0,34755.0,34752.5,2.385166e-06,1.192583e-05,0
34800.0,34805.0,34802.5,1.180916e-06,5.90458e-06,0
34815.0,34820.0,34817.5,1.194886e-06,5.97443e-06,0
34890.0,34895.0,34892.5,2.380528e-06,1.190264e-05,0
34955.0,34960.0,34957.5,1.1994e-06,5.997e-06,0
34985.0,34990.0,34987.5,1.176748e-06,5.88374e-06,0
35075.0,35080.0,35077.5,1.176748e-06,5.88374e-06,0
35095.0,35100.0,35097.5,1.189272e-06,5.94636e-06,0
35130.0,35135.0,35132.5,1.176748e-06,5.88374e-06,0
35135.0,35140.0,35137.5,1.180916e-06,5.90458e-06,0
35150.0,35155.0,35152.5,1.180916e-06,5.90458e-06,0
35175.0,35180.0,35177.5,1.176748e-06,5.88374e-06,0
35185.0,35190.0,35187.5,2.384158e-06,1.192079e-05,0
35200.0,35205.0,35202.5,1.176748e-06,5.88374e-06,0
35250.0,35255.0,35252.5,2.365456e-06,1.182728e-05,0
35260.0,35265.0,35262.5,1.180916e-06,5.90458e-06,0
35280.0,35285.0,35282.5,1.188708e-06,5.94354e-06,0
35310.0,35315.0,35312.5,1.196458e-06,5.98229e-06,0
35370.0,35375.0,35372.5,1.176748e-06,5.88374e-06,0
35385.0,35390.0,35387.5,1.189272e-06,5.94636e-06,0
35390.0,35395.0,35392.5,1.176748e-06,5.88374e-06,0
35410.0,35415.0,35412.5,1.188708e-06,5.94354e-06,0
35480.0,35485.0,35482.5,1.188708e-06,5.94354e-06,0
35520.0,35525.0,35522.5,1.189272e-06,5.94636e-06,0
35600.0,35605.0,35602.5,1.176748e-06,5.88374e-06,0
35645.0,35650.0,35647.5,1.188708e-06,5.94354e-06,0
35675.0,35680.0,35677.5,1.194886e-06,5.97443e-06,0
35685.0,35690.0,35687.5,1.1994e-06,5.997e-06,0
35740.0,35745.0,35742.5,1.199688e-06,5.99844e-06,0
35800.0,35805.0,35802.5,1.194886e-06,5.97443e-06,0
35810.0,35815.0,35812.5,1.199688e-06,5.99844e-06,0
35815.0,35820.0,35817.5,1.188708e-06,5.94354e-06,0
35820.0,35825.0,35822.5,1.176748e-06,5.88374e-06,0
35835.0,35840.0,35837.5,1.188708e-06,5.94354e-06,0
35840.0,35845.0,35842.5,1.189272e-06,5.94636e-06,0
35850.0,35855.0,35852.5,1.189272e-06,5.94636e-06,0
35855.0,35860.0,35857.5,1.194886e-06,5.97443e-06,0
35895.0,35900.0,35897.5,1.194886e-06,5.97443e-06,0
35960.0,35965.0,35962.5,1.176748e-06,5.88374e-06,0
35975.0,35980.0,35977.5,1.189272e-06,5.94636e-06,0
36005.0,36010.0,36007.5,1.180916e-06,5.90458e-06,0
36015.0,36020.0,36017.5,1.191256e-06,5.95628e-06,0
36030.0,36035.0,36032.5,1.188708e-06,5.94354e-06,0
36040.0,36045.0,36042.5,1.196458e-06,5.98229e-06,0
36050.0,36055.0,36052.5,1.176748e-06,5.88374e-06,0
36080.0,36085.0,36082.5,1.188708e-06,5.94354e-06,0
36100.0,36105.0,36102.5,1.184272e-06,5.92136e-06,0
36120.0,36125.0,36122.5,1.180916e-06,5.90458e-06,0
36130.0,36135.0,36132.5,1.1994e-06,5.997e-06,0
36160.0,36165.0,36162.5,1.180916e-06,5.90458e-06,0
36175.0,36180.0,36177.5,1.189272e-06,5.94636e-06,0
36215.0,36220.0,36217.5,1.176748e-06,5.88374e-06,0
36225.0,36230.0,36227.5,1.188708e-06,5.94354e-06,0
36270.0,36275.0,36272.5,1.180916e-06,5.90458e-06,0
36295.0,36300.0,36297.5,1.188708e-06,5.94354e-06,0
36300.0,36305.0,36302.5,1.189272e-06,5.94636e-06,0
36340.0,36345.0,36342.5,1.189272e-06,5.94636e-06,0
36415.0,36420.0,36417.5,1.188708e-06,5.94354e-06,0
36465.0,36470.0,36467.5,1.194886e-06,5.97443e-06,0
36490.0,36495.0,36492.5,1.196458e-06,5.98229e-06,0
36525.0,36530.0,36527.5,1.191256e-06,5.95628e-06,0
36530.0,36535.0,36532.5,1.188708e-06,5.94354e-06,0
36610.0,36615.0,36612.5,1.188708e-06,5.94354e-06,0
36695.0,36700.0,36697.5,1.188708e-06,5.94354e-06,0
36770.0,36775.0,36772.5,1.199688e-06,5.99844e-06,0
36780.0,36785.0,36782.5,1.196458e-06,5.98229e-06,0
36810.0,36815.0,36812.5,1.176748e-06,5.88374e-06,0
36925.0,36930.0,36927.5,1.188708e-06,5.94354e-06,0
36935.0,36940.0,36937.5,2.388396e-06,1.194198e-05,0
36945.0,36950.0,36947.5,1.191256e-06,5.95628e-06,0
36965.0,36970.0,36967.5,2.38573e-06,1.192865e-05,0
36995.0,37000.0,36997.5,1.176748e-06,5.88374e-06,0
37005.0,37010.0,37007.5,1.196458e-06,5.98229e-06,0
37010.0,37015.0,37012.5,1.184272e-06,5.92136e-06,0
37030.0,37035.0,37032.5,1.189272e-06,5.94636e-06,0
37105.0,37110.0,37107.5,1.199688e-06,5.99844e-06,0
37110.0,37115.0,37112.5,1.189272e-06,5.94636e-06,0
37115.0,37120.0,37117.5,1.196458e-06,5.98229e-06,0
37145.0,37150.0,37147.5,1.188708e-06,5.94354e-06,0
37175.0,37180.0,37177.5,1.199688e-06,5.99844e-06,0
37190.0,37195.0,37192.5,1.176748e-06,5.88374e-06,0
37235.0,37240.0,37237.5,1.176748e-06,5.88374e-06,0
37245.0,37250.0,37247.5,1.196458e-06,5.98229e-06,0
37250.0,37255.0,37252.5,1.184272e-06,5.92136e-06,0
37260.0,37265.0,37262.5,1.194886e-06,5.97443e-06,0
37275.0,37280.0,37277.5,1.188708e-06,5.94354e-06,0
37335.0,37340.0,37337.5,1.176748e-06,5.88374e-06,0
37340.0,37345.0,37342.5,1.188708e-06,5.94354e-06,0
37370.0,37375.0,37372.5,1.189272e-06,5.94636e-06,0
37415.0,37420.0,37417.5,2.37742e-06,1.18871e-05,0
37445.0,37450.0,37447.5,1.188708e-06,5.94354e-06,0
37450.0,37455.0,37452.5,1.176748e-06,5.88374e-06,0
37465.0,37470.0,37467.5,1.188708e-06,5.94354e-06,0
37475.0,37480.0,37477.5,1.188708e-06,5.94354e-06,0
37525.0,37530.0,37527.5,1.189272e-06,5.94636e-06,0
37550.0,37555.0,37552.5,1.188708e-06,5.94354e-06,0
37590.0,37595.0,37592.5,1.188708e-06,5.94354e-06,0
37605.0,37610.0,37607.5,1.189272e-06,5.94636e-06,0
37615.0,37620.0,37617.5,1.180916e-06,5.90458e-06,0
37630.0,37635.0,37632.5,1.188708e-06,5.94354e-06,0
37640.0,37645.0,37642.5,1.188708e-06,5.94354e-06,0
37655.0,37660.0,37657.5,1.199688e-06,5.99844e-06,0
37660.0,37665.0,37662.5,1.189272e-06,5.94636e-06,0
37700.0,37705.0,37702.5,1.180916e-06,5.90458e-06,0
37730.0,37735.0,37732.5,1.176748e-06,5.88374e-06,0
37750.0,37755.0,37752.5,1.1994e-06,5.997e-06,0
37760.0,37765.0,37762.5,1.188708e-06,5.94354e-06,0
37795.0,37800.0,37797.5,1.176748e-06,5.88374e-06,0
37810.0,37815.0,37812.5,2.379158e-06,1.189579e-05,0
37815.0,37820.0,37817.5,1.176748e-06,5.88374e-06,0
37820.0,37825.0,37822.5,1.184272e-06,5.92136e-06,0
37860.0,37865.0,37862.5,1.180916e-06,5.90458e-06,0
37900.0,37905.0,37902.5,1.194886e-06,5.97443e-06,0
37925.0,37930.0,37927.5,1.189272e-06,5.94636e-06,0
37930.0,37935.0,37932.5,1.188708e-06,5.94354e-06,0
37940.0,37945.0,37942.5,1.188708e-06,5.94354e-06,0
37985.0,37990.0,37987.5,1.188708e-06,5.94354e-06,0
38000.0,38005.0,38002.5,1.188708e-06,5.94354e-06,0
38035.0,38040.0,38037.5,1.189272e-06,5.94636e-06,0
38075.0,38080.0,38077.5,2.37854e-06,1.18927e-05,0
38095.0,38100.0,38097.5,1.188708e-06,5.94354e-06,0
38105.0,38110.0,38107.5,1.199688e-06,5.99844e-06,0
38125.0,38130.0,38127.5,1.180916e-06,5.90458e-06,0
38130.0,38135.0,38132.5,1.176748e-06,5.88374e-06,0
38180.0,38185.0,38182.5,1.189272e-06,5.94636e-06,0
38210.0,38215.0,38212.5,1.188708e-06,5.94354e-06,0
38255.0,38260.0,38257.5,1.188708e-06,5.94354e-06,0
38260.0,38265.0,38262.5,1.196458e-06,5.98229e-06,0
38295.0,38300.0,38297.5,1.176748e-06,5.88374e-06,0
38300.0,38305.0,38302.5,1.176748e-06,5.88374e-06,0
38380.0,38385.0,38382.5,1.188708e-06,5.94354e-06,0
38385.0,38390.0,38387.5,1.194886e-06,5.97443e-06,0
38400.0,38405.0,38402.5,1.194886e-06,5.97443e-06,0
38450.0,38455.0,38452.5,1.180916e-06,5.90458e-06,0
38505.0,38510.0,38507.5,2.385166e-06,1.192583e-05,0
38515.0,38520.0,38517.5,1.180916e-06,5.90458e-06,0
38540.0,38545.0,38542.5,1.1994e-06,5.997e-06,0
38565.0,38570.0,38567.5,1.189272e-06,5.94636e-06,0
38580.0,38585.0,38582.5,2.385166e-06,1.192583e-05,0
38620.0,38625.0,38622.5,1.176748e-06,5.88374e-06,0
38660.0,38665.0,38662.5,1.176748e-06,5.88374e-06,0
38700.0,38705.0,38702.5,1.188708e-06,5.94354e-06,0
38775.0,38780.0,38777.5,1.194886e-06,5.97443e-06,0
38810.0,38815.0,38812.5,1.176748e-06,5.88374e-06,0
38845.0,38850.0,38847.5,2.395858e-06,1.197929e-05,0
38855.0,38860.0,38857.5,1.176748e-06,5.88374e-06,0
38860.0,38865.0,38862.5,1.188708e-06,5.94354e-06,0
38865.0,38870.0,38867.5,1.188708e-06,5.94354e-06,0
38920.0,38925.0,38922.5,1.188708e-06,5.94354e-06,0
38930.0,38935.0,38932.5,1.1994e-06,5.997e-06,0
38965.0,38970.0,38967.5,1.176748e-06,5.88374e-06,0
39125.0,39130.0,39127.5,1.188708e-06,5.94354e-06,0
39130.0,39135.0,39132.5,1.176748e-06,5.88374e-06,0
39135.0,39140.0,39137.5,1.188708e-06,5.94354e-06,0
39190.0,39195.0,39192.5,1.180916e-06,5.90458e-06,0
39200.0,39205.0,39202.5,1.188708e-06,5.94354e-06,0
39205.0,39210.0,39207.5,1.189272e-06,5.94636e-06,0
39215.0,39220.0,39217.5,1.196458e-06,5.98229e-06,0
39255.0,39260.0,39257.5,2.37798e-06,1.18899e-05,0
39280.0,39285.0,39282.5,1.180916e-06,5.90458e-06,0
39300.0,39305.0,39302.5,1.184272e-06,5.92136e-06,0
39340.0,39345.0,39342.5,1.188708e-06,5.94354e-06,0
39395.0,39400.0,39397.5,1.176748e-06,5.88374e-06,0
39430.0,39435.0,39432.5,1.176748e-06,5.88374e-06,0
39465.0,39470.0,39467.5,1.1994e-06,5.997e-06,0
39530.0,39535.0,39532.5,1.176748e-06,5.88374e-06,0
39545.0,39550.0,39547.5,1.188708e-06,5.94354e-06,0
39565.0,39570.0,39567.5,1.191256e-06,5.95628e-06,0
39585.0,39590.0,39587.5,1.1994e-06,5.997e-06,0
39590.0,39595.0,39592.5,1.180916e-06,5.90458e-06,0
39600.0,39605.0,39602.5,1.189272e-06,5.94636e-06,0
39635.0,39640.0,39637.5,2.368004e-06,1.184002e-05,0
39640.0,39645.0,39642.5,1.196458e-06,5.98229e-06,0
39675.0,39680.0,39677.5,1.176748e-06,5.88374e-06,0
39790.0,39795.0,39792.5,1.191256e-06,5.95628e-06,0
39870.0,39875.0,39872.5,1.176748e-06,5.88374e-06,0
39885.0,39890.0,39887.5,1.189272e-06,5.94636e-06,0
39975.0,39980.0,39977.5,1.176748e-06,5.88374e-06,0
40010.0,40015.0,40012.5,1.176748e-06,5.88374e-06,0
40045.0,40050.0,40047.5,1.188708e-06,5.94354e-06,0
40050.0,40055.0,40052.5,1.189272e-06,5.94636e-06,0
40055.0,40060.0,40057.5,1.176748e-06,5.88374e-06,0
40125.0,40130.0,40127.5,1.196458e-06,5.98229e-06,0
40135.0,40140.0,40137.5,1.191256e-06,5.95628e-06,0
40170.0,40175.0,40172.5,1.196458e-06,5.98229e-06,0
40230.0,40235.0,40232.5,1.180916e-06,5.90458e-06,0
40280.0,40285.0,40282.5,1.184272e-06,5.92136e-06,0
40295.0,40300.0,40297.5,1.196458e-06,5.98229e-06,0
40305.0,40310.0,40307.5,1.180916e-06,5.90458e-06,0
40325.0,40330.0,40327.5,2.357664e-06,1.178832e-05,0
40355.0,40360.0,40357.5,1.189272e-06,5.94636e-06,0
40395.0,40400.0,40397.5,1.196458e-06,5.98229e-06,0
40405.0,40410.0,40407.5,1.189272e-06,5.94636e-06,0
40450.0,40455.0,40452.5,1.188708e-06,5.94354e-06,0
40545.0,40550.0,40547.5,1.196458e-06,5.98229e-06,0
40560.0,40565.0,40562.5,1.191256e-06,5.95628e-06,0
40575.0,40580.0,40577.5,1.180916e-06,5.90458e-06,0
40595.0,40600.0,40597.5,1.188708e-06,5.94354e-06,0
40610.0,40615.0,40612.5,1.176748e-06,5.88374e-06,0
40620.0,40625.0,40622.5,1.196458e-06,5.98229e-06,0
40680.0,40685.0,40682.5,2.377374e-06,1.188687e-05,0
40690.0,40695.0,40692.5,1.188708e-06,5.94354e-06,0
40785.0,40790.0,40787.5,1.188708e-06,5.94354e-06,0
40790.0,40795.0,40792.5,1.188708e-06,5.94354e-06,0
40800.0,40805.0,40802.5,1.184272e-06,5.92136e-06,0
40830.0,40835.0,40832.5,1.1994e-06,5.997e-06,0
40955.0,40960.0,40957.5,1.191256e-06,5.95628e-06,0
41010.0,41015.0,41012.5,1.194886e-06,5.97443e-06,0
41015.0,41020.0,41017.5,1.188708e-06,5.94354e-06,0
41035.0,41040.0,41037.5,1.176748e-06,5.88374e-06,0
41085.0,41090.0,41087.5,1.191256e-06,5.95628e-06,0
41090.0,41095.0,41092.5,1.196458e-06,5.98229e-06,0
41130.0,41135.0,41132.5,1.176748e-06,5.88374e-06,0
41170.0,41175.0,41172.5,2.369624e-06,1.184812e-05,0
41175.0,41180.0,41177.5,1.199688e-06,5.99844e-06,0
41190.0,41195.0,41192.5,1.180916e-06,5.90458e-06,0
41270.0,41275.0,41272.5,1.176748e-06,5.88374e-06,0
41290.0,41295.0,41292.5,1.191256e-06,5.95628e-06,0
41305.0,41310.0,41307.5,1.189272e-06,5.94636e-06,0
41320.0,41325.0,41322.5,1.194886e-06,5.97443e-06,0
41330.0,41335.0,41332.5,1.189272e-06,5.94636e-06,0
41350.0,41355.0,41352.5,1.188708e-06,5.94354e-06,0
41580.0,41585.0,41582.5,1.176748e-06,5.88374e-06,0
41585.0,41590.0,41587.5,1.176748e-06,5.88374e-06,0
41620.0,41625.0,41622.5,1.188708e-06,5.94354e-06,0
41730.0,41735.0,41732.5,1.188708e-06,5.94354e-06,0
41735.0,41740.0,41737.5,1.184272e-06,5.92136e-06,0
41745.0,41750.0,41747.5,1.180916e-06,5.90458e-06,0
41750.0,41755.0,41752.5,1.180916e-06,5.90458e-06,0
41785.0,41790.0,41787.5,1.180916e-06,5.90458e-06,0
41790.0,41795.0,41792.5,1.189272e-06,5.94636e-06,0
41805.0,41810.0,41807.5,2.375802e-06,1.187901e-05,0
41965.0,41970.0,41967.5,1.188708e-06,5.94354e-06,0
41970.0,41975.0,41972.5,1.188708e-06,5.94354e-06,0
42060.0,42065.0,42062.5,2.384158e-06,1.192079e-05,0
42070.0,42075.0,42072.5,1.189272e-06,5.94636e-06,0
42095.0,42100.0,42097.5,1.188708e-06,5.94354e-06,0
42180.0,42185.0,42182.5,1.194886e-06,5.97443e-06,0
42310.0,42315.0,42312.5,1.189272e-06,5.94636e-06,0
42330.0,42335.0,42332.5,1.1994e-06,5.997e-06,0
42350.0,42355.0,42352.5,1.196458e-06,5.98229e-06,0
42435.0,42440.0,42437.5,1.180916e-06,5.90458e-06,0
42455.0,42460.0,42457.5,1.180916e-06,5.90458e-06,0
42465.0,42470.0,42467.5,1.180916e-06,5.90458e-06,0
42565.0,42570.0,42567.5,1.180916e-06,5.90458e-06,0
42635.0,42640.0,42637.5,1.188708e-06,5.94354e-06,0
42670.0,42675.0,42672.5,1.191256e-06,5.95628e-06,0
42675.0,42680.0,42677.5,1.1994e-06,5.997e-06,0
42765.0,42770.0,42767.5,1.188708e-06,5.94354e-06,0
42860.0,42865.0,42862.5,1.196458e-06,5.98229e-06,0
42875.0,42880.0,42877.5,1.188708e-06,5.94354e-06,0
42905.0,42910.0,42907.5,1.1994e-06,5.997e-06,0
42950.0,42955.0,42952.5,1.194886e-06,5.97443e-06,0
42955.0,42960.0,42957.5,1.180916e-06,5.90458e-06,0
43010.0,43015.0,43012.5,1.194886e-06,5.97443e-06,0
43090.0,43095.0,43092.5,1.176748e-06,5.88374e-06,0
43195.0,43200.0,43197.5,1.184272e-06,5.92136e-06,0
43215.0,43220.0,43217.5,1.189272e-06,5.94636e-06,0
43305.0,43310.0,43307.5,1.180916e-06,5.90458e-06,0
43340.0,43345.0,43342.5,1.180916e-06,5.90458e-06,0
43420.0,43425.0,43422.5,1.194886e-06,5.97443e-06,0
43515.0,43520.0,43517.5,1.176748e-06,5.88374e-06,0
43610.0,43615.0,43612.5,1.176748e-06,5.88374e-06,0
43705.0,43710.0,43707.5,1.176748e-06,5.88374e-06,0
43725.0,43730.0,43727.5,1.180916e-06,5.90458e-06,0
43760.0,43765.0,43762.5,1.196458e-06,5.98229e-06,0
43815.0,43820.0,43817.5,1.188708e-06,5.94354e-06,0
43860.0,43865.0,43862.5,1.176748e-06,5.88374e-06,0
43970.0,43975.0,43972.5,1.194886e-06,5.97443e-06,0
44070.0,44075.0,44072.5,1.189272e-06,5.94636e-06,0
44090.0,44095.0,44092.5,1.188708e-06,5.94354e-06,0
44105.0,44110.0,44107.5,1.196458e-06,5.98229e-06,0
44125.0,44130.0,44127.5,1.188708e-06,5.94354e-06,0
44200.0,44205.0,44202.5,1.176748e-06,5.88374e-06,0
44205.0,44210.0,44207.5,1.176748e-06,5.88374e-06,0
44395.0,44400.0,44397.5,1.180916e-06,5.90458e-06,0
44495.0,44500.0,44497.5,1.189272e-06,5.94636e-06,0
44505.0,44510.0,44507.5,1.188708e-06,5.94354e-06,0
44540.0,44545.0,44542.5,1.189272e-06,5.94636e-06,0
44590.0,44595.0,44592.5,1.196458e-06,5.98229e-06,0
44715.0,44720.0,44717.5,1.199688e-06,5.99844e-06,0
44745.0,44750.0,44747.5,1.1994e-06,5.997e-06,0
44830.0,44835.0,44832.5,1.188708e-06,5.94354e-06,0
44905.0,44910.0,44907.5,1.184272e-06,5.92136e-06,0
44970.0,44975.0,44972.5,1.176748e-06,5.88374e-06,0
44995.0,45000.0,44997.5,1.188708e-06,5.94354e-06,0
45020.0,45025.0,45022.5,1.188708e-06,5.94354e-06,0
45040.0,45045.0,45042.5,1.180916e-06,5.90458e-06,0
45100.0,45105.0,45102.5,1.191256e-06,5.95628e-06,0
45315.0,45320.0,45317.5,1.188708e-06,5.94354e-06,0
45520.0,45525.0,45522.5,1.188708e-06,5.94354e-06,0
45580.0,45585.0,45582.5,1.180916e-06,5.90458e-06,0
45640.0,45645.0,45642.5,2.383594e-06,1.191797e-05,0
45655.0,45660.0,45657.5,1.194886e-06,5.97443e-06,0
45740.0,45745.0,45742.5,1.188708e-06,5.94354e-06,0
45765.0,45770.0,45767.5,1.191256e-06,5.95628e-06,0
45790.0,45795.0,45792.5,1.188708e-06,5.94354e-06,0
45845.0,45850.0,45847.5,2.3535e-06,1.17675e-05,0
45855.0,45860.0,45857.5,1.191256e-06,5.95628e-06,0
46270.0,46275.0,46272.5,1.188708e-06,5.94354e-06,0
46365.0,46370.0,46367.5,1.188708e-06,5.94354e-06,0
46375.0,46380.0,46377.5,1.188708e-06,5.94354e-06,0
46440.0,46445.0,46442.5,1.188708e-06,5.94354e-06,0
46785.0,46790.0,46787.5,1.194886e-06,5.97443e-06,0
46815.0,46820.0,46817.5,1.194886e-06,5.97443e-06,0
46840.0,46845.0,46842.5,1.188708e-06,5.94354e-06,0
46900.0,46905.0,46902.5,1.194886e-06,5.97443e-06,0
47100.0,47105.0,47102.5,1.188708e-06,5.94354e-06,0
47380.0,47385.0,47382.5,1.189272e-06,5.94636e-06,0
47450.0,47455.0,47452.5,1.176748e-06,5.88374e-06,0
47505.0,47510.0,47507.5,1.188708e-06,5.94354e-06,0
47670.0,47675.0,47672.5,1.184272e-06,5.92136e-06,0
47715.0,47720.0,47717.5,1.188708e-06,5.94354e-06,0
47725.0,47730.0,47727.5,1.194886e-06,5.97443e-06,0
47735.0,47740.0,47737.5,1.188708e-06,5.94354e-06,0
47760.0,47765.0,47762.5,1.188708e-06,5.94354e-06,0
47845.0,47850.0,47847.5,1.194886e-06,5.97443e-06,0
47910.0,47915.0,47912.5,1.188708e-06,5.94354e-06,0
48080.0,48085.0,48082.5,1.194886e-06,5.97443e-06,0
48115.0,48120.0,48117.5,1.188708e-06,5.94354e-06,0
48145.0,48150.0,48147.5,1.196458e-06,5.98229e-06,0
48245.0,48250.0,48247.5,1.184272e-06,5.92136e-06,0
48425.0,48430.0,48427.5,1.194886e-06,5.97443e-06,0
48525.0,48530.0,48527.5,1.176748e-06,5.88374e-06,0
48545.0,48550.0,48547.5,1.196458e-06,5.98229e-06,0
48575.0,48580.0,48577.5,1.199688e-06,5.99844e-06,0
48595.0,48600.0,48597.5,1.191256e-06,5.95628e-06,0
48620.0,48625.0,48622.5,1.176748e-06,5.88374e-06,0
48690.0,48695.0,48692.5,1.1994e-06,5.997e-06,0
48700.0,48705.0,48702.5,1.191256e-06,5.95628e-06,0
48755.0,48760.0,48757.5,1.188708e-06,5.94354e-06,0
48855.0,48860.0,48857.5,1.194886e-06,5.97443e-06,0
48905.0,48910.0,48907.5,1.189272e-06,5.94636e-06,0
48910.0,48915.0,48912.5,1.184272e-06,5.92136e-06,0
48915.0,48920.0,48917.5,1.188708e-06,5.94354e-06,0
48980.0,48985.0,48982.5,1.184272e-06,5.92136e-06,0
49075.0,49080.0,49077.5,2.371634e-06,1.185817e-05,0
49195.0,49200.0,49197.5,1.176748e-06,5.88374e-06,0
49215.0,49220.0,49217.5,1.188708e-06,5.94354e-06,0
49225.0,49230.0,49227.5,1.194886e-06,5.97443e-06,0
49300.0,49305.0,49302.5,1.191256e-06,5.95628e-06,0
49385.0,49390.0,49387.5,1.189272e-06,5.94636e-06,0
49410.0,49415.0,49412.5,1.180916e-06,5.90458e-06,0
49485.0,49490.0,49487.5,1.176748e-06,5.88374e-06,0
49670.0,49675.0,49672.5,1.188708e-06,5.94354e-06,0
49800.0,49805.0,49802.5,1.188708e-06,5.94354e-06,0
49940.0,49945.0,49942.5,1.176748e-06,5.88374e-06,0
49960.0,49965.0,49962.5,1.191256e-06,5.95628e-06,0
50020.0,50025.0,50022.5,1.180916e-06,5.90458e-06,0
50175.0,50180.0,50177.5,1.191256e-06,5.95628e-06,0
50190.0,50195.0,50192.5,1.196458e-06,5.98229e-06,0
50255.0,50260.0,50257.5,1.176748e-06,5.88374e-06,0
50270.0,50275.0,50272.5,1.176748e-06,5.88374e-06,0
50290.0,50295.0,50292.5,1.191256e-06,5.95628e-06,0
50295.0,50300.0,50297.5,1.176748e-06,5.88374e-06,0
50345.0,50350.0,50347.5,1.196458e-06,5.98229e-06,0
50540.0,50545.0,50542.5,1.188708e-06,5.94354e-06,0
50560.0,50565.0,50562.5,1.180916e-06,5.90458e-06,0
50620.0,50625.0,50622.5,1.199688e-06,5.99844e-06,0
50670.0,50675.0,50672.5,1.189272e-06,5.94636e-06,0
50675.0,50680.0,50677.5,1.180916e-06,5.90458e-06,0
50825.0,50830.0,50827.5,1.188708e-06,5.94354e-06,0
50925.0,50930.0,50927.5,1.194886e-06,5.97443e-06,0
50995.0,51000.0,50997.5,1.180916e-06,5.90458e-06,0
51000.0,51005.0,51002.5,1.180916e-06,5.90458e-06,0
51015.0,51020.0,51017.5,1.188708e-06,5.94354e-06,0
51090.0,51095.0,51092.5,1.176748e-06,5.88374e-06,0
51120.0,51125.0,51122.5,1.194886e-06,5.97443e-06,0
51225.0,51230.0,51227.5,1.188708e-06,5.94354e-06,0
51240.0,51245.0,51242.5,1.1994e-06,5.997e-06,0
51265.0,51270.0,51267.5,1.1994e-06,5.997e-06,0
51370.0,51375.0,51372.5,1.188708e-06,5.94354e-06,0
51920.0,51925.0,51922.5,1.180916e-06,5.90458e-06,0
51945.0,51950.0,51947.5,1.180916e-06,5.90458e-06,0
52145.0,52150.0,52147.5,1.191256e-06,5.95628e-06,0
52150.0,52155.0,52152.5,1.180916e-06,5.90458e-06,0
52275.0,52280.0,52277.5,1.196458e-06,5.98229e-06,0
52380.0,52385.0,52382.5,1.188708e-06,5.94354e-06,0
52455.0,52460.0,52457.5,1.176748e-06,5.88374e-06,0
52645.0,52650.0,52647.5,1.196458e-06,5.98229e-06,0
52695.0,52700.0,52697.5,1.189272e-06,5.94636e-06,0
52770.0,52775.0,52772.5,1.199688e-06,5.99844e-06,0
53140.0,53145.0,53142.5,1.191256e-06,5.95628e-06,0
53170.0,53175.0,53172.5,1.188708e-06,5.94354e-06,0
53230.0,53235.0,53232.5,1.194886e-06,5.97443e-06,0
53415.0,53420.0,53417.5,1.189272e-06,5.94636e-06,0
53465.0,53470.0,53467.5,1.194886e-06,5.97443e-06,0
53470.0,53475.0,53472.5,1.180916e-06,5.90458e-06,0
53590.0,53595.0,53592.5,1.188708e-06,5.94354e-06,0
53740.0,53745.0,53742.5,1.196458e-06,5.98229e-06,0
53785.0,53790.0,53787.5,1.189272e-06,5.94636e-06,0
53950.0,53955.0,53952.5,1.199688e-06,5.99844e-06,0
54005.0,54010.0,54007.5,1.194886e-06,5.97443e-06,0
54100.0,54105.0,54102.5,1.188708e-06,5.94354e-06,0
54290.0,54295.0,54292.5,1.189272e-06,5.94636e-06,0
54295.0,54300.0,54297.5,1.196458e-06,5.98229e-06,0
54300.0,54305.0,54302.5,2.365456e-06,1.182728e-05,0
54365.0,54370.0,54367.5,1.180916e-06,5.90458e-06,0
54375.0,54380.0,54377.5,1.180916e-06,5.90458e-06,0
54430.0,54435.0,54432.5,1.180916e-06,5.90458e-06,0
54820.0,54825.0,54822.5,1.188708e-06,5.94354e-06,0
54910.0,54915.0,54912.5,1.194886e-06,5.97443e-06,0
54965.0,54970.0,54967.5,1.189272e-06,5.94636e-06,0
55020.0,55025.0,55022.5,1.189272e-06,5.94636e-06,0
55355.0,55360.0,55357.5,1.184272e-06,5.92136e-06,0
55665.0,55670.0,55667.5,1.176748e-06,5.88374e-06,0
55810.0,55815.0,55812.5,1.176748e-06,5.88374e-06,0
55895.0,55900.0,55897.5,1.1994e-06,5.997e-06,0
55925.0,55930.0,55927.5,1.180916e-06,5.90458e-06,0
56150.0,56155.0,56152.5,1.196458e-06,5.98229e-06,0
56180.0,56185.0,56182.5,1.180916e-06,5.90458e-06,0
56225.0,56230.0,56227.5,1.191256e-06,5.95628e-06,0
56255.0,56260.0,56257.5,1.184272e-06,5.92136e-06,0
56300.0,56305.0,56302.5,1.196458e-06,5.98229e-06,0
56425.0,56430.0,56427.5,1.180916e-06,5.90458e-06,0
56485.0,56490.0,56487.5,1.184272e-06,5.92136e-06,0
56520.0,56525.0,56522.5,1.189272e-06,5.94636e-06,0
56730.0,56735.0,56732.5,1.194886e-06,5.97443e-06,0
56880.0,56885.0,56882.5,1.176748e-06,5.88374e-06,0
56910.0,56915.0,56912.5,1.188708e-06,5.94354e-06,0
57155.0,57160.0,57157.5,1.184272e-06,5.92136e-06,0
57410.0,57415.0,57412.5,1.191256e-06,5.95628e-06,0
57430.0,57435.0,57432.5,1.196458e-06,5.98229e-06,0
57520.0,57525.0,57522.5,1.199688e-06,5.99844e-06,0
57605.0,57610.0,57607.5,1.196458e-06,5.98229e-06,0
57850.0,57855.0,57852.5,1.184272e-06,5.92136e-06,0
57875.0,57880.0,57877.5,1.194886e-06,5.97443e-06,0
57935.0,57940.0,57937.5,1.188708e-06,5.94354e-06,0
58235.0,58240.0,58237.5,1.196458e-06,5.98229e-06,0
58425.0,58430.0,58427.5,1.180916e-06,5.90458e-06,0
58430.0,58435.0,58432.5,1.189272e-06,5.94636e-06,0
58435.0,58440.0,58437.5,1.1994e-06,5.997e-06,0
59010.0,59015.0,59012.5,1.191256e-06,5.95628e-06,0
59085.0,59090.0,59087.5,1.196458e-06,5.98229e-06,0
59395.0,59400.0,59397.5,1.176748e-06,5.88374e-06,0
59550.0,59555.0,59552.5,1.184272e-06,5.92136e-06,0
59585.0,59590.0,59587.5,1.188708e-06,5.94354e-06,0
59765.0,59770.0,59767.5,1.199688e-06,5.99844e-06,0
59935.0,59940.0,59937.5,1.188708e-06,5.94354e-06,0
59940.0,59945.0,59942.5,1.184272e-06,5.92136e-06,0
60315.0,60320.0,60317.5,1.180916e-06,5.90458e-06,0
60635.0,60640.0,60637.5,1.196458e-06,5.98229e-06,0
60670.0,60675.0,60672.5,1.194886e-06,5.97443e-06,0
60745.0,60750.0,60747.5,1.184272e-06,5.92136e-06,0
60900.0,60905.0,60902.5,1.180916e-06,5.90458e-06,0
60965.0,60970.0,60967.5,1.176748e-06,5.88374e-06,0
61010.0,61015.0,61012.5,1.180916e-06,5.90458e-06,0
61030.0,61035.0,61032.5,1.176748e-06,5.88374e-06,0
61185.0,61190.0,61187.5,1.184272e-06,5.92136e-06,0
61445.0,61450.0,61447.5,1.180916e-06,5.90458e-06,0
61575.0,61580.0,61577.5,1.188708e-06,5.94354e-06,0
61645.0,61650.0,61647.5,1.184272e-06,5.92136e-06,0
61715.0,61720.0,61717.5,1.194886e-06,5.97443e-06,0
61815.0,61820.0,61817.5,1.199688e-06,5.99844e-06,0
61920.0,61925.0,61922.5,1.188708e-06,5.94354e-06,0
61960.0,61965.0,61962.5,1.188708e-06,5.94354e-06,0
62340.0,62345.0,62342.5,1.188708e-06,5.94354e-06,0
62510.0,62515.0,62512.5,1.194886e-06,5.97443e-06,0
62585.0,62590.0,62587.5,1.188708e-06,5.94354e-06,0
62850.0,62855.0,62852.5,1.199688e-06,5.99844e-06,0
62860.0,62865.0,62862.5,1.194886e-06,5.97443e-06,0
63960.0,63965.0,63962.5,1.189272e-06,5.94636e-06,0
64165.0,64170.0,64167.5,1.180916e-06,5.90458e-06,0
64205.0,64210.0,64207.5,1.189272e-06,5.94636e-06,0
64295.0,64300.0,64297.5,1.184272e-06,5.92136e-06,0
64755.0,64760.0,64757.5,1.180916e-06,5.90458e-06,0
65165.0,65170.0,65167.5,1.189272e-06,5.94636e-06,0
65180.0,65185.0,65182.5,1.189272e-06,5.94636e-06,0
65210.0,65215.0,65212.5,1.180916e-06,5.90458e-06,0
65545.0,65550.0,65547.5,1.1994e-06,5.997e-06,0
65570.0,65575.0,65572.5,1.188708e-06,5.94354e-06,0
65915.0,65920.0,65917.5,1.194886e-06,5.97443e-06,0
66085.0,66090.0,66087.5,1.196458e-06,5.98229e-06,0
66250.0,66255.0,66252.5,1.196458e-06,5.98229e-06,0
66255.0,66260.0,66257.5,1.1994e-06,5.997e-06,0
66425.0,66430.0,66427.5,1.184272e-06,5.92136e-06,0
66460.0,66465.0,66462.5,1.188708e-06,5.94354e-06,0
66515.0,66520.0,66517.5,1.196458e-06,5.98229e-06,0
66555.0,66560.0,66557.5,1.194886e-06,5.97443e-06,0
66705.0,66710.0,66707.5,1.194886e-06,5.97443e-06,0
66725.0,66730.0,66727.5,1.194886e-06,5.97443e-06,0
66730.0,66735.0,66732.5,1.180916e-06,5.90458e-06,0
66850.0,66855.0,66852.5,1.199688e-06,5.99844e-06,0
67140.0,67145.0,67142.5,1.180916e-06,5.90458e-06,0
67390.0,67395.0,67392.5,1.176748e-06,5.88374e-06,0
67595.0,67600.0,67597.5,1.180916e-06,5.90458e-06,0
67620.0,67625.0,67622.5,1.188708e-06,5.94354e-06,0
67690.0,67695.0,67692.5,1.191256e-06,5.95628e-06,0
67730.0,67735.0,67732.5,1.194886e-06,5.97443e-06,0
67780.0,67785.0,67782.5,1.191256e-06,5.95628e-06,0
67815.0,67820.0,67817.5,1.188708e-06,5.94354e-06,0
67825.0,67830.0,67827.5,1.184272e-06,5.92136e-06,0
67855.0,67860.0,67857.5,1.180916e-06,5.90458e-06,0
68045.0,68050.0,68047.5,1.199688e-06,5.99844e-06,0
68255.0,68260.0,68257.5,1.180916e-06,5.90458e-06,0
68290.0,68295.0,68292.5,1.188708e-06,5.94354e-06,0
68585.0,68590.0,68587.5,1.176748e-06,5.88374e-06,0
68880.0,68885.0,68882.5,1.194886e-06,5.97443e-06,0
68885.0,68890.0,68887.5,1.194886e-06,5.97443e-06,0
69210.0,69215.0,69212.5,1.188708e-06,5.94354e-06,0
69235.0,69240.0,69237.5,1.188708e-06,5.94354e-06,0
69440.0,69445.0,69442.5,1.196458e-06,5.98229e-06,0
69535.0,69540.0,69537.5,1.194886e-06,5.97443e-06,0
69675.0,69680.0,69677.5,1.199688e-06,5.99844e-06,0
70070.0,70075.0,70072.5,1.180916e-06,5.90458e-06,0
70175.0,70180.0,70177.5,1.176748e-06,5.88374e-06,0
70470.0,70475.0,70472.5,1.188708e-06,5.94354e-06,0
71035.0,71040.0,71037.5,1.188708e-06,5.94354e-06,0
71050.0,71055.0,71052.5,1.176748e-06,5.88374e-06,0
71270.0,71275.0,71272.5,1.191256e-06,5.95628e-06,0
71285.0,71290.0,71287.5,1.194886e-06,5.97443e-06,0
71325.0,71330.0,71327.5,1.180916e-06,5.90458e-06,0
71420.0,71425.0,71422.5,2.37298e-06,1.18649e-05,0
71655.0,71660.0,71657.5,1.180916e-06,5.90458e-06,0
71820.0,71825.0,71822.5,1.194886e-06,5.97443e-06,0
71835.0,71840.0,71837.5,1.188708e-06,5.94354e-06,0
72070.0,72075.0,72072.5,1.189272e-06,5.94636e-06,0
72110.0,72115.0,72112.5,1.188708e-06,5.94354e-06,0
72290.0,72295.0,72292.5,1.184272e-06,5.92136e-06,0
72340.0,72345.0,72342.5,1.1994e-06,5.997e-06,0
72460.0,72465.0,72462.5,1.189272e-06,5.94636e-06,0
72470.0,72475.0,72472.5,1.188708e-06,5.94354e-06,0
72575.0,72580.0,72577.5,1.184272e-06,5.92136e-06,0
73090.0,73095.0,73092.5,1.199688e-06,5.99844e-06,0
73110.0,73115.0,73112.5,1.191256e-06,5.95628e-06,0
73205.0,73210.0,73207.5,1.180916e-06,5.90458e-06,0
73210.0,73215.0,73212.5,1.196458e-06,5.98229e-06,0
73435.0,73440.0,73437.5,1.191256e-06,5.95628e-06,0
73465.0,73470.0,73467.5,1.180916e-06,5.90458e-06,0
73650.0,73655.0,73652.5,1.176748e-06,5.88374e-06,0
73850.0,73855.0,73852.5,1.194886e-06,5.97443e-06,0
73930.0,73935.0,73932.5,1.176748e-06,5.88374e-06,0
74165.0,74170.0,74167.5,1.188708e-06,5.94354e-06,0
74315.0,74320.0,74317.5,1.196458e-06,5.98229e-06,0
74800.0,74805.0,74802.5,1.196458e-06,5.98229e-06,0
74885.0,74890.0,74887.5,1.176748e-06,5.88374e-06,0
74930.0,74935.0,74932.5,1.184272e-06,5.92136e-06,0
75010.0,75015.0,75012.5,1.199688e-06,5.99844e-06,0
75095.0,75100.0,75097.5,1.189272e-06,5.94636e-06,0
75100.0,75105.0,75102.5,1.191256e-06,5.95628e-06,0
75260.0,75265.0,75262.5,1.180916e-06,5.90458e-06,0
75520.0,75525.0,75522.5,1.184272e-06,5.92136e-06,0
75705.0,75710.0,75707.5,1.184272e-06,5.92136e-06,0
75900.0,75905.0,75902.5,1.176748e-06,5.88374e-06,0
76075.0,76080.0,76077.5,1.188708e-06,5.94354e-06,0
76575.0,76580.0,76577.5,1.176748e-06,5.88374e-06,0
76950.0,76955.0,76952.5,1.180916e-06,5.90458e-06,0
76980.0,76985.0,76982.5,1.196458e-06,5.98229e-06,0
77025.0,77030.0,77027.5,1.194886e-06,5.97443e-06,0
77545.0,77550.0,77547.5,1.189272e-06,5.94636e-06,0
77915.0,77920.0,77917.5,1.1994e-06,5.997e-06,0
78210.0,78215.0,78212.5,1.199688e-06,5.99844e-06,0
78505.0,78510.0,78507.5,1.189272e-06,5.94636e-06,0
78680.0,78685.0,78682.5,1.188708e-06,5.94354e-06,0
79175.0,79180.0,79177.5,1.176748e-06,5.88374e-06,0
79205.0,79210.0,79207.5,1.191256e-06,5.95628e-06,0
79320.0,79325.0,79322.5,1.180916e-06,5.90458e-06,0
79610.0,79615.0,79612.5,1.188708e-06,5.94354e-06,0
79975.0,79980.0,79977.5,1.194886e-06,5.97443e-06,0
80075.0,80080.0,80077.5,1.188708e-06,5.94354e-06,0
80180.0,80185.0,80182.5,1.196458e-06,5.98229e-06,0
80190.0,80195.0,80192.5,1.180916e-06,5.90458e-06,0
80265.0,80270.0,80267.5,1.188708e-06,5.94354e-06,0
80505.0,80510.0,80507.5,1.180916e-06,5.90458e-06,0
80705.0,80710.0,80707.5,1.176748e-06,5.88374e-06,0
81145.0,81150.0,81147.5,1.191256e-06,5.95628e-06,0
81665.0,81670.0,81667.5,1.176748e-06,5.88374e-06,0
81675.0,81680.0,81677.5,1.196458e-06,5.98229e-06,0
81750.0,81755.0,81752.5,1.191256e-06,5.95628e-06,0
81755.0,81760.0,81757.5,1.189272e-06,5.94636e-06,0
81875.0,81880.0,81877.5,1.196458e-06,5.98229e-06,0
81935.0,81940.0,81937.5,1.188708e-06,5.94354e-06,0
82200.0,82205.0,82202.5,1.188708e-06,5.94354e-06,0
82465.0,82470.0,82467.5,1.199688e-06,5.99844e-06,0
82575.0,82580.0,82577.5,1.199688e-06,5.99844e-06,0
82610.0,82615.0,82612.5,1.180916e-06,5.90458e-06,0
82620.0,82625.0,82622.5,1.180916e-06,5.90458e-06,0
82660.0,82665.0,82662.5,1.188708e-06,5.94354e-06,0
83095.0,83100.0,83097.5,1.184272e-06,5.92136e-06,0
83185.0,83190.0,83187.5,1.1994e-06,5.997e-06,0
83350.0,83355.0,83352.5,1.188708e-06,5.94354e-06,0
83585.0,83590.0,83587.5,1.176748e-06,5.88374e-06,0
84095.0,84100.0,84097.5,1.191256e-06,5.95628e-06,0
84335.0,84340.0,84337.5,1.176748e-06,5.88374e-06,0
84530.0,84535.0,84532.5,1.194886e-06,5.97443e-06,0
84590.0,84595.0,84592.5,1.188708e-06,5.94354e-06,0
84640.0,84645.0,84642.5,1.1994e-06,5.997e-06,0
85830.0,85835.0,85832.5,1.1994e-06,5.997e-06,0
85835.0,85840.0,85837.5,1.194886e-06,5.97443e-06,0
86005.0,86010.0,86007.5,1.199688e-06,5.99844e-06,0
86120.0,86125.0,86122.5,1.176748e-06,5.88374e-06,0
86380.0,86385.0,86382.5,1.188708e-06,5.94354e-06,0
86765.0,86770.0,86767.5,1.1994e-06,5.997e-06,0
86855.0,86860.0,86857.5,1.199688e-06,5.99844e-06,0
86945.0,86950.0,86947.5,1.188708e-06,5.94354e-06,0
87515.0,87520.0,87517.5,2.37742e-06,1.18871e-05,0
87525.0,87530.0,87527.5,1.188708e-06,5.94354e-06,0
87610.0,87615.0,87612.5,1.194886e-06,5.97443e-06,0
87755.0,87760.0,87757.5,1.196458e-06,5.98229e-06,0
87800.0,87805.0,87802.5,1.191256e-06,5.95628e-06,0
87920.0,87925.0,87922.5,1.176748e-06,5.88374e-06,0
87970.0,87975.0,87972.5,1.189272e-06,5.94636e-06,0
88035.0,88040.0,88037.5,1.180916e-06,5.90458e-06,0
88135.0,88140.0,88137.5,1.196458e-06,5.98229e-06,0
88290.0,88295.0,88292.5,1.1994e-06,5.997e-06,0
88635.0,88640.0,88637.5,1.191256e-06,5.95628e-06,0
88900.0,88905.0,88902.5,1.176748e-06,5.88374e-06,0
89015.0,89020.0,89017.5,1.191256e-06,5.95628e-06,0
89135.0,89140.0,89137.5,1.189272e-06,5.94636e-06,0
89290.0,89295.0,89292.5,1.196458e-06,5.98229e-06,0
89610.0,89615.0,89612.5,1.194886e-06,5.97443e-06,0
89890.0,89895.0,89892.5,1.189272e-06,5.94636e-06,0
89990.0,89995.0,89992.5,1.1994e-06,5.997e-06,0
90020.0,90025.0,90022.5,1.184272e-06,5.92136e-06,0
90055.0,90060.0,90057.5,1.184272e-06,5.92136e-06,0
90105.0,90110.0,90107.5,1.191256e-06,5.95628e-06,0
90485.0,90490.0,90487.5,1.176748e-06,5.88374e-06,0
90710.0,90715.0,90712.5,1.196458e-06,5.98229e-06,0
90755.0,90760.0,90757.5,1.176748e-06,5.88374e-06,0
91160.0,91165.0,91162.5,1.180916e-06,5.90458e-06,0
91405.0,91410.0,91407.5,1.188708e-06,5.94354e-06,0
91550.0,91555.0,91552.5,1.1994e-06,5.997e-06,0
91625.0,91630.0,91627.5,1.188708e-06,5.94354e-06,0
91940.0,91945.0,91942.5,1.194886e-06,5.97443e-06,0
92050.0,92055.0,92052.5,1.184272e-06,5.92136e-06,0
92780.0,92785.0,92782.5,1.176748e-06,5.88374e-06,0
92810.0,92815.0,92812.5,1.199688e-06,5.99844e-06,0
92945.0,92950.0,92947.5,1.184272e-06,5.92136e-06,0
92950.0,92955.0,92952.5,1.176748e-06,5.88374e-06,0
93060.0,93065.0,93062.5,1.180916e-06,5.90458e-06,0
93205.0,93210.0,93207.5,1.176748e-06,5.88374e-06,0
93295.0,93300.0,93297.5,1.194886e-06,5.97443e-06,0
93360.0,93365.0,93362.5,1.196458e-06,5.98229e-06,0
93615.0,93620.0,93617.5,1.199688e-06,5.99844e-06,0
93700.0,93705.0,93702.5,1.194886e-06,5.97443e-06,0
93750.0,93755.0,93752.5,1.194886e-06,5.97443e-06,0
93925.0,93930.0,93927.5,1.188708e-06,5.94354e-06,0
93960.0,93965.0,93962.5,1.191256e-06,5.95628e-06,0
94355.0,94360.0,94357.5,1.176748e-06,5.88374e-06,0
94485.0,94490.0,94487.5,1.189272e-06,5.94636e-06,0
94550.0,94555.0,94552.5,1.1994e-06,5.997e-06,0
94645.0,94650.0,94647.5,1.189272e-06,5.94636e-06,0
95185.0,95190.0,95187.5,1.188708e-06,5.94354e-06,0
95260.0,95265.0,95262.5,1.176748e-06,5.88374e-06,0
97080.0,97085.0,97082.5,1.188708e-06,5.94354e-06,0
97290.0,97295.0,97292.5,1.1994e-06,5.997e-06,0
97790.0,97795.0,97792.5,1.199688e-06,5.99844e-06,0
98120.0,98125.0,98122.5,1.180916e-06,5.90458e-06,0
98425.0,98430.0,98427.5,1.176748e-06,5.88374e-06,0
98625.0,98630.0,98627.5,1.194886e-06,5.97443e-06,0
98925.0,98930.0,98927.5,1.188708e-06,5.94354e-06,0
99090.0,99095.0,99092.5,1.188708e-06,5.94354e-06,0
99100.0,99105.0,99102.5,1.199688e-06,5.99844e-06,0
99220.0,99225.0,99222.5,1.176748e-06,5.88374e-06,0
99410.0,99415.0,99412.5,1.191256e-06,5.95628e-06,0
99430.0,99435.0,99432.5,1.189272e-06,5.94636e-06,0
99440.0,99445.0,99442.5,1.196458e-06,5.98229e-06,0
99995.0,100000.0,99997.5,1.188708e-06,5.94354e-06,0
100610.0,100615.0,100612.5,1.176748e-06,5.88374e-06,0
100715.0,100720.0,100717.5,1.176748e-06,5.88374e-06,0
101410.0,101415.0,101412.5,1.188708e-06,5.94354e-06,0
101695.0,101700.0,101697.5,1.180916e-06,5.90458e-06,0
101710.0,101715.0,101712.5,2.380528e-06,1.190264e-05,0
101815.0,101820.0,101817.5,1.176748e-06,5.88374e-06,0
101835.0,101840.0,101837.5,1.194886e-06,5.97443e-06,0
101920.0,101925.0,101922.5,1.196458e-06,5.98229e-06,0
101970.0,101975.0,101972.5,1.194886e-06,5.97443e-06,0
102000.0,102005.0,102002.5,1.188708e-06,5.94354e-06,0
102500.0,102505.0,102502.5,1.176748e-06,5.88374e-06,0
102505.0,102510.0,102507.5,1.189272e-06,5.94636e-06,0
102555.0,102560.0,102557.5,1.184272e-06,5.92136e-06,0
102595.0,102600.0,102597.5,1.196458e-06,5.98229e-06,0
102605.0,102610.0,102607.5,1.191256e-06,5.95628e-06,0
102770.0,102775.0,102772.5,1.180916e-06,5.90458e-06,0
102805.0,102810.0,102807.5,1.188708e-06,5.94354e-06,0
102885.0,102890.0,102887.5,1.194886e-06,5.97443e-06,0
103625.0,103630.0,103627.5,1.180916e-06,5.90458e-06,0
104420.0,104425.0,104422.5,1.196458e-06,5.98229e-06,0
104950.0,104955.0,104952.5,1.188708e-06,5.94354e-06,0
105350.0,105355.0,105352.5,1.191256e-06,5.95628e-06,0
105720.0,105725.0,105722.5,1.176748e-06,5.88374e-06,0
106015.0,106020.0,106017.5,1.188708e-06,5.94354e-06,0
106070.0,106075.0,106072.5,1.191256e-06,5.95628e-06,0
107295.0,107300.0,107297.5,1.1994e-06,5.997e-06,0
107365.0,107370.0,107367.5,1.194886e-06,5.97443e-06,0
107445.0,107450.0,107447.5,1.188708e-06,5.94354e-06,0
108460.0,108465.0,108462.5,1.191256e-06,5.95628e-06,0
108595.0,108600.0,108597.5,1.184272e-06,5.92136e-06,0
109615.0,109620.0,109617.5,1.189272e-06,5.94636e-06,0
110580.0,110585.0,110582.5,1.191256e-06,5.95628e-06,0
110790.0,110795.0,110792.5,1.176748e-06,5.88374e-06,0
111235.0,111240.0,111237.5,1.199688e-06,5.99844e-06,0
111385.0,111390.0,111387.5,1.176748e-06,5.88374e-06,0
111610.0,111615.0,111612.5,1.189272e-06,5.94636e-06,0
111625.0,111630.0,111627.5,1.176748e-06,5.88374e-06,0
111660.0,111665.0,111662.5,1.191256e-06,5.95628e-06,0
111995.0,112000.0,111997.5,1.196458e-06,5.98229e-06,0
112040.0,112045.0,112042.5,1.188708e-06,5.94354e-06,0
112045.0,112050.0,112047.5,1.176748e-06,5.88374e-06,0
112075.0,112080.0,112077.5,1.188708e-06,5.94354e-06,0
112185.0,112190.0,112187.5,1.180916e-06,5.90458e-06,0
112605.0,112610.0,112607.5,1.176748e-06,5.88374e-06,0
112625.0,112630.0,112627.5,1.191256e-06,5.95628e-06,0
112735.0,112740.0,112737.5,1.188708e-06,5.94354e-06,0
112900.0,112905.0,112902.5,1.196458e-06,5.98229e-06,0
114060.0,114065.0,114062.5,1.176748e-06,5.88374e-06,0
114115.0,114120.0,114117.5,1.184272e-06,5.92136e-06,0
114215.0,114220.0,114217.5,1.194886e-06,5.97443e-06,0
114305.0,114310.0,114307.5,1.191256e-06,5.95628e-06,0
114430.0,114435.0,114432.5,1.180916e-06,5.90458e-06,0
114460.0,114465.0,114462.5,1.188708e-06,5.94354e-06,0
114640.0,114645.0,114642.5,1.184272e-06,5.92136e-06,0
114740.0,114745.0,114742.5,1.1994e-06,5.997e-06,0
115835.0,115840.0,115837.5,1.184272e-06,5.92136e-06,0
115900.0,115905.0,115902.5,1.176748e-06,5.88374e-06,0
116330.0,116335.0,116332.5,1.180916e-06,5.90458e-06,0
116960.0,116965.0,116962.5,1.188708e-06,5.94354e-06,0
116965.0,116970.0,116967.5,1.180916e-06,5.90458e-06,0
117375.0,117380.0,117377.5,1.176748e-06,5.88374e-06,0
117380.0,117385.0,117382.5,1.1994e-06,5.997e-06,0
117485.0,117490.0,117487.5,1.191256e-06,5.95628e-06,0
118020.0,118025.0,118022.5,1.176748e-06,5.88374e-06,0
118635.0,118640.0,118637.5,1.180916e-06,5.90458e-06,0
119145.0,119150.0,119147.5,1.176748e-06,5.88374e-06,0
119520.0,119525.0,119522.5,1.199688e-06,5.99844e-06,0
119525.0,119530.0,119527.5,1.189272e-06,5.94636e-06,0
120070.0,120075.0,120072.5,1.188708e-06,5.94354e-06,0
120075.0,120080.0,120077.5,1.180916e-06,5.90458e-06,0
120315.0,120320.0,120317.5,1.194886e-06,5.97443e-06,0
120375.0,120380.0,120377.5,2.372172e-06,1.186086e-05,0
121770.0,121775.0,121772.5,1.194886e-06,5.97443e-06,0
121950.0,121955.0,121952.5,2.394286e-06,1.197143e-05,0
122275.0,122280.0,122277.5,1.180916e-06,5.90458e-06,0
122420.0,122425.0,122422.5,1.184272e-06,5.92136e-06,0
122445.0,122450.0,122447.5,1.184272e-06,5.92136e-06,0
122550.0,122555.0,122552.5,1.196458e-06,5.98229e-06,0
122680.0,122685.0,122682.5,1.188708e-06,5.94354e-06,0
123015.0,123020.0,123017.5,1.188708e-06,5.94354e-06,0
123465.0,123470.0,123467.5,1.176748e-06,5.88374e-06,0
123515.0,123520.0,123517.5,1.189272e-06,5.94636e-06,0
123555.0,123560.0,123557.5,1.180916e-06,5.90458e-06,0
123580.0,123585.0,123582.5,1.188708e-06,5.94354e-06,0
123615.0,123620.0,123617.5,1.194886e-06,5.97443e-06,0
123620.0,123625.0,123622.5,1.199688e-06,5.99844e-06,0
123690.0,123695.0,123692.5,1.176748e-06,5.88374e-06,0
123710.0,123715.0,123712.5,1.199688e-06,5.99844e-06,0
123720.0,123725.0,123722.5,1.184272e-06,5.92136e-06,0
123910.0,123915.0,123912.5,1.176748e-06,5.88374e-06,0
124445.0,124450.0,124447.5,1.1994e-06,5.997e-06,0
124770.0,124775.0,124772.5,1.191256e-06,5.95628e-06,0
125220.0,125225.0,125222.5,1.1994e-06,5.997e-06,0
125390.0,125395.0,125392.5,1.199688e-06,5.99844e-06,0
125465.0,125470.0,125467.5,1.194886e-06,5.97443e-06,0
126185.0,126190.0,126187.5,1.188708e-06,5.94354e-06,0
126350.0,126355.0,126352.5,1.199688e-06,5.99844e-06,0
127045.0,127050.0,127047.5,1.1994e-06,5.997e-06,0
127485.0,127490.0,127487.5,1.189272e-06,5.94636e-06,0
128010.0,128015.0,128012.5,1.199688e-06,5.99844e-06,0
128320.0,128325.0,128322.5,1.188708e-06,5.94354e-06,0
129045.0,129050.0,129047.5,1.194886e-06,5.97443e-06,0
129290.0,129295.0,129292.5,1.188708e-06,5.94354e-06,0
129855.0,129860.0,129857.5,1.196458e-06,5.98229e-06,0
130140.0,130145.0,130142.5,1.180916e-06,5.90458e-06,0
130350.0,130355.0,130352.5,1.180916e-06,5.90458e-06,0
130375.0,130380.0,130377.5,1.191256e-06,5.95628e-06,0
130765.0,130770.0,130767.5,1.194886e-06,5.97443e-06,0
131145.0,131150.0,131147.5,1.1994e-06,5.997e-06,0
131165.0,131170.0,131167.5,1.199688e-06,5.99844e-06,0
131810.0,131815.0,131812.5,1.188708e-06,5.94354e-06,0
132685.0,132690.0,132687.5,1.194886e-06,5.97443e-06,0
132880.0,132885.0,132882.5,1.176748e-06,5.88374e-06,0
133010.0,133015.0,133012.5,1.199688e-06,5.99844e-06,0
133020.0,133025.0,133022.5,1.194886e-06,5.97443e-06,0
133615.0,133620.0,133617.5,1.199688e-06,5.99844e-06,0
133625.0,133630.0,133627.5,1.1994e-06,5.997e-06,0
133690.0,133695.0,133692.5,1.191256e-06,5.95628e-06,0
134115.0,134120.0,134117.5,1.180916e-06,5.90458e-06,0
134900.0,134905.0,134902.5,1.176748e-06,5.88374e-06,0
135200.0,135205.0,135202.5,1.189272e-06,5.94636e-06,0
135750.0,135755.0,135752.5,1.176748e-06,5.88374e-06,0
136025.0,136030.0,136027.5,1.176748e-06,5.88374e-06,0
136220.0,136225.0,136222.5,1.191256e-06,5.95628e-06,0
136350.0,136355.0,136352.5,1.188708e-06,5.94354e-06,0
136385.0,136390.0,136387.5,1.191256e-06,5.95628e-06,0
136450.0,136455.0,136452.5,1.191256e-06,5.95628e-06,0
137415.0,137420.0,137417.5,1.188708e-06,5.94354e-06,0
137665.0,137670.0,137667.5,1.176748e-06,5.88374e-06,0
138280.0,138285.0,138282.5,1.191256e-06,5.95628e-06,0
139300.0,139305.0,139302.5,1.189272e-06,5.94636e-06,0
139435.0,139440.0,139437.5,1.176748e-06,5.88374e-06,0
139470.0,139475.0,139472.5,1.196458e-06,5.98229e-06,0
139945.0,139950.0,139947.5,1.194886e-06,5.97443e-06,0
140865.0,140870.0,140867.5,1.188708e-06,5.94354e-06,0
141580.0,141585.0,141582.5,1.180916e-06,5.90458e-06,0
141650.0,141655.0,141652.5,1.194886e-06,5.97443e-06,0
141800.0,141805.0,141802.5,1.176748e-06,5.88374e-06,0
142115.0,142120.0,142117.5,2.365456e-06,1.182728e-05,0
142160.0,142165.0,142162.5,1.176748e-06,5.88374e-06,0
142520.0,142525.0,142522.5,1.196458e-06,5.98229e-06,0
142640.0,142645.0,142642.5,1.188708e-06,5.94354e-06,0
142730.0,142735.0,142732.5,1.194886e-06,5.97443e-06,0
142855.0,142860.0,142857.5,1.188708e-06,5.94354e-06,0
143045.0,143050.0,143047.5,1.199688e-06,5.99844e-06,0
143140.0,143145.0,143142.5,1.191256e-06,5.95628e-06,0
143145.0,143150.0,143147.5,1.199688e-06,5.99844e-06,0
143370.0,143375.0,143372.5,1.1994e-06,5.997e-06,0
143540.0,143545.0,143542.5,1.194886e-06,5.97443e-06,0
143750.0,143755.0,143752.5,1.189272e-06,5.94636e-06,0
143885.0,143890.0,143887.5,1.180916e-06,5.90458e-06,0
144070.0,144075.0,144072.5,1.194886e-06,5.97443e-06,0
144110.0,144115.0,144112.5,1.191256e-06,5.95628e-06,0
144450.0,144455.0,144452.5,1.189272e-06,5.94636e-06,0
144830.0,144835.0,144832.5,1.188708e-06,5.94354e-06,0
144865.0,144870.0,144867.5,1.176748e-06,5.88374e-06,0
145650.0,145655.0,145652.5,1.176748e-06,5.88374e-06,0
145750.0,145755.0,145752.5,1.180916e-06,5.90458e-06,0
146285.0,146290.0,146287.5,1.191256e-06,5.95628e-06,0
146445.0,146450.0,146447.5,1.199688e-06,5.99844e-06,0
147095.0,147100.0,147097.5,1.184272e-06,5.92136e-06,0
147960.0,147965.0,147962.5,1.199688e-06,5.99844e-06,0
148175.0,148180.0,148177.5,1.188708e-06,5.94354e-06,0
149100.0,149105.0,149102.5,1.194886e-06,5.97443e-06,0
149855.0,149860.0,149857.5,1.189272e-06,5.94636e-06,0
149935.0,149940.0,149937.5,1.196458e-06,5.98229e-06,0
150195.0,150200.0,150197.5,1.191256e-06,5.95628e-06,0
150355.0,150360.0,150357.5,1.1994e-06,5.997e-06,0
150790.0,150795.0,150792.5,1.194886e-06,5.97443e-06,0
150955.0,150960.0,150957.5,1.194886e-06,5.97443e-06,0
150995.0,151000.0,150997.5,1.194886e-06,5.97443e-06,0
151065.0,151070.0,151067.5,1.199688e-06,5.99844e-06,0
151525.0,151530.0,151527.5,1.189272e-06,5.94636e-06,0
151965.0,151970.0,151967.5,1.189272e-06,5.94636e-06,0
152005.0,152010.0,152007.5,1.188708e-06,5.94354e-06,0
152060.0,152065.0,152062.5,1.180916e-06,5.90458e-06,0
152085.0,152090.0,152087.5,1.1994e-06,5.997e-06,0
153015.0,153020.0,153017.5,1.188708e-06,5.94354e-06,0
153160.0,153165.0,153162.5,1.189272e-06,5.94636e-06,0
153755.0,153760.0,153757.5,1.176748e-06,5.88374e-06,0
154030.0,154035.0,154032.5,1.199688e-06,5.99844e-06,0
154075.0,154080.0,154077.5,1.188708e-06,5.94354e-06,0
154285.0,154290.0,154287.5,1.189272e-06,5.94636e-06,0
155910.0,155915.0,155912.5,1.194886e-06,5.97443e-06,0
155940.0,155945.0,155942.5,1.176748e-06,5.88374e-06,0
156095.0,156100.0,156097.5,1.176748e-06,5.88374e-06,0
156415.0,156420.0,156417.5,1.184272e-06,5.92136e-06,0
157300.0,157305.0,157302.5,1.189272e-06,5.94636e-06,0
157455.0,157460.0,157457.5,1.1994e-06,5.997e-06,0
157770.0,157775.0,157772.5,1.1994e-06,5.997e-06,0
158355.0,158360.0,158357.5,1.1994e-06,5.997e-06,0
158515.0,158520.0,158517.5,1.188708e-06,5.94354e-06,0
159775.0,159780.0,159777.5,1.180916e-06,5.90458e-06,0
160220.0,160225.0,160222.5,1.189272e-06,5.94636e-06,0
161815.0,161820.0,161817.5,1.189272e-06,5.94636e-06,0
161900.0,161905.0,161902.5,1.180916e-06,5.90458e-06,0
162255.0,162260.0,162257.5,1.188708e-06,5.94354e-06,0
162375.0,162380.0,162377.5,1.189272e-06,5.94636e-06,0
162420.0,162425.0,162422.5,1.188708e-06,5.94354e-06,0
163375.0,163380.0,163377.5,1.191256e-06,5.95628e-06,0
163730.0,163735.0,163732.5,1.180916e-06,5.90458e-06,0
164125.0,164130.0,164127.5,1.176748e-06,5.88374e-06,0
164400.0,164405.0,164402.5,1.199688e-06,5.99844e-06,0
164560.0,164565.0,164562.5,1.180916e-06,5.90458e-06,0
164855.0,164860.0,164857.5,1.194886e-06,5.97443e-06,0
165445.0,165450.0,165447.5,1.194886e-06,5.97443e-06,0
165485.0,165490.0,165487.5,1.188708e-06,5.94354e-06,0
166135.0,166140.0,166137.5,1.176748e-06,5.88374e-06,0
166730.0,166735.0,166732.5,1.1994e-06,5.997e-06,0
166985.0,166990.0,166987.5,1.176748e-06,5.88374e-06,0
167025.0,167030.0,167027.5,1.180916e-06,5.90458e-06,0
167135.0,167140.0,167137.5,1.194886e-06,5.97443e-06,0
167160.0,167165.0,167162.5,1.196458e-06,5.98229e-06,0
167210.0,167215.0,167212.5,1.188708e-06,5.94354e-06,0
167860.0,167865.0,167862.5,1.180916e-06,5.90458e-06,0
169405.0,169410.0,169407.5,1.188708e-06,5.94354e-06,0
169545.0,169550.0,169547.5,1.1994e-06,5.997e-06,0
169660.0,169665.0,169662.5,1.188708e-06,5.94354e-06,0
169955.0,169960.0,169957.5,1.188708e-06,5.94354e-06,0
170805.0,170810.0,170807.5,1.189272e-06,5.94636e-06,0
170945.0,170950.0,170947.5,1.189272e-06,5.94636e-06,0
171475.0,171480.0,171477.5,1.189272e-06,5.94636e-06,0
171845.0,171850.0,171847.5,1.194886e-06,5.97443e-06,0
172475.0,172480.0,172477.5,1.191256e-06,5.95628e-06,0
172540.0,172545.0,172542.5,1.189272e-06,5.94636e-06,0
172615.0,172620.0,172617.5,1.189272e-06,5.94636e-06,0
172630.0,172635.0,172632.5,1.180916e-06,5.90458e-06,0
172705.0,172710.0,172707.5,1.176748e-06,5.88374e-06,0
174775.0,174780.0,174777.5,1.180916e-06,5.90458e-06,0
174850.0,174855.0,174852.5,1.1994e-06,5.997e-06,0
175250.0,175255.0,175252.5,1.176748e-06,5.88374e-06,0
175350.0,175355.0,175352.5,1.196458e-06,5.98229e-06,0
175920.0,175925.0,175922.5,1.176748e-06,5.88374e-06,0
176465.0,176470.0,176467.5,1.189272e-06,5.94636e-06,0
176750.0,176755.0,176752.5,1.176748e-06,5.88374e-06,0
177365.0,177370.0,177367.5,1.188708e-06,5.94354e-06,0
177430.0,177435.0,177432.5,1.1994e-06,5.997e-06,0
178010.0,178015.0,178012.5,1.199688e-06,5.99844e-06,0
178325.0,178330.0,178327.5,1.176748e-06,5.88374e-06,0
178370.0,178375.0,178372.5,1.188708e-06,5.94354e-06,0
178385.0,178390.0,178387.5,1.189272e-06,5.94636e-06,0
179905.0,179910.0,179907.5,1.191256e-06,5.95628e-06,0
180060.0,180065.0,180062.5,1.191256e-06,5.95628e-06,0
180180.0,180185.0,180182.5,1.196458e-06,5.98229e-06,0
180370.0,180375.0,180372.5,1.196458e-06,5.98229e-06,0
181025.0,181030.0,181027.5,1.176748e-06,5.88374e-06,0
181260.0,181265.0,181262.5,1.189272e-06,5.94636e-06,0
182110.0,182115.0,182112.5,1.191256e-06,5.95628e-06,0
183130.0,183135.0,183132.5,1.188708e-06,5.94354e-06,0
184115.0,184120.0,184117.5,1.188708e-06,5.94354e-06,0
184785.0,184790.0,184787.5,1.191256e-06,5.95628e-06,0
184860.0,184865.0,184862.5,1.180916e-06,5.90458e-06,0
184965.0,184970.0,184967.5,2.37298e-06,1.18649e-05,0
185390.0,185395.0,185392.5,1.180916e-06,5.90458e-06,0
185575.0,185580.0,185577.5,1.196458e-06,5.98229e-06,0
187300.0,187305.0,187302.5,1.188708e-06,5.94354e-06,0
187495.0,187500.0,187497.5,1.176748e-06,5.88374e-06,0
188320.0,188325.0,188322.5,1.191256e-06,5.95628e-06,0
189225.0,189230.0,189227.5,1.180916e-06,5.90458e-06,0
189550.0,189555.0,189552.5,1.194886e-06,5.97443e-06,0
189665.0,189670.0,189667.5,1.176748e-06,5.88374e-06,0
189730.0,189735.0,189732.5,1.180916e-06,5.90458e-06,0
190065.0,190070.0,190067.5,1.199688e-06,5.99844e-06,0
190360.0,190365.0,190362.5,1.188708e-06,5.94354e-06,0
190545.0,190550.0,190547.5,1.176748e-06,5.88374e-06,0
190880.0,190885.0,190882.5,1.191256e-06,5.95628e-06,0
191265.0,191270.0,191267.5,1.176748e-06,5.88374e-06,0
191700.0,191705.0,191702.5,1.188708e-06,5.94354e-06,0
192265.0,192270.0,192267.5,1.199688e-06,5.99844e-06,0
192285.0,192290.0,192287.5,1.184272e-06,5.92136e-06,0
192610.0,192615.0,192612.5,1.176748e-06,5.88374e-06,0
192690.0,192695.0,192692.5,1.191256e-06,5.95628e-06,0
193285.0,193290.0,193287.5,1.189272e-06,5.94636e-06,0
193710.0,193715.0,193712.5,1.191256e-06,5.95628e-06,0
195530.0,195535.0,195532.5,1.176748e-06,5.88374e-06,0
195855.0,195860.0,195857.5,1.188708e-06,5.94354e-06,0
196930.0,196935.0,196932.5,1.176748e-06,5.88374e-06,0
197685.0,197690.0,197687.5,1.199688e-06,5.99844e-06,0
197940.0,197945.0,197942.5,1.199688e-06,5.99844e-06,0
198225.0,198230.0,198227.5,1.196458e-06,5.98229e-06,0
199110.0,199115.0,199112.5,1.199688e-06,5.99844e-06,0
199515.0,199520.0,199517.5,1.199688e-06,5.99844e-06,0
200310.0,200315.0,200312.5,1.180916e-06,5.90458e-06,0
202150.0,202155.0,202152.5,1.184272e-06,5.92136e-06,0
202435.0,202440.0,202437.5,1.188708e-06,5.94354e-06,0
202500.0,202505.0,202502.5,1.191256e-06,5.95628e-06,0
203205.0,203210.0,203207.5,1.189272e-06,5.94636e-06,0
203940.0,203945.0,203942.5,1.188708e-06,5.94354e-06,0
205285.0,205290.0,205287.5,1.196458e-06,5.98229e-06,0
205705.0,205710.0,205707.5,1.184272e-06,5.92136e-06,0
206050.0,206055.0,206052.5,1.199688e-06,5.99844e-06,0
206490.0,206495.0,206492.5,1.176748e-06,5.88374e-06,0
207020.0,207025.0,207022.5,1.194886e-06,5.97443e-06,0
208215.0,208220.0,208217.5,1.180916e-06,5.90458e-06,0
208455.0,208460.0,208457.5,1.199688e-06,5.99844e-06,0
208515.0,208520.0,208517.5,1.196458e-06,5.98229e-06,0
209135.0,209140.0,209137.5,1.188708e-06,5.94354e-06,0
209420.0,209425.0,209422.5,1.191256e-06,5.95628e-06,0
210295.0,210300.0,210297.5,1.184272e-06,5.92136e-06,0
211005.0,211010.0,211007.5,1.1994e-06,5.997e-06,0
212020.0,212025.0,212022.5,1.194886e-06,5.97443e-06,0
213270.0,213275.0,213272.5,1.196458e-06,5.98229e-06,0
213750.0,213755.0,213752.5,1.194886e-06,5.97443e-06,0
214005.0,214010.0,214007.5,1.176748e-06,5.88374e-06,0
214115.0,214120.0,214117.5,1.199688e-06,5.99844e-06,0
215940.0,215945.0,215942.5,1.184272e-06,5.92136e-06,0
216120.0,216125.0,216122.5,1.176748e-06,5.88374e-06,0
216355.0,216360.0,216357.5,1.184272e-06,5.92136e-06,0
218020.0,218025.0,218022.5,1.196458e-06,5.98229e-06,0
218140.0,218145.0,218142.5,1.180916e-06,5.90458e-06,0
218540.0,218545.0,218542.5,1.191256e-06,5.95628e-06,0
218615.0,218620.0,218617.5,1.180916e-06,5.90458e-06,0
219330.0,219335.0,219332.5,1.180916e-06,5.90458e-06,0
220040.0,220045.0,220042.5,1.188708e-06,5.94354e-06,0
220860.0,220865.0,220862.5,1.1994e-06,5.997e-06,0
221000.0,221005.0,221002.5,1.194886e-06,5.97443e-06,0
221120.0,221125.0,221122.5,1.191256e-06,5.95628e-06,0
221750.0,221755.0,221752.5,1.176748e-06,5.88374e-06,0
221920.0,221925.0,221922.5,1.176748e-06,5.88374e-06,0
221970.0,221975.0,221972.5,1.180916e-06,5.90458e-06,0
222125.0,222130.0,222127.5,1.191256e-06,5.95628e-06,0
222685.0,222690.0,222687.5,1.184272e-06,5.92136e-06,0
223100.0,223105.0,223102.5,1.1994e-06,5.997e-06,0
223170.0,223175.0,223172.5,1.196458e-06,5.98229e-06,0
223535.0,223540.0,223537.5,1.184272e-06,5.92136e-06,0
226555.0,226560.0,226557.5,1.176748e-06,5.88374e-06,0
227255.0,227260.0,227257.5,1.180916e-06,5.90458e-06,0
228035.0,228040.0,228037.5,1.188708e-06,5.94354e-06,0
228790.0,228795.0,228792.5,1.199688e-06,5.99844e-06,0
230425.0,230430.0,230427.5,1.189272e-06,5.94636e-06,0
230565.0,230570.0,230567.5,1.184272e-06,5.92136e-06,0
230690.0,230695.0,230692.5,1.194886e-06,5.97443e-06,0
230760.0,230765.0,230762.5,1.180916e-06,5.90458e-06,0
230975.0,230980.0,230977.5,1.1994e-06,5.997e-06,0
231240.0,231245.0,231242.5,1.184272e-06,5.92136e-06,0
231625.0,231630.0,231627.5,1.184272e-06,5.92136e-06,0
233115.0,233120.0,233117.5,1.176748e-06,5.88374e-06,0
233125.0,233130.0,233127.5,1.189272e-06,5.94636e-06,0
233135.0,233140.0,233137.5,1.194886e-06,5.97443e-06,0
233980.0,233985.0,233982.5,1.191256e-06,5.95628e-06,0
234670.0,234675.0,234672.5,1.176748e-06,5.88374e-06,0
235035.0,235040.0,235037.5,1.199688e-06,5.99844e-06,0
235565.0,235570.0,235567.5,1.199688e-06,5.99844e-06,0
235625.0,235630.0,235627.5,1.180916e-06,5.90458e-06,0
236585.0,236590.0,236587.5,1.176748e-06,5.88374e-06,0
237715.0,237720.0,237717.5,1.199688e-06,5.99844e-06,0
238305.0,238310.0,238307.5,1.194886e-06,5.97443e-06,0
239630.0,239635.0,239632.5,1.194886e-06,5.97443e-06,0
239815.0,239820.0,239817.5,1.180916e-06,5.90458e-06,0
240195.0,240200.0,240197.5,1.176748e-06,5.88374e-06,0
241150.0,241155.0,241152.5,1.176748e-06,5.88374e-06,0
243540.0,243545.0,243542.5,1.176748e-06,5.88374e-06,0
244925.0,244930.0,244927.5,1.180916e-06,5.90458e-06,0
245220.0,245225.0,245222.5,1.199688e-06,5.99844e-06,0
245465.0,245470.0,245467.5,1.194886e-06,5.97443e-06,0
245995.0,246000.0,245997.5,1.176748e-06,5.88374e-06,0
247135.0,247140.0,247137.5,1.196458e-06,5.98229e-06,0
247995.0,248000.0,247997.5,1.189272e-06,5.94636e-06,0
249380.0,249385.0,249382.5,1.189272e-06,5.94636e-06,0
249970.0,249975.0,249972.5,1.180916e-06,5.90458e-06,0
251970.0,251975.0,251972.5,1.189272e-06,5.94636e-06,0
252665.0,252670.0,252667.5,1.199688e-06,5.99844e-06,0
254935.0,254940.0,254937.5,1.196458e-06,5.98229e-06,0
255610.0,255615.0,255612.5,1.1994e-06,5.997e-06,0
258285.0,258290.0,258287.5,1.189272e-06,5.94636e-06,0
261915.0,261920.0,261917.5,1.184272e-06,5.92136e-06,0
262750.0,262755.0,262752.5,1.189272e-06,5.94636e-06,0
262755.0,262760.0,262757.5,1.176748e-06,5.88374e-06,0
264225.0,264230.0,264227.5,1.189272e-06,5.94636e-06,0
265450.0,265455.0,265452.5,1.196458e-06,5.98229e-06,0
268400.0,268405.0,268402.5,1.180916e-06,5.90458e-06,0
269525.0,269530.0,269527.5,1.184272e-06,5.92136e-06,0
270585.0,270590.0,270587.5,1.188708e-06,5.94354e-06,0
275645.0,275650.0,275647.5,1.188708e-06,5.94354e-06,0
276235.0,276240.0,276237.5,1.180916e-06,5.90458e-06,0
277905.0,277910.0,277907.5,1.188708e-06,5.94354e-06,0
280250.0,280255.0,280252.5,1.176748e-06,5.88374e-06,0
281540.0,281545.0,281542.5,1.180916e-06,5.90458e-06,0
281930.0,281935.0,281932.5,1.176748e-06,5.88374e-06,0
282960.0,282965.0,282962.5,1.188708e-06,5.94354e-06,0
283230.0,283235.0,283232.5,1.188708e-06,5.94354e-06,0
284430.0,284435.0,284432.5,1.194886e-06,5.97443e-06,0
285355.0,285360.0,285357.5,1.176748e-06,5.88374e-06,0
292825.0,292830.0,292827.5,1.194886e-06,5.97443e-06,0
293090.0,293095.0,293092.5,1.176748e-06,5.88374e-06,0
293270.0,293275.0,293272.5,1.188708e-06,5.94354e-06,0
294500.0,294505.0,294502.5,1.176748e-06,5.88374e-06,0
297405.0,297410.0,297407.5,1.1994e-06,5.997e-06,0
297750.0,297755.0,297752.5,1.189272e-06,5.94636e-06,0
298110.0,298115.0,298112.5,1.188708e-06,5.94354e-06,0
305880.0,305885.0,305882.5,1.194886e-06,5.97443e-06,0
306055.0,306060.0,306057.5,1.188708e-06,5.94354e-06,0
307750.0,307755.0,307752.5,1.188708e-06,5.94354e-06,0
308110.0,308115.0,308112.5,1.176748e-06,5.88374e-06,0
311655.0,311660.0,311657.5,1.188708e-06,5.94354e-06,0
312280.0,312285.0,312282.5,1.176748e-06,5.88374e-06,0
314990.0,314995.0,314992.5,1.194886e-06,5.97443e-06,0
316190.0,316195.0,316192.5,1.191256e-06,5.95628e-06,0
318995.0,319000.0,318997.5,1.188708e-06,5.94354e-06,0
321085.0,321090.0,321087.5,1.188708e-06,5.94354e-06,0
321850.0,321855.0,321852.5,1.180916e-06,5.90458e-06,0
322885.0,322890.0,322887.5,1.180916e-06,5.90458e-06,0
323115.0,323120.0,323117.5,1.191256e-06,5.95628e-06,0
325725.0,325730.0,325727.5,1.188708e-06,5.94354e-06,0
327620.0,327625.0,327622.5,1.1994e-06,5.997e-06,0
327680.0,327685.0,327682.5,1.180916e-06,5.90458e-06,0
328110.0,328115.0,328112.5,1.188708e-06,5.94354e-06,0
328900.0,328905.0,328902.5,1.180916e-06,5.90458e-06,0
338640.0,338645.0,338642.5,1.180916e-06,5.90458e-06,0
339750.0,339755.0,339752.5,1.1994e-06,5.997e-06,0
340200.0,340205.0,340202.5,1.188708e-06,5.94354e-06,0
341710.0,341715.0,341712.5,1.188708e-06,5.94354e-06,0
344305.0,344310.0,344307.5,1.188708e-06,5.94354e-06,0
346605.0,346610.0,346607.5,1.188708e-06,5.94354e-06,0
348375.0,348380.0,348377.5,1.188708e-06,5.94354e-06,0
348840.0,348845.0,348842.5,1.180916e-06,5.90458e-06,0
349755.0,349760.0,349757.5,1.1994e-06,5.997e-06,0
350360.0,350365.0,350362.5,1.196458e-06,5.98229e-06,0
354455.0,354460.0,354457.5,1.188708e-06,5.94354e-06,0
357540.0,357545.0,357542.5,1.180916e-06,5.90458e-06,0
361570.0,361575.0,361572.5,1.196458e-06,5.98229e-06,0
376870.0,376875.0,376872.5,1.196458e-06,5.98229e-06,0
383170.0,383175.0,383172.5,1.188708e-06,5.94354e-06,0
391190.0,391195.0,391192.5,1.188708e-06,5.94354e-06,0
402020.0,402025.0,402022.5,1.176748e-06,5.88374e-06,0
413975.0,413980.0,413977.5,1.180916e-06,5.90458e-06,0
422255.0,422260.0,422257.5,1.180916e-06,5.90458e-06,0
432675.0,432680.0,432677.5,1.180916e-06,5.90458e-06,0
437570.0,437575.0,437572.5,1.188708e-06,5.94354e-06,0
447680.0,447685.0,447682.5,1.188708e-06,5.94354e-06,0
449860.0,449865.0,449862.5,1.191256e-06,5.95628e-06,0
462550.0,462555.0,462552.5,1.188708e-06,5.94354e-06,0
475070.0,475075.0,475072.5,1.188708e-06,5.94354e-06,0
476535.0,476540.0,476537.5,1.1994e-06,5.997e-06,0
477500.0,477505.0,477502.5,1.194886e-06,5.97443e-06,0
482455.0,482460.0,482457.5,1.176748e-06,5.88374e-06,0
486745.0,486750.0,486747.5,1.188708e-06,5.94354e-06,0
