bin_start_us,bin_end_us,bin_mid_us,pdf_per_us,probability,count
210.0,215.0,212.5,0.06320598,0.3160299,0
215.0,220.0,217.5,0.10459952,0.5229976,0
220.0,225.0,222.5,0.021252354,0.10626177,0
235.0,240.0,237.5,0.00409778,0.0204889,0
240.0,245.0,242.5,0.00543112,0.0271556,0
245.0,250.0,247.5,0.000471112,0.00235556,0
250.0,255.0,252.5,6.22222e-05,0.000311111,0
255.0,260.0,257.5,1.777778e-05,8.88889e-05,0
265.0,270.0,267.5,6.22222e-05,0.000311111,0
275.0,280.0,277.5,8.88888e-06,4.44444e-05,0
285.0,290.0,287.5,5.33334e-05,0.000266667,0
290.0,295.0,292.5,8.88494e-06,4.44247e-05,0
295.0,300.0,297.5,2.66666e-05,0.000133333,0
300.0,305.0,302.5,3.55556e-05,0.000177778,0
305.0,310.0,307.5,5.33334e-05,0.000266667,0
310.0,315.0,312.5,5.333328e-05,0.0002666664,0
320.0,325.0,322.5,5.33334e-05,0.000266667,0
330.0,335.0,332.5,3.55556e-05,0.000177778,0
350.0,355.0,352.5,5.33334e-05,0.000266667,0
360.0,365.0,362.5,5.33334e-05,0.000266667,0
370.0,375.0,372.5,4.44444e-05,0.000222222,0
380.0,385.0,382.5,8.88888e-06,4.44444e-05,0
460.0,465.0,462.5,3.55556e-05,0.000177778,0
465.0,470.0,467.5,4.44248e-05,0.000222124,0
470.0,475.0,472.5,4.44444e-05,0.000222222,0
475.0,480.0,477.5,1.776988e-05,8.88494e-05,0
480.0,485.0,482.5,8.88612e-05,0.000444306,0
490.0,495.0,492.5,7.99882e-05,0.000399941,0
