bin_start_us,bin_end_us,bin_mid_us,pdf_per_us,probability,count
350.0,355.0,352.5,0.01142666,0.0571333,0
355.0,360.0,357.5,0.02004888,0.1002444,0
360.0,365.0,362.5,0.003524448,0.01762224,0
575.0,580.0,577.5,0.000408888,0.00204444,0
580.0,585.0,582.5,0.000724444,0.00362222,0
585.0,590.0,587.5,0.000728888,0.00364444,0
590.0,595.0,592.5,0.000764444,0.00382222,0
595.0,600.0,597.5,0.000666666,0.00333333,0
600.0,605.0,602.5,0.000715556,0.00357778,0
605.0,610.0,607.5,0.000577778,0.00288889,0
610.0,615.0,612.5,0.000333334,0.00166667,0
830.0,835.0,832.5,1.777778e-05,8.88889e-05,0
840.0,845.0,842.5,1.333334e-05,6.66667e-05,0
845.0,850.0,847.5,2.22222e-05,0.000111111,0
855.0,860.0,857.5,2.66666e-05,0.000133333,0
