bin_start_us,bin_end_us,bin_mid_us,pdf_per_us,probability,count
350.0,355.0,352.5,0.00425482,0.0212741,0
355.0,360.0,357.5,0.0073926,0.036963,0
360.0,365.0,362.5,0.001623704,0.00811852,0
425.0,430.0,427.5,1.777778e-05,8.88889e-05,0
435.0,440.0,437.5,8.88888e-06,4.44444e-05,0
445.0,450.0,447.5,2.96296e-06,1.48148e-05,0
510.0,515.0,512.5,5.92592e-06,2.96296e-05,0
520.0,525.0,522.5,2.96296e-06,1.48148e-05,0
535.0,540.0,537.5,6.51852e-05,0.000325926,0
540.0,545.0,542.5,0.000462222,0.00231111,0
545.0,550.0,547.5,0.000485926,0.00242963,0
550.0,555.0,552.5,0.00048,0.0024,0
555.0,560.0,557.5,0.000382222,0.00191111,0
560.0,565.0,562.5,0.000485926,0.00242963,0
565.0,570.0,567.5,0.000462222,0.00231111,0
570.0,575.0,572.5,0.000444444,0.00222222,0
575.0,580.0,577.5,2.66666e-05,0.000133333,0
580.0,585.0,582.5,2.96296e-06,1.48148e-05,0
585.0,590.0,587.5,2.37038e-05,0.000118519,0
595.0,600.0,597.5,1.481482e-05,7.40741e-05,0
605.0,610.0,607.5,5.92592e-06,2.96296e-05,0
630.0,635.0,632.5,0.0001037038,0.000518519,0
635.0,640.0,637.5,0.000154074,0.00077037,0
640.0,645.0,642.5,0.0001955556,0.000977778,0
645.0,650.0,647.5,0.000257778,0.00128889,0
650.0,655.0,652.5,0.000391112,0.00195556,0
655.0,660.0,657.5,0.00034963,0.00174815,0
660.0,665.0,662.5,0.000488888,0.00244444,0
665.0,670.0,667.5,0.000331852,0.00165926,0
670.0,675.0,672.5,0.000376296,0.00188148,0
675.0,680.0,677.5,0.000231112,0.00115556,0
680.0,685.0,682.5,0.000213334,0.00106667,0
685.0,690.0,687.5,0.0001037038,0.000518519,0
690.0,695.0,692.5,8.5926e-05,0.00042963,0
790.0,795.0,792.5,5.92592e-06,2.96296e-05,0
800.0,805.0,802.5,2.96296e-06,1.48148e-05,0
810.0,815.0,812.5,2.96296e-06,1.48148e-05,0
890.0,895.0,892.5,5.92592e-06,2.96296e-05,0
900.0,905.0,902.5,5.92592e-06,2.96296e-05,0
960.0,965.0,962.5,2.96296e-06,1.48148e-05,0
1085.0,1090.0,1087.5,2.96296e-06,1.48148e-05,0
1245.0,1250.0,1247.5,8.88888e-06,4.44444e-05,0
1255.0,1260.0,1257.5,5.92592e-06,2.96296e-05,0
1260.0,1265.0,1262.5,1.481482e-05,7.40741e-05,0
1440.0,1445.0,1442.5,2.96296e-06,1.48148e-05,0
1450.0,1455.0,1452.5,2.96296e-06,1.48148e-05,0
