bin_start_us,bin_end_us,bin_mid_us,pdf_per_us,probability,count
350.0,355.0,352.5,0.0155614,0.077807,0
355.0,360.0,357.5,0.04303478,0.2151739,0
360.0,365.0,362.5,0.001243892,0.00621946,0
430.0,435.0,432.5,8.88494e-06,4.44247e-05,0
605.0,610.0,607.5,4.44248e-05,0.000222124,0
615.0,620.0,617.5,1.776988e-05,8.88494e-05,0
620.0,625.0,622.5,6.21946e-05,0.000310973,0
630.0,635.0,632.5,2.66548e-05,0.000133274,0
