bin_start_us,bin_end_us,bin_mid_us,pdf_per_us,probability,count
350.0,355.0,352.5,0.01521334,0.0760667,0
355.0,360.0,357.5,0.02472,0.1236,0
360.0,365.0,362.5,0.004991102,0.02495551,0
505.0,510.0,507.5,2.22222e-05,0.000111111,0
515.0,520.0,517.5,2.22222e-05,0.000111111,0
525.0,530.0,527.5,1.777778e-05,8.88889e-05,0
530.0,535.0,532.5,4.44444e-06,2.22222e-05,0
535.0,540.0,537.5,3.11112e-05,0.000155556,0
540.0,545.0,542.5,0.000533334,0.00266667,0
545.0,550.0,547.5,0.00075111178,0.0037555589,0
550.0,555.0,552.5,0.000626666,0.00313333,0
555.0,560.0,557.5,0.0011333333,0.0056666667,0
560.0,565.0,562.5,0.001208888,0.00604444,0
565.0,570.0,567.5,0.0014577773,0.0072888867,0
570.0,575.0,572.5,0.001368888,0.00684444,0
575.0,580.0,577.5,0.00103111,0.00515555,0
580.0,585.0,582.5,0.00076,0.0038,0
585.0,590.0,587.5,0.000688888,0.00344444,0
590.0,595.0,592.5,0.000404444,0.00202222,0
705.0,710.0,707.5,8.88888e-05,0.000444444,0
710.0,715.0,712.5,0.0001866666,0.000933333,0
715.0,720.0,717.5,0.000337778,0.00168889,0
720.0,725.0,722.5,0.000351112,0.00175556,0
725.0,730.0,727.5,0.000368888,0.00184444,0
730.0,735.0,732.5,0.000537778,0.00268889,0
735.0,740.0,737.5,0.000768888,0.00384444,0
740.0,745.0,742.5,0.000617778,0.00308889,0
745.0,750.0,747.5,0.000444444,0.00222222,0
750.0,755.0,752.5,0.000426666,0.00213333,0
755.0,760.0,757.5,0.000324444,0.00162222,0
760.0,765.0,762.5,0.000275556,0.00137778,0
765.0,770.0,767.5,0.0001822222,0.000911111,0
770.0,775.0,772.5,8.88888e-06,4.44444e-05,0
795.0,800.0,797.5,8.88888e-06,4.44444e-05,0
805.0,810.0,807.5,4.44444e-06,2.22222e-05,0
970.0,975.0,972.5,8.88888e-06,4.44444e-05,0
975.0,980.0,977.5,4.44444e-06,2.22222e-05,0
1250.0,1255.0,1252.5,8.88888e-06,4.44444e-05,0
1255.0,1260.0,1257.5,1.333334e-05,6.66667e-05,0
1265.0,1270.0,1267.5,2.66666e-05,0.000133333,0
1295.0,1300.0,1297.5,8.88888e-06,4.44444e-05,0
1310.0,1315.0,1312.5,4.44444e-06,2.22222e-05,0
1320.0,1325.0,1322.5,4.44444e-06,2.22222e-05,0
