bin_start_us,bin_end_us,bin_mid_us,pdf_per_us,probability,count
350.0,355.0,352.5,0.02928888,0.1464444,0
355.0,360.0,357.5,0.04756444,0.2378222,0
360.0,365.0,362.5,0.002684444,0.01342222,0
390.0,395.0,392.5,4.44444e-05,0.000222222,0
395.0,400.0,397.5,2.66666e-05,0.000133333,0
405.0,410.0,407.5,4.44444e-05,0.000222222,0
415.0,420.0,417.5,3.55556e-05,0.000177778,0
425.0,430.0,427.5,5.33334e-05,0.000266667,0
435.0,440.0,437.5,2.66666e-05,0.000133333,0
440.0,445.0,442.5,3.55556e-05,0.000177778,0
445.0,450.0,447.5,5.33334e-05,0.000266667,0
450.0,455.0,452.5,5.333328e-05,0.0002666664,0
460.0,465.0,462.5,5.33334e-05,0.000266667,0
470.0,475.0,472.5,3.55556e-05,0.000177778,0
