bin_start_us,bin_end_us,bin_mid_us,pdf_per_us,probability,count
350.0,355.0,352.5,0.061169,0.305845,0
355.0,360.0,357.5,0.09535264,0.4767632,0
360.0,365.0,362.5,0.023162768,0.11581384,0
535.0,540.0,537.5,3.555556e-05,0.0001777778,0
540.0,545.0,542.5,0.001012884,0.00506442,0
545.0,550.0,547.5,0.0014215978,0.0071079888,0
550.0,555.0,552.5,0.00133274,0.0066637,0
555.0,560.0,557.5,0.0016881768,0.008440884,0
560.0,565.0,562.5,0.001119504,0.00559752,0
565.0,570.0,567.5,0.00174152,0.0087076,0
570.0,575.0,572.5,0.001137272,0.00568636,0
575.0,580.0,577.5,0.0012085272,0.006042636,0
580.0,585.0,582.5,0.002168888,0.01084444,0
585.0,590.0,587.5,0.001173332,0.00586666,0
590.0,595.0,592.5,0.001831112,0.00915556,0
595.0,600.0,597.5,0.001084444,0.00542222,0
600.0,605.0,602.5,0.001262224,0.00631112,0
605.0,610.0,607.5,0.001511112,0.00755556,0
610.0,615.0,612.5,0.000586668,0.00293334,0
