bin_start_us,bin_end_us,bin_mid_us,pdf_per_us,probability,count
350.0,355.0,352.5,0.052874,0.26437,0
355.0,360.0,357.5,0.09234048,0.4617024,0
360.0,365.0,362.5,0.02115602,0.1057801,0
410.0,415.0,412.5,0.00042692,0.0021346,0
415.0,420.0,417.5,0.00083012,0.0041506,0
420.0,425.0,422.5,0.000948712,0.00474356,0
425.0,430.0,427.5,0.000675956,0.00337978,0
430.0,435.0,432.5,0.0012096034,0.0060480168,0
435.0,440.0,437.5,0.000687816,0.00343908,0
440.0,445.0,442.5,0.001885252,0.00942626,0
445.0,450.0,447.5,0.001529204,0.00764602,0
450.0,455.0,452.5,0.00069926,0.0034963,0
455.0,460.0,457.5,0.000912592,0.00456296,0
460.0,465.0,462.5,0.000948148,0.00474074,0
465.0,470.0,467.5,0.000948148,0.00474074,0
470.0,475.0,472.5,0.001090372,0.00545186,0
475.0,480.0,477.5,0.000557036,0.00278518,0
520.0,525.0,522.5,0.0001066036,0.000533018,0
535.0,540.0,537.5,0.000651852,0.00325926,0
540.0,545.0,542.5,0.0009718232,0.004859116,0
545.0,550.0,547.5,0.000853332,0.00426666,0
550.0,555.0,552.5,0.0011258992,0.005629496,0
555.0,560.0,557.5,0.00069926,0.0034963,0
560.0,565.0,562.5,0.001066668,0.00533334,0
565.0,570.0,567.5,0.000663704,0.00331852,0
570.0,575.0,572.5,0.000722964,0.00361482,0
575.0,580.0,577.5,0.000912864,0.00456432,0
580.0,585.0,582.5,0.00086544,0.0043272,0
585.0,590.0,587.5,0.000995852,0.00497926,0
590.0,595.0,592.5,0.000806164,0.00403082,0
595.0,600.0,597.5,0.001031416,0.00515708,0
600.0,605.0,602.5,0.000889152,0.00444576,0
605.0,610.0,607.5,0.000889152,0.00444576,0
610.0,615.0,612.5,0.0001541196,0.000770598,0
650.0,655.0,652.5,0.0002133332,0.001066666,0
655.0,660.0,657.5,0.000794076,0.00397038,0
660.0,665.0,662.5,0.000888888,0.00444444,0
665.0,670.0,667.5,0.000924444,0.00462222,0
670.0,675.0,672.5,0.000746668,0.00373334,0
675.0,680.0,677.5,0.00133926,0.0066963,0
680.0,685.0,682.5,0.000604444,0.00302222,0
685.0,690.0,687.5,0.00116148,0.0058074,0
815.0,820.0,817.5,1.185536e-05,5.92768e-05,0
830.0,835.0,832.5,1.185536e-05,5.92768e-05,0
840.0,845.0,842.5,1.185536e-05,5.92768e-05,0
860.0,865.0,862.5,2.371072e-05,0.0001185536,0
875.0,880.0,877.5,2.371072e-05,0.0001185536,0
1045.0,1050.0,1047.5,3.556608e-05,0.0001778304,0
1055.0,1060.0,1057.5,4.74216e-05,0.000237108,0
1065.0,1070.0,1067.5,3.556608e-05,0.0001778304,0
