bin_start_us,bin_end_us,bin_mid_us,pdf_per_us,probability,count
350.0,355.0,352.5,0.0580444,0.290222,0
355.0,360.0,357.5,0.09938452,0.4969226,0
360.0,365.0,362.5,0.020722124,0.10361062,0
380.0,385.0,382.5,0.000604444,0.00302222,0
435.0,440.0,437.5,0.0002488888,0.001244444,0
445.0,450.0,447.5,3.555556e-05,0.0001777778,0
455.0,460.0,457.5,0.0001777776,0.000888888,0
460.0,465.0,462.5,0.0001422224,0.000711112,0
515.0,520.0,517.5,0.002024868,0.01012434,0
520.0,525.0,522.5,0.00248668,0.0124334,0
525.0,530.0,527.5,0.002806396,0.01403198,0
530.0,535.0,532.5,0.003339252,0.01669626,0
535.0,540.0,537.5,0.002344584,0.01172292,0
540.0,545.0,542.5,0.00248668,0.0124334,0
545.0,550.0,547.5,0.002948492,0.01474246,0
550.0,555.0,552.5,0.001563056,0.00781528,0
595.0,600.0,597.5,0.0002133332,0.001066666,0
600.0,605.0,602.5,0.0001777776,0.000888888,0
610.0,615.0,612.5,3.555556e-05,0.0001777778,0
620.0,625.0,622.5,0.0002133332,0.001066666,0
