bin_start_us,bin_end_us,bin_mid_us,pdf_per_us,probability,count
210.0,215.0,212.5,3.72336e-05,0.000186168,0
215.0,220.0,217.5,4.242216e-05,0.0002121108,0
220.0,225.0,222.5,4.974734e-05,0.0002487367,0
225.0,230.0,227.5,8.76391e-05,0.0004381955,0
230.0,235.0,232.5,5.494456e-05,0.0002747228,0
235.0,240.0,237.5,6.569124e-05,0.0003284562,0
240.0,245.0,242.5,5.918598e-05,0.0002959299,0
245.0,250.0,247.5,3.041778e-05,0.0001520889,0
250.0,255.0,252.5,7.46955e-05,0.0003734775,0
255.0,260.0,257.5,6.984666e-05,0.0003492333,0
260.0,265.0,262.5,6.069536e-05,0.0003034768,0
265.0,270.0,267.5,5.52936e-05,0.000276468,0
270.0,275.0,272.5,2.500548e-05,0.0001250274,0
275.0,280.0,277.5,4.430146e-05,0.0002215073,0
280.0,285.0,282.5,3.032974e-05,0.0001516487,0
285.0,290.0,287.5,7.799316e-05,0.0003899658,0
290.0,295.0,292.5,5.446092e-05,0.0002723046,0
295.0,300.0,297.5,5.755172e-05,0.0002877586,0
300.0,305.0,302.5,4.122682e-05,0.0002061341,0
305.0,310.0,307.5,6.0718e-05,0.00030359,0
310.0,315.0,312.5,7.317012e-05,0.0003658506,0
315.0,320.0,317.5,8.284916e-05,0.0004142458,0
320.0,325.0,322.5,6.04102e-05,0.000302051,0
325.0,330.0,327.5,7.861876e-05,0.0003930938,0
330.0,335.0,332.5,6.59229e-05,0.0003296145,0
335.0,340.0,337.5,7.73484e-05,0.000386742,0
340.0,345.0,342.5,0.00066303972,0.0033151986,0
345.0,350.0,347.5,0.0007539492,0.003769746,0
350.0,355.0,352.5,0.00049900258,0.0024950129,0
355.0,360.0,357.5,0.000535192,0.00267596,0
360.0,365.0,362.5,0.0004990478,0.002495239,0
365.0,370.0,367.5,0.0006089708,0.003044854,0
370.0,375.0,372.5,0.00046303498,0.0023151749,0
375.0,380.0,377.5,0.00025116568,0.0012558284,0
380.0,385.0,382.5,0.0003128944,0.001564472,0
385.0,390.0,387.5,0.00016708372,0.0008354186,0
390.0,395.0,392.5,0.00019546766,0.0009773383,0
395.0,400.0,397.5,0.00027575838,0.0013787919,0
400.0,405.0,402.5,0.00019436698,0.0009718349,0
405.0,410.0,407.5,0.0002012225,0.0010061125,0
410.0,415.0,412.5,0.00024823168,0.0012411584,0
415.0,420.0,417.5,0.00022637024,0.0011318512,0
420.0,425.0,422.5,0.00020983274,0.0010491637,0
425.0,430.0,427.5,0.00023070436,0.0011535218,0
430.0,435.0,432.5,0.00020898612,0.0010449306,0
435.0,440.0,437.5,0.00029421192,0.0014710596,0
440.0,445.0,442.5,0.0001756962,0.000878481,0
445.0,450.0,447.5,0.00021032224,0.0010516112,0
450.0,455.0,452.5,0.00017784442,0.0008892221,0
455.0,460.0,457.5,0.0001570148,0.000785074,0
460.0,465.0,462.5,0.00017463834,0.0008731917,0
465.0,470.0,467.5,0.00019724642,0.0009862321,0
470.0,475.0,472.5,0.013450896,0.06725448,0
475.0,480.0,477.5,0.00020022402,0.0010011201,0
480.0,485.0,482.5,0.0002210851,0.0011054255,0
485.0,490.0,487.5,0.00026046942,0.0013023471,0
490.0,495.0,492.5,0.00020404048,0.0010202024,0
495.0,500.0,497.5,0.00017795504,0.0008897752,0
500.0,505.0,502.5,0.00025237116,0.0012618558,0
505.0,510.0,507.5,0.00021147756,0.0010573878,0
510.0,515.0,512.5,0.00022443892,0.0011221946,0
515.0,520.0,517.5,0.00023606972,0.0011803486,0
520.0,525.0,522.5,0.00024990056,0.0012495028,0
525.0,530.0,527.5,0.00019596918,0.0009798459,0
530.0,535.0,532.5,0.00020022018,0.0010011009,0
535.0,540.0,537.5,0.00019817968,0.0009908984,0
540.0,545.0,542.5,0.00026421612,0.0013210806,0
545.0,550.0,547.5,0.00021614096,0.0010807048,0
550.0,555.0,552.5,0.00022329814,0.0011164907,0
555.0,560.0,557.5,0.00017952466,0.0008976233,0
560.0,565.0,562.5,0.00020369136,0.0010184568,0
565.0,570.0,567.5,0.00018063614,0.0009031807,0
570.0,575.0,572.5,0.00018442298,0.0009221149,0
575.0,580.0,577.5,0.00019388192,0.0009694096,0
580.0,585.0,582.5,0.00018320522,0.0009160261,0
585.0,590.0,587.5,0.00017813898,0.0008906949,0
590.0,595.0,592.5,0.00014993692,0.0007496846,0
595.0,600.0,597.5,0.00022584822,0.0011292411,0
600.0,605.0,602.5,0.001270187,0.006350935,0
605.0,610.0,607.5,0.0001949528,0.000974764,0
610.0,615.0,612.5,0.0005466774,0.002733387,0
615.0,620.0,617.5,0.00022578958,0.0011289479,0
620.0,625.0,622.5,0.00029362536,0.0014681268,0
625.0,630.0,627.5,0.00023941084,0.0011970542,0
630.0,635.0,632.5,0.00021580102,0.0010790051,0
635.0,640.0,637.5,0.00022342506,0.0011171253,0
640.0,645.0,642.5,0.00019901324,0.0009950662,0
645.0,650.0,647.5,0.00019484874,0.0009742437,0
650.0,655.0,652.5,0.00020955908,0.0010477954,0
655.0,660.0,657.5,0.00025485098,0.0012742549,0
660.0,665.0,662.5,0.00019835402,0.0009917701,0
665.0,670.0,667.5,0.00027361738,0.0013680869,0
670.0,675.0,672.5,0.00023998338,0.0011999169,0
675.0,680.0,677.5,0.00025728272,0.0012864136,0
680.0,685.0,682.5,0.00021328144,0.0010664072,0
685.0,690.0,687.5,0.00025526806,0.0012763403,0
690.0,695.0,692.5,0.00021526638,0.0010763319,0
695.0,700.0,697.5,0.00022113108,0.0011056554,0
700.0,705.0,702.5,0.0002375014,0.001187507,0
705.0,710.0,707.5,0.00021013272,0.0010506636,0
710.0,715.0,712.5,0.00025356758,0.0012678379,0
715.0,720.0,717.5,0.00017939864,0.0008969932,0
720.0,725.0,722.5,0.00022082792,0.0011041396,0
725.0,730.0,727.5,0.0002078722,0.001039361,0
730.0,735.0,732.5,0.00019386702,0.0009693351,0
735.0,740.0,737.5,0.00017225034,0.0008612517,0
740.0,745.0,742.5,0.003000421,0.015002105,0
745.0,750.0,747.5,0.00018948906,0.0009474453,0
750.0,755.0,752.5,0.00022736312,0.0011368156,0
755.0,760.0,757.5,0.00015265776,0.0007632888,0
760.0,765.0,762.5,0.00017627356,0.0008813678,0
765.0,770.0,767.5,0.0002081783,0.0010408915,0
770.0,775.0,772.5,0.00020175326,0.0010087663,0
775.0,780.0,777.5,0.0002526193,0.0012630965,0
780.0,785.0,782.5,0.00023045776,0.0011522888,0
785.0,790.0,787.5,0.00022221766,0.0011110883,0
790.0,795.0,792.5,0.00014040528,0.0007020264,0
795.0,800.0,797.5,0.00019585628,0.0009792814,0
800.0,805.0,802.5,0.0001661664,0.000830832,0
805.0,810.0,807.5,0.0001833238,0.000916619,0
810.0,815.0,812.5,0.00014972432,0.0007486216,0
815.0,820.0,817.5,0.0001627828,0.000813914,0
820.0,825.0,822.5,0.00020890086,0.0010445043,0
825.0,830.0,827.5,0.00023993102,0.0011996551,0
830.0,835.0,832.5,0.00013888348,0.0006944174,0
835.0,840.0,837.5,0.00021594836,0.0010797418,0
840.0,845.0,842.5,0.00021031942,0.0010515971,0
845.0,850.0,847.5,0.00022258892,0.0011129446,0
850.0,855.0,852.5,0.00019274822,0.0009637411,0
855.0,860.0,857.5,0.00021784372,0.0010892186,0
860.0,865.0,862.5,0.0001939623,0.0009698115,0
865.0,870.0,867.5,0.0001409743,0.0007048715,0
870.0,875.0,872.5,0.0004216582,0.002108291,0
875.0,880.0,877.5,0.00018751666,0.0009375833,0
880.0,885.0,882.5,0.00023283168,0.0011641584,0
885.0,890.0,887.5,0.00016574838,0.0008287419,0
890.0,895.0,892.5,0.00020992,0.0010496,0
895.0,900.0,897.5,0.00016579734,0.0008289867,0
900.0,905.0,902.5,0.0001264559,0.0006322795,0
905.0,910.0,907.5,0.00016394678,0.0008197339,0
910.0,915.0,912.5,0.00038431814,0.0019215907,0
915.0,920.0,917.5,0.00014885902,0.0007442951,0
920.0,925.0,922.5,0.00022078578,0.0011039289,0
925.0,930.0,927.5,0.00017005194,0.0008502597,0
930.0,935.0,932.5,0.00017441228,0.0008720614,0
935.0,940.0,937.5,0.00015016272,0.0007508136,0
940.0,945.0,942.5,0.00015315078,0.0007657539,0
945.0,950.0,947.5,0.00017305974,0.0008652987,0
950.0,955.0,952.5,0.00018642208,0.0009321104,0
955.0,960.0,957.5,0.00016318626,0.0008159313,0
960.0,965.0,962.5,0.00014761316,0.0007380658,0
965.0,970.0,967.5,0.00013046902,0.0006523451,0
970.0,975.0,972.5,0.00012776542,0.0006388271,0
975.0,980.0,977.5,0.00013498538,0.0006749269,0
980.0,985.0,982.5,0.0001651227,0.0008256135,0
985.0,990.0,987.5,0.00013646602,0.0006823301,0
990.0,995.0,992.5,0.00014003516,0.0007001758,0
995.0,1000.0,997.5,0.0001166239,0.0005831195,0
1000.0,1005.0,1002.5,0.00032611204,0.0016305602,0
1005.0,1010.0,1007.5,0.0003356224,0.001678112,0
1010.0,1015.0,1012.5,0.00022582842,0.0011291421,0
1015.0,1020.0,1017.5,0.00029822,0.0014911,0
1020.0,1025.0,1022.5,0.00024139234,0.0012069617,0
1025.0,1030.0,1027.5,0.00030937126,0.0015468563,0
1030.0,1035.0,1032.5,0.0001886456,0.000943228,0
1035.0,1040.0,1037.5,0.00031472154,0.0015736077,0
1040.0,1045.0,1042.5,0.00011494232,0.0005747116,0
1045.0,1050.0,1047.5,0.0004001805,0.0020009025,0
1050.0,1055.0,1052.5,0.00021312802,0.0010656401,0
1055.0,1060.0,1057.5,0.00016888428,0.0008444214,0
1060.0,1065.0,1062.5,0.00017244678,0.0008622339,0
1065.0,1070.0,1067.5,0.00013551538,0.0006775769,0
1070.0,1075.0,1072.5,0.00013006076,0.0006503038,0
1075.0,1080.0,1077.5,0.00012966362,0.0006483181,0
1080.0,1085.0,1082.5,0.00014761846,0.0007380923,0
1085.0,1090.0,1087.5,0.0001507734,0.000753867,0
1090.0,1095.0,1092.5,0.00011260274,0.0005630137,0
1095.0,1100.0,1097.5,0.0001507392,0.000753696,0
1100.0,1105.0,1102.5,0.00016469772,0.0008234886,0
1105.0,1110.0,1107.5,0.00015985824,0.0007992912,0
1110.0,1115.0,1112.5,0.00013535304,0.0006767652,0
1115.0,1120.0,1117.5,0.00021431482,0.0010715741,0
1120.0,1125.0,1122.5,0.00015492484,0.0007746242,0
1125.0,1130.0,1127.5,0.0002566159,0.0012830795,0
1130.0,1135.0,1132.5,0.00016363866,0.0008181933,0
1135.0,1140.0,1137.5,0.00016533452,0.0008266726,0
1140.0,1145.0,1142.5,0.000272817,0.001364085,0
1145.0,1150.0,1147.5,0.00014446192,0.0007223096,0
1150.0,1155.0,1152.5,0.00026595548,0.0013297774,0
1155.0,1160.0,1157.5,0.00015247242,0.0007623621,0
1160.0,1165.0,1162.5,0.00024972742,0.0012486371,0
1165.0,1170.0,1167.5,0.00013604078,0.0006802039,0
1170.0,1175.0,1172.5,0.00016170118,0.0008085059,0
1175.0,1180.0,1177.5,0.00020061822,0.0010030911,0
1180.0,1185.0,1182.5,0.00019011106,0.0009505553,0
1185.0,1190.0,1187.5,0.00013119362,0.0006559681,0
1190.0,1195.0,1192.5,0.00014605726,0.0007302863,0
1195.0,1200.0,1197.5,0.00012900974,0.0006450487,0
1200.0,1205.0,1202.5,0.0001327366,0.000663683,0
1205.0,1210.0,1207.5,0.00013138362,0.0006569181,0
1210.0,1215.0,1212.5,0.00018238244,0.0009119122,0
1215.0,1220.0,1217.5,0.00011370264,0.0005685132,0
1220.0,1225.0,1222.5,0.00016474696,0.0008237348,0
1225.0,1230.0,1227.5,0.00014633792,0.0007316896,0
1230.0,1235.0,1232.5,0.00013611046,0.0006805523,0
1235.0,1240.0,1237.5,9.971036e-05,0.0004985518,0
1240.0,1245.0,1242.5,0.00016944762,0.0008472381,0
1245.0,1250.0,1247.5,0.00016857258,0.0008428629,0
1250.0,1255.0,1252.5,0.00012917392,0.0006458696,0
1255.0,1260.0,1257.5,0.00011480046,0.0005740023,0
1260.0,1265.0,1262.5,0.000152439,0.000762195,0
1265.0,1270.0,1267.5,0.00018422432,0.0009211216,0
1270.0,1275.0,1272.5,0.00015028196,0.0007514098,0
1275.0,1280.0,1277.5,0.00019134018,0.0009567009,0
1280.0,1285.0,1282.5,0.00017460866,0.0008730433,0
1285.0,1290.0,1287.5,0.0001690659,0.0008453295,0
1290.0,1295.0,1292.5,0.000176013,0.000880065,0
1295.0,1300.0,1297.5,0.00022328548,0.0011164274,0
1300.0,1305.0,1302.5,0.00014942022,0.0007471011,0
1305.0,1310.0,1307.5,0.00014412898,0.0007206449,0
1310.0,1315.0,1312.5,0.00017601682,0.0008800841,0
1315.0,1320.0,1317.5,0.00010526936,0.0005263468,0
1320.0,1325.0,1322.5,0.00022698902,0.0011349451,0
1325.0,1330.0,1327.5,0.00012707352,0.0006353676,0
1330.0,1335.0,1332.5,0.0001509716,0.000754858,0
1335.0,1340.0,1337.5,0.00012365406,0.0006182703,0
1340.0,1345.0,1342.5,0.00015152284,0.0007576142,0
1345.0,1350.0,1347.5,0.00011301226,0.0005650613,0
1350.0,1355.0,1352.5,0.00012074814,0.0006037407,0
1355.0,1360.0,1357.5,0.00010857654,0.0005428827,0
1360.0,1365.0,1362.5,0.00010976654,0.0005488327,0
1365.0,1370.0,1367.5,0.00014789528,0.0007394764,0
1370.0,1375.0,1372.5,0.00013769274,0.0006884637,0
1375.0,1380.0,1377.5,0.00020124198,0.0010062099,0
1380.0,1385.0,1382.5,0.00018994516,0.0009497258,0
1385.0,1390.0,1387.5,0.00013618056,0.0006809028,0
1390.0,1395.0,1392.5,0.0001473494,0.000736747,0
1395.0,1400.0,1397.5,0.000106596,0.00053298,0
1400.0,1405.0,1402.5,0.0001434386,0.000717193,0
1405.0,1410.0,1407.5,0.00015121788,0.0007560894,0
1410.0,1415.0,1412.5,0.00017196818,0.0008598409,0
1415.0,1420.0,1417.5,0.00010258806,0.0005129403,0
1420.0,1425.0,1422.5,0.00013297984,0.0006648992,0
1425.0,1430.0,1427.5,0.00011835114,0.0005917557,0
1430.0,1435.0,1432.5,0.00012904694,0.0006452347,0
1435.0,1440.0,1437.5,8.89037e-05,0.0004445185,0
1440.0,1445.0,1442.5,0.0001378813,0.0006894065,0
1445.0,1450.0,1447.5,0.00010399542,0.0005199771,0
1450.0,1455.0,1452.5,0.00017065756,0.0008532878,0
1455.0,1460.0,1457.5,0.0001081642,0.000540821,0
1460.0,1465.0,1462.5,0.00011082646,0.0005541323,0
1465.0,1470.0,1467.5,0.0001565111,0.0007825555,0
1470.0,1475.0,1472.5,0.0001279324,0.000639662,0
1475.0,1480.0,1477.5,0.00014314236,0.0007157118,0
1480.0,1485.0,1482.5,0.000119713,0.000598565,0
1485.0,1490.0,1487.5,0.00017253998,0.0008626999,0
1490.0,1495.0,1492.5,0.00013089644,0.0006544822,0
1495.0,1500.0,1497.5,0.00011084038,0.0005542019,0
1500.0,1505.0,1502.5,0.00014280956,0.0007140478,0
1505.0,1510.0,1507.5,9.973422e-05,0.0004986711,0
1510.0,1515.0,1512.5,0.00011757136,0.0005878568,0
1515.0,1520.0,1517.5,0.00013671858,0.0006835929,0
1520.0,1525.0,1522.5,0.0001379627,0.0006898135,0
1525.0,1530.0,1527.5,9.996472e-05,0.0004998236,0
1530.0,1535.0,1532.5,0.00011629488,0.0005814744,0
1535.0,1540.0,1537.5,0.00018202398,0.0009101199,0
1540.0,1545.0,1542.5,0.00010117994,0.0005058997,0
1545.0,1550.0,1547.5,0.00018308184,0.0009154092,0
1550.0,1555.0,1552.5,0.00012114312,0.0006057156,0
1555.0,1560.0,1557.5,0.00016106366,0.0008053183,0
1560.0,1565.0,1562.5,0.0001389581,0.0006947905,0
1565.0,1570.0,1567.5,0.00014434828,0.0007217414,0
1570.0,1575.0,1572.5,0.00014757582,0.0007378791,0
1575.0,1580.0,1577.5,0.00013464366,0.0006732183,0
1580.0,1585.0,1582.5,0.0002112542,0.001056271,0
1585.0,1590.0,1587.5,0.00012861252,0.0006430626,0
1590.0,1595.0,1592.5,0.00013052262,0.0006526131,0
1595.0,1600.0,1597.5,0.00011419178,0.0005709589,0
1600.0,1605.0,1602.5,0.00019266372,0.0009633186,0
1605.0,1610.0,1607.5,7.949952e-05,0.0003974976,0
1610.0,1615.0,1612.5,0.00016688576,0.0008344288,0
1615.0,1620.0,1617.5,0.00015170666,0.0007585333,0
1620.0,1625.0,1622.5,0.00013882902,0.0006941451,0
1625.0,1630.0,1627.5,0.00016674436,0.0008337218,0
1630.0,1635.0,1632.5,0.00013595818,0.0006797909,0
1635.0,1640.0,1637.5,0.00015442388,0.0007721194,0
1640.0,1645.0,1642.5,0.00010624672,0.0005312336,0
1645.0,1650.0,1647.5,0.0001552603,0.0007763015,0
1650.0,1655.0,1652.5,0.0001408616,0.000704308,0
1655.0,1660.0,1657.5,0.00011906784,0.0005953392,0
1660.0,1665.0,1662.5,0.00020557014,0.0010278507,0
1665.0,1670.0,1667.5,0.00012717686,0.0006358843,0
1670.0,1675.0,1672.5,0.0001261419,0.0006307095,0
1675.0,1680.0,1677.5,0.00015485444,0.0007742722,0
1680.0,1685.0,1682.5,0.00017221212,0.0008610606,0
1685.0,1690.0,1687.5,0.0001532045,0.0007660225,0
1690.0,1695.0,1692.5,0.00016142528,0.0008071264,0
1695.0,1700.0,1697.5,0.00013837308,0.0006918654,0
1700.0,1705.0,1702.5,0.00014101452,0.0007050726,0
1705.0,1710.0,1707.5,0.00017561216,0.0008780608,0
1710.0,1715.0,1712.5,0.00012802776,0.0006401388,0
1715.0,1720.0,1717.5,0.00017143378,0.0008571689,0
1720.0,1725.0,1722.5,0.00012611136,0.0006305568,0
1725.0,1730.0,1727.5,0.00013357286,0.0006678643,0
1730.0,1735.0,1732.5,0.00017911678,0.0008955839,0
1735.0,1740.0,1737.5,0.00013783058,0.0006891529,0
1740.0,1745.0,1742.5,0.00014587124,0.0007293562,0
1745.0,1750.0,1747.5,0.00011183006,0.0005591503,0
1750.0,1755.0,1752.5,9.35084e-05,0.000467542,0
1755.0,1760.0,1757.5,0.00012860452,0.0006430226,0
1760.0,1765.0,1762.5,0.00012790874,0.0006395437,0
1765.0,1770.0,1767.5,0.00011820794,0.0005910397,0
1770.0,1775.0,1772.5,0.0001565096,0.000782548,0
1775.0,1780.0,1777.5,0.0001331628,0.000665814,0
1780.0,1785.0,1782.5,9.488566e-05,0.0004744283,0
1785.0,1790.0,1787.5,0.00015003618,0.0007501809,0
1790.0,1795.0,1792.5,9.95384e-05,0.000497692,0
1795.0,1800.0,1797.5,0.00013345804,0.0006672902,0
1800.0,1805.0,1802.5,0.00012415652,0.0006207826,0
1805.0,1810.0,1807.5,0.00012918434,0.0006459217,0
1810.0,1815.0,1812.5,0.00015747794,0.0007873897,0
1815.0,1820.0,1817.5,0.00013430232,0.0006715116,0
1820.0,1825.0,1822.5,0.00012118686,0.0006059343,0
1825.0,1830.0,1827.5,0.00013342838,0.0006671419,0
1830.0,1835.0,1832.5,0.00013254332,0.0006627166,0
1835.0,1840.0,1837.5,0.00012500502,0.0006250251,0
1840.0,1845.0,1842.5,0.00016807882,0.0008403941,0
1845.0,1850.0,1847.5,0.0001201775,0.0006008875,0
1850.0,1855.0,1852.5,0.00015462518,0.0007731259,0
1855.0,1860.0,1857.5,0.00014243056,0.0007121528,0
1860.0,1865.0,1862.5,9.735282e-05,0.0004867641,0
1865.0,1870.0,1867.5,0.00012119592,0.0006059796,0
1870.0,1875.0,1872.5,0.0001325272,0.000662636,0
1875.0,1880.0,1877.5,0.00013504354,0.0006752177,0
1880.0,1885.0,1882.5,0.00014655144,0.0007327572,0
1885.0,1890.0,1887.5,0.00012808226,0.0006404113,0
1890.0,1895.0,1892.5,9.487802e-05,0.0004743901,0
1895.0,1900.0,1897.5,0.00010648246,0.0005324123,0
1900.0,1905.0,1902.5,9.694712e-05,0.0004847356,0
1905.0,1910.0,1907.5,0.00013854492,0.0006927246,0
1910.0,1915.0,1912.5,0.00011437562,0.0005718781,0
1915.0,1920.0,1917.5,0.00013684924,0.0006842462,0
1920.0,1925.0,1922.5,0.00012300908,0.0006150454,0
1925.0,1930.0,1927.5,7.162908e-05,0.0003581454,0
1930.0,1935.0,1932.5,0.00012263162,0.0006131581,0
1935.0,1940.0,1937.5,0.00012028536,0.0006014268,0
1940.0,1945.0,1942.5,0.00011693252,0.0005846626,0
1945.0,1950.0,1947.5,0.00012556066,0.0006278033,0
1950.0,1955.0,1952.5,0.00012611782,0.0006305891,0
1955.0,1960.0,1957.5,0.00012470142,0.0006235071,0
1960.0,1965.0,1962.5,0.00010914246,0.0005457123,0
1965.0,1970.0,1967.5,0.00011169502,0.0005584751,0
1970.0,1975.0,1972.5,8.303514e-05,0.0004151757,0
1975.0,1980.0,1977.5,0.00015310372,0.0007655186,0
1980.0,1985.0,1982.5,9.762548e-05,0.0004881274,0
1985.0,1990.0,1987.5,0.00011404646,0.0005702323,0
1990.0,1995.0,1992.5,0.0001594473,0.0007972365,0
1995.0,2000.0,1997.5,0.0001763321,0.0008816605,0
2000.0,2005.0,2002.5,0.00010167506,0.0005083753,0
2005.0,2010.0,2007.5,0.00016199668,0.0008099834,0
2010.0,2015.0,2012.5,0.00010720022,0.0005360011,0
2015.0,2020.0,2017.5,0.00014676536,0.0007338268,0
2020.0,2025.0,2022.5,0.00011410636,0.0005705318,0
2025.0,2030.0,2027.5,0.00011157008,0.0005578504,0
2030.0,2035.0,2032.5,0.00012097576,0.0006048788,0
2035.0,2040.0,2037.5,0.00012366374,0.0006183187,0
2040.0,2045.0,2042.5,9.300798e-05,0.0004650399,0
2045.0,2050.0,2047.5,0.00010812274,0.0005406137,0
2050.0,2055.0,2052.5,0.00013657592,0.0006828796,0
2055.0,2060.0,2057.5,9.610514e-05,0.0004805257,0
2060.0,2065.0,2062.5,0.0001009722,0.000504861,0
2065.0,2070.0,2067.5,0.00011097084,0.0005548542,0
2070.0,2075.0,2072.5,8.782418e-05,0.0004391209,0
2075.0,2080.0,2077.5,0.00011026692,0.0005513346,0
2080.0,2085.0,2082.5,0.00010161346,0.0005080673,0
2085.0,2090.0,2087.5,8.082198e-05,0.0004041099,0
2090.0,2095.0,2092.5,0.00013248238,0.0006624119,0
2095.0,2100.0,2097.5,0.00012713268,0.0006356634,0
2100.0,2105.0,2102.5,0.00010609292,0.0005304646,0
2105.0,2110.0,2107.5,9.203426e-05,0.0004601713,0
2110.0,2115.0,2112.5,0.00013093726,0.0006546863,0
2115.0,2120.0,2117.5,0.00013847612,0.0006923806,0
2120.0,2125.0,2122.5,0.00010534792,0.0005267396,0
2125.0,2130.0,2127.5,9.749014e-05,0.0004874507,0
2130.0,2135.0,2132.5,0.00014425692,0.0007212846,0
2135.0,2140.0,2137.5,0.00012551196,0.0006275598,0
2140.0,2145.0,2142.5,0.0001304742,0.000652371,0
2145.0,2150.0,2147.5,8.474816e-05,0.0004237408,0
2150.0,2155.0,2152.5,0.0001038596,0.000519298,0
2155.0,2160.0,2157.5,0.00016309246,0.0008154623,0
2160.0,2165.0,2162.5,9.207066e-05,0.0004603533,0
2165.0,2170.0,2167.5,0.00012310622,0.0006155311,0
2170.0,2175.0,2172.5,0.00011693112,0.0005846556,0
2175.0,2180.0,2177.5,0.00011399244,0.0005699622,0
2180.0,2185.0,2182.5,0.00011612086,0.0005806043,0
2185.0,2190.0,2187.5,0.00011584686,0.0005792343,0
2190.0,2195.0,2192.5,9.559958e-05,0.0004779979,0
2195.0,2200.0,2197.5,0.00012189334,0.0006094667,0
2200.0,2205.0,2202.5,0.00010114142,0.0005057071,0
2205.0,2210.0,2207.5,0.00011201398,0.0005600699,0
2210.0,2215.0,2212.5,0.00012513902,0.0006256951,0
2215.0,2220.0,2217.5,0.00012962654,0.0006481327,0
2220.0,2225.0,2222.5,0.0001225795,0.0006128975,0
2225.0,2230.0,2227.5,0.00011092156,0.0005546078,0
2230.0,2235.0,2232.5,0.00013476374,0.0006738187,0
2235.0,2240.0,2237.5,0.00011822078,0.0005911039,0
2240.0,2245.0,2242.5,0.00011636026,0.0005818013,0
2245.0,2250.0,2247.5,0.00014031188,0.0007015594,0
2250.0,2255.0,2252.5,0.000122032,0.00061016,0
2255.0,2260.0,2257.5,0.00014696552,0.0007348276,0
2260.0,2265.0,2262.5,0.00011373112,0.0005686556,0
2265.0,2270.0,2267.5,0.00013378304,0.0006689152,0
2270.0,2275.0,2272.5,0.00011199666,0.0005599833,0
2275.0,2280.0,2277.5,0.0001101186,0.000550593,0
2280.0,2285.0,2282.5,0.00016674548,0.0008337274,0
2285.0,2290.0,2287.5,0.00014077538,0.0007038769,0
2290.0,2295.0,2292.5,0.00016330656,0.0008165328,0
2295.0,2300.0,2297.5,0.0001224411,0.0006122055,0
2300.0,2305.0,2302.5,0.0001445823,0.0007229115,0
2305.0,2310.0,2307.5,9.75536e-05,0.000487768,0
2310.0,2315.0,2312.5,0.00011034276,0.0005517138,0
2315.0,2320.0,2317.5,8.59675e-05,0.0004298375,0
2320.0,2325.0,2322.5,0.00012254592,0.0006127296,0
2325.0,2330.0,2327.5,0.00011317124,0.0005658562,0
2330.0,2335.0,2332.5,0.000151801,0.000759005,0
2335.0,2340.0,2337.5,0.00011625332,0.0005812666,0
2340.0,2345.0,2342.5,8.83587e-05,0.0004417935,0
2345.0,2350.0,2347.5,0.00011285216,0.0005642608,0
2350.0,2355.0,2352.5,0.00011497788,0.0005748894,0
2355.0,2360.0,2357.5,6.28693e-05,0.0003143465,0
2360.0,2365.0,2362.5,0.00012389466,0.0006194733,0
2365.0,2370.0,2367.5,0.00013350644,0.0006675322,0
2370.0,2375.0,2372.5,0.00010411708,0.0005205854,0
2375.0,2380.0,2377.5,0.00011641946,0.0005820973,0
2380.0,2385.0,2382.5,0.000125856,0.00062928,0
2385.0,2390.0,2387.5,0.00015147316,0.0007573658,0
2390.0,2395.0,2392.5,0.0001265617,0.0006328085,0
2395.0,2400.0,2397.5,0.0001234669,0.0006173345,0
2400.0,2405.0,2402.5,8.93025e-05,0.0004465125,0
2405.0,2410.0,2407.5,0.00010852318,0.0005426159,0
2410.0,2415.0,2412.5,0.0001065,0.0005325,0
2415.0,2420.0,2417.5,0.00013750958,0.0006875479,0
2420.0,2425.0,2422.5,0.00011500016,0.0005750008,0
2425.0,2430.0,2427.5,0.00013487434,0.0006743717,0
2430.0,2435.0,2432.5,8.974978e-05,0.0004487489,0
2435.0,2440.0,2437.5,0.0001677617,0.0008388085,0
2440.0,2445.0,2442.5,7.401514e-05,0.0003700757,0
2445.0,2450.0,2447.5,0.00012119754,0.0006059877,0
2450.0,2455.0,2452.5,0.00011482882,0.0005741441,0
2455.0,2460.0,2457.5,9.412192e-05,0.0004706096,0
2460.0,2465.0,2462.5,9.121604e-05,0.0004560802,0
2465.0,2470.0,2467.5,0.00010950748,0.0005475374,0
2470.0,2475.0,2472.5,8.697958e-05,0.0004348979,0
2475.0,2480.0,2477.5,0.0001089123,0.0005445615,0
2480.0,2485.0,2482.5,7.142864e-05,0.0003571432,0
2485.0,2490.0,2487.5,9.48367e-05,0.0004741835,0
2490.0,2495.0,2492.5,0.00010334298,0.0005167149,0
2495.0,2500.0,2497.5,9.83988e-05,0.000491994,0
2500.0,2505.0,2502.5,0.00010563346,0.0005281673,0
2505.0,2510.0,2507.5,7.892456e-05,0.0003946228,0
2510.0,2515.0,2512.5,7.824166e-05,0.0003912083,0
2515.0,2520.0,2517.5,7.470608e-05,0.0003735304,0
2520.0,2525.0,2522.5,0.00010217148,0.0005108574,0
2525.0,2530.0,2527.5,9.67636e-05,0.000483818,0
2530.0,2535.0,2532.5,0.0001058089,0.0005290445,0
2535.0,2540.0,2537.5,0.00010551254,0.0005275627,0
2540.0,2545.0,2542.5,0.00010434306,0.0005217153,0
2545.0,2550.0,2547.5,0.00013257064,0.0006628532,0
2550.0,2555.0,2552.5,0.00013692632,0.0006846316,0
2555.0,2560.0,2557.5,0.0001243645,0.0006218225,0
2560.0,2565.0,2562.5,0.00011668822,0.0005834411,0
2565.0,2570.0,2567.5,7.136842e-05,0.0003568421,0
2570.0,2575.0,2572.5,0.0001181435,0.0005907175,0
2575.0,2580.0,2577.5,0.0001104572,0.000552286,0
2580.0,2585.0,2582.5,0.0001132196,0.000566098,0
2585.0,2590.0,2587.5,8.31161e-05,0.0004155805,0
2590.0,2595.0,2592.5,0.00010756218,0.0005378109,0
2595.0,2600.0,2597.5,0.00010908746,0.0005454373,0
2600.0,2605.0,2602.5,0.0001345669,0.0006728345,0
2605.0,2610.0,2607.5,0.00012671226,0.0006335613,0
2610.0,2615.0,2612.5,8.673804e-05,0.0004336902,0
2615.0,2620.0,2617.5,0.00011937868,0.0005968934,0
2620.0,2625.0,2622.5,9.52974e-05,0.000476487,0
2625.0,2630.0,2627.5,8.67289e-05,0.0004336445,0
2630.0,2635.0,2632.5,0.00012174538,0.0006087269,0
2635.0,2640.0,2637.5,8.603508e-05,0.0004301754,0
2640.0,2645.0,2642.5,0.00011229686,0.0005614843,0
2645.0,2650.0,2647.5,0.00010680452,0.0005340226,0
2650.0,2655.0,2652.5,0.0001145039,0.0005725195,0
2655.0,2660.0,2657.5,0.00012429874,0.0006214937,0
2660.0,2665.0,2662.5,0.00011790298,0.0005895149,0
2665.0,2670.0,2667.5,0.00013526988,0.0006763494,0
2670.0,2675.0,2672.5,0.00010156354,0.0005078177,0
2675.0,2680.0,2677.5,8.886158e-05,0.0004443079,0
2680.0,2685.0,2682.5,6.528868e-05,0.0003264434,0
2685.0,2690.0,2687.5,9.688044e-05,0.0004844022,0
2690.0,2695.0,2692.5,0.00011210732,0.0005605366,0
2695.0,2700.0,2697.5,0.00010292088,0.0005146044,0
2700.0,2705.0,2702.5,0.00011139452,0.0005569726,0
2705.0,2710.0,2707.5,8.028358e-05,0.0004014179,0
2710.0,2715.0,2712.5,0.00011998258,0.0005999129,0
2715.0,2720.0,2717.5,0.0001051555,0.0005257775,0
2720.0,2725.0,2722.5,9.848858e-05,0.0004924429,0
2725.0,2730.0,2727.5,0.0001169419,0.0005847095,0
2730.0,2735.0,2732.5,0.0001053367,0.0005266835,0
2735.0,2740.0,2737.5,0.0001533882,0.000766941,0
2740.0,2745.0,2742.5,8.404474e-05,0.0004202237,0
2745.0,2750.0,2747.5,0.0001013312,0.000506656,0
2750.0,2755.0,2752.5,8.481174e-05,0.0004240587,0
2755.0,2760.0,2757.5,0.0001012049,0.0005060245,0
2760.0,2765.0,2762.5,0.00010910718,0.0005455359,0
2765.0,2770.0,2767.5,8.538908e-05,0.0004269454,0
2770.0,2775.0,2772.5,0.0001274826,0.000637413,0
2775.0,2780.0,2777.5,8.08012e-05,0.000404006,0
2780.0,2785.0,2782.5,0.00010724332,0.0005362166,0
2785.0,2790.0,2787.5,7.685646e-05,0.0003842823,0
2790.0,2795.0,2792.5,0.0001314432,0.000657216,0
2795.0,2800.0,2797.5,9.406456e-05,0.0004703228,0
2800.0,2805.0,2802.5,0.00011050894,0.0005525447,0
2805.0,2810.0,2807.5,8.979066e-05,0.0004489533,0
2810.0,2815.0,2812.5,9.562524e-05,0.0004781262,0
2815.0,2820.0,2817.5,0.00011555738,0.0005777869,0
2820.0,2825.0,2822.5,0.00011110062,0.0005555031,0
2825.0,2830.0,2827.5,9.276638e-05,0.0004638319,0
2830.0,2835.0,2832.5,9.261184e-05,0.0004630592,0
2835.0,2840.0,2837.5,0.00013392084,0.0006696042,0
2840.0,2845.0,2842.5,0.0001143549,0.0005717745,0
2845.0,2850.0,2847.5,0.00010902804,0.0005451402,0
2850.0,2855.0,2852.5,9.612692e-05,0.0004806346,0
2855.0,2860.0,2857.5,0.00010732824,0.0005366412,0
2860.0,2865.0,2862.5,0.0001011259,0.0005056295,0
2865.0,2870.0,2867.5,0.00012573576,0.0006286788,0
2870.0,2875.0,2872.5,0.00010920046,0.0005460023,0
2875.0,2880.0,2877.5,7.222546e-05,0.0003611273,0
2880.0,2885.0,2882.5,0.00010839106,0.0005419553,0
2885.0,2890.0,2887.5,8.980126e-05,0.0004490063,0
2890.0,2895.0,2892.5,0.00011885282,0.0005942641,0
2895.0,2900.0,2897.5,8.496072e-05,0.0004248036,0
2900.0,2905.0,2902.5,9.427318e-05,0.0004713659,0
2905.0,2910.0,2907.5,9.136838e-05,0.0004568419,0
2910.0,2915.0,2912.5,0.0001136237,0.0005681185,0
2915.0,2920.0,2917.5,0.00012145372,0.0006072686,0
2920.0,2925.0,2922.5,9.218388e-05,0.0004609194,0
2925.0,2930.0,2927.5,0.0001332362,0.000666181,0
2930.0,2935.0,2932.5,9.143102e-05,0.0004571551,0
2935.0,2940.0,2937.5,8.976072e-05,0.0004488036,0
2940.0,2945.0,2942.5,8.495748e-05,0.0004247874,0
2945.0,2950.0,2947.5,6.402814e-05,0.0003201407,0
2950.0,2955.0,2952.5,6.714112e-05,0.0003357056,0
2955.0,2960.0,2957.5,0.00013222756,0.0006611378,0
2960.0,2965.0,2962.5,0.00011412802,0.0005706401,0
2965.0,2970.0,2967.5,0.00010563542,0.0005281771,0
2970.0,2975.0,2972.5,9.134042e-05,0.0004567021,0
2975.0,2980.0,2977.5,0.00010239022,0.0005119511,0
2980.0,2985.0,2982.5,8.69518e-05,0.000434759,0
2985.0,2990.0,2987.5,8.1783e-05,0.000408915,0
2990.0,2995.0,2992.5,8.08426e-05,0.000404213,0
2995.0,3000.0,2997.5,8.531006e-05,0.0004265503,0
3000.0,3005.0,3002.5,0.00011454982,0.0005727491,0
3005.0,3010.0,3007.5,8.823158e-05,0.0004411579,0
3010.0,3015.0,3012.5,7.934862e-05,0.0003967431,0
3015.0,3020.0,3017.5,0.00010781278,0.0005390639,0
3020.0,3025.0,3022.5,6.484044e-05,0.0003242022,0
3025.0,3030.0,3027.5,8.340294e-05,0.0004170147,0
3030.0,3035.0,3032.5,0.00010351144,0.0005175572,0
3035.0,3040.0,3037.5,9.049252e-05,0.0004524626,0
3040.0,3045.0,3042.5,7.533492e-05,0.0003766746,0
3045.0,3050.0,3047.5,0.00011175916,0.0005587958,0
3050.0,3055.0,3052.5,6.85355e-05,0.0003426775,0
3055.0,3060.0,3057.5,9.270566e-05,0.0004635283,0
3060.0,3065.0,3062.5,9.438942e-05,0.0004719471,0
3065.0,3070.0,3067.5,0.00010270722,0.0005135361,0
3070.0,3075.0,3072.5,0.00010587162,0.0005293581,0
3075.0,3080.0,3077.5,9.158696e-05,0.0004579348,0
3080.0,3085.0,3082.5,9.322548e-05,0.0004661274,0
3085.0,3090.0,3087.5,7.792084e-05,0.0003896042,0
3090.0,3095.0,3092.5,8.212874e-05,0.0004106437,0
3095.0,3100.0,3097.5,0.00011181676,0.0005590838,0
3100.0,3105.0,3102.5,9.252312e-05,0.0004626156,0
3105.0,3110.0,3107.5,8.454154e-05,0.0004227077,0
3110.0,3115.0,3112.5,9.060218e-05,0.0004530109,0
3115.0,3120.0,3117.5,9.812792e-05,0.0004906396,0
3120.0,3125.0,3122.5,8.962032e-05,0.0004481016,0
3125.0,3130.0,3127.5,6.737848e-05,0.0003368924,0
3130.0,3135.0,3132.5,9.698496e-05,0.0004849248,0
3135.0,3140.0,3137.5,0.00010237602,0.0005118801,0
3140.0,3145.0,3142.5,9.727244e-05,0.0004863622,0
3145.0,3150.0,3147.5,8.285352e-05,0.0004142676,0
3150.0,3155.0,3152.5,0.0001065158,0.000532579,0
3155.0,3160.0,3157.5,7.968746e-05,0.0003984373,0
3160.0,3165.0,3162.5,0.0001195267,0.0005976335,0
3165.0,3170.0,3167.5,9.789102e-05,0.0004894551,0
3170.0,3175.0,3172.5,7.026184e-05,0.0003513092,0
3175.0,3180.0,3177.5,8.170534e-05,0.0004085267,0
3180.0,3185.0,3182.5,6.995134e-05,0.0003497567,0
3185.0,3190.0,3187.5,7.983414e-05,0.0003991707,0
3190.0,3195.0,3192.5,0.00010511886,0.0005255943,0
3195.0,3200.0,3197.5,9.90263e-05,0.0004951315,0
3200.0,3205.0,3202.5,9.23564e-05,0.000461782,0
3205.0,3210.0,3207.5,8.921882e-05,0.0004460941,0
3210.0,3215.0,3212.5,8.109926e-05,0.0004054963,0
3215.0,3220.0,3217.5,7.345668e-05,0.0003672834,0
3220.0,3225.0,3222.5,7.80601e-05,0.0003903005,0
3225.0,3230.0,3227.5,7.993752e-05,0.0003996876,0
3230.0,3235.0,3232.5,0.00010444034,0.0005222017,0
3235.0,3240.0,3237.5,8.210814e-05,0.0004105407,0
3240.0,3245.0,3242.5,8.918132e-05,0.0004459066,0
3245.0,3250.0,3247.5,5.095472e-05,0.0002547736,0
3250.0,3255.0,3252.5,0.00011816934,0.0005908467,0
3255.0,3260.0,3257.5,8.279794e-05,0.0004139897,0
3260.0,3265.0,3262.5,8.077172e-05,0.0004038586,0
3265.0,3270.0,3267.5,0.00011917562,0.0005958781,0
3270.0,3275.0,3272.5,0.00010959338,0.0005479669,0
3275.0,3280.0,3277.5,0.00011461724,0.0005730862,0
3280.0,3285.0,3282.5,4.558358e-05,0.0002279179,0
3285.0,3290.0,3287.5,7.288584e-05,0.0003644292,0
3290.0,3295.0,3292.5,9.965046e-05,0.0004982523,0
3295.0,3300.0,3297.5,9.59858e-05,0.000479929,0
3300.0,3305.0,3302.5,6.539014e-05,0.0003269507,0
3305.0,3310.0,3307.5,8.257726e-05,0.0004128863,0
3310.0,3315.0,3312.5,0.00010871646,0.0005435823,0
3315.0,3320.0,3317.5,8.041946e-05,0.0004020973,0
3320.0,3325.0,3322.5,0.00010563478,0.0005281739,0
3325.0,3330.0,3327.5,7.752032e-05,0.0003876016,0
3330.0,3335.0,3332.5,9.788706e-05,0.0004894353,0
3335.0,3340.0,3337.5,0.0001000255,0.0005001275,0
3340.0,3345.0,3342.5,9.272826e-05,0.0004636413,0
3345.0,3350.0,3347.5,8.125686e-05,0.0004062843,0
3350.0,3355.0,3352.5,8.29015e-05,0.0004145075,0
3355.0,3360.0,3357.5,8.415884e-05,0.0004207942,0
3360.0,3365.0,3362.5,0.00011731558,0.0005865779,0
3365.0,3370.0,3367.5,8.211524e-05,0.0004105762,0
3370.0,3375.0,3372.5,7.02023e-05,0.0003510115,0
3375.0,3380.0,3377.5,7.77062e-05,0.000388531,0
3380.0,3385.0,3382.5,7.277848e-05,0.0003638924,0
3385.0,3390.0,3387.5,0.000137079,0.000685395,0
3390.0,3395.0,3392.5,0.0001109008,0.000554504,0
3395.0,3400.0,3397.5,0.00011689464,0.0005844732,0
3400.0,3405.0,3402.5,9.13972e-05,0.000456986,0
3405.0,3410.0,3407.5,9.168262e-05,0.0004584131,0
3410.0,3415.0,3412.5,9.914692e-05,0.0004957346,0
3415.0,3420.0,3417.5,5.039516e-05,0.0002519758,0
3420.0,3425.0,3422.5,6.628202e-05,0.0003314101,0
3425.0,3430.0,3427.5,0.0001207192,0.000603596,0
3430.0,3435.0,3432.5,8.764582e-05,0.0004382291,0
3435.0,3440.0,3437.5,0.00011048062,0.0005524031,0
3440.0,3445.0,3442.5,0.00010887526,0.0005443763,0
3445.0,3450.0,3447.5,0.0001092509,0.0005462545,0
3450.0,3455.0,3452.5,4.34981e-05,0.0002174905,0
3455.0,3460.0,3457.5,5.492966e-05,0.0002746483,0
3460.0,3465.0,3462.5,7.04646e-05,0.000352323,0
3465.0,3470.0,3467.5,5.466514e-05,0.0002733257,0
3470.0,3475.0,3472.5,8.72985e-05,0.0004364925,0
3475.0,3480.0,3477.5,7.891462e-05,0.0003945731,0
3480.0,3485.0,3482.5,7.61884e-05,0.000380942,0
3485.0,3490.0,3487.5,0.00011201372,0.0005600686,0
3490.0,3495.0,3492.5,0.0001051253,0.0005256265,0
3495.0,3500.0,3497.5,7.487908e-05,0.0003743954,0
3500.0,3505.0,3502.5,8.153342e-05,0.0004076671,0
3505.0,3510.0,3507.5,8.486464e-05,0.0004243232,0
3510.0,3515.0,3512.5,5.67316e-05,0.000283658,0
3515.0,3520.0,3517.5,0.00010595462,0.0005297731,0
3520.0,3525.0,3522.5,8.291234e-05,0.0004145617,0
3525.0,3530.0,3527.5,9.449366e-05,0.0004724683,0
3530.0,3535.0,3532.5,4.514052e-05,0.0002257026,0
3535.0,3540.0,3537.5,8.320422e-05,0.0004160211,0
3540.0,3545.0,3542.5,6.061296e-05,0.0003030648,0
3545.0,3550.0,3547.5,8.210636e-05,0.0004105318,0
3550.0,3555.0,3552.5,8.101934e-05,0.0004050967,0
3555.0,3560.0,3557.5,7.017232e-05,0.0003508616,0
3560.0,3565.0,3562.5,8.553154e-05,0.0004276577,0
3565.0,3570.0,3567.5,9.991216e-05,0.0004995608,0
3570.0,3575.0,3572.5,0.00011298254,0.0005649127,0
3575.0,3580.0,3577.5,8.839318e-05,0.0004419659,0
3580.0,3585.0,3582.5,7.02171e-05,0.0003510855,0
3585.0,3590.0,3587.5,7.705966e-05,0.0003852983,0
3590.0,3595.0,3592.5,9.652294e-05,0.0004826147,0
3595.0,3600.0,3597.5,6.492808e-05,0.0003246404,0
3600.0,3605.0,3602.5,7.290202e-05,0.0003645101,0
3605.0,3610.0,3607.5,9.09514e-05,0.000454757,0
3610.0,3615.0,3612.5,8.759644e-05,0.0004379822,0
3615.0,3620.0,3617.5,6.497906e-05,0.0003248953,0
3620.0,3625.0,3622.5,6.865742e-05,0.0003432871,0
3625.0,3630.0,3627.5,5.53573e-05,0.0002767865,0
3630.0,3635.0,3632.5,7.270172e-05,0.0003635086,0
3635.0,3640.0,3637.5,8.727e-05,0.00043635,0
3640.0,3645.0,3642.5,6.829784e-05,0.0003414892,0
3645.0,3650.0,3647.5,6.329642e-05,0.0003164821,0
3650.0,3655.0,3652.5,9.842738e-05,0.0004921369,0
3655.0,3660.0,3657.5,8.729022e-05,0.0004364511,0
3660.0,3665.0,3662.5,0.00011506098,0.0005753049,0
3665.0,3670.0,3667.5,9.010312e-05,0.0004505156,0
3670.0,3675.0,3672.5,8.54902e-05,0.000427451,0
3675.0,3680.0,3677.5,8.88047e-05,0.0004440235,0
3680.0,3685.0,3682.5,7.134052e-05,0.0003567026,0
3685.0,3690.0,3687.5,7.885462e-05,0.0003942731,0
3690.0,3695.0,3692.5,8.094744e-05,0.0004047372,0
3695.0,3700.0,3697.5,8.667076e-05,0.0004333538,0
3700.0,3705.0,3702.5,5.487494e-05,0.0002743747,0
3705.0,3710.0,3707.5,0.0001206729,0.0006033645,0
3710.0,3715.0,3712.5,0.00010870544,0.0005435272,0
3715.0,3720.0,3717.5,6.656606e-05,0.0003328303,0
3720.0,3725.0,3722.5,7.985202e-05,0.0003992601,0
3725.0,3730.0,3727.5,6.22622e-05,0.000311311,0
3730.0,3735.0,3732.5,7.589364e-05,0.0003794682,0
3735.0,3740.0,3737.5,6.583376e-05,0.0003291688,0
3740.0,3745.0,3742.5,3.377034e-05,0.0001688517,0
3745.0,3750.0,3747.5,9.9717e-05,0.000498585,0
3750.0,3755.0,3752.5,8.851492e-05,0.0004425746,0
3755.0,3760.0,3757.5,0.0001014889,0.0005074445,0
3760.0,3765.0,3762.5,6.45305e-05,0.0003226525,0
3765.0,3770.0,3767.5,9.196086e-05,0.0004598043,0
3770.0,3775.0,3772.5,6.053614e-05,0.0003026807,0
3775.0,3780.0,3777.5,8.718452e-05,0.0004359226,0
3780.0,3785.0,3782.5,5.62726e-05,0.000281363,0
3785.0,3790.0,3787.5,0.00010023422,0.0005011711,0
3790.0,3795.0,3792.5,5.792752e-05,0.0002896376,0
3795.0,3800.0,3797.5,9.734318e-05,0.0004867159,0
3800.0,3805.0,3802.5,7.29756e-05,0.000364878,0
3805.0,3810.0,3807.5,9.715394e-05,0.0004857697,0
3810.0,3815.0,3812.5,7.613542e-05,0.0003806771,0
3815.0,3820.0,3817.5,8.143086e-05,0.0004071543,0
3820.0,3825.0,3822.5,7.156876e-05,0.0003578438,0
3825.0,3830.0,3827.5,6.450962e-05,0.0003225481,0
3830.0,3835.0,3832.5,0.00012298374,0.0006149187,0
3835.0,3840.0,3837.5,9.046048e-05,0.0004523024,0
3840.0,3845.0,3842.5,0.00011723668,0.0005861834,0
3845.0,3850.0,3847.5,8.527886e-05,0.0004263943,0
3850.0,3855.0,3852.5,6.67386e-05,0.000333693,0
3855.0,3860.0,3857.5,0.00010242644,0.0005121322,0
3860.0,3865.0,3862.5,8.772148e-05,0.0004386074,0
3865.0,3870.0,3867.5,8.462752e-05,0.0004231376,0
3870.0,3875.0,3872.5,6.12312e-05,0.000306156,0
3875.0,3880.0,3877.5,7.334344e-05,0.0003667172,0
3880.0,3885.0,3882.5,9.471368e-05,0.0004735684,0
3885.0,3890.0,3887.5,8.350502e-05,0.0004175251,0
3890.0,3895.0,3892.5,5.83846e-05,0.000291923,0
3895.0,3900.0,3897.5,7.903246e-05,0.0003951623,0
3900.0,3905.0,3902.5,7.51264e-05,0.000375632,0
3905.0,3910.0,3907.5,5.162138e-05,0.0002581069,0
3910.0,3915.0,3912.5,7.284084e-05,0.0003642042,0
3915.0,3920.0,3917.5,6.090914e-05,0.0003045457,0
3920.0,3925.0,3922.5,7.631686e-05,0.0003815843,0
3925.0,3930.0,3927.5,7.847336e-05,0.0003923668,0
3930.0,3935.0,3932.5,7.359746e-05,0.0003679873,0
3935.0,3940.0,3937.5,9.252528e-05,0.0004626264,0
3940.0,3945.0,3942.5,8.853254e-05,0.0004426627,0
3945.0,3950.0,3947.5,6.091946e-05,0.0003045973,0
3950.0,3955.0,3952.5,7.561668e-05,0.0003780834,0
3955.0,3960.0,3957.5,7.722156e-05,0.0003861078,0
3960.0,3965.0,3962.5,5.644266e-05,0.0002822133,0
3965.0,3970.0,3967.5,5.16796e-05,0.000258398,0
3970.0,3975.0,3972.5,7.556008e-05,0.0003778004,0
3975.0,3980.0,3977.5,8.545014e-05,0.0004272507,0
3980.0,3985.0,3982.5,5.532014e-05,0.0002766007,0
3985.0,3990.0,3987.5,7.7417e-05,0.000387085,0
3990.0,3995.0,3992.5,8.986422e-05,0.0004493211,0
3995.0,4000.0,3997.5,9.30148e-05,0.000465074,0
4000.0,4005.0,4002.5,8.342894e-05,0.0004171447,0
4005.0,4010.0,4007.5,8.220134e-05,0.0004110067,0
4010.0,4015.0,4012.5,8.003232e-05,0.0004001616,0
4015.0,4020.0,4017.5,9.63337e-05,0.0004816685,0
4020.0,4025.0,4022.5,6.92272e-05,0.000346136,0
4025.0,4030.0,4027.5,8.923928e-05,0.0004461964,0
4030.0,4035.0,4032.5,3.796878e-05,0.0001898439,0
4035.0,4040.0,4037.5,5.2808e-05,0.00026404,0
4040.0,4045.0,4042.5,9.297686e-05,0.0004648843,0
4045.0,4050.0,4047.5,8.037e-05,0.00040185,0
4050.0,4055.0,4052.5,0.00011406186,0.0005703093,0
4055.0,4060.0,4057.5,0.00010242282,0.0005121141,0
4060.0,4065.0,4062.5,4.294734e-05,0.0002147367,0
4065.0,4070.0,4067.5,0.00010659444,0.0005329722,0
4070.0,4075.0,4072.5,8.364564e-05,0.0004182282,0
4075.0,4080.0,4077.5,5.23961e-05,0.0002619805,0
4080.0,4085.0,4082.5,7.513058e-05,0.0003756529,0
4085.0,4090.0,4087.5,8.43337e-05,0.0004216685,0
4090.0,4095.0,4092.5,6.066726e-05,0.0003033363,0
4095.0,4100.0,4097.5,8.0776e-05,0.00040388,0
4100.0,4105.0,4102.5,0.00010939944,0.0005469972,0
4105.0,4110.0,4107.5,6.983228e-05,0.0003491614,0
4110.0,4115.0,4112.5,8.8494e-05,0.00044247,0
4115.0,4120.0,4117.5,7.174152e-05,0.0003587076,0
4120.0,4125.0,4122.5,6.23655e-05,0.0003118275,0
4125.0,4130.0,4127.5,9.589552e-05,0.0004794776,0
4130.0,4135.0,4132.5,7.396662e-05,0.0003698331,0
4135.0,4140.0,4137.5,5.623062e-05,0.0002811531,0
4140.0,4145.0,4142.5,6.172382e-05,0.0003086191,0
4145.0,4150.0,4147.5,7.09356e-05,0.000354678,0
4150.0,4155.0,4152.5,9.958688e-05,0.0004979344,0
4155.0,4160.0,4157.5,9.056758e-05,0.0004528379,0
4160.0,4165.0,4162.5,0.00010794372,0.0005397186,0
4165.0,4170.0,4167.5,9.637756e-05,0.0004818878,0
4170.0,4175.0,4172.5,9.408586e-05,0.0004704293,0
4175.0,4180.0,4177.5,9.781646e-05,0.0004890823,0
4180.0,4185.0,4182.5,7.428874e-05,0.0003714437,0
4185.0,4190.0,4187.5,0.0001007634,0.000503817,0
4190.0,4195.0,4192.5,7.385458e-05,0.0003692729,0
4195.0,4200.0,4197.5,4.149612e-05,0.0002074806,0
4200.0,4205.0,4202.5,7.310858e-05,0.0003655429,0
4205.0,4210.0,4207.5,0.00010160102,0.0005080051,0
4210.0,4215.0,4212.5,8.888316e-05,0.0004444158,0
4215.0,4220.0,4217.5,5.096586e-05,0.0002548293,0
4220.0,4225.0,4222.5,9.322902e-05,0.0004661451,0
4225.0,4230.0,4227.5,0.00010236304,0.0005118152,0
4230.0,4235.0,4232.5,8.808004e-05,0.0004404002,0
4235.0,4240.0,4237.5,9.544234e-05,0.0004772117,0
4240.0,4245.0,4242.5,8.432908e-05,0.0004216454,0
4245.0,4250.0,4247.5,7.033022e-05,0.0003516511,0
4250.0,4255.0,4252.5,6.398058e-05,0.0003199029,0
4255.0,4260.0,4257.5,8.868192e-05,0.0004434096,0
4260.0,4265.0,4262.5,8.35727e-05,0.0004178635,0
4265.0,4270.0,4267.5,9.367606e-05,0.0004683803,0
4270.0,4275.0,4272.5,7.955426e-05,0.0003977713,0
4275.0,4280.0,4277.5,9.197088e-05,0.0004598544,0
4280.0,4285.0,4282.5,6.655846e-05,0.0003327923,0
4285.0,4290.0,4287.5,7.762552e-05,0.0003881276,0
4290.0,4295.0,4292.5,5.35137e-05,0.0002675685,0
4295.0,4300.0,4297.5,0.0001122456,0.000561228,0
4300.0,4305.0,4302.5,5.708968e-05,0.0002854484,0
4305.0,4310.0,4307.5,6.053744e-05,0.0003026872,0
4310.0,4315.0,4312.5,9.866706e-05,0.0004933353,0
4315.0,4320.0,4317.5,7.249072e-05,0.0003624536,0
4320.0,4325.0,4322.5,8.966734e-05,0.0004483367,0
4325.0,4330.0,4327.5,0.00010917342,0.0005458671,0
4330.0,4335.0,4332.5,5.723722e-05,0.0002861861,0
4335.0,4340.0,4337.5,0.0001099529,0.0005497645,0
4340.0,4345.0,4342.5,9.304998e-05,0.0004652499,0
4345.0,4350.0,4347.5,9.21073e-05,0.0004605365,0
4350.0,4355.0,4352.5,0.00011498686,0.0005749343,0
4355.0,4360.0,4357.5,9.571906e-05,0.0004785953,0
4360.0,4365.0,4362.5,5.84575e-05,0.0002922875,0
4365.0,4370.0,4367.5,8.813892e-05,0.0004406946,0
4370.0,4375.0,4372.5,9.79576e-05,0.000489788,0
4375.0,4380.0,4377.5,7.732634e-05,0.0003866317,0
4380.0,4385.0,4382.5,8.291942e-05,0.0004145971,0
4385.0,4390.0,4387.5,9.791154e-05,0.0004895577,0
4390.0,4395.0,4392.5,6.410562e-05,0.0003205281,0
4395.0,4400.0,4397.5,0.00011932018,0.0005966009,0
4400.0,4405.0,4402.5,8.04922e-05,0.000402461,0
4405.0,4410.0,4407.5,8.060044e-05,0.0004030022,0
4410.0,4415.0,4412.5,0.0001197224,0.000598612,0
4415.0,4420.0,4417.5,9.11909e-05,0.0004559545,0
4420.0,4425.0,4422.5,0.00010635392,0.0005317696,0
4425.0,4430.0,4427.5,0.0001105799,0.0005528995,0
4430.0,4435.0,4432.5,7.992912e-05,0.0003996456,0
4435.0,4440.0,4437.5,5.35546e-05,0.000267773,0
4440.0,4445.0,4442.5,8.534988e-05,0.0004267494,0
4445.0,4450.0,4447.5,8.058996e-05,0.0004029498,0
4450.0,4455.0,4452.5,9.889468e-05,0.0004944734,0
4455.0,4460.0,4457.5,8.721674e-05,0.0004360837,0
4460.0,4465.0,4462.5,9.131172e-05,0.0004565586,0
4465.0,4470.0,4467.5,5.625092e-05,0.0002812546,0
4470.0,4475.0,4472.5,9.478166e-05,0.0004739083,0
4475.0,4480.0,4477.5,8.560436e-05,0.0004280218,0
4480.0,4485.0,4482.5,9.60826e-05,0.000480413,0
4485.0,4490.0,4487.5,7.001622e-05,0.0003500811,0
4490.0,4495.0,4492.5,8.434832e-05,0.0004217416,0
4495.0,4500.0,4497.5,7.80279e-05,0.0003901395,0
4500.0,4505.0,4502.5,8.586326e-05,0.0004293163,0
4505.0,4510.0,4507.5,7.71851e-05,0.0003859255,0
4510.0,4515.0,4512.5,0.00010430518,0.0005215259,0
4515.0,4520.0,4517.5,7.593474e-05,0.0003796737,0
4520.0,4525.0,4522.5,0.00011086484,0.0005543242,0
4525.0,4530.0,4527.5,9.14776e-05,0.000457388,0
4530.0,4535.0,4532.5,9.984302e-05,0.0004992151,0
4535.0,4540.0,4537.5,0.00010869934,0.0005434967,0
4540.0,4545.0,4542.5,8.933544e-05,0.0004466772,0
4545.0,4550.0,4547.5,7.742222e-05,0.0003871111,0
4550.0,4555.0,4552.5,8.597262e-05,0.0004298631,0
4555.0,4560.0,4557.5,6.711108e-05,0.0003355554,0
4560.0,4565.0,4562.5,4.999004e-05,0.0002499502,0
4565.0,4570.0,4567.5,0.00011316412,0.0005658206,0
4570.0,4575.0,4572.5,7.593966e-05,0.0003796983,0
4575.0,4580.0,4577.5,7.609498e-05,0.0003804749,0
4580.0,4585.0,4582.5,0.00010420904,0.0005210452,0
4585.0,4590.0,4587.5,9.15617e-05,0.0004578085,0
4590.0,4595.0,4592.5,8.441288e-05,0.0004220644,0
4595.0,4600.0,4597.5,9.176912e-05,0.0004588456,0
4600.0,4605.0,4602.5,9.57141e-05,0.0004785705,0
4605.0,4610.0,4607.5,9.3747e-05,0.000468735,0
4610.0,4615.0,4612.5,9.971772e-05,0.0004985886,0
4615.0,4620.0,4617.5,7.321706e-05,0.0003660853,0
4620.0,4625.0,4622.5,6.6899e-05,0.000334495,0
4625.0,4630.0,4627.5,0.0001065888,0.000532944,0
4630.0,4635.0,4632.5,8.884248e-05,0.0004442124,0
4635.0,4640.0,4637.5,8.56788e-05,0.000428394,0
4640.0,4645.0,4642.5,7.213304e-05,0.0003606652,0
4645.0,4650.0,4647.5,7.58376e-05,0.000379188,0
4650.0,4655.0,4652.5,5.997362e-05,0.0002998681,0
4655.0,4660.0,4657.5,0.00010459488,0.0005229744,0
4660.0,4665.0,4662.5,7.839742e-05,0.0003919871,0
4665.0,4670.0,4667.5,6.2238e-05,0.00031119,0
4670.0,4675.0,4672.5,8.834862e-05,0.0004417431,0
4675.0,4680.0,4677.5,8.732012e-05,0.0004366006,0
4680.0,4685.0,4682.5,5.77242e-05,0.000288621,0
4685.0,4690.0,4687.5,0.0001046353,0.0005231765,0
4690.0,4695.0,4692.5,8.540144e-05,0.0004270072,0
4695.0,4700.0,4697.5,5.057606e-05,0.0002528803,0
4700.0,4705.0,4702.5,7.142384e-05,0.0003571192,0
4705.0,4710.0,4707.5,8.217094e-05,0.0004108547,0
4710.0,4715.0,4712.5,9.080824e-05,0.0004540412,0
4715.0,4720.0,4717.5,6.067068e-05,0.0003033534,0
4720.0,4725.0,4722.5,8.705858e-05,0.0004352929,0
4725.0,4730.0,4727.5,7.09691e-05,0.0003548455,0
4730.0,4735.0,4732.5,6.550724e-05,0.0003275362,0
4735.0,4740.0,4737.5,8.04131e-05,0.0004020655,0
4740.0,4745.0,4742.5,9.226386e-05,0.0004613193,0
4745.0,4750.0,4747.5,5.995904e-05,0.0002997952,0
4750.0,4755.0,4752.5,7.52978e-05,0.000376489,0
4755.0,4760.0,4757.5,6.635006e-05,0.0003317503,0
4760.0,4765.0,4762.5,6.96689e-05,0.0003483445,0
4765.0,4770.0,4767.5,7.06108e-05,0.000353054,0
4770.0,4775.0,4772.5,7.188478e-05,0.0003594239,0
4775.0,4780.0,4777.5,8.879132e-05,0.0004439566,0
4780.0,4785.0,4782.5,0.00011406086,0.0005703043,0
4785.0,4790.0,4787.5,7.586102e-05,0.0003793051,0
4790.0,4795.0,4792.5,7.681344e-05,0.0003840672,0
4795.0,4800.0,4797.5,8.39335e-05,0.0004196675,0
4800.0,4805.0,4802.5,6.61633e-05,0.0003308165,0
4805.0,4810.0,4807.5,0.00010237776,0.0005118888,0
4810.0,4815.0,4812.5,4.001388e-05,0.0002000694,0
4815.0,4820.0,4817.5,6.313808e-05,0.0003156904,0
4820.0,4825.0,4822.5,8.600712e-05,0.0004300356,0
4825.0,4830.0,4827.5,0.00012224994,0.0006112497,0
4830.0,4835.0,4832.5,9.275876e-05,0.0004637938,0
4835.0,4840.0,4837.5,9.554108e-05,0.0004777054,0
4840.0,4845.0,4842.5,7.642412e-05,0.0003821206,0
4845.0,4850.0,4847.5,6.880828e-05,0.0003440414,0
4850.0,4855.0,4852.5,5.460566e-05,0.0002730283,0
4855.0,4860.0,4857.5,0.00014139594,0.0007069797,0
4860.0,4865.0,4862.5,8.95391e-05,0.0004476955,0
4865.0,4870.0,4867.5,6.030112e-05,0.0003015056,0
4870.0,4875.0,4872.5,7.56928e-05,0.000378464,0
4875.0,4880.0,4877.5,9.041504e-05,0.0004520752,0
4880.0,4885.0,4882.5,6.664522e-05,0.0003332261,0
4885.0,4890.0,4887.5,8.533356e-05,0.0004266678,0
4890.0,4895.0,4892.5,8.864672e-05,0.0004432336,0
4895.0,4900.0,4897.5,7.986382e-05,0.0003993191,0
4900.0,4905.0,4902.5,7.792834e-05,0.0003896417,0
4905.0,4910.0,4907.5,8.0094e-05,0.00040047,0
4910.0,4915.0,4912.5,7.118854e-05,0.0003559427,0
4915.0,4920.0,4917.5,4.955162e-05,0.0002477581,0
4920.0,4925.0,4922.5,8.193348e-05,0.0004096674,0
4925.0,4930.0,4927.5,7.210934e-05,0.0003605467,0
4930.0,4935.0,4932.5,8.269728e-05,0.0004134864,0
4935.0,4940.0,4937.5,6.407068e-05,0.0003203534,0
4940.0,4945.0,4942.5,8.188322e-05,0.0004094161,0
4945.0,4950.0,4947.5,6.001698e-05,0.0003000849,0
4950.0,4955.0,4952.5,6.9267e-05,0.000346335,0
4955.0,4960.0,4957.5,0.0001039027,0.0005195135,0
4960.0,4965.0,4962.5,8.868754e-05,0.0004434377,0
4965.0,4970.0,4967.5,7.206842e-05,0.0003603421,0
4970.0,4975.0,4972.5,6.158604e-05,0.0003079302,0
4975.0,4980.0,4977.5,0.00011712956,0.0005856478,0
4980.0,4985.0,4982.5,9.08801e-05,0.0004544005,0
4985.0,4990.0,4987.5,8.861032e-05,0.0004430516,0
4990.0,4995.0,4992.5,8.633878e-05,0.0004316939,0
4995.0,5000.0,4997.5,0.00010848512,0.0005424256,0
5000.0,5005.0,5002.5,8.647414e-05,0.0004323707,0
5005.0,5010.0,5007.5,7.645016e-05,0.0003822508,0
5010.0,5015.0,5012.5,7.817136e-05,0.0003908568,0
5015.0,5020.0,5017.5,7.578354e-05,0.0003789177,0
5020.0,5025.0,5022.5,8.746402e-05,0.0004373201,0
5025.0,5030.0,5027.5,9.886026e-05,0.0004943013,0
5030.0,5035.0,5032.5,7.062386e-05,0.0003531193,0
5035.0,5040.0,5037.5,9.127986e-05,0.0004563993,0
5040.0,5045.0,5042.5,8.444024e-05,0.0004222012,0
5045.0,5050.0,5047.5,6.030252e-05,0.0003015126,0
5050.0,5055.0,5052.5,7.350018e-05,0.0003675009,0
5055.0,5060.0,5057.5,9.721666e-05,0.0004860833,0
5060.0,5065.0,5062.5,8.215662e-05,0.0004107831,0
5065.0,5070.0,5067.5,8.191656e-05,0.0004095828,0
5070.0,5075.0,5072.5,6.606074e-05,0.0003303037,0
5075.0,5080.0,5077.5,9.944476e-05,0.0004972238,0
5080.0,5085.0,5082.5,7.724844e-05,0.0003862422,0
5085.0,5090.0,5087.5,8.4643e-05,0.000423215,0
5090.0,5095.0,5092.5,7.062278e-05,0.0003531139,0
5095.0,5100.0,5097.5,6.258192e-05,0.0003129096,0
5100.0,5105.0,5102.5,7.498304e-05,0.0003749152,0
5105.0,5110.0,5107.5,9.064826e-05,0.0004532413,0
5110.0,5115.0,5112.5,5.608396e-05,0.0002804198,0
5115.0,5120.0,5117.5,5.021218e-05,0.0002510609,0
5120.0,5125.0,5122.5,0.00010942826,0.0005471413,0
5125.0,5130.0,5127.5,7.954178e-05,0.0003977089,0
5130.0,5135.0,5132.5,6.875138e-05,0.0003437569,0
5135.0,5140.0,5137.5,7.608504e-05,0.0003804252,0
5140.0,5145.0,5142.5,9.147334e-05,0.0004573667,0
5145.0,5150.0,5147.5,9.283464e-05,0.0004641732,0
5150.0,5155.0,5152.5,8.756666e-05,0.0004378333,0
5155.0,5160.0,5157.5,9.83938e-05,0.000491969,0
5160.0,5165.0,5162.5,9.655502e-05,0.0004827751,0
5165.0,5170.0,5167.5,9.166864e-05,0.0004583432,0
5170.0,5175.0,5172.5,6.370692e-05,0.0003185346,0
5175.0,5180.0,5177.5,6.785266e-05,0.0003392633,0
5180.0,5185.0,5182.5,5.014242e-05,0.0002507121,0
5185.0,5190.0,5187.5,6.65283e-05,0.0003326415,0
5190.0,5195.0,5192.5,9.136932e-05,0.0004568466,0
5195.0,5200.0,5197.5,7.584488e-05,0.0003792244,0
5200.0,5205.0,5202.5,6.678452e-05,0.0003339226,0
5205.0,5210.0,5207.5,5.699172e-05,0.0002849586,0
5210.0,5215.0,5212.5,7.103216e-05,0.0003551608,0
5215.0,5220.0,5217.5,7.921034e-05,0.0003960517,0
5220.0,5225.0,5222.5,4.872996e-05,0.0002436498,0
5225.0,5230.0,5227.5,5.187872e-05,0.0002593936,0
5230.0,5235.0,5232.5,9.636338e-05,0.0004818169,0
5235.0,5240.0,5237.5,5.883216e-05,0.0002941608,0
5240.0,5245.0,5242.5,6.687268e-05,0.0003343634,0
5245.0,5250.0,5247.5,7.364874e-05,0.0003682437,0
5250.0,5255.0,5252.5,7.800302e-05,0.0003900151,0
5255.0,5260.0,5257.5,6.029478e-05,0.0003014739,0
5260.0,5265.0,5262.5,6.76121e-05,0.0003380605,0
5265.0,5270.0,5267.5,5.037572e-05,0.0002518786,0
5270.0,5275.0,5272.5,8.427202e-05,0.0004213601,0
5275.0,5280.0,5277.5,4.39232e-05,0.000219616,0
5280.0,5285.0,5282.5,6.708742e-05,0.0003354371,0
5285.0,5290.0,5287.5,8.195576e-05,0.0004097788,0
5290.0,5295.0,5292.5,8.149362e-05,0.0004074681,0
5295.0,5300.0,5297.5,5.64215e-05,0.0002821075,0
5300.0,5305.0,5302.5,6.954118e-05,0.0003477059,0
5305.0,5310.0,5307.5,0.0001074798,0.000537399,0
5310.0,5315.0,5312.5,8.473574e-05,0.0004236787,0
5315.0,5320.0,5317.5,3.885698e-05,0.0001942849,0
5320.0,5325.0,5322.5,4.727364e-05,0.0002363682,0
5325.0,5330.0,5327.5,5.786598e-05,0.0002893299,0
5330.0,5335.0,5332.5,8.141368e-05,0.0004070684,0
5335.0,5340.0,5337.5,7.670116e-05,0.0003835058,0
5340.0,5345.0,5342.5,7.281764e-05,0.0003640882,0
5345.0,5350.0,5347.5,5.90691e-05,0.0002953455,0
5350.0,5355.0,5352.5,7.767528e-05,0.0003883764,0
5355.0,5360.0,5357.5,3.32999e-05,0.0001664995,0
5360.0,5365.0,5362.5,7.717782e-05,0.0003858891,0
5365.0,5370.0,5367.5,9.13149e-05,0.0004565745,0
5370.0,5375.0,5372.5,8.325716e-05,0.0004162858,0
5375.0,5380.0,5377.5,7.955364e-05,0.0003977682,0
5380.0,5385.0,5382.5,8.02102e-05,0.000401051,0
5385.0,5390.0,5387.5,5.708006e-05,0.0002854003,0
5390.0,5395.0,5392.5,7.914706e-05,0.0003957353,0
5395.0,5400.0,5397.5,9.629028e-05,0.0004814514,0
5400.0,5405.0,5402.5,4.354954e-05,0.0002177477,0
5405.0,5410.0,5407.5,5.429744e-05,0.0002714872,0
5410.0,5415.0,5412.5,5.380228e-05,0.0002690114,0
5415.0,5420.0,5417.5,8.675524e-05,0.0004337762,0
5420.0,5425.0,5422.5,7.917902e-05,0.0003958951,0
5425.0,5430.0,5427.5,9.160238e-05,0.0004580119,0
5430.0,5435.0,5432.5,6.772314e-05,0.0003386157,0
5435.0,5440.0,5437.5,7.043942e-05,0.0003521971,0
5440.0,5445.0,5442.5,7.16038e-05,0.000358019,0
5445.0,5450.0,5447.5,0.00010682158,0.0005341079,0
5450.0,5455.0,5452.5,9.89586e-05,0.000494793,0
5455.0,5460.0,5457.5,7.963922e-05,0.0003981961,0
5460.0,5465.0,5462.5,8.87292e-05,0.000443646,0
5465.0,5470.0,5467.5,5.900546e-05,0.0002950273,0
5470.0,5475.0,5472.5,6.538364e-05,0.0003269182,0
5475.0,5480.0,5477.5,6.878136e-05,0.0003439068,0
5480.0,5485.0,5482.5,4.642798e-05,0.0002321399,0
5485.0,5490.0,5487.5,0.00012406886,0.0006203443,0
5490.0,5495.0,5492.5,6.46866e-05,0.000323433,0
5495.0,5500.0,5497.5,7.37178e-05,0.000368589,0
5500.0,5505.0,5502.5,8.008858e-05,0.0004004429,0
5505.0,5510.0,5507.5,7.519428e-05,0.0003759714,0
5510.0,5515.0,5512.5,9.940266e-05,0.0004970133,0
5515.0,5520.0,5517.5,8.095814e-05,0.0004047907,0
5520.0,5525.0,5522.5,9.651494e-05,0.0004825747,0
5525.0,5530.0,5527.5,0.00010209188,0.0005104594,0
5530.0,5535.0,5532.5,4.728726e-05,0.0002364363,0
5535.0,5540.0,5537.5,9.78573e-05,0.0004892865,0
5540.0,5545.0,5542.5,6.009552e-05,0.0003004776,0
5545.0,5550.0,5547.5,9.291888e-05,0.0004645944,0
5550.0,5555.0,5552.5,7.715896e-05,0.0003857948,0
5555.0,5560.0,5557.5,6.200736e-05,0.0003100368,0
5560.0,5565.0,5562.5,8.953486e-05,0.0004476743,0
5565.0,5570.0,5567.5,0.00011401688,0.0005700844,0
5570.0,5575.0,5572.5,9.356332e-05,0.0004678166,0
5575.0,5580.0,5577.5,6.874126e-05,0.0003437063,0
5580.0,5585.0,5582.5,5.317992e-05,0.0002658996,0
5585.0,5590.0,5587.5,6.764722e-05,0.0003382361,0
5590.0,5595.0,5592.5,5.83785e-05,0.0002918925,0
5595.0,5600.0,5597.5,6.486516e-05,0.0003243258,0
5600.0,5605.0,5602.5,8.295588e-05,0.0004147794,0
5605.0,5610.0,5607.5,5.070544e-05,0.0002535272,0
5610.0,5615.0,5612.5,5.167954e-05,0.0002583977,0
5615.0,5620.0,5617.5,7.97042e-05,0.000398521,0
5620.0,5625.0,5622.5,6.917608e-05,0.0003458804,0
5625.0,5630.0,5627.5,0.00011283618,0.0005641809,0
5630.0,5635.0,5632.5,7.025976e-05,0.0003512988,0
5635.0,5640.0,5637.5,6.620768e-05,0.0003310384,0
5640.0,5645.0,5642.5,6.847536e-05,0.0003423768,0
5645.0,5650.0,5647.5,6.10978e-05,0.000305489,0
5650.0,5655.0,5652.5,5.10109e-05,0.0002550545,0
5655.0,5660.0,5657.5,7.05288e-05,0.000352644,0
5660.0,5665.0,5662.5,0.00010403984,0.0005201992,0
5665.0,5670.0,5667.5,7.025008e-05,0.0003512504,0
5670.0,5675.0,5672.5,4.60583e-05,0.0002302915,0
5675.0,5680.0,5677.5,0.00010047842,0.0005023921,0
5680.0,5685.0,5682.5,7.2897e-05,0.000364485,0
5685.0,5690.0,5687.5,6.886828e-05,0.0003443414,0
5690.0,5695.0,5692.5,4.181238e-05,0.0002090619,0
5695.0,5700.0,5697.5,8.031056e-05,0.0004015528,0
5700.0,5705.0,5702.5,0.00011531302,0.0005765651,0
5705.0,5710.0,5707.5,7.83314e-05,0.000391657,0
5710.0,5715.0,5712.5,7.712124e-05,0.0003856062,0
5715.0,5720.0,5717.5,7.362994e-05,0.0003681497,0
5720.0,5725.0,5722.5,6.49041e-05,0.0003245205,0
5725.0,5730.0,5727.5,6.896104e-05,0.0003448052,0
5730.0,5735.0,5732.5,9.134758e-05,0.0004567379,0
5735.0,5740.0,5737.5,6.152044e-05,0.0003076022,0
5740.0,5745.0,5742.5,8.933648e-05,0.0004466824,0
5745.0,5750.0,5747.5,7.868132e-05,0.0003934066,0
5750.0,5755.0,5752.5,0.00011131416,0.0005565708,0
5755.0,5760.0,5757.5,7.94447e-05,0.0003972235,0
5760.0,5765.0,5762.5,8.520866e-05,0.0004260433,0
5765.0,5770.0,5767.5,6.793668e-05,0.0003396834,0
5770.0,5775.0,5772.5,9.123704e-05,0.0004561852,0
5775.0,5780.0,5777.5,5.492792e-05,0.0002746396,0
5780.0,5785.0,5782.5,8.09916e-05,0.000404958,0
5785.0,5790.0,5787.5,7.515402e-05,0.0003757701,0
5790.0,5795.0,5792.5,7.334534e-05,0.0003667267,0
5795.0,5800.0,5797.5,4.976972e-05,0.0002488486,0
5800.0,5805.0,5802.5,6.88463e-05,0.0003442315,0
5805.0,5810.0,5807.5,6.913824e-05,0.0003456912,0
5810.0,5815.0,5812.5,8.140224e-05,0.0004070112,0
5815.0,5820.0,5817.5,8.655436e-05,0.0004327718,0
5820.0,5825.0,5822.5,0.0001011163,0.0005055815,0
5825.0,5830.0,5827.5,7.19721e-05,0.0003598605,0
5830.0,5835.0,5832.5,0.0001243969,0.0006219845,0
5835.0,5840.0,5837.5,0.00010968904,0.0005484452,0
5840.0,5845.0,5842.5,6.970064e-05,0.0003485032,0
5845.0,5850.0,5847.5,8.741186e-05,0.0004370593,0
5850.0,5855.0,5852.5,7.808836e-05,0.0003904418,0
5855.0,5860.0,5857.5,6.287994e-05,0.0003143997,0
5860.0,5865.0,5862.5,5.185266e-05,0.0002592633,0
5865.0,5870.0,5867.5,5.962304e-05,0.0002981152,0
5870.0,5875.0,5872.5,5.460968e-05,0.0002730484,0
5875.0,5880.0,5877.5,8.095662e-05,0.0004047831,0
5880.0,5885.0,5882.5,4.315316e-05,0.0002157658,0
5885.0,5890.0,5887.5,7.298746e-05,0.0003649373,0
5890.0,5895.0,5892.5,6.579746e-05,0.0003289873,0
5895.0,5900.0,5897.5,5.345474e-05,0.0002672737,0
5900.0,5905.0,5902.5,0.00010024716,0.0005012358,0
5905.0,5910.0,5907.5,8.351518e-05,0.0004175759,0
5910.0,5915.0,5912.5,8.618694e-05,0.0004309347,0
5915.0,5920.0,5917.5,6.724506e-05,0.0003362253,0
5920.0,5925.0,5922.5,5.202572e-05,0.0002601286,0
5925.0,5930.0,5927.5,8.780482e-05,0.0004390241,0
5930.0,5935.0,5932.5,9.948494e-05,0.0004974247,0
5935.0,5940.0,5937.5,6.240416e-05,0.0003120208,0
5940.0,5945.0,5942.5,7.343754e-05,0.0003671877,0
5945.0,5950.0,5947.5,7.990346e-05,0.0003995173,0
5950.0,5955.0,5952.5,0.00010075916,0.0005037958,0
5955.0,5960.0,5957.5,7.75538e-05,0.000387769,0
5960.0,5965.0,5962.5,0.00010223884,0.0005111942,0
5965.0,5970.0,5967.5,7.823382e-05,0.0003911691,0
5970.0,5975.0,5972.5,5.938006e-05,0.0002969003,0
5975.0,5980.0,5977.5,8.331498e-05,0.0004165749,0
5980.0,5985.0,5982.5,7.423654e-05,0.0003711827,0
5985.0,5990.0,5987.5,6.661558e-05,0.0003330779,0
5990.0,5995.0,5992.5,6.984844e-05,0.0003492422,0
5995.0,6000.0,5997.5,6.41454e-05,0.000320727,0
6000.0,6005.0,6002.5,7.834752e-05,0.0003917376,0
6005.0,6010.0,6007.5,8.036872e-05,0.0004018436,0
6010.0,6015.0,6012.5,9.994424e-05,0.0004997212,0
6015.0,6020.0,6017.5,8.411982e-05,0.0004205991,0
6020.0,6025.0,6022.5,0.00010134972,0.0005067486,0
6025.0,6030.0,6027.5,8.33294e-05,0.000416647,0
6030.0,6035.0,6032.5,8.056384e-05,0.0004028192,0
6035.0,6040.0,6037.5,8.93119e-05,0.0004465595,0
6040.0,6045.0,6042.5,7.278432e-05,0.0003639216,0
6045.0,6050.0,6047.5,8.962898e-05,0.0004481449,0
6050.0,6055.0,6052.5,7.8208e-05,0.00039104,0
6055.0,6060.0,6057.5,6.110006e-05,0.0003055003,0
6060.0,6065.0,6062.5,5.953074e-05,0.0002976537,0
6065.0,6070.0,6067.5,6.230784e-05,0.0003115392,0
6070.0,6075.0,6072.5,6.304064e-05,0.0003152032,0
6075.0,6080.0,6077.5,6.61987e-05,0.0003309935,0
6080.0,6085.0,6082.5,0.00010479908,0.0005239954,0
6085.0,6090.0,6087.5,7.86396e-05,0.000393198,0
6090.0,6095.0,6092.5,8.78594e-05,0.000439297,0
6095.0,6100.0,6097.5,6.755678e-05,0.0003377839,0
6100.0,6105.0,6102.5,5.79054e-05,0.000289527,0
6105.0,6110.0,6107.5,0.00010162252,0.0005081126,0
6110.0,6115.0,6112.5,4.98066e-05,0.000249033,0
6115.0,6120.0,6117.5,7.177064e-05,0.0003588532,0
6120.0,6125.0,6122.5,9.007416e-05,0.0004503708,0
6125.0,6130.0,6127.5,9.68484e-05,0.000484242,0
6130.0,6135.0,6132.5,6.323228e-05,0.0003161614,0
6135.0,6140.0,6137.5,6.744858e-05,0.0003372429,0
6140.0,6145.0,6142.5,9.224762e-05,0.0004612381,0
6145.0,6150.0,6147.5,6.360054e-05,0.0003180027,0
6150.0,6155.0,6152.5,7.952926e-05,0.0003976463,0
6155.0,6160.0,6157.5,6.54059e-05,0.0003270295,0
6160.0,6165.0,6162.5,7.957512e-05,0.0003978756,0
6165.0,6170.0,6167.5,8.13563e-05,0.0004067815,0
6170.0,6175.0,6172.5,7.237946e-05,0.0003618973,0
6175.0,6180.0,6177.5,9.8853e-05,0.000494265,0
6180.0,6185.0,6182.5,6.757986e-05,0.0003378993,0
6185.0,6190.0,6187.5,8.432952e-05,0.0004216476,0
6190.0,6195.0,6192.5,5.572944e-05,0.0002786472,0
6195.0,6200.0,6197.5,7.877664e-05,0.0003938832,0
6200.0,6205.0,6202.5,5.269572e-05,0.0002634786,0
6205.0,6210.0,6207.5,8.672622e-05,0.0004336311,0
6210.0,6215.0,6212.5,4.880578e-05,0.0002440289,0
6215.0,6220.0,6217.5,7.66522e-05,0.000383261,0
6220.0,6225.0,6222.5,6.563696e-05,0.0003281848,0
6225.0,6230.0,6227.5,7.958566e-05,0.0003979283,0
6230.0,6235.0,6232.5,7.323186e-05,0.0003661593,0
6235.0,6240.0,6237.5,6.531382e-05,0.0003265691,0
6240.0,6245.0,6242.5,8.001208e-05,0.0004000604,0
6245.0,6250.0,6247.5,9.832126e-05,0.0004916063,0
6250.0,6255.0,6252.5,4.768618e-05,0.0002384309,0
6255.0,6260.0,6257.5,7.840456e-05,0.0003920228,0
6260.0,6265.0,6262.5,8.001632e-05,0.0004000816,0
6265.0,6270.0,6267.5,7.1221e-05,0.000356105,0
6270.0,6275.0,6272.5,4.29083e-05,0.0002145415,0
6275.0,6280.0,6277.5,5.31694e-05,0.000265847,0
6280.0,6285.0,6282.5,8.952504e-05,0.0004476252,0
6285.0,6290.0,6287.5,6.432126e-05,0.0003216063,0
6290.0,6295.0,6292.5,5.689206e-05,0.0002844603,0
6295.0,6300.0,6297.5,6.910196e-05,0.0003455098,0
6300.0,6305.0,6302.5,8.459014e-05,0.0004229507,0
6305.0,6310.0,6307.5,0.00010582322,0.0005291161,0
6310.0,6315.0,6312.5,5.036962e-05,0.0002518481,0
6315.0,6320.0,6317.5,7.39392e-05,0.000369696,0
6320.0,6325.0,6322.5,6.064412e-05,0.0003032206,0
6325.0,6330.0,6327.5,4.402096e-05,0.0002201048,0
6330.0,6335.0,6332.5,5.285076e-05,0.0002642538,0
6335.0,6340.0,6337.5,6.93839e-05,0.0003469195,0
6340.0,6345.0,6342.5,5.249042e-05,0.0002624521,0
6345.0,6350.0,6347.5,4.849364e-05,0.0002424682,0
6350.0,6355.0,6352.5,9.330144e-05,0.0004665072,0
6355.0,6360.0,6357.5,6.700964e-05,0.0003350482,0
6360.0,6365.0,6362.5,5.35443e-05,0.0002677215,0
6365.0,6370.0,6367.5,7.04278e-05,0.000352139,0
6370.0,6375.0,6372.5,7.775028e-05,0.0003887514,0
6375.0,6380.0,6377.5,6.12413e-05,0.0003062065,0
6380.0,6385.0,6382.5,9.041332e-05,0.0004520666,0
6385.0,6390.0,6387.5,0.0001123919,0.0005619595,0
6390.0,6395.0,6392.5,6.725724e-05,0.0003362862,0
6395.0,6400.0,6397.5,7.617832e-05,0.0003808916,0
6400.0,6405.0,6402.5,6.32883e-05,0.0003164415,0
6405.0,6410.0,6407.5,4.855932e-05,0.0002427966,0
6410.0,6415.0,6412.5,8.15219e-05,0.0004076095,0
6415.0,6420.0,6417.5,7.275946e-05,0.0003637973,0
6420.0,6425.0,6422.5,8.627686e-05,0.0004313843,0
6425.0,6430.0,6427.5,6.207782e-05,0.0003103891,0
6430.0,6435.0,6432.5,5.25021e-05,0.0002625105,0
6435.0,6440.0,6437.5,5.327278e-05,0.0002663639,0
6440.0,6445.0,6442.5,4.102378e-05,0.0002051189,0
6445.0,6450.0,6447.5,8.515706e-05,0.0004257853,0
6450.0,6455.0,6452.5,4.850158e-05,0.0002425079,0
6455.0,6460.0,6457.5,7.05562e-05,0.000352781,0
6460.0,6465.0,6462.5,7.2118e-05,0.00036059,0
6465.0,6470.0,6467.5,6.237022e-05,0.0003118511,0
6470.0,6475.0,6472.5,6.175318e-05,0.0003087659,0
6475.0,6480.0,6477.5,9.163826e-05,0.0004581913,0
6480.0,6485.0,6482.5,5.651942e-05,0.0002825971,0
6485.0,6490.0,6487.5,0.00010703984,0.0005351992,0
6490.0,6495.0,6492.5,9.661812e-05,0.0004830906,0
6495.0,6500.0,6497.5,8.462708e-05,0.0004231354,0
6500.0,6505.0,6502.5,5.590274e-05,0.0002795137,0
6505.0,6510.0,6507.5,6.42278e-05,0.000321139,0
6510.0,6515.0,6512.5,7.496678e-05,0.0003748339,0
6515.0,6520.0,6517.5,6.43619e-05,0.0003218095,0
6520.0,6525.0,6522.5,5.999412e-05,0.0002999706,0
6525.0,6530.0,6527.5,7.452216e-05,0.0003726108,0
6530.0,6535.0,6532.5,9.434406e-05,0.0004717203,0
6535.0,6540.0,6537.5,6.420632e-05,0.0003210316,0
6540.0,6545.0,6542.5,9.521066e-05,0.0004760533,0
6545.0,6550.0,6547.5,7.332506e-05,0.0003666253,0
6550.0,6555.0,6552.5,5.837562e-05,0.0002918781,0
6555.0,6560.0,6557.5,8.846272e-05,0.0004423136,0
6560.0,6565.0,6562.5,6.00431e-05,0.0003002155,0
6565.0,6570.0,6567.5,6.568652e-05,0.0003284326,0
6570.0,6575.0,6572.5,8.006596e-05,0.0004003298,0
6575.0,6580.0,6577.5,6.746946e-05,0.0003373473,0
6580.0,6585.0,6582.5,5.16976e-05,0.000258488,0
6585.0,6590.0,6587.5,8.763544e-05,0.0004381772,0
6590.0,6595.0,6592.5,8.23945e-05,0.0004119725,0
6595.0,6600.0,6597.5,6.198476e-05,0.0003099238,0
6600.0,6605.0,6602.5,5.256092e-05,0.0002628046,0
6605.0,6610.0,6607.5,7.027286e-05,0.0003513643,0
6610.0,6615.0,6612.5,5.21414e-05,0.000260707,0
6615.0,6620.0,6617.5,5.45016e-05,0.000272508,0
6620.0,6625.0,6622.5,7.918772e-05,0.0003959386,0
6625.0,6630.0,6627.5,7.048692e-05,0.0003524346,0
6630.0,6635.0,6632.5,6.92983e-05,0.0003464915,0
6635.0,6640.0,6637.5,5.00581e-05,0.0002502905,0
6640.0,6645.0,6642.5,7.26694e-05,0.000363347,0
6645.0,6650.0,6647.5,8.11082e-05,0.000405541,0
6650.0,6655.0,6652.5,6.34075e-05,0.0003170375,0
6655.0,6660.0,6657.5,6.096514e-05,0.0003048257,0
6660.0,6665.0,6662.5,4.942056e-05,0.0002471028,0
6665.0,6670.0,6667.5,5.486702e-05,0.0002743351,0
6670.0,6675.0,6672.5,7.751462e-05,0.0003875731,0
6675.0,6680.0,6677.5,8.28935e-05,0.0004144675,0
6680.0,6685.0,6682.5,5.436562e-05,0.0002718281,0
6685.0,6690.0,6687.5,8.173114e-05,0.0004086557,0
6690.0,6695.0,6692.5,8.019368e-05,0.0004009684,0
6695.0,6700.0,6697.5,0.00010695654,0.0005347827,0
6700.0,6705.0,6702.5,7.142206e-05,0.0003571103,0
6705.0,6710.0,6707.5,6.488636e-05,0.0003244318,0
6710.0,6715.0,6712.5,6.293e-05,0.00031465,0
6715.0,6720.0,6717.5,8.206134e-05,0.0004103067,0
6720.0,6725.0,6722.5,9.265622e-05,0.0004632811,0
6725.0,6730.0,6727.5,8.84436e-05,0.000442218,0
6730.0,6735.0,6732.5,7.334076e-05,0.0003667038,0
6735.0,6740.0,6737.5,6.000066e-05,0.0003000033,0
6740.0,6745.0,6742.5,5.034224e-05,0.0002517112,0
6745.0,6750.0,6747.5,9.95778e-05,0.000497889,0
6750.0,6755.0,6752.5,6.968572e-05,0.0003484286,0
6755.0,6760.0,6757.5,2.3744e-05,0.00011872,0
6760.0,6765.0,6762.5,5.843926e-05,0.0002921963,0
6765.0,6770.0,6767.5,3.479898e-05,0.0001739949,0
6770.0,6775.0,6772.5,8.470924e-05,0.0004235462,0
6775.0,6780.0,6777.5,5.996472e-05,0.0002998236,0
6780.0,6785.0,6782.5,7.210068e-05,0.0003605034,0
6785.0,6790.0,6787.5,6.577512e-05,0.0003288756,0
6790.0,6795.0,6792.5,7.747472e-05,0.0003873736,0
6795.0,6800.0,6797.5,5.647126e-05,0.0002823563,0
6800.0,6805.0,6802.5,5.308458e-05,0.0002654229,0
6805.0,6810.0,6807.5,6.454096e-05,0.0003227048,0
6810.0,6815.0,6812.5,9.382898e-05,0.0004691449,0
6815.0,6820.0,6817.5,5.610794e-05,0.0002805397,0
6820.0,6825.0,6822.5,5.951718e-05,0.0002975859,0
6825.0,6830.0,6827.5,5.564168e-05,0.0002782084,0
6830.0,6835.0,6832.5,6.806734e-05,0.0003403367,0
6835.0,6840.0,6837.5,6.217502e-05,0.0003108751,0
6840.0,6845.0,6842.5,6.500424e-05,0.0003250212,0
6845.0,6850.0,6847.5,3.97258e-05,0.000198629,0
6850.0,6855.0,6852.5,7.503702e-05,0.0003751851,0
6855.0,6860.0,6857.5,4.039144e-05,0.0002019572,0
6860.0,6865.0,6862.5,7.858292e-05,0.0003929146,0
6865.0,6870.0,6867.5,8.721748e-05,0.0004360874,0
6870.0,6875.0,6872.5,5.650388e-05,0.0002825194,0
6875.0,6880.0,6877.5,9.90258e-05,0.000495129,0
6880.0,6885.0,6882.5,7.548612e-05,0.0003774306,0
6885.0,6890.0,6887.5,7.865294e-05,0.0003932647,0
6890.0,6895.0,6892.5,7.550688e-05,0.0003775344,0
6895.0,6900.0,6897.5,6.08206e-05,0.000304103,0
6900.0,6905.0,6902.5,7.375306e-05,0.0003687653,0
6905.0,6910.0,6907.5,3.1494e-05,0.00015747,0
6910.0,6915.0,6912.5,8.82785e-05,0.0004413925,0
6915.0,6920.0,6917.5,6.604754e-05,0.0003302377,0
6920.0,6925.0,6922.5,5.619214e-05,0.0002809607,0
6925.0,6930.0,6927.5,7.885216e-05,0.0003942608,0
6930.0,6935.0,6932.5,6.243542e-05,0.0003121771,0
6935.0,6940.0,6937.5,5.23996e-05,0.000261998,0
6940.0,6945.0,6942.5,5.716262e-05,0.0002858131,0
6945.0,6950.0,6947.5,7.952254e-05,0.0003976127,0
6950.0,6955.0,6952.5,7.602822e-05,0.0003801411,0
6955.0,6960.0,6957.5,5.801092e-05,0.0002900546,0
6960.0,6965.0,6962.5,9.282244e-05,0.0004641122,0
6965.0,6970.0,6967.5,7.05446e-05,0.000352723,0
6970.0,6975.0,6972.5,5.180874e-05,0.0002590437,0
6975.0,6980.0,6977.5,6.457812e-05,0.0003228906,0
6980.0,6985.0,6982.5,2.953318e-05,0.0001476659,0
6985.0,6990.0,6987.5,6.474712e-05,0.0003237356,0
6990.0,6995.0,6992.5,3.801752e-05,0.0001900876,0
6995.0,7000.0,6997.5,6.065286e-05,0.0003032643,0
7000.0,7005.0,7002.5,6.372924e-05,0.0003186462,0
7005.0,7010.0,7007.5,9.219962e-05,0.0004609981,0
7010.0,7015.0,7012.5,6.98545e-05,0.0003492725,0
7015.0,7020.0,7017.5,7.02888e-05,0.000351444,0
7020.0,7025.0,7022.5,7.52758e-05,0.000376379,0
7025.0,7030.0,7027.5,0.00010250212,0.0005125106,0
7030.0,7035.0,7032.5,4.482318e-05,0.0002241159,0
7035.0,7040.0,7037.5,5.916752e-05,0.0002958376,0
7040.0,7045.0,7042.5,5.51864e-05,0.000275932,0
7045.0,7050.0,7047.5,6.97971e-05,0.0003489855,0
7050.0,7055.0,7052.5,5.895236e-05,0.0002947618,0
7055.0,7060.0,7057.5,5.683574e-05,0.0002841787,0
7060.0,7065.0,7062.5,7.151174e-05,0.0003575587,0
7065.0,7070.0,7067.5,4.548874e-05,0.0002274437,0
7070.0,7075.0,7072.5,6.433602e-05,0.0003216801,0
7075.0,7080.0,7077.5,5.707466e-05,0.0002853733,0
7080.0,7085.0,7082.5,8.095702e-05,0.0004047851,0
7085.0,7090.0,7087.5,9.39652e-05,0.000469826,0
7090.0,7095.0,7092.5,5.381714e-05,0.0002690857,0
7095.0,7100.0,7097.5,6.63926e-05,0.000331963,0
7100.0,7105.0,7102.5,6.712964e-05,0.0003356482,0
7105.0,7110.0,7107.5,4.980078e-05,0.0002490039,0
7110.0,7115.0,7112.5,5.457834e-05,0.0002728917,0
7115.0,7120.0,7117.5,6.11063e-05,0.0003055315,0
7120.0,7125.0,7122.5,4.342104e-05,0.0002171052,0
7125.0,7130.0,7127.5,4.609238e-05,0.0002304619,0
7130.0,7135.0,7132.5,5.440514e-05,0.0002720257,0
7135.0,7140.0,7137.5,4.254294e-05,0.0002127147,0
7140.0,7145.0,7142.5,6.572668e-05,0.0003286334,0
7145.0,7150.0,7147.5,4.535114e-05,0.0002267557,0
7150.0,7155.0,7152.5,6.246348e-05,0.0003123174,0
7155.0,7160.0,7157.5,4.530178e-05,0.0002265089,0
7160.0,7165.0,7162.5,6.081152e-05,0.0003040576,0
7165.0,7170.0,7167.5,7.661962e-05,0.0003830981,0
7170.0,7175.0,7172.5,6.83249e-05,0.0003416245,0
7175.0,7180.0,7177.5,5.06424e-05,0.000253212,0
7180.0,7185.0,7182.5,4.577682e-05,0.0002288841,0
7185.0,7190.0,7187.5,8.285462e-05,0.0004142731,0
7190.0,7195.0,7192.5,3.498308e-05,0.0001749154,0
7195.0,7200.0,7197.5,5.217934e-05,0.0002608967,0
7200.0,7205.0,7202.5,6.801672e-05,0.0003400836,0
7205.0,7210.0,7207.5,6.561234e-05,0.0003280617,0
7210.0,7215.0,7212.5,6.867406e-05,0.0003433703,0
7215.0,7220.0,7217.5,5.739868e-05,0.0002869934,0
7220.0,7225.0,7222.5,4.802682e-05,0.0002401341,0
7225.0,7230.0,7227.5,2.749126e-05,0.0001374563,0
7230.0,7235.0,7232.5,6.921888e-05,0.0003460944,0
7235.0,7240.0,7237.5,4.581204e-05,0.0002290602,0
7240.0,7245.0,7242.5,9.464736e-05,0.0004732368,0
7245.0,7250.0,7247.5,5.970234e-05,0.0002985117,0
7250.0,7255.0,7252.5,4.2458e-05,0.00021229,0
7255.0,7260.0,7257.5,5.378446e-05,0.0002689223,0
7260.0,7265.0,7262.5,5.861324e-05,0.0002930662,0
7265.0,7270.0,7267.5,5.696074e-05,0.0002848037,0
7270.0,7275.0,7272.5,0.00010314326,0.0005157163,0
7275.0,7280.0,7277.5,4.337416e-05,0.0002168708,0
7280.0,7285.0,7282.5,5.932692e-05,0.0002966346,0
7285.0,7290.0,7287.5,7.27259e-05,0.0003636295,0
7290.0,7295.0,7292.5,7.772052e-05,0.0003886026,0
7295.0,7300.0,7297.5,4.751014e-05,0.0002375507,0
7300.0,7305.0,7302.5,5.575684e-05,0.0002787842,0
7305.0,7310.0,7307.5,8.342104e-05,0.0004171052,0
7310.0,7315.0,7312.5,6.025404e-05,0.0003012702,0
7315.0,7320.0,7317.5,8.764576e-05,0.0004382288,0
7320.0,7325.0,7322.5,5.303782e-05,0.0002651891,0
7325.0,7330.0,7327.5,2.514724e-05,0.0001257362,0
7330.0,7335.0,7332.5,7.195946e-05,0.0003597973,0
7335.0,7340.0,7337.5,4.02207e-05,0.0002011035,0
7340.0,7345.0,7342.5,5.52953e-05,0.0002764765,0
7345.0,7350.0,7347.5,7.278214e-05,0.0003639107,0
7350.0,7355.0,7352.5,6.43815e-05,0.0003219075,0
7355.0,7360.0,7357.5,8.531366e-05,0.0004265683,0
7360.0,7365.0,7362.5,3.89576e-05,0.000194788,0
7365.0,7370.0,7367.5,4.58457e-05,0.0002292285,0
7370.0,7375.0,7372.5,8.624378e-05,0.0004312189,0
7375.0,7380.0,7377.5,6.78825e-05,0.0003394125,0
7380.0,7385.0,7382.5,5.433596e-05,0.0002716798,0
7385.0,7390.0,7387.5,6.270384e-05,0.0003135192,0
7390.0,7395.0,7392.5,6.852714e-05,0.0003426357,0
7395.0,7400.0,7397.5,7.529452e-05,0.0003764726,0
7400.0,7405.0,7402.5,7.194754e-05,0.0003597377,0
7405.0,7410.0,7407.5,4.73626e-05,0.000236813,0
7410.0,7415.0,7412.5,5.788742e-05,0.0002894371,0
7415.0,7420.0,7417.5,4.778744e-05,0.0002389372,0
7420.0,7425.0,7422.5,5.652162e-05,0.0002826081,0
7425.0,7430.0,7427.5,5.717536e-05,0.0002858768,0
7430.0,7435.0,7432.5,6.504036e-05,0.0003252018,0
7435.0,7440.0,7437.5,7.35391e-05,0.0003676955,0
7440.0,7445.0,7442.5,5.107614e-05,0.0002553807,0
7445.0,7450.0,7447.5,8.293934e-05,0.0004146967,0
7450.0,7455.0,7452.5,4.981992e-05,0.0002490996,0
7455.0,7460.0,7457.5,6.87141e-05,0.0003435705,0
7460.0,7465.0,7462.5,2.796994e-05,0.0001398497,0
7465.0,7470.0,7467.5,7.762186e-05,0.0003881093,0
7470.0,7475.0,7472.5,6.565684e-05,0.0003282842,0
7475.0,7480.0,7477.5,6.11857e-05,0.0003059285,0
7480.0,7485.0,7482.5,4.840636e-05,0.0002420318,0
7485.0,7490.0,7487.5,3.83043e-05,0.0001915215,0
7490.0,7495.0,7492.5,6.868544e-05,0.0003434272,0
7495.0,7500.0,7497.5,7.202556e-05,0.0003601278,0
7500.0,7505.0,7502.5,7.756698e-05,0.0003878349,0
7505.0,7510.0,7507.5,3.66979e-05,0.0001834895,0
7510.0,7515.0,7512.5,7.051428e-05,0.0003525714,0
7515.0,7520.0,7517.5,4.87577e-05,0.0002437885,0
7520.0,7525.0,7522.5,6.27501e-05,0.0003137505,0
7525.0,7530.0,7527.5,6.252462e-05,0.0003126231,0
7530.0,7535.0,7532.5,9.15385e-05,0.0004576925,0
7535.0,7540.0,7537.5,5.947486e-05,0.0002973743,0
7540.0,7545.0,7542.5,4.848062e-05,0.0002424031,0
7545.0,7550.0,7547.5,4.110156e-05,0.0002055078,0
7550.0,7555.0,7552.5,5.329278e-05,0.0002664639,0
7555.0,7560.0,7557.5,5.939366e-05,0.0002969683,0
7560.0,7565.0,7562.5,8.06234e-05,0.000403117,0
7565.0,7570.0,7567.5,5.89275e-05,0.0002946375,0
7570.0,7575.0,7572.5,5.937656e-05,0.0002968828,0
7575.0,7580.0,7577.5,4.110148e-05,0.0002055074,0
7580.0,7585.0,7582.5,7.951112e-05,0.0003975556,0
7585.0,7590.0,7587.5,5.424424e-05,0.0002712212,0
7590.0,7595.0,7592.5,7.76845e-05,0.0003884225,0
7595.0,7600.0,7597.5,4.907836e-05,0.0002453918,0
7600.0,7605.0,7602.5,5.123828e-05,0.0002561914,0
7605.0,7610.0,7607.5,6.303458e-05,0.0003151729,0
7610.0,7615.0,7612.5,7.66698e-05,0.000383349,0
7615.0,7620.0,7617.5,4.09095e-05,0.0002045475,0
7620.0,7625.0,7622.5,4.638542e-05,0.0002319271,0
7625.0,7630.0,7627.5,6.193916e-05,0.0003096958,0
7630.0,7635.0,7632.5,3.71316e-05,0.000185658,0
7635.0,7640.0,7637.5,4.02086e-05,0.000201043,0
7640.0,7645.0,7642.5,6.29039e-05,0.0003145195,0
7645.0,7650.0,7647.5,5.585188e-05,0.0002792594,0
7650.0,7655.0,7652.5,7.07314e-05,0.000353657,0
7655.0,7660.0,7657.5,3.640386e-05,0.0001820193,0
7660.0,7665.0,7662.5,6.474452e-05,0.0003237226,0
7665.0,7670.0,7667.5,4.372414e-05,0.0002186207,0
7670.0,7675.0,7672.5,3.68351e-05,0.0001841755,0
7675.0,7680.0,7677.5,5.95465e-05,0.0002977325,0
7680.0,7685.0,7682.5,4.618226e-05,0.0002309113,0
7685.0,7690.0,7687.5,5.314708e-05,0.0002657354,0
7690.0,7695.0,7692.5,6.95984e-05,0.000347992,0
7695.0,7700.0,7697.5,4.072508e-05,0.0002036254,0
7700.0,7705.0,7702.5,4.764264e-05,0.0002382132,0
7705.0,7710.0,7707.5,4.20787e-05,0.0002103935,0
7710.0,7715.0,7712.5,6.137562e-05,0.0003068781,0
7715.0,7720.0,7717.5,4.516112e-05,0.0002258056,0
7720.0,7725.0,7722.5,5.463478e-05,0.0002731739,0
7725.0,7730.0,7727.5,4.150158e-05,0.0002075079,0
7730.0,7735.0,7732.5,5.780124e-05,0.0002890062,0
7735.0,7740.0,7737.5,4.189206e-05,0.0002094603,0
7740.0,7745.0,7742.5,5.637212e-05,0.0002818606,0
7745.0,7750.0,7747.5,6.687034e-05,0.0003343517,0
7750.0,7755.0,7752.5,4.46567e-05,0.0002232835,0
7755.0,7760.0,7757.5,4.153964e-05,0.0002076982,0
7760.0,7765.0,7762.5,4.774868e-05,0.0002387434,0
7765.0,7770.0,7767.5,3.458494e-05,0.0001729247,0
7770.0,7775.0,7772.5,7.016916e-05,0.0003508458,0
7775.0,7780.0,7777.5,0.00010410834,0.0005205417,0
7780.0,7785.0,7782.5,8.288158e-05,0.0004144079,0
7785.0,7790.0,7787.5,7.162114e-05,0.0003581057,0
7790.0,7795.0,7792.5,6.852044e-05,0.0003426022,0
7795.0,7800.0,7797.5,4.950264e-05,0.0002475132,0
7800.0,7805.0,7802.5,6.074968e-05,0.0003037484,0
7805.0,7810.0,7807.5,6.93856e-05,0.000346928,0
7810.0,7815.0,7812.5,6.54764e-05,0.000327382,0
7815.0,7820.0,7817.5,6.317522e-05,0.0003158761,0
7820.0,7825.0,7822.5,5.37312e-05,0.000268656,0
7825.0,7830.0,7827.5,5.775278e-05,0.0002887639,0
7830.0,7835.0,7832.5,3.691632e-05,0.0001845816,0
7835.0,7840.0,7837.5,5.772246e-05,0.0002886123,0
7840.0,7845.0,7842.5,5.186332e-05,0.0002593166,0
7845.0,7850.0,7847.5,4.18888e-05,0.000209444,0
7850.0,7855.0,7852.5,5.365428e-05,0.0002682714,0
7855.0,7860.0,7857.5,7.49217e-05,0.0003746085,0
7860.0,7865.0,7862.5,7.185532e-05,0.0003592766,0
7865.0,7870.0,7867.5,4.35179e-05,0.0002175895,0
7870.0,7875.0,7872.5,7.853048e-05,0.0003926524,0
7875.0,7880.0,7877.5,4.86394e-05,0.000243197,0
7880.0,7885.0,7882.5,5.837716e-05,0.0002918858,0
7885.0,7890.0,7887.5,8.585484e-05,0.0004292742,0
7890.0,7895.0,7892.5,5.982014e-05,0.0002991007,0
7895.0,7900.0,7897.5,4.93948e-05,0.000246974,0
7900.0,7905.0,7902.5,8.809846e-05,0.0004404923,0
7905.0,7910.0,7907.5,7.989838e-05,0.0003994919,0
7910.0,7915.0,7912.5,5.734748e-05,0.0002867374,0
7915.0,7920.0,7917.5,6.402146e-05,0.0003201073,0
7920.0,7925.0,7922.5,4.993696e-05,0.0002496848,0
7925.0,7930.0,7927.5,7.119478e-05,0.0003559739,0
7930.0,7935.0,7932.5,6.162938e-05,0.0003081469,0
7935.0,7940.0,7937.5,7.726548e-05,0.0003863274,0
7940.0,7945.0,7942.5,5.517438e-05,0.0002758719,0
7945.0,7950.0,7947.5,4.962352e-05,0.0002481176,0
7950.0,7955.0,7952.5,2.890976e-05,0.0001445488,0
7955.0,7960.0,7957.5,7.87957e-05,0.0003939785,0
7960.0,7965.0,7962.5,4.817594e-05,0.0002408797,0
7965.0,7970.0,7967.5,3.012284e-05,0.0001506142,0
7970.0,7975.0,7972.5,7.281344e-05,0.0003640672,0
7975.0,7980.0,7977.5,5.614218e-05,0.0002807109,0
7980.0,7985.0,7982.5,6.411192e-05,0.0003205596,0
7985.0,7990.0,7987.5,4.215622e-05,0.0002107811,0
7990.0,7995.0,7992.5,4.28155e-05,0.0002140775,0
7995.0,8000.0,7997.5,4.484332e-05,0.0002242166,0
8000.0,8005.0,8002.5,5.451078e-05,0.0002725539,0
8005.0,8010.0,8007.5,6.40885e-05,0.0003204425,0
8010.0,8015.0,8012.5,6.693798e-05,0.0003346899,0
8015.0,8020.0,8017.5,5.0848e-05,0.00025424,0
8020.0,8025.0,8022.5,5.678372e-05,0.0002839186,0
8025.0,8030.0,8027.5,4.5553e-05,0.000227765,0
8030.0,8035.0,8032.5,5.565064e-05,0.0002782532,0
8035.0,8040.0,8037.5,6.261102e-05,0.0003130551,0
8040.0,8045.0,8042.5,4.855594e-05,0.0002427797,0
8045.0,8050.0,8047.5,3.764622e-05,0.0001882311,0
8050.0,8055.0,8052.5,5.013444e-05,0.0002506722,0
8055.0,8060.0,8057.5,6.473632e-05,0.0003236816,0
8060.0,8065.0,8062.5,3.490028e-05,0.0001745014,0
8065.0,8070.0,8067.5,6.912406e-05,0.0003456203,0
8070.0,8075.0,8072.5,5.153916e-05,0.0002576958,0
8075.0,8080.0,8077.5,5.34454e-05,0.000267227,0
8080.0,8085.0,8082.5,5.394758e-05,0.0002697379,0
8085.0,8090.0,8087.5,5.367034e-05,0.0002683517,0
8090.0,8095.0,8092.5,8.093922e-05,0.0004046961,0
8095.0,8100.0,8097.5,5.904194e-05,0.0002952097,0
8100.0,8105.0,8102.5,4.863642e-05,0.0002431821,0
8105.0,8110.0,8107.5,5.747102e-05,0.0002873551,0
8110.0,8115.0,8112.5,0.00010212566,0.0005106283,0
8115.0,8120.0,8117.5,6.60239e-05,0.0003301195,0
8120.0,8125.0,8122.5,4.063884e-05,0.0002031942,0
8125.0,8130.0,8127.5,6.33698e-05,0.000316849,0
8130.0,8135.0,8132.5,3.810374e-05,0.0001905187,0
8135.0,8140.0,8137.5,8.261752e-05,0.0004130876,0
8140.0,8145.0,8142.5,4.962672e-05,0.0002481336,0
8145.0,8150.0,8147.5,5.309412e-05,0.0002654706,0
8150.0,8155.0,8152.5,5.31985e-05,0.0002659925,0
8155.0,8160.0,8157.5,6.384338e-05,0.0003192169,0
8160.0,8165.0,8162.5,5.612278e-05,0.0002806139,0
8165.0,8170.0,8167.5,5.103682e-05,0.0002551841,0
8170.0,8175.0,8172.5,5.090918e-05,0.0002545459,0
8175.0,8180.0,8177.5,4.030796e-05,0.0002015398,0
8180.0,8185.0,8182.5,4.17472e-05,0.000208736,0
8185.0,8190.0,8187.5,5.334066e-05,0.0002667033,0
8190.0,8195.0,8192.5,5.72475e-05,0.0002862375,0
8195.0,8200.0,8197.5,4.892588e-05,0.0002446294,0
8200.0,8205.0,8202.5,4.302486e-05,0.0002151243,0
8205.0,8210.0,8207.5,5.829394e-05,0.0002914697,0
8210.0,8215.0,8212.5,5.613444e-05,0.0002806722,0
8215.0,8220.0,8217.5,4.84457e-05,0.0002422285,0
8220.0,8225.0,8222.5,6.133648e-05,0.0003066824,0
8225.0,8230.0,8227.5,5.222208e-05,0.0002611104,0
8230.0,8235.0,8232.5,6.013772e-05,0.0003006886,0
8235.0,8240.0,8237.5,8.524928e-05,0.0004262464,0
8240.0,8245.0,8242.5,5.361502e-05,0.0002680751,0
8245.0,8250.0,8247.5,4.454088e-05,0.0002227044,0
8250.0,8255.0,8252.5,5.507998e-05,0.0002753999,0
8255.0,8260.0,8257.5,5.00035e-05,0.0002500175,0
8260.0,8265.0,8262.5,4.529542e-05,0.0002264771,0
8265.0,8270.0,8267.5,3.797734e-05,0.0001898867,0
8270.0,8275.0,8272.5,5.813076e-05,0.0002906538,0
8275.0,8280.0,8277.5,7.575556e-05,0.0003787778,0
8280.0,8285.0,8282.5,4.363958e-05,0.0002181979,0
8285.0,8290.0,8287.5,3.62897e-05,0.0001814485,0
8290.0,8295.0,8292.5,7.404452e-05,0.0003702226,0
8295.0,8300.0,8297.5,4.937512e-05,0.0002468756,0
8300.0,8305.0,8302.5,4.54485e-05,0.0002272425,0
8305.0,8310.0,8307.5,5.950532e-05,0.0002975266,0
8310.0,8315.0,8312.5,4.128884e-05,0.0002064442,0
8315.0,8320.0,8317.5,6.138274e-05,0.0003069137,0
8320.0,8325.0,8322.5,3.84912e-05,0.000192456,0
8325.0,8330.0,8327.5,6.891654e-05,0.0003445827,0
8330.0,8335.0,8332.5,4.853578e-05,0.0002426789,0
8335.0,8340.0,8337.5,5.37252e-05,0.000268626,0
8340.0,8345.0,8342.5,2.229806e-05,0.0001114903,0
8345.0,8350.0,8347.5,2.289948e-05,0.0001144974,0
8350.0,8355.0,8352.5,4.37732e-06,2.18866e-05,0
8355.0,8360.0,8357.5,3.271354e-05,0.0001635677,0
8360.0,8365.0,8362.5,2.309634e-05,0.0001154817,0
8370.0,8375.0,8372.5,1.774166e-05,8.87083e-05,0
8375.0,8380.0,8377.5,3.267114e-05,0.0001633557,0
8380.0,8385.0,8382.5,3.439716e-05,0.0001719858,0
8385.0,8390.0,8387.5,1.521568e-05,7.60784e-05,0
8390.0,8395.0,8392.5,1.463656e-05,7.31828e-05,0
8395.0,8400.0,8397.5,2.392188e-05,0.0001196094,0
8400.0,8405.0,8402.5,2.19429e-05,0.0001097145,0
8405.0,8410.0,8407.5,1.446856e-05,7.23428e-05,0
8410.0,8415.0,8412.5,1.787702e-05,8.93851e-05,0
8415.0,8420.0,8417.5,2.235888e-05,0.0001117944,0
8420.0,8425.0,8422.5,1.869172e-05,9.34586e-05,0
8425.0,8430.0,8427.5,2.482166e-05,0.0001241083,0
8430.0,8435.0,8432.5,1.852216e-05,9.26108e-05,0
8435.0,8440.0,8437.5,3.598384e-05,0.0001799192,0
8440.0,8445.0,8442.5,1.077478e-05,5.38739e-05,0
8445.0,8450.0,8447.5,3.191194e-05,0.0001595597,0
8450.0,8455.0,8452.5,1.463656e-05,7.31828e-05,0
8455.0,8460.0,8457.5,1.480262e-05,7.40131e-05,0
8460.0,8465.0,8462.5,3.415076e-05,0.0001707538,0
8465.0,8470.0,8467.5,1.42544e-05,7.1272e-05,0
8470.0,8475.0,8472.5,2.582978e-05,0.0001291489,0
8475.0,8480.0,8477.5,1.102506e-05,5.51253e-05,0
8480.0,8485.0,8482.5,2.546996e-05,0.0001273498,0
8485.0,8490.0,8487.5,1.821934e-05,9.10967e-05,0
8490.0,8495.0,8492.5,4.332654e-05,0.0002166327,0
8495.0,8500.0,8497.5,2.216746e-05,0.0001108373,0
8500.0,8505.0,8502.5,2.267032e-05,0.0001133516,0
8505.0,8510.0,8507.5,3.54234e-06,1.77117e-05,0
8510.0,8515.0,8512.5,3.794788e-05,0.0001897394,0
8515.0,8520.0,8517.5,2.577516e-05,0.0001288758,0
8520.0,8525.0,8522.5,2.134048e-05,0.0001067024,0
8525.0,8530.0,8527.5,3.654608e-05,0.0001827304,0
8530.0,8535.0,8532.5,1.307836e-05,6.53918e-05,0
8535.0,8540.0,8537.5,3.261772e-05,0.0001630886,0
8540.0,8545.0,8542.5,1.694658e-05,8.47329e-05,0
8545.0,8550.0,8547.5,4.236598e-05,0.0002118299,0
8550.0,8555.0,8552.5,2.202438e-05,0.0001101219,0
8555.0,8560.0,8557.5,3.241868e-05,0.0001620934,0
8560.0,8565.0,8562.5,1.060216e-05,5.30108e-05,0
8565.0,8570.0,8567.5,1.436246e-05,7.18123e-05,0
8570.0,8575.0,8572.5,2.658562e-05,0.0001329281,0
8575.0,8580.0,8577.5,5.459838e-05,0.0002729919,0
8580.0,8585.0,8582.5,1.503332e-05,7.51666e-05,0
8585.0,8590.0,8587.5,3.87825e-05,0.0001939125,0
8590.0,8595.0,8592.5,1.116052e-05,5.58026e-05,0
8595.0,8600.0,8597.5,1.0627e-05,5.3135e-05,0
8600.0,8605.0,8602.5,1.53444e-05,7.6722e-05,0
8605.0,8610.0,8607.5,3.662678e-05,0.0001831339,0
8610.0,8615.0,8612.5,2.12741e-05,0.0001063705,0
8615.0,8620.0,8617.5,1.170064e-05,5.85032e-05,0
8620.0,8625.0,8622.5,2.133248e-05,0.0001066624,0
8625.0,8630.0,8627.5,2.107208e-05,0.0001053604,0
8630.0,8635.0,8632.5,1.753828e-05,8.76914e-05,0
8635.0,8640.0,8637.5,1.793536e-05,8.96768e-05,0
8640.0,8645.0,8642.5,1.532818e-05,7.66409e-05,0
8645.0,8650.0,8647.5,1.873022e-05,9.36511e-05,0
8650.0,8655.0,8652.5,1.836556e-05,9.18278e-05,0
8655.0,8660.0,8657.5,1.752072e-05,8.76036e-05,0
8660.0,8665.0,8662.5,2.886792e-05,0.0001443396,0
8665.0,8670.0,8667.5,1.617018e-05,8.08509e-05,0
8670.0,8675.0,8672.5,7.9538e-06,3.9769e-05,0
8675.0,8680.0,8677.5,6.9699e-06,3.48495e-05,0
8680.0,8685.0,8682.5,1.237958e-05,6.18979e-05,0
8685.0,8690.0,8687.5,2.270886e-05,0.0001135443,0
8690.0,8695.0,8692.5,2.767662e-05,0.0001383831,0
8695.0,8700.0,8697.5,3.15358e-06,1.57679e-05,0
8700.0,8705.0,8702.5,1.90273e-05,9.51365e-05,0
8705.0,8710.0,8707.5,7.10068e-06,3.55034e-05,0
8710.0,8715.0,8712.5,1.379456e-05,6.89728e-05,0
8715.0,8720.0,8717.5,3.405372e-05,0.0001702686,0
8720.0,8725.0,8722.5,9.61834e-06,4.80917e-05,0
8725.0,8730.0,8727.5,2.592776e-05,0.0001296388,0
8730.0,8735.0,8732.5,1.976602e-05,9.88301e-05,0
8735.0,8740.0,8737.5,3.89864e-06,1.94932e-05,0
8740.0,8745.0,8742.5,6.82466e-06,3.41233e-05,0
8745.0,8750.0,8747.5,1.703046e-05,8.51523e-05,0
8750.0,8755.0,8752.5,8.32442e-06,4.16221e-05,0
8755.0,8760.0,8757.5,6.69592e-06,3.34796e-05,0
8760.0,8765.0,8762.5,1.427324e-05,7.13662e-05,0
8765.0,8770.0,8767.5,1.871404e-05,9.35702e-05,0
8770.0,8775.0,8772.5,1.405456e-05,7.02728e-05,0
8775.0,8780.0,8777.5,8.02956e-06,4.01478e-05,0
8780.0,8785.0,8782.5,1.694658e-05,8.47329e-05,0
8785.0,8790.0,8787.5,4.37732e-06,2.18866e-05,0
8790.0,8795.0,8792.5,1.111966e-05,5.55983e-05,0
8795.0,8800.0,8797.5,7.75354e-06,3.87677e-05,0
8800.0,8805.0,8802.5,7.10068e-06,3.55034e-05,0
8805.0,8810.0,8807.5,1.384302e-05,6.92151e-05,0
8810.0,8815.0,8812.5,1.088448e-05,5.44224e-05,0
8815.0,8820.0,8817.5,1.841566e-05,9.20783e-05,0
8820.0,8825.0,8822.5,2.65478e-05,0.000132739,0
8825.0,8830.0,8827.5,7.5309e-06,3.76545e-05,0
8830.0,8835.0,8832.5,5.86494e-06,2.93247e-05,0
8835.0,8840.0,8837.5,1.61217e-05,8.06085e-05,0
8840.0,8845.0,8842.5,1.392836e-05,6.96418e-05,0
8845.0,8850.0,8847.5,1.79608e-05,8.9804e-05,0
8850.0,8855.0,8852.5,1.919458e-05,9.59729e-05,0
8855.0,8860.0,8857.5,1.542968e-05,7.71484e-05,0
8860.0,8865.0,8862.5,1.587532e-05,7.93766e-05,0
8865.0,8870.0,8867.5,1.849638e-05,9.24819e-05,0
8870.0,8875.0,8872.5,2.609922e-05,0.0001304961,0
8875.0,8880.0,8877.5,2.281792e-05,0.0001140896,0
8880.0,8885.0,8882.5,1.555082e-05,7.77541e-05,0
8885.0,8890.0,8887.5,1.423024e-05,7.11512e-05,0
8890.0,8895.0,8892.5,7.05222e-06,3.52611e-05,0
8895.0,8900.0,8897.5,1.310098e-05,6.55049e-05,0
8900.0,8905.0,8902.5,6.84884e-06,3.42442e-05,0
8905.0,8910.0,8907.5,1.965948e-05,9.82974e-05,0
8910.0,8915.0,8912.5,1.194938e-05,5.97469e-05,0
8915.0,8920.0,8917.5,1.348312e-05,6.74156e-05,0
8920.0,8925.0,8922.5,3.412112e-05,0.0001706056,0
8925.0,8930.0,8927.5,2.299986e-05,0.0001149993,0
8930.0,8935.0,8932.5,1.821274e-05,9.10637e-05,0
8935.0,8940.0,8937.5,2.69465e-05,0.0001347325,0
8940.0,8945.0,8942.5,1.110082e-05,5.55041e-05,0
8945.0,8950.0,8947.5,1.111966e-05,5.55983e-05,0
8950.0,8955.0,8952.5,1.428012e-05,7.14006e-05,0
8955.0,8960.0,8957.5,1.149614e-05,5.74807e-05,0
8960.0,8965.0,8962.5,1.116052e-05,5.58026e-05,0
8965.0,8970.0,8967.5,2.766404e-05,0.0001383202,0
8970.0,8975.0,8972.5,1.689228e-05,8.44614e-05,0
8975.0,8980.0,8977.5,1.605066e-05,8.02533e-05,0
8980.0,8985.0,8982.5,1.458808e-05,7.29404e-05,0
8985.0,8990.0,8987.5,2.06743e-05,0.0001033715,0
8990.0,8995.0,8992.5,2.259768e-05,0.0001129884,0
8995.0,9000.0,8997.5,7.10068e-06,3.55034e-05,0
9000.0,9005.0,9002.5,5.165248e-05,0.0002582624,0
9005.0,9010.0,9007.5,3.67108e-06,1.83554e-05,0
9010.0,9015.0,9012.5,1.810458e-05,9.05229e-05,0
9015.0,9020.0,9017.5,1.590758e-05,7.95379e-05,0
9025.0,9030.0,9027.5,2.682242e-05,0.0001341121,0
9030.0,9035.0,9032.5,3.54234e-06,1.77117e-05,0
9035.0,9040.0,9037.5,7.5975e-06,3.79875e-05,0
9040.0,9045.0,9042.5,2.075302e-05,0.0001037651,0
9045.0,9050.0,9047.5,1.064098e-05,5.32049e-05,0
9050.0,9055.0,9052.5,2.586422e-05,0.0001293211,0
9055.0,9060.0,9057.5,9.8459e-06,4.92295e-05,0
9060.0,9065.0,9062.5,1.02058e-05,5.1029e-05,0
9065.0,9070.0,9067.5,1.833152e-05,9.16576e-05,0
9070.0,9075.0,9072.5,1.525714e-05,7.62857e-05,0
9075.0,9080.0,9077.5,4.08246e-06,2.04123e-05,0
9080.0,9085.0,9082.5,1.105236e-05,5.52618e-05,0
9085.0,9090.0,9087.5,6.46476e-06,3.23238e-05,0
9090.0,9095.0,9092.5,1.210356e-05,6.05178e-05,0
9095.0,9100.0,9097.5,7.48944e-06,3.74472e-05,0
9100.0,9105.0,9102.5,2.325546e-05,0.0001162773,0
9105.0,9110.0,9107.5,2.006584e-05,0.0001003292,0
9110.0,9115.0,9112.5,9.37842e-06,4.68921e-05,0
9115.0,9120.0,9117.5,1.5497e-05,7.7485e-05,0
9120.0,9125.0,9122.5,1.743024e-05,8.71512e-05,0
9125.0,9130.0,9127.5,1.054722e-05,5.27361e-05,0
9130.0,9135.0,9132.5,1.504794e-05,7.52397e-05,0
9135.0,9140.0,9137.5,1.389604e-05,6.94802e-05,0
9140.0,9145.0,9142.5,9.01852e-06,4.50926e-05,0
9145.0,9150.0,9147.5,1.19282e-05,5.9641e-05,0
9150.0,9155.0,9152.5,6.30716e-06,3.15358e-05,0
9155.0,9160.0,9157.5,2.339122e-05,0.0001169561,0
9160.0,9165.0,9162.5,2.669162e-05,0.0001334581,0
9165.0,9170.0,9167.5,2.689348e-05,0.0001344674,0
9170.0,9175.0,9172.5,2.384696e-05,0.0001192348,0
9175.0,9180.0,9177.5,2.241398e-05,0.0001120699,0
9180.0,9185.0,9182.5,1.465732e-05,7.32866e-05,0
9185.0,9190.0,9187.5,1.49304e-05,7.4652e-05,0
9190.0,9195.0,9192.5,2.48734e-05,0.000124367,0
9195.0,9200.0,9197.5,2.3627e-05,0.000118135,0
9200.0,9205.0,9202.5,1.474432e-05,7.37216e-05,0
9205.0,9210.0,9207.5,1.934188e-05,9.67094e-05,0
9210.0,9215.0,9212.5,3.203506e-05,0.0001601753,0
9215.0,9220.0,9217.5,1.47958e-05,7.3979e-05,0
9220.0,9225.0,9222.5,2.097772e-05,0.0001048886,0
9225.0,9230.0,9227.5,1.457498e-05,7.28749e-05,0
9230.0,9235.0,9232.5,1.186676e-05,5.93338e-05,0
9235.0,9240.0,9237.5,1.763864e-05,8.81932e-05,0
9240.0,9245.0,9242.5,2.127932e-05,0.0001063966,0
9245.0,9250.0,9247.5,6.30716e-06,3.15358e-05,0
9250.0,9255.0,9252.5,1.06879e-05,5.34395e-05,0
9255.0,9260.0,9257.5,2.422062e-05,0.0001211031,0
9260.0,9265.0,9262.5,1.167334e-05,5.83667e-05,0
9265.0,9270.0,9267.5,1.237958e-05,6.18979e-05,0
9270.0,9275.0,9272.5,8.43248e-06,4.21624e-05,0
9275.0,9280.0,9277.5,1.873782e-05,9.36891e-05,0
9280.0,9285.0,9282.5,1.973796e-05,9.86898e-05,0
9285.0,9290.0,9287.5,1.402212e-05,7.01106e-05,0
9290.0,9295.0,9292.5,2.243588e-05,0.0001121794,0
9295.0,9300.0,9297.5,1.19955e-05,5.99775e-05,0
9300.0,9305.0,9302.5,1.746102e-05,8.73051e-05,0
9305.0,9310.0,9307.5,1.150374e-05,5.75187e-05,0
9310.0,9315.0,9312.5,1.436558e-05,7.18279e-05,0
9315.0,9320.0,9317.5,1.22201e-05,6.11005e-05,0
9320.0,9325.0,9322.5,2.47239e-05,0.0001236195,0
9325.0,9330.0,9327.5,1.428982e-05,7.14491e-05,0
9330.0,9335.0,9332.5,1.36735e-05,6.83675e-05,0
9335.0,9340.0,9337.5,1.855596e-05,9.27798e-05,0
9340.0,9345.0,9342.5,8.00226e-06,4.00113e-05,0
9350.0,9355.0,9352.5,1.638074e-05,8.19037e-05,0
9355.0,9360.0,9357.5,1.989634e-05,9.94817e-05,0
9360.0,9365.0,9362.5,8.45978e-06,4.22989e-05,0
9365.0,9370.0,9367.5,1.18183e-05,5.90915e-05,0
9370.0,9375.0,9372.5,1.858326e-05,9.29163e-05,0
9375.0,9380.0,9377.5,1.118314e-05,5.59157e-05,0
9380.0,9385.0,9382.5,2.43967e-05,0.0001219835,0
9385.0,9390.0,9387.5,1.138808e-05,5.69404e-05,0
9390.0,9395.0,9392.5,1.714924e-05,8.57462e-05,0
9395.0,9400.0,9397.5,3.15358e-06,1.57679e-05,0
9400.0,9405.0,9402.5,6.84884e-06,3.42442e-05,0
9405.0,9410.0,9407.5,2.260776e-05,0.0001130388,0
9410.0,9415.0,9412.5,2.979192e-05,0.0001489596,0
9415.0,9420.0,9417.5,1.107324e-05,5.53662e-05,0
9420.0,9425.0,9422.5,2.337892e-05,0.0001168946,0
9425.0,9430.0,9427.5,6.30716e-06,3.15358e-05,0
9430.0,9435.0,9432.5,1.42271e-05,7.11355e-05,0
9435.0,9440.0,9437.5,1.607322e-05,8.03661e-05,0
9440.0,9445.0,9442.5,7.21342e-06,3.60671e-05,0
9445.0,9450.0,9447.5,1.106964e-05,5.53482e-05,0
9450.0,9455.0,9452.5,2.195492e-05,0.0001097746,0
9455.0,9460.0,9457.5,1.064098e-05,5.32049e-05,0
9460.0,9465.0,9462.5,1.077176e-05,5.38588e-05,0
9465.0,9470.0,9467.5,6.87614e-06,3.43807e-05,0
9470.0,9475.0,9472.5,9.76358e-06,4.88179e-05,0
9475.0,9480.0,9477.5,1.53717e-05,7.68585e-05,0
9480.0,9485.0,9482.5,1.203626e-05,6.01813e-05,0
9485.0,9490.0,9487.5,1.394952e-05,6.97476e-05,0
9490.0,9495.0,9492.5,2.096154e-05,0.0001048077,0
9495.0,9500.0,9497.5,1.76479e-05,8.82395e-05,0
9500.0,9505.0,9502.5,1.237958e-05,6.18979e-05,0
9505.0,9510.0,9507.5,2.742064e-05,0.0001371032,0
9510.0,9515.0,9512.5,7.91966e-06,3.95983e-05,0
9515.0,9520.0,9517.5,4.37732e-06,2.18866e-05,0
9520.0,9525.0,9522.5,1.36493e-05,6.82465e-05,0
9525.0,9530.0,9527.5,6.74234e-06,3.37117e-05,0
9530.0,9535.0,9532.5,3.89864e-06,1.94932e-05,0
9535.0,9540.0,9537.5,1.566852e-05,7.83426e-05,0
9540.0,9545.0,9542.5,3.9471e-06,1.97355e-05,0
9550.0,9555.0,9552.5,1.911806e-05,9.55903e-05,0
9555.0,9560.0,9557.5,2.243384e-05,0.0001121692,0
9560.0,9565.0,9562.5,2.770516e-05,0.0001385258,0
9565.0,9570.0,9567.5,1.499946e-05,7.49973e-05,0
9570.0,9575.0,9572.5,2.155014e-05,0.0001077507,0
9575.0,9580.0,9577.5,7.44858e-06,3.72429e-05,0
9580.0,9585.0,9582.5,1.840646e-05,9.20323e-05,0
9585.0,9590.0,9587.5,2.355308e-05,0.0001177654,0
9590.0,9595.0,9592.5,1.529136e-05,7.64568e-05,0
9595.0,9600.0,9597.5,1.146836e-05,5.73418e-05,0
9600.0,9605.0,9602.5,7.23604e-06,3.61802e-05,0
9605.0,9610.0,9607.5,4.37732e-06,2.18866e-05,0
9610.0,9615.0,9612.5,1.39542e-05,6.9771e-05,0
9615.0,9620.0,9617.5,2.79304e-05,0.000139652,0
9620.0,9625.0,9622.5,7.5975e-06,3.79875e-05,0
9625.0,9630.0,9627.5,1.227154e-05,6.13577e-05,0
9630.0,9635.0,9632.5,1.179286e-05,5.89643e-05,0
9635.0,9640.0,9637.5,1.905474e-05,9.52737e-05,0
9640.0,9645.0,9642.5,1.790946e-05,8.95473e-05,0
9645.0,9650.0,9647.5,7.6248e-06,3.8124e-05,0
9650.0,9655.0,9652.5,3.89864e-06,1.94932e-05,0
9655.0,9660.0,9657.5,7.05222e-06,3.52611e-05,0
9660.0,9665.0,9662.5,1.506522e-05,7.53261e-05,0
9665.0,9670.0,9667.5,2.79368e-06,1.39684e-05,0
9670.0,9675.0,9672.5,7.56972e-06,3.78486e-05,0
9675.0,9680.0,9677.5,1.80434e-05,9.0217e-05,0
9680.0,9685.0,9682.5,1.47446e-05,7.3723e-05,0
9685.0,9690.0,9687.5,2.116448e-05,0.0001058224,0
9690.0,9695.0,9692.5,1.26533e-05,6.32665e-05,0
9695.0,9700.0,9697.5,9.89436e-06,4.94718e-05,0
9700.0,9705.0,9702.5,1.77367e-05,8.86835e-05,0
9705.0,9710.0,9707.5,2.127932e-05,0.0001063966,0
9710.0,9715.0,9712.5,2.269156e-05,0.0001134578,0
9715.0,9720.0,9717.5,2.803278e-05,0.0001401639,0
9720.0,9725.0,9722.5,1.850092e-05,9.25046e-05,0
9725.0,9730.0,9727.5,8.45978e-06,4.22989e-05,0
9730.0,9735.0,9732.5,1.174438e-05,5.87219e-05,0
9735.0,9740.0,9737.5,1.0367e-05,5.1835e-05,0
9740.0,9745.0,9742.5,9.21376e-06,4.60688e-05,0
9745.0,9750.0,9747.5,7.5309e-06,3.76545e-05,0
9750.0,9755.0,9752.5,1.643472e-05,8.21736e-05,0
9755.0,9760.0,9757.5,1.208472e-05,6.04236e-05,0
9760.0,9765.0,9762.5,1.116712e-05,5.58356e-05,0
9770.0,9775.0,9772.5,4.37732e-06,2.18866e-05,0
9775.0,9780.0,9777.5,3.282424e-05,0.0001641212,0
9780.0,9785.0,9782.5,8.02956e-06,4.01478e-05,0
9785.0,9790.0,9787.5,1.678552e-05,8.39276e-05,0
9790.0,9795.0,9792.5,7.61818e-06,3.80909e-05,0
9795.0,9800.0,9797.5,2.281792e-05,0.0001140896,0
9800.0,9805.0,9802.5,1.502034e-05,7.51017e-05,0
9805.0,9810.0,9807.5,1.853022e-05,9.26511e-05,0
9810.0,9815.0,9812.5,1.10478e-05,5.5239e-05,0
9815.0,9820.0,9817.5,2.259036e-05,0.0001129518,0
9820.0,9825.0,9822.5,2.7879e-05,0.000139395,0
9825.0,9830.0,9827.5,1.0917e-05,5.4585e-05,0
9830.0,9835.0,9832.5,1.18183e-05,5.90915e-05,0
9835.0,9840.0,9837.5,1.766594e-05,8.83297e-05,0
9840.0,9845.0,9842.5,2.095032e-05,0.0001047516,0
9845.0,9850.0,9847.5,1.578312e-05,7.89156e-05,0
9850.0,9855.0,9852.5,1.032458e-05,5.16229e-05,0
9855.0,9860.0,9857.5,1.210356e-05,6.05178e-05,0
9860.0,9865.0,9862.5,6.6136e-06,3.3068e-05,0
9865.0,9870.0,9867.5,2.207286e-05,0.0001103643,0
9870.0,9875.0,9872.5,2.71352e-05,0.000135676,0
9875.0,9880.0,9877.5,1.22474e-05,6.1237e-05,0
9880.0,9885.0,9882.5,1.194704e-05,5.97352e-05,0
9885.0,9890.0,9887.5,2.598376e-05,0.0001299188,0
9890.0,9895.0,9892.5,1.15653e-05,5.78265e-05,0
9895.0,9900.0,9897.5,1.53717e-05,7.68585e-05,0
9900.0,9905.0,9902.5,2.225434e-05,0.0001112717,0
9905.0,9910.0,9907.5,3.15358e-06,1.57679e-05,0
9910.0,9915.0,9912.5,3.54234e-06,1.77117e-05,0
9915.0,9920.0,9917.5,7.12642e-06,3.56321e-05,0
9920.0,9925.0,9922.5,3.89864e-06,1.94932e-05,0
9925.0,9930.0,9927.5,2.473932e-05,0.0001236966,0
9930.0,9935.0,9932.5,2.7768e-05,0.00013884,0
9935.0,9940.0,9937.5,6.46476e-06,3.23238e-05,0
9940.0,9945.0,9942.5,1.041186e-05,5.20593e-05,0
9945.0,9950.0,9947.5,1.725456e-05,8.62728e-05,0
9950.0,9955.0,9952.5,3.9471e-06,1.97355e-05,0
9955.0,9960.0,9957.5,1.3793e-05,6.8965e-05,0
9965.0,9970.0,9967.5,1.095086e-05,5.47543e-05,0
9970.0,9975.0,9972.5,1.074748e-05,5.37374e-05,0
9975.0,9980.0,9977.5,7.75354e-06,3.87677e-05,0
9980.0,9985.0,9982.5,1.871716e-05,9.35858e-05,0
9985.0,9990.0,9987.5,1.051982e-05,5.25991e-05,0
9990.0,9995.0,9992.5,1.694658e-05,8.47329e-05,0
9995.0,10000.0,9997.5,2.335774e-05,0.0001167887,0
10000.0,10005.0,10002.5,3.15358e-06,1.57679e-05,0
10005.0,10010.0,10007.5,1.864986e-05,9.32493e-05,0
10010.0,10015.0,10012.5,6.22484e-06,3.11242e-05,0
10020.0,10025.0,10022.5,1.627822e-05,8.13911e-05,0
10025.0,10030.0,10027.5,3.67108e-06,1.83554e-05,0
10030.0,10035.0,10032.5,1.891898e-05,9.45949e-05,0
10035.0,10040.0,10037.5,1.335938e-05,6.67969e-05,0
10040.0,10045.0,10042.5,1.182592e-05,5.91296e-05,0
10045.0,10050.0,10047.5,6.69592e-06,3.34796e-05,0
10050.0,10055.0,10052.5,3.386264e-05,0.0001693132,0
10055.0,10060.0,10057.5,1.324318e-05,6.62159e-05,0
10060.0,10065.0,10062.5,1.585534e-05,7.92767e-05,0
10065.0,10070.0,10067.5,6.87614e-06,3.43807e-05,0
10070.0,10075.0,10072.5,3.67108e-06,1.83554e-05,0
10075.0,10080.0,10077.5,2.369376e-05,0.0001184688,0
10080.0,10085.0,10082.5,6.74078e-06,3.37039e-05,0
10085.0,10090.0,10087.5,1.099092e-05,5.49546e-05,0
10090.0,10095.0,10092.5,1.101322e-05,5.50661e-05,0
10095.0,10100.0,10097.5,7.91966e-06,3.95983e-05,0
10100.0,10105.0,10102.5,8.43248e-06,4.21624e-05,0
10105.0,10110.0,10107.5,1.077176e-05,5.38588e-05,0
10110.0,10115.0,10112.5,2.356376e-05,0.0001178188,0
10115.0,10120.0,10117.5,1.861752e-05,9.30876e-05,0
10120.0,10125.0,10122.5,4.08246e-06,2.04123e-05,0
10125.0,10130.0,10127.5,3.07126e-06,1.53563e-05,0
10130.0,10135.0,10132.5,7.171e-06,3.5855e-05,0
10135.0,10140.0,10137.5,1.00896e-05,5.0448e-05,0
10140.0,10145.0,10142.5,1.143656e-05,5.71828e-05,0
10145.0,10150.0,10147.5,1.529432e-05,7.64716e-05,0
10150.0,10155.0,10152.5,1.07233e-05,5.36165e-05,0
10155.0,10160.0,10157.5,9.89592e-06,4.94796e-05,0
10160.0,10165.0,10162.5,1.384302e-05,6.92151e-05,0
10165.0,10170.0,10167.5,2.994618e-05,0.0001497309,0
10170.0,10175.0,10172.5,8.45978e-06,4.22989e-05,0
10175.0,10180.0,10177.5,7.15372e-06,3.57686e-05,0
10180.0,10185.0,10182.5,3.54234e-06,1.77117e-05,0
10185.0,10190.0,10187.5,4.08246e-06,2.04123e-05,0
10190.0,10195.0,10192.5,7.10068e-06,3.55034e-05,0
10195.0,10200.0,10197.5,1.741922e-05,8.70961e-05,0
10200.0,10205.0,10202.5,1.0367e-05,5.1835e-05,0
10205.0,10210.0,10207.5,1.872858e-05,9.36429e-05,0
10210.0,10215.0,10212.5,1.393978e-05,6.96989e-05,0
10215.0,10220.0,10217.5,2.179528e-05,0.0001089764,0
10220.0,10225.0,10222.5,2.565924e-05,0.0001282962,0
10225.0,10230.0,10227.5,8.0484e-06,4.0242e-05,0
10230.0,10235.0,10232.5,1.466044e-05,7.33022e-05,0
10235.0,10240.0,10237.5,1.896746e-05,9.48373e-05,0
10240.0,10245.0,10242.5,2.79368e-06,1.39684e-05,0
10245.0,10250.0,10247.5,1.4635e-05,7.3175e-05,0
10250.0,10255.0,10252.5,2.266612e-05,0.0001133306,0
10255.0,10260.0,10257.5,1.086854e-05,5.43427e-05,0
10260.0,10265.0,10262.5,6.33602e-06,3.16801e-05,0
10265.0,10270.0,10267.5,1.095086e-05,5.47543e-05,0
10270.0,10275.0,10272.5,3.07126e-06,1.53563e-05,0
10275.0,10280.0,10277.5,1.65082e-05,8.2541e-05,0
10280.0,10285.0,10282.5,2.105282e-05,0.0001052641,0
10285.0,10290.0,10287.5,3.9471e-06,1.97355e-05,0
10290.0,10295.0,10292.5,1.371428e-05,6.85714e-05,0
10295.0,10300.0,10297.5,1.825654e-05,9.12827e-05,0
10300.0,10305.0,10302.5,1.464612e-05,7.32306e-05,0
10305.0,10310.0,10307.5,1.041186e-05,5.20593e-05,0
10310.0,10315.0,10312.5,2.624024e-05,0.0001312012,0
10315.0,10320.0,10317.5,1.498644e-05,7.49322e-05,0
10320.0,10325.0,10322.5,1.051992e-05,5.25996e-05,0
10325.0,10330.0,10327.5,1.815818e-05,9.07909e-05,0
10330.0,10335.0,10332.5,2.251534e-05,0.0001125767,0
10335.0,10340.0,10337.5,2.174836e-05,0.0001087418,0
10340.0,10345.0,10342.5,6.1425e-06,3.07125e-05,0
10345.0,10350.0,10347.5,2.79368e-06,1.39684e-05,0
10350.0,10355.0,10352.5,9.76358e-06,4.88179e-05,0
10355.0,10360.0,10357.5,1.03073e-05,5.15365e-05,0
10360.0,10365.0,10362.5,7.48944e-06,3.74472e-05,0
10365.0,10370.0,10367.5,2.395194e-05,0.0001197597,0
10370.0,10375.0,10372.5,7.56972e-06,3.78486e-05,0
10375.0,10380.0,10377.5,3.15358e-06,1.57679e-05,0
10380.0,10385.0,10382.5,3.07126e-06,1.53563e-05,0
10385.0,10390.0,10387.5,1.08248e-05,5.4124e-05,0
10390.0,10395.0,10392.5,3.89864e-06,1.94932e-05,0
10395.0,10400.0,10397.5,1.064302e-05,5.32151e-05,0
10400.0,10405.0,10402.5,7.61818e-06,3.80909e-05,0
10405.0,10410.0,10407.5,1.43605e-05,7.18025e-05,0
10410.0,10415.0,10412.5,3.89864e-06,1.94932e-05,0
10415.0,10420.0,10417.5,3.07126e-06,1.53563e-05,0
10420.0,10425.0,10422.5,1.225442e-05,6.12721e-05,0
10425.0,10430.0,10427.5,5.94726e-06,2.97363e-05,0
10430.0,10435.0,10432.5,2.299848e-05,0.0001149924,0
10435.0,10440.0,10437.5,7.84574e-06,3.92287e-05,0
10440.0,10445.0,10442.5,1.589414e-05,7.94707e-05,0
10445.0,10450.0,10447.5,1.138808e-05,5.69404e-05,0
10450.0,10455.0,10452.5,1.47719e-05,7.38595e-05,0
10455.0,10460.0,10457.5,2.207286e-05,0.0001103643,0
10460.0,10465.0,10462.5,1.167334e-05,5.83667e-05,0
10465.0,10470.0,10467.5,7.15372e-06,3.57686e-05,0
10470.0,10475.0,10472.5,1.948484e-05,9.74242e-05,0
10475.0,10480.0,10477.5,2.67393e-05,0.0001336965,0
10480.0,10485.0,10482.5,1.769524e-05,8.84762e-05,0
10485.0,10490.0,10487.5,1.118156e-05,5.59078e-05,0
10490.0,10495.0,10492.5,1.659184e-05,8.29592e-05,0
10495.0,10500.0,10497.5,1.953984e-05,9.76992e-05,0
10500.0,10505.0,10502.5,3.54234e-06,1.77117e-05,0
10505.0,10510.0,10507.5,1.025426e-05,5.12713e-05,0
10510.0,10515.0,10512.5,1.379456e-05,6.89728e-05,0
10515.0,10520.0,10517.5,1.477846e-05,7.38923e-05,0
10520.0,10525.0,10522.5,3.89864e-06,1.94932e-05,0
10525.0,10530.0,10527.5,2.601762e-05,0.0001300881,0
10530.0,10535.0,10532.5,1.165218e-05,5.82609e-05,0
10535.0,10540.0,10537.5,1.547054e-05,7.73527e-05,0
10540.0,10545.0,10542.5,1.18183e-05,5.90915e-05,0
10545.0,10550.0,10547.5,3.435616e-05,0.0001717808,0
10550.0,10555.0,10552.5,1.110082e-05,5.55041e-05,0
10555.0,10560.0,10557.5,7.61818e-06,3.80909e-05,0
10560.0,10565.0,10562.5,2.784874e-05,0.0001392437,0
10565.0,10570.0,10567.5,2.084068e-05,0.0001042034,0
10570.0,10575.0,10572.5,1.510752e-05,7.55376e-05,0
10575.0,10580.0,10577.5,2.009428e-05,0.0001004714,0
10585.0,10590.0,10587.5,1.820914e-05,9.10457e-05,0
10590.0,10595.0,10592.5,1.07233e-05,5.36165e-05,0
10595.0,10600.0,10597.5,7.9538e-06,3.9769e-05,0
10600.0,10605.0,10602.5,1.493802e-05,7.46901e-05,0
10605.0,10610.0,10607.5,2.205168e-05,0.0001102584,0
10610.0,10615.0,10612.5,1.714924e-05,8.57462e-05,0
10615.0,10620.0,10617.5,8.27596e-06,4.13798e-05,0
10620.0,10625.0,10622.5,1.891694e-05,9.45847e-05,0
10625.0,10630.0,10627.5,1.213086e-05,6.06543e-05,0
10630.0,10635.0,10632.5,1.52813e-05,7.64065e-05,0
10635.0,10640.0,10637.5,1.458312e-05,7.29156e-05,0
10640.0,10645.0,10642.5,7.15372e-06,3.57686e-05,0
10645.0,10650.0,10647.5,6.9699e-06,3.48495e-05,0
10650.0,10655.0,10652.5,1.704808e-05,8.52404e-05,0
10655.0,10660.0,10657.5,6.22484e-06,3.11242e-05,0
10660.0,10665.0,10662.5,1.553316e-05,7.76658e-05,0
10665.0,10670.0,10667.5,1.280982e-05,6.40491e-05,0
10670.0,10675.0,10672.5,6.74234e-06,3.37117e-05,0
10675.0,10680.0,10677.5,1.673346e-05,8.36673e-05,0
10680.0,10685.0,10682.5,2.669162e-05,0.0001334581,0
10685.0,10690.0,10687.5,2.1758e-05,0.00010879,0
10690.0,10695.0,10692.5,1.959656e-05,9.79828e-05,0
10695.0,10700.0,10697.5,1.433672e-05,7.16836e-05,0
10700.0,10705.0,10702.5,6.69232e-06,3.34616e-05,0
10705.0,10710.0,10707.5,1.197668e-05,5.98834e-05,0
10710.0,10715.0,10712.5,9.81204e-06,4.90602e-05,0
10715.0,10720.0,10717.5,1.41445e-05,7.07225e-05,0
10720.0,10725.0,10722.5,2.404534e-05,0.0001202267,0
10725.0,10730.0,10727.5,1.0367e-05,5.1835e-05,0
10730.0,10735.0,10732.5,9.10084e-06,4.55042e-05,0
10735.0,10740.0,10737.5,4.14378e-05,0.000207189,0
10745.0,10750.0,10747.5,7.84574e-06,3.92287e-05,0
10750.0,10755.0,10752.5,2.105642e-05,0.0001052821,0
10755.0,10760.0,10757.5,7.9811e-06,3.99055e-05,0
10760.0,10765.0,10762.5,2.227864e-05,0.0001113932,0
10765.0,10770.0,10767.5,1.296716e-05,6.48358e-05,0
10770.0,10775.0,10772.5,3.07126e-06,1.53563e-05,0
10775.0,10780.0,10777.5,7.23604e-06,3.61802e-05,0
10780.0,10785.0,10782.5,3.07126e-06,1.53563e-05,0
10785.0,10790.0,10787.5,1.863936e-05,9.31968e-05,0
10790.0,10795.0,10792.5,1.47446e-05,7.3723e-05,0
10795.0,10800.0,10797.5,1.028468e-05,5.14234e-05,0
10800.0,10805.0,10802.5,1.082324e-05,5.41162e-05,0
10805.0,10810.0,10807.5,1.15719e-05,5.78595e-05,0
10810.0,10815.0,10812.5,1.134722e-05,5.67361e-05,0
10815.0,10820.0,10817.5,1.0367e-05,5.1835e-05,0
10820.0,10825.0,10822.5,1.490728e-05,7.45364e-05,0
10825.0,10830.0,10827.5,1.359108e-05,6.79554e-05,0
10830.0,10835.0,10832.5,1.916044e-05,9.58022e-05,0
10845.0,10850.0,10847.5,1.041186e-05,5.20593e-05,0
10850.0,10855.0,10852.5,6.22484e-06,3.11242e-05,0
10855.0,10860.0,10857.5,1.887164e-05,9.43582e-05,0
10860.0,10865.0,10862.5,8.13762e-06,4.06881e-05,0
10865.0,10870.0,10867.5,7.44858e-06,3.72429e-05,0
10870.0,10875.0,10872.5,1.905462e-05,9.52731e-05,0
10875.0,10880.0,10877.5,1.80804e-05,9.0402e-05,0
10880.0,10885.0,10882.5,1.756446e-05,8.78223e-05,0
10885.0,10890.0,10887.5,1.21746e-05,6.0873e-05,0
10890.0,10895.0,10892.5,7.21342e-06,3.60671e-05,0
10895.0,10900.0,10897.5,1.464316e-05,7.32158e-05,0
10900.0,10905.0,10902.5,1.823692e-05,9.11846e-05,0
10905.0,10910.0,10907.5,1.55862e-05,7.7931e-05,0
10910.0,10915.0,10912.5,2.79368e-06,1.39684e-05,0
10915.0,10920.0,10917.5,3.9471e-06,1.97355e-05,0
10920.0,10925.0,10922.5,1.367816e-05,6.83908e-05,0
10925.0,10930.0,10927.5,8.75466e-06,4.37733e-05,0
10930.0,10935.0,10932.5,7.9811e-06,3.99055e-05,0
10935.0,10940.0,10937.5,3.07126e-06,1.53563e-05,0
10940.0,10945.0,10942.5,1.013582e-05,5.06791e-05,0
10945.0,10950.0,10947.5,1.878064e-05,9.39032e-05,0
10950.0,10955.0,10952.5,7.56972e-06,3.78486e-05,0
10955.0,10960.0,10957.5,9.81204e-06,4.90602e-05,0
10960.0,10965.0,10962.5,1.107324e-05,5.53662e-05,0
10965.0,10970.0,10967.5,1.896774e-05,9.48387e-05,0
10970.0,10975.0,10972.5,3.15358e-06,1.57679e-05,0
10975.0,10980.0,10977.5,3.07126e-06,1.53563e-05,0
10985.0,10990.0,10987.5,7.61818e-06,3.80909e-05,0
10990.0,10995.0,10992.5,1.118314e-05,5.59157e-05,0
10995.0,11000.0,10997.5,1.150374e-05,5.75187e-05,0
11000.0,11005.0,11002.5,7.48944e-06,3.74472e-05,0
11005.0,11010.0,11007.5,1.49896e-05,7.4948e-05,0
11010.0,11015.0,11012.5,1.111206e-05,5.55603e-05,0
11015.0,11020.0,11017.5,2.251616e-05,0.0001125808,0
11020.0,11025.0,11022.5,1.017194e-05,5.08597e-05,0
11025.0,11030.0,11027.5,2.212104e-05,0.0001106052,0
11030.0,11035.0,11032.5,2.86796e-05,0.000143398,0
11035.0,11040.0,11037.5,8.74096e-06,4.37048e-05,0
11040.0,11045.0,11042.5,1.667416e-05,8.33708e-05,0
11045.0,11050.0,11047.5,6.82466e-06,3.41233e-05,0
11050.0,11055.0,11052.5,6.74234e-06,3.37117e-05,0
11055.0,11060.0,11057.5,1.705932e-05,8.52966e-05,0
11060.0,11065.0,11062.5,1.743838e-05,8.71919e-05,0
11065.0,11070.0,11067.5,1.799426e-05,8.99713e-05,0
11070.0,11075.0,11072.5,1.165264e-05,5.82632e-05,0
11075.0,11080.0,11077.5,1.04134e-05,5.2067e-05,0
11080.0,11085.0,11082.5,7.5975e-06,3.79875e-05,0
11085.0,11090.0,11087.5,1.505448e-05,7.52724e-05,0
11090.0,11095.0,11092.5,1.000242e-05,5.00121e-05,0
11095.0,11100.0,11097.5,7.56972e-06,3.78486e-05,0
11100.0,11105.0,11102.5,3.07126e-06,1.53563e-05,0
11105.0,11110.0,11107.5,6.74078e-06,3.37039e-05,0
11110.0,11115.0,11112.5,3.67108e-06,1.83554e-05,0
11115.0,11120.0,11117.5,1.836566e-05,9.18283e-05,0
11120.0,11125.0,11122.5,1.099092e-05,5.49546e-05,0
11130.0,11135.0,11132.5,1.398824e-05,6.99412e-05,0
11140.0,11145.0,11142.5,1.418936e-05,7.09468e-05,0
11145.0,11150.0,11147.5,1.126858e-05,5.63429e-05,0
11150.0,11155.0,11152.5,6.9699e-06,3.48495e-05,0
11155.0,11160.0,11157.5,1.107352e-05,5.53676e-05,0
11160.0,11165.0,11162.5,1.066876e-05,5.33438e-05,0
11165.0,11170.0,11167.5,6.74234e-06,3.37117e-05,0
11170.0,11175.0,11172.5,1.186676e-05,5.93338e-05,0
11175.0,11180.0,11177.5,1.179286e-05,5.89643e-05,0
11180.0,11185.0,11182.5,3.54234e-06,1.77117e-05,0
11185.0,11190.0,11187.5,3.67108e-06,1.83554e-05,0
11190.0,11195.0,11192.5,1.066876e-05,5.33438e-05,0
11195.0,11200.0,11197.5,2.186918e-05,0.0001093459,0
11200.0,11205.0,11202.5,6.69592e-06,3.34796e-05,0
11205.0,11210.0,11207.5,1.359108e-05,6.79554e-05,0
11210.0,11215.0,11212.5,3.89864e-06,1.94932e-05,0
11215.0,11220.0,11217.5,1.208472e-05,6.04236e-05,0
11220.0,11225.0,11222.5,1.128924e-05,5.64462e-05,0
11225.0,11230.0,11227.5,1.19282e-05,5.9641e-05,0
11230.0,11235.0,11232.5,7.79728e-06,3.89864e-05,0
11235.0,11240.0,11237.5,1.883666e-05,9.41833e-05,0
11240.0,11245.0,11242.5,1.343466e-05,6.71733e-05,0
11245.0,11250.0,11247.5,3.07126e-06,1.53563e-05,0
11250.0,11255.0,11252.5,4.37732e-06,2.18866e-05,0
11255.0,11260.0,11257.5,1.028468e-05,5.14234e-05,0
11260.0,11265.0,11262.5,2.343928e-05,0.0001171964,0
11265.0,11270.0,11267.5,6.74078e-06,3.37039e-05,0
11270.0,11275.0,11272.5,1.465438e-05,7.32719e-05,0
11275.0,11280.0,11277.5,2.166808e-05,0.0001083404,0
11280.0,11285.0,11282.5,7.10068e-06,3.55034e-05,0
11285.0,11290.0,11287.5,3.67108e-06,1.83554e-05,0
11290.0,11295.0,11292.5,1.15653e-05,5.78265e-05,0
11295.0,11300.0,11297.5,1.37008e-05,6.8504e-05,0
11300.0,11305.0,11302.5,1.81789e-05,9.08945e-05,0
11305.0,11310.0,11307.5,1.240688e-05,6.20344e-05,0
11310.0,11315.0,11312.5,2.406166e-05,0.0001203083,0
11320.0,11325.0,11322.5,1.874824e-05,9.37412e-05,0
11325.0,11330.0,11327.5,6.69592e-06,3.34796e-05,0
11330.0,11335.0,11332.5,2.001854e-05,0.0001000927,0
11335.0,11340.0,11337.5,1.433984e-05,7.16992e-05,0
11340.0,11345.0,11342.5,1.856064e-05,9.28032e-05,0
11345.0,11350.0,11347.5,1.096548e-05,5.48274e-05,0
11350.0,11355.0,11352.5,1.441088e-05,7.20544e-05,0
11355.0,11360.0,11357.5,8.74096e-06,4.37048e-05,0
11360.0,11365.0,11362.5,2.845858e-05,0.0001422929,0
11365.0,11370.0,11367.5,7.171e-06,3.5855e-05,0
11370.0,11375.0,11372.5,1.488956e-05,7.44478e-05,0
11375.0,11380.0,11377.5,1.627822e-05,8.13911e-05,0
11380.0,11385.0,11382.5,1.887814e-05,9.43907e-05,0
11390.0,11395.0,11392.5,2.79368e-06,1.39684e-05,0
11395.0,11400.0,11397.5,6.22484e-06,3.11242e-05,0
11400.0,11405.0,11402.5,6.74234e-06,3.37117e-05,0
11405.0,11410.0,11407.5,4.05516e-06,2.02758e-05,0
11410.0,11415.0,11412.5,1.15653e-05,5.78265e-05,0
11415.0,11420.0,11417.5,7.21342e-06,3.60671e-05,0
11420.0,11425.0,11422.5,2.79368e-06,1.39684e-05,0
11425.0,11430.0,11427.5,1.116052e-05,5.58026e-05,0
11430.0,11435.0,11432.5,1.458808e-05,7.29404e-05,0
11435.0,11440.0,11437.5,6.22484e-06,3.11242e-05,0
11440.0,11445.0,11442.5,2.21053e-05,0.0001105265,0
11445.0,11450.0,11447.5,1.187974e-05,5.93987e-05,0
11455.0,11460.0,11457.5,1.56915e-05,7.84575e-05,0
11460.0,11465.0,11462.5,1.222306e-05,6.11153e-05,0
11465.0,11470.0,11467.5,1.260726e-05,6.30363e-05,0
11470.0,11475.0,11472.5,1.436246e-05,7.18123e-05,0
11475.0,11480.0,11477.5,3.67108e-06,1.83554e-05,0
11480.0,11485.0,11482.5,8.1103e-06,4.05515e-05,0
11485.0,11490.0,11487.5,1.10478e-05,5.5239e-05,0
11490.0,11495.0,11492.5,2.2171e-05,0.000110855,0
11495.0,11500.0,11497.5,1.235842e-05,6.17921e-05,0
11505.0,11510.0,11507.5,1.384302e-05,6.92151e-05,0
11510.0,11515.0,11512.5,1.041186e-05,5.20593e-05,0
11515.0,11520.0,11517.5,3.54234e-06,1.77117e-05,0
11520.0,11525.0,11522.5,9.10084e-06,4.55042e-05,0
11525.0,11530.0,11527.5,7.75354e-06,3.87677e-05,0
11530.0,11535.0,11532.5,8.32442e-06,4.16221e-05,0
11545.0,11550.0,11547.5,1.587532e-05,7.93766e-05,0
11550.0,11555.0,11552.5,1.099932e-05,5.49966e-05,0
11555.0,11560.0,11557.5,7.20874e-06,3.60437e-05,0
11560.0,11565.0,11562.5,1.4951e-05,7.4755e-05,0
11565.0,11570.0,11567.5,1.441846e-05,7.20923e-05,0
11570.0,11575.0,11572.5,1.024226e-05,5.12113e-05,0
11575.0,11580.0,11577.5,1.172988e-05,5.86494e-05,0
11580.0,11585.0,11582.5,6.6136e-06,3.3068e-05,0
11585.0,11590.0,11587.5,7.34214e-06,3.67107e-05,0
11590.0,11595.0,11592.5,1.18183e-05,5.90915e-05,0
11595.0,11600.0,11597.5,6.74234e-06,3.37117e-05,0
11600.0,11605.0,11602.5,1.834146e-05,9.17073e-05,0
11605.0,11610.0,11607.5,1.573466e-05,7.86733e-05,0
11610.0,11615.0,11612.5,3.9471e-06,1.97355e-05,0
11615.0,11620.0,11617.5,3.15358e-06,1.57679e-05,0
11620.0,11625.0,11622.5,7.89422e-06,3.94711e-05,0
11625.0,11630.0,11627.5,1.961562e-05,9.80781e-05,0
11630.0,11635.0,11632.5,3.9471e-06,1.97355e-05,0
11635.0,11640.0,11637.5,1.153104e-05,5.76552e-05,0
11640.0,11645.0,11642.5,7.84574e-06,3.92287e-05,0
11645.0,11650.0,11647.5,7.6248e-06,3.8124e-05,0
11650.0,11655.0,11652.5,1.049572e-05,5.24786e-05,0
11655.0,11660.0,11657.5,8.00226e-06,4.00113e-05,0
11660.0,11665.0,11662.5,8.32442e-06,4.16221e-05,0
11665.0,11670.0,11667.5,8.32442e-06,4.16221e-05,0
11670.0,11675.0,11672.5,1.572456e-05,7.86228e-05,0
11675.0,11680.0,11677.5,1.05607e-05,5.28035e-05,0
11680.0,11685.0,11682.5,6.33602e-06,3.16801e-05,0
11685.0,11690.0,11687.5,3.67108e-06,1.83554e-05,0
11690.0,11695.0,11692.5,1.497216e-05,7.48608e-05,0
11695.0,11700.0,11697.5,1.025426e-05,5.12713e-05,0
11700.0,11705.0,11702.5,1.477854e-05,7.38927e-05,0
11710.0,11715.0,11712.5,6.74234e-06,3.37117e-05,0
11715.0,11720.0,11717.5,3.15358e-06,1.57679e-05,0
11720.0,11725.0,11722.5,1.51284e-05,7.5642e-05,0
11725.0,11730.0,11727.5,7.91966e-06,3.95983e-05,0
11730.0,11735.0,11732.5,1.815304e-05,9.07652e-05,0
11735.0,11740.0,11737.5,1.37673e-05,6.88365e-05,0
11740.0,11745.0,11742.5,6.69232e-06,3.34616e-05,0
11745.0,11750.0,11747.5,2.360888e-05,0.0001180444,0
11750.0,11755.0,11752.5,6.22484e-06,3.11242e-05,0
11755.0,11760.0,11757.5,1.99493e-05,9.97465e-05,0
11760.0,11765.0,11762.5,1.693818e-05,8.46909e-05,0
11765.0,11770.0,11767.5,8.32442e-06,4.16221e-05,0
11770.0,11775.0,11772.5,8.45978e-06,4.22989e-05,0
11775.0,11780.0,11777.5,7.9538e-06,3.9769e-05,0
11780.0,11785.0,11782.5,6.1425e-06,3.07125e-05,0
11785.0,11790.0,11787.5,1.126858e-05,5.63429e-05,0
11790.0,11795.0,11792.5,1.477036e-05,7.38518e-05,0
11795.0,11800.0,11797.5,1.451314e-05,7.25657e-05,0
11800.0,11805.0,11802.5,3.07126e-06,1.53563e-05,0
11805.0,11810.0,11807.5,3.15358e-06,1.57679e-05,0
11810.0,11815.0,11812.5,1.064302e-05,5.32151e-05,0
11815.0,11820.0,11817.5,1.08248e-05,5.4124e-05,0
11820.0,11825.0,11822.5,1.458808e-05,7.29404e-05,0
11825.0,11830.0,11827.5,8.75466e-06,4.37733e-05,0
11830.0,11835.0,11832.5,3.67108e-06,1.83554e-05,0
11835.0,11840.0,11837.5,1.025426e-05,5.12713e-05,0
11840.0,11845.0,11842.5,1.236734e-05,6.18367e-05,0
11845.0,11850.0,11847.5,1.395108e-05,6.97554e-05,0
11850.0,11855.0,11852.5,1.004114e-05,5.02057e-05,0
11860.0,11865.0,11862.5,1.054722e-05,5.27361e-05,0
11865.0,11870.0,11867.5,1.146836e-05,5.73418e-05,0
11870.0,11875.0,11872.5,3.9471e-06,1.97355e-05,0
11875.0,11880.0,11877.5,3.67108e-06,1.83554e-05,0
11880.0,11885.0,11882.5,3.9471e-06,1.97355e-05,0
11885.0,11890.0,11887.5,1.1478e-05,5.739e-05,0
11890.0,11895.0,11892.5,1.68194e-05,8.4097e-05,0
11895.0,11900.0,11897.5,9.89592e-06,4.94796e-05,0
11900.0,11905.0,11902.5,1.505916e-05,7.52958e-05,0
11905.0,11910.0,11907.5,1.099932e-05,5.49966e-05,0
11910.0,11915.0,11912.5,3.9471e-06,1.97355e-05,0
11915.0,11920.0,11917.5,3.89864e-06,1.94932e-05,0
11920.0,11925.0,11922.5,9.8459e-06,4.92295e-05,0
11925.0,11930.0,11927.5,1.023824e-05,5.11912e-05,0
11930.0,11935.0,11932.5,1.138808e-05,5.69404e-05,0
11935.0,11940.0,11937.5,4.37732e-06,2.18866e-05,0
11940.0,11945.0,11942.5,6.1425e-06,3.07125e-05,0
11945.0,11950.0,11947.5,1.83445e-05,9.17225e-05,0
11950.0,11955.0,11952.5,2.141576e-05,0.0001070788,0
11955.0,11960.0,11957.5,1.738328e-05,8.69164e-05,0
11960.0,11965.0,11962.5,4.37732e-06,2.18866e-05,0
11965.0,11970.0,11967.5,2.891174e-05,0.0001445587,0
11970.0,11975.0,11972.5,8.27596e-06,4.13798e-05,0
11975.0,11980.0,11977.5,9.76718e-06,4.88359e-05,0
11980.0,11985.0,11982.5,2.101302e-05,0.0001050651,0
11985.0,11990.0,11987.5,7.44098e-06,3.72049e-05,0
11990.0,11995.0,11992.5,1.772408e-05,8.86204e-05,0
11995.0,12000.0,11997.5,7.9538e-06,3.9769e-05,0
12000.0,12005.0,12002.5,1.749806e-05,8.74903e-05,0
12005.0,12010.0,12007.5,1.06879e-05,5.34395e-05,0
12010.0,12015.0,12012.5,3.67108e-06,1.83554e-05,0
12015.0,12020.0,12017.5,2.255608e-05,0.0001127804,0
12020.0,12025.0,12022.5,8.27596e-06,4.13798e-05,0
12025.0,12030.0,12027.5,1.041186e-05,5.20593e-05,0
12030.0,12035.0,12032.5,2.126798e-05,0.0001063399,0
12035.0,12040.0,12037.5,8.43248e-06,4.21624e-05,0
12040.0,12045.0,12042.5,4.05516e-06,2.02758e-05,0
12045.0,12050.0,12047.5,3.07126e-06,1.53563e-05,0
12050.0,12055.0,12052.5,7.9811e-06,3.99055e-05,0
12055.0,12060.0,12057.5,3.15358e-06,1.57679e-05,0
12060.0,12065.0,12062.5,3.89864e-06,1.94932e-05,0
12065.0,12070.0,12067.5,1.410444e-05,7.05222e-05,0
12070.0,12075.0,12072.5,7.20874e-06,3.60437e-05,0
12075.0,12080.0,12077.5,1.077176e-05,5.38588e-05,0
12080.0,12085.0,12082.5,6.74234e-06,3.37117e-05,0
12085.0,12090.0,12087.5,1.463158e-05,7.31579e-05,0
12090.0,12095.0,12092.5,3.15358e-06,1.57679e-05,0
12095.0,12100.0,12097.5,7.20874e-06,3.60437e-05,0
12100.0,12105.0,12102.5,1.59884e-05,7.9942e-05,0
12105.0,12110.0,12107.5,1.69966e-05,8.4983e-05,0
12110.0,12115.0,12112.5,1.84479e-05,9.22395e-05,0
12115.0,12120.0,12117.5,9.4896e-06,4.7448e-05,0
12120.0,12125.0,12122.5,7.21342e-06,3.60671e-05,0
12125.0,12130.0,12127.5,1.6354e-05,8.177e-05,0
12130.0,12135.0,12132.5,2.211138e-05,0.0001105569,0
12135.0,12140.0,12137.5,3.89864e-06,1.94932e-05,0
12140.0,12145.0,12142.5,1.18183e-05,5.90915e-05,0
12145.0,12150.0,12147.5,1.143656e-05,5.71828e-05,0
12150.0,12155.0,12152.5,4.08246e-06,2.04123e-05,0
12155.0,12160.0,12157.5,6.22484e-06,3.11242e-05,0
12160.0,12165.0,12162.5,3.102256e-05,0.0001551128,0
12165.0,12170.0,12167.5,3.15358e-06,1.57679e-05,0
12175.0,12180.0,12177.5,3.89864e-06,1.94932e-05,0
12180.0,12185.0,12182.5,1.483354e-05,7.41677e-05,0
12190.0,12195.0,12192.5,2.075302e-05,0.0001037651,0
12195.0,12200.0,12197.5,1.242574e-05,6.21287e-05,0
12205.0,12210.0,12207.5,6.82466e-06,3.41233e-05,0
12210.0,12215.0,12212.5,2.427818e-05,0.0001213909,0
12215.0,12220.0,12217.5,1.628556e-05,8.14278e-05,0
12220.0,12225.0,12222.5,8.75466e-06,4.37733e-05,0
12225.0,12230.0,12227.5,2.12633e-05,0.0001063165,0
12230.0,12235.0,12232.5,3.54234e-06,1.77117e-05,0
12235.0,12240.0,12237.5,3.15358e-06,1.57679e-05,0
12240.0,12245.0,12242.5,7.05222e-06,3.52611e-05,0
12245.0,12250.0,12247.5,1.106964e-05,5.53482e-05,0
12250.0,12255.0,12252.5,2.79368e-06,1.39684e-05,0
12255.0,12260.0,12257.5,3.54234e-06,1.77117e-05,0
12260.0,12265.0,12262.5,1.138808e-05,5.69404e-05,0
12265.0,12270.0,12267.5,3.89864e-06,1.94932e-05,0
12270.0,12275.0,12272.5,3.89864e-06,1.94932e-05,0
12275.0,12280.0,12277.5,7.01836e-06,3.50918e-05,0
12280.0,12285.0,12282.5,8.00226e-06,4.00113e-05,0
12285.0,12290.0,12287.5,6.9699e-06,3.48495e-05,0
12290.0,12295.0,12292.5,6.9699e-06,3.48495e-05,0
12295.0,12300.0,12297.5,1.075108e-05,5.37554e-05,0
12300.0,12305.0,12302.5,7.84574e-06,3.92287e-05,0
12305.0,12310.0,12307.5,1.384302e-05,6.92151e-05,0
12310.0,12315.0,12312.5,1.077478e-05,5.38739e-05,0
12315.0,12320.0,12317.5,9.76718e-06,4.88359e-05,0
12320.0,12325.0,12322.5,1.039118e-05,5.19559e-05,0
12325.0,12330.0,12327.5,7.9811e-06,3.99055e-05,0
12330.0,12335.0,12332.5,3.15358e-06,1.57679e-05,0
12335.0,12340.0,12337.5,1.08248e-05,5.4124e-05,0
12340.0,12345.0,12342.5,1.920726e-05,9.60363e-05,0
12345.0,12350.0,12347.5,2.246586e-05,0.0001123293,0
12350.0,12355.0,12352.5,7.9811e-06,3.99055e-05,0
12355.0,12360.0,12357.5,7.23604e-06,3.61802e-05,0
12360.0,12365.0,12362.5,4.08246e-06,2.04123e-05,0
12365.0,12370.0,12367.5,7.21342e-06,3.60671e-05,0
12370.0,12375.0,12372.5,9.89436e-06,4.94718e-05,0
12375.0,12380.0,12377.5,1.077838e-05,5.38919e-05,0
12380.0,12385.0,12382.5,1.012348e-05,5.06174e-05,0
12390.0,12395.0,12392.5,1.374454e-05,6.87227e-05,0
12395.0,12400.0,12397.5,3.67108e-06,1.83554e-05,0
12400.0,12405.0,12402.5,1.686496e-05,8.43248e-05,0
12405.0,12410.0,12407.5,1.4662e-05,7.331e-05,0
12410.0,12415.0,12412.5,1.059456e-05,5.29728e-05,0
12415.0,12420.0,12417.5,1.012348e-05,5.06174e-05,0
12420.0,12425.0,12422.5,3.54234e-06,1.77117e-05,0
12425.0,12430.0,12427.5,1.446692e-05,7.23346e-05,0
12430.0,12435.0,12432.5,1.936258e-05,9.68129e-05,0
12435.0,12440.0,12437.5,1.146198e-05,5.73099e-05,0
12440.0,12445.0,12442.5,1.227154e-05,6.13577e-05,0
12445.0,12450.0,12447.5,3.01151e-05,0.0001505755,0
12450.0,12455.0,12452.5,1.47446e-05,7.3723e-05,0
12455.0,12460.0,12457.5,2.51954e-05,0.000125977,0
12460.0,12465.0,12462.5,1.553316e-05,7.76658e-05,0
12465.0,12470.0,12467.5,1.505448e-05,7.52724e-05,0
12470.0,12475.0,12472.5,7.15372e-06,3.57686e-05,0
12475.0,12480.0,12477.5,3.15358e-06,1.57679e-05,0
12480.0,12485.0,12482.5,1.19955e-05,5.99775e-05,0
12485.0,12490.0,12487.5,3.07126e-06,1.53563e-05,0
12490.0,12495.0,12492.5,7.44858e-06,3.72429e-05,0
12495.0,12500.0,12497.5,1.863172e-05,9.31586e-05,0
12500.0,12505.0,12502.5,1.659184e-05,8.29592e-05,0
12505.0,12510.0,12507.5,1.194704e-05,5.97352e-05,0
12510.0,12515.0,12512.5,1.194704e-05,5.97352e-05,0
12515.0,12520.0,12517.5,1.575106e-05,7.87553e-05,0
12520.0,12525.0,12522.5,3.54234e-06,1.77117e-05,0
12525.0,12530.0,12527.5,6.87614e-06,3.43807e-05,0
12530.0,12535.0,12532.5,1.186676e-05,5.93338e-05,0
12535.0,12540.0,12537.5,6.33602e-06,3.16801e-05,0
12540.0,12545.0,12542.5,2.28822e-05,0.000114411,0
12545.0,12550.0,12547.5,1.02058e-05,5.1029e-05,0
12550.0,12555.0,12552.5,1.059456e-05,5.29728e-05,0
12555.0,12560.0,12557.5,6.30716e-06,3.15358e-05,0
12565.0,12570.0,12567.5,1.539478e-05,7.69739e-05,0
12570.0,12575.0,12572.5,9.76358e-06,4.88179e-05,0
12575.0,12580.0,12577.5,3.67108e-06,1.83554e-05,0
12580.0,12585.0,12582.5,1.945952e-05,9.72976e-05,0
12585.0,12590.0,12587.5,1.879974e-05,9.39987e-05,0
12590.0,12595.0,12592.5,1.059456e-05,5.29728e-05,0
12595.0,12600.0,12597.5,2.601314e-05,0.0001300657,0
12600.0,12605.0,12602.5,9.61834e-06,4.80917e-05,0
12610.0,12615.0,12612.5,1.03073e-05,5.15365e-05,0
12615.0,12620.0,12617.5,4.05516e-06,2.02758e-05,0
12620.0,12625.0,12622.5,2.591044e-05,0.0001295522,0
12625.0,12630.0,12627.5,3.315214e-05,0.0001657607,0
12630.0,12635.0,12632.5,8.0484e-06,4.0242e-05,0
12635.0,12640.0,12637.5,3.67108e-06,1.83554e-05,0
12640.0,12645.0,12642.5,1.151682e-05,5.75841e-05,0
12645.0,12650.0,12647.5,1.551902e-05,7.75951e-05,0
12650.0,12655.0,12652.5,3.07126e-06,1.53563e-05,0
12655.0,12660.0,12657.5,3.9471e-06,1.97355e-05,0
12660.0,12665.0,12662.5,1.111966e-05,5.55983e-05,0
12665.0,12670.0,12667.5,7.05222e-06,3.52611e-05,0
12670.0,12675.0,12672.5,7.91966e-06,3.95983e-05,0
12675.0,12680.0,12677.5,1.84737e-05,9.23685e-05,0
12680.0,12685.0,12682.5,1.012348e-05,5.06174e-05,0
12685.0,12690.0,12687.5,1.077176e-05,5.38588e-05,0
12690.0,12695.0,12692.5,7.08466e-06,3.54233e-05,0
12695.0,12700.0,12697.5,1.102506e-05,5.51253e-05,0
12700.0,12705.0,12702.5,1.614604e-05,8.07302e-05,0
12705.0,12710.0,12707.5,3.67108e-06,1.83554e-05,0
12710.0,12715.0,12712.5,7.61818e-06,3.80909e-05,0
12715.0,12720.0,12717.5,1.584568e-05,7.92284e-05,0
12720.0,12725.0,12722.5,7.84574e-06,3.92287e-05,0
12725.0,12730.0,12727.5,7.91966e-06,3.95983e-05,0
12730.0,12735.0,12732.5,7.9538e-06,3.9769e-05,0
12735.0,12740.0,12737.5,2.219636e-05,0.0001109818,0
12740.0,12745.0,12742.5,1.526562e-05,7.63281e-05,0
12745.0,12750.0,12747.5,1.296716e-05,6.48358e-05,0
12750.0,12755.0,12752.5,3.15358e-06,1.57679e-05,0
12755.0,12760.0,12757.5,1.4951e-05,7.4755e-05,0
12760.0,12765.0,12762.5,7.34214e-06,3.67107e-05,0
12765.0,12770.0,12767.5,1.453962e-05,7.26981e-05,0
12770.0,12775.0,12772.5,1.05607e-05,5.28035e-05,0
12775.0,12780.0,12777.5,6.84884e-06,3.42442e-05,0
12780.0,12785.0,12782.5,1.041186e-05,5.20593e-05,0
12785.0,12790.0,12787.5,1.106964e-05,5.53482e-05,0
12790.0,12795.0,12792.5,1.454166e-05,7.27083e-05,0
12795.0,12800.0,12797.5,7.72624e-06,3.86312e-05,0
12800.0,12805.0,12802.5,1.769164e-05,8.84582e-05,0
12805.0,12810.0,12807.5,7.79728e-06,3.89864e-05,0
12810.0,12815.0,12812.5,6.82466e-06,3.41233e-05,0
12815.0,12820.0,12817.5,2.160148e-05,0.0001080074,0
12820.0,12825.0,12822.5,7.84574e-06,3.92287e-05,0
12825.0,12830.0,12827.5,3.07126e-06,1.53563e-05,0
12830.0,12835.0,12832.5,9.10084e-06,4.55042e-05,0
12835.0,12840.0,12837.5,7.23604e-06,3.61802e-05,0
12840.0,12845.0,12842.5,4.08246e-06,2.04123e-05,0
12845.0,12850.0,12847.5,1.095086e-05,5.47543e-05,0
12850.0,12855.0,12852.5,1.403672e-05,7.01836e-05,0
12855.0,12860.0,12857.5,1.41529e-05,7.07645e-05,0
12860.0,12865.0,12862.5,7.61818e-06,3.80909e-05,0
12865.0,12870.0,12867.5,6.69592e-06,3.34796e-05,0
12870.0,12875.0,12872.5,2.79368e-06,1.39684e-05,0
12875.0,12880.0,12877.5,1.835798e-05,9.17899e-05,0
12880.0,12885.0,12882.5,2.136632e-05,0.0001068316,0
12885.0,12890.0,12887.5,7.56972e-06,3.78486e-05,0
12890.0,12895.0,12892.5,7.01836e-06,3.50918e-05,0
12895.0,12900.0,12897.5,7.56972e-06,3.78486e-05,0
12900.0,12905.0,12902.5,3.89864e-06,1.94932e-05,0
12905.0,12910.0,12907.5,3.89864e-06,1.94932e-05,0
12910.0,12915.0,12912.5,4.05516e-06,2.02758e-05,0
12915.0,12920.0,12917.5,1.235842e-05,6.17921e-05,0
12925.0,12930.0,12927.5,7.75354e-06,3.87677e-05,0
12930.0,12935.0,12932.5,7.5309e-06,3.76545e-05,0
12935.0,12940.0,12937.5,3.07126e-06,1.53563e-05,0
12940.0,12945.0,12942.5,3.54234e-06,1.77117e-05,0
12945.0,12950.0,12947.5,9.4896e-06,4.7448e-05,0
12950.0,12955.0,12952.5,4.37732e-06,2.18866e-05,0
12955.0,12960.0,12957.5,8.00226e-06,4.00113e-05,0
12960.0,12965.0,12962.5,3.54234e-06,1.77117e-05,0
12965.0,12970.0,12967.5,1.185244e-05,5.92622e-05,0
12970.0,12975.0,12972.5,7.10068e-06,3.55034e-05,0
12980.0,12985.0,12982.5,9.66984e-06,4.83492e-05,0
12985.0,12990.0,12987.5,1.19009e-05,5.95045e-05,0
12990.0,12995.0,12992.5,3.89864e-06,1.94932e-05,0
12995.0,13000.0,12997.5,3.89864e-06,1.94932e-05,0
13000.0,13005.0,13002.5,6.69592e-06,3.34796e-05,0
13005.0,13010.0,13007.5,1.438978e-05,7.19489e-05,0
13010.0,13015.0,13012.5,7.84574e-06,3.92287e-05,0
13020.0,13025.0,13022.5,3.54234e-06,1.77117e-05,0
13025.0,13030.0,13027.5,1.10478e-05,5.5239e-05,0
13030.0,13035.0,13032.5,6.46476e-06,3.23238e-05,0
13035.0,13040.0,13037.5,7.75354e-06,3.87677e-05,0
13040.0,13045.0,13042.5,1.084208e-05,5.42104e-05,0
13045.0,13050.0,13047.5,6.69232e-06,3.34616e-05,0
13050.0,13055.0,13052.5,1.547976e-05,7.73988e-05,0
13055.0,13060.0,13057.5,4.37732e-06,2.18866e-05,0
13060.0,13065.0,13062.5,1.437974e-05,7.18987e-05,0
13065.0,13070.0,13067.5,1.270176e-05,6.35088e-05,0
13075.0,13080.0,13077.5,1.446692e-05,7.23346e-05,0
13080.0,13085.0,13082.5,7.5309e-06,3.76545e-05,0
13085.0,13090.0,13087.5,1.935108e-05,9.67554e-05,0
13090.0,13095.0,13092.5,1.131852e-05,5.65926e-05,0
13095.0,13100.0,13097.5,2.088528e-05,0.0001044264,0
13100.0,13105.0,13102.5,1.03073e-05,5.15365e-05,0
13105.0,13110.0,13107.5,4.37732e-06,2.18866e-05,0
13115.0,13120.0,13117.5,1.478312e-05,7.39156e-05,0
13120.0,13125.0,13122.5,1.826122e-05,9.13061e-05,0
13125.0,13130.0,13127.5,7.12642e-06,3.56321e-05,0
13130.0,13135.0,13132.5,7.5975e-06,3.79875e-05,0
13135.0,13140.0,13137.5,7.12642e-06,3.56321e-05,0
13140.0,13145.0,13142.5,8.27596e-06,4.13798e-05,0
13145.0,13150.0,13147.5,1.51248e-05,7.5624e-05,0
13150.0,13155.0,13152.5,1.489796e-05,7.44898e-05,0
13155.0,13160.0,13157.5,4.08246e-06,2.04123e-05,0
13160.0,13165.0,13162.5,1.738328e-05,8.69164e-05,0
13165.0,13170.0,13167.5,1.66004e-05,8.3002e-05,0
13170.0,13175.0,13172.5,7.01836e-06,3.50918e-05,0
13175.0,13180.0,13177.5,4.08246e-06,2.04123e-05,0
13180.0,13185.0,13182.5,1.26533e-05,6.32665e-05,0
13185.0,13190.0,13187.5,7.12642e-06,3.56321e-05,0
13190.0,13195.0,13192.5,5.86494e-06,2.93247e-05,0
13195.0,13200.0,13197.5,7.10068e-06,3.55034e-05,0
13200.0,13205.0,13202.5,3.15358e-06,1.57679e-05,0
13205.0,13210.0,13207.5,7.05222e-06,3.52611e-05,0
13210.0,13215.0,13212.5,7.56972e-06,3.78486e-05,0
13215.0,13220.0,13217.5,1.069606e-05,5.34803e-05,0
13220.0,13225.0,13222.5,6.33602e-06,3.16801e-05,0
13230.0,13235.0,13232.5,7.23604e-06,3.61802e-05,0
13235.0,13240.0,13237.5,7.9811e-06,3.99055e-05,0
13240.0,13245.0,13242.5,8.0484e-06,4.0242e-05,0
13245.0,13250.0,13247.5,2.79368e-06,1.39684e-05,0
13250.0,13255.0,13252.5,1.40963e-05,7.04815e-05,0
13255.0,13260.0,13257.5,8.1103e-06,4.05515e-05,0
13260.0,13265.0,13262.5,1.469614e-05,7.34807e-05,0
13265.0,13270.0,13267.5,3.9471e-06,1.97355e-05,0
13270.0,13275.0,13272.5,1.126858e-05,5.63429e-05,0
13275.0,13280.0,13277.5,3.15358e-06,1.57679e-05,0
13280.0,13285.0,13282.5,2.119698e-05,0.0001059849,0
13285.0,13290.0,13287.5,1.809322e-05,9.04661e-05,0
13290.0,13295.0,13292.5,2.30999e-05,0.0001154995,0
13295.0,13300.0,13297.5,3.89864e-06,1.94932e-05,0
13300.0,13305.0,13302.5,1.53717e-05,7.68585e-05,0
13305.0,13310.0,13307.5,1.587532e-05,7.93766e-05,0
13310.0,13315.0,13312.5,1.017194e-05,5.08597e-05,0
13315.0,13320.0,13317.5,4.05516e-06,2.02758e-05,0
13320.0,13325.0,13322.5,8.0484e-06,4.0242e-05,0
13325.0,13330.0,13327.5,3.89864e-06,1.94932e-05,0
13330.0,13335.0,13332.5,1.069606e-05,5.34803e-05,0
13335.0,13340.0,13337.5,6.9699e-06,3.48495e-05,0
13340.0,13345.0,13342.5,1.107352e-05,5.53676e-05,0
13345.0,13350.0,13347.5,3.9471e-06,1.97355e-05,0
13350.0,13355.0,13352.5,7.10068e-06,3.55034e-05,0
13355.0,13360.0,13357.5,7.05222e-06,3.52611e-05,0
13360.0,13365.0,13362.5,8.02956e-06,4.01478e-05,0
13365.0,13370.0,13367.5,7.01836e-06,3.50918e-05,0
13375.0,13380.0,13377.5,1.464316e-05,7.32158e-05,0
13380.0,13385.0,13382.5,5.94726e-06,2.97363e-05,0
13385.0,13390.0,13387.5,1.066876e-05,5.33438e-05,0
13395.0,13400.0,13397.5,6.84884e-06,3.42442e-05,0
13400.0,13405.0,13402.5,7.5309e-06,3.76545e-05,0
13410.0,13415.0,13412.5,7.20874e-06,3.60437e-05,0
13415.0,13420.0,13417.5,1.151682e-05,5.75841e-05,0
13425.0,13430.0,13427.5,7.9538e-06,3.9769e-05,0
13430.0,13435.0,13432.5,3.07126e-06,1.53563e-05,0
13435.0,13440.0,13437.5,1.07975e-05,5.39875e-05,0
13440.0,13445.0,13442.5,1.138808e-05,5.69404e-05,0
13445.0,13450.0,13447.5,1.423178e-05,7.11589e-05,0
13455.0,13460.0,13457.5,1.354118e-05,6.77059e-05,0
13460.0,13465.0,13462.5,7.61818e-06,3.80909e-05,0
13465.0,13470.0,13467.5,6.69592e-06,3.34796e-05,0
13470.0,13475.0,13472.5,1.099932e-05,5.49966e-05,0
13475.0,13480.0,13477.5,1.554978e-05,7.77489e-05,0
13480.0,13485.0,13482.5,1.319472e-05,6.59736e-05,0
13490.0,13495.0,13492.5,2.166808e-05,0.0001083404,0
13495.0,13500.0,13497.5,3.07126e-06,1.53563e-05,0
13500.0,13505.0,13502.5,9.89592e-06,4.94796e-05,0
13505.0,13510.0,13507.5,1.472548e-05,7.36274e-05,0
13510.0,13515.0,13512.5,1.535104e-05,7.67552e-05,0
13515.0,13520.0,13517.5,1.165264e-05,5.82632e-05,0
13520.0,13525.0,13522.5,1.184132e-05,5.92066e-05,0
13530.0,13535.0,13532.5,1.059456e-05,5.29728e-05,0
13535.0,13540.0,13537.5,3.9471e-06,1.97355e-05,0
13540.0,13545.0,13542.5,3.54234e-06,1.77117e-05,0
13550.0,13555.0,13552.5,1.063942e-05,5.31971e-05,0
13555.0,13560.0,13557.5,1.465438e-05,7.32719e-05,0
13560.0,13565.0,13562.5,7.9538e-06,3.9769e-05,0
13565.0,13570.0,13567.5,7.05222e-06,3.52611e-05,0
13570.0,13575.0,13572.5,9.9201e-06,4.96005e-05,0
13575.0,13580.0,13577.5,1.142954e-05,5.71477e-05,0
13585.0,13590.0,13587.5,7.9538e-06,3.9769e-05,0
13590.0,13595.0,13592.5,1.897202e-05,9.48601e-05,0
13600.0,13605.0,13602.5,1.219276e-05,6.09638e-05,0
13605.0,13610.0,13607.5,7.12642e-06,3.56321e-05,0
13610.0,13615.0,13612.5,2.737146e-05,0.0001368573,0
13615.0,13620.0,13617.5,1.51521e-05,7.57605e-05,0
13620.0,13625.0,13622.5,7.72624e-06,3.86312e-05,0
13625.0,13630.0,13627.5,3.54234e-06,1.77117e-05,0
13630.0,13635.0,13632.5,1.741922e-05,8.70961e-05,0
13635.0,13640.0,13637.5,1.126858e-05,5.63429e-05,0
13640.0,13645.0,13642.5,6.82466e-06,3.41233e-05,0
13655.0,13660.0,13657.5,3.15358e-06,1.57679e-05,0
13660.0,13665.0,13662.5,1.407058e-05,7.03529e-05,0
13665.0,13670.0,13667.5,9.8495e-06,4.92475e-05,0
13670.0,13675.0,13672.5,4.05516e-06,2.02758e-05,0
13675.0,13680.0,13677.5,1.482692e-05,7.41346e-05,0
13680.0,13685.0,13682.5,1.42544e-05,7.1272e-05,0
13685.0,13690.0,13687.5,1.592192e-05,7.96096e-05,0
13690.0,13695.0,13692.5,1.1478e-05,5.739e-05,0
13695.0,13700.0,13697.5,1.374454e-05,6.87227e-05,0
13700.0,13705.0,13702.5,1.56308e-05,7.8154e-05,0
13705.0,13710.0,13707.5,1.518984e-05,7.59492e-05,0
13710.0,13715.0,13712.5,4.37732e-06,2.18866e-05,0
13715.0,13720.0,13717.5,1.725302e-05,8.62651e-05,0
13720.0,13725.0,13722.5,1.397524e-05,6.98762e-05,0
13725.0,13730.0,13727.5,3.54234e-06,1.77117e-05,0
13730.0,13735.0,13732.5,1.392534e-05,6.96267e-05,0
13735.0,13740.0,13737.5,1.138808e-05,5.69404e-05,0
13740.0,13745.0,13742.5,1.0367e-05,5.1835e-05,0
13745.0,13750.0,13747.5,1.537664e-05,7.68832e-05,0
13750.0,13755.0,13752.5,3.07126e-06,1.53563e-05,0
13760.0,13765.0,13762.5,7.72624e-06,3.86312e-05,0
13765.0,13770.0,13767.5,3.67108e-06,1.83554e-05,0
13770.0,13775.0,13772.5,7.20874e-06,3.60437e-05,0
13780.0,13785.0,13782.5,1.6354e-05,8.177e-05,0
13785.0,13790.0,13787.5,3.9471e-06,1.97355e-05,0
13790.0,13795.0,13792.5,1.110082e-05,5.55041e-05,0
13795.0,13800.0,13797.5,3.07126e-06,1.53563e-05,0
13800.0,13805.0,13802.5,7.12642e-06,3.56321e-05,0
13805.0,13810.0,13807.5,4.05516e-06,2.02758e-05,0
13810.0,13815.0,13812.5,1.208472e-05,6.04236e-05,0
13815.0,13820.0,13817.5,1.782398e-05,8.91199e-05,0
13820.0,13825.0,13822.5,3.15358e-06,1.57679e-05,0
13825.0,13830.0,13827.5,1.30495e-05,6.52475e-05,0
13830.0,13835.0,13832.5,8.00226e-06,4.00113e-05,0
13835.0,13840.0,13837.5,6.22484e-06,3.11242e-05,0
13840.0,13845.0,13842.5,1.426204e-05,7.13102e-05,0
13845.0,13850.0,13847.5,8.00226e-06,4.00113e-05,0
13855.0,13860.0,13857.5,3.9471e-06,1.97355e-05,0
13860.0,13865.0,13862.5,7.84574e-06,3.92287e-05,0
13865.0,13870.0,13867.5,1.43105e-05,7.15525e-05,0
13870.0,13875.0,13872.5,1.900892e-05,9.50446e-05,0
13885.0,13890.0,13887.5,3.15358e-06,1.57679e-05,0
13890.0,13895.0,13892.5,2.79368e-06,1.39684e-05,0
13895.0,13900.0,13897.5,8.43248e-06,4.21624e-05,0
13900.0,13905.0,13902.5,1.103176e-05,5.51588e-05,0
13905.0,13910.0,13907.5,6.74234e-06,3.37117e-05,0
13910.0,13915.0,13912.5,1.142954e-05,5.71477e-05,0
13915.0,13920.0,13917.5,3.9471e-06,1.97355e-05,0
13920.0,13925.0,13922.5,6.74078e-06,3.37039e-05,0
13925.0,13930.0,13927.5,8.27596e-06,4.13798e-05,0
13930.0,13935.0,13932.5,1.544324e-05,7.72162e-05,0
13935.0,13940.0,13937.5,6.6136e-06,3.3068e-05,0
13940.0,13945.0,13942.5,1.296562e-05,6.48281e-05,0
13945.0,13950.0,13947.5,1.55862e-05,7.7931e-05,0
13950.0,13955.0,13952.5,1.146198e-05,5.73099e-05,0
13955.0,13960.0,13957.5,1.578312e-05,7.89156e-05,0
13960.0,13965.0,13962.5,1.627822e-05,8.13911e-05,0
13965.0,13970.0,13967.5,1.862052e-05,9.31026e-05,0
13970.0,13975.0,13972.5,7.5975e-06,3.79875e-05,0
13975.0,13980.0,13977.5,1.07233e-05,5.36165e-05,0
13980.0,13985.0,13982.5,1.185244e-05,5.92622e-05,0
13985.0,13990.0,13987.5,1.187974e-05,5.93987e-05,0
13990.0,13995.0,13992.5,1.50183e-05,7.50915e-05,0
13995.0,14000.0,13997.5,3.54234e-06,1.77117e-05,0
14000.0,14005.0,14002.5,7.61818e-06,3.80909e-05,0
14010.0,14015.0,14012.5,3.15358e-06,1.57679e-05,0
14015.0,14020.0,14017.5,7.20874e-06,3.60437e-05,0
14020.0,14025.0,14022.5,7.72624e-06,3.86312e-05,0
14025.0,14030.0,14027.5,4.08246e-06,2.04123e-05,0
14030.0,14035.0,14032.5,1.142954e-05,5.71477e-05,0
14035.0,14040.0,14037.5,2.580368e-05,0.0001290184,0
14040.0,14045.0,14042.5,3.15358e-06,1.57679e-05,0
14045.0,14050.0,14047.5,1.41445e-05,7.07225e-05,0
14050.0,14055.0,14052.5,3.15358e-06,1.57679e-05,0
14055.0,14060.0,14057.5,8.27596e-06,4.13798e-05,0
14060.0,14065.0,14062.5,7.79728e-06,3.89864e-05,0
14065.0,14070.0,14067.5,6.74234e-06,3.37117e-05,0
14070.0,14075.0,14072.5,3.89864e-06,1.94932e-05,0
14075.0,14080.0,14077.5,6.69232e-06,3.34616e-05,0
14080.0,14085.0,14082.5,7.15372e-06,3.57686e-05,0
14085.0,14090.0,14087.5,1.379456e-05,6.89728e-05,0
14090.0,14095.0,14092.5,3.07126e-06,1.53563e-05,0
14095.0,14100.0,14097.5,7.56972e-06,3.78486e-05,0
14100.0,14105.0,14102.5,6.6136e-06,3.3068e-05,0
14105.0,14110.0,14107.5,7.01836e-06,3.50918e-05,0
14110.0,14115.0,14112.5,1.077838e-05,5.38919e-05,0
14120.0,14125.0,14122.5,1.343826e-05,6.71913e-05,0
14125.0,14130.0,14127.5,1.589414e-05,7.94707e-05,0
14130.0,14135.0,14132.5,1.077176e-05,5.38588e-05,0
14135.0,14140.0,14137.5,1.873022e-05,9.36511e-05,0
14140.0,14145.0,14142.5,3.9471e-06,1.97355e-05,0
14145.0,14150.0,14147.5,8.32442e-06,4.16221e-05,0
14150.0,14155.0,14152.5,7.89422e-06,3.94711e-05,0
14155.0,14160.0,14157.5,7.21342e-06,3.60671e-05,0
14160.0,14165.0,14162.5,7.5309e-06,3.76545e-05,0
14165.0,14170.0,14167.5,1.017194e-05,5.08597e-05,0
14170.0,14175.0,14172.5,1.37008e-05,6.8504e-05,0
14175.0,14180.0,14177.5,7.48944e-06,3.74472e-05,0
14180.0,14185.0,14182.5,7.01836e-06,3.50918e-05,0
14185.0,14190.0,14187.5,1.510296e-05,7.55148e-05,0
14190.0,14195.0,14192.5,8.27596e-06,4.13798e-05,0
14195.0,14200.0,14197.5,7.9538e-06,3.9769e-05,0
14200.0,14205.0,14202.5,1.004114e-05,5.02057e-05,0
14205.0,14210.0,14207.5,1.518788e-05,7.59394e-05,0
14210.0,14215.0,14212.5,1.019766e-05,5.09883e-05,0
14215.0,14220.0,14217.5,6.82466e-06,3.41233e-05,0
14220.0,14225.0,14222.5,1.313198e-05,6.56599e-05,0
14235.0,14240.0,14237.5,1.44268e-05,7.2134e-05,0
14240.0,14245.0,14242.5,1.025426e-05,5.12713e-05,0
14245.0,14250.0,14247.5,4.37732e-06,2.18866e-05,0
14250.0,14255.0,14252.5,3.54234e-06,1.77117e-05,0
14255.0,14260.0,14257.5,4.08246e-06,2.04123e-05,0
14260.0,14265.0,14262.5,1.142954e-05,5.71477e-05,0
14265.0,14270.0,14267.5,4.05516e-06,2.02758e-05,0
14270.0,14275.0,14272.5,3.54234e-06,1.77117e-05,0
14275.0,14280.0,14277.5,7.9811e-06,3.99055e-05,0
14280.0,14285.0,14282.5,4.37732e-06,2.18866e-05,0
14285.0,14290.0,14287.5,1.883828e-05,9.41914e-05,0
14290.0,14295.0,14292.5,7.56972e-06,3.78486e-05,0
14295.0,14300.0,14297.5,3.9471e-06,1.97355e-05,0
14300.0,14305.0,14302.5,1.186676e-05,5.93338e-05,0
14305.0,14310.0,14307.5,1.557198e-05,7.78599e-05,0
14310.0,14315.0,14312.5,1.194704e-05,5.97352e-05,0
14315.0,14320.0,14317.5,3.9471e-06,1.97355e-05,0
14320.0,14325.0,14322.5,7.5309e-06,3.76545e-05,0
14325.0,14330.0,14327.5,3.67108e-06,1.83554e-05,0
14330.0,14335.0,14332.5,7.79728e-06,3.89864e-05,0
14335.0,14340.0,14337.5,3.07126e-06,1.53563e-05,0
14340.0,14345.0,14342.5,7.91966e-06,3.95983e-05,0
14345.0,14350.0,14347.5,3.9471e-06,1.97355e-05,0
14350.0,14355.0,14352.5,3.15358e-06,1.57679e-05,0
14360.0,14365.0,14362.5,3.67108e-06,1.83554e-05,0
14365.0,14370.0,14367.5,2.79368e-06,1.39684e-05,0
14370.0,14375.0,14372.5,3.67108e-06,1.83554e-05,0
14375.0,14380.0,14377.5,7.48944e-06,3.74472e-05,0
14380.0,14385.0,14382.5,1.0917e-05,5.4585e-05,0
14385.0,14390.0,14387.5,8.27596e-06,4.13798e-05,0
14390.0,14395.0,14392.5,3.89864e-06,1.94932e-05,0
14395.0,14400.0,14397.5,3.15358e-06,1.57679e-05,0
14400.0,14405.0,14402.5,8.00226e-06,4.00113e-05,0
14405.0,14410.0,14407.5,7.12642e-06,3.56321e-05,0
14410.0,14415.0,14412.5,7.21342e-06,3.60671e-05,0
14415.0,14420.0,14417.5,1.036232e-05,5.18116e-05,0
14420.0,14425.0,14422.5,4.08246e-06,2.04123e-05,0
14425.0,14430.0,14427.5,1.346244e-05,6.73122e-05,0
14435.0,14440.0,14437.5,4.08246e-06,2.04123e-05,0
14440.0,14445.0,14442.5,1.460238e-05,7.30119e-05,0
14445.0,14450.0,14447.5,3.9471e-06,1.97355e-05,0
14450.0,14455.0,14452.5,8.00226e-06,4.00113e-05,0
14460.0,14465.0,14462.5,1.194704e-05,5.97352e-05,0
14465.0,14470.0,14467.5,7.56972e-06,3.78486e-05,0
14475.0,14480.0,14477.5,1.0367e-05,5.1835e-05,0
14480.0,14485.0,14482.5,1.900616e-05,9.50308e-05,0
14485.0,14490.0,14487.5,1.488194e-05,7.44097e-05,0
14490.0,14495.0,14492.5,6.69592e-06,3.34796e-05,0
14495.0,14500.0,14497.5,3.9471e-06,1.97355e-05,0
14500.0,14505.0,14502.5,8.00226e-06,4.00113e-05,0
14505.0,14510.0,14507.5,6.69592e-06,3.34796e-05,0
14510.0,14515.0,14512.5,3.9471e-06,1.97355e-05,0
14515.0,14520.0,14517.5,1.552352e-05,7.76176e-05,0
14525.0,14530.0,14527.5,8.27596e-06,4.13798e-05,0
14530.0,14535.0,14532.5,1.128924e-05,5.64462e-05,0
14535.0,14540.0,14537.5,8.32442e-06,4.16221e-05,0
14540.0,14545.0,14542.5,7.5975e-06,3.79875e-05,0
14545.0,14550.0,14547.5,4.37732e-06,2.18866e-05,0
14550.0,14555.0,14552.5,1.578312e-05,7.89156e-05,0
14560.0,14565.0,14562.5,3.89864e-06,1.94932e-05,0
14565.0,14570.0,14567.5,7.21342e-06,3.60671e-05,0
14580.0,14585.0,14582.5,9.37842e-06,4.68921e-05,0
14585.0,14590.0,14587.5,1.203626e-05,6.01813e-05,0
14595.0,14600.0,14597.5,7.9538e-06,3.9769e-05,0
14600.0,14605.0,14602.5,8.27596e-06,4.13798e-05,0
14605.0,14610.0,14607.5,1.017194e-05,5.08597e-05,0
14610.0,14615.0,14612.5,3.67108e-06,1.83554e-05,0
14615.0,14620.0,14617.5,1.359118e-05,6.79559e-05,0
14620.0,14625.0,14622.5,4.08246e-06,2.04123e-05,0
14625.0,14630.0,14627.5,7.89422e-06,3.94711e-05,0
14635.0,14640.0,14637.5,1.194938e-05,5.97469e-05,0
14640.0,14645.0,14642.5,6.74234e-06,3.37117e-05,0
14645.0,14650.0,14647.5,1.171946e-05,5.85973e-05,0
14650.0,14655.0,14652.5,1.807728e-05,9.03864e-05,0
14655.0,14660.0,14657.5,2.966826e-05,0.0001483413,0
14660.0,14665.0,14662.5,4.05516e-06,2.02758e-05,0
14665.0,14670.0,14667.5,3.9471e-06,1.97355e-05,0
14670.0,14675.0,14672.5,7.56972e-06,3.78486e-05,0
14675.0,14680.0,14677.5,7.79728e-06,3.89864e-05,0
14680.0,14685.0,14682.5,2.228016e-05,0.0001114008,0
14685.0,14690.0,14687.5,8.27596e-06,4.13798e-05,0
14695.0,14700.0,14697.5,3.67108e-06,1.83554e-05,0
14700.0,14705.0,14702.5,6.9699e-06,3.48495e-05,0
14705.0,14710.0,14707.5,3.9471e-06,1.97355e-05,0
14710.0,14715.0,14712.5,3.15358e-06,1.57679e-05,0
14715.0,14720.0,14717.5,3.15358e-06,1.57679e-05,0
14720.0,14725.0,14722.5,7.72624e-06,3.86312e-05,0
14725.0,14730.0,14727.5,4.05516e-06,2.02758e-05,0
14730.0,14735.0,14732.5,3.89864e-06,1.94932e-05,0
14735.0,14740.0,14737.5,1.107324e-05,5.53662e-05,0
14740.0,14745.0,14742.5,3.9471e-06,1.97355e-05,0
14745.0,14750.0,14747.5,3.54234e-06,1.77117e-05,0
14750.0,14755.0,14752.5,3.67108e-06,1.83554e-05,0
14755.0,14760.0,14757.5,3.54234e-06,1.77117e-05,0
14770.0,14775.0,14772.5,8.0484e-06,4.0242e-05,0
14775.0,14780.0,14777.5,4.08246e-06,2.04123e-05,0
14780.0,14785.0,14782.5,1.222306e-05,6.11153e-05,0
14785.0,14790.0,14787.5,7.91966e-06,3.95983e-05,0
14790.0,14795.0,14792.5,7.12642e-06,3.56321e-05,0
14800.0,14805.0,14802.5,3.54234e-06,1.77117e-05,0
14805.0,14810.0,14807.5,1.617018e-05,8.08509e-05,0
14810.0,14815.0,14812.5,4.37732e-06,2.18866e-05,0
14815.0,14820.0,14817.5,1.162488e-05,5.81244e-05,0
14820.0,14825.0,14822.5,4.05516e-06,2.02758e-05,0
14825.0,14830.0,14827.5,4.37732e-06,2.18866e-05,0
14830.0,14835.0,14832.5,1.170064e-05,5.85032e-05,0
14835.0,14840.0,14837.5,6.69592e-06,3.34796e-05,0
14840.0,14845.0,14842.5,1.142954e-05,5.71477e-05,0
14845.0,14850.0,14847.5,7.21342e-06,3.60671e-05,0
14850.0,14855.0,14852.5,3.15358e-06,1.57679e-05,0
14860.0,14865.0,14862.5,3.9471e-06,1.97355e-05,0
14865.0,14870.0,14867.5,8.32442e-06,4.16221e-05,0
14870.0,14875.0,14872.5,3.07126e-06,1.53563e-05,0
14875.0,14880.0,14877.5,3.67108e-06,1.83554e-05,0
14885.0,14890.0,14887.5,7.56972e-06,3.78486e-05,0
14890.0,14895.0,14892.5,1.525714e-05,7.62857e-05,0
14895.0,14900.0,14897.5,1.077478e-05,5.38739e-05,0
14900.0,14905.0,14902.5,3.07126e-06,1.53563e-05,0
14905.0,14910.0,14907.5,3.9471e-06,1.97355e-05,0
14910.0,14915.0,14912.5,5.94726e-06,2.97363e-05,0
14915.0,14920.0,14917.5,1.116052e-05,5.58026e-05,0
14920.0,14925.0,14922.5,1.151682e-05,5.75841e-05,0
14925.0,14930.0,14927.5,6.69592e-06,3.34796e-05,0
14930.0,14935.0,14932.5,4.08246e-06,2.04123e-05,0
14935.0,14940.0,14937.5,1.179286e-05,5.89643e-05,0
14940.0,14945.0,14942.5,8.32442e-06,4.16221e-05,0
14950.0,14955.0,14952.5,3.89864e-06,1.94932e-05,0
14955.0,14960.0,14957.5,3.89864e-06,1.94932e-05,0
14965.0,14970.0,14967.5,3.07126e-06,1.53563e-05,0
14970.0,14975.0,14972.5,1.20574e-05,6.0287e-05,0
14980.0,14985.0,14982.5,1.41236e-05,7.0618e-05,0
14985.0,14990.0,14987.5,1.143656e-05,5.71828e-05,0
14990.0,14995.0,14992.5,1.478312e-05,7.39156e-05,0
15000.0,15005.0,15002.5,7.10068e-06,3.55034e-05,0
15015.0,15020.0,15017.5,1.178138e-05,5.89069e-05,0
15020.0,15025.0,15022.5,7.01836e-06,3.50918e-05,0
15025.0,15030.0,15027.5,6.74078e-06,3.37039e-05,0
15030.0,15035.0,15032.5,4.05516e-06,2.02758e-05,0
15035.0,15040.0,15037.5,4.37732e-06,2.18866e-05,0
15040.0,15045.0,15042.5,1.653212e-05,8.26606e-05,0
15045.0,15050.0,15047.5,3.07126e-06,1.53563e-05,0
15050.0,15055.0,15052.5,7.23604e-06,3.61802e-05,0
15055.0,15060.0,15057.5,1.187974e-05,5.93987e-05,0
15060.0,15065.0,15062.5,6.1425e-06,3.07125e-05,0
15065.0,15070.0,15067.5,3.9471e-06,1.97355e-05,0
15070.0,15075.0,15072.5,1.143656e-05,5.71828e-05,0
15080.0,15085.0,15082.5,3.15358e-06,1.57679e-05,0
15090.0,15095.0,15092.5,5.94726e-06,2.97363e-05,0
15100.0,15105.0,15102.5,7.61818e-06,3.80909e-05,0
15105.0,15110.0,15107.5,3.9471e-06,1.97355e-05,0
15110.0,15115.0,15112.5,1.0917e-05,5.4585e-05,0
15115.0,15120.0,15117.5,4.37732e-06,2.18866e-05,0
15120.0,15125.0,15122.5,7.12642e-06,3.56321e-05,0
15125.0,15130.0,15127.5,3.9471e-06,1.97355e-05,0
15130.0,15135.0,15132.5,1.235842e-05,6.17921e-05,0
15135.0,15140.0,15137.5,8.0484e-06,4.0242e-05,0
15140.0,15145.0,15142.5,7.84574e-06,3.92287e-05,0
15145.0,15150.0,15147.5,1.179286e-05,5.89643e-05,0
15150.0,15155.0,15152.5,4.08246e-06,2.04123e-05,0
15155.0,15160.0,15157.5,1.237958e-05,6.18979e-05,0
15160.0,15165.0,15162.5,7.89422e-06,3.94711e-05,0
15170.0,15175.0,15172.5,4.37732e-06,2.18866e-05,0
15175.0,15180.0,15177.5,3.89864e-06,1.94932e-05,0
15180.0,15185.0,15182.5,1.110738e-05,5.55369e-05,0
15185.0,15190.0,15187.5,1.19955e-05,5.99775e-05,0
15195.0,15200.0,15197.5,4.05516e-06,2.02758e-05,0
15200.0,15205.0,15202.5,7.91966e-06,3.95983e-05,0
15205.0,15210.0,15207.5,6.30716e-06,3.15358e-05,0
15210.0,15215.0,15212.5,6.9699e-06,3.48495e-05,0
15215.0,15220.0,15217.5,7.84574e-06,3.92287e-05,0
15220.0,15225.0,15222.5,9.46074e-06,4.73037e-05,0
15225.0,15230.0,15227.5,3.67108e-06,1.83554e-05,0
15230.0,15235.0,15232.5,3.15358e-06,1.57679e-05,0
15235.0,15240.0,15237.5,1.107324e-05,5.53662e-05,0
15240.0,15245.0,15242.5,7.61818e-06,3.80909e-05,0
15245.0,15250.0,15247.5,3.67108e-06,1.83554e-05,0
15250.0,15255.0,15252.5,7.84574e-06,3.92287e-05,0
15255.0,15260.0,15257.5,4.37732e-06,2.18866e-05,0
15260.0,15265.0,15262.5,1.017194e-05,5.08597e-05,0
15265.0,15270.0,15267.5,3.9471e-06,1.97355e-05,0
15275.0,15280.0,15277.5,3.9471e-06,1.97355e-05,0
15280.0,15285.0,15282.5,1.099932e-05,5.49966e-05,0
15285.0,15290.0,15287.5,7.15372e-06,3.57686e-05,0
15290.0,15295.0,15292.5,1.113468e-05,5.56734e-05,0
15295.0,15300.0,15297.5,2.79368e-06,1.39684e-05,0
15300.0,15305.0,15302.5,3.67108e-06,1.83554e-05,0
15310.0,15315.0,15312.5,1.077176e-05,5.38588e-05,0
15315.0,15320.0,15317.5,8.27596e-06,4.13798e-05,0
15320.0,15325.0,15322.5,1.55124e-05,7.7562e-05,0
15325.0,15330.0,15327.5,8.93618e-06,4.46809e-05,0
15330.0,15335.0,15332.5,1.115584e-05,5.57792e-05,0
15335.0,15340.0,15337.5,3.9471e-06,1.97355e-05,0
15340.0,15345.0,15342.5,4.05516e-06,2.02758e-05,0
15345.0,15350.0,15347.5,3.9471e-06,1.97355e-05,0
15350.0,15355.0,15352.5,3.07126e-06,1.53563e-05,0
15355.0,15360.0,15357.5,1.296562e-05,6.48281e-05,0
15365.0,15370.0,15367.5,3.89864e-06,1.94932e-05,0
15370.0,15375.0,15372.5,8.1103e-06,4.05515e-05,0
15375.0,15380.0,15377.5,7.9811e-06,3.99055e-05,0
15380.0,15385.0,15382.5,7.01836e-06,3.50918e-05,0
15385.0,15390.0,15387.5,7.05222e-06,3.52611e-05,0
15390.0,15395.0,15392.5,3.9471e-06,1.97355e-05,0
15395.0,15400.0,15397.5,1.56412e-05,7.8206e-05,0
15400.0,15405.0,15402.5,1.16959e-05,5.84795e-05,0
15405.0,15410.0,15407.5,3.54234e-06,1.77117e-05,0
15410.0,15415.0,15412.5,3.67108e-06,1.83554e-05,0
15415.0,15420.0,15417.5,1.162488e-05,5.81244e-05,0
15420.0,15425.0,15422.5,6.82466e-06,3.41233e-05,0
15425.0,15430.0,15427.5,3.89864e-06,1.94932e-05,0
15430.0,15435.0,15432.5,1.94441e-05,9.72205e-05,0
15435.0,15440.0,15437.5,3.15358e-06,1.57679e-05,0
15440.0,15445.0,15442.5,9.89592e-06,4.94796e-05,0
15450.0,15455.0,15452.5,7.61818e-06,3.80909e-05,0
15460.0,15465.0,15462.5,8.0484e-06,4.0242e-05,0
15465.0,15470.0,15467.5,1.497216e-05,7.48608e-05,0
15475.0,15480.0,15477.5,3.89864e-06,1.94932e-05,0
15480.0,15485.0,15482.5,7.61818e-06,3.80909e-05,0
15485.0,15490.0,15487.5,1.153104e-05,5.76552e-05,0
15490.0,15495.0,15492.5,1.0917e-05,5.4585e-05,0
15495.0,15500.0,15497.5,3.9471e-06,1.97355e-05,0
15500.0,15505.0,15502.5,7.84574e-06,3.92287e-05,0
15505.0,15510.0,15507.5,3.07126e-06,1.53563e-05,0
15510.0,15515.0,15512.5,1.51248e-05,7.5624e-05,0
15515.0,15520.0,15517.5,3.67108e-06,1.83554e-05,0
15520.0,15525.0,15522.5,8.32442e-06,4.16221e-05,0
15525.0,15530.0,15527.5,1.26533e-05,6.32665e-05,0
15530.0,15535.0,15532.5,2.138846e-05,0.0001069423,0
15535.0,15540.0,15537.5,3.67108e-06,1.83554e-05,0
15540.0,15545.0,15542.5,4.05516e-06,2.02758e-05,0
15545.0,15550.0,15547.5,6.9699e-06,3.48495e-05,0
15550.0,15555.0,15552.5,1.237958e-05,6.18979e-05,0
15555.0,15560.0,15557.5,4.05516e-06,2.02758e-05,0
15565.0,15570.0,15567.5,4.05516e-06,2.02758e-05,0
15570.0,15575.0,15572.5,1.110738e-05,5.55369e-05,0
15580.0,15585.0,15582.5,1.170064e-05,5.85032e-05,0
15585.0,15590.0,15587.5,7.75354e-06,3.87677e-05,0
15595.0,15600.0,15597.5,1.458654e-05,7.29327e-05,0
15600.0,15605.0,15602.5,3.89864e-06,1.94932e-05,0
15605.0,15610.0,15607.5,1.494644e-05,7.47322e-05,0
15615.0,15620.0,15617.5,3.67108e-06,1.83554e-05,0
15620.0,15625.0,15622.5,1.2297e-05,6.1485e-05,0
15630.0,15635.0,15632.5,4.05516e-06,2.02758e-05,0
15635.0,15640.0,15637.5,6.74234e-06,3.37117e-05,0
15640.0,15645.0,15642.5,7.6248e-06,3.8124e-05,0
15645.0,15650.0,15647.5,3.54234e-06,1.77117e-05,0
15650.0,15655.0,15652.5,3.15358e-06,1.57679e-05,0
15655.0,15660.0,15657.5,3.9471e-06,1.97355e-05,0
15660.0,15665.0,15662.5,7.6248e-06,3.8124e-05,0
15665.0,15670.0,15667.5,1.151682e-05,5.75841e-05,0
15675.0,15680.0,15677.5,1.194704e-05,5.97352e-05,0
15680.0,15685.0,15682.5,1.625706e-05,8.12853e-05,0
15700.0,15705.0,15702.5,4.37732e-06,2.18866e-05,0
15710.0,15715.0,15712.5,1.068944e-05,5.34472e-05,0
15715.0,15720.0,15717.5,3.9471e-06,1.97355e-05,0
15720.0,15725.0,15722.5,3.54234e-06,1.77117e-05,0
15725.0,15730.0,15727.5,3.67108e-06,1.83554e-05,0
15730.0,15735.0,15732.5,9.97824e-06,4.98912e-05,0
15745.0,15750.0,15747.5,1.077838e-05,5.38919e-05,0
15750.0,15755.0,15752.5,2.111292e-05,0.0001055646,0
15755.0,15760.0,15757.5,7.79728e-06,3.89864e-05,0
15760.0,15765.0,15762.5,7.9811e-06,3.99055e-05,0
15765.0,15770.0,15767.5,7.05222e-06,3.52611e-05,0
15770.0,15775.0,15772.5,6.22484e-06,3.11242e-05,0
15790.0,15795.0,15792.5,3.9471e-06,1.97355e-05,0
15795.0,15800.0,15797.5,7.84574e-06,3.92287e-05,0
15800.0,15805.0,15802.5,1.15653e-05,5.78265e-05,0
15805.0,15810.0,15807.5,4.05516e-06,2.02758e-05,0
15810.0,15815.0,15812.5,3.15358e-06,1.57679e-05,0
15815.0,15820.0,15817.5,1.1478e-05,5.739e-05,0
15820.0,15825.0,15822.5,3.9471e-06,1.97355e-05,0
15825.0,15830.0,15827.5,3.89864e-06,1.94932e-05,0
15830.0,15835.0,15832.5,3.67108e-06,1.83554e-05,0
15835.0,15840.0,15837.5,1.407058e-05,7.03529e-05,0
15840.0,15845.0,15842.5,7.21342e-06,3.60671e-05,0
15845.0,15850.0,15847.5,4.37732e-06,2.18866e-05,0
15850.0,15855.0,15852.5,7.9811e-06,3.99055e-05,0
15855.0,15860.0,15857.5,8.00226e-06,4.00113e-05,0
15860.0,15865.0,15862.5,6.22484e-06,3.11242e-05,0
15865.0,15870.0,15867.5,1.553316e-05,7.76658e-05,0
15870.0,15875.0,15872.5,7.01836e-06,3.50918e-05,0
15875.0,15880.0,15877.5,3.9471e-06,1.97355e-05,0
15880.0,15885.0,15882.5,3.67108e-06,1.83554e-05,0
15890.0,15895.0,15892.5,3.67108e-06,1.83554e-05,0
15895.0,15900.0,15897.5,9.76358e-06,4.88179e-05,0
15900.0,15905.0,15902.5,1.80434e-05,9.0217e-05,0
15910.0,15915.0,15912.5,3.89864e-06,1.94932e-05,0
15915.0,15920.0,15917.5,2.303364e-05,0.0001151682,0
15925.0,15930.0,15927.5,7.05222e-06,3.52611e-05,0
15930.0,15935.0,15932.5,1.427324e-05,7.13662e-05,0
15940.0,15945.0,15942.5,6.82466e-06,3.41233e-05,0
15945.0,15950.0,15947.5,9.76358e-06,4.88179e-05,0
15950.0,15955.0,15952.5,8.00226e-06,4.00113e-05,0
15960.0,15965.0,15962.5,1.0917e-05,5.4585e-05,0
15965.0,15970.0,15967.5,7.56972e-06,3.78486e-05,0
15970.0,15975.0,15972.5,3.89864e-06,1.94932e-05,0
15975.0,15980.0,15977.5,3.89864e-06,1.94932e-05,0
15980.0,15985.0,15982.5,4.05516e-06,2.02758e-05,0
15990.0,15995.0,15992.5,4.37732e-06,2.18866e-05,0
16000.0,16005.0,16002.5,6.82466e-06,3.41233e-05,0
16010.0,16015.0,16012.5,7.01836e-06,3.50918e-05,0
16015.0,16020.0,16017.5,3.07126e-06,1.53563e-05,0
16020.0,16025.0,16022.5,7.34214e-06,3.67107e-05,0
16025.0,16030.0,16027.5,1.151682e-05,5.75841e-05,0
16030.0,16035.0,16032.5,3.15358e-06,1.57679e-05,0
16035.0,16040.0,16037.5,1.849798e-05,9.24899e-05,0
16045.0,16050.0,16047.5,3.9471e-06,1.97355e-05,0
16050.0,16055.0,16052.5,8.00226e-06,4.00113e-05,0
16055.0,16060.0,16057.5,4.05516e-06,2.02758e-05,0
16060.0,16065.0,16062.5,7.84574e-06,3.92287e-05,0
16065.0,16070.0,16067.5,7.72624e-06,3.86312e-05,0
16070.0,16075.0,16072.5,7.91966e-06,3.95983e-05,0
16075.0,16080.0,16077.5,8.32442e-06,4.16221e-05,0
16080.0,16085.0,16082.5,7.5975e-06,3.79875e-05,0
16085.0,16090.0,16087.5,3.9471e-06,1.97355e-05,0
16090.0,16095.0,16092.5,1.10478e-05,5.5239e-05,0
16100.0,16105.0,16102.5,1.012348e-05,5.06174e-05,0
16105.0,16110.0,16107.5,7.5975e-06,3.79875e-05,0
16110.0,16115.0,16112.5,3.9471e-06,1.97355e-05,0
16115.0,16120.0,16117.5,1.60295e-05,8.01475e-05,0
16120.0,16125.0,16122.5,3.89864e-06,1.94932e-05,0
16125.0,16130.0,16127.5,7.10068e-06,3.55034e-05,0
16130.0,16135.0,16132.5,8.32442e-06,4.16221e-05,0
16135.0,16140.0,16137.5,4.37732e-06,2.18866e-05,0
16145.0,16150.0,16147.5,3.89864e-06,1.94932e-05,0
16155.0,16160.0,16157.5,3.9471e-06,1.97355e-05,0
16165.0,16170.0,16167.5,1.497216e-05,7.48608e-05,0
16170.0,16175.0,16172.5,3.9471e-06,1.97355e-05,0
16175.0,16180.0,16177.5,7.05222e-06,3.52611e-05,0
16180.0,16185.0,16182.5,7.10068e-06,3.55034e-05,0
16185.0,16190.0,16187.5,1.194938e-05,5.97469e-05,0
16195.0,16200.0,16197.5,1.210356e-05,6.05178e-05,0
16200.0,16205.0,16202.5,1.068944e-05,5.34472e-05,0
16205.0,16210.0,16207.5,4.37732e-06,2.18866e-05,0
16210.0,16215.0,16212.5,7.48944e-06,3.74472e-05,0
16215.0,16220.0,16217.5,7.5975e-06,3.79875e-05,0
16225.0,16230.0,16227.5,3.67108e-06,1.83554e-05,0
16230.0,16235.0,16232.5,1.444282e-05,7.22141e-05,0
16235.0,16240.0,16237.5,4.37732e-06,2.18866e-05,0
16240.0,16245.0,16242.5,4.05516e-06,2.02758e-05,0
16245.0,16250.0,16247.5,3.07126e-06,1.53563e-05,0
16250.0,16255.0,16252.5,1.151682e-05,5.75841e-05,0
16255.0,16260.0,16257.5,3.9471e-06,1.97355e-05,0
16260.0,16265.0,16262.5,3.54234e-06,1.77117e-05,0
16265.0,16270.0,16267.5,7.01836e-06,3.50918e-05,0
16270.0,16275.0,16272.5,1.864324e-05,9.32162e-05,0
16275.0,16280.0,16277.5,7.15372e-06,3.57686e-05,0
16290.0,16295.0,16292.5,7.5309e-06,3.76545e-05,0
16300.0,16305.0,16302.5,3.07126e-06,1.53563e-05,0
16305.0,16310.0,16307.5,3.89864e-06,1.94932e-05,0
16310.0,16315.0,16312.5,7.5309e-06,3.76545e-05,0
16315.0,16320.0,16317.5,3.9471e-06,1.97355e-05,0
16320.0,16325.0,16322.5,7.5975e-06,3.79875e-05,0
16325.0,16330.0,16327.5,3.9471e-06,1.97355e-05,0
16330.0,16335.0,16332.5,3.67108e-06,1.83554e-05,0
16335.0,16340.0,16337.5,3.89864e-06,1.94932e-05,0
16340.0,16345.0,16342.5,3.67108e-06,1.83554e-05,0
16345.0,16350.0,16347.5,7.01836e-06,3.50918e-05,0
16350.0,16355.0,16352.5,8.1103e-06,4.05515e-05,0
16360.0,16365.0,16362.5,1.528672e-05,7.64336e-05,0
16365.0,16370.0,16367.5,7.72624e-06,3.86312e-05,0
16370.0,16375.0,16372.5,3.15358e-06,1.57679e-05,0
16375.0,16380.0,16377.5,4.37732e-06,2.18866e-05,0
16380.0,16385.0,16382.5,1.732564e-05,8.66282e-05,0
16390.0,16395.0,16392.5,3.9471e-06,1.97355e-05,0
16395.0,16400.0,16397.5,3.07126e-06,1.53563e-05,0
16410.0,16415.0,16412.5,3.54234e-06,1.77117e-05,0
16420.0,16425.0,16422.5,3.07126e-06,1.53563e-05,0
16430.0,16435.0,16432.5,7.15372e-06,3.57686e-05,0
16435.0,16440.0,16437.5,7.01836e-06,3.50918e-05,0
16440.0,16445.0,16442.5,3.89864e-06,1.94932e-05,0
16445.0,16450.0,16447.5,4.05516e-06,2.02758e-05,0
16455.0,16460.0,16457.5,4.05516e-06,2.02758e-05,0
16465.0,16470.0,16467.5,7.48944e-06,3.74472e-05,0
16470.0,16475.0,16472.5,3.07126e-06,1.53563e-05,0
16475.0,16480.0,16477.5,7.01836e-06,3.50918e-05,0
16480.0,16485.0,16482.5,6.69592e-06,3.34796e-05,0
16490.0,16495.0,16492.5,1.203626e-05,6.01813e-05,0
16495.0,16500.0,16497.5,1.5643e-05,7.8215e-05,0
16515.0,16520.0,16517.5,7.10068e-06,3.55034e-05,0
16520.0,16525.0,16522.5,3.89864e-06,1.94932e-05,0
16525.0,16530.0,16527.5,1.474072e-05,7.37036e-05,0
16530.0,16535.0,16532.5,7.56972e-06,3.78486e-05,0
16535.0,16540.0,16537.5,1.979512e-05,9.89756e-05,0
16540.0,16545.0,16542.5,4.05516e-06,2.02758e-05,0
16550.0,16555.0,16552.5,3.54234e-06,1.77117e-05,0
16555.0,16560.0,16557.5,3.89864e-06,1.94932e-05,0
16560.0,16565.0,16562.5,6.82466e-06,3.41233e-05,0
16575.0,16580.0,16577.5,7.6248e-06,3.8124e-05,0
16580.0,16585.0,16582.5,1.242574e-05,6.21287e-05,0
16590.0,16595.0,16592.5,3.67108e-06,1.83554e-05,0
16595.0,16600.0,16597.5,6.30716e-06,3.15358e-05,0
16610.0,16615.0,16612.5,2.31286e-05,0.000115643,0
16620.0,16625.0,16622.5,3.89864e-06,1.94932e-05,0
16625.0,16630.0,16627.5,8.32442e-06,4.16221e-05,0
16635.0,16640.0,16637.5,7.20874e-06,3.60437e-05,0
16640.0,16645.0,16642.5,1.150374e-05,5.75187e-05,0
16650.0,16655.0,16652.5,3.15358e-06,1.57679e-05,0
16660.0,16665.0,16662.5,7.61818e-06,3.80909e-05,0
16665.0,16670.0,16667.5,1.557198e-05,7.78599e-05,0
16670.0,16675.0,16672.5,1.051224e-05,5.25612e-05,0
16675.0,16680.0,16677.5,7.9811e-06,3.99055e-05,0
16680.0,16685.0,16682.5,7.01836e-06,3.50918e-05,0
16685.0,16690.0,16687.5,8.43248e-06,4.21624e-05,0
16690.0,16695.0,16692.5,1.472548e-05,7.36274e-05,0
16695.0,16700.0,16697.5,5.86494e-06,2.93247e-05,0
16700.0,16705.0,16702.5,7.44858e-06,3.72429e-05,0
16705.0,16710.0,16707.5,6.30716e-06,3.15358e-05,0
16710.0,16715.0,16712.5,3.07126e-06,1.53563e-05,0
16715.0,16720.0,16717.5,1.505448e-05,7.52724e-05,0
16720.0,16725.0,16722.5,1.134722e-05,5.67361e-05,0
16725.0,16730.0,16727.5,8.0484e-06,4.0242e-05,0
16735.0,16740.0,16737.5,9.37842e-06,4.68921e-05,0
16740.0,16745.0,16742.5,3.67108e-06,1.83554e-05,0
16745.0,16750.0,16747.5,8.0484e-06,4.0242e-05,0
16750.0,16755.0,16752.5,3.07126e-06,1.53563e-05,0
16755.0,16760.0,16757.5,9.89592e-06,4.94796e-05,0
16760.0,16765.0,16762.5,7.10068e-06,3.55034e-05,0
16765.0,16770.0,16767.5,7.56972e-06,3.78486e-05,0
16770.0,16775.0,16772.5,3.54234e-06,1.77117e-05,0
16780.0,16785.0,16782.5,3.9471e-06,1.97355e-05,0
16785.0,16790.0,16787.5,1.118314e-05,5.59157e-05,0
16790.0,16795.0,16792.5,4.05516e-06,2.02758e-05,0
16795.0,16800.0,16797.5,1.20574e-05,6.0287e-05,0
16800.0,16805.0,16802.5,1.174438e-05,5.87219e-05,0
16805.0,16810.0,16807.5,3.07126e-06,1.53563e-05,0
16810.0,16815.0,16812.5,7.84574e-06,3.92287e-05,0
16815.0,16820.0,16817.5,1.051224e-05,5.25612e-05,0
16820.0,16825.0,16822.5,1.162488e-05,5.81244e-05,0
16825.0,16830.0,16827.5,3.15358e-06,1.57679e-05,0
16830.0,16835.0,16832.5,8.13762e-06,4.06881e-05,0
16835.0,16840.0,16837.5,3.9471e-06,1.97355e-05,0
16840.0,16845.0,16842.5,7.48944e-06,3.74472e-05,0
16845.0,16850.0,16847.5,3.9471e-06,1.97355e-05,0
16850.0,16855.0,16852.5,3.67108e-06,1.83554e-05,0
16855.0,16860.0,16857.5,7.79728e-06,3.89864e-05,0
16860.0,16865.0,16862.5,4.05516e-06,2.02758e-05,0
16865.0,16870.0,16867.5,3.15358e-06,1.57679e-05,0
16870.0,16875.0,16872.5,3.9471e-06,1.97355e-05,0
16875.0,16880.0,16877.5,7.05222e-06,3.52611e-05,0
16880.0,16885.0,16882.5,3.89864e-06,1.94932e-05,0
16885.0,16890.0,16887.5,3.54234e-06,1.77117e-05,0
16890.0,16895.0,16892.5,4.05516e-06,2.02758e-05,0
16895.0,16900.0,16897.5,3.07126e-06,1.53563e-05,0
16900.0,16905.0,16902.5,8.0484e-06,4.0242e-05,0
16905.0,16910.0,16907.5,1.075108e-05,5.37554e-05,0
16915.0,16920.0,16917.5,7.61818e-06,3.80909e-05,0
16920.0,16925.0,16922.5,3.9471e-06,1.97355e-05,0
16925.0,16930.0,16927.5,3.67108e-06,1.83554e-05,0
16930.0,16935.0,16932.5,7.48944e-06,3.74472e-05,0
16935.0,16940.0,16937.5,4.05516e-06,2.02758e-05,0
16950.0,16955.0,16952.5,1.197482e-05,5.98741e-05,0
16960.0,16965.0,16962.5,6.22484e-06,3.11242e-05,0
16965.0,16970.0,16967.5,8.45978e-06,4.22989e-05,0
16970.0,16975.0,16972.5,7.10068e-06,3.55034e-05,0
16975.0,16980.0,16977.5,1.194704e-05,5.97352e-05,0
16985.0,16990.0,16987.5,7.5975e-06,3.79875e-05,0
16990.0,16995.0,16992.5,7.72624e-06,3.86312e-05,0
16995.0,17000.0,16997.5,7.91966e-06,3.95983e-05,0
17000.0,17005.0,17002.5,7.10068e-06,3.55034e-05,0
17005.0,17010.0,17007.5,1.151682e-05,5.75841e-05,0
17010.0,17015.0,17012.5,9.89592e-06,4.94796e-05,0
17020.0,17025.0,17022.5,3.89864e-06,1.94932e-05,0
17030.0,17035.0,17032.5,8.43248e-06,4.21624e-05,0
17035.0,17040.0,17037.5,6.22484e-06,3.11242e-05,0
17040.0,17045.0,17042.5,3.89864e-06,1.94932e-05,0
17045.0,17050.0,17047.5,1.138808e-05,5.69404e-05,0
17055.0,17060.0,17057.5,7.5975e-06,3.79875e-05,0
17060.0,17065.0,17062.5,3.15358e-06,1.57679e-05,0
17065.0,17070.0,17067.5,1.81869e-05,9.09345e-05,0
17075.0,17080.0,17077.5,3.89864e-06,1.94932e-05,0
17080.0,17085.0,17082.5,4.05516e-06,2.02758e-05,0
17090.0,17095.0,17092.5,9.4896e-06,4.7448e-05,0
17095.0,17100.0,17097.5,3.9471e-06,1.97355e-05,0
17110.0,17115.0,17112.5,3.9471e-06,1.97355e-05,0
17135.0,17140.0,17137.5,6.69592e-06,3.34796e-05,0
17140.0,17145.0,17142.5,1.07975e-05,5.39875e-05,0
17160.0,17165.0,17162.5,7.21342e-06,3.60671e-05,0
17165.0,17170.0,17167.5,8.45978e-06,4.22989e-05,0
17175.0,17180.0,17177.5,8.00226e-06,4.00113e-05,0
17180.0,17185.0,17182.5,4.37732e-06,2.18866e-05,0
17185.0,17190.0,17187.5,2.79368e-06,1.39684e-05,0
17195.0,17200.0,17197.5,7.05222e-06,3.52611e-05,0
17200.0,17205.0,17202.5,3.07126e-06,1.53563e-05,0
17205.0,17210.0,17207.5,7.72624e-06,3.86312e-05,0
17210.0,17215.0,17212.5,1.789322e-05,8.94661e-05,0
17215.0,17220.0,17217.5,7.20874e-06,3.60437e-05,0
17220.0,17225.0,17222.5,1.03634e-05,5.1817e-05,0
17230.0,17235.0,17232.5,6.74234e-06,3.37117e-05,0
17235.0,17240.0,17237.5,1.012348e-05,5.06174e-05,0
17240.0,17245.0,17242.5,3.9471e-06,1.97355e-05,0
17245.0,17250.0,17247.5,3.67108e-06,1.83554e-05,0
17255.0,17260.0,17257.5,1.133962e-05,5.66981e-05,0
17260.0,17265.0,17262.5,3.54234e-06,1.77117e-05,0
17270.0,17275.0,17272.5,7.12642e-06,3.56321e-05,0
17275.0,17280.0,17277.5,3.67108e-06,1.83554e-05,0
17280.0,17285.0,17282.5,3.67108e-06,1.83554e-05,0
17285.0,17290.0,17287.5,7.23604e-06,3.61802e-05,0
17290.0,17295.0,17292.5,9.97824e-06,4.98912e-05,0
17295.0,17300.0,17297.5,1.392534e-05,6.96267e-05,0
17300.0,17305.0,17302.5,3.9471e-06,1.97355e-05,0
17305.0,17310.0,17307.5,9.89592e-06,4.94796e-05,0
17320.0,17325.0,17322.5,6.74234e-06,3.37117e-05,0
17325.0,17330.0,17327.5,1.139568e-05,5.69784e-05,0
17330.0,17335.0,17332.5,3.9471e-06,1.97355e-05,0
17335.0,17340.0,17337.5,4.37732e-06,2.18866e-05,0
17340.0,17345.0,17342.5,6.22484e-06,3.11242e-05,0
17345.0,17350.0,17347.5,1.222306e-05,6.11153e-05,0
17350.0,17355.0,17352.5,3.9471e-06,1.97355e-05,0
17355.0,17360.0,17357.5,3.15358e-06,1.57679e-05,0
17360.0,17365.0,17362.5,7.10068e-06,3.55034e-05,0
17365.0,17370.0,17367.5,7.12642e-06,3.56321e-05,0
17375.0,17380.0,17377.5,8.0484e-06,4.0242e-05,0
17380.0,17385.0,17382.5,7.61818e-06,3.80909e-05,0
17390.0,17395.0,17392.5,7.72624e-06,3.86312e-05,0
17395.0,17400.0,17397.5,3.89864e-06,1.94932e-05,0
17400.0,17405.0,17402.5,7.34214e-06,3.67107e-05,0
17405.0,17410.0,17407.5,3.15358e-06,1.57679e-05,0
17410.0,17415.0,17412.5,1.200894e-05,6.00447e-05,0
17415.0,17420.0,17417.5,4.37732e-06,2.18866e-05,0
17425.0,17430.0,17427.5,3.15358e-06,1.57679e-05,0
17430.0,17435.0,17432.5,4.37732e-06,2.18866e-05,0
17440.0,17445.0,17442.5,9.81358e-06,4.90679e-05,0
17445.0,17450.0,17447.5,3.07126e-06,1.53563e-05,0
17450.0,17455.0,17452.5,3.9471e-06,1.97355e-05,0
17460.0,17465.0,17462.5,4.37732e-06,2.18866e-05,0
17465.0,17470.0,17467.5,6.9699e-06,3.48495e-05,0
17470.0,17475.0,17472.5,1.028e-05,5.14e-05,0
17475.0,17480.0,17477.5,1.493802e-05,7.46901e-05,0
17480.0,17485.0,17482.5,3.67108e-06,1.83554e-05,0
17495.0,17500.0,17497.5,3.89864e-06,1.94932e-05,0
17500.0,17505.0,17502.5,6.46476e-06,3.23238e-05,0
17505.0,17510.0,17507.5,3.67108e-06,1.83554e-05,0
17510.0,17515.0,17512.5,3.9471e-06,1.97355e-05,0
17520.0,17525.0,17522.5,3.07126e-06,1.53563e-05,0
17530.0,17535.0,17532.5,8.32442e-06,4.16221e-05,0
17535.0,17540.0,17537.5,1.233112e-05,6.16556e-05,0
17540.0,17545.0,17542.5,3.07126e-06,1.53563e-05,0
17545.0,17550.0,17547.5,3.67108e-06,1.83554e-05,0
17550.0,17555.0,17552.5,4.37732e-06,2.18866e-05,0
17560.0,17565.0,17562.5,3.67108e-06,1.83554e-05,0
17565.0,17570.0,17567.5,6.9699e-06,3.48495e-05,0
17570.0,17575.0,17572.5,6.74234e-06,3.37117e-05,0
17580.0,17585.0,17582.5,4.05516e-06,2.02758e-05,0
17595.0,17600.0,17597.5,1.210356e-05,6.05178e-05,0
17600.0,17605.0,17602.5,3.15358e-06,1.57679e-05,0
17605.0,17610.0,17607.5,7.44858e-06,3.72429e-05,0
17615.0,17620.0,17617.5,3.9471e-06,1.97355e-05,0
17620.0,17625.0,17622.5,3.9471e-06,1.97355e-05,0
17630.0,17635.0,17632.5,3.07126e-06,1.53563e-05,0
17635.0,17640.0,17637.5,7.89422e-06,3.94711e-05,0
17640.0,17645.0,17642.5,3.07126e-06,1.53563e-05,0
17665.0,17670.0,17667.5,3.15358e-06,1.57679e-05,0
17670.0,17675.0,17672.5,3.15358e-06,1.57679e-05,0
17690.0,17695.0,17692.5,3.89864e-06,1.94932e-05,0
17695.0,17700.0,17697.5,1.165218e-05,5.82609e-05,0
17700.0,17705.0,17702.5,4.05516e-06,2.02758e-05,0
17705.0,17710.0,17707.5,3.9471e-06,1.97355e-05,0
17710.0,17715.0,17712.5,4.37732e-06,2.18866e-05,0
17715.0,17720.0,17717.5,3.9471e-06,1.97355e-05,0
17720.0,17725.0,17722.5,3.07126e-06,1.53563e-05,0
17725.0,17730.0,17727.5,7.10068e-06,3.55034e-05,0
17730.0,17735.0,17732.5,3.89864e-06,1.94932e-05,0
17735.0,17740.0,17737.5,7.61818e-06,3.80909e-05,0
17745.0,17750.0,17747.5,1.028468e-05,5.14234e-05,0
17750.0,17755.0,17752.5,3.9471e-06,1.97355e-05,0
17755.0,17760.0,17757.5,7.48944e-06,3.74472e-05,0
17760.0,17765.0,17762.5,7.15372e-06,3.57686e-05,0
17770.0,17775.0,17772.5,7.89422e-06,3.94711e-05,0
17775.0,17780.0,17777.5,9.76358e-06,4.88179e-05,0
17780.0,17785.0,17782.5,8.02956e-06,4.01478e-05,0
17785.0,17790.0,17787.5,1.442216e-05,7.21108e-05,0
17790.0,17795.0,17792.5,1.185244e-05,5.92622e-05,0
17795.0,17800.0,17797.5,3.07126e-06,1.53563e-05,0
17805.0,17810.0,17807.5,1.096548e-05,5.48274e-05,0
17825.0,17830.0,17827.5,1.077176e-05,5.38588e-05,0
17830.0,17835.0,17832.5,1.124078e-05,5.62039e-05,0
17840.0,17845.0,17842.5,2.79368e-06,1.39684e-05,0
17850.0,17855.0,17852.5,3.67108e-06,1.83554e-05,0
17860.0,17865.0,17862.5,4.08246e-06,2.04123e-05,0
17865.0,17870.0,17867.5,3.67108e-06,1.83554e-05,0
17875.0,17880.0,17877.5,4.05516e-06,2.02758e-05,0
17880.0,17885.0,17882.5,3.54234e-06,1.77117e-05,0
17885.0,17890.0,17887.5,3.89864e-06,1.94932e-05,0
17890.0,17895.0,17892.5,3.15358e-06,1.57679e-05,0
17895.0,17900.0,17897.5,1.197668e-05,5.98834e-05,0
17900.0,17905.0,17902.5,7.44098e-06,3.72049e-05,0
17905.0,17910.0,17907.5,3.89864e-06,1.94932e-05,0
17910.0,17915.0,17912.5,1.151682e-05,5.75841e-05,0
17915.0,17920.0,17917.5,3.07126e-06,1.53563e-05,0
17920.0,17925.0,17922.5,2.201254e-05,0.0001100627,0
17935.0,17940.0,17937.5,1.099932e-05,5.49966e-05,0
17945.0,17950.0,17947.5,7.5309e-06,3.76545e-05,0
17950.0,17955.0,17952.5,4.37732e-06,2.18866e-05,0
17955.0,17960.0,17957.5,3.67108e-06,1.83554e-05,0
17960.0,17965.0,17962.5,3.67108e-06,1.83554e-05,0
17965.0,17970.0,17967.5,7.84574e-06,3.92287e-05,0
17975.0,17980.0,17977.5,3.07126e-06,1.53563e-05,0
17980.0,17985.0,17982.5,7.61818e-06,3.80909e-05,0
17995.0,18000.0,17997.5,3.9471e-06,1.97355e-05,0
18000.0,18005.0,18002.5,4.37732e-06,2.18866e-05,0
18005.0,18010.0,18007.5,7.89422e-06,3.94711e-05,0
18010.0,18015.0,18012.5,4.05516e-06,2.02758e-05,0
18015.0,18020.0,18017.5,7.56972e-06,3.78486e-05,0
18020.0,18025.0,18022.5,1.096548e-05,5.48274e-05,0
18025.0,18030.0,18027.5,3.15358e-06,1.57679e-05,0
18030.0,18035.0,18032.5,7.79728e-06,3.89864e-05,0
18040.0,18045.0,18042.5,6.74234e-06,3.37117e-05,0
18050.0,18055.0,18052.5,1.15653e-05,5.78265e-05,0
18060.0,18065.0,18062.5,3.89864e-06,1.94932e-05,0
18070.0,18075.0,18072.5,3.9471e-06,1.97355e-05,0
18085.0,18090.0,18087.5,7.61818e-06,3.80909e-05,0
18090.0,18095.0,18092.5,3.54234e-06,1.77117e-05,0
18095.0,18100.0,18097.5,1.118156e-05,5.59078e-05,0
18110.0,18115.0,18112.5,3.89864e-06,1.94932e-05,0
18120.0,18125.0,18122.5,3.89864e-06,1.94932e-05,0
18130.0,18135.0,18132.5,3.89864e-06,1.94932e-05,0
18135.0,18140.0,18137.5,3.9471e-06,1.97355e-05,0
18140.0,18145.0,18142.5,1.505448e-05,7.52724e-05,0
18150.0,18155.0,18152.5,7.56972e-06,3.78486e-05,0
18155.0,18160.0,18157.5,4.37732e-06,2.18866e-05,0
18165.0,18170.0,18167.5,3.15358e-06,1.57679e-05,0
18170.0,18175.0,18172.5,3.9471e-06,1.97355e-05,0
18175.0,18180.0,18177.5,3.9471e-06,1.97355e-05,0
18180.0,18185.0,18182.5,4.05516e-06,2.02758e-05,0
18185.0,18190.0,18187.5,7.61818e-06,3.80909e-05,0
18190.0,18195.0,18192.5,3.89864e-06,1.94932e-05,0
18200.0,18205.0,18202.5,3.89864e-06,1.94932e-05,0
18205.0,18210.0,18207.5,3.67108e-06,1.83554e-05,0
18215.0,18220.0,18217.5,7.84574e-06,3.92287e-05,0
18225.0,18230.0,18227.5,7.44858e-06,3.72429e-05,0
18230.0,18235.0,18232.5,6.74078e-06,3.37039e-05,0
18235.0,18240.0,18237.5,4.37732e-06,2.18866e-05,0
18250.0,18255.0,18252.5,4.37732e-06,2.18866e-05,0
18255.0,18260.0,18257.5,7.10068e-06,3.55034e-05,0
18275.0,18280.0,18277.5,7.84574e-06,3.92287e-05,0
18285.0,18290.0,18287.5,6.22484e-06,3.11242e-05,0
18290.0,18295.0,18292.5,7.89422e-06,3.94711e-05,0
18300.0,18305.0,18302.5,3.9471e-06,1.97355e-05,0
18305.0,18310.0,18307.5,1.02058e-05,5.1029e-05,0
18315.0,18320.0,18317.5,7.05222e-06,3.52611e-05,0
18320.0,18325.0,18322.5,3.15358e-06,1.57679e-05,0
18325.0,18330.0,18327.5,1.174438e-05,5.87219e-05,0
18345.0,18350.0,18347.5,4.37732e-06,2.18866e-05,0
18350.0,18355.0,18352.5,3.07126e-06,1.53563e-05,0
18355.0,18360.0,18357.5,7.10068e-06,3.55034e-05,0
18360.0,18365.0,18362.5,7.61818e-06,3.80909e-05,0
18370.0,18375.0,18372.5,7.44858e-06,3.72429e-05,0
18380.0,18385.0,18382.5,3.89864e-06,1.94932e-05,0
18395.0,18400.0,18397.5,4.05516e-06,2.02758e-05,0
18410.0,18415.0,18412.5,7.10068e-06,3.55034e-05,0
18430.0,18435.0,18432.5,3.89864e-06,1.94932e-05,0
18445.0,18450.0,18447.5,3.67108e-06,1.83554e-05,0
18450.0,18455.0,18452.5,3.9471e-06,1.97355e-05,0
18455.0,18460.0,18457.5,7.34214e-06,3.67107e-05,0
18465.0,18470.0,18467.5,6.22484e-06,3.11242e-05,0
18470.0,18475.0,18472.5,1.521098e-05,7.60549e-05,0
18475.0,18480.0,18477.5,3.15358e-06,1.57679e-05,0
18485.0,18490.0,18487.5,7.12642e-06,3.56321e-05,0
18510.0,18515.0,18512.5,3.54234e-06,1.77117e-05,0
18525.0,18530.0,18527.5,3.89864e-06,1.94932e-05,0
18540.0,18545.0,18542.5,3.07126e-06,1.53563e-05,0
18550.0,18555.0,18552.5,8.02956e-06,4.01478e-05,0
18555.0,18560.0,18557.5,7.79728e-06,3.89864e-05,0
18560.0,18565.0,18562.5,7.21342e-06,3.60671e-05,0
18570.0,18575.0,18572.5,3.67108e-06,1.83554e-05,0
18585.0,18590.0,18587.5,3.9471e-06,1.97355e-05,0
18595.0,18600.0,18597.5,4.37732e-06,2.18866e-05,0
18600.0,18605.0,18602.5,8.16494e-06,4.08247e-05,0
18605.0,18610.0,18607.5,7.10068e-06,3.55034e-05,0
18610.0,18615.0,18612.5,6.69232e-06,3.34616e-05,0
18615.0,18620.0,18617.5,3.07126e-06,1.53563e-05,0
18620.0,18625.0,18622.5,4.37732e-06,2.18866e-05,0
18650.0,18655.0,18652.5,8.02956e-06,4.01478e-05,0
18655.0,18660.0,18657.5,3.07126e-06,1.53563e-05,0
18660.0,18665.0,18662.5,3.07126e-06,1.53563e-05,0
18665.0,18670.0,18667.5,3.15358e-06,1.57679e-05,0
18680.0,18685.0,18682.5,1.012348e-05,5.06174e-05,0
18685.0,18690.0,18687.5,3.89864e-06,1.94932e-05,0
18690.0,18695.0,18692.5,7.89422e-06,3.94711e-05,0
18700.0,18705.0,18702.5,4.37732e-06,2.18866e-05,0
18705.0,18710.0,18707.5,3.15358e-06,1.57679e-05,0
18710.0,18715.0,18712.5,4.08246e-06,2.04123e-05,0
18715.0,18720.0,18717.5,3.15358e-06,1.57679e-05,0
18720.0,18725.0,18722.5,3.07126e-06,1.53563e-05,0
18725.0,18730.0,18727.5,7.12642e-06,3.56321e-05,0
18730.0,18735.0,18732.5,4.37732e-06,2.18866e-05,0
18740.0,18745.0,18742.5,3.9471e-06,1.97355e-05,0
18745.0,18750.0,18747.5,3.67108e-06,1.83554e-05,0
18750.0,18755.0,18752.5,6.74234e-06,3.37117e-05,0
18755.0,18760.0,18757.5,4.05516e-06,2.02758e-05,0
18760.0,18765.0,18762.5,4.08246e-06,2.04123e-05,0
18765.0,18770.0,18767.5,1.10478e-05,5.5239e-05,0
18770.0,18775.0,18772.5,7.21342e-06,3.60671e-05,0
18775.0,18780.0,18777.5,3.67108e-06,1.83554e-05,0
18785.0,18790.0,18787.5,3.9471e-06,1.97355e-05,0
18795.0,18800.0,18797.5,3.15358e-06,1.57679e-05,0
18800.0,18805.0,18802.5,1.07233e-05,5.36165e-05,0
18810.0,18815.0,18812.5,6.9699e-06,3.48495e-05,0
18815.0,18820.0,18817.5,4.05516e-06,2.02758e-05,0
18825.0,18830.0,18827.5,6.9699e-06,3.48495e-05,0
18830.0,18835.0,18832.5,3.54234e-06,1.77117e-05,0
18835.0,18840.0,18837.5,3.89864e-06,1.94932e-05,0
18840.0,18845.0,18842.5,1.237958e-05,6.18979e-05,0
18845.0,18850.0,18847.5,7.01836e-06,3.50918e-05,0
18855.0,18860.0,18857.5,7.20874e-06,3.60437e-05,0
18865.0,18870.0,18867.5,7.44858e-06,3.72429e-05,0
18885.0,18890.0,18887.5,3.07126e-06,1.53563e-05,0
18890.0,18895.0,18892.5,3.67108e-06,1.83554e-05,0
18895.0,18900.0,18897.5,7.01836e-06,3.50918e-05,0
18900.0,18905.0,18902.5,4.37732e-06,2.18866e-05,0
18915.0,18920.0,18917.5,7.12642e-06,3.56321e-05,0
18920.0,18925.0,18922.5,3.67108e-06,1.83554e-05,0
18930.0,18935.0,18932.5,3.9471e-06,1.97355e-05,0
18935.0,18940.0,18937.5,3.67108e-06,1.83554e-05,0
18940.0,18945.0,18942.5,1.111966e-05,5.55983e-05,0
18945.0,18950.0,18947.5,4.37732e-06,2.18866e-05,0
18950.0,18955.0,18952.5,3.67108e-06,1.83554e-05,0
18970.0,18975.0,18972.5,7.61818e-06,3.80909e-05,0
18975.0,18980.0,18977.5,3.07126e-06,1.53563e-05,0
18985.0,18990.0,18987.5,7.61818e-06,3.80909e-05,0
18990.0,18995.0,18992.5,1.162488e-05,5.81244e-05,0
19000.0,19005.0,19002.5,3.9471e-06,1.97355e-05,0
19005.0,19010.0,19007.5,4.05516e-06,2.02758e-05,0
19010.0,19015.0,19012.5,3.89864e-06,1.94932e-05,0
19015.0,19020.0,19017.5,1.039118e-05,5.19559e-05,0
19025.0,19030.0,19027.5,3.15358e-06,1.57679e-05,0
19030.0,19035.0,19032.5,7.56972e-06,3.78486e-05,0
19035.0,19040.0,19037.5,6.6136e-06,3.3068e-05,0
19040.0,19045.0,19042.5,3.07126e-06,1.53563e-05,0
19045.0,19050.0,19047.5,1.017194e-05,5.08597e-05,0
19050.0,19055.0,19052.5,3.9471e-06,1.97355e-05,0
19055.0,19060.0,19057.5,7.89422e-06,3.94711e-05,0
19065.0,19070.0,19067.5,7.05222e-06,3.52611e-05,0
19075.0,19080.0,19077.5,3.15358e-06,1.57679e-05,0
19085.0,19090.0,19087.5,6.9699e-06,3.48495e-05,0
19095.0,19100.0,19097.5,3.89864e-06,1.94932e-05,0
19100.0,19105.0,19102.5,3.9471e-06,1.97355e-05,0
19105.0,19110.0,19107.5,4.08246e-06,2.04123e-05,0
19115.0,19120.0,19117.5,3.15358e-06,1.57679e-05,0
19120.0,19125.0,19122.5,3.9471e-06,1.97355e-05,0
19125.0,19130.0,19127.5,3.54234e-06,1.77117e-05,0
19130.0,19135.0,19132.5,1.077838e-05,5.38919e-05,0
19135.0,19140.0,19137.5,7.89422e-06,3.94711e-05,0
19160.0,19165.0,19162.5,7.89422e-06,3.94711e-05,0
19180.0,19185.0,19182.5,3.07126e-06,1.53563e-05,0
19190.0,19195.0,19192.5,3.89864e-06,1.94932e-05,0
19195.0,19200.0,19197.5,3.15358e-06,1.57679e-05,0
19200.0,19205.0,19202.5,3.07126e-06,1.53563e-05,0
19225.0,19230.0,19227.5,7.56972e-06,3.78486e-05,0
19230.0,19235.0,19232.5,1.017194e-05,5.08597e-05,0
19235.0,19240.0,19237.5,1.179286e-05,5.89643e-05,0
19245.0,19250.0,19247.5,1.028468e-05,5.14234e-05,0
19255.0,19260.0,19257.5,3.89864e-06,1.94932e-05,0
19260.0,19265.0,19262.5,3.89864e-06,1.94932e-05,0
19265.0,19270.0,19267.5,4.05516e-06,2.02758e-05,0
19270.0,19275.0,19272.5,3.15358e-06,1.57679e-05,0
19280.0,19285.0,19282.5,7.5309e-06,3.76545e-05,0
19285.0,19290.0,19287.5,4.37732e-06,2.18866e-05,0
19290.0,19295.0,19292.5,3.67108e-06,1.83554e-05,0
19295.0,19300.0,19297.5,3.89864e-06,1.94932e-05,0
19310.0,19315.0,19312.5,3.89864e-06,1.94932e-05,0
19315.0,19320.0,19317.5,6.22484e-06,3.11242e-05,0
19320.0,19325.0,19322.5,3.9471e-06,1.97355e-05,0
19325.0,19330.0,19327.5,3.67108e-06,1.83554e-05,0
19330.0,19335.0,19332.5,7.12642e-06,3.56321e-05,0
19345.0,19350.0,19347.5,3.89864e-06,1.94932e-05,0
19350.0,19355.0,19352.5,3.9471e-06,1.97355e-05,0
19355.0,19360.0,19357.5,3.9471e-06,1.97355e-05,0
19360.0,19365.0,19362.5,8.1103e-06,4.05515e-05,0
19365.0,19370.0,19367.5,4.05516e-06,2.02758e-05,0
19370.0,19375.0,19372.5,1.028e-05,5.14e-05,0
19395.0,19400.0,19397.5,7.61818e-06,3.80909e-05,0
19400.0,19405.0,19402.5,7.44858e-06,3.72429e-05,0
19405.0,19410.0,19407.5,2.79368e-06,1.39684e-05,0
19410.0,19415.0,19412.5,7.89422e-06,3.94711e-05,0
19415.0,19420.0,19417.5,1.068448e-05,5.34224e-05,0
19420.0,19425.0,19422.5,6.30716e-06,3.15358e-05,0
19430.0,19435.0,19432.5,3.67108e-06,1.83554e-05,0
19435.0,19440.0,19437.5,3.89864e-06,1.94932e-05,0
19440.0,19445.0,19442.5,8.32442e-06,4.16221e-05,0
19445.0,19450.0,19447.5,3.67108e-06,1.83554e-05,0
19450.0,19455.0,19452.5,3.67108e-06,1.83554e-05,0
19455.0,19460.0,19457.5,3.9471e-06,1.97355e-05,0
19460.0,19465.0,19462.5,3.15358e-06,1.57679e-05,0
19465.0,19470.0,19467.5,3.89864e-06,1.94932e-05,0
19470.0,19475.0,19472.5,3.15358e-06,1.57679e-05,0
19480.0,19485.0,19482.5,4.37732e-06,2.18866e-05,0
19485.0,19490.0,19487.5,7.9811e-06,3.99055e-05,0
19495.0,19500.0,19497.5,7.23604e-06,3.61802e-05,0
19505.0,19510.0,19507.5,3.07126e-06,1.53563e-05,0
19515.0,19520.0,19517.5,3.67108e-06,1.83554e-05,0
19520.0,19525.0,19522.5,3.9471e-06,1.97355e-05,0
19530.0,19535.0,19532.5,3.07126e-06,1.53563e-05,0
19535.0,19540.0,19537.5,4.05516e-06,2.02758e-05,0
19545.0,19550.0,19547.5,7.5309e-06,3.76545e-05,0
19550.0,19555.0,19552.5,3.67108e-06,1.83554e-05,0
19560.0,19565.0,19562.5,3.9471e-06,1.97355e-05,0
19570.0,19575.0,19572.5,7.20874e-06,3.60437e-05,0
19585.0,19590.0,19587.5,7.20874e-06,3.60437e-05,0
19590.0,19595.0,19592.5,7.08466e-06,3.54233e-05,0
19595.0,19600.0,19597.5,4.37732e-06,2.18866e-05,0
19600.0,19605.0,19602.5,3.07126e-06,1.53563e-05,0
19610.0,19615.0,19612.5,3.89864e-06,1.94932e-05,0
19615.0,19620.0,19617.5,4.05516e-06,2.02758e-05,0
19625.0,19630.0,19627.5,8.1103e-06,4.05515e-05,0
19635.0,19640.0,19637.5,7.9538e-06,3.9769e-05,0
19645.0,19650.0,19647.5,3.54234e-06,1.77117e-05,0
19655.0,19660.0,19657.5,6.69592e-06,3.34796e-05,0
19665.0,19670.0,19667.5,3.15358e-06,1.57679e-05,0
19680.0,19685.0,19682.5,3.15358e-06,1.57679e-05,0
19690.0,19695.0,19692.5,1.023824e-05,5.11912e-05,0
19720.0,19725.0,19722.5,3.9471e-06,1.97355e-05,0
19725.0,19730.0,19727.5,3.67108e-06,1.83554e-05,0
19745.0,19750.0,19747.5,3.15358e-06,1.57679e-05,0
19750.0,19755.0,19752.5,3.9471e-06,1.97355e-05,0
19760.0,19765.0,19762.5,3.07126e-06,1.53563e-05,0
19765.0,19770.0,19767.5,7.89422e-06,3.94711e-05,0
19770.0,19775.0,19772.5,1.227154e-05,6.13577e-05,0
19775.0,19780.0,19777.5,4.05516e-06,2.02758e-05,0
19785.0,19790.0,19787.5,7.48944e-06,3.74472e-05,0
19790.0,19795.0,19792.5,3.15358e-06,1.57679e-05,0
19795.0,19800.0,19797.5,3.54234e-06,1.77117e-05,0
19810.0,19815.0,19812.5,3.54234e-06,1.77117e-05,0
19815.0,19820.0,19817.5,7.61818e-06,3.80909e-05,0
19825.0,19830.0,19827.5,3.9471e-06,1.97355e-05,0
19830.0,19835.0,19832.5,4.08246e-06,2.04123e-05,0
19835.0,19840.0,19837.5,3.9471e-06,1.97355e-05,0
19850.0,19855.0,19852.5,3.15358e-06,1.57679e-05,0
19855.0,19860.0,19857.5,3.89864e-06,1.94932e-05,0
19890.0,19895.0,19892.5,7.89422e-06,3.94711e-05,0
19895.0,19900.0,19897.5,3.07126e-06,1.53563e-05,0
19900.0,19905.0,19902.5,3.89864e-06,1.94932e-05,0
19915.0,19920.0,19917.5,4.05516e-06,2.02758e-05,0
19920.0,19925.0,19922.5,7.84574e-06,3.92287e-05,0
19930.0,19935.0,19932.5,4.37732e-06,2.18866e-05,0
19935.0,19940.0,19937.5,3.67108e-06,1.83554e-05,0
19940.0,19945.0,19942.5,3.89864e-06,1.94932e-05,0
19945.0,19950.0,19947.5,1.012348e-05,5.06174e-05,0
19950.0,19955.0,19952.5,1.165218e-05,5.82609e-05,0
19955.0,19960.0,19957.5,3.15358e-06,1.57679e-05,0
19965.0,19970.0,19967.5,3.67108e-06,1.83554e-05,0
19975.0,19980.0,19977.5,7.12642e-06,3.56321e-05,0
19995.0,20000.0,19997.5,4.05516e-06,2.02758e-05,0
20000.0,20005.0,20002.5,6.9699e-06,3.48495e-05,0
20010.0,20015.0,20012.5,3.89864e-06,1.94932e-05,0
20015.0,20020.0,20017.5,3.9471e-06,1.97355e-05,0
20025.0,20030.0,20027.5,7.61818e-06,3.80909e-05,0
20035.0,20040.0,20037.5,3.07126e-06,1.53563e-05,0
20045.0,20050.0,20047.5,3.89864e-06,1.94932e-05,0
20050.0,20055.0,20052.5,3.9471e-06,1.97355e-05,0
20055.0,20060.0,20057.5,6.74234e-06,3.37117e-05,0
20075.0,20080.0,20077.5,2.79368e-06,1.39684e-05,0
20080.0,20085.0,20082.5,3.9471e-06,1.97355e-05,0
20095.0,20100.0,20097.5,3.07126e-06,1.53563e-05,0
20110.0,20115.0,20112.5,3.67108e-06,1.83554e-05,0
20115.0,20120.0,20117.5,3.67108e-06,1.83554e-05,0
20120.0,20125.0,20122.5,3.89864e-06,1.94932e-05,0
20130.0,20135.0,20132.5,3.89864e-06,1.94932e-05,0
20135.0,20140.0,20137.5,3.15358e-06,1.57679e-05,0
20145.0,20150.0,20147.5,4.37732e-06,2.18866e-05,0
20155.0,20160.0,20157.5,3.9471e-06,1.97355e-05,0
20165.0,20170.0,20167.5,7.61818e-06,3.80909e-05,0
20185.0,20190.0,20187.5,3.9471e-06,1.97355e-05,0
20190.0,20195.0,20192.5,8.02956e-06,4.01478e-05,0
20195.0,20200.0,20197.5,3.15358e-06,1.57679e-05,0
20210.0,20215.0,20212.5,3.15358e-06,1.57679e-05,0
20220.0,20225.0,20222.5,3.67108e-06,1.83554e-05,0
20235.0,20240.0,20237.5,7.84574e-06,3.92287e-05,0
20240.0,20245.0,20242.5,7.72624e-06,3.86312e-05,0
20245.0,20250.0,20247.5,3.15358e-06,1.57679e-05,0
20250.0,20255.0,20252.5,3.15358e-06,1.57679e-05,0
20265.0,20270.0,20267.5,7.34214e-06,3.67107e-05,0
20270.0,20275.0,20272.5,3.15358e-06,1.57679e-05,0
20275.0,20280.0,20277.5,4.37732e-06,2.18866e-05,0
20285.0,20290.0,20287.5,3.54234e-06,1.77117e-05,0
20290.0,20295.0,20292.5,7.72624e-06,3.86312e-05,0
20300.0,20305.0,20302.5,7.72624e-06,3.86312e-05,0
20325.0,20330.0,20327.5,4.05516e-06,2.02758e-05,0
20330.0,20335.0,20332.5,4.37732e-06,2.18866e-05,0
20370.0,20375.0,20372.5,3.9471e-06,1.97355e-05,0
20390.0,20395.0,20392.5,3.9471e-06,1.97355e-05,0
20405.0,20410.0,20407.5,3.9471e-06,1.97355e-05,0
20410.0,20415.0,20412.5,4.05516e-06,2.02758e-05,0
20445.0,20450.0,20447.5,7.84574e-06,3.92287e-05,0
20460.0,20465.0,20462.5,3.89864e-06,1.94932e-05,0
20470.0,20475.0,20472.5,3.89864e-06,1.94932e-05,0
20500.0,20505.0,20502.5,6.22484e-06,3.11242e-05,0
20505.0,20510.0,20507.5,4.37732e-06,2.18866e-05,0
20510.0,20515.0,20512.5,4.37732e-06,2.18866e-05,0
20520.0,20525.0,20522.5,7.44858e-06,3.72429e-05,0
20525.0,20530.0,20527.5,3.9471e-06,1.97355e-05,0
20585.0,20590.0,20587.5,4.37732e-06,2.18866e-05,0
20590.0,20595.0,20592.5,1.150374e-05,5.75187e-05,0
20595.0,20600.0,20597.5,3.67108e-06,1.83554e-05,0
20605.0,20610.0,20607.5,8.00226e-06,4.00113e-05,0
20610.0,20615.0,20612.5,3.9471e-06,1.97355e-05,0
20645.0,20650.0,20647.5,3.67108e-06,1.83554e-05,0
20660.0,20665.0,20662.5,7.21342e-06,3.60671e-05,0
20665.0,20670.0,20667.5,8.0484e-06,4.0242e-05,0
20670.0,20675.0,20672.5,3.07126e-06,1.53563e-05,0
20675.0,20680.0,20677.5,3.9471e-06,1.97355e-05,0
20680.0,20685.0,20682.5,3.9471e-06,1.97355e-05,0
20685.0,20690.0,20687.5,3.07126e-06,1.53563e-05,0
20695.0,20700.0,20697.5,3.15358e-06,1.57679e-05,0
20720.0,20725.0,20722.5,3.9471e-06,1.97355e-05,0
20725.0,20730.0,20727.5,3.15358e-06,1.57679e-05,0
20730.0,20735.0,20732.5,3.07126e-06,1.53563e-05,0
20735.0,20740.0,20737.5,3.54234e-06,1.77117e-05,0
20745.0,20750.0,20747.5,3.07126e-06,1.53563e-05,0
20755.0,20760.0,20757.5,3.89864e-06,1.94932e-05,0
20765.0,20770.0,20767.5,3.9471e-06,1.97355e-05,0
20780.0,20785.0,20782.5,2.79368e-06,1.39684e-05,0
20795.0,20800.0,20797.5,4.08246e-06,2.04123e-05,0
20805.0,20810.0,20807.5,3.9471e-06,1.97355e-05,0
20820.0,20825.0,20822.5,3.89864e-06,1.94932e-05,0
20850.0,20855.0,20852.5,3.67108e-06,1.83554e-05,0
20860.0,20865.0,20862.5,3.54234e-06,1.77117e-05,0
20870.0,20875.0,20872.5,7.56972e-06,3.78486e-05,0
20880.0,20885.0,20882.5,3.07126e-06,1.53563e-05,0
20900.0,20905.0,20902.5,4.37732e-06,2.18866e-05,0
20905.0,20910.0,20907.5,3.15358e-06,1.57679e-05,0
20915.0,20920.0,20917.5,1.151682e-05,5.75841e-05,0
20930.0,20935.0,20932.5,3.15358e-06,1.57679e-05,0
20935.0,20940.0,20937.5,3.89864e-06,1.94932e-05,0
20940.0,20945.0,20942.5,1.174438e-05,5.87219e-05,0
20945.0,20950.0,20947.5,8.32442e-06,4.16221e-05,0
20950.0,20955.0,20952.5,3.07126e-06,1.53563e-05,0
20955.0,20960.0,20957.5,1.1478e-05,5.739e-05,0
20960.0,20965.0,20962.5,2.79368e-06,1.39684e-05,0
21000.0,21005.0,21002.5,8.45978e-06,4.22989e-05,0
21010.0,21015.0,21012.5,3.15358e-06,1.57679e-05,0
21015.0,21020.0,21017.5,3.07126e-06,1.53563e-05,0
21020.0,21025.0,21022.5,3.15358e-06,1.57679e-05,0
21025.0,21030.0,21027.5,3.15358e-06,1.57679e-05,0
21050.0,21055.0,21052.5,3.9471e-06,1.97355e-05,0
21055.0,21060.0,21057.5,3.9471e-06,1.97355e-05,0
21075.0,21080.0,21077.5,3.89864e-06,1.94932e-05,0
21085.0,21090.0,21087.5,3.89864e-06,1.94932e-05,0
21100.0,21105.0,21102.5,3.15358e-06,1.57679e-05,0
21110.0,21115.0,21112.5,3.15358e-06,1.57679e-05,0
21115.0,21120.0,21117.5,3.67108e-06,1.83554e-05,0
21120.0,21125.0,21122.5,3.89864e-06,1.94932e-05,0
21135.0,21140.0,21137.5,4.05516e-06,2.02758e-05,0
21145.0,21150.0,21147.5,3.67108e-06,1.83554e-05,0
21150.0,21155.0,21152.5,3.07126e-06,1.53563e-05,0
21165.0,21170.0,21167.5,4.37732e-06,2.18866e-05,0
21175.0,21180.0,21177.5,4.08246e-06,2.04123e-05,0
21180.0,21185.0,21182.5,3.9471e-06,1.97355e-05,0
21185.0,21190.0,21187.5,1.494644e-05,7.47322e-05,0
21200.0,21205.0,21202.5,3.9471e-06,1.97355e-05,0
21215.0,21220.0,21217.5,3.9471e-06,1.97355e-05,0
21235.0,21240.0,21237.5,7.10068e-06,3.55034e-05,0
21260.0,21265.0,21262.5,3.9471e-06,1.97355e-05,0
21265.0,21270.0,21267.5,3.89864e-06,1.94932e-05,0
21280.0,21285.0,21282.5,4.05516e-06,2.02758e-05,0
21285.0,21290.0,21287.5,7.9538e-06,3.9769e-05,0
21295.0,21300.0,21297.5,4.37732e-06,2.18866e-05,0
21300.0,21305.0,21302.5,3.67108e-06,1.83554e-05,0
21310.0,21315.0,21312.5,7.79728e-06,3.89864e-05,0
21350.0,21355.0,21352.5,4.37732e-06,2.18866e-05,0
21365.0,21370.0,21367.5,3.67108e-06,1.83554e-05,0
21385.0,21390.0,21387.5,3.9471e-06,1.97355e-05,0
21395.0,21400.0,21397.5,3.54234e-06,1.77117e-05,0
21400.0,21405.0,21402.5,3.89864e-06,1.94932e-05,0
21405.0,21410.0,21407.5,3.9471e-06,1.97355e-05,0
21450.0,21455.0,21452.5,3.89864e-06,1.94932e-05,0
21470.0,21475.0,21472.5,4.37732e-06,2.18866e-05,0
21480.0,21485.0,21482.5,3.9471e-06,1.97355e-05,0
21495.0,21500.0,21497.5,3.07126e-06,1.53563e-05,0
21535.0,21540.0,21537.5,3.9471e-06,1.97355e-05,0
21545.0,21550.0,21547.5,6.22484e-06,3.11242e-05,0
21550.0,21555.0,21552.5,7.05222e-06,3.52611e-05,0
21575.0,21580.0,21577.5,3.67108e-06,1.83554e-05,0
21625.0,21630.0,21627.5,3.67108e-06,1.83554e-05,0
21640.0,21645.0,21642.5,4.37732e-06,2.18866e-05,0
21675.0,21680.0,21677.5,3.67108e-06,1.83554e-05,0
21680.0,21685.0,21682.5,3.89864e-06,1.94932e-05,0
21690.0,21695.0,21692.5,3.9471e-06,1.97355e-05,0
21720.0,21725.0,21722.5,4.05516e-06,2.02758e-05,0
21725.0,21730.0,21727.5,4.05516e-06,2.02758e-05,0
21755.0,21760.0,21757.5,3.07126e-06,1.53563e-05,0
21760.0,21765.0,21762.5,3.89864e-06,1.94932e-05,0
21765.0,21770.0,21767.5,3.07126e-06,1.53563e-05,0
21770.0,21775.0,21772.5,3.15358e-06,1.57679e-05,0
21790.0,21795.0,21792.5,3.9471e-06,1.97355e-05,0
21805.0,21810.0,21807.5,3.9471e-06,1.97355e-05,0
21825.0,21830.0,21827.5,3.89864e-06,1.94932e-05,0
21835.0,21840.0,21837.5,3.15358e-06,1.57679e-05,0
21840.0,21845.0,21842.5,3.15358e-06,1.57679e-05,0
21845.0,21850.0,21847.5,2.79368e-06,1.39684e-05,0
21870.0,21875.0,21872.5,3.15358e-06,1.57679e-05,0
21885.0,21890.0,21887.5,3.89864e-06,1.94932e-05,0
21975.0,21980.0,21977.5,3.15358e-06,1.57679e-05,0
21990.0,21995.0,21992.5,3.9471e-06,1.97355e-05,0
22010.0,22015.0,22012.5,3.9471e-06,1.97355e-05,0
22030.0,22035.0,22032.5,3.89864e-06,1.94932e-05,0
22040.0,22045.0,22042.5,7.84574e-06,3.92287e-05,0
22060.0,22065.0,22062.5,8.32442e-06,4.16221e-05,0
22090.0,22095.0,22092.5,8.02956e-06,4.01478e-05,0
22095.0,22100.0,22097.5,3.07126e-06,1.53563e-05,0
22110.0,22115.0,22112.5,3.15358e-06,1.57679e-05,0
22115.0,22120.0,22117.5,3.89864e-06,1.94932e-05,0
22140.0,22145.0,22142.5,8.00226e-06,4.00113e-05,0
22145.0,22150.0,22147.5,3.54234e-06,1.77117e-05,0
22160.0,22165.0,22162.5,3.54234e-06,1.77117e-05,0
22165.0,22170.0,22167.5,3.89864e-06,1.94932e-05,0
22185.0,22190.0,22187.5,3.15358e-06,1.57679e-05,0
22220.0,22225.0,22222.5,7.5309e-06,3.76545e-05,0
22225.0,22230.0,22227.5,3.9471e-06,1.97355e-05,0
22245.0,22250.0,22247.5,3.67108e-06,1.83554e-05,0
22260.0,22265.0,22262.5,3.9471e-06,1.97355e-05,0
22315.0,22320.0,22317.5,4.37732e-06,2.18866e-05,0
22320.0,22325.0,22322.5,8.0484e-06,4.0242e-05,0
22360.0,22365.0,22362.5,3.89864e-06,1.94932e-05,0
22365.0,22370.0,22367.5,3.9471e-06,1.97355e-05,0
22375.0,22380.0,22377.5,3.07126e-06,1.53563e-05,0
22380.0,22385.0,22382.5,3.15358e-06,1.57679e-05,0
22385.0,22390.0,22387.5,3.07126e-06,1.53563e-05,0
22410.0,22415.0,22412.5,3.89864e-06,1.94932e-05,0
22420.0,22425.0,22422.5,4.05516e-06,2.02758e-05,0
22435.0,22440.0,22437.5,3.67108e-06,1.83554e-05,0
22445.0,22450.0,22447.5,7.61818e-06,3.80909e-05,0
22460.0,22465.0,22462.5,4.37732e-06,2.18866e-05,0
22470.0,22475.0,22472.5,3.54234e-06,1.77117e-05,0
22495.0,22500.0,22497.5,3.54234e-06,1.77117e-05,0
22500.0,22505.0,22502.5,4.37732e-06,2.18866e-05,0
22510.0,22515.0,22512.5,3.15358e-06,1.57679e-05,0
22525.0,22530.0,22527.5,3.89864e-06,1.94932e-05,0
22530.0,22535.0,22532.5,4.05516e-06,2.02758e-05,0
22550.0,22555.0,22552.5,3.67108e-06,1.83554e-05,0
22555.0,22560.0,22557.5,3.89864e-06,1.94932e-05,0
22565.0,22570.0,22567.5,3.89864e-06,1.94932e-05,0
22620.0,22625.0,22622.5,3.67108e-06,1.83554e-05,0
22640.0,22645.0,22642.5,3.15358e-06,1.57679e-05,0
22655.0,22660.0,22657.5,4.05516e-06,2.02758e-05,0
22690.0,22695.0,22692.5,4.37732e-06,2.18866e-05,0
22695.0,22700.0,22697.5,4.05516e-06,2.02758e-05,0
22705.0,22710.0,22707.5,3.67108e-06,1.83554e-05,0
22710.0,22715.0,22712.5,4.37732e-06,2.18866e-05,0
22715.0,22720.0,22717.5,4.37732e-06,2.18866e-05,0
22725.0,22730.0,22727.5,4.05516e-06,2.02758e-05,0
22735.0,22740.0,22737.5,8.75466e-06,4.37733e-05,0
22750.0,22755.0,22752.5,4.37732e-06,2.18866e-05,0
22775.0,22780.0,22777.5,3.89864e-06,1.94932e-05,0
22780.0,22785.0,22782.5,4.37732e-06,2.18866e-05,0
22785.0,22790.0,22787.5,3.89864e-06,1.94932e-05,0
22790.0,22795.0,22792.5,3.54234e-06,1.77117e-05,0
22825.0,22830.0,22827.5,3.9471e-06,1.97355e-05,0
22830.0,22835.0,22832.5,3.15358e-06,1.57679e-05,0
22845.0,22850.0,22847.5,3.89864e-06,1.94932e-05,0
22850.0,22855.0,22852.5,8.00226e-06,4.00113e-05,0
22855.0,22860.0,22857.5,3.9471e-06,1.97355e-05,0
22895.0,22900.0,22897.5,3.15358e-06,1.57679e-05,0
22925.0,22930.0,22927.5,3.07126e-06,1.53563e-05,0
22930.0,22935.0,22932.5,3.67108e-06,1.83554e-05,0
22960.0,22965.0,22962.5,7.61818e-06,3.80909e-05,0
22965.0,22970.0,22967.5,8.75466e-06,4.37733e-05,0
23010.0,23015.0,23012.5,3.67108e-06,1.83554e-05,0
23040.0,23045.0,23042.5,3.67108e-06,1.83554e-05,0
23075.0,23080.0,23077.5,7.05222e-06,3.52611e-05,0
23090.0,23095.0,23092.5,3.07126e-06,1.53563e-05,0
23100.0,23105.0,23102.5,4.05516e-06,2.02758e-05,0
23105.0,23110.0,23107.5,3.9471e-06,1.97355e-05,0
23135.0,23140.0,23137.5,3.9471e-06,1.97355e-05,0
23145.0,23150.0,23147.5,3.67108e-06,1.83554e-05,0
23155.0,23160.0,23157.5,7.05222e-06,3.52611e-05,0
23170.0,23175.0,23172.5,3.9471e-06,1.97355e-05,0
23210.0,23215.0,23212.5,3.9471e-06,1.97355e-05,0
23295.0,23300.0,23297.5,4.05516e-06,2.02758e-05,0
23315.0,23320.0,23317.5,3.67108e-06,1.83554e-05,0
23330.0,23335.0,23332.5,7.5309e-06,3.76545e-05,0
23335.0,23340.0,23337.5,3.67108e-06,1.83554e-05,0
23350.0,23355.0,23352.5,3.15358e-06,1.57679e-05,0
23355.0,23360.0,23357.5,3.89864e-06,1.94932e-05,0
23365.0,23370.0,23367.5,3.15358e-06,1.57679e-05,0
23375.0,23380.0,23377.5,3.9471e-06,1.97355e-05,0
23395.0,23400.0,23397.5,3.07126e-06,1.53563e-05,0
23405.0,23410.0,23407.5,3.9471e-06,1.97355e-05,0
23455.0,23460.0,23457.5,4.08246e-06,2.04123e-05,0
23470.0,23475.0,23472.5,4.08246e-06,2.04123e-05,0
23625.0,23630.0,23627.5,3.9471e-06,1.97355e-05,0
23635.0,23640.0,23637.5,4.37732e-06,2.18866e-05,0
23675.0,23680.0,23677.5,3.07126e-06,1.53563e-05,0
23695.0,23700.0,23697.5,3.89864e-06,1.94932e-05,0
23710.0,23715.0,23712.5,3.9471e-06,1.97355e-05,0
23715.0,23720.0,23717.5,3.15358e-06,1.57679e-05,0
23770.0,23775.0,23772.5,3.67108e-06,1.83554e-05,0
23790.0,23795.0,23792.5,8.32442e-06,4.16221e-05,0
23845.0,23850.0,23847.5,3.89864e-06,1.94932e-05,0
23870.0,23875.0,23872.5,7.34214e-06,3.67107e-05,0
23930.0,23935.0,23932.5,7.01836e-06,3.50918e-05,0
23970.0,23975.0,23972.5,3.89864e-06,1.94932e-05,0
23975.0,23980.0,23977.5,3.89864e-06,1.94932e-05,0
24010.0,24015.0,24012.5,3.9471e-06,1.97355e-05,0
24020.0,24025.0,24022.5,8.32442e-06,4.16221e-05,0
24025.0,24030.0,24027.5,3.9471e-06,1.97355e-05,0
24035.0,24040.0,24037.5,3.9471e-06,1.97355e-05,0
24090.0,24095.0,24092.5,3.9471e-06,1.97355e-05,0
24115.0,24120.0,24117.5,4.08246e-06,2.04123e-05,0
24210.0,24215.0,24212.5,4.08246e-06,2.04123e-05,0
24225.0,24230.0,24227.5,4.05516e-06,2.02758e-05,0
24280.0,24285.0,24282.5,3.9471e-06,1.97355e-05,0
24315.0,24320.0,24317.5,4.37732e-06,2.18866e-05,0
24340.0,24345.0,24342.5,3.9471e-06,1.97355e-05,0
24345.0,24350.0,24347.5,3.9471e-06,1.97355e-05,0
24375.0,24380.0,24377.5,3.15358e-06,1.57679e-05,0
24605.0,24610.0,24607.5,3.9471e-06,1.97355e-05,0
24635.0,24640.0,24637.5,3.9471e-06,1.97355e-05,0
24640.0,24645.0,24642.5,3.9471e-06,1.97355e-05,0
24685.0,24690.0,24687.5,4.37732e-06,2.18866e-05,0
24765.0,24770.0,24767.5,3.67108e-06,1.83554e-05,0
24855.0,24860.0,24857.5,4.37732e-06,2.18866e-05,0
24870.0,24875.0,24872.5,3.15358e-06,1.57679e-05,0
24915.0,24920.0,24917.5,4.05516e-06,2.02758e-05,0
24970.0,24975.0,24972.5,3.9471e-06,1.97355e-05,0
24995.0,25000.0,24997.5,3.67108e-06,1.83554e-05,0
25050.0,25055.0,25052.5,3.15358e-06,1.57679e-05,0
25065.0,25070.0,25067.5,3.9471e-06,1.97355e-05,0
25110.0,25115.0,25112.5,3.67108e-06,1.83554e-05,0
25155.0,25160.0,25157.5,3.54234e-06,1.77117e-05,0
25165.0,25170.0,25167.5,4.05516e-06,2.02758e-05,0
25230.0,25235.0,25232.5,3.07126e-06,1.53563e-05,0
25260.0,25265.0,25262.5,3.15358e-06,1.57679e-05,0
25275.0,25280.0,25277.5,4.37732e-06,2.18866e-05,0
25355.0,25360.0,25357.5,4.37732e-06,2.18866e-05,0
25370.0,25375.0,25372.5,3.07126e-06,1.53563e-05,0
25380.0,25385.0,25382.5,4.37732e-06,2.18866e-05,0
25555.0,25560.0,25557.5,3.9471e-06,1.97355e-05,0
25615.0,25620.0,25617.5,3.15358e-06,1.57679e-05,0
25625.0,25630.0,25627.5,3.89864e-06,1.94932e-05,0
25640.0,25645.0,25642.5,3.15358e-06,1.57679e-05,0
25665.0,25670.0,25667.5,3.9471e-06,1.97355e-05,0
25680.0,25685.0,25682.5,3.07126e-06,1.53563e-05,0
25695.0,25700.0,25697.5,3.9471e-06,1.97355e-05,0
25770.0,25775.0,25772.5,3.15358e-06,1.57679e-05,0
25780.0,25785.0,25782.5,3.9471e-06,1.97355e-05,0
25785.0,25790.0,25787.5,4.05516e-06,2.02758e-05,0
25990.0,25995.0,25992.5,3.9471e-06,1.97355e-05,0
26030.0,26035.0,26032.5,3.67108e-06,1.83554e-05,0
26050.0,26055.0,26052.5,3.9471e-06,1.97355e-05,0
26130.0,26135.0,26132.5,3.9471e-06,1.97355e-05,0
26245.0,26250.0,26247.5,4.37732e-06,2.18866e-05,0
26255.0,26260.0,26257.5,3.9471e-06,1.97355e-05,0
26260.0,26265.0,26262.5,7.89422e-06,3.94711e-05,0
26315.0,26320.0,26317.5,3.9471e-06,1.97355e-05,0
26330.0,26335.0,26332.5,3.07126e-06,1.53563e-05,0
26410.0,26415.0,26412.5,3.67108e-06,1.83554e-05,0
26500.0,26505.0,26502.5,3.15358e-06,1.57679e-05,0
26610.0,26615.0,26612.5,3.15358e-06,1.57679e-05,0
26640.0,26645.0,26642.5,3.9471e-06,1.97355e-05,0
26685.0,26690.0,26687.5,3.15358e-06,1.57679e-05,0
26690.0,26695.0,26692.5,4.37732e-06,2.18866e-05,0
26745.0,26750.0,26747.5,3.15358e-06,1.57679e-05,0
26820.0,26825.0,26822.5,3.89864e-06,1.94932e-05,0
26845.0,26850.0,26847.5,4.37732e-06,2.18866e-05,0
26935.0,26940.0,26937.5,4.05516e-06,2.02758e-05,0
26950.0,26955.0,26952.5,3.15358e-06,1.57679e-05,0
26995.0,27000.0,26997.5,3.07126e-06,1.53563e-05,0
27215.0,27220.0,27217.5,3.54234e-06,1.77117e-05,0
27355.0,27360.0,27357.5,3.15358e-06,1.57679e-05,0
27380.0,27385.0,27382.5,3.9471e-06,1.97355e-05,0
27400.0,27405.0,27402.5,3.89864e-06,1.94932e-05,0
27430.0,27435.0,27432.5,4.37732e-06,2.18866e-05,0
27810.0,27815.0,27812.5,3.89864e-06,1.94932e-05,0
27865.0,27870.0,27867.5,3.9471e-06,1.97355e-05,0
27930.0,27935.0,27932.5,3.15358e-06,1.57679e-05,0
27970.0,27975.0,27972.5,3.15358e-06,1.57679e-05,0
28040.0,28045.0,28042.5,3.9471e-06,1.97355e-05,0
28050.0,28055.0,28052.5,3.07126e-06,1.53563e-05,0
28265.0,28270.0,28267.5,3.9471e-06,1.97355e-05,0
28335.0,28340.0,28337.5,4.37732e-06,2.18866e-05,0
28355.0,28360.0,28357.5,3.67108e-06,1.83554e-05,0
28420.0,28425.0,28422.5,3.9471e-06,1.97355e-05,0
28660.0,28665.0,28662.5,4.05516e-06,2.02758e-05,0
28740.0,28745.0,28742.5,3.9471e-06,1.97355e-05,0
28995.0,29000.0,28997.5,3.9471e-06,1.97355e-05,0
29450.0,29455.0,29452.5,3.9471e-06,1.97355e-05,0
29625.0,29630.0,29627.5,4.05516e-06,2.02758e-05,0
29740.0,29745.0,29742.5,4.37732e-06,2.18866e-05,0
30530.0,30535.0,30532.5,3.9471e-06,1.97355e-05,0
30555.0,30560.0,30557.5,3.07126e-06,1.53563e-05,0
31530.0,31535.0,31532.5,3.9471e-06,1.97355e-05,0
31850.0,31855.0,31852.5,3.15358e-06,1.57679e-05,0
32805.0,32810.0,32807.5,3.9471e-06,1.97355e-05,0
33280.0,33285.0,33282.5,3.9471e-06,1.97355e-05,0
34485.0,34490.0,34487.5,3.15358e-06,1.57679e-05,0
36235.0,36240.0,36237.5,4.37732e-06,2.18866e-05,0
