bin_start_us,bin_end_us,bin_mid_us,pdf_per_us,probability,count
250.0,255.0,252.5,1.009979e-05,5.049895e-05,0
255.0,260.0,257.5,1.0093506e-05,5.046753e-05,0
260.0,265.0,262.5,5.819434e-06,2.909717e-05,0
265.0,270.0,267.5,1.1415514e-05,5.707757e-05,0
270.0,275.0,272.5,4.327894e-06,2.163947e-05,0
275.0,280.0,277.5,4.379634e-06,2.189817e-05,0
280.0,285.0,282.5,7.216752e-06,3.608376e-05,0
290.0,295.0,292.5,1.1530598e-05,5.765299e-05,0
295.0,300.0,297.5,1.153025e-05,5.765125e-05,0
300.0,305.0,302.5,5.777928e-06,2.888964e-05,0
305.0,310.0,307.5,7.23233e-06,3.616165e-05,0
310.0,315.0,312.5,7.341014e-06,3.670507e-05,0
315.0,320.0,317.5,8.526746e-06,4.263373e-05,0
320.0,325.0,322.5,4.280974e-06,2.140487e-05,0
325.0,330.0,327.5,8.642222e-06,4.321111e-05,0
330.0,335.0,332.5,1.5850818e-05,7.925409e-05,0
335.0,340.0,337.5,4.380496e-06,2.190248e-05,0
340.0,345.0,342.5,2.863468e-06,1.431734e-05,0
345.0,350.0,347.5,5.747586e-06,2.873793e-05,0
350.0,355.0,352.5,8.625504e-06,4.312752e-05,0
355.0,360.0,357.5,1.0071168e-05,5.035584e-05,0
360.0,365.0,362.5,1.2961734e-05,6.480867e-05,0
365.0,370.0,367.5,7.253558e-06,3.626779e-05,0
370.0,375.0,372.5,7.069044e-06,3.534522e-05,0
375.0,380.0,377.5,1.1552766e-05,5.776383e-05,0
380.0,385.0,382.5,0.006000534,0.03000267,0
385.0,390.0,387.5,0.005132372,0.02566186,0
390.0,395.0,392.5,0.0006648248,0.003324124,0
395.0,400.0,397.5,0.0006895294,0.003447647,0
400.0,405.0,402.5,0.0007569372,0.003784686,0
405.0,410.0,407.5,0.0007504004,0.003752002,0
410.0,415.0,412.5,0.000690514,0.00345257,0
415.0,420.0,417.5,0.0003298444,0.001649222,0
420.0,425.0,422.5,0.000302751,0.001513755,0
425.0,430.0,427.5,0.00025679878,0.0012839939,0
430.0,435.0,432.5,0.00025887924,0.0012943962,0
435.0,440.0,437.5,0.00031776216,0.0015888108,0
440.0,445.0,442.5,0.00032562288,0.0016281144,0
445.0,450.0,447.5,0.00032987852,0.0016493926,0
450.0,455.0,452.5,0.00030453304,0.0015226652,0
455.0,460.0,457.5,0.0003363752,0.001681876,0
460.0,465.0,462.5,0.00030065698,0.0015032849,0
465.0,470.0,467.5,0.000339084,0.00169542,0
470.0,475.0,472.5,0.0003668168,0.001834084,0
475.0,480.0,477.5,0.0003432946,0.001716473,0
480.0,485.0,482.5,0.0003109522,0.001554761,0
485.0,490.0,487.5,0.00028527092,0.0014263546,0
490.0,495.0,492.5,0.00023648048,0.0011824024,0
495.0,500.0,497.5,0.00026060554,0.0013030277,0
500.0,505.0,502.5,0.00026949274,0.0013474637,0
505.0,510.0,507.5,0.00027153352,0.0013576676,0
510.0,515.0,512.5,0.00026300256,0.0013150128,0
515.0,520.0,517.5,0.0003002212,0.001501106,0
520.0,525.0,522.5,0.008422738,0.04211369,0
525.0,530.0,527.5,0.00029415602,0.0014707801,0
530.0,535.0,532.5,0.0003562498,0.001781249,0
535.0,540.0,537.5,0.00030414004,0.0015207002,0
540.0,545.0,542.5,0.0003558292,0.001779146,0
545.0,550.0,547.5,0.00031000612,0.0015500306,0
550.0,555.0,552.5,0.00034430132,0.0017215066,0
555.0,560.0,557.5,0.0002902864,0.001451432,0
560.0,565.0,562.5,0.00031795958,0.0015897979,0
565.0,570.0,567.5,0.0002971328,0.001485664,0
570.0,575.0,572.5,0.00033637102,0.0016818551,0
575.0,580.0,577.5,0.00033458698,0.0016729349,0
580.0,585.0,582.5,0.0003229816,0.001614908,0
585.0,590.0,587.5,0.0003399052,0.001699526,0
590.0,595.0,592.5,0.000346624,0.00173312,0
595.0,600.0,597.5,0.000330535,0.001652675,0
600.0,605.0,602.5,0.0003960566,0.001980283,0
605.0,610.0,607.5,0.0003425498,0.001712749,0
610.0,615.0,612.5,0.0003039594,0.001519797,0
615.0,620.0,617.5,0.0003071272,0.001535636,0
620.0,625.0,622.5,0.0003569464,0.001784732,0
625.0,630.0,627.5,0.0003676942,0.001838471,0
630.0,635.0,632.5,0.00034169542,0.0017084771,0
635.0,640.0,637.5,0.0003308564,0.001654282,0
640.0,645.0,642.5,0.0003136418,0.001568209,0
645.0,650.0,647.5,0.0003312234,0.001656117,0
650.0,655.0,652.5,0.0003275334,0.001637667,0
655.0,660.0,657.5,0.0003623222,0.001811611,0
660.0,665.0,662.5,0.000413828,0.00206914,0
665.0,670.0,667.5,0.0025196762,0.012598381,0
670.0,675.0,672.5,0.0003802644,0.001901322,0
675.0,680.0,677.5,0.00028549798,0.0014274899,0
680.0,685.0,682.5,0.0003623414,0.001811707,0
685.0,690.0,687.5,0.0002989482,0.001494741,0
690.0,695.0,692.5,0.00033502362,0.0016751181,0
695.0,700.0,697.5,0.000317639,0.001588195,0
700.0,705.0,702.5,0.000291205,0.001456025,0
705.0,710.0,707.5,0.00031205256,0.0015602628,0
710.0,715.0,712.5,0.00031195392,0.0015597696,0
715.0,720.0,717.5,0.0003277136,0.001638568,0
720.0,725.0,722.5,0.0003049288,0.001524644,0
725.0,730.0,727.5,0.00029170232,0.0014585116,0
730.0,735.0,732.5,0.0003059362,0.001529681,0
735.0,740.0,737.5,0.0003450226,0.001725113,0
740.0,745.0,742.5,0.00031265,0.00156325,0
745.0,750.0,747.5,0.0002968918,0.001484459,0
750.0,755.0,752.5,0.0003519958,0.001759979,0
755.0,760.0,757.5,0.0003701312,0.001850656,0
760.0,765.0,762.5,0.0003390788,0.001695394,0
765.0,770.0,767.5,0.00034355018,0.0017177509,0
770.0,775.0,772.5,0.0003227688,0.001613844,0
775.0,780.0,777.5,0.00030325128,0.0015162564,0
780.0,785.0,782.5,0.0003211762,0.001605881,0
785.0,790.0,787.5,0.0002957004,0.001478502,0
790.0,795.0,792.5,0.0003098472,0.001549236,0
795.0,800.0,797.5,0.0003673252,0.001836626,0
800.0,805.0,802.5,0.0002830174,0.001415087,0
805.0,810.0,807.5,0.00032758118,0.0016379059,0
810.0,815.0,812.5,0.0007753312,0.003876656,0
815.0,820.0,817.5,0.0005464896,0.002732448,0
820.0,825.0,822.5,0.0003350296,0.001675148,0
825.0,830.0,827.5,0.00030835964,0.0015417982,0
830.0,835.0,832.5,0.0003342006,0.001671003,0
835.0,840.0,837.5,0.0003047184,0.001523592,0
840.0,845.0,842.5,0.0003334302,0.001667151,0
845.0,850.0,847.5,0.0003072,0.001536,0
850.0,855.0,852.5,0.00031265704,0.0015632852,0
855.0,860.0,857.5,0.000432557,0.002162785,0
860.0,865.0,862.5,0.0004214852,0.002107426,0
865.0,870.0,867.5,0.00018975224,0.0009487612,0
870.0,875.0,872.5,0.0001681947,0.0008409735,0
875.0,880.0,877.5,0.00014201048,0.0007100524,0
880.0,885.0,882.5,0.00014497846,0.0007248923,0
885.0,890.0,887.5,0.00012946682,0.0006473341,0
890.0,895.0,892.5,0.00011940564,0.0005970282,0
895.0,900.0,897.5,0.00015392234,0.0007696117,0
900.0,905.0,902.5,0.0001812135,0.0009060675,0
905.0,910.0,907.5,0.0001765568,0.000882784,0
910.0,915.0,912.5,0.00018798468,0.0009399234,0
915.0,920.0,917.5,0.00019112522,0.0009556261,0
920.0,925.0,922.5,0.00020873644,0.0010436822,0
925.0,930.0,927.5,0.00021600158,0.0010800079,0
930.0,935.0,932.5,0.00021531252,0.0010765626,0
935.0,940.0,937.5,0.00022079246,0.0011039623,0
940.0,945.0,942.5,0.0002457105,0.0012285525,0
945.0,950.0,947.5,0.00020615106,0.0010307553,0
950.0,955.0,952.5,0.00024690654,0.0012345327,0
955.0,960.0,957.5,0.00029578406,0.0014789203,0
960.0,965.0,962.5,0.00027759144,0.0013879572,0
965.0,970.0,967.5,0.00020855654,0.0010427827,0
970.0,975.0,972.5,0.000212922,0.00106461,0
975.0,980.0,977.5,0.00020521962,0.0010260981,0
980.0,985.0,982.5,0.0001703699,0.0008518495,0
985.0,990.0,987.5,0.00022399422,0.0011199711,0
990.0,995.0,992.5,0.00021528656,0.0010764328,0
995.0,1000.0,997.5,0.00018082184,0.0009041092,0
1000.0,1005.0,1002.5,0.00019652378,0.0009826189,0
1005.0,1010.0,1007.5,0.00021391388,0.0010695694,0
1010.0,1015.0,1012.5,0.0001965486,0.000982743,0
1015.0,1020.0,1017.5,0.00019081888,0.0009540944,0
1020.0,1025.0,1022.5,0.00019315012,0.0009657506,0
1025.0,1030.0,1027.5,0.0001648739,0.0008243695,0
1030.0,1035.0,1032.5,0.00020818648,0.0010409324,0
1035.0,1040.0,1037.5,0.00018088082,0.0009044041,0
1040.0,1045.0,1042.5,0.00020232958,0.0010116479,0
1045.0,1050.0,1047.5,0.00019095792,0.0009547896,0
1050.0,1055.0,1052.5,0.00017926898,0.0008963449,0
1055.0,1060.0,1057.5,0.0002179539,0.0010897695,0
1060.0,1065.0,1062.5,0.00021140964,0.0010570482,0
1065.0,1070.0,1067.5,0.00018348068,0.0009174034,0
1070.0,1075.0,1072.5,0.0001820789,0.0009103945,0
1075.0,1080.0,1077.5,0.00017761834,0.0008880917,0
1080.0,1085.0,1082.5,0.00021344824,0.0010672412,0
1085.0,1090.0,1087.5,0.0002151021,0.0010755105,0
1090.0,1095.0,1092.5,0.00020502412,0.0010251206,0
1095.0,1100.0,1097.5,0.0002136516,0.001068258,0
1100.0,1105.0,1102.5,0.00023512394,0.0011756197,0
1105.0,1110.0,1107.5,0.00019145148,0.0009572574,0
1110.0,1115.0,1112.5,0.00024111634,0.0012055817,0
1115.0,1120.0,1117.5,0.00017803692,0.0008901846,0
1120.0,1125.0,1122.5,0.0002172461,0.0010862305,0
1125.0,1130.0,1127.5,0.00023126442,0.0011563221,0
1130.0,1135.0,1132.5,0.00020117728,0.0010058864,0
1135.0,1140.0,1137.5,0.00020673792,0.0010336896,0
1140.0,1145.0,1142.5,0.00020965668,0.0010482834,0
1145.0,1150.0,1147.5,0.00020267344,0.0010133672,0
1150.0,1155.0,1152.5,0.00015905088,0.0007952544,0
1155.0,1160.0,1157.5,0.000213478,0.00106739,0
1160.0,1165.0,1162.5,0.00019531718,0.0009765859,0
1165.0,1170.0,1167.5,0.00015378194,0.0007689097,0
1170.0,1175.0,1172.5,0.00021087094,0.0010543547,0
1175.0,1180.0,1177.5,0.00015108032,0.0007554016,0
1180.0,1185.0,1182.5,0.0001835,0.0009175,0
1185.0,1190.0,1187.5,0.0001808249,0.0009041245,0
1190.0,1195.0,1192.5,0.00023977278,0.0011988639,0
1195.0,1200.0,1197.5,0.00019377344,0.0009688672,0
1200.0,1205.0,1202.5,0.00018982506,0.0009491253,0
1205.0,1210.0,1207.5,0.00020247552,0.0010123776,0
1210.0,1215.0,1212.5,0.00022690572,0.0011345286,0
1215.0,1220.0,1217.5,0.00022831086,0.0011415543,0
1220.0,1225.0,1222.5,0.0001999323,0.0009996615,0
1225.0,1230.0,1227.5,0.00018886908,0.0009443454,0
1230.0,1235.0,1232.5,0.000180064,0.00090032,0
1235.0,1240.0,1237.5,0.0002039402,0.001019701,0
1240.0,1245.0,1242.5,0.00021649012,0.0010824506,0
1245.0,1250.0,1247.5,0.0002211575,0.0011057875,0
1250.0,1255.0,1252.5,0.00023274846,0.0011637423,0
1255.0,1260.0,1257.5,0.0001778333,0.0008891665,0
1260.0,1265.0,1262.5,0.00019961738,0.0009980869,0
1265.0,1270.0,1267.5,0.00020432556,0.0010216278,0
1270.0,1275.0,1272.5,0.00021240728,0.0010620364,0
1275.0,1280.0,1277.5,0.00017775934,0.0008887967,0
1280.0,1285.0,1282.5,0.00017103016,0.0008551508,0
1285.0,1290.0,1287.5,0.00022657842,0.0011328921,0
1290.0,1295.0,1292.5,0.00018002708,0.0009001354,0
1295.0,1300.0,1297.5,0.0001827568,0.000913784,0
1300.0,1305.0,1302.5,0.00016213452,0.0008106726,0
1305.0,1310.0,1307.5,0.0002097155,0.0010485775,0
1310.0,1315.0,1312.5,0.0002379846,0.001189923,0
1315.0,1320.0,1317.5,0.00019761686,0.0009880843,0
1320.0,1325.0,1322.5,0.00019651144,0.0009825572,0
1325.0,1330.0,1327.5,0.00021390084,0.0010695042,0
1330.0,1335.0,1332.5,0.00020123604,0.0010061802,0
1335.0,1340.0,1337.5,0.00020121654,0.0010060827,0
1340.0,1345.0,1342.5,0.00017643398,0.0008821699,0
1345.0,1350.0,1347.5,0.0001655923,0.0008279615,0
1350.0,1355.0,1352.5,0.0001592396,0.000796198,0
1355.0,1360.0,1357.5,0.00015922164,0.0007961082,0
1360.0,1365.0,1362.5,0.00013482128,0.0006741064,0
1365.0,1370.0,1367.5,0.000137972,0.00068986,0
1370.0,1375.0,1372.5,0.00013360486,0.0006680243,0
1375.0,1380.0,1377.5,0.00013530148,0.0006765074,0
1380.0,1385.0,1382.5,0.0001306086,0.000653043,0
1385.0,1390.0,1387.5,0.00015948166,0.0007974083,0
1390.0,1395.0,1392.5,0.0001403217,0.0007016085,0
1395.0,1400.0,1397.5,0.00012219086,0.0006109543,0
1400.0,1405.0,1402.5,0.00014506104,0.0007253052,0
1405.0,1410.0,1407.5,0.00018637554,0.0009318777,0
1410.0,1415.0,1412.5,0.0001550633,0.0007753165,0
1415.0,1420.0,1417.5,0.00015182644,0.0007591322,0
1420.0,1425.0,1422.5,0.00018238734,0.0009119367,0
1425.0,1430.0,1427.5,0.00018388066,0.0009194033,0
1430.0,1435.0,1432.5,0.00016057652,0.0008028826,0
1435.0,1440.0,1437.5,0.0001534608,0.000767304,0
1440.0,1445.0,1442.5,0.00013481388,0.0006740694,0
1445.0,1450.0,1447.5,0.00016053174,0.0008026587,0
1450.0,1455.0,1452.5,0.00015100814,0.0007550407,0
1455.0,1460.0,1457.5,0.0001290341,0.0006451705,0
1460.0,1465.0,1462.5,0.00016642234,0.0008321117,0
1465.0,1470.0,1467.5,0.0001364241,0.0006821205,0
1470.0,1475.0,1472.5,0.00014358372,0.0007179186,0
1475.0,1480.0,1477.5,0.00017064568,0.0008532284,0
1480.0,1485.0,1482.5,0.0001267599,0.0006337995,0
1485.0,1490.0,1487.5,0.00015510216,0.0007755108,0
1490.0,1495.0,1492.5,0.00013531896,0.0006765948,0
1495.0,1500.0,1497.5,0.0001493433,0.0007467165,0
1500.0,1505.0,1502.5,0.000126457,0.000632285,0
1505.0,1510.0,1507.5,0.00012633544,0.0006316772,0
1510.0,1515.0,1512.5,0.00014216748,0.0007108374,0
1515.0,1520.0,1517.5,0.00013517272,0.0006758636,0
1520.0,1525.0,1522.5,0.00014233756,0.0007116878,0
1525.0,1530.0,1527.5,0.00012939396,0.0006469698,0
1530.0,1535.0,1532.5,0.0001601059,0.0008005295,0
1535.0,1540.0,1537.5,0.00013627142,0.0006813571,0
1540.0,1545.0,1542.5,0.00014228464,0.0007114232,0
1545.0,1550.0,1547.5,0.00014369948,0.0007184974,0
1550.0,1555.0,1552.5,0.00013199056,0.0006599528,0
1555.0,1560.0,1557.5,0.00015412852,0.0007706426,0
1560.0,1565.0,1562.5,0.00013774964,0.0006887482,0
1565.0,1570.0,1567.5,0.00011652656,0.0005826328,0
1570.0,1575.0,1572.5,0.0001361733,0.0006808665,0
1575.0,1580.0,1577.5,0.00014510934,0.0007255467,0
1580.0,1585.0,1582.5,0.00013814122,0.0006907061,0
1585.0,1590.0,1587.5,0.00016082894,0.0008041447,0
1590.0,1595.0,1592.5,0.0001396203,0.0006981015,0
1595.0,1600.0,1597.5,0.00017078206,0.0008539103,0
1600.0,1605.0,1602.5,0.0001350625,0.0006753125,0
1605.0,1610.0,1607.5,0.00016063466,0.0008031733,0
1610.0,1615.0,1612.5,0.00013029804,0.0006514902,0
1615.0,1620.0,1617.5,0.00016337022,0.0008168511,0
1620.0,1625.0,1622.5,0.00015534102,0.0007767051,0
1625.0,1630.0,1627.5,0.00011908162,0.0005954081,0
1630.0,1635.0,1632.5,0.00012946738,0.0006473369,0
1635.0,1640.0,1637.5,0.00014067848,0.0007033924,0
1640.0,1645.0,1642.5,0.00015034594,0.0007517297,0
1645.0,1650.0,1647.5,0.00013880614,0.0006940307,0
1650.0,1655.0,1652.5,0.00013889906,0.0006944953,0
1655.0,1660.0,1657.5,0.000152248,0.00076124,0
1660.0,1665.0,1662.5,0.0001388046,0.000694023,0
1665.0,1670.0,1667.5,0.00014747064,0.0007373532,0
1670.0,1675.0,1672.5,0.00013354922,0.0006677461,0
1675.0,1680.0,1677.5,0.00011907916,0.0005953958,0
1680.0,1685.0,1682.5,0.0001534809,0.0007674045,0
1685.0,1690.0,1687.5,0.00013770394,0.0006885197,0
1690.0,1695.0,1692.5,0.00016183934,0.0008091967,0
1695.0,1700.0,1697.5,0.00015920202,0.0007960101,0
1700.0,1705.0,1702.5,0.00014221438,0.0007110719,0
1705.0,1710.0,1707.5,0.00013058506,0.0006529253,0
1710.0,1715.0,1712.5,0.00017789922,0.0008894961,0
1715.0,1720.0,1717.5,0.00011931146,0.0005965573,0
1720.0,1725.0,1722.5,0.00013481796,0.0006740898,0
1725.0,1730.0,1727.5,0.00015695496,0.0007847748,0
1730.0,1735.0,1732.5,0.00012795214,0.0006397607,0
1735.0,1740.0,1737.5,0.0001478099,0.0007390495,0
1740.0,1745.0,1742.5,0.0001466701,0.0007333505,0
1745.0,1750.0,1747.5,0.00014339998,0.0007169999,0
1750.0,1755.0,1752.5,0.00014634292,0.0007317146,0
1755.0,1760.0,1757.5,0.00013796246,0.0006898123,0
1760.0,1765.0,1762.5,0.00014349058,0.0007174529,0
1765.0,1770.0,1767.5,0.00014801708,0.0007400854,0
1770.0,1775.0,1772.5,0.00017077258,0.0008538629,0
1775.0,1780.0,1777.5,0.00014845078,0.0007422539,0
1780.0,1785.0,1782.5,0.0001092069,0.0005460345,0
1785.0,1790.0,1787.5,0.0001414835,0.0007074175,0
1790.0,1795.0,1792.5,0.0001219824,0.000609912,0
1795.0,1800.0,1797.5,0.00015097658,0.0007548829,0
1800.0,1805.0,1802.5,0.00014932408,0.0007466204,0
1805.0,1810.0,1807.5,0.00015618336,0.0007809168,0
1810.0,1815.0,1812.5,0.00012790442,0.0006395221,0
1815.0,1820.0,1817.5,0.00014190862,0.0007095431,0
1820.0,1825.0,1822.5,0.00014331502,0.0007165751,0
1825.0,1830.0,1827.5,0.00012772448,0.0006386224,0
1830.0,1835.0,1832.5,0.00015657926,0.0007828963,0
1835.0,1840.0,1837.5,0.00013595394,0.0006797697,0
1840.0,1845.0,1842.5,0.00012367492,0.0006183746,0
1845.0,1850.0,1847.5,0.0001436524,0.000718262,0
1850.0,1855.0,1852.5,0.00011399908,0.0005699954,0
1855.0,1860.0,1857.5,0.00014329294,0.0007164647,0
1860.0,1865.0,1862.5,0.0001626694,0.000813347,0
1865.0,1870.0,1867.5,0.0001159944,0.000579972,0
1870.0,1875.0,1872.5,0.0001449013,0.0007245065,0
1875.0,1880.0,1877.5,0.00013611262,0.0006805631,0
1880.0,1885.0,1882.5,0.00012190594,0.0006095297,0
1885.0,1890.0,1887.5,0.00011614184,0.0005807092,0
1890.0,1895.0,1892.5,0.00013382104,0.0006691052,0
1895.0,1900.0,1897.5,0.00013199516,0.0006599758,0
1900.0,1905.0,1902.5,0.00014613954,0.0007306977,0
1905.0,1910.0,1907.5,0.00013913364,0.0006956682,0
1910.0,1915.0,1912.5,0.0001149971,0.0005749855,0
1915.0,1920.0,1917.5,0.0001278144,0.000639072,0
1920.0,1925.0,1922.5,0.00012084712,0.0006042356,0
1925.0,1930.0,1927.5,0.00013252716,0.0006626358,0
1930.0,1935.0,1932.5,0.00015019162,0.0007509581,0
1935.0,1940.0,1937.5,0.00013172166,0.0006586083,0
1940.0,1945.0,1942.5,0.00014768372,0.0007384186,0
1945.0,1950.0,1947.5,0.00014215966,0.0007107983,0
1950.0,1955.0,1952.5,0.00010625756,0.0005312878,0
1955.0,1960.0,1957.5,0.00012782652,0.0006391326,0
1960.0,1965.0,1962.5,0.00011629654,0.0005814827,0
1965.0,1970.0,1967.5,9.7535858e-05,0.00048767929,0
1970.0,1975.0,1972.5,0.00011725568,0.0005862784,0
1975.0,1980.0,1977.5,0.00010902284,0.0005451142,0
1980.0,1985.0,1982.5,0.0001308725,0.0006543625,0
1985.0,1990.0,1987.5,0.00013797586,0.0006898793,0
1990.0,1995.0,1992.5,0.00011225694,0.0005612847,0
1995.0,2000.0,1997.5,0.00011768024,0.0005884012,0
2000.0,2005.0,2002.5,0.00011207102,0.0005603551,0
2005.0,2010.0,2007.5,0.00012356056,0.0006178028,0
2010.0,2015.0,2012.5,0.00012823262,0.0006411631,0
2015.0,2020.0,2017.5,0.0001006984,0.000503492,0
2020.0,2025.0,2022.5,0.00013062154,0.0006531077,0
2025.0,2030.0,2027.5,0.00011071722,0.0005535861,0
2030.0,2035.0,2032.5,0.00012463666,0.0006231833,0
2035.0,2040.0,2037.5,0.00012646608,0.0006323304,0
2040.0,2045.0,2042.5,0.00013626832,0.0006813416,0
2045.0,2050.0,2047.5,9.771638e-05,0.0004885819,0
2050.0,2055.0,2052.5,0.00012231668,0.0006115834,0
2055.0,2060.0,2057.5,0.0001166115,0.0005830575,0
2060.0,2065.0,2062.5,0.00011335174,0.0005667587,0
2065.0,2070.0,2067.5,0.0001290915,0.0006454575,0
2070.0,2075.0,2072.5,0.00010890189,0.00054450944,0
2075.0,2080.0,2077.5,0.00011534454,0.0005767227,0
2080.0,2085.0,2082.5,0.00011327172,0.0005663586,0
2085.0,2090.0,2087.5,0.00011205444,0.0005602722,0
2090.0,2095.0,2092.5,0.00011973564,0.0005986782,0
2095.0,2100.0,2097.5,0.00010767284,0.0005383642,0
2100.0,2105.0,2102.5,0.00011504286,0.0005752143,0
2105.0,2110.0,2107.5,0.00010776954,0.0005388477,0
2110.0,2115.0,2112.5,0.0001395231,0.0006976155,0
2115.0,2120.0,2117.5,0.00012079504,0.0006039752,0
2120.0,2125.0,2122.5,0.0001335355,0.0006676775,0
2125.0,2130.0,2127.5,0.00011043814,0.0005521907,0
2130.0,2135.0,2132.5,9.308354e-05,0.0004654177,0
2135.0,2140.0,2137.5,0.0001118711,0.00055935551,0
2140.0,2145.0,2142.5,9.073866e-05,0.0004536933,0
2145.0,2150.0,2147.5,0.00011358158,0.0005679079,0
2150.0,2155.0,2152.5,0.00012776994,0.0006388497,0
2155.0,2160.0,2157.5,0.00010356116,0.0005178058,0
2160.0,2165.0,2162.5,0.00012634332,0.0006317166,0
2165.0,2170.0,2167.5,0.00011493356,0.0005746678,0
2170.0,2175.0,2172.5,0.00011320572,0.0005660286,0
2175.0,2180.0,2177.5,0.00012669736,0.0006334868,0
2180.0,2185.0,2182.5,0.0001380253,0.0006901265,0
2185.0,2190.0,2187.5,0.00011476776,0.0005738388,0
2190.0,2195.0,2192.5,0.00010484328,0.0005242164,0
2195.0,2200.0,2197.5,0.00011624766,0.0005812383,0
2200.0,2205.0,2202.5,0.00014359562,0.0007179781,0
2205.0,2210.0,2207.5,0.00011939122,0.0005969561,0
2210.0,2215.0,2212.5,0.00011502412,0.0005751206,0
2215.0,2220.0,2217.5,0.00011353482,0.0005676741,0
2220.0,2225.0,2222.5,0.00010920094,0.0005460047,0
2225.0,2230.0,2227.5,0.00012224132,0.0006112066,0
2230.0,2235.0,2232.5,0.00010945584,0.0005472792,0
2235.0,2240.0,2237.5,0.00010487802,0.0005243901,0
2240.0,2245.0,2242.5,9.363592e-05,0.0004681796,0
2245.0,2250.0,2247.5,0.00012760318,0.0006380159,0
2250.0,2255.0,2252.5,0.00011048068,0.0005524034,0
2255.0,2260.0,2257.5,0.0001108294,0.000554147,0
2260.0,2265.0,2262.5,0.00011784992,0.0005892496,0
2265.0,2270.0,2267.5,0.00011344404,0.0005672202,0
2270.0,2275.0,2272.5,9.05341e-05,0.0004526705,0
2275.0,2280.0,2277.5,0.00014654342,0.0007327171,0
2280.0,2285.0,2282.5,0.0001193714,0.000596857,0
2285.0,2290.0,2287.5,9.755894e-05,0.0004877947,0
2290.0,2295.0,2292.5,0.00012307438,0.0006153719,0
2295.0,2300.0,2297.5,0.00010159076,0.0005079538,0
2300.0,2305.0,2302.5,0.00011610538,0.0005805269,0
2305.0,2310.0,2307.5,9.926678e-05,0.0004963339,0
2310.0,2315.0,2312.5,0.00010631514,0.0005315757,0
2315.0,2320.0,2317.5,0.00012754968,0.0006377484,0
2320.0,2325.0,2322.5,9.067618e-05,0.0004533809,0
2325.0,2330.0,2327.5,0.00012307332,0.0006153666,0
2330.0,2335.0,2332.5,0.00010044672,0.0005022336,0
2335.0,2340.0,2337.5,0.00011487,0.00057435,0
2340.0,2345.0,2342.5,0.00012503406,0.0006251703,0
2345.0,2350.0,2347.5,0.00010614474,0.0005307237,0
2350.0,2355.0,2352.5,0.00012016774,0.0006008387,0
2355.0,2360.0,2357.5,9.874494e-05,0.0004937247,0
2360.0,2365.0,2362.5,9.200868e-05,0.0004600434,0
2365.0,2370.0,2367.5,0.00012491988,0.0006245994,0
2370.0,2375.0,2372.5,9.785458e-05,0.0004892729,0
2375.0,2380.0,2377.5,9.610822e-05,0.0004805411,0
2380.0,2385.0,2382.5,0.00012220286,0.0006110143,0
2385.0,2390.0,2387.5,0.00010456406,0.0005228203,0
2390.0,2395.0,2392.5,0.00011768364,0.0005884182,0
2395.0,2400.0,2397.5,0.00013358316,0.0006679158,0
2400.0,2405.0,2402.5,0.0001133256,0.000566628,0
2405.0,2410.0,2407.5,0.00013087126,0.0006543563,0
2410.0,2415.0,2412.5,0.00010636632,0.0005318316,0
2415.0,2420.0,2417.5,0.00011004636,0.0005502318,0
2420.0,2425.0,2422.5,0.00011606792,0.0005803396,0
2425.0,2430.0,2427.5,0.00012094816,0.0006047408,0
2430.0,2435.0,2432.5,0.00013905488,0.0006952744,0
2435.0,2440.0,2437.5,0.00012949666,0.0006474833,0
2440.0,2445.0,2442.5,0.00010648808,0.0005324404,0
2445.0,2450.0,2447.5,0.00010611962,0.0005305981,0
2450.0,2455.0,2452.5,0.00011079638,0.0005539819,0
2455.0,2460.0,2457.5,0.00011512332,0.0005756166,0
2460.0,2465.0,2462.5,0.0001164026,0.000582013,0
2465.0,2470.0,2467.5,0.00010747868,0.0005373934,0
2470.0,2475.0,2472.5,9.450854e-05,0.0004725427,0
2475.0,2480.0,2477.5,0.00011505772,0.0005752886,0
2480.0,2485.0,2482.5,0.00010757018,0.0005378509,0
2485.0,2490.0,2487.5,0.00011762244,0.0005881122,0
2490.0,2495.0,2492.5,0.00010775418,0.0005387709,0
2495.0,2500.0,2497.5,0.00011206226,0.0005603113,0
2500.0,2505.0,2502.5,0.00011776178,0.0005888089,0
2505.0,2510.0,2507.5,8.91054e-05,0.000445527,0
2510.0,2515.0,2512.5,0.00011455358,0.00057276792,0
2515.0,2520.0,2517.5,8.781666e-05,0.0004390833,0
2520.0,2525.0,2522.5,0.0001218796,0.000609398,0
2525.0,2530.0,2527.5,9.9174e-05,0.00049587,0
2530.0,2535.0,2532.5,8.317166e-05,0.0004158583,0
2535.0,2540.0,2537.5,0.0001090898,0.000545449,0
2540.0,2545.0,2542.5,0.00010624606,0.0005312303,0
2545.0,2550.0,2547.5,9.34231e-05,0.0004671155,0
2550.0,2555.0,2552.5,0.0001092545,0.0005462725,0
2555.0,2560.0,2557.5,0.00011493836,0.0005746918,0
2560.0,2565.0,2562.5,9.622122e-05,0.0004811061,0
2565.0,2570.0,2567.5,9.0368404e-05,0.00045184202,0
2570.0,2575.0,2572.5,0.00011630762,0.0005815381,0
2575.0,2580.0,2577.5,0.00010618598,0.0005309299,0
2580.0,2585.0,2582.5,0.00011325414,0.0005662707,0
2585.0,2590.0,2587.5,0.00010476146,0.0005238073,0
2590.0,2595.0,2592.5,0.00010616764,0.0005308382,0
2595.0,2600.0,2597.5,0.00012302888,0.0006151444,0
2600.0,2605.0,2602.5,9.462864e-05,0.0004731432,0
2605.0,2610.0,2607.5,9.01877e-05,0.0004509385,0
2610.0,2615.0,2612.5,8.471098e-05,0.0004235549,0
2615.0,2620.0,2617.5,0.00011021348,0.0005510674,0
2620.0,2625.0,2622.5,0.00010635984,0.0005317992,0
2625.0,2630.0,2627.5,0.0001062749,0.0005313745,0
2630.0,2635.0,2632.5,0.00010804264,0.0005402132,0
2635.0,2640.0,2637.5,0.00011801444,0.0005900722,0
2640.0,2645.0,2642.5,9.618708e-05,0.0004809354,0
2645.0,2650.0,2647.5,9.634744e-05,0.0004817372,0
2650.0,2655.0,2652.5,9.068384e-05,0.0004534192,0
2655.0,2660.0,2657.5,0.00010928994,0.0005464497,0
2660.0,2665.0,2662.5,0.00010186788,0.0005093394,0
2665.0,2670.0,2667.5,0.00010216792,0.0005108396,0
2670.0,2675.0,2672.5,9.6524e-05,0.00048262,0
2675.0,2680.0,2677.5,9.35403e-05,0.0004677015,0
2680.0,2685.0,2682.5,0.0001020992,0.000510496,0
2685.0,2690.0,2687.5,0.00010362802,0.0005181401,0
2690.0,2695.0,2692.5,0.0001031496,0.000515748,0
2695.0,2700.0,2697.5,9.5766864e-05,0.00047883432,0
2700.0,2705.0,2702.5,0.00010373974,0.0005186987,0
2705.0,2710.0,2707.5,0.00010361514,0.0005180757,0
2710.0,2715.0,2712.5,0.0001020294,0.000510147,0
2715.0,2720.0,2717.5,9.75317e-05,0.0004876585,0
2720.0,2725.0,2722.5,0.0001056106,0.000528053,0
2725.0,2730.0,2727.5,8.3452624e-05,0.00041726312,0
2730.0,2735.0,2732.5,0.0001051822,0.000525911,0
2735.0,2740.0,2737.5,0.00011344182,0.0005672091,0
2740.0,2745.0,2742.5,0.0001052009,0.0005260045,0
2745.0,2750.0,2747.5,9.634196e-05,0.0004817098,0
2750.0,2755.0,2752.5,9.913818e-05,0.0004956909,0
2755.0,2760.0,2757.5,0.00010187774,0.0005093887,0
2760.0,2765.0,2762.5,0.0001035298,0.000517649,0
2765.0,2770.0,2767.5,0.00010312068,0.0005156034,0
2770.0,2775.0,2772.5,9.167832e-05,0.0004583916,0
2775.0,2780.0,2777.5,0.00012781434,0.0006390717,0
2780.0,2785.0,2782.5,0.00012477402,0.0006238701,0
2785.0,2790.0,2787.5,9.370114e-05,0.0004685057,0
2790.0,2795.0,2792.5,9.212436e-05,0.0004606218,0
2795.0,2800.0,2797.5,8.755986e-05,0.0004377993,0
2800.0,2805.0,2802.5,8.478472e-05,0.0004239236,0
2805.0,2810.0,2807.5,0.00010920963,0.00054604814,0
2810.0,2815.0,2812.5,9.1941414e-05,0.00045970707,0
2815.0,2820.0,2817.5,0.00011598814,0.0005799407,0
2820.0,2825.0,2822.5,9.802168e-05,0.0004901084,0
2825.0,2830.0,2827.5,0.000111897,0.000559485,0
2830.0,2835.0,2832.5,0.00011218854,0.0005609427,0
2835.0,2840.0,2837.5,8.794972e-05,0.0004397486,0
2840.0,2845.0,2842.5,0.00010590956,0.0005295478,0
2845.0,2850.0,2847.5,8.762546e-05,0.0004381273,0
2850.0,2855.0,2852.5,7.609954e-05,0.0003804977,0
2855.0,2860.0,2857.5,0.0001006243,0.0005031215,0
2860.0,2865.0,2862.5,0.00010198236,0.0005099118,0
2865.0,2870.0,2867.5,8.908024e-05,0.0004454012,0
2870.0,2875.0,2872.5,0.00011944496,0.0005972248,0
2875.0,2880.0,2877.5,0.00010482414,0.0005241207,0
2880.0,2885.0,2882.5,8.772908e-05,0.0004386454,0
2885.0,2890.0,2887.5,9.939256e-05,0.0004969628,0
2890.0,2895.0,2892.5,0.00010905592,0.0005452796,0
2895.0,2900.0,2897.5,0.00010623604,0.0005311802,0
2900.0,2905.0,2902.5,0.00010611982,0.0005305991,0
2905.0,2910.0,2907.5,0.00012094374,0.0006047187,0
2910.0,2915.0,2912.5,8.91783e-05,0.0004458915,0
2915.0,2920.0,2917.5,8.611756e-05,0.0004305878,0
2920.0,2925.0,2922.5,8.947696e-05,0.0004473848,0
2925.0,2930.0,2927.5,0.00011799758,0.0005899879,0
2930.0,2935.0,2932.5,9.48842e-05,0.000474421,0
2935.0,2940.0,2937.5,0.00011357884,0.0005678942,0
2940.0,2945.0,2942.5,0.00010355966,0.00051779832,0
2945.0,2950.0,2947.5,0.00011047196,0.0005523598,0
2950.0,2955.0,2952.5,9.1723882e-05,0.00045861941,0
2955.0,2960.0,2957.5,0.00010095802,0.0005047901,0
2960.0,2965.0,2962.5,9.038546e-05,0.0004519273,0
2965.0,2970.0,2967.5,9.357178e-05,0.0004678589,0
2970.0,2975.0,2972.5,0.00010914968,0.0005457484,0
2975.0,2980.0,2977.5,0.0001034487,0.0005172435,0
2980.0,2985.0,2982.5,8.7521684e-05,0.00043760842,0
2985.0,2990.0,2987.5,7.7554946e-05,0.00038777473,0
2990.0,2995.0,2992.5,9.199558e-05,0.0004599779,0
2995.0,3000.0,2997.5,7.608284e-05,0.0003804142,0
3000.0,3005.0,3002.5,0.00010759598,0.0005379799,0
3005.0,3010.0,3007.5,9.185248e-05,0.0004592624,0
3010.0,3015.0,3012.5,9.34137e-05,0.0004670685,0
3015.0,3020.0,3017.5,0.00010610082,0.0005305041,0
3020.0,3025.0,3022.5,0.00010200812,0.0005100406,0
3025.0,3030.0,3027.5,7.780274e-05,0.0003890137,0
3030.0,3035.0,3032.5,8.0370362e-05,0.00040185181,0
3035.0,3040.0,3037.5,0.00011912016,0.0005956008,0
3040.0,3045.0,3042.5,0.00010041874,0.0005020937,0
3045.0,3050.0,3047.5,8.060032e-05,0.0004030016,0
3050.0,3055.0,3052.5,7.334988e-05,0.0003667494,0
3055.0,3060.0,3057.5,8.890572e-05,0.0004445286,0
3060.0,3065.0,3062.5,8.0601794e-05,0.00040300897,0
3065.0,3070.0,3067.5,9.637086e-05,0.0004818543,0
3070.0,3075.0,3072.5,9.50792e-05,0.000475396,0
3075.0,3080.0,3077.5,9.91468e-05,0.000495734,0
3080.0,3085.0,3082.5,8.617192e-05,0.0004308596,0
3085.0,3090.0,3087.5,8.188618e-05,0.0004094309,0
3090.0,3095.0,3092.5,8.363632e-05,0.0004181816,0
3095.0,3100.0,3097.5,7.763438e-05,0.0003881719,0
3100.0,3105.0,3102.5,8.492012e-05,0.0004246006,0
3105.0,3110.0,3107.5,9.860308e-05,0.0004930154,0
3110.0,3115.0,3112.5,9.100234e-05,0.0004550117,0
3115.0,3120.0,3117.5,9.9138192e-05,0.00049569096,0
3120.0,3125.0,3122.5,8.484902e-05,0.0004242451,0
3125.0,3130.0,3127.5,8.533284e-05,0.0004266642,0
3130.0,3135.0,3132.5,8.5969918e-05,0.00042984959,0
3135.0,3140.0,3137.5,8.638918e-05,0.0004319459,0
3140.0,3145.0,3142.5,6.313832e-05,0.0003156916,0
3145.0,3150.0,3147.5,0.00010919198,0.0005459599,0
3150.0,3155.0,3152.5,8.882332e-05,0.0004441166,0
3155.0,3160.0,3157.5,7.847154e-05,0.0003923577,0
3160.0,3165.0,3162.5,7.581268e-05,0.0003790634,0
3165.0,3170.0,3167.5,7.459652e-05,0.0003729826,0
3170.0,3175.0,3172.5,8.051176e-05,0.0004025588,0
3175.0,3180.0,3177.5,8.008404e-05,0.0004004202,0
3180.0,3185.0,3182.5,8.910398e-05,0.0004455199,0
3185.0,3190.0,3187.5,8.939346e-05,0.0004469673,0
3190.0,3195.0,3192.5,7.4622762e-05,0.00037311381,0
3195.0,3200.0,3197.5,7.471598e-05,0.0003735799,0
3200.0,3205.0,3202.5,9.503922e-05,0.0004751961,0
3205.0,3210.0,3207.5,8.759686e-05,0.0004379843,0
3210.0,3215.0,3212.5,9.064866e-05,0.0004532433,0
3215.0,3220.0,3217.5,9.33866e-05,0.000466933,0
3220.0,3225.0,3222.5,7.50598e-05,0.000375299,0
3225.0,3230.0,3227.5,0.00010336006,0.0005168003,0
3230.0,3235.0,3232.5,6.479262e-05,0.0003239631,0
3235.0,3240.0,3237.5,9.906202e-05,0.0004953101,0
3240.0,3245.0,3242.5,9.775826e-05,0.0004887913,0
3245.0,3250.0,3247.5,9.889708e-05,0.0004944854,0
3250.0,3255.0,3252.5,7.76196e-05,0.000388098,0
3255.0,3260.0,3257.5,8.462562e-05,0.0004231281,0
3260.0,3265.0,3262.5,9.917354e-05,0.0004958677,0
3265.0,3270.0,3267.5,8.471372e-05,0.0004235686,0
3270.0,3275.0,3272.5,8.897376e-05,0.0004448688,0
3275.0,3280.0,3277.5,9.621052e-05,0.0004810526,0
3280.0,3285.0,3282.5,7.0254328e-05,0.00035127164,0
3285.0,3290.0,3287.5,7.757686e-05,0.0003878843,0
3290.0,3295.0,3292.5,8.615976e-05,0.0004307988,0
3295.0,3300.0,3297.5,0.0001263045,0.0006315225,0
3300.0,3305.0,3302.5,8.48445e-05,0.0004242225,0
3305.0,3310.0,3307.5,8.616344e-05,0.0004308172,0
3310.0,3315.0,3312.5,0.00010610882,0.0005305441,0
3315.0,3320.0,3317.5,8.038184e-05,0.0004019092,0
3320.0,3325.0,3322.5,7.75563e-05,0.0003877815,0
3325.0,3330.0,3327.5,7.440048e-05,0.0003720024,0
3330.0,3335.0,3332.5,0.00011316464,0.0005658232,0
3335.0,3340.0,3337.5,0.00010064112,0.0005032056,0
3340.0,3345.0,3342.5,8.773994e-05,0.0004386997,0
3345.0,3350.0,3347.5,8.771808e-05,0.0004385904,0
3350.0,3355.0,3352.5,0.00010055246,0.0005027623,0
3355.0,3360.0,3357.5,8.2184036e-05,0.00041092018,0
3360.0,3365.0,3362.5,0.00010738238,0.0005369119,0
3365.0,3370.0,3367.5,8.020528e-05,0.0004010264,0
3370.0,3375.0,3372.5,7.183724e-05,0.0003591862,0
3375.0,3380.0,3377.5,8.5079132e-05,0.00042539566,0
3380.0,3385.0,3382.5,8.509634e-05,0.0004254817,0
3385.0,3390.0,3387.5,8.903982e-05,0.0004451991,0
3390.0,3395.0,3392.5,9.507724e-05,0.0004753862,0
3395.0,3400.0,3397.5,5.880714e-05,0.0002940357,0
3400.0,3405.0,3402.5,8.178392e-05,0.0004089196,0
3405.0,3410.0,3407.5,8.589574e-05,0.0004294787,0
3410.0,3415.0,3412.5,8.60881e-05,0.0004304405,0
3415.0,3420.0,3417.5,8.358752e-05,0.0004179376,0
3420.0,3425.0,3422.5,0.00010659276,0.0005329638,0
3425.0,3430.0,3427.5,7.0755628e-05,0.00035377814,0
3430.0,3435.0,3432.5,7.7802156e-05,0.00038901078,0
3435.0,3440.0,3437.5,9.20364e-05,0.000460182,0
3440.0,3445.0,3442.5,8.170386e-05,0.0004085193,0
3445.0,3450.0,3447.5,8.350908e-05,0.0004175454,0
3450.0,3455.0,3452.5,7.185856e-05,0.0003592928,0
3455.0,3460.0,3457.5,8.337e-05,0.00041685,0
3460.0,3465.0,3462.5,9.032582e-05,0.0004516291,0
3465.0,3470.0,3467.5,7.303308e-05,0.0003651654,0
3470.0,3475.0,3472.5,8.053384e-05,0.0004026692,0
3475.0,3480.0,3477.5,9.7298844e-05,0.00048649422,0
3480.0,3485.0,3482.5,7.5921288e-05,0.00037960644,0
3485.0,3490.0,3487.5,8.309546e-05,0.0004154773,0
3490.0,3495.0,3492.5,8.727868e-05,0.0004363934,0
3495.0,3500.0,3497.5,7.6295088e-05,0.00038147544,0
3500.0,3505.0,3502.5,7.4694888e-05,0.00037347444,0
3505.0,3510.0,3507.5,6.041776e-05,0.0003020888,0
3510.0,3515.0,3512.5,8.310624e-05,0.0004155312,0
3515.0,3520.0,3517.5,0.00010588622,0.0005294311,0
3520.0,3525.0,3522.5,6.906816e-05,0.0003453408,0
3525.0,3530.0,3527.5,7.49503e-05,0.0003747515,0
3530.0,3535.0,3532.5,9.46729e-05,0.0004733645,0
3535.0,3540.0,3537.5,7.9395032e-05,0.00039697516,0
3540.0,3545.0,3542.5,6.9122138e-05,0.00034561069,0
3545.0,3550.0,3547.5,8.625106e-05,0.0004312553,0
3550.0,3555.0,3552.5,6.89961e-05,0.0003449805,0
3555.0,3560.0,3557.5,8.357246e-05,0.0004178623,0
3560.0,3565.0,3562.5,0.00011091564,0.0005545782,0
3565.0,3570.0,3567.5,6.468862e-05,0.0003234431,0
3570.0,3575.0,3572.5,8.331822e-05,0.0004165911,0
3575.0,3580.0,3577.5,8.192274e-05,0.0004096137,0
3580.0,3585.0,3582.5,6.60276e-05,0.000330138,0
3585.0,3590.0,3587.5,7.895666e-05,0.0003947833,0
3590.0,3595.0,3592.5,9.330348e-05,0.0004665174,0
3595.0,3600.0,3597.5,6.575076e-05,0.0003287538,0
3600.0,3605.0,3602.5,8.473244e-05,0.0004236622,0
3605.0,3610.0,3607.5,7.471248e-05,0.0003735624,0
3610.0,3615.0,3612.5,7.347662e-05,0.0003673831,0
3615.0,3620.0,3617.5,7.604388e-05,0.0003802194,0
3620.0,3625.0,3622.5,8.3499918e-05,0.00041749959,0
3625.0,3630.0,3627.5,8.872162e-05,0.0004436081,0
3630.0,3635.0,3632.5,7.026284e-05,0.0003513142,0
3635.0,3640.0,3637.5,7.65227e-05,0.0003826135,0
3640.0,3645.0,3642.5,8.30776e-05,0.000415388,0
3645.0,3650.0,3647.5,8.0357738e-05,0.00040178869,0
3650.0,3655.0,3652.5,6.329352e-05,0.0003164676,0
3655.0,3660.0,3657.5,9.060464e-05,0.0004530232,0
3660.0,3665.0,3662.5,6.46385e-05,0.0003231925,0
3665.0,3670.0,3667.5,7.894878e-05,0.0003947439,0
3670.0,3675.0,3672.5,7.763086e-05,0.0003881543,0
3675.0,3680.0,3677.5,6.8802242e-05,0.00034401121,0
3680.0,3685.0,3682.5,9.05928e-05,0.000452964,0
3685.0,3690.0,3687.5,7.3426094e-05,0.00036713047,0
3690.0,3695.0,3692.5,7.76526e-05,0.000388263,0
3695.0,3700.0,3697.5,8.629938e-05,0.0004314969,0
3700.0,3705.0,3702.5,7.33251e-05,0.0003666255,0
3705.0,3710.0,3707.5,8.3560448e-05,0.00041780224,0
3710.0,3715.0,3712.5,6.7392134e-05,0.00033696067,0
3715.0,3720.0,3717.5,6.637784e-05,0.0003318892,0
3720.0,3725.0,3722.5,8.469148e-05,0.0004234574,0
3725.0,3730.0,3727.5,9.166178e-05,0.0004583089,0
3730.0,3735.0,3732.5,8.75919e-05,0.0004379595,0
3735.0,3740.0,3737.5,6.3221828e-05,0.00031610914,0
3740.0,3745.0,3742.5,7.192352e-05,0.0003596176,0
3745.0,3750.0,3747.5,8.003026e-05,0.0004001513,0
3750.0,3755.0,3752.5,7.017642e-05,0.0003508821,0
3755.0,3760.0,3757.5,6.0371864e-05,0.00030185932,0
3760.0,3765.0,3762.5,7.90968e-05,0.000395484,0
3765.0,3770.0,3767.5,9.098062e-05,0.0004549031,0
3770.0,3775.0,3772.5,7.515974e-05,0.0003757987,0
3775.0,3780.0,3777.5,6.9118618e-05,0.00034559309,0
3780.0,3785.0,3782.5,8.77815e-05,0.0004389075,0
3785.0,3790.0,3787.5,8.484714e-05,0.0004242357,0
3790.0,3795.0,3792.5,9.468278e-05,0.0004734139,0
3795.0,3800.0,3797.5,8.787564e-05,0.0004393782,0
3800.0,3805.0,3802.5,8.891984e-05,0.0004445992,0
3805.0,3810.0,3807.5,8.051094e-05,0.0004025547,0
3810.0,3815.0,3812.5,6.7457484e-05,0.00033728742,0
3815.0,3820.0,3817.5,7.332798e-05,0.0003666399,0
3820.0,3825.0,3822.5,8.0198488e-05,0.00040099244,0
3825.0,3830.0,3827.5,6.5773868e-05,0.00032886934,0
3830.0,3835.0,3832.5,6.190214e-05,0.0003095107,0
3835.0,3840.0,3837.5,7.89619e-05,0.0003948095,0
3840.0,3845.0,3842.5,8.475482e-05,0.0004237741,0
3845.0,3850.0,3847.5,7.026886e-05,0.0003513443,0
3850.0,3855.0,3852.5,9.479544e-05,0.0004739772,0
3855.0,3860.0,3857.5,7.605802e-05,0.0003802901,0
3860.0,3865.0,3862.5,6.935598e-05,0.0003467799,0
3865.0,3870.0,3867.5,7.078456e-05,0.0003539228,0
3870.0,3875.0,3872.5,8.044606e-05,0.0004022303,0
3875.0,3880.0,3877.5,7.78215e-05,0.0003891075,0
3880.0,3885.0,3882.5,6.608584e-05,0.0003304292,0
3885.0,3890.0,3887.5,7.17304e-05,0.000358652,0
3890.0,3895.0,3892.5,8.901e-05,0.00044505,0
3895.0,3900.0,3897.5,7.746808e-05,0.0003873404,0
3900.0,3905.0,3902.5,6.8991264e-05,0.00034495632,0
3905.0,3910.0,3907.5,8.084356e-05,0.0004042178,0
3910.0,3915.0,3912.5,7.031084e-05,0.0003515542,0
3915.0,3920.0,3917.5,7.0176546e-05,0.00035088273,0
3920.0,3925.0,3922.5,6.92775e-05,0.0003463875,0
3925.0,3930.0,3927.5,0.0001079062,0.000539531,0
3930.0,3935.0,3932.5,6.604392e-05,0.0003302196,0
3935.0,3940.0,3937.5,9.035098e-05,0.0004517549,0
3940.0,3945.0,3942.5,6.7404268e-05,0.00033702134,0
3945.0,3950.0,3947.5,7.4494808e-05,0.00037247404,0
3950.0,3955.0,3952.5,7.898272e-05,0.0003949136,0
3955.0,3960.0,3957.5,0.00010208214,0.0005104107,0
3960.0,3965.0,3962.5,6.603792e-05,0.0003301896,0
3965.0,3970.0,3967.5,6.7318e-05,0.00033659,0
3970.0,3975.0,3972.5,7.0030248e-05,0.00035015124,0
3975.0,3980.0,3977.5,7.4632024e-05,0.00037316012,0
3980.0,3985.0,3982.5,7.887682e-05,0.0003943841,0
3985.0,3990.0,3987.5,8.630664e-05,0.0004315332,0
3990.0,3995.0,3992.5,7.036364e-05,0.0003518182,0
3995.0,4000.0,3997.5,5.887038e-05,0.0002943519,0
4000.0,4005.0,4002.5,7.146564e-05,0.0003573282,0
4005.0,4010.0,4007.5,6.3116672e-05,0.00031558336,0
4010.0,4015.0,4012.5,8.7446558e-05,0.00043723279,0
4015.0,4020.0,4017.5,8.931234e-05,0.0004465617,0
4020.0,4025.0,4022.5,5.7345696e-05,0.00028672848,0
4025.0,4030.0,4027.5,7.339766e-05,0.0003669883,0
4030.0,4035.0,4032.5,7.789732e-05,0.0003894866,0
4035.0,4040.0,4037.5,9.480304e-05,0.0004740152,0
4040.0,4045.0,4042.5,6.332312e-05,0.0003166156,0
4045.0,4050.0,4047.5,7.1964584e-05,0.00035982292,0
4050.0,4055.0,4052.5,7.735086e-05,0.0003867543,0
4055.0,4060.0,4057.5,9.343874e-05,0.0004671937,0
4060.0,4065.0,4062.5,8.58326e-05,0.000429163,0
4065.0,4070.0,4067.5,7.9191994e-05,0.00039595997,0
4070.0,4075.0,4072.5,7.0621504e-05,0.00035310752,0
4075.0,4080.0,4077.5,7.729272e-05,0.0003864636,0
4080.0,4085.0,4082.5,7.911792e-05,0.0003955896,0
4085.0,4090.0,4087.5,7.17462e-05,0.000358731,0
4090.0,4095.0,4092.5,6.8833928e-05,0.00034416964,0
4095.0,4100.0,4097.5,6.028534e-05,0.0003014267,0
4100.0,4105.0,4102.5,7.357434e-05,0.0003678717,0
4105.0,4110.0,4107.5,6.6186952e-05,0.00033093476,0
4110.0,4115.0,4112.5,5.886602e-05,0.0002943301,0
4115.0,4120.0,4117.5,8.211678e-05,0.0004105839,0
4120.0,4125.0,4122.5,6.870376e-05,0.0003435188,0
4125.0,4130.0,4127.5,6.32503e-05,0.0003162515,0
4130.0,4135.0,4132.5,7.1929224e-05,0.00035964612,0
4135.0,4140.0,4137.5,6.762692e-05,0.0003381346,0
4140.0,4145.0,4142.5,5.58116e-05,0.000279058,0
4145.0,4150.0,4147.5,6.47089e-05,0.0003235445,0
4150.0,4155.0,4152.5,4.6240794e-05,0.00023120397,0
4155.0,4160.0,4157.5,6.4669678e-05,0.00032334839,0
4160.0,4165.0,4162.5,8.22731e-05,0.0004113655,0
4165.0,4170.0,4167.5,6.7544064e-05,0.00033772032,0
4170.0,4175.0,4172.5,6.902984e-05,0.0003451492,0
4175.0,4180.0,4177.5,7.8980168e-05,0.00039490084,0
4180.0,4185.0,4182.5,6.913248e-05,0.0003456624,0
4185.0,4190.0,4187.5,5.751508e-05,0.0002875754,0
4190.0,4195.0,4192.5,5.4566664e-05,0.00027283332,0
4195.0,4200.0,4197.5,7.0576964e-05,0.00035288482,0
4200.0,4205.0,4202.5,6.4888368e-05,0.00032444184,0
4205.0,4210.0,4207.5,7.02002e-05,0.000351001,0
4210.0,4215.0,4212.5,6.8841772e-05,0.00034420886,0
4215.0,4220.0,4217.5,6.753136e-05,0.0003376568,0
4220.0,4225.0,4222.5,6.637474e-05,0.0003318737,0
4225.0,4230.0,4227.5,8.472832e-05,0.0004236416,0
4230.0,4235.0,4232.5,7.913152e-05,0.0003956576,0
4235.0,4240.0,4237.5,7.913564e-05,0.0003956782,0
4240.0,4245.0,4242.5,6.18418e-05,0.000309209,0
4245.0,4250.0,4247.5,6.598418e-05,0.0003299209,0
4250.0,4255.0,4252.5,7.45021e-05,0.0003725105,0
4255.0,4260.0,4257.5,9.0782714e-05,0.00045391357,0
4260.0,4265.0,4262.5,7.734188e-05,0.0003867094,0
4265.0,4270.0,4267.5,7.884156e-05,0.0003942078,0
4270.0,4275.0,4272.5,8.3640102e-05,0.00041820051,0
4275.0,4280.0,4277.5,6.04045e-05,0.0003020225,0
4280.0,4285.0,4282.5,8.480524e-05,0.0004240262,0
4285.0,4290.0,4287.5,6.454932e-05,0.0003227466,0
4290.0,4295.0,4292.5,8.182056e-05,0.0004091028,0
4295.0,4300.0,4297.5,8.149972e-05,0.0004074986,0
4300.0,4305.0,4302.5,4.436876e-05,0.0002218438,0
4305.0,4310.0,4307.5,7.890442e-05,0.0003945221,0
4310.0,4315.0,4312.5,5.738652e-05,0.0002869326,0
4315.0,4320.0,4317.5,7.924844e-05,0.0003962422,0
4320.0,4325.0,4322.5,7.76677e-05,0.0003883385,0
4325.0,4330.0,4327.5,6.470174e-05,0.0003235087,0
4330.0,4335.0,4332.5,6.33314e-05,0.000316657,0
4335.0,4340.0,4337.5,6.1941554e-05,0.00030970777,0
4340.0,4345.0,4342.5,6.594856e-05,0.0003297428,0
4345.0,4350.0,4347.5,6.027742e-05,0.0003013871,0
4350.0,4355.0,4352.5,7.165998e-05,0.0003582999,0
4355.0,4360.0,4357.5,8.3274902e-05,0.00041637451,0
4360.0,4365.0,4362.5,7.219792e-05,0.0003609896,0
4365.0,4370.0,4367.5,7.486762e-05,0.0003743381,0
4370.0,4375.0,4372.5,8.050386e-05,0.0004025193,0
4375.0,4380.0,4377.5,7.7918824e-05,0.00038959412,0
4380.0,4385.0,4382.5,6.758834e-05,0.0003379417,0
4385.0,4390.0,4387.5,9.31181e-05,0.0004655905,0
4390.0,4395.0,4392.5,4.4529372e-05,0.00022264686,0
4395.0,4400.0,4397.5,6.476356e-05,0.0003238178,0
4400.0,4405.0,4402.5,6.892774e-05,0.0003446387,0
4405.0,4410.0,4407.5,6.303148e-05,0.0003151574,0
4410.0,4415.0,4412.5,7.040292e-05,0.0003520146,0
4415.0,4420.0,4417.5,6.3377496e-05,0.00031688748,0
4420.0,4425.0,4422.5,5.7571452e-05,0.00028785726,0
4425.0,4430.0,4427.5,7.440644e-05,0.0003720322,0
4430.0,4435.0,4432.5,6.600016e-05,0.0003300008,0
4435.0,4440.0,4437.5,6.4571138e-05,0.00032285569,0
4440.0,4445.0,4442.5,4.8748808e-05,0.00024374404,0
4445.0,4450.0,4447.5,6.745252e-05,0.0003372626,0
4450.0,4455.0,4452.5,6.8843122e-05,0.00034421561,0
4455.0,4460.0,4457.5,6.04397e-05,0.0003021985,0
4460.0,4465.0,4462.5,7.6354654e-05,0.00038177327,0
4465.0,4470.0,4467.5,7.755926e-05,0.0003877963,0
4470.0,4475.0,4472.5,6.041064e-05,0.0003020532,0
4475.0,4480.0,4477.5,4.298109e-05,0.00021490545,0
4480.0,4485.0,4482.5,7.328568e-05,0.0003664284,0
4485.0,4490.0,4487.5,7.887188e-05,0.0003943594,0
4490.0,4495.0,4492.5,6.335258e-05,0.0003167629,0
4495.0,4500.0,4497.5,7.057498e-05,0.0003528749,0
4500.0,4505.0,4502.5,5.882424e-05,0.0002941212,0
4505.0,4510.0,4507.5,4.1511024e-05,0.00020755512,0
4510.0,4515.0,4512.5,6.754038e-05,0.0003377019,0
4515.0,4520.0,4517.5,5.3047482e-05,0.00026523741,0
4520.0,4525.0,4522.5,6.769904e-05,0.0003384952,0
4525.0,4530.0,4527.5,6.1939794e-05,0.00030969897,0
4530.0,4535.0,4532.5,5.8913532e-05,0.00029456766,0
4535.0,4540.0,4537.5,6.471906e-05,0.0003235953,0
4540.0,4545.0,4542.5,6.880282e-05,0.0003440141,0
4545.0,4550.0,4547.5,6.7678574e-05,0.00033839287,0
4550.0,4555.0,4552.5,5.8685912e-05,0.00029342956,0
4555.0,4560.0,4557.5,7.1664348e-05,0.00035832174,0
4560.0,4565.0,4562.5,6.3221664e-05,0.00031610832,0
4565.0,4570.0,4567.5,7.4538418e-05,0.00037269209,0
4570.0,4575.0,4572.5,5.027516e-05,0.0002513758,0
4575.0,4580.0,4577.5,6.601238e-05,0.0003300619,0
4580.0,4585.0,4582.5,4.892058e-05,0.0002446029,0
4585.0,4590.0,4587.5,5.899884e-05,0.0002949942,0
4590.0,4595.0,4592.5,7.444856e-05,0.0003722428,0
4595.0,4600.0,4597.5,5.1519744e-05,0.00025759872,0
4600.0,4605.0,4602.5,6.1568746e-05,0.00030784373,0
4605.0,4610.0,4607.5,4.8815e-05,0.000244075,0
4610.0,4615.0,4612.5,6.1999788e-05,0.00030999894,0
4615.0,4620.0,4617.5,5.173738e-05,0.0002586869,0
4620.0,4625.0,4622.5,5.8962678e-05,0.00029481339,0
4625.0,4630.0,4627.5,6.9118908e-05,0.00034559454,0
4630.0,4635.0,4632.5,5.0384898e-05,0.00025192449,0
4635.0,4640.0,4637.5,6.7553478e-05,0.00033776739,0
4640.0,4645.0,4642.5,5.165118e-05,0.0002582559,0
4645.0,4650.0,4647.5,4.8690034e-05,0.00024345017,0
4650.0,4655.0,4652.5,7.316264e-05,0.0003658132,0
4655.0,4660.0,4657.5,5.752662e-05,0.0002876331,0
4660.0,4665.0,4662.5,5.1704424e-05,0.00025852212,0
4665.0,4670.0,4667.5,5.460128e-05,0.0002730064,0
4670.0,4675.0,4672.5,7.3171354e-05,0.00036585677,0
4675.0,4680.0,4677.5,7.617638e-05,0.0003808819,0
4680.0,4685.0,4682.5,4.0172818e-05,0.00020086409,0
4685.0,4690.0,4687.5,5.0292492e-05,0.00025146246,0
4690.0,4695.0,4692.5,8.37019e-05,0.0004185095,0
4695.0,4700.0,4697.5,7.439126e-05,0.0003719563,0
4700.0,4705.0,4702.5,5.8748378e-05,0.00029374189,0
4705.0,4710.0,4707.5,6.4604138e-05,0.00032302069,0
4710.0,4715.0,4712.5,6.1890892e-05,0.00030945446,0
4715.0,4720.0,4717.5,5.5902562e-05,0.00027951281,0
4720.0,4725.0,4722.5,5.6091674e-05,0.00028045837,0
4725.0,4730.0,4727.5,6.0685568e-05,0.00030342784,0
4730.0,4735.0,4732.5,7.1581568e-05,0.00035790784,0
4735.0,4740.0,4737.5,5.6026708e-05,0.00028013354,0
4740.0,4745.0,4742.5,5.8997858e-05,0.00029498929,0
4745.0,4750.0,4747.5,8.336122e-05,0.0004168061,0
4750.0,4755.0,4752.5,6.914536e-05,0.0003457268,0
4755.0,4760.0,4757.5,6.789696e-05,0.0003394848,0
4760.0,4765.0,4762.5,6.4564268e-05,0.00032282134,0
4765.0,4770.0,4767.5,5.0452174e-05,0.00025226087,0
4770.0,4775.0,4772.5,5.4600634e-05,0.00027300317,0
4775.0,4780.0,4777.5,5.0192046e-05,0.00025096023,0
4780.0,4785.0,4782.5,6.605704e-05,0.0003302852,0
4785.0,4790.0,4787.5,6.8678308e-05,0.00034339154,0
4790.0,4795.0,4792.5,4.8775952e-05,0.00024387976,0
4795.0,4800.0,4797.5,7.3277464e-05,0.00036638732,0
4800.0,4805.0,4802.5,4.5912264e-05,0.00022956132,0
4805.0,4810.0,4807.5,6.632202e-05,0.0003316101,0
4810.0,4815.0,4812.5,5.746926e-05,0.0002873463,0
4815.0,4820.0,4817.5,5.0136934e-05,0.00025068467,0
4820.0,4825.0,4822.5,7.929718e-05,0.0003964859,0
4825.0,4830.0,4827.5,8.490248e-05,0.0004245124,0
4830.0,4835.0,4832.5,5.4491632e-05,0.00027245816,0
4835.0,4840.0,4837.5,4.889724e-05,0.0002444862,0
4840.0,4845.0,4842.5,6.1716618e-05,0.00030858309,0
4845.0,4850.0,4847.5,6.3144042e-05,0.00031572021,0
4850.0,4855.0,4852.5,6.73544e-05,0.000336772,0
4855.0,4860.0,4857.5,6.0472204e-05,0.00030236102,0
4860.0,4865.0,4862.5,4.8870086e-05,0.00024435043,0
4865.0,4870.0,4867.5,7.44356e-05,0.000372178,0
4870.0,4875.0,4872.5,4.4386268e-05,0.00022193134,0
4875.0,4880.0,4877.5,6.857874e-05,0.0003428937,0
4880.0,4885.0,4882.5,7.2935004e-05,0.00036467502,0
4885.0,4890.0,4887.5,5.740044e-05,0.0002870022,0
4890.0,4895.0,4892.5,5.75901e-05,0.0002879505,0
4895.0,4900.0,4897.5,7.2052294e-05,0.00036026147,0
4900.0,4905.0,4902.5,5.321596e-05,0.0002660798,0
4905.0,4910.0,4907.5,6.34737e-05,0.0003173685,0
4910.0,4915.0,4912.5,4.8741342e-05,0.00024370671,0
4915.0,4920.0,4917.5,5.6025082e-05,0.00028012541,0
4920.0,4925.0,4922.5,5.3442098e-05,0.00026721049,0
4925.0,4930.0,4927.5,5.6378368e-05,0.00028189184,0
4930.0,4935.0,4932.5,4.6235266e-05,0.00023117633,0
4935.0,4940.0,4937.5,4.2998768e-05,0.00021499384,0
4940.0,4945.0,4942.5,6.1422358e-05,0.00030711179,0
4945.0,4950.0,4947.5,6.0252078e-05,0.00030126039,0
4950.0,4955.0,4952.5,7.145536e-05,0.0003572768,0
4955.0,4960.0,4957.5,6.3234604e-05,0.00031617302,0
4960.0,4965.0,4962.5,4.612802e-05,0.0002306401,0
4965.0,4970.0,4967.5,6.184986e-05,0.0003092493,0
4970.0,4975.0,4972.5,6.0358932e-05,0.00030179466,0
4975.0,4980.0,4977.5,5.442696e-05,0.0002721348,0
4980.0,4985.0,4982.5,5.73983e-05,0.0002869915,0
4985.0,4990.0,4987.5,6.466246e-05,0.0003233123,0
4990.0,4995.0,4992.5,5.623582e-05,0.0002811791,0
4995.0,5000.0,4997.5,5.460302e-05,0.0002730151,0
5000.0,5005.0,5002.5,5.5734584e-05,0.00027867292,0
5005.0,5010.0,5007.5,7.32414e-05,0.000366207,0
5010.0,5015.0,5012.5,6.6136608e-05,0.00033068304,0
5015.0,5020.0,5017.5,6.4588194e-05,0.00032294097,0
5020.0,5025.0,5022.5,4.753308e-05,0.0002376654,0
5025.0,5030.0,5027.5,4.5871868e-05,0.00022935934,0
5030.0,5035.0,5032.5,6.737314e-05,0.0003368657,0
5035.0,5040.0,5037.5,5.4659008e-05,0.00027329504,0
5040.0,5045.0,5042.5,5.983584e-05,0.0002991792,0
5045.0,5050.0,5047.5,5.6055646e-05,0.00028027823,0
5050.0,5055.0,5052.5,5.322282e-05,0.0002661141,0
5055.0,5060.0,5057.5,6.196562e-05,0.0003098281,0
5060.0,5065.0,5062.5,6.1621764e-05,0.00030810882,0
5065.0,5070.0,5067.5,3.8811404e-05,0.00019405702,0
5070.0,5075.0,5072.5,6.8658674e-05,0.00034329337,0
5075.0,5080.0,5077.5,4.3153518e-05,0.00021576759,0
5080.0,5085.0,5082.5,4.4709532e-05,0.00022354766,0
5085.0,5090.0,5087.5,6.1387264e-05,0.00030693632,0
5090.0,5095.0,5092.5,6.3338222e-05,0.00031669111,0
5095.0,5100.0,5097.5,5.4514952e-05,0.00027257476,0
5100.0,5105.0,5102.5,7.92871e-05,0.0003964355,0
5105.0,5110.0,5107.5,4.6054588e-05,0.00023027294,0
5110.0,5115.0,5112.5,5.748654e-05,0.0002874327,0
5115.0,5120.0,5117.5,5.1906172e-05,0.00025953086,0
5120.0,5125.0,5122.5,5.312348e-05,0.0002656174,0
5125.0,5130.0,5127.5,6.168176e-05,0.0003084088,0
5130.0,5135.0,5132.5,5.7566204e-05,0.00028783102,0
5135.0,5140.0,5137.5,5.6129574e-05,0.00028064787,0
5140.0,5145.0,5142.5,6.031722e-05,0.0003015861,0
5145.0,5150.0,5147.5,5.3382794e-05,0.00026691397,0
5150.0,5155.0,5152.5,4.8879414e-05,0.00024439707,0
5155.0,5160.0,5157.5,6.3481262e-05,0.00031740631,0
5160.0,5165.0,5162.5,4.571691e-05,0.00022858455,0
5165.0,5170.0,5167.5,5.8957226e-05,0.00029478613,0
5170.0,5175.0,5172.5,5.050658e-05,0.0002525329,0
5175.0,5180.0,5177.5,5.8785856e-05,0.00029392928,0
5180.0,5185.0,5182.5,4.584384e-05,0.0002292192,0
5185.0,5190.0,5187.5,4.744286e-05,0.0002372143,0
5190.0,5195.0,5192.5,4.9020548e-05,0.00024510274,0
5195.0,5200.0,5197.5,4.303644e-05,0.0002151822,0
5200.0,5205.0,5202.5,6.0673864e-05,0.00030336932,0
5205.0,5210.0,5207.5,5.3056176e-05,0.00026528088,0
5210.0,5215.0,5212.5,6.909482e-05,0.0003454741,0
5215.0,5220.0,5217.5,7.18797e-05,0.0003593985,0
5220.0,5225.0,5222.5,4.8791412e-05,0.00024395706,0
5225.0,5230.0,5227.5,4.8968058e-05,0.00024484029,0
5230.0,5235.0,5232.5,4.888481e-05,0.00024442405,0
5235.0,5240.0,5237.5,5.7343128e-05,0.00028671564,0
5240.0,5245.0,5242.5,5.4806464e-05,0.00027403232,0
5245.0,5250.0,5247.5,5.636858e-05,0.0002818429,0
5250.0,5255.0,5252.5,4.4635494e-05,0.00022317747,0
5255.0,5260.0,5257.5,5.4860464e-05,0.00027430232,0
5260.0,5265.0,5262.5,5.904204e-05,0.0002952102,0
5265.0,5270.0,5267.5,5.050584e-05,0.0002525292,0
5270.0,5275.0,5272.5,4.7434508e-05,0.00023717254,0
5275.0,5280.0,5277.5,4.8786302e-05,0.00024393151,0
5280.0,5285.0,5282.5,4.8810106e-05,0.00024405053,0
5285.0,5290.0,5287.5,7.035138e-05,0.0003517569,0
5290.0,5295.0,5292.5,6.1665722e-05,0.00030832861,0
5295.0,5300.0,5297.5,4.6224566e-05,0.00023112283,0
5300.0,5305.0,5302.5,5.0328172e-05,0.00025164086,0
5305.0,5310.0,5307.5,5.466332e-05,0.0002733166,0
5310.0,5315.0,5312.5,5.299198e-05,0.0002649599,0
5315.0,5320.0,5317.5,5.904238e-05,0.0002952119,0
5320.0,5325.0,5322.5,6.0352614e-05,0.00030176307,0
5325.0,5330.0,5327.5,5.0479608e-05,0.00025239804,0
5330.0,5335.0,5332.5,6.7550688e-05,0.00033775344,0
5335.0,5340.0,5337.5,5.605764e-05,0.0002802882,0
5340.0,5345.0,5342.5,5.457164e-05,0.0002728582,0
5345.0,5350.0,5347.5,5.4580028e-05,0.00027290014,0
5350.0,5355.0,5352.5,4.884718e-05,0.0002442359,0
5355.0,5360.0,5357.5,5.0331044e-05,0.00025165522,0
5360.0,5365.0,5362.5,5.4357094e-05,0.00027178547,0
5365.0,5370.0,5367.5,5.334204e-05,0.0002667102,0
5370.0,5375.0,5372.5,3.04093e-05,0.0001520465,0
5375.0,5380.0,5377.5,5.3154638e-05,0.00026577319,0
5380.0,5385.0,5382.5,4.873354e-05,0.0002436677,0
5385.0,5390.0,5387.5,6.19605e-05,0.0003098025,0
5390.0,5395.0,5392.5,5.8643848e-05,0.00029321924,0
5395.0,5400.0,5397.5,5.3250378e-05,0.00026625189,0
5400.0,5405.0,5402.5,4.7396992e-05,0.00023698496,0
5405.0,5410.0,5407.5,5.206886e-05,0.0002603443,0
5410.0,5415.0,5412.5,5.451506e-05,0.0002725753,0
5415.0,5420.0,5417.5,4.1491762e-05,0.00020745881,0
5420.0,5425.0,5422.5,5.622026e-05,0.0002811013,0
5425.0,5430.0,5427.5,5.4595728e-05,0.00027297864,0
5430.0,5435.0,5432.5,4.7333538e-05,0.00023666769,0
5435.0,5440.0,5437.5,5.4600054e-05,0.00027300027,0
5440.0,5445.0,5442.5,4.624849e-05,0.00023124245,0
5445.0,5450.0,5447.5,5.4669848e-05,0.00027334924,0
5450.0,5455.0,5452.5,4.6126084e-05,0.00023063042,0
5455.0,5460.0,5457.5,6.1766722e-05,0.00030883361,0
5460.0,5465.0,5462.5,5.0262602e-05,0.00025131301,0
5465.0,5470.0,5467.5,5.0512524e-05,0.00025256262,0
5470.0,5475.0,5472.5,6.3056774e-05,0.00031528387,0
5475.0,5480.0,5477.5,5.0254826e-05,0.00025127413,0
5480.0,5485.0,5482.5,6.31547e-05,0.0003157735,0
5485.0,5490.0,5487.5,4.321216e-05,0.0002160608,0
5490.0,5495.0,5492.5,6.3199052e-05,0.00031599526,0
5495.0,5500.0,5497.5,4.5867324e-05,0.00022933662,0
5500.0,5505.0,5502.5,3.4438432e-05,0.00017219216,0
5505.0,5510.0,5507.5,5.739032e-05,0.0002869516,0
5510.0,5515.0,5512.5,6.6220394e-05,0.00033110197,0
5515.0,5520.0,5517.5,4.9003016e-05,0.00024501508,0
5520.0,5525.0,5522.5,3.8712232e-05,0.00019356116,0
5525.0,5530.0,5527.5,6.4774662e-05,0.00032387331,0
5530.0,5535.0,5532.5,3.7310234e-05,0.00018655117,0
5535.0,5540.0,5537.5,6.7822784e-05,0.00033911392,0
5540.0,5545.0,5542.5,5.1684908e-05,0.00025842454,0
5545.0,5550.0,5547.5,3.7449642e-05,0.00018724821,0
5550.0,5555.0,5552.5,5.764426e-05,0.0002882213,0
5555.0,5560.0,5557.5,5.46209e-05,0.0002731045,0
5560.0,5565.0,5562.5,4.7502708e-05,0.00023751354,0
5565.0,5570.0,5567.5,3.6123478e-05,0.00018061739,0
5570.0,5575.0,5572.5,5.607546e-05,0.0002803773,0
5575.0,5580.0,5577.5,5.7813508e-05,0.00028906754,0
5580.0,5585.0,5582.5,4.2932434e-05,0.00021466217,0
5585.0,5590.0,5587.5,5.3047266e-05,0.00026523633,0
5590.0,5595.0,5592.5,5.1639414e-05,0.00025819707,0
5595.0,5600.0,5597.5,4.634665e-05,0.00023173325,0
5600.0,5605.0,5602.5,5.3287588e-05,0.00026643794,0
5605.0,5610.0,5607.5,6.05639e-05,0.0003028195,0
5610.0,5615.0,5612.5,5.768626e-05,0.0002884313,0
5615.0,5620.0,5617.5,5.88335e-05,0.0002941675,0
5620.0,5625.0,5622.5,5.1689614e-05,0.00025844807,0
5625.0,5630.0,5627.5,5.0255132e-05,0.00025127566,0
5630.0,5635.0,5632.5,4.009782e-05,0.0002004891,0
5635.0,5640.0,5637.5,5.5926628e-05,0.00027963314,0
5640.0,5645.0,5642.5,5.1708588e-05,0.00025854294,0
5645.0,5650.0,5647.5,5.4630292e-05,0.00027315146,0
5650.0,5655.0,5652.5,6.049228e-05,0.0003024614,0
5655.0,5660.0,5657.5,3.5788666e-05,0.00017894333,0
5660.0,5665.0,5662.5,7.617248e-05,0.0003808624,0
5665.0,5670.0,5667.5,4.0369678e-05,0.00020184839,0
5670.0,5675.0,5672.5,4.894232e-05,0.0002447116,0
5675.0,5680.0,5677.5,4.752328e-05,0.0002376164,0
5680.0,5685.0,5682.5,5.3185952e-05,0.00026592976,0
5685.0,5690.0,5687.5,5.903584e-05,0.0002951792,0
5690.0,5695.0,5692.5,5.3262444e-05,0.00026631222,0
5695.0,5700.0,5697.5,3.884076e-05,0.0001942038,0
5700.0,5705.0,5702.5,6.0366608e-05,0.00030183304,0
5705.0,5710.0,5707.5,6.333072e-05,0.0003166536,0
5710.0,5715.0,5712.5,4.7145006e-05,0.00023572503,0
5715.0,5720.0,5717.5,5.1912496e-05,0.00025956248,0
5720.0,5725.0,5722.5,6.0387604e-05,0.00030193802,0
5725.0,5730.0,5727.5,3.6040594e-05,0.00018020297,0
5730.0,5735.0,5732.5,4.7346192e-05,0.00023673096,0
5735.0,5740.0,5737.5,3.8670806e-05,0.00019335403,0
5740.0,5745.0,5742.5,5.4517636e-05,0.00027258818,0
5745.0,5750.0,5747.5,5.734514e-05,0.0002867257,0
5750.0,5755.0,5752.5,3.1703794e-05,0.00015851897,0
5755.0,5760.0,5757.5,3.89642e-05,0.000194821,0
5760.0,5765.0,5762.5,4.8851e-05,0.000244255,0
5765.0,5770.0,5767.5,3.8713692e-05,0.00019356846,0
5770.0,5775.0,5772.5,4.164225e-05,0.00020821125,0
5775.0,5780.0,5777.5,3.8812728e-05,0.00019406364,0
5780.0,5785.0,5782.5,6.45493e-05,0.0003227465,0
5785.0,5790.0,5787.5,4.5924906e-05,0.00022962453,0
5790.0,5795.0,5792.5,3.7375946e-05,0.00018687973,0
5795.0,5800.0,5797.5,6.1833682e-05,0.00030916841,0
5800.0,5805.0,5802.5,3.1662016e-05,0.00015831008,0
5805.0,5810.0,5807.5,6.175678e-05,0.0003087839,0
5810.0,5815.0,5812.5,5.0373654e-05,0.00025186827,0
5815.0,5820.0,5817.5,4.872396e-05,0.0002436198,0
5820.0,5825.0,5822.5,6.7906032e-05,0.00033953016,0
5825.0,5830.0,5827.5,4.73864e-05,0.000236932,0
5830.0,5835.0,5832.5,5.02737e-05,0.0002513685,0
5835.0,5840.0,5837.5,5.3319776e-05,0.00026659888,0
5840.0,5845.0,5842.5,4.7526572e-05,0.00023763286,0
5845.0,5850.0,5847.5,3.8572158e-05,0.00019286079,0
5850.0,5855.0,5852.5,4.8857848e-05,0.00024428924,0
5855.0,5860.0,5857.5,3.8532458e-05,0.00019266229,0
5860.0,5865.0,5862.5,4.7467962e-05,0.00023733981,0
5865.0,5870.0,5867.5,5.0644392e-05,0.00025322196,0
5870.0,5875.0,5872.5,5.6350304e-05,0.00028175152,0
5875.0,5880.0,5877.5,5.035328e-05,0.0002517664,0
5880.0,5885.0,5882.5,3.7606328e-05,0.00018803164,0
5885.0,5890.0,5887.5,6.2001966e-05,0.00031000983,0
5890.0,5895.0,5892.5,4.350164e-05,0.0002175082,0
5895.0,5900.0,5897.5,3.7418768e-05,0.00018709384,0
5900.0,5905.0,5902.5,7.308146e-05,0.0003654073,0
5905.0,5910.0,5907.5,4.4508088e-05,0.00022254044,0
5910.0,5915.0,5912.5,3.162166e-05,0.0001581083,0
5915.0,5920.0,5917.5,4.7443552e-05,0.00023721776,0
5920.0,5925.0,5922.5,5.33166e-05,0.000266583,0
5925.0,5930.0,5927.5,4.1499308e-05,0.00020749654,0
5930.0,5935.0,5932.5,3.4555778e-05,0.00017277889,0
5935.0,5940.0,5937.5,4.303534e-05,0.0002151767,0
5940.0,5945.0,5942.5,5.0609788e-05,0.00025304894,0
5945.0,5950.0,5947.5,3.5767918e-05,0.00017883959,0
5950.0,5955.0,5952.5,3.7532926e-05,0.00018766463,0
5955.0,5960.0,5957.5,5.0148808e-05,0.00025074404,0
5960.0,5965.0,5962.5,3.7300268e-05,0.00018650134,0
5965.0,5970.0,5967.5,4.1603144e-05,0.00020801572,0
5970.0,5975.0,5972.5,6.0365584e-05,0.00030182792,0
5975.0,5980.0,5977.5,5.465778e-05,0.0002732889,0
5980.0,5985.0,5982.5,4.18576e-05,0.000209288,0
5985.0,5990.0,5987.5,3.7363692e-05,0.00018681846,0
5990.0,5995.0,5992.5,5.612616e-05,0.0002806308,0
5995.0,6000.0,5997.5,4.87178e-05,0.000243589,0
6000.0,6005.0,6002.5,4.1684702e-05,0.00020842351,0
6005.0,6010.0,6007.5,4.874794e-05,0.0002437397,0
6010.0,6015.0,6012.5,4.8963572e-05,0.00024481786,0
6015.0,6020.0,6017.5,4.7345e-05,0.000236725,0
6020.0,6025.0,6022.5,4.1679484e-05,0.00020839742,0
6025.0,6030.0,6027.5,4.4555988e-05,0.00022277994,0
6030.0,6035.0,6032.5,4.8718654e-05,0.00024359327,0
6035.0,6040.0,6037.5,5.0499624e-05,0.00025249812,0
6040.0,6045.0,6042.5,4.4407768e-05,0.00022203884,0
6045.0,6050.0,6047.5,3.3303546e-05,0.00016651773,0
6050.0,6055.0,6052.5,4.7836464e-05,0.00023918232,0
6055.0,6060.0,6057.5,4.182618e-05,0.0002091309,0
6060.0,6065.0,6062.5,4.588464e-05,0.0002294232,0
6065.0,6070.0,6067.5,4.1625014e-05,0.00020812507,0
6070.0,6075.0,6072.5,3.871359e-05,0.00019356795,0
6075.0,6080.0,6077.5,4.3261412e-05,0.00021630706,0
6080.0,6085.0,6082.5,4.0265966e-05,0.00020132983,0
6085.0,6090.0,6087.5,3.5934478e-05,0.00017967239,0
6090.0,6095.0,6092.5,5.30535e-05,0.0002652675,0
6095.0,6100.0,6097.5,4.447356e-05,0.0002223678,0
6100.0,6105.0,6102.5,4.7656544e-05,0.00023828272,0
6105.0,6110.0,6107.5,5.4619122e-05,0.00027309561,0
6110.0,6115.0,6112.5,5.8874722e-05,0.00029437361,0
6115.0,6120.0,6117.5,4.7321796e-05,0.00023660898,0
6120.0,6125.0,6122.5,4.025454e-05,0.0002012727,0
6125.0,6130.0,6127.5,4.9094718e-05,0.00024547359,0
6130.0,6135.0,6132.5,5.163812e-05,0.0002581906,0
6135.0,6140.0,6137.5,3.7455398e-05,0.00018727699,0
6140.0,6145.0,6142.5,2.9015058e-05,0.00014507529,0
6145.0,6150.0,6147.5,4.2985776e-05,0.00021492888,0
6150.0,6155.0,6152.5,4.7169216e-05,0.00023584608,0
6155.0,6160.0,6157.5,5.7515562e-05,0.00028757781,0
6160.0,6165.0,6162.5,3.903654e-05,0.0001951827,0
6165.0,6170.0,6167.5,4.465674e-05,0.0002232837,0
6170.0,6175.0,6172.5,4.1403882e-05,0.00020701941,0
6175.0,6180.0,6177.5,4.185811e-05,0.00020929055,0
6180.0,6185.0,6182.5,3.8904904e-05,0.00019452452,0
6185.0,6190.0,6187.5,4.0290882e-05,0.00020145441,0
6190.0,6195.0,6192.5,4.155869e-05,0.00020779345,0
6195.0,6200.0,6197.5,4.0134484e-05,0.00020067242,0
6200.0,6205.0,6202.5,4.3077218e-05,0.00021538609,0
6205.0,6210.0,6207.5,4.2996042e-05,0.00021498021,0
6210.0,6215.0,6212.5,4.3047532e-05,0.00021523766,0
6215.0,6220.0,6217.5,4.4308978e-05,0.00022154489,0
6220.0,6225.0,6222.5,2.8639576e-05,0.00014319788,0
6225.0,6230.0,6227.5,4.7354416e-05,0.00023677208,0
6230.0,6235.0,6232.5,5.7154124e-05,0.00028577062,0
6235.0,6240.0,6237.5,4.0241478e-05,0.00020120739,0
6240.0,6245.0,6242.5,5.3312784e-05,0.00026656392,0
6245.0,6250.0,6247.5,4.905614e-05,0.0002452807,0
6250.0,6255.0,6252.5,5.459132e-05,0.0002729566,0
6255.0,6260.0,6257.5,4.751292e-05,0.0002375646,0
6260.0,6265.0,6262.5,3.590136e-05,0.0001795068,0
6265.0,6270.0,6267.5,4.460886e-05,0.0002230443,0
6270.0,6275.0,6272.5,3.992602e-05,0.0001996301,0
6275.0,6280.0,6277.5,4.1788828e-05,0.00020894414,0
6280.0,6285.0,6282.5,3.3186604e-05,0.00016593302,0
6285.0,6290.0,6287.5,4.8837454e-05,0.00024418727,0
6290.0,6295.0,6292.5,4.896588e-05,0.0002448294,0
6295.0,6300.0,6297.5,4.4544482e-05,0.00022272241,0
6300.0,6305.0,6302.5,3.1609692e-05,0.00015804846,0
6305.0,6310.0,6307.5,3.883056e-05,0.0001941528,0
6310.0,6315.0,6312.5,2.8869904e-05,0.00014434952,0
6315.0,6320.0,6317.5,5.0249638e-05,0.00025124819,0
6320.0,6325.0,6322.5,4.7470272e-05,0.00023735136,0
6325.0,6330.0,6327.5,5.869604e-05,0.0002934802,0
6330.0,6335.0,6332.5,4.3162368e-05,0.00021581184,0
6335.0,6340.0,6337.5,4.4628684e-05,0.00022314342,0
6340.0,6345.0,6342.5,6.041094e-05,0.0003020547,0
6345.0,6350.0,6347.5,3.7398074e-05,0.00018699037,0
6350.0,6355.0,6352.5,3.6213222e-05,0.00018106611,0
6355.0,6360.0,6357.5,3.3099536e-05,0.00016549768,0
6360.0,6365.0,6362.5,5.036166e-05,0.0002518083,0
6365.0,6370.0,6367.5,4.015016e-05,0.0002007508,0
6370.0,6375.0,6372.5,4.4395744e-05,0.00022197872,0
6375.0,6380.0,6377.5,5.7577784e-05,0.00028788892,0
6380.0,6385.0,6382.5,5.3265718e-05,0.00026632859,0
6385.0,6390.0,6387.5,5.8794592e-05,0.00029397296,0
6390.0,6395.0,6392.5,5.0400634e-05,0.00025200317,0
6395.0,6400.0,6397.5,5.1877494e-05,0.00025938747,0
6400.0,6405.0,6402.5,5.327844e-05,0.0002663922,0
6405.0,6410.0,6407.5,4.0472176e-05,0.00020236088,0
6410.0,6415.0,6412.5,4.7323148e-05,0.00023661574,0
6415.0,6420.0,6417.5,4.441426e-05,0.0002220713,0
6420.0,6425.0,6422.5,3.7427748e-05,0.00018713874,0
6425.0,6430.0,6427.5,4.8900838e-05,0.00024450419,0
6430.0,6435.0,6432.5,5.0086388e-05,0.00025043194,0
6435.0,6440.0,6437.5,4.7295466e-05,0.00023647733,0
6440.0,6445.0,6442.5,4.160376e-05,0.0002080188,0
6445.0,6450.0,6447.5,3.8808572e-05,0.00019404286,0
6450.0,6455.0,6452.5,4.7333228e-05,0.00023666614,0
6455.0,6460.0,6457.5,3.7232238e-05,0.00018616119,0
6460.0,6465.0,6462.5,5.6285722e-05,0.00028142861,0
6465.0,6470.0,6467.5,4.6053132e-05,0.00023026566,0
6470.0,6475.0,6472.5,3.4532118e-05,0.00017266059,0
6475.0,6480.0,6477.5,3.4664868e-05,0.00017332434,0
6480.0,6485.0,6482.5,3.7221254e-05,0.00018610627,0
6485.0,6490.0,6487.5,3.1654228e-05,0.00015827114,0
6490.0,6495.0,6492.5,3.3190124e-05,0.00016595062,0
6495.0,6500.0,6497.5,4.1625372e-05,0.00020812686,0
6500.0,6505.0,6502.5,3.3032374e-05,0.00016516187,0
6505.0,6510.0,6507.5,2.7380892e-05,0.00013690446,0
6510.0,6515.0,6512.5,3.8979698e-05,0.00019489849,0
6515.0,6520.0,6517.5,5.034118e-05,0.0002517059,0
6520.0,6525.0,6522.5,4.5724172e-05,0.00022862086,0
6525.0,6530.0,6527.5,4.1890132e-05,0.00020945066,0
6530.0,6535.0,6532.5,4.3260158e-05,0.00021630079,0
6535.0,6540.0,6537.5,3.5989788e-05,0.00017994894,0
6540.0,6545.0,6542.5,3.0390984e-05,0.00015195492,0
6545.0,6550.0,6547.5,4.0215602e-05,0.00020107801,0
6550.0,6555.0,6552.5,3.020521e-05,0.00015102605,0
6555.0,6560.0,6557.5,4.328406e-05,0.0002164203,0
6560.0,6565.0,6562.5,3.4361364e-05,0.00017180682,0
6565.0,6570.0,6567.5,3.6093988e-05,0.00018046994,0
6570.0,6575.0,6572.5,5.471172e-05,0.0002735586,0
6575.0,6580.0,6577.5,5.0196848e-05,0.00025098424,0
6580.0,6585.0,6582.5,3.605237e-05,0.00018026185,0
6585.0,6590.0,6587.5,4.441692e-05,0.0002220846,0
6590.0,6595.0,6592.5,3.5865244e-05,0.00017932622,0
6595.0,6600.0,6597.5,4.1959328e-05,0.00020979664,0
6600.0,6605.0,6602.5,4.4567728e-05,0.00022283864,0
6605.0,6610.0,6607.5,4.9052064e-05,0.00024526032,0
6610.0,6615.0,6612.5,4.3073622e-05,0.00021536811,0
6615.0,6620.0,6617.5,4.4601834e-05,0.00022300917,0
6620.0,6625.0,6622.5,3.0348608e-05,0.00015174304,0
6625.0,6630.0,6627.5,3.4425868e-05,0.00017212934,0
6630.0,6635.0,6632.5,4.157295e-05,0.00020786475,0
6635.0,6640.0,6637.5,4.175424e-05,0.0002087712,0
6640.0,6645.0,6642.5,5.170594e-05,0.0002585297,0
6645.0,6650.0,6647.5,3.1629644e-05,0.00015814822,0
6650.0,6655.0,6652.5,4.0329438e-05,0.00020164719,0
6655.0,6660.0,6657.5,4.3070228e-05,0.00021535114,0
6660.0,6665.0,6662.5,5.3258664e-05,0.00026629332,0
6665.0,6670.0,6667.5,4.4578592e-05,0.00022289296,0
6670.0,6675.0,6672.5,4.4677912e-05,0.00022338956,0
6675.0,6680.0,6677.5,3.3213736e-05,0.00016606868,0
6680.0,6685.0,6682.5,5.205724e-05,0.0002602862,0
6685.0,6690.0,6687.5,4.9058166e-05,0.00024529083,0
6690.0,6695.0,6692.5,4.0337614e-05,0.00020168807,0
6695.0,6700.0,6697.5,5.1518868e-05,0.00025759434,0
6700.0,6705.0,6702.5,4.9074664e-05,0.00024537332,0
6705.0,6710.0,6707.5,4.1662992e-05,0.00020831496,0
6710.0,6715.0,6712.5,3.7496412e-05,0.00018748206,0
6715.0,6720.0,6717.5,4.0312568e-05,0.00020156284,0
6720.0,6725.0,6722.5,5.1590748e-05,0.00025795374,0
6725.0,6730.0,6727.5,4.6261316e-05,0.00023130658,0
6730.0,6735.0,6732.5,3.892226e-05,0.0001946113,0
6735.0,6740.0,6737.5,5.7411588e-05,0.00028705794,0
6740.0,6745.0,6742.5,3.5862982e-05,0.00017931491,0
6745.0,6750.0,6747.5,3.3167476e-05,0.00016583738,0
6750.0,6755.0,6752.5,4.8859194e-05,0.00024429597,0
6755.0,6760.0,6757.5,6.170266e-05,0.0003085133,0
6760.0,6765.0,6762.5,4.7361548e-05,0.00023680774,0
6765.0,6770.0,6767.5,4.1656848e-05,0.00020828424,0
6770.0,6775.0,6772.5,4.1732212e-05,0.00020866106,0
6775.0,6780.0,6777.5,4.2758264e-05,0.00021379132,0
6780.0,6785.0,6782.5,3.0174018e-05,0.00015087009,0
6785.0,6790.0,6787.5,3.6067224e-05,0.00018033612,0
6790.0,6795.0,6792.5,3.5904496e-05,0.00017952248,0
6795.0,6800.0,6797.5,3.1674544e-05,0.00015837272,0
6800.0,6805.0,6802.5,4.0220568e-05,0.00020110284,0
6805.0,6810.0,6807.5,3.3110432e-05,0.00016555216,0
6810.0,6815.0,6812.5,5.1529524e-05,0.00025764762,0
6815.0,6820.0,6817.5,2.7255922e-05,0.00013627961,0
6820.0,6825.0,6822.5,4.16104e-05,0.000208052,0
6825.0,6830.0,6827.5,4.591274e-05,0.0002295637,0
6830.0,6835.0,6832.5,2.888179e-05,0.00014440895,0
6835.0,6840.0,6837.5,4.4388712e-05,0.00022194356,0
6840.0,6845.0,6842.5,3.8550324e-05,0.00019275162,0
6845.0,6850.0,6847.5,4.1590988e-05,0.00020795494,0
6850.0,6855.0,6852.5,5.0245808e-05,0.00025122904,0
6855.0,6860.0,6857.5,5.448048e-05,0.0002724024,0
6860.0,6865.0,6862.5,3.448942e-05,0.0001724471,0
6865.0,6870.0,6867.5,5.7306272e-05,0.00028653136,0
6870.0,6875.0,6872.5,3.0208224e-05,0.00015104112,0
6875.0,6880.0,6877.5,4.5844768e-05,0.00022922384,0
6880.0,6885.0,6882.5,2.5805996e-05,0.00012902998,0
6885.0,6890.0,6887.5,4.3066768e-05,0.00021533384,0
6890.0,6895.0,6892.5,3.862467e-05,0.00019312335,0
6895.0,6900.0,6897.5,3.2895396e-05,0.00016447698,0
6900.0,6905.0,6902.5,3.3223224e-05,0.00016611612,0
6905.0,6910.0,6907.5,3.897437e-05,0.00019487185,0
6910.0,6915.0,6912.5,3.8769726e-05,0.00019384863,0
6915.0,6920.0,6917.5,4.4565228e-05,0.00022282614,0
6920.0,6925.0,6922.5,3.8850662e-05,0.00019425331,0
6925.0,6930.0,6927.5,3.1641846e-05,0.00015820923,0
6930.0,6935.0,6932.5,3.5801666e-05,0.00017900833,0
6935.0,6940.0,6937.5,5.0428776e-05,0.00025214388,0
6940.0,6945.0,6942.5,4.031288e-05,0.0002015644,0
6945.0,6950.0,6947.5,3.895478e-05,0.0001947739,0
6950.0,6955.0,6952.5,5.0325852e-05,0.00025162926,0
6955.0,6960.0,6957.5,3.1602998e-05,0.00015801499,0
6960.0,6965.0,6962.5,3.158899e-05,0.00015794495,0
6965.0,6970.0,6967.5,2.2901604e-05,0.00011450802,0
6970.0,6975.0,6972.5,4.0260598e-05,0.00020130299,0
6975.0,6980.0,6977.5,4.0134212e-05,0.00020067106,0
6980.0,6985.0,6982.5,3.145697e-05,0.00015728485,0
6985.0,6990.0,6987.5,3.3125204e-05,0.00016562602,0
6990.0,6995.0,6992.5,4.7337674e-05,0.00023668837,0
6995.0,7000.0,6997.5,3.3090512e-05,0.00016545256,0
7000.0,7005.0,7002.5,4.3023818e-05,0.00021511909,0
7005.0,7010.0,7007.5,3.887052e-05,0.0001943526,0
7010.0,7015.0,7012.5,3.1673438e-05,0.00015836719,0
7015.0,7020.0,7017.5,3.3097936e-05,0.00016548968,0
7020.0,7025.0,7022.5,3.4293748e-05,0.00017146874,0
7025.0,7030.0,7027.5,4.1915768e-05,0.00020957884,0
7030.0,7035.0,7032.5,4.459298e-05,0.0002229649,0
7035.0,7040.0,7037.5,2.7458976e-05,0.00013729488,0
7040.0,7045.0,7042.5,3.8568528e-05,0.00019284264,0
7045.0,7050.0,7047.5,4.0305446e-05,0.00020152723,0
7050.0,7055.0,7052.5,3.442072e-05,0.0001721036,0
7055.0,7060.0,7057.5,3.7327488e-05,0.00018663744,0
7060.0,7065.0,7062.5,3.8928024e-05,0.00019464012,0
7065.0,7070.0,7067.5,5.5978514e-05,0.00027989257,0
7070.0,7075.0,7072.5,3.3388468e-05,0.00016694234,0
7075.0,7080.0,7077.5,5.1660242e-05,0.00025830121,0
7080.0,7085.0,7082.5,3.15128e-05,0.000157564,0
7085.0,7090.0,7087.5,3.8893022e-05,0.00019446511,0
7090.0,7095.0,7092.5,4.0163874e-05,0.00020081937,0
7095.0,7100.0,7097.5,4.7307858e-05,0.00023653929,0
7100.0,7105.0,7102.5,3.4555044e-05,0.00017277522,0
7105.0,7110.0,7107.5,3.3279198e-05,0.00016639599,0
7110.0,7115.0,7112.5,2.3015772e-05,0.00011507886,0
7115.0,7120.0,7117.5,3.578756e-05,0.0001789378,0
7120.0,7125.0,7122.5,3.2957276e-05,0.00016478638,0
7125.0,7130.0,7127.5,3.7223714e-05,0.00018611857,0
7130.0,7135.0,7132.5,4.0316152e-05,0.00020158076,0
7135.0,7140.0,7137.5,5.0576594e-05,0.00025288297,0
7140.0,7145.0,7142.5,4.0375352e-05,0.00020187676,0
7145.0,7150.0,7147.5,5.5901208e-05,0.00027950604,0
7150.0,7155.0,7152.5,3.4337958e-05,0.00017168979,0
7155.0,7160.0,7157.5,4.738888e-05,0.0002369444,0
7160.0,7165.0,7162.5,3.009536e-05,0.0001504768,0
7165.0,7170.0,7167.5,4.74911e-05,0.0002374555,0
7170.0,7175.0,7172.5,3.2984944e-05,0.00016492472,0
7175.0,7180.0,7177.5,3.8640006e-05,0.00019320003,0
7180.0,7185.0,7182.5,3.3220752e-05,0.00016610376,0
7185.0,7190.0,7187.5,3.309839e-05,0.00016549195,0
7190.0,7195.0,7192.5,3.7169556e-05,0.00018584778,0
7195.0,7200.0,7197.5,3.8743994e-05,0.00019371997,0
7200.0,7205.0,7202.5,4.753158e-05,0.0002376579,0
7205.0,7210.0,7207.5,5.031786e-05,0.0002515893,0
7210.0,7215.0,7212.5,4.0451884e-05,0.00020225942,0
7215.0,7220.0,7217.5,3.0200734e-05,0.00015100367,0
7220.0,7225.0,7222.5,2.8631448e-05,0.00014315724,0
7225.0,7230.0,7227.5,3.5987336e-05,0.00017993668,0
7230.0,7235.0,7232.5,3.5907694e-05,0.00017953847,0
7235.0,7240.0,7237.5,4.721496e-05,0.0002360748,0
7240.0,7245.0,7242.5,2.8786346e-05,0.00014393173,0
7245.0,7250.0,7247.5,4.588756e-05,0.0002294378,0
7250.0,7255.0,7252.5,3.447968e-05,0.0001723984,0
7255.0,7260.0,7257.5,4.3019012e-05,0.00021509506,0
7260.0,7265.0,7262.5,4.457998e-05,0.0002228999,0
7265.0,7270.0,7267.5,3.7496002e-05,0.00018748001,0
7270.0,7275.0,7272.5,2.8605744e-05,0.00014302872,0
7275.0,7280.0,7277.5,3.1686918e-05,0.00015843459,0
7280.0,7285.0,7282.5,4.1518356e-05,0.00020759178,0
7285.0,7290.0,7287.5,4.900858e-05,0.0002450429,0
7290.0,7295.0,7292.5,4.7451544e-05,0.00023725772,0
7295.0,7300.0,7297.5,3.7459496e-05,0.00018729748,0
7300.0,7305.0,7302.5,3.169917e-05,0.00015849585,0
7305.0,7310.0,7307.5,2.2963688e-05,0.00011481844,0
7310.0,7315.0,7312.5,2.1560408e-05,0.00010780204,0
7315.0,7320.0,7317.5,3.5857174e-05,0.00017928587,0
7320.0,7325.0,7322.5,3.445676e-05,0.0001722838,0
7325.0,7330.0,7327.5,3.1553704e-05,0.00015776852,0
7330.0,7335.0,7332.5,3.3029862e-05,0.00016514931,0
7335.0,7340.0,7337.5,3.3212676e-05,0.00016606338,0
7340.0,7345.0,7342.5,4.7491466e-05,0.00023745733,0
7345.0,7350.0,7347.5,3.0343428e-05,0.00015171714,0
7350.0,7355.0,7352.5,2.7393722e-05,0.00013696861,0
7355.0,7360.0,7357.5,3.2942428e-05,0.00016471214,0
7360.0,7365.0,7362.5,3.1645434e-05,0.00015822717,0
7365.0,7370.0,7367.5,2.4464426e-05,0.00012232213,0
7370.0,7375.0,7372.5,2.9033128e-05,0.00014516564,0
7375.0,7380.0,7377.5,4.9004476e-05,0.00024502238,0
7380.0,7385.0,7382.5,2.7337558e-05,0.00013668779,0
7385.0,7390.0,7387.5,4.3409958e-05,0.00021704979,0
7390.0,7395.0,7392.5,4.0125548e-05,0.00020062774,0
7395.0,7400.0,7397.5,4.2959566e-05,0.00021479783,0
7400.0,7405.0,7402.5,3.1771266e-05,0.00015885633,0
7405.0,7410.0,7407.5,3.0110726e-05,0.00015055363,0
7410.0,7415.0,7412.5,3.3277102e-05,0.00016638551,0
7415.0,7420.0,7417.5,3.471169e-05,0.00017355845,0
7420.0,7425.0,7422.5,4.4348116e-05,0.00022174058,0
7425.0,7430.0,7427.5,3.1775932e-05,0.00015887966,0
7430.0,7435.0,7432.5,4.1905048e-05,0.00020952524,0
7435.0,7440.0,7437.5,2.8755342e-05,0.00014377671,0
7440.0,7445.0,7442.5,3.8984362e-05,0.00019492181,0
7445.0,7450.0,7447.5,2.8487678e-05,0.00014243839,0
7450.0,7455.0,7452.5,3.3234492e-05,0.00016617246,0
7455.0,7460.0,7457.5,3.8847418e-05,0.00019423709,0
7460.0,7465.0,7462.5,3.3102414e-05,0.00016551207,0
7465.0,7470.0,7467.5,3.7330986e-05,0.00018665493,0
7470.0,7475.0,7472.5,3.869994e-05,0.0001934997,0
7475.0,7480.0,7477.5,2.0169544e-05,0.00010084772,0
7480.0,7485.0,7482.5,4.4611914e-05,0.00022305957,0
7485.0,7490.0,7487.5,3.0174472e-05,0.00015087236,0
7490.0,7495.0,7492.5,2.7433862e-05,0.00013716931,0
7495.0,7500.0,7497.5,3.8822016e-05,0.00019411008,0
7500.0,7505.0,7502.5,3.442325e-05,0.00017211625,0
7505.0,7510.0,7507.5,4.0466694e-05,0.00020233347,0
7510.0,7515.0,7512.5,2.7515944e-05,0.00013757972,0
7515.0,7520.0,7517.5,4.1464768e-05,0.00020732384,0
7520.0,7525.0,7522.5,2.1463672e-05,0.00010731836,0
7525.0,7530.0,7527.5,3.2908174e-05,0.00016454087,0
7530.0,7535.0,7532.5,3.154244e-05,0.0001577122,0
7535.0,7540.0,7537.5,2.8666204e-05,0.00014333102,0
7540.0,7545.0,7542.5,3.4491352e-05,0.00017245676,0
7545.0,7550.0,7547.5,4.4417584e-05,0.00022208792,0
7550.0,7555.0,7552.5,2.875588e-05,0.0001437794,0
7555.0,7560.0,7557.5,4.1823294e-05,0.00020911647,0
7560.0,7565.0,7562.5,3.0018134e-05,0.00015009067,0
7565.0,7570.0,7567.5,4.317498e-05,0.0002158749,0
7570.0,7575.0,7572.5,3.6008104e-05,0.00018004052,0
7575.0,7580.0,7577.5,3.1581114e-05,0.00015790557,0
7580.0,7585.0,7582.5,3.0263414e-05,0.00015131707,0
7585.0,7590.0,7587.5,2.8889404e-05,0.00014444702,0
7590.0,7595.0,7592.5,3.3125804e-05,0.00016562902,0
7595.0,7600.0,7597.5,2.7396984e-05,0.00013698492,0
7600.0,7605.0,7602.5,5.035952e-05,0.0002517976,0
7605.0,7610.0,7607.5,4.3102748e-05,0.00021551374,0
7610.0,7615.0,7612.5,2.7320154e-05,0.00013660077,0
7615.0,7620.0,7617.5,2.7366488e-05,0.00013683244,0
7620.0,7625.0,7622.5,3.0384726e-05,0.00015192363,0
7625.0,7630.0,7627.5,2.0150272e-05,0.00010075136,0
7630.0,7635.0,7632.5,4.1710216e-05,0.00020855108,0
7635.0,7640.0,7637.5,4.0521012e-05,0.00020260506,0
7640.0,7645.0,7642.5,3.3185132e-05,0.00016592566,0
7645.0,7650.0,7647.5,3.0298508e-05,0.00015149254,0
7650.0,7655.0,7652.5,3.01945e-05,0.0001509725,0
7655.0,7660.0,7657.5,2.726514e-05,0.0001363257,0
7660.0,7665.0,7662.5,3.8934718e-05,0.00019467359,0
7665.0,7670.0,7667.5,3.5930176e-05,0.00017965088,0
7670.0,7675.0,7672.5,4.030951e-05,0.00020154755,0
7675.0,7680.0,7677.5,2.8929372e-05,0.00014464686,0
7680.0,7685.0,7682.5,3.733364e-05,0.0001866682,0
7685.0,7690.0,7687.5,3.8849374e-05,0.00019424687,0
7690.0,7695.0,7692.5,3.025787e-05,0.00015128935,0
7695.0,7700.0,7697.5,3.7188402e-05,0.00018594201,0
7700.0,7705.0,7702.5,3.3052678e-05,0.00016526339,0
7705.0,7710.0,7707.5,4.319179e-05,0.00021595895,0
7710.0,7715.0,7712.5,4.0271056e-05,0.00020135528,0
7715.0,7720.0,7717.5,3.7259646e-05,0.00018629823,0
7720.0,7725.0,7722.5,4.1464914e-05,0.00020732457,0
7725.0,7730.0,7727.5,3.0324054e-05,0.00015162027,0
7730.0,7735.0,7732.5,3.028191e-05,0.00015140955,0
7735.0,7740.0,7737.5,4.1667874e-05,0.00020833937,0
7740.0,7745.0,7742.5,3.4678228e-05,0.00017339114,0
7745.0,7750.0,7747.5,2.4349072e-05,0.00012174536,0
7750.0,7755.0,7752.5,2.727604e-05,0.0001363802,0
7755.0,7760.0,7757.5,2.728986e-05,0.0001364493,0
7760.0,7765.0,7762.5,3.713832e-05,0.0001856916,0
7765.0,7770.0,7767.5,2.7435458e-05,0.00013717729,0
7770.0,7775.0,7772.5,2.8514822e-05,0.00014257411,0
7775.0,7780.0,7777.5,3.1583024e-05,0.00015791512,0
7780.0,7785.0,7782.5,4.0518786e-05,0.00020259393,0
7785.0,7790.0,7787.5,3.0279818e-05,0.00015139909,0
7790.0,7795.0,7792.5,2.8963924e-05,0.00014481962,0
7795.0,7800.0,7797.5,2.5765058e-05,0.00012882529,0
7800.0,7805.0,7802.5,2.7222214e-05,0.00013611107,0
7805.0,7810.0,7807.5,3.8724032e-05,0.00019362016,0
7810.0,7815.0,7812.5,3.5999434e-05,0.00017999717,0
7815.0,7820.0,7817.5,3.739578e-05,0.0001869789,0
7820.0,7825.0,7822.5,3.1808814e-05,0.00015904407,0
7825.0,7830.0,7827.5,2.7329698e-05,0.00013664849,0
7830.0,7835.0,7832.5,4.0404244e-05,0.00020202122,0
7835.0,7840.0,7837.5,3.5819548e-05,0.00017909774,0
7840.0,7845.0,7842.5,3.5817206e-05,0.00017908603,0
7845.0,7850.0,7847.5,3.1761606e-05,0.00015880803,0
7850.0,7855.0,7852.5,2.6010474e-05,0.00013005237,0
7855.0,7860.0,7857.5,2.577604e-05,0.0001288802,0
7860.0,7865.0,7862.5,4.0309904e-05,0.00020154952,0
7865.0,7870.0,7867.5,2.878976e-05,0.0001439488,0
7870.0,7875.0,7872.5,3.1560382e-05,0.00015780191,0
7875.0,7880.0,7877.5,4.0519706e-05,0.00020259853,0
7880.0,7885.0,7882.5,4.171718e-05,0.0002085859,0
7885.0,7890.0,7887.5,3.8778454e-05,0.00019389227,0
7890.0,7895.0,7892.5,2.5975536e-05,0.00012987768,0
7895.0,7900.0,7897.5,4.8817204e-05,0.00024408602,0
7900.0,7905.0,7902.5,4.019812e-05,0.0002009906,0
7905.0,7910.0,7907.5,3.4476074e-05,0.00017238037,0
7910.0,7915.0,7912.5,3.7504618e-05,0.00018752309,0
7915.0,7920.0,7917.5,3.156604e-05,0.0001578302,0
7920.0,7925.0,7922.5,3.0333722e-05,0.00015166861,0
7925.0,7930.0,7927.5,2.4613432e-05,0.00012306716,0
7930.0,7935.0,7932.5,3.3213318e-05,0.00016606659,0
7935.0,7940.0,7937.5,3.8828804e-05,0.00019414402,0
7940.0,7945.0,7942.5,4.4457982e-05,0.00022228991,0
7945.0,7950.0,7947.5,2.86654e-05,0.000143327,0
7950.0,7955.0,7952.5,2.4447568e-05,0.00012223784,0
7955.0,7960.0,7957.5,2.8638214e-05,0.00014319107,0
7960.0,7965.0,7962.5,3.169094e-05,0.0001584547,0
7965.0,7970.0,7967.5,3.8976632e-05,0.00019488316,0
7970.0,7975.0,7972.5,2.433254e-05,0.0001216627,0
7975.0,7980.0,7977.5,3.4408406e-05,0.00017204203,0
7980.0,7985.0,7982.5,3.290221e-05,0.00016451105,0
7985.0,7990.0,7987.5,3.3132806e-05,0.00016566403,0
7990.0,7995.0,7992.5,3.01625e-05,0.0001508125,0
7995.0,8000.0,7997.5,2.1630706e-05,0.00010815353,0
8000.0,8005.0,8002.5,3.1789346e-05,0.00015894673,0
8005.0,8010.0,8007.5,2.8851616e-05,0.00014425808,0
8010.0,8015.0,8012.5,3.3091646e-05,0.00016545823,0
8015.0,8020.0,8017.5,3.4333922e-05,0.00017166961,0
8020.0,8025.0,8022.5,1.7311756e-05,8.655878e-05,0
8025.0,8030.0,8027.5,3.165065e-05,0.00015825325,0
8030.0,8035.0,8032.5,3.3070544e-05,0.00016535272,0
8035.0,8040.0,8037.5,3.3024692e-05,0.00016512346,0
8040.0,8045.0,8042.5,3.8756418e-05,0.00019378209,0
8045.0,8050.0,8047.5,3.5813564e-05,0.00017906782,0
8050.0,8055.0,8052.5,3.3017902e-05,0.00016508951,0
8055.0,8060.0,8057.5,2.3175416e-05,0.00011587708,0
8060.0,8065.0,8062.5,2.4504842e-05,0.00012252421,0
8065.0,8070.0,8067.5,3.1525458e-05,0.00015762729,0
8070.0,8075.0,8072.5,4.3319508e-05,0.00021659754,0
8075.0,8080.0,8077.5,3.4433882e-05,0.00017216941,0
8080.0,8085.0,8082.5,2.0218862e-05,0.00010109431,0
8085.0,8090.0,8087.5,2.8758044e-05,0.00014379022,0
8090.0,8095.0,8092.5,3.175584e-05,0.0001587792,0
8095.0,8100.0,8097.5,3.7231642e-05,0.00018615821,0
8100.0,8105.0,8102.5,3.7490976e-05,0.00018745488,0
8105.0,8110.0,8107.5,4.0260384e-05,0.00020130192,0
8110.0,8115.0,8112.5,2.5780094e-05,0.00012890047,0
8115.0,8120.0,8117.5,4.027201e-05,0.00020136005,0
8120.0,8125.0,8122.5,3.7619406e-05,0.00018809703,0
8125.0,8130.0,8127.5,2.5786082e-05,0.00012893041,0
8130.0,8135.0,8132.5,2.7529508e-05,0.00013764754,0
8135.0,8140.0,8137.5,3.0051768e-05,0.00015025884,0
8140.0,8145.0,8142.5,1.8548764e-05,9.274382e-05,0
8145.0,8150.0,8147.5,2.8654204e-05,0.00014327102,0
8150.0,8155.0,8152.5,2.7209484e-05,0.00013604742,0
8155.0,8160.0,8157.5,3.6017e-05,0.000180085,0
8160.0,8165.0,8162.5,3.2829078e-05,0.00016414539,0
8165.0,8170.0,8167.5,3.1826384e-05,0.00015913192,0
8170.0,8175.0,8172.5,2.745459e-05,0.00013727295,0
8175.0,8180.0,8177.5,4.0114444e-05,0.00020057222,0
8180.0,8185.0,8182.5,3.1490404e-05,0.00015745202,0
8185.0,8190.0,8187.5,4.008276e-05,0.0002004138,0
8190.0,8195.0,8192.5,3.0240042e-05,0.00015120021,0
8195.0,8200.0,8197.5,3.0083998e-05,0.00015041999,0
8200.0,8205.0,8202.5,3.8712762e-05,0.00019356381,0
8205.0,8210.0,8207.5,3.0152096e-05,0.00015076048,0
8210.0,8215.0,8212.5,2.743875e-05,0.00013719375,0
8215.0,8220.0,8217.5,3.4400276e-05,0.00017200138,0
8220.0,8225.0,8222.5,2.4644056e-05,0.00012322028,0
8225.0,8230.0,8227.5,2.7170736e-05,0.00013585368,0
8230.0,8235.0,8232.5,2.7256406e-05,0.00013628203,0
8235.0,8240.0,8237.5,2.449569e-05,0.00012247845,0
8240.0,8245.0,8242.5,3.7367542e-05,0.00018683771,0
8245.0,8250.0,8247.5,2.1629008e-05,0.00010814504,0
8250.0,8255.0,8252.5,2.8809852e-05,0.00014404926,0
8255.0,8260.0,8257.5,2.8650328e-05,0.00014325164,0
8260.0,8265.0,8262.5,3.160859e-05,0.00015804295,0
8265.0,8270.0,8267.5,2.592726e-05,0.0001296363,0
8270.0,8275.0,8272.5,2.0155518e-05,0.00010077759,0
8275.0,8280.0,8277.5,3.023746e-05,0.0001511873,0
8280.0,8285.0,8282.5,3.0268372e-05,0.00015134186,0
8285.0,8290.0,8287.5,3.7405456e-05,0.00018702728,0
8290.0,8295.0,8292.5,2.2818282e-05,0.00011409141,0
8295.0,8300.0,8297.5,3.175546e-05,0.0001587773,0
8300.0,8305.0,8302.5,1.8591664e-05,9.295832e-05,0
8305.0,8310.0,8307.5,3.8726004e-05,0.00019363002,0
8310.0,8315.0,8312.5,2.8716794e-05,0.00014358397,0
8315.0,8320.0,8317.5,4.0426858e-05,0.00020213429,0
8320.0,8325.0,8322.5,2.3058144e-05,0.00011529072,0
8325.0,8330.0,8327.5,2.576541e-05,0.00012882705,0
8330.0,8335.0,8332.5,2.8790262e-05,0.00014395131,0
8335.0,8340.0,8337.5,2.7373242e-05,0.00013686621,0
8340.0,8345.0,8342.5,2.160512e-05,0.0001080256,0
8345.0,8350.0,8347.5,3.0194564e-05,0.00015097282,0
8350.0,8355.0,8352.5,2.6075204e-05,0.00013037602,0
8355.0,8360.0,8357.5,3.719504e-05,0.0001859752,0
8360.0,8365.0,8362.5,3.0046966e-05,0.00015023483,0
8365.0,8370.0,8367.5,3.4341366e-05,0.00017170683,0
8370.0,8375.0,8372.5,2.591043e-05,0.00012955215,0
8375.0,8380.0,8377.5,3.1505798e-05,0.00015752899,0
8380.0,8385.0,8382.5,3.5870778e-05,0.00017935389,0
8385.0,8390.0,8387.5,2.8682974e-05,0.00014341487,0
8390.0,8395.0,8392.5,3.8789796e-05,0.00019394898,0
8395.0,8400.0,8397.5,2.580752e-05,0.0001290376,0
8400.0,8405.0,8402.5,2.4501196e-05,0.00012250598,0
8405.0,8410.0,8407.5,2.4393868e-05,0.00012196934,0
8410.0,8415.0,8412.5,3.4574508e-05,0.00017287254,0
8415.0,8420.0,8417.5,3.0279492e-05,0.00015139746,0
8420.0,8425.0,8422.5,3.1492932e-05,0.00015746466,0
8425.0,8430.0,8427.5,3.145431e-05,0.00015727155,0
8430.0,8435.0,8432.5,2.5808246e-05,0.00012904123,0
8435.0,8440.0,8437.5,2.1579274e-05,0.00010789637,0
8440.0,8445.0,8442.5,3.8921898e-05,0.00019460949,0
8445.0,8450.0,8447.5,2.7325044e-05,0.00013662522,0
8450.0,8455.0,8452.5,2.7253422e-05,0.00013626711,0
8455.0,8460.0,8457.5,3.0368026e-05,0.00015184013,0
8460.0,8465.0,8462.5,3.442589e-05,0.00017212945,0
8465.0,8470.0,8467.5,3.0340974e-05,0.00015170487,0
8470.0,8475.0,8472.5,3.4647572e-05,0.00017323786,0
8475.0,8480.0,8477.5,3.0109262e-05,0.00015054631,0
8480.0,8485.0,8482.5,3.0131772e-05,0.00015065886,0
8485.0,8490.0,8487.5,3.0390578e-05,0.00015195289,0
8490.0,8495.0,8492.5,3.4492644e-05,0.00017246322,0
8495.0,8500.0,8497.5,2.7307154e-05,0.00013653577,0
8500.0,8505.0,8502.5,2.1591592e-05,0.00010795796,0
8505.0,8510.0,8507.5,3.147504e-05,0.0001573752,0
8510.0,8515.0,8512.5,2.0114202e-05,0.00010057101,0
8515.0,8520.0,8517.5,2.5887892e-05,0.00012943946,0
8520.0,8525.0,8522.5,3.1693172e-05,0.00015846586,0
8525.0,8530.0,8527.5,3.0304862e-05,0.00015152431,0
8530.0,8535.0,8532.5,4.16032e-05,0.000208016,0
8535.0,8540.0,8537.5,2.5916934e-05,0.00012958467,0
8540.0,8545.0,8542.5,4.0395718e-05,0.00020197859,0
8545.0,8550.0,8547.5,2.5684854e-05,0.00012842427,0
8550.0,8555.0,8552.5,2.162108e-05,0.0001081054,0
8555.0,8560.0,8557.5,3.296158e-05,0.0001648079,0
8560.0,8565.0,8562.5,2.8872592e-05,0.00014436296,0
8565.0,8570.0,8567.5,3.2933178e-05,0.00016466589,0
8570.0,8575.0,8572.5,3.1652762e-05,0.00015826381,0
8575.0,8580.0,8577.5,2.5767604e-05,0.00012883802,0
8580.0,8585.0,8582.5,3.020249e-05,0.00015101245,0
8585.0,8590.0,8587.5,3.0279296e-05,0.00015139648,0
8590.0,8595.0,8592.5,2.1774658e-05,0.00010887329,0
8595.0,8600.0,8597.5,3.0178128e-05,0.00015089064,0
8600.0,8605.0,8602.5,2.8773318e-05,0.00014386659,0
8605.0,8610.0,8607.5,3.1683336e-05,0.00015841668,0
8610.0,8615.0,8612.5,3.7356884e-05,0.00018678442,0
8615.0,8620.0,8617.5,3.0125826e-05,0.00015062913,0
8620.0,8625.0,8622.5,4.1770864e-05,0.00020885432,0
8625.0,8630.0,8627.5,3.163293e-05,0.00015816465,0
8630.0,8635.0,8632.5,4.0372072e-05,0.00020186036,0
8635.0,8640.0,8637.5,2.9996566e-05,0.00014998283,0
8640.0,8645.0,8642.5,2.4524122e-05,0.00012262061,0
8645.0,8650.0,8647.5,3.0197922e-05,0.00015098961,0
8650.0,8655.0,8652.5,2.2992528e-05,0.00011496264,0
8655.0,8660.0,8657.5,4.1707508e-05,0.00020853754,0
8660.0,8665.0,8662.5,3.4484018e-05,0.00017242009,0
8665.0,8670.0,8667.5,2.2840698e-05,0.00011420349,0
8670.0,8675.0,8672.5,2.7499668e-05,0.00013749834,0
8675.0,8680.0,8677.5,2.8621524e-05,0.00014310762,0
8680.0,8685.0,8682.5,2.8670568e-05,0.00014335284,0
8685.0,8690.0,8687.5,2.4465924e-05,0.00012232962,0
8690.0,8695.0,8692.5,3.8973258e-05,0.00019486629,0
8695.0,8700.0,8697.5,3.5878682e-05,0.00017939341,0
8700.0,8705.0,8702.5,2.1709306e-05,0.00010854653,0
8705.0,8710.0,8707.5,3.1478978e-05,0.00015739489,0
8710.0,8715.0,8712.5,3.0435704e-05,0.00015217852,0
8715.0,8720.0,8717.5,2.0164202e-05,0.00010082101,0
8720.0,8725.0,8722.5,2.4553712e-05,0.00012276856,0
8725.0,8730.0,8727.5,2.3097056e-05,0.00011548528,0
8730.0,8735.0,8732.5,2.5784302e-05,0.00012892151,0
8735.0,8740.0,8737.5,3.8763004e-05,0.00019381502,0
8740.0,8745.0,8742.5,3.0133106e-05,0.00015066553,0
8745.0,8750.0,8747.5,2.5834452e-05,0.00012917226,0
8750.0,8755.0,8752.5,2.3094072e-05,0.00011547036,0
8755.0,8760.0,8757.5,2.009814e-05,0.0001004907,0
8760.0,8765.0,8762.5,3.4476084e-05,0.00017238042,0
8765.0,8770.0,8767.5,2.4401954e-05,0.00012200977,0
8770.0,8775.0,8772.5,2.4428034e-05,0.00012214017,0
8775.0,8780.0,8777.5,2.72867e-05,0.0001364335,0
8780.0,8785.0,8782.5,2.8547312e-05,0.00014273656,0
8785.0,8790.0,8787.5,2.30929e-05,0.0001154645,0
8790.0,8795.0,8792.5,3.8722458e-05,0.00019361229,0
8795.0,8800.0,8797.5,3.2974308e-05,0.00016487154,0
8800.0,8805.0,8802.5,1.8776012e-05,9.388006e-05,0
8805.0,8810.0,8807.5,2.4370364e-05,0.00012185182,0
8810.0,8815.0,8812.5,2.8879204e-05,0.00014439602,0
8815.0,8820.0,8817.5,2.165746e-05,0.0001082873,0
8820.0,8825.0,8822.5,2.8529196e-05,0.00014264598,0
8825.0,8830.0,8827.5,2.2968488e-05,0.00011484244,0
8830.0,8835.0,8832.5,2.725974e-05,0.0001362987,0
8835.0,8840.0,8837.5,1.2912494e-05,6.456247e-05,0
8840.0,8845.0,8842.5,1.8777546e-05,9.388773e-05,0
8845.0,8850.0,8847.5,2.3011674e-05,0.00011505837,0
8850.0,8855.0,8852.5,1.5870028e-05,7.935014e-05,0
8855.0,8860.0,8857.5,1.5827052e-05,7.913526e-05,0
8860.0,8865.0,8862.5,2.4441774e-05,0.00012220887,0
8865.0,8870.0,8867.5,1.8750284e-05,9.375142e-05,0
8870.0,8875.0,8872.5,2.281551e-05,0.00011407755,0
8875.0,8880.0,8877.5,3.0133522e-05,0.00015066761,0
8880.0,8885.0,8882.5,1.9986574e-05,9.993287e-05,0
8885.0,8890.0,8887.5,3.7379586e-05,0.00018689793,0
8890.0,8895.0,8892.5,2.5924036e-05,0.00012962018,0
8895.0,8900.0,8897.5,2.4493206e-05,0.00012246603,0
8900.0,8905.0,8902.5,2.4422438e-05,0.00012211219,0
8905.0,8910.0,8907.5,2.8748802e-05,0.00014374401,0
8910.0,8915.0,8912.5,2.2998806e-05,0.00011499403,0
8915.0,8920.0,8917.5,2.4543232e-05,0.00012271616,0
8920.0,8925.0,8922.5,2.7309426e-05,0.00013654713,0
8925.0,8930.0,8927.5,3.1556264e-05,0.00015778132,0
8930.0,8935.0,8932.5,2.4407168e-05,0.00012203584,0
8935.0,8940.0,8937.5,3.2961334e-05,0.00016480667,0
8940.0,8945.0,8942.5,3.0097402e-05,0.00015048701,0
8945.0,8950.0,8947.5,2.7129452e-05,0.00013564726,0
8950.0,8955.0,8952.5,2.1531096e-05,0.00010765548,0
8955.0,8960.0,8957.5,1.9944898e-05,9.972449e-05,0
8960.0,8965.0,8962.5,2.7221298e-05,0.00013610649,0
8965.0,8970.0,8967.5,2.5756792e-05,0.00012878396,0
8970.0,8975.0,8972.5,2.3008532e-05,0.00011504266,0
8975.0,8980.0,8977.5,2.3032366e-05,0.00011516183,0
8980.0,8985.0,8982.5,2.3033698e-05,0.00011516849,0
8985.0,8990.0,8987.5,2.717661e-05,0.00013588305,0
8990.0,8995.0,8992.5,3.1761824e-05,0.00015880912,0
8995.0,9000.0,8997.5,2.1399404e-05,0.00010699702,0
9000.0,9005.0,9002.5,2.2793598e-05,0.00011396799,0
9005.0,9010.0,9007.5,2.014188e-05,0.0001007094,0
9010.0,9015.0,9012.5,3.741639e-05,0.00018708195,0
9015.0,9020.0,9017.5,2.0046546e-05,0.00010023273,0
9020.0,9025.0,9022.5,2.018143e-05,0.00010090715,0
9025.0,9030.0,9027.5,2.8575594e-05,0.00014287797,0
9030.0,9035.0,9032.5,2.289612e-05,0.0001144806,0
9035.0,9040.0,9037.5,1.7268972e-05,8.634486e-05,0
9040.0,9045.0,9042.5,3.5932608e-05,0.00017966304,0
9045.0,9050.0,9047.5,2.1652412e-05,0.00010826206,0
9050.0,9055.0,9052.5,2.1478208e-05,0.00010739104,0
9055.0,9060.0,9057.5,1.5898166e-05,7.949083e-05,0
9060.0,9065.0,9062.5,3.3113366e-05,0.00016556683,0
9065.0,9070.0,9067.5,2.4386952e-05,0.00012193476,0
9070.0,9075.0,9072.5,1.7267736e-05,8.633868e-05,0
9075.0,9080.0,9077.5,2.4348868e-05,0.00012174434,0
9080.0,9085.0,9082.5,2.7297618e-05,0.00013648809,0
9085.0,9090.0,9087.5,3.1480454e-05,0.00015740227,0
9090.0,9095.0,9092.5,2.3243042e-05,0.00011621521,0
9095.0,9100.0,9097.5,1.8691466e-05,9.345733e-05,0
9100.0,9105.0,9102.5,2.3082208e-05,0.00011541104,0
9105.0,9110.0,9107.5,3.3073164e-05,0.00016536582,0
9110.0,9115.0,9112.5,2.4601048e-05,0.00012300524,0
9115.0,9120.0,9117.5,2.453702e-05,0.0001226851,0
9120.0,9125.0,9122.5,2.5955768e-05,0.00012977884,0
9125.0,9130.0,9127.5,2.8760992e-05,0.00014380496,0
9130.0,9135.0,9132.5,1.8781956e-05,9.390978e-05,0
9135.0,9140.0,9137.5,3.3038248e-05,0.00016519124,0
9140.0,9145.0,9142.5,2.3037126e-05,0.00011518563,0
9145.0,9150.0,9147.5,3.0059072e-05,0.00015029536,0
9150.0,9155.0,9152.5,2.587258e-05,0.0001293629,0
9155.0,9160.0,9157.5,1.716037e-05,8.580185e-05,0
9160.0,9165.0,9162.5,2.728906e-05,0.0001364453,0
9165.0,9170.0,9167.5,3.1733808e-05,0.00015866904,0
9170.0,9175.0,9172.5,1.5792824e-05,7.896412e-05,0
9175.0,9180.0,9177.5,2.3045026e-05,0.00011522513,0
9180.0,9185.0,9182.5,2.0092408e-05,0.00010046204,0
9185.0,9190.0,9187.5,2.2936518e-05,0.00011468259,0
9190.0,9195.0,9192.5,2.171554e-05,0.0001085777,0
9195.0,9200.0,9197.5,7.223334e-06,3.611667e-05,0
9200.0,9205.0,9202.5,3.1616386e-05,0.00015808193,0
9205.0,9210.0,9207.5,3.5905662e-05,0.00017952831,0
9210.0,9215.0,9212.5,1.8451782e-05,9.225891e-05,0
9215.0,9220.0,9217.5,2.4415662e-05,0.00012207831,0
9220.0,9225.0,9222.5,2.7368458e-05,0.00013684229,0
9225.0,9230.0,9227.5,2.8693556e-05,0.00014346778,0
9230.0,9235.0,9232.5,2.4381944e-05,0.00012190972,0
9235.0,9240.0,9237.5,2.7379382e-05,0.00013689691,0
9240.0,9245.0,9242.5,3.3050384e-05,0.00016525192,0
9245.0,9250.0,9247.5,2.4611896e-05,0.00012305948,0
9250.0,9255.0,9252.5,1.9986358e-05,9.993179e-05,0
9255.0,9260.0,9257.5,2.4294682e-05,0.00012147341,0
9260.0,9265.0,9262.5,2.5723018e-05,0.00012861509,0
9265.0,9270.0,9267.5,1.9960948e-05,9.980474e-05,0
9270.0,9275.0,9272.5,2.2796652e-05,0.00011398326,0
9275.0,9280.0,9277.5,2.8880524e-05,0.00014440262,0
9280.0,9285.0,9282.5,2.5796694e-05,0.00012898347,0
9285.0,9290.0,9287.5,2.8731816e-05,0.00014365908,0
9290.0,9295.0,9292.5,3.150321e-05,0.00015751605,0
9295.0,9300.0,9297.5,1.8683432e-05,9.341716e-05,0
9300.0,9305.0,9302.5,2.3010956e-05,0.00011505478,0
9305.0,9310.0,9307.5,1.5829788e-05,7.914894e-05,0
9310.0,9315.0,9312.5,1.85819e-05,9.29095e-05,0
9315.0,9320.0,9317.5,3.455153e-05,0.00017275765,0
9320.0,9325.0,9322.5,2.5699264e-05,0.00012849632,0
9325.0,9330.0,9327.5,3.0038984e-05,0.00015019492,0
9330.0,9335.0,9332.5,3.734742e-05,0.0001867371,0
9335.0,9340.0,9337.5,2.0044318e-05,0.00010022159,0
9340.0,9345.0,9342.5,1.2994722e-05,6.497361e-05,0
9345.0,9350.0,9347.5,3.5963416e-05,0.00017981708,0
9350.0,9355.0,9352.5,2.6035774e-05,0.00013017887,0
9355.0,9360.0,9357.5,3.1632926e-05,0.00015816463,0
9360.0,9365.0,9362.5,1.7340606e-05,8.670303e-05,0
9365.0,9370.0,9367.5,3.029023e-05,0.00015145115,0
9370.0,9375.0,9372.5,3.4468418e-05,0.00017234209,0
9375.0,9380.0,9377.5,2.8833548e-05,0.00014416774,0
9380.0,9385.0,9382.5,2.8703924e-05,0.00014351962,0
9385.0,9390.0,9387.5,3.4565882e-05,0.00017282941,0
9390.0,9395.0,9392.5,3.0257706e-05,0.00015128853,0
9395.0,9400.0,9397.5,2.308163e-05,0.00011540815,0
9400.0,9405.0,9402.5,2.7624346e-05,0.00013812173,0
9405.0,9410.0,9407.5,1.7154752e-05,8.577376e-05,0
9410.0,9415.0,9412.5,3.0358134e-05,0.00015179067,0
9415.0,9420.0,9417.5,2.7062638e-05,0.00013531319,0
9420.0,9425.0,9422.5,1.4336824e-05,7.168412e-05,0
9425.0,9430.0,9427.5,2.7321632e-05,0.00013660816,0
9430.0,9435.0,9432.5,2.587822e-05,0.0001293911,0
9435.0,9440.0,9437.5,2.5788742e-05,0.00012894371,0
9440.0,9445.0,9442.5,2.3090714e-05,0.00011545357,0
9445.0,9450.0,9447.5,2.7198912e-05,0.00013599456,0
9450.0,9455.0,9452.5,1.8708852e-05,9.354426e-05,0
9455.0,9460.0,9457.5,1.7256316e-05,8.628158e-05,0
9460.0,9465.0,9462.5,2.8494966e-05,0.00014247483,0
9465.0,9470.0,9467.5,2.3011926e-05,0.00011505963,0
9470.0,9475.0,9472.5,2.0124076e-05,0.00010062038,0
9475.0,9480.0,9477.5,2.444934e-05,0.0001222467,0
9480.0,9485.0,9482.5,3.2870904e-05,0.00016435452,0
9485.0,9490.0,9487.5,3.0347622e-05,0.00015173811,0
9490.0,9495.0,9492.5,2.7367786e-05,0.00013683893,0
9495.0,9500.0,9497.5,2.024235e-05,0.00010121175,0
9500.0,9505.0,9502.5,1.291695e-05,6.458475e-05,0
9505.0,9510.0,9507.5,2.2980302e-05,0.00011490151,0
9510.0,9515.0,9512.5,2.7349998e-05,0.00013674999,0
9515.0,9520.0,9517.5,2.4405366e-05,0.00012202683,0
9520.0,9525.0,9522.5,3.1729888e-05,0.00015864944,0
9525.0,9530.0,9527.5,2.43505e-05,0.0001217525,0
9530.0,9535.0,9532.5,2.3127972e-05,0.00011563986,0
9535.0,9540.0,9537.5,2.4430988e-05,0.00012215494,0
9540.0,9545.0,9542.5,3.050435e-05,0.00015252175,0
9545.0,9550.0,9547.5,3.420085e-05,0.00017100425,0
9550.0,9555.0,9552.5,2.0156762e-05,0.00010078381,0
9555.0,9560.0,9557.5,2.4286142e-05,0.00012143071,0
9560.0,9565.0,9562.5,2.142553e-05,0.00010712765,0
9565.0,9570.0,9567.5,1.5833284e-05,7.916642e-05,0
9570.0,9575.0,9572.5,2.438402e-05,0.0001219201,0
9575.0,9580.0,9577.5,2.166002e-05,0.0001083001,0
9580.0,9585.0,9582.5,3.0290222e-05,0.00015145111,0
9585.0,9590.0,9587.5,1.8629246e-05,9.314623e-05,0
9590.0,9595.0,9592.5,2.8779962e-05,0.00014389981,0
9595.0,9600.0,9597.5,2.1522794e-05,0.00010761397,0
9600.0,9605.0,9602.5,2.0044336e-05,0.00010022168,0
9605.0,9610.0,9607.5,2.0242508e-05,0.00010121254,0
9610.0,9615.0,9612.5,2.2902874e-05,0.00011451437,0
9615.0,9620.0,9617.5,3.4483962e-05,0.00017241981,0
9620.0,9625.0,9622.5,1.7313878e-05,8.656939e-05,0
9625.0,9630.0,9627.5,2.1633424e-05,0.00010816712,0
9630.0,9635.0,9632.5,2.2907648e-05,0.00011453824,0
9635.0,9640.0,9637.5,2.6004e-05,0.00013002,0
9640.0,9645.0,9642.5,2.159805e-05,0.00010799025,0
9645.0,9650.0,9647.5,1.863377e-05,9.316885e-05,0
9650.0,9655.0,9652.5,2.8926028e-05,0.00014463014,0
9655.0,9660.0,9657.5,2.305228e-05,0.0001152614,0
9660.0,9665.0,9662.5,2.5978554e-05,0.00012989277,0
9665.0,9670.0,9667.5,2.303693e-05,0.00011518465,0
9670.0,9675.0,9672.5,3.0258756e-05,0.00015129378,0
9675.0,9680.0,9677.5,1.8683566e-05,9.341783e-05,0
9680.0,9685.0,9682.5,2.8806658e-05,0.00014403329,0
9685.0,9690.0,9687.5,3.1768144e-05,0.00015884072,0
9690.0,9695.0,9692.5,2.6005428e-05,0.00013002714,0
9695.0,9700.0,9697.5,2.00469e-05,0.0001002345,0
9700.0,9705.0,9702.5,1.701124e-05,8.50562e-05,0
9705.0,9710.0,9707.5,2.3183068e-05,0.00011591534,0
9710.0,9715.0,9712.5,1.8734748e-05,9.367374e-05,0
9715.0,9720.0,9717.5,2.5725958e-05,0.00012862979,0
9720.0,9725.0,9722.5,2.1538948e-05,0.00010769474,0
9725.0,9730.0,9727.5,3.152224e-05,0.0001576112,0
9730.0,9735.0,9732.5,2.0195734e-05,0.00010097867,0
9735.0,9740.0,9737.5,2.7452996e-05,0.00013726498,0
9740.0,9745.0,9742.5,2.147373e-05,0.00010736865,0
9745.0,9750.0,9747.5,2.3127962e-05,0.00011563981,0
9750.0,9755.0,9752.5,2.1557396e-05,0.00010778698,0
9755.0,9760.0,9757.5,1.9981996e-05,9.990998e-05,0
9760.0,9765.0,9762.5,2.0098318e-05,0.00010049159,0
9765.0,9770.0,9767.5,1.7229282e-05,8.614641e-05,0
9770.0,9775.0,9772.5,2.2941918e-05,0.00011470959,0
9775.0,9780.0,9777.5,3.3130826e-05,0.00016565413,0
9780.0,9785.0,9782.5,3.4510994e-05,0.00017255497,0
9785.0,9790.0,9787.5,3.3216258e-05,0.00016608129,0
9790.0,9795.0,9792.5,2.864145e-05,0.00014320725,0
9795.0,9800.0,9797.5,2.4464598e-05,0.00012232299,0
9800.0,9805.0,9802.5,2.3189078e-05,0.00011594539,0
9805.0,9810.0,9807.5,2.0110994e-05,0.00010055497,0
9810.0,9815.0,9812.5,1.7128576e-05,8.564288e-05,0
9815.0,9820.0,9817.5,2.016111e-05,0.00010080555,0
9820.0,9825.0,9822.5,1.7289996e-05,8.644998e-05,0
9825.0,9830.0,9827.5,2.3114216e-05,0.00011557108,0
9830.0,9835.0,9832.5,2.0136168e-05,0.00010068084,0
9835.0,9840.0,9837.5,3.1675466e-05,0.00015837733,0
9840.0,9845.0,9842.5,3.7426464e-05,0.00018713232,0
9845.0,9850.0,9847.5,1.4342726e-05,7.171363e-05,0
9850.0,9855.0,9852.5,3.2891442e-05,0.00016445721,0
9855.0,9860.0,9857.5,3.8705104e-05,0.00019352552,0
9860.0,9865.0,9862.5,1.1557658e-05,5.778829e-05,0
9865.0,9870.0,9867.5,1.7264926e-05,8.632463e-05,0
9870.0,9875.0,9872.5,3.1350158e-05,0.00015675079,0
9875.0,9880.0,9877.5,2.4584528e-05,0.00012292264,0
9880.0,9885.0,9882.5,2.7159504e-05,0.00013579752,0
9885.0,9890.0,9887.5,1.862612e-05,9.31306e-05,0
9890.0,9895.0,9892.5,2.443214e-05,0.0001221607,0
9895.0,9900.0,9897.5,3.0301732e-05,0.00015150866,0
9900.0,9905.0,9902.5,2.2946606e-05,0.00011473303,0
9905.0,9910.0,9907.5,2.30138e-05,0.000115069,0
9910.0,9915.0,9912.5,1.8789648e-05,9.394824e-05,0
9915.0,9920.0,9917.5,3.0237904e-05,0.00015118952,0
9920.0,9925.0,9922.5,2.0060218e-05,0.00010030109,0
9925.0,9930.0,9927.5,2.7194896e-05,0.00013597448,0
9930.0,9935.0,9932.5,3.1737492e-05,0.00015868746,0
9935.0,9940.0,9937.5,2.305279e-05,0.00011526395,0
9940.0,9945.0,9942.5,1.7026958e-05,8.513479e-05,0
9945.0,9950.0,9947.5,2.2899788e-05,0.00011449894,0
9950.0,9955.0,9952.5,2.583707e-05,0.00012918535,0
9955.0,9960.0,9957.5,1.5943454e-05,7.971727e-05,0
9960.0,9965.0,9962.5,1.8786302e-05,9.393151e-05,0
9965.0,9970.0,9967.5,1.4369286e-05,7.184643e-05,0
9970.0,9975.0,9972.5,3.024237e-05,0.00015121185,0
9975.0,9980.0,9977.5,3.5937692e-05,0.00017968846,0
9980.0,9985.0,9982.5,2.4354926e-05,0.00012177463,0
9985.0,9990.0,9987.5,2.7257718e-05,0.00013628859,0
9990.0,9995.0,9992.5,2.5807178e-05,0.00012903589,0
9995.0,10000.0,9997.5,2.7287356e-05,0.00013643678,0
10000.0,10005.0,10002.5,1.2992594e-05,6.496297e-05,0
10005.0,10010.0,10007.5,2.1617094e-05,0.00010808547,0
10010.0,10015.0,10012.5,2.4429138e-05,0.00012214569,0
10015.0,10020.0,10017.5,1.5771516e-05,7.885758e-05,0
10020.0,10025.0,10022.5,3.3017884e-05,0.00016508942,0
10025.0,10030.0,10027.5,2.7385664e-05,0.00013692832,0
10030.0,10035.0,10032.5,2.4485248e-05,0.00012242624,0
10035.0,10040.0,10037.5,2.581792e-05,0.0001290896,0
10040.0,10045.0,10042.5,2.0190784e-05,0.00010095392,0
10045.0,10050.0,10047.5,2.7622478e-05,0.00013811239,0
10050.0,10055.0,10052.5,1.5849286e-05,7.924643e-05,0
10055.0,10060.0,10057.5,1.5799906e-05,7.899953e-05,0
10060.0,10065.0,10062.5,2.2918132e-05,0.00011459066,0
10065.0,10070.0,10067.5,3.0246104e-05,0.00015123052,0
10070.0,10075.0,10072.5,2.0182506e-05,0.00010091253,0
10075.0,10080.0,10077.5,2.1633292e-05,0.00010816646,0
10080.0,10085.0,10082.5,2.144007e-05,0.00010720035,0
10085.0,10090.0,10087.5,1.8592598e-05,9.296299e-05,0
10090.0,10095.0,10092.5,1.8864594e-05,9.432297e-05,0
10095.0,10100.0,10097.5,2.1455722e-05,0.00010727861,0
10100.0,10105.0,10102.5,1.9995414e-05,9.997707e-05,0
10105.0,10110.0,10107.5,2.4447444e-05,0.00012223722,0
10110.0,10115.0,10112.5,1.0082874e-05,5.041437e-05,0
10115.0,10120.0,10117.5,1.8781584e-05,9.390792e-05,0
10120.0,10125.0,10122.5,2.0011852e-05,0.00010005926,0
10125.0,10130.0,10127.5,2.1488044e-05,0.00010744022,0
10130.0,10135.0,10132.5,2.1584334e-05,0.00010792167,0
10135.0,10140.0,10137.5,2.8641976e-05,0.00014320988,0
10140.0,10145.0,10142.5,7.234332e-06,3.617166e-05,0
10145.0,10150.0,10147.5,3.030068e-05,0.0001515034,0
10150.0,10155.0,10152.5,2.16154e-05,0.000108077,0
10155.0,10160.0,10157.5,1.8868426e-05,9.434213e-05,0
10160.0,10165.0,10162.5,2.441952e-05,0.0001220976,0
10165.0,10170.0,10167.5,2.3143572e-05,0.00011571786,0
10170.0,10175.0,10172.5,3.018642e-05,0.0001509321,0
10175.0,10180.0,10177.5,2.0163876e-05,0.00010081938,0
10180.0,10185.0,10182.5,2.5849606e-05,0.00012924803,0
10185.0,10190.0,10187.5,2.3070852e-05,0.00011535426,0
10190.0,10195.0,10192.5,2.2977444e-05,0.00011488722,0
10195.0,10200.0,10197.5,2.4404672e-05,0.00012202336,0
10200.0,10205.0,10202.5,1.872616e-05,9.36308e-05,0
10205.0,10210.0,10207.5,2.2985462e-05,0.00011492731,0
10210.0,10215.0,10212.5,1.86563e-05,9.32815e-05,0
10215.0,10220.0,10217.5,2.0085946e-05,0.00010042973,0
10220.0,10225.0,10222.5,2.865384e-05,0.0001432692,0
10225.0,10230.0,10227.5,2.3222392e-05,0.00011611196,0
10230.0,10235.0,10232.5,2.159417e-05,0.00010797085,0
10235.0,10240.0,10237.5,1.4588098e-05,7.294049e-05,0
10240.0,10245.0,10242.5,2.59611e-05,0.0001298055,0
10245.0,10250.0,10247.5,2.8615042e-05,0.00014307521,0
10250.0,10255.0,10252.5,2.0021214e-05,0.00010010607,0
10255.0,10260.0,10257.5,2.8600186e-05,0.00014300093,0
10260.0,10265.0,10262.5,1.4328066e-05,7.164033e-05,0
10265.0,10270.0,10267.5,1.7254482e-05,8.627241e-05,0
10270.0,10275.0,10272.5,8.475242e-06,4.237621e-05,0
10275.0,10280.0,10277.5,2.8497916e-05,0.00014248958,0
10280.0,10285.0,10282.5,1.7235548e-05,8.617774e-05,0
10285.0,10290.0,10287.5,1.7288004e-05,8.644002e-05,0
10290.0,10295.0,10292.5,1.8691116e-05,9.345558e-05,0
10295.0,10300.0,10297.5,3.0330592e-05,0.00015165296,0
10300.0,10305.0,10302.5,1.7341268e-05,8.670634e-05,0
10305.0,10310.0,10307.5,2.4526686e-05,0.00012263343,0
10310.0,10315.0,10312.5,1.7292438e-05,8.646219e-05,0
10315.0,10320.0,10317.5,1.1625854e-05,5.812927e-05,0
10320.0,10325.0,10322.5,2.5850172e-05,0.00012925086,0
10325.0,10330.0,10327.5,2.879206e-05,0.0001439603,0
10330.0,10335.0,10332.5,3.4528514e-05,0.00017264257,0
10335.0,10340.0,10337.5,1.2921266e-05,6.460633e-05,0
10340.0,10345.0,10342.5,1.5765426e-05,7.882713e-05,0
10345.0,10350.0,10347.5,2.2945168e-05,0.00011472584,0
10350.0,10355.0,10352.5,2.1583742e-05,0.00010791871,0
10355.0,10360.0,10357.5,2.440913e-05,0.00012204565,0
10360.0,10365.0,10362.5,1.2925278e-05,6.462639e-05,0
10365.0,10370.0,10367.5,2.4459258e-05,0.00012229629,0
10370.0,10375.0,10372.5,2.1680452e-05,0.00010840226,0
10375.0,10380.0,10377.5,2.4403296e-05,0.00012201648,0
10380.0,10385.0,10382.5,2.7330266e-05,0.00013665133,0
10385.0,10390.0,10387.5,2.2939036e-05,0.00011469518,0
10390.0,10395.0,10392.5,1.7252194e-05,8.626097e-05,0
10395.0,10400.0,10397.5,2.3039542e-05,0.00011519771,0
10400.0,10405.0,10402.5,3.7630832e-05,0.00018815416,0
10405.0,10410.0,10407.5,2.4448526e-05,0.00012224263,0
10410.0,10415.0,10412.5,3.2766698e-05,0.00016383349,0
10415.0,10420.0,10417.5,1.8604406e-05,9.302203e-05,0
10420.0,10425.0,10422.5,1.8831092e-05,9.415546e-05,0
10425.0,10430.0,10427.5,1.7186674e-05,8.593337e-05,0
10430.0,10435.0,10432.5,1.57186e-05,7.8593e-05,0
10435.0,10440.0,10437.5,1.863308e-05,9.31654e-05,0
10440.0,10445.0,10442.5,1.7110014e-05,8.555007e-05,0
10445.0,10450.0,10447.5,2.1550398e-05,0.00010775199,0
10450.0,10455.0,10452.5,2.1523668e-05,0.00010761834,0
10455.0,10460.0,10457.5,1.8719066e-05,9.359533e-05,0
10460.0,10465.0,10462.5,1.5865792e-05,7.932896e-05,0
10465.0,10470.0,10467.5,1.140516e-05,5.70258e-05,0
10470.0,10475.0,10472.5,1.875471e-05,9.377355e-05,0
10475.0,10480.0,10477.5,2.2850114e-05,0.00011425057,0
10480.0,10485.0,10482.5,2.0157682e-05,0.00010078841,0
10485.0,10490.0,10487.5,1.426375e-05,7.131875e-05,0
10490.0,10495.0,10492.5,2.873079e-05,0.00014365395,0
10495.0,10500.0,10497.5,2.1589978e-05,0.00010794989,0
10500.0,10505.0,10502.5,1.5919378e-05,7.959689e-05,0
10505.0,10510.0,10507.5,3.299499e-05,0.00016497495,0
10510.0,10515.0,10512.5,2.1618042e-05,0.00010809021,0
10515.0,10520.0,10517.5,3.0155346e-05,0.00015077673,0
10520.0,10525.0,10522.5,2.8770618e-05,0.00014385309,0
10525.0,10530.0,10527.5,1.8674682e-05,9.337341e-05,0
10530.0,10535.0,10532.5,2.8632704e-05,0.00014316352,0
10535.0,10540.0,10537.5,1.2943024e-05,6.471512e-05,0
10540.0,10545.0,10542.5,2.5928586e-05,0.00012964293,0
10545.0,10550.0,10547.5,2.7332008e-05,0.00013666004,0
10550.0,10555.0,10552.5,2.000128e-05,0.0001000064,0
10555.0,10560.0,10557.5,2.5798422e-05,0.00012899211,0
10560.0,10565.0,10562.5,2.0090196e-05,0.00010045098,0
10565.0,10570.0,10567.5,2.2972078e-05,0.00011486039,0
10570.0,10575.0,10572.5,2.165115e-05,0.00010825575,0
10575.0,10580.0,10577.5,1.872582e-05,9.36291e-05,0
10580.0,10585.0,10582.5,1.158106e-05,5.79053e-05,0
10585.0,10590.0,10587.5,1.7221888e-05,8.610944e-05,0
10590.0,10595.0,10592.5,1.5761822e-05,7.880911e-05,0
10595.0,10600.0,10597.5,3.0139774e-05,0.00015069887,0
10600.0,10605.0,10602.5,5.714828e-06,2.857414e-05,0
10605.0,10610.0,10607.5,1.8874934e-05,9.437467e-05,0
10610.0,10615.0,10612.5,3.4594268e-05,0.00017297134,0
10615.0,10620.0,10617.5,1.2796976e-05,6.398488e-05,0
10620.0,10625.0,10622.5,1.2939002e-05,6.469501e-05,0
10625.0,10630.0,10627.5,3.3023784e-05,0.00016511892,0
10630.0,10635.0,10632.5,2.1641268e-05,0.00010820634,0
10635.0,10640.0,10637.5,2.1502998e-05,0.00010751499,0
10640.0,10645.0,10642.5,2.5779542e-05,0.00012889771,0
10645.0,10650.0,10647.5,2.5867718e-05,0.00012933859,0
10650.0,10655.0,10652.5,2.1459926e-05,0.00010729963,0
10655.0,10660.0,10657.5,2.3046722e-05,0.00011523361,0
10660.0,10665.0,10662.5,1.1535548e-05,5.767774e-05,0
10665.0,10670.0,10667.5,2.1830282e-05,0.00010915141,0
10670.0,10675.0,10672.5,1.73604e-05,8.6802e-05,0
10675.0,10680.0,10677.5,2.0155904e-05,0.00010077952,0
10680.0,10685.0,10682.5,1.8660564e-05,9.330282e-05,0
10685.0,10690.0,10687.5,2.157437e-05,0.00010787185,0
10690.0,10695.0,10692.5,2.3007664e-05,0.00011503832,0
10695.0,10700.0,10697.5,1.4470408e-05,7.235204e-05,0
10700.0,10705.0,10702.5,1.8720506e-05,9.360253e-05,0
10705.0,10710.0,10707.5,1.1375112e-05,5.687556e-05,0
10710.0,10715.0,10712.5,2.299279e-05,0.00011496395,0
10715.0,10720.0,10717.5,9.97765e-06,4.988825e-05,0
10720.0,10725.0,10722.5,3.296143e-05,0.00016480715,0
10725.0,10730.0,10727.5,1.4337084e-05,7.168542e-05,0
10730.0,10735.0,10732.5,2.295027e-05,0.00011475135,0
10735.0,10740.0,10737.5,2.1537144e-05,0.00010768572,0
10740.0,10745.0,10742.5,3.1476702e-05,0.00015738351,0
10745.0,10750.0,10747.5,1.4235238e-05,7.117619e-05,0
10750.0,10755.0,10752.5,2.7257118e-05,0.00013628559,0
10755.0,10760.0,10757.5,1.7371306e-05,8.685653e-05,0
10760.0,10765.0,10762.5,2.1611116e-05,0.00010805558,0
10765.0,10770.0,10767.5,2.1531914e-05,0.00010765957,0
10770.0,10775.0,10772.5,2.2863078e-05,0.00011431539,0
10775.0,10780.0,10777.5,1.4544278e-05,7.272139e-05,0
10780.0,10785.0,10782.5,1.2965848e-05,6.482924e-05,0
10785.0,10790.0,10787.5,1.4440386e-05,7.220193e-05,0
10790.0,10795.0,10792.5,2.0159596e-05,0.00010079798,0
10795.0,10800.0,10797.5,2.1644544e-05,0.00010822272,0
10800.0,10805.0,10802.5,2.725775e-05,0.00013628875,0
10805.0,10810.0,10807.5,1.4398732e-05,7.199366e-05,0
10810.0,10815.0,10812.5,1.7191514e-05,8.595757e-05,0
10815.0,10820.0,10817.5,2.1595054e-05,0.00010797527,0
10820.0,10825.0,10822.5,2.6046846e-05,0.00013023423,0
10825.0,10830.0,10827.5,1.4388066e-05,7.194033e-05,0
10830.0,10835.0,10832.5,1.7166388e-05,8.583194e-05,0
10835.0,10840.0,10837.5,1.2974076e-05,6.487038e-05,0
10840.0,10845.0,10842.5,2.1580452e-05,0.00010790226,0
10845.0,10850.0,10847.5,2.4422584e-05,0.00012211292,0
10850.0,10855.0,10852.5,2.1551024e-05,0.00010775512,0
10855.0,10860.0,10857.5,2.2969942e-05,0.00011484971,0
10860.0,10865.0,10862.5,2.3092596e-05,0.00011546298,0
10865.0,10870.0,10867.5,1.157521e-05,5.787605e-05,0
10870.0,10875.0,10872.5,1.8667076e-05,9.333538e-05,0
10875.0,10880.0,10877.5,2.4386016e-05,0.00012193008,0
10880.0,10885.0,10882.5,1.42184e-05,7.1092e-05,0
10885.0,10890.0,10887.5,1.5922946e-05,7.961473e-05,0
10890.0,10895.0,10892.5,2.5841956e-05,0.00012920978,0
10895.0,10900.0,10897.5,1.7383236e-05,8.691618e-05,0
10900.0,10905.0,10902.5,2.0085672e-05,0.00010042836,0
10905.0,10910.0,10907.5,2.1625932e-05,0.00010812966,0
10910.0,10915.0,10912.5,2.0104594e-05,0.00010052297,0
10915.0,10920.0,10917.5,2.4671806e-05,0.00012335903,0
10920.0,10925.0,10922.5,2.158689e-05,0.00010793445,0
10925.0,10930.0,10927.5,1.5824026e-05,7.912013e-05,0
10930.0,10935.0,10932.5,1.8662516e-05,9.331258e-05,0
10935.0,10940.0,10937.5,1.4341562e-05,7.170781e-05,0
10940.0,10945.0,10942.5,1.8866252e-05,9.433126e-05,0
10945.0,10950.0,10947.5,2.0133624e-05,0.00010066812,0
10950.0,10955.0,10952.5,2.2932862e-05,0.00011466431,0
10955.0,10960.0,10957.5,1.2959238e-05,6.479619e-05,0
10960.0,10965.0,10962.5,1.581153e-05,7.905765e-05,0
10965.0,10970.0,10967.5,1.8829776e-05,9.414888e-05,0
10970.0,10975.0,10972.5,2.1703184e-05,0.00010851592,0
10975.0,10980.0,10977.5,1.5839742e-05,7.919871e-05,0
10980.0,10985.0,10982.5,1.7320972e-05,8.660486e-05,0
10985.0,10990.0,10987.5,1.1535364e-05,5.767682e-05,0
10990.0,10995.0,10992.5,2.0179066e-05,0.00010089533,0
10995.0,11000.0,10997.5,1.0042718e-05,5.021359e-05,0
11000.0,11005.0,11002.5,1.0239804e-05,5.119902e-05,0
11005.0,11010.0,11007.5,2.2950568e-05,0.00011475284,0
11010.0,11015.0,11012.5,1.8562224e-05,9.281112e-05,0
11015.0,11020.0,11017.5,8.536504e-06,4.268252e-05,0
11020.0,11025.0,11022.5,2.015303e-05,0.00010076515,0
11025.0,11030.0,11027.5,1.853556e-05,9.26778e-05,0
11030.0,11035.0,11032.5,2.006849e-05,0.00010034245,0
11035.0,11040.0,11037.5,2.1391838e-05,0.00010695919,0
11040.0,11045.0,11042.5,1.4338248e-05,7.169124e-05,0
11045.0,11050.0,11047.5,1.8520824e-05,9.260412e-05,0
11050.0,11055.0,11052.5,1.431114e-05,7.15557e-05,0
11055.0,11060.0,11057.5,2.0092192e-05,0.00010046096,0
11060.0,11065.0,11062.5,1.7112562e-05,8.556281e-05,0
11065.0,11070.0,11067.5,1.877713e-05,9.388565e-05,0
11070.0,11075.0,11072.5,8.649678e-06,4.324839e-05,0
11075.0,11080.0,11077.5,1.1442416e-05,5.721208e-05,0
11080.0,11085.0,11082.5,1.1559508e-05,5.779754e-05,0
11085.0,11090.0,11087.5,1.8685438e-05,9.342719e-05,0
11090.0,11095.0,11092.5,1.8612892e-05,9.306446e-05,0
11095.0,11100.0,11097.5,1.5840126e-05,7.920063e-05,0
11100.0,11105.0,11102.5,2.73031e-05,0.0001365155,0
11105.0,11110.0,11107.5,1.3067042e-05,6.533521e-05,0
11110.0,11115.0,11112.5,1.4427e-05,7.2135e-05,0
11115.0,11120.0,11117.5,2.7399664e-05,0.00013699832,0
11120.0,11125.0,11122.5,1.1551384e-05,5.775692e-05,0
11125.0,11130.0,11127.5,1.9975548e-05,9.987774e-05,0
11130.0,11135.0,11132.5,2.1632344e-05,0.00010816172,0
11135.0,11140.0,11137.5,1.1477628e-05,5.738814e-05,0
11140.0,11145.0,11142.5,1.0040886e-05,5.020443e-05,0
11145.0,11150.0,11147.5,8.602048e-06,4.301024e-05,0
11150.0,11155.0,11152.5,1.0073992e-05,5.036996e-05,0
11155.0,11160.0,11157.5,1.1550972e-05,5.775486e-05,0
11160.0,11165.0,11162.5,2.6097036e-05,0.00013048518,0
11165.0,11170.0,11167.5,2.298524e-05,0.0001149262,0
11170.0,11175.0,11172.5,1.1502238e-05,5.751119e-05,0
11175.0,11180.0,11177.5,1.8649116e-05,9.324558e-05,0
11180.0,11185.0,11182.5,1.585075e-05,7.925375e-05,0
11185.0,11190.0,11187.5,1.8698358e-05,9.349179e-05,0
11190.0,11195.0,11192.5,1.299054e-05,6.49527e-05,0
11195.0,11200.0,11197.5,1.3002582e-05,6.501291e-05,0
11200.0,11205.0,11202.5,1.87073e-05,9.35365e-05,0
11205.0,11210.0,11207.5,1.1469736e-05,5.734868e-05,0
11210.0,11215.0,11212.5,2.1594914e-05,0.00010797457,0
11215.0,11220.0,11217.5,1.4437412e-05,7.218706e-05,0
11220.0,11225.0,11222.5,2.012805e-05,0.00010064025,0
11225.0,11230.0,11227.5,1.4374966e-05,7.187483e-05,0
11230.0,11235.0,11232.5,2.0122916e-05,0.00010061458,0
11235.0,11240.0,11237.5,3.1606568e-05,0.00015803284,0
11240.0,11245.0,11242.5,7.248536e-06,3.624268e-05,0
11245.0,11250.0,11247.5,1.7252058e-05,8.626029e-05,0
11250.0,11255.0,11252.5,1.440138e-05,7.20069e-05,0
11255.0,11260.0,11257.5,1.5687908e-05,7.843954e-05,0
11260.0,11265.0,11262.5,1.587553e-05,7.937765e-05,0
11265.0,11270.0,11267.5,2.0079924e-05,0.00010039962,0
11270.0,11275.0,11272.5,2.3008888e-05,0.00011504444,0
11275.0,11280.0,11277.5,1.8539776e-05,9.269888e-05,0
11280.0,11285.0,11282.5,1.2984414e-05,6.492207e-05,0
11285.0,11290.0,11287.5,2.156729e-05,0.00010783645,0
11290.0,11295.0,11292.5,1.8699406e-05,9.349703e-05,0
11295.0,11300.0,11297.5,1.1535478e-05,5.767739e-05,0
11300.0,11305.0,11302.5,1.7250442e-05,8.625221e-05,0
11305.0,11310.0,11307.5,2.2884124e-05,0.00011442062,0
11310.0,11315.0,11312.5,1.5700036e-05,7.850018e-05,0
11315.0,11320.0,11317.5,1.704903e-05,8.524515e-05,0
11320.0,11325.0,11322.5,2.1645412e-05,0.00010822706,0
11325.0,11330.0,11327.5,2.161863e-05,0.00010809315,0
11330.0,11335.0,11332.5,2.1592848e-05,0.00010796424,0
11335.0,11340.0,11337.5,1.2929776e-05,6.464888e-05,0
11340.0,11345.0,11342.5,2.1699542e-05,0.00010849771,0
11345.0,11350.0,11347.5,1.5867248e-05,7.933624e-05,0
11350.0,11355.0,11352.5,1.8709906e-05,9.354953e-05,0
11355.0,11360.0,11357.5,1.4413752e-05,7.206876e-05,0
11360.0,11365.0,11362.5,1.854471e-05,9.272355e-05,0
11365.0,11370.0,11367.5,2.0179794e-05,0.00010089897,0
11370.0,11375.0,11372.5,1.5766896e-05,7.883448e-05,0
11375.0,11380.0,11377.5,1.7193136e-05,8.596568e-05,0
11380.0,11385.0,11382.5,2.0053084e-05,0.00010026542,0
11385.0,11390.0,11387.5,1.0054166e-05,5.027083e-05,0
11390.0,11395.0,11392.5,2.3111188e-05,0.00011555594,0
11395.0,11400.0,11397.5,1.2834798e-05,6.417399e-05,0
11400.0,11405.0,11402.5,2.0086854e-05,0.00010043427,0
11405.0,11410.0,11407.5,2.300397e-05,0.00011501985,0
11410.0,11415.0,11412.5,2.4507296e-05,0.00012253648,0
11415.0,11420.0,11417.5,2.5867806e-05,0.00012933903,0
11420.0,11425.0,11422.5,8.682444e-06,4.341222e-05,0
11425.0,11430.0,11427.5,1.7341004e-05,8.670502e-05,0
11430.0,11435.0,11432.5,1.5841606e-05,7.920803e-05,0
11435.0,11440.0,11437.5,1.739722e-05,8.69861e-05,0
11440.0,11445.0,11442.5,1.5740444e-05,7.870222e-05,0
11445.0,11450.0,11447.5,1.155393e-05,5.776965e-05,0
11450.0,11455.0,11452.5,1.8680062e-05,9.340031e-05,0
11455.0,11460.0,11457.5,1.3027518e-05,6.513759e-05,0
11460.0,11465.0,11462.5,1.3020186e-05,6.510093e-05,0
11465.0,11470.0,11467.5,1.1477636e-05,5.738818e-05,0
11470.0,11475.0,11472.5,2.5957982e-05,0.00012978991,0
11475.0,11480.0,11477.5,2.0068488e-05,0.00010034244,0
11480.0,11485.0,11482.5,1.0063018e-05,5.031509e-05,0
11485.0,11490.0,11487.5,7.128104e-06,3.564052e-05,0
11490.0,11495.0,11492.5,1.1502362e-05,5.751181e-05,0
11495.0,11500.0,11497.5,1.3046926e-05,6.523463e-05,0
11500.0,11505.0,11502.5,2.0217644e-05,0.00010108822,0
11505.0,11510.0,11507.5,2.1514584e-05,0.00010757292,0
11510.0,11515.0,11512.5,2.3082172e-05,0.00011541086,0
11515.0,11520.0,11517.5,2.0298694e-05,0.00010149347,0
11520.0,11525.0,11522.5,1.4251468e-05,7.125734e-05,0
11525.0,11530.0,11527.5,2.300976e-05,0.0001150488,0
11530.0,11535.0,11532.5,1.4428244e-05,7.214122e-05,0
11535.0,11540.0,11537.5,1.9967466e-05,9.983733e-05,0
11540.0,11545.0,11542.5,7.129554e-06,3.564777e-05,0
11545.0,11550.0,11547.5,2.1498288e-05,0.00010749144,0
11550.0,11555.0,11552.5,7.20228e-06,3.60114e-05,0
11555.0,11560.0,11557.5,1.1555202e-05,5.777601e-05,0
11560.0,11565.0,11562.5,8.461862e-06,4.230931e-05,0
11565.0,11570.0,11567.5,1.0073956e-05,5.036978e-05,0
11570.0,11575.0,11572.5,1.5896692e-05,7.948346e-05,0
11575.0,11580.0,11577.5,1.720233e-05,8.601165e-05,0
11580.0,11585.0,11582.5,1.0046084e-05,5.023042e-05,0
11585.0,11590.0,11587.5,8.78474e-06,4.39237e-05,0
11590.0,11595.0,11592.5,1.2983896e-05,6.491948e-05,0
11595.0,11600.0,11597.5,1.011772e-05,5.05886e-05,0
11600.0,11605.0,11602.5,1.8685386e-05,9.342693e-05,0
11605.0,11610.0,11607.5,1.5804986e-05,7.902493e-05,0
11610.0,11615.0,11612.5,1.2963412e-05,6.481706e-05,0
11615.0,11620.0,11617.5,1.8724112e-05,9.362056e-05,0
11620.0,11625.0,11622.5,2.0210898e-05,0.00010105449,0
11625.0,11630.0,11627.5,1.2969218e-05,6.484609e-05,0
11630.0,11635.0,11632.5,2.3184776e-05,0.00011592388,0
11635.0,11640.0,11637.5,1.0071972e-05,5.035986e-05,0
11640.0,11645.0,11642.5,1.1456342e-05,5.728171e-05,0
11645.0,11650.0,11647.5,2.431568e-05,0.0001215784,0
11650.0,11655.0,11652.5,1.5738592e-05,7.869296e-05,0
11655.0,11660.0,11657.5,1.287558e-05,6.43779e-05,0
11660.0,11665.0,11662.5,2.5805086e-05,0.00012902543,0
11665.0,11670.0,11667.5,1.1543476e-05,5.771738e-05,0
11670.0,11675.0,11672.5,1.7274164e-05,8.637082e-05,0
11675.0,11680.0,11677.5,8.64804e-06,4.32402e-05,0
11680.0,11685.0,11682.5,9.982452e-06,4.991226e-05,0
11685.0,11690.0,11687.5,2.579817e-05,0.00012899085,0
11690.0,11695.0,11692.5,1.866779e-05,9.333895e-05,0
11695.0,11700.0,11697.5,1.5841664e-05,7.920832e-05,0
11700.0,11705.0,11702.5,1.4243126e-05,7.121563e-05,0
11705.0,11710.0,11707.5,2.0068618e-05,0.00010034309,0
11710.0,11715.0,11712.5,8.602e-06,4.301e-05,0
11715.0,11720.0,11717.5,1.7358188e-05,8.679094e-05,0
11720.0,11725.0,11722.5,1.4267048e-05,7.133524e-05,0
11725.0,11730.0,11727.5,1.421927e-05,7.109635e-05,0
11730.0,11735.0,11732.5,7.140744e-06,3.570372e-05,0
11735.0,11740.0,11737.5,1.431184e-05,7.15592e-05,0
11740.0,11745.0,11742.5,2.3105324e-05,0.00011552662,0
11745.0,11750.0,11747.5,3.0190428e-05,0.00015095214,0
11750.0,11755.0,11752.5,1.4460588e-05,7.230294e-05,0
11755.0,11760.0,11757.5,1.2942676e-05,6.471338e-05,0
11760.0,11765.0,11762.5,2.0286396e-05,0.00010143198,0
11765.0,11770.0,11767.5,1.5814174e-05,7.907087e-05,0
11770.0,11775.0,11772.5,1.1545004e-05,5.772502e-05,0
11775.0,11780.0,11777.5,1.7243794e-05,8.621897e-05,0
11780.0,11785.0,11782.5,1.8731714e-05,9.365857e-05,0
11785.0,11790.0,11787.5,1.5866598e-05,7.933299e-05,0
11790.0,11795.0,11792.5,1.1449294e-05,5.724647e-05,0
11795.0,11800.0,11797.5,1.440652e-05,7.20326e-05,0
11800.0,11805.0,11802.5,2.4549712e-05,0.00012274856,0
11805.0,11810.0,11807.5,2.9885752e-05,0.00014942876,0
11810.0,11815.0,11812.5,1.297008e-05,6.48504e-05,0
11815.0,11820.0,11817.5,2.30756e-05,0.000115378,0
11820.0,11825.0,11822.5,1.298644e-05,6.49322e-05,0
11825.0,11830.0,11827.5,1.5938082e-05,7.969041e-05,0
11830.0,11835.0,11832.5,1.7192158e-05,8.596079e-05,0
11835.0,11840.0,11837.5,1.3006276e-05,6.503138e-05,0
11840.0,11845.0,11842.5,8.640306e-06,4.320153e-05,0
11845.0,11850.0,11847.5,1.1428254e-05,5.714127e-05,0
11850.0,11855.0,11852.5,2.3137464e-05,0.00011568732,0
11855.0,11860.0,11857.5,1.1448424e-05,5.724212e-05,0
11860.0,11865.0,11862.5,1.2847434e-05,6.423717e-05,0
11865.0,11870.0,11867.5,1.4229372e-05,7.114686e-05,0
11870.0,11875.0,11872.5,1.8748612e-05,9.374306e-05,0
11875.0,11880.0,11877.5,1.150234e-05,5.75117e-05,0
11880.0,11885.0,11882.5,2.0098448e-05,0.00010049224,0
11885.0,11890.0,11887.5,1.7263124e-05,8.631562e-05,0
11890.0,11895.0,11892.5,1.444999e-05,7.224995e-05,0
11895.0,11900.0,11897.5,1.2843542e-05,6.421771e-05,0
11900.0,11905.0,11902.5,2.0402686e-05,0.00010201343,0
11905.0,11910.0,11907.5,2.292024e-05,0.0001146012,0
11910.0,11915.0,11912.5,4.338586e-06,2.169293e-05,0
11915.0,11920.0,11917.5,1.1573638e-05,5.786819e-05,0
11920.0,11925.0,11922.5,1.302257e-05,6.511285e-05,0
11925.0,11930.0,11927.5,2.0204656e-05,0.00010102328,0
11930.0,11935.0,11932.5,1.9991142e-05,9.995571e-05,0
11935.0,11940.0,11937.5,1.4372226e-05,7.186113e-05,0
11940.0,11945.0,11942.5,1.7171198e-05,8.585599e-05,0
11945.0,11950.0,11947.5,1.0019094e-05,5.009547e-05,0
11950.0,11955.0,11952.5,1.8881906e-05,9.440953e-05,0
11955.0,11960.0,11957.5,1.8635476e-05,9.317738e-05,0
11960.0,11965.0,11962.5,1.8693454e-05,9.346727e-05,0
11965.0,11970.0,11967.5,1.7211646e-05,8.605823e-05,0
11970.0,11975.0,11972.5,1.7160982e-05,8.580491e-05,0
11975.0,11980.0,11977.5,1.8837266e-05,9.418633e-05,0
11980.0,11985.0,11982.5,2.2985462e-05,0.00011492731,0
11985.0,11990.0,11987.5,2.3092082e-05,0.00011546041,0
11990.0,11995.0,11992.5,9.996636e-06,4.998318e-05,0
11995.0,12000.0,11997.5,1.3105428e-05,6.552714e-05,0
12000.0,12005.0,12002.5,1.5847682e-05,7.923841e-05,0
12005.0,12010.0,12007.5,1.430167e-05,7.150835e-05,0
12010.0,12015.0,12012.5,7.18792e-06,3.59396e-05,0
12015.0,12020.0,12017.5,2.0205362e-05,0.00010102681,0
12020.0,12025.0,12022.5,1.2860096e-05,6.430048e-05,0
12025.0,12030.0,12027.5,2.0020928e-05,0.00010010464,0
12030.0,12035.0,12032.5,1.5827198e-05,7.913599e-05,0
12035.0,12040.0,12037.5,1.5741468e-05,7.870734e-05,0
12040.0,12045.0,12042.5,1.0137192e-05,5.068596e-05,0
12045.0,12050.0,12047.5,1.0054762e-05,5.027381e-05,0
12050.0,12055.0,12052.5,8.61605e-06,4.308025e-05,0
12055.0,12060.0,12057.5,8.607768e-06,4.303884e-05,0
12060.0,12065.0,12062.5,1.0081398e-05,5.040699e-05,0
12065.0,12070.0,12067.5,8.534568e-06,4.267284e-05,0
12070.0,12075.0,12072.5,1.5785942e-05,7.892971e-05,0
12075.0,12080.0,12077.5,1.573855e-05,7.869275e-05,0
12080.0,12085.0,12082.5,2.2997316e-05,0.00011498658,0
12085.0,12090.0,12087.5,1.734892e-05,8.67446e-05,0
12090.0,12095.0,12092.5,1.738817e-05,8.694085e-05,0
12095.0,12100.0,12097.5,1.7228534e-05,8.614267e-05,0
12100.0,12105.0,12102.5,1.4398542e-05,7.199271e-05,0
12105.0,12110.0,12107.5,4.364636e-06,2.182318e-05,0
12110.0,12115.0,12112.5,2.3215198e-05,0.00011607599,0
12115.0,12120.0,12117.5,2.1636258e-05,0.00010818129,0
12120.0,12125.0,12122.5,1.4335342e-05,7.167671e-05,0
12125.0,12130.0,12127.5,2.0275934e-05,0.00010137967,0
12130.0,12135.0,12132.5,8.626234e-06,4.313117e-05,0
12135.0,12140.0,12137.5,1.734043e-05,8.670215e-05,0
12140.0,12145.0,12142.5,1.7171434e-05,8.585717e-05,0
12145.0,12150.0,12147.5,7.216752e-06,3.608376e-05,0
12150.0,12155.0,12152.5,1.8746138e-05,9.373069e-05,0
12155.0,12160.0,12157.5,1.4239628e-05,7.119814e-05,0
12160.0,12165.0,12162.5,2.1524116e-05,0.00010762058,0
12165.0,12170.0,12167.5,1.4497258e-05,7.248629e-05,0
12170.0,12175.0,12172.5,1.3026602e-05,6.513301e-05,0
12175.0,12180.0,12177.5,8.674184e-06,4.337092e-05,0
12180.0,12185.0,12182.5,1.5863738e-05,7.931869e-05,0
12185.0,12190.0,12187.5,1.429889e-05,7.149445e-05,0
12190.0,12195.0,12192.5,1.1375352e-05,5.687676e-05,0
12195.0,12200.0,12197.5,1.0003226e-05,5.001613e-05,0
12200.0,12205.0,12202.5,1.1544982e-05,5.772491e-05,0
12205.0,12210.0,12207.5,1.3024626e-05,6.512313e-05,0
12210.0,12215.0,12212.5,1.7057654e-05,8.528827e-05,0
12215.0,12220.0,12217.5,1.5894092e-05,7.947046e-05,0
12220.0,12225.0,12222.5,1.009724e-05,5.04862e-05,0
12225.0,12230.0,12227.5,2.2983556e-05,0.00011491778,0
12230.0,12235.0,12232.5,9.979002e-06,4.989501e-05,0
12235.0,12240.0,12237.5,1.1552902e-05,5.776451e-05,0
12240.0,12245.0,12242.5,1.87759e-05,9.38795e-05,0
12245.0,12250.0,12247.5,1.0122326e-05,5.061163e-05,0
12250.0,12255.0,12252.5,2.160983e-05,0.00010804915,0
12255.0,12260.0,12257.5,1.2869358e-05,6.434679e-05,0
12260.0,12265.0,12262.5,1.5631614e-05,7.815807e-05,0
12265.0,12270.0,12267.5,2.88184e-06,1.44092e-05,0
12270.0,12275.0,12272.5,1.4378122e-05,7.189061e-05,0
12275.0,12280.0,12277.5,1.8652194e-05,9.326097e-05,0
12280.0,12285.0,12282.5,1.3112566e-05,6.556283e-05,0
12285.0,12290.0,12287.5,2.3177176e-05,0.00011588588,0
12290.0,12295.0,12292.5,5.783062e-06,2.891531e-05,0
12295.0,12300.0,12297.5,1.5963882e-05,7.981941e-05,0
12300.0,12305.0,12302.5,1.8620452e-05,9.310226e-05,0
12305.0,12310.0,12307.5,2.2973414e-05,0.00011486707,0
12310.0,12315.0,12312.5,1.724776e-05,8.62388e-05,0
12315.0,12320.0,12317.5,1.7272856e-05,8.636428e-05,0
12320.0,12325.0,12322.5,1.3002418e-05,6.501209e-05,0
12325.0,12330.0,12327.5,2.0311356e-05,0.00010155678,0
12330.0,12335.0,12332.5,1.0067572e-05,5.033786e-05,0
12335.0,12340.0,12337.5,1.2868756e-05,6.434378e-05,0
12340.0,12345.0,12342.5,4.303218e-06,2.151609e-05,0
12345.0,12350.0,12347.5,8.710564e-06,4.355282e-05,0
12350.0,12355.0,12352.5,1.0063122e-05,5.031561e-05,0
12355.0,12360.0,12357.5,2.3013974e-05,0.00011506987,0
12360.0,12365.0,12362.5,1.2927334e-05,6.463667e-05,0
12365.0,12370.0,12367.5,1.298163e-05,6.490815e-05,0
12370.0,12375.0,12372.5,1.4496414e-05,7.248207e-05,0
12375.0,12380.0,12377.5,2.2850302e-05,0.00011425151,0
12380.0,12385.0,12382.5,1.8679574e-05,9.339787e-05,0
12385.0,12390.0,12387.5,1.0067004e-05,5.033502e-05,0
12390.0,12395.0,12392.5,1.867842e-05,9.33921e-05,0
12395.0,12400.0,12397.5,2.6046522e-05,0.00013023261,0
12400.0,12405.0,12402.5,1.4254098e-05,7.127049e-05,0
12405.0,12410.0,12407.5,1.290908e-05,6.45454e-05,0
12410.0,12415.0,12412.5,1.7255454e-05,8.627727e-05,0
12415.0,12420.0,12417.5,1.7250302e-05,8.625151e-05,0
12420.0,12425.0,12422.5,1.1479722e-05,5.739861e-05,0
12425.0,12430.0,12427.5,1.2867408e-05,6.433704e-05,0
12430.0,12435.0,12432.5,2.0192426e-05,0.00010096213,0
12435.0,12440.0,12437.5,1.8666992e-05,9.333496e-05,0
12440.0,12445.0,12442.5,1.593361e-05,7.966805e-05,0
12445.0,12450.0,12447.5,1.0198012e-05,5.099006e-05,0
12450.0,12455.0,12452.5,4.318224e-06,2.159112e-05,0
12455.0,12460.0,12457.5,1.4380772e-05,7.190386e-05,0
12460.0,12465.0,12462.5,1.0145118e-05,5.072559e-05,0
12465.0,12470.0,12467.5,7.184866e-06,3.592433e-05,0
12470.0,12475.0,12472.5,8.666838e-06,4.333419e-05,0
12475.0,12480.0,12477.5,1.3032234e-05,6.516117e-05,0
12480.0,12485.0,12482.5,1.4448648e-05,7.224324e-05,0
12485.0,12490.0,12487.5,1.3041092e-05,6.520546e-05,0
12490.0,12495.0,12492.5,1.7279572e-05,8.639786e-05,0
12495.0,12500.0,12497.5,2.4453704e-05,0.00012226852,0
12500.0,12505.0,12502.5,2.1455942e-05,0.00010727971,0
12505.0,12510.0,12507.5,1.7393196e-05,8.696598e-05,0
12510.0,12515.0,12512.5,1.0165432e-05,5.082716e-05,0
12515.0,12520.0,12517.5,1.7256412e-05,8.628206e-05,0
12520.0,12525.0,12522.5,1.1548166e-05,5.774083e-05,0
12525.0,12530.0,12527.5,1.8741826e-05,9.370913e-05,0
12530.0,12535.0,12532.5,1.7355346e-05,8.677673e-05,0
12535.0,12540.0,12537.5,1.0110398e-05,5.055199e-05,0
12540.0,12545.0,12542.5,5.821418e-06,2.910709e-05,0
12545.0,12550.0,12547.5,1.5886464e-05,7.943232e-05,0
12550.0,12555.0,12552.5,1.434036e-05,7.17018e-05,0
12555.0,12560.0,12557.5,2.3152772e-05,0.00011576386,0
12560.0,12565.0,12562.5,8.500588e-06,4.250294e-05,0
12565.0,12570.0,12567.5,1.1440828e-05,5.720414e-05,0
12570.0,12575.0,12572.5,1.001703e-05,5.008515e-05,0
12575.0,12580.0,12577.5,1.727046e-05,8.63523e-05,0
12580.0,12585.0,12582.5,1.7107592e-05,8.553796e-05,0
12585.0,12590.0,12587.5,1.2986764e-05,6.493382e-05,0
12590.0,12595.0,12592.5,1.1493614e-05,5.746807e-05,0
12595.0,12600.0,12597.5,1.1590512e-05,5.795256e-05,0
12600.0,12605.0,12602.5,2.015952e-05,0.0001007976,0
12605.0,12610.0,12607.5,1.6031316e-05,8.015658e-05,0
12610.0,12615.0,12612.5,1.1550454e-05,5.775227e-05,0
12615.0,12620.0,12617.5,1.4252022e-05,7.126011e-05,0
12620.0,12625.0,12622.5,1.4340488e-05,7.170244e-05,0
12625.0,12630.0,12627.5,1.4410884e-05,7.205442e-05,0
12630.0,12635.0,12632.5,2.1683682e-05,0.00010841841,0
12635.0,12640.0,12637.5,1.3028532e-05,6.514266e-05,0
12640.0,12645.0,12642.5,2.0145522e-05,0.00010072761,0
12645.0,12650.0,12647.5,1.5905884e-05,7.952942e-05,0
12650.0,12655.0,12652.5,1.2927762e-05,6.463881e-05,0
12655.0,12660.0,12657.5,1.2921622e-05,6.460811e-05,0
12660.0,12665.0,12662.5,1.4367022e-05,7.183511e-05,0
12665.0,12670.0,12667.5,8.643092e-06,4.321546e-05,0
12670.0,12675.0,12672.5,7.111664e-06,3.555832e-05,0
12675.0,12680.0,12677.5,1.860556e-05,9.30278e-05,0
12680.0,12685.0,12682.5,8.532218e-06,4.266109e-05,0
12685.0,12690.0,12687.5,7.191354e-06,3.595677e-05,0
12690.0,12695.0,12692.5,1.5726934e-05,7.863467e-05,0
12695.0,12700.0,12697.5,1.8599408e-05,9.299704e-05,0
12700.0,12705.0,12702.5,1.301668e-05,6.50834e-05,0
12705.0,12710.0,12707.5,2.1516312e-05,0.00010758156,0
12710.0,12715.0,12712.5,1.0118124e-05,5.059062e-05,0
12715.0,12720.0,12717.5,1.584152e-05,7.92076e-05,0
12720.0,12725.0,12722.5,1.5834322e-05,7.917161e-05,0
12725.0,12730.0,12727.5,1.2886418e-05,6.443209e-05,0
12730.0,12735.0,12732.5,1.4331504e-05,7.165752e-05,0
12735.0,12740.0,12737.5,1.415976e-05,7.07988e-05,0
12740.0,12745.0,12742.5,1.0116626e-05,5.058313e-05,0
12745.0,12750.0,12747.5,9.997472e-06,4.998736e-05,0
12750.0,12755.0,12752.5,1.58011e-05,7.90055e-05,0
12755.0,12760.0,12757.5,1.860141e-05,9.300705e-05,0
12760.0,12765.0,12762.5,8.617742e-06,4.308871e-05,0
12765.0,12770.0,12767.5,1.0073956e-05,5.036978e-05,0
12770.0,12775.0,12772.5,1.0036714e-05,5.018357e-05,0
12775.0,12780.0,12777.5,1.296475e-05,6.482375e-05,0
12780.0,12785.0,12782.5,2.1543292e-05,0.00010771646,0
12785.0,12790.0,12787.5,1.7214302e-05,8.607151e-05,0
12790.0,12795.0,12792.5,1.7324878e-05,8.662439e-05,0
12795.0,12800.0,12797.5,1.891422e-05,9.45711e-05,0
12800.0,12805.0,12802.5,8.566664e-06,4.283332e-05,0
12805.0,12810.0,12807.5,8.753972e-06,4.376986e-05,0
12810.0,12815.0,12812.5,1.1491988e-05,5.745994e-05,0
12815.0,12820.0,12817.5,1.2953608e-05,6.476804e-05,0
12820.0,12825.0,12822.5,1.4278312e-05,7.139156e-05,0
12825.0,12830.0,12827.5,1.7125974e-05,8.562987e-05,0
12830.0,12835.0,12832.5,1.7311192e-05,8.655596e-05,0
12835.0,12840.0,12837.5,1.880657e-05,9.403285e-05,0
12840.0,12845.0,12842.5,1.5997848e-05,7.998924e-05,0
12845.0,12850.0,12847.5,5.745662e-06,2.872831e-05,0
12850.0,12855.0,12852.5,8.537724e-06,4.268862e-05,0
12855.0,12860.0,12857.5,1.7345204e-05,8.672602e-05,0
12860.0,12865.0,12862.5,1.5825114e-05,7.912557e-05,0
12865.0,12870.0,12867.5,2.015057e-05,0.00010075285,0
12870.0,12875.0,12872.5,1.1478434e-05,5.739217e-05,0
12875.0,12880.0,12877.5,5.670398e-06,2.835199e-05,0
12880.0,12885.0,12882.5,1.0008696e-05,5.004348e-05,0
12885.0,12890.0,12887.5,1.721784e-05,8.60892e-05,0
12890.0,12895.0,12892.5,1.2924292e-05,6.462146e-05,0
12895.0,12900.0,12897.5,1.722525e-05,8.612625e-05,0
12900.0,12905.0,12902.5,5.715308e-06,2.857654e-05,0
12905.0,12910.0,12907.5,1.2805388e-05,6.402694e-05,0
12910.0,12915.0,12912.5,9.986054e-06,4.993027e-05,0
12915.0,12920.0,12917.5,1.2946302e-05,6.473151e-05,0
12920.0,12925.0,12922.5,1.862364e-05,9.31182e-05,0
12925.0,12930.0,12927.5,1.8638272e-05,9.319136e-05,0
12930.0,12935.0,12932.5,1.148872e-05,5.74436e-05,0
12935.0,12940.0,12937.5,1.3074832e-05,6.537416e-05,0
12940.0,12945.0,12942.5,1.4381298e-05,7.190649e-05,0
12945.0,12950.0,12947.5,1.4411496e-05,7.205748e-05,0
12950.0,12955.0,12952.5,1.8779112e-05,9.389556e-05,0
12955.0,12960.0,12957.5,1.0056322e-05,5.028161e-05,0
12960.0,12965.0,12962.5,2.1479844e-05,0.00010739922,0
12965.0,12970.0,12967.5,1.156849e-05,5.784245e-05,0
12970.0,12975.0,12972.5,8.619672e-06,4.309836e-05,0
12975.0,12980.0,12977.5,1.3070744e-05,6.535372e-05,0
12980.0,12985.0,12982.5,8.728672e-06,4.364336e-05,0
12985.0,12990.0,12987.5,2.293622e-05,0.0001146811,0
12990.0,12995.0,12992.5,1.5819382e-05,7.909691e-05,0
12995.0,13000.0,12997.5,1.1547784e-05,5.773892e-05,0
13000.0,13005.0,13002.5,2.2999844e-05,0.00011499922,0
13005.0,13010.0,13007.5,1.5871196e-05,7.935598e-05,0
13010.0,13015.0,13012.5,1.29335e-05,6.46675e-05,0
13015.0,13020.0,13017.5,2.003866e-05,0.0001001933,0
13020.0,13025.0,13022.5,1.5754872e-05,7.877436e-05,0
13025.0,13030.0,13027.5,1.5823824e-05,7.911912e-05,0
13030.0,13035.0,13032.5,1.5729806e-05,7.864903e-05,0
13035.0,13040.0,13037.5,1.0058044e-05,5.029022e-05,0
13040.0,13045.0,13042.5,1.3072182e-05,6.536091e-05,0
13045.0,13050.0,13047.5,8.668298e-06,4.334149e-05,0
13050.0,13055.0,13052.5,1.451378e-06,7.25689e-06,0
13055.0,13060.0,13057.5,1.2882166e-05,6.441083e-05,0
13060.0,13065.0,13062.5,1.4385468e-05,7.192734e-05,0
13065.0,13070.0,13067.5,1.1574576e-05,5.787288e-05,0
13070.0,13075.0,13072.5,9.952574e-06,4.976287e-05,0
13075.0,13080.0,13077.5,1.4290402e-05,7.145201e-05,0
13080.0,13085.0,13082.5,2.008603e-05,0.00010043015,0
13085.0,13090.0,13087.5,1.149766e-05,5.74883e-05,0
13090.0,13095.0,13092.5,2.0237598e-05,0.00010118799,0
13095.0,13100.0,13097.5,5.767232e-06,2.883616e-05,0
13100.0,13105.0,13102.5,1.2838016e-05,6.419008e-05,0
13105.0,13110.0,13107.5,7.28002e-06,3.64001e-05,0
13110.0,13115.0,13112.5,2.015232e-05,0.0001007616,0
13115.0,13120.0,13117.5,1.4526426e-05,7.263213e-05,0
13120.0,13125.0,13122.5,4.319468e-06,2.159734e-05,0
13125.0,13130.0,13127.5,2.0221942e-05,0.00010110971,0
13130.0,13135.0,13132.5,1.2983356e-05,6.491678e-05,0
13135.0,13140.0,13137.5,2.0106452e-05,0.00010053226,0
13140.0,13145.0,13142.5,2.0176056e-05,0.00010088028,0
13145.0,13150.0,13147.5,1.1356672e-05,5.678336e-05,0
13150.0,13155.0,13152.5,1.2955986e-05,6.477993e-05,0
13155.0,13160.0,13157.5,7.086706e-06,3.543353e-05,0
13160.0,13165.0,13162.5,1.579237e-05,7.896185e-05,0
13165.0,13170.0,13167.5,1.7277084e-05,8.638542e-05,0
13170.0,13175.0,13172.5,1.8871754e-05,9.435877e-05,0
13175.0,13180.0,13177.5,2.0142716e-05,0.00010071358,0
13180.0,13185.0,13182.5,1.8619784e-05,9.309892e-05,0
13185.0,13190.0,13187.5,1.1470126e-05,5.735063e-05,0
13190.0,13195.0,13192.5,1.4348618e-05,7.174309e-05,0
13195.0,13200.0,13197.5,1.0010182e-05,5.005091e-05,0
13200.0,13205.0,13202.5,1.728825e-05,8.644125e-05,0
13205.0,13210.0,13207.5,1.3016154e-05,6.508077e-05,0
13210.0,13215.0,13212.5,1.8614866e-05,9.307433e-05,0
13215.0,13220.0,13217.5,7.138202e-06,3.569101e-05,0
13220.0,13225.0,13222.5,1.2850342e-05,6.425171e-05,0
13225.0,13230.0,13227.5,1.146441e-05,5.732205e-05,0
13230.0,13235.0,13232.5,1.0074736e-05,5.037368e-05,0
13235.0,13240.0,13237.5,8.700196e-06,4.350098e-05,0
13240.0,13245.0,13242.5,1.0017114e-05,5.008557e-05,0
13245.0,13250.0,13247.5,1.5801232e-05,7.900616e-05,0
13250.0,13255.0,13252.5,1.8702338e-05,9.351169e-05,0
13255.0,13260.0,13257.5,1.5892582e-05,7.946291e-05,0
13260.0,13265.0,13262.5,1.0135162e-05,5.067581e-05,0
13265.0,13270.0,13267.5,1.2950232e-05,6.475116e-05,0
13270.0,13275.0,13272.5,1.1418098e-05,5.709049e-05,0
13275.0,13280.0,13277.5,1.7160976e-05,8.580488e-05,0
13280.0,13285.0,13282.5,1.71949e-05,8.59745e-05,0
13285.0,13290.0,13287.5,1.0003226e-05,5.001613e-05,0
13290.0,13295.0,13292.5,1.1584368e-05,5.792184e-05,0
13295.0,13300.0,13297.5,1.2878874e-05,6.439437e-05,0
13300.0,13305.0,13302.5,1.1494924e-05,5.747462e-05,0
13305.0,13310.0,13307.5,2.0134118e-05,0.00010067059,0
13310.0,13315.0,13312.5,8.725004e-06,4.362502e-05,0
13315.0,13320.0,13317.5,1.0108724e-05,5.054362e-05,0
13320.0,13325.0,13322.5,5.791832e-06,2.895916e-05,0
13325.0,13330.0,13327.5,8.556994e-06,4.278497e-05,0
13330.0,13335.0,13332.5,8.605422e-06,4.302711e-05,0
13335.0,13340.0,13337.5,1.301566e-05,6.50783e-05,0
13340.0,13345.0,13342.5,1.4255282e-05,7.127641e-05,0
13345.0,13350.0,13347.5,8.630872e-06,4.315436e-05,0
13350.0,13355.0,13352.5,5.73102e-06,2.86551e-05,0
13355.0,13360.0,13357.5,1.4435528e-05,7.217764e-05,0
13360.0,13365.0,13362.5,1.1454862e-05,5.727431e-05,0
13365.0,13370.0,13367.5,1.0079892e-05,5.039946e-05,0
13370.0,13375.0,13372.5,1.1682766e-05,5.841383e-05,0
13375.0,13380.0,13377.5,1.7130976e-05,8.565488e-05,0
13380.0,13385.0,13382.5,1.5763902e-05,7.881951e-05,0
13385.0,13390.0,13387.5,2.0147614e-05,0.00010073807,0
13390.0,13395.0,13392.5,1.8742746e-05,9.371373e-05,0
13395.0,13400.0,13397.5,7.139416e-06,3.569708e-05,0
13400.0,13405.0,13402.5,5.831012e-06,2.915506e-05,0
13405.0,13410.0,13407.5,1.5799238e-05,7.899619e-05,0
13410.0,13415.0,13412.5,1.8614892e-05,9.307446e-05,0
13415.0,13420.0,13417.5,1.7229132e-05,8.614566e-05,0
13420.0,13425.0,13422.5,1.2989556e-05,6.494778e-05,0
13425.0,13430.0,13427.5,1.430248e-05,7.15124e-05,0
13430.0,13435.0,13432.5,1.1437982e-05,5.718991e-05,0
13435.0,13440.0,13437.5,9.978756e-06,4.989378e-05,0
13440.0,13445.0,13442.5,1.3049484e-05,6.524742e-05,0
13445.0,13450.0,13447.5,7.204208e-06,3.602104e-05,0
13450.0,13455.0,13452.5,1.1640964e-05,5.820482e-05,0
13455.0,13460.0,13457.5,1.5949488e-05,7.974744e-05,0
13460.0,13465.0,13462.5,2.3082698e-05,0.00011541349,0
13465.0,13470.0,13467.5,1.2910886e-05,6.455443e-05,0
13470.0,13475.0,13472.5,1.3019764e-05,6.509882e-05,0
13475.0,13480.0,13477.5,1.4324718e-05,7.162359e-05,0
13480.0,13485.0,13482.5,4.253344e-06,2.126672e-05,0
13485.0,13490.0,13487.5,1.1561078e-05,5.780539e-05,0
13490.0,13495.0,13492.5,1.289508e-05,6.44754e-05,0
13495.0,13500.0,13497.5,7.195522e-06,3.597761e-05,0
13500.0,13505.0,13502.5,7.226498e-06,3.613249e-05,0
13505.0,13510.0,13507.5,1.0070106e-05,5.035053e-05,0
13510.0,13515.0,13512.5,8.587786e-06,4.293893e-05,0
13515.0,13520.0,13517.5,7.204092e-06,3.602046e-05,0
13520.0,13525.0,13522.5,1.0071546e-05,5.035773e-05,0
13525.0,13530.0,13527.5,2.0016232e-05,0.00010008116,0
13530.0,13535.0,13532.5,2.1527894e-05,0.00010763947,0
13535.0,13540.0,13537.5,1.1465188e-05,5.732594e-05,0
13540.0,13545.0,13542.5,1.0052944e-05,5.026472e-05,0
13545.0,13550.0,13547.5,8.683718e-06,4.341859e-05,0
13550.0,13555.0,13552.5,1.1553988e-05,5.776994e-05,0
13555.0,13560.0,13557.5,1.1500686e-05,5.750343e-05,0
13560.0,13565.0,13562.5,5.752726e-06,2.876363e-05,0
13565.0,13570.0,13567.5,1.0099714e-05,5.049857e-05,0
13570.0,13575.0,13572.5,8.633082e-06,4.316541e-05,0
13575.0,13580.0,13577.5,4.33163e-06,2.165815e-05,0
13580.0,13585.0,13582.5,1.1512032e-05,5.756016e-05,0
13585.0,13590.0,13587.5,4.347124e-06,2.173562e-05,0
13590.0,13595.0,13592.5,1.442508e-05,7.21254e-05,0
13595.0,13600.0,13597.5,7.228212e-06,3.614106e-05,0
13600.0,13605.0,13602.5,1.2870924e-05,6.435462e-05,0
13605.0,13610.0,13607.5,1.860371e-05,9.301855e-05,0
13610.0,13615.0,13612.5,1.0138908e-05,5.069454e-05,0
13615.0,13620.0,13617.5,1.0178702e-05,5.089351e-05,0
13620.0,13625.0,13622.5,1.1478002e-05,5.739001e-05,0
13625.0,13630.0,13627.5,1.0206428e-05,5.103214e-05,0
13630.0,13635.0,13632.5,1.1556948e-05,5.778474e-05,0
13635.0,13640.0,13637.5,1.1469348e-05,5.734674e-05,0
13640.0,13645.0,13642.5,1.442322e-05,7.21161e-05,0
13645.0,13650.0,13647.5,7.217744e-06,3.608872e-05,0
13650.0,13655.0,13652.5,1.1695154e-05,5.847577e-05,0
13655.0,13660.0,13657.5,4.317364e-06,2.158682e-05,0
13660.0,13665.0,13662.5,1.1504716e-05,5.752358e-05,0
13665.0,13670.0,13667.5,1.297598e-05,6.48799e-05,0
13670.0,13675.0,13672.5,1.5968516e-05,7.984258e-05,0
13675.0,13680.0,13677.5,1.0075354e-05,5.037677e-05,0
13680.0,13685.0,13682.5,5.814084e-06,2.907042e-05,0
13685.0,13690.0,13687.5,1.1405288e-05,5.702644e-05,0
13690.0,13695.0,13692.5,1.5813078e-05,7.906539e-05,0
13695.0,13700.0,13697.5,7.199342e-06,3.599671e-05,0
13700.0,13705.0,13702.5,7.21397e-06,3.606985e-05,0
13705.0,13710.0,13707.5,1.2892134e-05,6.446067e-05,0
13710.0,13715.0,13712.5,2.4503916e-05,0.00012251958,0
13715.0,13720.0,13717.5,1.4372392e-05,7.186196e-05,0
13720.0,13725.0,13722.5,1.4312364e-05,7.156182e-05,0
13725.0,13730.0,13727.5,1.7180744e-05,8.590372e-05,0
13730.0,13735.0,13732.5,1.0169974e-05,5.084987e-05,0
13735.0,13740.0,13737.5,1.4461678e-05,7.230839e-05,0
13740.0,13745.0,13742.5,1.444958e-05,7.22479e-05,0
13745.0,13750.0,13747.5,1.1566798e-05,5.783399e-05,0
13750.0,13755.0,13752.5,1.5968186e-05,7.984093e-05,0
13755.0,13760.0,13757.5,1.7199614e-05,8.599807e-05,0
13760.0,13765.0,13762.5,1.5766516e-05,7.883258e-05,0
13765.0,13770.0,13767.5,4.33103e-06,2.165515e-05,0
13770.0,13775.0,13772.5,1.7280416e-05,8.640208e-05,0
13775.0,13780.0,13777.5,9.917652e-06,4.958826e-05,0
13780.0,13785.0,13782.5,1.7259644e-05,8.629822e-05,0
13785.0,13790.0,13787.5,1.4307066e-05,7.153533e-05,0
13790.0,13795.0,13792.5,1.4309418e-05,7.154709e-05,0
13795.0,13800.0,13797.5,1.145514e-05,5.72757e-05,0
13800.0,13805.0,13802.5,1.7265554e-05,8.632777e-05,0
13805.0,13810.0,13807.5,2.166531e-05,0.00010832655,0
13810.0,13815.0,13812.5,8.606028e-06,4.303014e-05,0
13815.0,13820.0,13817.5,7.3192e-06,3.6596e-05,0
13820.0,13825.0,13822.5,5.792278e-06,2.896139e-05,0
13825.0,13830.0,13827.5,1.302744e-05,6.51372e-05,0
13830.0,13835.0,13832.5,1.0166092e-05,5.083046e-05,0
13835.0,13840.0,13837.5,1.289945e-05,6.449725e-05,0
13840.0,13845.0,13842.5,8.611642e-06,4.305821e-05,0
13845.0,13850.0,13847.5,8.576094e-06,4.288047e-05,0
13850.0,13855.0,13852.5,1.1522946e-05,5.761473e-05,0
13855.0,13860.0,13857.5,1.2960814e-05,6.480407e-05,0
13860.0,13865.0,13862.5,1.3041704e-05,6.520852e-05,0
13865.0,13870.0,13867.5,7.161126e-06,3.580563e-05,0
13870.0,13875.0,13872.5,1.1511558e-05,5.755779e-05,0
13875.0,13880.0,13877.5,8.584188e-06,4.292094e-05,0
13880.0,13885.0,13882.5,1.578939e-05,7.894695e-05,0
13885.0,13890.0,13887.5,8.625566e-06,4.312783e-05,0
13890.0,13895.0,13892.5,1.8655414e-05,9.327707e-05,0
13895.0,13900.0,13897.5,1.0026774e-05,5.013387e-05,0
13900.0,13905.0,13902.5,1.4444528e-05,7.222264e-05,0
13905.0,13910.0,13907.5,1.4357644e-05,7.178822e-05,0
13910.0,13915.0,13912.5,1.4405766e-05,7.202883e-05,0
13915.0,13920.0,13917.5,1.1536484e-05,5.768242e-05,0
13920.0,13925.0,13922.5,9.958448e-06,4.979224e-05,0
13925.0,13930.0,13927.5,1.4370478e-05,7.185239e-05,0
13930.0,13935.0,13932.5,1.7229542e-05,8.614771e-05,0
13935.0,13940.0,13937.5,1.1521426e-05,5.760713e-05,0
13940.0,13945.0,13942.5,1.1603402e-05,5.801701e-05,0
13945.0,13950.0,13947.5,1.144002e-05,5.72001e-05,0
13950.0,13955.0,13952.5,1.1459508e-05,5.729754e-05,0
13955.0,13960.0,13957.5,7.19474e-06,3.59737e-05,0
13960.0,13965.0,13962.5,1.0121652e-05,5.060826e-05,0
13965.0,13970.0,13967.5,1.2936346e-05,6.468173e-05,0
13970.0,13975.0,13972.5,1.4299574e-05,7.149787e-05,0
13975.0,13980.0,13977.5,8.75193e-06,4.375965e-05,0
13980.0,13985.0,13982.5,7.15465e-06,3.577325e-05,0
13985.0,13990.0,13987.5,5.775998e-06,2.887999e-05,0
13990.0,13995.0,13992.5,7.17588e-06,3.58794e-05,0
13995.0,14000.0,13997.5,1.0076338e-05,5.038169e-05,0
14000.0,14005.0,14002.5,1.009253e-05,5.046265e-05,0
14005.0,14010.0,14007.5,1.0083592e-05,5.041796e-05,0
14010.0,14015.0,14012.5,1.139447e-05,5.697235e-05,0
14015.0,14020.0,14017.5,1.4400792e-05,7.200396e-05,0
14020.0,14025.0,14022.5,4.363192e-06,2.181596e-05,0
14025.0,14030.0,14027.5,1.1554412e-05,5.777206e-05,0
14030.0,14035.0,14032.5,1.7113394e-05,8.556697e-05,0
14035.0,14040.0,14037.5,5.742812e-06,2.871406e-05,0
14040.0,14045.0,14042.5,1.1550358e-05,5.775179e-05,0
14045.0,14050.0,14047.5,5.730664e-06,2.865332e-05,0
14050.0,14055.0,14052.5,1.0130864e-05,5.065432e-05,0
14055.0,14060.0,14057.5,8.573998e-06,4.286999e-05,0
14060.0,14065.0,14062.5,5.842126e-06,2.921063e-05,0
14065.0,14070.0,14067.5,1.578492e-05,7.89246e-05,0
14070.0,14075.0,14072.5,1.2945882e-05,6.472941e-05,0
14075.0,14080.0,14077.5,2.456698e-05,0.0001228349,0
14080.0,14085.0,14082.5,1.587591e-05,7.937955e-05,0
14085.0,14090.0,14087.5,1.151816e-05,5.75908e-05,0
14090.0,14095.0,14092.5,1.1511582e-05,5.755791e-05,0
14095.0,14100.0,14097.5,8.6533e-06,4.32665e-05,0
14100.0,14105.0,14102.5,8.677292e-06,4.338646e-05,0
14105.0,14110.0,14107.5,1.160278e-05,5.80139e-05,0
14110.0,14115.0,14112.5,8.653544e-06,4.326772e-05,0
14115.0,14120.0,14117.5,1.1406124e-05,5.703062e-05,0
14120.0,14125.0,14122.5,1.0134306e-05,5.067153e-05,0
14125.0,14130.0,14127.5,8.69627e-06,4.348135e-05,0
14130.0,14135.0,14132.5,1.0125542e-05,5.062771e-05,0
14135.0,14140.0,14137.5,1.4330092e-05,7.165046e-05,0
14140.0,14145.0,14142.5,1.003576e-05,5.01788e-05,0
14145.0,14150.0,14147.5,1.3025674e-05,6.512837e-05,0
14150.0,14155.0,14152.5,7.188882e-06,3.594441e-05,0
14155.0,14160.0,14157.5,7.148666e-06,3.574333e-05,0
14160.0,14165.0,14162.5,2.1640024e-05,0.00010820012,0
14165.0,14170.0,14167.5,1.2903476e-05,6.451738e-05,0
14170.0,14175.0,14172.5,1.4411086e-05,7.205543e-05,0
14175.0,14180.0,14177.5,1.3005766e-05,6.502883e-05,0
14180.0,14185.0,14182.5,1.013732e-05,5.06866e-05,0
14185.0,14190.0,14187.5,1.014171e-05,5.070855e-05,0
14190.0,14195.0,14192.5,8.59877e-06,4.299385e-05,0
14195.0,14200.0,14197.5,1.0063608e-05,5.031804e-05,0
14200.0,14205.0,14202.5,1.8731332e-05,9.365666e-05,0
14205.0,14210.0,14207.5,8.61763e-06,4.308815e-05,0
14210.0,14215.0,14212.5,1.441514e-05,7.20757e-05,0
14215.0,14220.0,14217.5,2.0346952e-05,0.00010173476,0
14220.0,14225.0,14222.5,1.1509776e-05,5.754888e-05,0
14225.0,14230.0,14227.5,1.0043072e-05,5.021536e-05,0
14230.0,14235.0,14232.5,1.1579456e-05,5.789728e-05,0
14235.0,14240.0,14237.5,1.2985574e-05,6.492787e-05,0
14240.0,14245.0,14242.5,1.4394856e-05,7.197428e-05,0
14245.0,14250.0,14247.5,1.297078e-05,6.48539e-05,0
14250.0,14255.0,14252.5,7.217404e-06,3.608702e-05,0
14255.0,14260.0,14257.5,1.8684104e-05,9.342052e-05,0
14260.0,14265.0,14262.5,1.8806682e-05,9.403341e-05,0
14265.0,14270.0,14267.5,1.2826614e-05,6.413307e-05,0
14270.0,14275.0,14272.5,1.000204e-05,5.00102e-05,0
14275.0,14280.0,14277.5,5.677462e-06,2.838731e-05,0
14280.0,14285.0,14282.5,2.1478072e-05,0.00010739036,0
14285.0,14290.0,14287.5,1.7369462e-05,8.684731e-05,0
14290.0,14295.0,14292.5,1.1414096e-05,5.707048e-05,0
14295.0,14300.0,14297.5,4.29646e-06,2.14823e-05,0
14300.0,14305.0,14302.5,1.4519848e-05,7.259924e-05,0
14305.0,14310.0,14307.5,1.2942628e-05,6.471314e-05,0
14310.0,14315.0,14312.5,1.7332522e-05,8.666261e-05,0
14315.0,14320.0,14317.5,1.2778364e-05,6.389182e-05,0
14320.0,14325.0,14322.5,4.379634e-06,2.189817e-05,0
14325.0,14330.0,14327.5,1.1473606e-05,5.736803e-05,0
14330.0,14335.0,14332.5,1.0070946e-05,5.035473e-05,0
14335.0,14340.0,14337.5,1.451378e-06,7.25689e-06,0
14340.0,14345.0,14342.5,1.446484e-05,7.23242e-05,0
14345.0,14350.0,14347.5,1.154302e-05,5.77151e-05,0
14350.0,14355.0,14352.5,1.1409574e-05,5.704787e-05,0
14355.0,14360.0,14357.5,1.4475542e-05,7.237771e-05,0
14360.0,14365.0,14362.5,1.1622422e-05,5.811211e-05,0
14365.0,14370.0,14367.5,1.1557706e-05,5.778853e-05,0
14370.0,14375.0,14372.5,1.7124044e-05,8.562022e-05,0
14375.0,14380.0,14377.5,1.0060238e-05,5.030119e-05,0
14380.0,14385.0,14382.5,1.0146862e-05,5.073431e-05,0
14385.0,14390.0,14387.5,1.5822442e-05,7.911221e-05,0
14390.0,14395.0,14392.5,9.952196e-06,4.976098e-05,0
14395.0,14400.0,14397.5,1.5947742e-05,7.973871e-05,0
14400.0,14405.0,14402.5,1.2830394e-05,6.415197e-05,0
14405.0,14410.0,14407.5,8.629892e-06,4.314946e-05,0
14410.0,14415.0,14412.5,7.230886e-06,3.615443e-05,0
14415.0,14420.0,14417.5,8.66785e-06,4.333925e-05,0
14420.0,14425.0,14422.5,1.1580286e-05,5.790143e-05,0
14425.0,14430.0,14427.5,1.4475808e-05,7.237904e-05,0
14430.0,14435.0,14432.5,8.54564e-06,4.27282e-05,0
14435.0,14440.0,14437.5,7.1983e-06,3.59915e-05,0
14440.0,14445.0,14442.5,1.1442414e-05,5.721207e-05,0
14445.0,14450.0,14447.5,1.0159864e-05,5.079932e-05,0
14450.0,14455.0,14452.5,1.0049296e-05,5.024648e-05,0
14455.0,14460.0,14457.5,1.8800794e-05,9.400397e-05,0
14460.0,14465.0,14462.5,8.626344e-06,4.313172e-05,0
14465.0,14470.0,14467.5,1.0132798e-05,5.066399e-05,0
14470.0,14475.0,14472.5,1.4228606e-05,7.114303e-05,0
14475.0,14480.0,14477.5,8.594964e-06,4.297482e-05,0
14480.0,14485.0,14482.5,1.146771e-05,5.733855e-05,0
14485.0,14490.0,14487.5,1.2789084e-05,6.394542e-05,0
14490.0,14495.0,14492.5,7.22542e-06,3.61271e-05,0
14495.0,14500.0,14497.5,7.21347e-06,3.606735e-05,0
14500.0,14505.0,14502.5,1.7247522e-05,8.623761e-05,0
14505.0,14510.0,14507.5,1.1393972e-05,5.696986e-05,0
14510.0,14515.0,14512.5,1.3042542e-05,6.521271e-05,0
14515.0,14520.0,14517.5,5.778764e-06,2.889382e-05,0
14520.0,14525.0,14522.5,7.14185e-06,3.570925e-05,0
14525.0,14530.0,14527.5,7.212522e-06,3.606261e-05,0
14530.0,14535.0,14532.5,7.233356e-06,3.616678e-05,0
14535.0,14540.0,14537.5,5.716762e-06,2.858381e-05,0
14540.0,14545.0,14542.5,1.1551208e-05,5.775604e-05,0
14545.0,14550.0,14547.5,1.5697966e-05,7.848983e-05,0
14550.0,14555.0,14552.5,1.281107e-05,6.405535e-05,0
14555.0,14560.0,14557.5,1.0099178e-05,5.049589e-05,0
14560.0,14565.0,14562.5,1.0123466e-05,5.061733e-05,0
14565.0,14570.0,14567.5,1.4444862e-05,7.222431e-05,0
14570.0,14575.0,14572.5,1.2859146e-05,6.429573e-05,0
14575.0,14580.0,14577.5,4.284366e-06,2.142183e-05,0
14580.0,14585.0,14582.5,1.3004436e-05,6.502218e-05,0
14585.0,14590.0,14587.5,1.8824804e-05,9.412402e-05,0
14590.0,14595.0,14592.5,1.00896e-05,5.0448e-05,0
14595.0,14600.0,14597.5,1.1543064e-05,5.771532e-05,0
14600.0,14605.0,14602.5,7.128608e-06,3.564304e-05,0
14605.0,14610.0,14607.5,1.2959982e-05,6.479991e-05,0
14610.0,14615.0,14612.5,8.57119e-06,4.285595e-05,0
14615.0,14620.0,14617.5,1.3035654e-05,6.517827e-05,0
14620.0,14625.0,14622.5,2.1776284e-05,0.00010888142,0
14625.0,14630.0,14627.5,1.0175346e-05,5.087673e-05,0
14630.0,14635.0,14632.5,1.582306e-05,7.91153e-05,0
14635.0,14640.0,14637.5,5.685492e-06,2.842746e-05,0
14640.0,14645.0,14642.5,7.280464e-06,3.640232e-05,0
14645.0,14650.0,14647.5,1.2995626e-05,6.497813e-05,0
14650.0,14655.0,14652.5,1.005338e-05,5.02669e-05,0
14655.0,14660.0,14657.5,4.329824e-06,2.164912e-05,0
14660.0,14665.0,14662.5,7.112514e-06,3.556257e-05,0
14665.0,14670.0,14667.5,5.790076e-06,2.895038e-05,0
14670.0,14675.0,14672.5,1.4240504e-05,7.120252e-05,0
14675.0,14680.0,14677.5,7.221872e-06,3.610936e-05,0
14680.0,14685.0,14682.5,8.588728e-06,4.294364e-05,0
14685.0,14690.0,14687.5,7.17072e-06,3.58536e-05,0
14690.0,14695.0,14692.5,1.296053e-05,6.480265e-05,0
14695.0,14700.0,14697.5,8.64636e-06,4.32318e-05,0
14700.0,14705.0,14702.5,1.455218e-05,7.27609e-05,0
14705.0,14710.0,14707.5,1.1520558e-05,5.760279e-05,0
14710.0,14715.0,14712.5,1.4528924e-05,7.264462e-05,0
14715.0,14720.0,14717.5,1.1595484e-05,5.797742e-05,0
14720.0,14725.0,14722.5,1.4297204e-05,7.148602e-05,0
14725.0,14730.0,14727.5,1.0041008e-05,5.020504e-05,0
14730.0,14735.0,14732.5,1.0066662e-05,5.033331e-05,0
14735.0,14740.0,14737.5,4.355028e-06,2.177514e-05,0
14740.0,14745.0,14742.5,1.0126386e-05,5.063193e-05,0
14745.0,14750.0,14747.5,1.1481818e-05,5.740909e-05,0
14750.0,14755.0,14752.5,8.72252e-06,4.36126e-05,0
14755.0,14760.0,14757.5,4.26514e-06,2.13257e-05,0
14760.0,14765.0,14762.5,7.212622e-06,3.606311e-05,0
14765.0,14770.0,14767.5,1.0114696e-05,5.057348e-05,0
14770.0,14775.0,14772.5,1.1536958e-05,5.768479e-05,0
14775.0,14780.0,14777.5,1.0126492e-05,5.063246e-05,0
14780.0,14785.0,14782.5,8.603834e-06,4.301917e-05,0
14785.0,14790.0,14787.5,2.814002e-06,1.407001e-05,0
14790.0,14795.0,14792.5,1.148156e-05,5.74078e-05,0
14795.0,14800.0,14797.5,1.5876676e-05,7.938338e-05,0
14800.0,14805.0,14802.5,8.545402e-06,4.272701e-05,0
14805.0,14810.0,14807.5,8.665748e-06,4.332874e-05,0
14810.0,14815.0,14812.5,1.1363886e-05,5.681943e-05,0
14815.0,14820.0,14817.5,4.397758e-06,2.198879e-05,0
14820.0,14825.0,14822.5,1.1401884e-05,5.700942e-05,0
14825.0,14830.0,14827.5,8.729378e-06,4.364689e-05,0
14830.0,14835.0,14832.5,5.78756e-06,2.89378e-05,0
14835.0,14840.0,14837.5,7.180352e-06,3.590176e-05,0
14840.0,14845.0,14842.5,7.232394e-06,3.616197e-05,0
14845.0,14850.0,14847.5,8.55233e-06,4.276165e-05,0
14850.0,14855.0,14852.5,8.520064e-06,4.260032e-05,0
14855.0,14860.0,14857.5,8.782786e-06,4.391393e-05,0
14860.0,14865.0,14862.5,8.589716e-06,4.294858e-05,0
14865.0,14870.0,14867.5,1.5888726e-05,7.944363e-05,0
14870.0,14875.0,14872.5,1.2930038e-05,6.465019e-05,0
14875.0,14880.0,14877.5,7.26148e-06,3.63074e-05,0
14880.0,14885.0,14882.5,7.123204e-06,3.561602e-05,0
14885.0,14890.0,14887.5,1.014768e-05,5.07384e-05,0
14890.0,14895.0,14892.5,5.698872e-06,2.849436e-05,0
14895.0,14900.0,14897.5,1.015546e-05,5.07773e-05,0
14900.0,14905.0,14902.5,4.32167e-06,2.160835e-05,0
14905.0,14910.0,14907.5,1.5836432e-05,7.918216e-05,0
14910.0,14915.0,14912.5,5.751616e-06,2.875808e-05,0
14915.0,14920.0,14917.5,8.649858e-06,4.324929e-05,0
14920.0,14925.0,14922.5,1.0061686e-05,5.030843e-05,0
14925.0,14930.0,14927.5,1.0153678e-05,5.076839e-05,0
14930.0,14935.0,14932.5,1.1462638e-05,5.731319e-05,0
14935.0,14940.0,14937.5,1.293402e-05,6.46701e-05,0
14940.0,14945.0,14942.5,1.7208838e-05,8.604419e-05,0
14945.0,14950.0,14947.5,1.0052574e-05,5.026287e-05,0
14950.0,14955.0,14952.5,5.750784e-06,2.875392e-05,0
14955.0,14960.0,14957.5,8.609226e-06,4.304613e-05,0
14960.0,14965.0,14962.5,1.295851e-05,6.479255e-05,0
14965.0,14970.0,14967.5,1.1510522e-05,5.755261e-05,0
14970.0,14975.0,14972.5,1.0127726e-05,5.063863e-05,0
14975.0,14980.0,14977.5,7.109194e-06,3.554597e-05,0
14980.0,14985.0,14982.5,5.735798e-06,2.867899e-05,0
14985.0,14990.0,14987.5,1.2924022e-05,6.462011e-05,0
14990.0,14995.0,14992.5,1.2954216e-05,6.477108e-05,0
14995.0,15000.0,14997.5,8.595938e-06,4.297969e-05,0
15000.0,15005.0,15002.5,9.980928e-06,4.990464e-05,0
15005.0,15010.0,15007.5,4.262114e-06,2.131057e-05,0
15010.0,15015.0,15012.5,4.314846e-06,2.157423e-05,0
15015.0,15020.0,15017.5,7.152814e-06,3.576407e-05,0
15020.0,15025.0,15022.5,2.929118e-06,1.464559e-05,0
15025.0,15030.0,15027.5,1.0127212e-05,5.063606e-05,0
15030.0,15035.0,15032.5,1.583348e-05,7.91674e-05,0
15035.0,15040.0,15037.5,8.631736e-06,4.315868e-05,0
15040.0,15045.0,15042.5,7.168024e-06,3.584012e-05,0
15045.0,15050.0,15047.5,7.202066e-06,3.601033e-05,0
15050.0,15055.0,15052.5,4.366354e-06,2.183177e-05,0
15055.0,15060.0,15057.5,1.8818174e-05,9.409087e-05,0
15060.0,15065.0,15062.5,1.2927384e-05,6.463692e-05,0
15065.0,15070.0,15067.5,7.173876e-06,3.586938e-05,0
15070.0,15075.0,15072.5,1.5709604e-05,7.854802e-05,0
15075.0,15080.0,15077.5,2.877302e-06,1.438651e-05,0
15080.0,15085.0,15082.5,1.8889624e-05,9.444812e-05,0
15085.0,15090.0,15087.5,1.1636008e-05,5.818004e-05,0
15090.0,15095.0,15092.5,1.0019072e-05,5.009536e-05,0
15095.0,15100.0,15097.5,1.5838902e-05,7.919451e-05,0
15100.0,15105.0,15102.5,4.311804e-06,2.155902e-05,0
15105.0,15110.0,15107.5,2.1530462e-05,0.00010765231,0
15110.0,15115.0,15112.5,1.158578e-05,5.79289e-05,0
15115.0,15120.0,15117.5,7.123706e-06,3.561853e-05,0
15120.0,15125.0,15122.5,1.5941236e-05,7.970618e-05,0
15125.0,15130.0,15127.5,7.233674e-06,3.616837e-05,0
15130.0,15135.0,15132.5,5.822932e-06,2.911466e-05,0
15135.0,15140.0,15137.5,1.147e-05,5.735e-05,0
15140.0,15145.0,15142.5,2.018561e-05,0.00010092805,0
15145.0,15150.0,15147.5,1.1574736e-05,5.787368e-05,0
15150.0,15155.0,15152.5,7.050878e-06,3.525439e-05,0
15155.0,15160.0,15157.5,1.0011996e-05,5.005998e-05,0
15160.0,15165.0,15162.5,5.768816e-06,2.884408e-05,0
15165.0,15170.0,15167.5,9.998034e-06,4.999017e-05,0
15170.0,15175.0,15172.5,1.1514766e-05,5.757383e-05,0
15175.0,15180.0,15177.5,1.1445376e-05,5.722688e-05,0
15180.0,15185.0,15182.5,7.204334e-06,3.602167e-05,0
15185.0,15190.0,15187.5,7.185486e-06,3.592743e-05,0
15190.0,15195.0,15192.5,1.5915012e-05,7.957506e-05,0
15195.0,15200.0,15197.5,1.2958868e-05,6.479434e-05,0
15200.0,15205.0,15202.5,8.578152e-06,4.289076e-05,0
15205.0,15210.0,15207.5,1.0156332e-05,5.078166e-05,0
15210.0,15215.0,15212.5,1.2987584e-05,6.493792e-05,0
15215.0,15220.0,15217.5,4.298986e-06,2.149493e-05,0
15220.0,15225.0,15222.5,1.300893e-05,6.504465e-05,0
15225.0,15230.0,15227.5,1.0156904e-05,5.078452e-05,0
15230.0,15235.0,15232.5,1.2957188e-05,6.478594e-05,0
15235.0,15240.0,15237.5,2.873062e-06,1.436531e-05,0
15240.0,15245.0,15242.5,1.4394708e-05,7.197354e-05,0
15245.0,15250.0,15247.5,5.679392e-06,2.839696e-05,0
15250.0,15255.0,15252.5,5.750784e-06,2.875392e-05,0
15255.0,15260.0,15257.5,1.006019e-05,5.030095e-05,0
15260.0,15265.0,15262.5,1.0102882e-05,5.051441e-05,0
15265.0,15270.0,15267.5,1.1580314e-05,5.790157e-05,0
15270.0,15275.0,15272.5,7.132226e-06,3.566113e-05,0
15275.0,15280.0,15277.5,1.3095684e-05,6.547842e-05,0
15280.0,15285.0,15282.5,1.1482766e-05,5.741383e-05,0
15285.0,15290.0,15287.5,1.1444366e-05,5.722183e-05,0
15290.0,15295.0,15292.5,1.1531674e-05,5.765837e-05,0
15295.0,15300.0,15297.5,7.107904e-06,3.553952e-05,0
15300.0,15305.0,15302.5,1.0145764e-05,5.072882e-05,0
15305.0,15310.0,15307.5,1.0168526e-05,5.084263e-05,0
15310.0,15315.0,15312.5,5.749516e-06,2.874758e-05,0
15315.0,15320.0,15317.5,8.75059e-06,4.375295e-05,0
15320.0,15325.0,15322.5,7.21437e-06,3.607185e-05,0
15325.0,15330.0,15327.5,1.0017164e-05,5.008582e-05,0
15330.0,15335.0,15332.5,1.4488112e-05,7.244056e-05,0
15335.0,15340.0,15337.5,1.152211e-05,5.761055e-05,0
15340.0,15345.0,15342.5,8.674148e-06,4.337074e-05,0
15345.0,15350.0,15347.5,1.2917828e-05,6.458914e-05,0
15350.0,15355.0,15352.5,2.91411e-06,1.457055e-05,0
15355.0,15360.0,15357.5,4.365488e-06,2.182744e-05,0
15360.0,15365.0,15362.5,1.2971888e-05,6.485944e-05,0
15365.0,15370.0,15367.5,8.660634e-06,4.330317e-05,0
15370.0,15375.0,15372.5,1.4394796e-05,7.197398e-05,0
15375.0,15380.0,15377.5,4.333218e-06,2.166609e-05,0
15380.0,15385.0,15382.5,1.157826e-05,5.78913e-05,0
15385.0,15390.0,15387.5,1.009414e-05,5.04707e-05,0
15390.0,15395.0,15392.5,8.694452e-06,4.347226e-05,0
15395.0,15400.0,15397.5,1.4481434e-05,7.240717e-05,0
15400.0,15405.0,15402.5,1.0112046e-05,5.056023e-05,0
15405.0,15410.0,15407.5,8.582278e-06,4.291139e-05,0
15410.0,15415.0,15412.5,1.5895792e-05,7.947896e-05,0
15415.0,15420.0,15417.5,7.150184e-06,3.575092e-05,0
15420.0,15425.0,15422.5,1.4433376e-05,7.216688e-05,0
15425.0,15430.0,15427.5,1.29708e-05,6.4854e-05,0
15430.0,15435.0,15432.5,1.440922e-06,7.20461e-06,0
15435.0,15440.0,15437.5,1.4254964e-05,7.127482e-05,0
15440.0,15445.0,15442.5,1.1530772e-05,5.765386e-05,0
15445.0,15450.0,15447.5,4.27257e-06,2.136285e-05,0
15450.0,15455.0,15452.5,8.627838e-06,4.313919e-05,0
15455.0,15460.0,15457.5,5.794624e-06,2.897312e-05,0
15460.0,15465.0,15462.5,8.703184e-06,4.351592e-05,0
15465.0,15470.0,15467.5,7.22443e-06,3.612215e-05,0
15470.0,15475.0,15472.5,5.804114e-06,2.902057e-05,0
15475.0,15480.0,15477.5,1.5837824e-05,7.918912e-05,0
15480.0,15485.0,15482.5,7.191286e-06,3.595643e-05,0
15485.0,15490.0,15487.5,5.743232e-06,2.871616e-05,0
15490.0,15495.0,15492.5,1.1534874e-05,5.767437e-05,0
15495.0,15500.0,15497.5,1.0089074e-05,5.044537e-05,0
15500.0,15505.0,15502.5,5.734706e-06,2.867353e-05,0
15505.0,15510.0,15507.5,1.2942782e-05,6.471391e-05,0
15510.0,15515.0,15512.5,1.3014324e-05,6.507162e-05,0
15515.0,15520.0,15517.5,2.91411e-06,1.457055e-05,0
15520.0,15525.0,15522.5,1.4349318e-05,7.174659e-05,0
15525.0,15530.0,15527.5,1.0189582e-05,5.094791e-05,0
15530.0,15535.0,15532.5,1.2918546e-05,6.459273e-05,0
15535.0,15540.0,15537.5,7.170246e-06,3.585123e-05,0
15540.0,15545.0,15542.5,1.003177e-05,5.015885e-05,0
15545.0,15550.0,15547.5,8.685772e-06,4.342886e-05,0
15550.0,15555.0,15552.5,5.738568e-06,2.869284e-05,0
15555.0,15560.0,15557.5,7.184866e-06,3.592433e-05,0
15560.0,15565.0,15562.5,8.583726e-06,4.291863e-05,0
15565.0,15570.0,15567.5,5.803644e-06,2.901822e-05,0
15570.0,15575.0,15572.5,4.411904e-06,2.205952e-05,0
15575.0,15580.0,15577.5,8.606398e-06,4.303199e-05,0
15580.0,15585.0,15582.5,1.5648908e-05,7.824454e-05,0
15585.0,15590.0,15587.5,1.442356e-05,7.21178e-05,0
15590.0,15595.0,15592.5,1.152833e-05,5.764165e-05,0
15595.0,15600.0,15597.5,5.776834e-06,2.888417e-05,0
15600.0,15605.0,15602.5,4.228248e-06,2.114124e-05,0
15605.0,15610.0,15607.5,8.6895e-06,4.34475e-05,0
15610.0,15615.0,15612.5,1.157474e-05,5.78737e-05,0
15615.0,15620.0,15617.5,1.5839706e-05,7.919853e-05,0
15620.0,15625.0,15622.5,1.2965474e-05,6.482737e-05,0
15625.0,15630.0,15627.5,1.2871582e-05,6.435791e-05,0
15630.0,15635.0,15632.5,5.803628e-06,2.901814e-05,0
15635.0,15640.0,15637.5,8.657572e-06,4.328786e-05,0
15640.0,15645.0,15642.5,2.897676e-06,1.448838e-05,0
15645.0,15650.0,15647.5,8.668274e-06,4.334137e-05,0
15650.0,15655.0,15652.5,1.1522164e-05,5.761082e-05,0
15655.0,15660.0,15657.5,4.338104e-06,2.169052e-05,0
15660.0,15665.0,15662.5,1.0048276e-05,5.024138e-05,0
15665.0,15670.0,15667.5,8.676094e-06,4.338047e-05,0
15670.0,15675.0,15672.5,5.76706e-06,2.88353e-05,0
15675.0,15680.0,15677.5,7.20433e-06,3.602165e-05,0
15680.0,15685.0,15682.5,1.3023322e-05,6.511661e-05,0
15685.0,15690.0,15687.5,1.0147784e-05,5.073892e-05,0
15690.0,15695.0,15692.5,1.5980644e-05,7.990322e-05,0
15695.0,15700.0,15697.5,1.0041378e-05,5.020689e-05,0
15700.0,15705.0,15702.5,7.308744e-06,3.654372e-05,0
15705.0,15710.0,15707.5,1.019995e-05,5.099975e-05,0
15710.0,15715.0,15712.5,4.411904e-06,2.205952e-05,0
15715.0,15720.0,15717.5,7.246606e-06,3.623303e-05,0
15720.0,15725.0,15722.5,1.005926e-05,5.02963e-05,0
15725.0,15730.0,15727.5,4.353444e-06,2.176722e-05,0
15730.0,15735.0,15732.5,7.226776e-06,3.613388e-05,0
15735.0,15740.0,15737.5,7.210092e-06,3.605046e-05,0
15740.0,15745.0,15742.5,1.729111e-05,8.645555e-05,0
15745.0,15750.0,15747.5,1.1497458e-05,5.748729e-05,0
15750.0,15755.0,15752.5,1.8624554e-05,9.312277e-05,0
15755.0,15760.0,15757.5,8.689508e-06,4.344754e-05,0
15760.0,15765.0,15762.5,5.775398e-06,2.887699e-05,0
15765.0,15770.0,15767.5,1.586863e-05,7.934315e-05,0
15770.0,15775.0,15772.5,5.7427e-06,2.87135e-05,0
15775.0,15780.0,15777.5,1.2959012e-05,6.479506e-05,0
15780.0,15785.0,15782.5,9.981638e-06,4.990819e-05,0
15785.0,15790.0,15787.5,8.6774e-06,4.3387e-05,0
15790.0,15795.0,15792.5,5.811778e-06,2.905889e-05,0
15795.0,15800.0,15797.5,9.9487e-06,4.97435e-05,0
15800.0,15805.0,15802.5,1.1433192e-05,5.716596e-05,0
15805.0,15810.0,15807.5,1.432152e-06,7.16076e-06,0
15810.0,15815.0,15812.5,4.29438e-06,2.14719e-05,0
15815.0,15820.0,15817.5,1.4514096e-05,7.257048e-05,0
15820.0,15825.0,15822.5,7.160264e-06,3.580132e-05,0
15825.0,15830.0,15827.5,1.3008576e-05,6.504288e-05,0
15830.0,15835.0,15832.5,1.1607014e-05,5.803507e-05,0
15835.0,15840.0,15837.5,1.1589714e-05,5.794857e-05,0
15840.0,15845.0,15842.5,2.863468e-06,1.431734e-05,0
15845.0,15850.0,15847.5,1.432152e-06,7.16076e-06,0
15850.0,15855.0,15852.5,2.877722e-06,1.438861e-05,0
15855.0,15860.0,15857.5,4.346262e-06,2.173131e-05,0
15860.0,15865.0,15862.5,1.1527228e-05,5.763614e-05,0
15865.0,15870.0,15867.5,1.289067e-05,6.445335e-05,0
15870.0,15875.0,15872.5,8.580334e-06,4.290167e-05,0
15875.0,15880.0,15877.5,5.750364e-06,2.875182e-05,0
15880.0,15885.0,15882.5,5.693772e-06,2.846886e-05,0
15885.0,15890.0,15887.5,5.721544e-06,2.860772e-05,0
15890.0,15895.0,15892.5,7.294606e-06,3.647303e-05,0
15895.0,15900.0,15897.5,7.17925e-06,3.589625e-05,0
15900.0,15905.0,15902.5,1.1462654e-05,5.731327e-05,0
15905.0,15910.0,15907.5,1.014308e-05,5.07154e-05,0
15910.0,15915.0,15912.5,1.302502e-05,6.51251e-05,0
15915.0,15920.0,15917.5,5.779508e-06,2.889754e-05,0
15920.0,15925.0,15922.5,8.62881e-06,4.314405e-05,0
15925.0,15930.0,15927.5,1.2919904e-05,6.459952e-05,0
15930.0,15935.0,15932.5,5.755768e-06,2.877884e-05,0
15935.0,15940.0,15937.5,7.173762e-06,3.586881e-05,0
15940.0,15945.0,15942.5,1.0193132e-05,5.096566e-05,0
15945.0,15950.0,15947.5,5.795062e-06,2.897531e-05,0
15950.0,15955.0,15952.5,1.1450014e-05,5.725007e-05,0
15955.0,15960.0,15957.5,1.443304e-05,7.21652e-05,0
15960.0,15965.0,15962.5,1.0222608e-05,5.111304e-05,0
15965.0,15970.0,15967.5,1.2928216e-05,6.464108e-05,0
15970.0,15975.0,15972.5,1.2817366e-05,6.408683e-05,0
15975.0,15980.0,15977.5,2.93104e-06,1.46552e-05,0
15980.0,15985.0,15982.5,5.70642e-06,2.85321e-05,0
15985.0,15990.0,15987.5,1.300586e-05,6.50293e-05,0
15990.0,15995.0,15992.5,7.283028e-06,3.641514e-05,0
15995.0,16000.0,15997.5,1.2896028e-05,6.448014e-05,0
16000.0,16005.0,16002.5,4.231892e-06,2.115946e-05,0
16005.0,16010.0,16007.5,1.010944e-05,5.05472e-05,0
16010.0,16015.0,16012.5,5.756118e-06,2.878059e-05,0
16015.0,16020.0,16017.5,2.8923e-06,1.44615e-05,0
16020.0,16025.0,16022.5,4.284786e-06,2.142393e-05,0
16025.0,16030.0,16027.5,1.292961e-05,6.464805e-05,0
16030.0,16035.0,16032.5,5.82334e-06,2.91167e-05,0
16035.0,16040.0,16037.5,1.1562266e-05,5.781133e-05,0
16040.0,16045.0,16042.5,7.341014e-06,3.670507e-05,0
16045.0,16050.0,16047.5,8.673608e-06,4.336804e-05,0
16050.0,16055.0,16052.5,5.668304e-06,2.834152e-05,0
16055.0,16060.0,16057.5,5.754902e-06,2.877451e-05,0
16060.0,16065.0,16062.5,1.302415e-05,6.512075e-05,0
16065.0,16070.0,16067.5,7.210524e-06,3.605262e-05,0
16070.0,16075.0,16072.5,5.792578e-06,2.896289e-05,0
16075.0,16080.0,16077.5,1.463594e-06,7.31797e-06,0
16080.0,16085.0,16082.5,1.007028e-05,5.03514e-05,0
16085.0,16090.0,16087.5,7.157054e-06,3.578527e-05,0
16090.0,16095.0,16092.5,1.1610942e-05,5.805471e-05,0
16095.0,16100.0,16097.5,4.30474e-06,2.15237e-05,0
16100.0,16105.0,16102.5,9.94296e-06,4.97148e-05,0
16105.0,16110.0,16107.5,1.0052342e-05,5.026171e-05,0
16110.0,16115.0,16112.5,5.80937e-06,2.904685e-05,0
16115.0,16120.0,16117.5,1.450301e-05,7.251505e-05,0
16120.0,16125.0,16122.5,1.1573092e-05,5.786546e-05,0
16125.0,16130.0,16127.5,7.168142e-06,3.584071e-05,0
16130.0,16135.0,16132.5,8.610084e-06,4.305042e-05,0
16135.0,16140.0,16137.5,5.813226e-06,2.906613e-05,0
16140.0,16145.0,16142.5,8.60886e-06,4.30443e-05,0
16145.0,16150.0,16147.5,8.621998e-06,4.310999e-05,0
16150.0,16155.0,16152.5,1.8720212e-05,9.360106e-05,0
16155.0,16160.0,16157.5,7.219342e-06,3.609671e-05,0
16160.0,16165.0,16162.5,1.0214068e-05,5.107034e-05,0
16165.0,16170.0,16167.5,1.1501332e-05,5.750666e-05,0
16170.0,16175.0,16172.5,7.230894e-06,3.615447e-05,0
16175.0,16180.0,16177.5,7.263842e-06,3.631921e-05,0
16180.0,16185.0,16182.5,1.3097086e-05,6.548543e-05,0
16185.0,16190.0,16187.5,8.597182e-06,4.298591e-05,0
16190.0,16195.0,16192.5,8.63542e-06,4.31771e-05,0
16195.0,16200.0,16197.5,2.899112e-06,1.449556e-05,0
16200.0,16205.0,16202.5,1.1557642e-05,5.778821e-05,0
16205.0,16210.0,16207.5,5.742812e-06,2.871406e-05,0
16210.0,16215.0,16212.5,8.675254e-06,4.337627e-05,0
16215.0,16220.0,16217.5,4.271364e-06,2.135682e-05,0
16220.0,16225.0,16222.5,1.1482784e-05,5.741392e-05,0
16225.0,16230.0,16227.5,8.666544e-06,4.333272e-05,0
16230.0,16235.0,16232.5,5.795948e-06,2.897974e-05,0
16235.0,16240.0,16237.5,1.2944984e-05,6.472492e-05,0
16240.0,16245.0,16242.5,1.0060974e-05,5.030487e-05,0
16245.0,16250.0,16247.5,5.771092e-06,2.885546e-05,0
16250.0,16255.0,16252.5,1.298323e-05,6.491615e-05,0
16255.0,16260.0,16257.5,2.873074e-06,1.436537e-05,0
16260.0,16265.0,16262.5,1.006144e-05,5.03072e-05,0
16265.0,16270.0,16267.5,5.803628e-06,2.901814e-05,0
16270.0,16275.0,16272.5,1.4482944e-05,7.241472e-05,0
16275.0,16280.0,16277.5,7.230886e-06,3.615443e-05,0
16280.0,16285.0,16282.5,7.228964e-06,3.614482e-05,0
16285.0,16290.0,16287.5,1.0041316e-05,5.020658e-05,0
16290.0,16295.0,16292.5,4.265968e-06,2.132984e-05,0
16295.0,16300.0,16297.5,4.313984e-06,2.156992e-05,0
16300.0,16305.0,16302.5,8.710154e-06,4.355077e-05,0
16305.0,16310.0,16307.5,8.545148e-06,4.272574e-05,0
16310.0,16315.0,16312.5,1.473188e-06,7.36594e-06,0
16315.0,16320.0,16317.5,7.185828e-06,3.592914e-05,0
16320.0,16325.0,16322.5,5.729562e-06,2.864781e-05,0
16325.0,16330.0,16327.5,8.68655e-06,4.343275e-05,0
16330.0,16335.0,16332.5,1.0036348e-05,5.018174e-05,0
16335.0,16340.0,16337.5,8.663596e-06,4.331798e-05,0
16340.0,16345.0,16342.5,1.2901746e-05,6.450873e-05,0
16345.0,16350.0,16347.5,1.0070102e-05,5.035051e-05,0
16350.0,16355.0,16352.5,8.648896e-06,4.324448e-05,0
16355.0,16360.0,16357.5,4.336656e-06,2.168328e-05,0
16360.0,16365.0,16362.5,2.840796e-06,1.420398e-05,0
16365.0,16370.0,16367.5,8.643672e-06,4.321836e-05,0
16370.0,16375.0,16372.5,5.697532e-06,2.848766e-05,0
16375.0,16380.0,16377.5,1.1526274e-05,5.763137e-05,0
16380.0,16385.0,16382.5,1.463594e-06,7.31797e-06,0
16390.0,16395.0,16392.5,1.440922e-06,7.20461e-06,0
16395.0,16400.0,16397.5,1.432152e-06,7.16076e-06,0
16400.0,16405.0,16402.5,1.399874e-06,6.99937e-06,0
16405.0,16410.0,16407.5,1.463594e-06,7.31797e-06,0
16410.0,16415.0,16412.5,1.414128e-06,7.07064e-06,0
16415.0,16420.0,16417.5,2.880252e-06,1.440126e-05,0
16420.0,16425.0,16422.5,1.399874e-06,6.99937e-06,0
16425.0,16430.0,16427.5,1.463594e-06,7.31797e-06,0
16430.0,16435.0,16432.5,1.432152e-06,7.16076e-06,0
16435.0,16440.0,16437.5,1.451378e-06,7.25689e-06,0
16440.0,16445.0,16442.5,2.839216e-06,1.419608e-05,0
16445.0,16450.0,16447.5,4.329824e-06,2.164912e-05,0
16450.0,16455.0,16452.5,2.865398e-06,1.432699e-05,0
16455.0,16460.0,16457.5,1.407064e-06,7.03532e-06,0
16460.0,16465.0,16462.5,2.877722e-06,1.438861e-05,0
16465.0,16470.0,16467.5,1.432152e-06,7.16076e-06,0
16470.0,16475.0,16472.5,2.887316e-06,1.443658e-05,0
16475.0,16480.0,16477.5,1.465524e-06,7.32762e-06,0
16480.0,16485.0,16482.5,1.425924e-06,7.12962e-06,0
16485.0,16490.0,16487.5,2.85184e-06,1.42592e-05,0
16495.0,16500.0,16497.5,2.879652e-06,1.439826e-05,0
16500.0,16505.0,16502.5,1.463594e-06,7.31797e-06,0
16505.0,16510.0,16507.5,1.414128e-06,7.07064e-06,0
16510.0,16515.0,16512.5,1.465524e-06,7.32762e-06,0
16515.0,16520.0,16517.5,2.865398e-06,1.432699e-05,0
16530.0,16535.0,16532.5,1.463594e-06,7.31797e-06,0
16535.0,16540.0,16537.5,1.473188e-06,7.36594e-06,0
16545.0,16550.0,16547.5,1.465524e-06,7.32762e-06,0
16550.0,16555.0,16552.5,4.305576e-06,2.152788e-05,0
16555.0,16560.0,16557.5,1.440922e-06,7.20461e-06,0
16565.0,16570.0,16567.5,4.338598e-06,2.169299e-05,0
16575.0,16580.0,16577.5,2.84628e-06,1.42314e-05,0
16580.0,16585.0,16582.5,4.301448e-06,2.150724e-05,0
16590.0,16595.0,16592.5,1.432152e-06,7.16076e-06,0
16595.0,16600.0,16597.5,2.906446e-06,1.453223e-05,0
16600.0,16605.0,16602.5,5.723474e-06,2.861737e-05,0
16615.0,16620.0,16617.5,1.473188e-06,7.36594e-06,0
16620.0,16625.0,16622.5,2.84628e-06,1.42314e-05,0
16625.0,16630.0,16627.5,2.847986e-06,1.423993e-05,0
16635.0,16640.0,16637.5,2.88353e-06,1.441765e-05,0
16640.0,16645.0,16642.5,1.432152e-06,7.16076e-06,0
16645.0,16650.0,16647.5,1.399874e-06,6.99937e-06,0
16650.0,16655.0,16652.5,2.879652e-06,1.439826e-05,0
16655.0,16660.0,16657.5,2.895746e-06,1.447873e-05,0
16660.0,16665.0,16662.5,1.432152e-06,7.16076e-06,0
16675.0,16680.0,16677.5,2.858076e-06,1.429038e-05,0
16680.0,16685.0,16682.5,1.425924e-06,7.12962e-06,0
16685.0,16690.0,16687.5,1.432152e-06,7.16076e-06,0
16690.0,16695.0,16692.5,2.914972e-06,1.457486e-05,0
16695.0,16700.0,16697.5,2.865506e-06,1.432753e-05,0
16700.0,16705.0,16702.5,5.84129e-06,2.920645e-05,0
16710.0,16715.0,16712.5,1.432152e-06,7.16076e-06,0
16720.0,16725.0,16722.5,1.425924e-06,7.12962e-06,0
16730.0,16735.0,16732.5,4.319468e-06,2.159734e-05,0
16735.0,16740.0,16737.5,4.338694e-06,2.169347e-05,0
16740.0,16745.0,16742.5,2.840052e-06,1.420026e-05,0
16760.0,16765.0,16762.5,2.851252e-06,1.425626e-05,0
16765.0,16770.0,16767.5,2.897676e-06,1.448838e-05,0
16770.0,16775.0,16772.5,4.292174e-06,2.146087e-05,0
16775.0,16780.0,16777.5,1.473188e-06,7.36594e-06,0
16785.0,16790.0,16787.5,1.465524e-06,7.32762e-06,0
16790.0,16795.0,16792.5,1.463594e-06,7.31797e-06,0
16800.0,16805.0,16802.5,2.88353e-06,1.441765e-05,0
16805.0,16810.0,16807.5,1.465524e-06,7.32762e-06,0
16810.0,16815.0,16812.5,1.451378e-06,7.25689e-06,0
16820.0,16825.0,16822.5,1.465524e-06,7.32762e-06,0
16825.0,16830.0,16827.5,1.451378e-06,7.25689e-06,0
16835.0,16840.0,16837.5,1.451378e-06,7.25689e-06,0
16840.0,16845.0,16842.5,1.425924e-06,7.12962e-06,0
16845.0,16850.0,16847.5,2.90276e-06,1.45138e-05,0
16850.0,16855.0,16852.5,2.94638e-06,1.47319e-05,0
16855.0,16860.0,16857.5,1.465524e-06,7.32762e-06,0
16860.0,16865.0,16862.5,1.440922e-06,7.20461e-06,0
16870.0,16875.0,16872.5,1.451378e-06,7.25689e-06,0
16890.0,16895.0,16892.5,4.319468e-06,2.159734e-05,0
16895.0,16900.0,16897.5,4.402306e-06,2.201153e-05,0
16905.0,16910.0,16907.5,1.465524e-06,7.32762e-06,0
16940.0,16945.0,16942.5,1.465524e-06,7.32762e-06,0
16950.0,16955.0,16952.5,1.399874e-06,6.99937e-06,0
16960.0,16965.0,16962.5,1.432152e-06,7.16076e-06,0
16965.0,16970.0,16967.5,2.839216e-06,1.419608e-05,0
16970.0,16975.0,16972.5,2.914972e-06,1.457486e-05,0
16985.0,16990.0,16987.5,1.465524e-06,7.32762e-06,0
16990.0,16995.0,16992.5,2.938712e-06,1.469356e-05,0
17015.0,17020.0,17017.5,1.432152e-06,7.16076e-06,0
17030.0,17035.0,17032.5,1.414128e-06,7.07064e-06,0
17035.0,17040.0,17037.5,4.296582e-06,2.148291e-05,0
17040.0,17045.0,17042.5,1.451378e-06,7.25689e-06,0
17045.0,17050.0,17047.5,5.814084e-06,2.907042e-05,0
17070.0,17075.0,17072.5,1.407064e-06,7.03532e-06,0
17090.0,17095.0,17092.5,2.839216e-06,1.419608e-05,0
17095.0,17100.0,17097.5,2.863468e-06,1.431734e-05,0
17105.0,17110.0,17107.5,2.92718e-06,1.46359e-05,0
17110.0,17115.0,17112.5,1.463594e-06,7.31797e-06,0
17115.0,17120.0,17117.5,1.432152e-06,7.16076e-06,0
17125.0,17130.0,17127.5,1.432152e-06,7.16076e-06,0
17130.0,17135.0,17132.5,1.407064e-06,7.03532e-06,0
17145.0,17150.0,17147.5,5.754188e-06,2.877094e-05,0
17160.0,17165.0,17162.5,1.451378e-06,7.25689e-06,0
17165.0,17170.0,17167.5,1.451378e-06,7.25689e-06,0
17170.0,17175.0,17172.5,1.465524e-06,7.32762e-06,0
17175.0,17180.0,17177.5,1.463594e-06,7.31797e-06,0
17180.0,17185.0,17182.5,1.432152e-06,7.16076e-06,0
17190.0,17195.0,17192.5,1.407064e-06,7.03532e-06,0
17195.0,17200.0,17197.5,2.904516e-06,1.452258e-05,0
17200.0,17205.0,17202.5,1.425924e-06,7.12962e-06,0
17210.0,17215.0,17212.5,1.432152e-06,7.16076e-06,0
17220.0,17225.0,17222.5,1.465524e-06,7.32762e-06,0
17225.0,17230.0,17227.5,1.473188e-06,7.36594e-06,0
17235.0,17240.0,17237.5,2.914972e-06,1.457486e-05,0
17245.0,17250.0,17247.5,1.440922e-06,7.20461e-06,0
17260.0,17265.0,17262.5,1.473188e-06,7.36594e-06,0
17265.0,17270.0,17267.5,4.280974e-06,2.140487e-05,0
17275.0,17280.0,17277.5,4.400368e-06,2.200184e-05,0
17280.0,17285.0,17282.5,1.473188e-06,7.36594e-06,0
17285.0,17290.0,17287.5,1.399874e-06,6.99937e-06,0
17305.0,17310.0,17307.5,1.465524e-06,7.32762e-06,0
17320.0,17325.0,17322.5,1.465524e-06,7.32762e-06,0
17325.0,17330.0,17327.5,4.35091e-06,2.175455e-05,0
17330.0,17335.0,17332.5,1.465524e-06,7.32762e-06,0
17335.0,17340.0,17337.5,2.879652e-06,1.439826e-05,0
17340.0,17345.0,17342.5,1.407064e-06,7.03532e-06,0
17360.0,17365.0,17362.5,1.465524e-06,7.32762e-06,0
17365.0,17370.0,17367.5,1.463594e-06,7.31797e-06,0
17370.0,17375.0,17372.5,1.425924e-06,7.12962e-06,0
17380.0,17385.0,17382.5,4.365488e-06,2.182744e-05,0
17390.0,17395.0,17392.5,1.432152e-06,7.16076e-06,0
17395.0,17400.0,17397.5,1.414128e-06,7.07064e-06,0
17400.0,17405.0,17402.5,2.847986e-06,1.423993e-05,0
17405.0,17410.0,17407.5,2.839216e-06,1.419608e-05,0
17415.0,17420.0,17417.5,2.91411e-06,1.457055e-05,0
17420.0,17425.0,17422.5,1.463594e-06,7.31797e-06,0
17430.0,17435.0,17432.5,4.322036e-06,2.161018e-05,0
17435.0,17440.0,17437.5,1.463594e-06,7.31797e-06,0
17440.0,17445.0,17442.5,1.407064e-06,7.03532e-06,0
17445.0,17450.0,17447.5,1.465524e-06,7.32762e-06,0
17455.0,17460.0,17457.5,1.414128e-06,7.07064e-06,0
17470.0,17475.0,17472.5,1.399874e-06,6.99937e-06,0
17495.0,17500.0,17497.5,1.414128e-06,7.07064e-06,0
17525.0,17530.0,17527.5,1.463594e-06,7.31797e-06,0
17530.0,17535.0,17532.5,1.473188e-06,7.36594e-06,0
17540.0,17545.0,17542.5,1.465524e-06,7.32762e-06,0
17550.0,17555.0,17552.5,1.451378e-06,7.25689e-06,0
17555.0,17560.0,17557.5,1.451378e-06,7.25689e-06,0
17560.0,17565.0,17562.5,1.407064e-06,7.03532e-06,0
17570.0,17575.0,17572.5,2.929118e-06,1.464559e-05,0
17585.0,17590.0,17587.5,1.465524e-06,7.32762e-06,0
17590.0,17595.0,17592.5,2.84628e-06,1.42314e-05,0
17605.0,17610.0,17607.5,1.399874e-06,6.99937e-06,0
17610.0,17615.0,17612.5,1.440922e-06,7.20461e-06,0
17625.0,17630.0,17627.5,1.432152e-06,7.16076e-06,0
17640.0,17645.0,17642.5,1.451378e-06,7.25689e-06,0
17645.0,17650.0,17647.5,1.432152e-06,7.16076e-06,0
17650.0,17655.0,17652.5,2.8923e-06,1.44615e-05,0
17655.0,17660.0,17657.5,1.451378e-06,7.25689e-06,0
17660.0,17665.0,17662.5,1.463594e-06,7.31797e-06,0
17670.0,17675.0,17672.5,4.338694e-06,2.169347e-05,0
17675.0,17680.0,17677.5,1.451378e-06,7.25689e-06,0
17685.0,17690.0,17687.5,1.465524e-06,7.32762e-06,0
17690.0,17695.0,17692.5,1.473188e-06,7.36594e-06,0
17700.0,17705.0,17702.5,5.764522e-06,2.882261e-05,0
17705.0,17710.0,17707.5,1.399874e-06,6.99937e-06,0
17715.0,17720.0,17717.5,2.889518e-06,1.444759e-05,0
17720.0,17725.0,17722.5,1.463594e-06,7.31797e-06,0
17740.0,17745.0,17742.5,1.465524e-06,7.32762e-06,0
17750.0,17755.0,17752.5,2.929118e-06,1.464559e-05,0
17755.0,17760.0,17757.5,1.432152e-06,7.16076e-06,0
17760.0,17765.0,17762.5,2.865506e-06,1.432753e-05,0
17770.0,17775.0,17772.5,1.473188e-06,7.36594e-06,0
17785.0,17790.0,17787.5,2.94638e-06,1.47319e-05,0
17790.0,17795.0,17792.5,1.465524e-06,7.32762e-06,0
17795.0,17800.0,17797.5,2.870658e-06,1.435329e-05,0
17800.0,17805.0,17802.5,2.916902e-06,1.458451e-05,0
17810.0,17815.0,17812.5,1.451378e-06,7.25689e-06,0
17815.0,17820.0,17817.5,1.432152e-06,7.16076e-06,0
17820.0,17825.0,17822.5,2.877302e-06,1.438651e-05,0
17825.0,17830.0,17827.5,2.873074e-06,1.436537e-05,0
17835.0,17840.0,17837.5,1.463594e-06,7.31797e-06,0
17860.0,17865.0,17862.5,1.432152e-06,7.16076e-06,0
17865.0,17870.0,17867.5,1.399874e-06,6.99937e-06,0
17880.0,17885.0,17882.5,2.90534e-06,1.45267e-05,0
17885.0,17890.0,17887.5,1.463594e-06,7.31797e-06,0
17900.0,17905.0,17902.5,1.463594e-06,7.31797e-06,0
17910.0,17915.0,17912.5,1.465524e-06,7.32762e-06,0
17915.0,17920.0,17917.5,2.914972e-06,1.457486e-05,0
17930.0,17935.0,17932.5,2.889518e-06,1.444759e-05,0
17935.0,17940.0,17937.5,2.88353e-06,1.441765e-05,0
17940.0,17945.0,17942.5,1.451378e-06,7.25689e-06,0
17955.0,17960.0,17957.5,1.414128e-06,7.07064e-06,0
17960.0,17965.0,17962.5,2.938712e-06,1.469356e-05,0
17965.0,17970.0,17967.5,1.465524e-06,7.32762e-06,0
17985.0,17990.0,17987.5,1.414128e-06,7.07064e-06,0
17990.0,17995.0,17992.5,1.465524e-06,7.32762e-06,0
18035.0,18040.0,18037.5,2.88184e-06,1.44092e-05,0
18040.0,18045.0,18042.5,2.929118e-06,1.464559e-05,0
18045.0,18050.0,18047.5,1.465524e-06,7.32762e-06,0
18055.0,18060.0,18057.5,1.473188e-06,7.36594e-06,0
18070.0,18075.0,18072.5,2.870658e-06,1.435329e-05,0
18080.0,18085.0,18082.5,1.414128e-06,7.07064e-06,0
18090.0,18095.0,18092.5,1.463594e-06,7.31797e-06,0
18095.0,18100.0,18097.5,1.432152e-06,7.16076e-06,0
18100.0,18105.0,18102.5,1.463594e-06,7.31797e-06,0
18110.0,18115.0,18112.5,1.473188e-06,7.36594e-06,0
18125.0,18130.0,18127.5,1.451378e-06,7.25689e-06,0
18150.0,18155.0,18152.5,1.399874e-06,6.99937e-06,0
18155.0,18160.0,18157.5,2.938712e-06,1.469356e-05,0
18175.0,18180.0,18177.5,2.916902e-06,1.458451e-05,0
18180.0,18185.0,18182.5,2.872588e-06,1.436294e-05,0
18185.0,18190.0,18187.5,2.93104e-06,1.46552e-05,0
18195.0,18200.0,18197.5,1.465524e-06,7.32762e-06,0
18210.0,18215.0,18212.5,1.465524e-06,7.32762e-06,0
18220.0,18225.0,18222.5,2.916902e-06,1.458451e-05,0
18230.0,18235.0,18232.5,4.327054e-06,2.163527e-05,0
18240.0,18245.0,18242.5,1.465524e-06,7.32762e-06,0
18245.0,18250.0,18247.5,1.432152e-06,7.16076e-06,0
18260.0,18265.0,18262.5,1.465524e-06,7.32762e-06,0
18270.0,18275.0,18272.5,1.432152e-06,7.16076e-06,0
18275.0,18280.0,18277.5,1.473188e-06,7.36594e-06,0
18280.0,18285.0,18282.5,1.465524e-06,7.32762e-06,0
18295.0,18300.0,18297.5,1.463594e-06,7.31797e-06,0
18305.0,18310.0,18307.5,1.451378e-06,7.25689e-06,0
18310.0,18315.0,18312.5,2.895746e-06,1.447873e-05,0
18315.0,18320.0,18317.5,2.92718e-06,1.46359e-05,0
18325.0,18330.0,18327.5,1.399874e-06,6.99937e-06,0
18330.0,18335.0,18332.5,7.17206e-06,3.58603e-05,0
18335.0,18340.0,18337.5,4.331264e-06,2.165632e-05,0
18340.0,18345.0,18342.5,2.92718e-06,1.46359e-05,0
18345.0,18350.0,18347.5,1.407064e-06,7.03532e-06,0
18350.0,18355.0,18352.5,2.88353e-06,1.441765e-05,0
18360.0,18365.0,18362.5,1.451378e-06,7.25689e-06,0
18365.0,18370.0,18367.5,1.463594e-06,7.31797e-06,0
18370.0,18375.0,18372.5,2.832988e-06,1.416494e-05,0
18380.0,18385.0,18382.5,4.392704e-06,2.196352e-05,0
18395.0,18400.0,18397.5,1.432152e-06,7.16076e-06,0
18400.0,18405.0,18402.5,1.451378e-06,7.25689e-06,0
18410.0,18415.0,18412.5,1.414128e-06,7.07064e-06,0
18415.0,18420.0,18417.5,1.399874e-06,6.99937e-06,0
18420.0,18425.0,18422.5,1.425924e-06,7.12962e-06,0
18435.0,18440.0,18437.5,2.825798e-06,1.412899e-05,0
18440.0,18445.0,18442.5,4.347124e-06,2.173562e-05,0
18445.0,18450.0,18447.5,1.451378e-06,7.25689e-06,0
18465.0,18470.0,18467.5,1.414128e-06,7.07064e-06,0
18470.0,18475.0,18472.5,1.451378e-06,7.25689e-06,0
18485.0,18490.0,18487.5,1.432152e-06,7.16076e-06,0
18495.0,18500.0,18497.5,1.440922e-06,7.20461e-06,0
18515.0,18520.0,18517.5,2.93104e-06,1.46552e-05,0
18525.0,18530.0,18527.5,1.440922e-06,7.20461e-06,0
18530.0,18535.0,18532.5,2.897676e-06,1.448838e-05,0
18535.0,18540.0,18537.5,1.451378e-06,7.25689e-06,0
18545.0,18550.0,18547.5,1.407064e-06,7.03532e-06,0
18555.0,18560.0,18557.5,1.465524e-06,7.32762e-06,0
18560.0,18565.0,18562.5,1.465524e-06,7.32762e-06,0
18565.0,18570.0,18567.5,2.924566e-06,1.462283e-05,0
18570.0,18575.0,18572.5,1.451378e-06,7.25689e-06,0
18575.0,18580.0,18577.5,5.729824e-06,2.864912e-05,0
18585.0,18590.0,18587.5,1.465524e-06,7.32762e-06,0
18590.0,18595.0,18592.5,4.338586e-06,2.169293e-05,0
18595.0,18600.0,18597.5,2.924566e-06,1.462283e-05,0
18600.0,18605.0,18602.5,2.90276e-06,1.45138e-05,0
18610.0,18615.0,18612.5,4.35091e-06,2.175455e-05,0
18615.0,18620.0,18617.5,1.432152e-06,7.16076e-06,0
18645.0,18650.0,18647.5,1.473188e-06,7.36594e-06,0
18660.0,18665.0,18662.5,2.891448e-06,1.445724e-05,0
18685.0,18690.0,18687.5,2.924566e-06,1.462283e-05,0
18690.0,18695.0,18692.5,5.73858e-06,2.86929e-05,0
18695.0,18700.0,18697.5,2.82826e-06,1.41413e-05,0
18705.0,18710.0,18707.5,1.432152e-06,7.16076e-06,0
18710.0,18715.0,18712.5,1.399874e-06,6.99937e-06,0
18715.0,18720.0,18717.5,1.473188e-06,7.36594e-06,0
18725.0,18730.0,18727.5,1.465524e-06,7.32762e-06,0
18740.0,18745.0,18742.5,1.465524e-06,7.32762e-06,0
18745.0,18750.0,18747.5,2.814002e-06,1.407001e-05,0
18750.0,18755.0,18752.5,2.879652e-06,1.439826e-05,0
18760.0,18765.0,18762.5,1.440922e-06,7.20461e-06,0
18780.0,18785.0,18782.5,1.465524e-06,7.32762e-06,0
18790.0,18795.0,18792.5,4.382418e-06,2.191209e-05,0
18800.0,18805.0,18802.5,1.473188e-06,7.36594e-06,0
18805.0,18810.0,18807.5,1.473188e-06,7.36594e-06,0
18820.0,18825.0,18822.5,2.873062e-06,1.436531e-05,0
18825.0,18830.0,18827.5,1.451378e-06,7.25689e-06,0
18830.0,18835.0,18832.5,1.425924e-06,7.12962e-06,0
18835.0,18840.0,18837.5,2.897676e-06,1.448838e-05,0
18845.0,18850.0,18847.5,1.414128e-06,7.07064e-06,0
18855.0,18860.0,18857.5,1.473188e-06,7.36594e-06,0
18870.0,18875.0,18872.5,1.414128e-06,7.07064e-06,0
18875.0,18880.0,18877.5,1.407064e-06,7.03532e-06,0
18880.0,18885.0,18882.5,2.94638e-06,1.47319e-05,0
18885.0,18890.0,18887.5,1.432152e-06,7.16076e-06,0
18895.0,18900.0,18897.5,1.473188e-06,7.36594e-06,0
18915.0,18920.0,18917.5,1.465524e-06,7.32762e-06,0
18920.0,18925.0,18922.5,1.432152e-06,7.16076e-06,0
18930.0,18935.0,18932.5,2.936782e-06,1.468391e-05,0
18935.0,18940.0,18937.5,4.27391e-06,2.136955e-05,0
18940.0,18945.0,18942.5,2.929118e-06,1.464559e-05,0
18945.0,18950.0,18947.5,1.463594e-06,7.31797e-06,0
18960.0,18965.0,18962.5,4.349054e-06,2.174527e-05,0
18970.0,18975.0,18972.5,2.806938e-06,1.403469e-05,0
18975.0,18980.0,18977.5,2.938712e-06,1.469356e-05,0
18980.0,18985.0,18982.5,1.473188e-06,7.36594e-06,0
18985.0,18990.0,18987.5,1.465524e-06,7.32762e-06,0
18995.0,19000.0,18997.5,2.914972e-06,1.457486e-05,0
19005.0,19010.0,19007.5,1.407064e-06,7.03532e-06,0
19010.0,19015.0,19012.5,1.465524e-06,7.32762e-06,0
19015.0,19020.0,19017.5,1.425924e-06,7.12962e-06,0
19020.0,19025.0,19022.5,2.880252e-06,1.440126e-05,0
19030.0,19035.0,19032.5,1.399874e-06,6.99937e-06,0
19060.0,19065.0,19062.5,2.8643e-06,1.43215e-05,0
19070.0,19075.0,19072.5,1.463594e-06,7.31797e-06,0
19080.0,19085.0,19082.5,1.440922e-06,7.20461e-06,0
19090.0,19095.0,19092.5,2.91411e-06,1.457055e-05,0
19095.0,19100.0,19097.5,1.463594e-06,7.31797e-06,0
19105.0,19110.0,19107.5,1.473188e-06,7.36594e-06,0
19110.0,19115.0,19112.5,1.425924e-06,7.12962e-06,0
19115.0,19120.0,19117.5,1.414128e-06,7.07064e-06,0
19120.0,19125.0,19122.5,1.451378e-06,7.25689e-06,0
19145.0,19150.0,19147.5,1.451378e-06,7.25689e-06,0
19150.0,19155.0,19152.5,2.877722e-06,1.438861e-05,0
19160.0,19165.0,19162.5,2.90534e-06,1.45267e-05,0
19170.0,19175.0,19172.5,1.440922e-06,7.20461e-06,0
19190.0,19195.0,19192.5,1.451378e-06,7.25689e-06,0
19195.0,19200.0,19197.5,1.473188e-06,7.36594e-06,0
19200.0,19205.0,19202.5,1.451378e-06,7.25689e-06,0
19210.0,19215.0,19212.5,1.399874e-06,6.99937e-06,0
19215.0,19220.0,19217.5,1.399874e-06,6.99937e-06,0
19225.0,19230.0,19227.5,1.425924e-06,7.12962e-06,0
19230.0,19235.0,19232.5,1.432152e-06,7.16076e-06,0
19240.0,19245.0,19242.5,1.463594e-06,7.31797e-06,0
19255.0,19260.0,19257.5,2.858442e-06,1.429221e-05,0
19265.0,19270.0,19267.5,1.473188e-06,7.36594e-06,0
19270.0,19275.0,19272.5,1.463594e-06,7.31797e-06,0
19280.0,19285.0,19282.5,2.887316e-06,1.443658e-05,0
19290.0,19295.0,19292.5,1.465524e-06,7.32762e-06,0
19295.0,19300.0,19297.5,1.465524e-06,7.32762e-06,0
19310.0,19315.0,19312.5,1.451378e-06,7.25689e-06,0
19320.0,19325.0,19322.5,2.873074e-06,1.436537e-05,0
19330.0,19335.0,19332.5,1.465524e-06,7.32762e-06,0
19340.0,19345.0,19342.5,1.432152e-06,7.16076e-06,0
19345.0,19350.0,19347.5,1.440922e-06,7.20461e-06,0
19350.0,19355.0,19352.5,4.39009e-06,2.195045e-05,0
19360.0,19365.0,19362.5,1.399874e-06,6.99937e-06,0
19365.0,19370.0,19367.5,2.877722e-06,1.438861e-05,0
19375.0,19380.0,19377.5,1.465524e-06,7.32762e-06,0
19380.0,19385.0,19382.5,1.407064e-06,7.03532e-06,0
19390.0,19395.0,19392.5,1.407064e-06,7.03532e-06,0
19405.0,19410.0,19407.5,1.407064e-06,7.03532e-06,0
19410.0,19415.0,19412.5,2.895746e-06,1.447873e-05,0
19435.0,19440.0,19437.5,1.414128e-06,7.07064e-06,0
19445.0,19450.0,19447.5,1.463594e-06,7.31797e-06,0
19465.0,19470.0,19467.5,1.451378e-06,7.25689e-06,0
19475.0,19480.0,19477.5,2.889518e-06,1.444759e-05,0
19480.0,19485.0,19482.5,1.425924e-06,7.12962e-06,0
19485.0,19490.0,19487.5,1.451378e-06,7.25689e-06,0
19495.0,19500.0,19497.5,1.465524e-06,7.32762e-06,0
19500.0,19505.0,19502.5,1.451378e-06,7.25689e-06,0
19505.0,19510.0,19507.5,1.463594e-06,7.31797e-06,0
19510.0,19515.0,19512.5,2.889518e-06,1.444759e-05,0
19515.0,19520.0,19517.5,1.463594e-06,7.31797e-06,0
19520.0,19525.0,19522.5,1.414128e-06,7.07064e-06,0
19525.0,19530.0,19527.5,1.399874e-06,6.99937e-06,0
19530.0,19535.0,19532.5,1.473188e-06,7.36594e-06,0
19540.0,19545.0,19542.5,1.465524e-06,7.32762e-06,0
19545.0,19550.0,19547.5,1.440922e-06,7.20461e-06,0
19565.0,19570.0,19567.5,1.451378e-06,7.25689e-06,0
19570.0,19575.0,19572.5,1.432152e-06,7.16076e-06,0
19575.0,19580.0,19577.5,1.432152e-06,7.16076e-06,0
19615.0,19620.0,19617.5,2.832988e-06,1.416494e-05,0
19620.0,19625.0,19622.5,1.451378e-06,7.25689e-06,0
19645.0,19650.0,19647.5,1.473188e-06,7.36594e-06,0
19660.0,19665.0,19662.5,1.465524e-06,7.32762e-06,0
19700.0,19705.0,19702.5,2.891448e-06,1.445724e-05,0
19710.0,19715.0,19712.5,1.432152e-06,7.16076e-06,0
19715.0,19720.0,19717.5,1.432152e-06,7.16076e-06,0
19720.0,19725.0,19722.5,1.432152e-06,7.16076e-06,0
19730.0,19735.0,19732.5,1.451378e-06,7.25689e-06,0
19740.0,19745.0,19742.5,1.451378e-06,7.25689e-06,0
19750.0,19755.0,19752.5,2.895746e-06,1.447873e-05,0
19760.0,19765.0,19762.5,2.914972e-06,1.457486e-05,0
19780.0,19785.0,19782.5,1.465524e-06,7.32762e-06,0
19785.0,19790.0,19787.5,2.851252e-06,1.425626e-05,0
19795.0,19800.0,19797.5,2.858442e-06,1.429221e-05,0
19810.0,19815.0,19812.5,1.473188e-06,7.36594e-06,0
19815.0,19820.0,19817.5,2.858442e-06,1.429221e-05,0
19830.0,19835.0,19832.5,4.370864e-06,2.185432e-05,0
19835.0,19840.0,19837.5,2.8923e-06,1.44615e-05,0
19855.0,19860.0,19857.5,1.425924e-06,7.12962e-06,0
19860.0,19865.0,19862.5,1.399874e-06,6.99937e-06,0
19865.0,19870.0,19867.5,1.463594e-06,7.31797e-06,0
19875.0,19880.0,19877.5,1.463594e-06,7.31797e-06,0
19885.0,19890.0,19887.5,2.832026e-06,1.416013e-05,0
19910.0,19915.0,19912.5,1.451378e-06,7.25689e-06,0
19915.0,19920.0,19917.5,1.440922e-06,7.20461e-06,0
19920.0,19925.0,19922.5,1.432152e-06,7.16076e-06,0
19930.0,19935.0,19932.5,1.432152e-06,7.16076e-06,0
19945.0,19950.0,19947.5,1.473188e-06,7.36594e-06,0
19950.0,19955.0,19952.5,1.465524e-06,7.32762e-06,0
19970.0,19975.0,19972.5,1.451378e-06,7.25689e-06,0
19975.0,19980.0,19977.5,1.425924e-06,7.12962e-06,0
19980.0,19985.0,19982.5,2.880252e-06,1.440126e-05,0
19985.0,19990.0,19987.5,1.440922e-06,7.20461e-06,0
19995.0,20000.0,19997.5,1.473188e-06,7.36594e-06,0
20005.0,20010.0,20007.5,1.432152e-06,7.16076e-06,0
20015.0,20020.0,20017.5,2.863468e-06,1.431734e-05,0
20045.0,20050.0,20047.5,1.451378e-06,7.25689e-06,0
20055.0,20060.0,20057.5,1.463594e-06,7.31797e-06,0
20060.0,20065.0,20062.5,1.440922e-06,7.20461e-06,0
20065.0,20070.0,20067.5,2.84628e-06,1.42314e-05,0
20070.0,20075.0,20072.5,1.440922e-06,7.20461e-06,0
20080.0,20085.0,20082.5,1.451378e-06,7.25689e-06,0
20085.0,20090.0,20087.5,2.90534e-06,1.45267e-05,0
20100.0,20105.0,20102.5,1.473188e-06,7.36594e-06,0
20110.0,20115.0,20112.5,2.891448e-06,1.445724e-05,0
20150.0,20155.0,20152.5,1.432152e-06,7.16076e-06,0
20160.0,20165.0,20162.5,1.425924e-06,7.12962e-06,0
20175.0,20180.0,20177.5,1.432152e-06,7.16076e-06,0
20205.0,20210.0,20207.5,2.904516e-06,1.452258e-05,0
20235.0,20240.0,20237.5,1.440922e-06,7.20461e-06,0
20240.0,20245.0,20242.5,1.432152e-06,7.16076e-06,0
20245.0,20250.0,20247.5,2.938712e-06,1.469356e-05,0
20265.0,20270.0,20267.5,2.821192e-06,1.410596e-05,0
20300.0,20305.0,20302.5,2.91411e-06,1.457055e-05,0
20305.0,20310.0,20307.5,2.889518e-06,1.444759e-05,0
20310.0,20315.0,20312.5,1.465524e-06,7.32762e-06,0
20320.0,20325.0,20322.5,4.322036e-06,2.161018e-05,0
20330.0,20335.0,20332.5,1.463594e-06,7.31797e-06,0
20345.0,20350.0,20347.5,1.473188e-06,7.36594e-06,0
20350.0,20355.0,20352.5,2.873062e-06,1.436531e-05,0
20355.0,20360.0,20357.5,2.879652e-06,1.439826e-05,0
20365.0,20370.0,20367.5,2.891448e-06,1.445724e-05,0
20390.0,20395.0,20392.5,1.407064e-06,7.03532e-06,0
20395.0,20400.0,20397.5,2.897676e-06,1.448838e-05,0
20400.0,20405.0,20402.5,1.440922e-06,7.20461e-06,0
20405.0,20410.0,20407.5,1.473188e-06,7.36594e-06,0
20410.0,20415.0,20412.5,1.463594e-06,7.31797e-06,0
20440.0,20445.0,20442.5,1.432152e-06,7.16076e-06,0
20450.0,20455.0,20452.5,2.90534e-06,1.45267e-05,0
20465.0,20470.0,20467.5,1.465524e-06,7.32762e-06,0
20475.0,20480.0,20477.5,1.463594e-06,7.31797e-06,0
20480.0,20485.0,20482.5,4.349054e-06,2.174527e-05,0
20485.0,20490.0,20487.5,2.8923e-06,1.44615e-05,0
20490.0,20495.0,20492.5,2.897676e-06,1.448838e-05,0
20495.0,20500.0,20497.5,1.451378e-06,7.25689e-06,0
20500.0,20505.0,20502.5,1.465524e-06,7.32762e-06,0
20525.0,20530.0,20527.5,1.473188e-06,7.36594e-06,0
20535.0,20540.0,20537.5,1.432152e-06,7.16076e-06,0
20540.0,20545.0,20542.5,1.473188e-06,7.36594e-06,0
20545.0,20550.0,20547.5,1.432152e-06,7.16076e-06,0
20550.0,20555.0,20552.5,1.463594e-06,7.31797e-06,0
20555.0,20560.0,20557.5,1.465524e-06,7.32762e-06,0
20565.0,20570.0,20567.5,1.451378e-06,7.25689e-06,0
20575.0,20580.0,20577.5,1.432152e-06,7.16076e-06,0
20590.0,20595.0,20592.5,1.432152e-06,7.16076e-06,0
20595.0,20600.0,20597.5,1.451378e-06,7.25689e-06,0
20610.0,20615.0,20612.5,2.889518e-06,1.444759e-05,0
20630.0,20635.0,20632.5,1.463594e-06,7.31797e-06,0
20635.0,20640.0,20637.5,1.465524e-06,7.32762e-06,0
20640.0,20645.0,20642.5,1.473188e-06,7.36594e-06,0
20645.0,20650.0,20647.5,1.465524e-06,7.32762e-06,0
20665.0,20670.0,20667.5,1.463594e-06,7.31797e-06,0
20670.0,20675.0,20672.5,2.90534e-06,1.45267e-05,0
20675.0,20680.0,20677.5,1.465524e-06,7.32762e-06,0
20680.0,20685.0,20682.5,1.473188e-06,7.36594e-06,0
20685.0,20690.0,20687.5,1.451378e-06,7.25689e-06,0
20695.0,20700.0,20697.5,2.916902e-06,1.458451e-05,0
20700.0,20705.0,20702.5,4.337488e-06,2.168744e-05,0
20750.0,20755.0,20752.5,1.407064e-06,7.03532e-06,0
20755.0,20760.0,20757.5,1.465524e-06,7.32762e-06,0
20765.0,20770.0,20767.5,2.891448e-06,1.445724e-05,0
20795.0,20800.0,20797.5,1.473188e-06,7.36594e-06,0
20805.0,20810.0,20807.5,1.465524e-06,7.32762e-06,0
20845.0,20850.0,20847.5,1.451378e-06,7.25689e-06,0
20850.0,20855.0,20852.5,1.473188e-06,7.36594e-06,0
20860.0,20865.0,20862.5,1.432152e-06,7.16076e-06,0
20875.0,20880.0,20877.5,2.936782e-06,1.468391e-05,0
20890.0,20895.0,20892.5,2.88353e-06,1.441765e-05,0
20905.0,20910.0,20907.5,1.407064e-06,7.03532e-06,0
20910.0,20915.0,20912.5,1.414128e-06,7.07064e-06,0
20920.0,20925.0,20922.5,1.440922e-06,7.20461e-06,0
20930.0,20935.0,20932.5,1.451378e-06,7.25689e-06,0
20935.0,20940.0,20937.5,1.465524e-06,7.32762e-06,0
20940.0,20945.0,20942.5,1.451378e-06,7.25689e-06,0
20955.0,20960.0,20957.5,1.451378e-06,7.25689e-06,0
21020.0,21025.0,21022.5,1.425924e-06,7.12962e-06,0
21030.0,21035.0,21032.5,1.473188e-06,7.36594e-06,0
21055.0,21060.0,21057.5,1.451378e-06,7.25689e-06,0
21070.0,21075.0,21072.5,1.407064e-06,7.03532e-06,0
21085.0,21090.0,21087.5,1.414128e-06,7.07064e-06,0
21095.0,21100.0,21097.5,1.399874e-06,6.99937e-06,0
21125.0,21130.0,21127.5,1.473188e-06,7.36594e-06,0
21130.0,21135.0,21132.5,1.407064e-06,7.03532e-06,0
21140.0,21145.0,21142.5,1.440922e-06,7.20461e-06,0
21145.0,21150.0,21147.5,1.451378e-06,7.25689e-06,0
21175.0,21180.0,21177.5,2.8643e-06,1.43215e-05,0
21185.0,21190.0,21187.5,1.463594e-06,7.31797e-06,0
21225.0,21230.0,21227.5,1.473188e-06,7.36594e-06,0
21245.0,21250.0,21247.5,1.473188e-06,7.36594e-06,0
21270.0,21275.0,21272.5,2.91411e-06,1.457055e-05,0
21275.0,21280.0,21277.5,4.368284e-06,2.184142e-05,0
21285.0,21290.0,21287.5,4.340034e-06,2.170017e-05,0
21290.0,21295.0,21292.5,2.879652e-06,1.439826e-05,0
21310.0,21315.0,21312.5,1.432152e-06,7.16076e-06,0
21315.0,21320.0,21317.5,1.451378e-06,7.25689e-06,0
21320.0,21325.0,21322.5,2.91411e-06,1.457055e-05,0
21325.0,21330.0,21327.5,1.473188e-06,7.36594e-06,0
21335.0,21340.0,21337.5,1.473188e-06,7.36594e-06,0
21340.0,21345.0,21342.5,1.463594e-06,7.31797e-06,0
21350.0,21355.0,21352.5,4.272928e-06,2.136464e-05,0
21365.0,21370.0,21367.5,1.414128e-06,7.07064e-06,0
21370.0,21375.0,21372.5,1.432152e-06,7.16076e-06,0
21410.0,21415.0,21412.5,1.432152e-06,7.16076e-06,0
21415.0,21420.0,21417.5,1.432152e-06,7.16076e-06,0
21430.0,21435.0,21432.5,1.425924e-06,7.12962e-06,0
21455.0,21460.0,21457.5,2.880252e-06,1.440126e-05,0
21465.0,21470.0,21467.5,1.463594e-06,7.31797e-06,0
21470.0,21475.0,21472.5,1.425924e-06,7.12962e-06,0
21500.0,21505.0,21502.5,1.432152e-06,7.16076e-06,0
21535.0,21540.0,21537.5,1.432152e-06,7.16076e-06,0
21545.0,21550.0,21547.5,1.432152e-06,7.16076e-06,0
21560.0,21565.0,21562.5,1.451378e-06,7.25689e-06,0
21570.0,21575.0,21572.5,1.465524e-06,7.32762e-06,0
21590.0,21595.0,21592.5,1.407064e-06,7.03532e-06,0
21595.0,21600.0,21597.5,1.425924e-06,7.12962e-06,0
21600.0,21605.0,21602.5,1.465524e-06,7.32762e-06,0
21610.0,21615.0,21612.5,1.463594e-06,7.31797e-06,0
21625.0,21630.0,21627.5,1.425924e-06,7.12962e-06,0
21650.0,21655.0,21652.5,4.392704e-06,2.196352e-05,0
21660.0,21665.0,21662.5,2.84628e-06,1.42314e-05,0
21685.0,21690.0,21687.5,1.465524e-06,7.32762e-06,0
21700.0,21705.0,21702.5,1.463594e-06,7.31797e-06,0
21705.0,21710.0,21707.5,2.889518e-06,1.444759e-05,0
21715.0,21720.0,21717.5,1.432152e-06,7.16076e-06,0
21735.0,21740.0,21737.5,1.465524e-06,7.32762e-06,0
21740.0,21745.0,21742.5,1.432152e-06,7.16076e-06,0
21750.0,21755.0,21752.5,1.399874e-06,6.99937e-06,0
21770.0,21775.0,21772.5,1.473188e-06,7.36594e-06,0
21795.0,21800.0,21797.5,1.463594e-06,7.31797e-06,0
21815.0,21820.0,21817.5,2.858076e-06,1.429038e-05,0
21820.0,21825.0,21822.5,5.796788e-06,2.898394e-05,0
21830.0,21835.0,21832.5,1.465524e-06,7.32762e-06,0
21835.0,21840.0,21837.5,1.432152e-06,7.16076e-06,0
21850.0,21855.0,21852.5,2.916902e-06,1.458451e-05,0
21875.0,21880.0,21877.5,1.473188e-06,7.36594e-06,0
21880.0,21885.0,21882.5,1.425924e-06,7.12962e-06,0
21925.0,21930.0,21927.5,1.451378e-06,7.25689e-06,0
21945.0,21950.0,21947.5,4.253344e-06,2.126672e-05,0
21960.0,21965.0,21962.5,2.90534e-06,1.45267e-05,0
21965.0,21970.0,21967.5,1.463594e-06,7.31797e-06,0
21970.0,21975.0,21972.5,1.465524e-06,7.32762e-06,0
21980.0,21985.0,21982.5,1.407064e-06,7.03532e-06,0
21995.0,22000.0,21997.5,1.463594e-06,7.31797e-06,0
22025.0,22030.0,22027.5,1.440922e-06,7.20461e-06,0
22030.0,22035.0,22032.5,1.473188e-06,7.36594e-06,0
22035.0,22040.0,22037.5,1.465524e-06,7.32762e-06,0
22040.0,22045.0,22042.5,1.414128e-06,7.07064e-06,0
22065.0,22070.0,22067.5,2.847986e-06,1.423993e-05,0
22080.0,22085.0,22082.5,1.463594e-06,7.31797e-06,0
22085.0,22090.0,22087.5,1.463594e-06,7.31797e-06,0
22095.0,22100.0,22097.5,1.473188e-06,7.36594e-06,0
22110.0,22115.0,22112.5,1.440922e-06,7.20461e-06,0
22120.0,22125.0,22122.5,1.399874e-06,6.99937e-06,0
22125.0,22130.0,22127.5,1.465524e-06,7.32762e-06,0
22130.0,22135.0,22132.5,1.414128e-06,7.07064e-06,0
22155.0,22160.0,22157.5,1.473188e-06,7.36594e-06,0
22160.0,22165.0,22162.5,2.889518e-06,1.444759e-05,0
22200.0,22205.0,22202.5,1.425924e-06,7.12962e-06,0
22205.0,22210.0,22207.5,1.407064e-06,7.03532e-06,0
22215.0,22220.0,22217.5,1.473188e-06,7.36594e-06,0
22245.0,22250.0,22247.5,2.84628e-06,1.42314e-05,0
22250.0,22255.0,22252.5,4.387302e-06,2.193651e-05,0
22265.0,22270.0,22267.5,1.440922e-06,7.20461e-06,0
22270.0,22275.0,22272.5,1.473188e-06,7.36594e-06,0
22280.0,22285.0,22282.5,1.463594e-06,7.31797e-06,0
22295.0,22300.0,22297.5,2.914972e-06,1.457486e-05,0
22320.0,22325.0,22322.5,1.451378e-06,7.25689e-06,0
22325.0,22330.0,22327.5,1.473188e-06,7.36594e-06,0
22335.0,22340.0,22337.5,1.463594e-06,7.31797e-06,0
22395.0,22400.0,22397.5,1.451378e-06,7.25689e-06,0
22400.0,22405.0,22402.5,2.929118e-06,1.464559e-05,0
22420.0,22425.0,22422.5,1.451378e-06,7.25689e-06,0
22425.0,22430.0,22427.5,1.463594e-06,7.31797e-06,0
22435.0,22440.0,22437.5,1.451378e-06,7.25689e-06,0
22440.0,22445.0,22442.5,1.440922e-06,7.20461e-06,0
22470.0,22475.0,22472.5,1.407064e-06,7.03532e-06,0
22480.0,22485.0,22482.5,1.463594e-06,7.31797e-06,0
22490.0,22495.0,22492.5,1.473188e-06,7.36594e-06,0
22515.0,22520.0,22517.5,1.414128e-06,7.07064e-06,0
22520.0,22525.0,22522.5,2.839216e-06,1.419608e-05,0
22525.0,22530.0,22527.5,1.463594e-06,7.31797e-06,0
22530.0,22535.0,22532.5,1.432152e-06,7.16076e-06,0
22545.0,22550.0,22547.5,1.465524e-06,7.32762e-06,0
22555.0,22560.0,22557.5,1.432152e-06,7.16076e-06,0
22565.0,22570.0,22567.5,1.463594e-06,7.31797e-06,0
22570.0,22575.0,22572.5,2.895746e-06,1.447873e-05,0
22600.0,22605.0,22602.5,1.432152e-06,7.16076e-06,0
22620.0,22625.0,22622.5,2.895746e-06,1.447873e-05,0
22625.0,22630.0,22627.5,1.465524e-06,7.32762e-06,0
22655.0,22660.0,22657.5,1.473188e-06,7.36594e-06,0
22660.0,22665.0,22662.5,1.473188e-06,7.36594e-06,0
22665.0,22670.0,22667.5,1.451378e-06,7.25689e-06,0
22690.0,22695.0,22692.5,1.451378e-06,7.25689e-06,0
22695.0,22700.0,22697.5,1.473188e-06,7.36594e-06,0
22700.0,22705.0,22702.5,1.473188e-06,7.36594e-06,0
22710.0,22715.0,22712.5,1.414128e-06,7.07064e-06,0
22715.0,22720.0,22717.5,1.425924e-06,7.12962e-06,0
22750.0,22755.0,22752.5,1.432152e-06,7.16076e-06,0
22780.0,22785.0,22782.5,1.432152e-06,7.16076e-06,0
22785.0,22790.0,22787.5,1.451378e-06,7.25689e-06,0
22795.0,22800.0,22797.5,2.806938e-06,1.403469e-05,0
22800.0,22805.0,22802.5,1.463594e-06,7.31797e-06,0
22805.0,22810.0,22807.5,1.432152e-06,7.16076e-06,0
22825.0,22830.0,22827.5,1.432152e-06,7.16076e-06,0
22830.0,22835.0,22832.5,2.916902e-06,1.458451e-05,0
22835.0,22840.0,22837.5,1.465524e-06,7.32762e-06,0
22885.0,22890.0,22887.5,2.863468e-06,1.431734e-05,0
22905.0,22910.0,22907.5,1.473188e-06,7.36594e-06,0
22910.0,22915.0,22912.5,1.473188e-06,7.36594e-06,0
22915.0,22920.0,22917.5,1.407064e-06,7.03532e-06,0
22920.0,22925.0,22922.5,1.451378e-06,7.25689e-06,0
22940.0,22945.0,22942.5,1.463594e-06,7.31797e-06,0
22950.0,22955.0,22952.5,1.432152e-06,7.16076e-06,0
22965.0,22970.0,22967.5,1.399874e-06,6.99937e-06,0
22970.0,22975.0,22972.5,1.407064e-06,7.03532e-06,0
22990.0,22995.0,22992.5,1.465524e-06,7.32762e-06,0
23000.0,23005.0,23002.5,1.465524e-06,7.32762e-06,0
23005.0,23010.0,23007.5,1.465524e-06,7.32762e-06,0
23010.0,23015.0,23012.5,1.414128e-06,7.07064e-06,0
23060.0,23065.0,23062.5,1.463594e-06,7.31797e-06,0
23065.0,23070.0,23067.5,1.425924e-06,7.12962e-06,0
23070.0,23075.0,23072.5,1.463594e-06,7.31797e-06,0
23075.0,23080.0,23077.5,1.425924e-06,7.12962e-06,0
23085.0,23090.0,23087.5,1.414128e-06,7.07064e-06,0
23150.0,23155.0,23152.5,1.432152e-06,7.16076e-06,0
23170.0,23175.0,23172.5,1.465524e-06,7.32762e-06,0
23175.0,23180.0,23177.5,2.895746e-06,1.447873e-05,0
23185.0,23190.0,23187.5,1.407064e-06,7.03532e-06,0
23200.0,23205.0,23202.5,1.473188e-06,7.36594e-06,0
23220.0,23225.0,23222.5,1.414128e-06,7.07064e-06,0
23225.0,23230.0,23227.5,1.414128e-06,7.07064e-06,0
23245.0,23250.0,23247.5,1.451378e-06,7.25689e-06,0
23305.0,23310.0,23307.5,1.473188e-06,7.36594e-06,0
23335.0,23340.0,23337.5,2.90534e-06,1.45267e-05,0
23355.0,23360.0,23357.5,2.8923e-06,1.44615e-05,0
23370.0,23375.0,23372.5,1.463594e-06,7.31797e-06,0
23385.0,23390.0,23387.5,2.92718e-06,1.46359e-05,0
23390.0,23395.0,23392.5,2.879652e-06,1.439826e-05,0
23400.0,23405.0,23402.5,1.473188e-06,7.36594e-06,0
23410.0,23415.0,23412.5,1.432152e-06,7.16076e-06,0
23420.0,23425.0,23422.5,1.465524e-06,7.32762e-06,0
23435.0,23440.0,23437.5,1.473188e-06,7.36594e-06,0
23440.0,23445.0,23442.5,2.938712e-06,1.469356e-05,0
23455.0,23460.0,23457.5,1.432152e-06,7.16076e-06,0
23460.0,23465.0,23462.5,1.451378e-06,7.25689e-06,0
23480.0,23485.0,23482.5,2.858076e-06,1.429038e-05,0
23495.0,23500.0,23497.5,1.414128e-06,7.07064e-06,0
23500.0,23505.0,23502.5,1.465524e-06,7.32762e-06,0
23525.0,23530.0,23527.5,1.463594e-06,7.31797e-06,0
23550.0,23555.0,23552.5,1.432152e-06,7.16076e-06,0
23555.0,23560.0,23557.5,1.463594e-06,7.31797e-06,0
23560.0,23565.0,23562.5,1.463594e-06,7.31797e-06,0
23570.0,23575.0,23572.5,1.399874e-06,6.99937e-06,0
23575.0,23580.0,23577.5,1.432152e-06,7.16076e-06,0
23610.0,23615.0,23612.5,1.425924e-06,7.12962e-06,0
23660.0,23665.0,23662.5,1.440922e-06,7.20461e-06,0
23675.0,23680.0,23677.5,1.463594e-06,7.31797e-06,0
23680.0,23685.0,23682.5,1.465524e-06,7.32762e-06,0
23685.0,23690.0,23687.5,2.858442e-06,1.429221e-05,0
23695.0,23700.0,23697.5,1.432152e-06,7.16076e-06,0
23710.0,23715.0,23712.5,1.414128e-06,7.07064e-06,0
23720.0,23725.0,23722.5,1.440922e-06,7.20461e-06,0
23730.0,23735.0,23732.5,1.432152e-06,7.16076e-06,0
23740.0,23745.0,23742.5,1.473188e-06,7.36594e-06,0
23780.0,23785.0,23782.5,1.451378e-06,7.25689e-06,0
23805.0,23810.0,23807.5,1.473188e-06,7.36594e-06,0
23815.0,23820.0,23817.5,1.414128e-06,7.07064e-06,0
23820.0,23825.0,23822.5,1.473188e-06,7.36594e-06,0
23840.0,23845.0,23842.5,1.465524e-06,7.32762e-06,0
23845.0,23850.0,23847.5,1.432152e-06,7.16076e-06,0
23850.0,23855.0,23852.5,1.451378e-06,7.25689e-06,0
23900.0,23905.0,23902.5,1.465524e-06,7.32762e-06,0
23910.0,23915.0,23912.5,1.414128e-06,7.07064e-06,0
23935.0,23940.0,23937.5,2.858076e-06,1.429038e-05,0
23945.0,23950.0,23947.5,1.451378e-06,7.25689e-06,0
23955.0,23960.0,23957.5,1.432152e-06,7.16076e-06,0
23965.0,23970.0,23967.5,1.432152e-06,7.16076e-06,0
23975.0,23980.0,23977.5,1.473188e-06,7.36594e-06,0
24005.0,24010.0,24007.5,1.432152e-06,7.16076e-06,0
24030.0,24035.0,24032.5,1.425924e-06,7.12962e-06,0
24040.0,24045.0,24042.5,1.451378e-06,7.25689e-06,0
24055.0,24060.0,24057.5,1.432152e-06,7.16076e-06,0
24120.0,24125.0,24122.5,2.873074e-06,1.436537e-05,0
24135.0,24140.0,24137.5,1.432152e-06,7.16076e-06,0
24160.0,24165.0,24162.5,1.440922e-06,7.20461e-06,0
24200.0,24205.0,24202.5,1.473188e-06,7.36594e-06,0
24235.0,24240.0,24237.5,1.432152e-06,7.16076e-06,0
24240.0,24245.0,24242.5,1.451378e-06,7.25689e-06,0
24260.0,24265.0,24262.5,1.463594e-06,7.31797e-06,0
24265.0,24270.0,24267.5,1.432152e-06,7.16076e-06,0
24315.0,24320.0,24317.5,2.924566e-06,1.462283e-05,0
24320.0,24325.0,24322.5,1.425924e-06,7.12962e-06,0
24340.0,24345.0,24342.5,2.858442e-06,1.429221e-05,0
24345.0,24350.0,24347.5,1.465524e-06,7.32762e-06,0
24365.0,24370.0,24367.5,1.432152e-06,7.16076e-06,0
24385.0,24390.0,24387.5,1.463594e-06,7.31797e-06,0
24410.0,24415.0,24412.5,1.463594e-06,7.31797e-06,0
24425.0,24430.0,24427.5,2.866846e-06,1.433423e-05,0
24440.0,24445.0,24442.5,1.465524e-06,7.32762e-06,0
24450.0,24455.0,24452.5,1.463594e-06,7.31797e-06,0
24470.0,24475.0,24472.5,1.399874e-06,6.99937e-06,0
24475.0,24480.0,24477.5,1.463594e-06,7.31797e-06,0
24500.0,24505.0,24502.5,2.929118e-06,1.464559e-05,0
24505.0,24510.0,24507.5,1.451378e-06,7.25689e-06,0
24515.0,24520.0,24517.5,2.924566e-06,1.462283e-05,0
24520.0,24525.0,24522.5,1.432152e-06,7.16076e-06,0
24530.0,24535.0,24532.5,1.425924e-06,7.12962e-06,0
24535.0,24540.0,24537.5,2.84628e-06,1.42314e-05,0
24550.0,24555.0,24552.5,1.432152e-06,7.16076e-06,0
24580.0,24585.0,24582.5,2.929118e-06,1.464559e-05,0
24590.0,24595.0,24592.5,1.432152e-06,7.16076e-06,0
24600.0,24605.0,24602.5,1.473188e-06,7.36594e-06,0
24610.0,24615.0,24612.5,1.473188e-06,7.36594e-06,0
24615.0,24620.0,24617.5,1.473188e-06,7.36594e-06,0
24660.0,24665.0,24662.5,1.473188e-06,7.36594e-06,0
24670.0,24675.0,24672.5,1.465524e-06,7.32762e-06,0
24680.0,24685.0,24682.5,1.414128e-06,7.07064e-06,0
24730.0,24735.0,24732.5,1.463594e-06,7.31797e-06,0
24740.0,24745.0,24742.5,1.465524e-06,7.32762e-06,0
24760.0,24765.0,24762.5,1.432152e-06,7.16076e-06,0
24805.0,24810.0,24807.5,1.463594e-06,7.31797e-06,0
24825.0,24830.0,24827.5,1.432152e-06,7.16076e-06,0
24835.0,24840.0,24837.5,1.407064e-06,7.03532e-06,0
24890.0,24895.0,24892.5,1.465524e-06,7.32762e-06,0
24900.0,24905.0,24902.5,1.432152e-06,7.16076e-06,0
24910.0,24915.0,24912.5,1.463594e-06,7.31797e-06,0
24945.0,24950.0,24947.5,1.465524e-06,7.32762e-06,0
24950.0,24955.0,24952.5,1.451378e-06,7.25689e-06,0
24980.0,24985.0,24982.5,2.924566e-06,1.462283e-05,0
24990.0,24995.0,24992.5,1.440922e-06,7.20461e-06,0
25010.0,25015.0,25012.5,1.451378e-06,7.25689e-06,0
25025.0,25030.0,25027.5,1.432152e-06,7.16076e-06,0
25030.0,25035.0,25032.5,1.465524e-06,7.32762e-06,0
25045.0,25050.0,25047.5,1.465524e-06,7.32762e-06,0
25055.0,25060.0,25057.5,1.465524e-06,7.32762e-06,0
25065.0,25070.0,25067.5,1.432152e-06,7.16076e-06,0
25100.0,25105.0,25102.5,1.432152e-06,7.16076e-06,0
25155.0,25160.0,25157.5,1.463594e-06,7.31797e-06,0
25170.0,25175.0,25172.5,1.414128e-06,7.07064e-06,0
25200.0,25205.0,25202.5,1.440922e-06,7.20461e-06,0
25210.0,25215.0,25212.5,1.473188e-06,7.36594e-06,0
25220.0,25225.0,25222.5,1.473188e-06,7.36594e-06,0
25235.0,25240.0,25237.5,1.465524e-06,7.32762e-06,0
25265.0,25270.0,25267.5,1.473188e-06,7.36594e-06,0
25275.0,25280.0,25277.5,1.473188e-06,7.36594e-06,0
25285.0,25290.0,25287.5,1.451378e-06,7.25689e-06,0
25295.0,25300.0,25297.5,1.465524e-06,7.32762e-06,0
25335.0,25340.0,25337.5,1.451378e-06,7.25689e-06,0
25360.0,25365.0,25362.5,1.463594e-06,7.31797e-06,0
25375.0,25380.0,25377.5,1.473188e-06,7.36594e-06,0
25395.0,25400.0,25397.5,1.463594e-06,7.31797e-06,0
25410.0,25415.0,25412.5,1.414128e-06,7.07064e-06,0
25425.0,25430.0,25427.5,1.451378e-06,7.25689e-06,0
25445.0,25450.0,25447.5,1.473188e-06,7.36594e-06,0
25455.0,25460.0,25457.5,2.865506e-06,1.432753e-05,0
25485.0,25490.0,25487.5,1.407064e-06,7.03532e-06,0
25510.0,25515.0,25512.5,1.432152e-06,7.16076e-06,0
25515.0,25520.0,25517.5,1.440922e-06,7.20461e-06,0
25520.0,25525.0,25522.5,1.465524e-06,7.32762e-06,0
25545.0,25550.0,25547.5,2.865506e-06,1.432753e-05,0
25615.0,25620.0,25617.5,1.432152e-06,7.16076e-06,0
25620.0,25625.0,25622.5,1.414128e-06,7.07064e-06,0
25635.0,25640.0,25637.5,1.432152e-06,7.16076e-06,0
25640.0,25645.0,25642.5,1.463594e-06,7.31797e-06,0
25665.0,25670.0,25667.5,1.399874e-06,6.99937e-06,0
25675.0,25680.0,25677.5,1.473188e-06,7.36594e-06,0
25695.0,25700.0,25697.5,1.473188e-06,7.36594e-06,0
25770.0,25775.0,25772.5,1.414128e-06,7.07064e-06,0
25785.0,25790.0,25787.5,1.473188e-06,7.36594e-06,0
25795.0,25800.0,25797.5,1.473188e-06,7.36594e-06,0
25805.0,25810.0,25807.5,1.432152e-06,7.16076e-06,0
25845.0,25850.0,25847.5,1.414128e-06,7.07064e-06,0
25850.0,25855.0,25852.5,1.473188e-06,7.36594e-06,0
25870.0,25875.0,25872.5,1.425924e-06,7.12962e-06,0
25880.0,25885.0,25882.5,2.897676e-06,1.448838e-05,0
25915.0,25920.0,25917.5,1.414128e-06,7.07064e-06,0
25945.0,25950.0,25947.5,1.473188e-06,7.36594e-06,0
25965.0,25970.0,25967.5,1.463594e-06,7.31797e-06,0
25975.0,25980.0,25977.5,1.432152e-06,7.16076e-06,0
25995.0,26000.0,25997.5,2.88353e-06,1.441765e-05,0
26020.0,26025.0,26022.5,1.451378e-06,7.25689e-06,0
26025.0,26030.0,26027.5,1.414128e-06,7.07064e-06,0
26030.0,26035.0,26032.5,1.407064e-06,7.03532e-06,0
26035.0,26040.0,26037.5,1.425924e-06,7.12962e-06,0
26040.0,26045.0,26042.5,1.432152e-06,7.16076e-06,0
26050.0,26055.0,26052.5,1.451378e-06,7.25689e-06,0
26075.0,26080.0,26077.5,1.432152e-06,7.16076e-06,0
26095.0,26100.0,26097.5,1.414128e-06,7.07064e-06,0
26105.0,26110.0,26107.5,1.414128e-06,7.07064e-06,0
26145.0,26150.0,26147.5,1.440922e-06,7.20461e-06,0
26155.0,26160.0,26157.5,1.414128e-06,7.07064e-06,0
26160.0,26165.0,26162.5,1.465524e-06,7.32762e-06,0
26170.0,26175.0,26172.5,1.463594e-06,7.31797e-06,0
26180.0,26185.0,26182.5,2.873074e-06,1.436537e-05,0
26185.0,26190.0,26187.5,1.407064e-06,7.03532e-06,0
26215.0,26220.0,26217.5,1.407064e-06,7.03532e-06,0
26240.0,26245.0,26242.5,1.465524e-06,7.32762e-06,0
26250.0,26255.0,26252.5,1.451378e-06,7.25689e-06,0
26270.0,26275.0,26272.5,1.463594e-06,7.31797e-06,0
26275.0,26280.0,26277.5,1.440922e-06,7.20461e-06,0
26290.0,26295.0,26292.5,1.463594e-06,7.31797e-06,0
26295.0,26300.0,26297.5,1.451378e-06,7.25689e-06,0
26305.0,26310.0,26307.5,1.451378e-06,7.25689e-06,0
26310.0,26315.0,26312.5,1.432152e-06,7.16076e-06,0
26315.0,26320.0,26317.5,2.832026e-06,1.416013e-05,0
26345.0,26350.0,26347.5,1.432152e-06,7.16076e-06,0
26350.0,26355.0,26352.5,1.407064e-06,7.03532e-06,0
26370.0,26375.0,26372.5,1.432152e-06,7.16076e-06,0
26375.0,26380.0,26377.5,1.440922e-06,7.20461e-06,0
26395.0,26400.0,26397.5,1.473188e-06,7.36594e-06,0
26400.0,26405.0,26402.5,1.432152e-06,7.16076e-06,0
26420.0,26425.0,26422.5,1.440922e-06,7.20461e-06,0
26425.0,26430.0,26427.5,1.463594e-06,7.31797e-06,0
26435.0,26440.0,26437.5,1.407064e-06,7.03532e-06,0
26480.0,26485.0,26482.5,1.440922e-06,7.20461e-06,0
26515.0,26520.0,26517.5,1.451378e-06,7.25689e-06,0
26530.0,26535.0,26532.5,1.465524e-06,7.32762e-06,0
26580.0,26585.0,26582.5,1.465524e-06,7.32762e-06,0
26590.0,26595.0,26592.5,2.872588e-06,1.436294e-05,0
26600.0,26605.0,26602.5,1.414128e-06,7.07064e-06,0
26605.0,26610.0,26607.5,1.425924e-06,7.12962e-06,0
26655.0,26660.0,26657.5,1.465524e-06,7.32762e-06,0
26665.0,26670.0,26667.5,1.451378e-06,7.25689e-06,0
26690.0,26695.0,26692.5,1.451378e-06,7.25689e-06,0
26695.0,26700.0,26697.5,1.432152e-06,7.16076e-06,0
26700.0,26705.0,26702.5,1.451378e-06,7.25689e-06,0
26710.0,26715.0,26712.5,1.465524e-06,7.32762e-06,0
26720.0,26725.0,26722.5,1.463594e-06,7.31797e-06,0
26745.0,26750.0,26747.5,1.440922e-06,7.20461e-06,0
26755.0,26760.0,26757.5,1.432152e-06,7.16076e-06,0
26760.0,26765.0,26762.5,1.432152e-06,7.16076e-06,0
26770.0,26775.0,26772.5,1.465524e-06,7.32762e-06,0
26775.0,26780.0,26777.5,1.414128e-06,7.07064e-06,0
26855.0,26860.0,26857.5,1.465524e-06,7.32762e-06,0
26860.0,26865.0,26862.5,1.414128e-06,7.07064e-06,0
26880.0,26885.0,26882.5,1.473188e-06,7.36594e-06,0
26910.0,26915.0,26912.5,1.414128e-06,7.07064e-06,0
26935.0,26940.0,26937.5,1.473188e-06,7.36594e-06,0
26970.0,26975.0,26972.5,1.432152e-06,7.16076e-06,0
26980.0,26985.0,26982.5,1.432152e-06,7.16076e-06,0
27020.0,27025.0,27022.5,1.463594e-06,7.31797e-06,0
27115.0,27120.0,27117.5,2.93104e-06,1.46552e-05,0
27125.0,27130.0,27127.5,2.84628e-06,1.42314e-05,0
27135.0,27140.0,27137.5,1.432152e-06,7.16076e-06,0
27140.0,27145.0,27142.5,1.465524e-06,7.32762e-06,0
27145.0,27150.0,27147.5,4.247116e-06,2.123558e-05,0
27155.0,27160.0,27157.5,1.465524e-06,7.32762e-06,0
27205.0,27210.0,27207.5,1.399874e-06,6.99937e-06,0
27220.0,27225.0,27222.5,1.463594e-06,7.31797e-06,0
27235.0,27240.0,27237.5,2.858442e-06,1.429221e-05,0
27280.0,27285.0,27282.5,2.897676e-06,1.448838e-05,0
27315.0,27320.0,27317.5,1.407064e-06,7.03532e-06,0
27340.0,27345.0,27342.5,1.463594e-06,7.31797e-06,0
27355.0,27360.0,27357.5,1.465524e-06,7.32762e-06,0
27435.0,27440.0,27437.5,2.924566e-06,1.462283e-05,0
27440.0,27445.0,27442.5,1.432152e-06,7.16076e-06,0
27455.0,27460.0,27457.5,1.425924e-06,7.12962e-06,0
27460.0,27465.0,27462.5,1.414128e-06,7.07064e-06,0
27485.0,27490.0,27487.5,1.432152e-06,7.16076e-06,0
27515.0,27520.0,27517.5,1.432152e-06,7.16076e-06,0
27520.0,27525.0,27522.5,1.465524e-06,7.32762e-06,0
27525.0,27530.0,27527.5,1.465524e-06,7.32762e-06,0
27540.0,27545.0,27542.5,1.407064e-06,7.03532e-06,0
27545.0,27550.0,27547.5,1.465524e-06,7.32762e-06,0
27555.0,27560.0,27557.5,2.873074e-06,1.436537e-05,0
27575.0,27580.0,27577.5,1.463594e-06,7.31797e-06,0
27605.0,27610.0,27607.5,1.432152e-06,7.16076e-06,0
27640.0,27645.0,27642.5,1.451378e-06,7.25689e-06,0
27665.0,27670.0,27667.5,1.451378e-06,7.25689e-06,0
27685.0,27690.0,27687.5,1.473188e-06,7.36594e-06,0
27780.0,27785.0,27782.5,1.432152e-06,7.16076e-06,0
27810.0,27815.0,27812.5,1.414128e-06,7.07064e-06,0
27845.0,27850.0,27847.5,1.407064e-06,7.03532e-06,0
27850.0,27855.0,27852.5,2.877722e-06,1.438861e-05,0
27870.0,27875.0,27872.5,1.451378e-06,7.25689e-06,0
27910.0,27915.0,27912.5,1.473188e-06,7.36594e-06,0
27935.0,27940.0,27937.5,1.414128e-06,7.07064e-06,0
27945.0,27950.0,27947.5,1.465524e-06,7.32762e-06,0
27950.0,27955.0,27952.5,1.440922e-06,7.20461e-06,0
27975.0,27980.0,27977.5,4.378532e-06,2.189266e-05,0
27980.0,27985.0,27982.5,2.887316e-06,1.443658e-05,0
27990.0,27995.0,27992.5,1.451378e-06,7.25689e-06,0
28015.0,28020.0,28017.5,1.425924e-06,7.12962e-06,0
28020.0,28025.0,28022.5,1.465524e-06,7.32762e-06,0
28050.0,28055.0,28052.5,1.451378e-06,7.25689e-06,0
28060.0,28065.0,28062.5,1.473188e-06,7.36594e-06,0
28070.0,28075.0,28072.5,1.407064e-06,7.03532e-06,0
28100.0,28105.0,28102.5,1.432152e-06,7.16076e-06,0
28125.0,28130.0,28127.5,1.463594e-06,7.31797e-06,0
28150.0,28155.0,28152.5,1.463594e-06,7.31797e-06,0
28200.0,28205.0,28202.5,1.432152e-06,7.16076e-06,0
28230.0,28235.0,28232.5,1.473188e-06,7.36594e-06,0
28415.0,28420.0,28417.5,1.425924e-06,7.12962e-06,0
28445.0,28450.0,28447.5,1.465524e-06,7.32762e-06,0
28520.0,28525.0,28522.5,1.407064e-06,7.03532e-06,0
28525.0,28530.0,28527.5,1.414128e-06,7.07064e-06,0
28535.0,28540.0,28537.5,1.473188e-06,7.36594e-06,0
28560.0,28565.0,28562.5,1.451378e-06,7.25689e-06,0
28570.0,28575.0,28572.5,1.465524e-06,7.32762e-06,0
28580.0,28585.0,28582.5,1.473188e-06,7.36594e-06,0
28595.0,28600.0,28597.5,2.895746e-06,1.447873e-05,0
28625.0,28630.0,28627.5,1.473188e-06,7.36594e-06,0
28690.0,28695.0,28692.5,1.407064e-06,7.03532e-06,0
28705.0,28710.0,28707.5,1.432152e-06,7.16076e-06,0
28735.0,28740.0,28737.5,1.440922e-06,7.20461e-06,0
28885.0,28890.0,28887.5,1.463594e-06,7.31797e-06,0
28950.0,28955.0,28952.5,1.451378e-06,7.25689e-06,0
28955.0,28960.0,28957.5,1.465524e-06,7.32762e-06,0
28970.0,28975.0,28972.5,1.473188e-06,7.36594e-06,0
28975.0,28980.0,28977.5,1.414128e-06,7.07064e-06,0
29000.0,29005.0,29002.5,1.414128e-06,7.07064e-06,0
29040.0,29045.0,29042.5,1.463594e-06,7.31797e-06,0
29045.0,29050.0,29047.5,1.440922e-06,7.20461e-06,0
29055.0,29060.0,29057.5,2.880252e-06,1.440126e-05,0
29080.0,29085.0,29082.5,1.465524e-06,7.32762e-06,0
29085.0,29090.0,29087.5,1.414128e-06,7.07064e-06,0
29095.0,29100.0,29097.5,1.432152e-06,7.16076e-06,0
29175.0,29180.0,29177.5,1.432152e-06,7.16076e-06,0
29180.0,29185.0,29182.5,1.425924e-06,7.12962e-06,0
29190.0,29195.0,29192.5,1.451378e-06,7.25689e-06,0
29245.0,29250.0,29247.5,1.425924e-06,7.12962e-06,0
29285.0,29290.0,29287.5,1.432152e-06,7.16076e-06,0
29305.0,29310.0,29307.5,2.924566e-06,1.462283e-05,0
29320.0,29325.0,29322.5,2.865506e-06,1.432753e-05,0
29355.0,29360.0,29357.5,1.463594e-06,7.31797e-06,0
29360.0,29365.0,29362.5,1.440922e-06,7.20461e-06,0
29380.0,29385.0,29382.5,1.440922e-06,7.20461e-06,0
29385.0,29390.0,29387.5,1.451378e-06,7.25689e-06,0
29410.0,29415.0,29412.5,1.473188e-06,7.36594e-06,0
29450.0,29455.0,29452.5,1.473188e-06,7.36594e-06,0
29455.0,29460.0,29457.5,1.463594e-06,7.31797e-06,0
29475.0,29480.0,29477.5,1.451378e-06,7.25689e-06,0
29480.0,29485.0,29482.5,1.407064e-06,7.03532e-06,0
29485.0,29490.0,29487.5,1.451378e-06,7.25689e-06,0
29510.0,29515.0,29512.5,2.88353e-06,1.441765e-05,0
29525.0,29530.0,29527.5,1.473188e-06,7.36594e-06,0
29535.0,29540.0,29537.5,1.465524e-06,7.32762e-06,0
29555.0,29560.0,29557.5,1.473188e-06,7.36594e-06,0
29580.0,29585.0,29582.5,1.414128e-06,7.07064e-06,0
29595.0,29600.0,29597.5,2.90534e-06,1.45267e-05,0
29605.0,29610.0,29607.5,1.473188e-06,7.36594e-06,0
29625.0,29630.0,29627.5,1.432152e-06,7.16076e-06,0
29630.0,29635.0,29632.5,4.359332e-06,2.179666e-05,0
29640.0,29645.0,29642.5,1.465524e-06,7.32762e-06,0
29650.0,29655.0,29652.5,1.473188e-06,7.36594e-06,0
29695.0,29700.0,29697.5,1.473188e-06,7.36594e-06,0
29710.0,29715.0,29712.5,1.414128e-06,7.07064e-06,0
29725.0,29730.0,29727.5,1.465524e-06,7.32762e-06,0
29730.0,29735.0,29732.5,1.432152e-06,7.16076e-06,0
29740.0,29745.0,29742.5,1.399874e-06,6.99937e-06,0
29745.0,29750.0,29747.5,1.473188e-06,7.36594e-06,0
29760.0,29765.0,29762.5,1.473188e-06,7.36594e-06,0
29845.0,29850.0,29847.5,1.473188e-06,7.36594e-06,0
29955.0,29960.0,29957.5,1.463594e-06,7.31797e-06,0
29985.0,29990.0,29987.5,1.432152e-06,7.16076e-06,0
30020.0,30025.0,30022.5,1.440922e-06,7.20461e-06,0
30035.0,30040.0,30037.5,1.465524e-06,7.32762e-06,0
30050.0,30055.0,30052.5,1.465524e-06,7.32762e-06,0
30090.0,30095.0,30092.5,2.832026e-06,1.416013e-05,0
30100.0,30105.0,30102.5,1.473188e-06,7.36594e-06,0
30130.0,30135.0,30132.5,2.90534e-06,1.45267e-05,0
30145.0,30150.0,30147.5,1.407064e-06,7.03532e-06,0
30150.0,30155.0,30152.5,1.414128e-06,7.07064e-06,0
30175.0,30180.0,30177.5,1.473188e-06,7.36594e-06,0
30185.0,30190.0,30187.5,1.463594e-06,7.31797e-06,0
30245.0,30250.0,30247.5,1.473188e-06,7.36594e-06,0
30280.0,30285.0,30282.5,1.463594e-06,7.31797e-06,0
30315.0,30320.0,30317.5,1.414128e-06,7.07064e-06,0
30345.0,30350.0,30347.5,1.465524e-06,7.32762e-06,0
30375.0,30380.0,30377.5,1.451378e-06,7.25689e-06,0
30390.0,30395.0,30392.5,1.432152e-06,7.16076e-06,0
30540.0,30545.0,30542.5,1.463594e-06,7.31797e-06,0
30550.0,30555.0,30552.5,1.465524e-06,7.32762e-06,0
30570.0,30575.0,30572.5,1.465524e-06,7.32762e-06,0
30595.0,30600.0,30597.5,1.407064e-06,7.03532e-06,0
30605.0,30610.0,30607.5,1.440922e-06,7.20461e-06,0
30610.0,30615.0,30612.5,1.414128e-06,7.07064e-06,0
30645.0,30650.0,30647.5,1.473188e-06,7.36594e-06,0
30670.0,30675.0,30672.5,1.473188e-06,7.36594e-06,0
30675.0,30680.0,30677.5,1.432152e-06,7.16076e-06,0
30680.0,30685.0,30682.5,2.873074e-06,1.436537e-05,0
30695.0,30700.0,30697.5,1.451378e-06,7.25689e-06,0
30720.0,30725.0,30722.5,1.425924e-06,7.12962e-06,0
30725.0,30730.0,30727.5,1.432152e-06,7.16076e-06,0
30775.0,30780.0,30777.5,1.463594e-06,7.31797e-06,0
30785.0,30790.0,30787.5,1.425924e-06,7.12962e-06,0
30805.0,30810.0,30807.5,1.465524e-06,7.32762e-06,0
30880.0,30885.0,30882.5,1.451378e-06,7.25689e-06,0
30905.0,30910.0,30907.5,1.465524e-06,7.32762e-06,0
30925.0,30930.0,30927.5,1.440922e-06,7.20461e-06,0
30940.0,30945.0,30942.5,1.414128e-06,7.07064e-06,0
30995.0,31000.0,30997.5,1.451378e-06,7.25689e-06,0
31000.0,31005.0,31002.5,2.877302e-06,1.438651e-05,0
31035.0,31040.0,31037.5,1.407064e-06,7.03532e-06,0
31055.0,31060.0,31057.5,1.432152e-06,7.16076e-06,0
31125.0,31130.0,31127.5,1.463594e-06,7.31797e-06,0
31145.0,31150.0,31147.5,1.432152e-06,7.16076e-06,0
31180.0,31185.0,31182.5,1.407064e-06,7.03532e-06,0
31195.0,31200.0,31197.5,1.432152e-06,7.16076e-06,0
31245.0,31250.0,31247.5,1.432152e-06,7.16076e-06,0
31330.0,31335.0,31332.5,1.463594e-06,7.31797e-06,0
31355.0,31360.0,31357.5,1.465524e-06,7.32762e-06,0
31365.0,31370.0,31367.5,1.465524e-06,7.32762e-06,0
31395.0,31400.0,31397.5,1.465524e-06,7.32762e-06,0
31420.0,31425.0,31422.5,1.451378e-06,7.25689e-06,0
31435.0,31440.0,31437.5,1.440922e-06,7.20461e-06,0
31445.0,31450.0,31447.5,1.432152e-06,7.16076e-06,0
31490.0,31495.0,31492.5,1.425924e-06,7.12962e-06,0
31510.0,31515.0,31512.5,1.432152e-06,7.16076e-06,0
31530.0,31535.0,31532.5,1.465524e-06,7.32762e-06,0
31540.0,31545.0,31542.5,2.916902e-06,1.458451e-05,0
31565.0,31570.0,31567.5,1.451378e-06,7.25689e-06,0
31590.0,31595.0,31592.5,1.463594e-06,7.31797e-06,0
31610.0,31615.0,31612.5,1.463594e-06,7.31797e-06,0
31615.0,31620.0,31617.5,2.895746e-06,1.447873e-05,0
31620.0,31625.0,31622.5,2.90534e-06,1.45267e-05,0
31655.0,31660.0,31657.5,1.451378e-06,7.25689e-06,0
31675.0,31680.0,31677.5,1.473188e-06,7.36594e-06,0
31720.0,31725.0,31722.5,1.432152e-06,7.16076e-06,0
31735.0,31740.0,31737.5,1.432152e-06,7.16076e-06,0
31775.0,31780.0,31777.5,1.473188e-06,7.36594e-06,0
31780.0,31785.0,31782.5,1.407064e-06,7.03532e-06,0
31785.0,31790.0,31787.5,1.432152e-06,7.16076e-06,0
31815.0,31820.0,31817.5,1.425924e-06,7.12962e-06,0
31830.0,31835.0,31832.5,1.407064e-06,7.03532e-06,0
31860.0,31865.0,31862.5,1.473188e-06,7.36594e-06,0
31915.0,31920.0,31917.5,1.451378e-06,7.25689e-06,0
31955.0,31960.0,31957.5,1.463594e-06,7.31797e-06,0
31960.0,31965.0,31962.5,1.463594e-06,7.31797e-06,0
31965.0,31970.0,31967.5,1.451378e-06,7.25689e-06,0
31980.0,31985.0,31982.5,1.473188e-06,7.36594e-06,0
31990.0,31995.0,31992.5,1.463594e-06,7.31797e-06,0
32015.0,32020.0,32017.5,1.473188e-06,7.36594e-06,0
32175.0,32180.0,32177.5,1.473188e-06,7.36594e-06,0
32180.0,32185.0,32182.5,1.432152e-06,7.16076e-06,0
32185.0,32190.0,32187.5,2.847986e-06,1.423993e-05,0
32215.0,32220.0,32217.5,2.895746e-06,1.447873e-05,0
32255.0,32260.0,32257.5,1.465524e-06,7.32762e-06,0
32260.0,32265.0,32262.5,1.473188e-06,7.36594e-06,0
32295.0,32300.0,32297.5,1.432152e-06,7.16076e-06,0
32360.0,32365.0,32362.5,1.473188e-06,7.36594e-06,0
32380.0,32385.0,32382.5,1.432152e-06,7.16076e-06,0
32390.0,32395.0,32392.5,1.451378e-06,7.25689e-06,0
32435.0,32440.0,32437.5,1.451378e-06,7.25689e-06,0
32455.0,32460.0,32457.5,2.899112e-06,1.449556e-05,0
32460.0,32465.0,32462.5,1.432152e-06,7.16076e-06,0
32530.0,32535.0,32532.5,1.399874e-06,6.99937e-06,0
32575.0,32580.0,32577.5,2.865398e-06,1.432699e-05,0
32610.0,32615.0,32612.5,1.473188e-06,7.36594e-06,0
32655.0,32660.0,32657.5,1.432152e-06,7.16076e-06,0
32700.0,32705.0,32702.5,1.463594e-06,7.31797e-06,0
32715.0,32720.0,32717.5,1.463594e-06,7.31797e-06,0
32730.0,32735.0,32732.5,1.407064e-06,7.03532e-06,0
32760.0,32765.0,32762.5,1.463594e-06,7.31797e-06,0
32810.0,32815.0,32812.5,1.432152e-06,7.16076e-06,0
32840.0,32845.0,32842.5,1.432152e-06,7.16076e-06,0
32895.0,32900.0,32897.5,1.451378e-06,7.25689e-06,0
32915.0,32920.0,32917.5,1.463594e-06,7.31797e-06,0
32980.0,32985.0,32982.5,1.407064e-06,7.03532e-06,0
33040.0,33045.0,33042.5,2.936782e-06,1.468391e-05,0
33045.0,33050.0,33047.5,1.463594e-06,7.31797e-06,0
33050.0,33055.0,33052.5,2.865398e-06,1.432699e-05,0
33055.0,33060.0,33057.5,1.432152e-06,7.16076e-06,0
33085.0,33090.0,33087.5,1.473188e-06,7.36594e-06,0
33125.0,33130.0,33127.5,2.8643e-06,1.43215e-05,0
33160.0,33165.0,33162.5,1.440922e-06,7.20461e-06,0
33230.0,33235.0,33232.5,1.473188e-06,7.36594e-06,0
33240.0,33245.0,33242.5,1.473188e-06,7.36594e-06,0
33250.0,33255.0,33252.5,1.432152e-06,7.16076e-06,0
33275.0,33280.0,33277.5,1.432152e-06,7.16076e-06,0
33280.0,33285.0,33282.5,1.473188e-06,7.36594e-06,0
33320.0,33325.0,33322.5,1.465524e-06,7.32762e-06,0
33335.0,33340.0,33337.5,1.463594e-06,7.31797e-06,0
33370.0,33375.0,33372.5,1.473188e-06,7.36594e-06,0
33420.0,33425.0,33422.5,1.465524e-06,7.32762e-06,0
33425.0,33430.0,33427.5,1.399874e-06,6.99937e-06,0
33445.0,33450.0,33447.5,1.414128e-06,7.07064e-06,0
33510.0,33515.0,33512.5,1.451378e-06,7.25689e-06,0
33520.0,33525.0,33522.5,1.432152e-06,7.16076e-06,0
33575.0,33580.0,33577.5,1.463594e-06,7.31797e-06,0
33630.0,33635.0,33632.5,1.451378e-06,7.25689e-06,0
33685.0,33690.0,33687.5,1.451378e-06,7.25689e-06,0
33690.0,33695.0,33692.5,1.432152e-06,7.16076e-06,0
33835.0,33840.0,33837.5,1.451378e-06,7.25689e-06,0
33860.0,33865.0,33862.5,1.414128e-06,7.07064e-06,0
33870.0,33875.0,33872.5,2.94638e-06,1.47319e-05,0
33905.0,33910.0,33907.5,1.473188e-06,7.36594e-06,0
33915.0,33920.0,33917.5,1.463594e-06,7.31797e-06,0
33965.0,33970.0,33967.5,1.425924e-06,7.12962e-06,0
34080.0,34085.0,34082.5,1.463594e-06,7.31797e-06,0
34190.0,34195.0,34192.5,1.451378e-06,7.25689e-06,0
34200.0,34205.0,34202.5,2.895746e-06,1.447873e-05,0
34220.0,34225.0,34222.5,1.432152e-06,7.16076e-06,0
34225.0,34230.0,34227.5,1.473188e-06,7.36594e-06,0
34285.0,34290.0,34287.5,1.451378e-06,7.25689e-06,0
34350.0,34355.0,34352.5,1.463594e-06,7.31797e-06,0
34475.0,34480.0,34477.5,1.463594e-06,7.31797e-06,0
34490.0,34495.0,34492.5,1.451378e-06,7.25689e-06,0
34560.0,34565.0,34562.5,1.451378e-06,7.25689e-06,0
34770.0,34775.0,34772.5,1.432152e-06,7.16076e-06,0
34825.0,34830.0,34827.5,1.432152e-06,7.16076e-06,0
34870.0,34875.0,34872.5,1.432152e-06,7.16076e-06,0
34875.0,34880.0,34877.5,1.432152e-06,7.16076e-06,0
34890.0,34895.0,34892.5,1.465524e-06,7.32762e-06,0
34910.0,34915.0,34912.5,1.451378e-06,7.25689e-06,0
34975.0,34980.0,34977.5,1.465524e-06,7.32762e-06,0
34985.0,34990.0,34987.5,1.432152e-06,7.16076e-06,0
35025.0,35030.0,35027.5,1.432152e-06,7.16076e-06,0
35035.0,35040.0,35037.5,1.465524e-06,7.32762e-06,0
35105.0,35110.0,35107.5,1.465524e-06,7.32762e-06,0
35150.0,35155.0,35152.5,1.465524e-06,7.32762e-06,0
35165.0,35170.0,35167.5,1.440922e-06,7.20461e-06,0
35220.0,35225.0,35222.5,1.432152e-06,7.16076e-06,0
35240.0,35245.0,35242.5,1.465524e-06,7.32762e-06,0
35370.0,35375.0,35372.5,1.465524e-06,7.32762e-06,0
35435.0,35440.0,35437.5,1.432152e-06,7.16076e-06,0
35455.0,35460.0,35457.5,1.414128e-06,7.07064e-06,0
35510.0,35515.0,35512.5,1.473188e-06,7.36594e-06,0
35525.0,35530.0,35527.5,1.473188e-06,7.36594e-06,0
35530.0,35535.0,35532.5,1.473188e-06,7.36594e-06,0
35560.0,35565.0,35562.5,1.407064e-06,7.03532e-06,0
35620.0,35625.0,35622.5,1.451378e-06,7.25689e-06,0
35625.0,35630.0,35627.5,1.425924e-06,7.12962e-06,0
35675.0,35680.0,35677.5,1.432152e-06,7.16076e-06,0
35695.0,35700.0,35697.5,1.465524e-06,7.32762e-06,0
35800.0,35805.0,35802.5,1.465524e-06,7.32762e-06,0
35860.0,35865.0,35862.5,1.463594e-06,7.31797e-06,0
35895.0,35900.0,35897.5,1.473188e-06,7.36594e-06,0
35930.0,35935.0,35932.5,1.440922e-06,7.20461e-06,0
36005.0,36010.0,36007.5,1.432152e-06,7.16076e-06,0
36140.0,36145.0,36142.5,1.407064e-06,7.03532e-06,0
36145.0,36150.0,36147.5,1.432152e-06,7.16076e-06,0
36185.0,36190.0,36187.5,1.463594e-06,7.31797e-06,0
36280.0,36285.0,36282.5,1.473188e-06,7.36594e-06,0
36465.0,36470.0,36467.5,1.473188e-06,7.36594e-06,0
36745.0,36750.0,36747.5,1.399874e-06,6.99937e-06,0
36760.0,36765.0,36762.5,1.451378e-06,7.25689e-06,0
36795.0,36800.0,36797.5,1.432152e-06,7.16076e-06,0
36915.0,36920.0,36917.5,1.425924e-06,7.12962e-06,0
36985.0,36990.0,36987.5,1.473188e-06,7.36594e-06,0
37065.0,37070.0,37067.5,1.399874e-06,6.99937e-06,0
37085.0,37090.0,37087.5,1.463594e-06,7.31797e-06,0
37115.0,37120.0,37117.5,1.432152e-06,7.16076e-06,0
37140.0,37145.0,37142.5,1.407064e-06,7.03532e-06,0
37150.0,37155.0,37152.5,1.463594e-06,7.31797e-06,0
37155.0,37160.0,37157.5,1.473188e-06,7.36594e-06,0
37340.0,37345.0,37342.5,1.473188e-06,7.36594e-06,0
37360.0,37365.0,37362.5,1.473188e-06,7.36594e-06,0
37430.0,37435.0,37432.5,1.473188e-06,7.36594e-06,0
37490.0,37495.0,37492.5,1.432152e-06,7.16076e-06,0
37495.0,37500.0,37497.5,1.432152e-06,7.16076e-06,0
37585.0,37590.0,37587.5,1.465524e-06,7.32762e-06,0
37655.0,37660.0,37657.5,1.473188e-06,7.36594e-06,0
37700.0,37705.0,37702.5,1.465524e-06,7.32762e-06,0
37745.0,37750.0,37747.5,1.473188e-06,7.36594e-06,0
37775.0,37780.0,37777.5,1.473188e-06,7.36594e-06,0
37875.0,37880.0,37877.5,1.432152e-06,7.16076e-06,0
37980.0,37985.0,37982.5,1.414128e-06,7.07064e-06,0
37995.0,38000.0,37997.5,1.432152e-06,7.16076e-06,0
38010.0,38015.0,38012.5,1.463594e-06,7.31797e-06,0
38180.0,38185.0,38182.5,1.407064e-06,7.03532e-06,0
38215.0,38220.0,38217.5,1.465524e-06,7.32762e-06,0
38365.0,38370.0,38367.5,1.432152e-06,7.16076e-06,0
38490.0,38495.0,38492.5,1.465524e-06,7.32762e-06,0
38520.0,38525.0,38522.5,1.414128e-06,7.07064e-06,0
38590.0,38595.0,38592.5,1.432152e-06,7.16076e-06,0
38625.0,38630.0,38627.5,1.473188e-06,7.36594e-06,0
38630.0,38635.0,38632.5,1.465524e-06,7.32762e-06,0
38715.0,38720.0,38717.5,1.407064e-06,7.03532e-06,0
38750.0,38755.0,38752.5,1.465524e-06,7.32762e-06,0
38800.0,38805.0,38802.5,1.463594e-06,7.31797e-06,0
38890.0,38895.0,38892.5,1.432152e-06,7.16076e-06,0
39110.0,39115.0,39112.5,1.463594e-06,7.31797e-06,0
39185.0,39190.0,39187.5,1.432152e-06,7.16076e-06,0
39365.0,39370.0,39367.5,1.432152e-06,7.16076e-06,0
39480.0,39485.0,39482.5,1.463594e-06,7.31797e-06,0
39490.0,39495.0,39492.5,1.432152e-06,7.16076e-06,0
39525.0,39530.0,39527.5,1.432152e-06,7.16076e-06,0
39605.0,39610.0,39607.5,1.473188e-06,7.36594e-06,0
39695.0,39700.0,39697.5,1.463594e-06,7.31797e-06,0
39770.0,39775.0,39772.5,1.473188e-06,7.36594e-06,0
39860.0,39865.0,39862.5,1.463594e-06,7.31797e-06,0
39875.0,39880.0,39877.5,1.407064e-06,7.03532e-06,0
39960.0,39965.0,39962.5,2.8643e-06,1.43215e-05,0
40085.0,40090.0,40087.5,1.432152e-06,7.16076e-06,0
40100.0,40105.0,40102.5,1.463594e-06,7.31797e-06,0
40160.0,40165.0,40162.5,1.473188e-06,7.36594e-06,0
40205.0,40210.0,40207.5,1.414128e-06,7.07064e-06,0
40330.0,40335.0,40332.5,1.451378e-06,7.25689e-06,0
40450.0,40455.0,40452.5,1.473188e-06,7.36594e-06,0
40590.0,40595.0,40592.5,1.451378e-06,7.25689e-06,0
40735.0,40740.0,40737.5,1.463594e-06,7.31797e-06,0
40790.0,40795.0,40792.5,1.473188e-06,7.36594e-06,0
40840.0,40845.0,40842.5,1.432152e-06,7.16076e-06,0
40845.0,40850.0,40847.5,1.451378e-06,7.25689e-06,0
40945.0,40950.0,40947.5,1.473188e-06,7.36594e-06,0
41125.0,41130.0,41127.5,1.465524e-06,7.32762e-06,0
41295.0,41300.0,41297.5,1.432152e-06,7.16076e-06,0
41490.0,41495.0,41492.5,1.473188e-06,7.36594e-06,0
41580.0,41585.0,41582.5,1.432152e-06,7.16076e-06,0
41615.0,41620.0,41617.5,1.465524e-06,7.32762e-06,0
41665.0,41670.0,41667.5,1.432152e-06,7.16076e-06,0
41765.0,41770.0,41767.5,1.451378e-06,7.25689e-06,0
41935.0,41940.0,41937.5,1.473188e-06,7.36594e-06,0
42215.0,42220.0,42217.5,1.463594e-06,7.31797e-06,0
42250.0,42255.0,42252.5,1.465524e-06,7.32762e-06,0
42305.0,42310.0,42307.5,1.432152e-06,7.16076e-06,0
42365.0,42370.0,42367.5,1.432152e-06,7.16076e-06,0
42640.0,42645.0,42642.5,1.399874e-06,6.99937e-06,0
43640.0,43645.0,43642.5,1.473188e-06,7.36594e-06,0
43910.0,43915.0,43912.5,1.465524e-06,7.32762e-06,0
44165.0,44170.0,44167.5,1.465524e-06,7.32762e-06,0
44235.0,44240.0,44237.5,1.432152e-06,7.16076e-06,0
44400.0,44405.0,44402.5,1.414128e-06,7.07064e-06,0
44755.0,44760.0,44757.5,1.414128e-06,7.07064e-06,0
44815.0,44820.0,44817.5,1.432152e-06,7.16076e-06,0
45015.0,45020.0,45017.5,1.414128e-06,7.07064e-06,0
45275.0,45280.0,45277.5,1.473188e-06,7.36594e-06,0
45540.0,45545.0,45542.5,1.432152e-06,7.16076e-06,0
45710.0,45715.0,45712.5,1.432152e-06,7.16076e-06,0
46775.0,46780.0,46777.5,1.414128e-06,7.07064e-06,0
46815.0,46820.0,46817.5,1.473188e-06,7.36594e-06,0
46980.0,46985.0,46982.5,1.473188e-06,7.36594e-06,0
47200.0,47205.0,47202.5,1.407064e-06,7.03532e-06,0
47605.0,47610.0,47607.5,1.473188e-06,7.36594e-06,0
47855.0,47860.0,47857.5,1.451378e-06,7.25689e-06,0
48410.0,48415.0,48412.5,1.463594e-06,7.31797e-06,0
48970.0,48975.0,48972.5,1.414128e-06,7.07064e-06,0
48990.0,48995.0,48992.5,1.465524e-06,7.32762e-06,0
49280.0,49285.0,49282.5,1.473188e-06,7.36594e-06,0
49380.0,49385.0,49382.5,1.432152e-06,7.16076e-06,0
49470.0,49475.0,49472.5,1.473188e-06,7.36594e-06,0
49655.0,49660.0,49657.5,1.414128e-06,7.07064e-06,0
49740.0,49745.0,49742.5,1.432152e-06,7.16076e-06,0
49805.0,49810.0,49807.5,1.465524e-06,7.32762e-06,0
50000.0,50005.0,50002.5,1.432152e-06,7.16076e-06,0
50345.0,50350.0,50347.5,1.451378e-06,7.25689e-06,0
50555.0,50560.0,50557.5,1.473188e-06,7.36594e-06,0
50870.0,50875.0,50872.5,1.425924e-06,7.12962e-06,0
51650.0,51655.0,51652.5,1.432152e-06,7.16076e-06,0
51840.0,51845.0,51842.5,1.473188e-06,7.36594e-06,0
52415.0,52420.0,52417.5,1.463594e-06,7.31797e-06,0
53035.0,53040.0,53037.5,1.432152e-06,7.16076e-06,0
53145.0,53150.0,53147.5,1.473188e-06,7.36594e-06,0
53515.0,53520.0,53517.5,1.451378e-06,7.25689e-06,0
54530.0,54535.0,54532.5,1.463594e-06,7.31797e-06,0
54640.0,54645.0,54642.5,1.473188e-06,7.36594e-06,0
55720.0,55725.0,55722.5,1.473188e-06,7.36594e-06,0
56700.0,56705.0,56702.5,1.473188e-06,7.36594e-06,0
57485.0,57490.0,57487.5,1.432152e-06,7.16076e-06,0
60225.0,60230.0,60227.5,1.473188e-06,7.36594e-06,0
60240.0,60245.0,60242.5,1.463594e-06,7.31797e-06,0
60495.0,60500.0,60497.5,1.432152e-06,7.16076e-06,0
60800.0,60805.0,60802.5,1.432152e-06,7.16076e-06,0
61045.0,61050.0,61047.5,1.432152e-06,7.16076e-06,0
61510.0,61515.0,61512.5,1.465524e-06,7.32762e-06,0
66470.0,66475.0,66472.5,1.432152e-06,7.16076e-06,0
68000.0,68005.0,68002.5,1.451378e-06,7.25689e-06,0
73135.0,73140.0,73137.5,1.451378e-06,7.25689e-06,0
73805.0,73810.0,73807.5,1.451378e-06,7.25689e-06,0
74910.0,74915.0,74912.5,1.463594e-06,7.31797e-06,0
78540.0,78545.0,78542.5,1.473188e-06,7.36594e-06,0
86915.0,86920.0,86917.5,1.451378e-06,7.25689e-06,0
127920.0,127925.0,127922.5,1.465524e-06,7.32762e-06,0
