bin_start_us,bin_end_us,bin_mid_us,pdf_per_us,probability,count
210,215,212.5,7.78437e-05,0.000389219,4
215,220,217.5,9.73047e-05,0.000486523,5
220,225,222.5,5.83828e-05,0.000291914,3
225,230,227.5,3.89219e-05,0.000194609,2
230,235,232.5,3.89219e-05,0.000194609,2
235,240,237.5,3.89219e-05,0.000194609,2
240,245,242.5,7.78437e-05,0.000389219,4
245,250,247.5,7.78437e-05,0.000389219,4
250,255,252.5,7.78437e-05,0.000389219,4
255,260,257.5,0.000116766,0.000583828,6
260,265,262.5,9.73047e-05,0.000486523,5
265,270,267.5,3.89219e-05,0.000194609,2
270,275,272.5,0.000116766,0.000583828,6
275,280,277.5,7.78437e-05,0.000389219,4
280,285,282.5,5.83828e-05,0.000291914,3
285,290,287.5,3.89219e-05,0.000194609,2
295,300,297.5,1.94609e-05,9.73047e-05,1
300,305,302.5,5.83828e-05,0.000291914,3
305,310,307.5,3.89219e-05,0.000194609,2
310,315,312.5,3.89219e-05,0.000194609,2
315,320,317.5,9.73047e-05,0.000486523,5
320,325,322.5,1.94609e-05,9.73047e-05,1
325,330,327.5,3.89219e-05,0.000194609,2
330,335,332.5,0.000116766,0.000583828,6
335,340,337.5,0.000136227,0.000681133,7
340,345,342.5,0.00108981,0.00544906,56
345,350,347.5,0.000700594,0.00350297,36
350,355,352.5,0.000544906,0.00272453,28
355,360,357.5,0.000642211,0.00321105,33
360,365,362.5,0.000797898,0.00398949,41
365,370,367.5,0.00062275,0.00311375,32
370,375,372.5,0.000525445,0.00262723,27
375,380,377.5,0.00040868,0.0020434,21
380,385,382.5,0.000272453,0.00136227,14
385,390,387.5,0.000252992,0.00126496,13
390,395,392.5,0.000272453,0.00136227,14
395,400,397.5,0.00021407,0.00107035,11
400,405,402.5,0.000291914,0.00145957,15
405,410,407.5,0.000272453,0.00136227,14
410,415,412.5,0.000350297,0.00175148,18
415,420,417.5,0.00021407,0.00107035,11
420,425,422.5,0.00040868,0.0020434,21
425,430,427.5,0.000233531,0.00116766,12
430,435,432.5,0.000291914,0.00145957,15
435,440,437.5,0.000330836,0.00165418,17
440,445,442.5,0.000116766,0.000583828,6
445,450,447.5,0.00021407,0.00107035,11
450,455,452.5,0.000136227,0.000681133,7
455,460,457.5,7.78437e-05,0.000389219,4
460,465,462.5,0.000136227,0.000681133,7
465,470,467.5,0.000252992,0.00126496,13
470,475,472.5,0.0164639,0.0823197,846
475,480,477.5,0.00021407,0.00107035,11
480,485,482.5,9.73047e-05,0.000486523,5
485,490,487.5,0.000155687,0.000778437,8
490,495,492.5,0.000272453,0.00136227,14
495,500,497.5,0.000116766,0.000583828,6
500,505,502.5,0.000233531,0.00116766,12
505,510,507.5,0.00021407,0.00107035,11
510,515,512.5,0.000175148,0.000875742,9
515,520,517.5,0.000291914,0.00145957,15
520,525,522.5,0.000233531,0.00116766,12
525,530,527.5,0.000194609,0.000973047,10
530,535,532.5,0.000252992,0.00126496,13
535,540,537.5,0.000252992,0.00126496,13
540,545,542.5,0.000175148,0.000875742,9
545,550,547.5,0.000155687,0.000778437,8
550,555,552.5,0.00021407,0.00107035,11
555,560,557.5,0.000252992,0.00126496,13
560,565,562.5,0.000155687,0.000778437,8
565,570,567.5,0.000311375,0.00155687,16
570,575,572.5,0.000155687,0.000778437,8
575,580,577.5,0.000233531,0.00116766,12
580,585,582.5,0.000175148,0.000875742,9
585,590,587.5,0.000155687,0.000778437,8
590,595,592.5,0.000136227,0.000681133,7
595,600,597.5,0.00021407,0.00107035,11
600,605,602.5,0.000467062,0.00233531,24
605,610,607.5,0.000116766,0.000583828,6
610,615,612.5,0.000233531,0.00116766,12
615,620,617.5,0.000330836,0.00165418,17
620,625,622.5,0.000233531,0.00116766,12
625,630,627.5,0.000116766,0.000583828,6
630,635,632.5,0.000252992,0.00126496,13
635,640,637.5,9.73047e-05,0.000486523,5
640,645,642.5,0.000233531,0.00116766,12
645,650,647.5,0.00021407,0.00107035,11
650,655,652.5,0.000155687,0.000778437,8
655,660,657.5,0.000175148,0.000875742,9
660,665,662.5,0.000311375,0.00155687,16
665,670,667.5,0.00040868,0.0020434,21
670,675,672.5,0.000291914,0.00145957,15
675,680,677.5,0.000486523,0.00243262,25
680,685,682.5,0.000136227,0.000681133,7
685,690,687.5,0.000311375,0.00155687,16
690,695,692.5,0.000233531,0.00116766,12
695,700,697.5,0.000311375,0.00155687,16
700,705,702.5,0.000194609,0.000973047,10
705,710,707.5,0.000155687,0.000778437,8
710,715,712.5,0.00021407,0.00107035,11
715,720,717.5,0.000330836,0.00165418,17
720,725,722.5,0.000252992,0.00126496,13
725,730,727.5,0.000350297,0.00175148,18
730,735,732.5,0.000155687,0.000778437,8
735,740,737.5,0.00021407,0.00107035,11
740,745,742.5,0.00358081,0.0179041,184
745,750,747.5,0.000175148,0.000875742,9
750,755,752.5,0.000155687,0.000778437,8
755,760,757.5,0.000155687,0.000778437,8
760,765,762.5,0.000136227,0.000681133,7
765,770,767.5,0.000175148,0.000875742,9
770,775,772.5,0.000155687,0.000778437,8
775,780,777.5,0.000350297,0.00175148,18
780,785,782.5,0.000194609,0.000973047,10
785,790,787.5,0.000136227,0.000681133,7
790,795,792.5,0.000194609,0.000973047,10
795,800,797.5,0.000136227,0.000681133,7
800,805,802.5,0.000136227,0.000681133,7
805,810,807.5,0.000175148,0.000875742,9
810,815,812.5,0.000155687,0.000778437,8
815,820,817.5,0.00021407,0.00107035,11
820,825,822.5,0.000116766,0.000583828,6
825,830,827.5,0.000136227,0.000681133,7
830,835,832.5,0.000116766,0.000583828,6
835,840,837.5,0.000136227,0.000681133,7
840,845,842.5,0.000136227,0.000681133,7
845,850,847.5,7.78437e-05,0.000389219,4
850,855,852.5,0.000136227,0.000681133,7
855,860,857.5,0.000116766,0.000583828,6
860,865,862.5,0.000175148,0.000875742,9
865,870,867.5,0.000194609,0.000973047,10
870,875,872.5,0.000252992,0.00126496,13
875,880,877.5,0.000233531,0.00116766,12
880,885,882.5,0.000155687,0.000778437,8
885,890,887.5,0.000155687,0.000778437,8
890,895,892.5,9.73047e-05,0.000486523,5
895,900,897.5,5.83828e-05,0.000291914,3
900,905,902.5,0.000194609,0.000973047,10
905,910,907.5,0.000155687,0.000778437,8
910,915,912.5,0.000389219,0.00194609,20
915,920,917.5,0.000116766,0.000583828,6
920,925,922.5,0.000252992,0.00126496,13
925,930,927.5,7.78437e-05,0.000389219,4
930,935,932.5,0.000136227,0.000681133,7
935,940,937.5,0.000272453,0.00136227,14
940,945,942.5,0.000136227,0.000681133,7
945,950,947.5,0.000136227,0.000681133,7
950,955,952.5,0.000116766,0.000583828,6
955,960,957.5,0.000155687,0.000778437,8
960,965,962.5,0.000175148,0.000875742,9
965,970,967.5,5.83828e-05,0.000291914,3
970,975,972.5,0.000175148,0.000875742,9
975,980,977.5,0.000252992,0.00126496,13
980,985,982.5,5.83828e-05,0.000291914,3
985,990,987.5,0.000252992,0.00126496,13
990,995,992.5,0.000116766,0.000583828,6
995,1000,997.5,0.000252992,0.00126496,13
1000,1005,1002.5,0.00021407,0.00107035,11
1005,1010,1007.5,0.000136227,0.000681133,7
1010,1015,1012.5,0.000233531,0.00116766,12
1015,1020,1017.5,0.000116766,0.000583828,6
1020,1025,1022.5,0.000525445,0.00262723,27
1025,1030,1027.5,0.000233531,0.00116766,12
1030,1035,1032.5,0.00021407,0.00107035,11
1035,1040,1037.5,0.000175148,0.000875742,9
1040,1045,1042.5,0.000155687,0.000778437,8
1045,1050,1047.5,0.000252992,0.00126496,13
1050,1055,1052.5,5.83828e-05,0.000291914,3
1055,1060,1057.5,0.000155687,0.000778437,8
1060,1065,1062.5,0.000155687,0.000778437,8
1065,1070,1067.5,0.000155687,0.000778437,8
1070,1075,1072.5,0.000116766,0.000583828,6
1075,1080,1077.5,0.000155687,0.000778437,8
1080,1085,1082.5,0.000116766,0.000583828,6
1085,1090,1087.5,7.78437e-05,0.000389219,4
1090,1095,1092.5,0.000136227,0.000681133,7
1095,1100,1097.5,9.73047e-05,0.000486523,5
1100,1105,1102.5,5.83828e-05,0.000291914,3
1105,1110,1107.5,0.000136227,0.000681133,7
1110,1115,1112.5,0.000136227,0.000681133,7
1115,1120,1117.5,0.000233531,0.00116766,12
1120,1125,1122.5,0.000194609,0.000973047,10
1125,1130,1127.5,0.000233531,0.00116766,12
1130,1135,1132.5,0.000155687,0.000778437,8
1135,1140,1137.5,0.000194609,0.000973047,10
1140,1145,1142.5,0.000175148,0.000875742,9
1145,1150,1147.5,0.000155687,0.000778437,8
1150,1155,1152.5,0.000194609,0.000973047,10
1155,1160,1157.5,0.000252992,0.00126496,13
1160,1165,1162.5,0.000155687,0.000778437,8
1165,1170,1167.5,0.000116766,0.000583828,6
1170,1175,1172.5,0.000175148,0.000875742,9
1175,1180,1177.5,0.000175148,0.000875742,9
1180,1185,1182.5,0.00021407,0.00107035,11
1185,1190,1187.5,0.000233531,0.00116766,12
1190,1195,1192.5,7.78437e-05,0.000389219,4
1195,1200,1197.5,9.73047e-05,0.000486523,5
1200,1205,1202.5,0.000136227,0.000681133,7
1205,1210,1207.5,0.00021407,0.00107035,11
1210,1215,1212.5,0.000194609,0.000973047,10
1215,1220,1217.5,0.000155687,0.000778437,8
1220,1225,1222.5,0.000116766,0.000583828,6
1225,1230,1227.5,7.78437e-05,0.000389219,4
1230,1235,1232.5,0.000116766,0.000583828,6
1235,1240,1237.5,0.000155687,0.000778437,8
1240,1245,1242.5,0.000136227,0.000681133,7
1245,1250,1247.5,9.73047e-05,0.000486523,5
1250,1255,1252.5,0.000194609,0.000973047,10
1255,1260,1257.5,9.73047e-05,0.000486523,5
1260,1265,1262.5,0.000175148,0.000875742,9
1265,1270,1267.5,0.000175148,0.000875742,9
1270,1275,1272.5,9.73047e-05,0.000486523,5
1275,1280,1277.5,0.000233531,0.00116766,12
1280,1285,1282.5,0.000272453,0.00136227,14
1285,1290,1287.5,0.000194609,0.000973047,10
1290,1295,1292.5,0.000136227,0.000681133,7
1295,1300,1297.5,0.000116766,0.000583828,6
1300,1305,1302.5,0.000116766,0.000583828,6
1305,1310,1307.5,0.000233531,0.00116766,12
1310,1315,1312.5,0.000155687,0.000778437,8
1315,1320,1317.5,0.000233531,0.00116766,12
1320,1325,1322.5,0.000116766,0.000583828,6
1325,1330,1327.5,7.78437e-05,0.000389219,4
1330,1335,1332.5,0.00021407,0.00107035,11
1335,1340,1337.5,0.000136227,0.000681133,7
1340,1345,1342.5,0.000136227,0.000681133,7
1345,1350,1347.5,0.000136227,0.000681133,7
1350,1355,1352.5,9.73047e-05,0.000486523,5
1355,1360,1357.5,0.000116766,0.000583828,6
1360,1365,1362.5,0.000116766,0.000583828,6
1365,1370,1367.5,9.73047e-05,0.000486523,5
1370,1375,1372.5,7.78437e-05,0.000389219,4
1375,1380,1377.5,0.000194609,0.000973047,10
1380,1385,1382.5,0.000136227,0.000681133,7
1385,1390,1387.5,0.000136227,0.000681133,7
1390,1395,1392.5,9.73047e-05,0.000486523,5
1395,1400,1397.5,0.000136227,0.000681133,7
1400,1405,1402.5,9.73047e-05,0.000486523,5
1405,1410,1407.5,7.78437e-05,0.000389219,4
1410,1415,1412.5,0.000116766,0.000583828,6
1415,1420,1417.5,0.000155687,0.000778437,8
1420,1425,1422.5,0.000116766,0.000583828,6
1425,1430,1427.5,7.78437e-05,0.000389219,4
1430,1435,1432.5,7.78437e-05,0.000389219,4
1435,1440,1437.5,0.000155687,0.000778437,8
1440,1445,1442.5,0.000116766,0.000583828,6
1445,1450,1447.5,7.78437e-05,0.000389219,4
1450,1455,1452.5,0.000136227,0.000681133,7
1455,1460,1457.5,5.83828e-05,0.000291914,3
1460,1465,1462.5,0.000116766,0.000583828,6
1465,1470,1467.5,0.000116766,0.000583828,6
1470,1475,1472.5,9.73047e-05,0.000486523,5
1475,1480,1477.5,7.78437e-05,0.000389219,4
1480,1485,1482.5,9.73047e-05,0.000486523,5
1485,1490,1487.5,0.000175148,0.000875742,9
1490,1495,1492.5,0.000136227,0.000681133,7
1495,1500,1497.5,9.73047e-05,0.000486523,5
1500,1505,1502.5,7.78437e-05,0.000389219,4
1505,1510,1507.5,0.000155687,0.000778437,8
1510,1515,1512.5,7.78437e-05,0.000389219,4
1515,1520,1517.5,0.000155687,0.000778437,8
1520,1525,1522.5,9.73047e-05,0.000486523,5
1525,1530,1527.5,5.83828e-05,0.000291914,3
1530,1535,1532.5,0.000116766,0.000583828,6
1535,1540,1537.5,0.000175148,0.000875742,9
1540,1545,1542.5,0.000175148,0.000875742,9
1545,1550,1547.5,0.000136227,0.000681133,7
1550,1555,1552.5,3.89219e-05,0.000194609,2
1555,1560,1557.5,0.000155687,0.000778437,8
1560,1565,1562.5,0.000155687,0.000778437,8
1565,1570,1567.5,0.000136227,0.000681133,7
1570,1575,1572.5,0.00021407,0.00107035,11
1575,1580,1577.5,0.000155687,0.000778437,8
1580,1585,1582.5,5.83828e-05,0.000291914,3
1585,1590,1587.5,0.000155687,0.000778437,8
1590,1595,1592.5,0.000116766,0.000583828,6
1595,1600,1597.5,7.78437e-05,0.000389219,4
1600,1605,1602.5,0.000136227,0.000681133,7
1605,1610,1607.5,0.000136227,0.000681133,7
1610,1615,1612.5,0.000116766,0.000583828,6
1615,1620,1617.5,0.000116766,0.000583828,6
1620,1625,1622.5,0.000155687,0.000778437,8
1625,1630,1627.5,9.73047e-05,0.000486523,5
1630,1635,1632.5,0.000136227,0.000681133,7
1635,1640,1637.5,0.000155687,0.000778437,8
1640,1645,1642.5,9.73047e-05,0.000486523,5
1645,1650,1647.5,0.000136227,0.000681133,7
1650,1655,1652.5,0.000136227,0.000681133,7
1655,1660,1657.5,0.000116766,0.000583828,6
1660,1665,1662.5,0.000175148,0.000875742,9
1665,1670,1667.5,0.000116766,0.000583828,6
1670,1675,1672.5,0.000175148,0.000875742,9
1675,1680,1677.5,0.000175148,0.000875742,9
1680,1685,1682.5,0.000136227,0.000681133,7
1685,1690,1687.5,0.000136227,0.000681133,7
1690,1695,1692.5,0.000311375,0.00155687,16
1695,1700,1697.5,0.000116766,0.000583828,6
1700,1705,1702.5,0.000175148,0.000875742,9
1705,1710,1707.5,9.73047e-05,0.000486523,5
1710,1715,1712.5,0.00021407,0.00107035,11
1715,1720,1717.5,0.000116766,0.000583828,6
1720,1725,1722.5,9.73047e-05,0.000486523,5
1725,1730,1727.5,9.73047e-05,0.000486523,5
1730,1735,1732.5,0.000155687,0.000778437,8
1735,1740,1737.5,5.83828e-05,0.000291914,3
1740,1745,1742.5,0.000136227,0.000681133,7
1745,1750,1747.5,7.78437e-05,0.000389219,4
1750,1755,1752.5,0.000155687,0.000778437,8
1755,1760,1757.5,5.83828e-05,0.000291914,3
1760,1765,1762.5,0.000155687,0.000778437,8
1765,1770,1767.5,0.000175148,0.000875742,9
1770,1775,1772.5,0.000116766,0.000583828,6
1775,1780,1777.5,7.78437e-05,0.000389219,4
1780,1785,1782.5,7.78437e-05,0.000389219,4
1785,1790,1787.5,5.83828e-05,0.000291914,3
1790,1795,1792.5,0.000272453,0.00136227,14
1795,1800,1797.5,0.000175148,0.000875742,9
1800,1805,1802.5,0.000136227,0.000681133,7
1805,1810,1807.5,5.83828e-05,0.000291914,3
1810,1815,1812.5,0.000194609,0.000973047,10
1815,1820,1817.5,0.000136227,0.000681133,7
1820,1825,1822.5,0.000136227,0.000681133,7
1825,1830,1827.5,0.000175148,0.000875742,9
1830,1835,1832.5,0.000175148,0.000875742,9
1835,1840,1837.5,0.000116766,0.000583828,6
1840,1845,1842.5,9.73047e-05,0.000486523,5
1845,1850,1847.5,0.000116766,0.000583828,6
1850,1855,1852.5,0.000155687,0.000778437,8
1855,1860,1857.5,0.000116766,0.000583828,6
1860,1865,1862.5,0.000175148,0.000875742,9
1865,1870,1867.5,5.83828e-05,0.000291914,3
1870,1875,1872.5,0.000136227,0.000681133,7
1875,1880,1877.5,0.000136227,0.000681133,7
1880,1885,1882.5,0.000116766,0.000583828,6
1885,1890,1887.5,0.000116766,0.000583828,6
1890,1895,1892.5,7.78437e-05,0.000389219,4
1895,1900,1897.5,0.000116766,0.000583828,6
1900,1905,1902.5,7.78437e-05,0.000389219,4
1905,1910,1907.5,9.73047e-05,0.000486523,5
1910,1915,1912.5,0.000136227,0.000681133,7
1915,1920,1917.5,5.83828e-05,0.000291914,3
1920,1925,1922.5,0.000155687,0.000778437,8
1925,1930,1927.5,9.73047e-05,0.000486523,5
1930,1935,1932.5,9.73047e-05,0.000486523,5
1935,1940,1937.5,0.000136227,0.000681133,7
1940,1945,1942.5,0.000136227,0.000681133,7
1945,1950,1947.5,0.000155687,0.000778437,8
1950,1955,1952.5,0.000194609,0.000973047,10
1955,1960,1957.5,0.000136227,0.000681133,7
1960,1965,1962.5,7.78437e-05,0.000389219,4
1965,1970,1967.5,9.73047e-05,0.000486523,5
1970,1975,1972.5,0.000116766,0.000583828,6
1975,1980,1977.5,9.73047e-05,0.000486523,5
1980,1985,1982.5,0.000116766,0.000583828,6
1985,1990,1987.5,7.78437e-05,0.000389219,4
1990,1995,1992.5,0.00021407,0.00107035,11
1995,2000,1997.5,0.000116766,0.000583828,6
2000,2005,2002.5,0.000175148,0.000875742,9
2005,2010,2007.5,0.000136227,0.000681133,7
2010,2015,2012.5,0.00021407,0.00107035,11
2015,2020,2017.5,5.83828e-05,0.000291914,3
2020,2025,2022.5,0.000252992,0.00126496,13
2025,2030,2027.5,9.73047e-05,0.000486523,5
2030,2035,2032.5,5.83828e-05,0.000291914,3
2035,2040,2037.5,0.000175148,0.000875742,9
2040,2045,2042.5,0.000116766,0.000583828,6
2045,2050,2047.5,9.73047e-05,0.000486523,5
2050,2055,2052.5,7.78437e-05,0.000389219,4
2055,2060,2057.5,0.000194609,0.000973047,10
2060,2065,2062.5,5.83828e-05,0.000291914,3
2065,2070,2067.5,0.00021407,0.00107035,11
2070,2075,2072.5,0.000194609,0.000973047,10
2075,2080,2077.5,0.000136227,0.000681133,7
2080,2085,2082.5,0.000175148,0.000875742,9
2085,2090,2087.5,0.000194609,0.000973047,10
2090,2095,2092.5,3.89219e-05,0.000194609,2
2095,2100,2097.5,0.000136227,0.000681133,7
2100,2105,2102.5,0.000116766,0.000583828,6
2105,2110,2107.5,0.000155687,0.000778437,8
2110,2115,2112.5,9.73047e-05,0.000486523,5
2115,2120,2117.5,0.000116766,0.000583828,6
2120,2125,2122.5,0.000155687,0.000778437,8
2125,2130,2127.5,7.78437e-05,0.000389219,4
2130,2135,2132.5,0.000136227,0.000681133,7
2135,2140,2137.5,0.000194609,0.000973047,10
2140,2145,2142.5,0.000116766,0.000583828,6
2145,2150,2147.5,7.78437e-05,0.000389219,4
2150,2155,2152.5,0.000155687,0.000778437,8
2155,2160,2157.5,0.000155687,0.000778437,8
2160,2165,2162.5,9.73047e-05,0.000486523,5
2165,2170,2167.5,3.89219e-05,0.000194609,2
2170,2175,2172.5,9.73047e-05,0.000486523,5
2175,2180,2177.5,7.78437e-05,0.000389219,4
2180,2185,2182.5,9.73047e-05,0.000486523,5
2185,2190,2187.5,0.000116766,0.000583828,6
2190,2195,2192.5,0.000116766,0.000583828,6
2195,2200,2197.5,0.000116766,0.000583828,6
2205,2210,2207.5,7.78437e-05,0.000389219,4
2210,2215,2212.5,5.83828e-05,0.000291914,3
2215,2220,2217.5,0.000116766,0.000583828,6
2220,2225,2222.5,5.83828e-05,0.000291914,3
2225,2230,2227.5,0.000116766,0.000583828,6
2230,2235,2232.5,7.78437e-05,0.000389219,4
2235,2240,2237.5,9.73047e-05,0.000486523,5
2240,2245,2242.5,0.000194609,0.000973047,10
2245,2250,2247.5,0.000116766,0.000583828,6
2250,2255,2252.5,3.89219e-05,0.000194609,2
2255,2260,2257.5,0.000136227,0.000681133,7
2260,2265,2262.5,9.73047e-05,0.000486523,5
2265,2270,2267.5,9.73047e-05,0.000486523,5
2270,2275,2272.5,3.89219e-05,0.000194609,2
2275,2280,2277.5,0.000175148,0.000875742,9
2280,2285,2282.5,0.000136227,0.000681133,7
2285,2290,2287.5,0.000155687,0.000778437,8
2290,2295,2292.5,0.000194609,0.000973047,10
2295,2300,2297.5,0.000116766,0.000583828,6
2300,2305,2302.5,7.78437e-05,0.000389219,4
2305,2310,2307.5,5.83828e-05,0.000291914,3
2310,2315,2312.5,0.000116766,0.000583828,6
2315,2320,2317.5,9.73047e-05,0.000486523,5
2320,2325,2322.5,0.000116766,0.000583828,6
2325,2330,2327.5,0.000136227,0.000681133,7
2330,2335,2332.5,0.000116766,0.000583828,6
2335,2340,2337.5,7.78437e-05,0.000389219,4
2340,2345,2342.5,7.78437e-05,0.000389219,4
2345,2350,2347.5,3.89219e-05,0.000194609,2
2350,2355,2352.5,0.000136227,0.000681133,7
2355,2360,2357.5,0.000116766,0.000583828,6
2360,2365,2362.5,5.83828e-05,0.000291914,3
2365,2370,2367.5,0.000136227,0.000681133,7
2370,2375,2372.5,0.000194609,0.000973047,10
2375,2380,2377.5,9.73047e-05,0.000486523,5
2380,2385,2382.5,9.73047e-05,0.000486523,5
2385,2390,2387.5,9.73047e-05,0.000486523,5
2390,2395,2392.5,0.000233531,0.00116766,12
2395,2400,2397.5,7.78437e-05,0.000389219,4
2400,2405,2402.5,0.000116766,0.000583828,6
2405,2410,2407.5,9.73047e-05,0.000486523,5
2410,2415,2412.5,9.73047e-05,0.000486523,5
2415,2420,2417.5,0.000175148,0.000875742,9
2420,2425,2422.5,0.000136227,0.000681133,7
2425,2430,2427.5,0.000155687,0.000778437,8
2430,2435,2432.5,0.000136227,0.000681133,7
2435,2440,2437.5,0.000116766,0.000583828,6
2440,2445,2442.5,0.000136227,0.000681133,7
2445,2450,2447.5,9.73047e-05,0.000486523,5
2450,2455,2452.5,0.00021407,0.00107035,11
2455,2460,2457.5,7.78437e-05,0.000389219,4
2460,2465,2462.5,0.000136227,0.000681133,7
2465,2470,2467.5,0.000116766,0.000583828,6
2470,2475,2472.5,0.000233531,0.00116766,12
2475,2480,2477.5,0.000136227,0.000681133,7
2480,2485,2482.5,0.000116766,0.000583828,6
2485,2490,2487.5,5.83828e-05,0.000291914,3
2490,2495,2492.5,0.000175148,0.000875742,9
2495,2500,2497.5,0.000116766,0.000583828,6
2500,2505,2502.5,0.000116766,0.000583828,6
2505,2510,2507.5,9.73047e-05,0.000486523,5
2510,2515,2512.5,0.000175148,0.000875742,9
2515,2520,2517.5,0.000116766,0.000583828,6
2520,2525,2522.5,0.00021407,0.00107035,11
2525,2530,2527.5,5.83828e-05,0.000291914,3
2530,2535,2532.5,0.000175148,0.000875742,9
2535,2540,2537.5,1.94609e-05,9.73047e-05,1
2540,2545,2542.5,0.000116766,0.000583828,6
2545,2550,2547.5,7.78437e-05,0.000389219,4
2550,2555,2552.5,5.83828e-05,0.000291914,3
2555,2560,2557.5,0.000155687,0.000778437,8
2560,2565,2562.5,7.78437e-05,0.000389219,4
2565,2570,2567.5,0.000116766,0.000583828,6
2570,2575,2572.5,9.73047e-05,0.000486523,5
2575,2580,2577.5,7.78437e-05,0.000389219,4
2580,2585,2582.5,9.73047e-05,0.000486523,5
2585,2590,2587.5,0.000175148,0.000875742,9
2590,2595,2592.5,9.73047e-05,0.000486523,5
2595,2600,2597.5,0.000155687,0.000778437,8
2600,2605,2602.5,0.000116766,0.000583828,6
2605,2610,2607.5,0.000116766,0.000583828,6
2610,2615,2612.5,5.83828e-05,0.000291914,3
2615,2620,2617.5,7.78437e-05,0.000389219,4
2620,2625,2622.5,3.89219e-05,0.000194609,2
2625,2630,2627.5,9.73047e-05,0.000486523,5
2630,2635,2632.5,7.78437e-05,0.000389219,4
2635,2640,2637.5,3.89219e-05,0.000194609,2
2640,2645,2642.5,9.73047e-05,0.000486523,5
2645,2650,2647.5,0.000136227,0.000681133,7
2650,2655,2652.5,5.83828e-05,0.000291914,3
2655,2660,2657.5,7.78437e-05,0.000389219,4
2660,2665,2662.5,9.73047e-05,0.000486523,5
2665,2670,2667.5,0.000136227,0.000681133,7
2670,2675,2672.5,3.89219e-05,0.000194609,2
2675,2680,2677.5,9.73047e-05,0.000486523,5
2680,2685,2682.5,5.83828e-05,0.000291914,3
2685,2690,2687.5,0.000136227,0.000681133,7
2690,2695,2692.5,0.000136227,0.000681133,7
2695,2700,2697.5,0.000136227,0.000681133,7
2700,2705,2702.5,7.78437e-05,0.000389219,4
2705,2710,2707.5,9.73047e-05,0.000486523,5
2710,2715,2712.5,7.78437e-05,0.000389219,4
2715,2720,2717.5,0.000155687,0.000778437,8
2720,2725,2722.5,0.000136227,0.000681133,7
2725,2730,2727.5,9.73047e-05,0.000486523,5
2730,2735,2732.5,0.000136227,0.000681133,7
2735,2740,2737.5,7.78437e-05,0.000389219,4
2740,2745,2742.5,7.78437e-05,0.000389219,4
2745,2750,2747.5,1.94609e-05,9.73047e-05,1
2750,2755,2752.5,0.000116766,0.000583828,6
2755,2760,2757.5,0.000155687,0.000778437,8
2760,2765,2762.5,0.000116766,0.000583828,6
2765,2770,2767.5,3.89219e-05,0.000194609,2
2770,2775,2772.5,0.000155687,0.000778437,8
2775,2780,2777.5,0.000116766,0.000583828,6
2780,2785,2782.5,0.000116766,0.000583828,6
2785,2790,2787.5,9.73047e-05,0.000486523,5
2790,2795,2792.5,0.000116766,0.000583828,6
2795,2800,2797.5,7.78437e-05,0.000389219,4
2800,2805,2802.5,9.73047e-05,0.000486523,5
2805,2810,2807.5,0.00021407,0.00107035,11
2810,2815,2812.5,0.000155687,0.000778437,8
2815,2820,2817.5,5.83828e-05,0.000291914,3
2820,2825,2822.5,9.73047e-05,0.000486523,5
2825,2830,2827.5,7.78437e-05,0.000389219,4
2830,2835,2832.5,7.78437e-05,0.000389219,4
2835,2840,2837.5,0.000194609,0.000973047,10
2840,2845,2842.5,9.73047e-05,0.000486523,5
2845,2850,2847.5,3.89219e-05,0.000194609,2
2850,2855,2852.5,3.89219e-05,0.000194609,2
2855,2860,2857.5,7.78437e-05,0.000389219,4
2860,2865,2862.5,9.73047e-05,0.000486523,5
2865,2870,2867.5,0.000194609,0.000973047,10
2870,2875,2872.5,0.000136227,0.000681133,7
2875,2880,2877.5,0.00021407,0.00107035,11
2880,2885,2882.5,0.000194609,0.000973047,10
2885,2890,2887.5,7.78437e-05,0.000389219,4
2890,2895,2892.5,9.73047e-05,0.000486523,5
2895,2900,2897.5,0.000116766,0.000583828,6
2900,2905,2902.5,9.73047e-05,0.000486523,5
2905,2910,2907.5,0.000116766,0.000583828,6
2910,2915,2912.5,5.83828e-05,0.000291914,3
2915,2920,2917.5,7.78437e-05,0.000389219,4
2920,2925,2922.5,9.73047e-05,0.000486523,5
2925,2930,2927.5,0.000155687,0.000778437,8
2930,2935,2932.5,0.000136227,0.000681133,7
2935,2940,2937.5,0.000155687,0.000778437,8
2940,2945,2942.5,0.000116766,0.000583828,6
2945,2950,2947.5,7.78437e-05,0.000389219,4
2950,2955,2952.5,9.73047e-05,0.000486523,5
2955,2960,2957.5,3.89219e-05,0.000194609,2
2960,2965,2962.5,3.89219e-05,0.000194609,2
2965,2970,2967.5,0.000116766,0.000583828,6
2970,2975,2972.5,9.73047e-05,0.000486523,5
2975,2980,2977.5,5.83828e-05,0.000291914,3
2980,2985,2982.5,7.78437e-05,0.000389219,4
2985,2990,2987.5,0.000116766,0.000583828,6
2990,2995,2992.5,7.78437e-05,0.000389219,4
2995,3000,2997.5,9.73047e-05,0.000486523,5
3000,3005,3002.5,0.000116766,0.000583828,6
3005,3010,3007.5,7.78437e-05,0.000389219,4
3010,3015,3012.5,0.000116766,0.000583828,6
3015,3020,3017.5,7.78437e-05,0.000389219,4
3020,3025,3022.5,3.89219e-05,0.000194609,2
3025,3030,3027.5,9.73047e-05,0.000486523,5
3030,3035,3032.5,1.94609e-05,9.73047e-05,1
3035,3040,3037.5,3.89219e-05,0.000194609,2
3040,3045,3042.5,0.000116766,0.000583828,6
3045,3050,3047.5,9.73047e-05,0.000486523,5
3050,3055,3052.5,7.78437e-05,0.000389219,4
3055,3060,3057.5,7.78437e-05,0.000389219,4
3060,3065,3062.5,0.000136227,0.000681133,7
3065,3070,3067.5,7.78437e-05,0.000389219,4
3070,3075,3072.5,5.83828e-05,0.000291914,3
3075,3080,3077.5,7.78437e-05,0.000389219,4
3085,3090,3087.5,9.73047e-05,0.000486523,5
3090,3095,3092.5,9.73047e-05,0.000486523,5
3095,3100,3097.5,0.000175148,0.000875742,9
3100,3105,3102.5,5.83828e-05,0.000291914,3
3105,3110,3107.5,1.94609e-05,9.73047e-05,1
3110,3115,3112.5,0.000116766,0.000583828,6
3115,3120,3117.5,0.000116766,0.000583828,6
3120,3125,3122.5,0.000136227,0.000681133,7
3125,3130,3127.5,7.78437e-05,0.000389219,4
3130,3135,3132.5,0.000136227,0.000681133,7
3135,3140,3137.5,7.78437e-05,0.000389219,4
3140,3145,3142.5,5.83828e-05,0.000291914,3
3145,3150,3147.5,0.000155687,0.000778437,8
3150,3155,3152.5,7.78437e-05,0.000389219,4
3155,3160,3157.5,0.000116766,0.000583828,6
3160,3165,3162.5,3.89219e-05,0.000194609,2
3165,3170,3167.5,7.78437e-05,0.000389219,4
3170,3175,3172.5,0.000116766,0.000583828,6
3175,3180,3177.5,7.78437e-05,0.000389219,4
3180,3185,3182.5,1.94609e-05,9.73047e-05,1
3185,3190,3187.5,9.73047e-05,0.000486523,5
3190,3195,3192.5,5.83828e-05,0.000291914,3
3195,3200,3197.5,0.000116766,0.000583828,6
3200,3205,3202.5,0.000175148,0.000875742,9
3205,3210,3207.5,0.000116766,0.000583828,6
3210,3215,3212.5,0.000175148,0.000875742,9
3215,3220,3217.5,7.78437e-05,0.000389219,4
3220,3225,3222.5,0.000116766,0.000583828,6
3225,3230,3227.5,3.89219e-05,0.000194609,2
3230,3235,3232.5,9.73047e-05,0.000486523,5
3235,3240,3237.5,0.000136227,0.000681133,7
3240,3245,3242.5,7.78437e-05,0.000389219,4
3245,3250,3247.5,9.73047e-05,0.000486523,5
3250,3255,3252.5,0.000116766,0.000583828,6
3255,3260,3257.5,7.78437e-05,0.000389219,4
3260,3265,3262.5,7.78437e-05,0.000389219,4
3265,3270,3267.5,7.78437e-05,0.000389219,4
3270,3275,3272.5,3.89219e-05,0.000194609,2
3275,3280,3277.5,3.89219e-05,0.000194609,2
3280,3285,3282.5,5.83828e-05,0.000291914,3
3285,3290,3287.5,7.78437e-05,0.000389219,4
3290,3295,3292.5,9.73047e-05,0.000486523,5
3295,3300,3297.5,9.73047e-05,0.000486523,5
3300,3305,3302.5,5.83828e-05,0.000291914,3
3305,3310,3307.5,3.89219e-05,0.000194609,2
3310,3315,3312.5,5.83828e-05,0.000291914,3
3315,3320,3317.5,0.000136227,0.000681133,7
3320,3325,3322.5,9.73047e-05,0.000486523,5
3325,3330,3327.5,0.000116766,0.000583828,6
3330,3335,3332.5,0.000116766,0.000583828,6
3335,3340,3337.5,0.000136227,0.000681133,7
3340,3345,3342.5,3.89219e-05,0.000194609,2
3345,3350,3347.5,7.78437e-05,0.000389219,4
3350,3355,3352.5,9.73047e-05,0.000486523,5
3355,3360,3357.5,7.78437e-05,0.000389219,4
3360,3365,3362.5,3.89219e-05,0.000194609,2
3365,3370,3367.5,0.000116766,0.000583828,6
3370,3375,3372.5,3.89219e-05,0.000194609,2
3375,3380,3377.5,1.94609e-05,9.73047e-05,1
3380,3385,3382.5,9.73047e-05,0.000486523,5
3385,3390,3387.5,9.73047e-05,0.000486523,5
3390,3395,3392.5,5.83828e-05,0.000291914,3
3395,3400,3397.5,5.83828e-05,0.000291914,3
3400,3405,3402.5,9.73047e-05,0.000486523,5
3405,3410,3407.5,0.000116766,0.000583828,6
3410,3415,3412.5,9.73047e-05,0.000486523,5
3415,3420,3417.5,1.94609e-05,9.73047e-05,1
3420,3425,3422.5,5.83828e-05,0.000291914,3
3425,3430,3427.5,7.78437e-05,0.000389219,4
3430,3435,3432.5,0.000136227,0.000681133,7
3435,3440,3437.5,3.89219e-05,0.000194609,2
3440,3445,3442.5,5.83828e-05,0.000291914,3
3445,3450,3447.5,3.89219e-05,0.000194609,2
3450,3455,3452.5,9.73047e-05,0.000486523,5
3455,3460,3457.5,0.000136227,0.000681133,7
3460,3465,3462.5,0.000116766,0.000583828,6
3465,3470,3467.5,5.83828e-05,0.000291914,3
3470,3475,3472.5,5.83828e-05,0.000291914,3
3475,3480,3477.5,5.83828e-05,0.000291914,3
3480,3485,3482.5,9.73047e-05,0.000486523,5
3485,3490,3487.5,0.000136227,0.000681133,7
3490,3495,3492.5,0.000155687,0.000778437,8
3495,3500,3497.5,0.000175148,0.000875742,9
3500,3505,3502.5,5.83828e-05,0.000291914,3
3505,3510,3507.5,0.000116766,0.000583828,6
3510,3515,3512.5,9.73047e-05,0.000486523,5
3515,3520,3517.5,7.78437e-05,0.000389219,4
3520,3525,3522.5,0.000136227,0.000681133,7
3525,3530,3527.5,3.89219e-05,0.000194609,2
3530,3535,3532.5,5.83828e-05,0.000291914,3
3535,3540,3537.5,0.000136227,0.000681133,7
3540,3545,3542.5,0.000116766,0.000583828,6
3545,3550,3547.5,1.94609e-05,9.73047e-05,1
3550,3555,3552.5,0.000155687,0.000778437,8
3555,3560,3557.5,7.78437e-05,0.000389219,4
3560,3565,3562.5,5.83828e-05,0.000291914,3
3565,3570,3567.5,3.89219e-05,0.000194609,2
3570,3575,3572.5,7.78437e-05,0.000389219,4
3575,3580,3577.5,7.78437e-05,0.000389219,4
3580,3585,3582.5,5.83828e-05,0.000291914,3
3585,3590,3587.5,0.000116766,0.000583828,6
3590,3595,3592.5,3.89219e-05,0.000194609,2
3595,3600,3597.5,9.73047e-05,0.000486523,5
3600,3605,3602.5,5.83828e-05,0.000291914,3
3605,3610,3607.5,7.78437e-05,0.000389219,4
3610,3615,3612.5,9.73047e-05,0.000486523,5
3615,3620,3617.5,9.73047e-05,0.000486523,5
3620,3625,3622.5,1.94609e-05,9.73047e-05,1
3625,3630,3627.5,0.000116766,0.000583828,6
3630,3635,3632.5,0.000155687,0.000778437,8
3635,3640,3637.5,0.000175148,0.000875742,9
3640,3645,3642.5,5.83828e-05,0.000291914,3
3645,3650,3647.5,0.000136227,0.000681133,7
3650,3655,3652.5,5.83828e-05,0.000291914,3
3655,3660,3657.5,5.83828e-05,0.000291914,3
3660,3665,3662.5,3.89219e-05,0.000194609,2
3665,3670,3667.5,0.000116766,0.000583828,6
3670,3675,3672.5,7.78437e-05,0.000389219,4
3675,3680,3677.5,1.94609e-05,9.73047e-05,1
3680,3685,3682.5,9.73047e-05,0.000486523,5
3685,3690,3687.5,5.83828e-05,0.000291914,3
3690,3695,3692.5,0.000136227,0.000681133,7
3695,3700,3697.5,7.78437e-05,0.000389219,4
3700,3705,3702.5,9.73047e-05,0.000486523,5
3705,3710,3707.5,0.000136227,0.000681133,7
3710,3715,3712.5,0.000116766,0.000583828,6
3715,3720,3717.5,9.73047e-05,0.000486523,5
3720,3725,3722.5,7.78437e-05,0.000389219,4
3725,3730,3727.5,0.000116766,0.000583828,6
3730,3735,3732.5,7.78437e-05,0.000389219,4
3735,3740,3737.5,0.000155687,0.000778437,8
3740,3745,3742.5,7.78437e-05,0.000389219,4
3745,3750,3747.5,9.73047e-05,0.000486523,5
3750,3755,3752.5,0.000116766,0.000583828,6
3755,3760,3757.5,0.000136227,0.000681133,7
3760,3765,3762.5,0.000136227,0.000681133,7
3765,3770,3767.5,5.83828e-05,0.000291914,3
3770,3775,3772.5,9.73047e-05,0.000486523,5
3775,3780,3777.5,0.000116766,0.000583828,6
3780,3785,3782.5,5.83828e-05,0.000291914,3
3785,3790,3787.5,5.83828e-05,0.000291914,3
3790,3795,3792.5,7.78437e-05,0.000389219,4
3795,3800,3797.5,0.000116766,0.000583828,6
3800,3805,3802.5,5.83828e-05,0.000291914,3
3805,3810,3807.5,7.78437e-05,0.000389219,4
3810,3815,3812.5,5.83828e-05,0.000291914,3
3815,3820,3817.5,0.000155687,0.000778437,8
3820,3825,3822.5,5.83828e-05,0.000291914,3
3825,3830,3827.5,7.78437e-05,0.000389219,4
3830,3835,3832.5,5.83828e-05,0.000291914,3
3835,3840,3837.5,5.83828e-05,0.000291914,3
3840,3845,3842.5,0.000116766,0.000583828,6
3845,3850,3847.5,7.78437e-05,0.000389219,4
3850,3855,3852.5,0.000116766,0.000583828,6
3855,3860,3857.5,9.73047e-05,0.000486523,5
3860,3865,3862.5,5.83828e-05,0.000291914,3
3865,3870,3867.5,1.94609e-05,9.73047e-05,1
3870,3875,3872.5,7.78437e-05,0.000389219,4
3875,3880,3877.5,0.000116766,0.000583828,6
3880,3885,3882.5,0.000116766,0.000583828,6
3885,3890,3887.5,3.89219e-05,0.000194609,2
3890,3895,3892.5,7.78437e-05,0.000389219,4
3895,3900,3897.5,9.73047e-05,0.000486523,5
3900,3905,3902.5,3.89219e-05,0.000194609,2
3905,3910,3907.5,1.94609e-05,9.73047e-05,1
3910,3915,3912.5,0.000136227,0.000681133,7
3915,3920,3917.5,0.000155687,0.000778437,8
3920,3925,3922.5,9.73047e-05,0.000486523,5
3925,3930,3927.5,5.83828e-05,0.000291914,3
3930,3935,3932.5,0.000116766,0.000583828,6
3935,3940,3937.5,0.000116766,0.000583828,6
3940,3945,3942.5,3.89219e-05,0.000194609,2
3945,3950,3947.5,3.89219e-05,0.000194609,2
3950,3955,3952.5,3.89219e-05,0.000194609,2
3955,3960,3957.5,1.94609e-05,9.73047e-05,1
3960,3965,3962.5,9.73047e-05,0.000486523,5
3970,3975,3972.5,5.83828e-05,0.000291914,3
3975,3980,3977.5,0.000136227,0.000681133,7
3980,3985,3982.5,9.73047e-05,0.000486523,5
3985,3990,3987.5,7.78437e-05,0.000389219,4
3990,3995,3992.5,0.000194609,0.000973047,10
3995,4000,3997.5,7.78437e-05,0.000389219,4
4000,4005,4002.5,3.89219e-05,0.000194609,2
4005,4010,4007.5,3.89219e-05,0.000194609,2
4010,4015,4012.5,7.78437e-05,0.000389219,4
4015,4020,4017.5,5.83828e-05,0.000291914,3
4020,4025,4022.5,7.78437e-05,0.000389219,4
4025,4030,4027.5,7.78437e-05,0.000389219,4
4030,4035,4032.5,0.000116766,0.000583828,6
4035,4040,4037.5,1.94609e-05,9.73047e-05,1
4040,4045,4042.5,9.73047e-05,0.000486523,5
4045,4050,4047.5,0.000175148,0.000875742,9
4050,4055,4052.5,9.73047e-05,0.000486523,5
4055,4060,4057.5,7.78437e-05,0.000389219,4
4060,4065,4062.5,9.73047e-05,0.000486523,5
4065,4070,4067.5,0.000116766,0.000583828,6
4070,4075,4072.5,5.83828e-05,0.000291914,3
4075,4080,4077.5,3.89219e-05,0.000194609,2
4080,4085,4082.5,5.83828e-05,0.000291914,3
4085,4090,4087.5,3.89219e-05,0.000194609,2
4090,4095,4092.5,9.73047e-05,0.000486523,5
4095,4100,4097.5,9.73047e-05,0.000486523,5
4100,4105,4102.5,0.000136227,0.000681133,7
4105,4110,4107.5,5.83828e-05,0.000291914,3
4110,4115,4112.5,5.83828e-05,0.000291914,3
4115,4120,4117.5,7.78437e-05,0.000389219,4
4120,4125,4122.5,0.000116766,0.000583828,6
4125,4130,4127.5,7.78437e-05,0.000389219,4
4130,4135,4132.5,7.78437e-05,0.000389219,4
4135,4140,4137.5,1.94609e-05,9.73047e-05,1
4140,4145,4142.5,0.00021407,0.00107035,11
4145,4150,4147.5,9.73047e-05,0.000486523,5
4150,4155,4152.5,1.94609e-05,9.73047e-05,1
4155,4160,4157.5,1.94609e-05,9.73047e-05,1
4160,4165,4162.5,7.78437e-05,0.000389219,4
4165,4170,4167.5,5.83828e-05,0.000291914,3
4170,4175,4172.5,3.89219e-05,0.000194609,2
4175,4180,4177.5,9.73047e-05,0.000486523,5
4180,4185,4182.5,5.83828e-05,0.000291914,3
4185,4190,4187.5,7.78437e-05,0.000389219,4
4190,4195,4192.5,9.73047e-05,0.000486523,5
4195,4200,4197.5,7.78437e-05,0.000389219,4
4200,4205,4202.5,3.89219e-05,0.000194609,2
4205,4210,4207.5,1.94609e-05,9.73047e-05,1
4210,4215,4212.5,3.89219e-05,0.000194609,2
4215,4220,4217.5,9.73047e-05,0.000486523,5
4220,4225,4222.5,5.83828e-05,0.000291914,3
4225,4230,4227.5,0.000116766,0.000583828,6
4230,4235,4232.5,1.94609e-05,9.73047e-05,1
4235,4240,4237.5,9.73047e-05,0.000486523,5
4240,4245,4242.5,0.000116766,0.000583828,6
4245,4250,4247.5,0.000136227,0.000681133,7
4250,4255,4252.5,5.83828e-05,0.000291914,3
4255,4260,4257.5,5.83828e-05,0.000291914,3
4260,4265,4262.5,5.83828e-05,0.000291914,3
4265,4270,4267.5,5.83828e-05,0.000291914,3
4270,4275,4272.5,5.83828e-05,0.000291914,3
4275,4280,4277.5,5.83828e-05,0.000291914,3
4280,4285,4282.5,1.94609e-05,9.73047e-05,1
4285,4290,4287.5,9.73047e-05,0.000486523,5
4290,4295,4292.5,5.83828e-05,0.000291914,3
4295,4300,4297.5,0.000175148,0.000875742,9
4305,4310,4307.5,7.78437e-05,0.000389219,4
4310,4315,4312.5,7.78437e-05,0.000389219,4
4315,4320,4317.5,7.78437e-05,0.000389219,4
4320,4325,4322.5,7.78437e-05,0.000389219,4
4325,4330,4327.5,0.000194609,0.000973047,10
4330,4335,4332.5,0.000175148,0.000875742,9
4335,4340,4337.5,1.94609e-05,9.73047e-05,1
4340,4345,4342.5,5.83828e-05,0.000291914,3
4345,4350,4347.5,0.000155687,0.000778437,8
4350,4355,4352.5,0.000136227,0.000681133,7
4355,4360,4357.5,9.73047e-05,0.000486523,5
4360,4365,4362.5,9.73047e-05,0.000486523,5
4365,4370,4367.5,0.000136227,0.000681133,7
4370,4375,4372.5,9.73047e-05,0.000486523,5
4375,4380,4377.5,5.83828e-05,0.000291914,3
4380,4385,4382.5,3.89219e-05,0.000194609,2
4385,4390,4387.5,0.000116766,0.000583828,6
4390,4395,4392.5,9.73047e-05,0.000486523,5
4395,4400,4397.5,0.000116766,0.000583828,6
4400,4405,4402.5,9.73047e-05,0.000486523,5
4405,4410,4407.5,5.83828e-05,0.000291914,3
4410,4415,4412.5,3.89219e-05,0.000194609,2
4415,4420,4417.5,7.78437e-05,0.000389219,4
4420,4425,4422.5,1.94609e-05,9.73047e-05,1
4425,4430,4427.5,7.78437e-05,0.000389219,4
4430,4435,4432.5,9.73047e-05,0.000486523,5
4435,4440,4437.5,5.83828e-05,0.000291914,3
4440,4445,4442.5,3.89219e-05,0.000194609,2
4445,4450,4447.5,0.000155687,0.000778437,8
4450,4455,4452.5,3.89219e-05,0.000194609,2
4455,4460,4457.5,9.73047e-05,0.000486523,5
4460,4465,4462.5,1.94609e-05,9.73047e-05,1
4465,4470,4467.5,3.89219e-05,0.000194609,2
4470,4475,4472.5,5.83828e-05,0.000291914,3
4475,4480,4477.5,1.94609e-05,9.73047e-05,1
4480,4485,4482.5,7.78437e-05,0.000389219,4
4485,4490,4487.5,0.000116766,0.000583828,6
4490,4495,4492.5,3.89219e-05,0.000194609,2
4495,4500,4497.5,0.000116766,0.000583828,6
4500,4505,4502.5,9.73047e-05,0.000486523,5
4505,4510,4507.5,9.73047e-05,0.000486523,5
4510,4515,4512.5,9.73047e-05,0.000486523,5
4515,4520,4517.5,7.78437e-05,0.000389219,4
4520,4525,4522.5,9.73047e-05,0.000486523,5
4525,4530,4527.5,3.89219e-05,0.000194609,2
4530,4535,4532.5,7.78437e-05,0.000389219,4
4535,4540,4537.5,7.78437e-05,0.000389219,4
4540,4545,4542.5,1.94609e-05,9.73047e-05,1
4545,4550,4547.5,0.000155687,0.000778437,8
4550,4555,4552.5,3.89219e-05,0.000194609,2
4555,4560,4557.5,5.83828e-05,0.000291914,3
4560,4565,4562.5,5.83828e-05,0.000291914,3
4565,4570,4567.5,9.73047e-05,0.000486523,5
4570,4575,4572.5,7.78437e-05,0.000389219,4
4575,4580,4577.5,0.000116766,0.000583828,6
4580,4585,4582.5,5.83828e-05,0.000291914,3
4585,4590,4587.5,9.73047e-05,0.000486523,5
4590,4595,4592.5,7.78437e-05,0.000389219,4
4595,4600,4597.5,3.89219e-05,0.000194609,2
4600,4605,4602.5,0.000116766,0.000583828,6
4605,4610,4607.5,5.83828e-05,0.000291914,3
4610,4615,4612.5,7.78437e-05,0.000389219,4
4615,4620,4617.5,7.78437e-05,0.000389219,4
4620,4625,4622.5,7.78437e-05,0.000389219,4
4625,4630,4627.5,7.78437e-05,0.000389219,4
4630,4635,4632.5,5.83828e-05,0.000291914,3
4635,4640,4637.5,0.000116766,0.000583828,6
4640,4645,4642.5,1.94609e-05,9.73047e-05,1
4645,4650,4647.5,3.89219e-05,0.000194609,2
4650,4655,4652.5,9.73047e-05,0.000486523,5
4655,4660,4657.5,9.73047e-05,0.000486523,5
4660,4665,4662.5,7.78437e-05,0.000389219,4
4665,4670,4667.5,7.78437e-05,0.000389219,4
4670,4675,4672.5,7.78437e-05,0.000389219,4
4675,4680,4677.5,9.73047e-05,0.000486523,5
4680,4685,4682.5,9.73047e-05,0.000486523,5
4685,4690,4687.5,3.89219e-05,0.000194609,2
4690,4695,4692.5,5.83828e-05,0.000291914,3
4695,4700,4697.5,9.73047e-05,0.000486523,5
4700,4705,4702.5,3.89219e-05,0.000194609,2
4705,4710,4707.5,9.73047e-05,0.000486523,5
4710,4715,4712.5,3.89219e-05,0.000194609,2
4715,4720,4717.5,7.78437e-05,0.000389219,4
4720,4725,4722.5,5.83828e-05,0.000291914,3
4725,4730,4727.5,0.000116766,0.000583828,6
4730,4735,4732.5,7.78437e-05,0.000389219,4
4735,4740,4737.5,3.89219e-05,0.000194609,2
4740,4745,4742.5,5.83828e-05,0.000291914,3
4745,4750,4747.5,9.73047e-05,0.000486523,5
4750,4755,4752.5,5.83828e-05,0.000291914,3
4755,4760,4757.5,9.73047e-05,0.000486523,5
4760,4765,4762.5,0.000136227,0.000681133,7
4765,4770,4767.5,0.000116766,0.000583828,6
4770,4775,4772.5,3.89219e-05,0.000194609,2
4775,4780,4777.5,5.83828e-05,0.000291914,3
4780,4785,4782.5,1.94609e-05,9.73047e-05,1
4785,4790,4787.5,3.89219e-05,0.000194609,2
4790,4795,4792.5,9.73047e-05,0.000486523,5
4795,4800,4797.5,7.78437e-05,0.000389219,4
4800,4805,4802.5,3.89219e-05,0.000194609,2
4810,4815,4812.5,9.73047e-05,0.000486523,5
4815,4820,4817.5,5.83828e-05,0.000291914,3
4820,4825,4822.5,3.89219e-05,0.000194609,2
4825,4830,4827.5,0.000155687,0.000778437,8
4830,4835,4832.5,0.000136227,0.000681133,7
4835,4840,4837.5,1.94609e-05,9.73047e-05,1
4840,4845,4842.5,7.78437e-05,0.000389219,4
4845,4850,4847.5,7.78437e-05,0.000389219,4
4850,4855,4852.5,7.78437e-05,0.000389219,4
4855,4860,4857.5,7.78437e-05,0.000389219,4
4860,4865,4862.5,5.83828e-05,0.000291914,3
4865,4870,4867.5,7.78437e-05,0.000389219,4
4870,4875,4872.5,3.89219e-05,0.000194609,2
4875,4880,4877.5,7.78437e-05,0.000389219,4
4880,4885,4882.5,3.89219e-05,0.000194609,2
4890,4895,4892.5,9.73047e-05,0.000486523,5
4895,4900,4897.5,1.94609e-05,9.73047e-05,1
4900,4905,4902.5,7.78437e-05,0.000389219,4
4905,4910,4907.5,5.83828e-05,0.000291914,3
4910,4915,4912.5,5.83828e-05,0.000291914,3
4915,4920,4917.5,5.83828e-05,0.000291914,3
4920,4925,4922.5,5.83828e-05,0.000291914,3
4925,4930,4927.5,7.78437e-05,0.000389219,4
4930,4935,4932.5,3.89219e-05,0.000194609,2
4935,4940,4937.5,5.83828e-05,0.000291914,3
4940,4945,4942.5,0.000175148,0.000875742,9
4945,4950,4947.5,0.000116766,0.000583828,6
4950,4955,4952.5,9.73047e-05,0.000486523,5
4955,4960,4957.5,9.73047e-05,0.000486523,5
4960,4965,4962.5,7.78437e-05,0.000389219,4
4965,4970,4967.5,0.000175148,0.000875742,9
4970,4975,4972.5,9.73047e-05,0.000486523,5
4975,4980,4977.5,0.000116766,0.000583828,6
4980,4985,4982.5,5.83828e-05,0.000291914,3
4985,4990,4987.5,0.000175148,0.000875742,9
4990,4995,4992.5,3.89219e-05,0.000194609,2
4995,5000,4997.5,9.73047e-05,0.000486523,5
5000,5005,5002.5,7.78437e-05,0.000389219,4
5005,5010,5007.5,7.78437e-05,0.000389219,4
5010,5015,5012.5,0.000116766,0.000583828,6
5015,5020,5017.5,5.83828e-05,0.000291914,3
5020,5025,5022.5,7.78437e-05,0.000389219,4
5025,5030,5027.5,7.78437e-05,0.000389219,4
5030,5035,5032.5,5.83828e-05,0.000291914,3
5035,5040,5037.5,1.94609e-05,9.73047e-05,1
5040,5045,5042.5,1.94609e-05,9.73047e-05,1
5045,5050,5047.5,5.83828e-05,0.000291914,3
5050,5055,5052.5,5.83828e-05,0.000291914,3
5055,5060,5057.5,3.89219e-05,0.000194609,2
5060,5065,5062.5,3.89219e-05,0.000194609,2
5065,5070,5067.5,0.000155687,0.000778437,8
5070,5075,5072.5,9.73047e-05,0.000486523,5
5075,5080,5077.5,3.89219e-05,0.000194609,2
5080,5085,5082.5,0.000136227,0.000681133,7
5085,5090,5087.5,1.94609e-05,9.73047e-05,1
5090,5095,5092.5,0.000116766,0.000583828,6
5095,5100,5097.5,7.78437e-05,0.000389219,4
5100,5105,5102.5,3.89219e-05,0.000194609,2
5105,5110,5107.5,3.89219e-05,0.000194609,2
5110,5115,5112.5,3.89219e-05,0.000194609,2
5115,5120,5117.5,7.78437e-05,0.000389219,4
5120,5125,5122.5,0.000136227,0.000681133,7
5125,5130,5127.5,1.94609e-05,9.73047e-05,1
5130,5135,5132.5,1.94609e-05,9.73047e-05,1
5135,5140,5137.5,3.89219e-05,0.000194609,2
5140,5145,5142.5,7.78437e-05,0.000389219,4
5145,5150,5147.5,9.73047e-05,0.000486523,5
5150,5155,5152.5,0.000116766,0.000583828,6
5155,5160,5157.5,0.000136227,0.000681133,7
5160,5165,5162.5,3.89219e-05,0.000194609,2
5165,5170,5167.5,9.73047e-05,0.000486523,5
5170,5175,5172.5,7.78437e-05,0.000389219,4
5175,5180,5177.5,0.000116766,0.000583828,6
5180,5185,5182.5,3.89219e-05,0.000194609,2
5185,5190,5187.5,1.94609e-05,9.73047e-05,1
5190,5195,5192.5,5.83828e-05,0.000291914,3
5195,5200,5197.5,0.000136227,0.000681133,7
5200,5205,5202.5,3.89219e-05,0.000194609,2
5205,5210,5207.5,9.73047e-05,0.000486523,5
5210,5215,5212.5,1.94609e-05,9.73047e-05,1
5215,5220,5217.5,9.73047e-05,0.000486523,5
5220,5225,5222.5,0.000116766,0.000583828,6
5225,5230,5227.5,3.89219e-05,0.000194609,2
5230,5235,5232.5,1.94609e-05,9.73047e-05,1
5235,5240,5237.5,7.78437e-05,0.000389219,4
5240,5245,5242.5,3.89219e-05,0.000194609,2
5245,5250,5247.5,7.78437e-05,0.000389219,4
5250,5255,5252.5,1.94609e-05,9.73047e-05,1
5255,5260,5257.5,5.83828e-05,0.000291914,3
5260,5265,5262.5,7.78437e-05,0.000389219,4
5265,5270,5267.5,5.83828e-05,0.000291914,3
5270,5275,5272.5,0.000136227,0.000681133,7
5275,5280,5277.5,3.89219e-05,0.000194609,2
5280,5285,5282.5,3.89219e-05,0.000194609,2
5285,5290,5287.5,7.78437e-05,0.000389219,4
5290,5295,5292.5,7.78437e-05,0.000389219,4
5300,5305,5302.5,0.000136227,0.000681133,7
5305,5310,5307.5,5.83828e-05,0.000291914,3
5310,5315,5312.5,0.000116766,0.000583828,6
5315,5320,5317.5,0.000116766,0.000583828,6
5320,5325,5322.5,5.83828e-05,0.000291914,3
5325,5330,5327.5,1.94609e-05,9.73047e-05,1
5330,5335,5332.5,3.89219e-05,0.000194609,2
5335,5340,5337.5,7.78437e-05,0.000389219,4
5340,5345,5342.5,0.000136227,0.000681133,7
5345,5350,5347.5,5.83828e-05,0.000291914,3
5350,5355,5352.5,0.000116766,0.000583828,6
5355,5360,5357.5,5.83828e-05,0.000291914,3
5360,5365,5362.5,0.000155687,0.000778437,8
5365,5370,5367.5,0.00021407,0.00107035,11
5370,5375,5372.5,3.89219e-05,0.000194609,2
5375,5380,5377.5,5.83828e-05,0.000291914,3
5380,5385,5382.5,9.73047e-05,0.000486523,5
5385,5390,5387.5,9.73047e-05,0.000486523,5
5390,5395,5392.5,1.94609e-05,9.73047e-05,1
5395,5400,5397.5,7.78437e-05,0.000389219,4
5400,5405,5402.5,1.94609e-05,9.73047e-05,1
5405,5410,5407.5,5.83828e-05,0.000291914,3
5410,5415,5412.5,7.78437e-05,0.000389219,4
5415,5420,5417.5,3.89219e-05,0.000194609,2
5420,5425,5422.5,0.000116766,0.000583828,6
5425,5430,5427.5,3.89219e-05,0.000194609,2
5430,5435,5432.5,1.94609e-05,9.73047e-05,1
5435,5440,5437.5,3.89219e-05,0.000194609,2
5440,5445,5442.5,7.78437e-05,0.000389219,4
5445,5450,5447.5,5.83828e-05,0.000291914,3
5450,5455,5452.5,5.83828e-05,0.000291914,3
5455,5460,5457.5,3.89219e-05,0.000194609,2
5460,5465,5462.5,5.83828e-05,0.000291914,3
5465,5470,5467.5,1.94609e-05,9.73047e-05,1
5470,5475,5472.5,1.94609e-05,9.73047e-05,1
5475,5480,5477.5,1.94609e-05,9.73047e-05,1
5480,5485,5482.5,0.000116766,0.000583828,6
5485,5490,5487.5,7.78437e-05,0.000389219,4
5490,5495,5492.5,0.000136227,0.000681133,7
5495,5500,5497.5,5.83828e-05,0.000291914,3
5500,5505,5502.5,1.94609e-05,9.73047e-05,1
5505,5510,5507.5,7.78437e-05,0.000389219,4
5510,5515,5512.5,0.000155687,0.000778437,8
5515,5520,5517.5,5.83828e-05,0.000291914,3
5520,5525,5522.5,7.78437e-05,0.000389219,4
5530,5535,5532.5,0.000116766,0.000583828,6
5535,5540,5537.5,7.78437e-05,0.000389219,4
5540,5545,5542.5,3.89219e-05,0.000194609,2
5550,5555,5552.5,0.000155687,0.000778437,8
5555,5560,5557.5,5.83828e-05,0.000291914,3
5560,5565,5562.5,7.78437e-05,0.000389219,4
5565,5570,5567.5,5.83828e-05,0.000291914,3
5570,5575,5572.5,0.000116766,0.000583828,6
5575,5580,5577.5,5.83828e-05,0.000291914,3
5580,5585,5582.5,7.78437e-05,0.000389219,4
5585,5590,5587.5,7.78437e-05,0.000389219,4
5590,5595,5592.5,0.000155687,0.000778437,8
5595,5600,5597.5,5.83828e-05,0.000291914,3
5600,5605,5602.5,9.73047e-05,0.000486523,5
5605,5610,5607.5,7.78437e-05,0.000389219,4
5610,5615,5612.5,3.89219e-05,0.000194609,2
5615,5620,5617.5,9.73047e-05,0.000486523,5
5620,5625,5622.5,1.94609e-05,9.73047e-05,1
5625,5630,5627.5,7.78437e-05,0.000389219,4
5630,5635,5632.5,0.000155687,0.000778437,8
5635,5640,5637.5,9.73047e-05,0.000486523,5
5640,5645,5642.5,3.89219e-05,0.000194609,2
5645,5650,5647.5,3.89219e-05,0.000194609,2
5650,5655,5652.5,7.78437e-05,0.000389219,4
5655,5660,5657.5,1.94609e-05,9.73047e-05,1
5660,5665,5662.5,7.78437e-05,0.000389219,4
5665,5670,5667.5,3.89219e-05,0.000194609,2
5670,5675,5672.5,9.73047e-05,0.000486523,5
5675,5680,5677.5,7.78437e-05,0.000389219,4
5680,5685,5682.5,5.83828e-05,0.000291914,3
5685,5690,5687.5,9.73047e-05,0.000486523,5
5690,5695,5692.5,7.78437e-05,0.000389219,4
5695,5700,5697.5,3.89219e-05,0.000194609,2
5700,5705,5702.5,1.94609e-05,9.73047e-05,1
5705,5710,5707.5,7.78437e-05,0.000389219,4
5710,5715,5712.5,0.000116766,0.000583828,6
5715,5720,5717.5,0.000116766,0.000583828,6
5720,5725,5722.5,5.83828e-05,0.000291914,3
5725,5730,5727.5,1.94609e-05,9.73047e-05,1
5735,5740,5737.5,3.89219e-05,0.000194609,2
5740,5745,5742.5,3.89219e-05,0.000194609,2
5745,5750,5747.5,7.78437e-05,0.000389219,4
5750,5755,5752.5,5.83828e-05,0.000291914,3
5755,5760,5757.5,5.83828e-05,0.000291914,3
5760,5765,5762.5,1.94609e-05,9.73047e-05,1
5765,5770,5767.5,5.83828e-05,0.000291914,3
5770,5775,5772.5,9.73047e-05,0.000486523,5
5775,5780,5777.5,7.78437e-05,0.000389219,4
5780,5785,5782.5,5.83828e-05,0.000291914,3
5785,5790,5787.5,7.78437e-05,0.000389219,4
5790,5795,5792.5,1.94609e-05,9.73047e-05,1
5795,5800,5797.5,1.94609e-05,9.73047e-05,1
5800,5805,5802.5,5.83828e-05,0.000291914,3
5805,5810,5807.5,9.73047e-05,0.000486523,5
5810,5815,5812.5,0.000116766,0.000583828,6
5815,5820,5817.5,5.83828e-05,0.000291914,3
5820,5825,5822.5,5.83828e-05,0.000291914,3
5825,5830,5827.5,5.83828e-05,0.000291914,3
5830,5835,5832.5,5.83828e-05,0.000291914,3
5835,5840,5837.5,1.94609e-05,9.73047e-05,1
5840,5845,5842.5,9.73047e-05,0.000486523,5
5845,5850,5847.5,1.94609e-05,9.73047e-05,1
5850,5855,5852.5,0.000136227,0.000681133,7
5855,5860,5857.5,3.89219e-05,0.000194609,2
5860,5865,5862.5,5.83828e-05,0.000291914,3
5865,5870,5867.5,7.78437e-05,0.000389219,4
5870,5875,5872.5,3.89219e-05,0.000194609,2
5875,5880,5877.5,9.73047e-05,0.000486523,5
5880,5885,5882.5,5.83828e-05,0.000291914,3
5885,5890,5887.5,5.83828e-05,0.000291914,3
5890,5895,5892.5,9.73047e-05,0.000486523,5
5895,5900,5897.5,7.78437e-05,0.000389219,4
5900,5905,5902.5,1.94609e-05,9.73047e-05,1
5905,5910,5907.5,1.94609e-05,9.73047e-05,1
5910,5915,5912.5,5.83828e-05,0.000291914,3
5915,5920,5917.5,9.73047e-05,0.000486523,5
5920,5925,5922.5,0.000116766,0.000583828,6
5925,5930,5927.5,5.83828e-05,0.000291914,3
5930,5935,5932.5,0.000116766,0.000583828,6
5935,5940,5937.5,7.78437e-05,0.000389219,4
5940,5945,5942.5,7.78437e-05,0.000389219,4
5945,5950,5947.5,5.83828e-05,0.000291914,3
5950,5955,5952.5,9.73047e-05,0.000486523,5
5955,5960,5957.5,5.83828e-05,0.000291914,3
5960,5965,5962.5,5.83828e-05,0.000291914,3
5965,5970,5967.5,3.89219e-05,0.000194609,2
5970,5975,5972.5,0.000116766,0.000583828,6
5975,5980,5977.5,9.73047e-05,0.000486523,5
5980,5985,5982.5,7.78437e-05,0.000389219,4
5985,5990,5987.5,5.83828e-05,0.000291914,3
5990,5995,5992.5,7.78437e-05,0.000389219,4
5995,6000,5997.5,9.73047e-05,0.000486523,5
6000,6005,6002.5,7.78437e-05,0.000389219,4
6005,6010,6007.5,3.89219e-05,0.000194609,2
6010,6015,6012.5,7.78437e-05,0.000389219,4
6015,6020,6017.5,9.73047e-05,0.000486523,5
6020,6025,6022.5,3.89219e-05,0.000194609,2
6025,6030,6027.5,7.78437e-05,0.000389219,4
6030,6035,6032.5,9.73047e-05,0.000486523,5
6035,6040,6037.5,7.78437e-05,0.000389219,4
6040,6045,6042.5,9.73047e-05,0.000486523,5
6045,6050,6047.5,9.73047e-05,0.000486523,5
6050,6055,6052.5,0.000116766,0.000583828,6
6055,6060,6057.5,3.89219e-05,0.000194609,2
6060,6065,6062.5,5.83828e-05,0.000291914,3
6065,6070,6067.5,3.89219e-05,0.000194609,2
6070,6075,6072.5,0.000116766,0.000583828,6
6075,6080,6077.5,3.89219e-05,0.000194609,2
6080,6085,6082.5,0.000116766,0.000583828,6
6085,6090,6087.5,3.89219e-05,0.000194609,2
6090,6095,6092.5,1.94609e-05,9.73047e-05,1
6095,6100,6097.5,5.83828e-05,0.000291914,3
6105,6110,6107.5,7.78437e-05,0.000389219,4
6110,6115,6112.5,7.78437e-05,0.000389219,4
6115,6120,6117.5,0.000136227,0.000681133,7
6120,6125,6122.5,5.83828e-05,0.000291914,3
6125,6130,6127.5,0.000116766,0.000583828,6
6130,6135,6132.5,5.83828e-05,0.000291914,3
6135,6140,6137.5,5.83828e-05,0.000291914,3
6140,6145,6142.5,7.78437e-05,0.000389219,4
6145,6150,6147.5,0.000136227,0.000681133,7
6150,6155,6152.5,3.89219e-05,0.000194609,2
6155,6160,6157.5,9.73047e-05,0.000486523,5
6160,6165,6162.5,0.000136227,0.000681133,7
6165,6170,6167.5,0.000116766,0.000583828,6
6170,6175,6172.5,3.89219e-05,0.000194609,2
6175,6180,6177.5,5.83828e-05,0.000291914,3
6180,6185,6182.5,7.78437e-05,0.000389219,4
6185,6190,6187.5,9.73047e-05,0.000486523,5
6190,6195,6192.5,5.83828e-05,0.000291914,3
6195,6200,6197.5,3.89219e-05,0.000194609,2
6200,6205,6202.5,0.000116766,0.000583828,6
6205,6210,6207.5,7.78437e-05,0.000389219,4
6210,6215,6212.5,5.83828e-05,0.000291914,3
6215,6220,6217.5,0.000175148,0.000875742,9
6220,6225,6222.5,9.73047e-05,0.000486523,5
6225,6230,6227.5,7.78437e-05,0.000389219,4
6230,6235,6232.5,0.000116766,0.000583828,6
6240,6245,6242.5,0.000116766,0.000583828,6
6245,6250,6247.5,7.78437e-05,0.000389219,4
6250,6255,6252.5,5.83828e-05,0.000291914,3
6255,6260,6257.5,9.73047e-05,0.000486523,5
6260,6265,6262.5,0.000116766,0.000583828,6
6265,6270,6267.5,0.000136227,0.000681133,7
6270,6275,6272.5,0.000155687,0.000778437,8
6280,6285,6282.5,1.94609e-05,9.73047e-05,1
6285,6290,6287.5,5.83828e-05,0.000291914,3
6290,6295,6292.5,3.89219e-05,0.000194609,2
6295,6300,6297.5,9.73047e-05,0.000486523,5
6300,6305,6302.5,9.73047e-05,0.000486523,5
6305,6310,6307.5,9.73047e-05,0.000486523,5
6310,6315,6312.5,1.94609e-05,9.73047e-05,1
6315,6320,6317.5,7.78437e-05,0.000389219,4
6320,6325,6322.5,5.83828e-05,0.000291914,3
6325,6330,6327.5,7.78437e-05,0.000389219,4
6330,6335,6332.5,7.78437e-05,0.000389219,4
6335,6340,6337.5,7.78437e-05,0.000389219,4
6340,6345,6342.5,7.78437e-05,0.000389219,4
6345,6350,6347.5,1.94609e-05,9.73047e-05,1
6350,6355,6352.5,5.83828e-05,0.000291914,3
6355,6360,6357.5,5.83828e-05,0.000291914,3
6360,6365,6362.5,9.73047e-05,0.000486523,5
6370,6375,6372.5,0.000116766,0.000583828,6
6375,6380,6377.5,1.94609e-05,9.73047e-05,1
6380,6385,6382.5,1.94609e-05,9.73047e-05,1
6385,6390,6387.5,0.000116766,0.000583828,6
6390,6395,6392.5,7.78437e-05,0.000389219,4
6395,6400,6397.5,1.94609e-05,9.73047e-05,1
6400,6405,6402.5,5.83828e-05,0.000291914,3
6405,6410,6407.5,3.89219e-05,0.000194609,2
6410,6415,6412.5,7.78437e-05,0.000389219,4
6415,6420,6417.5,1.94609e-05,9.73047e-05,1
6420,6425,6422.5,0.000116766,0.000583828,6
6425,6430,6427.5,7.78437e-05,0.000389219,4
6430,6435,6432.5,3.89219e-05,0.000194609,2
6435,6440,6437.5,3.89219e-05,0.000194609,2
6440,6445,6442.5,7.78437e-05,0.000389219,4
6445,6450,6447.5,7.78437e-05,0.000389219,4
6450,6455,6452.5,1.94609e-05,9.73047e-05,1
6455,6460,6457.5,0.000116766,0.000583828,6
6460,6465,6462.5,1.94609e-05,9.73047e-05,1
6465,6470,6467.5,0.000194609,0.000973047,10
6470,6475,6472.5,5.83828e-05,0.000291914,3
6475,6480,6477.5,1.94609e-05,9.73047e-05,1
6485,6490,6487.5,7.78437e-05,0.000389219,4
6490,6495,6492.5,7.78437e-05,0.000389219,4
6500,6505,6502.5,9.73047e-05,0.000486523,5
6505,6510,6507.5,7.78437e-05,0.000389219,4
6510,6515,6512.5,5.83828e-05,0.000291914,3
6515,6520,6517.5,0.000136227,0.000681133,7
6520,6525,6522.5,3.89219e-05,0.000194609,2
6525,6530,6527.5,5.83828e-05,0.000291914,3
6530,6535,6532.5,1.94609e-05,9.73047e-05,1
6535,6540,6537.5,3.89219e-05,0.000194609,2
6540,6545,6542.5,5.83828e-05,0.000291914,3
6545,6550,6547.5,1.94609e-05,9.73047e-05,1
6550,6555,6552.5,1.94609e-05,9.73047e-05,1
6555,6560,6557.5,3.89219e-05,0.000194609,2
6560,6565,6562.5,1.94609e-05,9.73047e-05,1
6565,6570,6567.5,7.78437e-05,0.000389219,4
6570,6575,6572.5,5.83828e-05,0.000291914,3
6575,6580,6577.5,1.94609e-05,9.73047e-05,1
6580,6585,6582.5,5.83828e-05,0.000291914,3
6585,6590,6587.5,7.78437e-05,0.000389219,4
6590,6595,6592.5,1.94609e-05,9.73047e-05,1
6595,6600,6597.5,1.94609e-05,9.73047e-05,1
6600,6605,6602.5,7.78437e-05,0.000389219,4
6605,6610,6607.5,3.89219e-05,0.000194609,2
6610,6615,6612.5,5.83828e-05,0.000291914,3
6615,6620,6617.5,7.78437e-05,0.000389219,4
6620,6625,6622.5,7.78437e-05,0.000389219,4
6625,6630,6627.5,1.94609e-05,9.73047e-05,1
6630,6635,6632.5,1.94609e-05,9.73047e-05,1
6635,6640,6637.5,5.83828e-05,0.000291914,3
6645,6650,6647.5,7.78437e-05,0.000389219,4
6650,6655,6652.5,1.94609e-05,9.73047e-05,1
6655,6660,6657.5,7.78437e-05,0.000389219,4
6660,6665,6662.5,3.89219e-05,0.000194609,2
6665,6670,6667.5,3.89219e-05,0.000194609,2
6675,6680,6677.5,1.94609e-05,9.73047e-05,1
6680,6685,6682.5,5.83828e-05,0.000291914,3
6685,6690,6687.5,0.000116766,0.000583828,6
6690,6695,6692.5,7.78437e-05,0.000389219,4
6695,6700,6697.5,9.73047e-05,0.000486523,5
6700,6705,6702.5,5.83828e-05,0.000291914,3
6705,6710,6707.5,9.73047e-05,0.000486523,5
6710,6715,6712.5,1.94609e-05,9.73047e-05,1
6715,6720,6717.5,7.78437e-05,0.000389219,4
6720,6725,6722.5,1.94609e-05,9.73047e-05,1
6725,6730,6727.5,0.000116766,0.000583828,6
6730,6735,6732.5,9.73047e-05,0.000486523,5
6735,6740,6737.5,5.83828e-05,0.000291914,3
6740,6745,6742.5,7.78437e-05,0.000389219,4
6745,6750,6747.5,5.83828e-05,0.000291914,3
6750,6755,6752.5,9.73047e-05,0.000486523,5
6755,6760,6757.5,7.78437e-05,0.000389219,4
6760,6765,6762.5,9.73047e-05,0.000486523,5
6765,6770,6767.5,7.78437e-05,0.000389219,4
6770,6775,6772.5,3.89219e-05,0.000194609,2
6775,6780,6777.5,0.000116766,0.000583828,6
6780,6785,6782.5,5.83828e-05,0.000291914,3
6785,6790,6787.5,3.89219e-05,0.000194609,2
6790,6795,6792.5,7.78437e-05,0.000389219,4
6795,6800,6797.5,5.83828e-05,0.000291914,3
6800,6805,6802.5,9.73047e-05,0.000486523,5
6805,6810,6807.5,5.83828e-05,0.000291914,3
6810,6815,6812.5,7.78437e-05,0.000389219,4
6815,6820,6817.5,5.83828e-05,0.000291914,3
6820,6825,6822.5,7.78437e-05,0.000389219,4
6825,6830,6827.5,0.000136227,0.000681133,7
6830,6835,6832.5,5.83828e-05,0.000291914,3
6835,6840,6837.5,7.78437e-05,0.000389219,4
6840,6845,6842.5,3.89219e-05,0.000194609,2
6845,6850,6847.5,3.89219e-05,0.000194609,2
6850,6855,6852.5,7.78437e-05,0.000389219,4
6855,6860,6857.5,1.94609e-05,9.73047e-05,1
6860,6865,6862.5,5.83828e-05,0.000291914,3
6870,6875,6872.5,1.94609e-05,9.73047e-05,1
6875,6880,6877.5,0.000136227,0.000681133,7
6880,6885,6882.5,5.83828e-05,0.000291914,3
6885,6890,6887.5,5.83828e-05,0.000291914,3
6890,6895,6892.5,1.94609e-05,9.73047e-05,1
6895,6900,6897.5,3.89219e-05,0.000194609,2
6900,6905,6902.5,9.73047e-05,0.000486523,5
6905,6910,6907.5,3.89219e-05,0.000194609,2
6910,6915,6912.5,9.73047e-05,0.000486523,5
6915,6920,6917.5,3.89219e-05,0.000194609,2
6920,6925,6922.5,3.89219e-05,0.000194609,2
6925,6930,6927.5,0.000116766,0.000583828,6
6930,6935,6932.5,3.89219e-05,0.000194609,2
6935,6940,6937.5,0.000136227,0.000681133,7
6940,6945,6942.5,5.83828e-05,0.000291914,3
6945,6950,6947.5,7.78437e-05,0.000389219,4
6950,6955,6952.5,3.89219e-05,0.000194609,2
6955,6960,6957.5,7.78437e-05,0.000389219,4
6960,6965,6962.5,7.78437e-05,0.000389219,4
6965,6970,6967.5,7.78437e-05,0.000389219,4
6975,6980,6977.5,3.89219e-05,0.000194609,2
6980,6985,6982.5,9.73047e-05,0.000486523,5
6985,6990,6987.5,3.89219e-05,0.000194609,2
6990,6995,6992.5,1.94609e-05,9.73047e-05,1
6995,7000,6997.5,0.000136227,0.000681133,7
7000,7005,7002.5,5.83828e-05,0.000291914,3
7005,7010,7007.5,0.000136227,0.000681133,7
7015,7020,7017.5,0.000136227,0.000681133,7
7020,7025,7022.5,9.73047e-05,0.000486523,5
7025,7030,7027.5,5.83828e-05,0.000291914,3
7030,7035,7032.5,1.94609e-05,9.73047e-05,1
7035,7040,7037.5,3.89219e-05,0.000194609,2
7040,7045,7042.5,1.94609e-05,9.73047e-05,1
7045,7050,7047.5,3.89219e-05,0.000194609,2
7050,7055,7052.5,5.83828e-05,0.000291914,3
7055,7060,7057.5,7.78437e-05,0.000389219,4
7060,7065,7062.5,3.89219e-05,0.000194609,2
7065,7070,7067.5,9.73047e-05,0.000486523,5
7070,7075,7072.5,3.89219e-05,0.000194609,2
7080,7085,7082.5,3.89219e-05,0.000194609,2
7085,7090,7087.5,5.83828e-05,0.000291914,3
7090,7095,7092.5,5.83828e-05,0.000291914,3
7105,7110,7107.5,0.000116766,0.000583828,6
7115,7120,7117.5,5.83828e-05,0.000291914,3
7120,7125,7122.5,5.83828e-05,0.000291914,3
7125,7130,7127.5,3.89219e-05,0.000194609,2
7130,7135,7132.5,9.73047e-05,0.000486523,5
7135,7140,7137.5,7.78437e-05,0.000389219,4
7140,7145,7142.5,7.78437e-05,0.000389219,4
7145,7150,7147.5,0.000155687,0.000778437,8
7150,7155,7152.5,3.89219e-05,0.000194609,2
7155,7160,7157.5,9.73047e-05,0.000486523,5
7160,7165,7162.5,7.78437e-05,0.000389219,4
7165,7170,7167.5,3.89219e-05,0.000194609,2
7170,7175,7172.5,5.83828e-05,0.000291914,3
7175,7180,7177.5,7.78437e-05,0.000389219,4
7180,7185,7182.5,7.78437e-05,0.000389219,4
7185,7190,7187.5,0.000136227,0.000681133,7
7190,7195,7192.5,7.78437e-05,0.000389219,4
7195,7200,7197.5,3.89219e-05,0.000194609,2
7200,7205,7202.5,5.83828e-05,0.000291914,3
7205,7210,7207.5,5.83828e-05,0.000291914,3
7210,7215,7212.5,7.78437e-05,0.000389219,4
7215,7220,7217.5,9.73047e-05,0.000486523,5
7220,7225,7222.5,3.89219e-05,0.000194609,2
7225,7230,7227.5,5.83828e-05,0.000291914,3
7230,7235,7232.5,5.83828e-05,0.000291914,3
7235,7240,7237.5,5.83828e-05,0.000291914,3
7240,7245,7242.5,5.83828e-05,0.000291914,3
7245,7250,7247.5,7.78437e-05,0.000389219,4
7250,7255,7252.5,0.000175148,0.000875742,9
7255,7260,7257.5,7.78437e-05,0.000389219,4
7260,7265,7262.5,7.78437e-05,0.000389219,4
7265,7270,7267.5,9.73047e-05,0.000486523,5
7270,7275,7272.5,0.000116766,0.000583828,6
7275,7280,7277.5,9.73047e-05,0.000486523,5
7285,7290,7287.5,1.94609e-05,9.73047e-05,1
7290,7295,7292.5,3.89219e-05,0.000194609,2
7295,7300,7297.5,7.78437e-05,0.000389219,4
7300,7305,7302.5,3.89219e-05,0.000194609,2
7305,7310,7307.5,7.78437e-05,0.000389219,4
7310,7315,7312.5,7.78437e-05,0.000389219,4
7315,7320,7317.5,1.94609e-05,9.73047e-05,1
7320,7325,7322.5,3.89219e-05,0.000194609,2
7325,7330,7327.5,5.83828e-05,0.000291914,3
7330,7335,7332.5,3.89219e-05,0.000194609,2
7335,7340,7337.5,9.73047e-05,0.000486523,5
7340,7345,7342.5,9.73047e-05,0.000486523,5
7345,7350,7347.5,3.89219e-05,0.000194609,2
7350,7355,7352.5,7.78437e-05,0.000389219,4
7355,7360,7357.5,3.89219e-05,0.000194609,2
7360,7365,7362.5,7.78437e-05,0.000389219,4
7365,7370,7367.5,5.83828e-05,0.000291914,3
7370,7375,7372.5,0.000116766,0.000583828,6
7375,7380,7377.5,3.89219e-05,0.000194609,2
7385,7390,7387.5,7.78437e-05,0.000389219,4
7390,7395,7392.5,9.73047e-05,0.000486523,5
7395,7400,7397.5,3.89219e-05,0.000194609,2
7400,7405,7402.5,5.83828e-05,0.000291914,3
7405,7410,7407.5,3.89219e-05,0.000194609,2
7410,7415,7412.5,3.89219e-05,0.000194609,2
7415,7420,7417.5,7.78437e-05,0.000389219,4
7420,7425,7422.5,3.89219e-05,0.000194609,2
7425,7430,7427.5,3.89219e-05,0.000194609,2
7430,7435,7432.5,0.000116766,0.000583828,6
7435,7440,7437.5,7.78437e-05,0.000389219,4
7440,7445,7442.5,5.83828e-05,0.000291914,3
7445,7450,7447.5,0.000155687,0.000778437,8
7450,7455,7452.5,1.94609e-05,9.73047e-05,1
7455,7460,7457.5,3.89219e-05,0.000194609,2
7460,7465,7462.5,3.89219e-05,0.000194609,2
7465,7470,7467.5,0.000136227,0.000681133,7
7470,7475,7472.5,9.73047e-05,0.000486523,5
7475,7480,7477.5,0.000116766,0.000583828,6
7480,7485,7482.5,5.83828e-05,0.000291914,3
7485,7490,7487.5,5.83828e-05,0.000291914,3
7490,7495,7492.5,7.78437e-05,0.000389219,4
7495,7500,7497.5,5.83828e-05,0.000291914,3
7500,7505,7502.5,3.89219e-05,0.000194609,2
7505,7510,7507.5,9.73047e-05,0.000486523,5
7510,7515,7512.5,7.78437e-05,0.000389219,4
7515,7520,7517.5,5.83828e-05,0.000291914,3
7520,7525,7522.5,5.83828e-05,0.000291914,3
7525,7530,7527.5,5.83828e-05,0.000291914,3
7530,7535,7532.5,0.000116766,0.000583828,6
7535,7540,7537.5,5.83828e-05,0.000291914,3
7540,7545,7542.5,3.89219e-05,0.000194609,2
7545,7550,7547.5,3.89219e-05,0.000194609,2
7550,7555,7552.5,9.73047e-05,0.000486523,5
7555,7560,7557.5,3.89219e-05,0.000194609,2
7560,7565,7562.5,7.78437e-05,0.000389219,4
7565,7570,7567.5,5.83828e-05,0.000291914,3
7570,7575,7572.5,5.83828e-05,0.000291914,3
7575,7580,7577.5,1.94609e-05,9.73047e-05,1
7580,7585,7582.5,1.94609e-05,9.73047e-05,1
7585,7590,7587.5,9.73047e-05,0.000486523,5
7590,7595,7592.5,0.000136227,0.000681133,7
7595,7600,7597.5,3.89219e-05,0.000194609,2
7600,7605,7602.5,1.94609e-05,9.73047e-05,1
7605,7610,7607.5,3.89219e-05,0.000194609,2
7610,7615,7612.5,7.78437e-05,0.000389219,4
7615,7620,7617.5,7.78437e-05,0.000389219,4
7620,7625,7622.5,5.83828e-05,0.000291914,3
7625,7630,7627.5,7.78437e-05,0.000389219,4
7630,7635,7632.5,9.73047e-05,0.000486523,5
7635,7640,7637.5,3.89219e-05,0.000194609,2
7640,7645,7642.5,9.73047e-05,0.000486523,5
7645,7650,7647.5,3.89219e-05,0.000194609,2
7650,7655,7652.5,1.94609e-05,9.73047e-05,1
7655,7660,7657.5,5.83828e-05,0.000291914,3
7665,7670,7667.5,3.89219e-05,0.000194609,2
7670,7675,7672.5,5.83828e-05,0.000291914,3
7675,7680,7677.5,5.83828e-05,0.000291914,3
7680,7685,7682.5,1.94609e-05,9.73047e-05,1
7685,7690,7687.5,0.000136227,0.000681133,7
7690,7695,7692.5,3.89219e-05,0.000194609,2
7695,7700,7697.5,3.89219e-05,0.000194609,2
7700,7705,7702.5,7.78437e-05,0.000389219,4
7710,7715,7712.5,7.78437e-05,0.000389219,4
7715,7720,7717.5,5.83828e-05,0.000291914,3
7725,7730,7727.5,7.78437e-05,0.000389219,4
7735,7740,7737.5,3.89219e-05,0.000194609,2
7740,7745,7742.5,9.73047e-05,0.000486523,5
7745,7750,7747.5,7.78437e-05,0.000389219,4
7750,7755,7752.5,5.83828e-05,0.000291914,3
7755,7760,7757.5,5.83828e-05,0.000291914,3
7760,7765,7762.5,9.73047e-05,0.000486523,5
7765,7770,7767.5,5.83828e-05,0.000291914,3
7770,7775,7772.5,0.000116766,0.000583828,6
7775,7780,7777.5,3.89219e-05,0.000194609,2
7780,7785,7782.5,7.78437e-05,0.000389219,4
7785,7790,7787.5,9.73047e-05,0.000486523,5
7790,7795,7792.5,5.83828e-05,0.000291914,3
7795,7800,7797.5,0.000116766,0.000583828,6
7800,7805,7802.5,7.78437e-05,0.000389219,4
7805,7810,7807.5,7.78437e-05,0.000389219,4
7810,7815,7812.5,0.000116766,0.000583828,6
7820,7825,7822.5,3.89219e-05,0.000194609,2
7825,7830,7827.5,0.000116766,0.000583828,6
7830,7835,7832.5,7.78437e-05,0.000389219,4
7835,7840,7837.5,3.89219e-05,0.000194609,2
7840,7845,7842.5,3.89219e-05,0.000194609,2
7845,7850,7847.5,1.94609e-05,9.73047e-05,1
7850,7855,7852.5,1.94609e-05,9.73047e-05,1
7855,7860,7857.5,3.89219e-05,0.000194609,2
7860,7865,7862.5,7.78437e-05,0.000389219,4
7865,7870,7867.5,3.89219e-05,0.000194609,2
7870,7875,7872.5,5.83828e-05,0.000291914,3
7875,7880,7877.5,5.83828e-05,0.000291914,3
7880,7885,7882.5,5.83828e-05,0.000291914,3
7885,7890,7887.5,5.83828e-05,0.000291914,3
7890,7895,7892.5,9.73047e-05,0.000486523,5
7895,7900,7897.5,3.89219e-05,0.000194609,2
7900,7905,7902.5,7.78437e-05,0.000389219,4
7905,7910,7907.5,3.89219e-05,0.000194609,2
7910,7915,7912.5,3.89219e-05,0.000194609,2
7915,7920,7917.5,1.94609e-05,9.73047e-05,1
7920,7925,7922.5,5.83828e-05,0.000291914,3
7925,7930,7927.5,7.78437e-05,0.000389219,4
7930,7935,7932.5,9.73047e-05,0.000486523,5
7935,7940,7937.5,0.000116766,0.000583828,6
7940,7945,7942.5,3.89219e-05,0.000194609,2
7945,7950,7947.5,5.83828e-05,0.000291914,3
7950,7955,7952.5,3.89219e-05,0.000194609,2
7955,7960,7957.5,1.94609e-05,9.73047e-05,1
7960,7965,7962.5,1.94609e-05,9.73047e-05,1
7965,7970,7967.5,0.000155687,0.000778437,8
7970,7975,7972.5,3.89219e-05,0.000194609,2
7975,7980,7977.5,5.83828e-05,0.000291914,3
7980,7985,7982.5,3.89219e-05,0.000194609,2
7985,7990,7987.5,5.83828e-05,0.000291914,3
7990,7995,7992.5,5.83828e-05,0.000291914,3
7995,8000,7997.5,3.89219e-05,0.000194609,2
8000,8005,8002.5,5.83828e-05,0.000291914,3
8005,8010,8007.5,3.89219e-05,0.000194609,2
8010,8015,8012.5,7.78437e-05,0.000389219,4
8015,8020,8017.5,7.78437e-05,0.000389219,4
8020,8025,8022.5,5.83828e-05,0.000291914,3
8025,8030,8027.5,0.000136227,0.000681133,7
8030,8035,8032.5,0.000116766,0.000583828,6
8035,8040,8037.5,5.83828e-05,0.000291914,3
8040,8045,8042.5,5.83828e-05,0.000291914,3
8045,8050,8047.5,0.000116766,0.000583828,6
8050,8055,8052.5,3.89219e-05,0.000194609,2
8055,8060,8057.5,5.83828e-05,0.000291914,3
8060,8065,8062.5,1.94609e-05,9.73047e-05,1
8070,8075,8072.5,3.89219e-05,0.000194609,2
8075,8080,8077.5,5.83828e-05,0.000291914,3
8080,8085,8082.5,0.000116766,0.000583828,6
8085,8090,8087.5,9.73047e-05,0.000486523,5
8090,8095,8092.5,5.83828e-05,0.000291914,3
8095,8100,8097.5,5.83828e-05,0.000291914,3
8100,8105,8102.5,3.89219e-05,0.000194609,2
8105,8110,8107.5,9.73047e-05,0.000486523,5
8110,8115,8112.5,0.000175148,0.000875742,9
8115,8120,8117.5,1.94609e-05,9.73047e-05,1
8120,8125,8122.5,1.94609e-05,9.73047e-05,1
8125,8130,8127.5,3.89219e-05,0.000194609,2
8130,8135,8132.5,0.000116766,0.000583828,6
8135,8140,8137.5,3.89219e-05,0.000194609,2
8140,8145,8142.5,5.83828e-05,0.000291914,3
8145,8150,8147.5,3.89219e-05,0.000194609,2
8150,8155,8152.5,7.78437e-05,0.000389219,4
8155,8160,8157.5,3.89219e-05,0.000194609,2
8160,8165,8162.5,7.78437e-05,0.000389219,4
8165,8170,8167.5,9.73047e-05,0.000486523,5
8170,8175,8172.5,3.89219e-05,0.000194609,2
8175,8180,8177.5,9.73047e-05,0.000486523,5
8180,8185,8182.5,3.89219e-05,0.000194609,2
8185,8190,8187.5,5.83828e-05,0.000291914,3
8190,8195,8192.5,7.78437e-05,0.000389219,4
8195,8200,8197.5,5.83828e-05,0.000291914,3
8200,8205,8202.5,0.000136227,0.000681133,7
8205,8210,8207.5,7.78437e-05,0.000389219,4
8210,8215,8212.5,3.89219e-05,0.000194609,2
8215,8220,8217.5,1.94609e-05,9.73047e-05,1
8220,8225,8222.5,5.83828e-05,0.000291914,3
8225,8230,8227.5,3.89219e-05,0.000194609,2
8230,8235,8232.5,3.89219e-05,0.000194609,2
8235,8240,8237.5,5.83828e-05,0.000291914,3
8240,8245,8242.5,7.78437e-05,0.000389219,4
8245,8250,8247.5,3.89219e-05,0.000194609,2
8250,8255,8252.5,7.78437e-05,0.000389219,4
8255,8260,8257.5,3.89219e-05,0.000194609,2
8260,8265,8262.5,5.83828e-05,0.000291914,3
8265,8270,8267.5,9.73047e-05,0.000486523,5
8270,8275,8272.5,7.78437e-05,0.000389219,4
8275,8280,8277.5,5.83828e-05,0.000291914,3
8280,8285,8282.5,3.89219e-05,0.000194609,2
8285,8290,8287.5,9.73047e-05,0.000486523,5
8290,8295,8292.5,3.89219e-05,0.000194609,2
8295,8300,8297.5,3.89219e-05,0.000194609,2
8300,8305,8302.5,9.73047e-05,0.000486523,5
8305,8310,8307.5,1.94609e-05,9.73047e-05,1
8310,8315,8312.5,0.000116766,0.000583828,6
8315,8320,8317.5,9.73047e-05,0.000486523,5
8320,8325,8322.5,7.78437e-05,0.000389219,4
8325,8330,8327.5,5.83828e-05,0.000291914,3
8330,8335,8332.5,7.78437e-05,0.000389219,4
8335,8340,8337.5,5.83828e-05,0.000291914,3
8340,8345,8342.5,7.78437e-05,0.000389219,4
8350,8355,8352.5,3.89219e-05,0.000194609,2
8355,8360,8357.5,1.94609e-05,9.73047e-05,1
8375,8380,8377.5,1.94609e-05,9.73047e-05,1
8380,8385,8382.5,5.83828e-05,0.000291914,3
8385,8390,8387.5,1.94609e-05,9.73047e-05,1
8390,8395,8392.5,1.94609e-05,9.73047e-05,1
8395,8400,8397.5,3.89219e-05,0.000194609,2
8400,8405,8402.5,3.89219e-05,0.000194609,2
8405,8410,8407.5,5.83828e-05,0.000291914,3
8410,8415,8412.5,3.89219e-05,0.000194609,2
8415,8420,8417.5,1.94609e-05,9.73047e-05,1
8420,8425,8422.5,1.94609e-05,9.73047e-05,1
8425,8430,8427.5,1.94609e-05,9.73047e-05,1
8445,8450,8447.5,5.83828e-05,0.000291914,3
8450,8455,8452.5,1.94609e-05,9.73047e-05,1
8460,8465,8462.5,3.89219e-05,0.000194609,2
8465,8470,8467.5,1.94609e-05,9.73047e-05,1
8475,8480,8477.5,3.89219e-05,0.000194609,2
8480,8485,8482.5,7.78437e-05,0.000389219,4
8490,8495,8492.5,5.83828e-05,0.000291914,3
8495,8500,8497.5,1.94609e-05,9.73047e-05,1
8500,8505,8502.5,3.89219e-05,0.000194609,2
8505,8510,8507.5,3.89219e-05,0.000194609,2
8510,8515,8512.5,5.83828e-05,0.000291914,3
8515,8520,8517.5,1.94609e-05,9.73047e-05,1
8520,8525,8522.5,3.89219e-05,0.000194609,2
8525,8530,8527.5,1.94609e-05,9.73047e-05,1
8535,8540,8537.5,1.94609e-05,9.73047e-05,1
8540,8545,8542.5,1.94609e-05,9.73047e-05,1
8545,8550,8547.5,1.94609e-05,9.73047e-05,1
8550,8555,8552.5,5.83828e-05,0.000291914,3
8565,8570,8567.5,1.94609e-05,9.73047e-05,1
8575,8580,8577.5,1.94609e-05,9.73047e-05,1
8580,8585,8582.5,1.94609e-05,9.73047e-05,1
8585,8590,8587.5,3.89219e-05,0.000194609,2
8590,8595,8592.5,3.89219e-05,0.000194609,2
8595,8600,8597.5,1.94609e-05,9.73047e-05,1
8600,8605,8602.5,3.89219e-05,0.000194609,2
8610,8615,8612.5,1.94609e-05,9.73047e-05,1
8615,8620,8617.5,1.94609e-05,9.73047e-05,1
8620,8625,8622.5,1.94609e-05,9.73047e-05,1
8625,8630,8627.5,1.94609e-05,9.73047e-05,1
8635,8640,8637.5,3.89219e-05,0.000194609,2
8640,8645,8642.5,1.94609e-05,9.73047e-05,1
8645,8650,8647.5,1.94609e-05,9.73047e-05,1
8650,8655,8652.5,3.89219e-05,0.000194609,2
8655,8660,8657.5,3.89219e-05,0.000194609,2
8660,8665,8662.5,1.94609e-05,9.73047e-05,1
8665,8670,8667.5,1.94609e-05,9.73047e-05,1
8680,8685,8682.5,1.94609e-05,9.73047e-05,1
8685,8690,8687.5,1.94609e-05,9.73047e-05,1
8705,8710,8707.5,1.94609e-05,9.73047e-05,1
8710,8715,8712.5,3.89219e-05,0.000194609,2
8715,8720,8717.5,1.94609e-05,9.73047e-05,1
8720,8725,8722.5,1.94609e-05,9.73047e-05,1
8730,8735,8732.5,5.83828e-05,0.000291914,3
8735,8740,8737.5,1.94609e-05,9.73047e-05,1
8745,8750,8747.5,1.94609e-05,9.73047e-05,1
8765,8770,8767.5,1.94609e-05,9.73047e-05,1
8770,8775,8772.5,1.94609e-05,9.73047e-05,1
8780,8785,8782.5,1.94609e-05,9.73047e-05,1
8790,8795,8792.5,1.94609e-05,9.73047e-05,1
8795,8800,8797.5,1.94609e-05,9.73047e-05,1
8805,8810,8807.5,1.94609e-05,9.73047e-05,1
8815,8820,8817.5,1.94609e-05,9.73047e-05,1
8825,8830,8827.5,1.94609e-05,9.73047e-05,1
8830,8835,8832.5,5.83828e-05,0.000291914,3
8840,8845,8842.5,1.94609e-05,9.73047e-05,1
8850,8855,8852.5,3.89219e-05,0.000194609,2
8855,8860,8857.5,1.94609e-05,9.73047e-05,1
8870,8875,8872.5,3.89219e-05,0.000194609,2
8875,8880,8877.5,3.89219e-05,0.000194609,2
8885,8890,8887.5,3.89219e-05,0.000194609,2
8890,8895,8892.5,1.94609e-05,9.73047e-05,1
8895,8900,8897.5,1.94609e-05,9.73047e-05,1
8905,8910,8907.5,7.78437e-05,0.000389219,4
8910,8915,8912.5,1.94609e-05,9.73047e-05,1
8925,8930,8927.5,1.94609e-05,9.73047e-05,1
8935,8940,8937.5,5.83828e-05,0.000291914,3
8940,8945,8942.5,1.94609e-05,9.73047e-05,1
8970,8975,8972.5,1.94609e-05,9.73047e-05,1
8975,8980,8977.5,1.94609e-05,9.73047e-05,1
8985,8990,8987.5,1.94609e-05,9.73047e-05,1
8990,8995,8992.5,3.89219e-05,0.000194609,2
8995,9000,8997.5,3.89219e-05,0.000194609,2
9000,9005,9002.5,7.78437e-05,0.000389219,4
9020,9025,9022.5,7.78437e-05,0.000389219,4
9035,9040,9037.5,1.94609e-05,9.73047e-05,1
9050,9055,9052.5,1.94609e-05,9.73047e-05,1
9055,9060,9057.5,1.94609e-05,9.73047e-05,1
9060,9065,9062.5,3.89219e-05,0.000194609,2
9070,9075,9072.5,1.94609e-05,9.73047e-05,1
9075,9080,9077.5,1.94609e-05,9.73047e-05,1
9080,9085,9082.5,1.94609e-05,9.73047e-05,1
9085,9090,9087.5,5.83828e-05,0.000291914,3
9090,9095,9092.5,1.94609e-05,9.73047e-05,1
9095,9100,9097.5,1.94609e-05,9.73047e-05,1
9100,9105,9102.5,1.94609e-05,9.73047e-05,1
9110,9115,9112.5,1.94609e-05,9.73047e-05,1
9120,9125,9122.5,1.94609e-05,9.73047e-05,1
9125,9130,9127.5,3.89219e-05,0.000194609,2
9130,9135,9132.5,1.94609e-05,9.73047e-05,1
9135,9140,9137.5,3.89219e-05,0.000194609,2
9160,9165,9162.5,3.89219e-05,0.000194609,2
9165,9170,9167.5,1.94609e-05,9.73047e-05,1
9180,9185,9182.5,1.94609e-05,9.73047e-05,1
9185,9190,9187.5,1.94609e-05,9.73047e-05,1
9200,9205,9202.5,1.94609e-05,9.73047e-05,1
9245,9250,9247.5,1.94609e-05,9.73047e-05,1
9250,9255,9252.5,1.94609e-05,9.73047e-05,1
9260,9265,9262.5,3.89219e-05,0.000194609,2
9270,9275,9272.5,1.94609e-05,9.73047e-05,1
9275,9280,9277.5,3.89219e-05,0.000194609,2
9280,9285,9282.5,3.89219e-05,0.000194609,2
9290,9295,9292.5,1.94609e-05,9.73047e-05,1
9305,9310,9307.5,1.94609e-05,9.73047e-05,1
9310,9315,9312.5,1.94609e-05,9.73047e-05,1
9320,9325,9322.5,1.94609e-05,9.73047e-05,1
9325,9330,9327.5,1.94609e-05,9.73047e-05,1
9330,9335,9332.5,1.94609e-05,9.73047e-05,1
9340,9345,9342.5,3.89219e-05,0.000194609,2
9355,9360,9357.5,1.94609e-05,9.73047e-05,1
9360,9365,9362.5,1.94609e-05,9.73047e-05,1
9365,9370,9367.5,1.94609e-05,9.73047e-05,1
9385,9390,9387.5,1.94609e-05,9.73047e-05,1
9390,9395,9392.5,1.94609e-05,9.73047e-05,1
9395,9400,9397.5,1.94609e-05,9.73047e-05,1
9400,9405,9402.5,3.89219e-05,0.000194609,2
9405,9410,9407.5,3.89219e-05,0.000194609,2
9415,9420,9417.5,1.94609e-05,9.73047e-05,1
9420,9425,9422.5,3.89219e-05,0.000194609,2
9425,9430,9427.5,1.94609e-05,9.73047e-05,1
9430,9435,9432.5,5.83828e-05,0.000291914,3
9435,9440,9437.5,1.94609e-05,9.73047e-05,1
9440,9445,9442.5,1.94609e-05,9.73047e-05,1
9445,9450,9447.5,1.94609e-05,9.73047e-05,1
9480,9485,9482.5,7.78437e-05,0.000389219,4
9485,9490,9487.5,1.94609e-05,9.73047e-05,1
9495,9500,9497.5,1.94609e-05,9.73047e-05,1
9500,9505,9502.5,3.89219e-05,0.000194609,2
9505,9510,9507.5,1.94609e-05,9.73047e-05,1
9540,9545,9542.5,9.73047e-05,0.000486523,5
9555,9560,9557.5,1.94609e-05,9.73047e-05,1
9575,9580,9577.5,3.89219e-05,0.000194609,2
9595,9600,9597.5,1.94609e-05,9.73047e-05,1
9615,9620,9617.5,1.94609e-05,9.73047e-05,1
9620,9625,9622.5,3.89219e-05,0.000194609,2
9630,9635,9632.5,3.89219e-05,0.000194609,2
9635,9640,9637.5,3.89219e-05,0.000194609,2
9655,9660,9657.5,1.94609e-05,9.73047e-05,1
9665,9670,9667.5,3.89219e-05,0.000194609,2
9670,9675,9672.5,1.94609e-05,9.73047e-05,1
9675,9680,9677.5,1.94609e-05,9.73047e-05,1
9685,9690,9687.5,3.89219e-05,0.000194609,2
9700,9705,9702.5,1.94609e-05,9.73047e-05,1
9705,9710,9707.5,5.83828e-05,0.000291914,3
9710,9715,9712.5,3.89219e-05,0.000194609,2
9720,9725,9722.5,1.94609e-05,9.73047e-05,1
9725,9730,9727.5,1.94609e-05,9.73047e-05,1
9730,9735,9732.5,1.94609e-05,9.73047e-05,1
9735,9740,9737.5,1.94609e-05,9.73047e-05,1
9745,9750,9747.5,1.94609e-05,9.73047e-05,1
9765,9770,9767.5,3.89219e-05,0.000194609,2
9780,9785,9782.5,1.94609e-05,9.73047e-05,1
9785,9790,9787.5,5.83828e-05,0.000291914,3
9795,9800,9797.5,1.94609e-05,9.73047e-05,1
9800,9805,9802.5,1.94609e-05,9.73047e-05,1
9805,9810,9807.5,1.94609e-05,9.73047e-05,1
9815,9820,9817.5,1.94609e-05,9.73047e-05,1
9835,9840,9837.5,1.94609e-05,9.73047e-05,1
9855,9860,9857.5,0.000116766,0.000583828,6
9860,9865,9862.5,1.94609e-05,9.73047e-05,1
9870,9875,9872.5,1.94609e-05,9.73047e-05,1
9880,9885,9882.5,1.94609e-05,9.73047e-05,1
9885,9890,9887.5,1.94609e-05,9.73047e-05,1
9890,9895,9892.5,3.89219e-05,0.000194609,2
9895,9900,9897.5,1.94609e-05,9.73047e-05,1
9900,9905,9902.5,1.94609e-05,9.73047e-05,1
9905,9910,9907.5,5.83828e-05,0.000291914,3
9910,9915,9912.5,1.94609e-05,9.73047e-05,1
9915,9920,9917.5,1.94609e-05,9.73047e-05,1
9920,9925,9922.5,1.94609e-05,9.73047e-05,1
9925,9930,9927.5,1.94609e-05,9.73047e-05,1
9930,9935,9932.5,1.94609e-05,9.73047e-05,1
9935,9940,9937.5,5.83828e-05,0.000291914,3
9960,9965,9962.5,1.94609e-05,9.73047e-05,1
9970,9975,9972.5,1.94609e-05,9.73047e-05,1
9985,9990,9987.5,1.94609e-05,9.73047e-05,1
10010,10015,10012.5,1.94609e-05,9.73047e-05,1
10015,10020,10017.5,1.94609e-05,9.73047e-05,1
10025,10030,10027.5,1.94609e-05,9.73047e-05,1
10030,10035,10032.5,1.94609e-05,9.73047e-05,1
10035,10040,10037.5,5.83828e-05,0.000291914,3
10040,10045,10042.5,1.94609e-05,9.73047e-05,1
10055,10060,10057.5,1.94609e-05,9.73047e-05,1
10060,10065,10062.5,5.83828e-05,0.000291914,3
10065,10070,10067.5,3.89219e-05,0.000194609,2
10070,10075,10072.5,5.83828e-05,0.000291914,3
10075,10080,10077.5,1.94609e-05,9.73047e-05,1
10090,10095,10092.5,1.94609e-05,9.73047e-05,1
10105,10110,10107.5,1.94609e-05,9.73047e-05,1
10125,10130,10127.5,3.89219e-05,0.000194609,2
10135,10140,10137.5,3.89219e-05,0.000194609,2
10140,10145,10142.5,3.89219e-05,0.000194609,2
10160,10165,10162.5,1.94609e-05,9.73047e-05,1
10165,10170,10167.5,1.94609e-05,9.73047e-05,1
10175,10180,10177.5,1.94609e-05,9.73047e-05,1
10185,10190,10187.5,3.89219e-05,0.000194609,2
10190,10195,10192.5,1.94609e-05,9.73047e-05,1
10195,10200,10197.5,5.83828e-05,0.000291914,3
10220,10225,10222.5,1.94609e-05,9.73047e-05,1
10235,10240,10237.5,3.89219e-05,0.000194609,2
10240,10245,10242.5,3.89219e-05,0.000194609,2
10255,10260,10257.5,3.89219e-05,0.000194609,2
10260,10265,10262.5,1.94609e-05,9.73047e-05,1
10290,10295,10292.5,3.89219e-05,0.000194609,2
10310,10315,10312.5,1.94609e-05,9.73047e-05,1
10315,10320,10317.5,1.94609e-05,9.73047e-05,1
10335,10340,10337.5,1.94609e-05,9.73047e-05,1
10350,10355,10352.5,1.94609e-05,9.73047e-05,1
10365,10370,10367.5,3.89219e-05,0.000194609,2
10380,10385,10382.5,1.94609e-05,9.73047e-05,1
10385,10390,10387.5,5.83828e-05,0.000291914,3
10400,10405,10402.5,3.89219e-05,0.000194609,2
10405,10410,10407.5,3.89219e-05,0.000194609,2
10410,10415,10412.5,1.94609e-05,9.73047e-05,1
10415,10420,10417.5,3.89219e-05,0.000194609,2
10420,10425,10422.5,1.94609e-05,9.73047e-05,1
10430,10435,10432.5,3.89219e-05,0.000194609,2
10445,10450,10447.5,1.94609e-05,9.73047e-05,1
10450,10455,10452.5,1.94609e-05,9.73047e-05,1
10460,10465,10462.5,1.94609e-05,9.73047e-05,1
10465,10470,10467.5,3.89219e-05,0.000194609,2
10480,10485,10482.5,1.94609e-05,9.73047e-05,1
10490,10495,10492.5,1.94609e-05,9.73047e-05,1
10495,10500,10497.5,1.94609e-05,9.73047e-05,1
10505,10510,10507.5,3.89219e-05,0.000194609,2
10515,10520,10517.5,1.94609e-05,9.73047e-05,1
10520,10525,10522.5,1.94609e-05,9.73047e-05,1
10525,10530,10527.5,1.94609e-05,9.73047e-05,1
10530,10535,10532.5,1.94609e-05,9.73047e-05,1
10540,10545,10542.5,1.94609e-05,9.73047e-05,1
10550,10555,10552.5,1.94609e-05,9.73047e-05,1
10555,10560,10557.5,1.94609e-05,9.73047e-05,1
10565,10570,10567.5,1.94609e-05,9.73047e-05,1
10570,10575,10572.5,1.94609e-05,9.73047e-05,1
10580,10585,10582.5,1.94609e-05,9.73047e-05,1
10585,10590,10587.5,1.94609e-05,9.73047e-05,1
10590,10595,10592.5,1.94609e-05,9.73047e-05,1
10605,10610,10607.5,1.94609e-05,9.73047e-05,1
10615,10620,10617.5,9.73047e-05,0.000486523,5
10635,10640,10637.5,1.94609e-05,9.73047e-05,1
10640,10645,10642.5,1.94609e-05,9.73047e-05,1
10650,10655,10652.5,1.94609e-05,9.73047e-05,1
10660,10665,10662.5,1.94609e-05,9.73047e-05,1
10680,10685,10682.5,3.89219e-05,0.000194609,2
10685,10690,10687.5,5.83828e-05,0.000291914,3
10690,10695,10692.5,1.94609e-05,9.73047e-05,1
10695,10700,10697.5,1.94609e-05,9.73047e-05,1
10700,10705,10702.5,1.94609e-05,9.73047e-05,1
10705,10710,10707.5,1.94609e-05,9.73047e-05,1
10725,10730,10727.5,1.94609e-05,9.73047e-05,1
10730,10735,10732.5,1.94609e-05,9.73047e-05,1
10735,10740,10737.5,1.94609e-05,9.73047e-05,1
10745,10750,10747.5,1.94609e-05,9.73047e-05,1
10755,10760,10757.5,1.94609e-05,9.73047e-05,1
10770,10775,10772.5,1.94609e-05,9.73047e-05,1
10790,10795,10792.5,3.89219e-05,0.000194609,2
10800,10805,10802.5,3.89219e-05,0.000194609,2
10810,10815,10812.5,5.83828e-05,0.000291914,3
10815,10820,10817.5,3.89219e-05,0.000194609,2
10820,10825,10822.5,1.94609e-05,9.73047e-05,1
10830,10835,10832.5,3.89219e-05,0.000194609,2
10840,10845,10842.5,1.94609e-05,9.73047e-05,1
10850,10855,10852.5,1.94609e-05,9.73047e-05,1
10855,10860,10857.5,3.89219e-05,0.000194609,2
10865,10870,10867.5,1.94609e-05,9.73047e-05,1
10895,10900,10897.5,1.94609e-05,9.73047e-05,1
10910,10915,10912.5,1.94609e-05,9.73047e-05,1
10915,10920,10917.5,1.94609e-05,9.73047e-05,1
10920,10925,10922.5,1.94609e-05,9.73047e-05,1
10940,10945,10942.5,1.94609e-05,9.73047e-05,1
10950,10955,10952.5,1.94609e-05,9.73047e-05,1
10975,10980,10977.5,1.94609e-05,9.73047e-05,1
10985,10990,10987.5,1.94609e-05,9.73047e-05,1
10990,10995,10992.5,3.89219e-05,0.000194609,2
11005,11010,11007.5,1.94609e-05,9.73047e-05,1
11015,11020,11017.5,1.94609e-05,9.73047e-05,1
11020,11025,11022.5,1.94609e-05,9.73047e-05,1
11040,11045,11042.5,1.94609e-05,9.73047e-05,1
11045,11050,11047.5,1.94609e-05,9.73047e-05,1
11050,11055,11052.5,1.94609e-05,9.73047e-05,1
11055,11060,11057.5,1.94609e-05,9.73047e-05,1
11060,11065,11062.5,5.83828e-05,0.000291914,3
11065,11070,11067.5,1.94609e-05,9.73047e-05,1
11070,11075,11072.5,1.94609e-05,9.73047e-05,1
11075,11080,11077.5,3.89219e-05,0.000194609,2
11080,11085,11082.5,5.83828e-05,0.000291914,3
11085,11090,11087.5,1.94609e-05,9.73047e-05,1
11095,11100,11097.5,1.94609e-05,9.73047e-05,1
11110,11115,11112.5,1.94609e-05,9.73047e-05,1
11120,11125,11122.5,3.89219e-05,0.000194609,2
11125,11130,11127.5,3.89219e-05,0.000194609,2
11130,11135,11132.5,1.94609e-05,9.73047e-05,1
11140,11145,11142.5,1.94609e-05,9.73047e-05,1
11160,11165,11162.5,1.94609e-05,9.73047e-05,1
11165,11170,11167.5,7.78437e-05,0.000389219,4
11175,11180,11177.5,1.94609e-05,9.73047e-05,1
11195,11200,11197.5,1.94609e-05,9.73047e-05,1
11200,11205,11202.5,1.94609e-05,9.73047e-05,1
11205,11210,11207.5,5.83828e-05,0.000291914,3
11210,11215,11212.5,1.94609e-05,9.73047e-05,1
11220,11225,11222.5,3.89219e-05,0.000194609,2
11240,11245,11242.5,3.89219e-05,0.000194609,2
11255,11260,11257.5,1.94609e-05,9.73047e-05,1
11265,11270,11267.5,1.94609e-05,9.73047e-05,1
11270,11275,11272.5,1.94609e-05,9.73047e-05,1
11280,11285,11282.5,1.94609e-05,9.73047e-05,1
11285,11290,11287.5,3.89219e-05,0.000194609,2
11290,11295,11292.5,1.94609e-05,9.73047e-05,1
11295,11300,11297.5,3.89219e-05,0.000194609,2
11305,11310,11307.5,3.89219e-05,0.000194609,2
11310,11315,11312.5,3.89219e-05,0.000194609,2
11320,11325,11322.5,1.94609e-05,9.73047e-05,1
11330,11335,11332.5,3.89219e-05,0.000194609,2
11335,11340,11337.5,1.94609e-05,9.73047e-05,1
11340,11345,11342.5,1.94609e-05,9.73047e-05,1
11350,11355,11352.5,1.94609e-05,9.73047e-05,1
11365,11370,11367.5,3.89219e-05,0.000194609,2
11375,11380,11377.5,1.94609e-05,9.73047e-05,1
11400,11405,11402.5,1.94609e-05,9.73047e-05,1
11405,11410,11407.5,1.94609e-05,9.73047e-05,1
11410,11415,11412.5,1.94609e-05,9.73047e-05,1
11415,11420,11417.5,1.94609e-05,9.73047e-05,1
11450,11455,11452.5,1.94609e-05,9.73047e-05,1
11455,11460,11457.5,1.94609e-05,9.73047e-05,1
11485,11490,11487.5,1.94609e-05,9.73047e-05,1
11500,11505,11502.5,5.83828e-05,0.000291914,3
11505,11510,11507.5,1.94609e-05,9.73047e-05,1
11510,11515,11512.5,1.94609e-05,9.73047e-05,1
11520,11525,11522.5,1.94609e-05,9.73047e-05,1
11525,11530,11527.5,1.94609e-05,9.73047e-05,1
11530,11535,11532.5,1.94609e-05,9.73047e-05,1
11545,11550,11547.5,1.94609e-05,9.73047e-05,1
11560,11565,11562.5,3.89219e-05,0.000194609,2
11585,11590,11587.5,1.94609e-05,9.73047e-05,1
11595,11600,11597.5,1.94609e-05,9.73047e-05,1
11600,11605,11602.5,1.94609e-05,9.73047e-05,1
11630,11635,11632.5,1.94609e-05,9.73047e-05,1
11650,11655,11652.5,3.89219e-05,0.000194609,2
11660,11665,11662.5,1.94609e-05,9.73047e-05,1
11685,11690,11687.5,1.94609e-05,9.73047e-05,1
11695,11700,11697.5,1.94609e-05,9.73047e-05,1
11700,11705,11702.5,1.94609e-05,9.73047e-05,1
11745,11750,11747.5,1.94609e-05,9.73047e-05,1
11755,11760,11757.5,1.94609e-05,9.73047e-05,1
11760,11765,11762.5,1.94609e-05,9.73047e-05,1
11765,11770,11767.5,1.94609e-05,9.73047e-05,1
11795,11800,11797.5,1.94609e-05,9.73047e-05,1
11835,11840,11837.5,1.94609e-05,9.73047e-05,1
11840,11845,11842.5,1.94609e-05,9.73047e-05,1
11850,11855,11852.5,1.94609e-05,9.73047e-05,1
11860,11865,11862.5,1.94609e-05,9.73047e-05,1
11865,11870,11867.5,1.94609e-05,9.73047e-05,1
11880,11885,11882.5,1.94609e-05,9.73047e-05,1
11885,11890,11887.5,1.94609e-05,9.73047e-05,1
11900,11905,11902.5,1.94609e-05,9.73047e-05,1
11905,11910,11907.5,1.94609e-05,9.73047e-05,1
11915,11920,11917.5,1.94609e-05,9.73047e-05,1
11930,11935,11932.5,1.94609e-05,9.73047e-05,1
11940,11945,11942.5,1.94609e-05,9.73047e-05,1
11955,11960,11957.5,1.94609e-05,9.73047e-05,1
11965,11970,11967.5,1.94609e-05,9.73047e-05,1
11970,11975,11972.5,1.94609e-05,9.73047e-05,1
11975,11980,11977.5,1.94609e-05,9.73047e-05,1
11985,11990,11987.5,1.94609e-05,9.73047e-05,1
12005,12010,12007.5,1.94609e-05,9.73047e-05,1
12015,12020,12017.5,1.94609e-05,9.73047e-05,1
12035,12040,12037.5,1.94609e-05,9.73047e-05,1
12045,12050,12047.5,1.94609e-05,9.73047e-05,1
12065,12070,12067.5,3.89219e-05,0.000194609,2
12075,12080,12077.5,5.83828e-05,0.000291914,3
12080,12085,12082.5,1.94609e-05,9.73047e-05,1
12085,12090,12087.5,1.94609e-05,9.73047e-05,1
12125,12130,12127.5,1.94609e-05,9.73047e-05,1
12140,12145,12142.5,1.94609e-05,9.73047e-05,1
12145,12150,12147.5,3.89219e-05,0.000194609,2
12150,12155,12152.5,3.89219e-05,0.000194609,2
12160,12165,12162.5,1.94609e-05,9.73047e-05,1
12165,12170,12167.5,1.94609e-05,9.73047e-05,1
12190,12195,12192.5,1.94609e-05,9.73047e-05,1
12200,12205,12202.5,1.94609e-05,9.73047e-05,1
12210,12215,12212.5,1.94609e-05,9.73047e-05,1
12215,12220,12217.5,3.89219e-05,0.000194609,2
12220,12225,12222.5,1.94609e-05,9.73047e-05,1
12230,12235,12232.5,3.89219e-05,0.000194609,2
12245,12250,12247.5,5.83828e-05,0.000291914,3
12250,12255,12252.5,1.94609e-05,9.73047e-05,1
12270,12275,12272.5,1.94609e-05,9.73047e-05,1
12290,12295,12292.5,5.83828e-05,0.000291914,3
12305,12310,12307.5,1.94609e-05,9.73047e-05,1
12310,12315,12312.5,1.94609e-05,9.73047e-05,1
12315,12320,12317.5,1.94609e-05,9.73047e-05,1
12325,12330,12327.5,1.94609e-05,9.73047e-05,1
12340,12345,12342.5,3.89219e-05,0.000194609,2
12355,12360,12357.5,1.94609e-05,9.73047e-05,1
12370,12375,12372.5,1.94609e-05,9.73047e-05,1
12375,12380,12377.5,1.94609e-05,9.73047e-05,1
12395,12400,12397.5,1.94609e-05,9.73047e-05,1
12400,12405,12402.5,1.94609e-05,9.73047e-05,1
12430,12435,12432.5,1.94609e-05,9.73047e-05,1
12445,12450,12447.5,1.94609e-05,9.73047e-05,1
12450,12455,12452.5,1.94609e-05,9.73047e-05,1
12460,12465,12462.5,1.94609e-05,9.73047e-05,1
12465,12470,12467.5,1.94609e-05,9.73047e-05,1
12470,12475,12472.5,1.94609e-05,9.73047e-05,1
12480,12485,12482.5,1.94609e-05,9.73047e-05,1
12495,12500,12497.5,1.94609e-05,9.73047e-05,1
12530,12535,12532.5,1.94609e-05,9.73047e-05,1
12540,12545,12542.5,1.94609e-05,9.73047e-05,1
12545,12550,12547.5,1.94609e-05,9.73047e-05,1
12550,12555,12552.5,1.94609e-05,9.73047e-05,1
12560,12565,12562.5,1.94609e-05,9.73047e-05,1
12565,12570,12567.5,3.89219e-05,0.000194609,2
12570,12575,12572.5,1.94609e-05,9.73047e-05,1
12575,12580,12577.5,1.94609e-05,9.73047e-05,1
12585,12590,12587.5,5.83828e-05,0.000291914,3
12595,12600,12597.5,1.94609e-05,9.73047e-05,1
12600,12605,12602.5,3.89219e-05,0.000194609,2
12615,12620,12617.5,1.94609e-05,9.73047e-05,1
12620,12625,12622.5,1.94609e-05,9.73047e-05,1
12640,12645,12642.5,1.94609e-05,9.73047e-05,1
12645,12650,12647.5,3.89219e-05,0.000194609,2
12650,12655,12652.5,1.94609e-05,9.73047e-05,1
12665,12670,12667.5,1.94609e-05,9.73047e-05,1
12670,12675,12672.5,3.89219e-05,0.000194609,2
12690,12695,12692.5,3.89219e-05,0.000194609,2
12735,12740,12737.5,1.94609e-05,9.73047e-05,1
12740,12745,12742.5,1.94609e-05,9.73047e-05,1
12745,12750,12747.5,1.94609e-05,9.73047e-05,1
12755,12760,12757.5,1.94609e-05,9.73047e-05,1
12770,12775,12772.5,1.94609e-05,9.73047e-05,1
12775,12780,12777.5,1.94609e-05,9.73047e-05,1
12790,12795,12792.5,1.94609e-05,9.73047e-05,1
12805,12810,12807.5,1.94609e-05,9.73047e-05,1
12860,12865,12862.5,1.94609e-05,9.73047e-05,1
12870,12875,12872.5,1.94609e-05,9.73047e-05,1
12885,12890,12887.5,1.94609e-05,9.73047e-05,1
12890,12895,12892.5,3.89219e-05,0.000194609,2
12910,12915,12912.5,3.89219e-05,0.000194609,2
12925,12930,12927.5,3.89219e-05,0.000194609,2
12930,12935,12932.5,1.94609e-05,9.73047e-05,1
12945,12950,12947.5,3.89219e-05,0.000194609,2
12965,12970,12967.5,5.83828e-05,0.000291914,3
12980,12985,12982.5,1.94609e-05,9.73047e-05,1
12995,13000,12997.5,1.94609e-05,9.73047e-05,1
13005,13010,13007.5,1.94609e-05,9.73047e-05,1
13010,13015,13012.5,1.94609e-05,9.73047e-05,1
13040,13045,13042.5,1.94609e-05,9.73047e-05,1
13050,13055,13052.5,1.94609e-05,9.73047e-05,1
13060,13065,13062.5,1.94609e-05,9.73047e-05,1
13070,13075,13072.5,1.94609e-05,9.73047e-05,1
13075,13080,13077.5,3.89219e-05,0.000194609,2
13080,13085,13082.5,1.94609e-05,9.73047e-05,1
13125,13130,13127.5,3.89219e-05,0.000194609,2
13150,13155,13152.5,3.89219e-05,0.000194609,2
13175,13180,13177.5,1.94609e-05,9.73047e-05,1
13180,13185,13182.5,3.89219e-05,0.000194609,2
13185,13190,13187.5,1.94609e-05,9.73047e-05,1
13190,13195,13192.5,3.89219e-05,0.000194609,2
13210,13215,13212.5,1.94609e-05,9.73047e-05,1
13215,13220,13217.5,1.94609e-05,9.73047e-05,1
13225,13230,13227.5,3.89219e-05,0.000194609,2
13235,13240,13237.5,1.94609e-05,9.73047e-05,1
13295,13300,13297.5,1.94609e-05,9.73047e-05,1
13305,13310,13307.5,1.94609e-05,9.73047e-05,1
13335,13340,13337.5,3.89219e-05,0.000194609,2
13340,13345,13342.5,1.94609e-05,9.73047e-05,1
13345,13350,13347.5,1.94609e-05,9.73047e-05,1
13355,13360,13357.5,1.94609e-05,9.73047e-05,1
13365,13370,13367.5,1.94609e-05,9.73047e-05,1
13370,13375,13372.5,3.89219e-05,0.000194609,2
13380,13385,13382.5,1.94609e-05,9.73047e-05,1
13395,13400,13397.5,1.94609e-05,9.73047e-05,1
13405,13410,13407.5,1.94609e-05,9.73047e-05,1
13410,13415,13412.5,3.89219e-05,0.000194609,2
13455,13460,13457.5,1.94609e-05,9.73047e-05,1
13480,13485,13482.5,1.94609e-05,9.73047e-05,1
13515,13520,13517.5,1.94609e-05,9.73047e-05,1
13535,13540,13537.5,1.94609e-05,9.73047e-05,1
13555,13560,13557.5,1.94609e-05,9.73047e-05,1
13560,13565,13562.5,1.94609e-05,9.73047e-05,1
13595,13600,13597.5,1.94609e-05,9.73047e-05,1
13600,13605,13602.5,1.94609e-05,9.73047e-05,1
13605,13610,13607.5,1.94609e-05,9.73047e-05,1
13610,13615,13612.5,1.94609e-05,9.73047e-05,1
13650,13655,13652.5,1.94609e-05,9.73047e-05,1
13680,13685,13682.5,1.94609e-05,9.73047e-05,1
13700,13705,13702.5,1.94609e-05,9.73047e-05,1
13705,13710,13707.5,1.94609e-05,9.73047e-05,1
13740,13745,13742.5,1.94609e-05,9.73047e-05,1
13770,13775,13772.5,5.83828e-05,0.000291914,3
13780,13785,13782.5,1.94609e-05,9.73047e-05,1
13790,13795,13792.5,1.94609e-05,9.73047e-05,1
13805,13810,13807.5,1.94609e-05,9.73047e-05,1
13810,13815,13812.5,1.94609e-05,9.73047e-05,1
13825,13830,13827.5,1.94609e-05,9.73047e-05,1
13840,13845,13842.5,1.94609e-05,9.73047e-05,1
13855,13860,13857.5,1.94609e-05,9.73047e-05,1
13860,13865,13862.5,1.94609e-05,9.73047e-05,1
13885,13890,13887.5,1.94609e-05,9.73047e-05,1
13890,13895,13892.5,3.89219e-05,0.000194609,2
13900,13905,13902.5,1.94609e-05,9.73047e-05,1
13905,13910,13907.5,3.89219e-05,0.000194609,2
13925,13930,13927.5,1.94609e-05,9.73047e-05,1
13945,13950,13947.5,3.89219e-05,0.000194609,2
13955,13960,13957.5,1.94609e-05,9.73047e-05,1
13985,13990,13987.5,1.94609e-05,9.73047e-05,1
13990,13995,13992.5,1.94609e-05,9.73047e-05,1
14005,14010,14007.5,1.94609e-05,9.73047e-05,1
14015,14020,14017.5,3.89219e-05,0.000194609,2
14050,14055,14052.5,1.94609e-05,9.73047e-05,1
14090,14095,14092.5,1.94609e-05,9.73047e-05,1
14100,14105,14102.5,1.94609e-05,9.73047e-05,1
14105,14110,14107.5,1.94609e-05,9.73047e-05,1
14125,14130,14127.5,1.94609e-05,9.73047e-05,1
14135,14140,14137.5,3.89219e-05,0.000194609,2
14165,14170,14167.5,1.94609e-05,9.73047e-05,1
14170,14175,14172.5,1.94609e-05,9.73047e-05,1
14175,14180,14177.5,7.78437e-05,0.000389219,4
14200,14205,14202.5,1.94609e-05,9.73047e-05,1
14205,14210,14207.5,1.94609e-05,9.73047e-05,1
14265,14270,14267.5,1.94609e-05,9.73047e-05,1
14300,14305,14302.5,1.94609e-05,9.73047e-05,1
14310,14315,14312.5,1.94609e-05,9.73047e-05,1
14325,14330,14327.5,1.94609e-05,9.73047e-05,1
14355,14360,14357.5,3.89219e-05,0.000194609,2
14390,14395,14392.5,1.94609e-05,9.73047e-05,1
14395,14400,14397.5,3.89219e-05,0.000194609,2
14410,14415,14412.5,1.94609e-05,9.73047e-05,1
14420,14425,14422.5,1.94609e-05,9.73047e-05,1
14440,14445,14442.5,1.94609e-05,9.73047e-05,1
14460,14465,14462.5,1.94609e-05,9.73047e-05,1
14470,14475,14472.5,3.89219e-05,0.000194609,2
14485,14490,14487.5,1.94609e-05,9.73047e-05,1
14495,14500,14497.5,1.94609e-05,9.73047e-05,1
14510,14515,14512.5,1.94609e-05,9.73047e-05,1
14535,14540,14537.5,1.94609e-05,9.73047e-05,1
14555,14560,14557.5,1.94609e-05,9.73047e-05,1
14565,14570,14567.5,1.94609e-05,9.73047e-05,1
14615,14620,14617.5,1.94609e-05,9.73047e-05,1
14620,14625,14622.5,1.94609e-05,9.73047e-05,1
14630,14635,14632.5,1.94609e-05,9.73047e-05,1
14640,14645,14642.5,1.94609e-05,9.73047e-05,1
14655,14660,14657.5,1.94609e-05,9.73047e-05,1
14665,14670,14667.5,1.94609e-05,9.73047e-05,1
14675,14680,14677.5,1.94609e-05,9.73047e-05,1
14680,14685,14682.5,1.94609e-05,9.73047e-05,1
14690,14695,14692.5,1.94609e-05,9.73047e-05,1
14700,14705,14702.5,1.94609e-05,9.73047e-05,1
14720,14725,14722.5,1.94609e-05,9.73047e-05,1
14740,14745,14742.5,5.83828e-05,0.000291914,3
14770,14775,14772.5,1.94609e-05,9.73047e-05,1
14780,14785,14782.5,1.94609e-05,9.73047e-05,1
14800,14805,14802.5,3.89219e-05,0.000194609,2
14805,14810,14807.5,1.94609e-05,9.73047e-05,1
14810,14815,14812.5,1.94609e-05,9.73047e-05,1
14815,14820,14817.5,1.94609e-05,9.73047e-05,1
14825,14830,14827.5,1.94609e-05,9.73047e-05,1
14840,14845,14842.5,3.89219e-05,0.000194609,2
14855,14860,14857.5,1.94609e-05,9.73047e-05,1
14885,14890,14887.5,1.94609e-05,9.73047e-05,1
14890,14895,14892.5,1.94609e-05,9.73047e-05,1
14895,14900,14897.5,1.94609e-05,9.73047e-05,1
14925,14930,14927.5,1.94609e-05,9.73047e-05,1
14945,14950,14947.5,1.94609e-05,9.73047e-05,1
14995,15000,14997.5,1.94609e-05,9.73047e-05,1
15020,15025,15022.5,1.94609e-05,9.73047e-05,1
15025,15030,15027.5,1.94609e-05,9.73047e-05,1
15030,15035,15032.5,1.94609e-05,9.73047e-05,1
15050,15055,15052.5,1.94609e-05,9.73047e-05,1
15065,15070,15067.5,1.94609e-05,9.73047e-05,1
15075,15080,15077.5,1.94609e-05,9.73047e-05,1
15090,15095,15092.5,3.89219e-05,0.000194609,2
15105,15110,15107.5,1.94609e-05,9.73047e-05,1
15160,15165,15162.5,1.94609e-05,9.73047e-05,1
15195,15200,15197.5,1.94609e-05,9.73047e-05,1
15210,15215,15212.5,1.94609e-05,9.73047e-05,1
15240,15245,15242.5,1.94609e-05,9.73047e-05,1
15245,15250,15247.5,1.94609e-05,9.73047e-05,1
15265,15270,15267.5,1.94609e-05,9.73047e-05,1
15275,15280,15277.5,1.94609e-05,9.73047e-05,1
15280,15285,15282.5,1.94609e-05,9.73047e-05,1
15285,15290,15287.5,1.94609e-05,9.73047e-05,1
15315,15320,15317.5,1.94609e-05,9.73047e-05,1
15340,15345,15342.5,1.94609e-05,9.73047e-05,1
15420,15425,15422.5,1.94609e-05,9.73047e-05,1
15455,15460,15457.5,1.94609e-05,9.73047e-05,1
15500,15505,15502.5,1.94609e-05,9.73047e-05,1
15520,15525,15522.5,5.83828e-05,0.000291914,3
15530,15535,15532.5,1.94609e-05,9.73047e-05,1
15565,15570,15567.5,1.94609e-05,9.73047e-05,1
15570,15575,15572.5,1.94609e-05,9.73047e-05,1
15640,15645,15642.5,1.94609e-05,9.73047e-05,1
15660,15665,15662.5,1.94609e-05,9.73047e-05,1
15700,15705,15702.5,3.89219e-05,0.000194609,2
15705,15710,15707.5,1.94609e-05,9.73047e-05,1
15715,15720,15717.5,1.94609e-05,9.73047e-05,1
15730,15735,15732.5,1.94609e-05,9.73047e-05,1
15765,15770,15767.5,1.94609e-05,9.73047e-05,1
15770,15775,15772.5,1.94609e-05,9.73047e-05,1
15775,15780,15777.5,1.94609e-05,9.73047e-05,1
15785,15790,15787.5,1.94609e-05,9.73047e-05,1
15790,15795,15792.5,1.94609e-05,9.73047e-05,1
15805,15810,15807.5,1.94609e-05,9.73047e-05,1
15815,15820,15817.5,1.94609e-05,9.73047e-05,1
15845,15850,15847.5,1.94609e-05,9.73047e-05,1
15850,15855,15852.5,1.94609e-05,9.73047e-05,1
15860,15865,15862.5,3.89219e-05,0.000194609,2
15880,15885,15882.5,3.89219e-05,0.000194609,2
15885,15890,15887.5,1.94609e-05,9.73047e-05,1
15895,15900,15897.5,1.94609e-05,9.73047e-05,1
15900,15905,15902.5,3.89219e-05,0.000194609,2
15905,15910,15907.5,1.94609e-05,9.73047e-05,1
15915,15920,15917.5,1.94609e-05,9.73047e-05,1
15920,15925,15922.5,3.89219e-05,0.000194609,2
15925,15930,15927.5,1.94609e-05,9.73047e-05,1
15950,15955,15952.5,1.94609e-05,9.73047e-05,1
15960,15965,15962.5,1.94609e-05,9.73047e-05,1
15965,15970,15967.5,1.94609e-05,9.73047e-05,1
15995,16000,15997.5,1.94609e-05,9.73047e-05,1
16015,16020,16017.5,1.94609e-05,9.73047e-05,1
16040,16045,16042.5,1.94609e-05,9.73047e-05,1
16045,16050,16047.5,1.94609e-05,9.73047e-05,1
16050,16055,16052.5,3.89219e-05,0.000194609,2
16055,16060,16057.5,1.94609e-05,9.73047e-05,1
16060,16065,16062.5,1.94609e-05,9.73047e-05,1
16095,16100,16097.5,1.94609e-05,9.73047e-05,1
16125,16130,16127.5,1.94609e-05,9.73047e-05,1
16135,16140,16137.5,1.94609e-05,9.73047e-05,1
16160,16165,16162.5,1.94609e-05,9.73047e-05,1
16180,16185,16182.5,1.94609e-05,9.73047e-05,1
16190,16195,16192.5,1.94609e-05,9.73047e-05,1
16255,16260,16257.5,1.94609e-05,9.73047e-05,1
16265,16270,16267.5,1.94609e-05,9.73047e-05,1
16300,16305,16302.5,1.94609e-05,9.73047e-05,1
16315,16320,16317.5,1.94609e-05,9.73047e-05,1
16320,16325,16322.5,1.94609e-05,9.73047e-05,1
16330,16335,16332.5,1.94609e-05,9.73047e-05,1
16340,16345,16342.5,1.94609e-05,9.73047e-05,1
16350,16355,16352.5,1.94609e-05,9.73047e-05,1
16380,16385,16382.5,1.94609e-05,9.73047e-05,1
16395,16400,16397.5,1.94609e-05,9.73047e-05,1
16420,16425,16422.5,1.94609e-05,9.73047e-05,1
16425,16430,16427.5,1.94609e-05,9.73047e-05,1
16440,16445,16442.5,1.94609e-05,9.73047e-05,1
16445,16450,16447.5,1.94609e-05,9.73047e-05,1
16465,16470,16467.5,1.94609e-05,9.73047e-05,1
16470,16475,16472.5,1.94609e-05,9.73047e-05,1
16475,16480,16477.5,1.94609e-05,9.73047e-05,1
16480,16485,16482.5,1.94609e-05,9.73047e-05,1
16485,16490,16487.5,1.94609e-05,9.73047e-05,1
16535,16540,16537.5,1.94609e-05,9.73047e-05,1
16565,16570,16567.5,1.94609e-05,9.73047e-05,1
16610,16615,16612.5,1.94609e-05,9.73047e-05,1
16635,16640,16637.5,1.94609e-05,9.73047e-05,1
16650,16655,16652.5,3.89219e-05,0.000194609,2
16705,16710,16707.5,1.94609e-05,9.73047e-05,1
16710,16715,16712.5,3.89219e-05,0.000194609,2
16720,16725,16722.5,1.94609e-05,9.73047e-05,1
16725,16730,16727.5,1.94609e-05,9.73047e-05,1
16760,16765,16762.5,1.94609e-05,9.73047e-05,1
16780,16785,16782.5,1.94609e-05,9.73047e-05,1
16800,16805,16802.5,1.94609e-05,9.73047e-05,1
16815,16820,16817.5,1.94609e-05,9.73047e-05,1
16825,16830,16827.5,1.94609e-05,9.73047e-05,1
16875,16880,16877.5,3.89219e-05,0.000194609,2
16885,16890,16887.5,1.94609e-05,9.73047e-05,1
16890,16895,16892.5,1.94609e-05,9.73047e-05,1
16905,16910,16907.5,1.94609e-05,9.73047e-05,1
16940,16945,16942.5,1.94609e-05,9.73047e-05,1
16945,16950,16947.5,1.94609e-05,9.73047e-05,1
16960,16965,16962.5,1.94609e-05,9.73047e-05,1
16990,16995,16992.5,1.94609e-05,9.73047e-05,1
16995,17000,16997.5,1.94609e-05,9.73047e-05,1
17035,17040,17037.5,1.94609e-05,9.73047e-05,1
17050,17055,17052.5,3.89219e-05,0.000194609,2
17070,17075,17072.5,1.94609e-05,9.73047e-05,1
17100,17105,17102.5,1.94609e-05,9.73047e-05,1
17210,17215,17212.5,1.94609e-05,9.73047e-05,1
17220,17225,17222.5,1.94609e-05,9.73047e-05,1
17225,17230,17227.5,1.94609e-05,9.73047e-05,1
17240,17245,17242.5,3.89219e-05,0.000194609,2
17245,17250,17247.5,1.94609e-05,9.73047e-05,1
17265,17270,17267.5,1.94609e-05,9.73047e-05,1
17300,17305,17302.5,3.89219e-05,0.000194609,2
17325,17330,17327.5,1.94609e-05,9.73047e-05,1
17380,17385,17382.5,3.89219e-05,0.000194609,2
17390,17395,17392.5,1.94609e-05,9.73047e-05,1
17405,17410,17407.5,1.94609e-05,9.73047e-05,1
17415,17420,17417.5,1.94609e-05,9.73047e-05,1
17420,17425,17422.5,1.94609e-05,9.73047e-05,1
17455,17460,17457.5,1.94609e-05,9.73047e-05,1
17495,17500,17497.5,1.94609e-05,9.73047e-05,1
17535,17540,17537.5,1.94609e-05,9.73047e-05,1
17545,17550,17547.5,1.94609e-05,9.73047e-05,1
17570,17575,17572.5,1.94609e-05,9.73047e-05,1
17580,17585,17582.5,1.94609e-05,9.73047e-05,1
17585,17590,17587.5,1.94609e-05,9.73047e-05,1
17620,17625,17622.5,1.94609e-05,9.73047e-05,1
17650,17655,17652.5,1.94609e-05,9.73047e-05,1
17660,17665,17662.5,1.94609e-05,9.73047e-05,1
17680,17685,17682.5,1.94609e-05,9.73047e-05,1
17690,17695,17692.5,3.89219e-05,0.000194609,2
17715,17720,17717.5,1.94609e-05,9.73047e-05,1
17755,17760,17757.5,3.89219e-05,0.000194609,2
17765,17770,17767.5,1.94609e-05,9.73047e-05,1
17790,17795,17792.5,1.94609e-05,9.73047e-05,1
17795,17800,17797.5,1.94609e-05,9.73047e-05,1
17825,17830,17827.5,1.94609e-05,9.73047e-05,1
17860,17865,17862.5,1.94609e-05,9.73047e-05,1
17885,17890,17887.5,3.89219e-05,0.000194609,2
17910,17915,17912.5,1.94609e-05,9.73047e-05,1
17915,17920,17917.5,1.94609e-05,9.73047e-05,1
17925,17930,17927.5,1.94609e-05,9.73047e-05,1
17940,17945,17942.5,1.94609e-05,9.73047e-05,1
18035,18040,18037.5,1.94609e-05,9.73047e-05,1
18095,18100,18097.5,1.94609e-05,9.73047e-05,1
18140,18145,18142.5,3.89219e-05,0.000194609,2
18215,18220,18217.5,1.94609e-05,9.73047e-05,1
18265,18270,18267.5,1.94609e-05,9.73047e-05,1
18320,18325,18322.5,1.94609e-05,9.73047e-05,1
18340,18345,18342.5,1.94609e-05,9.73047e-05,1
18355,18360,18357.5,1.94609e-05,9.73047e-05,1
18360,18365,18362.5,1.94609e-05,9.73047e-05,1
18405,18410,18407.5,1.94609e-05,9.73047e-05,1
18415,18420,18417.5,1.94609e-05,9.73047e-05,1
18435,18440,18437.5,1.94609e-05,9.73047e-05,1
18455,18460,18457.5,1.94609e-05,9.73047e-05,1
18495,18500,18497.5,1.94609e-05,9.73047e-05,1
18515,18520,18517.5,1.94609e-05,9.73047e-05,1
18540,18545,18542.5,1.94609e-05,9.73047e-05,1
18580,18585,18582.5,1.94609e-05,9.73047e-05,1
18625,18630,18627.5,1.94609e-05,9.73047e-05,1
18650,18655,18652.5,1.94609e-05,9.73047e-05,1
18660,18665,18662.5,1.94609e-05,9.73047e-05,1
18685,18690,18687.5,1.94609e-05,9.73047e-05,1
18810,18815,18812.5,1.94609e-05,9.73047e-05,1
18880,18885,18882.5,3.89219e-05,0.000194609,2
18910,18915,18912.5,1.94609e-05,9.73047e-05,1
18960,18965,18962.5,1.94609e-05,9.73047e-05,1
18970,18975,18972.5,1.94609e-05,9.73047e-05,1
18985,18990,18987.5,1.94609e-05,9.73047e-05,1
19000,19005,19002.5,1.94609e-05,9.73047e-05,1
19065,19070,19067.5,1.94609e-05,9.73047e-05,1
19130,19135,19132.5,1.94609e-05,9.73047e-05,1
19165,19170,19167.5,1.94609e-05,9.73047e-05,1
19185,19190,19187.5,1.94609e-05,9.73047e-05,1
19285,19290,19287.5,1.94609e-05,9.73047e-05,1
19295,19300,19297.5,1.94609e-05,9.73047e-05,1
19315,19320,19317.5,1.94609e-05,9.73047e-05,1
19330,19335,19332.5,1.94609e-05,9.73047e-05,1
19385,19390,19387.5,1.94609e-05,9.73047e-05,1
19400,19405,19402.5,1.94609e-05,9.73047e-05,1
19445,19450,19447.5,1.94609e-05,9.73047e-05,1
19475,19480,19477.5,1.94609e-05,9.73047e-05,1
19510,19515,19512.5,1.94609e-05,9.73047e-05,1
19520,19525,19522.5,1.94609e-05,9.73047e-05,1
19550,19555,19552.5,1.94609e-05,9.73047e-05,1
19565,19570,19567.5,1.94609e-05,9.73047e-05,1
19615,19620,19617.5,1.94609e-05,9.73047e-05,1
19635,19640,19637.5,1.94609e-05,9.73047e-05,1
19650,19655,19652.5,1.94609e-05,9.73047e-05,1
19660,19665,19662.5,1.94609e-05,9.73047e-05,1
19705,19710,19707.5,1.94609e-05,9.73047e-05,1
19720,19725,19722.5,1.94609e-05,9.73047e-05,1
19730,19735,19732.5,1.94609e-05,9.73047e-05,1
19745,19750,19747.5,1.94609e-05,9.73047e-05,1
19805,19810,19807.5,1.94609e-05,9.73047e-05,1
19935,19940,19937.5,1.94609e-05,9.73047e-05,1
19940,19945,19942.5,1.94609e-05,9.73047e-05,1
19955,19960,19957.5,3.89219e-05,0.000194609,2
20040,20045,20042.5,3.89219e-05,0.000194609,2
20075,20080,20077.5,1.94609e-05,9.73047e-05,1
20095,20100,20097.5,1.94609e-05,9.73047e-05,1
20115,20120,20117.5,1.94609e-05,9.73047e-05,1
20165,20170,20167.5,1.94609e-05,9.73047e-05,1
20240,20245,20242.5,1.94609e-05,9.73047e-05,1
20350,20355,20352.5,1.94609e-05,9.73047e-05,1
20430,20435,20432.5,1.94609e-05,9.73047e-05,1
20515,20520,20517.5,1.94609e-05,9.73047e-05,1
20570,20575,20572.5,1.94609e-05,9.73047e-05,1
20640,20645,20642.5,1.94609e-05,9.73047e-05,1
20660,20665,20662.5,1.94609e-05,9.73047e-05,1
20680,20685,20682.5,1.94609e-05,9.73047e-05,1
20820,20825,20822.5,1.94609e-05,9.73047e-05,1
20840,20845,20842.5,1.94609e-05,9.73047e-05,1
20915,20920,20917.5,1.94609e-05,9.73047e-05,1
21470,21475,21472.5,1.94609e-05,9.73047e-05,1
21495,21500,21497.5,1.94609e-05,9.73047e-05,1
21500,21505,21502.5,1.94609e-05,9.73047e-05,1
21560,21565,21562.5,1.94609e-05,9.73047e-05,1
21585,21590,21587.5,1.94609e-05,9.73047e-05,1
21590,21595,21592.5,1.94609e-05,9.73047e-05,1
21660,21665,21662.5,1.94609e-05,9.73047e-05,1
21695,21700,21697.5,1.94609e-05,9.73047e-05,1
21705,21710,21707.5,1.94609e-05,9.73047e-05,1
21805,21810,21807.5,1.94609e-05,9.73047e-05,1
21820,21825,21822.5,1.94609e-05,9.73047e-05,1
22050,22055,22052.5,1.94609e-05,9.73047e-05,1
22110,22115,22112.5,1.94609e-05,9.73047e-05,1
22200,22205,22202.5,1.94609e-05,9.73047e-05,1
22235,22240,22237.5,1.94609e-05,9.73047e-05,1
22295,22300,22297.5,1.94609e-05,9.73047e-05,1
22360,22365,22362.5,1.94609e-05,9.73047e-05,1
22465,22470,22467.5,1.94609e-05,9.73047e-05,1
22565,22570,22567.5,1.94609e-05,9.73047e-05,1
22610,22615,22612.5,1.94609e-05,9.73047e-05,1
22800,22805,22802.5,1.94609e-05,9.73047e-05,1
22815,22820,22817.5,1.94609e-05,9.73047e-05,1
22890,22895,22892.5,1.94609e-05,9.73047e-05,1
22905,22910,22907.5,1.94609e-05,9.73047e-05,1
22910,22915,22912.5,1.94609e-05,9.73047e-05,1
22915,22920,22917.5,1.94609e-05,9.73047e-05,1
22950,22955,22952.5,1.94609e-05,9.73047e-05,1
23080,23085,23082.5,1.94609e-05,9.73047e-05,1
23110,23115,23112.5,1.94609e-05,9.73047e-05,1
23255,23260,23257.5,1.94609e-05,9.73047e-05,1
23350,23355,23352.5,1.94609e-05,9.73047e-05,1
23440,23445,23442.5,1.94609e-05,9.73047e-05,1
23530,23535,23532.5,1.94609e-05,9.73047e-05,1
23625,23630,23627.5,1.94609e-05,9.73047e-05,1
23630,23635,23632.5,1.94609e-05,9.73047e-05,1
23815,23820,23817.5,1.94609e-05,9.73047e-05,1
24395,24400,24397.5,1.94609e-05,9.73047e-05,1
24555,24560,24557.5,1.94609e-05,9.73047e-05,1
24715,24720,24717.5,1.94609e-05,9.73047e-05,1
24875,24880,24877.5,1.94609e-05,9.73047e-05,1
25010,25015,25012.5,1.94609e-05,9.73047e-05,1
25095,25100,25097.5,3.89219e-05,0.000194609,2
25120,25125,25122.5,1.94609e-05,9.73047e-05,1
25210,25215,25212.5,1.94609e-05,9.73047e-05,1
25390,25395,25392.5,1.94609e-05,9.73047e-05,1
25660,25665,25662.5,1.94609e-05,9.73047e-05,1
26035,26040,26037.5,1.94609e-05,9.73047e-05,1
27135,27140,27137.5,1.94609e-05,9.73047e-05,1
27560,27565,27562.5,1.94609e-05,9.73047e-05,1
27595,27600,27597.5,1.94609e-05,9.73047e-05,1
27870,27875,27872.5,1.94609e-05,9.73047e-05,1
28110,28115,28112.5,1.94609e-05,9.73047e-05,1
30225,30230,30227.5,1.94609e-05,9.73047e-05,1
