bin_start_us,bin_end_us,bin_mid_us,pdf_per_us,probability,count
210.0,215.0,212.5,2.6677166e-05,0.00013338583,0
215.0,220.0,217.5,4.0057484e-05,0.00020028742,0
220.0,225.0,222.5,3.8826374e-05,0.00019413187,0
225.0,230.0,227.5,2.9403196e-05,0.00014701598,0
230.0,235.0,232.5,4.5890474e-05,0.00022945237,0
235.0,240.0,237.5,4.6674594e-05,0.00023337297,0
240.0,245.0,242.5,3.8185788e-05,0.00019092894,0
245.0,250.0,247.5,3.804858e-05,0.0001902429,0
250.0,255.0,252.5,3.5335204e-05,0.00017667602,0
255.0,260.0,257.5,2.8632208e-05,0.00014316104,0
260.0,265.0,262.5,4.1893074e-05,0.00020946537,0
265.0,270.0,267.5,3.5320586e-05,0.00017660293,0
270.0,275.0,272.5,3.5114062e-05,0.00017557031,0
275.0,280.0,277.5,3.3229682e-05,0.00016614841,0
280.0,285.0,282.5,3.5018192e-05,0.00017509096,0
285.0,290.0,287.5,3.4430408e-05,0.00017215204,0
290.0,295.0,292.5,4.0749698e-05,0.00020374849,0
295.0,300.0,297.5,5.0379944e-05,0.00025189972,0
300.0,305.0,302.5,4.1666406e-05,0.00020833203,0
305.0,310.0,307.5,3.5106698e-05,0.00017553349,0
310.0,315.0,312.5,3.91711e-05,0.0001958555,0
315.0,320.0,317.5,2.6684196e-05,0.00013342098,0
320.0,325.0,322.5,3.816184e-05,0.0001908092,0
325.0,330.0,327.5,3.3183512e-05,0.00016591756,0
330.0,335.0,332.5,3.1320566e-05,0.00015660283,0
335.0,340.0,337.5,3.8296752e-05,0.00019148376,0
340.0,345.0,342.5,3.7102346e-05,0.00018551173,0
345.0,350.0,347.5,4.4698186e-05,0.00022349093,0
350.0,355.0,352.5,0.0003393688,0.001696844,0
355.0,360.0,357.5,0.0005915788,0.002957894,0
360.0,365.0,362.5,0.000483146,0.00241573,0
365.0,370.0,367.5,0.000411476,0.00205738,0
370.0,375.0,372.5,0.0004266072,0.002133036,0
375.0,380.0,377.5,0.0004353428,0.002176714,0
380.0,385.0,382.5,0.000484511,0.002422555,0
385.0,390.0,387.5,0.0002058082,0.001029041,0
390.0,395.0,392.5,0.00012773938,0.0006386969,0
395.0,400.0,397.5,0.00015449712,0.0007724856,0
400.0,405.0,402.5,0.00014790392,0.0007395196,0
405.0,410.0,407.5,0.00016139268,0.0008069634,0
410.0,415.0,412.5,0.00016686756,0.0008343378,0
415.0,420.0,417.5,0.00016305628,0.0008152814,0
420.0,425.0,422.5,0.00016593118,0.0008296559,0
425.0,430.0,427.5,0.00019471026,0.0009735513,0
430.0,435.0,432.5,0.000194367,0.000971835,0
435.0,440.0,437.5,0.00015989512,0.0007994756,0
440.0,445.0,442.5,0.00015933422,0.0007966711,0
445.0,450.0,447.5,0.00025741632,0.0012870816,0
450.0,455.0,452.5,0.00012077998,0.0006038999,0
455.0,460.0,457.5,0.00011804636,0.0005902318,0
460.0,465.0,462.5,0.00010878522,0.0005439261,0
465.0,470.0,467.5,9.33946e-05,0.000466973,0
470.0,475.0,472.5,0.0001172846,0.000586423,0
475.0,480.0,477.5,0.00011050342,0.0005525171,0
480.0,485.0,482.5,0.00011986496,0.0005993248,0
485.0,490.0,487.5,0.00015126292,0.0007563146,0
490.0,495.0,492.5,0.00012554498,0.0006277249,0
495.0,500.0,497.5,0.0001468804,0.000734402,0
500.0,505.0,502.5,0.00015266566,0.0007633283,0
505.0,510.0,507.5,0.00016498194,0.0008249097,0
510.0,515.0,512.5,0.0001613164,0.000806582,0
515.0,520.0,517.5,0.00016019638,0.0008009819,0
520.0,525.0,522.5,0.0001762741,0.0008813705,0
525.0,530.0,527.5,0.00014602038,0.0007301019,0
530.0,535.0,532.5,0.0001715035,0.0008575175,0
535.0,540.0,537.5,0.0001562815,0.0007814075,0
540.0,545.0,542.5,0.00017674364,0.0008837182,0
545.0,550.0,547.5,0.00015167984,0.0007583992,0
550.0,555.0,552.5,0.00017810144,0.0008905072,0
555.0,560.0,557.5,0.00018169774,0.0009084887,0
560.0,565.0,562.5,0.0001676317,0.0008381585,0
565.0,570.0,567.5,0.00016537942,0.0008268971,0
570.0,575.0,572.5,0.00016171748,0.0008085874,0
575.0,580.0,577.5,0.00015136934,0.0007568467,0
580.0,585.0,582.5,0.00015388984,0.0007694492,0
585.0,590.0,587.5,0.00015165144,0.0007582572,0
590.0,595.0,592.5,0.0001459071,0.0007295355,0
595.0,600.0,597.5,0.00017531258,0.0008765629,0
600.0,605.0,602.5,0.0001489851,0.0007449255,0
605.0,610.0,607.5,0.00016706414,0.0008353207,0
610.0,615.0,612.5,0.00016663724,0.0008331862,0
615.0,620.0,617.5,0.00017638096,0.0008819048,0
620.0,625.0,622.5,0.00016361918,0.0008180959,0
625.0,630.0,627.5,0.00016021288,0.0008010644,0
630.0,635.0,632.5,0.00015816816,0.0007908408,0
635.0,640.0,637.5,0.00018875246,0.0009437623,0
640.0,645.0,642.5,0.0001877434,0.000938717,0
645.0,650.0,647.5,0.00017895856,0.0008947928,0
650.0,655.0,652.5,0.00015329022,0.0007664511,0
655.0,660.0,657.5,0.00016975516,0.0008487758,0
660.0,665.0,662.5,0.0001593571,0.0007967855,0
665.0,670.0,667.5,0.00016004708,0.0008002354,0
670.0,675.0,672.5,0.00016216852,0.0008108426,0
675.0,680.0,677.5,0.00017665498,0.0008832749,0
680.0,685.0,682.5,0.0001633695,0.0008168475,0
685.0,690.0,687.5,0.00014658196,0.0007329098,0
690.0,695.0,692.5,0.00017487736,0.0008743868,0
695.0,700.0,697.5,0.00015880172,0.0007940086,0
700.0,705.0,702.5,0.00015620904,0.0007810452,0
705.0,710.0,707.5,0.00015150214,0.0007575107,0
710.0,715.0,712.5,0.0001832877,0.0009164385,0
715.0,720.0,717.5,0.00014306392,0.0007153196,0
720.0,725.0,722.5,0.00018321152,0.0009160576,0
725.0,730.0,727.5,0.0001959843,0.0009799215,0
730.0,735.0,732.5,0.00017534372,0.0008767186,0
735.0,740.0,737.5,0.00017722702,0.0008861351,0
740.0,745.0,742.5,0.00015281662,0.0007640831,0
745.0,750.0,747.5,0.0001695433,0.0008477165,0
750.0,755.0,752.5,0.00015642482,0.0007821241,0
755.0,760.0,757.5,0.00016857596,0.0008428798,0
760.0,765.0,762.5,0.00017706536,0.0008853268,0
765.0,770.0,767.5,0.00016157302,0.0008078651,0
770.0,775.0,772.5,0.00015727014,0.0007863507,0
775.0,780.0,777.5,0.00016625336,0.0008312668,0
780.0,785.0,782.5,0.00018453456,0.0009226728,0
785.0,790.0,787.5,0.0001633989,0.0008169945,0
790.0,795.0,792.5,0.00018016364,0.0009008182,0
795.0,800.0,797.5,0.000174378,0.00087189,0
800.0,805.0,802.5,0.00021474288,0.0010737144,0
805.0,810.0,807.5,0.00015935448,0.0007967724,0
810.0,815.0,812.5,0.0001523681,0.0007618405,0
815.0,820.0,817.5,0.00013564608,0.0006782304,0
820.0,825.0,822.5,0.0001343578,0.000671789,0
825.0,830.0,827.5,0.00013716148,0.0006858074,0
830.0,835.0,832.5,0.00012028416,0.0006014208,0
835.0,840.0,837.5,0.000139609,0.000698045,0
840.0,845.0,842.5,0.0001365897,0.0006829485,0
845.0,850.0,847.5,0.00016664686,0.0008332343,0
850.0,855.0,852.5,0.0001578605,0.0007893025,0
855.0,860.0,857.5,0.00017807806,0.0008903903,0
860.0,865.0,862.5,0.00018471566,0.0009235783,0
865.0,870.0,867.5,0.00015177136,0.0007588568,0
870.0,875.0,872.5,0.00016824922,0.0008412461,0
875.0,880.0,877.5,0.00015775022,0.0007887511,0
880.0,885.0,882.5,0.0001697491,0.0008487455,0
885.0,890.0,887.5,0.00017162106,0.0008581053,0
890.0,895.0,892.5,0.00015283832,0.0007641916,0
895.0,900.0,897.5,0.00014195586,0.0007097793,0
900.0,905.0,902.5,0.0001552979,0.0007764895,0
905.0,910.0,907.5,0.0001254678,0.000627339,0
910.0,915.0,912.5,0.0001314473,0.0006572365,0
915.0,920.0,917.5,0.00013128162,0.0006564081,0
920.0,925.0,922.5,0.00012361608,0.0006180804,0
925.0,930.0,927.5,0.00012368176,0.0006184088,0
930.0,935.0,932.5,0.00011910066,0.0005955033,0
935.0,940.0,937.5,0.00014611018,0.0007305509,0
940.0,945.0,942.5,0.00016087448,0.0008043724,0
945.0,950.0,947.5,0.0001826865,0.0009134325,0
950.0,955.0,952.5,0.00016630868,0.0008315434,0
955.0,960.0,957.5,0.00014287472,0.0007143736,0
960.0,965.0,962.5,0.00014946196,0.0007473098,0
965.0,970.0,967.5,0.00016196112,0.0008098056,0
970.0,975.0,972.5,0.00018554782,0.0009277391,0
975.0,980.0,977.5,0.00015157938,0.0007578969,0
980.0,985.0,982.5,0.0001620954,0.000810477,0
985.0,990.0,987.5,0.00014193902,0.0007096951,0
990.0,995.0,992.5,0.0001590678,0.000795339,0
995.0,1000.0,997.5,0.00016326006,0.0008163003,0
1000.0,1005.0,1002.5,0.00013501206,0.0006750603,0
1005.0,1010.0,1007.5,0.00015937286,0.0007968643,0
1010.0,1015.0,1012.5,0.00015036606,0.0007518303,0
1015.0,1020.0,1017.5,0.00013882812,0.0006941406,0
1020.0,1025.0,1022.5,0.00013008578,0.0006504289,0
1025.0,1030.0,1027.5,0.00012647142,0.0006323571,0
1030.0,1035.0,1032.5,0.00017817074,0.0008908537,0
1035.0,1040.0,1037.5,0.00015418044,0.0007709022,0
1040.0,1045.0,1042.5,0.00013907726,0.0006953863,0
1045.0,1050.0,1047.5,0.0001616919,0.0008084595,0
1050.0,1055.0,1052.5,0.0001348379,0.0006741895,0
1055.0,1060.0,1057.5,0.00013710662,0.0006855331,0
1060.0,1065.0,1062.5,0.00016717992,0.0008358996,0
1065.0,1070.0,1067.5,0.00017154516,0.0008577258,0
1070.0,1075.0,1072.5,0.00014320402,0.0007160201,0
1075.0,1080.0,1077.5,0.00014671612,0.0007335806,0
1080.0,1085.0,1082.5,0.00016391358,0.0008195679,0
1085.0,1090.0,1087.5,0.00016386716,0.0008193358,0
1090.0,1095.0,1092.5,0.00016093544,0.0008046772,0
1095.0,1100.0,1097.5,0.00014053306,0.0007026653,0
1100.0,1105.0,1102.5,0.00016147772,0.0008073886,0
1105.0,1110.0,1107.5,0.00015057328,0.0007528664,0
1110.0,1115.0,1112.5,0.00014293092,0.0007146546,0
1115.0,1120.0,1117.5,0.00016696002,0.0008348001,0
1120.0,1125.0,1122.5,0.00017529508,0.0008764754,0
1125.0,1130.0,1127.5,0.0001647049,0.0008235245,0
1130.0,1135.0,1132.5,0.00014575078,0.0007287539,0
1135.0,1140.0,1137.5,0.00015765532,0.0007882766,0
1140.0,1145.0,1142.5,0.0001423406,0.000711703,0
1145.0,1150.0,1147.5,0.00014454614,0.0007227307,0
1150.0,1155.0,1152.5,0.0001342108,0.000671054,0
1155.0,1160.0,1157.5,0.00016507046,0.0008253523,0
1160.0,1165.0,1162.5,0.00015004682,0.0007502341,0
1165.0,1170.0,1167.5,0.00012454432,0.0006227216,0
1170.0,1175.0,1172.5,0.00013218996,0.0006609498,0
1175.0,1180.0,1177.5,0.00015027522,0.0007513761,0
1180.0,1185.0,1182.5,0.00014672816,0.0007336408,0
1185.0,1190.0,1187.5,0.00014952398,0.0007476199,0
1190.0,1195.0,1192.5,0.0001389141,0.0006945705,0
1195.0,1200.0,1197.5,0.0001494466,0.000747233,0
1200.0,1205.0,1202.5,0.00014783176,0.0007391588,0
1205.0,1210.0,1207.5,0.00014766884,0.0007383442,0
1210.0,1215.0,1212.5,0.0001303094,0.000651547,0
1215.0,1220.0,1217.5,0.00014700914,0.0007350457,0
1220.0,1225.0,1222.5,0.0001462835,0.0007314175,0
1225.0,1230.0,1227.5,0.0001536918,0.000768459,0
1230.0,1235.0,1232.5,0.00015344334,0.0007672167,0
1235.0,1240.0,1237.5,0.00014970262,0.0007485131,0
1240.0,1245.0,1242.5,0.00016953792,0.0008476896,0
1245.0,1250.0,1247.5,0.00016602822,0.0008301411,0
1250.0,1255.0,1252.5,0.0001408484,0.000704242,0
1255.0,1260.0,1257.5,0.00014369842,0.0007184921,0
1260.0,1265.0,1262.5,0.0001180849,0.0005904245,0
1265.0,1270.0,1267.5,0.00014657462,0.0007328731,0
1270.0,1275.0,1272.5,0.00012667986,0.0006333993,0
1275.0,1280.0,1277.5,0.0001186708,0.000593354,0
1280.0,1285.0,1282.5,0.00013316066,0.0006658033,0
1285.0,1290.0,1287.5,0.0001297126,0.000648563,0
1290.0,1295.0,1292.5,0.00012303292,0.0006151646,0
1295.0,1300.0,1297.5,0.00013732192,0.0006866096,0
1300.0,1305.0,1302.5,0.00011913892,0.0005956946,0
1305.0,1310.0,1307.5,0.0001568361,0.0007841805,0
1310.0,1315.0,1312.5,0.0001430116,0.000715058,0
1315.0,1320.0,1317.5,0.000142998,0.00071499,0
1320.0,1325.0,1322.5,0.0001296997,0.0006484985,0
1325.0,1330.0,1327.5,0.0001592691,0.0007963455,0
1330.0,1335.0,1332.5,0.00015175708,0.0007587854,0
1335.0,1340.0,1337.5,0.00015308,0.0007654,0
1340.0,1345.0,1342.5,0.00013154556,0.0006577278,0
1345.0,1350.0,1347.5,0.00013991524,0.0006995762,0
1350.0,1355.0,1352.5,0.00014421748,0.0007210874,0
1355.0,1360.0,1357.5,0.00013891816,0.0006945908,0
1360.0,1365.0,1362.5,0.00012964036,0.0006482018,0
1365.0,1370.0,1367.5,0.00011037024,0.0005518512,0
1370.0,1375.0,1372.5,0.00014012414,0.0007006207,0
1375.0,1380.0,1377.5,0.00012827536,0.0006413768,0
1380.0,1385.0,1382.5,0.0001256021,0.0006280105,0
1385.0,1390.0,1387.5,0.00013550124,0.0006775062,0
1390.0,1395.0,1392.5,0.00013529144,0.0006764572,0
1395.0,1400.0,1397.5,0.00013025988,0.0006512994,0
1400.0,1405.0,1402.5,0.0001511015,0.0007555075,0
1405.0,1410.0,1407.5,0.00012750022,0.0006375011,0
1410.0,1415.0,1412.5,0.0001350483,0.0006752415,0
1415.0,1420.0,1417.5,0.00015415748,0.0007707874,0
1420.0,1425.0,1422.5,0.00013805554,0.0006902777,0
1425.0,1430.0,1427.5,0.0001552457,0.0007762285,0
1430.0,1435.0,1432.5,0.00015379706,0.0007689853,0
1435.0,1440.0,1437.5,0.00015390086,0.0007695043,0
1440.0,1445.0,1442.5,0.00014666922,0.0007333461,0
1445.0,1450.0,1447.5,0.00014570584,0.0007285292,0
1450.0,1455.0,1452.5,0.00012386684,0.0006193342,0
1455.0,1460.0,1457.5,0.0001315305,0.0006576525,0
1460.0,1465.0,1462.5,0.00013726714,0.0006863357,0
1465.0,1470.0,1467.5,0.0001168223,0.0005841115,0
1470.0,1475.0,1472.5,0.0001297602,0.000648801,0
1475.0,1480.0,1477.5,0.0001395668,0.000697834,0
1480.0,1485.0,1482.5,0.00013827646,0.0006913823,0
1485.0,1490.0,1487.5,0.0001361731,0.0006808655,0
1490.0,1495.0,1492.5,0.00011619662,0.0005809831,0
1495.0,1500.0,1497.5,0.00014003792,0.0007001896,0
1500.0,1505.0,1502.5,0.00013156976,0.0006578488,0
1505.0,1510.0,1507.5,0.00014010594,0.0007005297,0
1510.0,1515.0,1512.5,0.00014667664,0.0007333832,0
1515.0,1520.0,1517.5,0.00013237172,0.0006618586,0
1520.0,1525.0,1522.5,0.0001341226,0.000670613,0
1525.0,1530.0,1527.5,0.0001293292,0.000646646,0
1530.0,1535.0,1532.5,0.00015624064,0.0007812032,0
1535.0,1540.0,1537.5,0.00011908424,0.0005954212,0
1540.0,1545.0,1542.5,0.00013603054,0.0006801527,0
1545.0,1550.0,1547.5,0.00013266138,0.0006633069,0
1550.0,1555.0,1552.5,0.00013780192,0.0006890096,0
1555.0,1560.0,1557.5,0.00013236054,0.0006618027,0
1560.0,1565.0,1562.5,0.00013233962,0.0006616981,0
1565.0,1570.0,1567.5,0.0001410973,0.0007054865,0
1570.0,1575.0,1572.5,0.00012463322,0.0006231661,0
1575.0,1580.0,1577.5,0.00011449062,0.0005724531,0
1580.0,1585.0,1582.5,0.00014919656,0.0007459828,0
1585.0,1590.0,1587.5,0.0001183057,0.0005915285,0
1590.0,1595.0,1592.5,0.0001170871,0.0005854355,0
1595.0,1600.0,1597.5,0.0001261296,0.000630648,0
1600.0,1605.0,1602.5,0.00011993774,0.0005996887,0
1605.0,1610.0,1607.5,0.00015251824,0.0007625912,0
1610.0,1615.0,1612.5,0.00012845576,0.0006422788,0
1615.0,1620.0,1617.5,0.00011607794,0.0005803897,0
1620.0,1625.0,1622.5,0.00013882662,0.0006941331,0
1625.0,1630.0,1627.5,0.00012396766,0.0006198383,0
1630.0,1635.0,1632.5,0.00014082036,0.0007041018,0
1635.0,1640.0,1637.5,0.00013005824,0.0006502912,0
1640.0,1645.0,1642.5,0.00010944898,0.0005472449,0
1645.0,1650.0,1647.5,0.00014735514,0.0007367757,0
1650.0,1655.0,1652.5,0.00014007272,0.0007003636,0
1655.0,1660.0,1657.5,0.00012027624,0.0006013812,0
1660.0,1665.0,1662.5,0.00014386926,0.0007193463,0
1665.0,1670.0,1667.5,0.00012897616,0.0006448808,0
1670.0,1675.0,1672.5,0.00012405174,0.0006202587,0
1675.0,1680.0,1677.5,0.00012467192,0.0006233596,0
1680.0,1685.0,1682.5,0.00013749484,0.0006874742,0
1685.0,1690.0,1687.5,0.00010774128,0.0005387064,0
1690.0,1695.0,1692.5,0.00012419008,0.0006209504,0
1695.0,1700.0,1697.5,0.00010457202,0.0005228601,0
1700.0,1705.0,1702.5,0.0001425147,0.0007125735,0
1705.0,1710.0,1707.5,0.00013652626,0.0006826313,0
1710.0,1715.0,1712.5,0.00010178898,0.0005089449,0
1715.0,1720.0,1717.5,0.00012252472,0.0006126236,0
1720.0,1725.0,1722.5,0.00010005034,0.0005002517,0
1725.0,1730.0,1727.5,0.00011718372,0.0005859186,0
1730.0,1735.0,1732.5,0.00011653848,0.0005826924,0
1735.0,1740.0,1737.5,0.00010099514,0.0005049757,0
1740.0,1745.0,1742.5,0.00012683458,0.0006341729,0
1745.0,1750.0,1747.5,0.0001332155,0.0006660775,0
1750.0,1755.0,1752.5,0.00011834472,0.0005917236,0
1755.0,1760.0,1757.5,0.00014532826,0.0007266413,0
1760.0,1765.0,1762.5,0.00012188854,0.0006094427,0
1765.0,1770.0,1767.5,0.00012533584,0.0006266792,0
1770.0,1775.0,1772.5,0.00011682016,0.0005841008,0
1775.0,1780.0,1777.5,0.00011710784,0.0005855392,0
1780.0,1785.0,1782.5,0.00013335554,0.0006667777,0
1785.0,1790.0,1787.5,0.00013102836,0.0006551418,0
1790.0,1795.0,1792.5,0.00013425076,0.0006712538,0
1795.0,1800.0,1797.5,0.0001257503,0.0006287515,0
1800.0,1805.0,1802.5,0.00011512492,0.0005756246,0
1805.0,1810.0,1807.5,0.0001134029,0.0005670145,0
1810.0,1815.0,1812.5,0.00011109592,0.0005554796,0
1815.0,1820.0,1817.5,9.81582e-05,0.000490791,0
1820.0,1825.0,1822.5,0.00012513718,0.0006256859,0
1825.0,1830.0,1827.5,0.0001219778,0.000609889,0
1830.0,1835.0,1832.5,9.990076e-05,0.0004995038,0
1835.0,1840.0,1837.5,0.0001026756,0.000513378,0
1840.0,1845.0,1842.5,0.00012012802,0.0006006401,0
1845.0,1850.0,1847.5,0.00012121748,0.0006060874,0
1850.0,1855.0,1852.5,0.00011484488,0.0005742244,0
1855.0,1860.0,1857.5,9.63304e-05,0.000481652,0
1860.0,1865.0,1862.5,0.00012960514,0.0006480257,0
1865.0,1870.0,1867.5,0.00010992644,0.0005496322,0
1870.0,1875.0,1872.5,9.987048e-05,0.0004993524,0
1875.0,1880.0,1877.5,0.00013033452,0.0006516726,0
1880.0,1885.0,1882.5,0.00011897222,0.0005948611,0
1885.0,1890.0,1887.5,0.0001157512,0.000578756,0
1890.0,1895.0,1892.5,0.00013128812,0.0006564406,0
1895.0,1900.0,1897.5,0.00011820664,0.0005910332,0
1900.0,1905.0,1902.5,0.00012683702,0.0006341851,0
1905.0,1910.0,1907.5,0.00011060288,0.0005530144,0
1910.0,1915.0,1912.5,0.0001123388,0.000561694,0
1915.0,1920.0,1917.5,0.0001416049,0.0007080245,0
1920.0,1925.0,1922.5,0.00011131668,0.0005565834,0
1925.0,1930.0,1927.5,0.00012844938,0.0006422469,0
1930.0,1935.0,1932.5,0.00010948388,0.0005474194,0
1935.0,1940.0,1937.5,0.00012756924,0.0006378462,0
1940.0,1945.0,1942.5,0.00010168294,0.0005084147,0
1945.0,1950.0,1947.5,0.00011889294,0.0005944647,0
1950.0,1955.0,1952.5,0.00010956718,0.0005478359,0
1955.0,1960.0,1957.5,0.00011449646,0.0005724823,0
1960.0,1965.0,1962.5,0.00013229352,0.0006614676,0
1965.0,1970.0,1967.5,0.00011307966,0.0005653983,0
1970.0,1975.0,1972.5,0.00011856458,0.0005928229,0
1975.0,1980.0,1977.5,0.00012333288,0.0006166644,0
1980.0,1985.0,1982.5,0.00011701972,0.0005850986,0
1985.0,1990.0,1987.5,0.00010837584,0.0005418792,0
1990.0,1995.0,1992.5,9.60505e-05,0.0004802525,0
1995.0,2000.0,1997.5,0.00012379658,0.0006189829,0
2000.0,2005.0,2002.5,0.00011498882,0.0005749441,0
2005.0,2010.0,2007.5,0.0001106529,0.0005532645,0
2010.0,2015.0,2012.5,0.00010365666,0.0005182833,0
2015.0,2020.0,2017.5,0.0001034648,0.000517324,0
2020.0,2025.0,2022.5,9.489718e-05,0.0004744859,0
2025.0,2030.0,2027.5,0.00011076994,0.0005538497,0
2030.0,2035.0,2032.5,0.00011111402,0.0005555701,0
2035.0,2040.0,2037.5,0.00011512462,0.0005756231,0
2040.0,2045.0,2042.5,0.00012196316,0.0006098158,0
2045.0,2050.0,2047.5,0.00010939354,0.0005469677,0
2050.0,2055.0,2052.5,0.00010455292,0.0005227646,0
2055.0,2060.0,2057.5,9.610834e-05,0.0004805417,0
2060.0,2065.0,2062.5,0.00010284498,0.0005142249,0
2065.0,2070.0,2067.5,0.00011319922,0.0005659961,0
2070.0,2075.0,2072.5,9.349932e-05,0.0004674966,0
2075.0,2080.0,2077.5,0.00011240398,0.0005620199,0
2080.0,2085.0,2082.5,0.00011683624,0.0005841812,0
2085.0,2090.0,2087.5,0.00011061194,0.0005530597,0
2090.0,2095.0,2092.5,9.369898e-05,0.0004684949,0
2095.0,2100.0,2097.5,0.00012344322,0.0006172161,0
2100.0,2105.0,2102.5,0.0001130073,0.0005650365,0
2105.0,2110.0,2107.5,0.00011627788,0.0005813894,0
2110.0,2115.0,2112.5,0.0001177521,0.0005887605,0
2115.0,2120.0,2117.5,0.00010469082,0.0005234541,0
2120.0,2125.0,2122.5,0.00010436424,0.0005218212,0
2125.0,2130.0,2127.5,8.071476e-05,0.0004035738,0
2130.0,2135.0,2132.5,0.00010279198,0.0005139599,0
2135.0,2140.0,2137.5,9.6867606e-05,0.00048433803,0
2140.0,2145.0,2142.5,9.991542e-05,0.0004995771,0
2145.0,2150.0,2147.5,0.00010000128,0.0005000064,0
2150.0,2155.0,2152.5,0.00010642532,0.0005321266,0
2155.0,2160.0,2157.5,9.534688e-05,0.0004767344,0
2160.0,2165.0,2162.5,0.00010376512,0.0005188256,0
2165.0,2170.0,2167.5,8.7358e-05,0.00043679,0
2170.0,2175.0,2172.5,9.993642e-05,0.0004996821,0
2175.0,2180.0,2177.5,8.840038e-05,0.0004420019,0
2180.0,2185.0,2182.5,9.79633e-05,0.0004898165,0
2185.0,2190.0,2187.5,0.0001036731,0.0005183655,0
2190.0,2195.0,2192.5,9.14799e-05,0.0004573995,0
2195.0,2200.0,2197.5,9.593336e-05,0.0004796668,0
2200.0,2205.0,2202.5,7.135366e-05,0.0003567683,0
2205.0,2210.0,2207.5,9.817662e-05,0.0004908831,0
2210.0,2215.0,2212.5,7.69946e-05,0.000384973,0
2215.0,2220.0,2217.5,0.00010090954,0.0005045477,0
2220.0,2225.0,2222.5,9.789282e-05,0.0004894641,0
2225.0,2230.0,2227.5,8.275856e-05,0.0004137928,0
2230.0,2235.0,2232.5,9.41019e-05,0.0004705095,0
2235.0,2240.0,2237.5,8.873334e-05,0.0004436667,0
2240.0,2245.0,2242.5,9.044078e-05,0.0004522039,0
2245.0,2250.0,2247.5,9.252564e-05,0.0004626282,0
2250.0,2255.0,2252.5,8.73857e-05,0.0004369285,0
2255.0,2260.0,2257.5,8.172976e-05,0.0004086488,0
2260.0,2265.0,2262.5,9.4739994e-05,0.00047369997,0
2265.0,2270.0,2267.5,8.941886e-05,0.0004470943,0
2270.0,2275.0,2272.5,9.461328e-05,0.0004730664,0
2275.0,2280.0,2277.5,9.808792e-05,0.0004904396,0
2280.0,2285.0,2282.5,8.457596e-05,0.0004228798,0
2285.0,2290.0,2287.5,7.993484e-05,0.0003996742,0
2290.0,2295.0,2292.5,9.705004e-05,0.0004852502,0
2295.0,2300.0,2297.5,0.00010539612,0.0005269806,0
2300.0,2305.0,2302.5,0.00010356032,0.0005178016,0
2305.0,2310.0,2307.5,8.902676e-05,0.0004451338,0
2310.0,2315.0,2312.5,8.764166e-05,0.0004382083,0
2315.0,2320.0,2317.5,8.724662e-05,0.0004362331,0
2320.0,2325.0,2322.5,9.353326e-05,0.0004676663,0
2325.0,2330.0,2327.5,9.350104e-05,0.0004675052,0
2330.0,2335.0,2332.5,0.00010096752,0.0005048376,0
2335.0,2340.0,2337.5,0.00010200884,0.0005100442,0
2340.0,2345.0,2342.5,9.326996e-05,0.0004663498,0
2345.0,2350.0,2347.5,8.381292e-05,0.0004190646,0
2350.0,2355.0,2352.5,0.00010837064,0.0005418532,0
2355.0,2360.0,2357.5,6.951948e-05,0.0003475974,0
2360.0,2365.0,2362.5,0.00010452526,0.0005226263,0
2365.0,2370.0,2367.5,8.473042e-05,0.0004236521,0
2370.0,2375.0,2372.5,9.524764e-05,0.0004762382,0
2375.0,2380.0,2377.5,8.192532e-05,0.0004096266,0
2380.0,2385.0,2382.5,9.213234e-05,0.0004606617,0
2385.0,2390.0,2387.5,8.160254e-05,0.0004080127,0
2390.0,2395.0,2392.5,9.505978e-05,0.0004752989,0
2395.0,2400.0,2397.5,9.133528e-05,0.0004566764,0
2400.0,2405.0,2402.5,7.802466e-05,0.0003901233,0
2405.0,2410.0,2407.5,0.00010080666,0.0005040333,0
2410.0,2415.0,2412.5,8.67131e-05,0.0004335655,0
2415.0,2420.0,2417.5,7.322118e-05,0.0003661059,0
2420.0,2425.0,2422.5,0.0001019982,0.000509991,0
2425.0,2430.0,2427.5,8.270774e-05,0.0004135387,0
2430.0,2435.0,2432.5,0.00010204256,0.0005102128,0
2435.0,2440.0,2437.5,8.774668e-05,0.0004387334,0
2440.0,2445.0,2442.5,7.622498e-05,0.0003811249,0
2445.0,2450.0,2447.5,9.329852e-05,0.0004664926,0
2450.0,2455.0,2452.5,8.682504e-05,0.0004341252,0
2455.0,2460.0,2457.5,9.049742e-05,0.0004524871,0
2460.0,2465.0,2462.5,8.64987e-05,0.0004324935,0
2465.0,2470.0,2467.5,9.809788e-05,0.0004904894,0
2470.0,2475.0,2472.5,9.023428e-05,0.0004511714,0
2475.0,2480.0,2477.5,8.933858e-05,0.0004466929,0
2480.0,2485.0,2482.5,7.810364e-05,0.0003905182,0
2485.0,2490.0,2487.5,0.00010529628,0.0005264814,0
2490.0,2495.0,2492.5,7.310352e-05,0.0003655176,0
2495.0,2500.0,2497.5,7.822408e-05,0.0003911204,0
2500.0,2505.0,2502.5,7.522898e-05,0.0003761449,0
2505.0,2510.0,2507.5,9.044026e-05,0.0004522013,0
2510.0,2515.0,2512.5,9.609294e-05,0.0004804647,0
2515.0,2520.0,2517.5,8.8463e-05,0.000442315,0
2520.0,2525.0,2522.5,7.065616e-05,0.0003532808,0
2525.0,2530.0,2527.5,9.320642e-05,0.0004660321,0
2530.0,2535.0,2532.5,8.3717856e-05,0.00041858928,0
2535.0,2540.0,2537.5,8.362704e-05,0.0004181352,0
2540.0,2545.0,2542.5,8.393506e-05,0.0004196753,0
2545.0,2550.0,2547.5,8.593904e-05,0.0004296952,0
2550.0,2555.0,2552.5,8.56169e-05,0.0004280845,0
2555.0,2560.0,2557.5,8.0710748e-05,0.00040355374,0
2560.0,2565.0,2562.5,7.676656e-05,0.0003838328,0
2565.0,2570.0,2567.5,8.567678e-05,0.0004283839,0
2570.0,2575.0,2572.5,8.173556e-05,0.0004086778,0
2575.0,2580.0,2577.5,9.975308e-05,0.0004987654,0
2580.0,2585.0,2582.5,8.0898e-05,0.00040449,0
2585.0,2590.0,2587.5,7.495862e-05,0.0003747931,0
2590.0,2595.0,2592.5,7.3069778e-05,0.00036534889,0
2595.0,2600.0,2597.5,7.975958e-05,0.0003987979,0
2600.0,2605.0,2602.5,7.2741618e-05,0.00036370809,0
2605.0,2610.0,2607.5,9.594834e-05,0.0004797417,0
2610.0,2615.0,2612.5,8.752466e-05,0.0004376233,0
2615.0,2620.0,2617.5,7.032052e-05,0.0003516026,0
2620.0,2625.0,2622.5,6.1887658e-05,0.00030943829,0
2625.0,2630.0,2627.5,7.3194548e-05,0.00036597274,0
2630.0,2635.0,2632.5,6.359358e-05,0.0003179679,0
2635.0,2640.0,2637.5,7.82111e-05,0.0003910555,0
2640.0,2645.0,2642.5,7.42785e-05,0.0003713925,0
2645.0,2650.0,2647.5,9.196066e-05,0.0004598033,0
2650.0,2655.0,2652.5,7.907326e-05,0.0003953663,0
2655.0,2660.0,2657.5,7.305572e-05,0.0003652786,0
2660.0,2665.0,2662.5,7.615692e-05,0.0003807846,0
2665.0,2670.0,2667.5,9.298904e-05,0.0004649452,0
2670.0,2675.0,2672.5,7.798208e-05,0.0003899104,0
2675.0,2680.0,2677.5,7.704188e-05,0.0003852094,0
2680.0,2685.0,2682.5,8.771516e-05,0.0004385758,0
2685.0,2690.0,2687.5,8.830342e-05,0.0004415171,0
2690.0,2695.0,2692.5,8.162442e-05,0.0004081221,0
2695.0,2700.0,2697.5,8.461746e-05,0.0004230873,0
2700.0,2705.0,2702.5,8.37662e-05,0.000418831,0
2705.0,2710.0,2707.5,7.89738e-05,0.000394869,0
2710.0,2715.0,2712.5,8.167296e-05,0.0004083648,0
2715.0,2720.0,2717.5,8.1051536e-05,0.00040525768,0
2720.0,2725.0,2722.5,7.508868e-05,0.0003754434,0
2725.0,2730.0,2727.5,7.238076e-05,0.0003619038,0
2730.0,2735.0,2732.5,7.872006e-05,0.0003936003,0
2735.0,2740.0,2737.5,6.463964e-05,0.0003231982,0
2740.0,2745.0,2742.5,7.53029e-05,0.0003765145,0
2745.0,2750.0,2747.5,6.473802e-05,0.0003236901,0
2750.0,2755.0,2752.5,7.615e-05,0.00038075,0
2755.0,2760.0,2757.5,6.555078e-05,0.0003277539,0
2760.0,2765.0,2762.5,7.726316e-05,0.0003863158,0
2765.0,2770.0,2767.5,8.476796e-05,0.0004238398,0
2770.0,2775.0,2772.5,7.131864e-05,0.0003565932,0
2775.0,2780.0,2777.5,7.16729e-05,0.0003583645,0
2780.0,2785.0,2782.5,9.216964e-05,0.0004608482,0
2785.0,2790.0,2787.5,9.044722e-05,0.0004522361,0
2790.0,2795.0,2792.5,7.9716728e-05,0.00039858364,0
2795.0,2800.0,2797.5,7.920494e-05,0.0003960247,0
2800.0,2805.0,2802.5,8.07868e-05,0.000403934,0
2805.0,2810.0,2807.5,7.119164e-05,0.0003559582,0
2810.0,2815.0,2812.5,7.3179e-05,0.000365895,0
2815.0,2820.0,2817.5,8.767812e-05,0.0004383906,0
2820.0,2825.0,2822.5,7.2964454e-05,0.00036482227,0
2825.0,2830.0,2827.5,7.712268e-05,0.0003856134,0
2830.0,2835.0,2832.5,8.842906e-05,0.0004421453,0
2835.0,2840.0,2837.5,7.592128e-05,0.0003796064,0
2840.0,2845.0,2842.5,7.423878e-05,0.0003711939,0
2845.0,2850.0,2847.5,6.265154e-05,0.0003132577,0
2850.0,2855.0,2852.5,6.363272e-05,0.0003181636,0
2855.0,2860.0,2857.5,7.417502e-05,0.0003708751,0
2860.0,2865.0,2862.5,8.666462e-05,0.0004333231,0
2865.0,2870.0,2867.5,7.305156e-05,0.0003652578,0
2870.0,2875.0,2872.5,8.100404e-05,0.0004050202,0
2875.0,2880.0,2877.5,6.6885818e-05,0.00033442909,0
2880.0,2885.0,2882.5,7.231256e-05,0.0003615628,0
2885.0,2890.0,2887.5,8.185328e-05,0.0004092664,0
2890.0,2895.0,2892.5,7.056778e-05,0.0003528389,0
2895.0,2900.0,2897.5,7.7206748e-05,0.00038603374,0
2900.0,2905.0,2902.5,6.8595952e-05,0.00034297976,0
2905.0,2910.0,2907.5,7.027042e-05,0.0003513521,0
2910.0,2915.0,2912.5,6.670384e-05,0.0003335192,0
2915.0,2920.0,2917.5,7.516556e-05,0.0003758278,0
2920.0,2925.0,2922.5,6.380224e-05,0.0003190112,0
2925.0,2930.0,2927.5,8.668194e-05,0.0004334097,0
2930.0,2935.0,2932.5,7.210638e-05,0.0003605319,0
2935.0,2940.0,2937.5,6.665476e-05,0.0003332738,0
2940.0,2945.0,2942.5,7.712404e-05,0.0003856202,0
2945.0,2950.0,2947.5,7.127228e-05,0.0003563614,0
2950.0,2955.0,2952.5,7.322464e-05,0.0003661232,0
2955.0,2960.0,2957.5,7.80684e-05,0.000390342,0
2960.0,2965.0,2962.5,6.76628e-05,0.000338314,0
2965.0,2970.0,2967.5,8.18299e-05,0.0004091495,0
2970.0,2975.0,2972.5,7.59764e-05,0.000379882,0
2975.0,2980.0,2977.5,6.870508e-05,0.0003435254,0
2980.0,2985.0,2982.5,6.456052e-05,0.0003228026,0
2985.0,2990.0,2987.5,7.403312e-05,0.0003701656,0
2990.0,2995.0,2992.5,6.741382e-05,0.0003370691,0
2995.0,3000.0,2997.5,6.4581234e-05,0.00032290617,0
3000.0,3005.0,3002.5,6.653018e-05,0.0003326509,0
3005.0,3010.0,3007.5,6.346624e-05,0.0003173312,0
3010.0,3015.0,3012.5,6.567378e-05,0.0003283689,0
3015.0,3020.0,3017.5,7.611164e-05,0.0003805582,0
3020.0,3025.0,3022.5,5.8091552e-05,0.00029045776,0
3025.0,3030.0,3027.5,7.322758e-05,0.0003661379,0
3030.0,3035.0,3032.5,6.870124e-05,0.0003435062,0
3035.0,3040.0,3037.5,7.211738e-05,0.0003605869,0
3040.0,3045.0,3042.5,7.146894e-05,0.0003573447,0
3045.0,3050.0,3047.5,6.744366e-05,0.0003372183,0
3050.0,3055.0,3052.5,6.375994e-05,0.0003187997,0
3055.0,3060.0,3057.5,8.470386e-05,0.0004235193,0
3060.0,3065.0,3062.5,5.412326e-05,0.0002706163,0
3065.0,3070.0,3067.5,5.2240118e-05,0.00026120059,0
3070.0,3075.0,3072.5,7.609714e-05,0.0003804857,0
3075.0,3080.0,3077.5,6.2588526e-05,0.00031294263,0
3080.0,3085.0,3082.5,5.8076976e-05,0.00029038488,0
3085.0,3090.0,3087.5,6.938368e-05,0.0003469184,0
3090.0,3095.0,3092.5,5.7823474e-05,0.00028911737,0
3095.0,3100.0,3097.5,7.906736e-05,0.0003953368,0
3100.0,3105.0,3102.5,5.993648e-05,0.0002996824,0
3105.0,3110.0,3107.5,7.334152e-05,0.0003667076,0
3110.0,3115.0,3112.5,6.271298e-05,0.0003135649,0
3115.0,3120.0,3117.5,7.019552e-05,0.0003509776,0
3120.0,3125.0,3122.5,7.323014e-05,0.0003661507,0
3125.0,3130.0,3127.5,7.217022e-05,0.0003608511,0
3130.0,3135.0,3132.5,7.97918e-05,0.000398959,0
3135.0,3140.0,3137.5,7.699208e-05,0.0003849604,0
3140.0,3145.0,3142.5,7.34313e-05,0.0003671565,0
3145.0,3150.0,3147.5,7.404636e-05,0.0003702318,0
3150.0,3155.0,3152.5,6.6419634e-05,0.00033209817,0
3155.0,3160.0,3157.5,7.770012e-05,0.0003885006,0
3160.0,3165.0,3162.5,6.755912e-05,0.0003377956,0
3165.0,3170.0,3167.5,8.18813e-05,0.0004094065,0
3170.0,3175.0,3172.5,6.0806868e-05,0.00030403434,0
3175.0,3180.0,3177.5,8.386834e-05,0.0004193417,0
3180.0,3185.0,3182.5,7.2490048e-05,0.00036245024,0
3185.0,3190.0,3187.5,7.0523574e-05,0.00035261787,0
3190.0,3195.0,3192.5,6.266766e-05,0.0003133383,0
3195.0,3200.0,3197.5,6.930576e-05,0.0003465288,0
3200.0,3205.0,3202.5,5.9987374e-05,0.00029993687,0
3205.0,3210.0,3207.5,6.1856572e-05,0.00030928286,0
3210.0,3215.0,3212.5,5.508164e-05,0.0002754082,0
3215.0,3220.0,3217.5,7.470948e-05,0.0003735474,0
3220.0,3225.0,3222.5,5.4917808e-05,0.00027458904,0
3225.0,3230.0,3227.5,6.3735508e-05,0.00031867754,0
3230.0,3235.0,3232.5,7.138238e-05,0.0003569119,0
3235.0,3240.0,3237.5,6.940154e-05,0.0003470077,0
3240.0,3245.0,3242.5,5.1362498e-05,0.00025681249,0
3245.0,3250.0,3247.5,7.2057516e-05,0.00036028758,0
3250.0,3255.0,3252.5,7.156718e-05,0.0003578359,0
3255.0,3260.0,3257.5,5.9897154e-05,0.00029948577,0
3260.0,3265.0,3262.5,7.692846e-05,0.0003846423,0
3265.0,3270.0,3267.5,7.395358e-05,0.0003697679,0
3270.0,3275.0,3272.5,7.4116714e-05,0.00037058357,0
3275.0,3280.0,3277.5,5.429434e-05,0.0002714717,0
3280.0,3285.0,3282.5,6.548256e-05,0.0003274128,0
3285.0,3290.0,3287.5,6.461874e-05,0.0003230937,0
3290.0,3295.0,3292.5,5.980948e-05,0.0002990474,0
3295.0,3300.0,3297.5,6.3922196e-05,0.00031961098,0
3300.0,3305.0,3302.5,7.699864e-05,0.0003849932,0
3305.0,3310.0,3307.5,7.03791e-05,0.0003518955,0
3310.0,3315.0,3312.5,6.1686378e-05,0.00030843189,0
3315.0,3320.0,3317.5,5.99788e-05,0.000299894,0
3320.0,3325.0,3322.5,6.330541e-05,0.00031652705,0
3325.0,3330.0,3327.5,5.7248766e-05,0.00028624383,0
3330.0,3335.0,3332.5,6.719468e-05,0.0003359734,0
3335.0,3340.0,3337.5,6.4826e-05,0.00032413,0
3340.0,3345.0,3342.5,6.2779214e-05,0.00031389607,0
3345.0,3350.0,3347.5,7.628378e-05,0.0003814189,0
3350.0,3355.0,3352.5,7.32542e-05,0.000366271,0
3355.0,3360.0,3357.5,7.311804e-05,0.0003655902,0
3360.0,3365.0,3362.5,5.621246e-05,0.0002810623,0
3365.0,3370.0,3367.5,4.3979764e-05,0.00021989882,0
3370.0,3375.0,3372.5,8.042046e-05,0.0004021023,0
3375.0,3380.0,3377.5,4.7748012e-05,0.00023874006,0
3380.0,3385.0,3382.5,7.113914e-05,0.0003556957,0
3385.0,3390.0,3387.5,5.9044114e-05,0.00029522057,0
3390.0,3395.0,3392.5,5.1230948e-05,0.00025615474,0
3395.0,3400.0,3397.5,6.652128e-05,0.0003326064,0
3400.0,3405.0,3402.5,7.246016e-05,0.0003623008,0
3405.0,3410.0,3407.5,7.420046e-05,0.0003710023,0
3410.0,3415.0,3412.5,6.580592e-05,0.0003290296,0
3415.0,3420.0,3417.5,5.4972374e-05,0.00027486187,0
3420.0,3425.0,3422.5,8.0951288e-05,0.00040475644,0
3425.0,3430.0,3427.5,6.273622e-05,0.0003136811,0
3430.0,3435.0,3432.5,5.1182172e-05,0.00025591086,0
3435.0,3440.0,3437.5,6.659806e-05,0.0003329903,0
3440.0,3445.0,3442.5,7.21528e-05,0.000360764,0
3445.0,3450.0,3447.5,5.2107088e-05,0.00026053544,0
3450.0,3455.0,3452.5,5.6119126e-05,0.00028059563,0
3455.0,3460.0,3457.5,5.4943452e-05,0.00027471726,0
3460.0,3465.0,3462.5,6.29679e-05,0.0003148395,0
3465.0,3470.0,3467.5,6.172636e-05,0.0003086318,0
3470.0,3475.0,3472.5,7.034674e-05,0.0003517337,0
3475.0,3480.0,3477.5,6.747932e-05,0.0003373966,0
3480.0,3485.0,3482.5,6.863562e-05,0.0003431781,0
3485.0,3490.0,3487.5,5.427314e-05,0.0002713657,0
3490.0,3495.0,3492.5,7.324236e-05,0.0003662118,0
3495.0,3500.0,3497.5,6.870394e-05,0.0003435197,0
3500.0,3505.0,3502.5,6.753618e-05,0.0003376809,0
3505.0,3510.0,3507.5,6.551316e-05,0.0003275658,0
3510.0,3515.0,3512.5,7.706606e-05,0.0003853303,0
3515.0,3520.0,3517.5,6.93057e-05,0.0003465285,0
3520.0,3525.0,3522.5,6.7454354e-05,0.00033727177,0
3525.0,3530.0,3527.5,6.6759e-05,0.000333795,0
3530.0,3535.0,3532.5,6.106314e-05,0.0003053157,0
3535.0,3540.0,3537.5,7.523672e-05,0.0003761836,0
3540.0,3545.0,3542.5,6.2865378e-05,0.00031432689,0
3545.0,3550.0,3547.5,7.412634e-05,0.0003706317,0
3550.0,3555.0,3552.5,6.745156e-05,0.0003372578,0
3555.0,3560.0,3557.5,6.483864e-05,0.0003241932,0
3560.0,3565.0,3562.5,5.7332412e-05,0.00028666206,0
3565.0,3570.0,3567.5,6.3581374e-05,0.00031790687,0
3570.0,3575.0,3572.5,6.1584078e-05,0.00030792039,0
3575.0,3580.0,3577.5,6.170844e-05,0.0003085422,0
3580.0,3585.0,3582.5,6.273676e-05,0.0003136838,0
3585.0,3590.0,3587.5,7.413128e-05,0.0003706564,0
3590.0,3595.0,3592.5,5.40194e-05,0.000270097,0
3595.0,3600.0,3597.5,5.991016e-05,0.0002995508,0
3600.0,3605.0,3602.5,6.1810414e-05,0.00030905207,0
3605.0,3610.0,3607.5,6.282022e-05,0.0003141011,0
3610.0,3615.0,3612.5,5.815012e-05,0.0002907506,0
3615.0,3620.0,3617.5,4.962942e-05,0.0002481471,0
3620.0,3625.0,3622.5,7.75555e-05,0.0003877775,0
3625.0,3630.0,3627.5,7.526078e-05,0.0003763039,0
3630.0,3635.0,3632.5,6.774078e-05,0.0003387039,0
3635.0,3640.0,3637.5,6.765218e-05,0.0003382609,0
3640.0,3645.0,3642.5,5.79296e-05,0.000289648,0
3645.0,3650.0,3647.5,6.196508e-05,0.0003098254,0
3650.0,3655.0,3652.5,7.967672e-05,0.0003983836,0
3655.0,3660.0,3657.5,7.43799e-05,0.0003718995,0
3660.0,3665.0,3662.5,6.0957362e-05,0.00030478681,0
3665.0,3670.0,3667.5,6.35293e-05,0.0003176465,0
3670.0,3675.0,3672.5,6.376602e-05,0.0003188301,0
3675.0,3680.0,3677.5,7.114094e-05,0.0003557047,0
3680.0,3685.0,3682.5,7.703372e-05,0.0003851686,0
3685.0,3690.0,3687.5,5.5965058e-05,0.00027982529,0
3690.0,3695.0,3692.5,6.27057e-05,0.0003135285,0
3695.0,3700.0,3697.5,5.988422e-05,0.0002994211,0
3700.0,3705.0,3702.5,5.3250538e-05,0.00026625269,0
3705.0,3710.0,3707.5,7.968266e-05,0.0003984133,0
3710.0,3715.0,3712.5,7.589984e-05,0.0003794992,0
3715.0,3720.0,3717.5,7.331456e-05,0.0003665728,0
3720.0,3725.0,3722.5,6.485982e-05,0.0003242991,0
3725.0,3730.0,3727.5,6.464584e-05,0.0003232292,0
3730.0,3735.0,3732.5,4.6492726e-05,0.00023246363,0
3735.0,3740.0,3737.5,4.7737092e-05,0.00023868546,0
3740.0,3745.0,3742.5,7.216446e-05,0.0003608223,0
3745.0,3750.0,3747.5,6.45888e-05,0.000322944,0
3750.0,3755.0,3752.5,5.423486e-05,0.0002711743,0
3755.0,3760.0,3757.5,4.7534408e-05,0.00023767204,0
3760.0,3765.0,3762.5,6.745908e-05,0.0003372954,0
3765.0,3770.0,3767.5,6.458916e-05,0.0003229458,0
3770.0,3775.0,3772.5,6.72505e-05,0.0003362525,0
3775.0,3780.0,3777.5,4.7587128e-05,0.00023793564,0
3780.0,3785.0,3782.5,6.009142e-05,0.0003004571,0
3785.0,3790.0,3787.5,7.2639192e-05,0.00036319596,0
3790.0,3795.0,3792.5,6.004892e-05,0.0003002446,0
3795.0,3800.0,3797.5,5.4237698e-05,0.00027118849,0
3800.0,3805.0,3802.5,5.535174e-05,0.0002767587,0
3805.0,3810.0,3807.5,5.899184e-05,0.0002949592,0
3810.0,3815.0,3812.5,5.1231318e-05,0.00025615659,0
3815.0,3820.0,3817.5,6.555008e-05,0.0003277504,0
3820.0,3825.0,3822.5,7.796526e-05,0.0003898263,0
3825.0,3830.0,3827.5,6.3804998e-05,0.00031902499,0
3830.0,3835.0,3832.5,7.479186e-05,0.0003739593,0
3835.0,3840.0,3837.5,6.020216e-05,0.0003010108,0
3840.0,3845.0,3842.5,6.0784732e-05,0.00030392366,0
3845.0,3850.0,3847.5,5.8022494e-05,0.00029011247,0
3850.0,3855.0,3852.5,4.097472e-05,0.0002048736,0
3855.0,3860.0,3857.5,7.0507988e-05,0.00035253994,0
3860.0,3865.0,3862.5,5.2264966e-05,0.00026132483,0
3865.0,3870.0,3867.5,6.363134e-05,0.0003181567,0
3870.0,3875.0,3872.5,7.23415e-05,0.0003617075,0
3875.0,3880.0,3877.5,5.4440826e-05,0.00027220413,0
3880.0,3885.0,3882.5,5.630606e-05,0.0002815303,0
3885.0,3890.0,3887.5,6.6790754e-05,0.00033395377,0
3890.0,3895.0,3892.5,5.2361506e-05,0.00026180753,0
3895.0,3900.0,3897.5,5.320652e-05,0.0002660326,0
3900.0,3905.0,3902.5,4.4688596e-05,0.00022344298,0
3905.0,3910.0,3907.5,5.99889e-05,0.0002999445,0
3910.0,3915.0,3912.5,6.469642e-05,0.0003234821,0
3915.0,3920.0,3917.5,7.230556e-05,0.0003615278,0
3920.0,3925.0,3922.5,6.097024e-05,0.0003048512,0
3925.0,3930.0,3927.5,6.751394e-05,0.0003375697,0
3930.0,3935.0,3932.5,5.3347712e-05,0.00026673856,0
3935.0,3940.0,3937.5,6.553858e-05,0.0003276929,0
3940.0,3945.0,3942.5,5.599814e-05,0.0002799907,0
3945.0,3950.0,3947.5,6.387454e-05,0.0003193727,0
3950.0,3955.0,3952.5,4.865676e-05,0.0002432838,0
3955.0,3960.0,3957.5,5.709216e-05,0.0002854608,0
3960.0,3965.0,3962.5,5.97723e-05,0.0002988615,0
3965.0,3970.0,3967.5,4.9404914e-05,0.00024702457,0
3970.0,3975.0,3972.5,5.83166e-05,0.000291583,0
3975.0,3980.0,3977.5,5.62526e-05,0.000281263,0
3980.0,3985.0,3982.5,5.432466e-05,0.0002716233,0
3985.0,3990.0,3987.5,5.2394186e-05,0.00026197093,0
3990.0,3995.0,3992.5,4.765694e-05,0.0002382847,0
3995.0,4000.0,3997.5,6.7255754e-05,0.00033627877,0
4000.0,4005.0,4002.5,7.04396e-05,0.000352198,0
4005.0,4010.0,4007.5,5.0382066e-05,0.00025191033,0
4010.0,4015.0,4012.5,4.8404474e-05,0.00024202237,0
4015.0,4020.0,4017.5,6.4512328e-05,0.00032256164,0
4020.0,4025.0,4022.5,6.195672e-05,0.0003097836,0
4025.0,4030.0,4027.5,5.89582e-05,0.000294791,0
4030.0,4035.0,4032.5,5.614166e-05,0.0002807083,0
4035.0,4040.0,4037.5,6.2620058e-05,0.00031310029,0
4040.0,4045.0,4042.5,5.1234556e-05,0.00025617278,0
4045.0,4050.0,4047.5,4.877758e-05,0.0002438879,0
4050.0,4055.0,4052.5,5.994384e-05,0.0002997192,0
4055.0,4060.0,4057.5,4.5557214e-05,0.00022778607,0
4060.0,4065.0,4062.5,4.1054132e-05,0.00020527066,0
4065.0,4070.0,4067.5,5.224592e-05,0.0002612296,0
4070.0,4075.0,4072.5,5.906208e-05,0.0002953104,0
4075.0,4080.0,4077.5,5.539648e-05,0.0002769824,0
4080.0,4085.0,4082.5,6.854002e-05,0.0003427001,0
4085.0,4090.0,4087.5,5.041811e-05,0.00025209055,0
4090.0,4095.0,4092.5,6.008992e-05,0.0003004496,0
4095.0,4100.0,4097.5,6.459346e-05,0.0003229673,0
4100.0,4105.0,4102.5,5.523558e-05,0.0002761779,0
4105.0,4110.0,4107.5,6.1578518e-05,0.00030789259,0
4110.0,4115.0,4112.5,5.426102e-05,0.0002713051,0
4115.0,4120.0,4117.5,5.45091e-05,0.0002725455,0
4120.0,4125.0,4122.5,5.8993448e-05,0.00029496724,0
4125.0,4130.0,4127.5,5.037619e-05,0.00025188095,0
4130.0,4135.0,4132.5,5.233902e-05,0.0002616951,0
4135.0,4140.0,4137.5,4.831692e-05,0.0002415846,0
4140.0,4145.0,4142.5,6.190112e-05,0.0003095056,0
4145.0,4150.0,4147.5,4.6609994e-05,0.00023304997,0
4150.0,4155.0,4152.5,5.60051e-05,0.0002800255,0
4155.0,4160.0,4157.5,5.0209236e-05,0.00025104618,0
4160.0,4165.0,4162.5,6.2576054e-05,0.00031288027,0
4165.0,4170.0,4167.5,5.969928e-05,0.0002984964,0
4170.0,4175.0,4172.5,5.3285e-05,0.000266425,0
4175.0,4180.0,4177.5,5.48916e-05,0.000274458,0
4180.0,4185.0,4182.5,5.4316054e-05,0.00027158027,0
4185.0,4190.0,4187.5,5.1332602e-05,0.00025666301,0
4190.0,4195.0,4192.5,5.9825534e-05,0.00029912767,0
4195.0,4200.0,4197.5,5.613908e-05,0.0002806954,0
4200.0,4205.0,4202.5,3.7058044e-05,0.00018529022,0
4205.0,4210.0,4207.5,5.332502e-05,0.0002666251,0
4210.0,4215.0,4212.5,6.747194e-05,0.0003373597,0
4215.0,4220.0,4217.5,5.5261088e-05,0.00027630544,0
4220.0,4225.0,4222.5,5.508906e-05,0.0002754453,0
4225.0,4230.0,4227.5,5.802306e-05,0.0002901153,0
4230.0,4235.0,4232.5,5.906174e-05,0.0002953087,0
4235.0,4240.0,4237.5,5.327908e-05,0.0002663954,0
4240.0,4245.0,4242.5,5.2608046e-05,0.00026304023,0
4245.0,4250.0,4247.5,6.1500176e-05,0.00030750088,0
4250.0,4255.0,4252.5,4.9753744e-05,0.00024876872,0
4255.0,4260.0,4257.5,5.526932e-05,0.0002763466,0
4260.0,4265.0,4262.5,5.618698e-05,0.0002809349,0
4265.0,4270.0,4267.5,5.7825e-05,0.000289125,0
4270.0,4275.0,4272.5,5.8122508e-05,0.00029061254,0
4275.0,4280.0,4277.5,6.780738e-05,0.0003390369,0
4280.0,4285.0,4282.5,6.5560366e-05,0.00032780183,0
4285.0,4290.0,4287.5,6.561034e-05,0.0003280517,0
4290.0,4295.0,4292.5,6.372046e-05,0.0003186023,0
4295.0,4300.0,4297.5,6.195854e-05,0.0003097927,0
4300.0,4305.0,4302.5,5.8897e-05,0.000294485,0
4305.0,4310.0,4307.5,5.9829914e-05,0.00029914957,0
4310.0,4315.0,4312.5,5.529726e-05,0.0002764863,0
4315.0,4320.0,4317.5,4.9238842e-05,0.00024619421,0
4320.0,4325.0,4322.5,4.0865378e-05,0.00020432689,0
4325.0,4330.0,4327.5,4.6679192e-05,0.00023339596,0
4330.0,4335.0,4332.5,4.850054e-05,0.0002425027,0
4335.0,4340.0,4337.5,6.3918344e-05,0.00031959172,0
4340.0,4345.0,4342.5,5.83223e-05,0.0002916115,0
4345.0,4350.0,4347.5,5.989794e-05,0.0002994897,0
4350.0,4355.0,4352.5,5.923262e-05,0.0002961631,0
4355.0,4360.0,4357.5,5.2441132e-05,0.00026220566,0
4360.0,4365.0,4362.5,6.161956e-05,0.0003080978,0
4365.0,4370.0,4367.5,6.0092212e-05,0.00030046106,0
4370.0,4375.0,4372.5,4.8560008e-05,0.00024280004,0
4375.0,4380.0,4377.5,5.5176654e-05,0.00027588327,0
4380.0,4385.0,4382.5,5.9761874e-05,0.00029880937,0
4385.0,4390.0,4387.5,4.748285e-05,0.00023741425,0
4390.0,4395.0,4392.5,6.001346e-05,0.0003000673,0
4395.0,4400.0,4397.5,5.0299414e-05,0.00025149707,0
4400.0,4405.0,4402.5,5.036438e-05,0.0002518219,0
4405.0,4410.0,4407.5,5.70752e-05,0.000285376,0
4410.0,4415.0,4412.5,5.621902e-05,0.0002810951,0
4415.0,4420.0,4417.5,5.3999388e-05,0.00026999694,0
4420.0,4425.0,4422.5,5.0445672e-05,0.00025222836,0
4425.0,4430.0,4427.5,5.234558e-05,0.0002617279,0
4430.0,4435.0,4432.5,5.894312e-05,0.0002947156,0
4435.0,4440.0,4437.5,5.1449432e-05,0.00025724716,0
4440.0,4445.0,4442.5,6.454574e-05,0.0003227287,0
4445.0,4450.0,4447.5,6.468302e-05,0.0003234151,0
4450.0,4455.0,4452.5,5.817594e-05,0.0002908797,0
4455.0,4460.0,4457.5,5.504858e-05,0.0002752429,0
4460.0,4465.0,4462.5,5.7028058e-05,0.00028514029,0
4465.0,4470.0,4467.5,5.601454e-05,0.0002800727,0
4470.0,4475.0,4472.5,4.9560052e-05,0.00024780026,0
4475.0,4480.0,4477.5,6.958038e-05,0.0003479019,0
4480.0,4485.0,4482.5,4.6868658e-05,0.00023434329,0
4485.0,4490.0,4487.5,5.0346654e-05,0.00025173327,0
4490.0,4495.0,4492.5,5.24729e-05,0.0002623645,0
4495.0,4500.0,4497.5,5.3233828e-05,0.00026616914,0
4500.0,4505.0,4502.5,5.435374e-05,0.0002717687,0
4505.0,4510.0,4507.5,6.0761174e-05,0.00030380587,0
4510.0,4515.0,4512.5,5.6002432e-05,0.00028001216,0
4515.0,4520.0,4517.5,4.5695234e-05,0.00022847617,0
4520.0,4525.0,4522.5,5.7865654e-05,0.00028932827,0
4525.0,4530.0,4527.5,4.7491556e-05,0.00023745778,0
4530.0,4535.0,4532.5,5.4114234e-05,0.00027057117,0
4535.0,4540.0,4537.5,4.4752006e-05,0.00022376003,0
4540.0,4545.0,4542.5,5.504566e-05,0.0002752283,0
4545.0,4550.0,4547.5,5.047874e-05,0.0002523937,0
4550.0,4555.0,4552.5,6.172632e-05,0.0003086316,0
4555.0,4560.0,4557.5,6.102378e-05,0.0003051189,0
4560.0,4565.0,4562.5,6.274072e-05,0.0003137036,0
4565.0,4570.0,4567.5,6.080206e-05,0.0003040103,0
4570.0,4575.0,4572.5,5.796188e-05,0.0002898094,0
4575.0,4580.0,4577.5,5.60584e-05,0.000280292,0
4580.0,4585.0,4582.5,5.708134e-05,0.0002854067,0
4585.0,4590.0,4587.5,6.772982e-05,0.0003386491,0
4590.0,4595.0,4592.5,5.890214e-05,0.0002945107,0
4595.0,4600.0,4597.5,6.2769812e-05,0.00031384906,0
4600.0,4605.0,4602.5,7.986522e-05,0.0003993261,0
4605.0,4610.0,4607.5,5.7082066e-05,0.00028541033,0
4610.0,4615.0,4612.5,5.8121254e-05,0.00029060627,0
4615.0,4620.0,4617.5,5.3109016e-05,0.00026554508,0
4620.0,4625.0,4622.5,4.8454778e-05,0.00024227389,0
4625.0,4630.0,4627.5,6.197548e-05,0.0003098774,0
4630.0,4635.0,4632.5,5.7054358e-05,0.00028527179,0
4635.0,4640.0,4637.5,6.46774e-05,0.000323387,0
4640.0,4645.0,4642.5,6.072018e-05,0.0003036009,0
4645.0,4650.0,4647.5,6.645864e-05,0.0003322932,0
4650.0,4655.0,4652.5,4.8254612e-05,0.00024127306,0
4655.0,4660.0,4657.5,5.5110178e-05,0.00027555089,0
4660.0,4665.0,4662.5,5.0241236e-05,0.00025120618,0
4665.0,4670.0,4667.5,5.9079734e-05,0.00029539867,0
4670.0,4675.0,4672.5,5.709372e-05,0.0002854686,0
4675.0,4680.0,4677.5,5.0360598e-05,0.00025180299,0
4680.0,4685.0,4682.5,5.99424e-05,0.000299712,0
4685.0,4690.0,4687.5,4.6508296e-05,0.00023254148,0
4690.0,4695.0,4692.5,5.308324e-05,0.0002654162,0
4695.0,4700.0,4697.5,5.97508e-05,0.000298754,0
4700.0,4705.0,4702.5,6.274066e-05,0.0003137033,0
4705.0,4710.0,4707.5,5.4139e-05,0.000270695,0
4710.0,4715.0,4712.5,4.1904312e-05,0.00020952156,0
4715.0,4720.0,4717.5,5.988042e-05,0.0002994021,0
4720.0,4725.0,4722.5,5.4035354e-05,0.00027017677,0
4725.0,4730.0,4727.5,6.0073292e-05,0.00030036646,0
4730.0,4735.0,4732.5,5.5340178e-05,0.00027670089,0
4735.0,4740.0,4737.5,5.991966e-05,0.0002995983,0
4740.0,4745.0,4742.5,6.0003148e-05,0.00030001574,0
4745.0,4750.0,4747.5,5.4220264e-05,0.00027110132,0
4750.0,4755.0,4752.5,6.012748e-05,0.0003006374,0
4755.0,4760.0,4757.5,5.80902e-05,0.000290451,0
4760.0,4765.0,4762.5,5.3916868e-05,0.00026958434,0
4765.0,4770.0,4767.5,5.8906412e-05,0.00029453206,0
4770.0,4775.0,4772.5,6.2847364e-05,0.00031423682,0
4775.0,4780.0,4777.5,5.049194e-05,0.0002524597,0
4780.0,4785.0,4782.5,5.9991788e-05,0.00029995894,0
4785.0,4790.0,4787.5,5.903652e-05,0.0002951826,0
4790.0,4795.0,4792.5,5.328132e-05,0.0002664066,0
4795.0,4800.0,4797.5,5.333766e-05,0.0002666883,0
4800.0,4805.0,4802.5,5.421588e-05,0.0002710794,0
4805.0,4810.0,4807.5,4.9457106e-05,0.00024728553,0
4810.0,4815.0,4812.5,5.2411306e-05,0.00026205653,0
4815.0,4820.0,4817.5,4.2987922e-05,0.00021493961,0
4820.0,4825.0,4822.5,3.9962716e-05,0.00019981358,0
4825.0,4830.0,4827.5,4.6364374e-05,0.00023182187,0
4830.0,4835.0,4832.5,5.529046e-05,0.0002764523,0
4835.0,4840.0,4837.5,6.0968172e-05,0.00030484086,0
4840.0,4845.0,4842.5,6.941216e-05,0.0003470608,0
4845.0,4850.0,4847.5,4.945114e-05,0.0002472557,0
4850.0,4855.0,4852.5,4.6701958e-05,0.00023350979,0
4855.0,4860.0,4857.5,5.0484358e-05,0.00025242179,0
4860.0,4865.0,4862.5,5.8705146e-05,0.00029352573,0
4865.0,4870.0,4867.5,4.6673474e-05,0.00023336737,0
4870.0,4875.0,4872.5,4.096876e-05,0.0002048438,0
4875.0,4880.0,4877.5,5.236514e-05,0.0002618257,0
4880.0,4885.0,4882.5,3.995424e-05,0.0001997712,0
4885.0,4890.0,4887.5,5.32838e-05,0.000266419,0
4890.0,4895.0,4892.5,6.1934428e-05,0.00030967214,0
4895.0,4900.0,4897.5,4.8487174e-05,0.00024243587,0
4900.0,4905.0,4902.5,5.5127442e-05,0.00027563721,0
4905.0,4910.0,4907.5,5.041688e-05,0.0002520844,0
4910.0,4915.0,4912.5,5.3255502e-05,0.00026627751,0
4915.0,4920.0,4917.5,4.94301e-05,0.0002471505,0
4920.0,4925.0,4922.5,4.664132e-05,0.0002332066,0
4925.0,4930.0,4927.5,5.5350124e-05,0.00027675062,0
4930.0,4935.0,4932.5,5.3266188e-05,0.00026633094,0
4935.0,4940.0,4937.5,4.7334092e-05,0.00023667046,0
4940.0,4945.0,4942.5,5.811436e-05,0.0002905718,0
4945.0,4950.0,4947.5,5.039646e-05,0.0002519823,0
4950.0,4955.0,4952.5,5.778338e-05,0.0002889169,0
4955.0,4960.0,4957.5,5.8112338e-05,0.00029056169,0
4960.0,4965.0,4962.5,5.50421e-05,0.0002752105,0
4965.0,4970.0,4967.5,4.762816e-05,0.0002381408,0
4970.0,4975.0,4972.5,4.4926408e-05,0.00022463204,0
4975.0,4980.0,4977.5,6.28929e-05,0.0003144645,0
4980.0,4985.0,4982.5,5.522776e-05,0.0002761388,0
4985.0,4990.0,4987.5,4.2995192e-05,0.00021497596,0
4990.0,4995.0,4992.5,3.7832358e-05,0.00018916179,0
4995.0,5000.0,4997.5,4.8212474e-05,0.00024106237,0
5000.0,5005.0,5002.5,4.9342578e-05,0.00024671289,0
5005.0,5010.0,5007.5,6.3053868e-05,0.00031526934,0
5010.0,5015.0,5012.5,6.18561e-05,0.0003092805,0
5015.0,5020.0,5017.5,5.3260886e-05,0.00026630443,0
5020.0,5025.0,5022.5,4.8458694e-05,0.00024229347,0
5025.0,5030.0,5027.5,6.0910088e-05,0.00030455044,0
5030.0,5035.0,5032.5,3.0604208e-05,0.00015302104,0
5035.0,5040.0,5037.5,4.5763588e-05,0.00022881794,0
5040.0,5045.0,5042.5,5.804152e-05,0.0002902076,0
5045.0,5050.0,5047.5,5.336106e-05,0.0002668053,0
5050.0,5055.0,5052.5,5.5137916e-05,0.00027568958,0
5055.0,5060.0,5057.5,4.7634924e-05,0.00023817462,0
5060.0,5065.0,5062.5,5.13089e-05,0.0002565445,0
5065.0,5070.0,5067.5,7.049122e-05,0.0003524561,0
5070.0,5075.0,5072.5,4.8397016e-05,0.00024198508,0
5075.0,5080.0,5077.5,4.4738354e-05,0.00022369177,0
5080.0,5085.0,5082.5,3.5240728e-05,0.00017620364,0
5085.0,5090.0,5087.5,5.6114252e-05,0.00028057126,0
5090.0,5095.0,5092.5,6.2008398e-05,0.00031004199,0
5095.0,5100.0,5097.5,5.3489786e-05,0.00026744893,0
5100.0,5105.0,5102.5,5.249632e-05,0.0002624816,0
5105.0,5110.0,5107.5,6.747404e-05,0.0003373702,0
5110.0,5115.0,5112.5,4.272082e-05,0.0002136041,0
5115.0,5120.0,5117.5,7.431906e-05,0.0003715953,0
5120.0,5125.0,5122.5,6.0565734e-05,0.00030282867,0
5125.0,5130.0,5127.5,5.5203684e-05,0.00027601842,0
5130.0,5135.0,5132.5,4.7627546e-05,0.00023813773,0
5135.0,5140.0,5137.5,4.5461372e-05,0.00022730686,0
5140.0,5145.0,5142.5,5.2276054e-05,0.00026138027,0
5145.0,5150.0,5147.5,5.907952e-05,0.0002953976,0
5150.0,5155.0,5152.5,5.2434428e-05,0.00026217214,0
5155.0,5160.0,5157.5,5.4494994e-05,0.00027247497,0
5160.0,5165.0,5162.5,3.616937e-05,0.00018084685,0
5165.0,5170.0,5167.5,4.0817632e-05,0.00020408816,0
5170.0,5175.0,5172.5,5.4371008e-05,0.00027185504,0
5175.0,5180.0,5177.5,5.9208414e-05,0.00029604207,0
5180.0,5185.0,5182.5,3.882929e-05,0.00019414645,0
5185.0,5190.0,5187.5,5.3158174e-05,0.00026579087,0
5190.0,5195.0,5192.5,5.700374e-05,0.0002850187,0
5195.0,5200.0,5197.5,4.5363772e-05,0.00022681886,0
5200.0,5205.0,5202.5,3.3112612e-05,0.00016556306,0
5205.0,5210.0,5207.5,3.9988298e-05,0.00019994149,0
5210.0,5215.0,5212.5,4.5856058e-05,0.00022928029,0
5215.0,5220.0,5217.5,5.150326e-05,0.0002575163,0
5220.0,5225.0,5222.5,5.630978e-05,0.0002815489,0
5225.0,5230.0,5227.5,4.653472e-05,0.0002326736,0
5230.0,5235.0,5232.5,5.1449412e-05,0.00025724706,0
5235.0,5240.0,5237.5,5.3217954e-05,0.00026608977,0
5240.0,5245.0,5242.5,4.3656812e-05,0.00021828406,0
5245.0,5250.0,5247.5,6.1007704e-05,0.00030503852,0
5250.0,5255.0,5252.5,5.719148e-05,0.0002859574,0
5255.0,5260.0,5257.5,6.275654e-05,0.0003137827,0
5260.0,5265.0,5262.5,4.7521416e-05,0.00023760708,0
5265.0,5270.0,5267.5,5.6080854e-05,0.00028040427,0
5270.0,5275.0,5272.5,5.0076072e-05,0.00025038036,0
5275.0,5280.0,5277.5,4.660602e-05,0.0002330301,0
5280.0,5285.0,5282.5,5.336208e-05,0.0002668104,0
5285.0,5290.0,5287.5,5.594144e-05,0.0002797072,0
5290.0,5295.0,5292.5,4.4795948e-05,0.00022397974,0
5295.0,5300.0,5297.5,4.866988e-05,0.0002433494,0
5300.0,5305.0,5302.5,4.5596246e-05,0.00022798123,0
5305.0,5310.0,5307.5,5.4102446e-05,0.00027051223,0
5310.0,5315.0,5312.5,6.2960248e-05,0.00031480124,0
5315.0,5320.0,5317.5,4.761262e-05,0.0002380631,0
5320.0,5325.0,5322.5,4.757142e-05,0.0002378571,0
5325.0,5330.0,5327.5,5.2417486e-05,0.00026208743,0
5330.0,5335.0,5332.5,5.047832e-05,0.0002523916,0
5335.0,5340.0,5337.5,5.1505952e-05,0.00025752976,0
5340.0,5345.0,5342.5,5.514526e-05,0.0002757263,0
5345.0,5350.0,5347.5,4.66166e-05,0.000233083,0
5350.0,5355.0,5352.5,5.251654e-05,0.0002625827,0
5355.0,5360.0,5357.5,4.3962436e-05,0.00021981218,0
5360.0,5365.0,5362.5,6.860792e-05,0.0003430396,0
5365.0,5370.0,5367.5,4.7565002e-05,0.00023782501,0
5370.0,5375.0,5372.5,3.8030732e-05,0.00019015366,0
5375.0,5380.0,5377.5,5.234432e-05,0.0002617216,0
5380.0,5385.0,5382.5,5.331068e-05,0.0002665534,0
5385.0,5390.0,5387.5,4.4878676e-05,0.00022439338,0
5390.0,5395.0,5392.5,5.3208152e-05,0.00026604076,0
5395.0,5400.0,5397.5,5.0528928e-05,0.00025264464,0
5400.0,5405.0,5402.5,6.012182e-05,0.0003006091,0
5405.0,5410.0,5407.5,5.910444e-05,0.0002955222,0
5410.0,5415.0,5412.5,4.666808e-05,0.0002333404,0
5415.0,5420.0,5417.5,3.9938306e-05,0.00019969153,0
5420.0,5425.0,5422.5,4.298668e-05,0.0002149334,0
5425.0,5430.0,5427.5,6.007008e-05,0.0003003504,0
5430.0,5435.0,5432.5,5.9050614e-05,0.00029525307,0
5435.0,5440.0,5437.5,4.4824796e-05,0.00022412398,0
5440.0,5445.0,5442.5,4.2711334e-05,0.00021355667,0
5445.0,5450.0,5447.5,6.284844e-05,0.0003142422,0
5450.0,5455.0,5452.5,5.1454384e-05,0.00025727192,0
5455.0,5460.0,5457.5,4.1053898e-05,0.00020526949,0
5460.0,5465.0,5462.5,4.5639134e-05,0.00022819567,0
5465.0,5470.0,5467.5,4.759998e-05,0.0002379999,0
5470.0,5475.0,5472.5,5.80373e-05,0.0002901865,0
5475.0,5480.0,5477.5,4.6580172e-05,0.00023290086,0
5480.0,5485.0,5482.5,5.245162e-05,0.0002622581,0
5485.0,5490.0,5487.5,5.712094e-05,0.0002856047,0
5490.0,5495.0,5492.5,5.722634e-05,0.0002861317,0
5495.0,5500.0,5497.5,5.059538e-05,0.0002529769,0
5500.0,5505.0,5502.5,5.5113574e-05,0.00027556787,0
5505.0,5510.0,5507.5,4.8502288e-05,0.00024251144,0
5510.0,5515.0,5512.5,5.993958e-05,0.0002996979,0
5515.0,5520.0,5517.5,4.5741674e-05,0.00022870837,0
5520.0,5525.0,5522.5,4.8631104e-05,0.00024315552,0
5525.0,5530.0,5527.5,5.912594e-05,0.0002956297,0
5530.0,5535.0,5532.5,5.635582e-05,0.0002817791,0
5535.0,5540.0,5537.5,5.2336652e-05,0.00026168326,0
5540.0,5545.0,5542.5,5.530942e-05,0.0002765471,0
5545.0,5550.0,5547.5,4.9462e-05,0.00024731,0
5550.0,5555.0,5552.5,4.845444e-05,0.0002422722,0
5555.0,5560.0,5557.5,5.2547688e-05,0.00026273844,0
5560.0,5565.0,5562.5,5.4438272e-05,0.00027219136,0
5565.0,5570.0,5567.5,4.856154e-05,0.0002428077,0
5570.0,5575.0,5572.5,5.146118e-05,0.0002573059,0
5575.0,5580.0,5577.5,4.501948e-05,0.0002250974,0
5580.0,5585.0,5582.5,3.7269674e-05,0.00018634837,0
5585.0,5590.0,5587.5,4.854804e-05,0.0002427402,0
5590.0,5595.0,5592.5,5.1342082e-05,0.00025671041,0
5595.0,5600.0,5597.5,4.8628148e-05,0.00024314074,0
5600.0,5605.0,5602.5,4.1928564e-05,0.00020964282,0
5605.0,5610.0,5607.5,4.0883508e-05,0.00020441754,0
5610.0,5615.0,5612.5,5.221092e-05,0.0002610546,0
5615.0,5620.0,5617.5,5.7292508e-05,0.00028646254,0
5620.0,5625.0,5622.5,4.1037526e-05,0.00020518763,0
5625.0,5630.0,5627.5,5.315266e-05,0.0002657633,0
5630.0,5635.0,5632.5,5.3271278e-05,0.00026635639,0
5635.0,5640.0,5637.5,4.4696784e-05,0.00022348392,0
5640.0,5645.0,5642.5,4.2661918e-05,0.00021330959,0
5645.0,5650.0,5647.5,4.7709994e-05,0.00023854997,0
5650.0,5655.0,5652.5,5.2297674e-05,0.00026148837,0
5655.0,5660.0,5657.5,5.9969572e-05,0.00029984786,0
5660.0,5665.0,5662.5,4.7749212e-05,0.00023874606,0
5665.0,5670.0,5667.5,3.9967614e-05,0.00019983807,0
5670.0,5675.0,5672.5,5.6961414e-05,0.00028480707,0
5675.0,5680.0,5677.5,4.08257e-05,0.0002041285,0
5680.0,5685.0,5682.5,3.7294522e-05,0.00018647261,0
5685.0,5690.0,5687.5,5.3224182e-05,0.00026612091,0
5690.0,5695.0,5692.5,4.381656e-05,0.0002190828,0
5695.0,5700.0,5697.5,4.3614652e-05,0.00021807326,0
5700.0,5705.0,5702.5,5.320162e-05,0.0002660081,0
5705.0,5710.0,5707.5,5.0009508e-05,0.00025004754,0
5710.0,5715.0,5712.5,4.9709472e-05,0.00024854736,0
5715.0,5720.0,5717.5,4.8489018e-05,0.00024244509,0
5720.0,5725.0,5722.5,4.5643692e-05,0.00022821846,0
5725.0,5730.0,5727.5,5.5169734e-05,0.00027584867,0
5730.0,5735.0,5732.5,4.750616e-05,0.0002375308,0
5735.0,5740.0,5737.5,4.7653128e-05,0.00023826564,0
5740.0,5745.0,5742.5,4.1101588e-05,0.00020550794,0
5745.0,5750.0,5747.5,3.3242446e-05,0.00016621223,0
5750.0,5755.0,5752.5,5.60295e-05,0.0002801475,0
5755.0,5760.0,5757.5,6.36684e-05,0.000318342,0
5760.0,5765.0,5762.5,5.43565e-05,0.0002717825,0
5765.0,5770.0,5767.5,4.4810524e-05,0.00022405262,0
5770.0,5775.0,5772.5,5.305318e-05,0.0002652659,0
5775.0,5780.0,5777.5,4.1727774e-05,0.00020863887,0
5780.0,5785.0,5782.5,4.962544e-05,0.0002481272,0
5785.0,5790.0,5787.5,3.9875176e-05,0.00019937588,0
5790.0,5795.0,5792.5,5.334102e-05,0.0002667051,0
5795.0,5800.0,5797.5,4.8671254e-05,0.00024335627,0
5800.0,5805.0,5802.5,5.343858e-05,0.0002671929,0
5805.0,5810.0,5807.5,4.7575794e-05,0.00023787897,0
5810.0,5815.0,5812.5,5.524508e-05,0.0002762254,0
5815.0,5820.0,5817.5,4.369802e-05,0.0002184901,0
5820.0,5825.0,5822.5,5.5112344e-05,0.00027556172,0
5825.0,5830.0,5827.5,5.517823e-05,0.00027589115,0
5830.0,5835.0,5832.5,4.4702894e-05,0.00022351447,0
5835.0,5840.0,5837.5,4.0762374e-05,0.00020381187,0
5840.0,5845.0,5842.5,4.8495452e-05,0.00024247726,0
5845.0,5850.0,5847.5,4.5749906e-05,0.00022874953,0
5850.0,5855.0,5852.5,4.4722326e-05,0.00022361163,0
5855.0,5860.0,5857.5,4.7372626e-05,0.00023686313,0
5860.0,5865.0,5862.5,4.7560466e-05,0.00023780233,0
5865.0,5870.0,5867.5,5.4263174e-05,0.00027131587,0
5870.0,5875.0,5872.5,5.6215548e-05,0.00028107774,0
5875.0,5880.0,5877.5,5.511807e-05,0.00027559035,0
5880.0,5885.0,5882.5,3.8964246e-05,0.00019482123,0
5885.0,5890.0,5887.5,4.466814e-05,0.0002233407,0
5890.0,5895.0,5892.5,5.0523058e-05,0.00025261529,0
5895.0,5900.0,5897.5,3.629527e-05,0.00018147635,0
5900.0,5905.0,5902.5,4.7338514e-05,0.00023669257,0
5905.0,5910.0,5907.5,5.4245008e-05,0.00027122504,0
5910.0,5915.0,5912.5,4.480968e-05,0.0002240484,0
5915.0,5920.0,5917.5,4.2836866e-05,0.00021418433,0
5920.0,5925.0,5922.5,5.71757e-05,0.0002858785,0
5925.0,5930.0,5927.5,4.177608e-05,0.0002088804,0
5930.0,5935.0,5932.5,5.909164e-05,0.0002954582,0
5935.0,5940.0,5937.5,5.3941038e-05,0.00026970519,0
5940.0,5945.0,5942.5,4.165863e-05,0.00020829315,0
5945.0,5950.0,5947.5,5.329262e-05,0.0002664631,0
5950.0,5955.0,5952.5,5.155618e-05,0.0002577809,0
5955.0,5960.0,5957.5,4.0046884e-05,0.00020023442,0
5960.0,5965.0,5962.5,5.527766e-05,0.0002763883,0
5965.0,5970.0,5967.5,3.6245362e-05,0.00018122681,0
5970.0,5975.0,5972.5,5.6146852e-05,0.00028073426,0
5975.0,5980.0,5977.5,4.369522e-05,0.0002184761,0
5980.0,5985.0,5982.5,4.95732e-05,0.000247866,0
5985.0,5990.0,5987.5,4.1699934e-05,0.00020849967,0
5990.0,5995.0,5992.5,5.065252e-05,0.0002532626,0
5995.0,6000.0,5997.5,5.7121308e-05,0.00028560654,0
6000.0,6005.0,6002.5,5.0517662e-05,0.00025258831,0
6005.0,6010.0,6007.5,4.0088248e-05,0.00020044124,0
6010.0,6015.0,6012.5,3.8010058e-05,0.00019005029,0
6015.0,6020.0,6017.5,4.1026476e-05,0.00020513238,0
6020.0,6025.0,6022.5,4.854846e-05,0.0002427423,0
6025.0,6030.0,6027.5,5.0570578e-05,0.00025285289,0
6030.0,6035.0,6032.5,4.96067e-05,0.0002480335,0
6035.0,6040.0,6037.5,4.850482e-05,0.0002425241,0
6040.0,6045.0,6042.5,4.939736e-05,0.0002469868,0
6045.0,6050.0,6047.5,5.052096e-05,0.0002526048,0
6050.0,6055.0,6052.5,4.7664426e-05,0.00023832213,0
6055.0,6060.0,6057.5,4.3862712e-05,0.00021931356,0
6060.0,6065.0,6062.5,3.7093378e-05,0.00018546689,0
6065.0,6070.0,6067.5,4.8707964e-05,0.00024353982,0
6070.0,6075.0,6072.5,4.5750806e-05,0.00022875403,0
6075.0,6080.0,6077.5,5.4080674e-05,0.00027040337,0
6080.0,6085.0,6082.5,4.3674106e-05,0.00021837053,0
6085.0,6090.0,6087.5,4.2747022e-05,0.00021373511,0
6090.0,6095.0,6092.5,5.0510632e-05,0.00025255316,0
6095.0,6100.0,6097.5,4.7439828e-05,0.00023719914,0
6100.0,6105.0,6102.5,4.787116e-05,0.0002393558,0
6105.0,6110.0,6107.5,4.5734334e-05,0.00022867167,0
6110.0,6115.0,6112.5,4.68116e-05,0.000234058,0
6115.0,6120.0,6117.5,3.8792548e-05,0.00019396274,0
6120.0,6125.0,6122.5,5.339316e-05,0.0002669658,0
6125.0,6130.0,6127.5,4.655432e-05,0.0002327716,0
6130.0,6135.0,6132.5,5.60383e-05,0.0002801915,0
6135.0,6140.0,6137.5,6.0970948e-05,0.00030485474,0
6140.0,6145.0,6142.5,5.412422e-05,0.0002706211,0
6145.0,6150.0,6147.5,4.3659538e-05,0.00021829769,0
6150.0,6155.0,6152.5,5.228796e-05,0.0002614398,0
6155.0,6160.0,6157.5,5.33067e-05,0.0002665335,0
6160.0,6165.0,6162.5,6.1075304e-05,0.00030537652,0
6165.0,6170.0,6167.5,4.1025526e-05,0.00020512763,0
6170.0,6175.0,6172.5,4.1075928e-05,0.00020537964,0
6175.0,6180.0,6177.5,5.7155312e-05,0.00028577656,0
6180.0,6185.0,6182.5,5.733894e-05,0.0002866947,0
6185.0,6190.0,6187.5,3.7901622e-05,0.00018950811,0
6190.0,6195.0,6192.5,3.430733e-05,0.00017153665,0
6195.0,6200.0,6197.5,4.680212e-05,0.0002340106,0
6200.0,6205.0,6202.5,5.122876e-05,0.0002561438,0
6205.0,6210.0,6207.5,5.245756e-05,0.0002622878,0
6210.0,6215.0,6212.5,3.0313458e-05,0.00015156729,0
6215.0,6220.0,6217.5,4.5737424e-05,0.00022868712,0
6220.0,6225.0,6222.5,4.3029452e-05,0.00021514726,0
6225.0,6230.0,6227.5,5.2415728e-05,0.00026207864,0
6230.0,6235.0,6232.5,5.032814e-05,0.0002516407,0
6235.0,6240.0,6237.5,5.138208e-05,0.0002569104,0
6240.0,6245.0,6242.5,5.0422736e-05,0.00025211368,0
6245.0,6250.0,6247.5,5.2254738e-05,0.00026127369,0
6250.0,6255.0,6252.5,4.938978e-05,0.0002469489,0
6255.0,6260.0,6257.5,4.8747154e-05,0.00024373577,0
6260.0,6265.0,6262.5,4.1089594e-05,0.00020544797,0
6265.0,6270.0,6267.5,4.271256e-05,0.0002135628,0
6270.0,6275.0,6272.5,4.081031e-05,0.00020405155,0
6275.0,6280.0,6277.5,5.5286504e-05,0.00027643252,0
6280.0,6285.0,6282.5,4.0805266e-05,0.00020402633,0
6285.0,6290.0,6287.5,4.86527e-05,0.0002432635,0
6290.0,6295.0,6292.5,5.1731288e-05,0.00025865644,0
6295.0,6300.0,6297.5,4.0164416e-05,0.00020082208,0
6300.0,6305.0,6302.5,4.6498692e-05,0.00023249346,0
6305.0,6310.0,6307.5,4.4881628e-05,0.00022440814,0
6310.0,6315.0,6312.5,4.832134e-05,0.0002416067,0
6315.0,6320.0,6317.5,3.978151e-05,0.00019890755,0
6320.0,6325.0,6322.5,5.1204482e-05,0.00025602241,0
6325.0,6330.0,6327.5,4.8543706e-05,0.00024271853,0
6330.0,6335.0,6332.5,5.3255314e-05,0.00026627657,0
6335.0,6340.0,6337.5,4.3004528e-05,0.00021502264,0
6340.0,6345.0,6342.5,4.9419356e-05,0.00024709678,0
6345.0,6350.0,6347.5,4.376485e-05,0.00021882425,0
6350.0,6355.0,6352.5,5.1374588e-05,0.00025687294,0
6355.0,6360.0,6357.5,5.628722e-05,0.0002814361,0
6360.0,6365.0,6362.5,4.1025046e-05,0.00020512523,0
6365.0,6370.0,6367.5,4.3788452e-05,0.00021894226,0
6370.0,6375.0,6372.5,4.291102e-05,0.0002145551,0
6375.0,6380.0,6377.5,4.9409638e-05,0.00024704819,0
6380.0,6385.0,6382.5,3.2274232e-05,0.00016137116,0
6385.0,6390.0,6387.5,3.9057092e-05,0.00019528546,0
6390.0,6395.0,6392.5,4.6736064e-05,0.00023368032,0
6395.0,6400.0,6397.5,4.7801976e-05,0.00023900988,0
6400.0,6405.0,6402.5,6.094796e-05,0.0003047398,0
6405.0,6410.0,6407.5,5.432282e-05,0.0002716141,0
6410.0,6415.0,6412.5,4.281938e-05,0.0002140969,0
6415.0,6420.0,6417.5,4.6665652e-05,0.00023332826,0
6420.0,6425.0,6422.5,5.049698e-05,0.0002524849,0
6425.0,6430.0,6427.5,4.2849888e-05,0.00021424944,0
6430.0,6435.0,6432.5,4.8442928e-05,0.00024221464,0
6435.0,6440.0,6437.5,6.1951624e-05,0.00030975812,0
6440.0,6445.0,6442.5,4.7506072e-05,0.00023753036,0
6445.0,6450.0,6447.5,5.2244248e-05,0.00026122124,0
6450.0,6455.0,6452.5,4.9436948e-05,0.00024718474,0
6455.0,6460.0,6457.5,4.7452464e-05,0.00023726232,0
6460.0,6465.0,6462.5,3.9133912e-05,0.00019566956,0
6465.0,6470.0,6467.5,3.9938106e-05,0.00019969053,0
6470.0,6475.0,6472.5,4.563404e-05,0.0002281702,0
6475.0,6480.0,6477.5,3.8043604e-05,0.00019021802,0
6480.0,6485.0,6482.5,4.8432992e-05,0.00024216496,0
6485.0,6490.0,6487.5,4.4807766e-05,0.00022403883,0
6490.0,6495.0,6492.5,4.1671946e-05,0.00020835973,0
6495.0,6500.0,6497.5,4.1811994e-05,0.00020905997,0
6500.0,6505.0,6502.5,3.6176756e-05,0.00018088378,0
6505.0,6510.0,6507.5,4.8710878e-05,0.00024355439,0
6510.0,6515.0,6512.5,4.474784e-05,0.0002237392,0
6515.0,6520.0,6517.5,3.8010834e-05,0.00019005417,0
6520.0,6525.0,6522.5,3.619357e-05,0.00018096785,0
6525.0,6530.0,6527.5,5.5284832e-05,0.00027642416,0
6530.0,6535.0,6532.5,4.0819312e-05,0.00020409656,0
6535.0,6540.0,6537.5,4.3597418e-05,0.00021798709,0
6540.0,6545.0,6542.5,4.9692702e-05,0.00024846351,0
6545.0,6550.0,6547.5,4.750553e-05,0.00023752765,0
6550.0,6555.0,6552.5,2.9468152e-05,0.00014734076,0
6555.0,6560.0,6557.5,4.569332e-05,0.0002284666,0
6560.0,6565.0,6562.5,4.2826536e-05,0.00021413268,0
6565.0,6570.0,6567.5,3.7934074e-05,0.00018967037,0
6570.0,6575.0,6572.5,4.678631e-05,0.00023393155,0
6575.0,6580.0,6577.5,3.9061276e-05,0.00019530638,0
6580.0,6585.0,6582.5,4.268838e-05,0.0002134419,0
6585.0,6590.0,6587.5,5.3348854e-05,0.00026674427,0
6590.0,6595.0,6592.5,3.715527e-05,0.00018577635,0
6595.0,6600.0,6597.5,4.2783354e-05,0.00021391677,0
6600.0,6605.0,6602.5,3.9753912e-05,0.00019876956,0
6605.0,6610.0,6607.5,5.0555374e-05,0.00025277687,0
6610.0,6615.0,6612.5,4.387298e-05,0.0002193649,0
6615.0,6620.0,6617.5,4.941032e-05,0.0002470516,0
6620.0,6625.0,6622.5,4.1793204e-05,0.00020896602,0
6625.0,6630.0,6627.5,4.4659626e-05,0.00022329813,0
6630.0,6635.0,6632.5,3.6081466e-05,0.00018040733,0
6635.0,6640.0,6637.5,3.9924194e-05,0.00019962097,0
6640.0,6645.0,6642.5,5.133078e-05,0.0002566539,0
6645.0,6650.0,6647.5,4.3830488e-05,0.00021915244,0
6650.0,6655.0,6652.5,4.4618942e-05,0.00022309471,0
6655.0,6660.0,6657.5,3.4296748e-05,0.00017148374,0
6660.0,6665.0,6662.5,5.1544992e-05,0.00025772496,0
6665.0,6670.0,6667.5,5.1321554e-05,0.00025660777,0
6670.0,6675.0,6672.5,4.847584e-05,0.0002423792,0
6675.0,6680.0,6677.5,3.5257782e-05,0.00017628891,0
6680.0,6685.0,6682.5,4.3700332e-05,0.00021850166,0
6685.0,6690.0,6687.5,4.1704314e-05,0.00020852157,0
6690.0,6695.0,6692.5,4.5918208e-05,0.00022959104,0
6695.0,6700.0,6697.5,4.2645936e-05,0.00021322968,0
6700.0,6705.0,6702.5,3.4235938e-05,0.00017117969,0
6705.0,6710.0,6707.5,5.7130024e-05,0.00028565012,0
6710.0,6715.0,6712.5,4.5695798e-05,0.00022847899,0
6715.0,6720.0,6717.5,4.9492574e-05,0.00024746287,0
6720.0,6725.0,6722.5,4.1913652e-05,0.00020956826,0
6725.0,6730.0,6727.5,5.42481e-05,0.0002712405,0
6730.0,6735.0,6732.5,5.6141892e-05,0.00028070946,0
6735.0,6740.0,6737.5,4.2655276e-05,0.00021327638,0
6740.0,6745.0,6742.5,4.4710102e-05,0.00022355051,0
6745.0,6750.0,6747.5,4.4591848e-05,0.00022295924,0
6750.0,6755.0,6752.5,4.858481e-05,0.00024292405,0
6755.0,6760.0,6757.5,5.051308e-05,0.0002525654,0
6760.0,6765.0,6762.5,3.9963034e-05,0.00019981517,0
6765.0,6770.0,6767.5,3.6090558e-05,0.00018045279,0
6770.0,6775.0,6772.5,5.0369428e-05,0.00025184714,0
6775.0,6780.0,6777.5,4.856048e-05,0.0002428024,0
6780.0,6785.0,6782.5,3.5242234e-05,0.00017621117,0
6785.0,6790.0,6787.5,4.9171898e-05,0.00024585949,0
6790.0,6795.0,6792.5,3.6103448e-05,0.00018051724,0
6795.0,6800.0,6797.5,4.4908776e-05,0.00022454388,0
6800.0,6805.0,6802.5,5.7428564e-05,0.00028714282,0
6805.0,6810.0,6807.5,4.67868e-05,0.000233934,0
6810.0,6815.0,6812.5,4.750622e-05,0.0002375311,0
6815.0,6820.0,6817.5,4.5689028e-05,0.00022844514,0
6820.0,6825.0,6822.5,4.4769788e-05,0.00022384894,0
6825.0,6830.0,6827.5,4.56259e-05,0.0002281295,0
6830.0,6835.0,6832.5,4.2852932e-05,0.00021426466,0
6835.0,6840.0,6837.5,3.6349604e-05,0.00018174802,0
6840.0,6845.0,6842.5,4.965722e-05,0.0002482861,0
6845.0,6850.0,6847.5,5.3447354e-05,0.00026723677,0
6850.0,6855.0,6852.5,4.3719422e-05,0.00021859711,0
6855.0,6860.0,6857.5,3.6982436e-05,0.00018491218,0
6860.0,6865.0,6862.5,4.7413538e-05,0.00023706769,0
6865.0,6870.0,6867.5,4.6666628e-05,0.00023333314,0
6870.0,6875.0,6872.5,3.6142188e-05,0.00018071094,0
6875.0,6880.0,6877.5,5.4451958e-05,0.00027225979,0
6880.0,6885.0,6882.5,5.513422e-05,0.0002756711,0
6885.0,6890.0,6887.5,4.3750696e-05,0.00021875348,0
6890.0,6895.0,6892.5,3.4077982e-05,0.00017038991,0
6895.0,6900.0,6897.5,5.715986e-05,0.0002857993,0
6900.0,6905.0,6902.5,4.37642e-05,0.000218821,0
6905.0,6910.0,6907.5,3.983463e-05,0.00019917315,0
6910.0,6915.0,6912.5,4.300018e-05,0.0002150009,0
6915.0,6920.0,6917.5,4.6578626e-05,0.00023289313,0
6920.0,6925.0,6922.5,3.5149864e-05,0.00017574932,0
6925.0,6930.0,6927.5,4.854446e-05,0.0002427223,0
6930.0,6935.0,6932.5,4.1944818e-05,0.00020972409,0
6935.0,6940.0,6937.5,3.6302274e-05,0.00018151137,0
6940.0,6945.0,6942.5,4.1070618e-05,0.00020535309,0
6945.0,6950.0,6947.5,4.8592686e-05,0.00024296343,0
6950.0,6955.0,6952.5,4.288626e-05,0.0002144313,0
6955.0,6960.0,6957.5,4.664018e-05,0.0002332009,0
6960.0,6965.0,6962.5,3.7065742e-05,0.00018532871,0
6965.0,6970.0,6967.5,4.5820734e-05,0.00022910367,0
6970.0,6975.0,6972.5,4.9536504e-05,0.00024768252,0
6975.0,6980.0,6977.5,3.4438538e-05,0.00017219269,0
6980.0,6985.0,6982.5,3.8894888e-05,0.00019447444,0
6985.0,6990.0,6987.5,4.5499974e-05,0.00022749987,0
6990.0,6995.0,6992.5,4.84421e-05,0.0002422105,0
6995.0,7000.0,6997.5,4.1974372e-05,0.00020987186,0
7000.0,7005.0,7002.5,4.752112e-05,0.0002376056,0
7005.0,7010.0,7007.5,4.210652e-05,0.0002105326,0
7010.0,7015.0,7012.5,3.2333856e-05,0.00016166928,0
7015.0,7020.0,7017.5,4.4704398e-05,0.00022352199,0
7020.0,7025.0,7022.5,4.3830502e-05,0.00021915251,0
7025.0,7030.0,7027.5,4.7805988e-05,0.00023902994,0
7030.0,7035.0,7032.5,5.0086218e-05,0.00025043109,0
7035.0,7040.0,7037.5,3.1374952e-05,0.00015687476,0
7040.0,7045.0,7042.5,3.6151192e-05,0.00018075596,0
7045.0,7050.0,7047.5,2.0956406e-05,0.00010478203,0
7050.0,7055.0,7052.5,3.6170128e-05,0.00018085064,0
7055.0,7060.0,7057.5,2.9519026e-05,0.00014759513,0
7060.0,7065.0,7062.5,5.13556e-05,0.000256778,0
7065.0,7070.0,7067.5,4.0227548e-05,0.00020113774,0
7070.0,7075.0,7072.5,3.7073152e-05,0.00018536576,0
7075.0,7080.0,7077.5,4.1077114e-05,0.00020538557,0
7080.0,7085.0,7082.5,4.7741384e-05,0.00023870692,0
7085.0,7090.0,7087.5,4.5685496e-05,0.00022842748,0
7090.0,7095.0,7092.5,4.1912466e-05,0.00020956233,0
7095.0,7100.0,7097.5,3.3339958e-05,0.00016669979,0
7100.0,7105.0,7102.5,4.652938e-05,0.0002326469,0
7105.0,7110.0,7107.5,5.4354032e-05,0.00027177016,0
7110.0,7115.0,7112.5,4.653342e-05,0.0002326671,0
7115.0,7120.0,7117.5,2.4730282e-05,0.00012365141,0
7120.0,7125.0,7122.5,3.452734e-05,0.0001726367,0
7125.0,7130.0,7127.5,4.557728e-05,0.0002278864,0
7130.0,7135.0,7132.5,3.7121868e-05,0.00018560934,0
7135.0,7140.0,7137.5,5.025958e-05,0.0002512979,0
7140.0,7145.0,7142.5,4.4560074e-05,0.00022280037,0
7145.0,7150.0,7147.5,3.427865e-05,0.00017139325,0
7150.0,7155.0,7152.5,3.2385542e-05,0.00016192771,0
7155.0,7160.0,7157.5,4.678156e-05,0.0002339078,0
7160.0,7165.0,7162.5,4.861109e-05,0.00024305545,0
7165.0,7170.0,7167.5,4.7522506e-05,0.00023761253,0
7170.0,7175.0,7172.5,3.3211572e-05,0.00016605786,0
7175.0,7180.0,7177.5,5.339738e-05,0.0002669869,0
7180.0,7185.0,7182.5,3.3269006e-05,0.00016634503,0
7185.0,7190.0,7187.5,3.5145596e-05,0.00017572798,0
7190.0,7195.0,7192.5,4.7556212e-05,0.00023778106,0
7195.0,7200.0,7197.5,4.4714212e-05,0.00022357106,0
7200.0,7205.0,7202.5,3.4276386e-05,0.00017138193,0
7205.0,7210.0,7207.5,4.484558e-05,0.0002242279,0
7210.0,7215.0,7212.5,3.7140178e-05,0.00018570089,0
7215.0,7220.0,7217.5,4.0832992e-05,0.00020416496,0
7220.0,7225.0,7222.5,3.4111956e-05,0.00017055978,0
7225.0,7230.0,7227.5,5.0349358e-05,0.00025174679,0
7230.0,7235.0,7232.5,4.472366e-05,0.0002236183,0
7235.0,7240.0,7237.5,5.3946338e-05,0.00026973169,0
7240.0,7245.0,7242.5,3.9781234e-05,0.00019890617,0
7245.0,7250.0,7247.5,3.2389284e-05,0.00016194642,0
7250.0,7255.0,7252.5,4.867712e-05,0.0002433856,0
7255.0,7260.0,7257.5,3.897e-05,0.00019485,0
7260.0,7265.0,7262.5,3.711115e-05,0.00018555575,0
7265.0,7270.0,7267.5,4.3972354e-05,0.00021986177,0
7270.0,7275.0,7272.5,4.572018e-05,0.0002286009,0
7275.0,7280.0,7277.5,2.6671574e-05,0.00013335787,0
7280.0,7285.0,7282.5,4.5854358e-05,0.00022927179,0
7285.0,7290.0,7287.5,4.671202e-05,0.0002335601,0
7290.0,7295.0,7292.5,3.9865544e-05,0.00019932772,0
7295.0,7300.0,7297.5,4.569868e-05,0.0002284934,0
7300.0,7305.0,7302.5,3.8241076e-05,0.00019120538,0
7305.0,7310.0,7307.5,3.8927096e-05,0.00019463548,0
7310.0,7315.0,7312.5,4.2912548e-05,0.00021456274,0
7315.0,7320.0,7317.5,3.810491e-05,0.00019052455,0
7320.0,7325.0,7322.5,5.045148e-05,0.0002522574,0
7325.0,7330.0,7327.5,4.6638328e-05,0.00023319164,0
7330.0,7335.0,7332.5,4.2618466e-05,0.00021309233,0
7335.0,7340.0,7337.5,4.5789418e-05,0.00022894709,0
7340.0,7345.0,7342.5,3.4279274e-05,0.00017139637,0
7345.0,7350.0,7347.5,4.7497818e-05,0.00023748909,0
7350.0,7355.0,7352.5,3.31819e-05,0.0001659095,0
7355.0,7360.0,7357.5,3.9016592e-05,0.00019508296,0
7360.0,7365.0,7362.5,4.0051876e-05,0.00020025938,0
7365.0,7370.0,7367.5,3.9988582e-05,0.00019994291,0
7370.0,7375.0,7372.5,5.134556e-05,0.0002567278,0
7375.0,7380.0,7377.5,4.2657796e-05,0.00021328898,0
7380.0,7385.0,7382.5,4.0001326e-05,0.00020000663,0
7385.0,7390.0,7387.5,4.8497434e-05,0.00024248717,0
7390.0,7395.0,7392.5,3.3287276e-05,0.00016643638,0
7395.0,7400.0,7397.5,4.7409074e-05,0.00023704537,0
7400.0,7405.0,7402.5,5.059298e-05,0.0002529649,0
7405.0,7410.0,7407.5,2.2873868e-05,0.00011436934,0
7410.0,7415.0,7412.5,4.8693458e-05,0.00024346729,0
7415.0,7420.0,7417.5,4.0703952e-05,0.00020351976,0
7420.0,7425.0,7422.5,4.4702632e-05,0.00022351316,0
7425.0,7430.0,7427.5,4.3646118e-05,0.00021823059,0
7430.0,7435.0,7432.5,3.9056624e-05,0.00019528312,0
7435.0,7440.0,7437.5,3.2479102e-05,0.00016239551,0
7440.0,7445.0,7442.5,4.84245e-05,0.0002421225,0
7445.0,7450.0,7447.5,5.3397014e-05,0.00026698507,0
7450.0,7455.0,7452.5,4.1798714e-05,0.00020899357,0
7455.0,7460.0,7457.5,4.377722e-05,0.0002188861,0
7460.0,7465.0,7462.5,3.8049712e-05,0.00019024856,0
7465.0,7470.0,7467.5,3.9162184e-05,0.00019581092,0
7470.0,7475.0,7472.5,5.03225e-05,0.0002516125,0
7475.0,7480.0,7477.5,2.5661122e-05,0.00012830561,0
7480.0,7485.0,7482.5,4.1894464e-05,0.00020947232,0
7485.0,7490.0,7487.5,4.376976e-05,0.0002188488,0
7490.0,7495.0,7492.5,3.7005526e-05,0.00018502763,0
7495.0,7500.0,7497.5,5.333268e-05,0.0002666634,0
7500.0,7505.0,7502.5,3.8040712e-05,0.00019020356,0
7505.0,7510.0,7507.5,4.5704814e-05,0.00022852407,0
7510.0,7515.0,7512.5,4.3052936e-05,0.00021526468,0
7515.0,7520.0,7517.5,3.990762e-05,0.0001995381,0
7520.0,7525.0,7522.5,3.528888e-05,0.0001764444,0
7525.0,7530.0,7527.5,3.793806e-05,0.0001896903,0
7530.0,7535.0,7532.5,3.5313364e-05,0.00017656682,0
7535.0,7540.0,7537.5,3.3414674e-05,0.00016707337,0
7540.0,7545.0,7542.5,4.4660654e-05,0.00022330327,0
7545.0,7550.0,7547.5,3.814577e-05,0.00019072885,0
7550.0,7555.0,7552.5,3.3300038e-05,0.00016650019,0
7555.0,7560.0,7557.5,3.9143742e-05,0.00019571871,0
7560.0,7565.0,7562.5,4.670885e-05,0.00023354425,0
7565.0,7570.0,7567.5,4.395216e-05,0.0002197608,0
7570.0,7575.0,7572.5,3.9859432e-05,0.00019929716,0
7575.0,7580.0,7577.5,3.7944994e-05,0.00018972497,0
7580.0,7585.0,7582.5,4.279624e-05,0.0002139812,0
7585.0,7590.0,7587.5,3.8060412e-05,0.00019030206,0
7590.0,7595.0,7592.5,3.8008276e-05,0.00019004138,0
7595.0,7600.0,7597.5,4.1743128e-05,0.00020871564,0
7600.0,7605.0,7602.5,3.9919318e-05,0.00019959659,0
7605.0,7610.0,7607.5,4.3894698e-05,0.00021947349,0
7610.0,7615.0,7612.5,4.002561e-05,0.00020012805,0
7615.0,7620.0,7617.5,4.5657678e-05,0.00022828839,0
7620.0,7625.0,7622.5,3.606784e-05,0.0001803392,0
7625.0,7630.0,7627.5,4.8405134e-05,0.00024202567,0
7630.0,7635.0,7632.5,4.27387e-05,0.0002136935,0
7635.0,7640.0,7637.5,3.5180184e-05,0.00017590092,0
7640.0,7645.0,7642.5,3.8207962e-05,0.00019103981,0
7645.0,7650.0,7647.5,4.2702122e-05,0.00021351061,0
7650.0,7655.0,7652.5,3.2293844e-05,0.00016146922,0
7655.0,7660.0,7657.5,3.927523e-05,0.00019637615,0
7660.0,7665.0,7662.5,4.5544074e-05,0.00022772037,0
7665.0,7670.0,7667.5,3.2471088e-05,0.00016235544,0
7670.0,7675.0,7672.5,3.435927e-05,0.00017179635,0
7675.0,7680.0,7677.5,4.75038e-05,0.000237519,0
7680.0,7685.0,7682.5,5.619702e-05,0.0002809851,0
7685.0,7690.0,7687.5,3.5997236e-05,0.00017998618,0
7690.0,7695.0,7692.5,4.55877e-05,0.0002279385,0
7695.0,7700.0,7697.5,3.4408018e-05,0.00017204009,0
7700.0,7705.0,7702.5,3.6060894e-05,0.00018030447,0
7705.0,7710.0,7707.5,3.826282e-05,0.0001913141,0
7710.0,7715.0,7712.5,3.7925384e-05,0.00018962692,0
7715.0,7720.0,7717.5,4.3760032e-05,0.00021880016,0
7720.0,7725.0,7722.5,3.9990636e-05,0.00019995318,0
7725.0,7730.0,7727.5,2.9402842e-05,0.00014701421,0
7730.0,7735.0,7732.5,5.5073314e-05,0.00027536657,0
7735.0,7740.0,7737.5,3.9053126e-05,0.00019526563,0
7740.0,7745.0,7742.5,3.890798e-05,0.0001945399,0
7745.0,7750.0,7747.5,3.3203014e-05,0.00016601507,0
7750.0,7755.0,7752.5,3.7998194e-05,0.00018999097,0
7755.0,7760.0,7757.5,4.364295e-05,0.00021821475,0
7760.0,7765.0,7762.5,3.9908366e-05,0.00019954183,0
7765.0,7770.0,7767.5,3.2138846e-05,0.00016069423,0
7770.0,7775.0,7772.5,3.8148472e-05,0.00019074236,0
7775.0,7780.0,7777.5,4.1031176e-05,0.00020515588,0
7780.0,7785.0,7782.5,4.1786024e-05,0.00020893012,0
7785.0,7790.0,7787.5,4.2060966e-05,0.00021030483,0
7790.0,7795.0,7792.5,4.4907e-05,0.000224535,0
7795.0,7800.0,7797.5,3.6077144e-05,0.00018038572,0
7800.0,7805.0,7802.5,4.7838728e-05,0.00023919364,0
7805.0,7810.0,7807.5,3.522403e-05,0.00017612015,0
7810.0,7815.0,7812.5,4.5846748e-05,0.00022923374,0
7815.0,7820.0,7817.5,2.9360668e-05,0.00014680334,0
7820.0,7825.0,7822.5,3.5294396e-05,0.00017647198,0
7825.0,7830.0,7827.5,4.4834712e-05,0.00022417356,0
7830.0,7835.0,7832.5,3.4220866e-05,0.00017110433,0
7835.0,7840.0,7837.5,4.1010706e-05,0.00020505353,0
7840.0,7845.0,7842.5,3.0414666e-05,0.00015207333,0
7845.0,7850.0,7847.5,3.0326642e-05,0.00015163321,0
7850.0,7855.0,7852.5,3.5270118e-05,0.00017635059,0
7855.0,7860.0,7857.5,2.8343494e-05,0.00014171747,0
7860.0,7865.0,7862.5,4.1053592e-05,0.00020526796,0
7865.0,7870.0,7867.5,4.7574154e-05,0.00023787077,0
7870.0,7875.0,7872.5,3.5345774e-05,0.00017672887,0
7875.0,7880.0,7877.5,4.3703848e-05,0.00021851924,0
7880.0,7885.0,7882.5,2.9531328e-05,0.00014765664,0
7885.0,7890.0,7887.5,4.2912988e-05,0.00021456494,0
7890.0,7895.0,7892.5,3.4284164e-05,0.00017142082,0
7895.0,7900.0,7897.5,3.2423834e-05,0.00016211917,0
7900.0,7905.0,7902.5,3.1437074e-05,0.00015718537,0
7905.0,7910.0,7907.5,3.9085426e-05,0.00019542713,0
7910.0,7915.0,7912.5,3.5189792e-05,0.00017594896,0
7915.0,7920.0,7917.5,4.0061948e-05,0.00020030974,0
7920.0,7925.0,7922.5,3.2518348e-05,0.00016259174,0
7925.0,7930.0,7927.5,3.5263256e-05,0.00017631628,0
7930.0,7935.0,7932.5,4.184749e-05,0.00020923745,0
7935.0,7940.0,7937.5,3.7247462e-05,0.00018623731,0
7940.0,7945.0,7942.5,3.6264578e-05,0.00018132289,0
7945.0,7950.0,7947.5,2.9439906e-05,0.00014719953,0
7950.0,7955.0,7952.5,4.0875942e-05,0.00020437971,0
7955.0,7960.0,7957.5,4.2834108e-05,0.00021417054,0
7960.0,7965.0,7962.5,3.7242178e-05,0.00018621089,0
7965.0,7970.0,7967.5,4.568785e-05,0.00022843925,0
7970.0,7975.0,7972.5,4.8484528e-05,0.00024242264,0
7975.0,7980.0,7977.5,3.7204814e-05,0.00018602407,0
7980.0,7985.0,7982.5,3.246651e-05,0.00016233255,0
7985.0,7990.0,7987.5,3.8888554e-05,0.00019444277,0
7990.0,7995.0,7992.5,4.3846344e-05,0.00021923172,0
7995.0,8000.0,7997.5,3.1220302e-05,0.00015610151,0
8000.0,8005.0,8002.5,4.5779432e-05,0.00022889716,0
8005.0,8010.0,8007.5,4.0171132e-05,0.00020085566,0
8010.0,8015.0,8012.5,4.757204e-05,0.0002378602,0
8015.0,8020.0,8017.5,3.5279866e-05,0.00017639933,0
8020.0,8025.0,8022.5,3.4342196e-05,0.00017171098,0
8025.0,8030.0,8027.5,2.9549846e-05,0.00014774923,0
8030.0,8035.0,8032.5,3.9986642e-05,0.00019993321,0
8035.0,8040.0,8037.5,3.4428618e-05,0.00017214309,0
8040.0,8045.0,8042.5,3.7049646e-05,0.00018524823,0
8045.0,8050.0,8047.5,3.1372834e-05,0.00015686417,0
8050.0,8055.0,8052.5,3.8828896e-05,0.00019414448,0
8055.0,8060.0,8057.5,3.4282186e-05,0.00017141093,0
8060.0,8065.0,8062.5,3.7143836e-05,0.00018571918,0
8065.0,8070.0,8067.5,4.8573866e-05,0.00024286933,0
8070.0,8075.0,8072.5,4.448417e-05,0.00022242085,0
8075.0,8080.0,8077.5,3.785853e-05,0.00018929265,0
8080.0,8085.0,8082.5,3.0479862e-05,0.00015239931,0
8085.0,8090.0,8087.5,3.8178524e-05,0.00019089262,0
8090.0,8095.0,8092.5,2.6636404e-05,0.00013318202,0
8095.0,8100.0,8097.5,3.6262788e-05,0.00018131394,0
8100.0,8105.0,8102.5,3.603356e-05,0.0001801678,0
8105.0,8110.0,8107.5,3.3441114e-05,0.00016720557,0
8110.0,8115.0,8112.5,4.0955312e-05,0.00020477656,0
8115.0,8120.0,8117.5,3.8978592e-05,0.00019489296,0
8120.0,8125.0,8122.5,4.6780678e-05,0.00023390339,0
8125.0,8130.0,8127.5,3.4214158e-05,0.00017107079,0
8130.0,8135.0,8132.5,3.0604772e-05,0.00015302386,0
8135.0,8140.0,8137.5,3.6128646e-05,0.00018064323,0
8140.0,8145.0,8142.5,3.3421806e-05,0.00016710903,0
8145.0,8150.0,8147.5,3.0374272e-05,0.00015187136,0
8150.0,8155.0,8152.5,4.4745318e-05,0.00022372659,0
8155.0,8160.0,8157.5,4.3810128e-05,0.00021905064,0
8160.0,8165.0,8162.5,2.9713206e-05,0.00014856603,0
8165.0,8170.0,8167.5,4.375924e-05,0.0002187962,0
8170.0,8175.0,8172.5,3.6152268e-05,0.00018076134,0
8175.0,8180.0,8177.5,3.4271894e-05,0.00017135947,0
8180.0,8185.0,8182.5,3.722944e-05,0.0001861472,0
8185.0,8190.0,8187.5,4.189116e-05,0.0002094558,0
8190.0,8195.0,8192.5,2.7505278e-05,0.00013752639,0
8195.0,8200.0,8197.5,3.6275488e-05,0.00018137744,0
8200.0,8205.0,8202.5,4.3964832e-05,0.00021982416,0
8205.0,8210.0,8207.5,3.894108e-05,0.0001947054,0
8210.0,8215.0,8212.5,3.0440406e-05,0.00015220203,0
8215.0,8220.0,8217.5,2.934298e-05,0.0001467149,0
8220.0,8225.0,8222.5,4.096587e-05,0.00020482935,0
8225.0,8230.0,8227.5,3.7128148e-05,0.00018564074,0
8230.0,8235.0,8232.5,2.669922e-05,0.0001334961,0
8235.0,8240.0,8237.5,3.150358e-05,0.0001575179,0
8240.0,8245.0,8242.5,3.6318704e-05,0.00018159352,0
8245.0,8250.0,8247.5,3.6100986e-05,0.00018050493,0
8250.0,8255.0,8252.5,3.5192088e-05,0.00017596044,0
8255.0,8260.0,8257.5,3.3249854e-05,0.00016624927,0
8260.0,8265.0,8262.5,3.2276828e-05,0.00016138414,0
8265.0,8270.0,8267.5,2.671482e-05,0.0001335741,0
8270.0,8275.0,8272.5,3.9940326e-05,0.00019970163,0
8275.0,8280.0,8277.5,3.9099228e-05,0.00019549614,0
8280.0,8285.0,8282.5,5.1567798e-05,0.00025783899,0
8285.0,8290.0,8287.5,3.332047e-05,0.00016660235,0
8290.0,8295.0,8292.5,3.9037638e-05,0.00019518819,0
8295.0,8300.0,8297.5,2.8696506e-05,0.00014348253,0
8300.0,8305.0,8302.5,4.5675032e-05,0.00022837516,0
8305.0,8310.0,8307.5,3.9199838e-05,0.00019599919,0
8310.0,8315.0,8312.5,4.0697404e-05,0.00020348702,0
8315.0,8320.0,8317.5,2.740472e-05,0.0001370236,0
8320.0,8325.0,8322.5,4.3813332e-05,0.00021906666,0
8325.0,8330.0,8327.5,3.8807124e-05,0.00019403562,0
8330.0,8335.0,8332.5,4.5610042e-05,0.00022805021,0
8335.0,8340.0,8337.5,4.579402e-05,0.0002289701,0
8340.0,8345.0,8342.5,3.2187692e-05,0.00016093846,0
8345.0,8350.0,8347.5,3.6174196e-05,0.00018087098,0
8350.0,8355.0,8352.5,4.0846126e-05,0.00020423063,0
8355.0,8360.0,8357.5,3.8837952e-05,0.00019418976,0
8360.0,8365.0,8362.5,3.808718e-05,0.0001904359,0
8365.0,8370.0,8367.5,4.0032914e-05,0.00020016457,0
8370.0,8375.0,8372.5,2.4808602e-05,0.00012404301,0
8375.0,8380.0,8377.5,3.2531892e-05,0.00016265946,0
8380.0,8385.0,8382.5,2.8492306e-05,0.00014246153,0
8385.0,8390.0,8387.5,3.5208232e-05,0.00017604116,0
8390.0,8395.0,8392.5,4.1957236e-05,0.00020978618,0
8395.0,8400.0,8397.5,3.0226222e-05,0.00015113111,0
8400.0,8405.0,8402.5,4.67529e-05,0.0002337645,0
8405.0,8410.0,8407.5,2.843187e-05,0.00014215935,0
8410.0,8415.0,8412.5,3.9089872e-05,0.00019544936,0
8415.0,8420.0,8417.5,4.4558452e-05,0.00022279226,0
8420.0,8425.0,8422.5,3.7095276e-05,0.00018547638,0
8425.0,8430.0,8427.5,3.2328786e-05,0.00016164393,0
8430.0,8435.0,8432.5,4.1085898e-05,0.00020542949,0
8435.0,8440.0,8437.5,3.7216994e-05,0.00018608497,0
8440.0,8445.0,8442.5,3.5196712e-05,0.00017598356,0
8445.0,8450.0,8447.5,4.4745306e-05,0.00022372653,0
8450.0,8455.0,8452.5,2.8521056e-05,0.00014260528,0
8455.0,8460.0,8457.5,3.9213914e-05,0.00019606957,0
8460.0,8465.0,8462.5,3.999874e-05,0.0001999937,0
8465.0,8470.0,8467.5,2.9536364e-05,0.00014768182,0
8470.0,8475.0,8472.5,3.7991132e-05,0.00018995566,0
8475.0,8480.0,8477.5,4.9493918e-05,0.00024746959,0
8480.0,8485.0,8482.5,3.1459846e-05,0.00015729923,0
8485.0,8490.0,8487.5,2.6765304e-05,0.00013382652,0
8490.0,8495.0,8492.5,4.380694e-05,0.0002190347,0
8495.0,8500.0,8497.5,3.7890142e-05,0.00018945071,0
8500.0,8505.0,8502.5,3.9874144e-05,0.00019937072,0
8505.0,8510.0,8507.5,3.034186e-05,0.0001517093,0
8510.0,8515.0,8512.5,3.058146e-05,0.0001529073,0
8515.0,8520.0,8517.5,3.5293888e-05,0.00017646944,0
8520.0,8525.0,8522.5,3.3230968e-05,0.00016615484,0
8525.0,8530.0,8527.5,4.0044702e-05,0.00020022351,0
8530.0,8535.0,8532.5,3.315829e-05,0.00016579145,0
8535.0,8540.0,8537.5,3.9266272e-05,0.00019633136,0
8540.0,8545.0,8542.5,3.807524e-05,0.0001903762,0
8545.0,8550.0,8547.5,4.5706908e-05,0.00022853454,0
8550.0,8555.0,8552.5,3.7239542e-05,0.00018619771,0
8555.0,8560.0,8557.5,3.334187e-05,0.00016670935,0
8560.0,8565.0,8562.5,4.203026e-05,0.0002101513,0
8565.0,8570.0,8567.5,3.792074e-05,0.0001896037,0
8570.0,8575.0,8572.5,3.1335588e-05,0.00015667794,0
8575.0,8580.0,8577.5,3.821978e-05,0.0001910989,0
8580.0,8585.0,8582.5,3.7096998e-05,0.00018548499,0
8585.0,8590.0,8587.5,3.5182106e-05,0.00017591053,0
8590.0,8595.0,8592.5,3.4366284e-05,0.00017183142,0
8595.0,8600.0,8597.5,2.7712214e-05,0.00013856107,0
8600.0,8605.0,8602.5,2.2855336e-05,0.00011427668,0
8605.0,8610.0,8607.5,3.1645384e-05,0.00015822692,0
8610.0,8615.0,8612.5,2.3842374e-05,0.00011921187,0
8615.0,8620.0,8617.5,3.9920528e-05,0.00019960264,0
8620.0,8625.0,8622.5,3.1438894e-05,0.00015719447,0
8625.0,8630.0,8627.5,3.98679e-05,0.0001993395,0
8630.0,8635.0,8632.5,4.1003674e-05,0.00020501837,0
8635.0,8640.0,8637.5,3.908574e-05,0.0001954287,0
8640.0,8645.0,8642.5,3.9790356e-05,0.00019895178,0
8645.0,8650.0,8647.5,2.7430194e-05,0.00013715097,0
8650.0,8655.0,8652.5,4.1924192e-05,0.00020962096,0
8655.0,8660.0,8657.5,3.3338882e-05,0.00016669441,0
8660.0,8665.0,8662.5,3.2531842e-05,0.00016265921,0
8665.0,8670.0,8667.5,3.7929154e-05,0.00018964577,0
8670.0,8675.0,8672.5,3.0345824e-05,0.00015172912,0
8675.0,8680.0,8677.5,3.8004234e-05,0.00019002117,0
8680.0,8685.0,8682.5,2.3635634e-05,0.00011817817,0
8685.0,8690.0,8687.5,3.430469e-05,0.00017152345,0
8690.0,8695.0,8692.5,3.5202e-05,0.00017601,0
8695.0,8700.0,8697.5,4.0807094e-05,0.00020403547,0
8700.0,8705.0,8702.5,3.0425878e-05,0.00015212939,0
8705.0,8710.0,8707.5,3.1533396e-05,0.00015766698,0
8710.0,8715.0,8712.5,3.429085e-05,0.00017145425,0
8715.0,8720.0,8717.5,4.5666176e-05,0.00022833088,0
8720.0,8725.0,8722.5,3.1469556e-05,0.00015734778,0
8725.0,8730.0,8727.5,4.3111698e-05,0.00021555849,0
8730.0,8735.0,8732.5,2.869134e-05,0.0001434567,0
8735.0,8740.0,8737.5,3.521016e-05,0.0001760508,0
8740.0,8745.0,8742.5,3.3443444e-05,0.00016721722,0
8745.0,8750.0,8747.5,4.2939518e-05,0.00021469759,0
8750.0,8755.0,8752.5,4.1090768e-05,0.00020545384,0
8755.0,8760.0,8757.5,2.7442272e-05,0.00013721136,0
8760.0,8765.0,8762.5,4.3652336e-05,0.00021826168,0
8765.0,8770.0,8767.5,3.7958396e-05,0.00018979198,0
8770.0,8775.0,8772.5,3.155218e-05,0.0001577609,0
8775.0,8780.0,8777.5,4.286059e-05,0.00021430295,0
8780.0,8785.0,8782.5,4.1831326e-05,0.00020915663,0
8785.0,8790.0,8787.5,3.8045276e-05,0.00019022638,0
8790.0,8795.0,8792.5,3.8028746e-05,0.00019014373,0
8795.0,8800.0,8797.5,2.8506376e-05,0.00014253188,0
8800.0,8805.0,8802.5,3.803424e-05,0.0001901712,0
8805.0,8810.0,8807.5,3.053957e-05,0.00015269785,0
8810.0,8815.0,8812.5,3.992867e-05,0.00019964335,0
8815.0,8820.0,8817.5,3.713112e-05,0.0001856556,0
8820.0,8825.0,8822.5,3.039509e-05,0.00015197545,0
8825.0,8830.0,8827.5,3.8909828e-05,0.00019454914,0
8830.0,8835.0,8832.5,3.0353184e-05,0.00015176592,0
8835.0,8840.0,8837.5,3.3375208e-05,0.00016687604,0
8840.0,8845.0,8842.5,3.3449082e-05,0.00016724541,0
8845.0,8850.0,8847.5,2.7667354e-05,0.00013833677,0
8850.0,8855.0,8852.5,3.4312318e-05,0.00017156159,0
8855.0,8860.0,8857.5,3.3364852e-05,0.00016682426,0
8860.0,8865.0,8862.5,3.7040736e-05,0.00018520368,0
8865.0,8870.0,8867.5,3.6270938e-05,0.00018135469,0
8870.0,8875.0,8872.5,3.9848124e-05,0.00019924062,0
8875.0,8880.0,8877.5,3.0405296e-05,0.00015202648,0
8880.0,8885.0,8882.5,2.2789538e-05,0.00011394769,0
8885.0,8890.0,8887.5,3.1313086e-05,0.00015656543,0
8890.0,8895.0,8892.5,3.5168858e-05,0.00017584429,0
8895.0,8900.0,8897.5,4.2842646e-05,0.00021421323,0
8900.0,8905.0,8902.5,2.9497874e-05,0.00014748937,0
8905.0,8910.0,8907.5,3.9169906e-05,0.00019584953,0
8910.0,8915.0,8912.5,2.9502652e-05,0.00014751326,0
8915.0,8920.0,8917.5,4.6551082e-05,0.00023275541,0
8920.0,8925.0,8922.5,3.5340364e-05,0.00017670182,0
8925.0,8930.0,8927.5,3.5088864e-05,0.00017544432,0
8930.0,8935.0,8932.5,3.213987e-05,0.00016069935,0
8935.0,8940.0,8937.5,3.711726e-05,0.0001855863,0
8940.0,8945.0,8942.5,3.432106e-05,0.0001716053,0
8945.0,8950.0,8947.5,3.5352788e-05,0.00017676394,0
8950.0,8955.0,8952.5,4.099521e-05,0.00020497605,0
8955.0,8960.0,8957.5,3.4322462e-05,0.00017161231,0
8960.0,8965.0,8962.5,3.904064e-05,0.0001952032,0
8965.0,8970.0,8967.5,4.1893264e-05,0.00020946632,0
8970.0,8975.0,8972.5,2.764625e-05,0.00013823125,0
8975.0,8980.0,8977.5,3.1564128e-05,0.00015782064,0
8980.0,8985.0,8982.5,4.100209e-05,0.00020501045,0
8985.0,8990.0,8987.5,2.8458776e-05,0.00014229388,0
8990.0,8995.0,8992.5,3.14365e-05,0.0001571825,0
8995.0,9000.0,8997.5,3.4239808e-05,0.00017119904,0
9000.0,9005.0,9002.5,2.5698258e-05,0.00012849129,0
9005.0,9010.0,9007.5,3.3310604e-05,0.00016655302,0
9010.0,9015.0,9012.5,4.5040364e-05,0.00022520182,0
9015.0,9020.0,9017.5,3.9915914e-05,0.00019957957,0
9020.0,9025.0,9022.5,3.8273692e-05,0.00019136846,0
9025.0,9030.0,9027.5,2.2830458e-05,0.00011415229,0
9030.0,9035.0,9032.5,3.2351146e-05,0.00016175573,0
9035.0,9040.0,9037.5,4.3764312e-05,0.00021882156,0
9040.0,9045.0,9042.5,3.0539576e-05,0.00015269788,0
9045.0,9050.0,9047.5,3.6946142e-05,0.00018473071,0
9050.0,9055.0,9052.5,3.1255152e-05,0.00015627576,0
9055.0,9060.0,9057.5,3.6162514e-05,0.00018081257,0
9060.0,9065.0,9062.5,3.7226214e-05,0.00018613107,0
9065.0,9070.0,9067.5,3.6221718e-05,0.00018110859,0
9070.0,9075.0,9072.5,3.0486464e-05,0.00015243232,0
9075.0,9080.0,9077.5,3.0398068e-05,0.00015199034,0
9080.0,9085.0,9082.5,3.6077244e-05,0.00018038622,0
9085.0,9090.0,9087.5,3.9152566e-05,0.00019576283,0
9090.0,9095.0,9092.5,3.1400544e-05,0.00015700272,0
9095.0,9100.0,9097.5,3.2453288e-05,0.00016226644,0
9100.0,9105.0,9102.5,3.2409054e-05,0.00016204527,0
9105.0,9110.0,9107.5,3.9055238e-05,0.00019527619,0
9110.0,9115.0,9112.5,2.8587804e-05,0.00014293902,0
9115.0,9120.0,9117.5,3.5161798e-05,0.00017580899,0
9120.0,9125.0,9122.5,4.1862218e-05,0.00020931109,0
9125.0,9130.0,9127.5,3.4244136e-05,0.00017122068,0
9130.0,9135.0,9132.5,2.865052e-05,0.0001432526,0
9135.0,9140.0,9137.5,2.1832832e-05,0.00010916416,0
9140.0,9145.0,9142.5,2.8479928e-05,0.00014239964,0
9145.0,9150.0,9147.5,3.0420156e-05,0.00015210078,0
9150.0,9155.0,9152.5,3.8877964e-05,0.00019438982,0
9155.0,9160.0,9157.5,2.7504334e-05,0.00013752167,0
9160.0,9165.0,9162.5,4.007483e-05,0.00020037415,0
9165.0,9170.0,9167.5,2.5450158e-05,0.00012725079,0
9170.0,9175.0,9172.5,2.6646504e-05,0.00013323252,0
9175.0,9180.0,9177.5,3.1477098e-05,0.00015738549,0
9180.0,9185.0,9182.5,3.2239472e-05,0.00016119736,0
9185.0,9190.0,9187.5,3.1410184e-05,0.00015705092,0
9190.0,9195.0,9192.5,2.6662018e-05,0.00013331009,0
9195.0,9200.0,9197.5,3.1526088e-05,0.00015763044,0
9200.0,9205.0,9202.5,4.951284e-05,0.0002475642,0
9205.0,9210.0,9207.5,3.7208812e-05,0.00018604406,0
9210.0,9215.0,9212.5,2.8578778e-05,0.00014289389,0
9215.0,9220.0,9217.5,2.8755048e-05,0.00014377524,0
9220.0,9225.0,9222.5,3.5193846e-05,0.00017596923,0
9225.0,9230.0,9227.5,2.653122e-05,0.0001326561,0
9230.0,9235.0,9232.5,4.2893348e-05,0.00021446674,0
9235.0,9240.0,9237.5,2.771396e-05,0.0001385698,0
9240.0,9245.0,9242.5,3.2439166e-05,0.00016219583,0
9245.0,9250.0,9247.5,3.7266032e-05,0.00018633016,0
9250.0,9255.0,9252.5,3.8073754e-05,0.00019036877,0
9255.0,9260.0,9257.5,2.9562188e-05,0.00014781094,0
9260.0,9265.0,9262.5,2.7530666e-05,0.00013765333,0
9265.0,9270.0,9267.5,2.2985036e-05,0.00011492518,0
9270.0,9275.0,9272.5,4.4914678e-05,0.00022457339,0
9275.0,9280.0,9277.5,2.6592776e-05,0.00013296388,0
9280.0,9285.0,9282.5,3.9941794e-05,0.00019970897,0
9285.0,9290.0,9287.5,2.7540618e-05,0.00013770309,0
9290.0,9295.0,9292.5,4.2073038e-05,0.00021036519,0
9295.0,9300.0,9297.5,3.6213298e-05,0.00018106649,0
9300.0,9305.0,9302.5,3.4273794e-05,0.00017136897,0
9305.0,9310.0,9307.5,4.0009722e-05,0.00020004861,0
9310.0,9315.0,9312.5,4.191888e-05,0.0002095944,0
9315.0,9320.0,9317.5,3.1364256e-05,0.00015682128,0
9320.0,9325.0,9322.5,3.6095346e-05,0.00018047673,0
9325.0,9330.0,9327.5,3.5184418e-05,0.00017592209,0
9330.0,9335.0,9332.5,3.048342e-05,0.0001524171,0
9335.0,9340.0,9337.5,4.3717698e-05,0.00021858849,0
9340.0,9345.0,9342.5,3.5296022e-05,0.00017648011,0
9345.0,9350.0,9347.5,3.2180024e-05,0.00016090012,0
9350.0,9355.0,9352.5,3.5998474e-05,0.00017999237,0
9355.0,9360.0,9357.5,3.9225484e-05,0.00019612742,0
9360.0,9365.0,9362.5,3.9928014e-05,0.00019964007,0
9365.0,9370.0,9367.5,2.9591314e-05,0.00014795657,0
9370.0,9375.0,9372.5,3.5197228e-05,0.00017598614,0
9375.0,9380.0,9377.5,3.6122246e-05,0.00018061123,0
9380.0,9385.0,9382.5,3.046866e-05,0.0001523433,0
9385.0,9390.0,9387.5,2.7563436e-05,0.00013781718,0
9390.0,9395.0,9392.5,3.1586624e-05,0.00015793312,0
9395.0,9400.0,9397.5,2.857956e-05,0.0001428978,0
9400.0,9405.0,9402.5,2.7614534e-05,0.00013807267,0
9405.0,9410.0,9407.5,3.0477636e-05,0.00015238818,0
9410.0,9415.0,9412.5,2.3690692e-05,0.00011845346,0
9415.0,9420.0,9417.5,3.6022006e-05,0.00018011003,0
9420.0,9425.0,9422.5,3.6982658e-05,0.00018491329,0
9425.0,9430.0,9427.5,3.4383408e-05,0.00017191704,0
9430.0,9435.0,9432.5,3.632126e-05,0.0001816063,0
9435.0,9440.0,9437.5,2.6683764e-05,0.00013341882,0
9440.0,9445.0,9442.5,4.3701318e-05,0.00021850659,0
9445.0,9450.0,9447.5,3.3286092e-05,0.00016643046,0
9450.0,9455.0,9452.5,3.2331622e-05,0.00016165811,0
9455.0,9460.0,9457.5,3.2205414e-05,0.00016102707,0
9460.0,9465.0,9462.5,2.6625868e-05,0.00013312934,0
9465.0,9470.0,9467.5,2.4568416e-05,0.00012284208,0
9470.0,9475.0,9472.5,3.6211288e-05,0.00018105644,0
9475.0,9480.0,9477.5,3.6137012e-05,0.00018068506,0
9480.0,9485.0,9482.5,3.7114522e-05,0.00018557261,0
9485.0,9490.0,9487.5,3.7983008e-05,0.00018991504,0
9490.0,9495.0,9492.5,3.3377592e-05,0.00016688796,0
9495.0,9500.0,9497.5,2.288956e-05,0.0001144478,0
9500.0,9505.0,9502.5,2.4760694e-05,0.00012380347,0
9505.0,9510.0,9507.5,3.2545134e-05,0.00016272567,0
9510.0,9515.0,9512.5,2.6462228e-05,0.00013231114,0
9515.0,9520.0,9517.5,4.2933838e-05,0.00021466919,0
9520.0,9525.0,9522.5,2.7554128e-05,0.00013777064,0
9525.0,9530.0,9527.5,3.2247482e-05,0.00016123741,0
9530.0,9535.0,9532.5,3.7997324e-05,0.00018998662,0
9535.0,9540.0,9537.5,4.0875628e-05,0.00020437814,0
9540.0,9545.0,9542.5,2.929137e-05,0.00014645685,0
9545.0,9550.0,9547.5,3.2417086e-05,0.00016208543,0
9550.0,9555.0,9552.5,2.563705e-05,0.00012818525,0
9555.0,9560.0,9557.5,2.848595e-05,0.00014242975,0
9560.0,9565.0,9562.5,3.5177704e-05,0.00017588852,0
9565.0,9570.0,9567.5,2.835082e-05,0.0001417541,0
9570.0,9575.0,9572.5,3.313425e-05,0.00016567125,0
9575.0,9580.0,9577.5,2.8642988e-05,0.00014321494,0
9580.0,9585.0,9582.5,2.659245e-05,0.00013296225,0
9585.0,9590.0,9587.5,3.3414602e-05,0.00016707301,0
9590.0,9595.0,9592.5,3.6349552e-05,0.00018174776,0
9595.0,9600.0,9597.5,3.8271512e-05,0.00019135756,0
9600.0,9605.0,9602.5,3.0423736e-05,0.00015211868,0
9605.0,9610.0,9607.5,2.9574392e-05,0.00014787196,0
9610.0,9615.0,9612.5,3.4139694e-05,0.00017069847,0
9615.0,9620.0,9617.5,2.5673344e-05,0.00012836672,0
9620.0,9625.0,9622.5,4.0787266e-05,0.00020393633,0
9625.0,9630.0,9627.5,3.6203032e-05,0.00018101516,0
9630.0,9635.0,9632.5,3.822308e-05,0.0001911154,0
9635.0,9640.0,9637.5,3.3288426e-05,0.00016644213,0
9640.0,9645.0,9642.5,2.5527566e-05,0.00012763783,0
9645.0,9650.0,9647.5,2.7542146e-05,0.00013771073,0
9650.0,9655.0,9652.5,3.7973726e-05,0.00018986863,0
9655.0,9660.0,9657.5,3.3269188e-05,0.00016634594,0
9660.0,9665.0,9662.5,5.050418e-05,0.0002525209,0
9665.0,9670.0,9667.5,3.4318548e-05,0.00017159274,0
9670.0,9675.0,9672.5,2.9523846e-05,0.00014761923,0
9675.0,9680.0,9677.5,3.7127694e-05,0.00018563847,0
9680.0,9685.0,9682.5,3.899664e-05,0.0001949832,0
9685.0,9690.0,9687.5,3.0372172e-05,0.00015186086,0
9690.0,9695.0,9692.5,3.7045042e-05,0.00018522521,0
9695.0,9700.0,9697.5,2.3717186e-05,0.00011858593,0
9700.0,9705.0,9702.5,3.5189538e-05,0.00017594769,0
9705.0,9710.0,9707.5,3.1357746e-05,0.00015678873,0
9710.0,9715.0,9712.5,2.746933e-05,0.00013734665,0
9715.0,9720.0,9717.5,3.038468e-05,0.0001519234,0
9720.0,9725.0,9722.5,2.9587266e-05,0.00014793633,0
9725.0,9730.0,9727.5,2.858442e-05,0.0001429221,0
9730.0,9735.0,9732.5,3.2252178e-05,0.00016126089,0
9735.0,9740.0,9737.5,3.0422716e-05,0.00015211358,0
9740.0,9745.0,9742.5,3.9843246e-05,0.00019921623,0
9745.0,9750.0,9747.5,3.523008e-05,0.0001761504,0
9750.0,9755.0,9752.5,3.337197e-05,0.00016685985,0
9755.0,9760.0,9757.5,3.4186326e-05,0.00017093163,0
9760.0,9765.0,9762.5,3.042414e-05,0.0001521207,0
9765.0,9770.0,9767.5,3.1251196e-05,0.00015625598,0
9770.0,9775.0,9772.5,3.5111408e-05,0.00017555704,0
9775.0,9780.0,9777.5,3.7033628e-05,0.00018516814,0
9780.0,9785.0,9782.5,3.1352214e-05,0.00015676107,0
9785.0,9790.0,9787.5,3.1374146e-05,0.00015687073,0
9790.0,9795.0,9792.5,3.6047112e-05,0.00018023556,0
9795.0,9800.0,9797.5,2.946614e-05,0.0001473307,0
9800.0,9805.0,9802.5,3.4456612e-05,0.00017228306,0
9805.0,9810.0,9807.5,3.9034488e-05,0.00019517244,0
9810.0,9815.0,9812.5,3.7101098e-05,0.00018550549,0
9815.0,9820.0,9817.5,3.5296044e-05,0.00017648022,0
9820.0,9825.0,9822.5,2.7624322e-05,0.00013812161,0
9825.0,9830.0,9827.5,2.9410112e-05,0.00014705056,0
9830.0,9835.0,9832.5,3.3189328e-05,0.00016594664,0
9835.0,9840.0,9837.5,2.9401492e-05,0.00014700746,0
9840.0,9845.0,9842.5,2.7656012e-05,0.00013828006,0
9845.0,9850.0,9847.5,2.5678158e-05,0.00012839079,0
9850.0,9855.0,9852.5,2.8561138e-05,0.00014280569,0
9855.0,9860.0,9857.5,3.4379164e-05,0.00017189582,0
9860.0,9865.0,9862.5,3.3320248e-05,0.00016660124,0
9865.0,9870.0,9867.5,3.1443084e-05,0.00015721542,0
9870.0,9875.0,9872.5,3.8051266e-05,0.00019025633,0
9875.0,9880.0,9877.5,3.0355522e-05,0.00015177761,0
9880.0,9885.0,9882.5,3.3292002e-05,0.00016646001,0
9885.0,9890.0,9887.5,3.9071106e-05,0.00019535553,0
9890.0,9895.0,9892.5,3.3234472e-05,0.00016617236,0
9895.0,9900.0,9897.5,1.9032996e-05,9.516498e-05,0
9900.0,9905.0,9902.5,2.7565304e-05,0.00013782652,0
9905.0,9910.0,9907.5,3.521245e-05,0.00017606225,0
9910.0,9915.0,9912.5,2.858537e-05,0.00014292685,0
9915.0,9920.0,9917.5,2.6674088e-05,0.00013337044,0
9920.0,9925.0,9922.5,3.6959632e-05,0.00018479816,0
9925.0,9930.0,9927.5,3.0544546e-05,0.00015272273,0
9930.0,9935.0,9932.5,3.4232272e-05,0.00017116136,0
9935.0,9940.0,9937.5,3.1408514e-05,0.00015704257,0
9940.0,9945.0,9942.5,2.4592796e-05,0.00012296398,0
9945.0,9950.0,9947.5,3.893311e-05,0.00019466555,0
9950.0,9955.0,9952.5,2.3799e-05,0.000118995,0
9955.0,9960.0,9957.5,3.2175274e-05,0.00016087637,0
9960.0,9965.0,9962.5,2.9521624e-05,0.00014760812,0
9965.0,9970.0,9967.5,3.2400252e-05,0.00016200126,0
9970.0,9975.0,9972.5,2.46021e-05,0.0001230105,0
9975.0,9980.0,9977.5,3.0442296e-05,0.00015221148,0
9980.0,9985.0,9982.5,3.4014418e-05,0.00017007209,0
9985.0,9990.0,9987.5,2.958246e-05,0.0001479123,0
9990.0,9995.0,9992.5,3.2295874e-05,0.00016147937,0
9995.0,10000.0,9997.5,1.8149224e-05,9.074612e-05,0
10000.0,10005.0,10002.5,3.3215176e-05,0.00016607588,0
10005.0,10010.0,10007.5,2.5680666e-05,0.00012840333,0
10010.0,10015.0,10012.5,2.57792e-05,0.000128896,0
10015.0,10020.0,10017.5,3.427677e-05,0.00017138385,0
10020.0,10025.0,10022.5,3.8038636e-05,0.00019019318,0
10025.0,10030.0,10027.5,2.4604002e-05,0.00012302001,0
10030.0,10035.0,10032.5,2.7608218e-05,0.00013804109,0
10035.0,10040.0,10037.5,3.806205e-05,0.00019031025,0
10040.0,10045.0,10042.5,3.339264e-05,0.0001669632,0
10045.0,10050.0,10047.5,3.0542384e-05,0.00015271192,0
10050.0,10055.0,10052.5,3.6103766e-05,0.00018051883,0
10055.0,10060.0,10057.5,2.1745796e-05,0.00010872898,0
10060.0,10065.0,10062.5,2.3788638e-05,0.00011894319,0
10065.0,10070.0,10067.5,2.8686378e-05,0.00014343189,0
10070.0,10075.0,10072.5,4.5615958e-05,0.00022807979,0
10075.0,10080.0,10077.5,3.0233912e-05,0.00015116956,0
10080.0,10085.0,10082.5,3.1380272e-05,0.00015690136,0
10085.0,10090.0,10087.5,3.3406454e-05,0.00016703227,0
10090.0,10095.0,10092.5,3.798184e-05,0.0001899092,0
10095.0,10100.0,10097.5,3.2579822e-05,0.00016289911,0
10100.0,10105.0,10102.5,3.5206278e-05,0.00017603139,0
10105.0,10110.0,10107.5,2.9634798e-05,0.00014817399,0
10110.0,10115.0,10112.5,3.4056028e-05,0.00017028014,0
10115.0,10120.0,10117.5,2.9434598e-05,0.00014717299,0
10120.0,10125.0,10122.5,2.8636262e-05,0.00014318131,0
10125.0,10130.0,10127.5,3.2264956e-05,0.00016132478,0
10130.0,10135.0,10132.5,3.3173144e-05,0.00016586572,0
10135.0,10140.0,10137.5,3.1227976e-05,0.00015613988,0
10140.0,10145.0,10142.5,3.3482814e-05,0.00016741407,0
10145.0,10150.0,10147.5,2.6561566e-05,0.00013280783,0
10150.0,10155.0,10152.5,2.7624752e-05,0.00013812376,0
10155.0,10160.0,10157.5,2.54046e-05,0.000127023,0
10160.0,10165.0,10162.5,3.2403394e-05,0.00016201697,0
10165.0,10170.0,10167.5,3.4381048e-05,0.00017190524,0
10170.0,10175.0,10172.5,3.0442426e-05,0.00015221213,0
10175.0,10180.0,10177.5,3.9949266e-05,0.00019974633,0
10180.0,10185.0,10182.5,3.1495028e-05,0.00015747514,0
10185.0,10190.0,10187.5,2.10013e-05,0.0001050065,0
10190.0,10195.0,10192.5,3.0387392e-05,0.00015193696,0
10195.0,10200.0,10197.5,3.6186362e-05,0.00018093181,0
10200.0,10205.0,10202.5,3.5079742e-05,0.00017539871,0
10205.0,10210.0,10207.5,2.863681e-05,0.00014318405,0
10210.0,10215.0,10212.5,3.1288902e-05,0.00015644451,0
10215.0,10220.0,10217.5,2.1992346e-05,0.00010996173,0
10220.0,10225.0,10222.5,3.992468e-05,0.0001996234,0
10225.0,10230.0,10227.5,2.7744796e-05,0.00013872398,0
10230.0,10235.0,10232.5,3.2334952e-05,0.00016167476,0
10235.0,10240.0,10237.5,3.1314402e-05,0.00015657201,0
10240.0,10245.0,10242.5,2.7630138e-05,0.00013815069,0
10245.0,10250.0,10247.5,4.28628e-05,0.000214314,0
10250.0,10255.0,10252.5,2.7638508e-05,0.00013819254,0
10255.0,10260.0,10257.5,5.0508744e-05,0.00025254372,0
10260.0,10265.0,10262.5,3.2152152e-05,0.00016076076,0
10265.0,10270.0,10267.5,2.6562592e-05,0.00013281296,0
10270.0,10275.0,10272.5,2.6632078e-05,0.00013316039,0
10275.0,10280.0,10277.5,3.4386072e-05,0.00017193036,0
10280.0,10285.0,10282.5,4.0047928e-05,0.00020023964,0
10285.0,10290.0,10287.5,2.3855456e-05,0.00011927728,0
10290.0,10295.0,10292.5,2.4839818e-05,0.00012419909,0
10295.0,10300.0,10297.5,2.8406842e-05,0.00014203421,0
10300.0,10305.0,10302.5,3.1326698e-05,0.00015663349,0
10305.0,10310.0,10307.5,3.1299292e-05,0.00015649646,0
10310.0,10315.0,10312.5,3.2215644e-05,0.00016107822,0
10315.0,10320.0,10317.5,3.0487592e-05,0.00015243796,0
10320.0,10325.0,10322.5,3.798365e-05,0.00018991825,0
10325.0,10330.0,10327.5,2.7426268e-05,0.00013713134,0
10330.0,10335.0,10332.5,2.859709e-05,0.00014298545,0
10335.0,10340.0,10337.5,2.7612598e-05,0.00013806299,0
10340.0,10345.0,10342.5,2.3684476e-05,0.00011842238,0
10345.0,10350.0,10347.5,3.4241348e-05,0.00017120674,0
10350.0,10355.0,10352.5,2.940544e-05,0.0001470272,0
10355.0,10360.0,10357.5,2.5690966e-05,0.00012845483,0
10360.0,10365.0,10362.5,2.8535266e-05,0.00014267633,0
10365.0,10370.0,10367.5,3.0467376e-05,0.00015233688,0
10370.0,10375.0,10372.5,3.5422826e-05,0.00017711413,0
10375.0,10380.0,10377.5,2.4752336e-05,0.00012376168,0
10380.0,10385.0,10382.5,4.189692e-05,0.0002094846,0
10385.0,10390.0,10387.5,2.9425826e-05,0.00014712913,0
10390.0,10395.0,10392.5,2.1783694e-05,0.00010891847,0
10395.0,10400.0,10397.5,2.7641598e-05,0.00013820799,0
10400.0,10405.0,10402.5,3.4079448e-05,0.00017039724,0
10405.0,10410.0,10407.5,2.302853e-05,0.00011514265,0
10410.0,10415.0,10412.5,2.9451796e-05,0.00014725898,0
10415.0,10420.0,10417.5,3.413812e-05,0.0001706906,0
10420.0,10425.0,10422.5,3.7073794e-05,0.00018536897,0
10425.0,10430.0,10427.5,3.2423344e-05,0.00016211672,0
10430.0,10435.0,10432.5,2.950588e-05,0.0001475294,0
10435.0,10440.0,10437.5,2.9372716e-05,0.00014686358,0
10440.0,10445.0,10442.5,2.7644138e-05,0.00013822069,0
10445.0,10450.0,10447.5,3.7018246e-05,0.00018509123,0
10450.0,10455.0,10452.5,2.5740782e-05,0.00012870391,0
10455.0,10460.0,10457.5,3.8180514e-05,0.00019090257,0
10460.0,10465.0,10462.5,2.6612644e-05,0.00013306322,0
10465.0,10470.0,10467.5,2.8576588e-05,0.00014288294,0
10470.0,10475.0,10472.5,3.99234e-05,0.000199617,0
10475.0,10480.0,10477.5,2.3879182e-05,0.00011939591,0
10480.0,10485.0,10482.5,2.9469592e-05,0.00014734796,0
10485.0,10490.0,10487.5,2.9438068e-05,0.00014719034,0
10490.0,10495.0,10492.5,2.5699002e-05,0.00012849501,0
10495.0,10500.0,10497.5,2.6743026e-05,0.00013371513,0
10500.0,10505.0,10502.5,3.6033508e-05,0.00018016754,0
10505.0,10510.0,10507.5,2.2802914e-05,0.00011401457,0
10510.0,10515.0,10512.5,2.6617668e-05,0.00013308834,0
10515.0,10520.0,10517.5,3.053498e-05,0.0001526749,0
10520.0,10525.0,10522.5,2.2944386e-05,0.00011472193,0
10525.0,10530.0,10527.5,2.754741e-05,0.00013773705,0
10530.0,10535.0,10532.5,3.3488086e-05,0.00016744043,0
10535.0,10540.0,10537.5,2.8463458e-05,0.00014231729,0
10540.0,10545.0,10542.5,3.0504824e-05,0.00015252412,0
10545.0,10550.0,10547.5,2.760872e-05,0.0001380436,0
10550.0,10555.0,10552.5,3.8085246e-05,0.00019042623,0
10555.0,10560.0,10557.5,3.7074094e-05,0.00018537047,0
10560.0,10565.0,10562.5,4.4685708e-05,0.00022342854,0
10565.0,10570.0,10567.5,2.9626932e-05,0.00014813466,0
10570.0,10575.0,10572.5,3.6312588e-05,0.00018156294,0
10575.0,10580.0,10577.5,2.3911584e-05,0.00011955792,0
10580.0,10585.0,10582.5,2.7621418e-05,0.00013810709,0
10585.0,10590.0,10587.5,2.363645e-05,0.00011818225,0
10590.0,10595.0,10592.5,3.5127334e-05,0.00017563667,0
10595.0,10600.0,10597.5,2.2876746e-05,0.00011438373,0
10600.0,10605.0,10602.5,3.905776e-05,0.0001952888,0
10605.0,10610.0,10607.5,2.4662526e-05,0.00012331263,0
10610.0,10615.0,10612.5,2.3781622e-05,0.00011890811,0
10615.0,10620.0,10617.5,2.5583872e-05,0.00012791936,0
10620.0,10625.0,10622.5,2.7459032e-05,0.00013729516,0
10625.0,10630.0,10627.5,3.1346494e-05,0.00015673247,0
10630.0,10635.0,10632.5,2.5645858e-05,0.00012822929,0
10635.0,10640.0,10637.5,3.4245822e-05,0.00017122911,0
10640.0,10645.0,10642.5,3.2526182e-05,0.00016263091,0
10645.0,10650.0,10647.5,2.7502118e-05,0.00013751059,0
10650.0,10655.0,10652.5,2.5932884e-05,0.00012966442,0
10655.0,10660.0,10657.5,3.8041814e-05,0.00019020907,0
10660.0,10665.0,10662.5,3.8065688e-05,0.00019032844,0
10665.0,10670.0,10667.5,3.1567086e-05,0.00015783543,0
10670.0,10675.0,10672.5,4.2920612e-05,0.00021460306,0
10675.0,10680.0,10677.5,2.2915568e-05,0.00011457784,0
10680.0,10685.0,10682.5,3.1515674e-05,0.00015757837,0
10685.0,10690.0,10687.5,1.8958188e-05,9.479094e-05,0
10690.0,10695.0,10692.5,2.4849992e-05,0.00012424996,0
10695.0,10700.0,10697.5,3.5237628e-05,0.00017618814,0
10700.0,10705.0,10702.5,2.3696968e-05,0.00011848484,0
10705.0,10710.0,10707.5,2.6469408e-05,0.00013234704,0
10710.0,10715.0,10712.5,2.860923e-05,0.00014304615,0
10715.0,10720.0,10717.5,2.4720778e-05,0.00012360389,0
10720.0,10725.0,10722.5,2.8682298e-05,0.00014341149,0
10725.0,10730.0,10727.5,2.660412e-05,0.0001330206,0
10730.0,10735.0,10732.5,2.934922e-05,0.0001467461,0
10735.0,10740.0,10737.5,2.6650834e-05,0.00013325417,0
10740.0,10745.0,10742.5,2.945237e-05,0.00014726185,0
10745.0,10750.0,10747.5,2.7672618e-05,0.00013836309,0
10750.0,10755.0,10752.5,2.7574498e-05,0.00013787249,0
10755.0,10760.0,10757.5,2.8486626e-05,0.00014243313,0
10760.0,10765.0,10762.5,2.8500376e-05,0.00014250188,0
10765.0,10770.0,10767.5,2.1818058e-05,0.00010909029,0
10770.0,10775.0,10772.5,2.7807556e-05,0.00013903778,0
10775.0,10780.0,10777.5,2.5513906e-05,0.00012756953,0
10780.0,10785.0,10782.5,2.0133462e-05,0.00010066731,0
10785.0,10790.0,10787.5,3.1400288e-05,0.00015700144,0
10790.0,10795.0,10792.5,1.9166132e-05,9.583066e-05,0
10795.0,10800.0,10797.5,2.2861998e-05,0.00011430999,0
10800.0,10805.0,10802.5,2.8762512e-05,0.00014381256,0
10805.0,10810.0,10807.5,2.9436014e-05,0.00014718007,0
10810.0,10815.0,10812.5,2.9431332e-05,0.00014715666,0
10815.0,10820.0,10817.5,3.6302976e-05,0.00018151488,0
10820.0,10825.0,10822.5,2.0861444e-05,0.00010430722,0
10825.0,10830.0,10827.5,3.1548514e-05,0.00015774257,0
10830.0,10835.0,10832.5,2.572652e-05,0.0001286326,0
10835.0,10840.0,10837.5,1.4273784e-05,7.136892e-05,0
10840.0,10845.0,10842.5,3.5220136e-05,0.00017610068,0
10845.0,10850.0,10847.5,2.1937074e-05,0.00010968537,0
10850.0,10855.0,10852.5,2.4747358e-05,0.00012373679,0
10855.0,10860.0,10857.5,2.9333566e-05,0.00014666783,0
10860.0,10865.0,10862.5,2.286746e-05,0.0001143373,0
10865.0,10870.0,10867.5,4.000069e-05,0.00020000345,0
10870.0,10875.0,10872.5,2.277427e-05,0.00011387135,0
10875.0,10880.0,10877.5,2.6743918e-05,0.00013371959,0
10880.0,10885.0,10882.5,2.9296934e-05,0.00014648467,0
10885.0,10890.0,10887.5,2.7584428e-05,0.00013792214,0
10890.0,10895.0,10892.5,3.2286528e-05,0.00016143264,0
10895.0,10900.0,10897.5,3.6041804e-05,0.00018020902,0
10900.0,10905.0,10902.5,3.1202408e-05,0.00015601204,0
10905.0,10910.0,10907.5,2.9495448e-05,0.00014747724,0
10910.0,10915.0,10912.5,2.8540642e-05,0.00014270321,0
10915.0,10920.0,10917.5,2.842177e-05,0.00014210885,0
10920.0,10925.0,10922.5,2.8575118e-05,0.00014287559,0
10925.0,10930.0,10927.5,2.8374074e-05,0.00014187037,0
10930.0,10935.0,10932.5,3.0416222e-05,0.00015208111,0
10935.0,10940.0,10937.5,3.9961208e-05,0.00019980604,0
10940.0,10945.0,10942.5,3.235445e-05,0.00016177225,0
10945.0,10950.0,10947.5,2.5683894e-05,0.00012841947,0
10950.0,10955.0,10952.5,4.1084318e-05,0.00020542159,0
10955.0,10960.0,10957.5,2.2739554e-05,0.00011369777,0
10960.0,10965.0,10962.5,3.1442148e-05,0.00015721074,0
10965.0,10970.0,10967.5,3.1200234e-05,0.00015600117,0
10970.0,10975.0,10972.5,2.7511672e-05,0.00013755836,0
10975.0,10980.0,10977.5,2.575573e-05,0.00012877865,0
10980.0,10985.0,10982.5,2.4759224e-05,0.00012379612,0
10985.0,10990.0,10987.5,3.4142438e-05,0.00017071219,0
10990.0,10995.0,10992.5,1.516721e-05,7.583605e-05,0
10995.0,11000.0,10997.5,2.372121e-05,0.00011860605,0
11000.0,11005.0,11002.5,2.6695568e-05,0.00013347784,0
11005.0,11010.0,11007.5,3.4262264e-05,0.00017131132,0
11010.0,11015.0,11012.5,2.179855e-05,0.00010899275,0
11015.0,11020.0,11017.5,2.2829904e-05,0.00011414952,0
11020.0,11025.0,11022.5,3.3289598e-05,0.00016644799,0
11025.0,11030.0,11027.5,2.5785064e-05,0.00012892532,0
11030.0,11035.0,11032.5,3.042902e-05,0.0001521451,0
11035.0,11040.0,11037.5,3.6037606e-05,0.00018018803,0
11040.0,11045.0,11042.5,3.1375744e-05,0.00015687872,0
11045.0,11050.0,11047.5,2.8544934e-05,0.00014272467,0
11050.0,11055.0,11052.5,2.751317e-05,0.00013756585,0
11055.0,11060.0,11057.5,3.2309258e-05,0.00016154629,0
11060.0,11065.0,11062.5,2.8605594e-05,0.00014302797,0
11065.0,11070.0,11067.5,2.188897e-05,0.00010944485,0
11070.0,11075.0,11072.5,2.6647932e-05,0.00013323966,0
11075.0,11080.0,11077.5,3.337346e-05,0.0001668673,0
11080.0,11085.0,11082.5,3.3367598e-05,0.00016683799,0
11085.0,11090.0,11087.5,2.8566026e-05,0.00014283013,0
11090.0,11095.0,11092.5,2.4698884e-05,0.00012349442,0
11095.0,11100.0,11097.5,2.7407608e-05,0.00013703804,0
11100.0,11105.0,11102.5,2.3716662e-05,0.00011858331,0
11105.0,11110.0,11107.5,3.0443784e-05,0.00015221892,0
11110.0,11115.0,11112.5,3.1471812e-05,0.00015735906,0
11115.0,11120.0,11117.5,2.6579408e-05,0.00013289704,0
11120.0,11125.0,11122.5,3.6316704e-05,0.00018158352,0
11125.0,11130.0,11127.5,3.2402336e-05,0.00016201168,0
11130.0,11135.0,11132.5,2.7629752e-05,0.00013814876,0
11135.0,11140.0,11137.5,2.0041352e-05,0.00010020676,0
11140.0,11145.0,11142.5,2.7529548e-05,0.00013764774,0
11145.0,11150.0,11147.5,2.282888e-05,0.0001141444,0
11150.0,11155.0,11152.5,1.8989642e-05,9.494821e-05,0
11155.0,11160.0,11157.5,2.8591424e-05,0.00014295712,0
11160.0,11165.0,11162.5,2.2774602e-05,0.00011387301,0
11165.0,11170.0,11167.5,2.1872798e-05,0.00010936399,0
11170.0,11175.0,11172.5,3.1532214e-05,0.00015766107,0
11175.0,11180.0,11177.5,2.0035034e-05,0.00010017517,0
11180.0,11185.0,11182.5,3.8864064e-05,0.00019432032,0
11185.0,11190.0,11187.5,2.6707458e-05,0.00013353729,0
11190.0,11195.0,11192.5,2.4709788e-05,0.00012354894,0
11195.0,11200.0,11197.5,2.6738884e-05,0.00013369442,0
11200.0,11205.0,11202.5,1.7139636e-05,8.569818e-05,0
11205.0,11210.0,11207.5,3.1418962e-05,0.00015709481,0
11210.0,11215.0,11212.5,2.7560334e-05,0.00013780167,0
11215.0,11220.0,11217.5,3.0306548e-05,0.00015153274,0
11220.0,11225.0,11222.5,2.4660602e-05,0.00012330301,0
11225.0,11230.0,11227.5,2.4693392e-05,0.00012346696,0
11230.0,11235.0,11232.5,2.7467926e-05,0.00013733963,0
11235.0,11240.0,11237.5,2.4683732e-05,0.00012341866,0
11240.0,11245.0,11242.5,3.0306958e-05,0.00015153479,0
11245.0,11250.0,11247.5,2.9489068e-05,0.00014744534,0
11250.0,11255.0,11252.5,3.6154386e-05,0.00018077193,0
11255.0,11260.0,11257.5,3.0521932e-05,0.00015260966,0
11260.0,11265.0,11262.5,2.6529494e-05,0.00013264747,0
11265.0,11270.0,11267.5,2.774205e-05,0.00013871025,0
11270.0,11275.0,11272.5,3.3313862e-05,0.00016656931,0
11275.0,11280.0,11277.5,3.0284464e-05,0.00015142232,0
11280.0,11285.0,11282.5,2.2992774e-05,0.00011496387,0
11285.0,11290.0,11287.5,2.8551352e-05,0.00014275676,0
11290.0,11295.0,11292.5,4.081723e-05,0.00020408615,0
11295.0,11300.0,11297.5,2.5703664e-05,0.00012851832,0
11300.0,11305.0,11302.5,2.0951662e-05,0.00010475831,0
11305.0,11310.0,11307.5,2.2876252e-05,0.00011438126,0
11310.0,11315.0,11312.5,2.847836e-05,0.0001423918,0
11315.0,11320.0,11317.5,3.2323158e-05,0.00016161579,0
11320.0,11325.0,11322.5,3.226777e-05,0.00016133885,0
11325.0,11330.0,11327.5,1.8084984e-05,9.042492e-05,0
11330.0,11335.0,11332.5,2.585434e-05,0.0001292717,0
11335.0,11340.0,11337.5,2.8421048e-05,0.00014210524,0
11340.0,11345.0,11342.5,2.5633174e-05,0.00012816587,0
11345.0,11350.0,11347.5,2.656631e-05,0.00013283155,0
11350.0,11355.0,11352.5,2.4667698e-05,0.00012333849,0
11355.0,11360.0,11357.5,2.9587742e-05,0.00014793871,0
11360.0,11365.0,11362.5,2.5515822e-05,0.00012757911,0
11365.0,11370.0,11367.5,3.8880884e-05,0.00019440442,0
11370.0,11375.0,11372.5,1.888906e-05,9.44453e-05,0
11375.0,11380.0,11377.5,2.7647556e-05,0.00013823778,0
11380.0,11385.0,11382.5,2.6583008e-05,0.00013291504,0
11385.0,11390.0,11387.5,1.8132342e-05,9.066171e-05,0
11390.0,11395.0,11392.5,2.6547942e-05,0.00013273971,0
11395.0,11400.0,11397.5,3.3135492e-05,0.00016567746,0
11400.0,11405.0,11402.5,2.6711024e-05,0.00013355512,0
11405.0,11410.0,11407.5,3.0574754e-05,0.00015287377,0
11410.0,11415.0,11412.5,2.2661418e-05,0.00011330709,0
11415.0,11420.0,11417.5,2.2876462e-05,0.00011438231,0
11420.0,11425.0,11422.5,3.79291e-05,0.0001896455,0
11425.0,11430.0,11427.5,3.221661e-05,0.00016108305,0
11430.0,11435.0,11432.5,3.143393e-05,0.00015716965,0
11435.0,11440.0,11437.5,2.4695244e-05,0.00012347622,0
11440.0,11445.0,11442.5,1.8976892e-05,9.488446e-05,0
11445.0,11450.0,11447.5,2.8565024e-05,0.00014282512,0
11450.0,11455.0,11452.5,3.3105382e-05,0.00016552691,0
11455.0,11460.0,11457.5,2.6529668e-05,0.00013264834,0
11460.0,11465.0,11462.5,2.100937e-05,0.00010504685,0
11465.0,11470.0,11467.5,2.7475428e-05,0.00013737714,0
11470.0,11475.0,11472.5,2.2775302e-05,0.00011387651,0
11475.0,11480.0,11477.5,2.9339478e-05,0.00014669739,0
11480.0,11485.0,11482.5,3.3268858e-05,0.00016634429,0
11485.0,11490.0,11487.5,3.991721e-05,0.00019958605,0
11490.0,11495.0,11492.5,3.2207868e-05,0.00016103934,0
11495.0,11500.0,11497.5,2.962334e-05,0.0001481167,0
11500.0,11505.0,11502.5,2.5638026e-05,0.00012819013,0
11505.0,11510.0,11507.5,1.8094962e-05,9.047481e-05,0
11510.0,11515.0,11512.5,2.6755162e-05,0.00013377581,0
11515.0,11520.0,11517.5,3.1382558e-05,0.00015691279,0
11520.0,11525.0,11522.5,2.37926e-05,0.000118963,0
11525.0,11530.0,11527.5,1.5120738e-05,7.560369e-05,0
11530.0,11535.0,11532.5,2.09452e-05,0.000104726,0
11535.0,11540.0,11537.5,2.5573682e-05,0.00012786841,0
11540.0,11545.0,11542.5,3.5084498e-05,0.00017542249,0
11545.0,11550.0,11547.5,1.9893704e-05,9.946852e-05,0
11550.0,11555.0,11552.5,2.8618454e-05,0.00014309227,0
11555.0,11560.0,11557.5,3.061336e-05,0.0001530668,0
11560.0,11565.0,11562.5,2.8711318e-05,0.00014355659,0
11565.0,11570.0,11567.5,2.7688548e-05,0.00013844274,0
11570.0,11575.0,11572.5,2.5800582e-05,0.00012900291,0
11575.0,11580.0,11577.5,2.6532084e-05,0.00013266042,0
11580.0,11585.0,11582.5,1.896844e-05,9.48422e-05,0
11585.0,11590.0,11587.5,3.2293288e-05,0.00016146644,0
11590.0,11595.0,11592.5,2.8310332e-05,0.00014155166,0
11595.0,11600.0,11597.5,3.6234492e-05,0.00018117246,0
11600.0,11605.0,11602.5,4.059973e-05,0.00020299865,0
11605.0,11610.0,11607.5,2.0042918e-05,0.00010021459,0
11610.0,11615.0,11612.5,2.7678328e-05,0.00013839164,0
11615.0,11620.0,11617.5,2.6582688e-05,0.00013291344,0
11620.0,11625.0,11622.5,2.0046568e-05,0.00010023284,0
11625.0,11630.0,11627.5,2.9464074e-05,0.00014732037,0
11630.0,11635.0,11632.5,1.9860064e-05,9.930032e-05,0
11635.0,11640.0,11637.5,2.363848e-05,0.0001181924,0
11640.0,11645.0,11642.5,3.4166774e-05,0.00017083387,0
11645.0,11650.0,11647.5,2.9594264e-05,0.00014797132,0
11650.0,11655.0,11652.5,2.6610516e-05,0.00013305258,0
11655.0,11660.0,11657.5,2.8675006e-05,0.00014337503,0
11660.0,11665.0,11662.5,2.2822408e-05,0.00011411204,0
11665.0,11670.0,11667.5,1.9961416e-05,9.980708e-05,0
11670.0,11675.0,11672.5,2.8488096e-05,0.00014244048,0
11675.0,11680.0,11677.5,2.0849828e-05,0.00010424914,0
11680.0,11685.0,11682.5,2.4763788e-05,0.00012381894,0
11685.0,11690.0,11687.5,3.1417282e-05,0.00015708641,0
11690.0,11695.0,11692.5,2.364582e-05,0.0001182291,0
11695.0,11700.0,11697.5,2.8488674e-05,0.00014244337,0
11700.0,11705.0,11702.5,2.6678942e-05,0.00013339471,0
11705.0,11710.0,11707.5,2.6576422e-05,0.00013288211,0
11710.0,11715.0,11712.5,2.4649428e-05,0.00012324714,0
11715.0,11720.0,11717.5,3.0546896e-05,0.00015273448,0
11720.0,11725.0,11722.5,2.2871618e-05,0.00011435809,0
11725.0,11730.0,11727.5,2.2911298e-05,0.00011455649,0
11730.0,11735.0,11732.5,2.0072036e-05,0.00010036018,0
11735.0,11740.0,11737.5,2.5659678e-05,0.00012829839,0
11740.0,11745.0,11742.5,2.0941656e-05,0.00010470828,0
11745.0,11750.0,11747.5,2.3863144e-05,0.00011931572,0
11750.0,11755.0,11752.5,2.0935576e-05,0.00010467788,0
11755.0,11760.0,11757.5,2.281747e-05,0.00011408735,0
11760.0,11765.0,11762.5,2.088876e-05,0.0001044438,0
11765.0,11770.0,11767.5,2.844685e-05,0.00014223425,0
11770.0,11775.0,11772.5,3.135949e-05,0.00015679745,0
11775.0,11780.0,11777.5,2.7664646e-05,0.00013832323,0
11780.0,11785.0,11782.5,1.8986788e-05,9.493394e-05,0
11785.0,11790.0,11787.5,2.7513744e-05,0.00013756872,0
11790.0,11795.0,11792.5,2.5686294e-05,0.00012843147,0
11795.0,11800.0,11797.5,2.18533e-05,0.0001092665,0
11800.0,11805.0,11802.5,3.4217738e-05,0.00017108869,0
11805.0,11810.0,11807.5,2.5513354e-05,0.00012756677,0
11810.0,11815.0,11812.5,2.4517442e-05,0.00012258721,0
11815.0,11820.0,11817.5,2.2865634e-05,0.00011432817,0
11820.0,11825.0,11822.5,2.57799e-05,0.0001288995,0
11825.0,11830.0,11827.5,2.0892074e-05,0.00010446037,0
11830.0,11835.0,11832.5,2.1945398e-05,0.00010972699,0
11835.0,11840.0,11837.5,2.6558212e-05,0.00013279106,0
11840.0,11845.0,11842.5,2.1820016e-05,0.00010910008,0
11845.0,11850.0,11847.5,2.9435524e-05,0.00014717762,0
11850.0,11855.0,11852.5,1.8112712e-05,9.056356e-05,0
11855.0,11860.0,11857.5,2.3788534e-05,0.00011894267,0
11860.0,11865.0,11862.5,2.1810304e-05,0.00010905152,0
11865.0,11870.0,11867.5,3.1369418e-05,0.00015684709,0
11870.0,11875.0,11872.5,2.6695308e-05,0.00013347654,0
11875.0,11880.0,11877.5,2.4558638e-05,0.00012279319,0
11880.0,11885.0,11882.5,2.3002386e-05,0.00011501193,0
11885.0,11890.0,11887.5,2.1062092e-05,0.00010531046,0
11890.0,11895.0,11892.5,2.2797146e-05,0.00011398573,0
11895.0,11900.0,11897.5,2.005316e-05,0.0001002658,0
11900.0,11905.0,11902.5,2.3754112e-05,0.00011877056,0
11905.0,11910.0,11907.5,2.1745556e-05,0.00010872778,0
11910.0,11915.0,11912.5,2.1891854e-05,0.00010945927,0
11915.0,11920.0,11917.5,2.1795612e-05,0.00010897806,0
11920.0,11925.0,11922.5,2.0810518e-05,0.00010405259,0
11925.0,11930.0,11927.5,2.5752182e-05,0.00012876091,0
11930.0,11935.0,11932.5,2.2758626e-05,0.00011379313,0
11935.0,11940.0,11937.5,3.3030972e-05,0.00016515486,0
11940.0,11945.0,11942.5,2.3821936e-05,0.00011910968,0
11945.0,11950.0,11947.5,2.6629756e-05,0.00013314878,0
11950.0,11955.0,11952.5,2.7408006e-05,0.00013704003,0
11955.0,11960.0,11957.5,1.910712e-05,9.55356e-05,0
11960.0,11965.0,11962.5,1.989609e-05,9.948045e-05,0
11965.0,11970.0,11967.5,2.2837616e-05,0.00011418808,0
11970.0,11975.0,11972.5,2.3771492e-05,0.00011885746,0
11975.0,11980.0,11977.5,2.6765588e-05,0.00013382794,0
11980.0,11985.0,11982.5,3.51275e-05,0.0001756375,0
11985.0,11990.0,11987.5,2.0922306e-05,0.00010461153,0
11990.0,11995.0,11992.5,2.0016398e-05,0.00010008199,0
11995.0,12000.0,11997.5,2.1771954e-05,0.00010885977,0
12000.0,12005.0,12002.5,3.2301102e-05,0.00016150551,0
12005.0,12010.0,12007.5,2.1829176e-05,0.00010914588,0
12010.0,12015.0,12012.5,2.497825e-05,0.00012489125,0
12015.0,12020.0,12017.5,2.7371276e-05,0.00013685638,0
12020.0,12025.0,12022.5,2.6650868e-05,0.00013325434,0
12025.0,12030.0,12027.5,1.6101826e-05,8.050913e-05,0
12030.0,12035.0,12032.5,2.1830926e-05,0.00010915463,0
12035.0,12040.0,12037.5,2.5719586e-05,0.00012859793,0
12040.0,12045.0,12042.5,2.6637266e-05,0.00013318633,0
12045.0,12050.0,12047.5,3.0608622e-05,0.00015304311,0
12050.0,12055.0,12052.5,2.9578108e-05,0.00014789054,0
12055.0,12060.0,12057.5,2.7590474e-05,0.00013795237,0
12060.0,12065.0,12062.5,3.0287826e-05,0.00015143913,0
12065.0,12070.0,12067.5,2.7628998e-05,0.00013814499,0
12070.0,12075.0,12072.5,2.5689518e-05,0.00012844759,0
12075.0,12080.0,12077.5,2.8486888e-05,0.00014243444,0
12080.0,12085.0,12082.5,2.9425938e-05,0.00014712969,0
12085.0,12090.0,12087.5,2.5543444e-05,0.00012771722,0
12090.0,12095.0,12092.5,2.3739934e-05,0.00011869967,0
12095.0,12100.0,12097.5,1.895241e-05,9.476205e-05,0
12100.0,12105.0,12102.5,2.5711906e-05,0.00012855953,0
12105.0,12110.0,12107.5,2.2002398e-05,0.00011001199,0
12110.0,12115.0,12112.5,2.1009194e-05,0.00010504597,0
12115.0,12120.0,12117.5,3.1466158e-05,0.00015733079,0
12120.0,12125.0,12122.5,1.6194368e-05,8.097184e-05,0
12125.0,12130.0,12127.5,2.391756e-05,0.0001195878,0
12130.0,12135.0,12132.5,2.8586562e-05,0.00014293281,0
12135.0,12140.0,12137.5,2.6593616e-05,0.00013296808,0
12140.0,12145.0,12142.5,2.3826052e-05,0.00011913026,0
12145.0,12150.0,12147.5,2.4730056e-05,0.00012365028,0
12150.0,12155.0,12152.5,2.5613242e-05,0.00012806621,0
12155.0,12160.0,12157.5,2.8541324e-05,0.00014270662,0
12160.0,12165.0,12162.5,2.465873e-05,0.00012329365,0
12165.0,12170.0,12167.5,1.7182846e-05,8.591423e-05,0
12170.0,12175.0,12172.5,2.6465754e-05,0.00013232877,0
12175.0,12180.0,12177.5,2.7567958e-05,0.00013783979,0
12180.0,12185.0,12182.5,1.8028016e-05,9.014008e-05,0
12185.0,12190.0,12187.5,2.5700694e-05,0.00012850347,0
12190.0,12195.0,12192.5,2.7427322e-05,0.00013713661,0
12195.0,12200.0,12197.5,2.5883316e-05,0.00012941658,0
12200.0,12205.0,12202.5,2.732969e-05,0.00013664845,0
12205.0,12210.0,12207.5,1.7173324e-05,8.586662e-05,0
12210.0,12215.0,12212.5,2.288575e-05,0.00011442875,0
12215.0,12220.0,12217.5,3.4217156e-05,0.00017108578,0
12220.0,12225.0,12222.5,2.6750766e-05,0.00013375383,0
12225.0,12230.0,12227.5,2.2811618e-05,0.00011405809,0
12230.0,12235.0,12232.5,2.6746044e-05,0.00013373022,0
12235.0,12240.0,12237.5,2.8399888e-05,0.00014199944,0
12240.0,12245.0,12242.5,1.8107412e-05,9.053706e-05,0
12245.0,12250.0,12247.5,3.3391026e-05,0.00016695513,0
12250.0,12255.0,12252.5,2.865296e-05,0.0001432648,0
12255.0,12260.0,12257.5,2.8697946e-05,0.00014348973,0
12260.0,12265.0,12262.5,2.2943422e-05,0.00011471711,0
12265.0,12270.0,12267.5,2.8454366e-05,0.00014227183,0
12270.0,12275.0,12272.5,1.8933422e-05,9.466711e-05,0
12275.0,12280.0,12277.5,2.667733e-05,0.00013338665,0
12280.0,12285.0,12282.5,3.1444654e-05,0.00015722327,0
12285.0,12290.0,12287.5,2.4741882e-05,0.00012370941,0
12290.0,12295.0,12292.5,2.4643236e-05,0.00012321618,0
12295.0,12300.0,12297.5,2.2855774e-05,0.00011427887,0
12300.0,12305.0,12302.5,2.2845162e-05,0.00011422581,0
12305.0,12310.0,12307.5,2.1778776e-05,0.00010889388,0
12310.0,12315.0,12312.5,2.1861322e-05,0.00010930661,0
12315.0,12320.0,12317.5,1.9916264e-05,9.958132e-05,0
12320.0,12325.0,12322.5,2.754316e-05,0.0001377158,0
12325.0,12330.0,12327.5,2.4896572e-05,0.00012448286,0
12330.0,12335.0,12332.5,2.277402e-05,0.0001138701,0
12335.0,12340.0,12337.5,2.7375574e-05,0.00013687787,0
12340.0,12345.0,12342.5,2.2870634e-05,0.00011435317,0
12345.0,12350.0,12347.5,2.8568514e-05,0.00014284257,0
12350.0,12355.0,12352.5,3.5080428e-05,0.00017540214,0
12355.0,12360.0,12357.5,2.3915062e-05,0.00011957531,0
12360.0,12365.0,12362.5,3.224996e-05,0.0001612498,0
12365.0,12370.0,12367.5,2.670733e-05,0.00013353665,0
12370.0,12375.0,12372.5,3.3212906e-05,0.00016606453,0
12375.0,12380.0,12377.5,3.331678e-05,0.0001665839,0
12380.0,12385.0,12382.5,2.2834804e-05,0.00011417402,0
12385.0,12390.0,12387.5,1.9901276e-05,9.950638e-05,0
12390.0,12395.0,12392.5,2.8540446e-05,0.00014270223,0
12395.0,12400.0,12397.5,1.9986854e-05,9.993427e-05,0
12400.0,12405.0,12402.5,2.76531e-05,0.0001382655,0
12405.0,12410.0,12407.5,2.7563184e-05,0.00013781592,0
12410.0,12415.0,12412.5,2.1798484e-05,0.00010899242,0
12415.0,12420.0,12417.5,3.695266e-05,0.0001847633,0
12420.0,12425.0,12422.5,2.559178e-05,0.0001279589,0
12425.0,12430.0,12427.5,2.475245e-05,0.00012376225,0
12430.0,12435.0,12432.5,2.1621436e-05,0.00010810718,0
12435.0,12440.0,12437.5,3.052094e-05,0.0001526047,0
12440.0,12445.0,12442.5,2.6579956e-05,0.00013289978,0
12445.0,12450.0,12447.5,2.3913976e-05,0.00011956988,0
12450.0,12455.0,12452.5,2.080558e-05,0.0001040279,0
12455.0,12460.0,12457.5,2.1843818e-05,0.00010921909,0
12460.0,12465.0,12462.5,2.092528e-05,0.0001046264,0
12465.0,12470.0,12467.5,2.6442438e-05,0.00013221219,0
12470.0,12475.0,12472.5,2.6678508e-05,0.00013339254,0
12475.0,12480.0,12477.5,2.7589672e-05,0.00013794836,0
12480.0,12485.0,12482.5,1.9925976e-05,9.962988e-05,0
12485.0,12490.0,12487.5,2.4683926e-05,0.00012341963,0
12490.0,12495.0,12492.5,3.123303e-05,0.00015616515,0
12495.0,12500.0,12497.5,3.132173e-05,0.00015660865,0
12500.0,12505.0,12502.5,2.1983904e-05,0.00010991952,0
12505.0,12510.0,12507.5,2.8477386e-05,0.00014238693,0
12510.0,12515.0,12512.5,2.5595788e-05,0.00012797894,0
12515.0,12520.0,12517.5,2.8517036e-05,0.00014258518,0
12520.0,12525.0,12522.5,1.4377814e-05,7.188907e-05,0
12525.0,12530.0,12527.5,2.8597176e-05,0.00014298588,0
12530.0,12535.0,12532.5,2.7531878e-05,0.00013765939,0
12535.0,12540.0,12537.5,1.886203e-05,9.431015e-05,0
12540.0,12545.0,12542.5,2.3704664e-05,0.00011852332,0
12545.0,12550.0,12547.5,2.365478e-05,0.0001182739,0
12550.0,12555.0,12552.5,2.4804012e-05,0.00012402006,0
12555.0,12560.0,12557.5,2.0919898e-05,0.00010459949,0
12560.0,12565.0,12562.5,1.7970396e-05,8.985198e-05,0
12565.0,12570.0,12567.5,2.6564458e-05,0.00013282229,0
12570.0,12575.0,12572.5,2.1872892e-05,0.00010936446,0
12575.0,12580.0,12577.5,2.179809e-05,0.00010899045,0
12580.0,12585.0,12582.5,2.669529e-05,0.00013347645,0
12585.0,12590.0,12587.5,1.805638e-05,9.02819e-05,0
12590.0,12595.0,12592.5,2.4845224e-05,0.00012422612,0
12595.0,12600.0,12597.5,1.6100716e-05,8.050358e-05,0
12600.0,12605.0,12602.5,1.8084392e-05,9.042196e-05,0
12605.0,12610.0,12607.5,2.0142908e-05,0.00010071454,0
12610.0,12615.0,12612.5,3.6990918e-05,0.00018495459,0
12615.0,12620.0,12617.5,1.9193e-05,9.5965e-05,0
12620.0,12625.0,12622.5,1.910481e-05,9.552405e-05,0
12625.0,12630.0,12627.5,1.99417e-05,9.97085e-05,0
12630.0,12635.0,12632.5,1.9953638e-05,9.976819e-05,0
12635.0,12640.0,12637.5,2.4725128e-05,0.00012362564,0
12640.0,12645.0,12642.5,1.4269532e-05,7.134766e-05,0
12645.0,12650.0,12647.5,1.8856572e-05,9.428286e-05,0
12650.0,12655.0,12652.5,2.278161e-05,0.00011390805,0
12655.0,12660.0,12657.5,2.475127e-05,0.00012375635,0
12660.0,12665.0,12662.5,3.4215596e-05,0.00017107798,0
12665.0,12670.0,12667.5,2.388183e-05,0.00011940915,0
12670.0,12675.0,12672.5,2.3763936e-05,0.00011881968,0
12675.0,12680.0,12677.5,2.1035438e-05,0.00010517719,0
12680.0,12685.0,12682.5,2.1921152e-05,0.00010960576,0
12685.0,12690.0,12687.5,2.1923682e-05,0.00010961841,0
12690.0,12695.0,12692.5,2.18804e-05,0.000109402,0
12695.0,12700.0,12697.5,1.8196576e-05,9.098288e-05,0
12700.0,12705.0,12702.5,2.4725928e-05,0.00012362964,0
12705.0,12710.0,12707.5,1.992005e-05,9.960025e-05,0
12710.0,12715.0,12712.5,2.83643e-05,0.0001418215,0
12715.0,12720.0,12717.5,2.9572562e-05,0.00014786281,0
12720.0,12725.0,12722.5,2.1819464e-05,0.00010909732,0
12725.0,12730.0,12727.5,2.6604946e-05,0.00013302473,0
12730.0,12735.0,12732.5,3.5107894e-05,0.00017553947,0
12735.0,12740.0,12737.5,2.1947316e-05,0.00010973658,0
12740.0,12745.0,12742.5,2.473746e-05,0.0001236873,0
12745.0,12750.0,12747.5,3.330849e-05,0.00016654245,0
12750.0,12755.0,12752.5,2.5711724e-05,0.00012855862,0
12755.0,12760.0,12757.5,2.397187e-05,0.00011985935,0
12760.0,12765.0,12762.5,1.9910048e-05,9.955024e-05,0
12765.0,12770.0,12767.5,1.8007736e-05,9.003868e-05,0
12770.0,12775.0,12772.5,2.548747e-05,0.00012743735,0
12775.0,12780.0,12777.5,2.0076228e-05,0.00010038114,0
12780.0,12785.0,12782.5,3.0421606e-05,0.00015210803,0
12785.0,12790.0,12787.5,2.4777788e-05,0.00012388894,0
12790.0,12795.0,12792.5,3.4274386e-05,0.00017137193,0
12795.0,12800.0,12797.5,3.4158146e-05,0.00017079073,0
12800.0,12805.0,12802.5,2.1800976e-05,0.00010900488,0
12805.0,12810.0,12807.5,9.494324e-06,4.747162e-05,0
12810.0,12815.0,12812.5,2.3022344e-05,0.00011511172,0
12815.0,12820.0,12817.5,1.6190236e-05,8.095118e-05,0
12820.0,12825.0,12822.5,2.08718e-05,0.000104359,0
12825.0,12830.0,12827.5,3.0344824e-05,0.00015172412,0
12830.0,12835.0,12832.5,1.903276e-05,9.51638e-05,0
12835.0,12840.0,12837.5,2.382317e-05,0.00011911585,0
12840.0,12845.0,12842.5,3.233912e-05,0.0001616956,0
12845.0,12850.0,12847.5,2.1946466e-05,0.00010973233,0
12850.0,12855.0,12852.5,1.245853e-05,6.229265e-05,0
12855.0,12860.0,12857.5,2.0886206e-05,0.00010443103,0
12860.0,12865.0,12862.5,2.6849408e-05,0.00013424704,0
12865.0,12870.0,12867.5,2.9445652e-05,0.00014722826,0
12870.0,12875.0,12872.5,2.3790348e-05,0.00011895174,0
12875.0,12880.0,12877.5,2.8613074e-05,0.00014306537,0
12880.0,12885.0,12882.5,2.0912898e-05,0.00010456449,0
12885.0,12890.0,12887.5,2.6589636e-05,0.00013294818,0
12890.0,12895.0,12892.5,2.3750046e-05,0.00011875023,0
12895.0,12900.0,12897.5,3.036593e-05,0.00015182965,0
12900.0,12905.0,12902.5,2.1909704e-05,0.00010954852,0
12905.0,12910.0,12907.5,1.7984976e-05,8.992488e-05,0
12910.0,12915.0,12912.5,2.5690984e-05,0.00012845492,0
12915.0,12920.0,12917.5,2.9523512e-05,0.00014761756,0
12920.0,12925.0,12922.5,2.1040924e-05,0.00010520462,0
12925.0,12930.0,12927.5,2.8655232e-05,0.00014327616,0
12930.0,12935.0,12932.5,1.9053774e-05,9.526887e-05,0
12935.0,12940.0,12937.5,1.7948448e-05,8.974224e-05,0
12940.0,12945.0,12942.5,2.868029e-05,0.00014340145,0
12945.0,12950.0,12947.5,2.9463034e-05,0.00014731517,0
12950.0,12955.0,12952.5,2.3660468e-05,0.00011830234,0
12955.0,12960.0,12957.5,2.3801368e-05,0.00011900684,0
12960.0,12965.0,12962.5,2.4595342e-05,0.00012297671,0
12965.0,12970.0,12967.5,3.4180492e-05,0.00017090246,0
12970.0,12975.0,12972.5,1.793321e-05,8.966605e-05,0
12975.0,12980.0,12977.5,1.8060512e-05,9.030256e-05,0
12980.0,12985.0,12982.5,2.2952636e-05,0.00011476318,0
12985.0,12990.0,12987.5,2.1956026e-05,0.00010978013,0
12990.0,12995.0,12992.5,2.4813226e-05,0.00012406613,0
12995.0,13000.0,12997.5,2.9447836e-05,0.00014723918,0
13000.0,13005.0,13002.5,2.004981e-05,0.00010024905,0
13005.0,13010.0,13007.5,2.3889718e-05,0.00011944859,0
13010.0,13015.0,13012.5,2.0856848e-05,0.00010428424,0
13015.0,13020.0,13017.5,2.6569576e-05,0.00013284788,0
13020.0,13025.0,13022.5,3.2417356e-05,0.00016208678,0
13025.0,13030.0,13027.5,2.851879e-05,0.00014259395,0
13030.0,13035.0,13032.5,2.0898742e-05,0.00010449371,0
13035.0,13040.0,13037.5,3.3133882e-05,0.00016566941,0
13040.0,13045.0,13042.5,2.184562e-05,0.0001092281,0
13045.0,13050.0,13047.5,2.752909e-05,0.00013764545,0
13050.0,13055.0,13052.5,2.3817112e-05,0.00011908556,0
13055.0,13060.0,13057.5,3.0209102e-05,0.00015104551,0
13060.0,13065.0,13062.5,2.0949708e-05,0.00010474854,0
13065.0,13070.0,13067.5,1.8077566e-05,9.038783e-05,0
13070.0,13075.0,13072.5,2.0078462e-05,0.00010039231,0
13075.0,13080.0,13077.5,2.4458514e-05,0.00012229257,0
13080.0,13085.0,13082.5,3.428114e-05,0.0001714057,0
13085.0,13090.0,13087.5,2.3772008e-05,0.00011886004,0
13090.0,13095.0,13092.5,2.2801708e-05,0.00011400854,0
13095.0,13100.0,13097.5,2.2775192e-05,0.00011387596,0
13100.0,13105.0,13102.5,2.1981012e-05,0.00010990506,0
13105.0,13110.0,13107.5,2.010056e-05,0.0001005028,0
13110.0,13115.0,13112.5,2.8618118e-05,0.00014309059,0
13115.0,13120.0,13117.5,2.2893096e-05,0.00011446548,0
13120.0,13125.0,13122.5,2.756561e-05,0.00013782805,0
13125.0,13130.0,13127.5,2.1017218e-05,0.00010508609,0
13130.0,13135.0,13132.5,2.6647348e-05,0.00013323674,0
13135.0,13140.0,13137.5,2.6655626e-05,0.00013327813,0
13140.0,13145.0,13142.5,2.1957776e-05,0.00010978888,0
13145.0,13150.0,13147.5,2.4784224e-05,0.00012392112,0
13150.0,13155.0,13152.5,1.9937728e-05,9.968864e-05,0
13155.0,13160.0,13157.5,1.8003458e-05,9.001729e-05,0
13160.0,13165.0,13162.5,2.3842028e-05,0.00011921014,0
13165.0,13170.0,13167.5,2.0975392e-05,0.00010487696,0
13170.0,13175.0,13172.5,1.9156932e-05,9.578466e-05,0
13175.0,13180.0,13177.5,2.8685094e-05,0.00014342547,0
13180.0,13185.0,13182.5,2.0973578e-05,0.00010486789,0
13185.0,13190.0,13187.5,1.9084574e-05,9.542287e-05,0
13190.0,13195.0,13192.5,2.381349e-05,0.00011906745,0
13195.0,13200.0,13197.5,3.4208632e-05,0.00017104316,0
13200.0,13205.0,13202.5,2.1951928e-05,0.00010975964,0
13205.0,13210.0,13207.5,2.2849768e-05,0.00011424884,0
13210.0,13215.0,13212.5,2.4788532e-05,0.00012394266,0
13215.0,13220.0,13217.5,2.0799246e-05,0.00010399623,0
13220.0,13225.0,13222.5,2.4707724e-05,0.00012353862,0
13225.0,13230.0,13227.5,2.2933196e-05,0.00011466598,0
13230.0,13235.0,13232.5,2.1961012e-05,0.00010980506,0
13235.0,13240.0,13237.5,2.6626912e-05,0.00013313456,0
13240.0,13245.0,13242.5,2.4618408e-05,0.00012309204,0
13245.0,13250.0,13247.5,2.6700936e-05,0.00013350468,0
13250.0,13255.0,13252.5,1.896654e-05,9.48327e-05,0
13255.0,13260.0,13257.5,2.083422e-05,0.0001041711,0
13260.0,13265.0,13262.5,2.5606062e-05,0.00012803031,0
13265.0,13270.0,13267.5,2.6634048e-05,0.00013317024,0
13270.0,13275.0,13272.5,1.9082348e-05,9.541174e-05,0
13275.0,13280.0,13277.5,2.3736344e-05,0.00011868172,0
13280.0,13285.0,13282.5,2.555107e-05,0.00012775535,0
13285.0,13290.0,13287.5,2.671366e-05,0.0001335683,0
13290.0,13295.0,13292.5,3.2256876e-05,0.00016128438,0
13295.0,13300.0,13297.5,2.8511856e-05,0.00014255928,0
13300.0,13305.0,13302.5,2.6718144e-05,0.00013359072,0
13305.0,13310.0,13307.5,2.4820126e-05,0.00012410063,0
13310.0,13315.0,13312.5,2.6526698e-05,0.00013263349,0
13315.0,13320.0,13317.5,1.9127666e-05,9.563833e-05,0
13320.0,13325.0,13322.5,2.1771406e-05,0.00010885703,0
13325.0,13330.0,13327.5,2.4866786e-05,0.00012433393,0
13330.0,13335.0,13332.5,2.1814302e-05,0.00010907151,0
13335.0,13340.0,13337.5,2.197119e-05,0.00010985595,0
13340.0,13345.0,13342.5,2.3885776e-05,0.00011942888,0
13345.0,13350.0,13347.5,1.8030522e-05,9.015261e-05,0
13350.0,13355.0,13352.5,2.0999058e-05,0.00010499529,0
13355.0,13360.0,13357.5,1.1451052e-05,5.725526e-05,0
13360.0,13365.0,13362.5,2.183734e-05,0.0001091867,0
13365.0,13370.0,13367.5,2.1908852e-05,0.00010954426,0
13370.0,13375.0,13372.5,1.8097848e-05,9.048924e-05,0
13375.0,13380.0,13377.5,1.7051194e-05,8.525597e-05,0
13380.0,13385.0,13382.5,2.1859484e-05,0.00010929742,0
13385.0,13390.0,13387.5,2.2910024e-05,0.00011455012,0
13390.0,13395.0,13392.5,2.2800934e-05,0.00011400467,0
13395.0,13400.0,13397.5,2.3661626e-05,0.00011830813,0
13400.0,13405.0,13402.5,2.8434844e-05,0.00014217422,0
13405.0,13410.0,13407.5,1.9019858e-05,9.509929e-05,0
13410.0,13415.0,13412.5,1.7923226e-05,8.961613e-05,0
13415.0,13420.0,13417.5,2.0110764e-05,0.00010055382,0
13420.0,13425.0,13422.5,2.2903584e-05,0.00011451792,0
13425.0,13430.0,13427.5,2.3715742e-05,0.00011857871,0
13430.0,13435.0,13432.5,2.4803386e-05,0.00012401693,0
13435.0,13440.0,13437.5,1.713111e-05,8.565555e-05,0
13440.0,13445.0,13442.5,2.3744064e-05,0.00011872032,0
13445.0,13450.0,13447.5,2.3714722e-05,0.00011857361,0
13450.0,13455.0,13452.5,2.1076522e-05,0.00010538261,0
13455.0,13460.0,13457.5,2.4740652e-05,0.00012370326,0
13460.0,13465.0,13462.5,1.811705e-05,9.058525e-05,0
13465.0,13470.0,13467.5,2.4683882e-05,0.00012341941,0
13470.0,13475.0,13472.5,2.3757434e-05,0.00011878717,0
13475.0,13480.0,13477.5,2.8330152e-05,0.00014165076,0
13480.0,13485.0,13482.5,2.7624924e-05,0.00013812462,0
13485.0,13490.0,13487.5,2.3697382e-05,0.00011848691,0
13490.0,13495.0,13492.5,2.098287e-05,0.00010491435,0
13495.0,13500.0,13497.5,3.3460212e-05,0.00016730106,0
13500.0,13505.0,13502.5,1.4218316e-05,7.109158e-05,0
13505.0,13510.0,13507.5,2.571958e-05,0.0001285979,0
13510.0,13515.0,13512.5,1.993252e-05,9.96626e-05,0
13515.0,13520.0,13517.5,1.8017072e-05,9.008536e-05,0
13520.0,13525.0,13522.5,1.7071528e-05,8.535764e-05,0
13525.0,13530.0,13527.5,3.3008852e-05,0.00016504426,0
13530.0,13535.0,13532.5,3.0383452e-05,0.00015191726,0
13535.0,13540.0,13537.5,2.1007238e-05,0.00010503619,0
13540.0,13545.0,13542.5,1.8910908e-05,9.455454e-05,0
13545.0,13550.0,13547.5,1.3308004e-05,6.654002e-05,0
13550.0,13555.0,13552.5,2.1996674e-05,0.00010998337,0
13555.0,13560.0,13557.5,2.0754078e-05,0.00010377039,0
13560.0,13565.0,13562.5,2.2879708e-05,0.00011439854,0
13565.0,13570.0,13567.5,2.0960182e-05,0.00010480091,0
13570.0,13575.0,13572.5,2.1092088e-05,0.00010546044,0
13575.0,13580.0,13577.5,2.3787464e-05,0.00011893732,0
13580.0,13585.0,13582.5,1.8104494e-05,9.052247e-05,0
13585.0,13590.0,13587.5,1.7980424e-05,8.990212e-05,0
13590.0,13595.0,13592.5,2.4597628e-05,0.00012298814,0
13595.0,13600.0,13597.5,2.278902e-05,0.0001139451,0
13600.0,13605.0,13602.5,2.3728494e-05,0.00011864247,0
13605.0,13610.0,13607.5,1.9927456e-05,9.963728e-05,0
13610.0,13615.0,13612.5,1.982904e-05,9.91452e-05,0
13615.0,13620.0,13617.5,1.531059e-05,7.655295e-05,0
13620.0,13625.0,13622.5,2.7544944e-05,0.00013772472,0
13625.0,13630.0,13627.5,1.5204706e-05,7.602353e-05,0
13630.0,13635.0,13632.5,2.0957228e-05,0.00010478614,0
13635.0,13640.0,13637.5,2.1756516e-05,0.00010878258,0
13640.0,13645.0,13642.5,2.570521e-05,0.00012852605,0
13645.0,13650.0,13647.5,2.0918642e-05,0.00010459321,0
13650.0,13655.0,13652.5,1.7984104e-05,8.992052e-05,0
13655.0,13660.0,13657.5,2.5646044e-05,0.00012823022,0
13660.0,13665.0,13662.5,3.2354676e-05,0.00016177338,0
13665.0,13670.0,13667.5,2.1849508e-05,0.00010924754,0
13670.0,13675.0,13672.5,1.804324e-05,9.02162e-05,0
13675.0,13680.0,13677.5,3.4287208e-05,0.00017143604,0
13680.0,13685.0,13682.5,1.6237572e-05,8.118786e-05,0
13685.0,13690.0,13687.5,1.9026244e-05,9.513122e-05,0
13690.0,13695.0,13692.5,2.9638562e-05,0.00014819281,0
13695.0,13700.0,13697.5,1.3313132e-05,6.656566e-05,0
13700.0,13705.0,13702.5,2.3818368e-05,0.00011909184,0
13705.0,13710.0,13707.5,2.3620536e-05,0.00011810268,0
13710.0,13715.0,13712.5,1.4122482e-05,7.061241e-05,0
13715.0,13720.0,13717.5,2.3696824e-05,0.00011848412,0
13720.0,13725.0,13722.5,1.5195898e-05,7.597949e-05,0
13725.0,13730.0,13727.5,2.2793504e-05,0.00011396752,0
13730.0,13735.0,13732.5,1.907165e-05,9.535825e-05,0
13735.0,13740.0,13737.5,2.1743536e-05,0.00010871768,0
13740.0,13745.0,13742.5,1.901229e-05,9.506145e-05,0
13745.0,13750.0,13747.5,1.801561e-05,9.007805e-05,0
13750.0,13755.0,13752.5,3.0276756e-05,0.00015138378,0
13755.0,13760.0,13757.5,1.9009418e-05,9.504709e-05,0
13760.0,13765.0,13762.5,2.380366e-05,0.0001190183,0
13765.0,13770.0,13767.5,1.714856e-05,8.57428e-05,0
13770.0,13775.0,13772.5,2.8589726e-05,0.00014294863,0
13775.0,13780.0,13777.5,2.0980302e-05,0.00010490151,0
13780.0,13785.0,13782.5,1.4284712e-05,7.142356e-05,0
13785.0,13790.0,13787.5,2.1824492e-05,0.00010912246,0
13790.0,13795.0,13792.5,2.6633432e-05,0.00013316716,0
13795.0,13800.0,13797.5,2.7691966e-05,0.00013845983,0
13800.0,13805.0,13802.5,2.1896374e-05,0.00010948187,0
13805.0,13810.0,13807.5,2.7643982e-05,0.00013821991,0
13810.0,13815.0,13812.5,2.0084924e-05,0.00010042462,0
13815.0,13820.0,13817.5,2.0969608e-05,0.00010484804,0
13820.0,13825.0,13822.5,2.0076996e-05,0.00010038498,0
13825.0,13830.0,13827.5,1.7289128e-05,8.644564e-05,0
13830.0,13835.0,13832.5,2.0059142e-05,0.00010029571,0
13835.0,13840.0,13837.5,2.662722e-05,0.0001331361,0
13840.0,13845.0,13842.5,2.0014552e-05,0.00010007276,0
13845.0,13850.0,13847.5,2.1122078e-05,0.00010561039,0
13850.0,13855.0,13852.5,2.5722934e-05,0.00012861467,0
13855.0,13860.0,13857.5,2.5713662e-05,0.00012856831,0
13860.0,13865.0,13862.5,2.658337e-05,0.00013291685,0
13865.0,13870.0,13867.5,2.0732644e-05,0.00010366322,0
13870.0,13875.0,13872.5,2.1898e-05,0.00010949,0
13875.0,13880.0,13877.5,1.805116e-05,9.02558e-05,0
13880.0,13885.0,13882.5,1.6268306e-05,8.134153e-05,0
13885.0,13890.0,13887.5,2.458667e-05,0.00012293335,0
13890.0,13895.0,13892.5,1.9905714e-05,9.952857e-05,0
13895.0,13900.0,13897.5,2.4585298e-05,0.00012292649,0
13900.0,13905.0,13902.5,2.2886692e-05,0.00011443346,0
13905.0,13910.0,13907.5,3.2527186e-05,0.00016263593,0
13910.0,13915.0,13912.5,3.2167848e-05,0.00016083924,0
13915.0,13920.0,13917.5,2.6510914e-05,0.00013255457,0
13920.0,13925.0,13922.5,2.1814176e-05,0.00010907088,0
13925.0,13930.0,13927.5,2.854612e-05,0.0001427306,0
13930.0,13935.0,13932.5,3.3314568e-05,0.00016657284,0
13935.0,13940.0,13937.5,2.47697e-05,0.0001238485,0
13940.0,13945.0,13942.5,2.105617e-05,0.00010528085,0
13945.0,13950.0,13947.5,1.9100956e-05,9.550478e-05,0
13950.0,13955.0,13952.5,2.2032094e-05,0.00011016047,0
13955.0,13960.0,13957.5,2.3789704e-05,0.00011894852,0
13960.0,13965.0,13962.5,2.279856e-05,0.0001139928,0
13965.0,13970.0,13967.5,2.0909796e-05,0.00010454898,0
13970.0,13975.0,13972.5,2.567636e-05,0.0001283818,0
13975.0,13980.0,13977.5,1.9956836e-05,9.978418e-05,0
13980.0,13985.0,13982.5,2.0024252e-05,0.00010012126,0
13985.0,13990.0,13987.5,1.7189154e-05,8.594577e-05,0
13990.0,13995.0,13992.5,2.482365e-05,0.00012411825,0
13995.0,14000.0,13997.5,2.7518694e-05,0.00013759347,0
14000.0,14005.0,14002.5,2.562269e-05,0.00012811345,0
14005.0,14010.0,14007.5,2.2874334e-05,0.00011437167,0
14010.0,14015.0,14012.5,2.1714762e-05,0.00010857381,0
14015.0,14020.0,14017.5,2.28432e-05,0.000114216,0
14020.0,14025.0,14022.5,2.4656926e-05,0.00012328463,0
14025.0,14030.0,14027.5,2.2020342e-05,0.00011010171,0
14030.0,14035.0,14032.5,2.1071586e-05,0.00010535793,0
14035.0,14040.0,14037.5,2.0969572e-05,0.00010484786,0
14040.0,14045.0,14042.5,1.8986102e-05,9.493051e-05,0
14045.0,14050.0,14047.5,2.7629912e-05,0.00013814956,0
14050.0,14055.0,14052.5,1.9993796e-05,9.996898e-05,0
14055.0,14060.0,14057.5,1.610481e-05,8.052405e-05,0
14060.0,14065.0,14062.5,2.0154574e-05,0.00010077287,0
14065.0,14070.0,14067.5,2.2887366e-05,0.00011443683,0
14070.0,14075.0,14072.5,2.56736e-05,0.000128368,0
14075.0,14080.0,14077.5,2.4655516e-05,0.00012327758,0
14080.0,14085.0,14082.5,2.658719e-05,0.00013293595,0
14085.0,14090.0,14087.5,1.7970564e-05,8.985282e-05,0
14090.0,14095.0,14092.5,2.2880178e-05,0.00011440089,0
14095.0,14100.0,14097.5,2.5622144e-05,0.00012811072,0
14100.0,14105.0,14102.5,2.56569e-05,0.0001282845,0
14105.0,14110.0,14107.5,2.6825158e-05,0.00013412579,0
14110.0,14115.0,14112.5,2.4721954e-05,0.00012360977,0
14115.0,14120.0,14117.5,2.5604224e-05,0.00012802112,0
14120.0,14125.0,14122.5,2.3720704e-05,0.00011860352,0
14125.0,14130.0,14127.5,2.7708152e-05,0.00013854076,0
14130.0,14135.0,14132.5,2.1790726e-05,0.00010895363,0
14135.0,14140.0,14137.5,1.6156004e-05,8.078002e-05,0
14140.0,14145.0,14142.5,2.180368e-05,0.0001090184,0
14145.0,14150.0,14147.5,2.1799398e-05,0.00010899699,0
14150.0,14155.0,14152.5,2.192173e-05,0.00010960865,0
14155.0,14160.0,14157.5,1.3266934e-05,6.633467e-05,0
14160.0,14165.0,14162.5,2.1020832e-05,0.00010510416,0
14165.0,14170.0,14167.5,2.481859e-05,0.00012409295,0
14170.0,14175.0,14172.5,2.3763164e-05,0.00011881582,0
14175.0,14180.0,14177.5,2.2741886e-05,0.00011370943,0
14180.0,14185.0,14182.5,2.0948446e-05,0.00010474223,0
14185.0,14190.0,14187.5,2.4740928e-05,0.00012370464,0
14190.0,14195.0,14192.5,2.852052e-05,0.0001426026,0
14195.0,14200.0,14197.5,2.2006224e-05,0.00011003112,0
14200.0,14205.0,14202.5,1.8985206e-05,9.492603e-05,0
14205.0,14210.0,14207.5,2.8464372e-05,0.00014232186,0
14210.0,14215.0,14212.5,2.4718694e-05,0.00012359347,0
14215.0,14220.0,14217.5,2.4665116e-05,0.00012332558,0
14220.0,14225.0,14222.5,1.9944182e-05,9.972091e-05,0
14225.0,14230.0,14227.5,2.1870534e-05,0.00010935267,0
14230.0,14235.0,14232.5,2.001603e-05,0.00010008015,0
14235.0,14240.0,14237.5,1.4271734e-05,7.135867e-05,0
14240.0,14245.0,14242.5,1.894851e-05,9.474255e-05,0
14245.0,14250.0,14247.5,1.9891984e-05,9.945992e-05,0
14250.0,14255.0,14252.5,2.0052274e-05,0.00010026137,0
14255.0,14260.0,14257.5,2.194373e-05,0.00010971865,0
14260.0,14265.0,14262.5,2.1857386e-05,0.00010928693,0
14265.0,14270.0,14267.5,2.1730766e-05,0.00010865383,0
14270.0,14275.0,14272.5,2.2877274e-05,0.00011438637,0
14275.0,14280.0,14277.5,2.1990732e-05,0.00010995366,0
14280.0,14285.0,14282.5,3.3214986e-05,0.00016607493,0
14285.0,14290.0,14287.5,2.1978514e-05,0.00010989257,0
14290.0,14295.0,14292.5,1.8103256e-05,9.051628e-05,0
14295.0,14300.0,14297.5,1.3425212e-05,6.712606e-05,0
14300.0,14305.0,14302.5,1.8910152e-05,9.455076e-05,0
14305.0,14310.0,14307.5,1.891327e-05,9.456635e-05,0
14310.0,14315.0,14312.5,3.331784e-05,0.0001665892,0
14315.0,14320.0,14317.5,1.9879766e-05,9.939883e-05,0
14320.0,14325.0,14322.5,2.1886764e-05,0.00010943382,0
14325.0,14330.0,14327.5,1.8125944e-05,9.062972e-05,0
14330.0,14335.0,14332.5,2.2653694e-05,0.00011326847,0
14335.0,14340.0,14337.5,2.0122008e-05,0.00010061004,0
14340.0,14345.0,14342.5,1.8074618e-05,9.037309e-05,0
14345.0,14350.0,14347.5,2.5652078e-05,0.00012826039,0
14350.0,14355.0,14352.5,1.6112236e-05,8.056118e-05,0
14355.0,14360.0,14357.5,2.7546936e-05,0.00013773468,0
14360.0,14365.0,14362.5,2.3867014e-05,0.00011933507,0
14365.0,14370.0,14367.5,1.8053586e-05,9.026793e-05,0
14370.0,14375.0,14372.5,2.7522078e-05,0.00013761039,0
14375.0,14380.0,14377.5,1.8955496e-05,9.477748e-05,0
14380.0,14385.0,14382.5,2.2925474e-05,0.00011462737,0
14385.0,14390.0,14387.5,2.1748514e-05,0.00010874257,0
14390.0,14395.0,14392.5,1.9004384e-05,9.502192e-05,0
14395.0,14400.0,14397.5,1.702248e-05,8.51124e-05,0
14400.0,14405.0,14402.5,2.1869928e-05,0.00010934964,0
14405.0,14410.0,14407.5,1.5131532e-05,7.565766e-05,0
14410.0,14415.0,14412.5,2.2657516e-05,0.00011328758,0
14415.0,14420.0,14417.5,2.2004708e-05,0.00011002354,0
14420.0,14425.0,14422.5,2.090669e-05,0.00010453345,0
14425.0,14430.0,14427.5,1.7187178e-05,8.593589e-05,0
14430.0,14435.0,14432.5,2.8619444e-05,0.00014309722,0
14435.0,14440.0,14437.5,2.2734732e-05,0.00011367366,0
14440.0,14445.0,14442.5,2.5594252e-05,0.00012797126,0
14445.0,14450.0,14447.5,2.5681062e-05,0.00012840531,0
14450.0,14455.0,14452.5,1.8969966e-05,9.484983e-05,0
14455.0,14460.0,14457.5,1.1400138e-05,5.700069e-05,0
14460.0,14465.0,14462.5,2.6672884e-05,0.00013336442,0
14465.0,14470.0,14467.5,2.4841542e-05,0.00012420771,0
14470.0,14475.0,14472.5,1.7989524e-05,8.994762e-05,0
14475.0,14480.0,14477.5,2.468741e-05,0.00012343705,0
14480.0,14485.0,14482.5,2.8711224e-05,0.00014355612,0
14485.0,14490.0,14487.5,2.2755952e-05,0.00011377976,0
14490.0,14495.0,14492.5,1.808081e-05,9.040405e-05,0
14495.0,14500.0,14497.5,3.0331672e-05,0.00015165836,0
14500.0,14505.0,14502.5,2.3782502e-05,0.00011891251,0
14505.0,14510.0,14507.5,3.0357022e-05,0.00015178511,0
14510.0,14515.0,14512.5,2.2928382e-05,0.00011464191,0
14515.0,14520.0,14517.5,2.2740686e-05,0.00011370343,0
14520.0,14525.0,14522.5,2.0990008e-05,0.00010495004,0
14525.0,14530.0,14527.5,2.763217e-05,0.00013816085,0
14530.0,14535.0,14532.5,2.6591268e-05,0.00013295634,0
14535.0,14540.0,14537.5,1.5142574e-05,7.571287e-05,0
14540.0,14545.0,14542.5,2.0951674e-05,0.00010475837,0
14545.0,14550.0,14547.5,2.4695854e-05,0.00012347927,0
14550.0,14555.0,14552.5,1.9044944e-05,9.522472e-05,0
14555.0,14560.0,14557.5,1.8045642e-05,9.022821e-05,0
14560.0,14565.0,14562.5,2.0741092e-05,0.00010370546,0
14565.0,14570.0,14567.5,1.8110448e-05,9.055224e-05,0
14570.0,14575.0,14572.5,2.6771274e-05,0.00013385637,0
14575.0,14580.0,14577.5,2.374921e-05,0.00011874605,0
14580.0,14585.0,14582.5,2.4720208e-05,0.00012360104,0
14585.0,14590.0,14587.5,1.6106846e-05,8.053423e-05,0
14590.0,14595.0,14592.5,2.9576642e-05,0.00014788321,0
14595.0,14600.0,14597.5,2.1750264e-05,0.00010875132,0
14600.0,14605.0,14602.5,2.75394e-05,0.000137697,0
14605.0,14610.0,14607.5,1.5281364e-05,7.640682e-05,0
14610.0,14615.0,14612.5,1.9031048e-05,9.515524e-05,0
14615.0,14620.0,14617.5,2.4870942e-05,0.00012435471,0
14620.0,14625.0,14622.5,2.4793312e-05,0.00012396656,0
14625.0,14630.0,14627.5,1.3323668e-05,6.661834e-05,0
14630.0,14635.0,14632.5,1.7922162e-05,8.961081e-05,0
14635.0,14640.0,14637.5,2.5689256e-05,0.00012844628,0
14640.0,14645.0,14642.5,2.1945426e-05,0.00010972713,0
14645.0,14650.0,14647.5,2.195914e-05,0.0001097957,0
14650.0,14655.0,14652.5,2.7618252e-05,0.00013809126,0
14655.0,14660.0,14657.5,2.2861048e-05,0.00011430524,0
14660.0,14665.0,14662.5,2.6506568e-05,0.00013253284,0
14665.0,14670.0,14667.5,2.5781444e-05,0.00012890722,0
14670.0,14675.0,14672.5,1.6043174e-05,8.021587e-05,0
14675.0,14680.0,14677.5,2.5654534e-05,0.00012827267,0
14680.0,14685.0,14682.5,1.8086558e-05,9.043279e-05,0
14685.0,14690.0,14687.5,1.4213708e-05,7.106854e-05,0
14690.0,14695.0,14692.5,2.3714766e-05,0.00011857383,0
14695.0,14700.0,14697.5,1.608537e-05,8.042685e-05,0
14700.0,14705.0,14702.5,1.902587e-05,9.512935e-05,0
14705.0,14710.0,14707.5,1.3245714e-05,6.622857e-05,0
14710.0,14715.0,14712.5,1.624325e-05,8.121625e-05,0
14715.0,14720.0,14717.5,1.9155142e-05,9.577571e-05,0
14720.0,14725.0,14722.5,2.6785694e-05,0.00013392847,0
14725.0,14730.0,14727.5,2.175242e-05,0.0001087621,0
14730.0,14735.0,14732.5,1.8124852e-05,9.062426e-05,0
14735.0,14740.0,14737.5,2.1008888e-05,0.00010504444,0
14740.0,14745.0,14742.5,2.7524304e-05,0.00013762152,0
14745.0,14750.0,14747.5,2.1053372e-05,0.00010526686,0
14750.0,14755.0,14752.5,1.6093558e-05,8.046779e-05,0
14755.0,14760.0,14757.5,1.8082072e-05,9.041036e-05,0
14760.0,14765.0,14762.5,2.7465062e-05,0.00013732531,0
14765.0,14770.0,14767.5,2.1857668e-05,0.00010928834,0
14770.0,14775.0,14772.5,2.0977748e-05,0.00010488874,0
14775.0,14780.0,14777.5,2.2129536e-05,0.00011064768,0
14780.0,14785.0,14782.5,1.71911e-05,8.59555e-05,0
14785.0,14790.0,14787.5,2.175338e-05,0.0001087669,0
14790.0,14795.0,14792.5,2.465508e-05,0.0001232754,0
14795.0,14800.0,14797.5,1.9161454e-05,9.580727e-05,0
14800.0,14805.0,14802.5,2.1677076e-05,0.00010838538,0
14805.0,14810.0,14807.5,2.1742918e-05,0.00010871459,0
14810.0,14815.0,14812.5,1.3341284e-05,6.670642e-05,0
14815.0,14820.0,14817.5,1.5162954e-05,7.581477e-05,0
14820.0,14825.0,14822.5,1.326963e-05,6.634815e-05,0
14825.0,14830.0,14827.5,1.1502006e-05,5.751003e-05,0
14830.0,14835.0,14832.5,1.7177434e-05,8.588717e-05,0
14835.0,14840.0,14837.5,2.5642582e-05,0.00012821291,0
14840.0,14845.0,14842.5,2.0826922e-05,0.00010413461,0
14845.0,14850.0,14847.5,1.82002e-05,9.1001e-05,0
14850.0,14855.0,14852.5,1.5289224e-05,7.644612e-05,0
14855.0,14860.0,14857.5,2.7555146e-05,0.00013777573,0
14860.0,14865.0,14862.5,1.3276804e-05,6.638402e-05,0
14865.0,14870.0,14867.5,1.8084774e-05,9.042387e-05,0
14870.0,14875.0,14872.5,2.1869958e-05,0.00010934979,0
14875.0,14880.0,14877.5,2.3826802e-05,0.00011913401,0
14880.0,14885.0,14882.5,2.9422656e-05,0.00014711328,0
14885.0,14890.0,14887.5,1.5231632e-05,7.615816e-05,0
14890.0,14895.0,14892.5,1.0448764e-05,5.224382e-05,0
14895.0,14900.0,14897.5,1.1483552e-05,5.741776e-05,0
14900.0,14905.0,14902.5,1.7060026e-05,8.530013e-05,0
14905.0,14910.0,14907.5,3.4178694e-05,0.00017089347,0
14910.0,14915.0,14912.5,1.8829334e-05,9.414667e-05,0
14915.0,14920.0,14917.5,1.9145052e-05,9.572526e-05,0
14920.0,14925.0,14922.5,1.3213904e-05,6.606952e-05,0
14925.0,14930.0,14927.5,1.917772e-05,9.58886e-05,0
14930.0,14935.0,14932.5,2.9559616e-05,0.00014779808,0
14935.0,14940.0,14937.5,2.381361e-05,0.00011906805,0
14940.0,14945.0,14942.5,1.8109798e-05,9.054899e-05,0
14945.0,14950.0,14947.5,1.6107792e-05,8.053896e-05,0
14950.0,14955.0,14952.5,1.797651e-05,8.988255e-05,0
14955.0,14960.0,14957.5,1.8889872e-05,9.444936e-05,0
14960.0,14965.0,14962.5,1.4246774e-05,7.123387e-05,0
14965.0,14970.0,14967.5,2.0979412e-05,0.00010489706,0
14970.0,14975.0,14972.5,1.5200568e-05,7.600284e-05,0
14975.0,14980.0,14977.5,1.9076754e-05,9.538377e-05,0
14980.0,14985.0,14982.5,1.8097068e-05,9.048534e-05,0
14985.0,14990.0,14987.5,1.6062174e-05,8.031087e-05,0
14990.0,14995.0,14992.5,1.4276224e-05,7.138112e-05,0
14995.0,15000.0,14997.5,2.374079e-05,0.00011870395,0
15000.0,15005.0,15002.5,1.8938934e-05,9.469467e-05,0
15005.0,15010.0,15007.5,2.0904984e-05,0.00010452492,0
15010.0,15015.0,15012.5,2.7376426e-05,0.00013688213,0
15015.0,15020.0,15017.5,2.00298e-05,0.000100149,0
15020.0,15025.0,15022.5,2.185679e-05,0.00010928395,0
15025.0,15030.0,15027.5,1.2249372e-05,6.124686e-05,0
15030.0,15035.0,15032.5,1.909822e-05,9.54911e-05,0
15035.0,15040.0,15037.5,1.9241226e-05,9.620613e-05,0
15040.0,15045.0,15042.5,2.4748e-05,0.00012374,0
15045.0,15050.0,15047.5,1.3296508e-05,6.648254e-05,0
15050.0,15055.0,15052.5,1.4189872e-05,7.094936e-05,0
15055.0,15060.0,15057.5,2.0157574e-05,0.00010078787,0
15060.0,15065.0,15062.5,2.4600358e-05,0.00012300179,0
15065.0,15070.0,15067.5,2.1060192e-05,0.00010530096,0
15070.0,15075.0,15072.5,1.8978592e-05,9.489296e-05,0
15075.0,15080.0,15077.5,1.4389338e-05,7.194669e-05,0
15080.0,15085.0,15082.5,2.8561748e-05,0.00014280874,0
15085.0,15090.0,15087.5,1.7050326e-05,8.525163e-05,0
15090.0,15095.0,15092.5,1.805068e-05,9.02534e-05,0
15095.0,15100.0,15097.5,2.7612146e-05,0.00013806073,0
15100.0,15105.0,15102.5,2.0901284e-05,0.00010450642,0
15105.0,15110.0,15107.5,2.3662836e-05,0.00011831418,0
15110.0,15115.0,15112.5,1.712444e-05,8.56222e-05,0
15115.0,15120.0,15117.5,2.3692034e-05,0.00011846017,0
15120.0,15125.0,15122.5,1.329333e-05,6.646665e-05,0
15125.0,15130.0,15127.5,2.0868718e-05,0.00010434359,0
15130.0,15135.0,15132.5,1.6216132e-05,8.108066e-05,0
15135.0,15140.0,15137.5,1.332587e-05,6.662935e-05,0
15140.0,15145.0,15142.5,1.9883776e-05,9.941888e-05,0
15145.0,15150.0,15147.5,2.0824722e-05,0.00010412361,0
15150.0,15155.0,15152.5,1.3271528e-05,6.635764e-05,0
15155.0,15160.0,15157.5,2.2896052e-05,0.00011448026,0
15160.0,15165.0,15162.5,1.4220392e-05,7.110196e-05,0
15165.0,15170.0,15167.5,1.812057e-05,9.060285e-05,0
15170.0,15175.0,15172.5,2.1002114e-05,0.00010501057,0
15175.0,15180.0,15177.5,2.0972406e-05,0.00010486203,0
15180.0,15185.0,15182.5,1.830555e-05,9.152775e-05,0
15185.0,15190.0,15187.5,1.6066142e-05,8.033071e-05,0
15190.0,15195.0,15192.5,1.8908786e-05,9.454393e-05,0
15195.0,15200.0,15197.5,2.1775514e-05,0.00010887757,0
15200.0,15205.0,15202.5,1.9996582e-05,9.998291e-05,0
15205.0,15210.0,15207.5,1.827726e-05,9.13863e-05,0
15210.0,15215.0,15212.5,2.6541028e-05,0.00013270514,0
15215.0,15220.0,15217.5,2.089875e-05,0.00010449375,0
15220.0,15225.0,15222.5,1.8075786e-05,9.037893e-05,0
15225.0,15230.0,15227.5,2.0938368e-05,0.00010469184,0
15230.0,15235.0,15232.5,2.0944252e-05,0.00010472126,0
15235.0,15240.0,15237.5,2.389686e-05,0.0001194843,0
15240.0,15245.0,15242.5,1.7068144e-05,8.534072e-05,0
15245.0,15250.0,15247.5,1.6114836e-05,8.057418e-05,0
15250.0,15255.0,15252.5,1.6137482e-05,8.068741e-05,0
15255.0,15260.0,15257.5,2.376784e-05,0.0001188392,0
15260.0,15265.0,15262.5,1.9868104e-05,9.934052e-05,0
15265.0,15270.0,15267.5,2.0027006e-05,0.00010013503,0
15270.0,15275.0,15272.5,2.9398044e-05,0.00014699022,0
15275.0,15280.0,15277.5,1.6124122e-05,8.062061e-05,0
15280.0,15285.0,15282.5,1.3404264e-05,6.702132e-05,0
15285.0,15290.0,15287.5,1.1395882e-05,5.697941e-05,0
15290.0,15295.0,15292.5,2.3716996e-05,0.00011858498,0
15295.0,15300.0,15297.5,2.1840358e-05,0.00010920179,0
15300.0,15305.0,15302.5,1.8113416e-05,9.056708e-05,0
15305.0,15310.0,15307.5,1.7257656e-05,8.628828e-05,0
15310.0,15315.0,15312.5,2.281248e-05,0.0001140624,0
15315.0,15320.0,15317.5,1.7070874e-05,8.535437e-05,0
15320.0,15325.0,15322.5,1.9082668e-05,9.541334e-05,0
15325.0,15330.0,15327.5,1.8161614e-05,9.080807e-05,0
15330.0,15335.0,15332.5,1.907824e-05,9.53912e-05,0
15335.0,15340.0,15337.5,2.2028754e-05,0.00011014377,0
15340.0,15345.0,15342.5,2.3773294e-05,0.00011886647,0
15345.0,15350.0,15347.5,2.2714744e-05,0.00011357372,0
15350.0,15355.0,15352.5,2.1818268e-05,0.00010909134,0
15355.0,15360.0,15357.5,1.4337546e-05,7.168773e-05,0
15360.0,15365.0,15362.5,1.7158056e-05,8.579028e-05,0
15365.0,15370.0,15367.5,2.1747742e-05,0.00010873871,0
15370.0,15375.0,15372.5,2.3789994e-05,0.00011894997,0
15375.0,15380.0,15377.5,1.9940618e-05,9.970309e-05,0
15380.0,15385.0,15382.5,2.4770054e-05,0.00012385027,0
15385.0,15390.0,15387.5,1.8185914e-05,9.092957e-05,0
15390.0,15395.0,15392.5,2.177141e-05,0.00010885705,0
15395.0,15400.0,15397.5,2.1827058e-05,0.00010913529,0
15400.0,15405.0,15402.5,2.181932e-05,0.0001090966,0
15405.0,15410.0,15407.5,1.7101878e-05,8.550939e-05,0
15410.0,15415.0,15412.5,2.112187e-05,0.00010560935,0
15415.0,15420.0,15417.5,1.9015054e-05,9.507527e-05,0
15420.0,15425.0,15422.5,1.2344694e-05,6.172347e-05,0
15425.0,15430.0,15427.5,1.3349256e-05,6.674628e-05,0
15430.0,15435.0,15432.5,2.4734286e-05,0.00012367143,0
15435.0,15440.0,15437.5,1.340648e-05,6.70324e-05,0
15440.0,15445.0,15442.5,1.7138644e-05,8.569322e-05,0
15445.0,15450.0,15447.5,2.6635792e-05,0.00013317896,0
15450.0,15455.0,15452.5,2.657682e-05,0.0001328841,0
15455.0,15460.0,15457.5,1.5224904e-05,7.612452e-05,0
15460.0,15465.0,15462.5,1.9005606e-05,9.502803e-05,0
15465.0,15470.0,15467.5,2.385798e-05,0.0001192899,0
15470.0,15475.0,15472.5,1.423492e-05,7.11746e-05,0
15475.0,15480.0,15477.5,1.8162328e-05,9.081164e-05,0
15480.0,15485.0,15482.5,1.615226e-05,8.07613e-05,0
15485.0,15490.0,15487.5,2.0022038e-05,0.00010011019,0
15490.0,15495.0,15492.5,2.0976926e-05,0.00010488463,0
15495.0,15500.0,15497.5,1.987167e-05,9.935835e-05,0
15500.0,15505.0,15502.5,2.1737174e-05,0.00010868587,0
15505.0,15510.0,15507.5,1.3324032e-05,6.662016e-05,0
15510.0,15515.0,15512.5,2.1736992e-05,0.00010868496,0
15515.0,15520.0,15517.5,2.5596792e-05,0.00012798396,0
15520.0,15525.0,15522.5,1.6113636e-05,8.056818e-05,0
15525.0,15530.0,15527.5,2.276917e-05,0.00011384585,0
15530.0,15535.0,15532.5,2.655401e-05,0.00013277005,0
15535.0,15540.0,15537.5,2.0807954e-05,0.00010403977,0
15540.0,15545.0,15542.5,1.5217746e-05,7.608873e-05,0
15545.0,15550.0,15547.5,2.10472e-05,0.000105236,0
15550.0,15555.0,15552.5,2.098532e-05,0.0001049266,0
15555.0,15560.0,15557.5,2.2760742e-05,0.00011380371,0
15560.0,15565.0,15562.5,1.2385824e-05,6.192912e-05,0
15565.0,15570.0,15567.5,1.9077874e-05,9.538937e-05,0
15570.0,15575.0,15572.5,2.1036942e-05,0.00010518471,0
15575.0,15580.0,15577.5,1.919246e-05,9.59623e-05,0
15580.0,15585.0,15582.5,2.0057078e-05,0.00010028539,0
15585.0,15590.0,15587.5,2.0054904e-05,0.00010027452,0
15590.0,15595.0,15592.5,1.418806e-05,7.09403e-05,0
15595.0,15600.0,15597.5,1.81777e-05,9.08885e-05,0
15600.0,15605.0,15602.5,2.3743874e-05,0.00011871937,0
15605.0,15610.0,15607.5,2.2722632e-05,0.00011361316,0
15610.0,15615.0,15612.5,1.0533298e-05,5.266649e-05,0
15615.0,15620.0,15617.5,1.0357914e-05,5.178957e-05,0
15620.0,15625.0,15622.5,1.621252e-05,8.10626e-05,0
15625.0,15630.0,15627.5,1.035509e-05,5.177545e-05,0
15630.0,15635.0,15632.5,1.8059006e-05,9.029503e-05,0
15635.0,15640.0,15637.5,2.5800526e-05,0.00012900263,0
15640.0,15645.0,15642.5,1.9979248e-05,9.989624e-05,0
15645.0,15650.0,15647.5,1.8930272e-05,9.465136e-05,0
15650.0,15655.0,15652.5,1.1322284e-05,5.661142e-05,0
15655.0,15660.0,15657.5,2.0015636e-05,0.00010007818,0
15660.0,15665.0,15662.5,2.1875134e-05,0.00010937567,0
15665.0,15670.0,15667.5,1.7126896e-05,8.563448e-05,0
15670.0,15675.0,15672.5,1.6098436e-05,8.049218e-05,0
15675.0,15680.0,15677.5,1.708655e-05,8.543275e-05,0
15680.0,15685.0,15682.5,1.34121e-05,6.70605e-05,0
15685.0,15690.0,15687.5,1.4296414e-05,7.148207e-05,0
15690.0,15695.0,15692.5,1.0433694e-05,5.216847e-05,0
15695.0,15700.0,15697.5,1.7225046e-05,8.612523e-05,0
15700.0,15705.0,15702.5,2.280029e-05,0.00011400145,0
15705.0,15710.0,15707.5,1.4149028e-05,7.074514e-05,0
15710.0,15715.0,15712.5,2.0972076e-05,0.00010486038,0
15715.0,15720.0,15717.5,1.9021494e-05,9.510747e-05,0
15720.0,15725.0,15722.5,1.8104622e-05,9.052311e-05,0
15725.0,15730.0,15727.5,1.9956678e-05,9.978339e-05,0
15730.0,15735.0,15732.5,2.1946934e-05,0.00010973467,0
15735.0,15740.0,15737.5,2.189959e-05,0.00010949795,0
15740.0,15745.0,15742.5,1.8039598e-05,9.019799e-05,0
15745.0,15750.0,15747.5,1.9880758e-05,9.940379e-05,0
15750.0,15755.0,15752.5,2.1989386e-05,0.00010994693,0
15755.0,15760.0,15757.5,2.36883e-05,0.0001184415,0
15760.0,15765.0,15762.5,1.9107946e-05,9.553973e-05,0
15765.0,15770.0,15767.5,2.0774072e-05,0.00010387036,0
15770.0,15775.0,15772.5,9.430578e-06,4.715289e-05,0
15775.0,15780.0,15777.5,2.3029634e-05,0.00011514817,0
15780.0,15785.0,15782.5,2.6487834e-05,0.00013243917,0
15785.0,15790.0,15787.5,1.7201894e-05,8.600947e-05,0
15790.0,15795.0,15792.5,1.7145186e-05,8.572593e-05,0
15795.0,15800.0,15797.5,1.5258112e-05,7.629056e-05,0
15800.0,15805.0,15802.5,1.808216e-05,9.04108e-05,0
15805.0,15810.0,15807.5,2.7586422e-05,0.00013793211,0
15810.0,15815.0,15812.5,1.7189812e-05,8.594906e-05,0
15815.0,15820.0,15817.5,1.6083226e-05,8.041613e-05,0
15820.0,15825.0,15822.5,1.7099512e-05,8.549756e-05,0
15825.0,15830.0,15827.5,1.9955148e-05,9.977574e-05,0
15830.0,15835.0,15832.5,1.3333216e-05,6.666608e-05,0
15835.0,15840.0,15837.5,2.2822258e-05,0.00011411129,0
15840.0,15845.0,15842.5,1.8008426e-05,9.004213e-05,0
15845.0,15850.0,15847.5,1.329679e-05,6.648395e-05,0
15850.0,15855.0,15852.5,1.6077392e-05,8.038696e-05,0
15855.0,15860.0,15857.5,1.0523698e-05,5.261849e-05,0
15860.0,15865.0,15862.5,1.6191224e-05,8.095612e-05,0
15865.0,15870.0,15867.5,1.620227e-05,8.101135e-05,0
15870.0,15875.0,15872.5,1.8981914e-05,9.490957e-05,0
15875.0,15880.0,15877.5,1.426504e-05,7.13252e-05,0
15880.0,15885.0,15882.5,1.7226526e-05,8.613263e-05,0
15885.0,15890.0,15887.5,1.4264512e-05,7.132256e-05,0
15890.0,15895.0,15892.5,1.608535e-05,8.042675e-05,0
15895.0,15900.0,15897.5,1.9041424e-05,9.520712e-05,0
15900.0,15905.0,15902.5,1.1394798e-05,5.697399e-05,0
15905.0,15910.0,15907.5,1.2361716e-05,6.180858e-05,0
15910.0,15915.0,15912.5,1.7252318e-05,8.626159e-05,0
15915.0,15920.0,15917.5,1.616086e-05,8.08043e-05,0
15920.0,15925.0,15922.5,2.1732708e-05,0.00010866354,0
15925.0,15930.0,15927.5,1.535501e-05,7.677505e-05,0
15930.0,15935.0,15932.5,2.0914278e-05,0.00010457139,0
15935.0,15940.0,15937.5,2.2926134e-05,0.00011463067,0
15940.0,15945.0,15942.5,1.4259358e-05,7.129679e-05,0
15945.0,15950.0,15947.5,2.0928546e-05,0.00010464273,0
15950.0,15955.0,15952.5,1.3293232e-05,6.646616e-05,0
15955.0,15960.0,15957.5,2.285041e-05,0.00011425205,0
15960.0,15965.0,15962.5,2.0995962e-05,0.00010497981,0
15965.0,15970.0,15967.5,1.5100394e-05,7.550197e-05,0
15970.0,15975.0,15972.5,1.9065432e-05,9.532716e-05,0
15975.0,15980.0,15977.5,1.7123782e-05,8.561891e-05,0
15980.0,15985.0,15982.5,1.8035532e-05,9.017766e-05,0
15985.0,15990.0,15987.5,1.612736e-05,8.06368e-05,0
15990.0,15995.0,15992.5,1.3268764e-05,6.634382e-05,0
15995.0,16000.0,15997.5,1.9100324e-05,9.550162e-05,0
16000.0,16005.0,16002.5,1.146783e-05,5.733915e-05,0
16005.0,16010.0,16007.5,1.1314548e-05,5.657274e-05,0
16010.0,16015.0,16012.5,2.0074286e-05,0.00010037143,0
16015.0,16020.0,16017.5,1.4247582e-05,7.123791e-05,0
16020.0,16025.0,16022.5,1.9893226e-05,9.946613e-05,0
16025.0,16030.0,16027.5,1.3266778e-05,6.633389e-05,0
16030.0,16035.0,16032.5,1.2315706e-05,6.157853e-05,0
16035.0,16040.0,16037.5,1.1471436e-05,5.735718e-05,0
16040.0,16045.0,16042.5,1.7239526e-05,8.619763e-05,0
16045.0,16050.0,16047.5,2.3698692e-05,0.00011849346,0
16050.0,16055.0,16052.5,1.6269362e-05,8.134681e-05,0
16055.0,16060.0,16057.5,2.5698652e-05,0.00012849326,0
16060.0,16065.0,16062.5,1.8969524e-05,9.484762e-05,0
16065.0,16070.0,16067.5,1.6137138e-05,8.068569e-05,0
16070.0,16075.0,16072.5,1.7106542e-05,8.553271e-05,0
16075.0,16080.0,16077.5,2.008513e-05,0.00010042565,0
16080.0,16085.0,16082.5,1.9891514e-05,9.945757e-05,0
16085.0,16090.0,16087.5,1.986438e-05,9.93219e-05,0
16090.0,16095.0,16092.5,1.7983288e-05,8.991644e-05,0
16095.0,16100.0,16097.5,2.6459876e-05,0.00013229938,0
16100.0,16105.0,16102.5,1.5270262e-05,7.635131e-05,0
16105.0,16110.0,16107.5,2.0873306e-05,0.00010436653,0
16110.0,16115.0,16112.5,1.513039e-05,7.565195e-05,0
16115.0,16120.0,16117.5,1.6078278e-05,8.039139e-05,0
16120.0,16125.0,16122.5,1.6125838e-05,8.062919e-05,0
16125.0,16130.0,16127.5,1.8098634e-05,9.049317e-05,0
16130.0,16135.0,16132.5,1.9004644e-05,9.502322e-05,0
16135.0,16140.0,16137.5,1.5228846e-05,7.614423e-05,0
16140.0,16145.0,16142.5,1.5244554e-05,7.622277e-05,0
16145.0,16150.0,16147.5,1.6305886e-05,8.152943e-05,0
16150.0,16155.0,16152.5,9.492988e-06,4.746494e-05,0
16155.0,16160.0,16157.5,1.3289036e-05,6.644518e-05,0
16160.0,16165.0,16162.5,2.003939e-05,0.00010019695,0
16165.0,16170.0,16167.5,1.6091708e-05,8.045854e-05,0
16170.0,16175.0,16172.5,1.6208378e-05,8.104189e-05,0
16175.0,16180.0,16177.5,1.3338124e-05,6.669062e-05,0
16180.0,16185.0,16182.5,2.2776162e-05,0.00011388081,0
16185.0,16190.0,16187.5,2.275475e-05,0.00011377375,0
16190.0,16195.0,16192.5,1.8883986e-05,9.441993e-05,0
16195.0,16200.0,16197.5,1.5223998e-05,7.611999e-05,0
16200.0,16205.0,16202.5,1.2444914e-05,6.222457e-05,0
16205.0,16210.0,16207.5,1.9026214e-05,9.513107e-05,0
16210.0,16215.0,16212.5,2.0993776e-05,0.00010496888,0
16215.0,16220.0,16217.5,1.0430386e-05,5.215193e-05,0
16220.0,16225.0,16222.5,1.802881e-05,9.014405e-05,0
16225.0,16230.0,16227.5,1.624361e-05,8.121805e-05,0
16230.0,16235.0,16232.5,1.7121492e-05,8.560746e-05,0
16235.0,16240.0,16237.5,2.2887316e-05,0.00011443658,0
16240.0,16245.0,16242.5,1.1368062e-05,5.684031e-05,0
16245.0,16250.0,16247.5,2.2012324e-05,0.00011006162,0
16250.0,16255.0,16252.5,1.9060918e-05,9.530459e-05,0
16255.0,16260.0,16257.5,1.3410022e-05,6.705011e-05,0
16260.0,16265.0,16262.5,1.8197766e-05,9.098883e-05,0
16265.0,16270.0,16267.5,2.5523832e-05,0.00012761916,0
16270.0,16275.0,16272.5,2.2798632e-05,0.00011399316,0
16275.0,16280.0,16277.5,1.6229416e-05,8.114708e-05,0
16280.0,16285.0,16282.5,1.9029002e-05,9.514501e-05,0
16285.0,16290.0,16287.5,1.2392546e-05,6.196273e-05,0
16290.0,16295.0,16292.5,2.2897088e-05,0.00011448544,0
16295.0,16300.0,16297.5,1.714576e-05,8.57288e-05,0
16300.0,16305.0,16302.5,1.988307e-05,9.941535e-05,0
16305.0,16310.0,16307.5,2.284634e-05,0.0001142317,0
16310.0,16315.0,16312.5,1.6342956e-05,8.171478e-05,0
16315.0,16320.0,16317.5,2.1990458e-05,0.00010995229,0
16320.0,16325.0,16322.5,1.7240628e-05,8.620314e-05,0
16325.0,16330.0,16327.5,1.7087208e-05,8.543604e-05,0
16330.0,16335.0,16332.5,1.6376872e-05,8.188436e-05,0
16335.0,16340.0,16337.5,2.0711858e-05,0.00010355929,0
16340.0,16345.0,16342.5,1.2318636e-05,6.159318e-05,0
16345.0,16350.0,16347.5,1.6202402e-05,8.101201e-05,0
16350.0,16355.0,16352.5,2.1905056e-05,0.00010952528,0
16355.0,16360.0,16357.5,1.8049654e-05,9.024827e-05,0
16360.0,16365.0,16362.5,1.718281e-05,8.591405e-05,0
16365.0,16370.0,16367.5,1.0503044e-05,5.251522e-05,0
16370.0,16375.0,16372.5,1.8002652e-05,9.001326e-05,0
16375.0,16380.0,16377.5,8.658758e-06,4.329379e-05,0
16380.0,16385.0,16382.5,1.341072e-05,6.70536e-05,0
16385.0,16390.0,16387.5,1.5229144e-05,7.614572e-05,0
16390.0,16395.0,16392.5,1.8004828e-05,9.002414e-05,0
16395.0,16400.0,16397.5,1.6118636e-05,8.059318e-05,0
16400.0,16405.0,16402.5,1.81133e-05,9.05665e-05,0
16405.0,16410.0,16407.5,2.2846078e-05,0.00011423039,0
16410.0,16415.0,16412.5,2.1839404e-05,0.00010919702,0
16415.0,16420.0,16417.5,1.3164304e-05,6.582152e-05,0
16420.0,16425.0,16422.5,1.8145412e-05,9.072706e-05,0
16425.0,16430.0,16427.5,1.8962342e-05,9.481171e-05,0
16430.0,16435.0,16432.5,1.9126e-05,9.563e-05,0
16435.0,16440.0,16437.5,1.8098484e-05,9.049242e-05,0
16440.0,16445.0,16442.5,1.5120262e-05,7.560131e-05,0
16445.0,16450.0,16447.5,1.8088932e-05,9.044466e-05,0
16450.0,16455.0,16452.5,1.2173134e-05,6.086567e-05,0
16455.0,16460.0,16457.5,1.6142016e-05,8.071008e-05,0
16460.0,16465.0,16462.5,1.910246e-05,9.55123e-05,0
16465.0,16470.0,16467.5,1.6052674e-05,8.026337e-05,0
16470.0,16475.0,16472.5,1.6136154e-05,8.068077e-05,0
16475.0,16480.0,16477.5,1.0583006e-05,5.291503e-05,0
16480.0,16485.0,16482.5,2.0015386e-05,0.00010007693,0
16485.0,16490.0,16487.5,2.1780564e-05,0.00010890282,0
16490.0,16495.0,16492.5,1.3330908e-05,6.665454e-05,0
16495.0,16500.0,16497.5,1.9046738e-05,9.523369e-05,0
16500.0,16505.0,16502.5,1.8200446e-05,9.100223e-05,0
16505.0,16510.0,16507.5,1.989063e-05,9.945315e-05,0
16510.0,16515.0,16512.5,1.5329166e-05,7.664583e-05,0
16515.0,16520.0,16517.5,1.6269882e-05,8.134941e-05,0
16520.0,16525.0,16522.5,1.5361888e-05,7.680944e-05,0
16525.0,16530.0,16527.5,2.192874e-05,0.0001096437,0
16530.0,16535.0,16532.5,1.7976926e-05,8.988463e-05,0
16535.0,16540.0,16537.5,2.5561546e-05,0.00012780773,0
16540.0,16545.0,16542.5,1.336891e-05,6.684455e-05,0
16545.0,16550.0,16547.5,2.3849294e-05,0.00011924647,0
16550.0,16555.0,16552.5,2.279622e-05,0.0001139811,0
16555.0,16560.0,16557.5,1.6159064e-05,8.079532e-05,0
16560.0,16565.0,16562.5,1.2372622e-05,6.186311e-05,0
16565.0,16570.0,16567.5,1.421219e-05,7.106095e-05,0
16570.0,16575.0,16572.5,1.431032e-05,7.15516e-05,0
16575.0,16580.0,16577.5,1.514984e-05,7.57492e-05,0
16580.0,16585.0,16582.5,2.2761074e-05,0.00011380537,0
16585.0,16590.0,16587.5,1.8086406e-05,9.043203e-05,0
16590.0,16595.0,16592.5,2.0799488e-05,0.00010399744,0
16595.0,16600.0,16597.5,7.687124e-06,3.843562e-05,0
16600.0,16605.0,16602.5,1.6113956e-05,8.056978e-05,0
16605.0,16610.0,16607.5,1.70868e-05,8.5434e-05,0
16610.0,16615.0,16612.5,2.0830348e-05,0.00010415174,0
16615.0,16620.0,16617.5,1.1522192e-05,5.761096e-05,0
16620.0,16625.0,16622.5,1.235941e-05,6.179705e-05,0
16625.0,16630.0,16627.5,1.9109208e-05,9.554604e-05,0
16630.0,16635.0,16632.5,1.326999e-05,6.634995e-05,0
16635.0,16640.0,16637.5,8.518912e-06,4.259456e-05,0
16640.0,16645.0,16642.5,1.4310846e-05,7.155423e-05,0
16645.0,16650.0,16647.5,2.1781344e-05,0.00010890672,0
16650.0,16655.0,16652.5,1.4217594e-05,7.108797e-05,0
16655.0,16660.0,16657.5,1.7097624e-05,8.548812e-05,0
16660.0,16665.0,16662.5,1.4371228e-05,7.185614e-05,0
16665.0,16670.0,16667.5,1.8966744e-05,9.483372e-05,0
16670.0,16675.0,16672.5,2.0937582e-05,0.00010468791,0
16675.0,16680.0,16677.5,1.5299084e-05,7.649542e-05,0
16680.0,16685.0,16682.5,1.4209558e-05,7.104779e-05,0
16685.0,16690.0,16687.5,2.9387146e-05,0.00014693573,0
16690.0,16695.0,16692.5,1.4248724e-05,7.124362e-05,0
16695.0,16700.0,16697.5,1.7074732e-05,8.537366e-05,0
16700.0,16705.0,16702.5,1.333838e-05,6.66919e-05,0
16705.0,16710.0,16707.5,1.5139462e-05,7.569731e-05,0
16710.0,16715.0,16712.5,1.8208954e-05,9.104477e-05,0
16715.0,16720.0,16717.5,1.3304382e-05,6.652191e-05,0
16720.0,16725.0,16722.5,1.529691e-05,7.648455e-05,0
16725.0,16730.0,16727.5,1.81797e-05,9.08985e-05,0
16730.0,16735.0,16732.5,2.1841116e-05,0.00010920558,0
16735.0,16740.0,16737.5,2.1929034e-05,0.00010964517,0
16740.0,16745.0,16742.5,1.4335738e-05,7.167869e-05,0
16745.0,16750.0,16747.5,1.9976808e-05,9.988404e-05,0
16750.0,16755.0,16752.5,1.5227452e-05,7.613726e-05,0
16755.0,16760.0,16757.5,1.5204162e-05,7.602081e-05,0
16760.0,16765.0,16762.5,1.4213648e-05,7.106824e-05,0
16765.0,16770.0,16767.5,1.9919058e-05,9.959529e-05,0
16770.0,16775.0,16772.5,1.6196758e-05,8.098379e-05,0
16775.0,16780.0,16777.5,1.8057458e-05,9.028729e-05,0
16780.0,16785.0,16782.5,2.0109348e-05,0.00010054674,0
16785.0,16790.0,16787.5,2.0007918e-05,0.00010003959,0
16790.0,16795.0,16792.5,1.9090296e-05,9.545148e-05,0
16795.0,16800.0,16797.5,1.4290222e-05,7.145111e-05,0
16800.0,16805.0,16802.5,1.5227256e-05,7.613628e-05,0
16805.0,16810.0,16807.5,2.0031634e-05,0.00010015817,0
16810.0,16815.0,16812.5,1.431154e-05,7.15577e-05,0
16815.0,16820.0,16817.5,1.79803e-05,8.99015e-05,0
16820.0,16825.0,16822.5,1.3274306e-05,6.637153e-05,0
16825.0,16830.0,16827.5,1.5284034e-05,7.642017e-05,0
16830.0,16835.0,16832.5,1.7158744e-05,8.579372e-05,0
16835.0,16840.0,16837.5,1.3225438e-05,6.612719e-05,0
16840.0,16845.0,16842.5,2.0205968e-05,0.00010102984,0
16845.0,16850.0,16847.5,1.3288304e-05,6.644152e-05,0
16850.0,16855.0,16852.5,1.7910578e-05,8.955289e-05,0
16855.0,16860.0,16857.5,1.1481056e-05,5.740528e-05,0
16860.0,16865.0,16862.5,1.4242464e-05,7.121232e-05,0
16865.0,16870.0,16867.5,2.0986504e-05,0.00010493252,0
16870.0,16875.0,16872.5,1.5241612e-05,7.620806e-05,0
16875.0,16880.0,16877.5,1.514194e-05,7.57097e-05,0
16880.0,16885.0,16882.5,1.428797e-05,7.143985e-05,0
16885.0,16890.0,16887.5,1.4284342e-05,7.142171e-05,0
16890.0,16895.0,16892.5,1.232551e-05,6.162755e-05,0
16895.0,16900.0,16897.5,2.2890696e-05,0.00011445348,0
16900.0,16905.0,16902.5,1.4313022e-05,7.156511e-05,0
16905.0,16910.0,16907.5,1.2417592e-05,6.208796e-05,0
16910.0,16915.0,16912.5,1.4221508e-05,7.110754e-05,0
16915.0,16920.0,16917.5,7.584828e-06,3.792414e-05,0
16920.0,16925.0,16922.5,2.1738704e-05,0.00010869352,0
16925.0,16930.0,16927.5,2.1851586e-05,0.00010925793,0
16930.0,16935.0,16932.5,1.4191966e-05,7.095983e-05,0
16935.0,16940.0,16937.5,1.8923874e-05,9.461937e-05,0
16940.0,16945.0,16942.5,6.643156e-06,3.321578e-05,0
16945.0,16950.0,16947.5,1.6160384e-05,8.080192e-05,0
16950.0,16955.0,16952.5,1.6975524e-05,8.487762e-05,0
16955.0,16960.0,16957.5,1.140416e-05,5.70208e-05,0
16960.0,16965.0,16962.5,1.7103796e-05,8.551898e-05,0
16965.0,16970.0,16967.5,1.1445928e-05,5.722964e-05,0
16970.0,16975.0,16972.5,2.0919452e-05,0.00010459726,0
16975.0,16980.0,16977.5,2.0012802e-05,0.00010006401,0
16980.0,16985.0,16982.5,1.1456748e-05,5.728374e-05,0
16985.0,16990.0,16987.5,1.6210536e-05,8.105268e-05,0
16990.0,16995.0,16992.5,1.7156388e-05,8.578194e-05,0
16995.0,17000.0,16997.5,1.6112748e-05,8.056374e-05,0
17000.0,17005.0,17002.5,1.9006202e-05,9.503101e-05,0
17005.0,17010.0,17007.5,1.2415344e-05,6.207672e-05,0
17010.0,17015.0,17012.5,1.3277808e-05,6.638904e-05,0
17015.0,17020.0,17017.5,1.5189812e-05,7.594906e-05,0
17020.0,17025.0,17022.5,1.8932112e-05,9.466056e-05,0
17025.0,17030.0,17027.5,1.912769e-05,9.563845e-05,0
17030.0,17035.0,17032.5,1.2354866e-05,6.177433e-05,0
17035.0,17040.0,17037.5,1.245366e-05,6.22683e-05,0
17040.0,17045.0,17042.5,1.912199e-05,9.560995e-05,0
17045.0,17050.0,17047.5,1.3404266e-05,6.702133e-05,0
17050.0,17055.0,17052.5,1.3278962e-05,6.639481e-05,0
17055.0,17060.0,17057.5,1.7073766e-05,8.536883e-05,0
17060.0,17065.0,17062.5,2.0960186e-05,0.00010480093,0
17065.0,17070.0,17067.5,1.618237e-05,8.091185e-05,0
17070.0,17075.0,17072.5,2.283907e-05,0.00011419535,0
17075.0,17080.0,17077.5,1.7188622e-05,8.594311e-05,0
17080.0,17085.0,17082.5,1.614063e-05,8.070315e-05,0
17085.0,17090.0,17087.5,2.3807052e-05,0.00011903526,0
17090.0,17095.0,17092.5,1.9919978e-05,9.959989e-05,0
17095.0,17100.0,17097.5,1.9991218e-05,9.995609e-05,0
17100.0,17105.0,17102.5,1.2401286e-05,6.200643e-05,0
17105.0,17110.0,17107.5,2.18896e-05,0.000109448,0
17110.0,17115.0,17112.5,1.894969e-05,9.474845e-05,0
17115.0,17120.0,17117.5,1.7008664e-05,8.504332e-05,0
17120.0,17125.0,17122.5,1.5224372e-05,7.612186e-05,0
17125.0,17130.0,17127.5,2.48025e-05,0.0001240125,0
17130.0,17135.0,17132.5,1.5225084e-05,7.612542e-05,0
17135.0,17140.0,17137.5,1.526498e-05,7.63249e-05,0
17140.0,17145.0,17142.5,2.390743e-05,0.00011953715,0
17145.0,17150.0,17147.5,1.7072406e-05,8.536203e-05,0
17150.0,17155.0,17152.5,1.996918e-05,9.98459e-05,0
17155.0,17160.0,17157.5,1.6084338e-05,8.042169e-05,0
17160.0,17165.0,17162.5,1.4331594e-05,7.165797e-05,0
17165.0,17170.0,17167.5,1.6102828e-05,8.051414e-05,0
17170.0,17175.0,17172.5,1.4316508e-05,7.158254e-05,0
17175.0,17180.0,17177.5,1.5247432e-05,7.623716e-05,0
17180.0,17185.0,17182.5,1.2195086e-05,6.097543e-05,0
17185.0,17190.0,17187.5,1.3356256e-05,6.678128e-05,0
17190.0,17195.0,17192.5,1.4189716e-05,7.094858e-05,0
17195.0,17200.0,17197.5,1.816444e-05,9.08222e-05,0
17200.0,17205.0,17202.5,1.3397534e-05,6.698767e-05,0
17205.0,17210.0,17207.5,1.232394e-05,6.16197e-05,0
17210.0,17215.0,17212.5,1.993195e-05,9.965975e-05,0
17215.0,17220.0,17217.5,1.7142626e-05,8.571313e-05,0
17220.0,17225.0,17222.5,1.9061936e-05,9.530968e-05,0
17225.0,17230.0,17227.5,1.8824034e-05,9.412017e-05,0
17230.0,17235.0,17232.5,1.3288918e-05,6.644459e-05,0
17235.0,17240.0,17237.5,1.7821568e-05,8.910784e-05,0
17240.0,17245.0,17242.5,1.0432318e-05,5.216159e-05,0
17245.0,17250.0,17247.5,1.7047208e-05,8.523604e-05,0
17250.0,17255.0,17252.5,1.6115362e-05,8.057681e-05,0
17255.0,17260.0,17257.5,1.5986198e-05,7.993099e-05,0
17260.0,17265.0,17262.5,1.5200552e-05,7.600276e-05,0
17265.0,17270.0,17267.5,9.554652e-06,4.777326e-05,0
17270.0,17275.0,17272.5,1.6145872e-05,8.072936e-05,0
17275.0,17280.0,17277.5,1.2515316e-05,6.257658e-05,0
17280.0,17285.0,17282.5,1.2323726e-05,6.161863e-05,0
17285.0,17290.0,17287.5,2.1867044e-05,0.00010933522,0
17290.0,17295.0,17292.5,1.7100276e-05,8.550138e-05,0
17295.0,17300.0,17297.5,2.2655968e-05,0.00011327984,0
17300.0,17305.0,17302.5,1.8053868e-05,9.026934e-05,0
17305.0,17310.0,17307.5,1.990379e-05,9.951895e-05,0
17310.0,17315.0,17312.5,1.6090084e-05,8.045042e-05,0
17315.0,17320.0,17317.5,1.038422e-05,5.19211e-05,0
17320.0,17325.0,17322.5,1.4230376e-05,7.115188e-05,0
17325.0,17330.0,17327.5,1.7103362e-05,8.551681e-05,0
17330.0,17335.0,17332.5,1.514827e-05,7.574135e-05,0
17335.0,17340.0,17337.5,1.51147e-05,7.55735e-05,0
17340.0,17345.0,17342.5,1.9904332e-05,9.952166e-05,0
17345.0,17350.0,17347.5,1.7033572e-05,8.516786e-05,0
17350.0,17355.0,17352.5,9.533148e-06,4.766574e-05,0
17355.0,17360.0,17357.5,1.4287538e-05,7.143769e-05,0
17360.0,17365.0,17362.5,1.7164388e-05,8.582194e-05,0
17365.0,17370.0,17367.5,1.6186098e-05,8.093049e-05,0
17370.0,17375.0,17372.5,1.423946e-05,7.11973e-05,0
17375.0,17380.0,17377.5,1.6122064e-05,8.061032e-05,0
17380.0,17385.0,17382.5,1.237188e-05,6.18594e-05,0
17385.0,17390.0,17387.5,1.320381e-05,6.601905e-05,0
17390.0,17395.0,17392.5,1.805918e-05,9.02959e-05,0
17395.0,17400.0,17397.5,1.7056726e-05,8.528363e-05,0
17400.0,17405.0,17402.5,1.3269622e-05,6.634811e-05,0
17405.0,17410.0,17407.5,2.0955834e-05,0.00010477917,0
17410.0,17415.0,17412.5,1.2301214e-05,6.150607e-05,0
17415.0,17420.0,17417.5,9.43541e-06,4.717705e-05,0
17420.0,17425.0,17422.5,1.3225438e-05,6.612719e-05,0
17425.0,17430.0,17427.5,1.4317802e-05,7.158901e-05,0
17430.0,17435.0,17432.5,2.3778652e-05,0.00011889326,0
17435.0,17440.0,17437.5,1.425366e-05,7.12683e-05,0
17440.0,17445.0,17442.5,1.4305582e-05,7.152791e-05,0
17445.0,17450.0,17447.5,1.6258044e-05,8.129022e-05,0
17450.0,17455.0,17452.5,1.4371486e-05,7.185743e-05,0
17455.0,17460.0,17457.5,1.0405552e-05,5.202776e-05,0
17460.0,17465.0,17462.5,1.6234246e-05,8.117123e-05,0
17465.0,17470.0,17467.5,1.0404858e-05,5.202429e-05,0
17470.0,17475.0,17472.5,1.8125302e-05,9.062651e-05,0
17475.0,17480.0,17477.5,1.5183096e-05,7.591548e-05,0
17480.0,17485.0,17482.5,1.4221294e-05,7.110647e-05,0
17485.0,17490.0,17487.5,1.3283512e-05,6.641756e-05,0
17490.0,17495.0,17492.5,1.4260294e-05,7.130147e-05,0
17495.0,17500.0,17497.5,1.91315e-05,9.56575e-05,0
17500.0,17505.0,17502.5,1.4136812e-05,7.068406e-05,0
17505.0,17510.0,17507.5,1.7028878e-05,8.514439e-05,0
17510.0,17515.0,17512.5,1.3299058e-05,6.649529e-05,0
17515.0,17520.0,17517.5,1.3180998e-05,6.590499e-05,0
17520.0,17525.0,17522.5,1.5243344e-05,7.621672e-05,0
17525.0,17530.0,17527.5,1.8036958e-05,9.018479e-05,0
17530.0,17535.0,17532.5,1.328351e-05,6.641755e-05,0
17535.0,17540.0,17537.5,1.6993818e-05,8.496909e-05,0
17540.0,17545.0,17542.5,1.5158958e-05,7.579479e-05,0
17545.0,17550.0,17547.5,2.1735366e-05,0.00010867683,0
17550.0,17555.0,17552.5,1.3358858e-05,6.679429e-05,0
17555.0,17560.0,17557.5,1.9053168e-05,9.526584e-05,0
17560.0,17565.0,17562.5,1.5145252e-05,7.572626e-05,0
17565.0,17570.0,17567.5,1.6146062e-05,8.073031e-05,0
17570.0,17575.0,17572.5,1.8104726e-05,9.052363e-05,0
17575.0,17580.0,17577.5,1.8948468e-05,9.474234e-05,0
17580.0,17585.0,17582.5,1.8060024e-05,9.030012e-05,0
17585.0,17590.0,17587.5,1.8146214e-05,9.073107e-05,0
17590.0,17595.0,17592.5,1.0466242e-05,5.233121e-05,0
17595.0,17600.0,17597.5,1.5269558e-05,7.634779e-05,0
17600.0,17605.0,17602.5,1.517345e-05,7.586725e-05,0
17605.0,17610.0,17607.5,1.7026098e-05,8.513049e-05,0
17610.0,17615.0,17612.5,1.4183246e-05,7.091623e-05,0
17615.0,17620.0,17617.5,1.3319826e-05,6.659913e-05,0
17620.0,17625.0,17622.5,1.047679e-05,5.238395e-05,0
17625.0,17630.0,17627.5,2.374151e-05,0.00011870755,0
17630.0,17635.0,17632.5,1.8254844e-05,9.127422e-05,0
17635.0,17640.0,17637.5,1.1483602e-05,5.741801e-05,0
17640.0,17645.0,17642.5,1.7027376e-05,8.513688e-05,0
17645.0,17650.0,17647.5,1.6171438e-05,8.085719e-05,0
17650.0,17655.0,17652.5,1.421532e-05,7.10766e-05,0
17655.0,17660.0,17657.5,1.5274482e-05,7.637241e-05,0
17660.0,17665.0,17662.5,1.6160828e-05,8.080414e-05,0
17665.0,17670.0,17667.5,9.495922e-06,4.747961e-05,0
17670.0,17675.0,17672.5,1.0443804e-05,5.221902e-05,0
17675.0,17680.0,17677.5,1.3337322e-05,6.668661e-05,0
17680.0,17685.0,17682.5,1.2393848e-05,6.196924e-05,0
17685.0,17690.0,17687.5,1.7135856e-05,8.567928e-05,0
17690.0,17695.0,17692.5,1.1390406e-05,5.695203e-05,0
17695.0,17700.0,17697.5,1.9942126e-05,9.971063e-05,0
17700.0,17705.0,17702.5,1.4195138e-05,7.097569e-05,0
17705.0,17710.0,17707.5,1.7145566e-05,8.572783e-05,0
17710.0,17715.0,17712.5,1.1354244e-05,5.677122e-05,0
17715.0,17720.0,17717.5,2.1720862e-05,0.00010860431,0
17720.0,17725.0,17722.5,1.8081646e-05,9.040823e-05,0
17725.0,17730.0,17727.5,1.7958174e-05,8.979087e-05,0
17730.0,17735.0,17732.5,1.6187576e-05,8.093788e-05,0
17735.0,17740.0,17737.5,1.613973e-05,8.069865e-05,0
17740.0,17745.0,17742.5,1.613943e-05,8.069715e-05,0
17745.0,17750.0,17747.5,9.4822e-06,4.7411e-05,0
17750.0,17755.0,17752.5,1.8968392e-05,9.484196e-05,0
17755.0,17760.0,17757.5,1.22927e-05,6.14635e-05,0
17760.0,17765.0,17762.5,1.8102492e-05,9.051246e-05,0
17765.0,17770.0,17767.5,1.0510372e-05,5.255186e-05,0
17770.0,17775.0,17772.5,1.3352848e-05,6.676424e-05,0
17775.0,17780.0,17777.5,1.0381738e-05,5.190869e-05,0
17780.0,17785.0,17782.5,1.4337688e-05,7.168844e-05,0
17785.0,17790.0,17787.5,1.6103586e-05,8.051793e-05,0
17790.0,17795.0,17792.5,1.526201e-05,7.631005e-05,0
17795.0,17800.0,17797.5,1.7061942e-05,8.530971e-05,0
17800.0,17805.0,17802.5,1.3356902e-05,6.678451e-05,0
17805.0,17810.0,17807.5,1.4270408e-05,7.135204e-05,0
17810.0,17815.0,17812.5,1.340719e-05,6.703595e-05,0
17815.0,17820.0,17817.5,2.0858798e-05,0.00010429399,0
17820.0,17825.0,17822.5,1.6106314e-05,8.053157e-05,0
17825.0,17830.0,17827.5,1.3244536e-05,6.622268e-05,0
17830.0,17835.0,17832.5,1.418203e-05,7.091015e-05,0
17835.0,17840.0,17837.5,1.2416124e-05,6.208062e-05,0
17840.0,17845.0,17842.5,2.468586e-05,0.0001234293,0
17845.0,17850.0,17847.5,2.7453006e-05,0.00013726503,0
17850.0,17855.0,17852.5,1.420885e-05,7.104425e-05,0
17855.0,17860.0,17857.5,1.8122408e-05,9.061204e-05,0
17860.0,17865.0,17862.5,1.8066414e-05,9.033207e-05,0
17865.0,17870.0,17867.5,2.2788344e-05,0.00011394172,0
17870.0,17875.0,17872.5,1.426861e-05,7.134305e-05,0
17875.0,17880.0,17877.5,2.2968052e-05,0.00011484026,0
17880.0,17885.0,17882.5,1.8099888e-05,9.049944e-05,0
17885.0,17890.0,17887.5,1.6124348e-05,8.062174e-05,0
17890.0,17895.0,17892.5,1.3270052e-05,6.635026e-05,0
17895.0,17900.0,17897.5,1.3284152e-05,6.642076e-05,0
17900.0,17905.0,17902.5,1.2309272e-05,6.154636e-05,0
17905.0,17910.0,17907.5,1.3343778e-05,6.671889e-05,0
17910.0,17915.0,17912.5,1.1452154e-05,5.726077e-05,0
17915.0,17920.0,17917.5,1.4227058e-05,7.113529e-05,0
17920.0,17925.0,17922.5,1.7034322e-05,8.517161e-05,0
17925.0,17930.0,17927.5,1.6066862e-05,8.033431e-05,0
17930.0,17935.0,17932.5,8.53332e-06,4.26666e-05,0
17935.0,17940.0,17937.5,1.5276758e-05,7.638379e-05,0
17940.0,17945.0,17942.5,1.4283052e-05,7.141526e-05,0
17945.0,17950.0,17947.5,2.0865778e-05,0.00010432889,0
17950.0,17955.0,17952.5,1.5350324e-05,7.675162e-05,0
17955.0,17960.0,17957.5,8.592314e-06,4.296157e-05,0
17960.0,17965.0,17962.5,7.591034e-06,3.795517e-05,0
17965.0,17970.0,17967.5,1.8187764e-05,9.093882e-05,0
17970.0,17975.0,17972.5,1.4151282e-05,7.075641e-05,0
17975.0,17980.0,17977.5,1.331642e-05,6.65821e-05,0
17980.0,17985.0,17982.5,1.2331016e-05,6.165508e-05,0
17985.0,17990.0,17987.5,9.490768e-06,4.745384e-05,0
17990.0,17995.0,17992.5,2.3785898e-05,0.00011892949,0
17995.0,18000.0,17997.5,1.6091226e-05,8.045613e-05,0
18000.0,18005.0,18002.5,1.5310714e-05,7.655357e-05,0
18005.0,18010.0,18007.5,1.8021054e-05,9.010527e-05,0
18010.0,18015.0,18012.5,1.2379352e-05,6.189676e-05,0
18015.0,18020.0,18017.5,2.1783998e-05,0.00010891999,0
18020.0,18025.0,18022.5,1.1465566e-05,5.732783e-05,0
18025.0,18030.0,18027.5,2.3789462e-05,0.00011894731,0
18030.0,18035.0,18032.5,1.7012476e-05,8.506238e-05,0
18035.0,18040.0,18037.5,1.604825e-05,8.024125e-05,0
18040.0,18045.0,18042.5,1.5238466e-05,7.619233e-05,0
18045.0,18050.0,18047.5,1.428916e-05,7.14458e-05,0
18050.0,18055.0,18052.5,1.6131566e-05,8.065783e-05,0
18055.0,18060.0,18057.5,1.4446258e-05,7.223129e-05,0
18060.0,18065.0,18062.5,5.672104e-06,2.836052e-05,0
18065.0,18070.0,18067.5,1.0463976e-05,5.231988e-05,0
18070.0,18075.0,18072.5,1.32027e-05,6.60135e-05,0
18075.0,18080.0,18077.5,1.7971216e-05,8.985608e-05,0
18080.0,18085.0,18082.5,1.5192594e-05,7.596297e-05,0
18085.0,18090.0,18087.5,1.429032e-05,7.14516e-05,0
18090.0,18095.0,18092.5,1.7086732e-05,8.543366e-05,0
18095.0,18100.0,18097.5,2.0901732e-05,0.00010450866,0
18100.0,18105.0,18102.5,1.341327e-05,6.706635e-05,0
18105.0,18110.0,18107.5,1.2406664e-05,6.203332e-05,0
18110.0,18115.0,18112.5,1.4265546e-05,7.132773e-05,0
18115.0,18120.0,18117.5,1.328177e-05,6.640885e-05,0
18120.0,18125.0,18122.5,1.3333104e-05,6.666552e-05,0
18125.0,18130.0,18127.5,1.2366466e-05,6.183233e-05,0
18130.0,18135.0,18132.5,1.0459238e-05,5.229619e-05,0
18135.0,18140.0,18137.5,1.4267038e-05,7.133519e-05,0
18140.0,18145.0,18142.5,1.2374138e-05,6.187069e-05,0
18145.0,18150.0,18147.5,2.1998158e-05,0.00010999079,0
18150.0,18155.0,18152.5,1.5071234e-05,7.535617e-05,0
18155.0,18160.0,18157.5,1.9079002e-05,9.539501e-05,0
18160.0,18165.0,18162.5,1.226937e-05,6.134685e-05,0
18165.0,18170.0,18167.5,9.4471e-06,4.72355e-05,0
18170.0,18175.0,18172.5,1.6141766e-05,8.070883e-05,0
18175.0,18180.0,18177.5,1.4178938e-05,7.089469e-05,0
18180.0,18185.0,18182.5,1.1434394e-05,5.717197e-05,0
18185.0,18190.0,18187.5,1.227196e-05,6.13598e-05,0
18190.0,18195.0,18192.5,1.6975326e-05,8.487663e-05,0
18195.0,18200.0,18197.5,1.9044344e-05,9.522172e-05,0
18200.0,18205.0,18202.5,1.6207346e-05,8.103673e-05,0
18205.0,18210.0,18207.5,9.52761e-06,4.763805e-05,0
18210.0,18215.0,18212.5,1.1436486e-05,5.718243e-05,0
18215.0,18220.0,18217.5,1.98998e-05,9.9499e-05,0
18220.0,18225.0,18222.5,1.6181536e-05,8.090768e-05,0
18225.0,18230.0,18227.5,1.7177996e-05,8.588998e-05,0
18230.0,18235.0,18232.5,1.5173978e-05,7.586989e-05,0
18235.0,18240.0,18237.5,1.7048614e-05,8.524307e-05,0
18240.0,18245.0,18242.5,1.4236342e-05,7.118171e-05,0
18245.0,18250.0,18247.5,2.0889314e-05,0.00010444657,0
18250.0,18255.0,18252.5,6.673272e-06,3.336636e-05,0
18255.0,18260.0,18257.5,1.6190756e-05,8.095378e-05,0
18260.0,18265.0,18262.5,1.5195522e-05,7.597761e-05,0
18265.0,18270.0,18267.5,1.522721e-05,7.613605e-05,0
18270.0,18275.0,18272.5,1.3234528e-05,6.617264e-05,0
18275.0,18280.0,18277.5,1.3341472e-05,6.670736e-05,0
18280.0,18285.0,18282.5,1.0467874e-05,5.233937e-05,0
18285.0,18290.0,18287.5,1.7078098e-05,8.539049e-05,0
18290.0,18295.0,18292.5,9.611286e-06,4.805643e-05,0
18295.0,18300.0,18297.5,1.4248552e-05,7.124276e-05,0
18300.0,18305.0,18302.5,1.0441912e-05,5.220956e-05,0
18305.0,18310.0,18307.5,1.8126942e-05,9.063471e-05,0
18310.0,18315.0,18312.5,1.6242728e-05,8.121364e-05,0
18315.0,18320.0,18317.5,8.567674e-06,4.283837e-05,0
18320.0,18325.0,18322.5,1.6307116e-05,8.153558e-05,0
18325.0,18330.0,18327.5,1.905034e-05,9.52517e-05,0
18330.0,18335.0,18332.5,2.1952488e-05,0.00010976244,0
18335.0,18340.0,18337.5,1.6172698e-05,8.086349e-05,0
18340.0,18345.0,18342.5,1.3436292e-05,6.718146e-05,0
18345.0,18350.0,18347.5,1.0488512e-05,5.244256e-05,0
18350.0,18355.0,18352.5,1.4287766e-05,7.143883e-05,0
18355.0,18360.0,18357.5,1.3285072e-05,6.642536e-05,0
18360.0,18365.0,18362.5,1.610546e-05,8.05273e-05,0
18365.0,18370.0,18367.5,1.4173806e-05,7.086903e-05,0
18370.0,18375.0,18372.5,1.0507468e-05,5.253734e-05,0
18375.0,18380.0,18377.5,1.6133096e-05,8.066548e-05,0
18380.0,18385.0,18382.5,1.518429e-05,7.592145e-05,0
18385.0,18390.0,18387.5,1.1365776e-05,5.682888e-05,0
18390.0,18395.0,18392.5,1.7021818e-05,8.510909e-05,0
18395.0,18400.0,18397.5,1.6165378e-05,8.082689e-05,0
18400.0,18405.0,18402.5,1.228726e-05,6.14363e-05,0
18405.0,18410.0,18407.5,1.9029494e-05,9.514747e-05,0
18410.0,18415.0,18412.5,1.1421314e-05,5.710657e-05,0
18415.0,18420.0,18417.5,1.6156288e-05,8.078144e-05,0
18420.0,18425.0,18422.5,1.1473388e-05,5.736694e-05,0
18425.0,18430.0,18427.5,1.7099278e-05,8.549639e-05,0
18430.0,18435.0,18432.5,2.0903552e-05,0.00010451776,0
18435.0,18440.0,18437.5,1.7220306e-05,8.610153e-05,0
18440.0,18445.0,18442.5,1.9058472e-05,9.529236e-05,0
18445.0,18450.0,18447.5,1.33431e-05,6.67155e-05,0
18450.0,18455.0,18452.5,1.4362666e-05,7.181333e-05,0
18455.0,18460.0,18457.5,1.4219418e-05,7.109709e-05,0
18460.0,18465.0,18462.5,1.3316102e-05,6.658051e-05,0
18465.0,18470.0,18467.5,1.2381868e-05,6.190934e-05,0
18470.0,18475.0,18472.5,1.049509e-05,5.247545e-05,0
18475.0,18480.0,18477.5,9.45618e-06,4.72809e-05,0
18480.0,18485.0,18482.5,1.0484962e-05,5.242481e-05,0
18485.0,18490.0,18487.5,1.6132668e-05,8.066334e-05,0
18490.0,18495.0,18492.5,1.5156766e-05,7.578383e-05,0
18495.0,18500.0,18497.5,1.1513646e-05,5.756823e-05,0
18500.0,18505.0,18502.5,1.5093352e-05,7.546676e-05,0
18505.0,18510.0,18507.5,1.9096526e-05,9.548263e-05,0
18510.0,18515.0,18512.5,1.6074754e-05,8.037377e-05,0
18515.0,18520.0,18517.5,1.3362634e-05,6.681317e-05,0
18520.0,18525.0,18522.5,1.5190478e-05,7.595239e-05,0
18525.0,18530.0,18527.5,2.3641534e-05,0.00011820767,0
18530.0,18535.0,18532.5,1.0497304e-05,5.248652e-05,0
18535.0,18540.0,18537.5,8.55594e-06,4.27797e-05,0
18540.0,18545.0,18542.5,1.4278498e-05,7.139249e-05,0
18545.0,18550.0,18547.5,1.612424e-05,8.06212e-05,0
18550.0,18555.0,18552.5,8.63745e-06,4.318725e-05,0
18555.0,18560.0,18557.5,2.4939856e-05,0.00012469928,0
18560.0,18565.0,18562.5,9.412738e-06,4.706369e-05,0
18565.0,18570.0,18567.5,1.1459086e-05,5.729543e-05,0
18570.0,18575.0,18572.5,9.57804e-06,4.78902e-05,0
18575.0,18580.0,18577.5,2.099591e-05,0.00010497955,0
18580.0,18585.0,18582.5,1.7942906e-05,8.971453e-05,0
18585.0,18590.0,18587.5,1.3406894e-05,6.703447e-05,0
18590.0,18595.0,18592.5,1.0399052e-05,5.199526e-05,0
18595.0,18600.0,18597.5,1.33017e-05,6.65085e-05,0
18600.0,18605.0,18602.5,1.4312476e-05,7.156238e-05,0
18605.0,18610.0,18607.5,8.481286e-06,4.240643e-05,0
18610.0,18615.0,18612.5,1.990882e-05,9.95441e-05,0
18615.0,18620.0,18617.5,1.6287172e-05,8.143586e-05,0
18620.0,18625.0,18622.5,1.1412522e-05,5.706261e-05,0
18625.0,18630.0,18627.5,1.4250348e-05,7.125174e-05,0
18630.0,18635.0,18632.5,7.516452e-06,3.758226e-05,0
18635.0,18640.0,18637.5,1.3300116e-05,6.650058e-05,0
18640.0,18645.0,18642.5,1.9974544e-05,9.987272e-05,0
18645.0,18650.0,18647.5,1.0463914e-05,5.231957e-05,0
18650.0,18655.0,18652.5,2.090482e-05,0.0001045241,0
18655.0,18660.0,18657.5,1.797415e-05,8.987075e-05,0
18660.0,18665.0,18662.5,1.8855558e-05,9.427779e-05,0
18665.0,18670.0,18667.5,1.5120574e-05,7.560287e-05,0
18670.0,18675.0,18672.5,1.4998998e-05,7.499499e-05,0
18675.0,18680.0,18677.5,1.3304682e-05,6.652341e-05,0
18680.0,18685.0,18682.5,2.0013614e-05,0.00010006807,0
18685.0,18690.0,18687.5,9.486338e-06,4.743169e-05,0
18690.0,18695.0,18692.5,1.5187414e-05,7.593707e-05,0
18695.0,18700.0,18697.5,1.0405804e-05,5.202902e-05,0
18700.0,18705.0,18702.5,2.658217e-05,0.00013291085,0
18705.0,18710.0,18707.5,1.1349848e-05,5.674924e-05,0
18710.0,18715.0,18712.5,1.9095534e-05,9.547767e-05,0
18715.0,18720.0,18717.5,9.514856e-06,4.757428e-05,0
18720.0,18725.0,18722.5,1.4291516e-05,7.145758e-05,0
18725.0,18730.0,18727.5,1.2441602e-05,6.220801e-05,0
18730.0,18735.0,18732.5,1.886511e-05,9.432555e-05,0
18735.0,18740.0,18737.5,1.5166468e-05,7.583234e-05,0
18740.0,18745.0,18742.5,1.5198618e-05,7.599309e-05,0
18745.0,18750.0,18747.5,1.3284184e-05,6.642092e-05,0
18750.0,18755.0,18752.5,1.5302432e-05,7.651216e-05,0
18755.0,18760.0,18757.5,1.6182332e-05,8.091166e-05,0
18760.0,18765.0,18762.5,8.54175e-06,4.270875e-05,0
18765.0,18770.0,18767.5,1.2323582e-05,6.161791e-05,0
18770.0,18775.0,18772.5,1.2416984e-05,6.208492e-05,0
18775.0,18780.0,18777.5,1.2328212e-05,6.164106e-05,0
18780.0,18785.0,18782.5,1.513114e-05,7.56557e-05,0
18785.0,18790.0,18787.5,8.654098e-06,4.327049e-05,0
18790.0,18795.0,18792.5,1.6103048e-05,8.051524e-05,0
18795.0,18800.0,18797.5,1.0466816e-05,5.233408e-05,0
18800.0,18805.0,18802.5,1.2398406e-05,6.199203e-05,0
18805.0,18810.0,18807.5,1.7022974e-05,8.511487e-05,0
18810.0,18815.0,18812.5,1.7102326e-05,8.551163e-05,0
18815.0,18820.0,18817.5,1.1349502e-05,5.674751e-05,0
18820.0,18825.0,18822.5,1.1404374e-05,5.702187e-05,0
18825.0,18830.0,18827.5,1.4235544e-05,7.117772e-05,0
18830.0,18835.0,18832.5,1.1432796e-05,5.716398e-05,0
18835.0,18840.0,18837.5,1.5237964e-05,7.618982e-05,0
18840.0,18845.0,18842.5,1.323419e-05,6.617095e-05,0
18845.0,18850.0,18847.5,9.505844e-06,4.752922e-05,0
18850.0,18855.0,18852.5,2.1039854e-05,0.00010519927,0
18855.0,18860.0,18857.5,1.528618e-05,7.64309e-05,0
18860.0,18865.0,18862.5,1.2374826e-05,6.187413e-05,0
18865.0,18870.0,18867.5,2.1779312e-05,0.00010889656,0
18870.0,18875.0,18872.5,1.0405522e-05,5.202761e-05,0
18875.0,18880.0,18877.5,1.3264202e-05,6.632101e-05,0
18880.0,18885.0,18882.5,1.2377066e-05,6.188533e-05,0
18885.0,18890.0,18887.5,1.4250342e-05,7.125171e-05,0
18890.0,18895.0,18892.5,1.6114986e-05,8.057493e-05,0
18895.0,18900.0,18897.5,1.524349e-05,7.621745e-05,0
18900.0,18905.0,18902.5,1.1371852e-05,5.685926e-05,0
18905.0,18910.0,18907.5,1.0425082e-05,5.212541e-05,0
18910.0,18915.0,18912.5,1.0547456e-05,5.273728e-05,0
18915.0,18920.0,18917.5,1.7013944e-05,8.506972e-05,0
18920.0,18925.0,18922.5,8.52866e-06,4.26433e-05,0
18925.0,18930.0,18927.5,1.6078198e-05,8.039099e-05,0
18930.0,18935.0,18932.5,1.0462424e-05,5.231212e-05,0
18935.0,18940.0,18937.5,8.577054e-06,4.288527e-05,0
18940.0,18945.0,18942.5,1.7160316e-05,8.580158e-05,0
18945.0,18950.0,18947.5,1.3465088e-05,6.732544e-05,0
18950.0,18955.0,18952.5,1.8930494e-05,9.465247e-05,0
18955.0,18960.0,18957.5,8.585264e-06,4.292632e-05,0
18960.0,18965.0,18962.5,6.6799e-06,3.33995e-05,0
18965.0,18970.0,18967.5,1.615239e-05,8.076195e-05,0
18970.0,18975.0,18972.5,8.571812e-06,4.285906e-05,0
18975.0,18980.0,18977.5,1.2328056e-05,6.164028e-05,0
18980.0,18985.0,18982.5,1.4311104e-05,7.155552e-05,0
18985.0,18990.0,18987.5,1.696215e-05,8.481075e-05,0
18990.0,18995.0,18992.5,8.55389e-06,4.276945e-05,0
18995.0,19000.0,18997.5,1.2316348e-05,6.158174e-05,0
19000.0,19005.0,19002.5,8.473956e-06,4.236978e-05,0
19005.0,19010.0,19007.5,1.238388e-05,6.19194e-05,0
19010.0,19015.0,19012.5,1.602281e-05,8.011405e-05,0
19015.0,19020.0,19017.5,1.7132074e-05,8.566037e-05,0
19020.0,19025.0,19022.5,2.082165e-05,0.00010410825,0
19025.0,19030.0,19027.5,1.623698e-05,8.11849e-05,0
19030.0,19035.0,19032.5,1.8024058e-05,9.012029e-05,0
19035.0,19040.0,19037.5,1.2404086e-05,6.202043e-05,0
19040.0,19045.0,19042.5,2.1027582e-05,0.00010513791,0
19045.0,19050.0,19047.5,1.4226336e-05,7.113168e-05,0
19050.0,19055.0,19052.5,1.3278502e-05,6.639251e-05,0
19055.0,19060.0,19057.5,1.2437764e-05,6.218882e-05,0
19060.0,19065.0,19062.5,1.9893632e-05,9.946816e-05,0
19065.0,19070.0,19067.5,1.416648e-05,7.08324e-05,0
19070.0,19075.0,19072.5,1.1463614e-05,5.731807e-05,0
19075.0,19080.0,19077.5,1.145258e-05,5.72629e-05,0
19080.0,19085.0,19082.5,1.6146684e-05,8.073342e-05,0
19085.0,19090.0,19087.5,1.330327e-05,6.651635e-05,0
19090.0,19095.0,19092.5,1.4224322e-05,7.112161e-05,0
19095.0,19100.0,19097.5,1.1367144e-05,5.683572e-05,0
19100.0,19105.0,19102.5,8.633524e-06,4.316762e-05,0
19105.0,19110.0,19107.5,1.52645e-05,7.63225e-05,0
19110.0,19115.0,19112.5,1.2377676e-05,6.188838e-05,0
19115.0,19120.0,19117.5,1.7027538e-05,8.513769e-05,0
19120.0,19125.0,19122.5,9.517444e-06,4.758722e-05,0
19125.0,19130.0,19127.5,1.1333402e-05,5.666701e-05,0
19130.0,19135.0,19132.5,1.4276192e-05,7.138096e-05,0
19135.0,19140.0,19137.5,1.7016632e-05,8.508316e-05,0
19140.0,19145.0,19142.5,1.3221596e-05,6.610798e-05,0
19145.0,19150.0,19147.5,1.2300988e-05,6.150494e-05,0
19150.0,19155.0,19152.5,1.2402404e-05,6.201202e-05,0
19155.0,19160.0,19157.5,1.908178e-05,9.54089e-05,0
19160.0,19165.0,19162.5,6.619928e-06,3.309964e-05,0
19165.0,19170.0,19167.5,1.5144024e-05,7.572012e-05,0
19170.0,19175.0,19172.5,1.5106092e-05,7.553046e-05,0
19175.0,19180.0,19177.5,1.3363982e-05,6.681991e-05,0
19180.0,19185.0,19182.5,1.138082e-05,5.69041e-05,0
19185.0,19190.0,19187.5,1.2330274e-05,6.165137e-05,0
19190.0,19195.0,19192.5,1.5129618e-05,7.564809e-05,0
19195.0,19200.0,19197.5,1.4153838e-05,7.076919e-05,0
19200.0,19205.0,19202.5,1.8021798e-05,9.010899e-05,0
19205.0,19210.0,19207.5,8.498946e-06,4.249473e-05,0
19210.0,19215.0,19212.5,1.608048e-05,8.04024e-05,0
19215.0,19220.0,19217.5,9.498122e-06,4.749061e-05,0
19220.0,19225.0,19222.5,1.137925e-05,5.689625e-05,0
19225.0,19230.0,19227.5,1.6966368e-05,8.483184e-05,0
19230.0,19235.0,19232.5,9.525918e-06,4.762959e-05,0
19235.0,19240.0,19237.5,1.6163332e-05,8.081666e-05,0
19240.0,19245.0,19242.5,1.519018e-05,7.59509e-05,0
19245.0,19250.0,19247.5,1.4150472e-05,7.075236e-05,0
19250.0,19255.0,19252.5,1.6971374e-05,8.485687e-05,0
19255.0,19260.0,19257.5,2.08487e-05,0.0001042435,0
19260.0,19265.0,19262.5,1.7058628e-05,8.529314e-05,0
19265.0,19270.0,19267.5,1.2429512e-05,6.214756e-05,0
19270.0,19275.0,19272.5,8.44788e-06,4.22394e-05,0
19275.0,19280.0,19277.5,7.643664e-06,3.821832e-05,0
19280.0,19285.0,19282.5,1.3402518e-05,6.701259e-05,0
19285.0,19290.0,19287.5,1.5166034e-05,7.583017e-05,0
19290.0,19295.0,19292.5,1.3253342e-05,6.626671e-05,0
19295.0,19300.0,19297.5,1.1431822e-05,5.715911e-05,0
19300.0,19305.0,19302.5,6.59961e-06,3.299805e-05,0
19305.0,19310.0,19307.5,1.526967e-05,7.634835e-05,0
19310.0,19315.0,19312.5,1.326443e-05,6.632215e-05,0
19315.0,19320.0,19317.5,1.235719e-05,6.178595e-05,0
19320.0,19325.0,19322.5,7.65486e-06,3.82743e-05,0
19325.0,19330.0,19327.5,2.0116476e-05,0.00010058238,0
19330.0,19335.0,19332.5,1.536137e-05,7.680685e-05,0
19335.0,19340.0,19337.5,1.240921e-05,6.204605e-05,0
19340.0,19345.0,19342.5,1.6229652e-05,8.114826e-05,0
19345.0,19350.0,19347.5,1.0393066e-05,5.196533e-05,0
19350.0,19355.0,19352.5,1.0472546e-05,5.236273e-05,0
19355.0,19360.0,19357.5,1.6019496e-05,8.009748e-05,0
19360.0,19365.0,19362.5,1.1362584e-05,5.681292e-05,0
19365.0,19370.0,19367.5,1.6168672e-05,8.084336e-05,0
19370.0,19375.0,19372.5,1.5989096e-05,7.994548e-05,0
19375.0,19380.0,19377.5,1.6074506e-05,8.037253e-05,0
19380.0,19385.0,19382.5,9.548274e-06,4.774137e-05,0
19385.0,19390.0,19387.5,1.9015294e-05,9.507647e-05,0
19390.0,19395.0,19392.5,1.5194924e-05,7.597462e-05,0
19395.0,19400.0,19397.5,1.3296996e-05,6.648498e-05,0
19400.0,19405.0,19402.5,1.7106778e-05,8.553389e-05,0
19405.0,19410.0,19407.5,9.496406e-06,4.748203e-05,0
19410.0,19415.0,19412.5,2.0805876e-05,0.00010402938,0
19415.0,19420.0,19417.5,1.6212354e-05,8.106177e-05,0
19420.0,19425.0,19422.5,1.0446478e-05,5.223239e-05,0
19425.0,19430.0,19427.5,1.6175844e-05,8.087922e-05,0
19430.0,19435.0,19432.5,1.9030666e-05,9.515333e-05,0
19435.0,19440.0,19437.5,7.602176e-06,3.801088e-05,0
19440.0,19445.0,19442.5,9.430578e-06,4.715289e-05,0
19445.0,19450.0,19447.5,1.1338484e-05,5.669242e-05,0
19450.0,19455.0,19452.5,1.7066066e-05,8.533033e-05,0
19455.0,19460.0,19457.5,1.5119144e-05,7.559572e-05,0
19460.0,19465.0,19462.5,7.537146e-06,3.768573e-05,0
19465.0,19470.0,19467.5,1.4229606e-05,7.114803e-05,0
19470.0,19475.0,19472.5,1.430647e-05,7.153235e-05,0
19475.0,19480.0,19477.5,1.143363e-05,5.716815e-05,0
19480.0,19485.0,19482.5,1.4187638e-05,7.093819e-05,0
19485.0,19490.0,19487.5,1.4130356e-05,7.065178e-05,0
19490.0,19495.0,19492.5,5.680782e-06,2.840391e-05,0
19495.0,19500.0,19497.5,7.584454e-06,3.792227e-05,0
19500.0,19505.0,19502.5,1.1478784e-05,5.739392e-05,0
19505.0,19510.0,19507.5,1.5302394e-05,7.651197e-05,0
19510.0,19515.0,19512.5,1.7156134e-05,8.578067e-05,0
19515.0,19520.0,19517.5,5.731034e-06,2.865517e-05,0
19520.0,19525.0,19522.5,1.236877e-05,6.184385e-05,0
19525.0,19530.0,19527.5,1.715301e-05,8.576505e-05,0
19530.0,19535.0,19532.5,8.48502e-06,4.24251e-05,0
19535.0,19540.0,19537.5,1.3310994e-05,6.655497e-05,0
19540.0,19545.0,19542.5,1.4224802e-05,7.112401e-05,0
19545.0,19550.0,19547.5,1.0448912e-05,5.224456e-05,0
19550.0,19555.0,19552.5,7.61474e-06,3.80737e-05,0
19555.0,19560.0,19557.5,1.8893592e-05,9.446796e-05,0
19560.0,19565.0,19562.5,1.995119e-05,9.975595e-05,0
19565.0,19570.0,19567.5,1.1523476e-05,5.761738e-05,0
19570.0,19575.0,19572.5,1.1426032e-05,5.713016e-05,0
19575.0,19580.0,19577.5,1.0395212e-05,5.197606e-05,0
19580.0,19585.0,19582.5,1.8889548e-05,9.444774e-05,0
19585.0,19590.0,19587.5,9.42283e-06,4.711415e-05,0
19590.0,19595.0,19592.5,1.327092e-05,6.63546e-05,0
19595.0,19600.0,19597.5,1.0421956e-05,5.210978e-05,0
19600.0,19605.0,19602.5,1.0382772e-05,5.191386e-05,0
19605.0,19610.0,19607.5,7.612024e-06,3.806012e-05,0
19610.0,19615.0,19612.5,6.665534e-06,3.332767e-05,0
19615.0,19620.0,19617.5,1.8992596e-05,9.496298e-05,0
19620.0,19625.0,19622.5,1.0463876e-05,5.231938e-05,0
19625.0,19630.0,19627.5,1.5127594e-05,7.563797e-05,0
19630.0,19635.0,19632.5,6.714142e-06,3.357071e-05,0
19635.0,19640.0,19637.5,1.808882e-05,9.04441e-05,0
19640.0,19645.0,19642.5,1.7045418e-05,8.522709e-05,0
19645.0,19650.0,19647.5,9.4906e-06,4.7453e-05,0
19650.0,19655.0,19652.5,1.419184e-05,7.09592e-05,0
19655.0,19660.0,19657.5,1.0538912e-05,5.269456e-05,0
19660.0,19665.0,19662.5,7.570698e-06,3.785349e-05,0
19665.0,19670.0,19667.5,1.1483348e-05,5.741674e-05,0
19670.0,19675.0,19672.5,1.1369414e-05,5.684707e-05,0
19675.0,19680.0,19677.5,1.3354782e-05,6.677391e-05,0
19680.0,19685.0,19682.5,1.327583e-05,6.637915e-05,0
19685.0,19690.0,19687.5,9.44046e-06,4.72023e-05,0
19690.0,19695.0,19692.5,4.779006e-06,2.389503e-05,0
19695.0,19700.0,19697.5,1.3299858e-05,6.649929e-05,0
19700.0,19705.0,19702.5,7.59752e-06,3.79876e-05,0
19705.0,19710.0,19707.5,1.6079532e-05,8.039766e-05,0
19710.0,19715.0,19712.5,1.0421944e-05,5.210972e-05,0
19715.0,19720.0,19717.5,1.8072056e-05,9.036028e-05,0
19720.0,19725.0,19722.5,1.5031976e-05,7.515988e-05,0
19725.0,19730.0,19727.5,6.73371e-06,3.366855e-05,0
19730.0,19735.0,19732.5,7.561968e-06,3.780984e-05,0
19735.0,19740.0,19737.5,1.512921e-05,7.564605e-05,0
19740.0,19745.0,19742.5,1.23585e-05,6.17925e-05,0
19745.0,19750.0,19747.5,1.3325928e-05,6.662964e-05,0
19750.0,19755.0,19752.5,1.7090204e-05,8.545102e-05,0
19755.0,19760.0,19757.5,1.1397368e-05,5.698684e-05,0
19760.0,19765.0,19762.5,7.704264e-06,3.852132e-05,0
19765.0,19770.0,19767.5,1.5177276e-05,7.588638e-05,0
19770.0,19775.0,19772.5,1.2282506e-05,6.141253e-05,0
19775.0,19780.0,19777.5,1.0463788e-05,5.231894e-05,0
19780.0,19785.0,19782.5,1.61678e-05,8.0839e-05,0
19785.0,19790.0,19787.5,1.2333738e-05,6.166869e-05,0
19790.0,19795.0,19792.5,1.1336908e-05,5.668454e-05,0
19795.0,19800.0,19797.5,9.516166e-06,4.758083e-05,0
19800.0,19805.0,19802.5,9.514424e-06,4.757212e-05,0
19805.0,19810.0,19807.5,1.2321434e-05,6.160717e-05,0
19810.0,19815.0,19812.5,1.5200396e-05,7.600198e-05,0
19815.0,19820.0,19817.5,1.9104336e-05,9.552168e-05,0
19820.0,19825.0,19822.5,1.3380268e-05,6.690134e-05,0
19825.0,19830.0,19827.5,1.7952606e-05,8.976303e-05,0
19830.0,19835.0,19832.5,1.5181248e-05,7.590624e-05,0
19835.0,19840.0,19837.5,1.319754e-05,6.59877e-05,0
19840.0,19845.0,19842.5,1.7994728e-05,8.997364e-05,0
19845.0,19850.0,19847.5,1.4199528e-05,7.099764e-05,0
19850.0,19855.0,19852.5,6.586232e-06,3.293116e-05,0
19855.0,19860.0,19857.5,1.4284088e-05,7.142044e-05,0
19860.0,19865.0,19862.5,1.1401332e-05,5.700666e-05,0
19865.0,19870.0,19867.5,7.58821e-06,3.794105e-05,0
19870.0,19875.0,19872.5,1.425249e-05,7.126245e-05,0
19875.0,19880.0,19877.5,8.58167e-06,4.290835e-05,0
19880.0,19885.0,19882.5,1.0550012e-05,5.275006e-05,0
19885.0,19890.0,19887.5,1.819387e-05,9.096935e-05,0
19890.0,19895.0,19892.5,1.235147e-05,6.175735e-05,0
19895.0,19900.0,19897.5,9.540168e-06,4.770084e-05,0
19900.0,19905.0,19902.5,1.0473228e-05,5.236614e-05,0
19905.0,19910.0,19907.5,1.3324674e-05,6.662337e-05,0
19910.0,19915.0,19912.5,1.5212808e-05,7.606404e-05,0
19915.0,19920.0,19917.5,2.181373e-05,0.00010906865,0
19920.0,19925.0,19922.5,9.54473e-06,4.772365e-05,0
19925.0,19930.0,19927.5,1.2290062e-05,6.145031e-05,0
19930.0,19935.0,19932.5,1.4287918e-05,7.143959e-05,0
19935.0,19940.0,19937.5,1.1375584e-05,5.687792e-05,0
19940.0,19945.0,19942.5,1.1408916e-05,5.704458e-05,0
19945.0,19950.0,19947.5,1.6108602e-05,8.054301e-05,0
19950.0,19955.0,19952.5,6.684342e-06,3.342171e-05,0
19955.0,19960.0,19957.5,1.0443112e-05,5.221556e-05,0
19960.0,19965.0,19962.5,1.1318358e-05,5.659179e-05,0
19965.0,19970.0,19967.5,1.6123256e-05,8.061628e-05,0
19970.0,19975.0,19972.5,8.523468e-06,4.261734e-05,0
19975.0,19980.0,19977.5,1.5117718e-05,7.558859e-05,0
19980.0,19985.0,19982.5,9.482456e-06,4.741228e-05,0
19985.0,19990.0,19987.5,1.0528922e-05,5.264461e-05,0
19990.0,19995.0,19992.5,2.0927484e-05,0.00010463742,0
19995.0,20000.0,19997.5,1.4193496e-05,7.096748e-05,0
20000.0,20005.0,20002.5,9.597682e-06,4.798841e-05,0
20005.0,20010.0,20007.5,1.5206232e-05,7.603116e-05,0
20010.0,20015.0,20012.5,1.2153968e-05,6.076984e-05,0
20015.0,20020.0,20017.5,1.528542e-05,7.64271e-05,0
20020.0,20025.0,20022.5,1.3389302e-05,6.694651e-05,0
20025.0,20030.0,20027.5,1.7179628e-05,8.589814e-05,0
20030.0,20035.0,20032.5,8.636946e-06,4.318473e-05,0
20035.0,20040.0,20037.5,1.6231294e-05,8.115647e-05,0
20040.0,20045.0,20042.5,9.404468e-06,4.702234e-05,0
20045.0,20050.0,20047.5,1.326536e-05,6.63268e-05,0
20050.0,20055.0,20052.5,1.6078492e-05,8.039246e-05,0
20055.0,20060.0,20057.5,1.1466024e-05,5.733012e-05,0
20060.0,20065.0,20062.5,1.049603e-05,5.248015e-05,0
20065.0,20070.0,20067.5,8.538652e-06,4.269326e-05,0
20070.0,20075.0,20072.5,1.329944e-05,6.64972e-05,0
20075.0,20080.0,20077.5,1.1327008e-05,5.663504e-05,0
20080.0,20085.0,20082.5,1.144168e-05,5.72084e-05,0
20085.0,20090.0,20087.5,1.4302864e-05,7.151432e-05,0
20090.0,20095.0,20092.5,7.53281e-06,3.766405e-05,0
20095.0,20100.0,20097.5,1.1451416e-05,5.725708e-05,0
20100.0,20105.0,20102.5,1.2381384e-05,6.190692e-05,0
20105.0,20110.0,20107.5,9.388162e-06,4.694081e-05,0
20110.0,20115.0,20112.5,1.4304834e-05,7.152417e-05,0
20115.0,20120.0,20117.5,1.4294332e-05,7.147166e-05,0
20120.0,20125.0,20122.5,1.7013474e-05,8.506737e-05,0
20125.0,20130.0,20127.5,1.4333948e-05,7.166974e-05,0
20130.0,20135.0,20132.5,1.4220318e-05,7.110159e-05,0
20135.0,20140.0,20137.5,1.332876e-05,6.66438e-05,0
20140.0,20145.0,20142.5,1.700835e-05,8.504175e-05,0
20145.0,20150.0,20147.5,1.7020782e-05,8.510391e-05,0
20150.0,20155.0,20152.5,1.7184998e-05,8.592499e-05,0
20155.0,20160.0,20157.5,6.656686e-06,3.328343e-05,0
20160.0,20165.0,20162.5,1.7021934e-05,8.510967e-05,0
20165.0,20170.0,20167.5,1.3388244e-05,6.694122e-05,0
20170.0,20175.0,20172.5,1.1460032e-05,5.730016e-05,0
20175.0,20180.0,20177.5,1.0489478e-05,5.244739e-05,0
20180.0,20185.0,20182.5,1.6970352e-05,8.485176e-05,0
20185.0,20190.0,20187.5,1.7986178e-05,8.993089e-05,0
20190.0,20195.0,20192.5,1.993678e-05,9.96839e-05,0
20195.0,20200.0,20197.5,1.4238856e-05,7.119428e-05,0
20200.0,20205.0,20202.5,1.421107e-05,7.105535e-05,0
20205.0,20210.0,20207.5,1.1332528e-05,5.666264e-05,0
20210.0,20215.0,20212.5,1.2383312e-05,6.191656e-05,0
20215.0,20220.0,20217.5,9.480988e-06,4.740494e-05,0
20220.0,20225.0,20222.5,1.130816e-05,5.65408e-05,0
20225.0,20230.0,20227.5,1.1362442e-05,5.681221e-05,0
20230.0,20235.0,20232.5,8.584116e-06,4.292058e-05,0
20235.0,20240.0,20237.5,8.607416e-06,4.303708e-05,0
20240.0,20245.0,20242.5,1.7990558e-05,8.995279e-05,0
20245.0,20250.0,20247.5,1.1491626e-05,5.745813e-05,0
20250.0,20255.0,20252.5,1.4237994e-05,7.118997e-05,0
20255.0,20260.0,20257.5,1.1270594e-05,5.635297e-05,0
20260.0,20265.0,20262.5,8.544252e-06,4.272126e-05,0
20265.0,20270.0,20267.5,1.70929e-05,8.54645e-05,0
20270.0,20275.0,20272.5,9.552714e-06,4.776357e-05,0
20275.0,20280.0,20277.5,1.719373e-05,8.596865e-05,0
20280.0,20285.0,20282.5,1.4281358e-05,7.140679e-05,0
20285.0,20290.0,20287.5,1.5124892e-05,7.562446e-05,0
20290.0,20295.0,20292.5,1.4341064e-05,7.170532e-05,0
20295.0,20300.0,20297.5,1.332112e-05,6.66056e-05,0
20300.0,20305.0,20302.5,1.426273e-05,7.131365e-05,0
20305.0,20310.0,20307.5,2.0773684e-05,0.00010386842,0
20310.0,20315.0,20312.5,8.528594e-06,4.264297e-05,0
20315.0,20320.0,20317.5,1.513763e-05,7.568815e-05,0
20320.0,20325.0,20322.5,1.6167332e-05,8.083666e-05,0
20325.0,20330.0,20327.5,1.3333568e-05,6.666784e-05,0
20330.0,20335.0,20332.5,1.0419328e-05,5.209664e-05,0
20335.0,20340.0,20337.5,4.70669e-06,2.353345e-05,0
20340.0,20345.0,20342.5,7.639856e-06,3.819928e-05,0
20345.0,20350.0,20347.5,1.1361238e-05,5.680619e-05,0
20350.0,20355.0,20352.5,1.1380786e-05,5.690393e-05,0
20355.0,20360.0,20357.5,8.58248e-06,4.29124e-05,0
20360.0,20365.0,20362.5,1.140338e-05,5.70169e-05,0
20365.0,20370.0,20367.5,9.484526e-06,4.742263e-05,0
20370.0,20375.0,20372.5,7.574992e-06,3.787496e-05,0
20375.0,20380.0,20377.5,1.150967e-05,5.754835e-05,0
20380.0,20385.0,20382.5,1.617585e-05,8.087925e-05,0
20385.0,20390.0,20387.5,1.3334704e-05,6.667352e-05,0
20390.0,20395.0,20392.5,1.2403086e-05,6.201543e-05,0
20395.0,20400.0,20397.5,9.498144e-06,4.749072e-05,0
20400.0,20405.0,20402.5,1.3317234e-05,6.658617e-05,0
20405.0,20410.0,20407.5,1.227196e-05,6.13598e-05,0
20410.0,20415.0,20412.5,1.1394668e-05,5.697334e-05,0
20415.0,20420.0,20417.5,8.584266e-06,4.292133e-05,0
20420.0,20425.0,20422.5,1.3249884e-05,6.624942e-05,0
20425.0,20430.0,20427.5,7.575056e-06,3.787528e-05,0
20430.0,20435.0,20432.5,2.270576e-05,0.0001135288,0
20435.0,20440.0,20437.5,1.526943e-05,7.634715e-05,0
20440.0,20445.0,20442.5,1.0471832e-05,5.235916e-05,0
20445.0,20450.0,20447.5,1.6220318e-05,8.110159e-05,0
20450.0,20455.0,20452.5,5.778154e-06,2.889077e-05,0
20455.0,20460.0,20457.5,1.4271092e-05,7.135546e-05,0
20460.0,20465.0,20462.5,1.3360082e-05,6.680041e-05,0
20465.0,20470.0,20467.5,9.51847e-06,4.759235e-05,0
20470.0,20475.0,20472.5,9.5814e-06,4.7907e-05,0
20475.0,20480.0,20477.5,1.615497e-05,8.077485e-05,0
20480.0,20485.0,20482.5,1.7018628e-05,8.509314e-05,0
20485.0,20490.0,20487.5,1.1464008e-05,5.732004e-05,0
20490.0,20495.0,20492.5,1.238827e-05,6.194135e-05,0
20495.0,20500.0,20497.5,1.1369788e-05,5.684894e-05,0
20500.0,20505.0,20502.5,1.3275126e-05,6.637563e-05,0
20505.0,20510.0,20507.5,1.2230582e-05,6.115291e-05,0
20510.0,20515.0,20512.5,1.135443e-05,5.677215e-05,0
20515.0,20520.0,20517.5,5.736642e-06,2.868321e-05,0
20520.0,20525.0,20522.5,1.045568e-05,5.22784e-05,0
20525.0,20530.0,20527.5,1.4290514e-05,7.145257e-05,0
20530.0,20535.0,20532.5,1.0514828e-05,5.257414e-05,0
20535.0,20540.0,20537.5,9.353728e-06,4.676864e-05,0
20540.0,20545.0,20542.5,1.0458536e-05,5.229268e-05,0
20545.0,20550.0,20547.5,1.231128e-05,6.15564e-05,0
20550.0,20555.0,20552.5,1.3381108e-05,6.690554e-05,0
20555.0,20560.0,20557.5,1.3199006e-05,6.599503e-05,0
20560.0,20565.0,20562.5,1.4161078e-05,7.080539e-05,0
20565.0,20570.0,20567.5,1.7951564e-05,8.975782e-05,0
20570.0,20575.0,20572.5,1.6084672e-05,8.042336e-05,0
20575.0,20580.0,20577.5,6.72473e-06,3.362365e-05,0
20580.0,20585.0,20582.5,7.546532e-06,3.773266e-05,0
20585.0,20590.0,20587.5,8.664096e-06,4.332048e-05,0
20590.0,20595.0,20592.5,1.4175486e-05,7.087743e-05,0
20595.0,20600.0,20597.5,1.33533e-05,6.67665e-05,0
20600.0,20605.0,20602.5,1.3330266e-05,6.665133e-05,0
20605.0,20610.0,20607.5,4.735018e-06,2.367509e-05,0
20610.0,20615.0,20612.5,1.5222216e-05,7.611108e-05,0
20615.0,20620.0,20617.5,1.1360318e-05,5.680159e-05,0
20620.0,20625.0,20622.5,9.60747e-06,4.803735e-05,0
20625.0,20630.0,20627.5,8.56219e-06,4.281095e-05,0
20630.0,20635.0,20632.5,1.1391506e-05,5.695753e-05,0
20635.0,20640.0,20637.5,2.287369e-05,0.00011436845,0
20640.0,20645.0,20642.5,1.5243878e-05,7.621939e-05,0
20645.0,20650.0,20647.5,1.5285586e-05,7.642793e-05,0
20650.0,20655.0,20652.5,1.0455214e-05,5.227607e-05,0
20655.0,20660.0,20657.5,9.3782e-06,4.6891e-05,0
20660.0,20665.0,20662.5,1.0458534e-05,5.229267e-05,0
20665.0,20670.0,20667.5,1.1375716e-05,5.687858e-05,0
20670.0,20675.0,20672.5,1.4235792e-05,7.117896e-05,0
20675.0,20680.0,20677.5,1.3359292e-05,6.679646e-05,0
20680.0,20685.0,20682.5,1.2304386e-05,6.152193e-05,0
20685.0,20690.0,20687.5,1.3339324e-05,6.669662e-05,0
20690.0,20695.0,20692.5,1.1476628e-05,5.738314e-05,0
20695.0,20700.0,20697.5,1.7183662e-05,8.591831e-05,0
20700.0,20705.0,20702.5,6.669022e-06,3.334511e-05,0
20705.0,20710.0,20707.5,9.418584e-06,4.709292e-05,0
20710.0,20715.0,20712.5,9.458808e-06,4.729404e-05,0
20715.0,20720.0,20717.5,1.5188352e-05,7.594176e-05,0
20720.0,20725.0,20722.5,1.3300052e-05,6.650026e-05,0
20725.0,20730.0,20727.5,1.5142968e-05,7.571484e-05,0
20730.0,20735.0,20732.5,9.407228e-06,4.703614e-05,0
20735.0,20740.0,20737.5,1.4247228e-05,7.123614e-05,0
20740.0,20745.0,20742.5,1.233246e-05,6.16623e-05,0
20745.0,20750.0,20747.5,6.631194e-06,3.315597e-05,0
20750.0,20755.0,20752.5,1.4303412e-05,7.151706e-05,0
20755.0,20760.0,20757.5,1.0501812e-05,5.250906e-05,0
20760.0,20765.0,20762.5,1.241548e-05,6.20774e-05,0
20765.0,20770.0,20767.5,1.338266e-05,6.69133e-05,0
20770.0,20775.0,20772.5,1.5202628e-05,7.601314e-05,0
20775.0,20780.0,20777.5,1.0499926e-05,5.249963e-05,0
20780.0,20785.0,20782.5,8.584228e-06,4.292114e-05,0
20785.0,20790.0,20787.5,1.139056e-05,5.69528e-05,0
20790.0,20795.0,20792.5,1.42469e-05,7.12345e-05,0
20795.0,20800.0,20797.5,2.1885716e-05,0.00010942858,0
20800.0,20805.0,20802.5,1.7976432e-05,8.988216e-05,0
20805.0,20810.0,20807.5,1.2365774e-05,6.182887e-05,0
20810.0,20815.0,20812.5,1.7899058e-05,8.949529e-05,0
20815.0,20820.0,20817.5,1.2265502e-05,6.132751e-05,0
20820.0,20825.0,20822.5,1.7108704e-05,8.554352e-05,0
20825.0,20830.0,20827.5,9.440778e-06,4.720389e-05,0
20830.0,20835.0,20832.5,1.1381228e-05,5.690614e-05,0
20835.0,20840.0,20837.5,2.865886e-06,1.432943e-05,0
20840.0,20845.0,20842.5,1.1426658e-05,5.713329e-05,0
20845.0,20850.0,20847.5,8.532738e-06,4.266369e-05,0
20850.0,20855.0,20852.5,1.9012904e-05,9.506452e-05,0
20855.0,20860.0,20857.5,1.14435e-05,5.72175e-05,0
20860.0,20865.0,20862.5,1.4189748e-05,7.094874e-05,0
20865.0,20870.0,20867.5,1.0437298e-05,5.218649e-05,0
20870.0,20875.0,20872.5,1.228178e-05,6.14089e-05,0
20875.0,20880.0,20877.5,2.002922e-05,0.0001001461,0
20880.0,20885.0,20882.5,1.3350304e-05,6.675152e-05,0
20885.0,20890.0,20887.5,8.551586e-06,4.275793e-05,0
20890.0,20895.0,20892.5,1.5245208e-05,7.622604e-05,0
20895.0,20900.0,20897.5,1.5273184e-05,7.636592e-05,0
20900.0,20905.0,20902.5,1.138176e-05,5.69088e-05,0
20905.0,20910.0,20907.5,1.5232374e-05,7.616187e-05,0
20910.0,20915.0,20912.5,1.1402318e-05,5.701159e-05,0
20915.0,20920.0,20917.5,1.531348e-05,7.65674e-05,0
20920.0,20925.0,20922.5,1.0439532e-05,5.219766e-05,0
20925.0,20930.0,20927.5,1.2337274e-05,6.168637e-05,0
20930.0,20935.0,20932.5,9.496172e-06,4.748086e-05,0
20935.0,20940.0,20937.5,1.6220362e-05,8.110181e-05,0
20940.0,20945.0,20942.5,8.569332e-06,4.284666e-05,0
20945.0,20950.0,20947.5,1.2332912e-05,6.166456e-05,0
20950.0,20955.0,20952.5,1.6227588e-05,8.113794e-05,0
20955.0,20960.0,20957.5,1.244422e-05,6.22211e-05,0
20960.0,20965.0,20962.5,1.4236186e-05,7.118093e-05,0
20965.0,20970.0,20967.5,1.1364048e-05,5.682024e-05,0
20970.0,20975.0,20972.5,2.1839512e-05,0.00010919756,0
20975.0,20980.0,20977.5,1.3314536e-05,6.657268e-05,0
20980.0,20985.0,20982.5,8.519566e-06,4.259783e-05,0
20985.0,20990.0,20987.5,1.1350168e-05,5.675084e-05,0
20990.0,20995.0,20992.5,1.0419454e-05,5.209727e-05,0
20995.0,21000.0,20997.5,1.1409434e-05,5.704717e-05,0
21000.0,21005.0,21002.5,1.3410928e-05,6.705464e-05,0
21005.0,21010.0,21007.5,1.610178e-05,8.05089e-05,0
21010.0,21015.0,21012.5,1.3232598e-05,6.616299e-05,0
21015.0,21020.0,21017.5,1.3254684e-05,6.627342e-05,0
21020.0,21025.0,21022.5,9.475658e-06,4.737829e-05,0
21025.0,21030.0,21027.5,1.0519808e-05,5.259904e-05,0
21030.0,21035.0,21032.5,1.8975446e-05,9.487723e-05,0
21035.0,21040.0,21037.5,1.6951992e-05,8.475996e-05,0
21040.0,21045.0,21042.5,9.476348e-06,4.738174e-05,0
21045.0,21050.0,21047.5,1.144946e-05,5.72473e-05,0
21050.0,21055.0,21052.5,1.046832e-05,5.23416e-05,0
21055.0,21060.0,21057.5,1.426077e-05,7.130385e-05,0
21060.0,21065.0,21062.5,1.6137394e-05,8.068697e-05,0
21065.0,21070.0,21067.5,1.52104e-05,7.6052e-05,0
21070.0,21075.0,21072.5,1.6218076e-05,8.109038e-05,0
21075.0,21080.0,21077.5,1.3255978e-05,6.627989e-05,0
21080.0,21085.0,21082.5,1.3278972e-05,6.639486e-05,0
21085.0,21090.0,21087.5,1.0475928e-05,5.237964e-05,0
21090.0,21095.0,21092.5,1.0388396e-05,5.194198e-05,0
21095.0,21100.0,21097.5,1.3293246e-05,6.646623e-05,0
21100.0,21105.0,21102.5,9.56788e-06,4.78394e-05,0
21105.0,21110.0,21107.5,1.2357224e-05,6.178612e-05,0
21110.0,21115.0,21112.5,1.2410636e-05,6.205318e-05,0
21115.0,21120.0,21117.5,1.0480432e-05,5.240216e-05,0
21120.0,21125.0,21122.5,6.720368e-06,3.360184e-05,0
21125.0,21130.0,21127.5,4.763572e-06,2.381786e-05,0
21130.0,21135.0,21132.5,1.234668e-05,6.17334e-05,0
21135.0,21140.0,21137.5,1.425478e-05,7.12739e-05,0
21140.0,21145.0,21142.5,4.762412e-06,2.381206e-05,0
21145.0,21150.0,21147.5,5.684206e-06,2.842103e-05,0
21150.0,21155.0,21152.5,1.1412058e-05,5.706029e-05,0
21155.0,21160.0,21157.5,1.0396392e-05,5.198196e-05,0
21160.0,21165.0,21162.5,1.5260368e-05,7.630184e-05,0
21165.0,21170.0,21167.5,1.411124e-05,7.05562e-05,0
21170.0,21175.0,21172.5,1.4276094e-05,7.138047e-05,0
21175.0,21180.0,21177.5,1.0336508e-05,5.168254e-05,0
21180.0,21185.0,21182.5,7.580936e-06,3.790468e-05,0
21185.0,21190.0,21187.5,1.1399458e-05,5.699729e-05,0
21190.0,21195.0,21192.5,1.3339424e-05,6.669712e-05,0
21195.0,21200.0,21197.5,1.0400682e-05,5.200341e-05,0
21200.0,21205.0,21202.5,9.548016e-06,4.774008e-05,0
21205.0,21210.0,21207.5,6.63214e-06,3.31607e-05,0
21210.0,21215.0,21212.5,1.0489292e-05,5.244646e-05,0
21215.0,21220.0,21217.5,1.1319022e-05,5.659511e-05,0
21220.0,21225.0,21222.5,8.643618e-06,4.321809e-05,0
21225.0,21230.0,21227.5,9.53758e-06,4.76879e-05,0
21230.0,21235.0,21232.5,1.521399e-05,7.606995e-05,0
21235.0,21240.0,21237.5,9.518284e-06,4.759142e-05,0
21240.0,21245.0,21242.5,1.428442e-05,7.14221e-05,0
21245.0,21250.0,21247.5,1.3160792e-05,6.580396e-05,0
21250.0,21255.0,21252.5,1.316078e-05,6.58039e-05,0
21255.0,21260.0,21257.5,1.2359068e-05,6.179534e-05,0
21260.0,21265.0,21262.5,1.5151246e-05,7.575623e-05,0
21265.0,21270.0,21267.5,1.5260104e-05,7.630052e-05,0
21270.0,21275.0,21272.5,8.610002e-06,4.305001e-05,0
21275.0,21280.0,21277.5,1.4325884e-05,7.162942e-05,0
21280.0,21285.0,21282.5,1.4253838e-05,7.126919e-05,0
21285.0,21290.0,21287.5,5.662626e-06,2.831313e-05,0
21290.0,21295.0,21292.5,7.58626e-06,3.79313e-05,0
21295.0,21300.0,21297.5,1.1328152e-05,5.664076e-05,0
21300.0,21305.0,21302.5,1.7931722e-05,8.965861e-05,0
21305.0,21310.0,21307.5,1.142907e-05,5.714535e-05,0
21310.0,21315.0,21312.5,1.1411648e-05,5.705824e-05,0
21315.0,21320.0,21317.5,8.52287e-06,4.261435e-05,0
21320.0,21325.0,21322.5,9.578606e-06,4.789303e-05,0
21325.0,21330.0,21327.5,8.566214e-06,4.283107e-05,0
21330.0,21335.0,21332.5,1.1334602e-05,5.667301e-05,0
21335.0,21340.0,21337.5,8.541692e-06,4.270846e-05,0
21340.0,21345.0,21342.5,9.621674e-06,4.810837e-05,0
21345.0,21350.0,21347.5,1.13547e-05,5.67735e-05,0
21350.0,21355.0,21352.5,1.33588e-05,6.6794e-05,0
21355.0,21360.0,21357.5,8.507906e-06,4.253953e-05,0
21360.0,21365.0,21362.5,1.1388254e-05,5.694127e-05,0
21365.0,21370.0,21367.5,1.5149492e-05,7.574746e-05,0
21370.0,21375.0,21372.5,1.3236326e-05,6.618163e-05,0
21375.0,21380.0,21377.5,1.2272314e-05,6.136157e-05,0
21380.0,21385.0,21382.5,1.0472004e-05,5.236002e-05,0
21385.0,21390.0,21387.5,8.576238e-06,4.288119e-05,0
21390.0,21395.0,21392.5,1.3282186e-05,6.641093e-05,0
21395.0,21400.0,21397.5,1.0321686e-05,5.160843e-05,0
21400.0,21405.0,21402.5,7.653598e-06,3.826799e-05,0
21405.0,21410.0,21407.5,1.2298686e-05,6.149343e-05,0
21410.0,21415.0,21412.5,1.616053e-05,8.080265e-05,0
21415.0,21420.0,21417.5,1.234276e-05,6.17138e-05,0
21420.0,21425.0,21422.5,8.488246e-06,4.244123e-05,0
21425.0,21430.0,21427.5,8.540166e-06,4.270083e-05,0
21430.0,21435.0,21432.5,1.4230318e-05,7.115159e-05,0
21435.0,21440.0,21437.5,1.8910162e-05,9.455081e-05,0
21440.0,21445.0,21442.5,1.0495874e-05,5.247937e-05,0
21445.0,21450.0,21447.5,1.70795e-05,8.53975e-05,0
21450.0,21455.0,21452.5,1.056432e-05,5.28216e-05,0
21455.0,21460.0,21457.5,1.0412824e-05,5.206412e-05,0
21460.0,21465.0,21462.5,9.613224e-06,4.806612e-05,0
21465.0,21470.0,21467.5,9.49422e-06,4.74711e-05,0
21470.0,21475.0,21472.5,1.3311032e-05,6.655516e-05,0
21475.0,21480.0,21477.5,6.665882e-06,3.332941e-05,0
21480.0,21485.0,21482.5,7.497222e-06,3.748611e-05,0
21485.0,21490.0,21487.5,1.2264906e-05,6.132453e-05,0
21490.0,21495.0,21492.5,4.746642e-06,2.373321e-05,0
21495.0,21500.0,21497.5,7.51961e-06,3.759805e-05,0
21500.0,21505.0,21502.5,1.6141212e-05,8.070606e-05,0
21505.0,21510.0,21507.5,1.0426332e-05,5.213166e-05,0
21510.0,21515.0,21512.5,1.1342304e-05,5.671152e-05,0
21515.0,21520.0,21517.5,1.322231e-05,6.611155e-05,0
21520.0,21525.0,21522.5,9.479764e-06,4.739882e-05,0
21525.0,21530.0,21527.5,7.537554e-06,3.768777e-05,0
21530.0,21535.0,21532.5,9.54124e-06,4.77062e-05,0
21535.0,21540.0,21537.5,1.1408638e-05,5.704319e-05,0
21540.0,21545.0,21542.5,2.1913544e-05,0.00010956772,0
21545.0,21550.0,21547.5,1.0566432e-05,5.283216e-05,0
21550.0,21555.0,21552.5,7.6347e-06,3.81735e-05,0
21555.0,21560.0,21557.5,6.660084e-06,3.330042e-05,0
21560.0,21565.0,21562.5,1.136333e-05,5.681665e-05,0
21565.0,21570.0,21567.5,1.3346858e-05,6.673429e-05,0
21570.0,21575.0,21572.5,9.40541e-06,4.702705e-05,0
21575.0,21580.0,21577.5,9.506594e-06,4.753297e-05,0
21580.0,21585.0,21582.5,8.695172e-06,4.347586e-05,0
21585.0,21590.0,21587.5,1.5232228e-05,7.616114e-05,0
21590.0,21595.0,21592.5,5.791108e-06,2.895554e-05,0
21595.0,21600.0,21597.5,1.0531856e-05,5.265928e-05,0
21600.0,21605.0,21602.5,1.2459652e-05,6.229826e-05,0
21605.0,21610.0,21607.5,7.591848e-06,3.795924e-05,0
21610.0,21615.0,21612.5,1.3298422e-05,6.649211e-05,0
21615.0,21620.0,21617.5,8.563144e-06,4.281572e-05,0
21620.0,21625.0,21622.5,1.7143848e-05,8.571924e-05,0
21625.0,21630.0,21627.5,1.0509586e-05,5.254793e-05,0
21630.0,21635.0,21632.5,1.2293922e-05,6.146961e-05,0
21635.0,21640.0,21637.5,1.1362338e-05,5.681169e-05,0
21640.0,21645.0,21642.5,1.1367152e-05,5.683576e-05,0
21645.0,21650.0,21647.5,9.558478e-06,4.779239e-05,0
21650.0,21655.0,21652.5,2.841522e-06,1.420761e-05,0
21655.0,21660.0,21657.5,1.4270158e-05,7.135079e-05,0
21660.0,21665.0,21662.5,6.58752e-06,3.29376e-05,0
21665.0,21670.0,21667.5,1.2224928e-05,6.112464e-05,0
21670.0,21675.0,21672.5,9.412534e-06,4.706267e-05,0
21675.0,21680.0,21677.5,1.429056e-05,7.14528e-05,0
21680.0,21685.0,21682.5,1.2388086e-05,6.194043e-05,0
21685.0,21690.0,21687.5,7.566496e-06,3.783248e-05,0
21690.0,21695.0,21692.5,1.613505e-05,8.067525e-05,0
21695.0,21700.0,21697.5,1.043336e-05,5.21668e-05,0
21700.0,21705.0,21702.5,1.521862e-05,7.60931e-05,0
21705.0,21710.0,21707.5,1.1494994e-05,5.747497e-05,0
21710.0,21715.0,21712.5,9.54207e-06,4.771035e-05,0
21715.0,21720.0,21717.5,5.77369e-06,2.886845e-05,0
21720.0,21725.0,21722.5,1.1377748e-05,5.688874e-05,0
21725.0,21730.0,21727.5,1.3429844e-05,6.714922e-05,0
21730.0,21735.0,21732.5,1.3216706e-05,6.608353e-05,0
21735.0,21740.0,21737.5,1.0399636e-05,5.199818e-05,0
21740.0,21745.0,21742.5,1.038129e-05,5.190645e-05,0
21745.0,21750.0,21747.5,1.0446396e-05,5.223198e-05,0
21750.0,21755.0,21752.5,1.1432918e-05,5.716459e-05,0
21755.0,21760.0,21757.5,7.586136e-06,3.793068e-05,0
21760.0,21765.0,21762.5,6.636664e-06,3.318332e-05,0
21765.0,21770.0,21767.5,1.417802e-05,7.08901e-05,0
21770.0,21775.0,21772.5,1.2342858e-05,6.171429e-05,0
21775.0,21780.0,21777.5,1.5233652e-05,7.616826e-05,0
21780.0,21785.0,21782.5,1.4090622e-05,7.045311e-05,0
21785.0,21790.0,21787.5,6.67081e-06,3.335405e-05,0
21790.0,21795.0,21792.5,1.0416086e-05,5.208043e-05,0
21795.0,21800.0,21797.5,7.682616e-06,3.841308e-05,0
21800.0,21805.0,21802.5,9.604352e-06,4.802176e-05,0
21805.0,21810.0,21807.5,1.3277058e-05,6.638529e-05,0
21810.0,21815.0,21812.5,7.582302e-06,3.791151e-05,0
21815.0,21820.0,21817.5,1.1363394e-05,5.681697e-05,0
21820.0,21825.0,21822.5,7.62258e-06,3.81129e-05,0
21825.0,21830.0,21827.5,7.621772e-06,3.810886e-05,0
21830.0,21835.0,21832.5,9.531386e-06,4.765693e-05,0
21835.0,21840.0,21837.5,1.2461206e-05,6.230603e-05,0
21840.0,21845.0,21842.5,8.516532e-06,4.258266e-05,0
21845.0,21850.0,21847.5,1.5203842e-05,7.601921e-05,0
21850.0,21855.0,21852.5,1.5167102e-05,7.583551e-05,0
21855.0,21860.0,21857.5,4.679122e-06,2.339561e-05,0
21860.0,21865.0,21862.5,1.1375744e-05,5.687872e-05,0
21865.0,21870.0,21867.5,8.544144e-06,4.272072e-05,0
21870.0,21875.0,21872.5,1.3301346e-05,6.650673e-05,0
21875.0,21880.0,21877.5,1.042168e-05,5.21084e-05,0
21880.0,21885.0,21882.5,7.666372e-06,3.833186e-05,0
21885.0,21890.0,21887.5,1.609087e-05,8.045435e-05,0
21890.0,21895.0,21892.5,1.046526e-05,5.23263e-05,0
21895.0,21900.0,21897.5,1.3200276e-05,6.600138e-05,0
21900.0,21905.0,21902.5,9.50711e-06,4.753555e-05,0
21905.0,21910.0,21907.5,1.3298722e-05,6.649361e-05,0
21910.0,21915.0,21912.5,9.457132e-06,4.728566e-05,0
21915.0,21920.0,21917.5,1.1411826e-05,5.705913e-05,0
21920.0,21925.0,21922.5,1.0442676e-05,5.221338e-05,0
21925.0,21930.0,21927.5,7.624798e-06,3.812399e-05,0
21930.0,21935.0,21932.5,7.614162e-06,3.807081e-05,0
21935.0,21940.0,21937.5,7.651696e-06,3.825848e-05,0
21940.0,21945.0,21942.5,1.2327748e-05,6.163874e-05,0
21945.0,21950.0,21947.5,1.1349248e-05,5.674624e-05,0
21950.0,21955.0,21952.5,8.529788e-06,4.264894e-05,0
21955.0,21960.0,21957.5,1.0547378e-05,5.273689e-05,0
21960.0,21965.0,21962.5,1.526078e-05,7.63039e-05,0
21965.0,21970.0,21967.5,1.232829e-05,6.164145e-05,0
21970.0,21975.0,21972.5,5.751004e-06,2.875502e-05,0
21975.0,21980.0,21977.5,1.4315766e-05,7.157883e-05,0
21980.0,21985.0,21982.5,1.4169454e-05,7.084727e-05,0
21985.0,21990.0,21987.5,9.396672e-06,4.698336e-05,0
21990.0,21995.0,21992.5,1.511973e-05,7.559865e-05,0
21995.0,22000.0,21997.5,1.1519142e-05,5.759571e-05,0
22000.0,22005.0,22002.5,1.4272882e-05,7.136441e-05,0
22005.0,22010.0,22007.5,4.726804e-06,2.363402e-05,0
22010.0,22015.0,22012.5,6.61757e-06,3.308785e-05,0
22015.0,22020.0,22017.5,1.1337342e-05,5.668671e-05,0
22020.0,22025.0,22022.5,1.2333672e-05,6.166836e-05,0
22025.0,22030.0,22027.5,1.1341338e-05,5.670669e-05,0
22030.0,22035.0,22032.5,1.32702e-05,6.6351e-05,0
22035.0,22040.0,22037.5,7.45862e-06,3.72931e-05,0
22040.0,22045.0,22042.5,1.04806e-05,5.2403e-05,0
22045.0,22050.0,22047.5,8.660936e-06,4.330468e-05,0
22050.0,22055.0,22052.5,1.7975074e-05,8.987537e-05,0
22055.0,22060.0,22057.5,7.617094e-06,3.808547e-05,0
22060.0,22065.0,22062.5,1.2371238e-05,6.185619e-05,0
22065.0,22070.0,22067.5,2.88973e-06,1.444865e-05,0
22070.0,22075.0,22072.5,1.140936e-05,5.70468e-05,0
22075.0,22080.0,22077.5,7.518352e-06,3.759176e-05,0
22080.0,22085.0,22082.5,1.3304842e-05,6.652421e-05,0
22085.0,22090.0,22087.5,1.7126044e-05,8.563022e-05,0
22090.0,22095.0,22092.5,1.3328362e-05,6.664181e-05,0
22095.0,22100.0,22097.5,6.64412e-06,3.32206e-05,0
22100.0,22105.0,22102.5,1.4170298e-05,7.085149e-05,0
22105.0,22110.0,22107.5,6.694972e-06,3.347486e-05,0
22110.0,22115.0,22112.5,9.506768e-06,4.753384e-05,0
22115.0,22120.0,22117.5,1.8048634e-05,9.024317e-05,0
22120.0,22125.0,22122.5,8.520746e-06,4.260373e-05,0
22125.0,22130.0,22127.5,1.0441468e-05,5.220734e-05,0
22130.0,22135.0,22132.5,1.420481e-05,7.102405e-05,0
22135.0,22140.0,22137.5,1.1424098e-05,5.712049e-05,0
22140.0,22145.0,22142.5,1.520058e-05,7.60029e-05,0
22145.0,22150.0,22147.5,1.0453304e-05,5.226652e-05,0
22150.0,22155.0,22152.5,9.50402e-06,4.75201e-05,0
22155.0,22160.0,22157.5,8.51296e-06,4.25648e-05,0
22160.0,22165.0,22162.5,1.2263694e-05,6.131847e-05,0
22165.0,22170.0,22167.5,1.5044712e-05,7.522356e-05,0
22170.0,22175.0,22172.5,9.512686e-06,4.756343e-05,0
22175.0,22180.0,22177.5,7.538458e-06,3.769229e-05,0
22180.0,22185.0,22182.5,8.46768e-06,4.23384e-05,0
22185.0,22190.0,22187.5,9.46253e-06,4.731265e-05,0
22190.0,22195.0,22192.5,1.4302744e-05,7.151372e-05,0
22195.0,22200.0,22197.5,1.0488558e-05,5.244279e-05,0
22200.0,22205.0,22202.5,1.2288544e-05,6.144272e-05,0
22205.0,22210.0,22207.5,1.0436988e-05,5.218494e-05,0
22210.0,22215.0,22212.5,1.2300308e-05,6.150154e-05,0
22215.0,22220.0,22217.5,1.704658e-05,8.52329e-05,0
22220.0,22225.0,22222.5,1.139119e-05,5.695595e-05,0
22225.0,22230.0,22227.5,1.1520756e-05,5.760378e-05,0
22230.0,22235.0,22232.5,4.71111e-06,2.355555e-05,0
22235.0,22240.0,22237.5,1.0495328e-05,5.247664e-05,0
22240.0,22245.0,22242.5,1.1327934e-05,5.663967e-05,0
22245.0,22250.0,22247.5,1.1414752e-05,5.707376e-05,0
22250.0,22255.0,22252.5,1.4265798e-05,7.132899e-05,0
22255.0,22260.0,22257.5,9.465404e-06,4.732702e-05,0
22260.0,22265.0,22262.5,1.428856e-05,7.14428e-05,0
22265.0,22270.0,22267.5,1.7041682e-05,8.520841e-05,0
22270.0,22275.0,22272.5,9.497894e-06,4.748947e-05,0
22275.0,22280.0,22277.5,1.8045508e-05,9.022754e-05,0
22280.0,22285.0,22282.5,1.1374038e-05,5.687019e-05,0
22285.0,22290.0,22287.5,8.562788e-06,4.281394e-05,0
22290.0,22295.0,22292.5,1.3248686e-05,6.624343e-05,0
22295.0,22300.0,22297.5,1.0452208e-05,5.226104e-05,0
22300.0,22305.0,22302.5,1.805475e-05,9.027375e-05,0
22305.0,22310.0,22307.5,1.0478886e-05,5.239443e-05,0
22310.0,22315.0,22312.5,6.64622e-06,3.32311e-05,0
22315.0,22320.0,22317.5,1.2238094e-05,6.119047e-05,0
22320.0,22325.0,22322.5,1.0406532e-05,5.203266e-05,0
22325.0,22330.0,22327.5,8.512644e-06,4.256322e-05,0
22330.0,22335.0,22332.5,1.1227332e-05,5.613666e-05,0
22335.0,22340.0,22337.5,1.1362564e-05,5.681282e-05,0
22340.0,22345.0,22342.5,1.435448e-05,7.17724e-05,0
22345.0,22350.0,22347.5,1.1450508e-05,5.725254e-05,0
22350.0,22355.0,22352.5,1.3259502e-05,6.629751e-05,0
22355.0,22360.0,22357.5,1.140021e-05,5.700105e-05,0
22360.0,22365.0,22362.5,1.4246168e-05,7.123084e-05,0
22365.0,22370.0,22367.5,1.2370394e-05,6.185197e-05,0
22370.0,22375.0,22372.5,1.4209128e-05,7.104564e-05,0
22375.0,22380.0,22377.5,9.626514e-06,4.813257e-05,0
22380.0,22385.0,22382.5,7.594452e-06,3.797226e-05,0
22385.0,22390.0,22387.5,1.6266674e-05,8.133337e-05,0
22390.0,22395.0,22392.5,1.2444866e-05,6.222433e-05,0
22395.0,22400.0,22397.5,1.2378296e-05,6.189148e-05,0
22400.0,22405.0,22402.5,7.566218e-06,3.783109e-05,0
22405.0,22410.0,22407.5,9.51704e-06,4.75852e-05,0
22410.0,22415.0,22412.5,1.5270354e-05,7.635177e-05,0
22415.0,22420.0,22417.5,7.604572e-06,3.802286e-05,0
22420.0,22425.0,22422.5,1.1360892e-05,5.680446e-05,0
22425.0,22430.0,22427.5,1.332742e-05,6.66371e-05,0
22430.0,22435.0,22432.5,1.7042738e-05,8.521369e-05,0
22435.0,22440.0,22437.5,1.6166226e-05,8.083113e-05,0
22440.0,22445.0,22442.5,8.529554e-06,4.264777e-05,0
22445.0,22450.0,22447.5,1.2380274e-05,6.190137e-05,0
22450.0,22455.0,22452.5,1.5164632e-05,7.582316e-05,0
22455.0,22460.0,22457.5,6.657912e-06,3.328956e-05,0
22460.0,22465.0,22462.5,8.441032e-06,4.220516e-05,0
22465.0,22470.0,22467.5,4.723664e-06,2.361832e-05,0
22470.0,22475.0,22472.5,8.513732e-06,4.256866e-05,0
22475.0,22480.0,22477.5,9.453298e-06,4.726649e-05,0
22480.0,22485.0,22482.5,7.500532e-06,3.750266e-05,0
22485.0,22490.0,22487.5,7.601214e-06,3.800607e-05,0
22490.0,22495.0,22492.5,7.655504e-06,3.827752e-05,0
22495.0,22500.0,22497.5,1.2338438e-05,6.169219e-05,0
22500.0,22505.0,22502.5,6.653626e-06,3.326813e-05,0
22505.0,22510.0,22507.5,8.589744e-06,4.294872e-05,0
22510.0,22515.0,22512.5,1.3343756e-05,6.671878e-05,0
22515.0,22520.0,22517.5,8.614906e-06,4.307453e-05,0
22520.0,22525.0,22522.5,9.403418e-06,4.701709e-05,0
22525.0,22530.0,22527.5,7.623236e-06,3.811618e-05,0
22530.0,22535.0,22532.5,9.503932e-06,4.751966e-05,0
22535.0,22540.0,22537.5,9.456432e-06,4.728216e-05,0
22540.0,22545.0,22542.5,1.0614654e-05,5.307327e-05,0
22545.0,22550.0,22547.5,1.0410868e-05,5.205434e-05,0
22550.0,22555.0,22552.5,1.1617676e-05,5.808838e-05,0
22555.0,22560.0,22557.5,9.487582e-06,4.743791e-05,0
22560.0,22565.0,22562.5,1.0410138e-05,5.205069e-05,0
22565.0,22570.0,22567.5,1.0483832e-05,5.241916e-05,0
22570.0,22575.0,22572.5,1.2320396e-05,6.160198e-05,0
22575.0,22580.0,22577.5,1.033431e-05,5.167155e-05,0
22580.0,22585.0,22582.5,4.68534e-06,2.34267e-05,0
22585.0,22590.0,22587.5,9.456992e-06,4.728496e-05,0
22590.0,22595.0,22592.5,5.6935e-06,2.84675e-05,0
22595.0,22600.0,22597.5,7.609904e-06,3.804952e-05,0
22600.0,22605.0,22602.5,8.583292e-06,4.291646e-05,0
22605.0,22610.0,22607.5,1.3237796e-05,6.618898e-05,0
22610.0,22615.0,22612.5,9.51711e-06,4.758555e-05,0
22615.0,22620.0,22617.5,8.62581e-06,4.312905e-05,0
22620.0,22625.0,22622.5,1.903946e-06,9.51973e-06,0
22625.0,22630.0,22627.5,1.2345528e-05,6.172764e-05,0
22630.0,22635.0,22632.5,1.2307166e-05,6.153583e-05,0
22635.0,22640.0,22637.5,1.0381562e-05,5.190781e-05,0
22640.0,22645.0,22642.5,6.634022e-06,3.317011e-05,0
22645.0,22650.0,22647.5,1.6122602e-05,8.061301e-05,0
22650.0,22655.0,22652.5,1.5218208e-05,7.609104e-05,0
22655.0,22660.0,22657.5,1.3359562e-05,6.679781e-05,0
22660.0,22665.0,22662.5,7.654606e-06,3.827303e-05,0
22665.0,22670.0,22667.5,5.723526e-06,2.861763e-05,0
22670.0,22675.0,22672.5,7.666442e-06,3.833221e-05,0
22675.0,22680.0,22677.5,9.363038e-06,4.681519e-05,0
22680.0,22685.0,22682.5,2.0804176e-05,0.00010402088,0
22685.0,22690.0,22687.5,1.0482552e-05,5.241276e-05,0
22690.0,22695.0,22692.5,5.708138e-06,2.854069e-05,0
22695.0,22700.0,22697.5,6.632832e-06,3.316416e-05,0
22700.0,22705.0,22702.5,9.49577e-06,4.747885e-05,0
22705.0,22710.0,22707.5,1.432287e-05,7.161435e-05,0
22710.0,22715.0,22712.5,1.0404998e-05,5.202499e-05,0
22715.0,22720.0,22717.5,5.65657e-06,2.828285e-05,0
22720.0,22725.0,22722.5,1.141631e-05,5.708155e-05,0
22725.0,22730.0,22727.5,1.3211034e-05,6.605517e-05,0
22730.0,22735.0,22732.5,6.67356e-06,3.33678e-05,0
22735.0,22740.0,22737.5,1.1418762e-05,5.709381e-05,0
22740.0,22745.0,22742.5,9.468244e-06,4.734122e-05,0
22745.0,22750.0,22747.5,5.66682e-06,2.83341e-05,0
22750.0,22755.0,22752.5,2.85294e-06,1.42647e-05,0
22755.0,22760.0,22757.5,8.587248e-06,4.293624e-05,0
22760.0,22765.0,22762.5,1.0440512e-05,5.220256e-05,0
22765.0,22770.0,22767.5,1.0433624e-05,5.216812e-05,0
22770.0,22775.0,22772.5,9.409732e-06,4.704866e-05,0
22775.0,22780.0,22777.5,1.0453808e-05,5.226904e-05,0
22780.0,22785.0,22782.5,1.4249934e-05,7.124967e-05,0
22785.0,22790.0,22787.5,9.47083e-06,4.735415e-05,0
22790.0,22795.0,22792.5,7.657642e-06,3.828821e-05,0
22795.0,22800.0,22797.5,7.562232e-06,3.781116e-05,0
22800.0,22805.0,22802.5,9.48914e-06,4.74457e-05,0
22805.0,22810.0,22807.5,1.4469904e-05,7.234952e-05,0
22810.0,22815.0,22812.5,8.60186e-06,4.30093e-05,0
22815.0,22820.0,22817.5,1.2478524e-05,6.239262e-05,0
22820.0,22825.0,22822.5,7.545156e-06,3.772578e-05,0
22825.0,22830.0,22827.5,1.2331546e-05,6.165773e-05,0
22830.0,22835.0,22832.5,1.0382944e-05,5.191472e-05,0
22835.0,22840.0,22837.5,9.430732e-06,4.715366e-05,0
22840.0,22845.0,22842.5,7.722202e-06,3.861101e-05,0
22845.0,22850.0,22847.5,9.476518e-06,4.738259e-05,0
22850.0,22855.0,22852.5,1.4223608e-05,7.111804e-05,0
22855.0,22860.0,22857.5,1.86611e-06,9.33055e-06,0
22860.0,22865.0,22862.5,1.3312596e-05,6.656298e-05,0
22865.0,22870.0,22867.5,1.3268162e-05,6.634081e-05,0
22870.0,22875.0,22872.5,5.812656e-06,2.906328e-05,0
22875.0,22880.0,22877.5,1.6175992e-05,8.087996e-05,0
22880.0,22885.0,22882.5,1.0438276e-05,5.219138e-05,0
22885.0,22890.0,22887.5,1.0470666e-05,5.235333e-05,0
22890.0,22895.0,22892.5,6.56448e-06,3.28224e-05,0
22895.0,22900.0,22897.5,1.035767e-05,5.178835e-05,0
22900.0,22905.0,22902.5,1.1418068e-05,5.709034e-05,0
22905.0,22910.0,22907.5,4.7671e-06,2.38355e-05,0
22910.0,22915.0,22912.5,9.494806e-06,4.747403e-05,0
22915.0,22920.0,22917.5,8.52281e-06,4.261405e-05,0
22920.0,22925.0,22922.5,6.591432e-06,3.295716e-05,0
22925.0,22930.0,22927.5,7.627836e-06,3.813918e-05,0
22930.0,22935.0,22932.5,9.50077e-06,4.750385e-05,0
22935.0,22940.0,22937.5,1.5237716e-05,7.618858e-05,0
22940.0,22945.0,22942.5,1.4265066e-05,7.132533e-05,0
22945.0,22950.0,22947.5,1.3340312e-05,6.670156e-05,0
22950.0,22955.0,22952.5,7.742956e-06,3.871478e-05,0
22955.0,22960.0,22957.5,2.81482e-06,1.40741e-05,0
22960.0,22965.0,22962.5,1.0348062e-05,5.174031e-05,0
22965.0,22970.0,22967.5,1.1300658e-05,5.650329e-05,0
22970.0,22975.0,22972.5,1.1410366e-05,5.705183e-05,0
22975.0,22980.0,22977.5,9.617932e-06,4.808966e-05,0
22980.0,22985.0,22982.5,8.575288e-06,4.287644e-05,0
22985.0,22990.0,22987.5,6.663322e-06,3.331661e-05,0
22990.0,22995.0,22992.5,1.0429008e-05,5.214504e-05,0
22995.0,23000.0,22997.5,1.0429242e-05,5.214621e-05,0
23000.0,23005.0,23002.5,8.617954e-06,4.308977e-05,0
23005.0,23010.0,23007.5,1.3302562e-05,6.651281e-05,0
23010.0,23015.0,23012.5,7.690676e-06,3.845338e-05,0
23015.0,23020.0,23017.5,1.3330066e-05,6.665033e-05,0
23020.0,23025.0,23022.5,6.582298e-06,3.291149e-05,0
23025.0,23030.0,23027.5,1.609646e-05,8.04823e-05,0
23030.0,23035.0,23032.5,6.667842e-06,3.333921e-05,0
23035.0,23040.0,23037.5,5.709456e-06,2.854728e-05,0
23040.0,23045.0,23042.5,1.802682e-05,9.01341e-05,0
23045.0,23050.0,23047.5,9.438534e-06,4.719267e-05,0
23050.0,23055.0,23052.5,6.685696e-06,3.342848e-05,0
23055.0,23060.0,23057.5,7.654088e-06,3.827044e-05,0
23060.0,23065.0,23062.5,9.516216e-06,4.758108e-05,0
23065.0,23070.0,23067.5,1.0475322e-05,5.237661e-05,0
23070.0,23075.0,23072.5,9.512784e-06,4.756392e-05,0
23075.0,23080.0,23077.5,9.531916e-06,4.765958e-05,0
23080.0,23085.0,23082.5,6.76024e-06,3.38012e-05,0
23085.0,23090.0,23087.5,9.457846e-06,4.728923e-05,0
23090.0,23095.0,23092.5,1.1451446e-05,5.725723e-05,0
23095.0,23100.0,23097.5,1.1423548e-05,5.711774e-05,0
23100.0,23105.0,23102.5,1.0550556e-05,5.275278e-05,0
23105.0,23110.0,23107.5,1.0541662e-05,5.270831e-05,0
23110.0,23115.0,23112.5,1.0468408e-05,5.234204e-05,0
23115.0,23120.0,23117.5,1.5106148e-05,7.553074e-05,0
23120.0,23125.0,23122.5,9.53151e-06,4.765755e-05,0
23125.0,23130.0,23127.5,8.572992e-06,4.286496e-05,0
23130.0,23135.0,23132.5,9.536924e-06,4.768462e-05,0
23135.0,23140.0,23137.5,1.1334654e-05,5.667327e-05,0
23140.0,23145.0,23142.5,8.511646e-06,4.255823e-05,0
23145.0,23150.0,23147.5,6.61966e-06,3.30983e-05,0
23150.0,23155.0,23152.5,1.6070942e-05,8.035471e-05,0
23155.0,23160.0,23157.5,7.66454e-06,3.83227e-05,0
23160.0,23165.0,23162.5,1.8008416e-05,9.004208e-05,0
23165.0,23170.0,23167.5,7.577408e-06,3.788704e-05,0
23170.0,23175.0,23172.5,5.68923e-06,2.844615e-05,0
23175.0,23180.0,23177.5,6.7202e-06,3.3601e-05,0
23180.0,23185.0,23182.5,1.3328488e-05,6.664244e-05,0
23185.0,23190.0,23187.5,7.687668e-06,3.843834e-05,0
23190.0,23195.0,23192.5,1.1356528e-05,5.678264e-05,0
23195.0,23200.0,23197.5,2.813836e-06,1.406918e-05,0
23200.0,23205.0,23202.5,1.145913e-05,5.729565e-05,0
23205.0,23210.0,23207.5,9.533858e-06,4.766929e-05,0
23210.0,23215.0,23212.5,8.587658e-06,4.293829e-05,0
23215.0,23220.0,23217.5,9.51838e-06,4.75919e-05,0
23220.0,23225.0,23222.5,1.2260794e-05,6.130397e-05,0
23225.0,23230.0,23227.5,8.528256e-06,4.264128e-05,0
23230.0,23235.0,23232.5,8.54825e-06,4.274125e-05,0
23235.0,23240.0,23237.5,1.1347098e-05,5.673549e-05,0
23240.0,23245.0,23242.5,8.635924e-06,4.317962e-05,0
23245.0,23250.0,23247.5,5.657956e-06,2.828978e-05,0
23250.0,23255.0,23252.5,1.1469946e-05,5.734973e-05,0
23255.0,23260.0,23257.5,8.577236e-06,4.288618e-05,0
23260.0,23265.0,23262.5,1.423364e-05,7.11682e-05,0
23265.0,23270.0,23267.5,7.558054e-06,3.779027e-05,0
23270.0,23275.0,23272.5,5.662042e-06,2.831021e-05,0
23275.0,23280.0,23277.5,9.464244e-06,4.732122e-05,0
23280.0,23285.0,23282.5,7.583082e-06,3.791541e-05,0
23285.0,23290.0,23287.5,9.536228e-06,4.768114e-05,0
23290.0,23295.0,23292.5,1.1378412e-05,5.689206e-05,0
23295.0,23300.0,23297.5,1.6102036e-05,8.051018e-05,0
23300.0,23305.0,23302.5,1.041771e-05,5.208855e-05,0
23305.0,23310.0,23307.5,1.1394034e-05,5.697017e-05,0
23310.0,23315.0,23312.5,7.577908e-06,3.788954e-05,0
23315.0,23320.0,23317.5,7.681278e-06,3.840639e-05,0
23320.0,23325.0,23322.5,9.489282e-06,4.744641e-05,0
23325.0,23330.0,23327.5,7.512882e-06,3.756441e-05,0
23330.0,23335.0,23332.5,6.699722e-06,3.349861e-05,0
23335.0,23340.0,23337.5,8.609524e-06,4.304762e-05,0
23340.0,23345.0,23342.5,9.523132e-06,4.761566e-05,0
23345.0,23350.0,23347.5,7.669926e-06,3.834963e-05,0
23350.0,23355.0,23352.5,1.047191e-05,5.235955e-05,0
23355.0,23360.0,23357.5,1.1455864e-05,5.727932e-05,0
23360.0,23365.0,23362.5,4.757394e-06,2.378697e-05,0
23365.0,23370.0,23367.5,7.617986e-06,3.808993e-05,0
23370.0,23375.0,23372.5,1.420004e-05,7.10002e-05,0
23375.0,23380.0,23377.5,8.485844e-06,4.242922e-05,0
23380.0,23385.0,23382.5,6.653702e-06,3.326851e-05,0
23385.0,23390.0,23387.5,3.758104e-06,1.879052e-05,0
23390.0,23395.0,23392.5,4.745974e-06,2.372987e-05,0
23395.0,23400.0,23397.5,6.636646e-06,3.318323e-05,0
23400.0,23405.0,23402.5,6.569614e-06,3.284807e-05,0
23405.0,23410.0,23407.5,1.041931e-05,5.209655e-05,0
23410.0,23415.0,23412.5,1.1424438e-05,5.712219e-05,0
23415.0,23420.0,23417.5,9.562984e-06,4.781492e-05,0
23420.0,23425.0,23422.5,7.570874e-06,3.785437e-05,0
23425.0,23430.0,23427.5,6.582254e-06,3.291127e-05,0
23430.0,23435.0,23432.5,1.0383412e-05,5.191706e-05,0
23435.0,23440.0,23437.5,6.624696e-06,3.312348e-05,0
23440.0,23445.0,23442.5,6.730256e-06,3.365128e-05,0
23445.0,23450.0,23447.5,8.467662e-06,4.233831e-05,0
23450.0,23455.0,23452.5,6.673238e-06,3.336619e-05,0
23455.0,23460.0,23457.5,5.735444e-06,2.867722e-05,0
23460.0,23465.0,23462.5,4.728948e-06,2.364474e-05,0
23465.0,23470.0,23467.5,1.1468474e-05,5.734237e-05,0
23470.0,23475.0,23472.5,1.5238646e-05,7.619323e-05,0
23475.0,23480.0,23477.5,5.698124e-06,2.849062e-05,0
23480.0,23485.0,23482.5,9.429606e-06,4.714803e-05,0
23485.0,23490.0,23487.5,8.560258e-06,4.280129e-05,0
23490.0,23495.0,23492.5,1.1424886e-05,5.712443e-05,0
23495.0,23500.0,23497.5,1.1371058e-05,5.685529e-05,0
23500.0,23505.0,23502.5,9.583922e-06,4.791961e-05,0
23505.0,23510.0,23507.5,1.1394802e-05,5.697401e-05,0
23510.0,23515.0,23512.5,8.560718e-06,4.280359e-05,0
23515.0,23520.0,23517.5,1.4280242e-05,7.140121e-05,0
23520.0,23525.0,23522.5,7.691468e-06,3.845734e-05,0
23525.0,23530.0,23527.5,1.138533e-05,5.692665e-05,0
23530.0,23535.0,23532.5,7.608216e-06,3.804108e-05,0
23535.0,23540.0,23537.5,9.51884e-06,4.75942e-05,0
23540.0,23545.0,23542.5,5.64064e-06,2.82032e-05,0
23545.0,23550.0,23547.5,5.75726e-06,2.87863e-05,0
23550.0,23555.0,23552.5,1.0384728e-05,5.192364e-05,0
23555.0,23560.0,23557.5,7.621138e-06,3.810569e-05,0
23560.0,23565.0,23562.5,8.501404e-06,4.250702e-05,0
23565.0,23570.0,23567.5,7.657794e-06,3.828897e-05,0
23570.0,23575.0,23572.5,2.87323e-06,1.436615e-05,0
23575.0,23580.0,23577.5,1.231455e-05,6.157275e-05,0
23580.0,23585.0,23582.5,1.0540428e-05,5.270214e-05,0
23585.0,23590.0,23587.5,8.489118e-06,4.244559e-05,0
23590.0,23595.0,23592.5,7.610392e-06,3.805196e-05,0
23595.0,23600.0,23597.5,7.666868e-06,3.833434e-05,0
23600.0,23605.0,23602.5,8.541954e-06,4.270977e-05,0
23605.0,23610.0,23607.5,1.235578e-05,6.17789e-05,0
23610.0,23615.0,23612.5,1.2396408e-05,6.198204e-05,0
23615.0,23620.0,23617.5,8.506552e-06,4.253276e-05,0
23620.0,23625.0,23622.5,5.642142e-06,2.821071e-05,0
23625.0,23630.0,23627.5,2.883064e-06,1.441532e-05,0
23630.0,23635.0,23632.5,6.71089e-06,3.355445e-05,0
23635.0,23640.0,23637.5,8.605552e-06,4.302776e-05,0
23640.0,23645.0,23642.5,8.557436e-06,4.278718e-05,0
23645.0,23650.0,23647.5,8.535098e-06,4.267549e-05,0
23650.0,23655.0,23652.5,6.721062e-06,3.360531e-05,0
23655.0,23660.0,23657.5,7.623282e-06,3.811641e-05,0
23660.0,23665.0,23662.5,7.623096e-06,3.811548e-05,0
23665.0,23670.0,23667.5,8.526792e-06,4.263396e-05,0
23670.0,23675.0,23672.5,9.49147e-06,4.745735e-05,0
23675.0,23680.0,23677.5,6.633046e-06,3.316523e-05,0
23680.0,23685.0,23682.5,1.5217052e-05,7.608526e-05,0
23685.0,23690.0,23687.5,9.4597e-06,4.72985e-05,0
23690.0,23695.0,23692.5,8.589558e-06,4.294779e-05,0
23695.0,23700.0,23697.5,7.593674e-06,3.796837e-05,0
23700.0,23705.0,23702.5,8.593982e-06,4.296991e-05,0
23705.0,23710.0,23707.5,8.6409e-06,4.32045e-05,0
23710.0,23715.0,23712.5,1.1395516e-05,5.697758e-05,0
23715.0,23720.0,23717.5,1.0455214e-05,5.227607e-05,0
23720.0,23725.0,23722.5,1.137181e-05,5.685905e-05,0
23725.0,23730.0,23727.5,8.548518e-06,4.274259e-05,0
23730.0,23735.0,23732.5,3.831906e-06,1.915953e-05,0
23735.0,23740.0,23737.5,9.470598e-06,4.735299e-05,0
23740.0,23745.0,23742.5,7.624298e-06,3.812149e-05,0
23745.0,23750.0,23747.5,9.567272e-06,4.783636e-05,0
23750.0,23755.0,23752.5,8.546148e-06,4.273074e-05,0
23755.0,23760.0,23757.5,8.526268e-06,4.263134e-05,0
23760.0,23765.0,23762.5,9.491764e-06,4.745882e-05,0
23765.0,23770.0,23767.5,1.3315538e-05,6.657769e-05,0
23770.0,23775.0,23772.5,5.729962e-06,2.864981e-05,0
23775.0,23780.0,23777.5,4.75249e-06,2.376245e-05,0
23780.0,23785.0,23782.5,8.53933e-06,4.269665e-05,0
23785.0,23790.0,23787.5,1.1395686e-05,5.697843e-05,0
23790.0,23795.0,23792.5,1.14172e-05,5.7086e-05,0
23795.0,23800.0,23797.5,5.617836e-06,2.808918e-05,0
23800.0,23805.0,23802.5,5.733894e-06,2.866947e-05,0
23805.0,23810.0,23807.5,8.532288e-06,4.266144e-05,0
23810.0,23815.0,23812.5,4.72657e-06,2.363285e-05,0
23815.0,23820.0,23817.5,1.0417898e-05,5.208949e-05,0
23820.0,23825.0,23822.5,9.52767e-06,4.763835e-05,0
23825.0,23830.0,23827.5,1.423233e-05,7.116165e-05,0
23830.0,23835.0,23832.5,7.627334e-06,3.813667e-05,0
23835.0,23840.0,23837.5,8.520972e-06,4.260486e-05,0
23840.0,23845.0,23842.5,8.493446e-06,4.246723e-05,0
23845.0,23850.0,23847.5,9.52916e-06,4.76458e-05,0
23850.0,23855.0,23852.5,1.1402516e-05,5.701258e-05,0
23855.0,23860.0,23857.5,2.811398e-06,1.405699e-05,0
23860.0,23865.0,23862.5,6.59338e-06,3.29669e-05,0
23865.0,23870.0,23867.5,1.6105536e-05,8.052768e-05,0
23870.0,23875.0,23872.5,8.46153e-06,4.230765e-05,0
23875.0,23880.0,23877.5,9.49888e-06,4.74944e-05,0
23880.0,23885.0,23882.5,1.0310598e-05,5.155299e-05,0
23885.0,23890.0,23887.5,2.831904e-06,1.415952e-05,0
23890.0,23895.0,23892.5,8.496504e-06,4.248252e-05,0
23895.0,23900.0,23897.5,7.57277e-06,3.786385e-05,0
23900.0,23905.0,23902.5,8.588352e-06,4.294176e-05,0
23905.0,23910.0,23907.5,1.2375004e-05,6.187502e-05,0
23910.0,23915.0,23912.5,8.55909e-06,4.279545e-05,0
23915.0,23920.0,23917.5,6.623558e-06,3.311779e-05,0
23920.0,23925.0,23922.5,3.835406e-06,1.917703e-05,0
23925.0,23930.0,23927.5,6.586372e-06,3.293186e-05,0
23930.0,23935.0,23932.5,8.565938e-06,4.282969e-05,0
23935.0,23940.0,23937.5,8.529388e-06,4.264694e-05,0
23940.0,23945.0,23942.5,6.675142e-06,3.337571e-05,0
23945.0,23950.0,23947.5,8.555202e-06,4.277601e-05,0
23950.0,23955.0,23952.5,6.595566e-06,3.297783e-05,0
23955.0,23960.0,23957.5,9.48128e-06,4.74064e-05,0
23960.0,23965.0,23962.5,4.730144e-06,2.365072e-05,0
23965.0,23970.0,23967.5,1.0403418e-05,5.201709e-05,0
23970.0,23975.0,23972.5,7.603586e-06,3.801793e-05,0
23975.0,23980.0,23977.5,8.596162e-06,4.298081e-05,0
23980.0,23985.0,23982.5,1.4254112e-05,7.127056e-05,0
23985.0,23990.0,23987.5,7.597736e-06,3.798868e-05,0
23990.0,23995.0,23992.5,1.1323184e-05,5.661592e-05,0
23995.0,24000.0,23997.5,4.757966e-06,2.378983e-05,0
24000.0,24005.0,24002.5,1.0471544e-05,5.235772e-05,0
24005.0,24010.0,24007.5,1.051893e-05,5.259465e-05,0
24010.0,24015.0,24012.5,4.723308e-06,2.361654e-05,0
24015.0,24020.0,24017.5,9.436758e-06,4.718379e-05,0
24020.0,24025.0,24022.5,1.4340256e-05,7.170128e-05,0
24025.0,24030.0,24027.5,5.752938e-06,2.876469e-05,0
24030.0,24035.0,24032.5,8.615296e-06,4.307648e-05,0
24035.0,24040.0,24037.5,1.0385516e-05,5.192758e-05,0
24040.0,24045.0,24042.5,1.1369342e-05,5.684671e-05,0
24045.0,24050.0,24047.5,7.562066e-06,3.781033e-05,0
24050.0,24055.0,24052.5,9.51587e-06,4.757935e-05,0
24055.0,24060.0,24057.5,6.674374e-06,3.337187e-05,0
24060.0,24065.0,24062.5,7.628074e-06,3.814037e-05,0
24065.0,24070.0,24067.5,7.592976e-06,3.796488e-05,0
24070.0,24075.0,24072.5,8.471068e-06,4.235534e-05,0
24075.0,24080.0,24077.5,1.3325578e-05,6.662789e-05,0
24080.0,24085.0,24082.5,9.568284e-06,4.784142e-05,0
24085.0,24090.0,24087.5,8.523544e-06,4.261772e-05,0
24090.0,24095.0,24092.5,1.140119e-05,5.700595e-05,0
24095.0,24100.0,24097.5,1.0488024e-05,5.244012e-05,0
24100.0,24105.0,24102.5,8.706554e-06,4.353277e-05,0
24105.0,24110.0,24107.5,9.499192e-06,4.749596e-05,0
24110.0,24115.0,24112.5,6.618998e-06,3.309499e-05,0
24115.0,24120.0,24117.5,9.489392e-06,4.744696e-05,0
24120.0,24125.0,24122.5,1.4247254e-05,7.123627e-05,0
24125.0,24130.0,24127.5,1.1365726e-05,5.682863e-05,0
24130.0,24135.0,24132.5,7.553392e-06,3.776696e-05,0
24135.0,24140.0,24137.5,1.0506822e-05,5.253411e-05,0
24140.0,24145.0,24142.5,1.1389048e-05,5.694524e-05,0
24145.0,24150.0,24147.5,1.865286e-06,9.32643e-06,0
24150.0,24155.0,24152.5,5.791906e-06,2.895953e-05,0
24155.0,24160.0,24157.5,4.753758e-06,2.376879e-05,0
24160.0,24165.0,24162.5,9.476698e-06,4.738349e-05,0
24165.0,24170.0,24167.5,9.48135e-06,4.740675e-05,0
24170.0,24175.0,24172.5,7.58474e-06,3.79237e-05,0
24175.0,24180.0,24177.5,1.3293766e-05,6.646883e-05,0
24180.0,24185.0,24182.5,6.620726e-06,3.310363e-05,0
24185.0,24190.0,24187.5,7.548672e-06,3.774336e-05,0
24190.0,24195.0,24192.5,9.484564e-06,4.742282e-05,0
24195.0,24200.0,24197.5,1.0526458e-05,5.263229e-05,0
24200.0,24205.0,24202.5,7.628384e-06,3.814192e-05,0
24205.0,24210.0,24207.5,1.3317282e-05,6.658641e-05,0
24210.0,24215.0,24212.5,1.0411698e-05,5.205849e-05,0
24215.0,24220.0,24217.5,8.475106e-06,4.237553e-05,0
24220.0,24225.0,24222.5,7.543508e-06,3.771754e-05,0
24225.0,24230.0,24227.5,3.763332e-06,1.881666e-05,0
24230.0,24235.0,24232.5,1.0466804e-05,5.233402e-05,0
24235.0,24240.0,24237.5,9.490572e-06,4.745286e-05,0
24240.0,24245.0,24242.5,1.135575e-05,5.677875e-05,0
24245.0,24250.0,24247.5,5.703566e-06,2.851783e-05,0
24250.0,24255.0,24252.5,4.821738e-06,2.410869e-05,0
24255.0,24260.0,24257.5,1.0377894e-05,5.188947e-05,0
24260.0,24265.0,24262.5,8.49147e-06,4.245735e-05,0
24265.0,24270.0,24267.5,4.752888e-06,2.376444e-05,0
24270.0,24275.0,24272.5,8.581424e-06,4.290712e-05,0
24275.0,24280.0,24277.5,1.0424322e-05,5.212161e-05,0
24280.0,24285.0,24282.5,4.699334e-06,2.349667e-05,0
24285.0,24290.0,24287.5,7.729352e-06,3.864676e-05,0
24290.0,24295.0,24292.5,7.623742e-06,3.811871e-05,0
24295.0,24300.0,24297.5,1.2452784e-05,6.226392e-05,0
24300.0,24305.0,24302.5,6.630516e-06,3.315258e-05,0
24305.0,24310.0,24307.5,1.3221104e-05,6.610552e-05,0
24310.0,24315.0,24312.5,1.1391846e-05,5.695923e-05,0
24315.0,24320.0,24317.5,9.541038e-06,4.770519e-05,0
24320.0,24325.0,24322.5,1.617144e-05,8.08572e-05,0
24325.0,24330.0,24327.5,1.0445642e-05,5.222821e-05,0
24330.0,24335.0,24332.5,9.550922e-06,4.775461e-05,0
24335.0,24340.0,24337.5,7.584004e-06,3.792002e-05,0
24340.0,24345.0,24342.5,7.635714e-06,3.817857e-05,0
24345.0,24350.0,24347.5,6.647676e-06,3.323838e-05,0
24350.0,24355.0,24352.5,6.581138e-06,3.290569e-05,0
24355.0,24360.0,24357.5,8.541902e-06,4.270951e-05,0
24360.0,24365.0,24362.5,1.1392322e-05,5.696161e-05,0
24365.0,24370.0,24367.5,4.75249e-06,2.376245e-05,0
24370.0,24375.0,24372.5,8.575012e-06,4.287506e-05,0
24375.0,24380.0,24377.5,7.521002e-06,3.760501e-05,0
24380.0,24385.0,24382.5,6.695498e-06,3.347749e-05,0
24385.0,24390.0,24387.5,8.554442e-06,4.277221e-05,0
24390.0,24395.0,24392.5,8.62144e-06,4.31072e-05,0
24395.0,24400.0,24397.5,8.608446e-06,4.304223e-05,0
24400.0,24405.0,24402.5,6.69379e-06,3.346895e-05,0
24405.0,24410.0,24407.5,7.57426e-06,3.78713e-05,0
24410.0,24415.0,24412.5,7.585462e-06,3.792731e-05,0
24415.0,24420.0,24417.5,8.499308e-06,4.249654e-05,0
24420.0,24425.0,24422.5,9.4469e-06,4.72345e-05,0
24425.0,24430.0,24427.5,9.486648e-06,4.743324e-05,0
24430.0,24435.0,24432.5,7.607058e-06,3.803529e-05,0
24435.0,24440.0,24437.5,1.0429254e-05,5.214627e-05,0
24440.0,24445.0,24442.5,1.3297152e-05,6.648576e-05,0
24445.0,24450.0,24447.5,7.557302e-06,3.778651e-05,0
24450.0,24455.0,24452.5,6.657444e-06,3.328722e-05,0
24455.0,24460.0,24457.5,9.513168e-06,4.756584e-05,0
24460.0,24465.0,24462.5,1.2335254e-05,6.167627e-05,0
24465.0,24470.0,24467.5,7.585792e-06,3.792896e-05,0
24470.0,24475.0,24472.5,6.647806e-06,3.323903e-05,0
24475.0,24480.0,24477.5,5.709302e-06,2.854651e-05,0
24480.0,24485.0,24482.5,8.543212e-06,4.271606e-05,0
24485.0,24490.0,24487.5,1.0433204e-05,5.216602e-05,0
24490.0,24495.0,24492.5,8.553608e-06,4.276804e-05,0
24495.0,24500.0,24497.5,8.559174e-06,4.279587e-05,0
24500.0,24505.0,24502.5,3.750274e-06,1.875137e-05,0
24505.0,24510.0,24507.5,7.637476e-06,3.818738e-05,0
24510.0,24515.0,24512.5,7.627998e-06,3.813999e-05,0
24515.0,24520.0,24517.5,6.663562e-06,3.331781e-05,0
24520.0,24525.0,24522.5,1.1419822e-05,5.709911e-05,0
24525.0,24530.0,24527.5,9.604708e-06,4.802354e-05,0
24530.0,24535.0,24532.5,5.635536e-06,2.817768e-05,0
24535.0,24540.0,24537.5,5.658282e-06,2.829141e-05,0
24540.0,24545.0,24542.5,5.755614e-06,2.877807e-05,0
24545.0,24550.0,24547.5,1.0418338e-05,5.209169e-05,0
24550.0,24555.0,24552.5,9.498982e-06,4.749491e-05,0
24555.0,24560.0,24557.5,8.685612e-06,4.342806e-05,0
24560.0,24565.0,24562.5,9.52788e-06,4.76394e-05,0
24565.0,24570.0,24567.5,5.753926e-06,2.876963e-05,0
24570.0,24575.0,24572.5,9.534342e-06,4.767171e-05,0
24575.0,24580.0,24577.5,1.0436902e-05,5.218451e-05,0
24580.0,24585.0,24582.5,6.65676e-06,3.32838e-05,0
24585.0,24590.0,24587.5,8.473006e-06,4.236503e-05,0
24590.0,24595.0,24592.5,8.469082e-06,4.234541e-05,0
24595.0,24600.0,24597.5,5.708882e-06,2.854441e-05,0
24600.0,24605.0,24602.5,8.627414e-06,4.313707e-05,0
24605.0,24610.0,24607.5,7.592334e-06,3.796167e-05,0
24610.0,24615.0,24612.5,6.686626e-06,3.343313e-05,0
24615.0,24620.0,24617.5,4.786916e-06,2.393458e-05,0
24620.0,24625.0,24622.5,8.500006e-06,4.250003e-05,0
24625.0,24630.0,24627.5,6.628756e-06,3.314378e-05,0
24630.0,24635.0,24632.5,4.710286e-06,2.355143e-05,0
24635.0,24640.0,24637.5,1.1415082e-05,5.707541e-05,0
24640.0,24645.0,24642.5,9.597456e-06,4.798728e-05,0
24645.0,24650.0,24647.5,7.53238e-06,3.76619e-05,0
24650.0,24655.0,24652.5,5.624214e-06,2.812107e-05,0
24655.0,24660.0,24657.5,6.61082e-06,3.30541e-05,0
24660.0,24665.0,24662.5,7.623248e-06,3.811624e-05,0
24665.0,24670.0,24667.5,9.51606e-06,4.75803e-05,0
24670.0,24675.0,24672.5,1.0460148e-05,5.230074e-05,0
24675.0,24680.0,24677.5,6.715224e-06,3.357612e-05,0
24680.0,24685.0,24682.5,4.724488e-06,2.362244e-05,0
24685.0,24690.0,24687.5,7.57369e-06,3.786845e-05,0
24690.0,24695.0,24692.5,9.507308e-06,4.753654e-05,0
24695.0,24700.0,24697.5,9.431568e-06,4.715784e-05,0
24700.0,24705.0,24702.5,1.233453e-05,6.167265e-05,0
24705.0,24710.0,24707.5,1.314205e-05,6.571025e-05,0
24710.0,24715.0,24712.5,4.734744e-06,2.367372e-05,0
24715.0,24720.0,24717.5,9.494338e-06,4.747169e-05,0
24720.0,24725.0,24722.5,9.514628e-06,4.757314e-05,0
24725.0,24730.0,24727.5,2.852864e-06,1.426432e-05,0
24730.0,24735.0,24732.5,1.1353072e-05,5.676536e-05,0
24735.0,24740.0,24737.5,3.791472e-06,1.895736e-05,0
24740.0,24745.0,24742.5,9.55697e-06,4.778485e-05,0
24745.0,24750.0,24747.5,7.592692e-06,3.796346e-05,0
24750.0,24755.0,24752.5,6.662682e-06,3.331341e-05,0
24755.0,24760.0,24757.5,9.537628e-06,4.768814e-05,0
24760.0,24765.0,24762.5,5.694386e-06,2.847193e-05,0
24765.0,24770.0,24767.5,1.1338052e-05,5.669026e-05,0
24770.0,24775.0,24772.5,6.639134e-06,3.319567e-05,0
24775.0,24780.0,24777.5,1.04722e-05,5.2361e-05,0
24780.0,24785.0,24782.5,5.708188e-06,2.854094e-05,0
24785.0,24790.0,24787.5,6.637586e-06,3.318793e-05,0
24790.0,24795.0,24792.5,1.1343522e-05,5.671761e-05,0
24795.0,24800.0,24797.5,1.0474826e-05,5.237413e-05,0
24800.0,24805.0,24802.5,5.696598e-06,2.848299e-05,0
24805.0,24810.0,24807.5,5.650062e-06,2.825031e-05,0
24810.0,24815.0,24812.5,7.676644e-06,3.838322e-05,0
24815.0,24820.0,24817.5,9.59329e-06,4.796645e-05,0
24820.0,24825.0,24822.5,7.57872e-06,3.78936e-05,0
24825.0,24830.0,24827.5,6.612338e-06,3.306169e-05,0
24830.0,24835.0,24832.5,5.700644e-06,2.850322e-05,0
24835.0,24840.0,24837.5,1.3358102e-05,6.679051e-05,0
24840.0,24845.0,24842.5,1.033912e-05,5.16956e-05,0
24845.0,24850.0,24847.5,1.2395754e-05,6.197877e-05,0
24850.0,24855.0,24852.5,1.426925e-05,7.134625e-05,0
24855.0,24860.0,24857.5,1.1374928e-05,5.687464e-05,0
24860.0,24865.0,24862.5,1.042438e-05,5.21219e-05,0
24865.0,24870.0,24867.5,9.48837e-06,4.744185e-05,0
24870.0,24875.0,24872.5,9.477734e-06,4.738867e-05,0
24875.0,24880.0,24877.5,7.631308e-06,3.815654e-05,0
24880.0,24885.0,24882.5,7.624192e-06,3.812096e-05,0
24885.0,24890.0,24887.5,8.45819e-06,4.229095e-05,0
24890.0,24895.0,24892.5,7.547792e-06,3.773896e-05,0
24895.0,24900.0,24897.5,1.23979e-05,6.19895e-05,0
24900.0,24905.0,24902.5,6.665098e-06,3.332549e-05,0
24905.0,24910.0,24907.5,8.58445e-06,4.292225e-05,0
24910.0,24915.0,24912.5,1.2407256e-05,6.203628e-05,0
24915.0,24920.0,24917.5,7.67467e-06,3.837335e-05,0
24920.0,24925.0,24922.5,1.142665e-05,5.713325e-05,0
24925.0,24930.0,24927.5,7.552792e-06,3.776396e-05,0
24930.0,24935.0,24932.5,7.529192e-06,3.764596e-05,0
24935.0,24940.0,24937.5,6.615928e-06,3.307964e-05,0
24940.0,24945.0,24942.5,1.1401402e-05,5.700701e-05,0
24945.0,24950.0,24947.5,8.525232e-06,4.262616e-05,0
24950.0,24955.0,24952.5,7.560394e-06,3.780197e-05,0
24955.0,24960.0,24957.5,2.865886e-06,1.432943e-05,0
24960.0,24965.0,24962.5,6.697932e-06,3.348966e-05,0
24965.0,24970.0,24967.5,9.59341e-06,4.796705e-05,0
24970.0,24975.0,24972.5,5.688266e-06,2.844133e-05,0
24975.0,24980.0,24977.5,6.684418e-06,3.342209e-05,0
24980.0,24985.0,24982.5,9.453368e-06,4.726684e-05,0
24985.0,24990.0,24987.5,8.567964e-06,4.283982e-05,0
24990.0,24995.0,24992.5,5.73355e-06,2.866775e-05,0
24995.0,25000.0,24997.5,1.137252e-05,5.68626e-05,0
25000.0,25005.0,25002.5,9.483856e-06,4.741928e-05,0
25005.0,25010.0,25007.5,9.389738e-06,4.694869e-05,0
25010.0,25015.0,25012.5,7.607334e-06,3.803667e-05,0
25015.0,25020.0,25017.5,1.1323384e-05,5.661692e-05,0
25020.0,25025.0,25022.5,5.720874e-06,2.860437e-05,0
25025.0,25030.0,25027.5,1.2334092e-05,6.167046e-05,0
25030.0,25035.0,25032.5,6.545588e-06,3.272794e-05,0
25035.0,25040.0,25037.5,6.637932e-06,3.318966e-05,0
25040.0,25045.0,25042.5,5.675818e-06,2.837909e-05,0
25045.0,25050.0,25047.5,1.1499774e-05,5.749887e-05,0
25050.0,25055.0,25052.5,1.047364e-05,5.23682e-05,0
25055.0,25060.0,25057.5,4.683368e-06,2.341684e-05,0
25060.0,25065.0,25062.5,1.0500222e-05,5.250111e-05,0
25065.0,25070.0,25067.5,1.4151694e-05,7.075847e-05,0
25070.0,25075.0,25072.5,5.689258e-06,2.844629e-05,0
25075.0,25080.0,25077.5,7.490684e-06,3.745342e-05,0
25080.0,25085.0,25082.5,5.727482e-06,2.863741e-05,0
25085.0,25090.0,25087.5,5.630902e-06,2.815451e-05,0
25090.0,25095.0,25092.5,8.468882e-06,4.234441e-05,0
25095.0,25100.0,25097.5,9.545572e-06,4.772786e-05,0
25100.0,25105.0,25102.5,5.69588e-06,2.84794e-05,0
25105.0,25110.0,25107.5,9.389004e-06,4.694502e-05,0
25110.0,25115.0,25112.5,4.707848e-06,2.353924e-05,0
25115.0,25120.0,25117.5,1.1403172e-05,5.701586e-05,0
25120.0,25125.0,25122.5,4.750136e-06,2.375068e-05,0
25125.0,25130.0,25127.5,5.697554e-06,2.848777e-05,0
25130.0,25135.0,25132.5,9.541048e-06,4.770524e-05,0
25135.0,25140.0,25137.5,9.549098e-06,4.774549e-05,0
25140.0,25145.0,25142.5,8.544572e-06,4.272286e-05,0
25145.0,25150.0,25147.5,5.714826e-06,2.857413e-05,0
25150.0,25155.0,25152.5,4.71291e-06,2.356455e-05,0
25155.0,25160.0,25157.5,8.47194e-06,4.23597e-05,0
25160.0,25165.0,25162.5,4.74835e-06,2.374175e-05,0
25165.0,25170.0,25167.5,1.2308968e-05,6.154484e-05,0
25170.0,25175.0,25172.5,9.438056e-06,4.719028e-05,0
25175.0,25180.0,25177.5,7.703556e-06,3.851778e-05,0
25180.0,25185.0,25182.5,3.8236e-06,1.9118e-05,0
25185.0,25190.0,25187.5,7.521628e-06,3.760814e-05,0
25190.0,25195.0,25192.5,9.366488e-06,4.683244e-05,0
25195.0,25200.0,25197.5,4.780384e-06,2.390192e-05,0
25200.0,25205.0,25202.5,5.694324e-06,2.847162e-05,0
25205.0,25210.0,25207.5,9.49106e-06,4.74553e-05,0
25210.0,25215.0,25212.5,5.626414e-06,2.813207e-05,0
25215.0,25220.0,25217.5,5.762416e-06,2.881208e-05,0
25220.0,25225.0,25222.5,4.773774e-06,2.386887e-05,0
25225.0,25230.0,25227.5,6.713176e-06,3.356588e-05,0
25230.0,25235.0,25232.5,8.597688e-06,4.298844e-05,0
25235.0,25240.0,25237.5,4.750354e-06,2.375177e-05,0
25240.0,25245.0,25242.5,9.517748e-06,4.758874e-05,0
25245.0,25250.0,25247.5,5.668034e-06,2.834017e-05,0
25250.0,25255.0,25252.5,3.804242e-06,1.902121e-05,0
25255.0,25260.0,25257.5,5.684674e-06,2.842337e-05,0
25260.0,25265.0,25262.5,5.648286e-06,2.824143e-05,0
25265.0,25270.0,25267.5,9.53244e-06,4.76622e-05,0
25270.0,25275.0,25272.5,9.480352e-06,4.740176e-05,0
25275.0,25280.0,25277.5,7.508728e-06,3.754364e-05,0
25280.0,25285.0,25282.5,6.623712e-06,3.311856e-05,0
25285.0,25290.0,25287.5,5.629836e-06,2.814918e-05,0
25290.0,25295.0,25292.5,6.709392e-06,3.354696e-05,0
25295.0,25300.0,25297.5,1.039227e-05,5.196135e-05,0
25300.0,25305.0,25302.5,6.613878e-06,3.306939e-05,0
25305.0,25310.0,25307.5,1.04929e-05,5.24645e-05,0
25310.0,25315.0,25312.5,9.453642e-06,4.726821e-05,0
25315.0,25320.0,25317.5,1.4264488e-05,7.132244e-05,0
25320.0,25325.0,25322.5,4.684548e-06,2.342274e-05,0
25325.0,25330.0,25327.5,8.55214e-06,4.27607e-05,0
25330.0,25335.0,25332.5,9.542918e-06,4.771459e-05,0
25335.0,25340.0,25337.5,7.520746e-06,3.760373e-05,0
25340.0,25345.0,25342.5,6.613172e-06,3.306586e-05,0
25345.0,25350.0,25347.5,1.0484984e-05,5.242492e-05,0
25350.0,25355.0,25352.5,5.641408e-06,2.820704e-05,0
25355.0,25360.0,25357.5,9.579666e-06,4.789833e-05,0
25360.0,25365.0,25362.5,4.796882e-06,2.398441e-05,0
25365.0,25370.0,25367.5,3.826954e-06,1.913477e-05,0
25370.0,25375.0,25372.5,8.54102e-06,4.27051e-05,0
25375.0,25380.0,25377.5,8.575062e-06,4.287531e-05,0
25380.0,25385.0,25382.5,5.632288e-06,2.816144e-05,0
25385.0,25390.0,25387.5,9.493868e-06,4.746934e-05,0
25390.0,25395.0,25392.5,3.759298e-06,1.879649e-05,0
25395.0,25400.0,25397.5,8.502222e-06,4.251111e-05,0
25400.0,25405.0,25402.5,7.68382e-06,3.84191e-05,0
25405.0,25410.0,25407.5,5.738964e-06,2.869482e-05,0
25410.0,25415.0,25412.5,8.541706e-06,4.270853e-05,0
25415.0,25420.0,25417.5,6.588496e-06,3.294248e-05,0
25420.0,25425.0,25422.5,8.52434e-06,4.26217e-05,0
25425.0,25430.0,25427.5,2.840698e-06,1.420349e-05,0
25430.0,25435.0,25432.5,6.628598e-06,3.314299e-05,0
25435.0,25440.0,25437.5,7.587028e-06,3.793514e-05,0
25440.0,25445.0,25442.5,3.799336e-06,1.899668e-05,0
25445.0,25450.0,25447.5,8.498862e-06,4.249431e-05,0
25450.0,25455.0,25452.5,7.64474e-06,3.82237e-05,0
25455.0,25460.0,25457.5,7.65122e-06,3.82561e-05,0
25460.0,25465.0,25462.5,4.676328e-06,2.338164e-05,0
25465.0,25470.0,25467.5,7.510508e-06,3.755254e-05,0
25470.0,25475.0,25472.5,8.5435e-06,4.27175e-05,0
25475.0,25480.0,25477.5,7.576538e-06,3.788269e-05,0
25480.0,25485.0,25482.5,6.61978e-06,3.30989e-05,0
25485.0,25490.0,25487.5,9.363828e-06,4.681914e-05,0
25490.0,25495.0,25492.5,7.518608e-06,3.759304e-05,0
25495.0,25500.0,25497.5,9.50786e-06,4.75393e-05,0
25500.0,25505.0,25502.5,6.591018e-06,3.295509e-05,0
25505.0,25510.0,25507.5,8.544796e-06,4.272398e-05,0
25510.0,25515.0,25512.5,7.58131e-06,3.790655e-05,0
25515.0,25520.0,25517.5,8.525708e-06,4.262854e-05,0
25520.0,25525.0,25522.5,1.2299342e-05,6.149671e-05,0
25525.0,25530.0,25527.5,4.718974e-06,2.359487e-05,0
25530.0,25535.0,25532.5,1.2408966e-05,6.204483e-05,0
25535.0,25540.0,25537.5,6.613996e-06,3.306998e-05,0
25540.0,25545.0,25542.5,3.810436e-06,1.905218e-05,0
25545.0,25550.0,25547.5,6.621862e-06,3.310931e-05,0
25550.0,25555.0,25552.5,6.671656e-06,3.335828e-05,0
25555.0,25560.0,25557.5,5.705602e-06,2.852801e-05,0
25560.0,25565.0,25562.5,1.1404742e-05,5.702371e-05,0
25565.0,25570.0,25567.5,8.559612e-06,4.279806e-05,0
25570.0,25575.0,25572.5,8.525046e-06,4.262523e-05,0
25575.0,25580.0,25577.5,7.64328e-06,3.82164e-05,0
25580.0,25585.0,25582.5,7.580438e-06,3.790219e-05,0
25585.0,25590.0,25587.5,6.639362e-06,3.319681e-05,0
25590.0,25595.0,25592.5,7.609408e-06,3.804704e-05,0
25595.0,25600.0,25597.5,7.573828e-06,3.786914e-05,0
25600.0,25605.0,25602.5,6.5962e-06,3.2981e-05,0
25605.0,25610.0,25607.5,5.7452e-06,2.8726e-05,0
25610.0,25615.0,25612.5,1.03675e-05,5.18375e-05,0
25615.0,25620.0,25617.5,1.2354348e-05,6.177174e-05,0
25620.0,25625.0,25622.5,9.443768e-06,4.721884e-05,0
25625.0,25630.0,25627.5,3.755508e-06,1.877754e-05,0
25630.0,25635.0,25632.5,1.1380872e-05,5.690436e-05,0
25635.0,25640.0,25637.5,1.5188618e-05,7.594309e-05,0
25640.0,25645.0,25642.5,2.815644e-06,1.407822e-05,0
25645.0,25650.0,25647.5,1.3289112e-05,6.644556e-05,0
25650.0,25655.0,25652.5,1.1483468e-05,5.741734e-05,0
25655.0,25660.0,25657.5,6.60208e-06,3.30104e-05,0
25660.0,25665.0,25662.5,5.640228e-06,2.820114e-05,0
25665.0,25670.0,25667.5,5.699752e-06,2.849876e-05,0
25670.0,25675.0,25672.5,4.753776e-06,2.376888e-05,0
25675.0,25680.0,25677.5,4.68652e-06,2.34326e-05,0
25680.0,25685.0,25682.5,6.666284e-06,3.333142e-05,0
25685.0,25690.0,25687.5,3.77989e-06,1.889945e-05,0
25690.0,25695.0,25692.5,8.455166e-06,4.227583e-05,0
25695.0,25700.0,25697.5,9.392396e-06,4.696198e-05,0
25700.0,25705.0,25702.5,1.036953e-05,5.184765e-05,0
25705.0,25710.0,25707.5,2.79386e-06,1.39693e-05,0
25710.0,25715.0,25712.5,4.74041e-06,2.370205e-05,0
25715.0,25720.0,25717.5,8.57878e-06,4.28939e-05,0
25720.0,25725.0,25722.5,4.702596e-06,2.351298e-05,0
25725.0,25730.0,25727.5,9.579026e-06,4.789513e-05,0
25730.0,25735.0,25732.5,2.86647e-06,1.433235e-05,0
25735.0,25740.0,25737.5,7.589794e-06,3.794897e-05,0
25740.0,25745.0,25742.5,7.572892e-06,3.786446e-05,0
25745.0,25750.0,25747.5,7.56831e-06,3.784155e-05,0
25750.0,25755.0,25752.5,7.647e-06,3.8235e-05,0
25755.0,25760.0,25757.5,9.510666e-06,4.755333e-05,0
25760.0,25765.0,25762.5,5.718482e-06,2.859241e-05,0
25765.0,25770.0,25767.5,1.2288602e-05,6.144301e-05,0
25770.0,25775.0,25772.5,1.2439944e-05,6.219972e-05,0
25775.0,25780.0,25777.5,4.706808e-06,2.353404e-05,0
25780.0,25785.0,25782.5,6.642742e-06,3.321371e-05,0
25785.0,25790.0,25787.5,8.598504e-06,4.299252e-05,0
25790.0,25795.0,25792.5,9.465754e-06,4.732877e-05,0
25795.0,25800.0,25797.5,9.451842e-06,4.725921e-05,0
25800.0,25805.0,25802.5,9.47322e-06,4.73661e-05,0
25805.0,25810.0,25807.5,1.0402636e-05,5.201318e-05,0
25810.0,25815.0,25812.5,8.498562e-06,4.249281e-05,0
25815.0,25820.0,25817.5,6.622218e-06,3.311109e-05,0
25820.0,25825.0,25822.5,6.637326e-06,3.318663e-05,0
25825.0,25830.0,25827.5,4.793864e-06,2.396932e-05,0
25830.0,25835.0,25832.5,3.799336e-06,1.899668e-05,0
25835.0,25840.0,25837.5,3.76337e-06,1.881685e-05,0
25840.0,25845.0,25842.5,1.0411712e-05,5.205856e-05,0
25845.0,25850.0,25847.5,5.685306e-06,2.842653e-05,0
25850.0,25855.0,25852.5,6.631592e-06,3.315796e-05,0
25855.0,25860.0,25857.5,5.659008e-06,2.829504e-05,0
25860.0,25865.0,25862.5,6.680332e-06,3.340166e-05,0
25865.0,25870.0,25867.5,4.762408e-06,2.381204e-05,0
25870.0,25875.0,25872.5,4.752888e-06,2.376444e-05,0
25875.0,25880.0,25877.5,3.8236e-06,1.9118e-05,0
25880.0,25885.0,25882.5,7.659372e-06,3.829686e-05,0
25885.0,25890.0,25887.5,5.656746e-06,2.828373e-05,0
25890.0,25895.0,25892.5,8.478238e-06,4.239119e-05,0
25895.0,25900.0,25897.5,6.693712e-06,3.346856e-05,0
25900.0,25905.0,25902.5,5.715718e-06,2.857859e-05,0
25905.0,25910.0,25907.5,3.771324e-06,1.885662e-05,0
25910.0,25915.0,25912.5,4.667674e-06,2.333837e-05,0
25915.0,25920.0,25917.5,6.70334e-06,3.35167e-05,0
25920.0,25925.0,25922.5,6.653358e-06,3.326679e-05,0
25925.0,25930.0,25927.5,9.48157e-06,4.740785e-05,0
25930.0,25935.0,25932.5,5.673564e-06,2.836782e-05,0
25935.0,25940.0,25937.5,4.753876e-06,2.376938e-05,0
25940.0,25945.0,25942.5,5.684804e-06,2.842402e-05,0
25945.0,25950.0,25947.5,5.705944e-06,2.852972e-05,0
25950.0,25955.0,25952.5,4.753776e-06,2.376888e-05,0
25955.0,25960.0,25957.5,3.76219e-06,1.881095e-05,0
25960.0,25965.0,25962.5,9.37433e-06,4.687165e-05,0
25965.0,25970.0,25967.5,1.138067e-05,5.690335e-05,0
25970.0,25975.0,25972.5,8.584672e-06,4.292336e-05,0
25975.0,25980.0,25977.5,8.550046e-06,4.275023e-05,0
25980.0,25985.0,25982.5,4.774218e-06,2.387109e-05,0
25985.0,25990.0,25987.5,1.138843e-05,5.694215e-05,0
25990.0,25995.0,25992.5,1.0358818e-05,5.179409e-05,0
25995.0,26000.0,25997.5,1.887426e-06,9.43713e-06,0
26000.0,26005.0,26002.5,1.1354508e-05,5.677254e-05,0
26005.0,26010.0,26007.5,6.645742e-06,3.322871e-05,0
26010.0,26015.0,26012.5,4.738052e-06,2.369026e-05,0
26015.0,26020.0,26017.5,1.2302588e-05,6.151294e-05,0
26020.0,26025.0,26022.5,9.51972e-07,4.75986e-06,0
26025.0,26030.0,26027.5,9.49931e-06,4.749655e-05,0
26030.0,26035.0,26032.5,5.71022e-06,2.85511e-05,0
26035.0,26040.0,26037.5,7.619978e-06,3.809989e-05,0
26040.0,26045.0,26042.5,6.540712e-06,3.270356e-05,0
26045.0,26050.0,26047.5,1.046356e-05,5.23178e-05,0
26050.0,26055.0,26052.5,4.761228e-06,2.380614e-05,0
26055.0,26060.0,26057.5,8.538534e-06,4.269267e-05,0
26060.0,26065.0,26062.5,5.71887e-06,2.859435e-05,0
26065.0,26070.0,26067.5,6.714756e-06,3.357378e-05,0
26070.0,26075.0,26072.5,2.869458e-06,1.434729e-05,0
26075.0,26080.0,26077.5,5.667686e-06,2.833843e-05,0
26080.0,26085.0,26082.5,8.606448e-06,4.303224e-05,0
26085.0,26090.0,26087.5,2.857186e-06,1.428593e-05,0
26090.0,26095.0,26092.5,8.628488e-06,4.314244e-05,0
26095.0,26100.0,26097.5,7.587198e-06,3.793599e-05,0
26100.0,26105.0,26102.5,5.760382e-06,2.880191e-05,0
26105.0,26110.0,26107.5,8.634434e-06,4.317217e-05,0
26110.0,26115.0,26112.5,8.646722e-06,4.323361e-05,0
26115.0,26120.0,26117.5,3.77856e-06,1.88928e-05,0
26120.0,26125.0,26122.5,5.71446e-06,2.85723e-05,0
26125.0,26130.0,26127.5,6.613864e-06,3.306932e-05,0
26130.0,26135.0,26132.5,9.450664e-06,4.725332e-05,0
26135.0,26140.0,26137.5,6.625698e-06,3.312849e-05,0
26140.0,26145.0,26142.5,1.87512e-06,9.3756e-06,0
26145.0,26150.0,26147.5,1.137683e-05,5.688415e-05,0
26150.0,26155.0,26152.5,5.761702e-06,2.880851e-05,0
26155.0,26160.0,26157.5,6.654526e-06,3.327263e-05,0
26160.0,26165.0,26162.5,7.586076e-06,3.793038e-05,0
26165.0,26170.0,26167.5,8.47294e-06,4.23647e-05,0
26170.0,26175.0,26172.5,5.73982e-06,2.86991e-05,0
26175.0,26180.0,26177.5,3.826038e-06,1.913019e-05,0
26180.0,26185.0,26182.5,6.636472e-06,3.318236e-05,0
26185.0,26190.0,26187.5,8.585692e-06,4.292846e-05,0
26190.0,26195.0,26192.5,5.71043e-06,2.855215e-05,0
26195.0,26200.0,26197.5,5.715792e-06,2.857896e-05,0
26200.0,26205.0,26202.5,7.567486e-06,3.783743e-05,0
26205.0,26210.0,26207.5,1.146503e-05,5.732515e-05,0
26210.0,26215.0,26212.5,5.721284e-06,2.860642e-05,0
26215.0,26220.0,26217.5,6.672704e-06,3.336352e-05,0
26220.0,26225.0,26222.5,4.770396e-06,2.385198e-05,0
26225.0,26230.0,26227.5,8.450476e-06,4.225238e-05,0
26230.0,26235.0,26232.5,4.82188e-06,2.41094e-05,0
26235.0,26240.0,26237.5,4.712234e-06,2.356117e-05,0
26240.0,26245.0,26242.5,7.606502e-06,3.803251e-05,0
26245.0,26250.0,26247.5,4.776014e-06,2.388007e-05,0
26250.0,26255.0,26252.5,5.624412e-06,2.812206e-05,0
26255.0,26260.0,26257.5,7.61855e-06,3.809275e-05,0
26260.0,26265.0,26262.5,3.795792e-06,1.897896e-05,0
26265.0,26270.0,26267.5,7.658568e-06,3.829284e-05,0
26270.0,26275.0,26272.5,8.584006e-06,4.292003e-05,0
26275.0,26280.0,26277.5,8.497806e-06,4.248903e-05,0
26280.0,26285.0,26282.5,7.634278e-06,3.817139e-05,0
26285.0,26290.0,26287.5,7.627004e-06,3.813502e-05,0
26290.0,26295.0,26292.5,5.706444e-06,2.853222e-05,0
26295.0,26300.0,26297.5,6.655614e-06,3.327807e-05,0
26300.0,26305.0,26302.5,2.827602e-06,1.413801e-05,0
26305.0,26310.0,26307.5,4.748496e-06,2.374248e-05,0
26310.0,26315.0,26312.5,6.598614e-06,3.299307e-05,0
26315.0,26320.0,26317.5,9.560182e-06,4.780091e-05,0
26320.0,26325.0,26322.5,5.698004e-06,2.849002e-05,0
26325.0,26330.0,26327.5,6.706314e-06,3.353157e-05,0
26330.0,26335.0,26332.5,9.489466e-06,4.744733e-05,0
26335.0,26340.0,26337.5,4.765954e-06,2.382977e-05,0
26340.0,26345.0,26342.5,8.563112e-06,4.281556e-05,0
26345.0,26350.0,26347.5,7.637224e-06,3.818612e-05,0
26350.0,26355.0,26352.5,7.565436e-06,3.782718e-05,0
26355.0,26360.0,26357.5,5.655012e-06,2.827506e-05,0
26360.0,26365.0,26362.5,5.689914e-06,2.844957e-05,0
26365.0,26370.0,26367.5,5.68957e-06,2.844785e-05,0
26370.0,26375.0,26372.5,5.704624e-06,2.852312e-05,0
26375.0,26380.0,26377.5,3.749918e-06,1.874959e-05,0
26380.0,26385.0,26382.5,3.773674e-06,1.886837e-05,0
26385.0,26390.0,26387.5,1.1431714e-05,5.715857e-05,0
26390.0,26395.0,26392.5,5.706522e-06,2.853261e-05,0
26395.0,26400.0,26397.5,6.65114e-06,3.32557e-05,0
26400.0,26405.0,26402.5,9.480076e-06,4.740038e-05,0
26405.0,26410.0,26407.5,5.741414e-06,2.870707e-05,0
26410.0,26415.0,26412.5,1.3292208e-05,6.646104e-05,0
26415.0,26420.0,26417.5,4.752716e-06,2.376358e-05,0
26420.0,26425.0,26422.5,6.623364e-06,3.311682e-05,0
26425.0,26430.0,26427.5,9.441936e-06,4.720968e-05,0
26430.0,26435.0,26432.5,9.391412e-06,4.695706e-05,0
26435.0,26440.0,26437.5,8.446906e-06,4.223453e-05,0
26440.0,26445.0,26442.5,1.2254366e-05,6.127183e-05,0
26445.0,26450.0,26447.5,7.517708e-06,3.758854e-05,0
26450.0,26455.0,26452.5,8.544202e-06,4.272101e-05,0
26455.0,26460.0,26457.5,3.783642e-06,1.891821e-05,0
26460.0,26465.0,26462.5,4.720046e-06,2.360023e-05,0
26465.0,26470.0,26467.5,6.621048e-06,3.310524e-05,0
26470.0,26475.0,26472.5,5.688682e-06,2.844341e-05,0
26475.0,26480.0,26477.5,3.770412e-06,1.885206e-05,0
26480.0,26485.0,26482.5,1.2398146e-05,6.199073e-05,0
26485.0,26490.0,26487.5,5.710384e-06,2.855192e-05,0
26490.0,26495.0,26492.5,5.65996e-06,2.82998e-05,0
26495.0,26500.0,26497.5,6.67028e-06,3.33514e-05,0
26500.0,26505.0,26502.5,7.587884e-06,3.793942e-05,0
26505.0,26510.0,26507.5,8.58014e-06,4.29007e-05,0
26510.0,26515.0,26512.5,4.728106e-06,2.364053e-05,0
26515.0,26520.0,26517.5,1.0491942e-05,5.245971e-05,0
26520.0,26525.0,26522.5,7.523916e-06,3.761958e-05,0
26525.0,26530.0,26527.5,3.852372e-06,1.926186e-05,0
26530.0,26535.0,26532.5,8.5932e-06,4.2966e-05,0
26535.0,26540.0,26537.5,7.639062e-06,3.819531e-05,0
26540.0,26545.0,26542.5,7.589522e-06,3.794761e-05,0
26545.0,26550.0,26547.5,3.795078e-06,1.897539e-05,0
26550.0,26555.0,26552.5,5.701128e-06,2.850564e-05,0
26555.0,26560.0,26557.5,6.635776e-06,3.317888e-05,0
26560.0,26565.0,26562.5,5.702448e-06,2.851224e-05,0
26565.0,26570.0,26567.5,3.788198e-06,1.894099e-05,0
26570.0,26575.0,26572.5,8.586392e-06,4.293196e-05,0
26575.0,26580.0,26577.5,6.62839e-06,3.314195e-05,0
26580.0,26585.0,26582.5,7.547226e-06,3.773613e-05,0
26585.0,26590.0,26587.5,6.61109e-06,3.305545e-05,0
26590.0,26595.0,26592.5,6.62627e-06,3.313135e-05,0
26595.0,26600.0,26597.5,8.474744e-06,4.237372e-05,0
26600.0,26605.0,26602.5,5.67646e-06,2.83823e-05,0
26605.0,26610.0,26607.5,6.701758e-06,3.350879e-05,0
26610.0,26615.0,26612.5,3.80136e-06,1.90068e-05,0
26615.0,26620.0,26617.5,4.714532e-06,2.357266e-05,0
26620.0,26625.0,26622.5,7.637208e-06,3.818604e-05,0
26625.0,26630.0,26627.5,6.65468e-06,3.32734e-05,0
26630.0,26635.0,26632.5,5.734812e-06,2.867406e-05,0
26635.0,26640.0,26637.5,8.529478e-06,4.264739e-05,0
26640.0,26645.0,26642.5,3.761736e-06,1.880868e-05,0
26645.0,26650.0,26647.5,6.547396e-06,3.273698e-05,0
26650.0,26655.0,26652.5,3.86983e-06,1.934915e-05,0
26655.0,26660.0,26657.5,5.674684e-06,2.837342e-05,0
26660.0,26665.0,26662.5,4.719592e-06,2.359796e-05,0
26665.0,26670.0,26667.5,6.62866e-06,3.31433e-05,0
26670.0,26675.0,26672.5,7.673496e-06,3.836748e-05,0
26675.0,26680.0,26677.5,5.60852e-06,2.80426e-05,0
26680.0,26685.0,26682.5,9.65438e-07,4.82719e-06,0
26685.0,26690.0,26687.5,7.58981e-06,3.794905e-05,0
26690.0,26695.0,26692.5,7.605956e-06,3.802978e-05,0
26695.0,26700.0,26697.5,7.490684e-06,3.745342e-05,0
26700.0,26705.0,26702.5,4.820884e-06,2.410442e-05,0
26705.0,26710.0,26707.5,3.797722e-06,1.898861e-05,0
26710.0,26715.0,26712.5,7.576096e-06,3.788048e-05,0
26715.0,26720.0,26717.5,2.797122e-06,1.398561e-05,0
26720.0,26725.0,26722.5,6.650668e-06,3.325334e-05,0
26725.0,26730.0,26727.5,5.672602e-06,2.836301e-05,0
26730.0,26735.0,26732.5,2.849322e-06,1.424661e-05,0
26735.0,26740.0,26737.5,5.67753e-06,2.838765e-05,0
26740.0,26745.0,26742.5,2.861658e-06,1.430829e-05,0
26745.0,26750.0,26747.5,3.797112e-06,1.898556e-05,0
26750.0,26755.0,26752.5,4.745772e-06,2.372886e-05,0
26755.0,26760.0,26757.5,8.588608e-06,4.294304e-05,0
26760.0,26765.0,26762.5,7.544434e-06,3.772217e-05,0
26765.0,26770.0,26767.5,4.744638e-06,2.372319e-05,0
26770.0,26775.0,26772.5,3.730572e-06,1.865286e-05,0
26775.0,26780.0,26777.5,4.75702e-06,2.37851e-05,0
26780.0,26785.0,26782.5,6.659168e-06,3.329584e-05,0
26785.0,26790.0,26787.5,8.571702e-06,4.285851e-05,0
26790.0,26795.0,26792.5,8.579186e-06,4.289593e-05,0
26795.0,26800.0,26797.5,1.2351116e-05,6.175558e-05,0
26800.0,26805.0,26802.5,5.705338e-06,2.852669e-05,0
26805.0,26810.0,26807.5,9.450578e-06,4.725289e-05,0
26810.0,26815.0,26812.5,1.050076e-05,5.25038e-05,0
26815.0,26820.0,26817.5,4.716676e-06,2.358338e-05,0
26820.0,26825.0,26822.5,6.695768e-06,3.347884e-05,0
26825.0,26830.0,26827.5,4.762628e-06,2.381314e-05,0
26830.0,26835.0,26832.5,7.620452e-06,3.810226e-05,0
26835.0,26840.0,26837.5,5.635906e-06,2.817953e-05,0
26840.0,26845.0,26842.5,3.814682e-06,1.907341e-05,0
26845.0,26850.0,26847.5,1.0486e-05,5.243e-05,0
26850.0,26855.0,26852.5,4.792514e-06,2.396257e-05,0
26855.0,26860.0,26857.5,6.678048e-06,3.339024e-05,0
26860.0,26865.0,26862.5,9.455152e-06,4.727576e-05,0
26865.0,26870.0,26867.5,5.703444e-06,2.851722e-05,0
26870.0,26875.0,26872.5,2.819262e-06,1.409631e-05,0
26875.0,26880.0,26877.5,3.848424e-06,1.924212e-05,0
26880.0,26885.0,26882.5,7.59033e-06,3.795165e-05,0
26885.0,26890.0,26887.5,5.72119e-06,2.860595e-05,0
26890.0,26895.0,26892.5,3.778234e-06,1.889117e-05,0
26895.0,26900.0,26897.5,5.651166e-06,2.825583e-05,0
26900.0,26905.0,26902.5,4.764538e-06,2.382269e-05,0
26905.0,26910.0,26907.5,8.589996e-06,4.294998e-05,0
26910.0,26915.0,26912.5,1.0405438e-05,5.202719e-05,0
26915.0,26920.0,26917.5,2.835166e-06,1.417583e-05,0
26920.0,26925.0,26922.5,4.75251e-06,2.376255e-05,0
26925.0,26930.0,26927.5,1.0455834e-05,5.227917e-05,0
26930.0,26935.0,26932.5,7.529902e-06,3.764951e-05,0
26935.0,26940.0,26937.5,6.58063e-06,3.290315e-05,0
26940.0,26945.0,26942.5,9.43195e-06,4.715975e-05,0
26945.0,26950.0,26947.5,2.870792e-06,1.435396e-05,0
26950.0,26955.0,26952.5,7.54545e-06,3.772725e-05,0
26955.0,26960.0,26957.5,5.655606e-06,2.827803e-05,0
26960.0,26965.0,26962.5,6.634022e-06,3.317011e-05,0
26965.0,26970.0,26967.5,7.48285e-06,3.741425e-05,0
26970.0,26975.0,26972.5,3.7627e-06,1.88135e-05,0
26975.0,26980.0,26977.5,6.665534e-06,3.332767e-05,0
26980.0,26985.0,26982.5,6.542794e-06,3.271397e-05,0
26985.0,26990.0,26987.5,4.71111e-06,2.355555e-05,0
26990.0,26995.0,26992.5,2.87427e-06,1.437135e-05,0
26995.0,27000.0,26997.5,1.0374306e-05,5.187153e-05,0
27000.0,27005.0,27002.5,5.676416e-06,2.838208e-05,0
27005.0,27010.0,27007.5,8.559094e-06,4.279547e-05,0
27010.0,27015.0,27012.5,7.643504e-06,3.821752e-05,0
27015.0,27020.0,27017.5,2.806956e-06,1.403478e-05,0
27020.0,27025.0,27022.5,8.492886e-06,4.246443e-05,0
27025.0,27030.0,27027.5,9.431962e-06,4.715981e-05,0
27030.0,27035.0,27032.5,1.1290508e-05,5.645254e-05,0
27035.0,27040.0,27037.5,9.533028e-06,4.766514e-05,0
27040.0,27045.0,27042.5,2.859624e-06,1.429812e-05,0
27045.0,27050.0,27047.5,1.917486e-06,9.58743e-06,0
27050.0,27055.0,27052.5,2.86046e-06,1.43023e-05,0
27055.0,27060.0,27057.5,7.586354e-06,3.793177e-05,0
27060.0,27065.0,27062.5,6.636582e-06,3.318291e-05,0
27065.0,27070.0,27067.5,3.790636e-06,1.895318e-05,0
27070.0,27075.0,27072.5,7.540712e-06,3.770356e-05,0
27075.0,27080.0,27077.5,6.693102e-06,3.346551e-05,0
27080.0,27085.0,27082.5,5.715714e-06,2.857857e-05,0
27085.0,27090.0,27087.5,6.6708e-06,3.3354e-05,0
27090.0,27095.0,27092.5,4.750956e-06,2.375478e-05,0
27095.0,27100.0,27097.5,6.713494e-06,3.356747e-05,0
27100.0,27105.0,27102.5,1.3430592e-05,6.715296e-05,0
27105.0,27110.0,27107.5,7.656494e-06,3.828247e-05,0
27110.0,27115.0,27112.5,4.720262e-06,2.360131e-05,0
27115.0,27120.0,27117.5,6.647386e-06,3.323693e-05,0
27120.0,27125.0,27122.5,5.668576e-06,2.834288e-05,0
27125.0,27130.0,27127.5,6.635466e-06,3.317733e-05,0
27130.0,27135.0,27132.5,7.54947e-06,3.774735e-05,0
27135.0,27140.0,27137.5,2.813836e-06,1.406918e-05,0
27140.0,27145.0,27142.5,5.686926e-06,2.843463e-05,0
27145.0,27150.0,27147.5,1.5138206e-05,7.569103e-05,0
27150.0,27155.0,27152.5,5.730398e-06,2.865199e-05,0
27155.0,27160.0,27157.5,1.139337e-05,5.696685e-05,0
27160.0,27165.0,27162.5,8.53701e-06,4.268505e-05,0
27165.0,27170.0,27167.5,6.667636e-06,3.333818e-05,0
27170.0,27175.0,27172.5,5.651582e-06,2.825791e-05,0
27175.0,27180.0,27177.5,4.708812e-06,2.354406e-05,0
27180.0,27185.0,27182.5,6.607906e-06,3.303953e-05,0
27185.0,27190.0,27187.5,7.519156e-06,3.759578e-05,0
27190.0,27195.0,27192.5,5.68351e-06,2.841755e-05,0
27195.0,27200.0,27197.5,4.725268e-06,2.362634e-05,0
27200.0,27205.0,27202.5,1.1430884e-05,5.715442e-05,0
27205.0,27210.0,27207.5,6.684586e-06,3.342293e-05,0
27210.0,27215.0,27212.5,3.797264e-06,1.898632e-05,0
27215.0,27220.0,27217.5,5.649578e-06,2.824789e-05,0
27220.0,27225.0,27222.5,6.602858e-06,3.301429e-05,0
27225.0,27230.0,27227.5,1.1393856e-05,5.696928e-05,0
27230.0,27235.0,27232.5,4.717782e-06,2.358891e-05,0
27235.0,27240.0,27237.5,3.835018e-06,1.917509e-05,0
27240.0,27245.0,27242.5,6.604408e-06,3.302204e-05,0
27245.0,27250.0,27247.5,6.70144e-06,3.35072e-05,0
27250.0,27255.0,27252.5,6.5905e-06,3.29525e-05,0
27255.0,27260.0,27257.5,7.567112e-06,3.783556e-05,0
27260.0,27265.0,27262.5,4.763714e-06,2.381857e-05,0
27265.0,27270.0,27267.5,4.765586e-06,2.382793e-05,0
27270.0,27275.0,27272.5,4.815914e-06,2.407957e-05,0
27275.0,27280.0,27277.5,5.723544e-06,2.861772e-05,0
27280.0,27285.0,27282.5,7.600172e-06,3.800086e-05,0
27285.0,27290.0,27287.5,5.782552e-06,2.891276e-05,0
27290.0,27295.0,27292.5,1.907652e-06,9.53826e-06,0
27295.0,27300.0,27297.5,6.56855e-06,3.284275e-05,0
27300.0,27305.0,27302.5,4.80608e-06,2.40304e-05,0
27305.0,27310.0,27307.5,4.707848e-06,2.353924e-05,0
27310.0,27315.0,27312.5,7.53901e-06,3.769505e-05,0
27315.0,27320.0,27317.5,4.714298e-06,2.357149e-05,0
27320.0,27325.0,27322.5,2.87427e-06,1.437135e-05,0
27325.0,27330.0,27327.5,7.561884e-06,3.780942e-05,0
27330.0,27335.0,27332.5,6.695358e-06,3.347679e-05,0
27335.0,27340.0,27337.5,6.67188e-06,3.33594e-05,0
27340.0,27345.0,27342.5,5.756816e-06,2.878408e-05,0
27345.0,27350.0,27347.5,4.723384e-06,2.361692e-05,0
27350.0,27355.0,27352.5,3.779434e-06,1.889717e-05,0
27355.0,27360.0,27357.5,3.762546e-06,1.881273e-05,0
27360.0,27365.0,27362.5,3.76219e-06,1.881095e-05,0
27365.0,27370.0,27367.5,6.594216e-06,3.297108e-05,0
27370.0,27375.0,27372.5,5.628438e-06,2.814219e-05,0
27375.0,27380.0,27377.5,3.797264e-06,1.898632e-05,0
27380.0,27385.0,27382.5,9.31836e-07,4.65918e-06,0
27385.0,27390.0,27387.5,6.619734e-06,3.309867e-05,0
27390.0,27395.0,27392.5,1.0449568e-05,5.224784e-05,0
27395.0,27400.0,27397.5,3.766794e-06,1.883397e-05,0
27400.0,27405.0,27402.5,2.87323e-06,1.436615e-05,0
27405.0,27410.0,27407.5,3.758618e-06,1.879309e-05,0
27410.0,27415.0,27412.5,9.438706e-06,4.719353e-05,0
27415.0,27420.0,27417.5,4.749236e-06,2.374618e-05,0
27420.0,27425.0,27422.5,8.497218e-06,4.248609e-05,0
27425.0,27430.0,27427.5,6.671318e-06,3.335659e-05,0
27430.0,27435.0,27432.5,3.848502e-06,1.924251e-05,0
27435.0,27440.0,27437.5,6.639606e-06,3.319803e-05,0
27440.0,27445.0,27442.5,5.671532e-06,2.835766e-05,0
27445.0,27450.0,27447.5,5.76908e-06,2.88454e-05,0
27450.0,27455.0,27452.5,5.701428e-06,2.850714e-05,0
27455.0,27460.0,27457.5,4.671292e-06,2.335646e-05,0
27460.0,27465.0,27462.5,1.89608e-06,9.4804e-06,0
27465.0,27470.0,27467.5,4.698014e-06,2.349007e-05,0
27470.0,27475.0,27472.5,4.713708e-06,2.356854e-05,0
27475.0,27480.0,27477.5,7.605656e-06,3.802828e-05,0
27480.0,27485.0,27482.5,5.692492e-06,2.846246e-05,0
27485.0,27490.0,27487.5,9.44904e-06,4.72452e-05,0
27490.0,27495.0,27492.5,8.479342e-06,4.239671e-05,0
27495.0,27500.0,27497.5,3.804912e-06,1.902456e-05,0
27500.0,27505.0,27502.5,2.831534e-06,1.415767e-05,0
27505.0,27510.0,27507.5,3.78911e-06,1.894555e-05,0
27510.0,27515.0,27512.5,5.707636e-06,2.853818e-05,0
27515.0,27520.0,27517.5,4.719114e-06,2.359557e-05,0
27520.0,27525.0,27522.5,8.552916e-06,4.276458e-05,0
27525.0,27530.0,27527.5,7.632858e-06,3.816429e-05,0
27530.0,27535.0,27532.5,2.827916e-06,1.413958e-05,0
27535.0,27540.0,27537.5,6.664382e-06,3.332191e-05,0
27540.0,27545.0,27542.5,7.609904e-06,3.804952e-05,0
27545.0,27550.0,27547.5,6.63702e-06,3.31851e-05,0
27550.0,27555.0,27552.5,5.663244e-06,2.831622e-05,0
27555.0,27560.0,27557.5,8.552452e-06,4.276226e-05,0
27560.0,27565.0,27562.5,4.743998e-06,2.371999e-05,0
27565.0,27570.0,27567.5,5.740156e-06,2.870078e-05,0
27570.0,27575.0,27572.5,1.866466e-06,9.33233e-06,0
27575.0,27580.0,27577.5,7.52782e-06,3.76391e-05,0
27580.0,27585.0,27582.5,8.530764e-06,4.265382e-05,0
27585.0,27590.0,27587.5,9.482638e-06,4.741319e-05,0
27590.0,27595.0,27592.5,3.80696e-06,1.90348e-05,0
27595.0,27600.0,27597.5,7.60138e-06,3.80069e-05,0
27600.0,27605.0,27602.5,6.632032e-06,3.316016e-05,0
27605.0,27610.0,27607.5,4.707848e-06,2.353924e-05,0
27610.0,27615.0,27612.5,8.463138e-06,4.231569e-05,0
27615.0,27620.0,27617.5,7.628384e-06,3.814192e-05,0
27620.0,27625.0,27622.5,5.651166e-06,2.825583e-05,0
27625.0,27630.0,27627.5,4.723524e-06,2.361762e-05,0
27630.0,27635.0,27632.5,5.690906e-06,2.845453e-05,0
27635.0,27640.0,27637.5,1.93405e-06,9.67025e-06,0
27640.0,27645.0,27642.5,6.58867e-06,3.294335e-05,0
27645.0,27650.0,27647.5,8.604254e-06,4.302127e-05,0
27650.0,27655.0,27652.5,5.70363e-06,2.851815e-05,0
27655.0,27660.0,27657.5,3.855168e-06,1.927584e-05,0
27660.0,27665.0,27662.5,5.686852e-06,2.843426e-05,0
27665.0,27670.0,27667.5,4.686986e-06,2.343493e-05,0
27670.0,27675.0,27672.5,5.701548e-06,2.850774e-05,0
27675.0,27680.0,27677.5,7.547756e-06,3.773878e-05,0
27680.0,27685.0,27682.5,7.594882e-06,3.797441e-05,0
27685.0,27690.0,27687.5,8.533764e-06,4.266882e-05,0
27690.0,27695.0,27692.5,5.64211e-06,2.821055e-05,0
27695.0,27700.0,27697.5,1.887426e-06,9.43713e-06,0
27700.0,27705.0,27702.5,3.848564e-06,1.924282e-05,0
27705.0,27710.0,27707.5,4.731548e-06,2.365774e-05,0
27710.0,27715.0,27712.5,6.688686e-06,3.344343e-05,0
27715.0,27720.0,27717.5,4.719592e-06,2.359796e-05,0
27720.0,27725.0,27722.5,6.659216e-06,3.329608e-05,0
27725.0,27730.0,27727.5,5.677152e-06,2.838576e-05,0
27730.0,27735.0,27732.5,5.650126e-06,2.825063e-05,0
27735.0,27740.0,27737.5,6.63584e-06,3.31792e-05,0
27740.0,27745.0,27742.5,1.900892e-06,9.50446e-06,0
27745.0,27750.0,27747.5,8.459144e-06,4.229572e-05,0
27750.0,27755.0,27752.5,4.72491e-06,2.362455e-05,0
27755.0,27760.0,27757.5,5.750002e-06,2.875001e-05,0
27760.0,27765.0,27762.5,1.042038e-05,5.21019e-05,0
27765.0,27770.0,27767.5,9.527524e-06,4.763762e-05,0
27770.0,27775.0,27772.5,3.796898e-06,1.898449e-05,0
27775.0,27780.0,27777.5,5.751172e-06,2.875586e-05,0
27780.0,27785.0,27782.5,7.469228e-06,3.734614e-05,0
27785.0,27790.0,27787.5,4.768156e-06,2.384078e-05,0
27790.0,27795.0,27792.5,3.789022e-06,1.894511e-05,0
27795.0,27800.0,27797.5,8.521192e-06,4.260596e-05,0
27800.0,27805.0,27802.5,8.598176e-06,4.299088e-05,0
27805.0,27810.0,27807.5,4.811904e-06,2.405952e-05,0
27810.0,27815.0,27812.5,6.61773e-06,3.308865e-05,0
27815.0,27820.0,27817.5,5.669756e-06,2.834878e-05,0
27820.0,27825.0,27822.5,5.68923e-06,2.844615e-05,0
27825.0,27830.0,27827.5,5.790418e-06,2.895209e-05,0
27830.0,27835.0,27832.5,3.800516e-06,1.900258e-05,0
27835.0,27840.0,27837.5,5.748126e-06,2.874063e-05,0
27840.0,27845.0,27842.5,6.709352e-06,3.354676e-05,0
27845.0,27850.0,27847.5,4.774672e-06,2.387336e-05,0
27850.0,27855.0,27852.5,4.663588e-06,2.331794e-05,0
27855.0,27860.0,27857.5,9.516594e-06,4.758297e-05,0
27860.0,27865.0,27862.5,5.69597e-06,2.847985e-05,0
27865.0,27870.0,27867.5,1.0432718e-05,5.216359e-05,0
27870.0,27875.0,27872.5,3.797112e-06,1.898556e-05,0
27875.0,27880.0,27877.5,3.791472e-06,1.895736e-05,0
27880.0,27885.0,27882.5,9.443968e-06,4.721984e-05,0
27885.0,27890.0,27887.5,1.882984e-06,9.41492e-06,0
27890.0,27895.0,27892.5,9.492404e-06,4.746202e-05,0
27895.0,27900.0,27897.5,8.485468e-06,4.242734e-05,0
27900.0,27905.0,27902.5,6.617318e-06,3.308659e-05,0
27905.0,27910.0,27907.5,5.659106e-06,2.829553e-05,0
27910.0,27915.0,27912.5,4.760516e-06,2.380258e-05,0
27915.0,27920.0,27917.5,1.5109644e-05,7.554822e-05,0
27920.0,27925.0,27922.5,6.664562e-06,3.332281e-05,0
27925.0,27930.0,27927.5,6.62512e-06,3.31256e-05,0
27930.0,27935.0,27932.5,3.821432e-06,1.910716e-05,0
27935.0,27940.0,27937.5,4.716644e-06,2.358322e-05,0
27940.0,27945.0,27942.5,5.743654e-06,2.871827e-05,0
27945.0,27950.0,27947.5,3.856348e-06,1.928174e-05,0
27950.0,27955.0,27952.5,7.529752e-06,3.764876e-05,0
27955.0,27960.0,27957.5,4.730434e-06,2.365217e-05,0
27960.0,27965.0,27962.5,8.514914e-06,4.257457e-05,0
27965.0,27970.0,27967.5,7.66621e-06,3.833105e-05,0
27970.0,27975.0,27972.5,8.517716e-06,4.258858e-05,0
27975.0,27980.0,27977.5,4.715852e-06,2.357926e-05,0
27980.0,27985.0,27982.5,4.74832e-06,2.37416e-05,0
27985.0,27990.0,27987.5,7.564332e-06,3.782166e-05,0
27990.0,27995.0,27992.5,5.687208e-06,2.843604e-05,0
27995.0,28000.0,27997.5,5.641298e-06,2.820649e-05,0
28000.0,28005.0,28002.5,2.83232e-06,1.41616e-05,0
28005.0,28010.0,28007.5,2.904252e-06,1.452126e-05,0
28010.0,28015.0,28012.5,5.616816e-06,2.808408e-05,0
28015.0,28020.0,28017.5,2.851806e-06,1.425903e-05,0
28020.0,28025.0,28022.5,5.74895e-06,2.874475e-05,0
28025.0,28030.0,28027.5,5.637e-06,2.8185e-05,0
28030.0,28035.0,28032.5,5.683448e-06,2.841724e-05,0
28035.0,28040.0,28037.5,4.749454e-06,2.374727e-05,0
28040.0,28045.0,28042.5,7.58293e-06,3.791465e-05,0
28045.0,28050.0,28047.5,2.886024e-06,1.443012e-05,0
28050.0,28055.0,28052.5,8.581696e-06,4.290848e-05,0
28055.0,28060.0,28057.5,7.604794e-06,3.802397e-05,0
28060.0,28065.0,28062.5,6.624218e-06,3.312109e-05,0
28065.0,28070.0,28067.5,3.838806e-06,1.919403e-05,0
28070.0,28075.0,28072.5,5.706954e-06,2.853477e-05,0
28075.0,28080.0,28077.5,1.033783e-05,5.168915e-05,0
28080.0,28085.0,28082.5,6.546412e-06,3.273206e-05,0
28085.0,28090.0,28087.5,5.765824e-06,2.882912e-05,0
28090.0,28095.0,28092.5,4.71334e-06,2.35667e-05,0
28095.0,28100.0,28097.5,8.592564e-06,4.296282e-05,0
28100.0,28105.0,28102.5,5.769456e-06,2.884728e-05,0
28105.0,28110.0,28107.5,6.56411e-06,3.282055e-05,0
28110.0,28115.0,28112.5,1.903946e-06,9.51973e-06,0
28115.0,28120.0,28117.5,6.67876e-06,3.33938e-05,0
28120.0,28125.0,28122.5,3.758618e-06,1.879309e-05,0
28125.0,28130.0,28127.5,7.597284e-06,3.798642e-05,0
28130.0,28135.0,28132.5,1.886246e-06,9.43123e-06,0
28135.0,28140.0,28137.5,8.601762e-06,4.300881e-05,0
28140.0,28145.0,28142.5,5.642738e-06,2.821369e-05,0
28145.0,28150.0,28147.5,5.726076e-06,2.863038e-05,0
28150.0,28155.0,28152.5,3.869368e-06,1.934684e-05,0
28155.0,28160.0,28157.5,9.553508e-06,4.776754e-05,0
28160.0,28165.0,28162.5,5.661012e-06,2.830506e-05,0
28165.0,28170.0,28167.5,1.91309e-06,9.56545e-06,0
28170.0,28175.0,28172.5,6.591802e-06,3.295901e-05,0
28175.0,28180.0,28177.5,7.53169e-06,3.765845e-05,0
28180.0,28185.0,28182.5,7.580958e-06,3.790479e-05,0
28185.0,28190.0,28187.5,4.698e-06,2.349e-05,0
28190.0,28195.0,28192.5,4.735582e-06,2.367791e-05,0
28195.0,28200.0,28197.5,4.751472e-06,2.375736e-05,0
28200.0,28205.0,28202.5,5.678918e-06,2.839459e-05,0
28205.0,28210.0,28207.5,1.92535e-06,9.62675e-06,0
28210.0,28215.0,28212.5,7.625882e-06,3.812941e-05,0
28215.0,28220.0,28217.5,6.656522e-06,3.328261e-05,0
28220.0,28225.0,28222.5,4.745694e-06,2.372847e-05,0
28225.0,28230.0,28227.5,2.818438e-06,1.409219e-05,0
28230.0,28235.0,28232.5,5.68791e-06,2.843955e-05,0
28235.0,28240.0,28237.5,7.641226e-06,3.820613e-05,0
28240.0,28245.0,28242.5,2.860804e-06,1.430402e-05,0
28245.0,28250.0,28247.5,6.658562e-06,3.329281e-05,0
28250.0,28255.0,28252.5,6.646804e-06,3.323402e-05,0
28255.0,28260.0,28257.5,9.56418e-06,4.78209e-05,0
28260.0,28265.0,28262.5,5.742734e-06,2.871367e-05,0
28265.0,28270.0,28267.5,3.796258e-06,1.898129e-05,0
28270.0,28275.0,28272.5,3.73458e-06,1.86729e-05,0
28275.0,28280.0,28277.5,5.695418e-06,2.847709e-05,0
28280.0,28285.0,28282.5,4.723542e-06,2.361771e-05,0
28285.0,28290.0,28287.5,4.788214e-06,2.394107e-05,0
28290.0,28295.0,28292.5,4.800686e-06,2.400343e-05,0
28295.0,28300.0,28297.5,4.731528e-06,2.365764e-05,0
28300.0,28305.0,28302.5,6.761064e-06,3.380532e-05,0
28305.0,28310.0,28307.5,3.750274e-06,1.875137e-05,0
28310.0,28315.0,28312.5,4.698154e-06,2.349077e-05,0
28315.0,28320.0,28317.5,1.865286e-06,9.32643e-06,0
28320.0,28325.0,28322.5,4.715834e-06,2.357917e-05,0
28325.0,28330.0,28327.5,5.63103e-06,2.815515e-05,0
28330.0,28335.0,28332.5,4.730532e-06,2.365266e-05,0
28335.0,28340.0,28337.5,4.748946e-06,2.374473e-05,0
28340.0,28345.0,28342.5,6.575864e-06,3.287932e-05,0
28345.0,28350.0,28347.5,1.870908e-06,9.35454e-06,0
28350.0,28355.0,28352.5,3.78484e-06,1.89242e-05,0
28355.0,28360.0,28357.5,4.757394e-06,2.378697e-05,0
28360.0,28365.0,28362.5,1.91309e-06,9.56545e-06,0
28365.0,28370.0,28367.5,6.748052e-06,3.374026e-05,0
28370.0,28375.0,28372.5,2.848498e-06,1.424249e-05,0
28375.0,28380.0,28377.5,3.816204e-06,1.908102e-05,0
28380.0,28385.0,28382.5,6.670438e-06,3.335219e-05,0
28385.0,28390.0,28387.5,5.663624e-06,2.831812e-05,0
28390.0,28395.0,28392.5,8.63536e-06,4.31768e-05,0
28395.0,28400.0,28397.5,1.869728e-06,9.34864e-06,0
28400.0,28405.0,28402.5,6.681258e-06,3.340629e-05,0
28405.0,28410.0,28407.5,5.68385e-06,2.841925e-05,0
28410.0,28415.0,28412.5,8.59084e-06,4.29542e-05,0
28415.0,28420.0,28417.5,9.73378e-07,4.86689e-06,0
28420.0,28425.0,28422.5,8.5632e-06,4.2816e-05,0
28425.0,28430.0,28427.5,2.848498e-06,1.424249e-05,0
28430.0,28435.0,28432.5,1.909686e-06,9.54843e-06,0
28435.0,28440.0,28437.5,5.653484e-06,2.826742e-05,0
28440.0,28445.0,28442.5,7.569082e-06,3.784541e-05,0
28445.0,28450.0,28447.5,4.7633e-06,2.38165e-05,0
28450.0,28455.0,28452.5,5.650758e-06,2.825379e-05,0
28455.0,28460.0,28457.5,2.840698e-06,1.420349e-05,0
28460.0,28465.0,28462.5,4.765954e-06,2.382977e-05,0
28465.0,28470.0,28467.5,3.797482e-06,1.898741e-05,0
28470.0,28475.0,28472.5,2.831688e-06,1.415844e-05,0
28475.0,28480.0,28477.5,1.938816e-06,9.69408e-06,0
28480.0,28485.0,28482.5,7.535544e-06,3.767772e-05,0
28485.0,28490.0,28487.5,6.735652e-06,3.367826e-05,0
28490.0,28495.0,28492.5,3.784776e-06,1.892388e-05,0
28495.0,28500.0,28497.5,8.518228e-06,4.259114e-05,0
28500.0,28505.0,28502.5,2.831904e-06,1.415952e-05,0
28505.0,28510.0,28507.5,1.868548e-06,9.34274e-06,0
28510.0,28515.0,28512.5,7.638262e-06,3.819131e-05,0
28515.0,28520.0,28517.5,5.688266e-06,2.844133e-05,0
28520.0,28525.0,28522.5,4.750214e-06,2.375107e-05,0
28525.0,28530.0,28527.5,3.84864e-06,1.92432e-05,0
28530.0,28535.0,28532.5,6.646866e-06,3.323433e-05,0
28535.0,28540.0,28537.5,9.520964e-06,4.760482e-05,0
28540.0,28545.0,28542.5,7.627366e-06,3.813683e-05,0
28545.0,28550.0,28547.5,4.779342e-06,2.389671e-05,0
28550.0,28555.0,28552.5,5.689058e-06,2.844529e-05,0
28555.0,28560.0,28557.5,3.787214e-06,1.893607e-05,0
28560.0,28565.0,28562.5,7.493148e-06,3.746574e-05,0
28565.0,28570.0,28567.5,6.636816e-06,3.318408e-05,0
28570.0,28575.0,28572.5,6.645238e-06,3.322619e-05,0
28575.0,28580.0,28577.5,5.608876e-06,2.804438e-05,0
28580.0,28585.0,28582.5,9.497828e-06,4.748914e-05,0
28585.0,28590.0,28587.5,3.77062e-06,1.88531e-05,0
28590.0,28595.0,28592.5,5.645544e-06,2.822772e-05,0
28595.0,28600.0,28597.5,5.68477e-06,2.842385e-05,0
28600.0,28605.0,28602.5,3.782836e-06,1.891418e-05,0
28605.0,28610.0,28607.5,4.783416e-06,2.391708e-05,0
28610.0,28615.0,28612.5,6.655926e-06,3.327963e-05,0
28615.0,28620.0,28617.5,2.870792e-06,1.435396e-05,0
28620.0,28625.0,28622.5,9.388374e-06,4.694187e-05,0
28625.0,28630.0,28627.5,9.44108e-07,4.72054e-06,0
28630.0,28635.0,28632.5,6.619182e-06,3.309591e-05,0
28635.0,28640.0,28637.5,6.611122e-06,3.305561e-05,0
28640.0,28645.0,28642.5,5.720038e-06,2.860019e-05,0
28645.0,28650.0,28647.5,6.663322e-06,3.331661e-05,0
28650.0,28655.0,28652.5,7.612012e-06,3.806006e-05,0
28655.0,28660.0,28657.5,5.729962e-06,2.864981e-05,0
28660.0,28665.0,28662.5,2.848544e-06,1.424272e-05,0
28665.0,28670.0,28667.5,4.741234e-06,2.370617e-05,0
28670.0,28675.0,28672.5,5.751388e-06,2.875694e-05,0
28675.0,28680.0,28677.5,5.650778e-06,2.825389e-05,0
28680.0,28685.0,28682.5,4.695352e-06,2.347676e-05,0
28685.0,28690.0,28687.5,2.82288e-06,1.41144e-05,0
28690.0,28695.0,28692.5,3.812802e-06,1.906401e-05,0
28695.0,28700.0,28697.5,5.650108e-06,2.825054e-05,0
28700.0,28705.0,28702.5,3.783952e-06,1.891976e-05,0
28705.0,28710.0,28707.5,7.573106e-06,3.786553e-05,0
28710.0,28715.0,28712.5,5.68699e-06,2.843495e-05,0
28715.0,28720.0,28717.5,3.865046e-06,1.932523e-05,0
28720.0,28725.0,28722.5,6.645594e-06,3.322797e-05,0
28725.0,28730.0,28727.5,5.719542e-06,2.859771e-05,0
28730.0,28735.0,28732.5,6.713544e-06,3.356772e-05,0
28735.0,28740.0,28737.5,2.80778e-06,1.40389e-05,0
28740.0,28745.0,28742.5,1.2251832e-05,6.125916e-05,0
28745.0,28750.0,28747.5,6.607116e-06,3.303558e-05,0
28750.0,28755.0,28752.5,2.831534e-06,1.415767e-05,0
28755.0,28760.0,28757.5,7.571102e-06,3.785551e-05,0
28760.0,28765.0,28762.5,4.729176e-06,2.364588e-05,0
28765.0,28770.0,28767.5,5.680444e-06,2.840222e-05,0
28770.0,28775.0,28772.5,6.679932e-06,3.339966e-05,0
28775.0,28780.0,28777.5,5.68334e-06,2.84167e-05,0
28780.0,28785.0,28782.5,4.716644e-06,2.358322e-05,0
28785.0,28790.0,28787.5,8.468144e-06,4.234072e-05,0
28790.0,28795.0,28792.5,2.79956e-06,1.39978e-05,0
28795.0,28800.0,28797.5,1.955456e-06,9.77728e-06,0
28800.0,28805.0,28802.5,7.554376e-06,3.777188e-05,0
28805.0,28810.0,28807.5,6.627974e-06,3.313987e-05,0
28810.0,28815.0,28812.5,8.578378e-06,4.289189e-05,0
28815.0,28820.0,28817.5,6.645582e-06,3.322791e-05,0
28820.0,28825.0,28822.5,1.865286e-06,9.32643e-06,0
28825.0,28830.0,28827.5,3.7847e-06,1.89235e-05,0
28830.0,28835.0,28832.5,8.625796e-06,4.312898e-05,0
28835.0,28840.0,28837.5,1.0466352e-05,5.233176e-05,0
28840.0,28845.0,28842.5,3.802598e-06,1.901299e-05,0
28845.0,28850.0,28847.5,4.75328e-06,2.37664e-05,0
28850.0,28855.0,28852.5,6.634824e-06,3.317412e-05,0
28855.0,28860.0,28857.5,1.863672e-06,9.31836e-06,0
28860.0,28865.0,28862.5,9.82078e-07,4.91039e-06,0
28865.0,28870.0,28867.5,5.688342e-06,2.844171e-05,0
28870.0,28875.0,28872.5,7.666962e-06,3.833481e-05,0
28875.0,28880.0,28877.5,3.758332e-06,1.879166e-05,0
28880.0,28885.0,28882.5,5.70234e-06,2.85117e-05,0
28885.0,28890.0,28887.5,2.86164e-06,1.43082e-05,0
28895.0,28900.0,28897.5,3.788198e-06,1.894099e-05,0
28900.0,28905.0,28902.5,3.804102e-06,1.902051e-05,0
28905.0,28910.0,28907.5,4.766798e-06,2.383399e-05,0
28910.0,28915.0,28912.5,3.750274e-06,1.875137e-05,0
28915.0,28920.0,28917.5,4.791238e-06,2.395619e-05,0
28920.0,28925.0,28922.5,9.44108e-07,4.72054e-06,0
28925.0,28930.0,28927.5,3.759438e-06,1.879719e-05,0
28930.0,28935.0,28932.5,6.627254e-06,3.313627e-05,0
28935.0,28940.0,28937.5,5.705804e-06,2.852902e-05,0
28940.0,28945.0,28942.5,6.55951e-06,3.279755e-05,0
28945.0,28950.0,28947.5,1.0343638e-05,5.171819e-05,0
28950.0,28955.0,28952.5,3.761736e-06,1.880868e-05,0
28955.0,28960.0,28957.5,3.735014e-06,1.867507e-05,0
28960.0,28965.0,28962.5,8.626762e-06,4.313381e-05,0
28965.0,28970.0,28967.5,2.845e-06,1.4225e-05,0
28970.0,28975.0,28972.5,5.720594e-06,2.860297e-05,0
28975.0,28980.0,28977.5,6.60991e-06,3.304955e-05,0
28980.0,28985.0,28982.5,3.827034e-06,1.913517e-05,0
28985.0,28990.0,28987.5,1.926186e-06,9.63093e-06,0
28990.0,28995.0,28992.5,1.875944e-06,9.37972e-06,0
28995.0,29000.0,28997.5,2.797122e-06,1.398561e-05,0
29000.0,29005.0,29002.5,6.569516e-06,3.284758e-05,0
29005.0,29010.0,29007.5,3.8218e-06,1.9109e-05,0
29010.0,29015.0,29012.5,4.833612e-06,2.416806e-05,0
29015.0,29020.0,29017.5,5.659074e-06,2.829537e-05,0
29020.0,29025.0,29022.5,4.675504e-06,2.337752e-05,0
29025.0,29030.0,29027.5,7.703364e-06,3.851682e-05,0
29030.0,29035.0,29032.5,6.54523e-06,3.272615e-05,0
29035.0,29040.0,29037.5,7.573854e-06,3.786927e-05,0
29040.0,29045.0,29042.5,6.669976e-06,3.334988e-05,0
29045.0,29050.0,29047.5,3.818424e-06,1.909212e-05,0
29050.0,29055.0,29052.5,3.729774e-06,1.864887e-05,0
29055.0,29060.0,29057.5,6.594604e-06,3.297302e-05,0
29060.0,29065.0,29062.5,3.792898e-06,1.896449e-05,0
29065.0,29070.0,29067.5,2.810218e-06,1.405109e-05,0
29070.0,29075.0,29072.5,8.457064e-06,4.228532e-05,0
29075.0,29080.0,29077.5,4.74821e-06,2.374105e-05,0
29080.0,29085.0,29082.5,4.74832e-06,2.37416e-05,0
29085.0,29090.0,29087.5,6.62866e-06,3.31433e-05,0
29090.0,29095.0,29092.5,2.904252e-06,1.452126e-05,0
29095.0,29100.0,29097.5,6.636474e-06,3.318237e-05,0
29100.0,29105.0,29102.5,4.680302e-06,2.340151e-05,0
29105.0,29110.0,29107.5,3.796972e-06,1.898486e-05,0
29110.0,29115.0,29112.5,4.804702e-06,2.402351e-05,0
29115.0,29120.0,29117.5,3.766594e-06,1.883297e-05,0
29120.0,29125.0,29122.5,7.59268e-06,3.79634e-05,0
29125.0,29130.0,29127.5,6.625086e-06,3.312543e-05,0
29130.0,29135.0,29132.5,6.584248e-06,3.292124e-05,0
29135.0,29140.0,29137.5,4.660786e-06,2.330393e-05,0
29140.0,29145.0,29142.5,7.559306e-06,3.779653e-05,0
29145.0,29150.0,29147.5,4.751472e-06,2.375736e-05,0
29150.0,29155.0,29152.5,3.80696e-06,1.90348e-05,0
29155.0,29160.0,29157.5,3.775938e-06,1.887969e-05,0
29160.0,29165.0,29162.5,2.929732e-06,1.464866e-05,0
29165.0,29170.0,29167.5,6.54315e-06,3.271575e-05,0
29170.0,29175.0,29172.5,3.761876e-06,1.880938e-05,0
29175.0,29180.0,29177.5,8.502572e-06,4.251286e-05,0
29180.0,29185.0,29182.5,6.639134e-06,3.319567e-05,0
29185.0,29190.0,29187.5,4.769356e-06,2.384678e-05,0
29190.0,29195.0,29192.5,2.840698e-06,1.420349e-05,0
29195.0,29200.0,29197.5,5.64598e-06,2.82299e-05,0
29200.0,29205.0,29202.5,5.668172e-06,2.834086e-05,0
29205.0,29210.0,29207.5,4.694752e-06,2.347376e-05,0
29210.0,29215.0,29212.5,6.65405e-06,3.327025e-05,0
29215.0,29220.0,29217.5,2.796298e-06,1.398149e-05,0
29220.0,29225.0,29222.5,5.713646e-06,2.856823e-05,0
29225.0,29230.0,29227.5,3.810578e-06,1.905289e-05,0
29230.0,29235.0,29232.5,3.805628e-06,1.902814e-05,0
29235.0,29240.0,29237.5,6.651322e-06,3.325661e-05,0
29240.0,29245.0,29242.5,3.771236e-06,1.885618e-05,0
29245.0,29250.0,29247.5,3.827034e-06,1.913517e-05,0
29250.0,29255.0,29252.5,7.542382e-06,3.771191e-05,0
29255.0,29260.0,29257.5,2.857198e-06,1.428599e-05,0
29260.0,29265.0,29262.5,1.86611e-06,9.33055e-06,0
29265.0,29270.0,29267.5,9.31012e-07,4.65506e-06,0
29270.0,29275.0,29272.5,1.0427018e-05,5.213509e-05,0
29275.0,29280.0,29277.5,4.791958e-06,2.395979e-05,0
29280.0,29285.0,29282.5,2.848422e-06,1.424211e-05,0
29285.0,29290.0,29287.5,3.740406e-06,1.870203e-05,0
29290.0,29295.0,29292.5,5.68011e-06,2.840055e-05,0
29295.0,29300.0,29297.5,3.74123e-06,1.870615e-05,0
29300.0,29305.0,29302.5,2.834126e-06,1.417063e-05,0
29305.0,29310.0,29307.5,6.668308e-06,3.334154e-05,0
29310.0,29315.0,29312.5,6.576322e-06,3.288161e-05,0
29315.0,29320.0,29317.5,7.6077e-06,3.80385e-05,0
29320.0,29325.0,29322.5,3.805282e-06,1.902641e-05,0
29325.0,29330.0,29327.5,9.65578e-07,4.82789e-06,0
29330.0,29335.0,29332.5,4.769216e-06,2.384608e-05,0
29335.0,29340.0,29337.5,9.511228e-06,4.755614e-05,0
29340.0,29345.0,29342.5,2.797478e-06,1.398739e-05,0
29345.0,29350.0,29347.5,5.71135e-06,2.855675e-05,0
29350.0,29355.0,29352.5,6.679128e-06,3.339564e-05,0
29355.0,29360.0,29357.5,3.87853e-06,1.939265e-05,0
29360.0,29365.0,29362.5,4.764774e-06,2.382387e-05,0
29365.0,29370.0,29367.5,3.861428e-06,1.930714e-05,0
29370.0,29375.0,29372.5,2.849322e-06,1.424661e-05,0
29375.0,29380.0,29377.5,3.817384e-06,1.908692e-05,0
29380.0,29385.0,29382.5,5.660722e-06,2.830361e-05,0
29385.0,29390.0,29387.5,3.787756e-06,1.893878e-05,0
29390.0,29395.0,29392.5,8.654934e-06,4.327467e-05,0
29395.0,29400.0,29397.5,3.730954e-06,1.865477e-05,0
29400.0,29405.0,29402.5,5.664188e-06,2.832094e-05,0
29405.0,29410.0,29407.5,3.773218e-06,1.886609e-05,0
29410.0,29415.0,29412.5,4.743444e-06,2.371722e-05,0
29415.0,29420.0,29417.5,2.861518e-06,1.430759e-05,0
29420.0,29425.0,29422.5,9.31012e-07,4.65506e-06,0
29425.0,29430.0,29427.5,3.847788e-06,1.923894e-05,0
29430.0,29435.0,29432.5,4.684548e-06,2.342274e-05,0
29435.0,29440.0,29437.5,1.900892e-06,9.50446e-06,0
29440.0,29445.0,29442.5,4.716536e-06,2.358268e-05,0
29445.0,29450.0,29447.5,3.779556e-06,1.889778e-05,0
29450.0,29455.0,29452.5,7.638554e-06,3.819277e-05,0
29455.0,29460.0,29457.5,9.65578e-07,4.82789e-06,0
29460.0,29465.0,29462.5,6.62254e-06,3.31127e-05,0
29465.0,29470.0,29467.5,7.53029e-06,3.765145e-05,0
29470.0,29475.0,29472.5,4.791756e-06,2.395878e-05,0
29475.0,29480.0,29477.5,3.835018e-06,1.917509e-05,0
29480.0,29485.0,29482.5,5.705272e-06,2.852636e-05,0
29485.0,29490.0,29487.5,2.830354e-06,1.415177e-05,0
29490.0,29495.0,29492.5,1.909546e-06,9.54773e-06,0
29495.0,29500.0,29497.5,5.729984e-06,2.864992e-05,0
29500.0,29505.0,29502.5,7.618332e-06,3.809166e-05,0
29505.0,29510.0,29507.5,5.6612e-06,2.8306e-05,0
29510.0,29515.0,29512.5,3.782772e-06,1.891386e-05,0
29515.0,29520.0,29517.5,7.545552e-06,3.772776e-05,0
29520.0,29525.0,29522.5,3.771202e-06,1.885601e-05,0
29525.0,29530.0,29527.5,3.822764e-06,1.911382e-05,0
29530.0,29535.0,29532.5,1.886246e-06,9.43123e-06,0
29535.0,29540.0,29537.5,3.848564e-06,1.924282e-05,0
29540.0,29545.0,29542.5,3.799336e-06,1.899668e-05,0
29545.0,29550.0,29547.5,7.583442e-06,3.791721e-05,0
29550.0,29555.0,29552.5,5.626364e-06,2.813182e-05,0
29555.0,29560.0,29557.5,2.848544e-06,1.424272e-05,0
29560.0,29565.0,29562.5,3.795914e-06,1.897957e-05,0
29565.0,29570.0,29567.5,9.51972e-07,4.75986e-06,0
29570.0,29575.0,29572.5,5.714894e-06,2.857447e-05,0
29575.0,29580.0,29577.5,3.835264e-06,1.917632e-05,0
29580.0,29585.0,29582.5,5.606744e-06,2.803372e-05,0
29585.0,29590.0,29587.5,2.819262e-06,1.409631e-05,0
29590.0,29595.0,29592.5,4.732566e-06,2.366283e-05,0
29595.0,29600.0,29597.5,2.87309e-06,1.436545e-05,0
29600.0,29605.0,29602.5,2.817258e-06,1.408629e-05,0
29605.0,29610.0,29607.5,1.947656e-06,9.73828e-06,0
29610.0,29615.0,29612.5,5.692708e-06,2.846354e-05,0
29615.0,29620.0,29617.5,4.736078e-06,2.368039e-05,0
29620.0,29625.0,29622.5,4.714654e-06,2.357327e-05,0
29625.0,29630.0,29627.5,3.797094e-06,1.898547e-05,0
29630.0,29635.0,29632.5,1.882984e-06,9.41492e-06,0
29635.0,29640.0,29637.5,3.813612e-06,1.906806e-05,0
29640.0,29645.0,29642.5,3.767358e-06,1.883679e-05,0
29645.0,29650.0,29647.5,2.806956e-06,1.403478e-05,0
29650.0,29655.0,29652.5,3.89517e-06,1.947585e-05,0
29655.0,29660.0,29657.5,2.827092e-06,1.413546e-05,0
29660.0,29665.0,29662.5,7.596534e-06,3.798267e-05,0
29665.0,29670.0,29667.5,6.54361e-06,3.271805e-05,0
29670.0,29675.0,29672.5,5.66434e-06,2.83217e-05,0
29675.0,29680.0,29677.5,6.592604e-06,3.296302e-05,0
29680.0,29685.0,29682.5,2.84514e-06,1.42257e-05,0
29685.0,29690.0,29687.5,4.766872e-06,2.383436e-05,0
29690.0,29695.0,29692.5,4.691428e-06,2.345714e-05,0
29695.0,29700.0,29697.5,1.938816e-06,9.69408e-06,0
29700.0,29705.0,29702.5,3.787138e-06,1.893569e-05,0
29705.0,29710.0,29707.5,1.90439e-06,9.52195e-06,0
29710.0,29715.0,29712.5,9.34274e-07,4.67137e-06,0
29715.0,29720.0,29717.5,2.844102e-06,1.422051e-05,0
29720.0,29725.0,29722.5,7.596058e-06,3.798029e-05,0
29725.0,29730.0,29727.5,4.762918e-06,2.381459e-05,0
29730.0,29735.0,29732.5,5.657102e-06,2.828551e-05,0
29735.0,29740.0,29737.5,6.704722e-06,3.352361e-05,0
29740.0,29745.0,29742.5,2.835402e-06,1.417701e-05,0
29745.0,29750.0,29747.5,9.65438e-07,4.82719e-06,0
29750.0,29755.0,29752.5,6.62896e-06,3.31448e-05,0
29755.0,29760.0,29757.5,3.737018e-06,1.868509e-05,0
29760.0,29765.0,29762.5,6.61137e-06,3.305685e-05,0
29765.0,29770.0,29767.5,4.714654e-06,2.357327e-05,0
29770.0,29775.0,29772.5,6.612e-06,3.306e-05,0
29775.0,29780.0,29777.5,4.743444e-06,2.371722e-05,0
29780.0,29785.0,29782.5,3.834896e-06,1.917448e-05,0
29785.0,29790.0,29787.5,1.888218e-06,9.44109e-06,0
29790.0,29795.0,29792.5,2.848188e-06,1.424094e-05,0
29795.0,29800.0,29797.5,4.73104e-06,2.36552e-05,0
29800.0,29805.0,29802.5,5.63782e-06,2.81891e-05,0
29805.0,29810.0,29807.5,1.865286e-06,9.32643e-06,0
29810.0,29815.0,29812.5,6.579818e-06,3.289909e-05,0
29815.0,29820.0,29817.5,4.76917e-06,2.384585e-05,0
29820.0,29825.0,29822.5,4.70433e-06,2.352165e-05,0
29825.0,29830.0,29827.5,6.611438e-06,3.305719e-05,0
29830.0,29835.0,29832.5,2.828286e-06,1.414143e-05,0
29835.0,29840.0,29837.5,3.814962e-06,1.907481e-05,0
29840.0,29845.0,29842.5,3.766318e-06,1.883159e-05,0
29845.0,29850.0,29847.5,3.783642e-06,1.891821e-05,0
29855.0,29860.0,29857.5,6.661128e-06,3.330564e-05,0
29860.0,29865.0,29862.5,7.590422e-06,3.795211e-05,0
29865.0,29870.0,29867.5,3.784898e-06,1.892449e-05,0
29870.0,29875.0,29872.5,2.831534e-06,1.415767e-05,0
29875.0,29880.0,29877.5,5.6448e-06,2.8224e-05,0
29880.0,29885.0,29882.5,2.810218e-06,1.405109e-05,0
29885.0,29890.0,29887.5,6.700708e-06,3.350354e-05,0
29890.0,29895.0,29892.5,5.646316e-06,2.823158e-05,0
29895.0,29900.0,29897.5,5.703954e-06,2.851977e-05,0
29900.0,29905.0,29902.5,5.693176e-06,2.846588e-05,0
29905.0,29910.0,29907.5,9.536554e-06,4.768277e-05,0
29910.0,29915.0,29912.5,9.44108e-07,4.72054e-06,0
29915.0,29920.0,29917.5,6.679138e-06,3.339569e-05,0
29920.0,29925.0,29922.5,5.66695e-06,2.833475e-05,0
29925.0,29930.0,29927.5,3.766594e-06,1.883297e-05,0
29930.0,29935.0,29932.5,2.81482e-06,1.40741e-05,0
29935.0,29940.0,29937.5,2.830864e-06,1.415432e-05,0
29940.0,29945.0,29942.5,2.812656e-06,1.406328e-05,0
29945.0,29950.0,29947.5,7.593542e-06,3.796771e-05,0
29950.0,29955.0,29952.5,1.865286e-06,9.32643e-06,0
29955.0,29960.0,29957.5,3.770412e-06,1.885206e-05,0
29960.0,29965.0,29962.5,2.899564e-06,1.449782e-05,0
29965.0,29970.0,29967.5,4.727618e-06,2.363809e-05,0
29970.0,29975.0,29972.5,2.882988e-06,1.441494e-05,0
29975.0,29980.0,29977.5,8.536096e-06,4.268048e-05,0
29980.0,29985.0,29982.5,5.64211e-06,2.821055e-05,0
29985.0,29990.0,29987.5,5.660784e-06,2.830392e-05,0
29990.0,29995.0,29992.5,4.809032e-06,2.404516e-05,0
29995.0,30000.0,29997.5,3.817036e-06,1.908518e-05,0
30000.0,30005.0,30002.5,4.704894e-06,2.352447e-05,0
30005.0,30010.0,30007.5,4.770416e-06,2.385208e-05,0
30010.0,30015.0,30012.5,6.651244e-06,3.325622e-05,0
30015.0,30020.0,30017.5,3.76388e-06,1.88194e-05,0
30020.0,30025.0,30022.5,9.82078e-07,4.91039e-06,0
30025.0,30030.0,30027.5,3.803732e-06,1.901866e-05,0
30030.0,30035.0,30032.5,7.573092e-06,3.786546e-05,0
30035.0,30040.0,30037.5,5.66776e-06,2.83388e-05,0
30040.0,30045.0,30042.5,5.622004e-06,2.811002e-05,0
30045.0,30050.0,30047.5,3.776976e-06,1.888488e-05,0
30050.0,30055.0,30052.5,8.537266e-06,4.268633e-05,0
30055.0,30060.0,30057.5,5.68334e-06,2.84167e-05,0
30060.0,30065.0,30062.5,5.667686e-06,2.833843e-05,0
30065.0,30070.0,30067.5,3.771202e-06,1.885601e-05,0
30070.0,30075.0,30072.5,1.869728e-06,9.34864e-06,0
30075.0,30080.0,30077.5,7.63951e-06,3.819755e-05,0
30080.0,30085.0,30082.5,2.857186e-06,1.428593e-05,0
30085.0,30090.0,30087.5,4.77866e-06,2.38933e-05,0
30090.0,30095.0,30092.5,5.617998e-06,2.808999e-05,0
30095.0,30100.0,30097.5,9.34274e-07,4.67137e-06,0
30100.0,30105.0,30102.5,4.68534e-06,2.34267e-05,0
30105.0,30110.0,30107.5,2.818438e-06,1.409219e-05,0
30110.0,30115.0,30112.5,5.73473e-06,2.867365e-05,0
30115.0,30120.0,30117.5,5.647624e-06,2.823812e-05,0
30120.0,30125.0,30122.5,6.665806e-06,3.332903e-05,0
30125.0,30130.0,30127.5,2.81482e-06,1.40741e-05,0
30130.0,30135.0,30132.5,5.72317e-06,2.861585e-05,0
30135.0,30140.0,30137.5,4.73361e-06,2.366805e-05,0
30140.0,30145.0,30142.5,7.58939e-06,3.794695e-05,0
30145.0,30150.0,30147.5,1.91741e-06,9.58705e-06,0
30150.0,30155.0,30152.5,1.92535e-06,9.62675e-06,0
30155.0,30160.0,30157.5,5.666862e-06,2.833431e-05,0
30160.0,30165.0,30162.5,6.637454e-06,3.318727e-05,0
30165.0,30170.0,30167.5,4.77086e-06,2.38543e-05,0
30170.0,30175.0,30172.5,2.811398e-06,1.405699e-05,0
30175.0,30180.0,30177.5,3.776976e-06,1.888488e-05,0
30180.0,30185.0,30182.5,6.674824e-06,3.337412e-05,0
30185.0,30190.0,30187.5,3.856302e-06,1.928151e-05,0
30190.0,30195.0,30192.5,2.89632e-06,1.44816e-05,0
30195.0,30200.0,30197.5,7.576302e-06,3.788151e-05,0
30200.0,30205.0,30202.5,5.745162e-06,2.872581e-05,0
30205.0,30210.0,30207.5,6.587214e-06,3.293607e-05,0
30210.0,30215.0,30212.5,6.666566e-06,3.333283e-05,0
30215.0,30220.0,30217.5,4.753636e-06,2.376818e-05,0
30220.0,30225.0,30222.5,1.138857e-05,5.694285e-05,0
30225.0,30230.0,30227.5,5.760522e-06,2.880261e-05,0
30230.0,30235.0,30232.5,3.753536e-06,1.876768e-05,0
30235.0,30240.0,30237.5,4.664768e-06,2.332384e-05,0
30240.0,30245.0,30242.5,3.753504e-06,1.876752e-05,0
30245.0,30250.0,30247.5,5.68909e-06,2.844545e-05,0
30250.0,30255.0,30252.5,1.862848e-06,9.31424e-06,0
30255.0,30260.0,30257.5,3.780334e-06,1.890167e-05,0
30260.0,30265.0,30262.5,1.875944e-06,9.37972e-06,0
30265.0,30270.0,30267.5,5.766034e-06,2.883017e-05,0
30270.0,30275.0,30272.5,3.835036e-06,1.917518e-05,0
30275.0,30280.0,30277.5,1.926186e-06,9.63093e-06,0
30280.0,30285.0,30282.5,1.89645e-06,9.48225e-06,0
30285.0,30290.0,30287.5,3.778376e-06,1.889188e-05,0
30290.0,30295.0,30292.5,2.810574e-06,1.405287e-05,0
30295.0,30300.0,30297.5,5.735854e-06,2.867927e-05,0
30300.0,30305.0,30302.5,5.677164e-06,2.838582e-05,0
30305.0,30310.0,30307.5,5.650638e-06,2.825319e-05,0
30310.0,30315.0,30312.5,1.92535e-06,9.62675e-06,0
30315.0,30320.0,30317.5,6.613606e-06,3.306803e-05,0
30320.0,30325.0,30322.5,3.877252e-06,1.938626e-05,0
30325.0,30330.0,30327.5,3.812042e-06,1.906021e-05,0
30330.0,30335.0,30332.5,3.78608e-06,1.89304e-05,0
30335.0,30340.0,30337.5,4.73467e-06,2.367335e-05,0
30340.0,30345.0,30342.5,3.842902e-06,1.921451e-05,0
30345.0,30350.0,30347.5,7.50047e-06,3.750235e-05,0
30350.0,30355.0,30352.5,4.677668e-06,2.338834e-05,0
30355.0,30360.0,30357.5,1.886246e-06,9.43123e-06,0
30360.0,30365.0,30362.5,3.744848e-06,1.872424e-05,0
30365.0,30370.0,30367.5,9.65438e-07,4.82719e-06,0
30370.0,30375.0,30372.5,1.89659e-06,9.48295e-06,0
30375.0,30380.0,30377.5,4.77905e-06,2.389525e-05,0
30380.0,30385.0,30382.5,6.567334e-06,3.283667e-05,0
30385.0,30390.0,30387.5,3.85287e-06,1.926435e-05,0
30390.0,30395.0,30392.5,2.87309e-06,1.436545e-05,0
30395.0,30400.0,30397.5,6.62112e-06,3.31056e-05,0
30400.0,30405.0,30402.5,7.484822e-06,3.742411e-05,0
30405.0,30410.0,30407.5,5.734966e-06,2.867483e-05,0
30410.0,30415.0,30412.5,1.863672e-06,9.31836e-06,0
30415.0,30420.0,30417.5,6.592914e-06,3.296457e-05,0
30420.0,30425.0,30422.5,5.76605e-06,2.883025e-05,0
30425.0,30430.0,30427.5,8.509284e-06,4.254642e-05,0
30430.0,30435.0,30432.5,4.750214e-06,2.375107e-05,0
30435.0,30440.0,30437.5,1.909546e-06,9.54773e-06,0
30440.0,30445.0,30442.5,3.792652e-06,1.896326e-05,0
30445.0,30450.0,30447.5,2.861658e-06,1.430829e-05,0
30450.0,30455.0,30452.5,4.73599e-06,2.367995e-05,0
30455.0,30460.0,30457.5,3.779574e-06,1.889787e-05,0
30460.0,30465.0,30462.5,6.66962e-06,3.33481e-05,0
30465.0,30470.0,30467.5,1.905214e-06,9.52607e-06,0
30470.0,30475.0,30472.5,2.85294e-06,1.42647e-05,0
30475.0,30480.0,30477.5,6.610734e-06,3.305367e-05,0
30480.0,30485.0,30482.5,2.840668e-06,1.420334e-05,0
30485.0,30490.0,30487.5,3.733756e-06,1.866878e-05,0
30490.0,30495.0,30492.5,2.831904e-06,1.415952e-05,0
30495.0,30500.0,30497.5,4.73664e-06,2.36832e-05,0
30500.0,30505.0,30502.5,8.527042e-06,4.263521e-05,0
30505.0,30510.0,30507.5,5.717806e-06,2.858903e-05,0
30510.0,30515.0,30512.5,1.908832e-06,9.54416e-06,0
30515.0,30520.0,30517.5,1.883808e-06,9.41904e-06,0
30525.0,30530.0,30527.5,2.86164e-06,1.43082e-05,0
30530.0,30535.0,30532.5,4.718942e-06,2.359471e-05,0
30535.0,30540.0,30537.5,3.80917e-06,1.904585e-05,0
30540.0,30545.0,30542.5,2.831534e-06,1.415767e-05,0
30545.0,30550.0,30547.5,5.696762e-06,2.848381e-05,0
30550.0,30555.0,30552.5,7.57304e-06,3.78652e-05,0
30555.0,30560.0,30557.5,2.834126e-06,1.417063e-05,0
30560.0,30565.0,30562.5,1.908832e-06,9.54416e-06,0
30565.0,30570.0,30567.5,4.744852e-06,2.372426e-05,0
30570.0,30575.0,30572.5,2.81482e-06,1.40741e-05,0
30575.0,30580.0,30577.5,6.739334e-06,3.369667e-05,0
30580.0,30585.0,30582.5,2.928834e-06,1.464417e-05,0
30585.0,30590.0,30587.5,4.766918e-06,2.383459e-05,0
30590.0,30595.0,30592.5,3.822776e-06,1.911388e-05,0
30595.0,30600.0,30597.5,4.698154e-06,2.349077e-05,0
30600.0,30605.0,30602.5,4.69719e-06,2.348595e-05,0
30605.0,30610.0,30607.5,4.714728e-06,2.357364e-05,0
30610.0,30615.0,30612.5,6.711546e-06,3.355773e-05,0
30615.0,30620.0,30617.5,3.744848e-06,1.872424e-05,0
30620.0,30625.0,30622.5,3.797264e-06,1.898632e-05,0
30625.0,30630.0,30627.5,2.831688e-06,1.415844e-05,0
30630.0,30635.0,30632.5,4.701772e-06,2.350886e-05,0
30635.0,30640.0,30637.5,4.73585e-06,2.367925e-05,0
30640.0,30645.0,30642.5,5.701984e-06,2.850992e-05,0
30645.0,30650.0,30647.5,3.851536e-06,1.925768e-05,0
30650.0,30655.0,30652.5,8.5629e-06,4.28145e-05,0
30655.0,30660.0,30657.5,2.904252e-06,1.452126e-05,0
30660.0,30665.0,30662.5,4.680302e-06,2.340151e-05,0
30665.0,30670.0,30667.5,1.86611e-06,9.33055e-06,0
30670.0,30675.0,30672.5,5.693608e-06,2.846804e-05,0
30675.0,30680.0,30677.5,3.783952e-06,1.891976e-05,0
30680.0,30685.0,30682.5,1.863672e-06,9.31836e-06,0
30685.0,30690.0,30687.5,5.670624e-06,2.835312e-05,0
30690.0,30695.0,30692.5,2.80778e-06,1.40389e-05,0
30695.0,30700.0,30697.5,2.841522e-06,1.420761e-05,0
30700.0,30705.0,30702.5,6.640696e-06,3.320348e-05,0
30705.0,30710.0,30707.5,3.820298e-06,1.910149e-05,0
30710.0,30715.0,30712.5,6.648584e-06,3.324292e-05,0
30715.0,30720.0,30717.5,9.488588e-06,4.744294e-05,0
30720.0,30725.0,30722.5,1.917532e-06,9.58766e-06,0
30730.0,30735.0,30732.5,1.86729e-06,9.33645e-06,0
30735.0,30740.0,30737.5,3.730954e-06,1.865477e-05,0
30740.0,30745.0,30742.5,8.429396e-06,4.214698e-05,0
30745.0,30750.0,30747.5,1.964154e-06,9.82077e-06,0
30750.0,30755.0,30752.5,3.795078e-06,1.897539e-05,0
30755.0,30760.0,30757.5,4.733144e-06,2.366572e-05,0
30760.0,30765.0,30762.5,2.831548e-06,1.415774e-05,0
30765.0,30770.0,30767.5,5.681326e-06,2.840663e-05,0
30770.0,30775.0,30772.5,3.79253e-06,1.896265e-05,0
30775.0,30780.0,30777.5,2.841522e-06,1.420761e-05,0
30780.0,30785.0,30782.5,3.835018e-06,1.917509e-05,0
30785.0,30790.0,30787.5,4.747886e-06,2.373943e-05,0
30790.0,30795.0,30792.5,3.741586e-06,1.870793e-05,0
30795.0,30800.0,30797.5,4.701632e-06,2.350816e-05,0
30800.0,30805.0,30802.5,3.794734e-06,1.897367e-05,0
30805.0,30810.0,30807.5,1.908832e-06,9.54416e-06,0
30810.0,30815.0,30812.5,6.683626e-06,3.341813e-05,0
30815.0,30820.0,30817.5,7.544876e-06,3.772438e-05,0
30820.0,30825.0,30822.5,9.35454e-07,4.67727e-06,0
30825.0,30830.0,30827.5,3.878076e-06,1.939038e-05,0
30830.0,30835.0,30832.5,2.840698e-06,1.420349e-05,0
30835.0,30840.0,30837.5,3.809398e-06,1.904699e-05,0
30840.0,30845.0,30842.5,5.703658e-06,2.851829e-05,0
30845.0,30850.0,30847.5,4.783814e-06,2.391907e-05,0
30850.0,30855.0,30852.5,9.51972e-07,4.75986e-06,0
30855.0,30860.0,30857.5,3.820298e-06,1.910149e-05,0
30860.0,30865.0,30862.5,4.733898e-06,2.366949e-05,0
30865.0,30870.0,30867.5,4.703038e-06,2.351519e-05,0
30870.0,30875.0,30872.5,1.899852e-06,9.49926e-06,0
30875.0,30880.0,30877.5,6.649642e-06,3.324821e-05,0
30880.0,30885.0,30882.5,3.812432e-06,1.906216e-05,0
30885.0,30890.0,30887.5,7.58148e-06,3.79074e-05,0
30890.0,30895.0,30892.5,4.69682e-06,2.34841e-05,0
30895.0,30900.0,30897.5,4.733212e-06,2.366606e-05,0
30900.0,30905.0,30902.5,4.673066e-06,2.336533e-05,0
30905.0,30910.0,30907.5,4.751658e-06,2.375829e-05,0
30910.0,30915.0,30912.5,4.698838e-06,2.349419e-05,0
30915.0,30920.0,30917.5,1.887426e-06,9.43713e-06,0
30920.0,30925.0,30922.5,4.756886e-06,2.378443e-05,0
30925.0,30930.0,30927.5,3.76219e-06,1.881095e-05,0
30930.0,30935.0,30932.5,4.728124e-06,2.364062e-05,0
30935.0,30940.0,30937.5,9.463912e-06,4.731956e-05,0
30940.0,30945.0,30942.5,1.907652e-06,9.53826e-06,0
30945.0,30950.0,30947.5,3.79253e-06,1.896265e-05,0
30950.0,30955.0,30952.5,4.705954e-06,2.352977e-05,0
30955.0,30960.0,30957.5,3.818424e-06,1.909212e-05,0
30960.0,30965.0,30962.5,5.69298e-06,2.84649e-05,0
30965.0,30970.0,30967.5,2.89091e-06,1.445455e-05,0
30970.0,30975.0,30972.5,9.65578e-07,4.82789e-06,0
30975.0,30980.0,30977.5,5.730288e-06,2.865144e-05,0
30980.0,30985.0,30982.5,3.817036e-06,1.908518e-05,0
30985.0,30990.0,30987.5,3.791816e-06,1.895908e-05,0
30990.0,30995.0,30992.5,3.756766e-06,1.878383e-05,0
30995.0,31000.0,30997.5,2.852864e-06,1.426432e-05,0
31000.0,31005.0,31002.5,1.90439e-06,9.52195e-06,0
31005.0,31010.0,31007.5,3.732576e-06,1.866288e-05,0
31010.0,31015.0,31012.5,3.789022e-06,1.894511e-05,0
31015.0,31020.0,31017.5,4.723682e-06,2.361841e-05,0
31020.0,31025.0,31022.5,2.891624e-06,1.445812e-05,0
31025.0,31030.0,31027.5,6.666574e-06,3.333287e-05,0
31030.0,31035.0,31032.5,4.731614e-06,2.365807e-05,0
31035.0,31040.0,31037.5,2.861658e-06,1.430829e-05,0
31040.0,31045.0,31042.5,3.754328e-06,1.877164e-05,0
31045.0,31050.0,31047.5,2.830354e-06,1.415177e-05,0
31050.0,31055.0,31052.5,2.879352e-06,1.439676e-05,0
31055.0,31060.0,31057.5,3.7334e-06,1.8667e-05,0
31060.0,31065.0,31062.5,4.730714e-06,2.365357e-05,0
31065.0,31070.0,31067.5,7.518068e-06,3.759034e-05,0
31070.0,31075.0,31072.5,2.831534e-06,1.415767e-05,0
31075.0,31080.0,31077.5,3.775644e-06,1.887822e-05,0
31080.0,31085.0,31082.5,2.830864e-06,1.415432e-05,0
31085.0,31090.0,31087.5,4.77516e-06,2.38758e-05,0
31090.0,31095.0,31092.5,9.65438e-07,4.82719e-06,0
31095.0,31100.0,31097.5,3.743668e-06,1.871834e-05,0
31100.0,31105.0,31102.5,4.678764e-06,2.339382e-05,0
31105.0,31110.0,31107.5,9.34274e-07,4.67137e-06,0
31110.0,31115.0,31112.5,2.797478e-06,1.398739e-05,0
31115.0,31120.0,31117.5,3.817244e-06,1.908622e-05,0
31120.0,31125.0,31122.5,2.840668e-06,1.420334e-05,0
31125.0,31130.0,31127.5,4.752134e-06,2.376067e-05,0
31130.0,31135.0,31132.5,2.882988e-06,1.441494e-05,0
31135.0,31140.0,31137.5,1.90439e-06,9.52195e-06,0
31140.0,31145.0,31142.5,5.727406e-06,2.863703e-05,0
31145.0,31150.0,31147.5,5.669908e-06,2.834954e-05,0
31150.0,31155.0,31152.5,4.664768e-06,2.332384e-05,0
31155.0,31160.0,31157.5,1.87512e-06,9.3756e-06,0
31160.0,31165.0,31162.5,1.89659e-06,9.48295e-06,0
31165.0,31170.0,31167.5,3.782818e-06,1.891409e-05,0
31170.0,31175.0,31172.5,1.883808e-06,9.41904e-06,0
31175.0,31180.0,31177.5,3.782772e-06,1.891386e-05,0
31180.0,31185.0,31182.5,4.75446e-06,2.37723e-05,0
31185.0,31190.0,31187.5,6.632876e-06,3.316438e-05,0
31190.0,31195.0,31192.5,9.35454e-07,4.67727e-06,0
31195.0,31200.0,31197.5,4.683724e-06,2.341862e-05,0
31200.0,31205.0,31202.5,4.726944e-06,2.363472e-05,0
31205.0,31210.0,31207.5,3.746028e-06,1.873014e-05,0
31210.0,31215.0,31212.5,1.89659e-06,9.48295e-06,0
31215.0,31220.0,31217.5,2.81482e-06,1.40741e-05,0
31220.0,31225.0,31222.5,9.44108e-07,4.72054e-06,0
31225.0,31230.0,31227.5,3.795792e-06,1.897896e-05,0
31235.0,31240.0,31237.5,2.849368e-06,1.424684e-05,0
31240.0,31245.0,31242.5,4.80832e-06,2.40416e-05,0
31245.0,31250.0,31247.5,8.499388e-06,4.249694e-05,0
31250.0,31255.0,31252.5,1.905214e-06,9.52607e-06,0
31255.0,31260.0,31257.5,1.90439e-06,9.52195e-06,0
31260.0,31265.0,31262.5,6.627946e-06,3.313973e-05,0
31265.0,31270.0,31267.5,3.822764e-06,1.911382e-05,0
31270.0,31275.0,31272.5,4.748274e-06,2.374137e-05,0
31275.0,31280.0,31277.5,3.835018e-06,1.917509e-05,0
31280.0,31285.0,31282.5,3.793476e-06,1.896738e-05,0
31285.0,31290.0,31287.5,3.799336e-06,1.899668e-05,0
31290.0,31295.0,31292.5,4.762336e-06,2.381168e-05,0
31295.0,31300.0,31297.5,4.742958e-06,2.371479e-05,0
31300.0,31305.0,31302.5,1.875944e-06,9.37972e-06,0
31305.0,31310.0,31307.5,5.70667e-06,2.853335e-05,0
31310.0,31315.0,31312.5,3.73458e-06,1.86729e-05,0
31315.0,31320.0,31317.5,9.31012e-07,4.65506e-06,0
31320.0,31325.0,31322.5,3.783596e-06,1.891798e-05,0
31325.0,31330.0,31327.5,5.634528e-06,2.817264e-05,0
31330.0,31335.0,31332.5,1.865286e-06,9.32643e-06,0
31335.0,31340.0,31337.5,6.705326e-06,3.352663e-05,0
31345.0,31350.0,31347.5,2.851684e-06,1.425842e-05,0
31350.0,31355.0,31352.5,8.522828e-06,4.261414e-05,0
31355.0,31360.0,31357.5,3.827218e-06,1.913609e-05,0
31360.0,31365.0,31362.5,5.625038e-06,2.812519e-05,0
31365.0,31370.0,31367.5,1.93405e-06,9.67025e-06,0
31370.0,31375.0,31372.5,5.664772e-06,2.832386e-05,0
31375.0,31380.0,31377.5,3.81712e-06,1.90856e-05,0
31380.0,31385.0,31382.5,5.692352e-06,2.846176e-05,0
31385.0,31390.0,31387.5,3.803778e-06,1.901889e-05,0
31390.0,31395.0,31392.5,2.805182e-06,1.402591e-05,0
31395.0,31400.0,31397.5,1.92535e-06,9.62675e-06,0
31405.0,31410.0,31407.5,2.838664e-06,1.419332e-05,0
31410.0,31415.0,31412.5,1.92535e-06,9.62675e-06,0
31415.0,31420.0,31417.5,6.609482e-06,3.304741e-05,0
31425.0,31430.0,31427.5,3.78484e-06,1.89242e-05,0
31430.0,31435.0,31432.5,2.848422e-06,1.424211e-05,0
31435.0,31440.0,31437.5,3.779066e-06,1.889533e-05,0
31440.0,31445.0,31442.5,6.655888e-06,3.327944e-05,0
31445.0,31450.0,31447.5,9.51972e-07,4.75986e-06,0
31450.0,31455.0,31452.5,2.861596e-06,1.430798e-05,0
31455.0,31460.0,31457.5,4.73479e-06,2.367395e-05,0
31460.0,31465.0,31462.5,4.70513e-06,2.352565e-05,0
31465.0,31470.0,31467.5,2.81923e-06,1.409615e-05,0
31470.0,31475.0,31472.5,2.89091e-06,1.445455e-05,0
31475.0,31480.0,31477.5,2.859624e-06,1.429812e-05,0
31480.0,31485.0,31482.5,5.70455e-06,2.852275e-05,0
31485.0,31490.0,31487.5,2.836226e-06,1.418113e-05,0
31490.0,31495.0,31492.5,6.650096e-06,3.325048e-05,0
31495.0,31500.0,31497.5,2.845e-06,1.4225e-05,0
31500.0,31505.0,31502.5,1.86729e-06,9.33645e-06,0
31505.0,31510.0,31507.5,3.779274e-06,1.889637e-05,0
31515.0,31520.0,31517.5,1.947656e-06,9.73828e-06,0
31520.0,31525.0,31522.5,3.800744e-06,1.900372e-05,0
31525.0,31530.0,31527.5,3.80696e-06,1.90348e-05,0
31530.0,31535.0,31532.5,5.655922e-06,2.827961e-05,0
31535.0,31540.0,31537.5,4.724488e-06,2.362244e-05,0
31540.0,31545.0,31542.5,2.899628e-06,1.449814e-05,0
31545.0,31550.0,31547.5,9.44108e-07,4.72054e-06,0
31550.0,31555.0,31552.5,2.809394e-06,1.404697e-05,0
31555.0,31560.0,31557.5,6.649824e-06,3.324912e-05,0
31560.0,31565.0,31562.5,2.809394e-06,1.404697e-05,0
31565.0,31570.0,31567.5,3.795078e-06,1.897539e-05,0
31570.0,31575.0,31572.5,9.34274e-07,4.67137e-06,0
31580.0,31585.0,31582.5,2.812656e-06,1.406328e-05,0
31585.0,31590.0,31587.5,4.718974e-06,2.359487e-05,0
31590.0,31595.0,31592.5,2.818438e-06,1.409219e-05,0
31595.0,31600.0,31597.5,3.803778e-06,1.901889e-05,0
31600.0,31605.0,31602.5,6.661756e-06,3.330878e-05,0
31605.0,31610.0,31607.5,3.776976e-06,1.888488e-05,0
31610.0,31615.0,31612.5,4.750354e-06,2.375177e-05,0
31615.0,31620.0,31617.5,7.56372e-06,3.78186e-05,0
31620.0,31625.0,31622.5,2.891764e-06,1.445882e-05,0
31625.0,31630.0,31627.5,9.35454e-07,4.67727e-06,0
31630.0,31635.0,31632.5,2.819262e-06,1.409631e-05,0
31635.0,31640.0,31637.5,2.810574e-06,1.405287e-05,0
31640.0,31645.0,31642.5,6.624296e-06,3.312148e-05,0
31645.0,31650.0,31647.5,4.766094e-06,2.383047e-05,0
31650.0,31655.0,31652.5,2.858022e-06,1.429011e-05,0
31655.0,31660.0,31657.5,2.80074e-06,1.40037e-05,0
31660.0,31665.0,31662.5,4.778216e-06,2.389108e-05,0
31665.0,31670.0,31667.5,1.887426e-06,9.43713e-06,0
31670.0,31675.0,31672.5,4.80052e-06,2.40026e-05,0
31675.0,31680.0,31677.5,5.70092e-06,2.85046e-05,0
31680.0,31685.0,31682.5,5.721652e-06,2.860826e-05,0
31685.0,31690.0,31687.5,2.809394e-06,1.404697e-05,0
31690.0,31695.0,31692.5,3.839706e-06,1.919853e-05,0
31695.0,31700.0,31697.5,9.34274e-07,4.67137e-06,0
31700.0,31705.0,31702.5,2.84514e-06,1.42257e-05,0
31705.0,31710.0,31707.5,6.613518e-06,3.306759e-05,0
31710.0,31715.0,31712.5,3.770056e-06,1.885028e-05,0
31715.0,31720.0,31717.5,3.817198e-06,1.908599e-05,0
31720.0,31725.0,31722.5,5.643922e-06,2.821961e-05,0
31725.0,31730.0,31727.5,1.91755e-06,9.58775e-06,0
31730.0,31735.0,31732.5,1.878382e-06,9.39191e-06,0
31735.0,31740.0,31737.5,4.73232e-06,2.36616e-05,0
31740.0,31745.0,31742.5,9.31012e-07,4.65506e-06,0
31745.0,31750.0,31747.5,1.931016e-06,9.65508e-06,0
31750.0,31755.0,31752.5,5.629012e-06,2.814506e-05,0
31755.0,31760.0,31757.5,5.661902e-06,2.830951e-05,0
31760.0,31765.0,31762.5,4.720294e-06,2.360147e-05,0
31765.0,31770.0,31767.5,2.809394e-06,1.404697e-05,0
31770.0,31775.0,31772.5,2.857198e-06,1.428599e-05,0
31775.0,31780.0,31777.5,6.756014e-06,3.378007e-05,0
31780.0,31785.0,31782.5,2.831904e-06,1.415952e-05,0
31785.0,31790.0,31787.5,4.714164e-06,2.357082e-05,0
31790.0,31795.0,31792.5,7.594096e-06,3.797048e-05,0
31795.0,31800.0,31797.5,5.752938e-06,2.876469e-05,0
31800.0,31805.0,31802.5,2.879492e-06,1.439746e-05,0
31805.0,31810.0,31807.5,2.840558e-06,1.420279e-05,0
31810.0,31815.0,31812.5,7.581792e-06,3.790896e-05,0
31815.0,31820.0,31817.5,3.766318e-06,1.883159e-05,0
31820.0,31825.0,31822.5,4.718962e-06,2.359481e-05,0
31825.0,31830.0,31827.5,4.754104e-06,2.377052e-05,0
31830.0,31835.0,31832.5,9.35454e-07,4.67727e-06,0
31835.0,31840.0,31837.5,3.779574e-06,1.889787e-05,0
31840.0,31845.0,31842.5,2.813836e-06,1.406918e-05,0
31845.0,31850.0,31847.5,5.666646e-06,2.833323e-05,0
31850.0,31855.0,31852.5,9.65438e-07,4.82719e-06,0
31855.0,31860.0,31857.5,5.733594e-06,2.866797e-05,0
31860.0,31865.0,31862.5,3.825062e-06,1.912531e-05,0
31865.0,31870.0,31867.5,5.72122e-06,2.86061e-05,0
31870.0,31875.0,31872.5,9.51972e-07,4.75986e-06,0
31875.0,31880.0,31877.5,3.842536e-06,1.921268e-05,0
31880.0,31885.0,31882.5,5.68205e-06,2.841025e-05,0
31885.0,31890.0,31887.5,2.828426e-06,1.414213e-05,0
31890.0,31895.0,31892.5,5.640584e-06,2.820292e-05,0
31895.0,31900.0,31897.5,9.556646e-06,4.778323e-05,0
31900.0,31905.0,31902.5,5.653216e-06,2.826608e-05,0
31905.0,31910.0,31907.5,1.93405e-06,9.67025e-06,0
31910.0,31915.0,31912.5,3.795932e-06,1.897966e-05,0
31915.0,31920.0,31917.5,3.782772e-06,1.891386e-05,0
31920.0,31925.0,31922.5,9.65578e-07,4.82789e-06,0
31925.0,31930.0,31927.5,2.844102e-06,1.422051e-05,0
31930.0,31935.0,31932.5,1.887426e-06,9.43713e-06,0
31935.0,31940.0,31937.5,2.811398e-06,1.405699e-05,0
31940.0,31945.0,31942.5,2.84514e-06,1.42257e-05,0
31945.0,31950.0,31947.5,3.755508e-06,1.877754e-05,0
31950.0,31955.0,31952.5,7.629244e-06,3.814622e-05,0
31955.0,31960.0,31957.5,6.588462e-06,3.294231e-05,0
31960.0,31965.0,31962.5,1.91309e-06,9.56545e-06,0
31965.0,31970.0,31967.5,7.625342e-06,3.812671e-05,0
31970.0,31975.0,31972.5,3.798164e-06,1.899082e-05,0
31975.0,31980.0,31977.5,3.795792e-06,1.897896e-05,0
31980.0,31985.0,31982.5,5.634422e-06,2.817211e-05,0
31985.0,31990.0,31987.5,3.747472e-06,1.873736e-05,0
31990.0,31995.0,31992.5,3.7847e-06,1.89235e-05,0
31995.0,32000.0,31997.5,1.87512e-06,9.3756e-06,0
32000.0,32005.0,32002.5,2.819262e-06,1.409631e-05,0
32005.0,32010.0,32007.5,7.637708e-06,3.818854e-05,0
32010.0,32015.0,32012.5,3.805768e-06,1.902884e-05,0
32015.0,32020.0,32017.5,6.639266e-06,3.319633e-05,0
32020.0,32025.0,32022.5,1.869728e-06,9.34864e-06,0
32025.0,32030.0,32027.5,3.805422e-06,1.902711e-05,0
32030.0,32035.0,32032.5,5.625038e-06,2.812519e-05,0
32035.0,32040.0,32037.5,2.840558e-06,1.420279e-05,0
32040.0,32045.0,32042.5,9.31012e-07,4.65506e-06,0
32045.0,32050.0,32047.5,5.757124e-06,2.878562e-05,0
32050.0,32055.0,32052.5,1.897274e-06,9.48637e-06,0
32055.0,32060.0,32057.5,2.839844e-06,1.419922e-05,0
32060.0,32065.0,32062.5,2.869968e-06,1.434984e-05,0
32065.0,32070.0,32067.5,3.830576e-06,1.915288e-05,0
32070.0,32075.0,32072.5,3.826038e-06,1.913019e-05,0
32075.0,32080.0,32077.5,3.75189e-06,1.875945e-05,0
32080.0,32085.0,32082.5,5.625236e-06,2.812618e-05,0
32085.0,32090.0,32087.5,1.931016e-06,9.65508e-06,0
32090.0,32095.0,32092.5,5.736112e-06,2.868056e-05,0
32095.0,32100.0,32097.5,3.752356e-06,1.876178e-05,0
32100.0,32105.0,32102.5,2.809394e-06,1.404697e-05,0
32105.0,32110.0,32107.5,9.65438e-07,4.82719e-06,0
32110.0,32115.0,32112.5,2.830864e-06,1.415432e-05,0
32115.0,32120.0,32117.5,2.88973e-06,1.444865e-05,0
32120.0,32125.0,32122.5,9.82078e-07,4.91039e-06,0
32125.0,32130.0,32127.5,4.684548e-06,2.342274e-05,0
32130.0,32135.0,32132.5,4.759336e-06,2.379668e-05,0
32135.0,32140.0,32137.5,3.788458e-06,1.894229e-05,0
32140.0,32145.0,32142.5,9.65578e-07,4.82789e-06,0
32145.0,32150.0,32147.5,4.796452e-06,2.398226e-05,0
32150.0,32155.0,32152.5,3.78821e-06,1.894105e-05,0
32155.0,32160.0,32157.5,4.732172e-06,2.366086e-05,0
32160.0,32165.0,32162.5,2.865148e-06,1.432574e-05,0
32165.0,32170.0,32167.5,4.760172e-06,2.380086e-05,0
32170.0,32175.0,32172.5,4.800612e-06,2.400306e-05,0
32175.0,32180.0,32177.5,2.862028e-06,1.431014e-05,0
32180.0,32185.0,32182.5,1.91755e-06,9.58775e-06,0
32185.0,32190.0,32187.5,4.68093e-06,2.340465e-05,0
32190.0,32195.0,32192.5,1.882984e-06,9.41492e-06,0
32195.0,32200.0,32197.5,5.642618e-06,2.821309e-05,0
32200.0,32205.0,32202.5,9.31836e-07,4.65918e-06,0
32205.0,32210.0,32207.5,5.745552e-06,2.872776e-05,0
32210.0,32215.0,32212.5,2.841522e-06,1.420761e-05,0
32215.0,32220.0,32217.5,1.899852e-06,9.49926e-06,0
32220.0,32225.0,32222.5,3.792296e-06,1.896148e-05,0
32225.0,32230.0,32227.5,1.89645e-06,9.48225e-06,0
32230.0,32235.0,32232.5,4.716676e-06,2.358338e-05,0
32235.0,32240.0,32237.5,1.91755e-06,9.58775e-06,0
32240.0,32245.0,32242.5,4.673066e-06,2.336533e-05,0
32245.0,32250.0,32247.5,1.901032e-06,9.50516e-06,0
32250.0,32255.0,32252.5,3.766178e-06,1.883089e-05,0
32255.0,32260.0,32257.5,9.65438e-07,4.82719e-06,0
32260.0,32265.0,32262.5,3.776836e-06,1.888418e-05,0
32265.0,32270.0,32267.5,3.751066e-06,1.875533e-05,0
32270.0,32275.0,32272.5,9.51972e-07,4.75986e-06,0
32275.0,32280.0,32277.5,2.80192e-06,1.40096e-05,0
32280.0,32285.0,32282.5,2.86299e-06,1.431495e-05,0
32285.0,32290.0,32287.5,9.35454e-07,4.67727e-06,0
32290.0,32295.0,32292.5,3.84493e-06,1.922465e-05,0
32295.0,32300.0,32297.5,5.723638e-06,2.861819e-05,0
32300.0,32305.0,32302.5,1.91741e-06,9.58705e-06,0
32305.0,32310.0,32307.5,9.35454e-07,4.67727e-06,0
32310.0,32315.0,32312.5,2.895166e-06,1.447583e-05,0
32315.0,32320.0,32317.5,3.815304e-06,1.907652e-05,0
32320.0,32325.0,32322.5,4.702692e-06,2.351346e-05,0
32325.0,32330.0,32327.5,2.912194e-06,1.456097e-05,0
32330.0,32335.0,32332.5,4.778928e-06,2.389464e-05,0
32335.0,32340.0,32337.5,9.44108e-07,4.72054e-06,0
32340.0,32345.0,32342.5,2.875262e-06,1.437631e-05,0
32345.0,32350.0,32347.5,2.898728e-06,1.449364e-05,0
32350.0,32355.0,32352.5,4.753636e-06,2.376818e-05,0
32355.0,32360.0,32357.5,9.51972e-07,4.75986e-06,0
32360.0,32365.0,32362.5,5.607106e-06,2.803553e-05,0
32365.0,32370.0,32367.5,1.900892e-06,9.50446e-06,0
32370.0,32375.0,32372.5,3.830576e-06,1.915288e-05,0
32375.0,32380.0,32377.5,9.51972e-07,4.75986e-06,0
32380.0,32385.0,32382.5,4.740736e-06,2.370368e-05,0
32385.0,32390.0,32387.5,9.82078e-07,4.91039e-06,0
32390.0,32395.0,32392.5,9.31836e-07,4.65918e-06,0
32395.0,32400.0,32397.5,5.646724e-06,2.823362e-05,0
32400.0,32405.0,32402.5,4.71815e-06,2.359075e-05,0
32405.0,32410.0,32407.5,3.78608e-06,1.89304e-05,0
32410.0,32415.0,32412.5,5.706782e-06,2.853391e-05,0
32415.0,32420.0,32417.5,2.79304e-06,1.39652e-05,0
32425.0,32430.0,32427.5,2.8217e-06,1.41085e-05,0
32430.0,32435.0,32432.5,2.899628e-06,1.449814e-05,0
32435.0,32440.0,32437.5,1.878382e-06,9.39191e-06,0
32440.0,32445.0,32442.5,6.672472e-06,3.336236e-05,0
32445.0,32450.0,32447.5,4.75823e-06,2.379115e-05,0
32450.0,32455.0,32452.5,4.804712e-06,2.402356e-05,0
32455.0,32460.0,32457.5,3.79264e-06,1.89632e-05,0
32460.0,32465.0,32462.5,9.31836e-07,4.65918e-06,0
32465.0,32470.0,32467.5,5.663438e-06,2.831719e-05,0
32470.0,32475.0,32472.5,9.547648e-06,4.773824e-05,0
32475.0,32480.0,32477.5,4.703862e-06,2.351931e-05,0
32480.0,32485.0,32482.5,4.703516e-06,2.351758e-05,0
32485.0,32490.0,32487.5,2.827462e-06,1.413731e-05,0
32490.0,32495.0,32492.5,5.743794e-06,2.871897e-05,0
32495.0,32500.0,32497.5,5.684888e-06,2.842444e-05,0
32500.0,32505.0,32502.5,3.76944e-06,1.88472e-05,0
32505.0,32510.0,32507.5,2.79304e-06,1.39652e-05,0
32510.0,32515.0,32512.5,1.907652e-06,9.53826e-06,0
32515.0,32520.0,32517.5,2.907428e-06,1.453714e-05,0
32520.0,32525.0,32522.5,3.800536e-06,1.900268e-05,0
32525.0,32530.0,32527.5,3.769676e-06,1.884838e-05,0
32530.0,32535.0,32532.5,2.851824e-06,1.425912e-05,0
32535.0,32540.0,32537.5,1.91309e-06,9.56545e-06,0
32540.0,32545.0,32542.5,1.878382e-06,9.39191e-06,0
32545.0,32550.0,32547.5,6.657206e-06,3.328603e-05,0
32550.0,32555.0,32552.5,1.866466e-06,9.33233e-06,0
32555.0,32560.0,32557.5,4.761134e-06,2.380567e-05,0
32560.0,32565.0,32562.5,1.882984e-06,9.41492e-06,0
32565.0,32570.0,32567.5,3.820298e-06,1.910149e-05,0
32570.0,32575.0,32572.5,2.865886e-06,1.432943e-05,0
32575.0,32580.0,32577.5,4.672242e-06,2.336121e-05,0
32585.0,32590.0,32587.5,5.740554e-06,2.870277e-05,0
32595.0,32600.0,32597.5,5.708168e-06,2.854084e-05,0
32600.0,32605.0,32602.5,4.716602e-06,2.358301e-05,0
32605.0,32610.0,32607.5,5.657816e-06,2.828908e-05,0
32615.0,32620.0,32617.5,2.818082e-06,1.409041e-05,0
32620.0,32625.0,32622.5,5.71028e-06,2.85514e-05,0
32625.0,32630.0,32627.5,7.576592e-06,3.788296e-05,0
32630.0,32635.0,32632.5,4.750416e-06,2.375208e-05,0
32635.0,32640.0,32637.5,3.783642e-06,1.891821e-05,0
32640.0,32645.0,32642.5,2.869504e-06,1.434752e-05,0
32645.0,32650.0,32647.5,3.74241e-06,1.871205e-05,0
32650.0,32655.0,32652.5,3.813568e-06,1.906784e-05,0
32655.0,32660.0,32657.5,2.810574e-06,1.405287e-05,0
32660.0,32665.0,32662.5,4.679122e-06,2.339561e-05,0
32665.0,32670.0,32667.5,2.82288e-06,1.41144e-05,0
32670.0,32675.0,32672.5,4.820516e-06,2.410258e-05,0
32675.0,32680.0,32677.5,3.804958e-06,1.902479e-05,0
32680.0,32685.0,32682.5,3.827078e-06,1.913539e-05,0
32685.0,32690.0,32687.5,5.72589e-06,2.862945e-05,0
32690.0,32695.0,32692.5,3.843674e-06,1.921837e-05,0
32695.0,32700.0,32697.5,2.827602e-06,1.413801e-05,0
32700.0,32705.0,32702.5,6.588858e-06,3.294429e-05,0
32705.0,32710.0,32707.5,1.917486e-06,9.58743e-06,0
32710.0,32715.0,32712.5,2.810218e-06,1.405109e-05,0
32715.0,32720.0,32717.5,3.776976e-06,1.888488e-05,0
32720.0,32725.0,32722.5,9.82078e-07,4.91039e-06,0
32725.0,32730.0,32727.5,3.780024e-06,1.890012e-05,0
32730.0,32735.0,32732.5,9.51972e-07,4.75986e-06,0
32735.0,32740.0,32737.5,3.831906e-06,1.915953e-05,0
32740.0,32745.0,32742.5,2.832044e-06,1.416022e-05,0
32745.0,32750.0,32747.5,1.897414e-06,9.48707e-06,0
32750.0,32755.0,32752.5,3.802488e-06,1.901244e-05,0
32755.0,32760.0,32757.5,4.757602e-06,2.378801e-05,0
32760.0,32765.0,32762.5,3.813626e-06,1.906813e-05,0
32765.0,32770.0,32767.5,4.745772e-06,2.372886e-05,0
32770.0,32775.0,32772.5,3.761366e-06,1.880683e-05,0
32780.0,32785.0,32782.5,1.86729e-06,9.33645e-06,0
32785.0,32790.0,32787.5,2.841382e-06,1.420691e-05,0
32790.0,32795.0,32792.5,1.882984e-06,9.41492e-06,0
32795.0,32800.0,32797.5,2.87309e-06,1.436545e-05,0
32800.0,32805.0,32802.5,3.745672e-06,1.872836e-05,0
32805.0,32810.0,32807.5,3.7334e-06,1.8667e-05,0
32810.0,32815.0,32812.5,1.901032e-06,9.50516e-06,0
32815.0,32820.0,32817.5,3.808544e-06,1.904272e-05,0
32820.0,32825.0,32822.5,5.778144e-06,2.889072e-05,0
32825.0,32830.0,32827.5,1.862024e-06,9.31012e-06,0
32830.0,32835.0,32832.5,5.678412e-06,2.839206e-05,0
32835.0,32840.0,32837.5,5.682484e-06,2.841242e-05,0
32840.0,32845.0,32842.5,4.693558e-06,2.346779e-05,0
32845.0,32850.0,32847.5,4.692892e-06,2.346446e-05,0
32850.0,32855.0,32852.5,1.863672e-06,9.31836e-06,0
32855.0,32860.0,32857.5,9.31836e-07,4.65918e-06,0
32860.0,32865.0,32862.5,5.659106e-06,2.829553e-05,0
32865.0,32870.0,32867.5,4.734302e-06,2.367151e-05,0
32870.0,32875.0,32872.5,1.86611e-06,9.33055e-06,0
32875.0,32880.0,32877.5,3.737018e-06,1.868509e-05,0
32880.0,32885.0,32882.5,1.863672e-06,9.31836e-06,0
32885.0,32890.0,32887.5,2.80074e-06,1.40037e-05,0
32890.0,32895.0,32892.5,5.664416e-06,2.832208e-05,0
32895.0,32900.0,32897.5,9.51972e-07,4.75986e-06,0
32900.0,32905.0,32902.5,3.776762e-06,1.888381e-05,0
32905.0,32910.0,32907.5,2.804002e-06,1.402001e-05,0
32910.0,32915.0,32912.5,3.814824e-06,1.907412e-05,0
32915.0,32920.0,32917.5,5.731486e-06,2.865743e-05,0
32920.0,32925.0,32922.5,4.716536e-06,2.358268e-05,0
32925.0,32930.0,32927.5,2.830724e-06,1.415362e-05,0
32930.0,32935.0,32932.5,2.79304e-06,1.39652e-05,0
32935.0,32940.0,32937.5,4.700592e-06,2.350296e-05,0
32940.0,32945.0,32942.5,3.754328e-06,1.877164e-05,0
32945.0,32950.0,32947.5,3.827034e-06,1.913517e-05,0
32950.0,32955.0,32952.5,9.73378e-07,4.86689e-06,0
32955.0,32960.0,32957.5,2.809394e-06,1.404697e-05,0
32960.0,32965.0,32962.5,2.811398e-06,1.405699e-05,0
32965.0,32970.0,32967.5,9.51972e-07,4.75986e-06,0
32970.0,32975.0,32972.5,9.73378e-07,4.86689e-06,0
32975.0,32980.0,32977.5,5.652922e-06,2.826461e-05,0
32980.0,32985.0,32982.5,1.89608e-06,9.4804e-06,0
32985.0,32990.0,32987.5,9.82078e-07,4.91039e-06,0
32990.0,32995.0,32992.5,2.898728e-06,1.449364e-05,0
32995.0,33000.0,32997.5,5.73968e-06,2.86984e-05,0
33000.0,33005.0,33002.5,9.44108e-07,4.72054e-06,0
33005.0,33010.0,33007.5,2.85294e-06,1.42647e-05,0
33010.0,33015.0,33012.5,1.86729e-06,9.33645e-06,0
33015.0,33020.0,33017.5,5.651364e-06,2.825682e-05,0
33020.0,33025.0,33022.5,9.34274e-07,4.67137e-06,0
33025.0,33030.0,33027.5,4.753758e-06,2.376879e-05,0
33030.0,33035.0,33032.5,9.34274e-07,4.67137e-06,0
33035.0,33040.0,33037.5,3.802598e-06,1.901299e-05,0
33040.0,33045.0,33042.5,1.916352e-06,9.58176e-06,0
33045.0,33050.0,33047.5,3.79587e-06,1.897935e-05,0
33050.0,33055.0,33052.5,4.748946e-06,2.374473e-05,0
33055.0,33060.0,33057.5,3.759752e-06,1.879876e-05,0
33060.0,33065.0,33062.5,9.65578e-07,4.82789e-06,0
33065.0,33070.0,33067.5,6.621094e-06,3.310547e-05,0
33070.0,33075.0,33072.5,4.749022e-06,2.374511e-05,0
33075.0,33080.0,33077.5,2.840558e-06,1.420279e-05,0
33080.0,33085.0,33082.5,3.78484e-06,1.89242e-05,0
33085.0,33090.0,33087.5,3.754716e-06,1.877358e-05,0
33090.0,33095.0,33092.5,4.772714e-06,2.386357e-05,0
33095.0,33100.0,33097.5,2.86529e-06,1.432645e-05,0
33100.0,33105.0,33102.5,3.817262e-06,1.908631e-05,0
33105.0,33110.0,33107.5,2.806132e-06,1.403066e-05,0
33110.0,33115.0,33112.5,5.63975e-06,2.819875e-05,0
33115.0,33120.0,33117.5,3.813612e-06,1.906806e-05,0
33120.0,33125.0,33122.5,2.79956e-06,1.39978e-05,0
33125.0,33130.0,33127.5,3.839848e-06,1.919924e-05,0
33130.0,33135.0,33132.5,3.813612e-06,1.906806e-05,0
33135.0,33140.0,33137.5,1.930874e-06,9.65437e-06,0
33140.0,33145.0,33142.5,9.44108e-07,4.72054e-06,0
33145.0,33150.0,33147.5,2.856362e-06,1.428181e-05,0
33150.0,33155.0,33152.5,4.705954e-06,2.352977e-05,0
33155.0,33160.0,33157.5,5.71043e-06,2.855215e-05,0
33160.0,33165.0,33162.5,9.31836e-07,4.65918e-06,0
33165.0,33170.0,33167.5,9.31012e-07,4.65506e-06,0
33170.0,33175.0,33172.5,1.870908e-06,9.35454e-06,0
33175.0,33180.0,33177.5,1.92535e-06,9.62675e-06,0
33180.0,33185.0,33182.5,1.89645e-06,9.48225e-06,0
33185.0,33190.0,33187.5,2.81482e-06,1.40741e-05,0
33190.0,33195.0,33192.5,2.83822e-06,1.41911e-05,0
33195.0,33200.0,33197.5,9.44108e-07,4.72054e-06,0
33200.0,33205.0,33202.5,4.75107e-06,2.375535e-05,0
33205.0,33210.0,33207.5,4.815914e-06,2.407957e-05,0
33210.0,33215.0,33212.5,3.751532e-06,1.875766e-05,0
33215.0,33220.0,33217.5,9.51972e-07,4.75986e-06,0
33220.0,33225.0,33222.5,4.736748e-06,2.368374e-05,0
33225.0,33230.0,33227.5,4.722668e-06,2.361334e-05,0
33230.0,33235.0,33232.5,2.801564e-06,1.400782e-05,0
33235.0,33240.0,33237.5,2.828426e-06,1.414213e-05,0
33240.0,33245.0,33242.5,2.848422e-06,1.424211e-05,0
33245.0,33250.0,33247.5,3.767002e-06,1.883501e-05,0
33250.0,33255.0,33252.5,1.897414e-06,9.48707e-06,0
33255.0,33260.0,33257.5,2.798302e-06,1.399151e-05,0
33260.0,33265.0,33262.5,4.685804e-06,2.342902e-05,0
33265.0,33270.0,33267.5,2.869458e-06,1.434729e-05,0
33270.0,33275.0,33272.5,3.728958e-06,1.864479e-05,0
33275.0,33280.0,33277.5,2.89599e-06,1.447995e-05,0
33280.0,33285.0,33282.5,1.86611e-06,9.33055e-06,0
33285.0,33290.0,33287.5,4.724366e-06,2.362183e-05,0
33290.0,33295.0,33292.5,1.917532e-06,9.58766e-06,0
33295.0,33300.0,33297.5,7.526286e-06,3.763143e-05,0
33300.0,33305.0,33302.5,2.861518e-06,1.430759e-05,0
33305.0,33310.0,33307.5,4.769216e-06,2.384608e-05,0
33310.0,33315.0,33312.5,9.44108e-07,4.72054e-06,0
33315.0,33320.0,33317.5,1.91741e-06,9.58705e-06,0
33320.0,33325.0,33322.5,9.34274e-07,4.67137e-06,0
33325.0,33330.0,33327.5,1.879562e-06,9.39781e-06,0
33330.0,33335.0,33332.5,1.870908e-06,9.35454e-06,0
33335.0,33340.0,33337.5,5.741088e-06,2.870544e-05,0
33340.0,33345.0,33342.5,2.80074e-06,1.40037e-05,0
33345.0,33350.0,33347.5,4.792514e-06,2.396257e-05,0
33355.0,33360.0,33357.5,1.870908e-06,9.35454e-06,0
33360.0,33365.0,33362.5,1.869728e-06,9.34864e-06,0
33365.0,33370.0,33367.5,4.720946e-06,2.360473e-05,0
33370.0,33375.0,33372.5,3.806818e-06,1.903409e-05,0
33375.0,33380.0,33377.5,2.811398e-06,1.405699e-05,0
33380.0,33385.0,33382.5,4.71229e-06,2.356145e-05,0
33385.0,33390.0,33387.5,6.60275e-06,3.301375e-05,0
33390.0,33395.0,33392.5,9.443482e-06,4.721741e-05,0
33395.0,33400.0,33397.5,1.917532e-06,9.58766e-06,0
33400.0,33405.0,33402.5,3.745672e-06,1.872836e-05,0
33405.0,33410.0,33407.5,4.715432e-06,2.357716e-05,0
33410.0,33415.0,33412.5,2.841382e-06,1.420691e-05,0
33415.0,33420.0,33417.5,2.849386e-06,1.424693e-05,0
33420.0,33425.0,33422.5,9.35454e-07,4.67727e-06,0
33425.0,33430.0,33427.5,2.882988e-06,1.441494e-05,0
33430.0,33435.0,33432.5,4.68899e-06,2.344495e-05,0
33435.0,33440.0,33437.5,1.86729e-06,9.33645e-06,0
33440.0,33445.0,33442.5,9.31836e-07,4.65918e-06,0
33445.0,33450.0,33447.5,1.862848e-06,9.31424e-06,0
33450.0,33455.0,33452.5,3.800028e-06,1.900014e-05,0
33455.0,33460.0,33457.5,3.8305e-06,1.91525e-05,0
33460.0,33465.0,33462.5,1.870908e-06,9.35454e-06,0
33465.0,33470.0,33467.5,5.605696e-06,2.802848e-05,0
33470.0,33475.0,33472.5,3.725696e-06,1.862848e-05,0
33475.0,33480.0,33477.5,9.31012e-07,4.65506e-06,0
33480.0,33485.0,33482.5,1.862848e-06,9.31424e-06,0
33485.0,33490.0,33487.5,2.849322e-06,1.424661e-05,0
33490.0,33495.0,33492.5,1.908832e-06,9.54416e-06,0
33495.0,33500.0,33497.5,3.814122e-06,1.907061e-05,0
33500.0,33505.0,33502.5,9.35454e-07,4.67727e-06,0
33505.0,33510.0,33507.5,2.810218e-06,1.405109e-05,0
33510.0,33515.0,33512.5,2.831688e-06,1.415844e-05,0
33515.0,33520.0,33517.5,5.672246e-06,2.836123e-05,0
33520.0,33525.0,33522.5,9.65578e-07,4.82789e-06,0
33525.0,33530.0,33527.5,4.701632e-06,2.350816e-05,0
33530.0,33535.0,33532.5,1.865286e-06,9.32643e-06,0
33535.0,33540.0,33537.5,2.820054e-06,1.410027e-05,0
33540.0,33545.0,33542.5,3.795078e-06,1.897539e-05,0
33545.0,33550.0,33547.5,2.848188e-06,1.424094e-05,0
33550.0,33555.0,33552.5,2.794684e-06,1.397342e-05,0
33555.0,33560.0,33557.5,1.909546e-06,9.54773e-06,0
33560.0,33565.0,33562.5,4.74953e-06,2.374765e-05,0
33565.0,33570.0,33567.5,3.826382e-06,1.913191e-05,0
33570.0,33575.0,33572.5,5.665314e-06,2.832657e-05,0
33575.0,33580.0,33577.5,3.798164e-06,1.899082e-05,0
33580.0,33585.0,33582.5,5.623394e-06,2.811697e-05,0
33585.0,33590.0,33587.5,1.955456e-06,9.77728e-06,0
33590.0,33595.0,33592.5,3.770856e-06,1.885428e-05,0
33595.0,33600.0,33597.5,9.65438e-07,4.82719e-06,0
33600.0,33605.0,33602.5,2.899488e-06,1.449744e-05,0
33610.0,33615.0,33612.5,1.882984e-06,9.41492e-06,0
33615.0,33620.0,33617.5,2.831534e-06,1.415767e-05,0
33620.0,33625.0,33622.5,3.822746e-06,1.911373e-05,0
33625.0,33630.0,33627.5,3.798164e-06,1.899082e-05,0
33630.0,33635.0,33632.5,3.80084e-06,1.90042e-05,0
33635.0,33640.0,33637.5,1.91741e-06,9.58705e-06,0
33645.0,33650.0,33647.5,3.830576e-06,1.915288e-05,0
33650.0,33655.0,33652.5,9.65578e-07,4.82789e-06,0
33655.0,33660.0,33657.5,2.838664e-06,1.419332e-05,0
33660.0,33665.0,33662.5,1.868548e-06,9.34274e-06,0
33665.0,33670.0,33667.5,4.750278e-06,2.375139e-05,0
33670.0,33675.0,33672.5,1.879562e-06,9.39781e-06,0
33675.0,33680.0,33677.5,9.31012e-07,4.65506e-06,0
33680.0,33685.0,33682.5,1.86729e-06,9.33645e-06,0
33690.0,33695.0,33692.5,5.631464e-06,2.815732e-05,0
33695.0,33700.0,33697.5,1.863672e-06,9.31836e-06,0
33700.0,33705.0,33702.5,2.809394e-06,1.404697e-05,0
33705.0,33710.0,33707.5,1.917532e-06,9.58766e-06,0
33715.0,33720.0,33717.5,4.694072e-06,2.347036e-05,0
33720.0,33725.0,33722.5,9.51972e-07,4.75986e-06,0
33725.0,33730.0,33727.5,1.862848e-06,9.31424e-06,0
33730.0,33735.0,33732.5,1.879562e-06,9.39781e-06,0
33735.0,33740.0,33737.5,5.646864e-06,2.823432e-05,0
33740.0,33745.0,33742.5,5.64093e-06,2.820465e-05,0
33745.0,33750.0,33747.5,2.856362e-06,1.428181e-05,0
33750.0,33755.0,33752.5,1.866466e-06,9.33233e-06,0
33755.0,33760.0,33757.5,4.739556e-06,2.369778e-05,0
33760.0,33765.0,33762.5,2.84514e-06,1.42257e-05,0
33765.0,33770.0,33767.5,2.851684e-06,1.425842e-05,0
33770.0,33775.0,33772.5,2.812656e-06,1.406328e-05,0
33775.0,33780.0,33777.5,9.31836e-07,4.65918e-06,0
33780.0,33785.0,33782.5,9.82078e-07,4.91039e-06,0
33785.0,33790.0,33787.5,4.70993e-06,2.354965e-05,0
33790.0,33795.0,33792.5,2.797478e-06,1.398739e-05,0
33795.0,33800.0,33797.5,9.34274e-07,4.67137e-06,0
33800.0,33805.0,33802.5,4.779208e-06,2.389604e-05,0
33805.0,33810.0,33807.5,2.835306e-06,1.417653e-05,0
33810.0,33815.0,33812.5,4.719096e-06,2.359548e-05,0
33820.0,33825.0,33822.5,3.835264e-06,1.917632e-05,0
33825.0,33830.0,33827.5,2.83822e-06,1.41911e-05,0
33830.0,33835.0,33832.5,2.84575e-06,1.422875e-05,0
33845.0,33850.0,33847.5,9.44108e-07,4.72054e-06,0
33850.0,33855.0,33852.5,6.647406e-06,3.323703e-05,0
33855.0,33860.0,33857.5,2.890864e-06,1.445432e-05,0
33860.0,33865.0,33862.5,3.805994e-06,1.902997e-05,0
33865.0,33870.0,33867.5,5.732182e-06,2.866091e-05,0
33870.0,33875.0,33872.5,3.814806e-06,1.907403e-05,0
33875.0,33880.0,33877.5,2.88221e-06,1.441105e-05,0
33880.0,33885.0,33882.5,1.92535e-06,9.62675e-06,0
33885.0,33890.0,33887.5,1.900892e-06,9.50446e-06,0
33890.0,33895.0,33892.5,1.900892e-06,9.50446e-06,0
33895.0,33900.0,33897.5,1.886246e-06,9.43123e-06,0
33900.0,33905.0,33902.5,4.703712e-06,2.351856e-05,0
33905.0,33910.0,33907.5,1.89659e-06,9.48295e-06,0
33910.0,33915.0,33912.5,9.65578e-07,4.82789e-06,0
33915.0,33920.0,33917.5,1.865286e-06,9.32643e-06,0
33920.0,33925.0,33922.5,1.901032e-06,9.50516e-06,0
33925.0,33930.0,33927.5,2.802744e-06,1.401372e-05,0
33930.0,33935.0,33932.5,3.782772e-06,1.891386e-05,0
33935.0,33940.0,33937.5,3.810428e-06,1.905214e-05,0
33940.0,33945.0,33942.5,2.827916e-06,1.413958e-05,0
33950.0,33955.0,33952.5,3.83623e-06,1.918115e-05,0
33955.0,33960.0,33957.5,9.65438e-07,4.82719e-06,0
33960.0,33965.0,33962.5,2.896452e-06,1.448226e-05,0
33965.0,33970.0,33967.5,9.73378e-07,4.86689e-06,0
33970.0,33975.0,33972.5,2.810574e-06,1.405287e-05,0
33975.0,33980.0,33977.5,1.903946e-06,9.51973e-06,0
33980.0,33985.0,33982.5,2.831548e-06,1.415774e-05,0
33985.0,33990.0,33987.5,4.79676e-06,2.39838e-05,0
33990.0,33995.0,33992.5,9.35454e-07,4.67727e-06,0
33995.0,34000.0,33997.5,9.35454e-07,4.67727e-06,0
34000.0,34005.0,34002.5,3.76256e-06,1.88128e-05,0
34005.0,34010.0,34007.5,1.862848e-06,9.31424e-06,0
34010.0,34015.0,34012.5,1.882984e-06,9.41492e-06,0
34015.0,34020.0,34017.5,1.897274e-06,9.48637e-06,0
34020.0,34025.0,34022.5,3.754684e-06,1.877342e-05,0
34025.0,34030.0,34027.5,2.833986e-06,1.416993e-05,0
34030.0,34035.0,34032.5,1.865286e-06,9.32643e-06,0
34035.0,34040.0,34037.5,2.841522e-06,1.420761e-05,0
34040.0,34045.0,34042.5,2.899564e-06,1.449782e-05,0
34045.0,34050.0,34047.5,4.690764e-06,2.345382e-05,0
34050.0,34055.0,34052.5,4.73467e-06,2.367335e-05,0
34055.0,34060.0,34057.5,1.869728e-06,9.34864e-06,0
34065.0,34070.0,34067.5,1.947516e-06,9.73758e-06,0
34070.0,34075.0,34072.5,3.767498e-06,1.883749e-05,0
34075.0,34080.0,34077.5,9.82078e-07,4.91039e-06,0
34080.0,34085.0,34082.5,2.815016e-06,1.407508e-05,0
34085.0,34090.0,34087.5,4.726914e-06,2.363457e-05,0
34090.0,34095.0,34092.5,3.797112e-06,1.898556e-05,0
34095.0,34100.0,34097.5,9.65438e-07,4.82719e-06,0
34100.0,34105.0,34102.5,6.684908e-06,3.342454e-05,0
34105.0,34110.0,34107.5,2.802744e-06,1.401372e-05,0
34110.0,34115.0,34112.5,2.82911e-06,1.414555e-05,0
34115.0,34120.0,34117.5,1.878382e-06,9.39191e-06,0
34120.0,34125.0,34122.5,6.647056e-06,3.323528e-05,0
34125.0,34130.0,34127.5,3.724876e-06,1.862438e-05,0
34130.0,34135.0,34132.5,9.51972e-07,4.75986e-06,0
34135.0,34140.0,34137.5,9.44108e-07,4.72054e-06,0
34140.0,34145.0,34142.5,1.86729e-06,9.33645e-06,0
34150.0,34155.0,34152.5,9.31836e-07,4.65918e-06,0
34155.0,34160.0,34157.5,2.869384e-06,1.434692e-05,0
34160.0,34165.0,34162.5,1.91309e-06,9.56545e-06,0
34165.0,34170.0,34167.5,9.35454e-07,4.67727e-06,0
34170.0,34175.0,34172.5,1.868548e-06,9.34274e-06,0
34175.0,34180.0,34177.5,1.91309e-06,9.56545e-06,0
34180.0,34185.0,34182.5,4.725268e-06,2.362634e-05,0
34185.0,34190.0,34187.5,6.676278e-06,3.338139e-05,0
34190.0,34195.0,34192.5,1.899852e-06,9.49926e-06,0
34195.0,34200.0,34197.5,3.766794e-06,1.883397e-05,0
34200.0,34205.0,34202.5,1.868548e-06,9.34274e-06,0
34205.0,34210.0,34207.5,7.475344e-06,3.737672e-05,0
34210.0,34215.0,34212.5,1.91741e-06,9.58705e-06,0
34215.0,34220.0,34217.5,3.735838e-06,1.867919e-05,0
34220.0,34225.0,34222.5,5.684766e-06,2.842383e-05,0
34225.0,34230.0,34227.5,2.88311e-06,1.441555e-05,0
34230.0,34235.0,34232.5,3.792652e-06,1.896326e-05,0
34235.0,34240.0,34237.5,1.913914e-06,9.56957e-06,0
34240.0,34245.0,34242.5,2.848498e-06,1.424249e-05,0
34245.0,34250.0,34247.5,5.674802e-06,2.837401e-05,0
34250.0,34255.0,34252.5,3.784016e-06,1.892008e-05,0
34255.0,34260.0,34257.5,5.693562e-06,2.846781e-05,0
34260.0,34265.0,34262.5,2.862028e-06,1.431014e-05,0
34265.0,34270.0,34267.5,2.801564e-06,1.400782e-05,0
34270.0,34275.0,34272.5,2.88103e-06,1.440515e-05,0
34275.0,34280.0,34277.5,3.775938e-06,1.887969e-05,0
34280.0,34285.0,34282.5,9.73378e-07,4.86689e-06,0
34285.0,34290.0,34287.5,1.882984e-06,9.41492e-06,0
34290.0,34295.0,34292.5,3.821922e-06,1.910961e-05,0
34295.0,34300.0,34297.5,2.81923e-06,1.409615e-05,0
34300.0,34305.0,34302.5,3.84493e-06,1.922465e-05,0
34305.0,34310.0,34307.5,3.872866e-06,1.936433e-05,0
34310.0,34315.0,34312.5,6.608956e-06,3.304478e-05,0
34315.0,34320.0,34317.5,9.65438e-07,4.82719e-06,0
34325.0,34330.0,34327.5,3.782818e-06,1.891409e-05,0
34330.0,34335.0,34332.5,9.31012e-07,4.65506e-06,0
34335.0,34340.0,34337.5,4.663232e-06,2.331616e-05,0
34340.0,34345.0,34342.5,3.803798e-06,1.901899e-05,0
34345.0,34350.0,34347.5,4.812208e-06,2.406104e-05,0
34350.0,34355.0,34352.5,2.848498e-06,1.424249e-05,0
34355.0,34360.0,34357.5,3.800516e-06,1.900258e-05,0
34360.0,34365.0,34362.5,4.69222e-06,2.34611e-05,0
34365.0,34370.0,34367.5,9.51972e-07,4.75986e-06,0
34370.0,34375.0,34372.5,1.866466e-06,9.33233e-06,0
34375.0,34380.0,34377.5,2.844926e-06,1.422463e-05,0
34380.0,34385.0,34382.5,1.903946e-06,9.51973e-06,0
34385.0,34390.0,34387.5,1.91755e-06,9.58775e-06,0
34390.0,34395.0,34392.5,9.65438e-07,4.82719e-06,0
34395.0,34400.0,34397.5,2.806956e-06,1.403478e-05,0
34400.0,34405.0,34402.5,4.752854e-06,2.376427e-05,0
34405.0,34410.0,34407.5,2.851684e-06,1.425842e-05,0
34410.0,34415.0,34412.5,2.82911e-06,1.414555e-05,0
34415.0,34420.0,34417.5,9.31836e-07,4.65918e-06,0
34420.0,34425.0,34422.5,3.782696e-06,1.891348e-05,0
34425.0,34430.0,34427.5,2.834126e-06,1.417063e-05,0
34430.0,34435.0,34432.5,1.897274e-06,9.48637e-06,0
34435.0,34440.0,34437.5,3.804838e-06,1.902419e-05,0
34440.0,34445.0,34442.5,2.890788e-06,1.445394e-05,0
34445.0,34450.0,34447.5,9.31836e-07,4.65918e-06,0
34450.0,34455.0,34452.5,9.44108e-07,4.72054e-06,0
34455.0,34460.0,34457.5,1.886246e-06,9.43123e-06,0
34460.0,34465.0,34462.5,1.90439e-06,9.52195e-06,0
34465.0,34470.0,34467.5,2.866608e-06,1.433304e-05,0
34470.0,34475.0,34472.5,3.731396e-06,1.865698e-05,0
34475.0,34480.0,34477.5,2.82925e-06,1.414625e-05,0
34480.0,34485.0,34482.5,2.865886e-06,1.432943e-05,0
34485.0,34490.0,34487.5,2.79386e-06,1.39693e-05,0
34495.0,34500.0,34497.5,3.793864e-06,1.896932e-05,0
34500.0,34505.0,34502.5,1.879562e-06,9.39781e-06,0
34505.0,34510.0,34507.5,2.806956e-06,1.403478e-05,0
34510.0,34515.0,34512.5,3.813492e-06,1.906746e-05,0
34515.0,34520.0,34517.5,9.44108e-07,4.72054e-06,0
34520.0,34525.0,34522.5,1.862848e-06,9.31424e-06,0
34525.0,34530.0,34527.5,3.814e-06,1.907e-05,0
34530.0,34535.0,34532.5,5.626652e-06,2.813326e-05,0
34535.0,34540.0,34537.5,9.65438e-07,4.82719e-06,0
34540.0,34545.0,34542.5,1.865286e-06,9.32643e-06,0
34545.0,34550.0,34547.5,9.31836e-07,4.65918e-06,0
34550.0,34555.0,34552.5,2.850626e-06,1.425313e-05,0
34555.0,34560.0,34557.5,6.667644e-06,3.333822e-05,0
34560.0,34565.0,34562.5,4.74922e-06,2.37461e-05,0
34565.0,34570.0,34567.5,1.888218e-06,9.44109e-06,0
34570.0,34575.0,34572.5,2.809394e-06,1.404697e-05,0
34580.0,34585.0,34582.5,1.875944e-06,9.37972e-06,0
34585.0,34590.0,34587.5,2.848544e-06,1.424272e-05,0
34590.0,34595.0,34592.5,9.82078e-07,4.91039e-06,0
34595.0,34600.0,34597.5,1.909686e-06,9.54843e-06,0
34600.0,34605.0,34602.5,3.819092e-06,1.909546e-05,0
34605.0,34610.0,34607.5,2.801564e-06,1.400782e-05,0
34615.0,34620.0,34617.5,2.865886e-06,1.432943e-05,0
34620.0,34625.0,34622.5,2.861886e-06,1.430943e-05,0
34625.0,34630.0,34627.5,3.795078e-06,1.897539e-05,0
34630.0,34635.0,34632.5,2.80074e-06,1.40037e-05,0
34635.0,34640.0,34637.5,3.842836e-06,1.921418e-05,0
34640.0,34645.0,34642.5,2.801564e-06,1.400782e-05,0
34645.0,34650.0,34647.5,9.65438e-07,4.82719e-06,0
34650.0,34655.0,34652.5,1.875944e-06,9.37972e-06,0
34655.0,34660.0,34657.5,1.93405e-06,9.67025e-06,0
34660.0,34665.0,34662.5,9.82078e-07,4.91039e-06,0
34665.0,34670.0,34667.5,1.89659e-06,9.48295e-06,0
34670.0,34675.0,34672.5,9.35454e-07,4.67727e-06,0
34675.0,34680.0,34677.5,3.8314e-06,1.9157e-05,0
34680.0,34685.0,34682.5,4.728734e-06,2.364367e-05,0
34685.0,34690.0,34687.5,2.851684e-06,1.425842e-05,0
34695.0,34700.0,34697.5,6.69646e-06,3.34823e-05,0
34700.0,34705.0,34702.5,4.736294e-06,2.368147e-05,0
34705.0,34710.0,34707.5,4.70669e-06,2.353345e-05,0
34710.0,34715.0,34712.5,2.861658e-06,1.430829e-05,0
34715.0,34720.0,34717.5,1.875944e-06,9.37972e-06,0
34720.0,34725.0,34722.5,9.65438e-07,4.82719e-06,0
34725.0,34730.0,34727.5,1.879562e-06,9.39781e-06,0
34730.0,34735.0,34732.5,3.806106e-06,1.903053e-05,0
34735.0,34740.0,34737.5,1.86729e-06,9.33645e-06,0
34740.0,34745.0,34742.5,2.800384e-06,1.400192e-05,0
34745.0,34750.0,34747.5,1.862848e-06,9.31424e-06,0
34750.0,34755.0,34752.5,2.794684e-06,1.397342e-05,0
34755.0,34760.0,34757.5,3.785492e-06,1.892746e-05,0
34760.0,34765.0,34762.5,9.34274e-07,4.67137e-06,0
34765.0,34770.0,34767.5,2.822492e-06,1.411246e-05,0
34770.0,34775.0,34772.5,5.647516e-06,2.823758e-05,0
34775.0,34780.0,34777.5,2.827916e-06,1.413958e-05,0
34780.0,34785.0,34782.5,9.65438e-07,4.82719e-06,0
34785.0,34790.0,34787.5,1.897414e-06,9.48707e-06,0
34795.0,34800.0,34797.5,2.801564e-06,1.400782e-05,0
34800.0,34805.0,34802.5,2.870296e-06,1.435148e-05,0
34805.0,34810.0,34807.5,2.827916e-06,1.413958e-05,0
34810.0,34815.0,34812.5,9.73378e-07,4.86689e-06,0
34815.0,34820.0,34817.5,2.859624e-06,1.429812e-05,0
34825.0,34830.0,34827.5,1.882984e-06,9.41492e-06,0
34830.0,34835.0,34832.5,5.668706e-06,2.834353e-05,0
34835.0,34840.0,34837.5,9.31012e-07,4.65506e-06,0
34840.0,34845.0,34842.5,3.782772e-06,1.891386e-05,0
34850.0,34855.0,34852.5,3.809994e-06,1.904997e-05,0
34855.0,34860.0,34857.5,2.852864e-06,1.426432e-05,0
34860.0,34865.0,34862.5,3.819128e-06,1.909564e-05,0
34865.0,34870.0,34867.5,2.870652e-06,1.435326e-05,0
34870.0,34875.0,34872.5,1.955456e-06,9.77728e-06,0
34875.0,34880.0,34877.5,2.797478e-06,1.398739e-05,0
34880.0,34885.0,34882.5,2.86164e-06,1.43082e-05,0
34885.0,34890.0,34887.5,2.86271e-06,1.431355e-05,0
34895.0,34900.0,34897.5,9.82078e-07,4.91039e-06,0
34900.0,34905.0,34902.5,3.765808e-06,1.882904e-05,0
34905.0,34910.0,34907.5,2.812656e-06,1.406328e-05,0
34910.0,34915.0,34912.5,1.907652e-06,9.53826e-06,0
34915.0,34920.0,34917.5,4.728886e-06,2.364443e-05,0
34920.0,34925.0,34922.5,9.35454e-07,4.67727e-06,0
34925.0,34930.0,34927.5,4.693202e-06,2.346601e-05,0
34930.0,34935.0,34932.5,3.755974e-06,1.877987e-05,0
34935.0,34940.0,34937.5,1.882984e-06,9.41492e-06,0
34940.0,34945.0,34942.5,3.772026e-06,1.886013e-05,0
34950.0,34955.0,34952.5,3.730138e-06,1.865069e-05,0
34955.0,34960.0,34957.5,9.73378e-07,4.86689e-06,0
34960.0,34965.0,34962.5,9.65578e-07,4.82789e-06,0
34965.0,34970.0,34967.5,1.89608e-06,9.4804e-06,0
34970.0,34975.0,34972.5,3.805698e-06,1.902849e-05,0
34975.0,34980.0,34977.5,4.76316e-06,2.38158e-05,0
34980.0,34985.0,34982.5,1.899852e-06,9.49926e-06,0
34985.0,34990.0,34987.5,1.87512e-06,9.3756e-06,0
34990.0,34995.0,34992.5,1.868548e-06,9.34274e-06,0
34995.0,35000.0,34997.5,4.753832e-06,2.376916e-05,0
35000.0,35005.0,35002.5,3.770056e-06,1.885028e-05,0
35005.0,35010.0,35007.5,9.44108e-07,4.72054e-06,0
35010.0,35015.0,35012.5,3.817664e-06,1.908832e-05,0
35015.0,35020.0,35017.5,3.844106e-06,1.922053e-05,0
35020.0,35025.0,35022.5,2.810574e-06,1.405287e-05,0
35025.0,35030.0,35027.5,2.860804e-06,1.430402e-05,0
35030.0,35035.0,35032.5,5.68395e-06,2.841975e-05,0
35035.0,35040.0,35037.5,9.51972e-07,4.75986e-06,0
35040.0,35045.0,35042.5,9.51972e-07,4.75986e-06,0
35045.0,35050.0,35047.5,1.89645e-06,9.48225e-06,0
35050.0,35055.0,35052.5,1.878382e-06,9.39191e-06,0
35055.0,35060.0,35057.5,2.861658e-06,1.430829e-05,0
35060.0,35065.0,35062.5,9.65438e-07,4.82719e-06,0
35065.0,35070.0,35067.5,1.870908e-06,9.35454e-06,0
35070.0,35075.0,35072.5,2.88973e-06,1.444865e-05,0
35075.0,35080.0,35077.5,9.31012e-07,4.65506e-06,0
35080.0,35085.0,35082.5,3.796972e-06,1.898486e-05,0
35085.0,35090.0,35087.5,3.782462e-06,1.891231e-05,0
35095.0,35100.0,35097.5,1.862024e-06,9.31012e-06,0
35100.0,35105.0,35102.5,4.709918e-06,2.354959e-05,0
35105.0,35110.0,35107.5,3.825898e-06,1.912949e-05,0
35110.0,35115.0,35112.5,2.865886e-06,1.432943e-05,0
35115.0,35120.0,35117.5,1.908832e-06,9.54416e-06,0
35120.0,35125.0,35122.5,2.861886e-06,1.430943e-05,0
35125.0,35130.0,35127.5,9.31012e-07,4.65506e-06,0
35130.0,35135.0,35132.5,9.51972e-07,4.75986e-06,0
35135.0,35140.0,35137.5,3.795914e-06,1.897957e-05,0
35140.0,35145.0,35142.5,9.31012e-07,4.65506e-06,0
35150.0,35155.0,35152.5,2.831688e-06,1.415844e-05,0
35160.0,35165.0,35162.5,7.600914e-06,3.800457e-05,0
35170.0,35175.0,35172.5,2.818082e-06,1.409041e-05,0
35175.0,35180.0,35177.5,9.65578e-07,4.82789e-06,0
35180.0,35185.0,35182.5,3.729314e-06,1.864657e-05,0
35185.0,35190.0,35187.5,2.83822e-06,1.41911e-05,0
35190.0,35195.0,35192.5,4.766112e-06,2.383056e-05,0
35195.0,35200.0,35197.5,1.899712e-06,9.49856e-06,0
35200.0,35205.0,35202.5,1.91309e-06,9.56545e-06,0
35205.0,35210.0,35207.5,2.840558e-06,1.420279e-05,0
35210.0,35215.0,35212.5,1.897274e-06,9.48637e-06,0
35215.0,35220.0,35217.5,2.88221e-06,1.441105e-05,0
35220.0,35225.0,35222.5,3.8305e-06,1.91525e-05,0
35225.0,35230.0,35227.5,1.869728e-06,9.34864e-06,0
35230.0,35235.0,35232.5,9.44108e-07,4.72054e-06,0
35235.0,35240.0,35237.5,1.899712e-06,9.49856e-06,0
35240.0,35245.0,35242.5,3.728134e-06,1.864067e-05,0
35250.0,35255.0,35252.5,5.624442e-06,2.812221e-05,0
35255.0,35260.0,35257.5,2.857186e-06,1.428593e-05,0
35260.0,35265.0,35262.5,2.828426e-06,1.414213e-05,0
35265.0,35270.0,35267.5,2.810574e-06,1.405287e-05,0
35270.0,35275.0,35272.5,1.908832e-06,9.54416e-06,0
35275.0,35280.0,35277.5,1.91741e-06,9.58705e-06,0
35280.0,35285.0,35282.5,3.754684e-06,1.877342e-05,0
35285.0,35290.0,35287.5,1.86611e-06,9.33055e-06,0
35290.0,35295.0,35292.5,1.947656e-06,9.73828e-06,0
35295.0,35300.0,35297.5,1.909686e-06,9.54843e-06,0
35300.0,35305.0,35302.5,3.793494e-06,1.896747e-05,0
35305.0,35310.0,35307.5,2.869458e-06,1.434729e-05,0
35310.0,35315.0,35312.5,4.719114e-06,2.359557e-05,0
35315.0,35320.0,35317.5,3.81858e-06,1.90929e-05,0
35320.0,35325.0,35322.5,9.51972e-07,4.75986e-06,0
35325.0,35330.0,35327.5,1.866466e-06,9.33233e-06,0
35330.0,35335.0,35332.5,2.843106e-06,1.421553e-05,0
35335.0,35340.0,35337.5,1.908832e-06,9.54416e-06,0
35345.0,35350.0,35347.5,2.811398e-06,1.405699e-05,0
35350.0,35355.0,35352.5,4.753788e-06,2.376894e-05,0
35355.0,35360.0,35357.5,8.529402e-06,4.264701e-05,0
35360.0,35365.0,35362.5,3.828156e-06,1.914078e-05,0
35365.0,35370.0,35367.5,1.882984e-06,9.41492e-06,0
35370.0,35375.0,35372.5,3.8218e-06,1.9109e-05,0
35375.0,35380.0,35377.5,3.784668e-06,1.892334e-05,0
35380.0,35385.0,35382.5,4.731756e-06,2.365878e-05,0
35385.0,35390.0,35387.5,1.862848e-06,9.31424e-06,0
35390.0,35395.0,35392.5,1.900892e-06,9.50446e-06,0
35395.0,35400.0,35397.5,9.34274e-07,4.67137e-06,0
35400.0,35405.0,35402.5,1.875944e-06,9.37972e-06,0
35405.0,35410.0,35407.5,2.861658e-06,1.430829e-05,0
35410.0,35415.0,35412.5,9.31012e-07,4.65506e-06,0
35415.0,35420.0,35417.5,6.679896e-06,3.339948e-05,0
35420.0,35425.0,35422.5,9.34274e-07,4.67137e-06,0
35425.0,35430.0,35427.5,2.937532e-06,1.468766e-05,0
35430.0,35435.0,35432.5,9.34274e-07,4.67137e-06,0
35435.0,35440.0,35437.5,4.683724e-06,2.341862e-05,0
35440.0,35445.0,35442.5,1.882984e-06,9.41492e-06,0
35445.0,35450.0,35447.5,1.866466e-06,9.33233e-06,0
35450.0,35455.0,35452.5,2.810574e-06,1.405287e-05,0
35455.0,35460.0,35457.5,3.775656e-06,1.887828e-05,0
35460.0,35465.0,35462.5,3.784016e-06,1.892008e-05,0
35465.0,35470.0,35467.5,1.887426e-06,9.43713e-06,0
35470.0,35475.0,35472.5,9.65578e-07,4.82789e-06,0
35475.0,35480.0,35477.5,9.31012e-07,4.65506e-06,0
35480.0,35485.0,35482.5,9.44108e-07,4.72054e-06,0
35485.0,35490.0,35487.5,1.863672e-06,9.31836e-06,0
35490.0,35495.0,35492.5,2.862166e-06,1.431083e-05,0
35495.0,35500.0,35497.5,1.908832e-06,9.54416e-06,0
35500.0,35505.0,35502.5,3.767498e-06,1.883749e-05,0
35505.0,35510.0,35507.5,1.89659e-06,9.48295e-06,0
35510.0,35515.0,35512.5,1.91755e-06,9.58775e-06,0
35515.0,35520.0,35517.5,2.811398e-06,1.405699e-05,0
35520.0,35525.0,35522.5,3.841702e-06,1.920851e-05,0
35525.0,35530.0,35527.5,9.31836e-07,4.65918e-06,0
35530.0,35535.0,35532.5,1.863672e-06,9.31836e-06,0
35535.0,35540.0,35537.5,6.699472e-06,3.349736e-05,0
35540.0,35545.0,35542.5,1.86611e-06,9.33055e-06,0
35545.0,35550.0,35547.5,2.85592e-06,1.42796e-05,0
35550.0,35555.0,35552.5,2.799126e-06,1.399563e-05,0
35555.0,35560.0,35557.5,2.80282e-06,1.40141e-05,0
35560.0,35565.0,35562.5,2.84575e-06,1.422875e-05,0
35565.0,35570.0,35567.5,9.34274e-07,4.67137e-06,0
35570.0,35575.0,35572.5,3.83844e-06,1.91922e-05,0
35575.0,35580.0,35577.5,2.870652e-06,1.435326e-05,0
35580.0,35585.0,35582.5,2.841926e-06,1.420963e-05,0
35585.0,35590.0,35587.5,2.834958e-06,1.417479e-05,0
35590.0,35595.0,35592.5,4.73104e-06,2.36552e-05,0
35595.0,35600.0,35597.5,9.35454e-07,4.67727e-06,0
35600.0,35605.0,35602.5,9.31012e-07,4.65506e-06,0
35605.0,35610.0,35607.5,9.65438e-07,4.82719e-06,0
35610.0,35615.0,35612.5,1.869728e-06,9.34864e-06,0
35615.0,35620.0,35617.5,9.65438e-07,4.82719e-06,0
35620.0,35625.0,35622.5,3.732576e-06,1.866288e-05,0
35625.0,35630.0,35627.5,3.758478e-06,1.879239e-05,0
35630.0,35635.0,35632.5,3.818442e-06,1.909221e-05,0
35635.0,35640.0,35637.5,1.946756e-06,9.73378e-06,0
35640.0,35645.0,35642.5,1.91741e-06,9.58705e-06,0
35645.0,35650.0,35647.5,2.830354e-06,1.415177e-05,0
35650.0,35655.0,35652.5,3.784668e-06,1.892334e-05,0
35655.0,35660.0,35657.5,2.869458e-06,1.434729e-05,0
35660.0,35665.0,35662.5,9.31012e-07,4.65506e-06,0
35665.0,35670.0,35667.5,3.730138e-06,1.865069e-05,0
35670.0,35675.0,35672.5,9.34274e-07,4.67137e-06,0
35675.0,35680.0,35677.5,5.599866e-06,2.799933e-05,0
35680.0,35685.0,35682.5,2.851684e-06,1.425842e-05,0
35685.0,35690.0,35687.5,5.608952e-06,2.804476e-05,0
35690.0,35695.0,35692.5,5.619614e-06,2.809807e-05,0
35695.0,35700.0,35697.5,1.907652e-06,9.53826e-06,0
35700.0,35705.0,35702.5,9.51972e-07,4.75986e-06,0
35705.0,35710.0,35707.5,1.89659e-06,9.48295e-06,0
35710.0,35715.0,35712.5,3.801294e-06,1.900647e-05,0
35715.0,35720.0,35717.5,1.947516e-06,9.73758e-06,0
35720.0,35725.0,35722.5,1.869728e-06,9.34864e-06,0
35725.0,35730.0,35727.5,9.65438e-07,4.82719e-06,0
35730.0,35735.0,35732.5,2.806956e-06,1.403478e-05,0
35735.0,35740.0,35737.5,9.65438e-07,4.82719e-06,0
35740.0,35745.0,35742.5,4.764914e-06,2.382457e-05,0
35745.0,35750.0,35747.5,1.938956e-06,9.69478e-06,0
35750.0,35755.0,35752.5,1.862848e-06,9.31424e-06,0
35755.0,35760.0,35757.5,3.770856e-06,1.885428e-05,0
35765.0,35770.0,35767.5,4.67586e-06,2.33793e-05,0
35770.0,35775.0,35772.5,1.909546e-06,9.54773e-06,0
35785.0,35790.0,35787.5,1.868548e-06,9.34274e-06,0
35790.0,35795.0,35792.5,9.35454e-07,4.67727e-06,0
35795.0,35800.0,35797.5,1.862024e-06,9.31012e-06,0
35800.0,35805.0,35802.5,2.831688e-06,1.415844e-05,0
35805.0,35810.0,35807.5,2.853004e-06,1.426502e-05,0
35810.0,35815.0,35812.5,1.887426e-06,9.43713e-06,0
35815.0,35820.0,35817.5,2.861518e-06,1.430759e-05,0
35820.0,35825.0,35822.5,4.786936e-06,2.393468e-05,0
35825.0,35830.0,35827.5,2.80778e-06,1.40389e-05,0
35830.0,35835.0,35832.5,9.65578e-07,4.82789e-06,0
35835.0,35840.0,35837.5,1.899712e-06,9.49856e-06,0
35840.0,35845.0,35842.5,9.65578e-07,4.82789e-06,0
35845.0,35850.0,35847.5,1.86611e-06,9.33055e-06,0
35850.0,35855.0,35852.5,7.482822e-06,3.741411e-05,0
35855.0,35860.0,35857.5,2.866328e-06,1.433164e-05,0
35860.0,35865.0,35862.5,9.51972e-07,4.75986e-06,0
35865.0,35870.0,35867.5,2.847364e-06,1.423682e-05,0
35870.0,35875.0,35872.5,2.89091e-06,1.445455e-05,0
35875.0,35880.0,35877.5,1.89608e-06,9.4804e-06,0
35880.0,35885.0,35882.5,2.819262e-06,1.409631e-05,0
35885.0,35890.0,35887.5,2.86164e-06,1.43082e-05,0
35890.0,35895.0,35892.5,2.862028e-06,1.431014e-05,0
35895.0,35900.0,35897.5,9.31012e-07,4.65506e-06,0
35900.0,35905.0,35902.5,9.34274e-07,4.67137e-06,0
35905.0,35910.0,35907.5,1.886246e-06,9.43123e-06,0
35910.0,35915.0,35912.5,2.827916e-06,1.413958e-05,0
35915.0,35920.0,35917.5,3.76337e-06,1.881685e-05,0
35920.0,35925.0,35922.5,9.82078e-07,4.91039e-06,0
35925.0,35930.0,35927.5,3.77171e-06,1.885855e-05,0
35930.0,35935.0,35932.5,2.810574e-06,1.405287e-05,0
35935.0,35940.0,35937.5,9.31836e-07,4.65918e-06,0
35940.0,35945.0,35942.5,3.76256e-06,1.88128e-05,0
35945.0,35950.0,35947.5,2.819262e-06,1.409631e-05,0
35950.0,35955.0,35952.5,9.35454e-07,4.67727e-06,0
35955.0,35960.0,35957.5,2.840668e-06,1.420334e-05,0
35960.0,35965.0,35962.5,2.810574e-06,1.405287e-05,0
35965.0,35970.0,35967.5,2.822492e-06,1.411246e-05,0
35975.0,35980.0,35977.5,9.44108e-07,4.72054e-06,0
35980.0,35985.0,35982.5,1.907652e-06,9.53826e-06,0
35990.0,35995.0,35992.5,1.91741e-06,9.58705e-06,0
35995.0,36000.0,35997.5,9.65438e-07,4.82719e-06,0
36000.0,36005.0,36002.5,3.808336e-06,1.904168e-05,0
36005.0,36010.0,36007.5,9.31836e-07,4.65918e-06,0
36010.0,36015.0,36012.5,3.842836e-06,1.921418e-05,0
36015.0,36020.0,36017.5,1.888218e-06,9.44109e-06,0
36020.0,36025.0,36022.5,3.76374e-06,1.88187e-05,0
36025.0,36030.0,36027.5,1.899712e-06,9.49856e-06,0
36030.0,36035.0,36032.5,3.803778e-06,1.901889e-05,0
36035.0,36040.0,36037.5,2.890928e-06,1.445464e-05,0
36040.0,36045.0,36042.5,9.35454e-07,4.67727e-06,0
36045.0,36050.0,36047.5,2.830354e-06,1.415177e-05,0
36050.0,36055.0,36052.5,9.31012e-07,4.65506e-06,0
36060.0,36065.0,36062.5,1.903946e-06,9.51973e-06,0
36065.0,36070.0,36067.5,2.866608e-06,1.433304e-05,0
36070.0,36075.0,36072.5,4.81354e-06,2.40677e-05,0
36075.0,36080.0,36077.5,2.899488e-06,1.449744e-05,0
36095.0,36100.0,36097.5,1.917532e-06,9.58766e-06,0
36100.0,36105.0,36102.5,1.870908e-06,9.35454e-06,0
36105.0,36110.0,36107.5,3.796972e-06,1.898486e-05,0
36110.0,36115.0,36112.5,4.73481e-06,2.367405e-05,0
36115.0,36120.0,36117.5,9.35454e-07,4.67727e-06,0
36120.0,36125.0,36122.5,9.65578e-07,4.82789e-06,0
36125.0,36130.0,36127.5,2.8394e-06,1.4197e-05,0
36130.0,36135.0,36132.5,9.31012e-07,4.65506e-06,0
36135.0,36140.0,36137.5,1.903946e-06,9.51973e-06,0
36140.0,36145.0,36142.5,9.44108e-07,4.72054e-06,0
36145.0,36150.0,36147.5,2.869968e-06,1.434984e-05,0
36150.0,36155.0,36152.5,3.730572e-06,1.865286e-05,0
36155.0,36160.0,36157.5,9.34274e-07,4.67137e-06,0
36160.0,36165.0,36162.5,4.804778e-06,2.402389e-05,0
36165.0,36170.0,36167.5,1.955456e-06,9.77728e-06,0
36170.0,36175.0,36172.5,3.797482e-06,1.898741e-05,0
36175.0,36180.0,36177.5,9.34274e-07,4.67137e-06,0
36180.0,36185.0,36182.5,1.862024e-06,9.31012e-06,0
36185.0,36190.0,36187.5,4.788138e-06,2.394069e-05,0
36190.0,36195.0,36192.5,1.901032e-06,9.50516e-06,0
36195.0,36200.0,36197.5,1.862024e-06,9.31012e-06,0
36210.0,36215.0,36212.5,1.865286e-06,9.32643e-06,0
36215.0,36220.0,36217.5,9.44108e-07,4.72054e-06,0
36220.0,36225.0,36222.5,1.909686e-06,9.54843e-06,0
36225.0,36230.0,36227.5,1.87512e-06,9.3756e-06,0
36230.0,36235.0,36232.5,2.848422e-06,1.424211e-05,0
36235.0,36240.0,36237.5,9.82078e-07,4.91039e-06,0
36240.0,36245.0,36242.5,2.832868e-06,1.416434e-05,0
36245.0,36250.0,36247.5,2.87323e-06,1.436615e-05,0
36250.0,36255.0,36252.5,1.899712e-06,9.49856e-06,0
36255.0,36260.0,36257.5,3.767002e-06,1.883501e-05,0
36260.0,36265.0,36262.5,9.31836e-07,4.65918e-06,0
36265.0,36270.0,36267.5,1.897274e-06,9.48637e-06,0
36270.0,36275.0,36272.5,4.779436e-06,2.389718e-05,0
36275.0,36280.0,36277.5,9.31012e-07,4.65506e-06,0
36280.0,36285.0,36282.5,2.831548e-06,1.415774e-05,0
36285.0,36290.0,36287.5,3.827078e-06,1.913539e-05,0
36290.0,36295.0,36292.5,1.882984e-06,9.41492e-06,0
36295.0,36300.0,36297.5,4.742552e-06,2.371276e-05,0
36300.0,36305.0,36302.5,9.51972e-07,4.75986e-06,0
36305.0,36310.0,36307.5,3.814122e-06,1.907061e-05,0
36310.0,36315.0,36312.5,6.695498e-06,3.347749e-05,0
36315.0,36320.0,36317.5,1.916352e-06,9.58176e-06,0
36320.0,36325.0,36322.5,1.938956e-06,9.69478e-06,0
36325.0,36330.0,36327.5,9.65438e-07,4.82719e-06,0
36330.0,36335.0,36332.5,3.744492e-06,1.872246e-05,0
36335.0,36340.0,36337.5,3.780334e-06,1.890167e-05,0
36340.0,36345.0,36342.5,3.783642e-06,1.891821e-05,0
36345.0,36350.0,36347.5,1.908832e-06,9.54416e-06,0
36350.0,36355.0,36352.5,3.776152e-06,1.888076e-05,0
36355.0,36360.0,36357.5,3.737372e-06,1.868686e-05,0
36360.0,36365.0,36362.5,9.31012e-07,4.65506e-06,0
36365.0,36370.0,36367.5,1.86729e-06,9.33645e-06,0
36375.0,36380.0,36377.5,2.83822e-06,1.41911e-05,0
36380.0,36385.0,36382.5,9.65438e-07,4.82719e-06,0
36385.0,36390.0,36387.5,2.800384e-06,1.400192e-05,0
36390.0,36395.0,36392.5,2.810574e-06,1.405287e-05,0
36400.0,36405.0,36402.5,1.909546e-06,9.54773e-06,0
36405.0,36410.0,36407.5,1.89659e-06,9.48295e-06,0
36410.0,36415.0,36412.5,9.31012e-07,4.65506e-06,0
36415.0,36420.0,36417.5,9.31836e-07,4.65918e-06,0
36420.0,36425.0,36422.5,2.819262e-06,1.409631e-05,0
36425.0,36430.0,36427.5,3.833838e-06,1.916919e-05,0
36430.0,36435.0,36432.5,9.82078e-07,4.91039e-06,0
36435.0,36440.0,36437.5,9.35454e-07,4.67727e-06,0
36440.0,36445.0,36442.5,9.82078e-07,4.91039e-06,0
36445.0,36450.0,36447.5,3.774972e-06,1.887486e-05,0
36450.0,36455.0,36452.5,2.831688e-06,1.415844e-05,0
36455.0,36460.0,36457.5,9.35454e-07,4.67727e-06,0
36465.0,36470.0,36467.5,1.865286e-06,9.32643e-06,0
36470.0,36475.0,36472.5,2.836226e-06,1.418113e-05,0
36475.0,36480.0,36477.5,2.835166e-06,1.417583e-05,0
36480.0,36485.0,36482.5,4.720154e-06,2.360077e-05,0
36485.0,36490.0,36487.5,1.900892e-06,9.50446e-06,0
36490.0,36495.0,36492.5,1.917532e-06,9.58766e-06,0
36495.0,36500.0,36497.5,2.820054e-06,1.410027e-05,0
36500.0,36505.0,36502.5,2.878528e-06,1.439264e-05,0
36505.0,36510.0,36507.5,2.811398e-06,1.405699e-05,0
36510.0,36515.0,36512.5,5.663948e-06,2.831974e-05,0
36515.0,36520.0,36517.5,2.815644e-06,1.407822e-05,0
36520.0,36525.0,36522.5,1.886246e-06,9.43123e-06,0
36525.0,36530.0,36527.5,8.476462e-06,4.238231e-05,0
36530.0,36535.0,36532.5,9.65438e-07,4.82719e-06,0
36535.0,36540.0,36537.5,2.815016e-06,1.407508e-05,0
36540.0,36545.0,36542.5,2.8394e-06,1.4197e-05,0
36545.0,36550.0,36547.5,2.840668e-06,1.420334e-05,0
36550.0,36555.0,36552.5,9.31012e-07,4.65506e-06,0
36555.0,36560.0,36557.5,4.674246e-06,2.337123e-05,0
36560.0,36565.0,36562.5,1.907652e-06,9.53826e-06,0
36570.0,36575.0,36572.5,2.839844e-06,1.419922e-05,0
36575.0,36580.0,36577.5,1.89645e-06,9.48225e-06,0
36580.0,36585.0,36582.5,1.886246e-06,9.43123e-06,0
36585.0,36590.0,36587.5,1.91741e-06,9.58705e-06,0
36590.0,36595.0,36592.5,1.907652e-06,9.53826e-06,0
36595.0,36600.0,36597.5,1.899712e-06,9.49856e-06,0
36600.0,36605.0,36602.5,5.692492e-06,2.846246e-05,0
36605.0,36610.0,36607.5,5.723668e-06,2.861834e-05,0
36610.0,36615.0,36612.5,9.73378e-07,4.86689e-06,0
36615.0,36620.0,36617.5,9.44108e-07,4.72054e-06,0
36620.0,36625.0,36622.5,9.51972e-07,4.75986e-06,0
36625.0,36630.0,36627.5,2.828286e-06,1.414143e-05,0
36635.0,36640.0,36637.5,4.714964e-06,2.357482e-05,0
36645.0,36650.0,36647.5,1.901032e-06,9.50516e-06,0
36650.0,36655.0,36652.5,2.840698e-06,1.420349e-05,0
36660.0,36665.0,36662.5,1.926186e-06,9.63093e-06,0
36665.0,36670.0,36667.5,9.31012e-07,4.65506e-06,0
36670.0,36675.0,36672.5,1.883808e-06,9.41904e-06,0
36675.0,36680.0,36677.5,2.828286e-06,1.414143e-05,0
36680.0,36685.0,36682.5,2.862852e-06,1.431426e-05,0
36685.0,36690.0,36687.5,9.31012e-07,4.65506e-06,0
36690.0,36695.0,36692.5,9.31836e-07,4.65918e-06,0
36695.0,36700.0,36697.5,1.862848e-06,9.31424e-06,0
36700.0,36705.0,36702.5,1.882984e-06,9.41492e-06,0
36705.0,36710.0,36707.5,3.808544e-06,1.904272e-05,0
36710.0,36715.0,36712.5,5.66684e-06,2.83342e-05,0
36715.0,36720.0,36717.5,4.706778e-06,2.353389e-05,0
36720.0,36725.0,36722.5,1.862024e-06,9.31012e-06,0
36725.0,36730.0,36727.5,1.869728e-06,9.34864e-06,0
36730.0,36735.0,36732.5,2.886468e-06,1.443234e-05,0
36735.0,36740.0,36737.5,3.810578e-06,1.905289e-05,0
36740.0,36745.0,36742.5,1.865286e-06,9.32643e-06,0
36745.0,36750.0,36747.5,3.790636e-06,1.895318e-05,0
36750.0,36755.0,36752.5,3.78793e-06,1.893965e-05,0
36755.0,36760.0,36757.5,1.926186e-06,9.63093e-06,0
36760.0,36765.0,36762.5,9.31836e-07,4.65918e-06,0
36765.0,36770.0,36767.5,9.31836e-07,4.65918e-06,0
36770.0,36775.0,36772.5,3.743668e-06,1.871834e-05,0
36785.0,36790.0,36787.5,3.79705e-06,1.898525e-05,0
36790.0,36795.0,36792.5,9.31012e-07,4.65506e-06,0
36795.0,36800.0,36797.5,1.899712e-06,9.49856e-06,0
36800.0,36805.0,36802.5,9.65438e-07,4.82719e-06,0
36805.0,36810.0,36807.5,6.54523e-06,3.272615e-05,0
36810.0,36815.0,36812.5,2.848498e-06,1.424249e-05,0
36815.0,36820.0,36817.5,1.91741e-06,9.58705e-06,0
36820.0,36825.0,36822.5,3.814806e-06,1.907403e-05,0
36825.0,36830.0,36827.5,2.82925e-06,1.414625e-05,0
36830.0,36835.0,36832.5,3.766178e-06,1.883089e-05,0
36835.0,36840.0,36837.5,9.65438e-07,4.82719e-06,0
36840.0,36845.0,36842.5,1.866466e-06,9.33233e-06,0
36845.0,36850.0,36847.5,4.735582e-06,2.367791e-05,0
36850.0,36855.0,36852.5,9.34274e-07,4.67137e-06,0
36855.0,36860.0,36857.5,2.835166e-06,1.417583e-05,0
36860.0,36865.0,36862.5,1.92535e-06,9.62675e-06,0
36865.0,36870.0,36867.5,9.82078e-07,4.91039e-06,0
36870.0,36875.0,36872.5,1.879562e-06,9.39781e-06,0
36875.0,36880.0,36877.5,2.840558e-06,1.420279e-05,0
36885.0,36890.0,36887.5,1.917486e-06,9.58743e-06,0
36890.0,36895.0,36892.5,2.812656e-06,1.406328e-05,0
36895.0,36900.0,36897.5,2.848544e-06,1.424272e-05,0
36900.0,36905.0,36902.5,9.65438e-07,4.82719e-06,0
36905.0,36910.0,36907.5,2.834958e-06,1.417479e-05,0
36910.0,36915.0,36912.5,2.830354e-06,1.415177e-05,0
36915.0,36920.0,36917.5,1.886246e-06,9.43123e-06,0
36920.0,36925.0,36922.5,3.78793e-06,1.893965e-05,0
36925.0,36930.0,36927.5,9.31012e-07,4.65506e-06,0
36930.0,36935.0,36932.5,9.65578e-07,4.82789e-06,0
36935.0,36940.0,36937.5,2.86164e-06,1.43082e-05,0
36940.0,36945.0,36942.5,5.627986e-06,2.813993e-05,0
36945.0,36950.0,36947.5,3.758332e-06,1.879166e-05,0
36950.0,36955.0,36952.5,3.752712e-06,1.876356e-05,0
36955.0,36960.0,36957.5,2.809394e-06,1.404697e-05,0
36960.0,36965.0,36962.5,9.44108e-07,4.72054e-06,0
36965.0,36970.0,36967.5,1.866466e-06,9.33233e-06,0
36970.0,36975.0,36972.5,9.34274e-07,4.67137e-06,0
36975.0,36980.0,36977.5,1.86729e-06,9.33645e-06,0
36980.0,36985.0,36982.5,2.831904e-06,1.415952e-05,0
36985.0,36990.0,36987.5,1.862024e-06,9.31012e-06,0
36990.0,36995.0,36992.5,2.869828e-06,1.434914e-05,0
36995.0,37000.0,36997.5,3.779414e-06,1.889707e-05,0
37000.0,37005.0,37002.5,3.826954e-06,1.913477e-05,0
37005.0,37010.0,37007.5,1.938956e-06,9.69478e-06,0
37010.0,37015.0,37012.5,1.875944e-06,9.37972e-06,0
37015.0,37020.0,37017.5,3.796972e-06,1.898486e-05,0
37020.0,37025.0,37022.5,9.73378e-07,4.86689e-06,0
37025.0,37030.0,37027.5,9.31012e-07,4.65506e-06,0
37030.0,37035.0,37032.5,9.34274e-07,4.67137e-06,0
37040.0,37045.0,37042.5,2.810218e-06,1.405109e-05,0
37045.0,37050.0,37047.5,1.883808e-06,9.41904e-06,0
37050.0,37055.0,37052.5,1.91741e-06,9.58705e-06,0
37055.0,37060.0,37057.5,2.796298e-06,1.398149e-05,0
37060.0,37065.0,37062.5,1.91755e-06,9.58775e-06,0
37065.0,37070.0,37067.5,1.878382e-06,9.39191e-06,0
37070.0,37075.0,37072.5,9.34274e-07,4.67137e-06,0
37075.0,37080.0,37077.5,9.35454e-07,4.67727e-06,0
37080.0,37085.0,37082.5,2.830864e-06,1.415432e-05,0
37085.0,37090.0,37087.5,2.835306e-06,1.417653e-05,0
37090.0,37095.0,37092.5,9.65438e-07,4.82719e-06,0
37095.0,37100.0,37097.5,9.31012e-07,4.65506e-06,0
37100.0,37105.0,37102.5,1.947656e-06,9.73828e-06,0
37105.0,37110.0,37107.5,3.85158e-06,1.92579e-05,0
37110.0,37115.0,37112.5,9.31012e-07,4.65506e-06,0
37115.0,37120.0,37117.5,2.839844e-06,1.419922e-05,0
37120.0,37125.0,37122.5,9.65438e-07,4.82719e-06,0
37125.0,37130.0,37127.5,9.82078e-07,4.91039e-06,0
37130.0,37135.0,37132.5,4.764774e-06,2.382387e-05,0
37145.0,37150.0,37147.5,9.31836e-07,4.65918e-06,0
37155.0,37160.0,37157.5,3.800028e-06,1.900014e-05,0
37160.0,37165.0,37162.5,1.905214e-06,9.52607e-06,0
37165.0,37170.0,37167.5,1.908832e-06,9.54416e-06,0
37170.0,37175.0,37172.5,1.883808e-06,9.41904e-06,0
37175.0,37180.0,37177.5,9.82078e-07,4.91039e-06,0
37180.0,37185.0,37182.5,2.861518e-06,1.430759e-05,0
37185.0,37190.0,37187.5,9.51972e-07,4.75986e-06,0
37200.0,37205.0,37202.5,9.31012e-07,4.65506e-06,0
37205.0,37210.0,37207.5,9.51972e-07,4.75986e-06,0
37210.0,37215.0,37212.5,1.86729e-06,9.33645e-06,0
37215.0,37220.0,37217.5,1.91309e-06,9.56545e-06,0
37220.0,37225.0,37222.5,6.645394e-06,3.322697e-05,0
37225.0,37230.0,37227.5,9.51972e-07,4.75986e-06,0
37230.0,37235.0,37232.5,9.34274e-07,4.67137e-06,0
37235.0,37240.0,37237.5,4.726914e-06,2.363457e-05,0
37240.0,37245.0,37242.5,9.31836e-07,4.65918e-06,0
37245.0,37250.0,37247.5,1.917486e-06,9.58743e-06,0
37250.0,37255.0,37252.5,1.908832e-06,9.54416e-06,0
37255.0,37260.0,37257.5,2.830354e-06,1.415177e-05,0
37265.0,37270.0,37267.5,2.861518e-06,1.430759e-05,0
37270.0,37275.0,37272.5,2.865062e-06,1.432531e-05,0
37275.0,37280.0,37277.5,2.818082e-06,1.409041e-05,0
37280.0,37285.0,37282.5,2.86046e-06,1.43023e-05,0
37285.0,37290.0,37287.5,2.815016e-06,1.407508e-05,0
37295.0,37300.0,37297.5,9.73378e-07,4.86689e-06,0
37300.0,37305.0,37302.5,2.851824e-06,1.425912e-05,0
37310.0,37315.0,37312.5,1.899852e-06,9.49926e-06,0
37315.0,37320.0,37317.5,4.78632e-06,2.39316e-05,0
37320.0,37325.0,37322.5,1.899852e-06,9.49926e-06,0
37325.0,37330.0,37327.5,9.35454e-07,4.67727e-06,0
37330.0,37335.0,37332.5,2.857198e-06,1.428599e-05,0
37335.0,37340.0,37337.5,9.34274e-07,4.67137e-06,0
37340.0,37345.0,37342.5,3.796898e-06,1.898449e-05,0
37345.0,37350.0,37347.5,9.31012e-07,4.65506e-06,0
37350.0,37355.0,37352.5,3.77062e-06,1.88531e-05,0
37360.0,37365.0,37362.5,1.883808e-06,9.41904e-06,0
37365.0,37370.0,37367.5,9.35454e-07,4.67727e-06,0
37370.0,37375.0,37372.5,1.907652e-06,9.53826e-06,0
37375.0,37380.0,37377.5,9.51972e-07,4.75986e-06,0
37380.0,37385.0,37382.5,1.887426e-06,9.43713e-06,0
37390.0,37395.0,37392.5,9.31012e-07,4.65506e-06,0
37395.0,37400.0,37397.5,2.86046e-06,1.43023e-05,0
37405.0,37410.0,37407.5,1.879562e-06,9.39781e-06,0
37410.0,37415.0,37412.5,3.804958e-06,1.902479e-05,0
37415.0,37420.0,37417.5,9.65438e-07,4.82719e-06,0
37425.0,37430.0,37427.5,1.926186e-06,9.63093e-06,0
37430.0,37435.0,37432.5,1.887426e-06,9.43713e-06,0
37435.0,37440.0,37437.5,9.31836e-07,4.65918e-06,0
37440.0,37445.0,37442.5,2.840668e-06,1.420334e-05,0
37445.0,37450.0,37447.5,1.865286e-06,9.32643e-06,0
37455.0,37460.0,37457.5,9.44108e-07,4.72054e-06,0
37460.0,37465.0,37462.5,1.86729e-06,9.33645e-06,0
37465.0,37470.0,37467.5,9.73378e-07,4.86689e-06,0
37470.0,37475.0,37472.5,9.35454e-07,4.67727e-06,0
37475.0,37480.0,37477.5,2.859624e-06,1.429812e-05,0
37485.0,37490.0,37487.5,1.862024e-06,9.31012e-06,0
37490.0,37495.0,37492.5,3.731752e-06,1.865876e-05,0
37495.0,37500.0,37497.5,2.87427e-06,1.437135e-05,0
37500.0,37505.0,37502.5,9.34274e-07,4.67137e-06,0
37505.0,37510.0,37507.5,4.737006e-06,2.368503e-05,0
37510.0,37515.0,37512.5,2.835402e-06,1.417701e-05,0
37515.0,37520.0,37517.5,9.73378e-07,4.86689e-06,0
37520.0,37525.0,37522.5,3.814e-06,1.907e-05,0
37530.0,37535.0,37532.5,9.34274e-07,4.67137e-06,0
37535.0,37540.0,37537.5,9.35454e-07,4.67727e-06,0
37540.0,37545.0,37542.5,3.784822e-06,1.892411e-05,0
37550.0,37555.0,37552.5,9.65438e-07,4.82719e-06,0
37555.0,37560.0,37557.5,3.813568e-06,1.906784e-05,0
37560.0,37565.0,37562.5,9.34274e-07,4.67137e-06,0
37565.0,37570.0,37567.5,1.89608e-06,9.4804e-06,0
37575.0,37580.0,37577.5,2.806132e-06,1.403066e-05,0
37585.0,37590.0,37587.5,2.84382e-06,1.42191e-05,0
37590.0,37595.0,37592.5,9.65438e-07,4.82719e-06,0
37595.0,37600.0,37597.5,1.886246e-06,9.43123e-06,0
37600.0,37605.0,37602.5,9.51972e-07,4.75986e-06,0
37605.0,37610.0,37607.5,9.31836e-07,4.65918e-06,0
37610.0,37615.0,37612.5,9.65578e-07,4.82789e-06,0
37615.0,37620.0,37617.5,1.865286e-06,9.32643e-06,0
37620.0,37625.0,37622.5,9.35454e-07,4.67727e-06,0
37625.0,37630.0,37627.5,1.862848e-06,9.31424e-06,0
37630.0,37635.0,37632.5,2.853656e-06,1.426828e-05,0
37635.0,37640.0,37637.5,4.736762e-06,2.368381e-05,0
37640.0,37645.0,37642.5,9.51972e-07,4.75986e-06,0
37645.0,37650.0,37647.5,1.862024e-06,9.31012e-06,0
37650.0,37655.0,37652.5,1.907652e-06,9.53826e-06,0
37655.0,37660.0,37657.5,2.865148e-06,1.432574e-05,0
37660.0,37665.0,37662.5,3.766794e-06,1.883397e-05,0
37665.0,37670.0,37667.5,9.65578e-07,4.82789e-06,0
37670.0,37675.0,37672.5,9.44108e-07,4.72054e-06,0
37675.0,37680.0,37677.5,1.870908e-06,9.35454e-06,0
37680.0,37685.0,37682.5,3.796898e-06,1.898449e-05,0
37685.0,37690.0,37687.5,1.947656e-06,9.73828e-06,0
37690.0,37695.0,37692.5,3.769676e-06,1.884838e-05,0
37695.0,37700.0,37697.5,2.820054e-06,1.410027e-05,0
37700.0,37705.0,37702.5,9.31836e-07,4.65918e-06,0
37710.0,37715.0,37712.5,2.80282e-06,1.40141e-05,0
37715.0,37720.0,37717.5,2.87323e-06,1.436615e-05,0
37720.0,37725.0,37722.5,2.841926e-06,1.420963e-05,0
37725.0,37730.0,37727.5,1.882984e-06,9.41492e-06,0
37730.0,37735.0,37732.5,9.51972e-07,4.75986e-06,0
37735.0,37740.0,37737.5,9.51972e-07,4.75986e-06,0
37740.0,37745.0,37742.5,9.44108e-07,4.72054e-06,0
37745.0,37750.0,37747.5,6.60979e-06,3.304895e-05,0
37750.0,37755.0,37752.5,4.73597e-06,2.367985e-05,0
37755.0,37760.0,37757.5,2.827916e-06,1.413958e-05,0
37760.0,37765.0,37762.5,4.766778e-06,2.383389e-05,0
37765.0,37770.0,37767.5,9.65438e-07,4.82719e-06,0
37770.0,37775.0,37772.5,2.830724e-06,1.415362e-05,0
37775.0,37780.0,37777.5,9.35454e-07,4.67727e-06,0
37780.0,37785.0,37782.5,9.34274e-07,4.67137e-06,0
37785.0,37790.0,37787.5,2.851684e-06,1.425842e-05,0
37790.0,37795.0,37792.5,9.65578e-07,4.82789e-06,0
37795.0,37800.0,37797.5,2.899564e-06,1.449782e-05,0
37800.0,37805.0,37802.5,2.852864e-06,1.426432e-05,0
37805.0,37810.0,37807.5,3.758928e-06,1.879464e-05,0
37810.0,37815.0,37812.5,2.819262e-06,1.409631e-05,0
37820.0,37825.0,37822.5,3.783952e-06,1.891976e-05,0
37825.0,37830.0,37827.5,2.84019e-06,1.420095e-05,0
37830.0,37835.0,37832.5,9.82078e-07,4.91039e-06,0
37835.0,37840.0,37837.5,2.813996e-06,1.406998e-05,0
37840.0,37845.0,37842.5,9.44108e-07,4.72054e-06,0
37845.0,37850.0,37847.5,3.795914e-06,1.897957e-05,0
37855.0,37860.0,37857.5,2.798302e-06,1.399151e-05,0
37860.0,37865.0,37862.5,2.890788e-06,1.445394e-05,0
37870.0,37875.0,37872.5,1.875944e-06,9.37972e-06,0
37875.0,37880.0,37877.5,1.882984e-06,9.41492e-06,0
37880.0,37885.0,37882.5,1.869728e-06,9.34864e-06,0
37885.0,37890.0,37887.5,1.955456e-06,9.77728e-06,0
37890.0,37895.0,37892.5,1.862848e-06,9.31424e-06,0
37895.0,37900.0,37897.5,1.862848e-06,9.31424e-06,0
37900.0,37905.0,37902.5,9.31836e-07,4.65918e-06,0
37905.0,37910.0,37907.5,1.947516e-06,9.73758e-06,0
37910.0,37915.0,37912.5,3.789034e-06,1.894517e-05,0
37915.0,37920.0,37917.5,4.701262e-06,2.350631e-05,0
37920.0,37925.0,37922.5,9.73378e-07,4.86689e-06,0
37925.0,37930.0,37927.5,2.848422e-06,1.424211e-05,0
37930.0,37935.0,37932.5,1.878382e-06,9.39191e-06,0
37935.0,37940.0,37937.5,1.905214e-06,9.52607e-06,0
37940.0,37945.0,37942.5,9.31012e-07,4.65506e-06,0
37945.0,37950.0,37947.5,2.80778e-06,1.40389e-05,0
37950.0,37955.0,37952.5,9.44108e-07,4.72054e-06,0
37955.0,37960.0,37957.5,2.845e-06,1.4225e-05,0
37960.0,37965.0,37962.5,1.938816e-06,9.69408e-06,0
37965.0,37970.0,37967.5,2.849386e-06,1.424693e-05,0
37970.0,37975.0,37972.5,1.86729e-06,9.33645e-06,0
37975.0,37980.0,37977.5,1.883808e-06,9.41904e-06,0
37980.0,37985.0,37982.5,2.87427e-06,1.437135e-05,0
37985.0,37990.0,37987.5,1.916352e-06,9.58176e-06,0
37990.0,37995.0,37992.5,3.791816e-06,1.895908e-05,0
37995.0,38000.0,37997.5,3.76256e-06,1.88128e-05,0
38000.0,38005.0,38002.5,4.777156e-06,2.388578e-05,0
38005.0,38010.0,38007.5,2.794684e-06,1.397342e-05,0
38010.0,38015.0,38012.5,1.879562e-06,9.39781e-06,0
38015.0,38020.0,38017.5,9.31836e-07,4.65918e-06,0
38020.0,38025.0,38022.5,1.882984e-06,9.41492e-06,0
38025.0,38030.0,38027.5,3.768062e-06,1.884031e-05,0
38030.0,38035.0,38032.5,9.44108e-07,4.72054e-06,0
38035.0,38040.0,38037.5,2.891624e-06,1.445812e-05,0
38040.0,38045.0,38042.5,9.65578e-07,4.82789e-06,0
38045.0,38050.0,38047.5,9.51972e-07,4.75986e-06,0
38050.0,38055.0,38052.5,9.65438e-07,4.82719e-06,0
38055.0,38060.0,38057.5,9.31012e-07,4.65506e-06,0
38060.0,38065.0,38062.5,9.35454e-07,4.67727e-06,0
38065.0,38070.0,38067.5,2.879492e-06,1.439746e-05,0
38070.0,38075.0,38072.5,1.903946e-06,9.51973e-06,0
38075.0,38080.0,38077.5,9.35454e-07,4.67727e-06,0
38080.0,38085.0,38082.5,4.753116e-06,2.376558e-05,0
38085.0,38090.0,38087.5,2.841926e-06,1.420963e-05,0
38090.0,38095.0,38092.5,3.77168e-06,1.88584e-05,0
38095.0,38100.0,38097.5,2.937532e-06,1.468766e-05,0
38100.0,38105.0,38102.5,1.866466e-06,9.33233e-06,0
38105.0,38110.0,38107.5,1.903946e-06,9.51973e-06,0
38110.0,38115.0,38112.5,1.91741e-06,9.58705e-06,0
38115.0,38120.0,38117.5,3.768258e-06,1.884129e-05,0
38120.0,38125.0,38122.5,1.882984e-06,9.41492e-06,0
38125.0,38130.0,38127.5,9.31836e-07,4.65918e-06,0
38135.0,38140.0,38137.5,1.862024e-06,9.31012e-06,0
38145.0,38150.0,38147.5,2.891764e-06,1.445882e-05,0
38150.0,38155.0,38152.5,2.809394e-06,1.404697e-05,0
38155.0,38160.0,38157.5,9.44108e-07,4.72054e-06,0
38160.0,38165.0,38162.5,1.955456e-06,9.77728e-06,0
38165.0,38170.0,38167.5,1.908832e-06,9.54416e-06,0
38170.0,38175.0,38172.5,2.810574e-06,1.405287e-05,0
38175.0,38180.0,38177.5,1.917532e-06,9.58766e-06,0
38180.0,38185.0,38182.5,1.905214e-06,9.52607e-06,0
38185.0,38190.0,38187.5,9.34274e-07,4.67137e-06,0
38190.0,38195.0,38192.5,2.890788e-06,1.445394e-05,0
38195.0,38200.0,38197.5,3.80136e-06,1.90068e-05,0
38200.0,38205.0,38202.5,4.72023e-06,2.360115e-05,0
38205.0,38210.0,38207.5,9.65438e-07,4.82719e-06,0
38210.0,38215.0,38212.5,3.792652e-06,1.896326e-05,0
38215.0,38220.0,38217.5,9.51972e-07,4.75986e-06,0
38220.0,38225.0,38222.5,9.35454e-07,4.67727e-06,0
38225.0,38230.0,38227.5,2.848562e-06,1.424281e-05,0
38230.0,38235.0,38232.5,3.841702e-06,1.920851e-05,0
38235.0,38240.0,38237.5,9.31836e-07,4.65918e-06,0
38240.0,38245.0,38242.5,9.35454e-07,4.67727e-06,0
38250.0,38255.0,38252.5,1.875944e-06,9.37972e-06,0
38255.0,38260.0,38257.5,9.31836e-07,4.65918e-06,0
38260.0,38265.0,38262.5,1.89645e-06,9.48225e-06,0
38265.0,38270.0,38267.5,4.720122e-06,2.360061e-05,0
38270.0,38275.0,38272.5,2.848054e-06,1.424027e-05,0
38275.0,38280.0,38277.5,9.51972e-07,4.75986e-06,0
38280.0,38285.0,38282.5,1.908832e-06,9.54416e-06,0
38285.0,38290.0,38287.5,9.51972e-07,4.75986e-06,0
38300.0,38305.0,38302.5,3.78793e-06,1.893965e-05,0
38305.0,38310.0,38307.5,1.87512e-06,9.3756e-06,0
38310.0,38315.0,38312.5,9.35454e-07,4.67727e-06,0
38315.0,38320.0,38317.5,9.51972e-07,4.75986e-06,0
38320.0,38325.0,38322.5,3.783596e-06,1.891798e-05,0
38325.0,38330.0,38327.5,2.818082e-06,1.409041e-05,0
38330.0,38335.0,38332.5,1.907652e-06,9.53826e-06,0
38335.0,38340.0,38337.5,1.879562e-06,9.39781e-06,0
38340.0,38345.0,38342.5,9.51972e-07,4.75986e-06,0
38345.0,38350.0,38347.5,2.904252e-06,1.452126e-05,0
38350.0,38355.0,38352.5,2.899628e-06,1.449814e-05,0
38355.0,38360.0,38357.5,9.82078e-07,4.91039e-06,0
38360.0,38365.0,38362.5,9.65578e-07,4.82789e-06,0
38365.0,38370.0,38367.5,1.87512e-06,9.3756e-06,0
38370.0,38375.0,38372.5,2.833986e-06,1.416993e-05,0
38375.0,38380.0,38377.5,9.35454e-07,4.67727e-06,0
38380.0,38385.0,38382.5,3.832046e-06,1.916023e-05,0
38390.0,38395.0,38392.5,3.774972e-06,1.887486e-05,0
38395.0,38400.0,38397.5,9.31836e-07,4.65918e-06,0
38400.0,38405.0,38402.5,9.31012e-07,4.65506e-06,0
38405.0,38410.0,38407.5,3.752712e-06,1.876356e-05,0
38410.0,38415.0,38412.5,5.735586e-06,2.867793e-05,0
38415.0,38420.0,38417.5,9.82078e-07,4.91039e-06,0
38420.0,38425.0,38422.5,4.782566e-06,2.391283e-05,0
38425.0,38430.0,38427.5,9.65438e-07,4.82719e-06,0
38430.0,38435.0,38432.5,9.35454e-07,4.67727e-06,0
38440.0,38445.0,38442.5,2.851684e-06,1.425842e-05,0
38445.0,38450.0,38447.5,9.44108e-07,4.72054e-06,0
38450.0,38455.0,38452.5,1.905214e-06,9.52607e-06,0
38455.0,38460.0,38457.5,1.897274e-06,9.48637e-06,0
38465.0,38470.0,38467.5,2.80778e-06,1.40389e-05,0
38470.0,38475.0,38472.5,3.821498e-06,1.910749e-05,0
38475.0,38480.0,38477.5,3.765808e-06,1.882904e-05,0
38480.0,38485.0,38482.5,1.91741e-06,9.58705e-06,0
38485.0,38490.0,38487.5,2.81482e-06,1.40741e-05,0
38490.0,38495.0,38492.5,2.85294e-06,1.42647e-05,0
38505.0,38510.0,38507.5,9.31836e-07,4.65918e-06,0
38510.0,38515.0,38512.5,2.815644e-06,1.407822e-05,0
38515.0,38520.0,38517.5,3.782818e-06,1.891409e-05,0
38525.0,38530.0,38527.5,1.875944e-06,9.37972e-06,0
38530.0,38535.0,38532.5,2.830724e-06,1.415362e-05,0
38535.0,38540.0,38537.5,9.51972e-07,4.75986e-06,0
38540.0,38545.0,38542.5,2.843106e-06,1.421553e-05,0
38545.0,38550.0,38547.5,1.87512e-06,9.3756e-06,0
38550.0,38555.0,38552.5,9.82078e-07,4.91039e-06,0
38555.0,38560.0,38557.5,9.51972e-07,4.75986e-06,0
38560.0,38565.0,38562.5,1.917532e-06,9.58766e-06,0
38565.0,38570.0,38567.5,9.31012e-07,4.65506e-06,0
38570.0,38575.0,38572.5,2.847364e-06,1.423682e-05,0
38575.0,38580.0,38577.5,9.44108e-07,4.72054e-06,0
38585.0,38590.0,38587.5,3.766318e-06,1.883159e-05,0
38590.0,38595.0,38592.5,9.35454e-07,4.67727e-06,0
38600.0,38605.0,38602.5,3.8236e-06,1.9118e-05,0
38605.0,38610.0,38607.5,1.878382e-06,9.39191e-06,0
38610.0,38615.0,38612.5,2.86647e-06,1.433235e-05,0
38615.0,38620.0,38617.5,2.811398e-06,1.405699e-05,0
38620.0,38625.0,38622.5,2.882846e-06,1.441423e-05,0
38625.0,38630.0,38627.5,9.51972e-07,4.75986e-06,0
38630.0,38635.0,38632.5,9.65578e-07,4.82789e-06,0
38635.0,38640.0,38637.5,2.80778e-06,1.40389e-05,0
38640.0,38645.0,38642.5,9.31012e-07,4.65506e-06,0
38645.0,38650.0,38647.5,1.882984e-06,9.41492e-06,0
38650.0,38655.0,38652.5,4.734302e-06,2.367151e-05,0
38655.0,38660.0,38657.5,2.841926e-06,1.420963e-05,0
38660.0,38665.0,38662.5,1.87512e-06,9.3756e-06,0
38665.0,38670.0,38667.5,3.805628e-06,1.902814e-05,0
38670.0,38675.0,38672.5,1.879562e-06,9.39781e-06,0
38675.0,38680.0,38677.5,2.849368e-06,1.424684e-05,0
38680.0,38685.0,38682.5,9.31836e-07,4.65918e-06,0
38685.0,38690.0,38687.5,9.51972e-07,4.75986e-06,0
38695.0,38700.0,38697.5,9.31836e-07,4.65918e-06,0
38700.0,38705.0,38702.5,1.887426e-06,9.43713e-06,0
38705.0,38710.0,38707.5,3.805282e-06,1.902641e-05,0
38710.0,38715.0,38712.5,2.859624e-06,1.429812e-05,0
38715.0,38720.0,38717.5,9.65438e-07,4.82719e-06,0
38720.0,38725.0,38722.5,1.878382e-06,9.39191e-06,0
38725.0,38730.0,38727.5,2.828286e-06,1.414143e-05,0
38730.0,38735.0,38732.5,9.44108e-07,4.72054e-06,0
38735.0,38740.0,38737.5,3.842882e-06,1.921441e-05,0
38745.0,38750.0,38747.5,3.806136e-06,1.903068e-05,0
38750.0,38755.0,38752.5,3.859402e-06,1.929701e-05,0
38755.0,38760.0,38757.5,9.31012e-07,4.65506e-06,0
38760.0,38765.0,38762.5,9.35454e-07,4.67727e-06,0
38765.0,38770.0,38767.5,1.899712e-06,9.49856e-06,0
38770.0,38775.0,38772.5,9.31836e-07,4.65918e-06,0
38775.0,38780.0,38777.5,9.73378e-07,4.86689e-06,0
38780.0,38785.0,38782.5,1.866466e-06,9.33233e-06,0
38785.0,38790.0,38787.5,3.758928e-06,1.879464e-05,0
38790.0,38795.0,38792.5,1.947656e-06,9.73828e-06,0
38795.0,38800.0,38797.5,4.748946e-06,2.374473e-05,0
38800.0,38805.0,38802.5,2.875124e-06,1.437562e-05,0
38805.0,38810.0,38807.5,4.744852e-06,2.372426e-05,0
38810.0,38815.0,38812.5,2.810218e-06,1.405109e-05,0
38815.0,38820.0,38817.5,1.886246e-06,9.43123e-06,0
38820.0,38825.0,38822.5,1.926186e-06,9.63093e-06,0
38825.0,38830.0,38827.5,3.760938e-06,1.880469e-05,0
38830.0,38835.0,38832.5,9.65578e-07,4.82789e-06,0
38835.0,38840.0,38837.5,2.830724e-06,1.415362e-05,0
38840.0,38845.0,38842.5,4.66803e-06,2.334015e-05,0
38845.0,38850.0,38847.5,9.44108e-07,4.72054e-06,0
38850.0,38855.0,38852.5,2.822492e-06,1.411246e-05,0
38855.0,38860.0,38857.5,2.835166e-06,1.417583e-05,0
38860.0,38865.0,38862.5,9.65438e-07,4.82719e-06,0
38870.0,38875.0,38872.5,2.812656e-06,1.406328e-05,0
38880.0,38885.0,38882.5,9.34274e-07,4.67137e-06,0
38890.0,38895.0,38892.5,2.832728e-06,1.416364e-05,0
38895.0,38900.0,38897.5,9.51972e-07,4.75986e-06,0
38900.0,38905.0,38902.5,9.65578e-07,4.82789e-06,0
38905.0,38910.0,38907.5,9.31012e-07,4.65506e-06,0
38910.0,38915.0,38912.5,1.909546e-06,9.54773e-06,0
38915.0,38920.0,38917.5,1.886246e-06,9.43123e-06,0
38920.0,38925.0,38922.5,1.863672e-06,9.31836e-06,0
38925.0,38930.0,38927.5,9.35454e-07,4.67727e-06,0
38930.0,38935.0,38932.5,9.31012e-07,4.65506e-06,0
38940.0,38945.0,38942.5,2.848188e-06,1.424094e-05,0
38945.0,38950.0,38947.5,1.87512e-06,9.3756e-06,0
38950.0,38955.0,38952.5,2.870652e-06,1.435326e-05,0
38955.0,38960.0,38957.5,4.745448e-06,2.372724e-05,0
38960.0,38965.0,38962.5,9.35454e-07,4.67727e-06,0
38965.0,38970.0,38967.5,1.866466e-06,9.33233e-06,0
38970.0,38975.0,38972.5,9.31012e-07,4.65506e-06,0
38975.0,38980.0,38977.5,3.774972e-06,1.887486e-05,0
38980.0,38985.0,38982.5,1.901032e-06,9.50516e-06,0
38985.0,38990.0,38987.5,9.51972e-07,4.75986e-06,0
38990.0,38995.0,38992.5,1.87512e-06,9.3756e-06,0
38995.0,39000.0,38997.5,1.89608e-06,9.4804e-06,0
39005.0,39010.0,39007.5,9.35454e-07,4.67727e-06,0
39010.0,39015.0,39012.5,1.964154e-06,9.82077e-06,0
39015.0,39020.0,39017.5,9.51972e-07,4.75986e-06,0
39020.0,39025.0,39022.5,9.44108e-07,4.72054e-06,0
39025.0,39030.0,39027.5,1.905214e-06,9.52607e-06,0
39030.0,39035.0,39032.5,1.907652e-06,9.53826e-06,0
39035.0,39040.0,39037.5,4.748232e-06,2.374116e-05,0
39040.0,39045.0,39042.5,1.899852e-06,9.49926e-06,0
39045.0,39050.0,39047.5,2.920894e-06,1.460447e-05,0
39050.0,39055.0,39052.5,9.82078e-07,4.91039e-06,0
39055.0,39060.0,39057.5,9.35454e-07,4.67727e-06,0
39060.0,39065.0,39062.5,2.828286e-06,1.414143e-05,0
39065.0,39070.0,39067.5,2.88193e-06,1.440965e-05,0
39070.0,39075.0,39072.5,1.908832e-06,9.54416e-06,0
39075.0,39080.0,39077.5,3.797126e-06,1.898563e-05,0
39085.0,39090.0,39087.5,9.31836e-07,4.65918e-06,0
39090.0,39095.0,39092.5,9.31836e-07,4.65918e-06,0
39095.0,39100.0,39097.5,3.729314e-06,1.864657e-05,0
39105.0,39110.0,39107.5,3.771202e-06,1.885601e-05,0
39115.0,39120.0,39117.5,9.51972e-07,4.75986e-06,0
39120.0,39125.0,39122.5,3.778094e-06,1.889047e-05,0
39125.0,39130.0,39127.5,4.770536e-06,2.385268e-05,0
39130.0,39135.0,39132.5,1.875944e-06,9.37972e-06,0
39135.0,39140.0,39137.5,2.865886e-06,1.432943e-05,0
39140.0,39145.0,39142.5,1.86729e-06,9.33645e-06,0
39145.0,39150.0,39147.5,1.899712e-06,9.49856e-06,0
39150.0,39155.0,39152.5,2.831548e-06,1.415774e-05,0
39160.0,39165.0,39162.5,1.886246e-06,9.43123e-06,0
39165.0,39170.0,39167.5,1.887426e-06,9.43713e-06,0
39170.0,39175.0,39172.5,9.73378e-07,4.86689e-06,0
39175.0,39180.0,39177.5,9.73378e-07,4.86689e-06,0
39185.0,39190.0,39187.5,1.905214e-06,9.52607e-06,0
39195.0,39200.0,39197.5,9.51972e-07,4.75986e-06,0
39200.0,39205.0,39202.5,1.897274e-06,9.48637e-06,0
39210.0,39215.0,39212.5,2.827602e-06,1.413801e-05,0
39220.0,39225.0,39222.5,9.51972e-07,4.75986e-06,0
39225.0,39230.0,39227.5,2.813836e-06,1.406918e-05,0
39230.0,39235.0,39232.5,3.731752e-06,1.865876e-05,0
39240.0,39245.0,39242.5,9.35454e-07,4.67727e-06,0
39245.0,39250.0,39247.5,1.955456e-06,9.77728e-06,0
39250.0,39255.0,39252.5,2.868324e-06,1.434162e-05,0
39255.0,39260.0,39257.5,1.946756e-06,9.73378e-06,0
39260.0,39265.0,39262.5,2.828286e-06,1.414143e-05,0
39265.0,39270.0,39267.5,2.840698e-06,1.420349e-05,0
39280.0,39285.0,39282.5,9.34274e-07,4.67137e-06,0
39290.0,39295.0,39292.5,1.901032e-06,9.50516e-06,0
39295.0,39300.0,39297.5,1.897414e-06,9.48707e-06,0
39300.0,39305.0,39302.5,9.34274e-07,4.67137e-06,0
39305.0,39310.0,39307.5,2.85176e-06,1.42588e-05,0
39310.0,39315.0,39312.5,1.91755e-06,9.58775e-06,0
39315.0,39320.0,39317.5,9.44108e-07,4.72054e-06,0
39325.0,39330.0,39327.5,3.805994e-06,1.902997e-05,0
39330.0,39335.0,39332.5,1.888218e-06,9.44109e-06,0
39335.0,39340.0,39337.5,9.34274e-07,4.67137e-06,0
39340.0,39345.0,39342.5,1.869728e-06,9.34864e-06,0
39350.0,39355.0,39352.5,1.868548e-06,9.34274e-06,0
39355.0,39360.0,39357.5,2.811398e-06,1.405699e-05,0
39360.0,39365.0,39362.5,3.783876e-06,1.891938e-05,0
39365.0,39370.0,39367.5,9.35454e-07,4.67727e-06,0
39370.0,39375.0,39372.5,4.735568e-06,2.367784e-05,0
39375.0,39380.0,39377.5,1.909686e-06,9.54843e-06,0
39380.0,39385.0,39382.5,2.832868e-06,1.416434e-05,0
39385.0,39390.0,39387.5,2.841382e-06,1.420691e-05,0
39390.0,39395.0,39392.5,9.34274e-07,4.67137e-06,0
39395.0,39400.0,39397.5,9.82078e-07,4.91039e-06,0
39400.0,39405.0,39402.5,9.51972e-07,4.75986e-06,0
39405.0,39410.0,39407.5,2.815016e-06,1.407508e-05,0
39410.0,39415.0,39412.5,1.878382e-06,9.39191e-06,0
39415.0,39420.0,39417.5,1.887426e-06,9.43713e-06,0
39420.0,39425.0,39422.5,1.947656e-06,9.73828e-06,0
39430.0,39435.0,39432.5,2.831904e-06,1.415952e-05,0
39440.0,39445.0,39442.5,9.51972e-07,4.75986e-06,0
39445.0,39450.0,39447.5,2.878158e-06,1.439079e-05,0
39450.0,39455.0,39452.5,1.91755e-06,9.58775e-06,0
39455.0,39460.0,39457.5,2.838664e-06,1.419332e-05,0
39460.0,39465.0,39462.5,1.917486e-06,9.58743e-06,0
39470.0,39475.0,39472.5,9.35454e-07,4.67727e-06,0
39475.0,39480.0,39477.5,4.757394e-06,2.378697e-05,0
39480.0,39485.0,39482.5,1.903946e-06,9.51973e-06,0
39485.0,39490.0,39487.5,1.878382e-06,9.39191e-06,0
39490.0,39495.0,39492.5,3.822624e-06,1.911312e-05,0
39495.0,39500.0,39497.5,9.31836e-07,4.65918e-06,0
39500.0,39505.0,39502.5,1.89608e-06,9.4804e-06,0
39505.0,39510.0,39507.5,9.31012e-07,4.65506e-06,0
39510.0,39515.0,39512.5,9.31012e-07,4.65506e-06,0
39515.0,39520.0,39517.5,9.31012e-07,4.65506e-06,0
39520.0,39525.0,39522.5,1.887426e-06,9.43713e-06,0
39525.0,39530.0,39527.5,3.753536e-06,1.876768e-05,0
39530.0,39535.0,39532.5,9.34274e-07,4.67137e-06,0
39535.0,39540.0,39537.5,2.801564e-06,1.400782e-05,0
39540.0,39545.0,39542.5,9.44108e-07,4.72054e-06,0
39545.0,39550.0,39547.5,2.861596e-06,1.430798e-05,0
39550.0,39555.0,39552.5,1.908832e-06,9.54416e-06,0
39555.0,39560.0,39557.5,1.89608e-06,9.4804e-06,0
39560.0,39565.0,39562.5,3.767618e-06,1.883809e-05,0
39565.0,39570.0,39567.5,2.904252e-06,1.452126e-05,0
39570.0,39575.0,39572.5,9.35454e-07,4.67727e-06,0
39575.0,39580.0,39577.5,1.875944e-06,9.37972e-06,0
39580.0,39585.0,39582.5,9.44108e-07,4.72054e-06,0
39585.0,39590.0,39587.5,2.832044e-06,1.416022e-05,0
39590.0,39595.0,39592.5,9.51972e-07,4.75986e-06,0
39595.0,39600.0,39597.5,3.76337e-06,1.881685e-05,0
39600.0,39605.0,39602.5,9.35454e-07,4.67727e-06,0
39610.0,39615.0,39612.5,1.869728e-06,9.34864e-06,0
39615.0,39620.0,39617.5,2.831688e-06,1.415844e-05,0
39620.0,39625.0,39622.5,9.31012e-07,4.65506e-06,0
39625.0,39630.0,39627.5,1.947516e-06,9.73758e-06,0
39630.0,39635.0,39632.5,1.899712e-06,9.49856e-06,0
39635.0,39640.0,39637.5,4.747766e-06,2.373883e-05,0
39640.0,39645.0,39642.5,9.51972e-07,4.75986e-06,0
39645.0,39650.0,39647.5,2.908262e-06,1.454131e-05,0
39650.0,39655.0,39652.5,3.771324e-06,1.885662e-05,0
39655.0,39660.0,39657.5,1.862848e-06,9.31424e-06,0
39660.0,39665.0,39662.5,1.90439e-06,9.52195e-06,0
39665.0,39670.0,39667.5,3.817664e-06,1.908832e-05,0
39670.0,39675.0,39672.5,1.89645e-06,9.48225e-06,0
39675.0,39680.0,39677.5,1.886246e-06,9.43123e-06,0
39680.0,39685.0,39682.5,1.878382e-06,9.39191e-06,0
39685.0,39690.0,39687.5,9.51972e-07,4.75986e-06,0
39695.0,39700.0,39697.5,2.878668e-06,1.439334e-05,0
39710.0,39715.0,39712.5,9.44108e-07,4.72054e-06,0
39720.0,39725.0,39722.5,5.699484e-06,2.849742e-05,0
39725.0,39730.0,39727.5,9.44108e-07,4.72054e-06,0
39730.0,39735.0,39732.5,3.745012e-06,1.872506e-05,0
39735.0,39740.0,39737.5,3.803778e-06,1.901889e-05,0
39740.0,39745.0,39742.5,1.955456e-06,9.77728e-06,0
39745.0,39750.0,39747.5,1.899712e-06,9.49856e-06,0
39750.0,39755.0,39752.5,1.862024e-06,9.31012e-06,0
39755.0,39760.0,39757.5,2.80778e-06,1.40389e-05,0
39760.0,39765.0,39762.5,1.883808e-06,9.41904e-06,0
39765.0,39770.0,39767.5,1.909546e-06,9.54773e-06,0
39770.0,39775.0,39772.5,1.862848e-06,9.31424e-06,0
39775.0,39780.0,39777.5,4.736814e-06,2.368407e-05,0
39780.0,39785.0,39782.5,1.909686e-06,9.54843e-06,0
39785.0,39790.0,39787.5,2.869828e-06,1.434914e-05,0
39795.0,39800.0,39797.5,1.907652e-06,9.53826e-06,0
39800.0,39805.0,39802.5,2.818438e-06,1.409219e-05,0
39805.0,39810.0,39807.5,1.89645e-06,9.48225e-06,0
39810.0,39815.0,39812.5,9.31012e-07,4.65506e-06,0
39815.0,39820.0,39817.5,2.882846e-06,1.441423e-05,0
39820.0,39825.0,39822.5,9.35454e-07,4.67727e-06,0
39825.0,39830.0,39827.5,9.73378e-07,4.86689e-06,0
39830.0,39835.0,39832.5,9.73378e-07,4.86689e-06,0
39835.0,39840.0,39837.5,9.31012e-07,4.65506e-06,0
39840.0,39845.0,39842.5,4.770148e-06,2.385074e-05,0
39845.0,39850.0,39847.5,9.82078e-07,4.91039e-06,0
39850.0,39855.0,39852.5,9.35454e-07,4.67727e-06,0
39855.0,39860.0,39857.5,9.44108e-07,4.72054e-06,0
39860.0,39865.0,39862.5,1.900892e-06,9.50446e-06,0
39865.0,39870.0,39867.5,2.819262e-06,1.409631e-05,0
39875.0,39880.0,39877.5,1.878382e-06,9.39191e-06,0
39885.0,39890.0,39887.5,9.82078e-07,4.91039e-06,0
39890.0,39895.0,39892.5,9.34274e-07,4.67137e-06,0
39895.0,39900.0,39897.5,1.86729e-06,9.33645e-06,0
39900.0,39905.0,39902.5,3.785958e-06,1.892979e-05,0
39905.0,39910.0,39907.5,1.908832e-06,9.54416e-06,0
39915.0,39920.0,39917.5,3.830866e-06,1.915433e-05,0
39920.0,39925.0,39922.5,9.31012e-07,4.65506e-06,0
39925.0,39930.0,39927.5,2.822492e-06,1.411246e-05,0
39940.0,39945.0,39942.5,2.84382e-06,1.42191e-05,0
39945.0,39950.0,39947.5,2.862166e-06,1.431083e-05,0
39955.0,39960.0,39957.5,1.899852e-06,9.49926e-06,0
39970.0,39975.0,39972.5,9.35454e-07,4.67727e-06,0
39975.0,39980.0,39977.5,1.875944e-06,9.37972e-06,0
39980.0,39985.0,39982.5,3.85734e-06,1.92867e-05,0
39985.0,39990.0,39987.5,9.65578e-07,4.82789e-06,0
39990.0,39995.0,39992.5,1.916352e-06,9.58176e-06,0
40000.0,40005.0,40002.5,1.862848e-06,9.31424e-06,0
40005.0,40010.0,40007.5,2.869524e-06,1.434762e-05,0
40010.0,40015.0,40012.5,9.31836e-07,4.65918e-06,0
40015.0,40020.0,40017.5,1.909686e-06,9.54843e-06,0
40020.0,40025.0,40022.5,9.31012e-07,4.65506e-06,0
40025.0,40030.0,40027.5,9.65438e-07,4.82719e-06,0
40030.0,40035.0,40032.5,1.875944e-06,9.37972e-06,0
40035.0,40040.0,40037.5,2.811398e-06,1.405699e-05,0
40040.0,40045.0,40042.5,1.89608e-06,9.4804e-06,0
40045.0,40050.0,40047.5,9.35454e-07,4.67727e-06,0
40060.0,40065.0,40062.5,9.35454e-07,4.67727e-06,0
40065.0,40070.0,40067.5,1.897274e-06,9.48637e-06,0
40070.0,40075.0,40072.5,2.866328e-06,1.433164e-05,0
40080.0,40085.0,40082.5,9.82078e-07,4.91039e-06,0
40085.0,40090.0,40087.5,1.886246e-06,9.43123e-06,0
40090.0,40095.0,40092.5,4.702336e-06,2.351168e-05,0
40100.0,40105.0,40102.5,1.91741e-06,9.58705e-06,0
40105.0,40110.0,40107.5,3.805628e-06,1.902814e-05,0
40115.0,40120.0,40117.5,4.808414e-06,2.404207e-05,0
40120.0,40125.0,40122.5,9.31836e-07,4.65918e-06,0
40125.0,40130.0,40127.5,1.90439e-06,9.52195e-06,0
40130.0,40135.0,40132.5,2.80192e-06,1.40096e-05,0
40135.0,40140.0,40137.5,9.35454e-07,4.67727e-06,0
40140.0,40145.0,40142.5,9.65438e-07,4.82719e-06,0
40145.0,40150.0,40147.5,9.31012e-07,4.65506e-06,0
40150.0,40155.0,40152.5,2.818438e-06,1.409219e-05,0
40165.0,40170.0,40167.5,2.848422e-06,1.424211e-05,0
40170.0,40175.0,40172.5,1.91741e-06,9.58705e-06,0
40175.0,40180.0,40177.5,2.80074e-06,1.40037e-05,0
40180.0,40185.0,40182.5,2.804002e-06,1.402001e-05,0
40185.0,40190.0,40187.5,2.840698e-06,1.420349e-05,0
40190.0,40195.0,40192.5,9.31012e-07,4.65506e-06,0
40195.0,40200.0,40197.5,9.35454e-07,4.67727e-06,0
40205.0,40210.0,40207.5,3.795932e-06,1.897966e-05,0
40210.0,40215.0,40212.5,1.89645e-06,9.48225e-06,0
40215.0,40220.0,40217.5,4.746032e-06,2.373016e-05,0
40220.0,40225.0,40222.5,3.819234e-06,1.909617e-05,0
40225.0,40230.0,40227.5,2.844926e-06,1.422463e-05,0
40235.0,40240.0,40237.5,1.900892e-06,9.50446e-06,0
40240.0,40245.0,40242.5,1.866466e-06,9.33233e-06,0
40245.0,40250.0,40247.5,4.735634e-06,2.367817e-05,0
40250.0,40255.0,40252.5,4.675062e-06,2.337531e-05,0
40260.0,40265.0,40262.5,1.931016e-06,9.65508e-06,0
40265.0,40270.0,40267.5,9.35454e-07,4.67727e-06,0
40270.0,40275.0,40272.5,1.899712e-06,9.49856e-06,0
40275.0,40280.0,40277.5,1.866466e-06,9.33233e-06,0
40285.0,40290.0,40287.5,2.88973e-06,1.444865e-05,0
40290.0,40295.0,40292.5,9.51972e-07,4.75986e-06,0
40295.0,40300.0,40297.5,3.782836e-06,1.891418e-05,0
40300.0,40305.0,40302.5,1.91755e-06,9.58775e-06,0
40310.0,40315.0,40312.5,9.44108e-07,4.72054e-06,0
40315.0,40320.0,40317.5,4.721648e-06,2.360824e-05,0
40320.0,40325.0,40322.5,9.31012e-07,4.65506e-06,0
40325.0,40330.0,40327.5,1.90439e-06,9.52195e-06,0
40330.0,40335.0,40332.5,2.81482e-06,1.40741e-05,0
40335.0,40340.0,40337.5,9.51972e-07,4.75986e-06,0
40340.0,40345.0,40342.5,9.31836e-07,4.65918e-06,0
40345.0,40350.0,40347.5,1.882984e-06,9.41492e-06,0
40350.0,40355.0,40352.5,9.44108e-07,4.72054e-06,0
40355.0,40360.0,40357.5,2.862028e-06,1.431014e-05,0
40360.0,40365.0,40362.5,9.65438e-07,4.82719e-06,0
40365.0,40370.0,40367.5,9.35454e-07,4.67727e-06,0
40370.0,40375.0,40372.5,1.886246e-06,9.43123e-06,0
40375.0,40380.0,40377.5,1.878382e-06,9.39191e-06,0
40380.0,40385.0,40382.5,9.65438e-07,4.82719e-06,0
40385.0,40390.0,40387.5,9.34274e-07,4.67137e-06,0
40390.0,40395.0,40392.5,9.31836e-07,4.65918e-06,0
40395.0,40400.0,40397.5,2.859624e-06,1.429812e-05,0
40400.0,40405.0,40402.5,3.78484e-06,1.89242e-05,0
40405.0,40410.0,40407.5,9.34274e-07,4.67137e-06,0
40410.0,40415.0,40412.5,1.887426e-06,9.43713e-06,0
40415.0,40420.0,40417.5,9.31836e-07,4.65918e-06,0
40420.0,40425.0,40422.5,9.35454e-07,4.67727e-06,0
40425.0,40430.0,40427.5,9.44108e-07,4.72054e-06,0
40430.0,40435.0,40432.5,3.744848e-06,1.872424e-05,0
40440.0,40445.0,40442.5,2.856362e-06,1.428181e-05,0
40445.0,40450.0,40447.5,1.887426e-06,9.43713e-06,0
40450.0,40455.0,40452.5,2.858022e-06,1.429011e-05,0
40455.0,40460.0,40457.5,2.929592e-06,1.464796e-05,0
40460.0,40465.0,40462.5,9.73378e-07,4.86689e-06,0
40465.0,40470.0,40467.5,2.844102e-06,1.422051e-05,0
40470.0,40475.0,40472.5,5.658356e-06,2.829178e-05,0
40475.0,40480.0,40477.5,9.44108e-07,4.72054e-06,0
40480.0,40485.0,40482.5,1.878382e-06,9.39191e-06,0
40485.0,40490.0,40487.5,2.841522e-06,1.420761e-05,0
40490.0,40495.0,40492.5,2.849368e-06,1.424684e-05,0
40495.0,40500.0,40497.5,9.34274e-07,4.67137e-06,0
40505.0,40510.0,40507.5,9.51972e-07,4.75986e-06,0
40510.0,40515.0,40512.5,9.65438e-07,4.82719e-06,0
40520.0,40525.0,40522.5,3.83623e-06,1.918115e-05,0
40525.0,40530.0,40527.5,1.875944e-06,9.37972e-06,0
40530.0,40535.0,40532.5,9.65438e-07,4.82719e-06,0
40535.0,40540.0,40537.5,1.907652e-06,9.53826e-06,0
40540.0,40545.0,40542.5,9.44108e-07,4.72054e-06,0
40545.0,40550.0,40547.5,9.34274e-07,4.67137e-06,0
40550.0,40555.0,40552.5,9.51972e-07,4.75986e-06,0
40555.0,40560.0,40557.5,2.841382e-06,1.420691e-05,0
40565.0,40570.0,40567.5,1.899712e-06,9.49856e-06,0
40570.0,40575.0,40572.5,9.34274e-07,4.67137e-06,0
40575.0,40580.0,40577.5,1.875944e-06,9.37972e-06,0
40580.0,40585.0,40582.5,2.832868e-06,1.416434e-05,0
40585.0,40590.0,40587.5,2.844286e-06,1.422143e-05,0
40590.0,40595.0,40592.5,9.82078e-07,4.91039e-06,0
40600.0,40605.0,40602.5,1.89608e-06,9.4804e-06,0
40605.0,40610.0,40607.5,1.886246e-06,9.43123e-06,0
40610.0,40615.0,40612.5,2.817258e-06,1.408629e-05,0
40615.0,40620.0,40617.5,9.34274e-07,4.67137e-06,0
40620.0,40625.0,40622.5,9.31836e-07,4.65918e-06,0
40630.0,40635.0,40632.5,1.92535e-06,9.62675e-06,0
40635.0,40640.0,40637.5,9.51972e-07,4.75986e-06,0
40640.0,40645.0,40642.5,1.875944e-06,9.37972e-06,0
40645.0,40650.0,40647.5,1.86729e-06,9.33645e-06,0
40650.0,40655.0,40652.5,9.31836e-07,4.65918e-06,0
40655.0,40660.0,40657.5,9.31012e-07,4.65506e-06,0
40660.0,40665.0,40662.5,1.869728e-06,9.34864e-06,0
40670.0,40675.0,40672.5,1.913914e-06,9.56957e-06,0
40675.0,40680.0,40677.5,9.34274e-07,4.67137e-06,0
40680.0,40685.0,40682.5,1.897414e-06,9.48707e-06,0
40685.0,40690.0,40687.5,1.930874e-06,9.65437e-06,0
40690.0,40695.0,40692.5,3.813492e-06,1.906746e-05,0
40695.0,40700.0,40697.5,3.76256e-06,1.88128e-05,0
40700.0,40705.0,40702.5,9.31012e-07,4.65506e-06,0
40705.0,40710.0,40707.5,1.89659e-06,9.48295e-06,0
40710.0,40715.0,40712.5,3.74123e-06,1.870615e-05,0
40715.0,40720.0,40717.5,2.853656e-06,1.426828e-05,0
40720.0,40725.0,40722.5,1.946756e-06,9.73378e-06,0
40730.0,40735.0,40732.5,2.801564e-06,1.400782e-05,0
40735.0,40740.0,40737.5,9.51972e-07,4.75986e-06,0
40745.0,40750.0,40747.5,2.853796e-06,1.426898e-05,0
40755.0,40760.0,40757.5,1.926186e-06,9.63093e-06,0
40760.0,40765.0,40762.5,1.92535e-06,9.62675e-06,0
40765.0,40770.0,40767.5,1.909546e-06,9.54773e-06,0
40770.0,40775.0,40772.5,9.51972e-07,4.75986e-06,0
40775.0,40780.0,40777.5,9.35454e-07,4.67727e-06,0
40780.0,40785.0,40782.5,2.849322e-06,1.424661e-05,0
40785.0,40790.0,40787.5,2.79956e-06,1.39978e-05,0
40790.0,40795.0,40792.5,1.869728e-06,9.34864e-06,0
40795.0,40800.0,40797.5,3.820742e-06,1.910371e-05,0
40800.0,40805.0,40802.5,1.869728e-06,9.34864e-06,0
40805.0,40810.0,40807.5,9.82078e-07,4.91039e-06,0
40810.0,40815.0,40812.5,1.886246e-06,9.43123e-06,0
40815.0,40820.0,40817.5,1.917486e-06,9.58743e-06,0
40820.0,40825.0,40822.5,1.888218e-06,9.44109e-06,0
40825.0,40830.0,40827.5,2.835782e-06,1.417891e-05,0
40830.0,40835.0,40832.5,9.31836e-07,4.65918e-06,0
40840.0,40845.0,40842.5,6.633338e-06,3.316669e-05,0
40845.0,40850.0,40847.5,9.65438e-07,4.82719e-06,0
40850.0,40855.0,40852.5,9.44108e-07,4.72054e-06,0
40855.0,40860.0,40857.5,1.887426e-06,9.43713e-06,0
40860.0,40865.0,40862.5,1.955456e-06,9.77728e-06,0
40870.0,40875.0,40872.5,2.86529e-06,1.432645e-05,0
40875.0,40880.0,40877.5,1.882984e-06,9.41492e-06,0
40880.0,40885.0,40882.5,2.81923e-06,1.409615e-05,0
40885.0,40890.0,40887.5,2.818438e-06,1.409219e-05,0
40890.0,40895.0,40892.5,9.44108e-07,4.72054e-06,0
40895.0,40900.0,40897.5,2.80074e-06,1.40037e-05,0
40900.0,40905.0,40902.5,2.921034e-06,1.460517e-05,0
40905.0,40910.0,40907.5,9.65438e-07,4.82719e-06,0
40915.0,40920.0,40917.5,9.44108e-07,4.72054e-06,0
40920.0,40925.0,40922.5,3.791816e-06,1.895908e-05,0
40925.0,40930.0,40927.5,3.729314e-06,1.864657e-05,0
40930.0,40935.0,40932.5,1.862848e-06,9.31424e-06,0
40935.0,40940.0,40937.5,9.31012e-07,4.65506e-06,0
40940.0,40945.0,40942.5,1.870908e-06,9.35454e-06,0
40945.0,40950.0,40947.5,1.92535e-06,9.62675e-06,0
40955.0,40960.0,40957.5,1.862848e-06,9.31424e-06,0
40960.0,40965.0,40962.5,3.790194e-06,1.895097e-05,0
40970.0,40975.0,40972.5,1.909686e-06,9.54843e-06,0
40975.0,40980.0,40977.5,5.731112e-06,2.865556e-05,0
40980.0,40985.0,40982.5,9.34274e-07,4.67137e-06,0
40985.0,40990.0,40987.5,9.51972e-07,4.75986e-06,0
40990.0,40995.0,40992.5,3.801294e-06,1.900647e-05,0
40995.0,41000.0,40997.5,1.879562e-06,9.39781e-06,0
41000.0,41005.0,41002.5,9.35454e-07,4.67727e-06,0
41005.0,41010.0,41007.5,9.31836e-07,4.65918e-06,0
41010.0,41015.0,41012.5,1.89645e-06,9.48225e-06,0
41015.0,41020.0,41017.5,1.86729e-06,9.33645e-06,0
41020.0,41025.0,41022.5,9.65438e-07,4.82719e-06,0
41025.0,41030.0,41027.5,9.31836e-07,4.65918e-06,0
41030.0,41035.0,41032.5,3.728134e-06,1.864067e-05,0
41035.0,41040.0,41037.5,1.907652e-06,9.53826e-06,0
41040.0,41045.0,41042.5,2.815644e-06,1.407822e-05,0
41045.0,41050.0,41047.5,9.34274e-07,4.67137e-06,0
41050.0,41055.0,41052.5,1.86611e-06,9.33055e-06,0
41055.0,41060.0,41057.5,9.51972e-07,4.75986e-06,0
41060.0,41065.0,41062.5,2.831904e-06,1.415952e-05,0
41065.0,41070.0,41067.5,4.73597e-06,2.367985e-05,0
41070.0,41075.0,41072.5,1.897274e-06,9.48637e-06,0
41075.0,41080.0,41077.5,1.926186e-06,9.63093e-06,0
41090.0,41095.0,41092.5,9.51972e-07,4.75986e-06,0
41095.0,41100.0,41097.5,9.44108e-07,4.72054e-06,0
41100.0,41105.0,41102.5,1.870908e-06,9.35454e-06,0
41105.0,41110.0,41107.5,2.921034e-06,1.460517e-05,0
41115.0,41120.0,41117.5,2.835166e-06,1.417583e-05,0
41120.0,41125.0,41122.5,9.82078e-07,4.91039e-06,0
41125.0,41130.0,41127.5,9.35454e-07,4.67727e-06,0
41130.0,41135.0,41132.5,1.870908e-06,9.35454e-06,0
41135.0,41140.0,41137.5,2.823672e-06,1.411836e-05,0
41140.0,41145.0,41142.5,1.897274e-06,9.48637e-06,0
41145.0,41150.0,41147.5,9.44108e-07,4.72054e-06,0
41155.0,41160.0,41157.5,5.621618e-06,2.810809e-05,0
41160.0,41165.0,41162.5,4.71334e-06,2.35667e-05,0
41165.0,41170.0,41167.5,2.819262e-06,1.409631e-05,0
41170.0,41175.0,41172.5,9.44108e-07,4.72054e-06,0
41175.0,41180.0,41177.5,1.875944e-06,9.37972e-06,0
41180.0,41185.0,41182.5,1.897274e-06,9.48637e-06,0
41185.0,41190.0,41187.5,9.31836e-07,4.65918e-06,0
41190.0,41195.0,41192.5,1.897414e-06,9.48707e-06,0
41195.0,41200.0,41197.5,1.91741e-06,9.58705e-06,0
41200.0,41205.0,41202.5,9.51972e-07,4.75986e-06,0
41205.0,41210.0,41207.5,1.86729e-06,9.33645e-06,0
41215.0,41220.0,41217.5,9.31836e-07,4.65918e-06,0
41220.0,41225.0,41222.5,1.883808e-06,9.41904e-06,0
41235.0,41240.0,41237.5,3.739456e-06,1.869728e-05,0
41240.0,41245.0,41242.5,2.79386e-06,1.39693e-05,0
41245.0,41250.0,41247.5,1.862024e-06,9.31012e-06,0
41250.0,41255.0,41252.5,9.31012e-07,4.65506e-06,0
41255.0,41260.0,41257.5,9.73378e-07,4.86689e-06,0
41260.0,41265.0,41262.5,9.44108e-07,4.72054e-06,0
41265.0,41270.0,41267.5,1.901032e-06,9.50516e-06,0
41270.0,41275.0,41272.5,9.35454e-07,4.67727e-06,0
41280.0,41285.0,41282.5,9.31836e-07,4.65918e-06,0
41285.0,41290.0,41287.5,3.80696e-06,1.90348e-05,0
41290.0,41295.0,41292.5,9.34274e-07,4.67137e-06,0
41300.0,41305.0,41302.5,3.766178e-06,1.883089e-05,0
41305.0,41310.0,41307.5,2.810218e-06,1.405109e-05,0
41310.0,41315.0,41312.5,9.51972e-07,4.75986e-06,0
41315.0,41320.0,41317.5,1.916352e-06,9.58176e-06,0
41320.0,41325.0,41322.5,1.863672e-06,9.31836e-06,0
41325.0,41330.0,41327.5,9.65438e-07,4.82719e-06,0
41330.0,41335.0,41332.5,1.90439e-06,9.52195e-06,0
41335.0,41340.0,41337.5,9.73378e-07,4.86689e-06,0
41340.0,41345.0,41342.5,1.882984e-06,9.41492e-06,0
41345.0,41350.0,41347.5,9.31836e-07,4.65918e-06,0
41350.0,41355.0,41352.5,9.65438e-07,4.82719e-06,0
41355.0,41360.0,41357.5,1.90439e-06,9.52195e-06,0
41360.0,41365.0,41362.5,1.917532e-06,9.58766e-06,0
41365.0,41370.0,41367.5,1.938816e-06,9.69408e-06,0
41375.0,41380.0,41377.5,9.51972e-07,4.75986e-06,0
41385.0,41390.0,41387.5,2.818438e-06,1.409219e-05,0
41390.0,41395.0,41392.5,1.875944e-06,9.37972e-06,0
41395.0,41400.0,41397.5,9.35454e-07,4.67727e-06,0
41400.0,41405.0,41402.5,9.65438e-07,4.82719e-06,0
41405.0,41410.0,41407.5,1.90439e-06,9.52195e-06,0
41410.0,41415.0,41412.5,9.65438e-07,4.82719e-06,0
41415.0,41420.0,41417.5,1.90439e-06,9.52195e-06,0
41425.0,41430.0,41427.5,9.73378e-07,4.86689e-06,0
41430.0,41435.0,41432.5,1.878382e-06,9.39191e-06,0
41435.0,41440.0,41437.5,1.86611e-06,9.33055e-06,0
41440.0,41445.0,41442.5,2.84514e-06,1.42257e-05,0
41445.0,41450.0,41447.5,9.31012e-07,4.65506e-06,0
41460.0,41465.0,41462.5,9.35454e-07,4.67727e-06,0
41465.0,41470.0,41467.5,9.31012e-07,4.65506e-06,0
41470.0,41475.0,41472.5,3.742054e-06,1.871027e-05,0
41485.0,41490.0,41487.5,1.862024e-06,9.31012e-06,0
41500.0,41505.0,41502.5,2.811398e-06,1.405699e-05,0
41505.0,41510.0,41507.5,9.31012e-07,4.65506e-06,0
41510.0,41515.0,41512.5,9.35454e-07,4.67727e-06,0
41515.0,41520.0,41517.5,1.882984e-06,9.41492e-06,0
41520.0,41525.0,41522.5,9.35454e-07,4.67727e-06,0
41525.0,41530.0,41527.5,1.938816e-06,9.69408e-06,0
41530.0,41535.0,41532.5,3.74929e-06,1.874645e-05,0
41535.0,41540.0,41537.5,9.34274e-07,4.67137e-06,0
41540.0,41545.0,41542.5,1.878382e-06,9.39191e-06,0
41545.0,41550.0,41547.5,1.86611e-06,9.33055e-06,0
41550.0,41555.0,41552.5,9.82078e-07,4.91039e-06,0
41555.0,41560.0,41557.5,9.31836e-07,4.65918e-06,0
41560.0,41565.0,41562.5,1.862024e-06,9.31012e-06,0
41565.0,41570.0,41567.5,9.34274e-07,4.67137e-06,0
41570.0,41575.0,41572.5,9.44108e-07,4.72054e-06,0
41575.0,41580.0,41577.5,2.8394e-06,1.4197e-05,0
41580.0,41585.0,41582.5,1.869728e-06,9.34864e-06,0
41585.0,41590.0,41587.5,1.900892e-06,9.50446e-06,0
41590.0,41595.0,41592.5,9.73378e-07,4.86689e-06,0
41595.0,41600.0,41597.5,2.882846e-06,1.441423e-05,0
41600.0,41605.0,41602.5,1.886246e-06,9.43123e-06,0
41605.0,41610.0,41607.5,9.82078e-07,4.91039e-06,0
41625.0,41630.0,41627.5,3.810364e-06,1.905182e-05,0
41635.0,41640.0,41637.5,4.788072e-06,2.394036e-05,0
41640.0,41645.0,41642.5,2.845e-06,1.4225e-05,0
41645.0,41650.0,41647.5,2.849368e-06,1.424684e-05,0
41655.0,41660.0,41657.5,9.65438e-07,4.82719e-06,0
41670.0,41675.0,41672.5,2.80282e-06,1.40141e-05,0
41675.0,41680.0,41677.5,9.65438e-07,4.82719e-06,0
41690.0,41695.0,41692.5,9.34274e-07,4.67137e-06,0
41695.0,41700.0,41697.5,1.86729e-06,9.33645e-06,0
41700.0,41705.0,41702.5,9.35454e-07,4.67727e-06,0
41705.0,41710.0,41707.5,2.797946e-06,1.398973e-05,0
41710.0,41715.0,41712.5,2.849322e-06,1.424661e-05,0
41720.0,41725.0,41722.5,3.83623e-06,1.918115e-05,0
41730.0,41735.0,41732.5,9.65438e-07,4.82719e-06,0
41740.0,41745.0,41742.5,1.866466e-06,9.33233e-06,0
41745.0,41750.0,41747.5,9.51972e-07,4.75986e-06,0
41750.0,41755.0,41752.5,2.849246e-06,1.424623e-05,0
41755.0,41760.0,41757.5,3.81712e-06,1.90856e-05,0
41765.0,41770.0,41767.5,9.35454e-07,4.67727e-06,0
41770.0,41775.0,41772.5,1.862848e-06,9.31424e-06,0
41775.0,41780.0,41777.5,1.89645e-06,9.48225e-06,0
41800.0,41805.0,41802.5,2.79956e-06,1.39978e-05,0
41805.0,41810.0,41807.5,9.31836e-07,4.65918e-06,0
41810.0,41815.0,41812.5,3.827174e-06,1.913587e-05,0
41815.0,41820.0,41817.5,2.81482e-06,1.40741e-05,0
41820.0,41825.0,41822.5,3.749094e-06,1.874547e-05,0
41825.0,41830.0,41827.5,1.887426e-06,9.43713e-06,0
41840.0,41845.0,41842.5,9.35454e-07,4.67727e-06,0
41845.0,41850.0,41847.5,9.31012e-07,4.65506e-06,0
41850.0,41855.0,41852.5,9.82078e-07,4.91039e-06,0
41855.0,41860.0,41857.5,1.86729e-06,9.33645e-06,0
41860.0,41865.0,41862.5,2.8217e-06,1.41085e-05,0
41865.0,41870.0,41867.5,2.852864e-06,1.426432e-05,0
41870.0,41875.0,41872.5,5.719472e-06,2.859736e-05,0
41875.0,41880.0,41877.5,9.31836e-07,4.65918e-06,0
41880.0,41885.0,41882.5,9.65438e-07,4.82719e-06,0
41885.0,41890.0,41887.5,1.863672e-06,9.31836e-06,0
41890.0,41895.0,41892.5,3.840098e-06,1.920049e-05,0
41895.0,41900.0,41897.5,2.79304e-06,1.39652e-05,0
41900.0,41905.0,41902.5,1.882984e-06,9.41492e-06,0
41910.0,41915.0,41912.5,1.875944e-06,9.37972e-06,0
41915.0,41920.0,41917.5,9.35454e-07,4.67727e-06,0
41930.0,41935.0,41932.5,9.65438e-07,4.82719e-06,0
41940.0,41945.0,41942.5,9.34274e-07,4.67137e-06,0
41945.0,41950.0,41947.5,1.865286e-06,9.32643e-06,0
41950.0,41955.0,41952.5,2.899564e-06,1.449782e-05,0
41955.0,41960.0,41957.5,2.7955e-06,1.39775e-05,0
41965.0,41970.0,41967.5,1.886246e-06,9.43123e-06,0
41970.0,41975.0,41972.5,1.86611e-06,9.33055e-06,0
41975.0,41980.0,41977.5,2.805182e-06,1.402591e-05,0
41980.0,41985.0,41982.5,1.862848e-06,9.31424e-06,0
41985.0,41990.0,41987.5,1.86729e-06,9.33645e-06,0
41990.0,41995.0,41992.5,9.51972e-07,4.75986e-06,0
41995.0,42000.0,41997.5,5.749438e-06,2.874719e-05,0
42000.0,42005.0,42002.5,1.917532e-06,9.58766e-06,0
42005.0,42010.0,42007.5,9.31012e-07,4.65506e-06,0
42010.0,42015.0,42012.5,9.73378e-07,4.86689e-06,0
42015.0,42020.0,42017.5,3.808336e-06,1.904168e-05,0
42020.0,42025.0,42022.5,9.35454e-07,4.67727e-06,0
42025.0,42030.0,42027.5,2.815016e-06,1.407508e-05,0
42030.0,42035.0,42032.5,1.89645e-06,9.48225e-06,0
42035.0,42040.0,42037.5,1.897414e-06,9.48707e-06,0
42040.0,42045.0,42042.5,2.843106e-06,1.421553e-05,0
42045.0,42050.0,42047.5,2.797122e-06,1.398561e-05,0
42050.0,42055.0,42052.5,9.82078e-07,4.91039e-06,0
42055.0,42060.0,42057.5,9.31012e-07,4.65506e-06,0
42060.0,42065.0,42062.5,9.31012e-07,4.65506e-06,0
42065.0,42070.0,42067.5,1.888218e-06,9.44109e-06,0
42070.0,42075.0,42072.5,9.82078e-07,4.91039e-06,0
42075.0,42080.0,42077.5,1.897274e-06,9.48637e-06,0
42080.0,42085.0,42082.5,1.907652e-06,9.53826e-06,0
42085.0,42090.0,42087.5,1.865286e-06,9.32643e-06,0
42095.0,42100.0,42097.5,9.34274e-07,4.67137e-06,0
42100.0,42105.0,42102.5,9.31012e-07,4.65506e-06,0
42105.0,42110.0,42107.5,9.34274e-07,4.67137e-06,0
42110.0,42115.0,42112.5,3.7627e-06,1.88135e-05,0
42115.0,42120.0,42117.5,9.82078e-07,4.91039e-06,0
42120.0,42125.0,42122.5,9.73378e-07,4.86689e-06,0
42125.0,42130.0,42127.5,1.917532e-06,9.58766e-06,0
42130.0,42135.0,42132.5,9.34274e-07,4.67137e-06,0
42135.0,42140.0,42137.5,1.886246e-06,9.43123e-06,0
42140.0,42145.0,42142.5,9.31012e-07,4.65506e-06,0
42145.0,42150.0,42147.5,9.31012e-07,4.65506e-06,0
42150.0,42155.0,42152.5,9.51972e-07,4.75986e-06,0
42155.0,42160.0,42157.5,9.51972e-07,4.75986e-06,0
42160.0,42165.0,42162.5,9.65438e-07,4.82719e-06,0
42170.0,42175.0,42172.5,2.831534e-06,1.415767e-05,0
42175.0,42180.0,42177.5,2.86529e-06,1.432645e-05,0
42180.0,42185.0,42182.5,9.31836e-07,4.65918e-06,0
42190.0,42195.0,42192.5,9.31836e-07,4.65918e-06,0
42195.0,42200.0,42197.5,9.65578e-07,4.82789e-06,0
42200.0,42205.0,42202.5,1.899712e-06,9.49856e-06,0
42205.0,42210.0,42207.5,1.91741e-06,9.58705e-06,0
42210.0,42215.0,42212.5,9.35454e-07,4.67727e-06,0
42220.0,42225.0,42222.5,9.31836e-07,4.65918e-06,0
42225.0,42230.0,42227.5,9.51972e-07,4.75986e-06,0
42230.0,42235.0,42232.5,9.34274e-07,4.67137e-06,0
42235.0,42240.0,42237.5,9.35454e-07,4.67727e-06,0
42240.0,42245.0,42242.5,2.797122e-06,1.398561e-05,0
42245.0,42250.0,42247.5,9.65578e-07,4.82789e-06,0
42255.0,42260.0,42257.5,2.865062e-06,1.432531e-05,0
42260.0,42265.0,42262.5,9.31836e-07,4.65918e-06,0
42280.0,42285.0,42282.5,2.848422e-06,1.424211e-05,0
42290.0,42295.0,42292.5,9.44108e-07,4.72054e-06,0
42300.0,42305.0,42302.5,3.827096e-06,1.913548e-05,0
42305.0,42310.0,42307.5,9.51972e-07,4.75986e-06,0
42310.0,42315.0,42312.5,9.31012e-07,4.65506e-06,0
42315.0,42320.0,42317.5,9.31836e-07,4.65918e-06,0
42325.0,42330.0,42327.5,9.34274e-07,4.67137e-06,0
42330.0,42335.0,42332.5,3.813766e-06,1.906883e-05,0
42335.0,42340.0,42337.5,1.86729e-06,9.33645e-06,0
42350.0,42355.0,42352.5,9.35454e-07,4.67727e-06,0
42355.0,42360.0,42357.5,9.44108e-07,4.72054e-06,0
42360.0,42365.0,42362.5,9.35454e-07,4.67727e-06,0
42365.0,42370.0,42367.5,9.44108e-07,4.72054e-06,0
42370.0,42375.0,42372.5,1.909546e-06,9.54773e-06,0
42375.0,42380.0,42377.5,1.900892e-06,9.50446e-06,0
42385.0,42390.0,42387.5,9.82078e-07,4.91039e-06,0
42390.0,42395.0,42392.5,3.780258e-06,1.890129e-05,0
42395.0,42400.0,42397.5,1.900892e-06,9.50446e-06,0
42400.0,42405.0,42402.5,9.51972e-07,4.75986e-06,0
42405.0,42410.0,42407.5,1.917486e-06,9.58743e-06,0
42410.0,42415.0,42412.5,2.859624e-06,1.429812e-05,0
42415.0,42420.0,42417.5,9.65438e-07,4.82719e-06,0
42425.0,42430.0,42427.5,1.875944e-06,9.37972e-06,0
42440.0,42445.0,42442.5,9.35454e-07,4.67727e-06,0
42445.0,42450.0,42447.5,9.82078e-07,4.91039e-06,0
42450.0,42455.0,42452.5,1.875944e-06,9.37972e-06,0
42455.0,42460.0,42457.5,1.89645e-06,9.48225e-06,0
42465.0,42470.0,42467.5,3.813492e-06,1.906746e-05,0
42470.0,42475.0,42472.5,4.817342e-06,2.408671e-05,0
42475.0,42480.0,42477.5,2.80192e-06,1.40096e-05,0
42480.0,42485.0,42482.5,9.51972e-07,4.75986e-06,0
42485.0,42490.0,42487.5,1.89608e-06,9.4804e-06,0
42490.0,42495.0,42492.5,9.65438e-07,4.82719e-06,0
42495.0,42500.0,42497.5,9.35454e-07,4.67727e-06,0
42500.0,42505.0,42502.5,9.73378e-07,4.86689e-06,0
42505.0,42510.0,42507.5,1.863672e-06,9.31836e-06,0
42510.0,42515.0,42512.5,9.31836e-07,4.65918e-06,0
42520.0,42525.0,42522.5,9.31836e-07,4.65918e-06,0
42525.0,42530.0,42527.5,9.44108e-07,4.72054e-06,0
42530.0,42535.0,42532.5,1.878382e-06,9.39191e-06,0
42540.0,42545.0,42542.5,3.797758e-06,1.898879e-05,0
42555.0,42560.0,42557.5,1.897274e-06,9.48637e-06,0
42565.0,42570.0,42567.5,9.35454e-07,4.67727e-06,0
42570.0,42575.0,42572.5,1.888218e-06,9.44109e-06,0
42575.0,42580.0,42577.5,9.31836e-07,4.65918e-06,0
42580.0,42585.0,42582.5,9.51972e-07,4.75986e-06,0
42585.0,42590.0,42587.5,1.886246e-06,9.43123e-06,0
42600.0,42605.0,42602.5,2.817258e-06,1.408629e-05,0
42605.0,42610.0,42607.5,9.31836e-07,4.65918e-06,0
42610.0,42615.0,42612.5,9.34274e-07,4.67137e-06,0
42615.0,42620.0,42617.5,9.31012e-07,4.65506e-06,0
42620.0,42625.0,42622.5,9.44108e-07,4.72054e-06,0
42625.0,42630.0,42627.5,2.849246e-06,1.424623e-05,0
42630.0,42635.0,42632.5,4.754582e-06,2.377291e-05,0
42635.0,42640.0,42637.5,9.31836e-07,4.65918e-06,0
42645.0,42650.0,42647.5,2.797478e-06,1.398739e-05,0
42650.0,42655.0,42652.5,1.879562e-06,9.39781e-06,0
42655.0,42660.0,42657.5,9.65438e-07,4.82719e-06,0
42660.0,42665.0,42662.5,1.897274e-06,9.48637e-06,0
42670.0,42675.0,42672.5,9.35454e-07,4.67727e-06,0
42675.0,42680.0,42677.5,9.34274e-07,4.67137e-06,0
42685.0,42690.0,42687.5,1.917486e-06,9.58743e-06,0
42690.0,42695.0,42692.5,1.86729e-06,9.33645e-06,0
42695.0,42700.0,42697.5,1.882984e-06,9.41492e-06,0
42700.0,42705.0,42702.5,9.34274e-07,4.67137e-06,0
42705.0,42710.0,42707.5,2.8394e-06,1.4197e-05,0
42710.0,42715.0,42712.5,9.31012e-07,4.65506e-06,0
42715.0,42720.0,42717.5,9.44108e-07,4.72054e-06,0
42720.0,42725.0,42722.5,1.863672e-06,9.31836e-06,0
42735.0,42740.0,42737.5,1.91755e-06,9.58775e-06,0
42740.0,42745.0,42742.5,9.44108e-07,4.72054e-06,0
42745.0,42750.0,42747.5,1.938816e-06,9.69408e-06,0
42755.0,42760.0,42757.5,1.865286e-06,9.32643e-06,0
42760.0,42765.0,42762.5,1.878382e-06,9.39191e-06,0
42765.0,42770.0,42767.5,1.879562e-06,9.39781e-06,0
42770.0,42775.0,42772.5,4.718974e-06,2.359487e-05,0
42785.0,42790.0,42787.5,1.89645e-06,9.48225e-06,0
42790.0,42795.0,42792.5,9.65578e-07,4.82789e-06,0
42795.0,42800.0,42797.5,9.51972e-07,4.75986e-06,0
42800.0,42805.0,42802.5,3.770856e-06,1.885428e-05,0
42805.0,42810.0,42807.5,9.31012e-07,4.65506e-06,0
42810.0,42815.0,42812.5,9.51972e-07,4.75986e-06,0
42820.0,42825.0,42822.5,9.44108e-07,4.72054e-06,0
42825.0,42830.0,42827.5,1.878382e-06,9.39191e-06,0
42830.0,42835.0,42832.5,1.91741e-06,9.58705e-06,0
42845.0,42850.0,42847.5,9.82078e-07,4.91039e-06,0
42850.0,42855.0,42852.5,9.31012e-07,4.65506e-06,0
42855.0,42860.0,42857.5,3.76337e-06,1.881685e-05,0
42860.0,42865.0,42862.5,1.916352e-06,9.58176e-06,0
42870.0,42875.0,42872.5,3.774464e-06,1.887232e-05,0
42875.0,42880.0,42877.5,9.44108e-07,4.72054e-06,0
42880.0,42885.0,42882.5,2.929592e-06,1.464796e-05,0
42885.0,42890.0,42887.5,9.35454e-07,4.67727e-06,0
42895.0,42900.0,42897.5,1.89645e-06,9.48225e-06,0
42905.0,42910.0,42907.5,9.44108e-07,4.72054e-06,0
42910.0,42915.0,42912.5,1.869728e-06,9.34864e-06,0
42915.0,42920.0,42917.5,9.31012e-07,4.65506e-06,0
42920.0,42925.0,42922.5,1.86611e-06,9.33055e-06,0
42930.0,42935.0,42932.5,1.91309e-06,9.56545e-06,0
42935.0,42940.0,42937.5,1.91741e-06,9.58705e-06,0
42940.0,42945.0,42942.5,1.883808e-06,9.41904e-06,0
42950.0,42955.0,42952.5,9.35454e-07,4.67727e-06,0
42960.0,42965.0,42962.5,1.89659e-06,9.48295e-06,0
42965.0,42970.0,42967.5,9.34274e-07,4.67137e-06,0
42970.0,42975.0,42972.5,9.31012e-07,4.65506e-06,0
42975.0,42980.0,42977.5,1.89645e-06,9.48225e-06,0
42985.0,42990.0,42987.5,9.73378e-07,4.86689e-06,0
42995.0,43000.0,42997.5,1.882984e-06,9.41492e-06,0
43005.0,43010.0,43007.5,9.44108e-07,4.72054e-06,0
43010.0,43015.0,43012.5,9.34274e-07,4.67137e-06,0
43015.0,43020.0,43017.5,1.862024e-06,9.31012e-06,0
43020.0,43025.0,43022.5,9.35454e-07,4.67727e-06,0
43025.0,43030.0,43027.5,9.31836e-07,4.65918e-06,0
43030.0,43035.0,43032.5,2.869968e-06,1.434984e-05,0
43035.0,43040.0,43037.5,9.31012e-07,4.65506e-06,0
43045.0,43050.0,43047.5,9.51972e-07,4.75986e-06,0
43050.0,43055.0,43052.5,9.35454e-07,4.67727e-06,0
43055.0,43060.0,43057.5,9.34274e-07,4.67137e-06,0
43060.0,43065.0,43062.5,9.65578e-07,4.82789e-06,0
43070.0,43075.0,43072.5,1.91755e-06,9.58775e-06,0
43075.0,43080.0,43077.5,1.883808e-06,9.41904e-06,0
43080.0,43085.0,43082.5,2.819262e-06,1.409631e-05,0
43085.0,43090.0,43087.5,9.51972e-07,4.75986e-06,0
43090.0,43095.0,43092.5,2.853004e-06,1.426502e-05,0
43095.0,43100.0,43097.5,9.31012e-07,4.65506e-06,0
43105.0,43110.0,43107.5,9.35454e-07,4.67727e-06,0
43115.0,43120.0,43117.5,9.35454e-07,4.67727e-06,0
43120.0,43125.0,43122.5,1.862848e-06,9.31424e-06,0
43125.0,43130.0,43127.5,3.772534e-06,1.886267e-05,0
43130.0,43135.0,43132.5,1.91741e-06,9.58705e-06,0
43135.0,43140.0,43137.5,9.51972e-07,4.75986e-06,0
43140.0,43145.0,43142.5,1.90439e-06,9.52195e-06,0
43145.0,43150.0,43147.5,9.31012e-07,4.65506e-06,0
43150.0,43155.0,43152.5,1.87512e-06,9.3756e-06,0
43155.0,43160.0,43157.5,2.830864e-06,1.415432e-05,0
43160.0,43165.0,43162.5,9.35454e-07,4.67727e-06,0
43165.0,43170.0,43167.5,9.34274e-07,4.67137e-06,0
43170.0,43175.0,43172.5,1.875944e-06,9.37972e-06,0
43185.0,43190.0,43187.5,3.805994e-06,1.902997e-05,0
43190.0,43195.0,43192.5,2.869458e-06,1.434729e-05,0
43195.0,43200.0,43197.5,9.82078e-07,4.91039e-06,0
43200.0,43205.0,43202.5,9.73378e-07,4.86689e-06,0
43210.0,43215.0,43212.5,1.886246e-06,9.43123e-06,0
43220.0,43225.0,43222.5,3.732932e-06,1.866466e-05,0
43225.0,43230.0,43227.5,9.34274e-07,4.67137e-06,0
43230.0,43235.0,43232.5,1.931016e-06,9.65508e-06,0
43235.0,43240.0,43237.5,1.870908e-06,9.35454e-06,0
43240.0,43245.0,43242.5,9.51972e-07,4.75986e-06,0
43245.0,43250.0,43247.5,9.65578e-07,4.82789e-06,0
43250.0,43255.0,43252.5,9.31012e-07,4.65506e-06,0
43260.0,43265.0,43262.5,1.897414e-06,9.48707e-06,0
43265.0,43270.0,43267.5,1.901032e-06,9.50516e-06,0
43270.0,43275.0,43272.5,1.866466e-06,9.33233e-06,0
43280.0,43285.0,43282.5,3.800536e-06,1.900268e-05,0
43285.0,43290.0,43287.5,9.35454e-07,4.67727e-06,0
43290.0,43295.0,43292.5,2.86046e-06,1.43023e-05,0
43295.0,43300.0,43297.5,9.51972e-07,4.75986e-06,0
43300.0,43305.0,43302.5,1.863672e-06,9.31836e-06,0
43305.0,43310.0,43307.5,4.758078e-06,2.379039e-05,0
43310.0,43315.0,43312.5,1.899852e-06,9.49926e-06,0
43320.0,43325.0,43322.5,9.51972e-07,4.75986e-06,0
43325.0,43330.0,43327.5,3.7334e-06,1.8667e-05,0
43330.0,43335.0,43332.5,1.916352e-06,9.58176e-06,0
43335.0,43340.0,43337.5,1.863672e-06,9.31836e-06,0
43340.0,43345.0,43342.5,9.82078e-07,4.91039e-06,0
43345.0,43350.0,43347.5,1.883808e-06,9.41904e-06,0
43350.0,43355.0,43352.5,3.807364e-06,1.903682e-05,0
43355.0,43360.0,43357.5,1.882984e-06,9.41492e-06,0
43360.0,43365.0,43362.5,3.800028e-06,1.900014e-05,0
43365.0,43370.0,43367.5,1.882984e-06,9.41492e-06,0
43370.0,43375.0,43372.5,9.31012e-07,4.65506e-06,0
43375.0,43380.0,43377.5,9.65438e-07,4.82719e-06,0
43385.0,43390.0,43387.5,9.65438e-07,4.82719e-06,0
43390.0,43395.0,43392.5,1.86611e-06,9.33055e-06,0
43395.0,43400.0,43397.5,9.31012e-07,4.65506e-06,0
43400.0,43405.0,43402.5,2.862028e-06,1.431014e-05,0
43405.0,43410.0,43407.5,1.887426e-06,9.43713e-06,0
43410.0,43415.0,43412.5,2.898728e-06,1.449364e-05,0
43415.0,43420.0,43417.5,1.886246e-06,9.43123e-06,0
43420.0,43425.0,43422.5,1.888218e-06,9.44109e-06,0
43425.0,43430.0,43427.5,2.882924e-06,1.441462e-05,0
43430.0,43435.0,43432.5,9.31012e-07,4.65506e-06,0
43435.0,43440.0,43437.5,2.798302e-06,1.399151e-05,0
43445.0,43450.0,43447.5,9.31836e-07,4.65918e-06,0
43450.0,43455.0,43452.5,1.86611e-06,9.33055e-06,0
43455.0,43460.0,43457.5,9.65438e-07,4.82719e-06,0
43460.0,43465.0,43462.5,8.429e-06,4.2145e-05,0
43470.0,43475.0,43472.5,9.34274e-07,4.67137e-06,0
43475.0,43480.0,43477.5,9.51972e-07,4.75986e-06,0
43480.0,43485.0,43482.5,1.90439e-06,9.52195e-06,0
43485.0,43490.0,43487.5,9.31836e-07,4.65918e-06,0
43490.0,43495.0,43492.5,9.35454e-07,4.67727e-06,0
43500.0,43505.0,43502.5,1.89645e-06,9.48225e-06,0
43505.0,43510.0,43507.5,9.31836e-07,4.65918e-06,0
43510.0,43515.0,43512.5,1.931016e-06,9.65508e-06,0
43515.0,43520.0,43517.5,2.859624e-06,1.429812e-05,0
43520.0,43525.0,43522.5,9.31012e-07,4.65506e-06,0
43525.0,43530.0,43527.5,1.866466e-06,9.33233e-06,0
43530.0,43535.0,43532.5,1.90439e-06,9.52195e-06,0
43535.0,43540.0,43537.5,9.31012e-07,4.65506e-06,0
43540.0,43545.0,43542.5,1.899712e-06,9.49856e-06,0
43560.0,43565.0,43562.5,9.34274e-07,4.67137e-06,0
43565.0,43570.0,43567.5,9.31012e-07,4.65506e-06,0
43570.0,43575.0,43572.5,1.865286e-06,9.32643e-06,0
43575.0,43580.0,43577.5,3.814962e-06,1.907481e-05,0
43580.0,43585.0,43582.5,1.870908e-06,9.35454e-06,0
43585.0,43590.0,43587.5,2.861518e-06,1.430759e-05,0
43590.0,43595.0,43592.5,1.903946e-06,9.51973e-06,0
43600.0,43605.0,43602.5,9.65578e-07,4.82789e-06,0
43605.0,43610.0,43607.5,9.34274e-07,4.67137e-06,0
43610.0,43615.0,43612.5,9.65578e-07,4.82789e-06,0
43615.0,43620.0,43617.5,9.31836e-07,4.65918e-06,0
43620.0,43625.0,43622.5,9.34274e-07,4.67137e-06,0
43625.0,43630.0,43627.5,9.31836e-07,4.65918e-06,0
43630.0,43635.0,43632.5,9.65438e-07,4.82719e-06,0
43635.0,43640.0,43637.5,1.91309e-06,9.56545e-06,0
43640.0,43645.0,43642.5,2.843106e-06,1.421553e-05,0
43645.0,43650.0,43647.5,1.93405e-06,9.67025e-06,0
43650.0,43655.0,43652.5,2.811398e-06,1.405699e-05,0
43660.0,43665.0,43662.5,2.86164e-06,1.43082e-05,0
43670.0,43675.0,43672.5,9.34274e-07,4.67137e-06,0
43685.0,43690.0,43687.5,1.883808e-06,9.41904e-06,0
43695.0,43700.0,43697.5,9.82078e-07,4.91039e-06,0
43700.0,43705.0,43702.5,3.77171e-06,1.885855e-05,0
43705.0,43710.0,43707.5,9.31836e-07,4.65918e-06,0
43715.0,43720.0,43717.5,4.698014e-06,2.349007e-05,0
43725.0,43730.0,43727.5,2.840668e-06,1.420334e-05,0
43730.0,43735.0,43732.5,9.35454e-07,4.67727e-06,0
43750.0,43755.0,43752.5,1.886246e-06,9.43123e-06,0
43760.0,43765.0,43762.5,9.51972e-07,4.75986e-06,0
43770.0,43775.0,43772.5,1.92535e-06,9.62675e-06,0
43775.0,43780.0,43777.5,9.31836e-07,4.65918e-06,0
43780.0,43785.0,43782.5,9.73378e-07,4.86689e-06,0
43785.0,43790.0,43787.5,9.51972e-07,4.75986e-06,0
43790.0,43795.0,43792.5,2.820054e-06,1.410027e-05,0
43795.0,43800.0,43797.5,9.35454e-07,4.67727e-06,0
43800.0,43805.0,43802.5,1.886246e-06,9.43123e-06,0
43805.0,43810.0,43807.5,3.787278e-06,1.893639e-05,0
43815.0,43820.0,43817.5,9.44108e-07,4.72054e-06,0
43820.0,43825.0,43822.5,1.865286e-06,9.32643e-06,0
43835.0,43840.0,43837.5,2.883126e-06,1.441563e-05,0
43840.0,43845.0,43842.5,2.88311e-06,1.441555e-05,0
43845.0,43850.0,43847.5,2.879352e-06,1.439676e-05,0
43865.0,43870.0,43867.5,9.82078e-07,4.91039e-06,0
43870.0,43875.0,43872.5,1.870908e-06,9.35454e-06,0
43875.0,43880.0,43877.5,1.89608e-06,9.4804e-06,0
43880.0,43885.0,43882.5,9.51972e-07,4.75986e-06,0
43885.0,43890.0,43887.5,1.89659e-06,9.48295e-06,0
43890.0,43895.0,43892.5,9.35454e-07,4.67727e-06,0
43895.0,43900.0,43897.5,9.51972e-07,4.75986e-06,0
43900.0,43905.0,43902.5,1.866466e-06,9.33233e-06,0
43915.0,43920.0,43917.5,9.31012e-07,4.65506e-06,0
43920.0,43925.0,43922.5,1.868548e-06,9.34274e-06,0
43925.0,43930.0,43927.5,9.31012e-07,4.65506e-06,0
43930.0,43935.0,43932.5,1.905214e-06,9.52607e-06,0
43935.0,43940.0,43937.5,3.88164e-06,1.94082e-05,0
43940.0,43945.0,43942.5,9.35454e-07,4.67727e-06,0
43945.0,43950.0,43947.5,1.89645e-06,9.48225e-06,0
43950.0,43955.0,43952.5,1.865286e-06,9.32643e-06,0
43955.0,43960.0,43957.5,9.31836e-07,4.65918e-06,0
43960.0,43965.0,43962.5,9.73378e-07,4.86689e-06,0
43965.0,43970.0,43967.5,1.866466e-06,9.33233e-06,0
44005.0,44010.0,44007.5,9.51972e-07,4.75986e-06,0
44010.0,44015.0,44012.5,1.86729e-06,9.33645e-06,0
44015.0,44020.0,44017.5,1.899852e-06,9.49926e-06,0
44020.0,44025.0,44022.5,9.65438e-07,4.82719e-06,0
44025.0,44030.0,44027.5,1.869728e-06,9.34864e-06,0
44030.0,44035.0,44032.5,9.65438e-07,4.82719e-06,0
44035.0,44040.0,44037.5,9.31836e-07,4.65918e-06,0
44040.0,44045.0,44042.5,3.827464e-06,1.913732e-05,0
44045.0,44050.0,44047.5,9.31012e-07,4.65506e-06,0
44050.0,44055.0,44052.5,9.34274e-07,4.67137e-06,0
44055.0,44060.0,44057.5,9.31836e-07,4.65918e-06,0
44060.0,44065.0,44062.5,1.882984e-06,9.41492e-06,0
44065.0,44070.0,44067.5,3.776976e-06,1.888488e-05,0
44070.0,44075.0,44072.5,9.51972e-07,4.75986e-06,0
44075.0,44080.0,44077.5,9.31012e-07,4.65506e-06,0
44080.0,44085.0,44082.5,1.917486e-06,9.58743e-06,0
44085.0,44090.0,44087.5,9.82078e-07,4.91039e-06,0
44090.0,44095.0,44092.5,9.34274e-07,4.67137e-06,0
44105.0,44110.0,44107.5,2.797946e-06,1.398973e-05,0
44110.0,44115.0,44112.5,1.908832e-06,9.54416e-06,0
44115.0,44120.0,44117.5,1.905214e-06,9.52607e-06,0
44120.0,44125.0,44122.5,1.909686e-06,9.54843e-06,0
44125.0,44130.0,44127.5,9.35454e-07,4.67727e-06,0
44135.0,44140.0,44137.5,9.31012e-07,4.65506e-06,0
44145.0,44150.0,44147.5,9.51972e-07,4.75986e-06,0
44150.0,44155.0,44152.5,9.51972e-07,4.75986e-06,0
44155.0,44160.0,44157.5,2.833986e-06,1.416993e-05,0
44160.0,44165.0,44162.5,9.35454e-07,4.67727e-06,0
44175.0,44180.0,44177.5,9.65578e-07,4.82789e-06,0
44180.0,44185.0,44182.5,9.31012e-07,4.65506e-06,0
44185.0,44190.0,44187.5,9.31836e-07,4.65918e-06,0
44190.0,44195.0,44192.5,1.883808e-06,9.41904e-06,0
44195.0,44200.0,44197.5,2.85294e-06,1.42647e-05,0
44205.0,44210.0,44207.5,9.82078e-07,4.91039e-06,0
44215.0,44220.0,44217.5,3.826038e-06,1.913019e-05,0
44225.0,44230.0,44227.5,9.31836e-07,4.65918e-06,0
44230.0,44235.0,44232.5,9.35454e-07,4.67727e-06,0
44240.0,44245.0,44242.5,9.34274e-07,4.67137e-06,0
44245.0,44250.0,44247.5,1.866466e-06,9.33233e-06,0
44250.0,44255.0,44252.5,3.800602e-06,1.900301e-05,0
44265.0,44270.0,44267.5,2.823672e-06,1.411836e-05,0
44270.0,44275.0,44272.5,2.879352e-06,1.439676e-05,0
44275.0,44280.0,44277.5,2.810574e-06,1.405287e-05,0
44280.0,44285.0,44282.5,9.35454e-07,4.67727e-06,0
44285.0,44290.0,44287.5,1.900892e-06,9.50446e-06,0
44290.0,44295.0,44292.5,2.83822e-06,1.41911e-05,0
44295.0,44300.0,44297.5,1.866466e-06,9.33233e-06,0
44300.0,44305.0,44302.5,3.800602e-06,1.900301e-05,0
44310.0,44315.0,44312.5,1.870908e-06,9.35454e-06,0
44315.0,44320.0,44317.5,3.80916e-06,1.90458e-05,0
44325.0,44330.0,44327.5,1.875944e-06,9.37972e-06,0
44330.0,44335.0,44332.5,2.798302e-06,1.399151e-05,0
44340.0,44345.0,44342.5,9.73378e-07,4.86689e-06,0
44345.0,44350.0,44347.5,1.866466e-06,9.33233e-06,0
44355.0,44360.0,44357.5,9.51972e-07,4.75986e-06,0
44360.0,44365.0,44362.5,9.65438e-07,4.82719e-06,0
44365.0,44370.0,44367.5,9.65438e-07,4.82719e-06,0
44370.0,44375.0,44372.5,2.819262e-06,1.409631e-05,0
44375.0,44380.0,44377.5,3.812942e-06,1.906471e-05,0
44380.0,44385.0,44382.5,9.73378e-07,4.86689e-06,0
44390.0,44395.0,44392.5,9.51972e-07,4.75986e-06,0
44395.0,44400.0,44397.5,1.89645e-06,9.48225e-06,0
44400.0,44405.0,44402.5,9.31836e-07,4.65918e-06,0
44410.0,44415.0,44412.5,1.862024e-06,9.31012e-06,0
44420.0,44425.0,44422.5,9.65578e-07,4.82789e-06,0
44425.0,44430.0,44427.5,9.44108e-07,4.72054e-06,0
44440.0,44445.0,44442.5,1.883808e-06,9.41904e-06,0
44445.0,44450.0,44447.5,2.828286e-06,1.414143e-05,0
44450.0,44455.0,44452.5,1.931016e-06,9.65508e-06,0
44455.0,44460.0,44457.5,1.862848e-06,9.31424e-06,0
44470.0,44475.0,44472.5,1.882984e-06,9.41492e-06,0
44475.0,44480.0,44477.5,9.34274e-07,4.67137e-06,0
44480.0,44485.0,44482.5,4.800474e-06,2.400237e-05,0
44485.0,44490.0,44487.5,9.35454e-07,4.67727e-06,0
44490.0,44495.0,44492.5,1.86611e-06,9.33055e-06,0
44500.0,44505.0,44502.5,1.866466e-06,9.33233e-06,0
44510.0,44515.0,44512.5,9.65438e-07,4.82719e-06,0
44515.0,44520.0,44517.5,9.34274e-07,4.67137e-06,0
44520.0,44525.0,44522.5,9.34274e-07,4.67137e-06,0
44525.0,44530.0,44527.5,9.65438e-07,4.82719e-06,0
44535.0,44540.0,44537.5,9.31836e-07,4.65918e-06,0
44545.0,44550.0,44547.5,9.31012e-07,4.65506e-06,0
44555.0,44560.0,44557.5,9.35454e-07,4.67727e-06,0
44560.0,44565.0,44562.5,9.44108e-07,4.72054e-06,0
44565.0,44570.0,44567.5,9.34274e-07,4.67137e-06,0
44570.0,44575.0,44572.5,9.65438e-07,4.82719e-06,0
44575.0,44580.0,44577.5,4.665668e-06,2.332834e-05,0
44580.0,44585.0,44582.5,1.888218e-06,9.44109e-06,0
44585.0,44590.0,44587.5,1.882984e-06,9.41492e-06,0
44595.0,44600.0,44597.5,1.897274e-06,9.48637e-06,0
44600.0,44605.0,44602.5,2.830724e-06,1.415362e-05,0
44615.0,44620.0,44617.5,1.926186e-06,9.63093e-06,0
44625.0,44630.0,44627.5,1.899712e-06,9.49856e-06,0
44630.0,44635.0,44632.5,9.73378e-07,4.86689e-06,0
44640.0,44645.0,44642.5,9.82078e-07,4.91039e-06,0
44645.0,44650.0,44647.5,1.866466e-06,9.33233e-06,0
44650.0,44655.0,44652.5,9.65438e-07,4.82719e-06,0
44655.0,44660.0,44657.5,9.73378e-07,4.86689e-06,0
44660.0,44665.0,44662.5,1.878382e-06,9.39191e-06,0
44665.0,44670.0,44667.5,9.82078e-07,4.91039e-06,0
44670.0,44675.0,44672.5,9.65438e-07,4.82719e-06,0
44675.0,44680.0,44677.5,1.903946e-06,9.51973e-06,0
44680.0,44685.0,44682.5,1.89608e-06,9.4804e-06,0
44685.0,44690.0,44687.5,1.886246e-06,9.43123e-06,0
44690.0,44695.0,44692.5,3.78793e-06,1.893965e-05,0
44700.0,44705.0,44702.5,9.31012e-07,4.65506e-06,0
44705.0,44710.0,44707.5,9.44108e-07,4.72054e-06,0
44710.0,44715.0,44712.5,3.735838e-06,1.867919e-05,0
44720.0,44725.0,44722.5,9.35454e-07,4.67727e-06,0
44725.0,44730.0,44727.5,2.809394e-06,1.404697e-05,0
44730.0,44735.0,44732.5,9.34274e-07,4.67137e-06,0
44735.0,44740.0,44737.5,1.87512e-06,9.3756e-06,0
44740.0,44745.0,44742.5,9.35454e-07,4.67727e-06,0
44745.0,44750.0,44747.5,1.86611e-06,9.33055e-06,0
44755.0,44760.0,44757.5,9.65438e-07,4.82719e-06,0
44765.0,44770.0,44767.5,9.34274e-07,4.67137e-06,0
44770.0,44775.0,44772.5,9.65438e-07,4.82719e-06,0
44775.0,44780.0,44777.5,2.861658e-06,1.430829e-05,0
44780.0,44785.0,44782.5,9.73378e-07,4.86689e-06,0
44785.0,44790.0,44787.5,1.879562e-06,9.39781e-06,0
44795.0,44800.0,44797.5,9.73378e-07,4.86689e-06,0
44800.0,44805.0,44802.5,9.31012e-07,4.65506e-06,0
44815.0,44820.0,44817.5,1.883808e-06,9.41904e-06,0
44820.0,44825.0,44822.5,9.51972e-07,4.75986e-06,0
44830.0,44835.0,44832.5,1.899852e-06,9.49926e-06,0
44835.0,44840.0,44837.5,2.830354e-06,1.415177e-05,0
44840.0,44845.0,44842.5,1.886246e-06,9.43123e-06,0
44850.0,44855.0,44852.5,9.31012e-07,4.65506e-06,0
44855.0,44860.0,44857.5,9.34274e-07,4.67137e-06,0
44860.0,44865.0,44862.5,9.35454e-07,4.67727e-06,0
44865.0,44870.0,44867.5,9.31012e-07,4.65506e-06,0
44870.0,44875.0,44872.5,9.65578e-07,4.82789e-06,0
44875.0,44880.0,44877.5,9.35454e-07,4.67727e-06,0
44880.0,44885.0,44882.5,9.82078e-07,4.91039e-06,0
44885.0,44890.0,44887.5,2.797478e-06,1.398739e-05,0
44890.0,44895.0,44892.5,1.938816e-06,9.69408e-06,0
44900.0,44905.0,44902.5,1.916352e-06,9.58176e-06,0
44905.0,44910.0,44907.5,1.93405e-06,9.67025e-06,0
44930.0,44935.0,44932.5,9.51972e-07,4.75986e-06,0
44935.0,44940.0,44937.5,1.908832e-06,9.54416e-06,0
44940.0,44945.0,44942.5,9.31836e-07,4.65918e-06,0
44945.0,44950.0,44947.5,9.51972e-07,4.75986e-06,0
44950.0,44955.0,44952.5,9.51972e-07,4.75986e-06,0
44955.0,44960.0,44957.5,9.51972e-07,4.75986e-06,0
44985.0,44990.0,44987.5,1.866466e-06,9.33233e-06,0
44990.0,44995.0,44992.5,2.848544e-06,1.424272e-05,0
44995.0,45000.0,44997.5,1.903946e-06,9.51973e-06,0
45000.0,45005.0,45002.5,9.34274e-07,4.67137e-06,0
45010.0,45015.0,45012.5,9.35454e-07,4.67727e-06,0
45015.0,45020.0,45017.5,9.73378e-07,4.86689e-06,0
45020.0,45025.0,45022.5,1.879562e-06,9.39781e-06,0
45025.0,45030.0,45027.5,9.34274e-07,4.67137e-06,0
45035.0,45040.0,45037.5,1.89608e-06,9.4804e-06,0
45040.0,45045.0,45042.5,9.82078e-07,4.91039e-06,0
45050.0,45055.0,45052.5,9.82078e-07,4.91039e-06,0
45055.0,45060.0,45057.5,1.878382e-06,9.39191e-06,0
45060.0,45065.0,45062.5,1.870908e-06,9.35454e-06,0
45075.0,45080.0,45077.5,1.886246e-06,9.43123e-06,0
45080.0,45085.0,45082.5,9.34274e-07,4.67137e-06,0
45085.0,45090.0,45087.5,9.31012e-07,4.65506e-06,0
45090.0,45095.0,45092.5,9.73378e-07,4.86689e-06,0
45100.0,45105.0,45102.5,1.866466e-06,9.33233e-06,0
45105.0,45110.0,45107.5,9.44108e-07,4.72054e-06,0
45110.0,45115.0,45112.5,9.51972e-07,4.75986e-06,0
45115.0,45120.0,45117.5,9.31012e-07,4.65506e-06,0
45120.0,45125.0,45122.5,9.65438e-07,4.82719e-06,0
45125.0,45130.0,45127.5,2.805182e-06,1.402591e-05,0
45130.0,45135.0,45132.5,9.31836e-07,4.65918e-06,0
45140.0,45145.0,45142.5,9.73378e-07,4.86689e-06,0
45145.0,45150.0,45147.5,9.34274e-07,4.67137e-06,0
45150.0,45155.0,45152.5,9.51972e-07,4.75986e-06,0
45160.0,45165.0,45162.5,9.31012e-07,4.65506e-06,0
45165.0,45170.0,45167.5,1.916352e-06,9.58176e-06,0
45170.0,45175.0,45172.5,9.44108e-07,4.72054e-06,0
45180.0,45185.0,45182.5,2.852986e-06,1.426493e-05,0
45185.0,45190.0,45187.5,2.852864e-06,1.426432e-05,0
45210.0,45215.0,45212.5,1.863672e-06,9.31836e-06,0
45215.0,45220.0,45217.5,1.908832e-06,9.54416e-06,0
45230.0,45235.0,45232.5,1.86729e-06,9.33645e-06,0
45240.0,45245.0,45242.5,9.35454e-07,4.67727e-06,0
45245.0,45250.0,45247.5,9.51972e-07,4.75986e-06,0
45260.0,45265.0,45262.5,1.866466e-06,9.33233e-06,0
45265.0,45270.0,45267.5,1.866466e-06,9.33233e-06,0
45275.0,45280.0,45277.5,9.31012e-07,4.65506e-06,0
45280.0,45285.0,45282.5,2.835402e-06,1.417701e-05,0
45285.0,45290.0,45287.5,1.90439e-06,9.52195e-06,0
45290.0,45295.0,45292.5,1.89659e-06,9.48295e-06,0
45310.0,45315.0,45312.5,1.917532e-06,9.58766e-06,0
45325.0,45330.0,45327.5,2.869458e-06,1.434729e-05,0
45340.0,45345.0,45342.5,9.44108e-07,4.72054e-06,0
45345.0,45350.0,45347.5,1.87512e-06,9.3756e-06,0
45350.0,45355.0,45352.5,9.31012e-07,4.65506e-06,0
45355.0,45360.0,45357.5,9.65438e-07,4.82719e-06,0
45360.0,45365.0,45362.5,1.909546e-06,9.54773e-06,0
45370.0,45375.0,45372.5,9.51972e-07,4.75986e-06,0
45385.0,45390.0,45387.5,9.34274e-07,4.67137e-06,0
45390.0,45395.0,45392.5,9.35454e-07,4.67727e-06,0
45395.0,45400.0,45397.5,9.31012e-07,4.65506e-06,0
45400.0,45405.0,45402.5,9.65438e-07,4.82719e-06,0
45405.0,45410.0,45407.5,2.81923e-06,1.409615e-05,0
45420.0,45425.0,45422.5,1.865286e-06,9.32643e-06,0
45430.0,45435.0,45432.5,3.793722e-06,1.896861e-05,0
45435.0,45440.0,45437.5,9.51972e-07,4.75986e-06,0
45440.0,45445.0,45442.5,9.65578e-07,4.82789e-06,0
45445.0,45450.0,45447.5,9.35454e-07,4.67727e-06,0
45450.0,45455.0,45452.5,4.732352e-06,2.366176e-05,0
45455.0,45460.0,45457.5,1.947656e-06,9.73828e-06,0
45460.0,45465.0,45462.5,9.73378e-07,4.86689e-06,0
45465.0,45470.0,45467.5,2.806132e-06,1.403066e-05,0
45475.0,45480.0,45477.5,9.31836e-07,4.65918e-06,0
45480.0,45485.0,45482.5,9.34274e-07,4.67137e-06,0
45485.0,45490.0,45487.5,1.907652e-06,9.53826e-06,0
45490.0,45495.0,45492.5,1.907652e-06,9.53826e-06,0
45495.0,45500.0,45497.5,9.51972e-07,4.75986e-06,0
45500.0,45505.0,45502.5,1.882984e-06,9.41492e-06,0
45510.0,45515.0,45512.5,9.44108e-07,4.72054e-06,0
45515.0,45520.0,45517.5,9.65438e-07,4.82719e-06,0
45520.0,45525.0,45522.5,3.791472e-06,1.895736e-05,0
45525.0,45530.0,45527.5,4.698824e-06,2.349412e-05,0
45530.0,45535.0,45532.5,9.51972e-07,4.75986e-06,0
45535.0,45540.0,45537.5,9.82078e-07,4.91039e-06,0
45545.0,45550.0,45547.5,1.869728e-06,9.34864e-06,0
45555.0,45560.0,45557.5,3.785958e-06,1.892979e-05,0
45565.0,45570.0,45567.5,9.82078e-07,4.91039e-06,0
45570.0,45575.0,45572.5,2.860804e-06,1.430402e-05,0
45575.0,45580.0,45577.5,9.31012e-07,4.65506e-06,0
45580.0,45585.0,45582.5,9.31836e-07,4.65918e-06,0
45595.0,45600.0,45597.5,9.44108e-07,4.72054e-06,0
45605.0,45610.0,45607.5,1.882984e-06,9.41492e-06,0
45610.0,45615.0,45612.5,1.87512e-06,9.3756e-06,0
45615.0,45620.0,45617.5,2.86046e-06,1.43023e-05,0
45630.0,45635.0,45632.5,4.757254e-06,2.378627e-05,0
45650.0,45655.0,45652.5,1.866466e-06,9.33233e-06,0
45655.0,45660.0,45657.5,2.88973e-06,1.444865e-05,0
45665.0,45670.0,45667.5,9.31012e-07,4.65506e-06,0
45675.0,45680.0,45677.5,1.897274e-06,9.48637e-06,0
45685.0,45690.0,45687.5,4.677508e-06,2.338754e-05,0
45695.0,45700.0,45697.5,9.51972e-07,4.75986e-06,0
45700.0,45705.0,45702.5,1.89645e-06,9.48225e-06,0
45705.0,45710.0,45707.5,2.810218e-06,1.405109e-05,0
45710.0,45715.0,45712.5,9.73378e-07,4.86689e-06,0
45715.0,45720.0,45717.5,1.875944e-06,9.37972e-06,0
45725.0,45730.0,45727.5,9.44108e-07,4.72054e-06,0
45740.0,45745.0,45742.5,2.832868e-06,1.416434e-05,0
45750.0,45755.0,45752.5,1.897274e-06,9.48637e-06,0
45755.0,45760.0,45757.5,3.825184e-06,1.912592e-05,0
45760.0,45765.0,45762.5,9.51972e-07,4.75986e-06,0
45765.0,45770.0,45767.5,1.89645e-06,9.48225e-06,0
45770.0,45775.0,45772.5,1.913914e-06,9.56957e-06,0
45775.0,45780.0,45777.5,4.684548e-06,2.342274e-05,0
45785.0,45790.0,45787.5,9.31836e-07,4.65918e-06,0
45790.0,45795.0,45792.5,1.882984e-06,9.41492e-06,0
45805.0,45810.0,45807.5,9.44108e-07,4.72054e-06,0
45820.0,45825.0,45822.5,9.65438e-07,4.82719e-06,0
45830.0,45835.0,45832.5,9.35454e-07,4.67727e-06,0
45840.0,45845.0,45842.5,1.93405e-06,9.67025e-06,0
45845.0,45850.0,45847.5,9.51972e-07,4.75986e-06,0
45850.0,45855.0,45852.5,3.779738e-06,1.889869e-05,0
45855.0,45860.0,45857.5,9.73378e-07,4.86689e-06,0
45860.0,45865.0,45862.5,2.843106e-06,1.421553e-05,0
45865.0,45870.0,45867.5,1.91309e-06,9.56545e-06,0
45870.0,45875.0,45872.5,1.90439e-06,9.52195e-06,0
45875.0,45880.0,45877.5,1.887426e-06,9.43713e-06,0
45880.0,45885.0,45882.5,1.91741e-06,9.58705e-06,0
45885.0,45890.0,45887.5,1.886246e-06,9.43123e-06,0
45890.0,45895.0,45892.5,9.34274e-07,4.67137e-06,0
45895.0,45900.0,45897.5,2.81482e-06,1.40741e-05,0
45905.0,45910.0,45907.5,1.862024e-06,9.31012e-06,0
45915.0,45920.0,45917.5,9.65578e-07,4.82789e-06,0
45920.0,45925.0,45922.5,2.857198e-06,1.428599e-05,0
45925.0,45930.0,45927.5,1.878382e-06,9.39191e-06,0
45930.0,45935.0,45932.5,9.82078e-07,4.91039e-06,0
45935.0,45940.0,45937.5,9.73378e-07,4.86689e-06,0
45940.0,45945.0,45942.5,1.870908e-06,9.35454e-06,0
45945.0,45950.0,45947.5,1.917532e-06,9.58766e-06,0
45955.0,45960.0,45957.5,9.31836e-07,4.65918e-06,0
45960.0,45965.0,45962.5,2.859624e-06,1.429812e-05,0
45970.0,45975.0,45972.5,9.44108e-07,4.72054e-06,0
45975.0,45980.0,45977.5,9.35454e-07,4.67727e-06,0
45995.0,46000.0,45997.5,2.818438e-06,1.409219e-05,0
46000.0,46005.0,46002.5,1.938956e-06,9.69478e-06,0
46005.0,46010.0,46007.5,9.82078e-07,4.91039e-06,0
46015.0,46020.0,46017.5,9.35454e-07,4.67727e-06,0
46020.0,46025.0,46022.5,1.875944e-06,9.37972e-06,0
46025.0,46030.0,46027.5,9.31836e-07,4.65918e-06,0
46035.0,46040.0,46037.5,9.65438e-07,4.82719e-06,0
46040.0,46045.0,46042.5,2.848422e-06,1.424211e-05,0
46045.0,46050.0,46047.5,9.44108e-07,4.72054e-06,0
46050.0,46055.0,46052.5,9.51972e-07,4.75986e-06,0
46055.0,46060.0,46057.5,1.908832e-06,9.54416e-06,0
46070.0,46075.0,46072.5,1.909546e-06,9.54773e-06,0
46075.0,46080.0,46077.5,3.753504e-06,1.876752e-05,0
46090.0,46095.0,46092.5,9.44108e-07,4.72054e-06,0
46095.0,46100.0,46097.5,9.51972e-07,4.75986e-06,0
46100.0,46105.0,46102.5,9.34274e-07,4.67137e-06,0
46105.0,46110.0,46107.5,2.85294e-06,1.42647e-05,0
46120.0,46125.0,46122.5,2.907428e-06,1.453714e-05,0
46140.0,46145.0,46142.5,3.764998e-06,1.882499e-05,0
46155.0,46160.0,46157.5,9.65438e-07,4.82719e-06,0
46160.0,46165.0,46162.5,9.65578e-07,4.82789e-06,0
46165.0,46170.0,46167.5,9.31836e-07,4.65918e-06,0
46175.0,46180.0,46177.5,1.866466e-06,9.33233e-06,0
46180.0,46185.0,46182.5,1.89608e-06,9.4804e-06,0
46185.0,46190.0,46187.5,1.947656e-06,9.73828e-06,0
46190.0,46195.0,46192.5,1.916352e-06,9.58176e-06,0
46195.0,46200.0,46197.5,2.882846e-06,1.441423e-05,0
46205.0,46210.0,46207.5,9.35454e-07,4.67727e-06,0
46215.0,46220.0,46217.5,1.878382e-06,9.39191e-06,0
46220.0,46225.0,46222.5,9.73378e-07,4.86689e-06,0
46235.0,46240.0,46237.5,1.863672e-06,9.31836e-06,0
46240.0,46245.0,46242.5,2.861658e-06,1.430829e-05,0
46245.0,46250.0,46247.5,2.813836e-06,1.406918e-05,0
46250.0,46255.0,46252.5,1.91741e-06,9.58705e-06,0
46255.0,46260.0,46257.5,1.882984e-06,9.41492e-06,0
46260.0,46265.0,46262.5,1.917486e-06,9.58743e-06,0
46265.0,46270.0,46267.5,9.35454e-07,4.67727e-06,0
46275.0,46280.0,46277.5,9.31836e-07,4.65918e-06,0
46280.0,46285.0,46282.5,2.815644e-06,1.407822e-05,0
46285.0,46290.0,46287.5,2.80074e-06,1.40037e-05,0
46300.0,46305.0,46302.5,9.31012e-07,4.65506e-06,0
46305.0,46310.0,46307.5,1.899712e-06,9.49856e-06,0
46310.0,46315.0,46312.5,3.795078e-06,1.897539e-05,0
46315.0,46320.0,46317.5,1.87512e-06,9.3756e-06,0
46330.0,46335.0,46332.5,1.917532e-06,9.58766e-06,0
46340.0,46345.0,46342.5,9.31012e-07,4.65506e-06,0
46345.0,46350.0,46347.5,9.34274e-07,4.67137e-06,0
46355.0,46360.0,46357.5,3.766318e-06,1.883159e-05,0
46360.0,46365.0,46362.5,9.35454e-07,4.67727e-06,0
46370.0,46375.0,46372.5,2.858022e-06,1.429011e-05,0
46385.0,46390.0,46387.5,2.841522e-06,1.420761e-05,0
46390.0,46395.0,46392.5,1.900892e-06,9.50446e-06,0
46395.0,46400.0,46397.5,9.51972e-07,4.75986e-06,0
46410.0,46415.0,46412.5,9.31836e-07,4.65918e-06,0
46420.0,46425.0,46422.5,2.848054e-06,1.424027e-05,0
46425.0,46430.0,46427.5,9.51972e-07,4.75986e-06,0
46430.0,46435.0,46432.5,9.34274e-07,4.67137e-06,0
46440.0,46445.0,46442.5,2.823672e-06,1.411836e-05,0
46445.0,46450.0,46447.5,9.35454e-07,4.67727e-06,0
46450.0,46455.0,46452.5,9.31836e-07,4.65918e-06,0
46475.0,46480.0,46477.5,1.90439e-06,9.52195e-06,0
46485.0,46490.0,46487.5,9.73378e-07,4.86689e-06,0
46490.0,46495.0,46492.5,9.44108e-07,4.72054e-06,0
46495.0,46500.0,46497.5,2.797122e-06,1.398561e-05,0
46505.0,46510.0,46507.5,9.51972e-07,4.75986e-06,0
46510.0,46515.0,46512.5,2.89091e-06,1.445455e-05,0
46520.0,46525.0,46522.5,2.848498e-06,1.424249e-05,0
46525.0,46530.0,46527.5,9.51972e-07,4.75986e-06,0
46530.0,46535.0,46532.5,9.31012e-07,4.65506e-06,0
46535.0,46540.0,46537.5,9.34274e-07,4.67137e-06,0
46540.0,46545.0,46542.5,9.65438e-07,4.82719e-06,0
46545.0,46550.0,46547.5,1.905214e-06,9.52607e-06,0
46550.0,46555.0,46552.5,1.866466e-06,9.33233e-06,0
46555.0,46560.0,46557.5,9.31836e-07,4.65918e-06,0
46560.0,46565.0,46562.5,1.91755e-06,9.58775e-06,0
46565.0,46570.0,46567.5,2.891624e-06,1.445812e-05,0
46570.0,46575.0,46572.5,1.909686e-06,9.54843e-06,0
46575.0,46580.0,46577.5,1.900892e-06,9.50446e-06,0
46580.0,46585.0,46582.5,3.78807e-06,1.894035e-05,0
46585.0,46590.0,46587.5,9.31836e-07,4.65918e-06,0
46590.0,46595.0,46592.5,1.916352e-06,9.58176e-06,0
46595.0,46600.0,46597.5,9.65438e-07,4.82719e-06,0
46600.0,46605.0,46602.5,9.31836e-07,4.65918e-06,0
46605.0,46610.0,46607.5,1.865286e-06,9.32643e-06,0
46610.0,46615.0,46612.5,4.699194e-06,2.349597e-05,0
46620.0,46625.0,46622.5,1.888218e-06,9.44109e-06,0
46625.0,46630.0,46627.5,2.804002e-06,1.402001e-05,0
46630.0,46635.0,46632.5,1.930874e-06,9.65437e-06,0
46640.0,46645.0,46642.5,9.44108e-07,4.72054e-06,0
46645.0,46650.0,46647.5,9.34274e-07,4.67137e-06,0
46650.0,46655.0,46652.5,9.34274e-07,4.67137e-06,0
46660.0,46665.0,46662.5,1.897274e-06,9.48637e-06,0
46670.0,46675.0,46672.5,9.51972e-07,4.75986e-06,0
46680.0,46685.0,46682.5,9.65438e-07,4.82719e-06,0
46685.0,46690.0,46687.5,9.44108e-07,4.72054e-06,0
46695.0,46700.0,46697.5,9.35454e-07,4.67727e-06,0
46710.0,46715.0,46712.5,9.82078e-07,4.91039e-06,0
46725.0,46730.0,46727.5,3.764564e-06,1.882282e-05,0
46740.0,46745.0,46742.5,9.31012e-07,4.65506e-06,0
46745.0,46750.0,46747.5,1.865286e-06,9.32643e-06,0
46750.0,46755.0,46752.5,1.879562e-06,9.39781e-06,0
46755.0,46760.0,46757.5,9.65578e-07,4.82789e-06,0
46760.0,46765.0,46762.5,1.882984e-06,9.41492e-06,0
46765.0,46770.0,46767.5,1.89608e-06,9.4804e-06,0
46770.0,46775.0,46772.5,9.44108e-07,4.72054e-06,0
46780.0,46785.0,46782.5,9.82078e-07,4.91039e-06,0
46795.0,46800.0,46797.5,1.905214e-06,9.52607e-06,0
46805.0,46810.0,46807.5,2.844286e-06,1.422143e-05,0
46810.0,46815.0,46812.5,1.938956e-06,9.69478e-06,0
46815.0,46820.0,46817.5,1.899712e-06,9.49856e-06,0
46820.0,46825.0,46822.5,9.82078e-07,4.91039e-06,0
46825.0,46830.0,46827.5,9.82078e-07,4.91039e-06,0
46830.0,46835.0,46832.5,9.31836e-07,4.65918e-06,0
46835.0,46840.0,46837.5,9.82078e-07,4.91039e-06,0
46840.0,46845.0,46842.5,1.908832e-06,9.54416e-06,0
46850.0,46855.0,46852.5,2.831548e-06,1.415774e-05,0
46860.0,46865.0,46862.5,9.31836e-07,4.65918e-06,0
46870.0,46875.0,46872.5,9.35454e-07,4.67727e-06,0
46875.0,46880.0,46877.5,9.51972e-07,4.75986e-06,0
46880.0,46885.0,46882.5,9.44108e-07,4.72054e-06,0
46890.0,46895.0,46892.5,1.89608e-06,9.4804e-06,0
46895.0,46900.0,46897.5,9.35454e-07,4.67727e-06,0
46900.0,46905.0,46902.5,9.35454e-07,4.67727e-06,0
46905.0,46910.0,46907.5,9.31836e-07,4.65918e-06,0
46910.0,46915.0,46912.5,9.51972e-07,4.75986e-06,0
46915.0,46920.0,46917.5,9.35454e-07,4.67727e-06,0
46920.0,46925.0,46922.5,1.899712e-06,9.49856e-06,0
46935.0,46940.0,46937.5,2.8217e-06,1.41085e-05,0
46950.0,46955.0,46952.5,9.73378e-07,4.86689e-06,0
46960.0,46965.0,46962.5,9.31836e-07,4.65918e-06,0
46965.0,46970.0,46967.5,9.51972e-07,4.75986e-06,0
46975.0,46980.0,46977.5,9.65438e-07,4.82719e-06,0
46980.0,46985.0,46982.5,9.65578e-07,4.82789e-06,0
46985.0,46990.0,46987.5,9.31012e-07,4.65506e-06,0
46995.0,47000.0,46997.5,2.813836e-06,1.406918e-05,0
47000.0,47005.0,47002.5,2.80074e-06,1.40037e-05,0
47015.0,47020.0,47017.5,9.35454e-07,4.67727e-06,0
47020.0,47025.0,47022.5,9.73378e-07,4.86689e-06,0
47025.0,47030.0,47027.5,2.88973e-06,1.444865e-05,0
47030.0,47035.0,47032.5,2.836226e-06,1.418113e-05,0
47035.0,47040.0,47037.5,3.806136e-06,1.903068e-05,0
47070.0,47075.0,47072.5,9.31836e-07,4.65918e-06,0
47075.0,47080.0,47077.5,1.907652e-06,9.53826e-06,0
47080.0,47085.0,47082.5,9.44108e-07,4.72054e-06,0
47085.0,47090.0,47087.5,1.91755e-06,9.58775e-06,0
47095.0,47100.0,47097.5,9.34274e-07,4.67137e-06,0
47100.0,47105.0,47102.5,1.87512e-06,9.3756e-06,0
47110.0,47115.0,47112.5,9.34274e-07,4.67137e-06,0
47125.0,47130.0,47127.5,2.812656e-06,1.406328e-05,0
47130.0,47135.0,47132.5,3.783876e-06,1.891938e-05,0
47140.0,47145.0,47142.5,3.76337e-06,1.881685e-05,0
47145.0,47150.0,47147.5,1.938956e-06,9.69478e-06,0
47155.0,47160.0,47157.5,1.86729e-06,9.33645e-06,0
47160.0,47165.0,47162.5,1.875944e-06,9.37972e-06,0
47165.0,47170.0,47167.5,9.82078e-07,4.91039e-06,0
47175.0,47180.0,47177.5,9.51972e-07,4.75986e-06,0
47180.0,47185.0,47182.5,9.35454e-07,4.67727e-06,0
47185.0,47190.0,47187.5,9.44108e-07,4.72054e-06,0
47190.0,47195.0,47192.5,1.887426e-06,9.43713e-06,0
47200.0,47205.0,47202.5,1.866466e-06,9.33233e-06,0
47215.0,47220.0,47217.5,9.51972e-07,4.75986e-06,0
47220.0,47225.0,47222.5,1.89608e-06,9.4804e-06,0
47225.0,47230.0,47227.5,1.938956e-06,9.69478e-06,0
47250.0,47255.0,47252.5,1.908832e-06,9.54416e-06,0
47260.0,47265.0,47262.5,2.841382e-06,1.420691e-05,0
47265.0,47270.0,47267.5,9.31836e-07,4.65918e-06,0
47270.0,47275.0,47272.5,9.51972e-07,4.75986e-06,0
47280.0,47285.0,47282.5,1.87512e-06,9.3756e-06,0
47290.0,47295.0,47292.5,1.887426e-06,9.43713e-06,0
47300.0,47305.0,47302.5,1.86611e-06,9.33055e-06,0
47305.0,47310.0,47307.5,9.35454e-07,4.67727e-06,0
47315.0,47320.0,47317.5,9.44108e-07,4.72054e-06,0
47320.0,47325.0,47322.5,1.879562e-06,9.39781e-06,0
47325.0,47330.0,47327.5,9.44108e-07,4.72054e-06,0
47330.0,47335.0,47332.5,1.883808e-06,9.41904e-06,0
47335.0,47340.0,47337.5,3.814682e-06,1.907341e-05,0
47340.0,47345.0,47342.5,9.35454e-07,4.67727e-06,0
47345.0,47350.0,47347.5,9.31836e-07,4.65918e-06,0
47350.0,47355.0,47352.5,9.44108e-07,4.72054e-06,0
47355.0,47360.0,47357.5,9.65578e-07,4.82789e-06,0
47360.0,47365.0,47362.5,9.51972e-07,4.75986e-06,0
47365.0,47370.0,47367.5,9.51972e-07,4.75986e-06,0
47370.0,47375.0,47372.5,9.31836e-07,4.65918e-06,0
47375.0,47380.0,47377.5,9.35454e-07,4.67727e-06,0
47385.0,47390.0,47387.5,9.35454e-07,4.67727e-06,0
47390.0,47395.0,47392.5,2.830864e-06,1.415432e-05,0
47400.0,47405.0,47402.5,9.65438e-07,4.82719e-06,0
47405.0,47410.0,47407.5,1.886246e-06,9.43123e-06,0
47410.0,47415.0,47412.5,9.34274e-07,4.67137e-06,0
47415.0,47420.0,47417.5,9.51972e-07,4.75986e-06,0
47420.0,47425.0,47422.5,9.44108e-07,4.72054e-06,0
47425.0,47430.0,47427.5,9.73378e-07,4.86689e-06,0
47430.0,47435.0,47432.5,1.862848e-06,9.31424e-06,0
47435.0,47440.0,47437.5,2.88221e-06,1.441105e-05,0
47440.0,47445.0,47442.5,1.900892e-06,9.50446e-06,0
47455.0,47460.0,47457.5,9.51972e-07,4.75986e-06,0
47465.0,47470.0,47467.5,9.65578e-07,4.82789e-06,0
47485.0,47490.0,47487.5,9.44108e-07,4.72054e-06,0
47490.0,47495.0,47492.5,9.35454e-07,4.67727e-06,0
47500.0,47505.0,47502.5,1.882984e-06,9.41492e-06,0
47510.0,47515.0,47512.5,9.34274e-07,4.67137e-06,0
47520.0,47525.0,47522.5,2.830724e-06,1.415362e-05,0
47525.0,47530.0,47527.5,2.794684e-06,1.397342e-05,0
47535.0,47540.0,47537.5,9.31836e-07,4.65918e-06,0
47540.0,47545.0,47542.5,9.44108e-07,4.72054e-06,0
47545.0,47550.0,47547.5,4.736814e-06,2.368407e-05,0
47550.0,47555.0,47552.5,1.897414e-06,9.48707e-06,0
47555.0,47560.0,47557.5,9.31012e-07,4.65506e-06,0
47565.0,47570.0,47567.5,9.34274e-07,4.67137e-06,0
47570.0,47575.0,47572.5,2.818438e-06,1.409219e-05,0
47580.0,47585.0,47582.5,9.65438e-07,4.82719e-06,0
47585.0,47590.0,47587.5,9.51972e-07,4.75986e-06,0
47590.0,47595.0,47592.5,9.65438e-07,4.82719e-06,0
47600.0,47605.0,47602.5,9.73378e-07,4.86689e-06,0
47610.0,47615.0,47612.5,1.909686e-06,9.54843e-06,0
47615.0,47620.0,47617.5,1.926186e-06,9.63093e-06,0
47625.0,47630.0,47627.5,1.879562e-06,9.39781e-06,0
47630.0,47635.0,47632.5,9.65438e-07,4.82719e-06,0
47635.0,47640.0,47637.5,1.870908e-06,9.35454e-06,0
47640.0,47645.0,47642.5,9.31836e-07,4.65918e-06,0
47645.0,47650.0,47647.5,1.878382e-06,9.39191e-06,0
47660.0,47665.0,47662.5,1.916352e-06,9.58176e-06,0
47670.0,47675.0,47672.5,1.869728e-06,9.34864e-06,0
47675.0,47680.0,47677.5,1.91741e-06,9.58705e-06,0
47680.0,47685.0,47682.5,9.35454e-07,4.67727e-06,0
47685.0,47690.0,47687.5,1.931016e-06,9.65508e-06,0
47690.0,47695.0,47692.5,9.34274e-07,4.67137e-06,0
47695.0,47700.0,47697.5,1.865286e-06,9.32643e-06,0
47700.0,47705.0,47702.5,9.44108e-07,4.72054e-06,0
47710.0,47715.0,47712.5,1.878382e-06,9.39191e-06,0
47715.0,47720.0,47717.5,9.65578e-07,4.82789e-06,0
47720.0,47725.0,47722.5,1.89659e-06,9.48295e-06,0
47725.0,47730.0,47727.5,9.34274e-07,4.67137e-06,0
47745.0,47750.0,47747.5,1.875944e-06,9.37972e-06,0
47750.0,47755.0,47752.5,1.947656e-06,9.73828e-06,0
47755.0,47760.0,47757.5,9.65578e-07,4.82789e-06,0
47760.0,47765.0,47762.5,1.899852e-06,9.49926e-06,0
47775.0,47780.0,47777.5,9.51972e-07,4.75986e-06,0
47780.0,47785.0,47782.5,9.65578e-07,4.82789e-06,0
47785.0,47790.0,47787.5,9.31836e-07,4.65918e-06,0
47790.0,47795.0,47792.5,1.89659e-06,9.48295e-06,0
47800.0,47805.0,47802.5,9.65438e-07,4.82719e-06,0
47805.0,47810.0,47807.5,1.863672e-06,9.31836e-06,0
47810.0,47815.0,47812.5,9.44108e-07,4.72054e-06,0
47815.0,47820.0,47817.5,1.887426e-06,9.43713e-06,0
47835.0,47840.0,47837.5,1.897274e-06,9.48637e-06,0
47840.0,47845.0,47842.5,1.900892e-06,9.50446e-06,0
47845.0,47850.0,47847.5,9.65438e-07,4.82719e-06,0
47855.0,47860.0,47857.5,1.93405e-06,9.67025e-06,0
47860.0,47865.0,47862.5,2.800384e-06,1.400192e-05,0
47865.0,47870.0,47867.5,9.31836e-07,4.65918e-06,0
47870.0,47875.0,47872.5,9.65438e-07,4.82719e-06,0
47875.0,47880.0,47877.5,2.84019e-06,1.420095e-05,0
47885.0,47890.0,47887.5,1.909686e-06,9.54843e-06,0
47895.0,47900.0,47897.5,9.31012e-07,4.65506e-06,0
47900.0,47905.0,47902.5,9.35454e-07,4.67727e-06,0
47905.0,47910.0,47907.5,1.870908e-06,9.35454e-06,0
47910.0,47915.0,47912.5,9.65438e-07,4.82719e-06,0
47920.0,47925.0,47922.5,2.818438e-06,1.409219e-05,0
47940.0,47945.0,47942.5,2.834958e-06,1.417479e-05,0
47945.0,47950.0,47947.5,9.34274e-07,4.67137e-06,0
47950.0,47955.0,47952.5,9.34274e-07,4.67137e-06,0
47955.0,47960.0,47957.5,9.35454e-07,4.67727e-06,0
47960.0,47965.0,47962.5,9.31012e-07,4.65506e-06,0
47970.0,47975.0,47972.5,9.35454e-07,4.67727e-06,0
47980.0,47985.0,47982.5,1.878382e-06,9.39191e-06,0
47985.0,47990.0,47987.5,2.831904e-06,1.415952e-05,0
47990.0,47995.0,47992.5,9.44108e-07,4.72054e-06,0
47995.0,48000.0,47997.5,1.862848e-06,9.31424e-06,0
48005.0,48010.0,48007.5,9.35454e-07,4.67727e-06,0
48010.0,48015.0,48012.5,1.89645e-06,9.48225e-06,0
48015.0,48020.0,48017.5,1.883808e-06,9.41904e-06,0
48020.0,48025.0,48022.5,2.80778e-06,1.40389e-05,0
48040.0,48045.0,48042.5,1.900892e-06,9.50446e-06,0
48055.0,48060.0,48057.5,1.907652e-06,9.53826e-06,0
48060.0,48065.0,48062.5,1.93405e-06,9.67025e-06,0
48065.0,48070.0,48067.5,9.31012e-07,4.65506e-06,0
48070.0,48075.0,48072.5,9.34274e-07,4.67137e-06,0
48075.0,48080.0,48077.5,9.65578e-07,4.82789e-06,0
48085.0,48090.0,48087.5,9.34274e-07,4.67137e-06,0
48090.0,48095.0,48092.5,2.856362e-06,1.428181e-05,0
48095.0,48100.0,48097.5,9.73378e-07,4.86689e-06,0
48100.0,48105.0,48102.5,9.31836e-07,4.65918e-06,0
48105.0,48110.0,48107.5,1.882984e-06,9.41492e-06,0
48115.0,48120.0,48117.5,9.51972e-07,4.75986e-06,0
48120.0,48125.0,48122.5,9.44108e-07,4.72054e-06,0
48130.0,48135.0,48132.5,9.65578e-07,4.82789e-06,0
48140.0,48145.0,48142.5,9.34274e-07,4.67137e-06,0
48150.0,48155.0,48152.5,9.65438e-07,4.82719e-06,0
48160.0,48165.0,48162.5,9.34274e-07,4.67137e-06,0
48170.0,48175.0,48172.5,1.887426e-06,9.43713e-06,0
48175.0,48180.0,48177.5,1.91755e-06,9.58775e-06,0
48180.0,48185.0,48182.5,1.869728e-06,9.34864e-06,0
48200.0,48205.0,48202.5,1.879562e-06,9.39781e-06,0
48205.0,48210.0,48207.5,9.35454e-07,4.67727e-06,0
48210.0,48215.0,48212.5,9.31012e-07,4.65506e-06,0
48215.0,48220.0,48217.5,9.51972e-07,4.75986e-06,0
48220.0,48225.0,48222.5,2.849368e-06,1.424684e-05,0
48230.0,48235.0,48232.5,9.65438e-07,4.82719e-06,0
48240.0,48245.0,48242.5,1.897414e-06,9.48707e-06,0
48245.0,48250.0,48247.5,1.863672e-06,9.31836e-06,0
48255.0,48260.0,48257.5,1.899852e-06,9.49926e-06,0
48260.0,48265.0,48262.5,2.811398e-06,1.405699e-05,0
48290.0,48295.0,48292.5,9.73378e-07,4.86689e-06,0
48295.0,48300.0,48297.5,9.31836e-07,4.65918e-06,0
48300.0,48305.0,48302.5,9.65438e-07,4.82719e-06,0
48305.0,48310.0,48307.5,9.34274e-07,4.67137e-06,0
48310.0,48315.0,48312.5,9.44108e-07,4.72054e-06,0
48315.0,48320.0,48317.5,9.34274e-07,4.67137e-06,0
48320.0,48325.0,48322.5,9.51972e-07,4.75986e-06,0
48345.0,48350.0,48347.5,1.878382e-06,9.39191e-06,0
48350.0,48355.0,48352.5,1.897414e-06,9.48707e-06,0
48355.0,48360.0,48357.5,9.35454e-07,4.67727e-06,0
48360.0,48365.0,48362.5,1.955456e-06,9.77728e-06,0
48375.0,48380.0,48377.5,1.89608e-06,9.4804e-06,0
48385.0,48390.0,48387.5,9.51972e-07,4.75986e-06,0
48390.0,48395.0,48392.5,9.34274e-07,4.67137e-06,0
48405.0,48410.0,48407.5,2.877324e-06,1.438662e-05,0
48410.0,48415.0,48412.5,1.875944e-06,9.37972e-06,0
48420.0,48425.0,48422.5,9.31836e-07,4.65918e-06,0
48455.0,48460.0,48457.5,1.931016e-06,9.65508e-06,0
48460.0,48465.0,48462.5,9.51972e-07,4.75986e-06,0
48465.0,48470.0,48467.5,2.86271e-06,1.431355e-05,0
48470.0,48475.0,48472.5,1.865286e-06,9.32643e-06,0
48480.0,48485.0,48482.5,9.31012e-07,4.65506e-06,0
48485.0,48490.0,48487.5,2.820054e-06,1.410027e-05,0
48495.0,48500.0,48497.5,9.73378e-07,4.86689e-06,0
48500.0,48505.0,48502.5,9.34274e-07,4.67137e-06,0
48505.0,48510.0,48507.5,1.887426e-06,9.43713e-06,0
48530.0,48535.0,48532.5,9.82078e-07,4.91039e-06,0
48535.0,48540.0,48537.5,9.51972e-07,4.75986e-06,0
48540.0,48545.0,48542.5,1.89608e-06,9.4804e-06,0
48550.0,48555.0,48552.5,1.879562e-06,9.39781e-06,0
48560.0,48565.0,48562.5,2.80074e-06,1.40037e-05,0
48565.0,48570.0,48567.5,1.865286e-06,9.32643e-06,0
48570.0,48575.0,48572.5,2.88973e-06,1.444865e-05,0
48580.0,48585.0,48582.5,1.916352e-06,9.58176e-06,0
48590.0,48595.0,48592.5,1.917486e-06,9.58743e-06,0
48595.0,48600.0,48597.5,1.883808e-06,9.41904e-06,0
48600.0,48605.0,48602.5,1.883808e-06,9.41904e-06,0
48610.0,48615.0,48612.5,3.793494e-06,1.896747e-05,0
48615.0,48620.0,48617.5,1.908832e-06,9.54416e-06,0
48630.0,48635.0,48632.5,1.93405e-06,9.67025e-06,0
48635.0,48640.0,48637.5,9.73378e-07,4.86689e-06,0
48640.0,48645.0,48642.5,2.86529e-06,1.432645e-05,0
48650.0,48655.0,48652.5,9.44108e-07,4.72054e-06,0
48655.0,48660.0,48657.5,1.882984e-06,9.41492e-06,0
48660.0,48665.0,48662.5,1.879562e-06,9.39781e-06,0
48665.0,48670.0,48667.5,9.31012e-07,4.65506e-06,0
48670.0,48675.0,48672.5,1.908832e-06,9.54416e-06,0
48680.0,48685.0,48682.5,1.89645e-06,9.48225e-06,0
48690.0,48695.0,48692.5,9.51972e-07,4.75986e-06,0
48695.0,48700.0,48697.5,2.839844e-06,1.419922e-05,0
48700.0,48705.0,48702.5,9.31012e-07,4.65506e-06,0
48705.0,48710.0,48707.5,9.31836e-07,4.65918e-06,0
48710.0,48715.0,48712.5,9.35454e-07,4.67727e-06,0
48715.0,48720.0,48717.5,9.35454e-07,4.67727e-06,0
48720.0,48725.0,48722.5,9.73378e-07,4.86689e-06,0
48730.0,48735.0,48732.5,9.51972e-07,4.75986e-06,0
48735.0,48740.0,48737.5,1.886246e-06,9.43123e-06,0
48740.0,48745.0,48742.5,9.65578e-07,4.82789e-06,0
48745.0,48750.0,48747.5,1.917486e-06,9.58743e-06,0
48750.0,48755.0,48752.5,1.916352e-06,9.58176e-06,0
48755.0,48760.0,48757.5,9.34274e-07,4.67137e-06,0
48760.0,48765.0,48762.5,9.51972e-07,4.75986e-06,0
48765.0,48770.0,48767.5,1.917486e-06,9.58743e-06,0
48770.0,48775.0,48772.5,9.35454e-07,4.67727e-06,0
48780.0,48785.0,48782.5,9.31836e-07,4.65918e-06,0
48790.0,48795.0,48792.5,1.900892e-06,9.50446e-06,0
48795.0,48800.0,48797.5,9.31836e-07,4.65918e-06,0
48800.0,48805.0,48802.5,9.31836e-07,4.65918e-06,0
48805.0,48810.0,48807.5,9.34274e-07,4.67137e-06,0
48810.0,48815.0,48812.5,1.92535e-06,9.62675e-06,0
48815.0,48820.0,48817.5,9.31836e-07,4.65918e-06,0
48820.0,48825.0,48822.5,9.34274e-07,4.67137e-06,0
48830.0,48835.0,48832.5,2.848422e-06,1.424211e-05,0
48835.0,48840.0,48837.5,9.82078e-07,4.91039e-06,0
48840.0,48845.0,48842.5,9.31012e-07,4.65506e-06,0
48845.0,48850.0,48847.5,9.44108e-07,4.72054e-06,0
48880.0,48885.0,48882.5,9.65578e-07,4.82789e-06,0
48890.0,48895.0,48892.5,9.35454e-07,4.67727e-06,0
48905.0,48910.0,48907.5,1.879562e-06,9.39781e-06,0
48910.0,48915.0,48912.5,2.841382e-06,1.420691e-05,0
48915.0,48920.0,48917.5,9.44108e-07,4.72054e-06,0
48925.0,48930.0,48927.5,2.810218e-06,1.405109e-05,0
48930.0,48935.0,48932.5,2.818082e-06,1.409041e-05,0
48935.0,48940.0,48937.5,9.51972e-07,4.75986e-06,0
48940.0,48945.0,48942.5,9.35454e-07,4.67727e-06,0
48950.0,48955.0,48952.5,9.31836e-07,4.65918e-06,0
48960.0,48965.0,48962.5,9.31836e-07,4.65918e-06,0
48970.0,48975.0,48972.5,9.51972e-07,4.75986e-06,0
48975.0,48980.0,48977.5,9.31836e-07,4.65918e-06,0
48995.0,49000.0,48997.5,9.51972e-07,4.75986e-06,0
49010.0,49015.0,49012.5,3.728134e-06,1.864067e-05,0
49015.0,49020.0,49017.5,9.31012e-07,4.65506e-06,0
49020.0,49025.0,49022.5,9.31012e-07,4.65506e-06,0
49030.0,49035.0,49032.5,9.73378e-07,4.86689e-06,0
49035.0,49040.0,49037.5,1.901032e-06,9.50516e-06,0
49040.0,49045.0,49042.5,9.35454e-07,4.67727e-06,0
49055.0,49060.0,49057.5,2.841522e-06,1.420761e-05,0
49060.0,49065.0,49062.5,9.34274e-07,4.67137e-06,0
49070.0,49075.0,49072.5,9.65438e-07,4.82719e-06,0
49075.0,49080.0,49077.5,2.797122e-06,1.398561e-05,0
49080.0,49085.0,49082.5,9.44108e-07,4.72054e-06,0
49090.0,49095.0,49092.5,9.31836e-07,4.65918e-06,0
49095.0,49100.0,49097.5,9.31836e-07,4.65918e-06,0
49105.0,49110.0,49107.5,1.90439e-06,9.52195e-06,0
49120.0,49125.0,49122.5,9.65438e-07,4.82719e-06,0
49125.0,49130.0,49127.5,9.73378e-07,4.86689e-06,0
49130.0,49135.0,49132.5,9.35454e-07,4.67727e-06,0
49135.0,49140.0,49137.5,9.73378e-07,4.86689e-06,0
49140.0,49145.0,49142.5,9.65438e-07,4.82719e-06,0
49155.0,49160.0,49157.5,1.882984e-06,9.41492e-06,0
49160.0,49165.0,49162.5,9.44108e-07,4.72054e-06,0
49170.0,49175.0,49172.5,1.900892e-06,9.50446e-06,0
49175.0,49180.0,49177.5,1.90439e-06,9.52195e-06,0
49185.0,49190.0,49187.5,9.31012e-07,4.65506e-06,0
49200.0,49205.0,49202.5,2.85176e-06,1.42588e-05,0
49205.0,49210.0,49207.5,9.34274e-07,4.67137e-06,0
49210.0,49215.0,49212.5,2.841522e-06,1.420761e-05,0
49215.0,49220.0,49217.5,9.35454e-07,4.67727e-06,0
49220.0,49225.0,49222.5,9.31012e-07,4.65506e-06,0
49235.0,49240.0,49237.5,9.31012e-07,4.65506e-06,0
49240.0,49245.0,49242.5,9.31836e-07,4.65918e-06,0
49260.0,49265.0,49262.5,1.862024e-06,9.31012e-06,0
49270.0,49275.0,49272.5,9.31836e-07,4.65918e-06,0
49275.0,49280.0,49277.5,9.31012e-07,4.65506e-06,0
49285.0,49290.0,49287.5,9.31012e-07,4.65506e-06,0
49295.0,49300.0,49297.5,1.900892e-06,9.50446e-06,0
49300.0,49305.0,49302.5,1.878382e-06,9.39191e-06,0
49305.0,49310.0,49307.5,9.35454e-07,4.67727e-06,0
49315.0,49320.0,49317.5,2.810218e-06,1.405109e-05,0
49325.0,49330.0,49327.5,9.82078e-07,4.91039e-06,0
49330.0,49335.0,49332.5,1.862848e-06,9.31424e-06,0
49335.0,49340.0,49337.5,9.35454e-07,4.67727e-06,0
49340.0,49345.0,49342.5,1.878382e-06,9.39191e-06,0
49345.0,49350.0,49347.5,1.903946e-06,9.51973e-06,0
49355.0,49360.0,49357.5,1.870908e-06,9.35454e-06,0
49360.0,49365.0,49362.5,1.938816e-06,9.69408e-06,0
49365.0,49370.0,49367.5,1.930874e-06,9.65437e-06,0
49370.0,49375.0,49372.5,1.886246e-06,9.43123e-06,0
49375.0,49380.0,49377.5,9.82078e-07,4.91039e-06,0
49395.0,49400.0,49397.5,2.879352e-06,1.439676e-05,0
49405.0,49410.0,49407.5,1.89645e-06,9.48225e-06,0
49410.0,49415.0,49412.5,9.44108e-07,4.72054e-06,0
49415.0,49420.0,49417.5,2.88297e-06,1.441485e-05,0
49440.0,49445.0,49442.5,9.34274e-07,4.67137e-06,0
49445.0,49450.0,49447.5,9.65438e-07,4.82719e-06,0
49460.0,49465.0,49462.5,9.34274e-07,4.67137e-06,0
49470.0,49475.0,49472.5,9.31836e-07,4.65918e-06,0
49475.0,49480.0,49477.5,1.86611e-06,9.33055e-06,0
49480.0,49485.0,49482.5,2.83705e-06,1.418525e-05,0
49485.0,49490.0,49487.5,9.44108e-07,4.72054e-06,0
49495.0,49500.0,49497.5,2.870652e-06,1.435326e-05,0
49505.0,49510.0,49507.5,9.65438e-07,4.82719e-06,0
49515.0,49520.0,49517.5,9.31012e-07,4.65506e-06,0
49525.0,49530.0,49527.5,9.34274e-07,4.67137e-06,0
49530.0,49535.0,49532.5,1.91741e-06,9.58705e-06,0
49540.0,49545.0,49542.5,9.31012e-07,4.65506e-06,0
49545.0,49550.0,49547.5,9.65438e-07,4.82719e-06,0
49550.0,49555.0,49552.5,9.31012e-07,4.65506e-06,0
49570.0,49575.0,49572.5,1.865286e-06,9.32643e-06,0
49580.0,49585.0,49582.5,9.44108e-07,4.72054e-06,0
49585.0,49590.0,49587.5,1.917486e-06,9.58743e-06,0
49590.0,49595.0,49592.5,2.797122e-06,1.398561e-05,0
49595.0,49600.0,49597.5,2.818438e-06,1.409219e-05,0
49610.0,49615.0,49612.5,9.35454e-07,4.67727e-06,0
49630.0,49635.0,49632.5,2.801564e-06,1.400782e-05,0
49635.0,49640.0,49637.5,9.44108e-07,4.72054e-06,0
49640.0,49645.0,49642.5,2.86647e-06,1.433235e-05,0
49645.0,49650.0,49647.5,1.900892e-06,9.50446e-06,0
49650.0,49655.0,49652.5,9.65438e-07,4.82719e-06,0
49655.0,49660.0,49657.5,9.31836e-07,4.65918e-06,0
49665.0,49670.0,49667.5,2.79386e-06,1.39693e-05,0
49670.0,49675.0,49672.5,1.862024e-06,9.31012e-06,0
49685.0,49690.0,49687.5,9.35454e-07,4.67727e-06,0
49715.0,49720.0,49717.5,2.79956e-06,1.39978e-05,0
49725.0,49730.0,49727.5,3.739608e-06,1.869804e-05,0
49740.0,49745.0,49742.5,9.51972e-07,4.75986e-06,0
49745.0,49750.0,49747.5,1.868548e-06,9.34274e-06,0
49770.0,49775.0,49772.5,9.35454e-07,4.67727e-06,0
49775.0,49780.0,49777.5,1.866466e-06,9.33233e-06,0
49780.0,49785.0,49782.5,9.73378e-07,4.86689e-06,0
49790.0,49795.0,49792.5,1.92535e-06,9.62675e-06,0
49795.0,49800.0,49797.5,9.44108e-07,4.72054e-06,0
49800.0,49805.0,49802.5,9.65438e-07,4.82719e-06,0
49805.0,49810.0,49807.5,9.31012e-07,4.65506e-06,0
49810.0,49815.0,49812.5,2.843106e-06,1.421553e-05,0
49815.0,49820.0,49817.5,9.31012e-07,4.65506e-06,0
49820.0,49825.0,49822.5,9.82078e-07,4.91039e-06,0
49830.0,49835.0,49832.5,9.31012e-07,4.65506e-06,0
49840.0,49845.0,49842.5,1.888218e-06,9.44109e-06,0
49845.0,49850.0,49847.5,1.913914e-06,9.56957e-06,0
49850.0,49855.0,49852.5,9.73378e-07,4.86689e-06,0
49855.0,49860.0,49857.5,2.79956e-06,1.39978e-05,0
49865.0,49870.0,49867.5,9.34274e-07,4.67137e-06,0
49875.0,49880.0,49877.5,9.31012e-07,4.65506e-06,0
49880.0,49885.0,49882.5,2.797122e-06,1.398561e-05,0
49885.0,49890.0,49887.5,1.947656e-06,9.73828e-06,0
49900.0,49905.0,49902.5,9.35454e-07,4.67727e-06,0
49910.0,49915.0,49912.5,9.51972e-07,4.75986e-06,0
49930.0,49935.0,49932.5,9.51972e-07,4.75986e-06,0
49935.0,49940.0,49937.5,9.65438e-07,4.82719e-06,0
49945.0,49950.0,49947.5,2.86529e-06,1.432645e-05,0
49960.0,49965.0,49962.5,9.31836e-07,4.65918e-06,0
49970.0,49975.0,49972.5,9.34274e-07,4.67137e-06,0
49975.0,49980.0,49977.5,9.65438e-07,4.82719e-06,0
50000.0,50005.0,50002.5,9.34274e-07,4.67137e-06,0
50010.0,50015.0,50012.5,9.34274e-07,4.67137e-06,0
50015.0,50020.0,50017.5,9.31836e-07,4.65918e-06,0
50020.0,50025.0,50022.5,9.51972e-07,4.75986e-06,0
50025.0,50030.0,50027.5,9.82078e-07,4.91039e-06,0
50030.0,50035.0,50032.5,1.862848e-06,9.31424e-06,0
50050.0,50055.0,50052.5,9.65438e-07,4.82719e-06,0
50060.0,50065.0,50062.5,9.44108e-07,4.72054e-06,0
50070.0,50075.0,50072.5,1.931016e-06,9.65508e-06,0
50075.0,50080.0,50077.5,9.51972e-07,4.75986e-06,0
50085.0,50090.0,50087.5,9.31012e-07,4.65506e-06,0
50105.0,50110.0,50107.5,1.86611e-06,9.33055e-06,0
50120.0,50125.0,50122.5,9.35454e-07,4.67727e-06,0
50130.0,50135.0,50132.5,9.35454e-07,4.67727e-06,0
50140.0,50145.0,50142.5,9.44108e-07,4.72054e-06,0
50150.0,50155.0,50152.5,9.35454e-07,4.67727e-06,0
50160.0,50165.0,50162.5,1.883808e-06,9.41904e-06,0
50165.0,50170.0,50167.5,1.930874e-06,9.65437e-06,0
50170.0,50175.0,50172.5,1.887426e-06,9.43713e-06,0
50180.0,50185.0,50182.5,1.917486e-06,9.58743e-06,0
50185.0,50190.0,50187.5,9.34274e-07,4.67137e-06,0
50195.0,50200.0,50197.5,1.875944e-06,9.37972e-06,0
50215.0,50220.0,50217.5,9.35454e-07,4.67727e-06,0
50225.0,50230.0,50227.5,2.828286e-06,1.414143e-05,0
50235.0,50240.0,50237.5,9.51972e-07,4.75986e-06,0
50240.0,50245.0,50242.5,2.857198e-06,1.428599e-05,0
50245.0,50250.0,50247.5,9.31012e-07,4.65506e-06,0
50250.0,50255.0,50252.5,9.51972e-07,4.75986e-06,0
50255.0,50260.0,50257.5,9.51972e-07,4.75986e-06,0
50265.0,50270.0,50267.5,9.65438e-07,4.82719e-06,0
50275.0,50280.0,50277.5,1.905214e-06,9.52607e-06,0
50280.0,50285.0,50282.5,9.31836e-07,4.65918e-06,0
50285.0,50290.0,50287.5,9.31836e-07,4.65918e-06,0
50295.0,50300.0,50297.5,9.44108e-07,4.72054e-06,0
50300.0,50305.0,50302.5,9.44108e-07,4.72054e-06,0
50305.0,50310.0,50307.5,9.34274e-07,4.67137e-06,0
50310.0,50315.0,50312.5,9.65438e-07,4.82719e-06,0
50325.0,50330.0,50327.5,9.65438e-07,4.82719e-06,0
50330.0,50335.0,50332.5,9.31836e-07,4.65918e-06,0
50340.0,50345.0,50342.5,9.35454e-07,4.67727e-06,0
50345.0,50350.0,50347.5,2.820054e-06,1.410027e-05,0
50355.0,50360.0,50357.5,9.51972e-07,4.75986e-06,0
50370.0,50375.0,50372.5,1.865286e-06,9.32643e-06,0
50375.0,50380.0,50377.5,9.31836e-07,4.65918e-06,0
50385.0,50390.0,50387.5,1.865286e-06,9.32643e-06,0
50395.0,50400.0,50397.5,2.849246e-06,1.424623e-05,0
50400.0,50405.0,50402.5,1.86729e-06,9.33645e-06,0
50405.0,50410.0,50407.5,1.955456e-06,9.77728e-06,0
50415.0,50420.0,50417.5,2.797478e-06,1.398739e-05,0
50430.0,50435.0,50432.5,2.86271e-06,1.431355e-05,0
50460.0,50465.0,50462.5,1.917486e-06,9.58743e-06,0
50470.0,50475.0,50472.5,9.31012e-07,4.65506e-06,0
50475.0,50480.0,50477.5,2.8217e-06,1.41085e-05,0
50480.0,50485.0,50482.5,9.31012e-07,4.65506e-06,0
50485.0,50490.0,50487.5,9.44108e-07,4.72054e-06,0
50495.0,50500.0,50497.5,9.31836e-07,4.65918e-06,0
50510.0,50515.0,50512.5,9.51972e-07,4.75986e-06,0
50530.0,50535.0,50532.5,2.809394e-06,1.404697e-05,0
50540.0,50545.0,50542.5,3.766988e-06,1.883494e-05,0
50545.0,50550.0,50547.5,9.34274e-07,4.67137e-06,0
50560.0,50565.0,50562.5,1.89659e-06,9.48295e-06,0
50570.0,50575.0,50572.5,1.882984e-06,9.41492e-06,0
50575.0,50580.0,50577.5,9.31012e-07,4.65506e-06,0
50595.0,50600.0,50597.5,1.878382e-06,9.39191e-06,0
50600.0,50605.0,50602.5,9.65438e-07,4.82719e-06,0
50615.0,50620.0,50617.5,9.82078e-07,4.91039e-06,0
50620.0,50625.0,50622.5,9.31012e-07,4.65506e-06,0
50625.0,50630.0,50627.5,1.879562e-06,9.39781e-06,0
50630.0,50635.0,50632.5,1.913914e-06,9.56957e-06,0
50640.0,50645.0,50642.5,9.51972e-07,4.75986e-06,0
50645.0,50650.0,50647.5,9.44108e-07,4.72054e-06,0
50650.0,50655.0,50652.5,1.947516e-06,9.73758e-06,0
50660.0,50665.0,50662.5,9.35454e-07,4.67727e-06,0
50665.0,50670.0,50667.5,9.31012e-07,4.65506e-06,0
50675.0,50680.0,50677.5,9.44108e-07,4.72054e-06,0
50680.0,50685.0,50682.5,1.869728e-06,9.34864e-06,0
50695.0,50700.0,50697.5,9.31836e-07,4.65918e-06,0
50705.0,50710.0,50707.5,2.848422e-06,1.424211e-05,0
50710.0,50715.0,50712.5,1.883808e-06,9.41904e-06,0
50735.0,50740.0,50737.5,9.31012e-07,4.65506e-06,0
50745.0,50750.0,50747.5,1.89645e-06,9.48225e-06,0
50765.0,50770.0,50767.5,9.51972e-07,4.75986e-06,0
50785.0,50790.0,50787.5,9.31012e-07,4.65506e-06,0
50790.0,50795.0,50792.5,9.35454e-07,4.67727e-06,0
50800.0,50805.0,50802.5,9.73378e-07,4.86689e-06,0
50805.0,50810.0,50807.5,9.65578e-07,4.82789e-06,0
50810.0,50815.0,50812.5,9.31012e-07,4.65506e-06,0
50825.0,50830.0,50827.5,9.35454e-07,4.67727e-06,0
50830.0,50835.0,50832.5,9.34274e-07,4.67137e-06,0
50835.0,50840.0,50837.5,9.65578e-07,4.82789e-06,0
50840.0,50845.0,50842.5,9.65578e-07,4.82789e-06,0
50845.0,50850.0,50847.5,9.51972e-07,4.75986e-06,0
50855.0,50860.0,50857.5,1.887426e-06,9.43713e-06,0
50860.0,50865.0,50862.5,9.35454e-07,4.67727e-06,0
50865.0,50870.0,50867.5,9.31012e-07,4.65506e-06,0
50895.0,50900.0,50897.5,9.31012e-07,4.65506e-06,0
50900.0,50905.0,50902.5,1.883808e-06,9.41904e-06,0
50910.0,50915.0,50912.5,9.31012e-07,4.65506e-06,0
50920.0,50925.0,50922.5,1.87512e-06,9.3756e-06,0
50925.0,50930.0,50927.5,2.830864e-06,1.415432e-05,0
50940.0,50945.0,50942.5,9.44108e-07,4.72054e-06,0
50955.0,50960.0,50957.5,9.65438e-07,4.82719e-06,0
50960.0,50965.0,50962.5,9.44108e-07,4.72054e-06,0
50980.0,50985.0,50982.5,1.886246e-06,9.43123e-06,0
50990.0,50995.0,50992.5,9.31012e-07,4.65506e-06,0
50995.0,51000.0,50997.5,1.865286e-06,9.32643e-06,0
51000.0,51005.0,51002.5,9.65438e-07,4.82719e-06,0
51010.0,51015.0,51012.5,9.35454e-07,4.67727e-06,0
51020.0,51025.0,51022.5,9.31012e-07,4.65506e-06,0
51030.0,51035.0,51032.5,9.31836e-07,4.65918e-06,0
51035.0,51040.0,51037.5,1.931154e-06,9.65577e-06,0
51045.0,51050.0,51047.5,1.866466e-06,9.33233e-06,0
51055.0,51060.0,51057.5,2.853004e-06,1.426502e-05,0
51060.0,51065.0,51062.5,9.34274e-07,4.67137e-06,0
51065.0,51070.0,51067.5,9.51972e-07,4.75986e-06,0
51070.0,51075.0,51072.5,9.31836e-07,4.65918e-06,0
51075.0,51080.0,51077.5,1.863672e-06,9.31836e-06,0
51080.0,51085.0,51082.5,3.808684e-06,1.904342e-05,0
51095.0,51100.0,51097.5,9.35454e-07,4.67727e-06,0
51100.0,51105.0,51102.5,1.916352e-06,9.58176e-06,0
51120.0,51125.0,51122.5,9.65438e-07,4.82719e-06,0
51125.0,51130.0,51127.5,1.907652e-06,9.53826e-06,0
51130.0,51135.0,51132.5,2.848054e-06,1.424027e-05,0
51135.0,51140.0,51137.5,9.51972e-07,4.75986e-06,0
51150.0,51155.0,51152.5,9.65438e-07,4.82719e-06,0
51165.0,51170.0,51167.5,1.865286e-06,9.32643e-06,0
51175.0,51180.0,51177.5,9.35454e-07,4.67727e-06,0
51180.0,51185.0,51182.5,9.73378e-07,4.86689e-06,0
51185.0,51190.0,51187.5,9.51972e-07,4.75986e-06,0
51190.0,51195.0,51192.5,1.886246e-06,9.43123e-06,0
51195.0,51200.0,51197.5,1.888218e-06,9.44109e-06,0
51200.0,51205.0,51202.5,9.73378e-07,4.86689e-06,0
51210.0,51215.0,51212.5,9.35454e-07,4.67727e-06,0
51230.0,51235.0,51232.5,1.888218e-06,9.44109e-06,0
51235.0,51240.0,51237.5,2.812656e-06,1.406328e-05,0
51255.0,51260.0,51257.5,9.31836e-07,4.65918e-06,0
51265.0,51270.0,51267.5,9.35454e-07,4.67727e-06,0
51270.0,51275.0,51272.5,9.65438e-07,4.82719e-06,0
51275.0,51280.0,51277.5,1.862848e-06,9.31424e-06,0
51280.0,51285.0,51282.5,9.65438e-07,4.82719e-06,0
51285.0,51290.0,51287.5,2.851824e-06,1.425912e-05,0
51300.0,51305.0,51302.5,2.839844e-06,1.419922e-05,0
51310.0,51315.0,51312.5,9.34274e-07,4.67137e-06,0
51330.0,51335.0,51332.5,9.34274e-07,4.67137e-06,0
51340.0,51345.0,51342.5,9.31012e-07,4.65506e-06,0
51355.0,51360.0,51357.5,9.65438e-07,4.82719e-06,0
51360.0,51365.0,51362.5,9.51972e-07,4.75986e-06,0
51370.0,51375.0,51372.5,9.65578e-07,4.82789e-06,0
51375.0,51380.0,51377.5,9.34274e-07,4.67137e-06,0
51390.0,51395.0,51392.5,1.86611e-06,9.33055e-06,0
51395.0,51400.0,51397.5,9.31836e-07,4.65918e-06,0
51400.0,51405.0,51402.5,9.65438e-07,4.82719e-06,0
51410.0,51415.0,51412.5,1.916352e-06,9.58176e-06,0
51415.0,51420.0,51417.5,2.89091e-06,1.445455e-05,0
51425.0,51430.0,51427.5,9.35454e-07,4.67727e-06,0
51430.0,51435.0,51432.5,9.44108e-07,4.72054e-06,0
51455.0,51460.0,51457.5,9.31836e-07,4.65918e-06,0
51460.0,51465.0,51462.5,9.51972e-07,4.75986e-06,0
51465.0,51470.0,51467.5,9.82078e-07,4.91039e-06,0
51470.0,51475.0,51472.5,1.89659e-06,9.48295e-06,0
51475.0,51480.0,51477.5,1.862848e-06,9.31424e-06,0
51485.0,51490.0,51487.5,2.828286e-06,1.414143e-05,0
51490.0,51495.0,51492.5,9.35454e-07,4.67727e-06,0
51495.0,51500.0,51497.5,9.73378e-07,4.86689e-06,0
51500.0,51505.0,51502.5,9.35454e-07,4.67727e-06,0
51520.0,51525.0,51522.5,9.51972e-07,4.75986e-06,0
51525.0,51530.0,51527.5,9.34274e-07,4.67137e-06,0
51530.0,51535.0,51532.5,9.51972e-07,4.75986e-06,0
51545.0,51550.0,51547.5,1.92535e-06,9.62675e-06,0
51550.0,51555.0,51552.5,9.73378e-07,4.86689e-06,0
51555.0,51560.0,51557.5,9.51972e-07,4.75986e-06,0
51560.0,51565.0,51562.5,1.888218e-06,9.44109e-06,0
51565.0,51570.0,51567.5,1.86729e-06,9.33645e-06,0
51575.0,51580.0,51577.5,1.887426e-06,9.43713e-06,0
51590.0,51595.0,51592.5,1.87512e-06,9.3756e-06,0
51605.0,51610.0,51607.5,9.51972e-07,4.75986e-06,0
51610.0,51615.0,51612.5,1.901032e-06,9.50516e-06,0
51615.0,51620.0,51617.5,4.827006e-06,2.413503e-05,0
51640.0,51645.0,51642.5,1.917532e-06,9.58766e-06,0
51655.0,51660.0,51657.5,9.65578e-07,4.82789e-06,0
51660.0,51665.0,51662.5,9.35454e-07,4.67727e-06,0
51690.0,51695.0,51692.5,2.79956e-06,1.39978e-05,0
51705.0,51710.0,51707.5,1.875944e-06,9.37972e-06,0
51710.0,51715.0,51712.5,9.82078e-07,4.91039e-06,0
51715.0,51720.0,51717.5,9.35454e-07,4.67727e-06,0
51725.0,51730.0,51727.5,9.31012e-07,4.65506e-06,0
51730.0,51735.0,51732.5,9.31836e-07,4.65918e-06,0
51735.0,51740.0,51737.5,9.31012e-07,4.65506e-06,0
51785.0,51790.0,51787.5,1.86729e-06,9.33645e-06,0
51790.0,51795.0,51792.5,1.899712e-06,9.49856e-06,0
51795.0,51800.0,51797.5,9.34274e-07,4.67137e-06,0
51810.0,51815.0,51812.5,9.65578e-07,4.82789e-06,0
51820.0,51825.0,51822.5,9.34274e-07,4.67137e-06,0
51835.0,51840.0,51837.5,9.51972e-07,4.75986e-06,0
51840.0,51845.0,51842.5,1.909686e-06,9.54843e-06,0
51845.0,51850.0,51847.5,9.51972e-07,4.75986e-06,0
51850.0,51855.0,51852.5,1.90439e-06,9.52195e-06,0
51855.0,51860.0,51857.5,9.44108e-07,4.72054e-06,0
51860.0,51865.0,51862.5,9.34274e-07,4.67137e-06,0
51875.0,51880.0,51877.5,1.863672e-06,9.31836e-06,0
51880.0,51885.0,51882.5,9.73378e-07,4.86689e-06,0
51885.0,51890.0,51887.5,9.35454e-07,4.67727e-06,0
51895.0,51900.0,51897.5,1.909686e-06,9.54843e-06,0
51905.0,51910.0,51907.5,9.31012e-07,4.65506e-06,0
51915.0,51920.0,51917.5,9.51972e-07,4.75986e-06,0
51920.0,51925.0,51922.5,9.51972e-07,4.75986e-06,0
51925.0,51930.0,51927.5,1.899712e-06,9.49856e-06,0
51945.0,51950.0,51947.5,9.65578e-07,4.82789e-06,0
51960.0,51965.0,51962.5,9.31836e-07,4.65918e-06,0
51965.0,51970.0,51967.5,1.86729e-06,9.33645e-06,0
51970.0,51975.0,51972.5,9.73378e-07,4.86689e-06,0
51985.0,51990.0,51987.5,1.916352e-06,9.58176e-06,0
51995.0,52000.0,51997.5,9.31836e-07,4.65918e-06,0
52000.0,52005.0,52002.5,9.35454e-07,4.67727e-06,0
52020.0,52025.0,52022.5,9.34274e-07,4.67137e-06,0
52040.0,52045.0,52042.5,9.44108e-07,4.72054e-06,0
52045.0,52050.0,52047.5,3.813982e-06,1.906991e-05,0
52055.0,52060.0,52057.5,1.900892e-06,9.50446e-06,0
52060.0,52065.0,52062.5,9.51972e-07,4.75986e-06,0
52070.0,52075.0,52072.5,2.830724e-06,1.415362e-05,0
52085.0,52090.0,52087.5,9.51972e-07,4.75986e-06,0
52090.0,52095.0,52092.5,1.905214e-06,9.52607e-06,0
52100.0,52105.0,52102.5,2.811398e-06,1.405699e-05,0
52140.0,52145.0,52142.5,9.31836e-07,4.65918e-06,0
52145.0,52150.0,52147.5,2.8217e-06,1.41085e-05,0
52150.0,52155.0,52152.5,1.90439e-06,9.52195e-06,0
52165.0,52170.0,52167.5,9.65438e-07,4.82719e-06,0
52170.0,52175.0,52172.5,9.31836e-07,4.65918e-06,0
52180.0,52185.0,52182.5,9.31012e-07,4.65506e-06,0
52195.0,52200.0,52197.5,9.44108e-07,4.72054e-06,0
52210.0,52215.0,52212.5,9.31836e-07,4.65918e-06,0
52220.0,52225.0,52222.5,9.31012e-07,4.65506e-06,0
52225.0,52230.0,52227.5,1.931016e-06,9.65508e-06,0
52230.0,52235.0,52232.5,9.31012e-07,4.65506e-06,0
52250.0,52255.0,52252.5,9.34274e-07,4.67137e-06,0
52255.0,52260.0,52257.5,2.861658e-06,1.430829e-05,0
52260.0,52265.0,52262.5,1.86611e-06,9.33055e-06,0
52280.0,52285.0,52282.5,9.65438e-07,4.82719e-06,0
52290.0,52295.0,52292.5,9.34274e-07,4.67137e-06,0
52295.0,52300.0,52297.5,9.65438e-07,4.82719e-06,0
52330.0,52335.0,52332.5,9.35454e-07,4.67727e-06,0
52335.0,52340.0,52337.5,9.34274e-07,4.67137e-06,0
52340.0,52345.0,52342.5,9.65438e-07,4.82719e-06,0
52345.0,52350.0,52347.5,9.31012e-07,4.65506e-06,0
52350.0,52355.0,52352.5,2.812656e-06,1.406328e-05,0
52360.0,52365.0,52362.5,9.51972e-07,4.75986e-06,0
52365.0,52370.0,52367.5,9.65438e-07,4.82719e-06,0
52370.0,52375.0,52372.5,1.86611e-06,9.33055e-06,0
52375.0,52380.0,52377.5,9.31012e-07,4.65506e-06,0
52385.0,52390.0,52387.5,9.82078e-07,4.91039e-06,0
52390.0,52395.0,52392.5,9.44108e-07,4.72054e-06,0
52395.0,52400.0,52397.5,9.34274e-07,4.67137e-06,0
52400.0,52405.0,52402.5,9.65438e-07,4.82719e-06,0
52405.0,52410.0,52407.5,9.73378e-07,4.86689e-06,0
52420.0,52425.0,52422.5,9.65438e-07,4.82719e-06,0
52445.0,52450.0,52447.5,1.903946e-06,9.51973e-06,0
52455.0,52460.0,52457.5,1.89608e-06,9.4804e-06,0
52460.0,52465.0,52462.5,1.878382e-06,9.39191e-06,0
52470.0,52475.0,52472.5,9.31012e-07,4.65506e-06,0
52480.0,52485.0,52482.5,9.31836e-07,4.65918e-06,0
52495.0,52500.0,52497.5,2.809394e-06,1.404697e-05,0
52500.0,52505.0,52502.5,9.34274e-07,4.67137e-06,0
52510.0,52515.0,52512.5,1.866466e-06,9.33233e-06,0
52515.0,52520.0,52517.5,9.31836e-07,4.65918e-06,0
52545.0,52550.0,52547.5,9.44108e-07,4.72054e-06,0
52585.0,52590.0,52587.5,1.883808e-06,9.41904e-06,0
52590.0,52595.0,52592.5,9.51972e-07,4.75986e-06,0
52600.0,52605.0,52602.5,9.34274e-07,4.67137e-06,0
52605.0,52610.0,52607.5,1.91755e-06,9.58775e-06,0
52610.0,52615.0,52612.5,1.886246e-06,9.43123e-06,0
52625.0,52630.0,52627.5,1.865286e-06,9.32643e-06,0
52630.0,52635.0,52632.5,9.35454e-07,4.67727e-06,0
52650.0,52655.0,52652.5,9.82078e-07,4.91039e-06,0
52655.0,52660.0,52657.5,1.866466e-06,9.33233e-06,0
52660.0,52665.0,52662.5,1.938816e-06,9.69408e-06,0
52670.0,52675.0,52672.5,9.82078e-07,4.91039e-06,0
52675.0,52680.0,52677.5,1.916352e-06,9.58176e-06,0
52700.0,52705.0,52702.5,9.51972e-07,4.75986e-06,0
52705.0,52710.0,52707.5,1.917486e-06,9.58743e-06,0
52710.0,52715.0,52712.5,1.86729e-06,9.33645e-06,0
52715.0,52720.0,52717.5,9.51972e-07,4.75986e-06,0
52725.0,52730.0,52727.5,9.51972e-07,4.75986e-06,0
52755.0,52760.0,52757.5,9.35454e-07,4.67727e-06,0
52760.0,52765.0,52762.5,1.91309e-06,9.56545e-06,0
52765.0,52770.0,52767.5,1.903946e-06,9.51973e-06,0
52775.0,52780.0,52777.5,9.34274e-07,4.67137e-06,0
52790.0,52795.0,52792.5,1.917486e-06,9.58743e-06,0
52795.0,52800.0,52797.5,9.34274e-07,4.67137e-06,0
52810.0,52815.0,52812.5,9.51972e-07,4.75986e-06,0
52815.0,52820.0,52817.5,9.82078e-07,4.91039e-06,0
52820.0,52825.0,52822.5,9.82078e-07,4.91039e-06,0
52825.0,52830.0,52827.5,9.34274e-07,4.67137e-06,0
52830.0,52835.0,52832.5,2.815016e-06,1.407508e-05,0
52845.0,52850.0,52847.5,1.886246e-06,9.43123e-06,0
52855.0,52860.0,52857.5,9.34274e-07,4.67137e-06,0
52860.0,52865.0,52862.5,9.73378e-07,4.86689e-06,0
52875.0,52880.0,52877.5,9.31012e-07,4.65506e-06,0
52880.0,52885.0,52882.5,9.51972e-07,4.75986e-06,0
52885.0,52890.0,52887.5,9.31012e-07,4.65506e-06,0
52910.0,52915.0,52912.5,9.73378e-07,4.86689e-06,0
52940.0,52945.0,52942.5,1.926186e-06,9.63093e-06,0
52955.0,52960.0,52957.5,9.51972e-07,4.75986e-06,0
52980.0,52985.0,52982.5,9.31836e-07,4.65918e-06,0
52985.0,52990.0,52987.5,1.86729e-06,9.33645e-06,0
53005.0,53010.0,53007.5,1.86729e-06,9.33645e-06,0
53035.0,53040.0,53037.5,9.31012e-07,4.65506e-06,0
53040.0,53045.0,53042.5,9.35454e-07,4.67727e-06,0
53050.0,53055.0,53052.5,1.862024e-06,9.31012e-06,0
53055.0,53060.0,53057.5,1.862024e-06,9.31012e-06,0
53080.0,53085.0,53082.5,9.35454e-07,4.67727e-06,0
53100.0,53105.0,53102.5,1.917486e-06,9.58743e-06,0
53120.0,53125.0,53122.5,1.862024e-06,9.31012e-06,0
53135.0,53140.0,53137.5,9.65438e-07,4.82719e-06,0
53160.0,53165.0,53162.5,9.34274e-07,4.67137e-06,0
53170.0,53175.0,53172.5,9.31012e-07,4.65506e-06,0
53175.0,53180.0,53177.5,1.87512e-06,9.3756e-06,0
53190.0,53195.0,53192.5,9.31012e-07,4.65506e-06,0
53195.0,53200.0,53197.5,9.34274e-07,4.67137e-06,0
53200.0,53205.0,53202.5,9.65438e-07,4.82719e-06,0
53205.0,53210.0,53207.5,2.81482e-06,1.40741e-05,0
53220.0,53225.0,53222.5,2.848544e-06,1.424272e-05,0
53230.0,53235.0,53232.5,9.82078e-07,4.91039e-06,0
53235.0,53240.0,53237.5,1.862024e-06,9.31012e-06,0
53240.0,53245.0,53242.5,9.44108e-07,4.72054e-06,0
53265.0,53270.0,53267.5,9.73378e-07,4.86689e-06,0
53285.0,53290.0,53287.5,9.65438e-07,4.82719e-06,0
53290.0,53295.0,53292.5,2.809394e-06,1.404697e-05,0
53295.0,53300.0,53297.5,9.35454e-07,4.67727e-06,0
53300.0,53305.0,53302.5,9.44108e-07,4.72054e-06,0
53325.0,53330.0,53327.5,1.868548e-06,9.34274e-06,0
53340.0,53345.0,53342.5,9.73378e-07,4.86689e-06,0
53345.0,53350.0,53347.5,9.35454e-07,4.67727e-06,0
53355.0,53360.0,53357.5,9.31836e-07,4.65918e-06,0
53375.0,53380.0,53377.5,9.51972e-07,4.75986e-06,0
53380.0,53385.0,53382.5,9.31012e-07,4.65506e-06,0
53400.0,53405.0,53402.5,9.35454e-07,4.67727e-06,0
53420.0,53425.0,53422.5,1.866466e-06,9.33233e-06,0
53430.0,53435.0,53432.5,9.73378e-07,4.86689e-06,0
53435.0,53440.0,53437.5,9.31012e-07,4.65506e-06,0
53445.0,53450.0,53447.5,9.31836e-07,4.65918e-06,0
53455.0,53460.0,53457.5,1.863672e-06,9.31836e-06,0
53460.0,53465.0,53462.5,9.35454e-07,4.67727e-06,0
53470.0,53475.0,53472.5,1.89645e-06,9.48225e-06,0
53475.0,53480.0,53477.5,9.34274e-07,4.67137e-06,0
53480.0,53485.0,53482.5,1.905214e-06,9.52607e-06,0
53485.0,53490.0,53487.5,9.44108e-07,4.72054e-06,0
53490.0,53495.0,53492.5,9.31836e-07,4.65918e-06,0
53520.0,53525.0,53522.5,9.31836e-07,4.65918e-06,0
53525.0,53530.0,53527.5,1.917532e-06,9.58766e-06,0
53535.0,53540.0,53537.5,1.89645e-06,9.48225e-06,0
53545.0,53550.0,53547.5,9.35454e-07,4.67727e-06,0
53550.0,53555.0,53552.5,1.862848e-06,9.31424e-06,0
53560.0,53565.0,53562.5,1.862848e-06,9.31424e-06,0
53575.0,53580.0,53577.5,9.44108e-07,4.72054e-06,0
53595.0,53600.0,53597.5,9.65438e-07,4.82719e-06,0
53605.0,53610.0,53607.5,9.35454e-07,4.67727e-06,0
53610.0,53615.0,53612.5,9.82078e-07,4.91039e-06,0
53615.0,53620.0,53617.5,9.51972e-07,4.75986e-06,0
53620.0,53625.0,53622.5,9.35454e-07,4.67727e-06,0
53625.0,53630.0,53627.5,9.35454e-07,4.67727e-06,0
53630.0,53635.0,53632.5,9.73378e-07,4.86689e-06,0
53635.0,53640.0,53637.5,9.31012e-07,4.65506e-06,0
53640.0,53645.0,53642.5,9.73378e-07,4.86689e-06,0
53645.0,53650.0,53647.5,9.35454e-07,4.67727e-06,0
53650.0,53655.0,53652.5,1.91741e-06,9.58705e-06,0
53660.0,53665.0,53662.5,1.868548e-06,9.34274e-06,0
53665.0,53670.0,53667.5,1.862848e-06,9.31424e-06,0
53675.0,53680.0,53677.5,9.31012e-07,4.65506e-06,0
53680.0,53685.0,53682.5,9.31012e-07,4.65506e-06,0
53685.0,53690.0,53687.5,9.65578e-07,4.82789e-06,0
53690.0,53695.0,53692.5,9.82078e-07,4.91039e-06,0
53695.0,53700.0,53697.5,9.31012e-07,4.65506e-06,0
53700.0,53705.0,53702.5,1.926186e-06,9.63093e-06,0
53705.0,53710.0,53707.5,9.73378e-07,4.86689e-06,0
53710.0,53715.0,53712.5,1.870908e-06,9.35454e-06,0
53715.0,53720.0,53717.5,9.35454e-07,4.67727e-06,0
53725.0,53730.0,53727.5,9.31836e-07,4.65918e-06,0
53730.0,53735.0,53732.5,9.34274e-07,4.67137e-06,0
53735.0,53740.0,53737.5,9.73378e-07,4.86689e-06,0
53745.0,53750.0,53747.5,9.35454e-07,4.67727e-06,0
53785.0,53790.0,53787.5,9.35454e-07,4.67727e-06,0
53795.0,53800.0,53797.5,1.875944e-06,9.37972e-06,0
53810.0,53815.0,53812.5,9.51972e-07,4.75986e-06,0
53815.0,53820.0,53817.5,9.44108e-07,4.72054e-06,0
53820.0,53825.0,53822.5,9.51972e-07,4.75986e-06,0
53825.0,53830.0,53827.5,1.908832e-06,9.54416e-06,0
53845.0,53850.0,53847.5,1.878382e-06,9.39191e-06,0
53850.0,53855.0,53852.5,9.44108e-07,4.72054e-06,0
53875.0,53880.0,53877.5,1.869728e-06,9.34864e-06,0
53880.0,53885.0,53882.5,9.44108e-07,4.72054e-06,0
53890.0,53895.0,53892.5,9.73378e-07,4.86689e-06,0
53910.0,53915.0,53912.5,9.31012e-07,4.65506e-06,0
53915.0,53920.0,53917.5,1.868548e-06,9.34274e-06,0
53935.0,53940.0,53937.5,1.897414e-06,9.48707e-06,0
53945.0,53950.0,53947.5,9.31012e-07,4.65506e-06,0
53950.0,53955.0,53952.5,9.51972e-07,4.75986e-06,0
53955.0,53960.0,53957.5,9.82078e-07,4.91039e-06,0
53965.0,53970.0,53967.5,3.81712e-06,1.90856e-05,0
53985.0,53990.0,53987.5,9.34274e-07,4.67137e-06,0
53990.0,53995.0,53992.5,1.917486e-06,9.58743e-06,0
54010.0,54015.0,54012.5,2.80778e-06,1.40389e-05,0
54015.0,54020.0,54017.5,9.65578e-07,4.82789e-06,0
54020.0,54025.0,54022.5,2.8217e-06,1.41085e-05,0
54025.0,54030.0,54027.5,1.91741e-06,9.58705e-06,0
54030.0,54035.0,54032.5,9.44108e-07,4.72054e-06,0
54035.0,54040.0,54037.5,1.908832e-06,9.54416e-06,0
54050.0,54055.0,54052.5,9.31836e-07,4.65918e-06,0
54055.0,54060.0,54057.5,2.817258e-06,1.408629e-05,0
54070.0,54075.0,54072.5,9.31012e-07,4.65506e-06,0
54075.0,54080.0,54077.5,9.65438e-07,4.82719e-06,0
54080.0,54085.0,54082.5,2.8217e-06,1.41085e-05,0
54085.0,54090.0,54087.5,9.73378e-07,4.86689e-06,0
54090.0,54095.0,54092.5,9.31012e-07,4.65506e-06,0
54100.0,54105.0,54102.5,9.35454e-07,4.67727e-06,0
54105.0,54110.0,54107.5,9.82078e-07,4.91039e-06,0
54115.0,54120.0,54117.5,1.865286e-06,9.32643e-06,0
54125.0,54130.0,54127.5,9.34274e-07,4.67137e-06,0
54130.0,54135.0,54132.5,9.35454e-07,4.67727e-06,0
54145.0,54150.0,54147.5,1.875944e-06,9.37972e-06,0
54155.0,54160.0,54157.5,9.31836e-07,4.65918e-06,0
54160.0,54165.0,54162.5,1.879562e-06,9.39781e-06,0
54165.0,54170.0,54167.5,1.91741e-06,9.58705e-06,0
54180.0,54185.0,54182.5,9.31836e-07,4.65918e-06,0
54190.0,54195.0,54192.5,1.91741e-06,9.58705e-06,0
54195.0,54200.0,54197.5,1.89608e-06,9.4804e-06,0
54200.0,54205.0,54202.5,9.34274e-07,4.67137e-06,0
54215.0,54220.0,54217.5,9.44108e-07,4.72054e-06,0
54225.0,54230.0,54227.5,9.31836e-07,4.65918e-06,0
54250.0,54255.0,54252.5,1.90439e-06,9.52195e-06,0
54265.0,54270.0,54267.5,9.34274e-07,4.67137e-06,0
54280.0,54285.0,54282.5,2.907428e-06,1.453714e-05,0
54290.0,54295.0,54292.5,1.90439e-06,9.52195e-06,0
54300.0,54305.0,54302.5,9.31012e-07,4.65506e-06,0
54310.0,54315.0,54312.5,1.899712e-06,9.49856e-06,0
54315.0,54320.0,54317.5,9.31836e-07,4.65918e-06,0
54325.0,54330.0,54327.5,1.866466e-06,9.33233e-06,0
54330.0,54335.0,54332.5,1.883808e-06,9.41904e-06,0
54335.0,54340.0,54337.5,1.926186e-06,9.63093e-06,0
54340.0,54345.0,54342.5,9.65578e-07,4.82789e-06,0
54345.0,54350.0,54347.5,9.35454e-07,4.67727e-06,0
54350.0,54355.0,54352.5,9.65578e-07,4.82789e-06,0
54355.0,54360.0,54357.5,1.86611e-06,9.33055e-06,0
54360.0,54365.0,54362.5,9.34274e-07,4.67137e-06,0
54370.0,54375.0,54372.5,9.65438e-07,4.82719e-06,0
54375.0,54380.0,54377.5,9.31012e-07,4.65506e-06,0
54380.0,54385.0,54382.5,1.900892e-06,9.50446e-06,0
54385.0,54390.0,54387.5,9.31836e-07,4.65918e-06,0
54390.0,54395.0,54392.5,1.888218e-06,9.44109e-06,0
54395.0,54400.0,54397.5,1.868548e-06,9.34274e-06,0
54400.0,54405.0,54402.5,9.65438e-07,4.82719e-06,0
54415.0,54420.0,54417.5,9.34274e-07,4.67137e-06,0
54420.0,54425.0,54422.5,9.34274e-07,4.67137e-06,0
54440.0,54445.0,54442.5,9.51972e-07,4.75986e-06,0
54455.0,54460.0,54457.5,1.909546e-06,9.54773e-06,0
54495.0,54500.0,54497.5,9.31836e-07,4.65918e-06,0
54500.0,54505.0,54502.5,1.86729e-06,9.33645e-06,0
54515.0,54520.0,54517.5,1.865286e-06,9.32643e-06,0
54520.0,54525.0,54522.5,1.879562e-06,9.39781e-06,0
54535.0,54540.0,54537.5,9.31012e-07,4.65506e-06,0
54565.0,54570.0,54567.5,9.73378e-07,4.86689e-06,0
54575.0,54580.0,54577.5,9.73378e-07,4.86689e-06,0
54580.0,54585.0,54582.5,2.844286e-06,1.422143e-05,0
54585.0,54590.0,54587.5,1.899852e-06,9.49926e-06,0
54595.0,54600.0,54597.5,9.82078e-07,4.91039e-06,0
54610.0,54615.0,54612.5,9.73378e-07,4.86689e-06,0
54615.0,54620.0,54617.5,9.35454e-07,4.67727e-06,0
54620.0,54625.0,54622.5,9.34274e-07,4.67137e-06,0
54640.0,54645.0,54642.5,9.35454e-07,4.67727e-06,0
54650.0,54655.0,54652.5,9.51972e-07,4.75986e-06,0
54665.0,54670.0,54667.5,9.44108e-07,4.72054e-06,0
54670.0,54675.0,54672.5,9.35454e-07,4.67727e-06,0
54680.0,54685.0,54682.5,1.883808e-06,9.41904e-06,0
54690.0,54695.0,54692.5,9.34274e-07,4.67137e-06,0
54695.0,54700.0,54697.5,9.65438e-07,4.82719e-06,0
54710.0,54715.0,54712.5,1.887426e-06,9.43713e-06,0
54720.0,54725.0,54722.5,9.73378e-07,4.86689e-06,0
54740.0,54745.0,54742.5,9.51972e-07,4.75986e-06,0
54755.0,54760.0,54757.5,9.65578e-07,4.82789e-06,0
54770.0,54775.0,54772.5,1.869728e-06,9.34864e-06,0
54775.0,54780.0,54777.5,9.35454e-07,4.67727e-06,0
54785.0,54790.0,54787.5,9.35454e-07,4.67727e-06,0
54790.0,54795.0,54792.5,9.73378e-07,4.86689e-06,0
54795.0,54800.0,54797.5,9.82078e-07,4.91039e-06,0
54800.0,54805.0,54802.5,9.73378e-07,4.86689e-06,0
54805.0,54810.0,54807.5,3.806136e-06,1.903068e-05,0
54850.0,54855.0,54852.5,1.917486e-06,9.58743e-06,0
54855.0,54860.0,54857.5,9.51972e-07,4.75986e-06,0
54865.0,54870.0,54867.5,9.34274e-07,4.67137e-06,0
54870.0,54875.0,54872.5,9.31012e-07,4.65506e-06,0
54875.0,54880.0,54877.5,9.44108e-07,4.72054e-06,0
54880.0,54885.0,54882.5,9.34274e-07,4.67137e-06,0
54900.0,54905.0,54902.5,9.44108e-07,4.72054e-06,0
54905.0,54910.0,54907.5,1.882984e-06,9.41492e-06,0
54915.0,54920.0,54917.5,9.44108e-07,4.72054e-06,0
54925.0,54930.0,54927.5,9.31836e-07,4.65918e-06,0
54950.0,54955.0,54952.5,9.35454e-07,4.67727e-06,0
54955.0,54960.0,54957.5,9.44108e-07,4.72054e-06,0
54990.0,54995.0,54992.5,9.51972e-07,4.75986e-06,0
54995.0,55000.0,54997.5,1.91755e-06,9.58775e-06,0
55020.0,55025.0,55022.5,9.35454e-07,4.67727e-06,0
55030.0,55035.0,55032.5,9.44108e-07,4.72054e-06,0
55035.0,55040.0,55037.5,9.31836e-07,4.65918e-06,0
55040.0,55045.0,55042.5,9.31836e-07,4.65918e-06,0
55050.0,55055.0,55052.5,9.44108e-07,4.72054e-06,0
55065.0,55070.0,55067.5,9.35454e-07,4.67727e-06,0
55070.0,55075.0,55072.5,1.86611e-06,9.33055e-06,0
55080.0,55085.0,55082.5,9.35454e-07,4.67727e-06,0
55090.0,55095.0,55092.5,9.44108e-07,4.72054e-06,0
55095.0,55100.0,55097.5,9.35454e-07,4.67727e-06,0
55105.0,55110.0,55107.5,1.883808e-06,9.41904e-06,0
55115.0,55120.0,55117.5,9.35454e-07,4.67727e-06,0
55120.0,55125.0,55122.5,9.31836e-07,4.65918e-06,0
55130.0,55135.0,55132.5,9.65578e-07,4.82789e-06,0
55135.0,55140.0,55137.5,9.51972e-07,4.75986e-06,0
55155.0,55160.0,55157.5,9.35454e-07,4.67727e-06,0
55160.0,55165.0,55162.5,9.34274e-07,4.67137e-06,0
55165.0,55170.0,55167.5,9.31012e-07,4.65506e-06,0
55175.0,55180.0,55177.5,2.851684e-06,1.425842e-05,0
55180.0,55185.0,55182.5,9.34274e-07,4.67137e-06,0
55200.0,55205.0,55202.5,9.31012e-07,4.65506e-06,0
55210.0,55215.0,55212.5,2.87427e-06,1.437135e-05,0
55230.0,55235.0,55232.5,9.51972e-07,4.75986e-06,0
55240.0,55245.0,55242.5,9.65578e-07,4.82789e-06,0
55255.0,55260.0,55257.5,9.44108e-07,4.72054e-06,0
55270.0,55275.0,55272.5,9.31012e-07,4.65506e-06,0
55280.0,55285.0,55282.5,9.34274e-07,4.67137e-06,0
55295.0,55300.0,55297.5,9.31012e-07,4.65506e-06,0
55305.0,55310.0,55307.5,9.31836e-07,4.65918e-06,0
55315.0,55320.0,55317.5,9.51972e-07,4.75986e-06,0
55320.0,55325.0,55322.5,9.35454e-07,4.67727e-06,0
55340.0,55345.0,55342.5,9.34274e-07,4.67137e-06,0
55350.0,55355.0,55352.5,9.65438e-07,4.82719e-06,0
55360.0,55365.0,55362.5,9.65438e-07,4.82719e-06,0
55375.0,55380.0,55377.5,9.73378e-07,4.86689e-06,0
55385.0,55390.0,55387.5,9.65578e-07,4.82789e-06,0
55405.0,55410.0,55407.5,9.65438e-07,4.82719e-06,0
55410.0,55415.0,55412.5,9.35454e-07,4.67727e-06,0
55445.0,55450.0,55447.5,1.91741e-06,9.58705e-06,0
55460.0,55465.0,55462.5,1.931016e-06,9.65508e-06,0
55485.0,55490.0,55487.5,9.65578e-07,4.82789e-06,0
55515.0,55520.0,55517.5,9.31836e-07,4.65918e-06,0
55520.0,55525.0,55522.5,1.926186e-06,9.63093e-06,0
55525.0,55530.0,55527.5,1.899852e-06,9.49926e-06,0
55550.0,55555.0,55552.5,9.65578e-07,4.82789e-06,0
55555.0,55560.0,55557.5,9.31836e-07,4.65918e-06,0
55560.0,55565.0,55562.5,9.65578e-07,4.82789e-06,0
55575.0,55580.0,55577.5,9.31836e-07,4.65918e-06,0
55580.0,55585.0,55582.5,9.44108e-07,4.72054e-06,0
55590.0,55595.0,55592.5,9.35454e-07,4.67727e-06,0
55605.0,55610.0,55607.5,9.31836e-07,4.65918e-06,0
55615.0,55620.0,55617.5,1.930874e-06,9.65437e-06,0
55630.0,55635.0,55632.5,9.51972e-07,4.75986e-06,0
55635.0,55640.0,55637.5,1.863672e-06,9.31836e-06,0
55645.0,55650.0,55647.5,9.44108e-07,4.72054e-06,0
55655.0,55660.0,55657.5,9.44108e-07,4.72054e-06,0
55685.0,55690.0,55687.5,9.65438e-07,4.82719e-06,0
55690.0,55695.0,55692.5,9.51972e-07,4.75986e-06,0
55695.0,55700.0,55697.5,9.35454e-07,4.67727e-06,0
55700.0,55705.0,55702.5,9.35454e-07,4.67727e-06,0
55710.0,55715.0,55712.5,1.882984e-06,9.41492e-06,0
55715.0,55720.0,55717.5,9.51972e-07,4.75986e-06,0
55725.0,55730.0,55727.5,9.34274e-07,4.67137e-06,0
55730.0,55735.0,55732.5,9.31012e-07,4.65506e-06,0
55740.0,55745.0,55742.5,9.35454e-07,4.67727e-06,0
55750.0,55755.0,55752.5,9.34274e-07,4.67137e-06,0
55755.0,55760.0,55757.5,9.31012e-07,4.65506e-06,0
55760.0,55765.0,55762.5,9.35454e-07,4.67727e-06,0
55765.0,55770.0,55767.5,9.31012e-07,4.65506e-06,0
55770.0,55775.0,55772.5,9.31836e-07,4.65918e-06,0
55780.0,55785.0,55782.5,9.65438e-07,4.82719e-06,0
55785.0,55790.0,55787.5,9.51972e-07,4.75986e-06,0
55790.0,55795.0,55792.5,9.31836e-07,4.65918e-06,0
55795.0,55800.0,55797.5,9.44108e-07,4.72054e-06,0
55810.0,55815.0,55812.5,1.900892e-06,9.50446e-06,0
55830.0,55835.0,55832.5,1.916352e-06,9.58176e-06,0
55835.0,55840.0,55837.5,9.31012e-07,4.65506e-06,0
55845.0,55850.0,55847.5,9.65578e-07,4.82789e-06,0
55860.0,55865.0,55862.5,1.882984e-06,9.41492e-06,0
55875.0,55880.0,55877.5,9.31012e-07,4.65506e-06,0
55885.0,55890.0,55887.5,9.51972e-07,4.75986e-06,0
55895.0,55900.0,55897.5,9.44108e-07,4.72054e-06,0
55900.0,55905.0,55902.5,9.65578e-07,4.82789e-06,0
55915.0,55920.0,55917.5,9.34274e-07,4.67137e-06,0
55930.0,55935.0,55932.5,9.35454e-07,4.67727e-06,0
55940.0,55945.0,55942.5,9.35454e-07,4.67727e-06,0
55945.0,55950.0,55947.5,9.65578e-07,4.82789e-06,0
55950.0,55955.0,55952.5,1.886246e-06,9.43123e-06,0
55970.0,55975.0,55972.5,9.35454e-07,4.67727e-06,0
55975.0,55980.0,55977.5,1.879562e-06,9.39781e-06,0
55985.0,55990.0,55987.5,1.882984e-06,9.41492e-06,0
55995.0,56000.0,55997.5,9.31836e-07,4.65918e-06,0
56015.0,56020.0,56017.5,1.863672e-06,9.31836e-06,0
56030.0,56035.0,56032.5,1.897414e-06,9.48707e-06,0
56065.0,56070.0,56067.5,9.31836e-07,4.65918e-06,0
56075.0,56080.0,56077.5,9.65438e-07,4.82719e-06,0
56090.0,56095.0,56092.5,1.865286e-06,9.32643e-06,0
56095.0,56100.0,56097.5,9.51972e-07,4.75986e-06,0
56120.0,56125.0,56122.5,9.31836e-07,4.65918e-06,0
56135.0,56140.0,56137.5,9.82078e-07,4.91039e-06,0
56145.0,56150.0,56147.5,9.44108e-07,4.72054e-06,0
56160.0,56165.0,56162.5,9.34274e-07,4.67137e-06,0
56180.0,56185.0,56182.5,1.89608e-06,9.4804e-06,0
56185.0,56190.0,56187.5,9.31836e-07,4.65918e-06,0
56190.0,56195.0,56192.5,9.31836e-07,4.65918e-06,0
56225.0,56230.0,56227.5,9.65438e-07,4.82719e-06,0
56235.0,56240.0,56237.5,1.91741e-06,9.58705e-06,0
56240.0,56245.0,56242.5,9.34274e-07,4.67137e-06,0
56245.0,56250.0,56247.5,9.31012e-07,4.65506e-06,0
56260.0,56265.0,56262.5,1.888218e-06,9.44109e-06,0
56280.0,56285.0,56282.5,9.51972e-07,4.75986e-06,0
56310.0,56315.0,56312.5,9.51972e-07,4.75986e-06,0
56325.0,56330.0,56327.5,9.44108e-07,4.72054e-06,0
56335.0,56340.0,56337.5,9.35454e-07,4.67727e-06,0
56340.0,56345.0,56342.5,9.31012e-07,4.65506e-06,0
56345.0,56350.0,56347.5,9.34274e-07,4.67137e-06,0
56360.0,56365.0,56362.5,9.44108e-07,4.72054e-06,0
56370.0,56375.0,56372.5,9.31836e-07,4.65918e-06,0
56385.0,56390.0,56387.5,9.44108e-07,4.72054e-06,0
56405.0,56410.0,56407.5,9.73378e-07,4.86689e-06,0
56410.0,56415.0,56412.5,9.34274e-07,4.67137e-06,0
56425.0,56430.0,56427.5,9.31012e-07,4.65506e-06,0
56430.0,56435.0,56432.5,1.887426e-06,9.43713e-06,0
56435.0,56440.0,56437.5,9.44108e-07,4.72054e-06,0
56440.0,56445.0,56442.5,9.35454e-07,4.67727e-06,0
56450.0,56455.0,56452.5,1.89645e-06,9.48225e-06,0
56465.0,56470.0,56467.5,9.35454e-07,4.67727e-06,0
56470.0,56475.0,56472.5,1.862024e-06,9.31012e-06,0
56485.0,56490.0,56487.5,9.35454e-07,4.67727e-06,0
56500.0,56505.0,56502.5,9.82078e-07,4.91039e-06,0
56505.0,56510.0,56507.5,1.886246e-06,9.43123e-06,0
56520.0,56525.0,56522.5,9.34274e-07,4.67137e-06,0
56560.0,56565.0,56562.5,9.35454e-07,4.67727e-06,0
56570.0,56575.0,56572.5,9.31836e-07,4.65918e-06,0
56575.0,56580.0,56577.5,9.34274e-07,4.67137e-06,0
56585.0,56590.0,56587.5,1.883808e-06,9.41904e-06,0
56600.0,56605.0,56602.5,1.89645e-06,9.48225e-06,0
56610.0,56615.0,56612.5,9.31012e-07,4.65506e-06,0
56615.0,56620.0,56617.5,9.44108e-07,4.72054e-06,0
56680.0,56685.0,56682.5,9.35454e-07,4.67727e-06,0
56685.0,56690.0,56687.5,9.31836e-07,4.65918e-06,0
56690.0,56695.0,56692.5,9.44108e-07,4.72054e-06,0
56705.0,56710.0,56707.5,9.51972e-07,4.75986e-06,0
56720.0,56725.0,56722.5,9.31836e-07,4.65918e-06,0
56745.0,56750.0,56747.5,1.883808e-06,9.41904e-06,0
56780.0,56785.0,56782.5,9.34274e-07,4.67137e-06,0
56785.0,56790.0,56787.5,1.862848e-06,9.31424e-06,0
56790.0,56795.0,56792.5,9.31012e-07,4.65506e-06,0
56800.0,56805.0,56802.5,9.73378e-07,4.86689e-06,0
56805.0,56810.0,56807.5,9.35454e-07,4.67727e-06,0
56810.0,56815.0,56812.5,9.65578e-07,4.82789e-06,0
56830.0,56835.0,56832.5,1.875944e-06,9.37972e-06,0
56845.0,56850.0,56847.5,9.31012e-07,4.65506e-06,0
56850.0,56855.0,56852.5,9.44108e-07,4.72054e-06,0
56865.0,56870.0,56867.5,9.31836e-07,4.65918e-06,0
56875.0,56880.0,56877.5,9.31012e-07,4.65506e-06,0
56905.0,56910.0,56907.5,1.908832e-06,9.54416e-06,0
56925.0,56930.0,56927.5,9.31012e-07,4.65506e-06,0
56930.0,56935.0,56932.5,9.44108e-07,4.72054e-06,0
56940.0,56945.0,56942.5,9.35454e-07,4.67727e-06,0
56945.0,56950.0,56947.5,9.73378e-07,4.86689e-06,0
56950.0,56955.0,56952.5,9.31012e-07,4.65506e-06,0
56960.0,56965.0,56962.5,9.31012e-07,4.65506e-06,0
56970.0,56975.0,56972.5,1.878382e-06,9.39191e-06,0
56975.0,56980.0,56977.5,9.34274e-07,4.67137e-06,0
56980.0,56985.0,56982.5,9.31836e-07,4.65918e-06,0
56985.0,56990.0,56987.5,9.44108e-07,4.72054e-06,0
57010.0,57015.0,57012.5,9.31012e-07,4.65506e-06,0
57015.0,57020.0,57017.5,9.31836e-07,4.65918e-06,0
57030.0,57035.0,57032.5,9.31012e-07,4.65506e-06,0
57055.0,57060.0,57057.5,9.31012e-07,4.65506e-06,0
57065.0,57070.0,57067.5,9.35454e-07,4.67727e-06,0
57070.0,57075.0,57072.5,9.65438e-07,4.82719e-06,0
57075.0,57080.0,57077.5,9.34274e-07,4.67137e-06,0
57085.0,57090.0,57087.5,9.34274e-07,4.67137e-06,0
57090.0,57095.0,57092.5,9.31836e-07,4.65918e-06,0
57110.0,57115.0,57112.5,1.869728e-06,9.34864e-06,0
57120.0,57125.0,57122.5,9.51972e-07,4.75986e-06,0
57130.0,57135.0,57132.5,1.900892e-06,9.50446e-06,0
57135.0,57140.0,57137.5,1.938816e-06,9.69408e-06,0
57140.0,57145.0,57142.5,9.34274e-07,4.67137e-06,0
57150.0,57155.0,57152.5,9.82078e-07,4.91039e-06,0
57165.0,57170.0,57167.5,9.65438e-07,4.82719e-06,0
57170.0,57175.0,57172.5,9.31836e-07,4.65918e-06,0
57180.0,57185.0,57182.5,9.44108e-07,4.72054e-06,0
57185.0,57190.0,57187.5,2.88297e-06,1.441485e-05,0
57215.0,57220.0,57217.5,9.34274e-07,4.67137e-06,0
57250.0,57255.0,57252.5,1.86611e-06,9.33055e-06,0
57255.0,57260.0,57257.5,2.849322e-06,1.424661e-05,0
57265.0,57270.0,57267.5,1.938816e-06,9.69408e-06,0
57275.0,57280.0,57277.5,9.65438e-07,4.82719e-06,0
57285.0,57290.0,57287.5,9.31012e-07,4.65506e-06,0
57300.0,57305.0,57302.5,9.65438e-07,4.82719e-06,0
57315.0,57320.0,57317.5,9.65438e-07,4.82719e-06,0
57345.0,57350.0,57347.5,1.865286e-06,9.32643e-06,0
57350.0,57355.0,57352.5,9.44108e-07,4.72054e-06,0
57355.0,57360.0,57357.5,1.917486e-06,9.58743e-06,0
57365.0,57370.0,57367.5,2.797122e-06,1.398561e-05,0
57370.0,57375.0,57372.5,9.35454e-07,4.67727e-06,0
57400.0,57405.0,57402.5,2.801564e-06,1.400782e-05,0
57405.0,57410.0,57407.5,9.44108e-07,4.72054e-06,0
57410.0,57415.0,57412.5,9.65438e-07,4.82719e-06,0
57415.0,57420.0,57417.5,9.65578e-07,4.82789e-06,0
57425.0,57430.0,57427.5,1.897274e-06,9.48637e-06,0
57435.0,57440.0,57437.5,9.31836e-07,4.65918e-06,0
57440.0,57445.0,57442.5,9.31012e-07,4.65506e-06,0
57490.0,57495.0,57492.5,9.31012e-07,4.65506e-06,0
57495.0,57500.0,57497.5,1.875944e-06,9.37972e-06,0
57500.0,57505.0,57502.5,9.31836e-07,4.65918e-06,0
57515.0,57520.0,57517.5,1.868548e-06,9.34274e-06,0
57540.0,57545.0,57542.5,9.35454e-07,4.67727e-06,0
57570.0,57575.0,57572.5,9.44108e-07,4.72054e-06,0
57575.0,57580.0,57577.5,9.65438e-07,4.82719e-06,0
57585.0,57590.0,57587.5,1.908832e-06,9.54416e-06,0
57590.0,57595.0,57592.5,9.31012e-07,4.65506e-06,0
57595.0,57600.0,57597.5,9.82078e-07,4.91039e-06,0
57610.0,57615.0,57612.5,9.44108e-07,4.72054e-06,0
57625.0,57630.0,57627.5,2.841926e-06,1.420963e-05,0
57645.0,57650.0,57647.5,9.31012e-07,4.65506e-06,0
57650.0,57655.0,57652.5,9.31836e-07,4.65918e-06,0
57670.0,57675.0,57672.5,9.35454e-07,4.67727e-06,0
57680.0,57685.0,57682.5,9.51972e-07,4.75986e-06,0
57705.0,57710.0,57707.5,9.65438e-07,4.82719e-06,0
57720.0,57725.0,57722.5,9.65438e-07,4.82719e-06,0
57730.0,57735.0,57732.5,9.31836e-07,4.65918e-06,0
57740.0,57745.0,57742.5,9.34274e-07,4.67137e-06,0
57785.0,57790.0,57787.5,9.31836e-07,4.65918e-06,0
57790.0,57795.0,57792.5,9.51972e-07,4.75986e-06,0
57800.0,57805.0,57802.5,1.91309e-06,9.56545e-06,0
57825.0,57830.0,57827.5,9.65438e-07,4.82719e-06,0
57840.0,57845.0,57842.5,9.65438e-07,4.82719e-06,0
57845.0,57850.0,57847.5,9.51972e-07,4.75986e-06,0
57895.0,57900.0,57897.5,9.35454e-07,4.67727e-06,0
57910.0,57915.0,57912.5,9.44108e-07,4.72054e-06,0
57920.0,57925.0,57922.5,9.35454e-07,4.67727e-06,0
57930.0,57935.0,57932.5,9.31836e-07,4.65918e-06,0
57935.0,57940.0,57937.5,9.65438e-07,4.82719e-06,0
57950.0,57955.0,57952.5,9.44108e-07,4.72054e-06,0
57970.0,57975.0,57972.5,9.31836e-07,4.65918e-06,0
57995.0,58000.0,57997.5,9.31012e-07,4.65506e-06,0
58010.0,58015.0,58012.5,9.44108e-07,4.72054e-06,0
58015.0,58020.0,58017.5,1.862024e-06,9.31012e-06,0
58035.0,58040.0,58037.5,9.65438e-07,4.82719e-06,0
58045.0,58050.0,58047.5,9.73378e-07,4.86689e-06,0
58075.0,58080.0,58077.5,9.34274e-07,4.67137e-06,0
58085.0,58090.0,58087.5,9.65438e-07,4.82719e-06,0
58100.0,58105.0,58102.5,9.65438e-07,4.82719e-06,0
58115.0,58120.0,58117.5,1.888218e-06,9.44109e-06,0
58140.0,58145.0,58142.5,9.31012e-07,4.65506e-06,0
58155.0,58160.0,58157.5,9.34274e-07,4.67137e-06,0
58160.0,58165.0,58162.5,9.31012e-07,4.65506e-06,0
58170.0,58175.0,58172.5,2.852864e-06,1.426432e-05,0
58175.0,58180.0,58177.5,2.887292e-06,1.443646e-05,0
58190.0,58195.0,58192.5,1.866466e-06,9.33233e-06,0
58200.0,58205.0,58202.5,9.65438e-07,4.82719e-06,0
58205.0,58210.0,58207.5,9.31836e-07,4.65918e-06,0
58230.0,58235.0,58232.5,9.44108e-07,4.72054e-06,0
58240.0,58245.0,58242.5,9.31012e-07,4.65506e-06,0
58245.0,58250.0,58247.5,9.35454e-07,4.67727e-06,0
58255.0,58260.0,58257.5,1.87512e-06,9.3756e-06,0
58280.0,58285.0,58282.5,9.51972e-07,4.75986e-06,0
58305.0,58310.0,58307.5,1.878382e-06,9.39191e-06,0
58310.0,58315.0,58312.5,1.870908e-06,9.35454e-06,0
58315.0,58320.0,58317.5,1.886246e-06,9.43123e-06,0
58330.0,58335.0,58332.5,9.31012e-07,4.65506e-06,0
58345.0,58350.0,58347.5,1.862024e-06,9.31012e-06,0
58390.0,58395.0,58392.5,9.31012e-07,4.65506e-06,0
58425.0,58430.0,58427.5,9.82078e-07,4.91039e-06,0
58450.0,58455.0,58452.5,9.44108e-07,4.72054e-06,0
58455.0,58460.0,58457.5,9.34274e-07,4.67137e-06,0
58475.0,58480.0,58477.5,1.91741e-06,9.58705e-06,0
58485.0,58490.0,58487.5,1.883808e-06,9.41904e-06,0
58505.0,58510.0,58507.5,9.31012e-07,4.65506e-06,0
58515.0,58520.0,58517.5,9.31012e-07,4.65506e-06,0
58520.0,58525.0,58522.5,9.65438e-07,4.82719e-06,0
58535.0,58540.0,58537.5,9.51972e-07,4.75986e-06,0
58555.0,58560.0,58557.5,9.31012e-07,4.65506e-06,0
58580.0,58585.0,58582.5,9.31012e-07,4.65506e-06,0
58595.0,58600.0,58597.5,9.35454e-07,4.67727e-06,0
58600.0,58605.0,58602.5,9.34274e-07,4.67137e-06,0
58605.0,58610.0,58607.5,9.65578e-07,4.82789e-06,0
58615.0,58620.0,58617.5,9.65578e-07,4.82789e-06,0
58625.0,58630.0,58627.5,9.35454e-07,4.67727e-06,0
58630.0,58635.0,58632.5,9.35454e-07,4.67727e-06,0
58640.0,58645.0,58642.5,9.31012e-07,4.65506e-06,0
58670.0,58675.0,58672.5,9.51972e-07,4.75986e-06,0
58690.0,58695.0,58692.5,9.31012e-07,4.65506e-06,0
58695.0,58700.0,58697.5,9.31012e-07,4.65506e-06,0
58700.0,58705.0,58702.5,9.34274e-07,4.67137e-06,0
58715.0,58720.0,58717.5,9.44108e-07,4.72054e-06,0
58730.0,58735.0,58732.5,1.909546e-06,9.54773e-06,0
58745.0,58750.0,58747.5,9.51972e-07,4.75986e-06,0
58760.0,58765.0,58762.5,9.31012e-07,4.65506e-06,0
58765.0,58770.0,58767.5,9.31012e-07,4.65506e-06,0
58770.0,58775.0,58772.5,9.34274e-07,4.67137e-06,0
58805.0,58810.0,58807.5,9.31836e-07,4.65918e-06,0
58815.0,58820.0,58817.5,9.35454e-07,4.67727e-06,0
58825.0,58830.0,58827.5,9.51972e-07,4.75986e-06,0
58835.0,58840.0,58837.5,9.34274e-07,4.67137e-06,0
58840.0,58845.0,58842.5,1.883808e-06,9.41904e-06,0
58845.0,58850.0,58847.5,9.31836e-07,4.65918e-06,0
58850.0,58855.0,58852.5,1.908832e-06,9.54416e-06,0
58855.0,58860.0,58857.5,9.34274e-07,4.67137e-06,0
58870.0,58875.0,58872.5,9.35454e-07,4.67727e-06,0
58895.0,58900.0,58897.5,1.907652e-06,9.53826e-06,0
58910.0,58915.0,58912.5,9.51972e-07,4.75986e-06,0
58920.0,58925.0,58922.5,9.65438e-07,4.82719e-06,0
58955.0,58960.0,58957.5,1.92535e-06,9.62675e-06,0
58960.0,58965.0,58962.5,9.34274e-07,4.67137e-06,0
58965.0,58970.0,58967.5,9.44108e-07,4.72054e-06,0
58970.0,58975.0,58972.5,9.44108e-07,4.72054e-06,0
59005.0,59010.0,59007.5,9.44108e-07,4.72054e-06,0
59025.0,59030.0,59027.5,9.31836e-07,4.65918e-06,0
59045.0,59050.0,59047.5,9.65438e-07,4.82719e-06,0
59055.0,59060.0,59057.5,9.34274e-07,4.67137e-06,0
59070.0,59075.0,59072.5,2.839844e-06,1.419922e-05,0
59165.0,59170.0,59167.5,1.86611e-06,9.33055e-06,0
59180.0,59185.0,59182.5,9.82078e-07,4.91039e-06,0
59185.0,59190.0,59187.5,9.73378e-07,4.86689e-06,0
59195.0,59200.0,59197.5,9.35454e-07,4.67727e-06,0
59225.0,59230.0,59227.5,9.31836e-07,4.65918e-06,0
59230.0,59235.0,59232.5,9.51972e-07,4.75986e-06,0
59235.0,59240.0,59237.5,9.82078e-07,4.91039e-06,0
59245.0,59250.0,59247.5,9.31012e-07,4.65506e-06,0
59250.0,59255.0,59252.5,9.31836e-07,4.65918e-06,0
59255.0,59260.0,59257.5,9.65438e-07,4.82719e-06,0
59260.0,59265.0,59262.5,9.31836e-07,4.65918e-06,0
59270.0,59275.0,59272.5,9.73378e-07,4.86689e-06,0
59275.0,59280.0,59277.5,9.35454e-07,4.67727e-06,0
59290.0,59295.0,59292.5,9.51972e-07,4.75986e-06,0
59295.0,59300.0,59297.5,9.34274e-07,4.67137e-06,0
59305.0,59310.0,59307.5,9.51972e-07,4.75986e-06,0
59325.0,59330.0,59327.5,9.51972e-07,4.75986e-06,0
59330.0,59335.0,59332.5,9.44108e-07,4.72054e-06,0
59335.0,59340.0,59337.5,9.44108e-07,4.72054e-06,0
59340.0,59345.0,59342.5,9.35454e-07,4.67727e-06,0
59360.0,59365.0,59362.5,9.44108e-07,4.72054e-06,0
59365.0,59370.0,59367.5,9.31012e-07,4.65506e-06,0
59375.0,59380.0,59377.5,9.51972e-07,4.75986e-06,0
59380.0,59385.0,59382.5,1.901032e-06,9.50516e-06,0
59385.0,59390.0,59387.5,9.82078e-07,4.91039e-06,0
59425.0,59430.0,59427.5,9.34274e-07,4.67137e-06,0
59460.0,59465.0,59462.5,9.31012e-07,4.65506e-06,0
59465.0,59470.0,59467.5,1.868548e-06,9.34274e-06,0
59500.0,59505.0,59502.5,9.31836e-07,4.65918e-06,0
59510.0,59515.0,59512.5,9.31012e-07,4.65506e-06,0
59555.0,59560.0,59557.5,9.31836e-07,4.65918e-06,0
59570.0,59575.0,59572.5,9.34274e-07,4.67137e-06,0
59595.0,59600.0,59597.5,9.34274e-07,4.67137e-06,0
59625.0,59630.0,59627.5,9.73378e-07,4.86689e-06,0
59630.0,59635.0,59632.5,9.34274e-07,4.67137e-06,0
59655.0,59660.0,59657.5,9.73378e-07,4.86689e-06,0
59665.0,59670.0,59667.5,9.44108e-07,4.72054e-06,0
59680.0,59685.0,59682.5,9.31012e-07,4.65506e-06,0
59700.0,59705.0,59702.5,9.34274e-07,4.67137e-06,0
59720.0,59725.0,59722.5,9.65578e-07,4.82789e-06,0
59730.0,59735.0,59732.5,9.31836e-07,4.65918e-06,0
59735.0,59740.0,59737.5,1.86729e-06,9.33645e-06,0
59795.0,59800.0,59797.5,9.34274e-07,4.67137e-06,0
59815.0,59820.0,59817.5,1.947516e-06,9.73758e-06,0
59820.0,59825.0,59822.5,9.31012e-07,4.65506e-06,0
59825.0,59830.0,59827.5,1.900892e-06,9.50446e-06,0
59830.0,59835.0,59832.5,9.51972e-07,4.75986e-06,0
59840.0,59845.0,59842.5,9.31012e-07,4.65506e-06,0
59845.0,59850.0,59847.5,1.899712e-06,9.49856e-06,0
59860.0,59865.0,59862.5,2.857186e-06,1.428593e-05,0
59870.0,59875.0,59872.5,9.44108e-07,4.72054e-06,0
59915.0,59920.0,59917.5,1.86729e-06,9.33645e-06,0
59920.0,59925.0,59922.5,9.31012e-07,4.65506e-06,0
59965.0,59970.0,59967.5,9.44108e-07,4.72054e-06,0
59985.0,59990.0,59987.5,9.31836e-07,4.65918e-06,0
59990.0,59995.0,59992.5,9.31012e-07,4.65506e-06,0
59995.0,60000.0,59997.5,9.65438e-07,4.82719e-06,0
60025.0,60030.0,60027.5,1.909686e-06,9.54843e-06,0
60035.0,60040.0,60037.5,9.34274e-07,4.67137e-06,0
60050.0,60055.0,60052.5,9.65438e-07,4.82719e-06,0
60110.0,60115.0,60112.5,9.65438e-07,4.82719e-06,0
60120.0,60125.0,60122.5,2.809394e-06,1.404697e-05,0
60130.0,60135.0,60132.5,9.51972e-07,4.75986e-06,0
60135.0,60140.0,60137.5,9.65438e-07,4.82719e-06,0
60140.0,60145.0,60142.5,9.31836e-07,4.65918e-06,0
60220.0,60225.0,60222.5,9.51972e-07,4.75986e-06,0
60225.0,60230.0,60227.5,9.44108e-07,4.72054e-06,0
60245.0,60250.0,60247.5,9.31012e-07,4.65506e-06,0
60270.0,60275.0,60272.5,9.34274e-07,4.67137e-06,0
60290.0,60295.0,60292.5,9.31836e-07,4.65918e-06,0
60315.0,60320.0,60317.5,9.44108e-07,4.72054e-06,0
60360.0,60365.0,60362.5,1.883808e-06,9.41904e-06,0
60385.0,60390.0,60387.5,1.886246e-06,9.43123e-06,0
60395.0,60400.0,60397.5,9.31012e-07,4.65506e-06,0
60400.0,60405.0,60402.5,1.869728e-06,9.34864e-06,0
60430.0,60435.0,60432.5,9.31012e-07,4.65506e-06,0
60435.0,60440.0,60437.5,1.938816e-06,9.69408e-06,0
60480.0,60485.0,60482.5,1.879562e-06,9.39781e-06,0
60485.0,60490.0,60487.5,9.51972e-07,4.75986e-06,0
60530.0,60535.0,60532.5,9.31012e-07,4.65506e-06,0
60535.0,60540.0,60537.5,9.82078e-07,4.91039e-06,0
60540.0,60545.0,60542.5,9.51972e-07,4.75986e-06,0
60560.0,60565.0,60562.5,9.73378e-07,4.86689e-06,0
60565.0,60570.0,60567.5,9.44108e-07,4.72054e-06,0
60570.0,60575.0,60572.5,9.34274e-07,4.67137e-06,0
60580.0,60585.0,60582.5,9.51972e-07,4.75986e-06,0
60605.0,60610.0,60607.5,1.870908e-06,9.35454e-06,0
60615.0,60620.0,60617.5,9.51972e-07,4.75986e-06,0
60625.0,60630.0,60627.5,9.34274e-07,4.67137e-06,0
60730.0,60735.0,60732.5,9.51972e-07,4.75986e-06,0
60755.0,60760.0,60757.5,1.86729e-06,9.33645e-06,0
60775.0,60780.0,60777.5,1.86729e-06,9.33645e-06,0
60810.0,60815.0,60812.5,1.866466e-06,9.33233e-06,0
60825.0,60830.0,60827.5,1.862024e-06,9.31012e-06,0
60870.0,60875.0,60872.5,1.917486e-06,9.58743e-06,0
60890.0,60895.0,60892.5,1.862024e-06,9.31012e-06,0
60930.0,60935.0,60932.5,9.34274e-07,4.67137e-06,0
60940.0,60945.0,60942.5,9.31012e-07,4.65506e-06,0
60975.0,60980.0,60977.5,1.883808e-06,9.41904e-06,0
60990.0,60995.0,60992.5,9.35454e-07,4.67727e-06,0
60995.0,61000.0,60997.5,9.31012e-07,4.65506e-06,0
61000.0,61005.0,61002.5,9.82078e-07,4.91039e-06,0
61010.0,61015.0,61012.5,9.44108e-07,4.72054e-06,0
61035.0,61040.0,61037.5,9.73378e-07,4.86689e-06,0
61065.0,61070.0,61067.5,2.810574e-06,1.405287e-05,0
61070.0,61075.0,61072.5,9.44108e-07,4.72054e-06,0
61100.0,61105.0,61102.5,9.34274e-07,4.67137e-06,0
61110.0,61115.0,61112.5,9.73378e-07,4.86689e-06,0
61150.0,61155.0,61152.5,9.31012e-07,4.65506e-06,0
61200.0,61205.0,61202.5,9.73378e-07,4.86689e-06,0
61210.0,61215.0,61212.5,9.31012e-07,4.65506e-06,0
61225.0,61230.0,61227.5,9.31836e-07,4.65918e-06,0
61230.0,61235.0,61232.5,9.31836e-07,4.65918e-06,0
61240.0,61245.0,61242.5,9.65438e-07,4.82719e-06,0
61250.0,61255.0,61252.5,1.86611e-06,9.33055e-06,0
61255.0,61260.0,61257.5,9.73378e-07,4.86689e-06,0
61260.0,61265.0,61262.5,1.875944e-06,9.37972e-06,0
61300.0,61305.0,61302.5,9.82078e-07,4.91039e-06,0
61310.0,61315.0,61312.5,9.31012e-07,4.65506e-06,0
61320.0,61325.0,61322.5,1.862848e-06,9.31424e-06,0
61330.0,61335.0,61332.5,9.31836e-07,4.65918e-06,0
61335.0,61340.0,61337.5,9.31012e-07,4.65506e-06,0
61345.0,61350.0,61347.5,9.44108e-07,4.72054e-06,0
61365.0,61370.0,61367.5,9.65438e-07,4.82719e-06,0
61380.0,61385.0,61382.5,9.82078e-07,4.91039e-06,0
61390.0,61395.0,61392.5,1.887426e-06,9.43713e-06,0
61395.0,61400.0,61397.5,9.35454e-07,4.67727e-06,0
61405.0,61410.0,61407.5,9.31012e-07,4.65506e-06,0
61420.0,61425.0,61422.5,9.51972e-07,4.75986e-06,0
61425.0,61430.0,61427.5,9.65438e-07,4.82719e-06,0
61430.0,61435.0,61432.5,1.868548e-06,9.34274e-06,0
61435.0,61440.0,61437.5,9.31012e-07,4.65506e-06,0
61450.0,61455.0,61452.5,1.862024e-06,9.31012e-06,0
61460.0,61465.0,61462.5,1.947656e-06,9.73828e-06,0
61470.0,61475.0,61472.5,9.44108e-07,4.72054e-06,0
61475.0,61480.0,61477.5,9.82078e-07,4.91039e-06,0
61485.0,61490.0,61487.5,1.870908e-06,9.35454e-06,0
61495.0,61500.0,61497.5,9.31836e-07,4.65918e-06,0
61500.0,61505.0,61502.5,9.34274e-07,4.67137e-06,0
61505.0,61510.0,61507.5,9.73378e-07,4.86689e-06,0
61515.0,61520.0,61517.5,9.35454e-07,4.67727e-06,0
61595.0,61600.0,61597.5,9.35454e-07,4.67727e-06,0
61600.0,61605.0,61602.5,9.73378e-07,4.86689e-06,0
61615.0,61620.0,61617.5,9.44108e-07,4.72054e-06,0
61620.0,61625.0,61622.5,9.44108e-07,4.72054e-06,0
61645.0,61650.0,61647.5,9.34274e-07,4.67137e-06,0
61650.0,61655.0,61652.5,9.44108e-07,4.72054e-06,0
61685.0,61690.0,61687.5,2.79956e-06,1.39978e-05,0
61720.0,61725.0,61722.5,1.882984e-06,9.41492e-06,0
61725.0,61730.0,61727.5,9.82078e-07,4.91039e-06,0
61735.0,61740.0,61737.5,1.930874e-06,9.65437e-06,0
61760.0,61765.0,61762.5,1.878382e-06,9.39191e-06,0
61780.0,61785.0,61782.5,1.863672e-06,9.31836e-06,0
61790.0,61795.0,61792.5,1.869728e-06,9.34864e-06,0
61795.0,61800.0,61797.5,1.91741e-06,9.58705e-06,0
61805.0,61810.0,61807.5,9.35454e-07,4.67727e-06,0
61820.0,61825.0,61822.5,9.31836e-07,4.65918e-06,0
61845.0,61850.0,61847.5,1.89645e-06,9.48225e-06,0
61850.0,61855.0,61852.5,9.51972e-07,4.75986e-06,0
61855.0,61860.0,61857.5,1.869728e-06,9.34864e-06,0
61860.0,61865.0,61862.5,9.31012e-07,4.65506e-06,0
61875.0,61880.0,61877.5,9.82078e-07,4.91039e-06,0
61885.0,61890.0,61887.5,9.31012e-07,4.65506e-06,0
61900.0,61905.0,61902.5,9.35454e-07,4.67727e-06,0
61915.0,61920.0,61917.5,9.44108e-07,4.72054e-06,0
61930.0,61935.0,61932.5,9.35454e-07,4.67727e-06,0
61935.0,61940.0,61937.5,9.65438e-07,4.82719e-06,0
61955.0,61960.0,61957.5,9.31836e-07,4.65918e-06,0
61960.0,61965.0,61962.5,1.91741e-06,9.58705e-06,0
61965.0,61970.0,61967.5,9.44108e-07,4.72054e-06,0
61985.0,61990.0,61987.5,9.44108e-07,4.72054e-06,0
62020.0,62025.0,62022.5,9.31012e-07,4.65506e-06,0
62035.0,62040.0,62037.5,9.34274e-07,4.67137e-06,0
62050.0,62055.0,62052.5,9.51972e-07,4.75986e-06,0
62065.0,62070.0,62067.5,1.90439e-06,9.52195e-06,0
62080.0,62085.0,62082.5,9.34274e-07,4.67137e-06,0
62085.0,62090.0,62087.5,9.31836e-07,4.65918e-06,0
62095.0,62100.0,62097.5,1.866466e-06,9.33233e-06,0
62105.0,62110.0,62107.5,9.51972e-07,4.75986e-06,0
62110.0,62115.0,62112.5,9.82078e-07,4.91039e-06,0
62120.0,62125.0,62122.5,9.65578e-07,4.82789e-06,0
62125.0,62130.0,62127.5,9.34274e-07,4.67137e-06,0
62155.0,62160.0,62157.5,1.86729e-06,9.33645e-06,0
62165.0,62170.0,62167.5,9.44108e-07,4.72054e-06,0
62170.0,62175.0,62172.5,9.34274e-07,4.67137e-06,0
62195.0,62200.0,62197.5,9.34274e-07,4.67137e-06,0
62210.0,62215.0,62212.5,9.51972e-07,4.75986e-06,0
62225.0,62230.0,62227.5,1.909546e-06,9.54773e-06,0
62265.0,62270.0,62267.5,9.31836e-07,4.65918e-06,0
62270.0,62275.0,62272.5,9.35454e-07,4.67727e-06,0
62290.0,62295.0,62292.5,9.34274e-07,4.67137e-06,0
62350.0,62355.0,62352.5,9.35454e-07,4.67727e-06,0
62355.0,62360.0,62357.5,1.899852e-06,9.49926e-06,0
62385.0,62390.0,62387.5,1.908832e-06,9.54416e-06,0
62420.0,62425.0,62422.5,9.51972e-07,4.75986e-06,0
62465.0,62470.0,62467.5,9.65438e-07,4.82719e-06,0
62490.0,62495.0,62492.5,9.73378e-07,4.86689e-06,0
62525.0,62530.0,62527.5,9.65578e-07,4.82789e-06,0
62540.0,62545.0,62542.5,9.35454e-07,4.67727e-06,0
62545.0,62550.0,62547.5,9.35454e-07,4.67727e-06,0
62565.0,62570.0,62567.5,9.73378e-07,4.86689e-06,0
62575.0,62580.0,62577.5,9.65438e-07,4.82719e-06,0
62580.0,62585.0,62582.5,1.909686e-06,9.54843e-06,0
62620.0,62625.0,62622.5,9.73378e-07,4.86689e-06,0
62640.0,62645.0,62642.5,9.34274e-07,4.67137e-06,0
62645.0,62650.0,62647.5,9.44108e-07,4.72054e-06,0
62650.0,62655.0,62652.5,9.34274e-07,4.67137e-06,0
62675.0,62680.0,62677.5,9.51972e-07,4.75986e-06,0
62685.0,62690.0,62687.5,9.44108e-07,4.72054e-06,0
62725.0,62730.0,62727.5,1.879562e-06,9.39781e-06,0
62760.0,62765.0,62762.5,9.51972e-07,4.75986e-06,0
62765.0,62770.0,62767.5,9.51972e-07,4.75986e-06,0
62790.0,62795.0,62792.5,9.35454e-07,4.67727e-06,0
62800.0,62805.0,62802.5,9.44108e-07,4.72054e-06,0
62825.0,62830.0,62827.5,9.44108e-07,4.72054e-06,0
62835.0,62840.0,62837.5,9.35454e-07,4.67727e-06,0
62850.0,62855.0,62852.5,9.35454e-07,4.67727e-06,0
62865.0,62870.0,62867.5,9.35454e-07,4.67727e-06,0
62925.0,62930.0,62927.5,9.35454e-07,4.67727e-06,0
62930.0,62935.0,62932.5,9.34274e-07,4.67137e-06,0
62945.0,62950.0,62947.5,9.65438e-07,4.82719e-06,0
62950.0,62955.0,62952.5,1.886246e-06,9.43123e-06,0
62955.0,62960.0,62957.5,9.34274e-07,4.67137e-06,0
62970.0,62975.0,62972.5,9.31012e-07,4.65506e-06,0
62980.0,62985.0,62982.5,9.73378e-07,4.86689e-06,0
63000.0,63005.0,63002.5,9.51972e-07,4.75986e-06,0
63050.0,63055.0,63052.5,9.34274e-07,4.67137e-06,0
63090.0,63095.0,63092.5,9.35454e-07,4.67727e-06,0
63110.0,63115.0,63112.5,9.34274e-07,4.67137e-06,0
63155.0,63160.0,63157.5,9.65578e-07,4.82789e-06,0
63175.0,63180.0,63177.5,9.65438e-07,4.82719e-06,0
63180.0,63185.0,63182.5,9.35454e-07,4.67727e-06,0
63220.0,63225.0,63222.5,9.51972e-07,4.75986e-06,0
63290.0,63295.0,63292.5,9.44108e-07,4.72054e-06,0
63295.0,63300.0,63297.5,9.34274e-07,4.67137e-06,0
63320.0,63325.0,63322.5,9.65578e-07,4.82789e-06,0
63325.0,63330.0,63327.5,9.31836e-07,4.65918e-06,0
63345.0,63350.0,63347.5,9.31836e-07,4.65918e-06,0
63350.0,63355.0,63352.5,9.44108e-07,4.72054e-06,0
63380.0,63385.0,63382.5,9.31836e-07,4.65918e-06,0
63385.0,63390.0,63387.5,1.930874e-06,9.65437e-06,0
63400.0,63405.0,63402.5,9.51972e-07,4.75986e-06,0
63405.0,63410.0,63407.5,1.863672e-06,9.31836e-06,0
63420.0,63425.0,63422.5,9.44108e-07,4.72054e-06,0
63455.0,63460.0,63457.5,9.65438e-07,4.82719e-06,0
63465.0,63470.0,63467.5,1.887426e-06,9.43713e-06,0
63485.0,63490.0,63487.5,9.51972e-07,4.75986e-06,0
63495.0,63500.0,63497.5,9.34274e-07,4.67137e-06,0
63530.0,63535.0,63532.5,9.35454e-07,4.67727e-06,0
63540.0,63545.0,63542.5,9.31836e-07,4.65918e-06,0
63550.0,63555.0,63552.5,9.65438e-07,4.82719e-06,0
63560.0,63565.0,63562.5,1.883808e-06,9.41904e-06,0
63565.0,63570.0,63567.5,9.44108e-07,4.72054e-06,0
63570.0,63575.0,63572.5,9.31836e-07,4.65918e-06,0
63585.0,63590.0,63587.5,9.65438e-07,4.82719e-06,0
63605.0,63610.0,63607.5,9.82078e-07,4.91039e-06,0
63615.0,63620.0,63617.5,9.65578e-07,4.82789e-06,0
63635.0,63640.0,63637.5,9.31012e-07,4.65506e-06,0
63675.0,63680.0,63677.5,9.65578e-07,4.82789e-06,0
63715.0,63720.0,63717.5,9.65578e-07,4.82789e-06,0
63720.0,63725.0,63722.5,1.886246e-06,9.43123e-06,0
63745.0,63750.0,63747.5,9.35454e-07,4.67727e-06,0
63760.0,63765.0,63762.5,9.51972e-07,4.75986e-06,0
63765.0,63770.0,63767.5,9.31836e-07,4.65918e-06,0
63790.0,63795.0,63792.5,1.863672e-06,9.31836e-06,0
63800.0,63805.0,63802.5,9.65578e-07,4.82789e-06,0
63805.0,63810.0,63807.5,9.31836e-07,4.65918e-06,0
63840.0,63845.0,63842.5,9.31836e-07,4.65918e-06,0
63860.0,63865.0,63862.5,9.31012e-07,4.65506e-06,0
63865.0,63870.0,63867.5,9.51972e-07,4.75986e-06,0
63895.0,63900.0,63897.5,9.31836e-07,4.65918e-06,0
63920.0,63925.0,63922.5,9.44108e-07,4.72054e-06,0
63935.0,63940.0,63937.5,9.34274e-07,4.67137e-06,0
63950.0,63955.0,63952.5,9.51972e-07,4.75986e-06,0
63955.0,63960.0,63957.5,1.875944e-06,9.37972e-06,0
63965.0,63970.0,63967.5,9.31836e-07,4.65918e-06,0
64005.0,64010.0,64007.5,1.91741e-06,9.58705e-06,0
64030.0,64035.0,64032.5,1.888218e-06,9.44109e-06,0
64060.0,64065.0,64062.5,9.44108e-07,4.72054e-06,0
64085.0,64090.0,64087.5,9.51972e-07,4.75986e-06,0
64095.0,64100.0,64097.5,9.44108e-07,4.72054e-06,0
64105.0,64110.0,64107.5,9.35454e-07,4.67727e-06,0
64115.0,64120.0,64117.5,9.34274e-07,4.67137e-06,0
64155.0,64160.0,64157.5,9.44108e-07,4.72054e-06,0
64200.0,64205.0,64202.5,1.882984e-06,9.41492e-06,0
64205.0,64210.0,64207.5,9.44108e-07,4.72054e-06,0
64220.0,64225.0,64222.5,9.65438e-07,4.82719e-06,0
64225.0,64230.0,64227.5,9.31012e-07,4.65506e-06,0
64255.0,64260.0,64257.5,9.35454e-07,4.67727e-06,0
64270.0,64275.0,64272.5,9.82078e-07,4.91039e-06,0
64275.0,64280.0,64277.5,1.886246e-06,9.43123e-06,0
64290.0,64295.0,64292.5,9.34274e-07,4.67137e-06,0
64330.0,64335.0,64332.5,9.35454e-07,4.67727e-06,0
64355.0,64360.0,64357.5,1.883808e-06,9.41904e-06,0
64375.0,64380.0,64377.5,9.65438e-07,4.82719e-06,0
64380.0,64385.0,64382.5,9.31012e-07,4.65506e-06,0
64455.0,64460.0,64457.5,9.31836e-07,4.65918e-06,0
64460.0,64465.0,64462.5,9.44108e-07,4.72054e-06,0
64475.0,64480.0,64477.5,9.51972e-07,4.75986e-06,0
64495.0,64500.0,64497.5,9.31836e-07,4.65918e-06,0
64555.0,64560.0,64557.5,1.865286e-06,9.32643e-06,0
64575.0,64580.0,64577.5,9.73378e-07,4.86689e-06,0
64580.0,64585.0,64582.5,9.65578e-07,4.82789e-06,0
64600.0,64605.0,64602.5,1.875944e-06,9.37972e-06,0
64625.0,64630.0,64627.5,9.44108e-07,4.72054e-06,0
64675.0,64680.0,64677.5,9.35454e-07,4.67727e-06,0
64715.0,64720.0,64717.5,9.35454e-07,4.67727e-06,0
64720.0,64725.0,64722.5,9.31012e-07,4.65506e-06,0
64730.0,64735.0,64732.5,9.31012e-07,4.65506e-06,0
64745.0,64750.0,64747.5,9.44108e-07,4.72054e-06,0
64750.0,64755.0,64752.5,9.31836e-07,4.65918e-06,0
64780.0,64785.0,64782.5,9.31012e-07,4.65506e-06,0
64800.0,64805.0,64802.5,9.31012e-07,4.65506e-06,0
64830.0,64835.0,64832.5,9.31012e-07,4.65506e-06,0
64860.0,64865.0,64862.5,1.916352e-06,9.58176e-06,0
64880.0,64885.0,64882.5,9.35454e-07,4.67727e-06,0
64885.0,64890.0,64887.5,9.34274e-07,4.67137e-06,0
64905.0,64910.0,64907.5,9.65438e-07,4.82719e-06,0
64910.0,64915.0,64912.5,9.65438e-07,4.82719e-06,0
64915.0,64920.0,64917.5,9.34274e-07,4.67137e-06,0
64920.0,64925.0,64922.5,9.82078e-07,4.91039e-06,0
64940.0,64945.0,64942.5,1.897274e-06,9.48637e-06,0
65020.0,65025.0,65022.5,1.86611e-06,9.33055e-06,0
65025.0,65030.0,65027.5,1.905214e-06,9.52607e-06,0
65030.0,65035.0,65032.5,9.44108e-07,4.72054e-06,0
65040.0,65045.0,65042.5,9.73378e-07,4.86689e-06,0
65055.0,65060.0,65057.5,9.31012e-07,4.65506e-06,0
65090.0,65095.0,65092.5,9.65438e-07,4.82719e-06,0
65115.0,65120.0,65117.5,1.865286e-06,9.32643e-06,0
65125.0,65130.0,65127.5,9.44108e-07,4.72054e-06,0
65135.0,65140.0,65137.5,9.31012e-07,4.65506e-06,0
65170.0,65175.0,65172.5,9.31836e-07,4.65918e-06,0
65175.0,65180.0,65177.5,2.813836e-06,1.406918e-05,0
65180.0,65185.0,65182.5,9.65438e-07,4.82719e-06,0
65195.0,65200.0,65197.5,9.65438e-07,4.82719e-06,0
65200.0,65205.0,65202.5,9.31836e-07,4.65918e-06,0
65205.0,65210.0,65207.5,9.31836e-07,4.65918e-06,0
65210.0,65215.0,65212.5,9.31012e-07,4.65506e-06,0
65270.0,65275.0,65272.5,1.863672e-06,9.31836e-06,0
65285.0,65290.0,65287.5,9.34274e-07,4.67137e-06,0
65290.0,65295.0,65292.5,9.34274e-07,4.67137e-06,0
65340.0,65345.0,65342.5,9.44108e-07,4.72054e-06,0
65360.0,65365.0,65362.5,9.31012e-07,4.65506e-06,0
65365.0,65370.0,65367.5,9.82078e-07,4.91039e-06,0
65385.0,65390.0,65387.5,9.44108e-07,4.72054e-06,0
65395.0,65400.0,65397.5,9.34274e-07,4.67137e-06,0
65400.0,65405.0,65402.5,9.34274e-07,4.67137e-06,0
65415.0,65420.0,65417.5,9.31012e-07,4.65506e-06,0
65425.0,65430.0,65427.5,9.31836e-07,4.65918e-06,0
65450.0,65455.0,65452.5,9.51972e-07,4.75986e-06,0
65505.0,65510.0,65507.5,9.31836e-07,4.65918e-06,0
65515.0,65520.0,65517.5,9.34274e-07,4.67137e-06,0
65565.0,65570.0,65567.5,9.51972e-07,4.75986e-06,0
65570.0,65575.0,65572.5,9.82078e-07,4.91039e-06,0
65615.0,65620.0,65617.5,9.65438e-07,4.82719e-06,0
65620.0,65625.0,65622.5,9.51972e-07,4.75986e-06,0
65665.0,65670.0,65667.5,9.35454e-07,4.67727e-06,0
65685.0,65690.0,65687.5,9.44108e-07,4.72054e-06,0
65705.0,65710.0,65707.5,1.897274e-06,9.48637e-06,0
65770.0,65775.0,65772.5,9.31012e-07,4.65506e-06,0
65785.0,65790.0,65787.5,9.44108e-07,4.72054e-06,0
65790.0,65795.0,65792.5,9.31012e-07,4.65506e-06,0
65815.0,65820.0,65817.5,9.73378e-07,4.86689e-06,0
65870.0,65875.0,65872.5,9.65438e-07,4.82719e-06,0
65885.0,65890.0,65887.5,9.44108e-07,4.72054e-06,0
65915.0,65920.0,65917.5,9.31012e-07,4.65506e-06,0
65930.0,65935.0,65932.5,1.865286e-06,9.32643e-06,0
65940.0,65945.0,65942.5,9.51972e-07,4.75986e-06,0
65945.0,65950.0,65947.5,9.31836e-07,4.65918e-06,0
65950.0,65955.0,65952.5,1.955456e-06,9.77728e-06,0
66005.0,66010.0,66007.5,9.44108e-07,4.72054e-06,0
66015.0,66020.0,66017.5,9.31012e-07,4.65506e-06,0
66020.0,66025.0,66022.5,9.35454e-07,4.67727e-06,0
66050.0,66055.0,66052.5,9.51972e-07,4.75986e-06,0
66075.0,66080.0,66077.5,9.34274e-07,4.67137e-06,0
66085.0,66090.0,66087.5,2.8217e-06,1.41085e-05,0
66100.0,66105.0,66102.5,9.31012e-07,4.65506e-06,0
66165.0,66170.0,66167.5,9.31012e-07,4.65506e-06,0
66220.0,66225.0,66222.5,9.44108e-07,4.72054e-06,0
66225.0,66230.0,66227.5,9.34274e-07,4.67137e-06,0
66250.0,66255.0,66252.5,9.51972e-07,4.75986e-06,0
66255.0,66260.0,66257.5,1.883808e-06,9.41904e-06,0
66290.0,66295.0,66292.5,9.65438e-07,4.82719e-06,0
66330.0,66335.0,66332.5,9.31012e-07,4.65506e-06,0
66380.0,66385.0,66382.5,9.65578e-07,4.82789e-06,0
66385.0,66390.0,66387.5,9.65578e-07,4.82789e-06,0
66405.0,66410.0,66407.5,9.35454e-07,4.67727e-06,0
66460.0,66465.0,66462.5,9.31012e-07,4.65506e-06,0
66500.0,66505.0,66502.5,9.44108e-07,4.72054e-06,0
66515.0,66520.0,66517.5,9.51972e-07,4.75986e-06,0
66600.0,66605.0,66602.5,9.51972e-07,4.75986e-06,0
66605.0,66610.0,66607.5,9.34274e-07,4.67137e-06,0
66610.0,66615.0,66612.5,9.51972e-07,4.75986e-06,0
66620.0,66625.0,66622.5,9.35454e-07,4.67727e-06,0
66680.0,66685.0,66682.5,9.51972e-07,4.75986e-06,0
66695.0,66700.0,66697.5,9.65438e-07,4.82719e-06,0
66725.0,66730.0,66727.5,1.92535e-06,9.62675e-06,0
66735.0,66740.0,66737.5,9.34274e-07,4.67137e-06,0
66740.0,66745.0,66742.5,9.44108e-07,4.72054e-06,0
66800.0,66805.0,66802.5,9.31836e-07,4.65918e-06,0
66845.0,66850.0,66847.5,9.35454e-07,4.67727e-06,0
66935.0,66940.0,66937.5,9.34274e-07,4.67137e-06,0
66955.0,66960.0,66957.5,1.955456e-06,9.77728e-06,0
67000.0,67005.0,67002.5,9.31836e-07,4.65918e-06,0
67010.0,67015.0,67012.5,9.82078e-07,4.91039e-06,0
67020.0,67025.0,67022.5,9.31836e-07,4.65918e-06,0
67030.0,67035.0,67032.5,9.65438e-07,4.82719e-06,0
67040.0,67045.0,67042.5,9.73378e-07,4.86689e-06,0
67045.0,67050.0,67047.5,9.35454e-07,4.67727e-06,0
67065.0,67070.0,67067.5,9.51972e-07,4.75986e-06,0
67075.0,67080.0,67077.5,9.51972e-07,4.75986e-06,0
67100.0,67105.0,67102.5,9.51972e-07,4.75986e-06,0
67105.0,67110.0,67107.5,1.888218e-06,9.44109e-06,0
67110.0,67115.0,67112.5,9.35454e-07,4.67727e-06,0
67135.0,67140.0,67137.5,1.87512e-06,9.3756e-06,0
67150.0,67155.0,67152.5,9.51972e-07,4.75986e-06,0
67200.0,67205.0,67202.5,9.34274e-07,4.67137e-06,0
67230.0,67235.0,67232.5,9.31012e-07,4.65506e-06,0
67330.0,67335.0,67332.5,9.31836e-07,4.65918e-06,0
67405.0,67410.0,67407.5,9.34274e-07,4.67137e-06,0
67470.0,67475.0,67472.5,9.34274e-07,4.67137e-06,0
67505.0,67510.0,67507.5,9.31836e-07,4.65918e-06,0
67510.0,67515.0,67512.5,9.35454e-07,4.67727e-06,0
67585.0,67590.0,67587.5,9.65438e-07,4.82719e-06,0
67590.0,67595.0,67592.5,9.31012e-07,4.65506e-06,0
67610.0,67615.0,67612.5,9.31012e-07,4.65506e-06,0
67615.0,67620.0,67617.5,1.899712e-06,9.49856e-06,0
67630.0,67635.0,67632.5,1.92535e-06,9.62675e-06,0
67690.0,67695.0,67692.5,9.35454e-07,4.67727e-06,0
67695.0,67700.0,67697.5,9.31012e-07,4.65506e-06,0
67740.0,67745.0,67742.5,9.44108e-07,4.72054e-06,0
67755.0,67760.0,67757.5,9.31836e-07,4.65918e-06,0
67765.0,67770.0,67767.5,9.65438e-07,4.82719e-06,0
67795.0,67800.0,67797.5,9.44108e-07,4.72054e-06,0
67800.0,67805.0,67802.5,9.65578e-07,4.82789e-06,0
67805.0,67810.0,67807.5,9.34274e-07,4.67137e-06,0
67825.0,67830.0,67827.5,9.65438e-07,4.82719e-06,0
67890.0,67895.0,67892.5,9.34274e-07,4.67137e-06,0
67895.0,67900.0,67897.5,9.44108e-07,4.72054e-06,0
67900.0,67905.0,67902.5,9.51972e-07,4.75986e-06,0
67910.0,67915.0,67912.5,1.897274e-06,9.48637e-06,0
67990.0,67995.0,67992.5,9.51972e-07,4.75986e-06,0
68040.0,68045.0,68042.5,9.34274e-07,4.67137e-06,0
68130.0,68135.0,68132.5,1.883808e-06,9.41904e-06,0
68155.0,68160.0,68157.5,9.51972e-07,4.75986e-06,0
68205.0,68210.0,68207.5,9.73378e-07,4.86689e-06,0
68250.0,68255.0,68252.5,9.44108e-07,4.72054e-06,0
68260.0,68265.0,68262.5,9.51972e-07,4.75986e-06,0
68305.0,68310.0,68307.5,9.31012e-07,4.65506e-06,0
68310.0,68315.0,68312.5,9.51972e-07,4.75986e-06,0
68330.0,68335.0,68332.5,9.73378e-07,4.86689e-06,0
68355.0,68360.0,68357.5,9.51972e-07,4.75986e-06,0
68375.0,68380.0,68377.5,9.35454e-07,4.67727e-06,0
68390.0,68395.0,68392.5,9.51972e-07,4.75986e-06,0
68500.0,68505.0,68502.5,9.51972e-07,4.75986e-06,0
68525.0,68530.0,68527.5,9.31836e-07,4.65918e-06,0
68545.0,68550.0,68547.5,9.31836e-07,4.65918e-06,0
68550.0,68555.0,68552.5,9.35454e-07,4.67727e-06,0
68585.0,68590.0,68587.5,9.35454e-07,4.67727e-06,0
68640.0,68645.0,68642.5,9.44108e-07,4.72054e-06,0
68700.0,68705.0,68702.5,9.34274e-07,4.67137e-06,0
68715.0,68720.0,68717.5,9.31012e-07,4.65506e-06,0
68745.0,68750.0,68747.5,9.31836e-07,4.65918e-06,0
68750.0,68755.0,68752.5,9.51972e-07,4.75986e-06,0
68765.0,68770.0,68767.5,9.31012e-07,4.65506e-06,0
68775.0,68780.0,68777.5,9.82078e-07,4.91039e-06,0
68805.0,68810.0,68807.5,9.73378e-07,4.86689e-06,0
68840.0,68845.0,68842.5,9.44108e-07,4.72054e-06,0
69000.0,69005.0,69002.5,1.863672e-06,9.31836e-06,0
69015.0,69020.0,69017.5,9.65438e-07,4.82719e-06,0
69020.0,69025.0,69022.5,9.34274e-07,4.67137e-06,0
69025.0,69030.0,69027.5,1.905214e-06,9.52607e-06,0
69030.0,69035.0,69032.5,9.44108e-07,4.72054e-06,0
69070.0,69075.0,69072.5,9.82078e-07,4.91039e-06,0
69080.0,69085.0,69082.5,9.31012e-07,4.65506e-06,0
69095.0,69100.0,69097.5,9.31836e-07,4.65918e-06,0
69105.0,69110.0,69107.5,9.31012e-07,4.65506e-06,0
69120.0,69125.0,69122.5,9.44108e-07,4.72054e-06,0
69155.0,69160.0,69157.5,9.82078e-07,4.91039e-06,0
69160.0,69165.0,69162.5,9.51972e-07,4.75986e-06,0
69180.0,69185.0,69182.5,9.31012e-07,4.65506e-06,0
69195.0,69200.0,69197.5,1.91741e-06,9.58705e-06,0
69205.0,69210.0,69207.5,9.34274e-07,4.67137e-06,0
69225.0,69230.0,69227.5,9.31012e-07,4.65506e-06,0
69235.0,69240.0,69237.5,9.82078e-07,4.91039e-06,0
69245.0,69250.0,69247.5,9.82078e-07,4.91039e-06,0
69270.0,69275.0,69272.5,9.31836e-07,4.65918e-06,0
69275.0,69280.0,69277.5,9.34274e-07,4.67137e-06,0
69280.0,69285.0,69282.5,9.73378e-07,4.86689e-06,0
69290.0,69295.0,69292.5,9.35454e-07,4.67727e-06,0
69370.0,69375.0,69372.5,9.35454e-07,4.67727e-06,0
69415.0,69420.0,69417.5,9.34274e-07,4.67137e-06,0
69455.0,69460.0,69457.5,9.31012e-07,4.65506e-06,0
69495.0,69500.0,69497.5,9.51972e-07,4.75986e-06,0
69500.0,69505.0,69502.5,9.82078e-07,4.91039e-06,0
69510.0,69515.0,69512.5,1.930874e-06,9.65437e-06,0
69535.0,69540.0,69537.5,9.44108e-07,4.72054e-06,0
69550.0,69555.0,69552.5,9.31836e-07,4.65918e-06,0
69555.0,69560.0,69557.5,9.31836e-07,4.65918e-06,0
69560.0,69565.0,69562.5,9.35454e-07,4.67727e-06,0
69565.0,69570.0,69567.5,9.51972e-07,4.75986e-06,0
69615.0,69620.0,69617.5,9.31012e-07,4.65506e-06,0
69625.0,69630.0,69627.5,9.35454e-07,4.67727e-06,0
69630.0,69635.0,69632.5,9.31012e-07,4.65506e-06,0
69645.0,69650.0,69647.5,9.82078e-07,4.91039e-06,0
69685.0,69690.0,69687.5,9.44108e-07,4.72054e-06,0
69705.0,69710.0,69707.5,9.35454e-07,4.67727e-06,0
69725.0,69730.0,69727.5,9.31836e-07,4.65918e-06,0
69735.0,69740.0,69737.5,1.909546e-06,9.54773e-06,0
69755.0,69760.0,69757.5,9.44108e-07,4.72054e-06,0
69810.0,69815.0,69812.5,9.34274e-07,4.67137e-06,0
69820.0,69825.0,69822.5,9.51972e-07,4.75986e-06,0
69850.0,69855.0,69852.5,9.34274e-07,4.67137e-06,0
69860.0,69865.0,69862.5,9.31836e-07,4.65918e-06,0
69865.0,69870.0,69867.5,9.31012e-07,4.65506e-06,0
69875.0,69880.0,69877.5,9.51972e-07,4.75986e-06,0
69925.0,69930.0,69927.5,9.31836e-07,4.65918e-06,0
69935.0,69940.0,69937.5,9.44108e-07,4.72054e-06,0
69940.0,69945.0,69942.5,9.34274e-07,4.67137e-06,0
69985.0,69990.0,69987.5,9.51972e-07,4.75986e-06,0
70000.0,70005.0,70002.5,9.65438e-07,4.82719e-06,0
70120.0,70125.0,70122.5,9.35454e-07,4.67727e-06,0
70155.0,70160.0,70157.5,9.73378e-07,4.86689e-06,0
70160.0,70165.0,70162.5,9.35454e-07,4.67727e-06,0
70240.0,70245.0,70242.5,9.65438e-07,4.82719e-06,0
70265.0,70270.0,70267.5,9.73378e-07,4.86689e-06,0
70315.0,70320.0,70317.5,9.35454e-07,4.67727e-06,0
70390.0,70395.0,70392.5,9.73378e-07,4.86689e-06,0
70410.0,70415.0,70412.5,9.34274e-07,4.67137e-06,0
70495.0,70500.0,70497.5,9.35454e-07,4.67727e-06,0
70500.0,70505.0,70502.5,9.44108e-07,4.72054e-06,0
70530.0,70535.0,70532.5,9.51972e-07,4.75986e-06,0
70575.0,70580.0,70577.5,9.44108e-07,4.72054e-06,0
70595.0,70600.0,70597.5,9.44108e-07,4.72054e-06,0
70620.0,70625.0,70622.5,9.35454e-07,4.67727e-06,0
70700.0,70705.0,70702.5,9.35454e-07,4.67727e-06,0
70725.0,70730.0,70727.5,9.34274e-07,4.67137e-06,0
70865.0,70870.0,70867.5,9.35454e-07,4.67727e-06,0
70880.0,70885.0,70882.5,9.34274e-07,4.67137e-06,0
70945.0,70950.0,70947.5,9.65438e-07,4.82719e-06,0
70990.0,70995.0,70992.5,9.51972e-07,4.75986e-06,0
71040.0,71045.0,71042.5,9.35454e-07,4.67727e-06,0
71070.0,71075.0,71072.5,9.34274e-07,4.67137e-06,0
71100.0,71105.0,71102.5,9.31836e-07,4.65918e-06,0
71120.0,71125.0,71122.5,9.31836e-07,4.65918e-06,0
71125.0,71130.0,71127.5,9.44108e-07,4.72054e-06,0
71150.0,71155.0,71152.5,9.31836e-07,4.65918e-06,0
71160.0,71165.0,71162.5,9.65438e-07,4.82719e-06,0
71175.0,71180.0,71177.5,9.51972e-07,4.75986e-06,0
71180.0,71185.0,71182.5,9.31836e-07,4.65918e-06,0
71235.0,71240.0,71237.5,9.51972e-07,4.75986e-06,0
71260.0,71265.0,71262.5,9.51972e-07,4.75986e-06,0
71305.0,71310.0,71307.5,9.35454e-07,4.67727e-06,0
71315.0,71320.0,71317.5,9.31836e-07,4.65918e-06,0
71330.0,71335.0,71332.5,9.51972e-07,4.75986e-06,0
71335.0,71340.0,71337.5,1.875944e-06,9.37972e-06,0
71340.0,71345.0,71342.5,9.31836e-07,4.65918e-06,0
71390.0,71395.0,71392.5,9.65578e-07,4.82789e-06,0
71490.0,71495.0,71492.5,9.65578e-07,4.82789e-06,0
71495.0,71500.0,71497.5,1.886246e-06,9.43123e-06,0
71520.0,71525.0,71522.5,9.35454e-07,4.67727e-06,0
71530.0,71535.0,71532.5,9.51972e-07,4.75986e-06,0
71540.0,71545.0,71542.5,9.31836e-07,4.65918e-06,0
71560.0,71565.0,71562.5,9.31836e-07,4.65918e-06,0
71575.0,71580.0,71577.5,1.897414e-06,9.48707e-06,0
71630.0,71635.0,71632.5,9.31012e-07,4.65506e-06,0
71635.0,71640.0,71637.5,9.51972e-07,4.75986e-06,0
71690.0,71695.0,71692.5,9.44108e-07,4.72054e-06,0
71735.0,71740.0,71737.5,9.31836e-07,4.65918e-06,0
71775.0,71780.0,71777.5,9.51972e-07,4.75986e-06,0
71780.0,71785.0,71782.5,9.65438e-07,4.82719e-06,0
71830.0,71835.0,71832.5,9.44108e-07,4.72054e-06,0
71925.0,71930.0,71927.5,9.44108e-07,4.72054e-06,0
71970.0,71975.0,71972.5,9.51972e-07,4.75986e-06,0
71975.0,71980.0,71977.5,9.44108e-07,4.72054e-06,0
71995.0,72000.0,71997.5,9.31012e-07,4.65506e-06,0
72040.0,72045.0,72042.5,9.82078e-07,4.91039e-06,0
72045.0,72050.0,72047.5,9.51972e-07,4.75986e-06,0
72065.0,72070.0,72067.5,9.34274e-07,4.67137e-06,0
72125.0,72130.0,72127.5,9.51972e-07,4.75986e-06,0
72245.0,72250.0,72247.5,9.51972e-07,4.75986e-06,0
72355.0,72360.0,72357.5,9.65578e-07,4.82789e-06,0
72375.0,72380.0,72377.5,9.31836e-07,4.65918e-06,0
72395.0,72400.0,72397.5,9.44108e-07,4.72054e-06,0
72450.0,72455.0,72452.5,9.35454e-07,4.67727e-06,0
72485.0,72490.0,72487.5,9.35454e-07,4.67727e-06,0
72515.0,72520.0,72517.5,9.44108e-07,4.72054e-06,0
72550.0,72555.0,72552.5,9.31012e-07,4.65506e-06,0
72600.0,72605.0,72602.5,9.31012e-07,4.65506e-06,0
72630.0,72635.0,72632.5,1.916352e-06,9.58176e-06,0
72655.0,72660.0,72657.5,1.869728e-06,9.34864e-06,0
72675.0,72680.0,72677.5,9.65438e-07,4.82719e-06,0
72680.0,72685.0,72682.5,9.65438e-07,4.82719e-06,0
72690.0,72695.0,72692.5,9.82078e-07,4.91039e-06,0
72790.0,72795.0,72792.5,9.34274e-07,4.67137e-06,0
72800.0,72805.0,72802.5,9.44108e-07,4.72054e-06,0
72810.0,72815.0,72812.5,9.73378e-07,4.86689e-06,0
72830.0,72835.0,72832.5,9.31012e-07,4.65506e-06,0
72860.0,72865.0,72862.5,9.65438e-07,4.82719e-06,0
72885.0,72890.0,72887.5,9.34274e-07,4.67137e-06,0
72890.0,72895.0,72892.5,9.31012e-07,4.65506e-06,0
72910.0,72915.0,72912.5,9.31012e-07,4.65506e-06,0
72945.0,72950.0,72947.5,2.801564e-06,1.400782e-05,0
72950.0,72955.0,72952.5,9.44108e-07,4.72054e-06,0
72955.0,72960.0,72957.5,9.65438e-07,4.82719e-06,0
72970.0,72975.0,72972.5,1.897274e-06,9.48637e-06,0
72980.0,72985.0,72982.5,9.31836e-07,4.65918e-06,0
72985.0,72990.0,72987.5,9.31012e-07,4.65506e-06,0
73040.0,73045.0,73042.5,9.31836e-07,4.65918e-06,0
73060.0,73065.0,73062.5,1.868548e-06,9.34274e-06,0
73135.0,73140.0,73137.5,9.31012e-07,4.65506e-06,0
73155.0,73160.0,73157.5,9.44108e-07,4.72054e-06,0
73170.0,73175.0,73172.5,9.34274e-07,4.67137e-06,0
73190.0,73195.0,73192.5,9.31012e-07,4.65506e-06,0
73195.0,73200.0,73197.5,9.31836e-07,4.65918e-06,0
73335.0,73340.0,73337.5,9.51972e-07,4.75986e-06,0
73385.0,73390.0,73387.5,9.65438e-07,4.82719e-06,0
73390.0,73395.0,73392.5,9.51972e-07,4.75986e-06,0
73435.0,73440.0,73437.5,9.35454e-07,4.67727e-06,0
73560.0,73565.0,73562.5,9.31012e-07,4.65506e-06,0
73640.0,73645.0,73642.5,9.65438e-07,4.82719e-06,0
73660.0,73665.0,73662.5,9.44108e-07,4.72054e-06,0
73685.0,73690.0,73687.5,9.31012e-07,4.65506e-06,0
73700.0,73705.0,73702.5,9.34274e-07,4.67137e-06,0
73720.0,73725.0,73722.5,9.82078e-07,4.91039e-06,0
73785.0,73790.0,73787.5,9.31012e-07,4.65506e-06,0
73790.0,73795.0,73792.5,9.35454e-07,4.67727e-06,0
73995.0,74000.0,73997.5,9.34274e-07,4.67137e-06,0
74030.0,74035.0,74032.5,9.51972e-07,4.75986e-06,0
74100.0,74105.0,74102.5,9.31012e-07,4.65506e-06,0
74150.0,74155.0,74152.5,9.65578e-07,4.82789e-06,0
74160.0,74165.0,74162.5,9.65578e-07,4.82789e-06,0
74275.0,74280.0,74277.5,9.44108e-07,4.72054e-06,0
74290.0,74295.0,74292.5,9.51972e-07,4.75986e-06,0
74370.0,74375.0,74372.5,9.51972e-07,4.75986e-06,0
74380.0,74385.0,74382.5,9.34274e-07,4.67137e-06,0
74395.0,74400.0,74397.5,9.35454e-07,4.67727e-06,0
74505.0,74510.0,74507.5,9.34274e-07,4.67137e-06,0
74510.0,74515.0,74512.5,9.44108e-07,4.72054e-06,0
74570.0,74575.0,74572.5,9.31836e-07,4.65918e-06,0
74615.0,74620.0,74617.5,9.35454e-07,4.67727e-06,0
74705.0,74710.0,74707.5,9.34274e-07,4.67137e-06,0
74725.0,74730.0,74727.5,9.82078e-07,4.91039e-06,0
74730.0,74735.0,74732.5,9.73378e-07,4.86689e-06,0
74780.0,74785.0,74782.5,9.82078e-07,4.91039e-06,0
74795.0,74800.0,74797.5,9.31836e-07,4.65918e-06,0
74800.0,74805.0,74802.5,9.65438e-07,4.82719e-06,0
74835.0,74840.0,74837.5,9.51972e-07,4.75986e-06,0
74850.0,74855.0,74852.5,9.51972e-07,4.75986e-06,0
74905.0,74910.0,74907.5,9.44108e-07,4.72054e-06,0
74910.0,74915.0,74912.5,9.31012e-07,4.65506e-06,0
74970.0,74975.0,74972.5,9.34274e-07,4.67137e-06,0
75005.0,75010.0,75007.5,9.31012e-07,4.65506e-06,0
75245.0,75250.0,75247.5,9.34274e-07,4.67137e-06,0
75280.0,75285.0,75282.5,9.31836e-07,4.65918e-06,0
75385.0,75390.0,75387.5,1.865286e-06,9.32643e-06,0
75400.0,75405.0,75402.5,9.51972e-07,4.75986e-06,0
75465.0,75470.0,75467.5,1.865286e-06,9.32643e-06,0
75530.0,75535.0,75532.5,9.31836e-07,4.65918e-06,0
75570.0,75575.0,75572.5,1.909686e-06,9.54843e-06,0
75595.0,75600.0,75597.5,9.65438e-07,4.82719e-06,0
75665.0,75670.0,75667.5,1.878382e-06,9.39191e-06,0
75675.0,75680.0,75677.5,9.51972e-07,4.75986e-06,0
75680.0,75685.0,75682.5,9.65438e-07,4.82719e-06,0
75765.0,75770.0,75767.5,9.51972e-07,4.75986e-06,0
75905.0,75910.0,75907.5,9.51972e-07,4.75986e-06,0
75925.0,75930.0,75927.5,9.51972e-07,4.75986e-06,0
75975.0,75980.0,75977.5,9.73378e-07,4.86689e-06,0
76025.0,76030.0,76027.5,9.44108e-07,4.72054e-06,0
76075.0,76080.0,76077.5,9.31012e-07,4.65506e-06,0
76080.0,76085.0,76082.5,9.51972e-07,4.75986e-06,0
76125.0,76130.0,76127.5,9.51972e-07,4.75986e-06,0
76145.0,76150.0,76147.5,9.35454e-07,4.67727e-06,0
76270.0,76275.0,76272.5,9.51972e-07,4.75986e-06,0
76295.0,76300.0,76297.5,9.31836e-07,4.65918e-06,0
76355.0,76360.0,76357.5,9.35454e-07,4.67727e-06,0
76520.0,76525.0,76522.5,9.51972e-07,4.75986e-06,0
76540.0,76545.0,76542.5,9.31012e-07,4.65506e-06,0
76615.0,76620.0,76617.5,9.44108e-07,4.72054e-06,0
76770.0,76775.0,76772.5,9.31836e-07,4.65918e-06,0
76785.0,76790.0,76787.5,9.65438e-07,4.82719e-06,0
76795.0,76800.0,76797.5,9.31836e-07,4.65918e-06,0
76805.0,76810.0,76807.5,9.44108e-07,4.72054e-06,0
76850.0,76855.0,76852.5,9.31012e-07,4.65506e-06,0
76890.0,76895.0,76892.5,9.44108e-07,4.72054e-06,0
76950.0,76955.0,76952.5,9.31012e-07,4.65506e-06,0
76970.0,76975.0,76972.5,9.65438e-07,4.82719e-06,0
76975.0,76980.0,76977.5,9.34274e-07,4.67137e-06,0
76995.0,77000.0,76997.5,9.31012e-07,4.65506e-06,0
77005.0,77010.0,77007.5,9.82078e-07,4.91039e-06,0
77040.0,77045.0,77042.5,9.31836e-07,4.65918e-06,0
77045.0,77050.0,77047.5,9.34274e-07,4.67137e-06,0
77050.0,77055.0,77052.5,9.73378e-07,4.86689e-06,0
77140.0,77145.0,77142.5,9.35454e-07,4.67727e-06,0
77265.0,77270.0,77267.5,9.51972e-07,4.75986e-06,0
77270.0,77275.0,77272.5,9.82078e-07,4.91039e-06,0
77280.0,77285.0,77282.5,9.65438e-07,4.82719e-06,0
77335.0,77340.0,77337.5,9.35454e-07,4.67727e-06,0
77405.0,77410.0,77407.5,9.31012e-07,4.65506e-06,0
77420.0,77425.0,77422.5,9.82078e-07,4.91039e-06,0
77460.0,77465.0,77462.5,9.44108e-07,4.72054e-06,0
77475.0,77480.0,77477.5,9.35454e-07,4.67727e-06,0
77505.0,77510.0,77507.5,9.65438e-07,4.82719e-06,0
77530.0,77535.0,77532.5,9.44108e-07,4.72054e-06,0
77580.0,77585.0,77582.5,9.34274e-07,4.67137e-06,0
77595.0,77600.0,77597.5,9.51972e-07,4.75986e-06,0
77625.0,77630.0,77627.5,9.34274e-07,4.67137e-06,0
77630.0,77635.0,77632.5,9.31836e-07,4.65918e-06,0
77640.0,77645.0,77642.5,9.31012e-07,4.65506e-06,0
77645.0,77650.0,77647.5,9.51972e-07,4.75986e-06,0
77715.0,77720.0,77717.5,9.34274e-07,4.67137e-06,0
77895.0,77900.0,77897.5,9.35454e-07,4.67727e-06,0
77930.0,77935.0,77932.5,1.908832e-06,9.54416e-06,0
78010.0,78015.0,78012.5,9.65438e-07,4.82719e-06,0
78085.0,78090.0,78087.5,9.35454e-07,4.67727e-06,0
78180.0,78185.0,78182.5,9.34274e-07,4.67137e-06,0
78370.0,78375.0,78372.5,9.44108e-07,4.72054e-06,0
78395.0,78400.0,78397.5,9.35454e-07,4.67727e-06,0
78555.0,78560.0,78557.5,9.31836e-07,4.65918e-06,0
78635.0,78640.0,78637.5,9.35454e-07,4.67727e-06,0
78655.0,78660.0,78657.5,9.34274e-07,4.67137e-06,0
78810.0,78815.0,78812.5,9.35454e-07,4.67727e-06,0
78840.0,78845.0,78842.5,9.34274e-07,4.67137e-06,0
78870.0,78875.0,78872.5,9.31836e-07,4.65918e-06,0
78890.0,78895.0,78892.5,9.31836e-07,4.65918e-06,0
78895.0,78900.0,78897.5,9.44108e-07,4.72054e-06,0
78930.0,78935.0,78932.5,9.65438e-07,4.82719e-06,0
78945.0,78950.0,78947.5,9.51972e-07,4.75986e-06,0
78950.0,78955.0,78952.5,9.31836e-07,4.65918e-06,0
79030.0,79035.0,79032.5,9.51972e-07,4.75986e-06,0
79105.0,79110.0,79107.5,9.51972e-07,4.75986e-06,0
79110.0,79115.0,79112.5,9.44108e-07,4.72054e-06,0
79115.0,79120.0,79117.5,9.31836e-07,4.65918e-06,0
79265.0,79270.0,79267.5,1.886246e-06,9.43123e-06,0
79290.0,79295.0,79292.5,9.35454e-07,4.67727e-06,0
79300.0,79305.0,79302.5,9.51972e-07,4.75986e-06,0
79310.0,79315.0,79312.5,9.31836e-07,4.65918e-06,0
79345.0,79350.0,79347.5,9.65578e-07,4.82789e-06,0
79350.0,79355.0,79352.5,9.31836e-07,4.65918e-06,0
79405.0,79410.0,79407.5,9.31012e-07,4.65506e-06,0
79410.0,79415.0,79412.5,9.51972e-07,4.75986e-06,0
79550.0,79555.0,79552.5,9.51972e-07,4.75986e-06,0
79600.0,79605.0,79602.5,9.44108e-07,4.72054e-06,0
79700.0,79705.0,79702.5,9.44108e-07,4.72054e-06,0
79750.0,79755.0,79752.5,9.44108e-07,4.72054e-06,0
79770.0,79775.0,79772.5,9.31012e-07,4.65506e-06,0
79815.0,79820.0,79817.5,9.82078e-07,4.91039e-06,0
79820.0,79825.0,79822.5,9.51972e-07,4.75986e-06,0
79835.0,79840.0,79837.5,9.34274e-07,4.67137e-06,0
80145.0,80150.0,80147.5,9.31836e-07,4.65918e-06,0
80165.0,80170.0,80167.5,9.44108e-07,4.72054e-06,0
80220.0,80225.0,80222.5,9.35454e-07,4.67727e-06,0
80255.0,80260.0,80257.5,9.35454e-07,4.67727e-06,0
80290.0,80295.0,80292.5,9.44108e-07,4.72054e-06,0
80325.0,80330.0,80327.5,9.31012e-07,4.65506e-06,0
80375.0,80380.0,80377.5,9.31012e-07,4.65506e-06,0
80400.0,80405.0,80402.5,9.82078e-07,4.91039e-06,0
80425.0,80430.0,80427.5,1.869728e-06,9.34864e-06,0
80445.0,80450.0,80447.5,9.65438e-07,4.82719e-06,0
80600.0,80605.0,80602.5,9.31012e-07,4.65506e-06,0
80660.0,80665.0,80662.5,9.31012e-07,4.65506e-06,0
80720.0,80725.0,80722.5,2.813836e-06,1.406918e-05,0
80745.0,80750.0,80747.5,9.31836e-07,4.65918e-06,0
80755.0,80760.0,80757.5,9.31012e-07,4.65506e-06,0
80815.0,80820.0,80817.5,9.31836e-07,4.65918e-06,0
80835.0,80840.0,80837.5,9.34274e-07,4.67137e-06,0
80945.0,80950.0,80947.5,9.34274e-07,4.67137e-06,0
80960.0,80965.0,80962.5,9.31012e-07,4.65506e-06,0
80970.0,80975.0,80972.5,9.31836e-07,4.65918e-06,0
81110.0,81115.0,81112.5,9.51972e-07,4.75986e-06,0
81155.0,81160.0,81157.5,9.65438e-07,4.82719e-06,0
81210.0,81215.0,81212.5,9.35454e-07,4.67727e-06,0
81415.0,81420.0,81417.5,9.65438e-07,4.82719e-06,0
81490.0,81495.0,81492.5,9.82078e-07,4.91039e-06,0
81565.0,81570.0,81567.5,9.35454e-07,4.67727e-06,0
81770.0,81775.0,81772.5,9.34274e-07,4.67137e-06,0
81875.0,81880.0,81877.5,9.31012e-07,4.65506e-06,0
81920.0,81925.0,81922.5,9.65578e-07,4.82789e-06,0
82060.0,82065.0,82062.5,9.51972e-07,4.75986e-06,0
82140.0,82145.0,82142.5,9.51972e-07,4.75986e-06,0
82280.0,82285.0,82282.5,9.44108e-07,4.72054e-06,0
82480.0,82485.0,82482.5,9.34274e-07,4.67137e-06,0
82555.0,82560.0,82557.5,9.82078e-07,4.91039e-06,0
82610.0,82615.0,82612.5,9.51972e-07,4.75986e-06,0
82745.0,82750.0,82747.5,9.34274e-07,4.67137e-06,0
82775.0,82780.0,82777.5,9.31012e-07,4.65506e-06,0
83050.0,83055.0,83052.5,9.31836e-07,4.65918e-06,0
83155.0,83160.0,83157.5,9.31012e-07,4.65506e-06,0
83175.0,83180.0,83177.5,9.51972e-07,4.75986e-06,0
83235.0,83240.0,83237.5,1.865286e-06,9.32643e-06,0
83300.0,83305.0,83302.5,9.31836e-07,4.65918e-06,0
83340.0,83345.0,83342.5,9.65578e-07,4.82789e-06,0
83455.0,83460.0,83457.5,9.65438e-07,4.82719e-06,0
83700.0,83705.0,83702.5,9.51972e-07,4.75986e-06,0
83795.0,83800.0,83797.5,9.44108e-07,4.72054e-06,0
83895.0,83900.0,83897.5,9.51972e-07,4.75986e-06,0
84045.0,84050.0,84047.5,9.51972e-07,4.75986e-06,0
84310.0,84315.0,84312.5,9.31012e-07,4.65506e-06,0
84425.0,84430.0,84427.5,9.44108e-07,4.72054e-06,0
84545.0,84550.0,84547.5,9.31836e-07,4.65918e-06,0
84560.0,84565.0,84562.5,9.65438e-07,4.82719e-06,0
84565.0,84570.0,84567.5,9.31836e-07,4.65918e-06,0
84575.0,84580.0,84577.5,9.44108e-07,4.72054e-06,0
84665.0,84670.0,84667.5,9.44108e-07,4.72054e-06,0
84740.0,84745.0,84742.5,9.65438e-07,4.82719e-06,0
84765.0,84770.0,84767.5,9.31012e-07,4.65506e-06,0
84820.0,84825.0,84822.5,1.907652e-06,9.53826e-06,0
84915.0,84920.0,84917.5,9.35454e-07,4.67727e-06,0
85105.0,85110.0,85107.5,9.35454e-07,4.67727e-06,0
85250.0,85255.0,85252.5,9.35454e-07,4.67727e-06,0
85280.0,85285.0,85282.5,9.65438e-07,4.82719e-06,0
85300.0,85305.0,85302.5,9.44108e-07,4.72054e-06,0
85355.0,85360.0,85357.5,9.34274e-07,4.67137e-06,0
85400.0,85405.0,85402.5,9.31836e-07,4.65918e-06,0
85485.0,85490.0,85487.5,9.34274e-07,4.67137e-06,0
85665.0,85670.0,85667.5,9.35454e-07,4.67727e-06,0
85700.0,85705.0,85702.5,9.35454e-07,4.67727e-06,0
85955.0,85960.0,85957.5,9.34274e-07,4.67137e-06,0
86140.0,86145.0,86142.5,9.44108e-07,4.72054e-06,0
86325.0,86330.0,86327.5,9.31836e-07,4.65918e-06,0
86405.0,86410.0,86407.5,9.35454e-07,4.67727e-06,0
86425.0,86430.0,86427.5,9.34274e-07,4.67137e-06,0
86585.0,86590.0,86587.5,9.35454e-07,4.67727e-06,0
86615.0,86620.0,86617.5,9.34274e-07,4.67137e-06,0
86670.0,86675.0,86672.5,9.44108e-07,4.72054e-06,0
86715.0,86720.0,86717.5,9.51972e-07,4.75986e-06,0
86725.0,86730.0,86727.5,9.31836e-07,4.65918e-06,0
86875.0,86880.0,86877.5,9.51972e-07,4.75986e-06,0
86885.0,86890.0,86887.5,9.31836e-07,4.65918e-06,0
87035.0,87040.0,87037.5,9.51972e-07,4.75986e-06,0
87065.0,87070.0,87067.5,9.35454e-07,4.67727e-06,0
87080.0,87085.0,87082.5,9.31836e-07,4.65918e-06,0
87120.0,87125.0,87122.5,9.31836e-07,4.65918e-06,0
87175.0,87180.0,87177.5,9.31012e-07,4.65506e-06,0
87180.0,87185.0,87182.5,9.51972e-07,4.75986e-06,0
87320.0,87325.0,87322.5,9.51972e-07,4.75986e-06,0
87375.0,87380.0,87377.5,9.44108e-07,4.72054e-06,0
87540.0,87545.0,87542.5,9.31012e-07,4.65506e-06,0
87585.0,87590.0,87587.5,9.82078e-07,4.91039e-06,0
87590.0,87595.0,87592.5,1.886246e-06,9.43123e-06,0
87915.0,87920.0,87917.5,9.31836e-07,4.65918e-06,0
87940.0,87945.0,87942.5,9.44108e-07,4.72054e-06,0
88030.0,88035.0,88032.5,9.35454e-07,4.67727e-06,0
88060.0,88065.0,88062.5,9.44108e-07,4.72054e-06,0
88095.0,88100.0,88097.5,9.31012e-07,4.65506e-06,0
88145.0,88150.0,88147.5,9.31012e-07,4.65506e-06,0
88175.0,88180.0,88177.5,9.82078e-07,4.91039e-06,0
88195.0,88200.0,88197.5,9.35454e-07,4.67727e-06,0
88220.0,88225.0,88222.5,9.65438e-07,4.82719e-06,0
88295.0,88300.0,88297.5,9.34274e-07,4.67137e-06,0
88375.0,88380.0,88377.5,9.31012e-07,4.65506e-06,0
88490.0,88495.0,88492.5,9.34274e-07,4.67137e-06,0
88495.0,88500.0,88497.5,9.44108e-07,4.72054e-06,0
88515.0,88520.0,88517.5,9.31836e-07,4.65918e-06,0
88585.0,88590.0,88587.5,9.31836e-07,4.65918e-06,0
88715.0,88720.0,88717.5,9.34274e-07,4.67137e-06,0
88735.0,88740.0,88737.5,9.31012e-07,4.65506e-06,0
88740.0,88745.0,88742.5,9.31836e-07,4.65918e-06,0
88880.0,88885.0,88882.5,9.51972e-07,4.75986e-06,0
88980.0,88985.0,88982.5,9.35454e-07,4.67727e-06,0
89540.0,89545.0,89542.5,9.34274e-07,4.67137e-06,0
89645.0,89650.0,89647.5,9.31012e-07,4.65506e-06,0
89835.0,89840.0,89837.5,9.51972e-07,4.75986e-06,0
89915.0,89920.0,89917.5,9.51972e-07,4.75986e-06,0
90380.0,90385.0,90382.5,9.51972e-07,4.75986e-06,0
90515.0,90520.0,90517.5,9.34274e-07,4.67137e-06,0
90925.0,90930.0,90927.5,9.31012e-07,4.65506e-06,0
90945.0,90950.0,90947.5,9.51972e-07,4.75986e-06,0
91005.0,91010.0,91007.5,9.34274e-07,4.67137e-06,0
91010.0,91015.0,91012.5,9.31012e-07,4.65506e-06,0
91115.0,91120.0,91117.5,9.65578e-07,4.82789e-06,0
91225.0,91230.0,91227.5,9.65438e-07,4.82719e-06,0
91470.0,91475.0,91472.5,9.51972e-07,4.75986e-06,0
91565.0,91570.0,91567.5,9.44108e-07,4.72054e-06,0
91815.0,91820.0,91817.5,9.51972e-07,4.75986e-06,0
92080.0,92085.0,92082.5,9.31012e-07,4.65506e-06,0
92195.0,92200.0,92197.5,9.44108e-07,4.72054e-06,0
92315.0,92320.0,92317.5,9.31836e-07,4.65918e-06,0
92340.0,92345.0,92342.5,9.31836e-07,4.65918e-06,0
92540.0,92545.0,92542.5,9.31012e-07,4.65506e-06,0
93050.0,93055.0,93052.5,9.65438e-07,4.82719e-06,0
93175.0,93180.0,93177.5,9.31836e-07,4.65918e-06,0
93255.0,93260.0,93257.5,9.34274e-07,4.67137e-06,0
93475.0,93480.0,93477.5,9.35454e-07,4.67727e-06,0
93725.0,93730.0,93727.5,9.34274e-07,4.67137e-06,0
93910.0,93915.0,93912.5,9.44108e-07,4.72054e-06,0
94095.0,94100.0,94097.5,9.31836e-07,4.65918e-06,0
94355.0,94360.0,94357.5,9.35454e-07,4.67727e-06,0
94385.0,94390.0,94387.5,9.34274e-07,4.67137e-06,0
94490.0,94495.0,94492.5,9.51972e-07,4.75986e-06,0
94495.0,94500.0,94497.5,9.31836e-07,4.65918e-06,0
94660.0,94665.0,94662.5,9.31836e-07,4.65918e-06,0
94810.0,94815.0,94812.5,9.51972e-07,4.75986e-06,0
94835.0,94840.0,94837.5,9.35454e-07,4.67727e-06,0
94855.0,94860.0,94857.5,9.31836e-07,4.65918e-06,0
94950.0,94955.0,94952.5,9.31012e-07,4.65506e-06,0
94955.0,94960.0,94957.5,9.51972e-07,4.75986e-06,0
95145.0,95150.0,95147.5,9.44108e-07,4.72054e-06,0
95310.0,95315.0,95312.5,9.31012e-07,4.65506e-06,0
95360.0,95365.0,95362.5,9.82078e-07,4.91039e-06,0
95365.0,95370.0,95367.5,1.886246e-06,9.43123e-06,0
95830.0,95835.0,95832.5,9.44108e-07,4.72054e-06,0
95945.0,95950.0,95947.5,9.82078e-07,4.91039e-06,0
95970.0,95975.0,95972.5,9.35454e-07,4.67727e-06,0
95990.0,95995.0,95992.5,9.65438e-07,4.82719e-06,0
96070.0,96075.0,96072.5,9.34274e-07,4.67137e-06,0
96265.0,96270.0,96267.5,9.44108e-07,4.72054e-06,0
96650.0,96655.0,96652.5,9.51972e-07,4.75986e-06,0
96755.0,96760.0,96757.5,9.35454e-07,4.67727e-06,0
97605.0,97610.0,97607.5,9.51972e-07,4.75986e-06,0
97685.0,97690.0,97687.5,9.51972e-07,4.75986e-06,0
98150.0,98155.0,98152.5,9.51972e-07,4.75986e-06,0
98285.0,98290.0,98287.5,9.34274e-07,4.67137e-06,0
98780.0,98785.0,98782.5,9.34274e-07,4.67137e-06,0
99245.0,99250.0,99247.5,9.51972e-07,4.75986e-06,0
99340.0,99345.0,99342.5,9.44108e-07,4.72054e-06,0
99970.0,99975.0,99972.5,9.44108e-07,4.72054e-06,0
100085.0,100090.0,100087.5,9.31836e-07,4.65918e-06,0
100820.0,100825.0,100822.5,9.65438e-07,4.82719e-06,0
101500.0,101505.0,101502.5,9.34274e-07,4.67137e-06,0
101685.0,101690.0,101687.5,9.44108e-07,4.72054e-06,0
101870.0,101875.0,101872.5,9.31836e-07,4.65918e-06,0
102125.0,102130.0,102127.5,9.35454e-07,4.67727e-06,0
102155.0,102160.0,102157.5,9.34274e-07,4.67137e-06,0
102430.0,102435.0,102432.5,9.31836e-07,4.65918e-06,0
102580.0,102585.0,102582.5,9.51972e-07,4.75986e-06,0
102605.0,102610.0,102607.5,9.35454e-07,4.67727e-06,0
102720.0,102725.0,102722.5,9.31012e-07,4.65506e-06,0
102920.0,102925.0,102922.5,9.44108e-07,4.72054e-06,0
103085.0,103090.0,103087.5,9.31012e-07,4.65506e-06,0
103130.0,103135.0,103132.5,9.82078e-07,4.91039e-06,0
103135.0,103140.0,103137.5,9.34274e-07,4.67137e-06,0
103720.0,103725.0,103722.5,9.82078e-07,4.91039e-06,0
103740.0,103745.0,103742.5,9.35454e-07,4.67727e-06,0
103840.0,103845.0,103842.5,9.34274e-07,4.67137e-06,0
104035.0,104040.0,104037.5,9.44108e-07,4.72054e-06,0
104425.0,104430.0,104427.5,9.51972e-07,4.75986e-06,0
105375.0,105380.0,105377.5,9.51972e-07,4.75986e-06,0
106060.0,106065.0,106062.5,9.34274e-07,4.67137e-06,0
106550.0,106555.0,106552.5,9.34274e-07,4.67137e-06,0
107110.0,107115.0,107112.5,9.44108e-07,4.72054e-06,0
107740.0,107745.0,107742.5,9.44108e-07,4.72054e-06,0
108595.0,108600.0,108597.5,9.65438e-07,4.82719e-06,0
109640.0,109645.0,109642.5,9.31836e-07,4.65918e-06,0
109900.0,109905.0,109902.5,9.35454e-07,4.67727e-06,0
109930.0,109935.0,109932.5,9.34274e-07,4.67137e-06,0
110200.0,110205.0,110202.5,9.31836e-07,4.65918e-06,0
110490.0,110495.0,110492.5,9.31012e-07,4.65506e-06,0
110690.0,110695.0,110692.5,9.44108e-07,4.72054e-06,0
110900.0,110905.0,110902.5,9.82078e-07,4.91039e-06,0
110910.0,110915.0,110912.5,9.34274e-07,4.67137e-06,0
111490.0,111495.0,111492.5,9.82078e-07,4.91039e-06,0
111615.0,111620.0,111617.5,9.34274e-07,4.67137e-06,0
113150.0,113155.0,113152.5,9.51972e-07,4.75986e-06,0
113830.0,113835.0,113832.5,9.34274e-07,4.67137e-06,0
114325.0,114330.0,114327.5,9.34274e-07,4.67137e-06,0
115510.0,115515.0,115512.5,9.44108e-07,4.72054e-06,0
117415.0,117420.0,117417.5,9.31836e-07,4.65918e-06,0
117670.0,117675.0,117672.5,9.35454e-07,4.67727e-06,0
117975.0,117980.0,117977.5,9.31836e-07,4.65918e-06,0
118460.0,118465.0,118462.5,9.44108e-07,4.72054e-06,0
118680.0,118685.0,118682.5,9.34274e-07,4.67137e-06,0
119260.0,119265.0,119262.5,9.82078e-07,4.91039e-06,0
119385.0,119390.0,119387.5,9.34274e-07,4.67137e-06,0
122095.0,122100.0,122097.5,9.34274e-07,4.67137e-06,0
123285.0,123290.0,123287.5,9.44108e-07,4.72054e-06,0
125185.0,125190.0,125187.5,9.31836e-07,4.65918e-06,0
125440.0,125445.0,125442.5,9.35454e-07,4.67727e-06,0
126450.0,126455.0,126452.5,9.34274e-07,4.67137e-06,0
127155.0,127160.0,127157.5,9.34274e-07,4.67137e-06,0
129865.0,129870.0,129867.5,9.34274e-07,4.67137e-06,0
131055.0,131060.0,131057.5,9.44108e-07,4.72054e-06,0
132955.0,132960.0,132957.5,9.31836e-07,4.65918e-06,0
134225.0,134230.0,134227.5,9.34274e-07,4.67137e-06,0
134930.0,134935.0,134932.5,9.34274e-07,4.67137e-06,0
138830.0,138835.0,138832.5,9.44108e-07,4.72054e-06,0
141995.0,142000.0,141997.5,9.34274e-07,4.67137e-06,0
142700.0,142705.0,142702.5,9.34274e-07,4.67137e-06,0
