bin_start_us,bin_end_us,bin_mid_us,pdf_per_us,probability,count
210.0,215.0,212.5,2.1262914e-05,0.00010631457,0
215.0,220.0,217.5,0.00012594666,0.0006297333,0
220.0,225.0,222.5,0.00013715482,0.0006857741,0
225.0,230.0,227.5,0.0001146168,0.000573084,0
230.0,235.0,232.5,0.00011721156,0.0005860578,0
235.0,240.0,237.5,0.0001246144,0.000623072,0
240.0,245.0,242.5,0.00011470964,0.0005735482,0
245.0,250.0,247.5,0.00011472224,0.0005736112,0
250.0,255.0,252.5,0.00011215858,0.0005607929,0
255.0,260.0,257.5,0.00010969326,0.0005484663,0
260.0,265.0,262.5,0.00012352746,0.0006176373,0
265.0,270.0,267.5,8.358244e-05,0.0004179122,0
270.0,275.0,272.5,0.00010833036,0.0005416518,0
275.0,280.0,277.5,0.00010718226,0.0005359113,0
280.0,285.0,282.5,0.00011712994,0.0005856497,0
285.0,290.0,287.5,0.000107364,0.00053682,0
290.0,295.0,292.5,9.969438e-05,0.0004984719,0
295.0,300.0,297.5,0.00013988104,0.0006994052,0
300.0,305.0,302.5,0.00013336084,0.0006668042,0
305.0,310.0,307.5,9.464628e-05,0.0004732314,0
310.0,315.0,312.5,0.00013712418,0.0006856209,0
315.0,320.0,317.5,0.00012095246,0.0006047623,0
320.0,325.0,322.5,0.0006383546,0.003191773,0
325.0,330.0,327.5,0.00010595494,0.0005297747,0
330.0,335.0,332.5,0.00011721214,0.0005860607,0
335.0,340.0,337.5,0.00010968978,0.0005484489,0
340.0,345.0,342.5,0.0007836224,0.003918112,0
345.0,350.0,347.5,0.0011174562,0.005587281,0
350.0,355.0,352.5,0.0006228346,0.003114173,0
355.0,360.0,357.5,0.0004560272,0.002280136,0
360.0,365.0,362.5,0.0004773636,0.002386818,0
365.0,370.0,367.5,0.0004162238,0.002081119,0
370.0,375.0,372.5,0.0004337176,0.002168588,0
375.0,380.0,377.5,0.0002929494,0.001464747,0
380.0,385.0,382.5,0.0001832626,0.000916313,0
385.0,390.0,387.5,0.00022201892,0.0011100946,0
390.0,395.0,392.5,0.00024691736,0.0012345868,0
395.0,400.0,397.5,0.00030176338,0.0015088169,0
400.0,405.0,402.5,0.00022298036,0.0011149018,0
405.0,410.0,407.5,0.00024190868,0.0012095434,0
410.0,415.0,412.5,0.00025553212,0.0012776606,0
415.0,420.0,417.5,0.0002567946,0.001283973,0
420.0,425.0,422.5,0.0002454709,0.0012273545,0
425.0,430.0,427.5,0.00029296616,0.0014648308,0
430.0,435.0,432.5,0.00020321258,0.0010160629,0
435.0,440.0,437.5,0.00018818422,0.0009409211,0
440.0,445.0,442.5,0.00022438258,0.0011219129,0
445.0,450.0,447.5,0.00019941174,0.0009970587,0
450.0,455.0,452.5,0.014286942,0.07143471,0
455.0,460.0,457.5,0.00016079918,0.0008039959,0
460.0,465.0,462.5,0.00020663344,0.0010331672,0
465.0,470.0,467.5,0.00018435146,0.0009217573,0
470.0,475.0,472.5,0.0002176968,0.001088484,0
475.0,480.0,477.5,0.0002665808,0.001332904,0
480.0,485.0,482.5,0.00025417914,0.0012708957,0
485.0,490.0,487.5,0.00019920022,0.0009960011,0
490.0,495.0,492.5,0.00026875594,0.0013437797,0
495.0,500.0,497.5,0.00022185936,0.0011092968,0
500.0,505.0,502.5,0.0002579116,0.001289558,0
505.0,510.0,507.5,0.00022169158,0.0011084579,0
510.0,515.0,512.5,0.00024646446,0.0012323223,0
515.0,520.0,517.5,0.00022578942,0.0011289471,0
520.0,525.0,522.5,0.00024793186,0.0012396593,0
525.0,530.0,527.5,0.0002615861,0.0013079305,0
530.0,535.0,532.5,0.00024809304,0.0012404652,0
535.0,540.0,537.5,0.0002294454,0.001147227,0
540.0,545.0,542.5,0.00023805746,0.0011902873,0
545.0,550.0,547.5,0.00022540302,0.0011270151,0
550.0,555.0,552.5,0.00023302492,0.0011651246,0
555.0,560.0,557.5,0.00026320612,0.0013160306,0
560.0,565.0,562.5,0.002395936,0.01197968,0
565.0,570.0,567.5,0.00023289466,0.0011644733,0
570.0,575.0,572.5,0.0002093411,0.0010467055,0
575.0,580.0,577.5,0.00019689132,0.0009844566,0
580.0,585.0,582.5,0.0003129564,0.001564782,0
585.0,590.0,587.5,0.00023438148,0.0011719074,0
590.0,595.0,592.5,0.000281474,0.00140737,0
595.0,600.0,597.5,0.00020441378,0.0010220689,0
600.0,605.0,602.5,0.00025426048,0.0012713024,0
605.0,610.0,607.5,0.00019822174,0.0009911087,0
610.0,615.0,612.5,0.00018952946,0.0009476473,0
615.0,620.0,617.5,0.00020454888,0.0010227444,0
620.0,625.0,622.5,0.00026954582,0.0013477291,0
625.0,630.0,627.5,0.0001693325,0.0008466625,0
630.0,635.0,632.5,0.00025568834,0.0012784417,0
635.0,640.0,637.5,0.00018199904,0.0009099952,0
640.0,645.0,642.5,0.00023180658,0.0011590329,0
645.0,650.0,647.5,0.00019062752,0.0009531376,0
650.0,655.0,652.5,0.00024193362,0.0012096681,0
655.0,660.0,657.5,0.00019837318,0.0009918659,0
660.0,665.0,662.5,0.00026269054,0.0013134527,0
665.0,670.0,667.5,0.0005834492,0.002917246,0
670.0,675.0,672.5,0.002547494,0.01273747,0
675.0,680.0,677.5,0.00021063492,0.0010531746,0
680.0,685.0,682.5,0.0001732047,0.0008660235,0
685.0,690.0,687.5,0.00016823504,0.0008411752,0
690.0,695.0,692.5,0.00019693472,0.0009846736,0
695.0,700.0,697.5,0.00016552508,0.0008276254,0
700.0,705.0,702.5,0.00021794044,0.0010897022,0
705.0,710.0,707.5,0.0002106727,0.0010533635,0
710.0,715.0,712.5,0.00018069128,0.0009034564,0
715.0,720.0,717.5,0.00019213376,0.0009606688,0
720.0,725.0,722.5,0.00021299264,0.0010649632,0
725.0,730.0,727.5,0.00023058918,0.0011529459,0
730.0,735.0,732.5,0.00021307696,0.0010653848,0
735.0,740.0,737.5,0.00021309486,0.0010654743,0
740.0,745.0,742.5,0.00020054026,0.0010027013,0
745.0,750.0,747.5,0.00021065216,0.0010532608,0
750.0,755.0,752.5,0.00018700106,0.0009350053,0
755.0,760.0,757.5,0.00022678382,0.0011339191,0
760.0,765.0,762.5,0.00020926322,0.0010463161,0
765.0,770.0,767.5,0.00019190644,0.0009595322,0
770.0,775.0,772.5,0.00022811178,0.0011405589,0
775.0,780.0,777.5,0.00027924682,0.0013962341,0
780.0,785.0,782.5,0.001173012,0.00586506,0
785.0,790.0,787.5,0.00018685826,0.0009342913,0
790.0,795.0,792.5,0.00014336484,0.0007168242,0
795.0,800.0,797.5,0.00016827496,0.0008413748,0
800.0,805.0,802.5,0.00011959494,0.0005979747,0
805.0,810.0,807.5,0.00017067342,0.0008533671,0
810.0,815.0,812.5,0.0001683842,0.000841921,0
815.0,820.0,817.5,0.00015713284,0.0007856642,0
820.0,825.0,822.5,0.00016837268,0.0008418634,0
825.0,830.0,827.5,0.00016812832,0.0008406416,0
830.0,835.0,832.5,0.00014712366,0.0007356183,0
835.0,840.0,837.5,0.00014945738,0.0007472869,0
840.0,845.0,842.5,0.00020955266,0.0010477633,0
845.0,850.0,847.5,0.00017443752,0.0008721876,0
850.0,855.0,852.5,0.00016326402,0.0008163201,0
855.0,860.0,857.5,0.0001844091,0.0009220455,0
860.0,865.0,862.5,0.00014582028,0.0007291014,0
865.0,870.0,867.5,0.000175661,0.000878305,0
870.0,875.0,872.5,0.00017061476,0.0008530738,0
875.0,880.0,877.5,0.00016206448,0.0008103224,0
880.0,885.0,882.5,0.0001697173,0.0008485865,0
885.0,890.0,887.5,0.00014320376,0.0007160188,0
890.0,895.0,892.5,0.000693079,0.003465395,0
895.0,900.0,897.5,0.00017937874,0.0008968937,0
900.0,905.0,902.5,0.00014209782,0.0007104891,0
905.0,910.0,907.5,0.00015820734,0.0007910367,0
910.0,915.0,912.5,0.00016946806,0.0008473403,0
915.0,920.0,917.5,0.00014976602,0.0007488301,0
920.0,925.0,922.5,0.00015697882,0.0007848941,0
925.0,930.0,927.5,0.00014318446,0.0007159223,0
930.0,935.0,932.5,0.00012842546,0.0006421273,0
935.0,940.0,937.5,0.00013832888,0.0006916444,0
940.0,945.0,942.5,0.00014590452,0.0007295226,0
945.0,950.0,947.5,0.00014110334,0.0007055167,0
950.0,955.0,952.5,0.0001707348,0.000853674,0
955.0,960.0,957.5,0.00015843786,0.0007921893,0
960.0,965.0,962.5,0.00011964572,0.0005982286,0
965.0,970.0,967.5,0.00014083122,0.0007041561,0
970.0,975.0,972.5,0.00014323466,0.0007161733,0
975.0,980.0,977.5,0.00017305936,0.0008652968,0
980.0,985.0,982.5,0.00021061988,0.0010530994,0
985.0,990.0,987.5,0.00016079044,0.0008039522,0
990.0,995.0,992.5,0.00018092224,0.0009046112,0
995.0,1000.0,997.5,0.0003427524,0.001713762,0
1000.0,1005.0,1002.5,0.00016953146,0.0008476573,0
1005.0,1010.0,1007.5,0.00016326064,0.0008163032,0
1010.0,1015.0,1012.5,0.00013207646,0.0006603823,0
1015.0,1020.0,1017.5,0.0001521002,0.000760501,0
1020.0,1025.0,1022.5,0.00016076636,0.0008038318,0
1025.0,1030.0,1027.5,0.0001533216,0.000766608,0
1030.0,1035.0,1032.5,0.00014218508,0.0007109254,0
1035.0,1040.0,1037.5,0.00016466324,0.0008233162,0
1040.0,1045.0,1042.5,0.0001258488,0.000629244,0
1045.0,1050.0,1047.5,0.00014586192,0.0007293096,0
1050.0,1055.0,1052.5,0.00015830112,0.0007915056,0
1055.0,1060.0,1057.5,0.00015208312,0.0007604156,0
1060.0,1065.0,1062.5,0.00016073024,0.0008036512,0
1065.0,1070.0,1067.5,0.0001844358,0.000922179,0
1070.0,1075.0,1072.5,0.00013944638,0.0006972319,0
1075.0,1080.0,1077.5,0.0001656459,0.0008282295,0
1080.0,1085.0,1082.5,0.00014469448,0.0007234724,0
1085.0,1090.0,1087.5,0.00016922746,0.0008461373,0
1090.0,1095.0,1092.5,0.00017937634,0.0008968817,0
1095.0,1100.0,1097.5,0.00016211992,0.0008105996,0
1100.0,1105.0,1102.5,0.0002231287,0.0011156435,0
1105.0,1110.0,1107.5,0.00023175456,0.0011587728,0
1110.0,1115.0,1112.5,0.00021066272,0.0010533136,0
1115.0,1120.0,1117.5,0.00024347228,0.0012173614,0
1120.0,1125.0,1122.5,0.00012205374,0.0006102687,0
1125.0,1130.0,1127.5,0.00022189948,0.0011094974,0
1130.0,1135.0,1132.5,0.00013081544,0.0006540772,0
1135.0,1140.0,1137.5,0.0002246386,0.001123193,0
1140.0,1145.0,1142.5,0.0001445341,0.0007226705,0
1145.0,1150.0,1147.5,0.00024571174,0.0012285587,0
1150.0,1155.0,1152.5,0.00020309128,0.0010154564,0
1155.0,1160.0,1157.5,0.00019081008,0.0009540504,0
1160.0,1165.0,1162.5,0.00025549022,0.0012774511,0
1165.0,1170.0,1167.5,0.00014557974,0.0007278987,0
1170.0,1175.0,1172.5,0.00017694102,0.0008847051,0
1175.0,1180.0,1177.5,0.00015455386,0.0007727693,0
1180.0,1185.0,1182.5,0.00019815668,0.0009907834,0
1185.0,1190.0,1187.5,0.0001906608,0.000953304,0
1190.0,1195.0,1192.5,0.00016435962,0.0008217981,0
1195.0,1200.0,1197.5,0.00020941976,0.0010470988,0
1200.0,1205.0,1202.5,0.0001408682,0.000704341,0
1205.0,1210.0,1207.5,0.00016846702,0.0008423351,0
1210.0,1215.0,1212.5,0.00017442634,0.0008721317,0
1215.0,1220.0,1217.5,0.00023187598,0.0011593799,0
1220.0,1225.0,1222.5,0.00015078124,0.0007539062,0
1225.0,1230.0,1227.5,0.00023409676,0.0011704838,0
1230.0,1235.0,1232.5,0.0001757223,0.0008786115,0
1235.0,1240.0,1237.5,0.00017578,0.0008789,0
1240.0,1245.0,1242.5,0.00015942812,0.0007971406,0
1245.0,1250.0,1247.5,0.0002081358,0.001040679,0
1250.0,1255.0,1252.5,0.00017089492,0.0008544746,0
1255.0,1260.0,1257.5,0.00019834444,0.0009917222,0
1260.0,1265.0,1262.5,0.00017713904,0.0008856952,0
1265.0,1270.0,1267.5,0.00015943634,0.0007971817,0
1270.0,1275.0,1272.5,0.00019822036,0.0009911018,0
1275.0,1280.0,1277.5,0.0001768897,0.0008844485,0
1280.0,1285.0,1282.5,0.0002381283,0.0011906415,0
1285.0,1290.0,1287.5,0.00018324124,0.0009162062,0
1290.0,1295.0,1292.5,0.00017326532,0.0008663266,0
1295.0,1300.0,1297.5,0.00019572342,0.0009786171,0
1300.0,1305.0,1302.5,0.00017203796,0.0008601898,0
1305.0,1310.0,1307.5,0.00020215704,0.0010107852,0
1310.0,1315.0,1312.5,0.00016064194,0.0008032097,0
1315.0,1320.0,1317.5,0.00020438418,0.0010219209,0
1320.0,1325.0,1322.5,0.0001693963,0.0008469815,0
1325.0,1330.0,1327.5,0.00021448226,0.0010724113,0
1330.0,1335.0,1332.5,0.00019716434,0.0009858217,0
1335.0,1340.0,1337.5,0.00017445036,0.0008722518,0
1340.0,1345.0,1342.5,0.00019072334,0.0009536167,0
1345.0,1350.0,1347.5,0.0001521334,0.000760667,0
1350.0,1355.0,1352.5,0.00017205154,0.0008602577,0
1355.0,1360.0,1357.5,0.00017463056,0.0008731528,0
1360.0,1365.0,1362.5,0.00015944724,0.0007972362,0
1365.0,1370.0,1367.5,0.00019187064,0.0009593532,0
1370.0,1375.0,1372.5,0.0001484138,0.000742069,0
1375.0,1380.0,1377.5,0.0001806039,0.0009030195,0
1380.0,1385.0,1382.5,0.0001759666,0.000879833,0
1385.0,1390.0,1387.5,0.00018570548,0.0009285274,0
1390.0,1395.0,1392.5,0.0001844479,0.0009222395,0
1395.0,1400.0,1397.5,0.00016219872,0.0008109936,0
1400.0,1405.0,1402.5,0.00019688656,0.0009844328,0
1405.0,1410.0,1407.5,0.00016065944,0.0008032972,0
1410.0,1415.0,1412.5,0.00019189114,0.0009594557,0
1415.0,1420.0,1417.5,0.00016346446,0.0008173223,0
1420.0,1425.0,1422.5,0.0001806152,0.000903076,0
1425.0,1430.0,1427.5,0.00020597756,0.0010298878,0
1430.0,1435.0,1432.5,0.00019571896,0.0009785948,0
1435.0,1440.0,1437.5,0.00015447322,0.0007723661,0
1440.0,1445.0,1442.5,0.00017052498,0.0008526249,0
1445.0,1450.0,1447.5,0.00022082178,0.0011041089,0
1450.0,1455.0,1452.5,0.00016575562,0.0008287781,0
1455.0,1460.0,1457.5,0.0002093445,0.0010467225,0
1460.0,1465.0,1462.5,0.00015332436,0.0007666218,0
1465.0,1470.0,1467.5,0.0001945817,0.0009729085,0
1470.0,1475.0,1472.5,0.0001519128,0.000759564,0
1475.0,1480.0,1477.5,0.00017834348,0.0008917174,0
1480.0,1485.0,1482.5,0.00015958704,0.0007979352,0
1485.0,1490.0,1487.5,0.00015075132,0.0007537566,0
1490.0,1495.0,1492.5,0.00017349472,0.0008674736,0
1495.0,1500.0,1497.5,0.00016467502,0.0008233751,0
1500.0,1505.0,1502.5,0.00015842852,0.0007921426,0
1505.0,1510.0,1507.5,0.00015473776,0.0007736888,0
1510.0,1515.0,1512.5,0.00017082518,0.0008541259,0
1515.0,1520.0,1517.5,0.00017223898,0.0008611949,0
1520.0,1525.0,1522.5,0.00017696558,0.0008848279,0
1525.0,1530.0,1527.5,0.00017826426,0.0008913213,0
1530.0,1535.0,1532.5,0.00014449462,0.0007224731,0
1535.0,1540.0,1537.5,0.00019075216,0.0009537608,0
1540.0,1545.0,1542.5,0.0001445457,0.0007227285,0
1545.0,1550.0,1547.5,0.00022315374,0.0011157687,0
1550.0,1555.0,1552.5,0.00017820888,0.0008910444,0
1555.0,1560.0,1557.5,0.0001744166,0.000872083,0
1560.0,1565.0,1562.5,0.00015576148,0.0007788074,0
1565.0,1570.0,1567.5,0.00016091534,0.0008045767,0
1570.0,1575.0,1572.5,0.00015580018,0.0007790009,0
1575.0,1580.0,1577.5,0.00014961942,0.0007480971,0
1580.0,1585.0,1582.5,0.00016461498,0.0008230749,0
1585.0,1590.0,1587.5,0.00016718416,0.0008359208,0
1590.0,1595.0,1592.5,0.00016834282,0.0008417141,0
1595.0,1600.0,1597.5,0.00013694344,0.0006847172,0
1600.0,1605.0,1602.5,0.00014712954,0.0007356477,0
1605.0,1610.0,1607.5,0.00013844098,0.0006922049,0
1610.0,1615.0,1612.5,0.00015211718,0.0007605859,0
1615.0,1620.0,1617.5,0.00014321476,0.0007160738,0
1620.0,1625.0,1622.5,0.00013822362,0.0006911181,0
1625.0,1630.0,1627.5,0.00014725002,0.0007362501,0
1630.0,1635.0,1632.5,0.00014842198,0.0007421099,0
1635.0,1640.0,1637.5,0.00017447986,0.0008723993,0
1640.0,1645.0,1642.5,0.00016569474,0.0008284737,0
1645.0,1650.0,1647.5,0.0001434449,0.0007172245,0
1650.0,1655.0,1652.5,0.00015083006,0.0007541503,0
1655.0,1660.0,1657.5,0.00015338442,0.0007669221,0
1660.0,1665.0,1662.5,0.00013470042,0.0006735021,0
1665.0,1670.0,1667.5,0.00013207462,0.0006603731,0
1670.0,1675.0,1672.5,0.00012972244,0.0006486122,0
1675.0,1680.0,1677.5,0.00015210312,0.0007605156,0
1680.0,1685.0,1682.5,0.00010350542,0.0005175271,0
1685.0,1690.0,1687.5,0.00014331574,0.0007165787,0
1690.0,1695.0,1692.5,0.00015583332,0.0007791666,0
1695.0,1700.0,1697.5,0.00011717592,0.0005858796,0
1700.0,1705.0,1702.5,0.00015833508,0.0007916754,0
1705.0,1710.0,1707.5,0.00014470586,0.0007235293,0
1710.0,1715.0,1712.5,0.00017936482,0.0008968241,0
1715.0,1720.0,1717.5,0.00012582202,0.0006291101,0
1720.0,1725.0,1722.5,0.00012843088,0.0006421544,0
1725.0,1730.0,1727.5,0.00015330284,0.0007665142,0
1730.0,1735.0,1732.5,0.00014211444,0.0007105722,0
1735.0,1740.0,1737.5,0.0001522391,0.0007611955,0
1740.0,1745.0,1742.5,0.0001270946,0.000635473,0
1745.0,1750.0,1747.5,0.00014198616,0.0007099308,0
1750.0,1755.0,1752.5,0.00012460798,0.0006230399,0
1755.0,1760.0,1757.5,0.00016571208,0.0008285604,0
1760.0,1765.0,1762.5,0.00012707984,0.0006353992,0
1765.0,1770.0,1767.5,0.00012834924,0.0006417462,0
1770.0,1775.0,1772.5,0.00012724782,0.0006362391,0
1775.0,1780.0,1777.5,0.0001309255,0.0006546275,0
1780.0,1785.0,1782.5,0.00013089186,0.0006544593,0
1785.0,1790.0,1787.5,0.00013984798,0.0006992399,0
1790.0,1795.0,1792.5,0.000141976,0.00070988,0
1795.0,1800.0,1797.5,0.0001245391,0.0006226955,0
1800.0,1805.0,1802.5,0.00013974842,0.0006987421,0
1805.0,1810.0,1807.5,0.0001259001,0.0006295005,0
1810.0,1815.0,1812.5,0.00012473412,0.0006236706,0
1815.0,1820.0,1817.5,0.00017073122,0.0008536561,0
1820.0,1825.0,1822.5,0.0001209463,0.0006047315,0
1825.0,1830.0,1827.5,0.000132257,0.000661285,0
1830.0,1835.0,1832.5,0.00014965646,0.0007482823,0
1835.0,1840.0,1837.5,0.00012585876,0.0006292938,0
1840.0,1845.0,1842.5,0.00015692756,0.0007846378,0
1845.0,1850.0,1847.5,0.00012093352,0.0006046676,0
1850.0,1855.0,1852.5,0.00014587878,0.0007293939,0
1855.0,1860.0,1857.5,0.00012229942,0.0006114971,0
1860.0,1865.0,1862.5,0.00015959204,0.0007979602,0
1865.0,1870.0,1867.5,0.0001307494,0.000653747,0
1870.0,1875.0,1872.5,0.00013966272,0.0006983136,0
1875.0,1880.0,1877.5,0.00011722414,0.0005861207,0
1880.0,1885.0,1882.5,0.00013331042,0.0006665521,0
1885.0,1890.0,1887.5,0.00012202248,0.0006101124,0
1890.0,1895.0,1892.5,0.00012697556,0.0006348778,0
1895.0,1900.0,1897.5,0.00013476778,0.0006738389,0
1900.0,1905.0,1902.5,0.00012477874,0.0006238937,0
1905.0,1910.0,1907.5,0.00013587162,0.0006793581,0
1910.0,1915.0,1912.5,0.00011850686,0.0005925343,0
1915.0,1920.0,1917.5,0.00014088926,0.0007044463,0
1920.0,1925.0,1922.5,0.00015207108,0.0007603554,0
1925.0,1930.0,1927.5,0.0001184592,0.000592296,0
1930.0,1935.0,1932.5,0.0001283841,0.0006419205,0
1935.0,1940.0,1937.5,0.0001110585,0.0005552925,0
1940.0,1945.0,1942.5,0.00012841632,0.0006420816,0
1945.0,1950.0,1947.5,0.0001033137,0.0005165685,0
1950.0,1955.0,1952.5,0.00013596488,0.0006798244,0
1955.0,1960.0,1957.5,0.00014708242,0.0007354121,0
1960.0,1965.0,1962.5,0.00013339182,0.0006669591,0
1965.0,1970.0,1967.5,0.00013952694,0.0006976347,0
1970.0,1975.0,1972.5,0.00012339292,0.0006169646,0
1975.0,1980.0,1977.5,0.00014959422,0.0007479711,0
1980.0,1985.0,1982.5,0.00010849824,0.0005424912,0
1985.0,1990.0,1987.5,0.00011476048,0.0005738024,0
1990.0,1995.0,1992.5,0.00011459646,0.0005729823,0
1995.0,2000.0,1997.5,0.00012593188,0.0006296594,0
2000.0,2005.0,2002.5,0.00013230958,0.0006615479,0
2005.0,2010.0,2007.5,0.00012976954,0.0006488477,0
2010.0,2015.0,2012.5,0.00010847948,0.0005423974,0
2015.0,2020.0,2017.5,0.00012347936,0.0006173968,0
2020.0,2025.0,2022.5,0.0001159818,0.000579909,0
2025.0,2030.0,2027.5,0.0001159947,0.0005799735,0
2030.0,2035.0,2032.5,0.0001246659,0.0006233295,0
2035.0,2040.0,2037.5,0.00010098784,0.0005049392,0
2040.0,2045.0,2042.5,0.00011111456,0.0005555728,0
2045.0,2050.0,2047.5,0.00011963362,0.0005981681,0
2050.0,2055.0,2052.5,0.00013956068,0.0006978034,0
2055.0,2060.0,2057.5,0.00010477472,0.0005238736,0
2060.0,2065.0,2062.5,0.00012210934,0.0006105467,0
2065.0,2070.0,2067.5,0.00013100152,0.0006550076,0
2070.0,2075.0,2072.5,0.00012089662,0.0006044831,0
2075.0,2080.0,2077.5,0.00011965102,0.0005982551,0
2080.0,2085.0,2082.5,0.00012726176,0.0006363088,0
2085.0,2090.0,2087.5,0.00012352246,0.0006176123,0
2090.0,2095.0,2092.5,0.00012331704,0.0006165852,0
2095.0,2100.0,2097.5,9.222866e-05,0.0004611433,0
2100.0,2105.0,2102.5,0.00012961948,0.0006480974,0
2105.0,2110.0,2107.5,0.0001285355,0.0006426775,0
2110.0,2115.0,2112.5,0.00012099334,0.0006049667,0
2115.0,2120.0,2117.5,0.00010841272,0.0005420636,0
2120.0,2125.0,2122.5,0.00013214514,0.0006607257,0
2125.0,2130.0,2127.5,0.00013332634,0.0006666317,0
2130.0,2135.0,2132.5,9.095078e-05,0.0004547539,0
2135.0,2140.0,2137.5,0.00010473848,0.0005236924,0
2140.0,2145.0,2142.5,0.00012227422,0.0006113711,0
2145.0,2150.0,2147.5,0.00012580692,0.0006290346,0
2150.0,2155.0,2152.5,0.0001369672,0.000684836,0
2155.0,2160.0,2157.5,0.0001222373,0.0006111865,0
2160.0,2165.0,2162.5,9.597356e-05,0.0004798678,0
2165.0,2170.0,2167.5,0.00010597488,0.0005298744,0
2170.0,2175.0,2172.5,0.00013982982,0.0006991491,0
2175.0,2180.0,2177.5,0.0001234633,0.0006173165,0
2180.0,2185.0,2182.5,0.00010365148,0.0005182574,0
2185.0,2190.0,2187.5,0.00011608282,0.0005804141,0
2190.0,2195.0,2192.5,0.00010357036,0.0005178518,0
2195.0,2200.0,2197.5,0.00011601288,0.0005800644,0
2200.0,2205.0,2202.5,0.00010973624,0.0005486812,0
2205.0,2210.0,2207.5,0.00011083822,0.0005541911,0
2210.0,2215.0,2212.5,0.00010734406,0.0005367203,0
2215.0,2220.0,2217.5,0.00011596524,0.0005798262,0
2220.0,2225.0,2222.5,0.00011228184,0.0005614092,0
2225.0,2230.0,2227.5,0.0001221386,0.000610693,0
2230.0,2235.0,2232.5,0.00011333258,0.0005666629,0
2235.0,2240.0,2237.5,9.71728e-05,0.000485864,0
2240.0,2245.0,2242.5,9.35787e-05,0.0004678935,0
2245.0,2250.0,2247.5,0.00011464378,0.0005732189,0
2250.0,2255.0,2252.5,9.721614e-05,0.0004860807,0
2255.0,2260.0,2257.5,0.0001332841,0.0006664205,0
2260.0,2265.0,2262.5,0.0001098425,0.0005492125,0
2265.0,2270.0,2267.5,0.00010967772,0.0005483886,0
2270.0,2275.0,2272.5,0.00010852518,0.0005426259,0
2275.0,2280.0,2277.5,0.00011096862,0.0005548431,0
2280.0,2285.0,2282.5,0.00011849438,0.0005924719,0
2285.0,2290.0,2287.5,0.00010477202,0.0005238601,0
2290.0,2295.0,2292.5,9.223026e-05,0.0004611513,0
2295.0,2300.0,2297.5,8.489102e-05,0.0004244551,0
2300.0,2305.0,2302.5,0.00010844812,0.0005422406,0
2305.0,2310.0,2307.5,0.00011835946,0.0005917973,0
2310.0,2315.0,2312.5,0.00010978564,0.0005489282,0
2315.0,2320.0,2317.5,9.467332e-05,0.0004733666,0
2320.0,2325.0,2322.5,0.00010856534,0.0005428267,0
2325.0,2330.0,2327.5,0.00012226986,0.0006113493,0
2330.0,2335.0,2332.5,0.00012214304,0.0006107152,0
2335.0,2340.0,2337.5,0.0001197831,0.0005989155,0
2340.0,2345.0,2342.5,0.00010721538,0.0005360769,0
2345.0,2350.0,2347.5,0.00012213824,0.0006106912,0
2350.0,2355.0,2352.5,0.00011598838,0.0005799419,0
2355.0,2360.0,2357.5,0.00010592212,0.0005296106,0
2360.0,2365.0,2362.5,0.00010089774,0.0005044887,0
2365.0,2370.0,2367.5,0.00011727532,0.0005863766,0
2370.0,2375.0,2372.5,9.477814e-05,0.0004738907,0
2375.0,2380.0,2377.5,7.73437e-05,0.0003867185,0
2380.0,2385.0,2382.5,9.490738e-05,0.0004745369,0
2385.0,2390.0,2387.5,9.738224e-05,0.0004869112,0
2390.0,2395.0,2392.5,0.00011484694,0.0005742347,0
2395.0,2400.0,2397.5,0.00011096216,0.0005548108,0
2400.0,2405.0,2402.5,0.00010974818,0.0005487409,0
2405.0,2410.0,2407.5,9.72427e-05,0.0004862135,0
2410.0,2415.0,2412.5,8.724476e-05,0.0004362238,0
2415.0,2420.0,2417.5,8.847364e-05,0.0004423682,0
2420.0,2425.0,2422.5,0.0001120756,0.000560378,0
2425.0,2430.0,2427.5,8.224328e-05,0.0004112164,0
2430.0,2435.0,2432.5,9.599734e-05,0.0004799867,0
2435.0,2440.0,2437.5,0.00010353806,0.0005176903,0
2440.0,2445.0,2442.5,0.00010210452,0.0005105226,0
2445.0,2450.0,2447.5,7.600584e-05,0.0003800292,0
2450.0,2455.0,2452.5,9.970566e-05,0.0004985283,0
2455.0,2460.0,2457.5,8.968592e-05,0.0004484296,0
2460.0,2465.0,2462.5,9.208256e-05,0.0004604128,0
2465.0,2470.0,2467.5,0.00011707428,0.0005853714,0
2470.0,2475.0,2472.5,9.7411572e-05,0.00048705786,0
2475.0,2480.0,2477.5,9.719232e-05,0.0004859616,0
2480.0,2485.0,2482.5,0.0001072763,0.0005363815,0
2485.0,2490.0,2487.5,0.00010103608,0.0005051804,0
2490.0,2495.0,2492.5,0.00011241924,0.0005620962,0
2495.0,2500.0,2497.5,8.973404e-05,0.0004486702,0
2500.0,2505.0,2502.5,0.00010237252,0.0005118626,0
2505.0,2510.0,2507.5,0.00011584682,0.0005792341,0
2510.0,2515.0,2512.5,8.728506e-05,0.0004364253,0
2515.0,2520.0,2517.5,9.346514e-05,0.0004673257,0
2520.0,2525.0,2522.5,8.859162e-05,0.0004429581,0
2525.0,2530.0,2527.5,0.00011211566,0.0005605783,0
2530.0,2535.0,2532.5,0.00010215926,0.0005107963,0
2535.0,2540.0,2537.5,0.00010967448,0.0005483724,0
2540.0,2545.0,2542.5,0.0001108799,0.0005543995,0
2545.0,2550.0,2547.5,8.974132e-05,0.0004487066,0
2550.0,2555.0,2552.5,0.0001232693,0.0006163465,0
2555.0,2560.0,2557.5,9.720088e-05,0.0004860044,0
2560.0,2565.0,2562.5,9.23625e-05,0.0004618125,0
2565.0,2570.0,2567.5,8.98675e-05,0.0004493375,0
2570.0,2575.0,2572.5,9.586528e-05,0.0004793264,0
2575.0,2580.0,2577.5,8.462546e-05,0.0004231273,0
2580.0,2585.0,2582.5,9.360766e-05,0.0004680383,0
2585.0,2590.0,2587.5,9.600854e-05,0.0004800427,0
2590.0,2595.0,2592.5,0.00010846064,0.0005423032,0
2595.0,2600.0,2597.5,8.97877e-05,0.0004489385,0
2600.0,2605.0,2602.5,8.59702e-05,0.000429851,0
2605.0,2610.0,2607.5,0.00010477572,0.0005238786,0
2610.0,2615.0,2612.5,9.726278e-05,0.0004863139,0
2615.0,2620.0,2617.5,9.477842e-05,0.0004738921,0
2620.0,2625.0,2622.5,0.00010101934,0.0005050967,0
2625.0,2630.0,2627.5,8.984908e-05,0.0004492454,0
2630.0,2635.0,2632.5,0.00010459512,0.0005229756,0
2635.0,2640.0,2637.5,0.00010100806,0.0005050403,0
2640.0,2645.0,2642.5,9.225378e-05,0.0004612689,0
2645.0,2650.0,2647.5,9.73072e-05,0.000486536,0
2650.0,2655.0,2652.5,9.353152e-05,0.0004676576,0
2655.0,2660.0,2657.5,9.732918e-05,0.0004866459,0
2660.0,2665.0,2662.5,0.00010359044,0.0005179522,0
2665.0,2670.0,2667.5,9.235904e-05,0.0004617952,0
2670.0,2675.0,2672.5,0.00010229014,0.0005114507,0
2675.0,2680.0,2677.5,0.00010114186,0.0005057093,0
2680.0,2685.0,2682.5,0.00010098704,0.0005049352,0
2685.0,2690.0,2687.5,6.241124e-05,0.0003120562,0
2690.0,2695.0,2692.5,0.0001110648,0.000555324,0
2695.0,2700.0,2697.5,9.2244e-05,0.00046122,0
2700.0,2705.0,2702.5,8.725566e-05,0.0004362783,0
2705.0,2710.0,2707.5,0.00010850134,0.0005425067,0
2710.0,2715.0,2712.5,0.00011847488,0.0005923744,0
2715.0,2720.0,2717.5,0.00010464214,0.0005232107,0
2720.0,2725.0,2722.5,8.237342e-05,0.0004118671,0
2725.0,2730.0,2727.5,7.607246e-05,0.0003803623,0
2730.0,2735.0,2732.5,0.00010211752,0.0005105876,0
2735.0,2740.0,2737.5,0.00010104114,0.0005052057,0
2740.0,2745.0,2742.5,9.34666e-05,0.000467333,0
2745.0,2750.0,2747.5,8.3417896e-05,0.00041708948,0
2750.0,2755.0,2752.5,9.482298e-05,0.0004741149,0
2755.0,2760.0,2757.5,0.00011476052,0.0005738026,0
2760.0,2765.0,2762.5,8.848822e-05,0.0004424411,0
2765.0,2770.0,2767.5,0.00010835626,0.0005417813,0
2770.0,2775.0,2772.5,0.00010114652,0.0005057326,0
2775.0,2780.0,2777.5,0.00010227094,0.0005113547,0
2780.0,2785.0,2782.5,0.00010095982,0.0005047991,0
2785.0,2790.0,2787.5,7.85641e-05,0.0003928205,0
2790.0,2795.0,2792.5,0.00010339132,0.0005169566,0
2795.0,2800.0,2797.5,9.735164e-05,0.0004867582,0
2800.0,2805.0,2802.5,7.730774e-05,0.0003865387,0
2805.0,2810.0,2807.5,8.847868e-05,0.0004423934,0
2810.0,2815.0,2812.5,0.00011105208,0.0005552604,0
2815.0,2820.0,2817.5,0.00010477276,0.0005238638,0
2820.0,2825.0,2822.5,8.976706e-05,0.0004488353,0
2825.0,2830.0,2827.5,9.351476e-05,0.0004675738,0
2830.0,2835.0,2832.5,8.236956e-05,0.0004118478,0
2835.0,2840.0,2837.5,0.00011471928,0.0005735964,0
2840.0,2845.0,2842.5,0.0001008477,0.0005042385,0
2845.0,2850.0,2847.5,0.00010214688,0.0005107344,0
2850.0,2855.0,2852.5,9.980268e-05,0.0004990134,0
2855.0,2860.0,2857.5,9.091744e-05,0.0004545872,0
2860.0,2865.0,2862.5,9.337464e-05,0.0004668732,0
2865.0,2870.0,2867.5,8.849214e-05,0.0004424607,0
2870.0,2875.0,2872.5,9.225858e-05,0.0004612929,0
2875.0,2880.0,2877.5,8.732346e-05,0.0004366173,0
2880.0,2885.0,2882.5,8.729132e-05,0.0004364566,0
2885.0,2890.0,2887.5,0.00010227856,0.0005113928,0
2890.0,2895.0,2892.5,9.856626e-05,0.0004928313,0
2895.0,2900.0,2897.5,0.00010107988,0.0005053994,0
2900.0,2905.0,2902.5,9.735104e-05,0.0004867552,0
2905.0,2910.0,2907.5,7.851504e-05,0.0003925752,0
2910.0,2915.0,2912.5,0.0001084229,0.0005421145,0
2915.0,2920.0,2917.5,9.963394e-05,0.0004981697,0
2920.0,2925.0,2922.5,0.00010460682,0.0005230341,0
2925.0,2930.0,2927.5,0.00010231446,0.0005115723,0
2930.0,2935.0,2932.5,8.337002e-05,0.0004168501,0
2935.0,2940.0,2937.5,8.356476e-05,0.0004178238,0
2940.0,2945.0,2942.5,9.10359e-05,0.0004551795,0
2945.0,2950.0,2947.5,9.227162e-05,0.0004613581,0
2950.0,2955.0,2952.5,9.959454e-05,0.0004979727,0
2955.0,2960.0,2957.5,8.352844e-05,0.0004176422,0
2960.0,2965.0,2962.5,0.00010088984,0.0005044492,0
2965.0,2970.0,2967.5,0.00010353042,0.0005176521,0
2970.0,2975.0,2972.5,9.710428e-05,0.0004855214,0
2975.0,2980.0,2977.5,0.00010348286,0.0005174143,0
2980.0,2985.0,2982.5,9.967982e-05,0.0004983991,0
2985.0,2990.0,2987.5,8.596622e-05,0.0004298311,0
2990.0,2995.0,2992.5,8.352254e-05,0.0004176127,0
2995.0,3000.0,2997.5,8.711664e-05,0.0004355832,0
3000.0,3005.0,3002.5,7.730436e-05,0.0003865218,0
3005.0,3010.0,3007.5,9.725914e-05,0.0004862957,0
3010.0,3015.0,3012.5,8.4771484e-05,0.00042385742,0
3015.0,3020.0,3017.5,8.352554e-05,0.0004176277,0
3020.0,3025.0,3022.5,9.225564e-05,0.0004612782,0
3025.0,3030.0,3027.5,0.00010223535,0.00051117675,0
3030.0,3035.0,3032.5,9.477392e-05,0.0004738696,0
3035.0,3040.0,3037.5,0.0001097601,0.0005488005,0
3040.0,3045.0,3042.5,9.600212e-05,0.0004800106,0
3045.0,3050.0,3047.5,9.340806e-05,0.0004670403,0
3050.0,3055.0,3052.5,9.223758e-05,0.0004611879,0
3055.0,3060.0,3057.5,8.853502e-05,0.0004426751,0
3060.0,3065.0,3062.5,9.103792e-05,0.0004551896,0
3065.0,3070.0,3067.5,9.847262e-05,0.0004923631,0
3070.0,3075.0,3072.5,9.343886e-05,0.0004671943,0
3075.0,3080.0,3077.5,0.00010092916,0.0005046458,0
3080.0,3085.0,3082.5,0.0001035219,0.0005176095,0
3085.0,3090.0,3087.5,9.215234e-05,0.0004607617,0
3090.0,3095.0,3092.5,8.974768e-05,0.0004487384,0
3095.0,3100.0,3097.5,0.00011846268,0.0005923134,0
3100.0,3105.0,3102.5,0.00011227,0.00056135,0
3105.0,3110.0,3107.5,0.0001046844,0.000523422,0
3110.0,3115.0,3112.5,0.00010464214,0.0005232107,0
3115.0,3120.0,3117.5,8.85592e-05,0.000442796,0
3120.0,3125.0,3122.5,0.0001110285,0.0005551425,0
3125.0,3130.0,3127.5,8.591046e-05,0.0004295523,0
3130.0,3135.0,3132.5,7.592714e-05,0.0003796357,0
3135.0,3140.0,3137.5,7.973418e-05,0.0003986709,0
3140.0,3145.0,3142.5,8.59761e-05,0.0004298805,0
3145.0,3150.0,3147.5,9.59629e-05,0.0004798145,0
3150.0,3155.0,3152.5,0.00012206474,0.0006103237,0
3155.0,3160.0,3157.5,0.00010605078,0.0005302539,0
3160.0,3165.0,3162.5,7.853486e-05,0.0003926743,0
3165.0,3170.0,3167.5,7.233392e-05,0.0003616696,0
3170.0,3175.0,3172.5,9.097332e-05,0.0004548666,0
3175.0,3180.0,3177.5,0.0001097631,0.0005488155,0
3180.0,3185.0,3182.5,8.60894e-05,0.000430447,0
3185.0,3190.0,3187.5,9.606976e-05,0.0004803488,0
3190.0,3195.0,3192.5,8.724732e-05,0.0004362366,0
3195.0,3200.0,3197.5,0.00010222728,0.0005111364,0
3200.0,3205.0,3202.5,0.00010225186,0.0005112593,0
3205.0,3210.0,3207.5,8.23019e-05,0.0004115095,0
3210.0,3215.0,3212.5,8.484092e-05,0.0004242046,0
3215.0,3220.0,3217.5,0.00010096586,0.0005048293,0
3220.0,3225.0,3222.5,0.00010484128,0.0005242064,0
3225.0,3230.0,3227.5,9.342928e-05,0.0004671464,0
3230.0,3235.0,3232.5,8.961786e-05,0.0004480893,0
3235.0,3240.0,3237.5,9.712338e-05,0.0004856169,0
3240.0,3245.0,3242.5,9.841088e-05,0.0004920544,0
3245.0,3250.0,3247.5,9.72374e-05,0.000486187,0
3250.0,3255.0,3252.5,0.0001321516,0.000660758,0
3255.0,3260.0,3257.5,9.848302e-05,0.0004924151,0
3260.0,3265.0,3262.5,9.743464e-05,0.0004871732,0
3265.0,3270.0,3267.5,8.980786e-05,0.0004490393,0
3270.0,3275.0,3272.5,8.605022e-05,0.0004302511,0
3275.0,3280.0,3277.5,9.853304e-05,0.0004926652,0
3280.0,3285.0,3282.5,9.977696e-05,0.0004988848,0
3285.0,3290.0,3287.5,8.603336e-05,0.0004301668,0
3290.0,3295.0,3292.5,0.00011088254,0.0005544127,0
3295.0,3300.0,3297.5,7.853178e-05,0.0003926589,0
3300.0,3305.0,3302.5,9.349388e-05,0.0004674694,0
3305.0,3310.0,3307.5,9.10237e-05,0.0004551185,0
3310.0,3315.0,3312.5,9.61104e-05,0.000480552,0
3315.0,3320.0,3317.5,9.983852e-05,0.0004991926,0
3320.0,3325.0,3322.5,9.468474e-05,0.0004734237,0
3325.0,3330.0,3327.5,0.00010715364,0.0005357682,0
3330.0,3335.0,3332.5,7.48103e-05,0.0003740515,0
3335.0,3340.0,3337.5,9.467376e-05,0.0004733688,0
3340.0,3345.0,3342.5,9.601578e-05,0.0004800789,0
3345.0,3350.0,3347.5,8.344428e-05,0.0004172214,0
3350.0,3355.0,3352.5,8.862058e-05,0.0004431029,0
3355.0,3360.0,3357.5,7.493788e-05,0.0003746894,0
3360.0,3365.0,3362.5,0.00010979022,0.0005489511,0
3365.0,3370.0,3367.5,8.10557e-05,0.0004052785,0
3370.0,3375.0,3372.5,8.106232e-05,0.0004053116,0
3375.0,3380.0,3377.5,0.00010598032,0.0005299016,0
3380.0,3385.0,3382.5,7.979302e-05,0.0003989651,0
3385.0,3390.0,3387.5,0.00010584522,0.0005292261,0
3390.0,3395.0,3392.5,8.481668e-05,0.0004240834,0
3395.0,3400.0,3397.5,7.102158e-05,0.0003551079,0
3400.0,3405.0,3402.5,8.2205674e-05,0.00041102837,0
3405.0,3410.0,3407.5,9.84128e-05,0.000492064,0
3410.0,3415.0,3412.5,9.979304e-05,0.0004989652,0
3415.0,3420.0,3417.5,9.223262e-05,0.0004611631,0
3420.0,3425.0,3422.5,8.731224e-05,0.0004365612,0
3425.0,3430.0,3427.5,9.34504e-05,0.000467252,0
3430.0,3435.0,3432.5,7.232782e-05,0.0003616391,0
3435.0,3440.0,3437.5,9.107962e-05,0.0004553981,0
3440.0,3445.0,3442.5,9.605208e-05,0.0004802604,0
3445.0,3450.0,3447.5,0.000101133,0.000505665,0
3450.0,3455.0,3452.5,8.975868e-05,0.0004487934,0
3455.0,3460.0,3457.5,8.10518e-05,0.000405259,0
3460.0,3465.0,3462.5,9.093344e-05,0.0004546672,0
3465.0,3470.0,3467.5,9.355768e-05,0.0004677884,0
3470.0,3475.0,3472.5,8.2191e-05,0.000410955,0
3475.0,3480.0,3477.5,9.352032e-05,0.0004676016,0
3480.0,3485.0,3482.5,7.347942e-05,0.0003673971,0
3485.0,3490.0,3487.5,8.990784e-05,0.0004495392,0
3490.0,3495.0,3492.5,9.734296e-05,0.0004867148,0
3495.0,3500.0,3497.5,8.85761e-05,0.0004428805,0
3500.0,3505.0,3502.5,8.344942e-05,0.0004172471,0
3505.0,3510.0,3507.5,9.349192e-05,0.0004674596,0
3510.0,3515.0,3512.5,6.8533744e-05,0.00034266872,0
3515.0,3520.0,3517.5,9.596722e-05,0.0004798361,0
3520.0,3525.0,3522.5,8.35182e-05,0.000417591,0
3525.0,3530.0,3527.5,0.0001071857,0.0005359285,0
3530.0,3535.0,3532.5,0.00010346528,0.0005173264,0
3535.0,3540.0,3537.5,0.00011354664,0.0005677332,0
3540.0,3545.0,3542.5,7.853974e-05,0.0003926987,0
3545.0,3550.0,3547.5,8.985078e-05,0.0004492539,0
3550.0,3555.0,3552.5,8.98158e-05,0.000449079,0
3555.0,3560.0,3557.5,8.599522e-05,0.0004299761,0
3560.0,3565.0,3562.5,8.727246e-05,0.0004363623,0
3565.0,3570.0,3567.5,6.8542296e-05,0.00034271148,0
3570.0,3575.0,3572.5,8.23723e-05,0.0004118615,0
3575.0,3580.0,3577.5,8.1073856e-05,0.00040536928,0
3580.0,3585.0,3582.5,8.354034e-05,0.0004177017,0
3585.0,3590.0,3587.5,9.71648e-05,0.000485824,0
3590.0,3595.0,3592.5,8.094752e-05,0.0004047376,0
3595.0,3600.0,3597.5,8.479962e-05,0.0004239981,0
3600.0,3605.0,3602.5,7.106882e-05,0.0003553441,0
3605.0,3610.0,3607.5,9.098628e-05,0.0004549314,0
3610.0,3615.0,3612.5,7.983528e-05,0.0003991764,0
3615.0,3620.0,3617.5,9.723064e-05,0.0004861532,0
3620.0,3625.0,3622.5,0.00010979994,0.0005489997,0
3625.0,3630.0,3627.5,8.35384e-05,0.000417692,0
3630.0,3635.0,3632.5,0.00010346236,0.0005173118,0
3635.0,3640.0,3637.5,8.737802e-05,0.0004368901,0
3640.0,3645.0,3642.5,8.604058e-05,0.0004302029,0
3645.0,3650.0,3647.5,7.109234e-05,0.0003554617,0
3650.0,3655.0,3652.5,8.4723e-05,0.000423615,0
3655.0,3660.0,3657.5,9.366368e-05,0.0004683184,0
3660.0,3665.0,3662.5,7.481274e-05,0.0003740637,0
3665.0,3670.0,3667.5,6.985742e-05,0.0003492871,0
3670.0,3675.0,3672.5,9.3466e-05,0.00046733,0
3675.0,3680.0,3677.5,8.103852e-05,0.0004051926,0
3680.0,3685.0,3682.5,8.982132e-05,0.0004491066,0
3685.0,3690.0,3687.5,8.21972e-05,0.000410986,0
3690.0,3695.0,3692.5,8.356828e-05,0.0004178414,0
3695.0,3700.0,3697.5,9.84029e-05,0.0004920145,0
3700.0,3705.0,3702.5,0.00010853696,0.0005426848,0
3705.0,3710.0,3707.5,8.607354e-05,0.0004303677,0
3710.0,3715.0,3712.5,8.851688e-05,0.0004425844,0
3715.0,3720.0,3717.5,8.850764e-05,0.0004425382,0
3720.0,3725.0,3722.5,7.477848e-05,0.0003738924,0
3725.0,3730.0,3727.5,9.721522e-05,0.0004860761,0
3730.0,3735.0,3732.5,7.225912e-05,0.0003612956,0
3735.0,3740.0,3737.5,9.476582e-05,0.0004738291,0
3740.0,3745.0,3742.5,7.108066e-05,0.0003554033,0
3745.0,3750.0,3747.5,8.730972e-05,0.0004365486,0
3750.0,3755.0,3752.5,9.984404e-05,0.0004992202,0
3755.0,3760.0,3757.5,9.222468e-05,0.0004611234,0
3760.0,3765.0,3762.5,9.1096702e-05,0.00045548351,0
3765.0,3770.0,3767.5,6.980498e-05,0.0003490249,0
3770.0,3775.0,3772.5,8.601708e-05,0.0004300854,0
3775.0,3780.0,3777.5,9.968232e-05,0.0004984116,0
3780.0,3785.0,3782.5,8.234552e-05,0.0004117276,0
3785.0,3790.0,3787.5,9.727436e-05,0.0004863718,0
3790.0,3795.0,3792.5,6.111894e-05,0.0003055947,0
3795.0,3800.0,3797.5,8.7186e-05,0.00043593,0
3800.0,3805.0,3802.5,8.979802e-05,0.0004489901,0
3805.0,3810.0,3807.5,8.49002e-05,0.000424501,0
3810.0,3815.0,3812.5,7.976752e-05,0.0003988376,0
3815.0,3820.0,3817.5,9.852504e-05,0.0004926252,0
3820.0,3825.0,3822.5,0.00010088994,0.0005044497,0
3825.0,3830.0,3827.5,7.990998e-05,0.0003995499,0
3830.0,3835.0,3832.5,9.623616e-05,0.0004811808,0
3835.0,3840.0,3837.5,7.23787e-05,0.0003618935,0
3840.0,3845.0,3842.5,8.4769e-05,0.000423845,0
3845.0,3850.0,3847.5,7.723968e-05,0.0003861984,0
3850.0,3855.0,3852.5,7.732022e-05,0.0003866011,0
3855.0,3860.0,3857.5,8.970796e-05,0.0004485398,0
3860.0,3865.0,3862.5,7.6000344e-05,0.00038000172,0
3865.0,3870.0,3867.5,9.34233e-05,0.0004671165,0
3870.0,3875.0,3872.5,9.47476e-05,0.000473738,0
3875.0,3880.0,3877.5,8.351818e-05,0.0004175909,0
3880.0,3885.0,3882.5,8.738314e-05,0.0004369157,0
3885.0,3890.0,3887.5,6.981224e-05,0.0003490612,0
3890.0,3895.0,3892.5,8.84062e-05,0.000442031,0
3895.0,3900.0,3897.5,5.729168e-05,0.0002864584,0
3900.0,3905.0,3902.5,9.119384e-05,0.0004559692,0
3905.0,3910.0,3907.5,8.48454e-05,0.000424227,0
3910.0,3915.0,3912.5,7.862144e-05,0.0003931072,0
3915.0,3920.0,3917.5,9.487266e-05,0.0004743633,0
3920.0,3925.0,3922.5,0.00010839058,0.0005419529,0
3925.0,3930.0,3927.5,9.723526e-05,0.0004861763,0
3930.0,3935.0,3932.5,8.72721e-05,0.0004363605,0
3935.0,3940.0,3937.5,7.489102e-05,0.0003744551,0
3940.0,3945.0,3942.5,8.106232e-05,0.0004053116,0
3945.0,3950.0,3947.5,7.865748e-05,0.0003932874,0
3950.0,3955.0,3952.5,9.59159e-05,0.0004795795,0
3955.0,3960.0,3957.5,8.60184e-05,0.000430092,0
3960.0,3965.0,3962.5,7.23259e-05,0.0003616295,0
3965.0,3970.0,3967.5,9.242466e-05,0.0004621233,0
3970.0,3975.0,3972.5,7.845972e-05,0.0003922986,0
3975.0,3980.0,3977.5,8.73103e-05,0.0004365515,0
3980.0,3985.0,3982.5,8.7117676e-05,0.00043558838,0
3985.0,3990.0,3987.5,6.745312e-05,0.0003372656,0
3990.0,3995.0,3992.5,6.856149e-05,0.00034280745,0
3995.0,4000.0,3997.5,7.464644e-05,0.0003732322,0
4000.0,4005.0,4002.5,7.468624e-05,0.0003734312,0
4005.0,4010.0,4007.5,8.111934e-05,0.0004055967,0
4010.0,4015.0,4012.5,5.854054e-05,0.0002927027,0
4015.0,4020.0,4017.5,8.092914e-05,0.0004046457,0
4020.0,4025.0,4022.5,7.984174e-05,0.0003992087,0
4025.0,4030.0,4027.5,8.731278e-05,0.0004365639,0
4030.0,4035.0,4032.5,9.725088e-05,0.0004862544,0
4035.0,4040.0,4037.5,7.991872e-05,0.0003995936,0
4040.0,4045.0,4042.5,9.5884934e-05,0.00047942467,0
4045.0,4050.0,4047.5,7.367374e-05,0.0003683687,0
4050.0,4055.0,4052.5,8.475098e-05,0.0004237549,0
4055.0,4060.0,4057.5,7.861136e-05,0.0003930568,0
4060.0,4065.0,4062.5,9.47194e-05,0.000473597,0
4065.0,4070.0,4067.5,8.591218e-05,0.0004295609,0
4070.0,4075.0,4072.5,6.855676e-05,0.0003427838,0
4075.0,4080.0,4077.5,7.733972e-05,0.0003866986,0
4080.0,4085.0,4082.5,0.000100977,0.000504885,0
4085.0,4090.0,4087.5,9.60405e-05,0.0004802025,0
4090.0,4095.0,4092.5,7.226488e-05,0.0003613244,0
4095.0,4100.0,4097.5,8.605686e-05,0.0004302843,0
4100.0,4105.0,4102.5,7.723976e-05,0.0003861988,0
4105.0,4110.0,4107.5,8.740292e-05,0.0004370146,0
4110.0,4115.0,4112.5,7.100268e-05,0.0003550134,0
4115.0,4120.0,4117.5,7.359256e-05,0.0003679628,0
4120.0,4125.0,4122.5,6.236788e-05,0.0003118394,0
4125.0,4130.0,4127.5,8.595988e-05,0.0004297994,0
4130.0,4135.0,4132.5,8.731476e-05,0.0004365738,0
4135.0,4140.0,4137.5,9.355924e-05,0.0004677962,0
4140.0,4145.0,4142.5,8.47175e-05,0.0004235875,0
4145.0,4150.0,4147.5,9.358114e-05,0.0004679057,0
4150.0,4155.0,4152.5,7.223862e-05,0.0003611931,0
4155.0,4160.0,4157.5,8.231142e-05,0.0004115571,0
4160.0,4165.0,4162.5,0.00010597974,0.0005298987,0
4165.0,4170.0,4167.5,8.736622e-05,0.0004368311,0
4170.0,4175.0,4172.5,9.090816e-05,0.0004545408,0
4175.0,4180.0,4177.5,9.599548e-05,0.0004799774,0
4180.0,4185.0,4182.5,7.345526e-05,0.0003672763,0
4185.0,4190.0,4187.5,9.104038e-05,0.0004552019,0
4190.0,4195.0,4192.5,6.473842e-05,0.0003236921,0
4195.0,4200.0,4197.5,8.996858e-05,0.0004498429,0
4200.0,4205.0,4202.5,8.103828e-05,0.0004051914,0
4205.0,4210.0,4207.5,8.7281e-05,0.000436405,0
4210.0,4215.0,4212.5,8.60873e-05,0.0004304365,0
4215.0,4220.0,4217.5,8.351146e-05,0.0004175573,0
4220.0,4225.0,4222.5,7.48293e-05,0.0003741465,0
4225.0,4230.0,4227.5,9.481848e-05,0.0004740924,0
4230.0,4235.0,4232.5,9.611246e-05,0.0004805623,0
4235.0,4240.0,4237.5,9.611636e-05,0.0004805818,0
4240.0,4245.0,4242.5,8.724248e-05,0.0004362124,0
4245.0,4250.0,4247.5,8.473534e-05,0.0004236767,0
4250.0,4255.0,4252.5,6.475896e-05,0.0003237948,0
4255.0,4260.0,4257.5,7.224842e-05,0.0003612421,0
4260.0,4265.0,4262.5,7.230662e-05,0.0003615331,0
4265.0,4270.0,4267.5,8.600668e-05,0.0004300334,0
4270.0,4275.0,4272.5,7.850956e-05,0.0003925478,0
4275.0,4280.0,4277.5,8.230588e-05,0.0004115294,0
4280.0,4285.0,4282.5,8.464522e-05,0.0004232261,0
4285.0,4290.0,4287.5,8.115856e-05,0.0004057928,0
4290.0,4295.0,4292.5,6.739322e-05,0.0003369661,0
4295.0,4300.0,4297.5,8.474172e-05,0.0004237086,0
4300.0,4305.0,4302.5,7.978462e-05,0.0003989231,0
4305.0,4310.0,4307.5,8.101338e-05,0.0004050669,0
4310.0,4315.0,4312.5,7.86296e-05,0.000393148,0
4315.0,4320.0,4317.5,7.230176e-05,0.0003615088,0
4320.0,4325.0,4322.5,7.219572e-05,0.0003609786,0
4325.0,4330.0,4327.5,0.00010211326,0.0005105663,0
4330.0,4335.0,4332.5,6.607538e-05,0.0003303769,0
4335.0,4340.0,4337.5,9.338876e-05,0.0004669438,0
4340.0,4345.0,4342.5,6.49181e-05,0.0003245905,0
4345.0,4350.0,4347.5,6.486698e-05,0.0003243349,0
4350.0,4355.0,4352.5,8.61785e-05,0.0004308925,0
4355.0,4360.0,4357.5,8.243996e-05,0.0004121998,0
4360.0,4365.0,4362.5,7.730506e-05,0.0003865253,0
4365.0,4370.0,4367.5,9.732004e-05,0.0004866002,0
4370.0,4375.0,4372.5,8.594178e-05,0.0004297089,0
4375.0,4380.0,4377.5,8.869038e-05,0.0004434519,0
4380.0,4385.0,4382.5,7.225262e-05,0.0003612631,0
4385.0,4390.0,4387.5,6.2374312e-05,0.00031187156,0
4390.0,4395.0,4392.5,7.859682e-05,0.0003929841,0
4395.0,4400.0,4397.5,8.61077e-05,0.0004305385,0
4400.0,4405.0,4402.5,7.225974e-05,0.0003612987,0
4405.0,4410.0,4407.5,7.6009e-05,0.000380045,0
4410.0,4415.0,4412.5,7.728302e-05,0.0003864151,0
4415.0,4420.0,4417.5,7.10851e-05,0.0003554255,0
4420.0,4425.0,4422.5,7.723972e-05,0.0003861986,0
4425.0,4430.0,4427.5,8.600022e-05,0.0004300011,0
4430.0,4435.0,4432.5,7.23849e-05,0.0003619245,0
4435.0,4440.0,4437.5,8.3507614e-05,0.00041753807,0
4440.0,4445.0,4442.5,7.860574e-05,0.0003930287,0
4445.0,4450.0,4447.5,6.73072e-05,0.000336536,0
4450.0,4455.0,4452.5,8.712964e-05,0.0004356482,0
4455.0,4460.0,4457.5,7.71952e-05,0.000385976,0
4460.0,4465.0,4462.5,8.971076e-05,0.0004485538,0
4465.0,4470.0,4467.5,7.348712e-05,0.0003674356,0
4470.0,4475.0,4472.5,7.713938e-05,0.0003856969,0
4475.0,4480.0,4477.5,7.981948e-05,0.0003990974,0
4480.0,4485.0,4482.5,7.47511e-05,0.0003737555,0
4485.0,4490.0,4487.5,7.477694e-05,0.0003738847,0
4490.0,4495.0,4492.5,7.3458476e-05,0.00036729238,0
4495.0,4500.0,4497.5,8.093422e-05,0.0004046711,0
4500.0,4505.0,4502.5,8.739828e-05,0.0004369914,0
4505.0,4510.0,4507.5,7.098532e-05,0.0003549266,0
4510.0,4515.0,4512.5,6.598838e-05,0.0003299419,0
4515.0,4520.0,4517.5,8.108452e-05,0.0004054226,0
4520.0,4525.0,4522.5,9.099538e-05,0.0004549769,0
4525.0,4530.0,4527.5,8.736336e-05,0.0004368168,0
4530.0,4535.0,4532.5,9.36703e-05,0.0004683515,0
4535.0,4540.0,4537.5,6.478288e-05,0.0003239144,0
4540.0,4545.0,4542.5,6.858286e-05,0.0003429143,0
4545.0,4550.0,4547.5,9.485486e-05,0.0004742743,0
4550.0,4555.0,4552.5,8.359406e-05,0.0004179703,0
4555.0,4560.0,4557.5,8.122728e-05,0.0004061364,0
4560.0,4565.0,4562.5,7.722632e-05,0.0003861316,0
4565.0,4570.0,4567.5,8.348882e-05,0.0004174441,0
4570.0,4575.0,4572.5,8.348726e-05,0.0004174363,0
4575.0,4580.0,4577.5,6.851e-05,0.00034255,0
4580.0,4585.0,4582.5,7.730542e-05,0.0003865271,0
4585.0,4590.0,4587.5,9.854952e-05,0.0004927476,0
4590.0,4595.0,4592.5,7.118654e-05,0.0003559327,0
4595.0,4600.0,4597.5,8.109664e-05,0.0004054832,0
4600.0,4605.0,4602.5,9.220918e-05,0.0004610459,0
4605.0,4610.0,4607.5,7.487136e-05,0.0003743568,0
4610.0,4615.0,4612.5,6.4716102e-05,0.00032358051,0
4615.0,4620.0,4617.5,7.104614e-05,0.0003552307,0
4620.0,4625.0,4622.5,7.843758e-05,0.0003921879,0
4625.0,4630.0,4627.5,6.855104e-05,0.0003427552,0
4630.0,4635.0,4632.5,7.74571e-05,0.0003872855,0
4635.0,4640.0,4637.5,7.345514e-05,0.0003672757,0
4640.0,4645.0,4642.5,8.977102e-05,0.0004488551,0
4645.0,4650.0,4647.5,7.482828e-05,0.0003741414,0
4650.0,4655.0,4652.5,9.596834e-05,0.0004798417,0
4655.0,4660.0,4657.5,8.363128e-05,0.0004181564,0
4660.0,4665.0,4662.5,7.9824e-05,0.00039912,0
4665.0,4670.0,4667.5,7.350312e-05,0.0003675156,0
4670.0,4675.0,4672.5,8.342962e-05,0.0004171481,0
4675.0,4680.0,4677.5,9.602762e-05,0.0004801381,0
4680.0,4685.0,4682.5,8.0959016e-05,0.00040479508,0
4685.0,4690.0,4687.5,8.225872e-05,0.0004112936,0
4690.0,4695.0,4692.5,0.00010107132,0.0005053566,0
4695.0,4700.0,4697.5,7.603449e-05,0.00038017245,0
4700.0,4705.0,4702.5,7.11422e-05,0.000355711,0
4705.0,4710.0,4707.5,9.231126e-05,0.0004615563,0
4710.0,4715.0,4712.5,8.228222e-05,0.0004114111,0
4715.0,4720.0,4717.5,7.967948e-05,0.0003983974,0
4720.0,4725.0,4722.5,8.350776e-05,0.0004175388,0
4725.0,4730.0,4727.5,7.983354e-05,0.0003991677,0
4730.0,4735.0,4732.5,0.00010333018,0.0005166509,0
4735.0,4740.0,4737.5,8.599154e-05,0.0004299577,0
4740.0,4745.0,4742.5,6.855908e-05,0.0003427954,0
4745.0,4750.0,4747.5,6.728732e-05,0.0003364366,0
4750.0,4755.0,4752.5,7.359598e-05,0.0003679799,0
4755.0,4760.0,4757.5,8.601948e-05,0.0004300974,0
4760.0,4765.0,4762.5,7.22582e-05,0.000361291,0
4765.0,4770.0,4767.5,6.4831912e-05,0.00032415956,0
4770.0,4775.0,4772.5,8.479444e-05,0.0004239722,0
4775.0,4780.0,4777.5,9.60201e-05,0.0004801005,0
4780.0,4785.0,4782.5,6.232704e-05,0.0003116352,0
4785.0,4790.0,4787.5,8.4839458e-05,0.00042419729,0
4790.0,4795.0,4792.5,8.723188e-05,0.0004361594,0
4795.0,4800.0,4797.5,7.97727e-05,0.0003988635,0
4800.0,4805.0,4802.5,7.48199e-05,0.0003740995,0
4805.0,4810.0,4807.5,7.734392e-05,0.0003867196,0
4810.0,4815.0,4812.5,7.843442e-05,0.0003921721,0
4815.0,4820.0,4817.5,7.975998e-05,0.0003987999,0
4820.0,4825.0,4822.5,8.243704e-05,0.0004121852,0
4825.0,4830.0,4827.5,8.483928e-05,0.0004241964,0
4830.0,4835.0,4832.5,8.098294e-05,0.0004049147,0
4835.0,4840.0,4837.5,9.351398e-05,0.0004675699,0
4840.0,4845.0,4842.5,8.348478e-05,0.0004174239,0
4845.0,4850.0,4847.5,7.980942e-05,0.0003990471,0
4850.0,4855.0,4852.5,9.100304e-05,0.0004550152,0
4855.0,4860.0,4857.5,7.609838e-05,0.0003804919,0
4860.0,4865.0,4862.5,7.97359e-05,0.0003986795,0
4865.0,4870.0,4867.5,6.991742e-05,0.0003495871,0
4870.0,4875.0,4872.5,7.098628e-05,0.0003549314,0
4875.0,4880.0,4877.5,7.103388e-05,0.0003551694,0
4880.0,4885.0,4882.5,7.984154e-05,0.0003992077,0
4885.0,4890.0,4887.5,8.851588e-05,0.0004425794,0
4890.0,4895.0,4892.5,8.349782e-05,0.0004174891,0
4895.0,4900.0,4897.5,7.227416e-05,0.0003613708,0
4900.0,4905.0,4902.5,8.35249e-05,0.0004176245,0
4905.0,4910.0,4907.5,8.606128e-05,0.0004303064,0
4910.0,4915.0,4912.5,6.854298e-05,0.0003427149,0
4915.0,4920.0,4917.5,8.106054e-05,0.0004053027,0
4920.0,4925.0,4922.5,8.863132e-05,0.0004431566,0
4925.0,4930.0,4927.5,7.860262e-05,0.0003930131,0
4930.0,4935.0,4932.5,7.239726e-05,0.0003619863,0
4935.0,4940.0,4937.5,7.355668e-05,0.0003677834,0
4940.0,4945.0,4942.5,9.60448e-05,0.000480224,0
4945.0,4950.0,4947.5,7.475696e-05,0.0003737848,0
4950.0,4955.0,4952.5,7.482932e-05,0.0003741466,0
4955.0,4960.0,4957.5,8.230932e-05,0.0004115466,0
4960.0,4965.0,4962.5,6.481436e-05,0.0003240718,0
4965.0,4970.0,4967.5,7.854702e-05,0.0003927351,0
4970.0,4975.0,4972.5,6.846552e-05,0.0003423276,0
4975.0,4980.0,4977.5,6.2351242e-05,0.00031175621,0
4980.0,4985.0,4982.5,7.104834e-05,0.0003552417,0
4985.0,4990.0,4987.5,7.612002e-05,0.0003806001,0
4990.0,4995.0,4992.5,7.22769e-05,0.0003613845,0
4995.0,5000.0,4997.5,6.105638e-05,0.0003052819,0
5000.0,5005.0,5002.5,6.23875e-05,0.0003119375,0
5005.0,5010.0,5007.5,7.735386e-05,0.0003867693,0
5010.0,5015.0,5012.5,6.982114e-05,0.0003491057,0
5015.0,5020.0,5017.5,7.737878e-05,0.0003868939,0
5020.0,5025.0,5022.5,7.600176e-05,0.0003800088,0
5025.0,5030.0,5027.5,7.232386e-05,0.0003616193,0
5030.0,5035.0,5032.5,7.735405e-05,0.00038677025,0
5035.0,5040.0,5037.5,6.24087e-05,0.0003120435,0
5040.0,5045.0,5042.5,7.736014e-05,0.0003868007,0
5045.0,5050.0,5047.5,6.235652e-05,0.0003117826,0
5050.0,5055.0,5052.5,6.985106e-05,0.0003492553,0
5055.0,5060.0,5057.5,7.738034e-05,0.0003869017,0
5060.0,5065.0,5062.5,8.73542e-05,0.000436771,0
5065.0,5070.0,5067.5,8.9837558e-05,0.00044918779,0
5070.0,5075.0,5072.5,7.739826e-05,0.0003869913,0
5075.0,5080.0,5077.5,7.480084e-05,0.0003740042,0
5080.0,5085.0,5082.5,4.7389032e-05,0.00023694516,0
5085.0,5090.0,5087.5,7.8733e-05,0.000393665,0
5090.0,5095.0,5092.5,6.987294e-05,0.0003493647,0
5095.0,5100.0,5097.5,8.104038e-05,0.0004052019,0
5100.0,5105.0,5102.5,7.233224e-05,0.0003616612,0
5105.0,5110.0,5107.5,8.720676e-05,0.0004360338,0
5110.0,5115.0,5112.5,7.233492e-05,0.0003616746,0
5115.0,5120.0,5117.5,7.734026e-05,0.0003867013,0
5120.0,5125.0,5122.5,6.99523e-05,0.0003497615,0
5125.0,5130.0,5127.5,6.11377e-05,0.0003056885,0
5130.0,5135.0,5132.5,7.850478e-05,0.0003925239,0
5135.0,5140.0,5137.5,6.490296e-05,0.0003245148,0
5140.0,5145.0,5142.5,9.097594e-05,0.0004548797,0
5145.0,5150.0,5147.5,6.736022e-05,0.0003368011,0
5150.0,5155.0,5152.5,7.611534e-05,0.0003805767,0
5155.0,5160.0,5157.5,6.979316e-05,0.0003489658,0
5160.0,5165.0,5162.5,6.856652e-05,0.0003428326,0
5165.0,5170.0,5167.5,7.72849e-05,0.0003864245,0
5170.0,5175.0,5172.5,6.601944e-05,0.0003300972,0
5175.0,5180.0,5177.5,8.71631e-05,0.0004358155,0
5180.0,5185.0,5182.5,6.47503e-05,0.0003237515,0
5185.0,5190.0,5187.5,7.604038e-05,0.0003802019,0
5190.0,5195.0,5192.5,8.988336e-05,0.0004494168,0
5195.0,5200.0,5197.5,7.857676e-05,0.0003928838,0
5200.0,5205.0,5202.5,9.11144e-05,0.000455572,0
5205.0,5210.0,5207.5,6.736422e-05,0.0003368211,0
5210.0,5215.0,5212.5,8.359876e-05,0.0004179938,0
5215.0,5220.0,5217.5,7.603328e-05,0.0003801664,0
5220.0,5225.0,5222.5,7.737188e-05,0.0003868594,0
5225.0,5230.0,5227.5,6.97656e-05,0.000348828,0
5230.0,5235.0,5232.5,7.347886e-05,0.0003673943,0
5235.0,5240.0,5237.5,7.484408e-05,0.0003742204,0
5240.0,5245.0,5242.5,5.857098e-05,0.0002928549,0
5245.0,5250.0,5247.5,7.603992e-05,0.0003801996,0
5250.0,5255.0,5252.5,8.35607e-05,0.0004178035,0
5255.0,5260.0,5257.5,7.114884e-05,0.0003557442,0
5260.0,5265.0,5262.5,6.862296e-05,0.0003431148,0
5265.0,5270.0,5267.5,7.85625e-05,0.0003928125,0
5270.0,5275.0,5272.5,8.47069e-05,0.0004235345,0
5275.0,5280.0,5277.5,8.2299502e-05,0.00041149751,0
5280.0,5285.0,5282.5,7.236548e-05,0.0003618274,0
5285.0,5290.0,5287.5,8.720128e-05,0.0004360064,0
5290.0,5295.0,5292.5,6.353262e-05,0.0003176631,0
5295.0,5300.0,5297.5,5.98339e-05,0.0002991695,0
5300.0,5305.0,5302.5,7.85698e-05,0.000392849,0
5305.0,5310.0,5307.5,7.60591e-05,0.0003802955,0
5310.0,5315.0,5312.5,6.874849e-05,0.00034374245,0
5315.0,5320.0,5317.5,7.85717e-05,0.0003928585,0
5320.0,5325.0,5322.5,7.35734e-05,0.000367867,0
5325.0,5330.0,5327.5,7.224198e-05,0.0003612099,0
5330.0,5335.0,5332.5,8.980208e-05,0.0004490104,0
5335.0,5340.0,5337.5,5.9844502e-05,0.00029922251,0
5340.0,5345.0,5342.5,6.222964e-05,0.0003111482,0
5345.0,5350.0,5347.5,6.353102e-05,0.0003176551,0
5350.0,5355.0,5352.5,8.365764e-05,0.0004182882,0
5355.0,5360.0,5357.5,7.854072e-05,0.0003927036,0
5360.0,5365.0,5362.5,6.231696e-05,0.0003115848,0
5365.0,5370.0,5367.5,5.9865572e-05,0.00029932786,0
5370.0,5375.0,5372.5,7.351568e-05,0.0003675784,0
5375.0,5380.0,5377.5,6.7333932e-05,0.00033666966,0
5380.0,5385.0,5382.5,7.9787504e-05,0.00039893752,0
5385.0,5390.0,5387.5,5.854752e-05,0.0002927376,0
5390.0,5395.0,5392.5,7.101112e-05,0.0003550556,0
5395.0,5400.0,5397.5,5.8599042e-05,0.00029299521,0
5400.0,5405.0,5402.5,6.743386e-05,0.0003371693,0
5405.0,5410.0,5407.5,6.736566e-05,0.0003368283,0
5410.0,5415.0,5412.5,7.48346e-05,0.000374173,0
5415.0,5420.0,5417.5,6.617798e-05,0.0003308899,0
5420.0,5425.0,5422.5,6.731292e-05,0.0003365646,0
5425.0,5430.0,5427.5,7.848102e-05,0.0003924051,0
5430.0,5435.0,5432.5,6.864328e-05,0.0003432164,0
5435.0,5440.0,5437.5,6.8662542e-05,0.00034331271,0
5440.0,5445.0,5442.5,6.9802002e-05,0.00034901001,0
5445.0,5450.0,5447.5,7.107118e-05,0.0003553559,0
5450.0,5455.0,5452.5,7.5939062e-05,0.00037969531,0
5455.0,5460.0,5457.5,6.856274e-05,0.0003428137,0
5460.0,5465.0,5462.5,6.741402e-05,0.0003370701,0
5465.0,5470.0,5467.5,7.725914e-05,0.0003862957,0
5470.0,5475.0,5472.5,6.3488002e-05,0.00031744001,0
5475.0,5480.0,5477.5,6.97324e-05,0.000348662,0
5480.0,5485.0,5482.5,8.11253e-05,0.0004056265,0
5485.0,5490.0,5487.5,6.722406e-05,0.0003361203,0
5490.0,5495.0,5492.5,6.24617e-05,0.0003123085,0
5495.0,5500.0,5497.5,7.112631e-05,0.00035563155,0
5500.0,5505.0,5502.5,7.476188e-05,0.0003738094,0
5505.0,5510.0,5507.5,6.492216e-05,0.0003246108,0
5510.0,5515.0,5512.5,7.23275e-05,0.0003616375,0
5515.0,5520.0,5517.5,6.1098898e-05,0.00030549449,0
5520.0,5525.0,5522.5,8.2312e-05,0.00041156,0
5525.0,5530.0,5527.5,7.61948e-05,0.000380974,0
5530.0,5535.0,5532.5,7.093822e-05,0.0003546911,0
5535.0,5540.0,5537.5,5.86027e-05,0.0002930135,0
5540.0,5545.0,5542.5,6.860342e-05,0.0003430171,0
5545.0,5550.0,5547.5,7.864142e-05,0.0003932071,0
5550.0,5555.0,5552.5,5.4974152e-05,0.00027487076,0
5555.0,5560.0,5557.5,7.230092e-05,0.0003615046,0
5560.0,5565.0,5562.5,6.484151e-05,0.00032420755,0
5565.0,5570.0,5567.5,6.231224e-05,0.0003115612,0
5570.0,5575.0,5572.5,8.360938e-05,0.0004180469,0
5575.0,5580.0,5577.5,7.60693e-05,0.0003803465,0
5580.0,5585.0,5582.5,4.4927802e-05,0.00022463901,0
5585.0,5590.0,5587.5,8.224588e-05,0.0004112294,0
5590.0,5595.0,5592.5,6.6107782e-05,0.00033053891,0
5595.0,5600.0,5597.5,7.971314e-05,0.0003985657,0
5600.0,5605.0,5602.5,7.601054e-05,0.0003800527,0
5605.0,5610.0,5607.5,7.6107e-05,0.000380535,0
5610.0,5615.0,5612.5,7.73824e-05,0.000386912,0
5615.0,5620.0,5617.5,5.2493986e-05,0.00026246993,0
5620.0,5625.0,5622.5,6.9695316e-05,0.00034847658,0
5625.0,5630.0,5627.5,6.4910642e-05,0.00032455321,0
5630.0,5635.0,5632.5,8.229732e-05,0.0004114866,0
5635.0,5640.0,5637.5,6.483678e-05,0.0003241839,0
5640.0,5645.0,5642.5,7.479246e-05,0.0003739623,0
5645.0,5650.0,5647.5,6.354976e-05,0.0003177488,0
5650.0,5655.0,5652.5,7.356926e-05,0.0003678463,0
5655.0,5660.0,5657.5,4.738367e-05,0.00023691835,0
5660.0,5665.0,5662.5,5.9817798e-05,0.00029908899,0
5665.0,5670.0,5667.5,6.106494e-05,0.0003053247,0
5670.0,5675.0,5672.5,6.871158e-05,0.0003435579,0
5675.0,5680.0,5677.5,6.745884e-05,0.0003372942,0
5680.0,5685.0,5682.5,7.23386e-05,0.000361693,0
5685.0,5690.0,5687.5,6.8552334e-05,0.00034276167,0
5690.0,5695.0,5692.5,8.356424e-05,0.0004178212,0
5695.0,5700.0,5697.5,8.108656e-05,0.0004054328,0
5700.0,5705.0,5702.5,8.231708e-05,0.0004115854,0
5705.0,5710.0,5707.5,7.111542e-05,0.0003555771,0
5710.0,5715.0,5712.5,4.8643522e-05,0.00024321761,0
5715.0,5720.0,5717.5,8.101874e-05,0.0004050937,0
5720.0,5725.0,5722.5,6.727088e-05,0.0003363544,0
5725.0,5730.0,5727.5,7.4760074e-05,0.00037380037,0
5730.0,5735.0,5732.5,5.978458e-05,0.0002989229,0
5735.0,5740.0,5737.5,6.110718e-05,0.0003055359,0
5740.0,5745.0,5742.5,6.226858e-05,0.0003113429,0
5745.0,5750.0,5747.5,7.485078e-05,0.0003742539,0
5750.0,5755.0,5752.5,7.351324e-05,0.0003675662,0
5755.0,5760.0,5757.5,6.606056e-05,0.0003303028,0
5760.0,5765.0,5762.5,5.242756e-05,0.0002621378,0
5765.0,5770.0,5767.5,6.732202e-05,0.0003366101,0
5770.0,5775.0,5772.5,7.369946e-05,0.0003684973,0
5775.0,5780.0,5777.5,6.990058e-05,0.0003495029,0
5780.0,5785.0,5782.5,7.471884e-05,0.0003735942,0
5785.0,5790.0,5787.5,7.22994e-05,0.000361497,0
5790.0,5795.0,5792.5,5.8661454e-05,0.00029330727,0
5795.0,5800.0,5797.5,7.2377e-05,0.000361885,0
5800.0,5805.0,5802.5,6.368692e-05,0.0003184346,0
5805.0,5810.0,5807.5,5.359776e-05,0.0002679888,0
5810.0,5815.0,5812.5,6.11633e-05,0.0003058165,0
5815.0,5820.0,5817.5,8.99013e-05,0.0004495065,0
5820.0,5825.0,5822.5,5.4877034e-05,0.00027438517,0
5825.0,5830.0,5827.5,7.231488e-05,0.0003615744,0
5830.0,5835.0,5832.5,6.857068e-05,0.0003428534,0
5835.0,5840.0,5837.5,6.729674e-05,0.0003364837,0
5840.0,5845.0,5842.5,5.981474e-05,0.0002990737,0
5845.0,5850.0,5847.5,8.11281e-05,0.0004056405,0
5850.0,5855.0,5852.5,6.232032e-05,0.0003116016,0
5855.0,5860.0,5857.5,7.107196e-05,0.0003553598,0
5860.0,5865.0,5862.5,5.234182e-05,0.0002617091,0
5865.0,5870.0,5867.5,7.35826e-05,0.000367913,0
5870.0,5875.0,5872.5,6.992468e-05,0.0003496234,0
5875.0,5880.0,5877.5,5.8646942e-05,0.00029323471,0
5880.0,5885.0,5882.5,6.363644e-05,0.0003181822,0
5885.0,5890.0,5887.5,5.241116e-05,0.0002620558,0
5890.0,5895.0,5892.5,5.355066e-05,0.0002677533,0
5895.0,5900.0,5897.5,5.611814e-05,0.0002805907,0
5900.0,5905.0,5902.5,5.480132e-05,0.0002740066,0
5905.0,5910.0,5907.5,6.603054e-05,0.0003301527,0
5910.0,5915.0,5912.5,6.614698e-05,0.0003307349,0
5915.0,5920.0,5917.5,8.23397e-05,0.0004116985,0
5920.0,5925.0,5922.5,6.352386e-05,0.0003176193,0
5925.0,5930.0,5927.5,5.983286e-05,0.0002991643,0
5930.0,5935.0,5932.5,7.480576e-05,0.0003740288,0
5935.0,5940.0,5937.5,6.606808e-05,0.0003303404,0
5940.0,5945.0,5942.5,5.99469e-05,0.0002997345,0
5945.0,5950.0,5947.5,7.4736e-05,0.00037368,0
5950.0,5955.0,5952.5,7.23599e-05,0.0003617995,0
5955.0,5960.0,5957.5,6.732796e-05,0.0003366398,0
5960.0,5965.0,5962.5,5.869182e-05,0.0002934591,0
5965.0,5970.0,5967.5,5.85311e-05,0.0002926555,0
5970.0,5975.0,5972.5,6.6042342e-05,0.00033021171,0
5975.0,5980.0,5977.5,7.7270322e-05,0.00038635161,0
5980.0,5985.0,5982.5,6.5909864e-05,0.00032954932,0
5985.0,5990.0,5987.5,8.47312e-05,0.000423656,0
5990.0,5995.0,5992.5,6.23815e-05,0.0003119075,0
5995.0,6000.0,5997.5,7.358222e-05,0.0003679111,0
6000.0,6005.0,6002.5,5.988464e-05,0.0002994232,0
6005.0,6010.0,6007.5,6.499238e-05,0.0003249619,0
6010.0,6015.0,6012.5,5.224826e-05,0.0002612413,0
6015.0,6020.0,6017.5,5.988066e-05,0.0002994033,0
6020.0,6025.0,6022.5,9.099134e-05,0.0004549567,0
6025.0,6030.0,6027.5,5.117522e-05,0.0002558761,0
6030.0,6035.0,6032.5,7.361996e-05,0.0003680998,0
6035.0,6040.0,6037.5,7.731506e-05,0.0003865753,0
6040.0,6045.0,6042.5,6.1129794e-05,0.00030564897,0
6045.0,6050.0,6047.5,6.4867122e-05,0.00032433561,0
6050.0,6055.0,6052.5,6.0997662e-05,0.00030498831,0
6055.0,6060.0,6057.5,7.110446e-05,0.0003555223,0
6060.0,6065.0,6062.5,5.732042e-05,0.0002866021,0
6065.0,6070.0,6067.5,6.4711142e-05,0.00032355571,0
6070.0,6075.0,6072.5,7.983472e-05,0.0003991736,0
6075.0,6080.0,6077.5,6.1082856e-05,0.00030541428,0
6080.0,6085.0,6082.5,7.227794e-05,0.0003613897,0
6085.0,6090.0,6087.5,7.7206e-05,0.00038603,0
6090.0,6095.0,6092.5,5.118386e-05,0.0002559193,0
6095.0,6100.0,6097.5,5.85185e-05,0.0002925925,0
6100.0,6105.0,6102.5,6.849084e-05,0.0003424542,0
6105.0,6110.0,6107.5,6.97681e-05,0.0003488405,0
6110.0,6115.0,6112.5,6.471326e-05,0.0003235663,0
6115.0,6120.0,6117.5,5.119728e-05,0.0002559864,0
6120.0,6125.0,6122.5,6.6030024e-05,0.00033015012,0
6125.0,6130.0,6127.5,5.8559e-05,0.000292795,0
6130.0,6135.0,6132.5,6.485648e-05,0.0003242824,0
6135.0,6140.0,6137.5,6.611464e-05,0.0003305732,0
6140.0,6145.0,6142.5,6.985892e-05,0.0003492946,0
6145.0,6150.0,6147.5,6.981312e-05,0.0003490656,0
6150.0,6155.0,6152.5,7.242734e-05,0.0003621367,0
6155.0,6160.0,6157.5,7.489416e-05,0.0003744708,0
6160.0,6165.0,6162.5,7.106974e-05,0.0003553487,0
6165.0,6170.0,6167.5,5.240124e-05,0.0002620062,0
6170.0,6175.0,6172.5,9.348814e-05,0.0004674407,0
6175.0,6180.0,6177.5,7.601404e-05,0.0003800702,0
6180.0,6185.0,6182.5,6.7369382e-05,0.00033684691,0
6185.0,6190.0,6187.5,5.752015e-05,0.00028760075,0
6190.0,6195.0,6192.5,6.73297e-05,0.0003366485,0
6195.0,6200.0,6197.5,6.476064e-05,0.0003238032,0
6200.0,6205.0,6202.5,6.116658e-05,0.0003058329,0
6205.0,6210.0,6207.5,7.107686e-05,0.0003553843,0
6210.0,6215.0,6212.5,7.732684e-05,0.0003866342,0
6215.0,6220.0,6217.5,6.242666e-05,0.0003121333,0
6220.0,6225.0,6222.5,6.358432e-05,0.0003179216,0
6225.0,6230.0,6227.5,6.48709e-05,0.0003243545,0
6230.0,6235.0,6232.5,6.62068e-05,0.000331034,0
6235.0,6240.0,6237.5,5.7264922e-05,0.00028632461,0
6240.0,6245.0,6242.5,6.112354e-05,0.0003056177,0
6245.0,6250.0,6247.5,4.6189822e-05,0.00023094911,0
6250.0,6255.0,6252.5,5.4773326e-05,0.00027386663,0
6255.0,6260.0,6257.5,5.228602e-05,0.0002614301,0
6260.0,6265.0,6262.5,6.607702e-05,0.0003303851,0
6265.0,6270.0,6267.5,6.1192736e-05,0.00030596368,0
6270.0,6275.0,6272.5,6.358694e-05,0.0003179347,0
6275.0,6280.0,6277.5,6.486916e-05,0.0003243458,0
6280.0,6285.0,6282.5,5.3664978e-05,0.00026832489,0
6285.0,6290.0,6287.5,7.345336e-05,0.0003672668,0
6290.0,6295.0,6292.5,5.4910422e-05,0.00027455211,0
6295.0,6300.0,6297.5,4.9833418e-05,0.00024916709,0
6300.0,6305.0,6302.5,5.1091002e-05,0.00025545501,0
6305.0,6310.0,6307.5,6.9758e-05,0.00034879,0
6310.0,6315.0,6312.5,5.352204e-05,0.0002676102,0
6315.0,6320.0,6317.5,5.4895824e-05,0.00027447912,0
6320.0,6325.0,6322.5,5.2354e-05,0.00026177,0
6325.0,6330.0,6327.5,6.985286e-05,0.0003492643,0
6330.0,6335.0,6332.5,5.866222e-05,0.0002933111,0
6335.0,6340.0,6337.5,5.868034e-05,0.0002934017,0
6340.0,6345.0,6342.5,5.746934e-05,0.0002873467,0
6345.0,6350.0,6347.5,4.493233e-05,0.00022466165,0
6350.0,6355.0,6352.5,6.106288e-05,0.0003053144,0
6355.0,6360.0,6357.5,6.72764e-05,0.000336382,0
6360.0,6365.0,6362.5,5.4929442e-05,0.00027464721,0
6365.0,6370.0,6367.5,5.4836234e-05,0.00027418117,0
6370.0,6375.0,6372.5,5.745456e-05,0.0002872728,0
6375.0,6380.0,6377.5,7.234768e-05,0.0003617384,0
6380.0,6385.0,6382.5,6.2379056e-05,0.00031189528,0
6385.0,6390.0,6387.5,6.0979436e-05,0.00030489718,0
6390.0,6395.0,6392.5,7.234932e-05,0.0003617466,0
6395.0,6400.0,6397.5,6.9883498e-05,0.00034941749,0
6400.0,6405.0,6402.5,6.981098e-05,0.0003490549,0
6405.0,6410.0,6407.5,5.7310964e-05,0.00028655482,0
6410.0,6415.0,6412.5,5.613304e-05,0.0002806652,0
6415.0,6420.0,6417.5,6.736184e-05,0.0003368092,0
6420.0,6425.0,6422.5,6.104858e-05,0.0003052429,0
6425.0,6430.0,6427.5,6.113034e-05,0.0003056517,0
6430.0,6435.0,6432.5,6.616626e-05,0.0003308313,0
6435.0,6440.0,6437.5,5.985172e-05,0.0002992586,0
6440.0,6445.0,6442.5,4.9973552e-05,0.00024986776,0
6445.0,6450.0,6447.5,4.733414e-05,0.0002366707,0
6450.0,6455.0,6452.5,4.866828e-05,0.0002433414,0
6455.0,6460.0,6457.5,3.7373506e-05,0.00018686753,0
6460.0,6465.0,6462.5,4.6142836e-05,0.00023071418,0
6465.0,6470.0,6467.5,6.352194e-05,0.0003176097,0
6470.0,6475.0,6472.5,6.493096e-05,0.0003246548,0
6475.0,6480.0,6477.5,6.3545604e-05,0.00031772802,0
6480.0,6485.0,6482.5,5.607142e-05,0.0002803571,0
6485.0,6490.0,6487.5,6.480802e-05,0.0003240401,0
6490.0,6495.0,6492.5,4.86737e-05,0.0002433685,0
6495.0,6500.0,6497.5,7.229498e-05,0.0003614749,0
6500.0,6505.0,6502.5,5.48651e-05,0.0002743255,0
6505.0,6510.0,6507.5,5.1133496e-05,0.00025566748,0
6510.0,6515.0,6512.5,5.988524e-05,0.0002994262,0
6515.0,6520.0,6517.5,5.3645502e-05,0.00026822751,0
6520.0,6525.0,6522.5,6.1132392e-05,0.00030566196,0
6525.0,6530.0,6527.5,5.618554e-05,0.0002809277,0
6530.0,6535.0,6532.5,5.870714e-05,0.0002935357,0
6535.0,6540.0,6537.5,5.4871392e-05,0.00027435696,0
6540.0,6545.0,6542.5,6.108118e-05,0.0003054059,0
6545.0,6550.0,6547.5,3.860544e-05,0.0001930272,0
6550.0,6555.0,6552.5,5.235014e-05,0.0002617507,0
6555.0,6560.0,6557.5,4.36542e-05,0.000218271,0
6560.0,6565.0,6562.5,5.0016712e-05,0.00025008356,0
6565.0,6570.0,6567.5,6.236136e-05,0.0003118068,0
6570.0,6575.0,6572.5,4.6231344e-05,0.00023115672,0
6575.0,6580.0,6577.5,6.606042e-05,0.0003303021,0
6580.0,6585.0,6582.5,7.1071982e-05,0.00035535991,0
6585.0,6590.0,6587.5,4.1190504e-05,0.00020595252,0
6590.0,6595.0,6592.5,6.236132e-05,0.0003118066,0
6595.0,6600.0,6597.5,5.732038e-05,0.0002866019,0
6600.0,6605.0,6602.5,6.111328e-05,0.0003055664,0
6605.0,6610.0,6607.5,5.2311604e-05,0.00026155802,0
6610.0,6615.0,6612.5,5.2351202e-05,0.00026175601,0
6615.0,6620.0,6617.5,5.4783422e-05,0.00027391711,0
6620.0,6625.0,6622.5,6.476924e-05,0.0003238462,0
6625.0,6630.0,6627.5,5.479722e-05,0.0002739861,0
6630.0,6635.0,6632.5,5.610276e-05,0.0002805138,0
6635.0,6640.0,6637.5,5.3602058e-05,0.00026801029,0
6640.0,6645.0,6642.5,5.3612834e-05,0.00026806417,0
6645.0,6650.0,6647.5,6.86742e-05,0.000343371,0
6650.0,6655.0,6652.5,5.3618096e-05,0.00026809048,0
6655.0,6660.0,6657.5,6.60104e-05,0.000330052,0
6660.0,6665.0,6662.5,5.861748e-05,0.0002930874,0
6665.0,6670.0,6667.5,4.3575656e-05,0.00021787828,0
6670.0,6675.0,6672.5,5.3574084e-05,0.00026787042,0
6675.0,6680.0,6677.5,4.4867e-05,0.000224335,0
6680.0,6685.0,6682.5,6.228542e-05,0.0003114271,0
6685.0,6690.0,6687.5,7.104664e-05,0.0003552332,0
6690.0,6695.0,6692.5,6.35926e-05,0.000317963,0
6695.0,6700.0,6697.5,6.483284e-05,0.0003241642,0
6700.0,6705.0,6702.5,6.113442e-05,0.0003056721,0
6705.0,6710.0,6707.5,6.48278e-05,0.000324139,0
6710.0,6715.0,6712.5,5.860986e-05,0.0002930493,0
6715.0,6720.0,6717.5,4.7385496e-05,0.00023692748,0
6720.0,6725.0,6722.5,5.6062524e-05,0.00028031262,0
6725.0,6730.0,6727.5,6.737215e-05,0.00033686075,0
6730.0,6735.0,6732.5,4.4842618e-05,0.00022421309,0
6735.0,6740.0,6737.5,5.488938e-05,0.0002744469,0
6740.0,6745.0,6742.5,3.9856418e-05,0.00019928209,0
6745.0,6750.0,6747.5,5.11302e-05,0.000255651,0
6750.0,6755.0,6752.5,6.233493e-05,0.00031167465,0
6755.0,6760.0,6757.5,5.2289596e-05,0.00026144798,0
6760.0,6765.0,6762.5,5.47277e-05,0.0002736385,0
6765.0,6770.0,6767.5,6.7379242e-05,0.00033689621,0
6770.0,6775.0,6772.5,7.234474e-05,0.0003617237,0
6775.0,6780.0,6777.5,6.48186e-05,0.000324093,0
6780.0,6785.0,6782.5,5.241732e-05,0.0002620866,0
6785.0,6790.0,6787.5,4.8634272e-05,0.00024317136,0
6790.0,6795.0,6792.5,5.244374e-05,0.0002622187,0
6795.0,6800.0,6797.5,3.8689876e-05,0.00019344938,0
6800.0,6805.0,6802.5,4.4865494e-05,0.00022432747,0
6805.0,6810.0,6807.5,4.1190638e-05,0.00020595319,0
6810.0,6815.0,6812.5,5.4850002e-05,0.00027425001,0
6815.0,6820.0,6817.5,4.614782e-05,0.0002307391,0
6820.0,6825.0,6822.5,5.226088e-05,0.0002613044,0
6825.0,6830.0,6827.5,4.496056e-05,0.0002248028,0
6830.0,6835.0,6832.5,5.487403e-05,0.00027437015,0
6835.0,6840.0,6837.5,5.861946e-05,0.0002930973,0
6840.0,6845.0,6842.5,6.6163738e-05,0.00033081869,0
6845.0,6850.0,6847.5,5.117124e-05,0.0002558562,0
6850.0,6855.0,6852.5,6.850667e-05,0.00034253335,0
6855.0,6860.0,6857.5,5.242356e-05,0.0002621178,0
6860.0,6865.0,6862.5,4.731214e-05,0.0002365607,0
6865.0,6870.0,6867.5,5.359349e-05,0.00026796745,0
6870.0,6875.0,6872.5,5.618112e-05,0.0002809056,0
6875.0,6880.0,6877.5,5.4955034e-05,0.00027477517,0
6880.0,6885.0,6882.5,5.232498e-05,0.0002616249,0
6885.0,6890.0,6887.5,5.247228e-05,0.0002623614,0
6890.0,6895.0,6892.5,5.85705e-05,0.0002928525,0
6895.0,6900.0,6897.5,4.74078e-05,0.000237039,0
6900.0,6905.0,6902.5,5.4925598e-05,0.00027462799,0
6905.0,6910.0,6907.5,6.6052296e-05,0.00033026148,0
6910.0,6915.0,6912.5,5.231102e-05,0.0002615551,0
6915.0,6920.0,6917.5,5.358807e-05,0.00026794035,0
6920.0,6925.0,6922.5,4.2363476e-05,0.00021181738,0
6925.0,6930.0,6927.5,6.23395e-05,0.0003116975,0
6930.0,6935.0,6932.5,7.371726e-05,0.0003685863,0
6935.0,6940.0,6937.5,4.9901292e-05,0.00024950646,0
6940.0,6945.0,6942.5,5.347869e-05,0.00026739345,0
6945.0,6950.0,6947.5,4.115842e-05,0.0002057921,0
6950.0,6955.0,6952.5,4.7450362e-05,0.00023725181,0
6955.0,6960.0,6957.5,4.484908e-05,0.0002242454,0
6960.0,6965.0,6962.5,5.11218e-05,0.000255609,0
6965.0,6970.0,6967.5,5.113346e-05,0.0002556673,0
6970.0,6975.0,6972.5,6.48377e-05,0.0003241885,0
6975.0,6980.0,6977.5,4.9901892e-05,0.00024950946,0
6980.0,6985.0,6982.5,5.986512e-05,0.0002993256,0
6985.0,6990.0,6987.5,4.739776e-05,0.0002369888,0
6990.0,6995.0,6992.5,5.61731e-05,0.0002808655,0
6995.0,7000.0,6997.5,5.1180534e-05,0.00025590267,0
7000.0,7005.0,7002.5,5.617012e-05,0.0002808506,0
7005.0,7010.0,7007.5,5.1217954e-05,0.00025608977,0
7010.0,7015.0,7012.5,6.614674e-05,0.0003307337,0
7015.0,7020.0,7017.5,4.8661772e-05,0.00024330886,0
7020.0,7025.0,7022.5,4.870798e-05,0.0002435399,0
7025.0,7030.0,7027.5,6.000076e-05,0.0003000038,0
7030.0,7035.0,7032.5,5.3559562e-05,0.00026779781,0
7035.0,7040.0,7037.5,5.4891562e-05,0.00027445781,0
7040.0,7045.0,7042.5,5.608866e-05,0.0002804433,0
7045.0,7050.0,7047.5,4.1128266e-05,0.00020564133,0
7050.0,7055.0,7052.5,4.61345e-05,0.0002306725,0
7055.0,7060.0,7057.5,4.860246e-05,0.0002430123,0
7060.0,7065.0,7062.5,5.485427e-05,0.00027427135,0
7065.0,7070.0,7067.5,5.4855842e-05,0.00027427921,0
7070.0,7075.0,7072.5,4.2446794e-05,0.00021223397,0
7075.0,7080.0,7077.5,6.3451624e-05,0.00031725812,0
7080.0,7085.0,7082.5,5.236672e-05,0.0002618336,0
7085.0,7090.0,7087.5,5.866426e-05,0.0002933213,0
7090.0,7095.0,7092.5,5.497174e-05,0.0002748587,0
7095.0,7100.0,7097.5,5.7356364e-05,0.00028678182,0
7100.0,7105.0,7102.5,4.363308e-05,0.0002181654,0
7105.0,7110.0,7107.5,4.116382e-05,0.0002058191,0
7110.0,7115.0,7112.5,5.614848e-05,0.0002807424,0
7115.0,7120.0,7117.5,4.1197284e-05,0.00020598642,0
7120.0,7125.0,7122.5,5.36854e-05,0.000268427,0
7125.0,7130.0,7127.5,6.356304e-05,0.0003178152,0
7130.0,7135.0,7132.5,5.988884e-05,0.0002994442,0
7135.0,7140.0,7137.5,4.98614e-05,0.000249307,0
7140.0,7145.0,7142.5,6.2253722e-05,0.00031126861,0
7145.0,7150.0,7147.5,5.983978e-05,0.0002991989,0
7150.0,7155.0,7152.5,4.488674e-05,0.0002244337,0
7155.0,7160.0,7157.5,5.858e-05,0.0002929,0
7160.0,7165.0,7162.5,4.481464e-05,0.0002240732,0
7165.0,7170.0,7167.5,5.1135432e-05,0.00025567716,0
7170.0,7175.0,7172.5,4.2450466e-05,0.00021225233,0
7175.0,7180.0,7177.5,7.105754e-05,0.0003552877,0
7180.0,7185.0,7182.5,4.9787616e-05,0.00024893808,0
7185.0,7190.0,7187.5,5.731078e-05,0.0002865539,0
7190.0,7195.0,7192.5,4.61875e-05,0.0002309375,0
7195.0,7200.0,7197.5,4.6167098e-05,0.00023083549,0
7200.0,7205.0,7202.5,5.733134e-05,0.0002866567,0
7205.0,7210.0,7207.5,3.9894342e-05,0.00019947171,0
7210.0,7215.0,7212.5,5.979182e-05,0.0002989591,0
7215.0,7220.0,7217.5,3.7348556e-05,0.00018674278,0
7220.0,7225.0,7222.5,4.2398802e-05,0.00021199401,0
7225.0,7230.0,7227.5,4.9850162e-05,0.00024925081,0
7230.0,7235.0,7232.5,4.61829e-05,0.0002309145,0
7235.0,7240.0,7237.5,4.4876142e-05,0.00022438071,0
7240.0,7245.0,7242.5,4.490652e-05,0.0002245326,0
7245.0,7250.0,7247.5,4.359969e-05,0.00021799845,0
7250.0,7255.0,7252.5,5.1207732e-05,0.00025603866,0
7255.0,7260.0,7257.5,5.6033996e-05,0.00028016998,0
7260.0,7265.0,7262.5,4.2448178e-05,0.00021224089,0
7265.0,7270.0,7267.5,4.2410254e-05,0.00021205127,0
7270.0,7275.0,7272.5,4.6211074e-05,0.00023105537,0
7275.0,7280.0,7277.5,3.6210432e-05,0.00018105216,0
7280.0,7285.0,7282.5,3.9953534e-05,0.00019976767,0
7285.0,7290.0,7287.5,4.75127e-05,0.0002375635,0
7290.0,7295.0,7292.5,5.117714e-05,0.0002558857,0
7295.0,7300.0,7297.5,4.619693e-05,0.00023098465,0
7300.0,7305.0,7302.5,6.360539e-05,0.00031802695,0
7305.0,7310.0,7307.5,5.482648e-05,0.0002741324,0
7310.0,7315.0,7312.5,4.2377478e-05,0.00021188739,0
7315.0,7320.0,7317.5,4.2408342e-05,0.00021204171,0
7320.0,7325.0,7322.5,4.9968504e-05,0.00024984252,0
7325.0,7330.0,7327.5,3.6154288e-05,0.00018077144,0
7330.0,7335.0,7332.5,4.1138354e-05,0.00020569177,0
7335.0,7340.0,7337.5,6.108928e-05,0.0003054464,0
7340.0,7345.0,7342.5,5.734594e-05,0.0002867297,0
7345.0,7350.0,7347.5,5.352034e-05,0.0002676017,0
7350.0,7355.0,7352.5,5.729706e-05,0.0002864853,0
7355.0,7360.0,7357.5,5.238694e-05,0.0002619347,0
7360.0,7365.0,7362.5,6.477906e-05,0.0003238953,0
7365.0,7370.0,7367.5,5.1119454e-05,0.00025559727,0
7370.0,7375.0,7372.5,4.134354e-05,0.0002067177,0
7375.0,7380.0,7377.5,3.4985174e-05,0.00017492587,0
7380.0,7385.0,7382.5,4.7432812e-05,0.00023716406,0
7385.0,7390.0,7387.5,4.241438e-05,0.0002120719,0
7390.0,7395.0,7392.5,4.7464942e-05,0.00023732471,0
7395.0,7400.0,7397.5,4.740094e-05,0.0002370047,0
7400.0,7405.0,7402.5,5.239144e-05,0.0002619572,0
7405.0,7410.0,7407.5,4.36278e-05,0.000218139,0
7410.0,7415.0,7412.5,4.7380138e-05,0.00023690069,0
7415.0,7420.0,7417.5,4.9870658e-05,0.00024935329,0
7420.0,7425.0,7422.5,3.489018e-05,0.0001744509,0
7425.0,7430.0,7427.5,4.1160894e-05,0.00020580447,0
7430.0,7435.0,7432.5,5.863628e-05,0.0002931814,0
7435.0,7440.0,7437.5,5.235136e-05,0.0002617568,0
7440.0,7445.0,7442.5,4.854768e-05,0.0002427384,0
7445.0,7450.0,7447.5,3.8642942e-05,0.00019321471,0
7450.0,7455.0,7452.5,4.480902e-05,0.0002240451,0
7455.0,7460.0,7457.5,4.741462e-05,0.0002370731,0
7460.0,7465.0,7462.5,3.8724588e-05,0.00019362294,0
7465.0,7470.0,7467.5,5.732392e-05,0.0002866196,0
7470.0,7475.0,7472.5,4.237555e-05,0.00021187775,0
7475.0,7480.0,7477.5,3.7442558e-05,0.00018721279,0
7480.0,7485.0,7482.5,5.6042262e-05,0.00028021131,0
7485.0,7490.0,7487.5,5.36359e-05,0.0002681795,0
7490.0,7495.0,7492.5,3.2459614e-05,0.00016229807,0
7495.0,7500.0,7497.5,4.4958654e-05,0.00022479327,0
7500.0,7505.0,7502.5,5.235222e-05,0.0002617611,0
7505.0,7510.0,7507.5,5.997056e-05,0.0002998528,0
7510.0,7515.0,7512.5,4.4957758e-05,0.00022478879,0
7515.0,7520.0,7517.5,2.741942e-05,0.0001370971,0
7520.0,7525.0,7522.5,4.982678e-05,0.0002491339,0
7525.0,7530.0,7527.5,5.488168e-05,0.0002744084,0
7530.0,7535.0,7532.5,4.235582e-05,0.0002117791,0
7535.0,7540.0,7537.5,3.6107272e-05,0.00018053636,0
7540.0,7545.0,7542.5,4.1190422e-05,0.00020595211,0
7545.0,7550.0,7547.5,6.7427984e-05,0.00033713992,0
7550.0,7555.0,7552.5,4.6078476e-05,0.00023039238,0
7555.0,7560.0,7557.5,5.48516e-05,0.000274258,0
7560.0,7565.0,7562.5,4.1217872e-05,0.00020608936,0
7565.0,7570.0,7567.5,4.3704394e-05,0.00021852197,0
7570.0,7575.0,7572.5,4.6072436e-05,0.00023036218,0
7575.0,7580.0,7577.5,4.1174162e-05,0.00020587081,0
7580.0,7585.0,7582.5,4.6140074e-05,0.00023070037,0
7585.0,7590.0,7587.5,3.6187966e-05,0.00018093983,0
7590.0,7595.0,7592.5,4.484592e-05,0.0002242296,0
7595.0,7600.0,7597.5,3.996494e-05,0.0001998247,0
7600.0,7605.0,7602.5,3.4942704e-05,0.00017471352,0
7605.0,7610.0,7607.5,4.233406e-05,0.0002116703,0
7610.0,7615.0,7612.5,5.98605e-05,0.0002993025,0
7615.0,7620.0,7617.5,5.10421e-05,0.0002552105,0
7620.0,7625.0,7622.5,5.867622e-05,0.0002933811,0
7625.0,7630.0,7627.5,5.23189e-05,0.0002615945,0
7630.0,7635.0,7632.5,4.1145224e-05,0.00020572612,0
7635.0,7640.0,7637.5,3.488244e-05,0.0001744122,0
7640.0,7645.0,7642.5,5.4818816e-05,0.00027409408,0
7645.0,7650.0,7647.5,4.6229622e-05,0.00023114811,0
7650.0,7655.0,7652.5,4.8635778e-05,0.00024317889,0
7655.0,7660.0,7657.5,4.610466e-05,0.0002305233,0
7660.0,7665.0,7662.5,3.1209038e-05,0.00015604519,0
7665.0,7670.0,7667.5,5.4871482e-05,0.00027435741,0
7670.0,7675.0,7672.5,4.7456798e-05,0.00023728399,0
7675.0,7680.0,7677.5,3.985152e-05,0.0001992576,0
7680.0,7685.0,7682.5,5.235836e-05,0.0002617918,0
7685.0,7690.0,7687.5,5.476858e-05,0.0002738429,0
7690.0,7695.0,7692.5,4.613523e-05,0.00023067615,0
7695.0,7700.0,7697.5,4.740578e-05,0.0002370289,0
7700.0,7705.0,7702.5,4.2479072e-05,0.00021239536,0
7705.0,7710.0,7707.5,4.6118922e-05,0.00023059461,0
7710.0,7715.0,7712.5,5.480364e-05,0.0002740182,0
7715.0,7720.0,7717.5,4.116043e-05,0.00020580215,0
7720.0,7725.0,7722.5,4.989832e-05,0.0002494916,0
7725.0,7730.0,7727.5,3.2466434e-05,0.00016233217,0
7730.0,7735.0,7732.5,4.859752e-05,0.0002429876,0
7735.0,7740.0,7737.5,3.751496e-05,0.0001875748,0
7740.0,7745.0,7742.5,2.7428266e-05,0.00013714133,0
7745.0,7750.0,7747.5,3.742652e-05,0.0001871326,0
7750.0,7755.0,7752.5,3.238577e-05,0.00016192885,0
7755.0,7760.0,7757.5,4.7430242e-05,0.00023715121,0
7760.0,7765.0,7762.5,4.489018e-05,0.0002244509,0
7765.0,7770.0,7767.5,4.3573094e-05,0.00021786547,0
7770.0,7775.0,7772.5,4.114136e-05,0.0002057068,0
7775.0,7780.0,7777.5,6.220584e-05,0.0003110292,0
7780.0,7785.0,7782.5,4.731414e-05,0.0002365707,0
7785.0,7790.0,7787.5,4.733394e-05,0.0002366697,0
7790.0,7795.0,7792.5,5.1152962e-05,0.00025576481,0
7795.0,7800.0,7797.5,4.1132502e-05,0.00020566251,0
7800.0,7805.0,7802.5,3.6137434e-05,0.00018068717,0
7805.0,7810.0,7807.5,3.3714054e-05,0.00016857027,0
7810.0,7815.0,7812.5,5.2442502e-05,0.00026221251,0
7815.0,7820.0,7817.5,2.8694854e-05,0.00014347427,0
7820.0,7825.0,7822.5,5.349638e-05,0.0002674819,0
7825.0,7830.0,7827.5,5.3622e-05,0.00026811,0
7830.0,7835.0,7832.5,4.613664e-05,0.0002306832,0
7835.0,7840.0,7837.5,4.7410342e-05,0.00023705171,0
7840.0,7845.0,7842.5,2.7434462e-05,0.00013717231,0
7845.0,7850.0,7847.5,3.6124644e-05,0.00018062322,0
7850.0,7855.0,7852.5,4.364338e-05,0.0002182169,0
7855.0,7860.0,7857.5,4.1191874e-05,0.00020595937,0
7860.0,7865.0,7862.5,4.3768206e-05,0.00021884103,0
7865.0,7870.0,7867.5,3.8658602e-05,0.00019329301,0
7870.0,7875.0,7872.5,3.9939774e-05,0.00019969887,0
7875.0,7880.0,7877.5,4.1123902e-05,0.00020561951,0
7880.0,7885.0,7882.5,5.490618e-05,0.0002745309,0
7885.0,7890.0,7887.5,3.992242e-05,0.0001996121,0
7890.0,7895.0,7892.5,3.11606e-05,0.000155803,0
7895.0,7900.0,7897.5,5.237659e-05,0.00026188295,0
7900.0,7905.0,7902.5,4.8636354e-05,0.00024318177,0
7905.0,7910.0,7907.5,2.240938e-05,0.0001120469,0
7910.0,7915.0,7912.5,4.1111196e-05,0.00020555598,0
7915.0,7920.0,7917.5,5.2264382e-05,0.00026132191,0
7920.0,7925.0,7922.5,4.4945828e-05,0.00022472914,0
7925.0,7930.0,7927.5,5.3704142e-05,0.00026852071,0
7930.0,7935.0,7932.5,3.118979e-05,0.00015594895,0
7935.0,7940.0,7937.5,2.608895e-05,0.00013044475,0
7940.0,7945.0,7942.5,5.3417324e-05,0.00026708662,0
7945.0,7950.0,7947.5,3.241165e-05,0.00016205825,0
7950.0,7955.0,7952.5,3.7363564e-05,0.00018681782,0
7955.0,7960.0,7957.5,3.363981e-05,0.00016819905,0
7960.0,7965.0,7962.5,5.117618e-05,0.0002558809,0
7965.0,7970.0,7967.5,4.8598342e-05,0.00024299171,0
7970.0,7975.0,7972.5,3.4904356e-05,0.00017452178,0
7975.0,7980.0,7977.5,3.989906e-05,0.0001994953,0
7980.0,7985.0,7982.5,5.862516e-05,0.0002931258,0
7985.0,7990.0,7987.5,3.869525e-05,0.00019347625,0
7990.0,7995.0,7992.5,3.9883478e-05,0.00019941739,0
7995.0,8000.0,7997.5,3.607312e-05,0.0001803656,0
8000.0,8005.0,8002.5,4.864353e-05,0.00024321765,0
8005.0,8010.0,8007.5,4.3732224e-05,0.00021866112,0
8010.0,8015.0,8012.5,3.1096456e-05,0.00015548228,0
8015.0,8020.0,8017.5,4.4907012e-05,0.00022453506,0
8020.0,8025.0,8022.5,4.7367022e-05,0.00023683511,0
8025.0,8030.0,8027.5,3.6152432e-05,0.00018076216,0
8030.0,8035.0,8032.5,3.242424e-05,0.0001621212,0
8035.0,8040.0,8037.5,4.86495e-05,0.0002432475,0
8040.0,8045.0,8042.5,3.615084e-05,0.0001807542,0
8045.0,8050.0,8047.5,3.8698014e-05,0.00019349007,0
8050.0,8055.0,8052.5,3.8614862e-05,0.00019307431,0
8055.0,8060.0,8057.5,3.6154606e-05,0.00018077303,0
8060.0,8065.0,8062.5,3.6158404e-05,0.00018079202,0
8065.0,8070.0,8067.5,3.740026e-05,0.0001870013,0
8070.0,8075.0,8072.5,3.2357612e-05,0.00016178806,0
8075.0,8080.0,8077.5,3.6173916e-05,0.00018086958,0
8080.0,8085.0,8082.5,2.8659284e-05,0.00014329642,0
8085.0,8090.0,8087.5,4.370517e-05,0.00021852585,0
8090.0,8095.0,8092.5,4.35782e-05,0.000217891,0
8095.0,8100.0,8097.5,3.4922936e-05,0.00017461468,0
8100.0,8105.0,8102.5,4.7395874e-05,0.00023697937,0
8105.0,8110.0,8107.5,3.498668e-05,0.0001749334,0
8110.0,8115.0,8112.5,4.2447642e-05,0.00021223821,0
8115.0,8120.0,8117.5,4.4863574e-05,0.00022431787,0
8120.0,8125.0,8122.5,2.8664604e-05,0.00014332302,0
8125.0,8130.0,8127.5,3.8617736e-05,0.00019308868,0
8130.0,8135.0,8132.5,2.4886634e-05,0.00012443317,0
8135.0,8140.0,8137.5,3.9915776e-05,0.00019957888,0
8140.0,8145.0,8142.5,4.115228e-05,0.0002057614,0
8145.0,8150.0,8147.5,4.7377714e-05,0.00023688857,0
8150.0,8155.0,8152.5,3.4918242e-05,0.00017459121,0
8155.0,8160.0,8157.5,3.8630388e-05,0.00019315194,0
8160.0,8165.0,8162.5,4.2483108e-05,0.00021241554,0
8165.0,8170.0,8167.5,3.2478054e-05,0.00016239027,0
8170.0,8175.0,8172.5,3.4892824e-05,0.00017446412,0
8175.0,8180.0,8177.5,2.8638998e-05,0.00014319499,0
8180.0,8185.0,8182.5,5.1043858e-05,0.00025521929,0
8185.0,8190.0,8187.5,4.979486e-05,0.0002489743,0
8190.0,8195.0,8192.5,5.1172832e-05,0.00025586416,0
8195.0,8200.0,8197.5,4.611354e-05,0.0002305677,0
8200.0,8205.0,8202.5,5.2461012e-05,0.00026230506,0
8205.0,8210.0,8207.5,3.2398542e-05,0.00016199271,0
8210.0,8215.0,8212.5,4.7463478e-05,0.00023731739,0
8215.0,8220.0,8217.5,4.350972e-05,0.0002175486,0
8220.0,8225.0,8222.5,3.2402968e-05,0.00016201484,0
8225.0,8230.0,8227.5,3.2428824e-05,0.00016214412,0
8230.0,8235.0,8232.5,4.608096e-05,0.0002304048,0
8235.0,8240.0,8237.5,4.50094e-05,0.000225047,0
8240.0,8245.0,8242.5,4.2365524e-05,0.00021182762,0
8245.0,8250.0,8247.5,3.738334e-05,0.0001869167,0
8250.0,8255.0,8252.5,3.3677258e-05,0.00016838629,0
8255.0,8260.0,8257.5,3.868508e-05,0.0001934254,0
8260.0,8265.0,8262.5,3.7446612e-05,0.00018723306,0
8265.0,8270.0,8267.5,5.238044e-05,0.0002619022,0
8270.0,8275.0,8272.5,3.3705682e-05,0.00016852841,0
8275.0,8280.0,8277.5,4.242946e-05,0.0002121473,0
8280.0,8285.0,8282.5,3.9872502e-05,0.00019936251,0
8285.0,8290.0,8287.5,4.3647602e-05,0.00021823801,0
8290.0,8295.0,8292.5,3.9863754e-05,0.00019931877,0
8295.0,8300.0,8297.5,4.7370716e-05,0.00023685358,0
8300.0,8305.0,8302.5,3.5003314e-05,0.00017501657,0
8305.0,8310.0,8307.5,3.6101318e-05,0.00018050659,0
8310.0,8315.0,8312.5,4.3754334e-05,0.00021877167,0
8315.0,8320.0,8317.5,4.9827334e-05,0.00024913667,0
8320.0,8325.0,8322.5,4.2429082e-05,0.00021214541,0
8325.0,8330.0,8327.5,3.8751756e-05,0.00019375878,0
8330.0,8335.0,8332.5,5.7465854e-05,0.00028732927,0
8335.0,8340.0,8337.5,4.116046e-05,0.0002058023,0
8340.0,8345.0,8342.5,3.7395504e-05,0.00018697752,0
8345.0,8350.0,8347.5,2.6216552e-05,0.00013108276,0
8350.0,8355.0,8352.5,4.3708598e-05,0.00021854299,0
8355.0,8360.0,8357.5,3.4806522e-05,0.00017403261,0
8360.0,8365.0,8362.5,3.36263e-05,0.0001681315,0
8365.0,8370.0,8367.5,3.6157972e-05,0.00018078986,0
8370.0,8375.0,8372.5,3.3600858e-05,0.00016800429,0
8375.0,8380.0,8377.5,2.7394342e-05,0.00013697171,0
8380.0,8385.0,8382.5,2.9878154e-05,0.00014939077,0
8385.0,8390.0,8387.5,3.241396e-05,0.0001620698,0
8390.0,8395.0,8392.5,4.359258e-05,0.0002179629,0
8395.0,8400.0,8397.5,2.6191662e-05,0.00013095831,0
8400.0,8405.0,8402.5,3.6100956e-05,0.00018050478,0
8405.0,8410.0,8407.5,3.1208016e-05,0.00015604008,0
8410.0,8415.0,8412.5,4.367995e-05,0.00021839975,0
8415.0,8420.0,8417.5,3.4839584e-05,0.00017419792,0
8420.0,8425.0,8422.5,3.9950234e-05,0.00019975117,0
8425.0,8430.0,8427.5,3.2339788e-05,0.00016169894,0
8430.0,8435.0,8432.5,3.4948494e-05,0.00017474247,0
8435.0,8440.0,8437.5,3.6208852e-05,0.00018104426,0
8440.0,8445.0,8442.5,2.4977466e-05,0.00012488733,0
8445.0,8450.0,8447.5,3.2460554e-05,0.00016230277,0
8450.0,8455.0,8452.5,4.234694e-05,0.0002117347,0
8455.0,8460.0,8457.5,3.867118e-05,0.0001933559,0
8460.0,8465.0,8462.5,2.8694314e-05,0.00014347157,0
8465.0,8470.0,8467.5,3.1168132e-05,0.00015584066,0
8470.0,8475.0,8472.5,2.6164442e-05,0.00013082221,0
8475.0,8480.0,8477.5,4.2458502e-05,0.00021229251,0
8480.0,8485.0,8482.5,3.623138e-05,0.0001811569,0
8485.0,8490.0,8487.5,2.9895398e-05,0.00014947699,0
8490.0,8495.0,8492.5,3.1201772e-05,0.00015600886,0
8495.0,8500.0,8497.5,3.4845002e-05,0.00017422501,0
8500.0,8505.0,8502.5,2.6248152e-05,0.00013124076,0
8505.0,8510.0,8507.5,2.8630298e-05,0.00014315149,0
8510.0,8515.0,8512.5,2.8655824e-05,0.00014327912,0
8515.0,8520.0,8517.5,2.61643e-05,0.0001308215,0
8520.0,8525.0,8522.5,3.9942752e-05,0.00019971376,0
8525.0,8530.0,8527.5,3.2396622e-05,0.00016198311,0
8530.0,8535.0,8532.5,3.3733984e-05,0.00016866992,0
8535.0,8540.0,8537.5,3.7383098e-05,0.00018691549,0
8540.0,8545.0,8542.5,3.4968854e-05,0.00017484427,0
8545.0,8550.0,8547.5,2.244352e-05,0.0001122176,0
8550.0,8555.0,8552.5,3.2487642e-05,0.00016243821,0
8555.0,8560.0,8557.5,2.2432296e-05,0.00011216148,0
8560.0,8565.0,8562.5,2.4854944e-05,0.00012427472,0
8565.0,8570.0,8567.5,3.1186596e-05,0.00015593298,0
8570.0,8575.0,8572.5,3.7504992e-05,0.00018752496,0
8575.0,8580.0,8577.5,4.489054e-05,0.0002244527,0
8580.0,8585.0,8582.5,2.3749326e-05,0.00011874663,0
8585.0,8590.0,8587.5,2.1211888e-05,0.00010605944,0
8590.0,8595.0,8592.5,3.2432858e-05,0.00016216429,0
8595.0,8600.0,8597.5,3.243564e-05,0.0001621782,0
8600.0,8605.0,8602.5,2.9927756e-05,0.00014963878,0
8605.0,8610.0,8607.5,2.7422492e-05,0.00013711246,0
8610.0,8615.0,8612.5,2.9877224e-05,0.00014938612,0
8615.0,8620.0,8617.5,4.246414e-05,0.0002123207,0
8620.0,8625.0,8622.5,2.2506692e-05,0.00011253346,0
8625.0,8630.0,8627.5,2.3722146e-05,0.00011861073,0
8630.0,8635.0,8632.5,3.9924858e-05,0.00019962429,0
8635.0,8640.0,8637.5,3.1246832e-05,0.00015623416,0
8640.0,8645.0,8642.5,2.8706846e-05,0.00014353423,0
8645.0,8650.0,8647.5,2.993606e-05,0.0001496803,0
8650.0,8655.0,8652.5,3.3704944e-05,0.00016852472,0
8655.0,8660.0,8657.5,3.37109e-05,0.0001685545,0
8660.0,8665.0,8662.5,3.61398e-05,0.000180699,0
8665.0,8670.0,8667.5,2.6241132e-05,0.00013120566,0
8670.0,8675.0,8672.5,2.115446e-05,0.0001057723,0
8675.0,8680.0,8677.5,2.3673946e-05,0.00011836973,0
8680.0,8685.0,8682.5,2.9884548e-05,0.00014942274,0
8685.0,8690.0,8687.5,3.2437516e-05,0.00016218758,0
8690.0,8695.0,8692.5,2.496437e-05,0.00012482185,0
8695.0,8700.0,8697.5,2.9915072e-05,0.00014957536,0
8700.0,8705.0,8702.5,2.9997966e-05,0.00014998983,0
8705.0,8710.0,8707.5,4.2452692e-05,0.00021226346,0
8710.0,8715.0,8712.5,2.9912264e-05,0.00014956132,0
8715.0,8720.0,8717.5,4.1181052e-05,0.00020590526,0
8720.0,8725.0,8722.5,3.744762e-05,0.0001872381,0
8725.0,8730.0,8727.5,3.494791e-05,0.00017473955,0
8730.0,8735.0,8732.5,2.6160802e-05,0.00013080401,0
8735.0,8740.0,8737.5,3.3671958e-05,0.00016835979,0
8740.0,8745.0,8742.5,2.8687508e-05,0.00014343754,0
8745.0,8750.0,8747.5,2.8722356e-05,0.00014361178,0
8750.0,8755.0,8752.5,2.745535e-05,0.00013727675,0
8755.0,8760.0,8757.5,4.113469e-05,0.00020567345,0
8760.0,8765.0,8762.5,3.604968e-05,0.0001802484,0
8765.0,8770.0,8767.5,3.3593022e-05,0.00016796511,0
8770.0,8775.0,8772.5,3.116554e-05,0.0001558277,0
8775.0,8780.0,8777.5,3.7395944e-05,0.00018697972,0
8780.0,8785.0,8782.5,3.735822e-05,0.0001867911,0
8785.0,8790.0,8787.5,2.9955664e-05,0.00014977832,0
8790.0,8795.0,8792.5,2.7460234e-05,0.00013730117,0
8795.0,8800.0,8797.5,3.6163356e-05,0.00018081678,0
8800.0,8805.0,8802.5,2.7440628e-05,0.00013720314,0
8805.0,8810.0,8807.5,2.8664724e-05,0.00014332362,0
8810.0,8815.0,8812.5,3.86874e-05,0.000193437,0
8815.0,8820.0,8817.5,2.6161542e-05,0.00013080771,0
8820.0,8825.0,8822.5,3.994015e-05,0.00019970075,0
8825.0,8830.0,8827.5,2.8680642e-05,0.00014340321,0
8830.0,8835.0,8832.5,2.4947532e-05,0.00012473766,0
8835.0,8840.0,8837.5,3.4955184e-05,0.00017477592,0
8840.0,8845.0,8842.5,3.989606e-05,0.0001994803,0
8845.0,8850.0,8847.5,3.7408346e-05,0.00018704173,0
8850.0,8855.0,8852.5,3.486879e-05,0.00017434395,0
8855.0,8860.0,8857.5,2.7456236e-05,0.00013728118,0
8860.0,8865.0,8862.5,2.489469e-05,0.00012447345,0
8865.0,8870.0,8867.5,3.614334e-05,0.0001807167,0
8870.0,8875.0,8872.5,3.3623834e-05,0.00016811917,0
8875.0,8880.0,8877.5,3.7411182e-05,0.00018705591,0
8880.0,8885.0,8882.5,2.1269142e-05,0.00010634571,0
8885.0,8890.0,8887.5,3.6075632e-05,0.00018037816,0
8890.0,8895.0,8892.5,2.988265e-05,0.00014941325,0
8895.0,8900.0,8897.5,3.001552e-05,0.0001500776,0
8900.0,8905.0,8902.5,2.485426e-05,0.0001242713,0
8905.0,8910.0,8907.5,4.11628e-05,0.000205814,0
8910.0,8915.0,8912.5,3.1147036e-05,0.00015573518,0
8915.0,8920.0,8917.5,2.8694664e-05,0.00014347332,0
8920.0,8925.0,8922.5,3.6226954e-05,0.00018113477,0
8925.0,8930.0,8927.5,3.2349106e-05,0.00016174553,0
8930.0,8935.0,8932.5,3.74761e-05,0.0001873805,0
8935.0,8940.0,8937.5,2.2413014e-05,0.00011206507,0
8940.0,8945.0,8942.5,2.8715474e-05,0.00014357737,0
8945.0,8950.0,8947.5,2.8788368e-05,0.00014394184,0
8950.0,8955.0,8952.5,1.6183558e-05,8.091779e-05,0
8955.0,8960.0,8957.5,2.0035012e-05,0.00010017506,0
8960.0,8965.0,8962.5,3.1187398e-05,0.00015593699,0
8965.0,8970.0,8967.5,4.2346482e-05,0.00021173241,0
8970.0,8975.0,8972.5,2.991942e-05,0.0001495971,0
8975.0,8980.0,8977.5,1.9936574e-05,9.968287e-05,0
8980.0,8985.0,8982.5,2.8725512e-05,0.00014362756,0
8985.0,8990.0,8987.5,2.4892698e-05,0.00012446349,0
8990.0,8995.0,8992.5,2.9900698e-05,0.00014950349,0
8995.0,9000.0,8997.5,2.6190576e-05,0.00013095288,0
9000.0,9005.0,9002.5,2.6150204e-05,0.00013075102,0
9005.0,9010.0,9007.5,2.6190956e-05,0.00013095478,0
9010.0,9015.0,9012.5,3.2415974e-05,0.00016207987,0
9015.0,9020.0,9017.5,2.4905248e-05,0.00012452624,0
9020.0,9025.0,9022.5,3.240224e-05,0.0001620112,0
9025.0,9030.0,9027.5,2.3662712e-05,0.00011831356,0
9030.0,9035.0,9032.5,2.2453376e-05,0.00011226688,0
9035.0,9040.0,9037.5,3.4892492e-05,0.00017446246,0
9040.0,9045.0,9042.5,2.7466442e-05,0.00013733221,0
9045.0,9050.0,9047.5,3.366722e-05,0.0001683361,0
9050.0,9055.0,9052.5,2.3649698e-05,0.00011824849,0
9055.0,9060.0,9057.5,2.8640138e-05,0.00014320069,0
9060.0,9065.0,9062.5,2.9868918e-05,0.00014934459,0
9065.0,9070.0,9067.5,4.48524e-05,0.000224262,0
9070.0,9075.0,9072.5,2.7503396e-05,0.00013751698,0
9075.0,9080.0,9077.5,2.618879e-05,0.00013094395,0
9080.0,9085.0,9082.5,2.6191564e-05,0.00013095782,0
9085.0,9090.0,9087.5,3.6068334e-05,0.00018034167,0
9090.0,9095.0,9092.5,2.7502632e-05,0.00013751316,0
9095.0,9100.0,9097.5,2.4984456e-05,0.00012492228,0
9100.0,9105.0,9102.5,3.984876e-05,0.0001992438,0
9105.0,9110.0,9107.5,3.1184712e-05,0.00015592356,0
9110.0,9115.0,9112.5,3.3669394e-05,0.00016834697,0
9115.0,9120.0,9117.5,2.372305e-05,0.00011861525,0
9120.0,9125.0,9122.5,2.1193342e-05,0.00010596671,0
9125.0,9130.0,9127.5,1.9990004e-05,9.995002e-05,0
9130.0,9135.0,9132.5,3.362608e-05,0.0001681304,0
9135.0,9140.0,9137.5,2.254668e-05,0.0001127334,0
9140.0,9145.0,9142.5,2.48588e-05,0.000124294,0
9145.0,9150.0,9147.5,3.364583e-05,0.00016822915,0
9150.0,9155.0,9152.5,2.8642802e-05,0.00014321401,0
9155.0,9160.0,9157.5,2.371085e-05,0.00011855425,0
9160.0,9165.0,9162.5,2.1198576e-05,0.00010599288,0
9165.0,9170.0,9167.5,3.862858e-05,0.0001931429,0
9170.0,9175.0,9172.5,2.2496018e-05,0.00011248009,0
9175.0,9180.0,9177.5,2.9932422e-05,0.00014966211,0
9180.0,9185.0,9182.5,3.1270566e-05,0.00015635283,0
9185.0,9190.0,9187.5,2.7407004e-05,0.00013703502,0
9190.0,9195.0,9192.5,2.735367e-05,0.00013676835,0
9195.0,9200.0,9197.5,3.245235e-05,0.00016226175,0
9200.0,9205.0,9202.5,3.363011e-05,0.00016815055,0
9205.0,9210.0,9207.5,4.234578e-05,0.0002117289,0
9210.0,9215.0,9212.5,3.3668184e-05,0.00016834092,0
9215.0,9220.0,9217.5,3.1172676e-05,0.00015586338,0
9220.0,9225.0,9222.5,2.3715082e-05,0.00011857541,0
9225.0,9230.0,9227.5,1.8725386e-05,9.362693e-05,0
9230.0,9235.0,9232.5,2.3697976e-05,0.00011848988,0
9235.0,9240.0,9237.5,1.7488262e-05,8.744131e-05,0
9240.0,9245.0,9242.5,3.1211052e-05,0.00015605526,0
9245.0,9250.0,9247.5,2.1219352e-05,0.00010609676,0
9250.0,9255.0,9252.5,2.9941684e-05,0.00014970842,0
9255.0,9260.0,9257.5,2.988698e-05,0.0001494349,0
9260.0,9265.0,9262.5,2.4936672e-05,0.00012468336,0
9265.0,9270.0,9267.5,2.7488866e-05,0.00013744433,0
9270.0,9275.0,9272.5,1.9997286e-05,9.998643e-05,0
9275.0,9280.0,9277.5,2.3702482e-05,0.00011851241,0
9280.0,9285.0,9282.5,2.7430142e-05,0.00013715071,0
9285.0,9290.0,9287.5,1.6216946e-05,8.108473e-05,0
9290.0,9295.0,9292.5,3.1075542e-05,0.00015537771,0
9295.0,9300.0,9297.5,2.870856e-05,0.0001435428,0
9300.0,9305.0,9302.5,2.4924154e-05,0.00012462077,0
9305.0,9310.0,9307.5,2.4925444e-05,0.00012462722,0
9310.0,9315.0,9312.5,3.3663596e-05,0.00016831798,0
9315.0,9320.0,9317.5,3.4951382e-05,0.00017475691,0
9320.0,9325.0,9322.5,2.7431516e-05,0.00013715758,0
9325.0,9330.0,9327.5,2.2378692e-05,0.00011189346,0
9330.0,9335.0,9332.5,2.6189654e-05,0.00013094827,0
9335.0,9340.0,9337.5,2.4984292e-05,0.00012492146,0
9340.0,9345.0,9342.5,3.1150442e-05,0.00015575221,0
9345.0,9350.0,9347.5,2.2393608e-05,0.00011196804,0
9350.0,9355.0,9352.5,2.3696624e-05,0.00011848312,0
9355.0,9360.0,9357.5,2.740207e-05,0.00013701035,0
9360.0,9365.0,9362.5,2.2426422e-05,0.00011213211,0
9365.0,9370.0,9367.5,1.6233444e-05,8.116722e-05,0
9370.0,9375.0,9372.5,3.11972e-05,0.000155986,0
9375.0,9380.0,9377.5,2.995434e-05,0.0001497717,0
9380.0,9385.0,9382.5,3.243872e-05,0.0001621936,0
9385.0,9390.0,9387.5,3.2382398e-05,0.00016191199,0
9390.0,9395.0,9392.5,2.3719364e-05,0.00011859682,0
9395.0,9400.0,9397.5,1.7431352e-05,8.715676e-05,0
9400.0,9405.0,9402.5,2.744007e-05,0.00013720035,0
9405.0,9410.0,9407.5,2.6197202e-05,0.00013098601,0
9410.0,9415.0,9412.5,2.3672518e-05,0.00011836259,0
9415.0,9420.0,9417.5,2.1238616e-05,0.00010619308,0
9420.0,9425.0,9422.5,2.8711298e-05,0.00014355649,0
9425.0,9430.0,9427.5,3.4846122e-05,0.00017423061,0
9430.0,9435.0,9432.5,1.7501384e-05,8.750692e-05,0
9435.0,9440.0,9437.5,3.117309e-05,0.00015586545,0
9440.0,9445.0,9442.5,1.7429904e-05,8.714952e-05,0
9445.0,9450.0,9447.5,1.9957714e-05,9.978857e-05,0
9450.0,9455.0,9452.5,2.367414e-05,0.0001183707,0
9455.0,9460.0,9457.5,1.8661286e-05,9.330643e-05,0
9460.0,9465.0,9462.5,1.9967e-05,9.9835e-05,0
9465.0,9470.0,9467.5,2.250126e-05,0.0001125063,0
9470.0,9475.0,9472.5,2.4962936e-05,0.00012481468,0
9475.0,9480.0,9477.5,1.871295e-05,9.356475e-05,0
9480.0,9485.0,9482.5,3.122637e-05,0.00015613185,0
9485.0,9490.0,9487.5,1.8707898e-05,9.353949e-05,0
9490.0,9495.0,9492.5,1.9952654e-05,9.976327e-05,0
9495.0,9500.0,9497.5,1.8704126e-05,9.352063e-05,0
9500.0,9505.0,9502.5,3.117583e-05,0.00015587915,0
9505.0,9510.0,9507.5,2.3701004e-05,0.00011850502,0
9510.0,9515.0,9512.5,2.7457322e-05,0.00013728661,0
9515.0,9520.0,9517.5,1.495206e-05,7.47603e-05,0
9520.0,9525.0,9522.5,2.2462922e-05,0.00011231461,0
9525.0,9530.0,9527.5,2.1136868e-05,0.00010568434,0
9530.0,9535.0,9532.5,1.8666022e-05,9.333011e-05,0
9535.0,9540.0,9537.5,2.7395426e-05,0.00013697713,0
9540.0,9545.0,9542.5,1.9865414e-05,9.932707e-05,0
9545.0,9550.0,9547.5,1.7460152e-05,8.730076e-05,0
9550.0,9555.0,9552.5,2.245445e-05,0.00011227225,0
9555.0,9560.0,9557.5,1.8666104e-05,9.333052e-05,0
9560.0,9565.0,9562.5,2.7473502e-05,0.00013736751,0
9565.0,9570.0,9567.5,2.9910958e-05,0.00014955479,0
9570.0,9575.0,9572.5,3.492488e-05,0.0001746244,0
9575.0,9580.0,9577.5,1.9966462e-05,9.983231e-05,0
9580.0,9585.0,9582.5,2.745655e-05,0.00013728275,0
9585.0,9590.0,9587.5,2.4943948e-05,0.00012471974,0
9590.0,9595.0,9592.5,2.9959584e-05,0.00014979792,0
9595.0,9600.0,9597.5,2.6139764e-05,0.00013069882,0
9600.0,9605.0,9602.5,2.3638912e-05,0.00011819456,0
9605.0,9610.0,9607.5,3.6192034e-05,0.00018096017,0
9610.0,9615.0,9612.5,2.1174114e-05,0.00010587057,0
9615.0,9620.0,9617.5,2.6151172e-05,0.00013075586,0
9620.0,9625.0,9622.5,2.2353412e-05,0.00011176706,0
9625.0,9630.0,9627.5,2.1251758e-05,0.00010625879,0
9630.0,9635.0,9632.5,3.3681616e-05,0.00016840808,0
9635.0,9640.0,9637.5,2.1259118e-05,0.00010629559,0
9640.0,9645.0,9642.5,2.2477576e-05,0.00011238788,0
9645.0,9650.0,9647.5,1.7479632e-05,8.739816e-05,0
9650.0,9655.0,9652.5,1.3715836e-05,6.857918e-05,0
9655.0,9660.0,9657.5,4.112294e-05,0.0002056147,0
9660.0,9665.0,9662.5,2.6197994e-05,0.00013098997,0
9665.0,9670.0,9667.5,1.7509246e-05,8.754623e-05,0
9670.0,9675.0,9672.5,2.487477e-05,0.00012437385,0
9675.0,9680.0,9677.5,2.3674838e-05,0.00011837419,0
9680.0,9685.0,9682.5,2.62257e-05,0.0001311285,0
9685.0,9690.0,9687.5,2.614533e-05,0.00013072665,0
9690.0,9695.0,9692.5,1.7511254e-05,8.755627e-05,0
9695.0,9700.0,9697.5,2.5010762e-05,0.00012505381,0
9700.0,9705.0,9702.5,2.6196208e-05,0.00013098104,0
9705.0,9710.0,9707.5,2.3728914e-05,0.00011864457,0
9710.0,9715.0,9712.5,2.625166e-05,0.0001312583,0
9715.0,9720.0,9717.5,2.8761732e-05,0.00014380866,0
9720.0,9725.0,9722.5,1.3735726e-05,6.867863e-05,0
9725.0,9730.0,9727.5,3.1230916e-05,0.00015615458,0
9730.0,9735.0,9732.5,1.7446898e-05,8.723449e-05,0
9735.0,9740.0,9737.5,2.6221448e-05,0.00013110724,0
9740.0,9745.0,9742.5,2.741821e-05,0.00013709105,0
9745.0,9750.0,9747.5,1.9956148e-05,9.978074e-05,0
9750.0,9755.0,9752.5,2.873366e-05,0.0001436683,0
9755.0,9760.0,9757.5,2.375226e-05,0.0001187613,0
9760.0,9765.0,9762.5,1.9911724e-05,9.955862e-05,0
9765.0,9770.0,9767.5,2.7360986e-05,0.00013680493,0
9770.0,9775.0,9772.5,2.4934476e-05,0.00012467238,0
9775.0,9780.0,9777.5,2.3696656e-05,0.00011848328,0
9780.0,9785.0,9782.5,3.2392496e-05,0.00016196248,0
9785.0,9790.0,9787.5,2.8701654e-05,0.00014350827,0
9790.0,9795.0,9792.5,2.2436528e-05,0.00011218264,0
9795.0,9800.0,9797.5,2.4984854e-05,0.00012492427,0
9800.0,9805.0,9802.5,2.242226e-05,0.0001121113,0
9805.0,9810.0,9807.5,1.6185602e-05,8.092801e-05,0
9810.0,9815.0,9812.5,2.6243214e-05,0.00013121607,0
9815.0,9820.0,9817.5,2.4986322e-05,0.00012493161,0
9820.0,9825.0,9822.5,2.3777634e-05,0.00011888817,0
9825.0,9830.0,9827.5,1.8770998e-05,9.385499e-05,0
9830.0,9835.0,9832.5,1.7481202e-05,8.740601e-05,0
9835.0,9840.0,9837.5,2.6193572e-05,0.00013096786,0
9840.0,9845.0,9842.5,2.1172766e-05,0.00010586383,0
9845.0,9850.0,9847.5,1.4957656e-05,7.478828e-05,0
9850.0,9855.0,9852.5,1.9958736e-05,9.979368e-05,0
9855.0,9860.0,9857.5,1.7427578e-05,8.713789e-05,0
9860.0,9865.0,9862.5,2.2473112e-05,0.00011236556,0
9865.0,9870.0,9867.5,2.3682882e-05,0.00011841441,0
9870.0,9875.0,9872.5,1.8730396e-05,9.365198e-05,0
9875.0,9880.0,9877.5,2.869592e-05,0.0001434796,0
9880.0,9885.0,9882.5,2.4935024e-05,0.00012467512,0
9885.0,9890.0,9887.5,1.744453e-05,8.722265e-05,0
9890.0,9895.0,9892.5,1.4952684e-05,7.476342e-05,0
9895.0,9900.0,9897.5,2.619867e-05,0.00013099335,0
9900.0,9905.0,9902.5,1.6239218e-05,8.119609e-05,0
9905.0,9910.0,9907.5,2.9898784e-05,0.00014949392,0
9910.0,9915.0,9912.5,1.6221378e-05,8.110689e-05,0
9915.0,9920.0,9917.5,2.2487074e-05,0.00011243537,0
9920.0,9925.0,9922.5,1.495285e-05,7.476425e-05,0
9925.0,9930.0,9927.5,2.8685316e-05,0.00014342658,0
9930.0,9935.0,9932.5,2.2476756e-05,0.00011238378,0
9935.0,9940.0,9937.5,1.863164e-05,9.31582e-05,0
9940.0,9945.0,9942.5,1.7451404e-05,8.725702e-05,0
9945.0,9950.0,9947.5,1.3720688e-05,6.860344e-05,0
9950.0,9955.0,9952.5,1.6181034e-05,8.090517e-05,0
9955.0,9960.0,9957.5,2.1158176e-05,0.00010579088,0
9960.0,9965.0,9962.5,1.496021e-05,7.480105e-05,0
9965.0,9970.0,9967.5,1.9952806e-05,9.976403e-05,0
9970.0,9975.0,9972.5,2.62618e-05,0.000131309,0
9975.0,9980.0,9977.5,2.1140606e-05,0.00010570303,0
9980.0,9985.0,9982.5,2.6136848e-05,0.00013068424,0
9985.0,9990.0,9987.5,8.768002e-06,4.384001e-05,0
9990.0,9995.0,9992.5,1.8717996e-05,9.358998e-05,0
9995.0,10000.0,9997.5,1.370813e-05,6.854065e-05,0
10000.0,10005.0,10002.5,2.241822e-05,0.0001120911,0
10005.0,10010.0,10007.5,2.6233424e-05,0.00013116712,0
10010.0,10015.0,10012.5,1.9939814e-05,9.969907e-05,0
10015.0,10020.0,10017.5,2.992514e-05,0.0001496257,0
10020.0,10025.0,10022.5,1.7442046e-05,8.721023e-05,0
10025.0,10030.0,10027.5,1.622824e-05,8.11412e-05,0
10030.0,10035.0,10032.5,9.958248e-06,4.979124e-05,0
10035.0,10040.0,10037.5,1.6235996e-05,8.117998e-05,0
10040.0,10045.0,10042.5,2.3762832e-05,0.00011881416,0
10045.0,10050.0,10047.5,2.868586e-05,0.0001434293,0
10050.0,10055.0,10052.5,2.2458056e-05,0.00011229028,0
10055.0,10060.0,10057.5,1.3673268e-05,6.836634e-05,0
10060.0,10065.0,10062.5,2.1224008e-05,0.00010612004,0
10065.0,10070.0,10067.5,2.2509462e-05,0.00011254731,0
10070.0,10075.0,10072.5,2.244825e-05,0.00011224125,0
10075.0,10080.0,10077.5,2.1273952e-05,0.00010636976,0
10080.0,10085.0,10082.5,2.245695e-05,0.00011228475,0
10085.0,10090.0,10087.5,1.4917022e-05,7.458511e-05,0
10090.0,10095.0,10092.5,2.6221602e-05,0.00013110801,0
10095.0,10100.0,10097.5,1.7473256e-05,8.736628e-05,0
10100.0,10105.0,10102.5,2.3736072e-05,0.00011868036,0
10105.0,10110.0,10107.5,1.4979298e-05,7.489649e-05,0
10110.0,10115.0,10112.5,2.2496948e-05,0.00011248474,0
10115.0,10120.0,10117.5,1.990144e-05,9.95072e-05,0
10120.0,10125.0,10122.5,1.8677824e-05,9.338912e-05,0
10125.0,10130.0,10127.5,1.4935358e-05,7.467679e-05,0
10130.0,10135.0,10132.5,3.1105542e-05,0.00015552771,0
10135.0,10140.0,10137.5,1.4950902e-05,7.475451e-05,0
10140.0,10145.0,10142.5,2.746104e-05,0.0001373052,0
10145.0,10150.0,10147.5,1.7458882e-05,8.729441e-05,0
10150.0,10155.0,10152.5,2.6168638e-05,0.00013084319,0
10155.0,10160.0,10157.5,2.3691174e-05,0.00011845587,0
10160.0,10165.0,10162.5,2.248035e-05,0.00011240175,0
10165.0,10170.0,10167.5,2.6133634e-05,0.00013066817,0
10170.0,10175.0,10172.5,2.7457304e-05,0.00013728652,0
10175.0,10180.0,10177.5,1.4987444e-05,7.493722e-05,0
10180.0,10185.0,10182.5,1.9911894e-05,9.955947e-05,0
10185.0,10190.0,10187.5,2.1159048e-05,0.00010579524,0
10190.0,10195.0,10192.5,2.1209318e-05,0.00010604659,0
10195.0,10200.0,10197.5,2.371917e-05,0.00011859585,0
10200.0,10205.0,10202.5,2.243452e-05,0.0001121726,0
10205.0,10210.0,10207.5,1.9977676e-05,9.988838e-05,0
10210.0,10215.0,10212.5,1.9962856e-05,9.981428e-05,0
10215.0,10220.0,10217.5,1.7428978e-05,8.714489e-05,0
10220.0,10225.0,10222.5,1.9946778e-05,9.973389e-05,0
10225.0,10230.0,10227.5,2.7464648e-05,0.00013732324,0
10230.0,10235.0,10232.5,1.7430914e-05,8.715457e-05,0
10235.0,10240.0,10237.5,1.1240864e-05,5.620432e-05,0
10240.0,10245.0,10242.5,1.3739626e-05,6.869813e-05,0
10245.0,10250.0,10247.5,1.7436012e-05,8.718006e-05,0
10250.0,10255.0,10252.5,1.989431e-05,9.947155e-05,0
10255.0,10260.0,10257.5,1.4977956e-05,7.488978e-05,0
10260.0,10265.0,10262.5,1.5005984e-05,7.502992e-05,0
10265.0,10270.0,10267.5,3.1276482e-05,0.00015638241,0
10270.0,10275.0,10272.5,1.9937584e-05,9.968792e-05,0
10275.0,10280.0,10277.5,1.4954574e-05,7.477287e-05,0
10280.0,10285.0,10282.5,2.1213536e-05,0.00010606768,0
10285.0,10290.0,10287.5,2.2413642e-05,0.00011206821,0
10290.0,10295.0,10292.5,2.2452868e-05,0.00011226434,0
10295.0,10300.0,10297.5,1.6231556e-05,8.115778e-05,0
10300.0,10305.0,10302.5,1.494693e-05,7.473465e-05,0
10305.0,10310.0,10307.5,1.120106e-05,5.60053e-05,0
10310.0,10315.0,10312.5,2.6167774e-05,0.00013083887,0
10315.0,10320.0,10317.5,1.3746774e-05,6.873387e-05,0
10320.0,10325.0,10322.5,2.371369e-05,0.00011856845,0
10325.0,10330.0,10327.5,1.7420078e-05,8.710039e-05,0
10330.0,10335.0,10332.5,1.8733976e-05,9.366988e-05,0
10335.0,10340.0,10337.5,1.996987e-05,9.984935e-05,0
10340.0,10345.0,10342.5,3.1068364e-05,0.00015534182,0
10345.0,10350.0,10347.5,2.2394458e-05,0.00011197229,0
10350.0,10355.0,10352.5,1.7452122e-05,8.726061e-05,0
10355.0,10360.0,10357.5,1.9964816e-05,9.982408e-05,0
10360.0,10365.0,10362.5,2.6123884e-05,0.00013061942,0
10365.0,10370.0,10367.5,1.4950946e-05,7.475473e-05,0
10370.0,10375.0,10372.5,1.744888e-05,8.72444e-05,0
10375.0,10380.0,10377.5,2.3678696e-05,0.00011839348,0
10380.0,10385.0,10382.5,2.8649962e-05,0.00014324981,0
10385.0,10390.0,10387.5,3.2361068e-05,0.00016180534,0
10390.0,10395.0,10392.5,1.4948822e-05,7.474411e-05,0
10395.0,10400.0,10397.5,3.1142764e-05,0.00015571382,0
10400.0,10405.0,10402.5,1.370799e-05,6.853995e-05,0
10405.0,10410.0,10407.5,2.8668494e-05,0.00014334247,0
10410.0,10415.0,10412.5,1.2462642e-05,6.231321e-05,0
10415.0,10420.0,10417.5,1.6237146e-05,8.118573e-05,0
10420.0,10425.0,10422.5,1.1236136e-05,5.618068e-05,0
10425.0,10430.0,10427.5,1.6208034e-05,8.104017e-05,0
10430.0,10435.0,10432.5,1.2465824e-05,6.232912e-05,0
10435.0,10440.0,10437.5,1.0003942e-05,5.001971e-05,0
10440.0,10445.0,10442.5,1.9949136e-05,9.974568e-05,0
10445.0,10450.0,10447.5,1.745733e-05,8.728665e-05,0
10450.0,10455.0,10452.5,1.9950208e-05,9.975104e-05,0
10455.0,10460.0,10457.5,1.1239052e-05,5.619526e-05,0
10460.0,10465.0,10462.5,1.7445542e-05,8.722771e-05,0
10465.0,10470.0,10467.5,1.9966158e-05,9.983079e-05,0
10470.0,10475.0,10472.5,1.245349e-05,6.226745e-05,0
10475.0,10480.0,10477.5,1.123064e-05,5.61532e-05,0
10480.0,10485.0,10482.5,1.9943132e-05,9.971566e-05,0
10485.0,10490.0,10487.5,1.495611e-05,7.478055e-05,0
10490.0,10495.0,10492.5,1.4962876e-05,7.481438e-05,0
10495.0,10500.0,10497.5,1.6286876e-05,8.143438e-05,0
10500.0,10505.0,10502.5,2.36832e-05,0.000118416,0
10505.0,10510.0,10507.5,2.0022604e-05,0.00010011302,0
10510.0,10515.0,10512.5,1.623233e-05,8.116165e-05,0
10515.0,10520.0,10517.5,1.7425688e-05,8.712844e-05,0
10520.0,10525.0,10522.5,1.4962266e-05,7.481133e-05,0
10525.0,10530.0,10527.5,2.613546e-05,0.0001306773,0
10530.0,10535.0,10532.5,2.0021062e-05,0.00010010531,0
10535.0,10540.0,10537.5,1.876359e-05,9.381795e-05,0
10540.0,10545.0,10542.5,1.8654942e-05,9.327471e-05,0
10545.0,10550.0,10547.5,1.245036e-05,6.22518e-05,0
10550.0,10555.0,10552.5,2.1203092e-05,0.00010601546,0
10555.0,10560.0,10557.5,8.72963e-06,4.364815e-05,0
10560.0,10565.0,10562.5,1.8662022e-05,9.331011e-05,0
10565.0,10570.0,10567.5,1.49846e-05,7.4923e-05,0
10570.0,10575.0,10572.5,1.9927632e-05,9.963816e-05,0
10575.0,10580.0,10577.5,2.0014102e-05,0.00010007051,0
10580.0,10585.0,10582.5,1.8672864e-05,9.336432e-05,0
10585.0,10590.0,10587.5,1.2471482e-05,6.235741e-05,0
10590.0,10595.0,10592.5,1.992049e-05,9.960245e-05,0
10595.0,10600.0,10597.5,1.7513644e-05,8.756822e-05,0
10600.0,10605.0,10602.5,2.7491696e-05,0.00013745848,0
10605.0,10610.0,10607.5,1.3692582e-05,6.846291e-05,0
10610.0,10615.0,10612.5,8.685294e-06,4.342647e-05,0
10615.0,10620.0,10617.5,2.6228202e-05,0.00013114101,0
10620.0,10625.0,10622.5,1.8688956e-05,9.344478e-05,0
10625.0,10630.0,10627.5,1.9973638e-05,9.986819e-05,0
10630.0,10635.0,10632.5,1.9983882e-05,9.991941e-05,0
10635.0,10640.0,10637.5,1.7464324e-05,8.732162e-05,0
10640.0,10645.0,10642.5,1.3730844e-05,6.865422e-05,0
10645.0,10650.0,10647.5,2.2464756e-05,0.00011232378,0
10650.0,10655.0,10652.5,1.24776e-05,6.2388e-05,0
10655.0,10660.0,10657.5,1.3718312e-05,6.859156e-05,0
10660.0,10665.0,10662.5,1.618785e-05,8.093925e-05,0
10665.0,10670.0,10667.5,1.9952384e-05,9.976192e-05,0
10670.0,10675.0,10672.5,2.3652794e-05,0.00011826397,0
10675.0,10680.0,10677.5,2.248881e-05,0.00011244405,0
10680.0,10685.0,10682.5,1.6219474e-05,8.109737e-05,0
10685.0,10690.0,10687.5,1.2481646e-05,6.240823e-05,0
10690.0,10695.0,10692.5,1.4951304e-05,7.475652e-05,0
10695.0,10700.0,10697.5,1.8733188e-05,9.366594e-05,0
10700.0,10705.0,10702.5,2.3594122e-05,0.00011797061,0
10705.0,10710.0,10707.5,1.6185306e-05,8.092653e-05,0
10710.0,10715.0,10712.5,1.0012352e-05,5.006176e-05,0
10715.0,10720.0,10717.5,1.3754886e-05,6.877443e-05,0
10720.0,10725.0,10722.5,1.1204744e-05,5.602372e-05,0
10725.0,10730.0,10727.5,1.4934578e-05,7.467289e-05,0
10730.0,10735.0,10732.5,2.116591e-05,0.00010582955,0
10735.0,10740.0,10737.5,1.4960508e-05,7.480254e-05,0
10740.0,10745.0,10742.5,1.620162e-05,8.10081e-05,0
10745.0,10750.0,10747.5,1.496006e-05,7.48003e-05,0
10750.0,10755.0,10752.5,1.7493774e-05,8.746887e-05,0
10755.0,10760.0,10757.5,1.6258586e-05,8.129293e-05,0
10760.0,10765.0,10762.5,1.3695372e-05,6.847686e-05,0
10765.0,10770.0,10767.5,1.8668056e-05,9.334028e-05,0
10770.0,10775.0,10772.5,2.2375868e-05,0.00011187934,0
10775.0,10780.0,10777.5,1.2451504e-05,6.225752e-05,0
10780.0,10785.0,10782.5,1.8651462e-05,9.325731e-05,0
10785.0,10790.0,10787.5,2.2532936e-05,0.00011266468,0
10790.0,10795.0,10792.5,1.7384232e-05,8.692116e-05,0
10795.0,10800.0,10797.5,1.8705114e-05,9.352557e-05,0
10800.0,10805.0,10802.5,1.2447266e-05,6.223633e-05,0
10805.0,10810.0,10807.5,1.2476502e-05,6.238251e-05,0
10810.0,10815.0,10812.5,6.237768e-06,3.118884e-05,0
10815.0,10820.0,10817.5,1.1275792e-05,5.637896e-05,0
10820.0,10825.0,10822.5,1.4989066e-05,7.494533e-05,0
10825.0,10830.0,10827.5,8.754672e-06,4.377336e-05,0
10830.0,10835.0,10832.5,1.3715556e-05,6.857778e-05,0
10835.0,10840.0,10837.5,1.6228386e-05,8.114193e-05,0
10840.0,10845.0,10842.5,1.1239126e-05,5.619563e-05,0
10845.0,10850.0,10847.5,1.3694606e-05,6.847303e-05,0
10850.0,10855.0,10852.5,1.6165378e-05,8.082689e-05,0
10855.0,10860.0,10857.5,1.1278164e-05,5.639082e-05,0
10860.0,10865.0,10862.5,1.6227138e-05,8.113569e-05,0
10865.0,10870.0,10867.5,1.9975366e-05,9.987683e-05,0
10870.0,10875.0,10872.5,1.243794e-05,6.21897e-05,0
10875.0,10880.0,10877.5,7.466278e-06,3.733139e-05,0
10880.0,10885.0,10882.5,9.982362e-06,4.991181e-05,0
10885.0,10890.0,10887.5,1.3693644e-05,6.846822e-05,0
10890.0,10895.0,10892.5,1.0011272e-05,5.005636e-05,0
10895.0,10900.0,10897.5,1.3726154e-05,6.863077e-05,0
10900.0,10905.0,10902.5,1.119613e-05,5.598065e-05,0
10905.0,10910.0,10907.5,1.622886e-05,8.11443e-05,0
10910.0,10915.0,10912.5,1.4929676e-05,7.464838e-05,0
10915.0,10920.0,10917.5,1.3694438e-05,6.847219e-05,0
10920.0,10925.0,10922.5,1.753162e-05,8.76581e-05,0
10925.0,10930.0,10927.5,1.492537e-05,7.462685e-05,0
10930.0,10935.0,10932.5,1.3700434e-05,6.850217e-05,0
10935.0,10940.0,10937.5,1.490803e-05,7.454015e-05,0
10940.0,10945.0,10942.5,2.002749e-05,0.00010013745,0
10945.0,10950.0,10947.5,2.128758e-05,0.0001064379,0
10950.0,10955.0,10952.5,1.4908698e-05,7.454349e-05,0
10955.0,10960.0,10957.5,1.3750122e-05,6.875061e-05,0
10960.0,10965.0,10962.5,1.1198604e-05,5.599302e-05,0
10965.0,10970.0,10967.5,1.9955576e-05,9.977788e-05,0
10970.0,10975.0,10972.5,2.1137266e-05,0.00010568633,0
10975.0,10980.0,10977.5,1.3729056e-05,6.864528e-05,0
10980.0,10985.0,10982.5,1.4936764e-05,7.468382e-05,0
10985.0,10990.0,10987.5,1.496015e-05,7.480075e-05,0
10990.0,10995.0,10992.5,1.4969408e-05,7.484704e-05,0
10995.0,11000.0,10997.5,8.714006e-06,4.357003e-05,0
11000.0,11005.0,11002.5,1.1258694e-05,5.629347e-05,0
11005.0,11010.0,11007.5,1.6173892e-05,8.086946e-05,0
11010.0,11015.0,11012.5,1.3692482e-05,6.846241e-05,0
11015.0,11020.0,11017.5,1.1254796e-05,5.627398e-05,0
11020.0,11025.0,11022.5,9.944676e-06,4.972338e-05,0
11025.0,11030.0,11027.5,9.960356e-06,4.980178e-05,0
11030.0,11035.0,11032.5,9.927684e-06,4.963842e-05,0
11035.0,11040.0,11037.5,1.1193792e-05,5.596896e-05,0
11040.0,11045.0,11042.5,8.778476e-06,4.389238e-05,0
11045.0,11050.0,11047.5,1.3676804e-05,6.838402e-05,0
11050.0,11055.0,11052.5,1.6228698e-05,8.114349e-05,0
11055.0,11060.0,11057.5,1.619946e-05,8.09973e-05,0
11060.0,11065.0,11062.5,1.8664792e-05,9.332396e-05,0
11065.0,11070.0,11067.5,6.222578e-06,3.111289e-05,0
11070.0,11075.0,11072.5,6.224874e-06,3.112437e-05,0
11075.0,11080.0,11077.5,1.8663134e-05,9.331567e-05,0
11080.0,11085.0,11082.5,7.46067e-06,3.730335e-05,0
11085.0,11090.0,11087.5,1.0013168e-05,5.006584e-05,0
11090.0,11095.0,11092.5,1.1235376e-05,5.617688e-05,0
11095.0,11100.0,11097.5,2.1243004e-05,0.00010621502,0
11100.0,11105.0,11102.5,1.2490768e-05,6.245384e-05,0
11105.0,11110.0,11107.5,1.9958556e-05,9.979278e-05,0
11110.0,11115.0,11112.5,1.0004062e-05,5.002031e-05,0
11115.0,11120.0,11117.5,1.626228e-05,8.13114e-05,0
11120.0,11125.0,11122.5,1.6245012e-05,8.122506e-05,0
11125.0,11130.0,11127.5,1.8734868e-05,9.367434e-05,0
11130.0,11135.0,11132.5,8.794462e-06,4.397231e-05,0
11135.0,11140.0,11137.5,1.4916256e-05,7.458128e-05,0
11140.0,11145.0,11142.5,1.2455758e-05,6.227879e-05,0
11145.0,11150.0,11147.5,1.1275042e-05,5.637521e-05,0
11150.0,11155.0,11152.5,1.3740446e-05,6.870223e-05,0
11155.0,11160.0,11157.5,1.3693086e-05,6.846543e-05,0
11160.0,11165.0,11162.5,9.998284e-06,4.999142e-05,0
11165.0,11170.0,11167.5,9.977794e-06,4.988897e-05,0
11170.0,11175.0,11172.5,1.3689494e-05,6.844747e-05,0
11175.0,11180.0,11177.5,1.7489848e-05,8.744924e-05,0
11180.0,11185.0,11182.5,1.4940448e-05,7.470224e-05,0
11185.0,11190.0,11187.5,9.96342e-06,4.98171e-05,0
11190.0,11195.0,11192.5,1.2508874e-05,6.254437e-05,0
11195.0,11200.0,11197.5,1.6250986e-05,8.125493e-05,0
11200.0,11205.0,11202.5,1.9968078e-05,9.984039e-05,0
11205.0,11210.0,11207.5,4.990938e-06,2.495469e-05,0
11210.0,11215.0,11212.5,1.244579e-05,6.222895e-05,0
11215.0,11220.0,11217.5,1.3661778e-05,6.830889e-05,0
11220.0,11225.0,11222.5,1.001038e-05,5.00519e-05,0
11225.0,11230.0,11227.5,1.4966778e-05,7.483389e-05,0
11230.0,11235.0,11232.5,1.745989e-05,8.729945e-05,0
11235.0,11240.0,11237.5,1.4996786e-05,7.498393e-05,0
11240.0,11245.0,11242.5,1.3699746e-05,6.849873e-05,0
11245.0,11250.0,11247.5,7.450734e-06,3.725367e-05,0
11250.0,11255.0,11252.5,2.246664e-05,0.0001123332,0
11255.0,11260.0,11257.5,7.472196e-06,3.736098e-05,0
11260.0,11265.0,11262.5,1.1224422e-05,5.612211e-05,0
11265.0,11270.0,11267.5,1.496758e-05,7.48379e-05,0
11270.0,11275.0,11272.5,8.690878e-06,4.345439e-05,0
11275.0,11280.0,11277.5,1.2478078e-05,6.239039e-05,0
11280.0,11285.0,11282.5,7.446168e-06,3.723084e-05,0
11285.0,11290.0,11287.5,8.738536e-06,4.369268e-05,0
11290.0,11295.0,11292.5,1.8798648e-05,9.399324e-05,0
11295.0,11300.0,11297.5,9.954546e-06,4.977273e-05,0
11300.0,11305.0,11302.5,1.2423354e-05,6.211677e-05,0
11305.0,11310.0,11307.5,1.7445796e-05,8.722898e-05,0
11310.0,11315.0,11312.5,1.7438654e-05,8.719327e-05,0
11315.0,11320.0,11317.5,1.4970574e-05,7.485287e-05,0
11320.0,11325.0,11322.5,1.1239224e-05,5.619612e-05,0
11325.0,11330.0,11327.5,1.370593e-05,6.852965e-05,0
11330.0,11335.0,11332.5,1.9999076e-05,9.999538e-05,0
11335.0,11340.0,11337.5,1.3702494e-05,6.851247e-05,0
11340.0,11345.0,11342.5,1.3681176e-05,6.840588e-05,0
11345.0,11350.0,11347.5,1.7423764e-05,8.711882e-05,0
11350.0,11355.0,11352.5,1.374753e-05,6.873765e-05,0
11355.0,11360.0,11357.5,9.997122e-06,4.998561e-05,0
11360.0,11365.0,11362.5,6.22523e-06,3.112615e-05,0
11365.0,11370.0,11367.5,9.941232e-06,4.970616e-05,0
11370.0,11375.0,11372.5,3.760238e-06,1.880119e-05,0
11375.0,11380.0,11377.5,1.6243818e-05,8.121909e-05,0
11380.0,11385.0,11382.5,1.620978e-05,8.10489e-05,0
11385.0,11390.0,11387.5,1.6220884e-05,8.110442e-05,0
11390.0,11395.0,11392.5,8.735196e-06,4.367598e-05,0
11395.0,11400.0,11397.5,7.490254e-06,3.745127e-05,0
11400.0,11405.0,11402.5,1.3699058e-05,6.849529e-05,0
11405.0,11410.0,11407.5,1.4948436e-05,7.474218e-05,0
11410.0,11415.0,11412.5,8.711406e-06,4.355703e-05,0
11415.0,11420.0,11417.5,1.4943828e-05,7.471914e-05,0
11420.0,11425.0,11422.5,1.4890176e-05,7.445088e-05,0
11425.0,11430.0,11427.5,1.0006972e-05,5.003486e-05,0
11430.0,11435.0,11432.5,1.1204172e-05,5.602086e-05,0
11435.0,11440.0,11437.5,9.971652e-06,4.985826e-05,0
11440.0,11445.0,11442.5,6.234972e-06,3.117486e-05,0
11445.0,11450.0,11447.5,9.997288e-06,4.998644e-05,0
11450.0,11455.0,11452.5,1.9926176e-05,9.963088e-05,0
11455.0,11460.0,11457.5,1.2418786e-05,6.209393e-05,0
11460.0,11465.0,11462.5,1.2403716e-05,6.201858e-05,0
11465.0,11470.0,11467.5,8.753658e-06,4.376829e-05,0
11470.0,11475.0,11472.5,1.9977046e-05,9.988523e-05,0
11475.0,11480.0,11477.5,1.8714642e-05,9.357321e-05,0
11480.0,11485.0,11482.5,1.1227484e-05,5.613742e-05,0
11485.0,11490.0,11487.5,1.3730708e-05,6.865354e-05,0
11490.0,11495.0,11492.5,1.4970578e-05,7.485289e-05,0
11495.0,11500.0,11497.5,1.3752502e-05,6.876251e-05,0
11500.0,11505.0,11502.5,1.373911e-05,6.869555e-05,0
11505.0,11510.0,11507.5,1.6214004e-05,8.107002e-05,0
11510.0,11515.0,11512.5,1.8725876e-05,9.362938e-05,0
11515.0,11520.0,11517.5,7.46947e-06,3.734735e-05,0
11520.0,11525.0,11522.5,6.259318e-06,3.129659e-05,0
11525.0,11530.0,11527.5,1.6121866e-05,8.060933e-05,0
11530.0,11535.0,11532.5,9.99721e-06,4.998605e-05,0
11535.0,11540.0,11537.5,9.998266e-06,4.999133e-05,0
11540.0,11545.0,11542.5,1.4979524e-05,7.489762e-05,0
11545.0,11550.0,11547.5,1.3710154e-05,6.855077e-05,0
11550.0,11555.0,11552.5,6.225938e-06,3.112969e-05,0
11555.0,11560.0,11557.5,1.621974e-05,8.10987e-05,0
11560.0,11565.0,11562.5,1.4987304e-05,7.493652e-05,0
11565.0,11570.0,11567.5,1.2485586e-05,6.242793e-05,0
11570.0,11575.0,11572.5,1.7481316e-05,8.740658e-05,0
11575.0,11580.0,11577.5,1.1224134e-05,5.612067e-05,0
11580.0,11585.0,11582.5,1.3750662e-05,6.875331e-05,0
11585.0,11590.0,11587.5,1.4964652e-05,7.482326e-05,0
11590.0,11595.0,11592.5,1.5013814e-05,7.506907e-05,0
11595.0,11600.0,11597.5,1.8747812e-05,9.373906e-05,0
11600.0,11605.0,11602.5,1.746197e-05,8.730985e-05,0
11605.0,11610.0,11607.5,1.4915638e-05,7.457819e-05,0
11610.0,11615.0,11612.5,1.7430442e-05,8.715221e-05,0
11615.0,11620.0,11617.5,9.975398e-06,4.987699e-05,0
11620.0,11625.0,11622.5,9.98344e-06,4.99172e-05,0
11625.0,11630.0,11627.5,1.1230858e-05,5.615429e-05,0
11630.0,11635.0,11632.5,1.9999906e-05,9.999953e-05,0
11635.0,11640.0,11637.5,6.261978e-06,3.130989e-05,0
11640.0,11645.0,11642.5,1.4908784e-05,7.454392e-05,0
11645.0,11650.0,11647.5,7.474498e-06,3.737249e-05,0
11650.0,11655.0,11652.5,1.3724424e-05,6.862212e-05,0
11655.0,11660.0,11657.5,1.3758258e-05,6.879129e-05,0
11660.0,11665.0,11662.5,1.489058e-05,7.44529e-05,0
11665.0,11670.0,11667.5,1.0015546e-05,5.007773e-05,0
11670.0,11675.0,11672.5,1.8697668e-05,9.348834e-05,0
11675.0,11680.0,11677.5,1.3726286e-05,6.863143e-05,0
11680.0,11685.0,11682.5,1.2453538e-05,6.226769e-05,0
11685.0,11690.0,11687.5,1.248941e-05,6.244705e-05,0
11690.0,11695.0,11692.5,1.1202484e-05,5.601242e-05,0
11695.0,11700.0,11697.5,6.259676e-06,3.129838e-05,0
11700.0,11705.0,11702.5,1.620082e-05,8.10041e-05,0
11705.0,11710.0,11707.5,8.750336e-06,4.375168e-05,0
11710.0,11715.0,11712.5,1.4990028e-05,7.495014e-05,0
11715.0,11720.0,11717.5,1.2496124e-05,6.248062e-05,0
11720.0,11725.0,11722.5,8.708388e-06,4.354194e-05,0
11725.0,11730.0,11727.5,5.002664e-06,2.501332e-05,0
11730.0,11735.0,11732.5,4.994448e-06,2.497224e-05,0
11735.0,11740.0,11737.5,1.1187538e-05,5.593769e-05,0
11740.0,11745.0,11742.5,1.6240896e-05,8.120448e-05,0
11745.0,11750.0,11747.5,1.1234294e-05,5.617147e-05,0
11750.0,11755.0,11752.5,9.952878e-06,4.976439e-05,0
11755.0,11760.0,11757.5,8.6596e-06,4.3298e-05,0
11760.0,11765.0,11762.5,7.473292e-06,3.736646e-05,0
11765.0,11770.0,11767.5,6.269796e-06,3.134898e-05,0
11770.0,11775.0,11772.5,6.220556e-06,3.110278e-05,0
11775.0,11780.0,11777.5,9.97659e-06,4.988295e-05,0
11780.0,11785.0,11782.5,6.214064e-06,3.107032e-05,0
11785.0,11790.0,11787.5,1.1209932e-05,5.604966e-05,0
11790.0,11795.0,11792.5,6.194492e-06,3.097246e-05,0
11795.0,11800.0,11797.5,1.4926674e-05,7.463337e-05,0
11800.0,11805.0,11802.5,7.49899e-06,3.749495e-05,0
11805.0,11810.0,11807.5,1.4965744e-05,7.482872e-05,0
11810.0,11815.0,11812.5,3.752556e-06,1.876278e-05,0
11815.0,11820.0,11817.5,8.754268e-06,4.377134e-05,0
11820.0,11825.0,11822.5,1.1229478e-05,5.614739e-05,0
11825.0,11830.0,11827.5,1.1234534e-05,5.617267e-05,0
11830.0,11835.0,11832.5,1.1209962e-05,5.604981e-05,0
11835.0,11840.0,11837.5,1.2446616e-05,6.223308e-05,0
11840.0,11845.0,11842.5,9.997742e-06,4.998871e-05,0
11845.0,11850.0,11847.5,1.6150876e-05,8.075438e-05,0
11850.0,11855.0,11852.5,1.242804e-05,6.21402e-05,0
11855.0,11860.0,11857.5,1.743488e-05,8.71744e-05,0
11860.0,11865.0,11862.5,9.953392e-06,4.976696e-05,0
11865.0,11870.0,11867.5,1.4972872e-05,7.486436e-05,0
11870.0,11875.0,11872.5,8.728322e-06,4.364161e-05,0
11875.0,11880.0,11877.5,1.2501774e-05,6.250887e-05,0
11880.0,11885.0,11882.5,1.6184922e-05,8.092461e-05,0
11885.0,11890.0,11887.5,1.248611e-05,6.243055e-05,0
11890.0,11895.0,11892.5,9.966834e-06,4.983417e-05,0
11895.0,11900.0,11897.5,1.2442042e-05,6.221021e-05,0
11900.0,11905.0,11902.5,5.010048e-06,2.505024e-05,0
11905.0,11910.0,11907.5,6.230978e-06,3.115489e-05,0
11910.0,11915.0,11912.5,1.2475978e-05,6.237989e-05,0
11915.0,11920.0,11917.5,1.3697246e-05,6.848623e-05,0
11920.0,11925.0,11922.5,1.3720916e-05,6.860458e-05,0
11925.0,11930.0,11927.5,9.936168e-06,4.968084e-05,0
11930.0,11935.0,11932.5,8.754318e-06,4.377159e-05,0
11935.0,11940.0,11937.5,1.2457768e-05,6.228884e-05,0
11940.0,11945.0,11942.5,9.993384e-06,4.996692e-05,0
11945.0,11950.0,11947.5,6.225788e-06,3.112894e-05,0
11950.0,11955.0,11952.5,7.500642e-06,3.750321e-05,0
11955.0,11960.0,11957.5,7.505394e-06,3.752697e-05,0
11960.0,11965.0,11962.5,4.989934e-06,2.494967e-05,0
11965.0,11970.0,11967.5,1.2469272e-05,6.234636e-05,0
11970.0,11975.0,11972.5,1.4967402e-05,7.483701e-05,0
11975.0,11980.0,11977.5,5.01992e-06,2.50996e-05,0
11980.0,11985.0,11982.5,1.12333e-05,5.61665e-05,0
11985.0,11990.0,11987.5,1.8690452e-05,9.345226e-05,0
11990.0,11995.0,11992.5,1.7501992e-05,8.750996e-05,0
11995.0,12000.0,11997.5,7.491978e-06,3.745989e-05,0
12000.0,12005.0,12002.5,1.3717794e-05,6.858897e-05,0
12005.0,12010.0,12007.5,6.229414e-06,3.114707e-05,0
12010.0,12015.0,12012.5,4.967842e-06,2.483921e-05,0
12015.0,12020.0,12017.5,1.1261902e-05,5.630951e-05,0
12020.0,12025.0,12022.5,8.702702e-06,4.351351e-05,0
12025.0,12030.0,12027.5,6.24688e-06,3.12344e-05,0
12030.0,12035.0,12032.5,9.971942e-06,4.985971e-05,0
12035.0,12040.0,12037.5,9.963928e-06,4.981964e-05,0
12040.0,12045.0,12042.5,6.200204e-06,3.100102e-05,0
12045.0,12050.0,12047.5,9.986052e-06,4.993026e-05,0
12050.0,12055.0,12052.5,7.449348e-06,3.724674e-05,0
12055.0,12060.0,12057.5,8.77389e-06,4.386945e-05,0
12060.0,12065.0,12062.5,8.704854e-06,4.352427e-05,0
12065.0,12070.0,12067.5,7.50092e-06,3.75046e-05,0
12070.0,12075.0,12072.5,1.002223e-05,5.011115e-05,0
12075.0,12080.0,12077.5,5.0246e-06,2.5123e-05,0
12080.0,12085.0,12082.5,4.977692e-06,2.488846e-05,0
12085.0,12090.0,12087.5,9.97914e-06,4.98957e-05,0
12090.0,12095.0,12092.5,5.001182e-06,2.500591e-05,0
12095.0,12100.0,12097.5,1.2470088e-05,6.235044e-05,0
12100.0,12105.0,12102.5,1.3693142e-05,6.846571e-05,0
12105.0,12110.0,12107.5,6.235012e-06,3.117506e-05,0
12110.0,12115.0,12112.5,9.95904e-06,4.97952e-05,0
12115.0,12120.0,12117.5,1.491995e-05,7.459975e-05,0
12120.0,12125.0,12122.5,1.246982e-05,6.23491e-05,0
12125.0,12130.0,12127.5,6.240124e-06,3.120062e-05,0
12130.0,12135.0,12132.5,9.973578e-06,4.986789e-05,0
12135.0,12140.0,12137.5,1.2462134e-05,6.231067e-05,0
12140.0,12145.0,12142.5,8.71772e-06,4.35886e-05,0
12145.0,12150.0,12147.5,9.972232e-06,4.986116e-05,0
12150.0,12155.0,12152.5,1.1239274e-05,5.619637e-05,0
12155.0,12160.0,12157.5,4.976858e-06,2.488429e-05,0
12160.0,12165.0,12162.5,1.1233118e-05,5.616559e-05,0
12165.0,12170.0,12167.5,1.120368e-05,5.60184e-05,0
12170.0,12175.0,12172.5,2.504486e-06,1.252243e-05,0
12175.0,12180.0,12177.5,9.985548e-06,4.992774e-05,0
12180.0,12185.0,12182.5,1.8752054e-05,9.376027e-05,0
12185.0,12190.0,12187.5,7.451284e-06,3.725642e-05,0
12190.0,12195.0,12192.5,1.367116e-05,6.83558e-05,0
12195.0,12200.0,12197.5,7.456046e-06,3.728023e-05,0
12200.0,12205.0,12202.5,8.717948e-06,4.358974e-05,0
12205.0,12210.0,12207.5,1.2511624e-05,6.255812e-05,0
12210.0,12215.0,12212.5,3.727606e-06,1.863803e-05,0
12215.0,12220.0,12217.5,2.48942e-06,1.24471e-05,0
12220.0,12225.0,12222.5,1.623878e-05,8.11939e-05,0
12225.0,12230.0,12227.5,4.959054e-06,2.479527e-05,0
12230.0,12235.0,12232.5,1.5003546e-05,7.501773e-05,0
12235.0,12240.0,12237.5,3.72861e-06,1.864305e-05,0
12240.0,12245.0,12242.5,6.229434e-06,3.114717e-05,0
12245.0,12250.0,12247.5,6.243232e-06,3.121616e-05,0
12250.0,12255.0,12252.5,8.70538e-06,4.35269e-05,0
12255.0,12260.0,12257.5,1.246644e-05,6.23322e-05,0
12260.0,12265.0,12262.5,8.705598e-06,4.352799e-05,0
12265.0,12270.0,12267.5,1.4975972e-05,7.487986e-05,0
12270.0,12275.0,12272.5,1.3697756e-05,6.848878e-05,0
12275.0,12280.0,12277.5,7.443992e-06,3.721996e-05,0
12280.0,12285.0,12282.5,7.472298e-06,3.736149e-05,0
12285.0,12290.0,12287.5,6.268722e-06,3.134361e-05,0
12290.0,12295.0,12292.5,6.218458e-06,3.109229e-05,0
12295.0,12300.0,12297.5,9.98444e-06,4.99222e-05,0
12300.0,12305.0,12302.5,8.705042e-06,4.352521e-05,0
12305.0,12310.0,12307.5,9.976392e-06,4.988196e-05,0
12310.0,12315.0,12312.5,7.476978e-06,3.738489e-05,0
12315.0,12320.0,12317.5,9.929202e-06,4.964601e-05,0
12320.0,12325.0,12322.5,1.492276e-05,7.46138e-05,0
12325.0,12330.0,12327.5,1.6203964e-05,8.101982e-05,0
12330.0,12335.0,12332.5,8.70686e-06,4.35343e-05,0
12335.0,12340.0,12337.5,8.722052e-06,4.361026e-05,0
12340.0,12345.0,12342.5,9.963754e-06,4.981877e-05,0
12345.0,12350.0,12347.5,8.728082e-06,4.364041e-05,0
12350.0,12355.0,12352.5,9.9509e-06,4.97545e-05,0
12355.0,12360.0,12357.5,8.747458e-06,4.373729e-05,0
12360.0,12365.0,12362.5,9.96533e-06,4.982665e-05,0
12365.0,12370.0,12367.5,4.963712e-06,2.481856e-05,0
12370.0,12375.0,12372.5,8.724308e-06,4.362154e-05,0
12375.0,12380.0,12377.5,9.95155e-06,4.975775e-05,0
12380.0,12385.0,12382.5,1.2491964e-05,6.245982e-05,0
12385.0,12390.0,12387.5,3.750998e-06,1.875499e-05,0
12390.0,12395.0,12392.5,5.017754e-06,2.508877e-05,0
12395.0,12400.0,12397.5,8.710612e-06,4.355306e-05,0
12400.0,12405.0,12402.5,3.720394e-06,1.860197e-05,0
12405.0,12410.0,12407.5,8.7263e-06,4.36315e-05,0
12410.0,12415.0,12412.5,1.124752e-05,5.62376e-05,0
12415.0,12420.0,12417.5,7.451062e-06,3.725531e-05,0
12420.0,12425.0,12422.5,8.718476e-06,4.359238e-05,0
12425.0,12430.0,12427.5,9.99669e-06,4.998345e-05,0
12430.0,12435.0,12432.5,7.481166e-06,3.740583e-05,0
12435.0,12440.0,12437.5,6.232974e-06,3.116487e-05,0
12440.0,12445.0,12442.5,1.1248348e-05,5.624174e-05,0
12445.0,12450.0,12447.5,6.253382e-06,3.126691e-05,0
12450.0,12455.0,12452.5,1.3700938e-05,6.850469e-05,0
12455.0,12460.0,12457.5,4.984182e-06,2.492091e-05,0
12460.0,12465.0,12462.5,1.6228124e-05,8.114062e-05,0
12465.0,12470.0,12467.5,1.121646e-05,5.60823e-05,0
12470.0,12475.0,12472.5,6.2455e-06,3.12275e-05,0
12475.0,12480.0,12477.5,6.228022e-06,3.114011e-05,0
12480.0,12485.0,12482.5,1.0007688e-05,5.003844e-05,0
12485.0,12490.0,12487.5,1.1236122e-05,5.618061e-05,0
12490.0,12495.0,12492.5,7.491884e-06,3.745942e-05,0
12495.0,12500.0,12497.5,6.22157e-06,3.110785e-05,0
12500.0,12505.0,12502.5,8.745724e-06,4.372862e-05,0
12505.0,12510.0,12507.5,1.3732804e-05,6.866402e-05,0
12510.0,12515.0,12512.5,9.994336e-06,4.997168e-05,0
12515.0,12520.0,12517.5,8.739498e-06,4.369749e-05,0
12520.0,12525.0,12522.5,8.723404e-06,4.361702e-05,0
12525.0,12530.0,12527.5,3.736958e-06,1.868479e-05,0
12530.0,12535.0,12532.5,6.224852e-06,3.112426e-05,0
12535.0,12540.0,12537.5,9.988742e-06,4.994371e-05,0
12540.0,12545.0,12542.5,1.243318e-06,6.21659e-06,0
12545.0,12550.0,12547.5,6.253934e-06,3.126967e-05,0
12550.0,12555.0,12552.5,4.96188e-06,2.48094e-05,0
12555.0,12560.0,12557.5,2.49504e-06,1.24752e-05,0
12560.0,12565.0,12562.5,1.8693294e-05,9.346647e-05,0
12565.0,12570.0,12567.5,9.965616e-06,4.982808e-05,0
12570.0,12575.0,12572.5,4.995708e-06,2.497854e-05,0
12575.0,12580.0,12577.5,7.449816e-06,3.724908e-05,0
12580.0,12585.0,12582.5,1.1245994e-05,5.622997e-05,0
12585.0,12590.0,12587.5,8.73466e-06,4.36733e-05,0
12590.0,12595.0,12592.5,4.99359e-06,2.496795e-05,0
12595.0,12600.0,12597.5,9.958482e-06,4.979241e-05,0
12600.0,12605.0,12602.5,1.245271e-05,6.226355e-05,0
12605.0,12610.0,12607.5,4.958228e-06,2.479114e-05,0
12610.0,12615.0,12612.5,7.495736e-06,3.747868e-05,0
12615.0,12620.0,12617.5,8.753756e-06,4.376878e-05,0
12620.0,12625.0,12622.5,7.486128e-06,3.743064e-05,0
12625.0,12630.0,12627.5,7.476902e-06,3.738451e-05,0
12630.0,12635.0,12632.5,7.514394e-06,3.757197e-05,0
12635.0,12640.0,12637.5,9.98251e-06,4.991255e-05,0
12640.0,12645.0,12642.5,7.476708e-06,3.738354e-05,0
12645.0,12650.0,12647.5,1.2455494e-05,6.227747e-05,0
12650.0,12655.0,12652.5,4.953194e-06,2.476597e-05,0
12655.0,12660.0,12657.5,1.6200196e-05,8.100098e-05,0
12660.0,12665.0,12662.5,1.1234002e-05,5.617001e-05,0
12665.0,12670.0,12667.5,1.2497232e-05,6.248616e-05,0
12670.0,12675.0,12672.5,1.1232714e-05,5.616357e-05,0
12675.0,12680.0,12677.5,1.3703796e-05,6.851898e-05,0
12680.0,12685.0,12682.5,1.2449108e-05,6.224554e-05,0
12685.0,12690.0,12687.5,6.224068e-06,3.112034e-05,0
12690.0,12695.0,12692.5,8.764732e-06,4.382366e-05,0
12695.0,12700.0,12697.5,6.2742e-06,3.1371e-05,0
12700.0,12705.0,12702.5,7.497846e-06,3.748923e-05,0
12705.0,12710.0,12707.5,6.237654e-06,3.118827e-05,0
12710.0,12715.0,12712.5,8.756062e-06,4.378031e-05,0
12715.0,12720.0,12717.5,1.1225154e-05,5.612577e-05,0
12720.0,12725.0,12722.5,6.225042e-06,3.112521e-05,0
12725.0,12730.0,12727.5,6.236762e-06,3.118381e-05,0
12730.0,12735.0,12732.5,1.2467692e-05,6.233846e-05,0
12735.0,12740.0,12737.5,8.70365e-06,4.351825e-05,0
12740.0,12745.0,12742.5,1.0004284e-05,5.002142e-05,0
12745.0,12750.0,12747.5,8.746022e-06,4.373011e-05,0
12750.0,12755.0,12752.5,8.757786e-06,4.378893e-05,0
12755.0,12760.0,12757.5,3.754832e-06,1.877416e-05,0
12760.0,12765.0,12762.5,1.1189502e-05,5.594751e-05,0
12765.0,12770.0,12767.5,4.974234e-06,2.487117e-05,0
12770.0,12775.0,12772.5,6.237902e-06,3.118951e-05,0
12775.0,12780.0,12777.5,7.487092e-06,3.743546e-05,0
12780.0,12785.0,12782.5,8.731086e-06,4.365543e-05,0
12785.0,12790.0,12787.5,7.484538e-06,3.742269e-05,0
12790.0,12795.0,12792.5,4.983842e-06,2.491921e-05,0
12795.0,12800.0,12797.5,4.997532e-06,2.498766e-05,0
12800.0,12805.0,12802.5,8.72392e-06,4.36196e-05,0
12805.0,12810.0,12807.5,7.47762e-06,3.73881e-05,0
12810.0,12815.0,12812.5,5.000918e-06,2.500459e-05,0
12815.0,12820.0,12817.5,1.3723104e-05,6.861552e-05,0
12820.0,12825.0,12822.5,9.976564e-06,4.988282e-05,0
12825.0,12830.0,12827.5,8.70907e-06,4.354535e-05,0
12830.0,12835.0,12832.5,9.94206e-06,4.97103e-05,0
12835.0,12840.0,12837.5,1.1230904e-05,5.615452e-05,0
12840.0,12845.0,12842.5,4.970488e-06,2.485244e-05,0
12845.0,12850.0,12847.5,1.1232198e-05,5.616099e-05,0
12850.0,12855.0,12852.5,1.2474392e-05,6.237196e-05,0
12855.0,12860.0,12857.5,7.484818e-06,3.742409e-05,0
12860.0,12865.0,12862.5,4.995414e-06,2.497707e-05,0
12865.0,12870.0,12867.5,7.488054e-06,3.744027e-05,0
12870.0,12875.0,12872.5,5.019122e-06,2.509561e-05,0
12875.0,12880.0,12877.5,5.02015e-06,2.510075e-05,0
12880.0,12885.0,12882.5,8.756136e-06,4.378068e-05,0
12885.0,12890.0,12887.5,6.276322e-06,3.138161e-05,0
12890.0,12895.0,12892.5,1.3693398e-05,6.846699e-05,0
12895.0,12900.0,12897.5,4.992586e-06,2.496293e-05,0
12900.0,12905.0,12902.5,4.987492e-06,2.493746e-05,0
12905.0,12910.0,12907.5,9.972572e-06,4.986286e-05,0
12910.0,12915.0,12912.5,9.986406e-06,4.993203e-05,0
12915.0,12920.0,12917.5,6.221568e-06,3.110784e-05,0
12920.0,12925.0,12922.5,9.99689e-06,4.998445e-05,0
12925.0,12930.0,12927.5,3.752556e-06,1.876278e-05,0
12930.0,12935.0,12932.5,3.706218e-06,1.853109e-05,0
12935.0,12940.0,12937.5,4.952186e-06,2.476093e-05,0
12940.0,12945.0,12942.5,6.226722e-06,3.113361e-05,0
12945.0,12950.0,12947.5,8.735646e-06,4.367823e-05,0
12950.0,12955.0,12952.5,6.207214e-06,3.103607e-05,0
12955.0,12960.0,12957.5,8.721836e-06,4.360918e-05,0
12960.0,12965.0,12962.5,6.242866e-06,3.121433e-05,0
12965.0,12970.0,12967.5,8.747094e-06,4.373547e-05,0
12970.0,12975.0,12972.5,1.3701782e-05,6.850891e-05,0
12975.0,12980.0,12977.5,1.1221408e-05,5.610704e-05,0
12980.0,12985.0,12982.5,7.49756e-06,3.74878e-05,0
12985.0,12990.0,12987.5,1.373632e-05,6.86816e-05,0
12990.0,12995.0,12992.5,1.0037138e-05,5.018569e-05,0
12995.0,13000.0,12997.5,7.49334e-06,3.74667e-05,0
13000.0,13005.0,13002.5,1.249359e-05,6.246795e-05,0
13005.0,13010.0,13007.5,9.923676e-06,4.961838e-05,0
13010.0,13015.0,13012.5,8.723634e-06,4.361817e-05,0
13015.0,13020.0,13017.5,9.957194e-06,4.978597e-05,0
13020.0,13025.0,13022.5,9.98071e-06,4.990355e-05,0
13025.0,13030.0,13027.5,8.740432e-06,4.370216e-05,0
13030.0,13035.0,13032.5,1.3720288e-05,6.860144e-05,0
13035.0,13040.0,13037.5,7.48216e-06,3.74108e-05,0
13040.0,13045.0,13042.5,3.724524e-06,1.862262e-05,0
13045.0,13050.0,13047.5,4.974216e-06,2.487108e-05,0
13050.0,13055.0,13052.5,7.489684e-06,3.744842e-05,0
13055.0,13060.0,13057.5,4.985096e-06,2.492548e-05,0
13060.0,13065.0,13062.5,1.1223672e-05,5.611836e-05,0
13065.0,13070.0,13067.5,3.73226e-06,1.86613e-05,0
13070.0,13075.0,13072.5,1.2457108e-05,6.228554e-05,0
13075.0,13080.0,13077.5,8.753832e-06,4.376916e-05,0
13080.0,13085.0,13082.5,5.003744e-06,2.501872e-05,0
13085.0,13090.0,13087.5,9.97603e-06,4.988015e-05,0
13090.0,13095.0,13092.5,8.788776e-06,4.394388e-05,0
13095.0,13100.0,13097.5,2.50311e-06,1.251555e-05,0
13100.0,13105.0,13102.5,3.729138e-06,1.864569e-05,0
13105.0,13110.0,13107.5,9.988234e-06,4.994117e-05,0
13110.0,13115.0,13112.5,7.448436e-06,3.724218e-05,0
13115.0,13120.0,13117.5,4.965444e-06,2.482722e-05,0
13120.0,13125.0,13122.5,2.505562e-06,1.252781e-05,0
13125.0,13130.0,13127.5,5.003036e-06,2.501518e-05,0
13130.0,13135.0,13132.5,8.732712e-06,4.366356e-05,0
13135.0,13140.0,13137.5,3.737354e-06,1.868677e-05,0
13140.0,13145.0,13142.5,8.72041e-06,4.360205e-05,0
13145.0,13150.0,13147.5,1.0007258e-05,5.003629e-05,0
13150.0,13155.0,13152.5,7.52696e-06,3.76348e-05,0
13155.0,13160.0,13157.5,9.986934e-06,4.993467e-05,0
13160.0,13165.0,13162.5,6.220422e-06,3.110211e-05,0
13165.0,13170.0,13167.5,7.5326e-06,3.7663e-05,0
13170.0,13175.0,13172.5,8.699644e-06,4.349822e-05,0
13175.0,13180.0,13177.5,8.717732e-06,4.358866e-05,0
13180.0,13185.0,13182.5,1.00086e-05,5.0043e-05,0
13185.0,13190.0,13187.5,6.244858e-06,3.122429e-05,0
13190.0,13195.0,13192.5,4.960058e-06,2.480029e-05,0
13195.0,13200.0,13197.5,9.955812e-06,4.977906e-05,0
13200.0,13205.0,13202.5,7.50454e-06,3.75227e-05,0
13205.0,13210.0,13207.5,1.0030724e-05,5.015362e-05,0
13210.0,13215.0,13212.5,8.741976e-06,4.370988e-05,0
13215.0,13220.0,13217.5,4.983928e-06,2.491964e-05,0
13220.0,13225.0,13222.5,2.48462e-06,1.24231e-05,0
13225.0,13230.0,13227.5,4.95723e-06,2.478615e-05,0
13230.0,13235.0,13232.5,4.965446e-06,2.482723e-05,0
13235.0,13240.0,13237.5,1.6234764e-05,8.117382e-05,0
13240.0,13245.0,13242.5,6.247956e-06,3.123978e-05,0
13245.0,13250.0,13247.5,4.982978e-06,2.491489e-05,0
13250.0,13255.0,13252.5,1.620407e-05,8.102035e-05,0
13255.0,13260.0,13257.5,6.263516e-06,3.131758e-05,0
13260.0,13265.0,13262.5,8.70936e-06,4.35468e-05,0
13265.0,13270.0,13267.5,7.45731e-06,3.728655e-05,0
13270.0,13275.0,13272.5,6.266394e-06,3.133197e-05,0
13275.0,13280.0,13277.5,6.242848e-06,3.121424e-05,0
13280.0,13285.0,13282.5,7.46956e-06,3.73478e-05,0
13285.0,13290.0,13287.5,6.228636e-06,3.114318e-05,0
13290.0,13295.0,13292.5,9.975434e-06,4.987717e-05,0
13295.0,13300.0,13297.5,3.711262e-06,1.855631e-05,0
13300.0,13305.0,13302.5,4.978504e-06,2.489252e-05,0
13305.0,13310.0,13307.5,8.742612e-06,4.371306e-05,0
13310.0,13315.0,13312.5,1.256124e-06,6.28062e-06,0
13315.0,13320.0,13317.5,5.017644e-06,2.508822e-05,0
13320.0,13325.0,13322.5,4.988112e-06,2.494056e-05,0
13325.0,13330.0,13327.5,4.969642e-06,2.484821e-05,0
13330.0,13335.0,13332.5,1.000558e-05,5.00279e-05,0
13335.0,13340.0,13337.5,1.2462078e-05,6.231039e-05,0
13340.0,13345.0,13342.5,4.986266e-06,2.493133e-05,0
13345.0,13350.0,13347.5,5.029446e-06,2.514723e-05,0
13350.0,13355.0,13352.5,3.759346e-06,1.879673e-05,0
13355.0,13360.0,13357.5,8.72377e-06,4.361885e-05,0
13360.0,13365.0,13362.5,4.995708e-06,2.497854e-05,0
13365.0,13370.0,13367.5,4.972116e-06,2.486058e-05,0
13370.0,13375.0,13372.5,6.22715e-06,3.113575e-05,0
13375.0,13380.0,13377.5,1.1255234e-05,5.627617e-05,0
13380.0,13385.0,13382.5,1.231452e-06,6.15726e-06,0
13385.0,13390.0,13387.5,4.982906e-06,2.491453e-05,0
13390.0,13395.0,13392.5,7.47412e-06,3.73706e-05,0
13395.0,13400.0,13397.5,6.242242e-06,3.121121e-05,0
13400.0,13405.0,13402.5,6.196896e-06,3.098448e-05,0
13405.0,13410.0,13407.5,9.973754e-06,4.986877e-05,0
13410.0,13415.0,13412.5,8.694166e-06,4.347083e-05,0
13415.0,13420.0,13417.5,1.248417e-05,6.242085e-05,0
13420.0,13425.0,13422.5,6.220186e-06,3.110093e-05,0
13425.0,13430.0,13427.5,9.987368e-06,4.993684e-05,0
13430.0,13435.0,13432.5,7.42814e-06,3.71407e-05,0
13435.0,13440.0,13437.5,1.1236578e-05,5.618289e-05,0
13440.0,13445.0,13442.5,8.754304e-06,4.377152e-05,0
13445.0,13450.0,13447.5,8.689142e-06,4.344571e-05,0
13450.0,13455.0,13452.5,3.726324e-06,1.863162e-05,0
13455.0,13460.0,13457.5,6.229788e-06,3.114894e-05,0
13460.0,13465.0,13462.5,6.230794e-06,3.115397e-05,0
13465.0,13470.0,13467.5,4.940316e-06,2.470158e-05,0
13470.0,13475.0,13472.5,6.210156e-06,3.105078e-05,0
13475.0,13480.0,13477.5,8.765622e-06,4.382811e-05,0
13480.0,13485.0,13482.5,3.739216e-06,1.869608e-05,0
13485.0,13490.0,13487.5,7.52918e-06,3.76459e-05,0
13490.0,13495.0,13492.5,2.485292e-06,1.242646e-05,0
13495.0,13500.0,13497.5,2.466554e-06,1.233277e-05,0
13500.0,13505.0,13502.5,4.996788e-06,2.498394e-05,0
13505.0,13510.0,13507.5,7.43944e-06,3.71972e-05,0
13510.0,13515.0,13512.5,6.24122e-06,3.12061e-05,0
13515.0,13520.0,13517.5,3.735936e-06,1.867968e-05,0
13520.0,13525.0,13522.5,6.242656e-06,3.121328e-05,0
13525.0,13530.0,13527.5,1.2433452e-05,6.216726e-05,0
13530.0,13535.0,13532.5,3.739472e-06,1.869736e-05,0
13535.0,13540.0,13537.5,8.74196e-06,4.37098e-05,0
13540.0,13545.0,13542.5,3.74143e-06,1.870715e-05,0
13545.0,13550.0,13547.5,7.47631e-06,3.738155e-05,0
13550.0,13555.0,13552.5,6.22533e-06,3.112665e-05,0
13555.0,13560.0,13557.5,7.470184e-06,3.735092e-05,0
13560.0,13565.0,13562.5,3.749738e-06,1.874869e-05,0
13565.0,13570.0,13567.5,9.92386e-06,4.96193e-05,0
13570.0,13575.0,13572.5,8.742046e-06,4.371023e-05,0
13575.0,13580.0,13577.5,4.991144e-06,2.495572e-05,0
13580.0,13585.0,13582.5,7.469218e-06,3.734609e-05,0
13585.0,13590.0,13587.5,7.467002e-06,3.733501e-05,0
13590.0,13595.0,13592.5,4.999928e-06,2.499964e-05,0
13595.0,13600.0,13597.5,1.1200076e-05,5.600038e-05,0
13600.0,13605.0,13602.5,3.747804e-06,1.873902e-05,0
13605.0,13610.0,13607.5,8.755298e-06,4.377649e-05,0
13610.0,13615.0,13612.5,1.244182e-05,6.22091e-05,0
13615.0,13620.0,13617.5,6.21677e-06,3.108385e-05,0
13620.0,13625.0,13622.5,8.741044e-06,4.370522e-05,0
13625.0,13630.0,13627.5,8.731804e-06,4.365902e-05,0
13630.0,13635.0,13632.5,9.985858e-06,4.992929e-05,0
13635.0,13640.0,13637.5,6.236818e-06,3.118409e-05,0
13640.0,13645.0,13642.5,1.24471e-06,6.22355e-06,0
13645.0,13650.0,13647.5,7.469218e-06,3.734609e-05,0
13650.0,13655.0,13652.5,5.030742e-06,2.515371e-05,0
13655.0,13660.0,13657.5,3.727606e-06,1.863803e-05,0
13660.0,13665.0,13662.5,9.956846e-06,4.978423e-05,0
13665.0,13670.0,13667.5,2.51224e-06,1.25612e-05,0
13670.0,13675.0,13672.5,4.980332e-06,2.490166e-05,0
13675.0,13680.0,13677.5,6.238588e-06,3.119294e-05,0
13680.0,13685.0,13682.5,8.746356e-06,4.373178e-05,0
13685.0,13690.0,13687.5,9.937044e-06,4.968522e-05,0
13690.0,13695.0,13692.5,1.0005568e-05,5.002784e-05,0
13695.0,13700.0,13697.5,7.479834e-06,3.739917e-05,0
13700.0,13705.0,13702.5,7.515028e-06,3.757514e-05,0
13705.0,13710.0,13707.5,3.74061e-06,1.870305e-05,0
13710.0,13715.0,13712.5,3.748442e-06,1.874221e-05,0
13715.0,13720.0,13717.5,7.479538e-06,3.739769e-05,0
13720.0,13725.0,13722.5,3.728172e-06,1.864086e-05,0
13725.0,13730.0,13727.5,4.996162e-06,2.498081e-05,0
13730.0,13735.0,13732.5,3.749738e-06,1.874869e-05,0
13735.0,13740.0,13737.5,6.257656e-06,3.128828e-05,0
13740.0,13745.0,13742.5,6.252998e-06,3.126499e-05,0
13745.0,13750.0,13747.5,8.677282e-06,4.338641e-05,0
13750.0,13755.0,13752.5,2.466554e-06,1.233277e-05,0
13755.0,13760.0,13757.5,6.212982e-06,3.106491e-05,0
13760.0,13765.0,13762.5,3.74888e-06,1.87444e-05,0
13765.0,13770.0,13767.5,1.251722e-06,6.25861e-06,0
13770.0,13775.0,13772.5,6.232424e-06,3.116212e-05,0
13775.0,13780.0,13777.5,2.493072e-06,1.246536e-05,0
13780.0,13785.0,13782.5,2.47477e-06,1.237385e-05,0
13785.0,13790.0,13787.5,4.98897e-06,2.494485e-05,0
13790.0,13795.0,13792.5,3.728174e-06,1.864087e-05,0
13795.0,13800.0,13797.5,1.2424056e-05,6.212028e-05,0
13800.0,13805.0,13802.5,7.463556e-06,3.731778e-05,0
13805.0,13810.0,13807.5,7.470752e-06,3.735376e-05,0
13810.0,13815.0,13812.5,1.4986786e-05,7.493393e-05,0
13815.0,13820.0,13817.5,5.01102e-06,2.50551e-05,0
13820.0,13825.0,13822.5,7.43804e-06,3.71902e-05,0
13825.0,13830.0,13827.5,6.224068e-06,3.112034e-05,0
13830.0,13835.0,13832.5,7.471958e-06,3.735979e-05,0
13835.0,13840.0,13837.5,1.25384e-06,6.2692e-06,0
13840.0,13845.0,13842.5,2.485292e-06,1.242646e-05,0
13845.0,13850.0,13847.5,6.243726e-06,3.121863e-05,0
13850.0,13855.0,13852.5,2.504114e-06,1.252057e-05,0
13855.0,13860.0,13857.5,6.229788e-06,3.114894e-05,0
13860.0,13865.0,13862.5,3.724524e-06,1.862262e-05,0
13865.0,13870.0,13867.5,1.124434e-05,5.62217e-05,0
13870.0,13875.0,13872.5,4.994584e-06,2.497292e-05,0
13875.0,13880.0,13877.5,6.231962e-06,3.115981e-05,0
13880.0,13885.0,13882.5,2.5216e-06,1.2608e-05,0
13885.0,13890.0,13887.5,6.258844e-06,3.129422e-05,0
13890.0,13895.0,13892.5,3.718092e-06,1.859046e-05,0
13895.0,13900.0,13897.5,8.73027e-06,4.365135e-05,0
13900.0,13905.0,13902.5,3.724522e-06,1.862261e-05,0
13905.0,13910.0,13907.5,1.24471e-06,6.22355e-06,0
13910.0,13915.0,13912.5,4.9811e-06,2.49055e-05,0
13915.0,13920.0,13917.5,1.122615e-05,5.613075e-05,0
13920.0,13925.0,13922.5,4.975762e-06,2.487881e-05,0
13925.0,13930.0,13927.5,1.0023032e-05,5.011516e-05,0
13930.0,13935.0,13932.5,4.971932e-06,2.485966e-05,0
13935.0,13940.0,13937.5,7.439294e-06,3.719647e-05,0
13940.0,13945.0,13942.5,6.223966e-06,3.111983e-05,0
13945.0,13950.0,13947.5,7.505084e-06,3.752542e-05,0
13950.0,13955.0,13952.5,6.23537e-06,3.117685e-05,0
13955.0,13960.0,13957.5,5.002664e-06,2.501332e-05,0
13960.0,13965.0,13962.5,6.27048e-06,3.13524e-05,0
13965.0,13970.0,13967.5,9.95922e-06,4.97961e-05,0
13970.0,13975.0,13972.5,6.209814e-06,3.104907e-05,0
13980.0,13985.0,13982.5,7.489404e-06,3.744702e-05,0
13985.0,13990.0,13987.5,6.240414e-06,3.120207e-05,0
13990.0,13995.0,13992.5,3.71491e-06,1.857455e-05,0
13995.0,14000.0,13997.5,3.741416e-06,1.870708e-05,0
14000.0,14005.0,14002.5,4.985096e-06,2.492548e-05,0
14005.0,14010.0,14007.5,3.747804e-06,1.873902e-05,0
14010.0,14015.0,14012.5,9.981236e-06,4.990618e-05,0
14015.0,14020.0,14017.5,3.749994e-06,1.874997e-05,0
14020.0,14025.0,14022.5,9.993796e-06,4.996898e-05,0
14025.0,14030.0,14027.5,6.277158e-06,3.138579e-05,0
14030.0,14035.0,14032.5,3.765282e-06,1.882641e-05,0
14035.0,14040.0,14037.5,7.49035e-06,3.745175e-05,0
14040.0,14045.0,14042.5,6.18007e-06,3.090035e-05,0
14045.0,14050.0,14047.5,2.51692e-06,1.25846e-05,0
14050.0,14055.0,14052.5,6.219396e-06,3.109698e-05,0
14055.0,14060.0,14057.5,9.986714e-06,4.993357e-05,0
14060.0,14065.0,14062.5,8.719348e-06,4.359674e-05,0
14065.0,14070.0,14067.5,7.478514e-06,3.739257e-05,0
14070.0,14075.0,14072.5,2.497158e-06,1.248579e-05,0
14075.0,14080.0,14077.5,8.701548e-06,4.350774e-05,0
14080.0,14085.0,14082.5,7.523596e-06,3.761798e-05,0
14085.0,14090.0,14087.5,1.1267198e-05,5.633599e-05,0
14090.0,14095.0,14092.5,3.737014e-06,1.868507e-05,0
14095.0,14100.0,14097.5,1.2488932e-05,6.244466e-05,0
14105.0,14110.0,14107.5,7.50405e-06,3.752025e-05,0
14110.0,14115.0,14112.5,8.73958e-06,4.36979e-05,0
14115.0,14120.0,14117.5,5.002212e-06,2.501106e-05,0
14120.0,14125.0,14122.5,6.21068e-06,3.10534e-05,0
14125.0,14130.0,14127.5,3.72861e-06,1.864305e-05,0
14130.0,14135.0,14132.5,9.962154e-06,4.981077e-05,0
14135.0,14140.0,14137.5,7.509258e-06,3.754629e-05,0
14140.0,14145.0,14142.5,9.908818e-06,4.954409e-05,0
14145.0,14150.0,14147.5,6.268942e-06,3.134471e-05,0
14150.0,14155.0,14152.5,2.49168e-06,1.24584e-05,0
14155.0,14160.0,14157.5,2.4702e-06,1.2351e-05,0
14160.0,14165.0,14162.5,3.720394e-06,1.860197e-05,0
14165.0,14170.0,14167.5,3.737304e-06,1.868652e-05,0
14170.0,14175.0,14172.5,3.72989e-06,1.864945e-05,0
14175.0,14180.0,14177.5,3.701652e-06,1.850826e-05,0
14180.0,14185.0,14182.5,5.01364e-06,2.50682e-05,0
14185.0,14190.0,14187.5,3.757954e-06,1.878977e-05,0
14190.0,14195.0,14192.5,7.46354e-06,3.73177e-05,0
14195.0,14200.0,14197.5,7.473748e-06,3.736874e-05,0
14200.0,14205.0,14202.5,8.71181e-06,4.355905e-05,0
14205.0,14210.0,14207.5,8.706866e-06,4.353433e-05,0
14210.0,14215.0,14212.5,2.485632e-06,1.242816e-05,0
14215.0,14220.0,14217.5,3.730142e-06,1.865071e-05,0
14220.0,14225.0,14222.5,6.234486e-06,3.117243e-05,0
14225.0,14230.0,14227.5,4.972594e-06,2.486297e-05,0
14230.0,14235.0,14232.5,6.209956e-06,3.104978e-05,0
14235.0,14240.0,14237.5,7.454038e-06,3.727019e-05,0
14240.0,14245.0,14242.5,8.691426e-06,4.345713e-05,0
14245.0,14250.0,14247.5,4.969814e-06,2.484907e-05,0
14250.0,14255.0,14252.5,3.740664e-06,1.870332e-05,0
14255.0,14260.0,14257.5,3.740608e-06,1.870304e-05,0
14260.0,14265.0,14262.5,4.974216e-06,2.487108e-05,0
14265.0,14270.0,14267.5,4.99487e-06,2.497435e-05,0
14270.0,14275.0,14272.5,6.252106e-06,3.126053e-05,0
14275.0,14280.0,14277.5,1.2458914e-05,6.229457e-05,0
14280.0,14285.0,14282.5,3.759402e-06,1.879701e-05,0
14285.0,14290.0,14287.5,2.486824e-06,1.243412e-05,0
14290.0,14295.0,14292.5,4.957776e-06,2.478888e-05,0
14300.0,14305.0,14302.5,3.735566e-06,1.867783e-05,0
14305.0,14310.0,14307.5,1.231452e-06,6.15726e-06,0
14310.0,14315.0,14312.5,4.976246e-06,2.488123e-05,0
14320.0,14325.0,14322.5,6.220676e-06,3.110338e-05,0
14325.0,14330.0,14327.5,1.260796e-06,6.30398e-06,0
14330.0,14335.0,14332.5,4.961338e-06,2.480669e-05,0
14335.0,14340.0,14337.5,3.740864e-06,1.870432e-05,0
14340.0,14345.0,14342.5,1.3671556e-05,6.835778e-05,0
14345.0,14350.0,14347.5,4.980856e-06,2.490428e-05,0
14350.0,14355.0,14352.5,7.48219e-06,3.741095e-05,0
14355.0,14360.0,14357.5,7.473676e-06,3.736838e-05,0
14360.0,14365.0,14362.5,6.220956e-06,3.110478e-05,0
14365.0,14370.0,14367.5,6.223996e-06,3.111998e-05,0
14370.0,14375.0,14372.5,2.51692e-06,1.25846e-05,0
14375.0,14380.0,14377.5,6.219396e-06,3.109698e-05,0
14380.0,14385.0,14382.5,3.726492e-06,1.863246e-05,0
14385.0,14390.0,14387.5,3.72861e-06,1.864305e-05,0
14390.0,14395.0,14392.5,6.27888e-06,3.13944e-05,0
14395.0,14400.0,14397.5,4.971492e-06,2.485746e-05,0
14400.0,14405.0,14402.5,6.18968e-06,3.09484e-05,0
14405.0,14410.0,14407.5,6.21677e-06,3.108385e-05,0
14410.0,14415.0,14412.5,4.980332e-06,2.490166e-05,0
14415.0,14420.0,14417.5,6.25371e-06,3.126855e-05,0
14420.0,14425.0,14422.5,3.72313e-06,1.861565e-05,0
14425.0,14430.0,14427.5,9.929282e-06,4.964641e-05,0
14430.0,14435.0,14432.5,6.230994e-06,3.115497e-05,0
14435.0,14440.0,14437.5,1.242314e-06,6.21157e-06,0
14440.0,14445.0,14442.5,3.763962e-06,1.881981e-05,0
14445.0,14450.0,14447.5,2.514636e-06,1.257318e-05,0
14450.0,14455.0,14452.5,4.984008e-06,2.492004e-05,0
14455.0,14460.0,14457.5,2.483174e-06,1.241587e-05,0
14460.0,14465.0,14462.5,4.96188e-06,2.48094e-05,0
14465.0,14470.0,14467.5,4.966838e-06,2.483419e-05,0
14470.0,14475.0,14472.5,2.505506e-06,1.252753e-05,0
14475.0,14480.0,14477.5,5.013074e-06,2.506537e-05,0
14480.0,14485.0,14482.5,1.260796e-06,6.30398e-06,0
14485.0,14490.0,14487.5,6.217026e-06,3.108513e-05,0
14490.0,14495.0,14492.5,7.47862e-06,3.73931e-05,0
14495.0,14500.0,14497.5,4.986126e-06,2.493063e-05,0
14500.0,14505.0,14502.5,1.1222232e-05,5.611116e-05,0
14505.0,14510.0,14507.5,7.520922e-06,3.760461e-05,0
14510.0,14515.0,14512.5,5.01364e-06,2.50682e-05,0
14515.0,14520.0,14517.5,1.243318e-06,6.21659e-06,0
14520.0,14525.0,14522.5,4.958228e-06,2.479114e-05,0
14525.0,14530.0,14527.5,6.227248e-06,3.113624e-05,0
14530.0,14535.0,14532.5,3.738212e-06,1.869106e-05,0
14535.0,14540.0,14537.5,6.242382e-06,3.121191e-05,0
14540.0,14545.0,14542.5,3.757228e-06,1.878614e-05,0
14545.0,14550.0,14547.5,7.47825e-06,3.739125e-05,0
14550.0,14555.0,14552.5,6.270796e-06,3.135398e-05,0
14555.0,14560.0,14557.5,7.483812e-06,3.741906e-05,0
14560.0,14565.0,14562.5,2.48942e-06,1.24471e-05,0
14565.0,14570.0,14567.5,3.747342e-06,1.873671e-05,0
14570.0,14575.0,14572.5,3.731534e-06,1.865767e-05,0
14575.0,14580.0,14577.5,4.988842e-06,2.494421e-05,0
14580.0,14585.0,14582.5,4.96875e-06,2.484375e-05,0
14585.0,14590.0,14587.5,3.746758e-06,1.873379e-05,0
14590.0,14595.0,14592.5,6.20716e-06,3.10358e-05,0
14595.0,14600.0,14597.5,1.248362e-06,6.24181e-06,0
14600.0,14605.0,14602.5,2.48942e-06,1.24471e-05,0
14605.0,14610.0,14607.5,8.75476e-06,4.37738e-05,0
14610.0,14615.0,14612.5,3.740608e-06,1.870304e-05,0
14615.0,14620.0,14617.5,5.020198e-06,2.510099e-05,0
14620.0,14625.0,14622.5,3.773036e-06,1.886518e-05,0
14625.0,14630.0,14627.5,3.740744e-06,1.870372e-05,0
14630.0,14635.0,14632.5,3.743148e-06,1.871574e-05,0
14635.0,14640.0,14637.5,1.260796e-06,6.30398e-06,0
14640.0,14645.0,14642.5,3.724524e-06,1.862262e-05,0
14645.0,14650.0,14647.5,3.734544e-06,1.867272e-05,0
14650.0,14655.0,14652.5,7.442518e-06,3.721259e-05,0
14655.0,14660.0,14657.5,6.262512e-06,3.131256e-05,0
14660.0,14665.0,14662.5,1.248362e-06,6.24181e-06,0
14665.0,14670.0,14667.5,2.488942e-06,1.244471e-05,0
14670.0,14675.0,14672.5,3.753052e-06,1.876526e-05,0
14675.0,14680.0,14677.5,4.996238e-06,2.498119e-05,0
14680.0,14685.0,14682.5,3.733654e-06,1.866827e-05,0
14685.0,14690.0,14687.5,6.236762e-06,3.118381e-05,0
14690.0,14695.0,14692.5,6.22898e-06,3.11449e-05,0
14695.0,14700.0,14697.5,2.493072e-06,1.246536e-05,0
14700.0,14705.0,14702.5,6.265362e-06,3.132681e-05,0
14705.0,14710.0,14707.5,6.244858e-06,3.122429e-05,0
14710.0,14715.0,14712.5,3.730996e-06,1.865498e-05,0
14715.0,14720.0,14717.5,4.974852e-06,2.487426e-05,0
14720.0,14725.0,14722.5,5.01079e-06,2.505395e-05,0
14725.0,14730.0,14727.5,6.239046e-06,3.119523e-05,0
14730.0,14735.0,14732.5,3.747342e-06,1.873671e-05,0
14735.0,14740.0,14737.5,5.009238e-06,2.504619e-05,0
14740.0,14745.0,14742.5,3.744516e-06,1.872258e-05,0
14745.0,14750.0,14747.5,3.735566e-06,1.867783e-05,0
14750.0,14755.0,14752.5,6.267918e-06,3.133959e-05,0
14755.0,14760.0,14757.5,1.260796e-06,6.30398e-06,0
14760.0,14765.0,14762.5,6.24281e-06,3.121405e-05,0
14765.0,14770.0,14767.5,4.98738e-06,2.49369e-05,0
14770.0,14775.0,14772.5,5.007554e-06,2.503777e-05,0
14775.0,14780.0,14777.5,7.469296e-06,3.734648e-05,0
14780.0,14785.0,14782.5,1.1256776e-05,5.628388e-05,0
14785.0,14790.0,14787.5,1.251722e-06,6.25861e-06,0
14790.0,14795.0,14792.5,2.50344e-06,1.25172e-05,0
14795.0,14800.0,14797.5,2.466554e-06,1.233277e-05,0
14800.0,14805.0,14802.5,6.236746e-06,3.118373e-05,0
14805.0,14810.0,14807.5,3.718276e-06,1.859138e-05,0
14810.0,14815.0,14812.5,3.73975e-06,1.869875e-05,0
14815.0,14820.0,14817.5,1.260796e-06,6.30398e-06,0
14820.0,14825.0,14822.5,2.48462e-06,1.24231e-05,0
14825.0,14830.0,14827.5,4.959626e-06,2.479813e-05,0
14830.0,14835.0,14832.5,2.486824e-06,1.243412e-05,0
14835.0,14840.0,14837.5,5.000268e-06,2.500134e-05,0
14840.0,14845.0,14842.5,6.244858e-06,3.122429e-05,0
14845.0,14850.0,14847.5,6.179992e-06,3.089996e-05,0
14850.0,14855.0,14852.5,3.734544e-06,1.867272e-05,0
14855.0,14860.0,14857.5,3.722128e-06,1.861064e-05,0
14860.0,14865.0,14862.5,2.500834e-06,1.250417e-05,0
14865.0,14870.0,14867.5,2.507846e-06,1.253923e-05,0
14870.0,14875.0,14872.5,6.219562e-06,3.109781e-05,0
14875.0,14880.0,14877.5,3.739034e-06,1.869517e-05,0
14880.0,14885.0,14882.5,3.735938e-06,1.867969e-05,0
14885.0,14890.0,14887.5,4.978704e-06,2.489352e-05,0
14890.0,14895.0,14892.5,2.505562e-06,1.252781e-05,0
14900.0,14905.0,14902.5,8.729212e-06,4.364606e-05,0
14905.0,14910.0,14907.5,4.976532e-06,2.488266e-05,0
14910.0,14915.0,14912.5,6.274882e-06,3.137441e-05,0
14915.0,14920.0,14917.5,6.257584e-06,3.128792e-05,0
14920.0,14925.0,14922.5,3.74426e-06,1.87213e-05,0
14925.0,14930.0,14927.5,1.1217466e-05,5.608733e-05,0
14930.0,14935.0,14932.5,2.509158e-06,1.254579e-05,0
14935.0,14940.0,14937.5,2.504486e-06,1.252243e-05,0
14940.0,14945.0,14942.5,2.488942e-06,1.244471e-05,0
14945.0,14950.0,14947.5,6.247268e-06,3.123634e-05,0
14950.0,14955.0,14952.5,2.512518e-06,1.256259e-05,0
14955.0,14960.0,14957.5,4.950014e-06,2.475007e-05,0
14960.0,14965.0,14962.5,1.25384e-06,6.2692e-06,0
14965.0,14970.0,14967.5,6.23998e-06,3.11999e-05,0
14970.0,14975.0,14972.5,1.1186688e-05,5.593344e-05,0
14975.0,14980.0,14977.5,3.735186e-06,1.867593e-05,0
14980.0,14985.0,14982.5,1.251722e-06,6.25861e-06,0
14985.0,14990.0,14987.5,2.514636e-06,1.257318e-05,0
14990.0,14995.0,14992.5,5.015526e-06,2.507763e-05,0
14995.0,15000.0,14997.5,3.734892e-06,1.867446e-05,0
15000.0,15005.0,15002.5,3.754674e-06,1.877337e-05,0
15010.0,15015.0,15012.5,1.256124e-06,6.28062e-06,0
15015.0,15020.0,15017.5,4.96524e-06,2.48262e-05,0
15020.0,15025.0,15022.5,7.475746e-06,3.737873e-05,0
15025.0,15030.0,15027.5,4.981902e-06,2.490951e-05,0
15030.0,15035.0,15032.5,5.01547e-06,2.507735e-05,0
15035.0,15040.0,15037.5,1.25384e-06,6.2692e-06,0
15040.0,15045.0,15042.5,1.25384e-06,6.2692e-06,0
15045.0,15050.0,15047.5,6.21903e-06,3.109515e-05,0
15050.0,15055.0,15052.5,4.982794e-06,2.491397e-05,0
15055.0,15060.0,15057.5,4.98373e-06,2.491865e-05,0
15060.0,15065.0,15062.5,3.74762e-06,1.87381e-05,0
15065.0,15070.0,15067.5,4.979072e-06,2.489536e-05,0
15070.0,15075.0,15072.5,3.738542e-06,1.869271e-05,0
15075.0,15080.0,15077.5,2.493072e-06,1.246536e-05,0
15080.0,15085.0,15082.5,6.213348e-06,3.106674e-05,0
15090.0,15095.0,15092.5,6.248194e-06,3.124097e-05,0
15095.0,15100.0,15097.5,2.490676e-06,1.245338e-05,0
15100.0,15105.0,15102.5,6.264534e-06,3.132267e-05,0
15105.0,15110.0,15107.5,2.509158e-06,1.254579e-05,0
15110.0,15115.0,15112.5,3.748824e-06,1.874412e-05,0
15115.0,15120.0,15117.5,2.496432e-06,1.248216e-05,0
15120.0,15125.0,15122.5,3.740664e-06,1.870332e-05,0
15125.0,15130.0,15127.5,1.243318e-06,6.21659e-06,0
15130.0,15135.0,15132.5,1.260796e-06,6.30398e-06,0
15135.0,15140.0,15137.5,2.496154e-06,1.248077e-05,0
15145.0,15150.0,15147.5,1.231452e-06,6.15726e-06,0
15150.0,15155.0,15152.5,1.242314e-06,6.21157e-06,0
15155.0,15160.0,15157.5,5.008424e-06,2.504212e-05,0
15160.0,15165.0,15162.5,1.243318e-06,6.21659e-06,0
15165.0,15170.0,15167.5,4.983474e-06,2.491737e-05,0
15170.0,15175.0,15172.5,6.237042e-06,3.118521e-05,0
15175.0,15180.0,15177.5,3.759346e-06,1.879673e-05,0
15180.0,15185.0,15182.5,3.735186e-06,1.867593e-05,0
15185.0,15190.0,15187.5,6.256986e-06,3.128493e-05,0
15190.0,15195.0,15192.5,3.747804e-06,1.873902e-05,0
15200.0,15205.0,15202.5,5.0086e-06,2.5043e-05,0
15205.0,15210.0,15207.5,7.486474e-06,3.743237e-05,0
15210.0,15215.0,15212.5,2.483464e-06,1.241732e-05,0
15215.0,15220.0,15217.5,2.476162e-06,1.238081e-05,0
15220.0,15225.0,15222.5,1.1256684e-05,5.628342e-05,0
15225.0,15230.0,15227.5,3.733994e-06,1.866997e-05,0
15230.0,15235.0,15232.5,4.995256e-06,2.497628e-05,0
15235.0,15240.0,15237.5,4.986126e-06,2.493063e-05,0
15240.0,15245.0,15242.5,2.488028e-06,1.244014e-05,0
15245.0,15250.0,15247.5,1.242314e-06,6.21157e-06,0
15250.0,15255.0,15252.5,7.5162e-06,3.7581e-05,0
15255.0,15260.0,15257.5,5.004056e-06,2.502028e-05,0
15260.0,15265.0,15262.5,3.734562e-06,1.867281e-05,0
15265.0,15270.0,15267.5,3.726782e-06,1.863391e-05,0
15270.0,15275.0,15272.5,1.251722e-06,6.25861e-06,0
15275.0,15280.0,15277.5,4.975712e-06,2.487856e-05,0
15280.0,15285.0,15282.5,1.25384e-06,6.2692e-06,0
15285.0,15290.0,15287.5,3.749738e-06,1.874869e-05,0
15290.0,15295.0,15292.5,7.491494e-06,3.745747e-05,0
15295.0,15300.0,15297.5,4.993428e-06,2.496714e-05,0
15300.0,15305.0,15302.5,6.270042e-06,3.135021e-05,0
15305.0,15310.0,15307.5,4.946364e-06,2.473182e-05,0
15310.0,15315.0,15312.5,3.72933e-06,1.864665e-05,0
15315.0,15320.0,15317.5,3.763914e-06,1.881957e-05,0
15320.0,15325.0,15322.5,5.00392e-06,2.50196e-05,0
15325.0,15330.0,15327.5,1.243318e-06,6.21659e-06,0
15330.0,15335.0,15332.5,2.487024e-06,1.243512e-05,0
15335.0,15340.0,15337.5,2.479812e-06,1.239906e-05,0
15340.0,15345.0,15342.5,3.72735e-06,1.863675e-05,0
15345.0,15350.0,15347.5,2.514636e-06,1.257318e-05,0
15350.0,15355.0,15352.5,1.242314e-06,6.21157e-06,0
15355.0,15360.0,15357.5,1.231452e-06,6.15726e-06,0
15360.0,15365.0,15362.5,2.47842e-06,1.23921e-05,0
15365.0,15370.0,15367.5,3.719722e-06,1.859861e-05,0
15370.0,15375.0,15372.5,4.98701e-06,2.493505e-05,0
15375.0,15380.0,15377.5,2.500834e-06,1.250417e-05,0
15380.0,15385.0,15382.5,1.251722e-06,6.25861e-06,0
15385.0,15390.0,15387.5,2.477416e-06,1.238708e-05,0
15390.0,15395.0,15392.5,3.722128e-06,1.861064e-05,0
15395.0,15400.0,15397.5,1.235102e-06,6.17551e-06,0
15400.0,15405.0,15402.5,3.749994e-06,1.874997e-05,0
15405.0,15410.0,15407.5,1.248362e-06,6.24181e-06,0
15415.0,15420.0,15417.5,4.986612e-06,2.493306e-05,0
15420.0,15425.0,15422.5,4.996732e-06,2.498366e-05,0
15425.0,15430.0,15427.5,7.504854e-06,3.752427e-05,0
15430.0,15435.0,15432.5,9.998248e-06,4.999124e-05,0
15435.0,15440.0,15437.5,2.490676e-06,1.245338e-05,0
15440.0,15445.0,15442.5,3.706218e-06,1.853109e-05,0
15445.0,15450.0,15447.5,2.50311e-06,1.251555e-05,0
15450.0,15455.0,15452.5,1.260796e-06,6.30398e-06,0
15455.0,15460.0,15457.5,4.99131e-06,2.495655e-05,0
15460.0,15465.0,15462.5,2.5216e-06,1.2608e-05,0
15465.0,15470.0,15467.5,3.759564e-06,1.879782e-05,0
15470.0,15475.0,15472.5,2.488942e-06,1.244471e-05,0
15475.0,15480.0,15477.5,1.260796e-06,6.30398e-06,0
15480.0,15485.0,15482.5,6.241444e-06,3.120722e-05,0
15485.0,15490.0,15487.5,1.1212204e-05,5.606102e-05,0
15490.0,15495.0,15492.5,2.47842e-06,1.23921e-05,0
15495.0,15500.0,15497.5,1.235102e-06,6.17551e-06,0
15500.0,15505.0,15502.5,2.485292e-06,1.242646e-05,0
15505.0,15510.0,15507.5,2.476162e-06,1.238081e-05,0
15510.0,15515.0,15512.5,2.497158e-06,1.248579e-05,0
15515.0,15520.0,15517.5,1.24471e-06,6.22355e-06,0
15520.0,15525.0,15522.5,3.711262e-06,1.855631e-05,0
15525.0,15530.0,15527.5,3.773036e-06,1.886518e-05,0
15530.0,15535.0,15532.5,4.980276e-06,2.490138e-05,0
15535.0,15540.0,15537.5,4.983474e-06,2.491737e-05,0
15540.0,15545.0,15542.5,3.732286e-06,1.866143e-05,0
15545.0,15550.0,15547.5,2.494036e-06,1.247018e-05,0
15550.0,15555.0,15552.5,1.251722e-06,6.25861e-06,0
15555.0,15560.0,15557.5,1.243318e-06,6.21659e-06,0
15560.0,15565.0,15562.5,3.745066e-06,1.872533e-05,0
15565.0,15570.0,15567.5,1.242314e-06,6.21157e-06,0
15570.0,15575.0,15572.5,6.216826e-06,3.108413e-05,0
15575.0,15580.0,15577.5,4.995414e-06,2.497707e-05,0
15580.0,15585.0,15582.5,3.74552e-06,1.87276e-05,0
15585.0,15590.0,15587.5,1.242314e-06,6.21157e-06,0
15590.0,15595.0,15592.5,1.256124e-06,6.28062e-06,0
15595.0,15600.0,15597.5,1.24471e-06,6.22355e-06,0
15600.0,15605.0,15602.5,1.248362e-06,6.24181e-06,0
15605.0,15610.0,15607.5,4.987578e-06,2.493789e-05,0
15610.0,15615.0,15612.5,3.749738e-06,1.874869e-05,0
15620.0,15625.0,15622.5,3.718092e-06,1.859046e-05,0
15625.0,15630.0,15627.5,1.260796e-06,6.30398e-06,0
15630.0,15635.0,15632.5,1.256124e-06,6.28062e-06,0
15635.0,15640.0,15637.5,2.479814e-06,1.239907e-05,0
15640.0,15645.0,15642.5,2.505506e-06,1.252753e-05,0
15645.0,15650.0,15647.5,4.992514e-06,2.496257e-05,0
15650.0,15655.0,15652.5,2.491226e-06,1.245613e-05,0
15655.0,15660.0,15657.5,4.987474e-06,2.493737e-05,0
15660.0,15665.0,15662.5,4.99936e-06,2.49968e-05,0
15665.0,15670.0,15667.5,3.7053e-06,1.85265e-05,0
15670.0,15675.0,15672.5,1.260796e-06,6.30398e-06,0
15675.0,15680.0,15677.5,2.485292e-06,1.242646e-05,0
15685.0,15690.0,15687.5,2.494036e-06,1.247018e-05,0
15690.0,15695.0,15692.5,2.512518e-06,1.256259e-05,0
15695.0,15700.0,15697.5,7.494238e-06,3.747119e-05,0
15700.0,15705.0,15702.5,1.260796e-06,6.30398e-06,0
15705.0,15710.0,15707.5,7.467188e-06,3.733594e-05,0
15710.0,15715.0,15712.5,4.98975e-06,2.494875e-05,0
15715.0,15720.0,15717.5,9.97776e-06,4.98888e-05,0
15720.0,15725.0,15722.5,5.020038e-06,2.510019e-05,0
15725.0,15730.0,15727.5,1.251722e-06,6.25861e-06,0
15730.0,15735.0,15732.5,4.962708e-06,2.481354e-05,0
15735.0,15740.0,15737.5,1.243318e-06,6.21659e-06,0
15740.0,15745.0,15742.5,3.764918e-06,1.882459e-05,0
15745.0,15750.0,15747.5,2.479812e-06,1.239906e-05,0
15750.0,15755.0,15752.5,3.744794e-06,1.872397e-05,0
15755.0,15760.0,15757.5,2.47477e-06,1.237385e-05,0
15760.0,15765.0,15762.5,2.49855e-06,1.249275e-05,0
15765.0,15770.0,15767.5,6.2364e-06,3.1182e-05,0
15770.0,15775.0,15772.5,3.743402e-06,1.871701e-05,0
15775.0,15780.0,15777.5,7.491018e-06,3.745509e-05,0
15780.0,15785.0,15782.5,3.725488e-06,1.862744e-05,0
15785.0,15790.0,15787.5,2.497158e-06,1.248579e-05,0
15790.0,15795.0,15792.5,2.51224e-06,1.25612e-05,0
15795.0,15800.0,15797.5,6.210776e-06,3.105388e-05,0
15800.0,15805.0,15802.5,5.008394e-06,2.504197e-05,0
15805.0,15810.0,15807.5,2.504486e-06,1.252243e-05,0
15810.0,15815.0,15812.5,2.49672e-06,1.24836e-05,0
15815.0,15820.0,15817.5,5.00002e-06,2.50001e-05,0
15825.0,15830.0,15827.5,3.727606e-06,1.863803e-05,0
15835.0,15840.0,15837.5,3.754674e-06,1.877337e-05,0
15840.0,15845.0,15842.5,4.997992e-06,2.498996e-05,0
15845.0,15850.0,15847.5,3.733654e-06,1.866827e-05,0
15850.0,15855.0,15852.5,2.479812e-06,1.239906e-05,0
15855.0,15860.0,15857.5,2.502202e-06,1.251101e-05,0
15860.0,15865.0,15862.5,3.718276e-06,1.859138e-05,0
15865.0,15870.0,15867.5,4.996788e-06,2.498394e-05,0
15870.0,15875.0,15872.5,2.499442e-06,1.249721e-05,0
15875.0,15880.0,15877.5,1.235102e-06,6.17551e-06,0
15880.0,15885.0,15882.5,2.488028e-06,1.244014e-05,0
15885.0,15890.0,15887.5,1.256124e-06,6.28062e-06,0
15890.0,15895.0,15892.5,3.730002e-06,1.865001e-05,0
15895.0,15900.0,15897.5,3.762998e-06,1.881499e-05,0
15900.0,15905.0,15902.5,1.24471e-06,6.22355e-06,0
15905.0,15910.0,15907.5,3.763804e-06,1.881902e-05,0
15910.0,15915.0,15912.5,6.241698e-06,3.120849e-05,0
15915.0,15920.0,15917.5,3.746088e-06,1.873044e-05,0
15920.0,15925.0,15922.5,2.500834e-06,1.250417e-05,0
15925.0,15930.0,15927.5,3.761686e-06,1.880843e-05,0
15930.0,15935.0,15932.5,3.740038e-06,1.870019e-05,0
15935.0,15940.0,15937.5,2.487576e-06,1.243788e-05,0
15940.0,15945.0,15942.5,2.49855e-06,1.249275e-05,0
15945.0,15950.0,15947.5,3.741756e-06,1.870878e-05,0
15950.0,15955.0,15952.5,1.231452e-06,6.15726e-06,0
15955.0,15960.0,15957.5,1.25384e-06,6.2692e-06,0
15960.0,15965.0,15962.5,2.493072e-06,1.246536e-05,0
15965.0,15970.0,15967.5,1.24471e-06,6.22355e-06,0
15970.0,15975.0,15972.5,4.954582e-06,2.477291e-05,0
15975.0,15980.0,15977.5,1.248362e-06,6.24181e-06,0
15980.0,15985.0,15982.5,2.51692e-06,1.25846e-05,0
15985.0,15990.0,15987.5,1.242314e-06,6.21157e-06,0
15990.0,15995.0,15992.5,3.733654e-06,1.866827e-05,0
15995.0,16000.0,15997.5,3.74061e-06,1.870305e-05,0
16000.0,16005.0,16002.5,3.746428e-06,1.873214e-05,0
16005.0,16010.0,16007.5,2.504114e-06,1.252057e-05,0
16015.0,16020.0,16017.5,3.722128e-06,1.861064e-05,0
16020.0,16025.0,16022.5,4.997992e-06,2.498996e-05,0
16025.0,16030.0,16027.5,3.720394e-06,1.860197e-05,0
16030.0,16035.0,16032.5,2.495898e-06,1.247949e-05,0
16040.0,16045.0,16042.5,4.958234e-06,2.479117e-05,0
16045.0,16050.0,16047.5,3.739216e-06,1.869608e-05,0
16050.0,16055.0,16052.5,2.51692e-06,1.25846e-05,0
16055.0,16060.0,16057.5,3.722126e-06,1.861063e-05,0
16060.0,16065.0,16062.5,3.749994e-06,1.874997e-05,0
16065.0,16070.0,16067.5,3.736958e-06,1.868479e-05,0
16070.0,16075.0,16072.5,1.24471e-06,6.22355e-06,0
16075.0,16080.0,16077.5,2.514636e-06,1.257318e-05,0
16080.0,16085.0,16082.5,3.727606e-06,1.863803e-05,0
16085.0,16090.0,16087.5,2.466554e-06,1.233277e-05,0
16090.0,16095.0,16092.5,7.48621e-06,3.743105e-05,0
16095.0,16100.0,16097.5,2.494036e-06,1.247018e-05,0
16100.0,16105.0,16102.5,2.497158e-06,1.248579e-05,0
16105.0,16110.0,16107.5,4.978662e-06,2.489331e-05,0
16110.0,16115.0,16112.5,2.504486e-06,1.252243e-05,0
16115.0,16120.0,16117.5,1.235102e-06,6.17551e-06,0
16120.0,16125.0,16122.5,2.473766e-06,1.236883e-05,0
16125.0,16130.0,16127.5,7.507384e-06,3.753692e-05,0
16130.0,16135.0,16132.5,4.987288e-06,2.493644e-05,0
16135.0,16140.0,16137.5,1.248362e-06,6.24181e-06,0
16140.0,16145.0,16142.5,2.50768e-06,1.25384e-05,0
16145.0,16150.0,16147.5,6.23209e-06,3.116045e-05,0
16150.0,16155.0,16152.5,4.970104e-06,2.485052e-05,0
16155.0,16160.0,16157.5,1.260796e-06,6.30398e-06,0
16160.0,16165.0,16162.5,1.256124e-06,6.28062e-06,0
16165.0,16170.0,16167.5,6.235836e-06,3.117918e-05,0
16170.0,16175.0,16172.5,2.479814e-06,1.239907e-05,0
16175.0,16180.0,16177.5,1.248362e-06,6.24181e-06,0
16180.0,16185.0,16182.5,1.235102e-06,6.17551e-06,0
16185.0,16190.0,16187.5,1.243318e-06,6.21659e-06,0
16190.0,16195.0,16192.5,7.480546e-06,3.740273e-05,0
16195.0,16200.0,16197.5,6.260956e-06,3.130478e-05,0
16200.0,16205.0,16202.5,3.738212e-06,1.869106e-05,0
16205.0,16210.0,16207.5,2.497158e-06,1.248579e-05,0
16210.0,16215.0,16212.5,2.498438e-06,1.249219e-05,0
16215.0,16220.0,16217.5,3.737304e-06,1.868652e-05,0
16220.0,16225.0,16222.5,1.248362e-06,6.24181e-06,0
16225.0,16230.0,16227.5,1.248362e-06,6.24181e-06,0
16230.0,16235.0,16232.5,3.745066e-06,1.872533e-05,0
16235.0,16240.0,16237.5,2.47842e-06,1.23921e-05,0
16240.0,16245.0,16242.5,3.705214e-06,1.852607e-05,0
16245.0,16250.0,16247.5,1.235102e-06,6.17551e-06,0
16250.0,16255.0,16252.5,2.491226e-06,1.245613e-05,0
16255.0,16260.0,16257.5,6.20716e-06,3.10358e-05,0
16260.0,16265.0,16262.5,3.74552e-06,1.87276e-05,0
16265.0,16270.0,16267.5,4.966096e-06,2.483048e-05,0
16270.0,16275.0,16272.5,5.017746e-06,2.508873e-05,0
16275.0,16280.0,16277.5,1.24471e-06,6.22355e-06,0
16280.0,16285.0,16282.5,2.51224e-06,1.25612e-05,0
16285.0,16290.0,16287.5,1.242314e-06,6.21157e-06,0
16290.0,16295.0,16292.5,2.509158e-06,1.254579e-05,0
16295.0,16300.0,16297.5,7.44169e-06,3.720845e-05,0
16305.0,16310.0,16307.5,7.488438e-06,3.744219e-05,0
16310.0,16315.0,16312.5,2.502202e-06,1.251101e-05,0
16315.0,16320.0,16317.5,4.981668e-06,2.490834e-05,0
16320.0,16325.0,16322.5,3.741756e-06,1.870878e-05,0
16325.0,16330.0,16327.5,3.769962e-06,1.884981e-05,0
16330.0,16335.0,16332.5,3.74815e-06,1.874075e-05,0
16335.0,16340.0,16337.5,1.25384e-06,6.2692e-06,0
16340.0,16345.0,16342.5,1.242314e-06,6.21157e-06,0
16345.0,16350.0,16347.5,3.744152e-06,1.872076e-05,0
16350.0,16355.0,16352.5,1.235102e-06,6.17551e-06,0
16355.0,16360.0,16357.5,2.488942e-06,1.244471e-05,0
16360.0,16365.0,16362.5,3.737304e-06,1.868652e-05,0
16365.0,16370.0,16367.5,3.757954e-06,1.878977e-05,0
16370.0,16375.0,16372.5,3.724522e-06,1.862261e-05,0
16375.0,16380.0,16377.5,2.477416e-06,1.238708e-05,0
16380.0,16385.0,16382.5,1.260796e-06,6.30398e-06,0
16385.0,16390.0,16387.5,2.498438e-06,1.249219e-05,0
16390.0,16395.0,16392.5,2.485292e-06,1.242646e-05,0
16395.0,16400.0,16397.5,3.76608e-06,1.88304e-05,0
16400.0,16405.0,16402.5,1.243318e-06,6.21659e-06,0
16405.0,16410.0,16407.5,4.969994e-06,2.484997e-05,0
16410.0,16415.0,16412.5,2.496432e-06,1.248216e-05,0
16415.0,16420.0,16417.5,1.242314e-06,6.21157e-06,0
16420.0,16425.0,16422.5,2.500834e-06,1.250417e-05,0
16425.0,16430.0,16427.5,2.476162e-06,1.238081e-05,0
16430.0,16435.0,16432.5,2.497158e-06,1.248579e-05,0
16435.0,16440.0,16437.5,1.243318e-06,6.21659e-06,0
16440.0,16445.0,16442.5,2.51692e-06,1.25846e-05,0
16445.0,16450.0,16447.5,1.251722e-06,6.25861e-06,0
16450.0,16455.0,16452.5,4.994704e-06,2.497352e-05,0
16455.0,16460.0,16457.5,1.24471e-06,6.22355e-06,0
16460.0,16465.0,16462.5,1.256124e-06,6.28062e-06,0
16465.0,16470.0,16467.5,1.25384e-06,6.2692e-06,0
16470.0,16475.0,16472.5,3.71491e-06,1.857455e-05,0
16480.0,16485.0,16482.5,1.260796e-06,6.30398e-06,0
16485.0,16490.0,16487.5,3.719024e-06,1.859512e-05,0
16490.0,16495.0,16492.5,3.739034e-06,1.869517e-05,0
16495.0,16500.0,16497.5,1.251722e-06,6.25861e-06,0
16500.0,16505.0,16502.5,3.739588e-06,1.869794e-05,0
16505.0,16510.0,16507.5,6.239102e-06,3.119551e-05,0
16510.0,16515.0,16512.5,3.728174e-06,1.864087e-05,0
16515.0,16520.0,16517.5,3.739588e-06,1.869794e-05,0
16520.0,16525.0,16522.5,2.514636e-06,1.257318e-05,0
16530.0,16535.0,16532.5,3.73354e-06,1.86677e-05,0
16535.0,16540.0,16537.5,3.746428e-06,1.873214e-05,0
16540.0,16545.0,16542.5,3.72861e-06,1.864305e-05,0
16545.0,16550.0,16547.5,1.243318e-06,6.21659e-06,0
16550.0,16555.0,16552.5,3.738542e-06,1.869271e-05,0
16560.0,16565.0,16562.5,2.485632e-06,1.242816e-05,0
16565.0,16570.0,16567.5,2.50311e-06,1.251555e-05,0
16570.0,16575.0,16572.5,1.235102e-06,6.17551e-06,0
16575.0,16580.0,16577.5,2.496432e-06,1.248216e-05,0
16580.0,16585.0,16582.5,1.24471e-06,6.22355e-06,0
16585.0,16590.0,16587.5,1.25384e-06,6.2692e-06,0
16590.0,16595.0,16592.5,1.25384e-06,6.2692e-06,0
16595.0,16600.0,16597.5,5.010542e-06,2.505271e-05,0
16600.0,16605.0,16602.5,4.98373e-06,2.491865e-05,0
16605.0,16610.0,16607.5,4.95794e-06,2.47897e-05,0
16615.0,16620.0,16617.5,1.231452e-06,6.15726e-06,0
16620.0,16625.0,16622.5,1.25384e-06,6.2692e-06,0
16625.0,16630.0,16627.5,1.25384e-06,6.2692e-06,0
16635.0,16640.0,16637.5,6.24252e-06,3.12126e-05,0
16640.0,16645.0,16642.5,4.99487e-06,2.497435e-05,0
16645.0,16650.0,16647.5,2.514636e-06,1.257318e-05,0
16650.0,16655.0,16652.5,1.231452e-06,6.15726e-06,0
16655.0,16660.0,16657.5,6.238476e-06,3.119238e-05,0
16660.0,16665.0,16662.5,2.495898e-06,1.247949e-05,0
16665.0,16670.0,16667.5,3.738212e-06,1.869106e-05,0
16670.0,16675.0,16672.5,3.743148e-06,1.871574e-05,0
16675.0,16680.0,16677.5,2.486824e-06,1.243412e-05,0
16680.0,16685.0,16682.5,1.235102e-06,6.17551e-06,0
16685.0,16690.0,16687.5,3.744152e-06,1.872076e-05,0
16695.0,16700.0,16697.5,2.491226e-06,1.245613e-05,0
16700.0,16705.0,16702.5,1.243318e-06,6.21659e-06,0
16705.0,16710.0,16707.5,2.500834e-06,1.250417e-05,0
16715.0,16720.0,16717.5,2.500834e-06,1.250417e-05,0
16720.0,16725.0,16722.5,1.24471e-06,6.22355e-06,0
16730.0,16735.0,16732.5,1.235102e-06,6.17551e-06,0
16735.0,16740.0,16737.5,2.499442e-06,1.249721e-05,0
16740.0,16745.0,16742.5,1.251722e-06,6.25861e-06,0
16745.0,16750.0,16747.5,3.72861e-06,1.864305e-05,0
16750.0,16755.0,16752.5,4.946364e-06,2.473182e-05,0
16755.0,16760.0,16757.5,4.97697e-06,2.488485e-05,0
16765.0,16770.0,16767.5,1.243318e-06,6.21659e-06,0
16770.0,16775.0,16772.5,2.483464e-06,1.241732e-05,0
16775.0,16780.0,16777.5,2.485632e-06,1.242816e-05,0
16780.0,16785.0,16782.5,6.217552e-06,3.108776e-05,0
16785.0,16790.0,16787.5,3.77076e-06,1.88538e-05,0
16790.0,16795.0,16792.5,1.243318e-06,6.21659e-06,0
16795.0,16800.0,16797.5,1.25384e-06,6.2692e-06,0
16800.0,16805.0,16802.5,2.492248e-06,1.246124e-05,0
16805.0,16810.0,16807.5,2.491226e-06,1.245613e-05,0
16810.0,16815.0,16812.5,3.737304e-06,1.868652e-05,0
16815.0,16820.0,16817.5,2.504114e-06,1.252057e-05,0
16820.0,16825.0,16822.5,3.727938e-06,1.863969e-05,0
16825.0,16830.0,16827.5,3.718092e-06,1.859046e-05,0
16830.0,16835.0,16832.5,1.260796e-06,6.30398e-06,0
16845.0,16850.0,16847.5,2.502202e-06,1.251101e-05,0
16855.0,16860.0,16857.5,1.25384e-06,6.2692e-06,0
16860.0,16865.0,16862.5,1.251722e-06,6.25861e-06,0
16865.0,16870.0,16867.5,2.502202e-06,1.251101e-05,0
16870.0,16875.0,16872.5,4.999928e-06,2.499964e-05,0
16875.0,16880.0,16877.5,1.243318e-06,6.21659e-06,0
16885.0,16890.0,16887.5,3.731822e-06,1.865911e-05,0
16890.0,16895.0,16892.5,1.251722e-06,6.25861e-06,0
16895.0,16900.0,16897.5,1.243318e-06,6.21659e-06,0
16900.0,16905.0,16902.5,3.741756e-06,1.870878e-05,0
16905.0,16910.0,16907.5,2.498438e-06,1.249219e-05,0
16910.0,16915.0,16912.5,2.504486e-06,1.252243e-05,0
16920.0,16925.0,16922.5,4.983064e-06,2.491532e-05,0
16925.0,16930.0,16927.5,5.00002e-06,2.50001e-05,0
16930.0,16935.0,16932.5,3.759346e-06,1.879673e-05,0
16935.0,16940.0,16937.5,3.74326e-06,1.87163e-05,0
16945.0,16950.0,16947.5,2.483464e-06,1.241732e-05,0
16950.0,16955.0,16952.5,2.473766e-06,1.236883e-05,0
16955.0,16960.0,16957.5,2.486824e-06,1.243412e-05,0
16960.0,16965.0,16962.5,3.773322e-06,1.886661e-05,0
16965.0,16970.0,16967.5,2.504114e-06,1.252057e-05,0
16970.0,16975.0,16972.5,1.260796e-06,6.30398e-06,0
16975.0,16980.0,16977.5,2.485292e-06,1.242646e-05,0
16980.0,16985.0,16982.5,3.735936e-06,1.867968e-05,0
16985.0,16990.0,16987.5,3.750272e-06,1.875136e-05,0
16995.0,17000.0,16997.5,1.248362e-06,6.24181e-06,0
17000.0,17005.0,17002.5,3.752476e-06,1.876238e-05,0
17005.0,17010.0,17007.5,1.242314e-06,6.21157e-06,0
17010.0,17015.0,17012.5,3.739216e-06,1.869608e-05,0
17015.0,17020.0,17017.5,2.466554e-06,1.233277e-05,0
17020.0,17025.0,17022.5,3.76163e-06,1.880815e-05,0
17025.0,17030.0,17027.5,1.243318e-06,6.21659e-06,0
17030.0,17035.0,17032.5,3.762998e-06,1.881499e-05,0
17035.0,17040.0,17037.5,1.243318e-06,6.21659e-06,0
17040.0,17045.0,17042.5,1.25384e-06,6.2692e-06,0
17050.0,17055.0,17052.5,1.260796e-06,6.30398e-06,0
17055.0,17060.0,17057.5,1.231452e-06,6.15726e-06,0
17060.0,17065.0,17062.5,3.725778e-06,1.862889e-05,0
17065.0,17070.0,17067.5,2.479812e-06,1.239906e-05,0
17070.0,17075.0,17072.5,2.486824e-06,1.243412e-05,0
17075.0,17080.0,17077.5,2.4629e-06,1.23145e-05,0
17080.0,17085.0,17082.5,2.512518e-06,1.256259e-05,0
17085.0,17090.0,17087.5,1.24471e-06,6.22355e-06,0
17090.0,17095.0,17092.5,1.260796e-06,6.30398e-06,0
17095.0,17100.0,17097.5,2.49672e-06,1.24836e-05,0
17100.0,17105.0,17102.5,2.50311e-06,1.251555e-05,0
17105.0,17110.0,17107.5,4.99176e-06,2.49588e-05,0
17110.0,17115.0,17112.5,1.25384e-06,6.2692e-06,0
17115.0,17120.0,17117.5,3.738212e-06,1.869106e-05,0
17120.0,17125.0,17122.5,2.497158e-06,1.248579e-05,0
17125.0,17130.0,17127.5,2.477416e-06,1.238708e-05,0
17135.0,17140.0,17137.5,6.261978e-06,3.130989e-05,0
17140.0,17145.0,17142.5,3.730002e-06,1.865001e-05,0
17145.0,17150.0,17147.5,3.737014e-06,1.868507e-05,0
17150.0,17155.0,17152.5,6.223944e-06,3.111972e-05,0
17155.0,17160.0,17157.5,2.488028e-06,1.244014e-05,0
17160.0,17165.0,17162.5,1.24471e-06,6.22355e-06,0
17165.0,17170.0,17167.5,1.248362e-06,6.24181e-06,0
17170.0,17175.0,17172.5,2.494036e-06,1.247018e-05,0
17175.0,17180.0,17177.5,2.494036e-06,1.247018e-05,0
17185.0,17190.0,17187.5,2.500834e-06,1.250417e-05,0
17190.0,17195.0,17192.5,2.486824e-06,1.243412e-05,0
17195.0,17200.0,17197.5,6.237848e-06,3.118924e-05,0
17200.0,17205.0,17202.5,2.507846e-06,1.253923e-05,0
17205.0,17210.0,17207.5,7.462164e-06,3.731082e-05,0
17210.0,17215.0,17212.5,3.746428e-06,1.873214e-05,0
17215.0,17220.0,17217.5,1.235102e-06,6.17551e-06,0
17225.0,17230.0,17227.5,3.77076e-06,1.88538e-05,0
17230.0,17235.0,17232.5,3.761686e-06,1.880843e-05,0
17235.0,17240.0,17237.5,2.487024e-06,1.243512e-05,0
17240.0,17245.0,17242.5,2.491226e-06,1.245613e-05,0
17245.0,17250.0,17247.5,1.251722e-06,6.25861e-06,0
17250.0,17255.0,17252.5,1.248362e-06,6.24181e-06,0
17260.0,17265.0,17262.5,2.496432e-06,1.248216e-05,0
17265.0,17270.0,17267.5,1.256124e-06,6.28062e-06,0
17270.0,17275.0,17272.5,1.260796e-06,6.30398e-06,0
17275.0,17280.0,17277.5,1.256124e-06,6.28062e-06,0
17280.0,17285.0,17282.5,2.49168e-06,1.24584e-05,0
17285.0,17290.0,17287.5,6.271322e-06,3.135661e-05,0
17290.0,17295.0,17292.5,4.974852e-06,2.487426e-05,0
17295.0,17300.0,17297.5,2.500084e-06,1.250042e-05,0
17300.0,17305.0,17302.5,1.251722e-06,6.25861e-06,0
17305.0,17310.0,17307.5,2.499442e-06,1.249721e-05,0
17310.0,17315.0,17312.5,6.243958e-06,3.121979e-05,0
17315.0,17320.0,17317.5,2.479814e-06,1.239907e-05,0
17320.0,17325.0,17322.5,3.718562e-06,1.859281e-05,0
17325.0,17330.0,17327.5,3.718092e-06,1.859046e-05,0
17330.0,17335.0,17332.5,1.231452e-06,6.15726e-06,0
17335.0,17340.0,17337.5,5.000094e-06,2.500047e-05,0
17340.0,17345.0,17342.5,2.485632e-06,1.242816e-05,0
17345.0,17350.0,17347.5,6.270042e-06,3.135021e-05,0
17355.0,17360.0,17357.5,1.251722e-06,6.25861e-06,0
17360.0,17365.0,17362.5,1.242314e-06,6.21157e-06,0
17365.0,17370.0,17367.5,3.739034e-06,1.869517e-05,0
17375.0,17380.0,17377.5,4.993082e-06,2.496541e-05,0
17380.0,17385.0,17382.5,3.744794e-06,1.872397e-05,0
17385.0,17390.0,17387.5,3.737782e-06,1.868891e-05,0
17390.0,17395.0,17392.5,6.250574e-06,3.125287e-05,0
17395.0,17400.0,17397.5,1.251722e-06,6.25861e-06,0
17410.0,17415.0,17412.5,1.256124e-06,6.28062e-06,0
17420.0,17425.0,17422.5,2.514636e-06,1.257318e-05,0
17425.0,17430.0,17427.5,3.72933e-06,1.864665e-05,0
17430.0,17435.0,17432.5,2.466554e-06,1.233277e-05,0
17435.0,17440.0,17437.5,2.48942e-06,1.24471e-05,0
17450.0,17455.0,17452.5,2.49504e-06,1.24752e-05,0
17460.0,17465.0,17462.5,4.997186e-06,2.498593e-05,0
17465.0,17470.0,17467.5,1.231452e-06,6.15726e-06,0
17470.0,17475.0,17472.5,2.466554e-06,1.233277e-05,0
17475.0,17480.0,17477.5,3.741756e-06,1.870878e-05,0
17480.0,17485.0,17482.5,3.76631e-06,1.883155e-05,0
17485.0,17490.0,17487.5,1.260796e-06,6.30398e-06,0
17490.0,17495.0,17492.5,2.48942e-06,1.24471e-05,0
17500.0,17505.0,17502.5,1.256124e-06,6.28062e-06,0
17505.0,17510.0,17507.5,2.5216e-06,1.2608e-05,0
17515.0,17520.0,17517.5,1.231452e-06,6.15726e-06,0
17520.0,17525.0,17522.5,3.752278e-06,1.876139e-05,0
17525.0,17530.0,17527.5,1.24471e-06,6.22355e-06,0
17540.0,17545.0,17542.5,3.727938e-06,1.863969e-05,0
17545.0,17550.0,17547.5,2.493072e-06,1.246536e-05,0
17550.0,17555.0,17552.5,2.507846e-06,1.253923e-05,0
17560.0,17565.0,17562.5,3.7053e-06,1.85265e-05,0
17565.0,17570.0,17567.5,1.231452e-06,6.15726e-06,0
17570.0,17575.0,17572.5,1.24471e-06,6.22355e-06,0
17575.0,17580.0,17577.5,3.734562e-06,1.867281e-05,0
17580.0,17585.0,17582.5,2.499442e-06,1.249721e-05,0
17585.0,17590.0,17587.5,1.251722e-06,6.25861e-06,0
17590.0,17595.0,17592.5,1.256124e-06,6.28062e-06,0
17595.0,17600.0,17597.5,2.509158e-06,1.254579e-05,0
17605.0,17610.0,17607.5,2.466554e-06,1.233277e-05,0
17610.0,17615.0,17612.5,1.248362e-06,6.24181e-06,0
17620.0,17625.0,17622.5,2.512518e-06,1.256259e-05,0
17630.0,17635.0,17632.5,4.98701e-06,2.493505e-05,0
17635.0,17640.0,17637.5,1.235102e-06,6.17551e-06,0
17640.0,17645.0,17642.5,1.256124e-06,6.28062e-06,0
17645.0,17650.0,17647.5,4.969664e-06,2.484832e-05,0
17650.0,17655.0,17652.5,2.51692e-06,1.25846e-05,0
17660.0,17665.0,17662.5,1.235102e-06,6.17551e-06,0
17665.0,17670.0,17667.5,2.509964e-06,1.254982e-05,0
17675.0,17680.0,17677.5,3.735938e-06,1.867969e-05,0
17680.0,17685.0,17682.5,3.738212e-06,1.869106e-05,0
17685.0,17690.0,17687.5,6.231706e-06,3.115853e-05,0
17690.0,17695.0,17692.5,2.504114e-06,1.252057e-05,0
17695.0,17700.0,17697.5,1.251722e-06,6.25861e-06,0
17700.0,17705.0,17702.5,3.750998e-06,1.875499e-05,0
17705.0,17710.0,17707.5,1.25384e-06,6.2692e-06,0
17710.0,17715.0,17712.5,1.243318e-06,6.21659e-06,0
17720.0,17725.0,17722.5,2.487024e-06,1.243512e-05,0
17725.0,17730.0,17727.5,1.243318e-06,6.21659e-06,0
17730.0,17735.0,17732.5,1.24471e-06,6.22355e-06,0
17735.0,17740.0,17737.5,2.488028e-06,1.244014e-05,0
17745.0,17750.0,17747.5,3.738212e-06,1.869106e-05,0
17750.0,17755.0,17752.5,1.243318e-06,6.21659e-06,0
17755.0,17760.0,17757.5,3.722126e-06,1.861063e-05,0
17760.0,17765.0,17762.5,1.251722e-06,6.25861e-06,0
17770.0,17775.0,17772.5,1.243318e-06,6.21659e-06,0
17775.0,17780.0,17777.5,2.477416e-06,1.238708e-05,0
17780.0,17785.0,17782.5,3.73639e-06,1.868195e-05,0
17785.0,17790.0,17787.5,1.25384e-06,6.2692e-06,0
17790.0,17795.0,17792.5,1.25384e-06,6.2692e-06,0
17805.0,17810.0,17807.5,3.743148e-06,1.871574e-05,0
17810.0,17815.0,17812.5,2.497158e-06,1.248579e-05,0
17815.0,17820.0,17817.5,1.235102e-06,6.17551e-06,0
17820.0,17825.0,17822.5,1.24471e-06,6.22355e-06,0
17825.0,17830.0,17827.5,1.256124e-06,6.28062e-06,0
17830.0,17835.0,17832.5,4.992332e-06,2.496166e-05,0
17840.0,17845.0,17842.5,1.235102e-06,6.17551e-06,0
17845.0,17850.0,17847.5,1.25384e-06,6.2692e-06,0
17850.0,17855.0,17852.5,1.231452e-06,6.15726e-06,0
17860.0,17865.0,17862.5,2.479814e-06,1.239907e-05,0
17865.0,17870.0,17867.5,2.466554e-06,1.233277e-05,0
17870.0,17875.0,17872.5,1.25384e-06,6.2692e-06,0
17875.0,17880.0,17877.5,4.951174e-06,2.475587e-05,0
17880.0,17885.0,17882.5,3.747876e-06,1.873938e-05,0
17885.0,17890.0,17887.5,2.479812e-06,1.239906e-05,0
17890.0,17895.0,17892.5,1.242314e-06,6.21157e-06,0
17900.0,17905.0,17902.5,3.742948e-06,1.871474e-05,0
17905.0,17910.0,17907.5,2.483464e-06,1.241732e-05,0
17910.0,17915.0,17912.5,1.248362e-06,6.24181e-06,0
17915.0,17920.0,17917.5,1.256124e-06,6.28062e-06,0
17920.0,17925.0,17922.5,2.504114e-06,1.252057e-05,0
17925.0,17930.0,17927.5,1.251722e-06,6.25861e-06,0
17930.0,17935.0,17932.5,1.24471e-06,6.22355e-06,0
17935.0,17940.0,17937.5,2.485292e-06,1.242646e-05,0
17940.0,17945.0,17942.5,2.488028e-06,1.244014e-05,0
17945.0,17950.0,17947.5,2.514636e-06,1.257318e-05,0
17955.0,17960.0,17957.5,1.235102e-06,6.17551e-06,0
17960.0,17965.0,17962.5,2.493072e-06,1.246536e-05,0
17965.0,17970.0,17967.5,2.488028e-06,1.244014e-05,0
17970.0,17975.0,17972.5,1.248362e-06,6.24181e-06,0
17975.0,17980.0,17977.5,1.231452e-06,6.15726e-06,0
17985.0,17990.0,17987.5,2.509158e-06,1.254579e-05,0
17990.0,17995.0,17992.5,2.47477e-06,1.237385e-05,0
17995.0,18000.0,17997.5,3.727884e-06,1.863942e-05,0
18005.0,18010.0,18007.5,2.50311e-06,1.251555e-05,0
18010.0,18015.0,18012.5,1.235102e-06,6.17551e-06,0
18015.0,18020.0,18017.5,1.24471e-06,6.22355e-06,0
18025.0,18030.0,18027.5,2.477416e-06,1.238708e-05,0
18035.0,18040.0,18037.5,3.747804e-06,1.873902e-05,0
18055.0,18060.0,18057.5,3.756042e-06,1.878021e-05,0
18060.0,18065.0,18062.5,1.256124e-06,6.28062e-06,0
18075.0,18080.0,18077.5,2.49168e-06,1.24584e-05,0
18080.0,18085.0,18082.5,6.241194e-06,3.120597e-05,0
18090.0,18095.0,18092.5,2.488028e-06,1.244014e-05,0
18105.0,18110.0,18107.5,2.509158e-06,1.254579e-05,0
18110.0,18115.0,18112.5,1.248362e-06,6.24181e-06,0
18115.0,18120.0,18117.5,2.504114e-06,1.252057e-05,0
18120.0,18125.0,18122.5,3.757228e-06,1.878614e-05,0
18125.0,18130.0,18127.5,2.485632e-06,1.242816e-05,0
18130.0,18135.0,18132.5,2.500084e-06,1.250042e-05,0
18135.0,18140.0,18137.5,1.260796e-06,6.30398e-06,0
18140.0,18145.0,18142.5,1.256124e-06,6.28062e-06,0
18145.0,18150.0,18147.5,6.243774e-06,3.121887e-05,0
18150.0,18155.0,18152.5,2.4629e-06,1.23145e-05,0
18155.0,18160.0,18157.5,4.982718e-06,2.491359e-05,0
18160.0,18165.0,18162.5,4.967388e-06,2.483694e-05,0
18165.0,18170.0,18167.5,1.260796e-06,6.30398e-06,0
18175.0,18180.0,18177.5,1.25384e-06,6.2692e-06,0
18180.0,18185.0,18182.5,2.476162e-06,1.238081e-05,0
18185.0,18190.0,18187.5,2.497158e-06,1.248579e-05,0
18190.0,18195.0,18192.5,3.751164e-06,1.875582e-05,0
18195.0,18200.0,18197.5,4.968756e-06,2.484378e-05,0
18200.0,18205.0,18202.5,2.483464e-06,1.241732e-05,0
18205.0,18210.0,18207.5,2.47842e-06,1.23921e-05,0
18215.0,18220.0,18217.5,2.491226e-06,1.245613e-05,0
18220.0,18225.0,18222.5,1.248362e-06,6.24181e-06,0
18225.0,18230.0,18227.5,1.260796e-06,6.30398e-06,0
18230.0,18235.0,18232.5,1.235102e-06,6.17551e-06,0
18245.0,18250.0,18247.5,1.248362e-06,6.24181e-06,0
18250.0,18255.0,18252.5,2.485632e-06,1.242816e-05,0
18255.0,18260.0,18257.5,2.49855e-06,1.249275e-05,0
18265.0,18270.0,18267.5,1.256124e-06,6.28062e-06,0
18270.0,18275.0,18272.5,1.243318e-06,6.21659e-06,0
18275.0,18280.0,18277.5,2.493072e-06,1.246536e-05,0
18280.0,18285.0,18282.5,5.031564e-06,2.515782e-05,0
18290.0,18295.0,18292.5,2.495898e-06,1.247949e-05,0
18295.0,18300.0,18297.5,4.985376e-06,2.492688e-05,0
18300.0,18305.0,18302.5,2.509964e-06,1.254982e-05,0
18305.0,18310.0,18307.5,1.235102e-06,6.17551e-06,0
18310.0,18315.0,18312.5,2.496154e-06,1.248077e-05,0
18315.0,18320.0,18317.5,2.485632e-06,1.242816e-05,0
18320.0,18325.0,18322.5,2.509158e-06,1.254579e-05,0
18330.0,18335.0,18332.5,4.999542e-06,2.499771e-05,0
18335.0,18340.0,18337.5,3.724522e-06,1.862261e-05,0
18340.0,18345.0,18342.5,2.51692e-06,1.25846e-05,0
18345.0,18350.0,18347.5,2.488942e-06,1.244471e-05,0
18350.0,18355.0,18352.5,2.496154e-06,1.248077e-05,0
18360.0,18365.0,18362.5,2.50344e-06,1.25172e-05,0
18370.0,18375.0,18372.5,3.727606e-06,1.863803e-05,0
18375.0,18380.0,18377.5,2.495898e-06,1.247949e-05,0
18380.0,18385.0,18382.5,1.256124e-06,6.28062e-06,0
18390.0,18395.0,18392.5,2.479812e-06,1.239906e-05,0
18395.0,18400.0,18397.5,5.004e-06,2.502e-05,0
18405.0,18410.0,18407.5,2.509964e-06,1.254982e-05,0
18410.0,18415.0,18412.5,1.235102e-06,6.17551e-06,0
18415.0,18420.0,18417.5,1.24471e-06,6.22355e-06,0
18420.0,18425.0,18422.5,1.25384e-06,6.2692e-06,0
18430.0,18435.0,18432.5,2.49168e-06,1.24584e-05,0
18440.0,18445.0,18442.5,1.231452e-06,6.15726e-06,0
18450.0,18455.0,18452.5,2.491226e-06,1.245613e-05,0
18455.0,18460.0,18457.5,3.753868e-06,1.876934e-05,0
18460.0,18465.0,18462.5,2.466554e-06,1.233277e-05,0
18465.0,18470.0,18467.5,1.25384e-06,6.2692e-06,0
18480.0,18485.0,18482.5,3.73846e-06,1.86923e-05,0
18485.0,18490.0,18487.5,1.235102e-06,6.17551e-06,0
18490.0,18495.0,18492.5,3.75695e-06,1.878475e-05,0
18495.0,18500.0,18497.5,3.769962e-06,1.884981e-05,0
18515.0,18520.0,18517.5,1.24471e-06,6.22355e-06,0
18520.0,18525.0,18522.5,2.49855e-06,1.249275e-05,0
18525.0,18530.0,18527.5,1.260796e-06,6.30398e-06,0
18530.0,18535.0,18532.5,2.505506e-06,1.252753e-05,0
18540.0,18545.0,18542.5,2.500084e-06,1.250042e-05,0
18550.0,18555.0,18552.5,1.231452e-06,6.15726e-06,0
18555.0,18560.0,18557.5,1.248362e-06,6.24181e-06,0
18560.0,18565.0,18562.5,3.717084e-06,1.858542e-05,0
18565.0,18570.0,18567.5,1.251722e-06,6.25861e-06,0
18570.0,18575.0,18572.5,1.260796e-06,6.30398e-06,0
18575.0,18580.0,18577.5,1.235102e-06,6.17551e-06,0
18585.0,18590.0,18587.5,2.505562e-06,1.252781e-05,0
18600.0,18605.0,18602.5,3.726782e-06,1.863391e-05,0
18605.0,18610.0,18607.5,1.251722e-06,6.25861e-06,0
18610.0,18615.0,18612.5,3.752278e-06,1.876139e-05,0
18615.0,18620.0,18617.5,1.260796e-06,6.30398e-06,0
18620.0,18625.0,18622.5,2.473766e-06,1.236883e-05,0
18625.0,18630.0,18627.5,1.260796e-06,6.30398e-06,0
18630.0,18635.0,18632.5,1.243318e-06,6.21659e-06,0
18635.0,18640.0,18637.5,1.242314e-06,6.21157e-06,0
18645.0,18650.0,18647.5,1.256124e-06,6.28062e-06,0
18655.0,18660.0,18657.5,1.248362e-06,6.24181e-06,0
18660.0,18665.0,18662.5,1.242314e-06,6.21157e-06,0
18665.0,18670.0,18667.5,2.473766e-06,1.236883e-05,0
18670.0,18675.0,18672.5,1.231452e-06,6.15726e-06,0
18675.0,18680.0,18677.5,2.466554e-06,1.233277e-05,0
18680.0,18685.0,18682.5,2.498438e-06,1.249219e-05,0
18690.0,18695.0,18692.5,2.50311e-06,1.251555e-05,0
18695.0,18700.0,18697.5,3.725778e-06,1.862889e-05,0
18700.0,18705.0,18702.5,2.512518e-06,1.256259e-05,0
18710.0,18715.0,18712.5,2.498438e-06,1.249219e-05,0
18720.0,18725.0,18722.5,1.260796e-06,6.30398e-06,0
18735.0,18740.0,18737.5,1.260796e-06,6.30398e-06,0
18750.0,18755.0,18752.5,2.485292e-06,1.242646e-05,0
18755.0,18760.0,18757.5,2.505506e-06,1.252753e-05,0
18765.0,18770.0,18767.5,1.248362e-06,6.24181e-06,0
18775.0,18780.0,18777.5,2.505562e-06,1.252781e-05,0
18785.0,18790.0,18787.5,4.992382e-06,2.496191e-05,0
18800.0,18805.0,18802.5,1.24471e-06,6.22355e-06,0
18820.0,18825.0,18822.5,1.243318e-06,6.21659e-06,0
18830.0,18835.0,18832.5,1.242314e-06,6.21157e-06,0
18840.0,18845.0,18842.5,2.492248e-06,1.246124e-05,0
18845.0,18850.0,18847.5,1.256124e-06,6.28062e-06,0
18860.0,18865.0,18862.5,1.243318e-06,6.21659e-06,0
18865.0,18870.0,18867.5,3.733654e-06,1.866827e-05,0
18885.0,18890.0,18887.5,1.256124e-06,6.28062e-06,0
18890.0,18895.0,18892.5,1.248362e-06,6.24181e-06,0
18895.0,18900.0,18897.5,1.24471e-06,6.22355e-06,0
18905.0,18910.0,18907.5,1.231452e-06,6.15726e-06,0
18935.0,18940.0,18937.5,3.752476e-06,1.876238e-05,0
18950.0,18955.0,18952.5,3.750216e-06,1.875108e-05,0
18955.0,18960.0,18957.5,1.256124e-06,6.28062e-06,0
18960.0,18965.0,18962.5,1.248362e-06,6.24181e-06,0
18965.0,18970.0,18967.5,1.260796e-06,6.30398e-06,0
18970.0,18975.0,18972.5,1.24471e-06,6.22355e-06,0
18980.0,18985.0,18982.5,2.488028e-06,1.244014e-05,0
18985.0,18990.0,18987.5,1.251722e-06,6.25861e-06,0
18990.0,18995.0,18992.5,1.248362e-06,6.24181e-06,0
18995.0,19000.0,18997.5,2.496432e-06,1.248216e-05,0
19005.0,19010.0,19007.5,1.242314e-06,6.21157e-06,0
19015.0,19020.0,19017.5,1.25384e-06,6.2692e-06,0
19025.0,19030.0,19027.5,1.256124e-06,6.28062e-06,0
19030.0,19035.0,19032.5,1.242314e-06,6.21157e-06,0
19035.0,19040.0,19037.5,2.49855e-06,1.249275e-05,0
19040.0,19045.0,19042.5,4.990686e-06,2.495343e-05,0
19065.0,19070.0,19067.5,1.25384e-06,6.2692e-06,0
19070.0,19075.0,19072.5,1.235102e-06,6.17551e-06,0
19075.0,19080.0,19077.5,2.50768e-06,1.25384e-05,0
19080.0,19085.0,19082.5,3.760238e-06,1.880119e-05,0
19090.0,19095.0,19092.5,1.242314e-06,6.21157e-06,0
19095.0,19100.0,19097.5,1.231452e-06,6.15726e-06,0
19100.0,19105.0,19102.5,1.251722e-06,6.25861e-06,0
19110.0,19115.0,19112.5,1.248362e-06,6.24181e-06,0
19115.0,19120.0,19117.5,1.25384e-06,6.2692e-06,0
19120.0,19125.0,19122.5,1.256124e-06,6.28062e-06,0
19140.0,19145.0,19142.5,1.25384e-06,6.2692e-06,0
19150.0,19155.0,19152.5,1.256124e-06,6.28062e-06,0
19155.0,19160.0,19157.5,2.497158e-06,1.248579e-05,0
19170.0,19175.0,19172.5,1.251722e-06,6.25861e-06,0
19175.0,19180.0,19177.5,1.243318e-06,6.21659e-06,0
19180.0,19185.0,19182.5,1.24471e-06,6.22355e-06,0
19190.0,19195.0,19192.5,1.251722e-06,6.25861e-06,0
19195.0,19200.0,19197.5,1.251722e-06,6.25861e-06,0
19200.0,19205.0,19202.5,2.479814e-06,1.239907e-05,0
19215.0,19220.0,19217.5,1.235102e-06,6.17551e-06,0
19220.0,19225.0,19222.5,1.231452e-06,6.15726e-06,0
19225.0,19230.0,19227.5,2.490676e-06,1.245338e-05,0
19230.0,19235.0,19232.5,1.256124e-06,6.28062e-06,0
19235.0,19240.0,19237.5,1.243318e-06,6.21659e-06,0
19240.0,19245.0,19242.5,1.231452e-06,6.15726e-06,0
19255.0,19260.0,19257.5,1.231452e-06,6.15726e-06,0
19275.0,19280.0,19277.5,1.256124e-06,6.28062e-06,0
19280.0,19285.0,19282.5,3.758326e-06,1.879163e-05,0
19285.0,19290.0,19287.5,2.487024e-06,1.243512e-05,0
19300.0,19305.0,19302.5,2.477416e-06,1.238708e-05,0
19310.0,19315.0,19312.5,3.749196e-06,1.874598e-05,0
19320.0,19325.0,19322.5,1.243318e-06,6.21659e-06,0
19330.0,19335.0,19332.5,1.260796e-06,6.30398e-06,0
19340.0,19345.0,19342.5,3.745066e-06,1.872533e-05,0
19355.0,19360.0,19357.5,1.235102e-06,6.17551e-06,0
19365.0,19370.0,19367.5,1.243318e-06,6.21659e-06,0
19370.0,19375.0,19372.5,1.251722e-06,6.25861e-06,0
19390.0,19395.0,19392.5,2.488028e-06,1.244014e-05,0
19405.0,19410.0,19407.5,1.248362e-06,6.24181e-06,0
19410.0,19415.0,19412.5,2.514636e-06,1.257318e-05,0
19430.0,19435.0,19432.5,2.494036e-06,1.247018e-05,0
19435.0,19440.0,19437.5,1.25384e-06,6.2692e-06,0
19440.0,19445.0,19442.5,1.231452e-06,6.15726e-06,0
19445.0,19450.0,19447.5,1.235102e-06,6.17551e-06,0
19460.0,19465.0,19462.5,3.760238e-06,1.880119e-05,0
19465.0,19470.0,19467.5,1.235102e-06,6.17551e-06,0
19470.0,19475.0,19472.5,1.256124e-06,6.28062e-06,0
19495.0,19500.0,19497.5,1.248362e-06,6.24181e-06,0
19510.0,19515.0,19512.5,1.260796e-06,6.30398e-06,0
19515.0,19520.0,19517.5,1.24471e-06,6.22355e-06,0
19530.0,19535.0,19532.5,1.248362e-06,6.24181e-06,0
19535.0,19540.0,19537.5,1.251722e-06,6.25861e-06,0
19550.0,19555.0,19552.5,2.507846e-06,1.253923e-05,0
19565.0,19570.0,19567.5,1.25384e-06,6.2692e-06,0
19575.0,19580.0,19577.5,2.48462e-06,1.24231e-05,0
19580.0,19585.0,19582.5,2.490676e-06,1.245338e-05,0
19585.0,19590.0,19587.5,2.49504e-06,1.24752e-05,0
19595.0,19600.0,19597.5,1.235102e-06,6.17551e-06,0
19620.0,19625.0,19622.5,2.504114e-06,1.252057e-05,0
19630.0,19635.0,19632.5,1.248362e-06,6.24181e-06,0
19635.0,19640.0,19637.5,2.49168e-06,1.24584e-05,0
19655.0,19660.0,19657.5,1.260796e-06,6.30398e-06,0
19660.0,19665.0,19662.5,1.251722e-06,6.25861e-06,0
19665.0,19670.0,19667.5,2.483464e-06,1.241732e-05,0
19670.0,19675.0,19672.5,1.243318e-06,6.21659e-06,0
19680.0,19685.0,19682.5,1.242314e-06,6.21157e-06,0
19695.0,19700.0,19697.5,1.242314e-06,6.21157e-06,0
19705.0,19710.0,19707.5,2.504114e-06,1.252057e-05,0
19710.0,19715.0,19712.5,1.256124e-06,6.28062e-06,0
19745.0,19750.0,19747.5,1.256124e-06,6.28062e-06,0
19750.0,19755.0,19752.5,1.260796e-06,6.30398e-06,0
19755.0,19760.0,19757.5,1.24471e-06,6.22355e-06,0
19760.0,19765.0,19762.5,1.25384e-06,6.2692e-06,0
19775.0,19780.0,19777.5,1.235102e-06,6.17551e-06,0
19780.0,19785.0,19782.5,1.251722e-06,6.25861e-06,0
19790.0,19795.0,19792.5,2.509964e-06,1.254982e-05,0
19795.0,19800.0,19797.5,1.251722e-06,6.25861e-06,0
19805.0,19810.0,19807.5,1.24471e-06,6.22355e-06,0
19820.0,19825.0,19822.5,1.231452e-06,6.15726e-06,0
19830.0,19835.0,19832.5,1.243318e-06,6.21659e-06,0
19835.0,19840.0,19837.5,1.25384e-06,6.2692e-06,0
19860.0,19865.0,19862.5,1.248362e-06,6.24181e-06,0
19865.0,19870.0,19867.5,2.47842e-06,1.23921e-05,0
19875.0,19880.0,19877.5,1.231452e-06,6.15726e-06,0
19880.0,19885.0,19882.5,1.256124e-06,6.28062e-06,0
19895.0,19900.0,19897.5,2.493072e-06,1.246536e-05,0
19900.0,19905.0,19902.5,1.235102e-06,6.17551e-06,0
19905.0,19910.0,19907.5,3.711264e-06,1.855632e-05,0
19930.0,19935.0,19932.5,1.256124e-06,6.28062e-06,0
19940.0,19945.0,19942.5,1.235102e-06,6.17551e-06,0
19955.0,19960.0,19957.5,2.47477e-06,1.237385e-05,0
19960.0,19965.0,19962.5,1.243318e-06,6.21659e-06,0
19965.0,19970.0,19967.5,1.231452e-06,6.15726e-06,0
19970.0,19975.0,19972.5,1.235102e-06,6.17551e-06,0
19985.0,19990.0,19987.5,2.487576e-06,1.243788e-05,0
20000.0,20005.0,20002.5,1.243318e-06,6.21659e-06,0
20010.0,20015.0,20012.5,1.260796e-06,6.30398e-06,0
20015.0,20020.0,20017.5,1.251722e-06,6.25861e-06,0
20020.0,20025.0,20022.5,1.24471e-06,6.22355e-06,0
20035.0,20040.0,20037.5,3.718276e-06,1.859138e-05,0
20060.0,20065.0,20062.5,1.231452e-06,6.15726e-06,0
20080.0,20085.0,20082.5,1.260796e-06,6.30398e-06,0
20085.0,20090.0,20087.5,1.242314e-06,6.21157e-06,0
20090.0,20095.0,20092.5,1.248362e-06,6.24181e-06,0
20120.0,20125.0,20122.5,2.48462e-06,1.24231e-05,0
20160.0,20165.0,20162.5,1.242314e-06,6.21157e-06,0
20190.0,20195.0,20192.5,1.256124e-06,6.28062e-06,0
20220.0,20225.0,20222.5,1.260796e-06,6.30398e-06,0
20240.0,20245.0,20242.5,1.251722e-06,6.25861e-06,0
20260.0,20265.0,20262.5,1.251722e-06,6.25861e-06,0
20265.0,20270.0,20267.5,1.260796e-06,6.30398e-06,0
20275.0,20280.0,20277.5,1.243318e-06,6.21659e-06,0
20285.0,20290.0,20287.5,1.235102e-06,6.17551e-06,0
20315.0,20320.0,20317.5,2.486824e-06,1.243412e-05,0
20335.0,20340.0,20337.5,2.505506e-06,1.252753e-05,0
20365.0,20370.0,20367.5,1.231452e-06,6.15726e-06,0
20370.0,20375.0,20372.5,1.231452e-06,6.15726e-06,0
20390.0,20395.0,20392.5,1.243318e-06,6.21659e-06,0
20395.0,20400.0,20397.5,1.24471e-06,6.22355e-06,0
20415.0,20420.0,20417.5,1.248362e-06,6.24181e-06,0
20425.0,20430.0,20427.5,3.733652e-06,1.866826e-05,0
20430.0,20435.0,20432.5,1.248362e-06,6.24181e-06,0
20435.0,20440.0,20437.5,1.25384e-06,6.2692e-06,0
20440.0,20445.0,20442.5,2.505562e-06,1.252781e-05,0
20475.0,20480.0,20477.5,1.235102e-06,6.17551e-06,0
20485.0,20490.0,20487.5,1.260796e-06,6.30398e-06,0
20505.0,20510.0,20507.5,1.231452e-06,6.15726e-06,0
20510.0,20515.0,20512.5,1.248362e-06,6.24181e-06,0
20525.0,20530.0,20527.5,2.4629e-06,1.23145e-05,0
20530.0,20535.0,20532.5,1.231452e-06,6.15726e-06,0
20555.0,20560.0,20557.5,1.256124e-06,6.28062e-06,0
20565.0,20570.0,20567.5,1.251722e-06,6.25861e-06,0
20580.0,20585.0,20582.5,1.243318e-06,6.21659e-06,0
20590.0,20595.0,20592.5,1.251722e-06,6.25861e-06,0
20600.0,20605.0,20602.5,1.251722e-06,6.25861e-06,0
20610.0,20615.0,20612.5,1.231452e-06,6.15726e-06,0
20655.0,20660.0,20657.5,2.485632e-06,1.242816e-05,0
20660.0,20665.0,20662.5,1.231452e-06,6.15726e-06,0
20685.0,20690.0,20687.5,1.256124e-06,6.28062e-06,0
20695.0,20700.0,20697.5,1.260796e-06,6.30398e-06,0
20700.0,20705.0,20702.5,1.24471e-06,6.22355e-06,0
20705.0,20710.0,20707.5,1.231452e-06,6.15726e-06,0
20740.0,20745.0,20742.5,1.243318e-06,6.21659e-06,0
20770.0,20775.0,20772.5,1.251722e-06,6.25861e-06,0
20790.0,20795.0,20792.5,1.243318e-06,6.21659e-06,0
20800.0,20805.0,20802.5,1.24471e-06,6.22355e-06,0
20840.0,20845.0,20842.5,2.51224e-06,1.25612e-05,0
20850.0,20855.0,20852.5,1.24471e-06,6.22355e-06,0
20870.0,20875.0,20872.5,1.243318e-06,6.21659e-06,0
20875.0,20880.0,20877.5,1.256124e-06,6.28062e-06,0
20880.0,20885.0,20882.5,1.260796e-06,6.30398e-06,0
20895.0,20900.0,20897.5,1.231452e-06,6.15726e-06,0
20900.0,20905.0,20902.5,1.256124e-06,6.28062e-06,0
20905.0,20910.0,20907.5,3.76163e-06,1.880815e-05,0
20915.0,20920.0,20917.5,1.242314e-06,6.21157e-06,0
20945.0,20950.0,20947.5,1.260796e-06,6.30398e-06,0
20985.0,20990.0,20987.5,1.24471e-06,6.22355e-06,0
21005.0,21010.0,21007.5,1.251722e-06,6.25861e-06,0
21030.0,21035.0,21032.5,1.260796e-06,6.30398e-06,0
21055.0,21060.0,21057.5,2.491226e-06,1.245613e-05,0
21085.0,21090.0,21087.5,1.260796e-06,6.30398e-06,0
21095.0,21100.0,21097.5,1.260796e-06,6.30398e-06,0
21105.0,21110.0,21107.5,1.24471e-06,6.22355e-06,0
21120.0,21125.0,21122.5,2.49672e-06,1.24836e-05,0
21140.0,21145.0,21142.5,1.260796e-06,6.30398e-06,0
21160.0,21165.0,21162.5,1.256124e-06,6.28062e-06,0
21165.0,21170.0,21167.5,1.242314e-06,6.21157e-06,0
21190.0,21195.0,21192.5,1.235102e-06,6.17551e-06,0
21210.0,21215.0,21212.5,1.24471e-06,6.22355e-06,0
21215.0,21220.0,21217.5,1.25384e-06,6.2692e-06,0
21245.0,21250.0,21247.5,2.48664e-06,1.24332e-05,0
21250.0,21255.0,21252.5,1.251722e-06,6.25861e-06,0
21255.0,21260.0,21257.5,1.251722e-06,6.25861e-06,0
21260.0,21265.0,21262.5,1.25384e-06,6.2692e-06,0
21270.0,21275.0,21272.5,1.243318e-06,6.21659e-06,0
21280.0,21285.0,21282.5,1.242314e-06,6.21157e-06,0
21290.0,21295.0,21292.5,2.49855e-06,1.249275e-05,0
21325.0,21330.0,21327.5,1.242314e-06,6.21157e-06,0
21390.0,21395.0,21392.5,2.514636e-06,1.257318e-05,0
21460.0,21465.0,21462.5,1.24471e-06,6.22355e-06,0
21465.0,21470.0,21467.5,1.231452e-06,6.15726e-06,0
21480.0,21485.0,21482.5,2.483464e-06,1.241732e-05,0
21505.0,21510.0,21507.5,1.248362e-06,6.24181e-06,0
21545.0,21550.0,21547.5,1.24471e-06,6.22355e-06,0
21560.0,21565.0,21562.5,1.24471e-06,6.22355e-06,0
21570.0,21575.0,21572.5,2.479814e-06,1.239907e-05,0
21590.0,21595.0,21592.5,1.248362e-06,6.24181e-06,0
21600.0,21605.0,21602.5,1.24471e-06,6.22355e-06,0
21650.0,21655.0,21652.5,1.260796e-06,6.30398e-06,0
21720.0,21725.0,21722.5,1.251722e-06,6.25861e-06,0
21755.0,21760.0,21757.5,1.24471e-06,6.22355e-06,0
21775.0,21780.0,21777.5,1.24471e-06,6.22355e-06,0
21790.0,21795.0,21792.5,1.256124e-06,6.28062e-06,0
21815.0,21820.0,21817.5,1.25384e-06,6.2692e-06,0
21830.0,21835.0,21832.5,1.256124e-06,6.28062e-06,0
21835.0,21840.0,21837.5,1.251722e-06,6.25861e-06,0
21840.0,21845.0,21842.5,1.242314e-06,6.21157e-06,0
21880.0,21885.0,21882.5,1.256124e-06,6.28062e-06,0
21885.0,21890.0,21887.5,2.490676e-06,1.245338e-05,0
21910.0,21915.0,21912.5,1.256124e-06,6.28062e-06,0
21920.0,21925.0,21922.5,1.248362e-06,6.24181e-06,0
21955.0,21960.0,21957.5,1.235102e-06,6.17551e-06,0
22025.0,22030.0,22027.5,1.256124e-06,6.28062e-06,0
22050.0,22055.0,22052.5,1.242314e-06,6.21157e-06,0
22065.0,22070.0,22067.5,1.24471e-06,6.22355e-06,0
22070.0,22075.0,22072.5,2.505562e-06,1.252781e-05,0
22135.0,22140.0,22137.5,1.24471e-06,6.22355e-06,0
22170.0,22175.0,22172.5,1.242314e-06,6.21157e-06,0
22195.0,22200.0,22197.5,1.243318e-06,6.21659e-06,0
22205.0,22210.0,22207.5,1.231452e-06,6.15726e-06,0
22255.0,22260.0,22257.5,1.256124e-06,6.28062e-06,0
22265.0,22270.0,22267.5,1.251722e-06,6.25861e-06,0
22310.0,22315.0,22312.5,1.242314e-06,6.21157e-06,0
22315.0,22320.0,22317.5,1.24471e-06,6.22355e-06,0
22330.0,22335.0,22332.5,1.24471e-06,6.22355e-06,0
22355.0,22360.0,22357.5,1.25384e-06,6.2692e-06,0
22360.0,22365.0,22362.5,1.242314e-06,6.21157e-06,0
22430.0,22435.0,22432.5,1.260796e-06,6.30398e-06,0
22435.0,22440.0,22437.5,1.242314e-06,6.21157e-06,0
22460.0,22465.0,22462.5,1.260796e-06,6.30398e-06,0
22500.0,22505.0,22502.5,1.256124e-06,6.28062e-06,0
22505.0,22510.0,22507.5,1.248362e-06,6.24181e-06,0
22515.0,22520.0,22517.5,1.251722e-06,6.25861e-06,0
22530.0,22535.0,22532.5,1.251722e-06,6.25861e-06,0
22565.0,22570.0,22567.5,1.242314e-06,6.21157e-06,0
22575.0,22580.0,22577.5,1.235102e-06,6.17551e-06,0
22590.0,22595.0,22592.5,1.243318e-06,6.21659e-06,0
22605.0,22610.0,22607.5,1.251722e-06,6.25861e-06,0
22640.0,22645.0,22642.5,1.24471e-06,6.22355e-06,0
22675.0,22680.0,22677.5,1.242314e-06,6.21157e-06,0
22685.0,22690.0,22687.5,1.251722e-06,6.25861e-06,0
22740.0,22745.0,22742.5,1.25384e-06,6.2692e-06,0
22785.0,22790.0,22787.5,1.248362e-06,6.24181e-06,0
22820.0,22825.0,22822.5,1.231452e-06,6.15726e-06,0
22825.0,22830.0,22827.5,1.256124e-06,6.28062e-06,0
22840.0,22845.0,22842.5,1.256124e-06,6.28062e-06,0
22875.0,22880.0,22877.5,1.24471e-06,6.22355e-06,0
22885.0,22890.0,22887.5,1.242314e-06,6.21157e-06,0
22895.0,22900.0,22897.5,1.235102e-06,6.17551e-06,0
22910.0,22915.0,22912.5,1.256124e-06,6.28062e-06,0
22915.0,22920.0,22917.5,1.260796e-06,6.30398e-06,0
22965.0,22970.0,22967.5,1.260796e-06,6.30398e-06,0
22975.0,22980.0,22977.5,1.235102e-06,6.17551e-06,0
23130.0,23135.0,23132.5,1.235102e-06,6.17551e-06,0
23185.0,23190.0,23187.5,1.251722e-06,6.25861e-06,0
23210.0,23215.0,23212.5,1.231452e-06,6.15726e-06,0
23270.0,23275.0,23272.5,1.243318e-06,6.21659e-06,0
23425.0,23430.0,23427.5,1.248362e-06,6.24181e-06,0
23445.0,23450.0,23447.5,1.25384e-06,6.2692e-06,0
23480.0,23485.0,23482.5,1.235102e-06,6.17551e-06,0
23580.0,23585.0,23582.5,1.25384e-06,6.2692e-06,0
23595.0,23600.0,23597.5,1.24471e-06,6.22355e-06,0
23715.0,23720.0,23717.5,1.235102e-06,6.17551e-06,0
23775.0,23780.0,23777.5,1.231452e-06,6.15726e-06,0
23835.0,23840.0,23837.5,1.248362e-06,6.24181e-06,0
23875.0,23880.0,23877.5,2.487024e-06,1.243512e-05,0
23980.0,23985.0,23982.5,1.248362e-06,6.24181e-06,0
24080.0,24085.0,24082.5,1.235102e-06,6.17551e-06,0
24160.0,24165.0,24162.5,1.242314e-06,6.21157e-06,0
24240.0,24245.0,24242.5,1.256124e-06,6.28062e-06,0
24445.0,24450.0,24447.5,1.242314e-06,6.21157e-06,0
24530.0,24535.0,24532.5,1.260796e-06,6.30398e-06,0
24895.0,24900.0,24897.5,1.243318e-06,6.21659e-06,0
24905.0,24910.0,24907.5,1.235102e-06,6.17551e-06,0
24955.0,24960.0,24957.5,1.24471e-06,6.22355e-06,0
24960.0,24965.0,24962.5,1.235102e-06,6.17551e-06,0
25040.0,25045.0,25042.5,1.260796e-06,6.30398e-06,0
25090.0,25095.0,25092.5,1.248362e-06,6.24181e-06,0
25100.0,25105.0,25102.5,1.243318e-06,6.21659e-06,0
25180.0,25185.0,25182.5,1.24471e-06,6.22355e-06,0
25350.0,25355.0,25352.5,1.256124e-06,6.28062e-06,0
25375.0,25380.0,25377.5,1.243318e-06,6.21659e-06,0
25505.0,25510.0,25507.5,1.25384e-06,6.2692e-06,0
25825.0,25830.0,25827.5,1.242314e-06,6.21157e-06,0
25870.0,25875.0,25872.5,1.25384e-06,6.2692e-06,0
26080.0,26085.0,26082.5,1.251722e-06,6.25861e-06,0
26105.0,26110.0,26107.5,1.260796e-06,6.30398e-06,0
26190.0,26195.0,26192.5,1.24471e-06,6.22355e-06,0
26410.0,26415.0,26412.5,1.248362e-06,6.24181e-06,0
26930.0,26935.0,26932.5,1.251722e-06,6.25861e-06,0
27005.0,27010.0,27007.5,1.231452e-06,6.15726e-06,0
27450.0,27455.0,27452.5,1.260796e-06,6.30398e-06,0
27930.0,27935.0,27932.5,1.251722e-06,6.25861e-06,0
30510.0,30515.0,30512.5,1.235102e-06,6.17551e-06,0
33125.0,33130.0,33127.5,1.260796e-06,6.30398e-06,0
