[INFO] std::clog redirected to: scratch/delay_pdf/11be/adaptive_compare/adaptive_k15_s1.log

--- Per-STA P-EDCA Detail ---
  STA0: DS-CTS=237 S2Entry=237 S2Tx=132 PedcaOK=132 EdcaOK=361 FailCTS=0 FailColl=0 FailExp=0 Defer=0
  STA1: DS-CTS=42 S2Entry=42 S2Tx=26 PedcaOK=26 EdcaOK=624 FailCTS=0 FailColl=0 FailExp=0 Defer=0
  STA2: DS-CTS=239 S2Entry=239 S2Tx=154 PedcaOK=154 EdcaOK=237 FailCTS=0 FailColl=0 FailExp=0 Defer=0
  STA3: DS-CTS=125 S2Entry=125 S2Tx=84 PedcaOK=84 EdcaOK=471 FailCTS=0 FailColl=0 FailExp=0 Defer=3
  STA4: DS-CTS=23 S2Entry=23 S2Tx=14 PedcaOK=14 EdcaOK=502 FailCTS=0 FailColl=0 FailExp=0 Defer=0
  STA5: DS-CTS=204 S2Entry=204 S2Tx=111 PedcaOK=110 EdcaOK=246 FailCTS=0 FailColl=1 FailExp=0 Defer=0
  STA6: DS-CTS=38 S2Entry=38 S2Tx=29 PedcaOK=29 EdcaOK=618 FailCTS=0 FailColl=0 FailExp=0 Defer=0
  STA7: DS-CTS=139 S2Entry=139 S2Tx=92 PedcaOK=92 EdcaOK=213 FailCTS=0 FailColl=0 FailExp=0 Defer=0
  STA8: DS-CTS=223 S2Entry=223 S2Tx=145 PedcaOK=145 EdcaOK=313 FailCTS=0 FailColl=0 FailExp=0 Defer=0
  STA9: DS-CTS=263 S2Entry=263 S2Tx=165 PedcaOK=165 EdcaOK=218 FailCTS=0 FailColl=0 FailExp=0 Defer=0
  STA10: DS-CTS=59 S2Entry=59 S2Tx=47 PedcaOK=47 EdcaOK=480 FailCTS=0 FailColl=0 FailExp=0 Defer=0
  STA11: DS-CTS=232 S2Entry=232 S2Tx=151 PedcaOK=150 EdcaOK=238 FailCTS=1 FailColl=0 FailExp=0 Defer=0
  STA12: DS-CTS=87 S2Entry=87 S2Tx=62 PedcaOK=62 EdcaOK=369 FailCTS=0 FailColl=0 FailExp=0 Defer=1
  STA13: DS-CTS=83 S2Entry=83 S2Tx=55 PedcaOK=55 EdcaOK=412 FailCTS=0 FailColl=0 FailExp=0 Defer=0
  STA14: DS-CTS=149 S2Entry=149 S2Tx=78 PedcaOK=77 EdcaOK=171 FailCTS=1 FailColl=0 FailExp=0 Defer=7

=== General Statistics ===
P-EDCA Ratio: 0.5
P-EDCA STAs: 15/30
P-EDCA Share (Avg Per-STA P-EDCA Tx/Total Tx): 22.2056 %
Avg P-EDCA Attempt Success Rate: 64.5209 %
Global P-EDCA Tx Success: 1342
Global EDCA Tx Success: 5473
Global P-EDCA Attempt (DS-CTS Sent): 2143

--- P-EDCA Detailed Trace ---
Stage 2 Entered: 2143
Stage 2 TX Started: 1345
P-EDCA Fail RTS No CTS: 2
P-EDCA Fail RTS Collision: 1
P-EDCA Fail Timing Expired: 0
P-EDCA Fail Deferral: 11
Total VO TX (P-EDCA+EDCA): 6815
Global P-EDCA Share: 19.6919 %
Global EDCA Share: 80.3081 %
Channel Idle Time (AP): 23.4341 % (1.64039e+06 us / 7e+06 us)
Total Successes:       14718
Total Failures:        1389
Total Retransmissions: 3

--- Per-AC Success Statistics ---
AC_BE:
  Successes:         43
  Throughput:        0.0491429 Mbps
  Packet Loss:       8.51064 %
  Avg Retx/MPDU:     0
  Avg Queue Delay:   -839799 us (Enqueue->TxStart)
  Avg Access Delay:  894284 us (TxStart->Ack)
  Avg MAC Delay:     54484.9 us (Total: Enqueue->Ack)

AC_VO:
  Successes:         14675
  Throughput:        16.7714 Mbps
  Packet Loss:       8.62391 %
  Avg Retx/MPDU:     0.000204429
  Avg Queue Delay:   2721.47 us (Enqueue->TxStart)
  Avg Access Delay:  355.903 us (TxStart->Ack)
  Avg MAC Delay:     3077.38 us (Total: Enqueue->Ack)

--- Per-AC Failure Statistics ---
AC_BE Failures: 4
AC_VO Failures: 1385

--- Failure Reasons by AC ---
  AC_BE EXPIRED_LIFETIME: 4
  AC_VO RETRY_LIMIT: 1385


=== Extended P-EDCA vs Legacy Statistics ===

--- [Stat 1] Delay by STA Type ---
P-EDCA STAs (15 STAs):
  Successes:         8189
  Failures:          159
  Throughput:        9.35886 Mbps
  Packet Loss:       1.90465 %
  Avg Queue Delay:   2458.55 us
  Avg Access Delay:  334.351 us
  Avg MAC Delay:     2792.9 us
  Median MAC Delay:  1851 us
  P95 MAC Delay:     8801 us
  P99 MAC Delay:     12639 us
Legacy EDCA STAs (15 STAs):
  Successes:         6487
  Failures:          1226
  Throughput:        7.41371 Mbps
  Packet Loss:       15.8952 %
  Avg Queue Delay:   3056.4 us
  Avg Access Delay:  383.072 us
  Avg MAC Delay:     3439.47 us
  Median MAC Delay:  2226 us
  P95 MAC Delay:     11623 us
  P99 MAC Delay:     15867 us

--- [Stat 2] Per-STA P-EDCA Attempt Count (DS-CTS Sent) ---
  STA0: 237 P-EDCA attempts
  STA1: 42 P-EDCA attempts
  STA2: 239 P-EDCA attempts
  STA3: 125 P-EDCA attempts
  STA4: 23 P-EDCA attempts
  STA5: 204 P-EDCA attempts
  STA6: 38 P-EDCA attempts
  STA7: 139 P-EDCA attempts
  STA8: 223 P-EDCA attempts
  STA9: 263 P-EDCA attempts
  STA10: 59 P-EDCA attempts
  STA11: 232 P-EDCA attempts
  STA12: 87 P-EDCA attempts
  STA13: 83 P-EDCA attempts
  STA14: 149 P-EDCA attempts
  Total: 2143 P-EDCA attempts across 15 P-EDCA STAs
  Avg per P-EDCA STA: 142.867

--- [Stat 3] P-EDCA One-Shot Success Probability ---
  P-EDCA Success / DS-CTS Sent:      1342 / 2143 = 62.6225 %
  P-EDCA Success / Stage2 TX Started: 1342 / 1345 = 99.777 %  (given RTS was actually sent)

--- [Stat 4] EDCA One-Shot Success Ratio (0 retransmissions) ---
  Legacy STAs: 6485 / 6487 = 99.9692 %
  P-EDCA STAs: 8188 / 8189 = 99.9878 %  (MAC-level, includes both P-EDCA and EDCA paths)

--- [Stat 5] P-EDCA Kickback-to-EDCA Probability ---
  Total P-EDCA Failures: 14 / 2143 DS-CTS = 0.65329 %
    RTS No CTS:       2 (0.0933271 %)
    RTS Collision:    1 (0.0466636 %)
    Timing Expired:   0 (0 %)
    Deferral:         11 (0.513299 %)

--- [Stat 6] P-EDCA RTS Collision Probability ---
  RTS Collision / Stage2 TX Started: 1 / 1345 = 0.0743494 %
  RTS Collision / DS-CTS Sent:       1 / 2143 = 0.0466636 %

--- [Stat 7] P-EDCA Attempts per Successful P-EDCA TX ---
  DS-CTS Sent / P-EDCA Success: 2143 / 1342 = 1.59687 attempts/success
  Stage2 TX / P-EDCA Success:   1345 / 1342 = 1.00224 RTS/success

--- VO Delay PDF (MAC Delay) ---
bin_start_us,bin_end_us,bin_mid_us,pdf_per_us,probability,count
210,215,212.5,4.08859e-05,0.000204429,3
215,220,217.5,0.000149915,0.000749574,11
220,225,222.5,0.000149915,0.000749574,11
225,230,227.5,0.000136286,0.000681431,10
230,235,232.5,6.81431e-05,0.000340716,5
235,240,237.5,0.000136286,0.000681431,10
240,245,242.5,9.54003e-05,0.000477002,7
245,250,247.5,0.000122658,0.000613288,9
250,255,252.5,0.000204429,0.00102215,15
255,260,257.5,0.000149915,0.000749574,11
260,265,262.5,9.54003e-05,0.000477002,7
265,270,267.5,0.000218058,0.00109029,16
270,275,272.5,9.54003e-05,0.000477002,7
275,280,277.5,8.17717e-05,0.000408859,6
280,285,282.5,0.000163543,0.000817717,12
285,290,287.5,0.000109029,0.000545145,8
290,295,292.5,0.000136286,0.000681431,10
295,300,297.5,6.81431e-05,0.000340716,5
300,305,302.5,6.81431e-05,0.000340716,5
305,310,307.5,0.000136286,0.000681431,10
310,315,312.5,0.000122658,0.000613288,9
315,320,317.5,4.08859e-05,0.000204429,3
320,325,322.5,0.000136286,0.000681431,10
325,330,327.5,0.000109029,0.000545145,8
330,335,332.5,0.000149915,0.000749574,11
335,340,337.5,0.000136286,0.000681431,10
340,345,342.5,0.00079046,0.0039523,58
345,350,347.5,0.000954003,0.00477002,70
350,355,352.5,0.000613288,0.00306644,45
355,360,357.5,0.000599659,0.0029983,44
360,365,362.5,0.000517888,0.00258944,38
365,370,367.5,0.000517888,0.00258944,38
370,375,372.5,0.000504259,0.00252129,37
375,380,377.5,0.000313458,0.00156729,23
380,385,382.5,0.000177172,0.00088586,13
385,390,387.5,0.000245315,0.00122658,18
390,395,392.5,0.000327087,0.00163543,24
395,400,397.5,0.000327087,0.00163543,24
400,405,402.5,0.000231687,0.00115843,17
405,410,407.5,0.000245315,0.00122658,18
410,415,412.5,0.000286201,0.00143101,21
415,420,417.5,0.000313458,0.00156729,23
420,425,422.5,0.000340716,0.00170358,25
425,430,427.5,0.000327087,0.00163543,24
430,435,432.5,0.000245315,0.00122658,18
435,440,437.5,0.000286201,0.00143101,21
440,445,442.5,0.000190801,0.000954003,14
445,450,447.5,0.000313458,0.00156729,23
450,455,452.5,0.0151959,0.0759796,1115
455,460,457.5,0.00029983,0.00149915,22
460,465,462.5,0.000340716,0.00170358,25
465,470,467.5,0.000177172,0.00088586,13
470,475,472.5,0.000231687,0.00115843,17
475,480,477.5,0.000340716,0.00170358,25
480,485,482.5,0.000340716,0.00170358,25
485,490,487.5,0.00029983,0.00149915,22
490,495,492.5,0.000286201,0.00143101,21
495,500,497.5,0.000190801,0.000954003,14
500,505,502.5,0.000272572,0.00136286,20
505,510,507.5,0.000354344,0.00177172,26
510,515,512.5,0.000327087,0.00163543,24
515,520,517.5,0.000149915,0.000749574,11
520,525,522.5,0.000313458,0.00156729,23
525,530,527.5,0.000354344,0.00177172,26
530,535,532.5,0.000313458,0.00156729,23
535,540,537.5,0.000286201,0.00143101,21
540,545,542.5,0.000286201,0.00143101,21
545,550,547.5,0.000313458,0.00156729,23
550,555,552.5,0.000204429,0.00102215,15
555,560,557.5,0.000204429,0.00102215,15
560,565,562.5,0.000613288,0.00306644,45
565,570,567.5,0.000367973,0.00183986,27
570,575,572.5,0.000286201,0.00143101,21
575,580,577.5,0.000327087,0.00163543,24
580,585,582.5,0.000354344,0.00177172,26
585,590,587.5,0.000436116,0.00218058,32
590,595,592.5,0.000340716,0.00170358,25
595,600,597.5,0.000286201,0.00143101,21
600,605,602.5,0.000272572,0.00136286,20
605,610,607.5,0.000327087,0.00163543,24
610,615,612.5,0.000258944,0.00129472,19
615,620,617.5,0.000313458,0.00156729,23
620,625,622.5,0.000531516,0.00265758,39
625,630,627.5,0.000204429,0.00102215,15
630,635,632.5,0.000381601,0.00190801,28
635,640,637.5,0.000272572,0.00136286,20
640,645,642.5,0.000408859,0.00204429,30
645,650,647.5,0.000190801,0.000954003,14
650,655,652.5,0.000340716,0.00170358,25
655,660,657.5,0.000286201,0.00143101,21
660,665,662.5,0.00029983,0.00149915,22
665,670,667.5,0.000231687,0.00115843,17
670,675,672.5,0.00584668,0.0292334,429
675,680,677.5,0.000313458,0.00156729,23
680,685,682.5,0.000286201,0.00143101,21
685,690,687.5,0.000204429,0.00102215,15
690,695,692.5,0.000313458,0.00156729,23
695,700,697.5,0.000354344,0.00177172,26
700,705,702.5,0.000327087,0.00163543,24
705,710,707.5,0.000190801,0.000954003,14
710,715,712.5,0.000258944,0.00129472,19
715,720,717.5,0.000245315,0.00122658,18
720,725,722.5,0.000231687,0.00115843,17
725,730,727.5,0.000258944,0.00129472,19
730,735,732.5,0.000177172,0.00088586,13
735,740,737.5,0.000231687,0.00115843,17
740,745,742.5,0.000177172,0.00088586,13
745,750,747.5,0.000245315,0.00122658,18
750,755,752.5,0.00029983,0.00149915,22
755,760,757.5,0.000272572,0.00136286,20
760,765,762.5,0.000258944,0.00129472,19
765,770,767.5,0.000190801,0.000954003,14
770,775,772.5,0.000190801,0.000954003,14
775,780,777.5,0.000272572,0.00136286,20
780,785,782.5,0.000558773,0.00279387,41
785,790,787.5,0.000272572,0.00136286,20
790,795,792.5,0.000109029,0.000545145,8
795,800,797.5,0.000163543,0.000817717,12
800,805,802.5,0.000149915,0.000749574,11
805,810,807.5,0.000163543,0.000817717,12
810,815,812.5,0.000163543,0.000817717,12
815,820,817.5,0.000177172,0.00088586,13
820,825,822.5,0.000109029,0.000545145,8
825,830,827.5,5.45145e-05,0.000272572,4
830,835,832.5,0.00029983,0.00149915,22
835,840,837.5,0.000231687,0.00115843,17
840,845,842.5,0.00029983,0.00149915,22
845,850,847.5,0.000122658,0.000613288,9
850,855,852.5,0.000258944,0.00129472,19
855,860,857.5,0.000231687,0.00115843,17
860,865,862.5,0.000218058,0.00109029,16
865,870,867.5,0.000177172,0.00088586,13
870,875,872.5,0.000272572,0.00136286,20
875,880,877.5,0.000231687,0.00115843,17
880,885,882.5,0.000218058,0.00109029,16
885,890,887.5,0.000149915,0.000749574,11
890,895,892.5,0.000967632,0.00483816,71
895,900,897.5,0.000327087,0.00163543,24
900,905,902.5,9.54003e-05,0.000477002,7
905,910,907.5,0.000177172,0.00088586,13
910,915,912.5,0.000231687,0.00115843,17
915,920,917.5,0.000190801,0.000954003,14
920,925,922.5,0.000231687,0.00115843,17
925,930,927.5,0.000218058,0.00109029,16
930,935,932.5,0.000109029,0.000545145,8
935,940,937.5,0.000163543,0.000817717,12
940,945,942.5,0.000177172,0.00088586,13
945,950,947.5,0.000190801,0.000954003,14
950,955,952.5,0.000149915,0.000749574,11
955,960,957.5,0.000190801,0.000954003,14
960,965,962.5,0.000163543,0.000817717,12
965,970,967.5,0.000218058,0.00109029,16
970,975,972.5,0.000286201,0.00143101,21
975,980,977.5,0.000245315,0.00122658,18
980,985,982.5,0.000504259,0.00252129,37
985,990,987.5,0.000163543,0.000817717,12
990,995,992.5,0.00029983,0.00149915,22
995,1000,997.5,0.000245315,0.00122658,18
1000,1005,1002.5,0.000190801,0.000954003,14
1005,1010,1007.5,0.000136286,0.000681431,10
1010,1015,1012.5,0.000218058,0.00109029,16
1015,1020,1017.5,0.000272572,0.00136286,20
1020,1025,1022.5,0.000272572,0.00136286,20
1025,1030,1027.5,0.000327087,0.00163543,24
1030,1035,1032.5,0.000218058,0.00109029,16
1035,1040,1037.5,0.000136286,0.000681431,10
1040,1045,1042.5,0.000177172,0.00088586,13
1045,1050,1047.5,0.000218058,0.00109029,16
1050,1055,1052.5,0.000163543,0.000817717,12
1055,1060,1057.5,0.000177172,0.00088586,13
1060,1065,1062.5,0.000204429,0.00102215,15
1065,1070,1067.5,0.00029983,0.00149915,22
1070,1075,1072.5,0.000218058,0.00109029,16
1075,1080,1077.5,0.000258944,0.00129472,19
1080,1085,1082.5,0.000177172,0.00088586,13
1085,1090,1087.5,0.000218058,0.00109029,16
1090,1095,1092.5,0.00029983,0.00149915,22
1095,1100,1097.5,0.000204429,0.00102215,15
1100,1105,1102.5,0.000258944,0.00129472,19
1105,1110,1107.5,0.000231687,0.00115843,17
1110,1115,1112.5,0.000163543,0.000817717,12
1115,1120,1117.5,0.000340716,0.00170358,25
1120,1125,1122.5,0.000190801,0.000954003,14
1125,1130,1127.5,0.000190801,0.000954003,14
1130,1135,1132.5,0.000231687,0.00115843,17
1135,1140,1137.5,0.000149915,0.000749574,11
1140,1145,1142.5,0.000163543,0.000817717,12
1145,1150,1147.5,0.000177172,0.00088586,13
1150,1155,1152.5,0.000136286,0.000681431,10
1155,1160,1157.5,0.000177172,0.00088586,13
1160,1165,1162.5,0.000245315,0.00122658,18
1165,1170,1167.5,0.000163543,0.000817717,12
1170,1175,1172.5,0.000149915,0.000749574,11
1175,1180,1177.5,0.000231687,0.00115843,17
1180,1185,1182.5,0.000109029,0.000545145,8
1185,1190,1187.5,0.000136286,0.000681431,10
1190,1195,1192.5,0.000258944,0.00129472,19
1195,1200,1197.5,0.000218058,0.00109029,16
1200,1205,1202.5,0.000218058,0.00109029,16
1205,1210,1207.5,0.000218058,0.00109029,16
1210,1215,1212.5,0.000272572,0.00136286,20
1215,1220,1217.5,0.000163543,0.000817717,12
1220,1225,1222.5,9.54003e-05,0.000477002,7
1225,1230,1227.5,0.00029983,0.00149915,22
1230,1235,1232.5,0.000136286,0.000681431,10
1235,1240,1237.5,0.000109029,0.000545145,8
1240,1245,1242.5,0.000149915,0.000749574,11
1245,1250,1247.5,0.000109029,0.000545145,8
1250,1255,1252.5,0.000149915,0.000749574,11
1255,1260,1257.5,0.000163543,0.000817717,12
1260,1265,1262.5,0.000204429,0.00102215,15
1265,1270,1267.5,0.000204429,0.00102215,15
1270,1275,1272.5,0.000218058,0.00109029,16
1275,1280,1277.5,0.000149915,0.000749574,11
1280,1285,1282.5,0.000218058,0.00109029,16
1285,1290,1287.5,0.000218058,0.00109029,16
1290,1295,1292.5,0.000163543,0.000817717,12
1295,1300,1297.5,0.000190801,0.000954003,14
1300,1305,1302.5,0.000218058,0.00109029,16
1305,1310,1307.5,0.000258944,0.00129472,19
1310,1315,1312.5,0.000177172,0.00088586,13
1315,1320,1317.5,0.000149915,0.000749574,11
1320,1325,1322.5,0.000204429,0.00102215,15
1325,1330,1327.5,0.000177172,0.00088586,13
1330,1335,1332.5,0.000245315,0.00122658,18
1335,1340,1337.5,0.000136286,0.000681431,10
1340,1345,1342.5,0.000258944,0.00129472,19
1345,1350,1347.5,0.000190801,0.000954003,14
1350,1355,1352.5,0.000258944,0.00129472,19
1355,1360,1357.5,0.000204429,0.00102215,15
1360,1365,1362.5,0.000204429,0.00102215,15
1365,1370,1367.5,0.000272572,0.00136286,20
1370,1375,1372.5,0.000109029,0.000545145,8
1375,1380,1377.5,0.000245315,0.00122658,18
1380,1385,1382.5,0.000231687,0.00115843,17
1385,1390,1387.5,0.000231687,0.00115843,17
1390,1395,1392.5,0.000245315,0.00122658,18
1395,1400,1397.5,0.000122658,0.000613288,9
1400,1405,1402.5,0.000231687,0.00115843,17
1405,1410,1407.5,0.000190801,0.000954003,14
1410,1415,1412.5,0.000190801,0.000954003,14
1415,1420,1417.5,0.000177172,0.00088586,13
1420,1425,1422.5,0.000245315,0.00122658,18
1425,1430,1427.5,0.000272572,0.00136286,20
1430,1435,1432.5,0.000149915,0.000749574,11
1435,1440,1437.5,0.000177172,0.00088586,13
1440,1445,1442.5,0.000204429,0.00102215,15
1445,1450,1447.5,0.000272572,0.00136286,20
1450,1455,1452.5,0.000149915,0.000749574,11
1455,1460,1457.5,0.000204429,0.00102215,15
1460,1465,1462.5,0.000190801,0.000954003,14
1465,1470,1467.5,0.000204429,0.00102215,15
1470,1475,1472.5,0.000245315,0.00122658,18
1475,1480,1477.5,0.000204429,0.00102215,15
1480,1485,1482.5,6.81431e-05,0.000340716,5
1485,1490,1487.5,0.000163543,0.000817717,12
1490,1495,1492.5,0.000340716,0.00170358,25
1495,1500,1497.5,0.000177172,0.00088586,13
1500,1505,1502.5,0.000136286,0.000681431,10
1505,1510,1507.5,0.000231687,0.00115843,17
1510,1515,1512.5,0.000190801,0.000954003,14
1515,1520,1517.5,0.000163543,0.000817717,12
1520,1525,1522.5,0.000258944,0.00129472,19
1525,1530,1527.5,0.000258944,0.00129472,19
1530,1535,1532.5,0.000149915,0.000749574,11
1535,1540,1537.5,0.000163543,0.000817717,12
1540,1545,1542.5,0.000231687,0.00115843,17
1545,1550,1547.5,0.000204429,0.00102215,15
1550,1555,1552.5,0.000204429,0.00102215,15
1555,1560,1557.5,0.000163543,0.000817717,12
1560,1565,1562.5,0.000163543,0.000817717,12
1565,1570,1567.5,0.000136286,0.000681431,10
1570,1575,1572.5,0.000190801,0.000954003,14
1575,1580,1577.5,0.000231687,0.00115843,17
1580,1585,1582.5,0.000122658,0.000613288,9
1585,1590,1587.5,0.000163543,0.000817717,12
1590,1595,1592.5,0.000231687,0.00115843,17
1595,1600,1597.5,0.000258944,0.00129472,19
1600,1605,1602.5,0.000149915,0.000749574,11
1605,1610,1607.5,0.000218058,0.00109029,16
1610,1615,1612.5,0.000136286,0.000681431,10
1615,1620,1617.5,0.000272572,0.00136286,20
1620,1625,1622.5,0.000204429,0.00102215,15
1625,1630,1627.5,0.000190801,0.000954003,14
1630,1635,1632.5,0.000149915,0.000749574,11
1635,1640,1637.5,0.000286201,0.00143101,21
1640,1645,1642.5,0.000177172,0.00088586,13
1645,1650,1647.5,0.000258944,0.00129472,19
1650,1655,1652.5,0.000218058,0.00109029,16
1655,1660,1657.5,0.000163543,0.000817717,12
1660,1665,1662.5,0.000258944,0.00129472,19
1665,1670,1667.5,0.000177172,0.00088586,13
1670,1675,1672.5,0.000190801,0.000954003,14
1675,1680,1677.5,0.000258944,0.00129472,19
1680,1685,1682.5,0.000149915,0.000749574,11
1685,1690,1687.5,0.000204429,0.00102215,15
1690,1695,1692.5,9.54003e-05,0.000477002,7
1695,1700,1697.5,0.000136286,0.000681431,10
1700,1705,1702.5,0.000177172,0.00088586,13
1705,1710,1707.5,0.000122658,0.000613288,9
1710,1715,1712.5,0.000163543,0.000817717,12
1715,1720,1717.5,0.000313458,0.00156729,23
1720,1725,1722.5,0.000190801,0.000954003,14
1725,1730,1727.5,0.000149915,0.000749574,11
1730,1735,1732.5,0.000218058,0.00109029,16
1735,1740,1737.5,0.000231687,0.00115843,17
1740,1745,1742.5,0.000177172,0.00088586,13
1745,1750,1747.5,0.000190801,0.000954003,14
1750,1755,1752.5,0.000190801,0.000954003,14
1755,1760,1757.5,0.000163543,0.000817717,12
1760,1765,1762.5,0.000177172,0.00088586,13
1765,1770,1767.5,0.000245315,0.00122658,18
1770,1775,1772.5,0.000190801,0.000954003,14
1775,1780,1777.5,0.000122658,0.000613288,9
1780,1785,1782.5,0.000204429,0.00102215,15
1785,1790,1787.5,0.000204429,0.00102215,15
1790,1795,1792.5,0.000231687,0.00115843,17
1795,1800,1797.5,0.000136286,0.000681431,10
1800,1805,1802.5,8.17717e-05,0.000408859,6
1805,1810,1807.5,8.17717e-05,0.000408859,6
1810,1815,1812.5,0.000231687,0.00115843,17
1815,1820,1817.5,0.000258944,0.00129472,19
1820,1825,1822.5,0.000231687,0.00115843,17
1825,1830,1827.5,0.000218058,0.00109029,16
1830,1835,1832.5,0.000177172,0.00088586,13
1835,1840,1837.5,0.000122658,0.000613288,9
1840,1845,1842.5,0.000231687,0.00115843,17
1845,1850,1847.5,0.000218058,0.00109029,16
1850,1855,1852.5,0.000218058,0.00109029,16
1855,1860,1857.5,9.54003e-05,0.000477002,7
1860,1865,1862.5,0.000231687,0.00115843,17
1865,1870,1867.5,0.000231687,0.00115843,17
1870,1875,1872.5,0.000149915,0.000749574,11
1875,1880,1877.5,0.000231687,0.00115843,17
1880,1885,1882.5,0.000136286,0.000681431,10
1885,1890,1887.5,0.000204429,0.00102215,15
1890,1895,1892.5,0.000136286,0.000681431,10
1895,1900,1897.5,0.000163543,0.000817717,12
1900,1905,1902.5,0.000163543,0.000817717,12
1905,1910,1907.5,8.17717e-05,0.000408859,6
1910,1915,1912.5,0.000109029,0.000545145,8
1915,1920,1917.5,0.000272572,0.00136286,20
1920,1925,1922.5,0.000149915,0.000749574,11
1925,1930,1927.5,0.000163543,0.000817717,12
1930,1935,1932.5,0.000122658,0.000613288,9
1935,1940,1937.5,0.000136286,0.000681431,10
1940,1945,1942.5,0.000204429,0.00102215,15
1945,1950,1947.5,0.000190801,0.000954003,14
1950,1955,1952.5,0.000163543,0.000817717,12
1955,1960,1957.5,0.000204429,0.00102215,15
1960,1965,1962.5,0.000109029,0.000545145,8
1965,1970,1967.5,0.000149915,0.000749574,11
1970,1975,1972.5,8.17717e-05,0.000408859,6
1975,1980,1977.5,0.000122658,0.000613288,9
1980,1985,1982.5,0.000163543,0.000817717,12
1985,1990,1987.5,0.000177172,0.00088586,13
1990,1995,1992.5,9.54003e-05,0.000477002,7
1995,2000,1997.5,0.000109029,0.000545145,8
2000,2005,2002.5,0.000136286,0.000681431,10
2005,2010,2007.5,9.54003e-05,0.000477002,7
2010,2015,2012.5,0.000122658,0.000613288,9
2015,2020,2017.5,0.000122658,0.000613288,9
2020,2025,2022.5,0.000149915,0.000749574,11
2025,2030,2027.5,8.17717e-05,0.000408859,6
2030,2035,2032.5,0.000190801,0.000954003,14
2035,2040,2037.5,0.000122658,0.000613288,9
2040,2045,2042.5,0.000163543,0.000817717,12
2045,2050,2047.5,0.000136286,0.000681431,10
2050,2055,2052.5,0.000218058,0.00109029,16
2055,2060,2057.5,0.000177172,0.00088586,13
2060,2065,2062.5,0.000163543,0.000817717,12
2065,2070,2067.5,0.000204429,0.00102215,15
2070,2075,2072.5,0.000163543,0.000817717,12
2075,2080,2077.5,0.000109029,0.000545145,8
2080,2085,2082.5,0.000163543,0.000817717,12
2085,2090,2087.5,0.000204429,0.00102215,15
2090,2095,2092.5,0.000327087,0.00163543,24
2095,2100,2097.5,0.000122658,0.000613288,9
2100,2105,2102.5,0.000109029,0.000545145,8
2105,2110,2107.5,4.08859e-05,0.000204429,3
2110,2115,2112.5,0.000122658,0.000613288,9
2115,2120,2117.5,0.000190801,0.000954003,14
2120,2125,2122.5,0.000136286,0.000681431,10
2125,2130,2127.5,0.000163543,0.000817717,12
2130,2135,2132.5,8.17717e-05,0.000408859,6
2135,2140,2137.5,9.54003e-05,0.000477002,7
2140,2145,2142.5,0.000122658,0.000613288,9
2145,2150,2147.5,0.000177172,0.00088586,13
2150,2155,2152.5,0.000163543,0.000817717,12
2155,2160,2157.5,0.000218058,0.00109029,16
2160,2165,2162.5,0.000204429,0.00102215,15
2165,2170,2167.5,0.000163543,0.000817717,12
2170,2175,2172.5,0.000163543,0.000817717,12
2175,2180,2177.5,0.000122658,0.000613288,9
2180,2185,2182.5,0.000109029,0.000545145,8
2185,2190,2187.5,0.000231687,0.00115843,17
2190,2195,2192.5,0.000109029,0.000545145,8
2195,2200,2197.5,0.000163543,0.000817717,12
2200,2205,2202.5,0.000109029,0.000545145,8
2205,2210,2207.5,0.000149915,0.000749574,11
2210,2215,2212.5,8.17717e-05,0.000408859,6
2215,2220,2217.5,0.000204429,0.00102215,15
2220,2225,2222.5,0.000149915,0.000749574,11
2225,2230,2227.5,0.000109029,0.000545145,8
2230,2235,2232.5,0.000136286,0.000681431,10
2235,2240,2237.5,0.000231687,0.00115843,17
2240,2245,2242.5,0.000122658,0.000613288,9
2245,2250,2247.5,8.17717e-05,0.000408859,6
2250,2255,2252.5,0.000204429,0.00102215,15
2255,2260,2257.5,0.000122658,0.000613288,9
2260,2265,2262.5,9.54003e-05,0.000477002,7
2265,2270,2267.5,0.000163543,0.000817717,12
2270,2275,2272.5,0.000163543,0.000817717,12
2275,2280,2277.5,0.000109029,0.000545145,8
2280,2285,2282.5,8.17717e-05,0.000408859,6
2285,2290,2287.5,0.000136286,0.000681431,10
2290,2295,2292.5,6.81431e-05,0.000340716,5
2295,2300,2297.5,9.54003e-05,0.000477002,7
2300,2305,2302.5,0.000258944,0.00129472,19
2305,2310,2307.5,0.000136286,0.000681431,10
2310,2315,2312.5,0.000122658,0.000613288,9
2315,2320,2317.5,0.000149915,0.000749574,11
2320,2325,2322.5,0.000109029,0.000545145,8
2325,2330,2327.5,0.000286201,0.00143101,21
2330,2335,2332.5,0.000163543,0.000817717,12
2335,2340,2337.5,8.17717e-05,0.000408859,6
2340,2345,2342.5,5.45145e-05,0.000272572,4
2345,2350,2347.5,0.000163543,0.000817717,12
2350,2355,2352.5,0.000136286,0.000681431,10
2355,2360,2357.5,9.54003e-05,0.000477002,7
2360,2365,2362.5,0.000136286,0.000681431,10
2365,2370,2367.5,8.17717e-05,0.000408859,6
2370,2375,2372.5,0.000163543,0.000817717,12
2375,2380,2377.5,0.000136286,0.000681431,10
2380,2385,2382.5,0.000109029,0.000545145,8
2385,2390,2387.5,9.54003e-05,0.000477002,7
2390,2395,2392.5,0.000258944,0.00129472,19
2395,2400,2397.5,0.000149915,0.000749574,11
2400,2405,2402.5,0.000122658,0.000613288,9
2405,2410,2407.5,0.000109029,0.000545145,8
2410,2415,2412.5,0.000109029,0.000545145,8
2415,2420,2417.5,0.000190801,0.000954003,14
2420,2425,2422.5,0.000136286,0.000681431,10
2425,2430,2427.5,0.000122658,0.000613288,9
2430,2435,2432.5,0.000190801,0.000954003,14
2435,2440,2437.5,0.000136286,0.000681431,10
2440,2445,2442.5,0.000109029,0.000545145,8
2445,2450,2447.5,8.17717e-05,0.000408859,6
2450,2455,2452.5,0.000109029,0.000545145,8
2455,2460,2457.5,0.000163543,0.000817717,12
2460,2465,2462.5,0.000204429,0.00102215,15
2465,2470,2467.5,0.000149915,0.000749574,11
2470,2475,2472.5,8.17717e-05,0.000408859,6
2475,2480,2477.5,0.000177172,0.00088586,13
2480,2485,2482.5,0.000122658,0.000613288,9
2485,2490,2487.5,0.000163543,0.000817717,12
2490,2495,2492.5,0.000149915,0.000749574,11
2495,2500,2497.5,0.000149915,0.000749574,11
2500,2505,2502.5,6.81431e-05,0.000340716,5
2505,2510,2507.5,0.000218058,0.00109029,16
2510,2515,2512.5,8.17717e-05,0.000408859,6
2515,2520,2517.5,0.000163543,0.000817717,12
2520,2525,2522.5,0.000109029,0.000545145,8
2525,2530,2527.5,0.000109029,0.000545145,8
2530,2535,2532.5,0.000149915,0.000749574,11
2535,2540,2537.5,4.08859e-05,0.000204429,3
2540,2545,2542.5,0.000218058,0.00109029,16
2545,2550,2547.5,0.000149915,0.000749574,11
2550,2555,2552.5,0.000163543,0.000817717,12
2555,2560,2557.5,0.000149915,0.000749574,11
2560,2565,2562.5,0.000149915,0.000749574,11
2565,2570,2567.5,6.81431e-05,0.000340716,5
2570,2575,2572.5,0.000204429,0.00102215,15
2575,2580,2577.5,9.54003e-05,0.000477002,7
2580,2585,2582.5,0.000122658,0.000613288,9
2585,2590,2587.5,0.000231687,0.00115843,17
2590,2595,2592.5,0.000109029,0.000545145,8
2595,2600,2597.5,0.000149915,0.000749574,11
2600,2605,2602.5,0.000163543,0.000817717,12
2605,2610,2607.5,0.000136286,0.000681431,10
2610,2615,2612.5,5.45145e-05,0.000272572,4
2615,2620,2617.5,0.000163543,0.000817717,12
2620,2625,2622.5,9.54003e-05,0.000477002,7
2625,2630,2627.5,0.000163543,0.000817717,12
2630,2635,2632.5,0.000149915,0.000749574,11
2635,2640,2637.5,6.81431e-05,0.000340716,5
2640,2645,2642.5,0.000136286,0.000681431,10
2645,2650,2647.5,8.17717e-05,0.000408859,6
2650,2655,2652.5,5.45145e-05,0.000272572,4
2655,2660,2657.5,0.000136286,0.000681431,10
2660,2665,2662.5,0.000122658,0.000613288,9
2665,2670,2667.5,6.81431e-05,0.000340716,5
2670,2675,2672.5,0.000204429,0.00102215,15
2675,2680,2677.5,9.54003e-05,0.000477002,7
2680,2685,2682.5,0.000122658,0.000613288,9
2685,2690,2687.5,0.000109029,0.000545145,8
2690,2695,2692.5,9.54003e-05,0.000477002,7
2695,2700,2697.5,0.000163543,0.000817717,12
2700,2705,2702.5,0.000231687,0.00115843,17
2705,2710,2707.5,0.000109029,0.000545145,8
2710,2715,2712.5,9.54003e-05,0.000477002,7
2715,2720,2717.5,0.000231687,0.00115843,17
2720,2725,2722.5,0.000190801,0.000954003,14
2725,2730,2727.5,9.54003e-05,0.000477002,7
2730,2735,2732.5,0.000177172,0.00088586,13
2735,2740,2737.5,0.000122658,0.000613288,9
2740,2745,2742.5,0.000190801,0.000954003,14
2745,2750,2747.5,0.000149915,0.000749574,11
2750,2755,2752.5,4.08859e-05,0.000204429,3
2755,2760,2757.5,8.17717e-05,0.000408859,6
2760,2765,2762.5,6.81431e-05,0.000340716,5
2765,2770,2767.5,9.54003e-05,0.000477002,7
2770,2775,2772.5,0.000122658,0.000613288,9
2775,2780,2777.5,6.81431e-05,0.000340716,5
2780,2785,2782.5,9.54003e-05,0.000477002,7
2785,2790,2787.5,0.000136286,0.000681431,10
2790,2795,2792.5,0.000204429,0.00102215,15
2795,2800,2797.5,0.000149915,0.000749574,11
2800,2805,2802.5,8.17717e-05,0.000408859,6
2805,2810,2807.5,0.000149915,0.000749574,11
2810,2815,2812.5,0.000122658,0.000613288,9
2815,2820,2817.5,8.17717e-05,0.000408859,6
2820,2825,2822.5,0.000163543,0.000817717,12
2825,2830,2827.5,0.000177172,0.00088586,13
2830,2835,2832.5,0.000136286,0.000681431,10
2835,2840,2837.5,0.000122658,0.000613288,9
2840,2845,2842.5,0.000177172,0.00088586,13
2845,2850,2847.5,0.000136286,0.000681431,10
2850,2855,2852.5,0.000122658,0.000613288,9
2855,2860,2857.5,8.17717e-05,0.000408859,6
2860,2865,2862.5,9.54003e-05,0.000477002,7
2865,2870,2867.5,0.000136286,0.000681431,10
2870,2875,2872.5,0.000204429,0.00102215,15
2875,2880,2877.5,0.000136286,0.000681431,10
2880,2885,2882.5,0.000163543,0.000817717,12
2885,2890,2887.5,0.000109029,0.000545145,8
2890,2895,2892.5,9.54003e-05,0.000477002,7
2895,2900,2897.5,9.54003e-05,0.000477002,7
2900,2905,2902.5,0.000122658,0.000613288,9
2905,2910,2907.5,0.000163543,0.000817717,12
2910,2915,2912.5,8.17717e-05,0.000408859,6
2915,2920,2917.5,0.000136286,0.000681431,10
2920,2925,2922.5,0.000190801,0.000954003,14
2925,2930,2927.5,2.72572e-05,0.000136286,2
2930,2935,2932.5,0.000122658,0.000613288,9
2935,2940,2937.5,0.000218058,0.00109029,16
2940,2945,2942.5,0.000122658,0.000613288,9
2945,2950,2947.5,0.000122658,0.000613288,9
2950,2955,2952.5,0.000122658,0.000613288,9
2955,2960,2957.5,4.08859e-05,0.000204429,3
2960,2965,2962.5,0.000109029,0.000545145,8
2965,2970,2967.5,0.000163543,0.000817717,12
2970,2975,2972.5,0.000122658,0.000613288,9
2975,2980,2977.5,0.000109029,0.000545145,8
2980,2985,2982.5,9.54003e-05,0.000477002,7
2985,2990,2987.5,0.000149915,0.000749574,11
2990,2995,2992.5,0.000109029,0.000545145,8
2995,3000,2997.5,0.000109029,0.000545145,8
3000,3005,3002.5,0.000163543,0.000817717,12
3005,3010,3007.5,9.54003e-05,0.000477002,7
3010,3015,3012.5,0.000122658,0.000613288,9
3015,3020,3017.5,0.000163543,0.000817717,12
3020,3025,3022.5,0.000122658,0.000613288,9
3025,3030,3027.5,8.17717e-05,0.000408859,6
3030,3035,3032.5,0.000109029,0.000545145,8
3035,3040,3037.5,0.000109029,0.000545145,8
3040,3045,3042.5,0.000109029,0.000545145,8
3045,3050,3047.5,9.54003e-05,0.000477002,7
3050,3055,3052.5,0.000177172,0.00088586,13
3055,3060,3057.5,9.54003e-05,0.000477002,7
3060,3065,3062.5,0.000109029,0.000545145,8
3065,3070,3067.5,0.000163543,0.000817717,12
3070,3075,3072.5,0.000122658,0.000613288,9
3075,3080,3077.5,0.000218058,0.00109029,16
3080,3085,3082.5,0.000136286,0.000681431,10
3085,3090,3087.5,0.000109029,0.000545145,8
3090,3095,3092.5,0.000109029,0.000545145,8
3095,3100,3097.5,5.45145e-05,0.000272572,4
3100,3105,3102.5,0.000109029,0.000545145,8
3105,3110,3107.5,0.000136286,0.000681431,10
3110,3115,3112.5,0.000109029,0.000545145,8
3115,3120,3117.5,9.54003e-05,0.000477002,7
3120,3125,3122.5,0.000149915,0.000749574,11
3125,3130,3127.5,0.000122658,0.000613288,9
3130,3135,3132.5,8.17717e-05,0.000408859,6
3135,3140,3137.5,0.000163543,0.000817717,12
3140,3145,3142.5,0.000136286,0.000681431,10
3145,3150,3147.5,0.000149915,0.000749574,11
3150,3155,3152.5,8.17717e-05,0.000408859,6
3155,3160,3157.5,0.000109029,0.000545145,8
3160,3165,3162.5,0.000204429,0.00102215,15
3165,3170,3167.5,0.000149915,0.000749574,11
3170,3175,3172.5,0.000122658,0.000613288,9
3175,3180,3177.5,0.000122658,0.000613288,9
3180,3185,3182.5,9.54003e-05,0.000477002,7
3185,3190,3187.5,6.81431e-05,0.000340716,5
3190,3195,3192.5,0.000163543,0.000817717,12
3195,3200,3197.5,0.000122658,0.000613288,9
3200,3205,3202.5,0.000149915,0.000749574,11
3205,3210,3207.5,6.81431e-05,0.000340716,5
3210,3215,3212.5,5.45145e-05,0.000272572,4
3215,3220,3217.5,0.000163543,0.000817717,12
3220,3225,3222.5,6.81431e-05,0.000340716,5
3225,3230,3227.5,0.000109029,0.000545145,8
3230,3235,3232.5,6.81431e-05,0.000340716,5
3235,3240,3237.5,0.000163543,0.000817717,12
3240,3245,3242.5,0.000149915,0.000749574,11
3245,3250,3247.5,0.000136286,0.000681431,10
3250,3255,3252.5,9.54003e-05,0.000477002,7
3255,3260,3257.5,6.81431e-05,0.000340716,5
3260,3265,3262.5,0.000177172,0.00088586,13
3265,3270,3267.5,0.000177172,0.00088586,13
3270,3275,3272.5,9.54003e-05,0.000477002,7
3275,3280,3277.5,0.000163543,0.000817717,12
3280,3285,3282.5,0.000149915,0.000749574,11
3285,3290,3287.5,8.17717e-05,0.000408859,6
3290,3295,3292.5,0.000122658,0.000613288,9
3295,3300,3297.5,0.000149915,0.000749574,11
3300,3305,3302.5,9.54003e-05,0.000477002,7
3305,3310,3307.5,0.000122658,0.000613288,9
3310,3315,3312.5,0.000122658,0.000613288,9
3315,3320,3317.5,0.000163543,0.000817717,12
3320,3325,3322.5,0.000122658,0.000613288,9
3325,3330,3327.5,5.45145e-05,0.000272572,4
3330,3335,3332.5,0.000149915,0.000749574,11
3335,3340,3337.5,0.000149915,0.000749574,11
3340,3345,3342.5,9.54003e-05,0.000477002,7
3345,3350,3347.5,5.45145e-05,0.000272572,4
3350,3355,3352.5,0.000136286,0.000681431,10
3355,3360,3357.5,0.000109029,0.000545145,8
3360,3365,3362.5,0.000163543,0.000817717,12
3365,3370,3367.5,0.000122658,0.000613288,9
3370,3375,3372.5,6.81431e-05,0.000340716,5
3375,3380,3377.5,0.000163543,0.000817717,12
3380,3385,3382.5,0.000122658,0.000613288,9
3385,3390,3387.5,0.000109029,0.000545145,8
3390,3395,3392.5,8.17717e-05,0.000408859,6
3395,3400,3397.5,0.000149915,0.000749574,11
3400,3405,3402.5,0.000149915,0.000749574,11
3405,3410,3407.5,0.000218058,0.00109029,16
3410,3415,3412.5,6.81431e-05,0.000340716,5
3415,3420,3417.5,0.000122658,0.000613288,9
3420,3425,3422.5,0.000109029,0.000545145,8
3425,3430,3427.5,9.54003e-05,0.000477002,7
3430,3435,3432.5,9.54003e-05,0.000477002,7
3435,3440,3437.5,0.000136286,0.000681431,10
3440,3445,3442.5,0.000177172,0.00088586,13
3445,3450,3447.5,0.000149915,0.000749574,11
3450,3455,3452.5,0.000136286,0.000681431,10
3455,3460,3457.5,9.54003e-05,0.000477002,7
3460,3465,3462.5,0.000136286,0.000681431,10
3465,3470,3467.5,0.000122658,0.000613288,9
3470,3475,3472.5,0.000122658,0.000613288,9
3475,3480,3477.5,0.000109029,0.000545145,8
3480,3485,3482.5,5.45145e-05,0.000272572,4
3485,3490,3487.5,9.54003e-05,0.000477002,7
3490,3495,3492.5,9.54003e-05,0.000477002,7
3495,3500,3497.5,5.45145e-05,0.000272572,4
3500,3505,3502.5,0.000109029,0.000545145,8
3505,3510,3507.5,8.17717e-05,0.000408859,6
3510,3515,3512.5,0.000136286,0.000681431,10
3515,3520,3517.5,0.000163543,0.000817717,12
3520,3525,3522.5,0.000109029,0.000545145,8
3525,3530,3527.5,0.000122658,0.000613288,9
3530,3535,3532.5,5.45145e-05,0.000272572,4
3535,3540,3537.5,0.000122658,0.000613288,9
3540,3545,3542.5,0.000149915,0.000749574,11
3545,3550,3547.5,0.000163543,0.000817717,12
3550,3555,3552.5,8.17717e-05,0.000408859,6
3555,3560,3557.5,0.000163543,0.000817717,12
3560,3565,3562.5,6.81431e-05,0.000340716,5
3565,3570,3567.5,0.000122658,0.000613288,9
3570,3575,3572.5,0.000122658,0.000613288,9
3575,3580,3577.5,6.81431e-05,0.000340716,5
3580,3585,3582.5,8.17717e-05,0.000408859,6
3585,3590,3587.5,0.000122658,0.000613288,9
3590,3595,3592.5,0.000190801,0.000954003,14
3595,3600,3597.5,0.000163543,0.000817717,12
3600,3605,3602.5,0.000136286,0.000681431,10
3605,3610,3607.5,9.54003e-05,0.000477002,7
3610,3615,3612.5,8.17717e-05,0.000408859,6
3615,3620,3617.5,0.000177172,0.00088586,13
3620,3625,3622.5,0.000190801,0.000954003,14
3625,3630,3627.5,0.000149915,0.000749574,11
3630,3635,3632.5,8.17717e-05,0.000408859,6
3635,3640,3637.5,0.000136286,0.000681431,10
3640,3645,3642.5,0.000177172,0.00088586,13
3645,3650,3647.5,0.000109029,0.000545145,8
3650,3655,3652.5,0.000204429,0.00102215,15
3655,3660,3657.5,0.000190801,0.000954003,14
3660,3665,3662.5,2.72572e-05,0.000136286,2
3665,3670,3667.5,0.000122658,0.000613288,9
3670,3675,3672.5,0.000122658,0.000613288,9
3675,3680,3677.5,0.000136286,0.000681431,10
3680,3685,3682.5,0.000136286,0.000681431,10
3685,3690,3687.5,0.000149915,0.000749574,11
3690,3695,3692.5,0.000149915,0.000749574,11
3695,3700,3697.5,0.000122658,0.000613288,9
3700,3705,3702.5,9.54003e-05,0.000477002,7
3705,3710,3707.5,0.000109029,0.000545145,8
3710,3715,3712.5,0.000136286,0.000681431,10
3715,3720,3717.5,0.000149915,0.000749574,11
3720,3725,3722.5,0.000109029,0.000545145,8
3725,3730,3727.5,9.54003e-05,0.000477002,7
3730,3735,3732.5,0.000109029,0.000545145,8
3735,3740,3737.5,0.000136286,0.000681431,10
3740,3745,3742.5,8.17717e-05,0.000408859,6
3745,3750,3747.5,0.000149915,0.000749574,11
3750,3755,3752.5,9.54003e-05,0.000477002,7
3755,3760,3757.5,8.17717e-05,0.000408859,6
3760,3765,3762.5,0.000136286,0.000681431,10
3765,3770,3767.5,0.000122658,0.000613288,9
3770,3775,3772.5,5.45145e-05,0.000272572,4
3775,3780,3777.5,0.000163543,0.000817717,12
3780,3785,3782.5,6.81431e-05,0.000340716,5
3785,3790,3787.5,0.000109029,0.000545145,8
3790,3795,3792.5,0.000122658,0.000613288,9
3795,3800,3797.5,4.08859e-05,0.000204429,3
3800,3805,3802.5,0.000122658,0.000613288,9
3805,3810,3807.5,0.000163543,0.000817717,12
3810,3815,3812.5,6.81431e-05,0.000340716,5
3815,3820,3817.5,0.000136286,0.000681431,10
3820,3825,3822.5,0.000122658,0.000613288,9
3825,3830,3827.5,0.000136286,0.000681431,10
3830,3835,3832.5,8.17717e-05,0.000408859,6
3835,3840,3837.5,5.45145e-05,0.000272572,4
3840,3845,3842.5,0.000122658,0.000613288,9
3845,3850,3847.5,0.000177172,0.00088586,13
3850,3855,3852.5,0.000149915,0.000749574,11
3855,3860,3857.5,0.000109029,0.000545145,8
3860,3865,3862.5,5.45145e-05,0.000272572,4
3865,3870,3867.5,0.000109029,0.000545145,8
3870,3875,3872.5,0.000163543,0.000817717,12
3875,3880,3877.5,8.17717e-05,0.000408859,6
3880,3885,3882.5,0.000149915,0.000749574,11
3885,3890,3887.5,5.45145e-05,0.000272572,4
3890,3895,3892.5,0.000149915,0.000749574,11
3895,3900,3897.5,0.000149915,0.000749574,11
3900,3905,3902.5,5.45145e-05,0.000272572,4
3905,3910,3907.5,9.54003e-05,0.000477002,7
3910,3915,3912.5,9.54003e-05,0.000477002,7
3915,3920,3917.5,0.000136286,0.000681431,10
3920,3925,3922.5,0.000122658,0.000613288,9
3925,3930,3927.5,5.45145e-05,0.000272572,4
3930,3935,3932.5,0.000136286,0.000681431,10
3935,3940,3937.5,0.000136286,0.000681431,10
3940,3945,3942.5,9.54003e-05,0.000477002,7
3945,3950,3947.5,9.54003e-05,0.000477002,7
3950,3955,3952.5,0.000136286,0.000681431,10
3955,3960,3957.5,8.17717e-05,0.000408859,6
3960,3965,3962.5,0.000136286,0.000681431,10
3965,3970,3967.5,0.000122658,0.000613288,9
3970,3975,3972.5,2.72572e-05,0.000136286,2
3975,3980,3977.5,0.000136286,0.000681431,10
3980,3985,3982.5,5.45145e-05,0.000272572,4
3985,3990,3987.5,0.000190801,0.000954003,14
3990,3995,3992.5,0.000177172,0.00088586,13
3995,4000,3997.5,5.45145e-05,0.000272572,4
4000,4005,4002.5,0.000136286,0.000681431,10
4005,4010,4007.5,0.000122658,0.000613288,9
4010,4015,4012.5,9.54003e-05,0.000477002,7
4015,4020,4017.5,9.54003e-05,0.000477002,7
4020,4025,4022.5,0.000163543,0.000817717,12
4025,4030,4027.5,0.000177172,0.00088586,13
4030,4035,4032.5,9.54003e-05,0.000477002,7
4035,4040,4037.5,0.000109029,0.000545145,8
4040,4045,4042.5,6.81431e-05,0.000340716,5
4045,4050,4047.5,6.81431e-05,0.000340716,5
4050,4055,4052.5,0.000136286,0.000681431,10
4055,4060,4057.5,9.54003e-05,0.000477002,7
4060,4065,4062.5,8.17717e-05,0.000408859,6
4065,4070,4067.5,9.54003e-05,0.000477002,7
4070,4075,4072.5,6.81431e-05,0.000340716,5
4075,4080,4077.5,0.000109029,0.000545145,8
4080,4085,4082.5,8.17717e-05,0.000408859,6
4085,4090,4087.5,8.17717e-05,0.000408859,6
4090,4095,4092.5,4.08859e-05,0.000204429,3
4095,4100,4097.5,0.000163543,0.000817717,12
4100,4105,4102.5,8.17717e-05,0.000408859,6
4105,4110,4107.5,6.81431e-05,0.000340716,5
4110,4115,4112.5,0.000149915,0.000749574,11
4115,4120,4117.5,0.000122658,0.000613288,9
4120,4125,4122.5,0.000109029,0.000545145,8
4125,4130,4127.5,8.17717e-05,0.000408859,6
4130,4135,4132.5,6.81431e-05,0.000340716,5
4135,4140,4137.5,0.000109029,0.000545145,8
4140,4145,4142.5,0.000122658,0.000613288,9
4145,4150,4147.5,0.000149915,0.000749574,11
4150,4155,4152.5,0.000109029,0.000545145,8
4155,4160,4157.5,0.000109029,0.000545145,8
4160,4165,4162.5,0.000136286,0.000681431,10
4165,4170,4167.5,8.17717e-05,0.000408859,6
4170,4175,4172.5,6.81431e-05,0.000340716,5
4175,4180,4177.5,8.17717e-05,0.000408859,6
4180,4185,4182.5,0.000149915,0.000749574,11
4185,4190,4187.5,0.000109029,0.000545145,8
4190,4195,4192.5,0.000163543,0.000817717,12
4195,4200,4197.5,8.17717e-05,0.000408859,6
4200,4205,4202.5,0.000122658,0.000613288,9
4205,4210,4207.5,0.000149915,0.000749574,11
4210,4215,4212.5,6.81431e-05,0.000340716,5
4215,4220,4217.5,0.000163543,0.000817717,12
4220,4225,4222.5,0.000122658,0.000613288,9
4225,4230,4227.5,0.000136286,0.000681431,10
4230,4235,4232.5,9.54003e-05,0.000477002,7
4235,4240,4237.5,6.81431e-05,0.000340716,5
4240,4245,4242.5,0.000109029,0.000545145,8
4245,4250,4247.5,0.000109029,0.000545145,8
4250,4255,4252.5,0.000109029,0.000545145,8
4255,4260,4257.5,0.000109029,0.000545145,8
4260,4265,4262.5,0.000109029,0.000545145,8
4265,4270,4267.5,8.17717e-05,0.000408859,6
4270,4275,4272.5,0.000204429,0.00102215,15
4275,4280,4277.5,0.000109029,0.000545145,8
4280,4285,4282.5,0.000149915,0.000749574,11
4285,4290,4287.5,6.81431e-05,0.000340716,5
4290,4295,4292.5,9.54003e-05,0.000477002,7
4295,4300,4297.5,0.000177172,0.00088586,13
4300,4305,4302.5,6.81431e-05,0.000340716,5
4305,4310,4307.5,6.81431e-05,0.000340716,5
4310,4315,4312.5,0.000163543,0.000817717,12
4315,4320,4317.5,9.54003e-05,0.000477002,7
4320,4325,4322.5,6.81431e-05,0.000340716,5
4325,4330,4327.5,4.08859e-05,0.000204429,3
4330,4335,4332.5,0.000109029,0.000545145,8
4335,4340,4337.5,0.000109029,0.000545145,8
4340,4345,4342.5,5.45145e-05,0.000272572,4
4345,4350,4347.5,5.45145e-05,0.000272572,4
4350,4355,4352.5,0.000109029,0.000545145,8
4355,4360,4357.5,4.08859e-05,0.000204429,3
4360,4365,4362.5,9.54003e-05,0.000477002,7
4365,4370,4367.5,2.72572e-05,0.000136286,2
4370,4375,4372.5,2.72572e-05,0.000136286,2
4375,4380,4377.5,5.45145e-05,0.000272572,4
4380,4385,4382.5,6.81431e-05,0.000340716,5
4385,4390,4387.5,2.72572e-05,0.000136286,2
4390,4395,4392.5,4.08859e-05,0.000204429,3
4395,4400,4397.5,0.000136286,0.000681431,10
4400,4405,4402.5,5.45145e-05,0.000272572,4
4405,4410,4407.5,2.72572e-05,0.000136286,2
4410,4415,4412.5,8.17717e-05,0.000408859,6
4415,4420,4417.5,8.17717e-05,0.000408859,6
4420,4425,4422.5,4.08859e-05,0.000204429,3
4425,4430,4427.5,6.81431e-05,0.000340716,5
4430,4435,4432.5,9.54003e-05,0.000477002,7
4435,4440,4437.5,2.72572e-05,0.000136286,2
4440,4445,4442.5,8.17717e-05,0.000408859,6
4445,4450,4447.5,6.81431e-05,0.000340716,5
4450,4455,4452.5,0.000109029,0.000545145,8
4455,4460,4457.5,5.45145e-05,0.000272572,4
4460,4465,4462.5,9.54003e-05,0.000477002,7
4465,4470,4467.5,0.000122658,0.000613288,9
4470,4475,4472.5,4.08859e-05,0.000204429,3
4475,4480,4477.5,5.45145e-05,0.000272572,4
4480,4485,4482.5,0.000136286,0.000681431,10
4485,4490,4487.5,6.81431e-05,0.000340716,5
4490,4495,4492.5,8.17717e-05,0.000408859,6
4495,4500,4497.5,1.36286e-05,6.81431e-05,1
4500,4505,4502.5,6.81431e-05,0.000340716,5
4505,4510,4507.5,8.17717e-05,0.000408859,6
4510,4515,4512.5,4.08859e-05,0.000204429,3
4515,4520,4517.5,1.36286e-05,6.81431e-05,1
4520,4525,4522.5,2.72572e-05,0.000136286,2
4525,4530,4527.5,2.72572e-05,0.000136286,2
4530,4535,4532.5,4.08859e-05,0.000204429,3
4535,4540,4537.5,9.54003e-05,0.000477002,7
4540,4545,4542.5,5.45145e-05,0.000272572,4
4545,4550,4547.5,6.81431e-05,0.000340716,5
4550,4555,4552.5,8.17717e-05,0.000408859,6
4555,4560,4557.5,1.36286e-05,6.81431e-05,1
4560,4565,4562.5,5.45145e-05,0.000272572,4
4565,4570,4567.5,8.17717e-05,0.000408859,6
4570,4575,4572.5,1.36286e-05,6.81431e-05,1
4575,4580,4577.5,5.45145e-05,0.000272572,4
4580,4585,4582.5,4.08859e-05,0.000204429,3
4590,4595,4592.5,1.36286e-05,6.81431e-05,1
4595,4600,4597.5,6.81431e-05,0.000340716,5
4600,4605,4602.5,6.81431e-05,0.000340716,5
4605,4610,4607.5,2.72572e-05,0.000136286,2
4610,4615,4612.5,6.81431e-05,0.000340716,5
4615,4620,4617.5,5.45145e-05,0.000272572,4
4620,4625,4622.5,4.08859e-05,0.000204429,3
4625,4630,4627.5,5.45145e-05,0.000272572,4
4630,4635,4632.5,1.36286e-05,6.81431e-05,1
4635,4640,4637.5,2.72572e-05,0.000136286,2
4640,4645,4642.5,4.08859e-05,0.000204429,3
4645,4650,4647.5,4.08859e-05,0.000204429,3
4650,4655,4652.5,2.72572e-05,0.000136286,2
4655,4660,4657.5,2.72572e-05,0.000136286,2
4660,4665,4662.5,5.45145e-05,0.000272572,4
4665,4670,4667.5,5.45145e-05,0.000272572,4
4670,4675,4672.5,4.08859e-05,0.000204429,3
4675,4680,4677.5,2.72572e-05,0.000136286,2
4680,4685,4682.5,4.08859e-05,0.000204429,3
4685,4690,4687.5,4.08859e-05,0.000204429,3
4690,4695,4692.5,5.45145e-05,0.000272572,4
4695,4700,4697.5,5.45145e-05,0.000272572,4
4700,4705,4702.5,4.08859e-05,0.000204429,3
4705,4710,4707.5,6.81431e-05,0.000340716,5
4710,4715,4712.5,2.72572e-05,0.000136286,2
4715,4720,4717.5,2.72572e-05,0.000136286,2
4720,4725,4722.5,2.72572e-05,0.000136286,2
4725,4730,4727.5,4.08859e-05,0.000204429,3
4730,4735,4732.5,2.72572e-05,0.000136286,2
4735,4740,4737.5,8.17717e-05,0.000408859,6
4740,4745,4742.5,9.54003e-05,0.000477002,7
4745,4750,4747.5,4.08859e-05,0.000204429,3
4750,4755,4752.5,8.17717e-05,0.000408859,6
4755,4760,4757.5,2.72572e-05,0.000136286,2
4760,4765,4762.5,1.36286e-05,6.81431e-05,1
4765,4770,4767.5,4.08859e-05,0.000204429,3
4770,4775,4772.5,6.81431e-05,0.000340716,5
4785,4790,4787.5,6.81431e-05,0.000340716,5
4790,4795,4792.5,4.08859e-05,0.000204429,3
4795,4800,4797.5,4.08859e-05,0.000204429,3
4800,4805,4802.5,1.36286e-05,6.81431e-05,1
4805,4810,4807.5,8.17717e-05,0.000408859,6
4810,4815,4812.5,5.45145e-05,0.000272572,4
4815,4820,4817.5,2.72572e-05,0.000136286,2
4820,4825,4822.5,1.36286e-05,6.81431e-05,1
4825,4830,4827.5,4.08859e-05,0.000204429,3
4830,4835,4832.5,6.81431e-05,0.000340716,5
4835,4840,4837.5,4.08859e-05,0.000204429,3
4840,4845,4842.5,5.45145e-05,0.000272572,4
4845,4850,4847.5,2.72572e-05,0.000136286,2
4850,4855,4852.5,1.36286e-05,6.81431e-05,1
4855,4860,4857.5,5.45145e-05,0.000272572,4
4860,4865,4862.5,1.36286e-05,6.81431e-05,1
4865,4870,4867.5,2.72572e-05,0.000136286,2
4870,4875,4872.5,4.08859e-05,0.000204429,3
4875,4880,4877.5,4.08859e-05,0.000204429,3
4880,4885,4882.5,4.08859e-05,0.000204429,3
4885,4890,4887.5,4.08859e-05,0.000204429,3
4890,4895,4892.5,2.72572e-05,0.000136286,2
4895,4900,4897.5,2.72572e-05,0.000136286,2
4905,4910,4907.5,4.08859e-05,0.000204429,3
4910,4915,4912.5,1.36286e-05,6.81431e-05,1
4915,4920,4917.5,6.81431e-05,0.000340716,5
4920,4925,4922.5,2.72572e-05,0.000136286,2
4930,4935,4932.5,1.36286e-05,6.81431e-05,1
4935,4940,4937.5,4.08859e-05,0.000204429,3
4940,4945,4942.5,2.72572e-05,0.000136286,2
4950,4955,4952.5,4.08859e-05,0.000204429,3
4955,4960,4957.5,1.36286e-05,6.81431e-05,1
4960,4965,4962.5,2.72572e-05,0.000136286,2
4965,4970,4967.5,4.08859e-05,0.000204429,3
4970,4975,4972.5,1.36286e-05,6.81431e-05,1
4975,4980,4977.5,4.08859e-05,0.000204429,3
4980,4985,4982.5,2.72572e-05,0.000136286,2
4985,4990,4987.5,1.36286e-05,6.81431e-05,1
4990,4995,4992.5,0.000122658,0.000613288,9
4995,5000,4997.5,5.45145e-05,0.000272572,4
5000,5005,5002.5,1.36286e-05,6.81431e-05,1
5005,5010,5007.5,8.17717e-05,0.000408859,6
5010,5015,5012.5,4.08859e-05,0.000204429,3
5015,5020,5017.5,6.81431e-05,0.000340716,5
5020,5025,5022.5,2.72572e-05,0.000136286,2
5025,5030,5027.5,8.17717e-05,0.000408859,6
5030,5035,5032.5,1.36286e-05,6.81431e-05,1
5035,5040,5037.5,2.72572e-05,0.000136286,2
5040,5045,5042.5,6.81431e-05,0.000340716,5
5045,5050,5047.5,5.45145e-05,0.000272572,4
5050,5055,5052.5,5.45145e-05,0.000272572,4
5055,5060,5057.5,1.36286e-05,6.81431e-05,1
5060,5065,5062.5,5.45145e-05,0.000272572,4
5065,5070,5067.5,5.45145e-05,0.000272572,4
5070,5075,5072.5,6.81431e-05,0.000340716,5
5075,5080,5077.5,2.72572e-05,0.000136286,2
5080,5085,5082.5,2.72572e-05,0.000136286,2
5085,5090,5087.5,5.45145e-05,0.000272572,4
5090,5095,5092.5,5.45145e-05,0.000272572,4
5095,5100,5097.5,5.45145e-05,0.000272572,4
5100,5105,5102.5,1.36286e-05,6.81431e-05,1
5105,5110,5107.5,2.72572e-05,0.000136286,2
5110,5115,5112.5,4.08859e-05,0.000204429,3
5115,5120,5117.5,6.81431e-05,0.000340716,5
5120,5125,5122.5,2.72572e-05,0.000136286,2
5125,5130,5127.5,1.36286e-05,6.81431e-05,1
5130,5135,5132.5,2.72572e-05,0.000136286,2
5135,5140,5137.5,2.72572e-05,0.000136286,2
5140,5145,5142.5,4.08859e-05,0.000204429,3
5145,5150,5147.5,4.08859e-05,0.000204429,3
5150,5155,5152.5,1.36286e-05,6.81431e-05,1
5160,5165,5162.5,1.36286e-05,6.81431e-05,1
5165,5170,5167.5,1.36286e-05,6.81431e-05,1
5170,5175,5172.5,4.08859e-05,0.000204429,3
5175,5180,5177.5,2.72572e-05,0.000136286,2
5180,5185,5182.5,1.36286e-05,6.81431e-05,1
5185,5190,5187.5,4.08859e-05,0.000204429,3
5190,5195,5192.5,2.72572e-05,0.000136286,2
5195,5200,5197.5,4.08859e-05,0.000204429,3
5200,5205,5202.5,2.72572e-05,0.000136286,2
5205,5210,5207.5,2.72572e-05,0.000136286,2
5215,5220,5217.5,1.36286e-05,6.81431e-05,1
5225,5230,5227.5,5.45145e-05,0.000272572,4
5230,5235,5232.5,5.45145e-05,0.000272572,4
5235,5240,5237.5,2.72572e-05,0.000136286,2
5240,5245,5242.5,2.72572e-05,0.000136286,2
5245,5250,5247.5,2.72572e-05,0.000136286,2
5250,5255,5252.5,2.72572e-05,0.000136286,2
5255,5260,5257.5,2.72572e-05,0.000136286,2
5260,5265,5262.5,1.36286e-05,6.81431e-05,1
5265,5270,5267.5,4.08859e-05,0.000204429,3
5270,5275,5272.5,1.36286e-05,6.81431e-05,1
5280,5285,5282.5,6.81431e-05,0.000340716,5
5285,5290,5287.5,2.72572e-05,0.000136286,2
5290,5295,5292.5,2.72572e-05,0.000136286,2
5295,5300,5297.5,2.72572e-05,0.000136286,2
5300,5305,5302.5,1.36286e-05,6.81431e-05,1
5305,5310,5307.5,2.72572e-05,0.000136286,2
5310,5315,5312.5,4.08859e-05,0.000204429,3
5315,5320,5317.5,4.08859e-05,0.000204429,3
5320,5325,5322.5,1.36286e-05,6.81431e-05,1
5325,5330,5327.5,1.36286e-05,6.81431e-05,1
5330,5335,5332.5,4.08859e-05,0.000204429,3
5335,5340,5337.5,1.36286e-05,6.81431e-05,1
5340,5345,5342.5,2.72572e-05,0.000136286,2
5350,5355,5352.5,8.17717e-05,0.000408859,6
5355,5360,5357.5,4.08859e-05,0.000204429,3
5360,5365,5362.5,5.45145e-05,0.000272572,4
5365,5370,5367.5,2.72572e-05,0.000136286,2
5370,5375,5372.5,5.45145e-05,0.000272572,4
5375,5380,5377.5,5.45145e-05,0.000272572,4
5380,5385,5382.5,1.36286e-05,6.81431e-05,1
5385,5390,5387.5,4.08859e-05,0.000204429,3
5390,5395,5392.5,1.36286e-05,6.81431e-05,1
5395,5400,5397.5,1.36286e-05,6.81431e-05,1
5400,5405,5402.5,6.81431e-05,0.000340716,5
5405,5410,5407.5,2.72572e-05,0.000136286,2
5410,5415,5412.5,2.72572e-05,0.000136286,2
5415,5420,5417.5,6.81431e-05,0.000340716,5
5420,5425,5422.5,4.08859e-05,0.000204429,3
5425,5430,5427.5,1.36286e-05,6.81431e-05,1
5430,5435,5432.5,4.08859e-05,0.000204429,3
5435,5440,5437.5,2.72572e-05,0.000136286,2
5440,5445,5442.5,1.36286e-05,6.81431e-05,1
5445,5450,5447.5,2.72572e-05,0.000136286,2
5450,5455,5452.5,5.45145e-05,0.000272572,4
5455,5460,5457.5,2.72572e-05,0.000136286,2
5460,5465,5462.5,4.08859e-05,0.000204429,3
5465,5470,5467.5,2.72572e-05,0.000136286,2
5470,5475,5472.5,1.36286e-05,6.81431e-05,1
5475,5480,5477.5,1.36286e-05,6.81431e-05,1
5480,5485,5482.5,2.72572e-05,0.000136286,2
5485,5490,5487.5,1.36286e-05,6.81431e-05,1
5490,5495,5492.5,4.08859e-05,0.000204429,3
5495,5500,5497.5,2.72572e-05,0.000136286,2
5500,5505,5502.5,4.08859e-05,0.000204429,3
5505,5510,5507.5,2.72572e-05,0.000136286,2
5510,5515,5512.5,5.45145e-05,0.000272572,4
5515,5520,5517.5,4.08859e-05,0.000204429,3
5520,5525,5522.5,4.08859e-05,0.000204429,3
5525,5530,5527.5,1.36286e-05,6.81431e-05,1
5530,5535,5532.5,1.36286e-05,6.81431e-05,1
5535,5540,5537.5,2.72572e-05,0.000136286,2
5540,5545,5542.5,1.36286e-05,6.81431e-05,1
5545,5550,5547.5,2.72572e-05,0.000136286,2
5550,5555,5552.5,4.08859e-05,0.000204429,3
5555,5560,5557.5,2.72572e-05,0.000136286,2
5560,5565,5562.5,2.72572e-05,0.000136286,2
5565,5570,5567.5,4.08859e-05,0.000204429,3
5570,5575,5572.5,8.17717e-05,0.000408859,6
5575,5580,5577.5,4.08859e-05,0.000204429,3
5580,5585,5582.5,1.36286e-05,6.81431e-05,1
5585,5590,5587.5,5.45145e-05,0.000272572,4
5590,5595,5592.5,4.08859e-05,0.000204429,3
5600,5605,5602.5,2.72572e-05,0.000136286,2
5605,5610,5607.5,2.72572e-05,0.000136286,2
5610,5615,5612.5,2.72572e-05,0.000136286,2
5615,5620,5617.5,2.72572e-05,0.000136286,2
5620,5625,5622.5,6.81431e-05,0.000340716,5
5625,5630,5627.5,4.08859e-05,0.000204429,3
5630,5635,5632.5,2.72572e-05,0.000136286,2
5635,5640,5637.5,5.45145e-05,0.000272572,4
5640,5645,5642.5,4.08859e-05,0.000204429,3
5645,5650,5647.5,1.36286e-05,6.81431e-05,1
5650,5655,5652.5,4.08859e-05,0.000204429,3
5655,5660,5657.5,1.36286e-05,6.81431e-05,1
5660,5665,5662.5,4.08859e-05,0.000204429,3
5665,5670,5667.5,2.72572e-05,0.000136286,2
5670,5675,5672.5,5.45145e-05,0.000272572,4
5675,5680,5677.5,1.36286e-05,6.81431e-05,1
5680,5685,5682.5,4.08859e-05,0.000204429,3
5685,5690,5687.5,2.72572e-05,0.000136286,2
5690,5695,5692.5,2.72572e-05,0.000136286,2
5695,5700,5697.5,4.08859e-05,0.000204429,3
5700,5705,5702.5,5.45145e-05,0.000272572,4
5705,5710,5707.5,1.36286e-05,6.81431e-05,1
5715,5720,5717.5,1.36286e-05,6.81431e-05,1
5720,5725,5722.5,8.17717e-05,0.000408859,6
5725,5730,5727.5,2.72572e-05,0.000136286,2
5735,5740,5737.5,2.72572e-05,0.000136286,2
5740,5745,5742.5,4.08859e-05,0.000204429,3
5745,5750,5747.5,2.72572e-05,0.000136286,2
5750,5755,5752.5,4.08859e-05,0.000204429,3
5755,5760,5757.5,4.08859e-05,0.000204429,3
5760,5765,5762.5,5.45145e-05,0.000272572,4
5765,5770,5767.5,4.08859e-05,0.000204429,3
5770,5775,5772.5,1.36286e-05,6.81431e-05,1
5775,5780,5777.5,2.72572e-05,0.000136286,2
5780,5785,5782.5,2.72572e-05,0.000136286,2
5785,5790,5787.5,4.08859e-05,0.000204429,3
5790,5795,5792.5,4.08859e-05,0.000204429,3
5795,5800,5797.5,4.08859e-05,0.000204429,3
5800,5805,5802.5,2.72572e-05,0.000136286,2
5805,5810,5807.5,4.08859e-05,0.000204429,3
5810,5815,5812.5,4.08859e-05,0.000204429,3
5815,5820,5817.5,4.08859e-05,0.000204429,3
5820,5825,5822.5,5.45145e-05,0.000272572,4
5825,5830,5827.5,4.08859e-05,0.000204429,3
5830,5835,5832.5,9.54003e-05,0.000477002,7
5835,5840,5837.5,2.72572e-05,0.000136286,2
5840,5845,5842.5,4.08859e-05,0.000204429,3
5845,5850,5847.5,2.72572e-05,0.000136286,2
5850,5855,5852.5,4.08859e-05,0.000204429,3
5855,5860,5857.5,2.72572e-05,0.000136286,2
5860,5865,5862.5,1.36286e-05,6.81431e-05,1
5870,5875,5872.5,2.72572e-05,0.000136286,2
5875,5880,5877.5,1.36286e-05,6.81431e-05,1
5880,5885,5882.5,4.08859e-05,0.000204429,3
5885,5890,5887.5,2.72572e-05,0.000136286,2
5895,5900,5897.5,2.72572e-05,0.000136286,2
5900,5905,5902.5,2.72572e-05,0.000136286,2
5905,5910,5907.5,8.17717e-05,0.000408859,6
5910,5915,5912.5,5.45145e-05,0.000272572,4
5920,5925,5922.5,2.72572e-05,0.000136286,2
5925,5930,5927.5,1.36286e-05,6.81431e-05,1
5930,5935,5932.5,5.45145e-05,0.000272572,4
5935,5940,5937.5,1.36286e-05,6.81431e-05,1
5940,5945,5942.5,5.45145e-05,0.000272572,4
5945,5950,5947.5,2.72572e-05,0.000136286,2
5950,5955,5952.5,5.45145e-05,0.000272572,4
5955,5960,5957.5,4.08859e-05,0.000204429,3
5960,5965,5962.5,5.45145e-05,0.000272572,4
5965,5970,5967.5,6.81431e-05,0.000340716,5
5975,5980,5977.5,1.36286e-05,6.81431e-05,1
5980,5985,5982.5,4.08859e-05,0.000204429,3
5990,5995,5992.5,4.08859e-05,0.000204429,3
5995,6000,5997.5,4.08859e-05,0.000204429,3
6000,6005,6002.5,1.36286e-05,6.81431e-05,1
6010,6015,6012.5,4.08859e-05,0.000204429,3
6015,6020,6017.5,2.72572e-05,0.000136286,2
6020,6025,6022.5,4.08859e-05,0.000204429,3
6025,6030,6027.5,5.45145e-05,0.000272572,4
6030,6035,6032.5,4.08859e-05,0.000204429,3
6035,6040,6037.5,4.08859e-05,0.000204429,3
6040,6045,6042.5,1.36286e-05,6.81431e-05,1
6045,6050,6047.5,2.72572e-05,0.000136286,2
6050,6055,6052.5,5.45145e-05,0.000272572,4
6055,6060,6057.5,2.72572e-05,0.000136286,2
6060,6065,6062.5,1.36286e-05,6.81431e-05,1
6065,6070,6067.5,1.36286e-05,6.81431e-05,1
6070,6075,6072.5,1.36286e-05,6.81431e-05,1
6075,6080,6077.5,6.81431e-05,0.000340716,5
6080,6085,6082.5,4.08859e-05,0.000204429,3
6085,6090,6087.5,1.36286e-05,6.81431e-05,1
6090,6095,6092.5,2.72572e-05,0.000136286,2
6095,6100,6097.5,5.45145e-05,0.000272572,4
6100,6105,6102.5,2.72572e-05,0.000136286,2
6105,6110,6107.5,1.36286e-05,6.81431e-05,1
6115,6120,6117.5,2.72572e-05,0.000136286,2
6125,6130,6127.5,2.72572e-05,0.000136286,2
6130,6135,6132.5,5.45145e-05,0.000272572,4
6135,6140,6137.5,1.36286e-05,6.81431e-05,1
6140,6145,6142.5,5.45145e-05,0.000272572,4
6145,6150,6147.5,4.08859e-05,0.000204429,3
6150,6155,6152.5,4.08859e-05,0.000204429,3
6155,6160,6157.5,5.45145e-05,0.000272572,4
6160,6165,6162.5,4.08859e-05,0.000204429,3
6165,6170,6167.5,6.81431e-05,0.000340716,5
6170,6175,6172.5,2.72572e-05,0.000136286,2
6175,6180,6177.5,2.72572e-05,0.000136286,2
6180,6185,6182.5,1.36286e-05,6.81431e-05,1
6185,6190,6187.5,1.36286e-05,6.81431e-05,1
6190,6195,6192.5,1.36286e-05,6.81431e-05,1
6195,6200,6197.5,2.72572e-05,0.000136286,2
6205,6210,6207.5,1.36286e-05,6.81431e-05,1
6210,6215,6212.5,6.81431e-05,0.000340716,5
6215,6220,6217.5,5.45145e-05,0.000272572,4
6230,6235,6232.5,4.08859e-05,0.000204429,3
6235,6240,6237.5,2.72572e-05,0.000136286,2
6240,6245,6242.5,1.36286e-05,6.81431e-05,1
6250,6255,6252.5,2.72572e-05,0.000136286,2
6255,6260,6257.5,2.72572e-05,0.000136286,2
6260,6265,6262.5,5.45145e-05,0.000272572,4
6270,6275,6272.5,4.08859e-05,0.000204429,3
6275,6280,6277.5,4.08859e-05,0.000204429,3
6280,6285,6282.5,1.36286e-05,6.81431e-05,1
6285,6290,6287.5,2.72572e-05,0.000136286,2
6290,6295,6292.5,2.72572e-05,0.000136286,2
6295,6300,6297.5,4.08859e-05,0.000204429,3
6300,6305,6302.5,1.36286e-05,6.81431e-05,1
6305,6310,6307.5,1.36286e-05,6.81431e-05,1
6310,6315,6312.5,9.54003e-05,0.000477002,7
6315,6320,6317.5,1.36286e-05,6.81431e-05,1
6320,6325,6322.5,1.36286e-05,6.81431e-05,1
6325,6330,6327.5,5.45145e-05,0.000272572,4
6330,6335,6332.5,4.08859e-05,0.000204429,3
6335,6340,6337.5,5.45145e-05,0.000272572,4
6340,6345,6342.5,1.36286e-05,6.81431e-05,1
6345,6350,6347.5,1.36286e-05,6.81431e-05,1
6350,6355,6352.5,2.72572e-05,0.000136286,2
6355,6360,6357.5,2.72572e-05,0.000136286,2
6365,6370,6367.5,5.45145e-05,0.000272572,4
6370,6375,6372.5,1.36286e-05,6.81431e-05,1
6375,6380,6377.5,2.72572e-05,0.000136286,2
6380,6385,6382.5,2.72572e-05,0.000136286,2
6385,6390,6387.5,4.08859e-05,0.000204429,3
6390,6395,6392.5,4.08859e-05,0.000204429,3
6395,6400,6397.5,5.45145e-05,0.000272572,4
6400,6405,6402.5,2.72572e-05,0.000136286,2
6405,6410,6407.5,4.08859e-05,0.000204429,3
6410,6415,6412.5,2.72572e-05,0.000136286,2
6415,6420,6417.5,1.36286e-05,6.81431e-05,1
6420,6425,6422.5,1.36286e-05,6.81431e-05,1
6425,6430,6427.5,1.36286e-05,6.81431e-05,1
6435,6440,6437.5,2.72572e-05,0.000136286,2
6440,6445,6442.5,1.36286e-05,6.81431e-05,1
6445,6450,6447.5,2.72572e-05,0.000136286,2
6450,6455,6452.5,5.45145e-05,0.000272572,4
6455,6460,6457.5,6.81431e-05,0.000340716,5
6460,6465,6462.5,1.36286e-05,6.81431e-05,1
6465,6470,6467.5,2.72572e-05,0.000136286,2
6475,6480,6477.5,1.36286e-05,6.81431e-05,1
6480,6485,6482.5,4.08859e-05,0.000204429,3
6485,6490,6487.5,2.72572e-05,0.000136286,2
6490,6495,6492.5,5.45145e-05,0.000272572,4
6495,6500,6497.5,5.45145e-05,0.000272572,4
6500,6505,6502.5,2.72572e-05,0.000136286,2
6505,6510,6507.5,2.72572e-05,0.000136286,2
6510,6515,6512.5,5.45145e-05,0.000272572,4
6515,6520,6517.5,1.36286e-05,6.81431e-05,1
6525,6530,6527.5,1.36286e-05,6.81431e-05,1
6530,6535,6532.5,6.81431e-05,0.000340716,5
6535,6540,6537.5,2.72572e-05,0.000136286,2
6540,6545,6542.5,1.36286e-05,6.81431e-05,1
6545,6550,6547.5,4.08859e-05,0.000204429,3
6550,6555,6552.5,2.72572e-05,0.000136286,2
6555,6560,6557.5,2.72572e-05,0.000136286,2
6560,6565,6562.5,2.72572e-05,0.000136286,2
6565,6570,6567.5,0.000109029,0.000545145,8
6570,6575,6572.5,2.72572e-05,0.000136286,2
6575,6580,6577.5,4.08859e-05,0.000204429,3
6580,6585,6582.5,5.45145e-05,0.000272572,4
6585,6590,6587.5,1.36286e-05,6.81431e-05,1
6590,6595,6592.5,2.72572e-05,0.000136286,2
6595,6600,6597.5,2.72572e-05,0.000136286,2
6600,6605,6602.5,2.72572e-05,0.000136286,2
6605,6610,6607.5,1.36286e-05,6.81431e-05,1
6610,6615,6612.5,2.72572e-05,0.000136286,2
6615,6620,6617.5,2.72572e-05,0.000136286,2
6620,6625,6622.5,4.08859e-05,0.000204429,3
6625,6630,6627.5,5.45145e-05,0.000272572,4
6630,6635,6632.5,2.72572e-05,0.000136286,2
6635,6640,6637.5,6.81431e-05,0.000340716,5
6645,6650,6647.5,1.36286e-05,6.81431e-05,1
6650,6655,6652.5,6.81431e-05,0.000340716,5
6660,6665,6662.5,6.81431e-05,0.000340716,5
6665,6670,6667.5,9.54003e-05,0.000477002,7
6670,6675,6672.5,1.36286e-05,6.81431e-05,1
6675,6680,6677.5,4.08859e-05,0.000204429,3
6680,6685,6682.5,1.36286e-05,6.81431e-05,1
6685,6690,6687.5,6.81431e-05,0.000340716,5
6690,6695,6692.5,4.08859e-05,0.000204429,3
6695,6700,6697.5,4.08859e-05,0.000204429,3
6700,6705,6702.5,2.72572e-05,0.000136286,2
6705,6710,6707.5,2.72572e-05,0.000136286,2
6710,6715,6712.5,1.36286e-05,6.81431e-05,1
6715,6720,6717.5,1.36286e-05,6.81431e-05,1
6725,6730,6727.5,2.72572e-05,0.000136286,2
6730,6735,6732.5,1.36286e-05,6.81431e-05,1
6735,6740,6737.5,5.45145e-05,0.000272572,4
6740,6745,6742.5,4.08859e-05,0.000204429,3
6745,6750,6747.5,1.36286e-05,6.81431e-05,1
6750,6755,6752.5,4.08859e-05,0.000204429,3
6755,6760,6757.5,4.08859e-05,0.000204429,3
6760,6765,6762.5,4.08859e-05,0.000204429,3
6765,6770,6767.5,2.72572e-05,0.000136286,2
6770,6775,6772.5,4.08859e-05,0.000204429,3
6775,6780,6777.5,1.36286e-05,6.81431e-05,1
6780,6785,6782.5,1.36286e-05,6.81431e-05,1
6785,6790,6787.5,2.72572e-05,0.000136286,2
6790,6795,6792.5,1.36286e-05,6.81431e-05,1
6795,6800,6797.5,2.72572e-05,0.000136286,2
6805,6810,6807.5,5.45145e-05,0.000272572,4
6810,6815,6812.5,1.36286e-05,6.81431e-05,1
6815,6820,6817.5,1.36286e-05,6.81431e-05,1
6820,6825,6822.5,2.72572e-05,0.000136286,2
6825,6830,6827.5,2.72572e-05,0.000136286,2
6830,6835,6832.5,4.08859e-05,0.000204429,3
6835,6840,6837.5,2.72572e-05,0.000136286,2
6840,6845,6842.5,5.45145e-05,0.000272572,4
6845,6850,6847.5,1.36286e-05,6.81431e-05,1
6850,6855,6852.5,4.08859e-05,0.000204429,3
6855,6860,6857.5,1.36286e-05,6.81431e-05,1
6860,6865,6862.5,2.72572e-05,0.000136286,2
6865,6870,6867.5,1.36286e-05,6.81431e-05,1
6870,6875,6872.5,5.45145e-05,0.000272572,4
6875,6880,6877.5,2.72572e-05,0.000136286,2
6880,6885,6882.5,4.08859e-05,0.000204429,3
6885,6890,6887.5,2.72572e-05,0.000136286,2
6895,6900,6897.5,2.72572e-05,0.000136286,2
6900,6905,6902.5,2.72572e-05,0.000136286,2
6905,6910,6907.5,5.45145e-05,0.000272572,4
6910,6915,6912.5,4.08859e-05,0.000204429,3
6915,6920,6917.5,2.72572e-05,0.000136286,2
6920,6925,6922.5,4.08859e-05,0.000204429,3
6930,6935,6932.5,2.72572e-05,0.000136286,2
6935,6940,6937.5,2.72572e-05,0.000136286,2
6940,6945,6942.5,4.08859e-05,0.000204429,3
6945,6950,6947.5,1.36286e-05,6.81431e-05,1
6950,6955,6952.5,5.45145e-05,0.000272572,4
6955,6960,6957.5,5.45145e-05,0.000272572,4
6960,6965,6962.5,1.36286e-05,6.81431e-05,1
6965,6970,6967.5,5.45145e-05,0.000272572,4
6975,6980,6977.5,1.36286e-05,6.81431e-05,1
6985,6990,6987.5,1.36286e-05,6.81431e-05,1
6990,6995,6992.5,2.72572e-05,0.000136286,2
6995,7000,6997.5,2.72572e-05,0.000136286,2
7005,7010,7007.5,2.72572e-05,0.000136286,2
7010,7015,7012.5,4.08859e-05,0.000204429,3
7015,7020,7017.5,4.08859e-05,0.000204429,3
7020,7025,7022.5,2.72572e-05,0.000136286,2
7025,7030,7027.5,2.72572e-05,0.000136286,2
7030,7035,7032.5,4.08859e-05,0.000204429,3
7035,7040,7037.5,1.36286e-05,6.81431e-05,1
7040,7045,7042.5,2.72572e-05,0.000136286,2
7050,7055,7052.5,4.08859e-05,0.000204429,3
7060,7065,7062.5,2.72572e-05,0.000136286,2
7065,7070,7067.5,1.36286e-05,6.81431e-05,1
7070,7075,7072.5,2.72572e-05,0.000136286,2
7075,7080,7077.5,4.08859e-05,0.000204429,3
7080,7085,7082.5,1.36286e-05,6.81431e-05,1
7085,7090,7087.5,5.45145e-05,0.000272572,4
7090,7095,7092.5,1.36286e-05,6.81431e-05,1
7095,7100,7097.5,5.45145e-05,0.000272572,4
7100,7105,7102.5,6.81431e-05,0.000340716,5
7105,7110,7107.5,2.72572e-05,0.000136286,2
7115,7120,7117.5,2.72572e-05,0.000136286,2
7120,7125,7122.5,2.72572e-05,0.000136286,2
7125,7130,7127.5,4.08859e-05,0.000204429,3
7135,7140,7137.5,5.45145e-05,0.000272572,4
7140,7145,7142.5,4.08859e-05,0.000204429,3
7150,7155,7152.5,4.08859e-05,0.000204429,3
7155,7160,7157.5,1.36286e-05,6.81431e-05,1
7165,7170,7167.5,2.72572e-05,0.000136286,2
7170,7175,7172.5,1.36286e-05,6.81431e-05,1
7175,7180,7177.5,1.36286e-05,6.81431e-05,1
7180,7185,7182.5,6.81431e-05,0.000340716,5
7185,7190,7187.5,2.72572e-05,0.000136286,2
7190,7195,7192.5,2.72572e-05,0.000136286,2
7195,7200,7197.5,1.36286e-05,6.81431e-05,1
7200,7205,7202.5,5.45145e-05,0.000272572,4
7210,7215,7212.5,2.72572e-05,0.000136286,2
7215,7220,7217.5,4.08859e-05,0.000204429,3
7225,7230,7227.5,2.72572e-05,0.000136286,2
7230,7235,7232.5,2.72572e-05,0.000136286,2
7235,7240,7237.5,2.72572e-05,0.000136286,2
7240,7245,7242.5,1.36286e-05,6.81431e-05,1
7250,7255,7252.5,4.08859e-05,0.000204429,3
7255,7260,7257.5,4.08859e-05,0.000204429,3
7260,7265,7262.5,5.45145e-05,0.000272572,4
7265,7270,7267.5,2.72572e-05,0.000136286,2
7270,7275,7272.5,2.72572e-05,0.000136286,2
7275,7280,7277.5,4.08859e-05,0.000204429,3
7280,7285,7282.5,1.36286e-05,6.81431e-05,1
7285,7290,7287.5,1.36286e-05,6.81431e-05,1
7290,7295,7292.5,4.08859e-05,0.000204429,3
7295,7300,7297.5,4.08859e-05,0.000204429,3
7300,7305,7302.5,2.72572e-05,0.000136286,2
7305,7310,7307.5,2.72572e-05,0.000136286,2
7310,7315,7312.5,1.36286e-05,6.81431e-05,1
7315,7320,7317.5,2.72572e-05,0.000136286,2
7320,7325,7322.5,1.36286e-05,6.81431e-05,1
7325,7330,7327.5,1.36286e-05,6.81431e-05,1
7330,7335,7332.5,1.36286e-05,6.81431e-05,1
7335,7340,7337.5,2.72572e-05,0.000136286,2
7340,7345,7342.5,4.08859e-05,0.000204429,3
7345,7350,7347.5,5.45145e-05,0.000272572,4
7350,7355,7352.5,2.72572e-05,0.000136286,2
7355,7360,7357.5,2.72572e-05,0.000136286,2
7360,7365,7362.5,1.36286e-05,6.81431e-05,1
7365,7370,7367.5,2.72572e-05,0.000136286,2
7375,7380,7377.5,4.08859e-05,0.000204429,3
7380,7385,7382.5,2.72572e-05,0.000136286,2
7385,7390,7387.5,5.45145e-05,0.000272572,4
7390,7395,7392.5,1.36286e-05,6.81431e-05,1
7395,7400,7397.5,1.36286e-05,6.81431e-05,1
7400,7405,7402.5,5.45145e-05,0.000272572,4
7405,7410,7407.5,1.36286e-05,6.81431e-05,1
7410,7415,7412.5,4.08859e-05,0.000204429,3
7415,7420,7417.5,1.36286e-05,6.81431e-05,1
7420,7425,7422.5,6.81431e-05,0.000340716,5
7425,7430,7427.5,1.36286e-05,6.81431e-05,1
7430,7435,7432.5,2.72572e-05,0.000136286,2
7435,7440,7437.5,2.72572e-05,0.000136286,2
7445,7450,7447.5,4.08859e-05,0.000204429,3
7450,7455,7452.5,2.72572e-05,0.000136286,2
7460,7465,7462.5,1.36286e-05,6.81431e-05,1
7465,7470,7467.5,4.08859e-05,0.000204429,3
7470,7475,7472.5,4.08859e-05,0.000204429,3
7480,7485,7482.5,4.08859e-05,0.000204429,3
7485,7490,7487.5,2.72572e-05,0.000136286,2
7490,7495,7492.5,5.45145e-05,0.000272572,4
7495,7500,7497.5,1.36286e-05,6.81431e-05,1
7500,7505,7502.5,2.72572e-05,0.000136286,2
7510,7515,7512.5,4.08859e-05,0.000204429,3
7515,7520,7517.5,5.45145e-05,0.000272572,4
7520,7525,7522.5,4.08859e-05,0.000204429,3
7525,7530,7527.5,6.81431e-05,0.000340716,5
7530,7535,7532.5,2.72572e-05,0.000136286,2
7540,7545,7542.5,2.72572e-05,0.000136286,2
7545,7550,7547.5,2.72572e-05,0.000136286,2
7550,7555,7552.5,4.08859e-05,0.000204429,3
7560,7565,7562.5,1.36286e-05,6.81431e-05,1
7565,7570,7567.5,5.45145e-05,0.000272572,4
7570,7575,7572.5,1.36286e-05,6.81431e-05,1
7580,7585,7582.5,1.36286e-05,6.81431e-05,1
7600,7605,7602.5,1.36286e-05,6.81431e-05,1
7605,7610,7607.5,1.36286e-05,6.81431e-05,1
7615,7620,7617.5,2.72572e-05,0.000136286,2
7620,7625,7622.5,5.45145e-05,0.000272572,4
7625,7630,7627.5,1.36286e-05,6.81431e-05,1
7630,7635,7632.5,1.36286e-05,6.81431e-05,1
7635,7640,7637.5,4.08859e-05,0.000204429,3
7640,7645,7642.5,2.72572e-05,0.000136286,2
7650,7655,7652.5,2.72572e-05,0.000136286,2
7665,7670,7667.5,4.08859e-05,0.000204429,3
7670,7675,7672.5,2.72572e-05,0.000136286,2
7675,7680,7677.5,2.72572e-05,0.000136286,2
7680,7685,7682.5,1.36286e-05,6.81431e-05,1
7685,7690,7687.5,2.72572e-05,0.000136286,2
7690,7695,7692.5,5.45145e-05,0.000272572,4
7695,7700,7697.5,2.72572e-05,0.000136286,2
7705,7710,7707.5,4.08859e-05,0.000204429,3
7715,7720,7717.5,1.36286e-05,6.81431e-05,1
7720,7725,7722.5,1.36286e-05,6.81431e-05,1
7725,7730,7727.5,1.36286e-05,6.81431e-05,1
7730,7735,7732.5,1.36286e-05,6.81431e-05,1
7735,7740,7737.5,4.08859e-05,0.000204429,3
7740,7745,7742.5,2.72572e-05,0.000136286,2
7745,7750,7747.5,4.08859e-05,0.000204429,3
7750,7755,7752.5,2.72572e-05,0.000136286,2
7755,7760,7757.5,2.72572e-05,0.000136286,2
7765,7770,7767.5,4.08859e-05,0.000204429,3
7770,7775,7772.5,2.72572e-05,0.000136286,2
7775,7780,7777.5,4.08859e-05,0.000204429,3
7780,7785,7782.5,1.36286e-05,6.81431e-05,1
7785,7790,7787.5,1.36286e-05,6.81431e-05,1
7790,7795,7792.5,1.36286e-05,6.81431e-05,1
7795,7800,7797.5,1.36286e-05,6.81431e-05,1
7805,7810,7807.5,2.72572e-05,0.000136286,2
7810,7815,7812.5,2.72572e-05,0.000136286,2
7815,7820,7817.5,4.08859e-05,0.000204429,3
7825,7830,7827.5,2.72572e-05,0.000136286,2
7830,7835,7832.5,2.72572e-05,0.000136286,2
7835,7840,7837.5,1.36286e-05,6.81431e-05,1
7845,7850,7847.5,2.72572e-05,0.000136286,2
7850,7855,7852.5,1.36286e-05,6.81431e-05,1
7855,7860,7857.5,1.36286e-05,6.81431e-05,1
7860,7865,7862.5,2.72572e-05,0.000136286,2
7865,7870,7867.5,5.45145e-05,0.000272572,4
7870,7875,7872.5,5.45145e-05,0.000272572,4
7875,7880,7877.5,1.36286e-05,6.81431e-05,1
7880,7885,7882.5,6.81431e-05,0.000340716,5
7885,7890,7887.5,2.72572e-05,0.000136286,2
7895,7900,7897.5,4.08859e-05,0.000204429,3
7900,7905,7902.5,1.36286e-05,6.81431e-05,1
7905,7910,7907.5,1.36286e-05,6.81431e-05,1
7910,7915,7912.5,2.72572e-05,0.000136286,2
7920,7925,7922.5,1.36286e-05,6.81431e-05,1
7925,7930,7927.5,2.72572e-05,0.000136286,2
7935,7940,7937.5,1.36286e-05,6.81431e-05,1
7940,7945,7942.5,1.36286e-05,6.81431e-05,1
7945,7950,7947.5,1.36286e-05,6.81431e-05,1
7950,7955,7952.5,1.36286e-05,6.81431e-05,1
7960,7965,7962.5,2.72572e-05,0.000136286,2
7965,7970,7967.5,2.72572e-05,0.000136286,2
7980,7985,7982.5,5.45145e-05,0.000272572,4
7985,7990,7987.5,4.08859e-05,0.000204429,3
7990,7995,7992.5,1.36286e-05,6.81431e-05,1
8000,8005,8002.5,4.08859e-05,0.000204429,3
8005,8010,8007.5,1.36286e-05,6.81431e-05,1
8010,8015,8012.5,1.36286e-05,6.81431e-05,1
8015,8020,8017.5,4.08859e-05,0.000204429,3
8020,8025,8022.5,1.36286e-05,6.81431e-05,1
8025,8030,8027.5,4.08859e-05,0.000204429,3
8030,8035,8032.5,2.72572e-05,0.000136286,2
8040,8045,8042.5,1.36286e-05,6.81431e-05,1
8045,8050,8047.5,1.36286e-05,6.81431e-05,1
8055,8060,8057.5,4.08859e-05,0.000204429,3
8060,8065,8062.5,2.72572e-05,0.000136286,2
8065,8070,8067.5,6.81431e-05,0.000340716,5
8070,8075,8072.5,2.72572e-05,0.000136286,2
8075,8080,8077.5,1.36286e-05,6.81431e-05,1
8085,8090,8087.5,1.36286e-05,6.81431e-05,1
8090,8095,8092.5,4.08859e-05,0.000204429,3
8095,8100,8097.5,4.08859e-05,0.000204429,3
8100,8105,8102.5,2.72572e-05,0.000136286,2
8105,8110,8107.5,1.36286e-05,6.81431e-05,1
8120,8125,8122.5,1.36286e-05,6.81431e-05,1
8125,8130,8127.5,1.36286e-05,6.81431e-05,1
8135,8140,8137.5,2.72572e-05,0.000136286,2
8140,8145,8142.5,1.36286e-05,6.81431e-05,1
8145,8150,8147.5,1.36286e-05,6.81431e-05,1
8150,8155,8152.5,4.08859e-05,0.000204429,3
8165,8170,8167.5,1.36286e-05,6.81431e-05,1
8175,8180,8177.5,1.36286e-05,6.81431e-05,1
8180,8185,8182.5,2.72572e-05,0.000136286,2
8190,8195,8192.5,1.36286e-05,6.81431e-05,1
8195,8200,8197.5,2.72572e-05,0.000136286,2
8200,8205,8202.5,1.36286e-05,6.81431e-05,1
8205,8210,8207.5,1.36286e-05,6.81431e-05,1
8210,8215,8212.5,4.08859e-05,0.000204429,3
8225,8230,8227.5,1.36286e-05,6.81431e-05,1
8230,8235,8232.5,4.08859e-05,0.000204429,3
8235,8240,8237.5,2.72572e-05,0.000136286,2
8240,8245,8242.5,2.72572e-05,0.000136286,2
8245,8250,8247.5,2.72572e-05,0.000136286,2
8250,8255,8252.5,2.72572e-05,0.000136286,2
8255,8260,8257.5,4.08859e-05,0.000204429,3
8260,8265,8262.5,1.36286e-05,6.81431e-05,1
8265,8270,8267.5,4.08859e-05,0.000204429,3
8270,8275,8272.5,4.08859e-05,0.000204429,3
8275,8280,8277.5,1.36286e-05,6.81431e-05,1
8280,8285,8282.5,1.36286e-05,6.81431e-05,1
8285,8290,8287.5,2.72572e-05,0.000136286,2
8290,8295,8292.5,4.08859e-05,0.000204429,3
8295,8300,8297.5,2.72572e-05,0.000136286,2
8300,8305,8302.5,1.36286e-05,6.81431e-05,1
8305,8310,8307.5,1.36286e-05,6.81431e-05,1
8310,8315,8312.5,1.36286e-05,6.81431e-05,1
8315,8320,8317.5,5.45145e-05,0.000272572,4
8320,8325,8322.5,4.08859e-05,0.000204429,3
8330,8335,8332.5,1.36286e-05,6.81431e-05,1
8335,8340,8337.5,1.36286e-05,6.81431e-05,1
8340,8345,8342.5,2.72572e-05,0.000136286,2
8345,8350,8347.5,5.45145e-05,0.000272572,4
8350,8355,8352.5,1.36286e-05,6.81431e-05,1
8360,8365,8362.5,1.36286e-05,6.81431e-05,1
8365,8370,8367.5,1.36286e-05,6.81431e-05,1
8370,8375,8372.5,2.72572e-05,0.000136286,2
8375,8380,8377.5,4.08859e-05,0.000204429,3
8380,8385,8382.5,1.36286e-05,6.81431e-05,1
8385,8390,8387.5,1.36286e-05,6.81431e-05,1
8390,8395,8392.5,4.08859e-05,0.000204429,3
8400,8405,8402.5,5.45145e-05,0.000272572,4
8405,8410,8407.5,1.36286e-05,6.81431e-05,1
8410,8415,8412.5,8.17717e-05,0.000408859,6
8415,8420,8417.5,5.45145e-05,0.000272572,4
8420,8425,8422.5,2.72572e-05,0.000136286,2
8425,8430,8427.5,4.08859e-05,0.000204429,3
8435,8440,8437.5,4.08859e-05,0.000204429,3
8440,8445,8442.5,1.36286e-05,6.81431e-05,1
8445,8450,8447.5,2.72572e-05,0.000136286,2
8450,8455,8452.5,1.36286e-05,6.81431e-05,1
8455,8460,8457.5,4.08859e-05,0.000204429,3
8465,8470,8467.5,2.72572e-05,0.000136286,2
8470,8475,8472.5,1.36286e-05,6.81431e-05,1
8475,8480,8477.5,1.36286e-05,6.81431e-05,1
8480,8485,8482.5,4.08859e-05,0.000204429,3
8485,8490,8487.5,5.45145e-05,0.000272572,4
8490,8495,8492.5,2.72572e-05,0.000136286,2
8500,8505,8502.5,2.72572e-05,0.000136286,2
8505,8510,8507.5,2.72572e-05,0.000136286,2
8510,8515,8512.5,1.36286e-05,6.81431e-05,1
8515,8520,8517.5,2.72572e-05,0.000136286,2
8520,8525,8522.5,1.36286e-05,6.81431e-05,1
8525,8530,8527.5,2.72572e-05,0.000136286,2
8530,8535,8532.5,4.08859e-05,0.000204429,3
8540,8545,8542.5,1.36286e-05,6.81431e-05,1
8545,8550,8547.5,1.36286e-05,6.81431e-05,1
8550,8555,8552.5,2.72572e-05,0.000136286,2
8560,8565,8562.5,1.36286e-05,6.81431e-05,1
8580,8585,8582.5,1.36286e-05,6.81431e-05,1
8590,8595,8592.5,1.36286e-05,6.81431e-05,1
8595,8600,8597.5,2.72572e-05,0.000136286,2
8600,8605,8602.5,1.36286e-05,6.81431e-05,1
8605,8610,8607.5,4.08859e-05,0.000204429,3
8610,8615,8612.5,1.36286e-05,6.81431e-05,1
8615,8620,8617.5,4.08859e-05,0.000204429,3
8620,8625,8622.5,4.08859e-05,0.000204429,3
8625,8630,8627.5,1.36286e-05,6.81431e-05,1
8630,8635,8632.5,5.45145e-05,0.000272572,4
8635,8640,8637.5,2.72572e-05,0.000136286,2
8640,8645,8642.5,4.08859e-05,0.000204429,3
8645,8650,8647.5,1.36286e-05,6.81431e-05,1
8650,8655,8652.5,2.72572e-05,0.000136286,2
8655,8660,8657.5,2.72572e-05,0.000136286,2
8660,8665,8662.5,1.36286e-05,6.81431e-05,1
8665,8670,8667.5,1.36286e-05,6.81431e-05,1
8670,8675,8672.5,1.36286e-05,6.81431e-05,1
8675,8680,8677.5,1.36286e-05,6.81431e-05,1
8680,8685,8682.5,1.36286e-05,6.81431e-05,1
8685,8690,8687.5,1.36286e-05,6.81431e-05,1
8690,8695,8692.5,1.36286e-05,6.81431e-05,1
8705,8710,8707.5,2.72572e-05,0.000136286,2
8715,8720,8717.5,1.36286e-05,6.81431e-05,1
8720,8725,8722.5,2.72572e-05,0.000136286,2
8725,8730,8727.5,1.36286e-05,6.81431e-05,1
8730,8735,8732.5,2.72572e-05,0.000136286,2
8735,8740,8737.5,1.36286e-05,6.81431e-05,1
8740,8745,8742.5,1.36286e-05,6.81431e-05,1
8750,8755,8752.5,1.36286e-05,6.81431e-05,1
8760,8765,8762.5,2.72572e-05,0.000136286,2
8765,8770,8767.5,2.72572e-05,0.000136286,2
8770,8775,8772.5,2.72572e-05,0.000136286,2
8780,8785,8782.5,1.36286e-05,6.81431e-05,1
8785,8790,8787.5,2.72572e-05,0.000136286,2
8795,8800,8797.5,1.36286e-05,6.81431e-05,1
8800,8805,8802.5,2.72572e-05,0.000136286,2
8810,8815,8812.5,1.36286e-05,6.81431e-05,1
8815,8820,8817.5,1.36286e-05,6.81431e-05,1
8820,8825,8822.5,1.36286e-05,6.81431e-05,1
8825,8830,8827.5,4.08859e-05,0.000204429,3
8830,8835,8832.5,2.72572e-05,0.000136286,2
8835,8840,8837.5,2.72572e-05,0.000136286,2
8840,8845,8842.5,1.36286e-05,6.81431e-05,1
8850,8855,8852.5,1.36286e-05,6.81431e-05,1
8855,8860,8857.5,1.36286e-05,6.81431e-05,1
8860,8865,8862.5,2.72572e-05,0.000136286,2
8865,8870,8867.5,2.72572e-05,0.000136286,2
8870,8875,8872.5,1.36286e-05,6.81431e-05,1
8880,8885,8882.5,5.45145e-05,0.000272572,4
8885,8890,8887.5,1.36286e-05,6.81431e-05,1
8890,8895,8892.5,1.36286e-05,6.81431e-05,1
8895,8900,8897.5,1.36286e-05,6.81431e-05,1
8900,8905,8902.5,2.72572e-05,0.000136286,2
8905,8910,8907.5,2.72572e-05,0.000136286,2
8910,8915,8912.5,2.72572e-05,0.000136286,2
8915,8920,8917.5,2.72572e-05,0.000136286,2
8930,8935,8932.5,2.72572e-05,0.000136286,2
8940,8945,8942.5,1.36286e-05,6.81431e-05,1
8945,8950,8947.5,2.72572e-05,0.000136286,2
8950,8955,8952.5,1.36286e-05,6.81431e-05,1
8955,8960,8957.5,1.36286e-05,6.81431e-05,1
8960,8965,8962.5,4.08859e-05,0.000204429,3
8965,8970,8967.5,1.36286e-05,6.81431e-05,1
8970,8975,8972.5,1.36286e-05,6.81431e-05,1
8975,8980,8977.5,1.36286e-05,6.81431e-05,1
8980,8985,8982.5,1.36286e-05,6.81431e-05,1
8985,8990,8987.5,1.36286e-05,6.81431e-05,1
8990,8995,8992.5,5.45145e-05,0.000272572,4
8995,9000,8997.5,1.36286e-05,6.81431e-05,1
9000,9005,9002.5,4.08859e-05,0.000204429,3
9005,9010,9007.5,1.36286e-05,6.81431e-05,1
9025,9030,9027.5,4.08859e-05,0.000204429,3
9030,9035,9032.5,2.72572e-05,0.000136286,2
9035,9040,9037.5,2.72572e-05,0.000136286,2
9040,9045,9042.5,1.36286e-05,6.81431e-05,1
9045,9050,9047.5,1.36286e-05,6.81431e-05,1
9055,9060,9057.5,1.36286e-05,6.81431e-05,1
9060,9065,9062.5,2.72572e-05,0.000136286,2
9075,9080,9077.5,5.45145e-05,0.000272572,4
9085,9090,9087.5,2.72572e-05,0.000136286,2
9090,9095,9092.5,2.72572e-05,0.000136286,2
9095,9100,9097.5,2.72572e-05,0.000136286,2
9100,9105,9102.5,2.72572e-05,0.000136286,2
9105,9110,9107.5,4.08859e-05,0.000204429,3
9110,9115,9112.5,1.36286e-05,6.81431e-05,1
9115,9120,9117.5,4.08859e-05,0.000204429,3
9120,9125,9122.5,2.72572e-05,0.000136286,2
9135,9140,9137.5,1.36286e-05,6.81431e-05,1
9140,9145,9142.5,2.72572e-05,0.000136286,2
9145,9150,9147.5,2.72572e-05,0.000136286,2
9155,9160,9157.5,5.45145e-05,0.000272572,4
9160,9165,9162.5,4.08859e-05,0.000204429,3
9165,9170,9167.5,2.72572e-05,0.000136286,2
9170,9175,9172.5,2.72572e-05,0.000136286,2
9175,9180,9177.5,1.36286e-05,6.81431e-05,1
9180,9185,9182.5,2.72572e-05,0.000136286,2
9185,9190,9187.5,1.36286e-05,6.81431e-05,1
9190,9195,9192.5,1.36286e-05,6.81431e-05,1
9195,9200,9197.5,1.36286e-05,6.81431e-05,1
9200,9205,9202.5,4.08859e-05,0.000204429,3
9205,9210,9207.5,2.72572e-05,0.000136286,2
9210,9215,9212.5,5.45145e-05,0.000272572,4
9220,9225,9222.5,4.08859e-05,0.000204429,3
9230,9235,9232.5,4.08859e-05,0.000204429,3
9240,9245,9242.5,1.36286e-05,6.81431e-05,1
9245,9250,9247.5,2.72572e-05,0.000136286,2
9255,9260,9257.5,1.36286e-05,6.81431e-05,1
9260,9265,9262.5,1.36286e-05,6.81431e-05,1
9265,9270,9267.5,1.36286e-05,6.81431e-05,1
9270,9275,9272.5,1.36286e-05,6.81431e-05,1
9275,9280,9277.5,2.72572e-05,0.000136286,2
9280,9285,9282.5,6.81431e-05,0.000340716,5
9285,9290,9287.5,4.08859e-05,0.000204429,3
9290,9295,9292.5,5.45145e-05,0.000272572,4
9295,9300,9297.5,1.36286e-05,6.81431e-05,1
9300,9305,9302.5,1.36286e-05,6.81431e-05,1
9305,9310,9307.5,2.72572e-05,0.000136286,2
9310,9315,9312.5,1.36286e-05,6.81431e-05,1
9315,9320,9317.5,5.45145e-05,0.000272572,4
9320,9325,9322.5,1.36286e-05,6.81431e-05,1
9325,9330,9327.5,1.36286e-05,6.81431e-05,1
9330,9335,9332.5,1.36286e-05,6.81431e-05,1
9340,9345,9342.5,1.36286e-05,6.81431e-05,1
9345,9350,9347.5,4.08859e-05,0.000204429,3
9350,9355,9352.5,5.45145e-05,0.000272572,4
9380,9385,9382.5,1.36286e-05,6.81431e-05,1
9385,9390,9387.5,1.36286e-05,6.81431e-05,1
9390,9395,9392.5,2.72572e-05,0.000136286,2
9395,9400,9397.5,4.08859e-05,0.000204429,3
9400,9405,9402.5,1.36286e-05,6.81431e-05,1
9405,9410,9407.5,1.36286e-05,6.81431e-05,1
9410,9415,9412.5,2.72572e-05,0.000136286,2
9415,9420,9417.5,1.36286e-05,6.81431e-05,1
9420,9425,9422.5,1.36286e-05,6.81431e-05,1
9430,9435,9432.5,2.72572e-05,0.000136286,2
9435,9440,9437.5,2.72572e-05,0.000136286,2
9440,9445,9442.5,2.72572e-05,0.000136286,2
9445,9450,9447.5,1.36286e-05,6.81431e-05,1
9450,9455,9452.5,1.36286e-05,6.81431e-05,1
9460,9465,9462.5,1.36286e-05,6.81431e-05,1
9470,9475,9472.5,1.36286e-05,6.81431e-05,1
9475,9480,9477.5,2.72572e-05,0.000136286,2
9480,9485,9482.5,4.08859e-05,0.000204429,3
9485,9490,9487.5,2.72572e-05,0.000136286,2
9490,9495,9492.5,2.72572e-05,0.000136286,2
9495,9500,9497.5,1.36286e-05,6.81431e-05,1
9505,9510,9507.5,1.36286e-05,6.81431e-05,1
9510,9515,9512.5,2.72572e-05,0.000136286,2
9515,9520,9517.5,1.36286e-05,6.81431e-05,1
9525,9530,9527.5,2.72572e-05,0.000136286,2
9535,9540,9537.5,2.72572e-05,0.000136286,2
9545,9550,9547.5,1.36286e-05,6.81431e-05,1
9550,9555,9552.5,2.72572e-05,0.000136286,2
9555,9560,9557.5,1.36286e-05,6.81431e-05,1
9560,9565,9562.5,1.36286e-05,6.81431e-05,1
9565,9570,9567.5,1.36286e-05,6.81431e-05,1
9570,9575,9572.5,1.36286e-05,6.81431e-05,1
9575,9580,9577.5,4.08859e-05,0.000204429,3
9580,9585,9582.5,1.36286e-05,6.81431e-05,1
9585,9590,9587.5,2.72572e-05,0.000136286,2
9590,9595,9592.5,1.36286e-05,6.81431e-05,1
9595,9600,9597.5,1.36286e-05,6.81431e-05,1
9600,9605,9602.5,1.36286e-05,6.81431e-05,1
9610,9615,9612.5,4.08859e-05,0.000204429,3
9615,9620,9617.5,2.72572e-05,0.000136286,2
9620,9625,9622.5,1.36286e-05,6.81431e-05,1
9630,9635,9632.5,1.36286e-05,6.81431e-05,1
9635,9640,9637.5,1.36286e-05,6.81431e-05,1
9640,9645,9642.5,1.36286e-05,6.81431e-05,1
9650,9655,9652.5,1.36286e-05,6.81431e-05,1
9660,9665,9662.5,2.72572e-05,0.000136286,2
9665,9670,9667.5,1.36286e-05,6.81431e-05,1
9670,9675,9672.5,1.36286e-05,6.81431e-05,1
9675,9680,9677.5,1.36286e-05,6.81431e-05,1
9680,9685,9682.5,2.72572e-05,0.000136286,2
9685,9690,9687.5,4.08859e-05,0.000204429,3
9690,9695,9692.5,2.72572e-05,0.000136286,2
9695,9700,9697.5,1.36286e-05,6.81431e-05,1
9700,9705,9702.5,2.72572e-05,0.000136286,2
9710,9715,9712.5,1.36286e-05,6.81431e-05,1
9715,9720,9717.5,2.72572e-05,0.000136286,2
9720,9725,9722.5,1.36286e-05,6.81431e-05,1
9725,9730,9727.5,2.72572e-05,0.000136286,2
9730,9735,9732.5,1.36286e-05,6.81431e-05,1
9735,9740,9737.5,2.72572e-05,0.000136286,2
9740,9745,9742.5,1.36286e-05,6.81431e-05,1
9755,9760,9757.5,1.36286e-05,6.81431e-05,1
9770,9775,9772.5,4.08859e-05,0.000204429,3
9775,9780,9777.5,1.36286e-05,6.81431e-05,1
9780,9785,9782.5,1.36286e-05,6.81431e-05,1
9785,9790,9787.5,1.36286e-05,6.81431e-05,1
9790,9795,9792.5,2.72572e-05,0.000136286,2
9800,9805,9802.5,2.72572e-05,0.000136286,2
9805,9810,9807.5,1.36286e-05,6.81431e-05,1
9815,9820,9817.5,1.36286e-05,6.81431e-05,1
9825,9830,9827.5,2.72572e-05,0.000136286,2
9830,9835,9832.5,4.08859e-05,0.000204429,3
9835,9840,9837.5,2.72572e-05,0.000136286,2
9840,9845,9842.5,1.36286e-05,6.81431e-05,1
9845,9850,9847.5,5.45145e-05,0.000272572,4
9855,9860,9857.5,1.36286e-05,6.81431e-05,1
9865,9870,9867.5,1.36286e-05,6.81431e-05,1
9870,9875,9872.5,1.36286e-05,6.81431e-05,1
9890,9895,9892.5,1.36286e-05,6.81431e-05,1
9895,9900,9897.5,4.08859e-05,0.000204429,3
9900,9905,9902.5,4.08859e-05,0.000204429,3
9905,9910,9907.5,4.08859e-05,0.000204429,3
9915,9920,9917.5,4.08859e-05,0.000204429,3
9920,9925,9922.5,1.36286e-05,6.81431e-05,1
9925,9930,9927.5,1.36286e-05,6.81431e-05,1
9930,9935,9932.5,1.36286e-05,6.81431e-05,1
9940,9945,9942.5,1.36286e-05,6.81431e-05,1
9950,9955,9952.5,4.08859e-05,0.000204429,3
9960,9965,9962.5,1.36286e-05,6.81431e-05,1
9970,9975,9972.5,4.08859e-05,0.000204429,3
9980,9985,9982.5,4.08859e-05,0.000204429,3
9995,10000,9997.5,1.36286e-05,6.81431e-05,1
10000,10005,10002.5,2.72572e-05,0.000136286,2
10005,10010,10007.5,1.36286e-05,6.81431e-05,1
10010,10015,10012.5,2.72572e-05,0.000136286,2
10015,10020,10017.5,1.36286e-05,6.81431e-05,1
10020,10025,10022.5,4.08859e-05,0.000204429,3
10025,10030,10027.5,1.36286e-05,6.81431e-05,1
10030,10035,10032.5,1.36286e-05,6.81431e-05,1
10035,10040,10037.5,4.08859e-05,0.000204429,3
10040,10045,10042.5,1.36286e-05,6.81431e-05,1
10045,10050,10047.5,4.08859e-05,0.000204429,3
10050,10055,10052.5,4.08859e-05,0.000204429,3
10055,10060,10057.5,1.36286e-05,6.81431e-05,1
10060,10065,10062.5,2.72572e-05,0.000136286,2
10065,10070,10067.5,2.72572e-05,0.000136286,2
10070,10075,10072.5,1.36286e-05,6.81431e-05,1
10075,10080,10077.5,1.36286e-05,6.81431e-05,1
10080,10085,10082.5,1.36286e-05,6.81431e-05,1
10090,10095,10092.5,1.36286e-05,6.81431e-05,1
10095,10100,10097.5,2.72572e-05,0.000136286,2
10100,10105,10102.5,1.36286e-05,6.81431e-05,1
10110,10115,10112.5,1.36286e-05,6.81431e-05,1
10115,10120,10117.5,2.72572e-05,0.000136286,2
10120,10125,10122.5,1.36286e-05,6.81431e-05,1
10125,10130,10127.5,2.72572e-05,0.000136286,2
10130,10135,10132.5,1.36286e-05,6.81431e-05,1
10140,10145,10142.5,2.72572e-05,0.000136286,2
10150,10155,10152.5,2.72572e-05,0.000136286,2
10185,10190,10187.5,1.36286e-05,6.81431e-05,1
10195,10200,10197.5,1.36286e-05,6.81431e-05,1
10205,10210,10207.5,1.36286e-05,6.81431e-05,1
10220,10225,10222.5,1.36286e-05,6.81431e-05,1
10225,10230,10227.5,1.36286e-05,6.81431e-05,1
10230,10235,10232.5,4.08859e-05,0.000204429,3
10235,10240,10237.5,4.08859e-05,0.000204429,3
10240,10245,10242.5,1.36286e-05,6.81431e-05,1
10245,10250,10247.5,4.08859e-05,0.000204429,3
10255,10260,10257.5,2.72572e-05,0.000136286,2
10265,10270,10267.5,2.72572e-05,0.000136286,2
10270,10275,10272.5,1.36286e-05,6.81431e-05,1
10280,10285,10282.5,1.36286e-05,6.81431e-05,1
10290,10295,10292.5,1.36286e-05,6.81431e-05,1
10310,10315,10312.5,1.36286e-05,6.81431e-05,1
10315,10320,10317.5,1.36286e-05,6.81431e-05,1
10330,10335,10332.5,2.72572e-05,0.000136286,2
10340,10345,10342.5,2.72572e-05,0.000136286,2
10350,10355,10352.5,1.36286e-05,6.81431e-05,1
10355,10360,10357.5,2.72572e-05,0.000136286,2
10370,10375,10372.5,5.45145e-05,0.000272572,4
10390,10395,10392.5,1.36286e-05,6.81431e-05,1
10395,10400,10397.5,1.36286e-05,6.81431e-05,1
10405,10410,10407.5,2.72572e-05,0.000136286,2
10410,10415,10412.5,1.36286e-05,6.81431e-05,1
10415,10420,10417.5,1.36286e-05,6.81431e-05,1
10425,10430,10427.5,4.08859e-05,0.000204429,3
10430,10435,10432.5,1.36286e-05,6.81431e-05,1
10435,10440,10437.5,2.72572e-05,0.000136286,2
10440,10445,10442.5,1.36286e-05,6.81431e-05,1
10450,10455,10452.5,1.36286e-05,6.81431e-05,1
10455,10460,10457.5,1.36286e-05,6.81431e-05,1
10460,10465,10462.5,2.72572e-05,0.000136286,2
10470,10475,10472.5,1.36286e-05,6.81431e-05,1
10475,10480,10477.5,1.36286e-05,6.81431e-05,1
10480,10485,10482.5,2.72572e-05,0.000136286,2
10490,10495,10492.5,4.08859e-05,0.000204429,3
10495,10500,10497.5,1.36286e-05,6.81431e-05,1
10510,10515,10512.5,1.36286e-05,6.81431e-05,1
10515,10520,10517.5,2.72572e-05,0.000136286,2
10530,10535,10532.5,2.72572e-05,0.000136286,2
10535,10540,10537.5,1.36286e-05,6.81431e-05,1
10540,10545,10542.5,1.36286e-05,6.81431e-05,1
10550,10555,10552.5,1.36286e-05,6.81431e-05,1
10555,10560,10557.5,1.36286e-05,6.81431e-05,1
10560,10565,10562.5,1.36286e-05,6.81431e-05,1
10565,10570,10567.5,1.36286e-05,6.81431e-05,1
10570,10575,10572.5,1.36286e-05,6.81431e-05,1
10575,10580,10577.5,1.36286e-05,6.81431e-05,1
10580,10585,10582.5,2.72572e-05,0.000136286,2
10585,10590,10587.5,1.36286e-05,6.81431e-05,1
10595,10600,10597.5,1.36286e-05,6.81431e-05,1
10600,10605,10602.5,2.72572e-05,0.000136286,2
10610,10615,10612.5,1.36286e-05,6.81431e-05,1
10615,10620,10617.5,1.36286e-05,6.81431e-05,1
10620,10625,10622.5,1.36286e-05,6.81431e-05,1
10625,10630,10627.5,2.72572e-05,0.000136286,2
10640,10645,10642.5,2.72572e-05,0.000136286,2
10645,10650,10647.5,1.36286e-05,6.81431e-05,1
10660,10665,10662.5,2.72572e-05,0.000136286,2
10670,10675,10672.5,1.36286e-05,6.81431e-05,1
10675,10680,10677.5,1.36286e-05,6.81431e-05,1
10680,10685,10682.5,2.72572e-05,0.000136286,2
10685,10690,10687.5,2.72572e-05,0.000136286,2
10690,10695,10692.5,1.36286e-05,6.81431e-05,1
10695,10700,10697.5,4.08859e-05,0.000204429,3
10700,10705,10702.5,1.36286e-05,6.81431e-05,1
10705,10710,10707.5,1.36286e-05,6.81431e-05,1
10710,10715,10712.5,2.72572e-05,0.000136286,2
10715,10720,10717.5,4.08859e-05,0.000204429,3
10725,10730,10727.5,1.36286e-05,6.81431e-05,1
10730,10735,10732.5,2.72572e-05,0.000136286,2
10735,10740,10737.5,1.36286e-05,6.81431e-05,1
10740,10745,10742.5,4.08859e-05,0.000204429,3
10750,10755,10752.5,2.72572e-05,0.000136286,2
10770,10775,10772.5,2.72572e-05,0.000136286,2
10775,10780,10777.5,1.36286e-05,6.81431e-05,1
10780,10785,10782.5,1.36286e-05,6.81431e-05,1
10785,10790,10787.5,2.72572e-05,0.000136286,2
10790,10795,10792.5,2.72572e-05,0.000136286,2
10805,10810,10807.5,4.08859e-05,0.000204429,3
10810,10815,10812.5,2.72572e-05,0.000136286,2
10815,10820,10817.5,1.36286e-05,6.81431e-05,1
10825,10830,10827.5,1.36286e-05,6.81431e-05,1
10840,10845,10842.5,2.72572e-05,0.000136286,2
10845,10850,10847.5,2.72572e-05,0.000136286,2
10855,10860,10857.5,4.08859e-05,0.000204429,3
10860,10865,10862.5,1.36286e-05,6.81431e-05,1
10865,10870,10867.5,2.72572e-05,0.000136286,2
10875,10880,10877.5,4.08859e-05,0.000204429,3
10880,10885,10882.5,2.72572e-05,0.000136286,2
10885,10890,10887.5,1.36286e-05,6.81431e-05,1
10890,10895,10892.5,1.36286e-05,6.81431e-05,1
10895,10900,10897.5,1.36286e-05,6.81431e-05,1
10900,10905,10902.5,2.72572e-05,0.000136286,2
10910,10915,10912.5,1.36286e-05,6.81431e-05,1
10915,10920,10917.5,1.36286e-05,6.81431e-05,1
10920,10925,10922.5,1.36286e-05,6.81431e-05,1
10925,10930,10927.5,2.72572e-05,0.000136286,2
10930,10935,10932.5,1.36286e-05,6.81431e-05,1
10945,10950,10947.5,2.72572e-05,0.000136286,2
10955,10960,10957.5,1.36286e-05,6.81431e-05,1
10960,10965,10962.5,1.36286e-05,6.81431e-05,1
10965,10970,10967.5,1.36286e-05,6.81431e-05,1
10970,10975,10972.5,2.72572e-05,0.000136286,2
10990,10995,10992.5,1.36286e-05,6.81431e-05,1
10995,11000,10997.5,1.36286e-05,6.81431e-05,1
11005,11010,11007.5,1.36286e-05,6.81431e-05,1
11020,11025,11022.5,4.08859e-05,0.000204429,3
11030,11035,11032.5,1.36286e-05,6.81431e-05,1
11055,11060,11057.5,1.36286e-05,6.81431e-05,1
11075,11080,11077.5,1.36286e-05,6.81431e-05,1
11080,11085,11082.5,2.72572e-05,0.000136286,2
11090,11095,11092.5,1.36286e-05,6.81431e-05,1
11100,11105,11102.5,2.72572e-05,0.000136286,2
11110,11115,11112.5,1.36286e-05,6.81431e-05,1
11115,11120,11117.5,2.72572e-05,0.000136286,2
11125,11130,11127.5,1.36286e-05,6.81431e-05,1
11130,11135,11132.5,2.72572e-05,0.000136286,2
11135,11140,11137.5,4.08859e-05,0.000204429,3
11140,11145,11142.5,4.08859e-05,0.000204429,3
11155,11160,11157.5,1.36286e-05,6.81431e-05,1
11170,11175,11172.5,1.36286e-05,6.81431e-05,1
11180,11185,11182.5,1.36286e-05,6.81431e-05,1
11185,11190,11187.5,1.36286e-05,6.81431e-05,1
11195,11200,11197.5,2.72572e-05,0.000136286,2
11200,11205,11202.5,2.72572e-05,0.000136286,2
11205,11210,11207.5,1.36286e-05,6.81431e-05,1
11210,11215,11212.5,2.72572e-05,0.000136286,2
11220,11225,11222.5,1.36286e-05,6.81431e-05,1
11225,11230,11227.5,1.36286e-05,6.81431e-05,1
11230,11235,11232.5,2.72572e-05,0.000136286,2
11240,11245,11242.5,1.36286e-05,6.81431e-05,1
11245,11250,11247.5,6.81431e-05,0.000340716,5
11250,11255,11252.5,1.36286e-05,6.81431e-05,1
11270,11275,11272.5,2.72572e-05,0.000136286,2
11285,11290,11287.5,1.36286e-05,6.81431e-05,1
11300,11305,11302.5,2.72572e-05,0.000136286,2
11310,11315,11312.5,1.36286e-05,6.81431e-05,1
11320,11325,11322.5,1.36286e-05,6.81431e-05,1
11325,11330,11327.5,1.36286e-05,6.81431e-05,1
11340,11345,11342.5,1.36286e-05,6.81431e-05,1
11350,11355,11352.5,1.36286e-05,6.81431e-05,1
11365,11370,11367.5,4.08859e-05,0.000204429,3
11370,11375,11372.5,4.08859e-05,0.000204429,3
11375,11380,11377.5,2.72572e-05,0.000136286,2
11380,11385,11382.5,1.36286e-05,6.81431e-05,1
11385,11390,11387.5,1.36286e-05,6.81431e-05,1
11390,11395,11392.5,1.36286e-05,6.81431e-05,1
11395,11400,11397.5,1.36286e-05,6.81431e-05,1
11400,11405,11402.5,1.36286e-05,6.81431e-05,1
11410,11415,11412.5,1.36286e-05,6.81431e-05,1
11420,11425,11422.5,2.72572e-05,0.000136286,2
11425,11430,11427.5,1.36286e-05,6.81431e-05,1
11430,11435,11432.5,2.72572e-05,0.000136286,2
11435,11440,11437.5,2.72572e-05,0.000136286,2
11445,11450,11447.5,1.36286e-05,6.81431e-05,1
11450,11455,11452.5,4.08859e-05,0.000204429,3
11455,11460,11457.5,1.36286e-05,6.81431e-05,1
11465,11470,11467.5,2.72572e-05,0.000136286,2
11485,11490,11487.5,2.72572e-05,0.000136286,2
11490,11495,11492.5,1.36286e-05,6.81431e-05,1
11505,11510,11507.5,1.36286e-05,6.81431e-05,1
11520,11525,11522.5,5.45145e-05,0.000272572,4
11530,11535,11532.5,1.36286e-05,6.81431e-05,1
11545,11550,11547.5,1.36286e-05,6.81431e-05,1
11550,11555,11552.5,1.36286e-05,6.81431e-05,1
11560,11565,11562.5,1.36286e-05,6.81431e-05,1
11580,11585,11582.5,1.36286e-05,6.81431e-05,1
11590,11595,11592.5,2.72572e-05,0.000136286,2
11595,11600,11597.5,2.72572e-05,0.000136286,2
11605,11610,11607.5,1.36286e-05,6.81431e-05,1
11615,11620,11617.5,1.36286e-05,6.81431e-05,1
11620,11625,11622.5,2.72572e-05,0.000136286,2
11625,11630,11627.5,1.36286e-05,6.81431e-05,1
11645,11650,11647.5,1.36286e-05,6.81431e-05,1
11655,11660,11657.5,1.36286e-05,6.81431e-05,1
11665,11670,11667.5,1.36286e-05,6.81431e-05,1
11685,11690,11687.5,1.36286e-05,6.81431e-05,1
11745,11750,11747.5,2.72572e-05,0.000136286,2
11755,11760,11757.5,1.36286e-05,6.81431e-05,1
11760,11765,11762.5,1.36286e-05,6.81431e-05,1
11785,11790,11787.5,1.36286e-05,6.81431e-05,1
11795,11800,11797.5,1.36286e-05,6.81431e-05,1
11805,11810,11807.5,1.36286e-05,6.81431e-05,1
11810,11815,11812.5,1.36286e-05,6.81431e-05,1
11815,11820,11817.5,1.36286e-05,6.81431e-05,1
11820,11825,11822.5,1.36286e-05,6.81431e-05,1
11825,11830,11827.5,1.36286e-05,6.81431e-05,1
11830,11835,11832.5,4.08859e-05,0.000204429,3
11835,11840,11837.5,5.45145e-05,0.000272572,4
11840,11845,11842.5,2.72572e-05,0.000136286,2
11845,11850,11847.5,1.36286e-05,6.81431e-05,1
11860,11865,11862.5,1.36286e-05,6.81431e-05,1
11875,11880,11877.5,1.36286e-05,6.81431e-05,1
11880,11885,11882.5,1.36286e-05,6.81431e-05,1
11885,11890,11887.5,2.72572e-05,0.000136286,2
11895,11900,11897.5,2.72572e-05,0.000136286,2
11900,11905,11902.5,2.72572e-05,0.000136286,2
11905,11910,11907.5,1.36286e-05,6.81431e-05,1
11910,11915,11912.5,2.72572e-05,0.000136286,2
11925,11930,11927.5,1.36286e-05,6.81431e-05,1
11935,11940,11937.5,1.36286e-05,6.81431e-05,1
11940,11945,11942.5,1.36286e-05,6.81431e-05,1
11955,11960,11957.5,1.36286e-05,6.81431e-05,1
11960,11965,11962.5,1.36286e-05,6.81431e-05,1
11965,11970,11967.5,1.36286e-05,6.81431e-05,1
11970,11975,11972.5,1.36286e-05,6.81431e-05,1
11980,11985,11982.5,2.72572e-05,0.000136286,2
11995,12000,11997.5,1.36286e-05,6.81431e-05,1
12005,12010,12007.5,1.36286e-05,6.81431e-05,1
12015,12020,12017.5,2.72572e-05,0.000136286,2
12020,12025,12022.5,1.36286e-05,6.81431e-05,1
12025,12030,12027.5,1.36286e-05,6.81431e-05,1
12030,12035,12032.5,1.36286e-05,6.81431e-05,1
12035,12040,12037.5,2.72572e-05,0.000136286,2
12040,12045,12042.5,4.08859e-05,0.000204429,3
12045,12050,12047.5,1.36286e-05,6.81431e-05,1
12060,12065,12062.5,2.72572e-05,0.000136286,2
12070,12075,12072.5,1.36286e-05,6.81431e-05,1
12080,12085,12082.5,2.72572e-05,0.000136286,2
12085,12090,12087.5,2.72572e-05,0.000136286,2
12095,12100,12097.5,1.36286e-05,6.81431e-05,1
12100,12105,12102.5,1.36286e-05,6.81431e-05,1
12105,12110,12107.5,1.36286e-05,6.81431e-05,1
12120,12125,12122.5,4.08859e-05,0.000204429,3
12125,12130,12127.5,2.72572e-05,0.000136286,2
12140,12145,12142.5,1.36286e-05,6.81431e-05,1
12150,12155,12152.5,1.36286e-05,6.81431e-05,1
12160,12165,12162.5,2.72572e-05,0.000136286,2
12175,12180,12177.5,1.36286e-05,6.81431e-05,1
12180,12185,12182.5,2.72572e-05,0.000136286,2
12200,12205,12202.5,2.72572e-05,0.000136286,2
12205,12210,12207.5,1.36286e-05,6.81431e-05,1
12210,12215,12212.5,1.36286e-05,6.81431e-05,1
12215,12220,12217.5,2.72572e-05,0.000136286,2
12230,12235,12232.5,2.72572e-05,0.000136286,2
12240,12245,12242.5,1.36286e-05,6.81431e-05,1
12250,12255,12252.5,1.36286e-05,6.81431e-05,1
12255,12260,12257.5,1.36286e-05,6.81431e-05,1
12260,12265,12262.5,1.36286e-05,6.81431e-05,1
12290,12295,12292.5,1.36286e-05,6.81431e-05,1
12295,12300,12297.5,1.36286e-05,6.81431e-05,1
12300,12305,12302.5,1.36286e-05,6.81431e-05,1
12305,12310,12307.5,1.36286e-05,6.81431e-05,1
12310,12315,12312.5,4.08859e-05,0.000204429,3
12315,12320,12317.5,4.08859e-05,0.000204429,3
12325,12330,12327.5,2.72572e-05,0.000136286,2
12330,12335,12332.5,1.36286e-05,6.81431e-05,1
12345,12350,12347.5,1.36286e-05,6.81431e-05,1
12360,12365,12362.5,1.36286e-05,6.81431e-05,1
12370,12375,12372.5,1.36286e-05,6.81431e-05,1
12385,12390,12387.5,2.72572e-05,0.000136286,2
12390,12395,12392.5,1.36286e-05,6.81431e-05,1
12395,12400,12397.5,4.08859e-05,0.000204429,3
12410,12415,12412.5,1.36286e-05,6.81431e-05,1
12420,12425,12422.5,1.36286e-05,6.81431e-05,1
12460,12465,12462.5,2.72572e-05,0.000136286,2
12480,12485,12482.5,1.36286e-05,6.81431e-05,1
12485,12490,12487.5,1.36286e-05,6.81431e-05,1
12490,12495,12492.5,2.72572e-05,0.000136286,2
12500,12505,12502.5,1.36286e-05,6.81431e-05,1
12505,12510,12507.5,1.36286e-05,6.81431e-05,1
12510,12515,12512.5,1.36286e-05,6.81431e-05,1
12520,12525,12522.5,2.72572e-05,0.000136286,2
12530,12535,12532.5,1.36286e-05,6.81431e-05,1
12535,12540,12537.5,2.72572e-05,0.000136286,2
12540,12545,12542.5,1.36286e-05,6.81431e-05,1
12555,12560,12557.5,1.36286e-05,6.81431e-05,1
12560,12565,12562.5,1.36286e-05,6.81431e-05,1
12565,12570,12567.5,2.72572e-05,0.000136286,2
12570,12575,12572.5,2.72572e-05,0.000136286,2
12580,12585,12582.5,1.36286e-05,6.81431e-05,1
12585,12590,12587.5,1.36286e-05,6.81431e-05,1
12595,12600,12597.5,2.72572e-05,0.000136286,2
12600,12605,12602.5,1.36286e-05,6.81431e-05,1
12605,12610,12607.5,1.36286e-05,6.81431e-05,1
12620,12625,12622.5,1.36286e-05,6.81431e-05,1
12625,12630,12627.5,1.36286e-05,6.81431e-05,1
12635,12640,12637.5,1.36286e-05,6.81431e-05,1
12650,12655,12652.5,1.36286e-05,6.81431e-05,1
12680,12685,12682.5,2.72572e-05,0.000136286,2
12690,12695,12692.5,1.36286e-05,6.81431e-05,1
12705,12710,12707.5,1.36286e-05,6.81431e-05,1
12735,12740,12737.5,1.36286e-05,6.81431e-05,1
12760,12765,12762.5,1.36286e-05,6.81431e-05,1
12770,12775,12772.5,1.36286e-05,6.81431e-05,1
12785,12790,12787.5,1.36286e-05,6.81431e-05,1
12815,12820,12817.5,1.36286e-05,6.81431e-05,1
12835,12840,12837.5,2.72572e-05,0.000136286,2
12840,12845,12842.5,1.36286e-05,6.81431e-05,1
12870,12875,12872.5,1.36286e-05,6.81431e-05,1
12885,12890,12887.5,1.36286e-05,6.81431e-05,1
12920,12925,12922.5,2.72572e-05,0.000136286,2
12930,12935,12932.5,1.36286e-05,6.81431e-05,1
12940,12945,12942.5,2.72572e-05,0.000136286,2
12945,12950,12947.5,1.36286e-05,6.81431e-05,1
12950,12955,12952.5,1.36286e-05,6.81431e-05,1
12985,12990,12987.5,1.36286e-05,6.81431e-05,1
13000,13005,13002.5,1.36286e-05,6.81431e-05,1
13030,13035,13032.5,1.36286e-05,6.81431e-05,1
13035,13040,13037.5,2.72572e-05,0.000136286,2
13045,13050,13047.5,4.08859e-05,0.000204429,3
13050,13055,13052.5,2.72572e-05,0.000136286,2
13055,13060,13057.5,1.36286e-05,6.81431e-05,1
13070,13075,13072.5,1.36286e-05,6.81431e-05,1
13090,13095,13092.5,1.36286e-05,6.81431e-05,1
13095,13100,13097.5,1.36286e-05,6.81431e-05,1
13105,13110,13107.5,1.36286e-05,6.81431e-05,1
13110,13115,13112.5,1.36286e-05,6.81431e-05,1
13135,13140,13137.5,2.72572e-05,0.000136286,2
13140,13145,13142.5,2.72572e-05,0.000136286,2
13150,13155,13152.5,2.72572e-05,0.000136286,2
13155,13160,13157.5,1.36286e-05,6.81431e-05,1
13160,13165,13162.5,1.36286e-05,6.81431e-05,1
13165,13170,13167.5,1.36286e-05,6.81431e-05,1
13170,13175,13172.5,1.36286e-05,6.81431e-05,1
13185,13190,13187.5,1.36286e-05,6.81431e-05,1
13200,13205,13202.5,1.36286e-05,6.81431e-05,1
13210,13215,13212.5,1.36286e-05,6.81431e-05,1
13225,13230,13227.5,1.36286e-05,6.81431e-05,1
13245,13250,13247.5,1.36286e-05,6.81431e-05,1
13255,13260,13257.5,2.72572e-05,0.000136286,2
13280,13285,13282.5,2.72572e-05,0.000136286,2
13300,13305,13302.5,1.36286e-05,6.81431e-05,1
13325,13330,13327.5,1.36286e-05,6.81431e-05,1
13355,13360,13357.5,1.36286e-05,6.81431e-05,1
13360,13365,13362.5,4.08859e-05,0.000204429,3
13375,13380,13377.5,1.36286e-05,6.81431e-05,1
13395,13400,13397.5,1.36286e-05,6.81431e-05,1
13400,13405,13402.5,2.72572e-05,0.000136286,2
13410,13415,13412.5,1.36286e-05,6.81431e-05,1
13415,13420,13417.5,1.36286e-05,6.81431e-05,1
13420,13425,13422.5,2.72572e-05,0.000136286,2
13425,13430,13427.5,1.36286e-05,6.81431e-05,1
13430,13435,13432.5,1.36286e-05,6.81431e-05,1
13445,13450,13447.5,2.72572e-05,0.000136286,2
13465,13470,13467.5,1.36286e-05,6.81431e-05,1
13510,13515,13512.5,1.36286e-05,6.81431e-05,1
13535,13540,13537.5,1.36286e-05,6.81431e-05,1
13540,13545,13542.5,1.36286e-05,6.81431e-05,1
13545,13550,13547.5,1.36286e-05,6.81431e-05,1
13550,13555,13552.5,1.36286e-05,6.81431e-05,1
13555,13560,13557.5,1.36286e-05,6.81431e-05,1
13565,13570,13567.5,4.08859e-05,0.000204429,3
13570,13575,13572.5,1.36286e-05,6.81431e-05,1
13575,13580,13577.5,1.36286e-05,6.81431e-05,1
13580,13585,13582.5,1.36286e-05,6.81431e-05,1
13610,13615,13612.5,1.36286e-05,6.81431e-05,1
13615,13620,13617.5,1.36286e-05,6.81431e-05,1
13620,13625,13622.5,1.36286e-05,6.81431e-05,1
13625,13630,13627.5,1.36286e-05,6.81431e-05,1
13635,13640,13637.5,1.36286e-05,6.81431e-05,1
13640,13645,13642.5,4.08859e-05,0.000204429,3
13655,13660,13657.5,1.36286e-05,6.81431e-05,1
13670,13675,13672.5,1.36286e-05,6.81431e-05,1
13675,13680,13677.5,1.36286e-05,6.81431e-05,1
13680,13685,13682.5,1.36286e-05,6.81431e-05,1
13690,13695,13692.5,1.36286e-05,6.81431e-05,1
13700,13705,13702.5,1.36286e-05,6.81431e-05,1
13705,13710,13707.5,1.36286e-05,6.81431e-05,1
13745,13750,13747.5,1.36286e-05,6.81431e-05,1
13750,13755,13752.5,1.36286e-05,6.81431e-05,1
13785,13790,13787.5,1.36286e-05,6.81431e-05,1
13805,13810,13807.5,2.72572e-05,0.000136286,2
13810,13815,13812.5,1.36286e-05,6.81431e-05,1
13830,13835,13832.5,1.36286e-05,6.81431e-05,1
13845,13850,13847.5,1.36286e-05,6.81431e-05,1
13875,13880,13877.5,4.08859e-05,0.000204429,3
13925,13930,13927.5,1.36286e-05,6.81431e-05,1
13955,13960,13957.5,1.36286e-05,6.81431e-05,1
13960,13965,13962.5,1.36286e-05,6.81431e-05,1
13970,13975,13972.5,1.36286e-05,6.81431e-05,1
13975,13980,13977.5,1.36286e-05,6.81431e-05,1
13985,13990,13987.5,1.36286e-05,6.81431e-05,1
13995,14000,13997.5,1.36286e-05,6.81431e-05,1
14015,14020,14017.5,1.36286e-05,6.81431e-05,1
14020,14025,14022.5,1.36286e-05,6.81431e-05,1
14025,14030,14027.5,1.36286e-05,6.81431e-05,1
14050,14055,14052.5,1.36286e-05,6.81431e-05,1
14080,14085,14082.5,1.36286e-05,6.81431e-05,1
14085,14090,14087.5,4.08859e-05,0.000204429,3
14100,14105,14102.5,1.36286e-05,6.81431e-05,1
14115,14120,14117.5,2.72572e-05,0.000136286,2
14130,14135,14132.5,1.36286e-05,6.81431e-05,1
14145,14150,14147.5,1.36286e-05,6.81431e-05,1
14160,14165,14162.5,1.36286e-05,6.81431e-05,1
14165,14170,14167.5,1.36286e-05,6.81431e-05,1
14205,14210,14207.5,1.36286e-05,6.81431e-05,1
14215,14220,14217.5,1.36286e-05,6.81431e-05,1
14230,14235,14232.5,2.72572e-05,0.000136286,2
14240,14245,14242.5,1.36286e-05,6.81431e-05,1
14255,14260,14257.5,1.36286e-05,6.81431e-05,1
14285,14290,14287.5,1.36286e-05,6.81431e-05,1
14290,14295,14292.5,1.36286e-05,6.81431e-05,1
14305,14310,14307.5,1.36286e-05,6.81431e-05,1
14310,14315,14312.5,1.36286e-05,6.81431e-05,1
14315,14320,14317.5,1.36286e-05,6.81431e-05,1
14320,14325,14322.5,1.36286e-05,6.81431e-05,1
14345,14350,14347.5,1.36286e-05,6.81431e-05,1
14355,14360,14357.5,2.72572e-05,0.000136286,2
14360,14365,14362.5,1.36286e-05,6.81431e-05,1
14370,14375,14372.5,1.36286e-05,6.81431e-05,1
14375,14380,14377.5,1.36286e-05,6.81431e-05,1
14390,14395,14392.5,4.08859e-05,0.000204429,3
14405,14410,14407.5,1.36286e-05,6.81431e-05,1
14430,14435,14432.5,1.36286e-05,6.81431e-05,1
14435,14440,14437.5,1.36286e-05,6.81431e-05,1
14440,14445,14442.5,1.36286e-05,6.81431e-05,1
14545,14550,14547.5,1.36286e-05,6.81431e-05,1
14550,14555,14552.5,1.36286e-05,6.81431e-05,1
14565,14570,14567.5,1.36286e-05,6.81431e-05,1
14590,14595,14592.5,1.36286e-05,6.81431e-05,1
14595,14600,14597.5,1.36286e-05,6.81431e-05,1
14600,14605,14602.5,2.72572e-05,0.000136286,2
14630,14635,14632.5,1.36286e-05,6.81431e-05,1
14635,14640,14637.5,1.36286e-05,6.81431e-05,1
14640,14645,14642.5,1.36286e-05,6.81431e-05,1
14645,14650,14647.5,1.36286e-05,6.81431e-05,1
14665,14670,14667.5,2.72572e-05,0.000136286,2
14690,14695,14692.5,2.72572e-05,0.000136286,2
14695,14700,14697.5,1.36286e-05,6.81431e-05,1
14765,14770,14767.5,1.36286e-05,6.81431e-05,1
14815,14820,14817.5,1.36286e-05,6.81431e-05,1
14840,14845,14842.5,1.36286e-05,6.81431e-05,1
14850,14855,14852.5,1.36286e-05,6.81431e-05,1
14865,14870,14867.5,2.72572e-05,0.000136286,2
14880,14885,14882.5,1.36286e-05,6.81431e-05,1
14925,14930,14927.5,4.08859e-05,0.000204429,3
14950,14955,14952.5,1.36286e-05,6.81431e-05,1
14980,14985,14982.5,1.36286e-05,6.81431e-05,1
14990,14995,14992.5,1.36286e-05,6.81431e-05,1
14995,15000,14997.5,1.36286e-05,6.81431e-05,1
15005,15010,15007.5,1.36286e-05,6.81431e-05,1
15015,15020,15017.5,1.36286e-05,6.81431e-05,1
15035,15040,15037.5,1.36286e-05,6.81431e-05,1
15070,15075,15072.5,2.72572e-05,0.000136286,2
15075,15080,15077.5,1.36286e-05,6.81431e-05,1
15090,15095,15092.5,1.36286e-05,6.81431e-05,1
15145,15150,15147.5,1.36286e-05,6.81431e-05,1
15155,15160,15157.5,1.36286e-05,6.81431e-05,1
15160,15165,15162.5,1.36286e-05,6.81431e-05,1
15175,15180,15177.5,1.36286e-05,6.81431e-05,1
15185,15190,15187.5,1.36286e-05,6.81431e-05,1
15195,15200,15197.5,1.36286e-05,6.81431e-05,1
15250,15255,15252.5,1.36286e-05,6.81431e-05,1
15260,15265,15262.5,1.36286e-05,6.81431e-05,1
15300,15305,15302.5,1.36286e-05,6.81431e-05,1
15315,15320,15317.5,1.36286e-05,6.81431e-05,1
15335,15340,15337.5,2.72572e-05,0.000136286,2
15355,15360,15357.5,1.36286e-05,6.81431e-05,1
15360,15365,15362.5,1.36286e-05,6.81431e-05,1
15385,15390,15387.5,1.36286e-05,6.81431e-05,1
15410,15415,15412.5,1.36286e-05,6.81431e-05,1
15445,15450,15447.5,1.36286e-05,6.81431e-05,1
15490,15495,15492.5,1.36286e-05,6.81431e-05,1
15540,15545,15542.5,1.36286e-05,6.81431e-05,1
15555,15560,15557.5,1.36286e-05,6.81431e-05,1
15575,15580,15577.5,1.36286e-05,6.81431e-05,1
15595,15600,15597.5,1.36286e-05,6.81431e-05,1
15670,15675,15672.5,1.36286e-05,6.81431e-05,1
15705,15710,15707.5,1.36286e-05,6.81431e-05,1
15710,15715,15712.5,1.36286e-05,6.81431e-05,1
15730,15735,15732.5,1.36286e-05,6.81431e-05,1
15770,15775,15772.5,1.36286e-05,6.81431e-05,1
15775,15780,15777.5,1.36286e-05,6.81431e-05,1
15845,15850,15847.5,1.36286e-05,6.81431e-05,1
15865,15870,15867.5,1.36286e-05,6.81431e-05,1
15870,15875,15872.5,1.36286e-05,6.81431e-05,1
15910,15915,15912.5,2.72572e-05,0.000136286,2
15930,15935,15932.5,1.36286e-05,6.81431e-05,1
15940,15945,15942.5,2.72572e-05,0.000136286,2
15955,15960,15957.5,1.36286e-05,6.81431e-05,1
15970,15975,15972.5,1.36286e-05,6.81431e-05,1
15990,15995,15992.5,1.36286e-05,6.81431e-05,1
15995,16000,15997.5,1.36286e-05,6.81431e-05,1
16000,16005,16002.5,1.36286e-05,6.81431e-05,1
16040,16045,16042.5,1.36286e-05,6.81431e-05,1
16105,16110,16107.5,1.36286e-05,6.81431e-05,1
16135,16140,16137.5,1.36286e-05,6.81431e-05,1
16145,16150,16147.5,1.36286e-05,6.81431e-05,1
16175,16180,16177.5,1.36286e-05,6.81431e-05,1
16200,16205,16202.5,1.36286e-05,6.81431e-05,1
16500,16505,16502.5,1.36286e-05,6.81431e-05,1
16505,16510,16507.5,1.36286e-05,6.81431e-05,1
16515,16520,16517.5,1.36286e-05,6.81431e-05,1
16525,16530,16527.5,1.36286e-05,6.81431e-05,1
16550,16555,16552.5,1.36286e-05,6.81431e-05,1
16560,16565,16562.5,2.72572e-05,0.000136286,2
16565,16570,16567.5,1.36286e-05,6.81431e-05,1
16580,16585,16582.5,1.36286e-05,6.81431e-05,1
16600,16605,16602.5,1.36286e-05,6.81431e-05,1
16630,16635,16632.5,1.36286e-05,6.81431e-05,1
16635,16640,16637.5,1.36286e-05,6.81431e-05,1
16665,16670,16667.5,1.36286e-05,6.81431e-05,1
16715,16720,16717.5,1.36286e-05,6.81431e-05,1
16740,16745,16742.5,1.36286e-05,6.81431e-05,1
16750,16755,16752.5,1.36286e-05,6.81431e-05,1
16830,16835,16832.5,1.36286e-05,6.81431e-05,1
16850,16855,16852.5,1.36286e-05,6.81431e-05,1
16860,16865,16862.5,1.36286e-05,6.81431e-05,1
16920,16925,16922.5,1.36286e-05,6.81431e-05,1
17020,17025,17022.5,1.36286e-05,6.81431e-05,1
17030,17035,17032.5,1.36286e-05,6.81431e-05,1
17060,17065,17062.5,1.36286e-05,6.81431e-05,1
17090,17095,17092.5,1.36286e-05,6.81431e-05,1
17100,17105,17102.5,1.36286e-05,6.81431e-05,1
17175,17180,17177.5,1.36286e-05,6.81431e-05,1
17200,17205,17202.5,1.36286e-05,6.81431e-05,1
17290,17295,17292.5,1.36286e-05,6.81431e-05,1
17315,17320,17317.5,1.36286e-05,6.81431e-05,1
17345,17350,17347.5,1.36286e-05,6.81431e-05,1
17365,17370,17367.5,1.36286e-05,6.81431e-05,1
17410,17415,17412.5,1.36286e-05,6.81431e-05,1
17420,17425,17422.5,1.36286e-05,6.81431e-05,1
17430,17435,17432.5,1.36286e-05,6.81431e-05,1
17560,17565,17562.5,1.36286e-05,6.81431e-05,1
17640,17645,17642.5,1.36286e-05,6.81431e-05,1
17795,17800,17797.5,1.36286e-05,6.81431e-05,1
17860,17865,17862.5,1.36286e-05,6.81431e-05,1
17910,17915,17912.5,1.36286e-05,6.81431e-05,1
18080,18085,18082.5,1.36286e-05,6.81431e-05,1
18100,18105,18102.5,1.36286e-05,6.81431e-05,1
18265,18270,18267.5,1.36286e-05,6.81431e-05,1
18375,18380,18377.5,1.36286e-05,6.81431e-05,1
18390,18395,18392.5,1.36286e-05,6.81431e-05,1
18665,18670,18667.5,1.36286e-05,6.81431e-05,1
18905,18910,18907.5,2.72572e-05,0.000136286,2
18950,18955,18952.5,1.36286e-05,6.81431e-05,1
19080,19085,19082.5,1.36286e-05,6.81431e-05,1
19230,19235,19232.5,1.36286e-05,6.81431e-05,1
19345,19350,19347.5,1.36286e-05,6.81431e-05,1
19395,19400,19397.5,1.36286e-05,6.81431e-05,1
19560,19565,19562.5,1.36286e-05,6.81431e-05,1
19620,19625,19622.5,1.36286e-05,6.81431e-05,1
19645,19650,19647.5,1.36286e-05,6.81431e-05,1
19695,19700,19697.5,1.36286e-05,6.81431e-05,1
19860,19865,19862.5,1.36286e-05,6.81431e-05,1
20060,20065,20062.5,1.36286e-05,6.81431e-05,1
20450,20455,20452.5,1.36286e-05,6.81431e-05,1
20470,20475,20472.5,1.36286e-05,6.81431e-05,1
20550,20555,20552.5,1.36286e-05,6.81431e-05,1
20760,20765,20762.5,1.36286e-05,6.81431e-05,1
21235,21240,21237.5,1.36286e-05,6.81431e-05,1
21615,21620,21617.5,1.36286e-05,6.81431e-05,1
21765,21770,21767.5,1.36286e-05,6.81431e-05,1
21880,21885,21882.5,1.36286e-05,6.81431e-05,1
VO Delay PDF CSV saved: scratch/delay_pdf/pedca_vo_delay_pdf.csv

P-EDCA STA Delay PDF CSV saved: scratch/delay_pdf/11be/adaptive_compare/adaptive_k15_s1.csv
Legacy STA Delay PDF CSV saved: scratch/delay_pdf/11be/adaptive_compare/adaptiveL_k15_s1.csv
--- EXTENDED_STATS_BEGIN ---
PEDCA_STA_SUCC_COUNT: 8189
PEDCA_STA_FAIL_COUNT: 159
PEDCA_STA_ZERO_RETX: 8188
LEGACY_STA_SUCC_COUNT: 6487
LEGACY_STA_FAIL_COUNT: 1226
LEGACY_STA_ZERO_RETX: 6485
PEDCA_STA_AVG_MAC_DELAY: 2792.9
PEDCA_STA_AVG_QUEUE_DELAY: 2458.55
PEDCA_STA_AVG_ACCESS_DELAY: 334.351
LEGACY_STA_AVG_MAC_DELAY: 3439.47
LEGACY_STA_AVG_QUEUE_DELAY: 3056.4
LEGACY_STA_AVG_ACCESS_DELAY: 383.072
--- EXTENDED_STATS_END ---
