[INFO] std::clog redirected to: scratch/delay_pdf/11be/adaptive_compare/best_k15_s2.log

--- Per-STA P-EDCA Detail ---
  STA0: DS-CTS=3 S2Entry=3 S2Tx=0 PedcaOK=0 EdcaOK=1 FailCTS=0 FailColl=0 FailExp=0 Defer=0
  STA1: DS-CTS=116 S2Entry=116 S2Tx=74 PedcaOK=74 EdcaOK=622 FailCTS=0 FailColl=0 FailExp=0 Defer=2
  STA2: DS-CTS=273 S2Entry=273 S2Tx=131 PedcaOK=131 EdcaOK=180 FailCTS=0 FailColl=0 FailExp=0 Defer=6
  STA3: DS-CTS=264 S2Entry=264 S2Tx=129 PedcaOK=129 EdcaOK=242 FailCTS=0 FailColl=0 FailExp=0 Defer=3
  STA4: DS-CTS=229 S2Entry=229 S2Tx=138 PedcaOK=137 EdcaOK=255 FailCTS=1 FailColl=0 FailExp=0 Defer=0
  STA5: DS-CTS=329 S2Entry=329 S2Tx=166 PedcaOK=166 EdcaOK=244 FailCTS=0 FailColl=0 FailExp=0 Defer=6
  STA6: DS-CTS=287 S2Entry=287 S2Tx=137 PedcaOK=137 EdcaOK=227 FailCTS=0 FailColl=0 FailExp=0 Defer=25
  STA7: DS-CTS=339 S2Entry=339 S2Tx=197 PedcaOK=197 EdcaOK=394 FailCTS=0 FailColl=0 FailExp=0 Defer=2
  STA8: DS-CTS=227 S2Entry=227 S2Tx=152 PedcaOK=152 EdcaOK=438 FailCTS=0 FailColl=0 FailExp=0 Defer=12
  STA9: DS-CTS=190 S2Entry=190 S2Tx=133 PedcaOK=133 EdcaOK=396 FailCTS=0 FailColl=0 FailExp=0 Defer=0
  STA10: DS-CTS=284 S2Entry=284 S2Tx=128 PedcaOK=127 EdcaOK=247 FailCTS=0 FailColl=1 FailExp=0 Defer=23
  STA11: DS-CTS=273 S2Entry=273 S2Tx=131 PedcaOK=129 EdcaOK=238 FailCTS=1 FailColl=1 FailExp=0 Defer=15
  STA12: DS-CTS=206 S2Entry=206 S2Tx=122 PedcaOK=122 EdcaOK=366 FailCTS=0 FailColl=0 FailExp=0 Defer=2
  STA13: DS-CTS=150 S2Entry=150 S2Tx=101 PedcaOK=101 EdcaOK=472 FailCTS=0 FailColl=0 FailExp=0 Defer=2
  STA14: DS-CTS=360 S2Entry=360 S2Tx=166 PedcaOK=166 EdcaOK=328 FailCTS=0 FailColl=0 FailExp=0 Defer=12

=== General Statistics ===
P-EDCA Ratio: 0.5
P-EDCA STAs: 15/30
P-EDCA Share (Avg Per-STA P-EDCA Tx/Total Tx): 28.6783 %
Avg P-EDCA Attempt Success Rate: 51.8913 %
Global P-EDCA Tx Success: 1901
Global EDCA Tx Success: 4650
Global P-EDCA Attempt (DS-CTS Sent): 3530

--- P-EDCA Detailed Trace ---
Stage 2 Entered: 3530
Stage 2 TX Started: 1905
P-EDCA Fail RTS No CTS: 2
P-EDCA Fail RTS Collision: 2
P-EDCA Fail Timing Expired: 0
P-EDCA Fail Deferral: 110
Total VO TX (P-EDCA+EDCA): 6551
Global P-EDCA Share: 29.0185 %
Global EDCA Share: 70.9815 %
Channel Idle Time (AP): 23.2933 % (1.63053e+06 us / 7e+06 us)
Total Successes:       14609
Total Failures:        1225
Total Retransmissions: 21

--- Per-AC Success Statistics ---
AC_BE:
  Successes:         22
  Throughput:        0.0251429 Mbps
  Packet Loss:       26.6667 %
  Avg Retx/MPDU:     0
  Avg Queue Delay:   -1.27835e+06 us (Enqueue->TxStart)
  Avg Access Delay:  1.34791e+06 us (TxStart->Ack)
  Avg MAC Delay:     69564.2 us (Total: Enqueue->Ack)

AC_VO:
  Successes:         14587
  Throughput:        16.6709 Mbps
  Packet Loss:       7.70058 %
  Avg Retx/MPDU:     0.00143964
  Avg Queue Delay:   2611.07 us (Enqueue->TxStart)
  Avg Access Delay:  359.437 us (TxStart->Ack)
  Avg MAC Delay:     2970.5 us (Total: Enqueue->Ack)

--- Per-AC Failure Statistics ---
AC_BE Failures: 8
AC_VO Failures: 1217

--- Failure Reasons by AC ---
  AC_BE EXPIRED_LIFETIME: 8
  AC_VO RETRY_LIMIT: 1216
  AC_VO QOS_OLD_PACKET: 1


=== Extended P-EDCA vs Legacy Statistics ===

--- [Stat 1] Delay by STA Type ---
P-EDCA STAs (15 STAs):
  Successes:         7975
  Failures:          340
  Throughput:        9.11429 Mbps
  Packet Loss:       4.089 %
  Avg Queue Delay:   2430.13 us
  Avg Access Delay:  346.5 us
  Avg MAC Delay:     2776.63 us
  Median MAC Delay:  2033 us
  P95 MAC Delay:     8217 us
  P99 MAC Delay:     12892 us
Legacy EDCA STAs (15 STAs):
  Successes:         6612
  Failures:          882
  Throughput:        7.55657 Mbps
  Packet Loss:       11.7694 %
  Avg Queue Delay:   2829.3 us
  Avg Access Delay:  375.04 us
  Avg MAC Delay:     3204.34 us
  Median MAC Delay:  1941 us
  P95 MAC Delay:     11415 us
  P99 MAC Delay:     15877 us

--- [Stat 2] Per-STA P-EDCA Attempt Count (DS-CTS Sent) ---
  STA0: 3 P-EDCA attempts
  STA1: 116 P-EDCA attempts
  STA2: 273 P-EDCA attempts
  STA3: 264 P-EDCA attempts
  STA4: 229 P-EDCA attempts
  STA5: 329 P-EDCA attempts
  STA6: 287 P-EDCA attempts
  STA7: 339 P-EDCA attempts
  STA8: 227 P-EDCA attempts
  STA9: 190 P-EDCA attempts
  STA10: 284 P-EDCA attempts
  STA11: 273 P-EDCA attempts
  STA12: 206 P-EDCA attempts
  STA13: 150 P-EDCA attempts
  STA14: 360 P-EDCA attempts
  Total: 3530 P-EDCA attempts across 15 P-EDCA STAs
  Avg per P-EDCA STA: 235.333

--- [Stat 3] P-EDCA One-Shot Success Probability ---
  P-EDCA Success / DS-CTS Sent:      1901 / 3530 = 53.8527 %
  P-EDCA Success / Stage2 TX Started: 1901 / 1905 = 99.79 %  (given RTS was actually sent)

--- [Stat 4] EDCA One-Shot Success Ratio (0 retransmissions) ---
  Legacy STAs: 6597 / 6612 = 99.7731 %
  P-EDCA STAs: 7969 / 7975 = 99.9248 %  (MAC-level, includes both P-EDCA and EDCA paths)

--- [Stat 5] P-EDCA Kickback-to-EDCA Probability ---
  Total P-EDCA Failures: 114 / 3530 DS-CTS = 3.22946 %
    RTS No CTS:       2 (0.0566572 %)
    RTS Collision:    2 (0.0566572 %)
    Timing Expired:   0 (0 %)
    Deferral:         110 (3.11615 %)

--- [Stat 6] P-EDCA RTS Collision Probability ---
  RTS Collision / Stage2 TX Started: 2 / 1905 = 0.104987 %
  RTS Collision / DS-CTS Sent:       2 / 3530 = 0.0566572 %

--- [Stat 7] P-EDCA Attempts per Successful P-EDCA TX ---
  DS-CTS Sent / P-EDCA Success: 3530 / 1901 = 1.85692 attempts/success
  Stage2 TX / P-EDCA Success:   1905 / 1901 = 1.0021 RTS/success

--- VO Delay PDF (MAC Delay) ---
bin_start_us,bin_end_us,bin_mid_us,pdf_per_us,probability,count
210,215,212.5,2.74217e-05,0.000137108,2
215,220,217.5,9.59759e-05,0.000479879,7
220,225,222.5,6.85542e-05,0.000342771,5
225,230,227.5,0.000150819,0.000754096,11
230,235,232.5,5.48434e-05,0.000274217,4
235,240,237.5,0.000150819,0.000754096,11
240,245,242.5,0.000109687,0.000548434,8
245,250,247.5,0.000191952,0.000959759,14
250,255,252.5,8.2265e-05,0.000411325,6
255,260,257.5,0.000150819,0.000754096,11
260,265,262.5,0.000109687,0.000548434,8
265,270,267.5,0.00016453,0.00082265,12
270,275,272.5,0.00016453,0.00082265,12
275,280,277.5,9.59759e-05,0.000479879,7
280,285,282.5,0.000123398,0.000616988,9
285,290,287.5,0.000109687,0.000548434,8
290,295,292.5,0.000150819,0.000754096,11
295,300,297.5,0.00016453,0.00082265,12
300,305,302.5,0.000123398,0.000616988,9
305,310,307.5,9.59759e-05,0.000479879,7
310,315,312.5,0.000109687,0.000548434,8
315,320,317.5,8.2265e-05,0.000411325,6
320,325,322.5,0.000137108,0.000685542,10
325,330,327.5,0.000109687,0.000548434,8
330,335,332.5,0.000137108,0.000685542,10
335,340,337.5,0.000150819,0.000754096,11
340,345,342.5,0.000671831,0.00335916,49
345,350,347.5,0.00082265,0.00411325,60
350,355,352.5,0.000425036,0.00212518,31
355,360,357.5,0.000534723,0.00267361,39
360,365,362.5,0.000452458,0.00226229,33
365,370,367.5,0.000356482,0.00178241,26
370,375,372.5,0.000575855,0.00287928,42
375,380,377.5,0.000260506,0.00130253,19
380,385,382.5,0.000178241,0.000891204,13
385,390,387.5,0.000274217,0.00137108,20
390,395,392.5,0.000287928,0.00143964,21
395,400,397.5,0.000233084,0.00116542,17
400,405,402.5,0.000233084,0.00116542,17
405,410,407.5,0.000178241,0.000891204,13
410,415,412.5,0.000205663,0.00102831,15
415,420,417.5,0.000150819,0.000754096,11
420,425,422.5,0.000383903,0.00191952,28
425,430,427.5,0.000301638,0.00150819,22
430,435,432.5,0.000301638,0.00150819,22
435,440,437.5,0.000233084,0.00116542,17
440,445,442.5,0.000246795,0.00123398,18
445,450,447.5,0.000219373,0.00109687,16
450,455,452.5,0.0170837,0.0854185,1246
455,460,457.5,0.000287928,0.00143964,21
460,465,462.5,0.00016453,0.00082265,12
465,470,467.5,0.000233084,0.00116542,17
470,475,472.5,0.000150819,0.000754096,11
475,480,477.5,0.000301638,0.00150819,22
480,485,482.5,0.000233084,0.00116542,17
485,490,487.5,0.000356482,0.00178241,26
490,495,492.5,0.000315349,0.00157675,23
495,500,497.5,0.00032906,0.0016453,24
500,505,502.5,0.000287928,0.00143964,21
505,510,507.5,0.000356482,0.00178241,26
510,515,512.5,0.000301638,0.00150819,22
515,520,517.5,0.000383903,0.00191952,28
520,525,522.5,0.000370193,0.00185096,27
525,530,527.5,0.000260506,0.00130253,19
530,535,532.5,0.000287928,0.00143964,21
535,540,537.5,0.000397614,0.00198807,29
540,545,542.5,0.000301638,0.00150819,22
545,550,547.5,0.000178241,0.000891204,13
550,555,552.5,0.000315349,0.00157675,23
555,560,557.5,0.000205663,0.00102831,15
560,565,562.5,0.000534723,0.00267361,39
565,570,567.5,0.000246795,0.00123398,18
570,575,572.5,0.000260506,0.00130253,19
575,580,577.5,0.000356482,0.00178241,26
580,585,582.5,0.000383903,0.00191952,28
585,590,587.5,0.000246795,0.00123398,18
590,595,592.5,0.000438747,0.00219373,32
595,600,597.5,0.000205663,0.00102831,15
600,605,602.5,0.000287928,0.00143964,21
605,610,607.5,0.000219373,0.00109687,16
610,615,612.5,0.000260506,0.00130253,19
615,620,617.5,0.000287928,0.00143964,21
620,625,622.5,0.000342771,0.00171385,25
625,630,627.5,0.000246795,0.00123398,18
630,635,632.5,0.000507301,0.00253651,37
635,640,637.5,0.000205663,0.00102831,15
640,645,642.5,0.000383903,0.00191952,28
645,650,647.5,0.000301638,0.00150819,22
650,655,652.5,0.000342771,0.00171385,25
655,660,657.5,0.000260506,0.00130253,19
660,665,662.5,0.000219373,0.00109687,16
665,670,667.5,0.000219373,0.00109687,16
670,675,672.5,0.00603277,0.0301638,440
675,680,677.5,0.000205663,0.00102831,15
680,685,682.5,0.000274217,0.00137108,20
685,690,687.5,0.000287928,0.00143964,21
690,695,692.5,0.000219373,0.00109687,16
695,700,697.5,0.000260506,0.00130253,19
700,705,702.5,0.000260506,0.00130253,19
705,710,707.5,0.000191952,0.000959759,14
710,715,712.5,0.000301638,0.00150819,22
715,720,717.5,0.000191952,0.000959759,14
720,725,722.5,0.00032906,0.0016453,24
725,730,727.5,0.000233084,0.00116542,17
730,735,732.5,0.000219373,0.00109687,16
735,740,737.5,0.000205663,0.00102831,15
740,745,742.5,0.000274217,0.00137108,20
745,750,747.5,0.000287928,0.00143964,21
750,755,752.5,0.000219373,0.00109687,16
755,760,757.5,0.000246795,0.00123398,18
760,765,762.5,0.000246795,0.00123398,18
765,770,767.5,0.000246795,0.00123398,18
770,775,772.5,0.000219373,0.00109687,16
775,780,777.5,0.00016453,0.00082265,12
780,785,782.5,0.000370193,0.00185096,27
785,790,787.5,0.000246795,0.00123398,18
790,795,792.5,0.000205663,0.00102831,15
795,800,797.5,0.000178241,0.000891204,13
800,805,802.5,0.000233084,0.00116542,17
805,810,807.5,0.000205663,0.00102831,15
810,815,812.5,0.000260506,0.00130253,19
815,820,817.5,0.000274217,0.00137108,20
820,825,822.5,0.000246795,0.00123398,18
825,830,827.5,0.000178241,0.000891204,13
830,835,832.5,0.000219373,0.00109687,16
835,840,837.5,0.000205663,0.00102831,15
840,845,842.5,0.000301638,0.00150819,22
845,850,847.5,0.000205663,0.00102831,15
850,855,852.5,0.000315349,0.00157675,23
855,860,857.5,0.000246795,0.00123398,18
860,865,862.5,0.000205663,0.00102831,15
865,870,867.5,0.000246795,0.00123398,18
870,875,872.5,0.000274217,0.00137108,20
875,880,877.5,0.000178241,0.000891204,13
880,885,882.5,0.000191952,0.000959759,14
885,890,887.5,0.000150819,0.000754096,11
890,895,892.5,0.00082265,0.00411325,60
895,900,897.5,0.000274217,0.00137108,20
900,905,902.5,0.000137108,0.000685542,10
905,910,907.5,0.000123398,0.000616988,9
910,915,912.5,0.000123398,0.000616988,9
915,920,917.5,9.59759e-05,0.000479879,7
920,925,922.5,0.000109687,0.000548434,8
925,930,927.5,0.000219373,0.00109687,16
930,935,932.5,0.000260506,0.00130253,19
935,940,937.5,0.000137108,0.000685542,10
940,945,942.5,0.000233084,0.00116542,17
945,950,947.5,0.000260506,0.00130253,19
950,955,952.5,0.000260506,0.00130253,19
955,960,957.5,0.000178241,0.000891204,13
960,965,962.5,0.000205663,0.00102831,15
965,970,967.5,0.000178241,0.000891204,13
970,975,972.5,0.000274217,0.00137108,20
975,980,977.5,0.00016453,0.00082265,12
980,985,982.5,0.000274217,0.00137108,20
985,990,987.5,0.000246795,0.00123398,18
990,995,992.5,0.000315349,0.00157675,23
995,1000,997.5,0.000315349,0.00157675,23
1000,1005,1002.5,0.000137108,0.000685542,10
1005,1010,1007.5,0.000219373,0.00109687,16
1010,1015,1012.5,0.000233084,0.00116542,17
1015,1020,1017.5,0.000178241,0.000891204,13
1020,1025,1022.5,0.000150819,0.000754096,11
1025,1030,1027.5,9.59759e-05,0.000479879,7
1030,1035,1032.5,0.000123398,0.000616988,9
1035,1040,1037.5,0.000178241,0.000891204,13
1040,1045,1042.5,0.000219373,0.00109687,16
1045,1050,1047.5,0.000178241,0.000891204,13
1050,1055,1052.5,0.000205663,0.00102831,15
1055,1060,1057.5,0.00016453,0.00082265,12
1060,1065,1062.5,0.000123398,0.000616988,9
1065,1070,1067.5,0.000397614,0.00198807,29
1070,1075,1072.5,0.000137108,0.000685542,10
1075,1080,1077.5,0.000287928,0.00143964,21
1080,1085,1082.5,0.000123398,0.000616988,9
1085,1090,1087.5,0.000123398,0.000616988,9
1090,1095,1092.5,0.000246795,0.00123398,18
1095,1100,1097.5,0.000191952,0.000959759,14
1100,1105,1102.5,0.00016453,0.00082265,12
1105,1110,1107.5,0.000287928,0.00143964,21
1110,1115,1112.5,0.000219373,0.00109687,16
1115,1120,1117.5,0.000205663,0.00102831,15
1120,1125,1122.5,0.000123398,0.000616988,9
1125,1130,1127.5,0.00016453,0.00082265,12
1130,1135,1132.5,0.000219373,0.00109687,16
1135,1140,1137.5,0.000287928,0.00143964,21
1140,1145,1142.5,0.000287928,0.00143964,21
1145,1150,1147.5,0.000123398,0.000616988,9
1150,1155,1152.5,0.000301638,0.00150819,22
1155,1160,1157.5,0.000246795,0.00123398,18
1160,1165,1162.5,0.000246795,0.00123398,18
1165,1170,1167.5,0.000260506,0.00130253,19
1170,1175,1172.5,0.000191952,0.000959759,14
1175,1180,1177.5,0.000191952,0.000959759,14
1180,1185,1182.5,0.000178241,0.000891204,13
1185,1190,1187.5,0.000178241,0.000891204,13
1190,1195,1192.5,0.00016453,0.00082265,12
1195,1200,1197.5,0.000260506,0.00130253,19
1200,1205,1202.5,0.000342771,0.00171385,25
1205,1210,1207.5,0.000137108,0.000685542,10
1210,1215,1212.5,0.000315349,0.00157675,23
1215,1220,1217.5,0.000150819,0.000754096,11
1220,1225,1222.5,0.000246795,0.00123398,18
1225,1230,1227.5,0.000315349,0.00157675,23
1230,1235,1232.5,0.000150819,0.000754096,11
1235,1240,1237.5,0.000274217,0.00137108,20
1240,1245,1242.5,0.000233084,0.00116542,17
1245,1250,1247.5,0.000178241,0.000891204,13
1250,1255,1252.5,0.00016453,0.00082265,12
1255,1260,1257.5,0.000274217,0.00137108,20
1260,1265,1262.5,0.000191952,0.000959759,14
1265,1270,1267.5,0.000178241,0.000891204,13
1270,1275,1272.5,0.000260506,0.00130253,19
1275,1280,1277.5,0.000191952,0.000959759,14
1280,1285,1282.5,0.000178241,0.000891204,13
1285,1290,1287.5,0.000233084,0.00116542,17
1290,1295,1292.5,0.00016453,0.00082265,12
1295,1300,1297.5,0.000246795,0.00123398,18
1300,1305,1302.5,0.000178241,0.000891204,13
1305,1310,1307.5,0.000260506,0.00130253,19
1310,1315,1312.5,0.000219373,0.00109687,16
1315,1320,1317.5,0.00016453,0.00082265,12
1320,1325,1322.5,0.000137108,0.000685542,10
1325,1330,1327.5,0.000191952,0.000959759,14
1330,1335,1332.5,0.000287928,0.00143964,21
1335,1340,1337.5,0.000233084,0.00116542,17
1340,1345,1342.5,0.00016453,0.00082265,12
1345,1350,1347.5,0.000205663,0.00102831,15
1350,1355,1352.5,0.000260506,0.00130253,19
1355,1360,1357.5,0.000233084,0.00116542,17
1360,1365,1362.5,0.000123398,0.000616988,9
1365,1370,1367.5,0.000274217,0.00137108,20
1370,1375,1372.5,0.000178241,0.000891204,13
1375,1380,1377.5,0.000246795,0.00123398,18
1380,1385,1382.5,0.000191952,0.000959759,14
1385,1390,1387.5,0.000219373,0.00109687,16
1390,1395,1392.5,0.000191952,0.000959759,14
1395,1400,1397.5,0.000205663,0.00102831,15
1400,1405,1402.5,0.000191952,0.000959759,14
1405,1410,1407.5,0.000274217,0.00137108,20
1410,1415,1412.5,0.000191952,0.000959759,14
1415,1420,1417.5,0.00016453,0.00082265,12
1420,1425,1422.5,0.000205663,0.00102831,15
1425,1430,1427.5,0.000191952,0.000959759,14
1430,1435,1432.5,0.000274217,0.00137108,20
1435,1440,1437.5,0.000301638,0.00150819,22
1440,1445,1442.5,0.000191952,0.000959759,14
1445,1450,1447.5,0.000260506,0.00130253,19
1450,1455,1452.5,0.000301638,0.00150819,22
1455,1460,1457.5,0.000274217,0.00137108,20
1460,1465,1462.5,0.000137108,0.000685542,10
1465,1470,1467.5,0.000260506,0.00130253,19
1470,1475,1472.5,0.000178241,0.000891204,13
1475,1480,1477.5,0.000260506,0.00130253,19
1480,1485,1482.5,0.000137108,0.000685542,10
1485,1490,1487.5,0.000137108,0.000685542,10
1490,1495,1492.5,0.000274217,0.00137108,20
1495,1500,1497.5,0.000178241,0.000891204,13
1500,1505,1502.5,0.00016453,0.00082265,12
1505,1510,1507.5,0.000150819,0.000754096,11
1510,1515,1512.5,0.000205663,0.00102831,15
1515,1520,1517.5,0.000219373,0.00109687,16
1520,1525,1522.5,0.000178241,0.000891204,13
1525,1530,1527.5,0.000191952,0.000959759,14
1530,1535,1532.5,0.000137108,0.000685542,10
1535,1540,1537.5,0.000178241,0.000891204,13
1540,1545,1542.5,0.000123398,0.000616988,9
1545,1550,1547.5,0.000178241,0.000891204,13
1550,1555,1552.5,0.000191952,0.000959759,14
1555,1560,1557.5,0.00016453,0.00082265,12
1560,1565,1562.5,0.000205663,0.00102831,15
1565,1570,1567.5,0.000191952,0.000959759,14
1570,1575,1572.5,0.000191952,0.000959759,14
1575,1580,1577.5,0.000137108,0.000685542,10
1580,1585,1582.5,0.000150819,0.000754096,11
1585,1590,1587.5,0.000191952,0.000959759,14
1590,1595,1592.5,0.000205663,0.00102831,15
1595,1600,1597.5,0.000178241,0.000891204,13
1600,1605,1602.5,0.000233084,0.00116542,17
1605,1610,1607.5,0.000150819,0.000754096,11
1610,1615,1612.5,0.000178241,0.000891204,13
1615,1620,1617.5,0.000191952,0.000959759,14
1620,1625,1622.5,0.000191952,0.000959759,14
1625,1630,1627.5,0.000191952,0.000959759,14
1630,1635,1632.5,0.000219373,0.00109687,16
1635,1640,1637.5,0.00016453,0.00082265,12
1640,1645,1642.5,0.000219373,0.00109687,16
1645,1650,1647.5,0.000205663,0.00102831,15
1650,1655,1652.5,0.000205663,0.00102831,15
1655,1660,1657.5,0.00016453,0.00082265,12
1660,1665,1662.5,0.000137108,0.000685542,10
1665,1670,1667.5,0.000123398,0.000616988,9
1670,1675,1672.5,0.000137108,0.000685542,10
1675,1680,1677.5,0.000191952,0.000959759,14
1680,1685,1682.5,0.000219373,0.00109687,16
1685,1690,1687.5,0.000233084,0.00116542,17
1690,1695,1692.5,0.000191952,0.000959759,14
1695,1700,1697.5,0.000137108,0.000685542,10
1700,1705,1702.5,0.000191952,0.000959759,14
1705,1710,1707.5,0.000205663,0.00102831,15
1710,1715,1712.5,0.00016453,0.00082265,12
1715,1720,1717.5,0.000219373,0.00109687,16
1720,1725,1722.5,0.00016453,0.00082265,12
1725,1730,1727.5,0.000123398,0.000616988,9
1730,1735,1732.5,0.000123398,0.000616988,9
1735,1740,1737.5,9.59759e-05,0.000479879,7
1740,1745,1742.5,0.000233084,0.00116542,17
1745,1750,1747.5,9.59759e-05,0.000479879,7
1750,1755,1752.5,0.000205663,0.00102831,15
1755,1760,1757.5,0.000137108,0.000685542,10
1760,1765,1762.5,0.000191952,0.000959759,14
1765,1770,1767.5,0.000137108,0.000685542,10
1770,1775,1772.5,0.000233084,0.00116542,17
1775,1780,1777.5,0.000205663,0.00102831,15
1780,1785,1782.5,0.000178241,0.000891204,13
1785,1790,1787.5,0.000205663,0.00102831,15
1790,1795,1792.5,0.000233084,0.00116542,17
1795,1800,1797.5,0.00016453,0.00082265,12
1800,1805,1802.5,9.59759e-05,0.000479879,7
1805,1810,1807.5,0.000178241,0.000891204,13
1810,1815,1812.5,0.000178241,0.000891204,13
1815,1820,1817.5,0.000123398,0.000616988,9
1820,1825,1822.5,0.000137108,0.000685542,10
1825,1830,1827.5,0.000219373,0.00109687,16
1830,1835,1832.5,0.00016453,0.00082265,12
1835,1840,1837.5,0.000123398,0.000616988,9
1840,1845,1842.5,0.000123398,0.000616988,9
1845,1850,1847.5,0.000246795,0.00123398,18
1850,1855,1852.5,0.000233084,0.00116542,17
1855,1860,1857.5,0.000191952,0.000959759,14
1860,1865,1862.5,0.000150819,0.000754096,11
1865,1870,1867.5,0.000274217,0.00137108,20
1870,1875,1872.5,0.00016453,0.00082265,12
1875,1880,1877.5,0.00016453,0.00082265,12
1880,1885,1882.5,0.000137108,0.000685542,10
1885,1890,1887.5,0.000178241,0.000891204,13
1890,1895,1892.5,0.000233084,0.00116542,17
1895,1900,1897.5,0.000178241,0.000891204,13
1900,1905,1902.5,0.000150819,0.000754096,11
1905,1910,1907.5,0.000137108,0.000685542,10
1910,1915,1912.5,0.000123398,0.000616988,9
1915,1920,1917.5,9.59759e-05,0.000479879,7
1920,1925,1922.5,0.000233084,0.00116542,17
1925,1930,1927.5,0.000137108,0.000685542,10
1930,1935,1932.5,0.000178241,0.000891204,13
1935,1940,1937.5,9.59759e-05,0.000479879,7
1940,1945,1942.5,0.000205663,0.00102831,15
1945,1950,1947.5,0.00016453,0.00082265,12
1950,1955,1952.5,0.000246795,0.00123398,18
1955,1960,1957.5,0.000150819,0.000754096,11
1960,1965,1962.5,8.2265e-05,0.000411325,6
1965,1970,1967.5,0.000150819,0.000754096,11
1970,1975,1972.5,0.000178241,0.000891204,13
1975,1980,1977.5,0.000219373,0.00109687,16
1980,1985,1982.5,0.000150819,0.000754096,11
1985,1990,1987.5,0.000150819,0.000754096,11
1990,1995,1992.5,0.000109687,0.000548434,8
1995,2000,1997.5,0.00016453,0.00082265,12
2000,2005,2002.5,0.000137108,0.000685542,10
2005,2010,2007.5,6.85542e-05,0.000342771,5
2010,2015,2012.5,0.000178241,0.000891204,13
2015,2020,2017.5,0.000109687,0.000548434,8
2020,2025,2022.5,0.000219373,0.00109687,16
2025,2030,2027.5,0.000150819,0.000754096,11
2030,2035,2032.5,0.000150819,0.000754096,11
2035,2040,2037.5,0.000150819,0.000754096,11
2040,2045,2042.5,0.000219373,0.00109687,16
2045,2050,2047.5,8.2265e-05,0.000411325,6
2050,2055,2052.5,0.000178241,0.000891204,13
2055,2060,2057.5,0.000205663,0.00102831,15
2060,2065,2062.5,0.00016453,0.00082265,12
2065,2070,2067.5,0.000301638,0.00150819,22
2070,2075,2072.5,0.00016453,0.00082265,12
2075,2080,2077.5,0.000178241,0.000891204,13
2080,2085,2082.5,0.000109687,0.000548434,8
2085,2090,2087.5,0.000205663,0.00102831,15
2090,2095,2092.5,0.000150819,0.000754096,11
2095,2100,2097.5,0.000137108,0.000685542,10
2100,2105,2102.5,9.59759e-05,0.000479879,7
2105,2110,2107.5,0.000178241,0.000891204,13
2110,2115,2112.5,0.000150819,0.000754096,11
2115,2120,2117.5,0.000109687,0.000548434,8
2120,2125,2122.5,0.000123398,0.000616988,9
2125,2130,2127.5,0.000191952,0.000959759,14
2130,2135,2132.5,0.000150819,0.000754096,11
2135,2140,2137.5,0.000137108,0.000685542,10
2140,2145,2142.5,0.000123398,0.000616988,9
2145,2150,2147.5,0.000150819,0.000754096,11
2150,2155,2152.5,0.000109687,0.000548434,8
2155,2160,2157.5,0.000246795,0.00123398,18
2160,2165,2162.5,0.00016453,0.00082265,12
2165,2170,2167.5,0.000178241,0.000891204,13
2170,2175,2172.5,0.000178241,0.000891204,13
2175,2180,2177.5,9.59759e-05,0.000479879,7
2180,2185,2182.5,0.000137108,0.000685542,10
2185,2190,2187.5,0.000150819,0.000754096,11
2190,2195,2192.5,0.000109687,0.000548434,8
2195,2200,2197.5,0.000287928,0.00143964,21
2200,2205,2202.5,0.000137108,0.000685542,10
2205,2210,2207.5,0.000123398,0.000616988,9
2210,2215,2212.5,0.00016453,0.00082265,12
2215,2220,2217.5,0.000109687,0.000548434,8
2220,2225,2222.5,0.000123398,0.000616988,9
2225,2230,2227.5,0.000287928,0.00143964,21
2230,2235,2232.5,0.000260506,0.00130253,19
2235,2240,2237.5,0.000137108,0.000685542,10
2240,2245,2242.5,0.000191952,0.000959759,14
2245,2250,2247.5,0.000150819,0.000754096,11
2250,2255,2252.5,0.000219373,0.00109687,16
2255,2260,2257.5,0.000150819,0.000754096,11
2260,2265,2262.5,0.00016453,0.00082265,12
2265,2270,2267.5,0.000219373,0.00109687,16
2270,2275,2272.5,0.000233084,0.00116542,17
2275,2280,2277.5,0.000123398,0.000616988,9
2280,2285,2282.5,0.000246795,0.00123398,18
2285,2290,2287.5,0.000178241,0.000891204,13
2290,2295,2292.5,0.000123398,0.000616988,9
2295,2300,2297.5,0.000191952,0.000959759,14
2300,2305,2302.5,0.000205663,0.00102831,15
2305,2310,2307.5,0.000191952,0.000959759,14
2310,2315,2312.5,0.000205663,0.00102831,15
2315,2320,2317.5,0.000178241,0.000891204,13
2320,2325,2322.5,0.00016453,0.00082265,12
2325,2330,2327.5,0.000137108,0.000685542,10
2330,2335,2332.5,8.2265e-05,0.000411325,6
2335,2340,2337.5,0.000109687,0.000548434,8
2340,2345,2342.5,0.000137108,0.000685542,10
2345,2350,2347.5,0.00016453,0.00082265,12
2350,2355,2352.5,0.000109687,0.000548434,8
2355,2360,2357.5,0.000109687,0.000548434,8
2360,2365,2362.5,0.000150819,0.000754096,11
2365,2370,2367.5,9.59759e-05,0.000479879,7
2370,2375,2372.5,0.000123398,0.000616988,9
2375,2380,2377.5,8.2265e-05,0.000411325,6
2380,2385,2382.5,0.000137108,0.000685542,10
2385,2390,2387.5,9.59759e-05,0.000479879,7
2390,2395,2392.5,0.000191952,0.000959759,14
2395,2400,2397.5,0.00016453,0.00082265,12
2400,2405,2402.5,0.000137108,0.000685542,10
2405,2410,2407.5,0.000123398,0.000616988,9
2410,2415,2412.5,0.000150819,0.000754096,11
2415,2420,2417.5,0.00016453,0.00082265,12
2420,2425,2422.5,8.2265e-05,0.000411325,6
2425,2430,2427.5,0.000109687,0.000548434,8
2430,2435,2432.5,0.000260506,0.00130253,19
2435,2440,2437.5,9.59759e-05,0.000479879,7
2440,2445,2442.5,0.000123398,0.000616988,9
2445,2450,2447.5,5.48434e-05,0.000274217,4
2450,2455,2452.5,0.000137108,0.000685542,10
2455,2460,2457.5,0.000233084,0.00116542,17
2460,2465,2462.5,0.000123398,0.000616988,9
2465,2470,2467.5,0.000150819,0.000754096,11
2470,2475,2472.5,0.000137108,0.000685542,10
2475,2480,2477.5,8.2265e-05,0.000411325,6
2480,2485,2482.5,0.00016453,0.00082265,12
2485,2490,2487.5,0.000178241,0.000891204,13
2490,2495,2492.5,9.59759e-05,0.000479879,7
2495,2500,2497.5,6.85542e-05,0.000342771,5
2500,2505,2502.5,0.000123398,0.000616988,9
2505,2510,2507.5,0.000191952,0.000959759,14
2510,2515,2512.5,0.00016453,0.00082265,12
2515,2520,2517.5,6.85542e-05,0.000342771,5
2520,2525,2522.5,0.000109687,0.000548434,8
2525,2530,2527.5,0.00016453,0.00082265,12
2530,2535,2532.5,0.000109687,0.000548434,8
2535,2540,2537.5,0.000109687,0.000548434,8
2540,2545,2542.5,0.000109687,0.000548434,8
2545,2550,2547.5,0.000150819,0.000754096,11
2550,2555,2552.5,8.2265e-05,0.000411325,6
2555,2560,2557.5,1.37108e-05,6.85542e-05,1
2560,2565,2562.5,0.000150819,0.000754096,11
2565,2570,2567.5,0.00016453,0.00082265,12
2570,2575,2572.5,9.59759e-05,0.000479879,7
2575,2580,2577.5,0.000109687,0.000548434,8
2580,2585,2582.5,0.000219373,0.00109687,16
2585,2590,2587.5,0.000205663,0.00102831,15
2590,2595,2592.5,0.00016453,0.00082265,12
2595,2600,2597.5,6.85542e-05,0.000342771,5
2600,2605,2602.5,0.000178241,0.000891204,13
2605,2610,2607.5,0.000150819,0.000754096,11
2610,2615,2612.5,0.000246795,0.00123398,18
2615,2620,2617.5,6.85542e-05,0.000342771,5
2620,2625,2622.5,0.000123398,0.000616988,9
2625,2630,2627.5,0.000191952,0.000959759,14
2630,2635,2632.5,9.59759e-05,0.000479879,7
2635,2640,2637.5,8.2265e-05,0.000411325,6
2640,2645,2642.5,0.000109687,0.000548434,8
2645,2650,2647.5,8.2265e-05,0.000411325,6
2650,2655,2652.5,0.000178241,0.000891204,13
2655,2660,2657.5,0.000123398,0.000616988,9
2660,2665,2662.5,0.000137108,0.000685542,10
2665,2670,2667.5,0.00016453,0.00082265,12
2670,2675,2672.5,0.00016453,0.00082265,12
2675,2680,2677.5,0.000123398,0.000616988,9
2680,2685,2682.5,6.85542e-05,0.000342771,5
2685,2690,2687.5,9.59759e-05,0.000479879,7
2690,2695,2692.5,0.000150819,0.000754096,11
2695,2700,2697.5,6.85542e-05,0.000342771,5
2700,2705,2702.5,0.00016453,0.00082265,12
2705,2710,2707.5,9.59759e-05,0.000479879,7
2710,2715,2712.5,0.000205663,0.00102831,15
2715,2720,2717.5,0.000137108,0.000685542,10
2720,2725,2722.5,9.59759e-05,0.000479879,7
2725,2730,2727.5,0.000178241,0.000891204,13
2730,2735,2732.5,9.59759e-05,0.000479879,7
2735,2740,2737.5,0.000123398,0.000616988,9
2740,2745,2742.5,0.000123398,0.000616988,9
2745,2750,2747.5,0.00016453,0.00082265,12
2750,2755,2752.5,0.000137108,0.000685542,10
2755,2760,2757.5,0.000205663,0.00102831,15
2760,2765,2762.5,0.000150819,0.000754096,11
2765,2770,2767.5,0.000233084,0.00116542,17
2770,2775,2772.5,0.000123398,0.000616988,9
2775,2780,2777.5,0.000137108,0.000685542,10
2780,2785,2782.5,0.000109687,0.000548434,8
2785,2790,2787.5,0.000123398,0.000616988,9
2790,2795,2792.5,0.000123398,0.000616988,9
2795,2800,2797.5,0.000123398,0.000616988,9
2800,2805,2802.5,0.000205663,0.00102831,15
2805,2810,2807.5,0.000219373,0.00109687,16
2810,2815,2812.5,0.000109687,0.000548434,8
2815,2820,2817.5,0.000109687,0.000548434,8
2820,2825,2822.5,6.85542e-05,0.000342771,5
2825,2830,2827.5,0.000150819,0.000754096,11
2830,2835,2832.5,6.85542e-05,0.000342771,5
2835,2840,2837.5,0.000109687,0.000548434,8
2840,2845,2842.5,8.2265e-05,0.000411325,6
2845,2850,2847.5,0.000123398,0.000616988,9
2850,2855,2852.5,0.000178241,0.000891204,13
2855,2860,2857.5,0.000137108,0.000685542,10
2860,2865,2862.5,6.85542e-05,0.000342771,5
2865,2870,2867.5,0.00016453,0.00082265,12
2870,2875,2872.5,0.000150819,0.000754096,11
2875,2880,2877.5,0.000150819,0.000754096,11
2880,2885,2882.5,0.000178241,0.000891204,13
2885,2890,2887.5,0.000123398,0.000616988,9
2890,2895,2892.5,0.000137108,0.000685542,10
2895,2900,2897.5,0.000150819,0.000754096,11
2900,2905,2902.5,0.000137108,0.000685542,10
2905,2910,2907.5,0.000109687,0.000548434,8
2910,2915,2912.5,6.85542e-05,0.000342771,5
2915,2920,2917.5,9.59759e-05,0.000479879,7
2920,2925,2922.5,0.000137108,0.000685542,10
2925,2930,2927.5,0.000150819,0.000754096,11
2930,2935,2932.5,0.000191952,0.000959759,14
2935,2940,2937.5,0.000178241,0.000891204,13
2940,2945,2942.5,0.000150819,0.000754096,11
2945,2950,2947.5,0.000109687,0.000548434,8
2950,2955,2952.5,0.000150819,0.000754096,11
2955,2960,2957.5,9.59759e-05,0.000479879,7
2960,2965,2962.5,0.000109687,0.000548434,8
2965,2970,2967.5,9.59759e-05,0.000479879,7
2970,2975,2972.5,0.000123398,0.000616988,9
2975,2980,2977.5,0.00016453,0.00082265,12
2980,2985,2982.5,0.000123398,0.000616988,9
2985,2990,2987.5,0.000178241,0.000891204,13
2990,2995,2992.5,0.00016453,0.00082265,12
2995,3000,2997.5,0.00016453,0.00082265,12
3000,3005,3002.5,0.000137108,0.000685542,10
3005,3010,3007.5,9.59759e-05,0.000479879,7
3010,3015,3012.5,0.00016453,0.00082265,12
3015,3020,3017.5,0.000137108,0.000685542,10
3020,3025,3022.5,0.000123398,0.000616988,9
3025,3030,3027.5,8.2265e-05,0.000411325,6
3030,3035,3032.5,0.000137108,0.000685542,10
3035,3040,3037.5,0.000150819,0.000754096,11
3040,3045,3042.5,0.00016453,0.00082265,12
3045,3050,3047.5,0.000233084,0.00116542,17
3050,3055,3052.5,0.000150819,0.000754096,11
3055,3060,3057.5,0.000123398,0.000616988,9
3060,3065,3062.5,0.000137108,0.000685542,10
3065,3070,3067.5,0.000178241,0.000891204,13
3070,3075,3072.5,0.000178241,0.000891204,13
3075,3080,3077.5,0.000109687,0.000548434,8
3080,3085,3082.5,6.85542e-05,0.000342771,5
3085,3090,3087.5,9.59759e-05,0.000479879,7
3090,3095,3092.5,6.85542e-05,0.000342771,5
3095,3100,3097.5,0.00016453,0.00082265,12
3100,3105,3102.5,0.000109687,0.000548434,8
3105,3110,3107.5,0.000109687,0.000548434,8
3110,3115,3112.5,6.85542e-05,0.000342771,5
3115,3120,3117.5,5.48434e-05,0.000274217,4
3120,3125,3122.5,0.00016453,0.00082265,12
3125,3130,3127.5,0.000233084,0.00116542,17
3130,3135,3132.5,6.85542e-05,0.000342771,5
3135,3140,3137.5,0.000178241,0.000891204,13
3140,3145,3142.5,0.000178241,0.000891204,13
3145,3150,3147.5,0.000150819,0.000754096,11
3150,3155,3152.5,0.000178241,0.000891204,13
3155,3160,3157.5,0.000233084,0.00116542,17
3160,3165,3162.5,0.000178241,0.000891204,13
3165,3170,3167.5,0.000123398,0.000616988,9
3170,3175,3172.5,0.000150819,0.000754096,11
3175,3180,3177.5,0.000137108,0.000685542,10
3180,3185,3182.5,8.2265e-05,0.000411325,6
3185,3190,3187.5,6.85542e-05,0.000342771,5
3190,3195,3192.5,0.000123398,0.000616988,9
3195,3200,3197.5,0.000150819,0.000754096,11
3200,3205,3202.5,9.59759e-05,0.000479879,7
3205,3210,3207.5,6.85542e-05,0.000342771,5
3210,3215,3212.5,0.000123398,0.000616988,9
3215,3220,3217.5,0.00016453,0.00082265,12
3220,3225,3222.5,0.000137108,0.000685542,10
3225,3230,3227.5,0.000137108,0.000685542,10
3230,3235,3232.5,0.000137108,0.000685542,10
3235,3240,3237.5,0.000123398,0.000616988,9
3240,3245,3242.5,9.59759e-05,0.000479879,7
3245,3250,3247.5,0.000109687,0.000548434,8
3250,3255,3252.5,0.000123398,0.000616988,9
3255,3260,3257.5,9.59759e-05,0.000479879,7
3260,3265,3262.5,0.000205663,0.00102831,15
3265,3270,3267.5,0.000109687,0.000548434,8
3270,3275,3272.5,0.000150819,0.000754096,11
3275,3280,3277.5,0.000123398,0.000616988,9
3280,3285,3282.5,8.2265e-05,0.000411325,6
3285,3290,3287.5,6.85542e-05,0.000342771,5
3290,3295,3292.5,0.000109687,0.000548434,8
3295,3300,3297.5,0.000150819,0.000754096,11
3300,3305,3302.5,8.2265e-05,0.000411325,6
3305,3310,3307.5,4.11325e-05,0.000205663,3
3310,3315,3312.5,9.59759e-05,0.000479879,7
3315,3320,3317.5,4.11325e-05,0.000205663,3
3320,3325,3322.5,0.000109687,0.000548434,8
3325,3330,3327.5,0.000150819,0.000754096,11
3330,3335,3332.5,0.000123398,0.000616988,9
3335,3340,3337.5,0.000123398,0.000616988,9
3340,3345,3342.5,0.000137108,0.000685542,10
3345,3350,3347.5,9.59759e-05,0.000479879,7
3350,3355,3352.5,0.000137108,0.000685542,10
3355,3360,3357.5,0.000150819,0.000754096,11
3360,3365,3362.5,6.85542e-05,0.000342771,5
3365,3370,3367.5,0.000150819,0.000754096,11
3370,3375,3372.5,0.000205663,0.00102831,15
3375,3380,3377.5,0.00016453,0.00082265,12
3380,3385,3382.5,6.85542e-05,0.000342771,5
3385,3390,3387.5,0.000150819,0.000754096,11
3390,3395,3392.5,0.000123398,0.000616988,9
3395,3400,3397.5,8.2265e-05,0.000411325,6
3400,3405,3402.5,6.85542e-05,0.000342771,5
3405,3410,3407.5,0.000109687,0.000548434,8
3410,3415,3412.5,0.000109687,0.000548434,8
3415,3420,3417.5,0.000109687,0.000548434,8
3420,3425,3422.5,0.000109687,0.000548434,8
3425,3430,3427.5,8.2265e-05,0.000411325,6
3430,3435,3432.5,0.000150819,0.000754096,11
3435,3440,3437.5,6.85542e-05,0.000342771,5
3440,3445,3442.5,2.74217e-05,0.000137108,2
3445,3450,3447.5,0.000191952,0.000959759,14
3450,3455,3452.5,0.000137108,0.000685542,10
3455,3460,3457.5,9.59759e-05,0.000479879,7
3460,3465,3462.5,9.59759e-05,0.000479879,7
3465,3470,3467.5,0.000150819,0.000754096,11
3470,3475,3472.5,0.000109687,0.000548434,8
3475,3480,3477.5,0.00016453,0.00082265,12
3480,3485,3482.5,9.59759e-05,0.000479879,7
3485,3490,3487.5,9.59759e-05,0.000479879,7
3490,3495,3492.5,9.59759e-05,0.000479879,7
3495,3500,3497.5,0.000137108,0.000685542,10
3500,3505,3502.5,0.00016453,0.00082265,12
3505,3510,3507.5,0.000109687,0.000548434,8
3510,3515,3512.5,5.48434e-05,0.000274217,4
3515,3520,3517.5,0.000109687,0.000548434,8
3520,3525,3522.5,8.2265e-05,0.000411325,6
3525,3530,3527.5,0.00016453,0.00082265,12
3530,3535,3532.5,0.000109687,0.000548434,8
3535,3540,3537.5,0.000137108,0.000685542,10
3540,3545,3542.5,0.000109687,0.000548434,8
3545,3550,3547.5,0.000150819,0.000754096,11
3550,3555,3552.5,0.00016453,0.00082265,12
3555,3560,3557.5,0.000137108,0.000685542,10
3560,3565,3562.5,0.000123398,0.000616988,9
3565,3570,3567.5,6.85542e-05,0.000342771,5
3570,3575,3572.5,0.00016453,0.00082265,12
3575,3580,3577.5,0.000123398,0.000616988,9
3580,3585,3582.5,0.000205663,0.00102831,15
3585,3590,3587.5,9.59759e-05,0.000479879,7
3590,3595,3592.5,0.000109687,0.000548434,8
3595,3600,3597.5,0.000150819,0.000754096,11
3600,3605,3602.5,0.000150819,0.000754096,11
3605,3610,3607.5,0.000246795,0.00123398,18
3610,3615,3612.5,0.000178241,0.000891204,13
3615,3620,3617.5,0.000137108,0.000685542,10
3620,3625,3622.5,8.2265e-05,0.000411325,6
3625,3630,3627.5,9.59759e-05,0.000479879,7
3630,3635,3632.5,9.59759e-05,0.000479879,7
3635,3640,3637.5,0.00016453,0.00082265,12
3640,3645,3642.5,0.000137108,0.000685542,10
3645,3650,3647.5,0.00016453,0.00082265,12
3650,3655,3652.5,0.000109687,0.000548434,8
3655,3660,3657.5,9.59759e-05,0.000479879,7
3660,3665,3662.5,8.2265e-05,0.000411325,6
3665,3670,3667.5,0.000109687,0.000548434,8
3670,3675,3672.5,0.000137108,0.000685542,10
3675,3680,3677.5,0.000137108,0.000685542,10
3680,3685,3682.5,0.000109687,0.000548434,8
3685,3690,3687.5,5.48434e-05,0.000274217,4
3690,3695,3692.5,9.59759e-05,0.000479879,7
3695,3700,3697.5,0.000109687,0.000548434,8
3700,3705,3702.5,0.000123398,0.000616988,9
3705,3710,3707.5,0.000123398,0.000616988,9
3710,3715,3712.5,0.000123398,0.000616988,9
3715,3720,3717.5,9.59759e-05,0.000479879,7
3720,3725,3722.5,0.000150819,0.000754096,11
3725,3730,3727.5,5.48434e-05,0.000274217,4
3730,3735,3732.5,4.11325e-05,0.000205663,3
3735,3740,3737.5,9.59759e-05,0.000479879,7
3740,3745,3742.5,0.000109687,0.000548434,8
3745,3750,3747.5,8.2265e-05,0.000411325,6
3750,3755,3752.5,0.000109687,0.000548434,8
3755,3760,3757.5,6.85542e-05,0.000342771,5
3760,3765,3762.5,5.48434e-05,0.000274217,4
3765,3770,3767.5,8.2265e-05,0.000411325,6
3770,3775,3772.5,0.000150819,0.000754096,11
3775,3780,3777.5,0.000123398,0.000616988,9
3780,3785,3782.5,0.000123398,0.000616988,9
3785,3790,3787.5,0.000109687,0.000548434,8
3790,3795,3792.5,5.48434e-05,0.000274217,4
3795,3800,3797.5,0.000137108,0.000685542,10
3800,3805,3802.5,8.2265e-05,0.000411325,6
3805,3810,3807.5,6.85542e-05,0.000342771,5
3810,3815,3812.5,0.000123398,0.000616988,9
3815,3820,3817.5,0.000150819,0.000754096,11
3820,3825,3822.5,6.85542e-05,0.000342771,5
3825,3830,3827.5,0.000123398,0.000616988,9
3830,3835,3832.5,0.000205663,0.00102831,15
3835,3840,3837.5,8.2265e-05,0.000411325,6
3840,3845,3842.5,0.000137108,0.000685542,10
3845,3850,3847.5,9.59759e-05,0.000479879,7
3850,3855,3852.5,6.85542e-05,0.000342771,5
3855,3860,3857.5,0.000150819,0.000754096,11
3860,3865,3862.5,8.2265e-05,0.000411325,6
3865,3870,3867.5,0.000109687,0.000548434,8
3870,3875,3872.5,0.00016453,0.00082265,12
3875,3880,3877.5,0.000109687,0.000548434,8
3880,3885,3882.5,0.000109687,0.000548434,8
3885,3890,3887.5,0.000150819,0.000754096,11
3890,3895,3892.5,8.2265e-05,0.000411325,6
3895,3900,3897.5,8.2265e-05,0.000411325,6
3900,3905,3902.5,8.2265e-05,0.000411325,6
3905,3910,3907.5,8.2265e-05,0.000411325,6
3910,3915,3912.5,0.000123398,0.000616988,9
3915,3920,3917.5,0.000137108,0.000685542,10
3920,3925,3922.5,0.000109687,0.000548434,8
3925,3930,3927.5,0.000123398,0.000616988,9
3930,3935,3932.5,5.48434e-05,0.000274217,4
3935,3940,3937.5,0.000205663,0.00102831,15
3940,3945,3942.5,0.000137108,0.000685542,10
3945,3950,3947.5,0.000137108,0.000685542,10
3950,3955,3952.5,0.000150819,0.000754096,11
3955,3960,3957.5,0.000137108,0.000685542,10
3960,3965,3962.5,8.2265e-05,0.000411325,6
3965,3970,3967.5,0.000137108,0.000685542,10
3970,3975,3972.5,9.59759e-05,0.000479879,7
3975,3980,3977.5,9.59759e-05,0.000479879,7
3980,3985,3982.5,0.000191952,0.000959759,14
3985,3990,3987.5,9.59759e-05,0.000479879,7
3990,3995,3992.5,9.59759e-05,0.000479879,7
3995,4000,3997.5,0.000123398,0.000616988,9
4000,4005,4002.5,9.59759e-05,0.000479879,7
4005,4010,4007.5,9.59759e-05,0.000479879,7
4010,4015,4012.5,9.59759e-05,0.000479879,7
4015,4020,4017.5,0.000137108,0.000685542,10
4020,4025,4022.5,0.000137108,0.000685542,10
4025,4030,4027.5,0.000150819,0.000754096,11
4030,4035,4032.5,8.2265e-05,0.000411325,6
4035,4040,4037.5,4.11325e-05,0.000205663,3
4040,4045,4042.5,0.000123398,0.000616988,9
4045,4050,4047.5,0.00016453,0.00082265,12
4050,4055,4052.5,0.000137108,0.000685542,10
4055,4060,4057.5,0.000123398,0.000616988,9
4060,4065,4062.5,0.00016453,0.00082265,12
4065,4070,4067.5,9.59759e-05,0.000479879,7
4070,4075,4072.5,9.59759e-05,0.000479879,7
4075,4080,4077.5,0.000123398,0.000616988,9
4080,4085,4082.5,9.59759e-05,0.000479879,7
4085,4090,4087.5,9.59759e-05,0.000479879,7
4090,4095,4092.5,0.000150819,0.000754096,11
4095,4100,4097.5,0.000123398,0.000616988,9
4100,4105,4102.5,0.000109687,0.000548434,8
4105,4110,4107.5,0.000150819,0.000754096,11
4110,4115,4112.5,0.000137108,0.000685542,10
4115,4120,4117.5,0.000150819,0.000754096,11
4120,4125,4122.5,8.2265e-05,0.000411325,6
4125,4130,4127.5,4.11325e-05,0.000205663,3
4130,4135,4132.5,0.000109687,0.000548434,8
4135,4140,4137.5,8.2265e-05,0.000411325,6
4140,4145,4142.5,8.2265e-05,0.000411325,6
4145,4150,4147.5,9.59759e-05,0.000479879,7
4150,4155,4152.5,9.59759e-05,0.000479879,7
4155,4160,4157.5,9.59759e-05,0.000479879,7
4160,4165,4162.5,0.000178241,0.000891204,13
4165,4170,4167.5,0.000109687,0.000548434,8
4170,4175,4172.5,0.000109687,0.000548434,8
4175,4180,4177.5,5.48434e-05,0.000274217,4
4180,4185,4182.5,6.85542e-05,0.000342771,5
4185,4190,4187.5,8.2265e-05,0.000411325,6
4190,4195,4192.5,9.59759e-05,0.000479879,7
4195,4200,4197.5,0.000178241,0.000891204,13
4200,4205,4202.5,0.000150819,0.000754096,11
4205,4210,4207.5,0.000109687,0.000548434,8
4210,4215,4212.5,0.000123398,0.000616988,9
4215,4220,4217.5,5.48434e-05,0.000274217,4
4220,4225,4222.5,0.000191952,0.000959759,14
4225,4230,4227.5,0.00016453,0.00082265,12
4230,4235,4232.5,6.85542e-05,0.000342771,5
4235,4240,4237.5,0.00016453,0.00082265,12
4240,4245,4242.5,9.59759e-05,0.000479879,7
4245,4250,4247.5,9.59759e-05,0.000479879,7
4250,4255,4252.5,8.2265e-05,0.000411325,6
4255,4260,4257.5,0.000150819,0.000754096,11
4260,4265,4262.5,0.000205663,0.00102831,15
4265,4270,4267.5,0.00016453,0.00082265,12
4270,4275,4272.5,0.000137108,0.000685542,10
4275,4280,4277.5,0.000137108,0.000685542,10
4280,4285,4282.5,0.000123398,0.000616988,9
4285,4290,4287.5,0.000137108,0.000685542,10
4290,4295,4292.5,0.000205663,0.00102831,15
4295,4300,4297.5,9.59759e-05,0.000479879,7
4300,4305,4302.5,0.000178241,0.000891204,13
4305,4310,4307.5,0.000205663,0.00102831,15
4310,4315,4312.5,0.000178241,0.000891204,13
4315,4320,4317.5,6.85542e-05,0.000342771,5
4320,4325,4322.5,0.000137108,0.000685542,10
4325,4330,4327.5,0.000123398,0.000616988,9
4330,4335,4332.5,0.00016453,0.00082265,12
4335,4340,4337.5,2.74217e-05,0.000137108,2
4340,4345,4342.5,6.85542e-05,0.000342771,5
4345,4350,4347.5,8.2265e-05,0.000411325,6
4350,4355,4352.5,5.48434e-05,0.000274217,4
4355,4360,4357.5,5.48434e-05,0.000274217,4
4360,4365,4362.5,8.2265e-05,0.000411325,6
4365,4370,4367.5,6.85542e-05,0.000342771,5
4370,4375,4372.5,5.48434e-05,0.000274217,4
4375,4380,4377.5,8.2265e-05,0.000411325,6
4380,4385,4382.5,6.85542e-05,0.000342771,5
4385,4390,4387.5,0.000137108,0.000685542,10
4390,4395,4392.5,6.85542e-05,0.000342771,5
4395,4400,4397.5,5.48434e-05,0.000274217,4
4400,4405,4402.5,0.000109687,0.000548434,8
4405,4410,4407.5,5.48434e-05,0.000274217,4
4410,4415,4412.5,8.2265e-05,0.000411325,6
4415,4420,4417.5,4.11325e-05,0.000205663,3
4420,4425,4422.5,4.11325e-05,0.000205663,3
4425,4430,4427.5,0.000137108,0.000685542,10
4430,4435,4432.5,8.2265e-05,0.000411325,6
4435,4440,4437.5,6.85542e-05,0.000342771,5
4440,4445,4442.5,6.85542e-05,0.000342771,5
4445,4450,4447.5,6.85542e-05,0.000342771,5
4450,4455,4452.5,6.85542e-05,0.000342771,5
4455,4460,4457.5,6.85542e-05,0.000342771,5
4460,4465,4462.5,2.74217e-05,0.000137108,2
4465,4470,4467.5,4.11325e-05,0.000205663,3
4470,4475,4472.5,4.11325e-05,0.000205663,3
4475,4480,4477.5,6.85542e-05,0.000342771,5
4480,4485,4482.5,0.000123398,0.000616988,9
4485,4490,4487.5,8.2265e-05,0.000411325,6
4490,4495,4492.5,5.48434e-05,0.000274217,4
4495,4500,4497.5,8.2265e-05,0.000411325,6
4500,4505,4502.5,2.74217e-05,0.000137108,2
4505,4510,4507.5,5.48434e-05,0.000274217,4
4515,4520,4517.5,5.48434e-05,0.000274217,4
4520,4525,4522.5,6.85542e-05,0.000342771,5
4525,4530,4527.5,8.2265e-05,0.000411325,6
4530,4535,4532.5,4.11325e-05,0.000205663,3
4535,4540,4537.5,5.48434e-05,0.000274217,4
4540,4545,4542.5,5.48434e-05,0.000274217,4
4545,4550,4547.5,4.11325e-05,0.000205663,3
4550,4555,4552.5,5.48434e-05,0.000274217,4
4555,4560,4557.5,5.48434e-05,0.000274217,4
4560,4565,4562.5,5.48434e-05,0.000274217,4
4565,4570,4567.5,4.11325e-05,0.000205663,3
4570,4575,4572.5,9.59759e-05,0.000479879,7
4575,4580,4577.5,5.48434e-05,0.000274217,4
4580,4585,4582.5,1.37108e-05,6.85542e-05,1
4585,4590,4587.5,1.37108e-05,6.85542e-05,1
4595,4600,4597.5,2.74217e-05,0.000137108,2
4600,4605,4602.5,2.74217e-05,0.000137108,2
4605,4610,4607.5,6.85542e-05,0.000342771,5
4610,4615,4612.5,4.11325e-05,0.000205663,3
4615,4620,4617.5,4.11325e-05,0.000205663,3
4620,4625,4622.5,1.37108e-05,6.85542e-05,1
4625,4630,4627.5,5.48434e-05,0.000274217,4
4635,4640,4637.5,1.37108e-05,6.85542e-05,1
4640,4645,4642.5,4.11325e-05,0.000205663,3
4645,4650,4647.5,2.74217e-05,0.000137108,2
4650,4655,4652.5,4.11325e-05,0.000205663,3
4655,4660,4657.5,8.2265e-05,0.000411325,6
4660,4665,4662.5,2.74217e-05,0.000137108,2
4665,4670,4667.5,5.48434e-05,0.000274217,4
4670,4675,4672.5,2.74217e-05,0.000137108,2
4675,4680,4677.5,4.11325e-05,0.000205663,3
4680,4685,4682.5,4.11325e-05,0.000205663,3
4685,4690,4687.5,5.48434e-05,0.000274217,4
4690,4695,4692.5,2.74217e-05,0.000137108,2
4695,4700,4697.5,1.37108e-05,6.85542e-05,1
4700,4705,4702.5,6.85542e-05,0.000342771,5
4710,4715,4712.5,4.11325e-05,0.000205663,3
4715,4720,4717.5,8.2265e-05,0.000411325,6
4720,4725,4722.5,4.11325e-05,0.000205663,3
4725,4730,4727.5,6.85542e-05,0.000342771,5
4730,4735,4732.5,2.74217e-05,0.000137108,2
4735,4740,4737.5,2.74217e-05,0.000137108,2
4740,4745,4742.5,2.74217e-05,0.000137108,2
4745,4750,4747.5,2.74217e-05,0.000137108,2
4750,4755,4752.5,2.74217e-05,0.000137108,2
4755,4760,4757.5,5.48434e-05,0.000274217,4
4760,4765,4762.5,6.85542e-05,0.000342771,5
4770,4775,4772.5,2.74217e-05,0.000137108,2
4775,4780,4777.5,2.74217e-05,0.000137108,2
4780,4785,4782.5,2.74217e-05,0.000137108,2
4785,4790,4787.5,1.37108e-05,6.85542e-05,1
4790,4795,4792.5,5.48434e-05,0.000274217,4
4795,4800,4797.5,1.37108e-05,6.85542e-05,1
4800,4805,4802.5,4.11325e-05,0.000205663,3
4805,4810,4807.5,5.48434e-05,0.000274217,4
4810,4815,4812.5,5.48434e-05,0.000274217,4
4815,4820,4817.5,2.74217e-05,0.000137108,2
4820,4825,4822.5,4.11325e-05,0.000205663,3
4825,4830,4827.5,4.11325e-05,0.000205663,3
4830,4835,4832.5,4.11325e-05,0.000205663,3
4835,4840,4837.5,1.37108e-05,6.85542e-05,1
4840,4845,4842.5,6.85542e-05,0.000342771,5
4845,4850,4847.5,8.2265e-05,0.000411325,6
4850,4855,4852.5,4.11325e-05,0.000205663,3
4855,4860,4857.5,6.85542e-05,0.000342771,5
4860,4865,4862.5,6.85542e-05,0.000342771,5
4865,4870,4867.5,5.48434e-05,0.000274217,4
4870,4875,4872.5,6.85542e-05,0.000342771,5
4875,4880,4877.5,1.37108e-05,6.85542e-05,1
4880,4885,4882.5,8.2265e-05,0.000411325,6
4885,4890,4887.5,5.48434e-05,0.000274217,4
4890,4895,4892.5,2.74217e-05,0.000137108,2
4895,4900,4897.5,5.48434e-05,0.000274217,4
4900,4905,4902.5,4.11325e-05,0.000205663,3
4905,4910,4907.5,5.48434e-05,0.000274217,4
4910,4915,4912.5,5.48434e-05,0.000274217,4
4915,4920,4917.5,5.48434e-05,0.000274217,4
4920,4925,4922.5,4.11325e-05,0.000205663,3
4925,4930,4927.5,4.11325e-05,0.000205663,3
4930,4935,4932.5,4.11325e-05,0.000205663,3
4935,4940,4937.5,8.2265e-05,0.000411325,6
4940,4945,4942.5,1.37108e-05,6.85542e-05,1
4945,4950,4947.5,4.11325e-05,0.000205663,3
4950,4955,4952.5,8.2265e-05,0.000411325,6
4955,4960,4957.5,4.11325e-05,0.000205663,3
4960,4965,4962.5,1.37108e-05,6.85542e-05,1
4965,4970,4967.5,4.11325e-05,0.000205663,3
4970,4975,4972.5,4.11325e-05,0.000205663,3
4975,4980,4977.5,4.11325e-05,0.000205663,3
4980,4985,4982.5,2.74217e-05,0.000137108,2
4985,4990,4987.5,4.11325e-05,0.000205663,3
4990,4995,4992.5,2.74217e-05,0.000137108,2
4995,5000,4997.5,2.74217e-05,0.000137108,2
5000,5005,5002.5,4.11325e-05,0.000205663,3
5005,5010,5007.5,5.48434e-05,0.000274217,4
5010,5015,5012.5,1.37108e-05,6.85542e-05,1
5015,5020,5017.5,4.11325e-05,0.000205663,3
5020,5025,5022.5,1.37108e-05,6.85542e-05,1
5025,5030,5027.5,5.48434e-05,0.000274217,4
5030,5035,5032.5,2.74217e-05,0.000137108,2
5035,5040,5037.5,1.37108e-05,6.85542e-05,1
5045,5050,5047.5,2.74217e-05,0.000137108,2
5050,5055,5052.5,5.48434e-05,0.000274217,4
5055,5060,5057.5,2.74217e-05,0.000137108,2
5060,5065,5062.5,5.48434e-05,0.000274217,4
5065,5070,5067.5,4.11325e-05,0.000205663,3
5075,5080,5077.5,2.74217e-05,0.000137108,2
5080,5085,5082.5,2.74217e-05,0.000137108,2
5085,5090,5087.5,4.11325e-05,0.000205663,3
5090,5095,5092.5,2.74217e-05,0.000137108,2
5095,5100,5097.5,1.37108e-05,6.85542e-05,1
5100,5105,5102.5,2.74217e-05,0.000137108,2
5105,5110,5107.5,5.48434e-05,0.000274217,4
5110,5115,5112.5,8.2265e-05,0.000411325,6
5115,5120,5117.5,4.11325e-05,0.000205663,3
5120,5125,5122.5,2.74217e-05,0.000137108,2
5125,5130,5127.5,8.2265e-05,0.000411325,6
5130,5135,5132.5,2.74217e-05,0.000137108,2
5135,5140,5137.5,8.2265e-05,0.000411325,6
5140,5145,5142.5,1.37108e-05,6.85542e-05,1
5145,5150,5147.5,1.37108e-05,6.85542e-05,1
5150,5155,5152.5,2.74217e-05,0.000137108,2
5155,5160,5157.5,4.11325e-05,0.000205663,3
5165,5170,5167.5,1.37108e-05,6.85542e-05,1
5170,5175,5172.5,4.11325e-05,0.000205663,3
5180,5185,5182.5,5.48434e-05,0.000274217,4
5190,5195,5192.5,4.11325e-05,0.000205663,3
5195,5200,5197.5,4.11325e-05,0.000205663,3
5200,5205,5202.5,4.11325e-05,0.000205663,3
5205,5210,5207.5,6.85542e-05,0.000342771,5
5210,5215,5212.5,2.74217e-05,0.000137108,2
5215,5220,5217.5,6.85542e-05,0.000342771,5
5220,5225,5222.5,9.59759e-05,0.000479879,7
5225,5230,5227.5,5.48434e-05,0.000274217,4
5230,5235,5232.5,4.11325e-05,0.000205663,3
5235,5240,5237.5,4.11325e-05,0.000205663,3
5240,5245,5242.5,2.74217e-05,0.000137108,2
5245,5250,5247.5,1.37108e-05,6.85542e-05,1
5250,5255,5252.5,1.37108e-05,6.85542e-05,1
5255,5260,5257.5,2.74217e-05,0.000137108,2
5260,5265,5262.5,8.2265e-05,0.000411325,6
5265,5270,5267.5,1.37108e-05,6.85542e-05,1
5270,5275,5272.5,1.37108e-05,6.85542e-05,1
5275,5280,5277.5,9.59759e-05,0.000479879,7
5280,5285,5282.5,1.37108e-05,6.85542e-05,1
5285,5290,5287.5,2.74217e-05,0.000137108,2
5290,5295,5292.5,4.11325e-05,0.000205663,3
5295,5300,5297.5,2.74217e-05,0.000137108,2
5300,5305,5302.5,1.37108e-05,6.85542e-05,1
5305,5310,5307.5,5.48434e-05,0.000274217,4
5310,5315,5312.5,2.74217e-05,0.000137108,2
5315,5320,5317.5,2.74217e-05,0.000137108,2
5320,5325,5322.5,2.74217e-05,0.000137108,2
5325,5330,5327.5,5.48434e-05,0.000274217,4
5330,5335,5332.5,5.48434e-05,0.000274217,4
5335,5340,5337.5,1.37108e-05,6.85542e-05,1
5345,5350,5347.5,4.11325e-05,0.000205663,3
5355,5360,5357.5,4.11325e-05,0.000205663,3
5360,5365,5362.5,4.11325e-05,0.000205663,3
5365,5370,5367.5,1.37108e-05,6.85542e-05,1
5370,5375,5372.5,8.2265e-05,0.000411325,6
5375,5380,5377.5,1.37108e-05,6.85542e-05,1
5380,5385,5382.5,4.11325e-05,0.000205663,3
5385,5390,5387.5,4.11325e-05,0.000205663,3
5390,5395,5392.5,2.74217e-05,0.000137108,2
5395,5400,5397.5,2.74217e-05,0.000137108,2
5400,5405,5402.5,2.74217e-05,0.000137108,2
5405,5410,5407.5,5.48434e-05,0.000274217,4
5410,5415,5412.5,2.74217e-05,0.000137108,2
5415,5420,5417.5,4.11325e-05,0.000205663,3
5420,5425,5422.5,2.74217e-05,0.000137108,2
5425,5430,5427.5,2.74217e-05,0.000137108,2
5430,5435,5432.5,4.11325e-05,0.000205663,3
5435,5440,5437.5,1.37108e-05,6.85542e-05,1
5440,5445,5442.5,5.48434e-05,0.000274217,4
5445,5450,5447.5,8.2265e-05,0.000411325,6
5450,5455,5452.5,2.74217e-05,0.000137108,2
5460,5465,5462.5,2.74217e-05,0.000137108,2
5470,5475,5472.5,5.48434e-05,0.000274217,4
5475,5480,5477.5,9.59759e-05,0.000479879,7
5480,5485,5482.5,2.74217e-05,0.000137108,2
5485,5490,5487.5,1.37108e-05,6.85542e-05,1
5490,5495,5492.5,2.74217e-05,0.000137108,2
5495,5500,5497.5,1.37108e-05,6.85542e-05,1
5500,5505,5502.5,1.37108e-05,6.85542e-05,1
5505,5510,5507.5,2.74217e-05,0.000137108,2
5510,5515,5512.5,4.11325e-05,0.000205663,3
5515,5520,5517.5,0.000137108,0.000685542,10
5520,5525,5522.5,1.37108e-05,6.85542e-05,1
5530,5535,5532.5,4.11325e-05,0.000205663,3
5535,5540,5537.5,1.37108e-05,6.85542e-05,1
5540,5545,5542.5,4.11325e-05,0.000205663,3
5545,5550,5547.5,4.11325e-05,0.000205663,3
5550,5555,5552.5,2.74217e-05,0.000137108,2
5560,5565,5562.5,2.74217e-05,0.000137108,2
5565,5570,5567.5,5.48434e-05,0.000274217,4
5570,5575,5572.5,4.11325e-05,0.000205663,3
5575,5580,5577.5,4.11325e-05,0.000205663,3
5580,5585,5582.5,2.74217e-05,0.000137108,2
5585,5590,5587.5,1.37108e-05,6.85542e-05,1
5590,5595,5592.5,5.48434e-05,0.000274217,4
5595,5600,5597.5,1.37108e-05,6.85542e-05,1
5600,5605,5602.5,2.74217e-05,0.000137108,2
5605,5610,5607.5,4.11325e-05,0.000205663,3
5610,5615,5612.5,2.74217e-05,0.000137108,2
5615,5620,5617.5,2.74217e-05,0.000137108,2
5620,5625,5622.5,2.74217e-05,0.000137108,2
5625,5630,5627.5,4.11325e-05,0.000205663,3
5630,5635,5632.5,2.74217e-05,0.000137108,2
5635,5640,5637.5,4.11325e-05,0.000205663,3
5640,5645,5642.5,1.37108e-05,6.85542e-05,1
5645,5650,5647.5,4.11325e-05,0.000205663,3
5650,5655,5652.5,1.37108e-05,6.85542e-05,1
5655,5660,5657.5,6.85542e-05,0.000342771,5
5665,5670,5667.5,1.37108e-05,6.85542e-05,1
5670,5675,5672.5,6.85542e-05,0.000342771,5
5680,5685,5682.5,2.74217e-05,0.000137108,2
5685,5690,5687.5,1.37108e-05,6.85542e-05,1
5690,5695,5692.5,2.74217e-05,0.000137108,2
5695,5700,5697.5,1.37108e-05,6.85542e-05,1
5700,5705,5702.5,2.74217e-05,0.000137108,2
5705,5710,5707.5,2.74217e-05,0.000137108,2
5710,5715,5712.5,5.48434e-05,0.000274217,4
5715,5720,5717.5,4.11325e-05,0.000205663,3
5720,5725,5722.5,2.74217e-05,0.000137108,2
5725,5730,5727.5,4.11325e-05,0.000205663,3
5730,5735,5732.5,2.74217e-05,0.000137108,2
5735,5740,5737.5,5.48434e-05,0.000274217,4
5740,5745,5742.5,1.37108e-05,6.85542e-05,1
5745,5750,5747.5,2.74217e-05,0.000137108,2
5750,5755,5752.5,4.11325e-05,0.000205663,3
5760,5765,5762.5,5.48434e-05,0.000274217,4
5765,5770,5767.5,1.37108e-05,6.85542e-05,1
5770,5775,5772.5,4.11325e-05,0.000205663,3
5775,5780,5777.5,1.37108e-05,6.85542e-05,1
5780,5785,5782.5,2.74217e-05,0.000137108,2
5785,5790,5787.5,4.11325e-05,0.000205663,3
5790,5795,5792.5,5.48434e-05,0.000274217,4
5795,5800,5797.5,1.37108e-05,6.85542e-05,1
5805,5810,5807.5,5.48434e-05,0.000274217,4
5810,5815,5812.5,4.11325e-05,0.000205663,3
5815,5820,5817.5,4.11325e-05,0.000205663,3
5820,5825,5822.5,1.37108e-05,6.85542e-05,1
5825,5830,5827.5,2.74217e-05,0.000137108,2
5830,5835,5832.5,5.48434e-05,0.000274217,4
5835,5840,5837.5,5.48434e-05,0.000274217,4
5840,5845,5842.5,2.74217e-05,0.000137108,2
5845,5850,5847.5,5.48434e-05,0.000274217,4
5850,5855,5852.5,4.11325e-05,0.000205663,3
5855,5860,5857.5,5.48434e-05,0.000274217,4
5860,5865,5862.5,6.85542e-05,0.000342771,5
5865,5870,5867.5,4.11325e-05,0.000205663,3
5875,5880,5877.5,2.74217e-05,0.000137108,2
5880,5885,5882.5,1.37108e-05,6.85542e-05,1
5885,5890,5887.5,4.11325e-05,0.000205663,3
5890,5895,5892.5,1.37108e-05,6.85542e-05,1
5895,5900,5897.5,1.37108e-05,6.85542e-05,1
5900,5905,5902.5,5.48434e-05,0.000274217,4
5905,5910,5907.5,2.74217e-05,0.000137108,2
5910,5915,5912.5,4.11325e-05,0.000205663,3
5915,5920,5917.5,1.37108e-05,6.85542e-05,1
5920,5925,5922.5,4.11325e-05,0.000205663,3
5925,5930,5927.5,4.11325e-05,0.000205663,3
5930,5935,5932.5,2.74217e-05,0.000137108,2
5935,5940,5937.5,2.74217e-05,0.000137108,2
5940,5945,5942.5,1.37108e-05,6.85542e-05,1
5945,5950,5947.5,4.11325e-05,0.000205663,3
5950,5955,5952.5,2.74217e-05,0.000137108,2
5955,5960,5957.5,4.11325e-05,0.000205663,3
5960,5965,5962.5,6.85542e-05,0.000342771,5
5965,5970,5967.5,4.11325e-05,0.000205663,3
5975,5980,5977.5,1.37108e-05,6.85542e-05,1
5980,5985,5982.5,1.37108e-05,6.85542e-05,1
5985,5990,5987.5,2.74217e-05,0.000137108,2
5990,5995,5992.5,1.37108e-05,6.85542e-05,1
5995,6000,5997.5,1.37108e-05,6.85542e-05,1
6000,6005,6002.5,2.74217e-05,0.000137108,2
6005,6010,6007.5,2.74217e-05,0.000137108,2
6010,6015,6012.5,1.37108e-05,6.85542e-05,1
6015,6020,6017.5,1.37108e-05,6.85542e-05,1
6020,6025,6022.5,1.37108e-05,6.85542e-05,1
6025,6030,6027.5,4.11325e-05,0.000205663,3
6030,6035,6032.5,1.37108e-05,6.85542e-05,1
6045,6050,6047.5,5.48434e-05,0.000274217,4
6050,6055,6052.5,1.37108e-05,6.85542e-05,1
6055,6060,6057.5,5.48434e-05,0.000274217,4
6060,6065,6062.5,4.11325e-05,0.000205663,3
6065,6070,6067.5,1.37108e-05,6.85542e-05,1
6070,6075,6072.5,1.37108e-05,6.85542e-05,1
6075,6080,6077.5,2.74217e-05,0.000137108,2
6080,6085,6082.5,6.85542e-05,0.000342771,5
6085,6090,6087.5,2.74217e-05,0.000137108,2
6090,6095,6092.5,2.74217e-05,0.000137108,2
6095,6100,6097.5,6.85542e-05,0.000342771,5
6100,6105,6102.5,4.11325e-05,0.000205663,3
6105,6110,6107.5,8.2265e-05,0.000411325,6
6110,6115,6112.5,4.11325e-05,0.000205663,3
6115,6120,6117.5,5.48434e-05,0.000274217,4
6120,6125,6122.5,1.37108e-05,6.85542e-05,1
6130,6135,6132.5,1.37108e-05,6.85542e-05,1
6140,6145,6142.5,1.37108e-05,6.85542e-05,1
6145,6150,6147.5,1.37108e-05,6.85542e-05,1
6150,6155,6152.5,5.48434e-05,0.000274217,4
6155,6160,6157.5,1.37108e-05,6.85542e-05,1
6160,6165,6162.5,1.37108e-05,6.85542e-05,1
6165,6170,6167.5,4.11325e-05,0.000205663,3
6170,6175,6172.5,1.37108e-05,6.85542e-05,1
6175,6180,6177.5,1.37108e-05,6.85542e-05,1
6180,6185,6182.5,1.37108e-05,6.85542e-05,1
6185,6190,6187.5,6.85542e-05,0.000342771,5
6190,6195,6192.5,1.37108e-05,6.85542e-05,1
6195,6200,6197.5,5.48434e-05,0.000274217,4
6200,6205,6202.5,2.74217e-05,0.000137108,2
6205,6210,6207.5,6.85542e-05,0.000342771,5
6210,6215,6212.5,1.37108e-05,6.85542e-05,1
6215,6220,6217.5,4.11325e-05,0.000205663,3
6220,6225,6222.5,4.11325e-05,0.000205663,3
6225,6230,6227.5,1.37108e-05,6.85542e-05,1
6230,6235,6232.5,2.74217e-05,0.000137108,2
6235,6240,6237.5,8.2265e-05,0.000411325,6
6240,6245,6242.5,5.48434e-05,0.000274217,4
6245,6250,6247.5,2.74217e-05,0.000137108,2
6250,6255,6252.5,4.11325e-05,0.000205663,3
6255,6260,6257.5,2.74217e-05,0.000137108,2
6260,6265,6262.5,1.37108e-05,6.85542e-05,1
6265,6270,6267.5,2.74217e-05,0.000137108,2
6270,6275,6272.5,1.37108e-05,6.85542e-05,1
6275,6280,6277.5,5.48434e-05,0.000274217,4
6280,6285,6282.5,4.11325e-05,0.000205663,3
6285,6290,6287.5,5.48434e-05,0.000274217,4
6290,6295,6292.5,1.37108e-05,6.85542e-05,1
6305,6310,6307.5,4.11325e-05,0.000205663,3
6310,6315,6312.5,2.74217e-05,0.000137108,2
6315,6320,6317.5,5.48434e-05,0.000274217,4
6320,6325,6322.5,4.11325e-05,0.000205663,3
6325,6330,6327.5,2.74217e-05,0.000137108,2
6335,6340,6337.5,4.11325e-05,0.000205663,3
6340,6345,6342.5,6.85542e-05,0.000342771,5
6345,6350,6347.5,2.74217e-05,0.000137108,2
6350,6355,6352.5,2.74217e-05,0.000137108,2
6355,6360,6357.5,4.11325e-05,0.000205663,3
6360,6365,6362.5,1.37108e-05,6.85542e-05,1
6370,6375,6372.5,2.74217e-05,0.000137108,2
6375,6380,6377.5,4.11325e-05,0.000205663,3
6380,6385,6382.5,4.11325e-05,0.000205663,3
6385,6390,6387.5,2.74217e-05,0.000137108,2
6390,6395,6392.5,4.11325e-05,0.000205663,3
6395,6400,6397.5,4.11325e-05,0.000205663,3
6400,6405,6402.5,2.74217e-05,0.000137108,2
6405,6410,6407.5,4.11325e-05,0.000205663,3
6410,6415,6412.5,6.85542e-05,0.000342771,5
6415,6420,6417.5,4.11325e-05,0.000205663,3
6420,6425,6422.5,1.37108e-05,6.85542e-05,1
6425,6430,6427.5,2.74217e-05,0.000137108,2
6430,6435,6432.5,2.74217e-05,0.000137108,2
6435,6440,6437.5,4.11325e-05,0.000205663,3
6440,6445,6442.5,8.2265e-05,0.000411325,6
6445,6450,6447.5,4.11325e-05,0.000205663,3
6450,6455,6452.5,1.37108e-05,6.85542e-05,1
6455,6460,6457.5,4.11325e-05,0.000205663,3
6465,6470,6467.5,1.37108e-05,6.85542e-05,1
6470,6475,6472.5,1.37108e-05,6.85542e-05,1
6480,6485,6482.5,4.11325e-05,0.000205663,3
6485,6490,6487.5,1.37108e-05,6.85542e-05,1
6490,6495,6492.5,4.11325e-05,0.000205663,3
6495,6500,6497.5,2.74217e-05,0.000137108,2
6500,6505,6502.5,2.74217e-05,0.000137108,2
6505,6510,6507.5,4.11325e-05,0.000205663,3
6510,6515,6512.5,4.11325e-05,0.000205663,3
6515,6520,6517.5,1.37108e-05,6.85542e-05,1
6520,6525,6522.5,1.37108e-05,6.85542e-05,1
6530,6535,6532.5,4.11325e-05,0.000205663,3
6535,6540,6537.5,2.74217e-05,0.000137108,2
6540,6545,6542.5,1.37108e-05,6.85542e-05,1
6545,6550,6547.5,2.74217e-05,0.000137108,2
6550,6555,6552.5,2.74217e-05,0.000137108,2
6560,6565,6562.5,2.74217e-05,0.000137108,2
6565,6570,6567.5,2.74217e-05,0.000137108,2
6570,6575,6572.5,5.48434e-05,0.000274217,4
6575,6580,6577.5,4.11325e-05,0.000205663,3
6580,6585,6582.5,4.11325e-05,0.000205663,3
6585,6590,6587.5,1.37108e-05,6.85542e-05,1
6595,6600,6597.5,1.37108e-05,6.85542e-05,1
6600,6605,6602.5,1.37108e-05,6.85542e-05,1
6605,6610,6607.5,2.74217e-05,0.000137108,2
6610,6615,6612.5,1.37108e-05,6.85542e-05,1
6615,6620,6617.5,4.11325e-05,0.000205663,3
6620,6625,6622.5,1.37108e-05,6.85542e-05,1
6625,6630,6627.5,2.74217e-05,0.000137108,2
6630,6635,6632.5,8.2265e-05,0.000411325,6
6635,6640,6637.5,1.37108e-05,6.85542e-05,1
6640,6645,6642.5,4.11325e-05,0.000205663,3
6645,6650,6647.5,2.74217e-05,0.000137108,2
6650,6655,6652.5,2.74217e-05,0.000137108,2
6655,6660,6657.5,1.37108e-05,6.85542e-05,1
6665,6670,6667.5,2.74217e-05,0.000137108,2
6680,6685,6682.5,4.11325e-05,0.000205663,3
6685,6690,6687.5,1.37108e-05,6.85542e-05,1
6700,6705,6702.5,2.74217e-05,0.000137108,2
6720,6725,6722.5,5.48434e-05,0.000274217,4
6730,6735,6732.5,4.11325e-05,0.000205663,3
6735,6740,6737.5,1.37108e-05,6.85542e-05,1
6740,6745,6742.5,2.74217e-05,0.000137108,2
6745,6750,6747.5,4.11325e-05,0.000205663,3
6750,6755,6752.5,1.37108e-05,6.85542e-05,1
6755,6760,6757.5,1.37108e-05,6.85542e-05,1
6760,6765,6762.5,1.37108e-05,6.85542e-05,1
6765,6770,6767.5,4.11325e-05,0.000205663,3
6770,6775,6772.5,4.11325e-05,0.000205663,3
6775,6780,6777.5,4.11325e-05,0.000205663,3
6785,6790,6787.5,1.37108e-05,6.85542e-05,1
6790,6795,6792.5,1.37108e-05,6.85542e-05,1
6795,6800,6797.5,1.37108e-05,6.85542e-05,1
6800,6805,6802.5,5.48434e-05,0.000274217,4
6810,6815,6812.5,1.37108e-05,6.85542e-05,1
6820,6825,6822.5,2.74217e-05,0.000137108,2
6825,6830,6827.5,2.74217e-05,0.000137108,2
6830,6835,6832.5,1.37108e-05,6.85542e-05,1
6835,6840,6837.5,4.11325e-05,0.000205663,3
6840,6845,6842.5,4.11325e-05,0.000205663,3
6845,6850,6847.5,4.11325e-05,0.000205663,3
6850,6855,6852.5,1.37108e-05,6.85542e-05,1
6855,6860,6857.5,4.11325e-05,0.000205663,3
6860,6865,6862.5,2.74217e-05,0.000137108,2
6870,6875,6872.5,5.48434e-05,0.000274217,4
6875,6880,6877.5,2.74217e-05,0.000137108,2
6880,6885,6882.5,2.74217e-05,0.000137108,2
6885,6890,6887.5,4.11325e-05,0.000205663,3
6890,6895,6892.5,1.37108e-05,6.85542e-05,1
6900,6905,6902.5,2.74217e-05,0.000137108,2
6905,6910,6907.5,2.74217e-05,0.000137108,2
6910,6915,6912.5,2.74217e-05,0.000137108,2
6920,6925,6922.5,1.37108e-05,6.85542e-05,1
6930,6935,6932.5,1.37108e-05,6.85542e-05,1
6940,6945,6942.5,5.48434e-05,0.000274217,4
6945,6950,6947.5,2.74217e-05,0.000137108,2
6950,6955,6952.5,4.11325e-05,0.000205663,3
6955,6960,6957.5,6.85542e-05,0.000342771,5
6960,6965,6962.5,4.11325e-05,0.000205663,3
6965,6970,6967.5,2.74217e-05,0.000137108,2
6970,6975,6972.5,1.37108e-05,6.85542e-05,1
6975,6980,6977.5,4.11325e-05,0.000205663,3
6980,6985,6982.5,2.74217e-05,0.000137108,2
6985,6990,6987.5,4.11325e-05,0.000205663,3
6990,6995,6992.5,5.48434e-05,0.000274217,4
6995,7000,6997.5,4.11325e-05,0.000205663,3
7000,7005,7002.5,1.37108e-05,6.85542e-05,1
7010,7015,7012.5,4.11325e-05,0.000205663,3
7015,7020,7017.5,1.37108e-05,6.85542e-05,1
7020,7025,7022.5,1.37108e-05,6.85542e-05,1
7025,7030,7027.5,5.48434e-05,0.000274217,4
7030,7035,7032.5,2.74217e-05,0.000137108,2
7035,7040,7037.5,1.37108e-05,6.85542e-05,1
7040,7045,7042.5,2.74217e-05,0.000137108,2
7045,7050,7047.5,5.48434e-05,0.000274217,4
7050,7055,7052.5,1.37108e-05,6.85542e-05,1
7055,7060,7057.5,1.37108e-05,6.85542e-05,1
7060,7065,7062.5,2.74217e-05,0.000137108,2
7075,7080,7077.5,2.74217e-05,0.000137108,2
7080,7085,7082.5,2.74217e-05,0.000137108,2
7090,7095,7092.5,1.37108e-05,6.85542e-05,1
7095,7100,7097.5,4.11325e-05,0.000205663,3
7100,7105,7102.5,1.37108e-05,6.85542e-05,1
7105,7110,7107.5,1.37108e-05,6.85542e-05,1
7110,7115,7112.5,4.11325e-05,0.000205663,3
7115,7120,7117.5,2.74217e-05,0.000137108,2
7120,7125,7122.5,4.11325e-05,0.000205663,3
7125,7130,7127.5,2.74217e-05,0.000137108,2
7150,7155,7152.5,1.37108e-05,6.85542e-05,1
7155,7160,7157.5,2.74217e-05,0.000137108,2
7165,7170,7167.5,1.37108e-05,6.85542e-05,1
7170,7175,7172.5,1.37108e-05,6.85542e-05,1
7185,7190,7187.5,1.37108e-05,6.85542e-05,1
7190,7195,7192.5,4.11325e-05,0.000205663,3
7200,7205,7202.5,4.11325e-05,0.000205663,3
7205,7210,7207.5,2.74217e-05,0.000137108,2
7210,7215,7212.5,2.74217e-05,0.000137108,2
7215,7220,7217.5,1.37108e-05,6.85542e-05,1
7220,7225,7222.5,4.11325e-05,0.000205663,3
7225,7230,7227.5,5.48434e-05,0.000274217,4
7235,7240,7237.5,2.74217e-05,0.000137108,2
7240,7245,7242.5,2.74217e-05,0.000137108,2
7250,7255,7252.5,1.37108e-05,6.85542e-05,1
7255,7260,7257.5,1.37108e-05,6.85542e-05,1
7260,7265,7262.5,4.11325e-05,0.000205663,3
7270,7275,7272.5,5.48434e-05,0.000274217,4
7280,7285,7282.5,1.37108e-05,6.85542e-05,1
7285,7290,7287.5,1.37108e-05,6.85542e-05,1
7290,7295,7292.5,2.74217e-05,0.000137108,2
7295,7300,7297.5,1.37108e-05,6.85542e-05,1
7300,7305,7302.5,1.37108e-05,6.85542e-05,1
7305,7310,7307.5,1.37108e-05,6.85542e-05,1
7310,7315,7312.5,5.48434e-05,0.000274217,4
7315,7320,7317.5,5.48434e-05,0.000274217,4
7320,7325,7322.5,4.11325e-05,0.000205663,3
7325,7330,7327.5,2.74217e-05,0.000137108,2
7330,7335,7332.5,2.74217e-05,0.000137108,2
7335,7340,7337.5,1.37108e-05,6.85542e-05,1
7340,7345,7342.5,2.74217e-05,0.000137108,2
7345,7350,7347.5,2.74217e-05,0.000137108,2
7350,7355,7352.5,1.37108e-05,6.85542e-05,1
7355,7360,7357.5,2.74217e-05,0.000137108,2
7360,7365,7362.5,2.74217e-05,0.000137108,2
7365,7370,7367.5,2.74217e-05,0.000137108,2
7370,7375,7372.5,4.11325e-05,0.000205663,3
7375,7380,7377.5,6.85542e-05,0.000342771,5
7380,7385,7382.5,5.48434e-05,0.000274217,4
7385,7390,7387.5,2.74217e-05,0.000137108,2
7390,7395,7392.5,2.74217e-05,0.000137108,2
7395,7400,7397.5,2.74217e-05,0.000137108,2
7400,7405,7402.5,5.48434e-05,0.000274217,4
7405,7410,7407.5,1.37108e-05,6.85542e-05,1
7410,7415,7412.5,2.74217e-05,0.000137108,2
7415,7420,7417.5,1.37108e-05,6.85542e-05,1
7420,7425,7422.5,2.74217e-05,0.000137108,2
7425,7430,7427.5,4.11325e-05,0.000205663,3
7430,7435,7432.5,2.74217e-05,0.000137108,2
7435,7440,7437.5,4.11325e-05,0.000205663,3
7440,7445,7442.5,1.37108e-05,6.85542e-05,1
7445,7450,7447.5,2.74217e-05,0.000137108,2
7450,7455,7452.5,2.74217e-05,0.000137108,2
7455,7460,7457.5,1.37108e-05,6.85542e-05,1
7460,7465,7462.5,6.85542e-05,0.000342771,5
7475,7480,7477.5,2.74217e-05,0.000137108,2
7480,7485,7482.5,6.85542e-05,0.000342771,5
7485,7490,7487.5,1.37108e-05,6.85542e-05,1
7490,7495,7492.5,1.37108e-05,6.85542e-05,1
7495,7500,7497.5,2.74217e-05,0.000137108,2
7500,7505,7502.5,2.74217e-05,0.000137108,2
7505,7510,7507.5,2.74217e-05,0.000137108,2
7510,7515,7512.5,1.37108e-05,6.85542e-05,1
7515,7520,7517.5,2.74217e-05,0.000137108,2
7520,7525,7522.5,1.37108e-05,6.85542e-05,1
7530,7535,7532.5,4.11325e-05,0.000205663,3
7540,7545,7542.5,5.48434e-05,0.000274217,4
7545,7550,7547.5,2.74217e-05,0.000137108,2
7550,7555,7552.5,4.11325e-05,0.000205663,3
7560,7565,7562.5,1.37108e-05,6.85542e-05,1
7565,7570,7567.5,1.37108e-05,6.85542e-05,1
7580,7585,7582.5,1.37108e-05,6.85542e-05,1
7585,7590,7587.5,4.11325e-05,0.000205663,3
7590,7595,7592.5,1.37108e-05,6.85542e-05,1
7600,7605,7602.5,2.74217e-05,0.000137108,2
7615,7620,7617.5,1.37108e-05,6.85542e-05,1
7620,7625,7622.5,1.37108e-05,6.85542e-05,1
7625,7630,7627.5,1.37108e-05,6.85542e-05,1
7630,7635,7632.5,2.74217e-05,0.000137108,2
7635,7640,7637.5,1.37108e-05,6.85542e-05,1
7640,7645,7642.5,4.11325e-05,0.000205663,3
7645,7650,7647.5,2.74217e-05,0.000137108,2
7655,7660,7657.5,2.74217e-05,0.000137108,2
7660,7665,7662.5,1.37108e-05,6.85542e-05,1
7665,7670,7667.5,1.37108e-05,6.85542e-05,1
7675,7680,7677.5,1.37108e-05,6.85542e-05,1
7680,7685,7682.5,1.37108e-05,6.85542e-05,1
7685,7690,7687.5,1.37108e-05,6.85542e-05,1
7690,7695,7692.5,2.74217e-05,0.000137108,2
7695,7700,7697.5,1.37108e-05,6.85542e-05,1
7700,7705,7702.5,1.37108e-05,6.85542e-05,1
7705,7710,7707.5,2.74217e-05,0.000137108,2
7710,7715,7712.5,1.37108e-05,6.85542e-05,1
7715,7720,7717.5,1.37108e-05,6.85542e-05,1
7720,7725,7722.5,4.11325e-05,0.000205663,3
7725,7730,7727.5,1.37108e-05,6.85542e-05,1
7740,7745,7742.5,5.48434e-05,0.000274217,4
7745,7750,7747.5,1.37108e-05,6.85542e-05,1
7760,7765,7762.5,2.74217e-05,0.000137108,2
7770,7775,7772.5,1.37108e-05,6.85542e-05,1
7775,7780,7777.5,1.37108e-05,6.85542e-05,1
7785,7790,7787.5,1.37108e-05,6.85542e-05,1
7790,7795,7792.5,1.37108e-05,6.85542e-05,1
7795,7800,7797.5,4.11325e-05,0.000205663,3
7800,7805,7802.5,1.37108e-05,6.85542e-05,1
7810,7815,7812.5,1.37108e-05,6.85542e-05,1
7815,7820,7817.5,2.74217e-05,0.000137108,2
7820,7825,7822.5,1.37108e-05,6.85542e-05,1
7825,7830,7827.5,2.74217e-05,0.000137108,2
7830,7835,7832.5,1.37108e-05,6.85542e-05,1
7835,7840,7837.5,1.37108e-05,6.85542e-05,1
7845,7850,7847.5,1.37108e-05,6.85542e-05,1
7850,7855,7852.5,4.11325e-05,0.000205663,3
7855,7860,7857.5,1.37108e-05,6.85542e-05,1
7860,7865,7862.5,4.11325e-05,0.000205663,3
7865,7870,7867.5,1.37108e-05,6.85542e-05,1
7870,7875,7872.5,4.11325e-05,0.000205663,3
7880,7885,7882.5,2.74217e-05,0.000137108,2
7885,7890,7887.5,2.74217e-05,0.000137108,2
7890,7895,7892.5,2.74217e-05,0.000137108,2
7895,7900,7897.5,1.37108e-05,6.85542e-05,1
7900,7905,7902.5,1.37108e-05,6.85542e-05,1
7905,7910,7907.5,1.37108e-05,6.85542e-05,1
7910,7915,7912.5,2.74217e-05,0.000137108,2
7915,7920,7917.5,1.37108e-05,6.85542e-05,1
7920,7925,7922.5,1.37108e-05,6.85542e-05,1
7925,7930,7927.5,2.74217e-05,0.000137108,2
7930,7935,7932.5,1.37108e-05,6.85542e-05,1
7935,7940,7937.5,1.37108e-05,6.85542e-05,1
7940,7945,7942.5,5.48434e-05,0.000274217,4
7950,7955,7952.5,1.37108e-05,6.85542e-05,1
7955,7960,7957.5,1.37108e-05,6.85542e-05,1
7960,7965,7962.5,4.11325e-05,0.000205663,3
7965,7970,7967.5,4.11325e-05,0.000205663,3
7970,7975,7972.5,2.74217e-05,0.000137108,2
7975,7980,7977.5,2.74217e-05,0.000137108,2
7985,7990,7987.5,4.11325e-05,0.000205663,3
8005,8010,8007.5,1.37108e-05,6.85542e-05,1
8010,8015,8012.5,4.11325e-05,0.000205663,3
8015,8020,8017.5,1.37108e-05,6.85542e-05,1
8020,8025,8022.5,4.11325e-05,0.000205663,3
8025,8030,8027.5,1.37108e-05,6.85542e-05,1
8030,8035,8032.5,2.74217e-05,0.000137108,2
8040,8045,8042.5,1.37108e-05,6.85542e-05,1
8045,8050,8047.5,2.74217e-05,0.000137108,2
8050,8055,8052.5,1.37108e-05,6.85542e-05,1
8055,8060,8057.5,5.48434e-05,0.000274217,4
8065,8070,8067.5,2.74217e-05,0.000137108,2
8070,8075,8072.5,1.37108e-05,6.85542e-05,1
8085,8090,8087.5,4.11325e-05,0.000205663,3
8090,8095,8092.5,1.37108e-05,6.85542e-05,1
8095,8100,8097.5,4.11325e-05,0.000205663,3
8100,8105,8102.5,2.74217e-05,0.000137108,2
8105,8110,8107.5,1.37108e-05,6.85542e-05,1
8110,8115,8112.5,1.37108e-05,6.85542e-05,1
8120,8125,8122.5,2.74217e-05,0.000137108,2
8125,8130,8127.5,5.48434e-05,0.000274217,4
8130,8135,8132.5,2.74217e-05,0.000137108,2
8140,8145,8142.5,4.11325e-05,0.000205663,3
8145,8150,8147.5,4.11325e-05,0.000205663,3
8150,8155,8152.5,2.74217e-05,0.000137108,2
8155,8160,8157.5,2.74217e-05,0.000137108,2
8160,8165,8162.5,2.74217e-05,0.000137108,2
8165,8170,8167.5,2.74217e-05,0.000137108,2
8170,8175,8172.5,2.74217e-05,0.000137108,2
8180,8185,8182.5,5.48434e-05,0.000274217,4
8190,8195,8192.5,2.74217e-05,0.000137108,2
8200,8205,8202.5,1.37108e-05,6.85542e-05,1
8205,8210,8207.5,1.37108e-05,6.85542e-05,1
8210,8215,8212.5,4.11325e-05,0.000205663,3
8215,8220,8217.5,2.74217e-05,0.000137108,2
8220,8225,8222.5,1.37108e-05,6.85542e-05,1
8225,8230,8227.5,1.37108e-05,6.85542e-05,1
8235,8240,8237.5,4.11325e-05,0.000205663,3
8240,8245,8242.5,1.37108e-05,6.85542e-05,1
8245,8250,8247.5,2.74217e-05,0.000137108,2
8250,8255,8252.5,2.74217e-05,0.000137108,2
8255,8260,8257.5,4.11325e-05,0.000205663,3
8260,8265,8262.5,1.37108e-05,6.85542e-05,1
8265,8270,8267.5,2.74217e-05,0.000137108,2
8275,8280,8277.5,2.74217e-05,0.000137108,2
8280,8285,8282.5,4.11325e-05,0.000205663,3
8285,8290,8287.5,1.37108e-05,6.85542e-05,1
8290,8295,8292.5,1.37108e-05,6.85542e-05,1
8295,8300,8297.5,1.37108e-05,6.85542e-05,1
8300,8305,8302.5,1.37108e-05,6.85542e-05,1
8305,8310,8307.5,4.11325e-05,0.000205663,3
8315,8320,8317.5,4.11325e-05,0.000205663,3
8320,8325,8322.5,2.74217e-05,0.000137108,2
8325,8330,8327.5,1.37108e-05,6.85542e-05,1
8335,8340,8337.5,1.37108e-05,6.85542e-05,1
8340,8345,8342.5,4.11325e-05,0.000205663,3
8345,8350,8347.5,2.74217e-05,0.000137108,2
8350,8355,8352.5,5.48434e-05,0.000274217,4
8355,8360,8357.5,1.37108e-05,6.85542e-05,1
8360,8365,8362.5,1.37108e-05,6.85542e-05,1
8370,8375,8372.5,1.37108e-05,6.85542e-05,1
8375,8380,8377.5,1.37108e-05,6.85542e-05,1
8395,8400,8397.5,2.74217e-05,0.000137108,2
8400,8405,8402.5,1.37108e-05,6.85542e-05,1
8405,8410,8407.5,1.37108e-05,6.85542e-05,1
8410,8415,8412.5,2.74217e-05,0.000137108,2
8415,8420,8417.5,1.37108e-05,6.85542e-05,1
8420,8425,8422.5,2.74217e-05,0.000137108,2
8435,8440,8437.5,2.74217e-05,0.000137108,2
8440,8445,8442.5,1.37108e-05,6.85542e-05,1
8465,8470,8467.5,2.74217e-05,0.000137108,2
8470,8475,8472.5,4.11325e-05,0.000205663,3
8475,8480,8477.5,2.74217e-05,0.000137108,2
8480,8485,8482.5,4.11325e-05,0.000205663,3
8490,8495,8492.5,1.37108e-05,6.85542e-05,1
8505,8510,8507.5,2.74217e-05,0.000137108,2
8510,8515,8512.5,2.74217e-05,0.000137108,2
8515,8520,8517.5,1.37108e-05,6.85542e-05,1
8530,8535,8532.5,4.11325e-05,0.000205663,3
8535,8540,8537.5,1.37108e-05,6.85542e-05,1
8545,8550,8547.5,1.37108e-05,6.85542e-05,1
8550,8555,8552.5,2.74217e-05,0.000137108,2
8560,8565,8562.5,4.11325e-05,0.000205663,3
8565,8570,8567.5,1.37108e-05,6.85542e-05,1
8575,8580,8577.5,1.37108e-05,6.85542e-05,1
8585,8590,8587.5,1.37108e-05,6.85542e-05,1
8600,8605,8602.5,2.74217e-05,0.000137108,2
8605,8610,8607.5,1.37108e-05,6.85542e-05,1
8610,8615,8612.5,2.74217e-05,0.000137108,2
8615,8620,8617.5,1.37108e-05,6.85542e-05,1
8620,8625,8622.5,2.74217e-05,0.000137108,2
8625,8630,8627.5,2.74217e-05,0.000137108,2
8635,8640,8637.5,2.74217e-05,0.000137108,2
8640,8645,8642.5,4.11325e-05,0.000205663,3
8645,8650,8647.5,2.74217e-05,0.000137108,2
8650,8655,8652.5,1.37108e-05,6.85542e-05,1
8655,8660,8657.5,4.11325e-05,0.000205663,3
8660,8665,8662.5,5.48434e-05,0.000274217,4
8665,8670,8667.5,5.48434e-05,0.000274217,4
8670,8675,8672.5,2.74217e-05,0.000137108,2
8675,8680,8677.5,2.74217e-05,0.000137108,2
8690,8695,8692.5,1.37108e-05,6.85542e-05,1
8695,8700,8697.5,1.37108e-05,6.85542e-05,1
8715,8720,8717.5,1.37108e-05,6.85542e-05,1
8725,8730,8727.5,1.37108e-05,6.85542e-05,1
8730,8735,8732.5,2.74217e-05,0.000137108,2
8735,8740,8737.5,2.74217e-05,0.000137108,2
8740,8745,8742.5,1.37108e-05,6.85542e-05,1
8745,8750,8747.5,1.37108e-05,6.85542e-05,1
8750,8755,8752.5,1.37108e-05,6.85542e-05,1
8755,8760,8757.5,4.11325e-05,0.000205663,3
8760,8765,8762.5,4.11325e-05,0.000205663,3
8765,8770,8767.5,1.37108e-05,6.85542e-05,1
8770,8775,8772.5,4.11325e-05,0.000205663,3
8775,8780,8777.5,4.11325e-05,0.000205663,3
8780,8785,8782.5,4.11325e-05,0.000205663,3
8785,8790,8787.5,2.74217e-05,0.000137108,2
8795,8800,8797.5,1.37108e-05,6.85542e-05,1
8800,8805,8802.5,1.37108e-05,6.85542e-05,1
8810,8815,8812.5,1.37108e-05,6.85542e-05,1
8815,8820,8817.5,2.74217e-05,0.000137108,2
8820,8825,8822.5,2.74217e-05,0.000137108,2
8835,8840,8837.5,2.74217e-05,0.000137108,2
8845,8850,8847.5,1.37108e-05,6.85542e-05,1
8850,8855,8852.5,4.11325e-05,0.000205663,3
8855,8860,8857.5,2.74217e-05,0.000137108,2
8860,8865,8862.5,2.74217e-05,0.000137108,2
8865,8870,8867.5,1.37108e-05,6.85542e-05,1
8870,8875,8872.5,4.11325e-05,0.000205663,3
8875,8880,8877.5,4.11325e-05,0.000205663,3
8880,8885,8882.5,2.74217e-05,0.000137108,2
8885,8890,8887.5,1.37108e-05,6.85542e-05,1
8895,8900,8897.5,1.37108e-05,6.85542e-05,1
8900,8905,8902.5,2.74217e-05,0.000137108,2
8915,8920,8917.5,1.37108e-05,6.85542e-05,1
8920,8925,8922.5,2.74217e-05,0.000137108,2
8930,8935,8932.5,1.37108e-05,6.85542e-05,1
8935,8940,8937.5,5.48434e-05,0.000274217,4
8940,8945,8942.5,2.74217e-05,0.000137108,2
8945,8950,8947.5,4.11325e-05,0.000205663,3
8950,8955,8952.5,1.37108e-05,6.85542e-05,1
8955,8960,8957.5,2.74217e-05,0.000137108,2
8960,8965,8962.5,1.37108e-05,6.85542e-05,1
8965,8970,8967.5,1.37108e-05,6.85542e-05,1
8970,8975,8972.5,1.37108e-05,6.85542e-05,1
8985,8990,8987.5,2.74217e-05,0.000137108,2
8990,8995,8992.5,1.37108e-05,6.85542e-05,1
8995,9000,8997.5,1.37108e-05,6.85542e-05,1
9000,9005,9002.5,2.74217e-05,0.000137108,2
9010,9015,9012.5,4.11325e-05,0.000205663,3
9015,9020,9017.5,4.11325e-05,0.000205663,3
9020,9025,9022.5,1.37108e-05,6.85542e-05,1
9025,9030,9027.5,2.74217e-05,0.000137108,2
9030,9035,9032.5,2.74217e-05,0.000137108,2
9035,9040,9037.5,1.37108e-05,6.85542e-05,1
9050,9055,9052.5,1.37108e-05,6.85542e-05,1
9055,9060,9057.5,2.74217e-05,0.000137108,2
9060,9065,9062.5,2.74217e-05,0.000137108,2
9065,9070,9067.5,1.37108e-05,6.85542e-05,1
9070,9075,9072.5,5.48434e-05,0.000274217,4
9080,9085,9082.5,5.48434e-05,0.000274217,4
9085,9090,9087.5,1.37108e-05,6.85542e-05,1
9090,9095,9092.5,2.74217e-05,0.000137108,2
9100,9105,9102.5,2.74217e-05,0.000137108,2
9110,9115,9112.5,1.37108e-05,6.85542e-05,1
9120,9125,9122.5,5.48434e-05,0.000274217,4
9125,9130,9127.5,1.37108e-05,6.85542e-05,1
9130,9135,9132.5,1.37108e-05,6.85542e-05,1
9140,9145,9142.5,1.37108e-05,6.85542e-05,1
9155,9160,9157.5,1.37108e-05,6.85542e-05,1
9160,9165,9162.5,2.74217e-05,0.000137108,2
9170,9175,9172.5,1.37108e-05,6.85542e-05,1
9175,9180,9177.5,2.74217e-05,0.000137108,2
9180,9185,9182.5,2.74217e-05,0.000137108,2
9185,9190,9187.5,2.74217e-05,0.000137108,2
9190,9195,9192.5,2.74217e-05,0.000137108,2
9195,9200,9197.5,2.74217e-05,0.000137108,2
9200,9205,9202.5,1.37108e-05,6.85542e-05,1
9205,9210,9207.5,1.37108e-05,6.85542e-05,1
9215,9220,9217.5,4.11325e-05,0.000205663,3
9220,9225,9222.5,2.74217e-05,0.000137108,2
9225,9230,9227.5,2.74217e-05,0.000137108,2
9230,9235,9232.5,2.74217e-05,0.000137108,2
9240,9245,9242.5,4.11325e-05,0.000205663,3
9245,9250,9247.5,1.37108e-05,6.85542e-05,1
9250,9255,9252.5,1.37108e-05,6.85542e-05,1
9255,9260,9257.5,1.37108e-05,6.85542e-05,1
9260,9265,9262.5,2.74217e-05,0.000137108,2
9270,9275,9272.5,2.74217e-05,0.000137108,2
9275,9280,9277.5,2.74217e-05,0.000137108,2
9285,9290,9287.5,4.11325e-05,0.000205663,3
9290,9295,9292.5,1.37108e-05,6.85542e-05,1
9295,9300,9297.5,1.37108e-05,6.85542e-05,1
9300,9305,9302.5,1.37108e-05,6.85542e-05,1
9305,9310,9307.5,1.37108e-05,6.85542e-05,1
9310,9315,9312.5,1.37108e-05,6.85542e-05,1
9335,9340,9337.5,1.37108e-05,6.85542e-05,1
9345,9350,9347.5,1.37108e-05,6.85542e-05,1
9350,9355,9352.5,1.37108e-05,6.85542e-05,1
9355,9360,9357.5,1.37108e-05,6.85542e-05,1
9365,9370,9367.5,6.85542e-05,0.000342771,5
9370,9375,9372.5,2.74217e-05,0.000137108,2
9380,9385,9382.5,4.11325e-05,0.000205663,3
9390,9395,9392.5,1.37108e-05,6.85542e-05,1
9395,9400,9397.5,2.74217e-05,0.000137108,2
9400,9405,9402.5,1.37108e-05,6.85542e-05,1
9410,9415,9412.5,1.37108e-05,6.85542e-05,1
9415,9420,9417.5,1.37108e-05,6.85542e-05,1
9420,9425,9422.5,4.11325e-05,0.000205663,3
9425,9430,9427.5,1.37108e-05,6.85542e-05,1
9430,9435,9432.5,2.74217e-05,0.000137108,2
9440,9445,9442.5,1.37108e-05,6.85542e-05,1
9455,9460,9457.5,1.37108e-05,6.85542e-05,1
9470,9475,9472.5,4.11325e-05,0.000205663,3
9475,9480,9477.5,2.74217e-05,0.000137108,2
9480,9485,9482.5,1.37108e-05,6.85542e-05,1
9495,9500,9497.5,1.37108e-05,6.85542e-05,1
9505,9510,9507.5,1.37108e-05,6.85542e-05,1
9510,9515,9512.5,2.74217e-05,0.000137108,2
9520,9525,9522.5,1.37108e-05,6.85542e-05,1
9525,9530,9527.5,1.37108e-05,6.85542e-05,1
9535,9540,9537.5,1.37108e-05,6.85542e-05,1
9540,9545,9542.5,2.74217e-05,0.000137108,2
9545,9550,9547.5,1.37108e-05,6.85542e-05,1
9550,9555,9552.5,2.74217e-05,0.000137108,2
9560,9565,9562.5,1.37108e-05,6.85542e-05,1
9575,9580,9577.5,1.37108e-05,6.85542e-05,1
9580,9585,9582.5,1.37108e-05,6.85542e-05,1
9590,9595,9592.5,1.37108e-05,6.85542e-05,1
9615,9620,9617.5,1.37108e-05,6.85542e-05,1
9620,9625,9622.5,1.37108e-05,6.85542e-05,1
9630,9635,9632.5,4.11325e-05,0.000205663,3
9635,9640,9637.5,4.11325e-05,0.000205663,3
9645,9650,9647.5,1.37108e-05,6.85542e-05,1
9655,9660,9657.5,4.11325e-05,0.000205663,3
9660,9665,9662.5,1.37108e-05,6.85542e-05,1
9665,9670,9667.5,1.37108e-05,6.85542e-05,1
9670,9675,9672.5,1.37108e-05,6.85542e-05,1
9675,9680,9677.5,1.37108e-05,6.85542e-05,1
9680,9685,9682.5,6.85542e-05,0.000342771,5
9690,9695,9692.5,4.11325e-05,0.000205663,3
9695,9700,9697.5,1.37108e-05,6.85542e-05,1
9700,9705,9702.5,2.74217e-05,0.000137108,2
9710,9715,9712.5,1.37108e-05,6.85542e-05,1
9715,9720,9717.5,1.37108e-05,6.85542e-05,1
9720,9725,9722.5,2.74217e-05,0.000137108,2
9730,9735,9732.5,1.37108e-05,6.85542e-05,1
9740,9745,9742.5,2.74217e-05,0.000137108,2
9745,9750,9747.5,1.37108e-05,6.85542e-05,1
9755,9760,9757.5,1.37108e-05,6.85542e-05,1
9765,9770,9767.5,1.37108e-05,6.85542e-05,1
9770,9775,9772.5,1.37108e-05,6.85542e-05,1
9775,9780,9777.5,2.74217e-05,0.000137108,2
9785,9790,9787.5,1.37108e-05,6.85542e-05,1
9790,9795,9792.5,1.37108e-05,6.85542e-05,1
9795,9800,9797.5,1.37108e-05,6.85542e-05,1
9825,9830,9827.5,1.37108e-05,6.85542e-05,1
9830,9835,9832.5,1.37108e-05,6.85542e-05,1
9835,9840,9837.5,4.11325e-05,0.000205663,3
9845,9850,9847.5,2.74217e-05,0.000137108,2
9850,9855,9852.5,2.74217e-05,0.000137108,2
9860,9865,9862.5,1.37108e-05,6.85542e-05,1
9865,9870,9867.5,2.74217e-05,0.000137108,2
9875,9880,9877.5,1.37108e-05,6.85542e-05,1
9895,9900,9897.5,1.37108e-05,6.85542e-05,1
9900,9905,9902.5,2.74217e-05,0.000137108,2
9905,9910,9907.5,1.37108e-05,6.85542e-05,1
9910,9915,9912.5,4.11325e-05,0.000205663,3
9920,9925,9922.5,2.74217e-05,0.000137108,2
9930,9935,9932.5,1.37108e-05,6.85542e-05,1
9940,9945,9942.5,1.37108e-05,6.85542e-05,1
9950,9955,9952.5,1.37108e-05,6.85542e-05,1
9955,9960,9957.5,1.37108e-05,6.85542e-05,1
9970,9975,9972.5,1.37108e-05,6.85542e-05,1
9980,9985,9982.5,1.37108e-05,6.85542e-05,1
9995,10000,9997.5,4.11325e-05,0.000205663,3
10000,10005,10002.5,1.37108e-05,6.85542e-05,1
10005,10010,10007.5,1.37108e-05,6.85542e-05,1
10010,10015,10012.5,2.74217e-05,0.000137108,2
10015,10020,10017.5,2.74217e-05,0.000137108,2
10020,10025,10022.5,2.74217e-05,0.000137108,2
10025,10030,10027.5,1.37108e-05,6.85542e-05,1
10040,10045,10042.5,1.37108e-05,6.85542e-05,1
10060,10065,10062.5,2.74217e-05,0.000137108,2
10065,10070,10067.5,1.37108e-05,6.85542e-05,1
10070,10075,10072.5,1.37108e-05,6.85542e-05,1
10075,10080,10077.5,2.74217e-05,0.000137108,2
10080,10085,10082.5,4.11325e-05,0.000205663,3
10085,10090,10087.5,2.74217e-05,0.000137108,2
10090,10095,10092.5,2.74217e-05,0.000137108,2
10095,10100,10097.5,2.74217e-05,0.000137108,2
10105,10110,10107.5,1.37108e-05,6.85542e-05,1
10115,10120,10117.5,1.37108e-05,6.85542e-05,1
10125,10130,10127.5,1.37108e-05,6.85542e-05,1
10130,10135,10132.5,1.37108e-05,6.85542e-05,1
10135,10140,10137.5,1.37108e-05,6.85542e-05,1
10140,10145,10142.5,4.11325e-05,0.000205663,3
10150,10155,10152.5,4.11325e-05,0.000205663,3
10160,10165,10162.5,4.11325e-05,0.000205663,3
10165,10170,10167.5,2.74217e-05,0.000137108,2
10170,10175,10172.5,1.37108e-05,6.85542e-05,1
10175,10180,10177.5,1.37108e-05,6.85542e-05,1
10180,10185,10182.5,2.74217e-05,0.000137108,2
10185,10190,10187.5,1.37108e-05,6.85542e-05,1
10210,10215,10212.5,1.37108e-05,6.85542e-05,1
10225,10230,10227.5,1.37108e-05,6.85542e-05,1
10245,10250,10247.5,2.74217e-05,0.000137108,2
10255,10260,10257.5,1.37108e-05,6.85542e-05,1
10260,10265,10262.5,5.48434e-05,0.000274217,4
10280,10285,10282.5,2.74217e-05,0.000137108,2
10285,10290,10287.5,4.11325e-05,0.000205663,3
10290,10295,10292.5,1.37108e-05,6.85542e-05,1
10295,10300,10297.5,1.37108e-05,6.85542e-05,1
10300,10305,10302.5,1.37108e-05,6.85542e-05,1
10310,10315,10312.5,1.37108e-05,6.85542e-05,1
10315,10320,10317.5,1.37108e-05,6.85542e-05,1
10320,10325,10322.5,2.74217e-05,0.000137108,2
10335,10340,10337.5,2.74217e-05,0.000137108,2
10345,10350,10347.5,1.37108e-05,6.85542e-05,1
10350,10355,10352.5,1.37108e-05,6.85542e-05,1
10365,10370,10367.5,2.74217e-05,0.000137108,2
10370,10375,10372.5,2.74217e-05,0.000137108,2
10390,10395,10392.5,1.37108e-05,6.85542e-05,1
10415,10420,10417.5,1.37108e-05,6.85542e-05,1
10425,10430,10427.5,4.11325e-05,0.000205663,3
10430,10435,10432.5,1.37108e-05,6.85542e-05,1
10435,10440,10437.5,1.37108e-05,6.85542e-05,1
10455,10460,10457.5,1.37108e-05,6.85542e-05,1
10460,10465,10462.5,1.37108e-05,6.85542e-05,1
10475,10480,10477.5,1.37108e-05,6.85542e-05,1
10495,10500,10497.5,1.37108e-05,6.85542e-05,1
10500,10505,10502.5,1.37108e-05,6.85542e-05,1
10515,10520,10517.5,1.37108e-05,6.85542e-05,1
10520,10525,10522.5,4.11325e-05,0.000205663,3
10525,10530,10527.5,1.37108e-05,6.85542e-05,1
10530,10535,10532.5,2.74217e-05,0.000137108,2
10540,10545,10542.5,1.37108e-05,6.85542e-05,1
10545,10550,10547.5,1.37108e-05,6.85542e-05,1
10550,10555,10552.5,2.74217e-05,0.000137108,2
10555,10560,10557.5,1.37108e-05,6.85542e-05,1
10565,10570,10567.5,2.74217e-05,0.000137108,2
10570,10575,10572.5,1.37108e-05,6.85542e-05,1
10585,10590,10587.5,5.48434e-05,0.000274217,4
10595,10600,10597.5,2.74217e-05,0.000137108,2
10605,10610,10607.5,2.74217e-05,0.000137108,2
10610,10615,10612.5,1.37108e-05,6.85542e-05,1
10625,10630,10627.5,1.37108e-05,6.85542e-05,1
10635,10640,10637.5,1.37108e-05,6.85542e-05,1
10640,10645,10642.5,2.74217e-05,0.000137108,2
10650,10655,10652.5,1.37108e-05,6.85542e-05,1
10655,10660,10657.5,1.37108e-05,6.85542e-05,1
10675,10680,10677.5,2.74217e-05,0.000137108,2
10680,10685,10682.5,1.37108e-05,6.85542e-05,1
10685,10690,10687.5,1.37108e-05,6.85542e-05,1
10695,10700,10697.5,1.37108e-05,6.85542e-05,1
10700,10705,10702.5,1.37108e-05,6.85542e-05,1
10710,10715,10712.5,4.11325e-05,0.000205663,3
10715,10720,10717.5,2.74217e-05,0.000137108,2
10720,10725,10722.5,1.37108e-05,6.85542e-05,1
10725,10730,10727.5,2.74217e-05,0.000137108,2
10730,10735,10732.5,1.37108e-05,6.85542e-05,1
10735,10740,10737.5,2.74217e-05,0.000137108,2
10740,10745,10742.5,1.37108e-05,6.85542e-05,1
10755,10760,10757.5,2.74217e-05,0.000137108,2
10760,10765,10762.5,1.37108e-05,6.85542e-05,1
10765,10770,10767.5,1.37108e-05,6.85542e-05,1
10770,10775,10772.5,1.37108e-05,6.85542e-05,1
10790,10795,10792.5,2.74217e-05,0.000137108,2
10800,10805,10802.5,1.37108e-05,6.85542e-05,1
10805,10810,10807.5,2.74217e-05,0.000137108,2
10810,10815,10812.5,1.37108e-05,6.85542e-05,1
10820,10825,10822.5,2.74217e-05,0.000137108,2
10825,10830,10827.5,2.74217e-05,0.000137108,2
10830,10835,10832.5,1.37108e-05,6.85542e-05,1
10840,10845,10842.5,1.37108e-05,6.85542e-05,1
10850,10855,10852.5,1.37108e-05,6.85542e-05,1
10870,10875,10872.5,4.11325e-05,0.000205663,3
10875,10880,10877.5,1.37108e-05,6.85542e-05,1
10880,10885,10882.5,1.37108e-05,6.85542e-05,1
10885,10890,10887.5,2.74217e-05,0.000137108,2
10900,10905,10902.5,1.37108e-05,6.85542e-05,1
10905,10910,10907.5,4.11325e-05,0.000205663,3
10910,10915,10912.5,1.37108e-05,6.85542e-05,1
10920,10925,10922.5,1.37108e-05,6.85542e-05,1
10945,10950,10947.5,1.37108e-05,6.85542e-05,1
10955,10960,10957.5,1.37108e-05,6.85542e-05,1
10970,10975,10972.5,1.37108e-05,6.85542e-05,1
10975,10980,10977.5,1.37108e-05,6.85542e-05,1
11010,11015,11012.5,1.37108e-05,6.85542e-05,1
11020,11025,11022.5,1.37108e-05,6.85542e-05,1
11025,11030,11027.5,2.74217e-05,0.000137108,2
11030,11035,11032.5,1.37108e-05,6.85542e-05,1
11035,11040,11037.5,2.74217e-05,0.000137108,2
11040,11045,11042.5,1.37108e-05,6.85542e-05,1
11050,11055,11052.5,2.74217e-05,0.000137108,2
11055,11060,11057.5,1.37108e-05,6.85542e-05,1
11065,11070,11067.5,4.11325e-05,0.000205663,3
11075,11080,11077.5,4.11325e-05,0.000205663,3
11080,11085,11082.5,2.74217e-05,0.000137108,2
11085,11090,11087.5,4.11325e-05,0.000205663,3
11110,11115,11112.5,2.74217e-05,0.000137108,2
11120,11125,11122.5,1.37108e-05,6.85542e-05,1
11135,11140,11137.5,4.11325e-05,0.000205663,3
11140,11145,11142.5,2.74217e-05,0.000137108,2
11145,11150,11147.5,1.37108e-05,6.85542e-05,1
11150,11155,11152.5,1.37108e-05,6.85542e-05,1
11160,11165,11162.5,1.37108e-05,6.85542e-05,1
11190,11195,11192.5,1.37108e-05,6.85542e-05,1
11200,11205,11202.5,1.37108e-05,6.85542e-05,1
11215,11220,11217.5,1.37108e-05,6.85542e-05,1
11225,11230,11227.5,2.74217e-05,0.000137108,2
11240,11245,11242.5,1.37108e-05,6.85542e-05,1
11250,11255,11252.5,1.37108e-05,6.85542e-05,1
11275,11280,11277.5,1.37108e-05,6.85542e-05,1
11290,11295,11292.5,1.37108e-05,6.85542e-05,1
11295,11300,11297.5,1.37108e-05,6.85542e-05,1
11300,11305,11302.5,1.37108e-05,6.85542e-05,1
11305,11310,11307.5,1.37108e-05,6.85542e-05,1
11310,11315,11312.5,1.37108e-05,6.85542e-05,1
11320,11325,11322.5,1.37108e-05,6.85542e-05,1
11330,11335,11332.5,2.74217e-05,0.000137108,2
11335,11340,11337.5,1.37108e-05,6.85542e-05,1
11340,11345,11342.5,1.37108e-05,6.85542e-05,1
11345,11350,11347.5,2.74217e-05,0.000137108,2
11355,11360,11357.5,1.37108e-05,6.85542e-05,1
11370,11375,11372.5,1.37108e-05,6.85542e-05,1
11380,11385,11382.5,1.37108e-05,6.85542e-05,1
11385,11390,11387.5,1.37108e-05,6.85542e-05,1
11395,11400,11397.5,1.37108e-05,6.85542e-05,1
11405,11410,11407.5,2.74217e-05,0.000137108,2
11410,11415,11412.5,2.74217e-05,0.000137108,2
11415,11420,11417.5,1.37108e-05,6.85542e-05,1
11425,11430,11427.5,1.37108e-05,6.85542e-05,1
11475,11480,11477.5,1.37108e-05,6.85542e-05,1
11480,11485,11482.5,2.74217e-05,0.000137108,2
11500,11505,11502.5,1.37108e-05,6.85542e-05,1
11505,11510,11507.5,1.37108e-05,6.85542e-05,1
11515,11520,11517.5,1.37108e-05,6.85542e-05,1
11520,11525,11522.5,1.37108e-05,6.85542e-05,1
11560,11565,11562.5,1.37108e-05,6.85542e-05,1
11570,11575,11572.5,1.37108e-05,6.85542e-05,1
11575,11580,11577.5,1.37108e-05,6.85542e-05,1
11580,11585,11582.5,2.74217e-05,0.000137108,2
11585,11590,11587.5,1.37108e-05,6.85542e-05,1
11630,11635,11632.5,1.37108e-05,6.85542e-05,1
11640,11645,11642.5,2.74217e-05,0.000137108,2
11645,11650,11647.5,1.37108e-05,6.85542e-05,1
11675,11680,11677.5,1.37108e-05,6.85542e-05,1
11690,11695,11692.5,1.37108e-05,6.85542e-05,1
11695,11700,11697.5,1.37108e-05,6.85542e-05,1
11700,11705,11702.5,1.37108e-05,6.85542e-05,1
11755,11760,11757.5,4.11325e-05,0.000205663,3
11765,11770,11767.5,1.37108e-05,6.85542e-05,1
11775,11780,11777.5,1.37108e-05,6.85542e-05,1
11780,11785,11782.5,1.37108e-05,6.85542e-05,1
11790,11795,11792.5,1.37108e-05,6.85542e-05,1
11800,11805,11802.5,2.74217e-05,0.000137108,2
11830,11835,11832.5,1.37108e-05,6.85542e-05,1
11835,11840,11837.5,1.37108e-05,6.85542e-05,1
11840,11845,11842.5,1.37108e-05,6.85542e-05,1
11845,11850,11847.5,1.37108e-05,6.85542e-05,1
11855,11860,11857.5,1.37108e-05,6.85542e-05,1
11860,11865,11862.5,1.37108e-05,6.85542e-05,1
11865,11870,11867.5,2.74217e-05,0.000137108,2
11875,11880,11877.5,1.37108e-05,6.85542e-05,1
11900,11905,11902.5,1.37108e-05,6.85542e-05,1
11910,11915,11912.5,1.37108e-05,6.85542e-05,1
11915,11920,11917.5,1.37108e-05,6.85542e-05,1
11940,11945,11942.5,1.37108e-05,6.85542e-05,1
11945,11950,11947.5,1.37108e-05,6.85542e-05,1
11960,11965,11962.5,1.37108e-05,6.85542e-05,1
11970,11975,11972.5,1.37108e-05,6.85542e-05,1
11980,11985,11982.5,1.37108e-05,6.85542e-05,1
11990,11995,11992.5,2.74217e-05,0.000137108,2
12020,12025,12022.5,1.37108e-05,6.85542e-05,1
12025,12030,12027.5,1.37108e-05,6.85542e-05,1
12035,12040,12037.5,2.74217e-05,0.000137108,2
12055,12060,12057.5,1.37108e-05,6.85542e-05,1
12060,12065,12062.5,2.74217e-05,0.000137108,2
12070,12075,12072.5,1.37108e-05,6.85542e-05,1
12075,12080,12077.5,2.74217e-05,0.000137108,2
12080,12085,12082.5,1.37108e-05,6.85542e-05,1
12090,12095,12092.5,2.74217e-05,0.000137108,2
12100,12105,12102.5,2.74217e-05,0.000137108,2
12105,12110,12107.5,1.37108e-05,6.85542e-05,1
12125,12130,12127.5,1.37108e-05,6.85542e-05,1
12130,12135,12132.5,1.37108e-05,6.85542e-05,1
12135,12140,12137.5,1.37108e-05,6.85542e-05,1
12155,12160,12157.5,1.37108e-05,6.85542e-05,1
12160,12165,12162.5,1.37108e-05,6.85542e-05,1
12165,12170,12167.5,1.37108e-05,6.85542e-05,1
12170,12175,12172.5,1.37108e-05,6.85542e-05,1
12185,12190,12187.5,1.37108e-05,6.85542e-05,1
12270,12275,12272.5,2.74217e-05,0.000137108,2
12280,12285,12282.5,1.37108e-05,6.85542e-05,1
12285,12290,12287.5,1.37108e-05,6.85542e-05,1
12305,12310,12307.5,2.74217e-05,0.000137108,2
12310,12315,12312.5,1.37108e-05,6.85542e-05,1
12320,12325,12322.5,1.37108e-05,6.85542e-05,1
12345,12350,12347.5,1.37108e-05,6.85542e-05,1
12355,12360,12357.5,1.37108e-05,6.85542e-05,1
12370,12375,12372.5,1.37108e-05,6.85542e-05,1
12395,12400,12397.5,1.37108e-05,6.85542e-05,1
12400,12405,12402.5,1.37108e-05,6.85542e-05,1
12405,12410,12407.5,1.37108e-05,6.85542e-05,1
12435,12440,12437.5,1.37108e-05,6.85542e-05,1
12440,12445,12442.5,1.37108e-05,6.85542e-05,1
12445,12450,12447.5,1.37108e-05,6.85542e-05,1
12460,12465,12462.5,1.37108e-05,6.85542e-05,1
12465,12470,12467.5,1.37108e-05,6.85542e-05,1
12470,12475,12472.5,2.74217e-05,0.000137108,2
12510,12515,12512.5,1.37108e-05,6.85542e-05,1
12515,12520,12517.5,1.37108e-05,6.85542e-05,1
12540,12545,12542.5,1.37108e-05,6.85542e-05,1
12550,12555,12552.5,1.37108e-05,6.85542e-05,1
12555,12560,12557.5,1.37108e-05,6.85542e-05,1
12565,12570,12567.5,1.37108e-05,6.85542e-05,1
12570,12575,12572.5,2.74217e-05,0.000137108,2
12575,12580,12577.5,2.74217e-05,0.000137108,2
12580,12585,12582.5,1.37108e-05,6.85542e-05,1
12585,12590,12587.5,1.37108e-05,6.85542e-05,1
12590,12595,12592.5,1.37108e-05,6.85542e-05,1
12605,12610,12607.5,2.74217e-05,0.000137108,2
12615,12620,12617.5,2.74217e-05,0.000137108,2
12645,12650,12647.5,1.37108e-05,6.85542e-05,1
12655,12660,12657.5,2.74217e-05,0.000137108,2
12665,12670,12667.5,2.74217e-05,0.000137108,2
12680,12685,12682.5,1.37108e-05,6.85542e-05,1
12690,12695,12692.5,1.37108e-05,6.85542e-05,1
12700,12705,12702.5,1.37108e-05,6.85542e-05,1
12705,12710,12707.5,1.37108e-05,6.85542e-05,1
12720,12725,12722.5,1.37108e-05,6.85542e-05,1
12735,12740,12737.5,1.37108e-05,6.85542e-05,1
12740,12745,12742.5,1.37108e-05,6.85542e-05,1
12745,12750,12747.5,1.37108e-05,6.85542e-05,1
12750,12755,12752.5,1.37108e-05,6.85542e-05,1
12755,12760,12757.5,1.37108e-05,6.85542e-05,1
12765,12770,12767.5,1.37108e-05,6.85542e-05,1
12780,12785,12782.5,1.37108e-05,6.85542e-05,1
12785,12790,12787.5,1.37108e-05,6.85542e-05,1
12795,12800,12797.5,1.37108e-05,6.85542e-05,1
12800,12805,12802.5,2.74217e-05,0.000137108,2
12810,12815,12812.5,2.74217e-05,0.000137108,2
12815,12820,12817.5,1.37108e-05,6.85542e-05,1
12830,12835,12832.5,1.37108e-05,6.85542e-05,1
12835,12840,12837.5,1.37108e-05,6.85542e-05,1
12870,12875,12872.5,2.74217e-05,0.000137108,2
12890,12895,12892.5,2.74217e-05,0.000137108,2
12895,12900,12897.5,1.37108e-05,6.85542e-05,1
12900,12905,12902.5,2.74217e-05,0.000137108,2
12935,12940,12937.5,1.37108e-05,6.85542e-05,1
12945,12950,12947.5,2.74217e-05,0.000137108,2
12965,12970,12967.5,1.37108e-05,6.85542e-05,1
12980,12985,12982.5,2.74217e-05,0.000137108,2
13025,13030,13027.5,2.74217e-05,0.000137108,2
13030,13035,13032.5,1.37108e-05,6.85542e-05,1
13040,13045,13042.5,1.37108e-05,6.85542e-05,1
13045,13050,13047.5,1.37108e-05,6.85542e-05,1
13050,13055,13052.5,2.74217e-05,0.000137108,2
13075,13080,13077.5,2.74217e-05,0.000137108,2
13085,13090,13087.5,2.74217e-05,0.000137108,2
13095,13100,13097.5,1.37108e-05,6.85542e-05,1
13100,13105,13102.5,2.74217e-05,0.000137108,2
13105,13110,13107.5,1.37108e-05,6.85542e-05,1
13145,13150,13147.5,4.11325e-05,0.000205663,3
13170,13175,13172.5,1.37108e-05,6.85542e-05,1
13175,13180,13177.5,1.37108e-05,6.85542e-05,1
13190,13195,13192.5,2.74217e-05,0.000137108,2
13205,13210,13207.5,1.37108e-05,6.85542e-05,1
13230,13235,13232.5,1.37108e-05,6.85542e-05,1
13235,13240,13237.5,1.37108e-05,6.85542e-05,1
13250,13255,13252.5,1.37108e-05,6.85542e-05,1
13270,13275,13272.5,1.37108e-05,6.85542e-05,1
13275,13280,13277.5,1.37108e-05,6.85542e-05,1
13285,13290,13287.5,1.37108e-05,6.85542e-05,1
13310,13315,13312.5,1.37108e-05,6.85542e-05,1
13315,13320,13317.5,2.74217e-05,0.000137108,2
13355,13360,13357.5,1.37108e-05,6.85542e-05,1
13365,13370,13367.5,2.74217e-05,0.000137108,2
13370,13375,13372.5,1.37108e-05,6.85542e-05,1
13380,13385,13382.5,2.74217e-05,0.000137108,2
13415,13420,13417.5,1.37108e-05,6.85542e-05,1
13430,13435,13432.5,1.37108e-05,6.85542e-05,1
13435,13440,13437.5,1.37108e-05,6.85542e-05,1
13440,13445,13442.5,1.37108e-05,6.85542e-05,1
13470,13475,13472.5,1.37108e-05,6.85542e-05,1
13480,13485,13482.5,2.74217e-05,0.000137108,2
13495,13500,13497.5,1.37108e-05,6.85542e-05,1
13510,13515,13512.5,1.37108e-05,6.85542e-05,1
13515,13520,13517.5,1.37108e-05,6.85542e-05,1
13520,13525,13522.5,1.37108e-05,6.85542e-05,1
13525,13530,13527.5,2.74217e-05,0.000137108,2
13565,13570,13567.5,2.74217e-05,0.000137108,2
13575,13580,13577.5,1.37108e-05,6.85542e-05,1
13580,13585,13582.5,2.74217e-05,0.000137108,2
13600,13605,13602.5,1.37108e-05,6.85542e-05,1
13615,13620,13617.5,1.37108e-05,6.85542e-05,1
13625,13630,13627.5,1.37108e-05,6.85542e-05,1
13650,13655,13652.5,1.37108e-05,6.85542e-05,1
13665,13670,13667.5,1.37108e-05,6.85542e-05,1
13670,13675,13672.5,1.37108e-05,6.85542e-05,1
13680,13685,13682.5,2.74217e-05,0.000137108,2
13690,13695,13692.5,1.37108e-05,6.85542e-05,1
13710,13715,13712.5,2.74217e-05,0.000137108,2
13735,13740,13737.5,1.37108e-05,6.85542e-05,1
13775,13780,13777.5,1.37108e-05,6.85542e-05,1
13805,13810,13807.5,1.37108e-05,6.85542e-05,1
13810,13815,13812.5,1.37108e-05,6.85542e-05,1
13840,13845,13842.5,1.37108e-05,6.85542e-05,1
13870,13875,13872.5,1.37108e-05,6.85542e-05,1
13875,13880,13877.5,1.37108e-05,6.85542e-05,1
13880,13885,13882.5,1.37108e-05,6.85542e-05,1
13915,13920,13917.5,1.37108e-05,6.85542e-05,1
13935,13940,13937.5,1.37108e-05,6.85542e-05,1
14000,14005,14002.5,4.11325e-05,0.000205663,3
14015,14020,14017.5,1.37108e-05,6.85542e-05,1
14025,14030,14027.5,2.74217e-05,0.000137108,2
14060,14065,14062.5,1.37108e-05,6.85542e-05,1
14080,14085,14082.5,2.74217e-05,0.000137108,2
14100,14105,14102.5,1.37108e-05,6.85542e-05,1
14120,14125,14122.5,2.74217e-05,0.000137108,2
14145,14150,14147.5,2.74217e-05,0.000137108,2
14165,14170,14167.5,1.37108e-05,6.85542e-05,1
14170,14175,14172.5,2.74217e-05,0.000137108,2
14195,14200,14197.5,1.37108e-05,6.85542e-05,1
14215,14220,14217.5,1.37108e-05,6.85542e-05,1
14265,14270,14267.5,1.37108e-05,6.85542e-05,1
14315,14320,14317.5,2.74217e-05,0.000137108,2
14320,14325,14322.5,2.74217e-05,0.000137108,2
14330,14335,14332.5,2.74217e-05,0.000137108,2
14350,14355,14352.5,1.37108e-05,6.85542e-05,1
14360,14365,14362.5,1.37108e-05,6.85542e-05,1
14370,14375,14372.5,1.37108e-05,6.85542e-05,1
14380,14385,14382.5,1.37108e-05,6.85542e-05,1
14390,14395,14392.5,1.37108e-05,6.85542e-05,1
14395,14400,14397.5,1.37108e-05,6.85542e-05,1
14410,14415,14412.5,1.37108e-05,6.85542e-05,1
14415,14420,14417.5,1.37108e-05,6.85542e-05,1
14445,14450,14447.5,1.37108e-05,6.85542e-05,1
14450,14455,14452.5,1.37108e-05,6.85542e-05,1
14465,14470,14467.5,2.74217e-05,0.000137108,2
14470,14475,14472.5,1.37108e-05,6.85542e-05,1
14490,14495,14492.5,1.37108e-05,6.85542e-05,1
14495,14500,14497.5,1.37108e-05,6.85542e-05,1
14505,14510,14507.5,1.37108e-05,6.85542e-05,1
14515,14520,14517.5,1.37108e-05,6.85542e-05,1
14520,14525,14522.5,2.74217e-05,0.000137108,2
14540,14545,14542.5,1.37108e-05,6.85542e-05,1
14560,14565,14562.5,1.37108e-05,6.85542e-05,1
14565,14570,14567.5,1.37108e-05,6.85542e-05,1
14570,14575,14572.5,1.37108e-05,6.85542e-05,1
14575,14580,14577.5,1.37108e-05,6.85542e-05,1
14585,14590,14587.5,1.37108e-05,6.85542e-05,1
14590,14595,14592.5,1.37108e-05,6.85542e-05,1
14645,14650,14647.5,1.37108e-05,6.85542e-05,1
14680,14685,14682.5,1.37108e-05,6.85542e-05,1
14705,14710,14707.5,2.74217e-05,0.000137108,2
14715,14720,14717.5,1.37108e-05,6.85542e-05,1
14740,14745,14742.5,1.37108e-05,6.85542e-05,1
14760,14765,14762.5,1.37108e-05,6.85542e-05,1
14775,14780,14777.5,1.37108e-05,6.85542e-05,1
14780,14785,14782.5,1.37108e-05,6.85542e-05,1
14800,14805,14802.5,1.37108e-05,6.85542e-05,1
14810,14815,14812.5,2.74217e-05,0.000137108,2
14850,14855,14852.5,1.37108e-05,6.85542e-05,1
14885,14890,14887.5,1.37108e-05,6.85542e-05,1
14890,14895,14892.5,1.37108e-05,6.85542e-05,1
14925,14930,14927.5,1.37108e-05,6.85542e-05,1
14940,14945,14942.5,1.37108e-05,6.85542e-05,1
14970,14975,14972.5,1.37108e-05,6.85542e-05,1
14975,14980,14977.5,1.37108e-05,6.85542e-05,1
14990,14995,14992.5,1.37108e-05,6.85542e-05,1
15005,15010,15007.5,1.37108e-05,6.85542e-05,1
15030,15035,15032.5,1.37108e-05,6.85542e-05,1
15060,15065,15062.5,1.37108e-05,6.85542e-05,1
15090,15095,15092.5,2.74217e-05,0.000137108,2
15105,15110,15107.5,1.37108e-05,6.85542e-05,1
15130,15135,15132.5,1.37108e-05,6.85542e-05,1
15150,15155,15152.5,1.37108e-05,6.85542e-05,1
15155,15160,15157.5,1.37108e-05,6.85542e-05,1
15160,15165,15162.5,1.37108e-05,6.85542e-05,1
15165,15170,15167.5,1.37108e-05,6.85542e-05,1
15180,15185,15182.5,1.37108e-05,6.85542e-05,1
15195,15200,15197.5,1.37108e-05,6.85542e-05,1
15210,15215,15212.5,2.74217e-05,0.000137108,2
15215,15220,15217.5,2.74217e-05,0.000137108,2
15225,15230,15227.5,1.37108e-05,6.85542e-05,1
15230,15235,15232.5,1.37108e-05,6.85542e-05,1
15320,15325,15322.5,1.37108e-05,6.85542e-05,1
15350,15355,15352.5,1.37108e-05,6.85542e-05,1
15355,15360,15357.5,1.37108e-05,6.85542e-05,1
15360,15365,15362.5,1.37108e-05,6.85542e-05,1
15435,15440,15437.5,1.37108e-05,6.85542e-05,1
15440,15445,15442.5,1.37108e-05,6.85542e-05,1
15450,15455,15452.5,1.37108e-05,6.85542e-05,1
15460,15465,15462.5,1.37108e-05,6.85542e-05,1
15465,15470,15467.5,1.37108e-05,6.85542e-05,1
15470,15475,15472.5,1.37108e-05,6.85542e-05,1
15475,15480,15477.5,1.37108e-05,6.85542e-05,1
15495,15500,15497.5,1.37108e-05,6.85542e-05,1
15505,15510,15507.5,1.37108e-05,6.85542e-05,1
15565,15570,15567.5,2.74217e-05,0.000137108,2
15575,15580,15577.5,1.37108e-05,6.85542e-05,1
15585,15590,15587.5,2.74217e-05,0.000137108,2
15595,15600,15597.5,1.37108e-05,6.85542e-05,1
15605,15610,15607.5,1.37108e-05,6.85542e-05,1
15620,15625,15622.5,1.37108e-05,6.85542e-05,1
15680,15685,15682.5,1.37108e-05,6.85542e-05,1
15685,15690,15687.5,1.37108e-05,6.85542e-05,1
15780,15785,15782.5,1.37108e-05,6.85542e-05,1
15860,15865,15862.5,1.37108e-05,6.85542e-05,1
15865,15870,15867.5,1.37108e-05,6.85542e-05,1
15870,15875,15872.5,1.37108e-05,6.85542e-05,1
15875,15880,15877.5,1.37108e-05,6.85542e-05,1
15895,15900,15897.5,1.37108e-05,6.85542e-05,1
15935,15940,15937.5,1.37108e-05,6.85542e-05,1
15940,15945,15942.5,1.37108e-05,6.85542e-05,1
15975,15980,15977.5,1.37108e-05,6.85542e-05,1
16030,16035,16032.5,1.37108e-05,6.85542e-05,1
16060,16065,16062.5,1.37108e-05,6.85542e-05,1
16075,16080,16077.5,1.37108e-05,6.85542e-05,1
16085,16090,16087.5,1.37108e-05,6.85542e-05,1
16095,16100,16097.5,1.37108e-05,6.85542e-05,1
16120,16125,16122.5,1.37108e-05,6.85542e-05,1
16140,16145,16142.5,1.37108e-05,6.85542e-05,1
16150,16155,16152.5,1.37108e-05,6.85542e-05,1
16185,16190,16187.5,1.37108e-05,6.85542e-05,1
16195,16200,16197.5,1.37108e-05,6.85542e-05,1
16200,16205,16202.5,4.11325e-05,0.000205663,3
16225,16230,16227.5,1.37108e-05,6.85542e-05,1
16250,16255,16252.5,1.37108e-05,6.85542e-05,1
16350,16355,16352.5,1.37108e-05,6.85542e-05,1
16475,16480,16477.5,1.37108e-05,6.85542e-05,1
16595,16600,16597.5,2.74217e-05,0.000137108,2
16610,16615,16612.5,1.37108e-05,6.85542e-05,1
16695,16700,16697.5,1.37108e-05,6.85542e-05,1
16730,16735,16732.5,1.37108e-05,6.85542e-05,1
16735,16740,16737.5,1.37108e-05,6.85542e-05,1
16750,16755,16752.5,1.37108e-05,6.85542e-05,1
16820,16825,16822.5,1.37108e-05,6.85542e-05,1
16840,16845,16842.5,1.37108e-05,6.85542e-05,1
16860,16865,16862.5,1.37108e-05,6.85542e-05,1
16875,16880,16877.5,1.37108e-05,6.85542e-05,1
16925,16930,16927.5,1.37108e-05,6.85542e-05,1
16930,16935,16932.5,1.37108e-05,6.85542e-05,1
16940,16945,16942.5,1.37108e-05,6.85542e-05,1
17000,17005,17002.5,1.37108e-05,6.85542e-05,1
17055,17060,17057.5,1.37108e-05,6.85542e-05,1
17090,17095,17092.5,1.37108e-05,6.85542e-05,1
17120,17125,17122.5,1.37108e-05,6.85542e-05,1
17185,17190,17187.5,1.37108e-05,6.85542e-05,1
17260,17265,17262.5,1.37108e-05,6.85542e-05,1
17295,17300,17297.5,1.37108e-05,6.85542e-05,1
17335,17340,17337.5,2.74217e-05,0.000137108,2
17350,17355,17352.5,1.37108e-05,6.85542e-05,1
17390,17395,17392.5,1.37108e-05,6.85542e-05,1
17515,17520,17517.5,1.37108e-05,6.85542e-05,1
17550,17555,17552.5,1.37108e-05,6.85542e-05,1
17590,17595,17592.5,1.37108e-05,6.85542e-05,1
17675,17680,17677.5,1.37108e-05,6.85542e-05,1
17690,17695,17692.5,1.37108e-05,6.85542e-05,1
17860,17865,17862.5,1.37108e-05,6.85542e-05,1
17940,17945,17942.5,1.37108e-05,6.85542e-05,1
17985,17990,17987.5,2.74217e-05,0.000137108,2
18025,18030,18027.5,1.37108e-05,6.85542e-05,1
18035,18040,18037.5,1.37108e-05,6.85542e-05,1
18080,18085,18082.5,1.37108e-05,6.85542e-05,1
18135,18140,18137.5,1.37108e-05,6.85542e-05,1
18505,18510,18507.5,1.37108e-05,6.85542e-05,1
18710,18715,18712.5,1.37108e-05,6.85542e-05,1
18720,18725,18722.5,1.37108e-05,6.85542e-05,1
18770,18775,18772.5,1.37108e-05,6.85542e-05,1
18805,18810,18807.5,1.37108e-05,6.85542e-05,1
18885,18890,18887.5,1.37108e-05,6.85542e-05,1
19005,19010,19007.5,1.37108e-05,6.85542e-05,1
19050,19055,19052.5,1.37108e-05,6.85542e-05,1
19115,19120,19117.5,1.37108e-05,6.85542e-05,1
19180,19185,19182.5,1.37108e-05,6.85542e-05,1
19245,19250,19247.5,1.37108e-05,6.85542e-05,1
19305,19310,19307.5,1.37108e-05,6.85542e-05,1
19325,19330,19327.5,1.37108e-05,6.85542e-05,1
19345,19350,19347.5,1.37108e-05,6.85542e-05,1
19420,19425,19422.5,1.37108e-05,6.85542e-05,1
19460,19465,19462.5,1.37108e-05,6.85542e-05,1
19565,19570,19567.5,1.37108e-05,6.85542e-05,1
19775,19780,19777.5,1.37108e-05,6.85542e-05,1
20105,20110,20107.5,1.37108e-05,6.85542e-05,1
20115,20120,20117.5,1.37108e-05,6.85542e-05,1
20185,20190,20187.5,1.37108e-05,6.85542e-05,1
20510,20515,20512.5,1.37108e-05,6.85542e-05,1
20825,20830,20827.5,1.37108e-05,6.85542e-05,1
20835,20840,20837.5,1.37108e-05,6.85542e-05,1
21115,21120,21117.5,1.37108e-05,6.85542e-05,1
21265,21270,21267.5,1.37108e-05,6.85542e-05,1
21430,21435,21432.5,1.37108e-05,6.85542e-05,1
21480,21485,21482.5,1.37108e-05,6.85542e-05,1
22280,22285,22282.5,1.37108e-05,6.85542e-05,1
22505,22510,22507.5,1.37108e-05,6.85542e-05,1
22835,22840,22837.5,1.37108e-05,6.85542e-05,1
22950,22955,22952.5,1.37108e-05,6.85542e-05,1
VO Delay PDF CSV saved: scratch/delay_pdf/pedca_vo_delay_pdf.csv

P-EDCA STA Delay PDF CSV saved: scratch/delay_pdf/11be/adaptive_compare/best_k15_s2.csv
Legacy STA Delay PDF CSV saved: scratch/delay_pdf/11be/adaptive_compare/bestL_k15_s2.csv
--- EXTENDED_STATS_BEGIN ---
PEDCA_STA_SUCC_COUNT: 7975
PEDCA_STA_FAIL_COUNT: 340
PEDCA_STA_ZERO_RETX: 7969
LEGACY_STA_SUCC_COUNT: 6612
LEGACY_STA_FAIL_COUNT: 882
LEGACY_STA_ZERO_RETX: 6597
PEDCA_STA_AVG_MAC_DELAY: 2776.63
PEDCA_STA_AVG_QUEUE_DELAY: 2430.13
PEDCA_STA_AVG_ACCESS_DELAY: 346.5
LEGACY_STA_AVG_MAC_DELAY: 3204.34
LEGACY_STA_AVG_QUEUE_DELAY: 2829.3
LEGACY_STA_AVG_ACCESS_DELAY: 375.04
--- EXTENDED_STATS_END ---
