[INFO] std::clog redirected to: scratch/delay_pdf/11be/adaptive_compare/best_k5_s2.log

--- Per-STA P-EDCA Detail ---
  STA0: DS-CTS=347 S2Entry=347 S2Tx=210 PedcaOK=210 EdcaOK=194 FailCTS=0 FailColl=0 FailExp=0 Defer=4
  STA1: DS-CTS=137 S2Entry=137 S2Tx=121 PedcaOK=121 EdcaOK=646 FailCTS=0 FailColl=0 FailExp=0 Defer=4
  STA2: DS-CTS=305 S2Entry=305 S2Tx=194 PedcaOK=194 EdcaOK=169 FailCTS=0 FailColl=0 FailExp=0 Defer=0
  STA3: DS-CTS=336 S2Entry=336 S2Tx=229 PedcaOK=229 EdcaOK=246 FailCTS=0 FailColl=0 FailExp=0 Defer=3
  STA4: DS-CTS=309 S2Entry=309 S2Tx=214 PedcaOK=214 EdcaOK=309 FailCTS=0 FailColl=0 FailExp=0 Defer=0

=== General Statistics ===
P-EDCA Ratio: 0.1667
P-EDCA STAs: 5/30
P-EDCA Share (Avg Per-STA P-EDCA Tx/Total Tx): 42.0656 %
Avg P-EDCA Attempt Success Rate: 69.9714 %
Global P-EDCA Tx Success: 968
Global EDCA Tx Success: 1564
Global P-EDCA Attempt (DS-CTS Sent): 1434

--- P-EDCA Detailed Trace ---
Stage 2 Entered: 1434
Stage 2 TX Started: 968
P-EDCA Fail RTS No CTS: 0
P-EDCA Fail RTS Collision: 0
P-EDCA Fail Timing Expired: 0
P-EDCA Fail Deferral: 11
Total VO TX (P-EDCA+EDCA): 2532
Global P-EDCA Share: 38.2306 %
Global EDCA Share: 61.7694 %
Channel Idle Time (AP): 23.4918 % (1.64442e+06 us / 7e+06 us)
Total Successes:       14629
Total Failures:        1552
Total Retransmissions: 3

--- Per-AC Success Statistics ---
AC_BE:
  Successes:         30
  Throughput:        0.0342857 Mbps
  Packet Loss:       6.25 %
  Avg Retx/MPDU:     0
  Avg Queue Delay:   -920716 us (Enqueue->TxStart)
  Avg Access Delay:  964974 us (TxStart->Ack)
  Avg MAC Delay:     44258.7 us (Total: Enqueue->Ack)

AC_VO:
  Successes:         14599
  Throughput:        16.6846 Mbps
  Packet Loss:       9.59812 %
  Avg Retx/MPDU:     0.000205494
  Avg Queue Delay:   2538.44 us (Enqueue->TxStart)
  Avg Access Delay:  343.747 us (TxStart->Ack)
  Avg MAC Delay:     2882.19 us (Total: Enqueue->Ack)

--- Per-AC Failure Statistics ---
AC_BE Failures: 2
AC_VO Failures: 1550

--- Failure Reasons by AC ---
  AC_BE EXPIRED_LIFETIME: 2
  AC_VO RETRY_LIMIT: 1550


=== Extended P-EDCA vs Legacy Statistics ===

--- [Stat 1] Delay by STA Type ---
P-EDCA STAs (5 STAs):
  Successes:         2749
  Failures:          38
  Throughput:        3.14171 Mbps
  Packet Loss:       1.36347 %
  Avg Queue Delay:   1728.27 us
  Avg Access Delay:  295.653 us
  Avg MAC Delay:     2023.93 us
  Median MAC Delay:  1432 us
  P95 MAC Delay:     5139 us
  P99 MAC Delay:     9042 us
Legacy EDCA STAs (25 STAs):
  Successes:         11850
  Failures:          1513
  Throughput:        13.5429 Mbps
  Packet Loss:       11.3223 %
  Avg Queue Delay:   2726.39 us
  Avg Access Delay:  354.904 us
  Avg MAC Delay:     3081.29 us
  Median MAC Delay:  1979 us
  P95 MAC Delay:     10461 us
  P99 MAC Delay:     14310 us

--- [Stat 2] Per-STA P-EDCA Attempt Count (DS-CTS Sent) ---
  STA0: 347 P-EDCA attempts
  STA1: 137 P-EDCA attempts
  STA2: 305 P-EDCA attempts
  STA3: 336 P-EDCA attempts
  STA4: 309 P-EDCA attempts
  Total: 1434 P-EDCA attempts across 5 P-EDCA STAs
  Avg per P-EDCA STA: 286.8

--- [Stat 3] P-EDCA One-Shot Success Probability ---
  P-EDCA Success / DS-CTS Sent:      968 / 1434 = 67.5035 %
  P-EDCA Success / Stage2 TX Started: 968 / 968 = 100 %  (given RTS was actually sent)

--- [Stat 4] EDCA One-Shot Success Ratio (0 retransmissions) ---
  Legacy STAs: 11847 / 11850 = 99.9747 %
  P-EDCA STAs: 2749 / 2749 = 100 %  (MAC-level, includes both P-EDCA and EDCA paths)

--- [Stat 5] P-EDCA Kickback-to-EDCA Probability ---
  Total P-EDCA Failures: 11 / 1434 DS-CTS = 0.767085 %
    RTS No CTS:       0 (0 %)
    RTS Collision:    0 (0 %)
    Timing Expired:   0 (0 %)
    Deferral:         11 (0.767085 %)

--- [Stat 6] P-EDCA RTS Collision Probability ---
  RTS Collision / Stage2 TX Started: 0 / 968 = 0 %
  RTS Collision / DS-CTS Sent:       0 / 1434 = 0 %

--- [Stat 7] P-EDCA Attempts per Successful P-EDCA TX ---
  DS-CTS Sent / P-EDCA Success: 1434 / 968 = 1.4814 attempts/success
  Stage2 TX / P-EDCA Success:   968 / 968 = 1 RTS/success

--- VO Delay PDF (MAC Delay) ---
bin_start_us,bin_end_us,bin_mid_us,pdf_per_us,probability,count
210,215,212.5,4.10987e-05,0.000205494,3
215,220,217.5,0.000136996,0.000684978,10
220,225,222.5,0.000136996,0.000684978,10
225,230,227.5,0.000109597,0.000547983,8
230,235,232.5,0.000136996,0.000684978,10
235,240,237.5,0.000191794,0.00095897,14
240,245,242.5,0.000136996,0.000684978,10
245,250,247.5,6.84978e-05,0.000342489,5
250,255,252.5,0.000150695,0.000753476,11
255,260,257.5,0.000123296,0.000616481,9
260,265,262.5,9.5897e-05,0.000479485,7
265,270,267.5,0.000136996,0.000684978,10
270,275,272.5,0.000191794,0.00095897,14
275,280,277.5,0.000150695,0.000753476,11
280,285,282.5,8.21974e-05,0.000410987,6
285,290,287.5,8.21974e-05,0.000410987,6
290,295,292.5,6.84978e-05,0.000342489,5
295,300,297.5,5.47983e-05,0.000273991,4
300,305,302.5,6.84978e-05,0.000342489,5
305,310,307.5,8.21974e-05,0.000410987,6
310,315,312.5,9.5897e-05,0.000479485,7
315,320,317.5,0.000109597,0.000547983,8
320,325,322.5,0.000109597,0.000547983,8
325,330,327.5,0.000150695,0.000753476,11
330,335,332.5,9.5897e-05,0.000479485,7
335,340,337.5,0.000178094,0.000890472,13
340,345,342.5,0.000671279,0.00335639,49
345,350,347.5,0.00104117,0.00520584,76
350,355,352.5,0.000698678,0.00349339,51
355,360,357.5,0.000671279,0.00335639,49
360,365,362.5,0.000410987,0.00205494,30
365,370,367.5,0.000561682,0.00280841,41
370,375,372.5,0.000479485,0.00239742,35
375,380,377.5,0.000301391,0.00150695,22
380,385,382.5,0.000205494,0.00102747,15
385,390,387.5,0.000260292,0.00130146,19
390,395,392.5,0.000273991,0.00136996,20
395,400,397.5,0.000232893,0.00116446,17
400,405,402.5,0.000273991,0.00136996,20
405,410,407.5,0.000273991,0.00136996,20
410,415,412.5,0.00031509,0.00157545,23
415,420,417.5,0.000287691,0.00143845,21
420,425,422.5,0.000273991,0.00136996,20
425,430,427.5,0.000410987,0.00205494,30
430,435,432.5,0.000191794,0.00095897,14
435,440,437.5,0.000287691,0.00143845,21
440,445,442.5,0.000191794,0.00095897,14
445,450,447.5,0.000232893,0.00116446,17
450,455,452.5,0.0185218,0.0926091,1352
455,460,457.5,0.000273991,0.00136996,20
460,465,462.5,0.000246592,0.00123296,18
465,470,467.5,0.000205494,0.00102747,15
470,475,472.5,0.000219193,0.00109597,16
475,480,477.5,0.00031509,0.00157545,23
480,485,482.5,0.000205494,0.00102747,15
485,490,487.5,0.000342489,0.00171245,25
490,495,492.5,0.000397287,0.00198644,29
495,500,497.5,0.000273991,0.00136996,20
500,505,502.5,0.000301391,0.00150695,22
505,510,507.5,0.000178094,0.000890472,13
510,515,512.5,0.000219193,0.00109597,16
515,520,517.5,0.000232893,0.00116446,17
520,525,522.5,0.00032879,0.00164395,24
525,530,527.5,0.000273991,0.00136996,20
530,535,532.5,0.000246592,0.00123296,18
535,540,537.5,0.000232893,0.00116446,17
540,545,542.5,0.000273991,0.00136996,20
545,550,547.5,0.000205494,0.00102747,15
550,555,552.5,0.000273991,0.00136996,20
555,560,557.5,0.000219193,0.00109597,16
560,565,562.5,0.000410987,0.00205494,30
565,570,567.5,0.000301391,0.00150695,22
570,575,572.5,0.000219193,0.00109597,16
575,580,577.5,0.000260292,0.00130146,19
580,585,582.5,0.000383588,0.00191794,28
585,590,587.5,0.00032879,0.00164395,24
590,595,592.5,0.000383588,0.00191794,28
595,600,597.5,0.000219193,0.00109597,16
600,605,602.5,0.000246592,0.00123296,18
605,610,607.5,0.000205494,0.00102747,15
610,615,612.5,0.000232893,0.00116446,17
615,620,617.5,0.000219193,0.00109597,16
620,625,622.5,0.000506884,0.00253442,37
625,630,627.5,0.000369888,0.00184944,27
630,635,632.5,0.000438386,0.00219193,32
635,640,637.5,0.000232893,0.00116446,17
640,645,642.5,0.000356189,0.00178094,26
645,650,647.5,0.000205494,0.00102747,15
650,655,652.5,0.000273991,0.00136996,20
655,660,657.5,0.00031509,0.00157545,23
660,665,662.5,0.000301391,0.00150695,22
665,670,667.5,0.000246592,0.00123296,18
670,675,672.5,0.00530173,0.0265087,387
675,680,677.5,0.000273991,0.00136996,20
680,685,682.5,0.000273991,0.00136996,20
685,690,687.5,0.000232893,0.00116446,17
690,695,692.5,0.000136996,0.000684978,10
695,700,697.5,0.000164395,0.000821974,12
700,705,702.5,0.000219193,0.00109597,16
705,710,707.5,0.000219193,0.00109597,16
710,715,712.5,0.000246592,0.00123296,18
715,720,717.5,0.000273991,0.00136996,20
720,725,722.5,0.000273991,0.00136996,20
725,730,727.5,0.000246592,0.00123296,18
730,735,732.5,0.000205494,0.00102747,15
735,740,737.5,0.000232893,0.00116446,17
740,745,742.5,0.000246592,0.00123296,18
745,750,747.5,0.000191794,0.00095897,14
750,755,752.5,0.000246592,0.00123296,18
755,760,757.5,0.000273991,0.00136996,20
760,765,762.5,0.000260292,0.00130146,19
765,770,767.5,0.000164395,0.000821974,12
770,775,772.5,0.000219193,0.00109597,16
775,780,777.5,0.000205494,0.00102747,15
780,785,782.5,0.000356189,0.00178094,26
785,790,787.5,0.00031509,0.00157545,23
790,795,792.5,0.000246592,0.00123296,18
795,800,797.5,0.000205494,0.00102747,15
800,805,802.5,0.000219193,0.00109597,16
805,810,807.5,0.000164395,0.000821974,12
810,815,812.5,0.000205494,0.00102747,15
815,820,817.5,0.000150695,0.000753476,11
820,825,822.5,0.000219193,0.00109597,16
825,830,827.5,0.000191794,0.00095897,14
830,835,832.5,0.000273991,0.00136996,20
835,840,837.5,0.000260292,0.00130146,19
840,845,842.5,0.000397287,0.00198644,29
845,850,847.5,0.000219193,0.00109597,16
850,855,852.5,0.000397287,0.00198644,29
855,860,857.5,0.000219193,0.00109597,16
860,865,862.5,0.000246592,0.00123296,18
865,870,867.5,0.000191794,0.00095897,14
870,875,872.5,0.000191794,0.00095897,14
875,880,877.5,0.000164395,0.000821974,12
880,885,882.5,0.000287691,0.00143845,21
885,890,887.5,0.000150695,0.000753476,11
890,895,892.5,0.000808275,0.00404137,59
895,900,897.5,0.000232893,0.00116446,17
900,905,902.5,0.000219193,0.00109597,16
905,910,907.5,0.000150695,0.000753476,11
910,915,912.5,0.000205494,0.00102747,15
915,920,917.5,0.000150695,0.000753476,11
920,925,922.5,0.000136996,0.000684978,10
925,930,927.5,0.000164395,0.000821974,12
930,935,932.5,0.000219193,0.00109597,16
935,940,937.5,0.000246592,0.00123296,18
940,945,942.5,0.000232893,0.00116446,17
945,950,947.5,0.000150695,0.000753476,11
950,955,952.5,0.000246592,0.00123296,18
955,960,957.5,0.000123296,0.000616481,9
960,965,962.5,0.000178094,0.000890472,13
965,970,967.5,0.000178094,0.000890472,13
970,975,972.5,0.000164395,0.000821974,12
975,980,977.5,0.000219193,0.00109597,16
980,985,982.5,0.000369888,0.00184944,27
985,990,987.5,0.000150695,0.000753476,11
990,995,992.5,0.000356189,0.00178094,26
995,1000,997.5,0.000246592,0.00123296,18
1000,1005,1002.5,0.000273991,0.00136996,20
1005,1010,1007.5,0.000219193,0.00109597,16
1010,1015,1012.5,0.000150695,0.000753476,11
1015,1020,1017.5,0.000356189,0.00178094,26
1020,1025,1022.5,0.000164395,0.000821974,12
1025,1030,1027.5,0.000219193,0.00109597,16
1030,1035,1032.5,0.000164395,0.000821974,12
1035,1040,1037.5,0.000164395,0.000821974,12
1040,1045,1042.5,0.000232893,0.00116446,17
1045,1050,1047.5,0.000191794,0.00095897,14
1050,1055,1052.5,6.84978e-05,0.000342489,5
1055,1060,1057.5,0.000287691,0.00143845,21
1060,1065,1062.5,0.000150695,0.000753476,11
1065,1070,1067.5,0.000260292,0.00130146,19
1070,1075,1072.5,0.000178094,0.000890472,13
1075,1080,1077.5,0.000342489,0.00171245,25
1080,1085,1082.5,0.000205494,0.00102747,15
1085,1090,1087.5,0.000164395,0.000821974,12
1090,1095,1092.5,0.000356189,0.00178094,26
1095,1100,1097.5,0.00032879,0.00164395,24
1100,1105,1102.5,0.000287691,0.00143845,21
1105,1110,1107.5,0.000178094,0.000890472,13
1110,1115,1112.5,0.000397287,0.00198644,29
1115,1120,1117.5,0.000410987,0.00205494,30
1120,1125,1122.5,0.000191794,0.00095897,14
1125,1130,1127.5,0.00031509,0.00157545,23
1130,1135,1132.5,0.000301391,0.00150695,22
1135,1140,1137.5,0.000273991,0.00136996,20
1140,1145,1142.5,0.000136996,0.000684978,10
1145,1150,1147.5,0.000410987,0.00205494,30
1150,1155,1152.5,0.000260292,0.00130146,19
1155,1160,1157.5,0.000301391,0.00150695,22
1160,1165,1162.5,0.000287691,0.00143845,21
1165,1170,1167.5,0.000178094,0.000890472,13
1170,1175,1172.5,0.000246592,0.00123296,18
1175,1180,1177.5,0.00032879,0.00164395,24
1180,1185,1182.5,0.000369888,0.00184944,27
1185,1190,1187.5,0.000383588,0.00191794,28
1190,1195,1192.5,0.000219193,0.00109597,16
1195,1200,1197.5,0.000164395,0.000821974,12
1200,1205,1202.5,0.000287691,0.00143845,21
1205,1210,1207.5,0.000287691,0.00143845,21
1210,1215,1212.5,0.000287691,0.00143845,21
1215,1220,1217.5,0.000273991,0.00136996,20
1220,1225,1222.5,0.000273991,0.00136996,20
1225,1230,1227.5,0.000191794,0.00095897,14
1230,1235,1232.5,0.000150695,0.000753476,11
1235,1240,1237.5,0.000164395,0.000821974,12
1240,1245,1242.5,0.000287691,0.00143845,21
1245,1250,1247.5,0.000260292,0.00130146,19
1250,1255,1252.5,0.000260292,0.00130146,19
1255,1260,1257.5,0.00032879,0.00164395,24
1260,1265,1262.5,0.000246592,0.00123296,18
1265,1270,1267.5,0.000191794,0.00095897,14
1270,1275,1272.5,0.000260292,0.00130146,19
1275,1280,1277.5,0.000191794,0.00095897,14
1280,1285,1282.5,0.000260292,0.00130146,19
1285,1290,1287.5,0.000260292,0.00130146,19
1290,1295,1292.5,0.000232893,0.00116446,17
1295,1300,1297.5,0.000342489,0.00171245,25
1300,1305,1302.5,0.000232893,0.00116446,17
1305,1310,1307.5,0.000356189,0.00178094,26
1310,1315,1312.5,0.000342489,0.00171245,25
1315,1320,1317.5,0.000246592,0.00123296,18
1320,1325,1322.5,0.000260292,0.00130146,19
1325,1330,1327.5,0.000260292,0.00130146,19
1330,1335,1332.5,0.000191794,0.00095897,14
1335,1340,1337.5,0.000164395,0.000821974,12
1340,1345,1342.5,0.000369888,0.00184944,27
1345,1350,1347.5,0.000136996,0.000684978,10
1350,1355,1352.5,0.000205494,0.00102747,15
1355,1360,1357.5,0.000246592,0.00123296,18
1360,1365,1362.5,0.000219193,0.00109597,16
1365,1370,1367.5,0.000150695,0.000753476,11
1370,1375,1372.5,0.000191794,0.00095897,14
1375,1380,1377.5,0.000164395,0.000821974,12
1380,1385,1382.5,0.000164395,0.000821974,12
1385,1390,1387.5,0.000232893,0.00116446,17
1390,1395,1392.5,0.000205494,0.00102747,15
1395,1400,1397.5,0.000287691,0.00143845,21
1400,1405,1402.5,0.000150695,0.000753476,11
1405,1410,1407.5,0.00032879,0.00164395,24
1410,1415,1412.5,0.000260292,0.00130146,19
1415,1420,1417.5,0.000178094,0.000890472,13
1420,1425,1422.5,0.000246592,0.00123296,18
1425,1430,1427.5,0.00031509,0.00157545,23
1430,1435,1432.5,0.000273991,0.00136996,20
1435,1440,1437.5,0.000178094,0.000890472,13
1440,1445,1442.5,0.000178094,0.000890472,13
1445,1450,1447.5,0.000273991,0.00136996,20
1450,1455,1452.5,0.000164395,0.000821974,12
1455,1460,1457.5,0.000232893,0.00116446,17
1460,1465,1462.5,0.000191794,0.00095897,14
1465,1470,1467.5,0.000191794,0.00095897,14
1470,1475,1472.5,0.000136996,0.000684978,10
1475,1480,1477.5,0.000219193,0.00109597,16
1480,1485,1482.5,0.000260292,0.00130146,19
1485,1490,1487.5,0.000219193,0.00109597,16
1490,1495,1492.5,0.000219193,0.00109597,16
1495,1500,1497.5,0.000178094,0.000890472,13
1500,1505,1502.5,0.000150695,0.000753476,11
1505,1510,1507.5,0.000150695,0.000753476,11
1510,1515,1512.5,0.000301391,0.00150695,22
1515,1520,1517.5,0.000287691,0.00143845,21
1520,1525,1522.5,0.000178094,0.000890472,13
1525,1530,1527.5,0.000191794,0.00095897,14
1530,1535,1532.5,0.000205494,0.00102747,15
1535,1540,1537.5,0.000164395,0.000821974,12
1540,1545,1542.5,0.000191794,0.00095897,14
1545,1550,1547.5,0.000178094,0.000890472,13
1550,1555,1552.5,0.000136996,0.000684978,10
1555,1560,1557.5,0.000191794,0.00095897,14
1560,1565,1562.5,0.000205494,0.00102747,15
1565,1570,1567.5,0.000191794,0.00095897,14
1570,1575,1572.5,0.000191794,0.00095897,14
1575,1580,1577.5,0.000164395,0.000821974,12
1580,1585,1582.5,0.000191794,0.00095897,14
1585,1590,1587.5,0.000273991,0.00136996,20
1590,1595,1592.5,0.000150695,0.000753476,11
1595,1600,1597.5,0.000205494,0.00102747,15
1600,1605,1602.5,0.000164395,0.000821974,12
1605,1610,1607.5,0.000150695,0.000753476,11
1610,1615,1612.5,0.000150695,0.000753476,11
1615,1620,1617.5,0.000191794,0.00095897,14
1620,1625,1622.5,0.000260292,0.00130146,19
1625,1630,1627.5,0.000232893,0.00116446,17
1630,1635,1632.5,0.000246592,0.00123296,18
1635,1640,1637.5,0.000109597,0.000547983,8
1640,1645,1642.5,0.000164395,0.000821974,12
1645,1650,1647.5,0.000219193,0.00109597,16
1650,1655,1652.5,0.000109597,0.000547983,8
1655,1660,1657.5,0.000178094,0.000890472,13
1660,1665,1662.5,0.000191794,0.00095897,14
1665,1670,1667.5,0.000191794,0.00095897,14
1670,1675,1672.5,0.000205494,0.00102747,15
1675,1680,1677.5,0.000136996,0.000684978,10
1680,1685,1682.5,0.000191794,0.00095897,14
1685,1690,1687.5,0.000178094,0.000890472,13
1690,1695,1692.5,0.000136996,0.000684978,10
1695,1700,1697.5,0.000150695,0.000753476,11
1700,1705,1702.5,0.000150695,0.000753476,11
1705,1710,1707.5,0.000246592,0.00123296,18
1710,1715,1712.5,0.000219193,0.00109597,16
1715,1720,1717.5,0.000219193,0.00109597,16
1720,1725,1722.5,0.000232893,0.00116446,17
1725,1730,1727.5,0.000191794,0.00095897,14
1730,1735,1732.5,0.000205494,0.00102747,15
1735,1740,1737.5,0.000150695,0.000753476,11
1740,1745,1742.5,0.000301391,0.00150695,22
1745,1750,1747.5,0.000205494,0.00102747,15
1750,1755,1752.5,0.000246592,0.00123296,18
1755,1760,1757.5,0.000178094,0.000890472,13
1760,1765,1762.5,0.000232893,0.00116446,17
1765,1770,1767.5,0.000178094,0.000890472,13
1770,1775,1772.5,0.000109597,0.000547983,8
1775,1780,1777.5,0.000123296,0.000616481,9
1780,1785,1782.5,0.000164395,0.000821974,12
1785,1790,1787.5,0.000178094,0.000890472,13
1790,1795,1792.5,0.000232893,0.00116446,17
1795,1800,1797.5,0.000191794,0.00095897,14
1800,1805,1802.5,0.000205494,0.00102747,15
1805,1810,1807.5,0.000191794,0.00095897,14
1810,1815,1812.5,0.000136996,0.000684978,10
1815,1820,1817.5,0.000164395,0.000821974,12
1820,1825,1822.5,6.84978e-05,0.000342489,5
1825,1830,1827.5,0.000178094,0.000890472,13
1830,1835,1832.5,0.000150695,0.000753476,11
1835,1840,1837.5,0.000246592,0.00123296,18
1840,1845,1842.5,0.000178094,0.000890472,13
1845,1850,1847.5,0.000219193,0.00109597,16
1850,1855,1852.5,0.000260292,0.00130146,19
1855,1860,1857.5,0.000123296,0.000616481,9
1860,1865,1862.5,0.000205494,0.00102747,15
1865,1870,1867.5,0.000150695,0.000753476,11
1870,1875,1872.5,0.000150695,0.000753476,11
1875,1880,1877.5,0.000109597,0.000547983,8
1880,1885,1882.5,0.000109597,0.000547983,8
1885,1890,1887.5,0.000150695,0.000753476,11
1890,1895,1892.5,9.5897e-05,0.000479485,7
1895,1900,1897.5,0.000164395,0.000821974,12
1900,1905,1902.5,0.000150695,0.000753476,11
1905,1910,1907.5,0.000178094,0.000890472,13
1910,1915,1912.5,0.000123296,0.000616481,9
1915,1920,1917.5,0.000164395,0.000821974,12
1920,1925,1922.5,0.000123296,0.000616481,9
1925,1930,1927.5,9.5897e-05,0.000479485,7
1930,1935,1932.5,8.21974e-05,0.000410987,6
1935,1940,1937.5,0.000178094,0.000890472,13
1940,1945,1942.5,6.84978e-05,0.000342489,5
1945,1950,1947.5,0.000164395,0.000821974,12
1950,1955,1952.5,0.000178094,0.000890472,13
1955,1960,1957.5,0.000232893,0.00116446,17
1960,1965,1962.5,0.000136996,0.000684978,10
1965,1970,1967.5,0.000232893,0.00116446,17
1970,1975,1972.5,0.000219193,0.00109597,16
1975,1980,1977.5,0.000123296,0.000616481,9
1980,1985,1982.5,0.000136996,0.000684978,10
1985,1990,1987.5,0.000164395,0.000821974,12
1990,1995,1992.5,0.000136996,0.000684978,10
1995,2000,1997.5,0.000109597,0.000547983,8
2000,2005,2002.5,0.000123296,0.000616481,9
2005,2010,2007.5,0.000178094,0.000890472,13
2010,2015,2012.5,0.000123296,0.000616481,9
2015,2020,2017.5,0.000219193,0.00109597,16
2020,2025,2022.5,0.000191794,0.00095897,14
2025,2030,2027.5,0.000164395,0.000821974,12
2030,2035,2032.5,0.000191794,0.00095897,14
2035,2040,2037.5,0.000123296,0.000616481,9
2040,2045,2042.5,0.000191794,0.00095897,14
2045,2050,2047.5,0.000123296,0.000616481,9
2050,2055,2052.5,0.000232893,0.00116446,17
2055,2060,2057.5,0.000164395,0.000821974,12
2060,2065,2062.5,0.000301391,0.00150695,22
2065,2070,2067.5,0.000136996,0.000684978,10
2070,2075,2072.5,0.000232893,0.00116446,17
2075,2080,2077.5,0.000123296,0.000616481,9
2080,2085,2082.5,0.00032879,0.00164395,24
2085,2090,2087.5,0.000178094,0.000890472,13
2090,2095,2092.5,0.000150695,0.000753476,11
2095,2100,2097.5,0.000150695,0.000753476,11
2100,2105,2102.5,0.000219193,0.00109597,16
2105,2110,2107.5,0.000191794,0.00095897,14
2110,2115,2112.5,0.000123296,0.000616481,9
2115,2120,2117.5,6.84978e-05,0.000342489,5
2120,2125,2122.5,0.000150695,0.000753476,11
2125,2130,2127.5,9.5897e-05,0.000479485,7
2130,2135,2132.5,0.000123296,0.000616481,9
2135,2140,2137.5,0.000150695,0.000753476,11
2140,2145,2142.5,0.000150695,0.000753476,11
2145,2150,2147.5,0.000109597,0.000547983,8
2150,2155,2152.5,0.000109597,0.000547983,8
2155,2160,2157.5,0.000178094,0.000890472,13
2160,2165,2162.5,0.000205494,0.00102747,15
2165,2170,2167.5,0.000109597,0.000547983,8
2170,2175,2172.5,0.000136996,0.000684978,10
2175,2180,2177.5,0.000191794,0.00095897,14
2180,2185,2182.5,0.000178094,0.000890472,13
2185,2190,2187.5,0.000150695,0.000753476,11
2190,2195,2192.5,0.000164395,0.000821974,12
2195,2200,2197.5,0.000191794,0.00095897,14
2200,2205,2202.5,0.000150695,0.000753476,11
2205,2210,2207.5,8.21974e-05,0.000410987,6
2210,2215,2212.5,9.5897e-05,0.000479485,7
2215,2220,2217.5,0.000109597,0.000547983,8
2220,2225,2222.5,0.000164395,0.000821974,12
2225,2230,2227.5,0.000136996,0.000684978,10
2230,2235,2232.5,0.000136996,0.000684978,10
2235,2240,2237.5,0.000164395,0.000821974,12
2240,2245,2242.5,8.21974e-05,0.000410987,6
2245,2250,2247.5,0.000136996,0.000684978,10
2250,2255,2252.5,0.000136996,0.000684978,10
2255,2260,2257.5,0.000136996,0.000684978,10
2260,2265,2262.5,0.000150695,0.000753476,11
2265,2270,2267.5,0.000191794,0.00095897,14
2270,2275,2272.5,0.000191794,0.00095897,14
2275,2280,2277.5,0.000136996,0.000684978,10
2280,2285,2282.5,0.000109597,0.000547983,8
2285,2290,2287.5,0.000164395,0.000821974,12
2290,2295,2292.5,0.000123296,0.000616481,9
2295,2300,2297.5,0.000123296,0.000616481,9
2300,2305,2302.5,0.000109597,0.000547983,8
2305,2310,2307.5,6.84978e-05,0.000342489,5
2310,2315,2312.5,0.000164395,0.000821974,12
2315,2320,2317.5,0.000191794,0.00095897,14
2320,2325,2322.5,0.000150695,0.000753476,11
2325,2330,2327.5,6.84978e-05,0.000342489,5
2330,2335,2332.5,0.000164395,0.000821974,12
2335,2340,2337.5,0.000123296,0.000616481,9
2340,2345,2342.5,9.5897e-05,0.000479485,7
2345,2350,2347.5,0.000136996,0.000684978,10
2350,2355,2352.5,0.000178094,0.000890472,13
2355,2360,2357.5,0.000123296,0.000616481,9
2360,2365,2362.5,0.000178094,0.000890472,13
2365,2370,2367.5,0.000136996,0.000684978,10
2370,2375,2372.5,0.000150695,0.000753476,11
2375,2380,2377.5,0.000164395,0.000821974,12
2380,2385,2382.5,0.000136996,0.000684978,10
2385,2390,2387.5,0.000205494,0.00102747,15
2390,2395,2392.5,0.000136996,0.000684978,10
2395,2400,2397.5,0.000150695,0.000753476,11
2400,2405,2402.5,0.000205494,0.00102747,15
2405,2410,2407.5,0.000109597,0.000547983,8
2410,2415,2412.5,8.21974e-05,0.000410987,6
2415,2420,2417.5,0.000136996,0.000684978,10
2420,2425,2422.5,0.000136996,0.000684978,10
2425,2430,2427.5,9.5897e-05,0.000479485,7
2430,2435,2432.5,0.000191794,0.00095897,14
2435,2440,2437.5,0.000205494,0.00102747,15
2440,2445,2442.5,0.000109597,0.000547983,8
2445,2450,2447.5,0.000191794,0.00095897,14
2450,2455,2452.5,0.000205494,0.00102747,15
2455,2460,2457.5,0.000205494,0.00102747,15
2460,2465,2462.5,0.000178094,0.000890472,13
2465,2470,2467.5,6.84978e-05,0.000342489,5
2470,2475,2472.5,0.000136996,0.000684978,10
2475,2480,2477.5,0.000136996,0.000684978,10
2480,2485,2482.5,9.5897e-05,0.000479485,7
2485,2490,2487.5,0.000109597,0.000547983,8
2490,2495,2492.5,0.000150695,0.000753476,11
2495,2500,2497.5,0.000164395,0.000821974,12
2500,2505,2502.5,0.000109597,0.000547983,8
2505,2510,2507.5,0.000123296,0.000616481,9
2510,2515,2512.5,5.47983e-05,0.000273991,4
2515,2520,2517.5,0.000191794,0.00095897,14
2520,2525,2522.5,0.000123296,0.000616481,9
2525,2530,2527.5,9.5897e-05,0.000479485,7
2530,2535,2532.5,8.21974e-05,0.000410987,6
2535,2540,2537.5,0.000150695,0.000753476,11
2540,2545,2542.5,8.21974e-05,0.000410987,6
2545,2550,2547.5,0.000136996,0.000684978,10
2550,2555,2552.5,0.000109597,0.000547983,8
2555,2560,2557.5,9.5897e-05,0.000479485,7
2560,2565,2562.5,0.000164395,0.000821974,12
2565,2570,2567.5,9.5897e-05,0.000479485,7
2570,2575,2572.5,9.5897e-05,0.000479485,7
2575,2580,2577.5,0.000123296,0.000616481,9
2580,2585,2582.5,0.000150695,0.000753476,11
2585,2590,2587.5,0.000109597,0.000547983,8
2590,2595,2592.5,0.000219193,0.00109597,16
2595,2600,2597.5,0.000178094,0.000890472,13
2600,2605,2602.5,9.5897e-05,0.000479485,7
2605,2610,2607.5,0.000219193,0.00109597,16
2610,2615,2612.5,9.5897e-05,0.000479485,7
2615,2620,2617.5,0.000150695,0.000753476,11
2620,2625,2622.5,9.5897e-05,0.000479485,7
2625,2630,2627.5,0.000136996,0.000684978,10
2630,2635,2632.5,0.000136996,0.000684978,10
2635,2640,2637.5,0.000136996,0.000684978,10
2640,2645,2642.5,0.000109597,0.000547983,8
2645,2650,2647.5,0.000109597,0.000547983,8
2650,2655,2652.5,8.21974e-05,0.000410987,6
2655,2660,2657.5,6.84978e-05,0.000342489,5
2660,2665,2662.5,4.10987e-05,0.000205494,3
2665,2670,2667.5,0.000136996,0.000684978,10
2670,2675,2672.5,0.000123296,0.000616481,9
2675,2680,2677.5,0.000164395,0.000821974,12
2680,2685,2682.5,0.000109597,0.000547983,8
2685,2690,2687.5,9.5897e-05,0.000479485,7
2690,2695,2692.5,0.000136996,0.000684978,10
2695,2700,2697.5,0.000150695,0.000753476,11
2700,2705,2702.5,0.000150695,0.000753476,11
2705,2710,2707.5,0.000150695,0.000753476,11
2710,2715,2712.5,0.000109597,0.000547983,8
2715,2720,2717.5,4.10987e-05,0.000205494,3
2720,2725,2722.5,8.21974e-05,0.000410987,6
2725,2730,2727.5,8.21974e-05,0.000410987,6
2730,2735,2732.5,0.000136996,0.000684978,10
2735,2740,2737.5,0.000109597,0.000547983,8
2740,2745,2742.5,0.000109597,0.000547983,8
2745,2750,2747.5,0.000136996,0.000684978,10
2750,2755,2752.5,0.000136996,0.000684978,10
2755,2760,2757.5,0.000205494,0.00102747,15
2760,2765,2762.5,0.000109597,0.000547983,8
2765,2770,2767.5,0.000178094,0.000890472,13
2770,2775,2772.5,0.000109597,0.000547983,8
2775,2780,2777.5,0.000136996,0.000684978,10
2780,2785,2782.5,0.000123296,0.000616481,9
2785,2790,2787.5,0.000136996,0.000684978,10
2790,2795,2792.5,0.000150695,0.000753476,11
2795,2800,2797.5,0.000191794,0.00095897,14
2800,2805,2802.5,9.5897e-05,0.000479485,7
2805,2810,2807.5,6.84978e-05,0.000342489,5
2810,2815,2812.5,9.5897e-05,0.000479485,7
2815,2820,2817.5,0.000150695,0.000753476,11
2820,2825,2822.5,0.000109597,0.000547983,8
2825,2830,2827.5,0.000232893,0.00116446,17
2830,2835,2832.5,0.000178094,0.000890472,13
2835,2840,2837.5,0.000136996,0.000684978,10
2840,2845,2842.5,0.000109597,0.000547983,8
2845,2850,2847.5,0.000123296,0.000616481,9
2850,2855,2852.5,0.000123296,0.000616481,9
2855,2860,2857.5,0.000150695,0.000753476,11
2860,2865,2862.5,5.47983e-05,0.000273991,4
2865,2870,2867.5,0.000150695,0.000753476,11
2870,2875,2872.5,0.000123296,0.000616481,9
2875,2880,2877.5,0.000301391,0.00150695,22
2880,2885,2882.5,0.000191794,0.00095897,14
2885,2890,2887.5,0.000178094,0.000890472,13
2890,2895,2892.5,0.000191794,0.00095897,14
2895,2900,2897.5,0.000164395,0.000821974,12
2900,2905,2902.5,9.5897e-05,0.000479485,7
2905,2910,2907.5,0.000123296,0.000616481,9
2910,2915,2912.5,0.000150695,0.000753476,11
2915,2920,2917.5,0.000246592,0.00123296,18
2920,2925,2922.5,0.000150695,0.000753476,11
2925,2930,2927.5,9.5897e-05,0.000479485,7
2930,2935,2932.5,9.5897e-05,0.000479485,7
2935,2940,2937.5,0.000109597,0.000547983,8
2940,2945,2942.5,6.84978e-05,0.000342489,5
2945,2950,2947.5,0.000136996,0.000684978,10
2950,2955,2952.5,0.000164395,0.000821974,12
2955,2960,2957.5,0.000123296,0.000616481,9
2960,2965,2962.5,0.000150695,0.000753476,11
2965,2970,2967.5,9.5897e-05,0.000479485,7
2970,2975,2972.5,0.000123296,0.000616481,9
2975,2980,2977.5,6.84978e-05,0.000342489,5
2980,2985,2982.5,0.000123296,0.000616481,9
2985,2990,2987.5,0.000136996,0.000684978,10
2990,2995,2992.5,0.000150695,0.000753476,11
2995,3000,2997.5,9.5897e-05,0.000479485,7
3000,3005,3002.5,8.21974e-05,0.000410987,6
3005,3010,3007.5,0.000136996,0.000684978,10
3010,3015,3012.5,0.000123296,0.000616481,9
3015,3020,3017.5,0.000191794,0.00095897,14
3020,3025,3022.5,6.84978e-05,0.000342489,5
3025,3030,3027.5,9.5897e-05,0.000479485,7
3030,3035,3032.5,0.000150695,0.000753476,11
3035,3040,3037.5,6.84978e-05,0.000342489,5
3040,3045,3042.5,9.5897e-05,0.000479485,7
3045,3050,3047.5,0.000150695,0.000753476,11
3050,3055,3052.5,0.000205494,0.00102747,15
3055,3060,3057.5,8.21974e-05,0.000410987,6
3060,3065,3062.5,0.000164395,0.000821974,12
3065,3070,3067.5,0.000178094,0.000890472,13
3070,3075,3072.5,0.000150695,0.000753476,11
3075,3080,3077.5,0.000150695,0.000753476,11
3080,3085,3082.5,0.000150695,0.000753476,11
3085,3090,3087.5,0.000109597,0.000547983,8
3090,3095,3092.5,0.000260292,0.00130146,19
3095,3100,3097.5,9.5897e-05,0.000479485,7
3100,3105,3102.5,0.000123296,0.000616481,9
3105,3110,3107.5,0.000205494,0.00102747,15
3110,3115,3112.5,9.5897e-05,0.000479485,7
3115,3120,3117.5,0.000109597,0.000547983,8
3120,3125,3122.5,6.84978e-05,0.000342489,5
3125,3130,3127.5,0.000191794,0.00095897,14
3130,3135,3132.5,0.000150695,0.000753476,11
3135,3140,3137.5,8.21974e-05,0.000410987,6
3140,3145,3142.5,0.000150695,0.000753476,11
3145,3150,3147.5,5.47983e-05,0.000273991,4
3150,3155,3152.5,0.000219193,0.00109597,16
3155,3160,3157.5,9.5897e-05,0.000479485,7
3160,3165,3162.5,0.000219193,0.00109597,16
3165,3170,3167.5,0.000109597,0.000547983,8
3170,3175,3172.5,0.000150695,0.000753476,11
3175,3180,3177.5,0.000136996,0.000684978,10
3180,3185,3182.5,8.21974e-05,0.000410987,6
3185,3190,3187.5,0.000164395,0.000821974,12
3190,3195,3192.5,0.000123296,0.000616481,9
3195,3200,3197.5,8.21974e-05,0.000410987,6
3200,3205,3202.5,8.21974e-05,0.000410987,6
3205,3210,3207.5,8.21974e-05,0.000410987,6
3210,3215,3212.5,0.000109597,0.000547983,8
3215,3220,3217.5,0.000123296,0.000616481,9
3220,3225,3222.5,0.000123296,0.000616481,9
3225,3230,3227.5,9.5897e-05,0.000479485,7
3230,3235,3232.5,6.84978e-05,0.000342489,5
3235,3240,3237.5,9.5897e-05,0.000479485,7
3240,3245,3242.5,9.5897e-05,0.000479485,7
3245,3250,3247.5,0.000191794,0.00095897,14
3250,3255,3252.5,0.000109597,0.000547983,8
3255,3260,3257.5,8.21974e-05,0.000410987,6
3260,3265,3262.5,0.000136996,0.000684978,10
3265,3270,3267.5,0.000164395,0.000821974,12
3270,3275,3272.5,0.000205494,0.00102747,15
3275,3280,3277.5,0.000109597,0.000547983,8
3280,3285,3282.5,0.000123296,0.000616481,9
3285,3290,3287.5,9.5897e-05,0.000479485,7
3290,3295,3292.5,0.000109597,0.000547983,8
3295,3300,3297.5,0.000136996,0.000684978,10
3300,3305,3302.5,0.000178094,0.000890472,13
3305,3310,3307.5,0.000123296,0.000616481,9
3310,3315,3312.5,0.000150695,0.000753476,11
3315,3320,3317.5,0.000136996,0.000684978,10
3320,3325,3322.5,6.84978e-05,0.000342489,5
3325,3330,3327.5,4.10987e-05,0.000205494,3
3330,3335,3332.5,0.000178094,0.000890472,13
3335,3340,3337.5,0.000109597,0.000547983,8
3340,3345,3342.5,0.000109597,0.000547983,8
3345,3350,3347.5,0.000164395,0.000821974,12
3350,3355,3352.5,8.21974e-05,0.000410987,6
3355,3360,3357.5,0.000109597,0.000547983,8
3360,3365,3362.5,0.000178094,0.000890472,13
3365,3370,3367.5,5.47983e-05,0.000273991,4
3370,3375,3372.5,9.5897e-05,0.000479485,7
3375,3380,3377.5,0.000150695,0.000753476,11
3380,3385,3382.5,0.000109597,0.000547983,8
3385,3390,3387.5,0.000136996,0.000684978,10
3390,3395,3392.5,0.000164395,0.000821974,12
3395,3400,3397.5,4.10987e-05,0.000205494,3
3400,3405,3402.5,0.000109597,0.000547983,8
3405,3410,3407.5,9.5897e-05,0.000479485,7
3410,3415,3412.5,0.000178094,0.000890472,13
3415,3420,3417.5,0.000164395,0.000821974,12
3420,3425,3422.5,8.21974e-05,0.000410987,6
3425,3430,3427.5,5.47983e-05,0.000273991,4
3430,3435,3432.5,0.000191794,0.00095897,14
3435,3440,3437.5,0.000109597,0.000547983,8
3440,3445,3442.5,0.000123296,0.000616481,9
3445,3450,3447.5,9.5897e-05,0.000479485,7
3450,3455,3452.5,9.5897e-05,0.000479485,7
3455,3460,3457.5,9.5897e-05,0.000479485,7
3460,3465,3462.5,0.000136996,0.000684978,10
3465,3470,3467.5,9.5897e-05,0.000479485,7
3470,3475,3472.5,9.5897e-05,0.000479485,7
3475,3480,3477.5,6.84978e-05,0.000342489,5
3480,3485,3482.5,0.000136996,0.000684978,10
3485,3490,3487.5,0.000178094,0.000890472,13
3490,3495,3492.5,6.84978e-05,0.000342489,5
3495,3500,3497.5,0.000136996,0.000684978,10
3500,3505,3502.5,0.000205494,0.00102747,15
3505,3510,3507.5,0.000150695,0.000753476,11
3510,3515,3512.5,9.5897e-05,0.000479485,7
3515,3520,3517.5,0.000178094,0.000890472,13
3520,3525,3522.5,0.000164395,0.000821974,12
3525,3530,3527.5,0.000164395,0.000821974,12
3530,3535,3532.5,0.000260292,0.00130146,19
3535,3540,3537.5,0.000164395,0.000821974,12
3540,3545,3542.5,0.000136996,0.000684978,10
3545,3550,3547.5,0.000136996,0.000684978,10
3550,3555,3552.5,5.47983e-05,0.000273991,4
3555,3560,3557.5,0.000109597,0.000547983,8
3560,3565,3562.5,0.000109597,0.000547983,8
3565,3570,3567.5,8.21974e-05,0.000410987,6
3570,3575,3572.5,0.000136996,0.000684978,10
3575,3580,3577.5,0.000123296,0.000616481,9
3580,3585,3582.5,0.000136996,0.000684978,10
3585,3590,3587.5,0.000191794,0.00095897,14
3590,3595,3592.5,0.000109597,0.000547983,8
3595,3600,3597.5,2.73991e-05,0.000136996,2
3600,3605,3602.5,6.84978e-05,0.000342489,5
3605,3610,3607.5,0.000205494,0.00102747,15
3610,3615,3612.5,8.21974e-05,0.000410987,6
3615,3620,3617.5,0.000136996,0.000684978,10
3620,3625,3622.5,0.000123296,0.000616481,9
3625,3630,3627.5,0.000150695,0.000753476,11
3630,3635,3632.5,8.21974e-05,0.000410987,6
3635,3640,3637.5,9.5897e-05,0.000479485,7
3640,3645,3642.5,6.84978e-05,0.000342489,5
3645,3650,3647.5,9.5897e-05,0.000479485,7
3650,3655,3652.5,0.000123296,0.000616481,9
3655,3660,3657.5,0.000191794,0.00095897,14
3660,3665,3662.5,0.000150695,0.000753476,11
3665,3670,3667.5,0.000205494,0.00102747,15
3670,3675,3672.5,8.21974e-05,0.000410987,6
3675,3680,3677.5,5.47983e-05,0.000273991,4
3680,3685,3682.5,0.000109597,0.000547983,8
3685,3690,3687.5,0.000109597,0.000547983,8
3690,3695,3692.5,9.5897e-05,0.000479485,7
3695,3700,3697.5,4.10987e-05,0.000205494,3
3700,3705,3702.5,0.000123296,0.000616481,9
3705,3710,3707.5,0.000178094,0.000890472,13
3710,3715,3712.5,5.47983e-05,0.000273991,4
3715,3720,3717.5,0.000164395,0.000821974,12
3720,3725,3722.5,5.47983e-05,0.000273991,4
3725,3730,3727.5,0.000123296,0.000616481,9
3730,3735,3732.5,0.000109597,0.000547983,8
3735,3740,3737.5,9.5897e-05,0.000479485,7
3740,3745,3742.5,9.5897e-05,0.000479485,7
3745,3750,3747.5,0.000123296,0.000616481,9
3750,3755,3752.5,5.47983e-05,0.000273991,4
3755,3760,3757.5,0.000123296,0.000616481,9
3760,3765,3762.5,8.21974e-05,0.000410987,6
3765,3770,3767.5,0.000150695,0.000753476,11
3770,3775,3772.5,0.000109597,0.000547983,8
3775,3780,3777.5,0.000219193,0.00109597,16
3780,3785,3782.5,0.000136996,0.000684978,10
3785,3790,3787.5,0.000136996,0.000684978,10
3790,3795,3792.5,0.000164395,0.000821974,12
3795,3800,3797.5,8.21974e-05,0.000410987,6
3800,3805,3802.5,0.000178094,0.000890472,13
3805,3810,3807.5,0.000136996,0.000684978,10
3810,3815,3812.5,0.000123296,0.000616481,9
3815,3820,3817.5,8.21974e-05,0.000410987,6
3820,3825,3822.5,0.000150695,0.000753476,11
3825,3830,3827.5,8.21974e-05,0.000410987,6
3830,3835,3832.5,0.000123296,0.000616481,9
3835,3840,3837.5,0.000164395,0.000821974,12
3840,3845,3842.5,0.000109597,0.000547983,8
3845,3850,3847.5,8.21974e-05,0.000410987,6
3850,3855,3852.5,0.000178094,0.000890472,13
3855,3860,3857.5,6.84978e-05,0.000342489,5
3860,3865,3862.5,0.000136996,0.000684978,10
3865,3870,3867.5,0.000164395,0.000821974,12
3870,3875,3872.5,6.84978e-05,0.000342489,5
3875,3880,3877.5,0.000136996,0.000684978,10
3880,3885,3882.5,4.10987e-05,0.000205494,3
3885,3890,3887.5,9.5897e-05,0.000479485,7
3890,3895,3892.5,0.000123296,0.000616481,9
3895,3900,3897.5,8.21974e-05,0.000410987,6
3900,3905,3902.5,0.000109597,0.000547983,8
3905,3910,3907.5,9.5897e-05,0.000479485,7
3910,3915,3912.5,0.000150695,0.000753476,11
3915,3920,3917.5,0.000150695,0.000753476,11
3920,3925,3922.5,0.000123296,0.000616481,9
3925,3930,3927.5,9.5897e-05,0.000479485,7
3930,3935,3932.5,0.000178094,0.000890472,13
3935,3940,3937.5,4.10987e-05,0.000205494,3
3940,3945,3942.5,5.47983e-05,0.000273991,4
3945,3950,3947.5,8.21974e-05,0.000410987,6
3950,3955,3952.5,2.73991e-05,0.000136996,2
3955,3960,3957.5,4.10987e-05,0.000205494,3
3960,3965,3962.5,9.5897e-05,0.000479485,7
3965,3970,3967.5,6.84978e-05,0.000342489,5
3970,3975,3972.5,0.000136996,0.000684978,10
3975,3980,3977.5,6.84978e-05,0.000342489,5
3980,3985,3982.5,0.000123296,0.000616481,9
3985,3990,3987.5,0.000150695,0.000753476,11
3990,3995,3992.5,9.5897e-05,0.000479485,7
3995,4000,3997.5,0.000150695,0.000753476,11
4000,4005,4002.5,0.000109597,0.000547983,8
4005,4010,4007.5,0.000150695,0.000753476,11
4010,4015,4012.5,9.5897e-05,0.000479485,7
4015,4020,4017.5,8.21974e-05,0.000410987,6
4020,4025,4022.5,0.000150695,0.000753476,11
4025,4030,4027.5,8.21974e-05,0.000410987,6
4030,4035,4032.5,0.000123296,0.000616481,9
4035,4040,4037.5,0.000164395,0.000821974,12
4040,4045,4042.5,0.000191794,0.00095897,14
4045,4050,4047.5,0.000136996,0.000684978,10
4050,4055,4052.5,5.47983e-05,0.000273991,4
4055,4060,4057.5,6.84978e-05,0.000342489,5
4060,4065,4062.5,0.000109597,0.000547983,8
4065,4070,4067.5,6.84978e-05,0.000342489,5
4070,4075,4072.5,0.000109597,0.000547983,8
4075,4080,4077.5,0.000109597,0.000547983,8
4080,4085,4082.5,0.000123296,0.000616481,9
4085,4090,4087.5,9.5897e-05,0.000479485,7
4090,4095,4092.5,0.000123296,0.000616481,9
4095,4100,4097.5,0.000109597,0.000547983,8
4100,4105,4102.5,5.47983e-05,0.000273991,4
4105,4110,4107.5,0.000164395,0.000821974,12
4110,4115,4112.5,0.000136996,0.000684978,10
4115,4120,4117.5,0.000123296,0.000616481,9
4120,4125,4122.5,0.000123296,0.000616481,9
4125,4130,4127.5,6.84978e-05,0.000342489,5
4130,4135,4132.5,0.000109597,0.000547983,8
4135,4140,4137.5,9.5897e-05,0.000479485,7
4140,4145,4142.5,0.000136996,0.000684978,10
4145,4150,4147.5,0.000150695,0.000753476,11
4150,4155,4152.5,8.21974e-05,0.000410987,6
4155,4160,4157.5,0.000136996,0.000684978,10
4160,4165,4162.5,2.73991e-05,0.000136996,2
4165,4170,4167.5,0.000136996,0.000684978,10
4170,4175,4172.5,0.000109597,0.000547983,8
4175,4180,4177.5,0.000109597,0.000547983,8
4180,4185,4182.5,0.000123296,0.000616481,9
4185,4190,4187.5,9.5897e-05,0.000479485,7
4190,4195,4192.5,0.000136996,0.000684978,10
4195,4200,4197.5,0.000136996,0.000684978,10
4200,4205,4202.5,6.84978e-05,0.000342489,5
4205,4210,4207.5,0.000123296,0.000616481,9
4210,4215,4212.5,0.000109597,0.000547983,8
4215,4220,4217.5,9.5897e-05,0.000479485,7
4220,4225,4222.5,0.000109597,0.000547983,8
4225,4230,4227.5,0.000136996,0.000684978,10
4230,4235,4232.5,8.21974e-05,0.000410987,6
4235,4240,4237.5,9.5897e-05,0.000479485,7
4240,4245,4242.5,6.84978e-05,0.000342489,5
4245,4250,4247.5,6.84978e-05,0.000342489,5
4250,4255,4252.5,9.5897e-05,0.000479485,7
4255,4260,4257.5,0.000150695,0.000753476,11
4260,4265,4262.5,0.000178094,0.000890472,13
4265,4270,4267.5,0.000123296,0.000616481,9
4270,4275,4272.5,8.21974e-05,0.000410987,6
4275,4280,4277.5,6.84978e-05,0.000342489,5
4280,4285,4282.5,8.21974e-05,0.000410987,6
4285,4290,4287.5,0.000109597,0.000547983,8
4290,4295,4292.5,8.21974e-05,0.000410987,6
4295,4300,4297.5,0.000123296,0.000616481,9
4300,4305,4302.5,0.000123296,0.000616481,9
4305,4310,4307.5,6.84978e-05,0.000342489,5
4310,4315,4312.5,9.5897e-05,0.000479485,7
4315,4320,4317.5,8.21974e-05,0.000410987,6
4320,4325,4322.5,8.21974e-05,0.000410987,6
4325,4330,4327.5,5.47983e-05,0.000273991,4
4330,4335,4332.5,6.84978e-05,0.000342489,5
4335,4340,4337.5,9.5897e-05,0.000479485,7
4340,4345,4342.5,4.10987e-05,0.000205494,3
4345,4350,4347.5,4.10987e-05,0.000205494,3
4350,4355,4352.5,8.21974e-05,0.000410987,6
4355,4360,4357.5,8.21974e-05,0.000410987,6
4360,4365,4362.5,8.21974e-05,0.000410987,6
4365,4370,4367.5,4.10987e-05,0.000205494,3
4370,4375,4372.5,2.73991e-05,0.000136996,2
4375,4380,4377.5,8.21974e-05,0.000410987,6
4380,4385,4382.5,6.84978e-05,0.000342489,5
4385,4390,4387.5,0.000109597,0.000547983,8
4390,4395,4392.5,2.73991e-05,0.000136996,2
4395,4400,4397.5,0.000123296,0.000616481,9
4400,4405,4402.5,4.10987e-05,0.000205494,3
4405,4410,4407.5,8.21974e-05,0.000410987,6
4410,4415,4412.5,0.000109597,0.000547983,8
4415,4420,4417.5,2.73991e-05,0.000136996,2
4420,4425,4422.5,6.84978e-05,0.000342489,5
4425,4430,4427.5,9.5897e-05,0.000479485,7
4430,4435,4432.5,4.10987e-05,0.000205494,3
4435,4440,4437.5,6.84978e-05,0.000342489,5
4440,4445,4442.5,5.47983e-05,0.000273991,4
4445,4450,4447.5,5.47983e-05,0.000273991,4
4450,4455,4452.5,5.47983e-05,0.000273991,4
4455,4460,4457.5,8.21974e-05,0.000410987,6
4460,4465,4462.5,1.36996e-05,6.84978e-05,1
4465,4470,4467.5,4.10987e-05,0.000205494,3
4470,4475,4472.5,4.10987e-05,0.000205494,3
4480,4485,4482.5,6.84978e-05,0.000342489,5
4485,4490,4487.5,9.5897e-05,0.000479485,7
4490,4495,4492.5,2.73991e-05,0.000136996,2
4495,4500,4497.5,1.36996e-05,6.84978e-05,1
4500,4505,4502.5,5.47983e-05,0.000273991,4
4505,4510,4507.5,6.84978e-05,0.000342489,5
4510,4515,4512.5,4.10987e-05,0.000205494,3
4515,4520,4517.5,1.36996e-05,6.84978e-05,1
4520,4525,4522.5,2.73991e-05,0.000136996,2
4525,4530,4527.5,5.47983e-05,0.000273991,4
4530,4535,4532.5,6.84978e-05,0.000342489,5
4535,4540,4537.5,2.73991e-05,0.000136996,2
4540,4545,4542.5,4.10987e-05,0.000205494,3
4545,4550,4547.5,5.47983e-05,0.000273991,4
4550,4555,4552.5,6.84978e-05,0.000342489,5
4555,4560,4557.5,5.47983e-05,0.000273991,4
4560,4565,4562.5,2.73991e-05,0.000136996,2
4565,4570,4567.5,9.5897e-05,0.000479485,7
4570,4575,4572.5,2.73991e-05,0.000136996,2
4575,4580,4577.5,4.10987e-05,0.000205494,3
4580,4585,4582.5,6.84978e-05,0.000342489,5
4585,4590,4587.5,5.47983e-05,0.000273991,4
4590,4595,4592.5,2.73991e-05,0.000136996,2
4595,4600,4597.5,1.36996e-05,6.84978e-05,1
4600,4605,4602.5,4.10987e-05,0.000205494,3
4605,4610,4607.5,4.10987e-05,0.000205494,3
4610,4615,4612.5,6.84978e-05,0.000342489,5
4615,4620,4617.5,6.84978e-05,0.000342489,5
4620,4625,4622.5,5.47983e-05,0.000273991,4
4625,4630,4627.5,2.73991e-05,0.000136996,2
4630,4635,4632.5,5.47983e-05,0.000273991,4
4635,4640,4637.5,1.36996e-05,6.84978e-05,1
4640,4645,4642.5,4.10987e-05,0.000205494,3
4645,4650,4647.5,4.10987e-05,0.000205494,3
4650,4655,4652.5,4.10987e-05,0.000205494,3
4655,4660,4657.5,1.36996e-05,6.84978e-05,1
4660,4665,4662.5,1.36996e-05,6.84978e-05,1
4665,4670,4667.5,2.73991e-05,0.000136996,2
4670,4675,4672.5,1.36996e-05,6.84978e-05,1
4680,4685,4682.5,4.10987e-05,0.000205494,3
4690,4695,4692.5,2.73991e-05,0.000136996,2
4695,4700,4697.5,4.10987e-05,0.000205494,3
4700,4705,4702.5,1.36996e-05,6.84978e-05,1
4705,4710,4707.5,2.73991e-05,0.000136996,2
4710,4715,4712.5,2.73991e-05,0.000136996,2
4715,4720,4717.5,1.36996e-05,6.84978e-05,1
4720,4725,4722.5,2.73991e-05,0.000136996,2
4725,4730,4727.5,4.10987e-05,0.000205494,3
4735,4740,4737.5,4.10987e-05,0.000205494,3
4740,4745,4742.5,1.36996e-05,6.84978e-05,1
4750,4755,4752.5,2.73991e-05,0.000136996,2
4755,4760,4757.5,2.73991e-05,0.000136996,2
4760,4765,4762.5,8.21974e-05,0.000410987,6
4765,4770,4767.5,1.36996e-05,6.84978e-05,1
4770,4775,4772.5,2.73991e-05,0.000136996,2
4775,4780,4777.5,4.10987e-05,0.000205494,3
4780,4785,4782.5,2.73991e-05,0.000136996,2
4785,4790,4787.5,6.84978e-05,0.000342489,5
4790,4795,4792.5,4.10987e-05,0.000205494,3
4795,4800,4797.5,1.36996e-05,6.84978e-05,1
4800,4805,4802.5,1.36996e-05,6.84978e-05,1
4805,4810,4807.5,2.73991e-05,0.000136996,2
4810,4815,4812.5,2.73991e-05,0.000136996,2
4815,4820,4817.5,1.36996e-05,6.84978e-05,1
4820,4825,4822.5,8.21974e-05,0.000410987,6
4825,4830,4827.5,2.73991e-05,0.000136996,2
4830,4835,4832.5,6.84978e-05,0.000342489,5
4835,4840,4837.5,4.10987e-05,0.000205494,3
4840,4845,4842.5,1.36996e-05,6.84978e-05,1
4845,4850,4847.5,2.73991e-05,0.000136996,2
4850,4855,4852.5,5.47983e-05,0.000273991,4
4855,4860,4857.5,2.73991e-05,0.000136996,2
4860,4865,4862.5,5.47983e-05,0.000273991,4
4865,4870,4867.5,1.36996e-05,6.84978e-05,1
4870,4875,4872.5,5.47983e-05,0.000273991,4
4875,4880,4877.5,2.73991e-05,0.000136996,2
4880,4885,4882.5,1.36996e-05,6.84978e-05,1
4885,4890,4887.5,2.73991e-05,0.000136996,2
4890,4895,4892.5,4.10987e-05,0.000205494,3
4895,4900,4897.5,4.10987e-05,0.000205494,3
4900,4905,4902.5,4.10987e-05,0.000205494,3
4905,4910,4907.5,2.73991e-05,0.000136996,2
4915,4920,4917.5,1.36996e-05,6.84978e-05,1
4920,4925,4922.5,4.10987e-05,0.000205494,3
4925,4930,4927.5,2.73991e-05,0.000136996,2
4935,4940,4937.5,2.73991e-05,0.000136996,2
4940,4945,4942.5,1.36996e-05,6.84978e-05,1
4945,4950,4947.5,2.73991e-05,0.000136996,2
4955,4960,4957.5,2.73991e-05,0.000136996,2
4960,4965,4962.5,5.47983e-05,0.000273991,4
4965,4970,4967.5,1.36996e-05,6.84978e-05,1
4970,4975,4972.5,4.10987e-05,0.000205494,3
4975,4980,4977.5,6.84978e-05,0.000342489,5
4980,4985,4982.5,2.73991e-05,0.000136996,2
4985,4990,4987.5,1.36996e-05,6.84978e-05,1
4990,4995,4992.5,8.21974e-05,0.000410987,6
4995,5000,4997.5,5.47983e-05,0.000273991,4
5000,5005,5002.5,2.73991e-05,0.000136996,2
5005,5010,5007.5,2.73991e-05,0.000136996,2
5010,5015,5012.5,1.36996e-05,6.84978e-05,1
5015,5020,5017.5,1.36996e-05,6.84978e-05,1
5020,5025,5022.5,4.10987e-05,0.000205494,3
5025,5030,5027.5,0.000109597,0.000547983,8
5030,5035,5032.5,2.73991e-05,0.000136996,2
5035,5040,5037.5,2.73991e-05,0.000136996,2
5040,5045,5042.5,1.36996e-05,6.84978e-05,1
5045,5050,5047.5,4.10987e-05,0.000205494,3
5050,5055,5052.5,2.73991e-05,0.000136996,2
5055,5060,5057.5,1.36996e-05,6.84978e-05,1
5060,5065,5062.5,1.36996e-05,6.84978e-05,1
5065,5070,5067.5,2.73991e-05,0.000136996,2
5070,5075,5072.5,4.10987e-05,0.000205494,3
5075,5080,5077.5,1.36996e-05,6.84978e-05,1
5080,5085,5082.5,4.10987e-05,0.000205494,3
5090,5095,5092.5,1.36996e-05,6.84978e-05,1
5095,5100,5097.5,5.47983e-05,0.000273991,4
5100,5105,5102.5,5.47983e-05,0.000273991,4
5105,5110,5107.5,1.36996e-05,6.84978e-05,1
5110,5115,5112.5,1.36996e-05,6.84978e-05,1
5115,5120,5117.5,1.36996e-05,6.84978e-05,1
5120,5125,5122.5,2.73991e-05,0.000136996,2
5125,5130,5127.5,5.47983e-05,0.000273991,4
5130,5135,5132.5,4.10987e-05,0.000205494,3
5135,5140,5137.5,5.47983e-05,0.000273991,4
5140,5145,5142.5,6.84978e-05,0.000342489,5
5145,5150,5147.5,6.84978e-05,0.000342489,5
5150,5155,5152.5,4.10987e-05,0.000205494,3
5155,5160,5157.5,6.84978e-05,0.000342489,5
5165,5170,5167.5,2.73991e-05,0.000136996,2
5170,5175,5172.5,1.36996e-05,6.84978e-05,1
5175,5180,5177.5,6.84978e-05,0.000342489,5
5180,5185,5182.5,5.47983e-05,0.000273991,4
5190,5195,5192.5,5.47983e-05,0.000273991,4
5195,5200,5197.5,5.47983e-05,0.000273991,4
5200,5205,5202.5,5.47983e-05,0.000273991,4
5205,5210,5207.5,5.47983e-05,0.000273991,4
5210,5215,5212.5,2.73991e-05,0.000136996,2
5215,5220,5217.5,2.73991e-05,0.000136996,2
5220,5225,5222.5,6.84978e-05,0.000342489,5
5225,5230,5227.5,1.36996e-05,6.84978e-05,1
5230,5235,5232.5,9.5897e-05,0.000479485,7
5235,5240,5237.5,2.73991e-05,0.000136996,2
5240,5245,5242.5,5.47983e-05,0.000273991,4
5245,5250,5247.5,5.47983e-05,0.000273991,4
5250,5255,5252.5,1.36996e-05,6.84978e-05,1
5255,5260,5257.5,1.36996e-05,6.84978e-05,1
5260,5265,5262.5,2.73991e-05,0.000136996,2
5265,5270,5267.5,2.73991e-05,0.000136996,2
5270,5275,5272.5,1.36996e-05,6.84978e-05,1
5275,5280,5277.5,6.84978e-05,0.000342489,5
5285,5290,5287.5,4.10987e-05,0.000205494,3
5290,5295,5292.5,5.47983e-05,0.000273991,4
5300,5305,5302.5,1.36996e-05,6.84978e-05,1
5305,5310,5307.5,2.73991e-05,0.000136996,2
5315,5320,5317.5,2.73991e-05,0.000136996,2
5320,5325,5322.5,5.47983e-05,0.000273991,4
5325,5330,5327.5,5.47983e-05,0.000273991,4
5330,5335,5332.5,2.73991e-05,0.000136996,2
5335,5340,5337.5,2.73991e-05,0.000136996,2
5340,5345,5342.5,1.36996e-05,6.84978e-05,1
5345,5350,5347.5,2.73991e-05,0.000136996,2
5350,5355,5352.5,5.47983e-05,0.000273991,4
5365,5370,5367.5,4.10987e-05,0.000205494,3
5370,5375,5372.5,1.36996e-05,6.84978e-05,1
5375,5380,5377.5,4.10987e-05,0.000205494,3
5385,5390,5387.5,2.73991e-05,0.000136996,2
5390,5395,5392.5,2.73991e-05,0.000136996,2
5395,5400,5397.5,2.73991e-05,0.000136996,2
5400,5405,5402.5,2.73991e-05,0.000136996,2
5405,5410,5407.5,4.10987e-05,0.000205494,3
5410,5415,5412.5,4.10987e-05,0.000205494,3
5415,5420,5417.5,1.36996e-05,6.84978e-05,1
5420,5425,5422.5,1.36996e-05,6.84978e-05,1
5425,5430,5427.5,6.84978e-05,0.000342489,5
5430,5435,5432.5,1.36996e-05,6.84978e-05,1
5435,5440,5437.5,4.10987e-05,0.000205494,3
5440,5445,5442.5,4.10987e-05,0.000205494,3
5445,5450,5447.5,2.73991e-05,0.000136996,2
5450,5455,5452.5,1.36996e-05,6.84978e-05,1
5455,5460,5457.5,1.36996e-05,6.84978e-05,1
5460,5465,5462.5,1.36996e-05,6.84978e-05,1
5465,5470,5467.5,1.36996e-05,6.84978e-05,1
5470,5475,5472.5,1.36996e-05,6.84978e-05,1
5475,5480,5477.5,1.36996e-05,6.84978e-05,1
5480,5485,5482.5,1.36996e-05,6.84978e-05,1
5485,5490,5487.5,1.36996e-05,6.84978e-05,1
5490,5495,5492.5,1.36996e-05,6.84978e-05,1
5495,5500,5497.5,2.73991e-05,0.000136996,2
5500,5505,5502.5,2.73991e-05,0.000136996,2
5505,5510,5507.5,1.36996e-05,6.84978e-05,1
5510,5515,5512.5,1.36996e-05,6.84978e-05,1
5515,5520,5517.5,2.73991e-05,0.000136996,2
5520,5525,5522.5,1.36996e-05,6.84978e-05,1
5525,5530,5527.5,2.73991e-05,0.000136996,2
5535,5540,5537.5,2.73991e-05,0.000136996,2
5540,5545,5542.5,2.73991e-05,0.000136996,2
5550,5555,5552.5,2.73991e-05,0.000136996,2
5555,5560,5557.5,4.10987e-05,0.000205494,3
5560,5565,5562.5,2.73991e-05,0.000136996,2
5565,5570,5567.5,2.73991e-05,0.000136996,2
5570,5575,5572.5,4.10987e-05,0.000205494,3
5575,5580,5577.5,1.36996e-05,6.84978e-05,1
5580,5585,5582.5,6.84978e-05,0.000342489,5
5585,5590,5587.5,4.10987e-05,0.000205494,3
5590,5595,5592.5,5.47983e-05,0.000273991,4
5595,5600,5597.5,1.36996e-05,6.84978e-05,1
5600,5605,5602.5,1.36996e-05,6.84978e-05,1
5605,5610,5607.5,4.10987e-05,0.000205494,3
5610,5615,5612.5,2.73991e-05,0.000136996,2
5615,5620,5617.5,5.47983e-05,0.000273991,4
5620,5625,5622.5,2.73991e-05,0.000136996,2
5625,5630,5627.5,4.10987e-05,0.000205494,3
5635,5640,5637.5,1.36996e-05,6.84978e-05,1
5640,5645,5642.5,1.36996e-05,6.84978e-05,1
5645,5650,5647.5,1.36996e-05,6.84978e-05,1
5650,5655,5652.5,2.73991e-05,0.000136996,2
5655,5660,5657.5,5.47983e-05,0.000273991,4
5660,5665,5662.5,2.73991e-05,0.000136996,2
5670,5675,5672.5,2.73991e-05,0.000136996,2
5680,5685,5682.5,1.36996e-05,6.84978e-05,1
5685,5690,5687.5,5.47983e-05,0.000273991,4
5690,5695,5692.5,2.73991e-05,0.000136996,2
5695,5700,5697.5,1.36996e-05,6.84978e-05,1
5700,5705,5702.5,2.73991e-05,0.000136996,2
5710,5715,5712.5,1.36996e-05,6.84978e-05,1
5715,5720,5717.5,4.10987e-05,0.000205494,3
5720,5725,5722.5,1.36996e-05,6.84978e-05,1
5725,5730,5727.5,2.73991e-05,0.000136996,2
5730,5735,5732.5,4.10987e-05,0.000205494,3
5735,5740,5737.5,4.10987e-05,0.000205494,3
5740,5745,5742.5,1.36996e-05,6.84978e-05,1
5745,5750,5747.5,1.36996e-05,6.84978e-05,1
5750,5755,5752.5,2.73991e-05,0.000136996,2
5755,5760,5757.5,1.36996e-05,6.84978e-05,1
5760,5765,5762.5,2.73991e-05,0.000136996,2
5765,5770,5767.5,2.73991e-05,0.000136996,2
5770,5775,5772.5,2.73991e-05,0.000136996,2
5775,5780,5777.5,1.36996e-05,6.84978e-05,1
5780,5785,5782.5,4.10987e-05,0.000205494,3
5785,5790,5787.5,4.10987e-05,0.000205494,3
5790,5795,5792.5,5.47983e-05,0.000273991,4
5795,5800,5797.5,1.36996e-05,6.84978e-05,1
5800,5805,5802.5,2.73991e-05,0.000136996,2
5805,5810,5807.5,2.73991e-05,0.000136996,2
5810,5815,5812.5,2.73991e-05,0.000136996,2
5815,5820,5817.5,1.36996e-05,6.84978e-05,1
5820,5825,5822.5,2.73991e-05,0.000136996,2
5825,5830,5827.5,4.10987e-05,0.000205494,3
5830,5835,5832.5,2.73991e-05,0.000136996,2
5835,5840,5837.5,2.73991e-05,0.000136996,2
5840,5845,5842.5,8.21974e-05,0.000410987,6
5850,5855,5852.5,5.47983e-05,0.000273991,4
5855,5860,5857.5,4.10987e-05,0.000205494,3
5860,5865,5862.5,2.73991e-05,0.000136996,2
5865,5870,5867.5,1.36996e-05,6.84978e-05,1
5875,5880,5877.5,2.73991e-05,0.000136996,2
5880,5885,5882.5,1.36996e-05,6.84978e-05,1
5885,5890,5887.5,2.73991e-05,0.000136996,2
5895,5900,5897.5,4.10987e-05,0.000205494,3
5900,5905,5902.5,5.47983e-05,0.000273991,4
5905,5910,5907.5,4.10987e-05,0.000205494,3
5910,5915,5912.5,1.36996e-05,6.84978e-05,1
5915,5920,5917.5,1.36996e-05,6.84978e-05,1
5920,5925,5922.5,1.36996e-05,6.84978e-05,1
5930,5935,5932.5,1.36996e-05,6.84978e-05,1
5935,5940,5937.5,2.73991e-05,0.000136996,2
5945,5950,5947.5,1.36996e-05,6.84978e-05,1
5950,5955,5952.5,2.73991e-05,0.000136996,2
5955,5960,5957.5,4.10987e-05,0.000205494,3
5960,5965,5962.5,2.73991e-05,0.000136996,2
5965,5970,5967.5,2.73991e-05,0.000136996,2
5970,5975,5972.5,4.10987e-05,0.000205494,3
5975,5980,5977.5,2.73991e-05,0.000136996,2
5980,5985,5982.5,1.36996e-05,6.84978e-05,1
5985,5990,5987.5,1.36996e-05,6.84978e-05,1
5995,6000,5997.5,2.73991e-05,0.000136996,2
6005,6010,6007.5,2.73991e-05,0.000136996,2
6010,6015,6012.5,2.73991e-05,0.000136996,2
6015,6020,6017.5,1.36996e-05,6.84978e-05,1
6020,6025,6022.5,5.47983e-05,0.000273991,4
6025,6030,6027.5,1.36996e-05,6.84978e-05,1
6030,6035,6032.5,2.73991e-05,0.000136996,2
6035,6040,6037.5,1.36996e-05,6.84978e-05,1
6040,6045,6042.5,1.36996e-05,6.84978e-05,1
6050,6055,6052.5,2.73991e-05,0.000136996,2
6055,6060,6057.5,1.36996e-05,6.84978e-05,1
6060,6065,6062.5,5.47983e-05,0.000273991,4
6065,6070,6067.5,5.47983e-05,0.000273991,4
6070,6075,6072.5,5.47983e-05,0.000273991,4
6075,6080,6077.5,4.10987e-05,0.000205494,3
6080,6085,6082.5,1.36996e-05,6.84978e-05,1
6085,6090,6087.5,2.73991e-05,0.000136996,2
6090,6095,6092.5,4.10987e-05,0.000205494,3
6100,6105,6102.5,1.36996e-05,6.84978e-05,1
6105,6110,6107.5,1.36996e-05,6.84978e-05,1
6110,6115,6112.5,2.73991e-05,0.000136996,2
6115,6120,6117.5,4.10987e-05,0.000205494,3
6125,6130,6127.5,5.47983e-05,0.000273991,4
6130,6135,6132.5,2.73991e-05,0.000136996,2
6135,6140,6137.5,1.36996e-05,6.84978e-05,1
6140,6145,6142.5,2.73991e-05,0.000136996,2
6145,6150,6147.5,1.36996e-05,6.84978e-05,1
6150,6155,6152.5,1.36996e-05,6.84978e-05,1
6155,6160,6157.5,4.10987e-05,0.000205494,3
6160,6165,6162.5,2.73991e-05,0.000136996,2
6165,6170,6167.5,4.10987e-05,0.000205494,3
6170,6175,6172.5,4.10987e-05,0.000205494,3
6175,6180,6177.5,4.10987e-05,0.000205494,3
6180,6185,6182.5,4.10987e-05,0.000205494,3
6185,6190,6187.5,6.84978e-05,0.000342489,5
6190,6195,6192.5,2.73991e-05,0.000136996,2
6200,6205,6202.5,2.73991e-05,0.000136996,2
6205,6210,6207.5,2.73991e-05,0.000136996,2
6210,6215,6212.5,4.10987e-05,0.000205494,3
6215,6220,6217.5,1.36996e-05,6.84978e-05,1
6220,6225,6222.5,1.36996e-05,6.84978e-05,1
6225,6230,6227.5,2.73991e-05,0.000136996,2
6230,6235,6232.5,9.5897e-05,0.000479485,7
6240,6245,6242.5,4.10987e-05,0.000205494,3
6245,6250,6247.5,4.10987e-05,0.000205494,3
6250,6255,6252.5,2.73991e-05,0.000136996,2
6255,6260,6257.5,1.36996e-05,6.84978e-05,1
6260,6265,6262.5,2.73991e-05,0.000136996,2
6265,6270,6267.5,1.36996e-05,6.84978e-05,1
6270,6275,6272.5,4.10987e-05,0.000205494,3
6275,6280,6277.5,2.73991e-05,0.000136996,2
6280,6285,6282.5,1.36996e-05,6.84978e-05,1
6285,6290,6287.5,1.36996e-05,6.84978e-05,1
6295,6300,6297.5,1.36996e-05,6.84978e-05,1
6300,6305,6302.5,4.10987e-05,0.000205494,3
6305,6310,6307.5,1.36996e-05,6.84978e-05,1
6315,6320,6317.5,2.73991e-05,0.000136996,2
6320,6325,6322.5,2.73991e-05,0.000136996,2
6325,6330,6327.5,1.36996e-05,6.84978e-05,1
6330,6335,6332.5,4.10987e-05,0.000205494,3
6335,6340,6337.5,8.21974e-05,0.000410987,6
6340,6345,6342.5,2.73991e-05,0.000136996,2
6345,6350,6347.5,2.73991e-05,0.000136996,2
6350,6355,6352.5,1.36996e-05,6.84978e-05,1
6355,6360,6357.5,6.84978e-05,0.000342489,5
6360,6365,6362.5,4.10987e-05,0.000205494,3
6365,6370,6367.5,1.36996e-05,6.84978e-05,1
6370,6375,6372.5,1.36996e-05,6.84978e-05,1
6375,6380,6377.5,2.73991e-05,0.000136996,2
6380,6385,6382.5,1.36996e-05,6.84978e-05,1
6385,6390,6387.5,5.47983e-05,0.000273991,4
6390,6395,6392.5,1.36996e-05,6.84978e-05,1
6405,6410,6407.5,4.10987e-05,0.000205494,3
6410,6415,6412.5,1.36996e-05,6.84978e-05,1
6415,6420,6417.5,5.47983e-05,0.000273991,4
6425,6430,6427.5,5.47983e-05,0.000273991,4
6430,6435,6432.5,2.73991e-05,0.000136996,2
6440,6445,6442.5,1.36996e-05,6.84978e-05,1
6445,6450,6447.5,2.73991e-05,0.000136996,2
6450,6455,6452.5,1.36996e-05,6.84978e-05,1
6455,6460,6457.5,1.36996e-05,6.84978e-05,1
6460,6465,6462.5,1.36996e-05,6.84978e-05,1
6470,6475,6472.5,4.10987e-05,0.000205494,3
6485,6490,6487.5,1.36996e-05,6.84978e-05,1
6505,6510,6507.5,2.73991e-05,0.000136996,2
6510,6515,6512.5,1.36996e-05,6.84978e-05,1
6520,6525,6522.5,4.10987e-05,0.000205494,3
6525,6530,6527.5,2.73991e-05,0.000136996,2
6530,6535,6532.5,1.36996e-05,6.84978e-05,1
6535,6540,6537.5,4.10987e-05,0.000205494,3
6540,6545,6542.5,1.36996e-05,6.84978e-05,1
6555,6560,6557.5,2.73991e-05,0.000136996,2
6560,6565,6562.5,1.36996e-05,6.84978e-05,1
6565,6570,6567.5,4.10987e-05,0.000205494,3
6570,6575,6572.5,1.36996e-05,6.84978e-05,1
6575,6580,6577.5,1.36996e-05,6.84978e-05,1
6585,6590,6587.5,1.36996e-05,6.84978e-05,1
6595,6600,6597.5,1.36996e-05,6.84978e-05,1
6600,6605,6602.5,6.84978e-05,0.000342489,5
6605,6610,6607.5,1.36996e-05,6.84978e-05,1
6615,6620,6617.5,5.47983e-05,0.000273991,4
6620,6625,6622.5,2.73991e-05,0.000136996,2
6625,6630,6627.5,5.47983e-05,0.000273991,4
6630,6635,6632.5,1.36996e-05,6.84978e-05,1
6640,6645,6642.5,4.10987e-05,0.000205494,3
6645,6650,6647.5,2.73991e-05,0.000136996,2
6650,6655,6652.5,1.36996e-05,6.84978e-05,1
6660,6665,6662.5,1.36996e-05,6.84978e-05,1
6665,6670,6667.5,4.10987e-05,0.000205494,3
6675,6680,6677.5,2.73991e-05,0.000136996,2
6690,6695,6692.5,2.73991e-05,0.000136996,2
6695,6700,6697.5,1.36996e-05,6.84978e-05,1
6700,6705,6702.5,2.73991e-05,0.000136996,2
6710,6715,6712.5,2.73991e-05,0.000136996,2
6725,6730,6727.5,1.36996e-05,6.84978e-05,1
6730,6735,6732.5,1.36996e-05,6.84978e-05,1
6735,6740,6737.5,2.73991e-05,0.000136996,2
6740,6745,6742.5,4.10987e-05,0.000205494,3
6745,6750,6747.5,2.73991e-05,0.000136996,2
6750,6755,6752.5,5.47983e-05,0.000273991,4
6755,6760,6757.5,1.36996e-05,6.84978e-05,1
6760,6765,6762.5,2.73991e-05,0.000136996,2
6775,6780,6777.5,2.73991e-05,0.000136996,2
6780,6785,6782.5,4.10987e-05,0.000205494,3
6785,6790,6787.5,4.10987e-05,0.000205494,3
6790,6795,6792.5,4.10987e-05,0.000205494,3
6795,6800,6797.5,5.47983e-05,0.000273991,4
6800,6805,6802.5,2.73991e-05,0.000136996,2
6805,6810,6807.5,1.36996e-05,6.84978e-05,1
6810,6815,6812.5,2.73991e-05,0.000136996,2
6815,6820,6817.5,1.36996e-05,6.84978e-05,1
6820,6825,6822.5,2.73991e-05,0.000136996,2
6825,6830,6827.5,2.73991e-05,0.000136996,2
6830,6835,6832.5,2.73991e-05,0.000136996,2
6835,6840,6837.5,2.73991e-05,0.000136996,2
6840,6845,6842.5,4.10987e-05,0.000205494,3
6855,6860,6857.5,2.73991e-05,0.000136996,2
6860,6865,6862.5,4.10987e-05,0.000205494,3
6865,6870,6867.5,2.73991e-05,0.000136996,2
6870,6875,6872.5,5.47983e-05,0.000273991,4
6875,6880,6877.5,2.73991e-05,0.000136996,2
6880,6885,6882.5,1.36996e-05,6.84978e-05,1
6890,6895,6892.5,6.84978e-05,0.000342489,5
6900,6905,6902.5,4.10987e-05,0.000205494,3
6905,6910,6907.5,1.36996e-05,6.84978e-05,1
6910,6915,6912.5,1.36996e-05,6.84978e-05,1
6915,6920,6917.5,5.47983e-05,0.000273991,4
6920,6925,6922.5,1.36996e-05,6.84978e-05,1
6935,6940,6937.5,5.47983e-05,0.000273991,4
6940,6945,6942.5,1.36996e-05,6.84978e-05,1
6945,6950,6947.5,4.10987e-05,0.000205494,3
6950,6955,6952.5,1.36996e-05,6.84978e-05,1
6960,6965,6962.5,1.36996e-05,6.84978e-05,1
6965,6970,6967.5,4.10987e-05,0.000205494,3
6970,6975,6972.5,1.36996e-05,6.84978e-05,1
6975,6980,6977.5,5.47983e-05,0.000273991,4
6980,6985,6982.5,1.36996e-05,6.84978e-05,1
6985,6990,6987.5,1.36996e-05,6.84978e-05,1
6990,6995,6992.5,1.36996e-05,6.84978e-05,1
6995,7000,6997.5,5.47983e-05,0.000273991,4
7005,7010,7007.5,8.21974e-05,0.000410987,6
7010,7015,7012.5,1.36996e-05,6.84978e-05,1
7015,7020,7017.5,1.36996e-05,6.84978e-05,1
7020,7025,7022.5,4.10987e-05,0.000205494,3
7025,7030,7027.5,4.10987e-05,0.000205494,3
7035,7040,7037.5,4.10987e-05,0.000205494,3
7045,7050,7047.5,2.73991e-05,0.000136996,2
7050,7055,7052.5,1.36996e-05,6.84978e-05,1
7055,7060,7057.5,2.73991e-05,0.000136996,2
7060,7065,7062.5,1.36996e-05,6.84978e-05,1
7065,7070,7067.5,2.73991e-05,0.000136996,2
7070,7075,7072.5,2.73991e-05,0.000136996,2
7075,7080,7077.5,4.10987e-05,0.000205494,3
7080,7085,7082.5,1.36996e-05,6.84978e-05,1
7085,7090,7087.5,2.73991e-05,0.000136996,2
7090,7095,7092.5,5.47983e-05,0.000273991,4
7095,7100,7097.5,2.73991e-05,0.000136996,2
7100,7105,7102.5,2.73991e-05,0.000136996,2
7105,7110,7107.5,8.21974e-05,0.000410987,6
7115,7120,7117.5,1.36996e-05,6.84978e-05,1
7120,7125,7122.5,1.36996e-05,6.84978e-05,1
7130,7135,7132.5,5.47983e-05,0.000273991,4
7135,7140,7137.5,2.73991e-05,0.000136996,2
7140,7145,7142.5,1.36996e-05,6.84978e-05,1
7145,7150,7147.5,1.36996e-05,6.84978e-05,1
7155,7160,7157.5,5.47983e-05,0.000273991,4
7160,7165,7162.5,2.73991e-05,0.000136996,2
7165,7170,7167.5,4.10987e-05,0.000205494,3
7170,7175,7172.5,1.36996e-05,6.84978e-05,1
7175,7180,7177.5,2.73991e-05,0.000136996,2
7180,7185,7182.5,1.36996e-05,6.84978e-05,1
7185,7190,7187.5,1.36996e-05,6.84978e-05,1
7190,7195,7192.5,2.73991e-05,0.000136996,2
7195,7200,7197.5,1.36996e-05,6.84978e-05,1
7205,7210,7207.5,2.73991e-05,0.000136996,2
7210,7215,7212.5,1.36996e-05,6.84978e-05,1
7215,7220,7217.5,4.10987e-05,0.000205494,3
7220,7225,7222.5,2.73991e-05,0.000136996,2
7225,7230,7227.5,1.36996e-05,6.84978e-05,1
7230,7235,7232.5,2.73991e-05,0.000136996,2
7235,7240,7237.5,1.36996e-05,6.84978e-05,1
7245,7250,7247.5,2.73991e-05,0.000136996,2
7250,7255,7252.5,2.73991e-05,0.000136996,2
7255,7260,7257.5,2.73991e-05,0.000136996,2
7260,7265,7262.5,4.10987e-05,0.000205494,3
7265,7270,7267.5,2.73991e-05,0.000136996,2
7270,7275,7272.5,4.10987e-05,0.000205494,3
7275,7280,7277.5,4.10987e-05,0.000205494,3
7280,7285,7282.5,2.73991e-05,0.000136996,2
7285,7290,7287.5,1.36996e-05,6.84978e-05,1
7290,7295,7292.5,2.73991e-05,0.000136996,2
7295,7300,7297.5,2.73991e-05,0.000136996,2
7315,7320,7317.5,2.73991e-05,0.000136996,2
7325,7330,7327.5,4.10987e-05,0.000205494,3
7330,7335,7332.5,1.36996e-05,6.84978e-05,1
7335,7340,7337.5,2.73991e-05,0.000136996,2
7345,7350,7347.5,4.10987e-05,0.000205494,3
7350,7355,7352.5,2.73991e-05,0.000136996,2
7360,7365,7362.5,2.73991e-05,0.000136996,2
7365,7370,7367.5,1.36996e-05,6.84978e-05,1
7370,7375,7372.5,4.10987e-05,0.000205494,3
7375,7380,7377.5,1.36996e-05,6.84978e-05,1
7380,7385,7382.5,4.10987e-05,0.000205494,3
7385,7390,7387.5,6.84978e-05,0.000342489,5
7400,7405,7402.5,1.36996e-05,6.84978e-05,1
7405,7410,7407.5,1.36996e-05,6.84978e-05,1
7410,7415,7412.5,2.73991e-05,0.000136996,2
7415,7420,7417.5,2.73991e-05,0.000136996,2
7425,7430,7427.5,5.47983e-05,0.000273991,4
7430,7435,7432.5,1.36996e-05,6.84978e-05,1
7435,7440,7437.5,1.36996e-05,6.84978e-05,1
7440,7445,7442.5,2.73991e-05,0.000136996,2
7445,7450,7447.5,1.36996e-05,6.84978e-05,1
7450,7455,7452.5,2.73991e-05,0.000136996,2
7465,7470,7467.5,1.36996e-05,6.84978e-05,1
7475,7480,7477.5,2.73991e-05,0.000136996,2
7485,7490,7487.5,2.73991e-05,0.000136996,2
7490,7495,7492.5,5.47983e-05,0.000273991,4
7495,7500,7497.5,2.73991e-05,0.000136996,2
7500,7505,7502.5,1.36996e-05,6.84978e-05,1
7505,7510,7507.5,2.73991e-05,0.000136996,2
7510,7515,7512.5,2.73991e-05,0.000136996,2
7515,7520,7517.5,2.73991e-05,0.000136996,2
7520,7525,7522.5,1.36996e-05,6.84978e-05,1
7525,7530,7527.5,5.47983e-05,0.000273991,4
7530,7535,7532.5,1.36996e-05,6.84978e-05,1
7535,7540,7537.5,1.36996e-05,6.84978e-05,1
7540,7545,7542.5,2.73991e-05,0.000136996,2
7550,7555,7552.5,1.36996e-05,6.84978e-05,1
7560,7565,7562.5,1.36996e-05,6.84978e-05,1
7565,7570,7567.5,2.73991e-05,0.000136996,2
7575,7580,7577.5,1.36996e-05,6.84978e-05,1
7580,7585,7582.5,1.36996e-05,6.84978e-05,1
7585,7590,7587.5,1.36996e-05,6.84978e-05,1
7590,7595,7592.5,2.73991e-05,0.000136996,2
7595,7600,7597.5,1.36996e-05,6.84978e-05,1
7600,7605,7602.5,2.73991e-05,0.000136996,2
7605,7610,7607.5,5.47983e-05,0.000273991,4
7610,7615,7612.5,5.47983e-05,0.000273991,4
7615,7620,7617.5,2.73991e-05,0.000136996,2
7625,7630,7627.5,2.73991e-05,0.000136996,2
7640,7645,7642.5,1.36996e-05,6.84978e-05,1
7650,7655,7652.5,2.73991e-05,0.000136996,2
7655,7660,7657.5,2.73991e-05,0.000136996,2
7660,7665,7662.5,1.36996e-05,6.84978e-05,1
7665,7670,7667.5,4.10987e-05,0.000205494,3
7685,7690,7687.5,1.36996e-05,6.84978e-05,1
7690,7695,7692.5,2.73991e-05,0.000136996,2
7705,7710,7707.5,1.36996e-05,6.84978e-05,1
7715,7720,7717.5,5.47983e-05,0.000273991,4
7725,7730,7727.5,1.36996e-05,6.84978e-05,1
7730,7735,7732.5,6.84978e-05,0.000342489,5
7735,7740,7737.5,1.36996e-05,6.84978e-05,1
7740,7745,7742.5,1.36996e-05,6.84978e-05,1
7745,7750,7747.5,4.10987e-05,0.000205494,3
7750,7755,7752.5,2.73991e-05,0.000136996,2
7755,7760,7757.5,1.36996e-05,6.84978e-05,1
7760,7765,7762.5,2.73991e-05,0.000136996,2
7765,7770,7767.5,1.36996e-05,6.84978e-05,1
7770,7775,7772.5,5.47983e-05,0.000273991,4
7780,7785,7782.5,1.36996e-05,6.84978e-05,1
7785,7790,7787.5,1.36996e-05,6.84978e-05,1
7790,7795,7792.5,2.73991e-05,0.000136996,2
7795,7800,7797.5,1.36996e-05,6.84978e-05,1
7800,7805,7802.5,2.73991e-05,0.000136996,2
7810,7815,7812.5,5.47983e-05,0.000273991,4
7815,7820,7817.5,4.10987e-05,0.000205494,3
7820,7825,7822.5,4.10987e-05,0.000205494,3
7825,7830,7827.5,2.73991e-05,0.000136996,2
7830,7835,7832.5,2.73991e-05,0.000136996,2
7845,7850,7847.5,1.36996e-05,6.84978e-05,1
7855,7860,7857.5,4.10987e-05,0.000205494,3
7860,7865,7862.5,1.36996e-05,6.84978e-05,1
7865,7870,7867.5,1.36996e-05,6.84978e-05,1
7870,7875,7872.5,2.73991e-05,0.000136996,2
7880,7885,7882.5,2.73991e-05,0.000136996,2
7885,7890,7887.5,1.36996e-05,6.84978e-05,1
7890,7895,7892.5,1.36996e-05,6.84978e-05,1
7895,7900,7897.5,5.47983e-05,0.000273991,4
7900,7905,7902.5,4.10987e-05,0.000205494,3
7905,7910,7907.5,2.73991e-05,0.000136996,2
7910,7915,7912.5,1.36996e-05,6.84978e-05,1
7915,7920,7917.5,2.73991e-05,0.000136996,2
7920,7925,7922.5,1.36996e-05,6.84978e-05,1
7930,7935,7932.5,1.36996e-05,6.84978e-05,1
7940,7945,7942.5,5.47983e-05,0.000273991,4
7950,7955,7952.5,4.10987e-05,0.000205494,3
7955,7960,7957.5,2.73991e-05,0.000136996,2
7960,7965,7962.5,1.36996e-05,6.84978e-05,1
7965,7970,7967.5,2.73991e-05,0.000136996,2
7970,7975,7972.5,1.36996e-05,6.84978e-05,1
7985,7990,7987.5,1.36996e-05,6.84978e-05,1
7990,7995,7992.5,2.73991e-05,0.000136996,2
8000,8005,8002.5,2.73991e-05,0.000136996,2
8005,8010,8007.5,1.36996e-05,6.84978e-05,1
8010,8015,8012.5,1.36996e-05,6.84978e-05,1
8015,8020,8017.5,1.36996e-05,6.84978e-05,1
8020,8025,8022.5,1.36996e-05,6.84978e-05,1
8025,8030,8027.5,2.73991e-05,0.000136996,2
8040,8045,8042.5,1.36996e-05,6.84978e-05,1
8045,8050,8047.5,4.10987e-05,0.000205494,3
8050,8055,8052.5,4.10987e-05,0.000205494,3
8060,8065,8062.5,1.36996e-05,6.84978e-05,1
8065,8070,8067.5,2.73991e-05,0.000136996,2
8070,8075,8072.5,1.36996e-05,6.84978e-05,1
8080,8085,8082.5,1.36996e-05,6.84978e-05,1
8085,8090,8087.5,2.73991e-05,0.000136996,2
8095,8100,8097.5,2.73991e-05,0.000136996,2
8105,8110,8107.5,5.47983e-05,0.000273991,4
8110,8115,8112.5,2.73991e-05,0.000136996,2
8115,8120,8117.5,1.36996e-05,6.84978e-05,1
8120,8125,8122.5,2.73991e-05,0.000136996,2
8125,8130,8127.5,2.73991e-05,0.000136996,2
8130,8135,8132.5,2.73991e-05,0.000136996,2
8135,8140,8137.5,1.36996e-05,6.84978e-05,1
8140,8145,8142.5,1.36996e-05,6.84978e-05,1
8145,8150,8147.5,1.36996e-05,6.84978e-05,1
8150,8155,8152.5,4.10987e-05,0.000205494,3
8155,8160,8157.5,1.36996e-05,6.84978e-05,1
8165,8170,8167.5,1.36996e-05,6.84978e-05,1
8175,8180,8177.5,1.36996e-05,6.84978e-05,1
8180,8185,8182.5,2.73991e-05,0.000136996,2
8185,8190,8187.5,1.36996e-05,6.84978e-05,1
8190,8195,8192.5,1.36996e-05,6.84978e-05,1
8200,8205,8202.5,1.36996e-05,6.84978e-05,1
8205,8210,8207.5,2.73991e-05,0.000136996,2
8210,8215,8212.5,1.36996e-05,6.84978e-05,1
8215,8220,8217.5,2.73991e-05,0.000136996,2
8220,8225,8222.5,2.73991e-05,0.000136996,2
8235,8240,8237.5,6.84978e-05,0.000342489,5
8245,8250,8247.5,1.36996e-05,6.84978e-05,1
8250,8255,8252.5,1.36996e-05,6.84978e-05,1
8255,8260,8257.5,2.73991e-05,0.000136996,2
8260,8265,8262.5,2.73991e-05,0.000136996,2
8265,8270,8267.5,2.73991e-05,0.000136996,2
8275,8280,8277.5,1.36996e-05,6.84978e-05,1
8280,8285,8282.5,1.36996e-05,6.84978e-05,1
8285,8290,8287.5,2.73991e-05,0.000136996,2
8290,8295,8292.5,1.36996e-05,6.84978e-05,1
8300,8305,8302.5,1.36996e-05,6.84978e-05,1
8305,8310,8307.5,2.73991e-05,0.000136996,2
8310,8315,8312.5,4.10987e-05,0.000205494,3
8315,8320,8317.5,1.36996e-05,6.84978e-05,1
8330,8335,8332.5,1.36996e-05,6.84978e-05,1
8335,8340,8337.5,1.36996e-05,6.84978e-05,1
8345,8350,8347.5,1.36996e-05,6.84978e-05,1
8350,8355,8352.5,1.36996e-05,6.84978e-05,1
8355,8360,8357.5,1.36996e-05,6.84978e-05,1
8360,8365,8362.5,2.73991e-05,0.000136996,2
8380,8385,8382.5,4.10987e-05,0.000205494,3
8385,8390,8387.5,1.36996e-05,6.84978e-05,1
8390,8395,8392.5,2.73991e-05,0.000136996,2
8395,8400,8397.5,1.36996e-05,6.84978e-05,1
8400,8405,8402.5,2.73991e-05,0.000136996,2
8405,8410,8407.5,1.36996e-05,6.84978e-05,1
8410,8415,8412.5,2.73991e-05,0.000136996,2
8415,8420,8417.5,1.36996e-05,6.84978e-05,1
8420,8425,8422.5,1.36996e-05,6.84978e-05,1
8425,8430,8427.5,5.47983e-05,0.000273991,4
8440,8445,8442.5,1.36996e-05,6.84978e-05,1
8450,8455,8452.5,1.36996e-05,6.84978e-05,1
8455,8460,8457.5,2.73991e-05,0.000136996,2
8460,8465,8462.5,2.73991e-05,0.000136996,2
8465,8470,8467.5,1.36996e-05,6.84978e-05,1
8470,8475,8472.5,4.10987e-05,0.000205494,3
8480,8485,8482.5,1.36996e-05,6.84978e-05,1
8485,8490,8487.5,1.36996e-05,6.84978e-05,1
8490,8495,8492.5,1.36996e-05,6.84978e-05,1
8500,8505,8502.5,2.73991e-05,0.000136996,2
8505,8510,8507.5,2.73991e-05,0.000136996,2
8515,8520,8517.5,2.73991e-05,0.000136996,2
8525,8530,8527.5,5.47983e-05,0.000273991,4
8530,8535,8532.5,1.36996e-05,6.84978e-05,1
8535,8540,8537.5,1.36996e-05,6.84978e-05,1
8540,8545,8542.5,5.47983e-05,0.000273991,4
8545,8550,8547.5,1.36996e-05,6.84978e-05,1
8550,8555,8552.5,1.36996e-05,6.84978e-05,1
8555,8560,8557.5,1.36996e-05,6.84978e-05,1
8560,8565,8562.5,1.36996e-05,6.84978e-05,1
8565,8570,8567.5,1.36996e-05,6.84978e-05,1
8570,8575,8572.5,1.36996e-05,6.84978e-05,1
8585,8590,8587.5,1.36996e-05,6.84978e-05,1
8595,8600,8597.5,2.73991e-05,0.000136996,2
8600,8605,8602.5,1.36996e-05,6.84978e-05,1
8615,8620,8617.5,2.73991e-05,0.000136996,2
8620,8625,8622.5,1.36996e-05,6.84978e-05,1
8625,8630,8627.5,2.73991e-05,0.000136996,2
8630,8635,8632.5,2.73991e-05,0.000136996,2
8640,8645,8642.5,2.73991e-05,0.000136996,2
8645,8650,8647.5,1.36996e-05,6.84978e-05,1
8650,8655,8652.5,1.36996e-05,6.84978e-05,1
8655,8660,8657.5,1.36996e-05,6.84978e-05,1
8665,8670,8667.5,1.36996e-05,6.84978e-05,1
8670,8675,8672.5,1.36996e-05,6.84978e-05,1
8675,8680,8677.5,2.73991e-05,0.000136996,2
8685,8690,8687.5,2.73991e-05,0.000136996,2
8690,8695,8692.5,2.73991e-05,0.000136996,2
8695,8700,8697.5,2.73991e-05,0.000136996,2
8700,8705,8702.5,6.84978e-05,0.000342489,5
8705,8710,8707.5,5.47983e-05,0.000273991,4
8710,8715,8712.5,1.36996e-05,6.84978e-05,1
8715,8720,8717.5,4.10987e-05,0.000205494,3
8720,8725,8722.5,1.36996e-05,6.84978e-05,1
8725,8730,8727.5,1.36996e-05,6.84978e-05,1
8735,8740,8737.5,2.73991e-05,0.000136996,2
8750,8755,8752.5,5.47983e-05,0.000273991,4
8765,8770,8767.5,1.36996e-05,6.84978e-05,1
8770,8775,8772.5,2.73991e-05,0.000136996,2
8775,8780,8777.5,2.73991e-05,0.000136996,2
8780,8785,8782.5,1.36996e-05,6.84978e-05,1
8790,8795,8792.5,1.36996e-05,6.84978e-05,1
8795,8800,8797.5,1.36996e-05,6.84978e-05,1
8800,8805,8802.5,1.36996e-05,6.84978e-05,1
8805,8810,8807.5,2.73991e-05,0.000136996,2
8810,8815,8812.5,2.73991e-05,0.000136996,2
8815,8820,8817.5,4.10987e-05,0.000205494,3
8825,8830,8827.5,2.73991e-05,0.000136996,2
8830,8835,8832.5,1.36996e-05,6.84978e-05,1
8835,8840,8837.5,1.36996e-05,6.84978e-05,1
8845,8850,8847.5,4.10987e-05,0.000205494,3
8850,8855,8852.5,1.36996e-05,6.84978e-05,1
8855,8860,8857.5,1.36996e-05,6.84978e-05,1
8870,8875,8872.5,2.73991e-05,0.000136996,2
8880,8885,8882.5,2.73991e-05,0.000136996,2
8885,8890,8887.5,5.47983e-05,0.000273991,4
8895,8900,8897.5,1.36996e-05,6.84978e-05,1
8900,8905,8902.5,1.36996e-05,6.84978e-05,1
8905,8910,8907.5,1.36996e-05,6.84978e-05,1
8910,8915,8912.5,1.36996e-05,6.84978e-05,1
8915,8920,8917.5,1.36996e-05,6.84978e-05,1
8930,8935,8932.5,2.73991e-05,0.000136996,2
8935,8940,8937.5,4.10987e-05,0.000205494,3
8945,8950,8947.5,1.36996e-05,6.84978e-05,1
8950,8955,8952.5,2.73991e-05,0.000136996,2
8965,8970,8967.5,4.10987e-05,0.000205494,3
8975,8980,8977.5,1.36996e-05,6.84978e-05,1
8985,8990,8987.5,1.36996e-05,6.84978e-05,1
8990,8995,8992.5,1.36996e-05,6.84978e-05,1
9005,9010,9007.5,1.36996e-05,6.84978e-05,1
9010,9015,9012.5,2.73991e-05,0.000136996,2
9035,9040,9037.5,1.36996e-05,6.84978e-05,1
9040,9045,9042.5,6.84978e-05,0.000342489,5
9055,9060,9057.5,1.36996e-05,6.84978e-05,1
9065,9070,9067.5,1.36996e-05,6.84978e-05,1
9075,9080,9077.5,2.73991e-05,0.000136996,2
9080,9085,9082.5,2.73991e-05,0.000136996,2
9090,9095,9092.5,4.10987e-05,0.000205494,3
9095,9100,9097.5,1.36996e-05,6.84978e-05,1
9105,9110,9107.5,4.10987e-05,0.000205494,3
9110,9115,9112.5,1.36996e-05,6.84978e-05,1
9115,9120,9117.5,1.36996e-05,6.84978e-05,1
9120,9125,9122.5,6.84978e-05,0.000342489,5
9125,9130,9127.5,1.36996e-05,6.84978e-05,1
9130,9135,9132.5,1.36996e-05,6.84978e-05,1
9140,9145,9142.5,5.47983e-05,0.000273991,4
9150,9155,9152.5,1.36996e-05,6.84978e-05,1
9155,9160,9157.5,1.36996e-05,6.84978e-05,1
9165,9170,9167.5,1.36996e-05,6.84978e-05,1
9170,9175,9172.5,1.36996e-05,6.84978e-05,1
9175,9180,9177.5,1.36996e-05,6.84978e-05,1
9185,9190,9187.5,2.73991e-05,0.000136996,2
9190,9195,9192.5,2.73991e-05,0.000136996,2
9195,9200,9197.5,4.10987e-05,0.000205494,3
9200,9205,9202.5,5.47983e-05,0.000273991,4
9205,9210,9207.5,1.36996e-05,6.84978e-05,1
9210,9215,9212.5,6.84978e-05,0.000342489,5
9215,9220,9217.5,1.36996e-05,6.84978e-05,1
9220,9225,9222.5,5.47983e-05,0.000273991,4
9225,9230,9227.5,1.36996e-05,6.84978e-05,1
9230,9235,9232.5,2.73991e-05,0.000136996,2
9235,9240,9237.5,1.36996e-05,6.84978e-05,1
9250,9255,9252.5,2.73991e-05,0.000136996,2
9260,9265,9262.5,1.36996e-05,6.84978e-05,1
9265,9270,9267.5,4.10987e-05,0.000205494,3
9270,9275,9272.5,2.73991e-05,0.000136996,2
9275,9280,9277.5,2.73991e-05,0.000136996,2
9280,9285,9282.5,1.36996e-05,6.84978e-05,1
9285,9290,9287.5,4.10987e-05,0.000205494,3
9290,9295,9292.5,4.10987e-05,0.000205494,3
9295,9300,9297.5,1.36996e-05,6.84978e-05,1
9300,9305,9302.5,1.36996e-05,6.84978e-05,1
9320,9325,9322.5,2.73991e-05,0.000136996,2
9325,9330,9327.5,1.36996e-05,6.84978e-05,1
9335,9340,9337.5,1.36996e-05,6.84978e-05,1
9340,9345,9342.5,1.36996e-05,6.84978e-05,1
9345,9350,9347.5,4.10987e-05,0.000205494,3
9365,9370,9367.5,1.36996e-05,6.84978e-05,1
9370,9375,9372.5,4.10987e-05,0.000205494,3
9375,9380,9377.5,4.10987e-05,0.000205494,3
9380,9385,9382.5,1.36996e-05,6.84978e-05,1
9385,9390,9387.5,4.10987e-05,0.000205494,3
9390,9395,9392.5,1.36996e-05,6.84978e-05,1
9395,9400,9397.5,1.36996e-05,6.84978e-05,1
9410,9415,9412.5,1.36996e-05,6.84978e-05,1
9420,9425,9422.5,5.47983e-05,0.000273991,4
9425,9430,9427.5,2.73991e-05,0.000136996,2
9430,9435,9432.5,1.36996e-05,6.84978e-05,1
9435,9440,9437.5,1.36996e-05,6.84978e-05,1
9440,9445,9442.5,4.10987e-05,0.000205494,3
9445,9450,9447.5,1.36996e-05,6.84978e-05,1
9460,9465,9462.5,1.36996e-05,6.84978e-05,1
9475,9480,9477.5,1.36996e-05,6.84978e-05,1
9480,9485,9482.5,1.36996e-05,6.84978e-05,1
9485,9490,9487.5,5.47983e-05,0.000273991,4
9490,9495,9492.5,2.73991e-05,0.000136996,2
9505,9510,9507.5,2.73991e-05,0.000136996,2
9510,9515,9512.5,4.10987e-05,0.000205494,3
9525,9530,9527.5,2.73991e-05,0.000136996,2
9530,9535,9532.5,1.36996e-05,6.84978e-05,1
9535,9540,9537.5,2.73991e-05,0.000136996,2
9540,9545,9542.5,1.36996e-05,6.84978e-05,1
9545,9550,9547.5,2.73991e-05,0.000136996,2
9560,9565,9562.5,1.36996e-05,6.84978e-05,1
9570,9575,9572.5,1.36996e-05,6.84978e-05,1
9580,9585,9582.5,1.36996e-05,6.84978e-05,1
9595,9600,9597.5,1.36996e-05,6.84978e-05,1
9600,9605,9602.5,1.36996e-05,6.84978e-05,1
9605,9610,9607.5,4.10987e-05,0.000205494,3
9615,9620,9617.5,4.10987e-05,0.000205494,3
9620,9625,9622.5,1.36996e-05,6.84978e-05,1
9625,9630,9627.5,1.36996e-05,6.84978e-05,1
9630,9635,9632.5,4.10987e-05,0.000205494,3
9635,9640,9637.5,4.10987e-05,0.000205494,3
9640,9645,9642.5,1.36996e-05,6.84978e-05,1
9645,9650,9647.5,2.73991e-05,0.000136996,2
9650,9655,9652.5,1.36996e-05,6.84978e-05,1
9655,9660,9657.5,2.73991e-05,0.000136996,2
9665,9670,9667.5,2.73991e-05,0.000136996,2
9670,9675,9672.5,4.10987e-05,0.000205494,3
9675,9680,9677.5,1.36996e-05,6.84978e-05,1
9680,9685,9682.5,1.36996e-05,6.84978e-05,1
9685,9690,9687.5,1.36996e-05,6.84978e-05,1
9690,9695,9692.5,1.36996e-05,6.84978e-05,1
9715,9720,9717.5,1.36996e-05,6.84978e-05,1
9720,9725,9722.5,4.10987e-05,0.000205494,3
9725,9730,9727.5,2.73991e-05,0.000136996,2
9730,9735,9732.5,1.36996e-05,6.84978e-05,1
9735,9740,9737.5,1.36996e-05,6.84978e-05,1
9760,9765,9762.5,2.73991e-05,0.000136996,2
9765,9770,9767.5,2.73991e-05,0.000136996,2
9775,9780,9777.5,1.36996e-05,6.84978e-05,1
9780,9785,9782.5,2.73991e-05,0.000136996,2
9785,9790,9787.5,1.36996e-05,6.84978e-05,1
9800,9805,9802.5,1.36996e-05,6.84978e-05,1
9805,9810,9807.5,1.36996e-05,6.84978e-05,1
9810,9815,9812.5,1.36996e-05,6.84978e-05,1
9815,9820,9817.5,2.73991e-05,0.000136996,2
9820,9825,9822.5,1.36996e-05,6.84978e-05,1
9825,9830,9827.5,1.36996e-05,6.84978e-05,1
9835,9840,9837.5,4.10987e-05,0.000205494,3
9850,9855,9852.5,1.36996e-05,6.84978e-05,1
9865,9870,9867.5,2.73991e-05,0.000136996,2
9875,9880,9877.5,2.73991e-05,0.000136996,2
9880,9885,9882.5,1.36996e-05,6.84978e-05,1
9890,9895,9892.5,2.73991e-05,0.000136996,2
9895,9900,9897.5,1.36996e-05,6.84978e-05,1
9900,9905,9902.5,1.36996e-05,6.84978e-05,1
9905,9910,9907.5,1.36996e-05,6.84978e-05,1
9910,9915,9912.5,1.36996e-05,6.84978e-05,1
9915,9920,9917.5,4.10987e-05,0.000205494,3
9920,9925,9922.5,1.36996e-05,6.84978e-05,1
9945,9950,9947.5,2.73991e-05,0.000136996,2
9955,9960,9957.5,1.36996e-05,6.84978e-05,1
9960,9965,9962.5,1.36996e-05,6.84978e-05,1
9970,9975,9972.5,1.36996e-05,6.84978e-05,1
9975,9980,9977.5,1.36996e-05,6.84978e-05,1
9980,9985,9982.5,1.36996e-05,6.84978e-05,1
9985,9990,9987.5,1.36996e-05,6.84978e-05,1
9995,10000,9997.5,2.73991e-05,0.000136996,2
10000,10005,10002.5,1.36996e-05,6.84978e-05,1
10005,10010,10007.5,1.36996e-05,6.84978e-05,1
10010,10015,10012.5,2.73991e-05,0.000136996,2
10015,10020,10017.5,2.73991e-05,0.000136996,2
10030,10035,10032.5,1.36996e-05,6.84978e-05,1
10035,10040,10037.5,1.36996e-05,6.84978e-05,1
10040,10045,10042.5,1.36996e-05,6.84978e-05,1
10045,10050,10047.5,4.10987e-05,0.000205494,3
10050,10055,10052.5,1.36996e-05,6.84978e-05,1
10055,10060,10057.5,1.36996e-05,6.84978e-05,1
10060,10065,10062.5,1.36996e-05,6.84978e-05,1
10070,10075,10072.5,2.73991e-05,0.000136996,2
10075,10080,10077.5,1.36996e-05,6.84978e-05,1
10085,10090,10087.5,1.36996e-05,6.84978e-05,1
10090,10095,10092.5,1.36996e-05,6.84978e-05,1
10095,10100,10097.5,1.36996e-05,6.84978e-05,1
10100,10105,10102.5,1.36996e-05,6.84978e-05,1
10110,10115,10112.5,1.36996e-05,6.84978e-05,1
10115,10120,10117.5,2.73991e-05,0.000136996,2
10120,10125,10122.5,2.73991e-05,0.000136996,2
10130,10135,10132.5,1.36996e-05,6.84978e-05,1
10145,10150,10147.5,1.36996e-05,6.84978e-05,1
10150,10155,10152.5,1.36996e-05,6.84978e-05,1
10155,10160,10157.5,1.36996e-05,6.84978e-05,1
10175,10180,10177.5,4.10987e-05,0.000205494,3
10180,10185,10182.5,2.73991e-05,0.000136996,2
10185,10190,10187.5,1.36996e-05,6.84978e-05,1
10190,10195,10192.5,1.36996e-05,6.84978e-05,1
10200,10205,10202.5,2.73991e-05,0.000136996,2
10215,10220,10217.5,2.73991e-05,0.000136996,2
10220,10225,10222.5,1.36996e-05,6.84978e-05,1
10225,10230,10227.5,1.36996e-05,6.84978e-05,1
10255,10260,10257.5,1.36996e-05,6.84978e-05,1
10260,10265,10262.5,1.36996e-05,6.84978e-05,1
10265,10270,10267.5,2.73991e-05,0.000136996,2
10270,10275,10272.5,1.36996e-05,6.84978e-05,1
10275,10280,10277.5,2.73991e-05,0.000136996,2
10280,10285,10282.5,1.36996e-05,6.84978e-05,1
10285,10290,10287.5,1.36996e-05,6.84978e-05,1
10290,10295,10292.5,1.36996e-05,6.84978e-05,1
10300,10305,10302.5,2.73991e-05,0.000136996,2
10325,10330,10327.5,2.73991e-05,0.000136996,2
10330,10335,10332.5,2.73991e-05,0.000136996,2
10335,10340,10337.5,2.73991e-05,0.000136996,2
10340,10345,10342.5,2.73991e-05,0.000136996,2
10345,10350,10347.5,2.73991e-05,0.000136996,2
10350,10355,10352.5,1.36996e-05,6.84978e-05,1
10355,10360,10357.5,2.73991e-05,0.000136996,2
10360,10365,10362.5,1.36996e-05,6.84978e-05,1
10370,10375,10372.5,2.73991e-05,0.000136996,2
10375,10380,10377.5,1.36996e-05,6.84978e-05,1
10385,10390,10387.5,1.36996e-05,6.84978e-05,1
10390,10395,10392.5,2.73991e-05,0.000136996,2
10405,10410,10407.5,2.73991e-05,0.000136996,2
10410,10415,10412.5,2.73991e-05,0.000136996,2
10415,10420,10417.5,1.36996e-05,6.84978e-05,1
10420,10425,10422.5,2.73991e-05,0.000136996,2
10425,10430,10427.5,1.36996e-05,6.84978e-05,1
10430,10435,10432.5,1.36996e-05,6.84978e-05,1
10440,10445,10442.5,2.73991e-05,0.000136996,2
10445,10450,10447.5,1.36996e-05,6.84978e-05,1
10450,10455,10452.5,1.36996e-05,6.84978e-05,1
10460,10465,10462.5,4.10987e-05,0.000205494,3
10465,10470,10467.5,1.36996e-05,6.84978e-05,1
10480,10485,10482.5,2.73991e-05,0.000136996,2
10490,10495,10492.5,1.36996e-05,6.84978e-05,1
10495,10500,10497.5,2.73991e-05,0.000136996,2
10500,10505,10502.5,1.36996e-05,6.84978e-05,1
10505,10510,10507.5,1.36996e-05,6.84978e-05,1
10515,10520,10517.5,4.10987e-05,0.000205494,3
10525,10530,10527.5,2.73991e-05,0.000136996,2
10540,10545,10542.5,2.73991e-05,0.000136996,2
10545,10550,10547.5,1.36996e-05,6.84978e-05,1
10555,10560,10557.5,4.10987e-05,0.000205494,3
10565,10570,10567.5,1.36996e-05,6.84978e-05,1
10580,10585,10582.5,2.73991e-05,0.000136996,2
10595,10600,10597.5,1.36996e-05,6.84978e-05,1
10610,10615,10612.5,2.73991e-05,0.000136996,2
10615,10620,10617.5,1.36996e-05,6.84978e-05,1
10620,10625,10622.5,1.36996e-05,6.84978e-05,1
10625,10630,10627.5,2.73991e-05,0.000136996,2
10630,10635,10632.5,1.36996e-05,6.84978e-05,1
10635,10640,10637.5,2.73991e-05,0.000136996,2
10640,10645,10642.5,2.73991e-05,0.000136996,2
10645,10650,10647.5,4.10987e-05,0.000205494,3
10650,10655,10652.5,2.73991e-05,0.000136996,2
10655,10660,10657.5,1.36996e-05,6.84978e-05,1
10660,10665,10662.5,1.36996e-05,6.84978e-05,1
10665,10670,10667.5,1.36996e-05,6.84978e-05,1
10675,10680,10677.5,4.10987e-05,0.000205494,3
10680,10685,10682.5,2.73991e-05,0.000136996,2
10690,10695,10692.5,5.47983e-05,0.000273991,4
10695,10700,10697.5,1.36996e-05,6.84978e-05,1
10705,10710,10707.5,1.36996e-05,6.84978e-05,1
10710,10715,10712.5,1.36996e-05,6.84978e-05,1
10725,10730,10727.5,1.36996e-05,6.84978e-05,1
10735,10740,10737.5,2.73991e-05,0.000136996,2
10755,10760,10757.5,2.73991e-05,0.000136996,2
10780,10785,10782.5,2.73991e-05,0.000136996,2
10785,10790,10787.5,2.73991e-05,0.000136996,2
10800,10805,10802.5,4.10987e-05,0.000205494,3
10810,10815,10812.5,2.73991e-05,0.000136996,2
10830,10835,10832.5,1.36996e-05,6.84978e-05,1
10835,10840,10837.5,1.36996e-05,6.84978e-05,1
10840,10845,10842.5,1.36996e-05,6.84978e-05,1
10845,10850,10847.5,1.36996e-05,6.84978e-05,1
10855,10860,10857.5,1.36996e-05,6.84978e-05,1
10860,10865,10862.5,2.73991e-05,0.000136996,2
10865,10870,10867.5,1.36996e-05,6.84978e-05,1
10875,10880,10877.5,1.36996e-05,6.84978e-05,1
10880,10885,10882.5,1.36996e-05,6.84978e-05,1
10885,10890,10887.5,1.36996e-05,6.84978e-05,1
10890,10895,10892.5,2.73991e-05,0.000136996,2
10895,10900,10897.5,1.36996e-05,6.84978e-05,1
10905,10910,10907.5,2.73991e-05,0.000136996,2
10910,10915,10912.5,2.73991e-05,0.000136996,2
10920,10925,10922.5,2.73991e-05,0.000136996,2
10925,10930,10927.5,1.36996e-05,6.84978e-05,1
10930,10935,10932.5,4.10987e-05,0.000205494,3
10935,10940,10937.5,2.73991e-05,0.000136996,2
10945,10950,10947.5,1.36996e-05,6.84978e-05,1
10950,10955,10952.5,1.36996e-05,6.84978e-05,1
10960,10965,10962.5,2.73991e-05,0.000136996,2
10970,10975,10972.5,2.73991e-05,0.000136996,2
10975,10980,10977.5,1.36996e-05,6.84978e-05,1
10980,10985,10982.5,1.36996e-05,6.84978e-05,1
10985,10990,10987.5,1.36996e-05,6.84978e-05,1
10990,10995,10992.5,1.36996e-05,6.84978e-05,1
10995,11000,10997.5,1.36996e-05,6.84978e-05,1
11005,11010,11007.5,1.36996e-05,6.84978e-05,1
11025,11030,11027.5,1.36996e-05,6.84978e-05,1
11035,11040,11037.5,1.36996e-05,6.84978e-05,1
11040,11045,11042.5,2.73991e-05,0.000136996,2
11060,11065,11062.5,1.36996e-05,6.84978e-05,1
11065,11070,11067.5,2.73991e-05,0.000136996,2
11080,11085,11082.5,2.73991e-05,0.000136996,2
11100,11105,11102.5,2.73991e-05,0.000136996,2
11105,11110,11107.5,1.36996e-05,6.84978e-05,1
11110,11115,11112.5,1.36996e-05,6.84978e-05,1
11130,11135,11132.5,2.73991e-05,0.000136996,2
11135,11140,11137.5,1.36996e-05,6.84978e-05,1
11140,11145,11142.5,2.73991e-05,0.000136996,2
11150,11155,11152.5,1.36996e-05,6.84978e-05,1
11160,11165,11162.5,1.36996e-05,6.84978e-05,1
11165,11170,11167.5,2.73991e-05,0.000136996,2
11170,11175,11172.5,1.36996e-05,6.84978e-05,1
11180,11185,11182.5,2.73991e-05,0.000136996,2
11185,11190,11187.5,4.10987e-05,0.000205494,3
11200,11205,11202.5,2.73991e-05,0.000136996,2
11205,11210,11207.5,1.36996e-05,6.84978e-05,1
11215,11220,11217.5,2.73991e-05,0.000136996,2
11230,11235,11232.5,4.10987e-05,0.000205494,3
11260,11265,11262.5,1.36996e-05,6.84978e-05,1
11265,11270,11267.5,1.36996e-05,6.84978e-05,1
11270,11275,11272.5,1.36996e-05,6.84978e-05,1
11280,11285,11282.5,2.73991e-05,0.000136996,2
11295,11300,11297.5,1.36996e-05,6.84978e-05,1
11315,11320,11317.5,2.73991e-05,0.000136996,2
11320,11325,11322.5,2.73991e-05,0.000136996,2
11325,11330,11327.5,2.73991e-05,0.000136996,2
11330,11335,11332.5,1.36996e-05,6.84978e-05,1
11335,11340,11337.5,2.73991e-05,0.000136996,2
11360,11365,11362.5,1.36996e-05,6.84978e-05,1
11365,11370,11367.5,2.73991e-05,0.000136996,2
11380,11385,11382.5,1.36996e-05,6.84978e-05,1
11385,11390,11387.5,1.36996e-05,6.84978e-05,1
11390,11395,11392.5,1.36996e-05,6.84978e-05,1
11410,11415,11412.5,2.73991e-05,0.000136996,2
11435,11440,11437.5,1.36996e-05,6.84978e-05,1
11440,11445,11442.5,1.36996e-05,6.84978e-05,1
11445,11450,11447.5,1.36996e-05,6.84978e-05,1
11460,11465,11462.5,1.36996e-05,6.84978e-05,1
11470,11475,11472.5,1.36996e-05,6.84978e-05,1
11480,11485,11482.5,1.36996e-05,6.84978e-05,1
11490,11495,11492.5,2.73991e-05,0.000136996,2
11495,11500,11497.5,1.36996e-05,6.84978e-05,1
11505,11510,11507.5,1.36996e-05,6.84978e-05,1
11525,11530,11527.5,2.73991e-05,0.000136996,2
11530,11535,11532.5,1.36996e-05,6.84978e-05,1
11535,11540,11537.5,1.36996e-05,6.84978e-05,1
11540,11545,11542.5,1.36996e-05,6.84978e-05,1
11545,11550,11547.5,2.73991e-05,0.000136996,2
11550,11555,11552.5,5.47983e-05,0.000273991,4
11570,11575,11572.5,1.36996e-05,6.84978e-05,1
11580,11585,11582.5,1.36996e-05,6.84978e-05,1
11595,11600,11597.5,1.36996e-05,6.84978e-05,1
11605,11610,11607.5,2.73991e-05,0.000136996,2
11620,11625,11622.5,1.36996e-05,6.84978e-05,1
11660,11665,11662.5,1.36996e-05,6.84978e-05,1
11665,11670,11667.5,1.36996e-05,6.84978e-05,1
11670,11675,11672.5,2.73991e-05,0.000136996,2
11680,11685,11682.5,1.36996e-05,6.84978e-05,1
11685,11690,11687.5,1.36996e-05,6.84978e-05,1
11695,11700,11697.5,1.36996e-05,6.84978e-05,1
11705,11710,11707.5,1.36996e-05,6.84978e-05,1
11715,11720,11717.5,1.36996e-05,6.84978e-05,1
11725,11730,11727.5,1.36996e-05,6.84978e-05,1
11730,11735,11732.5,1.36996e-05,6.84978e-05,1
11740,11745,11742.5,2.73991e-05,0.000136996,2
11755,11760,11757.5,1.36996e-05,6.84978e-05,1
11765,11770,11767.5,1.36996e-05,6.84978e-05,1
11775,11780,11777.5,1.36996e-05,6.84978e-05,1
11785,11790,11787.5,1.36996e-05,6.84978e-05,1
11790,11795,11792.5,4.10987e-05,0.000205494,3
11805,11810,11807.5,2.73991e-05,0.000136996,2
11810,11815,11812.5,1.36996e-05,6.84978e-05,1
11820,11825,11822.5,1.36996e-05,6.84978e-05,1
11830,11835,11832.5,5.47983e-05,0.000273991,4
11850,11855,11852.5,1.36996e-05,6.84978e-05,1
11870,11875,11872.5,1.36996e-05,6.84978e-05,1
11910,11915,11912.5,1.36996e-05,6.84978e-05,1
11925,11930,11927.5,4.10987e-05,0.000205494,3
11940,11945,11942.5,1.36996e-05,6.84978e-05,1
11950,11955,11952.5,1.36996e-05,6.84978e-05,1
11955,11960,11957.5,1.36996e-05,6.84978e-05,1
11960,11965,11962.5,2.73991e-05,0.000136996,2
11980,11985,11982.5,2.73991e-05,0.000136996,2
11995,12000,11997.5,1.36996e-05,6.84978e-05,1
12000,12005,12002.5,1.36996e-05,6.84978e-05,1
12020,12025,12022.5,1.36996e-05,6.84978e-05,1
12030,12035,12032.5,1.36996e-05,6.84978e-05,1
12035,12040,12037.5,1.36996e-05,6.84978e-05,1
12040,12045,12042.5,4.10987e-05,0.000205494,3
12050,12055,12052.5,1.36996e-05,6.84978e-05,1
12055,12060,12057.5,1.36996e-05,6.84978e-05,1
12065,12070,12067.5,2.73991e-05,0.000136996,2
12070,12075,12072.5,2.73991e-05,0.000136996,2
12075,12080,12077.5,1.36996e-05,6.84978e-05,1
12085,12090,12087.5,2.73991e-05,0.000136996,2
12100,12105,12102.5,2.73991e-05,0.000136996,2
12110,12115,12112.5,1.36996e-05,6.84978e-05,1
12135,12140,12137.5,1.36996e-05,6.84978e-05,1
12145,12150,12147.5,1.36996e-05,6.84978e-05,1
12150,12155,12152.5,1.36996e-05,6.84978e-05,1
12155,12160,12157.5,1.36996e-05,6.84978e-05,1
12170,12175,12172.5,1.36996e-05,6.84978e-05,1
12180,12185,12182.5,1.36996e-05,6.84978e-05,1
12185,12190,12187.5,1.36996e-05,6.84978e-05,1
12190,12195,12192.5,1.36996e-05,6.84978e-05,1
12195,12200,12197.5,1.36996e-05,6.84978e-05,1
12200,12205,12202.5,2.73991e-05,0.000136996,2
12215,12220,12217.5,2.73991e-05,0.000136996,2
12225,12230,12227.5,4.10987e-05,0.000205494,3
12235,12240,12237.5,2.73991e-05,0.000136996,2
12240,12245,12242.5,1.36996e-05,6.84978e-05,1
12250,12255,12252.5,1.36996e-05,6.84978e-05,1
12255,12260,12257.5,1.36996e-05,6.84978e-05,1
12260,12265,12262.5,2.73991e-05,0.000136996,2
12275,12280,12277.5,1.36996e-05,6.84978e-05,1
12280,12285,12282.5,1.36996e-05,6.84978e-05,1
12290,12295,12292.5,4.10987e-05,0.000205494,3
12295,12300,12297.5,1.36996e-05,6.84978e-05,1
12330,12335,12332.5,1.36996e-05,6.84978e-05,1
12335,12340,12337.5,1.36996e-05,6.84978e-05,1
12340,12345,12342.5,1.36996e-05,6.84978e-05,1
12350,12355,12352.5,1.36996e-05,6.84978e-05,1
12355,12360,12357.5,1.36996e-05,6.84978e-05,1
12370,12375,12372.5,1.36996e-05,6.84978e-05,1
12375,12380,12377.5,1.36996e-05,6.84978e-05,1
12385,12390,12387.5,1.36996e-05,6.84978e-05,1
12390,12395,12392.5,1.36996e-05,6.84978e-05,1
12395,12400,12397.5,2.73991e-05,0.000136996,2
12410,12415,12412.5,2.73991e-05,0.000136996,2
12420,12425,12422.5,2.73991e-05,0.000136996,2
12425,12430,12427.5,1.36996e-05,6.84978e-05,1
12430,12435,12432.5,1.36996e-05,6.84978e-05,1
12435,12440,12437.5,1.36996e-05,6.84978e-05,1
12440,12445,12442.5,2.73991e-05,0.000136996,2
12465,12470,12467.5,1.36996e-05,6.84978e-05,1
12475,12480,12477.5,2.73991e-05,0.000136996,2
12480,12485,12482.5,1.36996e-05,6.84978e-05,1
12485,12490,12487.5,1.36996e-05,6.84978e-05,1
12500,12505,12502.5,1.36996e-05,6.84978e-05,1
12505,12510,12507.5,2.73991e-05,0.000136996,2
12530,12535,12532.5,1.36996e-05,6.84978e-05,1
12540,12545,12542.5,1.36996e-05,6.84978e-05,1
12560,12565,12562.5,1.36996e-05,6.84978e-05,1
12565,12570,12567.5,1.36996e-05,6.84978e-05,1
12570,12575,12572.5,1.36996e-05,6.84978e-05,1
12575,12580,12577.5,1.36996e-05,6.84978e-05,1
12590,12595,12592.5,1.36996e-05,6.84978e-05,1
12595,12600,12597.5,1.36996e-05,6.84978e-05,1
12600,12605,12602.5,1.36996e-05,6.84978e-05,1
12605,12610,12607.5,1.36996e-05,6.84978e-05,1
12635,12640,12637.5,1.36996e-05,6.84978e-05,1
12640,12645,12642.5,1.36996e-05,6.84978e-05,1
12645,12650,12647.5,2.73991e-05,0.000136996,2
12660,12665,12662.5,1.36996e-05,6.84978e-05,1
12665,12670,12667.5,1.36996e-05,6.84978e-05,1
12670,12675,12672.5,1.36996e-05,6.84978e-05,1
12675,12680,12677.5,2.73991e-05,0.000136996,2
12680,12685,12682.5,1.36996e-05,6.84978e-05,1
12685,12690,12687.5,1.36996e-05,6.84978e-05,1
12700,12705,12702.5,4.10987e-05,0.000205494,3
12705,12710,12707.5,4.10987e-05,0.000205494,3
12710,12715,12712.5,1.36996e-05,6.84978e-05,1
12720,12725,12722.5,1.36996e-05,6.84978e-05,1
12730,12735,12732.5,1.36996e-05,6.84978e-05,1
12740,12745,12742.5,1.36996e-05,6.84978e-05,1
12745,12750,12747.5,2.73991e-05,0.000136996,2
12755,12760,12757.5,1.36996e-05,6.84978e-05,1
12765,12770,12767.5,2.73991e-05,0.000136996,2
12775,12780,12777.5,1.36996e-05,6.84978e-05,1
12780,12785,12782.5,2.73991e-05,0.000136996,2
12785,12790,12787.5,2.73991e-05,0.000136996,2
12795,12800,12797.5,2.73991e-05,0.000136996,2
12800,12805,12802.5,1.36996e-05,6.84978e-05,1
12810,12815,12812.5,2.73991e-05,0.000136996,2
12825,12830,12827.5,1.36996e-05,6.84978e-05,1
12830,12835,12832.5,1.36996e-05,6.84978e-05,1
12850,12855,12852.5,1.36996e-05,6.84978e-05,1
12855,12860,12857.5,1.36996e-05,6.84978e-05,1
12865,12870,12867.5,1.36996e-05,6.84978e-05,1
12875,12880,12877.5,1.36996e-05,6.84978e-05,1
12905,12910,12907.5,1.36996e-05,6.84978e-05,1
12915,12920,12917.5,1.36996e-05,6.84978e-05,1
12935,12940,12937.5,1.36996e-05,6.84978e-05,1
12940,12945,12942.5,1.36996e-05,6.84978e-05,1
12945,12950,12947.5,1.36996e-05,6.84978e-05,1
12955,12960,12957.5,1.36996e-05,6.84978e-05,1
12960,12965,12962.5,1.36996e-05,6.84978e-05,1
12975,12980,12977.5,1.36996e-05,6.84978e-05,1
13005,13010,13007.5,4.10987e-05,0.000205494,3
13040,13045,13042.5,1.36996e-05,6.84978e-05,1
13060,13065,13062.5,1.36996e-05,6.84978e-05,1
13070,13075,13072.5,1.36996e-05,6.84978e-05,1
13075,13080,13077.5,1.36996e-05,6.84978e-05,1
13080,13085,13082.5,2.73991e-05,0.000136996,2
13085,13090,13087.5,1.36996e-05,6.84978e-05,1
13090,13095,13092.5,1.36996e-05,6.84978e-05,1
13095,13100,13097.5,1.36996e-05,6.84978e-05,1
13105,13110,13107.5,1.36996e-05,6.84978e-05,1
13110,13115,13112.5,2.73991e-05,0.000136996,2
13130,13135,13132.5,1.36996e-05,6.84978e-05,1
13160,13165,13162.5,2.73991e-05,0.000136996,2
13170,13175,13172.5,1.36996e-05,6.84978e-05,1
13180,13185,13182.5,2.73991e-05,0.000136996,2
13185,13190,13187.5,1.36996e-05,6.84978e-05,1
13215,13220,13217.5,1.36996e-05,6.84978e-05,1
13280,13285,13282.5,1.36996e-05,6.84978e-05,1
13285,13290,13287.5,1.36996e-05,6.84978e-05,1
13295,13300,13297.5,2.73991e-05,0.000136996,2
13300,13305,13302.5,1.36996e-05,6.84978e-05,1
13305,13310,13307.5,1.36996e-05,6.84978e-05,1
13320,13325,13322.5,1.36996e-05,6.84978e-05,1
13330,13335,13332.5,1.36996e-05,6.84978e-05,1
13355,13360,13357.5,1.36996e-05,6.84978e-05,1
13370,13375,13372.5,2.73991e-05,0.000136996,2
13375,13380,13377.5,2.73991e-05,0.000136996,2
13460,13465,13462.5,4.10987e-05,0.000205494,3
13465,13470,13467.5,1.36996e-05,6.84978e-05,1
13500,13505,13502.5,1.36996e-05,6.84978e-05,1
13510,13515,13512.5,1.36996e-05,6.84978e-05,1
13515,13520,13517.5,1.36996e-05,6.84978e-05,1
13540,13545,13542.5,2.73991e-05,0.000136996,2
13545,13550,13547.5,1.36996e-05,6.84978e-05,1
13560,13565,13562.5,2.73991e-05,0.000136996,2
13570,13575,13572.5,1.36996e-05,6.84978e-05,1
13585,13590,13587.5,1.36996e-05,6.84978e-05,1
13595,13600,13597.5,1.36996e-05,6.84978e-05,1
13600,13605,13602.5,1.36996e-05,6.84978e-05,1
13620,13625,13622.5,1.36996e-05,6.84978e-05,1
13625,13630,13627.5,1.36996e-05,6.84978e-05,1
13635,13640,13637.5,1.36996e-05,6.84978e-05,1
13655,13660,13657.5,1.36996e-05,6.84978e-05,1
13675,13680,13677.5,1.36996e-05,6.84978e-05,1
13685,13690,13687.5,1.36996e-05,6.84978e-05,1
13690,13695,13692.5,1.36996e-05,6.84978e-05,1
13705,13710,13707.5,1.36996e-05,6.84978e-05,1
13715,13720,13717.5,1.36996e-05,6.84978e-05,1
13735,13740,13737.5,4.10987e-05,0.000205494,3
13740,13745,13742.5,2.73991e-05,0.000136996,2
13755,13760,13757.5,1.36996e-05,6.84978e-05,1
13765,13770,13767.5,2.73991e-05,0.000136996,2
13770,13775,13772.5,1.36996e-05,6.84978e-05,1
13775,13780,13777.5,1.36996e-05,6.84978e-05,1
13780,13785,13782.5,1.36996e-05,6.84978e-05,1
13825,13830,13827.5,1.36996e-05,6.84978e-05,1
13830,13835,13832.5,1.36996e-05,6.84978e-05,1
13840,13845,13842.5,1.36996e-05,6.84978e-05,1
13845,13850,13847.5,1.36996e-05,6.84978e-05,1
13860,13865,13862.5,1.36996e-05,6.84978e-05,1
13870,13875,13872.5,1.36996e-05,6.84978e-05,1
13905,13910,13907.5,1.36996e-05,6.84978e-05,1
13915,13920,13917.5,1.36996e-05,6.84978e-05,1
13920,13925,13922.5,1.36996e-05,6.84978e-05,1
13925,13930,13927.5,1.36996e-05,6.84978e-05,1
13930,13935,13932.5,2.73991e-05,0.000136996,2
13940,13945,13942.5,1.36996e-05,6.84978e-05,1
13955,13960,13957.5,1.36996e-05,6.84978e-05,1
13965,13970,13967.5,1.36996e-05,6.84978e-05,1
13975,13980,13977.5,1.36996e-05,6.84978e-05,1
13980,13985,13982.5,1.36996e-05,6.84978e-05,1
13990,13995,13992.5,2.73991e-05,0.000136996,2
13995,14000,13997.5,1.36996e-05,6.84978e-05,1
14000,14005,14002.5,1.36996e-05,6.84978e-05,1
14025,14030,14027.5,1.36996e-05,6.84978e-05,1
14075,14080,14077.5,2.73991e-05,0.000136996,2
14100,14105,14102.5,1.36996e-05,6.84978e-05,1
14105,14110,14107.5,2.73991e-05,0.000136996,2
14115,14120,14117.5,1.36996e-05,6.84978e-05,1
14130,14135,14132.5,1.36996e-05,6.84978e-05,1
14145,14150,14147.5,1.36996e-05,6.84978e-05,1
14150,14155,14152.5,1.36996e-05,6.84978e-05,1
14175,14180,14177.5,1.36996e-05,6.84978e-05,1
14190,14195,14192.5,1.36996e-05,6.84978e-05,1
14200,14205,14202.5,1.36996e-05,6.84978e-05,1
14215,14220,14217.5,1.36996e-05,6.84978e-05,1
14225,14230,14227.5,1.36996e-05,6.84978e-05,1
14230,14235,14232.5,1.36996e-05,6.84978e-05,1
14235,14240,14237.5,1.36996e-05,6.84978e-05,1
14240,14245,14242.5,2.73991e-05,0.000136996,2
14270,14275,14272.5,1.36996e-05,6.84978e-05,1
14290,14295,14292.5,2.73991e-05,0.000136996,2
14295,14300,14297.5,1.36996e-05,6.84978e-05,1
14300,14305,14302.5,2.73991e-05,0.000136996,2
14310,14315,14312.5,4.10987e-05,0.000205494,3
14325,14330,14327.5,2.73991e-05,0.000136996,2
14330,14335,14332.5,1.36996e-05,6.84978e-05,1
14350,14355,14352.5,1.36996e-05,6.84978e-05,1
14375,14380,14377.5,1.36996e-05,6.84978e-05,1
14395,14400,14397.5,1.36996e-05,6.84978e-05,1
14400,14405,14402.5,1.36996e-05,6.84978e-05,1
14410,14415,14412.5,1.36996e-05,6.84978e-05,1
14510,14515,14512.5,1.36996e-05,6.84978e-05,1
14515,14520,14517.5,2.73991e-05,0.000136996,2
14555,14560,14557.5,1.36996e-05,6.84978e-05,1
14580,14585,14582.5,1.36996e-05,6.84978e-05,1
14625,14630,14627.5,1.36996e-05,6.84978e-05,1
14635,14640,14637.5,1.36996e-05,6.84978e-05,1
14735,14740,14737.5,2.73991e-05,0.000136996,2
14740,14745,14742.5,1.36996e-05,6.84978e-05,1
14745,14750,14747.5,2.73991e-05,0.000136996,2
14755,14760,14757.5,1.36996e-05,6.84978e-05,1
14790,14795,14792.5,1.36996e-05,6.84978e-05,1
14845,14850,14847.5,2.73991e-05,0.000136996,2
14865,14870,14867.5,1.36996e-05,6.84978e-05,1
14880,14885,14882.5,1.36996e-05,6.84978e-05,1
14895,14900,14897.5,1.36996e-05,6.84978e-05,1
14920,14925,14922.5,1.36996e-05,6.84978e-05,1
14975,14980,14977.5,1.36996e-05,6.84978e-05,1
14985,14990,14987.5,1.36996e-05,6.84978e-05,1
15025,15030,15027.5,1.36996e-05,6.84978e-05,1
15080,15085,15082.5,1.36996e-05,6.84978e-05,1
15085,15090,15087.5,1.36996e-05,6.84978e-05,1
15090,15095,15092.5,1.36996e-05,6.84978e-05,1
15100,15105,15102.5,1.36996e-05,6.84978e-05,1
15115,15120,15117.5,1.36996e-05,6.84978e-05,1
15135,15140,15137.5,1.36996e-05,6.84978e-05,1
15175,15180,15177.5,1.36996e-05,6.84978e-05,1
15190,15195,15192.5,1.36996e-05,6.84978e-05,1
15215,15220,15217.5,1.36996e-05,6.84978e-05,1
15220,15225,15222.5,1.36996e-05,6.84978e-05,1
15260,15265,15262.5,1.36996e-05,6.84978e-05,1
15330,15335,15332.5,1.36996e-05,6.84978e-05,1
15410,15415,15412.5,1.36996e-05,6.84978e-05,1
15430,15435,15432.5,1.36996e-05,6.84978e-05,1
15440,15445,15442.5,1.36996e-05,6.84978e-05,1
15445,15450,15447.5,1.36996e-05,6.84978e-05,1
15460,15465,15462.5,1.36996e-05,6.84978e-05,1
15480,15485,15482.5,1.36996e-05,6.84978e-05,1
15500,15505,15502.5,1.36996e-05,6.84978e-05,1
15505,15510,15507.5,1.36996e-05,6.84978e-05,1
15510,15515,15512.5,2.73991e-05,0.000136996,2
15535,15540,15537.5,1.36996e-05,6.84978e-05,1
15545,15550,15547.5,1.36996e-05,6.84978e-05,1
15585,15590,15587.5,1.36996e-05,6.84978e-05,1
15655,15660,15657.5,1.36996e-05,6.84978e-05,1
15660,15665,15662.5,1.36996e-05,6.84978e-05,1
15735,15740,15737.5,1.36996e-05,6.84978e-05,1
15765,15770,15767.5,1.36996e-05,6.84978e-05,1
15770,15775,15772.5,1.36996e-05,6.84978e-05,1
15800,15805,15802.5,2.73991e-05,0.000136996,2
15805,15810,15807.5,1.36996e-05,6.84978e-05,1
15835,15840,15837.5,1.36996e-05,6.84978e-05,1
15890,15895,15892.5,2.73991e-05,0.000136996,2
15940,15945,15942.5,2.73991e-05,0.000136996,2
15955,15960,15957.5,1.36996e-05,6.84978e-05,1
15990,15995,15992.5,1.36996e-05,6.84978e-05,1
16010,16015,16012.5,2.73991e-05,0.000136996,2
16045,16050,16047.5,1.36996e-05,6.84978e-05,1
16125,16130,16127.5,1.36996e-05,6.84978e-05,1
16195,16200,16197.5,1.36996e-05,6.84978e-05,1
16200,16205,16202.5,1.36996e-05,6.84978e-05,1
16245,16250,16247.5,1.36996e-05,6.84978e-05,1
16275,16280,16277.5,1.36996e-05,6.84978e-05,1
16430,16435,16432.5,1.36996e-05,6.84978e-05,1
16500,16505,16502.5,2.73991e-05,0.000136996,2
16505,16510,16507.5,1.36996e-05,6.84978e-05,1
16580,16585,16582.5,1.36996e-05,6.84978e-05,1
16730,16735,16732.5,1.36996e-05,6.84978e-05,1
16755,16760,16757.5,1.36996e-05,6.84978e-05,1
16810,16815,16812.5,1.36996e-05,6.84978e-05,1
16935,16940,16937.5,1.36996e-05,6.84978e-05,1
16985,16990,16987.5,1.36996e-05,6.84978e-05,1
16995,17000,16997.5,1.36996e-05,6.84978e-05,1
17010,17015,17012.5,1.36996e-05,6.84978e-05,1
17035,17040,17037.5,1.36996e-05,6.84978e-05,1
17050,17055,17052.5,1.36996e-05,6.84978e-05,1
17135,17140,17137.5,1.36996e-05,6.84978e-05,1
17260,17265,17262.5,1.36996e-05,6.84978e-05,1
17295,17300,17297.5,1.36996e-05,6.84978e-05,1
17360,17365,17362.5,1.36996e-05,6.84978e-05,1
17375,17380,17377.5,1.36996e-05,6.84978e-05,1
17525,17530,17527.5,1.36996e-05,6.84978e-05,1
17560,17565,17562.5,1.36996e-05,6.84978e-05,1
17625,17630,17627.5,1.36996e-05,6.84978e-05,1
17710,17715,17712.5,1.36996e-05,6.84978e-05,1
17945,17950,17947.5,1.36996e-05,6.84978e-05,1
17975,17980,17977.5,1.36996e-05,6.84978e-05,1
18000,18005,18002.5,1.36996e-05,6.84978e-05,1
18095,18100,18097.5,1.36996e-05,6.84978e-05,1
18390,18395,18392.5,1.36996e-05,6.84978e-05,1
18440,18445,18442.5,1.36996e-05,6.84978e-05,1
18570,18575,18572.5,1.36996e-05,6.84978e-05,1
18620,18625,18622.5,1.36996e-05,6.84978e-05,1
18965,18970,18967.5,1.36996e-05,6.84978e-05,1
19230,19235,19232.5,1.36996e-05,6.84978e-05,1
19255,19260,19257.5,1.36996e-05,6.84978e-05,1
19600,19605,19602.5,1.36996e-05,6.84978e-05,1
19635,19640,19637.5,1.36996e-05,6.84978e-05,1
19735,19740,19737.5,1.36996e-05,6.84978e-05,1
19875,19880,19877.5,1.36996e-05,6.84978e-05,1
19985,19990,19987.5,1.36996e-05,6.84978e-05,1
20960,20965,20962.5,1.36996e-05,6.84978e-05,1
24805,24810,24807.5,1.36996e-05,6.84978e-05,1
VO Delay PDF CSV saved: scratch/delay_pdf/pedca_vo_delay_pdf.csv

P-EDCA STA Delay PDF CSV saved: scratch/delay_pdf/11be/adaptive_compare/best_k5_s2.csv
Legacy STA Delay PDF CSV saved: scratch/delay_pdf/11be/adaptive_compare/bestL_k5_s2.csv
--- EXTENDED_STATS_BEGIN ---
PEDCA_STA_SUCC_COUNT: 2749
PEDCA_STA_FAIL_COUNT: 38
PEDCA_STA_ZERO_RETX: 2749
LEGACY_STA_SUCC_COUNT: 11850
LEGACY_STA_FAIL_COUNT: 1513
LEGACY_STA_ZERO_RETX: 11847
PEDCA_STA_AVG_MAC_DELAY: 2023.93
PEDCA_STA_AVG_QUEUE_DELAY: 1728.27
PEDCA_STA_AVG_ACCESS_DELAY: 295.653
LEGACY_STA_AVG_MAC_DELAY: 3081.29
LEGACY_STA_AVG_QUEUE_DELAY: 2726.39
LEGACY_STA_AVG_ACCESS_DELAY: 354.904
--- EXTENDED_STATS_END ---
