[INFO] std::clog redirected to: scratch/delay_pdf/11be/adaptive_compare/default_k5_s1.log

--- Per-STA P-EDCA Detail ---
  STA0: DS-CTS=312 S2Entry=312 S2Tx=205 PedcaOK=205 EdcaOK=355 FailCTS=0 FailColl=0 FailExp=0 Defer=0
  STA1: DS-CTS=179 S2Entry=179 S2Tx=156 PedcaOK=156 EdcaOK=564 FailCTS=0 FailColl=0 FailExp=0 Defer=0
  STA2: DS-CTS=283 S2Entry=283 S2Tx=212 PedcaOK=211 EdcaOK=275 FailCTS=1 FailColl=0 FailExp=0 Defer=0
  STA3: DS-CTS=345 S2Entry=345 S2Tx=294 PedcaOK=294 EdcaOK=393 FailCTS=0 FailColl=0 FailExp=0 Defer=0
  STA4: DS-CTS=121 S2Entry=121 S2Tx=104 PedcaOK=104 EdcaOK=644 FailCTS=0 FailColl=0 FailExp=0 Defer=0

=== General Statistics ===
P-EDCA Ratio: 0.1667
P-EDCA STAs: 5/30
P-EDCA Share (Avg Per-STA P-EDCA Tx/Total Tx): 31.6776 %
Avg P-EDCA Attempt Success Rate: 79.7164 %
Global P-EDCA Tx Success: 970
Global EDCA Tx Success: 2231
Global P-EDCA Attempt (DS-CTS Sent): 1240

--- P-EDCA Detailed Trace ---
Stage 2 Entered: 1240
Stage 2 TX Started: 971
P-EDCA Fail RTS No CTS: 1
P-EDCA Fail RTS Collision: 0
P-EDCA Fail Timing Expired: 0
P-EDCA Fail Deferral: 0
Total VO TX (P-EDCA+EDCA): 3201
Global P-EDCA Share: 30.303 %
Global EDCA Share: 69.697 %
Channel Idle Time (AP): 24.0385 % (1.6827e+06 us / 7e+06 us)
Total Successes:       14546
Total Failures:        1857
Total Retransmissions: 0

--- Per-AC Success Statistics ---
AC_BE:
  Successes:         38
  Throughput:        0.0434286 Mbps
  Packet Loss:       7.31707 %
  Avg Retx/MPDU:     0
  Avg Queue Delay:   -971841 us (Enqueue->TxStart)
  Avg Access Delay:  1.05254e+06 us (TxStart->Ack)
  Avg MAC Delay:     80702.1 us (Total: Enqueue->Ack)

AC_VO:
  Successes:         14508
  Throughput:        16.5806 Mbps
  Packet Loss:       11.3311 %
  Avg Retx/MPDU:     0
  Avg Queue Delay:   2517.3 us (Enqueue->TxStart)
  Avg Access Delay:  332.211 us (TxStart->Ack)
  Avg MAC Delay:     2849.51 us (Total: Enqueue->Ack)

--- Per-AC Failure Statistics ---
AC_BE Failures: 3
AC_VO Failures: 1854

--- Failure Reasons by AC ---
  AC_BE EXPIRED_LIFETIME: 3
  AC_VO RETRY_LIMIT: 1854


=== Extended P-EDCA vs Legacy Statistics ===

--- [Stat 1] Delay by STA Type ---
P-EDCA STAs (5 STAs):
  Successes:         3276
  Failures:          114
  Throughput:        3.744 Mbps
  Packet Loss:       3.36283 %
  Avg Queue Delay:   1762.23 us
  Avg Access Delay:  264.863 us
  Avg MAC Delay:     2027.09 us
  Median MAC Delay:  1468 us
  P95 MAC Delay:     4332 us
  P99 MAC Delay:     11104 us
Legacy EDCA STAs (25 STAs):
  Successes:         11232
  Failures:          1740
  Throughput:        12.8366 Mbps
  Packet Loss:       13.4135 %
  Avg Queue Delay:   2737.53 us
  Avg Access Delay:  351.854 us
  Avg MAC Delay:     3089.39 us
  Median MAC Delay:  2029 us
  P95 MAC Delay:     10464 us
  P99 MAC Delay:     14288 us

--- [Stat 2] Per-STA P-EDCA Attempt Count (DS-CTS Sent) ---
  STA0: 312 P-EDCA attempts
  STA1: 179 P-EDCA attempts
  STA2: 283 P-EDCA attempts
  STA3: 345 P-EDCA attempts
  STA4: 121 P-EDCA attempts
  Total: 1240 P-EDCA attempts across 5 P-EDCA STAs
  Avg per P-EDCA STA: 248

--- [Stat 3] P-EDCA One-Shot Success Probability ---
  P-EDCA Success / DS-CTS Sent:      970 / 1240 = 78.2258 %
  P-EDCA Success / Stage2 TX Started: 970 / 971 = 99.897 %  (given RTS was actually sent)

--- [Stat 4] EDCA One-Shot Success Ratio (0 retransmissions) ---
  Legacy STAs: 11232 / 11232 = 100 %
  P-EDCA STAs: 3276 / 3276 = 100 %  (MAC-level, includes both P-EDCA and EDCA paths)

--- [Stat 5] P-EDCA Kickback-to-EDCA Probability ---
  Total P-EDCA Failures: 1 / 1240 DS-CTS = 0.0806452 %
    RTS No CTS:       1 (0.0806452 %)
    RTS Collision:    0 (0 %)
    Timing Expired:   0 (0 %)
    Deferral:         0 (0 %)

--- [Stat 6] P-EDCA RTS Collision Probability ---
  RTS Collision / Stage2 TX Started: 0 / 971 = 0 %
  RTS Collision / DS-CTS Sent:       0 / 1240 = 0 %

--- [Stat 7] P-EDCA Attempts per Successful P-EDCA TX ---
  DS-CTS Sent / P-EDCA Success: 1240 / 970 = 1.27835 attempts/success
  Stage2 TX / P-EDCA Success:   971 / 970 = 1.00103 RTS/success

--- VO Delay PDF (MAC Delay) ---
bin_start_us,bin_end_us,bin_mid_us,pdf_per_us,probability,count
210,215,212.5,2.7571e-05,0.000137855,2
215,220,217.5,0.000110284,0.00055142,8
220,225,222.5,0.000206782,0.00103391,15
225,230,227.5,0.000124069,0.000620347,9
230,235,232.5,0.000110284,0.00055142,8
235,240,237.5,6.89275e-05,0.000344637,5
240,245,242.5,0.00027571,0.00137855,20
245,250,247.5,0.000110284,0.00055142,8
250,255,252.5,0.00015164,0.000758202,11
255,260,257.5,9.64985e-05,0.000482492,7
260,265,262.5,0.000165426,0.00082713,12
265,270,267.5,9.64985e-05,0.000482492,7
270,275,272.5,0.000179211,0.000896057,13
275,280,277.5,8.2713e-05,0.000413565,6
280,285,282.5,0.000124069,0.000620347,9
285,290,287.5,0.000192997,0.000964985,14
290,295,292.5,0.000206782,0.00103391,15
295,300,297.5,0.000206782,0.00103391,15
300,305,302.5,9.64985e-05,0.000482492,7
305,310,307.5,0.000110284,0.00055142,8
310,315,312.5,0.000110284,0.00055142,8
315,320,317.5,0.000179211,0.000896057,13
320,325,322.5,0.000110284,0.00055142,8
325,330,327.5,0.000137855,0.000689275,10
330,335,332.5,0.000110284,0.00055142,8
335,340,337.5,0.000165426,0.00082713,12
340,345,342.5,0.00070306,0.0035153,51
345,350,347.5,0.000923628,0.00461814,67
350,355,352.5,0.000565205,0.00282603,41
355,360,357.5,0.000647918,0.00323959,47
360,365,362.5,0.000578991,0.00289495,42
365,370,367.5,0.000730631,0.00365316,53
370,375,372.5,0.000840915,0.00420458,61
375,380,377.5,0.000192997,0.000964985,14
380,385,382.5,0.000303281,0.0015164,22
385,390,387.5,0.000220568,0.00110284,16
390,395,392.5,0.000289495,0.00144748,21
395,400,397.5,0.000317066,0.00158533,23
400,405,402.5,0.000261924,0.00130962,19
405,410,407.5,0.000303281,0.0015164,22
410,415,412.5,0.000248139,0.00124069,18
415,420,417.5,0.000344637,0.00172319,25
420,425,422.5,0.000385994,0.00192997,28
425,430,427.5,0.000441136,0.00220568,32
430,435,432.5,0.000330852,0.00165426,24
435,440,437.5,0.000234353,0.00117177,17
440,445,442.5,0.000317066,0.00158533,23
445,450,447.5,0.000234353,0.00117177,17
450,455,452.5,0.0167907,0.0839537,1218
455,460,457.5,0.000137855,0.000689275,10
460,465,462.5,0.000261924,0.00130962,19
465,470,467.5,0.000289495,0.00144748,21
470,475,472.5,0.000330852,0.00165426,24
475,480,477.5,0.000234353,0.00117177,17
480,485,482.5,0.00027571,0.00137855,20
485,490,487.5,0.000192997,0.000964985,14
490,495,492.5,0.000289495,0.00144748,21
495,500,497.5,0.000220568,0.00110284,16
500,505,502.5,0.000248139,0.00124069,18
505,510,507.5,0.000234353,0.00117177,17
510,515,512.5,0.000344637,0.00172319,25
515,520,517.5,0.000330852,0.00165426,24
520,525,522.5,0.000441136,0.00220568,32
525,530,527.5,0.000399779,0.0019989,29
530,535,532.5,0.000303281,0.0015164,22
535,540,537.5,0.000303281,0.0015164,22
540,545,542.5,0.000413565,0.00206782,30
545,550,547.5,0.000248139,0.00124069,18
550,555,552.5,0.00027571,0.00137855,20
555,560,557.5,0.000317066,0.00158533,23
560,565,562.5,0.000523849,0.00261924,38
565,570,567.5,0.000289495,0.00144748,21
570,575,572.5,0.000385994,0.00192997,28
575,580,577.5,0.000220568,0.00110284,16
580,585,582.5,0.000330852,0.00165426,24
585,590,587.5,0.000220568,0.00110284,16
590,595,592.5,0.000385994,0.00192997,28
595,600,597.5,0.000165426,0.00082713,12
600,605,602.5,0.000317066,0.00158533,23
605,610,607.5,0.000303281,0.0015164,22
610,615,612.5,0.000234353,0.00117177,17
615,620,617.5,0.000220568,0.00110284,16
620,625,622.5,0.000537634,0.00268817,39
625,630,627.5,0.000179211,0.000896057,13
630,635,632.5,0.000496278,0.00248139,36
635,640,637.5,0.000179211,0.000896057,13
640,645,642.5,0.00042735,0.00213675,31
645,650,647.5,0.00027571,0.00137855,20
650,655,652.5,0.000261924,0.00130962,19
655,660,657.5,0.000179211,0.000896057,13
660,665,662.5,0.000234353,0.00117177,17
665,670,667.5,0.000330852,0.00165426,24
670,675,672.5,0.00503171,0.0251585,365
675,680,677.5,0.000289495,0.00144748,21
680,685,682.5,0.000179211,0.000896057,13
685,690,687.5,0.00027571,0.00137855,20
690,695,692.5,0.000358423,0.00179211,26
695,700,697.5,0.000165426,0.00082713,12
700,705,702.5,0.000192997,0.000964985,14
705,710,707.5,0.000234353,0.00117177,17
710,715,712.5,0.000165426,0.00082713,12
715,720,717.5,0.000220568,0.00110284,16
720,725,722.5,0.000344637,0.00172319,25
725,730,727.5,0.000234353,0.00117177,17
730,735,732.5,0.000234353,0.00117177,17
735,740,737.5,0.000206782,0.00103391,15
740,745,742.5,0.00027571,0.00137855,20
745,750,747.5,0.000248139,0.00124069,18
750,755,752.5,0.000330852,0.00165426,24
755,760,757.5,0.000234353,0.00117177,17
760,765,762.5,0.000303281,0.0015164,22
765,770,767.5,0.000206782,0.00103391,15
770,775,772.5,0.000289495,0.00144748,21
775,780,777.5,0.000289495,0.00144748,21
780,785,782.5,0.000413565,0.00206782,30
785,790,787.5,0.000234353,0.00117177,17
790,795,792.5,0.000165426,0.00082713,12
795,800,797.5,0.00027571,0.00137855,20
800,805,802.5,0.00015164,0.000758202,11
805,810,807.5,0.00027571,0.00137855,20
810,815,812.5,0.000234353,0.00117177,17
815,820,817.5,0.000220568,0.00110284,16
820,825,822.5,0.000192997,0.000964985,14
825,830,827.5,0.000192997,0.000964985,14
830,835,832.5,0.000261924,0.00130962,19
835,840,837.5,0.000165426,0.00082713,12
840,845,842.5,0.000372208,0.00186104,27
845,850,847.5,0.000124069,0.000620347,9
850,855,852.5,0.000344637,0.00172319,25
855,860,857.5,0.000220568,0.00110284,16
860,865,862.5,0.000261924,0.00130962,19
865,870,867.5,0.000192997,0.000964985,14
870,875,872.5,0.000248139,0.00124069,18
875,880,877.5,0.000124069,0.000620347,9
880,885,882.5,0.000137855,0.000689275,10
885,890,887.5,0.00015164,0.000758202,11
890,895,892.5,0.000744417,0.00372208,54
895,900,897.5,0.000220568,0.00110284,16
900,905,902.5,0.000261924,0.00130962,19
905,910,907.5,0.000206782,0.00103391,15
910,915,912.5,0.000220568,0.00110284,16
915,920,917.5,0.00027571,0.00137855,20
920,925,922.5,0.000317066,0.00158533,23
925,930,927.5,0.000206782,0.00103391,15
930,935,932.5,0.000179211,0.000896057,13
935,940,937.5,0.000248139,0.00124069,18
940,945,942.5,0.000220568,0.00110284,16
945,950,947.5,0.000317066,0.00158533,23
950,955,952.5,0.000385994,0.00192997,28
955,960,957.5,0.000206782,0.00103391,15
960,965,962.5,0.000110284,0.00055142,8
965,970,967.5,0.000248139,0.00124069,18
970,975,972.5,0.000303281,0.0015164,22
975,980,977.5,0.000165426,0.00082713,12
980,985,982.5,0.000413565,0.00206782,30
985,990,987.5,0.000330852,0.00165426,24
990,995,992.5,0.000220568,0.00110284,16
995,1000,997.5,0.000234353,0.00117177,17
1000,1005,1002.5,0.000179211,0.000896057,13
1005,1010,1007.5,0.000248139,0.00124069,18
1010,1015,1012.5,0.00027571,0.00137855,20
1015,1020,1017.5,0.000261924,0.00130962,19
1020,1025,1022.5,0.000165426,0.00082713,12
1025,1030,1027.5,0.000303281,0.0015164,22
1030,1035,1032.5,0.000206782,0.00103391,15
1035,1040,1037.5,0.000179211,0.000896057,13
1040,1045,1042.5,0.000179211,0.000896057,13
1045,1050,1047.5,0.000220568,0.00110284,16
1050,1055,1052.5,0.000192997,0.000964985,14
1055,1060,1057.5,0.000234353,0.00117177,17
1060,1065,1062.5,0.000192997,0.000964985,14
1065,1070,1067.5,0.000344637,0.00172319,25
1070,1075,1072.5,0.000261924,0.00130962,19
1075,1080,1077.5,0.000248139,0.00124069,18
1080,1085,1082.5,0.000192997,0.000964985,14
1085,1090,1087.5,0.000220568,0.00110284,16
1090,1095,1092.5,0.000330852,0.00165426,24
1095,1100,1097.5,0.000330852,0.00165426,24
1100,1105,1102.5,0.000303281,0.0015164,22
1105,1110,1107.5,0.00027571,0.00137855,20
1110,1115,1112.5,0.000234353,0.00117177,17
1115,1120,1117.5,0.000413565,0.00206782,30
1120,1125,1122.5,0.000179211,0.000896057,13
1125,1130,1127.5,0.000358423,0.00179211,26
1130,1135,1132.5,0.000220568,0.00110284,16
1135,1140,1137.5,0.000289495,0.00144748,21
1140,1145,1142.5,0.000110284,0.00055142,8
1145,1150,1147.5,0.000289495,0.00144748,21
1150,1155,1152.5,0.000234353,0.00117177,17
1155,1160,1157.5,0.000330852,0.00165426,24
1160,1165,1162.5,0.000234353,0.00117177,17
1165,1170,1167.5,0.00015164,0.000758202,11
1170,1175,1172.5,0.000330852,0.00165426,24
1175,1180,1177.5,0.000220568,0.00110284,16
1180,1185,1182.5,0.000206782,0.00103391,15
1185,1190,1187.5,0.000261924,0.00130962,19
1190,1195,1192.5,0.000206782,0.00103391,15
1195,1200,1197.5,0.000248139,0.00124069,18
1200,1205,1202.5,0.000303281,0.0015164,22
1205,1210,1207.5,0.000220568,0.00110284,16
1210,1215,1212.5,0.000303281,0.0015164,22
1215,1220,1217.5,0.000137855,0.000689275,10
1220,1225,1222.5,0.000248139,0.00124069,18
1225,1230,1227.5,0.000330852,0.00165426,24
1230,1235,1232.5,0.00015164,0.000758202,11
1235,1240,1237.5,0.00027571,0.00137855,20
1240,1245,1242.5,0.000206782,0.00103391,15
1245,1250,1247.5,0.000206782,0.00103391,15
1250,1255,1252.5,0.000137855,0.000689275,10
1255,1260,1257.5,0.000220568,0.00110284,16
1260,1265,1262.5,0.000220568,0.00110284,16
1265,1270,1267.5,0.000165426,0.00082713,12
1270,1275,1272.5,0.000220568,0.00110284,16
1275,1280,1277.5,0.000192997,0.000964985,14
1280,1285,1282.5,0.00015164,0.000758202,11
1285,1290,1287.5,0.000248139,0.00124069,18
1290,1295,1292.5,0.000192997,0.000964985,14
1295,1300,1297.5,0.00027571,0.00137855,20
1300,1305,1302.5,0.000248139,0.00124069,18
1305,1310,1307.5,0.000206782,0.00103391,15
1310,1315,1312.5,0.000192997,0.000964985,14
1315,1320,1317.5,0.000220568,0.00110284,16
1320,1325,1322.5,0.000261924,0.00130962,19
1325,1330,1327.5,0.000110284,0.00055142,8
1330,1335,1332.5,0.000137855,0.000689275,10
1335,1340,1337.5,0.000234353,0.00117177,17
1340,1345,1342.5,0.000179211,0.000896057,13
1345,1350,1347.5,0.000248139,0.00124069,18
1350,1355,1352.5,0.000234353,0.00117177,17
1355,1360,1357.5,0.000248139,0.00124069,18
1360,1365,1362.5,0.000137855,0.000689275,10
1365,1370,1367.5,0.00015164,0.000758202,11
1370,1375,1372.5,0.000206782,0.00103391,15
1375,1380,1377.5,0.000248139,0.00124069,18
1380,1385,1382.5,9.64985e-05,0.000482492,7
1385,1390,1387.5,0.000110284,0.00055142,8
1390,1395,1392.5,0.000192997,0.000964985,14
1395,1400,1397.5,0.000289495,0.00144748,21
1400,1405,1402.5,0.000234353,0.00117177,17
1405,1410,1407.5,0.000192997,0.000964985,14
1410,1415,1412.5,0.000220568,0.00110284,16
1415,1420,1417.5,0.000261924,0.00130962,19
1420,1425,1422.5,0.000248139,0.00124069,18
1425,1430,1427.5,0.000124069,0.000620347,9
1430,1435,1432.5,0.000137855,0.000689275,10
1435,1440,1437.5,0.000234353,0.00117177,17
1440,1445,1442.5,0.00015164,0.000758202,11
1445,1450,1447.5,0.000248139,0.00124069,18
1450,1455,1452.5,9.64985e-05,0.000482492,7
1455,1460,1457.5,0.000192997,0.000964985,14
1460,1465,1462.5,0.000179211,0.000896057,13
1465,1470,1467.5,0.000220568,0.00110284,16
1470,1475,1472.5,0.000192997,0.000964985,14
1475,1480,1477.5,0.000137855,0.000689275,10
1480,1485,1482.5,0.000303281,0.0015164,22
1485,1490,1487.5,0.000165426,0.00082713,12
1490,1495,1492.5,0.000234353,0.00117177,17
1495,1500,1497.5,0.000261924,0.00130962,19
1500,1505,1502.5,0.000261924,0.00130962,19
1505,1510,1507.5,0.000124069,0.000620347,9
1510,1515,1512.5,0.000124069,0.000620347,9
1515,1520,1517.5,0.000261924,0.00130962,19
1520,1525,1522.5,0.000289495,0.00144748,21
1525,1530,1527.5,0.000192997,0.000964985,14
1530,1535,1532.5,0.000234353,0.00117177,17
1535,1540,1537.5,9.64985e-05,0.000482492,7
1540,1545,1542.5,0.000206782,0.00103391,15
1545,1550,1547.5,0.000261924,0.00130962,19
1550,1555,1552.5,0.000248139,0.00124069,18
1555,1560,1557.5,0.000220568,0.00110284,16
1560,1565,1562.5,0.000179211,0.000896057,13
1565,1570,1567.5,0.00015164,0.000758202,11
1570,1575,1572.5,0.000179211,0.000896057,13
1575,1580,1577.5,0.00015164,0.000758202,11
1580,1585,1582.5,9.64985e-05,0.000482492,7
1585,1590,1587.5,0.000206782,0.00103391,15
1590,1595,1592.5,0.000261924,0.00130962,19
1595,1600,1597.5,0.000124069,0.000620347,9
1600,1605,1602.5,9.64985e-05,0.000482492,7
1605,1610,1607.5,0.000179211,0.000896057,13
1610,1615,1612.5,0.000165426,0.00082713,12
1615,1620,1617.5,0.000234353,0.00117177,17
1620,1625,1622.5,0.000165426,0.00082713,12
1625,1630,1627.5,0.000179211,0.000896057,13
1630,1635,1632.5,0.000165426,0.00082713,12
1635,1640,1637.5,0.00015164,0.000758202,11
1640,1645,1642.5,0.000220568,0.00110284,16
1645,1650,1647.5,0.00027571,0.00137855,20
1650,1655,1652.5,0.000137855,0.000689275,10
1655,1660,1657.5,0.000179211,0.000896057,13
1660,1665,1662.5,0.000234353,0.00117177,17
1665,1670,1667.5,0.000110284,0.00055142,8
1670,1675,1672.5,0.000192997,0.000964985,14
1675,1680,1677.5,0.000192997,0.000964985,14
1680,1685,1682.5,0.000165426,0.00082713,12
1685,1690,1687.5,0.000234353,0.00117177,17
1690,1695,1692.5,0.000192997,0.000964985,14
1695,1700,1697.5,0.000165426,0.00082713,12
1700,1705,1702.5,0.000165426,0.00082713,12
1705,1710,1707.5,0.000165426,0.00082713,12
1710,1715,1712.5,0.000165426,0.00082713,12
1715,1720,1717.5,0.000124069,0.000620347,9
1720,1725,1722.5,0.000358423,0.00179211,26
1725,1730,1727.5,0.000248139,0.00124069,18
1730,1735,1732.5,0.000206782,0.00103391,15
1735,1740,1737.5,0.000124069,0.000620347,9
1740,1745,1742.5,0.000206782,0.00103391,15
1745,1750,1747.5,0.000234353,0.00117177,17
1750,1755,1752.5,0.000206782,0.00103391,15
1755,1760,1757.5,0.000179211,0.000896057,13
1760,1765,1762.5,0.000179211,0.000896057,13
1765,1770,1767.5,0.000192997,0.000964985,14
1770,1775,1772.5,5.5142e-05,0.00027571,4
1775,1780,1777.5,0.000165426,0.00082713,12
1780,1785,1782.5,0.00015164,0.000758202,11
1785,1790,1787.5,0.000317066,0.00158533,23
1790,1795,1792.5,0.000165426,0.00082713,12
1795,1800,1797.5,0.000137855,0.000689275,10
1800,1805,1802.5,0.000137855,0.000689275,10
1805,1810,1807.5,0.000179211,0.000896057,13
1810,1815,1812.5,0.000165426,0.00082713,12
1815,1820,1817.5,0.000303281,0.0015164,22
1820,1825,1822.5,0.000220568,0.00110284,16
1825,1830,1827.5,0.000192997,0.000964985,14
1830,1835,1832.5,0.000179211,0.000896057,13
1835,1840,1837.5,0.000192997,0.000964985,14
1840,1845,1842.5,0.000165426,0.00082713,12
1845,1850,1847.5,0.000179211,0.000896057,13
1850,1855,1852.5,0.000165426,0.00082713,12
1855,1860,1857.5,0.00027571,0.00137855,20
1860,1865,1862.5,0.000206782,0.00103391,15
1865,1870,1867.5,0.00015164,0.000758202,11
1870,1875,1872.5,0.00015164,0.000758202,11
1875,1880,1877.5,0.000220568,0.00110284,16
1880,1885,1882.5,9.64985e-05,0.000482492,7
1885,1890,1887.5,0.000137855,0.000689275,10
1890,1895,1892.5,0.000192997,0.000964985,14
1895,1900,1897.5,0.000179211,0.000896057,13
1900,1905,1902.5,0.000179211,0.000896057,13
1905,1910,1907.5,0.000165426,0.00082713,12
1910,1915,1912.5,0.000165426,0.00082713,12
1915,1920,1917.5,0.000179211,0.000896057,13
1920,1925,1922.5,0.000165426,0.00082713,12
1925,1930,1927.5,0.000192997,0.000964985,14
1930,1935,1932.5,0.000137855,0.000689275,10
1935,1940,1937.5,0.000206782,0.00103391,15
1940,1945,1942.5,0.000165426,0.00082713,12
1945,1950,1947.5,0.000220568,0.00110284,16
1950,1955,1952.5,0.000248139,0.00124069,18
1955,1960,1957.5,0.000220568,0.00110284,16
1960,1965,1962.5,0.00015164,0.000758202,11
1965,1970,1967.5,0.00015164,0.000758202,11
1970,1975,1972.5,0.000124069,0.000620347,9
1975,1980,1977.5,0.000206782,0.00103391,15
1980,1985,1982.5,0.00015164,0.000758202,11
1985,1990,1987.5,0.000165426,0.00082713,12
1990,1995,1992.5,0.000192997,0.000964985,14
1995,2000,1997.5,9.64985e-05,0.000482492,7
2000,2005,2002.5,0.000220568,0.00110284,16
2005,2010,2007.5,0.000124069,0.000620347,9
2010,2015,2012.5,0.00015164,0.000758202,11
2015,2020,2017.5,0.000124069,0.000620347,9
2020,2025,2022.5,0.000124069,0.000620347,9
2025,2030,2027.5,0.000137855,0.000689275,10
2030,2035,2032.5,0.00015164,0.000758202,11
2035,2040,2037.5,0.000110284,0.00055142,8
2040,2045,2042.5,0.000206782,0.00103391,15
2045,2050,2047.5,0.000179211,0.000896057,13
2050,2055,2052.5,0.000206782,0.00103391,15
2055,2060,2057.5,9.64985e-05,0.000482492,7
2060,2065,2062.5,0.00015164,0.000758202,11
2065,2070,2067.5,0.000165426,0.00082713,12
2070,2075,2072.5,0.000192997,0.000964985,14
2075,2080,2077.5,0.000137855,0.000689275,10
2080,2085,2082.5,0.000206782,0.00103391,15
2085,2090,2087.5,6.89275e-05,0.000344637,5
2090,2095,2092.5,0.000206782,0.00103391,15
2095,2100,2097.5,0.000220568,0.00110284,16
2100,2105,2102.5,0.000137855,0.000689275,10
2105,2110,2107.5,0.000179211,0.000896057,13
2110,2115,2112.5,0.000110284,0.00055142,8
2115,2120,2117.5,0.000179211,0.000896057,13
2120,2125,2122.5,9.64985e-05,0.000482492,7
2125,2130,2127.5,0.000165426,0.00082713,12
2130,2135,2132.5,0.00015164,0.000758202,11
2135,2140,2137.5,0.000220568,0.00110284,16
2140,2145,2142.5,0.000110284,0.00055142,8
2145,2150,2147.5,0.000192997,0.000964985,14
2150,2155,2152.5,0.000165426,0.00082713,12
2155,2160,2157.5,0.00015164,0.000758202,11
2160,2165,2162.5,0.000234353,0.00117177,17
2165,2170,2167.5,0.000261924,0.00130962,19
2170,2175,2172.5,0.000220568,0.00110284,16
2175,2180,2177.5,0.00015164,0.000758202,11
2180,2185,2182.5,0.000179211,0.000896057,13
2185,2190,2187.5,0.000192997,0.000964985,14
2190,2195,2192.5,0.00015164,0.000758202,11
2195,2200,2197.5,0.000124069,0.000620347,9
2200,2205,2202.5,0.000206782,0.00103391,15
2205,2210,2207.5,0.000179211,0.000896057,13
2210,2215,2212.5,0.000165426,0.00082713,12
2215,2220,2217.5,9.64985e-05,0.000482492,7
2220,2225,2222.5,0.000165426,0.00082713,12
2225,2230,2227.5,0.00027571,0.00137855,20
2230,2235,2232.5,0.000179211,0.000896057,13
2235,2240,2237.5,9.64985e-05,0.000482492,7
2240,2245,2242.5,0.000165426,0.00082713,12
2245,2250,2247.5,0.000110284,0.00055142,8
2250,2255,2252.5,8.2713e-05,0.000413565,6
2255,2260,2257.5,9.64985e-05,0.000482492,7
2260,2265,2262.5,0.000137855,0.000689275,10
2265,2270,2267.5,0.000137855,0.000689275,10
2270,2275,2272.5,0.000192997,0.000964985,14
2275,2280,2277.5,0.000137855,0.000689275,10
2280,2285,2282.5,0.00015164,0.000758202,11
2285,2290,2287.5,0.000137855,0.000689275,10
2290,2295,2292.5,0.000124069,0.000620347,9
2295,2300,2297.5,9.64985e-05,0.000482492,7
2300,2305,2302.5,0.00015164,0.000758202,11
2305,2310,2307.5,0.00015164,0.000758202,11
2310,2315,2312.5,0.000192997,0.000964985,14
2315,2320,2317.5,0.000110284,0.00055142,8
2320,2325,2322.5,0.000137855,0.000689275,10
2325,2330,2327.5,0.000124069,0.000620347,9
2330,2335,2332.5,0.000137855,0.000689275,10
2335,2340,2337.5,0.00015164,0.000758202,11
2340,2345,2342.5,0.000220568,0.00110284,16
2345,2350,2347.5,0.000165426,0.00082713,12
2350,2355,2352.5,0.000165426,0.00082713,12
2355,2360,2357.5,0.00015164,0.000758202,11
2360,2365,2362.5,0.000192997,0.000964985,14
2365,2370,2367.5,0.000165426,0.00082713,12
2370,2375,2372.5,0.000248139,0.00124069,18
2375,2380,2377.5,0.000110284,0.00055142,8
2380,2385,2382.5,0.000179211,0.000896057,13
2385,2390,2387.5,0.00015164,0.000758202,11
2390,2395,2392.5,9.64985e-05,0.000482492,7
2395,2400,2397.5,0.000206782,0.00103391,15
2400,2405,2402.5,0.000179211,0.000896057,13
2405,2410,2407.5,0.000179211,0.000896057,13
2410,2415,2412.5,0.000137855,0.000689275,10
2415,2420,2417.5,0.000137855,0.000689275,10
2420,2425,2422.5,0.000206782,0.00103391,15
2425,2430,2427.5,8.2713e-05,0.000413565,6
2430,2435,2432.5,0.000179211,0.000896057,13
2435,2440,2437.5,0.000179211,0.000896057,13
2440,2445,2442.5,0.000137855,0.000689275,10
2445,2450,2447.5,0.000137855,0.000689275,10
2450,2455,2452.5,0.000165426,0.00082713,12
2455,2460,2457.5,9.64985e-05,0.000482492,7
2460,2465,2462.5,0.000124069,0.000620347,9
2465,2470,2467.5,9.64985e-05,0.000482492,7
2470,2475,2472.5,0.000110284,0.00055142,8
2475,2480,2477.5,4.13565e-05,0.000206782,3
2480,2485,2482.5,8.2713e-05,0.000413565,6
2485,2490,2487.5,0.000110284,0.00055142,8
2490,2495,2492.5,5.5142e-05,0.00027571,4
2495,2500,2497.5,0.000137855,0.000689275,10
2500,2505,2502.5,0.00015164,0.000758202,11
2505,2510,2507.5,0.000179211,0.000896057,13
2510,2515,2512.5,0.000124069,0.000620347,9
2515,2520,2517.5,9.64985e-05,0.000482492,7
2520,2525,2522.5,0.000110284,0.00055142,8
2525,2530,2527.5,0.000137855,0.000689275,10
2530,2535,2532.5,0.000137855,0.000689275,10
2535,2540,2537.5,0.000192997,0.000964985,14
2540,2545,2542.5,0.000124069,0.000620347,9
2545,2550,2547.5,0.000110284,0.00055142,8
2550,2555,2552.5,0.00015164,0.000758202,11
2555,2560,2557.5,0.000124069,0.000620347,9
2560,2565,2562.5,6.89275e-05,0.000344637,5
2565,2570,2567.5,0.000137855,0.000689275,10
2570,2575,2572.5,0.000179211,0.000896057,13
2575,2580,2577.5,0.000110284,0.00055142,8
2580,2585,2582.5,0.000165426,0.00082713,12
2585,2590,2587.5,0.000179211,0.000896057,13
2590,2595,2592.5,0.000206782,0.00103391,15
2595,2600,2597.5,0.000124069,0.000620347,9
2600,2605,2602.5,0.000110284,0.00055142,8
2605,2610,2607.5,8.2713e-05,0.000413565,6
2610,2615,2612.5,0.000137855,0.000689275,10
2615,2620,2617.5,0.000124069,0.000620347,9
2620,2625,2622.5,0.000110284,0.00055142,8
2625,2630,2627.5,8.2713e-05,0.000413565,6
2630,2635,2632.5,0.000137855,0.000689275,10
2635,2640,2637.5,0.000179211,0.000896057,13
2640,2645,2642.5,0.000192997,0.000964985,14
2645,2650,2647.5,0.000124069,0.000620347,9
2650,2655,2652.5,0.000165426,0.00082713,12
2655,2660,2657.5,0.000137855,0.000689275,10
2660,2665,2662.5,0.000165426,0.00082713,12
2665,2670,2667.5,0.000165426,0.00082713,12
2670,2675,2672.5,6.89275e-05,0.000344637,5
2675,2680,2677.5,6.89275e-05,0.000344637,5
2680,2685,2682.5,0.000206782,0.00103391,15
2685,2690,2687.5,0.000137855,0.000689275,10
2690,2695,2692.5,0.000124069,0.000620347,9
2695,2700,2697.5,5.5142e-05,0.00027571,4
2700,2705,2702.5,0.000110284,0.00055142,8
2705,2710,2707.5,9.64985e-05,0.000482492,7
2710,2715,2712.5,0.000206782,0.00103391,15
2715,2720,2717.5,0.000137855,0.000689275,10
2720,2725,2722.5,0.000220568,0.00110284,16
2725,2730,2727.5,0.000124069,0.000620347,9
2730,2735,2732.5,0.000192997,0.000964985,14
2735,2740,2737.5,0.00015164,0.000758202,11
2740,2745,2742.5,0.000220568,0.00110284,16
2745,2750,2747.5,0.000110284,0.00055142,8
2750,2755,2752.5,8.2713e-05,0.000413565,6
2755,2760,2757.5,0.000165426,0.00082713,12
2760,2765,2762.5,8.2713e-05,0.000413565,6
2765,2770,2767.5,0.000124069,0.000620347,9
2770,2775,2772.5,0.000137855,0.000689275,10
2775,2780,2777.5,0.000234353,0.00117177,17
2780,2785,2782.5,0.000124069,0.000620347,9
2785,2790,2787.5,0.000110284,0.00055142,8
2790,2795,2792.5,0.00015164,0.000758202,11
2795,2800,2797.5,0.000220568,0.00110284,16
2800,2805,2802.5,0.000110284,0.00055142,8
2805,2810,2807.5,8.2713e-05,0.000413565,6
2810,2815,2812.5,0.000110284,0.00055142,8
2815,2820,2817.5,0.00015164,0.000758202,11
2820,2825,2822.5,0.000165426,0.00082713,12
2825,2830,2827.5,0.000192997,0.000964985,14
2830,2835,2832.5,0.000110284,0.00055142,8
2835,2840,2837.5,0.000110284,0.00055142,8
2840,2845,2842.5,0.000179211,0.000896057,13
2845,2850,2847.5,8.2713e-05,0.000413565,6
2850,2855,2852.5,0.000234353,0.00117177,17
2855,2860,2857.5,0.000124069,0.000620347,9
2860,2865,2862.5,9.64985e-05,0.000482492,7
2865,2870,2867.5,0.000165426,0.00082713,12
2870,2875,2872.5,0.000137855,0.000689275,10
2875,2880,2877.5,0.000179211,0.000896057,13
2880,2885,2882.5,0.00015164,0.000758202,11
2885,2890,2887.5,0.000165426,0.00082713,12
2890,2895,2892.5,0.000124069,0.000620347,9
2895,2900,2897.5,0.000192997,0.000964985,14
2900,2905,2902.5,0.000137855,0.000689275,10
2905,2910,2907.5,8.2713e-05,0.000413565,6
2910,2915,2912.5,0.000110284,0.00055142,8
2915,2920,2917.5,0.000110284,0.00055142,8
2920,2925,2922.5,0.000124069,0.000620347,9
2925,2930,2927.5,0.000179211,0.000896057,13
2930,2935,2932.5,0.00015164,0.000758202,11
2935,2940,2937.5,0.000137855,0.000689275,10
2940,2945,2942.5,0.00015164,0.000758202,11
2945,2950,2947.5,6.89275e-05,0.000344637,5
2950,2955,2952.5,0.000179211,0.000896057,13
2955,2960,2957.5,0.000110284,0.00055142,8
2960,2965,2962.5,0.000179211,0.000896057,13
2965,2970,2967.5,0.000179211,0.000896057,13
2970,2975,2972.5,0.000137855,0.000689275,10
2975,2980,2977.5,0.00015164,0.000758202,11
2980,2985,2982.5,0.00015164,0.000758202,11
2985,2990,2987.5,0.000110284,0.00055142,8
2990,2995,2992.5,0.000165426,0.00082713,12
2995,3000,2997.5,6.89275e-05,0.000344637,5
3000,3005,3002.5,8.2713e-05,0.000413565,6
3005,3010,3007.5,0.000137855,0.000689275,10
3010,3015,3012.5,0.000137855,0.000689275,10
3015,3020,3017.5,0.000110284,0.00055142,8
3020,3025,3022.5,0.000137855,0.000689275,10
3025,3030,3027.5,0.000110284,0.00055142,8
3030,3035,3032.5,0.000124069,0.000620347,9
3035,3040,3037.5,0.000110284,0.00055142,8
3040,3045,3042.5,0.000137855,0.000689275,10
3045,3050,3047.5,0.000192997,0.000964985,14
3050,3055,3052.5,0.000165426,0.00082713,12
3055,3060,3057.5,9.64985e-05,0.000482492,7
3060,3065,3062.5,0.000165426,0.00082713,12
3065,3070,3067.5,9.64985e-05,0.000482492,7
3070,3075,3072.5,0.000137855,0.000689275,10
3075,3080,3077.5,0.000110284,0.00055142,8
3080,3085,3082.5,9.64985e-05,0.000482492,7
3085,3090,3087.5,0.000220568,0.00110284,16
3090,3095,3092.5,0.000137855,0.000689275,10
3095,3100,3097.5,0.00015164,0.000758202,11
3100,3105,3102.5,0.000220568,0.00110284,16
3105,3110,3107.5,0.00015164,0.000758202,11
3110,3115,3112.5,8.2713e-05,0.000413565,6
3115,3120,3117.5,0.000124069,0.000620347,9
3120,3125,3122.5,0.00015164,0.000758202,11
3125,3130,3127.5,0.000220568,0.00110284,16
3130,3135,3132.5,0.000110284,0.00055142,8
3135,3140,3137.5,9.64985e-05,0.000482492,7
3140,3145,3142.5,0.000124069,0.000620347,9
3145,3150,3147.5,0.000124069,0.000620347,9
3150,3155,3152.5,9.64985e-05,0.000482492,7
3155,3160,3157.5,0.000165426,0.00082713,12
3160,3165,3162.5,9.64985e-05,0.000482492,7
3165,3170,3167.5,0.000110284,0.00055142,8
3170,3175,3172.5,0.000110284,0.00055142,8
3175,3180,3177.5,0.000110284,0.00055142,8
3180,3185,3182.5,9.64985e-05,0.000482492,7
3185,3190,3187.5,6.89275e-05,0.000344637,5
3190,3195,3192.5,0.00015164,0.000758202,11
3195,3200,3197.5,0.00015164,0.000758202,11
3200,3205,3202.5,0.000124069,0.000620347,9
3205,3210,3207.5,0.000179211,0.000896057,13
3210,3215,3212.5,0.000124069,0.000620347,9
3215,3220,3217.5,0.000192997,0.000964985,14
3220,3225,3222.5,0.000137855,0.000689275,10
3225,3230,3227.5,0.00015164,0.000758202,11
3230,3235,3232.5,0.000137855,0.000689275,10
3235,3240,3237.5,6.89275e-05,0.000344637,5
3240,3245,3242.5,0.000137855,0.000689275,10
3245,3250,3247.5,8.2713e-05,0.000413565,6
3250,3255,3252.5,5.5142e-05,0.00027571,4
3255,3260,3257.5,0.000192997,0.000964985,14
3260,3265,3262.5,8.2713e-05,0.000413565,6
3265,3270,3267.5,0.000110284,0.00055142,8
3270,3275,3272.5,0.000110284,0.00055142,8
3275,3280,3277.5,0.000124069,0.000620347,9
3280,3285,3282.5,8.2713e-05,0.000413565,6
3285,3290,3287.5,0.000124069,0.000620347,9
3290,3295,3292.5,8.2713e-05,0.000413565,6
3295,3300,3297.5,0.000179211,0.000896057,13
3300,3305,3302.5,0.000220568,0.00110284,16
3305,3310,3307.5,0.000165426,0.00082713,12
3310,3315,3312.5,8.2713e-05,0.000413565,6
3315,3320,3317.5,0.000137855,0.000689275,10
3320,3325,3322.5,6.89275e-05,0.000344637,5
3325,3330,3327.5,0.000137855,0.000689275,10
3330,3335,3332.5,0.000192997,0.000964985,14
3335,3340,3337.5,0.00015164,0.000758202,11
3340,3345,3342.5,0.000137855,0.000689275,10
3345,3350,3347.5,6.89275e-05,0.000344637,5
3350,3355,3352.5,0.000124069,0.000620347,9
3355,3360,3357.5,0.000124069,0.000620347,9
3360,3365,3362.5,0.000124069,0.000620347,9
3365,3370,3367.5,0.000137855,0.000689275,10
3370,3375,3372.5,0.00015164,0.000758202,11
3375,3380,3377.5,0.000192997,0.000964985,14
3380,3385,3382.5,0.000137855,0.000689275,10
3385,3390,3387.5,0.000110284,0.00055142,8
3390,3395,3392.5,8.2713e-05,0.000413565,6
3395,3400,3397.5,6.89275e-05,0.000344637,5
3400,3405,3402.5,0.000124069,0.000620347,9
3405,3410,3407.5,0.00015164,0.000758202,11
3410,3415,3412.5,0.000124069,0.000620347,9
3415,3420,3417.5,0.000165426,0.00082713,12
3420,3425,3422.5,0.000165426,0.00082713,12
3425,3430,3427.5,8.2713e-05,0.000413565,6
3430,3435,3432.5,9.64985e-05,0.000482492,7
3435,3440,3437.5,0.000192997,0.000964985,14
3440,3445,3442.5,0.00015164,0.000758202,11
3445,3450,3447.5,0.000137855,0.000689275,10
3450,3455,3452.5,0.000137855,0.000689275,10
3455,3460,3457.5,0.000124069,0.000620347,9
3460,3465,3462.5,0.00015164,0.000758202,11
3465,3470,3467.5,0.000137855,0.000689275,10
3470,3475,3472.5,8.2713e-05,0.000413565,6
3475,3480,3477.5,0.000110284,0.00055142,8
3480,3485,3482.5,0.000110284,0.00055142,8
3485,3490,3487.5,9.64985e-05,0.000482492,7
3490,3495,3492.5,0.000137855,0.000689275,10
3495,3500,3497.5,0.000220568,0.00110284,16
3500,3505,3502.5,0.000234353,0.00117177,17
3505,3510,3507.5,0.000137855,0.000689275,10
3510,3515,3512.5,0.000110284,0.00055142,8
3515,3520,3517.5,6.89275e-05,0.000344637,5
3520,3525,3522.5,0.00015164,0.000758202,11
3525,3530,3527.5,0.000124069,0.000620347,9
3530,3535,3532.5,0.000234353,0.00117177,17
3535,3540,3537.5,0.000110284,0.00055142,8
3540,3545,3542.5,9.64985e-05,0.000482492,7
3545,3550,3547.5,6.89275e-05,0.000344637,5
3550,3555,3552.5,9.64985e-05,0.000482492,7
3555,3560,3557.5,0.00015164,0.000758202,11
3560,3565,3562.5,0.000192997,0.000964985,14
3565,3570,3567.5,8.2713e-05,0.000413565,6
3570,3575,3572.5,0.000165426,0.00082713,12
3575,3580,3577.5,0.000137855,0.000689275,10
3580,3585,3582.5,0.000110284,0.00055142,8
3585,3590,3587.5,9.64985e-05,0.000482492,7
3590,3595,3592.5,0.000165426,0.00082713,12
3595,3600,3597.5,9.64985e-05,0.000482492,7
3600,3605,3602.5,8.2713e-05,0.000413565,6
3605,3610,3607.5,0.000110284,0.00055142,8
3610,3615,3612.5,8.2713e-05,0.000413565,6
3615,3620,3617.5,0.000206782,0.00103391,15
3620,3625,3622.5,0.000124069,0.000620347,9
3625,3630,3627.5,0.000110284,0.00055142,8
3630,3635,3632.5,0.000137855,0.000689275,10
3635,3640,3637.5,0.000110284,0.00055142,8
3640,3645,3642.5,9.64985e-05,0.000482492,7
3645,3650,3647.5,5.5142e-05,0.00027571,4
3650,3655,3652.5,0.000165426,0.00082713,12
3655,3660,3657.5,0.000179211,0.000896057,13
3660,3665,3662.5,0.000124069,0.000620347,9
3665,3670,3667.5,5.5142e-05,0.00027571,4
3670,3675,3672.5,8.2713e-05,0.000413565,6
3675,3680,3677.5,0.000137855,0.000689275,10
3680,3685,3682.5,0.00015164,0.000758202,11
3685,3690,3687.5,0.000124069,0.000620347,9
3690,3695,3692.5,0.000192997,0.000964985,14
3695,3700,3697.5,0.00015164,0.000758202,11
3700,3705,3702.5,0.00015164,0.000758202,11
3705,3710,3707.5,5.5142e-05,0.00027571,4
3710,3715,3712.5,0.000137855,0.000689275,10
3715,3720,3717.5,5.5142e-05,0.00027571,4
3720,3725,3722.5,9.64985e-05,0.000482492,7
3725,3730,3727.5,0.000179211,0.000896057,13
3730,3735,3732.5,0.000165426,0.00082713,12
3735,3740,3737.5,0.000165426,0.00082713,12
3740,3745,3742.5,9.64985e-05,0.000482492,7
3745,3750,3747.5,2.7571e-05,0.000137855,2
3750,3755,3752.5,9.64985e-05,0.000482492,7
3755,3760,3757.5,8.2713e-05,0.000413565,6
3760,3765,3762.5,6.89275e-05,0.000344637,5
3765,3770,3767.5,0.000110284,0.00055142,8
3770,3775,3772.5,0.000110284,0.00055142,8
3775,3780,3777.5,0.000137855,0.000689275,10
3780,3785,3782.5,0.000110284,0.00055142,8
3785,3790,3787.5,9.64985e-05,0.000482492,7
3790,3795,3792.5,0.000124069,0.000620347,9
3795,3800,3797.5,4.13565e-05,0.000206782,3
3800,3805,3802.5,0.000137855,0.000689275,10
3805,3810,3807.5,9.64985e-05,0.000482492,7
3810,3815,3812.5,0.000110284,0.00055142,8
3815,3820,3817.5,0.000137855,0.000689275,10
3820,3825,3822.5,0.000110284,0.00055142,8
3825,3830,3827.5,9.64985e-05,0.000482492,7
3830,3835,3832.5,9.64985e-05,0.000482492,7
3835,3840,3837.5,0.000110284,0.00055142,8
3840,3845,3842.5,0.000110284,0.00055142,8
3845,3850,3847.5,0.000124069,0.000620347,9
3850,3855,3852.5,6.89275e-05,0.000344637,5
3855,3860,3857.5,8.2713e-05,0.000413565,6
3860,3865,3862.5,8.2713e-05,0.000413565,6
3865,3870,3867.5,6.89275e-05,0.000344637,5
3870,3875,3872.5,0.000110284,0.00055142,8
3875,3880,3877.5,0.000110284,0.00055142,8
3880,3885,3882.5,0.000220568,0.00110284,16
3885,3890,3887.5,8.2713e-05,0.000413565,6
3890,3895,3892.5,0.000137855,0.000689275,10
3895,3900,3897.5,9.64985e-05,0.000482492,7
3900,3905,3902.5,4.13565e-05,0.000206782,3
3905,3910,3907.5,0.000110284,0.00055142,8
3910,3915,3912.5,9.64985e-05,0.000482492,7
3915,3920,3917.5,6.89275e-05,0.000344637,5
3920,3925,3922.5,6.89275e-05,0.000344637,5
3925,3930,3927.5,9.64985e-05,0.000482492,7
3930,3935,3932.5,0.000110284,0.00055142,8
3935,3940,3937.5,0.000137855,0.000689275,10
3940,3945,3942.5,0.000124069,0.000620347,9
3945,3950,3947.5,0.000137855,0.000689275,10
3950,3955,3952.5,0.00015164,0.000758202,11
3955,3960,3957.5,9.64985e-05,0.000482492,7
3960,3965,3962.5,8.2713e-05,0.000413565,6
3965,3970,3967.5,8.2713e-05,0.000413565,6
3970,3975,3972.5,0.000110284,0.00055142,8
3975,3980,3977.5,0.000124069,0.000620347,9
3980,3985,3982.5,0.000124069,0.000620347,9
3985,3990,3987.5,0.000137855,0.000689275,10
3990,3995,3992.5,0.000124069,0.000620347,9
3995,4000,3997.5,0.000137855,0.000689275,10
4000,4005,4002.5,8.2713e-05,0.000413565,6
4005,4010,4007.5,8.2713e-05,0.000413565,6
4010,4015,4012.5,0.000330852,0.00165426,24
4015,4020,4017.5,0.000137855,0.000689275,10
4020,4025,4022.5,0.000137855,0.000689275,10
4025,4030,4027.5,0.000137855,0.000689275,10
4030,4035,4032.5,9.64985e-05,0.000482492,7
4035,4040,4037.5,0.000110284,0.00055142,8
4040,4045,4042.5,0.000124069,0.000620347,9
4045,4050,4047.5,8.2713e-05,0.000413565,6
4050,4055,4052.5,9.64985e-05,0.000482492,7
4055,4060,4057.5,0.000234353,0.00117177,17
4060,4065,4062.5,0.000165426,0.00082713,12
4065,4070,4067.5,0.000192997,0.000964985,14
4070,4075,4072.5,0.000110284,0.00055142,8
4075,4080,4077.5,6.89275e-05,0.000344637,5
4080,4085,4082.5,0.000110284,0.00055142,8
4085,4090,4087.5,0.00015164,0.000758202,11
4090,4095,4092.5,9.64985e-05,0.000482492,7
4095,4100,4097.5,0.000165426,0.00082713,12
4100,4105,4102.5,0.000165426,0.00082713,12
4105,4110,4107.5,0.00015164,0.000758202,11
4110,4115,4112.5,0.000124069,0.000620347,9
4115,4120,4117.5,5.5142e-05,0.00027571,4
4120,4125,4122.5,6.89275e-05,0.000344637,5
4125,4130,4127.5,0.00015164,0.000758202,11
4130,4135,4132.5,0.000137855,0.000689275,10
4135,4140,4137.5,0.00015164,0.000758202,11
4140,4145,4142.5,0.00015164,0.000758202,11
4145,4150,4147.5,1.37855e-05,6.89275e-05,1
4150,4155,4152.5,0.000110284,0.00055142,8
4155,4160,4157.5,6.89275e-05,0.000344637,5
4160,4165,4162.5,6.89275e-05,0.000344637,5
4165,4170,4167.5,0.000192997,0.000964985,14
4170,4175,4172.5,9.64985e-05,0.000482492,7
4175,4180,4177.5,6.89275e-05,0.000344637,5
4180,4185,4182.5,5.5142e-05,0.00027571,4
4185,4190,4187.5,8.2713e-05,0.000413565,6
4190,4195,4192.5,0.000137855,0.000689275,10
4195,4200,4197.5,0.000110284,0.00055142,8
4200,4205,4202.5,0.000137855,0.000689275,10
4205,4210,4207.5,9.64985e-05,0.000482492,7
4210,4215,4212.5,0.000124069,0.000620347,9
4215,4220,4217.5,0.00015164,0.000758202,11
4220,4225,4222.5,9.64985e-05,0.000482492,7
4225,4230,4227.5,6.89275e-05,0.000344637,5
4230,4235,4232.5,0.000124069,0.000620347,9
4235,4240,4237.5,8.2713e-05,0.000413565,6
4240,4245,4242.5,6.89275e-05,0.000344637,5
4245,4250,4247.5,8.2713e-05,0.000413565,6
4250,4255,4252.5,9.64985e-05,0.000482492,7
4255,4260,4257.5,6.89275e-05,0.000344637,5
4260,4265,4262.5,0.00015164,0.000758202,11
4265,4270,4267.5,0.000124069,0.000620347,9
4270,4275,4272.5,6.89275e-05,0.000344637,5
4275,4280,4277.5,5.5142e-05,0.00027571,4
4280,4285,4282.5,8.2713e-05,0.000413565,6
4285,4290,4287.5,8.2713e-05,0.000413565,6
4290,4295,4292.5,0.000206782,0.00103391,15
4295,4300,4297.5,0.000165426,0.00082713,12
4300,4305,4302.5,8.2713e-05,0.000413565,6
4305,4310,4307.5,8.2713e-05,0.000413565,6
4310,4315,4312.5,8.2713e-05,0.000413565,6
4315,4320,4317.5,0.000110284,0.00055142,8
4320,4325,4322.5,8.2713e-05,0.000413565,6
4325,4330,4327.5,8.2713e-05,0.000413565,6
4330,4335,4332.5,0.000192997,0.000964985,14
4335,4340,4337.5,9.64985e-05,0.000482492,7
4340,4345,4342.5,8.2713e-05,0.000413565,6
4345,4350,4347.5,2.7571e-05,0.000137855,2
4350,4355,4352.5,1.37855e-05,6.89275e-05,1
4355,4360,4357.5,2.7571e-05,0.000137855,2
4360,4365,4362.5,2.7571e-05,0.000137855,2
4365,4370,4367.5,2.7571e-05,0.000137855,2
4370,4375,4372.5,1.37855e-05,6.89275e-05,1
4375,4380,4377.5,1.37855e-05,6.89275e-05,1
4380,4385,4382.5,5.5142e-05,0.00027571,4
4385,4390,4387.5,1.37855e-05,6.89275e-05,1
4390,4395,4392.5,5.5142e-05,0.00027571,4
4395,4400,4397.5,2.7571e-05,0.000137855,2
4400,4405,4402.5,4.13565e-05,0.000206782,3
4405,4410,4407.5,2.7571e-05,0.000137855,2
4410,4415,4412.5,9.64985e-05,0.000482492,7
4415,4420,4417.5,5.5142e-05,0.00027571,4
4420,4425,4422.5,6.89275e-05,0.000344637,5
4425,4430,4427.5,6.89275e-05,0.000344637,5
4430,4435,4432.5,2.7571e-05,0.000137855,2
4435,4440,4437.5,4.13565e-05,0.000206782,3
4440,4445,4442.5,4.13565e-05,0.000206782,3
4445,4450,4447.5,4.13565e-05,0.000206782,3
4450,4455,4452.5,2.7571e-05,0.000137855,2
4455,4460,4457.5,2.7571e-05,0.000137855,2
4460,4465,4462.5,5.5142e-05,0.00027571,4
4465,4470,4467.5,6.89275e-05,0.000344637,5
4470,4475,4472.5,4.13565e-05,0.000206782,3
4475,4480,4477.5,4.13565e-05,0.000206782,3
4480,4485,4482.5,2.7571e-05,0.000137855,2
4485,4490,4487.5,4.13565e-05,0.000206782,3
4490,4495,4492.5,4.13565e-05,0.000206782,3
4495,4500,4497.5,1.37855e-05,6.89275e-05,1
4500,4505,4502.5,4.13565e-05,0.000206782,3
4505,4510,4507.5,4.13565e-05,0.000206782,3
4510,4515,4512.5,6.89275e-05,0.000344637,5
4515,4520,4517.5,1.37855e-05,6.89275e-05,1
4520,4525,4522.5,2.7571e-05,0.000137855,2
4525,4530,4527.5,4.13565e-05,0.000206782,3
4530,4535,4532.5,2.7571e-05,0.000137855,2
4535,4540,4537.5,5.5142e-05,0.00027571,4
4540,4545,4542.5,6.89275e-05,0.000344637,5
4545,4550,4547.5,1.37855e-05,6.89275e-05,1
4550,4555,4552.5,4.13565e-05,0.000206782,3
4555,4560,4557.5,9.64985e-05,0.000482492,7
4560,4565,4562.5,2.7571e-05,0.000137855,2
4570,4575,4572.5,2.7571e-05,0.000137855,2
4575,4580,4577.5,4.13565e-05,0.000206782,3
4580,4585,4582.5,4.13565e-05,0.000206782,3
4585,4590,4587.5,2.7571e-05,0.000137855,2
4590,4595,4592.5,1.37855e-05,6.89275e-05,1
4600,4605,4602.5,1.37855e-05,6.89275e-05,1
4605,4610,4607.5,2.7571e-05,0.000137855,2
4615,4620,4617.5,2.7571e-05,0.000137855,2
4620,4625,4622.5,2.7571e-05,0.000137855,2
4625,4630,4627.5,5.5142e-05,0.00027571,4
4630,4635,4632.5,4.13565e-05,0.000206782,3
4640,4645,4642.5,1.37855e-05,6.89275e-05,1
4650,4655,4652.5,2.7571e-05,0.000137855,2
4655,4660,4657.5,4.13565e-05,0.000206782,3
4660,4665,4662.5,4.13565e-05,0.000206782,3
4665,4670,4667.5,2.7571e-05,0.000137855,2
4670,4675,4672.5,1.37855e-05,6.89275e-05,1
4675,4680,4677.5,2.7571e-05,0.000137855,2
4680,4685,4682.5,2.7571e-05,0.000137855,2
4690,4695,4692.5,8.2713e-05,0.000413565,6
4695,4700,4697.5,1.37855e-05,6.89275e-05,1
4700,4705,4702.5,2.7571e-05,0.000137855,2
4705,4710,4707.5,8.2713e-05,0.000413565,6
4710,4715,4712.5,9.64985e-05,0.000482492,7
4715,4720,4717.5,2.7571e-05,0.000137855,2
4720,4725,4722.5,1.37855e-05,6.89275e-05,1
4725,4730,4727.5,2.7571e-05,0.000137855,2
4730,4735,4732.5,1.37855e-05,6.89275e-05,1
4735,4740,4737.5,1.37855e-05,6.89275e-05,1
4740,4745,4742.5,5.5142e-05,0.00027571,4
4745,4750,4747.5,5.5142e-05,0.00027571,4
4750,4755,4752.5,1.37855e-05,6.89275e-05,1
4755,4760,4757.5,2.7571e-05,0.000137855,2
4760,4765,4762.5,5.5142e-05,0.00027571,4
4765,4770,4767.5,2.7571e-05,0.000137855,2
4770,4775,4772.5,1.37855e-05,6.89275e-05,1
4775,4780,4777.5,1.37855e-05,6.89275e-05,1
4780,4785,4782.5,1.37855e-05,6.89275e-05,1
4785,4790,4787.5,2.7571e-05,0.000137855,2
4790,4795,4792.5,1.37855e-05,6.89275e-05,1
4795,4800,4797.5,4.13565e-05,0.000206782,3
4800,4805,4802.5,4.13565e-05,0.000206782,3
4805,4810,4807.5,2.7571e-05,0.000137855,2
4810,4815,4812.5,5.5142e-05,0.00027571,4
4820,4825,4822.5,2.7571e-05,0.000137855,2
4825,4830,4827.5,1.37855e-05,6.89275e-05,1
4830,4835,4832.5,2.7571e-05,0.000137855,2
4835,4840,4837.5,1.37855e-05,6.89275e-05,1
4840,4845,4842.5,2.7571e-05,0.000137855,2
4845,4850,4847.5,2.7571e-05,0.000137855,2
4850,4855,4852.5,2.7571e-05,0.000137855,2
4855,4860,4857.5,2.7571e-05,0.000137855,2
4860,4865,4862.5,2.7571e-05,0.000137855,2
4865,4870,4867.5,5.5142e-05,0.00027571,4
4870,4875,4872.5,2.7571e-05,0.000137855,2
4875,4880,4877.5,4.13565e-05,0.000206782,3
4880,4885,4882.5,6.89275e-05,0.000344637,5
4885,4890,4887.5,4.13565e-05,0.000206782,3
4890,4895,4892.5,5.5142e-05,0.00027571,4
4895,4900,4897.5,1.37855e-05,6.89275e-05,1
4900,4905,4902.5,2.7571e-05,0.000137855,2
4905,4910,4907.5,6.89275e-05,0.000344637,5
4915,4920,4917.5,5.5142e-05,0.00027571,4
4925,4930,4927.5,4.13565e-05,0.000206782,3
4935,4940,4937.5,5.5142e-05,0.00027571,4
4940,4945,4942.5,2.7571e-05,0.000137855,2
4945,4950,4947.5,1.37855e-05,6.89275e-05,1
4950,4955,4952.5,2.7571e-05,0.000137855,2
4955,4960,4957.5,2.7571e-05,0.000137855,2
4965,4970,4967.5,2.7571e-05,0.000137855,2
4970,4975,4972.5,2.7571e-05,0.000137855,2
4975,4980,4977.5,4.13565e-05,0.000206782,3
4980,4985,4982.5,4.13565e-05,0.000206782,3
4985,4990,4987.5,8.2713e-05,0.000413565,6
4990,4995,4992.5,4.13565e-05,0.000206782,3
4995,5000,4997.5,4.13565e-05,0.000206782,3
5000,5005,5002.5,6.89275e-05,0.000344637,5
5005,5010,5007.5,2.7571e-05,0.000137855,2
5010,5015,5012.5,1.37855e-05,6.89275e-05,1
5015,5020,5017.5,4.13565e-05,0.000206782,3
5020,5025,5022.5,6.89275e-05,0.000344637,5
5025,5030,5027.5,2.7571e-05,0.000137855,2
5030,5035,5032.5,1.37855e-05,6.89275e-05,1
5035,5040,5037.5,6.89275e-05,0.000344637,5
5040,5045,5042.5,5.5142e-05,0.00027571,4
5045,5050,5047.5,2.7571e-05,0.000137855,2
5050,5055,5052.5,4.13565e-05,0.000206782,3
5060,5065,5062.5,1.37855e-05,6.89275e-05,1
5065,5070,5067.5,4.13565e-05,0.000206782,3
5070,5075,5072.5,4.13565e-05,0.000206782,3
5075,5080,5077.5,2.7571e-05,0.000137855,2
5080,5085,5082.5,2.7571e-05,0.000137855,2
5085,5090,5087.5,1.37855e-05,6.89275e-05,1
5090,5095,5092.5,1.37855e-05,6.89275e-05,1
5100,5105,5102.5,1.37855e-05,6.89275e-05,1
5105,5110,5107.5,2.7571e-05,0.000137855,2
5115,5120,5117.5,2.7571e-05,0.000137855,2
5120,5125,5122.5,2.7571e-05,0.000137855,2
5130,5135,5132.5,4.13565e-05,0.000206782,3
5135,5140,5137.5,2.7571e-05,0.000137855,2
5140,5145,5142.5,8.2713e-05,0.000413565,6
5145,5150,5147.5,1.37855e-05,6.89275e-05,1
5150,5155,5152.5,1.37855e-05,6.89275e-05,1
5155,5160,5157.5,5.5142e-05,0.00027571,4
5160,5165,5162.5,5.5142e-05,0.00027571,4
5165,5170,5167.5,2.7571e-05,0.000137855,2
5170,5175,5172.5,5.5142e-05,0.00027571,4
5185,5190,5187.5,1.37855e-05,6.89275e-05,1
5190,5195,5192.5,5.5142e-05,0.00027571,4
5195,5200,5197.5,1.37855e-05,6.89275e-05,1
5200,5205,5202.5,2.7571e-05,0.000137855,2
5205,5210,5207.5,1.37855e-05,6.89275e-05,1
5210,5215,5212.5,2.7571e-05,0.000137855,2
5215,5220,5217.5,6.89275e-05,0.000344637,5
5225,5230,5227.5,4.13565e-05,0.000206782,3
5230,5235,5232.5,1.37855e-05,6.89275e-05,1
5235,5240,5237.5,2.7571e-05,0.000137855,2
5240,5245,5242.5,1.37855e-05,6.89275e-05,1
5245,5250,5247.5,1.37855e-05,6.89275e-05,1
5250,5255,5252.5,1.37855e-05,6.89275e-05,1
5255,5260,5257.5,5.5142e-05,0.00027571,4
5260,5265,5262.5,4.13565e-05,0.000206782,3
5270,5275,5272.5,2.7571e-05,0.000137855,2
5275,5280,5277.5,1.37855e-05,6.89275e-05,1
5280,5285,5282.5,1.37855e-05,6.89275e-05,1
5285,5290,5287.5,1.37855e-05,6.89275e-05,1
5290,5295,5292.5,6.89275e-05,0.000344637,5
5295,5300,5297.5,5.5142e-05,0.00027571,4
5300,5305,5302.5,2.7571e-05,0.000137855,2
5305,5310,5307.5,4.13565e-05,0.000206782,3
5310,5315,5312.5,4.13565e-05,0.000206782,3
5320,5325,5322.5,1.37855e-05,6.89275e-05,1
5325,5330,5327.5,2.7571e-05,0.000137855,2
5330,5335,5332.5,2.7571e-05,0.000137855,2
5335,5340,5337.5,2.7571e-05,0.000137855,2
5340,5345,5342.5,4.13565e-05,0.000206782,3
5345,5350,5347.5,1.37855e-05,6.89275e-05,1
5350,5355,5352.5,4.13565e-05,0.000206782,3
5355,5360,5357.5,2.7571e-05,0.000137855,2
5370,5375,5372.5,4.13565e-05,0.000206782,3
5375,5380,5377.5,1.37855e-05,6.89275e-05,1
5380,5385,5382.5,4.13565e-05,0.000206782,3
5385,5390,5387.5,0.000110284,0.00055142,8
5390,5395,5392.5,1.37855e-05,6.89275e-05,1
5395,5400,5397.5,5.5142e-05,0.00027571,4
5400,5405,5402.5,1.37855e-05,6.89275e-05,1
5405,5410,5407.5,2.7571e-05,0.000137855,2
5415,5420,5417.5,1.37855e-05,6.89275e-05,1
5420,5425,5422.5,2.7571e-05,0.000137855,2
5425,5430,5427.5,4.13565e-05,0.000206782,3
5430,5435,5432.5,4.13565e-05,0.000206782,3
5440,5445,5442.5,1.37855e-05,6.89275e-05,1
5455,5460,5457.5,4.13565e-05,0.000206782,3
5460,5465,5462.5,1.37855e-05,6.89275e-05,1
5465,5470,5467.5,1.37855e-05,6.89275e-05,1
5470,5475,5472.5,2.7571e-05,0.000137855,2
5475,5480,5477.5,4.13565e-05,0.000206782,3
5480,5485,5482.5,1.37855e-05,6.89275e-05,1
5485,5490,5487.5,2.7571e-05,0.000137855,2
5490,5495,5492.5,4.13565e-05,0.000206782,3
5495,5500,5497.5,1.37855e-05,6.89275e-05,1
5500,5505,5502.5,1.37855e-05,6.89275e-05,1
5505,5510,5507.5,1.37855e-05,6.89275e-05,1
5510,5515,5512.5,2.7571e-05,0.000137855,2
5515,5520,5517.5,2.7571e-05,0.000137855,2
5520,5525,5522.5,1.37855e-05,6.89275e-05,1
5525,5530,5527.5,2.7571e-05,0.000137855,2
5535,5540,5537.5,2.7571e-05,0.000137855,2
5540,5545,5542.5,2.7571e-05,0.000137855,2
5545,5550,5547.5,5.5142e-05,0.00027571,4
5550,5555,5552.5,1.37855e-05,6.89275e-05,1
5555,5560,5557.5,6.89275e-05,0.000344637,5
5560,5565,5562.5,2.7571e-05,0.000137855,2
5565,5570,5567.5,2.7571e-05,0.000137855,2
5570,5575,5572.5,4.13565e-05,0.000206782,3
5575,5580,5577.5,4.13565e-05,0.000206782,3
5580,5585,5582.5,1.37855e-05,6.89275e-05,1
5585,5590,5587.5,4.13565e-05,0.000206782,3
5590,5595,5592.5,2.7571e-05,0.000137855,2
5595,5600,5597.5,6.89275e-05,0.000344637,5
5600,5605,5602.5,1.37855e-05,6.89275e-05,1
5605,5610,5607.5,4.13565e-05,0.000206782,3
5610,5615,5612.5,1.37855e-05,6.89275e-05,1
5620,5625,5622.5,2.7571e-05,0.000137855,2
5625,5630,5627.5,1.37855e-05,6.89275e-05,1
5630,5635,5632.5,4.13565e-05,0.000206782,3
5640,5645,5642.5,2.7571e-05,0.000137855,2
5645,5650,5647.5,1.37855e-05,6.89275e-05,1
5650,5655,5652.5,1.37855e-05,6.89275e-05,1
5655,5660,5657.5,4.13565e-05,0.000206782,3
5660,5665,5662.5,1.37855e-05,6.89275e-05,1
5665,5670,5667.5,4.13565e-05,0.000206782,3
5670,5675,5672.5,2.7571e-05,0.000137855,2
5675,5680,5677.5,2.7571e-05,0.000137855,2
5680,5685,5682.5,2.7571e-05,0.000137855,2
5685,5690,5687.5,4.13565e-05,0.000206782,3
5690,5695,5692.5,2.7571e-05,0.000137855,2
5700,5705,5702.5,1.37855e-05,6.89275e-05,1
5705,5710,5707.5,1.37855e-05,6.89275e-05,1
5710,5715,5712.5,1.37855e-05,6.89275e-05,1
5715,5720,5717.5,1.37855e-05,6.89275e-05,1
5720,5725,5722.5,5.5142e-05,0.00027571,4
5730,5735,5732.5,2.7571e-05,0.000137855,2
5735,5740,5737.5,2.7571e-05,0.000137855,2
5740,5745,5742.5,5.5142e-05,0.00027571,4
5750,5755,5752.5,1.37855e-05,6.89275e-05,1
5755,5760,5757.5,5.5142e-05,0.00027571,4
5760,5765,5762.5,2.7571e-05,0.000137855,2
5765,5770,5767.5,4.13565e-05,0.000206782,3
5770,5775,5772.5,1.37855e-05,6.89275e-05,1
5775,5780,5777.5,5.5142e-05,0.00027571,4
5780,5785,5782.5,1.37855e-05,6.89275e-05,1
5790,5795,5792.5,1.37855e-05,6.89275e-05,1
5795,5800,5797.5,4.13565e-05,0.000206782,3
5800,5805,5802.5,1.37855e-05,6.89275e-05,1
5805,5810,5807.5,1.37855e-05,6.89275e-05,1
5815,5820,5817.5,4.13565e-05,0.000206782,3
5820,5825,5822.5,2.7571e-05,0.000137855,2
5825,5830,5827.5,1.37855e-05,6.89275e-05,1
5830,5835,5832.5,1.37855e-05,6.89275e-05,1
5835,5840,5837.5,4.13565e-05,0.000206782,3
5840,5845,5842.5,2.7571e-05,0.000137855,2
5845,5850,5847.5,1.37855e-05,6.89275e-05,1
5855,5860,5857.5,5.5142e-05,0.00027571,4
5860,5865,5862.5,2.7571e-05,0.000137855,2
5865,5870,5867.5,5.5142e-05,0.00027571,4
5870,5875,5872.5,2.7571e-05,0.000137855,2
5875,5880,5877.5,5.5142e-05,0.00027571,4
5880,5885,5882.5,1.37855e-05,6.89275e-05,1
5885,5890,5887.5,1.37855e-05,6.89275e-05,1
5890,5895,5892.5,2.7571e-05,0.000137855,2
5895,5900,5897.5,2.7571e-05,0.000137855,2
5900,5905,5902.5,2.7571e-05,0.000137855,2
5905,5910,5907.5,1.37855e-05,6.89275e-05,1
5910,5915,5912.5,1.37855e-05,6.89275e-05,1
5915,5920,5917.5,1.37855e-05,6.89275e-05,1
5920,5925,5922.5,2.7571e-05,0.000137855,2
5925,5930,5927.5,6.89275e-05,0.000344637,5
5930,5935,5932.5,4.13565e-05,0.000206782,3
5935,5940,5937.5,4.13565e-05,0.000206782,3
5940,5945,5942.5,1.37855e-05,6.89275e-05,1
5945,5950,5947.5,8.2713e-05,0.000413565,6
5950,5955,5952.5,2.7571e-05,0.000137855,2
5965,5970,5967.5,1.37855e-05,6.89275e-05,1
5980,5985,5982.5,4.13565e-05,0.000206782,3
5985,5990,5987.5,1.37855e-05,6.89275e-05,1
6005,6010,6007.5,2.7571e-05,0.000137855,2
6010,6015,6012.5,5.5142e-05,0.00027571,4
6015,6020,6017.5,1.37855e-05,6.89275e-05,1
6020,6025,6022.5,2.7571e-05,0.000137855,2
6025,6030,6027.5,4.13565e-05,0.000206782,3
6030,6035,6032.5,1.37855e-05,6.89275e-05,1
6035,6040,6037.5,5.5142e-05,0.00027571,4
6040,6045,6042.5,1.37855e-05,6.89275e-05,1
6045,6050,6047.5,1.37855e-05,6.89275e-05,1
6050,6055,6052.5,4.13565e-05,0.000206782,3
6055,6060,6057.5,2.7571e-05,0.000137855,2
6060,6065,6062.5,2.7571e-05,0.000137855,2
6065,6070,6067.5,6.89275e-05,0.000344637,5
6070,6075,6072.5,1.37855e-05,6.89275e-05,1
6075,6080,6077.5,2.7571e-05,0.000137855,2
6080,6085,6082.5,1.37855e-05,6.89275e-05,1
6090,6095,6092.5,2.7571e-05,0.000137855,2
6095,6100,6097.5,1.37855e-05,6.89275e-05,1
6100,6105,6102.5,1.37855e-05,6.89275e-05,1
6110,6115,6112.5,1.37855e-05,6.89275e-05,1
6125,6130,6127.5,4.13565e-05,0.000206782,3
6135,6140,6137.5,2.7571e-05,0.000137855,2
6140,6145,6142.5,5.5142e-05,0.00027571,4
6145,6150,6147.5,1.37855e-05,6.89275e-05,1
6150,6155,6152.5,5.5142e-05,0.00027571,4
6155,6160,6157.5,5.5142e-05,0.00027571,4
6160,6165,6162.5,2.7571e-05,0.000137855,2
6165,6170,6167.5,2.7571e-05,0.000137855,2
6170,6175,6172.5,2.7571e-05,0.000137855,2
6180,6185,6182.5,2.7571e-05,0.000137855,2
6185,6190,6187.5,2.7571e-05,0.000137855,2
6190,6195,6192.5,2.7571e-05,0.000137855,2
6195,6200,6197.5,2.7571e-05,0.000137855,2
6200,6205,6202.5,2.7571e-05,0.000137855,2
6205,6210,6207.5,6.89275e-05,0.000344637,5
6210,6215,6212.5,1.37855e-05,6.89275e-05,1
6215,6220,6217.5,1.37855e-05,6.89275e-05,1
6220,6225,6222.5,4.13565e-05,0.000206782,3
6225,6230,6227.5,4.13565e-05,0.000206782,3
6230,6235,6232.5,4.13565e-05,0.000206782,3
6235,6240,6237.5,2.7571e-05,0.000137855,2
6245,6250,6247.5,1.37855e-05,6.89275e-05,1
6250,6255,6252.5,2.7571e-05,0.000137855,2
6255,6260,6257.5,4.13565e-05,0.000206782,3
6260,6265,6262.5,1.37855e-05,6.89275e-05,1
6265,6270,6267.5,1.37855e-05,6.89275e-05,1
6270,6275,6272.5,1.37855e-05,6.89275e-05,1
6275,6280,6277.5,5.5142e-05,0.00027571,4
6280,6285,6282.5,1.37855e-05,6.89275e-05,1
6285,6290,6287.5,2.7571e-05,0.000137855,2
6290,6295,6292.5,1.37855e-05,6.89275e-05,1
6295,6300,6297.5,1.37855e-05,6.89275e-05,1
6300,6305,6302.5,1.37855e-05,6.89275e-05,1
6305,6310,6307.5,1.37855e-05,6.89275e-05,1
6310,6315,6312.5,2.7571e-05,0.000137855,2
6315,6320,6317.5,2.7571e-05,0.000137855,2
6320,6325,6322.5,1.37855e-05,6.89275e-05,1
6325,6330,6327.5,2.7571e-05,0.000137855,2
6330,6335,6332.5,1.37855e-05,6.89275e-05,1
6335,6340,6337.5,1.37855e-05,6.89275e-05,1
6345,6350,6347.5,2.7571e-05,0.000137855,2
6350,6355,6352.5,2.7571e-05,0.000137855,2
6355,6360,6357.5,5.5142e-05,0.00027571,4
6360,6365,6362.5,1.37855e-05,6.89275e-05,1
6365,6370,6367.5,4.13565e-05,0.000206782,3
6375,6380,6377.5,1.37855e-05,6.89275e-05,1
6380,6385,6382.5,2.7571e-05,0.000137855,2
6385,6390,6387.5,8.2713e-05,0.000413565,6
6390,6395,6392.5,2.7571e-05,0.000137855,2
6395,6400,6397.5,2.7571e-05,0.000137855,2
6400,6405,6402.5,1.37855e-05,6.89275e-05,1
6405,6410,6407.5,2.7571e-05,0.000137855,2
6410,6415,6412.5,4.13565e-05,0.000206782,3
6420,6425,6422.5,4.13565e-05,0.000206782,3
6425,6430,6427.5,2.7571e-05,0.000137855,2
6430,6435,6432.5,2.7571e-05,0.000137855,2
6435,6440,6437.5,1.37855e-05,6.89275e-05,1
6440,6445,6442.5,1.37855e-05,6.89275e-05,1
6450,6455,6452.5,2.7571e-05,0.000137855,2
6455,6460,6457.5,2.7571e-05,0.000137855,2
6465,6470,6467.5,1.37855e-05,6.89275e-05,1
6475,6480,6477.5,4.13565e-05,0.000206782,3
6485,6490,6487.5,1.37855e-05,6.89275e-05,1
6495,6500,6497.5,2.7571e-05,0.000137855,2
6500,6505,6502.5,4.13565e-05,0.000206782,3
6510,6515,6512.5,1.37855e-05,6.89275e-05,1
6515,6520,6517.5,1.37855e-05,6.89275e-05,1
6520,6525,6522.5,2.7571e-05,0.000137855,2
6525,6530,6527.5,1.37855e-05,6.89275e-05,1
6530,6535,6532.5,1.37855e-05,6.89275e-05,1
6545,6550,6547.5,1.37855e-05,6.89275e-05,1
6550,6555,6552.5,4.13565e-05,0.000206782,3
6560,6565,6562.5,2.7571e-05,0.000137855,2
6570,6575,6572.5,4.13565e-05,0.000206782,3
6580,6585,6582.5,1.37855e-05,6.89275e-05,1
6585,6590,6587.5,1.37855e-05,6.89275e-05,1
6590,6595,6592.5,1.37855e-05,6.89275e-05,1
6595,6600,6597.5,2.7571e-05,0.000137855,2
6600,6605,6602.5,2.7571e-05,0.000137855,2
6610,6615,6612.5,1.37855e-05,6.89275e-05,1
6615,6620,6617.5,2.7571e-05,0.000137855,2
6620,6625,6622.5,4.13565e-05,0.000206782,3
6625,6630,6627.5,4.13565e-05,0.000206782,3
6635,6640,6637.5,5.5142e-05,0.00027571,4
6640,6645,6642.5,1.37855e-05,6.89275e-05,1
6645,6650,6647.5,1.37855e-05,6.89275e-05,1
6650,6655,6652.5,2.7571e-05,0.000137855,2
6655,6660,6657.5,2.7571e-05,0.000137855,2
6660,6665,6662.5,2.7571e-05,0.000137855,2
6670,6675,6672.5,1.37855e-05,6.89275e-05,1
6675,6680,6677.5,4.13565e-05,0.000206782,3
6680,6685,6682.5,2.7571e-05,0.000137855,2
6685,6690,6687.5,4.13565e-05,0.000206782,3
6695,6700,6697.5,1.37855e-05,6.89275e-05,1
6700,6705,6702.5,2.7571e-05,0.000137855,2
6705,6710,6707.5,1.37855e-05,6.89275e-05,1
6710,6715,6712.5,4.13565e-05,0.000206782,3
6715,6720,6717.5,1.37855e-05,6.89275e-05,1
6720,6725,6722.5,2.7571e-05,0.000137855,2
6725,6730,6727.5,1.37855e-05,6.89275e-05,1
6735,6740,6737.5,1.37855e-05,6.89275e-05,1
6740,6745,6742.5,2.7571e-05,0.000137855,2
6745,6750,6747.5,2.7571e-05,0.000137855,2
6750,6755,6752.5,1.37855e-05,6.89275e-05,1
6755,6760,6757.5,2.7571e-05,0.000137855,2
6760,6765,6762.5,1.37855e-05,6.89275e-05,1
6770,6775,6772.5,4.13565e-05,0.000206782,3
6775,6780,6777.5,5.5142e-05,0.00027571,4
6780,6785,6782.5,4.13565e-05,0.000206782,3
6790,6795,6792.5,1.37855e-05,6.89275e-05,1
6795,6800,6797.5,1.37855e-05,6.89275e-05,1
6800,6805,6802.5,1.37855e-05,6.89275e-05,1
6805,6810,6807.5,1.37855e-05,6.89275e-05,1
6810,6815,6812.5,1.37855e-05,6.89275e-05,1
6815,6820,6817.5,1.37855e-05,6.89275e-05,1
6820,6825,6822.5,2.7571e-05,0.000137855,2
6825,6830,6827.5,1.37855e-05,6.89275e-05,1
6830,6835,6832.5,1.37855e-05,6.89275e-05,1
6835,6840,6837.5,4.13565e-05,0.000206782,3
6840,6845,6842.5,1.37855e-05,6.89275e-05,1
6845,6850,6847.5,2.7571e-05,0.000137855,2
6850,6855,6852.5,2.7571e-05,0.000137855,2
6855,6860,6857.5,1.37855e-05,6.89275e-05,1
6860,6865,6862.5,2.7571e-05,0.000137855,2
6865,6870,6867.5,2.7571e-05,0.000137855,2
6875,6880,6877.5,1.37855e-05,6.89275e-05,1
6885,6890,6887.5,4.13565e-05,0.000206782,3
6890,6895,6892.5,1.37855e-05,6.89275e-05,1
6895,6900,6897.5,1.37855e-05,6.89275e-05,1
6900,6905,6902.5,4.13565e-05,0.000206782,3
6910,6915,6912.5,1.37855e-05,6.89275e-05,1
6920,6925,6922.5,4.13565e-05,0.000206782,3
6925,6930,6927.5,4.13565e-05,0.000206782,3
6930,6935,6932.5,2.7571e-05,0.000137855,2
6935,6940,6937.5,1.37855e-05,6.89275e-05,1
6940,6945,6942.5,1.37855e-05,6.89275e-05,1
6945,6950,6947.5,4.13565e-05,0.000206782,3
6950,6955,6952.5,4.13565e-05,0.000206782,3
6955,6960,6957.5,2.7571e-05,0.000137855,2
6960,6965,6962.5,2.7571e-05,0.000137855,2
6970,6975,6972.5,1.37855e-05,6.89275e-05,1
6975,6980,6977.5,5.5142e-05,0.00027571,4
6980,6985,6982.5,1.37855e-05,6.89275e-05,1
6985,6990,6987.5,2.7571e-05,0.000137855,2
6990,6995,6992.5,1.37855e-05,6.89275e-05,1
6995,7000,6997.5,1.37855e-05,6.89275e-05,1
7000,7005,7002.5,5.5142e-05,0.00027571,4
7005,7010,7007.5,1.37855e-05,6.89275e-05,1
7010,7015,7012.5,2.7571e-05,0.000137855,2
7015,7020,7017.5,1.37855e-05,6.89275e-05,1
7020,7025,7022.5,1.37855e-05,6.89275e-05,1
7030,7035,7032.5,4.13565e-05,0.000206782,3
7035,7040,7037.5,2.7571e-05,0.000137855,2
7040,7045,7042.5,1.37855e-05,6.89275e-05,1
7045,7050,7047.5,5.5142e-05,0.00027571,4
7050,7055,7052.5,2.7571e-05,0.000137855,2
7055,7060,7057.5,1.37855e-05,6.89275e-05,1
7075,7080,7077.5,2.7571e-05,0.000137855,2
7080,7085,7082.5,1.37855e-05,6.89275e-05,1
7085,7090,7087.5,4.13565e-05,0.000206782,3
7090,7095,7092.5,4.13565e-05,0.000206782,3
7095,7100,7097.5,1.37855e-05,6.89275e-05,1
7100,7105,7102.5,1.37855e-05,6.89275e-05,1
7105,7110,7107.5,2.7571e-05,0.000137855,2
7120,7125,7122.5,9.64985e-05,0.000482492,7
7125,7130,7127.5,1.37855e-05,6.89275e-05,1
7130,7135,7132.5,4.13565e-05,0.000206782,3
7135,7140,7137.5,1.37855e-05,6.89275e-05,1
7145,7150,7147.5,2.7571e-05,0.000137855,2
7150,7155,7152.5,2.7571e-05,0.000137855,2
7160,7165,7162.5,1.37855e-05,6.89275e-05,1
7165,7170,7167.5,1.37855e-05,6.89275e-05,1
7170,7175,7172.5,1.37855e-05,6.89275e-05,1
7175,7180,7177.5,1.37855e-05,6.89275e-05,1
7185,7190,7187.5,2.7571e-05,0.000137855,2
7190,7195,7192.5,1.37855e-05,6.89275e-05,1
7195,7200,7197.5,2.7571e-05,0.000137855,2
7200,7205,7202.5,6.89275e-05,0.000344637,5
7210,7215,7212.5,4.13565e-05,0.000206782,3
7215,7220,7217.5,2.7571e-05,0.000137855,2
7220,7225,7222.5,5.5142e-05,0.00027571,4
7225,7230,7227.5,2.7571e-05,0.000137855,2
7230,7235,7232.5,2.7571e-05,0.000137855,2
7235,7240,7237.5,4.13565e-05,0.000206782,3
7240,7245,7242.5,1.37855e-05,6.89275e-05,1
7250,7255,7252.5,4.13565e-05,0.000206782,3
7255,7260,7257.5,2.7571e-05,0.000137855,2
7260,7265,7262.5,1.37855e-05,6.89275e-05,1
7265,7270,7267.5,1.37855e-05,6.89275e-05,1
7270,7275,7272.5,1.37855e-05,6.89275e-05,1
7280,7285,7282.5,2.7571e-05,0.000137855,2
7285,7290,7287.5,6.89275e-05,0.000344637,5
7290,7295,7292.5,1.37855e-05,6.89275e-05,1
7295,7300,7297.5,1.37855e-05,6.89275e-05,1
7300,7305,7302.5,2.7571e-05,0.000137855,2
7305,7310,7307.5,1.37855e-05,6.89275e-05,1
7310,7315,7312.5,2.7571e-05,0.000137855,2
7325,7330,7327.5,1.37855e-05,6.89275e-05,1
7330,7335,7332.5,1.37855e-05,6.89275e-05,1
7335,7340,7337.5,2.7571e-05,0.000137855,2
7340,7345,7342.5,1.37855e-05,6.89275e-05,1
7345,7350,7347.5,2.7571e-05,0.000137855,2
7350,7355,7352.5,1.37855e-05,6.89275e-05,1
7360,7365,7362.5,1.37855e-05,6.89275e-05,1
7365,7370,7367.5,1.37855e-05,6.89275e-05,1
7385,7390,7387.5,2.7571e-05,0.000137855,2
7390,7395,7392.5,1.37855e-05,6.89275e-05,1
7395,7400,7397.5,1.37855e-05,6.89275e-05,1
7400,7405,7402.5,1.37855e-05,6.89275e-05,1
7405,7410,7407.5,1.37855e-05,6.89275e-05,1
7410,7415,7412.5,1.37855e-05,6.89275e-05,1
7415,7420,7417.5,2.7571e-05,0.000137855,2
7420,7425,7422.5,2.7571e-05,0.000137855,2
7440,7445,7442.5,2.7571e-05,0.000137855,2
7445,7450,7447.5,2.7571e-05,0.000137855,2
7460,7465,7462.5,1.37855e-05,6.89275e-05,1
7465,7470,7467.5,2.7571e-05,0.000137855,2
7470,7475,7472.5,2.7571e-05,0.000137855,2
7475,7480,7477.5,4.13565e-05,0.000206782,3
7495,7500,7497.5,1.37855e-05,6.89275e-05,1
7500,7505,7502.5,1.37855e-05,6.89275e-05,1
7505,7510,7507.5,5.5142e-05,0.00027571,4
7510,7515,7512.5,1.37855e-05,6.89275e-05,1
7520,7525,7522.5,2.7571e-05,0.000137855,2
7525,7530,7527.5,1.37855e-05,6.89275e-05,1
7530,7535,7532.5,2.7571e-05,0.000137855,2
7535,7540,7537.5,1.37855e-05,6.89275e-05,1
7550,7555,7552.5,2.7571e-05,0.000137855,2
7555,7560,7557.5,1.37855e-05,6.89275e-05,1
7565,7570,7567.5,1.37855e-05,6.89275e-05,1
7570,7575,7572.5,2.7571e-05,0.000137855,2
7575,7580,7577.5,1.37855e-05,6.89275e-05,1
7580,7585,7582.5,1.37855e-05,6.89275e-05,1
7610,7615,7612.5,2.7571e-05,0.000137855,2
7620,7625,7622.5,2.7571e-05,0.000137855,2
7630,7635,7632.5,2.7571e-05,0.000137855,2
7635,7640,7637.5,1.37855e-05,6.89275e-05,1
7645,7650,7647.5,1.37855e-05,6.89275e-05,1
7650,7655,7652.5,2.7571e-05,0.000137855,2
7665,7670,7667.5,5.5142e-05,0.00027571,4
7670,7675,7672.5,1.37855e-05,6.89275e-05,1
7675,7680,7677.5,1.37855e-05,6.89275e-05,1
7680,7685,7682.5,5.5142e-05,0.00027571,4
7685,7690,7687.5,4.13565e-05,0.000206782,3
7695,7700,7697.5,1.37855e-05,6.89275e-05,1
7730,7735,7732.5,1.37855e-05,6.89275e-05,1
7735,7740,7737.5,1.37855e-05,6.89275e-05,1
7745,7750,7747.5,2.7571e-05,0.000137855,2
7750,7755,7752.5,1.37855e-05,6.89275e-05,1
7755,7760,7757.5,2.7571e-05,0.000137855,2
7775,7780,7777.5,1.37855e-05,6.89275e-05,1
7780,7785,7782.5,2.7571e-05,0.000137855,2
7795,7800,7797.5,1.37855e-05,6.89275e-05,1
7800,7805,7802.5,5.5142e-05,0.00027571,4
7805,7810,7807.5,1.37855e-05,6.89275e-05,1
7820,7825,7822.5,5.5142e-05,0.00027571,4
7825,7830,7827.5,1.37855e-05,6.89275e-05,1
7830,7835,7832.5,2.7571e-05,0.000137855,2
7840,7845,7842.5,2.7571e-05,0.000137855,2
7845,7850,7847.5,4.13565e-05,0.000206782,3
7850,7855,7852.5,2.7571e-05,0.000137855,2
7860,7865,7862.5,1.37855e-05,6.89275e-05,1
7865,7870,7867.5,1.37855e-05,6.89275e-05,1
7875,7880,7877.5,1.37855e-05,6.89275e-05,1
7880,7885,7882.5,1.37855e-05,6.89275e-05,1
7895,7900,7897.5,2.7571e-05,0.000137855,2
7910,7915,7912.5,2.7571e-05,0.000137855,2
7915,7920,7917.5,1.37855e-05,6.89275e-05,1
7920,7925,7922.5,1.37855e-05,6.89275e-05,1
7925,7930,7927.5,5.5142e-05,0.00027571,4
7930,7935,7932.5,2.7571e-05,0.000137855,2
7935,7940,7937.5,4.13565e-05,0.000206782,3
7940,7945,7942.5,4.13565e-05,0.000206782,3
7945,7950,7947.5,1.37855e-05,6.89275e-05,1
7950,7955,7952.5,4.13565e-05,0.000206782,3
7960,7965,7962.5,1.37855e-05,6.89275e-05,1
7965,7970,7967.5,5.5142e-05,0.00027571,4
7980,7985,7982.5,1.37855e-05,6.89275e-05,1
7985,7990,7987.5,2.7571e-05,0.000137855,2
7990,7995,7992.5,6.89275e-05,0.000344637,5
7995,8000,7997.5,2.7571e-05,0.000137855,2
8000,8005,8002.5,2.7571e-05,0.000137855,2
8005,8010,8007.5,5.5142e-05,0.00027571,4
8010,8015,8012.5,1.37855e-05,6.89275e-05,1
8015,8020,8017.5,2.7571e-05,0.000137855,2
8025,8030,8027.5,2.7571e-05,0.000137855,2
8030,8035,8032.5,4.13565e-05,0.000206782,3
8035,8040,8037.5,1.37855e-05,6.89275e-05,1
8040,8045,8042.5,1.37855e-05,6.89275e-05,1
8045,8050,8047.5,2.7571e-05,0.000137855,2
8055,8060,8057.5,4.13565e-05,0.000206782,3
8065,8070,8067.5,1.37855e-05,6.89275e-05,1
8070,8075,8072.5,1.37855e-05,6.89275e-05,1
8075,8080,8077.5,2.7571e-05,0.000137855,2
8080,8085,8082.5,1.37855e-05,6.89275e-05,1
8085,8090,8087.5,6.89275e-05,0.000344637,5
8090,8095,8092.5,1.37855e-05,6.89275e-05,1
8100,8105,8102.5,2.7571e-05,0.000137855,2
8110,8115,8112.5,4.13565e-05,0.000206782,3
8115,8120,8117.5,2.7571e-05,0.000137855,2
8120,8125,8122.5,2.7571e-05,0.000137855,2
8125,8130,8127.5,1.37855e-05,6.89275e-05,1
8135,8140,8137.5,1.37855e-05,6.89275e-05,1
8140,8145,8142.5,2.7571e-05,0.000137855,2
8145,8150,8147.5,1.37855e-05,6.89275e-05,1
8150,8155,8152.5,1.37855e-05,6.89275e-05,1
8160,8165,8162.5,4.13565e-05,0.000206782,3
8165,8170,8167.5,1.37855e-05,6.89275e-05,1
8170,8175,8172.5,2.7571e-05,0.000137855,2
8175,8180,8177.5,2.7571e-05,0.000137855,2
8180,8185,8182.5,1.37855e-05,6.89275e-05,1
8190,8195,8192.5,1.37855e-05,6.89275e-05,1
8195,8200,8197.5,1.37855e-05,6.89275e-05,1
8200,8205,8202.5,2.7571e-05,0.000137855,2
8205,8210,8207.5,4.13565e-05,0.000206782,3
8210,8215,8212.5,4.13565e-05,0.000206782,3
8215,8220,8217.5,4.13565e-05,0.000206782,3
8220,8225,8222.5,2.7571e-05,0.000137855,2
8230,8235,8232.5,2.7571e-05,0.000137855,2
8235,8240,8237.5,1.37855e-05,6.89275e-05,1
8245,8250,8247.5,5.5142e-05,0.00027571,4
8250,8255,8252.5,1.37855e-05,6.89275e-05,1
8255,8260,8257.5,4.13565e-05,0.000206782,3
8260,8265,8262.5,1.37855e-05,6.89275e-05,1
8265,8270,8267.5,2.7571e-05,0.000137855,2
8275,8280,8277.5,1.37855e-05,6.89275e-05,1
8280,8285,8282.5,1.37855e-05,6.89275e-05,1
8285,8290,8287.5,2.7571e-05,0.000137855,2
8290,8295,8292.5,1.37855e-05,6.89275e-05,1
8295,8300,8297.5,2.7571e-05,0.000137855,2
8300,8305,8302.5,5.5142e-05,0.00027571,4
8305,8310,8307.5,1.37855e-05,6.89275e-05,1
8310,8315,8312.5,1.37855e-05,6.89275e-05,1
8315,8320,8317.5,1.37855e-05,6.89275e-05,1
8320,8325,8322.5,1.37855e-05,6.89275e-05,1
8325,8330,8327.5,1.37855e-05,6.89275e-05,1
8330,8335,8332.5,2.7571e-05,0.000137855,2
8335,8340,8337.5,2.7571e-05,0.000137855,2
8340,8345,8342.5,2.7571e-05,0.000137855,2
8345,8350,8347.5,1.37855e-05,6.89275e-05,1
8355,8360,8357.5,1.37855e-05,6.89275e-05,1
8360,8365,8362.5,6.89275e-05,0.000344637,5
8365,8370,8367.5,2.7571e-05,0.000137855,2
8370,8375,8372.5,2.7571e-05,0.000137855,2
8375,8380,8377.5,1.37855e-05,6.89275e-05,1
8380,8385,8382.5,1.37855e-05,6.89275e-05,1
8385,8390,8387.5,2.7571e-05,0.000137855,2
8390,8395,8392.5,1.37855e-05,6.89275e-05,1
8395,8400,8397.5,2.7571e-05,0.000137855,2
8400,8405,8402.5,1.37855e-05,6.89275e-05,1
8405,8410,8407.5,2.7571e-05,0.000137855,2
8410,8415,8412.5,1.37855e-05,6.89275e-05,1
8415,8420,8417.5,2.7571e-05,0.000137855,2
8420,8425,8422.5,2.7571e-05,0.000137855,2
8425,8430,8427.5,1.37855e-05,6.89275e-05,1
8430,8435,8432.5,1.37855e-05,6.89275e-05,1
8435,8440,8437.5,1.37855e-05,6.89275e-05,1
8445,8450,8447.5,1.37855e-05,6.89275e-05,1
8450,8455,8452.5,1.37855e-05,6.89275e-05,1
8460,8465,8462.5,5.5142e-05,0.00027571,4
8475,8480,8477.5,2.7571e-05,0.000137855,2
8495,8500,8497.5,1.37855e-05,6.89275e-05,1
8500,8505,8502.5,1.37855e-05,6.89275e-05,1
8505,8510,8507.5,2.7571e-05,0.000137855,2
8510,8515,8512.5,2.7571e-05,0.000137855,2
8520,8525,8522.5,1.37855e-05,6.89275e-05,1
8525,8530,8527.5,2.7571e-05,0.000137855,2
8530,8535,8532.5,2.7571e-05,0.000137855,2
8535,8540,8537.5,1.37855e-05,6.89275e-05,1
8540,8545,8542.5,2.7571e-05,0.000137855,2
8545,8550,8547.5,2.7571e-05,0.000137855,2
8550,8555,8552.5,1.37855e-05,6.89275e-05,1
8555,8560,8557.5,1.37855e-05,6.89275e-05,1
8560,8565,8562.5,4.13565e-05,0.000206782,3
8565,8570,8567.5,2.7571e-05,0.000137855,2
8570,8575,8572.5,2.7571e-05,0.000137855,2
8575,8580,8577.5,1.37855e-05,6.89275e-05,1
8580,8585,8582.5,2.7571e-05,0.000137855,2
8585,8590,8587.5,1.37855e-05,6.89275e-05,1
8595,8600,8597.5,1.37855e-05,6.89275e-05,1
8600,8605,8602.5,2.7571e-05,0.000137855,2
8605,8610,8607.5,4.13565e-05,0.000206782,3
8620,8625,8622.5,2.7571e-05,0.000137855,2
8630,8635,8632.5,2.7571e-05,0.000137855,2
8635,8640,8637.5,2.7571e-05,0.000137855,2
8640,8645,8642.5,5.5142e-05,0.00027571,4
8645,8650,8647.5,1.37855e-05,6.89275e-05,1
8655,8660,8657.5,2.7571e-05,0.000137855,2
8660,8665,8662.5,2.7571e-05,0.000137855,2
8670,8675,8672.5,2.7571e-05,0.000137855,2
8690,8695,8692.5,1.37855e-05,6.89275e-05,1
8695,8700,8697.5,1.37855e-05,6.89275e-05,1
8710,8715,8712.5,1.37855e-05,6.89275e-05,1
8715,8720,8717.5,2.7571e-05,0.000137855,2
8735,8740,8737.5,2.7571e-05,0.000137855,2
8740,8745,8742.5,2.7571e-05,0.000137855,2
8745,8750,8747.5,2.7571e-05,0.000137855,2
8750,8755,8752.5,1.37855e-05,6.89275e-05,1
8760,8765,8762.5,1.37855e-05,6.89275e-05,1
8765,8770,8767.5,1.37855e-05,6.89275e-05,1
8770,8775,8772.5,1.37855e-05,6.89275e-05,1
8780,8785,8782.5,2.7571e-05,0.000137855,2
8795,8800,8797.5,2.7571e-05,0.000137855,2
8800,8805,8802.5,1.37855e-05,6.89275e-05,1
8805,8810,8807.5,1.37855e-05,6.89275e-05,1
8810,8815,8812.5,1.37855e-05,6.89275e-05,1
8815,8820,8817.5,1.37855e-05,6.89275e-05,1
8820,8825,8822.5,5.5142e-05,0.00027571,4
8825,8830,8827.5,1.37855e-05,6.89275e-05,1
8830,8835,8832.5,1.37855e-05,6.89275e-05,1
8835,8840,8837.5,4.13565e-05,0.000206782,3
8840,8845,8842.5,1.37855e-05,6.89275e-05,1
8845,8850,8847.5,2.7571e-05,0.000137855,2
8850,8855,8852.5,4.13565e-05,0.000206782,3
8855,8860,8857.5,1.37855e-05,6.89275e-05,1
8860,8865,8862.5,2.7571e-05,0.000137855,2
8865,8870,8867.5,1.37855e-05,6.89275e-05,1
8875,8880,8877.5,1.37855e-05,6.89275e-05,1
8880,8885,8882.5,2.7571e-05,0.000137855,2
8885,8890,8887.5,1.37855e-05,6.89275e-05,1
8890,8895,8892.5,1.37855e-05,6.89275e-05,1
8895,8900,8897.5,2.7571e-05,0.000137855,2
8900,8905,8902.5,2.7571e-05,0.000137855,2
8910,8915,8912.5,1.37855e-05,6.89275e-05,1
8925,8930,8927.5,4.13565e-05,0.000206782,3
8935,8940,8937.5,2.7571e-05,0.000137855,2
8945,8950,8947.5,2.7571e-05,0.000137855,2
8950,8955,8952.5,1.37855e-05,6.89275e-05,1
8955,8960,8957.5,2.7571e-05,0.000137855,2
8960,8965,8962.5,1.37855e-05,6.89275e-05,1
8970,8975,8972.5,5.5142e-05,0.00027571,4
8985,8990,8987.5,4.13565e-05,0.000206782,3
8990,8995,8992.5,1.37855e-05,6.89275e-05,1
8995,9000,8997.5,4.13565e-05,0.000206782,3
9000,9005,9002.5,1.37855e-05,6.89275e-05,1
9005,9010,9007.5,2.7571e-05,0.000137855,2
9010,9015,9012.5,2.7571e-05,0.000137855,2
9015,9020,9017.5,1.37855e-05,6.89275e-05,1
9020,9025,9022.5,2.7571e-05,0.000137855,2
9025,9030,9027.5,2.7571e-05,0.000137855,2
9030,9035,9032.5,1.37855e-05,6.89275e-05,1
9035,9040,9037.5,1.37855e-05,6.89275e-05,1
9040,9045,9042.5,2.7571e-05,0.000137855,2
9045,9050,9047.5,1.37855e-05,6.89275e-05,1
9055,9060,9057.5,1.37855e-05,6.89275e-05,1
9060,9065,9062.5,2.7571e-05,0.000137855,2
9065,9070,9067.5,6.89275e-05,0.000344637,5
9070,9075,9072.5,1.37855e-05,6.89275e-05,1
9080,9085,9082.5,1.37855e-05,6.89275e-05,1
9085,9090,9087.5,4.13565e-05,0.000206782,3
9090,9095,9092.5,2.7571e-05,0.000137855,2
9095,9100,9097.5,1.37855e-05,6.89275e-05,1
9100,9105,9102.5,6.89275e-05,0.000344637,5
9105,9110,9107.5,1.37855e-05,6.89275e-05,1
9120,9125,9122.5,1.37855e-05,6.89275e-05,1
9125,9130,9127.5,4.13565e-05,0.000206782,3
9130,9135,9132.5,1.37855e-05,6.89275e-05,1
9135,9140,9137.5,1.37855e-05,6.89275e-05,1
9140,9145,9142.5,1.37855e-05,6.89275e-05,1
9145,9150,9147.5,1.37855e-05,6.89275e-05,1
9155,9160,9157.5,1.37855e-05,6.89275e-05,1
9160,9165,9162.5,2.7571e-05,0.000137855,2
9165,9170,9167.5,2.7571e-05,0.000137855,2
9170,9175,9172.5,1.37855e-05,6.89275e-05,1
9180,9185,9182.5,2.7571e-05,0.000137855,2
9185,9190,9187.5,2.7571e-05,0.000137855,2
9205,9210,9207.5,2.7571e-05,0.000137855,2
9210,9215,9212.5,2.7571e-05,0.000137855,2
9225,9230,9227.5,2.7571e-05,0.000137855,2
9235,9240,9237.5,1.37855e-05,6.89275e-05,1
9255,9260,9257.5,2.7571e-05,0.000137855,2
9260,9265,9262.5,4.13565e-05,0.000206782,3
9265,9270,9267.5,2.7571e-05,0.000137855,2
9270,9275,9272.5,4.13565e-05,0.000206782,3
9275,9280,9277.5,1.37855e-05,6.89275e-05,1
9285,9290,9287.5,1.37855e-05,6.89275e-05,1
9290,9295,9292.5,2.7571e-05,0.000137855,2
9295,9300,9297.5,1.37855e-05,6.89275e-05,1
9300,9305,9302.5,1.37855e-05,6.89275e-05,1
9310,9315,9312.5,4.13565e-05,0.000206782,3
9320,9325,9322.5,1.37855e-05,6.89275e-05,1
9325,9330,9327.5,1.37855e-05,6.89275e-05,1
9335,9340,9337.5,2.7571e-05,0.000137855,2
9340,9345,9342.5,2.7571e-05,0.000137855,2
9355,9360,9357.5,1.37855e-05,6.89275e-05,1
9360,9365,9362.5,2.7571e-05,0.000137855,2
9365,9370,9367.5,2.7571e-05,0.000137855,2
9370,9375,9372.5,1.37855e-05,6.89275e-05,1
9375,9380,9377.5,1.37855e-05,6.89275e-05,1
9380,9385,9382.5,5.5142e-05,0.00027571,4
9385,9390,9387.5,4.13565e-05,0.000206782,3
9390,9395,9392.5,4.13565e-05,0.000206782,3
9395,9400,9397.5,2.7571e-05,0.000137855,2
9400,9405,9402.5,1.37855e-05,6.89275e-05,1
9410,9415,9412.5,2.7571e-05,0.000137855,2
9415,9420,9417.5,1.37855e-05,6.89275e-05,1
9430,9435,9432.5,2.7571e-05,0.000137855,2
9435,9440,9437.5,2.7571e-05,0.000137855,2
9465,9470,9467.5,1.37855e-05,6.89275e-05,1
9470,9475,9472.5,1.37855e-05,6.89275e-05,1
9480,9485,9482.5,2.7571e-05,0.000137855,2
9500,9505,9502.5,1.37855e-05,6.89275e-05,1
9505,9510,9507.5,1.37855e-05,6.89275e-05,1
9515,9520,9517.5,2.7571e-05,0.000137855,2
9520,9525,9522.5,2.7571e-05,0.000137855,2
9525,9530,9527.5,2.7571e-05,0.000137855,2
9530,9535,9532.5,1.37855e-05,6.89275e-05,1
9535,9540,9537.5,1.37855e-05,6.89275e-05,1
9550,9555,9552.5,1.37855e-05,6.89275e-05,1
9555,9560,9557.5,2.7571e-05,0.000137855,2
9560,9565,9562.5,2.7571e-05,0.000137855,2
9575,9580,9577.5,1.37855e-05,6.89275e-05,1
9590,9595,9592.5,2.7571e-05,0.000137855,2
9595,9600,9597.5,2.7571e-05,0.000137855,2
9605,9610,9607.5,1.37855e-05,6.89275e-05,1
9610,9615,9612.5,1.37855e-05,6.89275e-05,1
9615,9620,9617.5,4.13565e-05,0.000206782,3
9620,9625,9622.5,2.7571e-05,0.000137855,2
9630,9635,9632.5,1.37855e-05,6.89275e-05,1
9635,9640,9637.5,4.13565e-05,0.000206782,3
9640,9645,9642.5,1.37855e-05,6.89275e-05,1
9645,9650,9647.5,2.7571e-05,0.000137855,2
9665,9670,9667.5,5.5142e-05,0.00027571,4
9670,9675,9672.5,1.37855e-05,6.89275e-05,1
9680,9685,9682.5,4.13565e-05,0.000206782,3
9690,9695,9692.5,1.37855e-05,6.89275e-05,1
9695,9700,9697.5,1.37855e-05,6.89275e-05,1
9700,9705,9702.5,2.7571e-05,0.000137855,2
9710,9715,9712.5,1.37855e-05,6.89275e-05,1
9715,9720,9717.5,2.7571e-05,0.000137855,2
9720,9725,9722.5,1.37855e-05,6.89275e-05,1
9730,9735,9732.5,1.37855e-05,6.89275e-05,1
9735,9740,9737.5,1.37855e-05,6.89275e-05,1
9740,9745,9742.5,1.37855e-05,6.89275e-05,1
9745,9750,9747.5,4.13565e-05,0.000206782,3
9755,9760,9757.5,2.7571e-05,0.000137855,2
9760,9765,9762.5,1.37855e-05,6.89275e-05,1
9765,9770,9767.5,1.37855e-05,6.89275e-05,1
9770,9775,9772.5,1.37855e-05,6.89275e-05,1
9775,9780,9777.5,1.37855e-05,6.89275e-05,1
9780,9785,9782.5,1.37855e-05,6.89275e-05,1
9785,9790,9787.5,1.37855e-05,6.89275e-05,1
9790,9795,9792.5,1.37855e-05,6.89275e-05,1
9805,9810,9807.5,1.37855e-05,6.89275e-05,1
9815,9820,9817.5,5.5142e-05,0.00027571,4
9825,9830,9827.5,1.37855e-05,6.89275e-05,1
9830,9835,9832.5,2.7571e-05,0.000137855,2
9840,9845,9842.5,1.37855e-05,6.89275e-05,1
9845,9850,9847.5,1.37855e-05,6.89275e-05,1
9855,9860,9857.5,1.37855e-05,6.89275e-05,1
9860,9865,9862.5,4.13565e-05,0.000206782,3
9870,9875,9872.5,1.37855e-05,6.89275e-05,1
9880,9885,9882.5,2.7571e-05,0.000137855,2
9885,9890,9887.5,2.7571e-05,0.000137855,2
9890,9895,9892.5,1.37855e-05,6.89275e-05,1
9905,9910,9907.5,1.37855e-05,6.89275e-05,1
9910,9915,9912.5,1.37855e-05,6.89275e-05,1
9920,9925,9922.5,2.7571e-05,0.000137855,2
9925,9930,9927.5,2.7571e-05,0.000137855,2
9950,9955,9952.5,2.7571e-05,0.000137855,2
9960,9965,9962.5,2.7571e-05,0.000137855,2
9970,9975,9972.5,1.37855e-05,6.89275e-05,1
9975,9980,9977.5,4.13565e-05,0.000206782,3
9985,9990,9987.5,1.37855e-05,6.89275e-05,1
9990,9995,9992.5,1.37855e-05,6.89275e-05,1
10005,10010,10007.5,4.13565e-05,0.000206782,3
10015,10020,10017.5,2.7571e-05,0.000137855,2
10035,10040,10037.5,1.37855e-05,6.89275e-05,1
10045,10050,10047.5,1.37855e-05,6.89275e-05,1
10050,10055,10052.5,1.37855e-05,6.89275e-05,1
10055,10060,10057.5,2.7571e-05,0.000137855,2
10065,10070,10067.5,1.37855e-05,6.89275e-05,1
10075,10080,10077.5,4.13565e-05,0.000206782,3
10085,10090,10087.5,2.7571e-05,0.000137855,2
10095,10100,10097.5,1.37855e-05,6.89275e-05,1
10105,10110,10107.5,2.7571e-05,0.000137855,2
10110,10115,10112.5,1.37855e-05,6.89275e-05,1
10125,10130,10127.5,1.37855e-05,6.89275e-05,1
10130,10135,10132.5,2.7571e-05,0.000137855,2
10140,10145,10142.5,4.13565e-05,0.000206782,3
10155,10160,10157.5,2.7571e-05,0.000137855,2
10160,10165,10162.5,1.37855e-05,6.89275e-05,1
10165,10170,10167.5,1.37855e-05,6.89275e-05,1
10170,10175,10172.5,1.37855e-05,6.89275e-05,1
10175,10180,10177.5,4.13565e-05,0.000206782,3
10195,10200,10197.5,4.13565e-05,0.000206782,3
10215,10220,10217.5,1.37855e-05,6.89275e-05,1
10230,10235,10232.5,2.7571e-05,0.000137855,2
10255,10260,10257.5,2.7571e-05,0.000137855,2
10260,10265,10262.5,1.37855e-05,6.89275e-05,1
10265,10270,10267.5,1.37855e-05,6.89275e-05,1
10270,10275,10272.5,1.37855e-05,6.89275e-05,1
10290,10295,10292.5,1.37855e-05,6.89275e-05,1
10300,10305,10302.5,4.13565e-05,0.000206782,3
10305,10310,10307.5,1.37855e-05,6.89275e-05,1
10310,10315,10312.5,2.7571e-05,0.000137855,2
10315,10320,10317.5,2.7571e-05,0.000137855,2
10325,10330,10327.5,4.13565e-05,0.000206782,3
10330,10335,10332.5,1.37855e-05,6.89275e-05,1
10335,10340,10337.5,2.7571e-05,0.000137855,2
10355,10360,10357.5,1.37855e-05,6.89275e-05,1
10365,10370,10367.5,2.7571e-05,0.000137855,2
10375,10380,10377.5,1.37855e-05,6.89275e-05,1
10380,10385,10382.5,2.7571e-05,0.000137855,2
10385,10390,10387.5,1.37855e-05,6.89275e-05,1
10390,10395,10392.5,4.13565e-05,0.000206782,3
10420,10425,10422.5,1.37855e-05,6.89275e-05,1
10425,10430,10427.5,1.37855e-05,6.89275e-05,1
10430,10435,10432.5,4.13565e-05,0.000206782,3
10445,10450,10447.5,2.7571e-05,0.000137855,2
10455,10460,10457.5,1.37855e-05,6.89275e-05,1
10460,10465,10462.5,1.37855e-05,6.89275e-05,1
10465,10470,10467.5,1.37855e-05,6.89275e-05,1
10470,10475,10472.5,1.37855e-05,6.89275e-05,1
10475,10480,10477.5,1.37855e-05,6.89275e-05,1
10480,10485,10482.5,1.37855e-05,6.89275e-05,1
10485,10490,10487.5,2.7571e-05,0.000137855,2
10495,10500,10497.5,1.37855e-05,6.89275e-05,1
10500,10505,10502.5,1.37855e-05,6.89275e-05,1
10510,10515,10512.5,1.37855e-05,6.89275e-05,1
10515,10520,10517.5,4.13565e-05,0.000206782,3
10520,10525,10522.5,1.37855e-05,6.89275e-05,1
10525,10530,10527.5,1.37855e-05,6.89275e-05,1
10535,10540,10537.5,1.37855e-05,6.89275e-05,1
10540,10545,10542.5,2.7571e-05,0.000137855,2
10545,10550,10547.5,1.37855e-05,6.89275e-05,1
10550,10555,10552.5,1.37855e-05,6.89275e-05,1
10560,10565,10562.5,4.13565e-05,0.000206782,3
10570,10575,10572.5,1.37855e-05,6.89275e-05,1
10575,10580,10577.5,1.37855e-05,6.89275e-05,1
10585,10590,10587.5,1.37855e-05,6.89275e-05,1
10600,10605,10602.5,1.37855e-05,6.89275e-05,1
10610,10615,10612.5,1.37855e-05,6.89275e-05,1
10620,10625,10622.5,1.37855e-05,6.89275e-05,1
10625,10630,10627.5,1.37855e-05,6.89275e-05,1
10645,10650,10647.5,2.7571e-05,0.000137855,2
10660,10665,10662.5,1.37855e-05,6.89275e-05,1
10675,10680,10677.5,1.37855e-05,6.89275e-05,1
10685,10690,10687.5,1.37855e-05,6.89275e-05,1
10690,10695,10692.5,2.7571e-05,0.000137855,2
10700,10705,10702.5,1.37855e-05,6.89275e-05,1
10705,10710,10707.5,1.37855e-05,6.89275e-05,1
10715,10720,10717.5,1.37855e-05,6.89275e-05,1
10725,10730,10727.5,1.37855e-05,6.89275e-05,1
10750,10755,10752.5,1.37855e-05,6.89275e-05,1
10755,10760,10757.5,1.37855e-05,6.89275e-05,1
10780,10785,10782.5,2.7571e-05,0.000137855,2
10790,10795,10792.5,1.37855e-05,6.89275e-05,1
10805,10810,10807.5,2.7571e-05,0.000137855,2
10810,10815,10812.5,1.37855e-05,6.89275e-05,1
10815,10820,10817.5,4.13565e-05,0.000206782,3
10820,10825,10822.5,2.7571e-05,0.000137855,2
10825,10830,10827.5,1.37855e-05,6.89275e-05,1
10830,10835,10832.5,2.7571e-05,0.000137855,2
10835,10840,10837.5,1.37855e-05,6.89275e-05,1
10840,10845,10842.5,1.37855e-05,6.89275e-05,1
10850,10855,10852.5,1.37855e-05,6.89275e-05,1
10860,10865,10862.5,2.7571e-05,0.000137855,2
10865,10870,10867.5,1.37855e-05,6.89275e-05,1
10870,10875,10872.5,2.7571e-05,0.000137855,2
10875,10880,10877.5,1.37855e-05,6.89275e-05,1
10885,10890,10887.5,1.37855e-05,6.89275e-05,1
10890,10895,10892.5,1.37855e-05,6.89275e-05,1
10905,10910,10907.5,1.37855e-05,6.89275e-05,1
10910,10915,10912.5,1.37855e-05,6.89275e-05,1
10915,10920,10917.5,5.5142e-05,0.00027571,4
10920,10925,10922.5,2.7571e-05,0.000137855,2
10930,10935,10932.5,1.37855e-05,6.89275e-05,1
10940,10945,10942.5,1.37855e-05,6.89275e-05,1
10945,10950,10947.5,1.37855e-05,6.89275e-05,1
10960,10965,10962.5,1.37855e-05,6.89275e-05,1
10990,10995,10992.5,1.37855e-05,6.89275e-05,1
10995,11000,10997.5,2.7571e-05,0.000137855,2
11000,11005,11002.5,2.7571e-05,0.000137855,2
11005,11010,11007.5,2.7571e-05,0.000137855,2
11010,11015,11012.5,1.37855e-05,6.89275e-05,1
11015,11020,11017.5,1.37855e-05,6.89275e-05,1
11020,11025,11022.5,1.37855e-05,6.89275e-05,1
11025,11030,11027.5,1.37855e-05,6.89275e-05,1
11030,11035,11032.5,1.37855e-05,6.89275e-05,1
11035,11040,11037.5,2.7571e-05,0.000137855,2
11040,11045,11042.5,4.13565e-05,0.000206782,3
11045,11050,11047.5,1.37855e-05,6.89275e-05,1
11055,11060,11057.5,1.37855e-05,6.89275e-05,1
11060,11065,11062.5,1.37855e-05,6.89275e-05,1
11065,11070,11067.5,4.13565e-05,0.000206782,3
11070,11075,11072.5,1.37855e-05,6.89275e-05,1
11075,11080,11077.5,1.37855e-05,6.89275e-05,1
11080,11085,11082.5,2.7571e-05,0.000137855,2
11090,11095,11092.5,2.7571e-05,0.000137855,2
11095,11100,11097.5,1.37855e-05,6.89275e-05,1
11100,11105,11102.5,2.7571e-05,0.000137855,2
11105,11110,11107.5,1.37855e-05,6.89275e-05,1
11115,11120,11117.5,1.37855e-05,6.89275e-05,1
11120,11125,11122.5,1.37855e-05,6.89275e-05,1
11130,11135,11132.5,2.7571e-05,0.000137855,2
11145,11150,11147.5,1.37855e-05,6.89275e-05,1
11165,11170,11167.5,1.37855e-05,6.89275e-05,1
11170,11175,11172.5,1.37855e-05,6.89275e-05,1
11200,11205,11202.5,1.37855e-05,6.89275e-05,1
11205,11210,11207.5,2.7571e-05,0.000137855,2
11215,11220,11217.5,2.7571e-05,0.000137855,2
11220,11225,11222.5,1.37855e-05,6.89275e-05,1
11230,11235,11232.5,1.37855e-05,6.89275e-05,1
11235,11240,11237.5,2.7571e-05,0.000137855,2
11240,11245,11242.5,1.37855e-05,6.89275e-05,1
11250,11255,11252.5,2.7571e-05,0.000137855,2
11260,11265,11262.5,1.37855e-05,6.89275e-05,1
11275,11280,11277.5,1.37855e-05,6.89275e-05,1
11280,11285,11282.5,5.5142e-05,0.00027571,4
11285,11290,11287.5,1.37855e-05,6.89275e-05,1
11290,11295,11292.5,2.7571e-05,0.000137855,2
11295,11300,11297.5,1.37855e-05,6.89275e-05,1
11300,11305,11302.5,1.37855e-05,6.89275e-05,1
11305,11310,11307.5,2.7571e-05,0.000137855,2
11325,11330,11327.5,2.7571e-05,0.000137855,2
11330,11335,11332.5,1.37855e-05,6.89275e-05,1
11335,11340,11337.5,1.37855e-05,6.89275e-05,1
11340,11345,11342.5,1.37855e-05,6.89275e-05,1
11345,11350,11347.5,1.37855e-05,6.89275e-05,1
11350,11355,11352.5,2.7571e-05,0.000137855,2
11375,11380,11377.5,1.37855e-05,6.89275e-05,1
11380,11385,11382.5,1.37855e-05,6.89275e-05,1
11390,11395,11392.5,1.37855e-05,6.89275e-05,1
11395,11400,11397.5,4.13565e-05,0.000206782,3
11400,11405,11402.5,1.37855e-05,6.89275e-05,1
11405,11410,11407.5,4.13565e-05,0.000206782,3
11450,11455,11452.5,1.37855e-05,6.89275e-05,1
11455,11460,11457.5,1.37855e-05,6.89275e-05,1
11460,11465,11462.5,2.7571e-05,0.000137855,2
11470,11475,11472.5,2.7571e-05,0.000137855,2
11475,11480,11477.5,2.7571e-05,0.000137855,2
11485,11490,11487.5,1.37855e-05,6.89275e-05,1
11500,11505,11502.5,1.37855e-05,6.89275e-05,1
11515,11520,11517.5,2.7571e-05,0.000137855,2
11530,11535,11532.5,1.37855e-05,6.89275e-05,1
11545,11550,11547.5,1.37855e-05,6.89275e-05,1
11555,11560,11557.5,1.37855e-05,6.89275e-05,1
11560,11565,11562.5,2.7571e-05,0.000137855,2
11570,11575,11572.5,1.37855e-05,6.89275e-05,1
11600,11605,11602.5,1.37855e-05,6.89275e-05,1
11620,11625,11622.5,1.37855e-05,6.89275e-05,1
11635,11640,11637.5,1.37855e-05,6.89275e-05,1
11645,11650,11647.5,1.37855e-05,6.89275e-05,1
11670,11675,11672.5,1.37855e-05,6.89275e-05,1
11680,11685,11682.5,1.37855e-05,6.89275e-05,1
11695,11700,11697.5,1.37855e-05,6.89275e-05,1
11700,11705,11702.5,1.37855e-05,6.89275e-05,1
11705,11710,11707.5,1.37855e-05,6.89275e-05,1
11715,11720,11717.5,1.37855e-05,6.89275e-05,1
11725,11730,11727.5,1.37855e-05,6.89275e-05,1
11730,11735,11732.5,1.37855e-05,6.89275e-05,1
11740,11745,11742.5,1.37855e-05,6.89275e-05,1
11745,11750,11747.5,1.37855e-05,6.89275e-05,1
11750,11755,11752.5,1.37855e-05,6.89275e-05,1
11755,11760,11757.5,2.7571e-05,0.000137855,2
11760,11765,11762.5,4.13565e-05,0.000206782,3
11765,11770,11767.5,1.37855e-05,6.89275e-05,1
11780,11785,11782.5,1.37855e-05,6.89275e-05,1
11790,11795,11792.5,2.7571e-05,0.000137855,2
11795,11800,11797.5,1.37855e-05,6.89275e-05,1
11820,11825,11822.5,1.37855e-05,6.89275e-05,1
11825,11830,11827.5,1.37855e-05,6.89275e-05,1
11830,11835,11832.5,4.13565e-05,0.000206782,3
11845,11850,11847.5,1.37855e-05,6.89275e-05,1
11860,11865,11862.5,1.37855e-05,6.89275e-05,1
11865,11870,11867.5,1.37855e-05,6.89275e-05,1
11870,11875,11872.5,1.37855e-05,6.89275e-05,1
11875,11880,11877.5,1.37855e-05,6.89275e-05,1
11880,11885,11882.5,2.7571e-05,0.000137855,2
11905,11910,11907.5,4.13565e-05,0.000206782,3
11910,11915,11912.5,2.7571e-05,0.000137855,2
11915,11920,11917.5,1.37855e-05,6.89275e-05,1
11920,11925,11922.5,1.37855e-05,6.89275e-05,1
11925,11930,11927.5,2.7571e-05,0.000137855,2
11935,11940,11937.5,1.37855e-05,6.89275e-05,1
11945,11950,11947.5,1.37855e-05,6.89275e-05,1
11950,11955,11952.5,1.37855e-05,6.89275e-05,1
11955,11960,11957.5,1.37855e-05,6.89275e-05,1
11960,11965,11962.5,1.37855e-05,6.89275e-05,1
11965,11970,11967.5,2.7571e-05,0.000137855,2
11970,11975,11972.5,2.7571e-05,0.000137855,2
11975,11980,11977.5,1.37855e-05,6.89275e-05,1
11980,11985,11982.5,4.13565e-05,0.000206782,3
11990,11995,11992.5,1.37855e-05,6.89275e-05,1
11995,12000,11997.5,1.37855e-05,6.89275e-05,1
12015,12020,12017.5,1.37855e-05,6.89275e-05,1
12020,12025,12022.5,1.37855e-05,6.89275e-05,1
12025,12030,12027.5,1.37855e-05,6.89275e-05,1
12055,12060,12057.5,1.37855e-05,6.89275e-05,1
12065,12070,12067.5,2.7571e-05,0.000137855,2
12070,12075,12072.5,1.37855e-05,6.89275e-05,1
12090,12095,12092.5,2.7571e-05,0.000137855,2
12095,12100,12097.5,1.37855e-05,6.89275e-05,1
12100,12105,12102.5,1.37855e-05,6.89275e-05,1
12105,12110,12107.5,1.37855e-05,6.89275e-05,1
12115,12120,12117.5,1.37855e-05,6.89275e-05,1
12125,12130,12127.5,1.37855e-05,6.89275e-05,1
12130,12135,12132.5,1.37855e-05,6.89275e-05,1
12135,12140,12137.5,2.7571e-05,0.000137855,2
12150,12155,12152.5,2.7571e-05,0.000137855,2
12155,12160,12157.5,1.37855e-05,6.89275e-05,1
12175,12180,12177.5,1.37855e-05,6.89275e-05,1
12180,12185,12182.5,1.37855e-05,6.89275e-05,1
12185,12190,12187.5,2.7571e-05,0.000137855,2
12190,12195,12192.5,1.37855e-05,6.89275e-05,1
12205,12210,12207.5,2.7571e-05,0.000137855,2
12225,12230,12227.5,1.37855e-05,6.89275e-05,1
12230,12235,12232.5,2.7571e-05,0.000137855,2
12235,12240,12237.5,2.7571e-05,0.000137855,2
12245,12250,12247.5,1.37855e-05,6.89275e-05,1
12270,12275,12272.5,1.37855e-05,6.89275e-05,1
12285,12290,12287.5,1.37855e-05,6.89275e-05,1
12290,12295,12292.5,1.37855e-05,6.89275e-05,1
12310,12315,12312.5,1.37855e-05,6.89275e-05,1
12315,12320,12317.5,1.37855e-05,6.89275e-05,1
12325,12330,12327.5,1.37855e-05,6.89275e-05,1
12330,12335,12332.5,2.7571e-05,0.000137855,2
12335,12340,12337.5,2.7571e-05,0.000137855,2
12350,12355,12352.5,1.37855e-05,6.89275e-05,1
12355,12360,12357.5,1.37855e-05,6.89275e-05,1
12360,12365,12362.5,4.13565e-05,0.000206782,3
12385,12390,12387.5,1.37855e-05,6.89275e-05,1
12390,12395,12392.5,4.13565e-05,0.000206782,3
12440,12445,12442.5,4.13565e-05,0.000206782,3
12460,12465,12462.5,1.37855e-05,6.89275e-05,1
12465,12470,12467.5,1.37855e-05,6.89275e-05,1
12475,12480,12477.5,2.7571e-05,0.000137855,2
12480,12485,12482.5,2.7571e-05,0.000137855,2
12485,12490,12487.5,1.37855e-05,6.89275e-05,1
12500,12505,12502.5,1.37855e-05,6.89275e-05,1
12505,12510,12507.5,2.7571e-05,0.000137855,2
12510,12515,12512.5,2.7571e-05,0.000137855,2
12520,12525,12522.5,1.37855e-05,6.89275e-05,1
12525,12530,12527.5,1.37855e-05,6.89275e-05,1
12530,12535,12532.5,2.7571e-05,0.000137855,2
12535,12540,12537.5,1.37855e-05,6.89275e-05,1
12540,12545,12542.5,2.7571e-05,0.000137855,2
12545,12550,12547.5,1.37855e-05,6.89275e-05,1
12550,12555,12552.5,2.7571e-05,0.000137855,2
12565,12570,12567.5,1.37855e-05,6.89275e-05,1
12575,12580,12577.5,2.7571e-05,0.000137855,2
12580,12585,12582.5,2.7571e-05,0.000137855,2
12630,12635,12632.5,2.7571e-05,0.000137855,2
12635,12640,12637.5,1.37855e-05,6.89275e-05,1
12640,12645,12642.5,1.37855e-05,6.89275e-05,1
12645,12650,12647.5,1.37855e-05,6.89275e-05,1
12650,12655,12652.5,1.37855e-05,6.89275e-05,1
12715,12720,12717.5,2.7571e-05,0.000137855,2
12720,12725,12722.5,2.7571e-05,0.000137855,2
12725,12730,12727.5,1.37855e-05,6.89275e-05,1
12730,12735,12732.5,1.37855e-05,6.89275e-05,1
12735,12740,12737.5,1.37855e-05,6.89275e-05,1
12745,12750,12747.5,1.37855e-05,6.89275e-05,1
12755,12760,12757.5,1.37855e-05,6.89275e-05,1
12760,12765,12762.5,1.37855e-05,6.89275e-05,1
12785,12790,12787.5,1.37855e-05,6.89275e-05,1
12795,12800,12797.5,2.7571e-05,0.000137855,2
12830,12835,12832.5,1.37855e-05,6.89275e-05,1
12850,12855,12852.5,1.37855e-05,6.89275e-05,1
12875,12880,12877.5,2.7571e-05,0.000137855,2
12885,12890,12887.5,1.37855e-05,6.89275e-05,1
12890,12895,12892.5,1.37855e-05,6.89275e-05,1
12900,12905,12902.5,2.7571e-05,0.000137855,2
12905,12910,12907.5,1.37855e-05,6.89275e-05,1
12910,12915,12912.5,1.37855e-05,6.89275e-05,1
12925,12930,12927.5,1.37855e-05,6.89275e-05,1
12955,12960,12957.5,1.37855e-05,6.89275e-05,1
12975,12980,12977.5,1.37855e-05,6.89275e-05,1
12990,12995,12992.5,2.7571e-05,0.000137855,2
13000,13005,13002.5,2.7571e-05,0.000137855,2
13005,13010,13007.5,1.37855e-05,6.89275e-05,1
13020,13025,13022.5,1.37855e-05,6.89275e-05,1
13050,13055,13052.5,1.37855e-05,6.89275e-05,1
13080,13085,13082.5,1.37855e-05,6.89275e-05,1
13090,13095,13092.5,2.7571e-05,0.000137855,2
13100,13105,13102.5,1.37855e-05,6.89275e-05,1
13130,13135,13132.5,1.37855e-05,6.89275e-05,1
13140,13145,13142.5,2.7571e-05,0.000137855,2
13145,13150,13147.5,1.37855e-05,6.89275e-05,1
13155,13160,13157.5,1.37855e-05,6.89275e-05,1
13160,13165,13162.5,1.37855e-05,6.89275e-05,1
13170,13175,13172.5,2.7571e-05,0.000137855,2
13175,13180,13177.5,1.37855e-05,6.89275e-05,1
13185,13190,13187.5,1.37855e-05,6.89275e-05,1
13190,13195,13192.5,1.37855e-05,6.89275e-05,1
13210,13215,13212.5,1.37855e-05,6.89275e-05,1
13215,13220,13217.5,1.37855e-05,6.89275e-05,1
13225,13230,13227.5,1.37855e-05,6.89275e-05,1
13245,13250,13247.5,2.7571e-05,0.000137855,2
13250,13255,13252.5,1.37855e-05,6.89275e-05,1
13265,13270,13267.5,4.13565e-05,0.000206782,3
13270,13275,13272.5,1.37855e-05,6.89275e-05,1
13280,13285,13282.5,1.37855e-05,6.89275e-05,1
13285,13290,13287.5,1.37855e-05,6.89275e-05,1
13290,13295,13292.5,1.37855e-05,6.89275e-05,1
13295,13300,13297.5,1.37855e-05,6.89275e-05,1
13315,13320,13317.5,1.37855e-05,6.89275e-05,1
13335,13340,13337.5,1.37855e-05,6.89275e-05,1
13345,13350,13347.5,1.37855e-05,6.89275e-05,1
13355,13360,13357.5,1.37855e-05,6.89275e-05,1
13365,13370,13367.5,2.7571e-05,0.000137855,2
13380,13385,13382.5,1.37855e-05,6.89275e-05,1
13390,13395,13392.5,2.7571e-05,0.000137855,2
13400,13405,13402.5,1.37855e-05,6.89275e-05,1
13405,13410,13407.5,1.37855e-05,6.89275e-05,1
13415,13420,13417.5,1.37855e-05,6.89275e-05,1
13420,13425,13422.5,2.7571e-05,0.000137855,2
13430,13435,13432.5,1.37855e-05,6.89275e-05,1
13505,13510,13507.5,1.37855e-05,6.89275e-05,1
13510,13515,13512.5,2.7571e-05,0.000137855,2
13530,13535,13532.5,1.37855e-05,6.89275e-05,1
13555,13560,13557.5,1.37855e-05,6.89275e-05,1
13575,13580,13577.5,1.37855e-05,6.89275e-05,1
13615,13620,13617.5,1.37855e-05,6.89275e-05,1
13625,13630,13627.5,2.7571e-05,0.000137855,2
13645,13650,13647.5,1.37855e-05,6.89275e-05,1
13650,13655,13652.5,2.7571e-05,0.000137855,2
13665,13670,13667.5,1.37855e-05,6.89275e-05,1
13670,13675,13672.5,1.37855e-05,6.89275e-05,1
13675,13680,13677.5,1.37855e-05,6.89275e-05,1
13680,13685,13682.5,1.37855e-05,6.89275e-05,1
13685,13690,13687.5,2.7571e-05,0.000137855,2
13690,13695,13692.5,1.37855e-05,6.89275e-05,1
13725,13730,13727.5,1.37855e-05,6.89275e-05,1
13735,13740,13737.5,2.7571e-05,0.000137855,2
13760,13765,13762.5,1.37855e-05,6.89275e-05,1
13770,13775,13772.5,1.37855e-05,6.89275e-05,1
13785,13790,13787.5,1.37855e-05,6.89275e-05,1
13805,13810,13807.5,1.37855e-05,6.89275e-05,1
13815,13820,13817.5,1.37855e-05,6.89275e-05,1
13820,13825,13822.5,2.7571e-05,0.000137855,2
13835,13840,13837.5,1.37855e-05,6.89275e-05,1
13840,13845,13842.5,2.7571e-05,0.000137855,2
13850,13855,13852.5,1.37855e-05,6.89275e-05,1
13890,13895,13892.5,1.37855e-05,6.89275e-05,1
13895,13900,13897.5,5.5142e-05,0.00027571,4
13900,13905,13902.5,1.37855e-05,6.89275e-05,1
13905,13910,13907.5,1.37855e-05,6.89275e-05,1
13910,13915,13912.5,1.37855e-05,6.89275e-05,1
13940,13945,13942.5,1.37855e-05,6.89275e-05,1
13945,13950,13947.5,1.37855e-05,6.89275e-05,1
13950,13955,13952.5,1.37855e-05,6.89275e-05,1
13955,13960,13957.5,1.37855e-05,6.89275e-05,1
13985,13990,13987.5,4.13565e-05,0.000206782,3
14005,14010,14007.5,1.37855e-05,6.89275e-05,1
14010,14015,14012.5,1.37855e-05,6.89275e-05,1
14025,14030,14027.5,4.13565e-05,0.000206782,3
14035,14040,14037.5,1.37855e-05,6.89275e-05,1
14040,14045,14042.5,1.37855e-05,6.89275e-05,1
14045,14050,14047.5,1.37855e-05,6.89275e-05,1
14060,14065,14062.5,1.37855e-05,6.89275e-05,1
14075,14080,14077.5,1.37855e-05,6.89275e-05,1
14080,14085,14082.5,1.37855e-05,6.89275e-05,1
14090,14095,14092.5,1.37855e-05,6.89275e-05,1
14115,14120,14117.5,1.37855e-05,6.89275e-05,1
14130,14135,14132.5,2.7571e-05,0.000137855,2
14160,14165,14162.5,2.7571e-05,0.000137855,2
14165,14170,14167.5,1.37855e-05,6.89275e-05,1
14170,14175,14172.5,1.37855e-05,6.89275e-05,1
14250,14255,14252.5,1.37855e-05,6.89275e-05,1
14265,14270,14267.5,1.37855e-05,6.89275e-05,1
14270,14275,14272.5,1.37855e-05,6.89275e-05,1
14275,14280,14277.5,1.37855e-05,6.89275e-05,1
14285,14290,14287.5,1.37855e-05,6.89275e-05,1
14295,14300,14297.5,1.37855e-05,6.89275e-05,1
14315,14320,14317.5,1.37855e-05,6.89275e-05,1
14350,14355,14352.5,1.37855e-05,6.89275e-05,1
14375,14380,14377.5,1.37855e-05,6.89275e-05,1
14400,14405,14402.5,1.37855e-05,6.89275e-05,1
14405,14410,14407.5,2.7571e-05,0.000137855,2
14410,14415,14412.5,1.37855e-05,6.89275e-05,1
14425,14430,14427.5,1.37855e-05,6.89275e-05,1
14430,14435,14432.5,4.13565e-05,0.000206782,3
14495,14500,14497.5,1.37855e-05,6.89275e-05,1
14540,14545,14542.5,1.37855e-05,6.89275e-05,1
14550,14555,14552.5,1.37855e-05,6.89275e-05,1
14555,14560,14557.5,1.37855e-05,6.89275e-05,1
14565,14570,14567.5,1.37855e-05,6.89275e-05,1
14580,14585,14582.5,1.37855e-05,6.89275e-05,1
14585,14590,14587.5,1.37855e-05,6.89275e-05,1
14600,14605,14602.5,1.37855e-05,6.89275e-05,1
14630,14635,14632.5,1.37855e-05,6.89275e-05,1
14665,14670,14667.5,1.37855e-05,6.89275e-05,1
14700,14705,14702.5,1.37855e-05,6.89275e-05,1
14715,14720,14717.5,1.37855e-05,6.89275e-05,1
14730,14735,14732.5,1.37855e-05,6.89275e-05,1
14745,14750,14747.5,1.37855e-05,6.89275e-05,1
14755,14760,14757.5,1.37855e-05,6.89275e-05,1
14775,14780,14777.5,1.37855e-05,6.89275e-05,1
14810,14815,14812.5,1.37855e-05,6.89275e-05,1
14835,14840,14837.5,2.7571e-05,0.000137855,2
14870,14875,14872.5,1.37855e-05,6.89275e-05,1
14910,14915,14912.5,1.37855e-05,6.89275e-05,1
14965,14970,14967.5,1.37855e-05,6.89275e-05,1
14980,14985,14982.5,1.37855e-05,6.89275e-05,1
15015,15020,15017.5,1.37855e-05,6.89275e-05,1
15020,15025,15022.5,1.37855e-05,6.89275e-05,1
15030,15035,15032.5,1.37855e-05,6.89275e-05,1
15040,15045,15042.5,1.37855e-05,6.89275e-05,1
15065,15070,15067.5,1.37855e-05,6.89275e-05,1
15080,15085,15082.5,1.37855e-05,6.89275e-05,1
15085,15090,15087.5,1.37855e-05,6.89275e-05,1
15105,15110,15107.5,1.37855e-05,6.89275e-05,1
15130,15135,15132.5,1.37855e-05,6.89275e-05,1
15155,15160,15157.5,1.37855e-05,6.89275e-05,1
15255,15260,15257.5,1.37855e-05,6.89275e-05,1
15260,15265,15262.5,1.37855e-05,6.89275e-05,1
15320,15325,15322.5,1.37855e-05,6.89275e-05,1
15330,15335,15332.5,1.37855e-05,6.89275e-05,1
15375,15380,15377.5,1.37855e-05,6.89275e-05,1
15390,15395,15392.5,1.37855e-05,6.89275e-05,1
15430,15435,15432.5,1.37855e-05,6.89275e-05,1
15460,15465,15462.5,1.37855e-05,6.89275e-05,1
15495,15500,15497.5,1.37855e-05,6.89275e-05,1
15505,15510,15507.5,1.37855e-05,6.89275e-05,1
15580,15585,15582.5,1.37855e-05,6.89275e-05,1
15595,15600,15597.5,1.37855e-05,6.89275e-05,1
15675,15680,15677.5,1.37855e-05,6.89275e-05,1
15700,15705,15702.5,1.37855e-05,6.89275e-05,1
15745,15750,15747.5,2.7571e-05,0.000137855,2
15810,15815,15812.5,1.37855e-05,6.89275e-05,1
15815,15820,15817.5,1.37855e-05,6.89275e-05,1
15830,15835,15832.5,1.37855e-05,6.89275e-05,1
15850,15855,15852.5,1.37855e-05,6.89275e-05,1
15855,15860,15857.5,1.37855e-05,6.89275e-05,1
15875,15880,15877.5,1.37855e-05,6.89275e-05,1
15900,15905,15902.5,1.37855e-05,6.89275e-05,1
15970,15975,15972.5,1.37855e-05,6.89275e-05,1
16000,16005,16002.5,1.37855e-05,6.89275e-05,1
16040,16045,16042.5,1.37855e-05,6.89275e-05,1
16260,16265,16262.5,1.37855e-05,6.89275e-05,1
16310,16315,16312.5,1.37855e-05,6.89275e-05,1
16330,16335,16332.5,1.37855e-05,6.89275e-05,1
16335,16340,16337.5,1.37855e-05,6.89275e-05,1
16360,16365,16362.5,1.37855e-05,6.89275e-05,1
16475,16480,16477.5,1.37855e-05,6.89275e-05,1
16490,16495,16492.5,1.37855e-05,6.89275e-05,1
16495,16500,16497.5,1.37855e-05,6.89275e-05,1
16520,16525,16522.5,1.37855e-05,6.89275e-05,1
16590,16595,16592.5,1.37855e-05,6.89275e-05,1
16780,16785,16782.5,1.37855e-05,6.89275e-05,1
16890,16895,16892.5,1.37855e-05,6.89275e-05,1
16940,16945,16942.5,1.37855e-05,6.89275e-05,1
16960,16965,16962.5,1.37855e-05,6.89275e-05,1
16975,16980,16977.5,1.37855e-05,6.89275e-05,1
17010,17015,17012.5,1.37855e-05,6.89275e-05,1
17065,17070,17067.5,1.37855e-05,6.89275e-05,1
17085,17090,17087.5,1.37855e-05,6.89275e-05,1
17200,17205,17202.5,1.37855e-05,6.89275e-05,1
17270,17275,17272.5,1.37855e-05,6.89275e-05,1
17295,17300,17297.5,1.37855e-05,6.89275e-05,1
17430,17435,17432.5,1.37855e-05,6.89275e-05,1
17490,17495,17492.5,1.37855e-05,6.89275e-05,1
17550,17555,17552.5,1.37855e-05,6.89275e-05,1
17560,17565,17562.5,1.37855e-05,6.89275e-05,1
17595,17600,17597.5,1.37855e-05,6.89275e-05,1
17665,17670,17667.5,1.37855e-05,6.89275e-05,1
17685,17690,17687.5,1.37855e-05,6.89275e-05,1
17740,17745,17742.5,1.37855e-05,6.89275e-05,1
17865,17870,17867.5,1.37855e-05,6.89275e-05,1
17920,17925,17922.5,1.37855e-05,6.89275e-05,1
18080,18085,18082.5,1.37855e-05,6.89275e-05,1
18180,18185,18182.5,1.37855e-05,6.89275e-05,1
18310,18315,18312.5,1.37855e-05,6.89275e-05,1
18485,18490,18487.5,1.37855e-05,6.89275e-05,1
18490,18495,18492.5,1.37855e-05,6.89275e-05,1
18545,18550,18547.5,1.37855e-05,6.89275e-05,1
18890,18895,18892.5,1.37855e-05,6.89275e-05,1
18940,18945,18942.5,1.37855e-05,6.89275e-05,1
18965,18970,18967.5,1.37855e-05,6.89275e-05,1
19320,19325,19322.5,1.37855e-05,6.89275e-05,1
19445,19450,19447.5,1.37855e-05,6.89275e-05,1
19645,19650,19647.5,1.37855e-05,6.89275e-05,1
19800,19805,19802.5,1.37855e-05,6.89275e-05,1
19900,19905,19902.5,1.37855e-05,6.89275e-05,1
20090,20095,20092.5,1.37855e-05,6.89275e-05,1
20625,20630,20627.5,1.37855e-05,6.89275e-05,1
20920,20925,20922.5,1.37855e-05,6.89275e-05,1
21575,21580,21577.5,1.37855e-05,6.89275e-05,1
22640,22645,22642.5,1.37855e-05,6.89275e-05,1
25110,25115,25112.5,1.37855e-05,6.89275e-05,1
VO Delay PDF CSV saved: scratch/delay_pdf/pedca_vo_delay_pdf.csv

P-EDCA STA Delay PDF CSV saved: scratch/delay_pdf/11be/adaptive_compare/default_k5_s1.csv
Legacy STA Delay PDF CSV saved: scratch/delay_pdf/11be/adaptive_compare/defaultL_k5_s1.csv
--- EXTENDED_STATS_BEGIN ---
PEDCA_STA_SUCC_COUNT: 3276
PEDCA_STA_FAIL_COUNT: 114
PEDCA_STA_ZERO_RETX: 3276
LEGACY_STA_SUCC_COUNT: 11232
LEGACY_STA_FAIL_COUNT: 1740
LEGACY_STA_ZERO_RETX: 11232
PEDCA_STA_AVG_MAC_DELAY: 2027.09
PEDCA_STA_AVG_QUEUE_DELAY: 1762.23
PEDCA_STA_AVG_ACCESS_DELAY: 264.863
LEGACY_STA_AVG_MAC_DELAY: 3089.39
LEGACY_STA_AVG_QUEUE_DELAY: 2737.53
LEGACY_STA_AVG_ACCESS_DELAY: 351.854
--- EXTENDED_STATS_END ---
