[INFO] std::clog redirected to: scratch/delay_pdf/11be/adaptive_compare/default_k5_s3.log

--- Per-STA P-EDCA Detail ---
  STA0: DS-CTS=256 S2Entry=256 S2Tx=163 PedcaOK=163 EdcaOK=256 FailCTS=0 FailColl=0 FailExp=0 Defer=0
  STA1: DS-CTS=120 S2Entry=120 S2Tx=107 PedcaOK=107 EdcaOK=555 FailCTS=0 FailColl=0 FailExp=0 Defer=0
  STA2: DS-CTS=249 S2Entry=249 S2Tx=167 PedcaOK=167 EdcaOK=215 FailCTS=0 FailColl=0 FailExp=0 Defer=0
  STA3: DS-CTS=55 S2Entry=55 S2Tx=48 PedcaOK=48 EdcaOK=854 FailCTS=0 FailColl=0 FailExp=0 Defer=0
  STA4: DS-CTS=279 S2Entry=279 S2Tx=190 PedcaOK=190 EdcaOK=293 FailCTS=0 FailColl=0 FailExp=0 Defer=0

=== General Statistics ===
P-EDCA Ratio: 0.1667
P-EDCA STAs: 5/30
P-EDCA Share (Avg Per-STA P-EDCA Tx/Total Tx): 28.6883 %
Avg P-EDCA Attempt Success Rate: 75.056 %
Global P-EDCA Tx Success: 675
Global EDCA Tx Success: 2173
Global P-EDCA Attempt (DS-CTS Sent): 959

--- P-EDCA Detailed Trace ---
Stage 2 Entered: 959
Stage 2 TX Started: 675
P-EDCA Fail RTS No CTS: 0
P-EDCA Fail RTS Collision: 0
P-EDCA Fail Timing Expired: 0
P-EDCA Fail Deferral: 0
Total VO TX (P-EDCA+EDCA): 2848
Global P-EDCA Share: 23.7008 %
Global EDCA Share: 76.2992 %
Channel Idle Time (AP): 23.8664 % (1.67065e+06 us / 7e+06 us)
Total Successes:       14832
Total Failures:        2212
Total Retransmissions: 1

--- Per-AC Success Statistics ---
AC_BE:
  Successes:         25
  Throughput:        0.0285714 Mbps
  Packet Loss:       0 %
  Avg Retx/MPDU:     0
  Avg Queue Delay:   -623718 us (Enqueue->TxStart)
  Avg Access Delay:  659369 us (TxStart->Ack)
  Avg MAC Delay:     35650.7 us (Total: Enqueue->Ack)

AC_VO:
  Successes:         14807
  Throughput:        16.9223 Mbps
  Packet Loss:       12.9972 %
  Avg Retx/MPDU:     6.75356e-05
  Avg Queue Delay:   2480.24 us (Enqueue->TxStart)
  Avg Access Delay:  333.482 us (TxStart->Ack)
  Avg MAC Delay:     2813.72 us (Total: Enqueue->Ack)

--- Per-AC Failure Statistics ---
AC_VO Failures: 2212

--- Failure Reasons by AC ---
  AC_VO RETRY_LIMIT: 2212


=== Extended P-EDCA vs Legacy Statistics ===

--- [Stat 1] Delay by STA Type ---
P-EDCA STAs (5 STAs):
  Successes:         2915
  Failures:          249
  Throughput:        3.33143 Mbps
  Packet Loss:       7.86979 %
  Avg Queue Delay:   1855.08 us
  Avg Access Delay:  276.492 us
  Avg MAC Delay:     2131.57 us
  Median MAC Delay:  1386 us
  P95 MAC Delay:     6523 us
  P99 MAC Delay:     12391 us
Legacy EDCA STAs (25 STAs):
  Successes:         11893
  Failures:          1963
  Throughput:        13.592 Mbps
  Packet Loss:       14.1671 %
  Avg Queue Delay:   2638.7 us
  Avg Access Delay:  347.433 us
  Avg MAC Delay:     2986.13 us
  Median MAC Delay:  1841 us
  P95 MAC Delay:     10285 us
  P99 MAC Delay:     14480 us

--- [Stat 2] Per-STA P-EDCA Attempt Count (DS-CTS Sent) ---
  STA0: 256 P-EDCA attempts
  STA1: 120 P-EDCA attempts
  STA2: 249 P-EDCA attempts
  STA3: 55 P-EDCA attempts
  STA4: 279 P-EDCA attempts
  Total: 959 P-EDCA attempts across 5 P-EDCA STAs
  Avg per P-EDCA STA: 191.8

--- [Stat 3] P-EDCA One-Shot Success Probability ---
  P-EDCA Success / DS-CTS Sent:      675 / 959 = 70.3858 %
  P-EDCA Success / Stage2 TX Started: 675 / 675 = 100 %  (given RTS was actually sent)

--- [Stat 4] EDCA One-Shot Success Ratio (0 retransmissions) ---
  Legacy STAs: 11892 / 11893 = 99.9916 %
  P-EDCA STAs: 2915 / 2915 = 100 %  (MAC-level, includes both P-EDCA and EDCA paths)

--- [Stat 5] P-EDCA Kickback-to-EDCA Probability ---
  Total P-EDCA Failures: 0 / 959 DS-CTS = 0 %
    RTS No CTS:       0 (0 %)
    RTS Collision:    0 (0 %)
    Timing Expired:   0 (0 %)
    Deferral:         0 (0 %)

--- [Stat 6] P-EDCA RTS Collision Probability ---
  RTS Collision / Stage2 TX Started: 0 / 675 = 0 %
  RTS Collision / DS-CTS Sent:       0 / 959 = 0 %

--- [Stat 7] P-EDCA Attempts per Successful P-EDCA TX ---
  DS-CTS Sent / P-EDCA Success: 959 / 675 = 1.42074 attempts/success
  Stage2 TX / P-EDCA Success:   675 / 675 = 1 RTS/success

--- VO Delay PDF (MAC Delay) ---
bin_start_us,bin_end_us,bin_mid_us,pdf_per_us,probability,count
210,215,212.5,1.35071e-05,6.75356e-05,1
215,220,217.5,0.000175593,0.000877963,13
220,225,222.5,8.10428e-05,0.000405214,6
225,230,227.5,0.000121564,0.000607821,9
230,235,232.5,5.40285e-05,0.000270143,4
235,240,237.5,6.75356e-05,0.000337678,5
240,245,242.5,6.75356e-05,0.000337678,5
245,250,247.5,5.40285e-05,0.000270143,4
250,255,252.5,8.10428e-05,0.000405214,6
255,260,257.5,0.000121564,0.000607821,9
260,265,262.5,0.000162086,0.000810428,12
265,270,267.5,9.45499e-05,0.000472749,7
270,275,272.5,0.000108057,0.000540285,8
275,280,277.5,6.75356e-05,0.000337678,5
280,285,282.5,6.75356e-05,0.000337678,5
285,290,287.5,0.000135071,0.000675356,10
290,295,292.5,5.40285e-05,0.000270143,4
295,300,297.5,0.000148578,0.000742892,11
300,305,302.5,0.000108057,0.000540285,8
305,310,307.5,0.000121564,0.000607821,9
310,315,312.5,9.45499e-05,0.000472749,7
315,320,317.5,6.75356e-05,0.000337678,5
320,325,322.5,8.10428e-05,0.000405214,6
325,330,327.5,0.000202607,0.00101303,15
330,335,332.5,9.45499e-05,0.000472749,7
335,340,337.5,6.75356e-05,0.000337678,5
340,345,342.5,0.00089147,0.00445735,66
345,350,347.5,0.00143176,0.00715878,106
350,355,352.5,0.000931992,0.00465996,69
355,360,357.5,0.000513271,0.00256635,38
360,365,362.5,0.000661849,0.00330925,49
365,370,367.5,0.000864456,0.00432228,64
370,375,372.5,0.000594314,0.00297157,44
375,380,377.5,0.0003782,0.001891,28
380,385,382.5,0.000337678,0.00168839,25
385,390,387.5,0.000418721,0.0020936,31
390,395,392.5,0.000324171,0.00162086,24
395,400,397.5,0.000229621,0.00114811,17
400,405,402.5,0.000337678,0.00168839,25
405,410,407.5,0.000337678,0.00168839,25
410,415,412.5,0.00028365,0.00141825,21
415,420,417.5,0.000243128,0.00121564,18
420,425,422.5,0.000337678,0.00168839,25
425,430,427.5,0.000364692,0.00182346,27
430,435,432.5,0.0003782,0.001891,28
435,440,437.5,0.000297157,0.00148578,22
440,445,442.5,0.000229621,0.00114811,17
445,450,447.5,0.000229621,0.00114811,17
450,455,452.5,0.016087,0.0804349,1191
455,460,457.5,0.000337678,0.00168839,25
460,465,462.5,0.000229621,0.00114811,17
465,470,467.5,0.000445735,0.00222868,33
470,475,472.5,0.000202607,0.00101303,15
475,480,477.5,0.0003782,0.001891,28
480,485,482.5,0.000337678,0.00168839,25
485,490,487.5,0.000486257,0.00243128,36
490,495,492.5,0.000297157,0.00148578,22
495,500,497.5,0.000351185,0.00175593,26
500,505,502.5,0.000297157,0.00148578,22
505,510,507.5,0.000324171,0.00162086,24
510,515,512.5,0.000337678,0.00168839,25
515,520,517.5,0.000297157,0.00148578,22
520,525,522.5,0.000337678,0.00168839,25
525,530,527.5,0.00028365,0.00141825,21
530,535,532.5,0.000229621,0.00114811,17
535,540,537.5,0.000337678,0.00168839,25
540,545,542.5,0.000243128,0.00121564,18
545,550,547.5,0.000216114,0.00108057,16
550,555,552.5,0.000310664,0.00155332,23
555,560,557.5,0.000391707,0.00195853,29
560,565,562.5,0.000418721,0.0020936,31
565,570,567.5,0.000270143,0.00135071,20
570,575,572.5,0.0001891,0.000945499,14
575,580,577.5,0.000499764,0.00249882,37
580,585,582.5,0.000432228,0.00216114,32
585,590,587.5,0.000351185,0.00175593,26
590,595,592.5,0.000337678,0.00168839,25
595,600,597.5,0.000405214,0.00202607,30
600,605,602.5,0.000297157,0.00148578,22
605,610,607.5,0.000324171,0.00162086,24
610,615,612.5,0.000256635,0.00128318,19
615,620,617.5,0.000364692,0.00182346,27
620,625,622.5,0.000459242,0.00229621,34
625,630,627.5,0.000202607,0.00101303,15
630,635,632.5,0.000405214,0.00202607,30
635,640,637.5,0.000243128,0.00121564,18
640,645,642.5,0.000499764,0.00249882,37
645,650,647.5,0.000229621,0.00114811,17
650,655,652.5,0.000310664,0.00155332,23
655,660,657.5,0.000243128,0.00121564,18
660,665,662.5,0.00028365,0.00141825,21
665,670,667.5,0.000256635,0.00128318,19
670,675,672.5,0.00518674,0.0259337,384
675,680,677.5,0.000229621,0.00114811,17
680,685,682.5,0.000418721,0.0020936,31
685,690,687.5,0.00028365,0.00141825,21
690,695,692.5,0.000202607,0.00101303,15
695,700,697.5,0.000337678,0.00168839,25
700,705,702.5,0.000310664,0.00155332,23
705,710,707.5,0.000243128,0.00121564,18
710,715,712.5,0.000391707,0.00195853,29
715,720,717.5,0.000297157,0.00148578,22
720,725,722.5,0.000337678,0.00168839,25
725,730,727.5,0.000337678,0.00168839,25
730,735,732.5,0.000310664,0.00155332,23
735,740,737.5,0.000216114,0.00108057,16
740,745,742.5,0.000310664,0.00155332,23
745,750,747.5,0.000229621,0.00114811,17
750,755,752.5,0.000202607,0.00101303,15
755,760,757.5,0.000270143,0.00135071,20
760,765,762.5,0.000162086,0.000810428,12
765,770,767.5,0.000270143,0.00135071,20
770,775,772.5,0.000337678,0.00168839,25
775,780,777.5,0.000418721,0.0020936,31
780,785,782.5,0.000459242,0.00229621,34
785,790,787.5,0.000405214,0.00202607,30
790,795,792.5,0.00028365,0.00141825,21
795,800,797.5,0.000256635,0.00128318,19
800,805,802.5,0.00028365,0.00141825,21
805,810,807.5,0.000216114,0.00108057,16
810,815,812.5,0.0001891,0.000945499,14
815,820,817.5,0.000135071,0.000675356,10
820,825,822.5,0.000162086,0.000810428,12
825,830,827.5,0.000270143,0.00135071,20
830,835,832.5,0.0001891,0.000945499,14
835,840,837.5,0.000418721,0.0020936,31
840,845,842.5,0.000418721,0.0020936,31
845,850,847.5,0.000162086,0.000810428,12
850,855,852.5,0.0003782,0.001891,28
855,860,857.5,0.000202607,0.00101303,15
860,865,862.5,0.000351185,0.00175593,26
865,870,867.5,0.000337678,0.00168839,25
870,875,872.5,0.00028365,0.00141825,21
875,880,877.5,0.000297157,0.00148578,22
880,885,882.5,0.000337678,0.00168839,25
885,890,887.5,0.000121564,0.000607821,9
890,895,892.5,0.000959006,0.00479503,71
895,900,897.5,0.000337678,0.00168839,25
900,905,902.5,0.000135071,0.000675356,10
905,910,907.5,0.000256635,0.00128318,19
910,915,912.5,0.0001891,0.000945499,14
915,920,917.5,0.000202607,0.00101303,15
920,925,922.5,0.000202607,0.00101303,15
925,930,927.5,0.000175593,0.000877963,13
930,935,932.5,0.000135071,0.000675356,10
935,940,937.5,0.00028365,0.00141825,21
940,945,942.5,0.000229621,0.00114811,17
945,950,947.5,0.000270143,0.00135071,20
950,955,952.5,0.000148578,0.000742892,11
955,960,957.5,0.000202607,0.00101303,15
960,965,962.5,0.000243128,0.00121564,18
965,970,967.5,0.000202607,0.00101303,15
970,975,972.5,0.000202607,0.00101303,15
975,980,977.5,0.000256635,0.00128318,19
980,985,982.5,0.000526778,0.00263389,39
985,990,987.5,0.000270143,0.00135071,20
990,995,992.5,0.000324171,0.00162086,24
995,1000,997.5,0.000297157,0.00148578,22
1000,1005,1002.5,0.000229621,0.00114811,17
1005,1010,1007.5,0.000202607,0.00101303,15
1010,1015,1012.5,0.000148578,0.000742892,11
1015,1020,1017.5,0.000175593,0.000877963,13
1020,1025,1022.5,0.000216114,0.00108057,16
1025,1030,1027.5,0.000243128,0.00121564,18
1030,1035,1032.5,0.000243128,0.00121564,18
1035,1040,1037.5,0.000270143,0.00135071,20
1040,1045,1042.5,0.000216114,0.00108057,16
1045,1050,1047.5,0.0001891,0.000945499,14
1050,1055,1052.5,0.000229621,0.00114811,17
1055,1060,1057.5,0.000229621,0.00114811,17
1060,1065,1062.5,0.000162086,0.000810428,12
1065,1070,1067.5,0.000405214,0.00202607,30
1070,1075,1072.5,0.0001891,0.000945499,14
1075,1080,1077.5,0.000270143,0.00135071,20
1080,1085,1082.5,0.000256635,0.00128318,19
1085,1090,1087.5,0.00028365,0.00141825,21
1090,1095,1092.5,0.00028365,0.00141825,21
1095,1100,1097.5,0.000243128,0.00121564,18
1100,1105,1102.5,0.00028365,0.00141825,21
1105,1110,1107.5,0.000243128,0.00121564,18
1110,1115,1112.5,0.000229621,0.00114811,17
1115,1120,1117.5,0.0003782,0.001891,28
1120,1125,1122.5,8.10428e-05,0.000405214,6
1125,1130,1127.5,0.000256635,0.00128318,19
1130,1135,1132.5,0.000175593,0.000877963,13
1135,1140,1137.5,0.000310664,0.00155332,23
1140,1145,1142.5,0.0001891,0.000945499,14
1145,1150,1147.5,0.000256635,0.00128318,19
1150,1155,1152.5,0.000324171,0.00162086,24
1155,1160,1157.5,0.000216114,0.00108057,16
1160,1165,1162.5,0.000270143,0.00135071,20
1165,1170,1167.5,0.000175593,0.000877963,13
1170,1175,1172.5,0.000148578,0.000742892,11
1175,1180,1177.5,0.000310664,0.00155332,23
1180,1185,1182.5,0.000324171,0.00162086,24
1185,1190,1187.5,0.0003782,0.001891,28
1190,1195,1192.5,0.000297157,0.00148578,22
1195,1200,1197.5,0.000310664,0.00155332,23
1200,1205,1202.5,0.000553792,0.00276896,41
1205,1210,1207.5,0.000243128,0.00121564,18
1210,1215,1212.5,0.000364692,0.00182346,27
1215,1220,1217.5,0.000216114,0.00108057,16
1220,1225,1222.5,0.000243128,0.00121564,18
1225,1230,1227.5,0.000256635,0.00128318,19
1230,1235,1232.5,0.000148578,0.000742892,11
1235,1240,1237.5,0.00028365,0.00141825,21
1240,1245,1242.5,0.000148578,0.000742892,11
1245,1250,1247.5,0.000202607,0.00101303,15
1250,1255,1252.5,0.000175593,0.000877963,13
1255,1260,1257.5,0.000297157,0.00148578,22
1260,1265,1262.5,0.000270143,0.00135071,20
1265,1270,1267.5,0.000216114,0.00108057,16
1270,1275,1272.5,0.000216114,0.00108057,16
1275,1280,1277.5,0.0001891,0.000945499,14
1280,1285,1282.5,0.000270143,0.00135071,20
1285,1290,1287.5,0.000324171,0.00162086,24
1290,1295,1292.5,0.000162086,0.000810428,12
1295,1300,1297.5,0.00028365,0.00141825,21
1300,1305,1302.5,0.000270143,0.00135071,20
1305,1310,1307.5,0.000148578,0.000742892,11
1310,1315,1312.5,0.000297157,0.00148578,22
1315,1320,1317.5,0.000270143,0.00135071,20
1320,1325,1322.5,0.000148578,0.000742892,11
1325,1330,1327.5,0.000243128,0.00121564,18
1330,1335,1332.5,0.000337678,0.00168839,25
1335,1340,1337.5,0.000310664,0.00155332,23
1340,1345,1342.5,0.000229621,0.00114811,17
1345,1350,1347.5,0.0001891,0.000945499,14
1350,1355,1352.5,0.000121564,0.000607821,9
1355,1360,1357.5,0.000310664,0.00155332,23
1360,1365,1362.5,0.0001891,0.000945499,14
1365,1370,1367.5,0.000297157,0.00148578,22
1370,1375,1372.5,0.000202607,0.00101303,15
1375,1380,1377.5,0.000108057,0.000540285,8
1380,1385,1382.5,0.0001891,0.000945499,14
1385,1390,1387.5,0.000202607,0.00101303,15
1390,1395,1392.5,0.000297157,0.00148578,22
1395,1400,1397.5,0.000216114,0.00108057,16
1400,1405,1402.5,0.000310664,0.00155332,23
1405,1410,1407.5,0.000351185,0.00175593,26
1410,1415,1412.5,0.0001891,0.000945499,14
1415,1420,1417.5,0.0001891,0.000945499,14
1420,1425,1422.5,0.000297157,0.00148578,22
1425,1430,1427.5,0.000270143,0.00135071,20
1430,1435,1432.5,0.000324171,0.00162086,24
1435,1440,1437.5,0.000216114,0.00108057,16
1440,1445,1442.5,0.000243128,0.00121564,18
1445,1450,1447.5,0.000229621,0.00114811,17
1450,1455,1452.5,0.0001891,0.000945499,14
1455,1460,1457.5,0.000148578,0.000742892,11
1460,1465,1462.5,0.000135071,0.000675356,10
1465,1470,1467.5,0.000135071,0.000675356,10
1470,1475,1472.5,0.000337678,0.00168839,25
1475,1480,1477.5,0.000256635,0.00128318,19
1480,1485,1482.5,0.000256635,0.00128318,19
1485,1490,1487.5,0.00028365,0.00141825,21
1490,1495,1492.5,0.0001891,0.000945499,14
1495,1500,1497.5,0.000148578,0.000742892,11
1500,1505,1502.5,0.000121564,0.000607821,9
1505,1510,1507.5,0.000256635,0.00128318,19
1510,1515,1512.5,0.000216114,0.00108057,16
1515,1520,1517.5,0.000175593,0.000877963,13
1520,1525,1522.5,0.0001891,0.000945499,14
1525,1530,1527.5,0.000148578,0.000742892,11
1530,1535,1532.5,0.000243128,0.00121564,18
1535,1540,1537.5,0.000229621,0.00114811,17
1540,1545,1542.5,0.0001891,0.000945499,14
1545,1550,1547.5,0.000216114,0.00108057,16
1550,1555,1552.5,0.000162086,0.000810428,12
1555,1560,1557.5,8.10428e-05,0.000405214,6
1560,1565,1562.5,0.000216114,0.00108057,16
1565,1570,1567.5,0.000162086,0.000810428,12
1570,1575,1572.5,0.000135071,0.000675356,10
1575,1580,1577.5,0.000148578,0.000742892,11
1580,1585,1582.5,0.000202607,0.00101303,15
1585,1590,1587.5,0.000256635,0.00128318,19
1590,1595,1592.5,0.000175593,0.000877963,13
1595,1600,1597.5,0.000256635,0.00128318,19
1600,1605,1602.5,0.000216114,0.00108057,16
1605,1610,1607.5,0.00028365,0.00141825,21
1610,1615,1612.5,0.000175593,0.000877963,13
1615,1620,1617.5,0.000256635,0.00128318,19
1620,1625,1622.5,0.000297157,0.00148578,22
1625,1630,1627.5,0.000162086,0.000810428,12
1630,1635,1632.5,0.000229621,0.00114811,17
1635,1640,1637.5,0.000175593,0.000877963,13
1640,1645,1642.5,0.000175593,0.000877963,13
1645,1650,1647.5,0.000229621,0.00114811,17
1650,1655,1652.5,0.000148578,0.000742892,11
1655,1660,1657.5,0.000162086,0.000810428,12
1660,1665,1662.5,0.00028365,0.00141825,21
1665,1670,1667.5,0.000216114,0.00108057,16
1670,1675,1672.5,0.000135071,0.000675356,10
1675,1680,1677.5,0.000243128,0.00121564,18
1680,1685,1682.5,0.000175593,0.000877963,13
1685,1690,1687.5,0.000121564,0.000607821,9
1690,1695,1692.5,0.000135071,0.000675356,10
1695,1700,1697.5,0.000162086,0.000810428,12
1700,1705,1702.5,5.40285e-05,0.000270143,4
1705,1710,1707.5,0.000256635,0.00128318,19
1710,1715,1712.5,0.000256635,0.00128318,19
1715,1720,1717.5,0.00028365,0.00141825,21
1720,1725,1722.5,6.75356e-05,0.000337678,5
1725,1730,1727.5,0.0001891,0.000945499,14
1730,1735,1732.5,0.000310664,0.00155332,23
1735,1740,1737.5,0.000121564,0.000607821,9
1740,1745,1742.5,0.000256635,0.00128318,19
1745,1750,1747.5,0.000162086,0.000810428,12
1750,1755,1752.5,0.000216114,0.00108057,16
1755,1760,1757.5,0.00028365,0.00141825,21
1760,1765,1762.5,0.000202607,0.00101303,15
1765,1770,1767.5,0.000175593,0.000877963,13
1770,1775,1772.5,0.000135071,0.000675356,10
1775,1780,1777.5,0.000148578,0.000742892,11
1780,1785,1782.5,0.000175593,0.000877963,13
1785,1790,1787.5,0.000135071,0.000675356,10
1790,1795,1792.5,0.000243128,0.00121564,18
1795,1800,1797.5,0.000216114,0.00108057,16
1800,1805,1802.5,6.75356e-05,0.000337678,5
1805,1810,1807.5,0.000135071,0.000675356,10
1810,1815,1812.5,0.000243128,0.00121564,18
1815,1820,1817.5,0.0001891,0.000945499,14
1820,1825,1822.5,0.000162086,0.000810428,12
1825,1830,1827.5,0.000162086,0.000810428,12
1830,1835,1832.5,0.000135071,0.000675356,10
1835,1840,1837.5,0.000175593,0.000877963,13
1840,1845,1842.5,0.000216114,0.00108057,16
1845,1850,1847.5,9.45499e-05,0.000472749,7
1850,1855,1852.5,0.000229621,0.00114811,17
1855,1860,1857.5,0.000148578,0.000742892,11
1860,1865,1862.5,0.000148578,0.000742892,11
1865,1870,1867.5,0.000162086,0.000810428,12
1870,1875,1872.5,0.000216114,0.00108057,16
1875,1880,1877.5,0.000202607,0.00101303,15
1880,1885,1882.5,0.000162086,0.000810428,12
1885,1890,1887.5,0.000202607,0.00101303,15
1890,1895,1892.5,0.000229621,0.00114811,17
1895,1900,1897.5,0.000108057,0.000540285,8
1900,1905,1902.5,0.000121564,0.000607821,9
1905,1910,1907.5,0.000148578,0.000742892,11
1910,1915,1912.5,0.000108057,0.000540285,8
1915,1920,1917.5,0.000148578,0.000742892,11
1920,1925,1922.5,0.000162086,0.000810428,12
1925,1930,1927.5,0.00028365,0.00141825,21
1930,1935,1932.5,9.45499e-05,0.000472749,7
1935,1940,1937.5,0.000108057,0.000540285,8
1940,1945,1942.5,0.000108057,0.000540285,8
1945,1950,1947.5,0.000108057,0.000540285,8
1950,1955,1952.5,0.000162086,0.000810428,12
1955,1960,1957.5,0.000216114,0.00108057,16
1960,1965,1962.5,0.000270143,0.00135071,20
1965,1970,1967.5,0.000121564,0.000607821,9
1970,1975,1972.5,0.000216114,0.00108057,16
1975,1980,1977.5,0.000202607,0.00101303,15
1980,1985,1982.5,0.000108057,0.000540285,8
1985,1990,1987.5,0.000162086,0.000810428,12
1990,1995,1992.5,0.000256635,0.00128318,19
1995,2000,1997.5,0.000175593,0.000877963,13
2000,2005,2002.5,0.000148578,0.000742892,11
2005,2010,2007.5,9.45499e-05,0.000472749,7
2010,2015,2012.5,0.000108057,0.000540285,8
2015,2020,2017.5,0.000121564,0.000607821,9
2020,2025,2022.5,0.000121564,0.000607821,9
2025,2030,2027.5,0.000175593,0.000877963,13
2030,2035,2032.5,0.000148578,0.000742892,11
2035,2040,2037.5,0.000135071,0.000675356,10
2040,2045,2042.5,0.000162086,0.000810428,12
2045,2050,2047.5,0.000202607,0.00101303,15
2050,2055,2052.5,0.000175593,0.000877963,13
2055,2060,2057.5,0.0001891,0.000945499,14
2060,2065,2062.5,0.000135071,0.000675356,10
2065,2070,2067.5,0.000216114,0.00108057,16
2070,2075,2072.5,0.000148578,0.000742892,11
2075,2080,2077.5,0.000135071,0.000675356,10
2080,2085,2082.5,0.000256635,0.00128318,19
2085,2090,2087.5,0.000108057,0.000540285,8
2090,2095,2092.5,0.000162086,0.000810428,12
2095,2100,2097.5,0.000202607,0.00101303,15
2100,2105,2102.5,0.000243128,0.00121564,18
2105,2110,2107.5,0.000175593,0.000877963,13
2110,2115,2112.5,0.000148578,0.000742892,11
2115,2120,2117.5,0.000108057,0.000540285,8
2120,2125,2122.5,8.10428e-05,0.000405214,6
2125,2130,2127.5,0.000135071,0.000675356,10
2130,2135,2132.5,5.40285e-05,0.000270143,4
2135,2140,2137.5,0.000162086,0.000810428,12
2140,2145,2142.5,0.000202607,0.00101303,15
2145,2150,2147.5,8.10428e-05,0.000405214,6
2150,2155,2152.5,0.000108057,0.000540285,8
2155,2160,2157.5,0.000135071,0.000675356,10
2160,2165,2162.5,0.000202607,0.00101303,15
2165,2170,2167.5,9.45499e-05,0.000472749,7
2170,2175,2172.5,0.000148578,0.000742892,11
2175,2180,2177.5,0.000175593,0.000877963,13
2180,2185,2182.5,0.000162086,0.000810428,12
2185,2190,2187.5,0.000135071,0.000675356,10
2190,2195,2192.5,0.000175593,0.000877963,13
2195,2200,2197.5,0.000121564,0.000607821,9
2200,2205,2202.5,0.0001891,0.000945499,14
2205,2210,2207.5,0.000135071,0.000675356,10
2210,2215,2212.5,0.000162086,0.000810428,12
2215,2220,2217.5,0.000148578,0.000742892,11
2220,2225,2222.5,6.75356e-05,0.000337678,5
2225,2230,2227.5,0.000121564,0.000607821,9
2230,2235,2232.5,0.000175593,0.000877963,13
2235,2240,2237.5,0.000162086,0.000810428,12
2240,2245,2242.5,0.000202607,0.00101303,15
2245,2250,2247.5,0.000162086,0.000810428,12
2250,2255,2252.5,0.000108057,0.000540285,8
2255,2260,2257.5,0.000121564,0.000607821,9
2260,2265,2262.5,9.45499e-05,0.000472749,7
2265,2270,2267.5,0.000121564,0.000607821,9
2270,2275,2272.5,0.000135071,0.000675356,10
2275,2280,2277.5,0.000202607,0.00101303,15
2280,2285,2282.5,0.000229621,0.00114811,17
2285,2290,2287.5,0.0001891,0.000945499,14
2290,2295,2292.5,0.000202607,0.00101303,15
2295,2300,2297.5,0.000175593,0.000877963,13
2300,2305,2302.5,9.45499e-05,0.000472749,7
2305,2310,2307.5,0.000243128,0.00121564,18
2310,2315,2312.5,0.0001891,0.000945499,14
2315,2320,2317.5,0.000162086,0.000810428,12
2320,2325,2322.5,0.000108057,0.000540285,8
2325,2330,2327.5,0.000135071,0.000675356,10
2330,2335,2332.5,0.000216114,0.00108057,16
2335,2340,2337.5,0.000108057,0.000540285,8
2340,2345,2342.5,0.000202607,0.00101303,15
2345,2350,2347.5,0.000297157,0.00148578,22
2350,2355,2352.5,0.000108057,0.000540285,8
2355,2360,2357.5,0.0001891,0.000945499,14
2360,2365,2362.5,0.000148578,0.000742892,11
2365,2370,2367.5,0.000148578,0.000742892,11
2370,2375,2372.5,0.000148578,0.000742892,11
2375,2380,2377.5,0.000162086,0.000810428,12
2380,2385,2382.5,9.45499e-05,0.000472749,7
2385,2390,2387.5,0.000135071,0.000675356,10
2390,2395,2392.5,0.000148578,0.000742892,11
2395,2400,2397.5,0.000148578,0.000742892,11
2400,2405,2402.5,0.000175593,0.000877963,13
2405,2410,2407.5,0.000148578,0.000742892,11
2410,2415,2412.5,0.000108057,0.000540285,8
2415,2420,2417.5,0.000175593,0.000877963,13
2420,2425,2422.5,0.000121564,0.000607821,9
2425,2430,2427.5,0.000162086,0.000810428,12
2430,2435,2432.5,0.000108057,0.000540285,8
2435,2440,2437.5,0.000229621,0.00114811,17
2440,2445,2442.5,0.000108057,0.000540285,8
2445,2450,2447.5,0.000108057,0.000540285,8
2450,2455,2452.5,0.000108057,0.000540285,8
2455,2460,2457.5,0.000175593,0.000877963,13
2460,2465,2462.5,0.000121564,0.000607821,9
2465,2470,2467.5,0.000135071,0.000675356,10
2470,2475,2472.5,0.000135071,0.000675356,10
2475,2480,2477.5,0.000162086,0.000810428,12
2480,2485,2482.5,0.000121564,0.000607821,9
2485,2490,2487.5,0.000121564,0.000607821,9
2490,2495,2492.5,0.0001891,0.000945499,14
2495,2500,2497.5,0.000175593,0.000877963,13
2500,2505,2502.5,0.000148578,0.000742892,11
2505,2510,2507.5,0.000175593,0.000877963,13
2510,2515,2512.5,9.45499e-05,0.000472749,7
2515,2520,2517.5,8.10428e-05,0.000405214,6
2520,2525,2522.5,0.000162086,0.000810428,12
2525,2530,2527.5,0.000162086,0.000810428,12
2530,2535,2532.5,0.000175593,0.000877963,13
2535,2540,2537.5,0.000148578,0.000742892,11
2540,2545,2542.5,0.000135071,0.000675356,10
2545,2550,2547.5,0.000175593,0.000877963,13
2550,2555,2552.5,4.05214e-05,0.000202607,3
2555,2560,2557.5,0.000121564,0.000607821,9
2560,2565,2562.5,0.000121564,0.000607821,9
2565,2570,2567.5,6.75356e-05,0.000337678,5
2570,2575,2572.5,0.000135071,0.000675356,10
2575,2580,2577.5,6.75356e-05,0.000337678,5
2580,2585,2582.5,0.000135071,0.000675356,10
2585,2590,2587.5,0.000108057,0.000540285,8
2590,2595,2592.5,6.75356e-05,0.000337678,5
2595,2600,2597.5,0.000135071,0.000675356,10
2600,2605,2602.5,6.75356e-05,0.000337678,5
2605,2610,2607.5,0.000135071,0.000675356,10
2610,2615,2612.5,9.45499e-05,0.000472749,7
2615,2620,2617.5,0.000148578,0.000742892,11
2620,2625,2622.5,8.10428e-05,0.000405214,6
2625,2630,2627.5,0.000108057,0.000540285,8
2630,2635,2632.5,0.000175593,0.000877963,13
2635,2640,2637.5,0.000135071,0.000675356,10
2640,2645,2642.5,0.000108057,0.000540285,8
2645,2650,2647.5,0.0001891,0.000945499,14
2650,2655,2652.5,9.45499e-05,0.000472749,7
2655,2660,2657.5,0.000121564,0.000607821,9
2660,2665,2662.5,0.000108057,0.000540285,8
2665,2670,2667.5,0.000121564,0.000607821,9
2670,2675,2672.5,0.000135071,0.000675356,10
2675,2680,2677.5,0.000175593,0.000877963,13
2680,2685,2682.5,0.000243128,0.00121564,18
2685,2690,2687.5,0.000108057,0.000540285,8
2690,2695,2692.5,4.05214e-05,0.000202607,3
2695,2700,2697.5,0.000121564,0.000607821,9
2700,2705,2702.5,0.000135071,0.000675356,10
2705,2710,2707.5,0.000121564,0.000607821,9
2710,2715,2712.5,0.000135071,0.000675356,10
2715,2720,2717.5,0.000121564,0.000607821,9
2720,2725,2722.5,0.000162086,0.000810428,12
2725,2730,2727.5,0.000162086,0.000810428,12
2730,2735,2732.5,0.000121564,0.000607821,9
2735,2740,2737.5,0.000121564,0.000607821,9
2740,2745,2742.5,0.000175593,0.000877963,13
2745,2750,2747.5,0.000108057,0.000540285,8
2750,2755,2752.5,9.45499e-05,0.000472749,7
2755,2760,2757.5,0.0001891,0.000945499,14
2760,2765,2762.5,9.45499e-05,0.000472749,7
2765,2770,2767.5,0.000148578,0.000742892,11
2770,2775,2772.5,9.45499e-05,0.000472749,7
2775,2780,2777.5,6.75356e-05,0.000337678,5
2780,2785,2782.5,0.000135071,0.000675356,10
2785,2790,2787.5,0.000175593,0.000877963,13
2790,2795,2792.5,0.000162086,0.000810428,12
2795,2800,2797.5,0.000175593,0.000877963,13
2800,2805,2802.5,6.75356e-05,0.000337678,5
2805,2810,2807.5,0.000108057,0.000540285,8
2810,2815,2812.5,0.000148578,0.000742892,11
2815,2820,2817.5,0.000148578,0.000742892,11
2820,2825,2822.5,0.000121564,0.000607821,9
2825,2830,2827.5,0.000162086,0.000810428,12
2830,2835,2832.5,0.000135071,0.000675356,10
2835,2840,2837.5,0.000108057,0.000540285,8
2840,2845,2842.5,0.000135071,0.000675356,10
2845,2850,2847.5,0.000135071,0.000675356,10
2850,2855,2852.5,0.000148578,0.000742892,11
2855,2860,2857.5,9.45499e-05,0.000472749,7
2860,2865,2862.5,6.75356e-05,0.000337678,5
2865,2870,2867.5,9.45499e-05,0.000472749,7
2870,2875,2872.5,0.000175593,0.000877963,13
2875,2880,2877.5,0.000121564,0.000607821,9
2880,2885,2882.5,0.000108057,0.000540285,8
2885,2890,2887.5,8.10428e-05,0.000405214,6
2890,2895,2892.5,5.40285e-05,0.000270143,4
2895,2900,2897.5,8.10428e-05,0.000405214,6
2900,2905,2902.5,0.000108057,0.000540285,8
2905,2910,2907.5,0.000148578,0.000742892,11
2910,2915,2912.5,0.000148578,0.000742892,11
2915,2920,2917.5,0.000135071,0.000675356,10
2920,2925,2922.5,0.0001891,0.000945499,14
2925,2930,2927.5,0.000148578,0.000742892,11
2930,2935,2932.5,0.000135071,0.000675356,10
2935,2940,2937.5,9.45499e-05,0.000472749,7
2940,2945,2942.5,0.000135071,0.000675356,10
2945,2950,2947.5,0.000135071,0.000675356,10
2950,2955,2952.5,0.000162086,0.000810428,12
2955,2960,2957.5,0.000202607,0.00101303,15
2960,2965,2962.5,0.000148578,0.000742892,11
2965,2970,2967.5,5.40285e-05,0.000270143,4
2970,2975,2972.5,0.000148578,0.000742892,11
2975,2980,2977.5,0.000121564,0.000607821,9
2980,2985,2982.5,8.10428e-05,0.000405214,6
2985,2990,2987.5,6.75356e-05,0.000337678,5
2990,2995,2992.5,0.000121564,0.000607821,9
2995,3000,2997.5,0.000108057,0.000540285,8
3000,3005,3002.5,0.000108057,0.000540285,8
3005,3010,3007.5,0.000121564,0.000607821,9
3010,3015,3012.5,9.45499e-05,0.000472749,7
3015,3020,3017.5,0.000135071,0.000675356,10
3020,3025,3022.5,0.0001891,0.000945499,14
3025,3030,3027.5,6.75356e-05,0.000337678,5
3030,3035,3032.5,9.45499e-05,0.000472749,7
3035,3040,3037.5,0.000135071,0.000675356,10
3040,3045,3042.5,0.000148578,0.000742892,11
3045,3050,3047.5,6.75356e-05,0.000337678,5
3050,3055,3052.5,0.000121564,0.000607821,9
3055,3060,3057.5,0.000121564,0.000607821,9
3060,3065,3062.5,6.75356e-05,0.000337678,5
3065,3070,3067.5,0.000162086,0.000810428,12
3070,3075,3072.5,0.000175593,0.000877963,13
3075,3080,3077.5,0.000108057,0.000540285,8
3080,3085,3082.5,9.45499e-05,0.000472749,7
3085,3090,3087.5,4.05214e-05,0.000202607,3
3090,3095,3092.5,0.000108057,0.000540285,8
3095,3100,3097.5,6.75356e-05,0.000337678,5
3100,3105,3102.5,0.000148578,0.000742892,11
3105,3110,3107.5,0.000108057,0.000540285,8
3110,3115,3112.5,0.000162086,0.000810428,12
3115,3120,3117.5,9.45499e-05,0.000472749,7
3120,3125,3122.5,0.000108057,0.000540285,8
3125,3130,3127.5,5.40285e-05,0.000270143,4
3130,3135,3132.5,0.000216114,0.00108057,16
3135,3140,3137.5,5.40285e-05,0.000270143,4
3140,3145,3142.5,0.0001891,0.000945499,14
3145,3150,3147.5,0.000135071,0.000675356,10
3150,3155,3152.5,0.000202607,0.00101303,15
3155,3160,3157.5,0.000135071,0.000675356,10
3160,3165,3162.5,0.000135071,0.000675356,10
3165,3170,3167.5,0.000108057,0.000540285,8
3170,3175,3172.5,5.40285e-05,0.000270143,4
3175,3180,3177.5,0.000135071,0.000675356,10
3180,3185,3182.5,5.40285e-05,0.000270143,4
3185,3190,3187.5,0.000148578,0.000742892,11
3190,3195,3192.5,0.000135071,0.000675356,10
3195,3200,3197.5,2.70143e-05,0.000135071,2
3200,3205,3202.5,0.000148578,0.000742892,11
3205,3210,3207.5,9.45499e-05,0.000472749,7
3210,3215,3212.5,0.000108057,0.000540285,8
3215,3220,3217.5,4.05214e-05,0.000202607,3
3220,3225,3222.5,6.75356e-05,0.000337678,5
3225,3230,3227.5,0.000148578,0.000742892,11
3230,3235,3232.5,0.000135071,0.000675356,10
3235,3240,3237.5,0.000135071,0.000675356,10
3240,3245,3242.5,0.000135071,0.000675356,10
3245,3250,3247.5,8.10428e-05,0.000405214,6
3250,3255,3252.5,0.000108057,0.000540285,8
3255,3260,3257.5,6.75356e-05,0.000337678,5
3260,3265,3262.5,0.000175593,0.000877963,13
3265,3270,3267.5,8.10428e-05,0.000405214,6
3270,3275,3272.5,0.000135071,0.000675356,10
3275,3280,3277.5,0.0001891,0.000945499,14
3280,3285,3282.5,9.45499e-05,0.000472749,7
3285,3290,3287.5,5.40285e-05,0.000270143,4
3290,3295,3292.5,0.000121564,0.000607821,9
3295,3300,3297.5,0.000175593,0.000877963,13
3300,3305,3302.5,0.000121564,0.000607821,9
3305,3310,3307.5,8.10428e-05,0.000405214,6
3310,3315,3312.5,0.000175593,0.000877963,13
3315,3320,3317.5,0.000135071,0.000675356,10
3320,3325,3322.5,0.000148578,0.000742892,11
3325,3330,3327.5,0.000108057,0.000540285,8
3330,3335,3332.5,0.000121564,0.000607821,9
3335,3340,3337.5,0.000135071,0.000675356,10
3340,3345,3342.5,0.000135071,0.000675356,10
3345,3350,3347.5,6.75356e-05,0.000337678,5
3350,3355,3352.5,6.75356e-05,0.000337678,5
3355,3360,3357.5,9.45499e-05,0.000472749,7
3360,3365,3362.5,8.10428e-05,0.000405214,6
3365,3370,3367.5,0.000135071,0.000675356,10
3370,3375,3372.5,8.10428e-05,0.000405214,6
3375,3380,3377.5,8.10428e-05,0.000405214,6
3380,3385,3382.5,0.000202607,0.00101303,15
3385,3390,3387.5,6.75356e-05,0.000337678,5
3390,3395,3392.5,0.000202607,0.00101303,15
3395,3400,3397.5,0.000108057,0.000540285,8
3400,3405,3402.5,0.0001891,0.000945499,14
3405,3410,3407.5,0.0001891,0.000945499,14
3410,3415,3412.5,4.05214e-05,0.000202607,3
3415,3420,3417.5,0.000108057,0.000540285,8
3420,3425,3422.5,9.45499e-05,0.000472749,7
3425,3430,3427.5,9.45499e-05,0.000472749,7
3430,3435,3432.5,8.10428e-05,0.000405214,6
3435,3440,3437.5,0.0001891,0.000945499,14
3440,3445,3442.5,6.75356e-05,0.000337678,5
3445,3450,3447.5,0.000121564,0.000607821,9
3450,3455,3452.5,6.75356e-05,0.000337678,5
3455,3460,3457.5,0.000108057,0.000540285,8
3460,3465,3462.5,9.45499e-05,0.000472749,7
3465,3470,3467.5,0.000229621,0.00114811,17
3470,3475,3472.5,8.10428e-05,0.000405214,6
3475,3480,3477.5,8.10428e-05,0.000405214,6
3480,3485,3482.5,0.000148578,0.000742892,11
3485,3490,3487.5,0.000121564,0.000607821,9
3490,3495,3492.5,0.000121564,0.000607821,9
3495,3500,3497.5,6.75356e-05,0.000337678,5
3500,3505,3502.5,9.45499e-05,0.000472749,7
3505,3510,3507.5,0.000135071,0.000675356,10
3510,3515,3512.5,0.000148578,0.000742892,11
3515,3520,3517.5,0.000148578,0.000742892,11
3520,3525,3522.5,9.45499e-05,0.000472749,7
3525,3530,3527.5,0.000108057,0.000540285,8
3530,3535,3532.5,0.000108057,0.000540285,8
3535,3540,3537.5,9.45499e-05,0.000472749,7
3540,3545,3542.5,0.000135071,0.000675356,10
3545,3550,3547.5,0.000202607,0.00101303,15
3550,3555,3552.5,0.000162086,0.000810428,12
3555,3560,3557.5,4.05214e-05,0.000202607,3
3560,3565,3562.5,0.000108057,0.000540285,8
3565,3570,3567.5,0.000135071,0.000675356,10
3570,3575,3572.5,8.10428e-05,0.000405214,6
3575,3580,3577.5,9.45499e-05,0.000472749,7
3580,3585,3582.5,8.10428e-05,0.000405214,6
3585,3590,3587.5,0.000148578,0.000742892,11
3590,3595,3592.5,5.40285e-05,0.000270143,4
3595,3600,3597.5,0.000148578,0.000742892,11
3600,3605,3602.5,9.45499e-05,0.000472749,7
3605,3610,3607.5,4.05214e-05,0.000202607,3
3610,3615,3612.5,0.000108057,0.000540285,8
3615,3620,3617.5,0.000108057,0.000540285,8
3620,3625,3622.5,0.000148578,0.000742892,11
3625,3630,3627.5,0.000108057,0.000540285,8
3630,3635,3632.5,0.0001891,0.000945499,14
3635,3640,3637.5,0.000216114,0.00108057,16
3640,3645,3642.5,4.05214e-05,0.000202607,3
3645,3650,3647.5,8.10428e-05,0.000405214,6
3650,3655,3652.5,9.45499e-05,0.000472749,7
3655,3660,3657.5,2.70143e-05,0.000135071,2
3660,3665,3662.5,0.000148578,0.000742892,11
3665,3670,3667.5,0.000121564,0.000607821,9
3670,3675,3672.5,6.75356e-05,0.000337678,5
3675,3680,3677.5,0.000108057,0.000540285,8
3680,3685,3682.5,9.45499e-05,0.000472749,7
3685,3690,3687.5,0.000135071,0.000675356,10
3690,3695,3692.5,0.000162086,0.000810428,12
3695,3700,3697.5,6.75356e-05,0.000337678,5
3700,3705,3702.5,0.000175593,0.000877963,13
3705,3710,3707.5,5.40285e-05,0.000270143,4
3710,3715,3712.5,6.75356e-05,0.000337678,5
3715,3720,3717.5,0.000135071,0.000675356,10
3720,3725,3722.5,0.000135071,0.000675356,10
3725,3730,3727.5,9.45499e-05,0.000472749,7
3730,3735,3732.5,0.000162086,0.000810428,12
3735,3740,3737.5,0.000108057,0.000540285,8
3740,3745,3742.5,0.000121564,0.000607821,9
3745,3750,3747.5,8.10428e-05,0.000405214,6
3750,3755,3752.5,0.000108057,0.000540285,8
3755,3760,3757.5,0.000108057,0.000540285,8
3760,3765,3762.5,0.000108057,0.000540285,8
3765,3770,3767.5,0.000121564,0.000607821,9
3770,3775,3772.5,0.000148578,0.000742892,11
3775,3780,3777.5,0.000121564,0.000607821,9
3780,3785,3782.5,0.000229621,0.00114811,17
3785,3790,3787.5,0.000121564,0.000607821,9
3790,3795,3792.5,0.000108057,0.000540285,8
3795,3800,3797.5,8.10428e-05,0.000405214,6
3800,3805,3802.5,8.10428e-05,0.000405214,6
3805,3810,3807.5,6.75356e-05,0.000337678,5
3810,3815,3812.5,9.45499e-05,0.000472749,7
3815,3820,3817.5,9.45499e-05,0.000472749,7
3820,3825,3822.5,9.45499e-05,0.000472749,7
3825,3830,3827.5,8.10428e-05,0.000405214,6
3830,3835,3832.5,8.10428e-05,0.000405214,6
3835,3840,3837.5,0.000108057,0.000540285,8
3840,3845,3842.5,9.45499e-05,0.000472749,7
3845,3850,3847.5,4.05214e-05,0.000202607,3
3850,3855,3852.5,0.000148578,0.000742892,11
3855,3860,3857.5,9.45499e-05,0.000472749,7
3860,3865,3862.5,0.000108057,0.000540285,8
3865,3870,3867.5,0.000135071,0.000675356,10
3870,3875,3872.5,9.45499e-05,0.000472749,7
3875,3880,3877.5,0.000162086,0.000810428,12
3880,3885,3882.5,0.000135071,0.000675356,10
3885,3890,3887.5,9.45499e-05,0.000472749,7
3890,3895,3892.5,5.40285e-05,0.000270143,4
3895,3900,3897.5,5.40285e-05,0.000270143,4
3900,3905,3902.5,0.000148578,0.000742892,11
3905,3910,3907.5,6.75356e-05,0.000337678,5
3910,3915,3912.5,5.40285e-05,0.000270143,4
3915,3920,3917.5,2.70143e-05,0.000135071,2
3920,3925,3922.5,0.000108057,0.000540285,8
3925,3930,3927.5,0.000135071,0.000675356,10
3930,3935,3932.5,0.000108057,0.000540285,8
3935,3940,3937.5,0.000108057,0.000540285,8
3940,3945,3942.5,5.40285e-05,0.000270143,4
3945,3950,3947.5,0.000135071,0.000675356,10
3950,3955,3952.5,0.000108057,0.000540285,8
3955,3960,3957.5,6.75356e-05,0.000337678,5
3960,3965,3962.5,0.000135071,0.000675356,10
3965,3970,3967.5,5.40285e-05,0.000270143,4
3970,3975,3972.5,2.70143e-05,0.000135071,2
3975,3980,3977.5,5.40285e-05,0.000270143,4
3980,3985,3982.5,8.10428e-05,0.000405214,6
3985,3990,3987.5,0.000162086,0.000810428,12
3990,3995,3992.5,0.000108057,0.000540285,8
3995,4000,3997.5,0.000135071,0.000675356,10
4000,4005,4002.5,5.40285e-05,0.000270143,4
4005,4010,4007.5,6.75356e-05,0.000337678,5
4010,4015,4012.5,6.75356e-05,0.000337678,5
4015,4020,4017.5,6.75356e-05,0.000337678,5
4020,4025,4022.5,8.10428e-05,0.000405214,6
4025,4030,4027.5,0.000121564,0.000607821,9
4030,4035,4032.5,9.45499e-05,0.000472749,7
4035,4040,4037.5,0.000108057,0.000540285,8
4040,4045,4042.5,0.000108057,0.000540285,8
4045,4050,4047.5,6.75356e-05,0.000337678,5
4050,4055,4052.5,0.000108057,0.000540285,8
4055,4060,4057.5,9.45499e-05,0.000472749,7
4060,4065,4062.5,6.75356e-05,0.000337678,5
4065,4070,4067.5,8.10428e-05,0.000405214,6
4070,4075,4072.5,0.000108057,0.000540285,8
4075,4080,4077.5,0.000108057,0.000540285,8
4080,4085,4082.5,0.000121564,0.000607821,9
4085,4090,4087.5,9.45499e-05,0.000472749,7
4090,4095,4092.5,5.40285e-05,0.000270143,4
4095,4100,4097.5,0.000148578,0.000742892,11
4100,4105,4102.5,0.000108057,0.000540285,8
4105,4110,4107.5,8.10428e-05,0.000405214,6
4110,4115,4112.5,5.40285e-05,0.000270143,4
4115,4120,4117.5,8.10428e-05,0.000405214,6
4120,4125,4122.5,0.000108057,0.000540285,8
4125,4130,4127.5,6.75356e-05,0.000337678,5
4130,4135,4132.5,9.45499e-05,0.000472749,7
4135,4140,4137.5,0.000121564,0.000607821,9
4140,4145,4142.5,8.10428e-05,0.000405214,6
4145,4150,4147.5,0.000148578,0.000742892,11
4150,4155,4152.5,0.000162086,0.000810428,12
4155,4160,4157.5,0.000229621,0.00114811,17
4160,4165,4162.5,6.75356e-05,0.000337678,5
4165,4170,4167.5,5.40285e-05,0.000270143,4
4170,4175,4172.5,8.10428e-05,0.000405214,6
4175,4180,4177.5,5.40285e-05,0.000270143,4
4180,4185,4182.5,0.000108057,0.000540285,8
4185,4190,4187.5,0.000108057,0.000540285,8
4190,4195,4192.5,0.000108057,0.000540285,8
4195,4200,4197.5,0.000148578,0.000742892,11
4200,4205,4202.5,0.000108057,0.000540285,8
4205,4210,4207.5,0.000175593,0.000877963,13
4210,4215,4212.5,0.000108057,0.000540285,8
4215,4220,4217.5,8.10428e-05,0.000405214,6
4220,4225,4222.5,8.10428e-05,0.000405214,6
4225,4230,4227.5,8.10428e-05,0.000405214,6
4230,4235,4232.5,4.05214e-05,0.000202607,3
4235,4240,4237.5,8.10428e-05,0.000405214,6
4240,4245,4242.5,5.40285e-05,0.000270143,4
4245,4250,4247.5,6.75356e-05,0.000337678,5
4250,4255,4252.5,8.10428e-05,0.000405214,6
4255,4260,4257.5,0.000148578,0.000742892,11
4260,4265,4262.5,9.45499e-05,0.000472749,7
4265,4270,4267.5,8.10428e-05,0.000405214,6
4270,4275,4272.5,4.05214e-05,0.000202607,3
4275,4280,4277.5,4.05214e-05,0.000202607,3
4280,4285,4282.5,0.000135071,0.000675356,10
4285,4290,4287.5,9.45499e-05,0.000472749,7
4290,4295,4292.5,0.000148578,0.000742892,11
4295,4300,4297.5,8.10428e-05,0.000405214,6
4300,4305,4302.5,0.000108057,0.000540285,8
4305,4310,4307.5,0.000162086,0.000810428,12
4310,4315,4312.5,5.40285e-05,0.000270143,4
4315,4320,4317.5,0.000108057,0.000540285,8
4320,4325,4322.5,6.75356e-05,0.000337678,5
4325,4330,4327.5,0.000121564,0.000607821,9
4330,4335,4332.5,5.40285e-05,0.000270143,4
4335,4340,4337.5,6.75356e-05,0.000337678,5
4340,4345,4342.5,6.75356e-05,0.000337678,5
4345,4350,4347.5,5.40285e-05,0.000270143,4
4350,4355,4352.5,1.35071e-05,6.75356e-05,1
4355,4360,4357.5,1.35071e-05,6.75356e-05,1
4360,4365,4362.5,1.35071e-05,6.75356e-05,1
4365,4370,4367.5,4.05214e-05,0.000202607,3
4375,4380,4377.5,6.75356e-05,0.000337678,5
4380,4385,4382.5,4.05214e-05,0.000202607,3
4385,4390,4387.5,9.45499e-05,0.000472749,7
4390,4395,4392.5,4.05214e-05,0.000202607,3
4395,4400,4397.5,2.70143e-05,0.000135071,2
4400,4405,4402.5,2.70143e-05,0.000135071,2
4405,4410,4407.5,1.35071e-05,6.75356e-05,1
4410,4415,4412.5,2.70143e-05,0.000135071,2
4415,4420,4417.5,5.40285e-05,0.000270143,4
4420,4425,4422.5,4.05214e-05,0.000202607,3
4425,4430,4427.5,4.05214e-05,0.000202607,3
4430,4435,4432.5,6.75356e-05,0.000337678,5
4435,4440,4437.5,1.35071e-05,6.75356e-05,1
4440,4445,4442.5,6.75356e-05,0.000337678,5
4445,4450,4447.5,1.35071e-05,6.75356e-05,1
4450,4455,4452.5,5.40285e-05,0.000270143,4
4455,4460,4457.5,2.70143e-05,0.000135071,2
4460,4465,4462.5,5.40285e-05,0.000270143,4
4465,4470,4467.5,2.70143e-05,0.000135071,2
4470,4475,4472.5,2.70143e-05,0.000135071,2
4475,4480,4477.5,5.40285e-05,0.000270143,4
4480,4485,4482.5,6.75356e-05,0.000337678,5
4485,4490,4487.5,4.05214e-05,0.000202607,3
4490,4495,4492.5,5.40285e-05,0.000270143,4
4495,4500,4497.5,5.40285e-05,0.000270143,4
4500,4505,4502.5,6.75356e-05,0.000337678,5
4505,4510,4507.5,2.70143e-05,0.000135071,2
4510,4515,4512.5,5.40285e-05,0.000270143,4
4515,4520,4517.5,5.40285e-05,0.000270143,4
4520,4525,4522.5,5.40285e-05,0.000270143,4
4525,4530,4527.5,6.75356e-05,0.000337678,5
4530,4535,4532.5,5.40285e-05,0.000270143,4
4535,4540,4537.5,5.40285e-05,0.000270143,4
4540,4545,4542.5,8.10428e-05,0.000405214,6
4545,4550,4547.5,5.40285e-05,0.000270143,4
4550,4555,4552.5,6.75356e-05,0.000337678,5
4555,4560,4557.5,6.75356e-05,0.000337678,5
4560,4565,4562.5,2.70143e-05,0.000135071,2
4565,4570,4567.5,2.70143e-05,0.000135071,2
4570,4575,4572.5,1.35071e-05,6.75356e-05,1
4575,4580,4577.5,5.40285e-05,0.000270143,4
4580,4585,4582.5,4.05214e-05,0.000202607,3
4585,4590,4587.5,2.70143e-05,0.000135071,2
4590,4595,4592.5,5.40285e-05,0.000270143,4
4595,4600,4597.5,1.35071e-05,6.75356e-05,1
4600,4605,4602.5,4.05214e-05,0.000202607,3
4605,4610,4607.5,2.70143e-05,0.000135071,2
4610,4615,4612.5,4.05214e-05,0.000202607,3
4615,4620,4617.5,4.05214e-05,0.000202607,3
4620,4625,4622.5,1.35071e-05,6.75356e-05,1
4625,4630,4627.5,8.10428e-05,0.000405214,6
4630,4635,4632.5,2.70143e-05,0.000135071,2
4635,4640,4637.5,1.35071e-05,6.75356e-05,1
4640,4645,4642.5,1.35071e-05,6.75356e-05,1
4645,4650,4647.5,5.40285e-05,0.000270143,4
4650,4655,4652.5,1.35071e-05,6.75356e-05,1
4655,4660,4657.5,4.05214e-05,0.000202607,3
4660,4665,4662.5,2.70143e-05,0.000135071,2
4670,4675,4672.5,1.35071e-05,6.75356e-05,1
4675,4680,4677.5,5.40285e-05,0.000270143,4
4680,4685,4682.5,2.70143e-05,0.000135071,2
4685,4690,4687.5,8.10428e-05,0.000405214,6
4690,4695,4692.5,5.40285e-05,0.000270143,4
4695,4700,4697.5,4.05214e-05,0.000202607,3
4700,4705,4702.5,2.70143e-05,0.000135071,2
4705,4710,4707.5,1.35071e-05,6.75356e-05,1
4710,4715,4712.5,2.70143e-05,0.000135071,2
4715,4720,4717.5,2.70143e-05,0.000135071,2
4720,4725,4722.5,8.10428e-05,0.000405214,6
4730,4735,4732.5,2.70143e-05,0.000135071,2
4740,4745,4742.5,4.05214e-05,0.000202607,3
4745,4750,4747.5,2.70143e-05,0.000135071,2
4750,4755,4752.5,2.70143e-05,0.000135071,2
4755,4760,4757.5,2.70143e-05,0.000135071,2
4760,4765,4762.5,4.05214e-05,0.000202607,3
4765,4770,4767.5,5.40285e-05,0.000270143,4
4770,4775,4772.5,2.70143e-05,0.000135071,2
4775,4780,4777.5,2.70143e-05,0.000135071,2
4780,4785,4782.5,0.000108057,0.000540285,8
4785,4790,4787.5,2.70143e-05,0.000135071,2
4790,4795,4792.5,2.70143e-05,0.000135071,2
4795,4800,4797.5,2.70143e-05,0.000135071,2
4800,4805,4802.5,4.05214e-05,0.000202607,3
4805,4810,4807.5,4.05214e-05,0.000202607,3
4810,4815,4812.5,4.05214e-05,0.000202607,3
4815,4820,4817.5,1.35071e-05,6.75356e-05,1
4820,4825,4822.5,1.35071e-05,6.75356e-05,1
4825,4830,4827.5,2.70143e-05,0.000135071,2
4830,4835,4832.5,9.45499e-05,0.000472749,7
4835,4840,4837.5,2.70143e-05,0.000135071,2
4840,4845,4842.5,2.70143e-05,0.000135071,2
4845,4850,4847.5,1.35071e-05,6.75356e-05,1
4850,4855,4852.5,2.70143e-05,0.000135071,2
4855,4860,4857.5,1.35071e-05,6.75356e-05,1
4860,4865,4862.5,2.70143e-05,0.000135071,2
4865,4870,4867.5,1.35071e-05,6.75356e-05,1
4870,4875,4872.5,2.70143e-05,0.000135071,2
4875,4880,4877.5,1.35071e-05,6.75356e-05,1
4880,4885,4882.5,4.05214e-05,0.000202607,3
4885,4890,4887.5,1.35071e-05,6.75356e-05,1
4890,4895,4892.5,4.05214e-05,0.000202607,3
4900,4905,4902.5,4.05214e-05,0.000202607,3
4905,4910,4907.5,8.10428e-05,0.000405214,6
4910,4915,4912.5,1.35071e-05,6.75356e-05,1
4915,4920,4917.5,4.05214e-05,0.000202607,3
4920,4925,4922.5,4.05214e-05,0.000202607,3
4925,4930,4927.5,5.40285e-05,0.000270143,4
4930,4935,4932.5,1.35071e-05,6.75356e-05,1
4940,4945,4942.5,1.35071e-05,6.75356e-05,1
4945,4950,4947.5,5.40285e-05,0.000270143,4
4950,4955,4952.5,1.35071e-05,6.75356e-05,1
4955,4960,4957.5,1.35071e-05,6.75356e-05,1
4960,4965,4962.5,5.40285e-05,0.000270143,4
4965,4970,4967.5,1.35071e-05,6.75356e-05,1
4970,4975,4972.5,2.70143e-05,0.000135071,2
4975,4980,4977.5,2.70143e-05,0.000135071,2
4980,4985,4982.5,2.70143e-05,0.000135071,2
4985,4990,4987.5,1.35071e-05,6.75356e-05,1
4990,4995,4992.5,2.70143e-05,0.000135071,2
4995,5000,4997.5,8.10428e-05,0.000405214,6
5000,5005,5002.5,1.35071e-05,6.75356e-05,1
5005,5010,5007.5,1.35071e-05,6.75356e-05,1
5010,5015,5012.5,1.35071e-05,6.75356e-05,1
5015,5020,5017.5,2.70143e-05,0.000135071,2
5020,5025,5022.5,2.70143e-05,0.000135071,2
5025,5030,5027.5,4.05214e-05,0.000202607,3
5030,5035,5032.5,1.35071e-05,6.75356e-05,1
5035,5040,5037.5,4.05214e-05,0.000202607,3
5040,5045,5042.5,2.70143e-05,0.000135071,2
5045,5050,5047.5,4.05214e-05,0.000202607,3
5055,5060,5057.5,4.05214e-05,0.000202607,3
5060,5065,5062.5,5.40285e-05,0.000270143,4
5065,5070,5067.5,2.70143e-05,0.000135071,2
5070,5075,5072.5,1.35071e-05,6.75356e-05,1
5075,5080,5077.5,1.35071e-05,6.75356e-05,1
5080,5085,5082.5,2.70143e-05,0.000135071,2
5085,5090,5087.5,2.70143e-05,0.000135071,2
5090,5095,5092.5,1.35071e-05,6.75356e-05,1
5100,5105,5102.5,2.70143e-05,0.000135071,2
5105,5110,5107.5,2.70143e-05,0.000135071,2
5110,5115,5112.5,5.40285e-05,0.000270143,4
5125,5130,5127.5,2.70143e-05,0.000135071,2
5130,5135,5132.5,1.35071e-05,6.75356e-05,1
5135,5140,5137.5,4.05214e-05,0.000202607,3
5140,5145,5142.5,6.75356e-05,0.000337678,5
5145,5150,5147.5,2.70143e-05,0.000135071,2
5150,5155,5152.5,2.70143e-05,0.000135071,2
5155,5160,5157.5,4.05214e-05,0.000202607,3
5160,5165,5162.5,4.05214e-05,0.000202607,3
5165,5170,5167.5,2.70143e-05,0.000135071,2
5170,5175,5172.5,1.35071e-05,6.75356e-05,1
5175,5180,5177.5,1.35071e-05,6.75356e-05,1
5180,5185,5182.5,1.35071e-05,6.75356e-05,1
5185,5190,5187.5,2.70143e-05,0.000135071,2
5190,5195,5192.5,2.70143e-05,0.000135071,2
5195,5200,5197.5,1.35071e-05,6.75356e-05,1
5200,5205,5202.5,2.70143e-05,0.000135071,2
5205,5210,5207.5,2.70143e-05,0.000135071,2
5210,5215,5212.5,2.70143e-05,0.000135071,2
5220,5225,5222.5,5.40285e-05,0.000270143,4
5225,5230,5227.5,2.70143e-05,0.000135071,2
5230,5235,5232.5,2.70143e-05,0.000135071,2
5235,5240,5237.5,2.70143e-05,0.000135071,2
5240,5245,5242.5,1.35071e-05,6.75356e-05,1
5245,5250,5247.5,6.75356e-05,0.000337678,5
5250,5255,5252.5,4.05214e-05,0.000202607,3
5255,5260,5257.5,5.40285e-05,0.000270143,4
5260,5265,5262.5,1.35071e-05,6.75356e-05,1
5265,5270,5267.5,2.70143e-05,0.000135071,2
5270,5275,5272.5,1.35071e-05,6.75356e-05,1
5275,5280,5277.5,1.35071e-05,6.75356e-05,1
5280,5285,5282.5,2.70143e-05,0.000135071,2
5285,5290,5287.5,4.05214e-05,0.000202607,3
5290,5295,5292.5,2.70143e-05,0.000135071,2
5295,5300,5297.5,4.05214e-05,0.000202607,3
5305,5310,5307.5,1.35071e-05,6.75356e-05,1
5310,5315,5312.5,1.35071e-05,6.75356e-05,1
5315,5320,5317.5,2.70143e-05,0.000135071,2
5320,5325,5322.5,4.05214e-05,0.000202607,3
5330,5335,5332.5,5.40285e-05,0.000270143,4
5340,5345,5342.5,2.70143e-05,0.000135071,2
5345,5350,5347.5,1.35071e-05,6.75356e-05,1
5355,5360,5357.5,8.10428e-05,0.000405214,6
5360,5365,5362.5,5.40285e-05,0.000270143,4
5365,5370,5367.5,4.05214e-05,0.000202607,3
5370,5375,5372.5,1.35071e-05,6.75356e-05,1
5375,5380,5377.5,1.35071e-05,6.75356e-05,1
5380,5385,5382.5,1.35071e-05,6.75356e-05,1
5390,5395,5392.5,2.70143e-05,0.000135071,2
5395,5400,5397.5,2.70143e-05,0.000135071,2
5400,5405,5402.5,1.35071e-05,6.75356e-05,1
5405,5410,5407.5,1.35071e-05,6.75356e-05,1
5415,5420,5417.5,1.35071e-05,6.75356e-05,1
5420,5425,5422.5,2.70143e-05,0.000135071,2
5425,5430,5427.5,2.70143e-05,0.000135071,2
5430,5435,5432.5,1.35071e-05,6.75356e-05,1
5440,5445,5442.5,2.70143e-05,0.000135071,2
5445,5450,5447.5,6.75356e-05,0.000337678,5
5450,5455,5452.5,1.35071e-05,6.75356e-05,1
5455,5460,5457.5,6.75356e-05,0.000337678,5
5460,5465,5462.5,2.70143e-05,0.000135071,2
5465,5470,5467.5,1.35071e-05,6.75356e-05,1
5470,5475,5472.5,5.40285e-05,0.000270143,4
5475,5480,5477.5,4.05214e-05,0.000202607,3
5480,5485,5482.5,2.70143e-05,0.000135071,2
5485,5490,5487.5,1.35071e-05,6.75356e-05,1
5490,5495,5492.5,4.05214e-05,0.000202607,3
5495,5500,5497.5,2.70143e-05,0.000135071,2
5500,5505,5502.5,1.35071e-05,6.75356e-05,1
5505,5510,5507.5,2.70143e-05,0.000135071,2
5510,5515,5512.5,2.70143e-05,0.000135071,2
5515,5520,5517.5,2.70143e-05,0.000135071,2
5520,5525,5522.5,1.35071e-05,6.75356e-05,1
5530,5535,5532.5,1.35071e-05,6.75356e-05,1
5540,5545,5542.5,5.40285e-05,0.000270143,4
5545,5550,5547.5,1.35071e-05,6.75356e-05,1
5550,5555,5552.5,2.70143e-05,0.000135071,2
5555,5560,5557.5,1.35071e-05,6.75356e-05,1
5560,5565,5562.5,2.70143e-05,0.000135071,2
5570,5575,5572.5,4.05214e-05,0.000202607,3
5575,5580,5577.5,2.70143e-05,0.000135071,2
5585,5590,5587.5,5.40285e-05,0.000270143,4
5590,5595,5592.5,1.35071e-05,6.75356e-05,1
5595,5600,5597.5,2.70143e-05,0.000135071,2
5605,5610,5607.5,5.40285e-05,0.000270143,4
5610,5615,5612.5,1.35071e-05,6.75356e-05,1
5615,5620,5617.5,6.75356e-05,0.000337678,5
5620,5625,5622.5,1.35071e-05,6.75356e-05,1
5625,5630,5627.5,4.05214e-05,0.000202607,3
5630,5635,5632.5,2.70143e-05,0.000135071,2
5640,5645,5642.5,5.40285e-05,0.000270143,4
5645,5650,5647.5,2.70143e-05,0.000135071,2
5650,5655,5652.5,2.70143e-05,0.000135071,2
5655,5660,5657.5,1.35071e-05,6.75356e-05,1
5660,5665,5662.5,2.70143e-05,0.000135071,2
5665,5670,5667.5,5.40285e-05,0.000270143,4
5670,5675,5672.5,1.35071e-05,6.75356e-05,1
5675,5680,5677.5,1.35071e-05,6.75356e-05,1
5680,5685,5682.5,4.05214e-05,0.000202607,3
5685,5690,5687.5,4.05214e-05,0.000202607,3
5695,5700,5697.5,2.70143e-05,0.000135071,2
5700,5705,5702.5,8.10428e-05,0.000405214,6
5710,5715,5712.5,4.05214e-05,0.000202607,3
5720,5725,5722.5,1.35071e-05,6.75356e-05,1
5725,5730,5727.5,1.35071e-05,6.75356e-05,1
5730,5735,5732.5,4.05214e-05,0.000202607,3
5735,5740,5737.5,5.40285e-05,0.000270143,4
5740,5745,5742.5,4.05214e-05,0.000202607,3
5745,5750,5747.5,2.70143e-05,0.000135071,2
5750,5755,5752.5,4.05214e-05,0.000202607,3
5755,5760,5757.5,2.70143e-05,0.000135071,2
5765,5770,5767.5,2.70143e-05,0.000135071,2
5770,5775,5772.5,4.05214e-05,0.000202607,3
5775,5780,5777.5,8.10428e-05,0.000405214,6
5780,5785,5782.5,1.35071e-05,6.75356e-05,1
5785,5790,5787.5,5.40285e-05,0.000270143,4
5790,5795,5792.5,2.70143e-05,0.000135071,2
5795,5800,5797.5,1.35071e-05,6.75356e-05,1
5800,5805,5802.5,1.35071e-05,6.75356e-05,1
5805,5810,5807.5,1.35071e-05,6.75356e-05,1
5825,5830,5827.5,1.35071e-05,6.75356e-05,1
5835,5840,5837.5,1.35071e-05,6.75356e-05,1
5840,5845,5842.5,1.35071e-05,6.75356e-05,1
5850,5855,5852.5,1.35071e-05,6.75356e-05,1
5855,5860,5857.5,2.70143e-05,0.000135071,2
5860,5865,5862.5,2.70143e-05,0.000135071,2
5865,5870,5867.5,2.70143e-05,0.000135071,2
5870,5875,5872.5,4.05214e-05,0.000202607,3
5875,5880,5877.5,4.05214e-05,0.000202607,3
5880,5885,5882.5,1.35071e-05,6.75356e-05,1
5885,5890,5887.5,2.70143e-05,0.000135071,2
5890,5895,5892.5,4.05214e-05,0.000202607,3
5895,5900,5897.5,5.40285e-05,0.000270143,4
5900,5905,5902.5,2.70143e-05,0.000135071,2
5905,5910,5907.5,1.35071e-05,6.75356e-05,1
5910,5915,5912.5,1.35071e-05,6.75356e-05,1
5915,5920,5917.5,4.05214e-05,0.000202607,3
5920,5925,5922.5,1.35071e-05,6.75356e-05,1
5925,5930,5927.5,2.70143e-05,0.000135071,2
5930,5935,5932.5,5.40285e-05,0.000270143,4
5940,5945,5942.5,1.35071e-05,6.75356e-05,1
5945,5950,5947.5,4.05214e-05,0.000202607,3
5955,5960,5957.5,4.05214e-05,0.000202607,3
5960,5965,5962.5,1.35071e-05,6.75356e-05,1
5965,5970,5967.5,2.70143e-05,0.000135071,2
5975,5980,5977.5,4.05214e-05,0.000202607,3
5980,5985,5982.5,2.70143e-05,0.000135071,2
5985,5990,5987.5,1.35071e-05,6.75356e-05,1
5990,5995,5992.5,1.35071e-05,6.75356e-05,1
5995,6000,5997.5,1.35071e-05,6.75356e-05,1
6000,6005,6002.5,1.35071e-05,6.75356e-05,1
6010,6015,6012.5,2.70143e-05,0.000135071,2
6015,6020,6017.5,1.35071e-05,6.75356e-05,1
6020,6025,6022.5,1.35071e-05,6.75356e-05,1
6025,6030,6027.5,6.75356e-05,0.000337678,5
6030,6035,6032.5,2.70143e-05,0.000135071,2
6035,6040,6037.5,2.70143e-05,0.000135071,2
6040,6045,6042.5,4.05214e-05,0.000202607,3
6045,6050,6047.5,1.35071e-05,6.75356e-05,1
6060,6065,6062.5,1.35071e-05,6.75356e-05,1
6065,6070,6067.5,2.70143e-05,0.000135071,2
6070,6075,6072.5,4.05214e-05,0.000202607,3
6075,6080,6077.5,2.70143e-05,0.000135071,2
6080,6085,6082.5,1.35071e-05,6.75356e-05,1
6085,6090,6087.5,2.70143e-05,0.000135071,2
6090,6095,6092.5,1.35071e-05,6.75356e-05,1
6095,6100,6097.5,1.35071e-05,6.75356e-05,1
6100,6105,6102.5,1.35071e-05,6.75356e-05,1
6105,6110,6107.5,2.70143e-05,0.000135071,2
6115,6120,6117.5,2.70143e-05,0.000135071,2
6120,6125,6122.5,2.70143e-05,0.000135071,2
6125,6130,6127.5,1.35071e-05,6.75356e-05,1
6130,6135,6132.5,2.70143e-05,0.000135071,2
6135,6140,6137.5,5.40285e-05,0.000270143,4
6145,6150,6147.5,5.40285e-05,0.000270143,4
6150,6155,6152.5,4.05214e-05,0.000202607,3
6155,6160,6157.5,1.35071e-05,6.75356e-05,1
6165,6170,6167.5,1.35071e-05,6.75356e-05,1
6175,6180,6177.5,4.05214e-05,0.000202607,3
6180,6185,6182.5,1.35071e-05,6.75356e-05,1
6185,6190,6187.5,1.35071e-05,6.75356e-05,1
6190,6195,6192.5,4.05214e-05,0.000202607,3
6200,6205,6202.5,1.35071e-05,6.75356e-05,1
6205,6210,6207.5,1.35071e-05,6.75356e-05,1
6210,6215,6212.5,1.35071e-05,6.75356e-05,1
6215,6220,6217.5,1.35071e-05,6.75356e-05,1
6225,6230,6227.5,1.35071e-05,6.75356e-05,1
6230,6235,6232.5,4.05214e-05,0.000202607,3
6240,6245,6242.5,2.70143e-05,0.000135071,2
6245,6250,6247.5,1.35071e-05,6.75356e-05,1
6250,6255,6252.5,4.05214e-05,0.000202607,3
6255,6260,6257.5,1.35071e-05,6.75356e-05,1
6260,6265,6262.5,4.05214e-05,0.000202607,3
6270,6275,6272.5,2.70143e-05,0.000135071,2
6275,6280,6277.5,4.05214e-05,0.000202607,3
6280,6285,6282.5,1.35071e-05,6.75356e-05,1
6285,6290,6287.5,1.35071e-05,6.75356e-05,1
6290,6295,6292.5,1.35071e-05,6.75356e-05,1
6295,6300,6297.5,4.05214e-05,0.000202607,3
6300,6305,6302.5,1.35071e-05,6.75356e-05,1
6305,6310,6307.5,5.40285e-05,0.000270143,4
6315,6320,6317.5,1.35071e-05,6.75356e-05,1
6320,6325,6322.5,1.35071e-05,6.75356e-05,1
6325,6330,6327.5,2.70143e-05,0.000135071,2
6330,6335,6332.5,5.40285e-05,0.000270143,4
6335,6340,6337.5,2.70143e-05,0.000135071,2
6340,6345,6342.5,2.70143e-05,0.000135071,2
6345,6350,6347.5,6.75356e-05,0.000337678,5
6350,6355,6352.5,1.35071e-05,6.75356e-05,1
6355,6360,6357.5,1.35071e-05,6.75356e-05,1
6360,6365,6362.5,1.35071e-05,6.75356e-05,1
6365,6370,6367.5,4.05214e-05,0.000202607,3
6370,6375,6372.5,1.35071e-05,6.75356e-05,1
6375,6380,6377.5,1.35071e-05,6.75356e-05,1
6380,6385,6382.5,1.35071e-05,6.75356e-05,1
6385,6390,6387.5,1.35071e-05,6.75356e-05,1
6390,6395,6392.5,2.70143e-05,0.000135071,2
6395,6400,6397.5,1.35071e-05,6.75356e-05,1
6405,6410,6407.5,4.05214e-05,0.000202607,3
6410,6415,6412.5,2.70143e-05,0.000135071,2
6415,6420,6417.5,2.70143e-05,0.000135071,2
6420,6425,6422.5,1.35071e-05,6.75356e-05,1
6425,6430,6427.5,1.35071e-05,6.75356e-05,1
6430,6435,6432.5,1.35071e-05,6.75356e-05,1
6435,6440,6437.5,1.35071e-05,6.75356e-05,1
6440,6445,6442.5,1.35071e-05,6.75356e-05,1
6445,6450,6447.5,1.35071e-05,6.75356e-05,1
6450,6455,6452.5,2.70143e-05,0.000135071,2
6455,6460,6457.5,4.05214e-05,0.000202607,3
6460,6465,6462.5,4.05214e-05,0.000202607,3
6465,6470,6467.5,1.35071e-05,6.75356e-05,1
6470,6475,6472.5,1.35071e-05,6.75356e-05,1
6480,6485,6482.5,1.35071e-05,6.75356e-05,1
6485,6490,6487.5,1.35071e-05,6.75356e-05,1
6490,6495,6492.5,1.35071e-05,6.75356e-05,1
6495,6500,6497.5,2.70143e-05,0.000135071,2
6500,6505,6502.5,2.70143e-05,0.000135071,2
6505,6510,6507.5,2.70143e-05,0.000135071,2
6510,6515,6512.5,1.35071e-05,6.75356e-05,1
6515,6520,6517.5,8.10428e-05,0.000405214,6
6520,6525,6522.5,6.75356e-05,0.000337678,5
6525,6530,6527.5,1.35071e-05,6.75356e-05,1
6530,6535,6532.5,1.35071e-05,6.75356e-05,1
6535,6540,6537.5,4.05214e-05,0.000202607,3
6540,6545,6542.5,4.05214e-05,0.000202607,3
6545,6550,6547.5,5.40285e-05,0.000270143,4
6550,6555,6552.5,1.35071e-05,6.75356e-05,1
6560,6565,6562.5,1.35071e-05,6.75356e-05,1
6565,6570,6567.5,2.70143e-05,0.000135071,2
6570,6575,6572.5,2.70143e-05,0.000135071,2
6575,6580,6577.5,2.70143e-05,0.000135071,2
6580,6585,6582.5,1.35071e-05,6.75356e-05,1
6585,6590,6587.5,1.35071e-05,6.75356e-05,1
6590,6595,6592.5,1.35071e-05,6.75356e-05,1
6595,6600,6597.5,2.70143e-05,0.000135071,2
6600,6605,6602.5,1.35071e-05,6.75356e-05,1
6605,6610,6607.5,1.35071e-05,6.75356e-05,1
6610,6615,6612.5,4.05214e-05,0.000202607,3
6620,6625,6622.5,4.05214e-05,0.000202607,3
6625,6630,6627.5,1.35071e-05,6.75356e-05,1
6630,6635,6632.5,4.05214e-05,0.000202607,3
6640,6645,6642.5,4.05214e-05,0.000202607,3
6650,6655,6652.5,2.70143e-05,0.000135071,2
6655,6660,6657.5,5.40285e-05,0.000270143,4
6670,6675,6672.5,2.70143e-05,0.000135071,2
6680,6685,6682.5,1.35071e-05,6.75356e-05,1
6685,6690,6687.5,1.35071e-05,6.75356e-05,1
6690,6695,6692.5,1.35071e-05,6.75356e-05,1
6695,6700,6697.5,2.70143e-05,0.000135071,2
6700,6705,6702.5,1.35071e-05,6.75356e-05,1
6705,6710,6707.5,1.35071e-05,6.75356e-05,1
6710,6715,6712.5,1.35071e-05,6.75356e-05,1
6715,6720,6717.5,1.35071e-05,6.75356e-05,1
6720,6725,6722.5,4.05214e-05,0.000202607,3
6725,6730,6727.5,2.70143e-05,0.000135071,2
6730,6735,6732.5,1.35071e-05,6.75356e-05,1
6735,6740,6737.5,2.70143e-05,0.000135071,2
6740,6745,6742.5,2.70143e-05,0.000135071,2
6745,6750,6747.5,2.70143e-05,0.000135071,2
6750,6755,6752.5,1.35071e-05,6.75356e-05,1
6765,6770,6767.5,4.05214e-05,0.000202607,3
6770,6775,6772.5,2.70143e-05,0.000135071,2
6775,6780,6777.5,2.70143e-05,0.000135071,2
6780,6785,6782.5,5.40285e-05,0.000270143,4
6785,6790,6787.5,2.70143e-05,0.000135071,2
6790,6795,6792.5,4.05214e-05,0.000202607,3
6795,6800,6797.5,2.70143e-05,0.000135071,2
6805,6810,6807.5,1.35071e-05,6.75356e-05,1
6810,6815,6812.5,4.05214e-05,0.000202607,3
6820,6825,6822.5,1.35071e-05,6.75356e-05,1
6825,6830,6827.5,2.70143e-05,0.000135071,2
6830,6835,6832.5,4.05214e-05,0.000202607,3
6835,6840,6837.5,1.35071e-05,6.75356e-05,1
6840,6845,6842.5,2.70143e-05,0.000135071,2
6845,6850,6847.5,2.70143e-05,0.000135071,2
6850,6855,6852.5,1.35071e-05,6.75356e-05,1
6855,6860,6857.5,2.70143e-05,0.000135071,2
6860,6865,6862.5,1.35071e-05,6.75356e-05,1
6865,6870,6867.5,1.35071e-05,6.75356e-05,1
6870,6875,6872.5,4.05214e-05,0.000202607,3
6875,6880,6877.5,1.35071e-05,6.75356e-05,1
6880,6885,6882.5,6.75356e-05,0.000337678,5
6885,6890,6887.5,1.35071e-05,6.75356e-05,1
6890,6895,6892.5,5.40285e-05,0.000270143,4
6895,6900,6897.5,4.05214e-05,0.000202607,3
6900,6905,6902.5,1.35071e-05,6.75356e-05,1
6905,6910,6907.5,1.35071e-05,6.75356e-05,1
6910,6915,6912.5,2.70143e-05,0.000135071,2
6915,6920,6917.5,8.10428e-05,0.000405214,6
6920,6925,6922.5,1.35071e-05,6.75356e-05,1
6925,6930,6927.5,2.70143e-05,0.000135071,2
6930,6935,6932.5,1.35071e-05,6.75356e-05,1
6935,6940,6937.5,6.75356e-05,0.000337678,5
6950,6955,6952.5,1.35071e-05,6.75356e-05,1
6960,6965,6962.5,4.05214e-05,0.000202607,3
6965,6970,6967.5,2.70143e-05,0.000135071,2
6970,6975,6972.5,2.70143e-05,0.000135071,2
6980,6985,6982.5,4.05214e-05,0.000202607,3
6985,6990,6987.5,5.40285e-05,0.000270143,4
6995,7000,6997.5,1.35071e-05,6.75356e-05,1
7000,7005,7002.5,4.05214e-05,0.000202607,3
7005,7010,7007.5,2.70143e-05,0.000135071,2
7010,7015,7012.5,1.35071e-05,6.75356e-05,1
7015,7020,7017.5,4.05214e-05,0.000202607,3
7020,7025,7022.5,2.70143e-05,0.000135071,2
7025,7030,7027.5,1.35071e-05,6.75356e-05,1
7030,7035,7032.5,1.35071e-05,6.75356e-05,1
7035,7040,7037.5,4.05214e-05,0.000202607,3
7040,7045,7042.5,4.05214e-05,0.000202607,3
7045,7050,7047.5,1.35071e-05,6.75356e-05,1
7055,7060,7057.5,1.35071e-05,6.75356e-05,1
7060,7065,7062.5,2.70143e-05,0.000135071,2
7065,7070,7067.5,2.70143e-05,0.000135071,2
7070,7075,7072.5,2.70143e-05,0.000135071,2
7075,7080,7077.5,2.70143e-05,0.000135071,2
7080,7085,7082.5,2.70143e-05,0.000135071,2
7085,7090,7087.5,4.05214e-05,0.000202607,3
7095,7100,7097.5,1.35071e-05,6.75356e-05,1
7100,7105,7102.5,1.35071e-05,6.75356e-05,1
7110,7115,7112.5,1.35071e-05,6.75356e-05,1
7120,7125,7122.5,1.35071e-05,6.75356e-05,1
7125,7130,7127.5,1.35071e-05,6.75356e-05,1
7130,7135,7132.5,1.35071e-05,6.75356e-05,1
7135,7140,7137.5,2.70143e-05,0.000135071,2
7140,7145,7142.5,2.70143e-05,0.000135071,2
7145,7150,7147.5,2.70143e-05,0.000135071,2
7150,7155,7152.5,2.70143e-05,0.000135071,2
7155,7160,7157.5,1.35071e-05,6.75356e-05,1
7165,7170,7167.5,2.70143e-05,0.000135071,2
7170,7175,7172.5,4.05214e-05,0.000202607,3
7175,7180,7177.5,2.70143e-05,0.000135071,2
7180,7185,7182.5,1.35071e-05,6.75356e-05,1
7185,7190,7187.5,2.70143e-05,0.000135071,2
7190,7195,7192.5,6.75356e-05,0.000337678,5
7195,7200,7197.5,2.70143e-05,0.000135071,2
7205,7210,7207.5,1.35071e-05,6.75356e-05,1
7210,7215,7212.5,1.35071e-05,6.75356e-05,1
7215,7220,7217.5,1.35071e-05,6.75356e-05,1
7220,7225,7222.5,1.35071e-05,6.75356e-05,1
7230,7235,7232.5,2.70143e-05,0.000135071,2
7235,7240,7237.5,2.70143e-05,0.000135071,2
7240,7245,7242.5,2.70143e-05,0.000135071,2
7245,7250,7247.5,5.40285e-05,0.000270143,4
7250,7255,7252.5,2.70143e-05,0.000135071,2
7255,7260,7257.5,2.70143e-05,0.000135071,2
7260,7265,7262.5,1.35071e-05,6.75356e-05,1
7265,7270,7267.5,1.35071e-05,6.75356e-05,1
7275,7280,7277.5,1.35071e-05,6.75356e-05,1
7280,7285,7282.5,1.35071e-05,6.75356e-05,1
7290,7295,7292.5,1.35071e-05,6.75356e-05,1
7295,7300,7297.5,1.35071e-05,6.75356e-05,1
7305,7310,7307.5,1.35071e-05,6.75356e-05,1
7310,7315,7312.5,2.70143e-05,0.000135071,2
7315,7320,7317.5,5.40285e-05,0.000270143,4
7325,7330,7327.5,1.35071e-05,6.75356e-05,1
7330,7335,7332.5,2.70143e-05,0.000135071,2
7335,7340,7337.5,5.40285e-05,0.000270143,4
7345,7350,7347.5,1.35071e-05,6.75356e-05,1
7350,7355,7352.5,1.35071e-05,6.75356e-05,1
7355,7360,7357.5,2.70143e-05,0.000135071,2
7360,7365,7362.5,2.70143e-05,0.000135071,2
7365,7370,7367.5,1.35071e-05,6.75356e-05,1
7375,7380,7377.5,4.05214e-05,0.000202607,3
7380,7385,7382.5,1.35071e-05,6.75356e-05,1
7390,7395,7392.5,1.35071e-05,6.75356e-05,1
7395,7400,7397.5,1.35071e-05,6.75356e-05,1
7400,7405,7402.5,5.40285e-05,0.000270143,4
7405,7410,7407.5,2.70143e-05,0.000135071,2
7410,7415,7412.5,1.35071e-05,6.75356e-05,1
7420,7425,7422.5,1.35071e-05,6.75356e-05,1
7430,7435,7432.5,1.35071e-05,6.75356e-05,1
7435,7440,7437.5,1.35071e-05,6.75356e-05,1
7440,7445,7442.5,1.35071e-05,6.75356e-05,1
7445,7450,7447.5,2.70143e-05,0.000135071,2
7450,7455,7452.5,1.35071e-05,6.75356e-05,1
7460,7465,7462.5,1.35071e-05,6.75356e-05,1
7465,7470,7467.5,4.05214e-05,0.000202607,3
7470,7475,7472.5,1.35071e-05,6.75356e-05,1
7475,7480,7477.5,1.35071e-05,6.75356e-05,1
7480,7485,7482.5,1.35071e-05,6.75356e-05,1
7485,7490,7487.5,1.35071e-05,6.75356e-05,1
7495,7500,7497.5,1.35071e-05,6.75356e-05,1
7500,7505,7502.5,1.35071e-05,6.75356e-05,1
7505,7510,7507.5,4.05214e-05,0.000202607,3
7510,7515,7512.5,1.35071e-05,6.75356e-05,1
7515,7520,7517.5,1.35071e-05,6.75356e-05,1
7520,7525,7522.5,1.35071e-05,6.75356e-05,1
7525,7530,7527.5,1.35071e-05,6.75356e-05,1
7530,7535,7532.5,1.35071e-05,6.75356e-05,1
7535,7540,7537.5,2.70143e-05,0.000135071,2
7540,7545,7542.5,8.10428e-05,0.000405214,6
7550,7555,7552.5,2.70143e-05,0.000135071,2
7560,7565,7562.5,5.40285e-05,0.000270143,4
7565,7570,7567.5,1.35071e-05,6.75356e-05,1
7570,7575,7572.5,5.40285e-05,0.000270143,4
7575,7580,7577.5,5.40285e-05,0.000270143,4
7580,7585,7582.5,1.35071e-05,6.75356e-05,1
7585,7590,7587.5,1.35071e-05,6.75356e-05,1
7590,7595,7592.5,1.35071e-05,6.75356e-05,1
7605,7610,7607.5,4.05214e-05,0.000202607,3
7610,7615,7612.5,2.70143e-05,0.000135071,2
7615,7620,7617.5,2.70143e-05,0.000135071,2
7630,7635,7632.5,2.70143e-05,0.000135071,2
7635,7640,7637.5,1.35071e-05,6.75356e-05,1
7640,7645,7642.5,5.40285e-05,0.000270143,4
7645,7650,7647.5,1.35071e-05,6.75356e-05,1
7650,7655,7652.5,2.70143e-05,0.000135071,2
7655,7660,7657.5,4.05214e-05,0.000202607,3
7665,7670,7667.5,2.70143e-05,0.000135071,2
7670,7675,7672.5,4.05214e-05,0.000202607,3
7675,7680,7677.5,1.35071e-05,6.75356e-05,1
7680,7685,7682.5,2.70143e-05,0.000135071,2
7685,7690,7687.5,1.35071e-05,6.75356e-05,1
7695,7700,7697.5,1.35071e-05,6.75356e-05,1
7700,7705,7702.5,1.35071e-05,6.75356e-05,1
7705,7710,7707.5,2.70143e-05,0.000135071,2
7710,7715,7712.5,1.35071e-05,6.75356e-05,1
7725,7730,7727.5,2.70143e-05,0.000135071,2
7735,7740,7737.5,1.35071e-05,6.75356e-05,1
7745,7750,7747.5,2.70143e-05,0.000135071,2
7750,7755,7752.5,4.05214e-05,0.000202607,3
7755,7760,7757.5,1.35071e-05,6.75356e-05,1
7760,7765,7762.5,2.70143e-05,0.000135071,2
7765,7770,7767.5,1.35071e-05,6.75356e-05,1
7770,7775,7772.5,2.70143e-05,0.000135071,2
7785,7790,7787.5,2.70143e-05,0.000135071,2
7790,7795,7792.5,1.35071e-05,6.75356e-05,1
7795,7800,7797.5,4.05214e-05,0.000202607,3
7800,7805,7802.5,1.35071e-05,6.75356e-05,1
7805,7810,7807.5,1.35071e-05,6.75356e-05,1
7810,7815,7812.5,1.35071e-05,6.75356e-05,1
7815,7820,7817.5,1.35071e-05,6.75356e-05,1
7820,7825,7822.5,2.70143e-05,0.000135071,2
7825,7830,7827.5,2.70143e-05,0.000135071,2
7830,7835,7832.5,2.70143e-05,0.000135071,2
7835,7840,7837.5,1.35071e-05,6.75356e-05,1
7850,7855,7852.5,4.05214e-05,0.000202607,3
7860,7865,7862.5,2.70143e-05,0.000135071,2
7865,7870,7867.5,1.35071e-05,6.75356e-05,1
7875,7880,7877.5,2.70143e-05,0.000135071,2
7880,7885,7882.5,1.35071e-05,6.75356e-05,1
7885,7890,7887.5,2.70143e-05,0.000135071,2
7905,7910,7907.5,2.70143e-05,0.000135071,2
7910,7915,7912.5,1.35071e-05,6.75356e-05,1
7915,7920,7917.5,8.10428e-05,0.000405214,6
7925,7930,7927.5,6.75356e-05,0.000337678,5
7930,7935,7932.5,1.35071e-05,6.75356e-05,1
7935,7940,7937.5,1.35071e-05,6.75356e-05,1
7940,7945,7942.5,1.35071e-05,6.75356e-05,1
7955,7960,7957.5,1.35071e-05,6.75356e-05,1
7965,7970,7967.5,2.70143e-05,0.000135071,2
7970,7975,7972.5,1.35071e-05,6.75356e-05,1
7975,7980,7977.5,1.35071e-05,6.75356e-05,1
7985,7990,7987.5,2.70143e-05,0.000135071,2
7990,7995,7992.5,1.35071e-05,6.75356e-05,1
7995,8000,7997.5,1.35071e-05,6.75356e-05,1
8005,8010,8007.5,2.70143e-05,0.000135071,2
8020,8025,8022.5,1.35071e-05,6.75356e-05,1
8035,8040,8037.5,2.70143e-05,0.000135071,2
8040,8045,8042.5,1.35071e-05,6.75356e-05,1
8045,8050,8047.5,2.70143e-05,0.000135071,2
8050,8055,8052.5,1.35071e-05,6.75356e-05,1
8055,8060,8057.5,1.35071e-05,6.75356e-05,1
8065,8070,8067.5,2.70143e-05,0.000135071,2
8080,8085,8082.5,1.35071e-05,6.75356e-05,1
8085,8090,8087.5,1.35071e-05,6.75356e-05,1
8090,8095,8092.5,2.70143e-05,0.000135071,2
8095,8100,8097.5,1.35071e-05,6.75356e-05,1
8100,8105,8102.5,1.35071e-05,6.75356e-05,1
8105,8110,8107.5,2.70143e-05,0.000135071,2
8115,8120,8117.5,1.35071e-05,6.75356e-05,1
8120,8125,8122.5,2.70143e-05,0.000135071,2
8125,8130,8127.5,1.35071e-05,6.75356e-05,1
8130,8135,8132.5,1.35071e-05,6.75356e-05,1
8135,8140,8137.5,2.70143e-05,0.000135071,2
8140,8145,8142.5,1.35071e-05,6.75356e-05,1
8145,8150,8147.5,5.40285e-05,0.000270143,4
8155,8160,8157.5,1.35071e-05,6.75356e-05,1
8160,8165,8162.5,2.70143e-05,0.000135071,2
8165,8170,8167.5,1.35071e-05,6.75356e-05,1
8170,8175,8172.5,1.35071e-05,6.75356e-05,1
8175,8180,8177.5,1.35071e-05,6.75356e-05,1
8180,8185,8182.5,2.70143e-05,0.000135071,2
8185,8190,8187.5,1.35071e-05,6.75356e-05,1
8190,8195,8192.5,1.35071e-05,6.75356e-05,1
8195,8200,8197.5,2.70143e-05,0.000135071,2
8200,8205,8202.5,1.35071e-05,6.75356e-05,1
8205,8210,8207.5,2.70143e-05,0.000135071,2
8215,8220,8217.5,6.75356e-05,0.000337678,5
8220,8225,8222.5,2.70143e-05,0.000135071,2
8225,8230,8227.5,2.70143e-05,0.000135071,2
8230,8235,8232.5,2.70143e-05,0.000135071,2
8245,8250,8247.5,1.35071e-05,6.75356e-05,1
8255,8260,8257.5,2.70143e-05,0.000135071,2
8260,8265,8262.5,1.35071e-05,6.75356e-05,1
8265,8270,8267.5,1.35071e-05,6.75356e-05,1
8270,8275,8272.5,4.05214e-05,0.000202607,3
8275,8280,8277.5,1.35071e-05,6.75356e-05,1
8280,8285,8282.5,4.05214e-05,0.000202607,3
8285,8290,8287.5,1.35071e-05,6.75356e-05,1
8290,8295,8292.5,2.70143e-05,0.000135071,2
8295,8300,8297.5,1.35071e-05,6.75356e-05,1
8300,8305,8302.5,1.35071e-05,6.75356e-05,1
8305,8310,8307.5,2.70143e-05,0.000135071,2
8310,8315,8312.5,1.35071e-05,6.75356e-05,1
8315,8320,8317.5,1.35071e-05,6.75356e-05,1
8320,8325,8322.5,2.70143e-05,0.000135071,2
8325,8330,8327.5,4.05214e-05,0.000202607,3
8330,8335,8332.5,1.35071e-05,6.75356e-05,1
8335,8340,8337.5,4.05214e-05,0.000202607,3
8340,8345,8342.5,4.05214e-05,0.000202607,3
8345,8350,8347.5,1.35071e-05,6.75356e-05,1
8350,8355,8352.5,1.35071e-05,6.75356e-05,1
8355,8360,8357.5,1.35071e-05,6.75356e-05,1
8360,8365,8362.5,1.35071e-05,6.75356e-05,1
8365,8370,8367.5,2.70143e-05,0.000135071,2
8370,8375,8372.5,2.70143e-05,0.000135071,2
8375,8380,8377.5,4.05214e-05,0.000202607,3
8380,8385,8382.5,1.35071e-05,6.75356e-05,1
8390,8395,8392.5,1.35071e-05,6.75356e-05,1
8395,8400,8397.5,1.35071e-05,6.75356e-05,1
8405,8410,8407.5,1.35071e-05,6.75356e-05,1
8410,8415,8412.5,1.35071e-05,6.75356e-05,1
8420,8425,8422.5,4.05214e-05,0.000202607,3
8425,8430,8427.5,2.70143e-05,0.000135071,2
8430,8435,8432.5,1.35071e-05,6.75356e-05,1
8435,8440,8437.5,2.70143e-05,0.000135071,2
8440,8445,8442.5,1.35071e-05,6.75356e-05,1
8450,8455,8452.5,1.35071e-05,6.75356e-05,1
8460,8465,8462.5,1.35071e-05,6.75356e-05,1
8465,8470,8467.5,1.35071e-05,6.75356e-05,1
8480,8485,8482.5,4.05214e-05,0.000202607,3
8485,8490,8487.5,1.35071e-05,6.75356e-05,1
8490,8495,8492.5,1.35071e-05,6.75356e-05,1
8505,8510,8507.5,4.05214e-05,0.000202607,3
8510,8515,8512.5,1.35071e-05,6.75356e-05,1
8515,8520,8517.5,1.35071e-05,6.75356e-05,1
8520,8525,8522.5,2.70143e-05,0.000135071,2
8525,8530,8527.5,1.35071e-05,6.75356e-05,1
8530,8535,8532.5,2.70143e-05,0.000135071,2
8535,8540,8537.5,6.75356e-05,0.000337678,5
8540,8545,8542.5,2.70143e-05,0.000135071,2
8545,8550,8547.5,1.35071e-05,6.75356e-05,1
8550,8555,8552.5,2.70143e-05,0.000135071,2
8555,8560,8557.5,2.70143e-05,0.000135071,2
8560,8565,8562.5,1.35071e-05,6.75356e-05,1
8565,8570,8567.5,2.70143e-05,0.000135071,2
8575,8580,8577.5,2.70143e-05,0.000135071,2
8580,8585,8582.5,4.05214e-05,0.000202607,3
8585,8590,8587.5,1.35071e-05,6.75356e-05,1
8590,8595,8592.5,2.70143e-05,0.000135071,2
8595,8600,8597.5,2.70143e-05,0.000135071,2
8600,8605,8602.5,1.35071e-05,6.75356e-05,1
8610,8615,8612.5,1.35071e-05,6.75356e-05,1
8615,8620,8617.5,5.40285e-05,0.000270143,4
8620,8625,8622.5,2.70143e-05,0.000135071,2
8625,8630,8627.5,2.70143e-05,0.000135071,2
8630,8635,8632.5,4.05214e-05,0.000202607,3
8640,8645,8642.5,2.70143e-05,0.000135071,2
8645,8650,8647.5,1.35071e-05,6.75356e-05,1
8655,8660,8657.5,1.35071e-05,6.75356e-05,1
8660,8665,8662.5,1.35071e-05,6.75356e-05,1
8665,8670,8667.5,1.35071e-05,6.75356e-05,1
8670,8675,8672.5,2.70143e-05,0.000135071,2
8680,8685,8682.5,2.70143e-05,0.000135071,2
8685,8690,8687.5,1.35071e-05,6.75356e-05,1
8690,8695,8692.5,2.70143e-05,0.000135071,2
8695,8700,8697.5,1.35071e-05,6.75356e-05,1
8700,8705,8702.5,5.40285e-05,0.000270143,4
8705,8710,8707.5,2.70143e-05,0.000135071,2
8715,8720,8717.5,1.35071e-05,6.75356e-05,1
8720,8725,8722.5,1.35071e-05,6.75356e-05,1
8725,8730,8727.5,1.35071e-05,6.75356e-05,1
8735,8740,8737.5,2.70143e-05,0.000135071,2
8740,8745,8742.5,1.35071e-05,6.75356e-05,1
8750,8755,8752.5,1.35071e-05,6.75356e-05,1
8765,8770,8767.5,4.05214e-05,0.000202607,3
8770,8775,8772.5,1.35071e-05,6.75356e-05,1
8775,8780,8777.5,2.70143e-05,0.000135071,2
8785,8790,8787.5,1.35071e-05,6.75356e-05,1
8790,8795,8792.5,1.35071e-05,6.75356e-05,1
8795,8800,8797.5,2.70143e-05,0.000135071,2
8800,8805,8802.5,2.70143e-05,0.000135071,2
8810,8815,8812.5,5.40285e-05,0.000270143,4
8815,8820,8817.5,2.70143e-05,0.000135071,2
8820,8825,8822.5,2.70143e-05,0.000135071,2
8830,8835,8832.5,4.05214e-05,0.000202607,3
8835,8840,8837.5,5.40285e-05,0.000270143,4
8840,8845,8842.5,2.70143e-05,0.000135071,2
8845,8850,8847.5,1.35071e-05,6.75356e-05,1
8850,8855,8852.5,2.70143e-05,0.000135071,2
8865,8870,8867.5,4.05214e-05,0.000202607,3
8870,8875,8872.5,4.05214e-05,0.000202607,3
8875,8880,8877.5,2.70143e-05,0.000135071,2
8880,8885,8882.5,1.35071e-05,6.75356e-05,1
8885,8890,8887.5,1.35071e-05,6.75356e-05,1
8895,8900,8897.5,4.05214e-05,0.000202607,3
8900,8905,8902.5,1.35071e-05,6.75356e-05,1
8905,8910,8907.5,1.35071e-05,6.75356e-05,1
8910,8915,8912.5,1.35071e-05,6.75356e-05,1
8915,8920,8917.5,1.35071e-05,6.75356e-05,1
8925,8930,8927.5,1.35071e-05,6.75356e-05,1
8940,8945,8942.5,2.70143e-05,0.000135071,2
8945,8950,8947.5,1.35071e-05,6.75356e-05,1
8950,8955,8952.5,1.35071e-05,6.75356e-05,1
8960,8965,8962.5,2.70143e-05,0.000135071,2
8965,8970,8967.5,1.35071e-05,6.75356e-05,1
8970,8975,8972.5,1.35071e-05,6.75356e-05,1
8980,8985,8982.5,1.35071e-05,6.75356e-05,1
8985,8990,8987.5,2.70143e-05,0.000135071,2
8990,8995,8992.5,4.05214e-05,0.000202607,3
9000,9005,9002.5,1.35071e-05,6.75356e-05,1
9015,9020,9017.5,2.70143e-05,0.000135071,2
9020,9025,9022.5,1.35071e-05,6.75356e-05,1
9030,9035,9032.5,2.70143e-05,0.000135071,2
9035,9040,9037.5,2.70143e-05,0.000135071,2
9040,9045,9042.5,2.70143e-05,0.000135071,2
9045,9050,9047.5,1.35071e-05,6.75356e-05,1
9055,9060,9057.5,2.70143e-05,0.000135071,2
9060,9065,9062.5,1.35071e-05,6.75356e-05,1
9065,9070,9067.5,5.40285e-05,0.000270143,4
9080,9085,9082.5,5.40285e-05,0.000270143,4
9090,9095,9092.5,2.70143e-05,0.000135071,2
9100,9105,9102.5,1.35071e-05,6.75356e-05,1
9105,9110,9107.5,2.70143e-05,0.000135071,2
9110,9115,9112.5,1.35071e-05,6.75356e-05,1
9115,9120,9117.5,5.40285e-05,0.000270143,4
9120,9125,9122.5,1.35071e-05,6.75356e-05,1
9130,9135,9132.5,1.35071e-05,6.75356e-05,1
9135,9140,9137.5,2.70143e-05,0.000135071,2
9140,9145,9142.5,2.70143e-05,0.000135071,2
9145,9150,9147.5,1.35071e-05,6.75356e-05,1
9160,9165,9162.5,1.35071e-05,6.75356e-05,1
9165,9170,9167.5,1.35071e-05,6.75356e-05,1
9175,9180,9177.5,1.35071e-05,6.75356e-05,1
9185,9190,9187.5,1.35071e-05,6.75356e-05,1
9190,9195,9192.5,1.35071e-05,6.75356e-05,1
9195,9200,9197.5,1.35071e-05,6.75356e-05,1
9205,9210,9207.5,2.70143e-05,0.000135071,2
9215,9220,9217.5,1.35071e-05,6.75356e-05,1
9220,9225,9222.5,1.35071e-05,6.75356e-05,1
9225,9230,9227.5,1.35071e-05,6.75356e-05,1
9230,9235,9232.5,2.70143e-05,0.000135071,2
9235,9240,9237.5,2.70143e-05,0.000135071,2
9245,9250,9247.5,4.05214e-05,0.000202607,3
9250,9255,9252.5,5.40285e-05,0.000270143,4
9260,9265,9262.5,2.70143e-05,0.000135071,2
9275,9280,9277.5,1.35071e-05,6.75356e-05,1
9280,9285,9282.5,2.70143e-05,0.000135071,2
9295,9300,9297.5,1.35071e-05,6.75356e-05,1
9300,9305,9302.5,5.40285e-05,0.000270143,4
9305,9310,9307.5,1.35071e-05,6.75356e-05,1
9310,9315,9312.5,2.70143e-05,0.000135071,2
9315,9320,9317.5,1.35071e-05,6.75356e-05,1
9320,9325,9322.5,1.35071e-05,6.75356e-05,1
9325,9330,9327.5,2.70143e-05,0.000135071,2
9330,9335,9332.5,1.35071e-05,6.75356e-05,1
9335,9340,9337.5,4.05214e-05,0.000202607,3
9340,9345,9342.5,1.35071e-05,6.75356e-05,1
9345,9350,9347.5,1.35071e-05,6.75356e-05,1
9355,9360,9357.5,2.70143e-05,0.000135071,2
9360,9365,9362.5,2.70143e-05,0.000135071,2
9365,9370,9367.5,2.70143e-05,0.000135071,2
9370,9375,9372.5,1.35071e-05,6.75356e-05,1
9375,9380,9377.5,2.70143e-05,0.000135071,2
9380,9385,9382.5,4.05214e-05,0.000202607,3
9395,9400,9397.5,2.70143e-05,0.000135071,2
9415,9420,9417.5,2.70143e-05,0.000135071,2
9420,9425,9422.5,1.35071e-05,6.75356e-05,1
9425,9430,9427.5,1.35071e-05,6.75356e-05,1
9435,9440,9437.5,2.70143e-05,0.000135071,2
9440,9445,9442.5,2.70143e-05,0.000135071,2
9445,9450,9447.5,4.05214e-05,0.000202607,3
9455,9460,9457.5,1.35071e-05,6.75356e-05,1
9465,9470,9467.5,4.05214e-05,0.000202607,3
9475,9480,9477.5,1.35071e-05,6.75356e-05,1
9480,9485,9482.5,1.35071e-05,6.75356e-05,1
9490,9495,9492.5,1.35071e-05,6.75356e-05,1
9515,9520,9517.5,1.35071e-05,6.75356e-05,1
9520,9525,9522.5,1.35071e-05,6.75356e-05,1
9525,9530,9527.5,1.35071e-05,6.75356e-05,1
9530,9535,9532.5,4.05214e-05,0.000202607,3
9535,9540,9537.5,2.70143e-05,0.000135071,2
9540,9545,9542.5,2.70143e-05,0.000135071,2
9550,9555,9552.5,1.35071e-05,6.75356e-05,1
9555,9560,9557.5,2.70143e-05,0.000135071,2
9560,9565,9562.5,1.35071e-05,6.75356e-05,1
9565,9570,9567.5,2.70143e-05,0.000135071,2
9570,9575,9572.5,2.70143e-05,0.000135071,2
9575,9580,9577.5,1.35071e-05,6.75356e-05,1
9590,9595,9592.5,1.35071e-05,6.75356e-05,1
9600,9605,9602.5,2.70143e-05,0.000135071,2
9605,9610,9607.5,5.40285e-05,0.000270143,4
9610,9615,9612.5,1.35071e-05,6.75356e-05,1
9615,9620,9617.5,1.35071e-05,6.75356e-05,1
9620,9625,9622.5,1.35071e-05,6.75356e-05,1
9655,9660,9657.5,2.70143e-05,0.000135071,2
9665,9670,9667.5,4.05214e-05,0.000202607,3
9670,9675,9672.5,2.70143e-05,0.000135071,2
9675,9680,9677.5,1.35071e-05,6.75356e-05,1
9690,9695,9692.5,1.35071e-05,6.75356e-05,1
9705,9710,9707.5,1.35071e-05,6.75356e-05,1
9710,9715,9712.5,2.70143e-05,0.000135071,2
9720,9725,9722.5,2.70143e-05,0.000135071,2
9730,9735,9732.5,5.40285e-05,0.000270143,4
9740,9745,9742.5,1.35071e-05,6.75356e-05,1
9750,9755,9752.5,4.05214e-05,0.000202607,3
9755,9760,9757.5,4.05214e-05,0.000202607,3
9770,9775,9772.5,2.70143e-05,0.000135071,2
9775,9780,9777.5,2.70143e-05,0.000135071,2
9780,9785,9782.5,2.70143e-05,0.000135071,2
9790,9795,9792.5,4.05214e-05,0.000202607,3
9810,9815,9812.5,1.35071e-05,6.75356e-05,1
9820,9825,9822.5,1.35071e-05,6.75356e-05,1
9825,9830,9827.5,1.35071e-05,6.75356e-05,1
9840,9845,9842.5,1.35071e-05,6.75356e-05,1
9845,9850,9847.5,1.35071e-05,6.75356e-05,1
9850,9855,9852.5,2.70143e-05,0.000135071,2
9855,9860,9857.5,1.35071e-05,6.75356e-05,1
9865,9870,9867.5,4.05214e-05,0.000202607,3
9880,9885,9882.5,2.70143e-05,0.000135071,2
9885,9890,9887.5,1.35071e-05,6.75356e-05,1
9890,9895,9892.5,1.35071e-05,6.75356e-05,1
9895,9900,9897.5,1.35071e-05,6.75356e-05,1
9905,9910,9907.5,1.35071e-05,6.75356e-05,1
9910,9915,9912.5,2.70143e-05,0.000135071,2
9915,9920,9917.5,1.35071e-05,6.75356e-05,1
9920,9925,9922.5,1.35071e-05,6.75356e-05,1
9925,9930,9927.5,1.35071e-05,6.75356e-05,1
9930,9935,9932.5,2.70143e-05,0.000135071,2
9935,9940,9937.5,2.70143e-05,0.000135071,2
9940,9945,9942.5,1.35071e-05,6.75356e-05,1
9955,9960,9957.5,4.05214e-05,0.000202607,3
9960,9965,9962.5,2.70143e-05,0.000135071,2
9975,9980,9977.5,4.05214e-05,0.000202607,3
9990,9995,9992.5,1.35071e-05,6.75356e-05,1
9995,10000,9997.5,4.05214e-05,0.000202607,3
10010,10015,10012.5,1.35071e-05,6.75356e-05,1
10020,10025,10022.5,2.70143e-05,0.000135071,2
10025,10030,10027.5,2.70143e-05,0.000135071,2
10030,10035,10032.5,1.35071e-05,6.75356e-05,1
10035,10040,10037.5,1.35071e-05,6.75356e-05,1
10045,10050,10047.5,2.70143e-05,0.000135071,2
10050,10055,10052.5,2.70143e-05,0.000135071,2
10055,10060,10057.5,2.70143e-05,0.000135071,2
10060,10065,10062.5,4.05214e-05,0.000202607,3
10075,10080,10077.5,1.35071e-05,6.75356e-05,1
10080,10085,10082.5,1.35071e-05,6.75356e-05,1
10090,10095,10092.5,1.35071e-05,6.75356e-05,1
10095,10100,10097.5,2.70143e-05,0.000135071,2
10100,10105,10102.5,1.35071e-05,6.75356e-05,1
10105,10110,10107.5,1.35071e-05,6.75356e-05,1
10110,10115,10112.5,1.35071e-05,6.75356e-05,1
10120,10125,10122.5,1.35071e-05,6.75356e-05,1
10130,10135,10132.5,1.35071e-05,6.75356e-05,1
10135,10140,10137.5,2.70143e-05,0.000135071,2
10140,10145,10142.5,1.35071e-05,6.75356e-05,1
10145,10150,10147.5,4.05214e-05,0.000202607,3
10150,10155,10152.5,6.75356e-05,0.000337678,5
10155,10160,10157.5,1.35071e-05,6.75356e-05,1
10160,10165,10162.5,1.35071e-05,6.75356e-05,1
10165,10170,10167.5,1.35071e-05,6.75356e-05,1
10170,10175,10172.5,1.35071e-05,6.75356e-05,1
10175,10180,10177.5,2.70143e-05,0.000135071,2
10180,10185,10182.5,1.35071e-05,6.75356e-05,1
10185,10190,10187.5,1.35071e-05,6.75356e-05,1
10190,10195,10192.5,1.35071e-05,6.75356e-05,1
10195,10200,10197.5,2.70143e-05,0.000135071,2
10200,10205,10202.5,4.05214e-05,0.000202607,3
10205,10210,10207.5,4.05214e-05,0.000202607,3
10210,10215,10212.5,1.35071e-05,6.75356e-05,1
10215,10220,10217.5,1.35071e-05,6.75356e-05,1
10220,10225,10222.5,4.05214e-05,0.000202607,3
10225,10230,10227.5,1.35071e-05,6.75356e-05,1
10240,10245,10242.5,2.70143e-05,0.000135071,2
10245,10250,10247.5,2.70143e-05,0.000135071,2
10255,10260,10257.5,1.35071e-05,6.75356e-05,1
10270,10275,10272.5,4.05214e-05,0.000202607,3
10275,10280,10277.5,1.35071e-05,6.75356e-05,1
10285,10290,10287.5,4.05214e-05,0.000202607,3
10295,10300,10297.5,1.35071e-05,6.75356e-05,1
10300,10305,10302.5,1.35071e-05,6.75356e-05,1
10310,10315,10312.5,1.35071e-05,6.75356e-05,1
10315,10320,10317.5,1.35071e-05,6.75356e-05,1
10320,10325,10322.5,2.70143e-05,0.000135071,2
10325,10330,10327.5,2.70143e-05,0.000135071,2
10335,10340,10337.5,4.05214e-05,0.000202607,3
10345,10350,10347.5,1.35071e-05,6.75356e-05,1
10350,10355,10352.5,1.35071e-05,6.75356e-05,1
10355,10360,10357.5,1.35071e-05,6.75356e-05,1
10370,10375,10372.5,2.70143e-05,0.000135071,2
10375,10380,10377.5,1.35071e-05,6.75356e-05,1
10385,10390,10387.5,1.35071e-05,6.75356e-05,1
10390,10395,10392.5,1.35071e-05,6.75356e-05,1
10400,10405,10402.5,2.70143e-05,0.000135071,2
10405,10410,10407.5,1.35071e-05,6.75356e-05,1
10410,10415,10412.5,1.35071e-05,6.75356e-05,1
10445,10450,10447.5,2.70143e-05,0.000135071,2
10450,10455,10452.5,5.40285e-05,0.000270143,4
10455,10460,10457.5,1.35071e-05,6.75356e-05,1
10460,10465,10462.5,1.35071e-05,6.75356e-05,1
10465,10470,10467.5,1.35071e-05,6.75356e-05,1
10475,10480,10477.5,1.35071e-05,6.75356e-05,1
10490,10495,10492.5,2.70143e-05,0.000135071,2
10495,10500,10497.5,1.35071e-05,6.75356e-05,1
10500,10505,10502.5,1.35071e-05,6.75356e-05,1
10505,10510,10507.5,1.35071e-05,6.75356e-05,1
10515,10520,10517.5,1.35071e-05,6.75356e-05,1
10520,10525,10522.5,1.35071e-05,6.75356e-05,1
10525,10530,10527.5,1.35071e-05,6.75356e-05,1
10535,10540,10537.5,1.35071e-05,6.75356e-05,1
10540,10545,10542.5,1.35071e-05,6.75356e-05,1
10570,10575,10572.5,1.35071e-05,6.75356e-05,1
10575,10580,10577.5,1.35071e-05,6.75356e-05,1
10580,10585,10582.5,2.70143e-05,0.000135071,2
10585,10590,10587.5,1.35071e-05,6.75356e-05,1
10595,10600,10597.5,1.35071e-05,6.75356e-05,1
10620,10625,10622.5,1.35071e-05,6.75356e-05,1
10625,10630,10627.5,1.35071e-05,6.75356e-05,1
10635,10640,10637.5,1.35071e-05,6.75356e-05,1
10645,10650,10647.5,1.35071e-05,6.75356e-05,1
10650,10655,10652.5,1.35071e-05,6.75356e-05,1
10655,10660,10657.5,2.70143e-05,0.000135071,2
10660,10665,10662.5,1.35071e-05,6.75356e-05,1
10665,10670,10667.5,2.70143e-05,0.000135071,2
10670,10675,10672.5,1.35071e-05,6.75356e-05,1
10675,10680,10677.5,1.35071e-05,6.75356e-05,1
10690,10695,10692.5,1.35071e-05,6.75356e-05,1
10695,10700,10697.5,2.70143e-05,0.000135071,2
10715,10720,10717.5,1.35071e-05,6.75356e-05,1
10720,10725,10722.5,1.35071e-05,6.75356e-05,1
10725,10730,10727.5,1.35071e-05,6.75356e-05,1
10740,10745,10742.5,4.05214e-05,0.000202607,3
10745,10750,10747.5,4.05214e-05,0.000202607,3
10750,10755,10752.5,1.35071e-05,6.75356e-05,1
10755,10760,10757.5,1.35071e-05,6.75356e-05,1
10760,10765,10762.5,2.70143e-05,0.000135071,2
10770,10775,10772.5,1.35071e-05,6.75356e-05,1
10775,10780,10777.5,1.35071e-05,6.75356e-05,1
10780,10785,10782.5,1.35071e-05,6.75356e-05,1
10785,10790,10787.5,2.70143e-05,0.000135071,2
10815,10820,10817.5,1.35071e-05,6.75356e-05,1
10820,10825,10822.5,1.35071e-05,6.75356e-05,1
10825,10830,10827.5,1.35071e-05,6.75356e-05,1
10835,10840,10837.5,1.35071e-05,6.75356e-05,1
10840,10845,10842.5,1.35071e-05,6.75356e-05,1
10845,10850,10847.5,1.35071e-05,6.75356e-05,1
10855,10860,10857.5,4.05214e-05,0.000202607,3
10865,10870,10867.5,1.35071e-05,6.75356e-05,1
10880,10885,10882.5,4.05214e-05,0.000202607,3
10885,10890,10887.5,1.35071e-05,6.75356e-05,1
10890,10895,10892.5,1.35071e-05,6.75356e-05,1
10895,10900,10897.5,1.35071e-05,6.75356e-05,1
10915,10920,10917.5,4.05214e-05,0.000202607,3
10920,10925,10922.5,1.35071e-05,6.75356e-05,1
10925,10930,10927.5,1.35071e-05,6.75356e-05,1
10935,10940,10937.5,1.35071e-05,6.75356e-05,1
10940,10945,10942.5,1.35071e-05,6.75356e-05,1
10945,10950,10947.5,1.35071e-05,6.75356e-05,1
10955,10960,10957.5,1.35071e-05,6.75356e-05,1
10965,10970,10967.5,1.35071e-05,6.75356e-05,1
10970,10975,10972.5,1.35071e-05,6.75356e-05,1
10980,10985,10982.5,1.35071e-05,6.75356e-05,1
10985,10990,10987.5,1.35071e-05,6.75356e-05,1
10990,10995,10992.5,1.35071e-05,6.75356e-05,1
10995,11000,10997.5,1.35071e-05,6.75356e-05,1
11005,11010,11007.5,2.70143e-05,0.000135071,2
11010,11015,11012.5,2.70143e-05,0.000135071,2
11015,11020,11017.5,1.35071e-05,6.75356e-05,1
11020,11025,11022.5,2.70143e-05,0.000135071,2
11025,11030,11027.5,1.35071e-05,6.75356e-05,1
11030,11035,11032.5,1.35071e-05,6.75356e-05,1
11035,11040,11037.5,1.35071e-05,6.75356e-05,1
11050,11055,11052.5,1.35071e-05,6.75356e-05,1
11055,11060,11057.5,4.05214e-05,0.000202607,3
11060,11065,11062.5,1.35071e-05,6.75356e-05,1
11065,11070,11067.5,2.70143e-05,0.000135071,2
11070,11075,11072.5,1.35071e-05,6.75356e-05,1
11080,11085,11082.5,1.35071e-05,6.75356e-05,1
11085,11090,11087.5,1.35071e-05,6.75356e-05,1
11090,11095,11092.5,2.70143e-05,0.000135071,2
11100,11105,11102.5,1.35071e-05,6.75356e-05,1
11120,11125,11122.5,1.35071e-05,6.75356e-05,1
11125,11130,11127.5,1.35071e-05,6.75356e-05,1
11130,11135,11132.5,1.35071e-05,6.75356e-05,1
11135,11140,11137.5,1.35071e-05,6.75356e-05,1
11140,11145,11142.5,2.70143e-05,0.000135071,2
11145,11150,11147.5,1.35071e-05,6.75356e-05,1
11155,11160,11157.5,1.35071e-05,6.75356e-05,1
11165,11170,11167.5,1.35071e-05,6.75356e-05,1
11175,11180,11177.5,1.35071e-05,6.75356e-05,1
11180,11185,11182.5,2.70143e-05,0.000135071,2
11185,11190,11187.5,1.35071e-05,6.75356e-05,1
11190,11195,11192.5,4.05214e-05,0.000202607,3
11195,11200,11197.5,1.35071e-05,6.75356e-05,1
11215,11220,11217.5,1.35071e-05,6.75356e-05,1
11220,11225,11222.5,1.35071e-05,6.75356e-05,1
11225,11230,11227.5,2.70143e-05,0.000135071,2
11230,11235,11232.5,1.35071e-05,6.75356e-05,1
11235,11240,11237.5,2.70143e-05,0.000135071,2
11240,11245,11242.5,2.70143e-05,0.000135071,2
11250,11255,11252.5,2.70143e-05,0.000135071,2
11260,11265,11262.5,1.35071e-05,6.75356e-05,1
11270,11275,11272.5,1.35071e-05,6.75356e-05,1
11280,11285,11282.5,1.35071e-05,6.75356e-05,1
11295,11300,11297.5,1.35071e-05,6.75356e-05,1
11300,11305,11302.5,1.35071e-05,6.75356e-05,1
11305,11310,11307.5,1.35071e-05,6.75356e-05,1
11315,11320,11317.5,4.05214e-05,0.000202607,3
11325,11330,11327.5,1.35071e-05,6.75356e-05,1
11330,11335,11332.5,1.35071e-05,6.75356e-05,1
11335,11340,11337.5,1.35071e-05,6.75356e-05,1
11345,11350,11347.5,2.70143e-05,0.000135071,2
11350,11355,11352.5,1.35071e-05,6.75356e-05,1
11370,11375,11372.5,1.35071e-05,6.75356e-05,1
11385,11390,11387.5,1.35071e-05,6.75356e-05,1
11395,11400,11397.5,2.70143e-05,0.000135071,2
11410,11415,11412.5,2.70143e-05,0.000135071,2
11420,11425,11422.5,1.35071e-05,6.75356e-05,1
11425,11430,11427.5,1.35071e-05,6.75356e-05,1
11435,11440,11437.5,1.35071e-05,6.75356e-05,1
11450,11455,11452.5,2.70143e-05,0.000135071,2
11455,11460,11457.5,4.05214e-05,0.000202607,3
11460,11465,11462.5,2.70143e-05,0.000135071,2
11465,11470,11467.5,2.70143e-05,0.000135071,2
11470,11475,11472.5,1.35071e-05,6.75356e-05,1
11475,11480,11477.5,1.35071e-05,6.75356e-05,1
11485,11490,11487.5,2.70143e-05,0.000135071,2
11490,11495,11492.5,1.35071e-05,6.75356e-05,1
11510,11515,11512.5,5.40285e-05,0.000270143,4
11515,11520,11517.5,1.35071e-05,6.75356e-05,1
11520,11525,11522.5,1.35071e-05,6.75356e-05,1
11530,11535,11532.5,1.35071e-05,6.75356e-05,1
11535,11540,11537.5,2.70143e-05,0.000135071,2
11545,11550,11547.5,4.05214e-05,0.000202607,3
11550,11555,11552.5,2.70143e-05,0.000135071,2
11555,11560,11557.5,2.70143e-05,0.000135071,2
11560,11565,11562.5,1.35071e-05,6.75356e-05,1
11565,11570,11567.5,1.35071e-05,6.75356e-05,1
11580,11585,11582.5,1.35071e-05,6.75356e-05,1
11590,11595,11592.5,1.35071e-05,6.75356e-05,1
11605,11610,11607.5,1.35071e-05,6.75356e-05,1
11610,11615,11612.5,1.35071e-05,6.75356e-05,1
11620,11625,11622.5,1.35071e-05,6.75356e-05,1
11625,11630,11627.5,1.35071e-05,6.75356e-05,1
11635,11640,11637.5,1.35071e-05,6.75356e-05,1
11650,11655,11652.5,1.35071e-05,6.75356e-05,1
11665,11670,11667.5,4.05214e-05,0.000202607,3
11680,11685,11682.5,1.35071e-05,6.75356e-05,1
11685,11690,11687.5,1.35071e-05,6.75356e-05,1
11690,11695,11692.5,1.35071e-05,6.75356e-05,1
11720,11725,11722.5,2.70143e-05,0.000135071,2
11730,11735,11732.5,1.35071e-05,6.75356e-05,1
11750,11755,11752.5,1.35071e-05,6.75356e-05,1
11755,11760,11757.5,2.70143e-05,0.000135071,2
11760,11765,11762.5,1.35071e-05,6.75356e-05,1
11765,11770,11767.5,4.05214e-05,0.000202607,3
11770,11775,11772.5,2.70143e-05,0.000135071,2
11785,11790,11787.5,2.70143e-05,0.000135071,2
11790,11795,11792.5,2.70143e-05,0.000135071,2
11795,11800,11797.5,1.35071e-05,6.75356e-05,1
11800,11805,11802.5,2.70143e-05,0.000135071,2
11805,11810,11807.5,1.35071e-05,6.75356e-05,1
11815,11820,11817.5,5.40285e-05,0.000270143,4
11825,11830,11827.5,1.35071e-05,6.75356e-05,1
11840,11845,11842.5,2.70143e-05,0.000135071,2
11845,11850,11847.5,1.35071e-05,6.75356e-05,1
11860,11865,11862.5,2.70143e-05,0.000135071,2
11865,11870,11867.5,1.35071e-05,6.75356e-05,1
11880,11885,11882.5,1.35071e-05,6.75356e-05,1
11890,11895,11892.5,1.35071e-05,6.75356e-05,1
11900,11905,11902.5,2.70143e-05,0.000135071,2
11905,11910,11907.5,2.70143e-05,0.000135071,2
11915,11920,11917.5,1.35071e-05,6.75356e-05,1
11920,11925,11922.5,1.35071e-05,6.75356e-05,1
11925,11930,11927.5,2.70143e-05,0.000135071,2
11930,11935,11932.5,2.70143e-05,0.000135071,2
11945,11950,11947.5,1.35071e-05,6.75356e-05,1
11975,11980,11977.5,2.70143e-05,0.000135071,2
11980,11985,11982.5,2.70143e-05,0.000135071,2
11995,12000,11997.5,1.35071e-05,6.75356e-05,1
12000,12005,12002.5,2.70143e-05,0.000135071,2
12005,12010,12007.5,1.35071e-05,6.75356e-05,1
12015,12020,12017.5,1.35071e-05,6.75356e-05,1
12035,12040,12037.5,1.35071e-05,6.75356e-05,1
12040,12045,12042.5,1.35071e-05,6.75356e-05,1
12045,12050,12047.5,1.35071e-05,6.75356e-05,1
12050,12055,12052.5,1.35071e-05,6.75356e-05,1
12060,12065,12062.5,2.70143e-05,0.000135071,2
12075,12080,12077.5,1.35071e-05,6.75356e-05,1
12080,12085,12082.5,1.35071e-05,6.75356e-05,1
12095,12100,12097.5,5.40285e-05,0.000270143,4
12105,12110,12107.5,1.35071e-05,6.75356e-05,1
12135,12140,12137.5,1.35071e-05,6.75356e-05,1
12145,12150,12147.5,1.35071e-05,6.75356e-05,1
12160,12165,12162.5,1.35071e-05,6.75356e-05,1
12165,12170,12167.5,1.35071e-05,6.75356e-05,1
12170,12175,12172.5,1.35071e-05,6.75356e-05,1
12175,12180,12177.5,1.35071e-05,6.75356e-05,1
12190,12195,12192.5,1.35071e-05,6.75356e-05,1
12195,12200,12197.5,2.70143e-05,0.000135071,2
12210,12215,12212.5,1.35071e-05,6.75356e-05,1
12220,12225,12222.5,1.35071e-05,6.75356e-05,1
12235,12240,12237.5,1.35071e-05,6.75356e-05,1
12240,12245,12242.5,2.70143e-05,0.000135071,2
12280,12285,12282.5,2.70143e-05,0.000135071,2
12285,12290,12287.5,1.35071e-05,6.75356e-05,1
12290,12295,12292.5,1.35071e-05,6.75356e-05,1
12295,12300,12297.5,1.35071e-05,6.75356e-05,1
12300,12305,12302.5,1.35071e-05,6.75356e-05,1
12305,12310,12307.5,1.35071e-05,6.75356e-05,1
12320,12325,12322.5,1.35071e-05,6.75356e-05,1
12325,12330,12327.5,2.70143e-05,0.000135071,2
12330,12335,12332.5,2.70143e-05,0.000135071,2
12340,12345,12342.5,2.70143e-05,0.000135071,2
12345,12350,12347.5,2.70143e-05,0.000135071,2
12355,12360,12357.5,1.35071e-05,6.75356e-05,1
12365,12370,12367.5,1.35071e-05,6.75356e-05,1
12385,12390,12387.5,2.70143e-05,0.000135071,2
12390,12395,12392.5,1.35071e-05,6.75356e-05,1
12415,12420,12417.5,1.35071e-05,6.75356e-05,1
12420,12425,12422.5,1.35071e-05,6.75356e-05,1
12430,12435,12432.5,4.05214e-05,0.000202607,3
12445,12450,12447.5,1.35071e-05,6.75356e-05,1
12470,12475,12472.5,1.35071e-05,6.75356e-05,1
12475,12480,12477.5,1.35071e-05,6.75356e-05,1
12485,12490,12487.5,1.35071e-05,6.75356e-05,1
12490,12495,12492.5,1.35071e-05,6.75356e-05,1
12500,12505,12502.5,1.35071e-05,6.75356e-05,1
12520,12525,12522.5,1.35071e-05,6.75356e-05,1
12540,12545,12542.5,4.05214e-05,0.000202607,3
12545,12550,12547.5,1.35071e-05,6.75356e-05,1
12550,12555,12552.5,1.35071e-05,6.75356e-05,1
12555,12560,12557.5,1.35071e-05,6.75356e-05,1
12565,12570,12567.5,1.35071e-05,6.75356e-05,1
12575,12580,12577.5,1.35071e-05,6.75356e-05,1
12580,12585,12582.5,1.35071e-05,6.75356e-05,1
12585,12590,12587.5,2.70143e-05,0.000135071,2
12595,12600,12597.5,1.35071e-05,6.75356e-05,1
12630,12635,12632.5,1.35071e-05,6.75356e-05,1
12635,12640,12637.5,1.35071e-05,6.75356e-05,1
12645,12650,12647.5,2.70143e-05,0.000135071,2
12650,12655,12652.5,1.35071e-05,6.75356e-05,1
12655,12660,12657.5,1.35071e-05,6.75356e-05,1
12675,12680,12677.5,1.35071e-05,6.75356e-05,1
12685,12690,12687.5,1.35071e-05,6.75356e-05,1
12700,12705,12702.5,4.05214e-05,0.000202607,3
12730,12735,12732.5,1.35071e-05,6.75356e-05,1
12735,12740,12737.5,4.05214e-05,0.000202607,3
12745,12750,12747.5,5.40285e-05,0.000270143,4
12755,12760,12757.5,1.35071e-05,6.75356e-05,1
12760,12765,12762.5,4.05214e-05,0.000202607,3
12765,12770,12767.5,2.70143e-05,0.000135071,2
12775,12780,12777.5,1.35071e-05,6.75356e-05,1
12795,12800,12797.5,2.70143e-05,0.000135071,2
12815,12820,12817.5,1.35071e-05,6.75356e-05,1
12825,12830,12827.5,1.35071e-05,6.75356e-05,1
12840,12845,12842.5,1.35071e-05,6.75356e-05,1
12850,12855,12852.5,2.70143e-05,0.000135071,2
12855,12860,12857.5,1.35071e-05,6.75356e-05,1
12865,12870,12867.5,1.35071e-05,6.75356e-05,1
12880,12885,12882.5,1.35071e-05,6.75356e-05,1
12890,12895,12892.5,1.35071e-05,6.75356e-05,1
12895,12900,12897.5,1.35071e-05,6.75356e-05,1
12910,12915,12912.5,4.05214e-05,0.000202607,3
12925,12930,12927.5,1.35071e-05,6.75356e-05,1
12935,12940,12937.5,1.35071e-05,6.75356e-05,1
12950,12955,12952.5,1.35071e-05,6.75356e-05,1
12970,12975,12972.5,4.05214e-05,0.000202607,3
12985,12990,12987.5,1.35071e-05,6.75356e-05,1
12990,12995,12992.5,1.35071e-05,6.75356e-05,1
13005,13010,13007.5,1.35071e-05,6.75356e-05,1
13015,13020,13017.5,1.35071e-05,6.75356e-05,1
13035,13040,13037.5,1.35071e-05,6.75356e-05,1
13045,13050,13047.5,2.70143e-05,0.000135071,2
13070,13075,13072.5,1.35071e-05,6.75356e-05,1
13080,13085,13082.5,2.70143e-05,0.000135071,2
13095,13100,13097.5,1.35071e-05,6.75356e-05,1
13100,13105,13102.5,1.35071e-05,6.75356e-05,1
13105,13110,13107.5,1.35071e-05,6.75356e-05,1
13110,13115,13112.5,1.35071e-05,6.75356e-05,1
13120,13125,13122.5,4.05214e-05,0.000202607,3
13125,13130,13127.5,1.35071e-05,6.75356e-05,1
13145,13150,13147.5,1.35071e-05,6.75356e-05,1
13175,13180,13177.5,1.35071e-05,6.75356e-05,1
13180,13185,13182.5,1.35071e-05,6.75356e-05,1
13215,13220,13217.5,1.35071e-05,6.75356e-05,1
13225,13230,13227.5,1.35071e-05,6.75356e-05,1
13265,13270,13267.5,1.35071e-05,6.75356e-05,1
13275,13280,13277.5,1.35071e-05,6.75356e-05,1
13285,13290,13287.5,6.75356e-05,0.000337678,5
13315,13320,13317.5,1.35071e-05,6.75356e-05,1
13325,13330,13327.5,4.05214e-05,0.000202607,3
13330,13335,13332.5,1.35071e-05,6.75356e-05,1
13350,13355,13352.5,1.35071e-05,6.75356e-05,1
13365,13370,13367.5,1.35071e-05,6.75356e-05,1
13375,13380,13377.5,2.70143e-05,0.000135071,2
13380,13385,13382.5,1.35071e-05,6.75356e-05,1
13385,13390,13387.5,1.35071e-05,6.75356e-05,1
13395,13400,13397.5,1.35071e-05,6.75356e-05,1
13415,13420,13417.5,1.35071e-05,6.75356e-05,1
13450,13455,13452.5,1.35071e-05,6.75356e-05,1
13465,13470,13467.5,1.35071e-05,6.75356e-05,1
13470,13475,13472.5,1.35071e-05,6.75356e-05,1
13475,13480,13477.5,1.35071e-05,6.75356e-05,1
13490,13495,13492.5,1.35071e-05,6.75356e-05,1
13510,13515,13512.5,1.35071e-05,6.75356e-05,1
13515,13520,13517.5,2.70143e-05,0.000135071,2
13525,13530,13527.5,2.70143e-05,0.000135071,2
13535,13540,13537.5,1.35071e-05,6.75356e-05,1
13540,13545,13542.5,1.35071e-05,6.75356e-05,1
13550,13555,13552.5,1.35071e-05,6.75356e-05,1
13565,13570,13567.5,1.35071e-05,6.75356e-05,1
13590,13595,13592.5,2.70143e-05,0.000135071,2
13595,13600,13597.5,2.70143e-05,0.000135071,2
13610,13615,13612.5,1.35071e-05,6.75356e-05,1
13625,13630,13627.5,2.70143e-05,0.000135071,2
13655,13660,13657.5,1.35071e-05,6.75356e-05,1
13660,13665,13662.5,1.35071e-05,6.75356e-05,1
13680,13685,13682.5,1.35071e-05,6.75356e-05,1
13690,13695,13692.5,1.35071e-05,6.75356e-05,1
13705,13710,13707.5,1.35071e-05,6.75356e-05,1
13745,13750,13747.5,1.35071e-05,6.75356e-05,1
13755,13760,13757.5,1.35071e-05,6.75356e-05,1
13780,13785,13782.5,1.35071e-05,6.75356e-05,1
13790,13795,13792.5,2.70143e-05,0.000135071,2
13795,13800,13797.5,1.35071e-05,6.75356e-05,1
13800,13805,13802.5,1.35071e-05,6.75356e-05,1
13805,13810,13807.5,1.35071e-05,6.75356e-05,1
13810,13815,13812.5,1.35071e-05,6.75356e-05,1
13815,13820,13817.5,1.35071e-05,6.75356e-05,1
13825,13830,13827.5,2.70143e-05,0.000135071,2
13835,13840,13837.5,1.35071e-05,6.75356e-05,1
13845,13850,13847.5,1.35071e-05,6.75356e-05,1
13850,13855,13852.5,1.35071e-05,6.75356e-05,1
13865,13870,13867.5,2.70143e-05,0.000135071,2
13875,13880,13877.5,1.35071e-05,6.75356e-05,1
13905,13910,13907.5,1.35071e-05,6.75356e-05,1
13920,13925,13922.5,1.35071e-05,6.75356e-05,1
13930,13935,13932.5,2.70143e-05,0.000135071,2
13960,13965,13962.5,2.70143e-05,0.000135071,2
13970,13975,13972.5,1.35071e-05,6.75356e-05,1
13975,13980,13977.5,1.35071e-05,6.75356e-05,1
13980,13985,13982.5,1.35071e-05,6.75356e-05,1
14020,14025,14022.5,1.35071e-05,6.75356e-05,1
14035,14040,14037.5,2.70143e-05,0.000135071,2
14045,14050,14047.5,2.70143e-05,0.000135071,2
14085,14090,14087.5,1.35071e-05,6.75356e-05,1
14120,14125,14122.5,1.35071e-05,6.75356e-05,1
14130,14135,14132.5,1.35071e-05,6.75356e-05,1
14140,14145,14142.5,1.35071e-05,6.75356e-05,1
14155,14160,14157.5,1.35071e-05,6.75356e-05,1
14185,14190,14187.5,1.35071e-05,6.75356e-05,1
14195,14200,14197.5,1.35071e-05,6.75356e-05,1
14225,14230,14227.5,1.35071e-05,6.75356e-05,1
14265,14270,14267.5,1.35071e-05,6.75356e-05,1
14285,14290,14287.5,1.35071e-05,6.75356e-05,1
14290,14295,14292.5,2.70143e-05,0.000135071,2
14315,14320,14317.5,1.35071e-05,6.75356e-05,1
14345,14350,14347.5,1.35071e-05,6.75356e-05,1
14355,14360,14357.5,1.35071e-05,6.75356e-05,1
14380,14385,14382.5,1.35071e-05,6.75356e-05,1
14385,14390,14387.5,1.35071e-05,6.75356e-05,1
14390,14395,14392.5,1.35071e-05,6.75356e-05,1
14410,14415,14412.5,1.35071e-05,6.75356e-05,1
14425,14430,14427.5,1.35071e-05,6.75356e-05,1
14430,14435,14432.5,1.35071e-05,6.75356e-05,1
14435,14440,14437.5,1.35071e-05,6.75356e-05,1
14450,14455,14452.5,2.70143e-05,0.000135071,2
14470,14475,14472.5,1.35071e-05,6.75356e-05,1
14480,14485,14482.5,1.35071e-05,6.75356e-05,1
14500,14505,14502.5,1.35071e-05,6.75356e-05,1
14510,14515,14512.5,1.35071e-05,6.75356e-05,1
14515,14520,14517.5,2.70143e-05,0.000135071,2
14525,14530,14527.5,1.35071e-05,6.75356e-05,1
14570,14575,14572.5,2.70143e-05,0.000135071,2
14585,14590,14587.5,2.70143e-05,0.000135071,2
14595,14600,14597.5,1.35071e-05,6.75356e-05,1
14615,14620,14617.5,2.70143e-05,0.000135071,2
14620,14625,14622.5,1.35071e-05,6.75356e-05,1
14650,14655,14652.5,1.35071e-05,6.75356e-05,1
14675,14680,14677.5,1.35071e-05,6.75356e-05,1
14705,14710,14707.5,1.35071e-05,6.75356e-05,1
14760,14765,14762.5,1.35071e-05,6.75356e-05,1
14775,14780,14777.5,1.35071e-05,6.75356e-05,1
14780,14785,14782.5,1.35071e-05,6.75356e-05,1
14800,14805,14802.5,1.35071e-05,6.75356e-05,1
14850,14855,14852.5,1.35071e-05,6.75356e-05,1
14880,14885,14882.5,1.35071e-05,6.75356e-05,1
14950,14955,14952.5,1.35071e-05,6.75356e-05,1
14955,14960,14957.5,2.70143e-05,0.000135071,2
14975,14980,14977.5,1.35071e-05,6.75356e-05,1
14980,14985,14982.5,2.70143e-05,0.000135071,2
14995,15000,14997.5,1.35071e-05,6.75356e-05,1
15040,15045,15042.5,1.35071e-05,6.75356e-05,1
15130,15135,15132.5,1.35071e-05,6.75356e-05,1
15145,15150,15147.5,1.35071e-05,6.75356e-05,1
15170,15175,15172.5,1.35071e-05,6.75356e-05,1
15210,15215,15212.5,1.35071e-05,6.75356e-05,1
15220,15225,15222.5,2.70143e-05,0.000135071,2
15290,15295,15292.5,1.35071e-05,6.75356e-05,1
15300,15305,15302.5,1.35071e-05,6.75356e-05,1
15345,15350,15347.5,1.35071e-05,6.75356e-05,1
15350,15355,15352.5,1.35071e-05,6.75356e-05,1
15385,15390,15387.5,1.35071e-05,6.75356e-05,1
15390,15395,15392.5,2.70143e-05,0.000135071,2
15410,15415,15412.5,1.35071e-05,6.75356e-05,1
15435,15440,15437.5,1.35071e-05,6.75356e-05,1
15455,15460,15457.5,1.35071e-05,6.75356e-05,1
15480,15485,15482.5,1.35071e-05,6.75356e-05,1
15510,15515,15512.5,1.35071e-05,6.75356e-05,1
15555,15560,15557.5,1.35071e-05,6.75356e-05,1
15615,15620,15617.5,1.35071e-05,6.75356e-05,1
15640,15645,15642.5,1.35071e-05,6.75356e-05,1
15685,15690,15687.5,1.35071e-05,6.75356e-05,1
15760,15765,15762.5,1.35071e-05,6.75356e-05,1
15795,15800,15797.5,1.35071e-05,6.75356e-05,1
15865,15870,15867.5,1.35071e-05,6.75356e-05,1
15875,15880,15877.5,1.35071e-05,6.75356e-05,1
15935,15940,15937.5,1.35071e-05,6.75356e-05,1
15995,16000,15997.5,1.35071e-05,6.75356e-05,1
16000,16005,16002.5,1.35071e-05,6.75356e-05,1
16005,16010,16007.5,1.35071e-05,6.75356e-05,1
16050,16055,16052.5,1.35071e-05,6.75356e-05,1
16085,16090,16087.5,1.35071e-05,6.75356e-05,1
16130,16135,16132.5,2.70143e-05,0.000135071,2
16190,16195,16192.5,1.35071e-05,6.75356e-05,1
16230,16235,16232.5,1.35071e-05,6.75356e-05,1
16295,16300,16297.5,1.35071e-05,6.75356e-05,1
16320,16325,16322.5,1.35071e-05,6.75356e-05,1
16395,16400,16397.5,1.35071e-05,6.75356e-05,1
16470,16475,16472.5,2.70143e-05,0.000135071,2
16485,16490,16487.5,1.35071e-05,6.75356e-05,1
16545,16550,16547.5,1.35071e-05,6.75356e-05,1
16575,16580,16577.5,2.70143e-05,0.000135071,2
16600,16605,16602.5,1.35071e-05,6.75356e-05,1
16650,16655,16652.5,1.35071e-05,6.75356e-05,1
16720,16725,16722.5,1.35071e-05,6.75356e-05,1
16750,16755,16752.5,1.35071e-05,6.75356e-05,1
16755,16760,16757.5,1.35071e-05,6.75356e-05,1
16805,16810,16807.5,1.35071e-05,6.75356e-05,1
16910,16915,16912.5,1.35071e-05,6.75356e-05,1
16950,16955,16952.5,1.35071e-05,6.75356e-05,1
17010,17015,17012.5,1.35071e-05,6.75356e-05,1
17100,17105,17102.5,2.70143e-05,0.000135071,2
17115,17120,17117.5,1.35071e-05,6.75356e-05,1
17145,17150,17147.5,1.35071e-05,6.75356e-05,1
17155,17160,17157.5,1.35071e-05,6.75356e-05,1
17220,17225,17222.5,1.35071e-05,6.75356e-05,1
17225,17230,17227.5,1.35071e-05,6.75356e-05,1
17230,17235,17232.5,1.35071e-05,6.75356e-05,1
17280,17285,17282.5,1.35071e-05,6.75356e-05,1
17310,17315,17312.5,1.35071e-05,6.75356e-05,1
17420,17425,17422.5,1.35071e-05,6.75356e-05,1
17520,17525,17522.5,1.35071e-05,6.75356e-05,1
17590,17595,17592.5,1.35071e-05,6.75356e-05,1
17610,17615,17612.5,1.35071e-05,6.75356e-05,1
17620,17625,17622.5,1.35071e-05,6.75356e-05,1
17695,17700,17697.5,2.70143e-05,0.000135071,2
17785,17790,17787.5,1.35071e-05,6.75356e-05,1
17865,17870,17867.5,1.35071e-05,6.75356e-05,1
18020,18025,18022.5,1.35071e-05,6.75356e-05,1
18175,18180,18177.5,1.35071e-05,6.75356e-05,1
18255,18260,18257.5,1.35071e-05,6.75356e-05,1
18260,18265,18262.5,1.35071e-05,6.75356e-05,1
18490,18495,18492.5,1.35071e-05,6.75356e-05,1
18540,18545,18542.5,1.35071e-05,6.75356e-05,1
18665,18670,18667.5,1.35071e-05,6.75356e-05,1
19065,19070,19067.5,1.35071e-05,6.75356e-05,1
19215,19220,19217.5,1.35071e-05,6.75356e-05,1
19335,19340,19337.5,1.35071e-05,6.75356e-05,1
19385,19390,19387.5,1.35071e-05,6.75356e-05,1
19490,19495,19492.5,1.35071e-05,6.75356e-05,1
19590,19595,19592.5,1.35071e-05,6.75356e-05,1
19675,19680,19677.5,1.35071e-05,6.75356e-05,1
19940,19945,19942.5,1.35071e-05,6.75356e-05,1
20170,20175,20172.5,1.35071e-05,6.75356e-05,1
20235,20240,20237.5,1.35071e-05,6.75356e-05,1
20340,20345,20342.5,1.35071e-05,6.75356e-05,1
20370,20375,20372.5,1.35071e-05,6.75356e-05,1
21235,21240,21237.5,1.35071e-05,6.75356e-05,1
VO Delay PDF CSV saved: scratch/delay_pdf/pedca_vo_delay_pdf.csv

P-EDCA STA Delay PDF CSV saved: scratch/delay_pdf/11be/adaptive_compare/default_k5_s3.csv
Legacy STA Delay PDF CSV saved: scratch/delay_pdf/11be/adaptive_compare/defaultL_k5_s3.csv
--- EXTENDED_STATS_BEGIN ---
PEDCA_STA_SUCC_COUNT: 2915
PEDCA_STA_FAIL_COUNT: 249
PEDCA_STA_ZERO_RETX: 2915
LEGACY_STA_SUCC_COUNT: 11893
LEGACY_STA_FAIL_COUNT: 1963
LEGACY_STA_ZERO_RETX: 11892
PEDCA_STA_AVG_MAC_DELAY: 2131.57
PEDCA_STA_AVG_QUEUE_DELAY: 1855.08
PEDCA_STA_AVG_ACCESS_DELAY: 276.492
LEGACY_STA_AVG_MAC_DELAY: 2986.13
LEGACY_STA_AVG_QUEUE_DELAY: 2638.7
LEGACY_STA_AVG_ACCESS_DELAY: 347.433
--- EXTENDED_STATS_END ---
