bin_start_us,bin_end_us,bin_mid_us,pdf_per_us,probability,count
210.0,215.0,212.5,2.91072e-05,0.000145536,0
215.0,220.0,217.5,5.007562e-05,0.0002503781,0
220.0,225.0,222.5,5.064654e-05,0.0002532327,0
225.0,230.0,227.5,4.206084e-05,0.0002103042,0
230.0,235.0,232.5,6.316538e-05,0.0003158269,0
235.0,240.0,237.5,5.978672e-05,0.0002989336,0
240.0,245.0,242.5,3.067918e-05,0.0001533959,0
245.0,250.0,247.5,9.26924e-05,0.000463462,0
250.0,255.0,252.5,4.114686e-05,0.0002057343,0
255.0,260.0,257.5,8.174768e-05,0.0004087384,0
260.0,265.0,262.5,5.017724e-05,0.0002508862,0
265.0,270.0,267.5,6.235634e-05,0.0003117817,0
270.0,275.0,272.5,6.194192e-05,0.0003097096,0
275.0,280.0,277.5,8.993832e-05,0.0004496916,0
280.0,285.0,282.5,8.033872e-05,0.0004016936,0
285.0,290.0,287.5,4.90674e-05,0.000245337,0
290.0,295.0,292.5,1.949718e-05,9.74859e-05,0
295.0,300.0,297.5,6.237374e-05,0.0003118687,0
300.0,305.0,302.5,3.132612e-05,0.0001566306,0
305.0,310.0,307.5,2.096842e-05,0.0001048421,0
310.0,315.0,312.5,4.341304e-05,0.0002170652,0
315.0,320.0,317.5,5.900968e-05,0.0002950484,0
320.0,325.0,322.5,7.949682e-05,0.0003974841,0
325.0,330.0,327.5,7.101758e-05,0.0003550879,0
330.0,335.0,332.5,5.804756e-05,0.0002902378,0
335.0,340.0,337.5,5.037178e-05,0.0002518589,0
340.0,345.0,342.5,4.012042e-05,0.0002006021,0
345.0,350.0,347.5,8.022034e-05,0.0004011017,0
350.0,355.0,352.5,0.0005756416,0.002878208,0
355.0,360.0,357.5,0.000779339,0.003896695,0
360.0,365.0,362.5,0.00066215288,0.0033107644,0
365.0,370.0,367.5,0.0005298561,0.0026492805,0
370.0,375.0,372.5,0.0004779624,0.002389812,0
375.0,380.0,377.5,0.00058624202,0.0029312101,0
380.0,385.0,382.5,0.0004910493,0.0024552465,0
385.0,390.0,387.5,0.00030585556,0.0015292778,0
390.0,395.0,392.5,0.0001952442,0.000976221,0
395.0,400.0,397.5,0.00023861704,0.0011930852,0
400.0,405.0,402.5,0.000239304,0.00119652,0
405.0,410.0,407.5,0.00022835404,0.0011417702,0
410.0,415.0,412.5,0.00016686912,0.0008343456,0
415.0,420.0,417.5,0.00027631614,0.0013815807,0
420.0,425.0,422.5,0.00015809634,0.0007904817,0
425.0,430.0,427.5,0.000246562,0.00123281,0
430.0,435.0,432.5,0.0001861463,0.0009307315,0
435.0,440.0,437.5,0.00025853398,0.0012926699,0
440.0,445.0,442.5,0.00020716342,0.0010358171,0
445.0,450.0,447.5,0.0003565421,0.0017827105,0
450.0,455.0,452.5,0.00014680312,0.0007340156,0
455.0,460.0,457.5,0.00014063086,0.0007031543,0
460.0,465.0,462.5,0.00014478046,0.0007239023,0
465.0,470.0,467.5,0.0001093477,0.0005467385,0
470.0,475.0,472.5,0.00018683334,0.0009341667,0
475.0,480.0,477.5,9.954748e-05,0.0004977374,0
480.0,485.0,482.5,0.00013674958,0.0006837479,0
485.0,490.0,487.5,0.00017679992,0.0008839996,0
490.0,495.0,492.5,0.00018836222,0.0009418111,0
495.0,500.0,497.5,0.00017986554,0.0008993277,0
500.0,505.0,502.5,0.00021949582,0.0010974791,0
505.0,510.0,507.5,0.00020158082,0.0010079041,0
510.0,515.0,512.5,0.0002200801,0.0011004005,0
515.0,520.0,517.5,0.00014814694,0.0007407347,0
520.0,525.0,522.5,0.00022643776,0.0011321888,0
525.0,530.0,527.5,0.0002107848,0.001053924,0
530.0,535.0,532.5,0.00023083592,0.0011541796,0
535.0,540.0,537.5,0.00013027616,0.0006513808,0
540.0,545.0,542.5,0.00018860792,0.0009430396,0
545.0,550.0,547.5,0.0001548636,0.000774318,0
550.0,555.0,552.5,0.00027792372,0.0013896186,0
555.0,560.0,557.5,0.00018916436,0.0009458218,0
560.0,565.0,562.5,0.00023897342,0.0011948671,0
565.0,570.0,567.5,0.00018666974,0.0009333487,0
570.0,575.0,572.5,0.00014987928,0.0007493964,0
575.0,580.0,577.5,0.00021114674,0.0010557337,0
580.0,585.0,582.5,0.00019862076,0.0009931038,0
585.0,590.0,587.5,0.00025239022,0.0012619511,0
590.0,595.0,592.5,0.000200322,0.00100161,0
595.0,600.0,597.5,0.00021682548,0.0010841274,0
600.0,605.0,602.5,0.00019642274,0.0009821137,0
605.0,610.0,607.5,0.00028600812,0.0014300406,0
610.0,615.0,612.5,0.0001283252,0.000641626,0
615.0,620.0,617.5,7.861646e-05,0.0003930823,0
620.0,625.0,622.5,0.00018813496,0.0009406748,0
625.0,630.0,627.5,0.00015018994,0.0007509497,0
630.0,635.0,632.5,0.00022083722,0.0011041861,0
635.0,640.0,637.5,0.00026347984,0.0013173992,0
640.0,645.0,642.5,0.00016628444,0.0008314222,0
645.0,650.0,647.5,0.00013640698,0.0006820349,0
650.0,655.0,652.5,0.00018587958,0.0009293979,0
655.0,660.0,657.5,0.00027677916,0.0013838958,0
660.0,665.0,662.5,0.00017916762,0.0008958381,0
665.0,670.0,667.5,0.0001916283,0.0009581415,0
670.0,675.0,672.5,0.0002083823,0.0010419115,0
675.0,680.0,677.5,0.00018676392,0.0009338196,0
680.0,685.0,682.5,8.862772e-05,0.0004431386,0
685.0,690.0,687.5,0.00018044782,0.0009022391,0
690.0,695.0,692.5,0.00023452648,0.0011726324,0
695.0,700.0,697.5,0.00022958784,0.0011479392,0
700.0,705.0,702.5,0.00018631098,0.0009315549,0
705.0,710.0,707.5,0.00021605914,0.0010802957,0
710.0,715.0,712.5,0.00017657412,0.0008828706,0
715.0,720.0,717.5,0.00022873954,0.0011436977,0
720.0,725.0,722.5,0.00021932682,0.0010966341,0
725.0,730.0,727.5,0.0002701136,0.001350568,0
730.0,735.0,732.5,0.00021926942,0.0010963471,0
735.0,740.0,737.5,0.00027492256,0.0013746128,0
740.0,745.0,742.5,0.00022158564,0.0011079282,0
745.0,750.0,747.5,0.00011802442,0.0005901221,0
750.0,755.0,752.5,0.00015601502,0.0007800751,0
755.0,760.0,757.5,0.0002584832,0.001292416,0
760.0,765.0,762.5,0.00013665752,0.0006832876,0
765.0,770.0,767.5,0.00021209806,0.0010604903,0
770.0,775.0,772.5,0.00015864254,0.0007932127,0
775.0,780.0,777.5,0.00021917294,0.0010958647,0
780.0,785.0,782.5,0.00026837134,0.0013418567,0
785.0,790.0,787.5,0.00013012708,0.0006506354,0
790.0,795.0,792.5,0.00015159088,0.0007579544,0
795.0,800.0,797.5,0.00015669928,0.0007834964,0
800.0,805.0,802.5,0.00023761008,0.0011880504,0
805.0,810.0,807.5,0.00015601312,0.0007800656,0
810.0,815.0,812.5,0.00013651172,0.0006825586,0
815.0,820.0,817.5,0.00024243184,0.0012121592,0
820.0,825.0,822.5,0.00017174598,0.0008587299,0
825.0,830.0,827.5,0.0001289499,0.0006447495,0
830.0,835.0,832.5,0.00014168066,0.0007084033,0
835.0,840.0,837.5,7.99484e-05,0.000399742,0
840.0,845.0,842.5,0.00014561962,0.0007280981,0
845.0,850.0,847.5,0.00022867006,0.0011433503,0
850.0,855.0,852.5,0.00026712128,0.0013356064,0
855.0,860.0,857.5,0.0002498942,0.001249471,0
860.0,865.0,862.5,0.00020852408,0.0010426204,0
865.0,870.0,867.5,8.273308e-05,0.0004136654,0
870.0,875.0,872.5,0.00019221056,0.0009610528,0
875.0,880.0,877.5,0.00024107646,0.0012053823,0
880.0,885.0,882.5,0.00010697516,0.0005348758,0
885.0,890.0,887.5,0.00017765406,0.0008882703,0
890.0,895.0,892.5,0.00019001058,0.0009500529,0
895.0,900.0,897.5,9.745054e-05,0.0004872527,0
900.0,905.0,902.5,0.00023116354,0.0011558177,0
905.0,910.0,907.5,9.692378e-05,0.0004846189,0
910.0,915.0,912.5,0.00010756026,0.0005378013,0
915.0,920.0,917.5,0.00011860756,0.0005930378,0
920.0,925.0,922.5,0.00011340006,0.0005670003,0
925.0,930.0,927.5,0.00016915444,0.0008457722,0
930.0,935.0,932.5,0.00012192572,0.0006096286,0
935.0,940.0,937.5,0.00015637866,0.0007818933,0
940.0,945.0,942.5,0.00012922462,0.0006461231,0
945.0,950.0,947.5,0.0001336739,0.0006683695,0
950.0,955.0,952.5,0.00021856612,0.0010928306,0
955.0,960.0,957.5,0.00025885448,0.0012942724,0
960.0,965.0,962.5,0.00024605532,0.0012302766,0
965.0,970.0,967.5,0.00018743356,0.0009371678,0
970.0,975.0,972.5,0.00015810268,0.0007905134,0
975.0,980.0,977.5,0.00015242024,0.0007621012,0
980.0,985.0,982.5,0.00027671828,0.0013835914,0
985.0,990.0,987.5,0.00020835358,0.0010417679,0
990.0,995.0,992.5,0.0001673795,0.0008368975,0
995.0,1000.0,997.5,0.00022684734,0.0011342367,0
1000.0,1005.0,1002.5,0.00021658728,0.0010829364,0
1005.0,1010.0,1007.5,0.0001630421,0.0008152105,0
1010.0,1015.0,1012.5,0.00019886426,0.0009943213,0
1015.0,1020.0,1017.5,9.933996e-05,0.0004966998,0
1020.0,1025.0,1022.5,0.00025661782,0.0012830891,0
1025.0,1030.0,1027.5,0.00018103618,0.0009051809,0
1030.0,1035.0,1032.5,0.00014894714,0.0007447357,0
1035.0,1040.0,1037.5,0.00012785902,0.0006392951,0
1040.0,1045.0,1042.5,0.00021916146,0.0010958073,0
1045.0,1050.0,1047.5,0.00018076098,0.0009038049,0
1050.0,1055.0,1052.5,0.00022067658,0.0011033829,0
1055.0,1060.0,1057.5,0.0001297749,0.0006488745,0
1060.0,1065.0,1062.5,0.00013850802,0.0006925401,0
1065.0,1070.0,1067.5,0.00025114776,0.0012557388,0
1070.0,1075.0,1072.5,0.00016984362,0.0008492181,0
1075.0,1080.0,1077.5,0.00018768496,0.0009384248,0
1080.0,1085.0,1082.5,0.00020092364,0.0010046182,0
1085.0,1090.0,1087.5,0.00015025178,0.0007512589,0
1090.0,1095.0,1092.5,0.00021204866,0.0010602433,0
1095.0,1100.0,1097.5,0.00024074202,0.0012037101,0
1100.0,1105.0,1102.5,0.00015890708,0.0007945354,0
1105.0,1110.0,1107.5,0.00020707008,0.0010353504,0
1110.0,1115.0,1112.5,9.884158e-05,0.0004942079,0
1115.0,1120.0,1117.5,0.00015068616,0.0007534308,0
1120.0,1125.0,1122.5,0.00014779884,0.0007389942,0
1125.0,1130.0,1127.5,0.00014667016,0.0007333508,0
1130.0,1135.0,1132.5,0.00023783456,0.0011891728,0
1135.0,1140.0,1137.5,0.0002556257,0.0012781285,0
1140.0,1145.0,1142.5,0.00027014786,0.0013507393,0
1145.0,1150.0,1147.5,0.00015893626,0.0007946813,0
1150.0,1155.0,1152.5,0.00027030472,0.0013515236,0
1155.0,1160.0,1157.5,0.00012040712,0.0006020356,0
1160.0,1165.0,1162.5,0.00017760472,0.0008880236,0
1165.0,1170.0,1167.5,8.832182e-05,0.0004416091,0
1170.0,1175.0,1172.5,0.00017065936,0.0008532968,0
1175.0,1180.0,1177.5,0.000190399,0.000951995,0
1180.0,1185.0,1182.5,0.00016050752,0.0008025376,0
1185.0,1190.0,1187.5,0.00013074864,0.0006537432,0
1190.0,1195.0,1192.5,0.0002429161,0.0012145805,0
1195.0,1200.0,1197.5,0.00013932508,0.0006966254,0
1200.0,1205.0,1202.5,0.0001281602,0.000640801,0
1205.0,1210.0,1207.5,0.0001759197,0.0008795985,0
1210.0,1215.0,1212.5,0.00017776392,0.0008888196,0
1215.0,1220.0,1217.5,0.00011879808,0.0005939904,0
1220.0,1225.0,1222.5,0.00024493148,0.0012246574,0
1225.0,1230.0,1227.5,0.0001486168,0.000743084,0
1230.0,1235.0,1232.5,0.00019964526,0.0009982263,0
1235.0,1240.0,1237.5,0.00015999392,0.0007999696,0
1240.0,1245.0,1242.5,0.00018660618,0.0009330309,0
1245.0,1250.0,1247.5,0.00018942296,0.0009471148,0
1250.0,1255.0,1252.5,0.0001164341,0.0005821705,0
1255.0,1260.0,1257.5,0.0001891584,0.000945792,0
1260.0,1265.0,1262.5,0.00017435946,0.0008717973,0
1265.0,1270.0,1267.5,0.00018007336,0.0009003668,0
1270.0,1275.0,1272.5,0.00019152792,0.0009576396,0
1275.0,1280.0,1277.5,0.00021070842,0.0010535421,0
1280.0,1285.0,1282.5,0.00020541534,0.0010270767,0
1285.0,1290.0,1287.5,0.00019919174,0.0009959587,0
1290.0,1295.0,1292.5,0.00019002864,0.0009501432,0
1295.0,1300.0,1297.5,0.0001282253,0.0006411265,0
1300.0,1305.0,1302.5,0.00014989726,0.0007494863,0
1305.0,1310.0,1307.5,0.00012032188,0.0006016094,0
1310.0,1315.0,1312.5,0.00018819648,0.0009409824,0
1315.0,1320.0,1317.5,0.00023555058,0.0011777529,0
1320.0,1325.0,1322.5,0.00015735718,0.0007867859,0
1325.0,1330.0,1327.5,0.00017193158,0.0008596579,0
1330.0,1335.0,1332.5,0.00024981428,0.0012490714,0
1335.0,1340.0,1337.5,0.0002291816,0.001145908,0
1340.0,1345.0,1342.5,0.00021790404,0.0010895202,0
1345.0,1350.0,1347.5,0.00019693206,0.0009846603,0
1350.0,1355.0,1352.5,0.00018766134,0.0009383067,0
1355.0,1360.0,1357.5,0.00016164298,0.0008082149,0
1360.0,1365.0,1362.5,0.0001899996,0.000949998,0
1365.0,1370.0,1367.5,0.0002238095,0.0011190475,0
1370.0,1375.0,1372.5,0.00012846824,0.0006423412,0
1375.0,1380.0,1377.5,0.00015978104,0.0007989052,0
1380.0,1385.0,1382.5,0.00016107056,0.0008053528,0
1385.0,1390.0,1387.5,0.0001685964,0.000842982,0
1390.0,1395.0,1392.5,0.00012044744,0.0006022372,0
1395.0,1400.0,1397.5,0.00021910986,0.0010955493,0
1400.0,1405.0,1402.5,0.00013799606,0.0006899803,0
1405.0,1410.0,1407.5,0.00024050786,0.0012025393,0
1410.0,1415.0,1412.5,0.00013674822,0.0006837411,0
1415.0,1420.0,1417.5,0.00020159422,0.0010079711,0
1420.0,1425.0,1422.5,0.00027623698,0.0013811849,0
1425.0,1430.0,1427.5,0.00017078584,0.0008539292,0
1430.0,1435.0,1432.5,0.00020988642,0.0010494321,0
1435.0,1440.0,1437.5,0.00015109232,0.0007554616,0
1440.0,1445.0,1442.5,0.00017901896,0.0008950948,0
1445.0,1450.0,1447.5,0.00023051838,0.0011525919,0
1450.0,1455.0,1452.5,0.0001796522,0.000898261,0
1455.0,1460.0,1457.5,0.0001487465,0.0007437325,0
1460.0,1465.0,1462.5,0.00014141118,0.0007070559,0
1465.0,1470.0,1467.5,0.00019068024,0.0009534012,0
1470.0,1475.0,1472.5,0.00016201714,0.0008100857,0
1475.0,1480.0,1477.5,0.00022775058,0.0011387529,0
1480.0,1485.0,1482.5,0.0002026631,0.0010133155,0
1485.0,1490.0,1487.5,0.00010150584,0.0005075292,0
1490.0,1495.0,1492.5,0.00021143338,0.0010571669,0
1495.0,1500.0,1497.5,0.00017228736,0.0008614368,0
1500.0,1505.0,1502.5,0.0001771867,0.0008859335,0
1505.0,1510.0,1507.5,0.00022310966,0.0011155483,0
1510.0,1515.0,1512.5,0.0001993987,0.0009969935,0
1515.0,1520.0,1517.5,0.00017197568,0.0008598784,0
1520.0,1525.0,1522.5,0.000177725,0.000888625,0
1525.0,1530.0,1527.5,0.00017086386,0.0008543193,0
1530.0,1535.0,1532.5,0.00020225876,0.0010112938,0
1535.0,1540.0,1537.5,0.00017978446,0.0008989223,0
1540.0,1545.0,1542.5,0.00018859698,0.0009429849,0
1545.0,1550.0,1547.5,0.0001166006,0.000583003,0
1550.0,1555.0,1552.5,0.00019603784,0.0009801892,0
1555.0,1560.0,1557.5,0.00019171532,0.0009585766,0
1560.0,1565.0,1562.5,0.00021944758,0.0010972379,0
1565.0,1570.0,1567.5,0.00014259212,0.0007129606,0
1570.0,1575.0,1572.5,0.00026930128,0.0013465064,0
1575.0,1580.0,1577.5,0.00016369324,0.0008184662,0
1580.0,1585.0,1582.5,0.00013058276,0.0006529138,0
1585.0,1590.0,1587.5,0.00021688102,0.0010844051,0
1590.0,1595.0,1592.5,0.00015066042,0.0007533021,0
1595.0,1600.0,1597.5,0.00014763172,0.0007381586,0
1600.0,1605.0,1602.5,0.00014596848,0.0007298424,0
1605.0,1610.0,1607.5,0.0001713861,0.0008569305,0
1610.0,1615.0,1612.5,0.00012753486,0.0006376743,0
1615.0,1620.0,1617.5,0.0001350181,0.0006750905,0
1620.0,1625.0,1622.5,0.00013714836,0.0006857418,0
1625.0,1630.0,1627.5,7.647856e-05,0.0003823928,0
1630.0,1635.0,1632.5,0.0001014694,0.000507347,0
1635.0,1640.0,1637.5,0.0002138634,0.001069317,0
1640.0,1645.0,1642.5,7.985076e-05,0.0003992538,0
1645.0,1650.0,1647.5,0.00010904798,0.0005452399,0
1650.0,1655.0,1652.5,0.00014841906,0.0007420953,0
1655.0,1660.0,1657.5,0.00018030838,0.0009015419,0
1660.0,1665.0,1662.5,0.00019987924,0.0009993962,0
1665.0,1670.0,1667.5,3.855644e-05,0.0001927822,0
1670.0,1675.0,1672.5,0.00012052554,0.0006026277,0
1675.0,1680.0,1677.5,0.00020593928,0.0010296964,0
1680.0,1685.0,1682.5,0.00015986564,0.0007993282,0
1685.0,1690.0,1687.5,0.00015712116,0.0007856058,0
1690.0,1695.0,1692.5,0.00018012018,0.0009006009,0
1695.0,1700.0,1697.5,7.999842e-05,0.0003999921,0
1700.0,1705.0,1702.5,0.00016070688,0.0008035344,0
1705.0,1710.0,1707.5,0.00012679574,0.0006339787,0
1710.0,1715.0,1712.5,0.00020068586,0.0010034293,0
1715.0,1720.0,1717.5,0.0001691727,0.0008458635,0
1720.0,1725.0,1722.5,9.652938e-05,0.0004826469,0
1725.0,1730.0,1727.5,8.942954e-05,0.0004471477,0
1730.0,1735.0,1732.5,0.00017943238,0.0008971619,0
1735.0,1740.0,1737.5,0.00015878054,0.0007939027,0
1740.0,1745.0,1742.5,0.00015661556,0.0007830778,0
1745.0,1750.0,1747.5,9.575426e-05,0.0004787713,0
1750.0,1755.0,1752.5,0.00012704098,0.0006352049,0
1755.0,1760.0,1757.5,0.00016659806,0.0008329903,0
1760.0,1765.0,1762.5,0.0001695198,0.000847599,0
1765.0,1770.0,1767.5,0.00017892784,0.0008946392,0
1770.0,1775.0,1772.5,0.0001515742,0.000757871,0
1775.0,1780.0,1777.5,0.0002091968,0.001045984,0
1780.0,1785.0,1782.5,0.0002209896,0.001104948,0
1785.0,1790.0,1787.5,0.0002155875,0.0010779375,0
1790.0,1795.0,1792.5,6.912292e-05,0.0003456146,0
1795.0,1800.0,1797.5,7.98012e-05,0.000399006,0
1800.0,1805.0,1802.5,0.00013898472,0.0006949236,0
1805.0,1810.0,1807.5,0.00017003566,0.0008501783,0
1810.0,1815.0,1812.5,0.0001430769,0.0007153845,0
1815.0,1820.0,1817.5,7.028218e-05,0.0003514109,0
1820.0,1825.0,1822.5,9.816034e-05,0.0004908017,0
1825.0,1830.0,1827.5,0.00014064696,0.0007032348,0
1830.0,1835.0,1832.5,0.00017943978,0.0008971989,0
1835.0,1840.0,1837.5,0.00017960294,0.0008980147,0
1840.0,1845.0,1842.5,0.00014108772,0.0007054386,0
1845.0,1850.0,1847.5,0.00021004338,0.0010502169,0
1850.0,1855.0,1852.5,0.00015014642,0.0007507321,0
1855.0,1860.0,1857.5,0.00018218836,0.0009109418,0
1860.0,1865.0,1862.5,9.950914e-05,0.0004975457,0
1865.0,1870.0,1867.5,7.978546e-05,0.0003989273,0
1870.0,1875.0,1872.5,0.00012642786,0.0006321393,0
1875.0,1880.0,1877.5,8.868378e-05,0.0004434189,0
1880.0,1885.0,1882.5,0.00021940496,0.0010970248,0
1885.0,1890.0,1887.5,0.0001083464,0.000541732,0
1890.0,1895.0,1892.5,0.0001866158,0.000933079,0
1895.0,1900.0,1897.5,0.0001083802,0.000541901,0
1900.0,1905.0,1902.5,0.00012957748,0.0006478874,0
1905.0,1910.0,1907.5,0.00015910364,0.0007955182,0
1910.0,1915.0,1912.5,0.00017812542,0.0008906271,0
1915.0,1920.0,1917.5,6.010088e-05,0.0003005044,0
1920.0,1925.0,1922.5,0.00010716456,0.0005358228,0
1925.0,1930.0,1927.5,0.0001625588,0.000812794,0
1930.0,1935.0,1932.5,0.00015237408,0.0007618704,0
1935.0,1940.0,1937.5,0.00015815394,0.0007907697,0
1940.0,1945.0,1942.5,0.00015727956,0.0007863978,0
1945.0,1950.0,1947.5,6.034194e-05,0.0003017097,0
1950.0,1955.0,1952.5,7.839818e-05,0.0003919909,0
1955.0,1960.0,1957.5,0.00015189092,0.0007594546,0
1960.0,1965.0,1962.5,0.00013861328,0.0006930664,0
1965.0,1970.0,1967.5,0.00012197628,0.0006098814,0
1970.0,1975.0,1972.5,8.918968e-05,0.0004459484,0
1975.0,1980.0,1977.5,7.744542e-05,0.0003872271,0
1980.0,1985.0,1982.5,0.00010113078,0.0005056539,0
1985.0,1990.0,1987.5,0.00014296332,0.0007148166,0
1990.0,1995.0,1992.5,0.00012655444,0.0006327722,0
1995.0,2000.0,1997.5,0.00024132666,0.0012066333,0
2000.0,2005.0,2002.5,0.0001709544,0.000854772,0
2005.0,2010.0,2007.5,6.808188e-05,0.0003404094,0
2010.0,2015.0,2012.5,0.00010176756,0.0005088378,0
2015.0,2020.0,2017.5,8.68108e-05,0.000434054,0
2020.0,2025.0,2022.5,0.0001186184,0.000593092,0
2025.0,2030.0,2027.5,9.28046e-05,0.000464023,0
2030.0,2035.0,2032.5,0.00020725788,0.0010362894,0
2035.0,2040.0,2037.5,0.0001130018,0.000565009,0
2040.0,2045.0,2042.5,0.0001562221,0.0007811105,0
2045.0,2050.0,2047.5,0.00020221576,0.0010110788,0
2050.0,2055.0,2052.5,8.78316e-05,0.000439158,0
2055.0,2060.0,2057.5,0.00011262604,0.0005631302,0
2060.0,2065.0,2062.5,9.447118e-05,0.0004723559,0
2065.0,2070.0,2067.5,0.00014228074,0.0007114037,0
2070.0,2075.0,2072.5,7.222524e-05,0.0003611262,0
2075.0,2080.0,2077.5,0.00014618734,0.0007309367,0
2080.0,2085.0,2082.5,0.0001378717,0.0006893585,0
2085.0,2090.0,2087.5,5.008798e-05,0.0002504399,0
2090.0,2095.0,2092.5,0.00014084872,0.0007042436,0
2095.0,2100.0,2097.5,0.0001409429,0.0007047145,0
2100.0,2105.0,2102.5,7.956198e-05,0.0003978099,0
2105.0,2110.0,2107.5,0.00012102362,0.0006051181,0
2110.0,2115.0,2112.5,0.00011397956,0.0005698978,0
2115.0,2120.0,2117.5,0.00012125406,0.0006062703,0
2120.0,2125.0,2122.5,7.291678e-05,0.0003645839,0
2125.0,2130.0,2127.5,0.00016256178,0.0008128089,0
2130.0,2135.0,2132.5,0.00014051624,0.0007025812,0
2135.0,2140.0,2137.5,8.842448e-05,0.0004421224,0
2140.0,2145.0,2142.5,6.744688e-05,0.0003372344,0
2145.0,2150.0,2147.5,9.002298e-05,0.0004501149,0
2150.0,2155.0,2152.5,0.00020529944,0.0010264972,0
2155.0,2160.0,2157.5,8.95797e-05,0.0004478985,0
2160.0,2165.0,2162.5,0.00017612786,0.0008806393,0
2165.0,2170.0,2167.5,0.00012150984,0.0006075492,0
2170.0,2175.0,2172.5,9.042566e-05,0.0004521283,0
2175.0,2180.0,2177.5,0.00011085384,0.0005542692,0
2180.0,2185.0,2182.5,0.00011093376,0.0005546688,0
2185.0,2190.0,2187.5,8.925982e-05,0.0004462991,0
2190.0,2195.0,2192.5,4.969802e-05,0.0002484901,0
2195.0,2200.0,2197.5,0.0001096671,0.0005483355,0
2200.0,2205.0,2202.5,0.00011077036,0.0005538518,0
2205.0,2210.0,2207.5,0.00011985156,0.0005992578,0
2210.0,2215.0,2212.5,0.0001023029,0.0005115145,0
2215.0,2220.0,2217.5,0.0001217755,0.0006088775,0
2220.0,2225.0,2222.5,0.00012933008,0.0006466504,0
2225.0,2230.0,2227.5,7.773868e-05,0.0003886934,0
2230.0,2235.0,2232.5,0.00012214428,0.0006107214,0
2235.0,2240.0,2237.5,5.95678e-05,0.000297839,0
2240.0,2245.0,2242.5,0.00013116244,0.0006558122,0
2245.0,2250.0,2247.5,7.164806e-05,0.0003582403,0
2250.0,2255.0,2252.5,0.00010146096,0.0005073048,0
2255.0,2260.0,2257.5,0.00014018344,0.0007009172,0
2260.0,2265.0,2262.5,9.75572e-05,0.000487786,0
2265.0,2270.0,2267.5,8.958926e-05,0.0004479463,0
2270.0,2275.0,2272.5,4.777572e-05,0.0002388786,0
2275.0,2280.0,2277.5,7.848638e-05,0.0003924319,0
2280.0,2285.0,2282.5,0.00014284792,0.0007142396,0
2285.0,2290.0,2287.5,4.038174e-05,0.0002019087,0
2290.0,2295.0,2292.5,8.990298e-05,0.0004495149,0
2295.0,2300.0,2297.5,0.00013828156,0.0006914078,0
2300.0,2305.0,2302.5,0.00011142254,0.0005571127,0
2305.0,2310.0,2307.5,0.00010125922,0.0005062961,0
2310.0,2315.0,2312.5,0.0001007178,0.000503589,0
2315.0,2320.0,2317.5,0.0002118876,0.001059438,0
2320.0,2325.0,2322.5,9.420886e-05,0.0004710443,0
2325.0,2330.0,2327.5,9.006592e-05,0.0004503296,0
2330.0,2335.0,2332.5,9.263716e-05,0.0004631858,0
2335.0,2340.0,2337.5,9.441518e-05,0.0004720759,0
2340.0,2345.0,2342.5,8.127382e-05,0.0004063691,0
2345.0,2350.0,2347.5,9.231162e-05,0.0004615581,0
2350.0,2355.0,2352.5,5.94611e-05,0.0002973055,0
2355.0,2360.0,2357.5,0.00011247102,0.0005623551,0
2360.0,2365.0,2362.5,8.14391e-05,0.0004071955,0
2365.0,2370.0,2367.5,8.137996e-05,0.0004068998,0
2370.0,2375.0,2372.5,4.122972e-05,0.0002061486,0
2375.0,2380.0,2377.5,0.00016163034,0.0008081517,0
2380.0,2385.0,2382.5,0.00013843864,0.0006921932,0
2385.0,2390.0,2387.5,0.00014233316,0.0007116658,0
2390.0,2395.0,2392.5,5.98382e-05,0.000299191,0
2395.0,2400.0,2397.5,7.92002e-05,0.000396001,0
2400.0,2405.0,2402.5,0.00011035232,0.0005517616,0
2405.0,2410.0,2407.5,0.0001837237,0.0009186185,0
2410.0,2415.0,2412.5,0.00010186974,0.0005093487,0
2415.0,2420.0,2417.5,0.00013173768,0.0006586884,0
2420.0,2425.0,2422.5,8.94787e-05,0.0004473935,0
2425.0,2430.0,2427.5,0.0001138278,0.000569139,0
2430.0,2435.0,2432.5,0.00011360296,0.0005680148,0
2435.0,2440.0,2437.5,9.004976e-05,0.0004502488,0
2440.0,2445.0,2442.5,0.00010406578,0.0005203289,0
2445.0,2450.0,2447.5,0.0001407377,0.0007036885,0
2450.0,2455.0,2452.5,0.00011244302,0.0005622151,0
2455.0,2460.0,2457.5,6.144186e-05,0.0003072093,0
2460.0,2465.0,2462.5,0.00011038238,0.0005519119,0
2465.0,2470.0,2467.5,0.0001148798,0.000574399,0
2470.0,2475.0,2472.5,9.003624e-05,0.0004501812,0
2475.0,2480.0,2477.5,9.007496e-05,0.0004503748,0
2480.0,2485.0,2482.5,5.98719e-05,0.0002993595,0
2485.0,2490.0,2487.5,9.081838e-05,0.0004540919,0
2490.0,2495.0,2492.5,2.988422e-05,0.0001494211,0
2495.0,2500.0,2497.5,8.158868e-05,0.0004079434,0
2500.0,2505.0,2502.5,6.09364e-05,0.000304682,0
2505.0,2510.0,2507.5,0.00010388368,0.0005194184,0
2510.0,2515.0,2512.5,7.960994e-05,0.0003980497,0
2515.0,2520.0,2517.5,7.326068e-05,0.0003663034,0
2520.0,2525.0,2522.5,0.00013202564,0.0006601282,0
2525.0,2530.0,2527.5,0.0001053031,0.0005265155,0
2530.0,2535.0,2532.5,8.161368e-05,0.0004080684,0
2535.0,2540.0,2537.5,0.00011162212,0.0005581106,0
2540.0,2545.0,2542.5,6.05535e-05,0.0003027675,0
2545.0,2550.0,2547.5,8.035062e-05,0.0004017531,0
2550.0,2555.0,2552.5,8.835864e-05,0.0004417932,0
2555.0,2560.0,2557.5,7.011432e-05,0.0003505716,0
2560.0,2565.0,2562.5,6.015482e-05,0.0003007741,0
2565.0,2570.0,2567.5,3.028384e-05,0.0001514192,0
2570.0,2575.0,2572.5,7.330014e-05,0.0003665007,0
2575.0,2580.0,2577.5,7.799194e-05,0.0003899597,0
2580.0,2585.0,2582.5,4.318608e-05,0.0002159304,0
2585.0,2590.0,2587.5,6.138172e-05,0.0003069086,0
2590.0,2595.0,2592.5,8.854144e-05,0.0004427072,0
2595.0,2600.0,2597.5,9.166556e-05,0.0004583278,0
2600.0,2605.0,2602.5,1.956522e-05,9.78261e-05,0
2605.0,2610.0,2607.5,8.517764e-05,0.0004258882,0
2610.0,2615.0,2612.5,5.208832e-05,0.0002604416,0
2615.0,2620.0,2617.5,7.041698e-05,0.0003520849,0
2620.0,2625.0,2622.5,8.935254e-05,0.0004467627,0
2625.0,2630.0,2627.5,0.00010927292,0.0005463646,0
2630.0,2635.0,2632.5,5.985732e-05,0.0002992866,0
2635.0,2640.0,2637.5,0.0001102464,0.000551232,0
2640.0,2645.0,2642.5,0.00010008064,0.0005004032,0
2645.0,2650.0,2647.5,0.00010295332,0.0005147666,0
2650.0,2655.0,2652.5,6.098708e-05,0.0003049354,0
2655.0,2660.0,2657.5,0.0001520636,0.000760318,0
2660.0,2665.0,2662.5,0.00010195562,0.0005097781,0
2665.0,2670.0,2667.5,5.089038e-05,0.0002544519,0
2670.0,2675.0,2672.5,9.400816e-05,0.0004700408,0
2675.0,2680.0,2677.5,0.00012299698,0.0006149849,0
2680.0,2685.0,2682.5,3.097342e-05,0.0001548671,0
2685.0,2690.0,2687.5,6.920662e-05,0.0003460331,0
2690.0,2695.0,2692.5,0.00010358016,0.0005179008,0
2695.0,2700.0,2697.5,0.00011454858,0.0005727429,0
2700.0,2705.0,2702.5,0.00014178416,0.0007089208,0
2705.0,2710.0,2707.5,0.0001433202,0.000716601,0
2710.0,2715.0,2712.5,7.246822e-05,0.0003623411,0
2715.0,2720.0,2717.5,9.206124e-05,0.0004603062,0
2720.0,2725.0,2722.5,5.052232e-05,0.0002526116,0
2725.0,2730.0,2727.5,0.0001097458,0.000548729,0
2730.0,2735.0,2732.5,5.89621e-05,0.0002948105,0
2735.0,2740.0,2737.5,0.00010336002,0.0005168001,0
2740.0,2745.0,2742.5,4.044312e-05,0.0002022156,0
2745.0,2750.0,2747.5,7.201738e-05,0.0003600869,0
2750.0,2755.0,2752.5,8.873772e-05,0.0004436886,0
2755.0,2760.0,2757.5,7.130248e-05,0.0003565124,0
2760.0,2765.0,2762.5,8.95092e-05,0.000447546,0
2765.0,2770.0,2767.5,5.948396e-05,0.0002974198,0
2770.0,2775.0,2772.5,0.0001029224,0.000514612,0
2775.0,2780.0,2777.5,0.00011700106,0.0005850053,0
2780.0,2785.0,2782.5,8.0303e-05,0.000401515,0
2785.0,2790.0,2787.5,5.951584e-05,0.0002975792,0
2790.0,2795.0,2792.5,6.999692e-05,0.0003499846,0
2795.0,2800.0,2797.5,6.172656e-05,0.0003086328,0
2800.0,2805.0,2802.5,8.811994e-05,0.0004405997,0
2805.0,2810.0,2807.5,9.117586e-05,0.0004558793,0
2810.0,2815.0,2812.5,5.99901e-05,0.0002999505,0
2815.0,2820.0,2817.5,0.00010958838,0.0005479419,0
2820.0,2825.0,2822.5,8.01873e-05,0.0004009365,0
2825.0,2830.0,2827.5,9.685906e-05,0.0004842953,0
2830.0,2835.0,2832.5,9.55822e-05,0.000477911,0
2835.0,2840.0,2837.5,0.00012385998,0.0006192999,0
2840.0,2845.0,2842.5,7.148878e-05,0.0003574439,0
2845.0,2850.0,2847.5,0.00010126188,0.0005063094,0
2850.0,2855.0,2852.5,0.0001005735,0.0005028675,0
2855.0,2860.0,2857.5,9.181994e-05,0.0004590997,0
2860.0,2865.0,2862.5,5.12572e-05,0.000256286,0
2865.0,2870.0,2867.5,0.0001305923,0.0006529615,0
2870.0,2875.0,2872.5,9.104446e-05,0.0004552223,0
2875.0,2880.0,2877.5,5.160332e-05,0.0002580166,0
2880.0,2885.0,2882.5,9.077806e-05,0.0004538903,0
2885.0,2890.0,2887.5,0.00010343152,0.0005171576,0
2890.0,2895.0,2892.5,8.262686e-05,0.0004131343,0
2895.0,2900.0,2897.5,8.185352e-05,0.0004092676,0
2900.0,2905.0,2902.5,3.043812e-05,0.0001521906,0
2905.0,2910.0,2907.5,0.00010462392,0.0005231196,0
2910.0,2915.0,2912.5,0.00012073204,0.0006036602,0
2915.0,2920.0,2917.5,7.989172e-05,0.0003994586,0
2920.0,2925.0,2922.5,7.999758e-05,0.0003999879,0
2925.0,2930.0,2927.5,5.05482e-05,0.000252741,0
2930.0,2935.0,2932.5,7.09912e-05,0.000354956,0
2935.0,2940.0,2937.5,9.898884e-05,0.0004949442,0
2940.0,2945.0,2942.5,3.067918e-05,0.0001533959,0
2945.0,2950.0,2947.5,9.904586e-05,0.0004952293,0
2950.0,2955.0,2952.5,2.94299e-05,0.0001471495,0
2955.0,2960.0,2957.5,0.00012128058,0.0006064029,0
2960.0,2965.0,2962.5,7.257684e-05,0.0003628842,0
2965.0,2970.0,2967.5,6.22303e-05,0.0003111515,0
2970.0,2975.0,2972.5,9.300316e-05,0.0004650158,0
2975.0,2980.0,2977.5,7.800112e-05,0.0003900056,0
2980.0,2985.0,2982.5,6.256504e-05,0.0003128252,0
2985.0,2990.0,2987.5,8.982916e-05,0.0004491458,0
2990.0,2995.0,2992.5,5.0707e-05,0.000253535,0
2995.0,3000.0,2997.5,6.985572e-05,0.0003492786,0
3000.0,3005.0,3002.5,0.00011789424,0.0005894712,0
3005.0,3010.0,3007.5,0.00011808272,0.0005904136,0
3010.0,3015.0,3012.5,0.00013160336,0.0006580168,0
3015.0,3020.0,3017.5,0.00011232434,0.0005616217,0
3020.0,3025.0,3022.5,7.192644e-05,0.0003596322,0
3025.0,3030.0,3027.5,8.943588e-05,0.0004471794,0
3030.0,3035.0,3032.5,0.00010268192,0.0005134096,0
3035.0,3040.0,3037.5,0.00010195614,0.0005097807,0
3040.0,3045.0,3042.5,5.147878e-05,0.0002573939,0
3045.0,3050.0,3047.5,0.00011396712,0.0005698356,0
3050.0,3055.0,3052.5,0.00016160438,0.0008080219,0
3055.0,3060.0,3057.5,6.008342e-05,0.0003004171,0
3060.0,3065.0,3062.5,0.0001406424,0.000703212,0
3065.0,3070.0,3067.5,7.916464e-05,0.0003958232,0
3070.0,3075.0,3072.5,7.215848e-05,0.0003607924,0
3075.0,3080.0,3077.5,6.244296e-05,0.0003122148,0
3080.0,3085.0,3082.5,6.944786e-05,0.0003472393,0
3085.0,3090.0,3087.5,8.18635e-05,0.0004093175,0
3090.0,3095.0,3092.5,9.657342e-05,0.0004828671,0
3095.0,3100.0,3097.5,8.082286e-05,0.0004041143,0
3100.0,3105.0,3102.5,4.224878e-05,0.0002112439,0
3105.0,3110.0,3107.5,0.00010134562,0.0005067281,0
3110.0,3115.0,3112.5,9.135254e-05,0.0004567627,0
3115.0,3120.0,3117.5,4.973158e-05,0.0002486579,0
3120.0,3125.0,3122.5,6.284356e-05,0.0003142178,0
3125.0,3130.0,3127.5,5.928478e-05,0.0002964239,0
3130.0,3135.0,3132.5,4.848732e-05,0.0002424366,0
3135.0,3140.0,3137.5,6.052302e-05,0.0003026151,0
3140.0,3145.0,3142.5,6.013156e-05,0.0003006578,0
3145.0,3150.0,3147.5,6.980212e-05,0.0003490106,0
3150.0,3155.0,3152.5,0.00010266334,0.0005133167,0
3155.0,3160.0,3157.5,5.10303e-05,0.0002551515,0
3160.0,3165.0,3162.5,8.955162e-05,0.0004477581,0
3165.0,3170.0,3167.5,0.00010231498,0.0005115749,0
3170.0,3175.0,3172.5,7.184904e-05,0.0003592452,0
3175.0,3180.0,3177.5,4.02233e-05,0.0002011165,0
3180.0,3185.0,3182.5,0.00012238232,0.0006119116,0
3185.0,3190.0,3187.5,0.00011307428,0.0005653714,0
3190.0,3195.0,3192.5,7.898206e-05,0.0003949103,0
3195.0,3200.0,3197.5,0.00010022478,0.0005011239,0
3200.0,3205.0,3202.5,6.17448e-05,0.000308724,0
3205.0,3210.0,3207.5,5.021286e-05,0.0002510643,0
3210.0,3215.0,3212.5,0.00010259446,0.0005129723,0
3215.0,3220.0,3217.5,0.00011124808,0.0005562404,0
3220.0,3225.0,3222.5,0.00011154224,0.0005577112,0
3225.0,3230.0,3227.5,3.951672e-05,0.0001975836,0
3230.0,3235.0,3232.5,0.00011218912,0.0005609456,0
3235.0,3240.0,3237.5,7.187082e-05,0.0003593541,0
3240.0,3245.0,3242.5,0.00014541868,0.0007270934,0
3245.0,3250.0,3247.5,7.826078e-05,0.0003913039,0
3250.0,3255.0,3252.5,0.0001133247,0.0005666235,0
3255.0,3260.0,3257.5,7.206134e-05,0.0003603067,0
3260.0,3265.0,3262.5,5.120282e-05,0.0002560141,0
3265.0,3270.0,3267.5,0.0001326668,0.000663334,0
3270.0,3275.0,3272.5,5.120282e-05,0.0002560141,0
3275.0,3280.0,3277.5,6.00043e-05,0.0003000215,0
3280.0,3285.0,3282.5,0.00011994296,0.0005997148,0
3285.0,3290.0,3287.5,6.157626e-05,0.0003078813,0
3290.0,3295.0,3292.5,9.39791e-05,0.0004698955,0
3295.0,3300.0,3297.5,3.024986e-05,0.0001512493,0
3300.0,3305.0,3302.5,0.00011191144,0.0005595572,0
3305.0,3310.0,3307.5,8.937212e-05,0.0004468606,0
3310.0,3315.0,3312.5,5.061372e-05,0.0002530686,0
3315.0,3320.0,3317.5,4.019048e-05,0.0002009524,0
3320.0,3325.0,3322.5,8.223272e-05,0.0004111636,0
3325.0,3330.0,3327.5,8.16403e-05,0.0004082015,0
3330.0,3335.0,3332.5,0.00012493634,0.0006246817,0
3335.0,3340.0,3337.5,6.039374e-05,0.0003019687,0
3340.0,3345.0,3342.5,9.040468e-05,0.0004520234,0
3345.0,3350.0,3347.5,7.219254e-05,0.0003609627,0
3350.0,3355.0,3352.5,7.010128e-05,0.0003505064,0
3355.0,3360.0,3357.5,8.27521e-05,0.0004137605,0
3360.0,3365.0,3362.5,9.172406e-05,0.0004586203,0
3365.0,3370.0,3367.5,5.225798e-05,0.0002612899,0
3370.0,3375.0,3372.5,5.141456e-05,0.0002570728,0
3375.0,3380.0,3377.5,7.293108e-05,0.0003646554,0
3380.0,3385.0,3382.5,9.39799e-05,0.0004698995,0
3385.0,3390.0,3387.5,0.0001009622,0.000504811,0
3390.0,3395.0,3392.5,8.723446e-05,0.0004361723,0
3395.0,3400.0,3397.5,0.00010114396,0.0005057198,0
3400.0,3405.0,3402.5,6.098802e-05,0.0003049401,0
3405.0,3410.0,3407.5,5.774918e-05,0.0002887459,0
3410.0,3415.0,3412.5,6.008254e-05,0.0003004127,0
3415.0,3420.0,3417.5,3.042654e-05,0.0001521327,0
3420.0,3425.0,3422.5,9.319236e-05,0.0004659618,0
3425.0,3430.0,3427.5,6.06764e-05,0.000303382,0
3430.0,3435.0,3432.5,0.00015993814,0.0007996907,0
3435.0,3440.0,3437.5,8.094928e-05,0.0004047464,0
3440.0,3445.0,3442.5,8.183238e-05,0.0004091619,0
3445.0,3450.0,3447.5,5.930546e-05,0.0002965273,0
3450.0,3455.0,3452.5,9.41782e-05,0.000470891,0
3455.0,3460.0,3457.5,4.951784e-05,0.0002475892,0
3460.0,3465.0,3462.5,0.00011513044,0.0005756522,0
3465.0,3470.0,3467.5,9.416732e-05,0.0004708366,0
3470.0,3475.0,3472.5,6.863822e-05,0.0003431911,0
3475.0,3480.0,3477.5,0.00010823776,0.0005411888,0
3480.0,3485.0,3482.5,5.146214e-05,0.0002573107,0
3485.0,3490.0,3487.5,3.850886e-05,0.0001925443,0
3490.0,3495.0,3492.5,7.104596e-05,0.0003552298,0
3495.0,3500.0,3497.5,6.028626e-05,0.0003014313,0
3500.0,3505.0,3502.5,0.00013406308,0.0006703154,0
3505.0,3510.0,3507.5,8.13266e-05,0.000406633,0
3510.0,3515.0,3512.5,7.992614e-05,0.0003996307,0
3515.0,3520.0,3517.5,5.856238e-05,0.0002928119,0
3520.0,3525.0,3522.5,6.052372e-05,0.0003026186,0
3525.0,3530.0,3527.5,3.02165e-05,0.0001510825,0
3530.0,3535.0,3532.5,6.876152e-05,0.0003438076,0
3535.0,3540.0,3537.5,0.00011189578,0.0005594789,0
3540.0,3545.0,3542.5,8.81687e-05,0.0004408435,0
3545.0,3550.0,3547.5,7.012828e-05,0.0003506414,0
3550.0,3555.0,3552.5,8.034824e-05,0.0004017412,0
3555.0,3560.0,3557.5,0.00014580312,0.0007290156,0
3560.0,3565.0,3562.5,8.342566e-05,0.0004171283,0
3565.0,3570.0,3567.5,4.157338e-05,0.0002078669,0
3570.0,3575.0,3572.5,8.242518e-05,0.0004121259,0
3575.0,3580.0,3577.5,9.958894e-05,0.0004979447,0
3580.0,3585.0,3582.5,5.977028e-05,0.0002988514,0
3585.0,3590.0,3587.5,3.937868e-05,0.0001968934,0
3590.0,3595.0,3592.5,4.143976e-05,0.0002071988,0
3595.0,3600.0,3597.5,7.092998e-05,0.0003546499,0
3600.0,3605.0,3602.5,4.97428e-05,0.000248714,0
3605.0,3610.0,3607.5,0.0001328833,0.0006644165,0
3610.0,3615.0,3612.5,0.00010029734,0.0005014867,0
3615.0,3620.0,3617.5,0.00010050248,0.0005025124,0
3620.0,3625.0,3622.5,5.034196e-05,0.0002517098,0
3625.0,3630.0,3627.5,5.96923e-05,0.0002984615,0
3630.0,3635.0,3632.5,0.0001012324,0.000506162,0
3635.0,3640.0,3637.5,4.976528e-05,0.0002488264,0
3640.0,3645.0,3642.5,0.00011288566,0.0005644283,0
3645.0,3650.0,3647.5,8.087688e-05,0.0004043844,0
3650.0,3655.0,3652.5,7.302658e-05,0.0003651329,0
3655.0,3660.0,3657.5,8.308166e-05,0.0004154083,0
3660.0,3665.0,3662.5,8.050586e-05,0.0004025293,0
3665.0,3670.0,3667.5,6.738098e-05,0.0003369049,0
3670.0,3675.0,3672.5,5.25356e-05,0.000262678,0
3675.0,3680.0,3677.5,0.00010886404,0.0005443202,0
3680.0,3685.0,3682.5,3.009718e-05,0.0001504859,0
3685.0,3690.0,3687.5,8.073936e-05,0.0004036968,0
3690.0,3695.0,3692.5,5.91321e-05,0.0002956605,0
3695.0,3700.0,3697.5,0.0001163853,0.0005819265,0
3700.0,3705.0,3702.5,7.89572e-05,0.000394786,0
3705.0,3710.0,3707.5,4.954032e-05,0.0002477016,0
3710.0,3715.0,3712.5,9.283226e-05,0.0004641613,0
3715.0,3720.0,3717.5,9.147804e-05,0.0004573902,0
3720.0,3725.0,3722.5,0.00015479652,0.0007739826,0
3725.0,3730.0,3727.5,7.757132e-05,0.0003878566,0
3730.0,3735.0,3732.5,7.180864e-05,0.0003590432,0
3735.0,3740.0,3737.5,4.188384e-05,0.0002094192,0
3740.0,3745.0,3742.5,7.862706e-05,0.0003931353,0
3745.0,3750.0,3747.5,6.976662e-05,0.0003488331,0
3750.0,3755.0,3752.5,8.891888e-05,0.0004445944,0
3755.0,3760.0,3757.5,6.105848e-05,0.0003052924,0
3760.0,3765.0,3762.5,9.016348e-05,0.0004508174,0
3765.0,3770.0,3767.5,0.0001012665,0.0005063325,0
3770.0,3775.0,3772.5,3.8631e-05,0.000193155,0
3775.0,3780.0,3777.5,7.013936e-05,0.0003506968,0
3780.0,3785.0,3782.5,5.312188e-05,0.0002656094,0
3785.0,3790.0,3787.5,9.25709e-05,0.0004628545,0
3790.0,3795.0,3792.5,5.861894e-05,0.0002930947,0
3795.0,3800.0,3797.5,8.993744e-05,0.0004496872,0
3800.0,3805.0,3802.5,6.063896e-05,0.0003031948,0
3805.0,3810.0,3807.5,6.816782e-05,0.0003408391,0
3810.0,3815.0,3812.5,0.00010121704,0.0005060852,0
3815.0,3820.0,3817.5,0.0001016885,0.0005084425,0
3820.0,3825.0,3822.5,6.863544e-05,0.0003431772,0
3825.0,3830.0,3827.5,7.32323e-05,0.0003661615,0
3830.0,3835.0,3832.5,3.196922e-05,0.0001598461,0
3835.0,3840.0,3837.5,7.793548e-05,0.0003896774,0
3840.0,3845.0,3842.5,6.008964e-05,0.0003004482,0
3845.0,3850.0,3847.5,7.030216e-05,0.0003515108,0
3850.0,3855.0,3852.5,2.032864e-05,0.0001016432,0
3855.0,3860.0,3857.5,9.107694e-05,0.0004553847,0
3860.0,3865.0,3862.5,9.069878e-05,0.0004534939,0
3865.0,3870.0,3867.5,4.041658e-05,0.0002020829,0
3870.0,3875.0,3872.5,4.065686e-05,0.0002032843,0
3875.0,3880.0,3877.5,0.00010368024,0.0005184012,0
3880.0,3885.0,3882.5,4.888482e-05,0.0002444241,0
3885.0,3890.0,3887.5,0.00010276574,0.0005138287,0
3890.0,3895.0,3892.5,4.270396e-05,0.0002135198,0
3895.0,3900.0,3897.5,9.496118e-05,0.0004748059,0
3900.0,3905.0,3902.5,6.206132e-05,0.0003103066,0
3905.0,3910.0,3907.5,2.896688e-05,0.0001448344,0
3910.0,3915.0,3912.5,5.969162e-05,0.0002984581,0
3915.0,3920.0,3917.5,7.017854e-05,0.0003508927,0
3920.0,3925.0,3922.5,3.278244e-05,0.0001639122,0
3925.0,3930.0,3927.5,7.915088e-05,0.0003957544,0
3930.0,3935.0,3932.5,8.433178e-05,0.0004216589,0
3935.0,3940.0,3937.5,0.00011984852,0.0005992426,0
3940.0,3945.0,3942.5,8.311342e-05,0.0004155671,0
3945.0,3950.0,3947.5,9.885114e-05,0.0004942557,0
3950.0,3955.0,3952.5,7.378564e-05,0.0003689282,0
3955.0,3960.0,3957.5,4.199244e-05,0.0002099622,0
3960.0,3965.0,3962.5,9.223186e-05,0.0004611593,0
3965.0,3970.0,3967.5,0.00011264992,0.0005632496,0
3970.0,3975.0,3972.5,7.027552e-05,0.0003513776,0
3975.0,3980.0,3977.5,6.28415e-05,0.0003142075,0
3980.0,3985.0,3982.5,4.03635e-05,0.0002018175,0
3985.0,3990.0,3987.5,5.04734e-05,0.000252367,0
3990.0,3995.0,3992.5,9.451854e-05,0.0004725927,0
3995.0,4000.0,3997.5,3.975848e-05,0.0001987924,0
4000.0,4005.0,4002.5,2.94939e-05,0.0001474695,0
4005.0,4010.0,4007.5,3.996886e-05,0.0001998443,0
4010.0,4015.0,4012.5,0.00010731664,0.0005365832,0
4015.0,4020.0,4017.5,0.00012832222,0.0006416111,0
4020.0,4025.0,4022.5,8.038428e-05,0.0004019214,0
4025.0,4030.0,4027.5,5.979356e-05,0.0002989678,0
4030.0,4035.0,4032.5,9.06602e-05,0.000453301,0
4035.0,4040.0,4037.5,9.02673e-05,0.0004513365,0
4040.0,4045.0,4042.5,6.971004e-05,0.0003485502,0
4045.0,4050.0,4047.5,8.211202e-05,0.0004105601,0
4050.0,4055.0,4052.5,6.092938e-05,0.0003046469,0
4055.0,4060.0,4057.5,5.063532e-05,0.0002531766,0
4060.0,4065.0,4062.5,8.339936e-05,0.0004169968,0
4065.0,4070.0,4067.5,4.975854e-05,0.0002487927,0
4070.0,4075.0,4072.5,2.067418e-05,0.0001033709,0
4075.0,4080.0,4077.5,4.104146e-05,0.0002052073,0
4080.0,4085.0,4082.5,6.299994e-05,0.0003149997,0
4085.0,4090.0,4087.5,6.218626e-05,0.0003109313,0
4090.0,4095.0,4092.5,6.178298e-05,0.0003089149,0
4095.0,4100.0,4097.5,6.264854e-05,0.0003132427,0
4100.0,4105.0,4102.5,9.56022e-06,4.78011e-05,0
4105.0,4110.0,4107.5,3.052864e-05,0.0001526432,0
4110.0,4115.0,4112.5,0.00010159468,0.0005079734,0
4115.0,4120.0,4117.5,5.23658e-05,0.000261829,0
4120.0,4125.0,4122.5,9.144452e-05,0.0004572226,0
4125.0,4130.0,4127.5,2.15054e-05,0.000107527,0
4130.0,4135.0,4132.5,4.066808e-05,0.0002033404,0
4135.0,4140.0,4137.5,6.044354e-05,0.0003022177,0
4140.0,4145.0,4142.5,0.00013297122,0.0006648561,0
4145.0,4150.0,4147.5,6.137266e-05,0.0003068633,0
4150.0,4155.0,4152.5,0.00013101334,0.0006550667,0
4155.0,4160.0,4157.5,5.01507e-05,0.0002507535,0
4160.0,4165.0,4162.5,3.158292e-05,0.0001579146,0
4165.0,4170.0,4167.5,6.226888e-05,0.0003113444,0
4170.0,4175.0,4172.5,6.2928e-05,0.00031464,0
4175.0,4180.0,4177.5,9.414174e-05,0.0004707087,0
4180.0,4185.0,4182.5,6.2258e-05,0.00031129,0
4185.0,4190.0,4187.5,0.00011177352,0.0005588676,0
4190.0,4195.0,4192.5,8.412602e-05,0.0004206301,0
4195.0,4200.0,4197.5,8.202364e-05,0.0004101182,0
4200.0,4205.0,4202.5,7.225564e-05,0.0003612782,0
4205.0,4210.0,4207.5,8.382524e-05,0.0004191262,0
4210.0,4215.0,4212.5,4.907444e-05,0.0002453722,0
4215.0,4220.0,4217.5,4.142098e-05,0.0002071049,0
4220.0,4225.0,4222.5,2.075768e-05,0.0001037884,0
4225.0,4230.0,4227.5,6.304594e-05,0.0003152297,0
4230.0,4235.0,4232.5,7.040428e-05,0.0003520214,0
4235.0,4240.0,4237.5,5.846078e-05,0.0002923039,0
4240.0,4245.0,4242.5,9.180364e-05,0.0004590182,0
4245.0,4250.0,4247.5,3.99801e-05,0.0001999005,0
4250.0,4255.0,4252.5,5.102582e-05,0.0002551291,0
4255.0,4260.0,4257.5,8.205352e-05,0.0004102676,0
4260.0,4265.0,4262.5,5.116926e-05,0.0002558463,0
4265.0,4270.0,4267.5,1.961704e-05,9.80852e-05,0
4270.0,4275.0,4272.5,9.906206e-05,0.0004953103,0
4275.0,4280.0,4277.5,5.84901e-05,0.0002924505,0
4280.0,4285.0,4282.5,7.014698e-05,0.0003507349,0
4285.0,4290.0,4287.5,8.396708e-05,0.0004198354,0
4290.0,4295.0,4292.5,4.069134e-05,0.0002034567,0
4295.0,4300.0,4297.5,3.004314e-05,0.0001502157,0
4300.0,4305.0,4302.5,4.021008e-05,0.0002010504,0
4305.0,4310.0,4307.5,3.981008e-05,0.0001990504,0
4310.0,4315.0,4312.5,4.963086e-05,0.0002481543,0
4315.0,4320.0,4317.5,4.315538e-05,0.0002157769,0
4320.0,4325.0,4322.5,4.866128e-05,0.0002433064,0
4325.0,4330.0,4327.5,6.235468e-05,0.0003117734,0
4330.0,4335.0,4332.5,7.203558e-05,0.0003601779,0
4335.0,4340.0,4337.5,0.00011438252,0.0005719126,0
4340.0,4345.0,4342.5,4.882826e-05,0.0002441413,0
4345.0,4350.0,4347.5,5.324088e-05,0.0002662044,0
4350.0,4355.0,4352.5,5.09628e-05,0.000254814,0
4355.0,4360.0,4357.5,0.00010234278,0.0005117139,0
4360.0,4365.0,4362.5,4.232488e-05,0.0002116244,0
4365.0,4370.0,4367.5,3.042654e-05,0.0001521327,0
4370.0,4375.0,4372.5,2.17659e-05,0.0001088295,0
4375.0,4380.0,4377.5,7.074694e-05,0.0003537347,0
4380.0,4385.0,4382.5,4.25127e-05,0.0002125635,0
4385.0,4390.0,4387.5,3.151738e-05,0.0001575869,0
4390.0,4395.0,4392.5,6.895366e-05,0.0003447683,0
4395.0,4400.0,4397.5,9.9552e-06,4.9776e-05,0
4400.0,4405.0,4402.5,5.1629e-05,0.000258145,0
4405.0,4410.0,4407.5,9.106256e-05,0.0004553128,0
4410.0,4415.0,4412.5,6.873424e-05,0.0003436712,0
4415.0,4420.0,4417.5,7.007604e-05,0.0003503802,0
4420.0,4425.0,4422.5,7.953046e-05,0.0003976523,0
4425.0,4430.0,4427.5,3.14961e-05,0.0001574805,0
4430.0,4435.0,4432.5,7.100608e-05,0.0003550304,0
4435.0,4440.0,4437.5,5.142652e-05,0.0002571326,0
4440.0,4445.0,4442.5,7.177596e-05,0.0003588798,0
4445.0,4450.0,4447.5,8.170958e-05,0.0004085479,0
4450.0,4455.0,4452.5,5.00773e-05,0.0002503865,0
4455.0,4460.0,4457.5,5.111618e-05,0.0002555809,0
4460.0,4465.0,4462.5,8.713156e-05,0.0004356578,0
4465.0,4470.0,4467.5,4.22858e-05,0.000211429,0
4470.0,4475.0,4472.5,5.931234e-05,0.0002965617,0
4475.0,4480.0,4477.5,3.075146e-05,0.0001537573,0
4480.0,4485.0,4482.5,3.909174e-05,0.0001954587,0
4485.0,4490.0,4487.5,5.244508e-05,0.0002622254,0
4490.0,4495.0,4492.5,7.672444e-05,0.0003836222,0
4495.0,4500.0,4497.5,6.1695e-05,0.000308475,0
4500.0,4505.0,4502.5,8.110052e-05,0.0004055026,0
4505.0,4510.0,4507.5,4.760184e-05,0.0002380092,0
4510.0,4515.0,4512.5,6.174932e-05,0.0003087466,0
4515.0,4520.0,4517.5,4.048384e-05,0.0002024192,0
4520.0,4525.0,4522.5,5.130374e-05,0.0002565187,0
4525.0,4530.0,4527.5,5.108252e-05,0.0002554126,0
4530.0,4535.0,4532.5,8.88356e-05,0.000444178,0
4535.0,4540.0,4537.5,4.074316e-05,0.0002037158,0
4540.0,4545.0,4542.5,7.239424e-05,0.0003619712,0
4545.0,4550.0,4547.5,5.09628e-05,0.000254814,0
4550.0,4555.0,4552.5,6.181742e-05,0.0003090871,0
4555.0,4560.0,4557.5,6.072034e-05,0.0003036017,0
4560.0,4565.0,4562.5,6.09025e-05,0.0003045125,0
4565.0,4570.0,4567.5,5.077136e-05,0.0002538568,0
4570.0,4575.0,4572.5,6.060634e-05,0.0003030317,0
4575.0,4580.0,4577.5,8.280614e-05,0.0004140307,0
4580.0,4585.0,4582.5,9.32423e-05,0.0004662115,0
4585.0,4590.0,4587.5,0.00010757364,0.0005378682,0
4590.0,4595.0,4592.5,5.207292e-05,0.0002603646,0
4595.0,4600.0,4597.5,5.774918e-05,0.0002887459,0
4600.0,4605.0,4602.5,2.05552e-05,0.000102776,0
4605.0,4610.0,4607.5,8.100378e-05,0.0004050189,0
4610.0,4615.0,4612.5,9.82306e-05,0.000491153,0
4615.0,4620.0,4617.5,4.13199e-05,0.0002065995,0
4620.0,4625.0,4622.5,2.074646e-05,0.0001037323,0
4625.0,4630.0,4627.5,1.99602e-05,9.9801e-05,0
4630.0,4635.0,4632.5,6.226888e-05,0.0003113444,0
4635.0,4640.0,4637.5,0.00011189956,0.0005594978,0
4640.0,4645.0,4642.5,3.859938e-05,0.0001929969,0
4645.0,4650.0,4647.5,4.937032e-05,0.0002468516,0
4650.0,4655.0,4652.5,0.00010100216,0.0005050108,0
4655.0,4660.0,4657.5,6.19555e-05,0.0003097775,0
4660.0,4665.0,4662.5,0.0001291089,0.0006455445,0
4665.0,4670.0,4667.5,7.556938e-05,0.0003778469,0
4670.0,4675.0,4672.5,3.21729e-05,0.0001608645,0
4675.0,4680.0,4677.5,5.989804e-05,0.0002994902,0
4680.0,4685.0,4682.5,5.950054e-05,0.0002975027,0
4685.0,4690.0,4687.5,5.188128e-05,0.0002594064,0
4690.0,4695.0,4692.5,4.160904e-05,0.0002080452,0
4695.0,4700.0,4697.5,3.106562e-05,0.0001553281,0
4700.0,4705.0,4702.5,3.176002e-05,0.0001588001,0
4705.0,4710.0,4707.5,4.89678e-05,0.000244839,0
4710.0,4715.0,4712.5,9.54198e-06,4.77099e-05,0
4715.0,4720.0,4717.5,9.01122e-05,0.000450561,0
4720.0,4725.0,4722.5,9.4697e-06,4.73485e-05,0
4725.0,4730.0,4727.5,0.0001179609,0.0005898045,0
4730.0,4735.0,4732.5,7.098214e-05,0.0003549107,0
4735.0,4740.0,4737.5,4.08681e-05,0.0002043405,0
4740.0,4745.0,4742.5,7.104524e-05,0.0003552262,0
4745.0,4750.0,4747.5,0.00010151234,0.0005075617,0
4750.0,4755.0,4752.5,6.841644e-05,0.0003420822,0
4755.0,4760.0,4757.5,9.9552e-06,4.9776e-05,0
4760.0,4765.0,4762.5,2.903916e-05,0.0001451958,0
4765.0,4770.0,4767.5,7.93741e-05,0.0003968705,0
4770.0,4775.0,4772.5,5.06283e-05,0.0002531415,0
4775.0,4780.0,4777.5,7.104524e-05,0.0003552262,0
4780.0,4785.0,4782.5,6.239024e-05,0.0003119512,0
4785.0,4790.0,4787.5,0.00014442646,0.0007221323,0
4790.0,4795.0,4792.5,0.00013155852,0.0006577926,0
4795.0,4800.0,4797.5,9.44774e-05,0.000472387,0
4800.0,4805.0,4802.5,4.995562e-05,0.0002497781,0
4805.0,4810.0,4807.5,7.217006e-05,0.0003608503,0
4810.0,4815.0,4812.5,3.864918e-05,0.0001932459,0
4815.0,4820.0,4817.5,3.297038e-05,0.0001648519,0
4820.0,4825.0,4822.5,4.16763e-05,0.0002083815,0
4825.0,4830.0,4827.5,4.25306e-05,0.000212653,0
4830.0,4835.0,4832.5,6.339696e-05,0.0003169848,0
4835.0,4840.0,4837.5,7.172064e-05,0.0003586032,0
4840.0,4845.0,4842.5,3.06681e-05,0.0001533405,0
4845.0,4850.0,4847.5,6.1039e-05,0.000305195,0
4850.0,4855.0,4852.5,4.034102e-05,0.0002017051,0
4855.0,4860.0,4857.5,9.053906e-05,0.0004526953,0
4860.0,4865.0,4862.5,7.842336e-05,0.0003921168,0
4865.0,4870.0,4867.5,0.0001306474,0.000653237,0
4870.0,4875.0,4872.5,6.064694e-05,0.0003032347,0
4875.0,4880.0,4877.5,4.206084e-05,0.0002103042,0
4880.0,4885.0,4882.5,5.080498e-05,0.0002540249,0
4885.0,4890.0,4887.5,3.85769e-05,0.0001928845,0
4890.0,4895.0,4892.5,6.069012e-05,0.0003034506,0
4895.0,4900.0,4897.5,7.05265e-05,0.0003526325,0
4900.0,4905.0,4902.5,9.16569e-05,0.0004582845,0
4905.0,4910.0,4907.5,8.031936e-05,0.0004015968,0
4910.0,4915.0,4912.5,4.130166e-05,0.0002065083,0
4915.0,4920.0,4917.5,7.86449e-05,0.0003932245,0
4920.0,4925.0,4922.5,3.030668e-05,0.0001515334,0
4925.0,4930.0,4927.5,5.36446e-05,0.000268223,0
4930.0,4935.0,4932.5,5.982288e-05,0.0002991144,0
4935.0,4940.0,4937.5,5.140954e-05,0.0002570477,0
4940.0,4945.0,4942.5,0.00011322778,0.0005661389,0
4945.0,4950.0,4947.5,4.962574e-05,0.0002481287,0
4950.0,4955.0,4952.5,2.112612e-05,0.0001056306,0
4955.0,4960.0,4957.5,7.9652e-05,0.00039826,0
4960.0,4965.0,4962.5,2.898512e-05,0.0001449256,0
4965.0,4970.0,4967.5,7.935642e-05,0.0003967821,0
4970.0,4975.0,4972.5,8.994702e-05,0.0004497351,0
4975.0,4980.0,4977.5,6.31513e-05,0.0003157565,0
4980.0,4985.0,4982.5,9.207844e-05,0.0004603922,0
4985.0,4990.0,4987.5,5.194764e-05,0.0002597382,0
4990.0,4995.0,4992.5,7.104282e-05,0.0003552141,0
4995.0,5000.0,4997.5,7.066684e-05,0.0003533342,0
5000.0,5005.0,5002.5,6.017028e-05,0.0003008514,0
5005.0,5010.0,5007.5,4.005238e-05,0.0002002619,0
5010.0,5015.0,5012.5,8.229828e-05,0.0004114914,0
5015.0,5020.0,5017.5,6.046266e-05,0.0003023133,0
5020.0,5025.0,5022.5,9.54198e-06,4.77099e-05,0
5025.0,5030.0,5027.5,7.086966e-05,0.0003543483,0
5030.0,5035.0,5032.5,3.951672e-05,0.0001975836,0
5035.0,5040.0,5037.5,5.798356e-05,0.0002899178,0
5040.0,5045.0,5042.5,6.097478e-05,0.0003048739,0
5045.0,5050.0,5047.5,6.88836e-05,0.000344418,0
5050.0,5055.0,5052.5,0.00011314898,0.0005657449,0
5055.0,5060.0,5057.5,3.969382e-05,0.0001984691,0
5060.0,5065.0,5062.5,8.198618e-05,0.0004099309,0
5065.0,5070.0,5067.5,8.110752e-05,0.0004055376,0
5070.0,5075.0,5072.5,6.09859e-05,0.0003049295,0
5075.0,5080.0,5077.5,5.178994e-05,0.0002589497,0
5080.0,5085.0,5082.5,3.062938e-05,0.0001531469,0
5085.0,5090.0,5087.5,5.080498e-05,0.0002540249,0
5090.0,5095.0,5092.5,8.037218e-05,0.0004018609,0
5095.0,5100.0,5097.5,5.870236e-05,0.0002935118,0
5100.0,5105.0,5102.5,8.208758e-05,0.0004104379,0
5105.0,5110.0,5107.5,4.0707e-05,0.000203535,0
5110.0,5115.0,5112.5,8.992542e-05,0.0004496271,0
5115.0,5120.0,5117.5,5.069634e-05,0.0002534817,0
5120.0,5125.0,5122.5,7.874914e-05,0.0003937457,0
5125.0,5130.0,5127.5,4.034818e-05,0.0002017409,0
5130.0,5135.0,5132.5,6.130874e-05,0.0003065437,0
5135.0,5140.0,5137.5,6.254768e-05,0.0003127384,0
5140.0,5145.0,5142.5,3.902168e-05,0.0001951084,0
5145.0,5150.0,5147.5,8.833696e-05,0.0004416848,0
5150.0,5155.0,5152.5,6.003274e-05,0.0003001637,0
5155.0,5160.0,5157.5,3.030668e-05,0.0001515334,0
5160.0,5165.0,5162.5,8.049718e-05,0.0004024859,0
5165.0,5170.0,5167.5,8.964338e-05,0.0004482169,0
5170.0,5175.0,5172.5,5.016808e-05,0.0002508404,0
5175.0,5180.0,5177.5,6.280706e-05,0.0003140353,0
5180.0,5185.0,5182.5,2.896688e-05,0.0001448344,0
5185.0,5190.0,5187.5,7.202846e-05,0.0003601423,0
5190.0,5195.0,5192.5,5.882536e-05,0.0002941268,0
5195.0,5200.0,5197.5,5.099208e-05,0.0002549604,0
5200.0,5205.0,5202.5,7.190582e-05,0.0003595291,0
5205.0,5210.0,5207.5,6.935452e-05,0.0003467726,0
5210.0,5215.0,5212.5,3.944444e-05,0.0001972222,0
5215.0,5220.0,5217.5,3.94847e-05,0.0001974235,0
5220.0,5225.0,5222.5,1.901168e-05,9.50584e-05,0
5225.0,5230.0,5227.5,4.931134e-05,0.0002465567,0
5230.0,5235.0,5232.5,5.270558e-05,0.0002635279,0
5235.0,5240.0,5237.5,5.196098e-05,0.0002598049,0
5240.0,5245.0,5242.5,9.173528e-05,0.0004586764,0
5245.0,5250.0,5247.5,6.12303e-05,0.0003061515,0
5250.0,5255.0,5252.5,2.866244e-05,0.0001433122,0
5255.0,5260.0,5257.5,4.13199e-05,0.0002065995,0
5260.0,5265.0,5262.5,7.158294e-05,0.0003579147,0
5265.0,5270.0,5267.5,7.816642e-05,0.0003908321,0
5270.0,5275.0,5272.5,0.00010220362,0.0005110181,0
5275.0,5280.0,5277.5,4.007014e-05,0.0002003507,0
5280.0,5285.0,5282.5,6.247536e-05,0.0003123768,0
5285.0,5290.0,5287.5,8.936452e-05,0.0004468226,0
5290.0,5295.0,5292.5,4.024364e-05,0.0002012182,0
5295.0,5300.0,5297.5,7.988892e-05,0.0003994446,0
5300.0,5305.0,5302.5,8.957566e-05,0.0004478783,0
5305.0,5310.0,5307.5,4.053364e-05,0.0002026682,0
5310.0,5315.0,5312.5,7.002914e-05,0.0003501457,0
5315.0,5320.0,5317.5,8.018354e-05,0.0004009177,0
5320.0,5325.0,5322.5,5.056392e-05,0.0002528196,0
5325.0,5330.0,5327.5,1.966684e-05,9.83342e-05,0
5330.0,5335.0,5332.5,3.987814e-05,0.0001993907,0
5335.0,5340.0,5337.5,2.22177e-05,0.0001110885,0
5340.0,5345.0,5342.5,7.219052e-05,0.0003609526,0
5345.0,5350.0,5347.5,7.954162e-05,0.0003977081,0
5350.0,5355.0,5352.5,3.943084e-05,0.0001971542,0
5355.0,5360.0,5357.5,5.961928e-05,0.0002980964,0
5360.0,5365.0,5362.5,3.195098e-05,0.0001597549,0
5365.0,5370.0,5367.5,3.023528e-05,0.0001511764,0
5370.0,5375.0,5372.5,8.063578e-05,0.0004031789,0
5375.0,5380.0,5377.5,6.773592e-05,0.0003386796,0
5380.0,5385.0,5382.5,0.0001098598,0.000549299,0
5385.0,5390.0,5387.5,3.277908e-05,0.0001638954,0
5390.0,5395.0,5392.5,5.103282e-05,0.0002551641,0
5395.0,5400.0,5397.5,3.85271e-05,0.0001926355,0
5400.0,5405.0,5402.5,0.00011161166,0.0005580583,0
5405.0,5410.0,5407.5,7.028256e-05,0.0003514128,0
5410.0,5415.0,5412.5,3.032494e-05,0.0001516247,0
5415.0,5420.0,5417.5,1.954698e-05,9.77349e-05,0
5420.0,5425.0,5422.5,4.152358e-05,0.0002076179,0
5425.0,5430.0,5427.5,7.033742e-05,0.0003516871,0
5430.0,5435.0,5432.5,8.787568e-05,0.0004393784,0
5435.0,5440.0,5437.5,9.417902e-05,0.0004708951,0
5440.0,5445.0,5442.5,6.092076e-05,0.0003046038,0
5445.0,5450.0,5447.5,4.254634e-05,0.0002127317,0
5450.0,5455.0,5452.5,3.030702e-05,0.0001515351,0
5455.0,5460.0,5457.5,7.01245e-05,0.0003506225,0
5460.0,5465.0,5462.5,4.862544e-05,0.0002431272,0
5465.0,5470.0,5467.5,5.843588e-05,0.0002921794,0
5470.0,5475.0,5472.5,7.20258e-05,0.000360129,0
5475.0,5480.0,5477.5,6.085986e-05,0.0003042993,0
5480.0,5485.0,5482.5,7.028644e-05,0.0003514322,0
5485.0,5490.0,5487.5,0.00011855248,0.0005927624,0
5490.0,5495.0,5492.5,7.283138e-05,0.0003641569,0
5495.0,5500.0,5497.5,4.97703e-05,0.0002488515,0
5500.0,5505.0,5502.5,6.0191e-05,0.000300955,0
5505.0,5510.0,5507.5,6.890184e-05,0.0003445092,0
5510.0,5515.0,5512.5,0.0001094061,0.0005470305,0
5515.0,5520.0,5517.5,6.0661e-05,0.000303305,0
5520.0,5525.0,5522.5,8.322066e-05,0.0004161033,0
5525.0,5530.0,5527.5,2.993866e-05,0.0001496933,0
5530.0,5535.0,5532.5,0.00011062096,0.0005531048,0
5535.0,5540.0,5537.5,7.173888e-05,0.0003586944,0
5540.0,5545.0,5542.5,9.087486e-05,0.0004543743,0
5545.0,5550.0,5547.5,3.933368e-05,0.0001966684,0
5550.0,5555.0,5552.5,6.889482e-05,0.0003444741,0
5555.0,5560.0,5557.5,5.1e-05,0.000255,0
5560.0,5565.0,5562.5,4.97428e-05,0.000248714,0
5565.0,5570.0,5567.5,3.130788e-05,0.0001565394,0
5570.0,5575.0,5572.5,3.897188e-05,0.0001948594,0
5575.0,5580.0,5577.5,7.357124e-05,0.0003678562,0
5580.0,5585.0,5582.5,0.0001222269,0.0006111345,0
5585.0,5590.0,5587.5,2.912546e-05,0.0001456273,0
5590.0,5595.0,5592.5,8.039634e-05,0.0004019817,0
5595.0,5600.0,5597.5,4.097842e-05,0.0002048921,0
5600.0,5605.0,5602.5,0.0001414794,0.000707397,0
5605.0,5610.0,5607.5,4.133112e-05,0.0002066556,0
5610.0,5615.0,5612.5,9.99451e-05,0.0004997255,0
5615.0,5620.0,5617.5,4.03229e-05,0.0002016145,0
5620.0,5625.0,5622.5,7.329998e-05,0.0003664999,0
5625.0,5630.0,5627.5,2.195716e-05,0.0001097858,0
5630.0,5635.0,5632.5,6.997022e-05,0.0003498511,0
5635.0,5640.0,5637.5,3.940836e-05,0.0001970418,0
5640.0,5645.0,5642.5,4.98332e-05,0.000249166,0
5645.0,5650.0,5647.5,4.133112e-05,0.0002066556,0
5650.0,5655.0,5652.5,4.089656e-05,0.0002044828,0
5655.0,5660.0,5657.5,7.99645e-05,0.0003998225,0
5660.0,5665.0,5662.5,6.970802e-05,0.0003485401,0
5665.0,5670.0,5667.5,5.038674e-05,0.0002519337,0
5670.0,5675.0,5672.5,3.975354e-05,0.0001987677,0
5675.0,5680.0,5677.5,4.004814e-05,0.0002002407,0
5680.0,5685.0,5682.5,5.927022e-05,0.0002963511,0
5685.0,5690.0,5687.5,7.979268e-05,0.0003989634,0
5690.0,5695.0,5692.5,0.00012418878,0.0006209439,0
5695.0,5700.0,5697.5,9.2587e-05,0.000462935,0
5700.0,5705.0,5702.5,6.154262e-05,0.0003077131,0
5705.0,5710.0,5707.5,8.354054e-05,0.0004177027,0
5710.0,5715.0,5712.5,6.943326e-05,0.0003471663,0
5715.0,5720.0,5717.5,6.183278e-05,0.0003091639,0
5720.0,5725.0,5722.5,6.165428e-05,0.0003082714,0
5725.0,5730.0,5727.5,6.11813e-05,0.0003059065,0
5730.0,5735.0,5732.5,6.19966e-05,0.000309983,0
5735.0,5740.0,5737.5,5.885574e-05,0.0002942787,0
5740.0,5745.0,5742.5,3.104738e-05,0.0001552369,0
5745.0,5750.0,5747.5,6.064304e-05,0.0003032152,0
5750.0,5755.0,5752.5,8.281484e-05,0.0004140742,0
5755.0,5760.0,5757.5,0.00011931608,0.0005965804,0
5760.0,5765.0,5762.5,8.920018e-05,0.0004460009,0
5765.0,5770.0,5767.5,5.977308e-05,0.0002988654,0
5770.0,5775.0,5772.5,0.00010228506,0.0005114253,0
5775.0,5780.0,5777.5,7.221398e-05,0.0003610699,0
5780.0,5785.0,5782.5,3.092362e-05,0.0001546181,0
5785.0,5790.0,5787.5,7.002182e-05,0.0003501091,0
5790.0,5795.0,5792.5,7.908944e-05,0.0003954472,0
5795.0,5800.0,5797.5,6.979172e-05,0.0003489586,0
5800.0,5805.0,5802.5,5.86458e-05,0.000293229,0
5805.0,5810.0,5807.5,3.139166e-05,0.0001569583,0
5810.0,5815.0,5812.5,2.922706e-05,0.0001461353,0
5815.0,5820.0,5817.5,5.859394e-05,0.0002929697,0
5820.0,5825.0,5822.5,7.339066e-05,0.0003669533,0
5825.0,5830.0,5827.5,5.765864e-05,0.0002882932,0
5830.0,5835.0,5832.5,6.38267e-05,0.0003191335,0
5835.0,5840.0,5837.5,7.006906e-05,0.0003503453,0
5840.0,5845.0,5842.5,5.393876e-05,0.0002696938,0
5845.0,5850.0,5847.5,7.978988e-05,0.0003989494,0
5850.0,5855.0,5852.5,9.03607e-05,0.0004518035,0
5855.0,5860.0,5857.5,1.913154e-05,9.56577e-05,0
5860.0,5865.0,5862.5,9.999854e-05,0.0004999927,0
5865.0,5870.0,5867.5,3.845482e-05,0.0001922741,0
5870.0,5875.0,5872.5,3.85769e-05,0.0001928845,0
5875.0,5880.0,5877.5,6.929938e-05,0.0003464969,0
5880.0,5885.0,5882.5,3.953498e-05,0.0001976749,0
5885.0,5890.0,5887.5,3.946018e-05,0.0001973009,0
5890.0,5895.0,5892.5,5.03469e-05,0.0002517345,0
5895.0,5900.0,5897.5,5.957688e-05,0.0002978844,0
5900.0,5905.0,5902.5,4.972456e-05,0.0002486228,0
5905.0,5910.0,5907.5,1.037344e-05,5.18672e-05,0
5910.0,5915.0,5912.5,4.97618e-05,0.000248809,0
5915.0,5920.0,5917.5,6.32771e-05,0.0003163855,0
5920.0,5925.0,5922.5,6.320562e-05,0.0003160281,0
5925.0,5930.0,5927.5,0.00010038092,0.0005019046,0
5930.0,5935.0,5932.5,7.072328e-05,0.0003536164,0
5935.0,5940.0,5937.5,0.00010293348,0.0005146674,0
5940.0,5945.0,5942.5,9.812424e-05,0.0004906212,0
5945.0,5950.0,5947.5,5.946604e-05,0.0002973302,0
5950.0,5955.0,5952.5,7.07863e-05,0.0003539315,0
5955.0,5960.0,5957.5,6.821306e-05,0.0003410653,0
5960.0,5965.0,5962.5,4.021008e-05,0.0002010504,0
5965.0,5970.0,5967.5,5.173812e-05,0.0002586906,0
5970.0,5975.0,5972.5,7.996772e-05,0.0003998386,0
5975.0,5980.0,5977.5,7.817942e-05,0.0003908971,0
5980.0,5985.0,5982.5,2.048292e-05,0.0001024146,0
5985.0,5990.0,5987.5,5.98166e-05,0.000299083,0
5990.0,5995.0,5992.5,8.984668e-05,0.0004492334,0
5995.0,6000.0,5997.5,4.093364e-05,0.0002046682,0
6000.0,6005.0,6002.5,5.927804e-05,0.0002963902,0
6005.0,6010.0,6007.5,9.906368e-05,0.0004953184,0
6010.0,6015.0,6012.5,4.088636e-05,0.0002044318,0
6015.0,6020.0,6017.5,1.984314e-05,9.92157e-05,0
6020.0,6025.0,6022.5,7.81359e-05,0.0003906795,0
6025.0,6030.0,6027.5,1.908396e-05,9.54198e-05,0
6030.0,6035.0,6032.5,5.91627e-05,0.0002958135,0
6035.0,6040.0,6037.5,7.071624e-05,0.0003535812,0
6040.0,6045.0,6042.5,6.228322e-05,0.0003114161,0
6045.0,6050.0,6047.5,5.742578e-05,0.0002871289,0
6050.0,6055.0,6052.5,5.947692e-05,0.0002973846,0
6055.0,6060.0,6057.5,9.090494e-05,0.0004545247,0
6060.0,6065.0,6062.5,4.150414e-05,0.0002075207,0
6065.0,6070.0,6067.5,6.955032e-05,0.0003477516,0
6070.0,6075.0,6072.5,8.841226e-05,0.0004420613,0
6075.0,6080.0,6077.5,0.000121171,0.000605855,0
6080.0,6085.0,6082.5,0.00014028988,0.0007014494,0
6085.0,6090.0,6087.5,3.95507e-05,0.0001977535,0
6090.0,6095.0,6092.5,4.270058e-05,0.0002135029,0
6095.0,6100.0,6097.5,6.051448e-05,0.0003025724,0
6100.0,6105.0,6102.5,6.708082e-05,0.0003354041,0
6105.0,6110.0,6107.5,7.8869e-05,0.000394345,0
6110.0,6115.0,6112.5,6.185474e-05,0.0003092737,0
6115.0,6120.0,6117.5,4.906942e-05,0.0002453471,0
6120.0,6125.0,6122.5,2.947564e-05,0.0001473782,0
6125.0,6130.0,6127.5,5.954246e-05,0.0002977123,0
6130.0,6135.0,6132.5,0.00012200128,0.0006100064,0
6135.0,6140.0,6137.5,7.030538e-05,0.0003515269,0
6140.0,6145.0,6142.5,4.953042e-05,0.0002476521,0
6145.0,6150.0,6147.5,3.239984e-05,0.0001619992,0
6150.0,6155.0,6152.5,6.946648e-05,0.0003473324,0
6155.0,6160.0,6157.5,8.096858e-05,0.0004048429,0
6160.0,6165.0,6162.5,6.212974e-05,0.0003106487,0
6165.0,6170.0,6167.5,6.00541e-05,0.0003002705,0
6170.0,6175.0,6172.5,4.988062e-05,0.0002494031,0
6175.0,6180.0,6177.5,5.033494e-05,0.0002516747,0
6180.0,6185.0,6182.5,0.00012352184,0.0006176092,0
6185.0,6190.0,6187.5,8.978738e-05,0.0004489369,0
6190.0,6195.0,6192.5,4.98042e-05,0.000249021,0
6195.0,6200.0,6197.5,3.123976e-05,0.0001561988,0
6200.0,6205.0,6202.5,5.12751e-05,0.0002563755,0
6205.0,6210.0,6207.5,4.91172e-05,0.000245586,0
6210.0,6215.0,6212.5,5.003656e-05,0.0002501828,0
6220.0,6225.0,6222.5,7.007936e-05,0.0003503968,0
6225.0,6230.0,6227.5,0.00011304888,0.0005652444,0
6230.0,6235.0,6232.5,8.122704e-05,0.0004061352,0
6235.0,6240.0,6237.5,8.031878e-05,0.0004015939,0
6240.0,6245.0,6242.5,7.104482e-05,0.0003552241,0
6245.0,6250.0,6247.5,5.809234e-05,0.0002904617,0
6250.0,6255.0,6252.5,3.092864e-05,0.0001546432,0
6255.0,6260.0,6257.5,5.015388e-05,0.0002507694,0
6260.0,6265.0,6262.5,5.9547e-05,0.000297735,0
6265.0,6270.0,6267.5,3.977726e-05,0.0001988863,0
6270.0,6275.0,6272.5,1.91022e-05,9.5511e-05,0
6275.0,6280.0,6277.5,7.30373e-05,0.0003651865,0
6280.0,6285.0,6282.5,8.122758e-05,0.0004061379,0
6285.0,6290.0,6287.5,5.18053e-05,0.0002590265,0
6290.0,6295.0,6292.5,5.227962e-05,0.0002613981,0
6295.0,6300.0,6297.5,3.297038e-05,0.0001648519,0
6300.0,6305.0,6302.5,3.033364e-05,0.0001516682,0
6305.0,6310.0,6307.5,0.00011191438,0.0005595719,0
6310.0,6315.0,6312.5,9.135856e-05,0.0004567928,0
6315.0,6320.0,6317.5,0.00010081918,0.0005040959,0
6320.0,6325.0,6322.5,4.972456e-05,0.0002486228,0
6325.0,6330.0,6327.5,5.064654e-05,0.0002532327,0
6330.0,6335.0,6332.5,3.989624e-05,0.0001994812,0
6335.0,6340.0,6337.5,2.849962e-05,0.0001424981,0
6340.0,6345.0,6342.5,2.87823e-05,0.0001439115,0
6345.0,6350.0,6347.5,2.003528e-05,0.0001001764,0
6350.0,6355.0,6352.5,3.90652e-05,0.000195326,0
6355.0,6360.0,6357.5,5.080082e-05,0.0002540041,0
6360.0,6365.0,6362.5,4.981788e-05,0.0002490894,0
6365.0,6370.0,6367.5,2.112612e-05,0.0001056306,0
6370.0,6375.0,6372.5,7.924358e-05,0.0003962179,0
6375.0,6380.0,6377.5,8.876952e-05,0.0004438476,0
6380.0,6385.0,6382.5,4.88939e-05,0.0002444695,0
6385.0,6390.0,6387.5,0.00010023166,0.0005011583,0
6390.0,6395.0,6392.5,8.038092e-05,0.0004019046,0
6395.0,6400.0,6397.5,3.097342e-05,0.0001548671,0
6400.0,6405.0,6402.5,1.94747e-05,9.73735e-05,0
6405.0,6410.0,6407.5,7.309076e-05,0.0003654538,0
6410.0,6415.0,6412.5,6.223648e-05,0.0003111824,0
6415.0,6420.0,6417.5,3.102322e-05,0.0001551161,0
6420.0,6425.0,6422.5,4.914654e-05,0.0002457327,0
6425.0,6430.0,6427.5,5.279244e-05,0.0002639622,0
6430.0,6435.0,6432.5,5.206584e-05,0.0002603292,0
6435.0,6440.0,6437.5,9.66184e-06,4.83092e-05,0
6440.0,6445.0,6442.5,0.00010191738,0.0005095869,0
6445.0,6450.0,6447.5,6.076018e-05,0.0003038009,0
6450.0,6455.0,6452.5,0.00010373262,0.0005186631,0
6455.0,6460.0,6457.5,6.115886e-05,0.0003057943,0
6460.0,6465.0,6462.5,5.267264e-05,0.0002633632,0
6465.0,6470.0,6467.5,7.90453e-05,0.0003952265,0
6470.0,6475.0,6472.5,0.00010156932,0.0005078466,0
6475.0,6480.0,6477.5,3.085636e-05,0.0001542818,0
6480.0,6485.0,6482.5,0.0001036461,0.0005182305,0
6485.0,6490.0,6487.5,2.983664e-05,0.0001491832,0
6490.0,6495.0,6492.5,3.123976e-05,0.0001561988,0
6495.0,6500.0,6497.5,5.092438e-05,0.0002546219,0
6500.0,6505.0,6502.5,3.043812e-05,0.0001521906,0
6505.0,6510.0,6507.5,6.134112e-05,0.0003067056,0
6510.0,6515.0,6512.5,6.05167e-05,0.0003025835,0
6515.0,6520.0,6517.5,3.028878e-05,0.0001514439,0
6520.0,6525.0,6522.5,7.3217e-05,0.000366085,0
6525.0,6530.0,6527.5,4.27219e-05,0.0002136095,0
6530.0,6535.0,6532.5,4.126308e-05,0.0002063154,0
6535.0,6540.0,6537.5,6.962038e-05,0.0003481019,0
6540.0,6545.0,6542.5,8.06897e-05,0.0004034485,0
6545.0,6550.0,6547.5,7.27626e-05,0.000363813,0
6550.0,6555.0,6552.5,2.157792e-05,0.0001078896,0
6555.0,6560.0,6557.5,5.308906e-05,0.0002654453,0
6560.0,6565.0,6562.5,4.21281e-05,0.0002106405,0
6565.0,6570.0,6567.5,5.26771e-05,0.0002633855,0
6570.0,6575.0,6572.5,2.096842e-05,0.0001048421,0
6575.0,6580.0,6577.5,7.145676e-05,0.0003572838,0
6580.0,6585.0,6582.5,9.352068e-05,0.0004676034,0
6585.0,6590.0,6587.5,5.93864e-05,0.000296932,0
6590.0,6595.0,6592.5,0.00012390066,0.0006195033,0
6595.0,6600.0,6597.5,3.90126e-05,0.000195063,0
6600.0,6605.0,6602.5,7.004084e-05,0.0003502042,0
6605.0,6610.0,6607.5,1.984314e-05,9.92157e-05,0
6610.0,6615.0,6612.5,6.084572e-05,0.0003042286,0
6615.0,6620.0,6617.5,3.861764e-05,0.0001930882,0
6620.0,6625.0,6622.5,5.99929e-05,0.0002999645,0
6625.0,6630.0,6627.5,8.105072e-05,0.0004052536,0
6630.0,6635.0,6632.5,9.01594e-05,0.000450797,0
6635.0,6640.0,6637.5,2.920882e-05,0.0001460441,0
6640.0,6645.0,6642.5,3.277908e-05,0.0001638954,0
6645.0,6650.0,6647.5,6.139926e-05,0.0003069963,0
6650.0,6655.0,6652.5,4.096884e-05,0.0002048442,0
6655.0,6660.0,6657.5,9.66184e-06,4.83092e-05,0
6660.0,6665.0,6662.5,9.01043e-05,0.0004505215,0
6665.0,6670.0,6667.5,5.75752e-05,0.000287876,0
6670.0,6675.0,6672.5,2.07647e-05,0.0001038235,0
6675.0,6680.0,6677.5,3.903588e-05,0.0001951794,0
6680.0,6685.0,6682.5,0.00010040212,0.0005020106,0
6685.0,6690.0,6687.5,4.247382e-05,0.0002123691,0
6690.0,6695.0,6692.5,5.023534e-05,0.0002511767,0
6695.0,6700.0,6697.5,6.188004e-05,0.0003094002,0
6700.0,6705.0,6702.5,3.00249e-05,0.0001501245,0
6705.0,6710.0,6707.5,4.071788e-05,0.0002035894,0
6710.0,6715.0,6712.5,6.09685e-05,0.0003048425,0
6715.0,6720.0,6717.5,7.12672e-05,0.000356336,0
6720.0,6725.0,6722.5,5.127544e-05,0.0002563772,0
6725.0,6730.0,6727.5,1.920382e-05,9.60191e-05,0
6730.0,6735.0,6732.5,1.949718e-05,9.74859e-05,0
6735.0,6740.0,6737.5,7.98357e-05,0.0003991785,0
6740.0,6745.0,6742.5,2.855366e-05,0.0001427683,0
6745.0,6750.0,6747.5,3.11204e-05,0.000155602,0
6750.0,6755.0,6752.5,4.082652e-05,0.0002041326,0
6755.0,6760.0,6757.5,4.259614e-05,0.0002129807,0
6760.0,6765.0,6762.5,9.662472e-05,0.0004831236,0
6765.0,6770.0,6767.5,4.99665e-05,0.0002498325,0
6770.0,6775.0,6772.5,0.0001004632,0.000502316,0
6775.0,6780.0,6777.5,2.93801e-05,0.0001469005,0
6780.0,6785.0,6782.5,6.985036e-05,0.0003492518,0
6785.0,6790.0,6787.5,5.042952e-05,0.0002521476,0
6790.0,6795.0,6792.5,6.09187e-05,0.0003045935,0
6795.0,6800.0,6797.5,5.063532e-05,0.0002531766,0
6800.0,6805.0,6802.5,5.010496e-05,0.0002505248,0
6805.0,6810.0,6807.5,9.56022e-06,4.78011e-05,0
6810.0,6815.0,6812.5,7.11116e-05,0.000355558,0
6815.0,6820.0,6817.5,0.00010003338,0.0005001669,0
6820.0,6825.0,6822.5,3.02681e-05,0.0001513405,0
6825.0,6830.0,6827.5,7.154728e-05,0.0003577364,0
6830.0,6835.0,6832.5,3.904194e-05,0.0001952097,0
6835.0,6840.0,6837.5,6.977528e-05,0.0003488764,0
6840.0,6845.0,6842.5,5.941256e-05,0.0002970628,0
6845.0,6850.0,6847.5,3.087132e-05,0.0001543566,0
6850.0,6855.0,6852.5,4.40528e-05,0.000220264,0
6855.0,6860.0,6857.5,2.120948e-05,0.0001060474,0
6860.0,6865.0,6862.5,2.997474e-05,0.0001498737,0
6865.0,6870.0,6867.5,7.923154e-05,0.0003961577,0
6870.0,6875.0,6872.5,0.00010094498,0.0005047249,0
6875.0,6880.0,6877.5,2.896688e-05,0.0001448344,0
6880.0,6885.0,6882.5,2.876404e-05,0.0001438202,0
6885.0,6890.0,6887.5,3.036972e-05,0.0001518486,0
6890.0,6895.0,6892.5,4.964194e-05,0.0002482097,0
6895.0,6900.0,6897.5,7.202604e-05,0.0003601302,0
6900.0,6905.0,6902.5,9.9552e-06,4.9776e-05,0
6905.0,6910.0,6907.5,5.118422e-05,0.0002559211,0
6910.0,6915.0,6912.5,9.274146e-05,0.0004637073,0
6920.0,6925.0,6922.5,6.039408e-05,0.0003019704,0
6925.0,6930.0,6927.5,6.063568e-05,0.0003031784,0
6930.0,6935.0,6932.5,3.876904e-05,0.0001938452,0
6935.0,6940.0,6937.5,5.309202e-05,0.0002654601,0
6940.0,6945.0,6942.5,3.121448e-05,0.0001560724,0
6945.0,6950.0,6947.5,6.848394e-05,0.0003424197,0
6950.0,6955.0,6952.5,3.030668e-05,0.0001515334,0
6955.0,6960.0,6957.5,3.960338e-05,0.0001980169,0
6960.0,6965.0,6962.5,3.02681e-05,0.0001513405,0
6965.0,6970.0,6967.5,1.966684e-05,9.83342e-05,0
6970.0,6975.0,6972.5,4.090208e-05,0.0002045104,0
6975.0,6980.0,6977.5,7.122e-05,0.0003561,0
6980.0,6985.0,6982.5,3.951284e-05,0.0001975642,0
6985.0,6990.0,6987.5,5.910056e-05,0.0002955028,0
6990.0,6995.0,6992.5,8.267664e-05,0.0004133832,0
6995.0,7000.0,6997.5,3.196216e-05,0.0001598108,0
7000.0,7005.0,7002.5,6.046142e-05,0.0003023071,0
7005.0,7010.0,7007.5,2.955198e-05,0.0001477599,0
7010.0,7015.0,7012.5,4.342722e-05,0.0002171361,0
7015.0,7020.0,7017.5,2.955198e-05,0.0001477599,0
7020.0,7025.0,7022.5,8.118426e-05,0.0004059213,0
7025.0,7030.0,7027.5,5.162082e-05,0.0002581041,0
7030.0,7035.0,7032.5,7.228492e-05,0.0003614246,0
7035.0,7040.0,7037.5,0.00011287664,0.0005643832,0
7040.0,7045.0,7042.5,7.22851e-05,0.0003614255,0
7045.0,7050.0,7047.5,6.173442e-05,0.0003086721,0
7050.0,7055.0,7052.5,2.101822e-05,0.0001050911,0
7055.0,7060.0,7057.5,7.864466e-05,0.0003932233,0
7060.0,7065.0,7062.5,4.097842e-05,0.0002048921,0
7065.0,7070.0,7067.5,7.139542e-05,0.0003569771,0
7070.0,7075.0,7072.5,4.927304e-05,0.0002463652,0
7075.0,7080.0,7077.5,6.976184e-05,0.0003488092,0
7080.0,7085.0,7082.5,9.19162e-05,0.000459581,0
7085.0,7090.0,7087.5,4.214434e-05,0.0002107217,0
7090.0,7095.0,7092.5,5.824374e-05,0.0002912187,0
7095.0,7100.0,7097.5,5.061656e-05,0.0002530828,0
7100.0,7105.0,7102.5,7.965532e-05,0.0003982766,0
7105.0,7110.0,7107.5,7.745816e-05,0.0003872908,0
7110.0,7115.0,7112.5,4.978138e-05,0.0002489069,0
7115.0,7120.0,7117.5,7.08333e-05,0.0003541665,0
7120.0,7125.0,7122.5,4.985814e-05,0.0002492907,0
7125.0,7130.0,7127.5,5.025158e-05,0.0002512579,0
7130.0,7135.0,7132.5,2.955198e-05,0.0001477599,0
7135.0,7140.0,7137.5,1.0005e-05,5.0025e-05,0
7140.0,7145.0,7142.5,1.075268e-05,5.37634e-05,0
7145.0,7150.0,7147.5,4.815962e-05,0.0002407981,0
7150.0,7155.0,7152.5,4.20364e-05,0.000210182,0
7155.0,7160.0,7157.5,7.181116e-05,0.0003590558,0
7160.0,7165.0,7162.5,7.125424e-05,0.0003562712,0
7165.0,7170.0,7167.5,4.124762e-05,0.0002062381,0
7170.0,7175.0,7172.5,3.156838e-05,0.0001578419,0
7175.0,7180.0,7177.5,1.075268e-05,5.37634e-05,0
7180.0,7185.0,7182.5,4.977436e-05,0.0002488718,0
7185.0,7190.0,7187.5,0.00011139932,0.0005569966,0
7190.0,7195.0,7192.5,3.033602e-05,0.0001516801,0
7195.0,7200.0,7197.5,9.996148e-05,0.0004998074,0
7200.0,7205.0,7202.5,6.018392e-05,0.0003009196,0
7205.0,7210.0,7207.5,3.17709e-05,0.0001588545,0
7210.0,7215.0,7212.5,4.911922e-05,0.0002455961,0
7215.0,7220.0,7217.5,2.920882e-05,0.0001460441,0
7220.0,7225.0,7222.5,4.89389e-05,0.0002446945,0
7225.0,7230.0,7227.5,3.89494e-05,0.000194747,0
7230.0,7235.0,7232.5,4.93375e-05,0.0002466875,0
7235.0,7240.0,7237.5,3.251862e-05,0.0001625931,0
7240.0,7245.0,7242.5,6.24908e-05,0.000312454,0
7245.0,7250.0,7247.5,5.133612e-05,0.0002566806,0
7250.0,7255.0,7252.5,6.189366e-05,0.0003094683,0
7255.0,7260.0,7257.5,8.272058e-05,0.0004136029,0
7260.0,7265.0,7262.5,3.989624e-05,0.0001994812,0
7265.0,7270.0,7267.5,4.976348e-05,0.0002488174,0
7270.0,7275.0,7272.5,4.916902e-05,0.0002458451,0
7275.0,7280.0,7277.5,4.86906e-05,0.000243453,0
7280.0,7285.0,7282.5,4.009996e-05,0.0002004998,0
7285.0,7290.0,7287.5,1.0005e-05,5.0025e-05,0
7290.0,7295.0,7292.5,7.963628e-05,0.0003981814,0
7295.0,7300.0,7297.5,3.011542e-05,0.0001505771,0
7300.0,7305.0,7302.5,5.047252e-05,0.0002523626,0
7305.0,7310.0,7307.5,1.966684e-05,9.83342e-05,0
7310.0,7315.0,7312.5,5.997592e-05,0.0002998796,0
7315.0,7320.0,7317.5,5.061372e-05,0.0002530686,0
7320.0,7325.0,7322.5,9.56022e-06,4.78011e-05,0
7325.0,7330.0,7327.5,2.922706e-05,0.0001461353,0
7330.0,7335.0,7332.5,4.049292e-05,0.0002024646,0
7335.0,7340.0,7337.5,3.06681e-05,0.0001533405,0
7340.0,7345.0,7342.5,6.114462e-05,0.0003057231,0
7345.0,7350.0,7347.5,3.913046e-05,0.0001956523,0
7350.0,7355.0,7352.5,0.00013117106,0.0006558553,0
7355.0,7360.0,7357.5,9.953118e-05,0.0004976559,0
7360.0,7365.0,7362.5,7.512174e-05,0.0003756087,0
7365.0,7370.0,7367.5,4.069134e-05,0.0002034567,0
7370.0,7375.0,7372.5,5.947728e-05,0.0002973864,0
7375.0,7380.0,7377.5,4.915546e-05,0.0002457773,0
7380.0,7385.0,7382.5,0.0001017715,0.0005088575,0
7385.0,7390.0,7387.5,3.944444e-05,0.0001972222,0
7390.0,7395.0,7392.5,6.19376e-05,0.000309688,0
7395.0,7400.0,7397.5,4.098708e-05,0.0002049354,0
7400.0,7405.0,7402.5,9.56022e-06,4.78011e-05,0
7405.0,7410.0,7407.5,2.997474e-05,0.0001498737,0
7410.0,7415.0,7412.5,0.0001027693,0.0005138465,0
7415.0,7420.0,7417.5,6.043334e-05,0.0003021667,0
7420.0,7425.0,7422.5,5.795702e-05,0.0002897851,0
7425.0,7430.0,7427.5,3.94946e-05,0.000197473,0
7430.0,7435.0,7432.5,7.04242e-05,0.000352121,0
7435.0,7440.0,7437.5,7.019352e-05,0.0003509676,0
7440.0,7445.0,7442.5,2.967184e-05,0.0001483592,0
7445.0,7450.0,7447.5,1.91022e-05,9.5511e-05,0
7450.0,7455.0,7452.5,6.131572e-05,0.0003065786,0
7455.0,7460.0,7457.5,2.115968e-05,0.0001057984,0
7460.0,7465.0,7462.5,0.00012077348,0.0006038674,0
7465.0,7470.0,7467.5,2.20264e-05,0.000110132,0
7470.0,7475.0,7472.5,6.00325e-05,0.0003001625,0
7475.0,7480.0,7477.5,3.80957e-05,0.0001904785,0
7480.0,7485.0,7482.5,5.092492e-05,0.0002546246,0
7485.0,7490.0,7487.5,5.36234e-05,0.000268117,0
7490.0,7495.0,7492.5,7.19605e-05,0.0003598025,0
7495.0,7500.0,7497.5,5.968478e-05,0.0002984239,0
7500.0,7505.0,7502.5,2.075768e-05,0.0001037884,0
7505.0,7510.0,7507.5,6.859948e-05,0.0003429974,0
7510.0,7515.0,7512.5,4.024028e-05,0.0002012014,0
7515.0,7520.0,7517.5,6.971556e-05,0.0003485778,0
7520.0,7525.0,7522.5,0.00012132952,0.0006066476,0
7525.0,7530.0,7527.5,5.134228e-05,0.0002567114,0
7530.0,7535.0,7532.5,0.00011198002,0.0005599001,0
7535.0,7540.0,7537.5,3.984866e-05,0.0001992433,0
7540.0,7545.0,7542.5,1.954698e-05,9.77349e-05,0
7545.0,7550.0,7547.5,7.137344e-05,0.0003568672,0
7550.0,7555.0,7552.5,3.999834e-05,0.0001999917,0
7555.0,7560.0,7557.5,2.987314e-05,0.0001493657,0
7560.0,7565.0,7562.5,2.912546e-05,0.0001456273,0
7565.0,7570.0,7567.5,3.151738e-05,0.0001575869,0
7570.0,7575.0,7572.5,7.30011e-05,0.0003650055,0
7575.0,7580.0,7577.5,4.952876e-05,0.0002476438,0
7585.0,7590.0,7587.5,2.070788e-05,0.0001035394,0
7590.0,7595.0,7592.5,2.195716e-05,0.0001097858,0
7595.0,7600.0,7597.5,2.917726e-05,0.0001458863,0
7600.0,7605.0,7602.5,6.26995e-05,0.0003134975,0
7605.0,7610.0,7607.5,5.135186e-05,0.0002567593,0
7610.0,7615.0,7612.5,6.081198e-05,0.0003040599,0
7615.0,7620.0,7617.5,3.903992e-05,0.0001951996,0
7620.0,7625.0,7622.5,6.89673e-05,0.0003448365,0
7625.0,7630.0,7627.5,4.240484e-05,0.0002120242,0
7630.0,7635.0,7632.5,8.098544e-05,0.0004049272,0
7635.0,7640.0,7637.5,1.99602e-05,9.9801e-05,0
7640.0,7645.0,7642.5,2.99565e-05,0.0001497825,0
7645.0,7650.0,7647.5,2.001e-05,0.00010005,0
7650.0,7655.0,7652.5,3.994366e-05,0.0001997183,0
7655.0,7660.0,7657.5,3.992994e-05,0.0001996497,0
7660.0,7665.0,7662.5,5.208384e-05,0.0002604192,0
7670.0,7675.0,7672.5,5.849232e-05,0.0002924616,0
7675.0,7680.0,7677.5,6.071124e-05,0.0003035562,0
7680.0,7685.0,7682.5,5.186686e-05,0.0002593343,0
7685.0,7690.0,7687.5,2.057344e-05,0.0001028672,0
7695.0,7700.0,7697.5,3.057844e-05,0.0001528922,0
7700.0,7705.0,7702.5,5.026266e-05,0.0002513133,0
7705.0,7710.0,7707.5,4.958022e-05,0.0002479011,0
7710.0,7715.0,7712.5,3.297038e-05,0.0001648519,0
7715.0,7720.0,7717.5,2.993866e-05,0.0001496933,0
7720.0,7725.0,7722.5,4.244008e-05,0.0002122004,0
7725.0,7730.0,7727.5,4.03229e-05,0.0002016145,0
7730.0,7735.0,7732.5,5.020178e-05,0.0002510089,0
7735.0,7740.0,7737.5,5.144392e-05,0.0002572196,0
7740.0,7745.0,7742.5,6.28908e-05,0.000314454,0
7745.0,7750.0,7747.5,7.030216e-05,0.0003515108,0
7750.0,7755.0,7752.5,1.984314e-05,9.92157e-05,0
7755.0,7760.0,7757.5,5.12456e-05,0.000256228,0
7760.0,7765.0,7762.5,2.908896e-05,0.0001454448,0
7765.0,7770.0,7767.5,6.230286e-05,0.0003115143,0
7770.0,7775.0,7772.5,6.092992e-05,0.0003046496,0
7775.0,7780.0,7777.5,5.05232e-05,0.000252616,0
7780.0,7785.0,7782.5,5.039832e-05,0.0002519916,0
7785.0,7790.0,7787.5,6.18472e-05,0.000309236,0
7790.0,7795.0,7792.5,9.917332e-05,0.0004958666,0
7795.0,7800.0,7797.5,9.4697e-06,4.73485e-05,0
7800.0,7805.0,7802.5,5.183974e-05,0.0002591987,0
7805.0,7810.0,7807.5,4.169324e-05,0.0002084662,0
7810.0,7815.0,7812.5,7.217006e-05,0.0003608503,0
7815.0,7820.0,7817.5,8.375012e-05,0.0004187506,0
7820.0,7825.0,7822.5,5.028514e-05,0.0002514257,0
7825.0,7830.0,7827.5,1.94249e-05,9.71245e-05,0
7830.0,7835.0,7832.5,4.90176e-05,0.000245088,0
7835.0,7840.0,7837.5,8.321562e-05,0.0004160781,0
7840.0,7845.0,7842.5,5.037106e-05,0.0002518553,0
7845.0,7850.0,7847.5,4.15154e-05,0.000207577,0
7850.0,7855.0,7852.5,3.158662e-05,0.0001579331,0
7855.0,7860.0,7857.5,4.25306e-05,0.000212653,0
7860.0,7865.0,7862.5,1.902992e-05,9.51496e-05,0
7865.0,7870.0,7867.5,6.07946e-05,0.000303973,0
7870.0,7875.0,7872.5,4.899512e-05,0.0002449756,0
7875.0,7880.0,7877.5,6.150704e-05,0.0003075352,0
7880.0,7885.0,7882.5,7.254848e-05,0.0003627424,0
7885.0,7890.0,7887.5,1.0005e-05,5.0025e-05,0
7890.0,7895.0,7892.5,4.071788e-05,0.0002035894,0
7895.0,7900.0,7897.5,6.186804e-05,0.0003093402,0
7900.0,7905.0,7902.5,3.986692e-05,0.0001993346,0
7905.0,7910.0,7907.5,8.304094e-05,0.0004152047,0
7910.0,7915.0,7912.5,4.128132e-05,0.0002064066,0
7915.0,7920.0,7917.5,4.826122e-05,0.0002413061,0
7920.0,7925.0,7922.5,3.90624e-05,0.000195312,0
7925.0,7930.0,7927.5,5.136052e-05,0.0002568026,0
7930.0,7935.0,7932.5,2.2409e-05,0.000112045,0
7935.0,7940.0,7937.5,5.995854e-05,0.0002997927,0
7940.0,7945.0,7942.5,2.101822e-05,0.0001050911,0
7945.0,7950.0,7947.5,3.068006e-05,0.0001534003,0
7950.0,7955.0,7952.5,0.00011101174,0.0005550587,0
7955.0,7960.0,7957.5,6.07448e-05,0.000303724,0
7960.0,7965.0,7962.5,7.16353e-05,0.0003581765,0
7965.0,7970.0,7967.5,7.042008e-05,0.0003521004,0
7970.0,7975.0,7972.5,3.043812e-05,0.0001521906,0
7975.0,7980.0,7977.5,2.037844e-05,0.0001018922,0
7980.0,7985.0,7982.5,8.517856e-05,0.0004258928,0
7985.0,7990.0,7987.5,6.964086e-05,0.0003482043,0
7990.0,7995.0,7992.5,5.06283e-05,0.0002531415,0
7995.0,8000.0,7997.5,5.162106e-05,0.0002581053,0
8000.0,8005.0,8002.5,4.195598e-05,0.0002097799,0
8005.0,8010.0,8007.5,7.062284e-05,0.0003531142,0
8010.0,8015.0,8012.5,1.984314e-05,9.92157e-05,0
8015.0,8020.0,8017.5,8.366654e-05,0.0004183327,0
8020.0,8025.0,8022.5,4.935566e-05,0.0002467783,0
8025.0,8030.0,8027.5,6.099e-05,0.00030495,0
8030.0,8035.0,8032.5,8.29563e-05,0.0004147815,0
8035.0,8040.0,8037.5,4.178292e-05,0.0002089146,0
8040.0,8045.0,8042.5,7.17734e-05,0.000358867,0
8045.0,8050.0,8047.5,5.96923e-05,0.0002984615,0
8050.0,8055.0,8052.5,7.13714e-05,0.000356857,0
8055.0,8060.0,8057.5,8.906754e-05,0.0004453377,0
8060.0,8065.0,8062.5,2.99154e-05,0.000149577,0
8065.0,8070.0,8067.5,3.092864e-05,0.0001546432,0
8070.0,8075.0,8072.5,6.275302e-05,0.0003137651,0
8075.0,8080.0,8077.5,2.057344e-05,0.0001028672,0
8080.0,8085.0,8082.5,5.336824e-05,0.0002668412,0
8085.0,8090.0,8087.5,3.97876e-05,0.000198938,0
8090.0,8095.0,8092.5,6.874414e-05,0.0003437207,0
8095.0,8100.0,8097.5,6.073746e-05,0.0003036873,0
8100.0,8105.0,8102.5,8.874224e-05,0.0004437112,0
8105.0,8110.0,8107.5,2.859016e-05,0.0001429508,0
8110.0,8115.0,8112.5,5.088884e-05,0.0002544442,0
8115.0,8120.0,8117.5,6.120866e-05,0.0003060433,0
8120.0,8125.0,8122.5,0.00011142538,0.0005571269,0
8125.0,8130.0,8127.5,4.195628e-05,0.0002097814,0
8130.0,8135.0,8132.5,4.22858e-05,0.000211429,0
8135.0,8140.0,8137.5,4.08681e-05,0.0002043405,0
8140.0,8145.0,8142.5,6.261908e-05,0.0003130954,0
8145.0,8150.0,8147.5,3.859516e-05,0.0001929758,0
8150.0,8155.0,8152.5,6.934662e-05,0.0003467331,0
8155.0,8160.0,8157.5,4.935206e-05,0.0002467603,0
8160.0,8165.0,8162.5,2.048292e-05,0.0001024146,0
8165.0,8170.0,8167.5,4.98042e-05,0.000249021,0
8170.0,8175.0,8172.5,1.912046e-05,9.56023e-05,0
8175.0,8180.0,8177.5,6.049886e-05,0.0003024943,0
8180.0,8185.0,8182.5,1.993366e-05,9.96683e-05,0
8185.0,8190.0,8187.5,6.169332e-05,0.0003084666,0
8190.0,8195.0,8192.5,5.168632e-05,0.0002584316,0
8195.0,8200.0,8197.5,4.017224e-05,0.0002008612,0
8200.0,8205.0,8202.5,7.009518e-05,0.0003504759,0
8205.0,8210.0,8207.5,2.22177e-05,0.0001110885,0
8210.0,8215.0,8212.5,5.826902e-05,0.0002913451,0
8215.0,8220.0,8217.5,2.17659e-05,0.0001088295,0
8220.0,8225.0,8222.5,6.017354e-05,0.0003008677,0
8225.0,8230.0,8227.5,4.17277e-05,0.0002086385,0
8230.0,8235.0,8232.5,4.37231e-05,0.0002186155,0
8235.0,8240.0,8237.5,4.133816e-05,0.0002066908,0
8240.0,8245.0,8242.5,6.170956e-05,0.0003085478,0
8250.0,8255.0,8252.5,9.9552e-06,4.9776e-05,0
8255.0,8260.0,8257.5,3.023528e-05,0.0001511764,0
8260.0,8265.0,8262.5,4.360432e-05,0.0002180216,0
8265.0,8270.0,8267.5,1.954698e-05,9.77349e-05,0
8270.0,8275.0,8272.5,6.290904e-05,0.0003145452,0
8275.0,8280.0,8277.5,7.234308e-05,0.0003617154,0
8280.0,8285.0,8282.5,5.135424e-05,0.0002567712,0
8285.0,8290.0,8287.5,4.06233e-05,0.0002031165,0
8290.0,8295.0,8292.5,6.036528e-05,0.0003018264,0
8295.0,8300.0,8297.5,6.164152e-05,0.0003082076,0
8300.0,8305.0,8302.5,4.37231e-05,0.0002186155,0
8305.0,8310.0,8307.5,4.103652e-05,0.0002051826,0
8310.0,8315.0,8312.5,3.057844e-05,0.0001528922,0
8315.0,8320.0,8317.5,4.914248e-05,0.0002457124,0
8320.0,8325.0,8322.5,2.041452e-05,0.0001020726,0
8325.0,8330.0,8327.5,8.9569e-05,0.000447845,0
8330.0,8335.0,8332.5,3.175968e-05,0.0001587984,0
8335.0,8340.0,8337.5,7.037028e-05,0.0003518514,0
8340.0,8345.0,8342.5,4.077672e-05,0.0002038836,0
8345.0,8350.0,8347.5,3.1619e-05,0.000158095,0
8350.0,8355.0,8352.5,7.954574e-05,0.0003977287,0
8355.0,8360.0,8357.5,6.896236e-05,0.0003448118,0
8360.0,8365.0,8362.5,6.240028e-05,0.0003120014,0
8365.0,8370.0,8367.5,3.982582e-05,0.0001991291,0
8370.0,8375.0,8372.5,1.956522e-05,9.78261e-05,0
8375.0,8380.0,8377.5,2.932868e-05,0.0001466434,0
8380.0,8385.0,8382.5,4.232106e-05,0.0002116053,0
8385.0,8390.0,8387.5,9.66184e-06,4.83092e-05,0
8390.0,8395.0,8392.5,1.991542e-05,9.95771e-05,0
8395.0,8400.0,8397.5,4.978568e-05,0.0002489284,0
8400.0,8405.0,8402.5,5.265578e-05,0.0002632789,0
8405.0,8410.0,8407.5,4.94498e-05,0.000247249,0
8410.0,8415.0,8412.5,4.981788e-05,0.0002490894,0
8415.0,8420.0,8417.5,1.954698e-05,9.77349e-05,0
8420.0,8425.0,8422.5,2.908896e-05,0.0001454448,0
8425.0,8430.0,8427.5,3.8701e-05,0.000193505,0
8430.0,8435.0,8432.5,1.912046e-05,9.56023e-05,0
8435.0,8440.0,8437.5,6.024536e-05,0.0003012268,0
8440.0,8445.0,8442.5,6.263134e-05,0.0003131567,0
8445.0,8450.0,8447.5,4.037472e-05,0.0002018736,0
8450.0,8455.0,8452.5,2.859016e-05,0.0001429508,0
8455.0,8460.0,8457.5,6.084404e-05,0.0003042202,0
8460.0,8465.0,8462.5,3.07697e-05,0.0001538485,0
8465.0,8470.0,8467.5,8.10204e-05,0.000405102,0
8470.0,8475.0,8472.5,7.746582e-05,0.0003873291,0
8475.0,8480.0,8477.5,4.976402e-05,0.0002488201,0
8480.0,8485.0,8482.5,8.223152e-05,0.0004111576,0
8485.0,8490.0,8487.5,7.127586e-05,0.0003563793,0
8490.0,8495.0,8492.5,3.139166e-05,0.0001569583,0
8495.0,8500.0,8497.5,5.116632e-05,0.0002558316,0
8500.0,8505.0,8502.5,3.130788e-05,0.0001565394,0
8505.0,8510.0,8507.5,6.145316e-05,0.0003072658,0
8510.0,8515.0,8512.5,1.91022e-05,9.5511e-05,0
8515.0,8520.0,8517.5,6.007192e-05,0.0003003596,0
8520.0,8525.0,8522.5,2.985488e-05,0.0001492744,0
8525.0,8530.0,8527.5,4.093364e-05,0.0002046682,0
8530.0,8535.0,8532.5,3.075146e-05,0.0001537573,0
8535.0,8540.0,8537.5,8.208084e-05,0.0004104042,0
8540.0,8545.0,8542.5,3.042654e-05,0.0001521327,0
8545.0,8550.0,8547.5,7.137424e-05,0.0003568712,0
8550.0,8555.0,8552.5,1.94747e-05,9.73735e-05,0
8555.0,8560.0,8557.5,3.196216e-05,0.0001598108,0
8560.0,8565.0,8562.5,7.064532e-05,0.0003532266,0
8565.0,8570.0,8567.5,6.051912e-05,0.0003025956,0
8570.0,8575.0,8572.5,9.9552e-06,4.9776e-05,0
8575.0,8580.0,8577.5,1.951542e-05,9.75771e-05,0
8580.0,8585.0,8582.5,7.990128e-05,0.0003995064,0
8585.0,8590.0,8587.5,3.297038e-05,0.0001648519,0
8590.0,8595.0,8592.5,8.072124e-05,0.0004036062,0
8595.0,8600.0,8597.5,4.187258e-05,0.0002093629,0
8600.0,8605.0,8602.5,2.97826e-05,0.000148913,0
8605.0,8610.0,8607.5,4.191984e-05,0.0002095992,0
8610.0,8615.0,8612.5,9.54198e-06,4.77099e-05,0
8615.0,8620.0,8617.5,2.90574e-05,0.000145287,0
8620.0,8625.0,8622.5,0.00010148596,0.0005074298,0
8625.0,8630.0,8627.5,3.013368e-05,0.0001506684,0
8630.0,8635.0,8632.5,2.997474e-05,0.0001498737,0
8635.0,8640.0,8637.5,2.067506e-05,0.0001033753,0
8640.0,8645.0,8642.5,3.983942e-05,0.0001991971,0
8645.0,8650.0,8647.5,5.058958e-05,0.0002529479,0
8650.0,8655.0,8652.5,4.972456e-05,0.0002486228,0
8660.0,8665.0,8662.5,1.99602e-05,9.9801e-05,0
8665.0,8670.0,8667.5,7.04552e-05,0.000352276,0
8670.0,8675.0,8672.5,6.013746e-05,0.0003006873,0
8675.0,8680.0,8677.5,4.096884e-05,0.0002048442,0
8680.0,8685.0,8682.5,9.54198e-06,4.77099e-05,0
8685.0,8690.0,8687.5,3.82155e-05,0.0001910775,0
8690.0,8695.0,8692.5,3.16874e-05,0.000158437,0
8695.0,8700.0,8697.5,2.2409e-05,0.000112045,0
8700.0,8705.0,8702.5,4.215136e-05,0.0002107568,0
8705.0,8710.0,8707.5,4.98116e-05,0.000249058,0
8710.0,8715.0,8712.5,4.959012e-05,0.0002479506,0
8715.0,8720.0,8717.5,1.075268e-05,5.37634e-05,0
8720.0,8725.0,8722.5,3.11204e-05,0.000155602,0
8725.0,8730.0,8727.5,4.02921e-05,0.0002014605,0
8730.0,8735.0,8732.5,9.66184e-06,4.83092e-05,0
8735.0,8740.0,8737.5,4.94996e-05,0.000247498,0
8740.0,8745.0,8742.5,3.20314e-05,0.000160157,0
8745.0,8750.0,8747.5,3.14606e-05,0.000157303,0
8750.0,8755.0,8752.5,4.89321e-05,0.0002446605,0
8755.0,8760.0,8757.5,7.258806e-05,0.0003629403,0
8760.0,8765.0,8762.5,7.504614e-05,0.0003752307,0
8765.0,8770.0,8767.5,7.194898e-05,0.0003597449,0
8770.0,8775.0,8772.5,1.908396e-05,9.54198e-05,0
8775.0,8780.0,8777.5,5.071422e-05,0.0002535711,0
8780.0,8785.0,8782.5,3.142686e-05,0.0001571343,0
8785.0,8790.0,8787.5,3.149948e-05,0.0001574974,0
8790.0,8795.0,8792.5,2.907566e-05,0.0001453783,0
8795.0,8800.0,8797.5,5.014982e-05,0.0002507491,0
8800.0,8805.0,8802.5,3.943084e-05,0.0001971542,0
8805.0,8810.0,8807.5,2.849962e-05,0.0001424981,0
8810.0,8815.0,8812.5,4.917468e-05,0.0002458734,0
8815.0,8820.0,8817.5,7.29119e-05,0.0003645595,0
8820.0,8825.0,8822.5,2.112612e-05,0.0001056306,0
8825.0,8830.0,8827.5,2.908896e-05,0.0001454448,0
8830.0,8835.0,8832.5,4.02215e-05,0.0002011075,0
8835.0,8840.0,8837.5,7.187138e-05,0.0003593569,0
8840.0,8845.0,8842.5,6.109052e-05,0.0003054526,0
8845.0,8850.0,8847.5,3.1619e-05,0.000158095,0
8850.0,8855.0,8852.5,4.963086e-05,0.0002481543,0
8855.0,8860.0,8857.5,3.092864e-05,0.0001546432,0
8860.0,8865.0,8862.5,9.54198e-06,4.77099e-05,0
8865.0,8870.0,8867.5,3.158292e-05,0.0001579146,0
8870.0,8875.0,8872.5,4.031202e-05,0.0002015601,0
8875.0,8880.0,8877.5,3.142774e-05,0.0001571387,0
8880.0,8885.0,8882.5,3.142686e-05,0.0001571343,0
8885.0,8890.0,8887.5,5.088048e-05,0.0002544024,0
8890.0,8895.0,8892.5,1.902992e-05,9.51496e-05,0
8895.0,8900.0,8897.5,1.91022e-05,9.5511e-05,0
8900.0,8905.0,8902.5,1.0005e-05,5.0025e-05,0
8905.0,8910.0,8907.5,6.919594e-05,0.0003459797,0
8910.0,8915.0,8912.5,4.024658e-05,0.0002012329,0
8915.0,8920.0,8917.5,6.007226e-05,0.0003003613,0
8920.0,8925.0,8922.5,5.182474e-05,0.0002591237,0
8925.0,8930.0,8927.5,6.101956e-05,0.0003050978,0
8930.0,8935.0,8932.5,2.94574e-05,0.000147287,0
8935.0,8940.0,8937.5,2.029466e-05,0.0001014733,0
8940.0,8945.0,8942.5,1.94747e-05,9.73735e-05,0
8945.0,8950.0,8947.5,4.903586e-05,0.0002451793,0
8950.0,8955.0,8952.5,4.948564e-05,0.0002474282,0
8955.0,8960.0,8957.5,3.19816e-05,0.000159908,0
8960.0,8965.0,8962.5,5.29692e-05,0.000264846,0
8965.0,8970.0,8967.5,4.116132e-05,0.0002058066,0
8970.0,8975.0,8972.5,3.950998e-05,0.0001975499,0
8975.0,8980.0,8977.5,4.941336e-05,0.0002470668,0
8980.0,8985.0,8982.5,1.961704e-05,9.80852e-05,0
8985.0,8990.0,8987.5,4.995068e-05,0.0002497534,0
8990.0,8995.0,8992.5,4.308406e-05,0.0002154203,0
8995.0,9000.0,8997.5,6.043334e-05,0.0003021667,0
9000.0,9005.0,9002.5,4.44354e-05,0.000222177,0
9005.0,9010.0,9007.5,3.07697e-05,0.0001538485,0
9010.0,9015.0,9012.5,3.17709e-05,0.0001588545,0
9015.0,9020.0,9017.5,7.048926e-05,0.0003524463,0
9020.0,9025.0,9022.5,3.028878e-05,0.0001514439,0
9025.0,9030.0,9027.5,4.897968e-05,0.0002448984,0
9030.0,9035.0,9032.5,3.139166e-05,0.0001569583,0
9035.0,9040.0,9037.5,4.232488e-05,0.0002116244,0
9040.0,9045.0,9042.5,6.099796e-05,0.0003049898,0
9045.0,9050.0,9047.5,5.168632e-05,0.0002584316,0
9050.0,9055.0,9052.5,9.56022e-06,4.78011e-05,0
9055.0,9060.0,9057.5,3.07697e-05,0.0001538485,0
9060.0,9065.0,9062.5,4.01378e-05,0.000200689,0
9065.0,9070.0,9067.5,7.007604e-05,0.0003503802,0
9070.0,9075.0,9072.5,1.922206e-05,9.61103e-05,0
9080.0,9085.0,9082.5,5.043942e-05,0.0002521971,0
9085.0,9090.0,9087.5,1.902992e-05,9.51496e-05,0
9090.0,9095.0,9092.5,3.196216e-05,0.0001598108,0
9095.0,9100.0,9097.5,4.096972e-05,0.0002048486,0
9100.0,9105.0,9102.5,4.133816e-05,0.0002066908,0
9105.0,9110.0,9107.5,6.379112e-05,0.0003189556,0
9110.0,9115.0,9112.5,4.84105e-05,0.0002420525,0
9115.0,9120.0,9117.5,4.15742e-05,0.000207871,0
9120.0,9125.0,9122.5,5.013778e-05,0.0002506889,0
9125.0,9130.0,9127.5,4.176502e-05,0.0002088251,0
9130.0,9135.0,9132.5,3.213934e-05,0.0001606967,0
9135.0,9140.0,9137.5,4.27732e-05,0.000213866,0
9140.0,9145.0,9142.5,5.006726e-05,0.0002503363,0
9145.0,9150.0,9147.5,8.996712e-05,0.0004498356,0
9150.0,9155.0,9152.5,6.183604e-05,0.0003091802,0
9155.0,9160.0,9157.5,2.987314e-05,0.0001493657,0
9165.0,9170.0,9167.5,6.164854e-05,0.0003082427,0
9170.0,9175.0,9172.5,9.9552e-06,4.9776e-05,0
9175.0,9180.0,9177.5,8.311474e-05,0.0004155737,0
9180.0,9185.0,9182.5,5.135354e-05,0.0002567677,0
9185.0,9190.0,9187.5,6.082394e-05,0.0003041197,0
9190.0,9195.0,9192.5,5.187808e-05,0.0002593904,0
9195.0,9200.0,9197.5,7.0415e-05,0.000352075,0
9200.0,9205.0,9202.5,3.207084e-05,0.0001603542,0
9205.0,9210.0,9207.5,4.22522e-05,0.000211261,0
9210.0,9215.0,9212.5,1.949718e-05,9.74859e-05,0
9215.0,9220.0,9217.5,6.020714e-05,0.0003010357,0
9220.0,9225.0,9222.5,3.10485e-05,0.0001552425,0
9225.0,9230.0,9227.5,2.041452e-05,0.0001020726,0
9230.0,9235.0,9232.5,3.102322e-05,0.0001551161,0
9235.0,9240.0,9237.5,4.244092e-05,0.0002122046,0
9240.0,9245.0,9242.5,4.18003e-05,0.0002090015,0
9245.0,9250.0,9247.5,4.154068e-05,0.0002077034,0
9250.0,9255.0,9252.5,4.953998e-05,0.0002476999,0
9255.0,9260.0,9257.5,2.029466e-05,0.0001014733,0
9260.0,9265.0,9262.5,4.143186e-05,0.0002071593,0
9265.0,9270.0,9267.5,9.388202e-05,0.0004694101,0
9270.0,9275.0,9272.5,4.029378e-05,0.0002014689,0
9275.0,9280.0,9277.5,4.41749e-05,0.0002208745,0
9280.0,9285.0,9282.5,7.08693e-05,0.0003543465,0
9285.0,9290.0,9287.5,4.105632e-05,0.0002052816,0
9290.0,9295.0,9292.5,4.086136e-05,0.0002043068,0
9295.0,9300.0,9297.5,4.926434e-05,0.0002463217,0
9300.0,9305.0,9302.5,7.240528e-05,0.0003620264,0
9305.0,9310.0,9307.5,2.037844e-05,0.0001018922,0
9310.0,9315.0,9312.5,4.188384e-05,0.0002094192,0
9315.0,9320.0,9317.5,1.991542e-05,9.95771e-05,0
9320.0,9325.0,9322.5,2.950498e-05,0.0001475249,0
9325.0,9330.0,9327.5,7.95942e-05,0.000397971,0
9330.0,9335.0,9332.5,6.365676e-05,0.0003182838,0
9335.0,9340.0,9337.5,3.03179e-05,0.0001515895,0
9340.0,9345.0,9342.5,9.296952e-05,0.0004648476,0
9345.0,9350.0,9347.5,2.195716e-05,0.0001097858,0
9350.0,9355.0,9352.5,1.037344e-05,5.18672e-05,0
9355.0,9360.0,9357.5,9.05561e-05,0.0004527805,0
9360.0,9365.0,9362.5,1.984314e-05,9.92157e-05,0
9365.0,9370.0,9367.5,3.17709e-05,0.0001588545,0
9370.0,9375.0,9372.5,2.913654e-05,0.0001456827,0
9375.0,9380.0,9377.5,3.251862e-05,0.0001625931,0
9380.0,9385.0,9382.5,4.113612e-05,0.0002056806,0
9385.0,9390.0,9387.5,2.057344e-05,0.0001028672,0
9390.0,9395.0,9392.5,3.96005e-05,0.0001980025,0
9395.0,9400.0,9397.5,1.913154e-05,9.56577e-05,0
9400.0,9405.0,9402.5,3.067918e-05,0.0001533959,0
9405.0,9410.0,9407.5,4.994198e-05,0.0002497099,0
9410.0,9415.0,9412.5,3.097342e-05,0.0001548671,0
9415.0,9420.0,9417.5,3.029966e-05,0.0001514983,0
9420.0,9425.0,9422.5,2.15054e-05,0.000107527,0
9425.0,9430.0,9427.5,4.134854e-05,0.0002067427,0
9430.0,9435.0,9432.5,7.20103e-05,0.0003600515,0
9435.0,9440.0,9437.5,1.101322e-05,5.50661e-05,0
9440.0,9445.0,9442.5,3.066308e-05,0.0001533154,0
9445.0,9450.0,9447.5,1.120448e-05,5.60224e-05,0
9450.0,9455.0,9452.5,3.913748e-05,0.0001956874,0
9455.0,9460.0,9457.5,1.101322e-05,5.50661e-05,0
9460.0,9465.0,9462.5,5.101038e-05,0.0002550519,0
9465.0,9470.0,9467.5,6.24389e-05,0.0003121945,0
9470.0,9475.0,9472.5,2.07647e-05,0.0001038235,0
9475.0,9480.0,9477.5,4.015604e-05,0.0002007802,0
9480.0,9485.0,9482.5,1.101322e-05,5.50661e-05,0
9485.0,9490.0,9487.5,3.10485e-05,0.0001552425,0
9490.0,9495.0,9492.5,4.838108e-05,0.0002419054,0
9495.0,9500.0,9497.5,1.901168e-05,9.50584e-05,0
9500.0,9505.0,9502.5,2.15054e-05,0.000107527,0
9505.0,9510.0,9507.5,2.855366e-05,0.0001427683,0
9510.0,9515.0,9512.5,8.088184e-05,0.0004044092,0
9515.0,9520.0,9517.5,9.4697e-06,4.73485e-05,0
9520.0,9525.0,9522.5,9.4697e-06,4.73485e-05,0
9525.0,9530.0,9527.5,3.953498e-05,0.0001976749,0
9530.0,9535.0,9532.5,4.134854e-05,0.0002067427,0
9535.0,9540.0,9537.5,9.4697e-06,4.73485e-05,0
9540.0,9545.0,9542.5,0.00010020192,0.0005010096,0
9545.0,9550.0,9547.5,4.153812e-05,0.0002076906,0
9550.0,9555.0,9552.5,5.310772e-05,0.0002655386,0
9555.0,9560.0,9557.5,8.0479e-05,0.000402395,0
9560.0,9565.0,9562.5,3.017758e-05,0.0001508879,0
9565.0,9570.0,9567.5,1.037344e-05,5.18672e-05,0
9570.0,9575.0,9572.5,2.101822e-05,0.0001050911,0
9575.0,9580.0,9577.5,4.060784e-05,0.0002030392,0
9580.0,9585.0,9582.5,4.13199e-05,0.0002065995,0
9585.0,9590.0,9587.5,2.112612e-05,0.0001056306,0
9590.0,9595.0,9592.5,9.4697e-06,4.73485e-05,0
9595.0,9600.0,9597.5,3.032494e-05,0.0001516247,0
9600.0,9605.0,9602.5,4.21779e-05,0.0002108895,0
9605.0,9610.0,9607.5,2.112612e-05,0.0001056306,0
9610.0,9615.0,9612.5,3.130788e-05,0.0001565394,0
9615.0,9620.0,9617.5,7.20717e-05,0.0003603585,0
9620.0,9625.0,9622.5,5.026968e-05,0.0002513484,0
9625.0,9630.0,9627.5,4.18837e-05,0.0002094185,0
9630.0,9635.0,9632.5,4.217958e-05,0.0002108979,0
9635.0,9640.0,9637.5,3.860624e-05,0.0001930312,0
9640.0,9645.0,9642.5,3.944444e-05,0.0001972222,0
9645.0,9650.0,9647.5,2.07647e-05,0.0001038235,0
9650.0,9655.0,9652.5,2.120948e-05,0.0001060474,0
9655.0,9660.0,9657.5,4.100282e-05,0.0002050141,0
9660.0,9665.0,9662.5,3.975848e-05,0.0001987924,0
9665.0,9670.0,9667.5,9.524316e-05,0.0004762158,0
9670.0,9675.0,9672.5,3.864918e-05,0.0001932459,0
9675.0,9680.0,9677.5,5.158626e-05,0.0002579313,0
9680.0,9685.0,9682.5,4.124762e-05,0.0002062381,0
9685.0,9690.0,9687.5,9.4697e-06,4.73485e-05,0
9690.0,9695.0,9692.5,2.096842e-05,0.0001048421,0
9695.0,9700.0,9697.5,6.398268e-05,0.0003199134,0
9700.0,9705.0,9702.5,5.179412e-05,0.0002589706,0
9705.0,9710.0,9707.5,9.4697e-06,4.73485e-05,0
9710.0,9715.0,9712.5,6.2095e-05,0.000310475,0
9715.0,9720.0,9717.5,1.0005e-05,5.0025e-05,0
9720.0,9725.0,9722.5,4.04133e-05,0.0002020665,0
9725.0,9730.0,9727.5,4.259614e-05,0.0002129807,0
9730.0,9735.0,9732.5,2.03129e-05,0.0001015645,0
9735.0,9740.0,9737.5,5.014982e-05,0.0002507491,0
9740.0,9745.0,9742.5,6.20053e-05,0.0003100265,0
9745.0,9750.0,9747.5,2.913654e-05,0.0001456827,0
9750.0,9755.0,9752.5,1.956522e-05,9.78261e-05,0
9755.0,9760.0,9757.5,3.176002e-05,0.0001588001,0
9760.0,9765.0,9762.5,5.255134e-05,0.0002627567,0
9765.0,9770.0,9767.5,6.346154e-05,0.0003173077,0
9770.0,9775.0,9772.5,4.191736e-05,0.0002095868,0
9775.0,9780.0,9777.5,2.138666e-05,0.0001069333,0
9780.0,9785.0,9782.5,4.234266e-05,0.0002117133,0
9785.0,9790.0,9787.5,3.014388e-05,0.0001507194,0
9790.0,9795.0,9792.5,2.07468e-05,0.000103734,0
9795.0,9800.0,9797.5,2.22177e-05,0.0001110885,0
9800.0,9805.0,9802.5,3.043812e-05,0.0001521906,0
9805.0,9810.0,9807.5,4.289206e-05,0.0002144603,0
9810.0,9815.0,9812.5,1.101322e-05,5.50661e-05,0
9815.0,9820.0,9817.5,6.410224e-05,0.0003205112,0
9820.0,9825.0,9822.5,3.980334e-05,0.0001990167,0
9825.0,9830.0,9827.5,3.90652e-05,0.000195326,0
9830.0,9835.0,9832.5,6.364966e-05,0.0003182483,0
9835.0,9840.0,9837.5,2.22177e-05,0.0001110885,0
9840.0,9845.0,9842.5,2.2409e-05,0.000112045,0
9845.0,9850.0,9847.5,3.323088e-05,0.0001661544,0
9850.0,9855.0,9852.5,9.56022e-06,4.78011e-05,0
9855.0,9860.0,9857.5,1.984314e-05,9.92157e-05,0
9860.0,9865.0,9862.5,3.028384e-05,0.0001514192,0
9865.0,9870.0,9867.5,5.156424e-05,0.0002578212,0
9870.0,9875.0,9872.5,2.057344e-05,0.0001028672,0
9875.0,9880.0,9877.5,6.270702e-05,0.0003135351,0
9880.0,9885.0,9882.5,4.16924e-05,0.000208462,0
9890.0,9895.0,9892.5,4.138206e-05,0.0002069103,0
9895.0,9900.0,9897.5,3.259114e-05,0.0001629557,0
9900.0,9905.0,9902.5,6.181736e-05,0.0003090868,0
9905.0,9910.0,9907.5,4.039834e-05,0.0002019917,0
9910.0,9915.0,9912.5,1.89394e-05,9.4697e-05,0
9915.0,9920.0,9917.5,2.070788e-05,0.0001035394,0
9920.0,9925.0,9922.5,5.198626e-05,0.0002599313,0
9925.0,9930.0,9927.5,4.14656e-05,0.000207328,0
9930.0,9935.0,9932.5,1.075268e-05,5.37634e-05,0
9935.0,9940.0,9937.5,5.18132e-05,0.000259066,0
9940.0,9945.0,9942.5,4.022832e-05,0.0002011416,0
9945.0,9950.0,9947.5,6.192184e-05,0.0003096092,0
9950.0,9955.0,9952.5,3.153312e-05,0.0001576656,0
9955.0,9960.0,9957.5,2.03129e-05,0.0001015645,0
9960.0,9965.0,9962.5,4.18003e-05,0.0002090015,0
9965.0,9970.0,9967.5,3.18787e-05,0.0001593935,0
9975.0,9980.0,9977.5,5.06781e-05,0.0002533905,0
9980.0,9985.0,9982.5,6.448784e-05,0.0003224392,0
9990.0,9995.0,9992.5,8.171318e-05,0.0004085659,0
9995.0,10000.0,9997.5,5.026688e-05,0.0002513344,0
10000.0,10005.0,10002.5,3.113814e-05,0.0001556907,0
10005.0,10010.0,10007.5,9.9552e-06,4.9776e-05,0
10010.0,10015.0,10012.5,2.096842e-05,0.0001048421,0
10015.0,10020.0,10017.5,4.289192e-05,0.0002144596,0
10020.0,10025.0,10022.5,3.059582e-05,0.0001529791,0
10025.0,10030.0,10027.5,5.118422e-05,0.0002559211,0
10030.0,10035.0,10032.5,5.047562e-05,0.0002523781,0
10035.0,10040.0,10037.5,1.902992e-05,9.51496e-05,0
10040.0,10045.0,10042.5,1.120448e-05,5.60224e-05,0
10050.0,10055.0,10052.5,3.082152e-05,0.0001541076,0
10055.0,10060.0,10057.5,2.22177e-05,0.0001110885,0
10060.0,10065.0,10062.5,1.120448e-05,5.60224e-05,0
10065.0,10070.0,10067.5,2.067418e-05,0.0001033709,0
10070.0,10075.0,10072.5,3.071288e-05,0.0001535644,0
10075.0,10080.0,10077.5,2.120948e-05,0.0001060474,0
10080.0,10085.0,10082.5,3.21729e-05,0.0001608645,0
10085.0,10090.0,10087.5,8.505038e-05,0.0004252519,0
10090.0,10095.0,10092.5,5.43906e-05,0.000271953,0
10095.0,10100.0,10097.5,2.112612e-05,0.0001056306,0
10100.0,10105.0,10102.5,2.086632e-05,0.0001043316,0
10105.0,10110.0,10107.5,5.236176e-05,0.0002618088,0
10110.0,10115.0,10112.5,5.354706e-05,0.0002677353,0
10115.0,10120.0,10117.5,2.112612e-05,0.0001056306,0
10120.0,10125.0,10122.5,1.993366e-05,9.96683e-05,0
10125.0,10130.0,10127.5,1.99602e-05,9.9801e-05,0
10130.0,10135.0,10132.5,3.033364e-05,0.0001516682,0
10135.0,10140.0,10137.5,3.16874e-05,0.000158437,0
10140.0,10145.0,10142.5,4.27732e-05,0.000213866,0
10150.0,10155.0,10152.5,8.219774e-05,0.0004109887,0
10155.0,10160.0,10157.5,4.08681e-05,0.0002043405,0
10160.0,10165.0,10162.5,2.120948e-05,0.0001060474,0
10165.0,10170.0,10167.5,2.120948e-05,0.0001060474,0
10170.0,10175.0,10172.5,5.127544e-05,0.0002563772,0
10175.0,10180.0,10177.5,4.187258e-05,0.0002093629,0
10180.0,10185.0,10182.5,6.18103e-05,0.0003090515,0
10185.0,10190.0,10187.5,7.429364e-05,0.0003714682,0
10190.0,10195.0,10192.5,1.984314e-05,9.92157e-05,0
10195.0,10200.0,10197.5,3.187884e-05,0.0001593942,0
10200.0,10205.0,10202.5,3.059582e-05,0.0001529791,0
10205.0,10210.0,10207.5,6.29247e-05,0.0003146235,0
10210.0,10215.0,10212.5,6.07946e-05,0.000303973,0
10215.0,10220.0,10217.5,8.471014e-05,0.0004235507,0
10220.0,10225.0,10222.5,4.323588e-05,0.0002161794,0
10225.0,10230.0,10227.5,3.20314e-05,0.000160157,0
10230.0,10235.0,10232.5,3.277908e-05,0.0001638954,0
10235.0,10240.0,10237.5,1.984314e-05,9.92157e-05,0
10240.0,10245.0,10242.5,3.316168e-05,0.0001658084,0
10245.0,10250.0,10247.5,2.07468e-05,0.000103734,0
10250.0,10255.0,10252.5,2.037844e-05,0.0001018922,0
10255.0,10260.0,10257.5,2.195716e-05,0.0001097858,0
10260.0,10265.0,10262.5,1.932368e-05,9.66184e-05,0
10265.0,10270.0,10267.5,3.196216e-05,0.0001598108,0
10270.0,10275.0,10272.5,3.02344e-05,0.000151172,0
10275.0,10280.0,10277.5,5.279244e-05,0.0002639622,0
10280.0,10285.0,10282.5,2.950498e-05,0.0001475249,0
10285.0,10290.0,10287.5,5.172184e-05,0.0002586092,0
10290.0,10295.0,10292.5,8.059916e-05,0.0004029958,0
10295.0,10300.0,10297.5,5.480884e-05,0.0002740442,0
10300.0,10305.0,10302.5,4.093364e-05,0.0002046682,0
10305.0,10310.0,10307.5,3.092864e-05,0.0001546432,0
10310.0,10315.0,10312.5,3.030668e-05,0.0001515334,0
10315.0,10320.0,10317.5,5.201604e-05,0.0002600802,0
10320.0,10325.0,10322.5,9.4697e-06,4.73485e-05,0
10325.0,10330.0,10327.5,1.037344e-05,5.18672e-05,0
10330.0,10335.0,10332.5,1.902992e-05,9.51496e-05,0
10335.0,10340.0,10337.5,3.158292e-05,0.0001579146,0
10340.0,10345.0,10342.5,2.22177e-05,0.0001110885,0
10345.0,10350.0,10347.5,5.264332e-05,0.0002632166,0
10350.0,10355.0,10352.5,4.277286e-05,0.0002138643,0
10355.0,10360.0,10357.5,9.9552e-06,4.9776e-05,0
10360.0,10365.0,10362.5,1.101322e-05,5.50661e-05,0
10365.0,10370.0,10367.5,9.9552e-06,4.9776e-05,0
10375.0,10380.0,10377.5,4.353512e-05,0.0002176756,0
10380.0,10385.0,10382.5,4.21281e-05,0.0002106405,0
10385.0,10390.0,10387.5,3.17709e-05,0.0001588545,0
10390.0,10395.0,10392.5,2.112612e-05,0.0001056306,0
10395.0,10400.0,10397.5,1.956522e-05,9.78261e-05,0
10400.0,10405.0,10402.5,4.968066e-05,0.0002484033,0
10405.0,10410.0,10407.5,4.122972e-05,0.0002061486,0
10410.0,10415.0,10412.5,3.052864e-05,0.0001526432,0
10415.0,10420.0,10417.5,4.14513e-05,0.0002072565,0
10420.0,10425.0,10422.5,2.067506e-05,0.0001033753,0
10425.0,10430.0,10427.5,4.206168e-05,0.0002103084,0
10430.0,10435.0,10432.5,6.372218e-05,0.0003186109,0
10435.0,10440.0,10437.5,4.12406e-05,0.000206203,0
10440.0,10445.0,10442.5,3.36134e-05,0.000168067,0
10445.0,10450.0,10447.5,7.407612e-05,0.0003703806,0
10450.0,10455.0,10452.5,2.157792e-05,0.0001078896,0
10455.0,10460.0,10457.5,4.02215e-05,0.0002011075,0
10460.0,10465.0,10462.5,3.16874e-05,0.000158437,0
10465.0,10470.0,10467.5,6.34127e-05,0.0003170635,0
10470.0,10475.0,10472.5,3.259114e-05,0.0001629557,0
10475.0,10480.0,10477.5,7.172064e-05,0.0003586032,0
10480.0,10485.0,10482.5,5.21916e-05,0.000260958,0
10485.0,10490.0,10487.5,4.154054e-05,0.0002077027,0
10490.0,10495.0,10492.5,1.0005e-05,5.0025e-05,0
10495.0,10500.0,10497.5,5.096296e-05,0.0002548148,0
10500.0,10505.0,10502.5,4.916352e-05,0.0002458176,0
10505.0,10510.0,10507.5,6.233808e-05,0.0003116904,0
10510.0,10515.0,10512.5,2.20264e-05,0.000110132,0
10515.0,10520.0,10517.5,2.101822e-05,0.0001050911,0
10520.0,10525.0,10522.5,4.225214e-05,0.0002112607,0
10525.0,10530.0,10527.5,2.901668e-05,0.0001450834,0
10530.0,10535.0,10532.5,5.063102e-05,0.0002531551,0
10535.0,10540.0,10537.5,3.187954e-05,0.0001593977,0
10540.0,10545.0,10542.5,1.101322e-05,5.50661e-05,0
10545.0,10550.0,10547.5,5.774918e-05,0.0002887459,0
10550.0,10555.0,10552.5,9.9552e-06,4.9776e-05,0
10555.0,10560.0,10557.5,6.060668e-05,0.0003030334,0
10560.0,10565.0,10562.5,3.004028e-05,0.0001502014,0
10565.0,10570.0,10567.5,1.94747e-05,9.73735e-05,0
10570.0,10575.0,10572.5,7.046274e-05,0.0003523137,0
10575.0,10580.0,10577.5,2.101822e-05,0.0001050911,0
10580.0,10585.0,10582.5,2.075768e-05,0.0001037884,0
10585.0,10590.0,10587.5,3.094688e-05,0.0001547344,0
10590.0,10595.0,10592.5,4.85321e-05,0.0002426605,0
10595.0,10600.0,10597.5,4.92075e-05,0.0002460375,0
10600.0,10605.0,10602.5,4.27911e-05,0.0002139555,0
10605.0,10610.0,10607.5,5.4545e-05,0.000272725,0
10610.0,10615.0,10612.5,3.057844e-05,0.0001528922,0
10615.0,10620.0,10617.5,3.09751e-05,0.0001548755,0
10620.0,10625.0,10622.5,2.048292e-05,0.0001024146,0
10625.0,10630.0,10627.5,4.159162e-05,0.0002079581,0
10630.0,10635.0,10632.5,1.91022e-05,9.5511e-05,0
10635.0,10640.0,10637.5,2.07468e-05,0.000103734,0
10640.0,10645.0,10642.5,5.37281e-05,0.0002686405,0
10645.0,10650.0,10647.5,3.195128e-05,0.0001597564,0
10650.0,10655.0,10652.5,5.125262e-05,0.0002562631,0
10655.0,10660.0,10657.5,5.335588e-05,0.0002667794,0
10660.0,10665.0,10662.5,1.120448e-05,5.60224e-05,0
10665.0,10670.0,10667.5,4.145468e-05,0.0002072734,0
10670.0,10675.0,10672.5,1.101322e-05,5.50661e-05,0
10675.0,10680.0,10677.5,2.138666e-05,0.0001069333,0
10680.0,10685.0,10682.5,4.090208e-05,0.0002045104,0
10685.0,10690.0,10687.5,3.038344e-05,0.0001519172,0
10690.0,10695.0,10692.5,5.142568e-05,0.0002571284,0
10695.0,10700.0,10697.5,2.03129e-05,0.0001015645,0
10700.0,10705.0,10702.5,4.259614e-05,0.0002129807,0
10705.0,10710.0,10707.5,2.041452e-05,0.0001020726,0
10715.0,10720.0,10717.5,9.56022e-06,4.78011e-05,0
10720.0,10725.0,10722.5,1.94249e-05,9.71245e-05,0
10725.0,10730.0,10727.5,3.999786e-05,0.0001999893,0
10730.0,10735.0,10732.5,4.25306e-05,0.000212653,0
10735.0,10740.0,10737.5,2.075768e-05,0.0001037884,0
10740.0,10745.0,10742.5,1.902992e-05,9.51496e-05,0
10745.0,10750.0,10747.5,3.07697e-05,0.0001538485,0
10750.0,10755.0,10752.5,2.041452e-05,0.0001020726,0
10755.0,10760.0,10757.5,9.4697e-06,4.73485e-05,0
10760.0,10765.0,10762.5,3.013368e-05,0.0001506684,0
10765.0,10770.0,10767.5,1.037344e-05,5.18672e-05,0
10770.0,10775.0,10772.5,3.897188e-05,0.0001948594,0
10775.0,10780.0,10777.5,3.90126e-05,0.000195063,0
10780.0,10785.0,10782.5,4.251236e-05,0.0002125618,0
10785.0,10790.0,10787.5,5.09812e-05,0.000254906,0
10790.0,10795.0,10792.5,4.148832e-05,0.0002074416,0
10795.0,10800.0,10797.5,9.56022e-06,4.78011e-05,0
10800.0,10805.0,10802.5,4.081156e-05,0.0002040578,0
10805.0,10810.0,10807.5,3.028384e-05,0.0001514192,0
10810.0,10815.0,10812.5,2.05552e-05,0.000102776,0
10815.0,10820.0,10817.5,6.247256e-05,0.0003123628,0
10820.0,10825.0,10822.5,3.12356e-05,0.000156178,0
10825.0,10830.0,10827.5,4.813714e-05,0.0002406857,0
10830.0,10835.0,10832.5,6.299994e-05,0.0003149997,0
10835.0,10840.0,10837.5,2.901668e-05,0.0001450834,0
10840.0,10845.0,10842.5,2.138666e-05,0.0001069333,0
10845.0,10850.0,10847.5,2.057344e-05,0.0001028672,0
10850.0,10855.0,10852.5,7.109532e-05,0.0003554766,0
10855.0,10860.0,10857.5,1.075268e-05,5.37634e-05,0
10860.0,10865.0,10862.5,4.244428e-05,0.0002122214,0
10865.0,10870.0,10867.5,3.239984e-05,0.0001619992,0
10870.0,10875.0,10872.5,3.142774e-05,0.0001571387,0
10875.0,10880.0,10877.5,2.075768e-05,0.0001037884,0
10880.0,10885.0,10882.5,4.270058e-05,0.0002135029,0
10885.0,10890.0,10887.5,2.067418e-05,0.0001033709,0
10890.0,10895.0,10892.5,6.165098e-05,0.0003082549,0
10895.0,10900.0,10897.5,1.075268e-05,5.37634e-05,0
10905.0,10910.0,10907.5,4.886656e-05,0.0002443328,0
10910.0,10915.0,10912.5,3.153312e-05,0.0001576656,0
10915.0,10920.0,10917.5,1.94747e-05,9.73735e-05,0
10920.0,10925.0,10922.5,5.239612e-05,0.0002619806,0
10925.0,10930.0,10927.5,7.135516e-05,0.0003567758,0
10935.0,10940.0,10937.5,6.1312e-05,0.00030656,0
10940.0,10945.0,10942.5,1.94747e-05,9.73735e-05,0
10945.0,10950.0,10947.5,1.0005e-05,5.0025e-05,0
10955.0,10960.0,10957.5,2.15054e-05,0.000107527,0
10960.0,10965.0,10962.5,4.214434e-05,0.0002107217,0
10965.0,10970.0,10967.5,3.818622e-05,0.0001909311,0
10975.0,10980.0,10977.5,4.18003e-05,0.0002090015,0
10980.0,10985.0,10982.5,5.239528e-05,0.0002619764,0
10985.0,10990.0,10987.5,3.108132e-05,0.0001554066,0
10990.0,10995.0,10992.5,7.110834e-05,0.0003555417,0
10995.0,11000.0,10997.5,2.07647e-05,0.0001038235,0
11000.0,11005.0,11002.5,5.298744e-05,0.0002649372,0
11005.0,11010.0,11007.5,2.17659e-05,0.0001088295,0
11010.0,11015.0,11012.5,4.904492e-05,0.0002452246,0
11015.0,11020.0,11017.5,3.85769e-05,0.0001928845,0
11020.0,11025.0,11022.5,3.195128e-05,0.0001597564,0
11025.0,11030.0,11027.5,9.9552e-06,4.9776e-05,0
11030.0,11035.0,11032.5,1.075268e-05,5.37634e-05,0
11035.0,11040.0,11037.5,2.979834e-05,0.0001489917,0
11040.0,11045.0,11042.5,4.41749e-05,0.0002208745,0
11045.0,11050.0,11047.5,9.56022e-06,4.78011e-05,0
11050.0,11055.0,11052.5,4.102082e-05,0.0002051041,0
11055.0,11060.0,11057.5,4.22858e-05,0.000211429,0
11060.0,11065.0,11062.5,2.032864e-05,0.0001016432,0
11065.0,11070.0,11067.5,3.196922e-05,0.0001598461,0
11070.0,11075.0,11072.5,9.9552e-06,4.9776e-05,0
11075.0,11080.0,11077.5,4.039332e-05,0.0002019666,0
11080.0,11085.0,11082.5,1.913154e-05,9.56577e-05,0
11085.0,11090.0,11087.5,9.56022e-06,4.78011e-05,0
11090.0,11095.0,11092.5,4.916074e-05,0.0002458037,0
11095.0,11100.0,11097.5,5.41799e-05,0.0002708995,0
11100.0,11105.0,11102.5,4.29645e-05,0.0002148225,0
11105.0,11110.0,11107.5,3.092864e-05,0.0001546432,0
11110.0,11115.0,11112.5,4.143892e-05,0.0002071946,0
11115.0,11120.0,11117.5,5.108262e-05,0.0002554131,0
11120.0,11125.0,11122.5,2.2409e-05,0.000112045,0
11125.0,11130.0,11127.5,9.56022e-06,4.78011e-05,0
11130.0,11135.0,11132.5,4.289192e-05,0.0002144596,0
11135.0,11140.0,11137.5,2.157792e-05,0.0001078896,0
11140.0,11145.0,11142.5,2.075768e-05,0.0001037884,0
11145.0,11150.0,11147.5,3.278244e-05,0.0001639122,0
11150.0,11155.0,11152.5,5.298038e-05,0.0002649019,0
11155.0,11160.0,11157.5,6.375248e-05,0.0003187624,0
11160.0,11165.0,11162.5,1.993366e-05,9.96683e-05,0
11165.0,11170.0,11167.5,2.995262e-05,0.0001497631,0
11170.0,11175.0,11172.5,4.27911e-05,0.0002139555,0
11175.0,11180.0,11177.5,2.907566e-05,0.0001453783,0
11185.0,11190.0,11187.5,1.94747e-05,9.73735e-05,0
11190.0,11195.0,11192.5,3.316168e-05,0.0001658084,0
11195.0,11200.0,11197.5,3.116468e-05,0.0001558234,0
11200.0,11205.0,11202.5,5.041008e-05,0.0002520504,0
11205.0,11210.0,11207.5,5.310772e-05,0.0002655386,0
11210.0,11215.0,11212.5,2.096842e-05,0.0001048421,0
11215.0,11220.0,11217.5,1.991542e-05,9.95771e-05,0
11220.0,11225.0,11222.5,5.116926e-05,0.0002558463,0
11225.0,11230.0,11227.5,1.120448e-05,5.60224e-05,0
11230.0,11235.0,11232.5,4.259614e-05,0.0002129807,0
11235.0,11240.0,11237.5,5.461752e-05,0.0002730876,0
11240.0,11245.0,11242.5,4.050712e-05,0.0002025356,0
11245.0,11250.0,11247.5,3.940836e-05,0.0001970418,0
11250.0,11255.0,11252.5,3.89636e-05,0.000194818,0
11255.0,11260.0,11257.5,4.138206e-05,0.0002069103,0
11260.0,11265.0,11262.5,1.993366e-05,9.96683e-05,0
11265.0,11270.0,11267.5,1.94747e-05,9.73735e-05,0
11270.0,11275.0,11272.5,5.12598e-05,0.000256299,0
11275.0,11280.0,11277.5,2.032864e-05,0.0001016432,0
11280.0,11285.0,11282.5,5.199744e-05,0.0002599872,0
11285.0,11290.0,11287.5,1.037344e-05,5.18672e-05,0
11290.0,11295.0,11292.5,9.4697e-06,4.73485e-05,0
11295.0,11300.0,11297.5,1.101322e-05,5.50661e-05,0
11300.0,11305.0,11302.5,3.030702e-05,0.0001515351,0
11305.0,11310.0,11307.5,9.56022e-06,4.78011e-05,0
11310.0,11315.0,11312.5,2.922706e-05,0.0001461353,0
11315.0,11320.0,11317.5,9.035066e-05,0.0004517533,0
11320.0,11325.0,11322.5,2.07647e-05,0.0001038235,0
11325.0,11330.0,11327.5,6.282558e-05,0.0003141279,0
11330.0,11335.0,11332.5,3.251862e-05,0.0001625931,0
11335.0,11340.0,11337.5,2.057344e-05,0.0001028672,0
11340.0,11345.0,11342.5,2.037844e-05,0.0001018922,0
11345.0,11350.0,11347.5,1.949718e-05,9.74859e-05,0
11350.0,11355.0,11352.5,2.120948e-05,0.0001060474,0
11355.0,11360.0,11357.5,3.15104e-05,0.000157552,0
11360.0,11365.0,11362.5,1.91022e-05,9.5511e-05,0
11365.0,11370.0,11367.5,1.991542e-05,9.95771e-05,0
11370.0,11375.0,11372.5,2.070788e-05,0.0001035394,0
11375.0,11380.0,11377.5,4.00299e-05,0.0002001495,0
11380.0,11385.0,11382.5,2.115968e-05,0.0001057984,0
11385.0,11390.0,11387.5,4.153812e-05,0.0002076906,0
11390.0,11395.0,11392.5,3.113814e-05,0.0001556907,0
11395.0,11400.0,11397.5,1.037344e-05,5.18672e-05,0
11400.0,11405.0,11402.5,1.075268e-05,5.37634e-05,0
11405.0,11410.0,11407.5,1.037344e-05,5.18672e-05,0
11410.0,11415.0,11412.5,7.283764e-05,0.0003641882,0
11415.0,11420.0,11417.5,3.03179e-05,0.0001515895,0
11420.0,11425.0,11422.5,3.11199e-05,0.0001555995,0
11425.0,11430.0,11427.5,9.9552e-06,4.9776e-05,0
11430.0,11435.0,11432.5,4.128132e-05,0.0002064066,0
11435.0,11440.0,11437.5,2.94299e-05,0.0001471495,0
11445.0,11450.0,11447.5,3.97876e-05,0.000198938,0
11450.0,11455.0,11452.5,2.057344e-05,0.0001028672,0
11455.0,11460.0,11457.5,3.085636e-05,0.0001542818,0
11460.0,11465.0,11462.5,3.05602e-05,0.000152801,0
11465.0,11470.0,11467.5,1.075268e-05,5.37634e-05,0
11470.0,11475.0,11472.5,2.057344e-05,0.0001028672,0
11475.0,11480.0,11477.5,1.94249e-05,9.71245e-05,0
11480.0,11485.0,11482.5,5.116926e-05,0.0002558463,0
11485.0,11490.0,11487.5,3.139166e-05,0.0001569583,0
11490.0,11495.0,11492.5,6.161904e-05,0.0003080952,0
11495.0,11500.0,11497.5,3.071288e-05,0.0001535644,0
11500.0,11505.0,11502.5,3.981008e-05,0.0001990504,0
11505.0,11510.0,11507.5,2.195716e-05,0.0001097858,0
11510.0,11515.0,11512.5,3.094688e-05,0.0001547344,0
11515.0,11520.0,11517.5,5.05628e-05,0.000252814,0
11520.0,11525.0,11522.5,2.07647e-05,0.0001038235,0
11525.0,11530.0,11527.5,3.91122e-05,0.000195561,0
11530.0,11535.0,11532.5,3.030702e-05,0.0001515351,0
11535.0,11540.0,11537.5,1.91022e-05,9.5511e-05,0
11540.0,11545.0,11542.5,3.024986e-05,0.0001512493,0
11545.0,11550.0,11547.5,9.54198e-06,4.77099e-05,0
11550.0,11555.0,11552.5,2.115968e-05,0.0001057984,0
11555.0,11560.0,11557.5,3.196216e-05,0.0001598108,0
11560.0,11565.0,11562.5,2.070788e-05,0.0001035394,0
11565.0,11570.0,11567.5,2.03129e-05,0.0001015645,0
11570.0,11575.0,11572.5,4.079582e-05,0.0002039791,0
11575.0,11580.0,11577.5,9.9552e-06,4.9776e-05,0
11580.0,11585.0,11582.5,2.096842e-05,0.0001048421,0
11585.0,11590.0,11587.5,2.988886e-05,0.0001494443,0
11590.0,11595.0,11592.5,5.01946e-05,0.000250973,0
11595.0,11600.0,11597.5,2.17659e-05,0.0001088295,0
11600.0,11605.0,11602.5,5.437822e-05,0.0002718911,0
11605.0,11610.0,11607.5,1.951542e-05,9.75771e-05,0
11610.0,11615.0,11612.5,9.4697e-06,4.73485e-05,0
11615.0,11620.0,11617.5,1.993366e-05,9.96683e-05,0
11620.0,11625.0,11622.5,1.120448e-05,5.60224e-05,0
11625.0,11630.0,11627.5,3.094688e-05,0.0001547344,0
11640.0,11645.0,11642.5,3.134186e-05,0.0001567093,0
11645.0,11650.0,11647.5,2.086632e-05,0.0001043316,0
11650.0,11655.0,11652.5,2.022238e-05,0.0001011119,0
11655.0,11660.0,11657.5,5.270558e-05,0.0002635279,0
11665.0,11670.0,11667.5,3.36134e-05,0.000168067,0
11670.0,11675.0,11672.5,2.115968e-05,0.0001057984,0
11675.0,11680.0,11677.5,1.120448e-05,5.60224e-05,0
11680.0,11685.0,11682.5,2.029466e-05,0.0001014733,0
11685.0,11690.0,11687.5,2.029466e-05,0.0001014733,0
11690.0,11695.0,11692.5,1.101322e-05,5.50661e-05,0
11695.0,11700.0,11697.5,1.120448e-05,5.60224e-05,0
11700.0,11705.0,11702.5,4.22522e-05,0.000211261,0
11705.0,11710.0,11707.5,4.20606e-05,0.000210303,0
11710.0,11715.0,11712.5,6.19039e-05,0.0003095195,0
11720.0,11725.0,11722.5,6.015068e-05,0.0003007534,0
11725.0,11730.0,11727.5,4.311688e-05,0.0002155844,0
11730.0,11735.0,11732.5,1.101322e-05,5.50661e-05,0
11735.0,11740.0,11737.5,4.353512e-05,0.0002176756,0
11740.0,11745.0,11742.5,7.0995e-05,0.000354975,0
11745.0,11750.0,11747.5,5.145968e-05,0.0002572984,0
11750.0,11755.0,11752.5,9.9552e-06,4.9776e-05,0
11755.0,11760.0,11757.5,1.037344e-05,5.18672e-05,0
11760.0,11765.0,11762.5,4.259614e-05,0.0002129807,0
11765.0,11770.0,11767.5,4.081156e-05,0.0002040578,0
11770.0,11775.0,11772.5,1.993366e-05,9.96683e-05,0
11775.0,11780.0,11777.5,1.037344e-05,5.18672e-05,0
11780.0,11785.0,11782.5,3.859516e-05,0.0001929758,0
11785.0,11790.0,11787.5,7.972688e-05,0.0003986344,0
11790.0,11795.0,11792.5,2.157792e-05,0.0001078896,0
11800.0,11805.0,11802.5,3.297038e-05,0.0001648519,0
11805.0,11810.0,11807.5,3.02681e-05,0.0001513405,0
11810.0,11815.0,11812.5,2.03129e-05,0.0001015645,0
11815.0,11820.0,11817.5,3.939012e-05,0.0001969506,0
11820.0,11825.0,11822.5,3.104762e-05,0.0001552381,0
11825.0,11830.0,11827.5,2.070788e-05,0.0001035394,0
11830.0,11835.0,11832.5,2.115968e-05,0.0001057984,0
11835.0,11840.0,11837.5,4.01717e-05,0.0002008585,0
11850.0,11855.0,11852.5,7.171084e-05,0.0003585542,0
11855.0,11860.0,11857.5,9.66184e-06,4.83092e-05,0
11860.0,11865.0,11862.5,9.9552e-06,4.9776e-05,0
11865.0,11870.0,11867.5,4.308332e-05,0.0002154166,0
11870.0,11875.0,11872.5,9.56022e-06,4.78011e-05,0
11875.0,11880.0,11877.5,1.101322e-05,5.50661e-05,0
11880.0,11885.0,11882.5,3.011542e-05,0.0001505771,0
11885.0,11890.0,11887.5,5.349032e-05,0.0002674516,0
11895.0,11900.0,11897.5,8.31855e-05,0.0004159275,0
11900.0,11905.0,11902.5,1.075268e-05,5.37634e-05,0
11905.0,11910.0,11907.5,9.4697e-06,4.73485e-05,0
11910.0,11915.0,11912.5,4.143892e-05,0.0002071946,0
11915.0,11920.0,11917.5,2.07468e-05,0.000103734,0
11920.0,11925.0,11922.5,2.029466e-05,0.0001014733,0
11925.0,11930.0,11927.5,3.259114e-05,0.0001629557,0
11930.0,11935.0,11932.5,3.030702e-05,0.0001515351,0
11935.0,11940.0,11937.5,1.0005e-05,5.0025e-05,0
11940.0,11945.0,11942.5,3.042654e-05,0.0001521327,0
11945.0,11950.0,11947.5,2.195716e-05,0.0001097858,0
11950.0,11955.0,11952.5,6.409078e-05,0.0003204539,0
11955.0,11960.0,11957.5,3.068006e-05,0.0001534003,0
11960.0,11965.0,11962.5,2.138666e-05,0.0001069333,0
11965.0,11970.0,11967.5,5.217366e-05,0.0002608683,0
11970.0,11975.0,11972.5,5.225686e-05,0.0002612843,0
11975.0,11980.0,11977.5,3.297038e-05,0.0001648519,0
11980.0,11985.0,11982.5,5.175638e-05,0.0002587819,0
11985.0,11990.0,11987.5,2.07468e-05,0.000103734,0
12000.0,12005.0,12002.5,5.274516e-05,0.0002637258,0
12005.0,12010.0,12007.5,9.4697e-06,4.73485e-05,0
12010.0,12015.0,12012.5,2.157792e-05,0.0001078896,0
12015.0,12020.0,12017.5,3.05104e-05,0.000152552,0
12020.0,12025.0,12022.5,2.15054e-05,0.000107527,0
12025.0,12030.0,12027.5,1.120448e-05,5.60224e-05,0
12030.0,12035.0,12032.5,4.122972e-05,0.0002061486,0
12035.0,12040.0,12037.5,2.070788e-05,0.0001035394,0
12040.0,12045.0,12042.5,1.91022e-05,9.5511e-05,0
12045.0,12050.0,12047.5,2.070788e-05,0.0001035394,0
12050.0,12055.0,12052.5,3.036972e-05,0.0001518486,0
12060.0,12065.0,12062.5,4.150448e-05,0.0002075224,0
12065.0,12070.0,12067.5,9.56022e-06,4.78011e-05,0
12070.0,12075.0,12072.5,9.54198e-06,4.77099e-05,0
12075.0,12080.0,12077.5,9.9552e-06,4.9776e-05,0
12080.0,12085.0,12082.5,1.91022e-05,9.5511e-05,0
12085.0,12090.0,12087.5,4.298244e-05,0.0002149122,0
12090.0,12095.0,12092.5,2.157792e-05,0.0001078896,0
12095.0,12100.0,12097.5,2.157792e-05,0.0001078896,0
12100.0,12105.0,12102.5,1.961704e-05,9.80852e-05,0
12105.0,12110.0,12107.5,5.274092e-05,0.0002637046,0
12115.0,12120.0,12117.5,2.22177e-05,0.0001110885,0
12125.0,12130.0,12127.5,3.092864e-05,0.0001546432,0
12130.0,12135.0,12132.5,3.113814e-05,0.0001556907,0
12135.0,12140.0,12137.5,2.157792e-05,0.0001078896,0
12140.0,12145.0,12142.5,2.17659e-05,0.0001088295,0
12145.0,12150.0,12147.5,9.66184e-06,4.83092e-05,0
12150.0,12155.0,12152.5,3.259114e-05,0.0001629557,0
12155.0,12160.0,12157.5,3.23306e-05,0.000161653,0
12160.0,12165.0,12162.5,2.90574e-05,0.000145287,0
12180.0,12185.0,12182.5,1.0005e-05,5.0025e-05,0
12185.0,12190.0,12187.5,1.956522e-05,9.78261e-05,0
12190.0,12195.0,12192.5,2.003528e-05,0.0001001764,0
12195.0,12200.0,12197.5,2.067506e-05,0.0001033753,0
12200.0,12205.0,12202.5,1.101322e-05,5.50661e-05,0
12205.0,12210.0,12207.5,3.00249e-05,0.0001501245,0
12210.0,12215.0,12212.5,1.101322e-05,5.50661e-05,0
12215.0,12220.0,12217.5,5.108266e-05,0.0002554133,0
12220.0,12225.0,12222.5,4.263144e-05,0.0002131572,0
12225.0,12230.0,12227.5,3.04083e-05,0.0001520415,0
12235.0,12240.0,12237.5,1.075268e-05,5.37634e-05,0
12240.0,12245.0,12242.5,1.037344e-05,5.18672e-05,0
12245.0,12250.0,12247.5,9.54198e-06,4.77099e-05,0
12250.0,12255.0,12252.5,1.0005e-05,5.0025e-05,0
12255.0,12260.0,12257.5,2.096842e-05,0.0001048421,0
12260.0,12265.0,12262.5,3.971956e-05,0.0001985978,0
12270.0,12275.0,12272.5,4.974984e-05,0.0002487492,0
12275.0,12280.0,12277.5,2.17659e-05,0.0001088295,0
12280.0,12285.0,12282.5,1.120448e-05,5.60224e-05,0
12285.0,12290.0,12287.5,9.9552e-06,4.9776e-05,0
12290.0,12295.0,12292.5,1.075268e-05,5.37634e-05,0
12295.0,12300.0,12297.5,1.120448e-05,5.60224e-05,0
12300.0,12305.0,12302.5,9.56022e-06,4.78011e-05,0
12305.0,12310.0,12307.5,2.041452e-05,0.0001020726,0
12310.0,12315.0,12312.5,3.130788e-05,0.0001565394,0
12315.0,12320.0,12317.5,3.108132e-05,0.0001554066,0
12320.0,12325.0,12322.5,3.06681e-05,0.0001533405,0
12330.0,12335.0,12332.5,1.902992e-05,9.51496e-05,0
12335.0,12340.0,12337.5,5.18664e-05,0.000259332,0
12345.0,12350.0,12347.5,4.06731e-05,0.0002033655,0
12350.0,12355.0,12352.5,2.138666e-05,0.0001069333,0
12355.0,12360.0,12357.5,4.065686e-05,0.0002032843,0
12360.0,12365.0,12362.5,5.049386e-05,0.0002524693,0
12365.0,12370.0,12367.5,2.096842e-05,0.0001048421,0
12375.0,12380.0,12377.5,1.101322e-05,5.50661e-05,0
12380.0,12385.0,12382.5,7.044536e-05,0.0003522268,0
12385.0,12390.0,12387.5,9.54198e-06,4.77099e-05,0
12390.0,12395.0,12392.5,1.120448e-05,5.60224e-05,0
12405.0,12410.0,12407.5,5.090244e-05,0.0002545122,0
12410.0,12415.0,12412.5,1.075268e-05,5.37634e-05,0
12415.0,12420.0,12417.5,1.075268e-05,5.37634e-05,0
12420.0,12425.0,12422.5,4.872704e-05,0.0002436352,0
12425.0,12430.0,12427.5,1.075268e-05,5.37634e-05,0
12430.0,12435.0,12432.5,5.037178e-05,0.0002518589,0
12435.0,12440.0,12437.5,3.087132e-05,0.0001543566,0
12440.0,12445.0,12442.5,1.120448e-05,5.60224e-05,0
12445.0,12450.0,12447.5,3.158662e-05,0.0001579331,0
12450.0,12455.0,12452.5,3.085636e-05,0.0001542818,0
12455.0,12460.0,12457.5,3.00249e-05,0.0001501245,0
12460.0,12465.0,12462.5,2.057344e-05,0.0001028672,0
12465.0,12470.0,12467.5,3.068634e-05,0.0001534317,0
12480.0,12485.0,12482.5,2.947062e-05,0.0001473531,0
12485.0,12490.0,12487.5,2.03129e-05,0.0001015645,0
12490.0,12495.0,12492.5,9.54198e-06,4.77099e-05,0
12495.0,12500.0,12497.5,9.56022e-06,4.78011e-05,0
12505.0,12510.0,12507.5,2.138666e-05,0.0001069333,0
12510.0,12515.0,12512.5,1.120448e-05,5.60224e-05,0
12515.0,12520.0,12517.5,5.116632e-05,0.0002558316,0
12520.0,12525.0,12522.5,3.052816e-05,0.0001526408,0
12525.0,12530.0,12527.5,9.54198e-06,4.77099e-05,0
12535.0,12540.0,12537.5,1.954698e-05,9.77349e-05,0
12545.0,12550.0,12547.5,2.120948e-05,0.0001060474,0
12550.0,12555.0,12552.5,3.239984e-05,0.0001619992,0
12555.0,12560.0,12557.5,5.27463e-05,0.0002637315,0
12560.0,12565.0,12562.5,9.54198e-06,4.77099e-05,0
12565.0,12570.0,12567.5,2.20264e-05,0.000110132,0
12570.0,12575.0,12572.5,3.149948e-05,0.0001574974,0
12575.0,12580.0,12577.5,3.971956e-05,0.0001985978,0
12580.0,12585.0,12582.5,2.864418e-05,0.0001432209,0
12585.0,12590.0,12587.5,1.0005e-05,5.0025e-05,0
12590.0,12595.0,12592.5,3.297038e-05,0.0001648519,0
12595.0,12600.0,12597.5,1.99104e-05,9.9552e-05,0
12600.0,12605.0,12602.5,2.195716e-05,0.0001097858,0
12605.0,12610.0,12607.5,3.104762e-05,0.0001552381,0
12610.0,12615.0,12612.5,2.07468e-05,0.000103734,0
12615.0,12620.0,12617.5,3.024986e-05,0.0001512493,0
12620.0,12625.0,12622.5,9.4697e-06,4.73485e-05,0
12625.0,12630.0,12627.5,2.922706e-05,0.0001461353,0
12630.0,12635.0,12632.5,3.004028e-05,0.0001502014,0
12635.0,12640.0,12637.5,5.118458e-05,0.0002559229,0
12640.0,12645.0,12642.5,2.195716e-05,0.0001097858,0
12645.0,12650.0,12647.5,1.037344e-05,5.18672e-05,0
12650.0,12655.0,12652.5,4.079998e-05,0.0002039999,0
12655.0,12660.0,12657.5,1.120448e-05,5.60224e-05,0
12660.0,12665.0,12662.5,9.54198e-06,4.77099e-05,0
12665.0,12670.0,12667.5,2.096842e-05,0.0001048421,0
12670.0,12675.0,12672.5,1.961704e-05,9.80852e-05,0
12675.0,12680.0,12677.5,3.030668e-05,0.0001515334,0
12680.0,12685.0,12682.5,1.101322e-05,5.50661e-05,0
12685.0,12690.0,12687.5,5.284712e-05,0.0002642356,0
12695.0,12700.0,12697.5,2.22177e-05,0.0001110885,0
12700.0,12705.0,12702.5,2.195716e-05,0.0001097858,0
12705.0,12710.0,12707.5,3.113814e-05,0.0001556907,0
12710.0,12715.0,12712.5,2.90574e-05,0.000145287,0
12715.0,12720.0,12717.5,4.10887e-05,0.0002054435,0
12720.0,12725.0,12722.5,3.02165e-05,0.0001510825,0
12725.0,12730.0,12727.5,9.56022e-06,4.78011e-05,0
12730.0,12735.0,12732.5,2.067418e-05,0.0001033709,0
12735.0,12740.0,12737.5,1.94249e-05,9.71245e-05,0
12740.0,12745.0,12742.5,4.865196e-05,0.0002432598,0
12745.0,12750.0,12747.5,2.05552e-05,0.000102776,0
12750.0,12755.0,12752.5,2.075768e-05,0.0001037884,0
12755.0,12760.0,12757.5,1.94747e-05,9.73735e-05,0
12760.0,12765.0,12762.5,3.153312e-05,0.0001576656,0
12765.0,12770.0,12767.5,5.128584e-05,0.0002564292,0
12770.0,12775.0,12772.5,3.092864e-05,0.0001546432,0
12775.0,12780.0,12777.5,3.05104e-05,0.000152552,0
12785.0,12790.0,12787.5,4.115794e-05,0.0002057897,0
12790.0,12795.0,12792.5,9.56022e-06,4.78011e-05,0
12795.0,12800.0,12797.5,9.66184e-06,4.83092e-05,0
12800.0,12805.0,12802.5,2.067506e-05,0.0001033753,0
12805.0,12810.0,12807.5,9.4697e-06,4.73485e-05,0
12810.0,12815.0,12812.5,1.120448e-05,5.60224e-05,0
12815.0,12820.0,12817.5,1.037344e-05,5.18672e-05,0
12820.0,12825.0,12822.5,5.95155e-05,0.0002975775,0
12825.0,12830.0,12827.5,5.399562e-05,0.0002699781,0
12835.0,12840.0,12837.5,3.113112e-05,0.0001556556,0
12840.0,12845.0,12842.5,1.120448e-05,5.60224e-05,0
12845.0,12850.0,12847.5,3.111488e-05,0.0001555744,0
12850.0,12855.0,12852.5,1.101322e-05,5.50661e-05,0
12855.0,12860.0,12857.5,2.157792e-05,0.0001078896,0
12860.0,12865.0,12862.5,2.957022e-05,0.0001478511,0
12865.0,12870.0,12867.5,2.896688e-05,0.0001448344,0
12870.0,12875.0,12872.5,3.05602e-05,0.000152801,0
12875.0,12880.0,12877.5,3.158292e-05,0.0001579146,0
12880.0,12885.0,12882.5,2.022238e-05,0.0001011119,0
12885.0,12890.0,12887.5,3.066308e-05,0.0001533154,0
12890.0,12895.0,12892.5,5.168632e-05,0.0002584316,0
12895.0,12900.0,12897.5,1.912046e-05,9.56023e-05,0
12900.0,12905.0,12902.5,1.037344e-05,5.18672e-05,0
12905.0,12910.0,12907.5,4.25306e-05,0.000212653,0
12910.0,12915.0,12912.5,1.0005e-05,5.0025e-05,0
12915.0,12920.0,12917.5,3.057844e-05,0.0001528922,0
12920.0,12925.0,12922.5,3.935856e-05,0.0001967928,0
12930.0,12935.0,12932.5,3.16874e-05,0.000158437,0
12935.0,12940.0,12937.5,4.102082e-05,0.0002051041,0
12945.0,12950.0,12947.5,2.17659e-05,0.0001088295,0
12950.0,12955.0,12952.5,9.54198e-06,4.77099e-05,0
12955.0,12960.0,12957.5,3.087132e-05,0.0001543566,0
12965.0,12970.0,12967.5,3.014476e-05,0.0001507238,0
12970.0,12975.0,12972.5,6.300982e-05,0.0003150491,0
12975.0,12980.0,12977.5,1.991542e-05,9.95771e-05,0
12980.0,12985.0,12982.5,2.17659e-05,0.0001088295,0
12985.0,12990.0,12987.5,9.4697e-06,4.73485e-05,0
12990.0,12995.0,12992.5,1.0005e-05,5.0025e-05,0
13000.0,13005.0,13002.5,1.101322e-05,5.50661e-05,0
13005.0,13010.0,13007.5,2.067418e-05,0.0001033709,0
13010.0,13015.0,13012.5,5.300482e-05,0.0002650241,0
13015.0,13020.0,13017.5,5.078172e-05,0.0002539086,0
13020.0,13025.0,13022.5,1.91022e-05,9.5511e-05,0
13030.0,13035.0,13032.5,4.213312e-05,0.0002106656,0
13035.0,13040.0,13037.5,4.189082e-05,0.0002094541,0
13040.0,13045.0,13042.5,5.130206e-05,0.0002565103,0
13045.0,13050.0,13047.5,2.074646e-05,0.0001037323,0
13050.0,13055.0,13052.5,3.123976e-05,0.0001561988,0
13055.0,13060.0,13057.5,4.959012e-05,0.0002479506,0
13060.0,13065.0,13062.5,9.66184e-06,4.83092e-05,0
13065.0,13070.0,13067.5,3.070166e-05,0.0001535083,0
13070.0,13075.0,13072.5,3.984406e-05,0.0001992203,0
13075.0,13080.0,13077.5,1.951542e-05,9.75771e-05,0
13080.0,13085.0,13082.5,1.951542e-05,9.75771e-05,0
13085.0,13090.0,13087.5,3.059582e-05,0.0001529791,0
13090.0,13095.0,13092.5,3.939686e-05,0.0001969843,0
13095.0,13100.0,13097.5,3.10485e-05,0.0001552425,0
13100.0,13105.0,13102.5,9.56022e-06,4.78011e-05,0
13105.0,13110.0,13107.5,9.56022e-06,4.78011e-05,0
13110.0,13115.0,13112.5,2.157792e-05,0.0001078896,0
13115.0,13120.0,13117.5,3.187884e-05,0.0001593942,0
13120.0,13125.0,13122.5,9.9552e-06,4.9776e-05,0
13125.0,13130.0,13127.5,1.075268e-05,5.37634e-05,0
13130.0,13135.0,13132.5,2.074646e-05,0.0001037323,0
13140.0,13145.0,13142.5,3.011542e-05,0.0001505771,0
13145.0,13150.0,13147.5,1.956522e-05,9.78261e-05,0
13150.0,13155.0,13152.5,1.949718e-05,9.74859e-05,0
13165.0,13170.0,13167.5,3.032494e-05,0.0001516247,0
13170.0,13175.0,13172.5,4.186954e-05,0.0002093477,0
13175.0,13180.0,13177.5,2.957022e-05,0.0001478511,0
13180.0,13185.0,13182.5,1.120448e-05,5.60224e-05,0
13185.0,13190.0,13187.5,1.0005e-05,5.0025e-05,0
13190.0,13195.0,13192.5,1.101322e-05,5.50661e-05,0
13195.0,13200.0,13197.5,2.903916e-05,0.0001451958,0
13200.0,13205.0,13202.5,3.968674e-05,0.0001984337,0
13205.0,13210.0,13207.5,2.101822e-05,0.0001050911,0
13210.0,13215.0,13212.5,3.21729e-05,0.0001608645,0
13220.0,13225.0,13222.5,1.993366e-05,9.96683e-05,0
13225.0,13230.0,13227.5,2.041452e-05,0.0001020726,0
13230.0,13235.0,13232.5,9.56022e-06,4.78011e-05,0
13235.0,13240.0,13237.5,9.66184e-06,4.83092e-05,0
13240.0,13245.0,13242.5,9.54198e-06,4.77099e-05,0
13245.0,13250.0,13247.5,1.0005e-05,5.0025e-05,0
13250.0,13255.0,13252.5,3.023528e-05,0.0001511764,0
13255.0,13260.0,13257.5,3.93851e-05,0.0001969255,0
13260.0,13265.0,13262.5,4.360432e-05,0.0002180216,0
13265.0,13270.0,13267.5,1.037344e-05,5.18672e-05,0
13270.0,13275.0,13272.5,1.0005e-05,5.0025e-05,0
13275.0,13280.0,13277.5,4.979964e-05,0.0002489982,0
13280.0,13285.0,13282.5,9.54198e-06,4.77099e-05,0
13285.0,13290.0,13287.5,5.981166e-05,0.0002990583,0
13290.0,13295.0,13292.5,1.120448e-05,5.60224e-05,0
13295.0,13300.0,13297.5,1.0005e-05,5.0025e-05,0
13300.0,13305.0,13302.5,2.99652e-05,0.000149826,0
13305.0,13310.0,13307.5,5.98075e-05,0.0002990375,0
13310.0,13315.0,13312.5,4.169956e-05,0.0002084978,0
13320.0,13325.0,13322.5,9.66184e-06,4.83092e-05,0
13325.0,13330.0,13327.5,2.22177e-05,0.0001110885,0
13330.0,13335.0,13332.5,2.070788e-05,0.0001035394,0
13340.0,13345.0,13342.5,1.075268e-05,5.37634e-05,0
13345.0,13350.0,13347.5,1.991542e-05,9.95771e-05,0
13350.0,13355.0,13352.5,4.224878e-05,0.0002112439,0
13355.0,13360.0,13357.5,3.999834e-05,0.0001999917,0
13360.0,13365.0,13362.5,9.66184e-06,4.83092e-05,0
13365.0,13370.0,13367.5,4.214434e-05,0.0002107217,0
13370.0,13375.0,13372.5,2.99652e-05,0.000149826,0
13375.0,13380.0,13377.5,3.259114e-05,0.0001629557,0
13380.0,13385.0,13382.5,3.076268e-05,0.0001538134,0
13385.0,13390.0,13387.5,2.03129e-05,0.0001015645,0
13390.0,13395.0,13392.5,1.037344e-05,5.18672e-05,0
13400.0,13405.0,13402.5,3.965232e-05,0.0001982616,0
13410.0,13415.0,13412.5,1.120448e-05,5.60224e-05,0
13415.0,13420.0,13417.5,1.961704e-05,9.80852e-05,0
13420.0,13425.0,13422.5,1.075268e-05,5.37634e-05,0
13425.0,13430.0,13427.5,3.052864e-05,0.0001526432,0
13435.0,13440.0,13437.5,3.02681e-05,0.0001513405,0
13440.0,13445.0,13442.5,1.120448e-05,5.60224e-05,0
13445.0,13450.0,13447.5,9.9552e-06,4.9776e-05,0
13450.0,13455.0,13452.5,3.057844e-05,0.0001528922,0
13455.0,13460.0,13457.5,9.56022e-06,4.78011e-05,0
13460.0,13465.0,13462.5,9.4697e-06,4.73485e-05,0
13465.0,13470.0,13467.5,2.112612e-05,0.0001056306,0
13470.0,13475.0,13472.5,2.195716e-05,0.0001097858,0
13475.0,13480.0,13477.5,1.037344e-05,5.18672e-05,0
13480.0,13485.0,13482.5,2.05552e-05,0.000102776,0
13490.0,13495.0,13492.5,1.984314e-05,9.92157e-05,0
13495.0,13500.0,13497.5,2.195716e-05,0.0001097858,0
13500.0,13505.0,13502.5,2.101822e-05,0.0001050911,0
13505.0,13510.0,13507.5,2.032864e-05,0.0001016432,0
13515.0,13520.0,13517.5,9.66184e-06,4.83092e-05,0
13520.0,13525.0,13522.5,1.984314e-05,9.92157e-05,0
13525.0,13530.0,13527.5,3.90624e-05,0.000195312,0
13530.0,13535.0,13532.5,4.013278e-05,0.0002006639,0
13535.0,13540.0,13537.5,2.97826e-05,0.000148913,0
13540.0,13545.0,13542.5,3.108132e-05,0.0001554066,0
13545.0,13550.0,13547.5,9.56022e-06,4.78011e-05,0
13550.0,13555.0,13552.5,3.071288e-05,0.0001535644,0
13555.0,13560.0,13557.5,1.120448e-05,5.60224e-05,0
13560.0,13565.0,13562.5,2.120948e-05,0.0001060474,0
13565.0,13570.0,13567.5,2.037844e-05,0.0001018922,0
13575.0,13580.0,13577.5,2.101822e-05,0.0001050911,0
13580.0,13585.0,13582.5,1.966684e-05,9.83342e-05,0
13590.0,13595.0,13592.5,4.379566e-05,0.0002189783,0
13605.0,13610.0,13607.5,3.17709e-05,0.0001588545,0
13610.0,13615.0,13612.5,1.075268e-05,5.37634e-05,0
13615.0,13620.0,13617.5,1.101322e-05,5.50661e-05,0
13620.0,13625.0,13622.5,2.993866e-05,0.0001496933,0
13625.0,13630.0,13627.5,3.996852e-05,0.0001998426,0
13630.0,13635.0,13632.5,1.120448e-05,5.60224e-05,0
13635.0,13640.0,13637.5,2.983664e-05,0.0001491832,0
13640.0,13645.0,13642.5,1.951542e-05,9.75771e-05,0
13645.0,13650.0,13647.5,1.0005e-05,5.0025e-05,0
13655.0,13660.0,13657.5,1.037344e-05,5.18672e-05,0
13660.0,13665.0,13662.5,3.068006e-05,0.0001534003,0
13665.0,13670.0,13667.5,1.101322e-05,5.50661e-05,0
13670.0,13675.0,13672.5,9.54198e-06,4.77099e-05,0
13675.0,13680.0,13677.5,2.037844e-05,0.0001018922,0
13685.0,13690.0,13687.5,2.086632e-05,0.0001043316,0
13690.0,13695.0,13692.5,3.277908e-05,0.0001638954,0
13695.0,13700.0,13697.5,2.120948e-05,0.0001060474,0
13700.0,13705.0,13702.5,4.022116e-05,0.0002011058,0
13705.0,13710.0,13707.5,4.029122e-05,0.0002014561,0
13710.0,13715.0,13712.5,6.000834e-05,0.0003000417,0
13715.0,13720.0,13717.5,2.032864e-05,0.0001016432,0
13720.0,13725.0,13722.5,3.992994e-05,0.0001996497,0
13725.0,13730.0,13727.5,9.66184e-06,4.83092e-05,0
13730.0,13735.0,13732.5,3.820442e-05,0.0001910221,0
13735.0,13740.0,13737.5,1.120448e-05,5.60224e-05,0
13740.0,13745.0,13742.5,2.096842e-05,0.0001048421,0
13745.0,13750.0,13747.5,5.863466e-05,0.0002931733,0
13750.0,13755.0,13752.5,1.101322e-05,5.50661e-05,0
13755.0,13760.0,13757.5,2.967184e-05,0.0001483592,0
13765.0,13770.0,13767.5,3.06681e-05,0.0001533405,0
13770.0,13775.0,13772.5,5.081656e-05,0.0002540828,0
13775.0,13780.0,13777.5,2.901668e-05,0.0001450834,0
13780.0,13785.0,13782.5,4.093364e-05,0.0002046682,0
13790.0,13795.0,13792.5,9.9552e-06,4.9776e-05,0
13795.0,13800.0,13797.5,9.54198e-06,4.77099e-05,0
13805.0,13810.0,13807.5,2.037844e-05,0.0001018922,0
13810.0,13815.0,13812.5,2.22177e-05,0.0001110885,0
13815.0,13820.0,13817.5,1.94747e-05,9.73735e-05,0
13820.0,13825.0,13822.5,2.896688e-05,0.0001448344,0
13825.0,13830.0,13827.5,2.086632e-05,0.0001043316,0
13830.0,13835.0,13832.5,2.979834e-05,0.0001489917,0
13835.0,13840.0,13837.5,1.075268e-05,5.37634e-05,0
13840.0,13845.0,13842.5,3.066308e-05,0.0001533154,0
13845.0,13850.0,13847.5,1.120448e-05,5.60224e-05,0
13850.0,13855.0,13852.5,3.975354e-05,0.0001987677,0
13855.0,13860.0,13857.5,2.157792e-05,0.0001078896,0
13860.0,13865.0,13862.5,2.20264e-05,0.000110132,0
13865.0,13870.0,13867.5,1.075268e-05,5.37634e-05,0
13870.0,13875.0,13872.5,9.66184e-06,4.83092e-05,0
13875.0,13880.0,13877.5,2.908674e-05,0.0001454337,0
13880.0,13885.0,13882.5,1.0005e-05,5.0025e-05,0
13885.0,13890.0,13887.5,3.871924e-05,0.0001935962,0
13890.0,13895.0,13892.5,1.037344e-05,5.18672e-05,0
13895.0,13900.0,13897.5,1.954698e-05,9.77349e-05,0
13900.0,13905.0,13902.5,4.142098e-05,0.0002071049,0
13905.0,13910.0,13907.5,4.060872e-05,0.0002030436,0
13910.0,13915.0,13912.5,4.900924e-05,0.0002450462,0
13915.0,13920.0,13917.5,2.138666e-05,0.0001069333,0
13920.0,13925.0,13922.5,3.02344e-05,0.000151172,0
13935.0,13940.0,13937.5,2.067506e-05,0.0001033753,0
13940.0,13945.0,13942.5,3.139166e-05,0.0001569583,0
13945.0,13950.0,13947.5,2.037844e-05,0.0001018922,0
13950.0,13955.0,13952.5,1.037344e-05,5.18672e-05,0
13955.0,13960.0,13957.5,4.112244e-05,0.0002056122,0
13960.0,13965.0,13962.5,9.9552e-06,4.9776e-05,0
13970.0,13975.0,13972.5,1.037344e-05,5.18672e-05,0
13975.0,13980.0,13977.5,3.22227e-05,0.0001611135,0
13980.0,13985.0,13982.5,1.99602e-05,9.9801e-05,0
13985.0,13990.0,13987.5,9.66184e-06,4.83092e-05,0
13990.0,13995.0,13992.5,1.037344e-05,5.18672e-05,0
13995.0,14000.0,13997.5,1.902992e-05,9.51496e-05,0
14000.0,14005.0,14002.5,4.22858e-05,0.000211429,0
14010.0,14015.0,14012.5,9.4697e-06,4.73485e-05,0
14015.0,14020.0,14017.5,3.982834e-05,0.0001991417,0
14020.0,14025.0,14022.5,1.101322e-05,5.50661e-05,0
14025.0,14030.0,14027.5,1.120448e-05,5.60224e-05,0
14030.0,14035.0,14032.5,4.053532e-05,0.0002026766,0
14035.0,14040.0,14037.5,1.922206e-05,9.61103e-05,0
14045.0,14050.0,14047.5,3.070166e-05,0.0001535083,0
14050.0,14055.0,14052.5,4.161312e-05,0.0002080656,0
14060.0,14065.0,14062.5,1.037344e-05,5.18672e-05,0
14065.0,14070.0,14067.5,3.342222e-05,0.0001671111,0
14075.0,14080.0,14077.5,4.244428e-05,0.0002122214,0
14080.0,14085.0,14082.5,9.9552e-06,4.9776e-05,0
14085.0,14090.0,14087.5,3.024986e-05,0.0001512493,0
14090.0,14095.0,14092.5,4.100258e-05,0.0002050129,0
14100.0,14105.0,14102.5,9.4697e-06,4.73485e-05,0
14105.0,14110.0,14107.5,9.4697e-06,4.73485e-05,0
14115.0,14120.0,14117.5,9.66184e-06,4.83092e-05,0
14120.0,14125.0,14122.5,9.56022e-06,4.78011e-05,0
14125.0,14130.0,14127.5,1.101322e-05,5.50661e-05,0
14135.0,14140.0,14137.5,9.4697e-06,4.73485e-05,0
14140.0,14145.0,14142.5,1.912046e-05,9.56023e-05,0
14145.0,14150.0,14147.5,3.03179e-05,0.0001515895,0
14150.0,14155.0,14152.5,9.54198e-06,4.77099e-05,0
14155.0,14160.0,14157.5,4.953998e-05,0.0002476999,0
14160.0,14165.0,14162.5,1.101322e-05,5.50661e-05,0
14165.0,14170.0,14167.5,2.101822e-05,0.0001050911,0
14175.0,14180.0,14177.5,2.048292e-05,0.0001024146,0
14180.0,14185.0,14182.5,5.162082e-05,0.0002581041,0
14185.0,14190.0,14187.5,1.037344e-05,5.18672e-05,0
14190.0,14195.0,14192.5,4.068506e-05,0.0002034253,0
14195.0,14200.0,14197.5,1.984314e-05,9.92157e-05,0
14200.0,14205.0,14202.5,1.101322e-05,5.50661e-05,0
14210.0,14215.0,14212.5,2.997474e-05,0.0001498737,0
14215.0,14220.0,14217.5,1.037344e-05,5.18672e-05,0
14220.0,14225.0,14222.5,3.062938e-05,0.0001531469,0
14225.0,14230.0,14227.5,2.17659e-05,0.0001088295,0
14230.0,14235.0,14232.5,2.041452e-05,0.0001020726,0
14235.0,14240.0,14237.5,3.017758e-05,0.0001508879,0
14240.0,14245.0,14242.5,2.086632e-05,0.0001043316,0
14245.0,14250.0,14247.5,9.4697e-06,4.73485e-05,0
14250.0,14255.0,14252.5,3.187884e-05,0.0001593942,0
14255.0,14260.0,14257.5,1.075268e-05,5.37634e-05,0
14265.0,14270.0,14267.5,1.120448e-05,5.60224e-05,0
14270.0,14275.0,14272.5,1.94249e-05,9.71245e-05,0
14280.0,14285.0,14282.5,1.101322e-05,5.50661e-05,0
14285.0,14290.0,14287.5,1.101322e-05,5.50661e-05,0
14290.0,14295.0,14292.5,4.22701e-05,0.0002113505,0
14295.0,14300.0,14297.5,1.101322e-05,5.50661e-05,0
14300.0,14305.0,14302.5,3.177792e-05,0.0001588896,0
14305.0,14310.0,14307.5,1.99104e-05,9.9552e-05,0
14310.0,14315.0,14312.5,1.922206e-05,9.61103e-05,0
14315.0,14320.0,14317.5,4.134854e-05,0.0002067427,0
14325.0,14330.0,14327.5,1.037344e-05,5.18672e-05,0
14330.0,14335.0,14332.5,2.2409e-05,0.000112045,0
14340.0,14345.0,14342.5,1.120448e-05,5.60224e-05,0
14345.0,14350.0,14347.5,3.17709e-05,0.0001588545,0
14350.0,14355.0,14352.5,1.120448e-05,5.60224e-05,0
14355.0,14360.0,14357.5,6.085764e-05,0.0003042882,0
14360.0,14365.0,14362.5,3.102322e-05,0.0001551161,0
14365.0,14370.0,14367.5,9.9552e-06,4.9776e-05,0
14370.0,14375.0,14372.5,9.56022e-06,4.78011e-05,0
14380.0,14385.0,14382.5,2.15054e-05,0.000107527,0
14385.0,14390.0,14387.5,2.898512e-05,0.0001449256,0
14390.0,14395.0,14392.5,9.56022e-06,4.78011e-05,0
14395.0,14400.0,14397.5,4.06076e-05,0.000203038,0
14400.0,14405.0,14402.5,4.02731e-05,0.0002013655,0
14405.0,14410.0,14407.5,1.94747e-05,9.73735e-05,0
14410.0,14415.0,14412.5,1.101322e-05,5.50661e-05,0
14415.0,14420.0,14417.5,3.071288e-05,0.0001535644,0
14420.0,14425.0,14422.5,1.984314e-05,9.92157e-05,0
14425.0,14430.0,14427.5,1.120448e-05,5.60224e-05,0
14430.0,14435.0,14432.5,3.07697e-05,0.0001538485,0
14435.0,14440.0,14437.5,2.070788e-05,0.0001035394,0
14445.0,14450.0,14447.5,3.032494e-05,0.0001516247,0
14450.0,14455.0,14452.5,4.213362e-05,0.0002106681,0
14455.0,14460.0,14457.5,2.17659e-05,0.0001088295,0
14460.0,14465.0,14462.5,2.947062e-05,0.0001473531,0
14465.0,14470.0,14467.5,1.120448e-05,5.60224e-05,0
14470.0,14475.0,14472.5,1.101322e-05,5.50661e-05,0
14475.0,14480.0,14477.5,1.99602e-05,9.9801e-05,0
14480.0,14485.0,14482.5,3.05602e-05,0.000152801,0
14485.0,14490.0,14487.5,4.112244e-05,0.0002056122,0
14490.0,14495.0,14492.5,3.168824e-05,0.0001584412,0
14495.0,14500.0,14497.5,1.037344e-05,5.18672e-05,0
14500.0,14505.0,14502.5,9.66184e-06,4.83092e-05,0
14505.0,14510.0,14507.5,1.993366e-05,9.96683e-05,0
14510.0,14515.0,14512.5,9.54198e-06,4.77099e-05,0
14515.0,14520.0,14517.5,3.11204e-05,0.000155602,0
14520.0,14525.0,14522.5,9.66184e-06,4.83092e-05,0
14525.0,14530.0,14527.5,2.22177e-05,0.0001110885,0
14530.0,14535.0,14532.5,1.037344e-05,5.18672e-05,0
14535.0,14540.0,14537.5,1.075268e-05,5.37634e-05,0
14540.0,14545.0,14542.5,9.56022e-06,4.78011e-05,0
14545.0,14550.0,14547.5,9.4697e-06,4.73485e-05,0
14550.0,14555.0,14552.5,1.99602e-05,9.9801e-05,0
14555.0,14560.0,14557.5,9.66184e-06,4.83092e-05,0
14560.0,14565.0,14562.5,6.252236e-05,0.0003126118,0
14565.0,14570.0,14567.5,2.917726e-05,0.0001458863,0
14570.0,14575.0,14572.5,3.9878e-05,0.00019939,0
14580.0,14585.0,14582.5,9.56022e-06,4.78011e-05,0
14585.0,14590.0,14587.5,1.0005e-05,5.0025e-05,0
14590.0,14595.0,14592.5,2.07468e-05,0.000103734,0
14600.0,14605.0,14602.5,3.297038e-05,0.0001648519,0
14610.0,14615.0,14612.5,9.9552e-06,4.9776e-05,0
14615.0,14620.0,14617.5,1.120448e-05,5.60224e-05,0
14625.0,14630.0,14627.5,2.101822e-05,0.0001050911,0
14630.0,14635.0,14632.5,1.120448e-05,5.60224e-05,0
14635.0,14640.0,14637.5,9.56022e-06,4.78011e-05,0
14640.0,14645.0,14642.5,1.120448e-05,5.60224e-05,0
14645.0,14650.0,14647.5,1.99602e-05,9.9801e-05,0
14650.0,14655.0,14652.5,9.54198e-06,4.77099e-05,0
14660.0,14665.0,14662.5,1.075268e-05,5.37634e-05,0
14665.0,14670.0,14667.5,1.037344e-05,5.18672e-05,0
14670.0,14675.0,14672.5,1.120448e-05,5.60224e-05,0
14680.0,14685.0,14682.5,2.195716e-05,0.0001097858,0
14685.0,14690.0,14687.5,9.66184e-06,4.83092e-05,0
14690.0,14695.0,14692.5,1.075268e-05,5.37634e-05,0
14700.0,14705.0,14702.5,9.56022e-06,4.78011e-05,0
14705.0,14710.0,14707.5,3.041952e-05,0.0001520976,0
14710.0,14715.0,14712.5,4.278408e-05,0.0002139204,0
14715.0,14720.0,14717.5,3.940836e-05,0.0001970418,0
14725.0,14730.0,14727.5,1.120448e-05,5.60224e-05,0
14735.0,14740.0,14737.5,9.66184e-06,4.83092e-05,0
14740.0,14745.0,14742.5,9.56022e-06,4.78011e-05,0
14745.0,14750.0,14747.5,2.03129e-05,0.0001015645,0
14750.0,14755.0,14752.5,2.138666e-05,0.0001069333,0
14760.0,14765.0,14762.5,4.117224e-05,0.0002058612,0
14765.0,14770.0,14767.5,1.075268e-05,5.37634e-05,0
14770.0,14775.0,14772.5,1.120448e-05,5.60224e-05,0
14775.0,14780.0,14777.5,1.984314e-05,9.92157e-05,0
14780.0,14785.0,14782.5,2.001e-05,0.00010005,0
14790.0,14795.0,14792.5,2.037844e-05,0.0001018922,0
14795.0,14800.0,14797.5,9.56022e-06,4.78011e-05,0
14800.0,14805.0,14802.5,2.07647e-05,0.0001038235,0
14810.0,14815.0,14812.5,3.067918e-05,0.0001533959,0
14820.0,14825.0,14822.5,2.086632e-05,0.0001043316,0
14825.0,14830.0,14827.5,2.988886e-05,0.0001494443,0
14830.0,14835.0,14832.5,2.99652e-05,0.000149826,0
14835.0,14840.0,14837.5,2.067418e-05,0.0001033709,0
14840.0,14845.0,14842.5,2.917726e-05,0.0001458863,0
14845.0,14850.0,14847.5,9.66184e-06,4.83092e-05,0
14850.0,14855.0,14852.5,2.032864e-05,0.0001016432,0
14855.0,14860.0,14857.5,1.961704e-05,9.80852e-05,0
14860.0,14865.0,14862.5,2.101822e-05,0.0001050911,0
14865.0,14870.0,14867.5,2.048292e-05,0.0001024146,0
14870.0,14875.0,14872.5,1.91022e-05,9.5511e-05,0
14875.0,14880.0,14877.5,2.957022e-05,0.0001478511,0
14880.0,14885.0,14882.5,1.951542e-05,9.75771e-05,0
14885.0,14890.0,14887.5,9.56022e-06,4.78011e-05,0
14890.0,14895.0,14892.5,1.0005e-05,5.0025e-05,0
14895.0,14900.0,14897.5,1.037344e-05,5.18672e-05,0
14905.0,14910.0,14907.5,1.954698e-05,9.77349e-05,0
14920.0,14925.0,14922.5,1.101322e-05,5.50661e-05,0
14930.0,14935.0,14932.5,2.05552e-05,0.000102776,0
14940.0,14945.0,14942.5,2.05552e-05,0.000102776,0
14945.0,14950.0,14947.5,2.17659e-05,0.0001088295,0
14955.0,14960.0,14957.5,3.90624e-05,0.000195312,0
14960.0,14965.0,14962.5,9.66184e-06,4.83092e-05,0
14965.0,14970.0,14967.5,3.014476e-05,0.0001507238,0
14970.0,14975.0,14972.5,2.03129e-05,0.0001015645,0
14975.0,14980.0,14977.5,2.05552e-05,0.000102776,0
14980.0,14985.0,14982.5,9.66184e-06,4.83092e-05,0
14990.0,14995.0,14992.5,2.997474e-05,0.0001498737,0
14995.0,15000.0,14997.5,1.954698e-05,9.77349e-05,0
15005.0,15010.0,15007.5,1.101322e-05,5.50661e-05,0
15010.0,15015.0,15012.5,2.075768e-05,0.0001037884,0
15015.0,15020.0,15017.5,9.9552e-06,4.9776e-05,0
15020.0,15025.0,15022.5,9.56022e-06,4.78011e-05,0
15025.0,15030.0,15027.5,1.0005e-05,5.0025e-05,0
15035.0,15040.0,15037.5,1.037344e-05,5.18672e-05,0
15040.0,15045.0,15042.5,9.66184e-06,4.83092e-05,0
15050.0,15055.0,15052.5,3.057844e-05,0.0001528922,0
15070.0,15075.0,15072.5,1.120448e-05,5.60224e-05,0
15080.0,15085.0,15082.5,1.075268e-05,5.37634e-05,0
15085.0,15090.0,15087.5,9.66184e-06,4.83092e-05,0
15090.0,15095.0,15092.5,1.993366e-05,9.96683e-05,0
15095.0,15100.0,15097.5,9.66184e-06,4.83092e-05,0
15100.0,15105.0,15102.5,2.001e-05,0.00010005,0
15110.0,15115.0,15112.5,2.112612e-05,0.0001056306,0
15120.0,15125.0,15122.5,1.922206e-05,9.61103e-05,0
15125.0,15130.0,15127.5,1.99602e-05,9.9801e-05,0
15130.0,15135.0,15132.5,4.462662e-05,0.0002231331,0
15140.0,15145.0,15142.5,1.951542e-05,9.75771e-05,0
15145.0,15150.0,15147.5,3.014388e-05,0.0001507194,0
15150.0,15155.0,15152.5,3.20314e-05,0.000160157,0
15155.0,15160.0,15157.5,2.022238e-05,0.0001011119,0
15160.0,15165.0,15162.5,2.950498e-05,0.0001475249,0
15170.0,15175.0,15172.5,9.56022e-06,4.78011e-05,0
15180.0,15185.0,15182.5,2.957726e-05,0.0001478863,0
15190.0,15195.0,15192.5,2.075768e-05,0.0001037884,0
15195.0,15200.0,15197.5,1.101322e-05,5.50661e-05,0
15205.0,15210.0,15207.5,3.108132e-05,0.0001554066,0
15210.0,15215.0,15212.5,9.56022e-06,4.78011e-05,0
15220.0,15225.0,15222.5,1.993366e-05,9.96683e-05,0
15230.0,15235.0,15232.5,1.120448e-05,5.60224e-05,0
15235.0,15240.0,15237.5,1.0005e-05,5.0025e-05,0
15240.0,15245.0,15242.5,1.101322e-05,5.50661e-05,0
15245.0,15250.0,15247.5,1.901168e-05,9.50584e-05,0
15250.0,15255.0,15252.5,1.949718e-05,9.74859e-05,0
15255.0,15260.0,15257.5,3.196216e-05,0.0001598108,0
15270.0,15275.0,15272.5,1.075268e-05,5.37634e-05,0
15275.0,15280.0,15277.5,9.4697e-06,4.73485e-05,0
15280.0,15285.0,15282.5,9.66184e-06,4.83092e-05,0
15285.0,15290.0,15287.5,2.138666e-05,0.0001069333,0
15290.0,15295.0,15292.5,3.113814e-05,0.0001556907,0
15295.0,15300.0,15297.5,9.54198e-06,4.77099e-05,0
15300.0,15305.0,15302.5,5.144476e-05,0.0002572238,0
15310.0,15315.0,15312.5,3.07697e-05,0.0001538485,0
15320.0,15325.0,15322.5,3.02681e-05,0.0001513405,0
15325.0,15330.0,15327.5,1.075268e-05,5.37634e-05,0
15335.0,15340.0,15337.5,1.0005e-05,5.0025e-05,0
15340.0,15345.0,15342.5,3.297038e-05,0.0001648519,0
15345.0,15350.0,15347.5,1.075268e-05,5.37634e-05,0
15350.0,15355.0,15352.5,1.120448e-05,5.60224e-05,0
15360.0,15365.0,15362.5,4.266508e-05,0.0002133254,0
15365.0,15370.0,15367.5,9.9552e-06,4.9776e-05,0
15370.0,15375.0,15372.5,3.139166e-05,0.0001569583,0
15375.0,15380.0,15377.5,9.54198e-06,4.77099e-05,0
15380.0,15385.0,15382.5,1.120448e-05,5.60224e-05,0
15385.0,15390.0,15387.5,1.037344e-05,5.18672e-05,0
15390.0,15395.0,15392.5,9.66184e-06,4.83092e-05,0
15400.0,15405.0,15402.5,2.17659e-05,0.0001088295,0
15405.0,15410.0,15407.5,9.56022e-06,4.78011e-05,0
15410.0,15415.0,15412.5,1.075268e-05,5.37634e-05,0
15420.0,15425.0,15422.5,1.037344e-05,5.18672e-05,0
15430.0,15435.0,15432.5,1.075268e-05,5.37634e-05,0
15445.0,15450.0,15447.5,3.011542e-05,0.0001505771,0
15450.0,15455.0,15452.5,2.07468e-05,0.000103734,0
15455.0,15460.0,15457.5,1.037344e-05,5.18672e-05,0
15470.0,15475.0,15472.5,9.56022e-06,4.78011e-05,0
15475.0,15480.0,15477.5,1.956522e-05,9.78261e-05,0
15485.0,15490.0,15487.5,2.22177e-05,0.0001110885,0
15500.0,15505.0,15502.5,2.112612e-05,0.0001056306,0
15510.0,15515.0,15512.5,2.120948e-05,0.0001060474,0
15515.0,15520.0,15517.5,1.120448e-05,5.60224e-05,0
15525.0,15530.0,15527.5,2.075768e-05,0.0001037884,0
15530.0,15535.0,15532.5,9.54198e-06,4.77099e-05,0
15540.0,15545.0,15542.5,2.115968e-05,0.0001057984,0
15545.0,15550.0,15547.5,3.041952e-05,0.0001520976,0
15550.0,15555.0,15552.5,9.9552e-06,4.9776e-05,0
15560.0,15565.0,15562.5,9.56022e-06,4.78011e-05,0
15565.0,15570.0,15567.5,1.037344e-05,5.18672e-05,0
15570.0,15575.0,15572.5,1.101322e-05,5.50661e-05,0
15580.0,15585.0,15582.5,1.101322e-05,5.50661e-05,0
15585.0,15590.0,15587.5,2.22177e-05,0.0001110885,0
15600.0,15605.0,15602.5,3.894032e-05,0.0001947016,0
15605.0,15610.0,15607.5,4.042452e-05,0.0002021226,0
15615.0,15620.0,15617.5,1.075268e-05,5.37634e-05,0
15620.0,15625.0,15622.5,3.132612e-05,0.0001566306,0
15625.0,15630.0,15627.5,1.075268e-05,5.37634e-05,0
15630.0,15635.0,15632.5,2.057344e-05,0.0001028672,0
15635.0,15640.0,15637.5,2.07647e-05,0.0001038235,0
15645.0,15650.0,15647.5,9.9552e-06,4.9776e-05,0
15650.0,15655.0,15652.5,2.138666e-05,0.0001069333,0
15655.0,15660.0,15657.5,9.4697e-06,4.73485e-05,0
15660.0,15665.0,15662.5,1.075268e-05,5.37634e-05,0
15665.0,15670.0,15667.5,1.075268e-05,5.37634e-05,0
15670.0,15675.0,15672.5,1.120448e-05,5.60224e-05,0
15675.0,15680.0,15677.5,2.07647e-05,0.0001038235,0
15680.0,15685.0,15682.5,2.022238e-05,0.0001011119,0
15685.0,15690.0,15687.5,9.54198e-06,4.77099e-05,0
15690.0,15695.0,15692.5,1.920382e-05,9.60191e-05,0
15695.0,15700.0,15697.5,2.157792e-05,0.0001078896,0
15700.0,15705.0,15702.5,2.067418e-05,0.0001033709,0
15715.0,15720.0,15717.5,9.66184e-06,4.83092e-05,0
15720.0,15725.0,15722.5,1.91022e-05,9.5511e-05,0
15725.0,15730.0,15727.5,2.115968e-05,0.0001057984,0
15730.0,15735.0,15732.5,1.956522e-05,9.78261e-05,0
15735.0,15740.0,15737.5,3.297038e-05,0.0001648519,0
15745.0,15750.0,15747.5,1.037344e-05,5.18672e-05,0
15750.0,15755.0,15752.5,3.23306e-05,0.000161653,0
15755.0,15760.0,15757.5,1.0005e-05,5.0025e-05,0
15760.0,15765.0,15762.5,1.037344e-05,5.18672e-05,0
15765.0,15770.0,15767.5,1.0005e-05,5.0025e-05,0
15770.0,15775.0,15772.5,3.259114e-05,0.0001629557,0
15775.0,15780.0,15777.5,3.121448e-05,0.0001560724,0
15785.0,15790.0,15787.5,1.120448e-05,5.60224e-05,0
15790.0,15795.0,15792.5,2.067506e-05,0.0001033753,0
15800.0,15805.0,15802.5,4.060872e-05,0.0002030436,0
15805.0,15810.0,15807.5,2.22177e-05,0.0001110885,0
15810.0,15815.0,15812.5,3.023528e-05,0.0001511764,0
15820.0,15825.0,15822.5,3.03179e-05,0.0001515895,0
15825.0,15830.0,15827.5,3.07697e-05,0.0001538485,0
15830.0,15835.0,15832.5,1.0005e-05,5.0025e-05,0
15845.0,15850.0,15847.5,1.101322e-05,5.50661e-05,0
15855.0,15860.0,15857.5,1.101322e-05,5.50661e-05,0
15865.0,15870.0,15867.5,9.66184e-06,4.83092e-05,0
15870.0,15875.0,15872.5,2.070788e-05,0.0001035394,0
15875.0,15880.0,15877.5,2.940336e-05,0.0001470168,0
15880.0,15885.0,15882.5,1.101322e-05,5.50661e-05,0
15885.0,15890.0,15887.5,9.54198e-06,4.77099e-05,0
15890.0,15895.0,15892.5,3.177792e-05,0.0001588896,0
15895.0,15900.0,15897.5,3.068634e-05,0.0001534317,0
15905.0,15910.0,15907.5,1.120448e-05,5.60224e-05,0
15910.0,15915.0,15912.5,9.54198e-06,4.77099e-05,0
15915.0,15920.0,15917.5,2.157792e-05,0.0001078896,0
15925.0,15930.0,15927.5,2.950218e-05,0.0001475109,0
15935.0,15940.0,15937.5,9.54198e-06,4.77099e-05,0
15945.0,15950.0,15947.5,1.101322e-05,5.50661e-05,0
15950.0,15955.0,15952.5,9.54198e-06,4.77099e-05,0
15955.0,15960.0,15957.5,2.07647e-05,0.0001038235,0
15960.0,15965.0,15962.5,1.075268e-05,5.37634e-05,0
15970.0,15975.0,15972.5,3.063026e-05,0.0001531513,0
15975.0,15980.0,15977.5,1.101322e-05,5.50661e-05,0
15980.0,15985.0,15982.5,9.54198e-06,4.77099e-05,0
15985.0,15990.0,15987.5,1.037344e-05,5.18672e-05,0
15990.0,15995.0,15992.5,1.101322e-05,5.50661e-05,0
15995.0,16000.0,15997.5,9.54198e-06,4.77099e-05,0
16000.0,16005.0,16002.5,1.120448e-05,5.60224e-05,0
16010.0,16015.0,16012.5,1.993366e-05,9.96683e-05,0
16025.0,16030.0,16027.5,9.66184e-06,4.83092e-05,0
16030.0,16035.0,16032.5,1.037344e-05,5.18672e-05,0
16040.0,16045.0,16042.5,2.074646e-05,0.0001037323,0
16045.0,16050.0,16047.5,2.057344e-05,0.0001028672,0
16050.0,16055.0,16052.5,2.048292e-05,0.0001024146,0
16055.0,16060.0,16057.5,1.99602e-05,9.9801e-05,0
16060.0,16065.0,16062.5,2.029466e-05,0.0001014733,0
16065.0,16070.0,16067.5,9.54198e-06,4.77099e-05,0
16070.0,16075.0,16072.5,1.075268e-05,5.37634e-05,0
16075.0,16080.0,16077.5,1.075268e-05,5.37634e-05,0
16080.0,16085.0,16082.5,9.56022e-06,4.78011e-05,0
16085.0,16090.0,16087.5,1.101322e-05,5.50661e-05,0
16090.0,16095.0,16092.5,2.997474e-05,0.0001498737,0
16095.0,16100.0,16097.5,1.0005e-05,5.0025e-05,0
16100.0,16105.0,16102.5,2.067418e-05,0.0001033709,0
16105.0,16110.0,16107.5,9.54198e-06,4.77099e-05,0
16110.0,16115.0,16112.5,9.9552e-06,4.9776e-05,0
16115.0,16120.0,16117.5,9.66184e-06,4.83092e-05,0
16120.0,16125.0,16122.5,2.15054e-05,0.000107527,0
16125.0,16130.0,16127.5,9.54198e-06,4.77099e-05,0
16130.0,16135.0,16132.5,1.0005e-05,5.0025e-05,0
16135.0,16140.0,16137.5,1.037344e-05,5.18672e-05,0
16140.0,16145.0,16142.5,9.9552e-06,4.9776e-05,0
16150.0,16155.0,16152.5,9.54198e-06,4.77099e-05,0
16155.0,16160.0,16157.5,1.101322e-05,5.50661e-05,0
16165.0,16170.0,16167.5,9.54198e-06,4.77099e-05,0
16170.0,16175.0,16172.5,5.314128e-05,0.0002657064,0
16175.0,16180.0,16177.5,1.101322e-05,5.50661e-05,0
16180.0,16185.0,16182.5,2.112612e-05,0.0001056306,0
16185.0,16190.0,16187.5,9.54198e-06,4.77099e-05,0
16195.0,16200.0,16197.5,1.949718e-05,9.74859e-05,0
16210.0,16215.0,16212.5,1.120448e-05,5.60224e-05,0
16215.0,16220.0,16217.5,1.961704e-05,9.80852e-05,0
16220.0,16225.0,16222.5,1.075268e-05,5.37634e-05,0
16225.0,16230.0,16227.5,9.56022e-06,4.78011e-05,0
16230.0,16235.0,16232.5,3.075146e-05,0.0001537573,0
16240.0,16245.0,16242.5,3.90126e-05,0.000195063,0
16245.0,16250.0,16247.5,1.966684e-05,9.83342e-05,0
16250.0,16255.0,16252.5,1.954698e-05,9.77349e-05,0
16255.0,16260.0,16257.5,2.112612e-05,0.0001056306,0
16260.0,16265.0,16262.5,1.037344e-05,5.18672e-05,0
16265.0,16270.0,16267.5,1.0005e-05,5.0025e-05,0
16270.0,16275.0,16272.5,9.66184e-06,4.83092e-05,0
16275.0,16280.0,16277.5,2.115968e-05,0.0001057984,0
16280.0,16285.0,16282.5,2.074646e-05,0.0001037323,0
16285.0,16290.0,16287.5,3.130788e-05,0.0001565394,0
16290.0,16295.0,16292.5,2.03129e-05,0.0001015645,0
16295.0,16300.0,16297.5,1.0005e-05,5.0025e-05,0
16305.0,16310.0,16307.5,9.54198e-06,4.77099e-05,0
16310.0,16315.0,16312.5,2.048292e-05,0.0001024146,0
16320.0,16325.0,16322.5,3.048792e-05,0.0001524396,0
16330.0,16335.0,16332.5,9.56022e-06,4.78011e-05,0
16335.0,16340.0,16337.5,5.007562e-05,0.0002503781,0
16340.0,16345.0,16342.5,1.037344e-05,5.18672e-05,0
16345.0,16350.0,16347.5,9.9552e-06,4.9776e-05,0
16350.0,16355.0,16352.5,3.102322e-05,0.0001551161,0
16355.0,16360.0,16357.5,2.17659e-05,0.0001088295,0
16360.0,16365.0,16362.5,3.059582e-05,0.0001529791,0
16365.0,16370.0,16367.5,2.057344e-05,0.0001028672,0
16370.0,16375.0,16372.5,2.022238e-05,0.0001011119,0
16390.0,16395.0,16392.5,2.866244e-05,0.0001433122,0
16395.0,16400.0,16397.5,1.993366e-05,9.96683e-05,0
16400.0,16405.0,16402.5,1.075268e-05,5.37634e-05,0
16405.0,16410.0,16407.5,9.66184e-06,4.83092e-05,0
16410.0,16415.0,16412.5,3.17211e-05,0.0001586055,0
16435.0,16440.0,16437.5,2.115968e-05,0.0001057984,0
16440.0,16445.0,16442.5,1.0005e-05,5.0025e-05,0
16445.0,16450.0,16447.5,3.149914e-05,0.0001574957,0
16450.0,16455.0,16452.5,9.54198e-06,4.77099e-05,0
16455.0,16460.0,16457.5,9.54198e-06,4.77099e-05,0
16465.0,16470.0,16467.5,1.101322e-05,5.50661e-05,0
16470.0,16475.0,16472.5,2.22177e-05,0.0001110885,0
16475.0,16480.0,16477.5,9.66184e-06,4.83092e-05,0
16495.0,16500.0,16497.5,9.66184e-06,4.83092e-05,0
16500.0,16505.0,16502.5,1.932368e-05,9.66184e-05,0
16505.0,16510.0,16507.5,2.05552e-05,0.000102776,0
16515.0,16520.0,16517.5,1.075268e-05,5.37634e-05,0
16520.0,16525.0,16522.5,1.0005e-05,5.0025e-05,0
16525.0,16530.0,16527.5,2.983664e-05,0.0001491832,0
16530.0,16535.0,16532.5,2.086632e-05,0.0001043316,0
16535.0,16540.0,16537.5,2.22177e-05,0.0001110885,0
16540.0,16545.0,16542.5,9.66184e-06,4.83092e-05,0
16555.0,16560.0,16557.5,1.037344e-05,5.18672e-05,0
16565.0,16570.0,16567.5,1.912046e-05,9.56023e-05,0
16570.0,16575.0,16572.5,9.9552e-06,4.9776e-05,0
16580.0,16585.0,16582.5,9.66184e-06,4.83092e-05,0
16585.0,16590.0,16587.5,9.9552e-06,4.9776e-05,0
16590.0,16595.0,16592.5,9.9552e-06,4.9776e-05,0
16595.0,16600.0,16597.5,2.983664e-05,0.0001491832,0
16600.0,16605.0,16602.5,1.037344e-05,5.18672e-05,0
16610.0,16615.0,16612.5,2.94299e-05,0.0001471495,0
16615.0,16620.0,16617.5,2.067506e-05,0.0001033753,0
16620.0,16625.0,16622.5,3.130788e-05,0.0001565394,0
16625.0,16630.0,16627.5,1.993366e-05,9.96683e-05,0
16640.0,16645.0,16642.5,1.037344e-05,5.18672e-05,0
16655.0,16660.0,16657.5,2.17659e-05,0.0001088295,0
16660.0,16665.0,16662.5,9.56022e-06,4.78011e-05,0
16675.0,16680.0,16677.5,2.003528e-05,0.0001001764,0
16685.0,16690.0,16687.5,1.956522e-05,9.78261e-05,0
16695.0,16700.0,16697.5,9.9552e-06,4.9776e-05,0
16715.0,16720.0,16717.5,9.56022e-06,4.78011e-05,0
16725.0,16730.0,16727.5,2.037844e-05,0.0001018922,0
16735.0,16740.0,16737.5,2.22177e-05,0.0001110885,0
16740.0,16745.0,16742.5,2.037844e-05,0.0001018922,0
16755.0,16760.0,16757.5,3.028384e-05,0.0001514192,0
16760.0,16765.0,16762.5,1.120448e-05,5.60224e-05,0
16765.0,16770.0,16767.5,3.168824e-05,0.0001584412,0
16775.0,16780.0,16777.5,1.101322e-05,5.50661e-05,0
16790.0,16795.0,16792.5,9.54198e-06,4.77099e-05,0
16795.0,16800.0,16797.5,9.66184e-06,4.83092e-05,0
16805.0,16810.0,16807.5,1.037344e-05,5.18672e-05,0
16815.0,16820.0,16817.5,1.075268e-05,5.37634e-05,0
16820.0,16825.0,16822.5,9.54198e-06,4.77099e-05,0
16835.0,16840.0,16837.5,1.037344e-05,5.18672e-05,0
16840.0,16845.0,16842.5,9.56022e-06,4.78011e-05,0
16845.0,16850.0,16847.5,9.56022e-06,4.78011e-05,0
16850.0,16855.0,16852.5,1.075268e-05,5.37634e-05,0
16860.0,16865.0,16862.5,1.120448e-05,5.60224e-05,0
16880.0,16885.0,16882.5,9.9552e-06,4.9776e-05,0
16885.0,16890.0,16887.5,9.9552e-06,4.9776e-05,0
16895.0,16900.0,16897.5,1.101322e-05,5.50661e-05,0
16910.0,16915.0,16912.5,2.138666e-05,0.0001069333,0
16915.0,16920.0,16917.5,2.057344e-05,0.0001028672,0
16920.0,16925.0,16922.5,4.066188e-05,0.0002033094,0
16925.0,16930.0,16927.5,3.187954e-05,0.0001593977,0
16930.0,16935.0,16932.5,9.56022e-06,4.78011e-05,0
16940.0,16945.0,16942.5,2.096842e-05,0.0001048421,0
16950.0,16955.0,16952.5,3.021704e-05,0.0001510852,0
16955.0,16960.0,16957.5,3.1619e-05,0.000158095,0
16960.0,16965.0,16962.5,1.0005e-05,5.0025e-05,0
16965.0,16970.0,16967.5,2.932868e-05,0.0001466434,0
16970.0,16975.0,16972.5,1.075268e-05,5.37634e-05,0
16975.0,16980.0,16977.5,1.075268e-05,5.37634e-05,0
16980.0,16985.0,16982.5,1.075268e-05,5.37634e-05,0
16990.0,16995.0,16992.5,9.66184e-06,4.83092e-05,0
16995.0,17000.0,16997.5,1.075268e-05,5.37634e-05,0
17000.0,17005.0,17002.5,9.66184e-06,4.83092e-05,0
17005.0,17010.0,17007.5,1.075268e-05,5.37634e-05,0
17010.0,17015.0,17012.5,2.17659e-05,0.0001088295,0
17025.0,17030.0,17027.5,2.15054e-05,0.000107527,0
17035.0,17040.0,17037.5,3.187954e-05,0.0001593977,0
17040.0,17045.0,17042.5,1.037344e-05,5.18672e-05,0
17050.0,17055.0,17052.5,3.278244e-05,0.0001639122,0
17055.0,17060.0,17057.5,9.66184e-06,4.83092e-05,0
17060.0,17065.0,17062.5,2.20264e-05,0.000110132,0
17065.0,17070.0,17067.5,9.4697e-06,4.73485e-05,0
17070.0,17075.0,17072.5,2.17659e-05,0.0001088295,0
17075.0,17080.0,17077.5,9.9552e-06,4.9776e-05,0
17080.0,17085.0,17082.5,1.075268e-05,5.37634e-05,0
17085.0,17090.0,17087.5,1.037344e-05,5.18672e-05,0
17095.0,17100.0,17097.5,1.037344e-05,5.18672e-05,0
17100.0,17105.0,17102.5,3.213934e-05,0.0001606967,0
17110.0,17115.0,17112.5,3.067918e-05,0.0001533959,0
17115.0,17120.0,17117.5,1.075268e-05,5.37634e-05,0
17120.0,17125.0,17122.5,2.157792e-05,0.0001078896,0
17125.0,17130.0,17127.5,9.4697e-06,4.73485e-05,0
17135.0,17140.0,17137.5,9.4697e-06,4.73485e-05,0
17145.0,17150.0,17147.5,9.66184e-06,4.83092e-05,0
17150.0,17155.0,17152.5,2.075768e-05,0.0001037884,0
17165.0,17170.0,17167.5,1.037344e-05,5.18672e-05,0
17180.0,17185.0,17182.5,1.922206e-05,9.61103e-05,0
17200.0,17205.0,17202.5,2.195716e-05,0.0001097858,0
17205.0,17210.0,17207.5,1.101322e-05,5.50661e-05,0
17215.0,17220.0,17217.5,9.9552e-06,4.9776e-05,0
17220.0,17225.0,17222.5,2.876404e-05,0.0001438202,0
17225.0,17230.0,17227.5,1.101322e-05,5.50661e-05,0
17230.0,17235.0,17232.5,1.075268e-05,5.37634e-05,0
17235.0,17240.0,17237.5,1.120448e-05,5.60224e-05,0
17240.0,17245.0,17242.5,1.120448e-05,5.60224e-05,0
17245.0,17250.0,17247.5,1.037344e-05,5.18672e-05,0
17260.0,17265.0,17262.5,9.54198e-06,4.77099e-05,0
17265.0,17270.0,17267.5,9.54198e-06,4.77099e-05,0
17270.0,17275.0,17272.5,1.075268e-05,5.37634e-05,0
17280.0,17285.0,17282.5,2.138666e-05,0.0001069333,0
17290.0,17295.0,17292.5,9.4697e-06,4.73485e-05,0
17300.0,17305.0,17302.5,1.075268e-05,5.37634e-05,0
17305.0,17310.0,17307.5,1.075268e-05,5.37634e-05,0
17310.0,17315.0,17312.5,1.075268e-05,5.37634e-05,0
17315.0,17320.0,17317.5,1.120448e-05,5.60224e-05,0
17320.0,17325.0,17322.5,3.097342e-05,0.0001548671,0
17325.0,17330.0,17327.5,3.15104e-05,0.000157552,0
17330.0,17335.0,17332.5,2.984814e-05,0.0001492407,0
17335.0,17340.0,17337.5,1.075268e-05,5.37634e-05,0
17345.0,17350.0,17347.5,1.101322e-05,5.50661e-05,0
17365.0,17370.0,17367.5,2.07647e-05,0.0001038235,0
17370.0,17375.0,17372.5,1.120448e-05,5.60224e-05,0
17375.0,17380.0,17377.5,2.138666e-05,0.0001069333,0
17380.0,17385.0,17382.5,1.101322e-05,5.50661e-05,0
17385.0,17390.0,17387.5,3.213934e-05,0.0001606967,0
17395.0,17400.0,17397.5,3.18787e-05,0.0001593935,0
17400.0,17405.0,17402.5,1.120448e-05,5.60224e-05,0
17410.0,17415.0,17412.5,3.944444e-05,0.0001972222,0
17425.0,17430.0,17427.5,1.120448e-05,5.60224e-05,0
17435.0,17440.0,17437.5,5.416902e-05,0.0002708451,0
17440.0,17445.0,17442.5,9.54198e-06,4.77099e-05,0
17450.0,17455.0,17452.5,9.66184e-06,4.83092e-05,0
17455.0,17460.0,17457.5,9.4697e-06,4.73485e-05,0
17460.0,17465.0,17462.5,1.101322e-05,5.50661e-05,0
17470.0,17475.0,17472.5,2.157792e-05,0.0001078896,0
17475.0,17480.0,17477.5,1.120448e-05,5.60224e-05,0
17480.0,17485.0,17482.5,1.120448e-05,5.60224e-05,0
17485.0,17490.0,17487.5,1.0005e-05,5.0025e-05,0
17505.0,17510.0,17507.5,1.120448e-05,5.60224e-05,0
17525.0,17530.0,17527.5,9.56022e-06,4.78011e-05,0
17530.0,17535.0,17532.5,1.037344e-05,5.18672e-05,0
17535.0,17540.0,17537.5,1.120448e-05,5.60224e-05,0
17540.0,17545.0,17542.5,2.075768e-05,0.0001037884,0
17545.0,17550.0,17547.5,1.101322e-05,5.50661e-05,0
17555.0,17560.0,17557.5,1.120448e-05,5.60224e-05,0
17575.0,17580.0,17577.5,9.9552e-06,4.9776e-05,0
17580.0,17585.0,17582.5,1.101322e-05,5.50661e-05,0
17585.0,17590.0,17587.5,1.120448e-05,5.60224e-05,0
17590.0,17595.0,17592.5,9.4697e-06,4.73485e-05,0
17605.0,17610.0,17607.5,1.120448e-05,5.60224e-05,0
17610.0,17615.0,17612.5,2.2409e-05,0.000112045,0
17615.0,17620.0,17617.5,1.101322e-05,5.50661e-05,0
17625.0,17630.0,17627.5,9.56022e-06,4.78011e-05,0
17630.0,17635.0,17632.5,9.9552e-06,4.9776e-05,0
17635.0,17640.0,17637.5,2.17659e-05,0.0001088295,0
17640.0,17645.0,17642.5,1.101322e-05,5.50661e-05,0
17645.0,17650.0,17647.5,2.07468e-05,0.000103734,0
17655.0,17660.0,17657.5,1.101322e-05,5.50661e-05,0
17660.0,17665.0,17662.5,1.075268e-05,5.37634e-05,0
17665.0,17670.0,17667.5,1.120448e-05,5.60224e-05,0
17670.0,17675.0,17672.5,1.984314e-05,9.92157e-05,0
17680.0,17685.0,17682.5,9.4697e-06,4.73485e-05,0
17690.0,17695.0,17692.5,1.037344e-05,5.18672e-05,0
17695.0,17700.0,17697.5,1.120448e-05,5.60224e-05,0
17705.0,17710.0,17707.5,2.07647e-05,0.0001038235,0
17715.0,17720.0,17717.5,2.2409e-05,0.000112045,0
17725.0,17730.0,17727.5,2.03129e-05,0.0001015645,0
17730.0,17735.0,17732.5,1.120448e-05,5.60224e-05,0
17735.0,17740.0,17737.5,2.195716e-05,0.0001097858,0
17740.0,17745.0,17742.5,1.120448e-05,5.60224e-05,0
17760.0,17765.0,17762.5,3.21729e-05,0.0001608645,0
17765.0,17770.0,17767.5,1.120448e-05,5.60224e-05,0
17770.0,17775.0,17772.5,1.0005e-05,5.0025e-05,0
17775.0,17780.0,17777.5,2.07647e-05,0.0001038235,0
17785.0,17790.0,17787.5,1.101322e-05,5.50661e-05,0
17790.0,17795.0,17792.5,1.89394e-05,9.4697e-05,0
17795.0,17800.0,17797.5,1.075268e-05,5.37634e-05,0
17800.0,17805.0,17802.5,1.101322e-05,5.50661e-05,0
17810.0,17815.0,17812.5,1.120448e-05,5.60224e-05,0
17825.0,17830.0,17827.5,9.9552e-06,4.9776e-05,0
17830.0,17835.0,17832.5,1.120448e-05,5.60224e-05,0
17835.0,17840.0,17837.5,1.120448e-05,5.60224e-05,0
17845.0,17850.0,17847.5,1.99602e-05,9.9801e-05,0
17855.0,17860.0,17857.5,1.120448e-05,5.60224e-05,0
17860.0,17865.0,17862.5,3.23642e-05,0.000161821,0
17865.0,17870.0,17867.5,2.2409e-05,0.000112045,0
17870.0,17875.0,17872.5,9.66184e-06,4.83092e-05,0
17875.0,17880.0,17877.5,2.195716e-05,0.0001097858,0
17880.0,17885.0,17882.5,2.157792e-05,0.0001078896,0
17890.0,17895.0,17892.5,1.037344e-05,5.18672e-05,0
17915.0,17920.0,17917.5,1.101322e-05,5.50661e-05,0
17920.0,17925.0,17922.5,9.66184e-06,4.83092e-05,0
17925.0,17930.0,17927.5,9.9552e-06,4.9776e-05,0
17930.0,17935.0,17932.5,2.057344e-05,0.0001028672,0
17935.0,17940.0,17937.5,1.0005e-05,5.0025e-05,0
17940.0,17945.0,17942.5,1.101322e-05,5.50661e-05,0
17945.0,17950.0,17947.5,2.070788e-05,0.0001035394,0
17950.0,17955.0,17952.5,3.142686e-05,0.0001571343,0
17955.0,17960.0,17957.5,3.2414e-05,0.00016207,0
17960.0,17965.0,17962.5,1.120448e-05,5.60224e-05,0
17965.0,17970.0,17967.5,2.022238e-05,0.0001011119,0
17970.0,17975.0,17972.5,3.09751e-05,0.0001548755,0
17975.0,17980.0,17977.5,3.158292e-05,0.0001579146,0
17985.0,17990.0,17987.5,5.328332e-05,0.0002664166,0
17990.0,17995.0,17992.5,1.101322e-05,5.50661e-05,0
17995.0,18000.0,17997.5,3.30396e-05,0.000165198,0
18005.0,18010.0,18007.5,2.048292e-05,0.0001024146,0
18010.0,18015.0,18012.5,2.195716e-05,0.0001097858,0
18015.0,18020.0,18017.5,2.157792e-05,0.0001078896,0
18030.0,18035.0,18032.5,9.66184e-06,4.83092e-05,0
18035.0,18040.0,18037.5,1.120448e-05,5.60224e-05,0
18045.0,18050.0,18047.5,3.196922e-05,0.0001598461,0
18050.0,18055.0,18052.5,9.66184e-06,4.83092e-05,0
18060.0,18065.0,18062.5,4.353512e-05,0.0002176756,0
18070.0,18075.0,18072.5,2.20264e-05,0.000110132,0
18075.0,18080.0,18077.5,2.992042e-05,0.0001496021,0
18080.0,18085.0,18082.5,1.120448e-05,5.60224e-05,0
18085.0,18090.0,18087.5,3.134186e-05,0.0001567093,0
18105.0,18110.0,18107.5,2.157792e-05,0.0001078896,0
18110.0,18115.0,18112.5,1.101322e-05,5.50661e-05,0
18115.0,18120.0,18117.5,1.120448e-05,5.60224e-05,0
18120.0,18125.0,18122.5,9.56022e-06,4.78011e-05,0
18125.0,18130.0,18127.5,1.101322e-05,5.50661e-05,0
18130.0,18135.0,18132.5,1.101322e-05,5.50661e-05,0
18150.0,18155.0,18152.5,2.22177e-05,0.0001110885,0
18155.0,18160.0,18157.5,1.075268e-05,5.37634e-05,0
18160.0,18165.0,18162.5,1.075268e-05,5.37634e-05,0
18180.0,18185.0,18182.5,2.138666e-05,0.0001069333,0
18185.0,18190.0,18187.5,2.057344e-05,0.0001028672,0
18200.0,18205.0,18202.5,3.213934e-05,0.0001606967,0
18205.0,18210.0,18207.5,3.17709e-05,0.0001588545,0
18215.0,18220.0,18217.5,1.075268e-05,5.37634e-05,0
18220.0,18225.0,18222.5,1.037344e-05,5.18672e-05,0
18230.0,18235.0,18232.5,9.4697e-06,4.73485e-05,0
18235.0,18240.0,18237.5,3.082152e-05,0.0001541076,0
18240.0,18245.0,18242.5,1.120448e-05,5.60224e-05,0
18245.0,18250.0,18247.5,1.991542e-05,9.95771e-05,0
18270.0,18275.0,18272.5,2.05552e-05,0.000102776,0
18275.0,18280.0,18277.5,9.56022e-06,4.78011e-05,0
18280.0,18285.0,18282.5,2.20264e-05,0.000110132,0
18295.0,18300.0,18297.5,9.54198e-06,4.77099e-05,0
18300.0,18305.0,18302.5,2.041452e-05,0.0001020726,0
18305.0,18310.0,18307.5,2.138666e-05,0.0001069333,0
18315.0,18320.0,18317.5,9.9552e-06,4.9776e-05,0
18320.0,18325.0,18322.5,9.66184e-06,4.83092e-05,0
18325.0,18330.0,18327.5,9.56022e-06,4.78011e-05,0
18330.0,18335.0,18332.5,2.07468e-05,0.000103734,0
18335.0,18340.0,18337.5,1.0005e-05,5.0025e-05,0
18340.0,18345.0,18342.5,1.120448e-05,5.60224e-05,0
18345.0,18350.0,18347.5,9.56022e-06,4.78011e-05,0
18350.0,18355.0,18352.5,1.075268e-05,5.37634e-05,0
18375.0,18380.0,18377.5,1.101322e-05,5.50661e-05,0
18380.0,18385.0,18382.5,1.101322e-05,5.50661e-05,0
18385.0,18390.0,18387.5,1.075268e-05,5.37634e-05,0
18390.0,18395.0,18392.5,9.4697e-06,4.73485e-05,0
18410.0,18415.0,18412.5,4.334382e-05,0.0002167191,0
18420.0,18425.0,18422.5,2.157792e-05,0.0001078896,0
18430.0,18435.0,18432.5,1.120448e-05,5.60224e-05,0
18440.0,18445.0,18442.5,1.101322e-05,5.50661e-05,0
18450.0,18455.0,18452.5,2.138666e-05,0.0001069333,0
18460.0,18465.0,18462.5,1.037344e-05,5.18672e-05,0
18465.0,18470.0,18467.5,1.075268e-05,5.37634e-05,0
18480.0,18485.0,18482.5,1.075268e-05,5.37634e-05,0
18490.0,18495.0,18492.5,9.9552e-06,4.9776e-05,0
18520.0,18525.0,18522.5,1.0005e-05,5.0025e-05,0
18540.0,18545.0,18542.5,1.037344e-05,5.18672e-05,0
18545.0,18550.0,18547.5,9.9552e-06,4.9776e-05,0
18550.0,18555.0,18552.5,9.56022e-06,4.78011e-05,0
18555.0,18560.0,18557.5,9.54198e-06,4.77099e-05,0
18560.0,18565.0,18562.5,2.07468e-05,0.000103734,0
18565.0,18570.0,18567.5,9.9552e-06,4.9776e-05,0
18575.0,18580.0,18577.5,1.037344e-05,5.18672e-05,0
18580.0,18585.0,18582.5,9.9552e-06,4.9776e-05,0
18585.0,18590.0,18587.5,1.101322e-05,5.50661e-05,0
18590.0,18595.0,18592.5,1.075268e-05,5.37634e-05,0
18595.0,18600.0,18597.5,2.17659e-05,0.0001088295,0
18620.0,18625.0,18622.5,9.9552e-06,4.9776e-05,0
18625.0,18630.0,18627.5,1.037344e-05,5.18672e-05,0
18640.0,18645.0,18642.5,1.037344e-05,5.18672e-05,0
18650.0,18655.0,18652.5,1.075268e-05,5.37634e-05,0
18655.0,18660.0,18657.5,1.101322e-05,5.50661e-05,0
18665.0,18670.0,18667.5,1.075268e-05,5.37634e-05,0
18680.0,18685.0,18682.5,2.032864e-05,0.0001016432,0
18695.0,18700.0,18697.5,2.096842e-05,0.0001048421,0
18700.0,18705.0,18702.5,1.120448e-05,5.60224e-05,0
18710.0,18715.0,18712.5,1.984314e-05,9.92157e-05,0
18725.0,18730.0,18727.5,1.075268e-05,5.37634e-05,0
18745.0,18750.0,18747.5,1.075268e-05,5.37634e-05,0
18750.0,18755.0,18752.5,1.037344e-05,5.18672e-05,0
18755.0,18760.0,18757.5,2.195716e-05,0.0001097858,0
18760.0,18765.0,18762.5,3.191236e-05,0.0001595618,0
18765.0,18770.0,18767.5,2.001e-05,0.00010005,0
18775.0,18780.0,18777.5,1.120448e-05,5.60224e-05,0
18780.0,18785.0,18782.5,1.0005e-05,5.0025e-05,0
18785.0,18790.0,18787.5,9.56022e-06,4.78011e-05,0
18810.0,18815.0,18812.5,2.22177e-05,0.0001110885,0
18815.0,18820.0,18817.5,1.120448e-05,5.60224e-05,0
18820.0,18825.0,18822.5,1.075268e-05,5.37634e-05,0
18825.0,18830.0,18827.5,1.075268e-05,5.37634e-05,0
18835.0,18840.0,18837.5,9.56022e-06,4.78011e-05,0
18870.0,18875.0,18872.5,1.0005e-05,5.0025e-05,0
18875.0,18880.0,18877.5,9.54198e-06,4.77099e-05,0
18880.0,18885.0,18882.5,2.2409e-05,0.000112045,0
18900.0,18905.0,18902.5,2.2409e-05,0.000112045,0
18905.0,18910.0,18907.5,1.120448e-05,5.60224e-05,0
18915.0,18920.0,18917.5,3.23306e-05,0.000161653,0
18925.0,18930.0,18927.5,1.101322e-05,5.50661e-05,0
18930.0,18935.0,18932.5,1.101322e-05,5.50661e-05,0
18940.0,18945.0,18942.5,9.4697e-06,4.73485e-05,0
18955.0,18960.0,18957.5,1.94747e-05,9.73735e-05,0
18965.0,18970.0,18967.5,2.115968e-05,0.0001057984,0
18970.0,18975.0,18972.5,1.101322e-05,5.50661e-05,0
18980.0,18985.0,18982.5,1.037344e-05,5.18672e-05,0
18985.0,18990.0,18987.5,9.9552e-06,4.9776e-05,0
18990.0,18995.0,18992.5,3.092864e-05,0.0001546432,0
18995.0,19000.0,18997.5,1.075268e-05,5.37634e-05,0
19005.0,19010.0,19007.5,3.20314e-05,0.000160157,0
19010.0,19015.0,19012.5,1.101322e-05,5.50661e-05,0
19020.0,19025.0,19022.5,2.94939e-05,0.0001474695,0
19040.0,19045.0,19042.5,1.993366e-05,9.96683e-05,0
19050.0,19055.0,19052.5,1.966684e-05,9.83342e-05,0
19060.0,19065.0,19062.5,1.037344e-05,5.18672e-05,0
19080.0,19085.0,19082.5,9.66184e-06,4.83092e-05,0
19085.0,19090.0,19087.5,1.075268e-05,5.37634e-05,0
19090.0,19095.0,19092.5,2.115968e-05,0.0001057984,0
19095.0,19100.0,19097.5,1.120448e-05,5.60224e-05,0
19130.0,19135.0,19132.5,1.075268e-05,5.37634e-05,0
19140.0,19145.0,19142.5,1.075268e-05,5.37634e-05,0
19145.0,19150.0,19147.5,1.101322e-05,5.50661e-05,0
19150.0,19155.0,19152.5,1.94249e-05,9.71245e-05,0
19155.0,19160.0,19157.5,1.120448e-05,5.60224e-05,0
19175.0,19180.0,19177.5,2.112612e-05,0.0001056306,0
19180.0,19185.0,19182.5,1.037344e-05,5.18672e-05,0
19185.0,19190.0,19187.5,1.993366e-05,9.96683e-05,0
19190.0,19195.0,19192.5,1.120448e-05,5.60224e-05,0
19200.0,19205.0,19202.5,9.56022e-06,4.78011e-05,0
19210.0,19215.0,19212.5,9.9552e-06,4.9776e-05,0
19215.0,19220.0,19217.5,1.0005e-05,5.0025e-05,0
19235.0,19240.0,19237.5,1.075268e-05,5.37634e-05,0
19260.0,19265.0,19262.5,1.94747e-05,9.73735e-05,0
19265.0,19270.0,19267.5,1.075268e-05,5.37634e-05,0
19290.0,19295.0,19292.5,1.912046e-05,9.56023e-05,0
19295.0,19300.0,19297.5,1.0005e-05,5.0025e-05,0
19320.0,19325.0,19322.5,2.115968e-05,0.0001057984,0
19325.0,19330.0,19327.5,1.0005e-05,5.0025e-05,0
19350.0,19355.0,19352.5,1.101322e-05,5.50661e-05,0
19360.0,19365.0,19362.5,2.032864e-05,0.0001016432,0
19375.0,19380.0,19377.5,9.56022e-06,4.78011e-05,0
19410.0,19415.0,19412.5,2.032864e-05,0.0001016432,0
19425.0,19430.0,19427.5,2.17659e-05,0.0001088295,0
19445.0,19450.0,19447.5,1.120448e-05,5.60224e-05,0
19455.0,19460.0,19457.5,1.075268e-05,5.37634e-05,0
19460.0,19465.0,19462.5,1.101322e-05,5.50661e-05,0
19465.0,19470.0,19467.5,1.120448e-05,5.60224e-05,0
19475.0,19480.0,19477.5,3.213934e-05,0.0001606967,0
19485.0,19490.0,19487.5,2.138666e-05,0.0001069333,0
19490.0,19495.0,19492.5,9.9552e-06,4.9776e-05,0
19495.0,19500.0,19497.5,1.120448e-05,5.60224e-05,0
19500.0,19505.0,19502.5,1.120448e-05,5.60224e-05,0
19510.0,19515.0,19512.5,2.195716e-05,0.0001097858,0
19515.0,19520.0,19517.5,1.101322e-05,5.50661e-05,0
19520.0,19525.0,19522.5,1.037344e-05,5.18672e-05,0
19535.0,19540.0,19537.5,1.120448e-05,5.60224e-05,0
19540.0,19545.0,19542.5,1.037344e-05,5.18672e-05,0
19550.0,19555.0,19552.5,9.56022e-06,4.78011e-05,0
19555.0,19560.0,19557.5,9.4697e-06,4.73485e-05,0
19565.0,19570.0,19567.5,1.037344e-05,5.18672e-05,0
19580.0,19585.0,19582.5,1.075268e-05,5.37634e-05,0
19585.0,19590.0,19587.5,1.075268e-05,5.37634e-05,0
19590.0,19595.0,19592.5,1.0005e-05,5.0025e-05,0
19595.0,19600.0,19597.5,1.075268e-05,5.37634e-05,0
19600.0,19605.0,19602.5,9.9552e-06,4.9776e-05,0
19605.0,19610.0,19607.5,1.037344e-05,5.18672e-05,0
19620.0,19625.0,19622.5,2.07468e-05,0.000103734,0
19625.0,19630.0,19627.5,1.037344e-05,5.18672e-05,0
19635.0,19640.0,19637.5,1.120448e-05,5.60224e-05,0
19655.0,19660.0,19657.5,9.9552e-06,4.9776e-05,0
19660.0,19665.0,19662.5,1.120448e-05,5.60224e-05,0
19665.0,19670.0,19667.5,2.074646e-05,0.0001037323,0
19680.0,19685.0,19682.5,9.4697e-06,4.73485e-05,0
19685.0,19690.0,19687.5,1.037344e-05,5.18672e-05,0
19690.0,19695.0,19692.5,1.075268e-05,5.37634e-05,0
19700.0,19705.0,19702.5,1.037344e-05,5.18672e-05,0
19710.0,19715.0,19712.5,2.07647e-05,0.0001038235,0
19720.0,19725.0,19722.5,3.297038e-05,0.0001648519,0
19725.0,19730.0,19727.5,1.120448e-05,5.60224e-05,0
19735.0,19740.0,19737.5,3.11204e-05,0.000155602,0
19740.0,19745.0,19742.5,1.120448e-05,5.60224e-05,0
19755.0,19760.0,19757.5,9.9552e-06,4.9776e-05,0
19770.0,19775.0,19772.5,2.195716e-05,0.0001097858,0
19795.0,19800.0,19797.5,1.075268e-05,5.37634e-05,0
19805.0,19810.0,19807.5,1.984314e-05,9.92157e-05,0
19820.0,19825.0,19822.5,1.961704e-05,9.80852e-05,0
19825.0,19830.0,19827.5,9.9552e-06,4.9776e-05,0
19830.0,19835.0,19832.5,1.075268e-05,5.37634e-05,0
19850.0,19855.0,19852.5,9.56022e-06,4.78011e-05,0
19865.0,19870.0,19867.5,1.120448e-05,5.60224e-05,0
19880.0,19885.0,19882.5,2.15054e-05,0.000107527,0
19885.0,19890.0,19887.5,1.101322e-05,5.50661e-05,0
19890.0,19895.0,19892.5,1.120448e-05,5.60224e-05,0
19895.0,19900.0,19897.5,1.037344e-05,5.18672e-05,0
19905.0,19910.0,19907.5,1.037344e-05,5.18672e-05,0
19920.0,19925.0,19922.5,1.120448e-05,5.60224e-05,0
19925.0,19930.0,19927.5,1.037344e-05,5.18672e-05,0
19930.0,19935.0,19932.5,9.9552e-06,4.9776e-05,0
19965.0,19970.0,19967.5,9.66184e-06,4.83092e-05,0
19970.0,19975.0,19972.5,1.101322e-05,5.50661e-05,0
19975.0,19980.0,19977.5,1.101322e-05,5.50661e-05,0
19985.0,19990.0,19987.5,3.142774e-05,0.0001571387,0
20015.0,20020.0,20017.5,1.037344e-05,5.18672e-05,0
20025.0,20030.0,20027.5,1.0005e-05,5.0025e-05,0
20035.0,20040.0,20037.5,9.54198e-06,4.77099e-05,0
20040.0,20045.0,20042.5,1.120448e-05,5.60224e-05,0
20045.0,20050.0,20047.5,1.101322e-05,5.50661e-05,0
20075.0,20080.0,20077.5,1.075268e-05,5.37634e-05,0
20080.0,20085.0,20082.5,9.54198e-06,4.77099e-05,0
20085.0,20090.0,20087.5,1.037344e-05,5.18672e-05,0
20105.0,20110.0,20107.5,1.120448e-05,5.60224e-05,0
20120.0,20125.0,20122.5,9.54198e-06,4.77099e-05,0
20125.0,20130.0,20127.5,1.120448e-05,5.60224e-05,0
20130.0,20135.0,20132.5,1.037344e-05,5.18672e-05,0
20190.0,20195.0,20192.5,2.041452e-05,0.0001020726,0
20200.0,20205.0,20202.5,1.101322e-05,5.50661e-05,0
20210.0,20215.0,20212.5,1.120448e-05,5.60224e-05,0
20215.0,20220.0,20217.5,9.56022e-06,4.78011e-05,0
20225.0,20230.0,20227.5,1.037344e-05,5.18672e-05,0
20255.0,20260.0,20257.5,9.56022e-06,4.78011e-05,0
20260.0,20265.0,20262.5,2.029466e-05,0.0001014733,0
20280.0,20285.0,20282.5,1.120448e-05,5.60224e-05,0
20290.0,20295.0,20292.5,1.075268e-05,5.37634e-05,0
20310.0,20315.0,20312.5,1.0005e-05,5.0025e-05,0
20320.0,20325.0,20322.5,2.157792e-05,0.0001078896,0
20330.0,20335.0,20332.5,9.9552e-06,4.9776e-05,0
20340.0,20345.0,20342.5,1.101322e-05,5.50661e-05,0
20345.0,20350.0,20347.5,1.075268e-05,5.37634e-05,0
20355.0,20360.0,20357.5,1.0005e-05,5.0025e-05,0
20360.0,20365.0,20362.5,2.195716e-05,0.0001097858,0
20365.0,20370.0,20367.5,9.9552e-06,4.9776e-05,0
20375.0,20380.0,20377.5,1.037344e-05,5.18672e-05,0
20380.0,20385.0,20382.5,1.037344e-05,5.18672e-05,0
20385.0,20390.0,20387.5,2.029466e-05,0.0001014733,0
20400.0,20405.0,20402.5,9.66184e-06,4.83092e-05,0
20405.0,20410.0,20407.5,1.913154e-05,9.56577e-05,0
20410.0,20415.0,20412.5,1.075268e-05,5.37634e-05,0
20425.0,20430.0,20427.5,1.120448e-05,5.60224e-05,0
20430.0,20435.0,20432.5,9.54198e-06,4.77099e-05,0
20440.0,20445.0,20442.5,9.9552e-06,4.9776e-05,0
20445.0,20450.0,20447.5,9.54198e-06,4.77099e-05,0
20450.0,20455.0,20452.5,1.120448e-05,5.60224e-05,0
20455.0,20460.0,20457.5,3.21729e-05,0.0001608645,0
20475.0,20480.0,20477.5,1.075268e-05,5.37634e-05,0
20485.0,20490.0,20487.5,1.94249e-05,9.71245e-05,0
20490.0,20495.0,20492.5,9.4697e-06,4.73485e-05,0
20505.0,20510.0,20507.5,9.9552e-06,4.9776e-05,0
20510.0,20515.0,20512.5,9.4697e-06,4.73485e-05,0
20525.0,20530.0,20527.5,1.0005e-05,5.0025e-05,0
20540.0,20545.0,20542.5,2.086632e-05,0.0001043316,0
20550.0,20555.0,20552.5,9.54198e-06,4.77099e-05,0
20560.0,20565.0,20562.5,1.101322e-05,5.50661e-05,0
20570.0,20575.0,20572.5,1.101322e-05,5.50661e-05,0
20580.0,20585.0,20582.5,1.120448e-05,5.60224e-05,0
20590.0,20595.0,20592.5,1.120448e-05,5.60224e-05,0
20595.0,20600.0,20597.5,3.177792e-05,0.0001588896,0
20630.0,20635.0,20632.5,9.56022e-06,4.78011e-05,0
20645.0,20650.0,20647.5,2.074646e-05,0.0001037323,0
20655.0,20660.0,20657.5,9.9552e-06,4.9776e-05,0
20665.0,20670.0,20667.5,2.057344e-05,0.0001028672,0
20675.0,20680.0,20677.5,2.157792e-05,0.0001078896,0
20695.0,20700.0,20697.5,9.9552e-06,4.9776e-05,0
20705.0,20710.0,20707.5,1.075268e-05,5.37634e-05,0
20720.0,20725.0,20722.5,1.075268e-05,5.37634e-05,0
20740.0,20745.0,20742.5,1.120448e-05,5.60224e-05,0
20790.0,20795.0,20792.5,1.120448e-05,5.60224e-05,0
20810.0,20815.0,20812.5,1.037344e-05,5.18672e-05,0
20815.0,20820.0,20817.5,2.157792e-05,0.0001078896,0
20825.0,20830.0,20827.5,2.22177e-05,0.0001110885,0
20830.0,20835.0,20832.5,9.54198e-06,4.77099e-05,0
20845.0,20850.0,20847.5,1.037344e-05,5.18672e-05,0
20855.0,20860.0,20857.5,2.112612e-05,0.0001056306,0
20880.0,20885.0,20882.5,2.157792e-05,0.0001078896,0
20910.0,20915.0,20912.5,1.101322e-05,5.50661e-05,0
20920.0,20925.0,20922.5,9.9552e-06,4.9776e-05,0
20955.0,20960.0,20957.5,1.120448e-05,5.60224e-05,0
20965.0,20970.0,20967.5,9.54198e-06,4.77099e-05,0
20980.0,20985.0,20982.5,1.120448e-05,5.60224e-05,0
21050.0,21055.0,21052.5,1.075268e-05,5.37634e-05,0
21055.0,21060.0,21057.5,1.120448e-05,5.60224e-05,0
21070.0,21075.0,21072.5,9.9552e-06,4.9776e-05,0
21120.0,21125.0,21122.5,1.101322e-05,5.50661e-05,0
21140.0,21145.0,21142.5,1.0005e-05,5.0025e-05,0
21145.0,21150.0,21147.5,1.120448e-05,5.60224e-05,0
21155.0,21160.0,21157.5,1.075268e-05,5.37634e-05,0
21160.0,21165.0,21162.5,1.037344e-05,5.18672e-05,0
21175.0,21180.0,21177.5,9.66184e-06,4.83092e-05,0
21185.0,21190.0,21187.5,9.9552e-06,4.9776e-05,0
21200.0,21205.0,21202.5,9.9552e-06,4.9776e-05,0
21205.0,21210.0,21207.5,9.56022e-06,4.78011e-05,0
21215.0,21220.0,21217.5,9.9552e-06,4.9776e-05,0
21225.0,21230.0,21227.5,1.101322e-05,5.50661e-05,0
21250.0,21255.0,21252.5,9.54198e-06,4.77099e-05,0
21265.0,21270.0,21267.5,1.075268e-05,5.37634e-05,0
21270.0,21275.0,21272.5,2.120948e-05,0.0001060474,0
21280.0,21285.0,21282.5,9.9552e-06,4.9776e-05,0
21300.0,21305.0,21302.5,1.951542e-05,9.75771e-05,0
21305.0,21310.0,21307.5,9.4697e-06,4.73485e-05,0
21310.0,21315.0,21312.5,2.112612e-05,0.0001056306,0
21330.0,21335.0,21332.5,2.120948e-05,0.0001060474,0
21365.0,21370.0,21367.5,1.120448e-05,5.60224e-05,0
21380.0,21385.0,21382.5,1.0005e-05,5.0025e-05,0
21385.0,21390.0,21387.5,1.101322e-05,5.50661e-05,0
21390.0,21395.0,21392.5,1.037344e-05,5.18672e-05,0
21395.0,21400.0,21397.5,9.66184e-06,4.83092e-05,0
21470.0,21475.0,21472.5,1.0005e-05,5.0025e-05,0
21485.0,21490.0,21487.5,1.101322e-05,5.50661e-05,0
21495.0,21500.0,21497.5,2.041452e-05,0.0001020726,0
21505.0,21510.0,21507.5,9.54198e-06,4.77099e-05,0
21510.0,21515.0,21512.5,1.120448e-05,5.60224e-05,0
21515.0,21520.0,21517.5,2.138666e-05,0.0001069333,0
21520.0,21525.0,21522.5,9.9552e-06,4.9776e-05,0
21535.0,21540.0,21537.5,1.037344e-05,5.18672e-05,0
21540.0,21545.0,21542.5,9.54198e-06,4.77099e-05,0
21545.0,21550.0,21547.5,9.9552e-06,4.9776e-05,0
21550.0,21555.0,21552.5,1.991542e-05,9.95771e-05,0
21570.0,21575.0,21572.5,9.54198e-06,4.77099e-05,0
21585.0,21590.0,21587.5,1.101322e-05,5.50661e-05,0
21600.0,21605.0,21602.5,9.9552e-06,4.9776e-05,0
21610.0,21615.0,21612.5,9.9552e-06,4.9776e-05,0
21615.0,21620.0,21617.5,9.9552e-06,4.9776e-05,0
21620.0,21625.0,21622.5,2.115968e-05,0.0001057984,0
21635.0,21640.0,21637.5,1.101322e-05,5.50661e-05,0
21645.0,21650.0,21647.5,1.961704e-05,9.80852e-05,0
21680.0,21685.0,21682.5,2.032864e-05,0.0001016432,0
21690.0,21695.0,21692.5,1.120448e-05,5.60224e-05,0
21695.0,21700.0,21697.5,9.4697e-06,4.73485e-05,0
21710.0,21715.0,21712.5,2.101822e-05,0.0001050911,0
21725.0,21730.0,21727.5,1.075268e-05,5.37634e-05,0
21745.0,21750.0,21747.5,1.101322e-05,5.50661e-05,0
21765.0,21770.0,21767.5,9.56022e-06,4.78011e-05,0
21770.0,21775.0,21772.5,1.075268e-05,5.37634e-05,0
21775.0,21780.0,21777.5,1.037344e-05,5.18672e-05,0
21785.0,21790.0,21787.5,1.951542e-05,9.75771e-05,0
21800.0,21805.0,21802.5,1.120448e-05,5.60224e-05,0
21835.0,21840.0,21837.5,2.157792e-05,0.0001078896,0
21865.0,21870.0,21867.5,9.9552e-06,4.9776e-05,0
21890.0,21895.0,21892.5,9.56022e-06,4.78011e-05,0
21895.0,21900.0,21897.5,1.101322e-05,5.50661e-05,0
21915.0,21920.0,21917.5,9.56022e-06,4.78011e-05,0
21940.0,21945.0,21942.5,1.101322e-05,5.50661e-05,0
21950.0,21955.0,21952.5,1.075268e-05,5.37634e-05,0
21960.0,21965.0,21962.5,1.101322e-05,5.50661e-05,0
21985.0,21990.0,21987.5,2.112612e-05,0.0001056306,0
21995.0,22000.0,21997.5,2.17659e-05,0.0001088295,0
22025.0,22030.0,22027.5,1.075268e-05,5.37634e-05,0
22085.0,22090.0,22087.5,1.037344e-05,5.18672e-05,0
22120.0,22125.0,22122.5,2.120948e-05,0.0001060474,0
22130.0,22135.0,22132.5,1.94249e-05,9.71245e-05,0
22150.0,22155.0,22152.5,1.075268e-05,5.37634e-05,0
22170.0,22175.0,22172.5,1.075268e-05,5.37634e-05,0
22175.0,22180.0,22177.5,9.9552e-06,4.9776e-05,0
22185.0,22190.0,22187.5,1.075268e-05,5.37634e-05,0
22195.0,22200.0,22197.5,1.120448e-05,5.60224e-05,0
22215.0,22220.0,22217.5,2.07647e-05,0.0001038235,0
22230.0,22235.0,22232.5,1.101322e-05,5.50661e-05,0
22235.0,22240.0,22237.5,1.120448e-05,5.60224e-05,0
22245.0,22250.0,22247.5,1.101322e-05,5.50661e-05,0
22260.0,22265.0,22262.5,1.101322e-05,5.50661e-05,0
22295.0,22300.0,22297.5,1.120448e-05,5.60224e-05,0
22320.0,22325.0,22322.5,9.9552e-06,4.9776e-05,0
22335.0,22340.0,22337.5,9.56022e-06,4.78011e-05,0
22370.0,22375.0,22372.5,1.120448e-05,5.60224e-05,0
22395.0,22400.0,22397.5,1.101322e-05,5.50661e-05,0
22400.0,22405.0,22402.5,1.120448e-05,5.60224e-05,0
22410.0,22415.0,22412.5,1.120448e-05,5.60224e-05,0
22420.0,22425.0,22422.5,9.9552e-06,4.9776e-05,0
22440.0,22445.0,22442.5,1.120448e-05,5.60224e-05,0
22475.0,22480.0,22477.5,9.66184e-06,4.83092e-05,0
22480.0,22485.0,22482.5,1.101322e-05,5.50661e-05,0
22485.0,22490.0,22487.5,2.037844e-05,0.0001018922,0
22535.0,22540.0,22537.5,1.075268e-05,5.37634e-05,0
22540.0,22545.0,22542.5,1.120448e-05,5.60224e-05,0
22545.0,22550.0,22547.5,9.4697e-06,4.73485e-05,0
22575.0,22580.0,22577.5,1.120448e-05,5.60224e-05,0
22580.0,22585.0,22582.5,9.4697e-06,4.73485e-05,0
22600.0,22605.0,22602.5,9.9552e-06,4.9776e-05,0
22615.0,22620.0,22617.5,9.9552e-06,4.9776e-05,0
22620.0,22625.0,22622.5,9.9552e-06,4.9776e-05,0
22625.0,22630.0,22627.5,1.037344e-05,5.18672e-05,0
22705.0,22710.0,22707.5,1.101322e-05,5.50661e-05,0
22715.0,22720.0,22717.5,9.54198e-06,4.77099e-05,0
22745.0,22750.0,22747.5,9.54198e-06,4.77099e-05,0
22760.0,22765.0,22762.5,9.66184e-06,4.83092e-05,0
22785.0,22790.0,22787.5,9.9552e-06,4.9776e-05,0
22805.0,22810.0,22807.5,1.037344e-05,5.18672e-05,0
22820.0,22825.0,22822.5,1.101322e-05,5.50661e-05,0
22900.0,22905.0,22902.5,2.115968e-05,0.0001057984,0
22920.0,22925.0,22922.5,1.101322e-05,5.50661e-05,0
22925.0,22930.0,22927.5,1.075268e-05,5.37634e-05,0
22930.0,22935.0,22932.5,9.66184e-06,4.83092e-05,0
22960.0,22965.0,22962.5,1.0005e-05,5.0025e-05,0
23000.0,23005.0,23002.5,1.120448e-05,5.60224e-05,0
23030.0,23035.0,23032.5,1.120448e-05,5.60224e-05,0
23045.0,23050.0,23047.5,1.075268e-05,5.37634e-05,0
23055.0,23060.0,23057.5,2.138666e-05,0.0001069333,0
23070.0,23075.0,23072.5,9.66184e-06,4.83092e-05,0
23110.0,23115.0,23112.5,1.120448e-05,5.60224e-05,0
23115.0,23120.0,23117.5,1.101322e-05,5.50661e-05,0
23145.0,23150.0,23147.5,9.54198e-06,4.77099e-05,0
23175.0,23180.0,23177.5,1.075268e-05,5.37634e-05,0
23280.0,23285.0,23282.5,1.0005e-05,5.0025e-05,0
23315.0,23320.0,23317.5,1.075268e-05,5.37634e-05,0
23340.0,23345.0,23342.5,1.101322e-05,5.50661e-05,0
23360.0,23365.0,23362.5,2.22177e-05,0.0001110885,0
23390.0,23395.0,23392.5,1.075268e-05,5.37634e-05,0
23400.0,23405.0,23402.5,1.101322e-05,5.50661e-05,0
23425.0,23430.0,23427.5,9.4697e-06,4.73485e-05,0
23450.0,23455.0,23452.5,1.075268e-05,5.37634e-05,0
23475.0,23480.0,23477.5,1.120448e-05,5.60224e-05,0
23495.0,23500.0,23497.5,1.120448e-05,5.60224e-05,0
23505.0,23510.0,23507.5,1.075268e-05,5.37634e-05,0
23535.0,23540.0,23537.5,1.0005e-05,5.0025e-05,0
23540.0,23545.0,23542.5,2.22177e-05,0.0001110885,0
23545.0,23550.0,23547.5,1.120448e-05,5.60224e-05,0
23560.0,23565.0,23562.5,1.120448e-05,5.60224e-05,0
23565.0,23570.0,23567.5,1.101322e-05,5.50661e-05,0
23570.0,23575.0,23572.5,1.993366e-05,9.96683e-05,0
23575.0,23580.0,23577.5,1.101322e-05,5.50661e-05,0
23580.0,23585.0,23582.5,1.120448e-05,5.60224e-05,0
23595.0,23600.0,23597.5,1.0005e-05,5.0025e-05,0
23635.0,23640.0,23637.5,9.66184e-06,4.83092e-05,0
23650.0,23655.0,23652.5,1.101322e-05,5.50661e-05,0
23665.0,23670.0,23667.5,1.120448e-05,5.60224e-05,0
23675.0,23680.0,23677.5,1.120448e-05,5.60224e-05,0
23685.0,23690.0,23687.5,1.120448e-05,5.60224e-05,0
23740.0,23745.0,23742.5,1.101322e-05,5.50661e-05,0
23785.0,23790.0,23787.5,1.037344e-05,5.18672e-05,0
23805.0,23810.0,23807.5,1.037344e-05,5.18672e-05,0
23815.0,23820.0,23817.5,1.101322e-05,5.50661e-05,0
23825.0,23830.0,23827.5,9.4697e-06,4.73485e-05,0
23830.0,23835.0,23832.5,9.9552e-06,4.9776e-05,0
23835.0,23840.0,23837.5,1.075268e-05,5.37634e-05,0
23845.0,23850.0,23847.5,1.075268e-05,5.37634e-05,0
23890.0,23895.0,23892.5,1.075268e-05,5.37634e-05,0
23925.0,23930.0,23927.5,1.101322e-05,5.50661e-05,0
23940.0,23945.0,23942.5,9.9552e-06,4.9776e-05,0
24050.0,24055.0,24052.5,1.120448e-05,5.60224e-05,0
24060.0,24065.0,24062.5,1.101322e-05,5.50661e-05,0
24065.0,24070.0,24067.5,1.075268e-05,5.37634e-05,0
24090.0,24095.0,24092.5,1.101322e-05,5.50661e-05,0
24105.0,24110.0,24107.5,1.0005e-05,5.0025e-05,0
24125.0,24130.0,24127.5,1.0005e-05,5.0025e-05,0
24130.0,24135.0,24132.5,2.17659e-05,0.0001088295,0
24140.0,24145.0,24142.5,1.075268e-05,5.37634e-05,0
24185.0,24190.0,24187.5,1.075268e-05,5.37634e-05,0
24215.0,24220.0,24217.5,2.075768e-05,0.0001037884,0
24300.0,24305.0,24302.5,9.66184e-06,4.83092e-05,0
24305.0,24310.0,24307.5,1.120448e-05,5.60224e-05,0
24380.0,24385.0,24382.5,9.9552e-06,4.9776e-05,0
24425.0,24430.0,24427.5,1.075268e-05,5.37634e-05,0
24430.0,24435.0,24432.5,1.101322e-05,5.50661e-05,0
24445.0,24450.0,24447.5,9.66184e-06,4.83092e-05,0
24465.0,24470.0,24467.5,9.9552e-06,4.9776e-05,0
24515.0,24520.0,24517.5,1.0005e-05,5.0025e-05,0
24535.0,24540.0,24537.5,1.120448e-05,5.60224e-05,0
24590.0,24595.0,24592.5,2.029466e-05,0.0001014733,0
24730.0,24735.0,24732.5,1.120448e-05,5.60224e-05,0
24740.0,24745.0,24742.5,9.66184e-06,4.83092e-05,0
24780.0,24785.0,24782.5,1.101322e-05,5.50661e-05,0
24810.0,24815.0,24812.5,1.037344e-05,5.18672e-05,0
24820.0,24825.0,24822.5,1.037344e-05,5.18672e-05,0
24830.0,24835.0,24832.5,1.101322e-05,5.50661e-05,0
24845.0,24850.0,24847.5,1.101322e-05,5.50661e-05,0
24855.0,24860.0,24857.5,1.075268e-05,5.37634e-05,0
24865.0,24870.0,24867.5,1.037344e-05,5.18672e-05,0
24890.0,24895.0,24892.5,1.120448e-05,5.60224e-05,0
24900.0,24905.0,24902.5,9.4697e-06,4.73485e-05,0
24920.0,24925.0,24922.5,1.075268e-05,5.37634e-05,0
24990.0,24995.0,24992.5,9.66184e-06,4.83092e-05,0
25015.0,25020.0,25017.5,1.037344e-05,5.18672e-05,0
25055.0,25060.0,25057.5,1.101322e-05,5.50661e-05,0
25070.0,25075.0,25072.5,1.075268e-05,5.37634e-05,0
25100.0,25105.0,25102.5,9.4697e-06,4.73485e-05,0
25105.0,25110.0,25107.5,1.075268e-05,5.37634e-05,0
25115.0,25120.0,25117.5,1.101322e-05,5.50661e-05,0
25140.0,25145.0,25142.5,1.120448e-05,5.60224e-05,0
25145.0,25150.0,25147.5,1.101322e-05,5.50661e-05,0
25150.0,25155.0,25152.5,2.138666e-05,0.0001069333,0
25155.0,25160.0,25157.5,1.075268e-05,5.37634e-05,0
25245.0,25250.0,25247.5,1.120448e-05,5.60224e-05,0
25250.0,25255.0,25252.5,1.120448e-05,5.60224e-05,0
25305.0,25310.0,25307.5,1.120448e-05,5.60224e-05,0
25435.0,25440.0,25437.5,1.120448e-05,5.60224e-05,0
25480.0,25485.0,25482.5,1.120448e-05,5.60224e-05,0
25490.0,25495.0,25492.5,1.120448e-05,5.60224e-05,0
25510.0,25515.0,25512.5,2.2409e-05,0.000112045,0
25555.0,25560.0,25557.5,1.101322e-05,5.50661e-05,0
25560.0,25565.0,25562.5,9.4697e-06,4.73485e-05,0
25565.0,25570.0,25567.5,1.075268e-05,5.37634e-05,0
25610.0,25615.0,25612.5,1.120448e-05,5.60224e-05,0
25725.0,25730.0,25727.5,1.075268e-05,5.37634e-05,0
25740.0,25745.0,25742.5,2.15054e-05,0.000107527,0
25760.0,25765.0,25762.5,1.075268e-05,5.37634e-05,0
25770.0,25775.0,25772.5,1.101322e-05,5.50661e-05,0
25775.0,25780.0,25777.5,2.048292e-05,0.0001024146,0
25780.0,25785.0,25782.5,1.075268e-05,5.37634e-05,0
25805.0,25810.0,25807.5,9.66184e-06,4.83092e-05,0
25825.0,25830.0,25827.5,9.66184e-06,4.83092e-05,0
25830.0,25835.0,25832.5,2.195716e-05,0.0001097858,0
25845.0,25850.0,25847.5,1.037344e-05,5.18672e-05,0
25860.0,25865.0,25862.5,1.037344e-05,5.18672e-05,0
25890.0,25895.0,25892.5,9.56022e-06,4.78011e-05,0
25935.0,25940.0,25937.5,1.075268e-05,5.37634e-05,0
25950.0,25955.0,25952.5,1.037344e-05,5.18672e-05,0
25960.0,25965.0,25962.5,1.101322e-05,5.50661e-05,0
25970.0,25975.0,25972.5,1.037344e-05,5.18672e-05,0
25975.0,25980.0,25977.5,2.17659e-05,0.0001088295,0
25985.0,25990.0,25987.5,1.075268e-05,5.37634e-05,0
26010.0,26015.0,26012.5,1.120448e-05,5.60224e-05,0
26075.0,26080.0,26077.5,1.037344e-05,5.18672e-05,0
26185.0,26190.0,26187.5,1.101322e-05,5.50661e-05,0
26210.0,26215.0,26212.5,1.101322e-05,5.50661e-05,0
26250.0,26255.0,26252.5,1.075268e-05,5.37634e-05,0
26325.0,26330.0,26327.5,9.54198e-06,4.77099e-05,0
26330.0,26335.0,26332.5,1.037344e-05,5.18672e-05,0
26435.0,26440.0,26437.5,1.075268e-05,5.37634e-05,0
26455.0,26460.0,26457.5,9.9552e-06,4.9776e-05,0
26465.0,26470.0,26467.5,2.096842e-05,0.0001048421,0
26480.0,26485.0,26482.5,1.037344e-05,5.18672e-05,0
26520.0,26525.0,26522.5,1.037344e-05,5.18672e-05,0
26530.0,26535.0,26532.5,1.075268e-05,5.37634e-05,0
26535.0,26540.0,26537.5,1.0005e-05,5.0025e-05,0
26585.0,26590.0,26587.5,1.101322e-05,5.50661e-05,0
26595.0,26600.0,26597.5,1.075268e-05,5.37634e-05,0
26735.0,26740.0,26737.5,9.9552e-06,4.9776e-05,0
26775.0,26780.0,26777.5,1.101322e-05,5.50661e-05,0
26860.0,26865.0,26862.5,1.075268e-05,5.37634e-05,0
26870.0,26875.0,26872.5,1.120448e-05,5.60224e-05,0
26900.0,26905.0,26902.5,1.075268e-05,5.37634e-05,0
26915.0,26920.0,26917.5,1.075268e-05,5.37634e-05,0
26920.0,26925.0,26922.5,1.101322e-05,5.50661e-05,0
26950.0,26955.0,26952.5,1.037344e-05,5.18672e-05,0
26985.0,26990.0,26987.5,1.0005e-05,5.0025e-05,0
27030.0,27035.0,27032.5,1.0005e-05,5.0025e-05,0
27035.0,27040.0,27037.5,1.075268e-05,5.37634e-05,0
27065.0,27070.0,27067.5,9.56022e-06,4.78011e-05,0
27095.0,27100.0,27097.5,1.120448e-05,5.60224e-05,0
27185.0,27190.0,27187.5,1.037344e-05,5.18672e-05,0
27225.0,27230.0,27227.5,1.075268e-05,5.37634e-05,0
27245.0,27250.0,27247.5,2.112612e-05,0.0001056306,0
27255.0,27260.0,27257.5,1.101322e-05,5.50661e-05,0
27265.0,27270.0,27267.5,9.9552e-06,4.9776e-05,0
27290.0,27295.0,27292.5,1.037344e-05,5.18672e-05,0
27360.0,27365.0,27362.5,1.0005e-05,5.0025e-05,0
27370.0,27375.0,27372.5,1.075268e-05,5.37634e-05,0
27405.0,27410.0,27407.5,1.120448e-05,5.60224e-05,0
27480.0,27485.0,27482.5,1.120448e-05,5.60224e-05,0
27505.0,27510.0,27507.5,1.037344e-05,5.18672e-05,0
27545.0,27550.0,27547.5,1.120448e-05,5.60224e-05,0
27590.0,27595.0,27592.5,9.9552e-06,4.9776e-05,0
27755.0,27760.0,27757.5,1.075268e-05,5.37634e-05,0
27785.0,27790.0,27787.5,1.037344e-05,5.18672e-05,0
27795.0,27800.0,27797.5,1.0005e-05,5.0025e-05,0
27815.0,27820.0,27817.5,1.101322e-05,5.50661e-05,0
27880.0,27885.0,27882.5,1.120448e-05,5.60224e-05,0
28155.0,28160.0,28157.5,1.037344e-05,5.18672e-05,0
28170.0,28175.0,28172.5,9.66184e-06,4.83092e-05,0
28230.0,28235.0,28232.5,3.21729e-05,0.0001608645,0
28245.0,28250.0,28247.5,1.075268e-05,5.37634e-05,0
28330.0,28335.0,28332.5,1.101322e-05,5.50661e-05,0
28370.0,28375.0,28372.5,1.120448e-05,5.60224e-05,0
28435.0,28440.0,28437.5,1.101322e-05,5.50661e-05,0
28445.0,28450.0,28447.5,1.037344e-05,5.18672e-05,0
28595.0,28600.0,28597.5,1.120448e-05,5.60224e-05,0
28625.0,28630.0,28627.5,1.037344e-05,5.18672e-05,0
28685.0,28690.0,28687.5,1.101322e-05,5.50661e-05,0
28695.0,28700.0,28697.5,9.9552e-06,4.9776e-05,0
28820.0,28825.0,28822.5,1.075268e-05,5.37634e-05,0
28915.0,28920.0,28917.5,1.120448e-05,5.60224e-05,0
28995.0,29000.0,28997.5,1.101322e-05,5.50661e-05,0
29075.0,29080.0,29077.5,9.9552e-06,4.9776e-05,0
29080.0,29085.0,29082.5,1.037344e-05,5.18672e-05,0
29100.0,29105.0,29102.5,1.120448e-05,5.60224e-05,0
29265.0,29270.0,29267.5,1.075268e-05,5.37634e-05,0
29285.0,29290.0,29287.5,1.101322e-05,5.50661e-05,0
29375.0,29380.0,29377.5,9.9552e-06,4.9776e-05,0
29390.0,29395.0,29392.5,1.120448e-05,5.60224e-05,0
29500.0,29505.0,29502.5,1.075268e-05,5.37634e-05,0
29515.0,29520.0,29517.5,1.101322e-05,5.50661e-05,0
29540.0,29545.0,29542.5,1.075268e-05,5.37634e-05,0
29545.0,29550.0,29547.5,1.037344e-05,5.18672e-05,0
29665.0,29670.0,29667.5,9.56022e-06,4.78011e-05,0
29670.0,29675.0,29672.5,1.101322e-05,5.50661e-05,0
29710.0,29715.0,29712.5,1.101322e-05,5.50661e-05,0
29730.0,29735.0,29732.5,1.101322e-05,5.50661e-05,0
29755.0,29760.0,29757.5,1.075268e-05,5.37634e-05,0
29925.0,29930.0,29927.5,1.075268e-05,5.37634e-05,0
29945.0,29950.0,29947.5,2.070788e-05,0.0001035394,0
30000.0,30005.0,30002.5,1.101322e-05,5.50661e-05,0
30170.0,30175.0,30172.5,1.101322e-05,5.50661e-05,0
30175.0,30180.0,30177.5,1.120448e-05,5.60224e-05,0
30210.0,30215.0,30212.5,1.120448e-05,5.60224e-05,0
30245.0,30250.0,30247.5,9.66184e-06,4.83092e-05,0
30255.0,30260.0,30257.5,1.101322e-05,5.50661e-05,0
30310.0,30315.0,30312.5,1.075268e-05,5.37634e-05,0
30375.0,30380.0,30377.5,9.9552e-06,4.9776e-05,0
30475.0,30480.0,30477.5,1.101322e-05,5.50661e-05,0
30535.0,30540.0,30537.5,9.66184e-06,4.83092e-05,0
30555.0,30560.0,30557.5,9.9552e-06,4.9776e-05,0
30670.0,30675.0,30672.5,9.9552e-06,4.9776e-05,0
30695.0,30700.0,30697.5,1.101322e-05,5.50661e-05,0
30885.0,30890.0,30887.5,1.101322e-05,5.50661e-05,0
30945.0,30950.0,30947.5,1.075268e-05,5.37634e-05,0
31130.0,31135.0,31132.5,1.120448e-05,5.60224e-05,0
31310.0,31315.0,31312.5,1.101322e-05,5.50661e-05,0
31445.0,31450.0,31447.5,1.120448e-05,5.60224e-05,0
31460.0,31465.0,31462.5,1.120448e-05,5.60224e-05,0
31700.0,31705.0,31702.5,1.101322e-05,5.50661e-05,0
31905.0,31910.0,31907.5,1.075268e-05,5.37634e-05,0
32080.0,32085.0,32082.5,1.120448e-05,5.60224e-05,0
32360.0,32365.0,32362.5,1.075268e-05,5.37634e-05,0
32510.0,32515.0,32512.5,9.66184e-06,4.83092e-05,0
32600.0,32605.0,32602.5,1.101322e-05,5.50661e-05,0
32690.0,32695.0,32692.5,1.075268e-05,5.37634e-05,0
32825.0,32830.0,32827.5,1.101322e-05,5.50661e-05,0
32845.0,32850.0,32847.5,1.075268e-05,5.37634e-05,0
32885.0,32890.0,32887.5,1.101322e-05,5.50661e-05,0
32915.0,32920.0,32917.5,1.120448e-05,5.60224e-05,0
32920.0,32925.0,32922.5,1.037344e-05,5.18672e-05,0
33025.0,33030.0,33027.5,1.120448e-05,5.60224e-05,0
33210.0,33215.0,33212.5,1.120448e-05,5.60224e-05,0
33250.0,33255.0,33252.5,1.120448e-05,5.60224e-05,0
33330.0,33335.0,33332.5,1.101322e-05,5.50661e-05,0
33495.0,33500.0,33497.5,1.075268e-05,5.37634e-05,0
33615.0,33620.0,33617.5,1.037344e-05,5.18672e-05,0
33630.0,33635.0,33632.5,1.037344e-05,5.18672e-05,0
33745.0,33750.0,33747.5,2.17659e-05,0.0001088295,0
33955.0,33960.0,33957.5,1.101322e-05,5.50661e-05,0
34105.0,34110.0,34107.5,1.037344e-05,5.18672e-05,0
34295.0,34300.0,34297.5,1.037344e-05,5.18672e-05,0
34370.0,34375.0,34372.5,1.075268e-05,5.37634e-05,0
35015.0,35020.0,35017.5,1.075268e-05,5.37634e-05,0
35025.0,35030.0,35027.5,1.101322e-05,5.50661e-05,0
35035.0,35040.0,35037.5,9.9552e-06,4.9776e-05,0
35140.0,35145.0,35142.5,1.075268e-05,5.37634e-05,0
35180.0,35185.0,35182.5,1.120448e-05,5.60224e-05,0
35275.0,35280.0,35277.5,1.037344e-05,5.18672e-05,0
35925.0,35930.0,35927.5,1.037344e-05,5.18672e-05,0
36000.0,36005.0,36002.5,2.096842e-05,0.0001048421,0
36140.0,36145.0,36142.5,1.120448e-05,5.60224e-05,0
36845.0,36850.0,36847.5,9.9552e-06,4.9776e-05,0
37160.0,37165.0,37162.5,1.120448e-05,5.60224e-05,0
37315.0,37320.0,37317.5,1.075268e-05,5.37634e-05,0
37440.0,37445.0,37442.5,1.101322e-05,5.50661e-05,0
38250.0,38255.0,38252.5,1.101322e-05,5.50661e-05,0
38305.0,38310.0,38307.5,9.66184e-06,4.83092e-05,0
38330.0,38335.0,38332.5,9.9552e-06,4.9776e-05,0
38445.0,38450.0,38447.5,9.9552e-06,4.9776e-05,0
38660.0,38665.0,38662.5,1.101322e-05,5.50661e-05,0
38900.0,38905.0,38902.5,1.120448e-05,5.60224e-05,0
39085.0,39090.0,39087.5,1.101322e-05,5.50661e-05,0
39220.0,39225.0,39222.5,1.120448e-05,5.60224e-05,0
39850.0,39855.0,39852.5,1.120448e-05,5.60224e-05,0
40375.0,40380.0,40377.5,1.101322e-05,5.50661e-05,0
40465.0,40470.0,40467.5,1.075268e-05,5.37634e-05,0
40690.0,40695.0,40692.5,1.037344e-05,5.18672e-05,0
41025.0,41030.0,41027.5,1.120448e-05,5.60224e-05,0
41390.0,41395.0,41392.5,1.037344e-05,5.18672e-05,0
46215.0,46220.0,46217.5,9.9552e-06,4.9776e-05,0
46430.0,46435.0,46432.5,1.101322e-05,5.50661e-05,0
47620.0,47625.0,47622.5,1.120448e-05,5.60224e-05,0
48145.0,48150.0,48147.5,1.101322e-05,5.50661e-05,0
48235.0,48240.0,48237.5,1.075268e-05,5.37634e-05,0
48465.0,48470.0,48467.5,1.037344e-05,5.18672e-05,0
49160.0,49165.0,49162.5,1.037344e-05,5.18672e-05,0
56235.0,56240.0,56237.5,1.037344e-05,5.18672e-05,0
