bin_start_us,bin_end_us,bin_mid_us,pdf_per_us,probability,count
210,215,212.5,0.0652444,0.326222,734
215,220,217.5,0.109867,0.549333,1236
220,225,222.5,0.0233778,0.116889,263
305,310,307.5,0.000533333,0.00266667,6
310,315,312.5,8.88889e-05,0.000444444,1
320,325,322.5,0.000533333,0.00266667,6
330,335,332.5,0.000355556,0.00177778,4
