bin_start_us,bin_end_us,bin_mid_us,pdf_per_us,probability,count
210,215,212.5,0.0448,0.224,1512
215,220,217.5,0.0734815,0.367407,2480
220,225,222.5,0.0140148,0.0700741,473
255,260,257.5,0.00352593,0.0176296,119
260,265,262.5,0.00462222,0.0231111,156
265,270,267.5,0.00411852,0.0205926,139
270,275,272.5,0.00497778,0.0248889,168
275,280,277.5,0.00482963,0.0241481,163
280,285,282.5,0.00474074,0.0237037,160
285,290,287.5,0.00426667,0.0213333,144
290,295,292.5,0.00231111,0.0115556,78
300,305,302.5,0.000118519,0.000592593,4
310,315,312.5,2.96296e-05,0.000148148,1
315,320,317.5,8.88889e-05,0.000444444,3
325,330,327.5,8.88889e-05,0.000444444,3
335,340,337.5,0.000237037,0.00118519,8
345,350,347.5,0.000118519,0.000592593,4
370,375,372.5,0.00148148,0.00740741,50
375,380,377.5,0.00474074,0.0237037,160
380,385,382.5,0.0045037,0.0225185,152
385,390,387.5,0.00432593,0.0216296,146
390,395,392.5,0.00474074,0.0237037,160
395,400,397.5,0.00441481,0.0220741,149
400,405,402.5,0.00459259,0.022963,155
405,410,407.5,0.00402963,0.0201481,136
440,445,442.5,0.000118519,0.000592593,4
450,455,452.5,5.92593e-05,0.000296296,2
575,580,577.5,2.96296e-05,0.000148148,1
580,585,582.5,2.96296e-05,0.000148148,1
605,610,607.5,2.96296e-05,0.000148148,1
615,620,617.5,5.92593e-05,0.000296296,2
620,625,622.5,8.88889e-05,0.000444444,3
705,710,707.5,2.96296e-05,0.000148148,1
755,760,757.5,5.92593e-05,0.000296296,2
765,770,767.5,5.92593e-05,0.000296296,2
775,780,777.5,8.88889e-05,0.000444444,3
820,825,822.5,2.96296e-05,0.000148148,1
895,900,897.5,2.96296e-05,0.000148148,1
1050,1055,1052.5,2.96296e-05,0.000148148,1
1075,1080,1077.5,2.96296e-05,0.000148148,1
1285,1290,1287.5,2.96296e-05,0.000148148,1
