bin_start_us,bin_end_us,bin_mid_us,pdf_per_us,probability,count
210,215,212.5,0.0683556,0.341778,769
215,220,217.5,0.111378,0.556889,1253
220,225,222.5,0.0187556,0.0937778,211
295,300,297.5,0.000533333,0.00266667,6
305,310,307.5,8.88889e-05,0.000444444,1
315,320,317.5,0.000533333,0.00266667,6
320,325,322.5,0.000355556,0.00177778,4
