bin_start_us,bin_end_us,bin_mid_us,pdf_per_us,probability,count
350.0,355.0,352.5,0.05806298,0.2903149,0
355.0,360.0,357.5,0.09842454,0.4921227,0
360.0,365.0,362.5,0.021930868,0.10965434,0
380.0,385.0,382.5,0.000302222,0.00151111,0
430.0,435.0,432.5,3.552396e-05,0.0001776198,0
435.0,440.0,437.5,0.0001244444,0.000622222,0
445.0,450.0,447.5,1.777778e-05,8.88889e-05,0
455.0,460.0,457.5,8.88888e-05,0.000444444,0
460.0,465.0,462.5,0.0009785852,0.004892926,0
465.0,470.0,467.5,0.001316726,0.00658363,0
470.0,475.0,472.5,0.001708186,0.00854093,0
475.0,480.0,477.5,0.001298932,0.00649466,0
480.0,485.0,482.5,0.001441282,0.00720641,0
485.0,490.0,487.5,0.001423424,0.00711712,0
490.0,495.0,492.5,0.001512298,0.00756149,0
495.0,500.0,497.5,0.000516014,0.00258007,0
500.0,505.0,502.5,5.3286e-05,0.00026643,0
510.0,515.0,512.5,0.000142096,0.00071048,0
515.0,520.0,517.5,0.001012434,0.00506217,0
520.0,525.0,522.5,0.00124334,0.0062167,0
525.0,530.0,527.5,0.001403198,0.00701599,0
530.0,535.0,532.5,0.001669626,0.00834813,0
535.0,540.0,537.5,0.001172292,0.00586146,0
540.0,545.0,542.5,0.00124334,0.0062167,0
545.0,550.0,547.5,0.001474246,0.00737123,0
550.0,555.0,552.5,0.000781528,0.00390764,0
595.0,600.0,597.5,0.0002665246,0.001332623,0
600.0,605.0,602.5,8.88888e-05,0.000444444,0
605.0,610.0,607.5,5.3286e-05,0.00026643,0
610.0,615.0,612.5,1.777778e-05,8.88889e-05,0
615.0,620.0,617.5,8.881e-05,0.00044405,0
620.0,625.0,622.5,0.0001066666,0.000533333,0
