bin_start_us,bin_end_us,bin_mid_us,pdf_per_us,probability,count
210.0,215.0,212.5,2.6187202e-05,0.00013093601,0
215.0,220.0,217.5,9.538148e-05,0.0004769074,0
220.0,225.0,222.5,0.0001143587,0.0005717935,0
225.0,230.0,227.5,0.00010692364,0.0005346182,0
230.0,235.0,232.5,0.00010720568,0.0005360284,0
235.0,240.0,237.5,9.041702e-05,0.0004520851,0
240.0,245.0,242.5,0.00011537384,0.0005768692,0
245.0,250.0,247.5,8.693318e-05,0.0004346659,0
250.0,255.0,252.5,0.0001058761,0.0005293805,0
255.0,260.0,257.5,0.00011545714,0.0005772857,0
260.0,265.0,262.5,9.047526e-05,0.0004523763,0
265.0,270.0,267.5,0.00011187204,0.0005593602,0
270.0,275.0,272.5,0.00010475876,0.0005237938,0
275.0,280.0,277.5,0.0001022468,0.000511234,0
280.0,285.0,282.5,0.00010946508,0.0005473254,0
285.0,290.0,287.5,0.0001084692,0.000542346,0
290.0,295.0,292.5,9.169596e-05,0.0004584798,0
295.0,300.0,297.5,0.00012382336,0.0006191168,0
300.0,305.0,302.5,0.00011308874,0.0005654437,0
305.0,310.0,307.5,0.0001025041,0.0005125205,0
310.0,315.0,312.5,9.766396e-05,0.0004883198,0
315.0,320.0,317.5,0.00010005806,0.0005002903,0
320.0,325.0,322.5,0.0003526958,0.001763479,0
325.0,330.0,327.5,0.00011072924,0.0005536462,0
330.0,335.0,332.5,0.00010472074,0.0005236037,0
335.0,340.0,337.5,9.634718e-05,0.0004817359,0
340.0,345.0,342.5,0.0006385592,0.003192796,0
345.0,350.0,347.5,0.0009230934,0.004615467,0
350.0,355.0,352.5,0.0006067664,0.003033832,0
355.0,360.0,357.5,0.0005072652,0.002536326,0
360.0,365.0,362.5,0.000496648,0.00248324,0
365.0,370.0,367.5,0.0004974178,0.002487089,0
370.0,375.0,372.5,0.0005327054,0.002663527,0
375.0,380.0,377.5,0.00026798904,0.0013399452,0
380.0,385.0,382.5,0.0002080453,0.0010402265,0
385.0,390.0,387.5,0.0002562811,0.0012814055,0
390.0,395.0,392.5,0.00021184698,0.0010592349,0
395.0,400.0,397.5,0.00024508608,0.0012254304,0
400.0,405.0,402.5,0.00027746914,0.0013873457,0
405.0,410.0,407.5,0.00026204898,0.0013102449,0
410.0,415.0,412.5,0.0002649846,0.001324923,0
415.0,420.0,417.5,0.00025461984,0.0012730992,0
420.0,425.0,422.5,0.00025225456,0.0012612728,0
425.0,430.0,427.5,0.0003359404,0.001679702,0
430.0,435.0,432.5,0.0002262549,0.0011312745,0
435.0,440.0,437.5,0.00021880344,0.0010940172,0
440.0,445.0,442.5,0.00020562984,0.0010281492,0
445.0,450.0,447.5,0.00020342386,0.0010171193,0
450.0,455.0,452.5,0.014097642,0.07048821,0
455.0,460.0,457.5,0.0001855837,0.0009279185,0
460.0,465.0,462.5,0.00020228312,0.0010114156,0
465.0,470.0,467.5,0.00020809504,0.0010404752,0
470.0,475.0,472.5,0.00023842248,0.0011921124,0
475.0,480.0,477.5,0.00025924476,0.0012962238,0
480.0,485.0,482.5,0.00025380754,0.0012690377,0
485.0,490.0,487.5,0.00027364336,0.0013682168,0
490.0,495.0,492.5,0.00028006406,0.0014003203,0
495.0,500.0,497.5,0.00024075182,0.0012037591,0
500.0,505.0,502.5,0.00027965176,0.0013982588,0
505.0,510.0,507.5,0.00027724898,0.0013862449,0
510.0,515.0,512.5,0.00024772176,0.0012386088,0
515.0,520.0,517.5,0.00022741478,0.0011370739,0
520.0,525.0,522.5,0.00024143536,0.0012071768,0
525.0,530.0,527.5,0.00025096712,0.0012548356,0
530.0,535.0,532.5,0.00024980424,0.0012490212,0
535.0,540.0,537.5,0.0002201067,0.0011005335,0
540.0,545.0,542.5,0.00022221274,0.0011110637,0
545.0,550.0,547.5,0.00025146958,0.0012573479,0
550.0,555.0,552.5,0.00024035648,0.0012017824,0
555.0,560.0,557.5,0.0002558966,0.001279483,0
560.0,565.0,562.5,0.0021165512,0.010582756,0
565.0,570.0,567.5,0.00028345038,0.0014172519,0
570.0,575.0,572.5,0.00020461032,0.0010230516,0
575.0,580.0,577.5,0.00018096132,0.0009048066,0
580.0,585.0,582.5,0.00029140852,0.0014570426,0
585.0,590.0,587.5,0.00021282024,0.0010641012,0
590.0,595.0,592.5,0.00029479856,0.0014739928,0
595.0,600.0,597.5,0.00020961122,0.0010480561,0
600.0,605.0,602.5,0.00026408602,0.0013204301,0
605.0,610.0,607.5,0.00023808386,0.0011904193,0
610.0,615.0,612.5,0.00024243346,0.0012121673,0
615.0,620.0,617.5,0.00020861562,0.0010430781,0
620.0,625.0,622.5,0.0003916752,0.001958376,0
625.0,630.0,627.5,0.00020821658,0.0010410829,0
630.0,635.0,632.5,0.0003598272,0.001799136,0
635.0,640.0,637.5,0.00023929696,0.0011964848,0
640.0,645.0,642.5,0.00031415132,0.0015707566,0
645.0,650.0,647.5,0.0002010716,0.001005358,0
650.0,655.0,652.5,0.00025110044,0.0012555022,0
655.0,660.0,657.5,0.00020840654,0.0010420327,0
660.0,665.0,662.5,0.00020590864,0.0010295432,0
665.0,670.0,667.5,0.0004309294,0.002154647,0
670.0,675.0,672.5,0.002430382,0.01215191,0
675.0,680.0,677.5,0.00020594672,0.0010297336,0
680.0,685.0,682.5,0.00019976172,0.0009988086,0
685.0,690.0,687.5,0.00020704928,0.0010352464,0
690.0,695.0,692.5,0.00021163242,0.0010581621,0
695.0,700.0,697.5,0.0001926336,0.000963168,0
700.0,705.0,702.5,0.00020807124,0.0010403562,0
705.0,710.0,707.5,0.00019014826,0.0009507413,0
710.0,715.0,712.5,0.00019609202,0.0009804601,0
715.0,720.0,717.5,0.0002083954,0.001041977,0
720.0,725.0,722.5,0.00019638372,0.0009819186,0
725.0,730.0,727.5,0.00019877246,0.0009938623,0
730.0,735.0,732.5,0.00022258556,0.0011129278,0
735.0,740.0,737.5,0.00019302976,0.0009651488,0
740.0,745.0,742.5,0.00023352104,0.0011676052,0
745.0,750.0,747.5,0.0002118121,0.0010590605,0
750.0,755.0,752.5,0.00021586852,0.0010793426,0
755.0,760.0,757.5,0.00019288358,0.0009644179,0
760.0,765.0,762.5,0.00022023978,0.0011011989,0
765.0,770.0,767.5,0.00017247822,0.0008623911,0
770.0,775.0,772.5,0.00023562554,0.0011781277,0
775.0,780.0,777.5,0.0002333212,0.001166606,0
780.0,785.0,782.5,0.0008519718,0.004259859,0
785.0,790.0,787.5,0.00024171298,0.0012085649,0
790.0,795.0,792.5,0.0001594424,0.000797212,0
795.0,800.0,797.5,0.00016428674,0.0008214337,0
800.0,805.0,802.5,0.00014182412,0.0007091206,0
805.0,810.0,807.5,0.00017260444,0.0008630222,0
810.0,815.0,812.5,0.0001358431,0.0006792155,0
815.0,820.0,817.5,0.00015483604,0.0007741802,0
820.0,825.0,822.5,0.00016435632,0.0008217816,0
825.0,830.0,827.5,0.00017634202,0.0008817101,0
830.0,835.0,832.5,0.00015699928,0.0007849964,0
835.0,840.0,837.5,0.0001892246,0.000946123,0
840.0,845.0,842.5,0.00018697512,0.0009348756,0
845.0,850.0,847.5,0.00016664588,0.0008332294,0
850.0,855.0,852.5,0.00020216906,0.0010108453,0
855.0,860.0,857.5,0.00017971842,0.0008985921,0
860.0,865.0,862.5,0.00018909414,0.0009454707,0
865.0,870.0,867.5,0.00018096294,0.0009048147,0
870.0,875.0,872.5,0.00015356048,0.0007678024,0
875.0,880.0,877.5,0.00015481992,0.0007740996,0
880.0,885.0,882.5,0.00018347622,0.0009173811,0
885.0,890.0,887.5,0.00014644238,0.0007322119,0
890.0,895.0,892.5,0.0004543046,0.002271523,0
895.0,900.0,897.5,0.0002010779,0.0010053895,0
900.0,905.0,902.5,0.00015852364,0.0007926182,0
905.0,910.0,907.5,0.00017001692,0.0008500846,0
910.0,915.0,912.5,0.00015967026,0.0007983513,0
915.0,920.0,917.5,0.00017123102,0.0008561551,0
920.0,925.0,922.5,0.0001262621,0.0006313105,0
925.0,930.0,927.5,0.00016423626,0.0008211813,0
930.0,935.0,932.5,0.00018349462,0.0009174731,0
935.0,940.0,937.5,0.0001868538,0.000934269,0
940.0,945.0,942.5,0.00021087508,0.0010543754,0
945.0,950.0,947.5,0.00017730026,0.0008865013,0
950.0,955.0,952.5,0.00018105472,0.0009052736,0
955.0,960.0,957.5,0.0001750866,0.000875433,0
960.0,965.0,962.5,0.00018450982,0.0009225491,0
965.0,970.0,967.5,0.00017868326,0.0008934163,0
970.0,975.0,972.5,0.00021325956,0.0010662978,0
975.0,980.0,977.5,0.00015466528,0.0007733264,0
980.0,985.0,982.5,0.0003421448,0.001710724,0
985.0,990.0,987.5,0.00012860104,0.0006430052,0
990.0,995.0,992.5,0.0002308769,0.0011543845,0
995.0,1000.0,997.5,0.00028353744,0.0014176872,0
1000.0,1005.0,1002.5,0.00019038368,0.0009519184,0
1005.0,1010.0,1007.5,0.00019633222,0.0009816611,0
1010.0,1015.0,1012.5,0.00016291826,0.0008145913,0
1015.0,1020.0,1017.5,0.00015452918,0.0007726459,0
1020.0,1025.0,1022.5,0.00015954864,0.0007977432,0
1025.0,1030.0,1027.5,0.00018542082,0.0009271041,0
1030.0,1035.0,1032.5,0.00016185646,0.0008092823,0
1035.0,1040.0,1037.5,0.00015955792,0.0007977896,0
1040.0,1045.0,1042.5,0.00017134972,0.0008567486,0
1045.0,1050.0,1047.5,0.00016524888,0.0008262444,0
1050.0,1055.0,1052.5,0.00013558604,0.0006779302,0
1055.0,1060.0,1057.5,0.00017614896,0.0008807448,0
1060.0,1065.0,1062.5,0.00017861682,0.0008930841,0
1065.0,1070.0,1067.5,0.00022989684,0.0011494842,0
1070.0,1075.0,1072.5,0.00017138178,0.0008569089,0
1075.0,1080.0,1077.5,0.00020138986,0.0010069493,0
1080.0,1085.0,1082.5,0.0001926686,0.000963343,0
1085.0,1090.0,1087.5,0.0001917499,0.0009587495,0
1090.0,1095.0,1092.5,0.00024554348,0.0012277174,0
1095.0,1100.0,1097.5,0.00019533244,0.0009766622,0
1100.0,1105.0,1102.5,0.00024642498,0.0012321249,0
1105.0,1110.0,1107.5,0.00022487936,0.0011243968,0
1110.0,1115.0,1112.5,0.00022263406,0.0011131703,0
1115.0,1120.0,1117.5,0.0002239433,0.0011197165,0
1120.0,1125.0,1122.5,0.00017254412,0.0008627206,0
1125.0,1130.0,1127.5,0.00022035708,0.0011017854,0
1130.0,1135.0,1132.5,0.00016413516,0.0008206758,0
1135.0,1140.0,1137.5,0.00021543706,0.0010771853,0
1140.0,1145.0,1142.5,0.00017740458,0.0008870229,0
1145.0,1150.0,1147.5,0.00023292522,0.0011646261,0
1150.0,1155.0,1152.5,0.0001702096,0.000851048,0
1155.0,1160.0,1157.5,0.00021319668,0.0010659834,0
1160.0,1165.0,1162.5,0.0002501088,0.001250544,0
1165.0,1170.0,1167.5,0.00014653116,0.0007326558,0
1170.0,1175.0,1172.5,0.00017626398,0.0008813199,0
1175.0,1180.0,1177.5,0.00023456672,0.0011728336,0
1180.0,1185.0,1182.5,0.0001988851,0.0009944255,0
1185.0,1190.0,1187.5,0.00020361718,0.0010180859,0
1190.0,1195.0,1192.5,0.00020722348,0.0010361174,0
1195.0,1200.0,1197.5,0.00018935396,0.0009467698,0
1200.0,1205.0,1202.5,0.00020127538,0.0010063769,0
1205.0,1210.0,1207.5,0.00016925576,0.0008462788,0
1210.0,1215.0,1212.5,0.0001937509,0.0009687545,0
1215.0,1220.0,1217.5,0.0002095036,0.001047518,0
1220.0,1225.0,1222.5,0.00017459648,0.0008729824,0
1225.0,1230.0,1227.5,0.00020729828,0.0010364914,0
1230.0,1235.0,1232.5,0.00019056536,0.0009528268,0
1235.0,1240.0,1237.5,0.0001726194,0.000863097,0
1240.0,1245.0,1242.5,0.00016104462,0.0008052231,0
1245.0,1250.0,1247.5,0.000151463,0.000757315,0
1250.0,1255.0,1252.5,0.00017007262,0.0008503631,0
1255.0,1260.0,1257.5,0.00020826012,0.0010413006,0
1260.0,1265.0,1262.5,0.00019043108,0.0009521554,0
1265.0,1270.0,1267.5,0.0001593892,0.000796946,0
1270.0,1275.0,1272.5,0.00020006636,0.0010003318,0
1275.0,1280.0,1277.5,0.00015927068,0.0007963534,0
1280.0,1285.0,1282.5,0.00015592392,0.0007796196,0
1285.0,1290.0,1287.5,0.00019162894,0.0009581447,0
1290.0,1295.0,1292.5,0.0001628916,0.000814458,0
1295.0,1300.0,1297.5,0.00015484456,0.0007742228,0
1300.0,1305.0,1302.5,0.00016678842,0.0008339421,0
1305.0,1310.0,1307.5,0.00016905588,0.0008452794,0
1310.0,1315.0,1312.5,0.00017987652,0.0008993826,0
1315.0,1320.0,1317.5,0.00017621688,0.0008810844,0
1320.0,1325.0,1322.5,0.00022141036,0.0011070518,0
1325.0,1330.0,1327.5,0.00016769228,0.0008384614,0
1330.0,1335.0,1332.5,0.00016925646,0.0008462823,0
1335.0,1340.0,1337.5,0.00017611962,0.0008805981,0
1340.0,1345.0,1342.5,0.00018703672,0.0009351836,0
1345.0,1350.0,1347.5,0.00016071792,0.0008035896,0
1350.0,1355.0,1352.5,0.00015958396,0.0007979198,0
1355.0,1360.0,1357.5,0.00019304542,0.0009652271,0
1360.0,1365.0,1362.5,0.00013945578,0.0006972789,0
1365.0,1370.0,1367.5,0.00018936038,0.0009468019,0
1370.0,1375.0,1372.5,0.00016086966,0.0008043483,0
1375.0,1380.0,1377.5,0.00022947046,0.0011473523,0
1380.0,1385.0,1382.5,0.00015014994,0.0007507497,0
1385.0,1390.0,1387.5,0.00021635688,0.0010817844,0
1390.0,1395.0,1392.5,0.00013816066,0.0006908033,0
1395.0,1400.0,1397.5,0.00018583766,0.0009291883,0
1400.0,1405.0,1402.5,0.00017580732,0.0008790366,0
1405.0,1410.0,1407.5,0.0001570982,0.000785491,0
1410.0,1415.0,1412.5,0.00016431866,0.0008215933,0
1415.0,1420.0,1417.5,0.00014543736,0.0007271868,0
1420.0,1425.0,1422.5,0.0001608176,0.000804088,0
1425.0,1430.0,1427.5,0.0002199883,0.0010999415,0
1430.0,1435.0,1432.5,0.00018813784,0.0009406892,0
1435.0,1440.0,1437.5,0.00014160274,0.0007080137,0
1440.0,1445.0,1442.5,0.00019175554,0.0009587777,0
1445.0,1450.0,1447.5,0.00017296114,0.0008648057,0
1450.0,1455.0,1452.5,0.0001747343,0.0008736715,0
1455.0,1460.0,1457.5,0.00015835696,0.0007917848,0
1460.0,1465.0,1462.5,0.00015608288,0.0007804144,0
1465.0,1470.0,1467.5,0.00017267804,0.0008633902,0
1470.0,1475.0,1472.5,0.00017256326,0.0008628163,0
1475.0,1480.0,1477.5,0.00017251644,0.0008625822,0
1480.0,1485.0,1482.5,0.00014653954,0.0007326977,0
1485.0,1490.0,1487.5,0.00017268152,0.0008634076,0
1490.0,1495.0,1492.5,0.00017991092,0.0008995546,0
1495.0,1500.0,1497.5,0.00016548804,0.0008274402,0
1500.0,1505.0,1502.5,0.00015739256,0.0007869628,0
1505.0,1510.0,1507.5,0.0001238411,0.0006192055,0
1510.0,1515.0,1512.5,0.0002010669,0.0010053345,0
1515.0,1520.0,1517.5,0.00014912942,0.0007456471,0
1520.0,1525.0,1522.5,0.00020222412,0.0010111206,0
1525.0,1530.0,1527.5,0.00019387098,0.0009693549,0
1530.0,1535.0,1532.5,0.00017028864,0.0008514432,0
1535.0,1540.0,1537.5,0.00018116028,0.0009058014,0
1540.0,1545.0,1542.5,0.0001502419,0.0007512095,0
1545.0,1550.0,1547.5,0.00018234362,0.0009117181,0
1550.0,1555.0,1552.5,0.00011784886,0.0005892443,0
1555.0,1560.0,1557.5,0.00017964422,0.0008982211,0
1560.0,1565.0,1562.5,0.0001438641,0.0007193205,0
1565.0,1570.0,1567.5,0.00016323672,0.0008161836,0
1570.0,1575.0,1572.5,0.00015111868,0.0007555934,0
1575.0,1580.0,1577.5,0.0001357036,0.000678518,0
1580.0,1585.0,1582.5,0.00015132738,0.0007566369,0
1585.0,1590.0,1587.5,0.0001583309,0.0007916545,0
1590.0,1595.0,1592.5,0.00015973422,0.0007986711,0
1595.0,1600.0,1597.5,0.00016544378,0.0008272189,0
1600.0,1605.0,1602.5,0.00015710616,0.0007855308,0
1605.0,1610.0,1607.5,0.00017274044,0.0008637022,0
1610.0,1615.0,1612.5,0.00015464678,0.0007732339,0
1615.0,1620.0,1617.5,0.00017143082,0.0008571541,0
1620.0,1625.0,1622.5,0.00017271716,0.0008635858,0
1625.0,1630.0,1627.5,0.00015726186,0.0007863093,0
1630.0,1635.0,1632.5,0.0001416707,0.0007083535,0
1635.0,1640.0,1637.5,0.00016185186,0.0008092593,0
1640.0,1645.0,1642.5,0.0001607874,0.000803937,0
1645.0,1650.0,1647.5,0.00017129208,0.0008564604,0
1650.0,1655.0,1652.5,0.00016679138,0.0008339569,0
1655.0,1660.0,1657.5,0.00016210412,0.0008105206,0
1660.0,1665.0,1662.5,0.00015500668,0.0007750334,0
1665.0,1670.0,1667.5,0.00015840636,0.0007920318,0
1670.0,1675.0,1672.5,0.00016209762,0.0008104881,0
1675.0,1680.0,1677.5,0.0001454461,0.0007272305,0
1680.0,1685.0,1682.5,0.00014526378,0.0007263189,0
1685.0,1690.0,1687.5,0.00013102298,0.0006551149,0
1690.0,1695.0,1692.5,0.00012978712,0.0006489356,0
1695.0,1700.0,1697.5,0.00012492912,0.0006246456,0
1700.0,1705.0,1702.5,0.00014877256,0.0007438628,0
1705.0,1710.0,1707.5,0.00015038236,0.0007519118,0
1710.0,1715.0,1712.5,0.00013920826,0.0006960413,0
1715.0,1720.0,1717.5,0.00015470668,0.0007735334,0
1720.0,1725.0,1722.5,0.00014282798,0.0007141399,0
1725.0,1730.0,1727.5,0.00014394836,0.0007197418,0
1730.0,1735.0,1732.5,0.00016669968,0.0008334984,0
1735.0,1740.0,1737.5,0.00013961002,0.0006980501,0
1740.0,1745.0,1742.5,0.00015821384,0.0007910692,0
1745.0,1750.0,1747.5,0.00015369292,0.0007684646,0
1750.0,1755.0,1752.5,0.0001465583,0.0007327915,0
1755.0,1760.0,1757.5,0.00015612946,0.0007806473,0
1760.0,1765.0,1762.5,0.00012254552,0.0006127276,0
1765.0,1770.0,1767.5,0.00014285076,0.0007142538,0
1770.0,1775.0,1772.5,0.00014864572,0.0007432286,0
1775.0,1780.0,1777.5,0.00015108528,0.0007554264,0
1780.0,1785.0,1782.5,0.00014030528,0.0007015264,0
1785.0,1790.0,1787.5,0.0001486399,0.0007431995,0
1790.0,1795.0,1792.5,0.00014052694,0.0007026347,0
1795.0,1800.0,1797.5,0.00012269488,0.0006134744,0
1800.0,1805.0,1802.5,0.00013331222,0.0006665611,0
1805.0,1810.0,1807.5,0.00012021176,0.0006010588,0
1810.0,1815.0,1812.5,0.00012517372,0.0006258686,0
1815.0,1820.0,1817.5,0.0001382551,0.0006912755,0
1820.0,1825.0,1822.5,0.00012159938,0.0006079969,0
1825.0,1830.0,1827.5,0.00013579752,0.0006789876,0
1830.0,1835.0,1832.5,0.00012357498,0.0006178749,0
1835.0,1840.0,1837.5,0.00012029432,0.0006014716,0
1840.0,1845.0,1842.5,0.000142795,0.000713975,0
1845.0,1850.0,1847.5,0.00014158144,0.0007079072,0
1850.0,1855.0,1852.5,0.00012981384,0.0006490692,0
1855.0,1860.0,1857.5,0.0001570773,0.0007853865,0
1860.0,1865.0,1862.5,0.0001344226,0.000672113,0
1865.0,1870.0,1867.5,0.00013584664,0.0006792332,0
1870.0,1875.0,1872.5,0.00014544542,0.0007272271,0
1875.0,1880.0,1877.5,0.00012978462,0.0006489231,0
1880.0,1885.0,1882.5,0.00013104516,0.0006552258,0
1885.0,1890.0,1887.5,0.00013100298,0.0006550149,0
1890.0,1895.0,1892.5,0.00012272562,0.0006136281,0
1895.0,1900.0,1897.5,0.0001275694,0.000637847,0
1900.0,1905.0,1902.5,0.00012479268,0.0006239634,0
1905.0,1910.0,1907.5,0.00012507638,0.0006253819,0
1910.0,1915.0,1912.5,0.00012139502,0.0006069751,0
1915.0,1920.0,1917.5,0.0001369412,0.000684706,0
1920.0,1925.0,1922.5,0.00015593044,0.0007796522,0
1925.0,1930.0,1927.5,0.00012257956,0.0006128978,0
1930.0,1935.0,1932.5,0.00014774552,0.0007387276,0
1935.0,1940.0,1937.5,0.00011676366,0.0005838183,0
1940.0,1945.0,1942.5,0.0001396675,0.0006983375,0
1945.0,1950.0,1947.5,0.00010705594,0.0005352797,0
1950.0,1955.0,1952.5,0.00014272532,0.0007136266,0
1955.0,1960.0,1957.5,0.00014736244,0.0007368122,0
1960.0,1965.0,1962.5,0.00011665074,0.0005832537,0
1965.0,1970.0,1967.5,0.0001539869,0.0007699345,0
1970.0,1975.0,1972.5,0.0001251085,0.0006255425,0
1975.0,1980.0,1977.5,0.00015847156,0.0007923578,0
1980.0,1985.0,1982.5,0.00011779938,0.0005889969,0
1985.0,1990.0,1987.5,0.00013929884,0.0006964942,0
1990.0,1995.0,1992.5,0.0001023263,0.0005116315,0
1995.0,2000.0,1997.5,0.00011679376,0.0005839688,0
2000.0,2005.0,2002.5,0.00013700706,0.0006850353,0
2005.0,2010.0,2007.5,0.0001284741,0.0006423705,0
2010.0,2015.0,2012.5,0.0001095516,0.000547758,0
2015.0,2020.0,2017.5,0.00013584824,0.0006792412,0
2020.0,2025.0,2022.5,0.0001083991,0.0005419955,0
2025.0,2030.0,2027.5,0.00012030446,0.0006015223,0
2030.0,2035.0,2032.5,0.00012859856,0.0006429928,0
2035.0,2040.0,2037.5,0.00010943044,0.0005471522,0
2040.0,2045.0,2042.5,0.00014182372,0.0007091186,0
2045.0,2050.0,2047.5,0.00011667724,0.0005833862,0
2050.0,2055.0,2052.5,0.00014044524,0.0007022262,0
2055.0,2060.0,2057.5,0.00011306154,0.0005653077,0
2060.0,2065.0,2062.5,0.00010351892,0.0005175946,0
2065.0,2070.0,2067.5,0.00011441508,0.0005720754,0
2070.0,2075.0,2072.5,0.00014057794,0.0007028897,0
2075.0,2080.0,2077.5,0.00013105434,0.0006552717,0
2080.0,2085.0,2082.5,0.00012296614,0.0006148307,0
2085.0,2090.0,2087.5,0.00013000506,0.0006500253,0
2090.0,2095.0,2092.5,0.00012137296,0.0006068648,0
2095.0,2100.0,2097.5,0.00010360024,0.0005180012,0
2100.0,2105.0,2102.5,0.00012855326,0.0006427663,0
2105.0,2110.0,2107.5,0.00011536086,0.0005768043,0
2110.0,2115.0,2112.5,0.00013224416,0.0006612208,0
2115.0,2120.0,2117.5,0.00011327652,0.0005663826,0
2120.0,2125.0,2122.5,8.466372e-05,0.0004233186,0
2125.0,2130.0,2127.5,0.0001060187,0.0005300935,0
2130.0,2135.0,2132.5,0.00012509518,0.0006254759,0
2135.0,2140.0,2137.5,9.530232e-05,0.0004765116,0
2140.0,2145.0,2142.5,0.00012156996,0.0006078498,0
2145.0,2150.0,2147.5,0.00012532882,0.0006266441,0
2150.0,2155.0,2152.5,0.0001273981,0.0006369905,0
2155.0,2160.0,2157.5,9.03872e-05,0.000451936,0
2160.0,2165.0,2162.5,0.00011763232,0.0005881616,0
2165.0,2170.0,2167.5,0.00011682534,0.0005841267,0
2170.0,2175.0,2172.5,0.00011180622,0.0005590311,0
2175.0,2180.0,2177.5,0.0001370821,0.0006854105,0
2180.0,2185.0,2182.5,0.00012142774,0.0006071387,0
2185.0,2190.0,2187.5,0.00014641948,0.0007320974,0
2190.0,2195.0,2192.5,0.00010249526,0.0005124763,0
2195.0,2200.0,2197.5,0.00011438482,0.0005719241,0
2200.0,2205.0,2202.5,0.00010344484,0.0005172242,0
2205.0,2210.0,2207.5,0.00011400688,0.0005700344,0
2210.0,2215.0,2212.5,0.00010961248,0.0005480624,0
2215.0,2220.0,2217.5,0.00010470398,0.0005235199,0
2220.0,2225.0,2222.5,0.00010124058,0.0005062029,0
2225.0,2230.0,2227.5,0.00011068002,0.0005534001,0
2230.0,2235.0,2232.5,0.0001167823,0.0005839115,0
2235.0,2240.0,2237.5,0.00011307528,0.0005653764,0
2240.0,2245.0,2242.5,0.0001193635,0.0005968175,0
2245.0,2250.0,2247.5,9.869184e-05,0.0004934592,0
2250.0,2255.0,2252.5,9.871288e-05,0.0004935644,0
2255.0,2260.0,2257.5,9.512064e-05,0.0004756032,0
2260.0,2265.0,2262.5,0.00010485268,0.0005242634,0
2265.0,2270.0,2267.5,0.00012041584,0.0006020792,0
2270.0,2275.0,2272.5,0.00010126764,0.0005063382,0
2275.0,2280.0,2277.5,0.00010119502,0.0005059751,0
2280.0,2285.0,2282.5,0.00010224062,0.0005112031,0
2285.0,2290.0,2287.5,0.0001178454,0.000589227,0
2290.0,2295.0,2292.5,0.00012030834,0.0006015417,0
2295.0,2300.0,2297.5,9.164434e-05,0.0004582217,0
2300.0,2305.0,2302.5,0.00010003162,0.0005001581,0
2305.0,2310.0,2307.5,0.00012157062,0.0006078531,0
2310.0,2315.0,2312.5,0.0001156291,0.0005781455,0
2315.0,2320.0,2317.5,0.00010243582,0.0005121791,0
2320.0,2325.0,2322.5,0.00010837662,0.0005418831,0
2325.0,2330.0,2327.5,9.408202e-05,0.0004704101,0
2330.0,2335.0,2332.5,0.00010003916,0.0005001958,0
2335.0,2340.0,2337.5,0.00010731664,0.0005365832,0
2340.0,2345.0,2342.5,9.393372e-05,0.0004696686,0
2345.0,2350.0,2347.5,0.00010362904,0.0005181452,0
2350.0,2355.0,2352.5,9.166114e-05,0.0004583057,0
2355.0,2360.0,2357.5,0.0001012104,0.000506052,0
2360.0,2365.0,2362.5,0.00011683694,0.0005841847,0
2365.0,2370.0,2367.5,0.00010957066,0.0005478533,0
2370.0,2375.0,2372.5,9.762582e-05,0.0004881291,0
2375.0,2380.0,2377.5,0.00010483788,0.0005241894,0
2380.0,2385.0,2382.5,9.89707e-05,0.0004948535,0
2385.0,2390.0,2387.5,9.995508e-05,0.0004997754,0
2390.0,2395.0,2392.5,0.0001021222,0.000510611,0
2395.0,2400.0,2397.5,0.00010969784,0.0005484892,0
2400.0,2405.0,2402.5,0.00010581174,0.0005290587,0
2405.0,2410.0,2407.5,0.00010374256,0.0005187128,0
2410.0,2415.0,2412.5,0.00010129618,0.0005064809,0
2415.0,2420.0,2417.5,9.894322e-05,0.0004947161,0
2420.0,2425.0,2422.5,9.417232e-05,0.0004708616,0
2425.0,2430.0,2427.5,8.819828e-05,0.0004409914,0
2430.0,2435.0,2432.5,8.943324e-05,0.0004471662,0
2435.0,2440.0,2437.5,8.810674e-05,0.0004405337,0
2440.0,2445.0,2442.5,0.00012528152,0.0006264076,0
2445.0,2450.0,2447.5,0.00010731534,0.0005365767,0
2450.0,2455.0,2452.5,8.476766e-05,0.0004238383,0
2455.0,2460.0,2457.5,9.390374e-05,0.0004695187,0
2460.0,2465.0,2462.5,0.000108093,0.000540465,0
2465.0,2470.0,2467.5,8.350052e-05,0.0004175026,0
2470.0,2475.0,2472.5,8.812966e-05,0.0004406483,0
2475.0,2480.0,2477.5,9.293242e-05,0.0004646621,0
2480.0,2485.0,2482.5,0.00011566256,0.0005783128,0
2485.0,2490.0,2487.5,8.3381e-05,0.000416905,0
2490.0,2495.0,2492.5,9.017484e-05,0.0004508742,0
2495.0,2500.0,2497.5,8.925128e-05,0.0004462564,0
2500.0,2505.0,2502.5,8.5693922e-05,0.00042846961,0
2505.0,2510.0,2507.5,9.286576e-05,0.0004643288,0
2510.0,2515.0,2512.5,8.682746e-05,0.0004341373,0
2515.0,2520.0,2517.5,8.106266e-05,0.0004053133,0
2520.0,2525.0,2522.5,8.107404e-05,0.0004053702,0
2525.0,2530.0,2527.5,8.460566e-05,0.0004230283,0
2530.0,2535.0,2532.5,9.164476e-05,0.0004582238,0
2535.0,2540.0,2537.5,0.00010254878,0.0005127439,0
2540.0,2545.0,2542.5,7.9931476e-05,0.00039965738,0
2545.0,2550.0,2547.5,7.853432e-05,0.0003926716,0
2550.0,2555.0,2552.5,9.288286e-05,0.0004644143,0
2555.0,2560.0,2557.5,9.421218e-05,0.0004710609,0
2560.0,2565.0,2562.5,9.866914e-05,0.0004933457,0
2565.0,2570.0,2567.5,7.405442e-05,0.0003702721,0
2570.0,2575.0,2572.5,9.420432e-05,0.0004710216,0
2575.0,2580.0,2577.5,0.00010239212,0.0005119606,0
2580.0,2585.0,2582.5,0.00010483148,0.0005241574,0
2585.0,2590.0,2587.5,0.00010133462,0.0005066731,0
2590.0,2595.0,2592.5,9.766298e-05,0.0004883149,0
2595.0,2600.0,2597.5,9.1641416e-05,0.00045820708,0
2600.0,2605.0,2602.5,9.63492e-05,0.000481746,0
2605.0,2610.0,2607.5,0.00010352866,0.0005176433,0
2610.0,2615.0,2612.5,9.98994e-05,0.000499497,0
2615.0,2620.0,2617.5,9.639234e-05,0.0004819617,0
2620.0,2625.0,2622.5,9.8911e-05,0.000494555,0
2625.0,2630.0,2627.5,8.831906e-05,0.0004415953,0
2630.0,2635.0,2632.5,9.290708e-05,0.0004645354,0
2635.0,2640.0,2637.5,8.211218e-05,0.0004105609,0
2640.0,2645.0,2642.5,0.00011671704,0.0005835852,0
2645.0,2650.0,2647.5,8.552992e-05,0.0004276496,0
2650.0,2655.0,2652.5,0.00010716052,0.0005358026,0
2655.0,2660.0,2657.5,9.269062e-05,0.0004634531,0
2660.0,2665.0,2662.5,9.88093e-05,0.0004940465,0
2665.0,2670.0,2667.5,8.804316e-05,0.0004402158,0
2670.0,2675.0,2672.5,9.0587496e-05,0.00045293748,0
2675.0,2680.0,2677.5,0.00010123846,0.0005061923,0
2680.0,2685.0,2682.5,9.88471e-05,0.0004942355,0
2685.0,2690.0,2687.5,0.00010482094,0.0005241047,0
2690.0,2695.0,2692.5,0.000107278,0.00053639,0
2695.0,2700.0,2697.5,9.993274e-05,0.0004996637,0
2700.0,2705.0,2702.5,0.00010596526,0.0005298263,0
2705.0,2710.0,2707.5,0.00010948768,0.0005474384,0
2710.0,2715.0,2712.5,0.00010124118,0.0005062059,0
2715.0,2720.0,2717.5,0.00010117766,0.0005058883,0
2720.0,2725.0,2722.5,8.811848e-05,0.0004405924,0
2725.0,2730.0,2727.5,8.574744e-05,0.0004287372,0
2730.0,2735.0,2732.5,8.079694e-05,0.0004039847,0
2735.0,2740.0,2737.5,9.654666e-05,0.0004827333,0
2740.0,2745.0,2742.5,8.708744e-05,0.0004354372,0
2745.0,2750.0,2747.5,0.00010105968,0.0005052984,0
2750.0,2755.0,2752.5,9.060746e-05,0.0004530373,0
2755.0,2760.0,2757.5,9.514606e-05,0.0004757303,0
2760.0,2765.0,2762.5,8.327294e-05,0.0004163647,0
2765.0,2770.0,2767.5,9.40231e-05,0.0004701155,0
2770.0,2775.0,2772.5,8.10724e-05,0.000405362,0
2775.0,2780.0,2777.5,9.393402e-05,0.0004696701,0
2780.0,2785.0,2782.5,7.995132e-05,0.0003997566,0
2785.0,2790.0,2787.5,9.897592e-05,0.0004948796,0
2790.0,2795.0,2792.5,0.00010369622,0.0005184811,0
2795.0,2800.0,2797.5,9.177066e-05,0.0004588533,0
2800.0,2805.0,2802.5,9.380822e-05,0.0004690411,0
2805.0,2810.0,2807.5,9.746566e-05,0.0004873283,0
2810.0,2815.0,2812.5,0.00010128764,0.0005064382,0
2815.0,2820.0,2817.5,8.69953e-05,0.0004349765,0
2820.0,2825.0,2822.5,9.772928e-05,0.0004886464,0
2825.0,2830.0,2827.5,9.053776e-05,0.0004526888,0
2830.0,2835.0,2832.5,8.931438e-05,0.0004465719,0
2835.0,2840.0,2837.5,8.692746e-05,0.0004346373,0
2840.0,2845.0,2842.5,0.00010478534,0.0005239267,0
2845.0,2850.0,2847.5,0.00010019414,0.0005009707,0
2850.0,2855.0,2852.5,0.00010250178,0.0005125089,0
2855.0,2860.0,2857.5,8.699098e-05,0.0004349549,0
2860.0,2865.0,2862.5,0.00010611886,0.0005305943,0
2865.0,2870.0,2867.5,8.829504e-05,0.0004414752,0
2870.0,2875.0,2872.5,8.462828e-05,0.0004231414,0
2875.0,2880.0,2877.5,9.635092e-05,0.0004817546,0
2880.0,2885.0,2882.5,9.769936e-05,0.0004884968,0
2885.0,2890.0,2887.5,9.41249e-05,0.0004706245,0
2890.0,2895.0,2892.5,7.744172e-05,0.0003872086,0
2895.0,2900.0,2897.5,8.683626e-05,0.0004341813,0
2900.0,2905.0,2902.5,7.985506e-05,0.0003992753,0
2905.0,2910.0,2907.5,9.53522e-05,0.000476761,0
2910.0,2915.0,2912.5,7.866846e-05,0.0003933423,0
2915.0,2920.0,2917.5,8.829236e-05,0.0004414618,0
2920.0,2925.0,2922.5,0.0001073162,0.000536581,0
2925.0,2930.0,2927.5,8.46501e-05,0.0004232505,0
2930.0,2935.0,2932.5,0.00010244746,0.0005122373,0
2935.0,2940.0,2937.5,7.969344e-05,0.0003984672,0
2940.0,2945.0,2942.5,7.16289e-05,0.0003581445,0
2945.0,2950.0,2947.5,8.21456e-05,0.000410728,0
2950.0,2955.0,2952.5,8.224326e-05,0.0004112163,0
2955.0,2960.0,2957.5,0.00010000088,0.0005000044,0
2960.0,2965.0,2962.5,7.862592e-05,0.0003931296,0
2965.0,2970.0,2967.5,7.630126e-05,0.0003815063,0
2970.0,2975.0,2972.5,0.00010489524,0.0005244762,0
2975.0,2980.0,2977.5,0.00010113542,0.0005056771,0
2980.0,2985.0,2982.5,8.936232e-05,0.0004468116,0
2985.0,2990.0,2987.5,8.578366e-05,0.0004289183,0
2990.0,2995.0,2992.5,8.826564e-05,0.0004413282,0
2995.0,3000.0,2997.5,0.00010482454,0.0005241227,0
3000.0,3005.0,3002.5,9.28324e-05,0.000464162,0
3005.0,3010.0,3007.5,9.529492e-05,0.0004764746,0
3010.0,3015.0,3012.5,8.93073e-05,0.0004465365,0
3015.0,3020.0,3017.5,9.760988e-05,0.0004880494,0
3020.0,3025.0,3022.5,7.630568e-05,0.0003815284,0
3025.0,3030.0,3027.5,8.457512e-05,0.0004228756,0
3030.0,3035.0,3032.5,9.305146e-05,0.0004652573,0
3035.0,3040.0,3037.5,8.56971e-05,0.0004284855,0
3040.0,3045.0,3042.5,9.04376e-05,0.000452188,0
3045.0,3050.0,3047.5,8.444342e-05,0.0004222171,0
3050.0,3055.0,3052.5,9.780114e-05,0.0004890057,0
3055.0,3060.0,3057.5,9.540208e-05,0.0004770104,0
3060.0,3065.0,3062.5,8.57552e-05,0.000428776,0
3065.0,3070.0,3067.5,0.00010006294,0.0005003147,0
3070.0,3075.0,3072.5,9.056126e-05,0.0004528063,0
3075.0,3080.0,3077.5,0.00010106678,0.0005053339,0
3080.0,3085.0,3082.5,8.700888e-05,0.0004350444,0
3085.0,3090.0,3087.5,9.413606e-05,0.0004706803,0
3090.0,3095.0,3092.5,8.561456e-05,0.0004280728,0
3095.0,3100.0,3097.5,0.00010615748,0.0005307874,0
3100.0,3105.0,3102.5,0.00010011002,0.0005005501,0
3105.0,3110.0,3107.5,9.990676e-05,0.0004995338,0
3110.0,3115.0,3112.5,0.0001083533,0.0005417665,0
3115.0,3120.0,3117.5,7.492244e-05,0.0003746122,0
3120.0,3125.0,3122.5,7.973786e-05,0.0003986893,0
3125.0,3130.0,3127.5,9.289708e-05,0.0004644854,0
3130.0,3135.0,3132.5,0.0001023303,0.0005116515,0
3135.0,3140.0,3137.5,7.965958e-05,0.0003982979,0
3140.0,3145.0,3142.5,9.419324e-05,0.0004709662,0
3145.0,3150.0,3147.5,8.700262e-05,0.0004350131,0
3150.0,3155.0,3152.5,8.571706e-05,0.0004285853,0
3155.0,3160.0,3157.5,8.317728e-05,0.0004158864,0
3160.0,3165.0,3162.5,0.00010467198,0.0005233599,0
3165.0,3170.0,3167.5,9.062852e-05,0.0004531426,0
3170.0,3175.0,3172.5,9.288582e-05,0.0004644291,0
3175.0,3180.0,3177.5,8.350242e-05,0.0004175121,0
3180.0,3185.0,3182.5,8.561608e-05,0.0004280804,0
3185.0,3190.0,3187.5,9.287628e-05,0.0004643814,0
3190.0,3195.0,3192.5,9.517234e-05,0.0004758617,0
3195.0,3200.0,3197.5,0.00010727372,0.0005363686,0
3200.0,3205.0,3202.5,8.461332e-05,0.0004230666,0
3205.0,3210.0,3207.5,9.5209232e-05,0.00047604616,0
3210.0,3215.0,3212.5,7.964246e-05,0.0003982123,0
3215.0,3220.0,3217.5,0.00010347022,0.0005173511,0
3220.0,3225.0,3222.5,7.7467e-05,0.000387335,0
3225.0,3230.0,3227.5,8.115246e-05,0.0004057623,0
3230.0,3235.0,3232.5,8.577026e-05,0.0004288513,0
3235.0,3240.0,3237.5,8.932228e-05,0.0004466114,0
3240.0,3245.0,3242.5,9.645516e-05,0.0004822758,0
3245.0,3250.0,3247.5,8.924484e-05,0.0004462242,0
3250.0,3255.0,3252.5,0.00010835418,0.0005417709,0
3255.0,3260.0,3257.5,7.743534e-05,0.0003871767,0
3260.0,3265.0,3262.5,9.286592e-05,0.0004643296,0
3265.0,3270.0,3267.5,8.583244e-05,0.0004291622,0
3270.0,3275.0,3272.5,7.506172e-05,0.0003753086,0
3275.0,3280.0,3277.5,9.542544e-05,0.0004771272,0
3280.0,3285.0,3282.5,8.810032e-05,0.0004405016,0
3285.0,3290.0,3287.5,9.423392e-05,0.0004711696,0
3290.0,3295.0,3292.5,7.74845e-05,0.0003874225,0
3295.0,3300.0,3297.5,0.00010010912,0.0005005456,0
3300.0,3305.0,3302.5,9.657744e-05,0.0004828872,0
3305.0,3310.0,3307.5,0.00010008076,0.0005004038,0
3310.0,3315.0,3312.5,0.00010245118,0.0005122559,0
3315.0,3320.0,3317.5,7.372518e-05,0.0003686259,0
3320.0,3325.0,3322.5,9.756984e-05,0.0004878492,0
3325.0,3330.0,3327.5,8.805192e-05,0.0004402596,0
3330.0,3335.0,3332.5,8.931208e-05,0.0004465604,0
3335.0,3340.0,3337.5,7.405308e-05,0.0003702654,0
3340.0,3345.0,3342.5,9.060028e-05,0.0004530014,0
3345.0,3350.0,3347.5,9.99136e-05,0.000499568,0
3350.0,3355.0,3352.5,9.277406e-05,0.0004638703,0
3355.0,3360.0,3357.5,7.986996e-05,0.0003993498,0
3360.0,3365.0,3362.5,7.7313392e-05,0.00038656696,0
3365.0,3370.0,3367.5,8.699842e-05,0.0004349921,0
3370.0,3375.0,3372.5,9.51798e-05,0.000475899,0
3375.0,3380.0,3377.5,8.466758e-05,0.0004233379,0
3380.0,3385.0,3382.5,7.849866e-05,0.0003924933,0
3385.0,3390.0,3387.5,7.38869e-05,0.0003694345,0
3390.0,3395.0,3392.5,0.00010740028,0.0005370014,0
3395.0,3400.0,3397.5,9.301248e-05,0.0004650624,0
3400.0,3405.0,3402.5,8.311418e-05,0.0004155709,0
3405.0,3410.0,3407.5,8.560954e-05,0.0004280477,0
3410.0,3415.0,3412.5,0.00010593752,0.0005296876,0
3415.0,3420.0,3417.5,0.0001036135,0.0005180675,0
3420.0,3425.0,3422.5,0.0001023973,0.0005119865,0
3425.0,3430.0,3427.5,9.658804e-05,0.0004829402,0
3430.0,3435.0,3432.5,8.357028e-05,0.0004178514,0
3435.0,3440.0,3437.5,8.348772e-05,0.0004174386,0
3440.0,3445.0,3442.5,7.501824e-05,0.0003750912,0
3445.0,3450.0,3447.5,6.2996016e-05,0.00031498008,0
3450.0,3455.0,3452.5,8.57819e-05,0.0004289095,0
3455.0,3460.0,3457.5,7.3808318e-05,0.00036904159,0
3460.0,3465.0,3462.5,8.58696e-05,0.000429348,0
3465.0,3470.0,3467.5,0.00011685878,0.0005842939,0
3470.0,3475.0,3472.5,7.268388e-05,0.0003634194,0
3475.0,3480.0,3477.5,8.200778e-05,0.0004100389,0
3480.0,3485.0,3482.5,7.750832e-05,0.0003875416,0
3485.0,3490.0,3487.5,0.00010249588,0.0005124794,0
3490.0,3495.0,3492.5,7.494262e-05,0.0003747131,0
3495.0,3500.0,3497.5,8.448132e-05,0.0004224066,0
3500.0,3505.0,3502.5,8.58355e-05,0.0004291775,0
3505.0,3510.0,3507.5,8.558578e-05,0.0004279289,0
3510.0,3515.0,3512.5,0.00010094972,0.0005047486,0
3515.0,3520.0,3517.5,7.494928e-05,0.0003747464,0
3520.0,3525.0,3522.5,8.92164e-05,0.000446082,0
3525.0,3530.0,3527.5,6.787154e-05,0.0003393577,0
3530.0,3535.0,3532.5,9.880178e-05,0.0004940089,0
3535.0,3540.0,3537.5,8.3360018e-05,0.00041680009,0
3540.0,3545.0,3542.5,0.00010706332,0.0005353166,0
3545.0,3550.0,3547.5,8.454054e-05,0.0004227027,0
3550.0,3555.0,3552.5,9.405856e-05,0.0004702928,0
3555.0,3560.0,3557.5,7.015008e-05,0.0003507504,0
3560.0,3565.0,3562.5,6.074876e-05,0.0003037438,0
3565.0,3570.0,3567.5,7.98765e-05,0.0003993825,0
3570.0,3575.0,3572.5,7.99799e-05,0.0003998995,0
3575.0,3580.0,3577.5,8.928058e-05,0.0004464029,0
3580.0,3585.0,3582.5,8.33393e-05,0.0004166965,0
3585.0,3590.0,3587.5,0.00010352158,0.0005176079,0
3590.0,3595.0,3592.5,7.260182e-05,0.0003630091,0
3595.0,3600.0,3597.5,8.09756e-05,0.000404878,0
3600.0,3605.0,3602.5,0.0001178822,0.000589411,0
3605.0,3610.0,3607.5,8.436864e-05,0.0004218432,0
3610.0,3615.0,3612.5,7.872428e-05,0.0003936214,0
3615.0,3620.0,3617.5,7.2735548e-05,0.00036367774,0
3620.0,3625.0,3622.5,8.347868e-05,0.0004173934,0
3625.0,3630.0,3627.5,7.495092e-05,0.0003747546,0
3630.0,3635.0,3632.5,7.503672e-05,0.0003751836,0
3635.0,3640.0,3637.5,7.373072e-05,0.0003686536,0
3640.0,3645.0,3642.5,8.45634e-05,0.000422817,0
3645.0,3650.0,3647.5,8.213e-05,0.00041065,0
3650.0,3655.0,3652.5,9.184094e-05,0.0004592047,0
3655.0,3660.0,3657.5,8.225067e-05,0.00041125335,0
3660.0,3665.0,3662.5,8.215778e-05,0.0004107889,0
3665.0,3670.0,3667.5,7.507124e-05,0.0003753562,0
3670.0,3675.0,3672.5,8.80639e-05,0.0004403195,0
3675.0,3680.0,3677.5,8.098338e-05,0.0004049169,0
3680.0,3685.0,3682.5,0.00010238738,0.0005119369,0
3685.0,3690.0,3687.5,8.2212154e-05,0.00041106077,0
3690.0,3695.0,3692.5,5.488288e-05,0.0002744144,0
3695.0,3700.0,3697.5,8.566246e-05,0.0004283123,0
3700.0,3705.0,3702.5,8.586178e-05,0.0004293089,0
3705.0,3710.0,3707.5,6.5725428e-05,0.00032862714,0
3710.0,3715.0,3712.5,8.706736e-05,0.0004353368,0
3715.0,3720.0,3717.5,8.44228e-05,0.000422114,0
3720.0,3725.0,3722.5,6.568448e-05,0.0003284224,0
3725.0,3730.0,3727.5,9.299832e-05,0.0004649916,0
3730.0,3735.0,3732.5,9.04715e-05,0.0004523575,0
3735.0,3740.0,3737.5,7.2804794e-05,0.00036402397,0
3740.0,3745.0,3742.5,8.70227e-05,0.0004351135,0
3745.0,3750.0,3747.5,7.621411e-05,0.00038107055,0
3750.0,3755.0,3752.5,7.849854e-05,0.0003924927,0
3755.0,3760.0,3757.5,6.914882e-05,0.0003457441,0
3760.0,3765.0,3762.5,8.834018e-05,0.0004417009,0
3765.0,3770.0,3767.5,7.609576e-05,0.0003804788,0
3770.0,3775.0,3772.5,7.263846e-05,0.0003631923,0
3775.0,3780.0,3777.5,8.952654e-05,0.0004476327,0
3780.0,3785.0,3782.5,7.976142e-05,0.0003988071,0
3785.0,3790.0,3787.5,5.367644e-05,0.0002683822,0
3790.0,3795.0,3792.5,8.456222e-05,0.0004228111,0
3795.0,3800.0,3797.5,6.67092e-05,0.000333546,0
3800.0,3805.0,3802.5,9.417244e-05,0.0004708622,0
3805.0,3810.0,3807.5,8.574518e-05,0.0004287259,0
3810.0,3815.0,3812.5,7.867458e-05,0.0003933729,0
3815.0,3820.0,3817.5,7.50428e-05,0.000375214,0
3820.0,3825.0,3822.5,7.864684e-05,0.0003932342,0
3825.0,3830.0,3827.5,6.657088e-05,0.0003328544,0
3830.0,3835.0,3832.5,7.636184e-05,0.0003818092,0
3835.0,3840.0,3837.5,7.746102e-05,0.0003873051,0
3840.0,3845.0,3842.5,8.212418e-05,0.0004106209,0
3845.0,3850.0,3847.5,8.192352e-05,0.0004096176,0
3850.0,3855.0,3852.5,9.399248e-05,0.0004699624,0
3855.0,3860.0,3857.5,9.784086e-05,0.0004892043,0
3860.0,3865.0,3862.5,7.5071554e-05,0.00037535777,0
3865.0,3870.0,3867.5,8.338652e-05,0.0004169326,0
3870.0,3875.0,3872.5,6.777834e-05,0.0003388917,0
3875.0,3880.0,3877.5,8.21827e-05,0.0004109135,0
3880.0,3885.0,3882.5,9.550008e-05,0.0004775004,0
3885.0,3890.0,3887.5,6.558686e-05,0.0003279343,0
3890.0,3895.0,3892.5,8.460222e-05,0.0004230111,0
3895.0,3900.0,3897.5,7.15409e-05,0.0003577045,0
3900.0,3905.0,3902.5,7.608265e-05,0.00038041325,0
3905.0,3910.0,3907.5,9.417334e-05,0.0004708667,0
3910.0,3915.0,3912.5,8.220216e-05,0.0004110108,0
3915.0,3920.0,3917.5,7.389208e-05,0.0003694604,0
3920.0,3925.0,3922.5,8.21716e-05,0.000410858,0
3925.0,3930.0,3927.5,7.742416e-05,0.0003871208,0
3930.0,3935.0,3932.5,7.847082e-05,0.0003923541,0
3935.0,3940.0,3937.5,6.537204e-05,0.0003268602,0
3940.0,3945.0,3942.5,7.983506e-05,0.0003991753,0
3945.0,3950.0,3947.5,6.315456e-05,0.0003157728,0
3950.0,3955.0,3952.5,7.505078e-05,0.0003752539,0
3955.0,3960.0,3957.5,9.0429e-05,0.000452145,0
3960.0,3965.0,3962.5,6.5547452e-05,0.00032773726,0
3965.0,3970.0,3967.5,7.978762e-05,0.0003989381,0
3970.0,3975.0,3972.5,6.667412e-05,0.0003333706,0
3975.0,3980.0,3977.5,6.8952402e-05,0.00034476201,0
3980.0,3985.0,3982.5,8.112994e-05,0.0004056497,0
3985.0,3990.0,3987.5,7.618112e-05,0.0003809056,0
3990.0,3995.0,3992.5,7.981318e-05,0.0003990659,0
3995.0,4000.0,3997.5,7.141008e-05,0.0003570504,0
4000.0,4005.0,4002.5,8.346512e-05,0.0004173256,0
4005.0,4010.0,4007.5,9.401204e-05,0.0004700602,0
4010.0,4015.0,4012.5,7.991808e-05,0.0003995904,0
4015.0,4020.0,4017.5,9.291066e-05,0.0004645533,0
4020.0,4025.0,4022.5,7.508042e-05,0.0003754021,0
4025.0,4030.0,4027.5,6.428058e-05,0.0003214029,0
4030.0,4035.0,4032.5,9.179262e-05,0.0004589631,0
4035.0,4040.0,4037.5,6.2945122e-05,0.00031472561,0
4040.0,4045.0,4042.5,7.367228e-05,0.0003683614,0
4045.0,4050.0,4047.5,0.00010129112,0.0005064556,0
4050.0,4055.0,4052.5,8.95765e-05,0.0004478825,0
4055.0,4060.0,4057.5,7.989882e-05,0.0003994941,0
4060.0,4065.0,4062.5,7.382716e-05,0.0003691358,0
4065.0,4070.0,4067.5,7.860062e-05,0.0003930031,0
4070.0,4075.0,4072.5,5.818506e-05,0.0002909253,0
4075.0,4080.0,4077.5,7.730368e-05,0.0003865184,0
4080.0,4085.0,4082.5,8.100386e-05,0.0004050193,0
4085.0,4090.0,4087.5,7.87486e-05,0.000393743,0
4090.0,4095.0,4092.5,8.818476e-05,0.0004409238,0
4095.0,4100.0,4097.5,6.20843e-05,0.0003104215,0
4100.0,4105.0,4102.5,6.196944e-05,0.0003098472,0
4105.0,4110.0,4107.5,7.516252e-05,0.0003758126,0
4110.0,4115.0,4112.5,8.336894e-05,0.0004168447,0
4115.0,4120.0,4117.5,7.021784e-05,0.0003510892,0
4120.0,4125.0,4122.5,8.343604e-05,0.0004171802,0
4125.0,4130.0,4127.5,8.317544e-05,0.0004158772,0
4130.0,4135.0,4132.5,7.028132e-05,0.0003514066,0
4135.0,4140.0,4137.5,6.551398e-05,0.0003275699,0
4140.0,4145.0,4142.5,7.15226e-05,0.000357613,0
4145.0,4150.0,4147.5,6.53598e-05,0.000326799,0
4150.0,4155.0,4152.5,7.387338e-05,0.0003693669,0
4155.0,4160.0,4157.5,8.213092e-05,0.0004106546,0
4160.0,4165.0,4162.5,8.591694e-05,0.0004295847,0
4165.0,4170.0,4167.5,8.821296e-05,0.0004410648,0
4170.0,4175.0,4172.5,7.0325236e-05,0.00035162618,0
4175.0,4180.0,4177.5,9.542314e-05,0.0004771157,0
4180.0,4185.0,4182.5,8.556906e-05,0.0004278453,0
4185.0,4190.0,4187.5,8.336548e-05,0.0004168274,0
4190.0,4195.0,4192.5,9.40329e-05,0.0004701645,0
4195.0,4200.0,4197.5,8.549226e-05,0.0004274613,0
4200.0,4205.0,4202.5,6.767672e-05,0.0003383836,0
4205.0,4210.0,4207.5,6.671428e-05,0.0003335714,0
4210.0,4215.0,4212.5,7.611922e-05,0.0003805961,0
4215.0,4220.0,4217.5,7.858646e-05,0.0003929323,0
4220.0,4225.0,4222.5,8.331832e-05,0.0004165916,0
4225.0,4230.0,4227.5,8.483302e-05,0.0004241651,0
4230.0,4235.0,4232.5,6.905612e-05,0.0003452806,0
4235.0,4240.0,4237.5,6.32795e-05,0.0003163975,0
4240.0,4245.0,4242.5,8.09377e-05,0.0004046885,0
4245.0,4250.0,4247.5,6.308392e-05,0.0003154196,0
4250.0,4255.0,4252.5,7.973558e-05,0.0003986779,0
4255.0,4260.0,4257.5,9.185978e-05,0.0004592989,0
4260.0,4265.0,4262.5,8.229938e-05,0.0004114969,0
4265.0,4270.0,4267.5,8.580214e-05,0.0004290107,0
4270.0,4275.0,4272.5,7.624732e-05,0.0003812366,0
4275.0,4280.0,4277.5,6.785286e-05,0.0003392643,0
4280.0,4285.0,4282.5,9.420224e-05,0.0004710112,0
4285.0,4290.0,4287.5,7.6390028e-05,0.00038195014,0
4290.0,4295.0,4292.5,5.969056e-05,0.0002984528,0
4295.0,4300.0,4297.5,7.486334e-05,0.0003743167,0
4300.0,4305.0,4302.5,7.492592e-05,0.0003746296,0
4305.0,4310.0,4307.5,7.850602e-05,0.0003925301,0
4310.0,4315.0,4312.5,7.146986e-05,0.0003573493,0
4315.0,4320.0,4317.5,6.18155e-05,0.0003090775,0
4320.0,4325.0,4322.5,6.565188e-05,0.0003282594,0
4325.0,4330.0,4327.5,6.4240202e-05,0.00032120101,0
4330.0,4335.0,4332.5,7.155964e-05,0.0003577982,0
4335.0,4340.0,4337.5,8.926404e-05,0.0004463202,0
4340.0,4345.0,4342.5,5.485432e-05,0.0002742716,0
4345.0,4350.0,4347.5,7.392438e-05,0.0003696219,0
4350.0,4355.0,4352.5,5.1326948e-05,0.00025663474,0
4355.0,4360.0,4357.5,6.80841e-05,0.0003404205,0
4360.0,4365.0,4362.5,8.462178e-05,0.0004231089,0
4365.0,4370.0,4367.5,7.879964e-05,0.0003939982,0
4370.0,4375.0,4372.5,6.922456e-05,0.0003461228,0
4375.0,4380.0,4377.5,5.352742e-05,0.0002676371,0
4380.0,4385.0,4382.5,9.417308e-05,0.0004708654,0
4385.0,4390.0,4387.5,7.485076e-05,0.0003742538,0
4390.0,4395.0,4392.5,9.534276e-05,0.0004767138,0
4395.0,4400.0,4397.5,7.13802e-05,0.000356901,0
4400.0,4405.0,4402.5,6.560036e-05,0.0003280018,0
4405.0,4410.0,4407.5,7.51103e-05,0.0003755515,0
4410.0,4415.0,4412.5,6.42837e-05,0.0003214185,0
4415.0,4420.0,4417.5,8.4660448e-05,0.00042330224,0
4420.0,4425.0,4422.5,8.355108e-05,0.0004177554,0
4425.0,4430.0,4427.5,8.232154e-05,0.0004116077,0
4430.0,4435.0,4432.5,7.509234e-05,0.0003754617,0
4435.0,4440.0,4437.5,6.439052e-05,0.0003219526,0
4440.0,4445.0,4442.5,8.337018e-05,0.0004168509,0
4445.0,4450.0,4447.5,5.35484e-05,0.000267742,0
4450.0,4455.0,4452.5,6.081204e-05,0.0003040602,0
4455.0,4460.0,4457.5,5.49676e-05,0.000274838,0
4460.0,4465.0,4462.5,7.966264e-05,0.0003983132,0
4465.0,4470.0,4467.5,8.46929e-05,0.0004234645,0
4470.0,4475.0,4472.5,8.45234e-05,0.000422617,0
4475.0,4480.0,4477.5,6.082438e-05,0.0003041219,0
4480.0,4485.0,4482.5,6.5515254e-05,0.00032757627,0
4485.0,4490.0,4487.5,7.145916e-05,0.0003572958,0
4490.0,4495.0,4492.5,6.792944e-05,0.0003396472,0
4495.0,4500.0,4497.5,8.337282e-05,0.0004168641,0
4500.0,4505.0,4502.5,7.876943e-05,0.00039384715,0
4505.0,4510.0,4507.5,7.513768e-05,0.0003756884,0
4510.0,4515.0,4512.5,7.869458e-05,0.0003934729,0
4515.0,4520.0,4517.5,5.7312534e-05,0.00028656267,0
4520.0,4525.0,4522.5,6.673202e-05,0.0003336601,0
4525.0,4530.0,4527.5,8.6865e-05,0.000434325,0
4530.0,4535.0,4532.5,6.199878e-05,0.0003099939,0
4535.0,4540.0,4537.5,7.289326e-05,0.0003644663,0
4540.0,4545.0,4542.5,7.98845e-05,0.0003994225,0
4545.0,4550.0,4547.5,5.478794e-05,0.0002739397,0
4550.0,4555.0,4552.5,5.957318e-05,0.0002978659,0
4555.0,4560.0,4557.5,5.11789e-05,0.0002558945,0
4560.0,4565.0,4562.5,7.143106e-05,0.0003571553,0
4565.0,4570.0,4567.5,5.8295216e-05,0.00029147608,0
4570.0,4575.0,4572.5,5.48383e-05,0.0002741915,0
4575.0,4580.0,4577.5,7.488118e-05,0.0003744059,0
4580.0,4585.0,4582.5,5.481977e-05,0.00027409885,0
4585.0,4590.0,4587.5,6.557356e-05,0.0003278678,0
4590.0,4595.0,4592.5,7.15883e-05,0.0003579415,0
4595.0,4600.0,4597.5,5.2339398e-05,0.00026169699,0
4600.0,4605.0,4602.5,6.791082e-05,0.0003395541,0
4605.0,4610.0,4607.5,6.196172e-05,0.0003098086,0
4610.0,4615.0,4612.5,5.4763662e-05,0.00027381831,0
4615.0,4620.0,4617.5,8.11531e-05,0.0004057655,0
4620.0,4625.0,4622.5,6.425572e-05,0.0003212786,0
4625.0,4630.0,4627.5,7.26971e-05,0.0003634855,0
4630.0,4635.0,4632.5,7.73288e-05,0.000386644,0
4635.0,4640.0,4637.5,8.125278e-05,0.0004062639,0
4640.0,4645.0,4642.5,7.272684e-05,0.0003636342,0
4645.0,4650.0,4647.5,7.622626e-05,0.0003811313,0
4650.0,4655.0,4652.5,5.7078816e-05,0.00028539408,0
4655.0,4660.0,4657.5,7.14923e-05,0.0003574615,0
4660.0,4665.0,4662.5,7.034704e-05,0.0003517352,0
4665.0,4670.0,4667.5,7.63108e-05,0.000381554,0
4670.0,4675.0,4672.5,9.642372e-05,0.0004821186,0
4675.0,4680.0,4677.5,6.780564e-05,0.0003390282,0
4680.0,4685.0,4682.5,6.186024e-05,0.0003093012,0
4685.0,4690.0,4687.5,7.396688e-05,0.0003698344,0
4690.0,4695.0,4692.5,6.32582e-05,0.000316291,0
4695.0,4700.0,4697.5,8.105904e-05,0.0004052952,0
4700.0,4705.0,4702.5,6.797716e-05,0.0003398858,0
4705.0,4710.0,4707.5,6.553546e-05,0.0003276773,0
4710.0,4715.0,4712.5,6.310798e-05,0.0003155399,0
4715.0,4720.0,4717.5,6.676122e-05,0.0003338061,0
4720.0,4725.0,4722.5,7.970326e-05,0.0003985163,0
4725.0,4730.0,4727.5,7.02991e-05,0.0003514955,0
4730.0,4735.0,4732.5,8.593952e-05,0.0004296976,0
4735.0,4740.0,4737.5,6.916312e-05,0.0003458156,0
4740.0,4745.0,4742.5,7.617966e-05,0.0003808983,0
4745.0,4750.0,4747.5,6.6508358e-05,0.00033254179,0
4750.0,4755.0,4752.5,6.092084e-05,0.0003046042,0
4755.0,4760.0,4757.5,6.778816e-05,0.0003389408,0
4760.0,4765.0,4762.5,6.319858e-05,0.0003159929,0
4765.0,4770.0,4767.5,5.255846e-05,0.0002627923,0
4770.0,4775.0,4772.5,7.0441178e-05,0.00035220589,0
4775.0,4780.0,4777.5,7.639402e-05,0.0003819701,0
4780.0,4785.0,4782.5,6.550032e-05,0.0003275016,0
4785.0,4790.0,4787.5,6.448564e-05,0.0003224282,0
4790.0,4795.0,4792.5,5.595929e-05,0.00027979645,0
4795.0,4800.0,4797.5,7.496086e-05,0.0003748043,0
4800.0,4805.0,4802.5,7.255154e-05,0.0003627577,0
4805.0,4810.0,4807.5,7.264502e-05,0.0003632251,0
4810.0,4815.0,4812.5,6.189778e-05,0.0003094889,0
4815.0,4820.0,4817.5,6.795298e-05,0.0003397649,0
4820.0,4825.0,4822.5,6.672814e-05,0.0003336407,0
4825.0,4830.0,4827.5,6.304852e-05,0.0003152426,0
4830.0,4835.0,4832.5,4.895716e-05,0.0002447858,0
4835.0,4840.0,4837.5,7.872344e-05,0.0003936172,0
4840.0,4845.0,4842.5,7.149792e-05,0.0003574896,0
4845.0,4850.0,4847.5,6.200954e-05,0.0003100477,0
4850.0,4855.0,4852.5,7.758628e-05,0.0003879314,0
4855.0,4860.0,4857.5,5.604904e-05,0.0002802452,0
4860.0,4865.0,4862.5,8.441054e-05,0.0004220527,0
4865.0,4870.0,4867.5,4.650272e-05,0.0002325136,0
4870.0,4875.0,4872.5,6.5529536e-05,0.00032764768,0
4875.0,4880.0,4877.5,7.386306e-05,0.0003693153,0
4880.0,4885.0,4882.5,6.077372e-05,0.0003038686,0
4885.0,4890.0,4887.5,6.328094e-05,0.0003164047,0
4890.0,4895.0,4892.5,5.949198e-05,0.0002974599,0
4895.0,4900.0,4897.5,6.794662e-05,0.0003397331,0
4900.0,4905.0,4902.5,7.504382e-05,0.0003752191,0
4905.0,4910.0,4907.5,6.55442e-05,0.000327721,0
4910.0,4915.0,4912.5,5.356446e-05,0.0002678223,0
4915.0,4920.0,4917.5,8.220454e-05,0.0004110227,0
4920.0,4925.0,4922.5,8.226154e-05,0.0004113077,0
4925.0,4930.0,4927.5,5.83315e-05,0.0002916575,0
4930.0,4935.0,4932.5,6.184072e-05,0.0003092036,0
4935.0,4940.0,4937.5,5.8421816e-05,0.00029210908,0
4940.0,4945.0,4942.5,6.7951096e-05,0.00033975548,0
4945.0,4950.0,4947.5,6.676882e-05,0.0003338441,0
4950.0,4955.0,4952.5,6.913526e-05,0.0003456763,0
4955.0,4960.0,4957.5,6.555488e-05,0.0003277744,0
4960.0,4965.0,4962.5,5.71915e-05,0.0002859575,0
4965.0,4970.0,4967.5,6.09042e-05,0.000304521,0
4970.0,4975.0,4972.5,5.844642e-05,0.0002922321,0
4975.0,4980.0,4977.5,7.147362e-05,0.0003573681,0
4980.0,4985.0,4982.5,6.3159622e-05,0.00031579811,0
4985.0,4990.0,4987.5,7.515246e-05,0.0003757623,0
4990.0,4995.0,4992.5,5.1099796e-05,0.00025549898,0
4995.0,5000.0,4997.5,6.907402e-05,0.0003453701,0
5000.0,5005.0,5002.5,7.985962e-05,0.0003992981,0
5005.0,5010.0,5007.5,5.23179e-05,0.0002615895,0
5010.0,5015.0,5012.5,5.611148e-05,0.0002805574,0
5015.0,5020.0,5017.5,5.2264636e-05,0.00026132318,0
5020.0,5025.0,5022.5,5.967906e-05,0.0002983953,0
5025.0,5030.0,5027.5,5.366118e-05,0.0002683059,0
5030.0,5035.0,5032.5,6.0828628e-05,0.00030414314,0
5035.0,5040.0,5037.5,5.709372e-05,0.0002854686,0
5040.0,5045.0,5042.5,6.550658e-05,0.0003275329,0
5045.0,5050.0,5047.5,6.3277748e-05,0.00031638874,0
5050.0,5055.0,5052.5,7.14871e-05,0.0003574355,0
5055.0,5060.0,5057.5,7.162486e-05,0.0003581243,0
5060.0,5065.0,5062.5,6.317132e-05,0.0003158566,0
5065.0,5070.0,5067.5,7.847906e-05,0.0003923953,0
5070.0,5075.0,5072.5,5.720276e-05,0.0002860138,0
5075.0,5080.0,5077.5,5.84646e-05,0.000292323,0
5080.0,5085.0,5082.5,7.15092e-05,0.000357546,0
5085.0,5090.0,5087.5,7.526052e-05,0.0003763026,0
5090.0,5095.0,5092.5,8.461528e-05,0.0004230764,0
5095.0,5100.0,5097.5,7.746054e-05,0.0003873027,0
5100.0,5105.0,5102.5,4.3879632e-05,0.00021939816,0
5105.0,5110.0,5107.5,5.2354716e-05,0.00026177358,0
5110.0,5115.0,5112.5,5.7154578e-05,0.00028577289,0
5115.0,5120.0,5117.5,6.089496e-05,0.0003044748,0
5120.0,5125.0,5122.5,6.799896e-05,0.0003399948,0
5125.0,5130.0,5127.5,7.146422e-05,0.0003573211,0
5130.0,5135.0,5132.5,6.201778e-05,0.0003100889,0
5135.0,5140.0,5137.5,6.078516e-05,0.0003039258,0
5140.0,5145.0,5142.5,4.5261352e-05,0.00022630676,0
5145.0,5150.0,5147.5,7.395396e-05,0.0003697698,0
5150.0,5155.0,5152.5,5.841122e-05,0.0002920561,0
5155.0,5160.0,5157.5,6.1829718e-05,0.00030914859,0
5160.0,5165.0,5162.5,5.9376096e-05,0.00029688048,0
5165.0,5170.0,5167.5,6.689192e-05,0.0003344596,0
5170.0,5175.0,5172.5,7.039202e-05,0.0003519601,0
5175.0,5180.0,5177.5,5.6101816e-05,0.00028050908,0
5180.0,5185.0,5182.5,5.837132e-05,0.0002918566,0
5185.0,5190.0,5187.5,6.810746e-05,0.0003405373,0
5190.0,5195.0,5192.5,5.715404e-05,0.0002857702,0
5195.0,5200.0,5197.5,4.8924654e-05,0.00024462327,0
5200.0,5205.0,5202.5,6.080952e-05,0.0003040476,0
5205.0,5210.0,5207.5,5.838546e-05,0.0002919273,0
5210.0,5215.0,5212.5,4.884274e-05,0.0002442137,0
5215.0,5220.0,5217.5,7.507362e-05,0.0003753681,0
5220.0,5225.0,5222.5,6.794788e-05,0.0003397394,0
5225.0,5230.0,5227.5,5.831286e-05,0.0002915643,0
5230.0,5235.0,5232.5,5.248972e-05,0.0002624486,0
5235.0,5240.0,5237.5,8.2354e-05,0.00041177,0
5240.0,5245.0,5242.5,5.95149e-05,0.0002975745,0
5245.0,5250.0,5247.5,6.55339e-05,0.0003276695,0
5250.0,5255.0,5252.5,6.094548e-05,0.0003047274,0
5255.0,5260.0,5257.5,3.9227648e-05,0.00019613824,0
5260.0,5265.0,5262.5,7.631486e-05,0.0003815743,0
5265.0,5270.0,5267.5,7.512866e-05,0.0003756433,0
5270.0,5275.0,5272.5,5.3637216e-05,0.00026818608,0
5275.0,5280.0,5277.5,6.782346e-05,0.0003391173,0
5280.0,5285.0,5282.5,7.865052e-05,0.0003932526,0
5285.0,5290.0,5287.5,6.810508e-05,0.0003405254,0
5290.0,5295.0,5292.5,6.675732e-05,0.0003337866,0
5295.0,5300.0,5297.5,5.2503256e-05,0.00026251628,0
5300.0,5305.0,5302.5,6.554292e-05,0.0003277146,0
5305.0,5310.0,5307.5,5.3594532e-05,0.00026797266,0
5310.0,5315.0,5312.5,6.54602e-05,0.000327301,0
5315.0,5320.0,5317.5,6.09387e-05,0.0003046935,0
5320.0,5325.0,5322.5,4.1731918e-05,0.00020865959,0
5325.0,5330.0,5327.5,6.073868e-05,0.0003036934,0
5330.0,5335.0,5332.5,6.430378e-05,0.0003215189,0
5335.0,5340.0,5337.5,5.249716e-05,0.0002624858,0
5340.0,5345.0,5342.5,4.525442e-05,0.0002262721,0
5345.0,5350.0,5347.5,7.746634e-05,0.0003873317,0
5350.0,5355.0,5352.5,6.3195e-05,0.000315975,0
5355.0,5360.0,5357.5,6.190593e-05,0.00030952965,0
5360.0,5365.0,5362.5,6.784184e-05,0.0003392092,0
5365.0,5370.0,5367.5,5.834804e-05,0.0002917402,0
5370.0,5375.0,5372.5,6.080468e-05,0.0003040234,0
5375.0,5380.0,5377.5,7.14901e-05,0.0003574505,0
5380.0,5385.0,5382.5,3.8028256e-05,0.00019014128,0
5385.0,5390.0,5387.5,6.558266e-05,0.0003279133,0
5390.0,5395.0,5392.5,5.85036e-05,0.000292518,0
5395.0,5400.0,5397.5,6.306844e-05,0.0003153422,0
5400.0,5405.0,5402.5,6.30836e-05,0.000315418,0
5405.0,5410.0,5407.5,5.605172e-05,0.0002802586,0
5410.0,5415.0,5412.5,4.7647856e-05,0.00023823928,0
5415.0,5420.0,5417.5,5.703064e-05,0.0002851532,0
5420.0,5425.0,5422.5,5.956752e-05,0.0002978376,0
5425.0,5430.0,5427.5,5.138541e-05,0.00025692705,0
5430.0,5435.0,5432.5,6.323502e-05,0.0003161751,0
5435.0,5440.0,5437.5,5.008786e-05,0.0002504393,0
5440.0,5445.0,5442.5,6.664764e-05,0.0003332382,0
5445.0,5450.0,5447.5,7.26239e-05,0.0003631195,0
5450.0,5455.0,5452.5,6.197016e-05,0.0003098508,0
5455.0,5460.0,5457.5,8.208202e-05,0.0004104101,0
5460.0,5465.0,5462.5,6.566442e-05,0.0003283221,0
5465.0,5470.0,5467.5,5.23439e-05,0.0002617195,0
5470.0,5475.0,5472.5,4.7609232e-05,0.00023804616,0
5475.0,5480.0,5477.5,6.1791018e-05,0.00030895509,0
5480.0,5485.0,5482.5,7.027976e-05,0.0003513988,0
5485.0,5490.0,5487.5,5.482312e-05,0.0002741156,0
5490.0,5495.0,5492.5,5.253908e-05,0.0002626954,0
5495.0,5500.0,5497.5,5.2275496e-05,0.00026137748,0
5500.0,5505.0,5502.5,7.033828e-05,0.0003516914,0
5505.0,5510.0,5507.5,5.131518e-05,0.0002565759,0
5510.0,5515.0,5512.5,5.4975128e-05,0.00027487564,0
5515.0,5520.0,5517.5,7.279434e-05,0.0003639717,0
5520.0,5525.0,5522.5,6.331002e-05,0.0003165501,0
5525.0,5530.0,5527.5,6.191032e-05,0.0003095516,0
5530.0,5535.0,5532.5,6.19498e-05,0.000309749,0
5535.0,5540.0,5537.5,6.427082e-05,0.0003213541,0
5540.0,5545.0,5542.5,6.563247e-05,0.00032816235,0
5545.0,5550.0,5547.5,4.656972e-05,0.0002328486,0
5550.0,5555.0,5552.5,5.485578e-05,0.0002742789,0
5555.0,5560.0,5557.5,4.7608738e-05,0.00023804369,0
5560.0,5565.0,5562.5,4.757504e-05,0.0002378752,0
5565.0,5570.0,5567.5,4.1605326e-05,0.00020802663,0
5570.0,5575.0,5572.5,5.851226e-05,0.0002925613,0
5575.0,5580.0,5577.5,8.210282e-05,0.0004105141,0
5580.0,5585.0,5582.5,5.828158e-05,0.0002914079,0
5585.0,5590.0,5587.5,5.596138e-05,0.0002798069,0
5590.0,5595.0,5592.5,5.1163232e-05,0.00025581616,0
5595.0,5600.0,5597.5,5.826234e-05,0.0002913117,0
5600.0,5605.0,5602.5,5.973132e-05,0.0002986566,0
5605.0,5610.0,5607.5,6.316104e-05,0.0003158052,0
5610.0,5615.0,5612.5,5.116928e-05,0.0002558464,0
5615.0,5620.0,5617.5,5.4808176e-05,0.00027404088,0
5620.0,5625.0,5622.5,6.3220474e-05,0.00031610237,0
5625.0,5630.0,5627.5,5.958414e-05,0.0002979207,0
5630.0,5635.0,5632.5,5.23522e-05,0.000261761,0
5635.0,5640.0,5637.5,5.0179078e-05,0.00025089539,0
5640.0,5645.0,5642.5,6.323564e-05,0.0003161782,0
5645.0,5650.0,5647.5,6.548452e-05,0.0003274226,0
5650.0,5655.0,5652.5,4.411664e-05,0.0002205832,0
5655.0,5660.0,5657.5,5.485264e-05,0.0002742632,0
5660.0,5665.0,5662.5,7.74397e-05,0.0003871985,0
5665.0,5670.0,5667.5,6.665832e-05,0.0003332916,0
5670.0,5675.0,5672.5,5.960146e-05,0.0002980073,0
5675.0,5680.0,5677.5,6.930142e-05,0.0003465071,0
5680.0,5685.0,5682.5,5.827858e-05,0.0002913929,0
5685.0,5690.0,5687.5,5.235414e-05,0.0002617707,0
5690.0,5695.0,5692.5,6.436426e-05,0.0003218213,0
5695.0,5700.0,5697.5,5.72147e-05,0.0002860735,0
5700.0,5705.0,5702.5,4.4061552e-05,0.00022030776,0
5705.0,5710.0,5707.5,5.596136e-05,0.0002798068,0
5710.0,5715.0,5712.5,4.530689e-05,0.00022653445,0
5715.0,5720.0,5717.5,6.30293e-05,0.0003151465,0
5720.0,5725.0,5722.5,5.8140752e-05,0.00029070376,0
5725.0,5730.0,5727.5,5.608502e-05,0.0002804251,0
5730.0,5735.0,5732.5,4.525868e-05,0.0002262934,0
5735.0,5740.0,5737.5,5.359528e-05,0.0002679764,0
5740.0,5745.0,5742.5,6.081408e-05,0.0003040704,0
5745.0,5750.0,5747.5,5.604184e-05,0.0002802092,0
5750.0,5755.0,5752.5,6.339204e-05,0.0003169602,0
5755.0,5760.0,5757.5,5.59989e-05,0.0002799945,0
5760.0,5765.0,5762.5,6.201858e-05,0.0003100929,0
5765.0,5770.0,5767.5,5.957622e-05,0.0002978811,0
5770.0,5775.0,5772.5,5.463944e-05,0.0002731972,0
5775.0,5780.0,5777.5,5.59082e-05,0.000279541,0
5780.0,5785.0,5782.5,5.24333e-05,0.0002621665,0
5785.0,5790.0,5787.5,5.2378698e-05,0.00026189349,0
5790.0,5795.0,5792.5,4.887102e-05,0.0002443551,0
5795.0,5800.0,5797.5,4.768044e-05,0.0002384022,0
5800.0,5805.0,5802.5,5.950828e-05,0.0002975414,0
5805.0,5810.0,5807.5,6.205878e-05,0.0003102939,0
5810.0,5815.0,5812.5,5.957322e-05,0.0002978661,0
5815.0,5820.0,5817.5,6.07637e-05,0.0003038185,0
5820.0,5825.0,5822.5,5.020378e-05,0.0002510189,0
5825.0,5830.0,5827.5,6.19723e-05,0.0003098615,0
5830.0,5835.0,5832.5,5.2478818e-05,0.00026239409,0
5835.0,5840.0,5837.5,6.428146e-05,0.0003214073,0
5840.0,5845.0,5842.5,5.851306e-05,0.0002925653,0
5845.0,5850.0,5847.5,5.824106e-05,0.0002912053,0
5850.0,5855.0,5852.5,4.4271308e-05,0.00022135654,0
5855.0,5860.0,5857.5,4.900344e-05,0.0002450172,0
5860.0,5865.0,5862.5,5.361078e-05,0.0002680539,0
5865.0,5870.0,5867.5,5.576984e-05,0.0002788492,0
5870.0,5875.0,5872.5,4.881224e-05,0.0002440612,0
5875.0,5880.0,5877.5,4.8815592e-05,0.00024407796,0
5880.0,5885.0,5882.5,5.4920136e-05,0.00027460068,0
5885.0,5890.0,5887.5,4.2881528e-05,0.00021440764,0
5890.0,5895.0,5892.5,5.7058492e-05,0.00028529246,0
5895.0,5900.0,5897.5,4.5423848e-05,0.00022711924,0
5900.0,5905.0,5902.5,5.968816e-05,0.0002984408,0
5905.0,5910.0,5907.5,5.714032e-05,0.0002857016,0
5910.0,5915.0,5912.5,6.086166e-05,0.0003043083,0
5915.0,5920.0,5917.5,3.2233078e-05,0.00016116539,0
5920.0,5925.0,5922.5,7.141836e-05,0.0003570918,0
5925.0,5930.0,5927.5,5.968826e-05,0.0002984413,0
5930.0,5935.0,5932.5,6.202388e-05,0.0003101194,0
5935.0,5940.0,5937.5,4.534013e-05,0.00022670065,0
5940.0,5945.0,5942.5,6.786228e-05,0.0003393114,0
5945.0,5950.0,5947.5,4.6506934e-05,0.00023253467,0
5950.0,5955.0,5952.5,5.9601438e-05,0.00029800719,0
5955.0,5960.0,5957.5,5.964752e-05,0.0002982376,0
5960.0,5965.0,5962.5,5.8337594e-05,0.00029168797,0
5965.0,5970.0,5967.5,5.475964e-05,0.0002737982,0
5970.0,5975.0,5972.5,5.252808e-05,0.0002626404,0
5975.0,5980.0,5977.5,5.4924618e-05,0.00027462309,0
5980.0,5985.0,5982.5,5.604116e-05,0.0002802058,0
5985.0,5990.0,5987.5,5.245542e-05,0.0002622771,0
5990.0,5995.0,5992.5,6.319868e-05,0.0003159934,0
5995.0,6000.0,5997.5,4.759763e-05,0.00023798815,0
6000.0,6005.0,6002.5,5.7275376e-05,0.00028637688,0
6005.0,6010.0,6007.5,5.735432e-05,0.0002867716,0
6010.0,6015.0,6012.5,5.013996e-05,0.0002506998,0
6015.0,6020.0,6017.5,5.7050612e-05,0.00028525306,0
6020.0,6025.0,6022.5,5.361014e-05,0.0002680507,0
6025.0,6030.0,6027.5,6.686566e-05,0.0003343283,0
6030.0,6035.0,6032.5,5.359202e-05,0.0002679601,0
6035.0,6040.0,6037.5,6.78304e-05,0.000339152,0
6040.0,6045.0,6042.5,4.6492036e-05,0.00023246018,0
6045.0,6050.0,6047.5,4.75611e-05,0.0002378055,0
6050.0,6055.0,6052.5,6.917106e-05,0.0003458553,0
6055.0,6060.0,6057.5,6.3010276e-05,0.00031505138,0
6060.0,6065.0,6062.5,6.43859e-05,0.0003219295,0
6065.0,6070.0,6067.5,5.722596e-05,0.0002861298,0
6070.0,6075.0,6072.5,4.5469562e-05,0.00022734781,0
6075.0,6080.0,6077.5,5.606338e-05,0.0002803169,0
6080.0,6085.0,6082.5,5.46873e-05,0.0002734365,0
6085.0,6090.0,6087.5,4.8807428e-05,0.00024403714,0
6090.0,6095.0,6092.5,5.143718e-05,0.0002571859,0
6095.0,6100.0,6097.5,6.200144e-05,0.0003100072,0
6100.0,6105.0,6102.5,4.885332e-05,0.0002442666,0
6105.0,6110.0,6107.5,6.568928e-05,0.0003284464,0
6110.0,6115.0,6112.5,5.24776e-05,0.000262388,0
6115.0,6120.0,6117.5,5.47326e-05,0.000273663,0
6120.0,6125.0,6122.5,6.083276e-05,0.0003041638,0
6125.0,6130.0,6127.5,5.5933978e-05,0.00027966989,0
6130.0,6135.0,6132.5,5.3609e-05,0.000268045,0
6135.0,6140.0,6137.5,5.245557e-05,0.00026227785,0
6140.0,6145.0,6142.5,5.6122926e-05,0.00028061463,0
6145.0,6150.0,6147.5,4.643254e-05,0.0002321627,0
6150.0,6155.0,6152.5,4.542634e-05,0.0002271317,0
6155.0,6160.0,6157.5,6.305474e-05,0.0003152737,0
6160.0,6165.0,6162.5,5.7205102e-05,0.00028602551,0
6165.0,6170.0,6167.5,4.660991e-05,0.00023304955,0
6170.0,6175.0,6172.5,4.6486938e-05,0.00023243469,0
6175.0,6180.0,6177.5,4.6384166e-05,0.00023192083,0
6180.0,6185.0,6182.5,5.3491414e-05,0.00026745707,0
6185.0,6190.0,6187.5,4.75807e-05,0.0002379035,0
6190.0,6195.0,6192.5,5.59906e-05,0.000279953,0
6195.0,6200.0,6197.5,4.290952e-05,0.0002145476,0
6200.0,6205.0,6202.5,5.366078e-05,0.0002683039,0
6205.0,6210.0,6207.5,6.311396e-05,0.0003155698,0
6210.0,6215.0,6212.5,5.367344e-05,0.0002683672,0
6215.0,6220.0,6217.5,5.502538e-05,0.0002751269,0
6220.0,6225.0,6222.5,4.997204e-05,0.0002498602,0
6225.0,6230.0,6227.5,4.183234e-05,0.0002091617,0
6230.0,6235.0,6232.5,6.1795958e-05,0.00030897979,0
6235.0,6240.0,6237.5,5.59903e-05,0.0002799515,0
6240.0,6245.0,6242.5,3.927944e-05,0.0001963972,0
6245.0,6250.0,6247.5,4.766422e-05,0.0002383211,0
6250.0,6255.0,6252.5,5.243388e-05,0.0002621694,0
6255.0,6260.0,6257.5,6.546254e-05,0.0003273127,0
6260.0,6265.0,6262.5,6.6809e-05,0.000334045,0
6265.0,6270.0,6267.5,3.7024276e-05,0.00018512138,0
6270.0,6275.0,6272.5,6.0776874e-05,0.00030388437,0
6275.0,6280.0,6277.5,4.0539154e-05,0.00020269577,0
6280.0,6285.0,6282.5,5.482864e-05,0.0002741432,0
6285.0,6290.0,6287.5,5.6267962e-05,0.00028133981,0
6290.0,6295.0,6292.5,5.361662e-05,0.0002680831,0
6295.0,6300.0,6297.5,4.644754e-05,0.0002322377,0
6300.0,6305.0,6302.5,4.5386e-05,0.00022693,0
6305.0,6310.0,6307.5,3.8109296e-05,0.00019054648,0
6310.0,6315.0,6312.5,4.166306e-05,0.0002083153,0
6315.0,6320.0,6317.5,5.1303198e-05,0.00025651599,0
6320.0,6325.0,6322.5,5.245308e-05,0.0002622654,0
6325.0,6330.0,6327.5,5.122905e-05,0.00025614525,0
6330.0,6335.0,6332.5,5.973088e-05,0.0002986544,0
6335.0,6340.0,6337.5,4.650132e-05,0.0002325066,0
6340.0,6345.0,6342.5,4.401584e-05,0.0002200792,0
6345.0,6350.0,6347.5,4.168188e-05,0.0002084094,0
6350.0,6355.0,6352.5,6.198242e-05,0.0003099121,0
6355.0,6360.0,6357.5,5.2282816e-05,0.00026141408,0
6360.0,6365.0,6362.5,6.918e-05,0.0003459,0
6365.0,6370.0,6367.5,5.8445e-05,0.000292225,0
6370.0,6375.0,6372.5,5.723672e-05,0.0002861836,0
6375.0,6380.0,6377.5,5.72725e-05,0.0002863625,0
6380.0,6385.0,6382.5,5.253243e-05,0.00026266215,0
6385.0,6390.0,6387.5,4.654839e-05,0.00023274195,0
6390.0,6395.0,6392.5,4.4039468e-05,0.00022019734,0
6395.0,6400.0,6397.5,4.8837302e-05,0.00024418651,0
6400.0,6405.0,6402.5,4.2961514e-05,0.00021480757,0
6405.0,6410.0,6407.5,4.897439e-05,0.00024487195,0
6410.0,6415.0,6412.5,5.592145e-05,0.00027960725,0
6415.0,6420.0,6417.5,4.6567136e-05,0.00023283568,0
6420.0,6425.0,6422.5,3.44878e-05,0.000172439,0
6425.0,6430.0,6427.5,4.281668e-05,0.0002140834,0
6430.0,6435.0,6432.5,4.171543e-05,0.00020857715,0
6435.0,6440.0,6437.5,6.1893216e-05,0.00030946608,0
6440.0,6445.0,6442.5,5.1100098e-05,0.00025550049,0
6445.0,6450.0,6447.5,5.967939e-05,0.00029839695,0
6450.0,6455.0,6452.5,5.120296e-05,0.0002560148,0
6455.0,6460.0,6457.5,6.207128e-05,0.0003103564,0
6460.0,6465.0,6462.5,4.77091e-05,0.0002385455,0
6465.0,6470.0,6467.5,4.7737122e-05,0.00023868561,0
6470.0,6475.0,6472.5,5.597275e-05,0.00027986375,0
6475.0,6480.0,6477.5,4.293913e-05,0.00021469565,0
6480.0,6485.0,6482.5,4.286636e-05,0.0002143318,0
6485.0,6490.0,6487.5,4.413084e-05,0.0002206542,0
6490.0,6495.0,6492.5,3.931224e-05,0.0001965612,0
6495.0,6500.0,6497.5,4.88951e-05,0.0002444755,0
6500.0,6505.0,6502.5,5.9346542e-05,0.00029673271,0
6505.0,6510.0,6507.5,5.016382e-05,0.0002508191,0
6510.0,6515.0,6512.5,5.1059378e-05,0.00025529689,0
6515.0,6520.0,6517.5,3.9446862e-05,0.00019723431,0
6520.0,6525.0,6522.5,6.439626e-05,0.0003219813,0
6525.0,6530.0,6527.5,6.184608e-05,0.0003092304,0
6530.0,6535.0,6532.5,4.6451434e-05,0.00023225717,0
6535.0,6540.0,6537.5,4.180136e-05,0.0002090068,0
6540.0,6545.0,6542.5,4.0356334e-05,0.00020178167,0
6545.0,6550.0,6547.5,5.248556e-05,0.0002624278,0
6550.0,6555.0,6552.5,4.8766342e-05,0.00024383171,0
6555.0,6560.0,6557.5,4.7731774e-05,0.00023865887,0
6560.0,6565.0,6562.5,4.407353e-05,0.00022036765,0
6565.0,6570.0,6567.5,4.888576e-05,0.0002444288,0
6570.0,6575.0,6572.5,4.286802e-05,0.0002143401,0
6575.0,6580.0,6577.5,5.963422e-05,0.0002981711,0
6580.0,6585.0,6582.5,4.902666e-05,0.0002451333,0
6585.0,6590.0,6587.5,5.251362e-05,0.0002625681,0
6590.0,6595.0,6592.5,5.372202e-05,0.0002686101,0
6595.0,6600.0,6597.5,5.3690478e-05,0.00026845239,0
6600.0,6605.0,6602.5,4.766442e-05,0.0002383221,0
6605.0,6610.0,6607.5,4.296533e-05,0.00021482665,0
6610.0,6615.0,6612.5,5.243718e-05,0.0002621859,0
6615.0,6620.0,6617.5,4.7683074e-05,0.00023841537,0
6620.0,6625.0,6622.5,6.307514e-05,0.0003153757,0
6625.0,6630.0,6627.5,4.053889e-05,0.00020269445,0
6630.0,6635.0,6632.5,5.126034e-05,0.0002563017,0
6635.0,6640.0,6637.5,5.364596e-05,0.0002682298,0
6640.0,6645.0,6642.5,3.3551076e-05,0.00016775538,0
6645.0,6650.0,6647.5,4.88489e-05,0.0002442445,0
6650.0,6655.0,6652.5,5.841138e-05,0.0002920569,0
6655.0,6660.0,6657.5,5.6035054e-05,0.00028017527,0
6660.0,6665.0,6662.5,4.172876e-05,0.0002086438,0
6665.0,6670.0,6667.5,5.592848e-05,0.0002796424,0
6670.0,6675.0,6672.5,5.002048e-05,0.0002501024,0
6675.0,6680.0,6677.5,5.0126968e-05,0.00025063484,0
6680.0,6685.0,6682.5,6.549128e-05,0.0003274564,0
6685.0,6690.0,6687.5,3.932008e-05,0.0001966004,0
6690.0,6695.0,6692.5,4.047384e-05,0.0002023692,0
6695.0,6700.0,6697.5,5.2335614e-05,0.00026167807,0
6700.0,6705.0,6702.5,4.4139242e-05,0.00022069621,0
6705.0,6710.0,6707.5,5.0104074e-05,0.00025052037,0
6710.0,6715.0,6712.5,4.533738e-05,0.0002266869,0
6715.0,6720.0,6717.5,3.9472928e-05,0.00019736464,0
6720.0,6725.0,6722.5,4.7757328e-05,0.00023878664,0
6725.0,6730.0,6727.5,6.205624e-05,0.0003102812,0
6730.0,6735.0,6732.5,3.56631e-05,0.0001783155,0
6735.0,6740.0,6737.5,5.5995978e-05,0.00027997989,0
6740.0,6745.0,6742.5,3.947024e-05,0.0001973512,0
6745.0,6750.0,6747.5,4.7674884e-05,0.00023837442,0
6750.0,6755.0,6752.5,3.932754e-05,0.0001966377,0
6755.0,6760.0,6757.5,4.654974e-05,0.0002327487,0
6760.0,6765.0,6762.5,6.438104e-05,0.0003219052,0
6765.0,6770.0,6767.5,4.523524e-05,0.0002261762,0
6770.0,6775.0,6772.5,5.247692e-05,0.0002623846,0
6775.0,6780.0,6777.5,4.756024e-05,0.0002378012,0
6780.0,6785.0,6782.5,3.7081314e-05,0.00018540657,0
6785.0,6790.0,6787.5,4.866302e-05,0.0002433151,0
6790.0,6795.0,6792.5,4.76301e-05,0.0002381505,0
6795.0,6800.0,6797.5,5.017626e-05,0.0002508813,0
6800.0,6805.0,6802.5,4.8859786e-05,0.00024429893,0
6805.0,6810.0,6807.5,3.93608e-05,0.000196804,0
6810.0,6815.0,6812.5,3.9315844e-05,0.00019657922,0
6815.0,6820.0,6817.5,4.87961e-05,0.0002439805,0
6820.0,6825.0,6822.5,6.198098e-05,0.0003099049,0
6825.0,6830.0,6827.5,4.772078e-05,0.0002386039,0
6830.0,6835.0,6832.5,4.520306e-05,0.0002260153,0
6835.0,6840.0,6837.5,5.012028e-05,0.0002506014,0
6840.0,6845.0,6842.5,5.369852e-05,0.0002684926,0
6845.0,6850.0,6847.5,5.0304888e-05,0.00025152444,0
6850.0,6855.0,6852.5,4.6477478e-05,0.00023238739,0
6855.0,6860.0,6857.5,3.6889332e-05,0.00018444666,0
6860.0,6865.0,6862.5,5.24347e-05,0.0002621735,0
6865.0,6870.0,6867.5,5.132914e-05,0.0002566457,0
6870.0,6875.0,6872.5,5.3622536e-05,0.00026811268,0
6875.0,6880.0,6877.5,3.4541462e-05,0.00017270731,0
6880.0,6885.0,6882.5,4.418474e-05,0.0002209237,0
6885.0,6890.0,6887.5,4.17358e-05,0.000208679,0
6890.0,6895.0,6892.5,6.2029468e-05,0.00031014734,0
6895.0,6900.0,6897.5,5.49015e-05,0.0002745075,0
6900.0,6905.0,6902.5,5.362842e-05,0.0002681421,0
6905.0,6910.0,6907.5,5.2418312e-05,0.00026209156,0
6910.0,6915.0,6912.5,3.58378e-05,0.000179189,0
6915.0,6920.0,6917.5,3.5576696e-05,0.00017788348,0
6920.0,6925.0,6922.5,3.946318e-05,0.0001973159,0
6925.0,6930.0,6927.5,5.372849e-05,0.00026864245,0
6930.0,6935.0,6932.5,3.2166912e-05,0.00016083456,0
6935.0,6940.0,6937.5,5.1257112e-05,0.00025628556,0
6940.0,6945.0,6942.5,4.30057e-05,0.0002150285,0
6945.0,6950.0,6947.5,4.062214e-05,0.0002031107,0
6950.0,6955.0,6952.5,5.7294088e-05,0.00028647044,0
6955.0,6960.0,6957.5,4.16653e-05,0.0002083265,0
6960.0,6965.0,6962.5,5.003702e-05,0.0002501851,0
6965.0,6970.0,6967.5,4.522922e-05,0.0002261461,0
6970.0,6975.0,6972.5,4.643454e-05,0.0002321727,0
6975.0,6980.0,6977.5,3.9348516e-05,0.00019674258,0
6980.0,6985.0,6982.5,5.121444e-05,0.0002560722,0
6985.0,6990.0,6987.5,3.70229e-05,0.0001851145,0
6990.0,6995.0,6992.5,6.437288e-05,0.0003218644,0
6995.0,7000.0,6997.5,4.291817e-05,0.00021459085,0
7000.0,7005.0,7002.5,4.76813e-05,0.0002384065,0
7005.0,7010.0,7007.5,4.4052646e-05,0.00022026323,0
7010.0,7015.0,7012.5,2.9875252e-05,0.00014937626,0
7015.0,7020.0,7017.5,4.279456e-05,0.0002139728,0
7020.0,7025.0,7022.5,5.6004524e-05,0.00028002262,0
7025.0,7030.0,7027.5,4.9007348e-05,0.00024503674,0
7030.0,7035.0,7032.5,3.574504e-05,0.0001787252,0
7035.0,7040.0,7037.5,4.173076e-05,0.0002086538,0
7040.0,7045.0,7042.5,5.004094e-05,0.0002502047,0
7045.0,7050.0,7047.5,4.6380756e-05,0.00023190378,0
7050.0,7055.0,7052.5,4.4024948e-05,0.00022012474,0
7055.0,7060.0,7057.5,4.7668896e-05,0.00023834448,0
7060.0,7065.0,7062.5,5.723012e-05,0.0002861506,0
7065.0,7070.0,7067.5,2.981963e-05,0.00014909815,0
7070.0,7075.0,7072.5,4.757809e-05,0.00023789045,0
7075.0,7080.0,7077.5,4.537498e-05,0.0002268749,0
7080.0,7085.0,7082.5,5.7222914e-05,0.00028611457,0
7085.0,7090.0,7087.5,5.1303678e-05,0.00025651839,0
7090.0,7095.0,7092.5,3.9371788e-05,0.00019685894,0
7095.0,7100.0,7097.5,4.768748e-05,0.0002384374,0
7100.0,7105.0,7102.5,4.888862e-05,0.0002444431,0
7105.0,7110.0,7107.5,4.757706e-05,0.0002378853,0
7110.0,7115.0,7112.5,4.409444e-05,0.0002204722,0
7115.0,7120.0,7117.5,4.640702e-05,0.0002320351,0
7120.0,7125.0,7122.5,4.2828638e-05,0.00021414319,0
7125.0,7130.0,7127.5,2.9644438e-05,0.00014822219,0
7130.0,7135.0,7132.5,6.436182e-05,0.0003218091,0
7135.0,7140.0,7137.5,5.2530156e-05,0.00026265078,0
7140.0,7145.0,7142.5,4.1731418e-05,0.00020865709,0
7145.0,7150.0,7147.5,4.8915114e-05,0.00024457557,0
7150.0,7155.0,7152.5,4.4072468e-05,0.00022036234,0
7155.0,7160.0,7157.5,5.722128e-05,0.0002861064,0
7160.0,7165.0,7162.5,4.6537756e-05,0.00023268878,0
7165.0,7170.0,7167.5,4.897906e-05,0.0002448953,0
7170.0,7175.0,7172.5,3.338102e-05,0.0001669051,0
7175.0,7180.0,7177.5,4.3011438e-05,0.00021505719,0
7180.0,7185.0,7182.5,3.224577e-05,0.00016122885,0
7185.0,7190.0,7187.5,4.5228688e-05,0.00022614344,0
7190.0,7195.0,7192.5,5.24943e-05,0.0002624715,0
7195.0,7200.0,7197.5,4.4014532e-05,0.00022007266,0
7200.0,7205.0,7202.5,4.9074562e-05,0.00024537281,0
7205.0,7210.0,7207.5,2.861634e-05,0.0001430817,0
7210.0,7215.0,7212.5,3.812484e-05,0.0001906242,0
7215.0,7220.0,7217.5,3.5591114e-05,0.00017795557,0
7220.0,7225.0,7222.5,4.666608e-05,0.0002333304,0
7225.0,7230.0,7227.5,4.6540918e-05,0.00023270459,0
7230.0,7235.0,7232.5,4.543142e-05,0.0002271571,0
7235.0,7240.0,7237.5,5.00159e-05,0.0002500795,0
7240.0,7245.0,7242.5,4.5325718e-05,0.00022662859,0
7245.0,7250.0,7247.5,3.8269352e-05,0.00019134676,0
7250.0,7255.0,7252.5,4.760564e-05,0.0002380282,0
7255.0,7260.0,7257.5,3.696648e-05,0.0001848324,0
7260.0,7265.0,7262.5,5.711108e-05,0.0002855554,0
7265.0,7270.0,7267.5,3.574386e-05,0.0001787193,0
7270.0,7275.0,7272.5,4.758376e-05,0.0002379188,0
7275.0,7280.0,7277.5,3.800013e-05,0.00019000065,0
7280.0,7285.0,7282.5,5.2438276e-05,0.00026219138,0
7285.0,7290.0,7287.5,4.16896e-05,0.000208448,0
7290.0,7295.0,7292.5,4.4089766e-05,0.00022044883,0
7295.0,7300.0,7297.5,5.118612e-05,0.0002559306,0
7300.0,7305.0,7302.5,4.5289716e-05,0.00022644858,0
7305.0,7310.0,7307.5,3.0940982e-05,0.00015470491,0
7310.0,7315.0,7312.5,3.8143154e-05,0.00019071577,0
7315.0,7320.0,7317.5,2.7378704e-05,0.00013689352,0
7320.0,7325.0,7322.5,4.416796e-05,0.0002208398,0
7325.0,7330.0,7327.5,5.35915e-05,0.0002679575,0
7330.0,7335.0,7332.5,5.2450606e-05,0.00026225303,0
7335.0,7340.0,7337.5,3.2277332e-05,0.00016138666,0
7340.0,7345.0,7342.5,4.6442014e-05,0.00023221007,0
7345.0,7350.0,7347.5,5.0099108e-05,0.00025049554,0
7350.0,7355.0,7352.5,4.3966552e-05,0.00021983276,0
7355.0,7360.0,7357.5,4.66009e-05,0.0002330045,0
7360.0,7365.0,7362.5,4.532786e-05,0.0002266393,0
7365.0,7370.0,7367.5,4.650598e-05,0.0002325299,0
7370.0,7375.0,7372.5,3.5754368e-05,0.00017877184,0
7375.0,7380.0,7377.5,4.057585e-05,0.00020287925,0
7380.0,7385.0,7382.5,3.8085954e-05,0.00019042977,0
7385.0,7390.0,7387.5,4.8780516e-05,0.00024390258,0
7390.0,7395.0,7392.5,4.41559e-05,0.0002207795,0
7395.0,7400.0,7397.5,3.9410514e-05,0.00019705257,0
7400.0,7405.0,7402.5,4.054378e-05,0.0002027189,0
7405.0,7410.0,7407.5,4.7628842e-05,0.00023814421,0
7410.0,7415.0,7412.5,4.1701416e-05,0.00020850708,0
7415.0,7420.0,7417.5,4.874698e-05,0.0002437349,0
7420.0,7425.0,7422.5,5.24502e-05,0.000262251,0
7425.0,7430.0,7427.5,2.8616178e-05,0.00014308089,0
7430.0,7435.0,7432.5,5.003904e-05,0.0002501952,0
7435.0,7440.0,7437.5,4.405476e-05,0.0002202738,0
7440.0,7445.0,7442.5,4.2961596e-05,0.00021480798,0
7445.0,7450.0,7447.5,4.289026e-05,0.0002144513,0
7450.0,7455.0,7452.5,3.9297338e-05,0.00019648669,0
7455.0,7460.0,7457.5,3.696908e-05,0.0001848454,0
7460.0,7465.0,7462.5,5.362794e-05,0.0002681397,0
7465.0,7470.0,7467.5,4.2857166e-05,0.00021428583,0
7470.0,7475.0,7472.5,4.6418172e-05,0.00023209086,0
7475.0,7480.0,7477.5,5.1196832e-05,0.00025598416,0
7480.0,7485.0,7482.5,4.896874e-05,0.0002448437,0
7485.0,7490.0,7487.5,4.170658e-05,0.0002085329,0
7490.0,7495.0,7492.5,4.2877642e-05,0.00021438821,0
7495.0,7500.0,7497.5,4.401994e-05,0.0002200997,0
7500.0,7505.0,7502.5,5.1113882e-05,0.00025556941,0
7505.0,7510.0,7507.5,3.6938606e-05,0.00018469303,0
7510.0,7515.0,7512.5,4.642436e-05,0.0002321218,0
7515.0,7520.0,7517.5,4.170093e-05,0.00020850465,0
7520.0,7525.0,7522.5,3.9522728e-05,0.00019761364,0
7525.0,7530.0,7527.5,3.6909486e-05,0.00018454743,0
7530.0,7535.0,7532.5,4.045882e-05,0.0002022941,0
7535.0,7540.0,7537.5,4.2812252e-05,0.00021406126,0
7540.0,7545.0,7542.5,4.043273e-05,0.00020216365,0
7545.0,7550.0,7547.5,4.2874584e-05,0.00021437292,0
7550.0,7555.0,7552.5,4.1912894e-05,0.00020956447,0
7555.0,7560.0,7557.5,4.290524e-05,0.0002145262,0
7560.0,7565.0,7562.5,4.062105e-05,0.00020310525,0
7565.0,7570.0,7567.5,5.607102e-05,0.0002803551,0
7570.0,7575.0,7572.5,4.762816e-05,0.0002381408,0
7575.0,7580.0,7577.5,4.531414e-05,0.0002265707,0
7580.0,7585.0,7582.5,4.4102054e-05,0.00022051027,0
7585.0,7590.0,7587.5,3.8150702e-05,0.00019075351,0
7590.0,7595.0,7592.5,4.413406e-05,0.0002206703,0
7595.0,7600.0,7597.5,2.866967e-05,0.00014334835,0
7600.0,7605.0,7602.5,4.644824e-05,0.0002322412,0
7605.0,7610.0,7607.5,4.764032e-05,0.0002382016,0
7610.0,7615.0,7612.5,4.3043248e-05,0.00021521624,0
7615.0,7620.0,7617.5,2.848179e-05,0.00014240895,0
7620.0,7625.0,7622.5,5.598724e-05,0.0002799362,0
7625.0,7630.0,7627.5,4.6495294e-05,0.00023247647,0
7630.0,7635.0,7632.5,4.40806e-05,0.000220403,0
7635.0,7640.0,7637.5,4.52577e-05,0.0002262885,0
7640.0,7645.0,7642.5,4.8740254e-05,0.00024370127,0
7645.0,7650.0,7647.5,3.9325824e-05,0.00019662912,0
7650.0,7655.0,7652.5,5.366124e-05,0.0002683062,0
7655.0,7660.0,7657.5,4.0549636e-05,0.00020274818,0
7660.0,7665.0,7662.5,4.652902e-05,0.0002326451,0
7665.0,7670.0,7667.5,3.705662e-05,0.0001852831,0
7670.0,7675.0,7672.5,4.7732068e-05,0.00023866034,0
7675.0,7680.0,7677.5,3.328228e-05,0.0001664114,0
7680.0,7685.0,7682.5,4.4169594e-05,0.00022084797,0
7685.0,7690.0,7687.5,4.649226e-05,0.0002324613,0
7690.0,7695.0,7692.5,4.2914348e-05,0.00021457174,0
7695.0,7700.0,7697.5,3.8151272e-05,0.00019075636,0
7700.0,7705.0,7702.5,3.457555e-05,0.00017287775,0
7705.0,7710.0,7707.5,4.1721468e-05,0.00020860734,0
7710.0,7715.0,7712.5,5.604598e-05,0.0002802299,0
7715.0,7720.0,7717.5,3.940363e-05,0.00019701815,0
7720.0,7725.0,7722.5,4.5336062e-05,0.00022668031,0
7725.0,7730.0,7727.5,3.5842752e-05,0.00017921376,0
7730.0,7735.0,7732.5,4.054417e-05,0.00020272085,0
7735.0,7740.0,7737.5,4.2878756e-05,0.00021439378,0
7740.0,7745.0,7742.5,4.060568e-05,0.0002030284,0
7745.0,7750.0,7747.5,3.449425e-05,0.00017247125,0
7750.0,7755.0,7752.5,5.486464e-05,0.0002743232,0
7755.0,7760.0,7757.5,4.28876e-05,0.000214438,0
7760.0,7765.0,7762.5,3.6843856e-05,0.00018421928,0
7765.0,7770.0,7767.5,4.5399112e-05,0.00022699556,0
7770.0,7775.0,7772.5,5.008002e-05,0.0002504001,0
7775.0,7780.0,7777.5,4.0432396e-05,0.00020216198,0
7780.0,7785.0,7782.5,4.759228e-05,0.0002379614,0
7785.0,7790.0,7787.5,3.9335182e-05,0.00019667591,0
7790.0,7795.0,7792.5,5.3761408e-05,0.00026880704,0
7795.0,7800.0,7797.5,3.5634208e-05,0.00017817104,0
7800.0,7805.0,7802.5,4.409056e-05,0.0002204528,0
7805.0,7810.0,7807.5,5.126876e-05,0.0002563438,0
7810.0,7815.0,7812.5,3.6915148e-05,0.00018457574,0
7815.0,7820.0,7817.5,4.1847894e-05,0.00020923947,0
7820.0,7825.0,7822.5,3.930045e-05,0.00019650225,0
7825.0,7830.0,7827.5,3.1086066e-05,0.00015543033,0
7830.0,7835.0,7832.5,4.294584e-05,0.0002147292,0
7835.0,7840.0,7837.5,5.358822e-05,0.0002679411,0
7840.0,7845.0,7842.5,3.4519252e-05,0.00017259626,0
7845.0,7850.0,7847.5,4.6482748e-05,0.00023241374,0
7850.0,7855.0,7852.5,4.5386772e-05,0.00022693386,0
7855.0,7860.0,7857.5,5.24686e-05,0.000262343,0
7860.0,7865.0,7862.5,4.645766e-05,0.0002322883,0
7865.0,7870.0,7867.5,4.2920248e-05,0.00021460124,0
7870.0,7875.0,7872.5,5.3675776e-05,0.00026837888,0
7875.0,7880.0,7877.5,4.170958e-05,0.0002085479,0
7880.0,7885.0,7882.5,4.2874198e-05,0.00021437099,0
7885.0,7890.0,7887.5,4.9086848e-05,0.00024543424,0
7890.0,7895.0,7892.5,3.933125e-05,0.00019665625,0
7895.0,7900.0,7897.5,4.6559628e-05,0.00023279814,0
7900.0,7905.0,7902.5,5.238628e-05,0.0002619314,0
7905.0,7910.0,7907.5,3.449262e-05,0.0001724631,0
7910.0,7915.0,7912.5,3.4515362e-05,0.00017257681,0
7915.0,7920.0,7917.5,3.9240672e-05,0.00019620336,0
7920.0,7925.0,7922.5,2.8706796e-05,0.00014353398,0
7925.0,7930.0,7927.5,4.0518318e-05,0.00020259159,0
7930.0,7935.0,7932.5,4.293948e-05,0.0002146974,0
7935.0,7940.0,7937.5,4.53209e-05,0.0002266045,0
7940.0,7945.0,7942.5,2.9739394e-05,0.00014869697,0
7945.0,7950.0,7947.5,3.3388392e-05,0.00016694196,0
7950.0,7955.0,7952.5,3.689992e-05,0.0001844996,0
7955.0,7960.0,7957.5,3.8225182e-05,0.00019112591,0
7960.0,7965.0,7962.5,2.977079e-05,0.00014885395,0
7965.0,7970.0,7967.5,4.8895836e-05,0.00024447918,0
7970.0,7975.0,7972.5,4.180469e-05,0.00020902345,0
7975.0,7980.0,7977.5,4.164586e-05,0.0002082293,0
7980.0,7985.0,7982.5,4.1638432e-05,0.00020819216,0
7985.0,7990.0,7987.5,3.924084e-05,0.0001962042,0
7990.0,7995.0,7992.5,4.770524e-05,0.0002385262,0
7995.0,8000.0,7997.5,5.244898e-05,0.0002622449,0
8000.0,8005.0,8002.5,4.778531e-05,0.00023892655,0
8005.0,8010.0,8007.5,3.688212e-05,0.0001844106,0
8010.0,8015.0,8012.5,4.888628e-05,0.0002444314,0
8015.0,8020.0,8017.5,4.1692678e-05,0.00020846339,0
8020.0,8025.0,8022.5,4.52971e-05,0.0002264855,0
8025.0,8030.0,8027.5,3.454514e-05,0.0001727257,0
8030.0,8035.0,8032.5,4.3965812e-05,0.00021982906,0
8035.0,8040.0,8037.5,4.053842e-05,0.0002026921,0
8040.0,8045.0,8042.5,4.286745e-05,0.00021433725,0
8045.0,8050.0,8047.5,4.172764e-05,0.0002086382,0
8050.0,8055.0,8052.5,6.075478e-05,0.0003037739,0
8055.0,8060.0,8057.5,4.1657058e-05,0.00020828529,0
8060.0,8065.0,8062.5,4.435972e-05,0.0002217986,0
8065.0,8070.0,8067.5,3.8130942e-05,0.00019065471,0
8070.0,8075.0,8072.5,2.979828e-05,0.0001489914,0
8075.0,8080.0,8077.5,3.6809422e-05,0.00018404711,0
8080.0,8085.0,8082.5,3.940568e-05,0.0001970284,0
8085.0,8090.0,8087.5,4.763062e-05,0.0002381531,0
8090.0,8095.0,8092.5,3.3339196e-05,0.00016669598,0
8095.0,8100.0,8097.5,5.4897188e-05,0.00027448594,0
8100.0,8105.0,8102.5,4.4137574e-05,0.00022068787,0
8105.0,8110.0,8107.5,3.2187912e-05,0.00016093956,0
8110.0,8115.0,8112.5,3.3321752e-05,0.00016660876,0
8115.0,8120.0,8117.5,3.815758e-05,0.0001907879,0
8120.0,8125.0,8122.5,3.814034e-05,0.0001907017,0
8125.0,8130.0,8127.5,3.573153e-05,0.00017865765,0
8130.0,8135.0,8132.5,3.3453998e-05,0.00016726999,0
8135.0,8140.0,8137.5,2.630547e-05,0.00013152735,0
8140.0,8145.0,8142.5,3.6988988e-05,0.00018494494,0
8145.0,8150.0,8147.5,4.411673e-05,0.00022058365,0
8150.0,8155.0,8152.5,3.5672028e-05,0.00017836014,0
8155.0,8160.0,8157.5,3.820484e-05,0.0001910242,0
8160.0,8165.0,8162.5,3.813684e-05,0.0001906842,0
8165.0,8170.0,8167.5,3.9360508e-05,0.00019680254,0
8170.0,8175.0,8172.5,3.588342e-05,0.0001794171,0
8175.0,8180.0,8177.5,3.8043252e-05,0.00019021626,0
8180.0,8185.0,8182.5,2.749209e-05,0.00013746045,0
8185.0,8190.0,8187.5,5.73107e-05,0.0002865535,0
8190.0,8195.0,8192.5,4.0541262e-05,0.00020270631,0
8195.0,8200.0,8197.5,3.694662e-05,0.0001847331,0
8200.0,8205.0,8202.5,3.0981428e-05,0.00015490714,0
8205.0,8210.0,8207.5,4.4058816e-05,0.00022029408,0
8210.0,8215.0,8212.5,3.815316e-05,0.0001907658,0
8215.0,8220.0,8217.5,3.562297e-05,0.00017811485,0
8220.0,8225.0,8222.5,4.4097308e-05,0.00022048654,0
8225.0,8230.0,8227.5,3.6986516e-05,0.00018493258,0
8230.0,8235.0,8232.5,3.8169182e-05,0.00019084591,0
8235.0,8240.0,8237.5,4.0635128e-05,0.00020317564,0
8240.0,8245.0,8242.5,5.721146e-05,0.0002860573,0
8245.0,8250.0,8247.5,2.8612468e-05,0.00014306234,0
8250.0,8255.0,8252.5,4.406889e-05,0.00022034445,0
8255.0,8260.0,8257.5,3.9187064e-05,0.00019593532,0
8260.0,8265.0,8262.5,3.8181036e-05,0.00019090518,0
8265.0,8270.0,8267.5,4.401838e-05,0.0002200919,0
8270.0,8275.0,8272.5,2.9725798e-05,0.00014862899,0
8275.0,8280.0,8277.5,3.0990712e-05,0.00015495356,0
8280.0,8285.0,8282.5,2.8466454e-05,0.00014233227,0
8285.0,8290.0,8287.5,4.653936e-05,0.0002326968,0
8290.0,8295.0,8292.5,4.057564e-05,0.0002028782,0
8295.0,8300.0,8297.5,4.279398e-05,0.0002139699,0
8300.0,8305.0,8302.5,4.6537332e-05,0.00023268666,0
8305.0,8310.0,8307.5,4.410153e-05,0.00022050765,0
8310.0,8315.0,8312.5,3.6948896e-05,0.00018474448,0
8315.0,8320.0,8317.5,3.812193e-05,0.00019060965,0
8320.0,8325.0,8322.5,3.9343442e-05,0.00019671721,0
8325.0,8330.0,8327.5,3.33795e-05,0.0001668975,0
8330.0,8335.0,8332.5,3.3352456e-05,0.00016676228,0
8335.0,8340.0,8337.5,4.652018e-05,0.0002326009,0
8340.0,8345.0,8342.5,3.932226e-05,0.0001966113,0
8345.0,8350.0,8347.5,4.1693382e-05,0.00020846691,0
8350.0,8355.0,8352.5,3.579649e-05,0.00017898245,0
8355.0,8360.0,8357.5,4.4089632e-05,0.00022044816,0
8360.0,8365.0,8362.5,3.218853e-05,0.00016094265,0
8365.0,8370.0,8367.5,4.1737082e-05,0.00020868541,0
8370.0,8375.0,8372.5,3.5760792e-05,0.00017880396,0
8375.0,8380.0,8377.5,3.8140404e-05,0.00019070202,0
8380.0,8385.0,8382.5,5.2545814e-05,0.00026272907,0
8385.0,8390.0,8387.5,3.929138e-05,0.0001964569,0
8390.0,8395.0,8392.5,3.8016002e-05,0.00019008001,0
8395.0,8400.0,8397.5,3.3335552e-05,0.00016667776,0
8400.0,8405.0,8402.5,5.1224136e-05,0.00025612068,0
8405.0,8410.0,8407.5,4.882299e-05,0.00024411495,0
8410.0,8415.0,8412.5,3.456552e-05,0.0001728276,0
8415.0,8420.0,8417.5,4.0512328e-05,0.00020256164,0
8420.0,8425.0,8422.5,2.8601164e-05,0.00014300582,0
8425.0,8430.0,8427.5,3.568516e-05,0.0001784258,0
8430.0,8435.0,8432.5,3.2204566e-05,0.00016102283,0
8435.0,8440.0,8437.5,2.8536408e-05,0.00014268204,0
8440.0,8445.0,8442.5,4.1713128e-05,0.00020856564,0
8445.0,8450.0,8447.5,3.9389e-05,0.000196945,0
8450.0,8455.0,8452.5,2.4943756e-05,0.00012471878,0
8455.0,8460.0,8457.5,3.573734e-05,0.0001786867,0
8460.0,8465.0,8462.5,3.823134e-05,0.0001911567,0
8465.0,8470.0,8467.5,2.5062524e-05,0.00012531262,0
8470.0,8475.0,8472.5,3.6906968e-05,0.00018453484,0
8475.0,8480.0,8477.5,3.5610102e-05,0.00017805051,0
8480.0,8485.0,8482.5,3.3508272e-05,0.00016754136,0
8485.0,8490.0,8487.5,3.5872398e-05,0.00017936199,0
8490.0,8495.0,8492.5,3.6924354e-05,0.00018462177,0
8495.0,8500.0,8497.5,4.059694e-05,0.0002029847,0
8500.0,8505.0,8502.5,4.5186922e-05,0.00022593461,0
8505.0,8510.0,8507.5,4.172462e-05,0.0002086231,0
8510.0,8515.0,8512.5,2.2662678e-05,0.00011331339,0
8515.0,8520.0,8517.5,4.5235256e-05,0.00022617628,0
8520.0,8525.0,8522.5,2.3770784e-05,0.00011885392,0
8525.0,8530.0,8527.5,4.2874896e-05,0.00021437448,0
8530.0,8535.0,8532.5,3.2182252e-05,0.00016091126,0
8535.0,8540.0,8537.5,5.014692e-05,0.0002507346,0
8540.0,8545.0,8542.5,3.5747456e-05,0.00017873728,0
8545.0,8550.0,8547.5,3.5791538e-05,0.00017895769,0
8550.0,8555.0,8552.5,3.4557674e-05,0.00017278837,0
8555.0,8560.0,8557.5,3.6912368e-05,0.00018456184,0
8560.0,8565.0,8562.5,4.4052602e-05,0.00022026301,0
8565.0,8570.0,8567.5,3.818168e-05,0.0001909084,0
8570.0,8575.0,8572.5,4.5387488e-05,0.00022693744,0
8575.0,8580.0,8577.5,4.4111758e-05,0.00022055879,0
8580.0,8585.0,8582.5,3.6807852e-05,0.00018403926,0
8585.0,8590.0,8587.5,4.6548642e-05,0.00023274321,0
8590.0,8595.0,8592.5,4.170346e-05,0.0002085173,0
8595.0,8600.0,8597.5,3.5800946e-05,0.00017900473,0
8600.0,8605.0,8602.5,3.690594e-05,0.0001845297,0
8605.0,8610.0,8607.5,4.4040876e-05,0.00022020438,0
8610.0,8615.0,8612.5,2.5135246e-05,0.00012567623,0
8615.0,8620.0,8617.5,3.9297038e-05,0.00019648519,0
8620.0,8625.0,8622.5,4.53614e-05,0.000226807,0
8625.0,8630.0,8627.5,3.2128674e-05,0.00016064337,0
8630.0,8635.0,8632.5,3.930634e-05,0.0001965317,0
8635.0,8640.0,8637.5,4.5297976e-05,0.00022648988,0
8640.0,8645.0,8642.5,3.8035192e-05,0.00019017596,0
8645.0,8650.0,8647.5,3.6884414e-05,0.00018442207,0
8650.0,8655.0,8652.5,3.4532606e-05,0.00017266303,0
8655.0,8660.0,8657.5,4.4079234e-05,0.00022039617,0
8660.0,8665.0,8662.5,2.859502e-05,0.0001429751,0
8665.0,8670.0,8667.5,3.93647e-05,0.0001968235,0
8670.0,8675.0,8672.5,3.8130834e-05,0.00019065417,0
8675.0,8680.0,8677.5,3.3326192e-05,0.00016663096,0
8680.0,8685.0,8682.5,2.8552158e-05,0.00014276079,0
8685.0,8690.0,8687.5,3.2164608e-05,0.00016082304,0
8690.0,8695.0,8692.5,3.577882e-05,0.0001788941,0
8695.0,8700.0,8697.5,2.86525e-05,0.0001432625,0
8700.0,8705.0,8702.5,4.8941454e-05,0.00024470727,0
8705.0,8710.0,8707.5,3.8117036e-05,0.00019058518,0
8710.0,8715.0,8712.5,3.824592e-05,0.0001912296,0
8715.0,8720.0,8717.5,2.3877272e-05,0.00011938636,0
8720.0,8725.0,8722.5,2.6212844e-05,0.00013106422,0
8725.0,8730.0,8727.5,3.578422e-05,0.0001789211,0
8730.0,8735.0,8732.5,3.695418e-05,0.0001847709,0
8735.0,8740.0,8737.5,2.621352e-05,0.0001310676,0
8740.0,8745.0,8742.5,3.4526864e-05,0.00017263432,0
8745.0,8750.0,8747.5,3.21868e-05,0.000160934,0
8750.0,8755.0,8752.5,3.7090006e-05,0.00018545003,0
8755.0,8760.0,8757.5,3.810104e-05,0.0001905052,0
8760.0,8765.0,8762.5,3.6822192e-05,0.00018411096,0
8765.0,8770.0,8767.5,2.2595302e-05,0.00011297651,0
8770.0,8775.0,8772.5,2.9810374e-05,0.00014905187,0
8775.0,8780.0,8777.5,3.6842348e-05,0.00018421174,0
8780.0,8785.0,8782.5,3.4640904e-05,0.00017320452,0
8785.0,8790.0,8787.5,3.460922e-05,0.0001730461,0
8790.0,8795.0,8792.5,3.3362438e-05,0.00016681219,0
8795.0,8800.0,8797.5,4.051352e-05,0.0002025676,0
8800.0,8805.0,8802.5,2.3802332e-05,0.00011901166,0
8805.0,8810.0,8807.5,5.240704e-05,0.0002620352,0
8810.0,8815.0,8812.5,3.457852e-05,0.0001728926,0
8815.0,8820.0,8817.5,2.7402628e-05,0.00013701314,0
8820.0,8825.0,8822.5,3.699243e-05,0.00018496215,0
8825.0,8830.0,8827.5,2.9805836e-05,0.00014902918,0
8830.0,8835.0,8832.5,2.6261374e-05,0.00013130687,0
8835.0,8840.0,8837.5,3.3394708e-05,0.00016697354,0
8840.0,8845.0,8842.5,3.9302352e-05,0.00019651176,0
8845.0,8850.0,8847.5,3.690564e-05,0.0001845282,0
8850.0,8855.0,8852.5,2.6202222e-05,0.00013101111,0
8855.0,8860.0,8857.5,3.579338e-05,0.0001789669,0
8860.0,8865.0,8862.5,3.211047e-05,0.00016055235,0
8865.0,8870.0,8867.5,3.57593e-05,0.0001787965,0
8870.0,8875.0,8872.5,5.012374e-05,0.0002506187,0
8875.0,8880.0,8877.5,4.0552722e-05,0.00020276361,0
8880.0,8885.0,8882.5,4.533448e-05,0.0002266724,0
8885.0,8890.0,8887.5,2.85552e-05,0.000142776,0
8890.0,8895.0,8892.5,2.3880586e-05,0.00011940293,0
8895.0,8900.0,8897.5,3.099492e-05,0.0001549746,0
8900.0,8905.0,8902.5,3.1075122e-05,0.00015537561,0
8905.0,8910.0,8907.5,3.5692902e-05,0.00017846451,0
8910.0,8915.0,8912.5,3.9313916e-05,0.00019656958,0
8915.0,8920.0,8917.5,2.9974888e-05,0.00014987444,0
8920.0,8925.0,8922.5,4.519386e-05,0.0002259693,0
8925.0,8930.0,8927.5,2.2711214e-05,0.00011355607,0
8930.0,8935.0,8932.5,3.81587e-05,0.0001907935,0
8935.0,8940.0,8937.5,3.9306178e-05,0.00019653089,0
8940.0,8945.0,8942.5,4.4148796e-05,0.00022074398,0
8945.0,8950.0,8947.5,3.6855918e-05,0.00018427959,0
8950.0,8955.0,8952.5,2.495089e-05,0.00012475445,0
8955.0,8960.0,8957.5,2.7480184e-05,0.00013740092,0
8960.0,8965.0,8962.5,3.0963524e-05,0.00015481762,0
8965.0,8970.0,8967.5,3.6941716e-05,0.00018470858,0
8970.0,8975.0,8972.5,4.7787478e-05,0.00023893739,0
8975.0,8980.0,8977.5,3.5715056e-05,0.00017857528,0
8980.0,8985.0,8982.5,3.3369236e-05,0.00016684618,0
8985.0,8990.0,8987.5,4.2988476e-05,0.00021494238,0
8990.0,8995.0,8992.5,3.2105138e-05,0.00016052569,0
8995.0,9000.0,8997.5,1.9148376e-05,9.574188e-05,0
9000.0,9005.0,9002.5,3.338164e-05,0.0001669082,0
9005.0,9010.0,9007.5,4.0428426e-05,0.00020214213,0
9010.0,9015.0,9012.5,3.097836e-05,0.0001548918,0
9015.0,9020.0,9017.5,3.5788494e-05,0.00017894247,0
9020.0,9025.0,9022.5,3.815124e-05,0.0001907562,0
9025.0,9030.0,9027.5,3.3229336e-05,0.00016614668,0
9030.0,9035.0,9032.5,4.0458736e-05,0.00020229368,0
9035.0,9040.0,9037.5,3.696023e-05,0.00018480115,0
9040.0,9045.0,9042.5,4.413074e-05,0.0002206537,0
9045.0,9050.0,9047.5,4.881141e-05,0.00024405705,0
9050.0,9055.0,9052.5,4.0496922e-05,0.00020248461,0
9055.0,9060.0,9057.5,3.33061e-05,0.0001665305,0
9060.0,9065.0,9062.5,2.9904256e-05,0.00014952128,0
9065.0,9070.0,9067.5,3.6910774e-05,0.00018455387,0
9070.0,9075.0,9072.5,4.4176676e-05,0.00022088338,0
9075.0,9080.0,9077.5,3.209768e-05,0.0001604884,0
9080.0,9085.0,9082.5,2.380189e-05,0.00011900945,0
9085.0,9090.0,9087.5,2.255422e-05,0.0001127711,0
9090.0,9095.0,9092.5,3.6941476e-05,0.00018470738,0
9095.0,9100.0,9097.5,4.661014e-05,0.0002330507,0
9100.0,9105.0,9102.5,3.8132268e-05,0.00019066134,0
9105.0,9110.0,9107.5,4.053562e-05,0.0002026781,0
9110.0,9115.0,9112.5,3.2183516e-05,0.00016091758,0
9115.0,9120.0,9117.5,3.20454e-05,0.000160227,0
9120.0,9125.0,9122.5,2.7409636e-05,0.00013704818,0
9125.0,9130.0,9127.5,4.2914814e-05,0.00021457407,0
9130.0,9135.0,9132.5,3.452237e-05,0.00017261185,0
9135.0,9140.0,9137.5,3.222962e-05,0.0001611481,0
9140.0,9145.0,9142.5,2.8680676e-05,0.00014340338,0
9145.0,9150.0,9147.5,2.3908118e-05,0.00011954059,0
9150.0,9155.0,9152.5,2.622314e-05,0.0001311157,0
9155.0,9160.0,9157.5,2.867928e-05,0.0001433964,0
9160.0,9165.0,9162.5,3.2266204e-05,0.00016133102,0
9165.0,9170.0,9167.5,3.3411728e-05,0.00016705864,0
9170.0,9175.0,9172.5,4.412972e-05,0.0002206486,0
9175.0,9180.0,9177.5,3.2109752e-05,0.00016054876,0
9180.0,9185.0,9182.5,3.68847e-05,0.0001844235,0
9185.0,9190.0,9187.5,2.9700532e-05,0.00014850266,0
9190.0,9195.0,9192.5,3.214966e-05,0.0001607483,0
9195.0,9200.0,9197.5,3.5875094e-05,0.00017937547,0
9200.0,9205.0,9202.5,3.7089718e-05,0.00018544859,0
9205.0,9210.0,9207.5,2.7457288e-05,0.00013728644,0
9210.0,9215.0,9212.5,3.457475e-05,0.00017287375,0
9215.0,9220.0,9217.5,2.8615542e-05,0.00014307771,0
9220.0,9225.0,9222.5,3.468374e-05,0.0001734187,0
9225.0,9230.0,9227.5,2.6249588e-05,0.00013124794,0
9230.0,9235.0,9232.5,3.8212344e-05,0.00019106172,0
9235.0,9240.0,9237.5,3.2174808e-05,0.00016087404,0
9240.0,9245.0,9242.5,2.8573254e-05,0.00014286627,0
9245.0,9250.0,9247.5,3.3393498e-05,0.00016696749,0
9250.0,9255.0,9252.5,2.8619952e-05,0.00014309976,0
9255.0,9260.0,9257.5,3.0999416e-05,0.00015499708,0
9260.0,9265.0,9262.5,3.0962038e-05,0.00015481019,0
9265.0,9270.0,9267.5,3.4658678e-05,0.00017329339,0
9270.0,9275.0,9272.5,4.419636e-05,0.0002209818,0
9275.0,9280.0,9277.5,4.8758602e-05,0.00024379301,0
9280.0,9285.0,9282.5,3.8146322e-05,0.00019073161,0
9285.0,9290.0,9287.5,3.211825e-05,0.00016059125,0
9290.0,9295.0,9292.5,3.4647448e-05,0.00017323724,0
9295.0,9300.0,9297.5,3.3453356e-05,0.00016726678,0
9300.0,9305.0,9302.5,4.3025714e-05,0.00021512857,0
9305.0,9310.0,9307.5,3.3474414e-05,0.00016737207,0
9310.0,9315.0,9312.5,3.350918e-05,0.0001675459,0
9315.0,9320.0,9317.5,3.5820308e-05,0.00017910154,0
9320.0,9325.0,9322.5,3.3399216e-05,0.00016699608,0
9325.0,9330.0,9327.5,2.7436154e-05,0.00013718077,0
9330.0,9335.0,9332.5,2.8615702e-05,0.00014307851,0
9335.0,9340.0,9337.5,3.3374788e-05,0.00016687394,0
9340.0,9345.0,9342.5,3.340603e-05,0.00016703015,0
9345.0,9350.0,9347.5,3.460641e-05,0.00017303205,0
9350.0,9355.0,9352.5,3.4615848e-05,0.00017307924,0
9355.0,9360.0,9357.5,3.5789714e-05,0.00017894857,0
9360.0,9365.0,9362.5,2.9736476e-05,0.00014868238,0
9365.0,9370.0,9367.5,3.0971644e-05,0.00015485822,0
9370.0,9375.0,9372.5,3.343411e-05,0.00016717055,0
9375.0,9380.0,9377.5,3.218385e-05,0.00016091925,0
9380.0,9385.0,9382.5,3.697402e-05,0.0001848701,0
9385.0,9390.0,9387.5,2.4912662e-05,0.00012456331,0
9390.0,9395.0,9392.5,2.269998e-05,0.0001134999,0
9395.0,9400.0,9397.5,3.4509412e-05,0.00017254706,0
9400.0,9405.0,9402.5,3.931813e-05,0.00019659065,0
9405.0,9410.0,9407.5,3.4585786e-05,0.00017292893,0
9410.0,9415.0,9412.5,2.6289832e-05,0.00013144916,0
9415.0,9420.0,9417.5,2.6290408e-05,0.00013145204,0
9420.0,9425.0,9422.5,3.328506e-05,0.0001664253,0
9425.0,9430.0,9427.5,2.6354868e-05,0.00013177434,0
9430.0,9435.0,9432.5,3.576196e-05,0.0001788098,0
9435.0,9440.0,9437.5,2.2580496e-05,0.00011290248,0
9440.0,9445.0,9442.5,4.1780688e-05,0.00020890344,0
9445.0,9450.0,9447.5,3.8162728e-05,0.00019081364,0
9450.0,9455.0,9452.5,2.9792372e-05,0.00014896186,0
9455.0,9460.0,9457.5,4.05526e-05,0.000202763,0
9460.0,9465.0,9462.5,3.226305e-05,0.00016131525,0
9465.0,9470.0,9467.5,2.873207e-05,0.00014366035,0
9470.0,9475.0,9472.5,3.4506854e-05,0.00017253427,0
9475.0,9480.0,9477.5,3.0972864e-05,0.00015486432,0
9480.0,9485.0,9482.5,2.9847966e-05,0.00014923983,0
9485.0,9490.0,9487.5,4.054676e-05,0.0002027338,0
9490.0,9495.0,9492.5,3.3459888e-05,0.00016729944,0
9495.0,9500.0,9497.5,1.5532718e-05,7.766359e-05,0
9500.0,9505.0,9502.5,4.0615648e-05,0.00020307824,0
9505.0,9510.0,9507.5,3.702047e-05,0.00018510235,0
9510.0,9515.0,9512.5,3.4507556e-05,0.00017253778,0
9515.0,9520.0,9517.5,3.3470462e-05,0.00016735231,0
9520.0,9525.0,9522.5,3.3352306e-05,0.00016676153,0
9525.0,9530.0,9527.5,2.998104e-05,0.0001499052,0
9530.0,9535.0,9532.5,2.8564222e-05,0.00014282111,0
9535.0,9540.0,9537.5,3.3371914e-05,0.00016685957,0
9540.0,9545.0,9542.5,3.1054646e-05,0.00015527323,0
9545.0,9550.0,9547.5,2.5066284e-05,0.00012533142,0
9550.0,9555.0,9552.5,3.7055528e-05,0.00018527764,0
9555.0,9560.0,9557.5,2.6295356e-05,0.00013147678,0
9560.0,9565.0,9562.5,3.5781214e-05,0.00017890607,0
9565.0,9570.0,9567.5,2.739576e-05,0.0001369788,0
9570.0,9575.0,9572.5,3.446303e-05,0.00017231515,0
9575.0,9580.0,9577.5,3.3391208e-05,0.00016695604,0
9580.0,9585.0,9582.5,2.627705e-05,0.00013138525,0
9585.0,9590.0,9587.5,2.6131346e-05,0.00013065673,0
9590.0,9595.0,9592.5,4.4012808e-05,0.00022006404,0
9595.0,9600.0,9597.5,2.379928e-05,0.0001189964,0
9600.0,9605.0,9602.5,3.3430114e-05,0.00016715057,0
9605.0,9610.0,9607.5,2.978373e-05,0.00014891865,0
9610.0,9615.0,9612.5,2.029349e-05,0.00010146745,0
9615.0,9620.0,9617.5,3.0906532e-05,0.00015453266,0
9620.0,9625.0,9622.5,4.049692e-05,0.0002024846,0
9625.0,9630.0,9627.5,2.8721044e-05,0.00014360522,0
9630.0,9635.0,9632.5,3.694734e-05,0.0001847367,0
9635.0,9640.0,9637.5,3.9378968e-05,0.00019689484,0
9640.0,9645.0,9642.5,2.6246606e-05,0.00013123303,0
9645.0,9650.0,9647.5,3.3381448e-05,0.00016690724,0
9650.0,9655.0,9652.5,3.0906702e-05,0.00015453351,0
9655.0,9660.0,9657.5,3.1035328e-05,0.00015517664,0
9660.0,9665.0,9662.5,3.226943e-05,0.00016134715,0
9665.0,9670.0,9667.5,2.5002138e-05,0.00012501069,0
9670.0,9675.0,9672.5,2.8557488e-05,0.00014278744,0
9675.0,9680.0,9677.5,3.2064616e-05,0.00016032308,0
9680.0,9685.0,9682.5,2.9941792e-05,0.00014970896,0
9685.0,9690.0,9687.5,3.220194e-05,0.0001610097,0
9690.0,9695.0,9692.5,3.341542e-05,0.0001670771,0
9695.0,9700.0,9697.5,3.569606e-05,0.0001784803,0
9700.0,9705.0,9702.5,2.6310834e-05,0.00013155417,0
9705.0,9710.0,9707.5,4.068333e-05,0.00020341665,0
9710.0,9715.0,9712.5,3.695843e-05,0.00018479215,0
9715.0,9720.0,9717.5,4.1755284e-05,0.00020877642,0
9720.0,9725.0,9722.5,4.049757e-05,0.00020248785,0
9725.0,9730.0,9727.5,3.927008e-05,0.0001963504,0
9730.0,9735.0,9732.5,3.324624e-05,0.0001662312,0
9735.0,9740.0,9737.5,3.2210168e-05,0.00016105084,0
9740.0,9745.0,9742.5,2.4982058e-05,0.00012491029,0
9745.0,9750.0,9747.5,2.2621072e-05,0.00011310536,0
9750.0,9755.0,9752.5,2.8586528e-05,0.00014293264,0
9755.0,9760.0,9757.5,4.053564e-05,0.0002026782,0
9760.0,9765.0,9762.5,2.9888492e-05,0.00014944246,0
9765.0,9770.0,9767.5,2.7421612e-05,0.00013710806,0
9770.0,9775.0,9772.5,2.2647056e-05,0.00011323528,0
9775.0,9780.0,9777.5,2.861856e-05,0.0001430928,0
9780.0,9785.0,9782.5,2.75111e-05,0.0001375555,0
9785.0,9790.0,9787.5,2.0381444e-05,0.00010190722,0
9790.0,9795.0,9792.5,2.385117e-05,0.00011925585,0
9795.0,9800.0,9797.5,2.7312288e-05,0.00013656144,0
9800.0,9805.0,9802.5,3.45565e-05,0.0001727825,0
9805.0,9810.0,9807.5,2.86097e-05,0.0001430485,0
9810.0,9815.0,9812.5,2.7519714e-05,0.00013759857,0
9815.0,9820.0,9817.5,4.293432e-05,0.0002146716,0
9820.0,9825.0,9822.5,2.6299452e-05,0.00013149726,0
9825.0,9830.0,9827.5,2.3843884e-05,0.00011921942,0
9830.0,9835.0,9832.5,3.1058036e-05,0.00015529018,0
9835.0,9840.0,9837.5,2.024979e-05,0.00010124895,0
9840.0,9845.0,9842.5,2.6254694e-05,0.00013127347,0
9845.0,9850.0,9847.5,3.45141e-05,0.0001725705,0
9850.0,9855.0,9852.5,2.3920386e-05,0.00011960193,0
9855.0,9860.0,9857.5,3.0944146e-05,0.00015472073,0
9860.0,9865.0,9862.5,2.9776456e-05,0.00014888228,0
9865.0,9870.0,9867.5,3.3312818e-05,0.00016656409,0
9870.0,9875.0,9872.5,3.689857e-05,0.00018449285,0
9875.0,9880.0,9877.5,2.384732e-05,0.0001192366,0
9880.0,9885.0,9882.5,2.5030904e-05,0.00012515452,0
9885.0,9890.0,9887.5,3.934162e-05,0.0001967081,0
9890.0,9895.0,9892.5,2.1490214e-05,0.00010745107,0
9895.0,9900.0,9897.5,3.572092e-05,0.0001786046,0
9900.0,9905.0,9902.5,1.9102666e-05,9.551333e-05,0
9905.0,9910.0,9907.5,3.928914e-05,0.0001964457,0
9910.0,9915.0,9912.5,3.5647374e-05,0.00017823687,0
9915.0,9920.0,9917.5,2.7394862e-05,0.00013697431,0
9920.0,9925.0,9922.5,2.9841016e-05,0.00014920508,0
9925.0,9930.0,9927.5,3.337024e-05,0.0001668512,0
9930.0,9935.0,9932.5,2.994191e-05,0.00014970955,0
9935.0,9940.0,9937.5,3.1042708e-05,0.00015521354,0
9940.0,9945.0,9942.5,2.2676248e-05,0.00011338124,0
9945.0,9950.0,9947.5,3.458097e-05,0.00017290485,0
9950.0,9955.0,9952.5,2.740077e-05,0.00013700385,0
9955.0,9960.0,9957.5,3.2255702e-05,0.00016127851,0
9960.0,9965.0,9962.5,2.9788152e-05,0.00014894076,0
9965.0,9970.0,9967.5,2.7424702e-05,0.00013712351,0
9970.0,9975.0,9972.5,2.982207e-05,0.00014911035,0
9975.0,9980.0,9977.5,2.6286772e-05,0.00013143386,0
9980.0,9985.0,9982.5,3.3350354e-05,0.00016675177,0
9985.0,9990.0,9987.5,3.1034704e-05,0.00015517352,0
9990.0,9995.0,9992.5,3.11005e-05,0.0001555025,0
9995.0,10000.0,9997.5,3.6923058e-05,0.00018461529,0
10000.0,10005.0,10002.5,3.4626896e-05,0.00017313448,0
10005.0,10010.0,10007.5,3.579867e-05,0.00017899335,0
10010.0,10015.0,10012.5,3.3439582e-05,0.00016719791,0
10015.0,10020.0,10017.5,3.3387446e-05,0.00016693723,0
10020.0,10025.0,10022.5,3.2161152e-05,0.00016080576,0
10025.0,10030.0,10027.5,1.9043578e-05,9.521789e-05,0
10030.0,10035.0,10032.5,2.5125138e-05,0.00012562569,0
10035.0,10040.0,10037.5,3.573787e-05,0.00017868935,0
10040.0,10045.0,10042.5,2.859951e-05,0.00014299755,0
10045.0,10050.0,10047.5,3.20932e-05,0.000160466,0
10050.0,10055.0,10052.5,3.1087102e-05,0.00015543551,0
10055.0,10060.0,10057.5,2.500475e-05,0.00012502375,0
10060.0,10065.0,10062.5,2.6345638e-05,0.00013172819,0
10065.0,10070.0,10067.5,2.4964226e-05,0.00012482113,0
10070.0,10075.0,10072.5,2.3912844e-05,0.00011956422,0
10075.0,10080.0,10077.5,2.9946802e-05,0.00014973401,0
10080.0,10085.0,10082.5,3.4588748e-05,0.00017294374,0
10085.0,10090.0,10087.5,2.2807908e-05,0.00011403954,0
10090.0,10095.0,10092.5,3.2131408e-05,0.00016065704,0
10095.0,10100.0,10097.5,3.221867e-05,0.00016109335,0
10100.0,10105.0,10102.5,3.6798196e-05,0.00018399098,0
10105.0,10110.0,10107.5,3.0997986e-05,0.00015498993,0
10110.0,10115.0,10112.5,2.8683676e-05,0.00014341838,0
10115.0,10120.0,10117.5,2.5040138e-05,0.00012520069,0
10120.0,10125.0,10122.5,2.15286e-05,0.000107643,0
10125.0,10130.0,10127.5,3.0979048e-05,0.00015489524,0
10130.0,10135.0,10132.5,3.705168e-05,0.0001852584,0
10135.0,10140.0,10137.5,2.2653628e-05,0.00011326814,0
10140.0,10145.0,10142.5,2.509718e-05,0.0001254859,0
10145.0,10150.0,10147.5,3.1057472e-05,0.00015528736,0
10150.0,10155.0,10152.5,2.2644618e-05,0.00011322309,0
10155.0,10160.0,10157.5,3.0966218e-05,0.00015483109,0
10160.0,10165.0,10162.5,2.6210436e-05,0.00013105218,0
10165.0,10170.0,10167.5,3.461422e-05,0.0001730711,0
10170.0,10175.0,10172.5,3.3364234e-05,0.00016682117,0
10175.0,10180.0,10177.5,2.626334e-05,0.0001313167,0
10180.0,10185.0,10182.5,3.2104628e-05,0.00016052314,0
10185.0,10190.0,10187.5,2.8660826e-05,0.00014330413,0
10190.0,10195.0,10192.5,2.8670518e-05,0.00014335259,0
10195.0,10200.0,10197.5,2.3813246e-05,0.00011906623,0
10200.0,10205.0,10202.5,2.9812478e-05,0.00014906239,0
10205.0,10210.0,10207.5,2.2645724e-05,0.00011322862,0
10210.0,10215.0,10212.5,2.863258e-05,0.0001431629,0
10215.0,10220.0,10217.5,3.3413398e-05,0.00016706699,0
10220.0,10225.0,10222.5,4.048518e-05,0.0002024259,0
10225.0,10230.0,10227.5,2.381006e-05,0.0001190503,0
10230.0,10235.0,10232.5,2.9700938e-05,0.00014850469,0
10235.0,10240.0,10237.5,2.618464e-05,0.0001309232,0
10240.0,10245.0,10242.5,2.4972482e-05,0.00012486241,0
10245.0,10250.0,10247.5,2.9877608e-05,0.00014938804,0
10250.0,10255.0,10252.5,3.0903732e-05,0.00015451866,0
10255.0,10260.0,10257.5,2.3830986e-05,0.00011915493,0
10260.0,10265.0,10262.5,3.3374026e-05,0.00016687013,0
10265.0,10270.0,10267.5,2.8641932e-05,0.00014320966,0
10270.0,10275.0,10272.5,3.2007026e-05,0.00016003513,0
10275.0,10280.0,10277.5,1.4365546e-05,7.182773e-05,0
10280.0,10285.0,10282.5,1.668411e-05,8.342055e-05,0
10285.0,10290.0,10287.5,2.4952176e-05,0.00012476088,0
10290.0,10295.0,10292.5,2.7514216e-05,0.00013757108,0
10295.0,10300.0,10297.5,1.9015636e-05,9.507818e-05,0
10300.0,10305.0,10302.5,3.5701678e-05,0.00017850839,0
10305.0,10310.0,10307.5,2.2673194e-05,0.00011336597,0
10310.0,10315.0,10312.5,2.1503082e-05,0.00010751541,0
10315.0,10320.0,10317.5,3.452736e-05,0.0001726368,0
10320.0,10325.0,10322.5,2.9880416e-05,0.00014940208,0
10325.0,10330.0,10327.5,2.8630136e-05,0.00014315068,0
10330.0,10335.0,10332.5,2.6210828e-05,0.00013105414,0
10335.0,10340.0,10337.5,2.0272476e-05,0.00010136238,0
10340.0,10345.0,10342.5,2.390578e-05,0.0001195289,0
10345.0,10350.0,10347.5,2.5022922e-05,0.00012511461,0
10350.0,10355.0,10352.5,1.9079436e-05,9.539718e-05,0
10355.0,10360.0,10357.5,2.8547618e-05,0.00014273809,0
10360.0,10365.0,10362.5,1.9107488e-05,9.553744e-05,0
10365.0,10370.0,10367.5,2.266916e-05,0.0001133458,0
10370.0,10375.0,10372.5,1.909795e-05,9.548975e-05,0
10375.0,10380.0,10377.5,3.338014e-05,0.0001669007,0
10380.0,10385.0,10382.5,2.1438948e-05,0.00010719474,0
10385.0,10390.0,10387.5,2.1411252e-05,0.00010705626,0
10390.0,10395.0,10392.5,1.9156842e-05,9.578421e-05,0
10395.0,10400.0,10397.5,2.147285e-05,0.00010736425,0
10400.0,10405.0,10402.5,2.6198668e-05,0.00013099334,0
10405.0,10410.0,10407.5,1.3126924e-05,6.563462e-05,0
10410.0,10415.0,10412.5,2.6247462e-05,0.00013123731,0
10415.0,10420.0,10417.5,2.9793592e-05,0.00014896796,0
10420.0,10425.0,10422.5,3.2093006e-05,0.00016046503,0
10425.0,10430.0,10427.5,2.3799458e-05,0.00011899729,0
10430.0,10435.0,10432.5,2.751151e-05,0.00013755755,0
10435.0,10440.0,10437.5,2.6296582e-05,0.00013148291,0
10440.0,10445.0,10442.5,2.8587858e-05,0.00014293929,0
10445.0,10450.0,10447.5,2.8773816e-05,0.00014386908,0
10450.0,10455.0,10452.5,2.9852548e-05,0.00014926274,0
10455.0,10460.0,10457.5,2.3838632e-05,0.00011919316,0
10460.0,10465.0,10462.5,3.6987758e-05,0.00018493879,0
10465.0,10470.0,10467.5,2.8606954e-05,0.00014303477,0
10470.0,10475.0,10472.5,2.268485e-05,0.00011342425,0
10475.0,10480.0,10477.5,2.3818848e-05,0.00011909424,0
10480.0,10485.0,10482.5,2.5062414e-05,0.00012531207,0
10485.0,10490.0,10487.5,2.0261234e-05,0.00010130617,0
10490.0,10495.0,10492.5,2.146408e-05,0.0001073204,0
10495.0,10500.0,10497.5,2.8471204e-05,0.00014235602,0
10500.0,10505.0,10502.5,2.4954992e-05,0.00012477496,0
10505.0,10510.0,10507.5,3.2171994e-05,0.00016085997,0
10510.0,10515.0,10512.5,2.9795e-05,0.000148975,0
10515.0,10520.0,10517.5,3.938742e-05,0.0001969371,0
10520.0,10525.0,10522.5,2.8597842e-05,0.00014298921,0
10525.0,10530.0,10527.5,2.388613e-05,0.00011943065,0
10530.0,10535.0,10532.5,2.6230514e-05,0.00013115257,0
10535.0,10540.0,10537.5,2.1435282e-05,0.00010717641,0
10540.0,10545.0,10542.5,2.0225308e-05,0.00010112654,0
10545.0,10550.0,10547.5,2.854494e-05,0.0001427247,0
10550.0,10555.0,10552.5,2.2688536e-05,0.00011344268,0
10555.0,10560.0,10557.5,2.026652e-05,0.0001013326,0
10560.0,10565.0,10562.5,2.9800032e-05,0.00014900016,0
10565.0,10570.0,10567.5,2.858142e-05,0.0001429071,0
10570.0,10575.0,10572.5,2.139243e-05,0.00010696215,0
10575.0,10580.0,10577.5,2.5096384e-05,0.00012548192,0
10580.0,10585.0,10582.5,2.3843996e-05,0.00011921998,0
10585.0,10590.0,10587.5,2.3923978e-05,0.00011961989,0
10590.0,10595.0,10592.5,2.1448424e-05,0.00010724212,0
10595.0,10600.0,10597.5,3.4585904e-05,0.00017292952,0
10600.0,10605.0,10602.5,3.2182576e-05,0.00016091288,0
10605.0,10610.0,10607.5,3.4616838e-05,0.00017308419,0
10610.0,10615.0,10612.5,1.7813174e-05,8.906587e-05,0
10615.0,10620.0,10617.5,2.8661928e-05,0.00014330964,0
10620.0,10625.0,10622.5,2.265158e-05,0.0001132579,0
10625.0,10630.0,10627.5,2.855975e-05,0.00014279875,0
10630.0,10635.0,10632.5,2.4983578e-05,0.00012491789,0
10635.0,10640.0,10637.5,2.8532742e-05,0.00014266371,0
10640.0,10645.0,10642.5,2.2653388e-05,0.00011326694,0
10645.0,10650.0,10647.5,2.2594618e-05,0.00011297309,0
10650.0,10655.0,10652.5,2.754226e-05,0.0001377113,0
10655.0,10660.0,10657.5,2.2710782e-05,0.00011355391,0
10660.0,10665.0,10662.5,2.749105e-05,0.00013745525,0
10665.0,10670.0,10667.5,2.4998056e-05,0.00012499028,0
10670.0,10675.0,10672.5,2.142446e-05,0.0001071223,0
10675.0,10680.0,10677.5,3.4522592e-05,0.00017261296,0
10680.0,10685.0,10682.5,2.5100174e-05,0.00012550087,0
10685.0,10690.0,10687.5,2.1423216e-05,0.00010711608,0
10690.0,10695.0,10692.5,2.3787476e-05,0.00011893738,0
10695.0,10700.0,10697.5,2.2651244e-05,0.00011325622,0
10700.0,10705.0,10702.5,2.149309e-05,0.00010746545,0
10705.0,10710.0,10707.5,2.623842e-05,0.0001311921,0
10710.0,10715.0,10712.5,2.9915768e-05,0.00014957884,0
10715.0,10720.0,10717.5,2.6272028e-05,0.00013136014,0
10720.0,10725.0,10722.5,2.2568592e-05,0.00011284296,0
10725.0,10730.0,10727.5,2.1504756e-05,0.00010752378,0
10730.0,10735.0,10732.5,2.0259316e-05,0.00010129658,0
10735.0,10740.0,10737.5,2.2676518e-05,0.00011338259,0
10740.0,10745.0,10742.5,3.5730094e-05,0.00017865047,0
10745.0,10750.0,10747.5,2.2675866e-05,0.00011337933,0
10750.0,10755.0,10752.5,2.7372028e-05,0.00013686014,0
10755.0,10760.0,10757.5,2.626906e-05,0.0001313453,0
10760.0,10765.0,10762.5,2.2689012e-05,0.00011344506,0
10765.0,10770.0,10767.5,2.8544334e-05,0.00014272167,0
10770.0,10775.0,10772.5,2.623588e-05,0.0001311794,0
10775.0,10780.0,10777.5,2.7354682e-05,0.00013677341,0
10780.0,10785.0,10782.5,2.498996e-05,0.0001249498,0
10785.0,10790.0,10787.5,1.7980164e-05,8.990082e-05,0
10790.0,10795.0,10792.5,2.142712e-05,0.0001071356,0
10795.0,10800.0,10797.5,2.747228e-05,0.0001373614,0
10800.0,10805.0,10802.5,2.5153888e-05,0.00012576944,0
10805.0,10810.0,10807.5,2.257541e-05,0.00011287705,0
10810.0,10815.0,10812.5,2.4951728e-05,0.00012475864,0
10815.0,10820.0,10817.5,1.9083294e-05,9.541647e-05,0
10820.0,10825.0,10822.5,2.9845762e-05,0.00014922881,0
10825.0,10830.0,10827.5,2.8648998e-05,0.00014324499,0
10830.0,10835.0,10832.5,2.276682e-05,0.0001138341,0
10835.0,10840.0,10837.5,2.86399e-05,0.0001431995,0
10840.0,10845.0,10842.5,2.0245416e-05,0.00010122708,0
10845.0,10850.0,10847.5,4.048026e-05,0.0002024013,0
10850.0,10855.0,10852.5,2.0213538e-05,0.00010106769,0
10855.0,10860.0,10857.5,1.6619044e-05,8.309522e-05,0
10860.0,10865.0,10862.5,2.030348e-05,0.0001015174,0
10865.0,10870.0,10867.5,2.0266592e-05,0.00010133296,0
10870.0,10875.0,10872.5,3.5850872e-05,0.00017925436,0
10875.0,10880.0,10877.5,2.1483786e-05,0.00010741893,0
10880.0,10885.0,10882.5,2.3895086e-05,0.00011947543,0
10885.0,10890.0,10887.5,2.7360346e-05,0.00013680173,0
10890.0,10895.0,10892.5,2.2675946e-05,0.00011337973,0
10895.0,10900.0,10897.5,3.4567378e-05,0.00017283689,0
10900.0,10905.0,10902.5,1.9101046e-05,9.550523e-05,0
10905.0,10910.0,10907.5,2.5134678e-05,0.00012567339,0
10910.0,10915.0,10912.5,1.5494914e-05,7.747457e-05,0
10915.0,10920.0,10917.5,2.2700084e-05,0.00011350042,0
10920.0,10925.0,10922.5,2.6314286e-05,0.00013157143,0
10925.0,10930.0,10927.5,3.5782356e-05,0.00017891178,0
10930.0,10935.0,10932.5,1.7939746e-05,8.969873e-05,0
10935.0,10940.0,10937.5,2.262697e-05,0.00011313485,0
10940.0,10945.0,10942.5,1.9116856e-05,9.558428e-05,0
10945.0,10950.0,10947.5,2.0261936e-05,0.00010130968,0
10950.0,10955.0,10952.5,2.2763052e-05,0.00011381526,0
10955.0,10960.0,10957.5,2.503467e-05,0.00012517335,0
10960.0,10965.0,10962.5,2.159778e-05,0.0001079889,0
10965.0,10970.0,10967.5,3.1077056e-05,0.00015538528,0
10970.0,10975.0,10972.5,1.4366314e-05,7.183157e-05,0
10975.0,10980.0,10977.5,1.424811e-05,7.124055e-05,0
10980.0,10985.0,10982.5,2.617441e-05,0.00013087205,0
10985.0,10990.0,10987.5,2.2633038e-05,0.00011316519,0
10990.0,10995.0,10992.5,2.8643048e-05,0.00014321524,0
10995.0,11000.0,10997.5,1.7817644e-05,8.908822e-05,0
11000.0,11005.0,11002.5,2.508372e-05,0.0001254186,0
11005.0,11010.0,11007.5,2.2764014e-05,0.00011382007,0
11010.0,11015.0,11012.5,3.6891988e-05,0.00018445994,0
11015.0,11020.0,11017.5,2.7456142e-05,0.00013728071,0
11020.0,11025.0,11022.5,2.624911e-05,0.00013124555,0
11025.0,11030.0,11027.5,2.7492978e-05,0.00013746489,0
11030.0,11035.0,11032.5,1.789828e-05,8.94914e-05,0
11035.0,11040.0,11037.5,1.6613462e-05,8.306731e-05,0
11040.0,11045.0,11042.5,1.6729208e-05,8.364604e-05,0
11045.0,11050.0,11047.5,2.2663278e-05,0.00011331639,0
11050.0,11055.0,11052.5,1.4257308e-05,7.128654e-05,0
11055.0,11060.0,11057.5,2.8718968e-05,0.00014359484,0
11060.0,11065.0,11062.5,2.385497e-05,0.00011927485,0
11065.0,11070.0,11067.5,2.5021398e-05,0.00012510699,0
11070.0,11075.0,11072.5,1.5500312e-05,7.750156e-05,0
11075.0,11080.0,11077.5,2.1432754e-05,0.00010716377,0
11080.0,11085.0,11082.5,2.5068188e-05,0.00012534094,0
11085.0,11090.0,11087.5,1.5419674e-05,7.709837e-05,0
11090.0,11095.0,11092.5,2.257826e-05,0.0001128913,0
11095.0,11100.0,11097.5,2.3793316e-05,0.00011896658,0
11100.0,11105.0,11102.5,2.0336798e-05,0.00010168399,0
11105.0,11110.0,11107.5,2.3891538e-05,0.00011945769,0
11110.0,11115.0,11112.5,2.381341e-05,0.00011906705,0
11115.0,11120.0,11117.5,2.0232052e-05,0.00010116026,0
11120.0,11125.0,11122.5,2.8598292e-05,0.00014299146,0
11125.0,11130.0,11127.5,2.2646326e-05,0.00011323163,0
11130.0,11135.0,11132.5,1.9084004e-05,9.542002e-05,0
11135.0,11140.0,11137.5,2.0259122e-05,0.00010129561,0
11140.0,11145.0,11142.5,2.2751746e-05,0.00011375873,0
11145.0,11150.0,11147.5,2.506065e-05,0.00012530325,0
11150.0,11155.0,11152.5,1.4222338e-05,7.111169e-05,0
11155.0,11160.0,11157.5,2.1442704e-05,0.00010721352,0
11160.0,11165.0,11162.5,1.9028236e-05,9.514118e-05,0
11165.0,11170.0,11167.5,2.749952e-05,0.0001374976,0
11170.0,11175.0,11172.5,1.7768172e-05,8.884086e-05,0
11175.0,11180.0,11177.5,2.50529e-05,0.0001252645,0
11180.0,11185.0,11182.5,2.3830934e-05,0.00011915467,0
11185.0,11190.0,11187.5,1.917572e-05,9.58786e-05,0
11190.0,11195.0,11192.5,1.67143e-05,8.35715e-05,0
11195.0,11200.0,11197.5,3.456583e-05,0.00017282915,0
11200.0,11205.0,11202.5,2.9699774e-05,0.00014849887,0
11205.0,11210.0,11207.5,2.1451596e-05,0.00010725798,0
11210.0,11215.0,11212.5,1.7859616e-05,8.929808e-05,0
11215.0,11220.0,11217.5,2.6156656e-05,0.00013078328,0
11220.0,11225.0,11222.5,2.7457166e-05,0.00013728583,0
11225.0,11230.0,11227.5,1.9007978e-05,9.503989e-05,0
11230.0,11235.0,11232.5,1.9053064e-05,9.526532e-05,0
11235.0,11240.0,11237.5,2.7389234e-05,0.00013694617,0
11240.0,11245.0,11242.5,2.6247544e-05,0.00013123772,0
11245.0,11250.0,11247.5,1.7947356e-05,8.973678e-05,0
11250.0,11255.0,11252.5,1.7890992e-05,8.945496e-05,0
11255.0,11260.0,11257.5,1.3157364e-05,6.578682e-05,0
11260.0,11265.0,11262.5,2.509968e-05,0.0001254984,0
11265.0,11270.0,11267.5,1.9196346e-05,9.598173e-05,0
11270.0,11275.0,11272.5,1.9119386e-05,9.559693e-05,0
11275.0,11280.0,11277.5,1.9100644e-05,9.550322e-05,0
11280.0,11285.0,11282.5,2.3812556e-05,0.00011906278,0
11285.0,11290.0,11287.5,1.9017386e-05,9.508693e-05,0
11290.0,11295.0,11292.5,1.078382e-05,5.39191e-05,0
11295.0,11300.0,11297.5,2.2671302e-05,0.00011335651,0
11300.0,11305.0,11302.5,1.6729314e-05,8.364657e-05,0
11305.0,11310.0,11307.5,2.033774e-05,0.0001016887,0
11310.0,11315.0,11312.5,2.49917e-05,0.0001249585,0
11315.0,11320.0,11317.5,2.7435898e-05,0.00013717949,0
11320.0,11325.0,11322.5,2.2767518e-05,0.00011383759,0
11325.0,11330.0,11327.5,2.0183464e-05,0.00010091732,0
11330.0,11335.0,11332.5,1.4279554e-05,7.139777e-05,0
11335.0,11340.0,11337.5,3.7066262e-05,0.00018533131,0
11340.0,11345.0,11342.5,1.0722302e-05,5.361151e-05,0
11345.0,11350.0,11347.5,2.3868506e-05,0.00011934253,0
11350.0,11355.0,11352.5,1.7847114e-05,8.923557e-05,0
11355.0,11360.0,11357.5,2.1478362e-05,0.00010739181,0
11360.0,11365.0,11362.5,1.9100574e-05,9.550287e-05,0
11365.0,11370.0,11367.5,2.1554116e-05,0.00010777058,0
11370.0,11375.0,11372.5,1.3180376e-05,6.590188e-05,0
11375.0,11380.0,11377.5,2.0297814e-05,0.00010148907,0
11380.0,11385.0,11382.5,1.8981486e-05,9.490743e-05,0
11385.0,11390.0,11387.5,2.7412152e-05,0.00013706076,0
11390.0,11395.0,11392.5,2.4973696e-05,0.00012486848,0
11395.0,11400.0,11397.5,2.2689442e-05,0.00011344721,0
11400.0,11405.0,11402.5,2.3883096e-05,0.00011941548,0
11405.0,11410.0,11407.5,2.0305408e-05,0.00010152704,0
11410.0,11415.0,11412.5,1.7835192e-05,8.917596e-05,0
11415.0,11420.0,11417.5,1.6661696e-05,8.330848e-05,0
11420.0,11425.0,11422.5,2.74767e-05,0.0001373835,0
11425.0,11430.0,11427.5,1.5505636e-05,7.752818e-05,0
11430.0,11435.0,11432.5,2.6233852e-05,0.00013116926,0
11435.0,11440.0,11437.5,2.6290532e-05,0.00013145266,0
11440.0,11445.0,11442.5,2.3847482e-05,0.00011923741,0
11445.0,11450.0,11447.5,1.1874668e-05,5.937334e-05,0
11450.0,11455.0,11452.5,2.5040478e-05,0.00012520239,0
11455.0,11460.0,11457.5,2.7484102e-05,0.00013742051,0
11460.0,11465.0,11462.5,2.0254204e-05,0.00010127102,0
11465.0,11470.0,11467.5,2.7405572e-05,0.00013702786,0
11470.0,11475.0,11472.5,2.754266e-05,0.0001377133,0
11475.0,11480.0,11477.5,2.1512916e-05,0.00010756458,0
11480.0,11485.0,11482.5,1.6724168e-05,8.362084e-05,0
11485.0,11490.0,11487.5,1.5517218e-05,7.758609e-05,0
11490.0,11495.0,11492.5,2.1528088e-05,0.00010764044,0
11495.0,11500.0,11497.5,2.2618586e-05,0.00011309293,0
11500.0,11505.0,11502.5,1.4277892e-05,7.138946e-05,0
11505.0,11510.0,11507.5,2.1429196e-05,0.00010714598,0
11510.0,11515.0,11512.5,1.1944902e-05,5.972451e-05,0
11515.0,11520.0,11517.5,1.31014e-05,6.5507e-05,0
11520.0,11525.0,11522.5,1.679046e-05,8.39523e-05,0
11525.0,11530.0,11527.5,2.5068008e-05,0.00012534004,0
11530.0,11535.0,11532.5,2.383183e-05,0.00011915915,0
11535.0,11540.0,11537.5,2.1458052e-05,0.00010729026,0
11540.0,11545.0,11542.5,1.5540068e-05,7.770034e-05,0
11545.0,11550.0,11547.5,3.8311778e-05,0.00019155889,0
11550.0,11555.0,11552.5,2.1470708e-05,0.00010735354,0
11555.0,11560.0,11557.5,9.618236e-06,4.809118e-05,0
11560.0,11565.0,11562.5,1.6630178e-05,8.315089e-05,0
11565.0,11570.0,11567.5,1.7927682e-05,8.963841e-05,0
11570.0,11575.0,11572.5,1.6777314e-05,8.388657e-05,0
11575.0,11580.0,11577.5,2.4966302e-05,0.00012483151,0
11580.0,11585.0,11582.5,1.9085546e-05,9.542773e-05,0
11585.0,11590.0,11587.5,1.3110382e-05,6.555191e-05,0
11590.0,11595.0,11592.5,1.6756578e-05,8.378289e-05,0
11595.0,11600.0,11597.5,8.311962e-06,4.155981e-05,0
11600.0,11605.0,11602.5,1.9068584e-05,9.534292e-05,0
11605.0,11610.0,11607.5,1.3169242e-05,6.584621e-05,0
11610.0,11615.0,11612.5,1.9017792e-05,9.508896e-05,0
11615.0,11620.0,11617.5,1.5529596e-05,7.764798e-05,0
11620.0,11625.0,11622.5,1.9105532e-05,9.552766e-05,0
11625.0,11630.0,11627.5,2.8613304e-05,0.00014306652,0
11630.0,11635.0,11632.5,2.1555654e-05,0.00010777827,0
11635.0,11640.0,11637.5,3.0990288e-05,0.00015495144,0
11640.0,11645.0,11642.5,1.4253184e-05,7.126592e-05,0
11645.0,11650.0,11647.5,2.1475126e-05,0.00010737563,0
11650.0,11655.0,11652.5,1.3133896e-05,6.566948e-05,0
11655.0,11660.0,11657.5,2.2599766e-05,0.00011299883,0
11660.0,11665.0,11662.5,2.8696668e-05,0.00014348334,0
11665.0,11670.0,11667.5,2.1361958e-05,0.00010680979,0
11670.0,11675.0,11672.5,2.3830768e-05,0.00011915384,0
11675.0,11680.0,11677.5,1.5498756e-05,7.749378e-05,0
11680.0,11685.0,11682.5,1.6662872e-05,8.331436e-05,0
11685.0,11690.0,11687.5,2.0295816e-05,0.00010147908,0
11690.0,11695.0,11692.5,1.7958952e-05,8.979476e-05,0
11695.0,11700.0,11697.5,2.2753378e-05,0.00011376689,0
11700.0,11705.0,11702.5,9.487e-06,4.7435e-05,0
11705.0,11710.0,11707.5,2.99182e-05,0.000149591,0
11710.0,11715.0,11712.5,2.5015726e-05,0.00012507863,0
11715.0,11720.0,11717.5,1.789013e-05,8.945065e-05,0
11720.0,11725.0,11722.5,2.8577424e-05,0.00014288712,0
11725.0,11730.0,11727.5,1.4333466e-05,7.166733e-05,0
11730.0,11735.0,11732.5,2.1432002e-05,0.00010716001,0
11735.0,11740.0,11737.5,2.0250424e-05,0.00010125212,0
11740.0,11745.0,11742.5,1.1873752e-05,5.936876e-05,0
11745.0,11750.0,11747.5,2.63078e-05,0.000131539,0
11750.0,11755.0,11752.5,2.1515662e-05,0.00010757831,0
11755.0,11760.0,11757.5,1.9093136e-05,9.546568e-05,0
11760.0,11765.0,11762.5,1.6711858e-05,8.355929e-05,0
11765.0,11770.0,11767.5,1.7946614e-05,8.973307e-05,0
11770.0,11775.0,11772.5,1.7934762e-05,8.967381e-05,0
11775.0,11780.0,11777.5,1.7863072e-05,8.931536e-05,0
11780.0,11785.0,11782.5,1.6753374e-05,8.376687e-05,0
11785.0,11790.0,11787.5,2.5017068e-05,0.00012508534,0
11790.0,11795.0,11792.5,2.0287426e-05,0.00010143713,0
11795.0,11800.0,11797.5,1.6644012e-05,8.322006e-05,0
11800.0,11805.0,11802.5,2.2627238e-05,0.00011313619,0
11805.0,11810.0,11807.5,1.5553054e-05,7.776527e-05,0
11810.0,11815.0,11812.5,1.1950364e-05,5.975182e-05,0
11815.0,11820.0,11817.5,1.7836018e-05,8.918009e-05,0
11820.0,11825.0,11822.5,1.9024138e-05,9.512069e-05,0
11825.0,11830.0,11827.5,1.557205e-05,7.786025e-05,0
11830.0,11835.0,11832.5,2.5090586e-05,0.00012545293,0
11835.0,11840.0,11837.5,3.093336e-05,0.0001546668,0
11840.0,11845.0,11842.5,1.9022206e-05,9.511103e-05,0
11845.0,11850.0,11847.5,1.666948e-05,8.33474e-05,0
11850.0,11855.0,11852.5,1.7944734e-05,8.972367e-05,0
11855.0,11860.0,11857.5,2.031305e-05,0.00010156525,0
11860.0,11865.0,11862.5,1.9056208e-05,9.528104e-05,0
11865.0,11870.0,11867.5,2.036323e-05,0.00010181615,0
11870.0,11875.0,11872.5,1.4341858e-05,7.170929e-05,0
11875.0,11880.0,11877.5,1.195684e-05,5.97842e-05,0
11880.0,11885.0,11882.5,1.6661716e-05,8.330858e-05,0
11885.0,11890.0,11887.5,1.7862984e-05,8.931492e-05,0
11890.0,11895.0,11892.5,1.3133324e-05,6.566662e-05,0
11895.0,11900.0,11897.5,2.1463786e-05,0.00010731893,0
11900.0,11905.0,11902.5,1.554604e-05,7.77302e-05,0
11905.0,11910.0,11907.5,2.1448492e-05,0.00010724246,0
11910.0,11915.0,11912.5,2.1476566e-05,0.00010738283,0
11915.0,11920.0,11917.5,1.6688714e-05,8.344357e-05,0
11920.0,11925.0,11922.5,2.1426048e-05,0.00010713024,0
11925.0,11930.0,11927.5,1.5496736e-05,7.748368e-05,0
11930.0,11935.0,11932.5,2.5154906e-05,0.00012577453,0
11935.0,11940.0,11937.5,2.62204e-05,0.000131102,0
11940.0,11945.0,11942.5,1.6668998e-05,8.334499e-05,0
11945.0,11950.0,11947.5,1.77874e-05,8.8937e-05,0
11950.0,11955.0,11952.5,2.0243692e-05,0.00010121846,0
11955.0,11960.0,11957.5,4.808524e-06,2.404262e-05,0
11960.0,11965.0,11962.5,1.0663946e-05,5.331973e-05,0
11965.0,11970.0,11967.5,1.550064e-05,7.75032e-05,0
11970.0,11975.0,11972.5,2.1446456e-05,0.00010723228,0
11975.0,11980.0,11977.5,1.560256e-05,7.80128e-05,0
11980.0,11985.0,11982.5,1.663292e-05,8.31646e-05,0
11985.0,11990.0,11987.5,2.853119e-05,0.00014265595,0
11990.0,11995.0,11992.5,1.5550216e-05,7.775108e-05,0
11995.0,12000.0,11997.5,2.3901854e-05,0.00011950927,0
12000.0,12005.0,12002.5,1.907095e-05,9.535475e-05,0
12005.0,12010.0,12007.5,1.074953e-05,5.374765e-05,0
12010.0,12015.0,12012.5,1.6667084e-05,8.333542e-05,0
12015.0,12020.0,12017.5,1.4260292e-05,7.130146e-05,0
12020.0,12025.0,12022.5,2.5125586e-05,0.00012562793,0
12025.0,12030.0,12027.5,1.5530502e-05,7.765251e-05,0
12030.0,12035.0,12032.5,1.66485e-05,8.32425e-05,0
12035.0,12040.0,12037.5,2.494392e-05,0.0001247196,0
12040.0,12045.0,12042.5,2.0278614e-05,0.00010139307,0
12045.0,12050.0,12047.5,1.4229204e-05,7.114602e-05,0
12050.0,12055.0,12052.5,2.378528e-05,0.0001189264,0
12055.0,12060.0,12057.5,1.1936016e-05,5.968008e-05,0
12060.0,12065.0,12062.5,2.5020346e-05,0.00012510173,0
12065.0,12070.0,12067.5,2.27044e-05,0.000113522,0
12070.0,12075.0,12072.5,1.428155e-05,7.140775e-05,0
12075.0,12080.0,12077.5,2.507094e-05,0.0001253547,0
12080.0,12085.0,12082.5,9.56226e-06,4.78113e-05,0
12085.0,12090.0,12087.5,1.4396572e-05,7.198286e-05,0
12090.0,12095.0,12092.5,1.9116226e-05,9.558113e-05,0
12095.0,12100.0,12097.5,1.9069658e-05,9.534829e-05,0
12100.0,12105.0,12102.5,1.4266282e-05,7.133141e-05,0
12105.0,12110.0,12107.5,9.55929e-06,4.779645e-05,0
12110.0,12115.0,12112.5,1.6657982e-05,8.328991e-05,0
12115.0,12120.0,12117.5,2.3742428e-05,0.00011871214,0
12120.0,12125.0,12122.5,1.4391828e-05,7.195914e-05,0
12125.0,12130.0,12127.5,2.5053586e-05,0.00012526793,0
12130.0,12135.0,12132.5,1.9091568e-05,9.545784e-05,0
12135.0,12140.0,12137.5,2.9774156e-05,0.00014887078,0
12140.0,12145.0,12142.5,2.5069426e-05,0.00012534713,0
12145.0,12150.0,12147.5,9.480994e-06,4.740497e-05,0
12150.0,12155.0,12152.5,2.027701e-05,0.00010138505,0
12155.0,12160.0,12157.5,1.6700986e-05,8.350493e-05,0
12160.0,12165.0,12162.5,1.6709582e-05,8.354791e-05,0
12165.0,12170.0,12167.5,2.0319608e-05,0.00010159804,0
12170.0,12175.0,12172.5,1.9128412e-05,9.564206e-05,0
12175.0,12180.0,12177.5,1.4388662e-05,7.194331e-05,0
12180.0,12185.0,12182.5,1.433494e-05,7.16747e-05,0
12185.0,12190.0,12187.5,1.4293166e-05,7.146583e-05,0
12190.0,12195.0,12192.5,1.425579e-05,7.127895e-05,0
12195.0,12200.0,12197.5,2.0238598e-05,0.00010119299,0
12200.0,12205.0,12202.5,1.6613472e-05,8.306736e-05,0
12205.0,12210.0,12207.5,1.906451e-05,9.532255e-05,0
12210.0,12215.0,12212.5,2.0303068e-05,0.00010151534,0
12215.0,12220.0,12217.5,2.0280746e-05,0.00010140373,0
12220.0,12225.0,12222.5,1.9087804e-05,9.543902e-05,0
12225.0,12230.0,12227.5,9.526752e-06,4.763376e-05,0
12230.0,12235.0,12232.5,1.0815332e-05,5.407666e-05,0
12235.0,12240.0,12237.5,1.7858224e-05,8.929112e-05,0
12240.0,12245.0,12242.5,1.9047658e-05,9.523829e-05,0
12245.0,12250.0,12247.5,2.0258234e-05,0.00010129117,0
12250.0,12255.0,12252.5,1.5448456e-05,7.724228e-05,0
12255.0,12260.0,12257.5,1.31803e-05,6.59015e-05,0
12260.0,12265.0,12262.5,9.572682e-06,4.786341e-05,0
12265.0,12270.0,12267.5,1.4263948e-05,7.131974e-05,0
12270.0,12275.0,12272.5,1.6715228e-05,8.357614e-05,0
12275.0,12280.0,12277.5,1.8022228e-05,9.011114e-05,0
12280.0,12285.0,12282.5,1.3078266e-05,6.539133e-05,0
12285.0,12290.0,12287.5,8.31498e-06,4.15749e-05,0
12290.0,12295.0,12292.5,1.3161688e-05,6.580844e-05,0
12295.0,12300.0,12297.5,1.550269e-05,7.751345e-05,0
12300.0,12305.0,12302.5,1.554665e-05,7.773325e-05,0
12305.0,12310.0,12307.5,1.311377e-05,6.556885e-05,0
12310.0,12315.0,12312.5,2.0242664e-05,0.00010121332,0
12315.0,12320.0,12317.5,1.4295816e-05,7.147908e-05,0
12320.0,12325.0,12322.5,1.3045656e-05,6.522828e-05,0
12325.0,12330.0,12327.5,1.3048656e-05,6.524328e-05,0
12330.0,12335.0,12332.5,1.5552882e-05,7.776441e-05,0
12335.0,12340.0,12337.5,1.7883704e-05,8.941852e-05,0
12340.0,12345.0,12342.5,1.4295732e-05,7.147866e-05,0
12345.0,12350.0,12347.5,1.4289414e-05,7.144707e-05,0
12350.0,12355.0,12352.5,9.5185e-06,4.75925e-05,0
12355.0,12360.0,12357.5,1.3141792e-05,6.570896e-05,0
12360.0,12365.0,12362.5,1.0743528e-05,5.371764e-05,0
12365.0,12370.0,12367.5,1.1910018e-05,5.955009e-05,0
12370.0,12375.0,12372.5,1.1925474e-05,5.962737e-05,0
12375.0,12380.0,12377.5,2.509917e-05,0.00012549585,0
12380.0,12385.0,12382.5,1.190105e-05,5.950525e-05,0
12385.0,12390.0,12387.5,2.3876564e-05,0.00011938282,0
12390.0,12395.0,12392.5,9.49453e-06,4.747265e-05,0
12395.0,12400.0,12397.5,1.5468032e-05,7.734016e-05,0
12400.0,12405.0,12402.5,1.6797836e-05,8.398918e-05,0
12405.0,12410.0,12407.5,1.0755584e-05,5.377792e-05,0
12410.0,12415.0,12412.5,1.7858156e-05,8.929078e-05,0
12415.0,12420.0,12417.5,8.326422e-06,4.163211e-05,0
12420.0,12425.0,12422.5,1.542826e-05,7.71413e-05,0
12425.0,12430.0,12427.5,9.51133e-06,4.755665e-05,0
12430.0,12435.0,12432.5,2.5049782e-05,0.00012524891,0
12435.0,12440.0,12437.5,1.3176862e-05,6.588431e-05,0
12440.0,12445.0,12442.5,1.6611964e-05,8.305982e-05,0
12445.0,12450.0,12447.5,2.2653062e-05,0.00011326531,0
12450.0,12455.0,12452.5,1.1895498e-05,5.947749e-05,0
12455.0,12460.0,12457.5,1.0774152e-05,5.387076e-05,0
12460.0,12465.0,12462.5,1.423506e-05,7.11753e-05,0
12465.0,12470.0,12467.5,1.4274094e-05,7.137047e-05,0
12470.0,12475.0,12472.5,1.2019562e-05,6.009781e-05,0
12475.0,12480.0,12477.5,1.7879362e-05,8.939681e-05,0
12480.0,12485.0,12482.5,9.55843e-06,4.779215e-05,0
12485.0,12490.0,12487.5,1.074111e-05,5.370555e-05,0
12490.0,12495.0,12492.5,2.0281504e-05,0.00010140752,0
12495.0,12500.0,12497.5,1.554029e-05,7.770145e-05,0
12500.0,12505.0,12502.5,1.203384e-05,6.01692e-05,0
12505.0,12510.0,12507.5,1.674625e-05,8.373125e-05,0
12510.0,12515.0,12512.5,2.1563232e-05,0.00010781616,0
12515.0,12520.0,12517.5,1.5524806e-05,7.762403e-05,0
12520.0,12525.0,12522.5,2.1472034e-05,0.00010736017,0
12525.0,12530.0,12527.5,7.139942e-06,3.569971e-05,0
12530.0,12535.0,12532.5,1.3114028e-05,6.557014e-05,0
12535.0,12540.0,12537.5,1.7850156e-05,8.925078e-05,0
12540.0,12545.0,12542.5,1.9147592e-05,9.573796e-05,0
12545.0,12550.0,12547.5,7.123034e-06,3.561517e-05,0
12550.0,12555.0,12552.5,1.3105278e-05,6.552639e-05,0
12555.0,12560.0,12557.5,8.384834e-06,4.192417e-05,0
12560.0,12565.0,12562.5,1.787303e-05,8.936515e-05,0
12565.0,12570.0,12567.5,1.1984768e-05,5.992384e-05,0
12570.0,12575.0,12572.5,8.444332e-06,4.222166e-05,0
12575.0,12580.0,12577.5,1.3161984e-05,6.580992e-05,0
12580.0,12585.0,12582.5,1.5514314e-05,7.757157e-05,0
12585.0,12590.0,12587.5,1.9208844e-05,9.604422e-05,0
12590.0,12595.0,12592.5,9.547056e-06,4.773528e-05,0
12595.0,12600.0,12597.5,1.5426216e-05,7.713108e-05,0
12600.0,12605.0,12602.5,1.4387302e-05,7.193651e-05,0
12605.0,12610.0,12607.5,2.7560274e-05,0.00013780137,0
12610.0,12615.0,12612.5,1.6678464e-05,8.339232e-05,0
12615.0,12620.0,12617.5,1.315649e-05,6.578245e-05,0
12620.0,12625.0,12622.5,1.3032564e-05,6.516282e-05,0
12625.0,12630.0,12627.5,1.5408106e-05,7.704053e-05,0
12630.0,12635.0,12632.5,1.7982924e-05,8.991462e-05,0
12635.0,12640.0,12637.5,1.3125804e-05,6.562902e-05,0
12640.0,12645.0,12642.5,8.386374e-06,4.193187e-05,0
12645.0,12650.0,12647.5,9.518298e-06,4.759149e-05,0
12650.0,12655.0,12652.5,8.373594e-06,4.186797e-05,0
12655.0,12660.0,12657.5,2.2708322e-05,0.00011354161,0
12660.0,12665.0,12662.5,1.791917e-05,8.959585e-05,0
12665.0,12670.0,12667.5,1.1922086e-05,5.961043e-05,0
12670.0,12675.0,12672.5,1.1896134e-05,5.948067e-05,0
12675.0,12680.0,12677.5,1.904731e-05,9.523655e-05,0
12680.0,12685.0,12682.5,1.6709274e-05,8.354637e-05,0
12685.0,12690.0,12687.5,1.4282356e-05,7.141178e-05,0
12690.0,12695.0,12692.5,1.6585066e-05,8.292533e-05,0
12695.0,12700.0,12697.5,1.6690114e-05,8.345057e-05,0
12700.0,12705.0,12702.5,1.9125586e-05,9.562793e-05,0
12705.0,12710.0,12707.5,1.7873e-05,8.9365e-05,0
12710.0,12715.0,12712.5,9.595634e-06,4.797817e-05,0
12715.0,12720.0,12717.5,1.069535e-05,5.347675e-05,0
12720.0,12725.0,12722.5,1.4321912e-05,7.160956e-05,0
12725.0,12730.0,12727.5,1.5520272e-05,7.760136e-05,0
12730.0,12735.0,12732.5,8.314634e-06,4.157317e-05,0
12735.0,12740.0,12737.5,1.5517768e-05,7.758884e-05,0
12740.0,12745.0,12742.5,1.6612688e-05,8.306344e-05,0
12745.0,12750.0,12747.5,1.5585186e-05,7.792593e-05,0
12750.0,12755.0,12752.5,1.91607e-05,9.58035e-05,0
12755.0,12760.0,12757.5,1.550158e-05,7.75079e-05,0
12760.0,12765.0,12762.5,1.0740044e-05,5.370022e-05,0
12765.0,12770.0,12767.5,1.5448686e-05,7.724343e-05,0
12770.0,12775.0,12772.5,1.5489048e-05,7.744524e-05,0
12775.0,12780.0,12777.5,1.429206e-05,7.14603e-05,0
12780.0,12785.0,12782.5,1.0718908e-05,5.359454e-05,0
12785.0,12790.0,12787.5,1.3107202e-05,6.553601e-05,0
12790.0,12795.0,12792.5,1.4351542e-05,7.175771e-05,0
12795.0,12800.0,12797.5,1.1928658e-05,5.964329e-05,0
12800.0,12805.0,12802.5,9.540688e-06,4.770344e-05,0
12805.0,12810.0,12807.5,1.1897714e-05,5.948857e-05,0
12810.0,12815.0,12812.5,1.4378882e-05,7.189441e-05,0
12815.0,12820.0,12817.5,1.080429e-05,5.402145e-05,0
12820.0,12825.0,12822.5,1.1910932e-05,5.955466e-05,0
12825.0,12830.0,12827.5,1.665242e-05,8.32621e-05,0
12830.0,12835.0,12832.5,5.998364e-06,2.999182e-05,0
12835.0,12840.0,12837.5,8.343308e-06,4.171654e-05,0
12840.0,12845.0,12842.5,1.5547576e-05,7.773788e-05,0
12845.0,12850.0,12847.5,9.558174e-06,4.779087e-05,0
12850.0,12855.0,12852.5,1.5423858e-05,7.711929e-05,0
12855.0,12860.0,12857.5,1.4307248e-05,7.153624e-05,0
12860.0,12865.0,12862.5,1.429378e-05,7.14689e-05,0
12865.0,12870.0,12867.5,1.074384e-05,5.37192e-05,0
12870.0,12875.0,12872.5,1.0784894e-05,5.392447e-05,0
12875.0,12880.0,12877.5,1.5432778e-05,7.716389e-05,0
12880.0,12885.0,12882.5,1.4379416e-05,7.189708e-05,0
12885.0,12890.0,12887.5,1.3142718e-05,6.571359e-05,0
12890.0,12895.0,12892.5,1.9096106e-05,9.548053e-05,0
12895.0,12900.0,12897.5,1.4297942e-05,7.148971e-05,0
12900.0,12905.0,12902.5,1.3088016e-05,6.544008e-05,0
12905.0,12910.0,12907.5,1.4313154e-05,7.156577e-05,0
12910.0,12915.0,12912.5,1.1886404e-05,5.943202e-05,0
12915.0,12920.0,12917.5,7.180002e-06,3.590001e-05,0
12920.0,12925.0,12922.5,2.1522538e-05,0.00010761269,0
12925.0,12930.0,12927.5,1.0660154e-05,5.330077e-05,0
12930.0,12935.0,12932.5,1.7871178e-05,8.935589e-05,0
12935.0,12940.0,12937.5,1.7837318e-05,8.918659e-05,0
12940.0,12945.0,12942.5,1.3117664e-05,6.558832e-05,0
12945.0,12950.0,12947.5,1.540566e-05,7.70283e-05,0
12950.0,12955.0,12952.5,1.5430056e-05,7.715028e-05,0
12955.0,12960.0,12957.5,1.194098e-05,5.97049e-05,0
12960.0,12965.0,12962.5,1.5522498e-05,7.761249e-05,0
12965.0,12970.0,12967.5,1.0729224e-05,5.364612e-05,0
12970.0,12975.0,12972.5,1.4250772e-05,7.125386e-05,0
12975.0,12980.0,12977.5,9.51532e-06,4.75766e-05,0
12980.0,12985.0,12982.5,1.1990612e-05,5.995306e-05,0
12985.0,12990.0,12987.5,9.497112e-06,4.748556e-05,0
12990.0,12995.0,12992.5,1.1914556e-05,5.957278e-05,0
12995.0,13000.0,12997.5,5.970768e-06,2.985384e-05,0
13000.0,13005.0,13002.5,5.959636e-06,2.979818e-05,0
13005.0,13010.0,13007.5,9.518616e-06,4.759308e-05,0
13010.0,13015.0,13012.5,1.6554064e-05,8.277032e-05,0
13015.0,13020.0,13017.5,1.5499426e-05,7.749713e-05,0
13020.0,13025.0,13022.5,1.4261502e-05,7.130751e-05,0
13025.0,13030.0,13027.5,9.547616e-06,4.773808e-05,0
13030.0,13035.0,13032.5,7.130874e-06,3.565437e-05,0
13035.0,13040.0,13037.5,1.1924554e-05,5.962277e-05,0
13040.0,13045.0,13042.5,9.53038e-06,4.76519e-05,0
13045.0,13050.0,13047.5,2.3875582e-05,0.00011937791,0
13050.0,13055.0,13052.5,1.7949348e-05,8.974674e-05,0
13055.0,13060.0,13057.5,1.5505868e-05,7.752934e-05,0
13060.0,13065.0,13062.5,1.6702074e-05,8.351037e-05,0
13065.0,13070.0,13067.5,8.39219e-06,4.196095e-05,0
13070.0,13075.0,13072.5,1.3112962e-05,6.556481e-05,0
13075.0,13080.0,13077.5,1.9054978e-05,9.527489e-05,0
13080.0,13085.0,13082.5,1.7920858e-05,8.960429e-05,0
13085.0,13090.0,13087.5,8.340984e-06,4.170492e-05,0
13090.0,13095.0,13092.5,1.3126906e-05,6.563453e-05,0
13095.0,13100.0,13097.5,1.7915564e-05,8.957782e-05,0
13100.0,13105.0,13102.5,1.6819068e-05,8.409534e-05,0
13105.0,13110.0,13107.5,1.4317742e-05,7.158871e-05,0
13110.0,13115.0,13112.5,1.556876e-05,7.78438e-05,0
13115.0,13120.0,13117.5,9.55055e-06,4.775275e-05,0
13120.0,13125.0,13122.5,5.960562e-06,2.980281e-05,0
13125.0,13130.0,13127.5,1.9088284e-05,9.544142e-05,0
13130.0,13135.0,13132.5,1.670919e-05,8.354595e-05,0
13135.0,13140.0,13137.5,1.441315e-05,7.206575e-05,0
13140.0,13145.0,13142.5,1.791376e-05,8.95688e-05,0
13145.0,13150.0,13147.5,9.51258e-06,4.75629e-05,0
13150.0,13155.0,13152.5,1.0737706e-05,5.368853e-05,0
13155.0,13160.0,13157.5,5.96255e-06,2.981275e-05,0
13160.0,13165.0,13162.5,1.673814e-05,8.36907e-05,0
13165.0,13170.0,13167.5,2.1375238e-05,0.00010687619,0
13170.0,13175.0,13172.5,2.137533e-05,0.00010687665,0
13175.0,13180.0,13177.5,1.430031e-05,7.150155e-05,0
13180.0,13185.0,13182.5,1.5581096e-05,7.790548e-05,0
13185.0,13190.0,13187.5,7.179054e-06,3.589527e-05,0
13190.0,13195.0,13192.5,9.556674e-06,4.778337e-05,0
13195.0,13200.0,13197.5,7.137832e-06,3.568916e-05,0
13200.0,13205.0,13202.5,1.1923664e-05,5.961832e-05,0
13205.0,13210.0,13207.5,1.1931628e-05,5.965814e-05,0
13210.0,13215.0,13212.5,8.303302e-06,4.151651e-05,0
13215.0,13220.0,13217.5,1.0724186e-05,5.362093e-05,0
13220.0,13225.0,13222.5,1.5464124e-05,7.732062e-05,0
13225.0,13230.0,13227.5,1.0739392e-05,5.369696e-05,0
13230.0,13235.0,13232.5,1.4309872e-05,7.154936e-05,0
13235.0,13240.0,13237.5,1.075991e-05,5.379955e-05,0
13240.0,13245.0,13242.5,1.311706e-05,6.55853e-05,0
13245.0,13250.0,13247.5,1.313009e-05,6.565045e-05,0
13250.0,13255.0,13252.5,4.774586e-06,2.387293e-05,0
13255.0,13260.0,13257.5,1.1964318e-05,5.982159e-05,0
13260.0,13265.0,13262.5,1.5497978e-05,7.748989e-05,0
13265.0,13270.0,13267.5,8.347394e-06,4.173697e-05,0
13270.0,13275.0,13272.5,9.602864e-06,4.801432e-05,0
13275.0,13280.0,13277.5,9.546162e-06,4.773081e-05,0
13280.0,13285.0,13282.5,9.511584e-06,4.755792e-05,0
13285.0,13290.0,13287.5,1.4275716e-05,7.137858e-05,0
13290.0,13295.0,13292.5,1.0800212e-05,5.400106e-05,0
13295.0,13300.0,13297.5,1.1856558e-05,5.928279e-05,0
13300.0,13305.0,13302.5,1.313622e-05,6.56811e-05,0
13305.0,13310.0,13307.5,8.332584e-06,4.166292e-05,0
13310.0,13315.0,13312.5,1.0715384e-05,5.357692e-05,0
13315.0,13320.0,13317.5,1.4254378e-05,7.127189e-05,0
13320.0,13325.0,13322.5,1.1918478e-05,5.959239e-05,0
13325.0,13330.0,13327.5,8.333242e-06,4.166621e-05,0
13330.0,13335.0,13332.5,1.5410708e-05,7.705354e-05,0
13335.0,13340.0,13337.5,1.4300158e-05,7.150079e-05,0
13340.0,13345.0,13342.5,1.1925758e-05,5.962879e-05,0
13345.0,13350.0,13347.5,8.365376e-06,4.182688e-05,0
13350.0,13355.0,13352.5,1.317457e-05,6.587285e-05,0
13355.0,13360.0,13357.5,1.0781754e-05,5.390877e-05,0
13360.0,13365.0,13362.5,1.1847076e-05,5.923538e-05,0
13365.0,13370.0,13367.5,1.668866e-05,8.34433e-05,0
13370.0,13375.0,13372.5,9.511766e-06,4.755883e-05,0
13375.0,13380.0,13377.5,1.0768732e-05,5.384366e-05,0
13380.0,13385.0,13382.5,1.193707e-05,5.968535e-05,0
13385.0,13390.0,13387.5,1.7864796e-05,8.932398e-05,0
13390.0,13395.0,13392.5,1.078166e-05,5.39083e-05,0
13395.0,13400.0,13397.5,8.352026e-06,4.176013e-05,0
13400.0,13405.0,13402.5,8.33721e-06,4.168605e-05,0
13405.0,13410.0,13407.5,9.560142e-06,4.780071e-05,0
13410.0,13415.0,13412.5,1.0747588e-05,5.373794e-05,0
13415.0,13420.0,13417.5,1.0727878e-05,5.363939e-05,0
13420.0,13425.0,13422.5,3.574282e-06,1.787141e-05,0
13425.0,13430.0,13427.5,8.305872e-06,4.152936e-05,0
13430.0,13435.0,13432.5,1.31293e-05,6.56465e-05,0
13435.0,13440.0,13437.5,1.0717094e-05,5.358547e-05,0
13440.0,13445.0,13442.5,1.1885706e-05,5.942853e-05,0
13445.0,13450.0,13447.5,8.353866e-06,4.176933e-05,0
13450.0,13455.0,13452.5,1.551265e-05,7.756325e-05,0
13455.0,13460.0,13457.5,1.3184754e-05,6.592377e-05,0
13460.0,13465.0,13462.5,5.986992e-06,2.993496e-05,0
13465.0,13470.0,13467.5,1.6689358e-05,8.344679e-05,0
13470.0,13475.0,13472.5,8.3256e-06,4.1628e-05,0
13475.0,13480.0,13477.5,9.575288e-06,4.787644e-05,0
13480.0,13485.0,13482.5,5.956552e-06,2.978276e-05,0
13485.0,13490.0,13487.5,1.311104e-05,6.55552e-05,0
13490.0,13495.0,13492.5,1.3189486e-05,6.594743e-05,0
13495.0,13500.0,13497.5,1.0781556e-05,5.390778e-05,0
13500.0,13505.0,13502.5,1.1907758e-05,5.953879e-05,0
13505.0,13510.0,13507.5,5.934108e-06,2.967054e-05,0
13510.0,13515.0,13512.5,1.4313358e-05,7.156679e-05,0
13515.0,13520.0,13517.5,7.179124e-06,3.589562e-05,0
13520.0,13525.0,13522.5,7.122774e-06,3.561387e-05,0
13525.0,13530.0,13527.5,1.0648472e-05,5.324236e-05,0
13530.0,13535.0,13532.5,1.1937014e-05,5.968507e-05,0
13535.0,13540.0,13537.5,9.56683e-06,4.783415e-05,0
13540.0,13545.0,13542.5,7.16523e-06,3.582615e-05,0
13545.0,13550.0,13547.5,1.5407896e-05,7.703948e-05,0
13550.0,13555.0,13552.5,1.553957e-05,7.769785e-05,0
13555.0,13560.0,13557.5,3.575976e-06,1.787988e-05,0
13560.0,13565.0,13562.5,1.183894e-05,5.91947e-05,0
13565.0,13570.0,13567.5,1.3113848e-05,6.556924e-05,0
13570.0,13575.0,13572.5,1.07915e-05,5.39575e-05,0
13575.0,13580.0,13577.5,1.06912e-05,5.3456e-05,0
13580.0,13585.0,13582.5,8.356192e-06,4.178096e-05,0
13585.0,13590.0,13587.5,1.3045922e-05,6.522961e-05,0
13590.0,13595.0,13592.5,7.136346e-06,3.568173e-05,0
13595.0,13600.0,13597.5,8.365108e-06,4.182554e-05,0
13600.0,13605.0,13602.5,1.788768e-05,8.94384e-05,0
13605.0,13610.0,13607.5,7.161452e-06,3.580726e-05,0
13610.0,13615.0,13612.5,1.793708e-05,8.96854e-05,0
13615.0,13620.0,13617.5,7.163704e-06,3.581852e-05,0
13620.0,13625.0,13622.5,1.074094e-05,5.37047e-05,0
13625.0,13630.0,13627.5,9.574962e-06,4.787481e-05,0
13630.0,13635.0,13632.5,7.163398e-06,3.581699e-05,0
13635.0,13640.0,13637.5,1.4267826e-05,7.133913e-05,0
13640.0,13645.0,13642.5,1.192114e-05,5.96057e-05,0
13645.0,13650.0,13647.5,1.899987e-05,9.499935e-05,0
13650.0,13655.0,13652.5,1.4303352e-05,7.151676e-05,0
13655.0,13660.0,13657.5,1.072381e-05,5.361905e-05,0
13660.0,13665.0,13662.5,9.455972e-06,4.727986e-05,0
13665.0,13670.0,13667.5,1.6662852e-05,8.331426e-05,0
13670.0,13675.0,13672.5,9.545202e-06,4.772601e-05,0
13675.0,13680.0,13677.5,1.4337856e-05,7.168928e-05,0
13680.0,13685.0,13682.5,4.73975e-06,2.369875e-05,0
13685.0,13690.0,13687.5,5.905468e-06,2.952734e-05,0
13690.0,13695.0,13692.5,5.954126e-06,2.977063e-05,0
13695.0,13700.0,13697.5,1.4260074e-05,7.130037e-05,0
13700.0,13705.0,13702.5,1.1913016e-05,5.956508e-05,0
13705.0,13710.0,13707.5,7.157362e-06,3.578681e-05,0
13710.0,13715.0,13712.5,1.0736244e-05,5.368122e-05,0
13715.0,13720.0,13717.5,9.568848e-06,4.784424e-05,0
13720.0,13725.0,13722.5,1.311545e-05,6.557725e-05,0
13725.0,13730.0,13727.5,8.314928e-06,4.157464e-05,0
13730.0,13735.0,13732.5,5.91707e-06,2.958535e-05,0
13735.0,13740.0,13737.5,7.122774e-06,3.561387e-05,0
13740.0,13745.0,13742.5,2.37248e-06,1.18624e-05,0
13745.0,13750.0,13747.5,9.565704e-06,4.782852e-05,0
13750.0,13755.0,13752.5,1.5535354e-05,7.767677e-05,0
13755.0,13760.0,13757.5,7.139396e-06,3.569698e-05,0
13760.0,13765.0,13762.5,8.3257e-06,4.16285e-05,0
13765.0,13770.0,13767.5,7.162132e-06,3.581066e-05,0
13770.0,13775.0,13772.5,1.0798132e-05,5.399066e-05,0
13775.0,13780.0,13777.5,4.730164e-06,2.365082e-05,0
13780.0,13785.0,13782.5,1.316356e-05,6.58178e-05,0
13785.0,13790.0,13787.5,9.558328e-06,4.779164e-05,0
13790.0,13795.0,13792.5,7.132676e-06,3.566338e-05,0
13795.0,13800.0,13797.5,4.802438e-06,2.401219e-05,0
13800.0,13805.0,13802.5,4.749844e-06,2.374922e-05,0
13805.0,13810.0,13807.5,4.773452e-06,2.386726e-05,0
13810.0,13815.0,13812.5,1.0772798e-05,5.386399e-05,0
13815.0,13820.0,13817.5,9.544496e-06,4.772248e-05,0
13820.0,13825.0,13822.5,5.987306e-06,2.993653e-05,0
13825.0,13830.0,13827.5,1.3106604e-05,6.553302e-05,0
13830.0,13835.0,13832.5,9.549388e-06,4.774694e-05,0
13835.0,13840.0,13837.5,8.379842e-06,4.189921e-05,0
13840.0,13845.0,13842.5,1.1909836e-05,5.954918e-05,0
13845.0,13850.0,13847.5,8.34247e-06,4.171235e-05,0
13850.0,13855.0,13852.5,1.205182e-06,6.02591e-06,0
13855.0,13860.0,13857.5,5.955012e-06,2.977506e-05,0
13860.0,13865.0,13862.5,7.147818e-06,3.573909e-05,0
13865.0,13870.0,13867.5,9.530188e-06,4.765094e-05,0
13870.0,13875.0,13872.5,5.943392e-06,2.971696e-05,0
13875.0,13880.0,13877.5,5.974242e-06,2.987121e-05,0
13880.0,13885.0,13882.5,5.988748e-06,2.994374e-05,0
13885.0,13890.0,13887.5,1.1934828e-05,5.967414e-05,0
13890.0,13895.0,13892.5,9.539482e-06,4.769741e-05,0
13895.0,13900.0,13897.5,7.12231e-06,3.561155e-05,0
13900.0,13905.0,13902.5,1.1910214e-05,5.955107e-05,0
13905.0,13910.0,13907.5,1.5490258e-05,7.745129e-05,0
13910.0,13915.0,13912.5,7.199464e-06,3.599732e-05,0
13915.0,13920.0,13917.5,1.4367602e-05,7.183801e-05,0
13920.0,13925.0,13922.5,1.1900728e-05,5.950364e-05,0
13925.0,13930.0,13927.5,1.5533314e-05,7.766657e-05,0
13930.0,13935.0,13932.5,8.33484e-06,4.16742e-05,0
13935.0,13940.0,13937.5,7.1561e-06,3.57805e-05,0
13940.0,13945.0,13942.5,7.18641e-06,3.593205e-05,0
13945.0,13950.0,13947.5,1.311875e-05,6.559375e-05,0
13950.0,13955.0,13952.5,9.52439e-06,4.762195e-05,0
13955.0,13960.0,13957.5,5.987336e-06,2.993668e-05,0
13960.0,13965.0,13962.5,5.940198e-06,2.970099e-05,0
13965.0,13970.0,13967.5,1.072369e-05,5.361845e-05,0
13970.0,13975.0,13972.5,1.1949772e-05,5.974886e-05,0
13975.0,13980.0,13977.5,1.1903102e-05,5.951551e-05,0
13980.0,13985.0,13982.5,4.773906e-06,2.386953e-05,0
13985.0,13990.0,13987.5,1.6710758e-05,8.355379e-05,0
13990.0,13995.0,13992.5,1.4299856e-05,7.149928e-05,0
13995.0,14000.0,13997.5,4.740646e-06,2.370323e-05,0
14000.0,14005.0,14002.5,3.5659e-06,1.78295e-05,0
14005.0,14010.0,14007.5,9.59243e-06,4.796215e-05,0
14010.0,14015.0,14012.5,3.575106e-06,1.787553e-05,0
14015.0,14020.0,14017.5,1.0656232e-05,5.328116e-05,0
14020.0,14025.0,14022.5,1.191503e-05,5.957515e-05,0
14025.0,14030.0,14027.5,7.17183e-06,3.585915e-05,0
14030.0,14035.0,14032.5,9.530324e-06,4.765162e-05,0
14035.0,14040.0,14037.5,8.33556e-06,4.16778e-05,0
14040.0,14045.0,14042.5,5.931018e-06,2.965509e-05,0
14045.0,14050.0,14047.5,4.77779e-06,2.388895e-05,0
14050.0,14055.0,14052.5,1.0815506e-05,5.407753e-05,0
14055.0,14060.0,14057.5,9.50462e-06,4.75231e-05,0
14060.0,14065.0,14062.5,9.587204e-06,4.793602e-05,0
14065.0,14070.0,14067.5,1.3144426e-05,6.572213e-05,0
14070.0,14075.0,14072.5,9.536682e-06,4.768341e-05,0
14075.0,14080.0,14077.5,1.0811456e-05,5.405728e-05,0
14080.0,14085.0,14082.5,7.208374e-06,3.604187e-05,0
14085.0,14090.0,14087.5,1.0803106e-05,5.401553e-05,0
14090.0,14095.0,14092.5,1.317447e-05,6.587235e-05,0
14095.0,14100.0,14097.5,7.19626e-06,3.59813e-05,0
14100.0,14105.0,14102.5,4.794022e-06,2.397011e-05,0
14105.0,14110.0,14107.5,4.752194e-06,2.376097e-05,0
14110.0,14115.0,14112.5,8.424908e-06,4.212454e-05,0
14115.0,14120.0,14117.5,5.89323e-06,2.946615e-05,0
14120.0,14125.0,14122.5,4.731234e-06,2.365617e-05,0
14125.0,14130.0,14127.5,4.730094e-06,2.365047e-05,0
14130.0,14135.0,14132.5,1.434024e-05,7.17012e-05,0
14135.0,14140.0,14137.5,7.155874e-06,3.577937e-05,0
14140.0,14145.0,14142.5,7.163672e-06,3.581836e-05,0
14145.0,14150.0,14147.5,7.171852e-06,3.585926e-05,0
14150.0,14155.0,14152.5,1.067536e-05,5.33768e-05,0
14155.0,14160.0,14157.5,8.351824e-06,4.175912e-05,0
14160.0,14165.0,14162.5,7.130074e-06,3.565037e-05,0
14165.0,14170.0,14167.5,1.4294044e-05,7.147022e-05,0
14170.0,14175.0,14172.5,4.731304e-06,2.365652e-05,0
14175.0,14180.0,14177.5,1.0692226e-05,5.346113e-05,0
14180.0,14185.0,14182.5,8.340754e-06,4.170377e-05,0
14185.0,14190.0,14187.5,9.574636e-06,4.787318e-05,0
14190.0,14195.0,14192.5,1.0717716e-05,5.358858e-05,0
14195.0,14200.0,14197.5,4.769816e-06,2.384908e-05,0
14200.0,14205.0,14202.5,8.368766e-06,4.184383e-05,0
14205.0,14210.0,14207.5,1.0715664e-05,5.357832e-05,0
14210.0,14215.0,14212.5,1.4309722e-05,7.154861e-05,0
14215.0,14220.0,14217.5,5.971348e-06,2.985674e-05,0
14220.0,14225.0,14222.5,3.605098e-06,1.802549e-05,0
14225.0,14230.0,14227.5,1.1909988e-05,5.954994e-05,0
14230.0,14235.0,14232.5,5.986596e-06,2.993298e-05,0
14235.0,14240.0,14237.5,4.766146e-06,2.383073e-05,0
14240.0,14245.0,14242.5,1.1918238e-05,5.959119e-05,0
14245.0,14250.0,14247.5,4.818122e-06,2.409061e-05,0
14250.0,14255.0,14252.5,3.594102e-06,1.797051e-05,0
14255.0,14260.0,14257.5,8.385704e-06,4.192852e-05,0
14260.0,14265.0,14262.5,1.31126e-05,6.5563e-05,0
14265.0,14270.0,14267.5,7.169278e-06,3.584639e-05,0
14270.0,14275.0,14272.5,8.351148e-06,4.175574e-05,0
14275.0,14280.0,14277.5,4.789582e-06,2.394791e-05,0
14280.0,14285.0,14282.5,7.075144e-06,3.537572e-05,0
14285.0,14290.0,14287.5,9.594626e-06,4.797313e-05,0
14290.0,14295.0,14292.5,1.1853494e-05,5.926747e-05,0
14295.0,14300.0,14297.5,2.380698e-06,1.190349e-05,0
14300.0,14305.0,14302.5,5.985276e-06,2.992638e-05,0
14305.0,14310.0,14307.5,7.137016e-06,3.568508e-05,0
14310.0,14315.0,14312.5,5.9237e-06,2.96185e-05,0
14315.0,14320.0,14317.5,8.399472e-06,4.199736e-05,0
14320.0,14325.0,14322.5,5.96466e-06,2.98233e-05,0
14325.0,14330.0,14327.5,6.008228e-06,3.004114e-05,0
14330.0,14335.0,14332.5,7.187008e-06,3.593504e-05,0
14335.0,14340.0,14337.5,5.986436e-06,2.993218e-05,0
14340.0,14345.0,14342.5,7.14251e-06,3.571255e-05,0
14345.0,14350.0,14347.5,9.525372e-06,4.762686e-05,0
14350.0,14355.0,14352.5,5.945828e-06,2.972914e-05,0
14355.0,14360.0,14357.5,8.38806e-06,4.19403e-05,0
14360.0,14365.0,14362.5,4.753888e-06,2.376944e-05,0
14365.0,14370.0,14367.5,8.344002e-06,4.172001e-05,0
14370.0,14375.0,14372.5,9.537996e-06,4.768998e-05,0
14375.0,14380.0,14377.5,8.33922e-06,4.16961e-05,0
14380.0,14385.0,14382.5,5.927534e-06,2.963767e-05,0
14385.0,14390.0,14387.5,9.552592e-06,4.776296e-05,0
14390.0,14395.0,14392.5,1.070185e-05,5.350925e-05,0
14395.0,14400.0,14397.5,2.37255e-06,1.186275e-05,0
14400.0,14405.0,14402.5,4.755396e-06,2.377698e-05,0
14405.0,14410.0,14407.5,4.758592e-06,2.379296e-05,0
14410.0,14415.0,14412.5,5.966402e-06,2.983201e-05,0
14415.0,14420.0,14417.5,5.997316e-06,2.998658e-05,0
14420.0,14425.0,14422.5,8.317508e-06,4.158754e-05,0
14425.0,14430.0,14427.5,8.372976e-06,4.186488e-05,0
14430.0,14435.0,14432.5,1.0778928e-05,5.389464e-05,0
14435.0,14440.0,14437.5,1.0667816e-05,5.333908e-05,0
14440.0,14445.0,14442.5,8.372044e-06,4.186022e-05,0
14445.0,14450.0,14447.5,1.3094402e-05,6.547201e-05,0
14450.0,14455.0,14452.5,7.15838e-06,3.57919e-05,0
14455.0,14460.0,14457.5,7.180592e-06,3.590296e-05,0
14460.0,14465.0,14462.5,1.3161734e-05,6.580867e-05,0
14465.0,14470.0,14467.5,8.391592e-06,4.195796e-05,0
14470.0,14475.0,14472.5,7.153818e-06,3.576909e-05,0
14475.0,14480.0,14477.5,7.135902e-06,3.567951e-05,0
14480.0,14485.0,14482.5,1.0748146e-05,5.374073e-05,0
14485.0,14490.0,14487.5,5.9518e-06,2.9759e-05,0
14490.0,14495.0,14492.5,2.36646e-06,1.18323e-05,0
14495.0,14500.0,14497.5,4.754178e-06,2.377089e-05,0
14500.0,14505.0,14502.5,7.105706e-06,3.552853e-05,0
14505.0,14510.0,14507.5,8.32323e-06,4.161615e-05,0
14510.0,14515.0,14512.5,8.351114e-06,4.175557e-05,0
14515.0,14520.0,14517.5,7.100888e-06,3.550444e-05,0
14520.0,14525.0,14522.5,1.168908e-06,5.84454e-06,0
14525.0,14530.0,14527.5,5.95749e-06,2.978745e-05,0
14530.0,14535.0,14532.5,5.904224e-06,2.952112e-05,0
14535.0,14540.0,14537.5,9.574574e-06,4.787287e-05,0
14540.0,14545.0,14542.5,1.0721452e-05,5.360726e-05,0
14545.0,14550.0,14547.5,8.367142e-06,4.183571e-05,0
14550.0,14555.0,14552.5,5.965782e-06,2.982891e-05,0
14555.0,14560.0,14557.5,7.153018e-06,3.576509e-05,0
14560.0,14565.0,14562.5,4.759488e-06,2.379744e-05,0
14565.0,14570.0,14567.5,4.790452e-06,2.395226e-05,0
14570.0,14575.0,14572.5,4.768496e-06,2.384248e-05,0
14575.0,14580.0,14577.5,9.525956e-06,4.762978e-05,0
14580.0,14585.0,14582.5,8.327134e-06,4.163567e-05,0
14585.0,14590.0,14587.5,5.936778e-06,2.968389e-05,0
14590.0,14595.0,14592.5,4.753632e-06,2.376816e-05,0
14595.0,14600.0,14597.5,1.1914984e-05,5.957492e-05,0
14600.0,14605.0,14602.5,2.385402e-06,1.192701e-05,0
14605.0,14610.0,14607.5,1.18624e-06,5.9312e-06,0
14610.0,14615.0,14612.5,4.782154e-06,2.391077e-05,0
14615.0,14620.0,14617.5,4.762918e-06,2.381459e-05,0
14620.0,14625.0,14622.5,5.93352e-06,2.96676e-05,0
14625.0,14630.0,14627.5,4.811146e-06,2.405573e-05,0
14630.0,14635.0,14632.5,2.357544e-06,1.178772e-05,0
14635.0,14640.0,14637.5,4.775592e-06,2.387796e-05,0
14640.0,14645.0,14642.5,9.54799e-06,4.773995e-05,0
14645.0,14650.0,14647.5,1.0675862e-05,5.337931e-05,0
14650.0,14655.0,14652.5,2.384532e-06,1.192266e-05,0
14655.0,14660.0,14657.5,3.569624e-06,1.784812e-05,0
14660.0,14665.0,14662.5,4.729296e-06,2.364648e-05,0
14665.0,14670.0,14667.5,3.570772e-06,1.785386e-05,0
14670.0,14675.0,14672.5,7.197456e-06,3.598728e-05,0
14675.0,14680.0,14677.5,8.338186e-06,4.169093e-05,0
14680.0,14685.0,14682.5,9.57144e-06,4.78572e-05,0
14685.0,14690.0,14687.5,5.948998e-06,2.974499e-05,0
14690.0,14695.0,14692.5,4.764612e-06,2.382306e-05,0
14695.0,14700.0,14697.5,5.961474e-06,2.980737e-05,0
14700.0,14705.0,14702.5,7.197662e-06,3.598831e-05,0
14705.0,14710.0,14707.5,9.541048e-06,4.770524e-05,0
14710.0,14715.0,14712.5,1.425009e-05,7.125045e-05,0
14715.0,14720.0,14717.5,4.785248e-06,2.392624e-05,0
14720.0,14725.0,14722.5,4.762956e-06,2.381478e-05,0
14725.0,14730.0,14727.5,5.973674e-06,2.986837e-05,0
14730.0,14735.0,14732.5,1.1881066e-05,5.940533e-05,0
14735.0,14740.0,14737.5,7.144536e-06,3.572268e-05,0
14740.0,14745.0,14742.5,1.0753422e-05,5.376711e-05,0
14745.0,14750.0,14747.5,4.770504e-06,2.385252e-05,0
14750.0,14755.0,14752.5,3.591756e-06,1.795878e-05,0
14755.0,14760.0,14757.5,1.0778608e-05,5.389304e-05,0
14760.0,14765.0,14762.5,8.326706e-06,4.163353e-05,0
14770.0,14775.0,14772.5,4.757152e-06,2.378576e-05,0
14775.0,14780.0,14777.5,9.587674e-06,4.793837e-05,0
14780.0,14785.0,14782.5,1.0767856e-05,5.383928e-05,0
14785.0,14790.0,14787.5,3.604212e-06,1.802106e-05,0
14790.0,14795.0,14792.5,1.194458e-06,5.97229e-06,0
14795.0,14800.0,14797.5,6.014518e-06,3.007259e-05,0
14800.0,14805.0,14802.5,8.36049e-06,4.180245e-05,0
14805.0,14810.0,14807.5,8.373902e-06,4.186951e-05,0
14810.0,14815.0,14812.5,9.544966e-06,4.772483e-05,0
14815.0,14820.0,14817.5,1.214476e-06,6.07238e-06,0
14820.0,14825.0,14822.5,7.143082e-06,3.571541e-05,0
14825.0,14830.0,14827.5,7.147512e-06,3.573756e-05,0
14830.0,14835.0,14832.5,1.0735116e-05,5.367558e-05,0
14835.0,14840.0,14837.5,8.418578e-06,4.209289e-05,0
14840.0,14845.0,14842.5,3.58508e-06,1.79254e-05,0
14845.0,14850.0,14847.5,8.358206e-06,4.179103e-05,0
14850.0,14855.0,14852.5,5.989556e-06,2.994778e-05,0
14855.0,14860.0,14857.5,6.007064e-06,3.003532e-05,0
14860.0,14865.0,14862.5,7.099194e-06,3.549597e-05,0
14865.0,14870.0,14867.5,7.146276e-06,3.573138e-05,0
14870.0,14875.0,14872.5,7.132678e-06,3.566339e-05,0
14875.0,14880.0,14877.5,7.1579e-06,3.57895e-05,0
14880.0,14885.0,14882.5,4.744954e-06,2.372477e-05,0
14885.0,14890.0,14887.5,7.159926e-06,3.579963e-05,0
14890.0,14895.0,14892.5,7.199996e-06,3.599998e-05,0
14895.0,14900.0,14897.5,5.968662e-06,2.984331e-05,0
14900.0,14905.0,14902.5,8.296784e-06,4.148392e-05,0
14905.0,14910.0,14907.5,4.757184e-06,2.378592e-05,0
14910.0,14915.0,14912.5,9.604316e-06,4.802158e-05,0
14915.0,14920.0,14917.5,8.350676e-06,4.175338e-05,0
14920.0,14925.0,14922.5,1.188636e-06,5.94318e-06,0
14925.0,14930.0,14927.5,3.57516e-06,1.78758e-05,0
14930.0,14935.0,14932.5,2.353462e-06,1.176731e-05,0
14935.0,14940.0,14937.5,9.536892e-06,4.768446e-05,0
14940.0,14945.0,14942.5,8.339544e-06,4.169772e-05,0
14945.0,14950.0,14947.5,7.157652e-06,3.578826e-05,0
14950.0,14955.0,14952.5,8.356078e-06,4.178039e-05,0
14955.0,14960.0,14957.5,7.131812e-06,3.565906e-05,0
14960.0,14965.0,14962.5,2.400786e-06,1.200393e-05,0
14965.0,14970.0,14967.5,8.32421e-06,4.162105e-05,0
14970.0,14975.0,14972.5,9.55031e-06,4.775155e-05,0
14975.0,14980.0,14977.5,5.93359e-06,2.966795e-05,0
14980.0,14985.0,14982.5,8.372392e-06,4.186196e-05,0
14985.0,14990.0,14987.5,3.557104e-06,1.778552e-05,0
14990.0,14995.0,14992.5,3.567678e-06,1.783839e-05,0
14995.0,15000.0,14997.5,7.115426e-06,3.557713e-05,0
15000.0,15005.0,15002.5,3.604212e-06,1.802106e-05,0
15005.0,15010.0,15007.5,7.193856e-06,3.596928e-05,0
15010.0,15015.0,15012.5,7.120448e-06,3.560224e-05,0
15015.0,15020.0,15017.5,1.07618e-05,5.3809e-05,0
15020.0,15025.0,15022.5,4.74581e-06,2.372905e-05,0
15025.0,15030.0,15027.5,1.214476e-06,6.07238e-06,0
15030.0,15035.0,15032.5,1.0739462e-05,5.369731e-05,0
15035.0,15040.0,15037.5,7.151548e-06,3.575774e-05,0
15040.0,15045.0,15042.5,2.42896e-06,1.21448e-05,0
15045.0,15050.0,15047.5,5.96979e-06,2.984895e-05,0
15050.0,15055.0,15052.5,4.728442e-06,2.364221e-05,0
15055.0,15060.0,15057.5,4.80826e-06,2.40413e-05,0
15060.0,15065.0,15062.5,4.735846e-06,2.367923e-05,0
15065.0,15070.0,15067.5,5.94169e-06,2.970845e-05,0
15070.0,15075.0,15072.5,3.57986e-06,1.78993e-05,0
15075.0,15080.0,15077.5,2.385402e-06,1.192701e-05,0
15080.0,15085.0,15082.5,3.578372e-06,1.789186e-05,0
15085.0,15090.0,15087.5,3.591756e-06,1.795878e-05,0
15090.0,15095.0,15092.5,4.735316e-06,2.367658e-05,0
15095.0,15100.0,15097.5,2.370794e-06,1.185397e-05,0
15100.0,15105.0,15102.5,6.002982e-06,3.001491e-05,0
15105.0,15110.0,15107.5,1.1997578e-05,5.998789e-05,0
15110.0,15115.0,15112.5,7.133874e-06,3.566937e-05,0
15115.0,15120.0,15117.5,8.322742e-06,4.161371e-05,0
15120.0,15125.0,15122.5,5.954736e-06,2.977368e-05,0
15125.0,15130.0,15127.5,4.769564e-06,2.384782e-05,0
15130.0,15135.0,15132.5,8.417708e-06,4.208854e-05,0
15135.0,15140.0,15137.5,3.575176e-06,1.787588e-05,0
15140.0,15145.0,15142.5,3.567678e-06,1.783839e-05,0
15145.0,15150.0,15147.5,3.569694e-06,1.784847e-05,0
15150.0,15155.0,15152.5,2.3691e-06,1.18455e-05,0
15155.0,15160.0,15157.5,7.171868e-06,3.585934e-05,0
15160.0,15165.0,15162.5,2.370794e-06,1.185397e-05,0
15165.0,15170.0,15167.5,2.383384e-06,1.191692e-05,0
15170.0,15175.0,15172.5,1.205182e-06,6.02591e-06,0
15175.0,15180.0,15177.5,3.613246e-06,1.806623e-05,0
15180.0,15185.0,15182.5,1.194458e-06,5.97229e-06,0
15185.0,15190.0,15187.5,4.808578e-06,2.404289e-05,0
15190.0,15195.0,15192.5,3.588276e-06,1.794138e-05,0
15195.0,15200.0,15197.5,2.37319e-06,1.186595e-05,0
15200.0,15205.0,15202.5,4.775662e-06,2.387831e-05,0
15205.0,15210.0,15207.5,4.803316e-06,2.401658e-05,0
15210.0,15215.0,15212.5,2.390552e-06,1.195276e-05,0
15215.0,15220.0,15217.5,5.968924e-06,2.984462e-05,0
15220.0,15225.0,15222.5,3.588276e-06,1.794138e-05,0
15225.0,15230.0,15227.5,2.349128e-06,1.174564e-05,0
15230.0,15235.0,15232.5,5.946032e-06,2.973016e-05,0
15235.0,15240.0,15237.5,3.58595e-06,1.792975e-05,0
15240.0,15245.0,15242.5,2.380768e-06,1.190384e-05,0
15245.0,15250.0,15247.5,1.205182e-06,6.02591e-06,0
15250.0,15255.0,15252.5,7.171538e-06,3.585769e-05,0
15255.0,15260.0,15257.5,8.33083e-06,4.165415e-05,0
15260.0,15265.0,15262.5,4.787632e-06,2.393816e-05,0
15265.0,15270.0,15267.5,9.489618e-06,4.744809e-05,0
15270.0,15275.0,15272.5,3.593174e-06,1.796587e-05,0
15275.0,15280.0,15277.5,5.963786e-06,2.981893e-05,0
15280.0,15285.0,15282.5,4.791058e-06,2.395529e-05,0
15285.0,15290.0,15287.5,3.549606e-06,1.774803e-05,0
15290.0,15295.0,15292.5,2.379012e-06,1.189506e-05,0
15295.0,15300.0,15297.5,5.956548e-06,2.978274e-05,0
15300.0,15305.0,15302.5,7.154634e-06,3.577317e-05,0
15305.0,15310.0,15307.5,7.086522e-06,3.543261e-05,0
15310.0,15315.0,15312.5,3.583324e-06,1.791662e-05,0
15315.0,15320.0,15317.5,1.18022e-06,5.9011e-06,0
15320.0,15325.0,15322.5,4.759408e-06,2.379704e-05,0
15325.0,15330.0,15327.5,4.778034e-06,2.389017e-05,0
15330.0,15335.0,15332.5,4.767904e-06,2.383952e-05,0
15335.0,15340.0,15337.5,3.594048e-06,1.797024e-05,0
15340.0,15345.0,15342.5,3.578372e-06,1.789186e-05,0
15345.0,15350.0,15347.5,4.757952e-06,2.378976e-05,0
15350.0,15355.0,15352.5,3.583324e-06,1.791662e-05,0
15355.0,15360.0,15357.5,3.541388e-06,1.770694e-05,0
15360.0,15365.0,15362.5,4.81898e-06,2.40949e-05,0
15365.0,15370.0,15367.5,5.997508e-06,2.998754e-05,0
15375.0,15380.0,15377.5,2.357544e-06,1.178772e-05,0
15380.0,15385.0,15382.5,4.774268e-06,2.387134e-05,0
15385.0,15390.0,15387.5,2.389736e-06,1.194868e-05,0
15390.0,15395.0,15392.5,5.998026e-06,2.999013e-05,0
15395.0,15400.0,15397.5,5.942302e-06,2.971151e-05,0
15400.0,15405.0,15402.5,2.385402e-06,1.192701e-05,0
15405.0,15410.0,15407.5,1.205182e-06,6.02591e-06,0
15410.0,15415.0,15412.5,7.21077e-06,3.605385e-05,0
15415.0,15420.0,15417.5,4.76787e-06,2.383935e-05,0
15420.0,15425.0,15422.5,2.37248e-06,1.18624e-05,0
15425.0,15430.0,15427.5,1.18624e-06,5.9312e-06,0
15430.0,15435.0,15432.5,3.569956e-06,1.784978e-05,0
15435.0,15440.0,15437.5,3.55341e-06,1.776705e-05,0
15445.0,15450.0,15447.5,8.31491e-06,4.157455e-05,0
15450.0,15455.0,15452.5,7.163382e-06,3.581691e-05,0
15455.0,15460.0,15457.5,4.76556e-06,2.38278e-05,0
15460.0,15465.0,15462.5,2.39903e-06,1.199515e-05,0
15465.0,15470.0,15467.5,5.939412e-06,2.969706e-05,0
15470.0,15475.0,15472.5,4.722568e-06,2.361284e-05,0
15475.0,15480.0,15477.5,3.574038e-06,1.787019e-05,0
15480.0,15485.0,15482.5,2.374876e-06,1.187438e-05,0
15485.0,15490.0,15487.5,3.576932e-06,1.788466e-05,0
15490.0,15495.0,15492.5,3.567008e-06,1.783504e-05,0
15495.0,15500.0,15497.5,5.954214e-06,2.977107e-05,0
15500.0,15505.0,15502.5,3.579268e-06,1.789634e-05,0
15505.0,15510.0,15507.5,1.204312e-06,6.02156e-06,0
15510.0,15515.0,15512.5,3.563604e-06,1.781802e-05,0
15515.0,15520.0,15517.5,7.147762e-06,3.573881e-05,0
15520.0,15525.0,15522.5,4.773716e-06,2.386858e-05,0
15525.0,15530.0,15527.5,5.926096e-06,2.963048e-05,0
15530.0,15535.0,15532.5,2.380698e-06,1.190349e-05,0
15535.0,15540.0,15537.5,2.390552e-06,1.195276e-05,0
15540.0,15545.0,15542.5,4.786118e-06,2.393059e-05,0
15545.0,15550.0,15547.5,3.58527e-06,1.792635e-05,0
15550.0,15555.0,15552.5,1.18022e-06,5.9011e-06,0
15555.0,15560.0,15557.5,7.159338e-06,3.579669e-05,0
15560.0,15565.0,15562.5,2.42896e-06,1.21448e-05,0
15565.0,15570.0,15567.5,2.357544e-06,1.178772e-05,0
15570.0,15575.0,15572.5,3.64342e-06,1.82171e-05,0
15575.0,15580.0,15577.5,5.960176e-06,2.980088e-05,0
15580.0,15585.0,15582.5,7.094938e-06,3.547469e-05,0
15585.0,15590.0,15587.5,1.204312e-06,6.02156e-06,0
15590.0,15595.0,15592.5,6.003038e-06,3.001519e-05,0
15595.0,15600.0,15597.5,2.364774e-06,1.182387e-05,0
15600.0,15605.0,15602.5,2.408934e-06,1.204467e-05,0
15605.0,15610.0,15607.5,2.390552e-06,1.195276e-05,0
15610.0,15615.0,15612.5,7.178246e-06,3.589123e-05,0
15615.0,15620.0,15617.5,3.55277e-06,1.776385e-05,0
15620.0,15625.0,15622.5,3.576046e-06,1.788023e-05,0
15625.0,15630.0,15627.5,7.164054e-06,3.582027e-05,0
15630.0,15635.0,15632.5,3.58527e-06,1.792635e-05,0
15640.0,15645.0,15642.5,7.157652e-06,3.578826e-05,0
15645.0,15650.0,15647.5,1.194458e-06,5.97229e-06,0
15650.0,15655.0,15652.5,2.384532e-06,1.192266e-05,0
15655.0,15660.0,15657.5,7.131958e-06,3.565979e-05,0
15660.0,15665.0,15662.5,4.77219e-06,2.386095e-05,0
15665.0,15670.0,15667.5,5.963512e-06,2.981756e-05,0
15670.0,15675.0,15672.5,2.394696e-06,1.197348e-05,0
15675.0,15680.0,15677.5,2.385402e-06,1.192701e-05,0
15680.0,15685.0,15682.5,6.00619e-06,3.003095e-05,0
15685.0,15690.0,15687.5,8.36769e-06,4.183845e-05,0
15690.0,15695.0,15692.5,3.575976e-06,1.787988e-05,0
15695.0,15700.0,15697.5,7.192402e-06,3.596201e-05,0
15700.0,15705.0,15702.5,5.95627e-06,2.978135e-05,0
15705.0,15710.0,15707.5,1.204312e-06,6.02156e-06,0
15710.0,15715.0,15712.5,2.380698e-06,1.190349e-05,0
15715.0,15720.0,15717.5,3.594048e-06,1.797024e-05,0
15720.0,15725.0,15722.5,3.603952e-06,1.801976e-05,0
15725.0,15730.0,15727.5,3.578372e-06,1.789186e-05,0
15730.0,15735.0,15732.5,4.792208e-06,2.396104e-05,0
15735.0,15740.0,15737.5,2.368856e-06,1.184428e-05,0
15740.0,15745.0,15742.5,5.945718e-06,2.972859e-05,0
15745.0,15750.0,15747.5,1.18631e-06,5.93155e-06,0
15750.0,15755.0,15752.5,1.204312e-06,6.02156e-06,0
15755.0,15760.0,15757.5,4.74567e-06,2.372835e-05,0
15760.0,15765.0,15762.5,4.799754e-06,2.399877e-05,0
15765.0,15770.0,15767.5,1.18624e-06,5.9312e-06,0
15770.0,15775.0,15772.5,2.408934e-06,1.204467e-05,0
15775.0,15780.0,15777.5,3.589154e-06,1.794577e-05,0
15780.0,15785.0,15782.5,5.966108e-06,2.983054e-05,0
15785.0,15790.0,15787.5,5.954142e-06,2.977071e-05,0
15790.0,15795.0,15792.5,5.98238e-06,2.99119e-05,0
15795.0,15800.0,15797.5,1.214476e-06,6.07238e-06,0
15800.0,15805.0,15802.5,5.944288e-06,2.972144e-05,0
15805.0,15810.0,15807.5,3.595174e-06,1.797587e-05,0
15810.0,15815.0,15812.5,1.168908e-06,5.84454e-06,0
15815.0,15820.0,15817.5,2.383094e-06,1.191547e-05,0
15820.0,15825.0,15822.5,2.389736e-06,1.194868e-05,0
15825.0,15830.0,15827.5,8.33113e-06,4.165565e-05,0
15830.0,15835.0,15832.5,4.722568e-06,2.361284e-05,0
15835.0,15840.0,15837.5,1.204312e-06,6.02156e-06,0
15840.0,15845.0,15842.5,4.755326e-06,2.377663e-05,0
15845.0,15850.0,15847.5,1.188636e-06,5.94318e-06,0
15850.0,15855.0,15852.5,2.383384e-06,1.191692e-05,0
15855.0,15860.0,15857.5,5.931124e-06,2.965562e-05,0
15860.0,15865.0,15862.5,4.776332e-06,2.388166e-05,0
15865.0,15870.0,15867.5,1.184554e-06,5.92277e-06,0
15870.0,15875.0,15872.5,4.738242e-06,2.369121e-05,0
15875.0,15880.0,15877.5,1.18624e-06,5.9312e-06,0
15880.0,15885.0,15882.5,4.792208e-06,2.396104e-05,0
15885.0,15890.0,15887.5,7.10363e-06,3.551815e-05,0
15890.0,15895.0,15892.5,5.924304e-06,2.962152e-05,0
15895.0,15900.0,15897.5,2.383384e-06,1.191692e-05,0
15900.0,15905.0,15902.5,3.577502e-06,1.788751e-05,0
15905.0,15910.0,15907.5,4.756574e-06,2.378287e-05,0
15910.0,15915.0,15912.5,1.205182e-06,6.02591e-06,0
15915.0,15920.0,15917.5,4.812054e-06,2.406027e-05,0
15920.0,15925.0,15922.5,4.77779e-06,2.388895e-05,0
15925.0,15930.0,15927.5,3.55943e-06,1.779715e-05,0
15930.0,15935.0,15932.5,3.604212e-06,1.802106e-05,0
15935.0,15940.0,15937.5,1.188636e-06,5.94318e-06,0
15940.0,15945.0,15942.5,2.383094e-06,1.191547e-05,0
15945.0,15950.0,15947.5,3.608294e-06,1.804147e-05,0
15950.0,15955.0,15952.5,7.104836e-06,3.552418e-05,0
15955.0,15960.0,15957.5,2.357544e-06,1.178772e-05,0
15960.0,15965.0,15962.5,2.380768e-06,1.190384e-05,0
15965.0,15970.0,15967.5,4.77682e-06,2.38841e-05,0
15970.0,15975.0,15972.5,5.975148e-06,2.987574e-05,0
15975.0,15980.0,15977.5,2.393818e-06,1.196909e-05,0
15980.0,15985.0,15982.5,3.589422e-06,1.794711e-05,0
15990.0,15995.0,15992.5,5.98378e-06,2.99189e-05,0
15995.0,16000.0,15997.5,1.18624e-06,5.9312e-06,0
16000.0,16005.0,16002.5,2.403112e-06,1.201556e-05,0
16005.0,16010.0,16007.5,2.391422e-06,1.195711e-05,0
16010.0,16015.0,16012.5,2.42896e-06,1.21448e-05,0
16015.0,16020.0,16017.5,5.969538e-06,2.984769e-05,0
16020.0,16025.0,16022.5,3.577556e-06,1.788778e-05,0
16025.0,16030.0,16027.5,3.591756e-06,1.795878e-05,0
16030.0,16035.0,16032.5,2.355218e-06,1.177609e-05,0
16035.0,16040.0,16037.5,1.188636e-06,5.94318e-06,0
16040.0,16045.0,16042.5,2.37322e-06,1.18661e-05,0
16045.0,16050.0,16047.5,3.568548e-06,1.784274e-05,0
16050.0,16055.0,16052.5,3.593174e-06,1.796587e-05,0
16055.0,16060.0,16057.5,2.384532e-06,1.192266e-05,0
16060.0,16065.0,16062.5,3.555166e-06,1.777583e-05,0
16065.0,16070.0,16067.5,4.787644e-06,2.393822e-05,0
16070.0,16075.0,16072.5,9.48052e-06,4.74026e-05,0
16075.0,16080.0,16077.5,4.769572e-06,2.384786e-05,0
16080.0,16085.0,16082.5,3.567678e-06,1.783839e-05,0
16085.0,16090.0,16087.5,3.594048e-06,1.797024e-05,0
16090.0,16095.0,16092.5,3.557104e-06,1.778552e-05,0
16095.0,16100.0,16097.5,2.353462e-06,1.176731e-05,0
16100.0,16105.0,16102.5,2.374876e-06,1.187438e-05,0
16105.0,16110.0,16107.5,8.31291e-06,4.156455e-05,0
16110.0,16115.0,16112.5,2.353462e-06,1.176731e-05,0
16115.0,16120.0,16117.5,3.567678e-06,1.783839e-05,0
16120.0,16125.0,16122.5,5.986334e-06,2.993167e-05,0
16125.0,16130.0,16127.5,3.56914e-06,1.78457e-05,0
16130.0,16135.0,16132.5,2.409494e-06,1.204747e-05,0
16135.0,16140.0,16137.5,4.731234e-06,2.365617e-05,0
16140.0,16145.0,16142.5,3.605028e-06,1.802514e-05,0
16145.0,16150.0,16147.5,3.582462e-06,1.791231e-05,0
16150.0,16155.0,16152.5,5.928622e-06,2.964311e-05,0
16155.0,16160.0,16157.5,5.976762e-06,2.988381e-05,0
16160.0,16165.0,16162.5,5.968394e-06,2.984197e-05,0
16165.0,16170.0,16167.5,2.39964e-06,1.19982e-05,0
16170.0,16175.0,16172.5,1.188636e-06,5.94318e-06,0
16175.0,16180.0,16177.5,1.205182e-06,6.02591e-06,0
16180.0,16185.0,16182.5,2.383094e-06,1.191547e-05,0
16185.0,16190.0,16187.5,2.400716e-06,1.200358e-05,0
16195.0,16200.0,16197.5,4.781484e-06,2.390742e-05,0
16200.0,16205.0,16202.5,2.403112e-06,1.201556e-05,0
16205.0,16210.0,16207.5,2.385402e-06,1.192701e-05,0
16210.0,16215.0,16212.5,4.77682e-06,2.38841e-05,0
16215.0,16220.0,16217.5,2.39877e-06,1.199385e-05,0
16220.0,16225.0,16222.5,3.60918e-06,1.80459e-05,0
16225.0,16230.0,16227.5,5.937942e-06,2.968971e-05,0
16230.0,16235.0,16232.5,1.214476e-06,6.07238e-06,0
16235.0,16240.0,16237.5,1.194458e-06,5.97229e-06,0
16240.0,16245.0,16242.5,1.204312e-06,6.02156e-06,0
16245.0,16250.0,16247.5,1.205182e-06,6.02591e-06,0
16250.0,16255.0,16252.5,4.744014e-06,2.372007e-05,0
16255.0,16260.0,16257.5,2.374876e-06,1.187438e-05,0
16260.0,16265.0,16262.5,4.74657e-06,2.373285e-05,0
16265.0,16270.0,16267.5,2.408934e-06,1.204467e-05,0
16270.0,16275.0,16272.5,5.96902e-06,2.98451e-05,0
16275.0,16280.0,16277.5,2.393818e-06,1.196909e-05,0
16280.0,16285.0,16282.5,7.15448e-06,3.57724e-05,0
16285.0,16290.0,16287.5,7.170964e-06,3.585482e-05,0
16290.0,16295.0,16292.5,2.388866e-06,1.194433e-05,0
16295.0,16300.0,16297.5,4.78291e-06,2.391455e-05,0
16300.0,16305.0,16302.5,1.184554e-06,5.92277e-06,0
16305.0,16310.0,16307.5,3.591756e-06,1.795878e-05,0
16310.0,16315.0,16312.5,2.380768e-06,1.190384e-05,0
16315.0,16320.0,16317.5,1.194458e-06,5.97229e-06,0
16325.0,16330.0,16327.5,2.400716e-06,1.200358e-05,0
16330.0,16335.0,16332.5,3.588566e-06,1.794283e-05,0
16335.0,16340.0,16337.5,1.194458e-06,5.97229e-06,0
16340.0,16345.0,16342.5,3.537764e-06,1.768882e-05,0
16350.0,16355.0,16352.5,1.188636e-06,5.94318e-06,0
16355.0,16360.0,16357.5,2.37728e-06,1.18864e-05,0
16360.0,16365.0,16362.5,5.93012e-06,2.96506e-05,0
16365.0,16370.0,16367.5,1.205182e-06,6.02591e-06,0
16370.0,16375.0,16372.5,2.37322e-06,1.18661e-05,0
16375.0,16380.0,16377.5,2.40862e-06,1.20431e-05,0
16380.0,16385.0,16382.5,4.77219e-06,2.386095e-05,0
16395.0,16400.0,16397.5,2.357544e-06,1.178772e-05,0
16400.0,16405.0,16402.5,1.18624e-06,5.9312e-06,0
16405.0,16410.0,16407.5,2.39877e-06,1.199385e-05,0
16410.0,16415.0,16412.5,5.963518e-06,2.981759e-05,0
16415.0,16420.0,16417.5,3.607424e-06,1.803712e-05,0
16420.0,16425.0,16422.5,1.168908e-06,5.84454e-06,0
16425.0,16430.0,16427.5,2.37319e-06,1.186595e-05,0
16430.0,16435.0,16432.5,2.355218e-06,1.177609e-05,0
16435.0,16440.0,16437.5,3.62397e-06,1.811985e-05,0
16440.0,16445.0,16442.5,4.759408e-06,2.379704e-05,0
16445.0,16450.0,16447.5,2.418788e-06,1.209394e-05,0
16455.0,16460.0,16457.5,2.3691e-06,1.18455e-05,0
16460.0,16465.0,16462.5,3.588566e-06,1.794283e-05,0
16465.0,16470.0,16467.5,2.390552e-06,1.195276e-05,0
16475.0,16480.0,16477.5,1.214476e-06,6.07238e-06,0
16480.0,16485.0,16482.5,1.205182e-06,6.02591e-06,0
16485.0,16490.0,16487.5,2.37322e-06,1.18661e-05,0
16490.0,16495.0,16492.5,1.205182e-06,6.02591e-06,0
16495.0,16500.0,16497.5,2.36653e-06,1.183265e-05,0
16500.0,16505.0,16502.5,3.575976e-06,1.787988e-05,0
16505.0,16510.0,16507.5,3.543002e-06,1.771501e-05,0
16510.0,16515.0,16512.5,1.18624e-06,5.9312e-06,0
16515.0,16520.0,16517.5,3.567938e-06,1.783969e-05,0
16520.0,16525.0,16522.5,2.383384e-06,1.191692e-05,0
16525.0,16530.0,16527.5,2.36646e-06,1.18323e-05,0
16530.0,16535.0,16532.5,1.188636e-06,5.94318e-06,0
16535.0,16540.0,16537.5,1.205182e-06,6.02591e-06,0
16540.0,16545.0,16542.5,1.188636e-06,5.94318e-06,0
16545.0,16550.0,16547.5,1.205182e-06,6.02591e-06,0
16550.0,16555.0,16552.5,1.168908e-06,5.84454e-06,0
16555.0,16560.0,16557.5,2.36653e-06,1.183265e-05,0
16560.0,16565.0,16562.5,1.214476e-06,6.07238e-06,0
16565.0,16570.0,16567.5,3.598996e-06,1.799498e-05,0
16570.0,16575.0,16572.5,1.214476e-06,6.07238e-06,0
16575.0,16580.0,16577.5,3.605028e-06,1.802514e-05,0
16580.0,16585.0,16582.5,5.997972e-06,2.998986e-05,0
16585.0,16590.0,16587.5,2.41036e-06,1.20518e-05,0
16590.0,16595.0,16592.5,2.374678e-06,1.187339e-05,0
16595.0,16600.0,16597.5,5.935794e-06,2.967897e-05,0
16600.0,16605.0,16602.5,5.95411e-06,2.977055e-05,0
16605.0,16610.0,16607.5,2.39877e-06,1.199385e-05,0
16610.0,16615.0,16612.5,1.188636e-06,5.94318e-06,0
16620.0,16625.0,16622.5,2.391422e-06,1.195711e-05,0
16625.0,16630.0,16627.5,4.74976e-06,2.37488e-05,0
16630.0,16635.0,16632.5,1.168908e-06,5.84454e-06,0
16635.0,16640.0,16637.5,1.204312e-06,6.02156e-06,0
16640.0,16645.0,16642.5,4.73292e-06,2.36646e-05,0
16645.0,16650.0,16647.5,1.204312e-06,6.02156e-06,0
16650.0,16655.0,16652.5,3.551084e-06,1.775542e-05,0
16655.0,16660.0,16657.5,2.370794e-06,1.185397e-05,0
16660.0,16665.0,16662.5,1.184554e-06,5.92277e-06,0
16665.0,16670.0,16667.5,2.379012e-06,1.189506e-05,0
16670.0,16675.0,16672.5,2.408934e-06,1.204467e-05,0
16680.0,16685.0,16682.5,1.205182e-06,6.02591e-06,0
16685.0,16690.0,16687.5,1.18624e-06,5.9312e-06,0
16690.0,16695.0,16692.5,1.18631e-06,5.93155e-06,0
16695.0,16700.0,16697.5,4.764682e-06,2.382341e-05,0
16700.0,16705.0,16702.5,3.561834e-06,1.780917e-05,0
16705.0,16710.0,16707.5,2.370794e-06,1.185397e-05,0
16710.0,16715.0,16712.5,4.73416e-06,2.36708e-05,0
16720.0,16725.0,16722.5,2.38892e-06,1.19446e-05,0
16725.0,16730.0,16727.5,2.355218e-06,1.177609e-05,0
16730.0,16735.0,16732.5,2.391492e-06,1.195746e-05,0
16735.0,16740.0,16737.5,3.557774e-06,1.778887e-05,0
16740.0,16745.0,16742.5,2.391422e-06,1.195711e-05,0
16745.0,16750.0,16747.5,2.389736e-06,1.194868e-05,0
16755.0,16760.0,16757.5,2.37319e-06,1.186595e-05,0
16760.0,16765.0,16762.5,3.576932e-06,1.788466e-05,0
16765.0,16770.0,16767.5,2.380698e-06,1.190349e-05,0
16775.0,16780.0,16777.5,1.18022e-06,5.9011e-06,0
16780.0,16785.0,16782.5,2.37319e-06,1.186595e-05,0
16785.0,16790.0,16787.5,2.349128e-06,1.174564e-05,0
16790.0,16795.0,16792.5,2.408934e-06,1.204467e-05,0
16795.0,16800.0,16797.5,1.204312e-06,6.02156e-06,0
16800.0,16805.0,16802.5,2.408934e-06,1.204467e-05,0
16820.0,16825.0,16822.5,1.184554e-06,5.92277e-06,0
16825.0,16830.0,16827.5,1.188636e-06,5.94318e-06,0
16830.0,16835.0,16832.5,1.184554e-06,5.92277e-06,0
16840.0,16845.0,16842.5,4.786188e-06,2.393094e-05,0
16850.0,16855.0,16852.5,1.205182e-06,6.02591e-06,0
16855.0,16860.0,16857.5,3.586956e-06,1.793478e-05,0
16860.0,16865.0,16862.5,1.18631e-06,5.93155e-06,0
16865.0,16870.0,16867.5,1.188636e-06,5.94318e-06,0
16870.0,16875.0,16872.5,3.575976e-06,1.787988e-05,0
16875.0,16880.0,16877.5,2.37409e-06,1.187045e-05,0
16880.0,16885.0,16882.5,3.613802e-06,1.806901e-05,0
16885.0,16890.0,16887.5,1.18631e-06,5.93155e-06,0
16895.0,16900.0,16897.5,3.605968e-06,1.802984e-05,0
16900.0,16905.0,16902.5,2.37319e-06,1.186595e-05,0
16905.0,16910.0,16907.5,2.403112e-06,1.201556e-05,0
16910.0,16915.0,16912.5,2.383094e-06,1.191547e-05,0
16925.0,16930.0,16927.5,1.18022e-06,5.9011e-06,0
16930.0,16935.0,16932.5,2.384532e-06,1.192266e-05,0
16935.0,16940.0,16937.5,2.388866e-06,1.194433e-05,0
16940.0,16945.0,16942.5,2.357544e-06,1.178772e-05,0
16945.0,16950.0,16947.5,1.204312e-06,6.02156e-06,0
16955.0,16960.0,16957.5,2.390622e-06,1.195311e-05,0
16960.0,16965.0,16962.5,2.388866e-06,1.194433e-05,0
16965.0,16970.0,16967.5,1.188636e-06,5.94318e-06,0
16970.0,16975.0,16972.5,1.18624e-06,5.9312e-06,0
16975.0,16980.0,16977.5,3.588566e-06,1.794283e-05,0
16980.0,16985.0,16982.5,3.578372e-06,1.789186e-05,0
16985.0,16990.0,16987.5,1.18624e-06,5.9312e-06,0
16990.0,16995.0,16992.5,1.168908e-06,5.84454e-06,0
16995.0,17000.0,16997.5,1.18631e-06,5.93155e-06,0
17000.0,17005.0,17002.5,2.391422e-06,1.195711e-05,0
17010.0,17015.0,17012.5,3.614672e-06,1.807336e-05,0
17015.0,17020.0,17017.5,3.603342e-06,1.801671e-05,0
17030.0,17035.0,17032.5,2.392948e-06,1.196474e-05,0
17035.0,17040.0,17037.5,1.168908e-06,5.84454e-06,0
17045.0,17050.0,17047.5,3.569334e-06,1.784667e-05,0
17050.0,17055.0,17052.5,1.214476e-06,6.07238e-06,0
17060.0,17065.0,17062.5,2.39877e-06,1.199385e-05,0
17075.0,17080.0,17077.5,3.557174e-06,1.778587e-05,0
17080.0,17085.0,17082.5,3.605898e-06,1.802949e-05,0
17085.0,17090.0,17087.5,2.39903e-06,1.199515e-05,0
17090.0,17095.0,17092.5,2.40862e-06,1.20431e-05,0
17095.0,17100.0,17097.5,2.391492e-06,1.195746e-05,0
17100.0,17105.0,17102.5,1.204312e-06,6.02156e-06,0
17105.0,17110.0,17107.5,1.204312e-06,6.02156e-06,0
17110.0,17115.0,17112.5,1.204312e-06,6.02156e-06,0
17120.0,17125.0,17122.5,2.374678e-06,1.187339e-05,0
17125.0,17130.0,17127.5,1.18631e-06,5.93155e-06,0
17135.0,17140.0,17137.5,2.42896e-06,1.21448e-05,0
17140.0,17145.0,17142.5,1.204312e-06,6.02156e-06,0
17145.0,17150.0,17147.5,2.391422e-06,1.195711e-05,0
17150.0,17155.0,17152.5,1.214476e-06,6.07238e-06,0
17155.0,17160.0,17157.5,1.204312e-06,6.02156e-06,0
17160.0,17165.0,17162.5,1.214476e-06,6.07238e-06,0
17165.0,17170.0,17167.5,1.168908e-06,5.84454e-06,0
17170.0,17175.0,17172.5,2.388866e-06,1.194433e-05,0
17175.0,17180.0,17177.5,1.214476e-06,6.07238e-06,0
17180.0,17185.0,17182.5,3.59667e-06,1.798335e-05,0
17185.0,17190.0,17187.5,1.18022e-06,5.9011e-06,0
17190.0,17195.0,17192.5,7.119234e-06,3.559617e-05,0
17195.0,17200.0,17197.5,2.357544e-06,1.178772e-05,0
17200.0,17205.0,17202.5,3.566938e-06,1.783469e-05,0
17210.0,17215.0,17212.5,3.603952e-06,1.801976e-05,0
17215.0,17220.0,17217.5,3.584194e-06,1.792097e-05,0
17225.0,17230.0,17227.5,3.569956e-06,1.784978e-05,0
17235.0,17240.0,17237.5,3.603952e-06,1.801976e-05,0
17240.0,17245.0,17242.5,4.800356e-06,2.400178e-05,0
17250.0,17255.0,17252.5,1.214476e-06,6.07238e-06,0
17255.0,17260.0,17257.5,1.18631e-06,5.93155e-06,0
17260.0,17265.0,17262.5,2.390552e-06,1.195276e-05,0
17265.0,17270.0,17267.5,3.575106e-06,1.787553e-05,0
17275.0,17280.0,17277.5,2.374876e-06,1.187438e-05,0
17280.0,17285.0,17282.5,2.370794e-06,1.185397e-05,0
17295.0,17300.0,17297.5,2.41036e-06,1.20518e-05,0
17300.0,17305.0,17302.5,2.389736e-06,1.194868e-05,0
17305.0,17310.0,17307.5,1.168908e-06,5.84454e-06,0
17310.0,17315.0,17312.5,2.37248e-06,1.18624e-05,0
17325.0,17330.0,17327.5,1.18624e-06,5.9312e-06,0
17335.0,17340.0,17337.5,1.188636e-06,5.94318e-06,0
17340.0,17345.0,17342.5,2.364774e-06,1.182387e-05,0
17345.0,17350.0,17347.5,7.128934e-06,3.564467e-05,0
17350.0,17355.0,17352.5,1.194458e-06,5.97229e-06,0
17355.0,17360.0,17357.5,1.188636e-06,5.94318e-06,0
17365.0,17370.0,17367.5,1.18624e-06,5.9312e-06,0
17375.0,17380.0,17377.5,3.569086e-06,1.784543e-05,0
17380.0,17385.0,17382.5,2.380768e-06,1.190384e-05,0
17385.0,17390.0,17387.5,1.204312e-06,6.02156e-06,0
17390.0,17395.0,17392.5,1.188636e-06,5.94318e-06,0
17395.0,17400.0,17397.5,2.353462e-06,1.176731e-05,0
17400.0,17405.0,17402.5,2.374678e-06,1.187339e-05,0
17405.0,17410.0,17407.5,2.39964e-06,1.19982e-05,0
17415.0,17420.0,17417.5,2.379012e-06,1.189506e-05,0
17420.0,17425.0,17422.5,1.214476e-06,6.07238e-06,0
17425.0,17430.0,17427.5,2.37255e-06,1.186275e-05,0
17430.0,17435.0,17432.5,2.385402e-06,1.192701e-05,0
17435.0,17440.0,17437.5,4.75826e-06,2.37913e-05,0
17445.0,17450.0,17447.5,2.38892e-06,1.19446e-05,0
17450.0,17455.0,17452.5,1.204312e-06,6.02156e-06,0
17460.0,17465.0,17462.5,1.214476e-06,6.07238e-06,0
17470.0,17475.0,17472.5,1.18624e-06,5.9312e-06,0
17475.0,17480.0,17477.5,3.594102e-06,1.797051e-05,0
17480.0,17485.0,17482.5,1.214476e-06,6.07238e-06,0
17490.0,17495.0,17492.5,3.570842e-06,1.785421e-05,0
17495.0,17500.0,17497.5,1.18022e-06,5.9011e-06,0
17500.0,17505.0,17502.5,1.18624e-06,5.9312e-06,0
17505.0,17510.0,17507.5,2.419658e-06,1.209829e-05,0
17510.0,17515.0,17512.5,4.791338e-06,2.395669e-05,0
17515.0,17520.0,17517.5,1.214476e-06,6.07238e-06,0
17525.0,17530.0,17527.5,2.37255e-06,1.186275e-05,0
17530.0,17535.0,17532.5,1.188636e-06,5.94318e-06,0
17535.0,17540.0,17537.5,4.754788e-06,2.377394e-05,0
17540.0,17545.0,17542.5,1.214476e-06,6.07238e-06,0
17545.0,17550.0,17547.5,1.214476e-06,6.07238e-06,0
17555.0,17560.0,17557.5,1.184554e-06,5.92277e-06,0
17565.0,17570.0,17567.5,3.569334e-06,1.784667e-05,0
17580.0,17585.0,17582.5,1.188636e-06,5.94318e-06,0
17585.0,17590.0,17587.5,2.383094e-06,1.191547e-05,0
17590.0,17595.0,17592.5,2.385402e-06,1.192701e-05,0
17595.0,17600.0,17597.5,2.400786e-06,1.200393e-05,0
17615.0,17620.0,17617.5,1.205182e-06,6.02591e-06,0
17635.0,17640.0,17637.5,1.204312e-06,6.02156e-06,0
17640.0,17645.0,17642.5,3.589352e-06,1.794676e-05,0
17650.0,17655.0,17652.5,3.604212e-06,1.802106e-05,0
17655.0,17660.0,17657.5,1.214476e-06,6.07238e-06,0
17660.0,17665.0,17662.5,1.204312e-06,6.02156e-06,0
17665.0,17670.0,17667.5,1.184554e-06,5.92277e-06,0
17670.0,17675.0,17672.5,3.588276e-06,1.794138e-05,0
17675.0,17680.0,17677.5,1.214476e-06,6.07238e-06,0
17695.0,17700.0,17697.5,1.18631e-06,5.93155e-06,0
17705.0,17710.0,17707.5,2.37248e-06,1.18624e-05,0
17710.0,17715.0,17712.5,1.18624e-06,5.9312e-06,0
17715.0,17720.0,17717.5,4.735118e-06,2.367559e-05,0
17725.0,17730.0,17727.5,1.214476e-06,6.07238e-06,0
17730.0,17735.0,17732.5,1.18624e-06,5.9312e-06,0
17735.0,17740.0,17737.5,1.214476e-06,6.07238e-06,0
17755.0,17760.0,17757.5,1.168908e-06,5.84454e-06,0
17765.0,17770.0,17767.5,1.204312e-06,6.02156e-06,0
17770.0,17775.0,17772.5,2.364774e-06,1.182387e-05,0
17775.0,17780.0,17777.5,1.168908e-06,5.84454e-06,0
17780.0,17785.0,17782.5,2.363366e-06,1.181683e-05,0
17785.0,17790.0,17787.5,1.204312e-06,6.02156e-06,0
17795.0,17800.0,17797.5,1.214476e-06,6.07238e-06,0
17800.0,17805.0,17802.5,1.184554e-06,5.92277e-06,0
17805.0,17810.0,17807.5,3.567008e-06,1.783504e-05,0
17810.0,17815.0,17812.5,1.184554e-06,5.92277e-06,0
17815.0,17820.0,17817.5,1.18022e-06,5.9011e-06,0
17820.0,17825.0,17822.5,2.393818e-06,1.196909e-05,0
17825.0,17830.0,17827.5,2.370794e-06,1.185397e-05,0
17835.0,17840.0,17837.5,3.543784e-06,1.771892e-05,0
17850.0,17855.0,17852.5,1.18022e-06,5.9011e-06,0
17855.0,17860.0,17857.5,1.18022e-06,5.9011e-06,0
17865.0,17870.0,17867.5,1.188636e-06,5.94318e-06,0
17875.0,17880.0,17877.5,2.400786e-06,1.200393e-05,0
17880.0,17885.0,17882.5,2.391422e-06,1.195711e-05,0
17900.0,17905.0,17902.5,2.390622e-06,1.195311e-05,0
17905.0,17910.0,17907.5,2.380768e-06,1.190384e-05,0
17915.0,17920.0,17917.5,1.214476e-06,6.07238e-06,0
17925.0,17930.0,17927.5,1.214476e-06,6.07238e-06,0
17930.0,17935.0,17932.5,2.419658e-06,1.209829e-05,0
17940.0,17945.0,17942.5,2.370864e-06,1.185432e-05,0
17945.0,17950.0,17947.5,1.194458e-06,5.97229e-06,0
17965.0,17970.0,17967.5,1.184554e-06,5.92277e-06,0
17975.0,17980.0,17977.5,2.391422e-06,1.195711e-05,0
17985.0,17990.0,17987.5,1.188636e-06,5.94318e-06,0
18000.0,18005.0,18002.5,1.184554e-06,5.92277e-06,0
18005.0,18010.0,18007.5,1.188636e-06,5.94318e-06,0
18010.0,18015.0,18012.5,1.205182e-06,6.02591e-06,0
18015.0,18020.0,18017.5,1.194458e-06,5.97229e-06,0
18020.0,18025.0,18022.5,1.214476e-06,6.07238e-06,0
18025.0,18030.0,18027.5,2.379012e-06,1.189506e-05,0
18030.0,18035.0,18032.5,1.204312e-06,6.02156e-06,0
18040.0,18045.0,18042.5,2.385402e-06,1.192701e-05,0
18045.0,18050.0,18047.5,3.575106e-06,1.787553e-05,0
18055.0,18060.0,18057.5,3.614116e-06,1.807058e-05,0
18060.0,18065.0,18062.5,2.39964e-06,1.19982e-05,0
18065.0,18070.0,18067.5,1.214476e-06,6.07238e-06,0
18070.0,18075.0,18072.5,1.188636e-06,5.94318e-06,0
18075.0,18080.0,18077.5,2.380698e-06,1.190349e-05,0
18080.0,18085.0,18082.5,1.18631e-06,5.93155e-06,0
18085.0,18090.0,18087.5,1.184554e-06,5.92277e-06,0
18105.0,18110.0,18107.5,2.39903e-06,1.199515e-05,0
18110.0,18115.0,18112.5,2.390622e-06,1.195311e-05,0
18115.0,18120.0,18117.5,1.204312e-06,6.02156e-06,0
18130.0,18135.0,18132.5,3.613514e-06,1.806757e-05,0
18140.0,18145.0,18142.5,1.214476e-06,6.07238e-06,0
18150.0,18155.0,18152.5,1.184554e-06,5.92277e-06,0
18155.0,18160.0,18157.5,3.577842e-06,1.788921e-05,0
18160.0,18165.0,18162.5,1.18022e-06,5.9011e-06,0
18170.0,18175.0,18172.5,3.588566e-06,1.794283e-05,0
18175.0,18180.0,18177.5,1.214476e-06,6.07238e-06,0
18180.0,18185.0,18182.5,1.184554e-06,5.92277e-06,0
18185.0,18190.0,18187.5,1.204312e-06,6.02156e-06,0
18195.0,18200.0,18197.5,1.205182e-06,6.02591e-06,0
18220.0,18225.0,18222.5,1.205182e-06,6.02591e-06,0
18230.0,18235.0,18232.5,2.409494e-06,1.204747e-05,0
18235.0,18240.0,18237.5,1.194458e-06,5.97229e-06,0
18245.0,18250.0,18247.5,1.194458e-06,5.97229e-06,0
18250.0,18255.0,18252.5,1.205182e-06,6.02591e-06,0
18265.0,18270.0,18267.5,2.40862e-06,1.20431e-05,0
18275.0,18280.0,18277.5,2.374678e-06,1.187339e-05,0
18280.0,18285.0,18282.5,2.39964e-06,1.19982e-05,0
18290.0,18295.0,18292.5,1.194458e-06,5.97229e-06,0
18295.0,18300.0,18297.5,1.214476e-06,6.07238e-06,0
18300.0,18305.0,18302.5,4.757776e-06,2.378888e-05,0
18310.0,18315.0,18312.5,1.18022e-06,5.9011e-06,0
18320.0,18325.0,18322.5,1.214476e-06,6.07238e-06,0
18335.0,18340.0,18337.5,2.357544e-06,1.178772e-05,0
18355.0,18360.0,18357.5,3.5575e-06,1.77875e-05,0
18360.0,18365.0,18362.5,1.184554e-06,5.92277e-06,0
18370.0,18375.0,18372.5,2.383094e-06,1.191547e-05,0
18385.0,18390.0,18387.5,1.194458e-06,5.97229e-06,0
18410.0,18415.0,18412.5,2.391492e-06,1.195746e-05,0
18415.0,18420.0,18417.5,3.584194e-06,1.792097e-05,0
18420.0,18425.0,18422.5,3.580058e-06,1.790029e-05,0
18425.0,18430.0,18427.5,1.18624e-06,5.9312e-06,0
18445.0,18450.0,18447.5,2.394696e-06,1.197348e-05,0
18450.0,18455.0,18452.5,2.36653e-06,1.183265e-05,0
18465.0,18470.0,18467.5,1.194458e-06,5.97229e-06,0
18480.0,18485.0,18482.5,2.37255e-06,1.186275e-05,0
18490.0,18495.0,18492.5,2.364774e-06,1.182387e-05,0
18495.0,18500.0,18497.5,1.194458e-06,5.97229e-06,0
18500.0,18505.0,18502.5,1.205182e-06,6.02591e-06,0
18510.0,18515.0,18512.5,1.184554e-06,5.92277e-06,0
18530.0,18535.0,18532.5,1.194458e-06,5.97229e-06,0
18535.0,18540.0,18537.5,1.18022e-06,5.9011e-06,0
18550.0,18555.0,18552.5,1.188636e-06,5.94318e-06,0
18555.0,18560.0,18557.5,1.194458e-06,5.97229e-06,0
18560.0,18565.0,18562.5,2.385402e-06,1.192701e-05,0
18570.0,18575.0,18572.5,3.594048e-06,1.797024e-05,0
18575.0,18580.0,18577.5,1.188636e-06,5.94318e-06,0
18580.0,18585.0,18582.5,1.194458e-06,5.97229e-06,0
18585.0,18590.0,18587.5,1.18631e-06,5.93155e-06,0
18595.0,18600.0,18597.5,1.204312e-06,6.02156e-06,0
18605.0,18610.0,18607.5,1.188636e-06,5.94318e-06,0
18615.0,18620.0,18617.5,3.539702e-06,1.769851e-05,0
18620.0,18625.0,18622.5,2.374946e-06,1.187473e-05,0
18625.0,18630.0,18627.5,1.205182e-06,6.02591e-06,0
18630.0,18635.0,18632.5,1.188636e-06,5.94318e-06,0
18640.0,18645.0,18642.5,1.194458e-06,5.97229e-06,0
18645.0,18650.0,18647.5,1.188636e-06,5.94318e-06,0
18690.0,18695.0,18692.5,1.188636e-06,5.94318e-06,0
18705.0,18710.0,18707.5,1.194458e-06,5.97229e-06,0
18710.0,18715.0,18712.5,3.569404e-06,1.784702e-05,0
18720.0,18725.0,18722.5,1.18022e-06,5.9011e-06,0
18750.0,18755.0,18752.5,1.184554e-06,5.92277e-06,0
18755.0,18760.0,18757.5,2.38892e-06,1.19446e-05,0
18770.0,18775.0,18772.5,2.385402e-06,1.192701e-05,0
18790.0,18795.0,18792.5,1.205182e-06,6.02591e-06,0
18795.0,18800.0,18797.5,1.204312e-06,6.02156e-06,0
18800.0,18805.0,18802.5,2.39877e-06,1.199385e-05,0
18810.0,18815.0,18812.5,2.380768e-06,1.190384e-05,0
18820.0,18825.0,18822.5,1.184554e-06,5.92277e-06,0
18825.0,18830.0,18827.5,1.205182e-06,6.02591e-06,0
18830.0,18835.0,18832.5,2.355218e-06,1.177609e-05,0
18850.0,18855.0,18852.5,1.188636e-06,5.94318e-06,0
18855.0,18860.0,18857.5,2.388866e-06,1.194433e-05,0
18860.0,18865.0,18862.5,1.168908e-06,5.84454e-06,0
18865.0,18870.0,18867.5,2.390622e-06,1.195311e-05,0
18870.0,18875.0,18872.5,1.188636e-06,5.94318e-06,0
18885.0,18890.0,18887.5,1.18631e-06,5.93155e-06,0
18925.0,18930.0,18927.5,1.184554e-06,5.92277e-06,0
18935.0,18940.0,18937.5,1.18631e-06,5.93155e-06,0
18940.0,18945.0,18942.5,1.18624e-06,5.9312e-06,0
18960.0,18965.0,18962.5,1.205182e-06,6.02591e-06,0
18975.0,18980.0,18977.5,3.59757e-06,1.798785e-05,0
18980.0,18985.0,18982.5,2.380768e-06,1.190384e-05,0
18990.0,18995.0,18992.5,1.168908e-06,5.84454e-06,0
18995.0,19000.0,18997.5,1.194458e-06,5.97229e-06,0
19030.0,19035.0,19032.5,1.194458e-06,5.97229e-06,0
19035.0,19040.0,19037.5,1.18022e-06,5.9011e-06,0
19040.0,19045.0,19042.5,1.18624e-06,5.9312e-06,0
19050.0,19055.0,19052.5,1.194458e-06,5.97229e-06,0
19060.0,19065.0,19062.5,1.188636e-06,5.94318e-06,0
19065.0,19070.0,19067.5,1.205182e-06,6.02591e-06,0
19085.0,19090.0,19087.5,1.184554e-06,5.92277e-06,0
19090.0,19095.0,19092.5,1.194458e-06,5.97229e-06,0
19095.0,19100.0,19097.5,1.18624e-06,5.9312e-06,0
19110.0,19115.0,19112.5,2.3691e-06,1.18455e-05,0
19160.0,19165.0,19162.5,1.214476e-06,6.07238e-06,0
19165.0,19170.0,19167.5,1.204312e-06,6.02156e-06,0
19170.0,19175.0,19172.5,1.205182e-06,6.02591e-06,0
19210.0,19215.0,19212.5,1.214476e-06,6.07238e-06,0
19215.0,19220.0,19217.5,1.194458e-06,5.97229e-06,0
19235.0,19240.0,19237.5,1.194458e-06,5.97229e-06,0
19275.0,19280.0,19277.5,1.18631e-06,5.93155e-06,0
19285.0,19290.0,19287.5,1.194458e-06,5.97229e-06,0
19295.0,19300.0,19297.5,1.205182e-06,6.02591e-06,0
19335.0,19340.0,19337.5,1.18631e-06,5.93155e-06,0
19380.0,19385.0,19382.5,1.214476e-06,6.07238e-06,0
19395.0,19400.0,19397.5,1.204312e-06,6.02156e-06,0
19400.0,19405.0,19402.5,1.18624e-06,5.9312e-06,0
19420.0,19425.0,19422.5,1.204312e-06,6.02156e-06,0
19450.0,19455.0,19452.5,1.204312e-06,6.02156e-06,0
19455.0,19460.0,19457.5,1.205182e-06,6.02591e-06,0
19495.0,19500.0,19497.5,2.385402e-06,1.192701e-05,0
19505.0,19510.0,19507.5,1.18631e-06,5.93155e-06,0
19520.0,19525.0,19522.5,3.558644e-06,1.779322e-05,0
19530.0,19535.0,19532.5,1.168908e-06,5.84454e-06,0
19535.0,19540.0,19537.5,1.194458e-06,5.97229e-06,0
19540.0,19545.0,19542.5,1.184554e-06,5.92277e-06,0
19550.0,19555.0,19552.5,1.184554e-06,5.92277e-06,0
19565.0,19570.0,19567.5,2.379012e-06,1.189506e-05,0
19580.0,19585.0,19582.5,1.205182e-06,6.02591e-06,0
19600.0,19605.0,19602.5,1.184554e-06,5.92277e-06,0
19605.0,19610.0,19607.5,1.18631e-06,5.93155e-06,0
19630.0,19635.0,19632.5,1.18631e-06,5.93155e-06,0
19640.0,19645.0,19642.5,1.214476e-06,6.07238e-06,0
19665.0,19670.0,19667.5,1.194458e-06,5.97229e-06,0
19695.0,19700.0,19697.5,1.204312e-06,6.02156e-06,0
19710.0,19715.0,19712.5,1.204312e-06,6.02156e-06,0
19715.0,19720.0,19717.5,1.168908e-06,5.84454e-06,0
19730.0,19735.0,19732.5,1.194458e-06,5.97229e-06,0
19770.0,19775.0,19772.5,1.18631e-06,5.93155e-06,0
19780.0,19785.0,19782.5,1.188636e-06,5.94318e-06,0
19785.0,19790.0,19787.5,1.184554e-06,5.92277e-06,0
19825.0,19830.0,19827.5,1.18624e-06,5.9312e-06,0
19840.0,19845.0,19842.5,1.194458e-06,5.97229e-06,0
19845.0,19850.0,19847.5,1.18624e-06,5.9312e-06,0
19870.0,19875.0,19872.5,2.408934e-06,1.204467e-05,0
19875.0,19880.0,19877.5,1.214476e-06,6.07238e-06,0
19910.0,19915.0,19912.5,1.194458e-06,5.97229e-06,0
19935.0,19940.0,19937.5,1.184554e-06,5.92277e-06,0
19960.0,19965.0,19962.5,1.205182e-06,6.02591e-06,0
19970.0,19975.0,19972.5,1.214476e-06,6.07238e-06,0
20010.0,20015.0,20012.5,1.205182e-06,6.02591e-06,0
20015.0,20020.0,20017.5,1.168908e-06,5.84454e-06,0
20025.0,20030.0,20027.5,1.194458e-06,5.97229e-06,0
20040.0,20045.0,20042.5,1.214476e-06,6.07238e-06,0
20050.0,20055.0,20052.5,2.39903e-06,1.199515e-05,0
20115.0,20120.0,20117.5,1.18624e-06,5.9312e-06,0
20125.0,20130.0,20127.5,1.205182e-06,6.02591e-06,0
20130.0,20135.0,20132.5,1.214476e-06,6.07238e-06,0
20180.0,20185.0,20182.5,2.390622e-06,1.195311e-05,0
20195.0,20200.0,20197.5,1.188636e-06,5.94318e-06,0
20225.0,20230.0,20227.5,1.18624e-06,5.9312e-06,0
20240.0,20245.0,20242.5,1.18624e-06,5.9312e-06,0
20270.0,20275.0,20272.5,1.205182e-06,6.02591e-06,0
20275.0,20280.0,20277.5,1.18631e-06,5.93155e-06,0
20290.0,20295.0,20292.5,1.168908e-06,5.84454e-06,0
20325.0,20330.0,20327.5,1.18624e-06,5.9312e-06,0
20330.0,20335.0,20332.5,1.214476e-06,6.07238e-06,0
20425.0,20430.0,20427.5,1.188636e-06,5.94318e-06,0
20430.0,20435.0,20432.5,1.205182e-06,6.02591e-06,0
20440.0,20445.0,20442.5,1.188636e-06,5.94318e-06,0
20445.0,20450.0,20447.5,1.205182e-06,6.02591e-06,0
20470.0,20475.0,20472.5,2.37248e-06,1.18624e-05,0
20505.0,20510.0,20507.5,1.184554e-06,5.92277e-06,0
20565.0,20570.0,20567.5,1.194458e-06,5.97229e-06,0
20600.0,20605.0,20602.5,1.188636e-06,5.94318e-06,0
20660.0,20665.0,20662.5,1.204312e-06,6.02156e-06,0
20690.0,20695.0,20692.5,1.194458e-06,5.97229e-06,0
20765.0,20770.0,20767.5,1.18624e-06,5.9312e-06,0
20790.0,20795.0,20792.5,1.184554e-06,5.92277e-06,0
20795.0,20800.0,20797.5,1.194458e-06,5.97229e-06,0
20810.0,20815.0,20812.5,1.184554e-06,5.92277e-06,0
20845.0,20850.0,20847.5,1.204312e-06,6.02156e-06,0
20850.0,20855.0,20852.5,1.18022e-06,5.9011e-06,0
20855.0,20860.0,20857.5,1.18022e-06,5.9011e-06,0
20885.0,20890.0,20887.5,1.188636e-06,5.94318e-06,0
20925.0,20930.0,20927.5,1.205182e-06,6.02591e-06,0
20975.0,20980.0,20977.5,1.18022e-06,5.9011e-06,0
20995.0,21000.0,20997.5,1.18631e-06,5.93155e-06,0
21030.0,21035.0,21032.5,1.184554e-06,5.92277e-06,0
21045.0,21050.0,21047.5,1.194458e-06,5.97229e-06,0
21085.0,21090.0,21087.5,1.204312e-06,6.02156e-06,0
21180.0,21185.0,21182.5,1.184554e-06,5.92277e-06,0
21245.0,21250.0,21247.5,1.204312e-06,6.02156e-06,0
21250.0,21255.0,21252.5,1.205182e-06,6.02591e-06,0
21365.0,21370.0,21367.5,2.42896e-06,1.21448e-05,0
21560.0,21565.0,21562.5,1.18631e-06,5.93155e-06,0
21615.0,21620.0,21617.5,1.18022e-06,5.9011e-06,0
21675.0,21680.0,21677.5,1.184554e-06,5.92277e-06,0
21890.0,21895.0,21892.5,1.205182e-06,6.02591e-06,0
21970.0,21975.0,21972.5,1.214476e-06,6.07238e-06,0
21980.0,21985.0,21982.5,1.184554e-06,5.92277e-06,0
22140.0,22145.0,22142.5,1.205182e-06,6.02591e-06,0
22305.0,22310.0,22307.5,1.188636e-06,5.94318e-06,0
22390.0,22395.0,22392.5,1.214476e-06,6.07238e-06,0
22525.0,22530.0,22527.5,1.188636e-06,5.94318e-06,0
22705.0,22710.0,22707.5,1.204312e-06,6.02156e-06,0
22720.0,22725.0,22722.5,1.184554e-06,5.92277e-06,0
22940.0,22945.0,22942.5,1.18022e-06,5.9011e-06,0
22980.0,22985.0,22982.5,1.188636e-06,5.94318e-06,0
23170.0,23175.0,23172.5,1.184554e-06,5.92277e-06,0
23295.0,23300.0,23297.5,2.36653e-06,1.183265e-05,0
23510.0,23515.0,23512.5,1.205182e-06,6.02591e-06,0
23780.0,23785.0,23782.5,1.18022e-06,5.9011e-06,0
24055.0,24060.0,24057.5,1.188636e-06,5.94318e-06,0
25070.0,25075.0,25072.5,1.205182e-06,6.02591e-06,0
25205.0,25210.0,25207.5,1.205182e-06,6.02591e-06,0
27770.0,27775.0,27772.5,1.184554e-06,5.92277e-06,0
28375.0,28380.0,28377.5,1.188636e-06,5.94318e-06,0
32885.0,32890.0,32887.5,1.184554e-06,5.92277e-06,0
34960.0,34965.0,34962.5,1.184554e-06,5.92277e-06,0
42225.0,42230.0,42227.5,1.184554e-06,5.92277e-06,0
71170.0,71175.0,71172.5,1.205182e-06,6.02591e-06,0
71640.0,71645.0,71642.5,1.205182e-06,6.02591e-06,0
