bin_start_us,bin_end_us,bin_mid_us,pdf_per_us,probability,count
210,215,212.5,0.0687767,0.343883,967
215,220,217.5,0.108819,0.544097,1530
220,225,222.5,0.022404,0.11202,315
