bin_start_us,bin_end_us,bin_mid_us,pdf_per_us,probability,count
210,215,212.5,0.0688478,0.344239,968
215,220,217.5,0.108748,0.543741,1529
220,225,222.5,0.022404,0.11202,315
