[INFO] std::clog redirected to: /dev/null

--- Per-STA P-EDCA Detail ---
  STA0: DS-CTS=170 S2Entry=170 S2Tx=101 PedcaOK=92 EdcaOK=177 FailCTS=1 FailColl=8 FailExp=0 Defer=0
  STA1: DS-CTS=20 S2Entry=20 S2Tx=17 PedcaOK=17 EdcaOK=590 FailCTS=0 FailColl=0 FailExp=0 Defer=0
  STA2: DS-CTS=145 S2Entry=145 S2Tx=97 PedcaOK=86 EdcaOK=154 FailCTS=1 FailColl=10 FailExp=0 Defer=1
  STA3: DS-CTS=7 S2Entry=7 S2Tx=7 PedcaOK=7 EdcaOK=838 FailCTS=0 FailColl=0 FailExp=0 Defer=2
  STA4: DS-CTS=200 S2Entry=200 S2Tx=130 PedcaOK=111 EdcaOK=332 FailCTS=3 FailColl=16 FailExp=0 Defer=3
  STA5: DS-CTS=104 S2Entry=104 S2Tx=78 PedcaOK=67 EdcaOK=263 FailCTS=2 FailColl=9 FailExp=0 Defer=1
  STA6: DS-CTS=181 S2Entry=181 S2Tx=118 PedcaOK=109 EdcaOK=267 FailCTS=2 FailColl=7 FailExp=0 Defer=6
  STA7: DS-CTS=78 S2Entry=78 S2Tx=62 PedcaOK=59 EdcaOK=434 FailCTS=1 FailColl=2 FailExp=0 Defer=0
  STA8: DS-CTS=116 S2Entry=116 S2Tx=81 PedcaOK=77 EdcaOK=338 FailCTS=0 FailColl=4 FailExp=0 Defer=0
  STA9: DS-CTS=183 S2Entry=183 S2Tx=122 PedcaOK=105 EdcaOK=167 FailCTS=1 FailColl=16 FailExp=0 Defer=3
  STA10: DS-CTS=144 S2Entry=144 S2Tx=91 PedcaOK=85 EdcaOK=141 FailCTS=2 FailColl=4 FailExp=0 Defer=0
  STA11: DS-CTS=130 S2Entry=130 S2Tx=98 PedcaOK=93 EdcaOK=283 FailCTS=0 FailColl=5 FailExp=0 Defer=0
  STA12: DS-CTS=57 S2Entry=57 S2Tx=49 PedcaOK=49 EdcaOK=622 FailCTS=0 FailColl=0 FailExp=0 Defer=0
  STA13: DS-CTS=165 S2Entry=165 S2Tx=111 PedcaOK=109 EdcaOK=392 FailCTS=1 FailColl=1 FailExp=0 Defer=0
  STA14: DS-CTS=152 S2Entry=152 S2Tx=101 PedcaOK=93 EdcaOK=319 FailCTS=3 FailColl=5 FailExp=0 Defer=2

=== General Statistics ===
P-EDCA Ratio: 0.5
P-EDCA STAs: 15/30
P-EDCA Share (Avg Per-STA P-EDCA Tx/Total Tx): 22.0742 %
Avg P-EDCA Attempt Success Rate: 68.1164 %
Global P-EDCA Tx Success: 1159
Global EDCA Tx Success: 5317
Global P-EDCA Attempt (DS-CTS Sent): 1852

--- P-EDCA Detailed Trace ---
Stage 2 Entered: 1852
Stage 2 TX Started: 1263
P-EDCA Fail RTS No CTS: 17
P-EDCA Fail RTS Collision: 87
P-EDCA Fail Timing Expired: 0
P-EDCA Fail Deferral: 18
Total VO TX (P-EDCA+EDCA): 6476
Global P-EDCA Share: 17.8968 %
Global EDCA Share: 82.1032 %
Channel Idle Time (AP): 24.2953 % (1.70067e+06 us / 7e+06 us)
Total Successes:       14665
Total Failures:        1077
Total Retransmissions: 9

--- Per-AC Success Statistics ---
AC_BE:
  Successes:         35
  Throughput:        0.04 Mbps
  Packet Loss:       22.2222 %
  Avg Retx/MPDU:     0
  Avg Queue Delay:   -831662 us (Enqueue->TxStart)
  Avg Access Delay:  971302 us (TxStart->Ack)
  Avg MAC Delay:     139640 us (Total: Enqueue->Ack)

AC_VO:
  Successes:         14630
  Throughput:        16.72 Mbps
  Packet Loss:       6.79748 %
  Avg Retx/MPDU:     0.000615174
  Avg Queue Delay:   2580.99 us (Enqueue->TxStart)
  Avg Access Delay:  342.099 us (TxStart->Ack)
  Avg MAC Delay:     2923.09 us (Total: Enqueue->Ack)

--- Per-AC Failure Statistics ---
AC_BE Failures: 10
AC_VO Failures: 1067

--- Failure Reasons by AC ---
  AC_BE EXPIRED_LIFETIME: 10
  AC_VO RETRY_LIMIT: 1067


=== Extended P-EDCA vs Legacy Statistics ===

--- [Stat 1] Delay by STA Type ---
P-EDCA STAs (15 STAs):
  Successes:         7713
  Failures:          172
  Throughput:        8.81486 Mbps
  Packet Loss:       2.18136 %
  Avg Queue Delay:   2759.05 us
  Avg Access Delay:  353.857 us
  Avg MAC Delay:     3112.91 us
  Median MAC Delay:  1667 us
  P95 MAC Delay:     10926 us
  P99 MAC Delay:     21549 us
Legacy EDCA STAs (15 STAs):
  Successes:         6917
  Failures:          897
  Throughput:        7.90514 Mbps
  Packet Loss:       11.4794 %
  Avg Queue Delay:   2382.43 us
  Avg Access Delay:  328.988 us
  Avg MAC Delay:     2711.42 us
  Median MAC Delay:  1565 us
  P95 MAC Delay:     9926 us
  P99 MAC Delay:     14790 us

--- [Stat 2] Per-STA P-EDCA Attempt Count (DS-CTS Sent) ---
  STA0: 170 P-EDCA attempts
  STA1: 20 P-EDCA attempts
  STA2: 145 P-EDCA attempts
  STA3: 7 P-EDCA attempts
  STA4: 200 P-EDCA attempts
  STA5: 104 P-EDCA attempts
  STA6: 181 P-EDCA attempts
  STA7: 78 P-EDCA attempts
  STA8: 116 P-EDCA attempts
  STA9: 183 P-EDCA attempts
  STA10: 144 P-EDCA attempts
  STA11: 130 P-EDCA attempts
  STA12: 57 P-EDCA attempts
  STA13: 165 P-EDCA attempts
  STA14: 152 P-EDCA attempts
  Total: 1852 P-EDCA attempts across 15 P-EDCA STAs
  Avg per P-EDCA STA: 123.467

--- [Stat 3] P-EDCA One-Shot Success Probability ---
  P-EDCA Success / DS-CTS Sent:      1159 / 1852 = 62.581 %
  P-EDCA Success / Stage2 TX Started: 1159 / 1263 = 91.7656 %  (given RTS was actually sent)

--- [Stat 4] EDCA One-Shot Success Ratio (0 retransmissions) ---
  Legacy STAs: 6911 / 6917 = 99.9133 %
  P-EDCA STAs: 7710 / 7713 = 99.9611 %  (MAC-level, includes both P-EDCA and EDCA paths)

--- [Stat 5] P-EDCA Kickback-to-EDCA Probability ---
  Total P-EDCA Failures: 122 / 1852 DS-CTS = 6.58747 %
    RTS No CTS:       17 (0.917927 %)
    RTS Collision:    87 (4.69762 %)
    Timing Expired:   0 (0 %)
    Deferral:         18 (0.971922 %)

--- [Stat 6] P-EDCA RTS Collision Probability ---
  RTS Collision / Stage2 TX Started: 87 / 1263 = 6.88836 %
  RTS Collision / DS-CTS Sent:       87 / 1852 = 4.69762 %

--- [Stat 7] P-EDCA Attempts per Successful P-EDCA TX ---
  DS-CTS Sent / P-EDCA Success: 1852 / 1159 = 1.59793 attempts/success
  Stage2 TX / P-EDCA Success:   1263 / 1159 = 1.08973 RTS/success

--- VO Delay PDF (MAC Delay) ---
bin_start_us,bin_end_us,bin_mid_us,pdf_per_us,probability,count
215,220,217.5,0.000109364,0.000546822,8
220,225,222.5,0.000123035,0.000615174,9
225,230,227.5,9.56938e-05,0.000478469,7
230,235,232.5,8.20232e-05,0.000410116,6
235,240,237.5,8.20232e-05,0.000410116,6
240,245,242.5,0.000109364,0.000546822,8
245,250,247.5,0.000150376,0.00075188,11
250,255,252.5,9.56938e-05,0.000478469,7
255,260,257.5,6.83527e-05,0.000341763,5
260,265,262.5,0.000109364,0.000546822,8
265,270,267.5,0.000109364,0.000546822,8
270,275,272.5,0.000136705,0.000683527,10
275,280,277.5,8.20232e-05,0.000410116,6
280,285,282.5,0.000109364,0.000546822,8
285,290,287.5,6.83527e-05,0.000341763,5
290,295,292.5,0.000136705,0.000683527,10
295,300,297.5,1.36705e-05,6.83527e-05,1
300,305,302.5,8.20232e-05,0.000410116,6
305,310,307.5,0.000109364,0.000546822,8
310,315,312.5,0.000109364,0.000546822,8
315,320,317.5,9.56938e-05,0.000478469,7
320,325,322.5,2.73411e-05,0.000136705,2
325,330,327.5,6.83527e-05,0.000341763,5
330,335,332.5,8.20232e-05,0.000410116,6
335,340,337.5,6.83527e-05,0.000341763,5
340,345,342.5,0.00154477,0.00772386,113
345,350,347.5,0.00285714,0.0142857,209
350,355,352.5,0.00114833,0.00574163,84
355,360,357.5,0.000820232,0.00410116,60
360,365,362.5,0.000628845,0.00314422,46
365,370,367.5,0.000628845,0.00314422,46
370,375,372.5,0.000792891,0.00396446,58
375,380,377.5,0.000232399,0.001162,17
380,385,382.5,0.00024607,0.00123035,18
385,390,387.5,0.000300752,0.00150376,22
390,395,392.5,0.000451128,0.00225564,33
395,400,397.5,0.000300752,0.00150376,22
400,405,402.5,0.000300752,0.00150376,22
405,410,407.5,0.000410116,0.00205058,30
410,415,412.5,0.000273411,0.00136705,20
415,420,417.5,0.000314422,0.00157211,23
420,425,422.5,0.000355434,0.00177717,26
425,430,427.5,0.00050581,0.00252905,37
430,435,432.5,0.000355434,0.00177717,26
435,440,437.5,0.000410116,0.00205058,30
440,445,442.5,0.000369105,0.00184552,27
445,450,447.5,0.000437457,0.00218729,32
450,455,452.5,0.014108,0.07054,1032
455,460,457.5,0.00025974,0.0012987,19
460,465,462.5,0.000328093,0.00164046,24
465,470,467.5,0.000341763,0.00170882,25
470,475,472.5,0.000232399,0.001162,17
475,480,477.5,0.000451128,0.00225564,33
480,485,482.5,0.000287081,0.00143541,21
485,490,487.5,0.000355434,0.00177717,26
490,495,492.5,0.000273411,0.00136705,20
495,500,497.5,0.00024607,0.00123035,18
500,505,502.5,0.000314422,0.00157211,23
505,510,507.5,0.000410116,0.00205058,30
510,515,512.5,0.000396446,0.00198223,29
515,520,517.5,0.000314422,0.00157211,23
520,525,522.5,0.000273411,0.00136705,20
525,530,527.5,0.000314422,0.00157211,23
530,535,532.5,0.000314422,0.00157211,23
535,540,537.5,0.000423787,0.00211893,31
540,545,542.5,0.000328093,0.00164046,24
545,550,547.5,0.000273411,0.00136705,20
550,555,552.5,0.000328093,0.00164046,24
555,560,557.5,0.00025974,0.0012987,19
560,565,562.5,0.000601504,0.00300752,44
565,570,567.5,0.000300752,0.00150376,22
570,575,572.5,0.000382775,0.00191388,28
575,580,577.5,0.000232399,0.001162,17
580,585,582.5,0.000382775,0.00191388,28
585,590,587.5,0.000328093,0.00164046,24
590,595,592.5,0.000355434,0.00177717,26
595,600,597.5,0.00025974,0.0012987,19
600,605,602.5,0.000314422,0.00157211,23
605,610,607.5,0.000437457,0.00218729,32
610,615,612.5,0.000437457,0.00218729,32
615,620,617.5,0.000300752,0.00150376,22
620,625,622.5,0.000519481,0.0025974,38
625,630,627.5,0.000328093,0.00164046,24
630,635,632.5,0.000410116,0.00205058,30
635,640,637.5,0.000314422,0.00157211,23
640,645,642.5,0.000451128,0.00225564,33
645,650,647.5,0.000355434,0.00177717,26
650,655,652.5,0.000437457,0.00218729,32
655,660,657.5,0.000314422,0.00157211,23
660,665,662.5,0.000273411,0.00136705,20
665,670,667.5,0.000287081,0.00143541,21
670,675,672.5,0.00602871,0.0301435,441
675,680,677.5,0.000314422,0.00157211,23
680,685,682.5,0.000328093,0.00164046,24
685,690,687.5,0.000410116,0.00205058,30
690,695,692.5,0.000369105,0.00184552,27
695,700,697.5,0.000355434,0.00177717,26
700,705,702.5,0.000314422,0.00157211,23
705,710,707.5,0.000328093,0.00164046,24
710,715,712.5,0.000273411,0.00136705,20
715,720,717.5,0.000369105,0.00184552,27
720,725,722.5,0.000191388,0.000956938,14
725,730,727.5,0.000451128,0.00225564,33
730,735,732.5,0.000355434,0.00177717,26
735,740,737.5,0.000355434,0.00177717,26
740,745,742.5,0.000287081,0.00143541,21
745,750,747.5,0.00025974,0.0012987,19
750,755,752.5,0.000355434,0.00177717,26
755,760,757.5,0.000355434,0.00177717,26
760,765,762.5,0.000300752,0.00150376,22
765,770,767.5,0.000314422,0.00157211,23
770,775,772.5,0.000314422,0.00157211,23
775,780,777.5,0.000382775,0.00191388,28
780,785,782.5,0.00154477,0.00772386,113
785,790,787.5,0.000396446,0.00198223,29
790,795,792.5,0.000136705,0.000683527,10
795,800,797.5,0.00025974,0.0012987,19
800,805,802.5,0.000177717,0.000888585,13
805,810,807.5,0.000205058,0.00102529,15
810,815,812.5,0.000123035,0.000615174,9
815,820,817.5,0.000191388,0.000956938,14
820,825,822.5,0.00025974,0.0012987,19
825,830,827.5,0.000191388,0.000956938,14
830,835,832.5,0.000273411,0.00136705,20
835,840,837.5,0.000177717,0.000888585,13
840,845,842.5,0.000273411,0.00136705,20
845,850,847.5,0.000164046,0.000820232,12
850,855,852.5,0.00025974,0.0012987,19
855,860,857.5,0.000300752,0.00150376,22
860,865,862.5,0.000273411,0.00136705,20
865,870,867.5,0.000451128,0.00225564,33
870,875,872.5,0.000218729,0.00109364,16
875,880,877.5,0.00025974,0.0012987,19
880,885,882.5,0.000273411,0.00136705,20
885,890,887.5,0.00025974,0.0012987,19
890,895,892.5,0.00136705,0.00683527,100
895,900,897.5,0.000396446,0.00198223,29
900,905,902.5,0.000205058,0.00102529,15
905,910,907.5,0.000136705,0.000683527,10
910,915,912.5,0.000164046,0.000820232,12
915,920,917.5,0.000177717,0.000888585,13
920,925,922.5,0.000218729,0.00109364,16
925,930,927.5,0.00025974,0.0012987,19
930,935,932.5,0.000205058,0.00102529,15
935,940,937.5,0.00024607,0.00123035,18
940,945,942.5,0.000218729,0.00109364,16
945,950,947.5,0.00025974,0.0012987,19
950,955,952.5,0.000191388,0.000956938,14
955,960,957.5,0.000328093,0.00164046,24
960,965,962.5,0.000300752,0.00150376,22
965,970,967.5,0.00024607,0.00123035,18
970,975,972.5,0.000164046,0.000820232,12
975,980,977.5,0.000287081,0.00143541,21
980,985,982.5,0.000355434,0.00177717,26
985,990,987.5,0.000287081,0.00143541,21
990,995,992.5,0.000341763,0.00170882,25
995,1000,997.5,0.000478469,0.00239234,35
1000,1005,1002.5,0.000341763,0.00170882,25
1005,1010,1007.5,0.000177717,0.000888585,13
1010,1015,1012.5,0.000287081,0.00143541,21
1015,1020,1017.5,0.000341763,0.00170882,25
1020,1025,1022.5,0.000273411,0.00136705,20
1025,1030,1027.5,0.000300752,0.00150376,22
1030,1035,1032.5,0.000232399,0.001162,17
1035,1040,1037.5,0.000218729,0.00109364,16
1040,1045,1042.5,0.000205058,0.00102529,15
1045,1050,1047.5,0.000218729,0.00109364,16
1050,1055,1052.5,0.000232399,0.001162,17
1055,1060,1057.5,0.000273411,0.00136705,20
1060,1065,1062.5,0.000205058,0.00102529,15
1065,1070,1067.5,0.000287081,0.00143541,21
1070,1075,1072.5,0.000177717,0.000888585,13
1075,1080,1077.5,0.000273411,0.00136705,20
1080,1085,1082.5,0.00025974,0.0012987,19
1085,1090,1087.5,0.000205058,0.00102529,15
1090,1095,1092.5,0.000314422,0.00157211,23
1095,1100,1097.5,0.000341763,0.00170882,25
1100,1105,1102.5,0.000218729,0.00109364,16
1105,1110,1107.5,0.000437457,0.00218729,32
1110,1115,1112.5,0.000314422,0.00157211,23
1115,1120,1117.5,0.00025974,0.0012987,19
1120,1125,1122.5,0.00024607,0.00123035,18
1125,1130,1127.5,0.00024607,0.00123035,18
1130,1135,1132.5,0.000232399,0.001162,17
1135,1140,1137.5,0.00025974,0.0012987,19
1140,1145,1142.5,0.000218729,0.00109364,16
1145,1150,1147.5,0.000164046,0.000820232,12
1150,1155,1152.5,0.000191388,0.000956938,14
1155,1160,1157.5,0.000287081,0.00143541,21
1160,1165,1162.5,0.000218729,0.00109364,16
1165,1170,1167.5,0.000164046,0.000820232,12
1170,1175,1172.5,0.000164046,0.000820232,12
1175,1180,1177.5,0.000355434,0.00177717,26
1180,1185,1182.5,0.00024607,0.00123035,18
1185,1190,1187.5,0.000273411,0.00136705,20
1190,1195,1192.5,0.00024607,0.00123035,18
1195,1200,1197.5,0.000232399,0.001162,17
1200,1205,1202.5,0.000396446,0.00198223,29
1205,1210,1207.5,0.00025974,0.0012987,19
1210,1215,1212.5,0.000205058,0.00102529,15
1215,1220,1217.5,0.000287081,0.00143541,21
1220,1225,1222.5,0.000300752,0.00150376,22
1225,1230,1227.5,0.000273411,0.00136705,20
1230,1235,1232.5,0.000218729,0.00109364,16
1235,1240,1237.5,0.000232399,0.001162,17
1240,1245,1242.5,0.000191388,0.000956938,14
1245,1250,1247.5,0.000191388,0.000956938,14
1250,1255,1252.5,0.000218729,0.00109364,16
1255,1260,1257.5,0.000191388,0.000956938,14
1260,1265,1262.5,0.000273411,0.00136705,20
1265,1270,1267.5,0.000205058,0.00102529,15
1270,1275,1272.5,0.00025974,0.0012987,19
1275,1280,1277.5,0.00025974,0.0012987,19
1280,1285,1282.5,0.000287081,0.00143541,21
1285,1290,1287.5,0.000300752,0.00150376,22
1290,1295,1292.5,0.000205058,0.00102529,15
1295,1300,1297.5,0.000218729,0.00109364,16
1300,1305,1302.5,0.000164046,0.000820232,12
1305,1310,1307.5,0.00024607,0.00123035,18
1310,1315,1312.5,0.000232399,0.001162,17
1315,1320,1317.5,0.000273411,0.00136705,20
1320,1325,1322.5,0.000410116,0.00205058,30
1325,1330,1327.5,0.000164046,0.000820232,12
1330,1335,1332.5,0.000164046,0.000820232,12
1335,1340,1337.5,0.000273411,0.00136705,20
1340,1345,1342.5,0.000273411,0.00136705,20
1345,1350,1347.5,0.000191388,0.000956938,14
1350,1355,1352.5,0.000150376,0.00075188,11
1355,1360,1357.5,0.000205058,0.00102529,15
1360,1365,1362.5,0.000150376,0.00075188,11
1365,1370,1367.5,0.00024607,0.00123035,18
1370,1375,1372.5,0.000218729,0.00109364,16
1375,1380,1377.5,0.000191388,0.000956938,14
1380,1385,1382.5,0.000136705,0.000683527,10
1385,1390,1387.5,0.00024607,0.00123035,18
1390,1395,1392.5,0.000287081,0.00143541,21
1395,1400,1397.5,0.00025974,0.0012987,19
1400,1405,1402.5,0.000273411,0.00136705,20
1405,1410,1407.5,0.00025974,0.0012987,19
1410,1415,1412.5,0.00025974,0.0012987,19
1415,1420,1417.5,0.000136705,0.000683527,10
1420,1425,1422.5,0.000191388,0.000956938,14
1425,1430,1427.5,0.000369105,0.00184552,27
1430,1435,1432.5,0.000287081,0.00143541,21
1435,1440,1437.5,0.000218729,0.00109364,16
1440,1445,1442.5,0.000177717,0.000888585,13
1445,1450,1447.5,0.00024607,0.00123035,18
1450,1455,1452.5,0.000273411,0.00136705,20
1455,1460,1457.5,9.56938e-05,0.000478469,7
1460,1465,1462.5,0.000150376,0.00075188,11
1465,1470,1467.5,0.000232399,0.001162,17
1470,1475,1472.5,0.000191388,0.000956938,14
1475,1480,1477.5,0.00025974,0.0012987,19
1480,1485,1482.5,0.000123035,0.000615174,9
1485,1490,1487.5,0.000287081,0.00143541,21
1490,1495,1492.5,0.000205058,0.00102529,15
1495,1500,1497.5,0.000164046,0.000820232,12
1500,1505,1502.5,0.000177717,0.000888585,13
1505,1510,1507.5,0.000136705,0.000683527,10
1510,1515,1512.5,0.00025974,0.0012987,19
1515,1520,1517.5,0.00024607,0.00123035,18
1520,1525,1522.5,0.00025974,0.0012987,19
1525,1530,1527.5,0.000177717,0.000888585,13
1530,1535,1532.5,0.000232399,0.001162,17
1535,1540,1537.5,0.000123035,0.000615174,9
1540,1545,1542.5,0.000136705,0.000683527,10
1545,1550,1547.5,0.000177717,0.000888585,13
1550,1555,1552.5,0.000232399,0.001162,17
1555,1560,1557.5,0.000191388,0.000956938,14
1560,1565,1562.5,0.000123035,0.000615174,9
1565,1570,1567.5,0.000218729,0.00109364,16
1570,1575,1572.5,0.000123035,0.000615174,9
1575,1580,1577.5,0.000218729,0.00109364,16
1580,1585,1582.5,0.000218729,0.00109364,16
1585,1590,1587.5,0.000218729,0.00109364,16
1590,1595,1592.5,0.000177717,0.000888585,13
1595,1600,1597.5,0.000191388,0.000956938,14
1600,1605,1602.5,0.000164046,0.000820232,12
1605,1610,1607.5,0.000123035,0.000615174,9
1610,1615,1612.5,0.000205058,0.00102529,15
1615,1620,1617.5,0.000232399,0.001162,17
1620,1625,1622.5,0.000273411,0.00136705,20
1625,1630,1627.5,0.000205058,0.00102529,15
1630,1635,1632.5,0.000191388,0.000956938,14
1635,1640,1637.5,0.000177717,0.000888585,13
1640,1645,1642.5,0.00025974,0.0012987,19
1645,1650,1647.5,0.00024607,0.00123035,18
1650,1655,1652.5,0.00024607,0.00123035,18
1655,1660,1657.5,0.000218729,0.00109364,16
1660,1665,1662.5,0.000205058,0.00102529,15
1665,1670,1667.5,0.000218729,0.00109364,16
1670,1675,1672.5,0.000273411,0.00136705,20
1675,1680,1677.5,0.000300752,0.00150376,22
1680,1685,1682.5,0.00024607,0.00123035,18
1685,1690,1687.5,0.000205058,0.00102529,15
1690,1695,1692.5,0.000164046,0.000820232,12
1695,1700,1697.5,0.00024607,0.00123035,18
1700,1705,1702.5,0.000164046,0.000820232,12
1705,1710,1707.5,0.000232399,0.001162,17
1710,1715,1712.5,0.000123035,0.000615174,9
1715,1720,1717.5,0.000232399,0.001162,17
1720,1725,1722.5,0.000191388,0.000956938,14
1725,1730,1727.5,0.000123035,0.000615174,9
1730,1735,1732.5,0.000150376,0.00075188,11
1735,1740,1737.5,0.00024607,0.00123035,18
1740,1745,1742.5,8.20232e-05,0.000410116,6
1745,1750,1747.5,0.000205058,0.00102529,15
1750,1755,1752.5,0.000205058,0.00102529,15
1755,1760,1757.5,0.000191388,0.000956938,14
1760,1765,1762.5,0.000191388,0.000956938,14
1765,1770,1767.5,0.00024607,0.00123035,18
1770,1775,1772.5,0.000177717,0.000888585,13
1775,1780,1777.5,0.00024607,0.00123035,18
1780,1785,1782.5,0.000150376,0.00075188,11
1785,1790,1787.5,0.000109364,0.000546822,8
1790,1795,1792.5,0.000218729,0.00109364,16
1795,1800,1797.5,0.000164046,0.000820232,12
1800,1805,1802.5,0.00024607,0.00123035,18
1805,1810,1807.5,0.000191388,0.000956938,14
1810,1815,1812.5,0.000205058,0.00102529,15
1815,1820,1817.5,0.000136705,0.000683527,10
1820,1825,1822.5,9.56938e-05,0.000478469,7
1825,1830,1827.5,0.000218729,0.00109364,16
1830,1835,1832.5,0.000123035,0.000615174,9
1835,1840,1837.5,0.000164046,0.000820232,12
1840,1845,1842.5,0.000109364,0.000546822,8
1845,1850,1847.5,0.000232399,0.001162,17
1850,1855,1852.5,0.000136705,0.000683527,10
1855,1860,1857.5,0.000177717,0.000888585,13
1860,1865,1862.5,0.000205058,0.00102529,15
1865,1870,1867.5,0.000191388,0.000956938,14
1870,1875,1872.5,0.000150376,0.00075188,11
1875,1880,1877.5,0.000150376,0.00075188,11
1880,1885,1882.5,0.000273411,0.00136705,20
1885,1890,1887.5,0.00025974,0.0012987,19
1890,1895,1892.5,0.000177717,0.000888585,13
1895,1900,1897.5,8.20232e-05,0.000410116,6
1900,1905,1902.5,0.000123035,0.000615174,9
1905,1910,1907.5,9.56938e-05,0.000478469,7
1910,1915,1912.5,0.000109364,0.000546822,8
1915,1920,1917.5,0.000123035,0.000615174,9
1920,1925,1922.5,0.000205058,0.00102529,15
1925,1930,1927.5,0.000150376,0.00075188,11
1930,1935,1932.5,0.000191388,0.000956938,14
1935,1940,1937.5,0.000109364,0.000546822,8
1940,1945,1942.5,0.000123035,0.000615174,9
1945,1950,1947.5,0.000136705,0.000683527,10
1950,1955,1952.5,0.000123035,0.000615174,9
1955,1960,1957.5,0.000150376,0.00075188,11
1960,1965,1962.5,0.000232399,0.001162,17
1965,1970,1967.5,0.000218729,0.00109364,16
1970,1975,1972.5,0.000123035,0.000615174,9
1975,1980,1977.5,0.000287081,0.00143541,21
1980,1985,1982.5,0.000136705,0.000683527,10
1985,1990,1987.5,0.000136705,0.000683527,10
1990,1995,1992.5,0.000164046,0.000820232,12
1995,2000,1997.5,0.000164046,0.000820232,12
2000,2005,2002.5,0.000232399,0.001162,17
2005,2010,2007.5,0.000191388,0.000956938,14
2010,2015,2012.5,0.000136705,0.000683527,10
2015,2020,2017.5,0.000123035,0.000615174,9
2020,2025,2022.5,0.000109364,0.000546822,8
2025,2030,2027.5,0.000123035,0.000615174,9
2030,2035,2032.5,0.000109364,0.000546822,8
2035,2040,2037.5,8.20232e-05,0.000410116,6
2040,2045,2042.5,8.20232e-05,0.000410116,6
2045,2050,2047.5,0.000109364,0.000546822,8
2050,2055,2052.5,0.000287081,0.00143541,21
2055,2060,2057.5,0.000136705,0.000683527,10
2060,2065,2062.5,0.000109364,0.000546822,8
2065,2070,2067.5,0.000232399,0.001162,17
2070,2075,2072.5,0.000136705,0.000683527,10
2075,2080,2077.5,0.000123035,0.000615174,9
2080,2085,2082.5,0.000136705,0.000683527,10
2085,2090,2087.5,0.000150376,0.00075188,11
2090,2095,2092.5,0.000136705,0.000683527,10
2095,2100,2097.5,6.83527e-05,0.000341763,5
2100,2105,2102.5,0.000191388,0.000956938,14
2105,2110,2107.5,9.56938e-05,0.000478469,7
2110,2115,2112.5,0.000191388,0.000956938,14
2115,2120,2117.5,9.56938e-05,0.000478469,7
2120,2125,2122.5,8.20232e-05,0.000410116,6
2125,2130,2127.5,0.000164046,0.000820232,12
2130,2135,2132.5,8.20232e-05,0.000410116,6
2135,2140,2137.5,0.000123035,0.000615174,9
2140,2145,2142.5,0.000109364,0.000546822,8
2145,2150,2147.5,0.000109364,0.000546822,8
2150,2155,2152.5,0.000136705,0.000683527,10
2155,2160,2157.5,0.000109364,0.000546822,8
2160,2165,2162.5,0.000218729,0.00109364,16
2165,2170,2167.5,0.000191388,0.000956938,14
2170,2175,2172.5,0.000136705,0.000683527,10
2175,2180,2177.5,0.000164046,0.000820232,12
2180,2185,2182.5,9.56938e-05,0.000478469,7
2185,2190,2187.5,0.000177717,0.000888585,13
2190,2195,2192.5,0.000150376,0.00075188,11
2195,2200,2197.5,0.000109364,0.000546822,8
2200,2205,2202.5,0.000177717,0.000888585,13
2205,2210,2207.5,0.000177717,0.000888585,13
2210,2215,2212.5,0.000191388,0.000956938,14
2215,2220,2217.5,6.83527e-05,0.000341763,5
2220,2225,2222.5,5.46822e-05,0.000273411,4
2225,2230,2227.5,0.000123035,0.000615174,9
2230,2235,2232.5,0.000109364,0.000546822,8
2235,2240,2237.5,0.000109364,0.000546822,8
2240,2245,2242.5,0.000150376,0.00075188,11
2245,2250,2247.5,0.000150376,0.00075188,11
2250,2255,2252.5,0.000123035,0.000615174,9
2255,2260,2257.5,0.000164046,0.000820232,12
2260,2265,2262.5,0.000191388,0.000956938,14
2265,2270,2267.5,0.000123035,0.000615174,9
2270,2275,2272.5,0.000123035,0.000615174,9
2275,2280,2277.5,0.000150376,0.00075188,11
2280,2285,2282.5,0.000123035,0.000615174,9
2285,2290,2287.5,0.000191388,0.000956938,14
2290,2295,2292.5,0.000218729,0.00109364,16
2295,2300,2297.5,0.000136705,0.000683527,10
2300,2305,2302.5,0.000109364,0.000546822,8
2305,2310,2307.5,0.000136705,0.000683527,10
2310,2315,2312.5,8.20232e-05,0.000410116,6
2315,2320,2317.5,0.000123035,0.000615174,9
2320,2325,2322.5,0.000150376,0.00075188,11
2325,2330,2327.5,0.000218729,0.00109364,16
2330,2335,2332.5,0.000123035,0.000615174,9
2335,2340,2337.5,0.000123035,0.000615174,9
2340,2345,2342.5,0.000164046,0.000820232,12
2345,2350,2347.5,0.000123035,0.000615174,9
2350,2355,2352.5,9.56938e-05,0.000478469,7
2355,2360,2357.5,8.20232e-05,0.000410116,6
2360,2365,2362.5,0.000136705,0.000683527,10
2365,2370,2367.5,0.000150376,0.00075188,11
2370,2375,2372.5,9.56938e-05,0.000478469,7
2375,2380,2377.5,0.000150376,0.00075188,11
2380,2385,2382.5,6.83527e-05,0.000341763,5
2385,2390,2387.5,0.000232399,0.001162,17
2390,2395,2392.5,0.000164046,0.000820232,12
2395,2400,2397.5,0.000109364,0.000546822,8
2400,2405,2402.5,0.000150376,0.00075188,11
2405,2410,2407.5,6.83527e-05,0.000341763,5
2410,2415,2412.5,0.000109364,0.000546822,8
2415,2420,2417.5,0.000123035,0.000615174,9
2420,2425,2422.5,0.000123035,0.000615174,9
2425,2430,2427.5,0.000109364,0.000546822,8
2430,2435,2432.5,0.000177717,0.000888585,13
2435,2440,2437.5,0.000191388,0.000956938,14
2440,2445,2442.5,0.000109364,0.000546822,8
2445,2450,2447.5,0.000109364,0.000546822,8
2450,2455,2452.5,9.56938e-05,0.000478469,7
2455,2460,2457.5,6.83527e-05,0.000341763,5
2460,2465,2462.5,0.000150376,0.00075188,11
2465,2470,2467.5,0.000205058,0.00102529,15
2470,2475,2472.5,6.83527e-05,0.000341763,5
2475,2480,2477.5,0.000136705,0.000683527,10
2480,2485,2482.5,0.000164046,0.000820232,12
2485,2490,2487.5,0.000164046,0.000820232,12
2490,2495,2492.5,0.000136705,0.000683527,10
2495,2500,2497.5,0.000123035,0.000615174,9
2500,2505,2502.5,0.000177717,0.000888585,13
2505,2510,2507.5,0.000150376,0.00075188,11
2510,2515,2512.5,0.000150376,0.00075188,11
2515,2520,2517.5,0.000177717,0.000888585,13
2520,2525,2522.5,9.56938e-05,0.000478469,7
2525,2530,2527.5,0.000150376,0.00075188,11
2530,2535,2532.5,0.000109364,0.000546822,8
2535,2540,2537.5,0.000123035,0.000615174,9
2540,2545,2542.5,0.000136705,0.000683527,10
2545,2550,2547.5,0.000136705,0.000683527,10
2550,2555,2552.5,9.56938e-05,0.000478469,7
2555,2560,2557.5,0.000136705,0.000683527,10
2560,2565,2562.5,0.000164046,0.000820232,12
2565,2570,2567.5,0.000123035,0.000615174,9
2570,2575,2572.5,0.000218729,0.00109364,16
2575,2580,2577.5,9.56938e-05,0.000478469,7
2580,2585,2582.5,8.20232e-05,0.000410116,6
2585,2590,2587.5,9.56938e-05,0.000478469,7
2590,2595,2592.5,9.56938e-05,0.000478469,7
2595,2600,2597.5,8.20232e-05,0.000410116,6
2600,2605,2602.5,0.000150376,0.00075188,11
2605,2610,2607.5,0.000136705,0.000683527,10
2610,2615,2612.5,0.000123035,0.000615174,9
2615,2620,2617.5,6.83527e-05,0.000341763,5
2620,2625,2622.5,0.000164046,0.000820232,12
2625,2630,2627.5,0.000136705,0.000683527,10
2630,2635,2632.5,0.000123035,0.000615174,9
2635,2640,2637.5,9.56938e-05,0.000478469,7
2640,2645,2642.5,9.56938e-05,0.000478469,7
2645,2650,2647.5,0.000205058,0.00102529,15
2650,2655,2652.5,9.56938e-05,0.000478469,7
2655,2660,2657.5,6.83527e-05,0.000341763,5
2660,2665,2662.5,9.56938e-05,0.000478469,7
2665,2670,2667.5,0.000123035,0.000615174,9
2670,2675,2672.5,6.83527e-05,0.000341763,5
2675,2680,2677.5,0.000177717,0.000888585,13
2680,2685,2682.5,0.000177717,0.000888585,13
2685,2690,2687.5,8.20232e-05,0.000410116,6
2690,2695,2692.5,0.000109364,0.000546822,8
2695,2700,2697.5,8.20232e-05,0.000410116,6
2700,2705,2702.5,9.56938e-05,0.000478469,7
2705,2710,2707.5,0.000150376,0.00075188,11
2710,2715,2712.5,9.56938e-05,0.000478469,7
2715,2720,2717.5,9.56938e-05,0.000478469,7
2720,2725,2722.5,0.000136705,0.000683527,10
2725,2730,2727.5,0.000191388,0.000956938,14
2730,2735,2732.5,0.000109364,0.000546822,8
2735,2740,2737.5,0.000109364,0.000546822,8
2740,2745,2742.5,0.000136705,0.000683527,10
2745,2750,2747.5,0.000123035,0.000615174,9
2750,2755,2752.5,0.000136705,0.000683527,10
2755,2760,2757.5,5.46822e-05,0.000273411,4
2760,2765,2762.5,8.20232e-05,0.000410116,6
2765,2770,2767.5,5.46822e-05,0.000273411,4
2770,2775,2772.5,0.000123035,0.000615174,9
2775,2780,2777.5,6.83527e-05,0.000341763,5
2780,2785,2782.5,5.46822e-05,0.000273411,4
2785,2790,2787.5,0.000136705,0.000683527,10
2790,2795,2792.5,0.000123035,0.000615174,9
2795,2800,2797.5,0.000123035,0.000615174,9
2800,2805,2802.5,9.56938e-05,0.000478469,7
2805,2810,2807.5,0.000164046,0.000820232,12
2810,2815,2812.5,0.000109364,0.000546822,8
2815,2820,2817.5,0.000109364,0.000546822,8
2820,2825,2822.5,9.56938e-05,0.000478469,7
2825,2830,2827.5,9.56938e-05,0.000478469,7
2830,2835,2832.5,9.56938e-05,0.000478469,7
2835,2840,2837.5,9.56938e-05,0.000478469,7
2840,2845,2842.5,9.56938e-05,0.000478469,7
2845,2850,2847.5,0.000191388,0.000956938,14
2850,2855,2852.5,0.000177717,0.000888585,13
2855,2860,2857.5,8.20232e-05,0.000410116,6
2860,2865,2862.5,0.000123035,0.000615174,9
2865,2870,2867.5,0.000109364,0.000546822,8
2870,2875,2872.5,9.56938e-05,0.000478469,7
2875,2880,2877.5,8.20232e-05,0.000410116,6
2880,2885,2882.5,0.000136705,0.000683527,10
2885,2890,2887.5,8.20232e-05,0.000410116,6
2890,2895,2892.5,8.20232e-05,0.000410116,6
2895,2900,2897.5,0.000150376,0.00075188,11
2900,2905,2902.5,0.000164046,0.000820232,12
2905,2910,2907.5,6.83527e-05,0.000341763,5
2910,2915,2912.5,0.000109364,0.000546822,8
2915,2920,2917.5,0.000109364,0.000546822,8
2920,2925,2922.5,6.83527e-05,0.000341763,5
2925,2930,2927.5,8.20232e-05,0.000410116,6
2930,2935,2932.5,6.83527e-05,0.000341763,5
2935,2940,2937.5,6.83527e-05,0.000341763,5
2940,2945,2942.5,0.000136705,0.000683527,10
2945,2950,2947.5,0.000164046,0.000820232,12
2950,2955,2952.5,2.73411e-05,0.000136705,2
2955,2960,2957.5,8.20232e-05,0.000410116,6
2960,2965,2962.5,0.000164046,0.000820232,12
2965,2970,2967.5,8.20232e-05,0.000410116,6
2970,2975,2972.5,8.20232e-05,0.000410116,6
2975,2980,2977.5,0.000109364,0.000546822,8
2980,2985,2982.5,8.20232e-05,0.000410116,6
2985,2990,2987.5,0.000150376,0.00075188,11
2990,2995,2992.5,0.000136705,0.000683527,10
2995,3000,2997.5,6.83527e-05,0.000341763,5
3000,3005,3002.5,0.000205058,0.00102529,15
3005,3010,3007.5,8.20232e-05,0.000410116,6
3010,3015,3012.5,0.000123035,0.000615174,9
3015,3020,3017.5,0.000109364,0.000546822,8
3020,3025,3022.5,8.20232e-05,0.000410116,6
3025,3030,3027.5,0.000164046,0.000820232,12
3030,3035,3032.5,0.000164046,0.000820232,12
3035,3040,3037.5,8.20232e-05,0.000410116,6
3040,3045,3042.5,0.000150376,0.00075188,11
3045,3050,3047.5,9.56938e-05,0.000478469,7
3050,3055,3052.5,0.000109364,0.000546822,8
3055,3060,3057.5,0.000150376,0.00075188,11
3060,3065,3062.5,8.20232e-05,0.000410116,6
3065,3070,3067.5,9.56938e-05,0.000478469,7
3070,3075,3072.5,5.46822e-05,0.000273411,4
3075,3080,3077.5,5.46822e-05,0.000273411,4
3080,3085,3082.5,0.000150376,0.00075188,11
3085,3090,3087.5,0.000109364,0.000546822,8
3090,3095,3092.5,0.000109364,0.000546822,8
3095,3100,3097.5,0.000136705,0.000683527,10
3100,3105,3102.5,0.000150376,0.00075188,11
3105,3110,3107.5,4.10116e-05,0.000205058,3
3110,3115,3112.5,9.56938e-05,0.000478469,7
3115,3120,3117.5,0.000150376,0.00075188,11
3120,3125,3122.5,0.000109364,0.000546822,8
3125,3130,3127.5,0.000164046,0.000820232,12
3130,3135,3132.5,0.000150376,0.00075188,11
3135,3140,3137.5,0.000123035,0.000615174,9
3140,3145,3142.5,0.000150376,0.00075188,11
3145,3150,3147.5,0.000123035,0.000615174,9
3150,3155,3152.5,0.000123035,0.000615174,9
3155,3160,3157.5,6.83527e-05,0.000341763,5
3160,3165,3162.5,4.10116e-05,0.000205058,3
3165,3170,3167.5,0.000123035,0.000615174,9
3170,3175,3172.5,8.20232e-05,0.000410116,6
3175,3180,3177.5,0.000136705,0.000683527,10
3180,3185,3182.5,0.000177717,0.000888585,13
3185,3190,3187.5,5.46822e-05,0.000273411,4
3190,3195,3192.5,0.000136705,0.000683527,10
3195,3200,3197.5,8.20232e-05,0.000410116,6
3200,3205,3202.5,0.000123035,0.000615174,9
3205,3210,3207.5,5.46822e-05,0.000273411,4
3210,3215,3212.5,9.56938e-05,0.000478469,7
3215,3220,3217.5,9.56938e-05,0.000478469,7
3220,3225,3222.5,6.83527e-05,0.000341763,5
3225,3230,3227.5,0.000164046,0.000820232,12
3230,3235,3232.5,8.20232e-05,0.000410116,6
3235,3240,3237.5,0.000136705,0.000683527,10
3240,3245,3242.5,6.83527e-05,0.000341763,5
3245,3250,3247.5,9.56938e-05,0.000478469,7
3250,3255,3252.5,0.000123035,0.000615174,9
3255,3260,3257.5,0.000123035,0.000615174,9
3260,3265,3262.5,8.20232e-05,0.000410116,6
3265,3270,3267.5,9.56938e-05,0.000478469,7
3270,3275,3272.5,0.000136705,0.000683527,10
3275,3280,3277.5,0.000123035,0.000615174,9
3280,3285,3282.5,0.000150376,0.00075188,11
3285,3290,3287.5,0.000123035,0.000615174,9
3290,3295,3292.5,4.10116e-05,0.000205058,3
3295,3300,3297.5,8.20232e-05,0.000410116,6
3300,3305,3302.5,0.000164046,0.000820232,12
3305,3310,3307.5,8.20232e-05,0.000410116,6
3310,3315,3312.5,9.56938e-05,0.000478469,7
3315,3320,3317.5,9.56938e-05,0.000478469,7
3320,3325,3322.5,9.56938e-05,0.000478469,7
3325,3330,3327.5,0.000177717,0.000888585,13
3330,3335,3332.5,4.10116e-05,0.000205058,3
3335,3340,3337.5,8.20232e-05,0.000410116,6
3340,3345,3342.5,8.20232e-05,0.000410116,6
3345,3350,3347.5,0.000109364,0.000546822,8
3350,3355,3352.5,9.56938e-05,0.000478469,7
3355,3360,3357.5,9.56938e-05,0.000478469,7
3360,3365,3362.5,9.56938e-05,0.000478469,7
3365,3370,3367.5,0.000109364,0.000546822,8
3370,3375,3372.5,4.10116e-05,0.000205058,3
3375,3380,3377.5,0.000177717,0.000888585,13
3380,3385,3382.5,0.000164046,0.000820232,12
3385,3390,3387.5,9.56938e-05,0.000478469,7
3390,3395,3392.5,8.20232e-05,0.000410116,6
3395,3400,3397.5,6.83527e-05,0.000341763,5
3400,3405,3402.5,5.46822e-05,0.000273411,4
3405,3410,3407.5,9.56938e-05,0.000478469,7
3410,3415,3412.5,0.000136705,0.000683527,10
3415,3420,3417.5,0.000150376,0.00075188,11
3420,3425,3422.5,9.56938e-05,0.000478469,7
3425,3430,3427.5,0.000177717,0.000888585,13
3430,3435,3432.5,9.56938e-05,0.000478469,7
3435,3440,3437.5,0.000164046,0.000820232,12
3440,3445,3442.5,0.000191388,0.000956938,14
3445,3450,3447.5,6.83527e-05,0.000341763,5
3450,3455,3452.5,4.10116e-05,0.000205058,3
3455,3460,3457.5,5.46822e-05,0.000273411,4
3460,3465,3462.5,0.000164046,0.000820232,12
3465,3470,3467.5,5.46822e-05,0.000273411,4
3470,3475,3472.5,0.000123035,0.000615174,9
3475,3480,3477.5,9.56938e-05,0.000478469,7
3480,3485,3482.5,0.000123035,0.000615174,9
3485,3490,3487.5,0.000123035,0.000615174,9
3490,3495,3492.5,9.56938e-05,0.000478469,7
3495,3500,3497.5,6.83527e-05,0.000341763,5
3500,3505,3502.5,0.000136705,0.000683527,10
3505,3510,3507.5,9.56938e-05,0.000478469,7
3510,3515,3512.5,4.10116e-05,0.000205058,3
3515,3520,3517.5,8.20232e-05,0.000410116,6
3520,3525,3522.5,0.000150376,0.00075188,11
3525,3530,3527.5,5.46822e-05,0.000273411,4
3530,3535,3532.5,4.10116e-05,0.000205058,3
3535,3540,3537.5,6.83527e-05,0.000341763,5
3540,3545,3542.5,5.46822e-05,0.000273411,4
3545,3550,3547.5,9.56938e-05,0.000478469,7
3550,3555,3552.5,8.20232e-05,0.000410116,6
3555,3560,3557.5,9.56938e-05,0.000478469,7
3560,3565,3562.5,5.46822e-05,0.000273411,4
3565,3570,3567.5,0.000123035,0.000615174,9
3570,3575,3572.5,8.20232e-05,0.000410116,6
3575,3580,3577.5,2.73411e-05,0.000136705,2
3580,3585,3582.5,9.56938e-05,0.000478469,7
3585,3590,3587.5,0.000123035,0.000615174,9
3590,3595,3592.5,0.000164046,0.000820232,12
3595,3600,3597.5,6.83527e-05,0.000341763,5
3600,3605,3602.5,0.000109364,0.000546822,8
3605,3610,3607.5,8.20232e-05,0.000410116,6
3610,3615,3612.5,9.56938e-05,0.000478469,7
3615,3620,3617.5,0.000177717,0.000888585,13
3620,3625,3622.5,0.000123035,0.000615174,9
3625,3630,3627.5,0.000109364,0.000546822,8
3630,3635,3632.5,0.000109364,0.000546822,8
3635,3640,3637.5,6.83527e-05,0.000341763,5
3640,3645,3642.5,0.000109364,0.000546822,8
3645,3650,3647.5,8.20232e-05,0.000410116,6
3650,3655,3652.5,0.000123035,0.000615174,9
3655,3660,3657.5,9.56938e-05,0.000478469,7
3660,3665,3662.5,9.56938e-05,0.000478469,7
3665,3670,3667.5,9.56938e-05,0.000478469,7
3670,3675,3672.5,0.000109364,0.000546822,8
3675,3680,3677.5,6.83527e-05,0.000341763,5
3680,3685,3682.5,9.56938e-05,0.000478469,7
3685,3690,3687.5,0.000109364,0.000546822,8
3690,3695,3692.5,9.56938e-05,0.000478469,7
3695,3700,3697.5,9.56938e-05,0.000478469,7
3700,3705,3702.5,2.73411e-05,0.000136705,2
3705,3710,3707.5,8.20232e-05,0.000410116,6
3710,3715,3712.5,0.000109364,0.000546822,8
3715,3720,3717.5,0.000123035,0.000615174,9
3720,3725,3722.5,0.000109364,0.000546822,8
3725,3730,3727.5,4.10116e-05,0.000205058,3
3730,3735,3732.5,9.56938e-05,0.000478469,7
3735,3740,3737.5,0.000136705,0.000683527,10
3740,3745,3742.5,6.83527e-05,0.000341763,5
3745,3750,3747.5,6.83527e-05,0.000341763,5
3750,3755,3752.5,6.83527e-05,0.000341763,5
3755,3760,3757.5,4.10116e-05,0.000205058,3
3760,3765,3762.5,5.46822e-05,0.000273411,4
3765,3770,3767.5,0.000109364,0.000546822,8
3770,3775,3772.5,0.000109364,0.000546822,8
3775,3780,3777.5,2.73411e-05,0.000136705,2
3780,3785,3782.5,8.20232e-05,0.000410116,6
3785,3790,3787.5,6.83527e-05,0.000341763,5
3790,3795,3792.5,8.20232e-05,0.000410116,6
3795,3800,3797.5,0.000109364,0.000546822,8
3800,3805,3802.5,5.46822e-05,0.000273411,4
3805,3810,3807.5,8.20232e-05,0.000410116,6
3810,3815,3812.5,0.000150376,0.00075188,11
3815,3820,3817.5,6.83527e-05,0.000341763,5
3820,3825,3822.5,9.56938e-05,0.000478469,7
3825,3830,3827.5,0.000109364,0.000546822,8
3830,3835,3832.5,0.000123035,0.000615174,9
3835,3840,3837.5,0.000109364,0.000546822,8
3840,3845,3842.5,9.56938e-05,0.000478469,7
3845,3850,3847.5,5.46822e-05,0.000273411,4
3850,3855,3852.5,0.000123035,0.000615174,9
3855,3860,3857.5,0.000109364,0.000546822,8
3860,3865,3862.5,4.10116e-05,0.000205058,3
3865,3870,3867.5,6.83527e-05,0.000341763,5
3870,3875,3872.5,9.56938e-05,0.000478469,7
3875,3880,3877.5,0.000136705,0.000683527,10
3880,3885,3882.5,8.20232e-05,0.000410116,6
3885,3890,3887.5,0.000164046,0.000820232,12
3890,3895,3892.5,0.000109364,0.000546822,8
3895,3900,3897.5,6.83527e-05,0.000341763,5
3900,3905,3902.5,0.000123035,0.000615174,9
3905,3910,3907.5,8.20232e-05,0.000410116,6
3910,3915,3912.5,0.000150376,0.00075188,11
3915,3920,3917.5,6.83527e-05,0.000341763,5
3920,3925,3922.5,0.000123035,0.000615174,9
3925,3930,3927.5,9.56938e-05,0.000478469,7
3930,3935,3932.5,0.000150376,0.00075188,11
3935,3940,3937.5,8.20232e-05,0.000410116,6
3940,3945,3942.5,9.56938e-05,0.000478469,7
3945,3950,3947.5,8.20232e-05,0.000410116,6
3950,3955,3952.5,5.46822e-05,0.000273411,4
3955,3960,3957.5,0.000109364,0.000546822,8
3960,3965,3962.5,8.20232e-05,0.000410116,6
3965,3970,3967.5,5.46822e-05,0.000273411,4
3970,3975,3972.5,0.000136705,0.000683527,10
3975,3980,3977.5,8.20232e-05,0.000410116,6
3980,3985,3982.5,5.46822e-05,0.000273411,4
3985,3990,3987.5,0.000123035,0.000615174,9
3990,3995,3992.5,0.000164046,0.000820232,12
3995,4000,3997.5,0.000164046,0.000820232,12
4000,4005,4002.5,6.83527e-05,0.000341763,5
4005,4010,4007.5,0.000136705,0.000683527,10
4010,4015,4012.5,0.000109364,0.000546822,8
4015,4020,4017.5,9.56938e-05,0.000478469,7
4020,4025,4022.5,0.000109364,0.000546822,8
4025,4030,4027.5,5.46822e-05,0.000273411,4
4030,4035,4032.5,8.20232e-05,0.000410116,6
4035,4040,4037.5,6.83527e-05,0.000341763,5
4040,4045,4042.5,5.46822e-05,0.000273411,4
4045,4050,4047.5,0.000109364,0.000546822,8
4050,4055,4052.5,9.56938e-05,0.000478469,7
4055,4060,4057.5,8.20232e-05,0.000410116,6
4060,4065,4062.5,8.20232e-05,0.000410116,6
4065,4070,4067.5,1.36705e-05,6.83527e-05,1
4070,4075,4072.5,0.000150376,0.00075188,11
4075,4080,4077.5,0.000150376,0.00075188,11
4080,4085,4082.5,5.46822e-05,0.000273411,4
4085,4090,4087.5,6.83527e-05,0.000341763,5
4090,4095,4092.5,8.20232e-05,0.000410116,6
4095,4100,4097.5,5.46822e-05,0.000273411,4
4100,4105,4102.5,6.83527e-05,0.000341763,5
4105,4110,4107.5,5.46822e-05,0.000273411,4
4110,4115,4112.5,0.000136705,0.000683527,10
4115,4120,4117.5,8.20232e-05,0.000410116,6
4120,4125,4122.5,0.000123035,0.000615174,9
4125,4130,4127.5,0.000123035,0.000615174,9
4130,4135,4132.5,6.83527e-05,0.000341763,5
4135,4140,4137.5,6.83527e-05,0.000341763,5
4140,4145,4142.5,5.46822e-05,0.000273411,4
4145,4150,4147.5,5.46822e-05,0.000273411,4
4150,4155,4152.5,2.73411e-05,0.000136705,2
4155,4160,4157.5,6.83527e-05,0.000341763,5
4160,4165,4162.5,0.000123035,0.000615174,9
4165,4170,4167.5,8.20232e-05,0.000410116,6
4170,4175,4172.5,0.000164046,0.000820232,12
4175,4180,4177.5,5.46822e-05,0.000273411,4
4180,4185,4182.5,0.000136705,0.000683527,10
4185,4190,4187.5,0.000109364,0.000546822,8
4190,4195,4192.5,6.83527e-05,0.000341763,5
4195,4200,4197.5,0.000123035,0.000615174,9
4200,4205,4202.5,4.10116e-05,0.000205058,3
4205,4210,4207.5,6.83527e-05,0.000341763,5
4210,4215,4212.5,0.000150376,0.00075188,11
4215,4220,4217.5,0.000123035,0.000615174,9
4220,4225,4222.5,8.20232e-05,0.000410116,6
4225,4230,4227.5,0.000109364,0.000546822,8
4230,4235,4232.5,5.46822e-05,0.000273411,4
4235,4240,4237.5,5.46822e-05,0.000273411,4
4240,4245,4242.5,9.56938e-05,0.000478469,7
4245,4250,4247.5,0.000123035,0.000615174,9
4250,4255,4252.5,6.83527e-05,0.000341763,5
4255,4260,4257.5,4.10116e-05,0.000205058,3
4260,4265,4262.5,9.56938e-05,0.000478469,7
4265,4270,4267.5,6.83527e-05,0.000341763,5
4270,4275,4272.5,9.56938e-05,0.000478469,7
4275,4280,4277.5,5.46822e-05,0.000273411,4
4280,4285,4282.5,0.000150376,0.00075188,11
4285,4290,4287.5,0.000136705,0.000683527,10
4290,4295,4292.5,6.83527e-05,0.000341763,5
4295,4300,4297.5,2.73411e-05,0.000136705,2
4300,4305,4302.5,5.46822e-05,0.000273411,4
4305,4310,4307.5,0.000109364,0.000546822,8
4310,4315,4312.5,5.46822e-05,0.000273411,4
4315,4320,4317.5,6.83527e-05,0.000341763,5
4320,4325,4322.5,0.000123035,0.000615174,9
4325,4330,4327.5,2.73411e-05,0.000136705,2
4330,4335,4332.5,9.56938e-05,0.000478469,7
4335,4340,4337.5,0.000123035,0.000615174,9
4340,4345,4342.5,9.56938e-05,0.000478469,7
4345,4350,4347.5,4.10116e-05,0.000205058,3
4350,4355,4352.5,1.36705e-05,6.83527e-05,1
4355,4360,4357.5,4.10116e-05,0.000205058,3
4360,4365,4362.5,4.10116e-05,0.000205058,3
4365,4370,4367.5,4.10116e-05,0.000205058,3
4370,4375,4372.5,5.46822e-05,0.000273411,4
4375,4380,4377.5,4.10116e-05,0.000205058,3
4380,4385,4382.5,2.73411e-05,0.000136705,2
4385,4390,4387.5,4.10116e-05,0.000205058,3
4390,4395,4392.5,1.36705e-05,6.83527e-05,1
4400,4405,4402.5,4.10116e-05,0.000205058,3
4405,4410,4407.5,6.83527e-05,0.000341763,5
4410,4415,4412.5,9.56938e-05,0.000478469,7
4415,4420,4417.5,2.73411e-05,0.000136705,2
4420,4425,4422.5,4.10116e-05,0.000205058,3
4425,4430,4427.5,2.73411e-05,0.000136705,2
4430,4435,4432.5,4.10116e-05,0.000205058,3
4435,4440,4437.5,4.10116e-05,0.000205058,3
4440,4445,4442.5,2.73411e-05,0.000136705,2
4445,4450,4447.5,1.36705e-05,6.83527e-05,1
4450,4455,4452.5,4.10116e-05,0.000205058,3
4455,4460,4457.5,8.20232e-05,0.000410116,6
4460,4465,4462.5,0.000136705,0.000683527,10
4465,4470,4467.5,1.36705e-05,6.83527e-05,1
4470,4475,4472.5,2.73411e-05,0.000136705,2
4475,4480,4477.5,1.36705e-05,6.83527e-05,1
4480,4485,4482.5,4.10116e-05,0.000205058,3
4485,4490,4487.5,5.46822e-05,0.000273411,4
4490,4495,4492.5,5.46822e-05,0.000273411,4
4495,4500,4497.5,4.10116e-05,0.000205058,3
4500,4505,4502.5,5.46822e-05,0.000273411,4
4505,4510,4507.5,6.83527e-05,0.000341763,5
4510,4515,4512.5,1.36705e-05,6.83527e-05,1
4515,4520,4517.5,4.10116e-05,0.000205058,3
4520,4525,4522.5,8.20232e-05,0.000410116,6
4525,4530,4527.5,4.10116e-05,0.000205058,3
4530,4535,4532.5,5.46822e-05,0.000273411,4
4535,4540,4537.5,2.73411e-05,0.000136705,2
4540,4545,4542.5,2.73411e-05,0.000136705,2
4545,4550,4547.5,4.10116e-05,0.000205058,3
4550,4555,4552.5,4.10116e-05,0.000205058,3
4555,4560,4557.5,4.10116e-05,0.000205058,3
4560,4565,4562.5,1.36705e-05,6.83527e-05,1
4565,4570,4567.5,4.10116e-05,0.000205058,3
4570,4575,4572.5,1.36705e-05,6.83527e-05,1
4580,4585,4582.5,2.73411e-05,0.000136705,2
4585,4590,4587.5,4.10116e-05,0.000205058,3
4590,4595,4592.5,4.10116e-05,0.000205058,3
4600,4605,4602.5,2.73411e-05,0.000136705,2
4605,4610,4607.5,5.46822e-05,0.000273411,4
4610,4615,4612.5,2.73411e-05,0.000136705,2
4615,4620,4617.5,5.46822e-05,0.000273411,4
4620,4625,4622.5,2.73411e-05,0.000136705,2
4630,4635,4632.5,1.36705e-05,6.83527e-05,1
4635,4640,4637.5,4.10116e-05,0.000205058,3
4640,4645,4642.5,4.10116e-05,0.000205058,3
4645,4650,4647.5,2.73411e-05,0.000136705,2
4650,4655,4652.5,1.36705e-05,6.83527e-05,1
4655,4660,4657.5,2.73411e-05,0.000136705,2
4660,4665,4662.5,4.10116e-05,0.000205058,3
4670,4675,4672.5,2.73411e-05,0.000136705,2
4675,4680,4677.5,1.36705e-05,6.83527e-05,1
4680,4685,4682.5,4.10116e-05,0.000205058,3
4685,4690,4687.5,4.10116e-05,0.000205058,3
4690,4695,4692.5,1.36705e-05,6.83527e-05,1
4700,4705,4702.5,1.36705e-05,6.83527e-05,1
4705,4710,4707.5,1.36705e-05,6.83527e-05,1
4710,4715,4712.5,2.73411e-05,0.000136705,2
4715,4720,4717.5,1.36705e-05,6.83527e-05,1
4720,4725,4722.5,5.46822e-05,0.000273411,4
4725,4730,4727.5,4.10116e-05,0.000205058,3
4730,4735,4732.5,4.10116e-05,0.000205058,3
4735,4740,4737.5,4.10116e-05,0.000205058,3
4745,4750,4747.5,2.73411e-05,0.000136705,2
4750,4755,4752.5,2.73411e-05,0.000136705,2
4755,4760,4757.5,4.10116e-05,0.000205058,3
4760,4765,4762.5,5.46822e-05,0.000273411,4
4770,4775,4772.5,2.73411e-05,0.000136705,2
4775,4780,4777.5,4.10116e-05,0.000205058,3
4780,4785,4782.5,1.36705e-05,6.83527e-05,1
4790,4795,4792.5,1.36705e-05,6.83527e-05,1
4795,4800,4797.5,1.36705e-05,6.83527e-05,1
4800,4805,4802.5,2.73411e-05,0.000136705,2
4805,4810,4807.5,1.36705e-05,6.83527e-05,1
4815,4820,4817.5,4.10116e-05,0.000205058,3
4825,4830,4827.5,4.10116e-05,0.000205058,3
4830,4835,4832.5,4.10116e-05,0.000205058,3
4835,4840,4837.5,2.73411e-05,0.000136705,2
4840,4845,4842.5,2.73411e-05,0.000136705,2
4845,4850,4847.5,2.73411e-05,0.000136705,2
4850,4855,4852.5,5.46822e-05,0.000273411,4
4855,4860,4857.5,2.73411e-05,0.000136705,2
4860,4865,4862.5,8.20232e-05,0.000410116,6
4870,4875,4872.5,2.73411e-05,0.000136705,2
4875,4880,4877.5,6.83527e-05,0.000341763,5
4880,4885,4882.5,4.10116e-05,0.000205058,3
4885,4890,4887.5,6.83527e-05,0.000341763,5
4890,4895,4892.5,2.73411e-05,0.000136705,2
4895,4900,4897.5,1.36705e-05,6.83527e-05,1
4900,4905,4902.5,4.10116e-05,0.000205058,3
4905,4910,4907.5,2.73411e-05,0.000136705,2
4910,4915,4912.5,5.46822e-05,0.000273411,4
4915,4920,4917.5,5.46822e-05,0.000273411,4
4920,4925,4922.5,2.73411e-05,0.000136705,2
4925,4930,4927.5,1.36705e-05,6.83527e-05,1
4930,4935,4932.5,5.46822e-05,0.000273411,4
4935,4940,4937.5,1.36705e-05,6.83527e-05,1
4945,4950,4947.5,1.36705e-05,6.83527e-05,1
4950,4955,4952.5,1.36705e-05,6.83527e-05,1
4955,4960,4957.5,2.73411e-05,0.000136705,2
4965,4970,4967.5,2.73411e-05,0.000136705,2
4975,4980,4977.5,5.46822e-05,0.000273411,4
4980,4985,4982.5,2.73411e-05,0.000136705,2
4985,4990,4987.5,2.73411e-05,0.000136705,2
4990,4995,4992.5,4.10116e-05,0.000205058,3
4995,5000,4997.5,4.10116e-05,0.000205058,3
5005,5010,5007.5,1.36705e-05,6.83527e-05,1
5010,5015,5012.5,2.73411e-05,0.000136705,2
5015,5020,5017.5,2.73411e-05,0.000136705,2
5020,5025,5022.5,1.36705e-05,6.83527e-05,1
5025,5030,5027.5,1.36705e-05,6.83527e-05,1
5030,5035,5032.5,2.73411e-05,0.000136705,2
5035,5040,5037.5,4.10116e-05,0.000205058,3
5040,5045,5042.5,1.36705e-05,6.83527e-05,1
5045,5050,5047.5,2.73411e-05,0.000136705,2
5050,5055,5052.5,4.10116e-05,0.000205058,3
5055,5060,5057.5,2.73411e-05,0.000136705,2
5060,5065,5062.5,1.36705e-05,6.83527e-05,1
5065,5070,5067.5,1.36705e-05,6.83527e-05,1
5070,5075,5072.5,2.73411e-05,0.000136705,2
5080,5085,5082.5,5.46822e-05,0.000273411,4
5085,5090,5087.5,1.36705e-05,6.83527e-05,1
5100,5105,5102.5,1.36705e-05,6.83527e-05,1
5110,5115,5112.5,4.10116e-05,0.000205058,3
5115,5120,5117.5,2.73411e-05,0.000136705,2
5120,5125,5122.5,5.46822e-05,0.000273411,4
5130,5135,5132.5,4.10116e-05,0.000205058,3
5140,5145,5142.5,1.36705e-05,6.83527e-05,1
5145,5150,5147.5,1.36705e-05,6.83527e-05,1
5150,5155,5152.5,2.73411e-05,0.000136705,2
5155,5160,5157.5,1.36705e-05,6.83527e-05,1
5160,5165,5162.5,4.10116e-05,0.000205058,3
5165,5170,5167.5,5.46822e-05,0.000273411,4
5170,5175,5172.5,4.10116e-05,0.000205058,3
5175,5180,5177.5,2.73411e-05,0.000136705,2
5180,5185,5182.5,1.36705e-05,6.83527e-05,1
5185,5190,5187.5,2.73411e-05,0.000136705,2
5190,5195,5192.5,2.73411e-05,0.000136705,2
5200,5205,5202.5,6.83527e-05,0.000341763,5
5205,5210,5207.5,2.73411e-05,0.000136705,2
5210,5215,5212.5,5.46822e-05,0.000273411,4
5215,5220,5217.5,2.73411e-05,0.000136705,2
5220,5225,5222.5,6.83527e-05,0.000341763,5
5225,5230,5227.5,8.20232e-05,0.000410116,6
5230,5235,5232.5,1.36705e-05,6.83527e-05,1
5240,5245,5242.5,4.10116e-05,0.000205058,3
5245,5250,5247.5,1.36705e-05,6.83527e-05,1
5250,5255,5252.5,2.73411e-05,0.000136705,2
5255,5260,5257.5,4.10116e-05,0.000205058,3
5260,5265,5262.5,4.10116e-05,0.000205058,3
5270,5275,5272.5,6.83527e-05,0.000341763,5
5275,5280,5277.5,4.10116e-05,0.000205058,3
5280,5285,5282.5,4.10116e-05,0.000205058,3
5285,5290,5287.5,4.10116e-05,0.000205058,3
5290,5295,5292.5,1.36705e-05,6.83527e-05,1
5295,5300,5297.5,4.10116e-05,0.000205058,3
5300,5305,5302.5,4.10116e-05,0.000205058,3
5310,5315,5312.5,1.36705e-05,6.83527e-05,1
5315,5320,5317.5,1.36705e-05,6.83527e-05,1
5320,5325,5322.5,4.10116e-05,0.000205058,3
5325,5330,5327.5,2.73411e-05,0.000136705,2
5330,5335,5332.5,2.73411e-05,0.000136705,2
5340,5345,5342.5,6.83527e-05,0.000341763,5
5345,5350,5347.5,1.36705e-05,6.83527e-05,1
5350,5355,5352.5,2.73411e-05,0.000136705,2
5355,5360,5357.5,1.36705e-05,6.83527e-05,1
5365,5370,5367.5,2.73411e-05,0.000136705,2
5370,5375,5372.5,4.10116e-05,0.000205058,3
5375,5380,5377.5,2.73411e-05,0.000136705,2
5380,5385,5382.5,2.73411e-05,0.000136705,2
5385,5390,5387.5,5.46822e-05,0.000273411,4
5390,5395,5392.5,4.10116e-05,0.000205058,3
5395,5400,5397.5,6.83527e-05,0.000341763,5
5410,5415,5412.5,8.20232e-05,0.000410116,6
5415,5420,5417.5,1.36705e-05,6.83527e-05,1
5420,5425,5422.5,4.10116e-05,0.000205058,3
5430,5435,5432.5,1.36705e-05,6.83527e-05,1
5435,5440,5437.5,5.46822e-05,0.000273411,4
5440,5445,5442.5,2.73411e-05,0.000136705,2
5445,5450,5447.5,5.46822e-05,0.000273411,4
5450,5455,5452.5,2.73411e-05,0.000136705,2
5455,5460,5457.5,2.73411e-05,0.000136705,2
5460,5465,5462.5,4.10116e-05,0.000205058,3
5465,5470,5467.5,4.10116e-05,0.000205058,3
5470,5475,5472.5,4.10116e-05,0.000205058,3
5480,5485,5482.5,2.73411e-05,0.000136705,2
5485,5490,5487.5,1.36705e-05,6.83527e-05,1
5495,5500,5497.5,1.36705e-05,6.83527e-05,1
5500,5505,5502.5,1.36705e-05,6.83527e-05,1
5505,5510,5507.5,2.73411e-05,0.000136705,2
5510,5515,5512.5,1.36705e-05,6.83527e-05,1
5515,5520,5517.5,2.73411e-05,0.000136705,2
5520,5525,5522.5,2.73411e-05,0.000136705,2
5525,5530,5527.5,2.73411e-05,0.000136705,2
5530,5535,5532.5,2.73411e-05,0.000136705,2
5540,5545,5542.5,4.10116e-05,0.000205058,3
5545,5550,5547.5,2.73411e-05,0.000136705,2
5555,5560,5557.5,5.46822e-05,0.000273411,4
5560,5565,5562.5,2.73411e-05,0.000136705,2
5565,5570,5567.5,1.36705e-05,6.83527e-05,1
5570,5575,5572.5,2.73411e-05,0.000136705,2
5575,5580,5577.5,1.36705e-05,6.83527e-05,1
5580,5585,5582.5,2.73411e-05,0.000136705,2
5585,5590,5587.5,2.73411e-05,0.000136705,2
5590,5595,5592.5,1.36705e-05,6.83527e-05,1
5595,5600,5597.5,2.73411e-05,0.000136705,2
5605,5610,5607.5,1.36705e-05,6.83527e-05,1
5610,5615,5612.5,4.10116e-05,0.000205058,3
5615,5620,5617.5,1.36705e-05,6.83527e-05,1
5620,5625,5622.5,4.10116e-05,0.000205058,3
5625,5630,5627.5,2.73411e-05,0.000136705,2
5630,5635,5632.5,5.46822e-05,0.000273411,4
5635,5640,5637.5,4.10116e-05,0.000205058,3
5640,5645,5642.5,2.73411e-05,0.000136705,2
5645,5650,5647.5,5.46822e-05,0.000273411,4
5655,5660,5657.5,2.73411e-05,0.000136705,2
5660,5665,5662.5,2.73411e-05,0.000136705,2
5665,5670,5667.5,1.36705e-05,6.83527e-05,1
5670,5675,5672.5,2.73411e-05,0.000136705,2
5675,5680,5677.5,6.83527e-05,0.000341763,5
5680,5685,5682.5,2.73411e-05,0.000136705,2
5685,5690,5687.5,1.36705e-05,6.83527e-05,1
5690,5695,5692.5,4.10116e-05,0.000205058,3
5695,5700,5697.5,1.36705e-05,6.83527e-05,1
5700,5705,5702.5,1.36705e-05,6.83527e-05,1
5705,5710,5707.5,4.10116e-05,0.000205058,3
5715,5720,5717.5,1.36705e-05,6.83527e-05,1
5720,5725,5722.5,2.73411e-05,0.000136705,2
5725,5730,5727.5,1.36705e-05,6.83527e-05,1
5730,5735,5732.5,1.36705e-05,6.83527e-05,1
5735,5740,5737.5,2.73411e-05,0.000136705,2
5740,5745,5742.5,1.36705e-05,6.83527e-05,1
5745,5750,5747.5,2.73411e-05,0.000136705,2
5750,5755,5752.5,4.10116e-05,0.000205058,3
5760,5765,5762.5,2.73411e-05,0.000136705,2
5765,5770,5767.5,5.46822e-05,0.000273411,4
5775,5780,5777.5,2.73411e-05,0.000136705,2
5780,5785,5782.5,1.36705e-05,6.83527e-05,1
5785,5790,5787.5,1.36705e-05,6.83527e-05,1
5790,5795,5792.5,1.36705e-05,6.83527e-05,1
5795,5800,5797.5,1.36705e-05,6.83527e-05,1
5800,5805,5802.5,5.46822e-05,0.000273411,4
5805,5810,5807.5,5.46822e-05,0.000273411,4
5810,5815,5812.5,5.46822e-05,0.000273411,4
5820,5825,5822.5,2.73411e-05,0.000136705,2
5835,5840,5837.5,4.10116e-05,0.000205058,3
5850,5855,5852.5,5.46822e-05,0.000273411,4
5855,5860,5857.5,1.36705e-05,6.83527e-05,1
5860,5865,5862.5,6.83527e-05,0.000341763,5
5865,5870,5867.5,4.10116e-05,0.000205058,3
5870,5875,5872.5,2.73411e-05,0.000136705,2
5875,5880,5877.5,2.73411e-05,0.000136705,2
5880,5885,5882.5,2.73411e-05,0.000136705,2
5885,5890,5887.5,2.73411e-05,0.000136705,2
5890,5895,5892.5,1.36705e-05,6.83527e-05,1
5895,5900,5897.5,2.73411e-05,0.000136705,2
5905,5910,5907.5,1.36705e-05,6.83527e-05,1
5915,5920,5917.5,2.73411e-05,0.000136705,2
5920,5925,5922.5,1.36705e-05,6.83527e-05,1
5925,5930,5927.5,2.73411e-05,0.000136705,2
5930,5935,5932.5,2.73411e-05,0.000136705,2
5935,5940,5937.5,4.10116e-05,0.000205058,3
5940,5945,5942.5,1.36705e-05,6.83527e-05,1
5945,5950,5947.5,1.36705e-05,6.83527e-05,1
5950,5955,5952.5,5.46822e-05,0.000273411,4
5955,5960,5957.5,2.73411e-05,0.000136705,2
5965,5970,5967.5,2.73411e-05,0.000136705,2
5970,5975,5972.5,2.73411e-05,0.000136705,2
5975,5980,5977.5,2.73411e-05,0.000136705,2
5980,5985,5982.5,1.36705e-05,6.83527e-05,1
5985,5990,5987.5,1.36705e-05,6.83527e-05,1
5995,6000,5997.5,5.46822e-05,0.000273411,4
6000,6005,6002.5,1.36705e-05,6.83527e-05,1
6005,6010,6007.5,5.46822e-05,0.000273411,4
6015,6020,6017.5,2.73411e-05,0.000136705,2
6020,6025,6022.5,1.36705e-05,6.83527e-05,1
6025,6030,6027.5,1.36705e-05,6.83527e-05,1
6035,6040,6037.5,1.36705e-05,6.83527e-05,1
6040,6045,6042.5,2.73411e-05,0.000136705,2
6045,6050,6047.5,2.73411e-05,0.000136705,2
6050,6055,6052.5,1.36705e-05,6.83527e-05,1
6055,6060,6057.5,4.10116e-05,0.000205058,3
6060,6065,6062.5,1.36705e-05,6.83527e-05,1
6065,6070,6067.5,2.73411e-05,0.000136705,2
6070,6075,6072.5,1.36705e-05,6.83527e-05,1
6075,6080,6077.5,4.10116e-05,0.000205058,3
6080,6085,6082.5,4.10116e-05,0.000205058,3
6085,6090,6087.5,4.10116e-05,0.000205058,3
6090,6095,6092.5,1.36705e-05,6.83527e-05,1
6095,6100,6097.5,2.73411e-05,0.000136705,2
6100,6105,6102.5,1.36705e-05,6.83527e-05,1
6105,6110,6107.5,5.46822e-05,0.000273411,4
6110,6115,6112.5,2.73411e-05,0.000136705,2
6115,6120,6117.5,4.10116e-05,0.000205058,3
6120,6125,6122.5,1.36705e-05,6.83527e-05,1
6130,6135,6132.5,1.36705e-05,6.83527e-05,1
6135,6140,6137.5,2.73411e-05,0.000136705,2
6140,6145,6142.5,5.46822e-05,0.000273411,4
6145,6150,6147.5,1.36705e-05,6.83527e-05,1
6150,6155,6152.5,5.46822e-05,0.000273411,4
6155,6160,6157.5,5.46822e-05,0.000273411,4
6160,6165,6162.5,4.10116e-05,0.000205058,3
6165,6170,6167.5,1.36705e-05,6.83527e-05,1
6170,6175,6172.5,1.36705e-05,6.83527e-05,1
6175,6180,6177.5,2.73411e-05,0.000136705,2
6185,6190,6187.5,4.10116e-05,0.000205058,3
6190,6195,6192.5,1.36705e-05,6.83527e-05,1
6195,6200,6197.5,1.36705e-05,6.83527e-05,1
6200,6205,6202.5,1.36705e-05,6.83527e-05,1
6205,6210,6207.5,5.46822e-05,0.000273411,4
6210,6215,6212.5,5.46822e-05,0.000273411,4
6215,6220,6217.5,1.36705e-05,6.83527e-05,1
6220,6225,6222.5,2.73411e-05,0.000136705,2
6225,6230,6227.5,1.36705e-05,6.83527e-05,1
6230,6235,6232.5,2.73411e-05,0.000136705,2
6235,6240,6237.5,2.73411e-05,0.000136705,2
6240,6245,6242.5,2.73411e-05,0.000136705,2
6245,6250,6247.5,2.73411e-05,0.000136705,2
6250,6255,6252.5,1.36705e-05,6.83527e-05,1
6255,6260,6257.5,1.36705e-05,6.83527e-05,1
6260,6265,6262.5,1.36705e-05,6.83527e-05,1
6285,6290,6287.5,2.73411e-05,0.000136705,2
6290,6295,6292.5,2.73411e-05,0.000136705,2
6295,6300,6297.5,2.73411e-05,0.000136705,2
6300,6305,6302.5,2.73411e-05,0.000136705,2
6305,6310,6307.5,4.10116e-05,0.000205058,3
6310,6315,6312.5,1.36705e-05,6.83527e-05,1
6315,6320,6317.5,2.73411e-05,0.000136705,2
6320,6325,6322.5,1.36705e-05,6.83527e-05,1
6325,6330,6327.5,5.46822e-05,0.000273411,4
6335,6340,6337.5,1.36705e-05,6.83527e-05,1
6345,6350,6347.5,2.73411e-05,0.000136705,2
6350,6355,6352.5,4.10116e-05,0.000205058,3
6355,6360,6357.5,1.36705e-05,6.83527e-05,1
6360,6365,6362.5,4.10116e-05,0.000205058,3
6365,6370,6367.5,1.36705e-05,6.83527e-05,1
6370,6375,6372.5,2.73411e-05,0.000136705,2
6390,6395,6392.5,1.36705e-05,6.83527e-05,1
6400,6405,6402.5,1.36705e-05,6.83527e-05,1
6405,6410,6407.5,1.36705e-05,6.83527e-05,1
6410,6415,6412.5,1.36705e-05,6.83527e-05,1
6415,6420,6417.5,4.10116e-05,0.000205058,3
6420,6425,6422.5,2.73411e-05,0.000136705,2
6425,6430,6427.5,4.10116e-05,0.000205058,3
6430,6435,6432.5,1.36705e-05,6.83527e-05,1
6435,6440,6437.5,5.46822e-05,0.000273411,4
6440,6445,6442.5,2.73411e-05,0.000136705,2
6445,6450,6447.5,1.36705e-05,6.83527e-05,1
6450,6455,6452.5,2.73411e-05,0.000136705,2
6455,6460,6457.5,1.36705e-05,6.83527e-05,1
6460,6465,6462.5,1.36705e-05,6.83527e-05,1
6465,6470,6467.5,5.46822e-05,0.000273411,4
6475,6480,6477.5,1.36705e-05,6.83527e-05,1
6480,6485,6482.5,1.36705e-05,6.83527e-05,1
6485,6490,6487.5,2.73411e-05,0.000136705,2
6490,6495,6492.5,2.73411e-05,0.000136705,2
6495,6500,6497.5,9.56938e-05,0.000478469,7
6500,6505,6502.5,4.10116e-05,0.000205058,3
6505,6510,6507.5,2.73411e-05,0.000136705,2
6510,6515,6512.5,4.10116e-05,0.000205058,3
6515,6520,6517.5,2.73411e-05,0.000136705,2
6525,6530,6527.5,1.36705e-05,6.83527e-05,1
6530,6535,6532.5,6.83527e-05,0.000341763,5
6535,6540,6537.5,4.10116e-05,0.000205058,3
6540,6545,6542.5,5.46822e-05,0.000273411,4
6545,6550,6547.5,2.73411e-05,0.000136705,2
6550,6555,6552.5,1.36705e-05,6.83527e-05,1
6555,6560,6557.5,2.73411e-05,0.000136705,2
6565,6570,6567.5,1.36705e-05,6.83527e-05,1
6570,6575,6572.5,4.10116e-05,0.000205058,3
6575,6580,6577.5,1.36705e-05,6.83527e-05,1
6580,6585,6582.5,1.36705e-05,6.83527e-05,1
6585,6590,6587.5,4.10116e-05,0.000205058,3
6590,6595,6592.5,1.36705e-05,6.83527e-05,1
6600,6605,6602.5,2.73411e-05,0.000136705,2
6605,6610,6607.5,1.36705e-05,6.83527e-05,1
6610,6615,6612.5,2.73411e-05,0.000136705,2
6620,6625,6622.5,1.36705e-05,6.83527e-05,1
6625,6630,6627.5,1.36705e-05,6.83527e-05,1
6630,6635,6632.5,4.10116e-05,0.000205058,3
6635,6640,6637.5,6.83527e-05,0.000341763,5
6640,6645,6642.5,2.73411e-05,0.000136705,2
6645,6650,6647.5,5.46822e-05,0.000273411,4
6650,6655,6652.5,1.36705e-05,6.83527e-05,1
6655,6660,6657.5,1.36705e-05,6.83527e-05,1
6660,6665,6662.5,2.73411e-05,0.000136705,2
6665,6670,6667.5,1.36705e-05,6.83527e-05,1
6670,6675,6672.5,5.46822e-05,0.000273411,4
6675,6680,6677.5,1.36705e-05,6.83527e-05,1
6680,6685,6682.5,2.73411e-05,0.000136705,2
6690,6695,6692.5,1.36705e-05,6.83527e-05,1
6705,6710,6707.5,1.36705e-05,6.83527e-05,1
6710,6715,6712.5,4.10116e-05,0.000205058,3
6715,6720,6717.5,2.73411e-05,0.000136705,2
6720,6725,6722.5,2.73411e-05,0.000136705,2
6725,6730,6727.5,1.36705e-05,6.83527e-05,1
6730,6735,6732.5,4.10116e-05,0.000205058,3
6740,6745,6742.5,5.46822e-05,0.000273411,4
6745,6750,6747.5,5.46822e-05,0.000273411,4
6750,6755,6752.5,2.73411e-05,0.000136705,2
6755,6760,6757.5,2.73411e-05,0.000136705,2
6760,6765,6762.5,2.73411e-05,0.000136705,2
6765,6770,6767.5,4.10116e-05,0.000205058,3
6770,6775,6772.5,1.36705e-05,6.83527e-05,1
6775,6780,6777.5,2.73411e-05,0.000136705,2
6780,6785,6782.5,2.73411e-05,0.000136705,2
6785,6790,6787.5,1.36705e-05,6.83527e-05,1
6790,6795,6792.5,2.73411e-05,0.000136705,2
6795,6800,6797.5,1.36705e-05,6.83527e-05,1
6810,6815,6812.5,2.73411e-05,0.000136705,2
6820,6825,6822.5,2.73411e-05,0.000136705,2
6825,6830,6827.5,2.73411e-05,0.000136705,2
6830,6835,6832.5,1.36705e-05,6.83527e-05,1
6835,6840,6837.5,4.10116e-05,0.000205058,3
6840,6845,6842.5,2.73411e-05,0.000136705,2
6845,6850,6847.5,4.10116e-05,0.000205058,3
6850,6855,6852.5,4.10116e-05,0.000205058,3
6855,6860,6857.5,1.36705e-05,6.83527e-05,1
6865,6870,6867.5,4.10116e-05,0.000205058,3
6870,6875,6872.5,1.36705e-05,6.83527e-05,1
6875,6880,6877.5,2.73411e-05,0.000136705,2
6880,6885,6882.5,2.73411e-05,0.000136705,2
6885,6890,6887.5,4.10116e-05,0.000205058,3
6890,6895,6892.5,4.10116e-05,0.000205058,3
6895,6900,6897.5,4.10116e-05,0.000205058,3
6900,6905,6902.5,5.46822e-05,0.000273411,4
6905,6910,6907.5,1.36705e-05,6.83527e-05,1
6910,6915,6912.5,2.73411e-05,0.000136705,2
6915,6920,6917.5,4.10116e-05,0.000205058,3
6920,6925,6922.5,2.73411e-05,0.000136705,2
6925,6930,6927.5,1.36705e-05,6.83527e-05,1
6930,6935,6932.5,2.73411e-05,0.000136705,2
6935,6940,6937.5,2.73411e-05,0.000136705,2
6940,6945,6942.5,1.36705e-05,6.83527e-05,1
6945,6950,6947.5,1.36705e-05,6.83527e-05,1
6950,6955,6952.5,2.73411e-05,0.000136705,2
6955,6960,6957.5,2.73411e-05,0.000136705,2
6975,6980,6977.5,1.36705e-05,6.83527e-05,1
6980,6985,6982.5,4.10116e-05,0.000205058,3
6985,6990,6987.5,4.10116e-05,0.000205058,3
6990,6995,6992.5,1.36705e-05,6.83527e-05,1
7000,7005,7002.5,2.73411e-05,0.000136705,2
7005,7010,7007.5,1.36705e-05,6.83527e-05,1
7010,7015,7012.5,1.36705e-05,6.83527e-05,1
7015,7020,7017.5,2.73411e-05,0.000136705,2
7020,7025,7022.5,2.73411e-05,0.000136705,2
7025,7030,7027.5,2.73411e-05,0.000136705,2
7030,7035,7032.5,1.36705e-05,6.83527e-05,1
7045,7050,7047.5,2.73411e-05,0.000136705,2
7050,7055,7052.5,4.10116e-05,0.000205058,3
7055,7060,7057.5,4.10116e-05,0.000205058,3
7060,7065,7062.5,1.36705e-05,6.83527e-05,1
7065,7070,7067.5,1.36705e-05,6.83527e-05,1
7070,7075,7072.5,2.73411e-05,0.000136705,2
7075,7080,7077.5,1.36705e-05,6.83527e-05,1
7080,7085,7082.5,1.36705e-05,6.83527e-05,1
7085,7090,7087.5,1.36705e-05,6.83527e-05,1
7095,7100,7097.5,2.73411e-05,0.000136705,2
7115,7120,7117.5,1.36705e-05,6.83527e-05,1
7120,7125,7122.5,1.36705e-05,6.83527e-05,1
7125,7130,7127.5,4.10116e-05,0.000205058,3
7135,7140,7137.5,2.73411e-05,0.000136705,2
7140,7145,7142.5,2.73411e-05,0.000136705,2
7145,7150,7147.5,2.73411e-05,0.000136705,2
7150,7155,7152.5,1.36705e-05,6.83527e-05,1
7160,7165,7162.5,4.10116e-05,0.000205058,3
7170,7175,7172.5,1.36705e-05,6.83527e-05,1
7195,7200,7197.5,1.36705e-05,6.83527e-05,1
7200,7205,7202.5,5.46822e-05,0.000273411,4
7205,7210,7207.5,1.36705e-05,6.83527e-05,1
7210,7215,7212.5,1.36705e-05,6.83527e-05,1
7215,7220,7217.5,4.10116e-05,0.000205058,3
7220,7225,7222.5,1.36705e-05,6.83527e-05,1
7225,7230,7227.5,5.46822e-05,0.000273411,4
7230,7235,7232.5,1.36705e-05,6.83527e-05,1
7240,7245,7242.5,1.36705e-05,6.83527e-05,1
7245,7250,7247.5,5.46822e-05,0.000273411,4
7250,7255,7252.5,1.36705e-05,6.83527e-05,1
7255,7260,7257.5,1.36705e-05,6.83527e-05,1
7260,7265,7262.5,2.73411e-05,0.000136705,2
7265,7270,7267.5,4.10116e-05,0.000205058,3
7270,7275,7272.5,1.36705e-05,6.83527e-05,1
7275,7280,7277.5,1.36705e-05,6.83527e-05,1
7280,7285,7282.5,1.36705e-05,6.83527e-05,1
7285,7290,7287.5,2.73411e-05,0.000136705,2
7290,7295,7292.5,1.36705e-05,6.83527e-05,1
7295,7300,7297.5,2.73411e-05,0.000136705,2
7300,7305,7302.5,4.10116e-05,0.000205058,3
7305,7310,7307.5,1.36705e-05,6.83527e-05,1
7310,7315,7312.5,1.36705e-05,6.83527e-05,1
7315,7320,7317.5,4.10116e-05,0.000205058,3
7320,7325,7322.5,1.36705e-05,6.83527e-05,1
7325,7330,7327.5,1.36705e-05,6.83527e-05,1
7335,7340,7337.5,4.10116e-05,0.000205058,3
7340,7345,7342.5,2.73411e-05,0.000136705,2
7350,7355,7352.5,2.73411e-05,0.000136705,2
7360,7365,7362.5,4.10116e-05,0.000205058,3
7365,7370,7367.5,2.73411e-05,0.000136705,2
7370,7375,7372.5,1.36705e-05,6.83527e-05,1
7375,7380,7377.5,1.36705e-05,6.83527e-05,1
7380,7385,7382.5,5.46822e-05,0.000273411,4
7385,7390,7387.5,1.36705e-05,6.83527e-05,1
7390,7395,7392.5,2.73411e-05,0.000136705,2
7395,7400,7397.5,2.73411e-05,0.000136705,2
7400,7405,7402.5,2.73411e-05,0.000136705,2
7410,7415,7412.5,6.83527e-05,0.000341763,5
7415,7420,7417.5,2.73411e-05,0.000136705,2
7420,7425,7422.5,1.36705e-05,6.83527e-05,1
7425,7430,7427.5,4.10116e-05,0.000205058,3
7430,7435,7432.5,2.73411e-05,0.000136705,2
7435,7440,7437.5,2.73411e-05,0.000136705,2
7460,7465,7462.5,1.36705e-05,6.83527e-05,1
7465,7470,7467.5,1.36705e-05,6.83527e-05,1
7470,7475,7472.5,1.36705e-05,6.83527e-05,1
7485,7490,7487.5,2.73411e-05,0.000136705,2
7490,7495,7492.5,4.10116e-05,0.000205058,3
7495,7500,7497.5,6.83527e-05,0.000341763,5
7500,7505,7502.5,1.36705e-05,6.83527e-05,1
7510,7515,7512.5,2.73411e-05,0.000136705,2
7515,7520,7517.5,5.46822e-05,0.000273411,4
7525,7530,7527.5,4.10116e-05,0.000205058,3
7540,7545,7542.5,1.36705e-05,6.83527e-05,1
7550,7555,7552.5,2.73411e-05,0.000136705,2
7560,7565,7562.5,1.36705e-05,6.83527e-05,1
7565,7570,7567.5,6.83527e-05,0.000341763,5
7570,7575,7572.5,2.73411e-05,0.000136705,2
7575,7580,7577.5,1.36705e-05,6.83527e-05,1
7580,7585,7582.5,4.10116e-05,0.000205058,3
7595,7600,7597.5,1.36705e-05,6.83527e-05,1
7600,7605,7602.5,6.83527e-05,0.000341763,5
7605,7610,7607.5,2.73411e-05,0.000136705,2
7610,7615,7612.5,1.36705e-05,6.83527e-05,1
7615,7620,7617.5,1.36705e-05,6.83527e-05,1
7620,7625,7622.5,2.73411e-05,0.000136705,2
7625,7630,7627.5,2.73411e-05,0.000136705,2
7630,7635,7632.5,1.36705e-05,6.83527e-05,1
7635,7640,7637.5,2.73411e-05,0.000136705,2
7640,7645,7642.5,2.73411e-05,0.000136705,2
7645,7650,7647.5,1.36705e-05,6.83527e-05,1
7655,7660,7657.5,2.73411e-05,0.000136705,2
7665,7670,7667.5,1.36705e-05,6.83527e-05,1
7670,7675,7672.5,1.36705e-05,6.83527e-05,1
7685,7690,7687.5,2.73411e-05,0.000136705,2
7690,7695,7692.5,2.73411e-05,0.000136705,2
7695,7700,7697.5,1.36705e-05,6.83527e-05,1
7710,7715,7712.5,2.73411e-05,0.000136705,2
7715,7720,7717.5,5.46822e-05,0.000273411,4
7725,7730,7727.5,1.36705e-05,6.83527e-05,1
7730,7735,7732.5,1.36705e-05,6.83527e-05,1
7735,7740,7737.5,1.36705e-05,6.83527e-05,1
7760,7765,7762.5,1.36705e-05,6.83527e-05,1
7765,7770,7767.5,1.36705e-05,6.83527e-05,1
7770,7775,7772.5,2.73411e-05,0.000136705,2
7775,7780,7777.5,2.73411e-05,0.000136705,2
7780,7785,7782.5,1.36705e-05,6.83527e-05,1
7785,7790,7787.5,1.36705e-05,6.83527e-05,1
7790,7795,7792.5,1.36705e-05,6.83527e-05,1
7795,7800,7797.5,1.36705e-05,6.83527e-05,1
7800,7805,7802.5,2.73411e-05,0.000136705,2
7805,7810,7807.5,5.46822e-05,0.000273411,4
7810,7815,7812.5,1.36705e-05,6.83527e-05,1
7815,7820,7817.5,1.36705e-05,6.83527e-05,1
7820,7825,7822.5,1.36705e-05,6.83527e-05,1
7825,7830,7827.5,2.73411e-05,0.000136705,2
7830,7835,7832.5,2.73411e-05,0.000136705,2
7840,7845,7842.5,1.36705e-05,6.83527e-05,1
7845,7850,7847.5,1.36705e-05,6.83527e-05,1
7850,7855,7852.5,2.73411e-05,0.000136705,2
7855,7860,7857.5,2.73411e-05,0.000136705,2
7860,7865,7862.5,2.73411e-05,0.000136705,2
7875,7880,7877.5,1.36705e-05,6.83527e-05,1
7885,7890,7887.5,2.73411e-05,0.000136705,2
7890,7895,7892.5,2.73411e-05,0.000136705,2
7895,7900,7897.5,2.73411e-05,0.000136705,2
7905,7910,7907.5,1.36705e-05,6.83527e-05,1
7910,7915,7912.5,4.10116e-05,0.000205058,3
7915,7920,7917.5,1.36705e-05,6.83527e-05,1
7920,7925,7922.5,2.73411e-05,0.000136705,2
7925,7930,7927.5,1.36705e-05,6.83527e-05,1
7945,7950,7947.5,1.36705e-05,6.83527e-05,1
7950,7955,7952.5,1.36705e-05,6.83527e-05,1
7955,7960,7957.5,1.36705e-05,6.83527e-05,1
7960,7965,7962.5,2.73411e-05,0.000136705,2
7965,7970,7967.5,4.10116e-05,0.000205058,3
7970,7975,7972.5,1.36705e-05,6.83527e-05,1
7975,7980,7977.5,2.73411e-05,0.000136705,2
7990,7995,7992.5,2.73411e-05,0.000136705,2
7995,8000,7997.5,2.73411e-05,0.000136705,2
8000,8005,8002.5,6.83527e-05,0.000341763,5
8005,8010,8007.5,2.73411e-05,0.000136705,2
8010,8015,8012.5,2.73411e-05,0.000136705,2
8020,8025,8022.5,1.36705e-05,6.83527e-05,1
8030,8035,8032.5,1.36705e-05,6.83527e-05,1
8040,8045,8042.5,1.36705e-05,6.83527e-05,1
8045,8050,8047.5,2.73411e-05,0.000136705,2
8050,8055,8052.5,1.36705e-05,6.83527e-05,1
8055,8060,8057.5,1.36705e-05,6.83527e-05,1
8060,8065,8062.5,2.73411e-05,0.000136705,2
8065,8070,8067.5,2.73411e-05,0.000136705,2
8070,8075,8072.5,2.73411e-05,0.000136705,2
8080,8085,8082.5,1.36705e-05,6.83527e-05,1
8085,8090,8087.5,4.10116e-05,0.000205058,3
8090,8095,8092.5,1.36705e-05,6.83527e-05,1
8100,8105,8102.5,2.73411e-05,0.000136705,2
8105,8110,8107.5,4.10116e-05,0.000205058,3
8110,8115,8112.5,1.36705e-05,6.83527e-05,1
8125,8130,8127.5,4.10116e-05,0.000205058,3
8130,8135,8132.5,2.73411e-05,0.000136705,2
8140,8145,8142.5,2.73411e-05,0.000136705,2
8150,8155,8152.5,2.73411e-05,0.000136705,2
8155,8160,8157.5,2.73411e-05,0.000136705,2
8160,8165,8162.5,1.36705e-05,6.83527e-05,1
8165,8170,8167.5,2.73411e-05,0.000136705,2
8170,8175,8172.5,4.10116e-05,0.000205058,3
8175,8180,8177.5,1.36705e-05,6.83527e-05,1
8195,8200,8197.5,2.73411e-05,0.000136705,2
8200,8205,8202.5,2.73411e-05,0.000136705,2
8205,8210,8207.5,2.73411e-05,0.000136705,2
8215,8220,8217.5,2.73411e-05,0.000136705,2
8225,8230,8227.5,1.36705e-05,6.83527e-05,1
8230,8235,8232.5,2.73411e-05,0.000136705,2
8235,8240,8237.5,1.36705e-05,6.83527e-05,1
8240,8245,8242.5,2.73411e-05,0.000136705,2
8245,8250,8247.5,2.73411e-05,0.000136705,2
8250,8255,8252.5,1.36705e-05,6.83527e-05,1
8255,8260,8257.5,5.46822e-05,0.000273411,4
8260,8265,8262.5,1.36705e-05,6.83527e-05,1
8265,8270,8267.5,1.36705e-05,6.83527e-05,1
8270,8275,8272.5,2.73411e-05,0.000136705,2
8275,8280,8277.5,1.36705e-05,6.83527e-05,1
8280,8285,8282.5,1.36705e-05,6.83527e-05,1
8300,8305,8302.5,4.10116e-05,0.000205058,3
8305,8310,8307.5,4.10116e-05,0.000205058,3
8310,8315,8312.5,2.73411e-05,0.000136705,2
8315,8320,8317.5,4.10116e-05,0.000205058,3
8320,8325,8322.5,2.73411e-05,0.000136705,2
8340,8345,8342.5,1.36705e-05,6.83527e-05,1
8350,8355,8352.5,2.73411e-05,0.000136705,2
8360,8365,8362.5,1.36705e-05,6.83527e-05,1
8365,8370,8367.5,4.10116e-05,0.000205058,3
8370,8375,8372.5,2.73411e-05,0.000136705,2
8375,8380,8377.5,1.36705e-05,6.83527e-05,1
8385,8390,8387.5,2.73411e-05,0.000136705,2
8395,8400,8397.5,2.73411e-05,0.000136705,2
8400,8405,8402.5,2.73411e-05,0.000136705,2
8410,8415,8412.5,1.36705e-05,6.83527e-05,1
8415,8420,8417.5,1.36705e-05,6.83527e-05,1
8420,8425,8422.5,1.36705e-05,6.83527e-05,1
8425,8430,8427.5,1.36705e-05,6.83527e-05,1
8440,8445,8442.5,1.36705e-05,6.83527e-05,1
8445,8450,8447.5,1.36705e-05,6.83527e-05,1
8450,8455,8452.5,1.36705e-05,6.83527e-05,1
8455,8460,8457.5,4.10116e-05,0.000205058,3
8460,8465,8462.5,4.10116e-05,0.000205058,3
8465,8470,8467.5,4.10116e-05,0.000205058,3
8470,8475,8472.5,2.73411e-05,0.000136705,2
8480,8485,8482.5,4.10116e-05,0.000205058,3
8485,8490,8487.5,4.10116e-05,0.000205058,3
8490,8495,8492.5,1.36705e-05,6.83527e-05,1
8515,8520,8517.5,4.10116e-05,0.000205058,3
8520,8525,8522.5,1.36705e-05,6.83527e-05,1
8525,8530,8527.5,2.73411e-05,0.000136705,2
8530,8535,8532.5,4.10116e-05,0.000205058,3
8535,8540,8537.5,1.36705e-05,6.83527e-05,1
8540,8545,8542.5,1.36705e-05,6.83527e-05,1
8550,8555,8552.5,2.73411e-05,0.000136705,2
8560,8565,8562.5,1.36705e-05,6.83527e-05,1
8570,8575,8572.5,1.36705e-05,6.83527e-05,1
8575,8580,8577.5,1.36705e-05,6.83527e-05,1
8580,8585,8582.5,1.36705e-05,6.83527e-05,1
8590,8595,8592.5,1.36705e-05,6.83527e-05,1
8610,8615,8612.5,1.36705e-05,6.83527e-05,1
8615,8620,8617.5,1.36705e-05,6.83527e-05,1
8620,8625,8622.5,4.10116e-05,0.000205058,3
8625,8630,8627.5,1.36705e-05,6.83527e-05,1
8630,8635,8632.5,1.36705e-05,6.83527e-05,1
8640,8645,8642.5,4.10116e-05,0.000205058,3
8650,8655,8652.5,2.73411e-05,0.000136705,2
8655,8660,8657.5,2.73411e-05,0.000136705,2
8660,8665,8662.5,2.73411e-05,0.000136705,2
8670,8675,8672.5,1.36705e-05,6.83527e-05,1
8675,8680,8677.5,1.36705e-05,6.83527e-05,1
8680,8685,8682.5,1.36705e-05,6.83527e-05,1
8685,8690,8687.5,1.36705e-05,6.83527e-05,1
8700,8705,8702.5,1.36705e-05,6.83527e-05,1
8705,8710,8707.5,8.20232e-05,0.000410116,6
8710,8715,8712.5,1.36705e-05,6.83527e-05,1
8720,8725,8722.5,1.36705e-05,6.83527e-05,1
8725,8730,8727.5,2.73411e-05,0.000136705,2
8730,8735,8732.5,4.10116e-05,0.000205058,3
8735,8740,8737.5,2.73411e-05,0.000136705,2
8740,8745,8742.5,2.73411e-05,0.000136705,2
8755,8760,8757.5,2.73411e-05,0.000136705,2
8770,8775,8772.5,1.36705e-05,6.83527e-05,1
8775,8780,8777.5,2.73411e-05,0.000136705,2
8780,8785,8782.5,1.36705e-05,6.83527e-05,1
8790,8795,8792.5,6.83527e-05,0.000341763,5
8795,8800,8797.5,1.36705e-05,6.83527e-05,1
8800,8805,8802.5,1.36705e-05,6.83527e-05,1
8805,8810,8807.5,1.36705e-05,6.83527e-05,1
8815,8820,8817.5,1.36705e-05,6.83527e-05,1
8825,8830,8827.5,1.36705e-05,6.83527e-05,1
8830,8835,8832.5,2.73411e-05,0.000136705,2
8835,8840,8837.5,1.36705e-05,6.83527e-05,1
8840,8845,8842.5,4.10116e-05,0.000205058,3
8860,8865,8862.5,1.36705e-05,6.83527e-05,1
8865,8870,8867.5,2.73411e-05,0.000136705,2
8885,8890,8887.5,1.36705e-05,6.83527e-05,1
8900,8905,8902.5,4.10116e-05,0.000205058,3
8910,8915,8912.5,1.36705e-05,6.83527e-05,1
8915,8920,8917.5,1.36705e-05,6.83527e-05,1
8920,8925,8922.5,4.10116e-05,0.000205058,3
8930,8935,8932.5,1.36705e-05,6.83527e-05,1
8935,8940,8937.5,2.73411e-05,0.000136705,2
8940,8945,8942.5,5.46822e-05,0.000273411,4
8945,8950,8947.5,1.36705e-05,6.83527e-05,1
8950,8955,8952.5,1.36705e-05,6.83527e-05,1
8955,8960,8957.5,1.36705e-05,6.83527e-05,1
8960,8965,8962.5,1.36705e-05,6.83527e-05,1
8965,8970,8967.5,1.36705e-05,6.83527e-05,1
8970,8975,8972.5,1.36705e-05,6.83527e-05,1
8975,8980,8977.5,2.73411e-05,0.000136705,2
8980,8985,8982.5,2.73411e-05,0.000136705,2
8995,9000,8997.5,2.73411e-05,0.000136705,2
9005,9010,9007.5,1.36705e-05,6.83527e-05,1
9010,9015,9012.5,1.36705e-05,6.83527e-05,1
9015,9020,9017.5,2.73411e-05,0.000136705,2
9020,9025,9022.5,1.36705e-05,6.83527e-05,1
9025,9030,9027.5,1.36705e-05,6.83527e-05,1
9030,9035,9032.5,2.73411e-05,0.000136705,2
9035,9040,9037.5,1.36705e-05,6.83527e-05,1
9040,9045,9042.5,2.73411e-05,0.000136705,2
9050,9055,9052.5,1.36705e-05,6.83527e-05,1
9065,9070,9067.5,1.36705e-05,6.83527e-05,1
9075,9080,9077.5,1.36705e-05,6.83527e-05,1
9080,9085,9082.5,4.10116e-05,0.000205058,3
9090,9095,9092.5,2.73411e-05,0.000136705,2
9095,9100,9097.5,1.36705e-05,6.83527e-05,1
9100,9105,9102.5,1.36705e-05,6.83527e-05,1
9105,9110,9107.5,4.10116e-05,0.000205058,3
9110,9115,9112.5,2.73411e-05,0.000136705,2
9115,9120,9117.5,1.36705e-05,6.83527e-05,1
9120,9125,9122.5,4.10116e-05,0.000205058,3
9125,9130,9127.5,1.36705e-05,6.83527e-05,1
9130,9135,9132.5,2.73411e-05,0.000136705,2
9145,9150,9147.5,4.10116e-05,0.000205058,3
9155,9160,9157.5,2.73411e-05,0.000136705,2
9165,9170,9167.5,1.36705e-05,6.83527e-05,1
9185,9190,9187.5,1.36705e-05,6.83527e-05,1
9190,9195,9192.5,1.36705e-05,6.83527e-05,1
9195,9200,9197.5,1.36705e-05,6.83527e-05,1
9205,9210,9207.5,2.73411e-05,0.000136705,2
9210,9215,9212.5,2.73411e-05,0.000136705,2
9220,9225,9222.5,1.36705e-05,6.83527e-05,1
9235,9240,9237.5,4.10116e-05,0.000205058,3
9240,9245,9242.5,1.36705e-05,6.83527e-05,1
9245,9250,9247.5,1.36705e-05,6.83527e-05,1
9250,9255,9252.5,4.10116e-05,0.000205058,3
9255,9260,9257.5,2.73411e-05,0.000136705,2
9260,9265,9262.5,2.73411e-05,0.000136705,2
9270,9275,9272.5,2.73411e-05,0.000136705,2
9275,9280,9277.5,1.36705e-05,6.83527e-05,1
9280,9285,9282.5,2.73411e-05,0.000136705,2
9290,9295,9292.5,2.73411e-05,0.000136705,2
9295,9300,9297.5,1.36705e-05,6.83527e-05,1
9300,9305,9302.5,2.73411e-05,0.000136705,2
9305,9310,9307.5,1.36705e-05,6.83527e-05,1
9310,9315,9312.5,4.10116e-05,0.000205058,3
9315,9320,9317.5,2.73411e-05,0.000136705,2
9320,9325,9322.5,1.36705e-05,6.83527e-05,1
9340,9345,9342.5,2.73411e-05,0.000136705,2
9345,9350,9347.5,1.36705e-05,6.83527e-05,1
9355,9360,9357.5,2.73411e-05,0.000136705,2
9365,9370,9367.5,1.36705e-05,6.83527e-05,1
9375,9380,9377.5,1.36705e-05,6.83527e-05,1
9385,9390,9387.5,1.36705e-05,6.83527e-05,1
9390,9395,9392.5,1.36705e-05,6.83527e-05,1
9400,9405,9402.5,1.36705e-05,6.83527e-05,1
9405,9410,9407.5,1.36705e-05,6.83527e-05,1
9415,9420,9417.5,2.73411e-05,0.000136705,2
9420,9425,9422.5,1.36705e-05,6.83527e-05,1
9425,9430,9427.5,1.36705e-05,6.83527e-05,1
9430,9435,9432.5,5.46822e-05,0.000273411,4
9440,9445,9442.5,2.73411e-05,0.000136705,2
9445,9450,9447.5,1.36705e-05,6.83527e-05,1
9450,9455,9452.5,1.36705e-05,6.83527e-05,1
9480,9485,9482.5,4.10116e-05,0.000205058,3
9485,9490,9487.5,1.36705e-05,6.83527e-05,1
9490,9495,9492.5,1.36705e-05,6.83527e-05,1
9495,9500,9497.5,1.36705e-05,6.83527e-05,1
9500,9505,9502.5,1.36705e-05,6.83527e-05,1
9505,9510,9507.5,1.36705e-05,6.83527e-05,1
9510,9515,9512.5,2.73411e-05,0.000136705,2
9515,9520,9517.5,2.73411e-05,0.000136705,2
9525,9530,9527.5,1.36705e-05,6.83527e-05,1
9530,9535,9532.5,2.73411e-05,0.000136705,2
9535,9540,9537.5,4.10116e-05,0.000205058,3
9545,9550,9547.5,1.36705e-05,6.83527e-05,1
9550,9555,9552.5,1.36705e-05,6.83527e-05,1
9565,9570,9567.5,1.36705e-05,6.83527e-05,1
9570,9575,9572.5,1.36705e-05,6.83527e-05,1
9575,9580,9577.5,1.36705e-05,6.83527e-05,1
9580,9585,9582.5,2.73411e-05,0.000136705,2
9585,9590,9587.5,1.36705e-05,6.83527e-05,1
9590,9595,9592.5,1.36705e-05,6.83527e-05,1
9595,9600,9597.5,1.36705e-05,6.83527e-05,1
9600,9605,9602.5,8.20232e-05,0.000410116,6
9605,9610,9607.5,4.10116e-05,0.000205058,3
9610,9615,9612.5,2.73411e-05,0.000136705,2
9615,9620,9617.5,1.36705e-05,6.83527e-05,1
9620,9625,9622.5,1.36705e-05,6.83527e-05,1
9630,9635,9632.5,1.36705e-05,6.83527e-05,1
9635,9640,9637.5,1.36705e-05,6.83527e-05,1
9640,9645,9642.5,2.73411e-05,0.000136705,2
9655,9660,9657.5,1.36705e-05,6.83527e-05,1
9660,9665,9662.5,1.36705e-05,6.83527e-05,1
9665,9670,9667.5,1.36705e-05,6.83527e-05,1
9675,9680,9677.5,1.36705e-05,6.83527e-05,1
9680,9685,9682.5,1.36705e-05,6.83527e-05,1
9685,9690,9687.5,2.73411e-05,0.000136705,2
9690,9695,9692.5,1.36705e-05,6.83527e-05,1
9700,9705,9702.5,1.36705e-05,6.83527e-05,1
9710,9715,9712.5,6.83527e-05,0.000341763,5
9715,9720,9717.5,2.73411e-05,0.000136705,2
9725,9730,9727.5,4.10116e-05,0.000205058,3
9730,9735,9732.5,2.73411e-05,0.000136705,2
9735,9740,9737.5,2.73411e-05,0.000136705,2
9740,9745,9742.5,2.73411e-05,0.000136705,2
9745,9750,9747.5,1.36705e-05,6.83527e-05,1
9750,9755,9752.5,2.73411e-05,0.000136705,2
9765,9770,9767.5,2.73411e-05,0.000136705,2
9775,9780,9777.5,1.36705e-05,6.83527e-05,1
9780,9785,9782.5,1.36705e-05,6.83527e-05,1
9790,9795,9792.5,1.36705e-05,6.83527e-05,1
9795,9800,9797.5,2.73411e-05,0.000136705,2
9805,9810,9807.5,2.73411e-05,0.000136705,2
9810,9815,9812.5,2.73411e-05,0.000136705,2
9825,9830,9827.5,1.36705e-05,6.83527e-05,1
9830,9835,9832.5,1.36705e-05,6.83527e-05,1
9845,9850,9847.5,1.36705e-05,6.83527e-05,1
9860,9865,9862.5,1.36705e-05,6.83527e-05,1
9875,9880,9877.5,1.36705e-05,6.83527e-05,1
9880,9885,9882.5,4.10116e-05,0.000205058,3
9890,9895,9892.5,1.36705e-05,6.83527e-05,1
9895,9900,9897.5,1.36705e-05,6.83527e-05,1
9900,9905,9902.5,4.10116e-05,0.000205058,3
9905,9910,9907.5,1.36705e-05,6.83527e-05,1
9910,9915,9912.5,4.10116e-05,0.000205058,3
9920,9925,9922.5,1.36705e-05,6.83527e-05,1
9925,9930,9927.5,5.46822e-05,0.000273411,4
9930,9935,9932.5,1.36705e-05,6.83527e-05,1
9960,9965,9962.5,2.73411e-05,0.000136705,2
9965,9970,9967.5,2.73411e-05,0.000136705,2
9970,9975,9972.5,2.73411e-05,0.000136705,2
9990,9995,9992.5,1.36705e-05,6.83527e-05,1
10005,10010,10007.5,1.36705e-05,6.83527e-05,1
10015,10020,10017.5,1.36705e-05,6.83527e-05,1
10020,10025,10022.5,1.36705e-05,6.83527e-05,1
10025,10030,10027.5,1.36705e-05,6.83527e-05,1
10030,10035,10032.5,2.73411e-05,0.000136705,2
10035,10040,10037.5,1.36705e-05,6.83527e-05,1
10040,10045,10042.5,1.36705e-05,6.83527e-05,1
10045,10050,10047.5,4.10116e-05,0.000205058,3
10050,10055,10052.5,1.36705e-05,6.83527e-05,1
10055,10060,10057.5,2.73411e-05,0.000136705,2
10060,10065,10062.5,2.73411e-05,0.000136705,2
10070,10075,10072.5,1.36705e-05,6.83527e-05,1
10080,10085,10082.5,1.36705e-05,6.83527e-05,1
10085,10090,10087.5,1.36705e-05,6.83527e-05,1
10095,10100,10097.5,1.36705e-05,6.83527e-05,1
10105,10110,10107.5,2.73411e-05,0.000136705,2
10125,10130,10127.5,2.73411e-05,0.000136705,2
10135,10140,10137.5,1.36705e-05,6.83527e-05,1
10140,10145,10142.5,2.73411e-05,0.000136705,2
10145,10150,10147.5,1.36705e-05,6.83527e-05,1
10150,10155,10152.5,1.36705e-05,6.83527e-05,1
10155,10160,10157.5,1.36705e-05,6.83527e-05,1
10160,10165,10162.5,1.36705e-05,6.83527e-05,1
10170,10175,10172.5,2.73411e-05,0.000136705,2
10175,10180,10177.5,1.36705e-05,6.83527e-05,1
10185,10190,10187.5,1.36705e-05,6.83527e-05,1
10190,10195,10192.5,1.36705e-05,6.83527e-05,1
10195,10200,10197.5,1.36705e-05,6.83527e-05,1
10205,10210,10207.5,2.73411e-05,0.000136705,2
10210,10215,10212.5,2.73411e-05,0.000136705,2
10240,10245,10242.5,1.36705e-05,6.83527e-05,1
10245,10250,10247.5,2.73411e-05,0.000136705,2
10255,10260,10257.5,2.73411e-05,0.000136705,2
10265,10270,10267.5,2.73411e-05,0.000136705,2
10270,10275,10272.5,1.36705e-05,6.83527e-05,1
10280,10285,10282.5,2.73411e-05,0.000136705,2
10290,10295,10292.5,1.36705e-05,6.83527e-05,1
10300,10305,10302.5,1.36705e-05,6.83527e-05,1
10305,10310,10307.5,1.36705e-05,6.83527e-05,1
10310,10315,10312.5,1.36705e-05,6.83527e-05,1
10315,10320,10317.5,2.73411e-05,0.000136705,2
10325,10330,10327.5,1.36705e-05,6.83527e-05,1
10330,10335,10332.5,2.73411e-05,0.000136705,2
10335,10340,10337.5,1.36705e-05,6.83527e-05,1
10340,10345,10342.5,1.36705e-05,6.83527e-05,1
10345,10350,10347.5,2.73411e-05,0.000136705,2
10350,10355,10352.5,5.46822e-05,0.000273411,4
10375,10380,10377.5,1.36705e-05,6.83527e-05,1
10385,10390,10387.5,1.36705e-05,6.83527e-05,1
10405,10410,10407.5,1.36705e-05,6.83527e-05,1
10415,10420,10417.5,1.36705e-05,6.83527e-05,1
10420,10425,10422.5,5.46822e-05,0.000273411,4
10425,10430,10427.5,2.73411e-05,0.000136705,2
10430,10435,10432.5,1.36705e-05,6.83527e-05,1
10445,10450,10447.5,2.73411e-05,0.000136705,2
10450,10455,10452.5,4.10116e-05,0.000205058,3
10455,10460,10457.5,1.36705e-05,6.83527e-05,1
10460,10465,10462.5,1.36705e-05,6.83527e-05,1
10470,10475,10472.5,1.36705e-05,6.83527e-05,1
10520,10525,10522.5,1.36705e-05,6.83527e-05,1
10530,10535,10532.5,1.36705e-05,6.83527e-05,1
10555,10560,10557.5,1.36705e-05,6.83527e-05,1
10575,10580,10577.5,1.36705e-05,6.83527e-05,1
10590,10595,10592.5,1.36705e-05,6.83527e-05,1
10595,10600,10597.5,2.73411e-05,0.000136705,2
10600,10605,10602.5,2.73411e-05,0.000136705,2
10625,10630,10627.5,1.36705e-05,6.83527e-05,1
10635,10640,10637.5,1.36705e-05,6.83527e-05,1
10645,10650,10647.5,1.36705e-05,6.83527e-05,1
10660,10665,10662.5,1.36705e-05,6.83527e-05,1
10695,10700,10697.5,1.36705e-05,6.83527e-05,1
10705,10710,10707.5,2.73411e-05,0.000136705,2
10725,10730,10727.5,1.36705e-05,6.83527e-05,1
10730,10735,10732.5,1.36705e-05,6.83527e-05,1
10735,10740,10737.5,1.36705e-05,6.83527e-05,1
10745,10750,10747.5,1.36705e-05,6.83527e-05,1
10760,10765,10762.5,2.73411e-05,0.000136705,2
10790,10795,10792.5,1.36705e-05,6.83527e-05,1
10795,10800,10797.5,2.73411e-05,0.000136705,2
10805,10810,10807.5,4.10116e-05,0.000205058,3
10815,10820,10817.5,1.36705e-05,6.83527e-05,1
10820,10825,10822.5,1.36705e-05,6.83527e-05,1
10825,10830,10827.5,1.36705e-05,6.83527e-05,1
10845,10850,10847.5,2.73411e-05,0.000136705,2
10850,10855,10852.5,1.36705e-05,6.83527e-05,1
10865,10870,10867.5,1.36705e-05,6.83527e-05,1
10880,10885,10882.5,2.73411e-05,0.000136705,2
10885,10890,10887.5,1.36705e-05,6.83527e-05,1
10895,10900,10897.5,1.36705e-05,6.83527e-05,1
10925,10930,10927.5,4.10116e-05,0.000205058,3
10935,10940,10937.5,1.36705e-05,6.83527e-05,1
10940,10945,10942.5,1.36705e-05,6.83527e-05,1
10955,10960,10957.5,1.36705e-05,6.83527e-05,1
10965,10970,10967.5,1.36705e-05,6.83527e-05,1
10975,10980,10977.5,1.36705e-05,6.83527e-05,1
10985,10990,10987.5,2.73411e-05,0.000136705,2
10995,11000,10997.5,1.36705e-05,6.83527e-05,1
11000,11005,11002.5,1.36705e-05,6.83527e-05,1
11010,11015,11012.5,1.36705e-05,6.83527e-05,1
11025,11030,11027.5,1.36705e-05,6.83527e-05,1
11030,11035,11032.5,1.36705e-05,6.83527e-05,1
11035,11040,11037.5,1.36705e-05,6.83527e-05,1
11040,11045,11042.5,1.36705e-05,6.83527e-05,1
11045,11050,11047.5,5.46822e-05,0.000273411,4
11050,11055,11052.5,2.73411e-05,0.000136705,2
11055,11060,11057.5,1.36705e-05,6.83527e-05,1
11060,11065,11062.5,1.36705e-05,6.83527e-05,1
11070,11075,11072.5,1.36705e-05,6.83527e-05,1
11085,11090,11087.5,1.36705e-05,6.83527e-05,1
11095,11100,11097.5,1.36705e-05,6.83527e-05,1
11100,11105,11102.5,1.36705e-05,6.83527e-05,1
11105,11110,11107.5,1.36705e-05,6.83527e-05,1
11110,11115,11112.5,1.36705e-05,6.83527e-05,1
11115,11120,11117.5,5.46822e-05,0.000273411,4
11125,11130,11127.5,4.10116e-05,0.000205058,3
11150,11155,11152.5,1.36705e-05,6.83527e-05,1
11160,11165,11162.5,1.36705e-05,6.83527e-05,1
11165,11170,11167.5,2.73411e-05,0.000136705,2
11170,11175,11172.5,1.36705e-05,6.83527e-05,1
11175,11180,11177.5,1.36705e-05,6.83527e-05,1
11180,11185,11182.5,2.73411e-05,0.000136705,2
11190,11195,11192.5,1.36705e-05,6.83527e-05,1
11195,11200,11197.5,2.73411e-05,0.000136705,2
11205,11210,11207.5,1.36705e-05,6.83527e-05,1
11215,11220,11217.5,2.73411e-05,0.000136705,2
11225,11230,11227.5,1.36705e-05,6.83527e-05,1
11245,11250,11247.5,1.36705e-05,6.83527e-05,1
11250,11255,11252.5,2.73411e-05,0.000136705,2
11260,11265,11262.5,1.36705e-05,6.83527e-05,1
11275,11280,11277.5,1.36705e-05,6.83527e-05,1
11280,11285,11282.5,2.73411e-05,0.000136705,2
11285,11290,11287.5,1.36705e-05,6.83527e-05,1
11310,11315,11312.5,1.36705e-05,6.83527e-05,1
11315,11320,11317.5,2.73411e-05,0.000136705,2
11320,11325,11322.5,2.73411e-05,0.000136705,2
11335,11340,11337.5,2.73411e-05,0.000136705,2
11350,11355,11352.5,1.36705e-05,6.83527e-05,1
11360,11365,11362.5,1.36705e-05,6.83527e-05,1
11365,11370,11367.5,1.36705e-05,6.83527e-05,1
11370,11375,11372.5,1.36705e-05,6.83527e-05,1
11380,11385,11382.5,1.36705e-05,6.83527e-05,1
11385,11390,11387.5,2.73411e-05,0.000136705,2
11395,11400,11397.5,1.36705e-05,6.83527e-05,1
11400,11405,11402.5,1.36705e-05,6.83527e-05,1
11405,11410,11407.5,1.36705e-05,6.83527e-05,1
11425,11430,11427.5,2.73411e-05,0.000136705,2
11435,11440,11437.5,2.73411e-05,0.000136705,2
11440,11445,11442.5,1.36705e-05,6.83527e-05,1
11445,11450,11447.5,2.73411e-05,0.000136705,2
11450,11455,11452.5,2.73411e-05,0.000136705,2
11470,11475,11472.5,2.73411e-05,0.000136705,2
11480,11485,11482.5,1.36705e-05,6.83527e-05,1
11495,11500,11497.5,1.36705e-05,6.83527e-05,1
11500,11505,11502.5,1.36705e-05,6.83527e-05,1
11505,11510,11507.5,1.36705e-05,6.83527e-05,1
11515,11520,11517.5,1.36705e-05,6.83527e-05,1
11525,11530,11527.5,1.36705e-05,6.83527e-05,1
11530,11535,11532.5,1.36705e-05,6.83527e-05,1
11535,11540,11537.5,1.36705e-05,6.83527e-05,1
11540,11545,11542.5,4.10116e-05,0.000205058,3
11545,11550,11547.5,1.36705e-05,6.83527e-05,1
11555,11560,11557.5,1.36705e-05,6.83527e-05,1
11565,11570,11567.5,1.36705e-05,6.83527e-05,1
11585,11590,11587.5,1.36705e-05,6.83527e-05,1
11595,11600,11597.5,1.36705e-05,6.83527e-05,1
11600,11605,11602.5,2.73411e-05,0.000136705,2
11610,11615,11612.5,1.36705e-05,6.83527e-05,1
11615,11620,11617.5,1.36705e-05,6.83527e-05,1
11625,11630,11627.5,4.10116e-05,0.000205058,3
11635,11640,11637.5,1.36705e-05,6.83527e-05,1
11675,11680,11677.5,1.36705e-05,6.83527e-05,1
11680,11685,11682.5,2.73411e-05,0.000136705,2
11695,11700,11697.5,1.36705e-05,6.83527e-05,1
11700,11705,11702.5,1.36705e-05,6.83527e-05,1
11705,11710,11707.5,1.36705e-05,6.83527e-05,1
11715,11720,11717.5,4.10116e-05,0.000205058,3
11740,11745,11742.5,1.36705e-05,6.83527e-05,1
11745,11750,11747.5,1.36705e-05,6.83527e-05,1
11750,11755,11752.5,2.73411e-05,0.000136705,2
11755,11760,11757.5,2.73411e-05,0.000136705,2
11760,11765,11762.5,2.73411e-05,0.000136705,2
11765,11770,11767.5,1.36705e-05,6.83527e-05,1
11770,11775,11772.5,1.36705e-05,6.83527e-05,1
11775,11780,11777.5,1.36705e-05,6.83527e-05,1
11795,11800,11797.5,4.10116e-05,0.000205058,3
11810,11815,11812.5,1.36705e-05,6.83527e-05,1
11820,11825,11822.5,1.36705e-05,6.83527e-05,1
11835,11840,11837.5,2.73411e-05,0.000136705,2
11855,11860,11857.5,2.73411e-05,0.000136705,2
11865,11870,11867.5,1.36705e-05,6.83527e-05,1
11880,11885,11882.5,1.36705e-05,6.83527e-05,1
11900,11905,11902.5,1.36705e-05,6.83527e-05,1
11905,11910,11907.5,1.36705e-05,6.83527e-05,1
11910,11915,11912.5,1.36705e-05,6.83527e-05,1
11940,11945,11942.5,1.36705e-05,6.83527e-05,1
11950,11955,11952.5,1.36705e-05,6.83527e-05,1
11965,11970,11967.5,2.73411e-05,0.000136705,2
11975,11980,11977.5,1.36705e-05,6.83527e-05,1
11980,11985,11982.5,2.73411e-05,0.000136705,2
12010,12015,12012.5,1.36705e-05,6.83527e-05,1
12020,12025,12022.5,2.73411e-05,0.000136705,2
12025,12030,12027.5,2.73411e-05,0.000136705,2
12030,12035,12032.5,1.36705e-05,6.83527e-05,1
12040,12045,12042.5,1.36705e-05,6.83527e-05,1
12065,12070,12067.5,1.36705e-05,6.83527e-05,1
12080,12085,12082.5,1.36705e-05,6.83527e-05,1
12110,12115,12112.5,1.36705e-05,6.83527e-05,1
12115,12120,12117.5,1.36705e-05,6.83527e-05,1
12125,12130,12127.5,1.36705e-05,6.83527e-05,1
12140,12145,12142.5,1.36705e-05,6.83527e-05,1
12145,12150,12147.5,1.36705e-05,6.83527e-05,1
12160,12165,12162.5,1.36705e-05,6.83527e-05,1
12170,12175,12172.5,1.36705e-05,6.83527e-05,1
12180,12185,12182.5,1.36705e-05,6.83527e-05,1
12190,12195,12192.5,1.36705e-05,6.83527e-05,1
12205,12210,12207.5,1.36705e-05,6.83527e-05,1
12215,12220,12217.5,4.10116e-05,0.000205058,3
12235,12240,12237.5,1.36705e-05,6.83527e-05,1
12240,12245,12242.5,2.73411e-05,0.000136705,2
12245,12250,12247.5,1.36705e-05,6.83527e-05,1
12255,12260,12257.5,1.36705e-05,6.83527e-05,1
12265,12270,12267.5,1.36705e-05,6.83527e-05,1
12270,12275,12272.5,1.36705e-05,6.83527e-05,1
12295,12300,12297.5,1.36705e-05,6.83527e-05,1
12310,12315,12312.5,4.10116e-05,0.000205058,3
12330,12335,12332.5,1.36705e-05,6.83527e-05,1
12355,12360,12357.5,1.36705e-05,6.83527e-05,1
12370,12375,12372.5,4.10116e-05,0.000205058,3
12375,12380,12377.5,1.36705e-05,6.83527e-05,1
12380,12385,12382.5,1.36705e-05,6.83527e-05,1
12395,12400,12397.5,1.36705e-05,6.83527e-05,1
12400,12405,12402.5,1.36705e-05,6.83527e-05,1
12405,12410,12407.5,1.36705e-05,6.83527e-05,1
12410,12415,12412.5,1.36705e-05,6.83527e-05,1
12415,12420,12417.5,1.36705e-05,6.83527e-05,1
12450,12455,12452.5,1.36705e-05,6.83527e-05,1
12460,12465,12462.5,1.36705e-05,6.83527e-05,1
12480,12485,12482.5,2.73411e-05,0.000136705,2
12495,12500,12497.5,1.36705e-05,6.83527e-05,1
12510,12515,12512.5,2.73411e-05,0.000136705,2
12515,12520,12517.5,1.36705e-05,6.83527e-05,1
12520,12525,12522.5,1.36705e-05,6.83527e-05,1
12550,12555,12552.5,2.73411e-05,0.000136705,2
12560,12565,12562.5,2.73411e-05,0.000136705,2
12600,12605,12602.5,1.36705e-05,6.83527e-05,1
12620,12625,12622.5,2.73411e-05,0.000136705,2
12630,12635,12632.5,2.73411e-05,0.000136705,2
12645,12650,12647.5,1.36705e-05,6.83527e-05,1
12690,12695,12692.5,1.36705e-05,6.83527e-05,1
12695,12700,12697.5,2.73411e-05,0.000136705,2
12700,12705,12702.5,1.36705e-05,6.83527e-05,1
12720,12725,12722.5,1.36705e-05,6.83527e-05,1
12725,12730,12727.5,1.36705e-05,6.83527e-05,1
12740,12745,12742.5,1.36705e-05,6.83527e-05,1
12755,12760,12757.5,1.36705e-05,6.83527e-05,1
12765,12770,12767.5,1.36705e-05,6.83527e-05,1
12770,12775,12772.5,1.36705e-05,6.83527e-05,1
12775,12780,12777.5,1.36705e-05,6.83527e-05,1
12780,12785,12782.5,1.36705e-05,6.83527e-05,1
12790,12795,12792.5,1.36705e-05,6.83527e-05,1
12795,12800,12797.5,1.36705e-05,6.83527e-05,1
12805,12810,12807.5,1.36705e-05,6.83527e-05,1
12815,12820,12817.5,1.36705e-05,6.83527e-05,1
12830,12835,12832.5,1.36705e-05,6.83527e-05,1
12835,12840,12837.5,1.36705e-05,6.83527e-05,1
12855,12860,12857.5,1.36705e-05,6.83527e-05,1
12885,12890,12887.5,1.36705e-05,6.83527e-05,1
12895,12900,12897.5,1.36705e-05,6.83527e-05,1
12930,12935,12932.5,1.36705e-05,6.83527e-05,1
12935,12940,12937.5,1.36705e-05,6.83527e-05,1
12950,12955,12952.5,1.36705e-05,6.83527e-05,1
12960,12965,12962.5,1.36705e-05,6.83527e-05,1
12970,12975,12972.5,1.36705e-05,6.83527e-05,1
13010,13015,13012.5,2.73411e-05,0.000136705,2
13035,13040,13037.5,1.36705e-05,6.83527e-05,1
13040,13045,13042.5,2.73411e-05,0.000136705,2
13060,13065,13062.5,2.73411e-05,0.000136705,2
13065,13070,13067.5,1.36705e-05,6.83527e-05,1
13070,13075,13072.5,1.36705e-05,6.83527e-05,1
13075,13080,13077.5,1.36705e-05,6.83527e-05,1
13080,13085,13082.5,1.36705e-05,6.83527e-05,1
13090,13095,13092.5,1.36705e-05,6.83527e-05,1
13105,13110,13107.5,2.73411e-05,0.000136705,2
13145,13150,13147.5,1.36705e-05,6.83527e-05,1
13155,13160,13157.5,1.36705e-05,6.83527e-05,1
13165,13170,13167.5,1.36705e-05,6.83527e-05,1
13190,13195,13192.5,1.36705e-05,6.83527e-05,1
13210,13215,13212.5,1.36705e-05,6.83527e-05,1
13220,13225,13222.5,2.73411e-05,0.000136705,2
13225,13230,13227.5,1.36705e-05,6.83527e-05,1
13230,13235,13232.5,1.36705e-05,6.83527e-05,1
13270,13275,13272.5,1.36705e-05,6.83527e-05,1
13280,13285,13282.5,1.36705e-05,6.83527e-05,1
13290,13295,13292.5,1.36705e-05,6.83527e-05,1
13295,13300,13297.5,1.36705e-05,6.83527e-05,1
13300,13305,13302.5,1.36705e-05,6.83527e-05,1
13305,13310,13307.5,1.36705e-05,6.83527e-05,1
13320,13325,13322.5,1.36705e-05,6.83527e-05,1
13370,13375,13372.5,2.73411e-05,0.000136705,2
13385,13390,13387.5,1.36705e-05,6.83527e-05,1
13405,13410,13407.5,2.73411e-05,0.000136705,2
13420,13425,13422.5,1.36705e-05,6.83527e-05,1
13430,13435,13432.5,1.36705e-05,6.83527e-05,1
13445,13450,13447.5,1.36705e-05,6.83527e-05,1
13465,13470,13467.5,1.36705e-05,6.83527e-05,1
13490,13495,13492.5,1.36705e-05,6.83527e-05,1
13510,13515,13512.5,1.36705e-05,6.83527e-05,1
13535,13540,13537.5,1.36705e-05,6.83527e-05,1
13545,13550,13547.5,1.36705e-05,6.83527e-05,1
13550,13555,13552.5,1.36705e-05,6.83527e-05,1
13555,13560,13557.5,2.73411e-05,0.000136705,2
13565,13570,13567.5,2.73411e-05,0.000136705,2
13585,13590,13587.5,1.36705e-05,6.83527e-05,1
13590,13595,13592.5,1.36705e-05,6.83527e-05,1
13595,13600,13597.5,1.36705e-05,6.83527e-05,1
13605,13610,13607.5,1.36705e-05,6.83527e-05,1
13640,13645,13642.5,4.10116e-05,0.000205058,3
13650,13655,13652.5,1.36705e-05,6.83527e-05,1
13660,13665,13662.5,1.36705e-05,6.83527e-05,1
13665,13670,13667.5,2.73411e-05,0.000136705,2
13680,13685,13682.5,1.36705e-05,6.83527e-05,1
13705,13710,13707.5,1.36705e-05,6.83527e-05,1
13710,13715,13712.5,1.36705e-05,6.83527e-05,1
13715,13720,13717.5,1.36705e-05,6.83527e-05,1
13725,13730,13727.5,2.73411e-05,0.000136705,2
13750,13755,13752.5,1.36705e-05,6.83527e-05,1
13755,13760,13757.5,1.36705e-05,6.83527e-05,1
13760,13765,13762.5,1.36705e-05,6.83527e-05,1
13790,13795,13792.5,4.10116e-05,0.000205058,3
13795,13800,13797.5,1.36705e-05,6.83527e-05,1
13805,13810,13807.5,1.36705e-05,6.83527e-05,1
13850,13855,13852.5,1.36705e-05,6.83527e-05,1
13855,13860,13857.5,1.36705e-05,6.83527e-05,1
13885,13890,13887.5,2.73411e-05,0.000136705,2
13890,13895,13892.5,1.36705e-05,6.83527e-05,1
13905,13910,13907.5,1.36705e-05,6.83527e-05,1
13910,13915,13912.5,1.36705e-05,6.83527e-05,1
13915,13920,13917.5,1.36705e-05,6.83527e-05,1
13940,13945,13942.5,1.36705e-05,6.83527e-05,1
13970,13975,13972.5,2.73411e-05,0.000136705,2
13975,13980,13977.5,2.73411e-05,0.000136705,2
13980,13985,13982.5,1.36705e-05,6.83527e-05,1
13985,13990,13987.5,1.36705e-05,6.83527e-05,1
14005,14010,14007.5,1.36705e-05,6.83527e-05,1
14030,14035,14032.5,1.36705e-05,6.83527e-05,1
14040,14045,14042.5,1.36705e-05,6.83527e-05,1
14045,14050,14047.5,2.73411e-05,0.000136705,2
14050,14055,14052.5,1.36705e-05,6.83527e-05,1
14060,14065,14062.5,1.36705e-05,6.83527e-05,1
14065,14070,14067.5,1.36705e-05,6.83527e-05,1
14070,14075,14072.5,1.36705e-05,6.83527e-05,1
14080,14085,14082.5,1.36705e-05,6.83527e-05,1
14100,14105,14102.5,1.36705e-05,6.83527e-05,1
14145,14150,14147.5,1.36705e-05,6.83527e-05,1
14180,14185,14182.5,1.36705e-05,6.83527e-05,1
14185,14190,14187.5,1.36705e-05,6.83527e-05,1
14195,14200,14197.5,1.36705e-05,6.83527e-05,1
14210,14215,14212.5,1.36705e-05,6.83527e-05,1
14215,14220,14217.5,1.36705e-05,6.83527e-05,1
14245,14250,14247.5,1.36705e-05,6.83527e-05,1
14250,14255,14252.5,1.36705e-05,6.83527e-05,1
14255,14260,14257.5,1.36705e-05,6.83527e-05,1
14270,14275,14272.5,1.36705e-05,6.83527e-05,1
14285,14290,14287.5,1.36705e-05,6.83527e-05,1
14290,14295,14292.5,1.36705e-05,6.83527e-05,1
14315,14320,14317.5,1.36705e-05,6.83527e-05,1
14320,14325,14322.5,4.10116e-05,0.000205058,3
14335,14340,14337.5,1.36705e-05,6.83527e-05,1
14340,14345,14342.5,1.36705e-05,6.83527e-05,1
14345,14350,14347.5,1.36705e-05,6.83527e-05,1
14350,14355,14352.5,1.36705e-05,6.83527e-05,1
14385,14390,14387.5,1.36705e-05,6.83527e-05,1
14390,14395,14392.5,1.36705e-05,6.83527e-05,1
14415,14420,14417.5,1.36705e-05,6.83527e-05,1
14420,14425,14422.5,1.36705e-05,6.83527e-05,1
14430,14435,14432.5,2.73411e-05,0.000136705,2
14435,14440,14437.5,1.36705e-05,6.83527e-05,1
14440,14445,14442.5,1.36705e-05,6.83527e-05,1
14445,14450,14447.5,1.36705e-05,6.83527e-05,1
14460,14465,14462.5,1.36705e-05,6.83527e-05,1
14465,14470,14467.5,1.36705e-05,6.83527e-05,1
14495,14500,14497.5,1.36705e-05,6.83527e-05,1
14505,14510,14507.5,1.36705e-05,6.83527e-05,1
14515,14520,14517.5,1.36705e-05,6.83527e-05,1
14525,14530,14527.5,1.36705e-05,6.83527e-05,1
14545,14550,14547.5,1.36705e-05,6.83527e-05,1
14550,14555,14552.5,1.36705e-05,6.83527e-05,1
14560,14565,14562.5,1.36705e-05,6.83527e-05,1
14565,14570,14567.5,2.73411e-05,0.000136705,2
14575,14580,14577.5,1.36705e-05,6.83527e-05,1
14590,14595,14592.5,1.36705e-05,6.83527e-05,1
14600,14605,14602.5,1.36705e-05,6.83527e-05,1
14645,14650,14647.5,2.73411e-05,0.000136705,2
14650,14655,14652.5,1.36705e-05,6.83527e-05,1
14660,14665,14662.5,1.36705e-05,6.83527e-05,1
14670,14675,14672.5,1.36705e-05,6.83527e-05,1
14715,14720,14717.5,1.36705e-05,6.83527e-05,1
14740,14745,14742.5,1.36705e-05,6.83527e-05,1
14750,14755,14752.5,1.36705e-05,6.83527e-05,1
14785,14790,14787.5,1.36705e-05,6.83527e-05,1
14790,14795,14792.5,2.73411e-05,0.000136705,2
14795,14800,14797.5,1.36705e-05,6.83527e-05,1
14800,14805,14802.5,1.36705e-05,6.83527e-05,1
14820,14825,14822.5,1.36705e-05,6.83527e-05,1
14830,14835,14832.5,2.73411e-05,0.000136705,2
14850,14855,14852.5,1.36705e-05,6.83527e-05,1
14855,14860,14857.5,1.36705e-05,6.83527e-05,1
14875,14880,14877.5,1.36705e-05,6.83527e-05,1
14895,14900,14897.5,1.36705e-05,6.83527e-05,1
14925,14930,14927.5,1.36705e-05,6.83527e-05,1
14960,14965,14962.5,1.36705e-05,6.83527e-05,1
14975,14980,14977.5,1.36705e-05,6.83527e-05,1
14980,14985,14982.5,1.36705e-05,6.83527e-05,1
15005,15010,15007.5,1.36705e-05,6.83527e-05,1
15015,15020,15017.5,1.36705e-05,6.83527e-05,1
15020,15025,15022.5,1.36705e-05,6.83527e-05,1
15065,15070,15067.5,1.36705e-05,6.83527e-05,1
15085,15090,15087.5,1.36705e-05,6.83527e-05,1
15130,15135,15132.5,1.36705e-05,6.83527e-05,1
15150,15155,15152.5,1.36705e-05,6.83527e-05,1
15165,15170,15167.5,1.36705e-05,6.83527e-05,1
15185,15190,15187.5,4.10116e-05,0.000205058,3
15195,15200,15197.5,1.36705e-05,6.83527e-05,1
15240,15245,15242.5,1.36705e-05,6.83527e-05,1
15255,15260,15257.5,1.36705e-05,6.83527e-05,1
15290,15295,15292.5,1.36705e-05,6.83527e-05,1
15305,15310,15307.5,1.36705e-05,6.83527e-05,1
15340,15345,15342.5,1.36705e-05,6.83527e-05,1
15430,15435,15432.5,1.36705e-05,6.83527e-05,1
15440,15445,15442.5,1.36705e-05,6.83527e-05,1
15455,15460,15457.5,1.36705e-05,6.83527e-05,1
15465,15470,15467.5,1.36705e-05,6.83527e-05,1
15490,15495,15492.5,1.36705e-05,6.83527e-05,1
15570,15575,15572.5,2.73411e-05,0.000136705,2
15595,15600,15597.5,2.73411e-05,0.000136705,2
15600,15605,15602.5,1.36705e-05,6.83527e-05,1
15645,15650,15647.5,1.36705e-05,6.83527e-05,1
15725,15730,15727.5,1.36705e-05,6.83527e-05,1
15760,15765,15762.5,1.36705e-05,6.83527e-05,1
15780,15785,15782.5,1.36705e-05,6.83527e-05,1
15795,15800,15797.5,1.36705e-05,6.83527e-05,1
15800,15805,15802.5,1.36705e-05,6.83527e-05,1
15860,15865,15862.5,1.36705e-05,6.83527e-05,1
15915,15920,15917.5,2.73411e-05,0.000136705,2
15925,15930,15927.5,1.36705e-05,6.83527e-05,1
15985,15990,15987.5,1.36705e-05,6.83527e-05,1
16020,16025,16022.5,1.36705e-05,6.83527e-05,1
16035,16040,16037.5,1.36705e-05,6.83527e-05,1
16040,16045,16042.5,1.36705e-05,6.83527e-05,1
16045,16050,16047.5,2.73411e-05,0.000136705,2
16080,16085,16082.5,1.36705e-05,6.83527e-05,1
16110,16115,16112.5,1.36705e-05,6.83527e-05,1
16170,16175,16172.5,1.36705e-05,6.83527e-05,1
16175,16180,16177.5,1.36705e-05,6.83527e-05,1
16210,16215,16212.5,1.36705e-05,6.83527e-05,1
16270,16275,16272.5,1.36705e-05,6.83527e-05,1
16290,16295,16292.5,1.36705e-05,6.83527e-05,1
16375,16380,16377.5,1.36705e-05,6.83527e-05,1
16395,16400,16397.5,1.36705e-05,6.83527e-05,1
16415,16420,16417.5,1.36705e-05,6.83527e-05,1
16490,16495,16492.5,1.36705e-05,6.83527e-05,1
16535,16540,16537.5,1.36705e-05,6.83527e-05,1
16575,16580,16577.5,1.36705e-05,6.83527e-05,1
16590,16595,16592.5,1.36705e-05,6.83527e-05,1
16660,16665,16662.5,1.36705e-05,6.83527e-05,1
16695,16700,16697.5,1.36705e-05,6.83527e-05,1
16755,16760,16757.5,1.36705e-05,6.83527e-05,1
16805,16810,16807.5,1.36705e-05,6.83527e-05,1
16810,16815,16812.5,1.36705e-05,6.83527e-05,1
16920,16925,16922.5,1.36705e-05,6.83527e-05,1
17010,17015,17012.5,2.73411e-05,0.000136705,2
17020,17025,17022.5,1.36705e-05,6.83527e-05,1
17045,17050,17047.5,1.36705e-05,6.83527e-05,1
17095,17100,17097.5,1.36705e-05,6.83527e-05,1
17110,17115,17112.5,1.36705e-05,6.83527e-05,1
17115,17120,17117.5,2.73411e-05,0.000136705,2
17130,17135,17132.5,1.36705e-05,6.83527e-05,1
17135,17140,17137.5,1.36705e-05,6.83527e-05,1
17170,17175,17172.5,1.36705e-05,6.83527e-05,1
17205,17210,17207.5,1.36705e-05,6.83527e-05,1
17230,17235,17232.5,1.36705e-05,6.83527e-05,1
17245,17250,17247.5,1.36705e-05,6.83527e-05,1
17250,17255,17252.5,1.36705e-05,6.83527e-05,1
17285,17290,17287.5,1.36705e-05,6.83527e-05,1
17290,17295,17292.5,1.36705e-05,6.83527e-05,1
17310,17315,17312.5,1.36705e-05,6.83527e-05,1
17335,17340,17337.5,1.36705e-05,6.83527e-05,1
17350,17355,17352.5,1.36705e-05,6.83527e-05,1
17370,17375,17372.5,1.36705e-05,6.83527e-05,1
17385,17390,17387.5,1.36705e-05,6.83527e-05,1
17395,17400,17397.5,1.36705e-05,6.83527e-05,1
17400,17405,17402.5,1.36705e-05,6.83527e-05,1
17405,17410,17407.5,1.36705e-05,6.83527e-05,1
17465,17470,17467.5,2.73411e-05,0.000136705,2
17530,17535,17532.5,1.36705e-05,6.83527e-05,1
17535,17540,17537.5,1.36705e-05,6.83527e-05,1
17570,17575,17572.5,1.36705e-05,6.83527e-05,1
17580,17585,17582.5,1.36705e-05,6.83527e-05,1
17595,17600,17597.5,1.36705e-05,6.83527e-05,1
17605,17610,17607.5,1.36705e-05,6.83527e-05,1
17650,17655,17652.5,1.36705e-05,6.83527e-05,1
17670,17675,17672.5,1.36705e-05,6.83527e-05,1
17680,17685,17682.5,1.36705e-05,6.83527e-05,1
17815,17820,17817.5,1.36705e-05,6.83527e-05,1
17825,17830,17827.5,1.36705e-05,6.83527e-05,1
17875,17880,17877.5,1.36705e-05,6.83527e-05,1
17945,17950,17947.5,1.36705e-05,6.83527e-05,1
17985,17990,17987.5,1.36705e-05,6.83527e-05,1
18010,18015,18012.5,1.36705e-05,6.83527e-05,1
18040,18045,18042.5,1.36705e-05,6.83527e-05,1
18045,18050,18047.5,1.36705e-05,6.83527e-05,1
18115,18120,18117.5,1.36705e-05,6.83527e-05,1
18130,18135,18132.5,1.36705e-05,6.83527e-05,1
18140,18145,18142.5,1.36705e-05,6.83527e-05,1
18150,18155,18152.5,1.36705e-05,6.83527e-05,1
18170,18175,18172.5,1.36705e-05,6.83527e-05,1
18265,18270,18267.5,1.36705e-05,6.83527e-05,1
18315,18320,18317.5,1.36705e-05,6.83527e-05,1
18335,18340,18337.5,1.36705e-05,6.83527e-05,1
18395,18400,18397.5,1.36705e-05,6.83527e-05,1
18450,18455,18452.5,1.36705e-05,6.83527e-05,1
18490,18495,18492.5,1.36705e-05,6.83527e-05,1
18495,18500,18497.5,1.36705e-05,6.83527e-05,1
18520,18525,18522.5,1.36705e-05,6.83527e-05,1
18550,18555,18552.5,1.36705e-05,6.83527e-05,1
18740,18745,18742.5,1.36705e-05,6.83527e-05,1
18750,18755,18752.5,1.36705e-05,6.83527e-05,1
18755,18760,18757.5,1.36705e-05,6.83527e-05,1
18765,18770,18767.5,1.36705e-05,6.83527e-05,1
18775,18780,18777.5,1.36705e-05,6.83527e-05,1
18845,18850,18847.5,1.36705e-05,6.83527e-05,1
18865,18870,18867.5,1.36705e-05,6.83527e-05,1
18925,18930,18927.5,1.36705e-05,6.83527e-05,1
18955,18960,18957.5,1.36705e-05,6.83527e-05,1
18960,18965,18962.5,1.36705e-05,6.83527e-05,1
18985,18990,18987.5,1.36705e-05,6.83527e-05,1
19065,19070,19067.5,1.36705e-05,6.83527e-05,1
19080,19085,19082.5,1.36705e-05,6.83527e-05,1
19150,19155,19152.5,1.36705e-05,6.83527e-05,1
19180,19185,19182.5,1.36705e-05,6.83527e-05,1
19235,19240,19237.5,1.36705e-05,6.83527e-05,1
19270,19275,19272.5,1.36705e-05,6.83527e-05,1
19315,19320,19317.5,2.73411e-05,0.000136705,2
19385,19390,19387.5,1.36705e-05,6.83527e-05,1
19440,19445,19442.5,1.36705e-05,6.83527e-05,1
19510,19515,19512.5,1.36705e-05,6.83527e-05,1
19520,19525,19522.5,1.36705e-05,6.83527e-05,1
19530,19535,19532.5,1.36705e-05,6.83527e-05,1
19565,19570,19567.5,1.36705e-05,6.83527e-05,1
19755,19760,19757.5,1.36705e-05,6.83527e-05,1
19770,19775,19772.5,1.36705e-05,6.83527e-05,1
19960,19965,19962.5,1.36705e-05,6.83527e-05,1
20115,20120,20117.5,1.36705e-05,6.83527e-05,1
20180,20185,20182.5,1.36705e-05,6.83527e-05,1
20270,20275,20272.5,1.36705e-05,6.83527e-05,1
20415,20420,20417.5,1.36705e-05,6.83527e-05,1
20435,20440,20437.5,1.36705e-05,6.83527e-05,1
20465,20470,20467.5,1.36705e-05,6.83527e-05,1
20495,20500,20497.5,1.36705e-05,6.83527e-05,1
20610,20615,20612.5,1.36705e-05,6.83527e-05,1
20690,20695,20692.5,1.36705e-05,6.83527e-05,1
20730,20735,20732.5,1.36705e-05,6.83527e-05,1
20805,20810,20807.5,1.36705e-05,6.83527e-05,1
20820,20825,20822.5,2.73411e-05,0.000136705,2
20890,20895,20892.5,1.36705e-05,6.83527e-05,1
21045,21050,21047.5,1.36705e-05,6.83527e-05,1
21100,21105,21102.5,1.36705e-05,6.83527e-05,1
21215,21220,21217.5,1.36705e-05,6.83527e-05,1
21265,21270,21267.5,1.36705e-05,6.83527e-05,1
21290,21295,21292.5,1.36705e-05,6.83527e-05,1
21545,21550,21547.5,1.36705e-05,6.83527e-05,1
22090,22095,22092.5,1.36705e-05,6.83527e-05,1
22185,22190,22187.5,1.36705e-05,6.83527e-05,1
22265,22270,22267.5,1.36705e-05,6.83527e-05,1
22310,22315,22312.5,1.36705e-05,6.83527e-05,1
22515,22520,22517.5,1.36705e-05,6.83527e-05,1
22960,22965,22962.5,1.36705e-05,6.83527e-05,1
23010,23015,23012.5,1.36705e-05,6.83527e-05,1
23175,23180,23177.5,1.36705e-05,6.83527e-05,1
23300,23305,23302.5,1.36705e-05,6.83527e-05,1
23375,23380,23377.5,1.36705e-05,6.83527e-05,1
23725,23730,23727.5,1.36705e-05,6.83527e-05,1
23735,23740,23737.5,1.36705e-05,6.83527e-05,1
24250,24255,24252.5,1.36705e-05,6.83527e-05,1
24325,24330,24327.5,2.73411e-05,0.000136705,2
24350,24355,24352.5,1.36705e-05,6.83527e-05,1
24430,24435,24432.5,1.36705e-05,6.83527e-05,1
24435,24440,24437.5,1.36705e-05,6.83527e-05,1
24545,24550,24547.5,1.36705e-05,6.83527e-05,1
24945,24950,24947.5,1.36705e-05,6.83527e-05,1
24965,24970,24967.5,1.36705e-05,6.83527e-05,1
24990,24995,24992.5,1.36705e-05,6.83527e-05,1
25200,25205,25202.5,1.36705e-05,6.83527e-05,1
25430,25435,25432.5,1.36705e-05,6.83527e-05,1
25460,25465,25462.5,1.36705e-05,6.83527e-05,1
25480,25485,25482.5,1.36705e-05,6.83527e-05,1
25500,25505,25502.5,1.36705e-05,6.83527e-05,1
25650,25655,25652.5,1.36705e-05,6.83527e-05,1
25660,25665,25662.5,1.36705e-05,6.83527e-05,1
25930,25935,25932.5,1.36705e-05,6.83527e-05,1
26025,26030,26027.5,1.36705e-05,6.83527e-05,1
26285,26290,26287.5,1.36705e-05,6.83527e-05,1
26345,26350,26347.5,1.36705e-05,6.83527e-05,1
26670,26675,26672.5,1.36705e-05,6.83527e-05,1
26925,26930,26927.5,1.36705e-05,6.83527e-05,1
27000,27005,27002.5,1.36705e-05,6.83527e-05,1
27065,27070,27067.5,1.36705e-05,6.83527e-05,1
27080,27085,27082.5,1.36705e-05,6.83527e-05,1
27290,27295,27292.5,1.36705e-05,6.83527e-05,1
27340,27345,27342.5,1.36705e-05,6.83527e-05,1
27365,27370,27367.5,1.36705e-05,6.83527e-05,1
28170,28175,28172.5,1.36705e-05,6.83527e-05,1
28290,28295,28292.5,1.36705e-05,6.83527e-05,1
28415,28420,28417.5,1.36705e-05,6.83527e-05,1
29145,29150,29147.5,1.36705e-05,6.83527e-05,1
29375,29380,29377.5,1.36705e-05,6.83527e-05,1
29560,29565,29562.5,1.36705e-05,6.83527e-05,1
29840,29845,29842.5,1.36705e-05,6.83527e-05,1
29855,29860,29857.5,1.36705e-05,6.83527e-05,1
29995,30000,29997.5,1.36705e-05,6.83527e-05,1
30170,30175,30172.5,1.36705e-05,6.83527e-05,1
30385,30390,30387.5,1.36705e-05,6.83527e-05,1
30410,30415,30412.5,1.36705e-05,6.83527e-05,1
31505,31510,31507.5,1.36705e-05,6.83527e-05,1
31795,31800,31797.5,1.36705e-05,6.83527e-05,1
32020,32025,32022.5,1.36705e-05,6.83527e-05,1
32085,32090,32087.5,1.36705e-05,6.83527e-05,1
32385,32390,32387.5,1.36705e-05,6.83527e-05,1
32465,32470,32467.5,1.36705e-05,6.83527e-05,1
32520,32525,32522.5,1.36705e-05,6.83527e-05,1
32525,32530,32527.5,1.36705e-05,6.83527e-05,1
33320,33325,33322.5,1.36705e-05,6.83527e-05,1
33500,33505,33502.5,1.36705e-05,6.83527e-05,1
34180,34185,34182.5,1.36705e-05,6.83527e-05,1
35710,35715,35712.5,1.36705e-05,6.83527e-05,1
36115,36120,36117.5,1.36705e-05,6.83527e-05,1
36970,36975,36972.5,1.36705e-05,6.83527e-05,1
37070,37075,37072.5,1.36705e-05,6.83527e-05,1
38055,38060,38057.5,1.36705e-05,6.83527e-05,1
39510,39515,39512.5,1.36705e-05,6.83527e-05,1
41085,41090,41087.5,1.36705e-05,6.83527e-05,1
41445,41450,41447.5,1.36705e-05,6.83527e-05,1
41460,41465,41462.5,1.36705e-05,6.83527e-05,1
41875,41880,41877.5,1.36705e-05,6.83527e-05,1
44405,44410,44407.5,1.36705e-05,6.83527e-05,1
45635,45640,45637.5,1.36705e-05,6.83527e-05,1
45665,45670,45667.5,1.36705e-05,6.83527e-05,1
50590,50595,50592.5,1.36705e-05,6.83527e-05,1
51555,51560,51557.5,1.36705e-05,6.83527e-05,1
VO Delay PDF CSV saved: scratch/delay_pdf/pedca_vo_delay_pdf.csv

P-EDCA STA Delay PDF CSV saved: /home/nathanlo/ns-3.45/scratch/delay_pdf/11be/adaptive_compare_burst/adaptive_k15_s3.csv
Legacy STA Delay PDF CSV saved: /home/nathanlo/ns-3.45/scratch/delay_pdf/11be/adaptive_compare_burst/adaptive_k15_s3_legacy.csv
--- EXTENDED_STATS_BEGIN ---
PEDCA_STA_SUCC_COUNT: 7713
PEDCA_STA_FAIL_COUNT: 172
PEDCA_STA_ZERO_RETX: 7710
LEGACY_STA_SUCC_COUNT: 6917
LEGACY_STA_FAIL_COUNT: 897
LEGACY_STA_ZERO_RETX: 6911
PEDCA_STA_AVG_MAC_DELAY: 3112.91
PEDCA_STA_AVG_QUEUE_DELAY: 2759.05
PEDCA_STA_AVG_ACCESS_DELAY: 353.857
LEGACY_STA_AVG_MAC_DELAY: 2711.42
LEGACY_STA_AVG_QUEUE_DELAY: 2382.43
LEGACY_STA_AVG_ACCESS_DELAY: 328.988
--- EXTENDED_STATS_END ---
