[INFO] std::clog redirected to: /dev/null

--- Per-STA P-EDCA Detail ---
  STA0: DS-CTS=1 S2Entry=1 S2Tx=1 PedcaOK=1 EdcaOK=0 FailCTS=0 FailColl=0 FailExp=0 Defer=0
  STA1: DS-CTS=25 S2Entry=25 S2Tx=14 PedcaOK=14 EdcaOK=586 FailCTS=0 FailColl=0 FailExp=0 Defer=0
  STA2: DS-CTS=192 S2Entry=192 S2Tx=118 PedcaOK=103 EdcaOK=293 FailCTS=3 FailColl=12 FailExp=0 Defer=4
  STA3: DS-CTS=7 S2Entry=7 S2Tx=4 PedcaOK=4 EdcaOK=817 FailCTS=0 FailColl=0 FailExp=0 Defer=0
  STA4: DS-CTS=5 S2Entry=5 S2Tx=5 PedcaOK=2 EdcaOK=3 FailCTS=3 FailColl=0 FailExp=0 Defer=0
  STA5: DS-CTS=117 S2Entry=117 S2Tx=82 PedcaOK=76 EdcaOK=474 FailCTS=0 FailColl=6 FailExp=0 Defer=7
  STA6: DS-CTS=202 S2Entry=202 S2Tx=134 PedcaOK=118 EdcaOK=416 FailCTS=2 FailColl=14 FailExp=0 Defer=3
  STA7: DS-CTS=89 S2Entry=89 S2Tx=64 PedcaOK=54 EdcaOK=335 FailCTS=1 FailColl=9 FailExp=0 Defer=0
  STA8: DS-CTS=125 S2Entry=125 S2Tx=75 PedcaOK=66 EdcaOK=337 FailCTS=1 FailColl=8 FailExp=0 Defer=3
  STA9: DS-CTS=176 S2Entry=176 S2Tx=116 PedcaOK=102 EdcaOK=385 FailCTS=2 FailColl=12 FailExp=0 Defer=3
  STA10: DS-CTS=187 S2Entry=187 S2Tx=104 PedcaOK=91 EdcaOK=396 FailCTS=2 FailColl=11 FailExp=0 Defer=2
  STA11: DS-CTS=120 S2Entry=120 S2Tx=90 PedcaOK=80 EdcaOK=310 FailCTS=5 FailColl=5 FailExp=0 Defer=5
  STA12: DS-CTS=70 S2Entry=70 S2Tx=47 PedcaOK=42 EdcaOK=609 FailCTS=2 FailColl=3 FailExp=0 Defer=4
  STA13: DS-CTS=163 S2Entry=163 S2Tx=112 PedcaOK=99 EdcaOK=354 FailCTS=2 FailColl=11 FailExp=0 Defer=2
  STA14: DS-CTS=135 S2Entry=135 S2Tx=82 PedcaOK=70 EdcaOK=284 FailCTS=4 FailColl=8 FailExp=0 Defer=0
  STA15: DS-CTS=108 S2Entry=108 S2Tx=62 PedcaOK=57 EdcaOK=417 FailCTS=1 FailColl=4 FailExp=0 Defer=0
  STA16: DS-CTS=14 S2Entry=14 S2Tx=11 PedcaOK=11 EdcaOK=467 FailCTS=0 FailColl=0 FailExp=0 Defer=5
  STA17: DS-CTS=131 S2Entry=131 S2Tx=82 PedcaOK=74 EdcaOK=461 FailCTS=3 FailColl=5 FailExp=0 Defer=0
  STA18: DS-CTS=1 S2Entry=1 S2Tx=1 PedcaOK=0 EdcaOK=1 FailCTS=1 FailColl=0 FailExp=0 Defer=0
  STA19: DS-CTS=93 S2Entry=93 S2Tx=56 PedcaOK=49 EdcaOK=278 FailCTS=2 FailColl=5 FailExp=0 Defer=3
  STA20: DS-CTS=1 S2Entry=1 S2Tx=1 PedcaOK=1 EdcaOK=0 FailCTS=0 FailColl=0 FailExp=0 Defer=0
  STA21: DS-CTS=105 S2Entry=105 S2Tx=71 PedcaOK=64 EdcaOK=256 FailCTS=0 FailColl=7 FailExp=0 Defer=2
  STA22: DS-CTS=178 S2Entry=178 S2Tx=110 PedcaOK=93 EdcaOK=294 FailCTS=5 FailColl=12 FailExp=0 Defer=0
  STA23: DS-CTS=4 S2Entry=4 S2Tx=4 PedcaOK=4 EdcaOK=600 FailCTS=0 FailColl=0 FailExp=0 Defer=0
  STA24: DS-CTS=215 S2Entry=215 S2Tx=120 PedcaOK=102 EdcaOK=228 FailCTS=2 FailColl=16 FailExp=0 Defer=1
  STA25: DS-CTS=61 S2Entry=61 S2Tx=45 PedcaOK=43 EdcaOK=657 FailCTS=0 FailColl=2 FailExp=0 Defer=4
  STA26: DS-CTS=187 S2Entry=187 S2Tx=113 PedcaOK=101 EdcaOK=317 FailCTS=2 FailColl=10 FailExp=0 Defer=1
  STA27: DS-CTS=125 S2Entry=125 S2Tx=88 PedcaOK=82 EdcaOK=401 FailCTS=2 FailColl=4 FailExp=0 Defer=3
  STA28: DS-CTS=129 S2Entry=129 S2Tx=85 PedcaOK=76 EdcaOK=482 FailCTS=1 FailColl=8 FailExp=0 Defer=1
  STA29: DS-CTS=163 S2Entry=163 S2Tx=90 PedcaOK=76 EdcaOK=175 FailCTS=3 FailColl=11 FailExp=0 Defer=0

=== General Statistics ===
P-EDCA Ratio: 1
P-EDCA STAs: 30/30
P-EDCA Share (Avg Per-STA P-EDCA Tx/Total Tx): 21.7718 %
Avg P-EDCA Attempt Success Rate: 59.544 %
Global P-EDCA Tx Success: 1755
Global EDCA Tx Success: 10633
Global P-EDCA Attempt (DS-CTS Sent): 3129

--- P-EDCA Detailed Trace ---
Stage 2 Entered: 3129
Stage 2 TX Started: 1987
P-EDCA Fail RTS No CTS: 49
P-EDCA Fail RTS Collision: 183
P-EDCA Fail Timing Expired: 0
P-EDCA Fail Deferral: 53
Total VO TX (P-EDCA+EDCA): 12388
Global P-EDCA Share: 14.1669 %
Global EDCA Share: 85.8331 %
Channel Idle Time (AP): 25.249 % (1.76743e+06 us / 7e+06 us)
Total Successes:       14373
Total Failures:        277
Total Retransmissions: 17

--- Per-AC Success Statistics ---
AC_BE:
  Successes:         40
  Throughput:        0.0457143 Mbps
  Packet Loss:       36.5079 %
  Avg Retx/MPDU:     0
  Avg Queue Delay:   -1.28028e+06 us (Enqueue->TxStart)
  Avg Access Delay:  1.40137e+06 us (TxStart->Ack)
  Avg MAC Delay:     121091 us (Total: Enqueue->Ack)

AC_VO:
  Successes:         14333
  Throughput:        16.3806 Mbps
  Packet Loss:       1.74128 %
  Avg Retx/MPDU:     0.00118607
  Avg Queue Delay:   2490.86 us (Enqueue->TxStart)
  Avg Access Delay:  341.452 us (TxStart->Ack)
  Avg MAC Delay:     2832.31 us (Total: Enqueue->Ack)

--- Per-AC Failure Statistics ---
AC_BE Failures: 23
AC_VO Failures: 254

--- Failure Reasons by AC ---
  AC_BE EXPIRED_LIFETIME: 23
  AC_VO RETRY_LIMIT: 254


=== Extended P-EDCA vs Legacy Statistics ===

--- [Stat 1] Delay by STA Type ---
P-EDCA STAs (30 STAs):
  Successes:         14333
  Failures:          258
  Throughput:        16.3806 Mbps
  Packet Loss:       1.76821 %
  Avg Queue Delay:   2490.86 us
  Avg Access Delay:  341.452 us
  Avg MAC Delay:     2832.31 us
  Median MAC Delay:  1476 us
  P95 MAC Delay:     10470 us
  P99 MAC Delay:     19198 us
Legacy EDCA STAs (0 STAs):
  Successes:         0
  Failures:          0
  Throughput:        0 Mbps
  Packet Loss:       0 %
  Avg Queue Delay:   0 us
  Avg Access Delay:  0 us
  Avg MAC Delay:     0 us

--- [Stat 2] Per-STA P-EDCA Attempt Count (DS-CTS Sent) ---
  STA0: 1 P-EDCA attempts
  STA1: 25 P-EDCA attempts
  STA2: 192 P-EDCA attempts
  STA3: 7 P-EDCA attempts
  STA4: 5 P-EDCA attempts
  STA5: 117 P-EDCA attempts
  STA6: 202 P-EDCA attempts
  STA7: 89 P-EDCA attempts
  STA8: 125 P-EDCA attempts
  STA9: 176 P-EDCA attempts
  STA10: 187 P-EDCA attempts
  STA11: 120 P-EDCA attempts
  STA12: 70 P-EDCA attempts
  STA13: 163 P-EDCA attempts
  STA14: 135 P-EDCA attempts
  STA15: 108 P-EDCA attempts
  STA16: 14 P-EDCA attempts
  STA17: 131 P-EDCA attempts
  STA18: 1 P-EDCA attempts
  STA19: 93 P-EDCA attempts
  STA20: 1 P-EDCA attempts
  STA21: 105 P-EDCA attempts
  STA22: 178 P-EDCA attempts
  STA23: 4 P-EDCA attempts
  STA24: 215 P-EDCA attempts
  STA25: 61 P-EDCA attempts
  STA26: 187 P-EDCA attempts
  STA27: 125 P-EDCA attempts
  STA28: 129 P-EDCA attempts
  STA29: 163 P-EDCA attempts
  Total: 3129 P-EDCA attempts across 30 P-EDCA STAs
  Avg per P-EDCA STA: 104.3

--- [Stat 3] P-EDCA One-Shot Success Probability ---
  P-EDCA Success / DS-CTS Sent:      1755 / 3129 = 56.0882 %
  P-EDCA Success / Stage2 TX Started: 1755 / 1987 = 88.3241 %  (given RTS was actually sent)

--- [Stat 4] EDCA One-Shot Success Ratio (0 retransmissions) ---
  Legacy STAs: 0 / 0 = 0 %
  P-EDCA STAs: 14316 / 14333 = 99.8814 %  (MAC-level, includes both P-EDCA and EDCA paths)

--- [Stat 5] P-EDCA Kickback-to-EDCA Probability ---
  Total P-EDCA Failures: 285 / 3129 DS-CTS = 9.10834 %
    RTS No CTS:       49 (1.566 %)
    RTS Collision:    183 (5.84851 %)
    Timing Expired:   0 (0 %)
    Deferral:         53 (1.69383 %)

--- [Stat 6] P-EDCA RTS Collision Probability ---
  RTS Collision / Stage2 TX Started: 183 / 1987 = 9.20986 %
  RTS Collision / DS-CTS Sent:       183 / 3129 = 5.84851 %

--- [Stat 7] P-EDCA Attempts per Successful P-EDCA TX ---
  DS-CTS Sent / P-EDCA Success: 3129 / 1755 = 1.78291 attempts/success
  Stage2 TX / P-EDCA Success:   1987 / 1755 = 1.13219 RTS/success

--- VO Delay PDF (MAC Delay) ---
bin_start_us,bin_end_us,bin_mid_us,pdf_per_us,probability,count
210,215,212.5,2.79076e-05,0.000139538,2
215,220,217.5,6.97691e-05,0.000348845,5
220,225,222.5,5.58153e-05,0.000279076,4
225,230,227.5,9.76767e-05,0.000488383,7
230,235,232.5,6.97691e-05,0.000348845,5
235,240,237.5,8.37229e-05,0.000418614,6
240,245,242.5,0.000139538,0.000697691,10
245,250,247.5,0.000153492,0.00076746,11
250,255,252.5,4.18614e-05,0.000209307,3
255,260,257.5,5.58153e-05,0.000279076,4
260,265,262.5,9.76767e-05,0.000488383,7
265,270,267.5,0.000125584,0.000627922,9
270,275,272.5,0.000111631,0.000558153,8
275,280,277.5,0.000195353,0.000976767,14
280,285,282.5,8.37229e-05,0.000418614,6
285,290,287.5,5.58153e-05,0.000279076,4
290,295,292.5,1.39538e-05,6.97691e-05,1
295,300,297.5,6.97691e-05,0.000348845,5
300,305,302.5,6.97691e-05,0.000348845,5
305,310,307.5,9.76767e-05,0.000488383,7
310,315,312.5,6.97691e-05,0.000348845,5
315,320,317.5,6.97691e-05,0.000348845,5
320,325,322.5,9.76767e-05,0.000488383,7
325,330,327.5,1.39538e-05,6.97691e-05,1
330,335,332.5,5.58153e-05,0.000279076,4
335,340,337.5,0.000153492,0.00076746,11
340,345,342.5,0.00244192,0.0122096,175
345,350,347.5,0.00406056,0.0203028,291
350,355,352.5,0.00120003,0.00600014,86
355,360,357.5,0.000655829,0.00327915,47
360,365,362.5,0.000655829,0.00327915,47
365,370,367.5,0.000572106,0.00286053,41
370,375,372.5,0.000641875,0.00320938,46
375,380,377.5,0.000348845,0.00174423,25
380,385,382.5,0.000167446,0.000837229,12
385,390,387.5,0.000265122,0.00132561,19
390,395,392.5,0.000348845,0.00174423,25
395,400,397.5,0.000446522,0.00223261,32
400,405,402.5,0.000432568,0.00216284,31
405,410,407.5,0.000334892,0.00167446,24
410,415,412.5,0.00029303,0.00146515,21
415,420,417.5,0.000530245,0.00265122,38
420,425,422.5,0.000446522,0.00223261,32
425,430,427.5,0.000404661,0.0020233,29
430,435,432.5,0.000376753,0.00188376,27
435,440,437.5,0.000418614,0.00209307,30
440,445,442.5,0.000237215,0.00118607,17
445,450,447.5,0.000279076,0.00139538,20
450,455,452.5,0.0138561,0.0692807,993
455,460,457.5,0.00029303,0.00146515,21
460,465,462.5,0.00029303,0.00146515,21
465,470,467.5,0.000320938,0.00160469,23
470,475,472.5,0.000306984,0.00153492,22
475,480,477.5,0.000334892,0.00167446,24
480,485,482.5,0.000306984,0.00153492,22
485,490,487.5,0.000432568,0.00216284,31
490,495,492.5,0.000362799,0.001814,26
495,500,497.5,0.000446522,0.00223261,32
500,505,502.5,0.000404661,0.0020233,29
505,510,507.5,0.00047443,0.00237215,34
510,515,512.5,0.000362799,0.001814,26
515,520,517.5,0.000460476,0.00230238,33
520,525,522.5,0.000390707,0.00195353,28
525,530,527.5,0.000446522,0.00223261,32
530,535,532.5,0.000306984,0.00153492,22
535,540,537.5,0.000362799,0.001814,26
540,545,542.5,0.000390707,0.00195353,28
545,550,547.5,0.000362799,0.001814,26
550,555,552.5,0.000348845,0.00174423,25
555,560,557.5,0.000432568,0.00216284,31
560,565,562.5,0.00087909,0.00439545,63
565,570,567.5,0.000390707,0.00195353,28
570,575,572.5,0.000558153,0.00279076,40
575,580,577.5,0.000446522,0.00223261,32
580,585,582.5,0.000669783,0.00334892,48
585,590,587.5,0.000209307,0.00104654,15
590,595,592.5,0.000446522,0.00223261,32
595,600,597.5,0.000306984,0.00153492,22
600,605,602.5,0.000418614,0.00209307,30
605,610,607.5,0.000237215,0.00118607,17
610,615,612.5,0.000209307,0.00104654,15
615,620,617.5,0.000432568,0.00216284,31
620,625,622.5,0.000348845,0.00174423,25
625,630,627.5,0.000418614,0.00209307,30
630,635,632.5,0.000320938,0.00160469,23
635,640,637.5,0.000279076,0.00139538,20
640,645,642.5,0.000418614,0.00209307,30
645,650,647.5,0.000334892,0.00167446,24
650,655,652.5,0.000544199,0.00272099,39
655,660,657.5,0.000362799,0.001814,26
660,665,662.5,0.000320938,0.00160469,23
665,670,667.5,0.000334892,0.00167446,24
670,675,672.5,0.00534431,0.0267216,383
675,680,677.5,0.000376753,0.00188376,27
680,685,682.5,0.000306984,0.00153492,22
685,690,687.5,0.000418614,0.00209307,30
690,695,692.5,0.000390707,0.00195353,28
695,700,697.5,0.000390707,0.00195353,28
700,705,702.5,0.000334892,0.00167446,24
705,710,707.5,0.000404661,0.0020233,29
710,715,712.5,0.000223261,0.00111631,16
715,720,717.5,0.000237215,0.00118607,17
720,725,722.5,0.000530245,0.00265122,38
725,730,727.5,0.000279076,0.00139538,20
730,735,732.5,0.000348845,0.00174423,25
735,740,737.5,0.000265122,0.00132561,19
740,745,742.5,0.000362799,0.001814,26
745,750,747.5,0.000390707,0.00195353,28
750,755,752.5,0.000376753,0.00188376,27
755,760,757.5,0.000362799,0.001814,26
760,765,762.5,0.000390707,0.00195353,28
765,770,767.5,0.000404661,0.0020233,29
770,775,772.5,0.000265122,0.00132561,19
775,780,777.5,0.000390707,0.00195353,28
780,785,782.5,0.00178609,0.00893044,128
785,790,787.5,0.000362799,0.001814,26
790,795,792.5,0.000153492,0.00076746,11
795,800,797.5,0.000195353,0.000976767,14
800,805,802.5,0.0001814,0.000906998,13
805,810,807.5,0.000209307,0.00104654,15
810,815,812.5,0.000167446,0.000837229,12
815,820,817.5,0.000167446,0.000837229,12
820,825,822.5,0.0001814,0.000906998,13
825,830,827.5,0.0001814,0.000906998,13
830,835,832.5,0.000279076,0.00139538,20
835,840,837.5,0.000209307,0.00104654,15
840,845,842.5,0.000306984,0.00153492,22
845,850,847.5,0.000251169,0.00125584,18
850,855,852.5,0.000362799,0.001814,26
855,860,857.5,0.000153492,0.00076746,11
860,865,862.5,0.000209307,0.00104654,15
865,870,867.5,0.000390707,0.00195353,28
870,875,872.5,0.00029303,0.00146515,21
875,880,877.5,0.000348845,0.00174423,25
880,885,882.5,0.000209307,0.00104654,15
885,890,887.5,0.000251169,0.00125584,18
890,895,892.5,0.00139538,0.00697691,100
895,900,897.5,0.000502337,0.00251169,36
900,905,902.5,0.000265122,0.00132561,19
905,910,907.5,0.000223261,0.00111631,16
910,915,912.5,0.000334892,0.00167446,24
915,920,917.5,0.000195353,0.000976767,14
920,925,922.5,0.000251169,0.00125584,18
925,930,927.5,0.000139538,0.000697691,10
930,935,932.5,0.000265122,0.00132561,19
935,940,937.5,0.000334892,0.00167446,24
940,945,942.5,0.000237215,0.00118607,17
945,950,947.5,0.000237215,0.00118607,17
950,955,952.5,0.000306984,0.00153492,22
955,960,957.5,0.000251169,0.00125584,18
960,965,962.5,0.000362799,0.001814,26
965,970,967.5,0.000195353,0.000976767,14
970,975,972.5,0.000251169,0.00125584,18
975,980,977.5,0.000279076,0.00139538,20
980,985,982.5,0.000418614,0.00209307,30
985,990,987.5,0.000334892,0.00167446,24
990,995,992.5,0.000362799,0.001814,26
995,1000,997.5,0.000711644,0.00355822,51
1000,1005,1002.5,0.000306984,0.00153492,22
1005,1010,1007.5,0.00029303,0.00146515,21
1010,1015,1012.5,0.000237215,0.00118607,17
1015,1020,1017.5,0.000306984,0.00153492,22
1020,1025,1022.5,0.000209307,0.00104654,15
1025,1030,1027.5,0.000348845,0.00174423,25
1030,1035,1032.5,0.000334892,0.00167446,24
1035,1040,1037.5,0.000209307,0.00104654,15
1040,1045,1042.5,0.000265122,0.00132561,19
1045,1050,1047.5,0.000153492,0.00076746,11
1050,1055,1052.5,0.000237215,0.00118607,17
1055,1060,1057.5,0.000237215,0.00118607,17
1060,1065,1062.5,0.000279076,0.00139538,20
1065,1070,1067.5,0.000348845,0.00174423,25
1070,1075,1072.5,0.000167446,0.000837229,12
1075,1080,1077.5,0.000320938,0.00160469,23
1080,1085,1082.5,0.00029303,0.00146515,21
1085,1090,1087.5,0.00029303,0.00146515,21
1090,1095,1092.5,0.000320938,0.00160469,23
1095,1100,1097.5,0.000209307,0.00104654,15
1100,1105,1102.5,0.000418614,0.00209307,30
1105,1110,1107.5,0.000600014,0.00300007,43
1110,1115,1112.5,0.000223261,0.00111631,16
1115,1120,1117.5,0.000237215,0.00118607,17
1120,1125,1122.5,0.000348845,0.00174423,25
1125,1130,1127.5,0.0001814,0.000906998,13
1130,1135,1132.5,0.000320938,0.00160469,23
1135,1140,1137.5,0.000237215,0.00118607,17
1140,1145,1142.5,0.000362799,0.001814,26
1145,1150,1147.5,0.000237215,0.00118607,17
1150,1155,1152.5,0.000223261,0.00111631,16
1155,1160,1157.5,0.00029303,0.00146515,21
1160,1165,1162.5,0.0001814,0.000906998,13
1165,1170,1167.5,0.000265122,0.00132561,19
1170,1175,1172.5,0.0001814,0.000906998,13
1175,1180,1177.5,0.000195353,0.000976767,14
1180,1185,1182.5,0.000348845,0.00174423,25
1185,1190,1187.5,0.000306984,0.00153492,22
1190,1195,1192.5,0.000237215,0.00118607,17
1195,1200,1197.5,0.000251169,0.00125584,18
1200,1205,1202.5,0.000306984,0.00153492,22
1205,1210,1207.5,0.000195353,0.000976767,14
1210,1215,1212.5,0.000306984,0.00153492,22
1215,1220,1217.5,0.000334892,0.00167446,24
1220,1225,1222.5,0.000362799,0.001814,26
1225,1230,1227.5,0.000265122,0.00132561,19
1230,1235,1232.5,0.000334892,0.00167446,24
1235,1240,1237.5,0.000376753,0.00188376,27
1240,1245,1242.5,0.000209307,0.00104654,15
1245,1250,1247.5,0.000223261,0.00111631,16
1250,1255,1252.5,0.000251169,0.00125584,18
1255,1260,1257.5,0.000209307,0.00104654,15
1260,1265,1262.5,0.0001814,0.000906998,13
1265,1270,1267.5,0.000223261,0.00111631,16
1270,1275,1272.5,0.000209307,0.00104654,15
1275,1280,1277.5,0.000306984,0.00153492,22
1280,1285,1282.5,0.00029303,0.00146515,21
1285,1290,1287.5,0.00029303,0.00146515,21
1290,1295,1292.5,0.000209307,0.00104654,15
1295,1300,1297.5,0.000251169,0.00125584,18
1300,1305,1302.5,0.000209307,0.00104654,15
1305,1310,1307.5,0.000139538,0.000697691,10
1310,1315,1312.5,0.000153492,0.00076746,11
1315,1320,1317.5,0.000251169,0.00125584,18
1320,1325,1322.5,0.000279076,0.00139538,20
1325,1330,1327.5,0.000320938,0.00160469,23
1330,1335,1332.5,0.000251169,0.00125584,18
1335,1340,1337.5,0.000306984,0.00153492,22
1340,1345,1342.5,0.0001814,0.000906998,13
1345,1350,1347.5,0.000209307,0.00104654,15
1350,1355,1352.5,0.000209307,0.00104654,15
1355,1360,1357.5,0.000348845,0.00174423,25
1360,1365,1362.5,0.000125584,0.000627922,9
1365,1370,1367.5,0.0001814,0.000906998,13
1370,1375,1372.5,0.0001814,0.000906998,13
1375,1380,1377.5,0.000251169,0.00125584,18
1380,1385,1382.5,0.000223261,0.00111631,16
1385,1390,1387.5,0.000306984,0.00153492,22
1390,1395,1392.5,0.000209307,0.00104654,15
1395,1400,1397.5,0.000139538,0.000697691,10
1400,1405,1402.5,0.000111631,0.000558153,8
1405,1410,1407.5,9.76767e-05,0.000488383,7
1410,1415,1412.5,0.000167446,0.000837229,12
1415,1420,1417.5,0.000167446,0.000837229,12
1420,1425,1422.5,0.000223261,0.00111631,16
1425,1430,1427.5,0.000209307,0.00104654,15
1430,1435,1432.5,0.000348845,0.00174423,25
1435,1440,1437.5,0.000223261,0.00111631,16
1440,1445,1442.5,0.000237215,0.00118607,17
1445,1450,1447.5,0.000306984,0.00153492,22
1450,1455,1452.5,0.000223261,0.00111631,16
1455,1460,1457.5,0.000195353,0.000976767,14
1460,1465,1462.5,0.00029303,0.00146515,21
1465,1470,1467.5,0.000223261,0.00111631,16
1470,1475,1472.5,0.000237215,0.00118607,17
1475,1480,1477.5,0.000306984,0.00153492,22
1480,1485,1482.5,0.000111631,0.000558153,8
1485,1490,1487.5,0.0001814,0.000906998,13
1490,1495,1492.5,0.000306984,0.00153492,22
1495,1500,1497.5,0.000209307,0.00104654,15
1500,1505,1502.5,0.000237215,0.00118607,17
1505,1510,1507.5,0.000139538,0.000697691,10
1510,1515,1512.5,0.000362799,0.001814,26
1515,1520,1517.5,0.0001814,0.000906998,13
1520,1525,1522.5,0.000265122,0.00132561,19
1525,1530,1527.5,9.76767e-05,0.000488383,7
1530,1535,1532.5,0.000279076,0.00139538,20
1535,1540,1537.5,0.000139538,0.000697691,10
1540,1545,1542.5,0.000279076,0.00139538,20
1545,1550,1547.5,0.000209307,0.00104654,15
1550,1555,1552.5,0.000251169,0.00125584,18
1555,1560,1557.5,0.000167446,0.000837229,12
1560,1565,1562.5,0.0001814,0.000906998,13
1565,1570,1567.5,0.000320938,0.00160469,23
1570,1575,1572.5,0.000237215,0.00118607,17
1575,1580,1577.5,0.000167446,0.000837229,12
1580,1585,1582.5,0.000237215,0.00118607,17
1585,1590,1587.5,0.0001814,0.000906998,13
1590,1595,1592.5,0.000139538,0.000697691,10
1595,1600,1597.5,0.000237215,0.00118607,17
1600,1605,1602.5,0.000237215,0.00118607,17
1605,1610,1607.5,0.000153492,0.00076746,11
1610,1615,1612.5,0.000167446,0.000837229,12
1615,1620,1617.5,0.000237215,0.00118607,17
1620,1625,1622.5,0.000404661,0.0020233,29
1625,1630,1627.5,0.000223261,0.00111631,16
1630,1635,1632.5,0.000209307,0.00104654,15
1635,1640,1637.5,0.000153492,0.00076746,11
1640,1645,1642.5,0.000251169,0.00125584,18
1645,1650,1647.5,0.000209307,0.00104654,15
1650,1655,1652.5,0.000223261,0.00111631,16
1655,1660,1657.5,0.0001814,0.000906998,13
1660,1665,1662.5,0.000125584,0.000627922,9
1665,1670,1667.5,0.000167446,0.000837229,12
1670,1675,1672.5,0.000167446,0.000837229,12
1675,1680,1677.5,0.000153492,0.00076746,11
1680,1685,1682.5,0.0001814,0.000906998,13
1685,1690,1687.5,0.000153492,0.00076746,11
1690,1695,1692.5,0.0001814,0.000906998,13
1695,1700,1697.5,0.000111631,0.000558153,8
1700,1705,1702.5,0.000125584,0.000627922,9
1705,1710,1707.5,0.000167446,0.000837229,12
1710,1715,1712.5,0.000111631,0.000558153,8
1715,1720,1717.5,0.000125584,0.000627922,9
1720,1725,1722.5,0.000139538,0.000697691,10
1725,1730,1727.5,0.000139538,0.000697691,10
1730,1735,1732.5,0.000167446,0.000837229,12
1735,1740,1737.5,0.000223261,0.00111631,16
1740,1745,1742.5,0.000139538,0.000697691,10
1745,1750,1747.5,0.000167446,0.000837229,12
1750,1755,1752.5,0.000223261,0.00111631,16
1755,1760,1757.5,0.000265122,0.00132561,19
1760,1765,1762.5,8.37229e-05,0.000418614,6
1765,1770,1767.5,0.000209307,0.00104654,15
1770,1775,1772.5,0.000223261,0.00111631,16
1775,1780,1777.5,0.000139538,0.000697691,10
1780,1785,1782.5,0.000195353,0.000976767,14
1785,1790,1787.5,0.000125584,0.000627922,9
1790,1795,1792.5,0.000223261,0.00111631,16
1795,1800,1797.5,0.000167446,0.000837229,12
1800,1805,1802.5,0.000139538,0.000697691,10
1805,1810,1807.5,0.000153492,0.00076746,11
1810,1815,1812.5,0.000195353,0.000976767,14
1815,1820,1817.5,0.000153492,0.00076746,11
1820,1825,1822.5,0.000167446,0.000837229,12
1825,1830,1827.5,0.000139538,0.000697691,10
1830,1835,1832.5,0.0001814,0.000906998,13
1835,1840,1837.5,0.000153492,0.00076746,11
1840,1845,1842.5,0.000167446,0.000837229,12
1845,1850,1847.5,8.37229e-05,0.000418614,6
1850,1855,1852.5,9.76767e-05,0.000488383,7
1855,1860,1857.5,0.000195353,0.000976767,14
1860,1865,1862.5,0.000111631,0.000558153,8
1865,1870,1867.5,9.76767e-05,0.000488383,7
1870,1875,1872.5,0.000209307,0.00104654,15
1875,1880,1877.5,0.000167446,0.000837229,12
1880,1885,1882.5,0.000111631,0.000558153,8
1885,1890,1887.5,0.0001814,0.000906998,13
1890,1895,1892.5,0.000153492,0.00076746,11
1895,1900,1897.5,0.000139538,0.000697691,10
1900,1905,1902.5,0.000195353,0.000976767,14
1905,1910,1907.5,0.000139538,0.000697691,10
1910,1915,1912.5,0.000125584,0.000627922,9
1915,1920,1917.5,0.000223261,0.00111631,16
1920,1925,1922.5,0.000251169,0.00125584,18
1925,1930,1927.5,0.000111631,0.000558153,8
1930,1935,1932.5,0.0001814,0.000906998,13
1935,1940,1937.5,9.76767e-05,0.000488383,7
1940,1945,1942.5,8.37229e-05,0.000418614,6
1945,1950,1947.5,0.000251169,0.00125584,18
1950,1955,1952.5,0.000195353,0.000976767,14
1955,1960,1957.5,0.000223261,0.00111631,16
1960,1965,1962.5,0.000139538,0.000697691,10
1965,1970,1967.5,0.000139538,0.000697691,10
1970,1975,1972.5,0.0001814,0.000906998,13
1975,1980,1977.5,0.000195353,0.000976767,14
1980,1985,1982.5,5.58153e-05,0.000279076,4
1985,1990,1987.5,0.000167446,0.000837229,12
1990,1995,1992.5,0.000223261,0.00111631,16
1995,2000,1997.5,0.000251169,0.00125584,18
2000,2005,2002.5,9.76767e-05,0.000488383,7
2005,2010,2007.5,0.000111631,0.000558153,8
2010,2015,2012.5,0.000195353,0.000976767,14
2015,2020,2017.5,0.0001814,0.000906998,13
2020,2025,2022.5,0.000195353,0.000976767,14
2025,2030,2027.5,0.000195353,0.000976767,14
2030,2035,2032.5,0.000139538,0.000697691,10
2035,2040,2037.5,9.76767e-05,0.000488383,7
2040,2045,2042.5,5.58153e-05,0.000279076,4
2045,2050,2047.5,0.000167446,0.000837229,12
2050,2055,2052.5,0.000167446,0.000837229,12
2055,2060,2057.5,0.000125584,0.000627922,9
2060,2065,2062.5,0.000111631,0.000558153,8
2065,2070,2067.5,0.0001814,0.000906998,13
2070,2075,2072.5,0.000237215,0.00118607,17
2075,2080,2077.5,9.76767e-05,0.000488383,7
2080,2085,2082.5,6.97691e-05,0.000348845,5
2085,2090,2087.5,0.000153492,0.00076746,11
2090,2095,2092.5,0.000153492,0.00076746,11
2095,2100,2097.5,0.000195353,0.000976767,14
2100,2105,2102.5,9.76767e-05,0.000488383,7
2105,2110,2107.5,0.000209307,0.00104654,15
2110,2115,2112.5,0.000139538,0.000697691,10
2115,2120,2117.5,0.000125584,0.000627922,9
2120,2125,2122.5,5.58153e-05,0.000279076,4
2125,2130,2127.5,6.97691e-05,0.000348845,5
2130,2135,2132.5,0.000125584,0.000627922,9
2135,2140,2137.5,0.000167446,0.000837229,12
2140,2145,2142.5,0.0001814,0.000906998,13
2145,2150,2147.5,5.58153e-05,0.000279076,4
2150,2155,2152.5,6.97691e-05,0.000348845,5
2155,2160,2157.5,6.97691e-05,0.000348845,5
2160,2165,2162.5,0.000125584,0.000627922,9
2165,2170,2167.5,0.000237215,0.00118607,17
2170,2175,2172.5,0.000167446,0.000837229,12
2175,2180,2177.5,0.000139538,0.000697691,10
2180,2185,2182.5,0.000153492,0.00076746,11
2185,2190,2187.5,0.000153492,0.00076746,11
2190,2195,2192.5,0.000153492,0.00076746,11
2195,2200,2197.5,0.000125584,0.000627922,9
2200,2205,2202.5,0.000139538,0.000697691,10
2205,2210,2207.5,0.000111631,0.000558153,8
2210,2215,2212.5,8.37229e-05,0.000418614,6
2215,2220,2217.5,0.000167446,0.000837229,12
2220,2225,2222.5,0.000153492,0.00076746,11
2225,2230,2227.5,0.000209307,0.00104654,15
2230,2235,2232.5,0.000125584,0.000627922,9
2235,2240,2237.5,0.000139538,0.000697691,10
2240,2245,2242.5,0.0001814,0.000906998,13
2245,2250,2247.5,0.000139538,0.000697691,10
2250,2255,2252.5,0.000167446,0.000837229,12
2255,2260,2257.5,0.000111631,0.000558153,8
2260,2265,2262.5,8.37229e-05,0.000418614,6
2265,2270,2267.5,0.000195353,0.000976767,14
2270,2275,2272.5,0.000153492,0.00076746,11
2275,2280,2277.5,9.76767e-05,0.000488383,7
2280,2285,2282.5,0.000139538,0.000697691,10
2285,2290,2287.5,0.000167446,0.000837229,12
2290,2295,2292.5,0.000153492,0.00076746,11
2295,2300,2297.5,8.37229e-05,0.000418614,6
2300,2305,2302.5,0.000139538,0.000697691,10
2305,2310,2307.5,0.000139538,0.000697691,10
2310,2315,2312.5,0.000153492,0.00076746,11
2315,2320,2317.5,0.000125584,0.000627922,9
2320,2325,2322.5,0.000125584,0.000627922,9
2325,2330,2327.5,0.000153492,0.00076746,11
2330,2335,2332.5,0.000125584,0.000627922,9
2335,2340,2337.5,0.000153492,0.00076746,11
2340,2345,2342.5,0.000153492,0.00076746,11
2345,2350,2347.5,0.000125584,0.000627922,9
2350,2355,2352.5,6.97691e-05,0.000348845,5
2355,2360,2357.5,6.97691e-05,0.000348845,5
2360,2365,2362.5,0.000111631,0.000558153,8
2365,2370,2367.5,8.37229e-05,0.000418614,6
2370,2375,2372.5,8.37229e-05,0.000418614,6
2375,2380,2377.5,0.000139538,0.000697691,10
2380,2385,2382.5,0.000111631,0.000558153,8
2385,2390,2387.5,8.37229e-05,0.000418614,6
2390,2395,2392.5,0.000139538,0.000697691,10
2395,2400,2397.5,8.37229e-05,0.000418614,6
2400,2405,2402.5,0.000111631,0.000558153,8
2405,2410,2407.5,9.76767e-05,0.000488383,7
2410,2415,2412.5,0.000139538,0.000697691,10
2415,2420,2417.5,0.000139538,0.000697691,10
2420,2425,2422.5,0.000139538,0.000697691,10
2425,2430,2427.5,9.76767e-05,0.000488383,7
2430,2435,2432.5,0.000111631,0.000558153,8
2435,2440,2437.5,0.000111631,0.000558153,8
2440,2445,2442.5,0.000139538,0.000697691,10
2445,2450,2447.5,9.76767e-05,0.000488383,7
2450,2455,2452.5,0.000167446,0.000837229,12
2455,2460,2457.5,0.000111631,0.000558153,8
2460,2465,2462.5,8.37229e-05,0.000418614,6
2465,2470,2467.5,0.000125584,0.000627922,9
2470,2475,2472.5,0.000167446,0.000837229,12
2475,2480,2477.5,5.58153e-05,0.000279076,4
2480,2485,2482.5,9.76767e-05,0.000488383,7
2485,2490,2487.5,0.000167446,0.000837229,12
2490,2495,2492.5,0.000111631,0.000558153,8
2495,2500,2497.5,0.000209307,0.00104654,15
2500,2505,2502.5,0.000125584,0.000627922,9
2505,2510,2507.5,9.76767e-05,0.000488383,7
2510,2515,2512.5,0.000111631,0.000558153,8
2515,2520,2517.5,0.0001814,0.000906998,13
2520,2525,2522.5,0.000139538,0.000697691,10
2525,2530,2527.5,4.18614e-05,0.000209307,3
2530,2535,2532.5,0.000125584,0.000627922,9
2535,2540,2537.5,0.000167446,0.000837229,12
2540,2545,2542.5,0.000125584,0.000627922,9
2545,2550,2547.5,0.000153492,0.00076746,11
2550,2555,2552.5,8.37229e-05,0.000418614,6
2555,2560,2557.5,0.000153492,0.00076746,11
2560,2565,2562.5,9.76767e-05,0.000488383,7
2565,2570,2567.5,8.37229e-05,0.000418614,6
2570,2575,2572.5,0.000111631,0.000558153,8
2575,2580,2577.5,0.000125584,0.000627922,9
2580,2585,2582.5,0.000125584,0.000627922,9
2585,2590,2587.5,0.000209307,0.00104654,15
2590,2595,2592.5,4.18614e-05,0.000209307,3
2595,2600,2597.5,0.000111631,0.000558153,8
2600,2605,2602.5,0.000125584,0.000627922,9
2605,2610,2607.5,8.37229e-05,0.000418614,6
2610,2615,2612.5,0.000125584,0.000627922,9
2615,2620,2617.5,5.58153e-05,0.000279076,4
2620,2625,2622.5,0.000111631,0.000558153,8
2625,2630,2627.5,0.000125584,0.000627922,9
2630,2635,2632.5,4.18614e-05,0.000209307,3
2635,2640,2637.5,8.37229e-05,0.000418614,6
2640,2645,2642.5,0.0001814,0.000906998,13
2645,2650,2647.5,6.97691e-05,0.000348845,5
2650,2655,2652.5,8.37229e-05,0.000418614,6
2655,2660,2657.5,8.37229e-05,0.000418614,6
2660,2665,2662.5,0.000251169,0.00125584,18
2665,2670,2667.5,0.000139538,0.000697691,10
2670,2675,2672.5,0.000153492,0.00076746,11
2675,2680,2677.5,0.000139538,0.000697691,10
2680,2685,2682.5,0.000139538,0.000697691,10
2685,2690,2687.5,0.000139538,0.000697691,10
2690,2695,2692.5,0.000167446,0.000837229,12
2695,2700,2697.5,0.000139538,0.000697691,10
2700,2705,2702.5,9.76767e-05,0.000488383,7
2705,2710,2707.5,0.0001814,0.000906998,13
2710,2715,2712.5,9.76767e-05,0.000488383,7
2715,2720,2717.5,5.58153e-05,0.000279076,4
2720,2725,2722.5,5.58153e-05,0.000279076,4
2725,2730,2727.5,0.000111631,0.000558153,8
2730,2735,2732.5,0.000125584,0.000627922,9
2735,2740,2737.5,0.000125584,0.000627922,9
2740,2745,2742.5,0.000139538,0.000697691,10
2745,2750,2747.5,0.000139538,0.000697691,10
2750,2755,2752.5,9.76767e-05,0.000488383,7
2755,2760,2757.5,6.97691e-05,0.000348845,5
2760,2765,2762.5,6.97691e-05,0.000348845,5
2765,2770,2767.5,9.76767e-05,0.000488383,7
2770,2775,2772.5,0.000111631,0.000558153,8
2775,2780,2777.5,9.76767e-05,0.000488383,7
2780,2785,2782.5,0.000111631,0.000558153,8
2785,2790,2787.5,0.000167446,0.000837229,12
2790,2795,2792.5,8.37229e-05,0.000418614,6
2795,2800,2797.5,8.37229e-05,0.000418614,6
2800,2805,2802.5,5.58153e-05,0.000279076,4
2805,2810,2807.5,0.000111631,0.000558153,8
2810,2815,2812.5,8.37229e-05,0.000418614,6
2815,2820,2817.5,8.37229e-05,0.000418614,6
2820,2825,2822.5,0.000139538,0.000697691,10
2825,2830,2827.5,0.000125584,0.000627922,9
2830,2835,2832.5,5.58153e-05,0.000279076,4
2835,2840,2837.5,0.000153492,0.00076746,11
2840,2845,2842.5,9.76767e-05,0.000488383,7
2845,2850,2847.5,0.000111631,0.000558153,8
2850,2855,2852.5,5.58153e-05,0.000279076,4
2855,2860,2857.5,2.79076e-05,0.000139538,2
2860,2865,2862.5,9.76767e-05,0.000488383,7
2865,2870,2867.5,0.000153492,0.00076746,11
2870,2875,2872.5,0.000111631,0.000558153,8
2875,2880,2877.5,6.97691e-05,0.000348845,5
2880,2885,2882.5,6.97691e-05,0.000348845,5
2885,2890,2887.5,9.76767e-05,0.000488383,7
2890,2895,2892.5,0.000125584,0.000627922,9
2895,2900,2897.5,0.000125584,0.000627922,9
2900,2905,2902.5,5.58153e-05,0.000279076,4
2905,2910,2907.5,8.37229e-05,0.000418614,6
2910,2915,2912.5,5.58153e-05,0.000279076,4
2915,2920,2917.5,0.000195353,0.000976767,14
2920,2925,2922.5,0.000125584,0.000627922,9
2925,2930,2927.5,0.000139538,0.000697691,10
2930,2935,2932.5,5.58153e-05,0.000279076,4
2935,2940,2937.5,8.37229e-05,0.000418614,6
2940,2945,2942.5,0.000111631,0.000558153,8
2945,2950,2947.5,0.000125584,0.000627922,9
2950,2955,2952.5,0.000139538,0.000697691,10
2955,2960,2957.5,0.000111631,0.000558153,8
2960,2965,2962.5,6.97691e-05,0.000348845,5
2965,2970,2967.5,8.37229e-05,0.000418614,6
2970,2975,2972.5,8.37229e-05,0.000418614,6
2975,2980,2977.5,6.97691e-05,0.000348845,5
2980,2985,2982.5,2.79076e-05,0.000139538,2
2985,2990,2987.5,0.000139538,0.000697691,10
2990,2995,2992.5,0.000139538,0.000697691,10
2995,3000,2997.5,9.76767e-05,0.000488383,7
3000,3005,3002.5,8.37229e-05,0.000418614,6
3005,3010,3007.5,0.000111631,0.000558153,8
3010,3015,3012.5,0.000125584,0.000627922,9
3015,3020,3017.5,0.000111631,0.000558153,8
3020,3025,3022.5,0.000139538,0.000697691,10
3025,3030,3027.5,0.000111631,0.000558153,8
3030,3035,3032.5,0.000125584,0.000627922,9
3035,3040,3037.5,8.37229e-05,0.000418614,6
3040,3045,3042.5,8.37229e-05,0.000418614,6
3045,3050,3047.5,0.000139538,0.000697691,10
3050,3055,3052.5,0.000111631,0.000558153,8
3055,3060,3057.5,0.000125584,0.000627922,9
3060,3065,3062.5,8.37229e-05,0.000418614,6
3065,3070,3067.5,5.58153e-05,0.000279076,4
3070,3075,3072.5,8.37229e-05,0.000418614,6
3075,3080,3077.5,5.58153e-05,0.000279076,4
3080,3085,3082.5,8.37229e-05,0.000418614,6
3085,3090,3087.5,9.76767e-05,0.000488383,7
3090,3095,3092.5,9.76767e-05,0.000488383,7
3095,3100,3097.5,5.58153e-05,0.000279076,4
3100,3105,3102.5,0.000125584,0.000627922,9
3105,3110,3107.5,9.76767e-05,0.000488383,7
3110,3115,3112.5,0.000125584,0.000627922,9
3115,3120,3117.5,0.000153492,0.00076746,11
3120,3125,3122.5,0.000125584,0.000627922,9
3125,3130,3127.5,5.58153e-05,0.000279076,4
3130,3135,3132.5,8.37229e-05,0.000418614,6
3135,3140,3137.5,9.76767e-05,0.000488383,7
3140,3145,3142.5,5.58153e-05,0.000279076,4
3145,3150,3147.5,4.18614e-05,0.000209307,3
3150,3155,3152.5,9.76767e-05,0.000488383,7
3155,3160,3157.5,9.76767e-05,0.000488383,7
3160,3165,3162.5,8.37229e-05,0.000418614,6
3165,3170,3167.5,9.76767e-05,0.000488383,7
3170,3175,3172.5,8.37229e-05,0.000418614,6
3175,3180,3177.5,9.76767e-05,0.000488383,7
3180,3185,3182.5,5.58153e-05,0.000279076,4
3185,3190,3187.5,0.000139538,0.000697691,10
3190,3195,3192.5,6.97691e-05,0.000348845,5
3195,3200,3197.5,6.97691e-05,0.000348845,5
3200,3205,3202.5,6.97691e-05,0.000348845,5
3205,3210,3207.5,0.000111631,0.000558153,8
3210,3215,3212.5,0.000125584,0.000627922,9
3215,3220,3217.5,9.76767e-05,0.000488383,7
3220,3225,3222.5,8.37229e-05,0.000418614,6
3225,3230,3227.5,0.000125584,0.000627922,9
3230,3235,3232.5,8.37229e-05,0.000418614,6
3235,3240,3237.5,8.37229e-05,0.000418614,6
3240,3245,3242.5,8.37229e-05,0.000418614,6
3245,3250,3247.5,5.58153e-05,0.000279076,4
3250,3255,3252.5,1.39538e-05,6.97691e-05,1
3255,3260,3257.5,0.000111631,0.000558153,8
3260,3265,3262.5,0.000139538,0.000697691,10
3265,3270,3267.5,0.000111631,0.000558153,8
3270,3275,3272.5,5.58153e-05,0.000279076,4
3275,3280,3277.5,9.76767e-05,0.000488383,7
3280,3285,3282.5,0.0001814,0.000906998,13
3285,3290,3287.5,6.97691e-05,0.000348845,5
3290,3295,3292.5,0.000139538,0.000697691,10
3295,3300,3297.5,0.000111631,0.000558153,8
3300,3305,3302.5,8.37229e-05,0.000418614,6
3305,3310,3307.5,4.18614e-05,0.000209307,3
3310,3315,3312.5,4.18614e-05,0.000209307,3
3315,3320,3317.5,6.97691e-05,0.000348845,5
3320,3325,3322.5,0.000153492,0.00076746,11
3325,3330,3327.5,6.97691e-05,0.000348845,5
3330,3335,3332.5,5.58153e-05,0.000279076,4
3335,3340,3337.5,0.000153492,0.00076746,11
3340,3345,3342.5,5.58153e-05,0.000279076,4
3345,3350,3347.5,9.76767e-05,0.000488383,7
3350,3355,3352.5,0.000111631,0.000558153,8
3355,3360,3357.5,6.97691e-05,0.000348845,5
3360,3365,3362.5,6.97691e-05,0.000348845,5
3365,3370,3367.5,0.000125584,0.000627922,9
3370,3375,3372.5,0.000125584,0.000627922,9
3375,3380,3377.5,8.37229e-05,0.000418614,6
3380,3385,3382.5,6.97691e-05,0.000348845,5
3385,3390,3387.5,0.000167446,0.000837229,12
3390,3395,3392.5,5.58153e-05,0.000279076,4
3395,3400,3397.5,9.76767e-05,0.000488383,7
3400,3405,3402.5,6.97691e-05,0.000348845,5
3405,3410,3407.5,0.000153492,0.00076746,11
3410,3415,3412.5,6.97691e-05,0.000348845,5
3415,3420,3417.5,6.97691e-05,0.000348845,5
3420,3425,3422.5,8.37229e-05,0.000418614,6
3425,3430,3427.5,6.97691e-05,0.000348845,5
3430,3435,3432.5,0.000111631,0.000558153,8
3435,3440,3437.5,0.000125584,0.000627922,9
3440,3445,3442.5,9.76767e-05,0.000488383,7
3445,3450,3447.5,6.97691e-05,0.000348845,5
3450,3455,3452.5,9.76767e-05,0.000488383,7
3455,3460,3457.5,4.18614e-05,0.000209307,3
3460,3465,3462.5,0.000111631,0.000558153,8
3465,3470,3467.5,0.000125584,0.000627922,9
3470,3475,3472.5,2.79076e-05,0.000139538,2
3475,3480,3477.5,6.97691e-05,0.000348845,5
3480,3485,3482.5,0.000111631,0.000558153,8
3485,3490,3487.5,2.79076e-05,0.000139538,2
3490,3495,3492.5,9.76767e-05,0.000488383,7
3500,3505,3502.5,8.37229e-05,0.000418614,6
3505,3510,3507.5,4.18614e-05,0.000209307,3
3510,3515,3512.5,0.000111631,0.000558153,8
3515,3520,3517.5,0.000125584,0.000627922,9
3525,3530,3527.5,9.76767e-05,0.000488383,7
3530,3535,3532.5,6.97691e-05,0.000348845,5
3535,3540,3537.5,9.76767e-05,0.000488383,7
3540,3545,3542.5,0.0001814,0.000906998,13
3545,3550,3547.5,5.58153e-05,0.000279076,4
3550,3555,3552.5,6.97691e-05,0.000348845,5
3555,3560,3557.5,0.000125584,0.000627922,9
3560,3565,3562.5,6.97691e-05,0.000348845,5
3565,3570,3567.5,9.76767e-05,0.000488383,7
3570,3575,3572.5,9.76767e-05,0.000488383,7
3575,3580,3577.5,6.97691e-05,0.000348845,5
3580,3585,3582.5,0.000139538,0.000697691,10
3585,3590,3587.5,8.37229e-05,0.000418614,6
3590,3595,3592.5,6.97691e-05,0.000348845,5
3595,3600,3597.5,8.37229e-05,0.000418614,6
3600,3605,3602.5,0.000139538,0.000697691,10
3605,3610,3607.5,4.18614e-05,0.000209307,3
3610,3615,3612.5,0.000111631,0.000558153,8
3615,3620,3617.5,0.000153492,0.00076746,11
3620,3625,3622.5,6.97691e-05,0.000348845,5
3625,3630,3627.5,6.97691e-05,0.000348845,5
3630,3635,3632.5,0.000111631,0.000558153,8
3635,3640,3637.5,0.000153492,0.00076746,11
3640,3645,3642.5,4.18614e-05,0.000209307,3
3645,3650,3647.5,9.76767e-05,0.000488383,7
3650,3655,3652.5,6.97691e-05,0.000348845,5
3655,3660,3657.5,8.37229e-05,0.000418614,6
3660,3665,3662.5,0.000125584,0.000627922,9
3665,3670,3667.5,8.37229e-05,0.000418614,6
3670,3675,3672.5,2.79076e-05,0.000139538,2
3675,3680,3677.5,4.18614e-05,0.000209307,3
3680,3685,3682.5,8.37229e-05,0.000418614,6
3685,3690,3687.5,9.76767e-05,0.000488383,7
3690,3695,3692.5,2.79076e-05,0.000139538,2
3695,3700,3697.5,0.000125584,0.000627922,9
3700,3705,3702.5,6.97691e-05,0.000348845,5
3705,3710,3707.5,5.58153e-05,0.000279076,4
3710,3715,3712.5,0.000125584,0.000627922,9
3715,3720,3717.5,0.000111631,0.000558153,8
3720,3725,3722.5,5.58153e-05,0.000279076,4
3725,3730,3727.5,8.37229e-05,0.000418614,6
3730,3735,3732.5,0.000139538,0.000697691,10
3735,3740,3737.5,6.97691e-05,0.000348845,5
3740,3745,3742.5,8.37229e-05,0.000418614,6
3745,3750,3747.5,9.76767e-05,0.000488383,7
3750,3755,3752.5,2.79076e-05,0.000139538,2
3755,3760,3757.5,8.37229e-05,0.000418614,6
3760,3765,3762.5,8.37229e-05,0.000418614,6
3765,3770,3767.5,6.97691e-05,0.000348845,5
3770,3775,3772.5,4.18614e-05,0.000209307,3
3775,3780,3777.5,0.000125584,0.000627922,9
3780,3785,3782.5,4.18614e-05,0.000209307,3
3785,3790,3787.5,8.37229e-05,0.000418614,6
3790,3795,3792.5,9.76767e-05,0.000488383,7
3795,3800,3797.5,8.37229e-05,0.000418614,6
3800,3805,3802.5,5.58153e-05,0.000279076,4
3805,3810,3807.5,8.37229e-05,0.000418614,6
3810,3815,3812.5,5.58153e-05,0.000279076,4
3815,3820,3817.5,5.58153e-05,0.000279076,4
3820,3825,3822.5,0.000139538,0.000697691,10
3825,3830,3827.5,8.37229e-05,0.000418614,6
3830,3835,3832.5,0.000139538,0.000697691,10
3835,3840,3837.5,8.37229e-05,0.000418614,6
3840,3845,3842.5,0.000111631,0.000558153,8
3845,3850,3847.5,0.000111631,0.000558153,8
3850,3855,3852.5,6.97691e-05,0.000348845,5
3855,3860,3857.5,8.37229e-05,0.000418614,6
3860,3865,3862.5,9.76767e-05,0.000488383,7
3865,3870,3867.5,9.76767e-05,0.000488383,7
3870,3875,3872.5,9.76767e-05,0.000488383,7
3875,3880,3877.5,6.97691e-05,0.000348845,5
3880,3885,3882.5,0.000139538,0.000697691,10
3885,3890,3887.5,6.97691e-05,0.000348845,5
3890,3895,3892.5,0.000125584,0.000627922,9
3895,3900,3897.5,0.000167446,0.000837229,12
3900,3905,3902.5,4.18614e-05,0.000209307,3
3910,3915,3912.5,9.76767e-05,0.000488383,7
3915,3920,3917.5,8.37229e-05,0.000418614,6
3920,3925,3922.5,9.76767e-05,0.000488383,7
3925,3930,3927.5,2.79076e-05,0.000139538,2
3930,3935,3932.5,6.97691e-05,0.000348845,5
3935,3940,3937.5,6.97691e-05,0.000348845,5
3940,3945,3942.5,8.37229e-05,0.000418614,6
3945,3950,3947.5,8.37229e-05,0.000418614,6
3950,3955,3952.5,9.76767e-05,0.000488383,7
3955,3960,3957.5,5.58153e-05,0.000279076,4
3960,3965,3962.5,0.000111631,0.000558153,8
3965,3970,3967.5,0.000111631,0.000558153,8
3970,3975,3972.5,0.000111631,0.000558153,8
3975,3980,3977.5,1.39538e-05,6.97691e-05,1
3980,3985,3982.5,6.97691e-05,0.000348845,5
3985,3990,3987.5,9.76767e-05,0.000488383,7
3990,3995,3992.5,6.97691e-05,0.000348845,5
3995,4000,3997.5,5.58153e-05,0.000279076,4
4000,4005,4002.5,0.000111631,0.000558153,8
4005,4010,4007.5,5.58153e-05,0.000279076,4
4010,4015,4012.5,0.000139538,0.000697691,10
4015,4020,4017.5,0.000139538,0.000697691,10
4020,4025,4022.5,5.58153e-05,0.000279076,4
4025,4030,4027.5,5.58153e-05,0.000279076,4
4030,4035,4032.5,6.97691e-05,0.000348845,5
4035,4040,4037.5,0.000167446,0.000837229,12
4040,4045,4042.5,8.37229e-05,0.000418614,6
4045,4050,4047.5,0.000167446,0.000837229,12
4050,4055,4052.5,5.58153e-05,0.000279076,4
4055,4060,4057.5,8.37229e-05,0.000418614,6
4060,4065,4062.5,1.39538e-05,6.97691e-05,1
4065,4070,4067.5,6.97691e-05,0.000348845,5
4070,4075,4072.5,0.000125584,0.000627922,9
4075,4080,4077.5,6.97691e-05,0.000348845,5
4080,4085,4082.5,8.37229e-05,0.000418614,6
4085,4090,4087.5,0.000125584,0.000627922,9
4090,4095,4092.5,4.18614e-05,0.000209307,3
4095,4100,4097.5,2.79076e-05,0.000139538,2
4100,4105,4102.5,2.79076e-05,0.000139538,2
4105,4110,4107.5,0.000153492,0.00076746,11
4110,4115,4112.5,5.58153e-05,0.000279076,4
4115,4120,4117.5,4.18614e-05,0.000209307,3
4120,4125,4122.5,6.97691e-05,0.000348845,5
4125,4130,4127.5,4.18614e-05,0.000209307,3
4130,4135,4132.5,9.76767e-05,0.000488383,7
4135,4140,4137.5,0.000139538,0.000697691,10
4140,4145,4142.5,4.18614e-05,0.000209307,3
4145,4150,4147.5,9.76767e-05,0.000488383,7
4150,4155,4152.5,0.000111631,0.000558153,8
4155,4160,4157.5,2.79076e-05,0.000139538,2
4160,4165,4162.5,0.000125584,0.000627922,9
4165,4170,4167.5,9.76767e-05,0.000488383,7
4170,4175,4172.5,0.000125584,0.000627922,9
4175,4180,4177.5,0.000153492,0.00076746,11
4180,4185,4182.5,8.37229e-05,0.000418614,6
4185,4190,4187.5,0.000139538,0.000697691,10
4190,4195,4192.5,0.000111631,0.000558153,8
4195,4200,4197.5,8.37229e-05,0.000418614,6
4200,4205,4202.5,0.000125584,0.000627922,9
4205,4210,4207.5,5.58153e-05,0.000279076,4
4210,4215,4212.5,9.76767e-05,0.000488383,7
4215,4220,4217.5,8.37229e-05,0.000418614,6
4220,4225,4222.5,6.97691e-05,0.000348845,5
4225,4230,4227.5,5.58153e-05,0.000279076,4
4230,4235,4232.5,4.18614e-05,0.000209307,3
4235,4240,4237.5,0.000125584,0.000627922,9
4240,4245,4242.5,8.37229e-05,0.000418614,6
4245,4250,4247.5,6.97691e-05,0.000348845,5
4250,4255,4252.5,6.97691e-05,0.000348845,5
4255,4260,4257.5,0.000139538,0.000697691,10
4260,4265,4262.5,8.37229e-05,0.000418614,6
4265,4270,4267.5,4.18614e-05,0.000209307,3
4270,4275,4272.5,0.000111631,0.000558153,8
4275,4280,4277.5,9.76767e-05,0.000488383,7
4280,4285,4282.5,6.97691e-05,0.000348845,5
4285,4290,4287.5,5.58153e-05,0.000279076,4
4290,4295,4292.5,9.76767e-05,0.000488383,7
4295,4300,4297.5,8.37229e-05,0.000418614,6
4300,4305,4302.5,5.58153e-05,0.000279076,4
4305,4310,4307.5,5.58153e-05,0.000279076,4
4310,4315,4312.5,8.37229e-05,0.000418614,6
4315,4320,4317.5,6.97691e-05,0.000348845,5
4320,4325,4322.5,0.000111631,0.000558153,8
4325,4330,4327.5,8.37229e-05,0.000418614,6
4330,4335,4332.5,1.39538e-05,6.97691e-05,1
4335,4340,4337.5,0.000125584,0.000627922,9
4340,4345,4342.5,4.18614e-05,0.000209307,3
4345,4350,4347.5,9.76767e-05,0.000488383,7
4350,4355,4352.5,8.37229e-05,0.000418614,6
4355,4360,4357.5,1.39538e-05,6.97691e-05,1
4360,4365,4362.5,2.79076e-05,0.000139538,2
4365,4370,4367.5,1.39538e-05,6.97691e-05,1
4370,4375,4372.5,2.79076e-05,0.000139538,2
4380,4385,4382.5,4.18614e-05,0.000209307,3
4385,4390,4387.5,6.97691e-05,0.000348845,5
4390,4395,4392.5,2.79076e-05,0.000139538,2
4395,4400,4397.5,5.58153e-05,0.000279076,4
4400,4405,4402.5,2.79076e-05,0.000139538,2
4405,4410,4407.5,5.58153e-05,0.000279076,4
4410,4415,4412.5,2.79076e-05,0.000139538,2
4415,4420,4417.5,4.18614e-05,0.000209307,3
4420,4425,4422.5,8.37229e-05,0.000418614,6
4425,4430,4427.5,6.97691e-05,0.000348845,5
4430,4435,4432.5,1.39538e-05,6.97691e-05,1
4435,4440,4437.5,2.79076e-05,0.000139538,2
4440,4445,4442.5,5.58153e-05,0.000279076,4
4445,4450,4447.5,2.79076e-05,0.000139538,2
4450,4455,4452.5,8.37229e-05,0.000418614,6
4455,4460,4457.5,8.37229e-05,0.000418614,6
4460,4465,4462.5,6.97691e-05,0.000348845,5
4465,4470,4467.5,5.58153e-05,0.000279076,4
4470,4475,4472.5,4.18614e-05,0.000209307,3
4475,4480,4477.5,2.79076e-05,0.000139538,2
4485,4490,4487.5,6.97691e-05,0.000348845,5
4490,4495,4492.5,2.79076e-05,0.000139538,2
4495,4500,4497.5,1.39538e-05,6.97691e-05,1
4505,4510,4507.5,6.97691e-05,0.000348845,5
4510,4515,4512.5,4.18614e-05,0.000209307,3
4515,4520,4517.5,1.39538e-05,6.97691e-05,1
4520,4525,4522.5,2.79076e-05,0.000139538,2
4525,4530,4527.5,5.58153e-05,0.000279076,4
4530,4535,4532.5,5.58153e-05,0.000279076,4
4535,4540,4537.5,6.97691e-05,0.000348845,5
4540,4545,4542.5,4.18614e-05,0.000209307,3
4545,4550,4547.5,5.58153e-05,0.000279076,4
4550,4555,4552.5,5.58153e-05,0.000279076,4
4555,4560,4557.5,6.97691e-05,0.000348845,5
4560,4565,4562.5,5.58153e-05,0.000279076,4
4565,4570,4567.5,2.79076e-05,0.000139538,2
4570,4575,4572.5,5.58153e-05,0.000279076,4
4575,4580,4577.5,1.39538e-05,6.97691e-05,1
4580,4585,4582.5,2.79076e-05,0.000139538,2
4585,4590,4587.5,4.18614e-05,0.000209307,3
4590,4595,4592.5,2.79076e-05,0.000139538,2
4595,4600,4597.5,2.79076e-05,0.000139538,2
4600,4605,4602.5,5.58153e-05,0.000279076,4
4605,4610,4607.5,4.18614e-05,0.000209307,3
4610,4615,4612.5,2.79076e-05,0.000139538,2
4615,4620,4617.5,2.79076e-05,0.000139538,2
4620,4625,4622.5,8.37229e-05,0.000418614,6
4625,4630,4627.5,1.39538e-05,6.97691e-05,1
4630,4635,4632.5,2.79076e-05,0.000139538,2
4635,4640,4637.5,1.39538e-05,6.97691e-05,1
4640,4645,4642.5,1.39538e-05,6.97691e-05,1
4645,4650,4647.5,2.79076e-05,0.000139538,2
4655,4660,4657.5,1.39538e-05,6.97691e-05,1
4665,4670,4667.5,2.79076e-05,0.000139538,2
4670,4675,4672.5,2.79076e-05,0.000139538,2
4675,4680,4677.5,1.39538e-05,6.97691e-05,1
4680,4685,4682.5,2.79076e-05,0.000139538,2
4685,4690,4687.5,4.18614e-05,0.000209307,3
4690,4695,4692.5,1.39538e-05,6.97691e-05,1
4695,4700,4697.5,4.18614e-05,0.000209307,3
4700,4705,4702.5,4.18614e-05,0.000209307,3
4705,4710,4707.5,2.79076e-05,0.000139538,2
4710,4715,4712.5,2.79076e-05,0.000139538,2
4715,4720,4717.5,1.39538e-05,6.97691e-05,1
4720,4725,4722.5,2.79076e-05,0.000139538,2
4725,4730,4727.5,6.97691e-05,0.000348845,5
4730,4735,4732.5,4.18614e-05,0.000209307,3
4735,4740,4737.5,2.79076e-05,0.000139538,2
4740,4745,4742.5,1.39538e-05,6.97691e-05,1
4745,4750,4747.5,6.97691e-05,0.000348845,5
4750,4755,4752.5,1.39538e-05,6.97691e-05,1
4755,4760,4757.5,2.79076e-05,0.000139538,2
4760,4765,4762.5,6.97691e-05,0.000348845,5
4765,4770,4767.5,2.79076e-05,0.000139538,2
4770,4775,4772.5,6.97691e-05,0.000348845,5
4775,4780,4777.5,1.39538e-05,6.97691e-05,1
4780,4785,4782.5,1.39538e-05,6.97691e-05,1
4790,4795,4792.5,5.58153e-05,0.000279076,4
4795,4800,4797.5,2.79076e-05,0.000139538,2
4800,4805,4802.5,4.18614e-05,0.000209307,3
4810,4815,4812.5,4.18614e-05,0.000209307,3
4815,4820,4817.5,1.39538e-05,6.97691e-05,1
4825,4830,4827.5,2.79076e-05,0.000139538,2
4830,4835,4832.5,2.79076e-05,0.000139538,2
4835,4840,4837.5,2.79076e-05,0.000139538,2
4850,4855,4852.5,2.79076e-05,0.000139538,2
4855,4860,4857.5,5.58153e-05,0.000279076,4
4860,4865,4862.5,4.18614e-05,0.000209307,3
4875,4880,4877.5,1.39538e-05,6.97691e-05,1
4880,4885,4882.5,1.39538e-05,6.97691e-05,1
4890,4895,4892.5,4.18614e-05,0.000209307,3
4895,4900,4897.5,2.79076e-05,0.000139538,2
4900,4905,4902.5,2.79076e-05,0.000139538,2
4905,4910,4907.5,2.79076e-05,0.000139538,2
4910,4915,4912.5,2.79076e-05,0.000139538,2
4915,4920,4917.5,2.79076e-05,0.000139538,2
4920,4925,4922.5,1.39538e-05,6.97691e-05,1
4925,4930,4927.5,2.79076e-05,0.000139538,2
4930,4935,4932.5,5.58153e-05,0.000279076,4
4935,4940,4937.5,2.79076e-05,0.000139538,2
4940,4945,4942.5,2.79076e-05,0.000139538,2
4945,4950,4947.5,1.39538e-05,6.97691e-05,1
4950,4955,4952.5,5.58153e-05,0.000279076,4
4955,4960,4957.5,6.97691e-05,0.000348845,5
4960,4965,4962.5,2.79076e-05,0.000139538,2
4965,4970,4967.5,1.39538e-05,6.97691e-05,1
4970,4975,4972.5,1.39538e-05,6.97691e-05,1
4975,4980,4977.5,4.18614e-05,0.000209307,3
4980,4985,4982.5,2.79076e-05,0.000139538,2
4985,4990,4987.5,1.39538e-05,6.97691e-05,1
4990,4995,4992.5,2.79076e-05,0.000139538,2
4995,5000,4997.5,1.39538e-05,6.97691e-05,1
5000,5005,5002.5,2.79076e-05,0.000139538,2
5005,5010,5007.5,1.39538e-05,6.97691e-05,1
5010,5015,5012.5,1.39538e-05,6.97691e-05,1
5015,5020,5017.5,1.39538e-05,6.97691e-05,1
5020,5025,5022.5,2.79076e-05,0.000139538,2
5025,5030,5027.5,1.39538e-05,6.97691e-05,1
5030,5035,5032.5,2.79076e-05,0.000139538,2
5035,5040,5037.5,1.39538e-05,6.97691e-05,1
5040,5045,5042.5,1.39538e-05,6.97691e-05,1
5055,5060,5057.5,2.79076e-05,0.000139538,2
5060,5065,5062.5,1.39538e-05,6.97691e-05,1
5065,5070,5067.5,1.39538e-05,6.97691e-05,1
5070,5075,5072.5,2.79076e-05,0.000139538,2
5075,5080,5077.5,2.79076e-05,0.000139538,2
5080,5085,5082.5,1.39538e-05,6.97691e-05,1
5085,5090,5087.5,1.39538e-05,6.97691e-05,1
5090,5095,5092.5,5.58153e-05,0.000279076,4
5095,5100,5097.5,2.79076e-05,0.000139538,2
5100,5105,5102.5,1.39538e-05,6.97691e-05,1
5105,5110,5107.5,2.79076e-05,0.000139538,2
5110,5115,5112.5,2.79076e-05,0.000139538,2
5115,5120,5117.5,1.39538e-05,6.97691e-05,1
5120,5125,5122.5,2.79076e-05,0.000139538,2
5125,5130,5127.5,1.39538e-05,6.97691e-05,1
5130,5135,5132.5,4.18614e-05,0.000209307,3
5135,5140,5137.5,1.39538e-05,6.97691e-05,1
5140,5145,5142.5,1.39538e-05,6.97691e-05,1
5145,5150,5147.5,6.97691e-05,0.000348845,5
5150,5155,5152.5,2.79076e-05,0.000139538,2
5160,5165,5162.5,4.18614e-05,0.000209307,3
5165,5170,5167.5,2.79076e-05,0.000139538,2
5170,5175,5172.5,2.79076e-05,0.000139538,2
5175,5180,5177.5,2.79076e-05,0.000139538,2
5180,5185,5182.5,2.79076e-05,0.000139538,2
5185,5190,5187.5,4.18614e-05,0.000209307,3
5190,5195,5192.5,2.79076e-05,0.000139538,2
5205,5210,5207.5,1.39538e-05,6.97691e-05,1
5210,5215,5212.5,2.79076e-05,0.000139538,2
5225,5230,5227.5,2.79076e-05,0.000139538,2
5230,5235,5232.5,4.18614e-05,0.000209307,3
5235,5240,5237.5,5.58153e-05,0.000279076,4
5240,5245,5242.5,1.39538e-05,6.97691e-05,1
5250,5255,5252.5,1.39538e-05,6.97691e-05,1
5255,5260,5257.5,2.79076e-05,0.000139538,2
5260,5265,5262.5,4.18614e-05,0.000209307,3
5265,5270,5267.5,5.58153e-05,0.000279076,4
5270,5275,5272.5,1.39538e-05,6.97691e-05,1
5275,5280,5277.5,1.39538e-05,6.97691e-05,1
5280,5285,5282.5,2.79076e-05,0.000139538,2
5285,5290,5287.5,2.79076e-05,0.000139538,2
5290,5295,5292.5,4.18614e-05,0.000209307,3
5295,5300,5297.5,4.18614e-05,0.000209307,3
5300,5305,5302.5,5.58153e-05,0.000279076,4
5310,5315,5312.5,1.39538e-05,6.97691e-05,1
5315,5320,5317.5,2.79076e-05,0.000139538,2
5320,5325,5322.5,2.79076e-05,0.000139538,2
5325,5330,5327.5,4.18614e-05,0.000209307,3
5330,5335,5332.5,5.58153e-05,0.000279076,4
5335,5340,5337.5,2.79076e-05,0.000139538,2
5340,5345,5342.5,6.97691e-05,0.000348845,5
5350,5355,5352.5,1.39538e-05,6.97691e-05,1
5355,5360,5357.5,2.79076e-05,0.000139538,2
5365,5370,5367.5,2.79076e-05,0.000139538,2
5370,5375,5372.5,1.39538e-05,6.97691e-05,1
5380,5385,5382.5,2.79076e-05,0.000139538,2
5385,5390,5387.5,4.18614e-05,0.000209307,3
5390,5395,5392.5,2.79076e-05,0.000139538,2
5395,5400,5397.5,1.39538e-05,6.97691e-05,1
5400,5405,5402.5,5.58153e-05,0.000279076,4
5405,5410,5407.5,2.79076e-05,0.000139538,2
5410,5415,5412.5,5.58153e-05,0.000279076,4
5415,5420,5417.5,1.39538e-05,6.97691e-05,1
5420,5425,5422.5,2.79076e-05,0.000139538,2
5425,5430,5427.5,1.39538e-05,6.97691e-05,1
5430,5435,5432.5,5.58153e-05,0.000279076,4
5435,5440,5437.5,1.39538e-05,6.97691e-05,1
5445,5450,5447.5,1.39538e-05,6.97691e-05,1
5450,5455,5452.5,1.39538e-05,6.97691e-05,1
5455,5460,5457.5,2.79076e-05,0.000139538,2
5460,5465,5462.5,4.18614e-05,0.000209307,3
5470,5475,5472.5,1.39538e-05,6.97691e-05,1
5475,5480,5477.5,1.39538e-05,6.97691e-05,1
5480,5485,5482.5,6.97691e-05,0.000348845,5
5485,5490,5487.5,1.39538e-05,6.97691e-05,1
5495,5500,5497.5,4.18614e-05,0.000209307,3
5500,5505,5502.5,2.79076e-05,0.000139538,2
5505,5510,5507.5,2.79076e-05,0.000139538,2
5510,5515,5512.5,2.79076e-05,0.000139538,2
5515,5520,5517.5,1.39538e-05,6.97691e-05,1
5520,5525,5522.5,1.39538e-05,6.97691e-05,1
5525,5530,5527.5,2.79076e-05,0.000139538,2
5530,5535,5532.5,1.39538e-05,6.97691e-05,1
5535,5540,5537.5,1.39538e-05,6.97691e-05,1
5540,5545,5542.5,2.79076e-05,0.000139538,2
5550,5555,5552.5,2.79076e-05,0.000139538,2
5555,5560,5557.5,2.79076e-05,0.000139538,2
5560,5565,5562.5,4.18614e-05,0.000209307,3
5565,5570,5567.5,6.97691e-05,0.000348845,5
5575,5580,5577.5,2.79076e-05,0.000139538,2
5580,5585,5582.5,2.79076e-05,0.000139538,2
5585,5590,5587.5,2.79076e-05,0.000139538,2
5590,5595,5592.5,1.39538e-05,6.97691e-05,1
5595,5600,5597.5,1.39538e-05,6.97691e-05,1
5600,5605,5602.5,2.79076e-05,0.000139538,2
5605,5610,5607.5,2.79076e-05,0.000139538,2
5610,5615,5612.5,1.39538e-05,6.97691e-05,1
5615,5620,5617.5,1.39538e-05,6.97691e-05,1
5620,5625,5622.5,1.39538e-05,6.97691e-05,1
5625,5630,5627.5,4.18614e-05,0.000209307,3
5630,5635,5632.5,2.79076e-05,0.000139538,2
5640,5645,5642.5,1.39538e-05,6.97691e-05,1
5650,5655,5652.5,4.18614e-05,0.000209307,3
5655,5660,5657.5,2.79076e-05,0.000139538,2
5660,5665,5662.5,1.39538e-05,6.97691e-05,1
5665,5670,5667.5,2.79076e-05,0.000139538,2
5675,5680,5677.5,2.79076e-05,0.000139538,2
5680,5685,5682.5,4.18614e-05,0.000209307,3
5685,5690,5687.5,1.39538e-05,6.97691e-05,1
5690,5695,5692.5,1.39538e-05,6.97691e-05,1
5695,5700,5697.5,1.39538e-05,6.97691e-05,1
5700,5705,5702.5,1.39538e-05,6.97691e-05,1
5705,5710,5707.5,4.18614e-05,0.000209307,3
5715,5720,5717.5,2.79076e-05,0.000139538,2
5720,5725,5722.5,4.18614e-05,0.000209307,3
5725,5730,5727.5,8.37229e-05,0.000418614,6
5730,5735,5732.5,1.39538e-05,6.97691e-05,1
5735,5740,5737.5,1.39538e-05,6.97691e-05,1
5740,5745,5742.5,2.79076e-05,0.000139538,2
5745,5750,5747.5,1.39538e-05,6.97691e-05,1
5760,5765,5762.5,4.18614e-05,0.000209307,3
5765,5770,5767.5,5.58153e-05,0.000279076,4
5775,5780,5777.5,1.39538e-05,6.97691e-05,1
5780,5785,5782.5,1.39538e-05,6.97691e-05,1
5785,5790,5787.5,1.39538e-05,6.97691e-05,1
5790,5795,5792.5,2.79076e-05,0.000139538,2
5795,5800,5797.5,2.79076e-05,0.000139538,2
5800,5805,5802.5,5.58153e-05,0.000279076,4
5805,5810,5807.5,2.79076e-05,0.000139538,2
5815,5820,5817.5,1.39538e-05,6.97691e-05,1
5820,5825,5822.5,1.39538e-05,6.97691e-05,1
5830,5835,5832.5,2.79076e-05,0.000139538,2
5835,5840,5837.5,2.79076e-05,0.000139538,2
5840,5845,5842.5,2.79076e-05,0.000139538,2
5845,5850,5847.5,2.79076e-05,0.000139538,2
5850,5855,5852.5,5.58153e-05,0.000279076,4
5855,5860,5857.5,2.79076e-05,0.000139538,2
5860,5865,5862.5,2.79076e-05,0.000139538,2
5865,5870,5867.5,4.18614e-05,0.000209307,3
5870,5875,5872.5,1.39538e-05,6.97691e-05,1
5875,5880,5877.5,1.39538e-05,6.97691e-05,1
5880,5885,5882.5,2.79076e-05,0.000139538,2
5885,5890,5887.5,2.79076e-05,0.000139538,2
5895,5900,5897.5,4.18614e-05,0.000209307,3
5900,5905,5902.5,1.39538e-05,6.97691e-05,1
5905,5910,5907.5,2.79076e-05,0.000139538,2
5910,5915,5912.5,2.79076e-05,0.000139538,2
5915,5920,5917.5,5.58153e-05,0.000279076,4
5930,5935,5932.5,4.18614e-05,0.000209307,3
5940,5945,5942.5,2.79076e-05,0.000139538,2
5945,5950,5947.5,4.18614e-05,0.000209307,3
5950,5955,5952.5,1.39538e-05,6.97691e-05,1
5955,5960,5957.5,4.18614e-05,0.000209307,3
5970,5975,5972.5,4.18614e-05,0.000209307,3
5975,5980,5977.5,1.39538e-05,6.97691e-05,1
5985,5990,5987.5,4.18614e-05,0.000209307,3
5995,6000,5997.5,1.39538e-05,6.97691e-05,1
6000,6005,6002.5,1.39538e-05,6.97691e-05,1
6005,6010,6007.5,1.39538e-05,6.97691e-05,1
6010,6015,6012.5,1.39538e-05,6.97691e-05,1
6015,6020,6017.5,2.79076e-05,0.000139538,2
6020,6025,6022.5,2.79076e-05,0.000139538,2
6025,6030,6027.5,2.79076e-05,0.000139538,2
6035,6040,6037.5,4.18614e-05,0.000209307,3
6040,6045,6042.5,1.39538e-05,6.97691e-05,1
6045,6050,6047.5,2.79076e-05,0.000139538,2
6050,6055,6052.5,1.39538e-05,6.97691e-05,1
6055,6060,6057.5,2.79076e-05,0.000139538,2
6060,6065,6062.5,4.18614e-05,0.000209307,3
6070,6075,6072.5,5.58153e-05,0.000279076,4
6080,6085,6082.5,1.39538e-05,6.97691e-05,1
6085,6090,6087.5,2.79076e-05,0.000139538,2
6090,6095,6092.5,1.39538e-05,6.97691e-05,1
6095,6100,6097.5,4.18614e-05,0.000209307,3
6100,6105,6102.5,1.39538e-05,6.97691e-05,1
6105,6110,6107.5,1.39538e-05,6.97691e-05,1
6115,6120,6117.5,2.79076e-05,0.000139538,2
6120,6125,6122.5,1.39538e-05,6.97691e-05,1
6125,6130,6127.5,4.18614e-05,0.000209307,3
6130,6135,6132.5,2.79076e-05,0.000139538,2
6135,6140,6137.5,4.18614e-05,0.000209307,3
6140,6145,6142.5,2.79076e-05,0.000139538,2
6145,6150,6147.5,2.79076e-05,0.000139538,2
6150,6155,6152.5,1.39538e-05,6.97691e-05,1
6160,6165,6162.5,1.39538e-05,6.97691e-05,1
6165,6170,6167.5,4.18614e-05,0.000209307,3
6170,6175,6172.5,4.18614e-05,0.000209307,3
6175,6180,6177.5,1.39538e-05,6.97691e-05,1
6180,6185,6182.5,4.18614e-05,0.000209307,3
6185,6190,6187.5,2.79076e-05,0.000139538,2
6190,6195,6192.5,1.39538e-05,6.97691e-05,1
6195,6200,6197.5,2.79076e-05,0.000139538,2
6200,6205,6202.5,2.79076e-05,0.000139538,2
6205,6210,6207.5,2.79076e-05,0.000139538,2
6210,6215,6212.5,2.79076e-05,0.000139538,2
6215,6220,6217.5,2.79076e-05,0.000139538,2
6220,6225,6222.5,2.79076e-05,0.000139538,2
6225,6230,6227.5,2.79076e-05,0.000139538,2
6240,6245,6242.5,2.79076e-05,0.000139538,2
6250,6255,6252.5,1.39538e-05,6.97691e-05,1
6255,6260,6257.5,1.39538e-05,6.97691e-05,1
6265,6270,6267.5,1.39538e-05,6.97691e-05,1
6270,6275,6272.5,1.39538e-05,6.97691e-05,1
6275,6280,6277.5,1.39538e-05,6.97691e-05,1
6290,6295,6292.5,1.39538e-05,6.97691e-05,1
6295,6300,6297.5,2.79076e-05,0.000139538,2
6300,6305,6302.5,1.39538e-05,6.97691e-05,1
6310,6315,6312.5,4.18614e-05,0.000209307,3
6315,6320,6317.5,1.39538e-05,6.97691e-05,1
6330,6335,6332.5,2.79076e-05,0.000139538,2
6335,6340,6337.5,4.18614e-05,0.000209307,3
6340,6345,6342.5,2.79076e-05,0.000139538,2
6345,6350,6347.5,1.39538e-05,6.97691e-05,1
6350,6355,6352.5,2.79076e-05,0.000139538,2
6355,6360,6357.5,6.97691e-05,0.000348845,5
6360,6365,6362.5,1.39538e-05,6.97691e-05,1
6370,6375,6372.5,2.79076e-05,0.000139538,2
6375,6380,6377.5,4.18614e-05,0.000209307,3
6380,6385,6382.5,1.39538e-05,6.97691e-05,1
6385,6390,6387.5,4.18614e-05,0.000209307,3
6390,6395,6392.5,2.79076e-05,0.000139538,2
6395,6400,6397.5,1.39538e-05,6.97691e-05,1
6400,6405,6402.5,1.39538e-05,6.97691e-05,1
6405,6410,6407.5,1.39538e-05,6.97691e-05,1
6410,6415,6412.5,2.79076e-05,0.000139538,2
6425,6430,6427.5,1.39538e-05,6.97691e-05,1
6430,6435,6432.5,1.39538e-05,6.97691e-05,1
6435,6440,6437.5,1.39538e-05,6.97691e-05,1
6440,6445,6442.5,2.79076e-05,0.000139538,2
6450,6455,6452.5,2.79076e-05,0.000139538,2
6460,6465,6462.5,2.79076e-05,0.000139538,2
6465,6470,6467.5,2.79076e-05,0.000139538,2
6470,6475,6472.5,1.39538e-05,6.97691e-05,1
6475,6480,6477.5,2.79076e-05,0.000139538,2
6480,6485,6482.5,1.39538e-05,6.97691e-05,1
6485,6490,6487.5,1.39538e-05,6.97691e-05,1
6495,6500,6497.5,8.37229e-05,0.000418614,6
6505,6510,6507.5,2.79076e-05,0.000139538,2
6510,6515,6512.5,1.39538e-05,6.97691e-05,1
6515,6520,6517.5,4.18614e-05,0.000209307,3
6520,6525,6522.5,2.79076e-05,0.000139538,2
6525,6530,6527.5,4.18614e-05,0.000209307,3
6530,6535,6532.5,2.79076e-05,0.000139538,2
6535,6540,6537.5,4.18614e-05,0.000209307,3
6540,6545,6542.5,2.79076e-05,0.000139538,2
6550,6555,6552.5,2.79076e-05,0.000139538,2
6560,6565,6562.5,4.18614e-05,0.000209307,3
6570,6575,6572.5,5.58153e-05,0.000279076,4
6580,6585,6582.5,4.18614e-05,0.000209307,3
6585,6590,6587.5,2.79076e-05,0.000139538,2
6590,6595,6592.5,2.79076e-05,0.000139538,2
6595,6600,6597.5,2.79076e-05,0.000139538,2
6600,6605,6602.5,1.39538e-05,6.97691e-05,1
6605,6610,6607.5,1.39538e-05,6.97691e-05,1
6615,6620,6617.5,2.79076e-05,0.000139538,2
6620,6625,6622.5,2.79076e-05,0.000139538,2
6625,6630,6627.5,1.39538e-05,6.97691e-05,1
6630,6635,6632.5,4.18614e-05,0.000209307,3
6650,6655,6652.5,1.39538e-05,6.97691e-05,1
6655,6660,6657.5,2.79076e-05,0.000139538,2
6660,6665,6662.5,2.79076e-05,0.000139538,2
6670,6675,6672.5,4.18614e-05,0.000209307,3
6680,6685,6682.5,1.39538e-05,6.97691e-05,1
6685,6690,6687.5,2.79076e-05,0.000139538,2
6690,6695,6692.5,4.18614e-05,0.000209307,3
6695,6700,6697.5,1.39538e-05,6.97691e-05,1
6700,6705,6702.5,2.79076e-05,0.000139538,2
6705,6710,6707.5,4.18614e-05,0.000209307,3
6710,6715,6712.5,1.39538e-05,6.97691e-05,1
6715,6720,6717.5,1.39538e-05,6.97691e-05,1
6720,6725,6722.5,1.39538e-05,6.97691e-05,1
6725,6730,6727.5,2.79076e-05,0.000139538,2
6730,6735,6732.5,1.39538e-05,6.97691e-05,1
6735,6740,6737.5,5.58153e-05,0.000279076,4
6745,6750,6747.5,1.39538e-05,6.97691e-05,1
6750,6755,6752.5,4.18614e-05,0.000209307,3
6765,6770,6767.5,1.39538e-05,6.97691e-05,1
6770,6775,6772.5,2.79076e-05,0.000139538,2
6775,6780,6777.5,2.79076e-05,0.000139538,2
6780,6785,6782.5,1.39538e-05,6.97691e-05,1
6785,6790,6787.5,1.39538e-05,6.97691e-05,1
6790,6795,6792.5,1.39538e-05,6.97691e-05,1
6795,6800,6797.5,1.39538e-05,6.97691e-05,1
6805,6810,6807.5,1.39538e-05,6.97691e-05,1
6810,6815,6812.5,1.39538e-05,6.97691e-05,1
6815,6820,6817.5,2.79076e-05,0.000139538,2
6820,6825,6822.5,2.79076e-05,0.000139538,2
6825,6830,6827.5,2.79076e-05,0.000139538,2
6835,6840,6837.5,2.79076e-05,0.000139538,2
6840,6845,6842.5,4.18614e-05,0.000209307,3
6850,6855,6852.5,1.39538e-05,6.97691e-05,1
6855,6860,6857.5,2.79076e-05,0.000139538,2
6860,6865,6862.5,2.79076e-05,0.000139538,2
6865,6870,6867.5,2.79076e-05,0.000139538,2
6870,6875,6872.5,1.39538e-05,6.97691e-05,1
6875,6880,6877.5,1.39538e-05,6.97691e-05,1
6880,6885,6882.5,5.58153e-05,0.000279076,4
6885,6890,6887.5,2.79076e-05,0.000139538,2
6890,6895,6892.5,1.39538e-05,6.97691e-05,1
6895,6900,6897.5,5.58153e-05,0.000279076,4
6900,6905,6902.5,1.39538e-05,6.97691e-05,1
6905,6910,6907.5,1.39538e-05,6.97691e-05,1
6910,6915,6912.5,2.79076e-05,0.000139538,2
6920,6925,6922.5,4.18614e-05,0.000209307,3
6925,6930,6927.5,1.39538e-05,6.97691e-05,1
6930,6935,6932.5,2.79076e-05,0.000139538,2
6935,6940,6937.5,1.39538e-05,6.97691e-05,1
6940,6945,6942.5,5.58153e-05,0.000279076,4
6945,6950,6947.5,4.18614e-05,0.000209307,3
6955,6960,6957.5,2.79076e-05,0.000139538,2
6960,6965,6962.5,1.39538e-05,6.97691e-05,1
6965,6970,6967.5,1.39538e-05,6.97691e-05,1
6975,6980,6977.5,2.79076e-05,0.000139538,2
6985,6990,6987.5,1.39538e-05,6.97691e-05,1
6995,7000,6997.5,1.39538e-05,6.97691e-05,1
7000,7005,7002.5,4.18614e-05,0.000209307,3
7005,7010,7007.5,4.18614e-05,0.000209307,3
7010,7015,7012.5,2.79076e-05,0.000139538,2
7015,7020,7017.5,1.39538e-05,6.97691e-05,1
7025,7030,7027.5,1.39538e-05,6.97691e-05,1
7030,7035,7032.5,4.18614e-05,0.000209307,3
7035,7040,7037.5,2.79076e-05,0.000139538,2
7040,7045,7042.5,6.97691e-05,0.000348845,5
7045,7050,7047.5,4.18614e-05,0.000209307,3
7050,7055,7052.5,5.58153e-05,0.000279076,4
7055,7060,7057.5,4.18614e-05,0.000209307,3
7065,7070,7067.5,5.58153e-05,0.000279076,4
7080,7085,7082.5,2.79076e-05,0.000139538,2
7085,7090,7087.5,4.18614e-05,0.000209307,3
7095,7100,7097.5,1.39538e-05,6.97691e-05,1
7100,7105,7102.5,1.39538e-05,6.97691e-05,1
7110,7115,7112.5,2.79076e-05,0.000139538,2
7115,7120,7117.5,2.79076e-05,0.000139538,2
7135,7140,7137.5,1.39538e-05,6.97691e-05,1
7140,7145,7142.5,1.39538e-05,6.97691e-05,1
7145,7150,7147.5,2.79076e-05,0.000139538,2
7150,7155,7152.5,1.39538e-05,6.97691e-05,1
7165,7170,7167.5,1.39538e-05,6.97691e-05,1
7170,7175,7172.5,1.39538e-05,6.97691e-05,1
7175,7180,7177.5,1.39538e-05,6.97691e-05,1
7185,7190,7187.5,2.79076e-05,0.000139538,2
7190,7195,7192.5,5.58153e-05,0.000279076,4
7195,7200,7197.5,4.18614e-05,0.000209307,3
7200,7205,7202.5,4.18614e-05,0.000209307,3
7205,7210,7207.5,1.39538e-05,6.97691e-05,1
7210,7215,7212.5,2.79076e-05,0.000139538,2
7220,7225,7222.5,2.79076e-05,0.000139538,2
7225,7230,7227.5,1.39538e-05,6.97691e-05,1
7230,7235,7232.5,2.79076e-05,0.000139538,2
7240,7245,7242.5,1.39538e-05,6.97691e-05,1
7245,7250,7247.5,2.79076e-05,0.000139538,2
7250,7255,7252.5,2.79076e-05,0.000139538,2
7255,7260,7257.5,2.79076e-05,0.000139538,2
7270,7275,7272.5,1.39538e-05,6.97691e-05,1
7275,7280,7277.5,1.39538e-05,6.97691e-05,1
7280,7285,7282.5,2.79076e-05,0.000139538,2
7285,7290,7287.5,1.39538e-05,6.97691e-05,1
7290,7295,7292.5,2.79076e-05,0.000139538,2
7300,7305,7302.5,1.39538e-05,6.97691e-05,1
7310,7315,7312.5,1.39538e-05,6.97691e-05,1
7315,7320,7317.5,5.58153e-05,0.000279076,4
7320,7325,7322.5,4.18614e-05,0.000209307,3
7330,7335,7332.5,1.39538e-05,6.97691e-05,1
7335,7340,7337.5,1.39538e-05,6.97691e-05,1
7340,7345,7342.5,2.79076e-05,0.000139538,2
7345,7350,7347.5,2.79076e-05,0.000139538,2
7350,7355,7352.5,1.39538e-05,6.97691e-05,1
7355,7360,7357.5,2.79076e-05,0.000139538,2
7370,7375,7372.5,2.79076e-05,0.000139538,2
7375,7380,7377.5,2.79076e-05,0.000139538,2
7380,7385,7382.5,4.18614e-05,0.000209307,3
7390,7395,7392.5,2.79076e-05,0.000139538,2
7395,7400,7397.5,1.39538e-05,6.97691e-05,1
7400,7405,7402.5,1.39538e-05,6.97691e-05,1
7410,7415,7412.5,4.18614e-05,0.000209307,3
7415,7420,7417.5,1.39538e-05,6.97691e-05,1
7420,7425,7422.5,1.39538e-05,6.97691e-05,1
7425,7430,7427.5,1.39538e-05,6.97691e-05,1
7430,7435,7432.5,1.39538e-05,6.97691e-05,1
7435,7440,7437.5,1.39538e-05,6.97691e-05,1
7440,7445,7442.5,1.39538e-05,6.97691e-05,1
7445,7450,7447.5,2.79076e-05,0.000139538,2
7450,7455,7452.5,4.18614e-05,0.000209307,3
7455,7460,7457.5,1.39538e-05,6.97691e-05,1
7460,7465,7462.5,4.18614e-05,0.000209307,3
7465,7470,7467.5,4.18614e-05,0.000209307,3
7475,7480,7477.5,4.18614e-05,0.000209307,3
7480,7485,7482.5,2.79076e-05,0.000139538,2
7485,7490,7487.5,2.79076e-05,0.000139538,2
7490,7495,7492.5,1.39538e-05,6.97691e-05,1
7495,7500,7497.5,2.79076e-05,0.000139538,2
7505,7510,7507.5,1.39538e-05,6.97691e-05,1
7520,7525,7522.5,1.39538e-05,6.97691e-05,1
7525,7530,7527.5,1.39538e-05,6.97691e-05,1
7530,7535,7532.5,1.39538e-05,6.97691e-05,1
7535,7540,7537.5,2.79076e-05,0.000139538,2
7540,7545,7542.5,2.79076e-05,0.000139538,2
7545,7550,7547.5,1.39538e-05,6.97691e-05,1
7550,7555,7552.5,2.79076e-05,0.000139538,2
7560,7565,7562.5,2.79076e-05,0.000139538,2
7575,7580,7577.5,1.39538e-05,6.97691e-05,1
7580,7585,7582.5,2.79076e-05,0.000139538,2
7585,7590,7587.5,4.18614e-05,0.000209307,3
7590,7595,7592.5,1.39538e-05,6.97691e-05,1
7595,7600,7597.5,2.79076e-05,0.000139538,2
7600,7605,7602.5,1.39538e-05,6.97691e-05,1
7605,7610,7607.5,1.39538e-05,6.97691e-05,1
7610,7615,7612.5,2.79076e-05,0.000139538,2
7615,7620,7617.5,2.79076e-05,0.000139538,2
7620,7625,7622.5,2.79076e-05,0.000139538,2
7630,7635,7632.5,1.39538e-05,6.97691e-05,1
7635,7640,7637.5,1.39538e-05,6.97691e-05,1
7640,7645,7642.5,1.39538e-05,6.97691e-05,1
7645,7650,7647.5,1.39538e-05,6.97691e-05,1
7655,7660,7657.5,1.39538e-05,6.97691e-05,1
7660,7665,7662.5,2.79076e-05,0.000139538,2
7665,7670,7667.5,4.18614e-05,0.000209307,3
7670,7675,7672.5,2.79076e-05,0.000139538,2
7680,7685,7682.5,4.18614e-05,0.000209307,3
7685,7690,7687.5,1.39538e-05,6.97691e-05,1
7690,7695,7692.5,1.39538e-05,6.97691e-05,1
7700,7705,7702.5,4.18614e-05,0.000209307,3
7710,7715,7712.5,1.39538e-05,6.97691e-05,1
7715,7720,7717.5,1.39538e-05,6.97691e-05,1
7720,7725,7722.5,2.79076e-05,0.000139538,2
7735,7740,7737.5,1.39538e-05,6.97691e-05,1
7755,7760,7757.5,2.79076e-05,0.000139538,2
7770,7775,7772.5,1.39538e-05,6.97691e-05,1
7780,7785,7782.5,1.39538e-05,6.97691e-05,1
7785,7790,7787.5,4.18614e-05,0.000209307,3
7790,7795,7792.5,1.39538e-05,6.97691e-05,1
7800,7805,7802.5,4.18614e-05,0.000209307,3
7805,7810,7807.5,1.39538e-05,6.97691e-05,1
7815,7820,7817.5,2.79076e-05,0.000139538,2
7820,7825,7822.5,1.39538e-05,6.97691e-05,1
7835,7840,7837.5,4.18614e-05,0.000209307,3
7840,7845,7842.5,2.79076e-05,0.000139538,2
7850,7855,7852.5,2.79076e-05,0.000139538,2
7855,7860,7857.5,4.18614e-05,0.000209307,3
7860,7865,7862.5,1.39538e-05,6.97691e-05,1
7870,7875,7872.5,1.39538e-05,6.97691e-05,1
7875,7880,7877.5,4.18614e-05,0.000209307,3
7880,7885,7882.5,1.39538e-05,6.97691e-05,1
7885,7890,7887.5,2.79076e-05,0.000139538,2
7890,7895,7892.5,5.58153e-05,0.000279076,4
7895,7900,7897.5,2.79076e-05,0.000139538,2
7905,7910,7907.5,1.39538e-05,6.97691e-05,1
7910,7915,7912.5,2.79076e-05,0.000139538,2
7915,7920,7917.5,1.39538e-05,6.97691e-05,1
7920,7925,7922.5,1.39538e-05,6.97691e-05,1
7930,7935,7932.5,1.39538e-05,6.97691e-05,1
7950,7955,7952.5,2.79076e-05,0.000139538,2
7960,7965,7962.5,1.39538e-05,6.97691e-05,1
7965,7970,7967.5,1.39538e-05,6.97691e-05,1
7970,7975,7972.5,1.39538e-05,6.97691e-05,1
7975,7980,7977.5,1.39538e-05,6.97691e-05,1
7985,7990,7987.5,2.79076e-05,0.000139538,2
7995,8000,7997.5,1.39538e-05,6.97691e-05,1
8005,8010,8007.5,1.39538e-05,6.97691e-05,1
8010,8015,8012.5,1.39538e-05,6.97691e-05,1
8020,8025,8022.5,1.39538e-05,6.97691e-05,1
8025,8030,8027.5,1.39538e-05,6.97691e-05,1
8030,8035,8032.5,1.39538e-05,6.97691e-05,1
8035,8040,8037.5,2.79076e-05,0.000139538,2
8040,8045,8042.5,1.39538e-05,6.97691e-05,1
8050,8055,8052.5,1.39538e-05,6.97691e-05,1
8055,8060,8057.5,5.58153e-05,0.000279076,4
8070,8075,8072.5,1.39538e-05,6.97691e-05,1
8075,8080,8077.5,4.18614e-05,0.000209307,3
8080,8085,8082.5,1.39538e-05,6.97691e-05,1
8095,8100,8097.5,4.18614e-05,0.000209307,3
8110,8115,8112.5,2.79076e-05,0.000139538,2
8120,8125,8122.5,2.79076e-05,0.000139538,2
8140,8145,8142.5,2.79076e-05,0.000139538,2
8145,8150,8147.5,2.79076e-05,0.000139538,2
8150,8155,8152.5,1.39538e-05,6.97691e-05,1
8155,8160,8157.5,2.79076e-05,0.000139538,2
8160,8165,8162.5,1.39538e-05,6.97691e-05,1
8165,8170,8167.5,4.18614e-05,0.000209307,3
8170,8175,8172.5,4.18614e-05,0.000209307,3
8180,8185,8182.5,2.79076e-05,0.000139538,2
8185,8190,8187.5,2.79076e-05,0.000139538,2
8190,8195,8192.5,1.39538e-05,6.97691e-05,1
8195,8200,8197.5,1.39538e-05,6.97691e-05,1
8200,8205,8202.5,2.79076e-05,0.000139538,2
8205,8210,8207.5,2.79076e-05,0.000139538,2
8210,8215,8212.5,1.39538e-05,6.97691e-05,1
8215,8220,8217.5,2.79076e-05,0.000139538,2
8235,8240,8237.5,1.39538e-05,6.97691e-05,1
8245,8250,8247.5,1.39538e-05,6.97691e-05,1
8250,8255,8252.5,1.39538e-05,6.97691e-05,1
8285,8290,8287.5,1.39538e-05,6.97691e-05,1
8290,8295,8292.5,1.39538e-05,6.97691e-05,1
8300,8305,8302.5,1.39538e-05,6.97691e-05,1
8305,8310,8307.5,2.79076e-05,0.000139538,2
8320,8325,8322.5,1.39538e-05,6.97691e-05,1
8330,8335,8332.5,2.79076e-05,0.000139538,2
8335,8340,8337.5,2.79076e-05,0.000139538,2
8345,8350,8347.5,1.39538e-05,6.97691e-05,1
8350,8355,8352.5,2.79076e-05,0.000139538,2
8360,8365,8362.5,1.39538e-05,6.97691e-05,1
8365,8370,8367.5,1.39538e-05,6.97691e-05,1
8370,8375,8372.5,1.39538e-05,6.97691e-05,1
8390,8395,8392.5,4.18614e-05,0.000209307,3
8395,8400,8397.5,1.39538e-05,6.97691e-05,1
8410,8415,8412.5,2.79076e-05,0.000139538,2
8415,8420,8417.5,1.39538e-05,6.97691e-05,1
8420,8425,8422.5,2.79076e-05,0.000139538,2
8425,8430,8427.5,2.79076e-05,0.000139538,2
8440,8445,8442.5,1.39538e-05,6.97691e-05,1
8445,8450,8447.5,2.79076e-05,0.000139538,2
8450,8455,8452.5,4.18614e-05,0.000209307,3
8465,8470,8467.5,1.39538e-05,6.97691e-05,1
8470,8475,8472.5,4.18614e-05,0.000209307,3
8480,8485,8482.5,2.79076e-05,0.000139538,2
8490,8495,8492.5,1.39538e-05,6.97691e-05,1
8495,8500,8497.5,2.79076e-05,0.000139538,2
8500,8505,8502.5,2.79076e-05,0.000139538,2
8525,8530,8527.5,1.39538e-05,6.97691e-05,1
8530,8535,8532.5,2.79076e-05,0.000139538,2
8535,8540,8537.5,4.18614e-05,0.000209307,3
8540,8545,8542.5,1.39538e-05,6.97691e-05,1
8545,8550,8547.5,1.39538e-05,6.97691e-05,1
8550,8555,8552.5,1.39538e-05,6.97691e-05,1
8555,8560,8557.5,1.39538e-05,6.97691e-05,1
8560,8565,8562.5,1.39538e-05,6.97691e-05,1
8570,8575,8572.5,2.79076e-05,0.000139538,2
8580,8585,8582.5,1.39538e-05,6.97691e-05,1
8595,8600,8597.5,1.39538e-05,6.97691e-05,1
8605,8610,8607.5,1.39538e-05,6.97691e-05,1
8615,8620,8617.5,5.58153e-05,0.000279076,4
8625,8630,8627.5,1.39538e-05,6.97691e-05,1
8635,8640,8637.5,2.79076e-05,0.000139538,2
8650,8655,8652.5,4.18614e-05,0.000209307,3
8655,8660,8657.5,2.79076e-05,0.000139538,2
8660,8665,8662.5,1.39538e-05,6.97691e-05,1
8665,8670,8667.5,1.39538e-05,6.97691e-05,1
8675,8680,8677.5,2.79076e-05,0.000139538,2
8685,8690,8687.5,2.79076e-05,0.000139538,2
8690,8695,8692.5,2.79076e-05,0.000139538,2
8695,8700,8697.5,1.39538e-05,6.97691e-05,1
8700,8705,8702.5,1.39538e-05,6.97691e-05,1
8710,8715,8712.5,1.39538e-05,6.97691e-05,1
8715,8720,8717.5,1.39538e-05,6.97691e-05,1
8720,8725,8722.5,2.79076e-05,0.000139538,2
8740,8745,8742.5,1.39538e-05,6.97691e-05,1
8750,8755,8752.5,2.79076e-05,0.000139538,2
8755,8760,8757.5,1.39538e-05,6.97691e-05,1
8760,8765,8762.5,1.39538e-05,6.97691e-05,1
8765,8770,8767.5,2.79076e-05,0.000139538,2
8790,8795,8792.5,1.39538e-05,6.97691e-05,1
8795,8800,8797.5,1.39538e-05,6.97691e-05,1
8805,8810,8807.5,1.39538e-05,6.97691e-05,1
8810,8815,8812.5,1.39538e-05,6.97691e-05,1
8815,8820,8817.5,2.79076e-05,0.000139538,2
8820,8825,8822.5,1.39538e-05,6.97691e-05,1
8825,8830,8827.5,5.58153e-05,0.000279076,4
8835,8840,8837.5,1.39538e-05,6.97691e-05,1
8840,8845,8842.5,1.39538e-05,6.97691e-05,1
8845,8850,8847.5,1.39538e-05,6.97691e-05,1
8855,8860,8857.5,4.18614e-05,0.000209307,3
8865,8870,8867.5,2.79076e-05,0.000139538,2
8870,8875,8872.5,2.79076e-05,0.000139538,2
8875,8880,8877.5,2.79076e-05,0.000139538,2
8885,8890,8887.5,1.39538e-05,6.97691e-05,1
8895,8900,8897.5,1.39538e-05,6.97691e-05,1
8905,8910,8907.5,1.39538e-05,6.97691e-05,1
8910,8915,8912.5,2.79076e-05,0.000139538,2
8925,8930,8927.5,1.39538e-05,6.97691e-05,1
8935,8940,8937.5,1.39538e-05,6.97691e-05,1
8940,8945,8942.5,1.39538e-05,6.97691e-05,1
8950,8955,8952.5,2.79076e-05,0.000139538,2
8955,8960,8957.5,5.58153e-05,0.000279076,4
8960,8965,8962.5,2.79076e-05,0.000139538,2
8965,8970,8967.5,1.39538e-05,6.97691e-05,1
8970,8975,8972.5,1.39538e-05,6.97691e-05,1
8975,8980,8977.5,1.39538e-05,6.97691e-05,1
8980,8985,8982.5,1.39538e-05,6.97691e-05,1
8995,9000,8997.5,1.39538e-05,6.97691e-05,1
9005,9010,9007.5,2.79076e-05,0.000139538,2
9010,9015,9012.5,5.58153e-05,0.000279076,4
9015,9020,9017.5,2.79076e-05,0.000139538,2
9025,9030,9027.5,2.79076e-05,0.000139538,2
9030,9035,9032.5,1.39538e-05,6.97691e-05,1
9035,9040,9037.5,6.97691e-05,0.000348845,5
9045,9050,9047.5,1.39538e-05,6.97691e-05,1
9050,9055,9052.5,1.39538e-05,6.97691e-05,1
9055,9060,9057.5,2.79076e-05,0.000139538,2
9060,9065,9062.5,1.39538e-05,6.97691e-05,1
9075,9080,9077.5,1.39538e-05,6.97691e-05,1
9080,9085,9082.5,2.79076e-05,0.000139538,2
9090,9095,9092.5,1.39538e-05,6.97691e-05,1
9095,9100,9097.5,2.79076e-05,0.000139538,2
9105,9110,9107.5,1.39538e-05,6.97691e-05,1
9110,9115,9112.5,2.79076e-05,0.000139538,2
9115,9120,9117.5,2.79076e-05,0.000139538,2
9120,9125,9122.5,1.39538e-05,6.97691e-05,1
9125,9130,9127.5,4.18614e-05,0.000209307,3
9130,9135,9132.5,1.39538e-05,6.97691e-05,1
9135,9140,9137.5,1.39538e-05,6.97691e-05,1
9145,9150,9147.5,1.39538e-05,6.97691e-05,1
9150,9155,9152.5,1.39538e-05,6.97691e-05,1
9160,9165,9162.5,1.39538e-05,6.97691e-05,1
9165,9170,9167.5,1.39538e-05,6.97691e-05,1
9170,9175,9172.5,2.79076e-05,0.000139538,2
9175,9180,9177.5,1.39538e-05,6.97691e-05,1
9195,9200,9197.5,1.39538e-05,6.97691e-05,1
9200,9205,9202.5,2.79076e-05,0.000139538,2
9205,9210,9207.5,2.79076e-05,0.000139538,2
9210,9215,9212.5,4.18614e-05,0.000209307,3
9215,9220,9217.5,1.39538e-05,6.97691e-05,1
9220,9225,9222.5,2.79076e-05,0.000139538,2
9225,9230,9227.5,1.39538e-05,6.97691e-05,1
9235,9240,9237.5,1.39538e-05,6.97691e-05,1
9240,9245,9242.5,2.79076e-05,0.000139538,2
9250,9255,9252.5,1.39538e-05,6.97691e-05,1
9255,9260,9257.5,2.79076e-05,0.000139538,2
9260,9265,9262.5,1.39538e-05,6.97691e-05,1
9275,9280,9277.5,1.39538e-05,6.97691e-05,1
9290,9295,9292.5,1.39538e-05,6.97691e-05,1
9295,9300,9297.5,1.39538e-05,6.97691e-05,1
9305,9310,9307.5,1.39538e-05,6.97691e-05,1
9310,9315,9312.5,1.39538e-05,6.97691e-05,1
9315,9320,9317.5,1.39538e-05,6.97691e-05,1
9320,9325,9322.5,2.79076e-05,0.000139538,2
9330,9335,9332.5,2.79076e-05,0.000139538,2
9335,9340,9337.5,4.18614e-05,0.000209307,3
9340,9345,9342.5,2.79076e-05,0.000139538,2
9350,9355,9352.5,2.79076e-05,0.000139538,2
9355,9360,9357.5,4.18614e-05,0.000209307,3
9360,9365,9362.5,1.39538e-05,6.97691e-05,1
9365,9370,9367.5,1.39538e-05,6.97691e-05,1
9385,9390,9387.5,1.39538e-05,6.97691e-05,1
9390,9395,9392.5,2.79076e-05,0.000139538,2
9405,9410,9407.5,1.39538e-05,6.97691e-05,1
9415,9420,9417.5,2.79076e-05,0.000139538,2
9435,9440,9437.5,2.79076e-05,0.000139538,2
9440,9445,9442.5,1.39538e-05,6.97691e-05,1
9455,9460,9457.5,2.79076e-05,0.000139538,2
9460,9465,9462.5,1.39538e-05,6.97691e-05,1
9465,9470,9467.5,1.39538e-05,6.97691e-05,1
9470,9475,9472.5,1.39538e-05,6.97691e-05,1
9480,9485,9482.5,1.39538e-05,6.97691e-05,1
9485,9490,9487.5,4.18614e-05,0.000209307,3
9490,9495,9492.5,2.79076e-05,0.000139538,2
9495,9500,9497.5,1.39538e-05,6.97691e-05,1
9500,9505,9502.5,1.39538e-05,6.97691e-05,1
9505,9510,9507.5,1.39538e-05,6.97691e-05,1
9510,9515,9512.5,2.79076e-05,0.000139538,2
9515,9520,9517.5,1.39538e-05,6.97691e-05,1
9520,9525,9522.5,1.39538e-05,6.97691e-05,1
9540,9545,9542.5,1.39538e-05,6.97691e-05,1
9545,9550,9547.5,2.79076e-05,0.000139538,2
9550,9555,9552.5,4.18614e-05,0.000209307,3
9565,9570,9567.5,2.79076e-05,0.000139538,2
9570,9575,9572.5,1.39538e-05,6.97691e-05,1
9580,9585,9582.5,1.39538e-05,6.97691e-05,1
9585,9590,9587.5,1.39538e-05,6.97691e-05,1
9590,9595,9592.5,1.39538e-05,6.97691e-05,1
9595,9600,9597.5,1.39538e-05,6.97691e-05,1
9600,9605,9602.5,1.39538e-05,6.97691e-05,1
9605,9610,9607.5,1.39538e-05,6.97691e-05,1
9615,9620,9617.5,1.39538e-05,6.97691e-05,1
9620,9625,9622.5,1.39538e-05,6.97691e-05,1
9625,9630,9627.5,1.39538e-05,6.97691e-05,1
9630,9635,9632.5,1.39538e-05,6.97691e-05,1
9650,9655,9652.5,1.39538e-05,6.97691e-05,1
9655,9660,9657.5,1.39538e-05,6.97691e-05,1
9660,9665,9662.5,1.39538e-05,6.97691e-05,1
9670,9675,9672.5,1.39538e-05,6.97691e-05,1
9675,9680,9677.5,1.39538e-05,6.97691e-05,1
9680,9685,9682.5,1.39538e-05,6.97691e-05,1
9685,9690,9687.5,1.39538e-05,6.97691e-05,1
9700,9705,9702.5,1.39538e-05,6.97691e-05,1
9705,9710,9707.5,1.39538e-05,6.97691e-05,1
9720,9725,9722.5,1.39538e-05,6.97691e-05,1
9725,9730,9727.5,2.79076e-05,0.000139538,2
9730,9735,9732.5,1.39538e-05,6.97691e-05,1
9735,9740,9737.5,2.79076e-05,0.000139538,2
9745,9750,9747.5,1.39538e-05,6.97691e-05,1
9750,9755,9752.5,2.79076e-05,0.000139538,2
9755,9760,9757.5,1.39538e-05,6.97691e-05,1
9760,9765,9762.5,1.39538e-05,6.97691e-05,1
9780,9785,9782.5,4.18614e-05,0.000209307,3
9785,9790,9787.5,1.39538e-05,6.97691e-05,1
9795,9800,9797.5,1.39538e-05,6.97691e-05,1
9805,9810,9807.5,2.79076e-05,0.000139538,2
9815,9820,9817.5,1.39538e-05,6.97691e-05,1
9820,9825,9822.5,1.39538e-05,6.97691e-05,1
9835,9840,9837.5,1.39538e-05,6.97691e-05,1
9850,9855,9852.5,1.39538e-05,6.97691e-05,1
9855,9860,9857.5,4.18614e-05,0.000209307,3
9860,9865,9862.5,4.18614e-05,0.000209307,3
9865,9870,9867.5,1.39538e-05,6.97691e-05,1
9875,9880,9877.5,1.39538e-05,6.97691e-05,1
9890,9895,9892.5,1.39538e-05,6.97691e-05,1
9905,9910,9907.5,2.79076e-05,0.000139538,2
9910,9915,9912.5,1.39538e-05,6.97691e-05,1
9915,9920,9917.5,1.39538e-05,6.97691e-05,1
9935,9940,9937.5,1.39538e-05,6.97691e-05,1
9940,9945,9942.5,1.39538e-05,6.97691e-05,1
9955,9960,9957.5,2.79076e-05,0.000139538,2
9970,9975,9972.5,2.79076e-05,0.000139538,2
9975,9980,9977.5,2.79076e-05,0.000139538,2
10000,10005,10002.5,2.79076e-05,0.000139538,2
10005,10010,10007.5,1.39538e-05,6.97691e-05,1
10015,10020,10017.5,1.39538e-05,6.97691e-05,1
10020,10025,10022.5,4.18614e-05,0.000209307,3
10030,10035,10032.5,1.39538e-05,6.97691e-05,1
10035,10040,10037.5,1.39538e-05,6.97691e-05,1
10050,10055,10052.5,2.79076e-05,0.000139538,2
10060,10065,10062.5,1.39538e-05,6.97691e-05,1
10075,10080,10077.5,2.79076e-05,0.000139538,2
10085,10090,10087.5,1.39538e-05,6.97691e-05,1
10090,10095,10092.5,1.39538e-05,6.97691e-05,1
10100,10105,10102.5,1.39538e-05,6.97691e-05,1
10110,10115,10112.5,4.18614e-05,0.000209307,3
10120,10125,10122.5,1.39538e-05,6.97691e-05,1
10125,10130,10127.5,1.39538e-05,6.97691e-05,1
10135,10140,10137.5,1.39538e-05,6.97691e-05,1
10150,10155,10152.5,1.39538e-05,6.97691e-05,1
10165,10170,10167.5,1.39538e-05,6.97691e-05,1
10170,10175,10172.5,2.79076e-05,0.000139538,2
10175,10180,10177.5,2.79076e-05,0.000139538,2
10205,10210,10207.5,2.79076e-05,0.000139538,2
10210,10215,10212.5,4.18614e-05,0.000209307,3
10220,10225,10222.5,1.39538e-05,6.97691e-05,1
10240,10245,10242.5,2.79076e-05,0.000139538,2
10250,10255,10252.5,2.79076e-05,0.000139538,2
10255,10260,10257.5,1.39538e-05,6.97691e-05,1
10260,10265,10262.5,1.39538e-05,6.97691e-05,1
10280,10285,10282.5,1.39538e-05,6.97691e-05,1
10285,10290,10287.5,8.37229e-05,0.000418614,6
10290,10295,10292.5,2.79076e-05,0.000139538,2
10295,10300,10297.5,2.79076e-05,0.000139538,2
10300,10305,10302.5,1.39538e-05,6.97691e-05,1
10305,10310,10307.5,2.79076e-05,0.000139538,2
10320,10325,10322.5,4.18614e-05,0.000209307,3
10325,10330,10327.5,1.39538e-05,6.97691e-05,1
10330,10335,10332.5,1.39538e-05,6.97691e-05,1
10350,10355,10352.5,1.39538e-05,6.97691e-05,1
10355,10360,10357.5,2.79076e-05,0.000139538,2
10360,10365,10362.5,1.39538e-05,6.97691e-05,1
10365,10370,10367.5,1.39538e-05,6.97691e-05,1
10370,10375,10372.5,1.39538e-05,6.97691e-05,1
10385,10390,10387.5,1.39538e-05,6.97691e-05,1
10390,10395,10392.5,1.39538e-05,6.97691e-05,1
10395,10400,10397.5,1.39538e-05,6.97691e-05,1
10400,10405,10402.5,1.39538e-05,6.97691e-05,1
10410,10415,10412.5,1.39538e-05,6.97691e-05,1
10415,10420,10417.5,1.39538e-05,6.97691e-05,1
10420,10425,10422.5,1.39538e-05,6.97691e-05,1
10430,10435,10432.5,1.39538e-05,6.97691e-05,1
10445,10450,10447.5,5.58153e-05,0.000279076,4
10460,10465,10462.5,2.79076e-05,0.000139538,2
10470,10475,10472.5,2.79076e-05,0.000139538,2
10475,10480,10477.5,2.79076e-05,0.000139538,2
10490,10495,10492.5,2.79076e-05,0.000139538,2
10520,10525,10522.5,1.39538e-05,6.97691e-05,1
10530,10535,10532.5,2.79076e-05,0.000139538,2
10540,10545,10542.5,1.39538e-05,6.97691e-05,1
10550,10555,10552.5,1.39538e-05,6.97691e-05,1
10560,10565,10562.5,1.39538e-05,6.97691e-05,1
10565,10570,10567.5,1.39538e-05,6.97691e-05,1
10570,10575,10572.5,2.79076e-05,0.000139538,2
10585,10590,10587.5,1.39538e-05,6.97691e-05,1
10600,10605,10602.5,1.39538e-05,6.97691e-05,1
10610,10615,10612.5,2.79076e-05,0.000139538,2
10615,10620,10617.5,1.39538e-05,6.97691e-05,1
10620,10625,10622.5,1.39538e-05,6.97691e-05,1
10640,10645,10642.5,2.79076e-05,0.000139538,2
10645,10650,10647.5,2.79076e-05,0.000139538,2
10650,10655,10652.5,1.39538e-05,6.97691e-05,1
10660,10665,10662.5,2.79076e-05,0.000139538,2
10665,10670,10667.5,1.39538e-05,6.97691e-05,1
10670,10675,10672.5,2.79076e-05,0.000139538,2
10680,10685,10682.5,2.79076e-05,0.000139538,2
10685,10690,10687.5,1.39538e-05,6.97691e-05,1
10700,10705,10702.5,2.79076e-05,0.000139538,2
10710,10715,10712.5,2.79076e-05,0.000139538,2
10715,10720,10717.5,2.79076e-05,0.000139538,2
10730,10735,10732.5,1.39538e-05,6.97691e-05,1
10740,10745,10742.5,1.39538e-05,6.97691e-05,1
10745,10750,10747.5,1.39538e-05,6.97691e-05,1
10755,10760,10757.5,2.79076e-05,0.000139538,2
10760,10765,10762.5,1.39538e-05,6.97691e-05,1
10765,10770,10767.5,2.79076e-05,0.000139538,2
10770,10775,10772.5,1.39538e-05,6.97691e-05,1
10775,10780,10777.5,1.39538e-05,6.97691e-05,1
10780,10785,10782.5,2.79076e-05,0.000139538,2
10795,10800,10797.5,4.18614e-05,0.000209307,3
10830,10835,10832.5,1.39538e-05,6.97691e-05,1
10845,10850,10847.5,1.39538e-05,6.97691e-05,1
10860,10865,10862.5,1.39538e-05,6.97691e-05,1
10865,10870,10867.5,1.39538e-05,6.97691e-05,1
10875,10880,10877.5,2.79076e-05,0.000139538,2
10890,10895,10892.5,1.39538e-05,6.97691e-05,1
10895,10900,10897.5,2.79076e-05,0.000139538,2
10910,10915,10912.5,1.39538e-05,6.97691e-05,1
10925,10930,10927.5,1.39538e-05,6.97691e-05,1
10950,10955,10952.5,1.39538e-05,6.97691e-05,1
10955,10960,10957.5,1.39538e-05,6.97691e-05,1
10965,10970,10967.5,1.39538e-05,6.97691e-05,1
10970,10975,10972.5,1.39538e-05,6.97691e-05,1
10985,10990,10987.5,1.39538e-05,6.97691e-05,1
11025,11030,11027.5,1.39538e-05,6.97691e-05,1
11035,11040,11037.5,1.39538e-05,6.97691e-05,1
11040,11045,11042.5,1.39538e-05,6.97691e-05,1
11050,11055,11052.5,2.79076e-05,0.000139538,2
11060,11065,11062.5,1.39538e-05,6.97691e-05,1
11065,11070,11067.5,1.39538e-05,6.97691e-05,1
11080,11085,11082.5,1.39538e-05,6.97691e-05,1
11085,11090,11087.5,1.39538e-05,6.97691e-05,1
11100,11105,11102.5,1.39538e-05,6.97691e-05,1
11120,11125,11122.5,1.39538e-05,6.97691e-05,1
11125,11130,11127.5,1.39538e-05,6.97691e-05,1
11130,11135,11132.5,1.39538e-05,6.97691e-05,1
11135,11140,11137.5,2.79076e-05,0.000139538,2
11160,11165,11162.5,1.39538e-05,6.97691e-05,1
11165,11170,11167.5,1.39538e-05,6.97691e-05,1
11195,11200,11197.5,2.79076e-05,0.000139538,2
11200,11205,11202.5,4.18614e-05,0.000209307,3
11205,11210,11207.5,1.39538e-05,6.97691e-05,1
11220,11225,11222.5,1.39538e-05,6.97691e-05,1
11240,11245,11242.5,2.79076e-05,0.000139538,2
11250,11255,11252.5,4.18614e-05,0.000209307,3
11265,11270,11267.5,1.39538e-05,6.97691e-05,1
11270,11275,11272.5,2.79076e-05,0.000139538,2
11280,11285,11282.5,1.39538e-05,6.97691e-05,1
11285,11290,11287.5,1.39538e-05,6.97691e-05,1
11300,11305,11302.5,1.39538e-05,6.97691e-05,1
11305,11310,11307.5,2.79076e-05,0.000139538,2
11315,11320,11317.5,1.39538e-05,6.97691e-05,1
11320,11325,11322.5,1.39538e-05,6.97691e-05,1
11345,11350,11347.5,1.39538e-05,6.97691e-05,1
11350,11355,11352.5,1.39538e-05,6.97691e-05,1
11360,11365,11362.5,1.39538e-05,6.97691e-05,1
11365,11370,11367.5,1.39538e-05,6.97691e-05,1
11375,11380,11377.5,2.79076e-05,0.000139538,2
11380,11385,11382.5,1.39538e-05,6.97691e-05,1
11385,11390,11387.5,1.39538e-05,6.97691e-05,1
11390,11395,11392.5,1.39538e-05,6.97691e-05,1
11395,11400,11397.5,1.39538e-05,6.97691e-05,1
11405,11410,11407.5,2.79076e-05,0.000139538,2
11420,11425,11422.5,1.39538e-05,6.97691e-05,1
11425,11430,11427.5,1.39538e-05,6.97691e-05,1
11430,11435,11432.5,1.39538e-05,6.97691e-05,1
11440,11445,11442.5,1.39538e-05,6.97691e-05,1
11460,11465,11462.5,2.79076e-05,0.000139538,2
11475,11480,11477.5,1.39538e-05,6.97691e-05,1
11485,11490,11487.5,1.39538e-05,6.97691e-05,1
11490,11495,11492.5,1.39538e-05,6.97691e-05,1
11500,11505,11502.5,2.79076e-05,0.000139538,2
11530,11535,11532.5,1.39538e-05,6.97691e-05,1
11535,11540,11537.5,1.39538e-05,6.97691e-05,1
11540,11545,11542.5,1.39538e-05,6.97691e-05,1
11545,11550,11547.5,2.79076e-05,0.000139538,2
11555,11560,11557.5,1.39538e-05,6.97691e-05,1
11560,11565,11562.5,1.39538e-05,6.97691e-05,1
11565,11570,11567.5,1.39538e-05,6.97691e-05,1
11575,11580,11577.5,2.79076e-05,0.000139538,2
11595,11600,11597.5,1.39538e-05,6.97691e-05,1
11615,11620,11617.5,1.39538e-05,6.97691e-05,1
11620,11625,11622.5,1.39538e-05,6.97691e-05,1
11625,11630,11627.5,1.39538e-05,6.97691e-05,1
11630,11635,11632.5,1.39538e-05,6.97691e-05,1
11640,11645,11642.5,1.39538e-05,6.97691e-05,1
11655,11660,11657.5,1.39538e-05,6.97691e-05,1
11660,11665,11662.5,4.18614e-05,0.000209307,3
11665,11670,11667.5,1.39538e-05,6.97691e-05,1
11670,11675,11672.5,1.39538e-05,6.97691e-05,1
11690,11695,11692.5,4.18614e-05,0.000209307,3
11710,11715,11712.5,2.79076e-05,0.000139538,2
11715,11720,11717.5,1.39538e-05,6.97691e-05,1
11720,11725,11722.5,1.39538e-05,6.97691e-05,1
11725,11730,11727.5,1.39538e-05,6.97691e-05,1
11740,11745,11742.5,2.79076e-05,0.000139538,2
11745,11750,11747.5,1.39538e-05,6.97691e-05,1
11750,11755,11752.5,4.18614e-05,0.000209307,3
11755,11760,11757.5,4.18614e-05,0.000209307,3
11765,11770,11767.5,1.39538e-05,6.97691e-05,1
11805,11810,11807.5,1.39538e-05,6.97691e-05,1
11815,11820,11817.5,1.39538e-05,6.97691e-05,1
11825,11830,11827.5,1.39538e-05,6.97691e-05,1
11845,11850,11847.5,1.39538e-05,6.97691e-05,1
11860,11865,11862.5,2.79076e-05,0.000139538,2
11865,11870,11867.5,2.79076e-05,0.000139538,2
11870,11875,11872.5,1.39538e-05,6.97691e-05,1
11875,11880,11877.5,4.18614e-05,0.000209307,3
11885,11890,11887.5,1.39538e-05,6.97691e-05,1
11890,11895,11892.5,1.39538e-05,6.97691e-05,1
11905,11910,11907.5,1.39538e-05,6.97691e-05,1
11910,11915,11912.5,1.39538e-05,6.97691e-05,1
11925,11930,11927.5,2.79076e-05,0.000139538,2
11930,11935,11932.5,2.79076e-05,0.000139538,2
11935,11940,11937.5,1.39538e-05,6.97691e-05,1
11995,12000,11997.5,1.39538e-05,6.97691e-05,1
12005,12010,12007.5,1.39538e-05,6.97691e-05,1
12030,12035,12032.5,2.79076e-05,0.000139538,2
12045,12050,12047.5,1.39538e-05,6.97691e-05,1
12090,12095,12092.5,1.39538e-05,6.97691e-05,1
12095,12100,12097.5,1.39538e-05,6.97691e-05,1
12110,12115,12112.5,2.79076e-05,0.000139538,2
12115,12120,12117.5,1.39538e-05,6.97691e-05,1
12140,12145,12142.5,1.39538e-05,6.97691e-05,1
12145,12150,12147.5,2.79076e-05,0.000139538,2
12150,12155,12152.5,2.79076e-05,0.000139538,2
12160,12165,12162.5,2.79076e-05,0.000139538,2
12175,12180,12177.5,2.79076e-05,0.000139538,2
12180,12185,12182.5,1.39538e-05,6.97691e-05,1
12190,12195,12192.5,4.18614e-05,0.000209307,3
12200,12205,12202.5,1.39538e-05,6.97691e-05,1
12220,12225,12222.5,1.39538e-05,6.97691e-05,1
12225,12230,12227.5,2.79076e-05,0.000139538,2
12235,12240,12237.5,1.39538e-05,6.97691e-05,1
12260,12265,12262.5,1.39538e-05,6.97691e-05,1
12265,12270,12267.5,2.79076e-05,0.000139538,2
12290,12295,12292.5,1.39538e-05,6.97691e-05,1
12300,12305,12302.5,1.39538e-05,6.97691e-05,1
12305,12310,12307.5,2.79076e-05,0.000139538,2
12310,12315,12312.5,1.39538e-05,6.97691e-05,1
12330,12335,12332.5,1.39538e-05,6.97691e-05,1
12335,12340,12337.5,1.39538e-05,6.97691e-05,1
12345,12350,12347.5,1.39538e-05,6.97691e-05,1
12350,12355,12352.5,1.39538e-05,6.97691e-05,1
12355,12360,12357.5,1.39538e-05,6.97691e-05,1
12385,12390,12387.5,1.39538e-05,6.97691e-05,1
12390,12395,12392.5,1.39538e-05,6.97691e-05,1
12395,12400,12397.5,1.39538e-05,6.97691e-05,1
12420,12425,12422.5,1.39538e-05,6.97691e-05,1
12430,12435,12432.5,1.39538e-05,6.97691e-05,1
12435,12440,12437.5,1.39538e-05,6.97691e-05,1
12480,12485,12482.5,2.79076e-05,0.000139538,2
12490,12495,12492.5,1.39538e-05,6.97691e-05,1
12530,12535,12532.5,1.39538e-05,6.97691e-05,1
12545,12550,12547.5,1.39538e-05,6.97691e-05,1
12550,12555,12552.5,1.39538e-05,6.97691e-05,1
12560,12565,12562.5,1.39538e-05,6.97691e-05,1
12565,12570,12567.5,1.39538e-05,6.97691e-05,1
12590,12595,12592.5,1.39538e-05,6.97691e-05,1
12610,12615,12612.5,1.39538e-05,6.97691e-05,1
12630,12635,12632.5,1.39538e-05,6.97691e-05,1
12640,12645,12642.5,1.39538e-05,6.97691e-05,1
12650,12655,12652.5,1.39538e-05,6.97691e-05,1
12655,12660,12657.5,1.39538e-05,6.97691e-05,1
12660,12665,12662.5,2.79076e-05,0.000139538,2
12665,12670,12667.5,1.39538e-05,6.97691e-05,1
12670,12675,12672.5,2.79076e-05,0.000139538,2
12680,12685,12682.5,1.39538e-05,6.97691e-05,1
12695,12700,12697.5,1.39538e-05,6.97691e-05,1
12710,12715,12712.5,1.39538e-05,6.97691e-05,1
12770,12775,12772.5,1.39538e-05,6.97691e-05,1
12795,12800,12797.5,2.79076e-05,0.000139538,2
12805,12810,12807.5,1.39538e-05,6.97691e-05,1
12825,12830,12827.5,2.79076e-05,0.000139538,2
12835,12840,12837.5,1.39538e-05,6.97691e-05,1
12850,12855,12852.5,1.39538e-05,6.97691e-05,1
12855,12860,12857.5,1.39538e-05,6.97691e-05,1
12875,12880,12877.5,1.39538e-05,6.97691e-05,1
12880,12885,12882.5,1.39538e-05,6.97691e-05,1
12885,12890,12887.5,1.39538e-05,6.97691e-05,1
12905,12910,12907.5,1.39538e-05,6.97691e-05,1
12915,12920,12917.5,2.79076e-05,0.000139538,2
12930,12935,12932.5,1.39538e-05,6.97691e-05,1
12940,12945,12942.5,1.39538e-05,6.97691e-05,1
12950,12955,12952.5,2.79076e-05,0.000139538,2
12960,12965,12962.5,2.79076e-05,0.000139538,2
12970,12975,12972.5,1.39538e-05,6.97691e-05,1
12980,12985,12982.5,1.39538e-05,6.97691e-05,1
12990,12995,12992.5,1.39538e-05,6.97691e-05,1
13010,13015,13012.5,1.39538e-05,6.97691e-05,1
13015,13020,13017.5,1.39538e-05,6.97691e-05,1
13045,13050,13047.5,1.39538e-05,6.97691e-05,1
13055,13060,13057.5,2.79076e-05,0.000139538,2
13085,13090,13087.5,4.18614e-05,0.000209307,3
13090,13095,13092.5,1.39538e-05,6.97691e-05,1
13095,13100,13097.5,1.39538e-05,6.97691e-05,1
13100,13105,13102.5,1.39538e-05,6.97691e-05,1
13140,13145,13142.5,1.39538e-05,6.97691e-05,1
13155,13160,13157.5,2.79076e-05,0.000139538,2
13160,13165,13162.5,1.39538e-05,6.97691e-05,1
13165,13170,13167.5,1.39538e-05,6.97691e-05,1
13170,13175,13172.5,1.39538e-05,6.97691e-05,1
13185,13190,13187.5,4.18614e-05,0.000209307,3
13235,13240,13237.5,2.79076e-05,0.000139538,2
13245,13250,13247.5,2.79076e-05,0.000139538,2
13255,13260,13257.5,1.39538e-05,6.97691e-05,1
13280,13285,13282.5,1.39538e-05,6.97691e-05,1
13285,13290,13287.5,1.39538e-05,6.97691e-05,1
13295,13300,13297.5,1.39538e-05,6.97691e-05,1
13305,13310,13307.5,1.39538e-05,6.97691e-05,1
13315,13320,13317.5,1.39538e-05,6.97691e-05,1
13320,13325,13322.5,5.58153e-05,0.000279076,4
13325,13330,13327.5,1.39538e-05,6.97691e-05,1
13335,13340,13337.5,1.39538e-05,6.97691e-05,1
13340,13345,13342.5,1.39538e-05,6.97691e-05,1
13365,13370,13367.5,1.39538e-05,6.97691e-05,1
13370,13375,13372.5,1.39538e-05,6.97691e-05,1
13375,13380,13377.5,1.39538e-05,6.97691e-05,1
13380,13385,13382.5,1.39538e-05,6.97691e-05,1
13390,13395,13392.5,1.39538e-05,6.97691e-05,1
13400,13405,13402.5,1.39538e-05,6.97691e-05,1
13425,13430,13427.5,1.39538e-05,6.97691e-05,1
13435,13440,13437.5,1.39538e-05,6.97691e-05,1
13440,13445,13442.5,1.39538e-05,6.97691e-05,1
13445,13450,13447.5,1.39538e-05,6.97691e-05,1
13510,13515,13512.5,1.39538e-05,6.97691e-05,1
13545,13550,13547.5,2.79076e-05,0.000139538,2
13550,13555,13552.5,1.39538e-05,6.97691e-05,1
13585,13590,13587.5,1.39538e-05,6.97691e-05,1
13590,13595,13592.5,2.79076e-05,0.000139538,2
13615,13620,13617.5,2.79076e-05,0.000139538,2
13620,13625,13622.5,1.39538e-05,6.97691e-05,1
13635,13640,13637.5,1.39538e-05,6.97691e-05,1
13680,13685,13682.5,1.39538e-05,6.97691e-05,1
13690,13695,13692.5,1.39538e-05,6.97691e-05,1
13695,13700,13697.5,1.39538e-05,6.97691e-05,1
13720,13725,13722.5,1.39538e-05,6.97691e-05,1
13770,13775,13772.5,1.39538e-05,6.97691e-05,1
13775,13780,13777.5,1.39538e-05,6.97691e-05,1
13855,13860,13857.5,1.39538e-05,6.97691e-05,1
13860,13865,13862.5,1.39538e-05,6.97691e-05,1
13865,13870,13867.5,4.18614e-05,0.000209307,3
13925,13930,13927.5,2.79076e-05,0.000139538,2
13995,14000,13997.5,1.39538e-05,6.97691e-05,1
14005,14010,14007.5,1.39538e-05,6.97691e-05,1
14010,14015,14012.5,1.39538e-05,6.97691e-05,1
14045,14050,14047.5,1.39538e-05,6.97691e-05,1
14055,14060,14057.5,2.79076e-05,0.000139538,2
14075,14080,14077.5,1.39538e-05,6.97691e-05,1
14080,14085,14082.5,1.39538e-05,6.97691e-05,1
14085,14090,14087.5,1.39538e-05,6.97691e-05,1
14100,14105,14102.5,2.79076e-05,0.000139538,2
14105,14110,14107.5,1.39538e-05,6.97691e-05,1
14125,14130,14127.5,1.39538e-05,6.97691e-05,1
14145,14150,14147.5,1.39538e-05,6.97691e-05,1
14150,14155,14152.5,1.39538e-05,6.97691e-05,1
14225,14230,14227.5,1.39538e-05,6.97691e-05,1
14265,14270,14267.5,1.39538e-05,6.97691e-05,1
14325,14330,14327.5,1.39538e-05,6.97691e-05,1
14330,14335,14332.5,1.39538e-05,6.97691e-05,1
14345,14350,14347.5,1.39538e-05,6.97691e-05,1
14360,14365,14362.5,2.79076e-05,0.000139538,2
14450,14455,14452.5,1.39538e-05,6.97691e-05,1
14460,14465,14462.5,1.39538e-05,6.97691e-05,1
14500,14505,14502.5,1.39538e-05,6.97691e-05,1
14505,14510,14507.5,1.39538e-05,6.97691e-05,1
14520,14525,14522.5,1.39538e-05,6.97691e-05,1
14550,14555,14552.5,1.39538e-05,6.97691e-05,1
14570,14575,14572.5,1.39538e-05,6.97691e-05,1
14575,14580,14577.5,1.39538e-05,6.97691e-05,1
14590,14595,14592.5,1.39538e-05,6.97691e-05,1
14620,14625,14622.5,2.79076e-05,0.000139538,2
14625,14630,14627.5,1.39538e-05,6.97691e-05,1
14655,14660,14657.5,1.39538e-05,6.97691e-05,1
14665,14670,14667.5,1.39538e-05,6.97691e-05,1
14705,14710,14707.5,1.39538e-05,6.97691e-05,1
14715,14720,14717.5,1.39538e-05,6.97691e-05,1
14720,14725,14722.5,2.79076e-05,0.000139538,2
14755,14760,14757.5,1.39538e-05,6.97691e-05,1
14775,14780,14777.5,1.39538e-05,6.97691e-05,1
14800,14805,14802.5,1.39538e-05,6.97691e-05,1
14835,14840,14837.5,1.39538e-05,6.97691e-05,1
14880,14885,14882.5,1.39538e-05,6.97691e-05,1
14885,14890,14887.5,1.39538e-05,6.97691e-05,1
14910,14915,14912.5,4.18614e-05,0.000209307,3
14940,14945,14942.5,1.39538e-05,6.97691e-05,1
14965,14970,14967.5,1.39538e-05,6.97691e-05,1
14970,14975,14972.5,1.39538e-05,6.97691e-05,1
14990,14995,14992.5,1.39538e-05,6.97691e-05,1
15000,15005,15002.5,2.79076e-05,0.000139538,2
15040,15045,15042.5,1.39538e-05,6.97691e-05,1
15090,15095,15092.5,1.39538e-05,6.97691e-05,1
15140,15145,15142.5,1.39538e-05,6.97691e-05,1
15150,15155,15152.5,1.39538e-05,6.97691e-05,1
15155,15160,15157.5,1.39538e-05,6.97691e-05,1
15160,15165,15162.5,1.39538e-05,6.97691e-05,1
15165,15170,15167.5,2.79076e-05,0.000139538,2
15240,15245,15242.5,1.39538e-05,6.97691e-05,1
15245,15250,15247.5,1.39538e-05,6.97691e-05,1
15270,15275,15272.5,1.39538e-05,6.97691e-05,1
15310,15315,15312.5,2.79076e-05,0.000139538,2
15330,15335,15332.5,1.39538e-05,6.97691e-05,1
15345,15350,15347.5,1.39538e-05,6.97691e-05,1
15405,15410,15407.5,1.39538e-05,6.97691e-05,1
15465,15470,15467.5,1.39538e-05,6.97691e-05,1
15475,15480,15477.5,4.18614e-05,0.000209307,3
15480,15485,15482.5,1.39538e-05,6.97691e-05,1
15495,15500,15497.5,2.79076e-05,0.000139538,2
15505,15510,15507.5,1.39538e-05,6.97691e-05,1
15515,15520,15517.5,1.39538e-05,6.97691e-05,1
15535,15540,15537.5,1.39538e-05,6.97691e-05,1
15580,15585,15582.5,1.39538e-05,6.97691e-05,1
15585,15590,15587.5,1.39538e-05,6.97691e-05,1
15640,15645,15642.5,1.39538e-05,6.97691e-05,1
15645,15650,15647.5,1.39538e-05,6.97691e-05,1
15650,15655,15652.5,1.39538e-05,6.97691e-05,1
15655,15660,15657.5,2.79076e-05,0.000139538,2
15665,15670,15667.5,1.39538e-05,6.97691e-05,1
15685,15690,15687.5,2.79076e-05,0.000139538,2
15695,15700,15697.5,1.39538e-05,6.97691e-05,1
15705,15710,15707.5,1.39538e-05,6.97691e-05,1
15710,15715,15712.5,1.39538e-05,6.97691e-05,1
15715,15720,15717.5,2.79076e-05,0.000139538,2
15725,15730,15727.5,1.39538e-05,6.97691e-05,1
15790,15795,15792.5,1.39538e-05,6.97691e-05,1
15815,15820,15817.5,1.39538e-05,6.97691e-05,1
15835,15840,15837.5,2.79076e-05,0.000139538,2
15875,15880,15877.5,2.79076e-05,0.000139538,2
15880,15885,15882.5,1.39538e-05,6.97691e-05,1
15900,15905,15902.5,1.39538e-05,6.97691e-05,1
15910,15915,15912.5,1.39538e-05,6.97691e-05,1
16015,16020,16017.5,1.39538e-05,6.97691e-05,1
16055,16060,16057.5,1.39538e-05,6.97691e-05,1
16080,16085,16082.5,2.79076e-05,0.000139538,2
16115,16120,16117.5,1.39538e-05,6.97691e-05,1
16125,16130,16127.5,1.39538e-05,6.97691e-05,1
16145,16150,16147.5,1.39538e-05,6.97691e-05,1
16190,16195,16192.5,1.39538e-05,6.97691e-05,1
16200,16205,16202.5,1.39538e-05,6.97691e-05,1
16205,16210,16207.5,1.39538e-05,6.97691e-05,1
16215,16220,16217.5,1.39538e-05,6.97691e-05,1
16220,16225,16222.5,1.39538e-05,6.97691e-05,1
16230,16235,16232.5,1.39538e-05,6.97691e-05,1
16240,16245,16242.5,1.39538e-05,6.97691e-05,1
16305,16310,16307.5,1.39538e-05,6.97691e-05,1
16325,16330,16327.5,1.39538e-05,6.97691e-05,1
16330,16335,16332.5,1.39538e-05,6.97691e-05,1
16340,16345,16342.5,1.39538e-05,6.97691e-05,1
16345,16350,16347.5,1.39538e-05,6.97691e-05,1
16350,16355,16352.5,1.39538e-05,6.97691e-05,1
16360,16365,16362.5,1.39538e-05,6.97691e-05,1
16430,16435,16432.5,1.39538e-05,6.97691e-05,1
16470,16475,16472.5,1.39538e-05,6.97691e-05,1
16490,16495,16492.5,1.39538e-05,6.97691e-05,1
16550,16555,16552.5,1.39538e-05,6.97691e-05,1
16615,16620,16617.5,1.39538e-05,6.97691e-05,1
16740,16745,16742.5,1.39538e-05,6.97691e-05,1
16745,16750,16747.5,1.39538e-05,6.97691e-05,1
16755,16760,16757.5,1.39538e-05,6.97691e-05,1
16775,16780,16777.5,1.39538e-05,6.97691e-05,1
16795,16800,16797.5,1.39538e-05,6.97691e-05,1
16840,16845,16842.5,1.39538e-05,6.97691e-05,1
16845,16850,16847.5,1.39538e-05,6.97691e-05,1
16855,16860,16857.5,1.39538e-05,6.97691e-05,1
16865,16870,16867.5,1.39538e-05,6.97691e-05,1
16890,16895,16892.5,1.39538e-05,6.97691e-05,1
16900,16905,16902.5,1.39538e-05,6.97691e-05,1
16915,16920,16917.5,1.39538e-05,6.97691e-05,1
16925,16930,16927.5,1.39538e-05,6.97691e-05,1
16940,16945,16942.5,1.39538e-05,6.97691e-05,1
16970,16975,16972.5,1.39538e-05,6.97691e-05,1
16985,16990,16987.5,1.39538e-05,6.97691e-05,1
16995,17000,16997.5,1.39538e-05,6.97691e-05,1
17020,17025,17022.5,1.39538e-05,6.97691e-05,1
17090,17095,17092.5,1.39538e-05,6.97691e-05,1
17100,17105,17102.5,1.39538e-05,6.97691e-05,1
17165,17170,17167.5,1.39538e-05,6.97691e-05,1
17185,17190,17187.5,1.39538e-05,6.97691e-05,1
17190,17195,17192.5,1.39538e-05,6.97691e-05,1
17205,17210,17207.5,1.39538e-05,6.97691e-05,1
17245,17250,17247.5,1.39538e-05,6.97691e-05,1
17270,17275,17272.5,2.79076e-05,0.000139538,2
17275,17280,17277.5,1.39538e-05,6.97691e-05,1
17325,17330,17327.5,1.39538e-05,6.97691e-05,1
17330,17335,17332.5,2.79076e-05,0.000139538,2
17365,17370,17367.5,1.39538e-05,6.97691e-05,1
17410,17415,17412.5,1.39538e-05,6.97691e-05,1
17430,17435,17432.5,1.39538e-05,6.97691e-05,1
17445,17450,17447.5,1.39538e-05,6.97691e-05,1
17515,17520,17517.5,1.39538e-05,6.97691e-05,1
17525,17530,17527.5,1.39538e-05,6.97691e-05,1
17540,17545,17542.5,1.39538e-05,6.97691e-05,1
17550,17555,17552.5,1.39538e-05,6.97691e-05,1
17575,17580,17577.5,1.39538e-05,6.97691e-05,1
17625,17630,17627.5,1.39538e-05,6.97691e-05,1
17660,17665,17662.5,2.79076e-05,0.000139538,2
17675,17680,17677.5,1.39538e-05,6.97691e-05,1
17685,17690,17687.5,1.39538e-05,6.97691e-05,1
17765,17770,17767.5,1.39538e-05,6.97691e-05,1
17775,17780,17777.5,1.39538e-05,6.97691e-05,1
17790,17795,17792.5,1.39538e-05,6.97691e-05,1
17825,17830,17827.5,1.39538e-05,6.97691e-05,1
17845,17850,17847.5,1.39538e-05,6.97691e-05,1
17940,17945,17942.5,1.39538e-05,6.97691e-05,1
17965,17970,17967.5,1.39538e-05,6.97691e-05,1
17970,17975,17972.5,1.39538e-05,6.97691e-05,1
17995,18000,17997.5,1.39538e-05,6.97691e-05,1
18100,18105,18102.5,1.39538e-05,6.97691e-05,1
18105,18110,18107.5,1.39538e-05,6.97691e-05,1
18115,18120,18117.5,1.39538e-05,6.97691e-05,1
18155,18160,18157.5,1.39538e-05,6.97691e-05,1
18160,18165,18162.5,1.39538e-05,6.97691e-05,1
18275,18280,18277.5,1.39538e-05,6.97691e-05,1
18285,18290,18287.5,1.39538e-05,6.97691e-05,1
18300,18305,18302.5,1.39538e-05,6.97691e-05,1
18305,18310,18307.5,1.39538e-05,6.97691e-05,1
18345,18350,18347.5,1.39538e-05,6.97691e-05,1
18480,18485,18482.5,1.39538e-05,6.97691e-05,1
18505,18510,18507.5,1.39538e-05,6.97691e-05,1
18575,18580,18577.5,1.39538e-05,6.97691e-05,1
18615,18620,18617.5,1.39538e-05,6.97691e-05,1
18625,18630,18627.5,1.39538e-05,6.97691e-05,1
18695,18700,18697.5,1.39538e-05,6.97691e-05,1
18710,18715,18712.5,1.39538e-05,6.97691e-05,1
18830,18835,18832.5,1.39538e-05,6.97691e-05,1
18855,18860,18857.5,1.39538e-05,6.97691e-05,1
19000,19005,19002.5,1.39538e-05,6.97691e-05,1
19015,19020,19017.5,1.39538e-05,6.97691e-05,1
19025,19030,19027.5,1.39538e-05,6.97691e-05,1
19030,19035,19032.5,1.39538e-05,6.97691e-05,1
19035,19040,19037.5,2.79076e-05,0.000139538,2
19100,19105,19102.5,1.39538e-05,6.97691e-05,1
19165,19170,19167.5,1.39538e-05,6.97691e-05,1
19185,19190,19187.5,1.39538e-05,6.97691e-05,1
19190,19195,19192.5,1.39538e-05,6.97691e-05,1
19195,19200,19197.5,1.39538e-05,6.97691e-05,1
19205,19210,19207.5,1.39538e-05,6.97691e-05,1
19245,19250,19247.5,1.39538e-05,6.97691e-05,1
19260,19265,19262.5,1.39538e-05,6.97691e-05,1
19265,19270,19267.5,1.39538e-05,6.97691e-05,1
19320,19325,19322.5,1.39538e-05,6.97691e-05,1
19330,19335,19332.5,1.39538e-05,6.97691e-05,1
19350,19355,19352.5,1.39538e-05,6.97691e-05,1
19440,19445,19442.5,1.39538e-05,6.97691e-05,1
19530,19535,19532.5,1.39538e-05,6.97691e-05,1
19545,19550,19547.5,1.39538e-05,6.97691e-05,1
19550,19555,19552.5,1.39538e-05,6.97691e-05,1
19560,19565,19562.5,1.39538e-05,6.97691e-05,1
19565,19570,19567.5,1.39538e-05,6.97691e-05,1
19575,19580,19577.5,1.39538e-05,6.97691e-05,1
19590,19595,19592.5,2.79076e-05,0.000139538,2
19605,19610,19607.5,2.79076e-05,0.000139538,2
19680,19685,19682.5,1.39538e-05,6.97691e-05,1
19760,19765,19762.5,1.39538e-05,6.97691e-05,1
19805,19810,19807.5,1.39538e-05,6.97691e-05,1
19815,19820,19817.5,1.39538e-05,6.97691e-05,1
19915,19920,19917.5,1.39538e-05,6.97691e-05,1
19920,19925,19922.5,1.39538e-05,6.97691e-05,1
19940,19945,19942.5,1.39538e-05,6.97691e-05,1
19965,19970,19967.5,1.39538e-05,6.97691e-05,1
19980,19985,19982.5,1.39538e-05,6.97691e-05,1
19985,19990,19987.5,1.39538e-05,6.97691e-05,1
20100,20105,20102.5,1.39538e-05,6.97691e-05,1
20145,20150,20147.5,1.39538e-05,6.97691e-05,1
20150,20155,20152.5,1.39538e-05,6.97691e-05,1
20180,20185,20182.5,1.39538e-05,6.97691e-05,1
20245,20250,20247.5,1.39538e-05,6.97691e-05,1
20260,20265,20262.5,1.39538e-05,6.97691e-05,1
20300,20305,20302.5,1.39538e-05,6.97691e-05,1
20325,20330,20327.5,1.39538e-05,6.97691e-05,1
20355,20360,20357.5,1.39538e-05,6.97691e-05,1
20420,20425,20422.5,1.39538e-05,6.97691e-05,1
20425,20430,20427.5,1.39538e-05,6.97691e-05,1
20485,20490,20487.5,1.39538e-05,6.97691e-05,1
20625,20630,20627.5,1.39538e-05,6.97691e-05,1
20670,20675,20672.5,1.39538e-05,6.97691e-05,1
20710,20715,20712.5,1.39538e-05,6.97691e-05,1
20755,20760,20757.5,1.39538e-05,6.97691e-05,1
20780,20785,20782.5,1.39538e-05,6.97691e-05,1
20785,20790,20787.5,1.39538e-05,6.97691e-05,1
20810,20815,20812.5,1.39538e-05,6.97691e-05,1
20820,20825,20822.5,1.39538e-05,6.97691e-05,1
20860,20865,20862.5,1.39538e-05,6.97691e-05,1
20900,20905,20902.5,1.39538e-05,6.97691e-05,1
20910,20915,20912.5,1.39538e-05,6.97691e-05,1
20920,20925,20922.5,1.39538e-05,6.97691e-05,1
21000,21005,21002.5,1.39538e-05,6.97691e-05,1
21095,21100,21097.5,1.39538e-05,6.97691e-05,1
21130,21135,21132.5,2.79076e-05,0.000139538,2
21185,21190,21187.5,1.39538e-05,6.97691e-05,1
21240,21245,21242.5,1.39538e-05,6.97691e-05,1
21260,21265,21262.5,1.39538e-05,6.97691e-05,1
21345,21350,21347.5,1.39538e-05,6.97691e-05,1
21385,21390,21387.5,1.39538e-05,6.97691e-05,1
21505,21510,21507.5,1.39538e-05,6.97691e-05,1
21545,21550,21547.5,1.39538e-05,6.97691e-05,1
21585,21590,21587.5,1.39538e-05,6.97691e-05,1
21700,21705,21702.5,1.39538e-05,6.97691e-05,1
21720,21725,21722.5,1.39538e-05,6.97691e-05,1
21800,21805,21802.5,1.39538e-05,6.97691e-05,1
22040,22045,22042.5,1.39538e-05,6.97691e-05,1
22085,22090,22087.5,1.39538e-05,6.97691e-05,1
22245,22250,22247.5,1.39538e-05,6.97691e-05,1
22290,22295,22292.5,1.39538e-05,6.97691e-05,1
22350,22355,22352.5,1.39538e-05,6.97691e-05,1
22385,22390,22387.5,1.39538e-05,6.97691e-05,1
22500,22505,22502.5,1.39538e-05,6.97691e-05,1
22535,22540,22537.5,1.39538e-05,6.97691e-05,1
22555,22560,22557.5,1.39538e-05,6.97691e-05,1
22605,22610,22607.5,1.39538e-05,6.97691e-05,1
22830,22835,22832.5,1.39538e-05,6.97691e-05,1
23020,23025,23022.5,1.39538e-05,6.97691e-05,1
23030,23035,23032.5,1.39538e-05,6.97691e-05,1
23035,23040,23037.5,1.39538e-05,6.97691e-05,1
23150,23155,23152.5,1.39538e-05,6.97691e-05,1
23250,23255,23252.5,1.39538e-05,6.97691e-05,1
23305,23310,23307.5,1.39538e-05,6.97691e-05,1
23335,23340,23337.5,1.39538e-05,6.97691e-05,1
23460,23465,23462.5,1.39538e-05,6.97691e-05,1
23585,23590,23587.5,1.39538e-05,6.97691e-05,1
23675,23680,23677.5,1.39538e-05,6.97691e-05,1
23730,23735,23732.5,2.79076e-05,0.000139538,2
23965,23970,23967.5,1.39538e-05,6.97691e-05,1
24085,24090,24087.5,1.39538e-05,6.97691e-05,1
24130,24135,24132.5,1.39538e-05,6.97691e-05,1
24280,24285,24282.5,1.39538e-05,6.97691e-05,1
24320,24325,24322.5,1.39538e-05,6.97691e-05,1
24570,24575,24572.5,1.39538e-05,6.97691e-05,1
24780,24785,24782.5,1.39538e-05,6.97691e-05,1
24785,24790,24787.5,1.39538e-05,6.97691e-05,1
24790,24795,24792.5,1.39538e-05,6.97691e-05,1
24805,24810,24807.5,1.39538e-05,6.97691e-05,1
24830,24835,24832.5,1.39538e-05,6.97691e-05,1
24965,24970,24967.5,1.39538e-05,6.97691e-05,1
25085,25090,25087.5,1.39538e-05,6.97691e-05,1
25135,25140,25137.5,1.39538e-05,6.97691e-05,1
25260,25265,25262.5,1.39538e-05,6.97691e-05,1
25285,25290,25287.5,1.39538e-05,6.97691e-05,1
25290,25295,25292.5,1.39538e-05,6.97691e-05,1
25340,25345,25342.5,1.39538e-05,6.97691e-05,1
25420,25425,25422.5,1.39538e-05,6.97691e-05,1
25620,25625,25622.5,1.39538e-05,6.97691e-05,1
25700,25705,25702.5,1.39538e-05,6.97691e-05,1
26075,26080,26077.5,1.39538e-05,6.97691e-05,1
26625,26630,26627.5,1.39538e-05,6.97691e-05,1
26755,26760,26757.5,1.39538e-05,6.97691e-05,1
26770,26775,26772.5,1.39538e-05,6.97691e-05,1
26870,26875,26872.5,1.39538e-05,6.97691e-05,1
27645,27650,27647.5,1.39538e-05,6.97691e-05,1
28005,28010,28007.5,1.39538e-05,6.97691e-05,1
28040,28045,28042.5,1.39538e-05,6.97691e-05,1
28265,28270,28267.5,1.39538e-05,6.97691e-05,1
28345,28350,28347.5,1.39538e-05,6.97691e-05,1
28425,28430,28427.5,1.39538e-05,6.97691e-05,1
28605,28610,28607.5,1.39538e-05,6.97691e-05,1
28755,28760,28757.5,1.39538e-05,6.97691e-05,1
29285,29290,29287.5,1.39538e-05,6.97691e-05,1
29455,29460,29457.5,1.39538e-05,6.97691e-05,1
29475,29480,29477.5,1.39538e-05,6.97691e-05,1
30010,30015,30012.5,1.39538e-05,6.97691e-05,1
30105,30110,30107.5,1.39538e-05,6.97691e-05,1
30175,30180,30177.5,1.39538e-05,6.97691e-05,1
30250,30255,30252.5,1.39538e-05,6.97691e-05,1
30950,30955,30952.5,1.39538e-05,6.97691e-05,1
31230,31235,31232.5,1.39538e-05,6.97691e-05,1
31800,31805,31802.5,1.39538e-05,6.97691e-05,1
31910,31915,31912.5,1.39538e-05,6.97691e-05,1
32050,32055,32052.5,1.39538e-05,6.97691e-05,1
32185,32190,32187.5,1.39538e-05,6.97691e-05,1
33395,33400,33397.5,1.39538e-05,6.97691e-05,1
33655,33660,33657.5,1.39538e-05,6.97691e-05,1
34460,34465,34462.5,1.39538e-05,6.97691e-05,1
35745,35750,35747.5,1.39538e-05,6.97691e-05,1
39100,39105,39102.5,1.39538e-05,6.97691e-05,1
40475,40480,40477.5,1.39538e-05,6.97691e-05,1
VO Delay PDF CSV saved: scratch/delay_pdf/pedca_vo_delay_pdf.csv

P-EDCA STA Delay PDF CSV saved: /home/nathanlo/ns-3.45/scratch/delay_pdf/11be/adaptive_compare_burst/adaptive_k30_s3.csv
--- EXTENDED_STATS_BEGIN ---
PEDCA_STA_SUCC_COUNT: 14333
PEDCA_STA_FAIL_COUNT: 258
PEDCA_STA_ZERO_RETX: 14316
LEGACY_STA_SUCC_COUNT: 0
LEGACY_STA_FAIL_COUNT: 0
LEGACY_STA_ZERO_RETX: 0
PEDCA_STA_AVG_MAC_DELAY: 2832.31
PEDCA_STA_AVG_QUEUE_DELAY: 2490.86
PEDCA_STA_AVG_ACCESS_DELAY: 341.452
--- EXTENDED_STATS_END ---
