[INFO] std::clog redirected to: /dev/null

--- Per-STA P-EDCA Detail ---
  STA0: DS-CTS=183 S2Entry=183 S2Tx=117 PedcaOK=102 EdcaOK=244 FailCTS=6 FailColl=9 FailExp=0 Defer=0
  STA1: DS-CTS=68 S2Entry=68 S2Tx=46 PedcaOK=41 EdcaOK=648 FailCTS=2 FailColl=3 FailExp=0 Defer=0
  STA2: DS-CTS=213 S2Entry=213 S2Tx=129 PedcaOK=113 EdcaOK=288 FailCTS=7 FailColl=9 FailExp=0 Defer=0
  STA3: DS-CTS=169 S2Entry=169 S2Tx=108 PedcaOK=96 EdcaOK=279 FailCTS=3 FailColl=9 FailExp=0 Defer=0
  STA4: DS-CTS=169 S2Entry=169 S2Tx=109 PedcaOK=97 EdcaOK=410 FailCTS=5 FailColl=7 FailExp=0 Defer=0
  STA5: DS-CTS=2 S2Entry=2 S2Tx=2 PedcaOK=1 EdcaOK=2 FailCTS=1 FailColl=0 FailExp=0 Defer=0
  STA6: DS-CTS=230 S2Entry=230 S2Tx=139 PedcaOK=118 EdcaOK=371 FailCTS=5 FailColl=16 FailExp=0 Defer=0
  STA7: DS-CTS=3 S2Entry=3 S2Tx=3 PedcaOK=3 EdcaOK=0 FailCTS=0 FailColl=0 FailExp=0 Defer=0
  STA8: DS-CTS=157 S2Entry=157 S2Tx=101 PedcaOK=95 EdcaOK=568 FailCTS=3 FailColl=3 FailExp=0 Defer=0
  STA9: DS-CTS=108 S2Entry=108 S2Tx=75 PedcaOK=67 EdcaOK=519 FailCTS=3 FailColl=5 FailExp=0 Defer=0
  STA10: DS-CTS=252 S2Entry=252 S2Tx=142 PedcaOK=127 EdcaOK=513 FailCTS=1 FailColl=14 FailExp=0 Defer=0
  STA11: DS-CTS=193 S2Entry=193 S2Tx=114 PedcaOK=89 EdcaOK=326 FailCTS=9 FailColl=16 FailExp=0 Defer=0
  STA12: DS-CTS=129 S2Entry=129 S2Tx=89 PedcaOK=85 EdcaOK=387 FailCTS=2 FailColl=2 FailExp=0 Defer=0
  STA13: DS-CTS=115 S2Entry=115 S2Tx=80 PedcaOK=70 EdcaOK=556 FailCTS=6 FailColl=4 FailExp=0 Defer=0
  STA14: DS-CTS=250 S2Entry=250 S2Tx=170 PedcaOK=156 EdcaOK=398 FailCTS=5 FailColl=9 FailExp=0 Defer=0
  STA15: DS-CTS=128 S2Entry=128 S2Tx=96 PedcaOK=88 EdcaOK=478 FailCTS=2 FailColl=6 FailExp=0 Defer=0
  STA16: DS-CTS=70 S2Entry=70 S2Tx=51 PedcaOK=46 EdcaOK=127 FailCTS=1 FailColl=4 FailExp=0 Defer=0
  STA17: DS-CTS=3 S2Entry=3 S2Tx=3 PedcaOK=1 EdcaOK=3 FailCTS=2 FailColl=0 FailExp=0 Defer=0
  STA18: DS-CTS=178 S2Entry=178 S2Tx=120 PedcaOK=102 EdcaOK=441 FailCTS=6 FailColl=12 FailExp=0 Defer=0
  STA19: DS-CTS=87 S2Entry=87 S2Tx=70 PedcaOK=68 EdcaOK=573 FailCTS=1 FailColl=1 FailExp=0 Defer=0
  STA20: DS-CTS=126 S2Entry=126 S2Tx=86 PedcaOK=82 EdcaOK=484 FailCTS=3 FailColl=1 FailExp=0 Defer=0
  STA21: DS-CTS=72 S2Entry=72 S2Tx=53 PedcaOK=50 EdcaOK=355 FailCTS=2 FailColl=1 FailExp=0 Defer=0
  STA22: DS-CTS=157 S2Entry=157 S2Tx=111 PedcaOK=109 EdcaOK=618 FailCTS=0 FailColl=2 FailExp=0 Defer=0
  STA23: DS-CTS=94 S2Entry=94 S2Tx=62 PedcaOK=60 EdcaOK=557 FailCTS=0 FailColl=2 FailExp=0 Defer=0
  STA24: DS-CTS=103 S2Entry=103 S2Tx=76 PedcaOK=74 EdcaOK=613 FailCTS=1 FailColl=1 FailExp=0 Defer=0
  STA25: DS-CTS=3 S2Entry=3 S2Tx=3 PedcaOK=3 EdcaOK=0 FailCTS=0 FailColl=0 FailExp=0 Defer=0
  STA26: DS-CTS=1 S2Entry=1 S2Tx=1 PedcaOK=1 EdcaOK=0 FailCTS=0 FailColl=0 FailExp=0 Defer=0
  STA27: DS-CTS=2 S2Entry=2 S2Tx=2 PedcaOK=2 EdcaOK=0 FailCTS=0 FailColl=0 FailExp=0 Defer=0
  STA28: DS-CTS=58 S2Entry=58 S2Tx=32 PedcaOK=30 EdcaOK=466 FailCTS=0 FailColl=2 FailExp=0 Defer=0
  STA29: DS-CTS=187 S2Entry=187 S2Tx=125 PedcaOK=112 EdcaOK=414 FailCTS=1 FailColl=12 FailExp=0 Defer=0

=== General Statistics ===
P-EDCA Ratio: 1
P-EDCA STAs: 30/30
P-EDCA Share (Avg Per-STA P-EDCA Tx/Total Tx): 29.2134 %
Avg P-EDCA Attempt Success Rate: 64.9104 %
Global P-EDCA Tx Success: 2088
Global EDCA Tx Success: 10638
Global P-EDCA Attempt (DS-CTS Sent): 3510

--- P-EDCA Detailed Trace ---
Stage 2 Entered: 3510
Stage 2 TX Started: 2315
P-EDCA Fail RTS No CTS: 77
P-EDCA Fail RTS Collision: 150
P-EDCA Fail Timing Expired: 0
P-EDCA Fail Deferral: 0
Total VO TX (P-EDCA+EDCA): 12726
Global P-EDCA Share: 16.4074 %
Global EDCA Share: 83.5926 %
Channel Idle Time (AP): 25.6271 % (1.7939e+06 us / 7e+06 us)
Total Successes:       13993
Total Failures:        228
Total Retransmissions: 6

--- Per-AC Success Statistics ---
AC_BE:
  Successes:         50
  Throughput:        0.0571429 Mbps
  Packet Loss:       38.2716 %
  Avg Retx/MPDU:     0
  Avg Queue Delay:   -1.89117e+06 us (Enqueue->TxStart)
  Avg Access Delay:  1.96896e+06 us (TxStart->Ack)
  Avg MAC Delay:     77792.9 us (Total: Enqueue->Ack)

AC_VO:
  Successes:         13943
  Throughput:        15.9349 Mbps
  Packet Loss:       1.39321 %
  Avg Retx/MPDU:     0.000430323
  Avg Queue Delay:   2102.98 us (Enqueue->TxStart)
  Avg Access Delay:  310.935 us (TxStart->Ack)
  Avg MAC Delay:     2413.92 us (Total: Enqueue->Ack)

--- Per-AC Failure Statistics ---
AC_BE Failures: 31
AC_VO Failures: 197

--- Failure Reasons by AC ---
  AC_BE EXPIRED_LIFETIME: 31
  AC_VO RETRY_LIMIT: 197


=== Extended P-EDCA vs Legacy Statistics ===

--- [Stat 1] Delay by STA Type ---
P-EDCA STAs (30 STAs):
  Successes:         13944
  Failures:          197
  Throughput:        15.936 Mbps
  Packet Loss:       1.39311 %
  Avg Queue Delay:   2105.29 us
  Avg Access Delay:  310.921 us
  Avg MAC Delay:     2416.21 us
  Median MAC Delay:  1445 us
  P95 MAC Delay:     8002 us
  P99 MAC Delay:     15426 us
Legacy EDCA STAs (0 STAs):
  Successes:         0
  Failures:          0
  Throughput:        0 Mbps
  Packet Loss:       0 %
  Avg Queue Delay:   0 us
  Avg Access Delay:  0 us
  Avg MAC Delay:     0 us

--- [Stat 2] Per-STA P-EDCA Attempt Count (DS-CTS Sent) ---
  STA0: 183 P-EDCA attempts
  STA1: 68 P-EDCA attempts
  STA2: 213 P-EDCA attempts
  STA3: 169 P-EDCA attempts
  STA4: 169 P-EDCA attempts
  STA5: 2 P-EDCA attempts
  STA6: 230 P-EDCA attempts
  STA7: 3 P-EDCA attempts
  STA8: 157 P-EDCA attempts
  STA9: 108 P-EDCA attempts
  STA10: 252 P-EDCA attempts
  STA11: 193 P-EDCA attempts
  STA12: 129 P-EDCA attempts
  STA13: 115 P-EDCA attempts
  STA14: 250 P-EDCA attempts
  STA15: 128 P-EDCA attempts
  STA16: 70 P-EDCA attempts
  STA17: 3 P-EDCA attempts
  STA18: 178 P-EDCA attempts
  STA19: 87 P-EDCA attempts
  STA20: 126 P-EDCA attempts
  STA21: 72 P-EDCA attempts
  STA22: 157 P-EDCA attempts
  STA23: 94 P-EDCA attempts
  STA24: 103 P-EDCA attempts
  STA25: 3 P-EDCA attempts
  STA26: 1 P-EDCA attempts
  STA27: 2 P-EDCA attempts
  STA28: 58 P-EDCA attempts
  STA29: 187 P-EDCA attempts
  Total: 3510 P-EDCA attempts across 30 P-EDCA STAs
  Avg per P-EDCA STA: 117

--- [Stat 3] P-EDCA One-Shot Success Probability ---
  P-EDCA Success / DS-CTS Sent:      2088 / 3510 = 59.4872 %
  P-EDCA Success / Stage2 TX Started: 2088 / 2315 = 90.1944 %  (given RTS was actually sent)

--- [Stat 4] EDCA One-Shot Success Ratio (0 retransmissions) ---
  Legacy STAs: 0 / 0 = 0 %
  P-EDCA STAs: 13938 / 13944 = 99.957 %  (MAC-level, includes both P-EDCA and EDCA paths)

--- [Stat 5] P-EDCA Kickback-to-EDCA Probability ---
  Total P-EDCA Failures: 227 / 3510 DS-CTS = 6.46724 %
    RTS No CTS:       77 (2.19373 %)
    RTS Collision:    150 (4.2735 %)
    Timing Expired:   0 (0 %)
    Deferral:         0 (0 %)

--- [Stat 6] P-EDCA RTS Collision Probability ---
  RTS Collision / Stage2 TX Started: 150 / 2315 = 6.47948 %
  RTS Collision / DS-CTS Sent:       150 / 3510 = 4.2735 %

--- [Stat 7] P-EDCA Attempts per Successful P-EDCA TX ---
  DS-CTS Sent / P-EDCA Success: 3510 / 2088 = 1.68103 attempts/success
  Stage2 TX / P-EDCA Success:   2315 / 2088 = 1.10872 RTS/success

--- VO Delay PDF (MAC Delay) ---
bin_start_us,bin_end_us,bin_mid_us,pdf_per_us,probability,count
210,215,212.5,5.73765e-05,0.000286882,4
215,220,217.5,0.000143441,0.000717206,10
220,225,222.5,8.60647e-05,0.000430323,6
225,230,227.5,7.17206e-05,0.000358603,5
230,235,232.5,0.000200818,0.00100409,14
235,240,237.5,8.60647e-05,0.000430323,6
240,245,242.5,7.17206e-05,0.000358603,5
245,250,247.5,0.000100409,0.000502044,7
250,255,252.5,0.000100409,0.000502044,7
255,260,257.5,0.000157785,0.000788926,11
260,265,262.5,0.000114753,0.000573765,8
265,270,267.5,4.30323e-05,0.000215162,3
270,275,272.5,0.000143441,0.000717206,10
275,280,277.5,8.60647e-05,0.000430323,6
280,285,282.5,7.17206e-05,0.000358603,5
285,290,287.5,0.000114753,0.000573765,8
290,295,292.5,8.60647e-05,0.000430323,6
295,300,297.5,0.000100409,0.000502044,7
300,305,302.5,0.000129097,0.000645485,9
305,310,307.5,0.000129097,0.000645485,9
310,315,312.5,0.000272538,0.00136269,19
315,320,317.5,7.17206e-05,0.000358603,5
320,325,322.5,0.000172129,0.000860647,12
325,330,327.5,8.60647e-05,0.000430323,6
330,335,332.5,0.000215162,0.00107581,15
335,340,337.5,0.000114753,0.000573765,8
340,345,342.5,0.00239547,0.0119773,167
345,350,347.5,0.00360037,0.0180019,251
350,355,352.5,0.0011045,0.00552248,77
355,360,357.5,0.000631141,0.00315571,44
360,365,362.5,0.000889335,0.00444668,62
365,370,367.5,0.000588109,0.00294054,41
370,375,372.5,0.000788926,0.00394463,55
375,380,377.5,0.000430323,0.00215162,30
380,385,382.5,0.000272538,0.00136269,19
385,390,387.5,0.000272538,0.00136269,19
390,395,392.5,0.000358603,0.00179301,25
395,400,397.5,0.000430323,0.00215162,30
400,405,402.5,0.000430323,0.00215162,30
405,410,407.5,0.000315571,0.00157785,22
410,415,412.5,0.000459012,0.00229506,32
415,420,417.5,0.000444668,0.00222334,31
420,425,422.5,0.000459012,0.00229506,32
425,430,427.5,0.000473356,0.00236678,33
430,435,432.5,0.000401635,0.00200818,28
435,440,437.5,0.000315571,0.00157785,22
440,445,442.5,0.000286882,0.00143441,20
445,450,447.5,0.000387291,0.00193646,27
450,455,452.5,0.0161945,0.0809725,1129
455,460,457.5,0.000229506,0.00114753,16
460,465,462.5,0.000430323,0.00215162,30
465,470,467.5,0.000258194,0.00129097,18
470,475,472.5,0.000358603,0.00179301,25
475,480,477.5,0.000444668,0.00222334,31
480,485,482.5,0.000344259,0.00172129,24
485,490,487.5,0.000344259,0.00172129,24
490,495,492.5,0.000387291,0.00193646,27
495,500,497.5,0.000415979,0.0020799,29
500,505,502.5,0.000272538,0.00136269,19
505,510,507.5,0.000401635,0.00200818,28
510,515,512.5,0.000387291,0.00193646,27
515,520,517.5,0.000430323,0.00215162,30
520,525,522.5,0.000502044,0.00251022,35
525,530,527.5,0.000430323,0.00215162,30
530,535,532.5,0.000401635,0.00200818,28
535,540,537.5,0.000315571,0.00157785,22
540,545,542.5,0.000301226,0.00150613,21
545,550,547.5,0.000444668,0.00222334,31
550,555,552.5,0.000473356,0.00236678,33
555,560,557.5,0.000301226,0.00150613,21
560,565,562.5,0.000702862,0.00351431,49
565,570,567.5,0.000415979,0.0020799,29
570,575,572.5,0.000444668,0.00222334,31
575,580,577.5,0.000315571,0.00157785,22
580,585,582.5,0.0004877,0.0024385,34
585,590,587.5,0.000401635,0.00200818,28
590,595,592.5,0.000372947,0.00186473,26
595,600,597.5,0.000372947,0.00186473,26
600,605,602.5,0.000530732,0.00265366,37
605,610,607.5,0.000272538,0.00136269,19
610,615,612.5,0.000372947,0.00186473,26
615,620,617.5,0.000372947,0.00186473,26
620,625,622.5,0.000401635,0.00200818,28
625,630,627.5,0.000444668,0.00222334,31
630,635,632.5,0.000329915,0.00164957,23
635,640,637.5,0.000430323,0.00215162,30
640,645,642.5,0.000387291,0.00193646,27
645,650,647.5,0.000459012,0.00229506,32
650,655,652.5,0.000473356,0.00236678,33
655,660,657.5,0.000329915,0.00164957,23
660,665,662.5,0.000315571,0.00157785,22
665,670,667.5,0.000358603,0.00179301,25
670,675,672.5,0.00441799,0.0220899,308
675,680,677.5,0.000358603,0.00179301,25
680,685,682.5,0.000329915,0.00164957,23
685,690,687.5,0.000272538,0.00136269,19
690,695,692.5,0.000329915,0.00164957,23
695,700,697.5,0.000301226,0.00150613,21
700,705,702.5,0.000315571,0.00157785,22
705,710,707.5,0.000401635,0.00200818,28
710,715,712.5,0.000473356,0.00236678,33
715,720,717.5,0.000415979,0.0020799,29
720,725,722.5,0.000444668,0.00222334,31
725,730,727.5,0.000344259,0.00172129,24
730,735,732.5,0.000358603,0.00179301,25
735,740,737.5,0.000344259,0.00172129,24
740,745,742.5,0.000272538,0.00136269,19
745,750,747.5,0.000344259,0.00172129,24
750,755,752.5,0.000415979,0.0020799,29
755,760,757.5,0.000473356,0.00236678,33
760,765,762.5,0.000473356,0.00236678,33
765,770,767.5,0.000372947,0.00186473,26
770,775,772.5,0.00024385,0.00121925,17
775,780,777.5,0.000401635,0.00200818,28
780,785,782.5,0.00129097,0.00645485,90
785,790,787.5,0.000401635,0.00200818,28
790,795,792.5,0.000186473,0.000932367,13
795,800,797.5,0.000215162,0.00107581,15
800,805,802.5,0.000215162,0.00107581,15
805,810,807.5,0.000286882,0.00143441,20
810,815,812.5,0.000129097,0.000645485,9
815,820,817.5,0.000186473,0.000932367,13
820,825,822.5,0.000200818,0.00100409,14
825,830,827.5,0.000215162,0.00107581,15
830,835,832.5,0.000272538,0.00136269,19
835,840,837.5,0.000301226,0.00150613,21
840,845,842.5,0.000186473,0.000932367,13
845,850,847.5,0.000186473,0.000932367,13
850,855,852.5,0.00024385,0.00121925,17
855,860,857.5,0.000315571,0.00157785,22
860,865,862.5,0.00024385,0.00121925,17
865,870,867.5,0.000229506,0.00114753,16
870,875,872.5,0.000459012,0.00229506,32
875,880,877.5,0.000315571,0.00157785,22
880,885,882.5,0.000315571,0.00157785,22
885,890,887.5,0.000258194,0.00129097,18
890,895,892.5,0.000932367,0.00466184,65
895,900,897.5,0.000459012,0.00229506,32
900,905,902.5,0.000258194,0.00129097,18
905,910,907.5,0.000258194,0.00129097,18
910,915,912.5,0.000258194,0.00129097,18
915,920,917.5,0.000172129,0.000860647,12
920,925,922.5,0.000258194,0.00129097,18
925,930,927.5,0.000215162,0.00107581,15
930,935,932.5,0.000143441,0.000717206,10
935,940,937.5,0.000315571,0.00157785,22
940,945,942.5,0.00024385,0.00121925,17
945,950,947.5,0.000229506,0.00114753,16
950,955,952.5,0.000229506,0.00114753,16
955,960,957.5,0.000315571,0.00157785,22
960,965,962.5,0.000272538,0.00136269,19
965,970,967.5,0.00024385,0.00121925,17
970,975,972.5,0.000301226,0.00150613,21
975,980,977.5,0.000258194,0.00129097,18
980,985,982.5,0.000387291,0.00193646,27
985,990,987.5,0.000215162,0.00107581,15
990,995,992.5,0.000258194,0.00129097,18
995,1000,997.5,0.00055942,0.0027971,39
1000,1005,1002.5,0.000229506,0.00114753,16
1005,1010,1007.5,0.000358603,0.00179301,25
1010,1015,1012.5,0.000229506,0.00114753,16
1015,1020,1017.5,0.000358603,0.00179301,25
1020,1025,1022.5,0.000258194,0.00129097,18
1025,1030,1027.5,0.000186473,0.000932367,13
1030,1035,1032.5,0.000387291,0.00193646,27
1035,1040,1037.5,0.000272538,0.00136269,19
1040,1045,1042.5,0.000344259,0.00172129,24
1045,1050,1047.5,0.000258194,0.00129097,18
1050,1055,1052.5,0.000258194,0.00129097,18
1055,1060,1057.5,0.000272538,0.00136269,19
1060,1065,1062.5,0.000258194,0.00129097,18
1065,1070,1067.5,0.000215162,0.00107581,15
1070,1075,1072.5,0.00024385,0.00121925,17
1075,1080,1077.5,0.000286882,0.00143441,20
1080,1085,1082.5,0.000172129,0.000860647,12
1085,1090,1087.5,0.000215162,0.00107581,15
1090,1095,1092.5,0.000315571,0.00157785,22
1095,1100,1097.5,0.000315571,0.00157785,22
1100,1105,1102.5,0.000200818,0.00100409,14
1105,1110,1107.5,0.000401635,0.00200818,28
1110,1115,1112.5,0.00024385,0.00121925,17
1115,1120,1117.5,0.000358603,0.00179301,25
1120,1125,1122.5,0.00024385,0.00121925,17
1125,1130,1127.5,0.000387291,0.00193646,27
1130,1135,1132.5,0.000301226,0.00150613,21
1135,1140,1137.5,0.000358603,0.00179301,25
1140,1145,1142.5,0.000301226,0.00150613,21
1145,1150,1147.5,0.000329915,0.00164957,23
1150,1155,1152.5,0.000157785,0.000788926,11
1155,1160,1157.5,0.000415979,0.0020799,29
1160,1165,1162.5,0.000358603,0.00179301,25
1165,1170,1167.5,0.000114753,0.000573765,8
1170,1175,1172.5,0.000215162,0.00107581,15
1175,1180,1177.5,0.000229506,0.00114753,16
1180,1185,1182.5,0.000272538,0.00136269,19
1185,1190,1187.5,0.000329915,0.00164957,23
1190,1195,1192.5,0.000301226,0.00150613,21
1195,1200,1197.5,0.000258194,0.00129097,18
1200,1205,1202.5,0.000258194,0.00129097,18
1205,1210,1207.5,0.000157785,0.000788926,11
1210,1215,1212.5,0.000401635,0.00200818,28
1215,1220,1217.5,0.00024385,0.00121925,17
1220,1225,1222.5,0.000200818,0.00100409,14
1225,1230,1227.5,0.000258194,0.00129097,18
1230,1235,1232.5,0.000272538,0.00136269,19
1235,1240,1237.5,0.000329915,0.00164957,23
1240,1245,1242.5,0.000272538,0.00136269,19
1245,1250,1247.5,0.00024385,0.00121925,17
1250,1255,1252.5,0.000143441,0.000717206,10
1255,1260,1257.5,0.000200818,0.00100409,14
1260,1265,1262.5,0.000229506,0.00114753,16
1265,1270,1267.5,0.000215162,0.00107581,15
1270,1275,1272.5,0.000157785,0.000788926,11
1275,1280,1277.5,0.000301226,0.00150613,21
1280,1285,1282.5,0.000200818,0.00100409,14
1285,1290,1287.5,0.000200818,0.00100409,14
1290,1295,1292.5,0.00024385,0.00121925,17
1295,1300,1297.5,0.000272538,0.00136269,19
1300,1305,1302.5,0.00024385,0.00121925,17
1305,1310,1307.5,0.000200818,0.00100409,14
1310,1315,1312.5,0.000172129,0.000860647,12
1315,1320,1317.5,0.00024385,0.00121925,17
1320,1325,1322.5,0.000258194,0.00129097,18
1325,1330,1327.5,0.000229506,0.00114753,16
1330,1335,1332.5,0.000200818,0.00100409,14
1335,1340,1337.5,0.000301226,0.00150613,21
1340,1345,1342.5,0.000172129,0.000860647,12
1345,1350,1347.5,0.00024385,0.00121925,17
1350,1355,1352.5,0.000200818,0.00100409,14
1355,1360,1357.5,0.000200818,0.00100409,14
1360,1365,1362.5,0.000272538,0.00136269,19
1365,1370,1367.5,0.000301226,0.00150613,21
1370,1375,1372.5,0.000301226,0.00150613,21
1375,1380,1377.5,0.000272538,0.00136269,19
1380,1385,1382.5,0.000215162,0.00107581,15
1385,1390,1387.5,0.000186473,0.000932367,13
1390,1395,1392.5,0.000157785,0.000788926,11
1395,1400,1397.5,0.000229506,0.00114753,16
1400,1405,1402.5,0.000315571,0.00157785,22
1405,1410,1407.5,0.000186473,0.000932367,13
1410,1415,1412.5,0.000186473,0.000932367,13
1415,1420,1417.5,0.000200818,0.00100409,14
1420,1425,1422.5,0.000186473,0.000932367,13
1425,1430,1427.5,0.000315571,0.00157785,22
1430,1435,1432.5,0.000229506,0.00114753,16
1435,1440,1437.5,0.000157785,0.000788926,11
1440,1445,1442.5,0.000229506,0.00114753,16
1445,1450,1447.5,0.000215162,0.00107581,15
1450,1455,1452.5,0.000258194,0.00129097,18
1455,1460,1457.5,0.00024385,0.00121925,17
1460,1465,1462.5,0.000229506,0.00114753,16
1465,1470,1467.5,0.000200818,0.00100409,14
1470,1475,1472.5,0.00024385,0.00121925,17
1475,1480,1477.5,0.00024385,0.00121925,17
1480,1485,1482.5,0.000200818,0.00100409,14
1485,1490,1487.5,0.000229506,0.00114753,16
1490,1495,1492.5,0.000315571,0.00157785,22
1495,1500,1497.5,0.000286882,0.00143441,20
1500,1505,1502.5,0.000272538,0.00136269,19
1505,1510,1507.5,0.000215162,0.00107581,15
1510,1515,1512.5,0.000258194,0.00129097,18
1515,1520,1517.5,0.000229506,0.00114753,16
1520,1525,1522.5,0.000315571,0.00157785,22
1525,1530,1527.5,0.000172129,0.000860647,12
1530,1535,1532.5,0.00024385,0.00121925,17
1535,1540,1537.5,0.000186473,0.000932367,13
1540,1545,1542.5,0.000301226,0.00150613,21
1545,1550,1547.5,0.000186473,0.000932367,13
1550,1555,1552.5,0.000215162,0.00107581,15
1555,1560,1557.5,0.000157785,0.000788926,11
1560,1565,1562.5,0.00024385,0.00121925,17
1565,1570,1567.5,0.000172129,0.000860647,12
1570,1575,1572.5,0.000258194,0.00129097,18
1575,1580,1577.5,0.000200818,0.00100409,14
1580,1585,1582.5,0.000229506,0.00114753,16
1585,1590,1587.5,0.000100409,0.000502044,7
1590,1595,1592.5,0.000272538,0.00136269,19
1595,1600,1597.5,0.000301226,0.00150613,21
1600,1605,1602.5,0.000143441,0.000717206,10
1605,1610,1607.5,0.000143441,0.000717206,10
1610,1615,1612.5,0.000157785,0.000788926,11
1615,1620,1617.5,0.000272538,0.00136269,19
1620,1625,1622.5,0.000229506,0.00114753,16
1625,1630,1627.5,0.000129097,0.000645485,9
1630,1635,1632.5,0.000186473,0.000932367,13
1635,1640,1637.5,0.000258194,0.00129097,18
1640,1645,1642.5,0.000200818,0.00100409,14
1645,1650,1647.5,0.000272538,0.00136269,19
1650,1655,1652.5,0.000200818,0.00100409,14
1655,1660,1657.5,0.000200818,0.00100409,14
1660,1665,1662.5,0.000301226,0.00150613,21
1665,1670,1667.5,0.000200818,0.00100409,14
1670,1675,1672.5,0.000200818,0.00100409,14
1675,1680,1677.5,0.000229506,0.00114753,16
1680,1685,1682.5,7.17206e-05,0.000358603,5
1685,1690,1687.5,0.000215162,0.00107581,15
1690,1695,1692.5,0.000215162,0.00107581,15
1695,1700,1697.5,0.000200818,0.00100409,14
1700,1705,1702.5,0.000172129,0.000860647,12
1705,1710,1707.5,0.000200818,0.00100409,14
1710,1715,1712.5,0.000200818,0.00100409,14
1715,1720,1717.5,0.00024385,0.00121925,17
1720,1725,1722.5,0.000272538,0.00136269,19
1725,1730,1727.5,0.000129097,0.000645485,9
1730,1735,1732.5,0.000172129,0.000860647,12
1735,1740,1737.5,0.000157785,0.000788926,11
1740,1745,1742.5,0.000186473,0.000932367,13
1745,1750,1747.5,0.000272538,0.00136269,19
1750,1755,1752.5,0.000200818,0.00100409,14
1755,1760,1757.5,0.000200818,0.00100409,14
1760,1765,1762.5,0.000229506,0.00114753,16
1765,1770,1767.5,0.000229506,0.00114753,16
1770,1775,1772.5,0.000186473,0.000932367,13
1775,1780,1777.5,0.000272538,0.00136269,19
1780,1785,1782.5,0.00024385,0.00121925,17
1785,1790,1787.5,0.000157785,0.000788926,11
1790,1795,1792.5,0.000215162,0.00107581,15
1795,1800,1797.5,0.000157785,0.000788926,11
1800,1805,1802.5,0.000215162,0.00107581,15
1805,1810,1807.5,0.000172129,0.000860647,12
1810,1815,1812.5,0.000229506,0.00114753,16
1815,1820,1817.5,0.000143441,0.000717206,10
1820,1825,1822.5,0.000157785,0.000788926,11
1825,1830,1827.5,0.000229506,0.00114753,16
1830,1835,1832.5,0.000258194,0.00129097,18
1835,1840,1837.5,0.000200818,0.00100409,14
1840,1845,1842.5,0.000186473,0.000932367,13
1845,1850,1847.5,0.000157785,0.000788926,11
1850,1855,1852.5,0.000186473,0.000932367,13
1855,1860,1857.5,0.000172129,0.000860647,12
1860,1865,1862.5,0.000143441,0.000717206,10
1865,1870,1867.5,0.000157785,0.000788926,11
1870,1875,1872.5,0.000229506,0.00114753,16
1875,1880,1877.5,0.000186473,0.000932367,13
1880,1885,1882.5,0.000129097,0.000645485,9
1885,1890,1887.5,0.000172129,0.000860647,12
1890,1895,1892.5,7.17206e-05,0.000358603,5
1895,1900,1897.5,0.000114753,0.000573765,8
1900,1905,1902.5,0.000200818,0.00100409,14
1905,1910,1907.5,0.000200818,0.00100409,14
1910,1915,1912.5,0.000100409,0.000502044,7
1915,1920,1917.5,0.000129097,0.000645485,9
1920,1925,1922.5,0.000129097,0.000645485,9
1925,1930,1927.5,0.000157785,0.000788926,11
1930,1935,1932.5,0.000172129,0.000860647,12
1935,1940,1937.5,0.000186473,0.000932367,13
1940,1945,1942.5,0.000143441,0.000717206,10
1945,1950,1947.5,0.000200818,0.00100409,14
1950,1955,1952.5,0.000215162,0.00107581,15
1955,1960,1957.5,0.000186473,0.000932367,13
1960,1965,1962.5,0.000172129,0.000860647,12
1965,1970,1967.5,0.000114753,0.000573765,8
1970,1975,1972.5,0.000272538,0.00136269,19
1975,1980,1977.5,0.000143441,0.000717206,10
1980,1985,1982.5,0.000229506,0.00114753,16
1985,1990,1987.5,0.000157785,0.000788926,11
1990,1995,1992.5,0.000229506,0.00114753,16
1995,2000,1997.5,0.000143441,0.000717206,10
2000,2005,2002.5,0.000114753,0.000573765,8
2005,2010,2007.5,0.000157785,0.000788926,11
2010,2015,2012.5,0.000200818,0.00100409,14
2015,2020,2017.5,0.000172129,0.000860647,12
2020,2025,2022.5,0.000114753,0.000573765,8
2025,2030,2027.5,0.000143441,0.000717206,10
2030,2035,2032.5,0.000172129,0.000860647,12
2035,2040,2037.5,0.000129097,0.000645485,9
2040,2045,2042.5,0.000143441,0.000717206,10
2045,2050,2047.5,0.000172129,0.000860647,12
2050,2055,2052.5,0.000229506,0.00114753,16
2055,2060,2057.5,0.000186473,0.000932367,13
2060,2065,2062.5,0.000129097,0.000645485,9
2065,2070,2067.5,0.000215162,0.00107581,15
2070,2075,2072.5,0.000186473,0.000932367,13
2075,2080,2077.5,0.000157785,0.000788926,11
2080,2085,2082.5,0.000157785,0.000788926,11
2085,2090,2087.5,0.000114753,0.000573765,8
2090,2095,2092.5,0.000215162,0.00107581,15
2095,2100,2097.5,0.00024385,0.00121925,17
2100,2105,2102.5,0.000100409,0.000502044,7
2105,2110,2107.5,0.000129097,0.000645485,9
2110,2115,2112.5,0.000258194,0.00129097,18
2115,2120,2117.5,0.000258194,0.00129097,18
2120,2125,2122.5,0.000344259,0.00172129,24
2125,2130,2127.5,0.000100409,0.000502044,7
2130,2135,2132.5,7.17206e-05,0.000358603,5
2135,2140,2137.5,0.000172129,0.000860647,12
2140,2145,2142.5,4.30323e-05,0.000215162,3
2145,2150,2147.5,0.000186473,0.000932367,13
2150,2155,2152.5,8.60647e-05,0.000430323,6
2155,2160,2157.5,0.000157785,0.000788926,11
2160,2165,2162.5,0.000200818,0.00100409,14
2165,2170,2167.5,0.000100409,0.000502044,7
2170,2175,2172.5,0.000157785,0.000788926,11
2175,2180,2177.5,0.000114753,0.000573765,8
2180,2185,2182.5,0.000172129,0.000860647,12
2185,2190,2187.5,0.000129097,0.000645485,9
2190,2195,2192.5,0.000114753,0.000573765,8
2195,2200,2197.5,0.000129097,0.000645485,9
2200,2205,2202.5,0.000129097,0.000645485,9
2205,2210,2207.5,0.000143441,0.000717206,10
2210,2215,2212.5,5.73765e-05,0.000286882,4
2215,2220,2217.5,8.60647e-05,0.000430323,6
2220,2225,2222.5,0.000114753,0.000573765,8
2225,2230,2227.5,0.000172129,0.000860647,12
2230,2235,2232.5,5.73765e-05,0.000286882,4
2235,2240,2237.5,0.000172129,0.000860647,12
2240,2245,2242.5,0.000114753,0.000573765,8
2245,2250,2247.5,7.17206e-05,0.000358603,5
2250,2255,2252.5,0.000157785,0.000788926,11
2255,2260,2257.5,0.000229506,0.00114753,16
2260,2265,2262.5,0.000272538,0.00136269,19
2265,2270,2267.5,0.000114753,0.000573765,8
2270,2275,2272.5,0.000143441,0.000717206,10
2275,2280,2277.5,0.000172129,0.000860647,12
2280,2285,2282.5,7.17206e-05,0.000358603,5
2285,2290,2287.5,0.000114753,0.000573765,8
2290,2295,2292.5,0.000157785,0.000788926,11
2295,2300,2297.5,7.17206e-05,0.000358603,5
2300,2305,2302.5,0.000172129,0.000860647,12
2305,2310,2307.5,0.000114753,0.000573765,8
2310,2315,2312.5,0.000229506,0.00114753,16
2315,2320,2317.5,0.000215162,0.00107581,15
2320,2325,2322.5,0.000143441,0.000717206,10
2325,2330,2327.5,8.60647e-05,0.000430323,6
2330,2335,2332.5,0.000129097,0.000645485,9
2335,2340,2337.5,0.000200818,0.00100409,14
2340,2345,2342.5,0.000129097,0.000645485,9
2345,2350,2347.5,7.17206e-05,0.000358603,5
2350,2355,2352.5,0.000172129,0.000860647,12
2355,2360,2357.5,8.60647e-05,0.000430323,6
2360,2365,2362.5,0.000200818,0.00100409,14
2365,2370,2367.5,4.30323e-05,0.000215162,3
2370,2375,2372.5,0.000114753,0.000573765,8
2375,2380,2377.5,0.000186473,0.000932367,13
2380,2385,2382.5,0.000157785,0.000788926,11
2385,2390,2387.5,0.000129097,0.000645485,9
2390,2395,2392.5,4.30323e-05,0.000215162,3
2395,2400,2397.5,0.000114753,0.000573765,8
2400,2405,2402.5,0.000100409,0.000502044,7
2405,2410,2407.5,0.000114753,0.000573765,8
2410,2415,2412.5,0.000157785,0.000788926,11
2415,2420,2417.5,0.000114753,0.000573765,8
2420,2425,2422.5,0.000129097,0.000645485,9
2425,2430,2427.5,0.000157785,0.000788926,11
2430,2435,2432.5,0.000172129,0.000860647,12
2435,2440,2437.5,0.000114753,0.000573765,8
2440,2445,2442.5,0.000172129,0.000860647,12
2445,2450,2447.5,0.000129097,0.000645485,9
2450,2455,2452.5,0.000157785,0.000788926,11
2455,2460,2457.5,0.000100409,0.000502044,7
2460,2465,2462.5,0.000186473,0.000932367,13
2465,2470,2467.5,0.000100409,0.000502044,7
2470,2475,2472.5,0.000100409,0.000502044,7
2475,2480,2477.5,0.000100409,0.000502044,7
2480,2485,2482.5,0.000100409,0.000502044,7
2485,2490,2487.5,0.000200818,0.00100409,14
2490,2495,2492.5,0.000100409,0.000502044,7
2495,2500,2497.5,0.000186473,0.000932367,13
2500,2505,2502.5,0.000114753,0.000573765,8
2505,2510,2507.5,0.000186473,0.000932367,13
2510,2515,2512.5,0.000100409,0.000502044,7
2515,2520,2517.5,0.000129097,0.000645485,9
2520,2525,2522.5,8.60647e-05,0.000430323,6
2525,2530,2527.5,8.60647e-05,0.000430323,6
2530,2535,2532.5,0.000100409,0.000502044,7
2535,2540,2537.5,0.000172129,0.000860647,12
2540,2545,2542.5,0.000272538,0.00136269,19
2545,2550,2547.5,0.000100409,0.000502044,7
2550,2555,2552.5,0.000157785,0.000788926,11
2555,2560,2557.5,0.000157785,0.000788926,11
2560,2565,2562.5,0.000100409,0.000502044,7
2565,2570,2567.5,0.000157785,0.000788926,11
2570,2575,2572.5,5.73765e-05,0.000286882,4
2575,2580,2577.5,0.000186473,0.000932367,13
2580,2585,2582.5,0.000157785,0.000788926,11
2585,2590,2587.5,0.000100409,0.000502044,7
2590,2595,2592.5,8.60647e-05,0.000430323,6
2595,2600,2597.5,8.60647e-05,0.000430323,6
2600,2605,2602.5,5.73765e-05,0.000286882,4
2605,2610,2607.5,0.000100409,0.000502044,7
2610,2615,2612.5,0.000157785,0.000788926,11
2615,2620,2617.5,0.000157785,0.000788926,11
2620,2625,2622.5,0.000129097,0.000645485,9
2625,2630,2627.5,0.000114753,0.000573765,8
2630,2635,2632.5,0.000186473,0.000932367,13
2635,2640,2637.5,0.000100409,0.000502044,7
2640,2645,2642.5,0.000129097,0.000645485,9
2645,2650,2647.5,0.000157785,0.000788926,11
2650,2655,2652.5,4.30323e-05,0.000215162,3
2655,2660,2657.5,0.000100409,0.000502044,7
2660,2665,2662.5,0.000114753,0.000573765,8
2665,2670,2667.5,0.000143441,0.000717206,10
2670,2675,2672.5,0.000143441,0.000717206,10
2675,2680,2677.5,7.17206e-05,0.000358603,5
2680,2685,2682.5,8.60647e-05,0.000430323,6
2685,2690,2687.5,0.000143441,0.000717206,10
2690,2695,2692.5,0.000200818,0.00100409,14
2695,2700,2697.5,0.000114753,0.000573765,8
2700,2705,2702.5,0.000172129,0.000860647,12
2705,2710,2707.5,0.000172129,0.000860647,12
2710,2715,2712.5,0.000114753,0.000573765,8
2715,2720,2717.5,8.60647e-05,0.000430323,6
2720,2725,2722.5,8.60647e-05,0.000430323,6
2725,2730,2727.5,0.000129097,0.000645485,9
2730,2735,2732.5,0.000157785,0.000788926,11
2735,2740,2737.5,0.000143441,0.000717206,10
2740,2745,2742.5,0.000129097,0.000645485,9
2745,2750,2747.5,5.73765e-05,0.000286882,4
2750,2755,2752.5,0.000157785,0.000788926,11
2755,2760,2757.5,0.000100409,0.000502044,7
2760,2765,2762.5,0.000114753,0.000573765,8
2765,2770,2767.5,8.60647e-05,0.000430323,6
2770,2775,2772.5,7.17206e-05,0.000358603,5
2775,2780,2777.5,0.000100409,0.000502044,7
2780,2785,2782.5,5.73765e-05,0.000286882,4
2785,2790,2787.5,0.000172129,0.000860647,12
2790,2795,2792.5,0.000186473,0.000932367,13
2795,2800,2797.5,5.73765e-05,0.000286882,4
2800,2805,2802.5,4.30323e-05,0.000215162,3
2805,2810,2807.5,7.17206e-05,0.000358603,5
2810,2815,2812.5,0.000114753,0.000573765,8
2815,2820,2817.5,8.60647e-05,0.000430323,6
2820,2825,2822.5,0.000114753,0.000573765,8
2825,2830,2827.5,0.000114753,0.000573765,8
2830,2835,2832.5,0.000114753,0.000573765,8
2835,2840,2837.5,0.000114753,0.000573765,8
2840,2845,2842.5,8.60647e-05,0.000430323,6
2845,2850,2847.5,8.60647e-05,0.000430323,6
2850,2855,2852.5,7.17206e-05,0.000358603,5
2855,2860,2857.5,0.000129097,0.000645485,9
2860,2865,2862.5,5.73765e-05,0.000286882,4
2865,2870,2867.5,7.17206e-05,0.000358603,5
2870,2875,2872.5,0.000172129,0.000860647,12
2875,2880,2877.5,0.000172129,0.000860647,12
2880,2885,2882.5,0.000100409,0.000502044,7
2885,2890,2887.5,0.000114753,0.000573765,8
2890,2895,2892.5,0.000129097,0.000645485,9
2895,2900,2897.5,0.000143441,0.000717206,10
2900,2905,2902.5,0.000100409,0.000502044,7
2905,2910,2907.5,0.000172129,0.000860647,12
2910,2915,2912.5,8.60647e-05,0.000430323,6
2915,2920,2917.5,8.60647e-05,0.000430323,6
2920,2925,2922.5,0.000129097,0.000645485,9
2925,2930,2927.5,0.000114753,0.000573765,8
2930,2935,2932.5,8.60647e-05,0.000430323,6
2935,2940,2937.5,0.000100409,0.000502044,7
2940,2945,2942.5,0.000114753,0.000573765,8
2945,2950,2947.5,8.60647e-05,0.000430323,6
2950,2955,2952.5,0.000143441,0.000717206,10
2955,2960,2957.5,0.000100409,0.000502044,7
2960,2965,2962.5,5.73765e-05,0.000286882,4
2965,2970,2967.5,0.000114753,0.000573765,8
2970,2975,2972.5,0.000100409,0.000502044,7
2975,2980,2977.5,0.000114753,0.000573765,8
2980,2985,2982.5,0.000157785,0.000788926,11
2985,2990,2987.5,7.17206e-05,0.000358603,5
2990,2995,2992.5,0.000129097,0.000645485,9
2995,3000,2997.5,4.30323e-05,0.000215162,3
3000,3005,3002.5,0.000100409,0.000502044,7
3005,3010,3007.5,7.17206e-05,0.000358603,5
3010,3015,3012.5,0.000100409,0.000502044,7
3015,3020,3017.5,0.000100409,0.000502044,7
3020,3025,3022.5,0.000100409,0.000502044,7
3025,3030,3027.5,5.73765e-05,0.000286882,4
3030,3035,3032.5,0.000200818,0.00100409,14
3035,3040,3037.5,0.000114753,0.000573765,8
3040,3045,3042.5,0.000157785,0.000788926,11
3045,3050,3047.5,7.17206e-05,0.000358603,5
3050,3055,3052.5,0.000114753,0.000573765,8
3055,3060,3057.5,0.000114753,0.000573765,8
3060,3065,3062.5,4.30323e-05,0.000215162,3
3065,3070,3067.5,0.000129097,0.000645485,9
3070,3075,3072.5,0.000114753,0.000573765,8
3075,3080,3077.5,0.000129097,0.000645485,9
3080,3085,3082.5,4.30323e-05,0.000215162,3
3085,3090,3087.5,0.000100409,0.000502044,7
3090,3095,3092.5,4.30323e-05,0.000215162,3
3095,3100,3097.5,8.60647e-05,0.000430323,6
3100,3105,3102.5,0.000129097,0.000645485,9
3105,3110,3107.5,0.000200818,0.00100409,14
3110,3115,3112.5,7.17206e-05,0.000358603,5
3115,3120,3117.5,0.000114753,0.000573765,8
3120,3125,3122.5,0.000100409,0.000502044,7
3125,3130,3127.5,0.000100409,0.000502044,7
3130,3135,3132.5,0.000129097,0.000645485,9
3135,3140,3137.5,0.000100409,0.000502044,7
3140,3145,3142.5,7.17206e-05,0.000358603,5
3145,3150,3147.5,0.000114753,0.000573765,8
3150,3155,3152.5,0.000143441,0.000717206,10
3155,3160,3157.5,0.000200818,0.00100409,14
3160,3165,3162.5,8.60647e-05,0.000430323,6
3165,3170,3167.5,0.000114753,0.000573765,8
3170,3175,3172.5,5.73765e-05,0.000286882,4
3175,3180,3177.5,0.000172129,0.000860647,12
3180,3185,3182.5,0.000100409,0.000502044,7
3185,3190,3187.5,8.60647e-05,0.000430323,6
3190,3195,3192.5,0.000114753,0.000573765,8
3195,3200,3197.5,0.000129097,0.000645485,9
3200,3205,3202.5,0.000114753,0.000573765,8
3205,3210,3207.5,0.000129097,0.000645485,9
3210,3215,3212.5,7.17206e-05,0.000358603,5
3215,3220,3217.5,5.73765e-05,0.000286882,4
3220,3225,3222.5,0.000129097,0.000645485,9
3225,3230,3227.5,0.000100409,0.000502044,7
3230,3235,3232.5,0.000229506,0.00114753,16
3235,3240,3237.5,8.60647e-05,0.000430323,6
3240,3245,3242.5,4.30323e-05,0.000215162,3
3245,3250,3247.5,0.000186473,0.000932367,13
3250,3255,3252.5,0.000114753,0.000573765,8
3255,3260,3257.5,5.73765e-05,0.000286882,4
3260,3265,3262.5,8.60647e-05,0.000430323,6
3265,3270,3267.5,4.30323e-05,0.000215162,3
3270,3275,3272.5,0.000186473,0.000932367,13
3275,3280,3277.5,0.000172129,0.000860647,12
3280,3285,3282.5,0.000100409,0.000502044,7
3285,3290,3287.5,8.60647e-05,0.000430323,6
3290,3295,3292.5,0.000157785,0.000788926,11
3295,3300,3297.5,0.000186473,0.000932367,13
3300,3305,3302.5,5.73765e-05,0.000286882,4
3305,3310,3307.5,0.000129097,0.000645485,9
3310,3315,3312.5,0.000100409,0.000502044,7
3315,3320,3317.5,0.000114753,0.000573765,8
3320,3325,3322.5,8.60647e-05,0.000430323,6
3325,3330,3327.5,0.000100409,0.000502044,7
3330,3335,3332.5,4.30323e-05,0.000215162,3
3335,3340,3337.5,8.60647e-05,0.000430323,6
3340,3345,3342.5,0.000100409,0.000502044,7
3345,3350,3347.5,8.60647e-05,0.000430323,6
3350,3355,3352.5,0.000129097,0.000645485,9
3355,3360,3357.5,0.000172129,0.000860647,12
3360,3365,3362.5,0.000114753,0.000573765,8
3365,3370,3367.5,5.73765e-05,0.000286882,4
3370,3375,3372.5,7.17206e-05,0.000358603,5
3375,3380,3377.5,0.000114753,0.000573765,8
3380,3385,3382.5,0.000143441,0.000717206,10
3385,3390,3387.5,0.000172129,0.000860647,12
3390,3395,3392.5,0.000129097,0.000645485,9
3395,3400,3397.5,0.000100409,0.000502044,7
3400,3405,3402.5,2.86882e-05,0.000143441,2
3405,3410,3407.5,0.000114753,0.000573765,8
3410,3415,3412.5,0.000129097,0.000645485,9
3415,3420,3417.5,0.000100409,0.000502044,7
3420,3425,3422.5,0.000114753,0.000573765,8
3425,3430,3427.5,0.000229506,0.00114753,16
3430,3435,3432.5,0.000100409,0.000502044,7
3435,3440,3437.5,8.60647e-05,0.000430323,6
3440,3445,3442.5,7.17206e-05,0.000358603,5
3445,3450,3447.5,0.000114753,0.000573765,8
3450,3455,3452.5,0.000129097,0.000645485,9
3455,3460,3457.5,7.17206e-05,0.000358603,5
3460,3465,3462.5,8.60647e-05,0.000430323,6
3465,3470,3467.5,5.73765e-05,0.000286882,4
3470,3475,3472.5,7.17206e-05,0.000358603,5
3475,3480,3477.5,0.000157785,0.000788926,11
3480,3485,3482.5,0.000129097,0.000645485,9
3485,3490,3487.5,0.000129097,0.000645485,9
3490,3495,3492.5,0.000143441,0.000717206,10
3495,3500,3497.5,0.000143441,0.000717206,10
3500,3505,3502.5,0.000200818,0.00100409,14
3505,3510,3507.5,7.17206e-05,0.000358603,5
3510,3515,3512.5,0.000143441,0.000717206,10
3515,3520,3517.5,0.000114753,0.000573765,8
3520,3525,3522.5,0.000157785,0.000788926,11
3525,3530,3527.5,8.60647e-05,0.000430323,6
3530,3535,3532.5,0.000100409,0.000502044,7
3535,3540,3537.5,0.000129097,0.000645485,9
3540,3545,3542.5,0.000100409,0.000502044,7
3545,3550,3547.5,8.60647e-05,0.000430323,6
3550,3555,3552.5,4.30323e-05,0.000215162,3
3555,3560,3557.5,0.000157785,0.000788926,11
3560,3565,3562.5,7.17206e-05,0.000358603,5
3565,3570,3567.5,0.000186473,0.000932367,13
3570,3575,3572.5,0.000114753,0.000573765,8
3575,3580,3577.5,0.000143441,0.000717206,10
3580,3585,3582.5,5.73765e-05,0.000286882,4
3585,3590,3587.5,8.60647e-05,0.000430323,6
3590,3595,3592.5,7.17206e-05,0.000358603,5
3595,3600,3597.5,0.000157785,0.000788926,11
3600,3605,3602.5,5.73765e-05,0.000286882,4
3605,3610,3607.5,0.000100409,0.000502044,7
3610,3615,3612.5,0.000100409,0.000502044,7
3615,3620,3617.5,8.60647e-05,0.000430323,6
3620,3625,3622.5,0.000100409,0.000502044,7
3625,3630,3627.5,5.73765e-05,0.000286882,4
3630,3635,3632.5,5.73765e-05,0.000286882,4
3635,3640,3637.5,0.000114753,0.000573765,8
3640,3645,3642.5,5.73765e-05,0.000286882,4
3645,3650,3647.5,7.17206e-05,0.000358603,5
3650,3655,3652.5,7.17206e-05,0.000358603,5
3655,3660,3657.5,0.000100409,0.000502044,7
3660,3665,3662.5,0.000100409,0.000502044,7
3665,3670,3667.5,0.000157785,0.000788926,11
3670,3675,3672.5,7.17206e-05,0.000358603,5
3675,3680,3677.5,0.000114753,0.000573765,8
3680,3685,3682.5,0.000143441,0.000717206,10
3685,3690,3687.5,5.73765e-05,0.000286882,4
3690,3695,3692.5,8.60647e-05,0.000430323,6
3695,3700,3697.5,7.17206e-05,0.000358603,5
3700,3705,3702.5,7.17206e-05,0.000358603,5
3705,3710,3707.5,0.000114753,0.000573765,8
3710,3715,3712.5,0.000143441,0.000717206,10
3715,3720,3717.5,7.17206e-05,0.000358603,5
3720,3725,3722.5,0.000100409,0.000502044,7
3725,3730,3727.5,7.17206e-05,0.000358603,5
3730,3735,3732.5,0.000100409,0.000502044,7
3735,3740,3737.5,0.000172129,0.000860647,12
3740,3745,3742.5,7.17206e-05,0.000358603,5
3745,3750,3747.5,0.000114753,0.000573765,8
3750,3755,3752.5,0.000114753,0.000573765,8
3755,3760,3757.5,0.000143441,0.000717206,10
3760,3765,3762.5,8.60647e-05,0.000430323,6
3765,3770,3767.5,0.000114753,0.000573765,8
3770,3775,3772.5,0.000100409,0.000502044,7
3775,3780,3777.5,0.000114753,0.000573765,8
3780,3785,3782.5,0.000157785,0.000788926,11
3785,3790,3787.5,0.000157785,0.000788926,11
3790,3795,3792.5,5.73765e-05,0.000286882,4
3795,3800,3797.5,0.000114753,0.000573765,8
3800,3805,3802.5,7.17206e-05,0.000358603,5
3805,3810,3807.5,8.60647e-05,0.000430323,6
3810,3815,3812.5,0.000114753,0.000573765,8
3815,3820,3817.5,7.17206e-05,0.000358603,5
3820,3825,3822.5,4.30323e-05,0.000215162,3
3825,3830,3827.5,8.60647e-05,0.000430323,6
3830,3835,3832.5,7.17206e-05,0.000358603,5
3835,3840,3837.5,0.000100409,0.000502044,7
3840,3845,3842.5,8.60647e-05,0.000430323,6
3845,3850,3847.5,0.000114753,0.000573765,8
3850,3855,3852.5,8.60647e-05,0.000430323,6
3855,3860,3857.5,0.000129097,0.000645485,9
3860,3865,3862.5,0.000157785,0.000788926,11
3865,3870,3867.5,8.60647e-05,0.000430323,6
3870,3875,3872.5,0.000129097,0.000645485,9
3875,3880,3877.5,0.000114753,0.000573765,8
3880,3885,3882.5,2.86882e-05,0.000143441,2
3885,3890,3887.5,0.000114753,0.000573765,8
3890,3895,3892.5,0.000100409,0.000502044,7
3895,3900,3897.5,8.60647e-05,0.000430323,6
3900,3905,3902.5,5.73765e-05,0.000286882,4
3905,3910,3907.5,7.17206e-05,0.000358603,5
3910,3915,3912.5,8.60647e-05,0.000430323,6
3915,3920,3917.5,0.000114753,0.000573765,8
3920,3925,3922.5,5.73765e-05,0.000286882,4
3925,3930,3927.5,0.000114753,0.000573765,8
3930,3935,3932.5,0.000114753,0.000573765,8
3935,3940,3937.5,0.000114753,0.000573765,8
3940,3945,3942.5,0.000114753,0.000573765,8
3945,3950,3947.5,2.86882e-05,0.000143441,2
3950,3955,3952.5,0.000114753,0.000573765,8
3955,3960,3957.5,7.17206e-05,0.000358603,5
3960,3965,3962.5,0.000100409,0.000502044,7
3965,3970,3967.5,4.30323e-05,0.000215162,3
3970,3975,3972.5,0.000100409,0.000502044,7
3975,3980,3977.5,0.000129097,0.000645485,9
3980,3985,3982.5,0.000172129,0.000860647,12
3985,3990,3987.5,0.000129097,0.000645485,9
3990,3995,3992.5,5.73765e-05,0.000286882,4
3995,4000,3997.5,0.000114753,0.000573765,8
4000,4005,4002.5,0.000129097,0.000645485,9
4005,4010,4007.5,0.000100409,0.000502044,7
4010,4015,4012.5,7.17206e-05,0.000358603,5
4015,4020,4017.5,5.73765e-05,0.000286882,4
4020,4025,4022.5,0.000114753,0.000573765,8
4025,4030,4027.5,8.60647e-05,0.000430323,6
4030,4035,4032.5,7.17206e-05,0.000358603,5
4035,4040,4037.5,5.73765e-05,0.000286882,4
4040,4045,4042.5,4.30323e-05,0.000215162,3
4045,4050,4047.5,8.60647e-05,0.000430323,6
4050,4055,4052.5,4.30323e-05,0.000215162,3
4055,4060,4057.5,0.000172129,0.000860647,12
4060,4065,4062.5,4.30323e-05,0.000215162,3
4065,4070,4067.5,7.17206e-05,0.000358603,5
4070,4075,4072.5,8.60647e-05,0.000430323,6
4075,4080,4077.5,5.73765e-05,0.000286882,4
4080,4085,4082.5,0.000286882,0.00143441,20
4085,4090,4087.5,7.17206e-05,0.000358603,5
4090,4095,4092.5,0.000100409,0.000502044,7
4095,4100,4097.5,4.30323e-05,0.000215162,3
4100,4105,4102.5,0.000157785,0.000788926,11
4105,4110,4107.5,0.000100409,0.000502044,7
4110,4115,4112.5,7.17206e-05,0.000358603,5
4115,4120,4117.5,5.73765e-05,0.000286882,4
4120,4125,4122.5,0.000114753,0.000573765,8
4125,4130,4127.5,7.17206e-05,0.000358603,5
4130,4135,4132.5,5.73765e-05,0.000286882,4
4135,4140,4137.5,0.000114753,0.000573765,8
4140,4145,4142.5,8.60647e-05,0.000430323,6
4145,4150,4147.5,0.000172129,0.000860647,12
4150,4155,4152.5,5.73765e-05,0.000286882,4
4155,4160,4157.5,5.73765e-05,0.000286882,4
4160,4165,4162.5,5.73765e-05,0.000286882,4
4165,4170,4167.5,8.60647e-05,0.000430323,6
4170,4175,4172.5,7.17206e-05,0.000358603,5
4175,4180,4177.5,0.000100409,0.000502044,7
4180,4185,4182.5,0.000100409,0.000502044,7
4185,4190,4187.5,0.000114753,0.000573765,8
4190,4195,4192.5,7.17206e-05,0.000358603,5
4195,4200,4197.5,5.73765e-05,0.000286882,4
4200,4205,4202.5,0.000114753,0.000573765,8
4205,4210,4207.5,4.30323e-05,0.000215162,3
4210,4215,4212.5,0.000100409,0.000502044,7
4215,4220,4217.5,7.17206e-05,0.000358603,5
4220,4225,4222.5,8.60647e-05,0.000430323,6
4225,4230,4227.5,0.000100409,0.000502044,7
4230,4235,4232.5,8.60647e-05,0.000430323,6
4235,4240,4237.5,2.86882e-05,0.000143441,2
4240,4245,4242.5,7.17206e-05,0.000358603,5
4245,4250,4247.5,0.000100409,0.000502044,7
4250,4255,4252.5,0.000143441,0.000717206,10
4255,4260,4257.5,8.60647e-05,0.000430323,6
4260,4265,4262.5,0.000129097,0.000645485,9
4265,4270,4267.5,5.73765e-05,0.000286882,4
4270,4275,4272.5,4.30323e-05,0.000215162,3
4275,4280,4277.5,0.000114753,0.000573765,8
4280,4285,4282.5,8.60647e-05,0.000430323,6
4285,4290,4287.5,4.30323e-05,0.000215162,3
4290,4295,4292.5,0.000143441,0.000717206,10
4295,4300,4297.5,2.86882e-05,0.000143441,2
4300,4305,4302.5,8.60647e-05,0.000430323,6
4305,4310,4307.5,0.000100409,0.000502044,7
4310,4315,4312.5,0.000100409,0.000502044,7
4315,4320,4317.5,0.000100409,0.000502044,7
4320,4325,4322.5,0.000129097,0.000645485,9
4325,4330,4327.5,7.17206e-05,0.000358603,5
4330,4335,4332.5,0.000143441,0.000717206,10
4335,4340,4337.5,0.000114753,0.000573765,8
4340,4345,4342.5,7.17206e-05,0.000358603,5
4345,4350,4347.5,7.17206e-05,0.000358603,5
4350,4355,4352.5,7.17206e-05,0.000358603,5
4355,4360,4357.5,1.43441e-05,7.17206e-05,1
4360,4365,4362.5,7.17206e-05,0.000358603,5
4365,4370,4367.5,4.30323e-05,0.000215162,3
4370,4375,4372.5,4.30323e-05,0.000215162,3
4380,4385,4382.5,4.30323e-05,0.000215162,3
4385,4390,4387.5,4.30323e-05,0.000215162,3
4390,4395,4392.5,2.86882e-05,0.000143441,2
4395,4400,4397.5,4.30323e-05,0.000215162,3
4400,4405,4402.5,5.73765e-05,0.000286882,4
4405,4410,4407.5,1.43441e-05,7.17206e-05,1
4410,4415,4412.5,4.30323e-05,0.000215162,3
4415,4420,4417.5,7.17206e-05,0.000358603,5
4420,4425,4422.5,2.86882e-05,0.000143441,2
4425,4430,4427.5,5.73765e-05,0.000286882,4
4430,4435,4432.5,1.43441e-05,7.17206e-05,1
4435,4440,4437.5,2.86882e-05,0.000143441,2
4440,4445,4442.5,5.73765e-05,0.000286882,4
4445,4450,4447.5,4.30323e-05,0.000215162,3
4450,4455,4452.5,2.86882e-05,0.000143441,2
4455,4460,4457.5,2.86882e-05,0.000143441,2
4465,4470,4467.5,4.30323e-05,0.000215162,3
4470,4475,4472.5,4.30323e-05,0.000215162,3
4475,4480,4477.5,1.43441e-05,7.17206e-05,1
4480,4485,4482.5,7.17206e-05,0.000358603,5
4485,4490,4487.5,2.86882e-05,0.000143441,2
4490,4495,4492.5,1.43441e-05,7.17206e-05,1
4495,4500,4497.5,1.43441e-05,7.17206e-05,1
4500,4505,4502.5,5.73765e-05,0.000286882,4
4505,4510,4507.5,7.17206e-05,0.000358603,5
4510,4515,4512.5,1.43441e-05,7.17206e-05,1
4515,4520,4517.5,4.30323e-05,0.000215162,3
4520,4525,4522.5,4.30323e-05,0.000215162,3
4525,4530,4527.5,5.73765e-05,0.000286882,4
4530,4535,4532.5,2.86882e-05,0.000143441,2
4535,4540,4537.5,1.43441e-05,7.17206e-05,1
4540,4545,4542.5,4.30323e-05,0.000215162,3
4545,4550,4547.5,4.30323e-05,0.000215162,3
4550,4555,4552.5,1.43441e-05,7.17206e-05,1
4555,4560,4557.5,2.86882e-05,0.000143441,2
4560,4565,4562.5,1.43441e-05,7.17206e-05,1
4565,4570,4567.5,2.86882e-05,0.000143441,2
4570,4575,4572.5,5.73765e-05,0.000286882,4
4575,4580,4577.5,4.30323e-05,0.000215162,3
4585,4590,4587.5,1.43441e-05,7.17206e-05,1
4590,4595,4592.5,2.86882e-05,0.000143441,2
4595,4600,4597.5,2.86882e-05,0.000143441,2
4600,4605,4602.5,5.73765e-05,0.000286882,4
4605,4610,4607.5,7.17206e-05,0.000358603,5
4615,4620,4617.5,2.86882e-05,0.000143441,2
4620,4625,4622.5,4.30323e-05,0.000215162,3
4625,4630,4627.5,4.30323e-05,0.000215162,3
4630,4635,4632.5,8.60647e-05,0.000430323,6
4635,4640,4637.5,7.17206e-05,0.000358603,5
4640,4645,4642.5,1.43441e-05,7.17206e-05,1
4645,4650,4647.5,2.86882e-05,0.000143441,2
4650,4655,4652.5,4.30323e-05,0.000215162,3
4655,4660,4657.5,1.43441e-05,7.17206e-05,1
4660,4665,4662.5,2.86882e-05,0.000143441,2
4665,4670,4667.5,4.30323e-05,0.000215162,3
4670,4675,4672.5,2.86882e-05,0.000143441,2
4675,4680,4677.5,2.86882e-05,0.000143441,2
4680,4685,4682.5,1.43441e-05,7.17206e-05,1
4685,4690,4687.5,1.43441e-05,7.17206e-05,1
4690,4695,4692.5,5.73765e-05,0.000286882,4
4695,4700,4697.5,1.43441e-05,7.17206e-05,1
4705,4710,4707.5,2.86882e-05,0.000143441,2
4710,4715,4712.5,1.43441e-05,7.17206e-05,1
4720,4725,4722.5,4.30323e-05,0.000215162,3
4725,4730,4727.5,2.86882e-05,0.000143441,2
4730,4735,4732.5,1.43441e-05,7.17206e-05,1
4740,4745,4742.5,1.43441e-05,7.17206e-05,1
4745,4750,4747.5,2.86882e-05,0.000143441,2
4750,4755,4752.5,1.43441e-05,7.17206e-05,1
4755,4760,4757.5,8.60647e-05,0.000430323,6
4760,4765,4762.5,1.43441e-05,7.17206e-05,1
4765,4770,4767.5,1.43441e-05,7.17206e-05,1
4770,4775,4772.5,1.43441e-05,7.17206e-05,1
4775,4780,4777.5,4.30323e-05,0.000215162,3
4780,4785,4782.5,2.86882e-05,0.000143441,2
4785,4790,4787.5,2.86882e-05,0.000143441,2
4790,4795,4792.5,2.86882e-05,0.000143441,2
4795,4800,4797.5,2.86882e-05,0.000143441,2
4805,4810,4807.5,4.30323e-05,0.000215162,3
4810,4815,4812.5,4.30323e-05,0.000215162,3
4815,4820,4817.5,2.86882e-05,0.000143441,2
4820,4825,4822.5,1.43441e-05,7.17206e-05,1
4825,4830,4827.5,2.86882e-05,0.000143441,2
4830,4835,4832.5,4.30323e-05,0.000215162,3
4835,4840,4837.5,4.30323e-05,0.000215162,3
4845,4850,4847.5,1.43441e-05,7.17206e-05,1
4850,4855,4852.5,1.43441e-05,7.17206e-05,1
4855,4860,4857.5,4.30323e-05,0.000215162,3
4865,4870,4867.5,4.30323e-05,0.000215162,3
4870,4875,4872.5,4.30323e-05,0.000215162,3
4875,4880,4877.5,5.73765e-05,0.000286882,4
4885,4890,4887.5,7.17206e-05,0.000358603,5
4890,4895,4892.5,5.73765e-05,0.000286882,4
4895,4900,4897.5,5.73765e-05,0.000286882,4
4900,4905,4902.5,1.43441e-05,7.17206e-05,1
4905,4910,4907.5,4.30323e-05,0.000215162,3
4910,4915,4912.5,1.43441e-05,7.17206e-05,1
4925,4930,4927.5,2.86882e-05,0.000143441,2
4935,4940,4937.5,1.43441e-05,7.17206e-05,1
4940,4945,4942.5,4.30323e-05,0.000215162,3
4945,4950,4947.5,1.43441e-05,7.17206e-05,1
4950,4955,4952.5,1.43441e-05,7.17206e-05,1
4955,4960,4957.5,1.43441e-05,7.17206e-05,1
4960,4965,4962.5,4.30323e-05,0.000215162,3
4970,4975,4972.5,1.43441e-05,7.17206e-05,1
4975,4980,4977.5,4.30323e-05,0.000215162,3
4980,4985,4982.5,2.86882e-05,0.000143441,2
4985,4990,4987.5,5.73765e-05,0.000286882,4
4990,4995,4992.5,2.86882e-05,0.000143441,2
4995,5000,4997.5,1.43441e-05,7.17206e-05,1
5000,5005,5002.5,2.86882e-05,0.000143441,2
5005,5010,5007.5,2.86882e-05,0.000143441,2
5010,5015,5012.5,2.86882e-05,0.000143441,2
5015,5020,5017.5,4.30323e-05,0.000215162,3
5020,5025,5022.5,2.86882e-05,0.000143441,2
5025,5030,5027.5,1.43441e-05,7.17206e-05,1
5030,5035,5032.5,2.86882e-05,0.000143441,2
5035,5040,5037.5,2.86882e-05,0.000143441,2
5040,5045,5042.5,5.73765e-05,0.000286882,4
5045,5050,5047.5,1.43441e-05,7.17206e-05,1
5050,5055,5052.5,1.43441e-05,7.17206e-05,1
5060,5065,5062.5,4.30323e-05,0.000215162,3
5065,5070,5067.5,1.43441e-05,7.17206e-05,1
5070,5075,5072.5,5.73765e-05,0.000286882,4
5075,5080,5077.5,2.86882e-05,0.000143441,2
5085,5090,5087.5,4.30323e-05,0.000215162,3
5090,5095,5092.5,1.43441e-05,7.17206e-05,1
5095,5100,5097.5,1.43441e-05,7.17206e-05,1
5100,5105,5102.5,5.73765e-05,0.000286882,4
5105,5110,5107.5,2.86882e-05,0.000143441,2
5110,5115,5112.5,4.30323e-05,0.000215162,3
5115,5120,5117.5,1.43441e-05,7.17206e-05,1
5120,5125,5122.5,4.30323e-05,0.000215162,3
5125,5130,5127.5,1.43441e-05,7.17206e-05,1
5130,5135,5132.5,1.43441e-05,7.17206e-05,1
5135,5140,5137.5,2.86882e-05,0.000143441,2
5140,5145,5142.5,5.73765e-05,0.000286882,4
5145,5150,5147.5,4.30323e-05,0.000215162,3
5150,5155,5152.5,1.43441e-05,7.17206e-05,1
5155,5160,5157.5,1.43441e-05,7.17206e-05,1
5160,5165,5162.5,1.43441e-05,7.17206e-05,1
5165,5170,5167.5,1.43441e-05,7.17206e-05,1
5170,5175,5172.5,1.43441e-05,7.17206e-05,1
5175,5180,5177.5,5.73765e-05,0.000286882,4
5180,5185,5182.5,2.86882e-05,0.000143441,2
5185,5190,5187.5,2.86882e-05,0.000143441,2
5190,5195,5192.5,2.86882e-05,0.000143441,2
5195,5200,5197.5,4.30323e-05,0.000215162,3
5200,5205,5202.5,1.43441e-05,7.17206e-05,1
5205,5210,5207.5,1.43441e-05,7.17206e-05,1
5210,5215,5212.5,1.43441e-05,7.17206e-05,1
5215,5220,5217.5,1.43441e-05,7.17206e-05,1
5220,5225,5222.5,1.43441e-05,7.17206e-05,1
5225,5230,5227.5,1.43441e-05,7.17206e-05,1
5230,5235,5232.5,2.86882e-05,0.000143441,2
5235,5240,5237.5,2.86882e-05,0.000143441,2
5240,5245,5242.5,7.17206e-05,0.000358603,5
5250,5255,5252.5,2.86882e-05,0.000143441,2
5255,5260,5257.5,2.86882e-05,0.000143441,2
5260,5265,5262.5,1.43441e-05,7.17206e-05,1
5265,5270,5267.5,4.30323e-05,0.000215162,3
5275,5280,5277.5,2.86882e-05,0.000143441,2
5280,5285,5282.5,2.86882e-05,0.000143441,2
5290,5295,5292.5,1.43441e-05,7.17206e-05,1
5300,5305,5302.5,1.43441e-05,7.17206e-05,1
5305,5310,5307.5,1.43441e-05,7.17206e-05,1
5310,5315,5312.5,5.73765e-05,0.000286882,4
5320,5325,5322.5,2.86882e-05,0.000143441,2
5325,5330,5327.5,4.30323e-05,0.000215162,3
5330,5335,5332.5,2.86882e-05,0.000143441,2
5335,5340,5337.5,2.86882e-05,0.000143441,2
5340,5345,5342.5,1.43441e-05,7.17206e-05,1
5355,5360,5357.5,1.43441e-05,7.17206e-05,1
5360,5365,5362.5,2.86882e-05,0.000143441,2
5365,5370,5367.5,1.43441e-05,7.17206e-05,1
5370,5375,5372.5,1.43441e-05,7.17206e-05,1
5375,5380,5377.5,2.86882e-05,0.000143441,2
5380,5385,5382.5,2.86882e-05,0.000143441,2
5385,5390,5387.5,1.43441e-05,7.17206e-05,1
5390,5395,5392.5,1.43441e-05,7.17206e-05,1
5400,5405,5402.5,2.86882e-05,0.000143441,2
5405,5410,5407.5,4.30323e-05,0.000215162,3
5410,5415,5412.5,1.43441e-05,7.17206e-05,1
5415,5420,5417.5,1.43441e-05,7.17206e-05,1
5425,5430,5427.5,1.43441e-05,7.17206e-05,1
5440,5445,5442.5,1.43441e-05,7.17206e-05,1
5450,5455,5452.5,2.86882e-05,0.000143441,2
5455,5460,5457.5,2.86882e-05,0.000143441,2
5460,5465,5462.5,2.86882e-05,0.000143441,2
5465,5470,5467.5,2.86882e-05,0.000143441,2
5470,5475,5472.5,5.73765e-05,0.000286882,4
5475,5480,5477.5,1.43441e-05,7.17206e-05,1
5480,5485,5482.5,2.86882e-05,0.000143441,2
5485,5490,5487.5,1.43441e-05,7.17206e-05,1
5490,5495,5492.5,2.86882e-05,0.000143441,2
5495,5500,5497.5,4.30323e-05,0.000215162,3
5505,5510,5507.5,1.43441e-05,7.17206e-05,1
5510,5515,5512.5,2.86882e-05,0.000143441,2
5515,5520,5517.5,4.30323e-05,0.000215162,3
5520,5525,5522.5,4.30323e-05,0.000215162,3
5525,5530,5527.5,1.43441e-05,7.17206e-05,1
5530,5535,5532.5,5.73765e-05,0.000286882,4
5535,5540,5537.5,2.86882e-05,0.000143441,2
5540,5545,5542.5,1.43441e-05,7.17206e-05,1
5545,5550,5547.5,1.43441e-05,7.17206e-05,1
5550,5555,5552.5,2.86882e-05,0.000143441,2
5555,5560,5557.5,2.86882e-05,0.000143441,2
5560,5565,5562.5,1.43441e-05,7.17206e-05,1
5570,5575,5572.5,1.43441e-05,7.17206e-05,1
5575,5580,5577.5,1.43441e-05,7.17206e-05,1
5580,5585,5582.5,1.43441e-05,7.17206e-05,1
5590,5595,5592.5,4.30323e-05,0.000215162,3
5600,5605,5602.5,7.17206e-05,0.000358603,5
5605,5610,5607.5,1.43441e-05,7.17206e-05,1
5610,5615,5612.5,1.43441e-05,7.17206e-05,1
5615,5620,5617.5,1.43441e-05,7.17206e-05,1
5620,5625,5622.5,5.73765e-05,0.000286882,4
5625,5630,5627.5,2.86882e-05,0.000143441,2
5635,5640,5637.5,2.86882e-05,0.000143441,2
5640,5645,5642.5,2.86882e-05,0.000143441,2
5645,5650,5647.5,1.43441e-05,7.17206e-05,1
5650,5655,5652.5,1.43441e-05,7.17206e-05,1
5655,5660,5657.5,2.86882e-05,0.000143441,2
5660,5665,5662.5,1.43441e-05,7.17206e-05,1
5670,5675,5672.5,2.86882e-05,0.000143441,2
5675,5680,5677.5,1.43441e-05,7.17206e-05,1
5685,5690,5687.5,4.30323e-05,0.000215162,3
5690,5695,5692.5,1.43441e-05,7.17206e-05,1
5700,5705,5702.5,5.73765e-05,0.000286882,4
5710,5715,5712.5,1.43441e-05,7.17206e-05,1
5715,5720,5717.5,1.43441e-05,7.17206e-05,1
5720,5725,5722.5,1.43441e-05,7.17206e-05,1
5730,5735,5732.5,2.86882e-05,0.000143441,2
5735,5740,5737.5,2.86882e-05,0.000143441,2
5740,5745,5742.5,2.86882e-05,0.000143441,2
5745,5750,5747.5,1.43441e-05,7.17206e-05,1
5755,5760,5757.5,1.43441e-05,7.17206e-05,1
5760,5765,5762.5,2.86882e-05,0.000143441,2
5775,5780,5777.5,1.43441e-05,7.17206e-05,1
5780,5785,5782.5,2.86882e-05,0.000143441,2
5785,5790,5787.5,1.43441e-05,7.17206e-05,1
5790,5795,5792.5,1.43441e-05,7.17206e-05,1
5795,5800,5797.5,4.30323e-05,0.000215162,3
5805,5810,5807.5,2.86882e-05,0.000143441,2
5810,5815,5812.5,1.43441e-05,7.17206e-05,1
5815,5820,5817.5,4.30323e-05,0.000215162,3
5820,5825,5822.5,2.86882e-05,0.000143441,2
5825,5830,5827.5,5.73765e-05,0.000286882,4
5830,5835,5832.5,4.30323e-05,0.000215162,3
5835,5840,5837.5,2.86882e-05,0.000143441,2
5840,5845,5842.5,1.43441e-05,7.17206e-05,1
5850,5855,5852.5,1.43441e-05,7.17206e-05,1
5860,5865,5862.5,1.43441e-05,7.17206e-05,1
5865,5870,5867.5,2.86882e-05,0.000143441,2
5870,5875,5872.5,7.17206e-05,0.000358603,5
5875,5880,5877.5,2.86882e-05,0.000143441,2
5890,5895,5892.5,5.73765e-05,0.000286882,4
5895,5900,5897.5,1.43441e-05,7.17206e-05,1
5905,5910,5907.5,1.43441e-05,7.17206e-05,1
5910,5915,5912.5,2.86882e-05,0.000143441,2
5915,5920,5917.5,2.86882e-05,0.000143441,2
5920,5925,5922.5,2.86882e-05,0.000143441,2
5930,5935,5932.5,2.86882e-05,0.000143441,2
5935,5940,5937.5,1.43441e-05,7.17206e-05,1
5940,5945,5942.5,4.30323e-05,0.000215162,3
5945,5950,5947.5,4.30323e-05,0.000215162,3
5950,5955,5952.5,1.43441e-05,7.17206e-05,1
5955,5960,5957.5,2.86882e-05,0.000143441,2
5960,5965,5962.5,2.86882e-05,0.000143441,2
5965,5970,5967.5,1.43441e-05,7.17206e-05,1
5970,5975,5972.5,1.43441e-05,7.17206e-05,1
5980,5985,5982.5,1.43441e-05,7.17206e-05,1
5990,5995,5992.5,2.86882e-05,0.000143441,2
5995,6000,5997.5,1.43441e-05,7.17206e-05,1
6005,6010,6007.5,2.86882e-05,0.000143441,2
6010,6015,6012.5,2.86882e-05,0.000143441,2
6020,6025,6022.5,2.86882e-05,0.000143441,2
6025,6030,6027.5,1.43441e-05,7.17206e-05,1
6035,6040,6037.5,1.43441e-05,7.17206e-05,1
6040,6045,6042.5,1.43441e-05,7.17206e-05,1
6045,6050,6047.5,1.43441e-05,7.17206e-05,1
6050,6055,6052.5,2.86882e-05,0.000143441,2
6060,6065,6062.5,1.43441e-05,7.17206e-05,1
6075,6080,6077.5,1.43441e-05,7.17206e-05,1
6085,6090,6087.5,1.43441e-05,7.17206e-05,1
6090,6095,6092.5,1.43441e-05,7.17206e-05,1
6095,6100,6097.5,1.43441e-05,7.17206e-05,1
6110,6115,6112.5,1.43441e-05,7.17206e-05,1
6115,6120,6117.5,1.43441e-05,7.17206e-05,1
6125,6130,6127.5,1.43441e-05,7.17206e-05,1
6135,6140,6137.5,2.86882e-05,0.000143441,2
6140,6145,6142.5,1.43441e-05,7.17206e-05,1
6150,6155,6152.5,2.86882e-05,0.000143441,2
6165,6170,6167.5,4.30323e-05,0.000215162,3
6170,6175,6172.5,1.43441e-05,7.17206e-05,1
6175,6180,6177.5,4.30323e-05,0.000215162,3
6180,6185,6182.5,1.43441e-05,7.17206e-05,1
6195,6200,6197.5,1.43441e-05,7.17206e-05,1
6200,6205,6202.5,1.43441e-05,7.17206e-05,1
6210,6215,6212.5,2.86882e-05,0.000143441,2
6220,6225,6222.5,5.73765e-05,0.000286882,4
6225,6230,6227.5,1.43441e-05,7.17206e-05,1
6235,6240,6237.5,1.43441e-05,7.17206e-05,1
6245,6250,6247.5,4.30323e-05,0.000215162,3
6255,6260,6257.5,2.86882e-05,0.000143441,2
6260,6265,6262.5,1.43441e-05,7.17206e-05,1
6270,6275,6272.5,1.43441e-05,7.17206e-05,1
6275,6280,6277.5,2.86882e-05,0.000143441,2
6280,6285,6282.5,2.86882e-05,0.000143441,2
6285,6290,6287.5,1.43441e-05,7.17206e-05,1
6290,6295,6292.5,4.30323e-05,0.000215162,3
6295,6300,6297.5,1.43441e-05,7.17206e-05,1
6300,6305,6302.5,1.43441e-05,7.17206e-05,1
6305,6310,6307.5,2.86882e-05,0.000143441,2
6310,6315,6312.5,1.43441e-05,7.17206e-05,1
6315,6320,6317.5,1.43441e-05,7.17206e-05,1
6320,6325,6322.5,1.43441e-05,7.17206e-05,1
6330,6335,6332.5,1.43441e-05,7.17206e-05,1
6335,6340,6337.5,2.86882e-05,0.000143441,2
6340,6345,6342.5,2.86882e-05,0.000143441,2
6345,6350,6347.5,1.43441e-05,7.17206e-05,1
6350,6355,6352.5,2.86882e-05,0.000143441,2
6355,6360,6357.5,1.43441e-05,7.17206e-05,1
6360,6365,6362.5,1.43441e-05,7.17206e-05,1
6365,6370,6367.5,1.43441e-05,7.17206e-05,1
6375,6380,6377.5,4.30323e-05,0.000215162,3
6380,6385,6382.5,4.30323e-05,0.000215162,3
6390,6395,6392.5,4.30323e-05,0.000215162,3
6405,6410,6407.5,2.86882e-05,0.000143441,2
6410,6415,6412.5,1.43441e-05,7.17206e-05,1
6415,6420,6417.5,1.43441e-05,7.17206e-05,1
6420,6425,6422.5,2.86882e-05,0.000143441,2
6425,6430,6427.5,1.43441e-05,7.17206e-05,1
6435,6440,6437.5,2.86882e-05,0.000143441,2
6440,6445,6442.5,1.43441e-05,7.17206e-05,1
6450,6455,6452.5,1.43441e-05,7.17206e-05,1
6455,6460,6457.5,1.43441e-05,7.17206e-05,1
6460,6465,6462.5,5.73765e-05,0.000286882,4
6465,6470,6467.5,1.43441e-05,7.17206e-05,1
6480,6485,6482.5,4.30323e-05,0.000215162,3
6485,6490,6487.5,1.43441e-05,7.17206e-05,1
6490,6495,6492.5,2.86882e-05,0.000143441,2
6495,6500,6497.5,1.43441e-05,7.17206e-05,1
6500,6505,6502.5,4.30323e-05,0.000215162,3
6510,6515,6512.5,1.43441e-05,7.17206e-05,1
6520,6525,6522.5,2.86882e-05,0.000143441,2
6525,6530,6527.5,2.86882e-05,0.000143441,2
6540,6545,6542.5,2.86882e-05,0.000143441,2
6545,6550,6547.5,1.43441e-05,7.17206e-05,1
6550,6555,6552.5,1.43441e-05,7.17206e-05,1
6555,6560,6557.5,1.43441e-05,7.17206e-05,1
6560,6565,6562.5,2.86882e-05,0.000143441,2
6565,6570,6567.5,1.43441e-05,7.17206e-05,1
6575,6580,6577.5,1.43441e-05,7.17206e-05,1
6585,6590,6587.5,2.86882e-05,0.000143441,2
6590,6595,6592.5,4.30323e-05,0.000215162,3
6595,6600,6597.5,2.86882e-05,0.000143441,2
6605,6610,6607.5,4.30323e-05,0.000215162,3
6610,6615,6612.5,1.43441e-05,7.17206e-05,1
6615,6620,6617.5,2.86882e-05,0.000143441,2
6620,6625,6622.5,1.43441e-05,7.17206e-05,1
6630,6635,6632.5,1.43441e-05,7.17206e-05,1
6635,6640,6637.5,1.43441e-05,7.17206e-05,1
6655,6660,6657.5,2.86882e-05,0.000143441,2
6660,6665,6662.5,2.86882e-05,0.000143441,2
6665,6670,6667.5,1.43441e-05,7.17206e-05,1
6670,6675,6672.5,4.30323e-05,0.000215162,3
6675,6680,6677.5,2.86882e-05,0.000143441,2
6680,6685,6682.5,1.43441e-05,7.17206e-05,1
6685,6690,6687.5,2.86882e-05,0.000143441,2
6690,6695,6692.5,1.43441e-05,7.17206e-05,1
6710,6715,6712.5,1.43441e-05,7.17206e-05,1
6720,6725,6722.5,1.43441e-05,7.17206e-05,1
6730,6735,6732.5,1.43441e-05,7.17206e-05,1
6740,6745,6742.5,1.43441e-05,7.17206e-05,1
6750,6755,6752.5,4.30323e-05,0.000215162,3
6755,6760,6757.5,1.43441e-05,7.17206e-05,1
6760,6765,6762.5,1.43441e-05,7.17206e-05,1
6765,6770,6767.5,1.43441e-05,7.17206e-05,1
6770,6775,6772.5,2.86882e-05,0.000143441,2
6775,6780,6777.5,1.43441e-05,7.17206e-05,1
6785,6790,6787.5,4.30323e-05,0.000215162,3
6795,6800,6797.5,1.43441e-05,7.17206e-05,1
6800,6805,6802.5,1.43441e-05,7.17206e-05,1
6805,6810,6807.5,2.86882e-05,0.000143441,2
6815,6820,6817.5,1.43441e-05,7.17206e-05,1
6825,6830,6827.5,1.43441e-05,7.17206e-05,1
6830,6835,6832.5,1.43441e-05,7.17206e-05,1
6840,6845,6842.5,1.43441e-05,7.17206e-05,1
6850,6855,6852.5,1.43441e-05,7.17206e-05,1
6855,6860,6857.5,1.43441e-05,7.17206e-05,1
6860,6865,6862.5,2.86882e-05,0.000143441,2
6865,6870,6867.5,2.86882e-05,0.000143441,2
6875,6880,6877.5,2.86882e-05,0.000143441,2
6885,6890,6887.5,4.30323e-05,0.000215162,3
6890,6895,6892.5,4.30323e-05,0.000215162,3
6900,6905,6902.5,1.43441e-05,7.17206e-05,1
6915,6920,6917.5,2.86882e-05,0.000143441,2
6935,6940,6937.5,1.43441e-05,7.17206e-05,1
6940,6945,6942.5,1.43441e-05,7.17206e-05,1
6945,6950,6947.5,7.17206e-05,0.000358603,5
6950,6955,6952.5,5.73765e-05,0.000286882,4
6960,6965,6962.5,1.43441e-05,7.17206e-05,1
6965,6970,6967.5,1.43441e-05,7.17206e-05,1
6975,6980,6977.5,4.30323e-05,0.000215162,3
6980,6985,6982.5,1.43441e-05,7.17206e-05,1
6995,7000,6997.5,2.86882e-05,0.000143441,2
7000,7005,7002.5,1.43441e-05,7.17206e-05,1
7010,7015,7012.5,1.43441e-05,7.17206e-05,1
7015,7020,7017.5,2.86882e-05,0.000143441,2
7020,7025,7022.5,1.43441e-05,7.17206e-05,1
7025,7030,7027.5,2.86882e-05,0.000143441,2
7030,7035,7032.5,1.43441e-05,7.17206e-05,1
7040,7045,7042.5,5.73765e-05,0.000286882,4
7055,7060,7057.5,1.43441e-05,7.17206e-05,1
7075,7080,7077.5,4.30323e-05,0.000215162,3
7085,7090,7087.5,1.43441e-05,7.17206e-05,1
7095,7100,7097.5,2.86882e-05,0.000143441,2
7100,7105,7102.5,2.86882e-05,0.000143441,2
7115,7120,7117.5,1.43441e-05,7.17206e-05,1
7120,7125,7122.5,1.43441e-05,7.17206e-05,1
7125,7130,7127.5,1.43441e-05,7.17206e-05,1
7130,7135,7132.5,2.86882e-05,0.000143441,2
7140,7145,7142.5,2.86882e-05,0.000143441,2
7145,7150,7147.5,1.43441e-05,7.17206e-05,1
7150,7155,7152.5,2.86882e-05,0.000143441,2
7160,7165,7162.5,1.43441e-05,7.17206e-05,1
7175,7180,7177.5,4.30323e-05,0.000215162,3
7180,7185,7182.5,4.30323e-05,0.000215162,3
7190,7195,7192.5,1.43441e-05,7.17206e-05,1
7210,7215,7212.5,2.86882e-05,0.000143441,2
7220,7225,7222.5,2.86882e-05,0.000143441,2
7230,7235,7232.5,2.86882e-05,0.000143441,2
7235,7240,7237.5,2.86882e-05,0.000143441,2
7240,7245,7242.5,1.43441e-05,7.17206e-05,1
7245,7250,7247.5,1.43441e-05,7.17206e-05,1
7255,7260,7257.5,1.43441e-05,7.17206e-05,1
7260,7265,7262.5,1.43441e-05,7.17206e-05,1
7265,7270,7267.5,2.86882e-05,0.000143441,2
7275,7280,7277.5,2.86882e-05,0.000143441,2
7280,7285,7282.5,1.43441e-05,7.17206e-05,1
7285,7290,7287.5,1.43441e-05,7.17206e-05,1
7290,7295,7292.5,5.73765e-05,0.000286882,4
7295,7300,7297.5,1.43441e-05,7.17206e-05,1
7300,7305,7302.5,1.43441e-05,7.17206e-05,1
7310,7315,7312.5,1.43441e-05,7.17206e-05,1
7315,7320,7317.5,4.30323e-05,0.000215162,3
7320,7325,7322.5,4.30323e-05,0.000215162,3
7325,7330,7327.5,1.43441e-05,7.17206e-05,1
7330,7335,7332.5,1.43441e-05,7.17206e-05,1
7340,7345,7342.5,4.30323e-05,0.000215162,3
7345,7350,7347.5,5.73765e-05,0.000286882,4
7365,7370,7367.5,4.30323e-05,0.000215162,3
7375,7380,7377.5,1.43441e-05,7.17206e-05,1
7380,7385,7382.5,1.43441e-05,7.17206e-05,1
7385,7390,7387.5,4.30323e-05,0.000215162,3
7390,7395,7392.5,1.43441e-05,7.17206e-05,1
7395,7400,7397.5,2.86882e-05,0.000143441,2
7400,7405,7402.5,1.43441e-05,7.17206e-05,1
7410,7415,7412.5,2.86882e-05,0.000143441,2
7420,7425,7422.5,4.30323e-05,0.000215162,3
7425,7430,7427.5,1.43441e-05,7.17206e-05,1
7445,7450,7447.5,5.73765e-05,0.000286882,4
7450,7455,7452.5,1.43441e-05,7.17206e-05,1
7460,7465,7462.5,1.43441e-05,7.17206e-05,1
7465,7470,7467.5,1.43441e-05,7.17206e-05,1
7470,7475,7472.5,2.86882e-05,0.000143441,2
7475,7480,7477.5,4.30323e-05,0.000215162,3
7485,7490,7487.5,1.43441e-05,7.17206e-05,1
7490,7495,7492.5,2.86882e-05,0.000143441,2
7505,7510,7507.5,1.43441e-05,7.17206e-05,1
7510,7515,7512.5,1.43441e-05,7.17206e-05,1
7520,7525,7522.5,1.43441e-05,7.17206e-05,1
7530,7535,7532.5,1.43441e-05,7.17206e-05,1
7535,7540,7537.5,1.43441e-05,7.17206e-05,1
7540,7545,7542.5,1.43441e-05,7.17206e-05,1
7555,7560,7557.5,2.86882e-05,0.000143441,2
7565,7570,7567.5,1.43441e-05,7.17206e-05,1
7570,7575,7572.5,2.86882e-05,0.000143441,2
7585,7590,7587.5,2.86882e-05,0.000143441,2
7595,7600,7597.5,1.43441e-05,7.17206e-05,1
7600,7605,7602.5,1.43441e-05,7.17206e-05,1
7620,7625,7622.5,2.86882e-05,0.000143441,2
7625,7630,7627.5,4.30323e-05,0.000215162,3
7635,7640,7637.5,2.86882e-05,0.000143441,2
7650,7655,7652.5,1.43441e-05,7.17206e-05,1
7660,7665,7662.5,2.86882e-05,0.000143441,2
7670,7675,7672.5,1.43441e-05,7.17206e-05,1
7675,7680,7677.5,1.43441e-05,7.17206e-05,1
7680,7685,7682.5,2.86882e-05,0.000143441,2
7685,7690,7687.5,4.30323e-05,0.000215162,3
7690,7695,7692.5,1.43441e-05,7.17206e-05,1
7700,7705,7702.5,1.43441e-05,7.17206e-05,1
7710,7715,7712.5,1.43441e-05,7.17206e-05,1
7715,7720,7717.5,1.43441e-05,7.17206e-05,1
7720,7725,7722.5,2.86882e-05,0.000143441,2
7730,7735,7732.5,2.86882e-05,0.000143441,2
7740,7745,7742.5,2.86882e-05,0.000143441,2
7750,7755,7752.5,1.43441e-05,7.17206e-05,1
7760,7765,7762.5,1.43441e-05,7.17206e-05,1
7765,7770,7767.5,1.43441e-05,7.17206e-05,1
7770,7775,7772.5,1.43441e-05,7.17206e-05,1
7775,7780,7777.5,2.86882e-05,0.000143441,2
7780,7785,7782.5,1.43441e-05,7.17206e-05,1
7785,7790,7787.5,2.86882e-05,0.000143441,2
7790,7795,7792.5,1.43441e-05,7.17206e-05,1
7805,7810,7807.5,1.43441e-05,7.17206e-05,1
7810,7815,7812.5,1.43441e-05,7.17206e-05,1
7825,7830,7827.5,1.43441e-05,7.17206e-05,1
7830,7835,7832.5,4.30323e-05,0.000215162,3
7835,7840,7837.5,1.43441e-05,7.17206e-05,1
7850,7855,7852.5,2.86882e-05,0.000143441,2
7855,7860,7857.5,2.86882e-05,0.000143441,2
7880,7885,7882.5,1.43441e-05,7.17206e-05,1
7885,7890,7887.5,1.43441e-05,7.17206e-05,1
7890,7895,7892.5,2.86882e-05,0.000143441,2
7920,7925,7922.5,1.43441e-05,7.17206e-05,1
7945,7950,7947.5,1.43441e-05,7.17206e-05,1
7960,7965,7962.5,1.43441e-05,7.17206e-05,1
7970,7975,7972.5,2.86882e-05,0.000143441,2
7975,7980,7977.5,2.86882e-05,0.000143441,2
7980,7985,7982.5,1.43441e-05,7.17206e-05,1
7985,7990,7987.5,1.43441e-05,7.17206e-05,1
7990,7995,7992.5,1.43441e-05,7.17206e-05,1
7995,8000,7997.5,2.86882e-05,0.000143441,2
8000,8005,8002.5,1.43441e-05,7.17206e-05,1
8010,8015,8012.5,1.43441e-05,7.17206e-05,1
8015,8020,8017.5,4.30323e-05,0.000215162,3
8020,8025,8022.5,1.43441e-05,7.17206e-05,1
8025,8030,8027.5,1.43441e-05,7.17206e-05,1
8030,8035,8032.5,1.43441e-05,7.17206e-05,1
8040,8045,8042.5,2.86882e-05,0.000143441,2
8045,8050,8047.5,2.86882e-05,0.000143441,2
8055,8060,8057.5,1.43441e-05,7.17206e-05,1
8065,8070,8067.5,4.30323e-05,0.000215162,3
8080,8085,8082.5,1.43441e-05,7.17206e-05,1
8085,8090,8087.5,2.86882e-05,0.000143441,2
8105,8110,8107.5,2.86882e-05,0.000143441,2
8130,8135,8132.5,2.86882e-05,0.000143441,2
8135,8140,8137.5,2.86882e-05,0.000143441,2
8140,8145,8142.5,1.43441e-05,7.17206e-05,1
8145,8150,8147.5,2.86882e-05,0.000143441,2
8170,8175,8172.5,2.86882e-05,0.000143441,2
8180,8185,8182.5,1.43441e-05,7.17206e-05,1
8190,8195,8192.5,2.86882e-05,0.000143441,2
8195,8200,8197.5,1.43441e-05,7.17206e-05,1
8200,8205,8202.5,2.86882e-05,0.000143441,2
8205,8210,8207.5,1.43441e-05,7.17206e-05,1
8210,8215,8212.5,1.43441e-05,7.17206e-05,1
8215,8220,8217.5,2.86882e-05,0.000143441,2
8225,8230,8227.5,1.43441e-05,7.17206e-05,1
8230,8235,8232.5,1.43441e-05,7.17206e-05,1
8240,8245,8242.5,2.86882e-05,0.000143441,2
8245,8250,8247.5,2.86882e-05,0.000143441,2
8250,8255,8252.5,2.86882e-05,0.000143441,2
8255,8260,8257.5,1.43441e-05,7.17206e-05,1
8270,8275,8272.5,1.43441e-05,7.17206e-05,1
8275,8280,8277.5,1.43441e-05,7.17206e-05,1
8280,8285,8282.5,1.43441e-05,7.17206e-05,1
8290,8295,8292.5,1.43441e-05,7.17206e-05,1
8300,8305,8302.5,1.43441e-05,7.17206e-05,1
8305,8310,8307.5,1.43441e-05,7.17206e-05,1
8315,8320,8317.5,1.43441e-05,7.17206e-05,1
8320,8325,8322.5,1.43441e-05,7.17206e-05,1
8335,8340,8337.5,4.30323e-05,0.000215162,3
8340,8345,8342.5,1.43441e-05,7.17206e-05,1
8345,8350,8347.5,2.86882e-05,0.000143441,2
8360,8365,8362.5,2.86882e-05,0.000143441,2
8365,8370,8367.5,2.86882e-05,0.000143441,2
8380,8385,8382.5,2.86882e-05,0.000143441,2
8385,8390,8387.5,1.43441e-05,7.17206e-05,1
8395,8400,8397.5,1.43441e-05,7.17206e-05,1
8410,8415,8412.5,1.43441e-05,7.17206e-05,1
8415,8420,8417.5,1.43441e-05,7.17206e-05,1
8435,8440,8437.5,2.86882e-05,0.000143441,2
8440,8445,8442.5,1.43441e-05,7.17206e-05,1
8445,8450,8447.5,1.43441e-05,7.17206e-05,1
8470,8475,8472.5,1.43441e-05,7.17206e-05,1
8485,8490,8487.5,1.43441e-05,7.17206e-05,1
8490,8495,8492.5,1.43441e-05,7.17206e-05,1
8520,8525,8522.5,1.43441e-05,7.17206e-05,1
8530,8535,8532.5,1.43441e-05,7.17206e-05,1
8535,8540,8537.5,2.86882e-05,0.000143441,2
8545,8550,8547.5,2.86882e-05,0.000143441,2
8550,8555,8552.5,1.43441e-05,7.17206e-05,1
8555,8560,8557.5,1.43441e-05,7.17206e-05,1
8560,8565,8562.5,1.43441e-05,7.17206e-05,1
8575,8580,8577.5,1.43441e-05,7.17206e-05,1
8580,8585,8582.5,1.43441e-05,7.17206e-05,1
8585,8590,8587.5,2.86882e-05,0.000143441,2
8600,8605,8602.5,2.86882e-05,0.000143441,2
8615,8620,8617.5,2.86882e-05,0.000143441,2
8630,8635,8632.5,1.43441e-05,7.17206e-05,1
8635,8640,8637.5,1.43441e-05,7.17206e-05,1
8640,8645,8642.5,1.43441e-05,7.17206e-05,1
8645,8650,8647.5,1.43441e-05,7.17206e-05,1
8650,8655,8652.5,4.30323e-05,0.000215162,3
8655,8660,8657.5,1.43441e-05,7.17206e-05,1
8660,8665,8662.5,2.86882e-05,0.000143441,2
8675,8680,8677.5,1.43441e-05,7.17206e-05,1
8685,8690,8687.5,2.86882e-05,0.000143441,2
8695,8700,8697.5,2.86882e-05,0.000143441,2
8730,8735,8732.5,2.86882e-05,0.000143441,2
8740,8745,8742.5,1.43441e-05,7.17206e-05,1
8750,8755,8752.5,2.86882e-05,0.000143441,2
8755,8760,8757.5,1.43441e-05,7.17206e-05,1
8765,8770,8767.5,1.43441e-05,7.17206e-05,1
8770,8775,8772.5,1.43441e-05,7.17206e-05,1
8775,8780,8777.5,1.43441e-05,7.17206e-05,1
8800,8805,8802.5,1.43441e-05,7.17206e-05,1
8810,8815,8812.5,1.43441e-05,7.17206e-05,1
8815,8820,8817.5,1.43441e-05,7.17206e-05,1
8820,8825,8822.5,2.86882e-05,0.000143441,2
8825,8830,8827.5,2.86882e-05,0.000143441,2
8830,8835,8832.5,1.43441e-05,7.17206e-05,1
8845,8850,8847.5,1.43441e-05,7.17206e-05,1
8855,8860,8857.5,1.43441e-05,7.17206e-05,1
8865,8870,8867.5,1.43441e-05,7.17206e-05,1
8885,8890,8887.5,1.43441e-05,7.17206e-05,1
8895,8900,8897.5,1.43441e-05,7.17206e-05,1
8900,8905,8902.5,2.86882e-05,0.000143441,2
8905,8910,8907.5,1.43441e-05,7.17206e-05,1
8925,8930,8927.5,4.30323e-05,0.000215162,3
8930,8935,8932.5,1.43441e-05,7.17206e-05,1
8940,8945,8942.5,2.86882e-05,0.000143441,2
8945,8950,8947.5,1.43441e-05,7.17206e-05,1
8960,8965,8962.5,2.86882e-05,0.000143441,2
8965,8970,8967.5,2.86882e-05,0.000143441,2
8970,8975,8972.5,2.86882e-05,0.000143441,2
8975,8980,8977.5,1.43441e-05,7.17206e-05,1
8985,8990,8987.5,1.43441e-05,7.17206e-05,1
8995,9000,8997.5,1.43441e-05,7.17206e-05,1
9015,9020,9017.5,1.43441e-05,7.17206e-05,1
9025,9030,9027.5,1.43441e-05,7.17206e-05,1
9030,9035,9032.5,2.86882e-05,0.000143441,2
9035,9040,9037.5,1.43441e-05,7.17206e-05,1
9050,9055,9052.5,1.43441e-05,7.17206e-05,1
9055,9060,9057.5,1.43441e-05,7.17206e-05,1
9065,9070,9067.5,1.43441e-05,7.17206e-05,1
9070,9075,9072.5,1.43441e-05,7.17206e-05,1
9090,9095,9092.5,1.43441e-05,7.17206e-05,1
9100,9105,9102.5,1.43441e-05,7.17206e-05,1
9105,9110,9107.5,1.43441e-05,7.17206e-05,1
9120,9125,9122.5,1.43441e-05,7.17206e-05,1
9135,9140,9137.5,1.43441e-05,7.17206e-05,1
9145,9150,9147.5,1.43441e-05,7.17206e-05,1
9150,9155,9152.5,1.43441e-05,7.17206e-05,1
9175,9180,9177.5,1.43441e-05,7.17206e-05,1
9195,9200,9197.5,1.43441e-05,7.17206e-05,1
9215,9220,9217.5,1.43441e-05,7.17206e-05,1
9220,9225,9222.5,4.30323e-05,0.000215162,3
9235,9240,9237.5,1.43441e-05,7.17206e-05,1
9240,9245,9242.5,2.86882e-05,0.000143441,2
9245,9250,9247.5,1.43441e-05,7.17206e-05,1
9255,9260,9257.5,1.43441e-05,7.17206e-05,1
9290,9295,9292.5,1.43441e-05,7.17206e-05,1
9310,9315,9312.5,1.43441e-05,7.17206e-05,1
9320,9325,9322.5,1.43441e-05,7.17206e-05,1
9335,9340,9337.5,1.43441e-05,7.17206e-05,1
9345,9350,9347.5,1.43441e-05,7.17206e-05,1
9350,9355,9352.5,2.86882e-05,0.000143441,2
9360,9365,9362.5,1.43441e-05,7.17206e-05,1
9365,9370,9367.5,1.43441e-05,7.17206e-05,1
9380,9385,9382.5,1.43441e-05,7.17206e-05,1
9390,9395,9392.5,1.43441e-05,7.17206e-05,1
9410,9415,9412.5,1.43441e-05,7.17206e-05,1
9425,9430,9427.5,1.43441e-05,7.17206e-05,1
9430,9435,9432.5,2.86882e-05,0.000143441,2
9450,9455,9452.5,2.86882e-05,0.000143441,2
9470,9475,9472.5,1.43441e-05,7.17206e-05,1
9485,9490,9487.5,2.86882e-05,0.000143441,2
9490,9495,9492.5,2.86882e-05,0.000143441,2
9495,9500,9497.5,1.43441e-05,7.17206e-05,1
9505,9510,9507.5,2.86882e-05,0.000143441,2
9515,9520,9517.5,1.43441e-05,7.17206e-05,1
9520,9525,9522.5,1.43441e-05,7.17206e-05,1
9535,9540,9537.5,1.43441e-05,7.17206e-05,1
9545,9550,9547.5,1.43441e-05,7.17206e-05,1
9550,9555,9552.5,1.43441e-05,7.17206e-05,1
9560,9565,9562.5,1.43441e-05,7.17206e-05,1
9565,9570,9567.5,1.43441e-05,7.17206e-05,1
9570,9575,9572.5,1.43441e-05,7.17206e-05,1
9575,9580,9577.5,1.43441e-05,7.17206e-05,1
9580,9585,9582.5,2.86882e-05,0.000143441,2
9590,9595,9592.5,1.43441e-05,7.17206e-05,1
9605,9610,9607.5,2.86882e-05,0.000143441,2
9610,9615,9612.5,1.43441e-05,7.17206e-05,1
9615,9620,9617.5,1.43441e-05,7.17206e-05,1
9625,9630,9627.5,2.86882e-05,0.000143441,2
9630,9635,9632.5,2.86882e-05,0.000143441,2
9640,9645,9642.5,2.86882e-05,0.000143441,2
9660,9665,9662.5,1.43441e-05,7.17206e-05,1
9670,9675,9672.5,4.30323e-05,0.000215162,3
9680,9685,9682.5,1.43441e-05,7.17206e-05,1
9700,9705,9702.5,1.43441e-05,7.17206e-05,1
9705,9710,9707.5,1.43441e-05,7.17206e-05,1
9710,9715,9712.5,1.43441e-05,7.17206e-05,1
9725,9730,9727.5,4.30323e-05,0.000215162,3
9740,9745,9742.5,2.86882e-05,0.000143441,2
9745,9750,9747.5,1.43441e-05,7.17206e-05,1
9760,9765,9762.5,2.86882e-05,0.000143441,2
9775,9780,9777.5,1.43441e-05,7.17206e-05,1
9780,9785,9782.5,1.43441e-05,7.17206e-05,1
9785,9790,9787.5,2.86882e-05,0.000143441,2
9790,9795,9792.5,2.86882e-05,0.000143441,2
9795,9800,9797.5,1.43441e-05,7.17206e-05,1
9805,9810,9807.5,1.43441e-05,7.17206e-05,1
9820,9825,9822.5,1.43441e-05,7.17206e-05,1
9830,9835,9832.5,1.43441e-05,7.17206e-05,1
9860,9865,9862.5,4.30323e-05,0.000215162,3
9865,9870,9867.5,4.30323e-05,0.000215162,3
9875,9880,9877.5,2.86882e-05,0.000143441,2
9895,9900,9897.5,1.43441e-05,7.17206e-05,1
9915,9920,9917.5,1.43441e-05,7.17206e-05,1
9925,9930,9927.5,1.43441e-05,7.17206e-05,1
9930,9935,9932.5,1.43441e-05,7.17206e-05,1
9935,9940,9937.5,1.43441e-05,7.17206e-05,1
9940,9945,9942.5,1.43441e-05,7.17206e-05,1
9950,9955,9952.5,1.43441e-05,7.17206e-05,1
9965,9970,9967.5,1.43441e-05,7.17206e-05,1
9990,9995,9992.5,1.43441e-05,7.17206e-05,1
10000,10005,10002.5,1.43441e-05,7.17206e-05,1
10010,10015,10012.5,1.43441e-05,7.17206e-05,1
10015,10020,10017.5,1.43441e-05,7.17206e-05,1
10025,10030,10027.5,1.43441e-05,7.17206e-05,1
10030,10035,10032.5,2.86882e-05,0.000143441,2
10035,10040,10037.5,1.43441e-05,7.17206e-05,1
10085,10090,10087.5,1.43441e-05,7.17206e-05,1
10100,10105,10102.5,1.43441e-05,7.17206e-05,1
10115,10120,10117.5,1.43441e-05,7.17206e-05,1
10120,10125,10122.5,2.86882e-05,0.000143441,2
10125,10130,10127.5,1.43441e-05,7.17206e-05,1
10130,10135,10132.5,1.43441e-05,7.17206e-05,1
10150,10155,10152.5,1.43441e-05,7.17206e-05,1
10165,10170,10167.5,1.43441e-05,7.17206e-05,1
10180,10185,10182.5,2.86882e-05,0.000143441,2
10185,10190,10187.5,1.43441e-05,7.17206e-05,1
10210,10215,10212.5,1.43441e-05,7.17206e-05,1
10220,10225,10222.5,1.43441e-05,7.17206e-05,1
10225,10230,10227.5,1.43441e-05,7.17206e-05,1
10235,10240,10237.5,1.43441e-05,7.17206e-05,1
10285,10290,10287.5,1.43441e-05,7.17206e-05,1
10300,10305,10302.5,1.43441e-05,7.17206e-05,1
10315,10320,10317.5,2.86882e-05,0.000143441,2
10345,10350,10347.5,1.43441e-05,7.17206e-05,1
10355,10360,10357.5,2.86882e-05,0.000143441,2
10365,10370,10367.5,1.43441e-05,7.17206e-05,1
10375,10380,10377.5,1.43441e-05,7.17206e-05,1
10380,10385,10382.5,5.73765e-05,0.000286882,4
10385,10390,10387.5,1.43441e-05,7.17206e-05,1
10395,10400,10397.5,1.43441e-05,7.17206e-05,1
10400,10405,10402.5,1.43441e-05,7.17206e-05,1
10415,10420,10417.5,1.43441e-05,7.17206e-05,1
10420,10425,10422.5,1.43441e-05,7.17206e-05,1
10450,10455,10452.5,1.43441e-05,7.17206e-05,1
10505,10510,10507.5,1.43441e-05,7.17206e-05,1
10515,10520,10517.5,1.43441e-05,7.17206e-05,1
10520,10525,10522.5,1.43441e-05,7.17206e-05,1
10540,10545,10542.5,1.43441e-05,7.17206e-05,1
10545,10550,10547.5,1.43441e-05,7.17206e-05,1
10550,10555,10552.5,1.43441e-05,7.17206e-05,1
10570,10575,10572.5,2.86882e-05,0.000143441,2
10575,10580,10577.5,2.86882e-05,0.000143441,2
10595,10600,10597.5,1.43441e-05,7.17206e-05,1
10660,10665,10662.5,1.43441e-05,7.17206e-05,1
10665,10670,10667.5,2.86882e-05,0.000143441,2
10685,10690,10687.5,2.86882e-05,0.000143441,2
10705,10710,10707.5,1.43441e-05,7.17206e-05,1
10715,10720,10717.5,1.43441e-05,7.17206e-05,1
10720,10725,10722.5,1.43441e-05,7.17206e-05,1
10760,10765,10762.5,1.43441e-05,7.17206e-05,1
10770,10775,10772.5,1.43441e-05,7.17206e-05,1
10810,10815,10812.5,1.43441e-05,7.17206e-05,1
10830,10835,10832.5,1.43441e-05,7.17206e-05,1
10845,10850,10847.5,1.43441e-05,7.17206e-05,1
10850,10855,10852.5,1.43441e-05,7.17206e-05,1
10860,10865,10862.5,1.43441e-05,7.17206e-05,1
10865,10870,10867.5,1.43441e-05,7.17206e-05,1
10870,10875,10872.5,1.43441e-05,7.17206e-05,1
10900,10905,10902.5,1.43441e-05,7.17206e-05,1
10905,10910,10907.5,1.43441e-05,7.17206e-05,1
10925,10930,10927.5,1.43441e-05,7.17206e-05,1
10930,10935,10932.5,2.86882e-05,0.000143441,2
10935,10940,10937.5,1.43441e-05,7.17206e-05,1
10960,10965,10962.5,2.86882e-05,0.000143441,2
10965,10970,10967.5,1.43441e-05,7.17206e-05,1
10985,10990,10987.5,2.86882e-05,0.000143441,2
11020,11025,11022.5,1.43441e-05,7.17206e-05,1
11040,11045,11042.5,1.43441e-05,7.17206e-05,1
11060,11065,11062.5,2.86882e-05,0.000143441,2
11065,11070,11067.5,1.43441e-05,7.17206e-05,1
11080,11085,11082.5,1.43441e-05,7.17206e-05,1
11100,11105,11102.5,1.43441e-05,7.17206e-05,1
11105,11110,11107.5,1.43441e-05,7.17206e-05,1
11130,11135,11132.5,1.43441e-05,7.17206e-05,1
11145,11150,11147.5,2.86882e-05,0.000143441,2
11175,11180,11177.5,1.43441e-05,7.17206e-05,1
11190,11195,11192.5,1.43441e-05,7.17206e-05,1
11200,11205,11202.5,1.43441e-05,7.17206e-05,1
11220,11225,11222.5,1.43441e-05,7.17206e-05,1
11230,11235,11232.5,1.43441e-05,7.17206e-05,1
11235,11240,11237.5,1.43441e-05,7.17206e-05,1
11240,11245,11242.5,1.43441e-05,7.17206e-05,1
11245,11250,11247.5,1.43441e-05,7.17206e-05,1
11265,11270,11267.5,1.43441e-05,7.17206e-05,1
11280,11285,11282.5,1.43441e-05,7.17206e-05,1
11290,11295,11292.5,1.43441e-05,7.17206e-05,1
11305,11310,11307.5,1.43441e-05,7.17206e-05,1
11315,11320,11317.5,1.43441e-05,7.17206e-05,1
11320,11325,11322.5,1.43441e-05,7.17206e-05,1
11340,11345,11342.5,2.86882e-05,0.000143441,2
11345,11350,11347.5,1.43441e-05,7.17206e-05,1
11350,11355,11352.5,1.43441e-05,7.17206e-05,1
11365,11370,11367.5,1.43441e-05,7.17206e-05,1
11390,11395,11392.5,1.43441e-05,7.17206e-05,1
11405,11410,11407.5,1.43441e-05,7.17206e-05,1
11410,11415,11412.5,1.43441e-05,7.17206e-05,1
11430,11435,11432.5,1.43441e-05,7.17206e-05,1
11435,11440,11437.5,1.43441e-05,7.17206e-05,1
11460,11465,11462.5,1.43441e-05,7.17206e-05,1
11475,11480,11477.5,1.43441e-05,7.17206e-05,1
11485,11490,11487.5,1.43441e-05,7.17206e-05,1
11530,11535,11532.5,1.43441e-05,7.17206e-05,1
11535,11540,11537.5,1.43441e-05,7.17206e-05,1
11550,11555,11552.5,1.43441e-05,7.17206e-05,1
11555,11560,11557.5,1.43441e-05,7.17206e-05,1
11570,11575,11572.5,1.43441e-05,7.17206e-05,1
11575,11580,11577.5,1.43441e-05,7.17206e-05,1
11580,11585,11582.5,1.43441e-05,7.17206e-05,1
11590,11595,11592.5,1.43441e-05,7.17206e-05,1
11600,11605,11602.5,1.43441e-05,7.17206e-05,1
11605,11610,11607.5,2.86882e-05,0.000143441,2
11625,11630,11627.5,2.86882e-05,0.000143441,2
11630,11635,11632.5,1.43441e-05,7.17206e-05,1
11680,11685,11682.5,1.43441e-05,7.17206e-05,1
11700,11705,11702.5,1.43441e-05,7.17206e-05,1
11705,11710,11707.5,1.43441e-05,7.17206e-05,1
11715,11720,11717.5,1.43441e-05,7.17206e-05,1
11760,11765,11762.5,1.43441e-05,7.17206e-05,1
11765,11770,11767.5,1.43441e-05,7.17206e-05,1
11775,11780,11777.5,1.43441e-05,7.17206e-05,1
11785,11790,11787.5,1.43441e-05,7.17206e-05,1
11795,11800,11797.5,1.43441e-05,7.17206e-05,1
11800,11805,11802.5,2.86882e-05,0.000143441,2
11805,11810,11807.5,1.43441e-05,7.17206e-05,1
11840,11845,11842.5,4.30323e-05,0.000215162,3
11890,11895,11892.5,1.43441e-05,7.17206e-05,1
11895,11900,11897.5,1.43441e-05,7.17206e-05,1
11900,11905,11902.5,1.43441e-05,7.17206e-05,1
11910,11915,11912.5,1.43441e-05,7.17206e-05,1
11915,11920,11917.5,1.43441e-05,7.17206e-05,1
11930,11935,11932.5,1.43441e-05,7.17206e-05,1
11955,11960,11957.5,1.43441e-05,7.17206e-05,1
11960,11965,11962.5,1.43441e-05,7.17206e-05,1
11975,11980,11977.5,1.43441e-05,7.17206e-05,1
11980,11985,11982.5,1.43441e-05,7.17206e-05,1
12035,12040,12037.5,1.43441e-05,7.17206e-05,1
12040,12045,12042.5,1.43441e-05,7.17206e-05,1
12050,12055,12052.5,1.43441e-05,7.17206e-05,1
12065,12070,12067.5,1.43441e-05,7.17206e-05,1
12110,12115,12112.5,2.86882e-05,0.000143441,2
12130,12135,12132.5,1.43441e-05,7.17206e-05,1
12145,12150,12147.5,1.43441e-05,7.17206e-05,1
12150,12155,12152.5,1.43441e-05,7.17206e-05,1
12230,12235,12232.5,1.43441e-05,7.17206e-05,1
12240,12245,12242.5,1.43441e-05,7.17206e-05,1
12250,12255,12252.5,2.86882e-05,0.000143441,2
12270,12275,12272.5,2.86882e-05,0.000143441,2
12290,12295,12292.5,1.43441e-05,7.17206e-05,1
12295,12300,12297.5,1.43441e-05,7.17206e-05,1
12335,12340,12337.5,1.43441e-05,7.17206e-05,1
12345,12350,12347.5,1.43441e-05,7.17206e-05,1
12360,12365,12362.5,1.43441e-05,7.17206e-05,1
12365,12370,12367.5,1.43441e-05,7.17206e-05,1
12375,12380,12377.5,1.43441e-05,7.17206e-05,1
12385,12390,12387.5,4.30323e-05,0.000215162,3
12435,12440,12437.5,1.43441e-05,7.17206e-05,1
12500,12505,12502.5,1.43441e-05,7.17206e-05,1
12510,12515,12512.5,1.43441e-05,7.17206e-05,1
12525,12530,12527.5,1.43441e-05,7.17206e-05,1
12535,12540,12537.5,1.43441e-05,7.17206e-05,1
12550,12555,12552.5,1.43441e-05,7.17206e-05,1
12555,12560,12557.5,1.43441e-05,7.17206e-05,1
12575,12580,12577.5,1.43441e-05,7.17206e-05,1
12585,12590,12587.5,1.43441e-05,7.17206e-05,1
12610,12615,12612.5,1.43441e-05,7.17206e-05,1
12620,12625,12622.5,1.43441e-05,7.17206e-05,1
12655,12660,12657.5,1.43441e-05,7.17206e-05,1
12665,12670,12667.5,1.43441e-05,7.17206e-05,1
12675,12680,12677.5,1.43441e-05,7.17206e-05,1
12685,12690,12687.5,2.86882e-05,0.000143441,2
12710,12715,12712.5,1.43441e-05,7.17206e-05,1
12770,12775,12772.5,1.43441e-05,7.17206e-05,1
12775,12780,12777.5,1.43441e-05,7.17206e-05,1
12810,12815,12812.5,1.43441e-05,7.17206e-05,1
12840,12845,12842.5,1.43441e-05,7.17206e-05,1
12900,12905,12902.5,1.43441e-05,7.17206e-05,1
12950,12955,12952.5,1.43441e-05,7.17206e-05,1
12970,12975,12972.5,1.43441e-05,7.17206e-05,1
13015,13020,13017.5,1.43441e-05,7.17206e-05,1
13025,13030,13027.5,1.43441e-05,7.17206e-05,1
13080,13085,13082.5,1.43441e-05,7.17206e-05,1
13095,13100,13097.5,1.43441e-05,7.17206e-05,1
13120,13125,13122.5,1.43441e-05,7.17206e-05,1
13180,13185,13182.5,2.86882e-05,0.000143441,2
13230,13235,13232.5,1.43441e-05,7.17206e-05,1
13275,13280,13277.5,1.43441e-05,7.17206e-05,1
13280,13285,13282.5,1.43441e-05,7.17206e-05,1
13285,13290,13287.5,1.43441e-05,7.17206e-05,1
13290,13295,13292.5,1.43441e-05,7.17206e-05,1
13295,13300,13297.5,1.43441e-05,7.17206e-05,1
13370,13375,13372.5,2.86882e-05,0.000143441,2
13395,13400,13397.5,1.43441e-05,7.17206e-05,1
13460,13465,13462.5,1.43441e-05,7.17206e-05,1
13475,13480,13477.5,1.43441e-05,7.17206e-05,1
13545,13550,13547.5,1.43441e-05,7.17206e-05,1
13600,13605,13602.5,1.43441e-05,7.17206e-05,1
13610,13615,13612.5,1.43441e-05,7.17206e-05,1
13650,13655,13652.5,1.43441e-05,7.17206e-05,1
13770,13775,13772.5,1.43441e-05,7.17206e-05,1
13810,13815,13812.5,1.43441e-05,7.17206e-05,1
13855,13860,13857.5,1.43441e-05,7.17206e-05,1
13865,13870,13867.5,1.43441e-05,7.17206e-05,1
13885,13890,13887.5,1.43441e-05,7.17206e-05,1
13905,13910,13907.5,1.43441e-05,7.17206e-05,1
13920,13925,13922.5,4.30323e-05,0.000215162,3
13940,13945,13942.5,1.43441e-05,7.17206e-05,1
13995,14000,13997.5,1.43441e-05,7.17206e-05,1
14000,14005,14002.5,1.43441e-05,7.17206e-05,1
14025,14030,14027.5,1.43441e-05,7.17206e-05,1
14030,14035,14032.5,1.43441e-05,7.17206e-05,1
14060,14065,14062.5,1.43441e-05,7.17206e-05,1
14095,14100,14097.5,1.43441e-05,7.17206e-05,1
14110,14115,14112.5,1.43441e-05,7.17206e-05,1
14145,14150,14147.5,2.86882e-05,0.000143441,2
14170,14175,14172.5,1.43441e-05,7.17206e-05,1
14220,14225,14222.5,2.86882e-05,0.000143441,2
14275,14280,14277.5,1.43441e-05,7.17206e-05,1
14300,14305,14302.5,1.43441e-05,7.17206e-05,1
14365,14370,14367.5,2.86882e-05,0.000143441,2
14370,14375,14372.5,1.43441e-05,7.17206e-05,1
14375,14380,14377.5,1.43441e-05,7.17206e-05,1
14385,14390,14387.5,1.43441e-05,7.17206e-05,1
14400,14405,14402.5,1.43441e-05,7.17206e-05,1
14430,14435,14432.5,1.43441e-05,7.17206e-05,1
14465,14470,14467.5,1.43441e-05,7.17206e-05,1
14655,14660,14657.5,1.43441e-05,7.17206e-05,1
14670,14675,14672.5,2.86882e-05,0.000143441,2
14805,14810,14807.5,1.43441e-05,7.17206e-05,1
14845,14850,14847.5,1.43441e-05,7.17206e-05,1
14865,14870,14867.5,1.43441e-05,7.17206e-05,1
14890,14895,14892.5,1.43441e-05,7.17206e-05,1
14960,14965,14962.5,1.43441e-05,7.17206e-05,1
14990,14995,14992.5,1.43441e-05,7.17206e-05,1
15005,15010,15007.5,1.43441e-05,7.17206e-05,1
15030,15035,15032.5,1.43441e-05,7.17206e-05,1
15065,15070,15067.5,1.43441e-05,7.17206e-05,1
15075,15080,15077.5,1.43441e-05,7.17206e-05,1
15085,15090,15087.5,1.43441e-05,7.17206e-05,1
15100,15105,15102.5,1.43441e-05,7.17206e-05,1
15150,15155,15152.5,1.43441e-05,7.17206e-05,1
15155,15160,15157.5,1.43441e-05,7.17206e-05,1
15160,15165,15162.5,1.43441e-05,7.17206e-05,1
15175,15180,15177.5,2.86882e-05,0.000143441,2
15200,15205,15202.5,1.43441e-05,7.17206e-05,1
15235,15240,15237.5,2.86882e-05,0.000143441,2
15265,15270,15267.5,1.43441e-05,7.17206e-05,1
15270,15275,15272.5,1.43441e-05,7.17206e-05,1
15295,15300,15297.5,1.43441e-05,7.17206e-05,1
15420,15425,15422.5,1.43441e-05,7.17206e-05,1
15425,15430,15427.5,1.43441e-05,7.17206e-05,1
15435,15440,15437.5,1.43441e-05,7.17206e-05,1
15465,15470,15467.5,1.43441e-05,7.17206e-05,1
15470,15475,15472.5,1.43441e-05,7.17206e-05,1
15505,15510,15507.5,1.43441e-05,7.17206e-05,1
15530,15535,15532.5,2.86882e-05,0.000143441,2
15585,15590,15587.5,1.43441e-05,7.17206e-05,1
15645,15650,15647.5,1.43441e-05,7.17206e-05,1
15675,15680,15677.5,1.43441e-05,7.17206e-05,1
15740,15745,15742.5,1.43441e-05,7.17206e-05,1
15840,15845,15842.5,1.43441e-05,7.17206e-05,1
15895,15900,15897.5,1.43441e-05,7.17206e-05,1
15950,15955,15952.5,1.43441e-05,7.17206e-05,1
15975,15980,15977.5,1.43441e-05,7.17206e-05,1
16000,16005,16002.5,1.43441e-05,7.17206e-05,1
16110,16115,16112.5,1.43441e-05,7.17206e-05,1
16120,16125,16122.5,1.43441e-05,7.17206e-05,1
16135,16140,16137.5,1.43441e-05,7.17206e-05,1
16220,16225,16222.5,1.43441e-05,7.17206e-05,1
16305,16310,16307.5,1.43441e-05,7.17206e-05,1
16360,16365,16362.5,1.43441e-05,7.17206e-05,1
16395,16400,16397.5,1.43441e-05,7.17206e-05,1
16500,16505,16502.5,1.43441e-05,7.17206e-05,1
16645,16650,16647.5,1.43441e-05,7.17206e-05,1
16705,16710,16707.5,2.86882e-05,0.000143441,2
16720,16725,16722.5,1.43441e-05,7.17206e-05,1
16770,16775,16772.5,1.43441e-05,7.17206e-05,1
16785,16790,16787.5,1.43441e-05,7.17206e-05,1
16850,16855,16852.5,1.43441e-05,7.17206e-05,1
16875,16880,16877.5,2.86882e-05,0.000143441,2
16935,16940,16937.5,1.43441e-05,7.17206e-05,1
17035,17040,17037.5,1.43441e-05,7.17206e-05,1
17110,17115,17112.5,1.43441e-05,7.17206e-05,1
17250,17255,17252.5,1.43441e-05,7.17206e-05,1
17310,17315,17312.5,1.43441e-05,7.17206e-05,1
17330,17335,17332.5,1.43441e-05,7.17206e-05,1
17335,17340,17337.5,1.43441e-05,7.17206e-05,1
17395,17400,17397.5,1.43441e-05,7.17206e-05,1
17425,17430,17427.5,1.43441e-05,7.17206e-05,1
17465,17470,17467.5,1.43441e-05,7.17206e-05,1
17515,17520,17517.5,1.43441e-05,7.17206e-05,1
17525,17530,17527.5,1.43441e-05,7.17206e-05,1
17535,17540,17537.5,1.43441e-05,7.17206e-05,1
17660,17665,17662.5,1.43441e-05,7.17206e-05,1
17675,17680,17677.5,1.43441e-05,7.17206e-05,1
17795,17800,17797.5,1.43441e-05,7.17206e-05,1
17805,17810,17807.5,1.43441e-05,7.17206e-05,1
17955,17960,17957.5,1.43441e-05,7.17206e-05,1
17985,17990,17987.5,1.43441e-05,7.17206e-05,1
18030,18035,18032.5,1.43441e-05,7.17206e-05,1
18045,18050,18047.5,1.43441e-05,7.17206e-05,1
18115,18120,18117.5,1.43441e-05,7.17206e-05,1
18195,18200,18197.5,1.43441e-05,7.17206e-05,1
18200,18205,18202.5,1.43441e-05,7.17206e-05,1
18210,18215,18212.5,1.43441e-05,7.17206e-05,1
18290,18295,18292.5,1.43441e-05,7.17206e-05,1
18300,18305,18302.5,1.43441e-05,7.17206e-05,1
18365,18370,18367.5,1.43441e-05,7.17206e-05,1
18470,18475,18472.5,1.43441e-05,7.17206e-05,1
18485,18490,18487.5,1.43441e-05,7.17206e-05,1
18540,18545,18542.5,1.43441e-05,7.17206e-05,1
18650,18655,18652.5,1.43441e-05,7.17206e-05,1
18670,18675,18672.5,1.43441e-05,7.17206e-05,1
18700,18705,18702.5,1.43441e-05,7.17206e-05,1
18745,18750,18747.5,1.43441e-05,7.17206e-05,1
18765,18770,18767.5,1.43441e-05,7.17206e-05,1
18885,18890,18887.5,1.43441e-05,7.17206e-05,1
18890,18895,18892.5,1.43441e-05,7.17206e-05,1
19030,19035,19032.5,1.43441e-05,7.17206e-05,1
19135,19140,19137.5,1.43441e-05,7.17206e-05,1
19170,19175,19172.5,1.43441e-05,7.17206e-05,1
19360,19365,19362.5,1.43441e-05,7.17206e-05,1
19485,19490,19487.5,1.43441e-05,7.17206e-05,1
19505,19510,19507.5,1.43441e-05,7.17206e-05,1
19520,19525,19522.5,1.43441e-05,7.17206e-05,1
19535,19540,19537.5,1.43441e-05,7.17206e-05,1
19655,19660,19657.5,1.43441e-05,7.17206e-05,1
19685,19690,19687.5,1.43441e-05,7.17206e-05,1
19810,19815,19812.5,1.43441e-05,7.17206e-05,1
19840,19845,19842.5,1.43441e-05,7.17206e-05,1
19970,19975,19972.5,1.43441e-05,7.17206e-05,1
20170,20175,20172.5,1.43441e-05,7.17206e-05,1
20255,20260,20257.5,1.43441e-05,7.17206e-05,1
20335,20340,20337.5,1.43441e-05,7.17206e-05,1
20675,20680,20677.5,1.43441e-05,7.17206e-05,1
20800,20805,20802.5,1.43441e-05,7.17206e-05,1
20915,20920,20917.5,1.43441e-05,7.17206e-05,1
20925,20930,20927.5,1.43441e-05,7.17206e-05,1
20995,21000,20997.5,1.43441e-05,7.17206e-05,1
21170,21175,21172.5,1.43441e-05,7.17206e-05,1
21245,21250,21247.5,1.43441e-05,7.17206e-05,1
21260,21265,21262.5,1.43441e-05,7.17206e-05,1
21575,21580,21577.5,2.86882e-05,0.000143441,2
21640,21645,21642.5,1.43441e-05,7.17206e-05,1
21685,21690,21687.5,1.43441e-05,7.17206e-05,1
21925,21930,21927.5,1.43441e-05,7.17206e-05,1
22300,22305,22302.5,1.43441e-05,7.17206e-05,1
22550,22555,22552.5,1.43441e-05,7.17206e-05,1
22555,22560,22557.5,1.43441e-05,7.17206e-05,1
22610,22615,22612.5,1.43441e-05,7.17206e-05,1
22615,22620,22617.5,1.43441e-05,7.17206e-05,1
22680,22685,22682.5,1.43441e-05,7.17206e-05,1
22885,22890,22887.5,1.43441e-05,7.17206e-05,1
23165,23170,23167.5,1.43441e-05,7.17206e-05,1
23470,23475,23472.5,1.43441e-05,7.17206e-05,1
23520,23525,23522.5,1.43441e-05,7.17206e-05,1
23835,23840,23837.5,1.43441e-05,7.17206e-05,1
24280,24285,24282.5,1.43441e-05,7.17206e-05,1
24410,24415,24412.5,1.43441e-05,7.17206e-05,1
24450,24455,24452.5,1.43441e-05,7.17206e-05,1
25130,25135,25132.5,1.43441e-05,7.17206e-05,1
25440,25445,25442.5,1.43441e-05,7.17206e-05,1
25800,25805,25802.5,1.43441e-05,7.17206e-05,1
25955,25960,25957.5,1.43441e-05,7.17206e-05,1
26000,26005,26002.5,1.43441e-05,7.17206e-05,1
26035,26040,26037.5,1.43441e-05,7.17206e-05,1
26110,26115,26112.5,1.43441e-05,7.17206e-05,1
26280,26285,26282.5,1.43441e-05,7.17206e-05,1
26430,26435,26432.5,1.43441e-05,7.17206e-05,1
26565,26570,26567.5,1.43441e-05,7.17206e-05,1
26685,26690,26687.5,1.43441e-05,7.17206e-05,1
26765,26770,26767.5,1.43441e-05,7.17206e-05,1
27505,27510,27507.5,1.43441e-05,7.17206e-05,1
27735,27740,27737.5,1.43441e-05,7.17206e-05,1
28365,28370,28367.5,1.43441e-05,7.17206e-05,1
31245,31250,31247.5,1.43441e-05,7.17206e-05,1
32575,32580,32577.5,1.43441e-05,7.17206e-05,1
33210,33215,33212.5,1.43441e-05,7.17206e-05,1
33360,33365,33362.5,1.43441e-05,7.17206e-05,1
33675,33680,33677.5,1.43441e-05,7.17206e-05,1
33840,33845,33842.5,1.43441e-05,7.17206e-05,1
33985,33990,33987.5,1.43441e-05,7.17206e-05,1
35110,35115,35112.5,1.43441e-05,7.17206e-05,1
40655,40660,40657.5,1.43441e-05,7.17206e-05,1
44430,44435,44432.5,1.43441e-05,7.17206e-05,1
VO Delay PDF CSV saved: /home/nathanlo/ns-3.45/scratch/delay_pdf/11be/adaptive_compare_burst/adaptive3_k30_s_all.csv

P-EDCA STA Delay PDF CSV saved: /home/nathanlo/ns-3.45/scratch/delay_pdf/11be/adaptive_compare_burst/adaptive3_k30_s.csv
--- EXTENDED_STATS_BEGIN ---
PEDCA_STA_SUCC_COUNT: 13944
PEDCA_STA_FAIL_COUNT: 197
PEDCA_STA_ZERO_RETX: 13938
LEGACY_STA_SUCC_COUNT: 0
LEGACY_STA_FAIL_COUNT: 0
LEGACY_STA_ZERO_RETX: 0
PEDCA_STA_AVG_MAC_DELAY: 2416.21
PEDCA_STA_AVG_QUEUE_DELAY: 2105.29
PEDCA_STA_AVG_ACCESS_DELAY: 310.921
--- EXTENDED_STATS_END ---
.4244e-05,7.122e-05,1
18145,18150,18147.5,1.4244e-05,7.122e-05,1
18160,18165,18162.5,1.4244e-05,7.122e-05,1
18215,18220,18217.5,1.4244e-05,7.122e-05,1
18230,18235,18232.5,1.4244e-05,7.122e-05,1
18250,18255,18252.5,1.4244e-05,7.122e-05,1
18300,18305,18302.5,2.8488e-05,0.00014244,2
18335,18340,18337.5,1.4244e-05,7.122e-05,1
18350,18355,18352.5,1.4244e-05,7.122e-05,1
18405,18410,18407.5,1.4244e-05,7.122e-05,1
18580,18585,18582.5,1.4244e-05,7.122e-05,1
18625,18630,18627.5,1.4244e-05,7.122e-05,1
18645,18650,18647.5,1.4244e-05,7.122e-05,1
18725,18730,18727.5,1.4244e-05,7.122e-05,1
18745,18750,18747.5,1.4244e-05,7.122e-05,1
18830,18835,18832.5,1.4244e-05,7.122e-05,1
18850,18855,18852.5,1.4244e-05,7.122e-05,1
18890,18895,18892.5,1.4244e-05,7.122e-05,1
18895,18900,18897.5,1.4244e-05,7.122e-05,1
19010,19015,19012.5,1.4244e-05,7.122e-05,1
19100,19105,19102.5,1.4244e-05,7.122e-05,1
19145,19150,19147.5,1.4244e-05,7.122e-05,1
19435,19440,19437.5,1.4244e-05,7.122e-05,1
19525,19530,19527.5,1.4244e-05,7.122e-05,1
19595,19600,19597.5,1.4244e-05,7.122e-05,1
19630,19635,19632.5,1.4244e-05,7.122e-05,1
19665,19670,19667.5,1.4244e-05,7.122e-05,1
19725,19730,19727.5,1.4244e-05,7.122e-05,1
19780,19785,19782.5,1.4244e-05,7.122e-05,1
19785,19790,19787.5,1.4244e-05,7.122e-05,1
19820,19825,19822.5,1.4244e-05,7.122e-05,1
19880,19885,19882.5,1.4244e-05,7.122e-05,1
19890,19895,19892.5,1.4244e-05,7.122e-05,1
19960,19965,19962.5,2.8488e-05,0.00014244,2
20020,20025,20022.5,1.4244e-05,7.122e-05,1
20115,20120,20117.5,1.4244e-05,7.122e-05,1
20385,20390,20387.5,2.8488e-05,0.00014244,2
20395,20400,20397.5,1.4244e-05,7.122e-05,1
20445,20450,20447.5,1.4244e-05,7.122e-05,1
20475,20480,20477.5,1.4244e-05,7.122e-05,1
20705,20710,20707.5,1.4244e-05,7.122e-05,1
20870,20875,20872.5,1.4244e-05,7.122e-05,1
21070,21075,21072.5,1.4244e-05,7.122e-05,1
21090,21095,21092.5,1.4244e-05,7.122e-05,1
21210,21215,21212.5,1.4244e-05,7.122e-05,1
21215,21220,21217.5,1.4244e-05,7.122e-05,1
21325,21330,21327.5,1.4244e-05,7.122e-05,1
21330,21335,21332.5,1.4244e-05,7.122e-05,1
21370,21375,21372.5,1.4244e-05,7.122e-05,1
21580,21585,21582.5,1.4244e-05,7.122e-05,1
21620,21625,21622.5,1.4244e-05,7.122e-05,1
21640,21645,21642.5,1.4244e-05,7.122e-05,1
21700,21705,21702.5,1.4244e-05,7.122e-05,1
21735,21740,21737.5,1.4244e-05,7.122e-05,1
21740,21745,21742.5,1.4244e-05,7.122e-05,1
21755,21760,21757.5,1.4244e-05,7.122e-05,1
21860,21865,21862.5,1.4244e-05,7.122e-05,1
22085,22090,22087.5,1.4244e-05,7.122e-05,1
22090,22095,22092.5,1.4244e-05,7.122e-05,1
22395,22400,22397.5,1.4244e-05,7.122e-05,1
22500,22505,22502.5,1.4244e-05,7.122e-05,1
22670,22675,22672.5,1.4244e-05,7.122e-05,1
22685,22690,22687.5,1.4244e-05,7.122e-05,1
22830,22835,22832.5,1.4244e-05,7.122e-05,1
22910,22915,22912.5,1.4244e-05,7.122e-05,1
22915,22920,22917.5,1.4244e-05,7.122e-05,1
23045,23050,23047.5,1.4244e-05,7.122e-05,1
23165,23170,23167.5,1.4244e-05,7.122e-05,1
23220,23225,23222.5,1.4244e-05,7.122e-05,1
23525,23530,23527.5,1.4244e-05,7.122e-05,1
23575,23580,23577.5,1.4244e-05,7.122e-05,1
23785,23790,23787.5,1.4244e-05,7.122e-05,1
23805,23810,23807.5,1.4244e-05,7.122e-05,1
23905,23910,23907.5,1.4244e-05,7.122e-05,1
23925,23930,23927.5,1.4244e-05,7.122e-05,1
24025,24030,24027.5,1.4244e-05,7.122e-05,1
24140,24145,24142.5,1.4244e-05,7.122e-05,1
24235,24240,24237.5,1.4244e-05,7.122e-05,1
24260,24265,24262.5,1.4244e-05,7.122e-05,1
24450,24455,24452.5,1.4244e-05,7.122e-05,1
24555,24560,24557.5,1.4244e-05,7.122e-05,1
24590,24595,24592.5,1.4244e-05,7.122e-05,1
24610,24615,24612.5,1.4244e-05,7.122e-05,1
24690,24695,24692.5,1.4244e-05,7.122e-05,1
24710,24715,24712.5,1.4244e-05,7.122e-05,1
24800,24805,24802.5,1.4244e-05,7.122e-05,1
24855,24860,24857.5,1.4244e-05,7.122e-05,1
24950,24955,24952.5,1.4244e-05,7.122e-05,1
25080,25085,25082.5,1.4244e-05,7.122e-05,1
25305,25310,25307.5,1.4244e-05,7.122e-05,1
25410,25415,25412.5,1.4244e-05,7.122e-05,1
25600,25605,25602.5,1.4244e-05,7.122e-05,1
25695,25700,25697.5,1.4244e-05,7.122e-05,1
25740,25745,25742.5,1.4244e-05,7.122e-05,1
25780,25785,25782.5,1.4244e-05,7.122e-05,1
25805,25810,25807.5,1.4244e-05,7.122e-05,1
26290,26295,26292.5,1.4244e-05,7.122e-05,1
26355,26360,26357.5,1.4244e-05,7.122e-05,1
26585,26590,26587.5,1.4244e-05,7.122e-05,1
26955,26960,26957.5,1.4244e-05,7.122e-05,1
27025,27030,27027.5,1.4244e-05,7.122e-05,1
27250,27255,27252.5,1.4244e-05,7.122e-05,1
27300,27305,27302.5,1.4244e-05,7.122e-05,1
27480,27485,27482.5,1.4244e-05,7.122e-05,1
27790,27795,27792.5,1.4244e-05,7.122e-05,1
28290,28295,28292.5,1.4244e-05,7.122e-05,1
28345,28350,28347.5,1.4244e-05,7.122e-05,1
28370,28375,28372.5,1.4244e-05,7.122e-05,1
28415,28420,28417.5,1.4244e-05,7.122e-05,1
28420,28425,28422.5,1.4244e-05,7.122e-05,1
28620,28625,28622.5,1.4244e-05,7.122e-05,1
29195,29200,29197.5,1.4244e-05,7.122e-05,1
29480,29485,29482.5,1.4244e-05,7.122e-05,1
29945,29950,29947.5,1.4244e-05,7.122e-05,1
30085,30090,30087.5,1.4244e-05,7.122e-05,1
31125,31130,31127.5,1.4244e-05,7.122e-05,1
32020,32025,32022.5,1.4244e-05,7.122e-05,1
33640,33645,33642.5,1.4244e-05,7.122e-05,1
33705,33710,33707.5,1.4244e-05,7.122e-05,1
33835,33840,33837.5,1.4244e-05,7.122e-05,1
34220,34225,34222.5,1.4244e-05,7.122e-05,1
34470,34475,34472.5,1.4244e-05,7.122e-05,1
34590,34595,34592.5,1.4244e-05,7.122e-05,1
34840,34845,34842.5,1.4244e-05,7.122e-05,1
35115,35120,35117.5,1.4244e-05,7.122e-05,1
36005,36010,36007.5,1.4244e-05,7.122e-05,1
36140,36145,36142.5,1.4244e-05,7.122e-05,1
38055,38060,38057.5,1.4244e-05,7.122e-05,1
38960,38965,38962.5,1.4244e-05,7.122e-05,1
39295,39300,39297.5,1.4244e-05,7.122e-05,1
39680,39685,39682.5,1.4244e-05,7.122e-05,1
41855,41860,41857.5,1.4244e-05,7.122e-05,1
48030,48035,48032.5,1.4244e-05,7.122e-05,1
VO Delay PDF CSV saved: /home/nathanlo/ns-3.45/scratch/delay_pdf/11be/adaptive_compare_burst/adaptive3_k30_s_all.csv

P-EDCA STA Delay PDF CSV saved: /home/nathanlo/ns-3.45/scratch/delay_pdf/11be/adaptive_compare_burst/adaptive3_k30_s.csv
--- EXTENDED_STATS_BEGIN ---
PEDCA_STA_SUCC_COUNT: 14041
PEDCA_STA_FAIL_COUNT: 368
PEDCA_STA_ZERO_RETX: 14027
LEGACY_STA_SUCC_COUNT: 0
LEGACY_STA_FAIL_COUNT: 0
LEGACY_STA_ZERO_RETX: 0
PEDCA_STA_AVG_MAC_DELAY: 2720.44
PEDCA_STA_AVG_QUEUE_DELAY: 2383.89
PEDCA_STA_AVG_ACCESS_DELAY: 336.559
--- EXTENDED_STATS_END ---
92.5,1.42197e-05,7.10985e-05,1
23205,23210,23207.5,1.42197e-05,7.10985e-05,1
23220,23225,23222.5,1.42197e-05,7.10985e-05,1
23250,23255,23252.5,1.42197e-05,7.10985e-05,1
23305,23310,23307.5,1.42197e-05,7.10985e-05,1
23345,23350,23347.5,1.42197e-05,7.10985e-05,1
23395,23400,23397.5,1.42197e-05,7.10985e-05,1
23410,23415,23412.5,1.42197e-05,7.10985e-05,1
23675,23680,23677.5,1.42197e-05,7.10985e-05,1
23980,23985,23982.5,1.42197e-05,7.10985e-05,1
24125,24130,24127.5,1.42197e-05,7.10985e-05,1
24260,24265,24262.5,1.42197e-05,7.10985e-05,1
24280,24285,24282.5,1.42197e-05,7.10985e-05,1
24295,24300,24297.5,1.42197e-05,7.10985e-05,1
24320,24325,24322.5,1.42197e-05,7.10985e-05,1
24475,24480,24477.5,1.42197e-05,7.10985e-05,1
24480,24485,24482.5,1.42197e-05,7.10985e-05,1
24735,24740,24737.5,1.42197e-05,7.10985e-05,1
24960,24965,24962.5,1.42197e-05,7.10985e-05,1
25095,25100,25097.5,1.42197e-05,7.10985e-05,1
25175,25180,25177.5,1.42197e-05,7.10985e-05,1
25250,25255,25252.5,1.42197e-05,7.10985e-05,1
25290,25295,25292.5,1.42197e-05,7.10985e-05,1
25340,25345,25342.5,1.42197e-05,7.10985e-05,1
25385,25390,25387.5,1.42197e-05,7.10985e-05,1
25440,25445,25442.5,1.42197e-05,7.10985e-05,1
25515,25520,25517.5,1.42197e-05,7.10985e-05,1
25650,25655,25652.5,1.42197e-05,7.10985e-05,1
25685,25690,25687.5,1.42197e-05,7.10985e-05,1
25825,25830,25827.5,1.42197e-05,7.10985e-05,1
25835,25840,25837.5,1.42197e-05,7.10985e-05,1
25845,25850,25847.5,1.42197e-05,7.10985e-05,1
25925,25930,25927.5,1.42197e-05,7.10985e-05,1
26005,26010,26007.5,1.42197e-05,7.10985e-05,1
26135,26140,26137.5,1.42197e-05,7.10985e-05,1
26280,26285,26282.5,1.42197e-05,7.10985e-05,1
26315,26320,26317.5,1.42197e-05,7.10985e-05,1
26330,26335,26332.5,1.42197e-05,7.10985e-05,1
26340,26345,26342.5,1.42197e-05,7.10985e-05,1
26395,26400,26397.5,1.42197e-05,7.10985e-05,1
26470,26475,26472.5,1.42197e-05,7.10985e-05,1
27345,27350,27347.5,1.42197e-05,7.10985e-05,1
27410,27415,27412.5,1.42197e-05,7.10985e-05,1
28110,28115,28112.5,1.42197e-05,7.10985e-05,1
28330,28335,28332.5,1.42197e-05,7.10985e-05,1
28505,28510,28507.5,1.42197e-05,7.10985e-05,1
28895,28900,28897.5,1.42197e-05,7.10985e-05,1
28995,29000,28997.5,1.42197e-05,7.10985e-05,1
29095,29100,29097.5,1.42197e-05,7.10985e-05,1
29130,29135,29132.5,1.42197e-05,7.10985e-05,1
30080,30085,30082.5,1.42197e-05,7.10985e-05,1
30135,30140,30137.5,1.42197e-05,7.10985e-05,1
30895,30900,30897.5,1.42197e-05,7.10985e-05,1
30995,31000,30997.5,1.42197e-05,7.10985e-05,1
31235,31240,31237.5,1.42197e-05,7.10985e-05,1
31800,31805,31802.5,1.42197e-05,7.10985e-05,1
32345,32350,32347.5,1.42197e-05,7.10985e-05,1
32360,32365,32362.5,1.42197e-05,7.10985e-05,1
32590,32595,32592.5,1.42197e-05,7.10985e-05,1
32695,32700,32697.5,1.42197e-05,7.10985e-05,1
32855,32860,32857.5,1.42197e-05,7.10985e-05,1
34120,34125,34122.5,1.42197e-05,7.10985e-05,1
35675,35680,35677.5,1.42197e-05,7.10985e-05,1
36735,36740,36737.5,1.42197e-05,7.10985e-05,1
36865,36870,36867.5,1.42197e-05,7.10985e-05,1
37255,37260,37257.5,1.42197e-05,7.10985e-05,1
37750,37755,37752.5,1.42197e-05,7.10985e-05,1
39030,39035,39032.5,1.42197e-05,7.10985e-05,1
40425,40430,40427.5,1.42197e-05,7.10985e-05,1
41065,41070,41067.5,1.42197e-05,7.10985e-05,1
43290,43295,43292.5,1.42197e-05,7.10985e-05,1
45705,45710,45707.5,1.42197e-05,7.10985e-05,1
VO Delay PDF CSV saved: /home/nathanlo/ns-3.45/scratch/delay_pdf/11be/adaptive_compare_burst/adaptive3_k30_s_all.csv

P-EDCA STA Delay PDF CSV saved: /home/nathanlo/ns-3.45/scratch/delay_pdf/11be/adaptive_compare_burst/adaptive3_k30_s.csv
--- EXTENDED_STATS_BEGIN ---
PEDCA_STA_SUCC_COUNT: 14065
PEDCA_STA_FAIL_COUNT: 383
PEDCA_STA_ZERO_RETX: 14052
LEGACY_STA_SUCC_COUNT: 0
LEGACY_STA_FAIL_COUNT: 0
LEGACY_STA_ZERO_RETX: 0
PEDCA_STA_AVG_MAC_DELAY: 2670.45
PEDCA_STA_AVG_QUEUE_DELAY: 2337.32
PEDCA_STA_AVG_ACCESS_DELAY: 333.136
--- EXTENDED_STATS_END ---
