[INFO] std::clog redirected to: /dev/null

--- Per-STA P-EDCA Detail ---
  STA0: DS-CTS=1 S2Entry=1 S2Tx=1 PedcaOK=1 EdcaOK=0 FailCTS=0 FailColl=0 FailExp=0 Defer=0
  STA1: DS-CTS=48 S2Entry=48 S2Tx=30 PedcaOK=28 EdcaOK=553 FailCTS=1 FailColl=1 FailExp=0 Defer=0
  STA2: DS-CTS=221 S2Entry=221 S2Tx=126 PedcaOK=111 EdcaOK=308 FailCTS=5 FailColl=10 FailExp=0 Defer=0
  STA3: DS-CTS=25 S2Entry=25 S2Tx=17 PedcaOK=15 EdcaOK=793 FailCTS=1 FailColl=1 FailExp=0 Defer=3
  STA4: DS-CTS=5 S2Entry=5 S2Tx=5 PedcaOK=2 EdcaOK=3 FailCTS=3 FailColl=0 FailExp=0 Defer=0
  STA5: DS-CTS=158 S2Entry=158 S2Tx=99 PedcaOK=85 EdcaOK=481 FailCTS=1 FailColl=13 FailExp=0 Defer=0
  STA6: DS-CTS=275 S2Entry=275 S2Tx=162 PedcaOK=149 EdcaOK=374 FailCTS=5 FailColl=8 FailExp=0 Defer=0
  STA7: DS-CTS=96 S2Entry=96 S2Tx=63 PedcaOK=58 EdcaOK=343 FailCTS=3 FailColl=2 FailExp=0 Defer=0
  STA8: DS-CTS=140 S2Entry=140 S2Tx=84 PedcaOK=74 EdcaOK=345 FailCTS=3 FailColl=7 FailExp=0 Defer=4
  STA9: DS-CTS=236 S2Entry=236 S2Tx=144 PedcaOK=123 EdcaOK=394 FailCTS=4 FailColl=17 FailExp=0 Defer=3
  STA10: DS-CTS=243 S2Entry=243 S2Tx=126 PedcaOK=105 EdcaOK=365 FailCTS=3 FailColl=18 FailExp=0 Defer=2
  STA11: DS-CTS=179 S2Entry=179 S2Tx=99 PedcaOK=89 EdcaOK=265 FailCTS=2 FailColl=8 FailExp=0 Defer=2
  STA12: DS-CTS=101 S2Entry=101 S2Tx=65 PedcaOK=60 EdcaOK=589 FailCTS=1 FailColl=4 FailExp=0 Defer=0
  STA13: DS-CTS=202 S2Entry=202 S2Tx=120 PedcaOK=108 EdcaOK=340 FailCTS=2 FailColl=10 FailExp=0 Defer=0
  STA14: DS-CTS=214 S2Entry=214 S2Tx=123 PedcaOK=108 EdcaOK=247 FailCTS=3 FailColl=12 FailExp=0 Defer=0
  STA15: DS-CTS=146 S2Entry=146 S2Tx=90 PedcaOK=82 EdcaOK=402 FailCTS=1 FailColl=7 FailExp=0 Defer=2
  STA16: DS-CTS=38 S2Entry=38 S2Tx=26 PedcaOK=25 EdcaOK=428 FailCTS=0 FailColl=1 FailExp=0 Defer=0
  STA17: DS-CTS=162 S2Entry=162 S2Tx=103 PedcaOK=90 EdcaOK=466 FailCTS=6 FailColl=7 FailExp=0 Defer=0
  STA18: DS-CTS=1 S2Entry=1 S2Tx=1 PedcaOK=0 EdcaOK=1 FailCTS=1 FailColl=0 FailExp=0 Defer=0
  STA19: DS-CTS=109 S2Entry=109 S2Tx=58 PedcaOK=52 EdcaOK=290 FailCTS=4 FailColl=2 FailExp=0 Defer=5
  STA20: DS-CTS=1 S2Entry=1 S2Tx=1 PedcaOK=1 EdcaOK=0 FailCTS=0 FailColl=0 FailExp=0 Defer=0
  STA21: DS-CTS=137 S2Entry=137 S2Tx=85 PedcaOK=79 EdcaOK=241 FailCTS=0 FailColl=6 FailExp=0 Defer=10
  STA22: DS-CTS=223 S2Entry=223 S2Tx=125 PedcaOK=101 EdcaOK=282 FailCTS=5 FailColl=19 FailExp=0 Defer=0
  STA23: DS-CTS=16 S2Entry=16 S2Tx=13 PedcaOK=13 EdcaOK=562 FailCTS=0 FailColl=0 FailExp=0 Defer=0
  STA24: DS-CTS=246 S2Entry=246 S2Tx=122 PedcaOK=100 EdcaOK=243 FailCTS=5 FailColl=17 FailExp=0 Defer=0
  STA25: DS-CTS=98 S2Entry=98 S2Tx=75 PedcaOK=70 EdcaOK=620 FailCTS=1 FailColl=4 FailExp=0 Defer=3
  STA26: DS-CTS=217 S2Entry=217 S2Tx=107 PedcaOK=94 EdcaOK=284 FailCTS=5 FailColl=8 FailExp=0 Defer=0
  STA27: DS-CTS=178 S2Entry=178 S2Tx=112 PedcaOK=100 EdcaOK=394 FailCTS=3 FailColl=9 FailExp=0 Defer=2
  STA28: DS-CTS=178 S2Entry=178 S2Tx=123 PedcaOK=110 EdcaOK=467 FailCTS=4 FailColl=9 FailExp=0 Defer=0
  STA29: DS-CTS=221 S2Entry=221 S2Tx=116 PedcaOK=95 EdcaOK=145 FailCTS=3 FailColl=18 FailExp=0 Defer=0

=== General Statistics ===
P-EDCA Ratio: 1
P-EDCA STAs: 30/30
P-EDCA Share (Avg Per-STA P-EDCA Tx/Total Tx): 24.4692 %
Avg P-EDCA Attempt Success Rate: 55.4661 %
Global P-EDCA Tx Success: 2128
Global EDCA Tx Success: 10225
Global P-EDCA Attempt (DS-CTS Sent): 4115

--- P-EDCA Detailed Trace ---
Stage 2 Entered: 4115
Stage 2 TX Started: 2421
P-EDCA Fail RTS No CTS: 75
P-EDCA Fail RTS Collision: 218
P-EDCA Fail Timing Expired: 0
P-EDCA Fail Deferral: 36
Total VO TX (P-EDCA+EDCA): 12353
Global P-EDCA Share: 17.2266 %
Global EDCA Share: 82.7734 %
Channel Idle Time (AP): 25.3053 % (1.77137e+06 us / 7e+06 us)
Total Successes:       14105
Total Failures:        402
Total Retransmissions: 13

--- Per-AC Success Statistics ---
AC_BE:
  Successes:         40
  Throughput:        0.0457143 Mbps
  Packet Loss:       36.5079 %
  Avg Retx/MPDU:     0
  Avg Queue Delay:   -1.27239e+06 us (Enqueue->TxStart)
  Avg Access Delay:  1.39348e+06 us (TxStart->Ack)
  Avg MAC Delay:     121091 us (Total: Enqueue->Ack)

AC_VO:
  Successes:         14065
  Throughput:        16.0743 Mbps
  Packet Loss:       2.62393 %
  Avg Retx/MPDU:     0.00092428
  Avg Queue Delay:   2337.32 us (Enqueue->TxStart)
  Avg Access Delay:  333.136 us (TxStart->Ack)
  Avg MAC Delay:     2670.45 us (Total: Enqueue->Ack)

--- Per-AC Failure Statistics ---
AC_BE Failures: 23
AC_VO Failures: 379

--- Failure Reasons by AC ---
  AC_BE EXPIRED_LIFETIME: 23
  AC_VO RETRY_LIMIT: 379


=== Extended P-EDCA vs Legacy Statistics ===

--- [Stat 1] Delay by STA Type ---
P-EDCA STAs (30 STAs):
  Successes:         14065
  Failures:          383
  Throughput:        16.0743 Mbps
  Packet Loss:       2.65089 %
  Avg Queue Delay:   2337.32 us
  Avg Access Delay:  333.136 us
  Avg MAC Delay:     2670.45 us
  Median MAC Delay:  1451 us
  P95 MAC Delay:     9274 us
  P99 MAC Delay:     18853 us
Legacy EDCA STAs (0 STAs):
  Successes:         0
  Failures:          0
  Throughput:        0 Mbps
  Packet Loss:       0 %
  Avg Queue Delay:   0 us
  Avg Access Delay:  0 us
  Avg MAC Delay:     0 us

--- [Stat 2] Per-STA P-EDCA Attempt Count (DS-CTS Sent) ---
  STA0: 1 P-EDCA attempts
  STA1: 48 P-EDCA attempts
  STA2: 221 P-EDCA attempts
  STA3: 25 P-EDCA attempts
  STA4: 5 P-EDCA attempts
  STA5: 158 P-EDCA attempts
  STA6: 275 P-EDCA attempts
  STA7: 96 P-EDCA attempts
  STA8: 140 P-EDCA attempts
  STA9: 236 P-EDCA attempts
  STA10: 243 P-EDCA attempts
  STA11: 179 P-EDCA attempts
  STA12: 101 P-EDCA attempts
  STA13: 202 P-EDCA attempts
  STA14: 214 P-EDCA attempts
  STA15: 146 P-EDCA attempts
  STA16: 38 P-EDCA attempts
  STA17: 162 P-EDCA attempts
  STA18: 1 P-EDCA attempts
  STA19: 109 P-EDCA attempts
  STA20: 1 P-EDCA attempts
  STA21: 137 P-EDCA attempts
  STA22: 223 P-EDCA attempts
  STA23: 16 P-EDCA attempts
  STA24: 246 P-EDCA attempts
  STA25: 98 P-EDCA attempts
  STA26: 217 P-EDCA attempts
  STA27: 178 P-EDCA attempts
  STA28: 178 P-EDCA attempts
  STA29: 221 P-EDCA attempts
  Total: 4115 P-EDCA attempts across 30 P-EDCA STAs
  Avg per P-EDCA STA: 137.167

--- [Stat 3] P-EDCA One-Shot Success Probability ---
  P-EDCA Success / DS-CTS Sent:      2128 / 4115 = 51.7132 %
  P-EDCA Success / Stage2 TX Started: 2128 / 2421 = 87.8976 %  (given RTS was actually sent)

--- [Stat 4] EDCA One-Shot Success Ratio (0 retransmissions) ---
  Legacy STAs: 0 / 0 = 0 %
  P-EDCA STAs: 14052 / 14065 = 99.9076 %  (MAC-level, includes both P-EDCA and EDCA paths)

--- [Stat 5] P-EDCA Kickback-to-EDCA Probability ---
  Total P-EDCA Failures: 329 / 4115 DS-CTS = 7.99514 %
    RTS No CTS:       75 (1.8226 %)
    RTS Collision:    218 (5.29769 %)
    Timing Expired:   0 (0 %)
    Deferral:         36 (0.874848 %)

--- [Stat 6] P-EDCA RTS Collision Probability ---
  RTS Collision / Stage2 TX Started: 218 / 2421 = 9.00454 %
  RTS Collision / DS-CTS Sent:       218 / 4115 = 5.29769 %

--- [Stat 7] P-EDCA Attempts per Successful P-EDCA TX ---
  DS-CTS Sent / P-EDCA Success: 4115 / 2128 = 1.93374 attempts/success
  Stage2 TX / P-EDCA Success:   2421 / 2128 = 1.13769 RTS/success

--- VO Delay PDF (MAC Delay) ---
bin_start_us,bin_end_us,bin_mid_us,pdf_per_us,probability,count
210,215,212.5,1.42197e-05,7.10985e-05,1
215,220,217.5,4.26591e-05,0.000213295,3
220,225,222.5,1.42197e-05,7.10985e-05,1
225,230,227.5,0.000113758,0.000568788,8
230,235,232.5,8.53182e-05,0.000426591,6
235,240,237.5,7.10985e-05,0.000355492,5
240,245,242.5,0.000170636,0.000853182,12
245,250,247.5,4.26591e-05,0.000213295,3
250,255,252.5,8.53182e-05,0.000426591,6
255,260,257.5,8.53182e-05,0.000426591,6
260,265,262.5,0.000170636,0.000853182,12
265,270,267.5,0.000156417,0.000782083,11
270,275,272.5,8.53182e-05,0.000426591,6
275,280,277.5,5.68788e-05,0.000284394,4
280,285,282.5,0.000142197,0.000710985,10
285,290,287.5,7.10985e-05,0.000355492,5
290,295,292.5,4.26591e-05,0.000213295,3
295,300,297.5,9.95379e-05,0.000497689,7
300,305,302.5,9.95379e-05,0.000497689,7
305,310,307.5,2.84394e-05,0.000142197,2
310,315,312.5,0.000127977,0.000639886,9
315,320,317.5,9.95379e-05,0.000497689,7
320,325,322.5,9.95379e-05,0.000497689,7
325,330,327.5,0.000127977,0.000639886,9
330,335,332.5,7.10985e-05,0.000355492,5
335,340,337.5,5.68788e-05,0.000284394,4
340,345,342.5,0.00257376,0.0128688,181
345,350,347.5,0.00406683,0.0203342,286
350,355,352.5,0.00123711,0.00618557,87
355,360,357.5,0.000540348,0.00270174,38
360,365,362.5,0.000668326,0.00334163,47
365,370,367.5,0.000668326,0.00334163,47
370,375,372.5,0.000554568,0.00277284,39
375,380,377.5,0.000312833,0.00156417,22
380,385,382.5,0.000170636,0.000853182,12
385,390,387.5,0.000255954,0.00127977,18
390,395,392.5,0.000284394,0.00142197,20
395,400,397.5,0.000369712,0.00184856,26
400,405,402.5,0.000426591,0.00213295,30
405,410,407.5,0.000327053,0.00163526,23
410,415,412.5,0.000312833,0.00156417,22
415,420,417.5,0.00046925,0.00234625,33
420,425,422.5,0.000369712,0.00184856,26
425,430,427.5,0.000440811,0.00220405,31
430,435,432.5,0.000298614,0.00149307,21
435,440,437.5,0.00046925,0.00234625,33
440,445,442.5,0.000341273,0.00170636,24
445,450,447.5,0.000270174,0.00135087,19
450,455,452.5,0.0150871,0.0754355,1061
455,460,457.5,0.000412371,0.00206186,29
460,465,462.5,0.000398151,0.00199076,28
465,470,467.5,0.000312833,0.00156417,22
470,475,472.5,0.000383932,0.00191966,27
475,480,477.5,0.000383932,0.00191966,27
480,485,482.5,0.000440811,0.00220405,31
485,490,487.5,0.00046925,0.00234625,33
490,495,492.5,0.000255954,0.00127977,18
495,500,497.5,0.00045503,0.00227515,32
500,505,502.5,0.00048347,0.00241735,34
505,510,507.5,0.000440811,0.00220405,31
510,515,512.5,0.000398151,0.00199076,28
515,520,517.5,0.000412371,0.00206186,29
520,525,522.5,0.000355492,0.00177746,25
525,530,527.5,0.00045503,0.00227515,32
530,535,532.5,0.000426591,0.00213295,30
535,540,537.5,0.000398151,0.00199076,28
540,545,542.5,0.000369712,0.00184856,26
545,550,547.5,0.000355492,0.00177746,25
550,555,552.5,0.000383932,0.00191966,27
555,560,557.5,0.00045503,0.00227515,32
560,565,562.5,0.000966939,0.0048347,68
565,570,567.5,0.000440811,0.00220405,31
570,575,572.5,0.00045503,0.00227515,32
575,580,577.5,0.000426591,0.00213295,30
580,585,582.5,0.000554568,0.00277284,39
585,590,587.5,0.000298614,0.00149307,21
590,595,592.5,0.000511909,0.00255954,36
595,600,597.5,0.000298614,0.00149307,21
600,605,602.5,0.00045503,0.00227515,32
605,610,607.5,0.000369712,0.00184856,26
610,615,612.5,0.000199076,0.000995379,14
615,620,617.5,0.000412371,0.00206186,29
620,625,622.5,0.000398151,0.00199076,28
625,630,627.5,0.000284394,0.00142197,20
630,635,632.5,0.000327053,0.00163526,23
635,640,637.5,0.000327053,0.00163526,23
640,645,642.5,0.000369712,0.00184856,26
645,650,647.5,0.000383932,0.00191966,27
650,655,652.5,0.000398151,0.00199076,28
655,660,657.5,0.000383932,0.00191966,27
660,665,662.5,0.000355492,0.00177746,25
665,670,667.5,0.00048347,0.00241735,34
670,675,672.5,0.00499111,0.0249556,351
675,680,677.5,0.000369712,0.00184856,26
680,685,682.5,0.000398151,0.00199076,28
685,690,687.5,0.000426591,0.00213295,30
690,695,692.5,0.000312833,0.00156417,22
695,700,697.5,0.000341273,0.00170636,24
700,705,702.5,0.000298614,0.00149307,21
705,710,707.5,0.000255954,0.00127977,18
710,715,712.5,0.000341273,0.00170636,24
715,720,717.5,0.000327053,0.00163526,23
720,725,722.5,0.000440811,0.00220405,31
725,730,727.5,0.000412371,0.00206186,29
730,735,732.5,0.000440811,0.00220405,31
735,740,737.5,0.000327053,0.00163526,23
740,745,742.5,0.000355492,0.00177746,25
745,750,747.5,0.000369712,0.00184856,26
750,755,752.5,0.000284394,0.00142197,20
755,760,757.5,0.000327053,0.00163526,23
760,765,762.5,0.000398151,0.00199076,28
765,770,767.5,0.000398151,0.00199076,28
770,775,772.5,0.000284394,0.00142197,20
775,780,777.5,0.000383932,0.00191966,27
780,785,782.5,0.0020903,0.0104515,147
785,790,787.5,0.000383932,0.00191966,27
790,795,792.5,0.000113758,0.000568788,8
795,800,797.5,0.000142197,0.000710985,10
800,805,802.5,0.000127977,0.000639886,9
805,810,807.5,0.000156417,0.000782083,11
810,815,812.5,0.000142197,0.000710985,10
815,820,817.5,0.000113758,0.000568788,8
820,825,822.5,0.000156417,0.000782083,11
825,830,827.5,0.000170636,0.000853182,12
830,835,832.5,0.000398151,0.00199076,28
835,840,837.5,0.000255954,0.00127977,18
840,845,842.5,0.000383932,0.00191966,27
845,850,847.5,0.000199076,0.000995379,14
850,855,852.5,0.000270174,0.00135087,19
855,860,857.5,0.000213295,0.00106648,15
860,865,862.5,0.000270174,0.00135087,19
865,870,867.5,0.000255954,0.00127977,18
870,875,872.5,0.000327053,0.00163526,23
875,880,877.5,0.000199076,0.000995379,14
880,885,882.5,0.000255954,0.00127977,18
885,890,887.5,0.000255954,0.00127977,18
890,895,892.5,0.00102382,0.00511909,72
895,900,897.5,0.000526129,0.00263064,37
900,905,902.5,0.000170636,0.000853182,12
905,910,907.5,0.000298614,0.00149307,21
910,915,912.5,0.000270174,0.00135087,19
915,920,917.5,0.000284394,0.00142197,20
920,925,922.5,0.000270174,0.00135087,19
925,930,927.5,0.000227515,0.00113758,16
930,935,932.5,0.000255954,0.00127977,18
935,940,937.5,0.000270174,0.00135087,19
940,945,942.5,0.000241735,0.00120867,17
945,950,947.5,0.000199076,0.000995379,14
950,955,952.5,0.000298614,0.00149307,21
955,960,957.5,0.000355492,0.00177746,25
960,965,962.5,0.000227515,0.00113758,16
965,970,967.5,0.000241735,0.00120867,17
970,975,972.5,0.000199076,0.000995379,14
975,980,977.5,0.000241735,0.00120867,17
980,985,982.5,0.00046925,0.00234625,33
985,990,987.5,0.000312833,0.00156417,22
990,995,992.5,0.000241735,0.00120867,17
995,1000,997.5,0.000739424,0.00369712,52
1000,1005,1002.5,0.000270174,0.00135087,19
1005,1010,1007.5,0.000327053,0.00163526,23
1010,1015,1012.5,0.000298614,0.00149307,21
1015,1020,1017.5,0.000369712,0.00184856,26
1020,1025,1022.5,0.000227515,0.00113758,16
1025,1030,1027.5,0.000255954,0.00127977,18
1030,1035,1032.5,0.00045503,0.00227515,32
1035,1040,1037.5,0.000170636,0.000853182,12
1040,1045,1042.5,0.000270174,0.00135087,19
1045,1050,1047.5,0.000170636,0.000853182,12
1050,1055,1052.5,0.000284394,0.00142197,20
1055,1060,1057.5,0.000298614,0.00149307,21
1060,1065,1062.5,0.000312833,0.00156417,22
1065,1070,1067.5,0.000398151,0.00199076,28
1070,1075,1072.5,0.000227515,0.00113758,16
1075,1080,1077.5,0.000255954,0.00127977,18
1080,1085,1082.5,0.000213295,0.00106648,15
1085,1090,1087.5,0.000241735,0.00120867,17
1090,1095,1092.5,0.000227515,0.00113758,16
1095,1100,1097.5,0.000298614,0.00149307,21
1100,1105,1102.5,0.000511909,0.00255954,36
1105,1110,1107.5,0.000568788,0.00284394,40
1110,1115,1112.5,0.000369712,0.00184856,26
1115,1120,1117.5,0.000426591,0.00213295,30
1120,1125,1122.5,0.000341273,0.00170636,24
1125,1130,1127.5,0.000227515,0.00113758,16
1130,1135,1132.5,0.000341273,0.00170636,24
1135,1140,1137.5,0.000298614,0.00149307,21
1140,1145,1142.5,0.000284394,0.00142197,20
1145,1150,1147.5,0.000241735,0.00120867,17
1150,1155,1152.5,0.000227515,0.00113758,16
1155,1160,1157.5,0.000298614,0.00149307,21
1160,1165,1162.5,0.000298614,0.00149307,21
1165,1170,1167.5,0.000255954,0.00127977,18
1170,1175,1172.5,0.000227515,0.00113758,16
1175,1180,1177.5,0.000156417,0.000782083,11
1180,1185,1182.5,0.000227515,0.00113758,16
1185,1190,1187.5,0.000255954,0.00127977,18
1190,1195,1192.5,0.000255954,0.00127977,18
1195,1200,1197.5,0.000142197,0.000710985,10
1200,1205,1202.5,0.000241735,0.00120867,17
1205,1210,1207.5,0.000156417,0.000782083,11
1210,1215,1212.5,0.000298614,0.00149307,21
1215,1220,1217.5,0.000398151,0.00199076,28
1220,1225,1222.5,0.000298614,0.00149307,21
1225,1230,1227.5,0.000255954,0.00127977,18
1230,1235,1232.5,0.000341273,0.00170636,24
1235,1240,1237.5,0.000241735,0.00120867,17
1240,1245,1242.5,0.000213295,0.00106648,15
1245,1250,1247.5,0.000284394,0.00142197,20
1250,1255,1252.5,0.000284394,0.00142197,20
1255,1260,1257.5,0.000127977,0.000639886,9
1260,1265,1262.5,0.000227515,0.00113758,16
1265,1270,1267.5,5.68788e-05,0.000284394,4
1270,1275,1272.5,0.000255954,0.00127977,18
1275,1280,1277.5,0.000227515,0.00113758,16
1280,1285,1282.5,0.000241735,0.00120867,17
1285,1290,1287.5,0.000213295,0.00106648,15
1290,1295,1292.5,0.000369712,0.00184856,26
1295,1300,1297.5,0.000127977,0.000639886,9
1300,1305,1302.5,0.000170636,0.000853182,12
1305,1310,1307.5,0.000227515,0.00113758,16
1310,1315,1312.5,0.000227515,0.00113758,16
1315,1320,1317.5,0.000270174,0.00135087,19
1320,1325,1322.5,0.000270174,0.00135087,19
1325,1330,1327.5,0.000227515,0.00113758,16
1330,1335,1332.5,0.000255954,0.00127977,18
1335,1340,1337.5,0.000241735,0.00120867,17
1340,1345,1342.5,0.000199076,0.000995379,14
1345,1350,1347.5,0.000227515,0.00113758,16
1350,1355,1352.5,0.000184856,0.00092428,13
1355,1360,1357.5,0.000255954,0.00127977,18
1360,1365,1362.5,0.000113758,0.000568788,8
1365,1370,1367.5,0.000227515,0.00113758,16
1370,1375,1372.5,0.000241735,0.00120867,17
1375,1380,1377.5,0.000327053,0.00163526,23
1380,1385,1382.5,0.000113758,0.000568788,8
1385,1390,1387.5,0.000184856,0.00092428,13
1390,1395,1392.5,0.000142197,0.000710985,10
1395,1400,1397.5,0.000227515,0.00113758,16
1400,1405,1402.5,7.10985e-05,0.000355492,5
1405,1410,1407.5,0.000227515,0.00113758,16
1410,1415,1412.5,0.000270174,0.00135087,19
1415,1420,1417.5,0.000142197,0.000710985,10
1420,1425,1422.5,0.000213295,0.00106648,15
1425,1430,1427.5,0.000270174,0.00135087,19
1430,1435,1432.5,0.000241735,0.00120867,17
1435,1440,1437.5,0.000199076,0.000995379,14
1440,1445,1442.5,0.000213295,0.00106648,15
1445,1450,1447.5,0.000284394,0.00142197,20
1450,1455,1452.5,0.000284394,0.00142197,20
1455,1460,1457.5,0.000255954,0.00127977,18
1460,1465,1462.5,0.000199076,0.000995379,14
1465,1470,1467.5,0.000199076,0.000995379,14
1470,1475,1472.5,0.000156417,0.000782083,11
1475,1480,1477.5,0.000170636,0.000853182,12
1480,1485,1482.5,0.000156417,0.000782083,11
1485,1490,1487.5,0.000113758,0.000568788,8
1490,1495,1492.5,0.000327053,0.00163526,23
1495,1500,1497.5,0.000127977,0.000639886,9
1500,1505,1502.5,0.000270174,0.00135087,19
1505,1510,1507.5,0.000184856,0.00092428,13
1510,1515,1512.5,0.000255954,0.00127977,18
1515,1520,1517.5,0.000170636,0.000853182,12
1520,1525,1522.5,0.000241735,0.00120867,17
1525,1530,1527.5,0.000255954,0.00127977,18
1530,1535,1532.5,0.000199076,0.000995379,14
1535,1540,1537.5,0.000142197,0.000710985,10
1540,1545,1542.5,0.000298614,0.00149307,21
1545,1550,1547.5,0.000284394,0.00142197,20
1550,1555,1552.5,0.000213295,0.00106648,15
1555,1560,1557.5,0.000184856,0.00092428,13
1560,1565,1562.5,0.000270174,0.00135087,19
1565,1570,1567.5,0.000341273,0.00170636,24
1570,1575,1572.5,0.000213295,0.00106648,15
1575,1580,1577.5,0.000312833,0.00156417,22
1580,1585,1582.5,7.10985e-05,0.000355492,5
1585,1590,1587.5,0.000199076,0.000995379,14
1590,1595,1592.5,0.000227515,0.00113758,16
1595,1600,1597.5,0.000241735,0.00120867,17
1600,1605,1602.5,0.000213295,0.00106648,15
1605,1610,1607.5,0.000170636,0.000853182,12
1610,1615,1612.5,0.000127977,0.000639886,9
1615,1620,1617.5,0.000213295,0.00106648,15
1620,1625,1622.5,0.000227515,0.00113758,16
1625,1630,1627.5,0.000284394,0.00142197,20
1630,1635,1632.5,0.000213295,0.00106648,15
1635,1640,1637.5,0.000156417,0.000782083,11
1640,1645,1642.5,0.000213295,0.00106648,15
1645,1650,1647.5,0.000142197,0.000710985,10
1650,1655,1652.5,0.000270174,0.00135087,19
1655,1660,1657.5,0.000127977,0.000639886,9
1660,1665,1662.5,0.000170636,0.000853182,12
1665,1670,1667.5,0.000184856,0.00092428,13
1670,1675,1672.5,0.000255954,0.00127977,18
1675,1680,1677.5,0.000184856,0.00092428,13
1680,1685,1682.5,0.000170636,0.000853182,12
1685,1690,1687.5,0.000156417,0.000782083,11
1690,1695,1692.5,0.000170636,0.000853182,12
1695,1700,1697.5,0.000199076,0.000995379,14
1700,1705,1702.5,0.000142197,0.000710985,10
1705,1710,1707.5,0.000255954,0.00127977,18
1710,1715,1712.5,0.000142197,0.000710985,10
1715,1720,1717.5,0.000170636,0.000853182,12
1720,1725,1722.5,0.000127977,0.000639886,9
1725,1730,1727.5,0.000156417,0.000782083,11
1730,1735,1732.5,0.000142197,0.000710985,10
1735,1740,1737.5,0.000142197,0.000710985,10
1740,1745,1742.5,0.000156417,0.000782083,11
1745,1750,1747.5,0.000170636,0.000853182,12
1750,1755,1752.5,0.000156417,0.000782083,11
1755,1760,1757.5,0.000213295,0.00106648,15
1760,1765,1762.5,0.000156417,0.000782083,11
1765,1770,1767.5,0.000142197,0.000710985,10
1770,1775,1772.5,0.000184856,0.00092428,13
1775,1780,1777.5,0.000227515,0.00113758,16
1780,1785,1782.5,0.000184856,0.00092428,13
1785,1790,1787.5,0.000113758,0.000568788,8
1790,1795,1792.5,0.000127977,0.000639886,9
1795,1800,1797.5,0.000156417,0.000782083,11
1800,1805,1802.5,0.000199076,0.000995379,14
1805,1810,1807.5,0.000156417,0.000782083,11
1810,1815,1812.5,0.000127977,0.000639886,9
1815,1820,1817.5,0.000127977,0.000639886,9
1820,1825,1822.5,0.000142197,0.000710985,10
1825,1830,1827.5,8.53182e-05,0.000426591,6
1830,1835,1832.5,5.68788e-05,0.000284394,4
1835,1840,1837.5,0.000170636,0.000853182,12
1840,1845,1842.5,7.10985e-05,0.000355492,5
1845,1850,1847.5,0.000127977,0.000639886,9
1850,1855,1852.5,0.000156417,0.000782083,11
1855,1860,1857.5,0.000184856,0.00092428,13
1860,1865,1862.5,0.000127977,0.000639886,9
1865,1870,1867.5,0.000127977,0.000639886,9
1870,1875,1872.5,0.000270174,0.00135087,19
1875,1880,1877.5,0.000213295,0.00106648,15
1880,1885,1882.5,0.000142197,0.000710985,10
1885,1890,1887.5,0.000142197,0.000710985,10
1890,1895,1892.5,0.000156417,0.000782083,11
1895,1900,1897.5,0.000170636,0.000853182,12
1900,1905,1902.5,0.000156417,0.000782083,11
1905,1910,1907.5,8.53182e-05,0.000426591,6
1910,1915,1912.5,0.000255954,0.00127977,18
1915,1920,1917.5,0.000142197,0.000710985,10
1920,1925,1922.5,0.000184856,0.00092428,13
1925,1930,1927.5,8.53182e-05,0.000426591,6
1930,1935,1932.5,0.000312833,0.00156417,22
1935,1940,1937.5,0.000199076,0.000995379,14
1940,1945,1942.5,9.95379e-05,0.000497689,7
1945,1950,1947.5,0.000199076,0.000995379,14
1950,1955,1952.5,0.000199076,0.000995379,14
1955,1960,1957.5,0.000227515,0.00113758,16
1960,1965,1962.5,0.000127977,0.000639886,9
1965,1970,1967.5,0.000227515,0.00113758,16
1970,1975,1972.5,0.000184856,0.00092428,13
1975,1980,1977.5,0.000213295,0.00106648,15
1980,1985,1982.5,0.000170636,0.000853182,12
1985,1990,1987.5,0.000199076,0.000995379,14
1990,1995,1992.5,0.000241735,0.00120867,17
1995,2000,1997.5,9.95379e-05,0.000497689,7
2000,2005,2002.5,0.000170636,0.000853182,12
2005,2010,2007.5,0.000127977,0.000639886,9
2010,2015,2012.5,0.000127977,0.000639886,9
2015,2020,2017.5,0.000156417,0.000782083,11
2020,2025,2022.5,0.000170636,0.000853182,12
2025,2030,2027.5,0.000156417,0.000782083,11
2030,2035,2032.5,0.000127977,0.000639886,9
2035,2040,2037.5,0.000127977,0.000639886,9
2040,2045,2042.5,0.000127977,0.000639886,9
2045,2050,2047.5,0.000156417,0.000782083,11
2050,2055,2052.5,0.000142197,0.000710985,10
2055,2060,2057.5,0.000113758,0.000568788,8
2060,2065,2062.5,0.000113758,0.000568788,8
2065,2070,2067.5,0.000199076,0.000995379,14
2070,2075,2072.5,0.000127977,0.000639886,9
2075,2080,2077.5,0.000142197,0.000710985,10
2080,2085,2082.5,0.000113758,0.000568788,8
2085,2090,2087.5,0.000156417,0.000782083,11
2090,2095,2092.5,0.000127977,0.000639886,9
2095,2100,2097.5,0.000156417,0.000782083,11
2100,2105,2102.5,8.53182e-05,0.000426591,6
2105,2110,2107.5,0.000156417,0.000782083,11
2110,2115,2112.5,0.000156417,0.000782083,11
2115,2120,2117.5,0.000113758,0.000568788,8
2120,2125,2122.5,9.95379e-05,0.000497689,7
2125,2130,2127.5,0.000127977,0.000639886,9
2130,2135,2132.5,0.000142197,0.000710985,10
2135,2140,2137.5,0.000255954,0.00127977,18
2140,2145,2142.5,0.000156417,0.000782083,11
2145,2150,2147.5,0.000199076,0.000995379,14
2150,2155,2152.5,0.000142197,0.000710985,10
2155,2160,2157.5,0.000127977,0.000639886,9
2160,2165,2162.5,0.000127977,0.000639886,9
2165,2170,2167.5,0.000113758,0.000568788,8
2170,2175,2172.5,0.000127977,0.000639886,9
2175,2180,2177.5,7.10985e-05,0.000355492,5
2180,2185,2182.5,0.000142197,0.000710985,10
2185,2190,2187.5,0.000156417,0.000782083,11
2190,2195,2192.5,8.53182e-05,0.000426591,6
2195,2200,2197.5,7.10985e-05,0.000355492,5
2200,2205,2202.5,0.000170636,0.000853182,12
2205,2210,2207.5,0.000184856,0.00092428,13
2210,2215,2212.5,5.68788e-05,0.000284394,4
2215,2220,2217.5,0.000170636,0.000853182,12
2220,2225,2222.5,0.000142197,0.000710985,10
2225,2230,2227.5,0.000213295,0.00106648,15
2230,2235,2232.5,0.000127977,0.000639886,9
2235,2240,2237.5,0.000170636,0.000853182,12
2240,2245,2242.5,0.000170636,0.000853182,12
2245,2250,2247.5,0.000184856,0.00092428,13
2250,2255,2252.5,0.000170636,0.000853182,12
2255,2260,2257.5,0.000113758,0.000568788,8
2260,2265,2262.5,0.000199076,0.000995379,14
2265,2270,2267.5,5.68788e-05,0.000284394,4
2270,2275,2272.5,5.68788e-05,0.000284394,4
2275,2280,2277.5,0.000127977,0.000639886,9
2280,2285,2282.5,0.000127977,0.000639886,9
2285,2290,2287.5,0.000127977,0.000639886,9
2290,2295,2292.5,9.95379e-05,0.000497689,7
2295,2300,2297.5,0.000127977,0.000639886,9
2300,2305,2302.5,0.000113758,0.000568788,8
2305,2310,2307.5,0.000199076,0.000995379,14
2310,2315,2312.5,0.000184856,0.00092428,13
2315,2320,2317.5,7.10985e-05,0.000355492,5
2320,2325,2322.5,0.000113758,0.000568788,8
2325,2330,2327.5,5.68788e-05,0.000284394,4
2330,2335,2332.5,9.95379e-05,0.000497689,7
2335,2340,2337.5,0.000170636,0.000853182,12
2340,2345,2342.5,0.000170636,0.000853182,12
2345,2350,2347.5,5.68788e-05,0.000284394,4
2350,2355,2352.5,0.000142197,0.000710985,10
2355,2360,2357.5,5.68788e-05,0.000284394,4
2360,2365,2362.5,0.000156417,0.000782083,11
2365,2370,2367.5,0.000142197,0.000710985,10
2370,2375,2372.5,0.000142197,0.000710985,10
2375,2380,2377.5,0.000142197,0.000710985,10
2380,2385,2382.5,0.000113758,0.000568788,8
2385,2390,2387.5,0.000127977,0.000639886,9
2390,2395,2392.5,0.000156417,0.000782083,11
2395,2400,2397.5,0.000113758,0.000568788,8
2400,2405,2402.5,0.000142197,0.000710985,10
2405,2410,2407.5,0.000170636,0.000853182,12
2410,2415,2412.5,0.000156417,0.000782083,11
2415,2420,2417.5,0.000156417,0.000782083,11
2420,2425,2422.5,0.000227515,0.00113758,16
2425,2430,2427.5,0.000127977,0.000639886,9
2430,2435,2432.5,0.000213295,0.00106648,15
2435,2440,2437.5,5.68788e-05,0.000284394,4
2440,2445,2442.5,0.000127977,0.000639886,9
2445,2450,2447.5,0.000127977,0.000639886,9
2450,2455,2452.5,8.53182e-05,0.000426591,6
2455,2460,2457.5,0.000113758,0.000568788,8
2460,2465,2462.5,9.95379e-05,0.000497689,7
2465,2470,2467.5,0.000213295,0.00106648,15
2470,2475,2472.5,0.000170636,0.000853182,12
2475,2480,2477.5,5.68788e-05,0.000284394,4
2480,2485,2482.5,7.10985e-05,0.000355492,5
2485,2490,2487.5,0.000156417,0.000782083,11
2490,2495,2492.5,0.000127977,0.000639886,9
2495,2500,2497.5,0.000156417,0.000782083,11
2500,2505,2502.5,0.000142197,0.000710985,10
2505,2510,2507.5,0.000156417,0.000782083,11
2510,2515,2512.5,7.10985e-05,0.000355492,5
2515,2520,2517.5,0.000113758,0.000568788,8
2520,2525,2522.5,0.000127977,0.000639886,9
2525,2530,2527.5,9.95379e-05,0.000497689,7
2530,2535,2532.5,0.000156417,0.000782083,11
2535,2540,2537.5,0.000142197,0.000710985,10
2540,2545,2542.5,0.000213295,0.00106648,15
2545,2550,2547.5,9.95379e-05,0.000497689,7
2550,2555,2552.5,8.53182e-05,0.000426591,6
2555,2560,2557.5,0.000142197,0.000710985,10
2560,2565,2562.5,9.95379e-05,0.000497689,7
2565,2570,2567.5,0.000113758,0.000568788,8
2570,2575,2572.5,9.95379e-05,0.000497689,7
2575,2580,2577.5,8.53182e-05,0.000426591,6
2580,2585,2582.5,7.10985e-05,0.000355492,5
2585,2590,2587.5,0.000156417,0.000782083,11
2590,2595,2592.5,0.000127977,0.000639886,9
2595,2600,2597.5,7.10985e-05,0.000355492,5
2600,2605,2602.5,0.000213295,0.00106648,15
2605,2610,2607.5,9.95379e-05,0.000497689,7
2610,2615,2612.5,0.000127977,0.000639886,9
2615,2620,2617.5,5.68788e-05,0.000284394,4
2620,2625,2622.5,0.000170636,0.000853182,12
2625,2630,2627.5,0.000170636,0.000853182,12
2630,2635,2632.5,0.000113758,0.000568788,8
2635,2640,2637.5,0.000156417,0.000782083,11
2640,2645,2642.5,0.000156417,0.000782083,11
2645,2650,2647.5,0.000127977,0.000639886,9
2650,2655,2652.5,0.000156417,0.000782083,11
2655,2660,2657.5,7.10985e-05,0.000355492,5
2660,2665,2662.5,5.68788e-05,0.000284394,4
2665,2670,2667.5,0.000184856,0.00092428,13
2670,2675,2672.5,0.000127977,0.000639886,9
2675,2680,2677.5,0.000127977,0.000639886,9
2680,2685,2682.5,9.95379e-05,0.000497689,7
2685,2690,2687.5,0.000142197,0.000710985,10
2690,2695,2692.5,8.53182e-05,0.000426591,6
2695,2700,2697.5,9.95379e-05,0.000497689,7
2700,2705,2702.5,0.000127977,0.000639886,9
2705,2710,2707.5,0.000127977,0.000639886,9
2710,2715,2712.5,7.10985e-05,0.000355492,5
2715,2720,2717.5,7.10985e-05,0.000355492,5
2720,2725,2722.5,0.000184856,0.00092428,13
2725,2730,2727.5,0.000113758,0.000568788,8
2730,2735,2732.5,4.26591e-05,0.000213295,3
2735,2740,2737.5,0.000184856,0.00092428,13
2740,2745,2742.5,0.000156417,0.000782083,11
2745,2750,2747.5,0.000113758,0.000568788,8
2750,2755,2752.5,8.53182e-05,0.000426591,6
2755,2760,2757.5,4.26591e-05,0.000213295,3
2760,2765,2762.5,8.53182e-05,0.000426591,6
2765,2770,2767.5,0.000127977,0.000639886,9
2770,2775,2772.5,0.000142197,0.000710985,10
2775,2780,2777.5,0.000127977,0.000639886,9
2780,2785,2782.5,0.000113758,0.000568788,8
2785,2790,2787.5,9.95379e-05,0.000497689,7
2790,2795,2792.5,0.000156417,0.000782083,11
2795,2800,2797.5,7.10985e-05,0.000355492,5
2800,2805,2802.5,8.53182e-05,0.000426591,6
2805,2810,2807.5,0.000184856,0.00092428,13
2810,2815,2812.5,0.000213295,0.00106648,15
2815,2820,2817.5,0.000142197,0.000710985,10
2820,2825,2822.5,0.000127977,0.000639886,9
2825,2830,2827.5,4.26591e-05,0.000213295,3
2830,2835,2832.5,4.26591e-05,0.000213295,3
2835,2840,2837.5,8.53182e-05,0.000426591,6
2840,2845,2842.5,9.95379e-05,0.000497689,7
2845,2850,2847.5,0.000113758,0.000568788,8
2850,2855,2852.5,0.000127977,0.000639886,9
2855,2860,2857.5,7.10985e-05,0.000355492,5
2860,2865,2862.5,8.53182e-05,0.000426591,6
2865,2870,2867.5,0.000184856,0.00092428,13
2870,2875,2872.5,8.53182e-05,0.000426591,6
2875,2880,2877.5,8.53182e-05,0.000426591,6
2880,2885,2882.5,9.95379e-05,0.000497689,7
2885,2890,2887.5,5.68788e-05,0.000284394,4
2890,2895,2892.5,8.53182e-05,0.000426591,6
2895,2900,2897.5,4.26591e-05,0.000213295,3
2900,2905,2902.5,8.53182e-05,0.000426591,6
2905,2910,2907.5,9.95379e-05,0.000497689,7
2910,2915,2912.5,0.000156417,0.000782083,11
2915,2920,2917.5,0.000170636,0.000853182,12
2920,2925,2922.5,0.000142197,0.000710985,10
2925,2930,2927.5,0.000113758,0.000568788,8
2930,2935,2932.5,7.10985e-05,0.000355492,5
2935,2940,2937.5,8.53182e-05,0.000426591,6
2940,2945,2942.5,8.53182e-05,0.000426591,6
2945,2950,2947.5,0.000127977,0.000639886,9
2950,2955,2952.5,0.000127977,0.000639886,9
2955,2960,2957.5,9.95379e-05,0.000497689,7
2960,2965,2962.5,7.10985e-05,0.000355492,5
2965,2970,2967.5,0.000127977,0.000639886,9
2970,2975,2972.5,0.000127977,0.000639886,9
2975,2980,2977.5,0.000113758,0.000568788,8
2980,2985,2982.5,9.95379e-05,0.000497689,7
2985,2990,2987.5,7.10985e-05,0.000355492,5
2990,2995,2992.5,8.53182e-05,0.000426591,6
2995,3000,2997.5,5.68788e-05,0.000284394,4
3000,3005,3002.5,9.95379e-05,0.000497689,7
3005,3010,3007.5,9.95379e-05,0.000497689,7
3010,3015,3012.5,9.95379e-05,0.000497689,7
3015,3020,3017.5,8.53182e-05,0.000426591,6
3020,3025,3022.5,8.53182e-05,0.000426591,6
3025,3030,3027.5,7.10985e-05,0.000355492,5
3030,3035,3032.5,4.26591e-05,0.000213295,3
3035,3040,3037.5,0.000127977,0.000639886,9
3040,3045,3042.5,8.53182e-05,0.000426591,6
3045,3050,3047.5,9.95379e-05,0.000497689,7
3050,3055,3052.5,4.26591e-05,0.000213295,3
3055,3060,3057.5,7.10985e-05,0.000355492,5
3060,3065,3062.5,0.000127977,0.000639886,9
3065,3070,3067.5,7.10985e-05,0.000355492,5
3070,3075,3072.5,0.000113758,0.000568788,8
3075,3080,3077.5,5.68788e-05,0.000284394,4
3080,3085,3082.5,7.10985e-05,0.000355492,5
3085,3090,3087.5,9.95379e-05,0.000497689,7
3090,3095,3092.5,0.000199076,0.000995379,14
3095,3100,3097.5,8.53182e-05,0.000426591,6
3100,3105,3102.5,0.000113758,0.000568788,8
3105,3110,3107.5,7.10985e-05,0.000355492,5
3110,3115,3112.5,0.000113758,0.000568788,8
3115,3120,3117.5,0.000156417,0.000782083,11
3120,3125,3122.5,8.53182e-05,0.000426591,6
3125,3130,3127.5,7.10985e-05,0.000355492,5
3130,3135,3132.5,0.000127977,0.000639886,9
3135,3140,3137.5,8.53182e-05,0.000426591,6
3140,3145,3142.5,7.10985e-05,0.000355492,5
3145,3150,3147.5,0.000142197,0.000710985,10
3150,3155,3152.5,5.68788e-05,0.000284394,4
3155,3160,3157.5,0.000156417,0.000782083,11
3160,3165,3162.5,0.000127977,0.000639886,9
3165,3170,3167.5,2.84394e-05,0.000142197,2
3170,3175,3172.5,7.10985e-05,0.000355492,5
3175,3180,3177.5,5.68788e-05,0.000284394,4
3180,3185,3182.5,8.53182e-05,0.000426591,6
3185,3190,3187.5,0.000127977,0.000639886,9
3190,3195,3192.5,5.68788e-05,0.000284394,4
3195,3200,3197.5,7.10985e-05,0.000355492,5
3200,3205,3202.5,5.68788e-05,0.000284394,4
3205,3210,3207.5,0.000113758,0.000568788,8
3210,3215,3212.5,0.000127977,0.000639886,9
3215,3220,3217.5,5.68788e-05,0.000284394,4
3220,3225,3222.5,1.42197e-05,7.10985e-05,1
3225,3230,3227.5,0.000113758,0.000568788,8
3230,3235,3232.5,9.95379e-05,0.000497689,7
3235,3240,3237.5,7.10985e-05,0.000355492,5
3240,3245,3242.5,0.000113758,0.000568788,8
3245,3250,3247.5,0.000142197,0.000710985,10
3250,3255,3252.5,4.26591e-05,0.000213295,3
3255,3260,3257.5,9.95379e-05,0.000497689,7
3260,3265,3262.5,9.95379e-05,0.000497689,7
3265,3270,3267.5,9.95379e-05,0.000497689,7
3270,3275,3272.5,8.53182e-05,0.000426591,6
3275,3280,3277.5,8.53182e-05,0.000426591,6
3280,3285,3282.5,0.000127977,0.000639886,9
3285,3290,3287.5,9.95379e-05,0.000497689,7
3290,3295,3292.5,0.000113758,0.000568788,8
3295,3300,3297.5,2.84394e-05,0.000142197,2
3300,3305,3302.5,0.000184856,0.00092428,13
3305,3310,3307.5,0.000113758,0.000568788,8
3310,3315,3312.5,7.10985e-05,0.000355492,5
3315,3320,3317.5,5.68788e-05,0.000284394,4
3320,3325,3322.5,5.68788e-05,0.000284394,4
3325,3330,3327.5,8.53182e-05,0.000426591,6
3330,3335,3332.5,0.000142197,0.000710985,10
3335,3340,3337.5,5.68788e-05,0.000284394,4
3340,3345,3342.5,0.000113758,0.000568788,8
3345,3350,3347.5,9.95379e-05,0.000497689,7
3350,3355,3352.5,8.53182e-05,0.000426591,6
3355,3360,3357.5,8.53182e-05,0.000426591,6
3360,3365,3362.5,7.10985e-05,0.000355492,5
3365,3370,3367.5,0.000113758,0.000568788,8
3370,3375,3372.5,7.10985e-05,0.000355492,5
3375,3380,3377.5,0.000113758,0.000568788,8
3380,3385,3382.5,8.53182e-05,0.000426591,6
3385,3390,3387.5,0.000170636,0.000853182,12
3390,3395,3392.5,7.10985e-05,0.000355492,5
3395,3400,3397.5,0.000127977,0.000639886,9
3400,3405,3402.5,0.000113758,0.000568788,8
3405,3410,3407.5,0.000156417,0.000782083,11
3410,3415,3412.5,2.84394e-05,0.000142197,2
3415,3420,3417.5,7.10985e-05,0.000355492,5
3420,3425,3422.5,5.68788e-05,0.000284394,4
3425,3430,3427.5,7.10985e-05,0.000355492,5
3430,3435,3432.5,8.53182e-05,0.000426591,6
3435,3440,3437.5,9.95379e-05,0.000497689,7
3440,3445,3442.5,0.000113758,0.000568788,8
3445,3450,3447.5,1.42197e-05,7.10985e-05,1
3450,3455,3452.5,4.26591e-05,0.000213295,3
3455,3460,3457.5,8.53182e-05,0.000426591,6
3460,3465,3462.5,5.68788e-05,0.000284394,4
3465,3470,3467.5,0.000113758,0.000568788,8
3470,3475,3472.5,9.95379e-05,0.000497689,7
3475,3480,3477.5,9.95379e-05,0.000497689,7
3480,3485,3482.5,0.000142197,0.000710985,10
3485,3490,3487.5,0.000113758,0.000568788,8
3490,3495,3492.5,8.53182e-05,0.000426591,6
3495,3500,3497.5,5.68788e-05,0.000284394,4
3500,3505,3502.5,7.10985e-05,0.000355492,5
3505,3510,3507.5,4.26591e-05,0.000213295,3
3510,3515,3512.5,9.95379e-05,0.000497689,7
3515,3520,3517.5,8.53182e-05,0.000426591,6
3520,3525,3522.5,8.53182e-05,0.000426591,6
3525,3530,3527.5,0.000142197,0.000710985,10
3530,3535,3532.5,8.53182e-05,0.000426591,6
3535,3540,3537.5,0.000127977,0.000639886,9
3540,3545,3542.5,7.10985e-05,0.000355492,5
3545,3550,3547.5,0.000113758,0.000568788,8
3550,3555,3552.5,8.53182e-05,0.000426591,6
3555,3560,3557.5,0.000142197,0.000710985,10
3560,3565,3562.5,7.10985e-05,0.000355492,5
3565,3570,3567.5,0.000142197,0.000710985,10
3570,3575,3572.5,7.10985e-05,0.000355492,5
3575,3580,3577.5,8.53182e-05,0.000426591,6
3580,3585,3582.5,0.000156417,0.000782083,11
3585,3590,3587.5,0.000113758,0.000568788,8
3590,3595,3592.5,8.53182e-05,0.000426591,6
3595,3600,3597.5,0.000113758,0.000568788,8
3600,3605,3602.5,0.000127977,0.000639886,9
3605,3610,3607.5,0.000127977,0.000639886,9
3610,3615,3612.5,4.26591e-05,0.000213295,3
3615,3620,3617.5,8.53182e-05,0.000426591,6
3620,3625,3622.5,8.53182e-05,0.000426591,6
3625,3630,3627.5,9.95379e-05,0.000497689,7
3630,3635,3632.5,9.95379e-05,0.000497689,7
3635,3640,3637.5,9.95379e-05,0.000497689,7
3640,3645,3642.5,7.10985e-05,0.000355492,5
3645,3650,3647.5,0.000142197,0.000710985,10
3650,3655,3652.5,7.10985e-05,0.000355492,5
3655,3660,3657.5,0.000127977,0.000639886,9
3660,3665,3662.5,7.10985e-05,0.000355492,5
3665,3670,3667.5,8.53182e-05,0.000426591,6
3670,3675,3672.5,0.000127977,0.000639886,9
3675,3680,3677.5,0.000184856,0.00092428,13
3680,3685,3682.5,5.68788e-05,0.000284394,4
3685,3690,3687.5,8.53182e-05,0.000426591,6
3690,3695,3692.5,0.000113758,0.000568788,8
3695,3700,3697.5,0.000170636,0.000853182,12
3700,3705,3702.5,0.000127977,0.000639886,9
3705,3710,3707.5,0.000113758,0.000568788,8
3710,3715,3712.5,9.95379e-05,0.000497689,7
3715,3720,3717.5,9.95379e-05,0.000497689,7
3720,3725,3722.5,4.26591e-05,0.000213295,3
3725,3730,3727.5,0.000113758,0.000568788,8
3730,3735,3732.5,0.000113758,0.000568788,8
3735,3740,3737.5,9.95379e-05,0.000497689,7
3740,3745,3742.5,9.95379e-05,0.000497689,7
3745,3750,3747.5,9.95379e-05,0.000497689,7
3750,3755,3752.5,5.68788e-05,0.000284394,4
3755,3760,3757.5,8.53182e-05,0.000426591,6
3760,3765,3762.5,5.68788e-05,0.000284394,4
3765,3770,3767.5,9.95379e-05,0.000497689,7
3770,3775,3772.5,4.26591e-05,0.000213295,3
3775,3780,3777.5,2.84394e-05,0.000142197,2
3780,3785,3782.5,0.000127977,0.000639886,9
3785,3790,3787.5,0.000156417,0.000782083,11
3790,3795,3792.5,0.000113758,0.000568788,8
3795,3800,3797.5,0.000113758,0.000568788,8
3800,3805,3802.5,9.95379e-05,0.000497689,7
3805,3810,3807.5,0.000113758,0.000568788,8
3810,3815,3812.5,4.26591e-05,0.000213295,3
3815,3820,3817.5,8.53182e-05,0.000426591,6
3820,3825,3822.5,9.95379e-05,0.000497689,7
3825,3830,3827.5,0.000142197,0.000710985,10
3830,3835,3832.5,9.95379e-05,0.000497689,7
3835,3840,3837.5,0.000113758,0.000568788,8
3840,3845,3842.5,9.95379e-05,0.000497689,7
3845,3850,3847.5,0.000127977,0.000639886,9
3850,3855,3852.5,0.000113758,0.000568788,8
3855,3860,3857.5,8.53182e-05,0.000426591,6
3860,3865,3862.5,5.68788e-05,0.000284394,4
3865,3870,3867.5,9.95379e-05,0.000497689,7
3870,3875,3872.5,0.000127977,0.000639886,9
3875,3880,3877.5,0.000113758,0.000568788,8
3880,3885,3882.5,8.53182e-05,0.000426591,6
3885,3890,3887.5,0.000113758,0.000568788,8
3890,3895,3892.5,0.000127977,0.000639886,9
3895,3900,3897.5,8.53182e-05,0.000426591,6
3900,3905,3902.5,4.26591e-05,0.000213295,3
3905,3910,3907.5,0.000142197,0.000710985,10
3910,3915,3912.5,0.000184856,0.00092428,13
3915,3920,3917.5,0.000113758,0.000568788,8
3920,3925,3922.5,0.000113758,0.000568788,8
3925,3930,3927.5,4.26591e-05,0.000213295,3
3930,3935,3932.5,0.000142197,0.000710985,10
3935,3940,3937.5,7.10985e-05,0.000355492,5
3940,3945,3942.5,5.68788e-05,0.000284394,4
3945,3950,3947.5,0.000113758,0.000568788,8
3950,3955,3952.5,0.000184856,0.00092428,13
3955,3960,3957.5,0.000113758,0.000568788,8
3960,3965,3962.5,0.000113758,0.000568788,8
3965,3970,3967.5,0.000127977,0.000639886,9
3970,3975,3972.5,0.000113758,0.000568788,8
3975,3980,3977.5,9.95379e-05,0.000497689,7
3980,3985,3982.5,0.000113758,0.000568788,8
3985,3990,3987.5,1.42197e-05,7.10985e-05,1
3990,3995,3992.5,5.68788e-05,0.000284394,4
3995,4000,3997.5,8.53182e-05,0.000426591,6
4000,4005,4002.5,5.68788e-05,0.000284394,4
4005,4010,4007.5,9.95379e-05,0.000497689,7
4010,4015,4012.5,0.000170636,0.000853182,12
4015,4020,4017.5,4.26591e-05,0.000213295,3
4020,4025,4022.5,4.26591e-05,0.000213295,3
4025,4030,4027.5,8.53182e-05,0.000426591,6
4030,4035,4032.5,9.95379e-05,0.000497689,7
4035,4040,4037.5,0.000113758,0.000568788,8
4040,4045,4042.5,4.26591e-05,0.000213295,3
4045,4050,4047.5,5.68788e-05,0.000284394,4
4050,4055,4052.5,0.000156417,0.000782083,11
4055,4060,4057.5,2.84394e-05,0.000142197,2
4060,4065,4062.5,1.42197e-05,7.10985e-05,1
4065,4070,4067.5,8.53182e-05,0.000426591,6
4070,4075,4072.5,7.10985e-05,0.000355492,5
4075,4080,4077.5,9.95379e-05,0.000497689,7
4080,4085,4082.5,7.10985e-05,0.000355492,5
4085,4090,4087.5,7.10985e-05,0.000355492,5
4090,4095,4092.5,8.53182e-05,0.000426591,6
4095,4100,4097.5,9.95379e-05,0.000497689,7
4100,4105,4102.5,5.68788e-05,0.000284394,4
4105,4110,4107.5,8.53182e-05,0.000426591,6
4110,4115,4112.5,0.000113758,0.000568788,8
4115,4120,4117.5,8.53182e-05,0.000426591,6
4120,4125,4122.5,7.10985e-05,0.000355492,5
4125,4130,4127.5,4.26591e-05,0.000213295,3
4130,4135,4132.5,7.10985e-05,0.000355492,5
4135,4140,4137.5,9.95379e-05,0.000497689,7
4140,4145,4142.5,7.10985e-05,0.000355492,5
4145,4150,4147.5,0.000184856,0.00092428,13
4150,4155,4152.5,4.26591e-05,0.000213295,3
4155,4160,4157.5,2.84394e-05,0.000142197,2
4160,4165,4162.5,0.000113758,0.000568788,8
4165,4170,4167.5,0.000113758,0.000568788,8
4170,4175,4172.5,0.000127977,0.000639886,9
4175,4180,4177.5,5.68788e-05,0.000284394,4
4180,4185,4182.5,5.68788e-05,0.000284394,4
4185,4190,4187.5,0.000113758,0.000568788,8
4190,4195,4192.5,7.10985e-05,0.000355492,5
4195,4200,4197.5,9.95379e-05,0.000497689,7
4200,4205,4202.5,5.68788e-05,0.000284394,4
4205,4210,4207.5,0.000170636,0.000853182,12
4210,4215,4212.5,9.95379e-05,0.000497689,7
4215,4220,4217.5,0.000127977,0.000639886,9
4220,4225,4222.5,5.68788e-05,0.000284394,4
4225,4230,4227.5,0.000127977,0.000639886,9
4230,4235,4232.5,0.000127977,0.000639886,9
4235,4240,4237.5,9.95379e-05,0.000497689,7
4240,4245,4242.5,8.53182e-05,0.000426591,6
4245,4250,4247.5,9.95379e-05,0.000497689,7
4250,4255,4252.5,8.53182e-05,0.000426591,6
4255,4260,4257.5,0.000127977,0.000639886,9
4260,4265,4262.5,9.95379e-05,0.000497689,7
4265,4270,4267.5,8.53182e-05,0.000426591,6
4270,4275,4272.5,0.000170636,0.000853182,12
4275,4280,4277.5,5.68788e-05,0.000284394,4
4280,4285,4282.5,0.000156417,0.000782083,11
4285,4290,4287.5,9.95379e-05,0.000497689,7
4290,4295,4292.5,7.10985e-05,0.000355492,5
4295,4300,4297.5,0.000127977,0.000639886,9
4300,4305,4302.5,8.53182e-05,0.000426591,6
4305,4310,4307.5,0.000156417,0.000782083,11
4310,4315,4312.5,5.68788e-05,0.000284394,4
4315,4320,4317.5,0.000113758,0.000568788,8
4320,4325,4322.5,0.000113758,0.000568788,8
4325,4330,4327.5,0.000113758,0.000568788,8
4330,4335,4332.5,7.10985e-05,0.000355492,5
4335,4340,4337.5,9.95379e-05,0.000497689,7
4340,4345,4342.5,2.84394e-05,0.000142197,2
4345,4350,4347.5,9.95379e-05,0.000497689,7
4350,4355,4352.5,4.26591e-05,0.000213295,3
4355,4360,4357.5,5.68788e-05,0.000284394,4
4360,4365,4362.5,5.68788e-05,0.000284394,4
4365,4370,4367.5,4.26591e-05,0.000213295,3
4370,4375,4372.5,2.84394e-05,0.000142197,2
4375,4380,4377.5,4.26591e-05,0.000213295,3
4380,4385,4382.5,1.42197e-05,7.10985e-05,1
4385,4390,4387.5,4.26591e-05,0.000213295,3
4390,4395,4392.5,2.84394e-05,0.000142197,2
4395,4400,4397.5,4.26591e-05,0.000213295,3
4400,4405,4402.5,7.10985e-05,0.000355492,5
4405,4410,4407.5,8.53182e-05,0.000426591,6
4410,4415,4412.5,4.26591e-05,0.000213295,3
4415,4420,4417.5,5.68788e-05,0.000284394,4
4420,4425,4422.5,2.84394e-05,0.000142197,2
4425,4430,4427.5,2.84394e-05,0.000142197,2
4430,4435,4432.5,2.84394e-05,0.000142197,2
4435,4440,4437.5,4.26591e-05,0.000213295,3
4440,4445,4442.5,7.10985e-05,0.000355492,5
4445,4450,4447.5,4.26591e-05,0.000213295,3
4450,4455,4452.5,4.26591e-05,0.000213295,3
4455,4460,4457.5,8.53182e-05,0.000426591,6
4460,4465,4462.5,2.84394e-05,0.000142197,2
4465,4470,4467.5,1.42197e-05,7.10985e-05,1
4470,4475,4472.5,2.84394e-05,0.000142197,2
4480,4485,4482.5,4.26591e-05,0.000213295,3
4485,4490,4487.5,5.68788e-05,0.000284394,4
4490,4495,4492.5,7.10985e-05,0.000355492,5
4495,4500,4497.5,5.68788e-05,0.000284394,4
4500,4505,4502.5,5.68788e-05,0.000284394,4
4505,4510,4507.5,2.84394e-05,0.000142197,2
4510,4515,4512.5,7.10985e-05,0.000355492,5
4515,4520,4517.5,4.26591e-05,0.000213295,3
4520,4525,4522.5,7.10985e-05,0.000355492,5
4525,4530,4527.5,4.26591e-05,0.000213295,3
4530,4535,4532.5,2.84394e-05,0.000142197,2
4535,4540,4537.5,4.26591e-05,0.000213295,3
4540,4545,4542.5,7.10985e-05,0.000355492,5
4545,4550,4547.5,4.26591e-05,0.000213295,3
4550,4555,4552.5,4.26591e-05,0.000213295,3
4555,4560,4557.5,2.84394e-05,0.000142197,2
4560,4565,4562.5,2.84394e-05,0.000142197,2
4565,4570,4567.5,4.26591e-05,0.000213295,3
4570,4575,4572.5,1.42197e-05,7.10985e-05,1
4575,4580,4577.5,4.26591e-05,0.000213295,3
4580,4585,4582.5,2.84394e-05,0.000142197,2
4585,4590,4587.5,2.84394e-05,0.000142197,2
4590,4595,4592.5,4.26591e-05,0.000213295,3
4600,4605,4602.5,4.26591e-05,0.000213295,3
4605,4610,4607.5,1.42197e-05,7.10985e-05,1
4610,4615,4612.5,2.84394e-05,0.000142197,2
4615,4620,4617.5,2.84394e-05,0.000142197,2
4625,4630,4627.5,7.10985e-05,0.000355492,5
4630,4635,4632.5,1.42197e-05,7.10985e-05,1
4635,4640,4637.5,5.68788e-05,0.000284394,4
4645,4650,4647.5,5.68788e-05,0.000284394,4
4650,4655,4652.5,1.42197e-05,7.10985e-05,1
4660,4665,4662.5,1.42197e-05,7.10985e-05,1
4665,4670,4667.5,1.42197e-05,7.10985e-05,1
4670,4675,4672.5,4.26591e-05,0.000213295,3
4675,4680,4677.5,1.42197e-05,7.10985e-05,1
4685,4690,4687.5,2.84394e-05,0.000142197,2
4690,4695,4692.5,1.42197e-05,7.10985e-05,1
4695,4700,4697.5,1.42197e-05,7.10985e-05,1
4700,4705,4702.5,2.84394e-05,0.000142197,2
4715,4720,4717.5,7.10985e-05,0.000355492,5
4720,4725,4722.5,4.26591e-05,0.000213295,3
4725,4730,4727.5,7.10985e-05,0.000355492,5
4730,4735,4732.5,7.10985e-05,0.000355492,5
4735,4740,4737.5,5.68788e-05,0.000284394,4
4740,4745,4742.5,1.42197e-05,7.10985e-05,1
4745,4750,4747.5,2.84394e-05,0.000142197,2
4750,4755,4752.5,1.42197e-05,7.10985e-05,1
4755,4760,4757.5,1.42197e-05,7.10985e-05,1
4760,4765,4762.5,7.10985e-05,0.000355492,5
4765,4770,4767.5,1.42197e-05,7.10985e-05,1
4770,4775,4772.5,2.84394e-05,0.000142197,2
4775,4780,4777.5,4.26591e-05,0.000213295,3
4780,4785,4782.5,2.84394e-05,0.000142197,2
4785,4790,4787.5,1.42197e-05,7.10985e-05,1
4790,4795,4792.5,9.95379e-05,0.000497689,7
4795,4800,4797.5,8.53182e-05,0.000426591,6
4800,4805,4802.5,1.42197e-05,7.10985e-05,1
4815,4820,4817.5,1.42197e-05,7.10985e-05,1
4820,4825,4822.5,4.26591e-05,0.000213295,3
4825,4830,4827.5,1.42197e-05,7.10985e-05,1
4830,4835,4832.5,9.95379e-05,0.000497689,7
4835,4840,4837.5,1.42197e-05,7.10985e-05,1
4840,4845,4842.5,1.42197e-05,7.10985e-05,1
4845,4850,4847.5,2.84394e-05,0.000142197,2
4850,4855,4852.5,8.53182e-05,0.000426591,6
4855,4860,4857.5,1.42197e-05,7.10985e-05,1
4870,4875,4872.5,8.53182e-05,0.000426591,6
4875,4880,4877.5,1.42197e-05,7.10985e-05,1
4880,4885,4882.5,1.42197e-05,7.10985e-05,1
4885,4890,4887.5,1.42197e-05,7.10985e-05,1
4890,4895,4892.5,1.42197e-05,7.10985e-05,1
4895,4900,4897.5,5.68788e-05,0.000284394,4
4900,4905,4902.5,4.26591e-05,0.000213295,3
4905,4910,4907.5,1.42197e-05,7.10985e-05,1
4910,4915,4912.5,2.84394e-05,0.000142197,2
4920,4925,4922.5,1.42197e-05,7.10985e-05,1
4925,4930,4927.5,1.42197e-05,7.10985e-05,1
4935,4940,4937.5,8.53182e-05,0.000426591,6
4940,4945,4942.5,2.84394e-05,0.000142197,2
4950,4955,4952.5,1.42197e-05,7.10985e-05,1
4955,4960,4957.5,1.42197e-05,7.10985e-05,1
4960,4965,4962.5,1.42197e-05,7.10985e-05,1
4965,4970,4967.5,2.84394e-05,0.000142197,2
4975,4980,4977.5,4.26591e-05,0.000213295,3
4985,4990,4987.5,2.84394e-05,0.000142197,2
4990,4995,4992.5,1.42197e-05,7.10985e-05,1
4995,5000,4997.5,2.84394e-05,0.000142197,2
5000,5005,5002.5,8.53182e-05,0.000426591,6
5005,5010,5007.5,2.84394e-05,0.000142197,2
5010,5015,5012.5,1.42197e-05,7.10985e-05,1
5015,5020,5017.5,1.42197e-05,7.10985e-05,1
5025,5030,5027.5,5.68788e-05,0.000284394,4
5030,5035,5032.5,1.42197e-05,7.10985e-05,1
5035,5040,5037.5,2.84394e-05,0.000142197,2
5040,5045,5042.5,1.42197e-05,7.10985e-05,1
5045,5050,5047.5,2.84394e-05,0.000142197,2
5050,5055,5052.5,5.68788e-05,0.000284394,4
5055,5060,5057.5,5.68788e-05,0.000284394,4
5060,5065,5062.5,1.42197e-05,7.10985e-05,1
5065,5070,5067.5,4.26591e-05,0.000213295,3
5070,5075,5072.5,2.84394e-05,0.000142197,2
5075,5080,5077.5,1.42197e-05,7.10985e-05,1
5080,5085,5082.5,1.42197e-05,7.10985e-05,1
5085,5090,5087.5,1.42197e-05,7.10985e-05,1
5090,5095,5092.5,2.84394e-05,0.000142197,2
5100,5105,5102.5,2.84394e-05,0.000142197,2
5105,5110,5107.5,2.84394e-05,0.000142197,2
5110,5115,5112.5,1.42197e-05,7.10985e-05,1
5115,5120,5117.5,5.68788e-05,0.000284394,4
5120,5125,5122.5,2.84394e-05,0.000142197,2
5125,5130,5127.5,1.42197e-05,7.10985e-05,1
5135,5140,5137.5,1.42197e-05,7.10985e-05,1
5145,5150,5147.5,1.42197e-05,7.10985e-05,1
5155,5160,5157.5,4.26591e-05,0.000213295,3
5160,5165,5162.5,1.42197e-05,7.10985e-05,1
5170,5175,5172.5,4.26591e-05,0.000213295,3
5175,5180,5177.5,4.26591e-05,0.000213295,3
5180,5185,5182.5,1.42197e-05,7.10985e-05,1
5185,5190,5187.5,4.26591e-05,0.000213295,3
5190,5195,5192.5,1.42197e-05,7.10985e-05,1
5195,5200,5197.5,1.42197e-05,7.10985e-05,1
5200,5205,5202.5,2.84394e-05,0.000142197,2
5205,5210,5207.5,2.84394e-05,0.000142197,2
5210,5215,5212.5,4.26591e-05,0.000213295,3
5215,5220,5217.5,2.84394e-05,0.000142197,2
5220,5225,5222.5,2.84394e-05,0.000142197,2
5225,5230,5227.5,2.84394e-05,0.000142197,2
5230,5235,5232.5,1.42197e-05,7.10985e-05,1
5235,5240,5237.5,4.26591e-05,0.000213295,3
5240,5245,5242.5,1.42197e-05,7.10985e-05,1
5250,5255,5252.5,2.84394e-05,0.000142197,2
5255,5260,5257.5,2.84394e-05,0.000142197,2
5260,5265,5262.5,4.26591e-05,0.000213295,3
5265,5270,5267.5,1.42197e-05,7.10985e-05,1
5275,5280,5277.5,2.84394e-05,0.000142197,2
5280,5285,5282.5,1.42197e-05,7.10985e-05,1
5285,5290,5287.5,4.26591e-05,0.000213295,3
5290,5295,5292.5,1.42197e-05,7.10985e-05,1
5295,5300,5297.5,1.42197e-05,7.10985e-05,1
5300,5305,5302.5,5.68788e-05,0.000284394,4
5305,5310,5307.5,4.26591e-05,0.000213295,3
5310,5315,5312.5,4.26591e-05,0.000213295,3
5315,5320,5317.5,1.42197e-05,7.10985e-05,1
5320,5325,5322.5,2.84394e-05,0.000142197,2
5325,5330,5327.5,4.26591e-05,0.000213295,3
5330,5335,5332.5,5.68788e-05,0.000284394,4
5340,5345,5342.5,4.26591e-05,0.000213295,3
5345,5350,5347.5,2.84394e-05,0.000142197,2
5350,5355,5352.5,1.42197e-05,7.10985e-05,1
5355,5360,5357.5,1.42197e-05,7.10985e-05,1
5360,5365,5362.5,1.42197e-05,7.10985e-05,1
5365,5370,5367.5,1.42197e-05,7.10985e-05,1
5370,5375,5372.5,8.53182e-05,0.000426591,6
5375,5380,5377.5,2.84394e-05,0.000142197,2
5380,5385,5382.5,1.42197e-05,7.10985e-05,1
5385,5390,5387.5,1.42197e-05,7.10985e-05,1
5390,5395,5392.5,1.42197e-05,7.10985e-05,1
5395,5400,5397.5,2.84394e-05,0.000142197,2
5400,5405,5402.5,1.42197e-05,7.10985e-05,1
5405,5410,5407.5,2.84394e-05,0.000142197,2
5410,5415,5412.5,1.42197e-05,7.10985e-05,1
5415,5420,5417.5,1.42197e-05,7.10985e-05,1
5420,5425,5422.5,2.84394e-05,0.000142197,2
5425,5430,5427.5,1.42197e-05,7.10985e-05,1
5430,5435,5432.5,4.26591e-05,0.000213295,3
5435,5440,5437.5,4.26591e-05,0.000213295,3
5440,5445,5442.5,2.84394e-05,0.000142197,2
5445,5450,5447.5,2.84394e-05,0.000142197,2
5450,5455,5452.5,1.42197e-05,7.10985e-05,1
5455,5460,5457.5,2.84394e-05,0.000142197,2
5460,5465,5462.5,2.84394e-05,0.000142197,2
5465,5470,5467.5,1.42197e-05,7.10985e-05,1
5470,5475,5472.5,2.84394e-05,0.000142197,2
5480,5485,5482.5,4.26591e-05,0.000213295,3
5485,5490,5487.5,4.26591e-05,0.000213295,3
5490,5495,5492.5,2.84394e-05,0.000142197,2
5495,5500,5497.5,4.26591e-05,0.000213295,3
5500,5505,5502.5,1.42197e-05,7.10985e-05,1
5505,5510,5507.5,4.26591e-05,0.000213295,3
5510,5515,5512.5,1.42197e-05,7.10985e-05,1
5520,5525,5522.5,1.42197e-05,7.10985e-05,1
5530,5535,5532.5,4.26591e-05,0.000213295,3
5535,5540,5537.5,4.26591e-05,0.000213295,3
5545,5550,5547.5,1.42197e-05,7.10985e-05,1
5550,5555,5552.5,2.84394e-05,0.000142197,2
5555,5560,5557.5,2.84394e-05,0.000142197,2
5560,5565,5562.5,1.42197e-05,7.10985e-05,1
5565,5570,5567.5,2.84394e-05,0.000142197,2
5570,5575,5572.5,4.26591e-05,0.000213295,3
5575,5580,5577.5,5.68788e-05,0.000284394,4
5580,5585,5582.5,2.84394e-05,0.000142197,2
5585,5590,5587.5,2.84394e-05,0.000142197,2
5590,5595,5592.5,1.42197e-05,7.10985e-05,1
5595,5600,5597.5,1.42197e-05,7.10985e-05,1
5600,5605,5602.5,1.42197e-05,7.10985e-05,1
5605,5610,5607.5,5.68788e-05,0.000284394,4
5610,5615,5612.5,1.42197e-05,7.10985e-05,1
5620,5625,5622.5,1.42197e-05,7.10985e-05,1
5625,5630,5627.5,1.42197e-05,7.10985e-05,1
5630,5635,5632.5,1.42197e-05,7.10985e-05,1
5640,5645,5642.5,4.26591e-05,0.000213295,3
5645,5650,5647.5,4.26591e-05,0.000213295,3
5650,5655,5652.5,4.26591e-05,0.000213295,3
5655,5660,5657.5,4.26591e-05,0.000213295,3
5660,5665,5662.5,1.42197e-05,7.10985e-05,1
5665,5670,5667.5,2.84394e-05,0.000142197,2
5670,5675,5672.5,1.42197e-05,7.10985e-05,1
5675,5680,5677.5,4.26591e-05,0.000213295,3
5680,5685,5682.5,1.42197e-05,7.10985e-05,1
5685,5690,5687.5,1.42197e-05,7.10985e-05,1
5690,5695,5692.5,4.26591e-05,0.000213295,3
5695,5700,5697.5,4.26591e-05,0.000213295,3
5705,5710,5707.5,2.84394e-05,0.000142197,2
5715,5720,5717.5,1.42197e-05,7.10985e-05,1
5720,5725,5722.5,5.68788e-05,0.000284394,4
5725,5730,5727.5,2.84394e-05,0.000142197,2
5730,5735,5732.5,1.42197e-05,7.10985e-05,1
5735,5740,5737.5,1.42197e-05,7.10985e-05,1
5740,5745,5742.5,1.42197e-05,7.10985e-05,1
5745,5750,5747.5,2.84394e-05,0.000142197,2
5750,5755,5752.5,4.26591e-05,0.000213295,3
5755,5760,5757.5,5.68788e-05,0.000284394,4
5760,5765,5762.5,1.42197e-05,7.10985e-05,1
5770,5775,5772.5,4.26591e-05,0.000213295,3
5775,5780,5777.5,1.42197e-05,7.10985e-05,1
5780,5785,5782.5,1.42197e-05,7.10985e-05,1
5795,5800,5797.5,4.26591e-05,0.000213295,3
5805,5810,5807.5,1.42197e-05,7.10985e-05,1
5810,5815,5812.5,4.26591e-05,0.000213295,3
5815,5820,5817.5,1.42197e-05,7.10985e-05,1
5820,5825,5822.5,1.42197e-05,7.10985e-05,1
5825,5830,5827.5,2.84394e-05,0.000142197,2
5830,5835,5832.5,1.42197e-05,7.10985e-05,1
5850,5855,5852.5,4.26591e-05,0.000213295,3
5855,5860,5857.5,1.42197e-05,7.10985e-05,1
5860,5865,5862.5,2.84394e-05,0.000142197,2
5870,5875,5872.5,1.42197e-05,7.10985e-05,1
5880,5885,5882.5,1.42197e-05,7.10985e-05,1
5885,5890,5887.5,1.42197e-05,7.10985e-05,1
5895,5900,5897.5,1.42197e-05,7.10985e-05,1
5900,5905,5902.5,1.42197e-05,7.10985e-05,1
5905,5910,5907.5,1.42197e-05,7.10985e-05,1
5910,5915,5912.5,2.84394e-05,0.000142197,2
5915,5920,5917.5,2.84394e-05,0.000142197,2
5930,5935,5932.5,4.26591e-05,0.000213295,3
5935,5940,5937.5,5.68788e-05,0.000284394,4
5940,5945,5942.5,4.26591e-05,0.000213295,3
5945,5950,5947.5,1.42197e-05,7.10985e-05,1
5950,5955,5952.5,7.10985e-05,0.000355492,5
5955,5960,5957.5,1.42197e-05,7.10985e-05,1
5960,5965,5962.5,2.84394e-05,0.000142197,2
5970,5975,5972.5,2.84394e-05,0.000142197,2
5975,5980,5977.5,1.42197e-05,7.10985e-05,1
5980,5985,5982.5,5.68788e-05,0.000284394,4
5990,5995,5992.5,1.42197e-05,7.10985e-05,1
5995,6000,5997.5,2.84394e-05,0.000142197,2
6000,6005,6002.5,1.42197e-05,7.10985e-05,1
6005,6010,6007.5,2.84394e-05,0.000142197,2
6010,6015,6012.5,2.84394e-05,0.000142197,2
6020,6025,6022.5,1.42197e-05,7.10985e-05,1
6030,6035,6032.5,1.42197e-05,7.10985e-05,1
6035,6040,6037.5,4.26591e-05,0.000213295,3
6040,6045,6042.5,1.42197e-05,7.10985e-05,1
6045,6050,6047.5,2.84394e-05,0.000142197,2
6055,6060,6057.5,5.68788e-05,0.000284394,4
6060,6065,6062.5,2.84394e-05,0.000142197,2
6065,6070,6067.5,2.84394e-05,0.000142197,2
6070,6075,6072.5,1.42197e-05,7.10985e-05,1
6080,6085,6082.5,1.42197e-05,7.10985e-05,1
6085,6090,6087.5,1.42197e-05,7.10985e-05,1
6090,6095,6092.5,2.84394e-05,0.000142197,2
6095,6100,6097.5,2.84394e-05,0.000142197,2
6100,6105,6102.5,1.42197e-05,7.10985e-05,1
6105,6110,6107.5,1.42197e-05,7.10985e-05,1
6110,6115,6112.5,1.42197e-05,7.10985e-05,1
6115,6120,6117.5,4.26591e-05,0.000213295,3
6120,6125,6122.5,1.42197e-05,7.10985e-05,1
6125,6130,6127.5,4.26591e-05,0.000213295,3
6130,6135,6132.5,5.68788e-05,0.000284394,4
6135,6140,6137.5,1.42197e-05,7.10985e-05,1
6145,6150,6147.5,2.84394e-05,0.000142197,2
6150,6155,6152.5,7.10985e-05,0.000355492,5
6155,6160,6157.5,1.42197e-05,7.10985e-05,1
6160,6165,6162.5,1.42197e-05,7.10985e-05,1
6165,6170,6167.5,1.42197e-05,7.10985e-05,1
6170,6175,6172.5,2.84394e-05,0.000142197,2
6175,6180,6177.5,4.26591e-05,0.000213295,3
6180,6185,6182.5,1.42197e-05,7.10985e-05,1
6185,6190,6187.5,1.42197e-05,7.10985e-05,1
6195,6200,6197.5,1.42197e-05,7.10985e-05,1
6200,6205,6202.5,2.84394e-05,0.000142197,2
6205,6210,6207.5,1.42197e-05,7.10985e-05,1
6210,6215,6212.5,4.26591e-05,0.000213295,3
6220,6225,6222.5,4.26591e-05,0.000213295,3
6225,6230,6227.5,4.26591e-05,0.000213295,3
6235,6240,6237.5,1.42197e-05,7.10985e-05,1
6245,6250,6247.5,2.84394e-05,0.000142197,2
6250,6255,6252.5,1.42197e-05,7.10985e-05,1
6260,6265,6262.5,1.42197e-05,7.10985e-05,1
6265,6270,6267.5,1.42197e-05,7.10985e-05,1
6275,6280,6277.5,2.84394e-05,0.000142197,2
6280,6285,6282.5,1.42197e-05,7.10985e-05,1
6285,6290,6287.5,1.42197e-05,7.10985e-05,1
6290,6295,6292.5,4.26591e-05,0.000213295,3
6295,6300,6297.5,2.84394e-05,0.000142197,2
6300,6305,6302.5,5.68788e-05,0.000284394,4
6305,6310,6307.5,1.42197e-05,7.10985e-05,1
6310,6315,6312.5,4.26591e-05,0.000213295,3
6315,6320,6317.5,2.84394e-05,0.000142197,2
6320,6325,6322.5,4.26591e-05,0.000213295,3
6330,6335,6332.5,4.26591e-05,0.000213295,3
6345,6350,6347.5,2.84394e-05,0.000142197,2
6350,6355,6352.5,4.26591e-05,0.000213295,3
6355,6360,6357.5,2.84394e-05,0.000142197,2
6360,6365,6362.5,2.84394e-05,0.000142197,2
6365,6370,6367.5,2.84394e-05,0.000142197,2
6370,6375,6372.5,2.84394e-05,0.000142197,2
6375,6380,6377.5,1.42197e-05,7.10985e-05,1
6380,6385,6382.5,1.42197e-05,7.10985e-05,1
6385,6390,6387.5,1.42197e-05,7.10985e-05,1
6390,6395,6392.5,1.42197e-05,7.10985e-05,1
6395,6400,6397.5,4.26591e-05,0.000213295,3
6400,6405,6402.5,2.84394e-05,0.000142197,2
6405,6410,6407.5,1.42197e-05,7.10985e-05,1
6410,6415,6412.5,8.53182e-05,0.000426591,6
6415,6420,6417.5,4.26591e-05,0.000213295,3
6420,6425,6422.5,2.84394e-05,0.000142197,2
6425,6430,6427.5,4.26591e-05,0.000213295,3
6430,6435,6432.5,1.42197e-05,7.10985e-05,1
6435,6440,6437.5,4.26591e-05,0.000213295,3
6440,6445,6442.5,1.42197e-05,7.10985e-05,1
6455,6460,6457.5,2.84394e-05,0.000142197,2
6460,6465,6462.5,1.42197e-05,7.10985e-05,1
6465,6470,6467.5,2.84394e-05,0.000142197,2
6470,6475,6472.5,1.42197e-05,7.10985e-05,1
6475,6480,6477.5,1.42197e-05,7.10985e-05,1
6480,6485,6482.5,1.42197e-05,7.10985e-05,1
6485,6490,6487.5,1.42197e-05,7.10985e-05,1
6490,6495,6492.5,2.84394e-05,0.000142197,2
6495,6500,6497.5,1.42197e-05,7.10985e-05,1
6505,6510,6507.5,1.42197e-05,7.10985e-05,1
6510,6515,6512.5,2.84394e-05,0.000142197,2
6530,6535,6532.5,1.42197e-05,7.10985e-05,1
6540,6545,6542.5,4.26591e-05,0.000213295,3
6550,6555,6552.5,1.42197e-05,7.10985e-05,1
6555,6560,6557.5,1.42197e-05,7.10985e-05,1
6560,6565,6562.5,4.26591e-05,0.000213295,3
6565,6570,6567.5,1.42197e-05,7.10985e-05,1
6570,6575,6572.5,1.42197e-05,7.10985e-05,1
6575,6580,6577.5,1.42197e-05,7.10985e-05,1
6580,6585,6582.5,1.42197e-05,7.10985e-05,1
6585,6590,6587.5,1.42197e-05,7.10985e-05,1
6590,6595,6592.5,2.84394e-05,0.000142197,2
6595,6600,6597.5,1.42197e-05,7.10985e-05,1
6600,6605,6602.5,5.68788e-05,0.000284394,4
6610,6615,6612.5,1.42197e-05,7.10985e-05,1
6620,6625,6622.5,1.42197e-05,7.10985e-05,1
6625,6630,6627.5,2.84394e-05,0.000142197,2
6630,6635,6632.5,2.84394e-05,0.000142197,2
6635,6640,6637.5,1.42197e-05,7.10985e-05,1
6650,6655,6652.5,4.26591e-05,0.000213295,3
6655,6660,6657.5,1.42197e-05,7.10985e-05,1
6660,6665,6662.5,1.42197e-05,7.10985e-05,1
6670,6675,6672.5,1.42197e-05,7.10985e-05,1
6675,6680,6677.5,4.26591e-05,0.000213295,3
6680,6685,6682.5,1.42197e-05,7.10985e-05,1
6685,6690,6687.5,5.68788e-05,0.000284394,4
6690,6695,6692.5,2.84394e-05,0.000142197,2
6695,6700,6697.5,1.42197e-05,7.10985e-05,1
6700,6705,6702.5,2.84394e-05,0.000142197,2
6705,6710,6707.5,1.42197e-05,7.10985e-05,1
6710,6715,6712.5,1.42197e-05,7.10985e-05,1
6720,6725,6722.5,1.42197e-05,7.10985e-05,1
6725,6730,6727.5,4.26591e-05,0.000213295,3
6730,6735,6732.5,5.68788e-05,0.000284394,4
6735,6740,6737.5,1.42197e-05,7.10985e-05,1
6745,6750,6747.5,2.84394e-05,0.000142197,2
6750,6755,6752.5,2.84394e-05,0.000142197,2
6760,6765,6762.5,7.10985e-05,0.000355492,5
6775,6780,6777.5,2.84394e-05,0.000142197,2
6785,6790,6787.5,1.42197e-05,7.10985e-05,1
6790,6795,6792.5,1.42197e-05,7.10985e-05,1
6795,6800,6797.5,2.84394e-05,0.000142197,2
6800,6805,6802.5,1.42197e-05,7.10985e-05,1
6805,6810,6807.5,1.42197e-05,7.10985e-05,1
6810,6815,6812.5,1.42197e-05,7.10985e-05,1
6815,6820,6817.5,4.26591e-05,0.000213295,3
6820,6825,6822.5,2.84394e-05,0.000142197,2
6830,6835,6832.5,1.42197e-05,7.10985e-05,1
6835,6840,6837.5,5.68788e-05,0.000284394,4
6845,6850,6847.5,1.42197e-05,7.10985e-05,1
6850,6855,6852.5,1.42197e-05,7.10985e-05,1
6855,6860,6857.5,1.42197e-05,7.10985e-05,1
6865,6870,6867.5,1.42197e-05,7.10985e-05,1
6870,6875,6872.5,2.84394e-05,0.000142197,2
6875,6880,6877.5,2.84394e-05,0.000142197,2
6880,6885,6882.5,1.42197e-05,7.10985e-05,1
6885,6890,6887.5,1.42197e-05,7.10985e-05,1
6895,6900,6897.5,2.84394e-05,0.000142197,2
6900,6905,6902.5,1.42197e-05,7.10985e-05,1
6910,6915,6912.5,1.42197e-05,7.10985e-05,1
6915,6920,6917.5,2.84394e-05,0.000142197,2
6920,6925,6922.5,1.42197e-05,7.10985e-05,1
6925,6930,6927.5,5.68788e-05,0.000284394,4
6930,6935,6932.5,2.84394e-05,0.000142197,2
6935,6940,6937.5,2.84394e-05,0.000142197,2
6945,6950,6947.5,1.42197e-05,7.10985e-05,1
6950,6955,6952.5,1.42197e-05,7.10985e-05,1
6955,6960,6957.5,2.84394e-05,0.000142197,2
6960,6965,6962.5,2.84394e-05,0.000142197,2
6970,6975,6972.5,2.84394e-05,0.000142197,2
6975,6980,6977.5,1.42197e-05,7.10985e-05,1
6980,6985,6982.5,2.84394e-05,0.000142197,2
6985,6990,6987.5,1.42197e-05,7.10985e-05,1
6995,7000,6997.5,1.42197e-05,7.10985e-05,1
7000,7005,7002.5,4.26591e-05,0.000213295,3
7005,7010,7007.5,4.26591e-05,0.000213295,3
7010,7015,7012.5,1.42197e-05,7.10985e-05,1
7015,7020,7017.5,2.84394e-05,0.000142197,2
7020,7025,7022.5,1.42197e-05,7.10985e-05,1
7025,7030,7027.5,1.42197e-05,7.10985e-05,1
7030,7035,7032.5,1.42197e-05,7.10985e-05,1
7035,7040,7037.5,1.42197e-05,7.10985e-05,1
7040,7045,7042.5,1.42197e-05,7.10985e-05,1
7045,7050,7047.5,4.26591e-05,0.000213295,3
7050,7055,7052.5,2.84394e-05,0.000142197,2
7055,7060,7057.5,2.84394e-05,0.000142197,2
7065,7070,7067.5,1.42197e-05,7.10985e-05,1
7070,7075,7072.5,1.42197e-05,7.10985e-05,1
7075,7080,7077.5,2.84394e-05,0.000142197,2
7080,7085,7082.5,1.42197e-05,7.10985e-05,1
7090,7095,7092.5,1.42197e-05,7.10985e-05,1
7095,7100,7097.5,1.42197e-05,7.10985e-05,1
7105,7110,7107.5,1.42197e-05,7.10985e-05,1
7110,7115,7112.5,4.26591e-05,0.000213295,3
7120,7125,7122.5,2.84394e-05,0.000142197,2
7130,7135,7132.5,2.84394e-05,0.000142197,2
7135,7140,7137.5,1.42197e-05,7.10985e-05,1
7140,7145,7142.5,2.84394e-05,0.000142197,2
7145,7150,7147.5,2.84394e-05,0.000142197,2
7150,7155,7152.5,1.42197e-05,7.10985e-05,1
7155,7160,7157.5,2.84394e-05,0.000142197,2
7160,7165,7162.5,5.68788e-05,0.000284394,4
7165,7170,7167.5,1.42197e-05,7.10985e-05,1
7175,7180,7177.5,2.84394e-05,0.000142197,2
7180,7185,7182.5,4.26591e-05,0.000213295,3
7185,7190,7187.5,5.68788e-05,0.000284394,4
7190,7195,7192.5,2.84394e-05,0.000142197,2
7195,7200,7197.5,2.84394e-05,0.000142197,2
7200,7205,7202.5,1.42197e-05,7.10985e-05,1
7205,7210,7207.5,2.84394e-05,0.000142197,2
7215,7220,7217.5,2.84394e-05,0.000142197,2
7220,7225,7222.5,1.42197e-05,7.10985e-05,1
7225,7230,7227.5,1.42197e-05,7.10985e-05,1
7235,7240,7237.5,1.42197e-05,7.10985e-05,1
7245,7250,7247.5,2.84394e-05,0.000142197,2
7250,7255,7252.5,2.84394e-05,0.000142197,2
7255,7260,7257.5,5.68788e-05,0.000284394,4
7260,7265,7262.5,1.42197e-05,7.10985e-05,1
7265,7270,7267.5,1.42197e-05,7.10985e-05,1
7270,7275,7272.5,1.42197e-05,7.10985e-05,1
7275,7280,7277.5,2.84394e-05,0.000142197,2
7280,7285,7282.5,1.42197e-05,7.10985e-05,1
7285,7290,7287.5,2.84394e-05,0.000142197,2
7290,7295,7292.5,1.42197e-05,7.10985e-05,1
7300,7305,7302.5,1.42197e-05,7.10985e-05,1
7305,7310,7307.5,1.42197e-05,7.10985e-05,1
7310,7315,7312.5,2.84394e-05,0.000142197,2
7315,7320,7317.5,2.84394e-05,0.000142197,2
7320,7325,7322.5,1.42197e-05,7.10985e-05,1
7325,7330,7327.5,4.26591e-05,0.000213295,3
7330,7335,7332.5,2.84394e-05,0.000142197,2
7335,7340,7337.5,5.68788e-05,0.000284394,4
7345,7350,7347.5,1.42197e-05,7.10985e-05,1
7350,7355,7352.5,1.42197e-05,7.10985e-05,1
7355,7360,7357.5,2.84394e-05,0.000142197,2
7370,7375,7372.5,4.26591e-05,0.000213295,3
7375,7380,7377.5,1.42197e-05,7.10985e-05,1
7380,7385,7382.5,2.84394e-05,0.000142197,2
7395,7400,7397.5,2.84394e-05,0.000142197,2
7400,7405,7402.5,1.42197e-05,7.10985e-05,1
7405,7410,7407.5,2.84394e-05,0.000142197,2
7420,7425,7422.5,1.42197e-05,7.10985e-05,1
7425,7430,7427.5,1.42197e-05,7.10985e-05,1
7435,7440,7437.5,1.42197e-05,7.10985e-05,1
7455,7460,7457.5,1.42197e-05,7.10985e-05,1
7460,7465,7462.5,1.42197e-05,7.10985e-05,1
7470,7475,7472.5,2.84394e-05,0.000142197,2
7480,7485,7482.5,1.42197e-05,7.10985e-05,1
7485,7490,7487.5,4.26591e-05,0.000213295,3
7490,7495,7492.5,1.42197e-05,7.10985e-05,1
7500,7505,7502.5,1.42197e-05,7.10985e-05,1
7505,7510,7507.5,1.42197e-05,7.10985e-05,1
7510,7515,7512.5,4.26591e-05,0.000213295,3
7515,7520,7517.5,1.42197e-05,7.10985e-05,1
7520,7525,7522.5,1.42197e-05,7.10985e-05,1
7525,7530,7527.5,4.26591e-05,0.000213295,3
7530,7535,7532.5,1.42197e-05,7.10985e-05,1
7540,7545,7542.5,1.42197e-05,7.10985e-05,1
7550,7555,7552.5,2.84394e-05,0.000142197,2
7555,7560,7557.5,5.68788e-05,0.000284394,4
7565,7570,7567.5,1.42197e-05,7.10985e-05,1
7570,7575,7572.5,2.84394e-05,0.000142197,2
7580,7585,7582.5,4.26591e-05,0.000213295,3
7585,7590,7587.5,1.42197e-05,7.10985e-05,1
7590,7595,7592.5,1.42197e-05,7.10985e-05,1
7600,7605,7602.5,1.42197e-05,7.10985e-05,1
7605,7610,7607.5,1.42197e-05,7.10985e-05,1
7610,7615,7612.5,1.42197e-05,7.10985e-05,1
7620,7625,7622.5,1.42197e-05,7.10985e-05,1
7630,7635,7632.5,1.42197e-05,7.10985e-05,1
7635,7640,7637.5,4.26591e-05,0.000213295,3
7650,7655,7652.5,2.84394e-05,0.000142197,2
7655,7660,7657.5,1.42197e-05,7.10985e-05,1
7665,7670,7667.5,1.42197e-05,7.10985e-05,1
7670,7675,7672.5,2.84394e-05,0.000142197,2
7675,7680,7677.5,1.42197e-05,7.10985e-05,1
7680,7685,7682.5,2.84394e-05,0.000142197,2
7685,7690,7687.5,1.42197e-05,7.10985e-05,1
7695,7700,7697.5,2.84394e-05,0.000142197,2
7700,7705,7702.5,1.42197e-05,7.10985e-05,1
7705,7710,7707.5,1.42197e-05,7.10985e-05,1
7710,7715,7712.5,1.42197e-05,7.10985e-05,1
7715,7720,7717.5,2.84394e-05,0.000142197,2
7720,7725,7722.5,1.42197e-05,7.10985e-05,1
7725,7730,7727.5,1.42197e-05,7.10985e-05,1
7745,7750,7747.5,1.42197e-05,7.10985e-05,1
7755,7760,7757.5,4.26591e-05,0.000213295,3
7800,7805,7802.5,1.42197e-05,7.10985e-05,1
7805,7810,7807.5,2.84394e-05,0.000142197,2
7810,7815,7812.5,1.42197e-05,7.10985e-05,1
7835,7840,7837.5,4.26591e-05,0.000213295,3
7840,7845,7842.5,1.42197e-05,7.10985e-05,1
7850,7855,7852.5,2.84394e-05,0.000142197,2
7855,7860,7857.5,1.42197e-05,7.10985e-05,1
7860,7865,7862.5,2.84394e-05,0.000142197,2
7870,7875,7872.5,1.42197e-05,7.10985e-05,1
7890,7895,7892.5,1.42197e-05,7.10985e-05,1
7895,7900,7897.5,5.68788e-05,0.000284394,4
7900,7905,7902.5,1.42197e-05,7.10985e-05,1
7920,7925,7922.5,1.42197e-05,7.10985e-05,1
7925,7930,7927.5,1.42197e-05,7.10985e-05,1
7930,7935,7932.5,2.84394e-05,0.000142197,2
7940,7945,7942.5,1.42197e-05,7.10985e-05,1
7950,7955,7952.5,4.26591e-05,0.000213295,3
7970,7975,7972.5,2.84394e-05,0.000142197,2
7975,7980,7977.5,2.84394e-05,0.000142197,2
7980,7985,7982.5,1.42197e-05,7.10985e-05,1
7985,7990,7987.5,1.42197e-05,7.10985e-05,1
7990,7995,7992.5,1.42197e-05,7.10985e-05,1
7995,8000,7997.5,2.84394e-05,0.000142197,2
8000,8005,8002.5,1.42197e-05,7.10985e-05,1
8005,8010,8007.5,2.84394e-05,0.000142197,2
8010,8015,8012.5,1.42197e-05,7.10985e-05,1
8015,8020,8017.5,2.84394e-05,0.000142197,2
8020,8025,8022.5,1.42197e-05,7.10985e-05,1
8025,8030,8027.5,1.42197e-05,7.10985e-05,1
8030,8035,8032.5,1.42197e-05,7.10985e-05,1
8040,8045,8042.5,7.10985e-05,0.000355492,5
8045,8050,8047.5,2.84394e-05,0.000142197,2
8050,8055,8052.5,1.42197e-05,7.10985e-05,1
8055,8060,8057.5,5.68788e-05,0.000284394,4
8065,8070,8067.5,1.42197e-05,7.10985e-05,1
8070,8075,8072.5,1.42197e-05,7.10985e-05,1
8075,8080,8077.5,1.42197e-05,7.10985e-05,1
8080,8085,8082.5,4.26591e-05,0.000213295,3
8085,8090,8087.5,2.84394e-05,0.000142197,2
8090,8095,8092.5,2.84394e-05,0.000142197,2
8105,8110,8107.5,4.26591e-05,0.000213295,3
8120,8125,8122.5,2.84394e-05,0.000142197,2
8125,8130,8127.5,1.42197e-05,7.10985e-05,1
8130,8135,8132.5,1.42197e-05,7.10985e-05,1
8140,8145,8142.5,1.42197e-05,7.10985e-05,1
8150,8155,8152.5,1.42197e-05,7.10985e-05,1
8155,8160,8157.5,1.42197e-05,7.10985e-05,1
8160,8165,8162.5,1.42197e-05,7.10985e-05,1
8170,8175,8172.5,1.42197e-05,7.10985e-05,1
8175,8180,8177.5,1.42197e-05,7.10985e-05,1
8180,8185,8182.5,2.84394e-05,0.000142197,2
8190,8195,8192.5,1.42197e-05,7.10985e-05,1
8195,8200,8197.5,1.42197e-05,7.10985e-05,1
8200,8205,8202.5,1.42197e-05,7.10985e-05,1
8205,8210,8207.5,1.42197e-05,7.10985e-05,1
8210,8215,8212.5,2.84394e-05,0.000142197,2
8215,8220,8217.5,1.42197e-05,7.10985e-05,1
8225,8230,8227.5,1.42197e-05,7.10985e-05,1
8230,8235,8232.5,1.42197e-05,7.10985e-05,1
8235,8240,8237.5,1.42197e-05,7.10985e-05,1
8240,8245,8242.5,1.42197e-05,7.10985e-05,1
8260,8265,8262.5,1.42197e-05,7.10985e-05,1
8275,8280,8277.5,1.42197e-05,7.10985e-05,1
8280,8285,8282.5,1.42197e-05,7.10985e-05,1
8290,8295,8292.5,1.42197e-05,7.10985e-05,1
8295,8300,8297.5,1.42197e-05,7.10985e-05,1
8300,8305,8302.5,2.84394e-05,0.000142197,2
8310,8315,8312.5,5.68788e-05,0.000284394,4
8315,8320,8317.5,1.42197e-05,7.10985e-05,1
8320,8325,8322.5,1.42197e-05,7.10985e-05,1
8325,8330,8327.5,1.42197e-05,7.10985e-05,1
8330,8335,8332.5,1.42197e-05,7.10985e-05,1
8345,8350,8347.5,4.26591e-05,0.000213295,3
8350,8355,8352.5,1.42197e-05,7.10985e-05,1
8370,8375,8372.5,1.42197e-05,7.10985e-05,1
8375,8380,8377.5,1.42197e-05,7.10985e-05,1
8390,8395,8392.5,1.42197e-05,7.10985e-05,1
8400,8405,8402.5,1.42197e-05,7.10985e-05,1
8410,8415,8412.5,2.84394e-05,0.000142197,2
8420,8425,8422.5,1.42197e-05,7.10985e-05,1
8425,8430,8427.5,2.84394e-05,0.000142197,2
8435,8440,8437.5,2.84394e-05,0.000142197,2
8440,8445,8442.5,2.84394e-05,0.000142197,2
8450,8455,8452.5,2.84394e-05,0.000142197,2
8455,8460,8457.5,1.42197e-05,7.10985e-05,1
8460,8465,8462.5,2.84394e-05,0.000142197,2
8470,8475,8472.5,1.42197e-05,7.10985e-05,1
8480,8485,8482.5,2.84394e-05,0.000142197,2
8490,8495,8492.5,2.84394e-05,0.000142197,2
8500,8505,8502.5,2.84394e-05,0.000142197,2
8525,8530,8527.5,1.42197e-05,7.10985e-05,1
8545,8550,8547.5,2.84394e-05,0.000142197,2
8555,8560,8557.5,1.42197e-05,7.10985e-05,1
8560,8565,8562.5,1.42197e-05,7.10985e-05,1
8590,8595,8592.5,1.42197e-05,7.10985e-05,1
8595,8600,8597.5,4.26591e-05,0.000213295,3
8600,8605,8602.5,2.84394e-05,0.000142197,2
8605,8610,8607.5,2.84394e-05,0.000142197,2
8615,8620,8617.5,2.84394e-05,0.000142197,2
8620,8625,8622.5,2.84394e-05,0.000142197,2
8625,8630,8627.5,1.42197e-05,7.10985e-05,1
8650,8655,8652.5,1.42197e-05,7.10985e-05,1
8675,8680,8677.5,4.26591e-05,0.000213295,3
8680,8685,8682.5,1.42197e-05,7.10985e-05,1
8685,8690,8687.5,1.42197e-05,7.10985e-05,1
8730,8735,8732.5,2.84394e-05,0.000142197,2
8740,8745,8742.5,1.42197e-05,7.10985e-05,1
8750,8755,8752.5,1.42197e-05,7.10985e-05,1
8775,8780,8777.5,1.42197e-05,7.10985e-05,1
8780,8785,8782.5,1.42197e-05,7.10985e-05,1
8785,8790,8787.5,1.42197e-05,7.10985e-05,1
8790,8795,8792.5,1.42197e-05,7.10985e-05,1
8805,8810,8807.5,4.26591e-05,0.000213295,3
8820,8825,8822.5,4.26591e-05,0.000213295,3
8825,8830,8827.5,1.42197e-05,7.10985e-05,1
8830,8835,8832.5,4.26591e-05,0.000213295,3
8840,8845,8842.5,1.42197e-05,7.10985e-05,1
8860,8865,8862.5,2.84394e-05,0.000142197,2
8865,8870,8867.5,1.42197e-05,7.10985e-05,1
8875,8880,8877.5,1.42197e-05,7.10985e-05,1
8880,8885,8882.5,2.84394e-05,0.000142197,2
8895,8900,8897.5,1.42197e-05,7.10985e-05,1
8915,8920,8917.5,2.84394e-05,0.000142197,2
8935,8940,8937.5,1.42197e-05,7.10985e-05,1
8940,8945,8942.5,1.42197e-05,7.10985e-05,1
8945,8950,8947.5,2.84394e-05,0.000142197,2
8955,8960,8957.5,4.26591e-05,0.000213295,3
8960,8965,8962.5,1.42197e-05,7.10985e-05,1
8965,8970,8967.5,2.84394e-05,0.000142197,2
8975,8980,8977.5,2.84394e-05,0.000142197,2
8985,8990,8987.5,1.42197e-05,7.10985e-05,1
8990,8995,8992.5,1.42197e-05,7.10985e-05,1
9015,9020,9017.5,1.42197e-05,7.10985e-05,1
9030,9035,9032.5,2.84394e-05,0.000142197,2
9035,9040,9037.5,1.42197e-05,7.10985e-05,1
9040,9045,9042.5,2.84394e-05,0.000142197,2
9045,9050,9047.5,1.42197e-05,7.10985e-05,1
9050,9055,9052.5,1.42197e-05,7.10985e-05,1
9055,9060,9057.5,1.42197e-05,7.10985e-05,1
9070,9075,9072.5,2.84394e-05,0.000142197,2
9075,9080,9077.5,1.42197e-05,7.10985e-05,1
9080,9085,9082.5,4.26591e-05,0.000213295,3
9095,9100,9097.5,4.26591e-05,0.000213295,3
9100,9105,9102.5,1.42197e-05,7.10985e-05,1
9110,9115,9112.5,1.42197e-05,7.10985e-05,1
9115,9120,9117.5,2.84394e-05,0.000142197,2
9130,9135,9132.5,1.42197e-05,7.10985e-05,1
9140,9145,9142.5,2.84394e-05,0.000142197,2
9175,9180,9177.5,1.42197e-05,7.10985e-05,1
9180,9185,9182.5,2.84394e-05,0.000142197,2
9190,9195,9192.5,1.42197e-05,7.10985e-05,1
9195,9200,9197.5,2.84394e-05,0.000142197,2
9205,9210,9207.5,1.42197e-05,7.10985e-05,1
9230,9235,9232.5,1.42197e-05,7.10985e-05,1
9235,9240,9237.5,1.42197e-05,7.10985e-05,1
9240,9245,9242.5,1.42197e-05,7.10985e-05,1
9245,9250,9247.5,1.42197e-05,7.10985e-05,1
9250,9255,9252.5,1.42197e-05,7.10985e-05,1
9255,9260,9257.5,2.84394e-05,0.000142197,2
9270,9275,9272.5,1.42197e-05,7.10985e-05,1
9275,9280,9277.5,2.84394e-05,0.000142197,2
9285,9290,9287.5,1.42197e-05,7.10985e-05,1
9320,9325,9322.5,1.42197e-05,7.10985e-05,1
9325,9330,9327.5,1.42197e-05,7.10985e-05,1
9330,9335,9332.5,1.42197e-05,7.10985e-05,1
9335,9340,9337.5,1.42197e-05,7.10985e-05,1
9340,9345,9342.5,1.42197e-05,7.10985e-05,1
9345,9350,9347.5,2.84394e-05,0.000142197,2
9355,9360,9357.5,2.84394e-05,0.000142197,2
9360,9365,9362.5,1.42197e-05,7.10985e-05,1
9370,9375,9372.5,1.42197e-05,7.10985e-05,1
9380,9385,9382.5,1.42197e-05,7.10985e-05,1
9385,9390,9387.5,1.42197e-05,7.10985e-05,1
9390,9395,9392.5,1.42197e-05,7.10985e-05,1
9405,9410,9407.5,2.84394e-05,0.000142197,2
9415,9420,9417.5,1.42197e-05,7.10985e-05,1
9425,9430,9427.5,1.42197e-05,7.10985e-05,1
9440,9445,9442.5,1.42197e-05,7.10985e-05,1
9445,9450,9447.5,1.42197e-05,7.10985e-05,1
9455,9460,9457.5,2.84394e-05,0.000142197,2
9460,9465,9462.5,1.42197e-05,7.10985e-05,1
9470,9475,9472.5,2.84394e-05,0.000142197,2
9475,9480,9477.5,2.84394e-05,0.000142197,2
9485,9490,9487.5,1.42197e-05,7.10985e-05,1
9490,9495,9492.5,2.84394e-05,0.000142197,2
9510,9515,9512.5,4.26591e-05,0.000213295,3
9525,9530,9527.5,2.84394e-05,0.000142197,2
9530,9535,9532.5,1.42197e-05,7.10985e-05,1
9535,9540,9537.5,1.42197e-05,7.10985e-05,1
9545,9550,9547.5,1.42197e-05,7.10985e-05,1
9555,9560,9557.5,4.26591e-05,0.000213295,3
9565,9570,9567.5,4.26591e-05,0.000213295,3
9585,9590,9587.5,1.42197e-05,7.10985e-05,1
9600,9605,9602.5,1.42197e-05,7.10985e-05,1
9605,9610,9607.5,1.42197e-05,7.10985e-05,1
9635,9640,9637.5,1.42197e-05,7.10985e-05,1
9650,9655,9652.5,2.84394e-05,0.000142197,2
9660,9665,9662.5,2.84394e-05,0.000142197,2
9665,9670,9667.5,1.42197e-05,7.10985e-05,1
9680,9685,9682.5,1.42197e-05,7.10985e-05,1
9690,9695,9692.5,1.42197e-05,7.10985e-05,1
9700,9705,9702.5,1.42197e-05,7.10985e-05,1
9705,9710,9707.5,1.42197e-05,7.10985e-05,1
9720,9725,9722.5,1.42197e-05,7.10985e-05,1
9730,9735,9732.5,1.42197e-05,7.10985e-05,1
9740,9745,9742.5,1.42197e-05,7.10985e-05,1
9755,9760,9757.5,1.42197e-05,7.10985e-05,1
9770,9775,9772.5,1.42197e-05,7.10985e-05,1
9775,9780,9777.5,1.42197e-05,7.10985e-05,1
9780,9785,9782.5,2.84394e-05,0.000142197,2
9790,9795,9792.5,1.42197e-05,7.10985e-05,1
9800,9805,9802.5,1.42197e-05,7.10985e-05,1
9805,9810,9807.5,1.42197e-05,7.10985e-05,1
9820,9825,9822.5,1.42197e-05,7.10985e-05,1
9825,9830,9827.5,4.26591e-05,0.000213295,3
9850,9855,9852.5,1.42197e-05,7.10985e-05,1
9860,9865,9862.5,1.42197e-05,7.10985e-05,1
9865,9870,9867.5,1.42197e-05,7.10985e-05,1
9875,9880,9877.5,1.42197e-05,7.10985e-05,1
9905,9910,9907.5,2.84394e-05,0.000142197,2
9925,9930,9927.5,1.42197e-05,7.10985e-05,1
9930,9935,9932.5,1.42197e-05,7.10985e-05,1
9955,9960,9957.5,2.84394e-05,0.000142197,2
9960,9965,9962.5,4.26591e-05,0.000213295,3
9970,9975,9972.5,1.42197e-05,7.10985e-05,1
9975,9980,9977.5,1.42197e-05,7.10985e-05,1
9985,9990,9987.5,1.42197e-05,7.10985e-05,1
9990,9995,9992.5,2.84394e-05,0.000142197,2
10000,10005,10002.5,2.84394e-05,0.000142197,2
10005,10010,10007.5,1.42197e-05,7.10985e-05,1
10015,10020,10017.5,1.42197e-05,7.10985e-05,1
10040,10045,10042.5,1.42197e-05,7.10985e-05,1
10045,10050,10047.5,1.42197e-05,7.10985e-05,1
10050,10055,10052.5,2.84394e-05,0.000142197,2
10055,10060,10057.5,1.42197e-05,7.10985e-05,1
10060,10065,10062.5,1.42197e-05,7.10985e-05,1
10075,10080,10077.5,1.42197e-05,7.10985e-05,1
10095,10100,10097.5,1.42197e-05,7.10985e-05,1
10105,10110,10107.5,1.42197e-05,7.10985e-05,1
10115,10120,10117.5,1.42197e-05,7.10985e-05,1
10120,10125,10122.5,1.42197e-05,7.10985e-05,1
10130,10135,10132.5,1.42197e-05,7.10985e-05,1
10140,10145,10142.5,1.42197e-05,7.10985e-05,1
10155,10160,10157.5,1.42197e-05,7.10985e-05,1
10165,10170,10167.5,1.42197e-05,7.10985e-05,1
10170,10175,10172.5,1.42197e-05,7.10985e-05,1
10185,10190,10187.5,1.42197e-05,7.10985e-05,1
10210,10215,10212.5,1.42197e-05,7.10985e-05,1
10215,10220,10217.5,1.42197e-05,7.10985e-05,1
10235,10240,10237.5,2.84394e-05,0.000142197,2
10245,10250,10247.5,1.42197e-05,7.10985e-05,1
10260,10265,10262.5,2.84394e-05,0.000142197,2
10280,10285,10282.5,1.42197e-05,7.10985e-05,1
10300,10305,10302.5,1.42197e-05,7.10985e-05,1
10315,10320,10317.5,1.42197e-05,7.10985e-05,1
10325,10330,10327.5,1.42197e-05,7.10985e-05,1
10330,10335,10332.5,2.84394e-05,0.000142197,2
10335,10340,10337.5,1.42197e-05,7.10985e-05,1
10355,10360,10357.5,1.42197e-05,7.10985e-05,1
10360,10365,10362.5,1.42197e-05,7.10985e-05,1
10370,10375,10372.5,1.42197e-05,7.10985e-05,1
10400,10405,10402.5,1.42197e-05,7.10985e-05,1
10410,10415,10412.5,1.42197e-05,7.10985e-05,1
10415,10420,10417.5,1.42197e-05,7.10985e-05,1
10420,10425,10422.5,1.42197e-05,7.10985e-05,1
10430,10435,10432.5,2.84394e-05,0.000142197,2
10445,10450,10447.5,1.42197e-05,7.10985e-05,1
10515,10520,10517.5,1.42197e-05,7.10985e-05,1
10530,10535,10532.5,1.42197e-05,7.10985e-05,1
10540,10545,10542.5,1.42197e-05,7.10985e-05,1
10545,10550,10547.5,1.42197e-05,7.10985e-05,1
10550,10555,10552.5,1.42197e-05,7.10985e-05,1
10565,10570,10567.5,1.42197e-05,7.10985e-05,1
10575,10580,10577.5,1.42197e-05,7.10985e-05,1
10580,10585,10582.5,2.84394e-05,0.000142197,2
10595,10600,10597.5,1.42197e-05,7.10985e-05,1
10620,10625,10622.5,1.42197e-05,7.10985e-05,1
10625,10630,10627.5,1.42197e-05,7.10985e-05,1
10645,10650,10647.5,4.26591e-05,0.000213295,3
10660,10665,10662.5,1.42197e-05,7.10985e-05,1
10675,10680,10677.5,1.42197e-05,7.10985e-05,1
10680,10685,10682.5,1.42197e-05,7.10985e-05,1
10690,10695,10692.5,1.42197e-05,7.10985e-05,1
10715,10720,10717.5,1.42197e-05,7.10985e-05,1
10725,10730,10727.5,2.84394e-05,0.000142197,2
10735,10740,10737.5,1.42197e-05,7.10985e-05,1
10740,10745,10742.5,2.84394e-05,0.000142197,2
10755,10760,10757.5,1.42197e-05,7.10985e-05,1
10785,10790,10787.5,2.84394e-05,0.000142197,2
10800,10805,10802.5,1.42197e-05,7.10985e-05,1
10820,10825,10822.5,2.84394e-05,0.000142197,2
10835,10840,10837.5,1.42197e-05,7.10985e-05,1
10845,10850,10847.5,1.42197e-05,7.10985e-05,1
10860,10865,10862.5,2.84394e-05,0.000142197,2
10870,10875,10872.5,1.42197e-05,7.10985e-05,1
10875,10880,10877.5,1.42197e-05,7.10985e-05,1
10880,10885,10882.5,1.42197e-05,7.10985e-05,1
10895,10900,10897.5,1.42197e-05,7.10985e-05,1
10905,10910,10907.5,1.42197e-05,7.10985e-05,1
10910,10915,10912.5,2.84394e-05,0.000142197,2
10925,10930,10927.5,1.42197e-05,7.10985e-05,1
10930,10935,10932.5,1.42197e-05,7.10985e-05,1
10955,10960,10957.5,1.42197e-05,7.10985e-05,1
10975,10980,10977.5,1.42197e-05,7.10985e-05,1
10985,10990,10987.5,1.42197e-05,7.10985e-05,1
10995,11000,10997.5,1.42197e-05,7.10985e-05,1
11010,11015,11012.5,1.42197e-05,7.10985e-05,1
11015,11020,11017.5,1.42197e-05,7.10985e-05,1
11025,11030,11027.5,1.42197e-05,7.10985e-05,1
11030,11035,11032.5,1.42197e-05,7.10985e-05,1
11055,11060,11057.5,1.42197e-05,7.10985e-05,1
11070,11075,11072.5,1.42197e-05,7.10985e-05,1
11080,11085,11082.5,1.42197e-05,7.10985e-05,1
11085,11090,11087.5,1.42197e-05,7.10985e-05,1
11105,11110,11107.5,1.42197e-05,7.10985e-05,1
11120,11125,11122.5,1.42197e-05,7.10985e-05,1
11130,11135,11132.5,1.42197e-05,7.10985e-05,1
11155,11160,11157.5,1.42197e-05,7.10985e-05,1
11170,11175,11172.5,1.42197e-05,7.10985e-05,1
11180,11185,11182.5,1.42197e-05,7.10985e-05,1
11200,11205,11202.5,1.42197e-05,7.10985e-05,1
11235,11240,11237.5,1.42197e-05,7.10985e-05,1
11270,11275,11272.5,1.42197e-05,7.10985e-05,1
11275,11280,11277.5,1.42197e-05,7.10985e-05,1
11280,11285,11282.5,1.42197e-05,7.10985e-05,1
11295,11300,11297.5,1.42197e-05,7.10985e-05,1
11315,11320,11317.5,2.84394e-05,0.000142197,2
11325,11330,11327.5,1.42197e-05,7.10985e-05,1
11340,11345,11342.5,1.42197e-05,7.10985e-05,1
11365,11370,11367.5,1.42197e-05,7.10985e-05,1
11375,11380,11377.5,2.84394e-05,0.000142197,2
11380,11385,11382.5,1.42197e-05,7.10985e-05,1
11385,11390,11387.5,1.42197e-05,7.10985e-05,1
11390,11395,11392.5,1.42197e-05,7.10985e-05,1
11395,11400,11397.5,1.42197e-05,7.10985e-05,1
11400,11405,11402.5,1.42197e-05,7.10985e-05,1
11435,11440,11437.5,2.84394e-05,0.000142197,2
11440,11445,11442.5,1.42197e-05,7.10985e-05,1
11465,11470,11467.5,1.42197e-05,7.10985e-05,1
11475,11480,11477.5,2.84394e-05,0.000142197,2
11495,11500,11497.5,1.42197e-05,7.10985e-05,1
11505,11510,11507.5,1.42197e-05,7.10985e-05,1
11520,11525,11522.5,1.42197e-05,7.10985e-05,1
11525,11530,11527.5,1.42197e-05,7.10985e-05,1
11570,11575,11572.5,1.42197e-05,7.10985e-05,1
11575,11580,11577.5,1.42197e-05,7.10985e-05,1
11580,11585,11582.5,2.84394e-05,0.000142197,2
11590,11595,11592.5,1.42197e-05,7.10985e-05,1
11595,11600,11597.5,1.42197e-05,7.10985e-05,1
11605,11610,11607.5,1.42197e-05,7.10985e-05,1
11640,11645,11642.5,1.42197e-05,7.10985e-05,1
11680,11685,11682.5,1.42197e-05,7.10985e-05,1
11695,11700,11697.5,1.42197e-05,7.10985e-05,1
11700,11705,11702.5,1.42197e-05,7.10985e-05,1
11735,11740,11737.5,1.42197e-05,7.10985e-05,1
11750,11755,11752.5,2.84394e-05,0.000142197,2
11755,11760,11757.5,2.84394e-05,0.000142197,2
11770,11775,11772.5,1.42197e-05,7.10985e-05,1
11780,11785,11782.5,1.42197e-05,7.10985e-05,1
11785,11790,11787.5,1.42197e-05,7.10985e-05,1
11790,11795,11792.5,1.42197e-05,7.10985e-05,1
11795,11800,11797.5,1.42197e-05,7.10985e-05,1
11820,11825,11822.5,1.42197e-05,7.10985e-05,1
11825,11830,11827.5,2.84394e-05,0.000142197,2
11895,11900,11897.5,1.42197e-05,7.10985e-05,1
11905,11910,11907.5,1.42197e-05,7.10985e-05,1
11910,11915,11912.5,1.42197e-05,7.10985e-05,1
11915,11920,11917.5,1.42197e-05,7.10985e-05,1
11920,11925,11922.5,2.84394e-05,0.000142197,2
11930,11935,11932.5,2.84394e-05,0.000142197,2
11935,11940,11937.5,2.84394e-05,0.000142197,2
11955,11960,11957.5,1.42197e-05,7.10985e-05,1
11975,11980,11977.5,1.42197e-05,7.10985e-05,1
11980,11985,11982.5,1.42197e-05,7.10985e-05,1
11985,11990,11987.5,1.42197e-05,7.10985e-05,1
11990,11995,11992.5,1.42197e-05,7.10985e-05,1
12000,12005,12002.5,1.42197e-05,7.10985e-05,1
12005,12010,12007.5,1.42197e-05,7.10985e-05,1
12025,12030,12027.5,1.42197e-05,7.10985e-05,1
12030,12035,12032.5,2.84394e-05,0.000142197,2
12065,12070,12067.5,1.42197e-05,7.10985e-05,1
12070,12075,12072.5,1.42197e-05,7.10985e-05,1
12080,12085,12082.5,1.42197e-05,7.10985e-05,1
12085,12090,12087.5,1.42197e-05,7.10985e-05,1
12115,12120,12117.5,1.42197e-05,7.10985e-05,1
12140,12145,12142.5,1.42197e-05,7.10985e-05,1
12160,12165,12162.5,1.42197e-05,7.10985e-05,1
12175,12180,12177.5,1.42197e-05,7.10985e-05,1
12180,12185,12182.5,1.42197e-05,7.10985e-05,1
12185,12190,12187.5,1.42197e-05,7.10985e-05,1
12215,12220,12217.5,1.42197e-05,7.10985e-05,1
12220,12225,12222.5,1.42197e-05,7.10985e-05,1
12245,12250,12247.5,1.42197e-05,7.10985e-05,1
12250,12255,12252.5,1.42197e-05,7.10985e-05,1
12260,12265,12262.5,1.42197e-05,7.10985e-05,1
12280,12285,12282.5,2.84394e-05,0.000142197,2
12285,12290,12287.5,1.42197e-05,7.10985e-05,1
12300,12305,12302.5,1.42197e-05,7.10985e-05,1
12310,12315,12312.5,1.42197e-05,7.10985e-05,1
12325,12330,12327.5,1.42197e-05,7.10985e-05,1
12335,12340,12337.5,1.42197e-05,7.10985e-05,1
12345,12350,12347.5,1.42197e-05,7.10985e-05,1
12375,12380,12377.5,1.42197e-05,7.10985e-05,1
12380,12385,12382.5,1.42197e-05,7.10985e-05,1
12395,12400,12397.5,1.42197e-05,7.10985e-05,1
12435,12440,12437.5,1.42197e-05,7.10985e-05,1
12440,12445,12442.5,1.42197e-05,7.10985e-05,1
12465,12470,12467.5,1.42197e-05,7.10985e-05,1
12480,12485,12482.5,2.84394e-05,0.000142197,2
12485,12490,12487.5,1.42197e-05,7.10985e-05,1
12490,12495,12492.5,1.42197e-05,7.10985e-05,1
12510,12515,12512.5,1.42197e-05,7.10985e-05,1
12530,12535,12532.5,1.42197e-05,7.10985e-05,1
12540,12545,12542.5,2.84394e-05,0.000142197,2
12545,12550,12547.5,1.42197e-05,7.10985e-05,1
12550,12555,12552.5,2.84394e-05,0.000142197,2
12565,12570,12567.5,2.84394e-05,0.000142197,2
12570,12575,12572.5,1.42197e-05,7.10985e-05,1
12585,12590,12587.5,2.84394e-05,0.000142197,2
12590,12595,12592.5,1.42197e-05,7.10985e-05,1
12600,12605,12602.5,1.42197e-05,7.10985e-05,1
12605,12610,12607.5,1.42197e-05,7.10985e-05,1
12610,12615,12612.5,1.42197e-05,7.10985e-05,1
12645,12650,12647.5,1.42197e-05,7.10985e-05,1
12705,12710,12707.5,1.42197e-05,7.10985e-05,1
12725,12730,12727.5,2.84394e-05,0.000142197,2
12730,12735,12732.5,2.84394e-05,0.000142197,2
12765,12770,12767.5,1.42197e-05,7.10985e-05,1
12780,12785,12782.5,1.42197e-05,7.10985e-05,1
12810,12815,12812.5,1.42197e-05,7.10985e-05,1
12825,12830,12827.5,1.42197e-05,7.10985e-05,1
12850,12855,12852.5,1.42197e-05,7.10985e-05,1
12860,12865,12862.5,1.42197e-05,7.10985e-05,1
12905,12910,12907.5,1.42197e-05,7.10985e-05,1
12935,12940,12937.5,1.42197e-05,7.10985e-05,1
12950,12955,12952.5,1.42197e-05,7.10985e-05,1
12955,12960,12957.5,1.42197e-05,7.10985e-05,1
12960,12965,12962.5,1.42197e-05,7.10985e-05,1
12965,12970,12967.5,2.84394e-05,0.000142197,2
12970,12975,12972.5,1.42197e-05,7.10985e-05,1
12975,12980,12977.5,1.42197e-05,7.10985e-05,1
12980,12985,12982.5,1.42197e-05,7.10985e-05,1
13015,13020,13017.5,1.42197e-05,7.10985e-05,1
13030,13035,13032.5,1.42197e-05,7.10985e-05,1
13035,13040,13037.5,1.42197e-05,7.10985e-05,1
13050,13055,13052.5,1.42197e-05,7.10985e-05,1
13055,13060,13057.5,1.42197e-05,7.10985e-05,1
13070,13075,13072.5,1.42197e-05,7.10985e-05,1
13075,13080,13077.5,1.42197e-05,7.10985e-05,1
13085,13090,13087.5,1.42197e-05,7.10985e-05,1
13130,13135,13132.5,1.42197e-05,7.10985e-05,1
13205,13210,13207.5,1.42197e-05,7.10985e-05,1
13230,13235,13232.5,1.42197e-05,7.10985e-05,1
13235,13240,13237.5,1.42197e-05,7.10985e-05,1
13255,13260,13257.5,2.84394e-05,0.000142197,2
13270,13275,13272.5,1.42197e-05,7.10985e-05,1
13295,13300,13297.5,1.42197e-05,7.10985e-05,1
13320,13325,13322.5,1.42197e-05,7.10985e-05,1
13330,13335,13332.5,1.42197e-05,7.10985e-05,1
13375,13380,13377.5,1.42197e-05,7.10985e-05,1
13385,13390,13387.5,5.68788e-05,0.000284394,4
13420,13425,13422.5,1.42197e-05,7.10985e-05,1
13425,13430,13427.5,1.42197e-05,7.10985e-05,1
13470,13475,13472.5,1.42197e-05,7.10985e-05,1
13490,13495,13492.5,1.42197e-05,7.10985e-05,1
13500,13505,13502.5,1.42197e-05,7.10985e-05,1
13510,13515,13512.5,1.42197e-05,7.10985e-05,1
13540,13545,13542.5,1.42197e-05,7.10985e-05,1
13550,13555,13552.5,1.42197e-05,7.10985e-05,1
13575,13580,13577.5,1.42197e-05,7.10985e-05,1
13580,13585,13582.5,1.42197e-05,7.10985e-05,1
13610,13615,13612.5,2.84394e-05,0.000142197,2
13620,13625,13622.5,1.42197e-05,7.10985e-05,1
13640,13645,13642.5,1.42197e-05,7.10985e-05,1
13645,13650,13647.5,1.42197e-05,7.10985e-05,1
13655,13660,13657.5,1.42197e-05,7.10985e-05,1
13665,13670,13667.5,1.42197e-05,7.10985e-05,1
13675,13680,13677.5,1.42197e-05,7.10985e-05,1
13715,13720,13717.5,1.42197e-05,7.10985e-05,1
13755,13760,13757.5,1.42197e-05,7.10985e-05,1
13760,13765,13762.5,1.42197e-05,7.10985e-05,1
13800,13805,13802.5,2.84394e-05,0.000142197,2
13805,13810,13807.5,2.84394e-05,0.000142197,2
13825,13830,13827.5,1.42197e-05,7.10985e-05,1
13860,13865,13862.5,1.42197e-05,7.10985e-05,1
13870,13875,13872.5,1.42197e-05,7.10985e-05,1
13900,13905,13902.5,1.42197e-05,7.10985e-05,1
13925,13930,13927.5,2.84394e-05,0.000142197,2
13955,13960,13957.5,1.42197e-05,7.10985e-05,1
13960,13965,13962.5,1.42197e-05,7.10985e-05,1
13990,13995,13992.5,1.42197e-05,7.10985e-05,1
14030,14035,14032.5,1.42197e-05,7.10985e-05,1
14035,14040,14037.5,1.42197e-05,7.10985e-05,1
14040,14045,14042.5,1.42197e-05,7.10985e-05,1
14100,14105,14102.5,2.84394e-05,0.000142197,2
14105,14110,14107.5,1.42197e-05,7.10985e-05,1
14135,14140,14137.5,1.42197e-05,7.10985e-05,1
14155,14160,14157.5,1.42197e-05,7.10985e-05,1
14160,14165,14162.5,1.42197e-05,7.10985e-05,1
14210,14215,14212.5,1.42197e-05,7.10985e-05,1
14225,14230,14227.5,2.84394e-05,0.000142197,2
14235,14240,14237.5,1.42197e-05,7.10985e-05,1
14305,14310,14307.5,1.42197e-05,7.10985e-05,1
14350,14355,14352.5,1.42197e-05,7.10985e-05,1
14360,14365,14362.5,1.42197e-05,7.10985e-05,1
14370,14375,14372.5,1.42197e-05,7.10985e-05,1
14380,14385,14382.5,2.84394e-05,0.000142197,2
14385,14390,14387.5,2.84394e-05,0.000142197,2
14405,14410,14407.5,1.42197e-05,7.10985e-05,1
14410,14415,14412.5,1.42197e-05,7.10985e-05,1
14430,14435,14432.5,1.42197e-05,7.10985e-05,1
14435,14440,14437.5,1.42197e-05,7.10985e-05,1
14445,14450,14447.5,1.42197e-05,7.10985e-05,1
14555,14560,14557.5,1.42197e-05,7.10985e-05,1
14565,14570,14567.5,1.42197e-05,7.10985e-05,1
14665,14670,14667.5,1.42197e-05,7.10985e-05,1
14675,14680,14677.5,1.42197e-05,7.10985e-05,1
14680,14685,14682.5,1.42197e-05,7.10985e-05,1
14695,14700,14697.5,1.42197e-05,7.10985e-05,1
14715,14720,14717.5,1.42197e-05,7.10985e-05,1
14785,14790,14787.5,1.42197e-05,7.10985e-05,1
14830,14835,14832.5,1.42197e-05,7.10985e-05,1
14835,14840,14837.5,1.42197e-05,7.10985e-05,1
14840,14845,14842.5,1.42197e-05,7.10985e-05,1
14870,14875,14872.5,1.42197e-05,7.10985e-05,1
14875,14880,14877.5,1.42197e-05,7.10985e-05,1
14885,14890,14887.5,1.42197e-05,7.10985e-05,1
14900,14905,14902.5,1.42197e-05,7.10985e-05,1
14920,14925,14922.5,1.42197e-05,7.10985e-05,1
14965,14970,14967.5,1.42197e-05,7.10985e-05,1
14975,14980,14977.5,1.42197e-05,7.10985e-05,1
14980,14985,14982.5,1.42197e-05,7.10985e-05,1
14990,14995,14992.5,1.42197e-05,7.10985e-05,1
15000,15005,15002.5,1.42197e-05,7.10985e-05,1
15005,15010,15007.5,1.42197e-05,7.10985e-05,1
15010,15015,15012.5,1.42197e-05,7.10985e-05,1
15040,15045,15042.5,1.42197e-05,7.10985e-05,1
15055,15060,15057.5,1.42197e-05,7.10985e-05,1
15065,15070,15067.5,1.42197e-05,7.10985e-05,1
15115,15120,15117.5,1.42197e-05,7.10985e-05,1
15150,15155,15152.5,1.42197e-05,7.10985e-05,1
15160,15165,15162.5,1.42197e-05,7.10985e-05,1
15165,15170,15167.5,2.84394e-05,0.000142197,2
15190,15195,15192.5,1.42197e-05,7.10985e-05,1
15405,15410,15407.5,4.26591e-05,0.000213295,3
15415,15420,15417.5,1.42197e-05,7.10985e-05,1
15420,15425,15422.5,1.42197e-05,7.10985e-05,1
15430,15435,15432.5,1.42197e-05,7.10985e-05,1
15440,15445,15442.5,1.42197e-05,7.10985e-05,1
15475,15480,15477.5,1.42197e-05,7.10985e-05,1
15495,15500,15497.5,1.42197e-05,7.10985e-05,1
15505,15510,15507.5,1.42197e-05,7.10985e-05,1
15515,15520,15517.5,2.84394e-05,0.000142197,2
15525,15530,15527.5,1.42197e-05,7.10985e-05,1
15530,15535,15532.5,1.42197e-05,7.10985e-05,1
15550,15555,15552.5,1.42197e-05,7.10985e-05,1
15555,15560,15557.5,1.42197e-05,7.10985e-05,1
15575,15580,15577.5,1.42197e-05,7.10985e-05,1
15580,15585,15582.5,1.42197e-05,7.10985e-05,1
15585,15590,15587.5,1.42197e-05,7.10985e-05,1
15590,15595,15592.5,1.42197e-05,7.10985e-05,1
15600,15605,15602.5,1.42197e-05,7.10985e-05,1
15610,15615,15612.5,1.42197e-05,7.10985e-05,1
15685,15690,15687.5,1.42197e-05,7.10985e-05,1
15690,15695,15692.5,1.42197e-05,7.10985e-05,1
15710,15715,15712.5,1.42197e-05,7.10985e-05,1
15715,15720,15717.5,1.42197e-05,7.10985e-05,1
15735,15740,15737.5,1.42197e-05,7.10985e-05,1
15740,15745,15742.5,1.42197e-05,7.10985e-05,1
15760,15765,15762.5,1.42197e-05,7.10985e-05,1
15795,15800,15797.5,1.42197e-05,7.10985e-05,1
15920,15925,15922.5,1.42197e-05,7.10985e-05,1
15935,15940,15937.5,1.42197e-05,7.10985e-05,1
15950,15955,15952.5,1.42197e-05,7.10985e-05,1
15955,15960,15957.5,1.42197e-05,7.10985e-05,1
15970,15975,15972.5,1.42197e-05,7.10985e-05,1
15995,16000,15997.5,1.42197e-05,7.10985e-05,1
16010,16015,16012.5,1.42197e-05,7.10985e-05,1
16075,16080,16077.5,2.84394e-05,0.000142197,2
16105,16110,16107.5,1.42197e-05,7.10985e-05,1
16115,16120,16117.5,1.42197e-05,7.10985e-05,1
16220,16225,16222.5,1.42197e-05,7.10985e-05,1
16260,16265,16262.5,1.42197e-05,7.10985e-05,1
16290,16295,16292.5,1.42197e-05,7.10985e-05,1
16300,16305,16302.5,1.42197e-05,7.10985e-05,1
16400,16405,16402.5,1.42197e-05,7.10985e-05,1
16405,16410,16407.5,1.42197e-05,7.10985e-05,1
16430,16435,16432.5,1.42197e-05,7.10985e-05,1
16515,16520,16517.5,1.42197e-05,7.10985e-05,1
16525,16530,16527.5,1.42197e-05,7.10985e-05,1
16580,16585,16582.5,1.42197e-05,7.10985e-05,1
16590,16595,16592.5,1.42197e-05,7.10985e-05,1
16595,16600,16597.5,1.42197e-05,7.10985e-05,1
16635,16640,16637.5,1.42197e-05,7.10985e-05,1
16690,16695,16692.5,1.42197e-05,7.10985e-05,1
16695,16700,16697.5,1.42197e-05,7.10985e-05,1
16720,16725,16722.5,1.42197e-05,7.10985e-05,1
16740,16745,16742.5,2.84394e-05,0.000142197,2
16795,16800,16797.5,1.42197e-05,7.10985e-05,1
16825,16830,16827.5,1.42197e-05,7.10985e-05,1
16870,16875,16872.5,1.42197e-05,7.10985e-05,1
16895,16900,16897.5,1.42197e-05,7.10985e-05,1
16920,16925,16922.5,1.42197e-05,7.10985e-05,1
17015,17020,17017.5,1.42197e-05,7.10985e-05,1
17060,17065,17062.5,1.42197e-05,7.10985e-05,1
17180,17185,17182.5,1.42197e-05,7.10985e-05,1
17220,17225,17222.5,1.42197e-05,7.10985e-05,1
17230,17235,17232.5,1.42197e-05,7.10985e-05,1
17240,17245,17242.5,1.42197e-05,7.10985e-05,1
17250,17255,17252.5,1.42197e-05,7.10985e-05,1
17270,17275,17272.5,2.84394e-05,0.000142197,2
17355,17360,17357.5,1.42197e-05,7.10985e-05,1
17490,17495,17492.5,1.42197e-05,7.10985e-05,1
17515,17520,17517.5,1.42197e-05,7.10985e-05,1
17520,17525,17522.5,1.42197e-05,7.10985e-05,1
17565,17570,17567.5,1.42197e-05,7.10985e-05,1
17585,17590,17587.5,1.42197e-05,7.10985e-05,1
17615,17620,17617.5,2.84394e-05,0.000142197,2
17680,17685,17682.5,1.42197e-05,7.10985e-05,1
17705,17710,17707.5,1.42197e-05,7.10985e-05,1
17715,17720,17717.5,1.42197e-05,7.10985e-05,1
17725,17730,17727.5,1.42197e-05,7.10985e-05,1
17755,17760,17757.5,1.42197e-05,7.10985e-05,1
17760,17765,17762.5,1.42197e-05,7.10985e-05,1
17815,17820,17817.5,1.42197e-05,7.10985e-05,1
17835,17840,17837.5,1.42197e-05,7.10985e-05,1
17985,17990,17987.5,1.42197e-05,7.10985e-05,1
18015,18020,18017.5,1.42197e-05,7.10985e-05,1
18050,18055,18052.5,1.42197e-05,7.10985e-05,1
18060,18065,18062.5,1.42197e-05,7.10985e-05,1
18335,18340,18337.5,1.42197e-05,7.10985e-05,1
18440,18445,18442.5,1.42197e-05,7.10985e-05,1
18550,18555,18552.5,1.42197e-05,7.10985e-05,1
18575,18580,18577.5,1.42197e-05,7.10985e-05,1
18590,18595,18592.5,1.42197e-05,7.10985e-05,1
18615,18620,18617.5,1.42197e-05,7.10985e-05,1
18630,18635,18632.5,1.42197e-05,7.10985e-05,1
18655,18660,18657.5,1.42197e-05,7.10985e-05,1
18770,18775,18772.5,1.42197e-05,7.10985e-05,1
18775,18780,18777.5,1.42197e-05,7.10985e-05,1
18830,18835,18832.5,1.42197e-05,7.10985e-05,1
18850,18855,18852.5,1.42197e-05,7.10985e-05,1
18960,18965,18962.5,1.42197e-05,7.10985e-05,1
18980,18985,18982.5,1.42197e-05,7.10985e-05,1
18990,18995,18992.5,1.42197e-05,7.10985e-05,1
19005,19010,19007.5,1.42197e-05,7.10985e-05,1
19025,19030,19027.5,1.42197e-05,7.10985e-05,1
19030,19035,19032.5,1.42197e-05,7.10985e-05,1
19035,19040,19037.5,1.42197e-05,7.10985e-05,1
19080,19085,19082.5,1.42197e-05,7.10985e-05,1
19175,19180,19177.5,1.42197e-05,7.10985e-05,1
19180,19185,19182.5,1.42197e-05,7.10985e-05,1
19275,19280,19277.5,1.42197e-05,7.10985e-05,1
19285,19290,19287.5,1.42197e-05,7.10985e-05,1
19290,19295,19292.5,1.42197e-05,7.10985e-05,1
19435,19440,19437.5,1.42197e-05,7.10985e-05,1
19445,19450,19447.5,1.42197e-05,7.10985e-05,1
19470,19475,19472.5,1.42197e-05,7.10985e-05,1
19475,19480,19477.5,1.42197e-05,7.10985e-05,1
19480,19485,19482.5,1.42197e-05,7.10985e-05,1
19585,19590,19587.5,1.42197e-05,7.10985e-05,1
19595,19600,19597.5,1.42197e-05,7.10985e-05,1
19630,19635,19632.5,1.42197e-05,7.10985e-05,1
19645,19650,19647.5,1.42197e-05,7.10985e-05,1
19750,19755,19752.5,1.42197e-05,7.10985e-05,1
19755,19760,19757.5,1.42197e-05,7.10985e-05,1
19760,19765,19762.5,2.84394e-05,0.000142197,2
19765,19770,19767.5,1.42197e-05,7.10985e-05,1
19780,19785,19782.5,1.42197e-05,7.10985e-05,1
19805,19810,19807.5,1.42197e-05,7.10985e-05,1
19875,19880,19877.5,1.42197e-05,7.10985e-05,1
20010,20015,20012.5,1.42197e-05,7.10985e-05,1
20020,20025,20022.5,2.84394e-05,0.000142197,2
20040,20045,20042.5,1.42197e-05,7.10985e-05,1
20050,20055,20052.5,1.42197e-05,7.10985e-05,1
20285,20290,20287.5,1.42197e-05,7.10985e-05,1
20355,20360,20357.5,1.42197e-05,7.10985e-05,1
20375,20380,20377.5,1.42197e-05,7.10985e-05,1
20495,20500,20497.5,1.42197e-05,7.10985e-05,1
20545,20550,20547.5,1.42197e-05,7.10985e-05,1
20640,20645,20642.5,1.42197e-05,7.10985e-05,1
20675,20680,20677.5,1.42197e-05,7.10985e-05,1
20710,20715,20712.5,1.42197e-05,7.10985e-05,1
20965,20970,20967.5,1.42197e-05,7.10985e-05,1
21075,21080,21077.5,1.42197e-05,7.10985e-05,1
21120,21125,21122.5,1.42197e-05,7.10985e-05,1
21160,21165,21162.5,1.42197e-05,7.10985e-05,1
21165,21170,21167.5,2.84394e-05,0.000142197,2
21195,21200,21197.5,1.42197e-05,7.10985e-05,1
21225,21230,21227.5,1.42197e-05,7.10985e-05,1
21245,21250,21247.5,1.42197e-05,7.10985e-05,1
21255,21260,21257.5,1.42197e-05,7.10985e-05,1
21340,21345,21342.5,1.42197e-05,7.10985e-05,1
21735,21740,21737.5,1.42197e-05,7.10985e-05,1
21955,21960,21957.5,1.42197e-05,7.10985e-05,1
21965,21970,21967.5,1.42197e-05,7.10985e-05,1
21990,21995,21992.5,1.42197e-05,7.10985e-05,1
22025,22030,22027.5,1.42197e-05,7.10985e-05,1
22080,22085,22082.5,1.42197e-05,7.10985e-05,1
22175,22180,22177.5,1.42197e-05,7.10985e-05,1
22220,22225,22222.5,1.42197e-05,7.10985e-05,1
22415,22420,22417.5,1.42197e-05,7.10985e-05,1
22430,22435,22432.5,1.42197e-05,7.10985e-05,1
22590,22595,22592.5,1.42197e-05,7.10985e-05,1
22660,22665,22662.5,2.84394e-05,0.000142197,2
22695,22700,22697.5,1.42197e-05,7.10985e-05,1
22890,22895,22892.5,1.42197e-05,7.10985e-05,1
23205,23210,23207.5,1.42197e-05,7.10985e-05,1
23220,23225,23222.5,1.42197e-05,7.10985e-05,1
23250,23255,23252.5,1.42197e-05,7.10985e-05,1
23305,23310,23307.5,1.42197e-05,7.10985e-05,1
23345,23350,23347.5,1.42197e-05,7.10985e-05,1
23395,23400,23397.5,1.42197e-05,7.10985e-05,1
23410,23415,23412.5,1.42197e-05,7.10985e-05,1
23675,23680,23677.5,1.42197e-05,7.10985e-05,1
23980,23985,23982.5,1.42197e-05,7.10985e-05,1
24125,24130,24127.5,1.42197e-05,7.10985e-05,1
24260,24265,24262.5,1.42197e-05,7.10985e-05,1
24280,24285,24282.5,1.42197e-05,7.10985e-05,1
24295,24300,24297.5,1.42197e-05,7.10985e-05,1
24320,24325,24322.5,1.42197e-05,7.10985e-05,1
24475,24480,24477.5,1.42197e-05,7.10985e-05,1
24480,24485,24482.5,1.42197e-05,7.10985e-05,1
24735,24740,24737.5,1.42197e-05,7.10985e-05,1
24960,24965,24962.5,1.42197e-05,7.10985e-05,1
25095,25100,25097.5,1.42197e-05,7.10985e-05,1
25175,25180,25177.5,1.42197e-05,7.10985e-05,1
25250,25255,25252.5,1.42197e-05,7.10985e-05,1
25290,25295,25292.5,1.42197e-05,7.10985e-05,1
25340,25345,25342.5,1.42197e-05,7.10985e-05,1
25385,25390,25387.5,1.42197e-05,7.10985e-05,1
25440,25445,25442.5,1.42197e-05,7.10985e-05,1
25515,25520,25517.5,1.42197e-05,7.10985e-05,1
25650,25655,25652.5,1.42197e-05,7.10985e-05,1
25685,25690,25687.5,1.42197e-05,7.10985e-05,1
25825,25830,25827.5,1.42197e-05,7.10985e-05,1
25835,25840,25837.5,1.42197e-05,7.10985e-05,1
25845,25850,25847.5,1.42197e-05,7.10985e-05,1
25925,25930,25927.5,1.42197e-05,7.10985e-05,1
26005,26010,26007.5,1.42197e-05,7.10985e-05,1
26135,26140,26137.5,1.42197e-05,7.10985e-05,1
26280,26285,26282.5,1.42197e-05,7.10985e-05,1
26315,26320,26317.5,1.42197e-05,7.10985e-05,1
26330,26335,26332.5,1.42197e-05,7.10985e-05,1
26340,26345,26342.5,1.42197e-05,7.10985e-05,1
26395,26400,26397.5,1.42197e-05,7.10985e-05,1
26470,26475,26472.5,1.42197e-05,7.10985e-05,1
27345,27350,27347.5,1.42197e-05,7.10985e-05,1
27410,27415,27412.5,1.42197e-05,7.10985e-05,1
28110,28115,28112.5,1.42197e-05,7.10985e-05,1
28330,28335,28332.5,1.42197e-05,7.10985e-05,1
28505,28510,28507.5,1.42197e-05,7.10985e-05,1
28895,28900,28897.5,1.42197e-05,7.10985e-05,1
28995,29000,28997.5,1.42197e-05,7.10985e-05,1
29095,29100,29097.5,1.42197e-05,7.10985e-05,1
29130,29135,29132.5,1.42197e-05,7.10985e-05,1
30080,30085,30082.5,1.42197e-05,7.10985e-05,1
30135,30140,30137.5,1.42197e-05,7.10985e-05,1
30895,30900,30897.5,1.42197e-05,7.10985e-05,1
30995,31000,30997.5,1.42197e-05,7.10985e-05,1
31235,31240,31237.5,1.42197e-05,7.10985e-05,1
31800,31805,31802.5,1.42197e-05,7.10985e-05,1
32345,32350,32347.5,1.42197e-05,7.10985e-05,1
32360,32365,32362.5,1.42197e-05,7.10985e-05,1
32590,32595,32592.5,1.42197e-05,7.10985e-05,1
32695,32700,32697.5,1.42197e-05,7.10985e-05,1
32855,32860,32857.5,1.42197e-05,7.10985e-05,1
34120,34125,34122.5,1.42197e-05,7.10985e-05,1
35675,35680,35677.5,1.42197e-05,7.10985e-05,1
36735,36740,36737.5,1.42197e-05,7.10985e-05,1
36865,36870,36867.5,1.42197e-05,7.10985e-05,1
37255,37260,37257.5,1.42197e-05,7.10985e-05,1
37750,37755,37752.5,1.42197e-05,7.10985e-05,1
39030,39035,39032.5,1.42197e-05,7.10985e-05,1
40425,40430,40427.5,1.42197e-05,7.10985e-05,1
41065,41070,41067.5,1.42197e-05,7.10985e-05,1
43290,43295,43292.5,1.42197e-05,7.10985e-05,1
45705,45710,45707.5,1.42197e-05,7.10985e-05,1
VO Delay PDF CSV saved: /home/nathanlo/ns-3.45/scratch/delay_pdf/11be/adaptive_compare_burst/adaptive3_k30_s3_all.csv

P-EDCA STA Delay PDF CSV saved: /home/nathanlo/ns-3.45/scratch/delay_pdf/11be/adaptive_compare_burst/adaptive3_k30_s3.csv
--- EXTENDED_STATS_BEGIN ---
PEDCA_STA_SUCC_COUNT: 14065
PEDCA_STA_FAIL_COUNT: 383
PEDCA_STA_ZERO_RETX: 14052
LEGACY_STA_SUCC_COUNT: 0
LEGACY_STA_FAIL_COUNT: 0
LEGACY_STA_ZERO_RETX: 0
PEDCA_STA_AVG_MAC_DELAY: 2670.45
PEDCA_STA_AVG_QUEUE_DELAY: 2337.32
PEDCA_STA_AVG_ACCESS_DELAY: 333.136
--- EXTENDED_STATS_END ---
