[INFO] std::clog redirected to: /dev/null

--- Per-STA P-EDCA Detail ---
  STA0: DS-CTS=1 S2Entry=1 S2Tx=1 PedcaOK=1 EdcaOK=0 FailCTS=0 FailColl=0 FailExp=0 Defer=0
  STA1: DS-CTS=42 S2Entry=42 S2Tx=28 PedcaOK=26 EdcaOK=552 FailCTS=0 FailColl=2 FailExp=0 Defer=0
  STA2: DS-CTS=214 S2Entry=214 S2Tx=129 PedcaOK=115 EdcaOK=287 FailCTS=8 FailColl=6 FailExp=0 Defer=0
  STA3: DS-CTS=25 S2Entry=25 S2Tx=17 PedcaOK=17 EdcaOK=779 FailCTS=0 FailColl=0 FailExp=0 Defer=0
  STA4: DS-CTS=5 S2Entry=5 S2Tx=5 PedcaOK=2 EdcaOK=3 FailCTS=3 FailColl=0 FailExp=0 Defer=0
  STA5: DS-CTS=164 S2Entry=164 S2Tx=100 PedcaOK=92 EdcaOK=430 FailCTS=1 FailColl=7 FailExp=0 Defer=7
  STA6: DS-CTS=265 S2Entry=265 S2Tx=157 PedcaOK=130 EdcaOK=383 FailCTS=5 FailColl=22 FailExp=0 Defer=0
  STA7: DS-CTS=99 S2Entry=99 S2Tx=64 PedcaOK=55 EdcaOK=331 FailCTS=4 FailColl=5 FailExp=0 Defer=0
  STA8: DS-CTS=131 S2Entry=131 S2Tx=84 PedcaOK=74 EdcaOK=341 FailCTS=2 FailColl=8 FailExp=0 Defer=0
  STA9: DS-CTS=254 S2Entry=254 S2Tx=147 PedcaOK=121 EdcaOK=358 FailCTS=5 FailColl=21 FailExp=0 Defer=0
  STA10: DS-CTS=226 S2Entry=226 S2Tx=126 PedcaOK=108 EdcaOK=364 FailCTS=3 FailColl=15 FailExp=0 Defer=1
  STA11: DS-CTS=170 S2Entry=170 S2Tx=96 PedcaOK=91 EdcaOK=286 FailCTS=3 FailColl=2 FailExp=0 Defer=0
  STA12: DS-CTS=96 S2Entry=96 S2Tx=60 PedcaOK=54 EdcaOK=592 FailCTS=1 FailColl=5 FailExp=0 Defer=1
  STA13: DS-CTS=219 S2Entry=219 S2Tx=127 PedcaOK=111 EdcaOK=319 FailCTS=4 FailColl=12 FailExp=0 Defer=0
  STA14: DS-CTS=174 S2Entry=174 S2Tx=111 PedcaOK=96 EdcaOK=269 FailCTS=5 FailColl=10 FailExp=0 Defer=2
  STA15: DS-CTS=150 S2Entry=150 S2Tx=91 PedcaOK=80 EdcaOK=405 FailCTS=1 FailColl=10 FailExp=0 Defer=0
  STA16: DS-CTS=34 S2Entry=34 S2Tx=21 PedcaOK=20 EdcaOK=433 FailCTS=1 FailColl=0 FailExp=0 Defer=0
  STA17: DS-CTS=163 S2Entry=163 S2Tx=93 PedcaOK=82 EdcaOK=462 FailCTS=3 FailColl=8 FailExp=0 Defer=3
  STA18: DS-CTS=1 S2Entry=1 S2Tx=1 PedcaOK=0 EdcaOK=1 FailCTS=1 FailColl=0 FailExp=0 Defer=0
  STA19: DS-CTS=98 S2Entry=98 S2Tx=55 PedcaOK=47 EdcaOK=297 FailCTS=4 FailColl=4 FailExp=0 Defer=0
  STA20: DS-CTS=141 S2Entry=141 S2Tx=65 PedcaOK=52 EdcaOK=103 FailCTS=6 FailColl=7 FailExp=0 Defer=0
  STA21: DS-CTS=131 S2Entry=131 S2Tx=90 PedcaOK=79 EdcaOK=239 FailCTS=0 FailColl=11 FailExp=0 Defer=0
  STA22: DS-CTS=211 S2Entry=211 S2Tx=127 PedcaOK=102 EdcaOK=263 FailCTS=4 FailColl=21 FailExp=0 Defer=0
  STA23: DS-CTS=23 S2Entry=23 S2Tx=17 PedcaOK=17 EdcaOK=538 FailCTS=0 FailColl=0 FailExp=0 Defer=0
  STA24: DS-CTS=233 S2Entry=233 S2Tx=128 PedcaOK=106 EdcaOK=204 FailCTS=4 FailColl=18 FailExp=0 Defer=3
  STA25: DS-CTS=84 S2Entry=84 S2Tx=56 PedcaOK=55 EdcaOK=636 FailCTS=0 FailColl=1 FailExp=0 Defer=0
  STA26: DS-CTS=239 S2Entry=239 S2Tx=141 PedcaOK=112 EdcaOK=271 FailCTS=11 FailColl=18 FailExp=0 Defer=2
  STA27: DS-CTS=155 S2Entry=155 S2Tx=100 PedcaOK=88 EdcaOK=362 FailCTS=3 FailColl=9 FailExp=0 Defer=0
  STA28: DS-CTS=164 S2Entry=164 S2Tx=115 PedcaOK=105 EdcaOK=456 FailCTS=6 FailColl=4 FailExp=0 Defer=0
  STA29: DS-CTS=212 S2Entry=212 S2Tx=116 PedcaOK=101 EdcaOK=164 FailCTS=3 FailColl=12 FailExp=0 Defer=3

=== General Statistics ===
P-EDCA Ratio: 1
P-EDCA STAs: 30/30
P-EDCA Share (Avg Per-STA P-EDCA Tx/Total Tx): 22.3289 %
Avg P-EDCA Attempt Success Rate: 53.6012 %
Global P-EDCA Tx Success: 2139
Global EDCA Tx Success: 10128
Global P-EDCA Attempt (DS-CTS Sent): 4124

--- P-EDCA Detailed Trace ---
Stage 2 Entered: 4124
Stage 2 TX Started: 2468
P-EDCA Fail RTS No CTS: 91
P-EDCA Fail RTS Collision: 238
P-EDCA Fail Timing Expired: 0
P-EDCA Fail Deferral: 22
Total VO TX (P-EDCA+EDCA): 12267
Global P-EDCA Share: 17.437 %
Global EDCA Share: 82.563 %
Channel Idle Time (AP): 25.0861 % (1.75603e+06 us / 7e+06 us)
Total Successes:       14162
Total Failures:        402
Total Retransmissions: 26

--- Per-AC Success Statistics ---
AC_BE:
  Successes:         41
  Throughput:        0.0468571 Mbps
  Packet Loss:       34.9206 %
  Avg Retx/MPDU:     0
  Avg Queue Delay:   -1.25009e+06 us (Enqueue->TxStart)
  Avg Access Delay:  1.37079e+06 us (TxStart->Ack)
  Avg MAC Delay:     120702 us (Total: Enqueue->Ack)

AC_VO:
  Successes:         14121
  Throughput:        16.1383 Mbps
  Packet Loss:       2.62051 %
  Avg Retx/MPDU:     0.00184123
  Avg Queue Delay:   2444.4 us (Enqueue->TxStart)
  Avg Access Delay:  344.615 us (TxStart->Ack)
  Avg MAC Delay:     2789.01 us (Total: Enqueue->Ack)

--- Per-AC Failure Statistics ---
AC_BE Failures: 22
AC_VO Failures: 380

--- Failure Reasons by AC ---
  AC_BE EXPIRED_LIFETIME: 22
  AC_VO RETRY_LIMIT: 380


=== Extended P-EDCA vs Legacy Statistics ===

--- [Stat 1] Delay by STA Type ---
P-EDCA STAs (30 STAs):
  Successes:         14121
  Failures:          384
  Throughput:        16.1383 Mbps
  Packet Loss:       2.64736 %
  Avg Queue Delay:   2444.4 us
  Avg Access Delay:  344.615 us
  Avg MAC Delay:     2789.01 us
  Median MAC Delay:  1471 us
  P95 MAC Delay:     10024 us
  P99 MAC Delay:     19355 us
Legacy EDCA STAs (0 STAs):
  Successes:         0
  Failures:          0
  Throughput:        0 Mbps
  Packet Loss:       0 %
  Avg Queue Delay:   0 us
  Avg Access Delay:  0 us
  Avg MAC Delay:     0 us

--- [Stat 2] Per-STA P-EDCA Attempt Count (DS-CTS Sent) ---
  STA0: 1 P-EDCA attempts
  STA1: 42 P-EDCA attempts
  STA2: 214 P-EDCA attempts
  STA3: 25 P-EDCA attempts
  STA4: 5 P-EDCA attempts
  STA5: 164 P-EDCA attempts
  STA6: 265 P-EDCA attempts
  STA7: 99 P-EDCA attempts
  STA8: 131 P-EDCA attempts
  STA9: 254 P-EDCA attempts
  STA10: 226 P-EDCA attempts
  STA11: 170 P-EDCA attempts
  STA12: 96 P-EDCA attempts
  STA13: 219 P-EDCA attempts
  STA14: 174 P-EDCA attempts
  STA15: 150 P-EDCA attempts
  STA16: 34 P-EDCA attempts
  STA17: 163 P-EDCA attempts
  STA18: 1 P-EDCA attempts
  STA19: 98 P-EDCA attempts
  STA20: 141 P-EDCA attempts
  STA21: 131 P-EDCA attempts
  STA22: 211 P-EDCA attempts
  STA23: 23 P-EDCA attempts
  STA24: 233 P-EDCA attempts
  STA25: 84 P-EDCA attempts
  STA26: 239 P-EDCA attempts
  STA27: 155 P-EDCA attempts
  STA28: 164 P-EDCA attempts
  STA29: 212 P-EDCA attempts
  Total: 4124 P-EDCA attempts across 30 P-EDCA STAs
  Avg per P-EDCA STA: 137.467

--- [Stat 3] P-EDCA One-Shot Success Probability ---
  P-EDCA Success / DS-CTS Sent:      2139 / 4124 = 51.8671 %
  P-EDCA Success / Stage2 TX Started: 2139 / 2468 = 86.6694 %  (given RTS was actually sent)

--- [Stat 4] EDCA One-Shot Success Ratio (0 retransmissions) ---
  Legacy STAs: 0 / 0 = 0 %
  P-EDCA STAs: 14095 / 14121 = 99.8159 %  (MAC-level, includes both P-EDCA and EDCA paths)

--- [Stat 5] P-EDCA Kickback-to-EDCA Probability ---
  Total P-EDCA Failures: 351 / 4124 DS-CTS = 8.51115 %
    RTS No CTS:       91 (2.2066 %)
    RTS Collision:    238 (5.7711 %)
    Timing Expired:   0 (0 %)
    Deferral:         22 (0.533463 %)

--- [Stat 6] P-EDCA RTS Collision Probability ---
  RTS Collision / Stage2 TX Started: 238 / 2468 = 9.64344 %
  RTS Collision / DS-CTS Sent:       238 / 4124 = 5.7711 %

--- [Stat 7] P-EDCA Attempts per Successful P-EDCA TX ---
  DS-CTS Sent / P-EDCA Success: 4124 / 2139 = 1.928 attempts/success
  Stage2 TX / P-EDCA Success:   2468 / 2139 = 1.15381 RTS/success

--- VO Delay PDF (MAC Delay) ---
bin_start_us,bin_end_us,bin_mid_us,pdf_per_us,probability,count
210,215,212.5,4.24899e-05,0.00021245,3
215,220,217.5,5.66532e-05,0.000283266,4
220,225,222.5,8.49798e-05,0.000424899,6
225,230,227.5,0.000141633,0.000708165,10
230,235,232.5,2.83266e-05,0.000141633,2
235,240,237.5,4.24899e-05,0.00021245,3
240,245,242.5,7.08165e-05,0.000354083,5
245,250,247.5,8.49798e-05,0.000424899,6
250,255,252.5,0.000141633,0.000708165,10
255,260,257.5,0.000113306,0.000566532,8
260,265,262.5,0.00012747,0.000637349,9
265,270,267.5,9.91431e-05,0.000495716,7
270,275,272.5,8.49798e-05,0.000424899,6
275,280,277.5,7.08165e-05,0.000354083,5
280,285,282.5,8.49798e-05,0.000424899,6
285,290,287.5,5.66532e-05,0.000283266,4
290,295,292.5,8.49798e-05,0.000424899,6
295,300,297.5,0.000113306,0.000566532,8
300,305,302.5,8.49798e-05,0.000424899,6
305,310,307.5,0.00012747,0.000637349,9
310,315,312.5,0.000141633,0.000708165,10
315,320,317.5,0.000184123,0.000920615,13
320,325,322.5,0.00012747,0.000637349,9
325,330,327.5,0.00012747,0.000637349,9
330,335,332.5,8.49798e-05,0.000424899,6
335,340,337.5,0.000113306,0.000566532,8
340,345,342.5,0.00249274,0.0124637,176
345,350,347.5,0.00406487,0.0203243,287
350,355,352.5,0.00114723,0.00573614,81
355,360,357.5,0.000580695,0.00290348,41
360,365,362.5,0.000623185,0.00311593,44
365,370,367.5,0.000609022,0.00304511,43
370,375,372.5,0.000708165,0.00354083,50
375,380,377.5,0.000311593,0.00155796,22
380,385,382.5,0.000240776,0.00120388,17
385,390,387.5,0.00021245,0.00106225,15
390,395,392.5,0.000325756,0.00162878,23
395,400,397.5,0.000325756,0.00162878,23
400,405,402.5,0.000339919,0.0016996,24
405,410,407.5,0.000354083,0.00177041,25
410,415,412.5,0.000269103,0.00134551,19
415,420,417.5,0.000424899,0.0021245,30
420,425,422.5,0.000396572,0.00198286,28
425,430,427.5,0.000439062,0.00219531,31
430,435,432.5,0.000410736,0.00205368,29
435,440,437.5,0.000509879,0.00254939,36
440,445,442.5,0.000254939,0.0012747,18
445,450,447.5,0.000269103,0.00134551,19
450,455,452.5,0.0149989,0.0749947,1059
455,460,457.5,0.000325756,0.00162878,23
460,465,462.5,0.000368246,0.00184123,26
465,470,467.5,0.000283266,0.00141633,20
470,475,472.5,0.000382409,0.00191205,27
475,480,477.5,0.000467389,0.00233694,33
480,485,482.5,0.000467389,0.00233694,33
485,490,487.5,0.000424899,0.0021245,30
490,495,492.5,0.000453226,0.00226613,32
495,500,497.5,0.000439062,0.00219531,31
500,505,502.5,0.000509879,0.00254939,36
505,510,507.5,0.000509879,0.00254939,36
510,515,512.5,0.000354083,0.00177041,25
515,520,517.5,0.000382409,0.00191205,27
520,525,522.5,0.000396572,0.00198286,28
525,530,527.5,0.000467389,0.00233694,33
530,535,532.5,0.000325756,0.00162878,23
535,540,537.5,0.000368246,0.00184123,26
540,545,542.5,0.000396572,0.00198286,28
545,550,547.5,0.000396572,0.00198286,28
550,555,552.5,0.000339919,0.0016996,24
555,560,557.5,0.000354083,0.00177041,25
560,565,562.5,0.000963105,0.00481552,68
565,570,567.5,0.000453226,0.00226613,32
570,575,572.5,0.000495716,0.00247858,35
575,580,577.5,0.000368246,0.00184123,26
580,585,582.5,0.000538206,0.00269103,38
585,590,587.5,0.000396572,0.00198286,28
590,595,592.5,0.000424899,0.0021245,30
595,600,597.5,0.000368246,0.00184123,26
600,605,602.5,0.000467389,0.00233694,33
605,610,607.5,0.000382409,0.00191205,27
610,615,612.5,0.000325756,0.00162878,23
615,620,617.5,0.000354083,0.00177041,25
620,625,622.5,0.000339919,0.0016996,24
625,630,627.5,0.000283266,0.00141633,20
630,635,632.5,0.000368246,0.00184123,26
635,640,637.5,0.000283266,0.00141633,20
640,645,642.5,0.000424899,0.0021245,30
645,650,647.5,0.000283266,0.00141633,20
650,655,652.5,0.000424899,0.0021245,30
655,660,657.5,0.000368246,0.00184123,26
660,665,662.5,0.000354083,0.00177041,25
665,670,667.5,0.000481552,0.00240776,34
670,675,672.5,0.00518377,0.0259188,366
675,680,677.5,0.000254939,0.0012747,18
680,685,682.5,0.000240776,0.00120388,17
685,690,687.5,0.000410736,0.00205368,29
690,695,692.5,0.000354083,0.00177041,25
695,700,697.5,0.000354083,0.00177041,25
700,705,702.5,0.000297429,0.00148715,21
705,710,707.5,0.000297429,0.00148715,21
710,715,712.5,0.000297429,0.00148715,21
715,720,717.5,0.000269103,0.00134551,19
720,725,722.5,0.000481552,0.00240776,34
725,730,727.5,0.000439062,0.00219531,31
730,735,732.5,0.000354083,0.00177041,25
735,740,737.5,0.000254939,0.0012747,18
740,745,742.5,0.000311593,0.00155796,22
745,750,747.5,0.000481552,0.00240776,34
750,755,752.5,0.000339919,0.0016996,24
755,760,757.5,0.000339919,0.0016996,24
760,765,762.5,0.000410736,0.00205368,29
765,770,767.5,0.000382409,0.00191205,27
770,775,772.5,0.000254939,0.0012747,18
775,780,777.5,0.000410736,0.00205368,29
780,785,782.5,0.00215282,0.0107641,152
785,790,787.5,0.000410736,0.00205368,29
790,795,792.5,0.000226613,0.00113306,16
795,800,797.5,0.000226613,0.00113306,16
800,805,802.5,0.000226613,0.00113306,16
805,810,807.5,0.00021245,0.00106225,15
810,815,812.5,0.00021245,0.00106225,15
815,820,817.5,8.49798e-05,0.000424899,6
820,825,822.5,0.000198286,0.000991431,14
825,830,827.5,0.000141633,0.000708165,10
830,835,832.5,0.000325756,0.00162878,23
835,840,837.5,0.000325756,0.00162878,23
840,845,842.5,0.000297429,0.00148715,21
845,850,847.5,0.000141633,0.000708165,10
850,855,852.5,0.000283266,0.00141633,20
855,860,857.5,0.000198286,0.000991431,14
860,865,862.5,0.000141633,0.000708165,10
865,870,867.5,0.000283266,0.00141633,20
870,875,872.5,0.000254939,0.0012747,18
875,880,877.5,0.000254939,0.0012747,18
880,885,882.5,0.000226613,0.00113306,16
885,890,887.5,0.000283266,0.00141633,20
890,895,892.5,0.00144466,0.00722328,102
895,900,897.5,0.000382409,0.00191205,27
900,905,902.5,0.000155796,0.000778982,11
905,910,907.5,0.000240776,0.00120388,17
910,915,912.5,0.000269103,0.00134551,19
915,920,917.5,0.000269103,0.00134551,19
920,925,922.5,0.000311593,0.00155796,22
925,930,927.5,0.000184123,0.000920615,13
930,935,932.5,0.000198286,0.000991431,14
935,940,937.5,0.000354083,0.00177041,25
940,945,942.5,0.000184123,0.000920615,13
945,950,947.5,0.000240776,0.00120388,17
950,955,952.5,0.000226613,0.00113306,16
955,960,957.5,0.000325756,0.00162878,23
960,965,962.5,0.000254939,0.0012747,18
965,970,967.5,0.000269103,0.00134551,19
970,975,972.5,0.000240776,0.00120388,17
975,980,977.5,0.000240776,0.00120388,17
980,985,982.5,0.000453226,0.00226613,32
985,990,987.5,0.000198286,0.000991431,14
990,995,992.5,0.000325756,0.00162878,23
995,1000,997.5,0.000623185,0.00311593,44
1000,1005,1002.5,0.000297429,0.00148715,21
1005,1010,1007.5,0.000382409,0.00191205,27
1010,1015,1012.5,0.000198286,0.000991431,14
1015,1020,1017.5,0.000368246,0.00184123,26
1020,1025,1022.5,0.000141633,0.000708165,10
1025,1030,1027.5,0.000269103,0.00134551,19
1030,1035,1032.5,0.000538206,0.00269103,38
1035,1040,1037.5,0.00021245,0.00106225,15
1040,1045,1042.5,0.00016996,0.000849798,12
1045,1050,1047.5,0.000240776,0.00120388,17
1050,1055,1052.5,0.000269103,0.00134551,19
1055,1060,1057.5,0.000325756,0.00162878,23
1060,1065,1062.5,0.000226613,0.00113306,16
1065,1070,1067.5,0.000410736,0.00205368,29
1070,1075,1072.5,0.000184123,0.000920615,13
1075,1080,1077.5,0.000325756,0.00162878,23
1080,1085,1082.5,0.000198286,0.000991431,14
1085,1090,1087.5,0.000240776,0.00120388,17
1090,1095,1092.5,0.000297429,0.00148715,21
1095,1100,1097.5,0.000226613,0.00113306,16
1100,1105,1102.5,0.000354083,0.00177041,25
1105,1110,1107.5,0.000509879,0.00254939,36
1110,1115,1112.5,0.000269103,0.00134551,19
1115,1120,1117.5,0.000283266,0.00141633,20
1120,1125,1122.5,0.000269103,0.00134551,19
1125,1130,1127.5,0.000184123,0.000920615,13
1130,1135,1132.5,0.000339919,0.0016996,24
1135,1140,1137.5,0.000184123,0.000920615,13
1140,1145,1142.5,0.000339919,0.0016996,24
1145,1150,1147.5,0.000269103,0.00134551,19
1150,1155,1152.5,0.000254939,0.0012747,18
1155,1160,1157.5,0.000311593,0.00155796,22
1160,1165,1162.5,0.000240776,0.00120388,17
1165,1170,1167.5,0.00012747,0.000637349,9
1170,1175,1172.5,0.000184123,0.000920615,13
1175,1180,1177.5,0.000155796,0.000778982,11
1180,1185,1182.5,0.000283266,0.00141633,20
1185,1190,1187.5,0.000254939,0.0012747,18
1190,1195,1192.5,0.000198286,0.000991431,14
1195,1200,1197.5,0.00016996,0.000849798,12
1200,1205,1202.5,0.000297429,0.00148715,21
1205,1210,1207.5,0.000155796,0.000778982,11
1210,1215,1212.5,0.000325756,0.00162878,23
1215,1220,1217.5,0.000368246,0.00184123,26
1220,1225,1222.5,0.000283266,0.00141633,20
1225,1230,1227.5,0.000226613,0.00113306,16
1230,1235,1232.5,0.000269103,0.00134551,19
1235,1240,1237.5,0.000226613,0.00113306,16
1240,1245,1242.5,0.00021245,0.00106225,15
1245,1250,1247.5,0.000184123,0.000920615,13
1250,1255,1252.5,0.00016996,0.000849798,12
1255,1260,1257.5,0.000155796,0.000778982,11
1260,1265,1262.5,0.000254939,0.0012747,18
1265,1270,1267.5,9.91431e-05,0.000495716,7
1270,1275,1272.5,0.000198286,0.000991431,14
1275,1280,1277.5,0.000311593,0.00155796,22
1280,1285,1282.5,0.000198286,0.000991431,14
1285,1290,1287.5,0.000269103,0.00134551,19
1290,1295,1292.5,0.000155796,0.000778982,11
1295,1300,1297.5,0.00021245,0.00106225,15
1300,1305,1302.5,0.000184123,0.000920615,13
1305,1310,1307.5,0.00021245,0.00106225,15
1310,1315,1312.5,0.000184123,0.000920615,13
1315,1320,1317.5,0.000283266,0.00141633,20
1320,1325,1322.5,0.000198286,0.000991431,14
1325,1330,1327.5,0.000354083,0.00177041,25
1330,1335,1332.5,0.000283266,0.00141633,20
1335,1340,1337.5,0.000240776,0.00120388,17
1340,1345,1342.5,0.000184123,0.000920615,13
1345,1350,1347.5,0.00016996,0.000849798,12
1350,1355,1352.5,0.000198286,0.000991431,14
1355,1360,1357.5,0.000283266,0.00141633,20
1360,1365,1362.5,0.000226613,0.00113306,16
1365,1370,1367.5,0.000226613,0.00113306,16
1370,1375,1372.5,0.00021245,0.00106225,15
1375,1380,1377.5,0.000368246,0.00184123,26
1380,1385,1382.5,0.00016996,0.000849798,12
1385,1390,1387.5,0.00021245,0.00106225,15
1390,1395,1392.5,0.000113306,0.000566532,8
1395,1400,1397.5,9.91431e-05,0.000495716,7
1400,1405,1402.5,0.000184123,0.000920615,13
1405,1410,1407.5,0.00012747,0.000637349,9
1410,1415,1412.5,8.49798e-05,0.000424899,6
1415,1420,1417.5,0.000155796,0.000778982,11
1420,1425,1422.5,0.000297429,0.00148715,21
1425,1430,1427.5,0.000339919,0.0016996,24
1430,1435,1432.5,0.000254939,0.0012747,18
1435,1440,1437.5,0.000113306,0.000566532,8
1440,1445,1442.5,0.000198286,0.000991431,14
1445,1450,1447.5,0.000184123,0.000920615,13
1450,1455,1452.5,9.91431e-05,0.000495716,7
1455,1460,1457.5,0.000325756,0.00162878,23
1460,1465,1462.5,0.000297429,0.00148715,21
1465,1470,1467.5,0.000297429,0.00148715,21
1470,1475,1472.5,0.000141633,0.000708165,10
1475,1480,1477.5,0.000240776,0.00120388,17
1480,1485,1482.5,0.000198286,0.000991431,14
1485,1490,1487.5,0.000155796,0.000778982,11
1490,1495,1492.5,0.000269103,0.00134551,19
1495,1500,1497.5,0.000226613,0.00113306,16
1500,1505,1502.5,0.000155796,0.000778982,11
1505,1510,1507.5,0.000155796,0.000778982,11
1510,1515,1512.5,0.000254939,0.0012747,18
1515,1520,1517.5,0.000240776,0.00120388,17
1520,1525,1522.5,0.000198286,0.000991431,14
1525,1530,1527.5,0.000155796,0.000778982,11
1530,1535,1532.5,0.00021245,0.00106225,15
1535,1540,1537.5,0.000155796,0.000778982,11
1540,1545,1542.5,0.00021245,0.00106225,15
1545,1550,1547.5,0.000141633,0.000708165,10
1550,1555,1552.5,0.00021245,0.00106225,15
1555,1560,1557.5,0.000184123,0.000920615,13
1560,1565,1562.5,0.000155796,0.000778982,11
1565,1570,1567.5,0.00021245,0.00106225,15
1570,1575,1572.5,0.000226613,0.00113306,16
1575,1580,1577.5,0.000226613,0.00113306,16
1580,1585,1582.5,0.000155796,0.000778982,11
1585,1590,1587.5,0.00021245,0.00106225,15
1590,1595,1592.5,0.000184123,0.000920615,13
1595,1600,1597.5,0.000297429,0.00148715,21
1600,1605,1602.5,0.000198286,0.000991431,14
1605,1610,1607.5,0.00021245,0.00106225,15
1610,1615,1612.5,0.000184123,0.000920615,13
1615,1620,1617.5,0.000198286,0.000991431,14
1620,1625,1622.5,0.000141633,0.000708165,10
1625,1630,1627.5,0.00016996,0.000849798,12
1630,1635,1632.5,0.000226613,0.00113306,16
1635,1640,1637.5,0.00021245,0.00106225,15
1640,1645,1642.5,0.000184123,0.000920615,13
1645,1650,1647.5,0.000198286,0.000991431,14
1650,1655,1652.5,0.000283266,0.00141633,20
1655,1660,1657.5,0.000141633,0.000708165,10
1660,1665,1662.5,0.00021245,0.00106225,15
1665,1670,1667.5,0.00016996,0.000849798,12
1670,1675,1672.5,0.000155796,0.000778982,11
1675,1680,1677.5,0.00021245,0.00106225,15
1680,1685,1682.5,9.91431e-05,0.000495716,7
1685,1690,1687.5,5.66532e-05,0.000283266,4
1690,1695,1692.5,0.000141633,0.000708165,10
1695,1700,1697.5,0.000155796,0.000778982,11
1700,1705,1702.5,0.000155796,0.000778982,11
1705,1710,1707.5,0.00021245,0.00106225,15
1710,1715,1712.5,0.000198286,0.000991431,14
1715,1720,1717.5,0.000113306,0.000566532,8
1720,1725,1722.5,0.000141633,0.000708165,10
1725,1730,1727.5,0.000113306,0.000566532,8
1730,1735,1732.5,0.000141633,0.000708165,10
1735,1740,1737.5,0.000155796,0.000778982,11
1740,1745,1742.5,0.000198286,0.000991431,14
1745,1750,1747.5,0.000155796,0.000778982,11
1750,1755,1752.5,0.00021245,0.00106225,15
1755,1760,1757.5,0.000297429,0.00148715,21
1760,1765,1762.5,0.000141633,0.000708165,10
1765,1770,1767.5,0.000141633,0.000708165,10
1770,1775,1772.5,9.91431e-05,0.000495716,7
1775,1780,1777.5,0.00021245,0.00106225,15
1780,1785,1782.5,0.000198286,0.000991431,14
1785,1790,1787.5,0.00012747,0.000637349,9
1790,1795,1792.5,0.000155796,0.000778982,11
1795,1800,1797.5,0.000184123,0.000920615,13
1800,1805,1802.5,0.000226613,0.00113306,16
1805,1810,1807.5,0.00016996,0.000849798,12
1810,1815,1812.5,0.000184123,0.000920615,13
1815,1820,1817.5,0.00012747,0.000637349,9
1820,1825,1822.5,0.00016996,0.000849798,12
1825,1830,1827.5,0.00021245,0.00106225,15
1830,1835,1832.5,5.66532e-05,0.000283266,4
1835,1840,1837.5,0.00016996,0.000849798,12
1840,1845,1842.5,0.000155796,0.000778982,11
1845,1850,1847.5,0.00016996,0.000849798,12
1850,1855,1852.5,9.91431e-05,0.000495716,7
1855,1860,1857.5,0.000339919,0.0016996,24
1860,1865,1862.5,0.000113306,0.000566532,8
1865,1870,1867.5,0.000141633,0.000708165,10
1870,1875,1872.5,0.000198286,0.000991431,14
1875,1880,1877.5,0.00012747,0.000637349,9
1880,1885,1882.5,0.000141633,0.000708165,10
1885,1890,1887.5,0.00012747,0.000637349,9
1890,1895,1892.5,0.00016996,0.000849798,12
1895,1900,1897.5,0.000184123,0.000920615,13
1900,1905,1902.5,8.49798e-05,0.000424899,6
1905,1910,1907.5,0.00016996,0.000849798,12
1910,1915,1912.5,0.000254939,0.0012747,18
1915,1920,1917.5,0.000141633,0.000708165,10
1920,1925,1922.5,0.000198286,0.000991431,14
1925,1930,1927.5,0.00012747,0.000637349,9
1930,1935,1932.5,0.00012747,0.000637349,9
1935,1940,1937.5,0.00012747,0.000637349,9
1940,1945,1942.5,0.000141633,0.000708165,10
1945,1950,1947.5,0.000254939,0.0012747,18
1950,1955,1952.5,0.000141633,0.000708165,10
1955,1960,1957.5,0.000240776,0.00120388,17
1960,1965,1962.5,0.000155796,0.000778982,11
1965,1970,1967.5,0.000198286,0.000991431,14
1970,1975,1972.5,0.00012747,0.000637349,9
1975,1980,1977.5,0.00016996,0.000849798,12
1980,1985,1982.5,5.66532e-05,0.000283266,4
1985,1990,1987.5,0.00012747,0.000637349,9
1990,1995,1992.5,0.00016996,0.000849798,12
1995,2000,1997.5,5.66532e-05,0.000283266,4
2000,2005,2002.5,0.00016996,0.000849798,12
2005,2010,2007.5,0.000226613,0.00113306,16
2010,2015,2012.5,0.00016996,0.000849798,12
2015,2020,2017.5,0.000141633,0.000708165,10
2020,2025,2022.5,0.000141633,0.000708165,10
2025,2030,2027.5,0.00012747,0.000637349,9
2030,2035,2032.5,0.000113306,0.000566532,8
2035,2040,2037.5,8.49798e-05,0.000424899,6
2040,2045,2042.5,9.91431e-05,0.000495716,7
2045,2050,2047.5,0.000184123,0.000920615,13
2050,2055,2052.5,0.000141633,0.000708165,10
2055,2060,2057.5,0.000155796,0.000778982,11
2060,2065,2062.5,0.00012747,0.000637349,9
2065,2070,2067.5,0.00012747,0.000637349,9
2070,2075,2072.5,0.000113306,0.000566532,8
2075,2080,2077.5,9.91431e-05,0.000495716,7
2080,2085,2082.5,0.000155796,0.000778982,11
2085,2090,2087.5,0.00016996,0.000849798,12
2090,2095,2092.5,0.000141633,0.000708165,10
2095,2100,2097.5,0.000141633,0.000708165,10
2100,2105,2102.5,0.00012747,0.000637349,9
2105,2110,2107.5,0.000184123,0.000920615,13
2110,2115,2112.5,0.000141633,0.000708165,10
2115,2120,2117.5,0.00016996,0.000849798,12
2120,2125,2122.5,5.66532e-05,0.000283266,4
2125,2130,2127.5,0.000155796,0.000778982,11
2130,2135,2132.5,0.000113306,0.000566532,8
2135,2140,2137.5,0.000198286,0.000991431,14
2140,2145,2142.5,0.000113306,0.000566532,8
2145,2150,2147.5,0.00016996,0.000849798,12
2150,2155,2152.5,0.00012747,0.000637349,9
2155,2160,2157.5,0.00012747,0.000637349,9
2160,2165,2162.5,5.66532e-05,0.000283266,4
2165,2170,2167.5,0.000155796,0.000778982,11
2170,2175,2172.5,0.000184123,0.000920615,13
2175,2180,2177.5,0.00012747,0.000637349,9
2180,2185,2182.5,0.000113306,0.000566532,8
2185,2190,2187.5,0.000155796,0.000778982,11
2190,2195,2192.5,0.000240776,0.00120388,17
2195,2200,2197.5,0.000141633,0.000708165,10
2200,2205,2202.5,0.000198286,0.000991431,14
2205,2210,2207.5,7.08165e-05,0.000354083,5
2210,2215,2212.5,7.08165e-05,0.000354083,5
2215,2220,2217.5,9.91431e-05,0.000495716,7
2220,2225,2222.5,7.08165e-05,0.000354083,5
2225,2230,2227.5,0.00016996,0.000849798,12
2230,2235,2232.5,0.00012747,0.000637349,9
2235,2240,2237.5,0.00012747,0.000637349,9
2240,2245,2242.5,0.00016996,0.000849798,12
2245,2250,2247.5,0.000198286,0.000991431,14
2250,2255,2252.5,0.000141633,0.000708165,10
2255,2260,2257.5,0.000184123,0.000920615,13
2260,2265,2262.5,8.49798e-05,0.000424899,6
2265,2270,2267.5,0.000113306,0.000566532,8
2270,2275,2272.5,0.000184123,0.000920615,13
2275,2280,2277.5,0.000226613,0.00113306,16
2280,2285,2282.5,9.91431e-05,0.000495716,7
2285,2290,2287.5,0.000141633,0.000708165,10
2290,2295,2292.5,0.000141633,0.000708165,10
2295,2300,2297.5,8.49798e-05,0.000424899,6
2300,2305,2302.5,0.00016996,0.000849798,12
2305,2310,2307.5,9.91431e-05,0.000495716,7
2310,2315,2312.5,0.00016996,0.000849798,12
2315,2320,2317.5,0.00012747,0.000637349,9
2320,2325,2322.5,0.000155796,0.000778982,11
2325,2330,2327.5,0.000141633,0.000708165,10
2330,2335,2332.5,0.000113306,0.000566532,8
2335,2340,2337.5,0.000141633,0.000708165,10
2340,2345,2342.5,5.66532e-05,0.000283266,4
2345,2350,2347.5,0.00016996,0.000849798,12
2350,2355,2352.5,9.91431e-05,0.000495716,7
2355,2360,2357.5,0.000113306,0.000566532,8
2360,2365,2362.5,0.00021245,0.00106225,15
2365,2370,2367.5,0.000113306,0.000566532,8
2370,2375,2372.5,0.000141633,0.000708165,10
2375,2380,2377.5,8.49798e-05,0.000424899,6
2380,2385,2382.5,0.00012747,0.000637349,9
2385,2390,2387.5,8.49798e-05,0.000424899,6
2390,2395,2392.5,8.49798e-05,0.000424899,6
2395,2400,2397.5,0.00012747,0.000637349,9
2400,2405,2402.5,0.000184123,0.000920615,13
2405,2410,2407.5,0.000141633,0.000708165,10
2410,2415,2412.5,9.91431e-05,0.000495716,7
2415,2420,2417.5,0.00016996,0.000849798,12
2420,2425,2422.5,0.000141633,0.000708165,10
2425,2430,2427.5,0.00012747,0.000637349,9
2430,2435,2432.5,0.000141633,0.000708165,10
2435,2440,2437.5,0.000141633,0.000708165,10
2440,2445,2442.5,0.00012747,0.000637349,9
2445,2450,2447.5,0.00016996,0.000849798,12
2450,2455,2452.5,0.00016996,0.000849798,12
2455,2460,2457.5,8.49798e-05,0.000424899,6
2460,2465,2462.5,8.49798e-05,0.000424899,6
2465,2470,2467.5,0.00012747,0.000637349,9
2470,2475,2472.5,0.000226613,0.00113306,16
2475,2480,2477.5,4.24899e-05,0.00021245,3
2480,2485,2482.5,8.49798e-05,0.000424899,6
2485,2490,2487.5,0.00012747,0.000637349,9
2490,2495,2492.5,9.91431e-05,0.000495716,7
2495,2500,2497.5,0.000113306,0.000566532,8
2500,2505,2502.5,0.00016996,0.000849798,12
2505,2510,2507.5,8.49798e-05,0.000424899,6
2510,2515,2512.5,0.000113306,0.000566532,8
2515,2520,2517.5,0.000141633,0.000708165,10
2520,2525,2522.5,9.91431e-05,0.000495716,7
2525,2530,2527.5,4.24899e-05,0.00021245,3
2530,2535,2532.5,0.000184123,0.000920615,13
2535,2540,2537.5,0.000141633,0.000708165,10
2540,2545,2542.5,0.000198286,0.000991431,14
2545,2550,2547.5,0.000113306,0.000566532,8
2550,2555,2552.5,0.000141633,0.000708165,10
2555,2560,2557.5,9.91431e-05,0.000495716,7
2560,2565,2562.5,0.000141633,0.000708165,10
2565,2570,2567.5,0.00012747,0.000637349,9
2570,2575,2572.5,8.49798e-05,0.000424899,6
2575,2580,2577.5,7.08165e-05,0.000354083,5
2580,2585,2582.5,8.49798e-05,0.000424899,6
2585,2590,2587.5,0.000198286,0.000991431,14
2590,2595,2592.5,0.000113306,0.000566532,8
2595,2600,2597.5,0.00016996,0.000849798,12
2600,2605,2602.5,0.000184123,0.000920615,13
2605,2610,2607.5,0.000113306,0.000566532,8
2610,2615,2612.5,0.00012747,0.000637349,9
2615,2620,2617.5,7.08165e-05,0.000354083,5
2620,2625,2622.5,8.49798e-05,0.000424899,6
2625,2630,2627.5,0.00012747,0.000637349,9
2630,2635,2632.5,0.00012747,0.000637349,9
2635,2640,2637.5,0.00016996,0.000849798,12
2640,2645,2642.5,0.00012747,0.000637349,9
2645,2650,2647.5,8.49798e-05,0.000424899,6
2650,2655,2652.5,0.000184123,0.000920615,13
2655,2660,2657.5,8.49798e-05,0.000424899,6
2660,2665,2662.5,8.49798e-05,0.000424899,6
2665,2670,2667.5,9.91431e-05,0.000495716,7
2670,2675,2672.5,0.00016996,0.000849798,12
2675,2680,2677.5,0.000155796,0.000778982,11
2680,2685,2682.5,0.00012747,0.000637349,9
2685,2690,2687.5,0.000141633,0.000708165,10
2690,2695,2692.5,9.91431e-05,0.000495716,7
2695,2700,2697.5,0.00012747,0.000637349,9
2700,2705,2702.5,0.000141633,0.000708165,10
2705,2710,2707.5,0.00016996,0.000849798,12
2710,2715,2712.5,8.49798e-05,0.000424899,6
2715,2720,2717.5,7.08165e-05,0.000354083,5
2720,2725,2722.5,9.91431e-05,0.000495716,7
2725,2730,2727.5,9.91431e-05,0.000495716,7
2730,2735,2732.5,9.91431e-05,0.000495716,7
2735,2740,2737.5,9.91431e-05,0.000495716,7
2740,2745,2742.5,8.49798e-05,0.000424899,6
2745,2750,2747.5,0.000113306,0.000566532,8
2750,2755,2752.5,0.000184123,0.000920615,13
2755,2760,2757.5,0.000113306,0.000566532,8
2760,2765,2762.5,8.49798e-05,0.000424899,6
2765,2770,2767.5,0.000113306,0.000566532,8
2770,2775,2772.5,0.000113306,0.000566532,8
2775,2780,2777.5,0.000113306,0.000566532,8
2780,2785,2782.5,7.08165e-05,0.000354083,5
2785,2790,2787.5,0.000155796,0.000778982,11
2790,2795,2792.5,0.00012747,0.000637349,9
2795,2800,2797.5,4.24899e-05,0.00021245,3
2800,2805,2802.5,2.83266e-05,0.000141633,2
2805,2810,2807.5,7.08165e-05,0.000354083,5
2810,2815,2812.5,7.08165e-05,0.000354083,5
2815,2820,2817.5,8.49798e-05,0.000424899,6
2820,2825,2822.5,8.49798e-05,0.000424899,6
2825,2830,2827.5,0.000184123,0.000920615,13
2830,2835,2832.5,4.24899e-05,0.00021245,3
2835,2840,2837.5,7.08165e-05,0.000354083,5
2840,2845,2842.5,9.91431e-05,0.000495716,7
2845,2850,2847.5,0.000155796,0.000778982,11
2850,2855,2852.5,8.49798e-05,0.000424899,6
2855,2860,2857.5,5.66532e-05,0.000283266,4
2860,2865,2862.5,5.66532e-05,0.000283266,4
2865,2870,2867.5,0.000113306,0.000566532,8
2870,2875,2872.5,9.91431e-05,0.000495716,7
2875,2880,2877.5,7.08165e-05,0.000354083,5
2880,2885,2882.5,0.000141633,0.000708165,10
2885,2890,2887.5,4.24899e-05,0.00021245,3
2890,2895,2892.5,0.00012747,0.000637349,9
2895,2900,2897.5,5.66532e-05,0.000283266,4
2900,2905,2902.5,0.00012747,0.000637349,9
2905,2910,2907.5,0.00012747,0.000637349,9
2910,2915,2912.5,0.000155796,0.000778982,11
2915,2920,2917.5,0.000155796,0.000778982,11
2920,2925,2922.5,0.000141633,0.000708165,10
2925,2930,2927.5,9.91431e-05,0.000495716,7
2930,2935,2932.5,7.08165e-05,0.000354083,5
2935,2940,2937.5,7.08165e-05,0.000354083,5
2940,2945,2942.5,0.000141633,0.000708165,10
2945,2950,2947.5,9.91431e-05,0.000495716,7
2950,2955,2952.5,8.49798e-05,0.000424899,6
2955,2960,2957.5,0.00012747,0.000637349,9
2960,2965,2962.5,9.91431e-05,0.000495716,7
2965,2970,2967.5,0.000184123,0.000920615,13
2970,2975,2972.5,2.83266e-05,0.000141633,2
2975,2980,2977.5,7.08165e-05,0.000354083,5
2980,2985,2982.5,0.000184123,0.000920615,13
2985,2990,2987.5,9.91431e-05,0.000495716,7
2990,2995,2992.5,5.66532e-05,0.000283266,4
2995,3000,2997.5,4.24899e-05,0.00021245,3
3000,3005,3002.5,0.000226613,0.00113306,16
3005,3010,3007.5,5.66532e-05,0.000283266,4
3010,3015,3012.5,0.000141633,0.000708165,10
3015,3020,3017.5,0.000113306,0.000566532,8
3020,3025,3022.5,0.00012747,0.000637349,9
3025,3030,3027.5,9.91431e-05,0.000495716,7
3030,3035,3032.5,0.00012747,0.000637349,9
3035,3040,3037.5,8.49798e-05,0.000424899,6
3040,3045,3042.5,9.91431e-05,0.000495716,7
3045,3050,3047.5,0.000155796,0.000778982,11
3050,3055,3052.5,5.66532e-05,0.000283266,4
3055,3060,3057.5,0.00012747,0.000637349,9
3060,3065,3062.5,9.91431e-05,0.000495716,7
3065,3070,3067.5,5.66532e-05,0.000283266,4
3070,3075,3072.5,8.49798e-05,0.000424899,6
3075,3080,3077.5,0.000113306,0.000566532,8
3080,3085,3082.5,8.49798e-05,0.000424899,6
3085,3090,3087.5,7.08165e-05,0.000354083,5
3090,3095,3092.5,0.000141633,0.000708165,10
3095,3100,3097.5,9.91431e-05,0.000495716,7
3100,3105,3102.5,5.66532e-05,0.000283266,4
3105,3110,3107.5,7.08165e-05,0.000354083,5
3110,3115,3112.5,9.91431e-05,0.000495716,7
3115,3120,3117.5,0.00016996,0.000849798,12
3120,3125,3122.5,5.66532e-05,0.000283266,4
3125,3130,3127.5,0.000141633,0.000708165,10
3130,3135,3132.5,0.000113306,0.000566532,8
3135,3140,3137.5,9.91431e-05,0.000495716,7
3140,3145,3142.5,8.49798e-05,0.000424899,6
3145,3150,3147.5,2.83266e-05,0.000141633,2
3150,3155,3152.5,7.08165e-05,0.000354083,5
3155,3160,3157.5,0.00012747,0.000637349,9
3160,3165,3162.5,9.91431e-05,0.000495716,7
3165,3170,3167.5,0.00012747,0.000637349,9
3170,3175,3172.5,8.49798e-05,0.000424899,6
3175,3180,3177.5,8.49798e-05,0.000424899,6
3180,3185,3182.5,4.24899e-05,0.00021245,3
3185,3190,3187.5,0.00012747,0.000637349,9
3190,3195,3192.5,0.000198286,0.000991431,14
3195,3200,3197.5,0.000141633,0.000708165,10
3200,3205,3202.5,7.08165e-05,0.000354083,5
3205,3210,3207.5,0.000141633,0.000708165,10
3210,3215,3212.5,7.08165e-05,0.000354083,5
3215,3220,3217.5,4.24899e-05,0.00021245,3
3220,3225,3222.5,4.24899e-05,0.00021245,3
3225,3230,3227.5,0.000113306,0.000566532,8
3230,3235,3232.5,8.49798e-05,0.000424899,6
3235,3240,3237.5,0.000113306,0.000566532,8
3240,3245,3242.5,8.49798e-05,0.000424899,6
3245,3250,3247.5,7.08165e-05,0.000354083,5
3250,3255,3252.5,0.000141633,0.000708165,10
3255,3260,3257.5,9.91431e-05,0.000495716,7
3260,3265,3262.5,0.000155796,0.000778982,11
3265,3270,3267.5,0.000141633,0.000708165,10
3270,3275,3272.5,0.00012747,0.000637349,9
3275,3280,3277.5,8.49798e-05,0.000424899,6
3280,3285,3282.5,0.00012747,0.000637349,9
3285,3290,3287.5,4.24899e-05,0.00021245,3
3290,3295,3292.5,9.91431e-05,0.000495716,7
3295,3300,3297.5,4.24899e-05,0.00021245,3
3300,3305,3302.5,0.000141633,0.000708165,10
3305,3310,3307.5,9.91431e-05,0.000495716,7
3310,3315,3312.5,0.00012747,0.000637349,9
3315,3320,3317.5,8.49798e-05,0.000424899,6
3320,3325,3322.5,8.49798e-05,0.000424899,6
3325,3330,3327.5,7.08165e-05,0.000354083,5
3330,3335,3332.5,0.00012747,0.000637349,9
3335,3340,3337.5,0.000113306,0.000566532,8
3340,3345,3342.5,8.49798e-05,0.000424899,6
3345,3350,3347.5,8.49798e-05,0.000424899,6
3350,3355,3352.5,0.00012747,0.000637349,9
3355,3360,3357.5,0.000113306,0.000566532,8
3360,3365,3362.5,9.91431e-05,0.000495716,7
3365,3370,3367.5,0.000113306,0.000566532,8
3370,3375,3372.5,0.00016996,0.000849798,12
3375,3380,3377.5,9.91431e-05,0.000495716,7
3380,3385,3382.5,0.000113306,0.000566532,8
3385,3390,3387.5,0.000141633,0.000708165,10
3390,3395,3392.5,0.000113306,0.000566532,8
3395,3400,3397.5,7.08165e-05,0.000354083,5
3400,3405,3402.5,0.00016996,0.000849798,12
3405,3410,3407.5,9.91431e-05,0.000495716,7
3410,3415,3412.5,5.66532e-05,0.000283266,4
3415,3420,3417.5,0.000184123,0.000920615,13
3420,3425,3422.5,7.08165e-05,0.000354083,5
3425,3430,3427.5,0.000113306,0.000566532,8
3430,3435,3432.5,7.08165e-05,0.000354083,5
3435,3440,3437.5,7.08165e-05,0.000354083,5
3440,3445,3442.5,0.000113306,0.000566532,8
3445,3450,3447.5,7.08165e-05,0.000354083,5
3450,3455,3452.5,2.83266e-05,0.000141633,2
3455,3460,3457.5,9.91431e-05,0.000495716,7
3460,3465,3462.5,0.00016996,0.000849798,12
3465,3470,3467.5,5.66532e-05,0.000283266,4
3470,3475,3472.5,7.08165e-05,0.000354083,5
3475,3480,3477.5,0.000113306,0.000566532,8
3480,3485,3482.5,9.91431e-05,0.000495716,7
3485,3490,3487.5,7.08165e-05,0.000354083,5
3490,3495,3492.5,0.000113306,0.000566532,8
3495,3500,3497.5,4.24899e-05,0.00021245,3
3500,3505,3502.5,4.24899e-05,0.00021245,3
3505,3510,3507.5,0.00012747,0.000637349,9
3510,3515,3512.5,5.66532e-05,0.000283266,4
3515,3520,3517.5,8.49798e-05,0.000424899,6
3520,3525,3522.5,8.49798e-05,0.000424899,6
3525,3530,3527.5,8.49798e-05,0.000424899,6
3530,3535,3532.5,0.000113306,0.000566532,8
3535,3540,3537.5,9.91431e-05,0.000495716,7
3540,3545,3542.5,0.00012747,0.000637349,9
3545,3550,3547.5,4.24899e-05,0.00021245,3
3550,3555,3552.5,0.00012747,0.000637349,9
3555,3560,3557.5,8.49798e-05,0.000424899,6
3560,3565,3562.5,7.08165e-05,0.000354083,5
3565,3570,3567.5,5.66532e-05,0.000283266,4
3570,3575,3572.5,8.49798e-05,0.000424899,6
3575,3580,3577.5,7.08165e-05,0.000354083,5
3580,3585,3582.5,8.49798e-05,0.000424899,6
3585,3590,3587.5,5.66532e-05,0.000283266,4
3590,3595,3592.5,7.08165e-05,0.000354083,5
3595,3600,3597.5,0.000113306,0.000566532,8
3600,3605,3602.5,0.000113306,0.000566532,8
3605,3610,3607.5,5.66532e-05,0.000283266,4
3610,3615,3612.5,9.91431e-05,0.000495716,7
3615,3620,3617.5,8.49798e-05,0.000424899,6
3620,3625,3622.5,8.49798e-05,0.000424899,6
3625,3630,3627.5,0.000184123,0.000920615,13
3630,3635,3632.5,0.000113306,0.000566532,8
3635,3640,3637.5,0.000141633,0.000708165,10
3640,3645,3642.5,8.49798e-05,0.000424899,6
3645,3650,3647.5,9.91431e-05,0.000495716,7
3650,3655,3652.5,7.08165e-05,0.000354083,5
3655,3660,3657.5,1.41633e-05,7.08165e-05,1
3660,3665,3662.5,7.08165e-05,0.000354083,5
3665,3670,3667.5,0.000113306,0.000566532,8
3675,3680,3677.5,8.49798e-05,0.000424899,6
3680,3685,3682.5,7.08165e-05,0.000354083,5
3685,3690,3687.5,4.24899e-05,0.00021245,3
3690,3695,3692.5,2.83266e-05,0.000141633,2
3695,3700,3697.5,0.000155796,0.000778982,11
3700,3705,3702.5,8.49798e-05,0.000424899,6
3705,3710,3707.5,9.91431e-05,0.000495716,7
3710,3715,3712.5,8.49798e-05,0.000424899,6
3715,3720,3717.5,8.49798e-05,0.000424899,6
3720,3725,3722.5,7.08165e-05,0.000354083,5
3725,3730,3727.5,8.49798e-05,0.000424899,6
3730,3735,3732.5,0.000141633,0.000708165,10
3735,3740,3737.5,7.08165e-05,0.000354083,5
3740,3745,3742.5,9.91431e-05,0.000495716,7
3745,3750,3747.5,0.000141633,0.000708165,10
3750,3755,3752.5,8.49798e-05,0.000424899,6
3755,3760,3757.5,7.08165e-05,0.000354083,5
3760,3765,3762.5,8.49798e-05,0.000424899,6
3765,3770,3767.5,7.08165e-05,0.000354083,5
3770,3775,3772.5,5.66532e-05,0.000283266,4
3775,3780,3777.5,8.49798e-05,0.000424899,6
3780,3785,3782.5,4.24899e-05,0.00021245,3
3785,3790,3787.5,0.000113306,0.000566532,8
3790,3795,3792.5,7.08165e-05,0.000354083,5
3795,3800,3797.5,8.49798e-05,0.000424899,6
3800,3805,3802.5,7.08165e-05,0.000354083,5
3805,3810,3807.5,8.49798e-05,0.000424899,6
3810,3815,3812.5,7.08165e-05,0.000354083,5
3815,3820,3817.5,7.08165e-05,0.000354083,5
3820,3825,3822.5,8.49798e-05,0.000424899,6
3825,3830,3827.5,0.00012747,0.000637349,9
3830,3835,3832.5,0.000113306,0.000566532,8
3835,3840,3837.5,5.66532e-05,0.000283266,4
3840,3845,3842.5,9.91431e-05,0.000495716,7
3845,3850,3847.5,9.91431e-05,0.000495716,7
3850,3855,3852.5,0.000141633,0.000708165,10
3855,3860,3857.5,4.24899e-05,0.00021245,3
3860,3865,3862.5,7.08165e-05,0.000354083,5
3865,3870,3867.5,0.000113306,0.000566532,8
3870,3875,3872.5,7.08165e-05,0.000354083,5
3875,3880,3877.5,9.91431e-05,0.000495716,7
3880,3885,3882.5,1.41633e-05,7.08165e-05,1
3885,3890,3887.5,0.000113306,0.000566532,8
3890,3895,3892.5,7.08165e-05,0.000354083,5
3895,3900,3897.5,7.08165e-05,0.000354083,5
3900,3905,3902.5,5.66532e-05,0.000283266,4
3905,3910,3907.5,1.41633e-05,7.08165e-05,1
3910,3915,3912.5,0.000141633,0.000708165,10
3915,3920,3917.5,9.91431e-05,0.000495716,7
3920,3925,3922.5,9.91431e-05,0.000495716,7
3930,3935,3932.5,0.00016996,0.000849798,12
3935,3940,3937.5,7.08165e-05,0.000354083,5
3940,3945,3942.5,9.91431e-05,0.000495716,7
3945,3950,3947.5,0.000113306,0.000566532,8
3950,3955,3952.5,0.000155796,0.000778982,11
3955,3960,3957.5,2.83266e-05,0.000141633,2
3960,3965,3962.5,0.000155796,0.000778982,11
3965,3970,3967.5,7.08165e-05,0.000354083,5
3970,3975,3972.5,0.00016996,0.000849798,12
3975,3980,3977.5,5.66532e-05,0.000283266,4
3980,3985,3982.5,8.49798e-05,0.000424899,6
3985,3990,3987.5,5.66532e-05,0.000283266,4
3990,3995,3992.5,4.24899e-05,0.00021245,3
3995,4000,3997.5,9.91431e-05,0.000495716,7
4000,4005,4002.5,2.83266e-05,0.000141633,2
4005,4010,4007.5,8.49798e-05,0.000424899,6
4010,4015,4012.5,8.49798e-05,0.000424899,6
4015,4020,4017.5,0.00012747,0.000637349,9
4020,4025,4022.5,0.000113306,0.000566532,8
4025,4030,4027.5,8.49798e-05,0.000424899,6
4030,4035,4032.5,7.08165e-05,0.000354083,5
4035,4040,4037.5,7.08165e-05,0.000354083,5
4040,4045,4042.5,5.66532e-05,0.000283266,4
4045,4050,4047.5,9.91431e-05,0.000495716,7
4050,4055,4052.5,7.08165e-05,0.000354083,5
4055,4060,4057.5,7.08165e-05,0.000354083,5
4060,4065,4062.5,8.49798e-05,0.000424899,6
4065,4070,4067.5,0.000113306,0.000566532,8
4070,4075,4072.5,7.08165e-05,0.000354083,5
4075,4080,4077.5,0.00016996,0.000849798,12
4080,4085,4082.5,8.49798e-05,0.000424899,6
4085,4090,4087.5,0.00016996,0.000849798,12
4090,4095,4092.5,5.66532e-05,0.000283266,4
4095,4100,4097.5,9.91431e-05,0.000495716,7
4100,4105,4102.5,8.49798e-05,0.000424899,6
4105,4110,4107.5,0.00012747,0.000637349,9
4110,4115,4112.5,9.91431e-05,0.000495716,7
4115,4120,4117.5,0.00012747,0.000637349,9
4120,4125,4122.5,7.08165e-05,0.000354083,5
4125,4130,4127.5,5.66532e-05,0.000283266,4
4130,4135,4132.5,0.000141633,0.000708165,10
4135,4140,4137.5,0.00012747,0.000637349,9
4140,4145,4142.5,0.00012747,0.000637349,9
4145,4150,4147.5,0.000141633,0.000708165,10
4150,4155,4152.5,0.00012747,0.000637349,9
4155,4160,4157.5,5.66532e-05,0.000283266,4
4160,4165,4162.5,9.91431e-05,0.000495716,7
4165,4170,4167.5,0.000141633,0.000708165,10
4170,4175,4172.5,8.49798e-05,0.000424899,6
4175,4180,4177.5,0.00012747,0.000637349,9
4180,4185,4182.5,7.08165e-05,0.000354083,5
4185,4190,4187.5,8.49798e-05,0.000424899,6
4190,4195,4192.5,8.49798e-05,0.000424899,6
4195,4200,4197.5,0.000155796,0.000778982,11
4200,4205,4202.5,9.91431e-05,0.000495716,7
4205,4210,4207.5,9.91431e-05,0.000495716,7
4210,4215,4212.5,8.49798e-05,0.000424899,6
4215,4220,4217.5,7.08165e-05,0.000354083,5
4220,4225,4222.5,9.91431e-05,0.000495716,7
4225,4230,4227.5,0.000113306,0.000566532,8
4230,4235,4232.5,8.49798e-05,0.000424899,6
4235,4240,4237.5,0.000113306,0.000566532,8
4240,4245,4242.5,9.91431e-05,0.000495716,7
4245,4250,4247.5,8.49798e-05,0.000424899,6
4250,4255,4252.5,9.91431e-05,0.000495716,7
4255,4260,4257.5,0.00012747,0.000637349,9
4260,4265,4262.5,9.91431e-05,0.000495716,7
4265,4270,4267.5,0.000113306,0.000566532,8
4270,4275,4272.5,0.000141633,0.000708165,10
4275,4280,4277.5,5.66532e-05,0.000283266,4
4280,4285,4282.5,9.91431e-05,0.000495716,7
4285,4290,4287.5,7.08165e-05,0.000354083,5
4290,4295,4292.5,4.24899e-05,0.00021245,3
4295,4300,4297.5,5.66532e-05,0.000283266,4
4300,4305,4302.5,0.00012747,0.000637349,9
4305,4310,4307.5,9.91431e-05,0.000495716,7
4310,4315,4312.5,0.000141633,0.000708165,10
4315,4320,4317.5,7.08165e-05,0.000354083,5
4320,4325,4322.5,5.66532e-05,0.000283266,4
4325,4330,4327.5,5.66532e-05,0.000283266,4
4330,4335,4332.5,0.000113306,0.000566532,8
4335,4340,4337.5,8.49798e-05,0.000424899,6
4340,4345,4342.5,5.66532e-05,0.000283266,4
4345,4350,4347.5,7.08165e-05,0.000354083,5
4350,4355,4352.5,4.24899e-05,0.00021245,3
4355,4360,4357.5,4.24899e-05,0.00021245,3
4360,4365,4362.5,1.41633e-05,7.08165e-05,1
4365,4370,4367.5,4.24899e-05,0.00021245,3
4370,4375,4372.5,1.41633e-05,7.08165e-05,1
4375,4380,4377.5,1.41633e-05,7.08165e-05,1
4380,4385,4382.5,5.66532e-05,0.000283266,4
4385,4390,4387.5,7.08165e-05,0.000354083,5
4390,4395,4392.5,5.66532e-05,0.000283266,4
4395,4400,4397.5,7.08165e-05,0.000354083,5
4400,4405,4402.5,5.66532e-05,0.000283266,4
4405,4410,4407.5,4.24899e-05,0.00021245,3
4410,4415,4412.5,1.41633e-05,7.08165e-05,1
4415,4420,4417.5,1.41633e-05,7.08165e-05,1
4420,4425,4422.5,8.49798e-05,0.000424899,6
4425,4430,4427.5,7.08165e-05,0.000354083,5
4430,4435,4432.5,1.41633e-05,7.08165e-05,1
4435,4440,4437.5,2.83266e-05,0.000141633,2
4440,4445,4442.5,5.66532e-05,0.000283266,4
4445,4450,4447.5,2.83266e-05,0.000141633,2
4450,4455,4452.5,8.49798e-05,0.000424899,6
4455,4460,4457.5,5.66532e-05,0.000283266,4
4460,4465,4462.5,7.08165e-05,0.000354083,5
4465,4470,4467.5,8.49798e-05,0.000424899,6
4470,4475,4472.5,4.24899e-05,0.00021245,3
4475,4480,4477.5,5.66532e-05,0.000283266,4
4480,4485,4482.5,2.83266e-05,0.000141633,2
4485,4490,4487.5,2.83266e-05,0.000141633,2
4490,4495,4492.5,5.66532e-05,0.000283266,4
4495,4500,4497.5,5.66532e-05,0.000283266,4
4505,4510,4507.5,7.08165e-05,0.000354083,5
4510,4515,4512.5,7.08165e-05,0.000354083,5
4515,4520,4517.5,8.49798e-05,0.000424899,6
4520,4525,4522.5,7.08165e-05,0.000354083,5
4525,4530,4527.5,2.83266e-05,0.000141633,2
4530,4535,4532.5,5.66532e-05,0.000283266,4
4535,4540,4537.5,1.41633e-05,7.08165e-05,1
4540,4545,4542.5,5.66532e-05,0.000283266,4
4545,4550,4547.5,4.24899e-05,0.00021245,3
4550,4555,4552.5,2.83266e-05,0.000141633,2
4555,4560,4557.5,4.24899e-05,0.00021245,3
4560,4565,4562.5,4.24899e-05,0.00021245,3
4565,4570,4567.5,2.83266e-05,0.000141633,2
4570,4575,4572.5,1.41633e-05,7.08165e-05,1
4575,4580,4577.5,5.66532e-05,0.000283266,4
4580,4585,4582.5,5.66532e-05,0.000283266,4
4585,4590,4587.5,4.24899e-05,0.00021245,3
4605,4610,4607.5,7.08165e-05,0.000354083,5
4610,4615,4612.5,4.24899e-05,0.00021245,3
4615,4620,4617.5,1.41633e-05,7.08165e-05,1
4620,4625,4622.5,4.24899e-05,0.00021245,3
4625,4630,4627.5,2.83266e-05,0.000141633,2
4630,4635,4632.5,5.66532e-05,0.000283266,4
4635,4640,4637.5,1.41633e-05,7.08165e-05,1
4640,4645,4642.5,8.49798e-05,0.000424899,6
4645,4650,4647.5,2.83266e-05,0.000141633,2
4650,4655,4652.5,5.66532e-05,0.000283266,4
4655,4660,4657.5,4.24899e-05,0.00021245,3
4660,4665,4662.5,2.83266e-05,0.000141633,2
4665,4670,4667.5,5.66532e-05,0.000283266,4
4675,4680,4677.5,1.41633e-05,7.08165e-05,1
4680,4685,4682.5,5.66532e-05,0.000283266,4
4685,4690,4687.5,7.08165e-05,0.000354083,5
4690,4695,4692.5,8.49798e-05,0.000424899,6
4695,4700,4697.5,1.41633e-05,7.08165e-05,1
4700,4705,4702.5,2.83266e-05,0.000141633,2
4705,4710,4707.5,1.41633e-05,7.08165e-05,1
4710,4715,4712.5,4.24899e-05,0.00021245,3
4715,4720,4717.5,1.41633e-05,7.08165e-05,1
4720,4725,4722.5,2.83266e-05,0.000141633,2
4725,4730,4727.5,1.41633e-05,7.08165e-05,1
4730,4735,4732.5,2.83266e-05,0.000141633,2
4735,4740,4737.5,4.24899e-05,0.00021245,3
4740,4745,4742.5,2.83266e-05,0.000141633,2
4745,4750,4747.5,2.83266e-05,0.000141633,2
4750,4755,4752.5,4.24899e-05,0.00021245,3
4760,4765,4762.5,2.83266e-05,0.000141633,2
4765,4770,4767.5,4.24899e-05,0.00021245,3
4770,4775,4772.5,2.83266e-05,0.000141633,2
4775,4780,4777.5,2.83266e-05,0.000141633,2
4780,4785,4782.5,4.24899e-05,0.00021245,3
4785,4790,4787.5,2.83266e-05,0.000141633,2
4790,4795,4792.5,7.08165e-05,0.000354083,5
4795,4800,4797.5,1.41633e-05,7.08165e-05,1
4800,4805,4802.5,2.83266e-05,0.000141633,2
4805,4810,4807.5,1.41633e-05,7.08165e-05,1
4810,4815,4812.5,1.41633e-05,7.08165e-05,1
4815,4820,4817.5,1.41633e-05,7.08165e-05,1
4820,4825,4822.5,4.24899e-05,0.00021245,3
4825,4830,4827.5,1.41633e-05,7.08165e-05,1
4830,4835,4832.5,2.83266e-05,0.000141633,2
4835,4840,4837.5,5.66532e-05,0.000283266,4
4845,4850,4847.5,2.83266e-05,0.000141633,2
4850,4855,4852.5,4.24899e-05,0.00021245,3
4855,4860,4857.5,2.83266e-05,0.000141633,2
4860,4865,4862.5,7.08165e-05,0.000354083,5
4865,4870,4867.5,1.41633e-05,7.08165e-05,1
4875,4880,4877.5,2.83266e-05,0.000141633,2
4880,4885,4882.5,1.41633e-05,7.08165e-05,1
4890,4895,4892.5,1.41633e-05,7.08165e-05,1
4895,4900,4897.5,2.83266e-05,0.000141633,2
4910,4915,4912.5,2.83266e-05,0.000141633,2
4915,4920,4917.5,2.83266e-05,0.000141633,2
4920,4925,4922.5,1.41633e-05,7.08165e-05,1
4925,4930,4927.5,1.41633e-05,7.08165e-05,1
4930,4935,4932.5,2.83266e-05,0.000141633,2
4940,4945,4942.5,2.83266e-05,0.000141633,2
4945,4950,4947.5,2.83266e-05,0.000141633,2
4950,4955,4952.5,4.24899e-05,0.00021245,3
4955,4960,4957.5,1.41633e-05,7.08165e-05,1
4960,4965,4962.5,1.41633e-05,7.08165e-05,1
4965,4970,4967.5,2.83266e-05,0.000141633,2
4980,4985,4982.5,2.83266e-05,0.000141633,2
4985,4990,4987.5,2.83266e-05,0.000141633,2
4990,4995,4992.5,1.41633e-05,7.08165e-05,1
4995,5000,4997.5,5.66532e-05,0.000283266,4
5005,5010,5007.5,1.41633e-05,7.08165e-05,1
5010,5015,5012.5,4.24899e-05,0.00021245,3
5015,5020,5017.5,2.83266e-05,0.000141633,2
5020,5025,5022.5,2.83266e-05,0.000141633,2
5025,5030,5027.5,1.41633e-05,7.08165e-05,1
5030,5035,5032.5,2.83266e-05,0.000141633,2
5035,5040,5037.5,1.41633e-05,7.08165e-05,1
5040,5045,5042.5,5.66532e-05,0.000283266,4
5045,5050,5047.5,1.41633e-05,7.08165e-05,1
5050,5055,5052.5,1.41633e-05,7.08165e-05,1
5060,5065,5062.5,4.24899e-05,0.00021245,3
5065,5070,5067.5,2.83266e-05,0.000141633,2
5070,5075,5072.5,1.41633e-05,7.08165e-05,1
5075,5080,5077.5,2.83266e-05,0.000141633,2
5085,5090,5087.5,5.66532e-05,0.000283266,4
5090,5095,5092.5,4.24899e-05,0.00021245,3
5095,5100,5097.5,5.66532e-05,0.000283266,4
5105,5110,5107.5,7.08165e-05,0.000354083,5
5110,5115,5112.5,1.41633e-05,7.08165e-05,1
5115,5120,5117.5,2.83266e-05,0.000141633,2
5120,5125,5122.5,2.83266e-05,0.000141633,2
5130,5135,5132.5,1.41633e-05,7.08165e-05,1
5135,5140,5137.5,7.08165e-05,0.000354083,5
5140,5145,5142.5,8.49798e-05,0.000424899,6
5145,5150,5147.5,1.41633e-05,7.08165e-05,1
5150,5155,5152.5,1.41633e-05,7.08165e-05,1
5155,5160,5157.5,2.83266e-05,0.000141633,2
5160,5165,5162.5,5.66532e-05,0.000283266,4
5165,5170,5167.5,2.83266e-05,0.000141633,2
5170,5175,5172.5,4.24899e-05,0.00021245,3
5175,5180,5177.5,2.83266e-05,0.000141633,2
5190,5195,5192.5,2.83266e-05,0.000141633,2
5195,5200,5197.5,1.41633e-05,7.08165e-05,1
5210,5215,5212.5,2.83266e-05,0.000141633,2
5220,5225,5222.5,2.83266e-05,0.000141633,2
5225,5230,5227.5,1.41633e-05,7.08165e-05,1
5230,5235,5232.5,2.83266e-05,0.000141633,2
5235,5240,5237.5,5.66532e-05,0.000283266,4
5240,5245,5242.5,2.83266e-05,0.000141633,2
5245,5250,5247.5,2.83266e-05,0.000141633,2
5250,5255,5252.5,1.41633e-05,7.08165e-05,1
5255,5260,5257.5,5.66532e-05,0.000283266,4
5260,5265,5262.5,2.83266e-05,0.000141633,2
5265,5270,5267.5,4.24899e-05,0.00021245,3
5275,5280,5277.5,1.41633e-05,7.08165e-05,1
5280,5285,5282.5,4.24899e-05,0.00021245,3
5285,5290,5287.5,4.24899e-05,0.00021245,3
5290,5295,5292.5,1.41633e-05,7.08165e-05,1
5295,5300,5297.5,4.24899e-05,0.00021245,3
5300,5305,5302.5,8.49798e-05,0.000424899,6
5305,5310,5307.5,1.41633e-05,7.08165e-05,1
5310,5315,5312.5,4.24899e-05,0.00021245,3
5320,5325,5322.5,1.41633e-05,7.08165e-05,1
5325,5330,5327.5,1.41633e-05,7.08165e-05,1
5330,5335,5332.5,4.24899e-05,0.00021245,3
5335,5340,5337.5,1.41633e-05,7.08165e-05,1
5340,5345,5342.5,4.24899e-05,0.00021245,3
5345,5350,5347.5,1.41633e-05,7.08165e-05,1
5350,5355,5352.5,1.41633e-05,7.08165e-05,1
5355,5360,5357.5,2.83266e-05,0.000141633,2
5365,5370,5367.5,2.83266e-05,0.000141633,2
5370,5375,5372.5,1.41633e-05,7.08165e-05,1
5375,5380,5377.5,2.83266e-05,0.000141633,2
5380,5385,5382.5,2.83266e-05,0.000141633,2
5385,5390,5387.5,4.24899e-05,0.00021245,3
5390,5395,5392.5,2.83266e-05,0.000141633,2
5395,5400,5397.5,1.41633e-05,7.08165e-05,1
5400,5405,5402.5,2.83266e-05,0.000141633,2
5405,5410,5407.5,2.83266e-05,0.000141633,2
5410,5415,5412.5,2.83266e-05,0.000141633,2
5415,5420,5417.5,2.83266e-05,0.000141633,2
5420,5425,5422.5,1.41633e-05,7.08165e-05,1
5430,5435,5432.5,2.83266e-05,0.000141633,2
5435,5440,5437.5,7.08165e-05,0.000354083,5
5440,5445,5442.5,5.66532e-05,0.000283266,4
5445,5450,5447.5,2.83266e-05,0.000141633,2
5450,5455,5452.5,5.66532e-05,0.000283266,4
5455,5460,5457.5,2.83266e-05,0.000141633,2
5460,5465,5462.5,2.83266e-05,0.000141633,2
5465,5470,5467.5,2.83266e-05,0.000141633,2
5480,5485,5482.5,4.24899e-05,0.00021245,3
5490,5495,5492.5,2.83266e-05,0.000141633,2
5495,5500,5497.5,2.83266e-05,0.000141633,2
5505,5510,5507.5,2.83266e-05,0.000141633,2
5510,5515,5512.5,4.24899e-05,0.00021245,3
5515,5520,5517.5,1.41633e-05,7.08165e-05,1
5520,5525,5522.5,1.41633e-05,7.08165e-05,1
5525,5530,5527.5,4.24899e-05,0.00021245,3
5530,5535,5532.5,2.83266e-05,0.000141633,2
5535,5540,5537.5,1.41633e-05,7.08165e-05,1
5540,5545,5542.5,2.83266e-05,0.000141633,2
5545,5550,5547.5,1.41633e-05,7.08165e-05,1
5550,5555,5552.5,1.41633e-05,7.08165e-05,1
5560,5565,5562.5,5.66532e-05,0.000283266,4
5565,5570,5567.5,2.83266e-05,0.000141633,2
5570,5575,5572.5,1.41633e-05,7.08165e-05,1
5575,5580,5577.5,2.83266e-05,0.000141633,2
5585,5590,5587.5,2.83266e-05,0.000141633,2
5595,5600,5597.5,1.41633e-05,7.08165e-05,1
5600,5605,5602.5,1.41633e-05,7.08165e-05,1
5605,5610,5607.5,4.24899e-05,0.00021245,3
5610,5615,5612.5,2.83266e-05,0.000141633,2
5615,5620,5617.5,4.24899e-05,0.00021245,3
5620,5625,5622.5,2.83266e-05,0.000141633,2
5625,5630,5627.5,1.41633e-05,7.08165e-05,1
5630,5635,5632.5,4.24899e-05,0.00021245,3
5635,5640,5637.5,2.83266e-05,0.000141633,2
5640,5645,5642.5,4.24899e-05,0.00021245,3
5650,5655,5652.5,4.24899e-05,0.00021245,3
5660,5665,5662.5,4.24899e-05,0.00021245,3
5670,5675,5672.5,2.83266e-05,0.000141633,2
5675,5680,5677.5,7.08165e-05,0.000354083,5
5680,5685,5682.5,7.08165e-05,0.000354083,5
5685,5690,5687.5,1.41633e-05,7.08165e-05,1
5690,5695,5692.5,1.41633e-05,7.08165e-05,1
5695,5700,5697.5,1.41633e-05,7.08165e-05,1
5700,5705,5702.5,4.24899e-05,0.00021245,3
5705,5710,5707.5,2.83266e-05,0.000141633,2
5710,5715,5712.5,4.24899e-05,0.00021245,3
5715,5720,5717.5,1.41633e-05,7.08165e-05,1
5720,5725,5722.5,5.66532e-05,0.000283266,4
5725,5730,5727.5,2.83266e-05,0.000141633,2
5735,5740,5737.5,1.41633e-05,7.08165e-05,1
5745,5750,5747.5,2.83266e-05,0.000141633,2
5750,5755,5752.5,4.24899e-05,0.00021245,3
5760,5765,5762.5,2.83266e-05,0.000141633,2
5765,5770,5767.5,1.41633e-05,7.08165e-05,1
5770,5775,5772.5,2.83266e-05,0.000141633,2
5775,5780,5777.5,1.41633e-05,7.08165e-05,1
5780,5785,5782.5,2.83266e-05,0.000141633,2
5785,5790,5787.5,1.41633e-05,7.08165e-05,1
5790,5795,5792.5,2.83266e-05,0.000141633,2
5795,5800,5797.5,4.24899e-05,0.00021245,3
5800,5805,5802.5,2.83266e-05,0.000141633,2
5805,5810,5807.5,2.83266e-05,0.000141633,2
5810,5815,5812.5,2.83266e-05,0.000141633,2
5815,5820,5817.5,1.41633e-05,7.08165e-05,1
5825,5830,5827.5,1.41633e-05,7.08165e-05,1
5830,5835,5832.5,1.41633e-05,7.08165e-05,1
5845,5850,5847.5,4.24899e-05,0.00021245,3
5850,5855,5852.5,1.41633e-05,7.08165e-05,1
5860,5865,5862.5,4.24899e-05,0.00021245,3
5865,5870,5867.5,2.83266e-05,0.000141633,2
5875,5880,5877.5,1.41633e-05,7.08165e-05,1
5890,5895,5892.5,5.66532e-05,0.000283266,4
5900,5905,5902.5,1.41633e-05,7.08165e-05,1
5905,5910,5907.5,2.83266e-05,0.000141633,2
5910,5915,5912.5,2.83266e-05,0.000141633,2
5915,5920,5917.5,2.83266e-05,0.000141633,2
5925,5930,5927.5,2.83266e-05,0.000141633,2
5930,5935,5932.5,5.66532e-05,0.000283266,4
5935,5940,5937.5,5.66532e-05,0.000283266,4
5940,5945,5942.5,4.24899e-05,0.00021245,3
5945,5950,5947.5,4.24899e-05,0.00021245,3
5950,5955,5952.5,1.41633e-05,7.08165e-05,1
5955,5960,5957.5,1.41633e-05,7.08165e-05,1
5965,5970,5967.5,1.41633e-05,7.08165e-05,1
5970,5975,5972.5,2.83266e-05,0.000141633,2
5975,5980,5977.5,7.08165e-05,0.000354083,5
5985,5990,5987.5,1.41633e-05,7.08165e-05,1
5995,6000,5997.5,4.24899e-05,0.00021245,3
6000,6005,6002.5,1.41633e-05,7.08165e-05,1
6005,6010,6007.5,2.83266e-05,0.000141633,2
6015,6020,6017.5,4.24899e-05,0.00021245,3
6020,6025,6022.5,2.83266e-05,0.000141633,2
6025,6030,6027.5,2.83266e-05,0.000141633,2
6030,6035,6032.5,1.41633e-05,7.08165e-05,1
6035,6040,6037.5,2.83266e-05,0.000141633,2
6040,6045,6042.5,1.41633e-05,7.08165e-05,1
6045,6050,6047.5,2.83266e-05,0.000141633,2
6050,6055,6052.5,2.83266e-05,0.000141633,2
6055,6060,6057.5,2.83266e-05,0.000141633,2
6060,6065,6062.5,7.08165e-05,0.000354083,5
6065,6070,6067.5,1.41633e-05,7.08165e-05,1
6070,6075,6072.5,4.24899e-05,0.00021245,3
6075,6080,6077.5,1.41633e-05,7.08165e-05,1
6080,6085,6082.5,2.83266e-05,0.000141633,2
6085,6090,6087.5,5.66532e-05,0.000283266,4
6090,6095,6092.5,4.24899e-05,0.00021245,3
6095,6100,6097.5,2.83266e-05,0.000141633,2
6100,6105,6102.5,1.41633e-05,7.08165e-05,1
6105,6110,6107.5,2.83266e-05,0.000141633,2
6110,6115,6112.5,1.41633e-05,7.08165e-05,1
6115,6120,6117.5,4.24899e-05,0.00021245,3
6120,6125,6122.5,2.83266e-05,0.000141633,2
6125,6130,6127.5,2.83266e-05,0.000141633,2
6130,6135,6132.5,1.41633e-05,7.08165e-05,1
6135,6140,6137.5,1.41633e-05,7.08165e-05,1
6145,6150,6147.5,1.41633e-05,7.08165e-05,1
6150,6155,6152.5,2.83266e-05,0.000141633,2
6155,6160,6157.5,1.41633e-05,7.08165e-05,1
6160,6165,6162.5,2.83266e-05,0.000141633,2
6165,6170,6167.5,2.83266e-05,0.000141633,2
6170,6175,6172.5,4.24899e-05,0.00021245,3
6175,6180,6177.5,2.83266e-05,0.000141633,2
6180,6185,6182.5,2.83266e-05,0.000141633,2
6195,6200,6197.5,1.41633e-05,7.08165e-05,1
6200,6205,6202.5,4.24899e-05,0.00021245,3
6205,6210,6207.5,4.24899e-05,0.00021245,3
6210,6215,6212.5,5.66532e-05,0.000283266,4
6220,6225,6222.5,5.66532e-05,0.000283266,4
6225,6230,6227.5,1.41633e-05,7.08165e-05,1
6235,6240,6237.5,2.83266e-05,0.000141633,2
6240,6245,6242.5,2.83266e-05,0.000141633,2
6245,6250,6247.5,1.41633e-05,7.08165e-05,1
6250,6255,6252.5,1.41633e-05,7.08165e-05,1
6260,6265,6262.5,7.08165e-05,0.000354083,5
6265,6270,6267.5,7.08165e-05,0.000354083,5
6270,6275,6272.5,1.41633e-05,7.08165e-05,1
6275,6280,6277.5,2.83266e-05,0.000141633,2
6280,6285,6282.5,1.41633e-05,7.08165e-05,1
6290,6295,6292.5,2.83266e-05,0.000141633,2
6310,6315,6312.5,1.41633e-05,7.08165e-05,1
6320,6325,6322.5,2.83266e-05,0.000141633,2
6325,6330,6327.5,1.41633e-05,7.08165e-05,1
6330,6335,6332.5,4.24899e-05,0.00021245,3
6335,6340,6337.5,5.66532e-05,0.000283266,4
6340,6345,6342.5,7.08165e-05,0.000354083,5
6345,6350,6347.5,1.41633e-05,7.08165e-05,1
6350,6355,6352.5,2.83266e-05,0.000141633,2
6355,6360,6357.5,1.41633e-05,7.08165e-05,1
6360,6365,6362.5,1.41633e-05,7.08165e-05,1
6370,6375,6372.5,2.83266e-05,0.000141633,2
6375,6380,6377.5,1.41633e-05,7.08165e-05,1
6380,6385,6382.5,1.41633e-05,7.08165e-05,1
6390,6395,6392.5,4.24899e-05,0.00021245,3
6400,6405,6402.5,1.41633e-05,7.08165e-05,1
6415,6420,6417.5,1.41633e-05,7.08165e-05,1
6425,6430,6427.5,1.41633e-05,7.08165e-05,1
6430,6435,6432.5,2.83266e-05,0.000141633,2
6440,6445,6442.5,2.83266e-05,0.000141633,2
6450,6455,6452.5,2.83266e-05,0.000141633,2
6460,6465,6462.5,4.24899e-05,0.00021245,3
6465,6470,6467.5,1.41633e-05,7.08165e-05,1
6470,6475,6472.5,1.41633e-05,7.08165e-05,1
6475,6480,6477.5,1.41633e-05,7.08165e-05,1
6480,6485,6482.5,2.83266e-05,0.000141633,2
6490,6495,6492.5,2.83266e-05,0.000141633,2
6495,6500,6497.5,4.24899e-05,0.00021245,3
6510,6515,6512.5,2.83266e-05,0.000141633,2
6515,6520,6517.5,1.41633e-05,7.08165e-05,1
6525,6530,6527.5,2.83266e-05,0.000141633,2
6535,6540,6537.5,4.24899e-05,0.00021245,3
6540,6545,6542.5,2.83266e-05,0.000141633,2
6550,6555,6552.5,2.83266e-05,0.000141633,2
6555,6560,6557.5,5.66532e-05,0.000283266,4
6560,6565,6562.5,2.83266e-05,0.000141633,2
6565,6570,6567.5,1.41633e-05,7.08165e-05,1
6575,6580,6577.5,1.41633e-05,7.08165e-05,1
6580,6585,6582.5,2.83266e-05,0.000141633,2
6585,6590,6587.5,1.41633e-05,7.08165e-05,1
6590,6595,6592.5,1.41633e-05,7.08165e-05,1
6595,6600,6597.5,2.83266e-05,0.000141633,2
6600,6605,6602.5,1.41633e-05,7.08165e-05,1
6610,6615,6612.5,2.83266e-05,0.000141633,2
6615,6620,6617.5,2.83266e-05,0.000141633,2
6620,6625,6622.5,4.24899e-05,0.00021245,3
6625,6630,6627.5,2.83266e-05,0.000141633,2
6630,6635,6632.5,2.83266e-05,0.000141633,2
6635,6640,6637.5,1.41633e-05,7.08165e-05,1
6640,6645,6642.5,1.41633e-05,7.08165e-05,1
6645,6650,6647.5,2.83266e-05,0.000141633,2
6650,6655,6652.5,1.41633e-05,7.08165e-05,1
6655,6660,6657.5,4.24899e-05,0.00021245,3
6670,6675,6672.5,5.66532e-05,0.000283266,4
6680,6685,6682.5,1.41633e-05,7.08165e-05,1
6690,6695,6692.5,2.83266e-05,0.000141633,2
6695,6700,6697.5,1.41633e-05,7.08165e-05,1
6700,6705,6702.5,4.24899e-05,0.00021245,3
6705,6710,6707.5,1.41633e-05,7.08165e-05,1
6710,6715,6712.5,4.24899e-05,0.00021245,3
6720,6725,6722.5,2.83266e-05,0.000141633,2
6725,6730,6727.5,1.41633e-05,7.08165e-05,1
6730,6735,6732.5,1.41633e-05,7.08165e-05,1
6735,6740,6737.5,2.83266e-05,0.000141633,2
6740,6745,6742.5,2.83266e-05,0.000141633,2
6750,6755,6752.5,4.24899e-05,0.00021245,3
6760,6765,6762.5,1.41633e-05,7.08165e-05,1
6765,6770,6767.5,2.83266e-05,0.000141633,2
6775,6780,6777.5,2.83266e-05,0.000141633,2
6780,6785,6782.5,1.41633e-05,7.08165e-05,1
6785,6790,6787.5,1.41633e-05,7.08165e-05,1
6790,6795,6792.5,1.41633e-05,7.08165e-05,1
6795,6800,6797.5,1.41633e-05,7.08165e-05,1
6810,6815,6812.5,1.41633e-05,7.08165e-05,1
6815,6820,6817.5,1.41633e-05,7.08165e-05,1
6825,6830,6827.5,1.41633e-05,7.08165e-05,1
6830,6835,6832.5,4.24899e-05,0.00021245,3
6840,6845,6842.5,2.83266e-05,0.000141633,2
6850,6855,6852.5,2.83266e-05,0.000141633,2
6855,6860,6857.5,1.41633e-05,7.08165e-05,1
6860,6865,6862.5,1.41633e-05,7.08165e-05,1
6875,6880,6877.5,1.41633e-05,7.08165e-05,1
6880,6885,6882.5,1.41633e-05,7.08165e-05,1
6890,6895,6892.5,2.83266e-05,0.000141633,2
6895,6900,6897.5,2.83266e-05,0.000141633,2
6900,6905,6902.5,2.83266e-05,0.000141633,2
6905,6910,6907.5,4.24899e-05,0.00021245,3
6910,6915,6912.5,2.83266e-05,0.000141633,2
6915,6920,6917.5,4.24899e-05,0.00021245,3
6920,6925,6922.5,2.83266e-05,0.000141633,2
6925,6930,6927.5,1.41633e-05,7.08165e-05,1
6930,6935,6932.5,4.24899e-05,0.00021245,3
6935,6940,6937.5,2.83266e-05,0.000141633,2
6940,6945,6942.5,2.83266e-05,0.000141633,2
6945,6950,6947.5,1.41633e-05,7.08165e-05,1
6950,6955,6952.5,4.24899e-05,0.00021245,3
6955,6960,6957.5,4.24899e-05,0.00021245,3
6960,6965,6962.5,4.24899e-05,0.00021245,3
6970,6975,6972.5,1.41633e-05,7.08165e-05,1
6975,6980,6977.5,1.41633e-05,7.08165e-05,1
6980,6985,6982.5,1.41633e-05,7.08165e-05,1
6990,6995,6992.5,1.41633e-05,7.08165e-05,1
6995,7000,6997.5,1.41633e-05,7.08165e-05,1
7000,7005,7002.5,4.24899e-05,0.00021245,3
7010,7015,7012.5,1.41633e-05,7.08165e-05,1
7015,7020,7017.5,1.41633e-05,7.08165e-05,1
7030,7035,7032.5,1.41633e-05,7.08165e-05,1
7035,7040,7037.5,1.41633e-05,7.08165e-05,1
7040,7045,7042.5,1.41633e-05,7.08165e-05,1
7045,7050,7047.5,1.41633e-05,7.08165e-05,1
7050,7055,7052.5,5.66532e-05,0.000283266,4
7055,7060,7057.5,1.41633e-05,7.08165e-05,1
7065,7070,7067.5,7.08165e-05,0.000354083,5
7075,7080,7077.5,2.83266e-05,0.000141633,2
7080,7085,7082.5,1.41633e-05,7.08165e-05,1
7100,7105,7102.5,1.41633e-05,7.08165e-05,1
7105,7110,7107.5,1.41633e-05,7.08165e-05,1
7110,7115,7112.5,2.83266e-05,0.000141633,2
7115,7120,7117.5,1.41633e-05,7.08165e-05,1
7125,7130,7127.5,1.41633e-05,7.08165e-05,1
7130,7135,7132.5,2.83266e-05,0.000141633,2
7135,7140,7137.5,2.83266e-05,0.000141633,2
7140,7145,7142.5,1.41633e-05,7.08165e-05,1
7145,7150,7147.5,2.83266e-05,0.000141633,2
7150,7155,7152.5,1.41633e-05,7.08165e-05,1
7155,7160,7157.5,1.41633e-05,7.08165e-05,1
7160,7165,7162.5,2.83266e-05,0.000141633,2
7175,7180,7177.5,2.83266e-05,0.000141633,2
7180,7185,7182.5,2.83266e-05,0.000141633,2
7190,7195,7192.5,5.66532e-05,0.000283266,4
7195,7200,7197.5,1.41633e-05,7.08165e-05,1
7200,7205,7202.5,1.41633e-05,7.08165e-05,1
7210,7215,7212.5,1.41633e-05,7.08165e-05,1
7215,7220,7217.5,1.41633e-05,7.08165e-05,1
7220,7225,7222.5,4.24899e-05,0.00021245,3
7225,7230,7227.5,2.83266e-05,0.000141633,2
7230,7235,7232.5,2.83266e-05,0.000141633,2
7245,7250,7247.5,4.24899e-05,0.00021245,3
7250,7255,7252.5,1.41633e-05,7.08165e-05,1
7255,7260,7257.5,2.83266e-05,0.000141633,2
7275,7280,7277.5,2.83266e-05,0.000141633,2
7290,7295,7292.5,2.83266e-05,0.000141633,2
7305,7310,7307.5,1.41633e-05,7.08165e-05,1
7310,7315,7312.5,1.41633e-05,7.08165e-05,1
7315,7320,7317.5,1.41633e-05,7.08165e-05,1
7320,7325,7322.5,1.41633e-05,7.08165e-05,1
7330,7335,7332.5,1.41633e-05,7.08165e-05,1
7345,7350,7347.5,2.83266e-05,0.000141633,2
7350,7355,7352.5,5.66532e-05,0.000283266,4
7355,7360,7357.5,1.41633e-05,7.08165e-05,1
7360,7365,7362.5,1.41633e-05,7.08165e-05,1
7375,7380,7377.5,2.83266e-05,0.000141633,2
7380,7385,7382.5,5.66532e-05,0.000283266,4
7400,7405,7402.5,2.83266e-05,0.000141633,2
7410,7415,7412.5,1.41633e-05,7.08165e-05,1
7415,7420,7417.5,1.41633e-05,7.08165e-05,1
7430,7435,7432.5,1.41633e-05,7.08165e-05,1
7435,7440,7437.5,1.41633e-05,7.08165e-05,1
7440,7445,7442.5,1.41633e-05,7.08165e-05,1
7445,7450,7447.5,1.41633e-05,7.08165e-05,1
7455,7460,7457.5,1.41633e-05,7.08165e-05,1
7465,7470,7467.5,4.24899e-05,0.00021245,3
7475,7480,7477.5,4.24899e-05,0.00021245,3
7480,7485,7482.5,1.41633e-05,7.08165e-05,1
7485,7490,7487.5,4.24899e-05,0.00021245,3
7490,7495,7492.5,1.41633e-05,7.08165e-05,1
7505,7510,7507.5,1.41633e-05,7.08165e-05,1
7510,7515,7512.5,1.41633e-05,7.08165e-05,1
7520,7525,7522.5,1.41633e-05,7.08165e-05,1
7540,7545,7542.5,2.83266e-05,0.000141633,2
7545,7550,7547.5,1.41633e-05,7.08165e-05,1
7550,7555,7552.5,4.24899e-05,0.00021245,3
7560,7565,7562.5,2.83266e-05,0.000141633,2
7565,7570,7567.5,4.24899e-05,0.00021245,3
7570,7575,7572.5,1.41633e-05,7.08165e-05,1
7575,7580,7577.5,2.83266e-05,0.000141633,2
7580,7585,7582.5,1.41633e-05,7.08165e-05,1
7585,7590,7587.5,5.66532e-05,0.000283266,4
7600,7605,7602.5,2.83266e-05,0.000141633,2
7610,7615,7612.5,1.41633e-05,7.08165e-05,1
7615,7620,7617.5,4.24899e-05,0.00021245,3
7630,7635,7632.5,1.41633e-05,7.08165e-05,1
7635,7640,7637.5,2.83266e-05,0.000141633,2
7645,7650,7647.5,2.83266e-05,0.000141633,2
7650,7655,7652.5,1.41633e-05,7.08165e-05,1
7665,7670,7667.5,1.41633e-05,7.08165e-05,1
7680,7685,7682.5,4.24899e-05,0.00021245,3
7685,7690,7687.5,1.41633e-05,7.08165e-05,1
7695,7700,7697.5,1.41633e-05,7.08165e-05,1
7700,7705,7702.5,2.83266e-05,0.000141633,2
7715,7720,7717.5,1.41633e-05,7.08165e-05,1
7720,7725,7722.5,1.41633e-05,7.08165e-05,1
7725,7730,7727.5,1.41633e-05,7.08165e-05,1
7740,7745,7742.5,1.41633e-05,7.08165e-05,1
7745,7750,7747.5,2.83266e-05,0.000141633,2
7750,7755,7752.5,2.83266e-05,0.000141633,2
7755,7760,7757.5,2.83266e-05,0.000141633,2
7760,7765,7762.5,1.41633e-05,7.08165e-05,1
7765,7770,7767.5,2.83266e-05,0.000141633,2
7775,7780,7777.5,1.41633e-05,7.08165e-05,1
7780,7785,7782.5,1.41633e-05,7.08165e-05,1
7785,7790,7787.5,4.24899e-05,0.00021245,3
7795,7800,7797.5,1.41633e-05,7.08165e-05,1
7800,7805,7802.5,2.83266e-05,0.000141633,2
7805,7810,7807.5,4.24899e-05,0.00021245,3
7810,7815,7812.5,1.41633e-05,7.08165e-05,1
7835,7840,7837.5,5.66532e-05,0.000283266,4
7840,7845,7842.5,1.41633e-05,7.08165e-05,1
7845,7850,7847.5,1.41633e-05,7.08165e-05,1
7850,7855,7852.5,4.24899e-05,0.00021245,3
7855,7860,7857.5,4.24899e-05,0.00021245,3
7860,7865,7862.5,1.41633e-05,7.08165e-05,1
7870,7875,7872.5,2.83266e-05,0.000141633,2
7875,7880,7877.5,1.41633e-05,7.08165e-05,1
7885,7890,7887.5,4.24899e-05,0.00021245,3
7895,7900,7897.5,1.41633e-05,7.08165e-05,1
7900,7905,7902.5,1.41633e-05,7.08165e-05,1
7905,7910,7907.5,2.83266e-05,0.000141633,2
7915,7920,7917.5,4.24899e-05,0.00021245,3
7920,7925,7922.5,1.41633e-05,7.08165e-05,1
7940,7945,7942.5,1.41633e-05,7.08165e-05,1
7950,7955,7952.5,1.41633e-05,7.08165e-05,1
7955,7960,7957.5,1.41633e-05,7.08165e-05,1
7960,7965,7962.5,2.83266e-05,0.000141633,2
7965,7970,7967.5,1.41633e-05,7.08165e-05,1
7970,7975,7972.5,2.83266e-05,0.000141633,2
7975,7980,7977.5,2.83266e-05,0.000141633,2
7980,7985,7982.5,1.41633e-05,7.08165e-05,1
7985,7990,7987.5,4.24899e-05,0.00021245,3
7990,7995,7992.5,4.24899e-05,0.00021245,3
8005,8010,8007.5,2.83266e-05,0.000141633,2
8010,8015,8012.5,2.83266e-05,0.000141633,2
8015,8020,8017.5,2.83266e-05,0.000141633,2
8020,8025,8022.5,1.41633e-05,7.08165e-05,1
8030,8035,8032.5,2.83266e-05,0.000141633,2
8035,8040,8037.5,1.41633e-05,7.08165e-05,1
8040,8045,8042.5,2.83266e-05,0.000141633,2
8045,8050,8047.5,1.41633e-05,7.08165e-05,1
8050,8055,8052.5,2.83266e-05,0.000141633,2
8055,8060,8057.5,1.41633e-05,7.08165e-05,1
8065,8070,8067.5,1.41633e-05,7.08165e-05,1
8075,8080,8077.5,1.41633e-05,7.08165e-05,1
8080,8085,8082.5,1.41633e-05,7.08165e-05,1
8085,8090,8087.5,2.83266e-05,0.000141633,2
8090,8095,8092.5,1.41633e-05,7.08165e-05,1
8110,8115,8112.5,2.83266e-05,0.000141633,2
8130,8135,8132.5,1.41633e-05,7.08165e-05,1
8145,8150,8147.5,4.24899e-05,0.00021245,3
8150,8155,8152.5,2.83266e-05,0.000141633,2
8155,8160,8157.5,2.83266e-05,0.000141633,2
8160,8165,8162.5,1.41633e-05,7.08165e-05,1
8165,8170,8167.5,1.41633e-05,7.08165e-05,1
8170,8175,8172.5,1.41633e-05,7.08165e-05,1
8175,8180,8177.5,1.41633e-05,7.08165e-05,1
8185,8190,8187.5,1.41633e-05,7.08165e-05,1
8190,8195,8192.5,2.83266e-05,0.000141633,2
8200,8205,8202.5,2.83266e-05,0.000141633,2
8210,8215,8212.5,1.41633e-05,7.08165e-05,1
8215,8220,8217.5,2.83266e-05,0.000141633,2
8225,8230,8227.5,1.41633e-05,7.08165e-05,1
8235,8240,8237.5,2.83266e-05,0.000141633,2
8240,8245,8242.5,1.41633e-05,7.08165e-05,1
8245,8250,8247.5,1.41633e-05,7.08165e-05,1
8250,8255,8252.5,1.41633e-05,7.08165e-05,1
8255,8260,8257.5,1.41633e-05,7.08165e-05,1
8260,8265,8262.5,1.41633e-05,7.08165e-05,1
8275,8280,8277.5,1.41633e-05,7.08165e-05,1
8285,8290,8287.5,1.41633e-05,7.08165e-05,1
8290,8295,8292.5,1.41633e-05,7.08165e-05,1
8295,8300,8297.5,1.41633e-05,7.08165e-05,1
8305,8310,8307.5,1.41633e-05,7.08165e-05,1
8315,8320,8317.5,1.41633e-05,7.08165e-05,1
8320,8325,8322.5,1.41633e-05,7.08165e-05,1
8325,8330,8327.5,1.41633e-05,7.08165e-05,1
8330,8335,8332.5,1.41633e-05,7.08165e-05,1
8335,8340,8337.5,1.41633e-05,7.08165e-05,1
8340,8345,8342.5,2.83266e-05,0.000141633,2
8345,8350,8347.5,2.83266e-05,0.000141633,2
8365,8370,8367.5,2.83266e-05,0.000141633,2
8370,8375,8372.5,1.41633e-05,7.08165e-05,1
8380,8385,8382.5,1.41633e-05,7.08165e-05,1
8400,8405,8402.5,1.41633e-05,7.08165e-05,1
8410,8415,8412.5,1.41633e-05,7.08165e-05,1
8415,8420,8417.5,1.41633e-05,7.08165e-05,1
8420,8425,8422.5,2.83266e-05,0.000141633,2
8425,8430,8427.5,2.83266e-05,0.000141633,2
8435,8440,8437.5,2.83266e-05,0.000141633,2
8440,8445,8442.5,1.41633e-05,7.08165e-05,1
8445,8450,8447.5,1.41633e-05,7.08165e-05,1
8450,8455,8452.5,2.83266e-05,0.000141633,2
8455,8460,8457.5,1.41633e-05,7.08165e-05,1
8470,8475,8472.5,1.41633e-05,7.08165e-05,1
8480,8485,8482.5,2.83266e-05,0.000141633,2
8485,8490,8487.5,1.41633e-05,7.08165e-05,1
8490,8495,8492.5,1.41633e-05,7.08165e-05,1
8500,8505,8502.5,1.41633e-05,7.08165e-05,1
8510,8515,8512.5,2.83266e-05,0.000141633,2
8515,8520,8517.5,1.41633e-05,7.08165e-05,1
8520,8525,8522.5,2.83266e-05,0.000141633,2
8525,8530,8527.5,1.41633e-05,7.08165e-05,1
8530,8535,8532.5,1.41633e-05,7.08165e-05,1
8535,8540,8537.5,2.83266e-05,0.000141633,2
8540,8545,8542.5,2.83266e-05,0.000141633,2
8565,8570,8567.5,1.41633e-05,7.08165e-05,1
8575,8580,8577.5,1.41633e-05,7.08165e-05,1
8580,8585,8582.5,1.41633e-05,7.08165e-05,1
8585,8590,8587.5,1.41633e-05,7.08165e-05,1
8590,8595,8592.5,1.41633e-05,7.08165e-05,1
8595,8600,8597.5,5.66532e-05,0.000283266,4
8600,8605,8602.5,1.41633e-05,7.08165e-05,1
8605,8610,8607.5,1.41633e-05,7.08165e-05,1
8615,8620,8617.5,2.83266e-05,0.000141633,2
8625,8630,8627.5,1.41633e-05,7.08165e-05,1
8635,8640,8637.5,1.41633e-05,7.08165e-05,1
8650,8655,8652.5,2.83266e-05,0.000141633,2
8660,8665,8662.5,1.41633e-05,7.08165e-05,1
8675,8680,8677.5,1.41633e-05,7.08165e-05,1
8680,8685,8682.5,1.41633e-05,7.08165e-05,1
8685,8690,8687.5,1.41633e-05,7.08165e-05,1
8700,8705,8702.5,1.41633e-05,7.08165e-05,1
8705,8710,8707.5,1.41633e-05,7.08165e-05,1
8715,8720,8717.5,1.41633e-05,7.08165e-05,1
8720,8725,8722.5,1.41633e-05,7.08165e-05,1
8725,8730,8727.5,2.83266e-05,0.000141633,2
8730,8735,8732.5,2.83266e-05,0.000141633,2
8740,8745,8742.5,1.41633e-05,7.08165e-05,1
8745,8750,8747.5,2.83266e-05,0.000141633,2
8750,8755,8752.5,2.83266e-05,0.000141633,2
8765,8770,8767.5,5.66532e-05,0.000283266,4
8770,8775,8772.5,2.83266e-05,0.000141633,2
8785,8790,8787.5,1.41633e-05,7.08165e-05,1
8790,8795,8792.5,2.83266e-05,0.000141633,2
8795,8800,8797.5,5.66532e-05,0.000283266,4
8800,8805,8802.5,1.41633e-05,7.08165e-05,1
8810,8815,8812.5,2.83266e-05,0.000141633,2
8815,8820,8817.5,1.41633e-05,7.08165e-05,1
8820,8825,8822.5,1.41633e-05,7.08165e-05,1
8825,8830,8827.5,1.41633e-05,7.08165e-05,1
8830,8835,8832.5,2.83266e-05,0.000141633,2
8845,8850,8847.5,2.83266e-05,0.000141633,2
8850,8855,8852.5,4.24899e-05,0.00021245,3
8875,8880,8877.5,2.83266e-05,0.000141633,2
8885,8890,8887.5,2.83266e-05,0.000141633,2
8895,8900,8897.5,2.83266e-05,0.000141633,2
8900,8905,8902.5,1.41633e-05,7.08165e-05,1
8905,8910,8907.5,2.83266e-05,0.000141633,2
8910,8915,8912.5,1.41633e-05,7.08165e-05,1
8920,8925,8922.5,1.41633e-05,7.08165e-05,1
8925,8930,8927.5,2.83266e-05,0.000141633,2
8930,8935,8932.5,2.83266e-05,0.000141633,2
8935,8940,8937.5,2.83266e-05,0.000141633,2
8940,8945,8942.5,2.83266e-05,0.000141633,2
8955,8960,8957.5,1.41633e-05,7.08165e-05,1
8965,8970,8967.5,1.41633e-05,7.08165e-05,1
8975,8980,8977.5,1.41633e-05,7.08165e-05,1
8980,8985,8982.5,2.83266e-05,0.000141633,2
8985,8990,8987.5,1.41633e-05,7.08165e-05,1
8990,8995,8992.5,1.41633e-05,7.08165e-05,1
9010,9015,9012.5,1.41633e-05,7.08165e-05,1
9015,9020,9017.5,1.41633e-05,7.08165e-05,1
9025,9030,9027.5,1.41633e-05,7.08165e-05,1
9030,9035,9032.5,4.24899e-05,0.00021245,3
9035,9040,9037.5,2.83266e-05,0.000141633,2
9040,9045,9042.5,4.24899e-05,0.00021245,3
9055,9060,9057.5,1.41633e-05,7.08165e-05,1
9065,9070,9067.5,1.41633e-05,7.08165e-05,1
9080,9085,9082.5,1.41633e-05,7.08165e-05,1
9095,9100,9097.5,4.24899e-05,0.00021245,3
9105,9110,9107.5,1.41633e-05,7.08165e-05,1
9110,9115,9112.5,1.41633e-05,7.08165e-05,1
9115,9120,9117.5,1.41633e-05,7.08165e-05,1
9120,9125,9122.5,2.83266e-05,0.000141633,2
9125,9130,9127.5,5.66532e-05,0.000283266,4
9135,9140,9137.5,1.41633e-05,7.08165e-05,1
9140,9145,9142.5,1.41633e-05,7.08165e-05,1
9160,9165,9162.5,1.41633e-05,7.08165e-05,1
9175,9180,9177.5,1.41633e-05,7.08165e-05,1
9185,9190,9187.5,1.41633e-05,7.08165e-05,1
9195,9200,9197.5,1.41633e-05,7.08165e-05,1
9215,9220,9217.5,1.41633e-05,7.08165e-05,1
9235,9240,9237.5,1.41633e-05,7.08165e-05,1
9240,9245,9242.5,1.41633e-05,7.08165e-05,1
9250,9255,9252.5,1.41633e-05,7.08165e-05,1
9255,9260,9257.5,2.83266e-05,0.000141633,2
9260,9265,9262.5,4.24899e-05,0.00021245,3
9275,9280,9277.5,2.83266e-05,0.000141633,2
9295,9300,9297.5,2.83266e-05,0.000141633,2
9305,9310,9307.5,2.83266e-05,0.000141633,2
9320,9325,9322.5,2.83266e-05,0.000141633,2
9330,9335,9332.5,2.83266e-05,0.000141633,2
9345,9350,9347.5,1.41633e-05,7.08165e-05,1
9355,9360,9357.5,1.41633e-05,7.08165e-05,1
9360,9365,9362.5,2.83266e-05,0.000141633,2
9365,9370,9367.5,1.41633e-05,7.08165e-05,1
9370,9375,9372.5,1.41633e-05,7.08165e-05,1
9375,9380,9377.5,2.83266e-05,0.000141633,2
9390,9395,9392.5,1.41633e-05,7.08165e-05,1
9395,9400,9397.5,1.41633e-05,7.08165e-05,1
9400,9405,9402.5,1.41633e-05,7.08165e-05,1
9405,9410,9407.5,4.24899e-05,0.00021245,3
9410,9415,9412.5,1.41633e-05,7.08165e-05,1
9415,9420,9417.5,2.83266e-05,0.000141633,2
9435,9440,9437.5,4.24899e-05,0.00021245,3
9445,9450,9447.5,2.83266e-05,0.000141633,2
9465,9470,9467.5,2.83266e-05,0.000141633,2
9470,9475,9472.5,1.41633e-05,7.08165e-05,1
9485,9490,9487.5,2.83266e-05,0.000141633,2
9505,9510,9507.5,1.41633e-05,7.08165e-05,1
9510,9515,9512.5,2.83266e-05,0.000141633,2
9530,9535,9532.5,1.41633e-05,7.08165e-05,1
9545,9550,9547.5,5.66532e-05,0.000283266,4
9550,9555,9552.5,1.41633e-05,7.08165e-05,1
9560,9565,9562.5,1.41633e-05,7.08165e-05,1
9575,9580,9577.5,1.41633e-05,7.08165e-05,1
9585,9590,9587.5,1.41633e-05,7.08165e-05,1
9590,9595,9592.5,1.41633e-05,7.08165e-05,1
9595,9600,9597.5,1.41633e-05,7.08165e-05,1
9605,9610,9607.5,1.41633e-05,7.08165e-05,1
9620,9625,9622.5,1.41633e-05,7.08165e-05,1
9635,9640,9637.5,1.41633e-05,7.08165e-05,1
9665,9670,9667.5,1.41633e-05,7.08165e-05,1
9670,9675,9672.5,1.41633e-05,7.08165e-05,1
9685,9690,9687.5,2.83266e-05,0.000141633,2
9690,9695,9692.5,2.83266e-05,0.000141633,2
9695,9700,9697.5,2.83266e-05,0.000141633,2
9700,9705,9702.5,1.41633e-05,7.08165e-05,1
9720,9725,9722.5,1.41633e-05,7.08165e-05,1
9725,9730,9727.5,2.83266e-05,0.000141633,2
9730,9735,9732.5,2.83266e-05,0.000141633,2
9755,9760,9757.5,1.41633e-05,7.08165e-05,1
9760,9765,9762.5,1.41633e-05,7.08165e-05,1
9765,9770,9767.5,1.41633e-05,7.08165e-05,1
9775,9780,9777.5,1.41633e-05,7.08165e-05,1
9780,9785,9782.5,1.41633e-05,7.08165e-05,1
9785,9790,9787.5,2.83266e-05,0.000141633,2
9800,9805,9802.5,2.83266e-05,0.000141633,2
9805,9810,9807.5,1.41633e-05,7.08165e-05,1
9810,9815,9812.5,1.41633e-05,7.08165e-05,1
9820,9825,9822.5,1.41633e-05,7.08165e-05,1
9835,9840,9837.5,1.41633e-05,7.08165e-05,1
9845,9850,9847.5,1.41633e-05,7.08165e-05,1
9850,9855,9852.5,2.83266e-05,0.000141633,2
9855,9860,9857.5,1.41633e-05,7.08165e-05,1
9860,9865,9862.5,2.83266e-05,0.000141633,2
9870,9875,9872.5,1.41633e-05,7.08165e-05,1
9880,9885,9882.5,2.83266e-05,0.000141633,2
9890,9895,9892.5,2.83266e-05,0.000141633,2
9895,9900,9897.5,2.83266e-05,0.000141633,2
9905,9910,9907.5,1.41633e-05,7.08165e-05,1
9910,9915,9912.5,1.41633e-05,7.08165e-05,1
9915,9920,9917.5,5.66532e-05,0.000283266,4
9925,9930,9927.5,1.41633e-05,7.08165e-05,1
9940,9945,9942.5,1.41633e-05,7.08165e-05,1
9955,9960,9957.5,1.41633e-05,7.08165e-05,1
9960,9965,9962.5,1.41633e-05,7.08165e-05,1
9985,9990,9987.5,1.41633e-05,7.08165e-05,1
9990,9995,9992.5,1.41633e-05,7.08165e-05,1
9995,10000,9997.5,1.41633e-05,7.08165e-05,1
10000,10005,10002.5,1.41633e-05,7.08165e-05,1
10010,10015,10012.5,1.41633e-05,7.08165e-05,1
10020,10025,10022.5,2.83266e-05,0.000141633,2
10030,10035,10032.5,1.41633e-05,7.08165e-05,1
10035,10040,10037.5,4.24899e-05,0.00021245,3
10040,10045,10042.5,1.41633e-05,7.08165e-05,1
10050,10055,10052.5,2.83266e-05,0.000141633,2
10055,10060,10057.5,1.41633e-05,7.08165e-05,1
10070,10075,10072.5,7.08165e-05,0.000354083,5
10075,10080,10077.5,1.41633e-05,7.08165e-05,1
10085,10090,10087.5,1.41633e-05,7.08165e-05,1
10100,10105,10102.5,1.41633e-05,7.08165e-05,1
10105,10110,10107.5,1.41633e-05,7.08165e-05,1
10110,10115,10112.5,1.41633e-05,7.08165e-05,1
10115,10120,10117.5,1.41633e-05,7.08165e-05,1
10120,10125,10122.5,1.41633e-05,7.08165e-05,1
10135,10140,10137.5,1.41633e-05,7.08165e-05,1
10145,10150,10147.5,1.41633e-05,7.08165e-05,1
10155,10160,10157.5,1.41633e-05,7.08165e-05,1
10165,10170,10167.5,2.83266e-05,0.000141633,2
10175,10180,10177.5,1.41633e-05,7.08165e-05,1
10225,10230,10227.5,2.83266e-05,0.000141633,2
10230,10235,10232.5,1.41633e-05,7.08165e-05,1
10250,10255,10252.5,1.41633e-05,7.08165e-05,1
10260,10265,10262.5,1.41633e-05,7.08165e-05,1
10265,10270,10267.5,4.24899e-05,0.00021245,3
10275,10280,10277.5,1.41633e-05,7.08165e-05,1
10285,10290,10287.5,1.41633e-05,7.08165e-05,1
10310,10315,10312.5,1.41633e-05,7.08165e-05,1
10320,10325,10322.5,1.41633e-05,7.08165e-05,1
10355,10360,10357.5,1.41633e-05,7.08165e-05,1
10365,10370,10367.5,1.41633e-05,7.08165e-05,1
10375,10380,10377.5,1.41633e-05,7.08165e-05,1
10390,10395,10392.5,1.41633e-05,7.08165e-05,1
10400,10405,10402.5,1.41633e-05,7.08165e-05,1
10410,10415,10412.5,1.41633e-05,7.08165e-05,1
10430,10435,10432.5,2.83266e-05,0.000141633,2
10445,10450,10447.5,1.41633e-05,7.08165e-05,1
10450,10455,10452.5,1.41633e-05,7.08165e-05,1
10470,10475,10472.5,2.83266e-05,0.000141633,2
10490,10495,10492.5,1.41633e-05,7.08165e-05,1
10495,10500,10497.5,1.41633e-05,7.08165e-05,1
10515,10520,10517.5,4.24899e-05,0.00021245,3
10520,10525,10522.5,1.41633e-05,7.08165e-05,1
10535,10540,10537.5,2.83266e-05,0.000141633,2
10540,10545,10542.5,1.41633e-05,7.08165e-05,1
10575,10580,10577.5,1.41633e-05,7.08165e-05,1
10590,10595,10592.5,2.83266e-05,0.000141633,2
10595,10600,10597.5,1.41633e-05,7.08165e-05,1
10600,10605,10602.5,2.83266e-05,0.000141633,2
10605,10610,10607.5,2.83266e-05,0.000141633,2
10625,10630,10627.5,2.83266e-05,0.000141633,2
10635,10640,10637.5,1.41633e-05,7.08165e-05,1
10640,10645,10642.5,1.41633e-05,7.08165e-05,1
10645,10650,10647.5,1.41633e-05,7.08165e-05,1
10655,10660,10657.5,1.41633e-05,7.08165e-05,1
10665,10670,10667.5,2.83266e-05,0.000141633,2
10670,10675,10672.5,2.83266e-05,0.000141633,2
10680,10685,10682.5,1.41633e-05,7.08165e-05,1
10725,10730,10727.5,1.41633e-05,7.08165e-05,1
10730,10735,10732.5,1.41633e-05,7.08165e-05,1
10745,10750,10747.5,1.41633e-05,7.08165e-05,1
10765,10770,10767.5,1.41633e-05,7.08165e-05,1
10785,10790,10787.5,2.83266e-05,0.000141633,2
10800,10805,10802.5,1.41633e-05,7.08165e-05,1
10805,10810,10807.5,1.41633e-05,7.08165e-05,1
10810,10815,10812.5,1.41633e-05,7.08165e-05,1
10815,10820,10817.5,1.41633e-05,7.08165e-05,1
10840,10845,10842.5,1.41633e-05,7.08165e-05,1
10845,10850,10847.5,1.41633e-05,7.08165e-05,1
10850,10855,10852.5,1.41633e-05,7.08165e-05,1
10860,10865,10862.5,2.83266e-05,0.000141633,2
10865,10870,10867.5,2.83266e-05,0.000141633,2
10880,10885,10882.5,1.41633e-05,7.08165e-05,1
10890,10895,10892.5,1.41633e-05,7.08165e-05,1
10905,10910,10907.5,1.41633e-05,7.08165e-05,1
10915,10920,10917.5,2.83266e-05,0.000141633,2
10925,10930,10927.5,1.41633e-05,7.08165e-05,1
10930,10935,10932.5,1.41633e-05,7.08165e-05,1
10955,10960,10957.5,2.83266e-05,0.000141633,2
10980,10985,10982.5,1.41633e-05,7.08165e-05,1
10985,10990,10987.5,1.41633e-05,7.08165e-05,1
10995,11000,10997.5,1.41633e-05,7.08165e-05,1
11015,11020,11017.5,1.41633e-05,7.08165e-05,1
11025,11030,11027.5,1.41633e-05,7.08165e-05,1
11040,11045,11042.5,1.41633e-05,7.08165e-05,1
11080,11085,11082.5,2.83266e-05,0.000141633,2
11090,11095,11092.5,2.83266e-05,0.000141633,2
11100,11105,11102.5,1.41633e-05,7.08165e-05,1
11110,11115,11112.5,1.41633e-05,7.08165e-05,1
11115,11120,11117.5,1.41633e-05,7.08165e-05,1
11140,11145,11142.5,1.41633e-05,7.08165e-05,1
11150,11155,11152.5,1.41633e-05,7.08165e-05,1
11165,11170,11167.5,1.41633e-05,7.08165e-05,1
11175,11180,11177.5,2.83266e-05,0.000141633,2
11180,11185,11182.5,2.83266e-05,0.000141633,2
11190,11195,11192.5,4.24899e-05,0.00021245,3
11205,11210,11207.5,1.41633e-05,7.08165e-05,1
11215,11220,11217.5,2.83266e-05,0.000141633,2
11220,11225,11222.5,1.41633e-05,7.08165e-05,1
11225,11230,11227.5,1.41633e-05,7.08165e-05,1
11230,11235,11232.5,1.41633e-05,7.08165e-05,1
11235,11240,11237.5,4.24899e-05,0.00021245,3
11240,11245,11242.5,1.41633e-05,7.08165e-05,1
11245,11250,11247.5,2.83266e-05,0.000141633,2
11255,11260,11257.5,2.83266e-05,0.000141633,2
11270,11275,11272.5,1.41633e-05,7.08165e-05,1
11275,11280,11277.5,1.41633e-05,7.08165e-05,1
11280,11285,11282.5,1.41633e-05,7.08165e-05,1
11290,11295,11292.5,1.41633e-05,7.08165e-05,1
11310,11315,11312.5,1.41633e-05,7.08165e-05,1
11330,11335,11332.5,1.41633e-05,7.08165e-05,1
11345,11350,11347.5,1.41633e-05,7.08165e-05,1
11365,11370,11367.5,4.24899e-05,0.00021245,3
11370,11375,11372.5,1.41633e-05,7.08165e-05,1
11390,11395,11392.5,1.41633e-05,7.08165e-05,1
11395,11400,11397.5,1.41633e-05,7.08165e-05,1
11425,11430,11427.5,1.41633e-05,7.08165e-05,1
11430,11435,11432.5,1.41633e-05,7.08165e-05,1
11435,11440,11437.5,1.41633e-05,7.08165e-05,1
11440,11445,11442.5,1.41633e-05,7.08165e-05,1
11470,11475,11472.5,1.41633e-05,7.08165e-05,1
11475,11480,11477.5,2.83266e-05,0.000141633,2
11485,11490,11487.5,1.41633e-05,7.08165e-05,1
11490,11495,11492.5,2.83266e-05,0.000141633,2
11495,11500,11497.5,1.41633e-05,7.08165e-05,1
11520,11525,11522.5,1.41633e-05,7.08165e-05,1
11530,11535,11532.5,2.83266e-05,0.000141633,2
11555,11560,11557.5,2.83266e-05,0.000141633,2
11560,11565,11562.5,2.83266e-05,0.000141633,2
11575,11580,11577.5,1.41633e-05,7.08165e-05,1
11590,11595,11592.5,1.41633e-05,7.08165e-05,1
11595,11600,11597.5,1.41633e-05,7.08165e-05,1
11605,11610,11607.5,2.83266e-05,0.000141633,2
11615,11620,11617.5,2.83266e-05,0.000141633,2
11625,11630,11627.5,1.41633e-05,7.08165e-05,1
11660,11665,11662.5,4.24899e-05,0.00021245,3
11680,11685,11682.5,1.41633e-05,7.08165e-05,1
11690,11695,11692.5,1.41633e-05,7.08165e-05,1
11700,11705,11702.5,2.83266e-05,0.000141633,2
11710,11715,11712.5,1.41633e-05,7.08165e-05,1
11725,11730,11727.5,1.41633e-05,7.08165e-05,1
11735,11740,11737.5,1.41633e-05,7.08165e-05,1
11745,11750,11747.5,1.41633e-05,7.08165e-05,1
11755,11760,11757.5,2.83266e-05,0.000141633,2
11765,11770,11767.5,1.41633e-05,7.08165e-05,1
11785,11790,11787.5,1.41633e-05,7.08165e-05,1
11790,11795,11792.5,1.41633e-05,7.08165e-05,1
11820,11825,11822.5,1.41633e-05,7.08165e-05,1
11825,11830,11827.5,1.41633e-05,7.08165e-05,1
11845,11850,11847.5,2.83266e-05,0.000141633,2
11850,11855,11852.5,1.41633e-05,7.08165e-05,1
11860,11865,11862.5,1.41633e-05,7.08165e-05,1
11865,11870,11867.5,1.41633e-05,7.08165e-05,1
11875,11880,11877.5,1.41633e-05,7.08165e-05,1
11895,11900,11897.5,1.41633e-05,7.08165e-05,1
11900,11905,11902.5,1.41633e-05,7.08165e-05,1
11905,11910,11907.5,1.41633e-05,7.08165e-05,1
11910,11915,11912.5,1.41633e-05,7.08165e-05,1
11920,11925,11922.5,2.83266e-05,0.000141633,2
11935,11940,11937.5,2.83266e-05,0.000141633,2
11950,11955,11952.5,1.41633e-05,7.08165e-05,1
11960,11965,11962.5,1.41633e-05,7.08165e-05,1
12015,12020,12017.5,2.83266e-05,0.000141633,2
12030,12035,12032.5,2.83266e-05,0.000141633,2
12035,12040,12037.5,1.41633e-05,7.08165e-05,1
12075,12080,12077.5,1.41633e-05,7.08165e-05,1
12100,12105,12102.5,7.08165e-05,0.000354083,5
12105,12110,12107.5,4.24899e-05,0.00021245,3
12135,12140,12137.5,1.41633e-05,7.08165e-05,1
12140,12145,12142.5,1.41633e-05,7.08165e-05,1
12160,12165,12162.5,1.41633e-05,7.08165e-05,1
12175,12180,12177.5,1.41633e-05,7.08165e-05,1
12195,12200,12197.5,1.41633e-05,7.08165e-05,1
12205,12210,12207.5,1.41633e-05,7.08165e-05,1
12230,12235,12232.5,1.41633e-05,7.08165e-05,1
12265,12270,12267.5,1.41633e-05,7.08165e-05,1
12275,12280,12277.5,1.41633e-05,7.08165e-05,1
12285,12290,12287.5,2.83266e-05,0.000141633,2
12290,12295,12292.5,1.41633e-05,7.08165e-05,1
12295,12300,12297.5,1.41633e-05,7.08165e-05,1
12300,12305,12302.5,1.41633e-05,7.08165e-05,1
12345,12350,12347.5,2.83266e-05,0.000141633,2
12350,12355,12352.5,1.41633e-05,7.08165e-05,1
12355,12360,12357.5,1.41633e-05,7.08165e-05,1
12365,12370,12367.5,1.41633e-05,7.08165e-05,1
12375,12380,12377.5,1.41633e-05,7.08165e-05,1
12385,12390,12387.5,1.41633e-05,7.08165e-05,1
12425,12430,12427.5,2.83266e-05,0.000141633,2
12450,12455,12452.5,1.41633e-05,7.08165e-05,1
12465,12470,12467.5,1.41633e-05,7.08165e-05,1
12475,12480,12477.5,1.41633e-05,7.08165e-05,1
12495,12500,12497.5,2.83266e-05,0.000141633,2
12500,12505,12502.5,1.41633e-05,7.08165e-05,1
12515,12520,12517.5,1.41633e-05,7.08165e-05,1
12525,12530,12527.5,1.41633e-05,7.08165e-05,1
12530,12535,12532.5,1.41633e-05,7.08165e-05,1
12565,12570,12567.5,2.83266e-05,0.000141633,2
12580,12585,12582.5,1.41633e-05,7.08165e-05,1
12595,12600,12597.5,1.41633e-05,7.08165e-05,1
12600,12605,12602.5,1.41633e-05,7.08165e-05,1
12605,12610,12607.5,1.41633e-05,7.08165e-05,1
12630,12635,12632.5,1.41633e-05,7.08165e-05,1
12645,12650,12647.5,1.41633e-05,7.08165e-05,1
12660,12665,12662.5,2.83266e-05,0.000141633,2
12670,12675,12672.5,4.24899e-05,0.00021245,3
12685,12690,12687.5,1.41633e-05,7.08165e-05,1
12705,12710,12707.5,1.41633e-05,7.08165e-05,1
12720,12725,12722.5,1.41633e-05,7.08165e-05,1
12760,12765,12762.5,1.41633e-05,7.08165e-05,1
12765,12770,12767.5,1.41633e-05,7.08165e-05,1
12780,12785,12782.5,1.41633e-05,7.08165e-05,1
12785,12790,12787.5,1.41633e-05,7.08165e-05,1
12800,12805,12802.5,1.41633e-05,7.08165e-05,1
12815,12820,12817.5,1.41633e-05,7.08165e-05,1
12835,12840,12837.5,1.41633e-05,7.08165e-05,1
12840,12845,12842.5,1.41633e-05,7.08165e-05,1
12865,12870,12867.5,1.41633e-05,7.08165e-05,1
12895,12900,12897.5,1.41633e-05,7.08165e-05,1
12915,12920,12917.5,1.41633e-05,7.08165e-05,1
12935,12940,12937.5,1.41633e-05,7.08165e-05,1
12965,12970,12967.5,1.41633e-05,7.08165e-05,1
12985,12990,12987.5,1.41633e-05,7.08165e-05,1
12995,13000,12997.5,2.83266e-05,0.000141633,2
13055,13060,13057.5,1.41633e-05,7.08165e-05,1
13070,13075,13072.5,1.41633e-05,7.08165e-05,1
13085,13090,13087.5,1.41633e-05,7.08165e-05,1
13090,13095,13092.5,1.41633e-05,7.08165e-05,1
13095,13100,13097.5,1.41633e-05,7.08165e-05,1
13110,13115,13112.5,1.41633e-05,7.08165e-05,1
13160,13165,13162.5,1.41633e-05,7.08165e-05,1
13165,13170,13167.5,2.83266e-05,0.000141633,2
13185,13190,13187.5,1.41633e-05,7.08165e-05,1
13190,13195,13192.5,1.41633e-05,7.08165e-05,1
13210,13215,13212.5,1.41633e-05,7.08165e-05,1
13235,13240,13237.5,1.41633e-05,7.08165e-05,1
13295,13300,13297.5,2.83266e-05,0.000141633,2
13325,13330,13327.5,1.41633e-05,7.08165e-05,1
13360,13365,13362.5,1.41633e-05,7.08165e-05,1
13365,13370,13367.5,1.41633e-05,7.08165e-05,1
13370,13375,13372.5,1.41633e-05,7.08165e-05,1
13380,13385,13382.5,2.83266e-05,0.000141633,2
13390,13395,13392.5,4.24899e-05,0.00021245,3
13400,13405,13402.5,1.41633e-05,7.08165e-05,1
13405,13410,13407.5,1.41633e-05,7.08165e-05,1
13410,13415,13412.5,1.41633e-05,7.08165e-05,1
13425,13430,13427.5,1.41633e-05,7.08165e-05,1
13435,13440,13437.5,1.41633e-05,7.08165e-05,1
13460,13465,13462.5,1.41633e-05,7.08165e-05,1
13465,13470,13467.5,1.41633e-05,7.08165e-05,1
13505,13510,13507.5,1.41633e-05,7.08165e-05,1
13510,13515,13512.5,1.41633e-05,7.08165e-05,1
13520,13525,13522.5,1.41633e-05,7.08165e-05,1
13545,13550,13547.5,2.83266e-05,0.000141633,2
13550,13555,13552.5,1.41633e-05,7.08165e-05,1
13555,13560,13557.5,1.41633e-05,7.08165e-05,1
13570,13575,13572.5,2.83266e-05,0.000141633,2
13575,13580,13577.5,1.41633e-05,7.08165e-05,1
13585,13590,13587.5,1.41633e-05,7.08165e-05,1
13720,13725,13722.5,1.41633e-05,7.08165e-05,1
13730,13735,13732.5,1.41633e-05,7.08165e-05,1
13745,13750,13747.5,1.41633e-05,7.08165e-05,1
13765,13770,13767.5,1.41633e-05,7.08165e-05,1
13770,13775,13772.5,1.41633e-05,7.08165e-05,1
13785,13790,13787.5,1.41633e-05,7.08165e-05,1
13795,13800,13797.5,1.41633e-05,7.08165e-05,1
13810,13815,13812.5,1.41633e-05,7.08165e-05,1
13840,13845,13842.5,1.41633e-05,7.08165e-05,1
13865,13870,13867.5,1.41633e-05,7.08165e-05,1
13870,13875,13872.5,1.41633e-05,7.08165e-05,1
13885,13890,13887.5,1.41633e-05,7.08165e-05,1
13925,13930,13927.5,1.41633e-05,7.08165e-05,1
13940,13945,13942.5,1.41633e-05,7.08165e-05,1
13995,14000,13997.5,1.41633e-05,7.08165e-05,1
14020,14025,14022.5,1.41633e-05,7.08165e-05,1
14030,14035,14032.5,1.41633e-05,7.08165e-05,1
14040,14045,14042.5,1.41633e-05,7.08165e-05,1
14060,14065,14062.5,1.41633e-05,7.08165e-05,1
14065,14070,14067.5,1.41633e-05,7.08165e-05,1
14095,14100,14097.5,1.41633e-05,7.08165e-05,1
14125,14130,14127.5,1.41633e-05,7.08165e-05,1
14145,14150,14147.5,1.41633e-05,7.08165e-05,1
14150,14155,14152.5,1.41633e-05,7.08165e-05,1
14155,14160,14157.5,1.41633e-05,7.08165e-05,1
14180,14185,14182.5,1.41633e-05,7.08165e-05,1
14185,14190,14187.5,1.41633e-05,7.08165e-05,1
14190,14195,14192.5,1.41633e-05,7.08165e-05,1
14210,14215,14212.5,1.41633e-05,7.08165e-05,1
14215,14220,14217.5,2.83266e-05,0.000141633,2
14225,14230,14227.5,1.41633e-05,7.08165e-05,1
14245,14250,14247.5,1.41633e-05,7.08165e-05,1
14250,14255,14252.5,1.41633e-05,7.08165e-05,1
14265,14270,14267.5,2.83266e-05,0.000141633,2
14270,14275,14272.5,1.41633e-05,7.08165e-05,1
14285,14290,14287.5,1.41633e-05,7.08165e-05,1
14300,14305,14302.5,2.83266e-05,0.000141633,2
14315,14320,14317.5,1.41633e-05,7.08165e-05,1
14325,14330,14327.5,1.41633e-05,7.08165e-05,1
14365,14370,14367.5,1.41633e-05,7.08165e-05,1
14385,14390,14387.5,1.41633e-05,7.08165e-05,1
14415,14420,14417.5,1.41633e-05,7.08165e-05,1
14445,14450,14447.5,1.41633e-05,7.08165e-05,1
14450,14455,14452.5,1.41633e-05,7.08165e-05,1
14475,14480,14477.5,1.41633e-05,7.08165e-05,1
14515,14520,14517.5,1.41633e-05,7.08165e-05,1
14535,14540,14537.5,1.41633e-05,7.08165e-05,1
14575,14580,14577.5,1.41633e-05,7.08165e-05,1
14585,14590,14587.5,1.41633e-05,7.08165e-05,1
14650,14655,14652.5,1.41633e-05,7.08165e-05,1
14655,14660,14657.5,1.41633e-05,7.08165e-05,1
14660,14665,14662.5,2.83266e-05,0.000141633,2
14665,14670,14667.5,2.83266e-05,0.000141633,2
14685,14690,14687.5,1.41633e-05,7.08165e-05,1
14735,14740,14737.5,1.41633e-05,7.08165e-05,1
14770,14775,14772.5,1.41633e-05,7.08165e-05,1
14835,14840,14837.5,1.41633e-05,7.08165e-05,1
14840,14845,14842.5,1.41633e-05,7.08165e-05,1
14860,14865,14862.5,1.41633e-05,7.08165e-05,1
14885,14890,14887.5,1.41633e-05,7.08165e-05,1
14890,14895,14892.5,1.41633e-05,7.08165e-05,1
14930,14935,14932.5,1.41633e-05,7.08165e-05,1
14970,14975,14972.5,1.41633e-05,7.08165e-05,1
14980,14985,14982.5,1.41633e-05,7.08165e-05,1
15000,15005,15002.5,2.83266e-05,0.000141633,2
15020,15025,15022.5,2.83266e-05,0.000141633,2
15035,15040,15037.5,1.41633e-05,7.08165e-05,1
15075,15080,15077.5,1.41633e-05,7.08165e-05,1
15095,15100,15097.5,1.41633e-05,7.08165e-05,1
15105,15110,15107.5,1.41633e-05,7.08165e-05,1
15115,15120,15117.5,2.83266e-05,0.000141633,2
15120,15125,15122.5,1.41633e-05,7.08165e-05,1
15135,15140,15137.5,1.41633e-05,7.08165e-05,1
15140,15145,15142.5,1.41633e-05,7.08165e-05,1
15165,15170,15167.5,1.41633e-05,7.08165e-05,1
15245,15250,15247.5,1.41633e-05,7.08165e-05,1
15270,15275,15272.5,1.41633e-05,7.08165e-05,1
15280,15285,15282.5,1.41633e-05,7.08165e-05,1
15315,15320,15317.5,1.41633e-05,7.08165e-05,1
15330,15335,15332.5,1.41633e-05,7.08165e-05,1
15365,15370,15367.5,1.41633e-05,7.08165e-05,1
15370,15375,15372.5,1.41633e-05,7.08165e-05,1
15405,15410,15407.5,1.41633e-05,7.08165e-05,1
15410,15415,15412.5,1.41633e-05,7.08165e-05,1
15430,15435,15432.5,1.41633e-05,7.08165e-05,1
15435,15440,15437.5,1.41633e-05,7.08165e-05,1
15475,15480,15477.5,2.83266e-05,0.000141633,2
15495,15500,15497.5,1.41633e-05,7.08165e-05,1
15515,15520,15517.5,1.41633e-05,7.08165e-05,1
15535,15540,15537.5,2.83266e-05,0.000141633,2
15545,15550,15547.5,2.83266e-05,0.000141633,2
15570,15575,15572.5,1.41633e-05,7.08165e-05,1
15580,15585,15582.5,1.41633e-05,7.08165e-05,1
15600,15605,15602.5,1.41633e-05,7.08165e-05,1
15605,15610,15607.5,2.83266e-05,0.000141633,2
15640,15645,15642.5,1.41633e-05,7.08165e-05,1
15650,15655,15652.5,1.41633e-05,7.08165e-05,1
15655,15660,15657.5,1.41633e-05,7.08165e-05,1
15665,15670,15667.5,1.41633e-05,7.08165e-05,1
15690,15695,15692.5,1.41633e-05,7.08165e-05,1
15760,15765,15762.5,1.41633e-05,7.08165e-05,1
15785,15790,15787.5,1.41633e-05,7.08165e-05,1
15790,15795,15792.5,1.41633e-05,7.08165e-05,1
15800,15805,15802.5,1.41633e-05,7.08165e-05,1
15810,15815,15812.5,1.41633e-05,7.08165e-05,1
15830,15835,15832.5,1.41633e-05,7.08165e-05,1
15835,15840,15837.5,1.41633e-05,7.08165e-05,1
15845,15850,15847.5,1.41633e-05,7.08165e-05,1
15875,15880,15877.5,2.83266e-05,0.000141633,2
15910,15915,15912.5,1.41633e-05,7.08165e-05,1
15930,15935,15932.5,1.41633e-05,7.08165e-05,1
15955,15960,15957.5,1.41633e-05,7.08165e-05,1
15960,15965,15962.5,1.41633e-05,7.08165e-05,1
15970,15975,15972.5,1.41633e-05,7.08165e-05,1
15985,15990,15987.5,1.41633e-05,7.08165e-05,1
16015,16020,16017.5,1.41633e-05,7.08165e-05,1
16040,16045,16042.5,1.41633e-05,7.08165e-05,1
16085,16090,16087.5,1.41633e-05,7.08165e-05,1
16150,16155,16152.5,1.41633e-05,7.08165e-05,1
16200,16205,16202.5,1.41633e-05,7.08165e-05,1
16215,16220,16217.5,1.41633e-05,7.08165e-05,1
16220,16225,16222.5,1.41633e-05,7.08165e-05,1
16305,16310,16307.5,1.41633e-05,7.08165e-05,1
16310,16315,16312.5,1.41633e-05,7.08165e-05,1
16320,16325,16322.5,1.41633e-05,7.08165e-05,1
16330,16335,16332.5,1.41633e-05,7.08165e-05,1
16335,16340,16337.5,1.41633e-05,7.08165e-05,1
16390,16395,16392.5,1.41633e-05,7.08165e-05,1
16465,16470,16467.5,1.41633e-05,7.08165e-05,1
16550,16555,16552.5,1.41633e-05,7.08165e-05,1
16580,16585,16582.5,1.41633e-05,7.08165e-05,1
16585,16590,16587.5,1.41633e-05,7.08165e-05,1
16600,16605,16602.5,1.41633e-05,7.08165e-05,1
16615,16620,16617.5,4.24899e-05,0.00021245,3
16630,16635,16632.5,1.41633e-05,7.08165e-05,1
16635,16640,16637.5,1.41633e-05,7.08165e-05,1
16640,16645,16642.5,1.41633e-05,7.08165e-05,1
16675,16680,16677.5,1.41633e-05,7.08165e-05,1
16690,16695,16692.5,1.41633e-05,7.08165e-05,1
16695,16700,16697.5,1.41633e-05,7.08165e-05,1
16730,16735,16732.5,1.41633e-05,7.08165e-05,1
16740,16745,16742.5,1.41633e-05,7.08165e-05,1
16780,16785,16782.5,1.41633e-05,7.08165e-05,1
16885,16890,16887.5,1.41633e-05,7.08165e-05,1
16925,16930,16927.5,1.41633e-05,7.08165e-05,1
16970,16975,16972.5,1.41633e-05,7.08165e-05,1
16990,16995,16992.5,1.41633e-05,7.08165e-05,1
17035,17040,17037.5,1.41633e-05,7.08165e-05,1
17075,17080,17077.5,1.41633e-05,7.08165e-05,1
17090,17095,17092.5,1.41633e-05,7.08165e-05,1
17135,17140,17137.5,1.41633e-05,7.08165e-05,1
17190,17195,17192.5,1.41633e-05,7.08165e-05,1
17205,17210,17207.5,1.41633e-05,7.08165e-05,1
17225,17230,17227.5,1.41633e-05,7.08165e-05,1
17235,17240,17237.5,1.41633e-05,7.08165e-05,1
17270,17275,17272.5,1.41633e-05,7.08165e-05,1
17275,17280,17277.5,1.41633e-05,7.08165e-05,1
17300,17305,17302.5,1.41633e-05,7.08165e-05,1
17325,17330,17327.5,1.41633e-05,7.08165e-05,1
17330,17335,17332.5,1.41633e-05,7.08165e-05,1
17335,17340,17337.5,1.41633e-05,7.08165e-05,1
17375,17380,17377.5,1.41633e-05,7.08165e-05,1
17410,17415,17412.5,1.41633e-05,7.08165e-05,1
17430,17435,17432.5,1.41633e-05,7.08165e-05,1
17465,17470,17467.5,1.41633e-05,7.08165e-05,1
17470,17475,17472.5,1.41633e-05,7.08165e-05,1
17510,17515,17512.5,1.41633e-05,7.08165e-05,1
17585,17590,17587.5,1.41633e-05,7.08165e-05,1
17615,17620,17617.5,1.41633e-05,7.08165e-05,1
17660,17665,17662.5,1.41633e-05,7.08165e-05,1
17700,17705,17702.5,1.41633e-05,7.08165e-05,1
17825,17830,17827.5,1.41633e-05,7.08165e-05,1
17840,17845,17842.5,1.41633e-05,7.08165e-05,1
17890,17895,17892.5,1.41633e-05,7.08165e-05,1
17925,17930,17927.5,1.41633e-05,7.08165e-05,1
17960,17965,17962.5,1.41633e-05,7.08165e-05,1
18010,18015,18012.5,1.41633e-05,7.08165e-05,1
18050,18055,18052.5,1.41633e-05,7.08165e-05,1
18075,18080,18077.5,1.41633e-05,7.08165e-05,1
18105,18110,18107.5,1.41633e-05,7.08165e-05,1
18120,18125,18122.5,1.41633e-05,7.08165e-05,1
18130,18135,18132.5,1.41633e-05,7.08165e-05,1
18135,18140,18137.5,1.41633e-05,7.08165e-05,1
18150,18155,18152.5,1.41633e-05,7.08165e-05,1
18155,18160,18157.5,1.41633e-05,7.08165e-05,1
18190,18195,18192.5,1.41633e-05,7.08165e-05,1
18230,18235,18232.5,1.41633e-05,7.08165e-05,1
18250,18255,18252.5,1.41633e-05,7.08165e-05,1
18255,18260,18257.5,1.41633e-05,7.08165e-05,1
18265,18270,18267.5,2.83266e-05,0.000141633,2
18300,18305,18302.5,1.41633e-05,7.08165e-05,1
18420,18425,18422.5,1.41633e-05,7.08165e-05,1
18455,18460,18457.5,1.41633e-05,7.08165e-05,1
18510,18515,18512.5,1.41633e-05,7.08165e-05,1
18575,18580,18577.5,1.41633e-05,7.08165e-05,1
18580,18585,18582.5,1.41633e-05,7.08165e-05,1
18615,18620,18617.5,1.41633e-05,7.08165e-05,1
18635,18640,18637.5,1.41633e-05,7.08165e-05,1
18670,18675,18672.5,1.41633e-05,7.08165e-05,1
18795,18800,18797.5,1.41633e-05,7.08165e-05,1
18830,18835,18832.5,1.41633e-05,7.08165e-05,1
18845,18850,18847.5,1.41633e-05,7.08165e-05,1
18850,18855,18852.5,1.41633e-05,7.08165e-05,1
18885,18890,18887.5,1.41633e-05,7.08165e-05,1
19010,19015,19012.5,1.41633e-05,7.08165e-05,1
19025,19030,19027.5,1.41633e-05,7.08165e-05,1
19030,19035,19032.5,1.41633e-05,7.08165e-05,1
19065,19070,19067.5,1.41633e-05,7.08165e-05,1
19075,19080,19077.5,1.41633e-05,7.08165e-05,1
19080,19085,19082.5,1.41633e-05,7.08165e-05,1
19190,19195,19192.5,2.83266e-05,0.000141633,2
19260,19265,19262.5,1.41633e-05,7.08165e-05,1
19310,19315,19312.5,1.41633e-05,7.08165e-05,1
19355,19360,19357.5,1.41633e-05,7.08165e-05,1
19400,19405,19402.5,1.41633e-05,7.08165e-05,1
19515,19520,19517.5,1.41633e-05,7.08165e-05,1
19525,19530,19527.5,1.41633e-05,7.08165e-05,1
19550,19555,19552.5,1.41633e-05,7.08165e-05,1
19565,19570,19567.5,1.41633e-05,7.08165e-05,1
19585,19590,19587.5,2.83266e-05,0.000141633,2
19610,19615,19612.5,1.41633e-05,7.08165e-05,1
19645,19650,19647.5,1.41633e-05,7.08165e-05,1
19790,19795,19792.5,1.41633e-05,7.08165e-05,1
19830,19835,19832.5,1.41633e-05,7.08165e-05,1
19865,19870,19867.5,1.41633e-05,7.08165e-05,1
19875,19880,19877.5,1.41633e-05,7.08165e-05,1
20000,20005,20002.5,1.41633e-05,7.08165e-05,1
20070,20075,20072.5,1.41633e-05,7.08165e-05,1
20160,20165,20162.5,1.41633e-05,7.08165e-05,1
20170,20175,20172.5,1.41633e-05,7.08165e-05,1
20255,20260,20257.5,1.41633e-05,7.08165e-05,1
20295,20300,20297.5,1.41633e-05,7.08165e-05,1
20300,20305,20302.5,1.41633e-05,7.08165e-05,1
20420,20425,20422.5,1.41633e-05,7.08165e-05,1
20465,20470,20467.5,2.83266e-05,0.000141633,2
20485,20490,20487.5,1.41633e-05,7.08165e-05,1
20560,20565,20562.5,2.83266e-05,0.000141633,2
20580,20585,20582.5,1.41633e-05,7.08165e-05,1
20695,20700,20697.5,2.83266e-05,0.000141633,2
20720,20725,20722.5,1.41633e-05,7.08165e-05,1
20745,20750,20747.5,1.41633e-05,7.08165e-05,1
20790,20795,20792.5,1.41633e-05,7.08165e-05,1
21015,21020,21017.5,1.41633e-05,7.08165e-05,1
21070,21075,21072.5,1.41633e-05,7.08165e-05,1
21150,21155,21152.5,1.41633e-05,7.08165e-05,1
21240,21245,21242.5,1.41633e-05,7.08165e-05,1
21260,21265,21262.5,1.41633e-05,7.08165e-05,1
21330,21335,21332.5,1.41633e-05,7.08165e-05,1
21355,21360,21357.5,1.41633e-05,7.08165e-05,1
21390,21395,21392.5,1.41633e-05,7.08165e-05,1
21565,21570,21567.5,1.41633e-05,7.08165e-05,1
21630,21635,21632.5,1.41633e-05,7.08165e-05,1
21635,21640,21637.5,1.41633e-05,7.08165e-05,1
21700,21705,21702.5,1.41633e-05,7.08165e-05,1
21730,21735,21732.5,1.41633e-05,7.08165e-05,1
21795,21800,21797.5,1.41633e-05,7.08165e-05,1
21840,21845,21842.5,1.41633e-05,7.08165e-05,1
21855,21860,21857.5,1.41633e-05,7.08165e-05,1
21870,21875,21872.5,1.41633e-05,7.08165e-05,1
21880,21885,21882.5,1.41633e-05,7.08165e-05,1
22090,22095,22092.5,1.41633e-05,7.08165e-05,1
22415,22420,22417.5,1.41633e-05,7.08165e-05,1
22420,22425,22422.5,1.41633e-05,7.08165e-05,1
22500,22505,22502.5,1.41633e-05,7.08165e-05,1
22625,22630,22627.5,1.41633e-05,7.08165e-05,1
22920,22925,22922.5,1.41633e-05,7.08165e-05,1
23020,23025,23022.5,1.41633e-05,7.08165e-05,1
23045,23050,23047.5,1.41633e-05,7.08165e-05,1
23125,23130,23127.5,1.41633e-05,7.08165e-05,1
23230,23235,23232.5,1.41633e-05,7.08165e-05,1
23250,23255,23252.5,1.41633e-05,7.08165e-05,1
23580,23585,23582.5,1.41633e-05,7.08165e-05,1
23625,23630,23627.5,1.41633e-05,7.08165e-05,1
23675,23680,23677.5,1.41633e-05,7.08165e-05,1
23750,23755,23752.5,1.41633e-05,7.08165e-05,1
23780,23785,23782.5,1.41633e-05,7.08165e-05,1
23955,23960,23957.5,1.41633e-05,7.08165e-05,1
24085,24090,24087.5,1.41633e-05,7.08165e-05,1
24220,24225,24222.5,1.41633e-05,7.08165e-05,1
24280,24285,24282.5,1.41633e-05,7.08165e-05,1
24395,24400,24397.5,1.41633e-05,7.08165e-05,1
24585,24590,24587.5,1.41633e-05,7.08165e-05,1
24660,24665,24662.5,1.41633e-05,7.08165e-05,1
24665,24670,24667.5,1.41633e-05,7.08165e-05,1
24770,24775,24772.5,1.41633e-05,7.08165e-05,1
24785,24790,24787.5,1.41633e-05,7.08165e-05,1
24855,24860,24857.5,2.83266e-05,0.000141633,2
24975,24980,24977.5,1.41633e-05,7.08165e-05,1
24995,25000,24997.5,1.41633e-05,7.08165e-05,1
25085,25090,25087.5,1.41633e-05,7.08165e-05,1
25110,25115,25112.5,1.41633e-05,7.08165e-05,1
25160,25165,25162.5,1.41633e-05,7.08165e-05,1
25290,25295,25292.5,1.41633e-05,7.08165e-05,1
25375,25380,25377.5,2.83266e-05,0.000141633,2
25515,25520,25517.5,1.41633e-05,7.08165e-05,1
25640,25645,25642.5,1.41633e-05,7.08165e-05,1
25680,25685,25682.5,1.41633e-05,7.08165e-05,1
25925,25930,25927.5,1.41633e-05,7.08165e-05,1
26145,26150,26147.5,1.41633e-05,7.08165e-05,1
26480,26485,26482.5,1.41633e-05,7.08165e-05,1
26715,26720,26717.5,1.41633e-05,7.08165e-05,1
26895,26900,26897.5,1.41633e-05,7.08165e-05,1
27025,27030,27027.5,1.41633e-05,7.08165e-05,1
27625,27630,27627.5,1.41633e-05,7.08165e-05,1
27740,27745,27742.5,1.41633e-05,7.08165e-05,1
27770,27775,27772.5,1.41633e-05,7.08165e-05,1
27920,27925,27922.5,1.41633e-05,7.08165e-05,1
28040,28045,28042.5,1.41633e-05,7.08165e-05,1
28090,28095,28092.5,1.41633e-05,7.08165e-05,1
28210,28215,28212.5,1.41633e-05,7.08165e-05,1
28345,28350,28347.5,1.41633e-05,7.08165e-05,1
28645,28650,28647.5,1.41633e-05,7.08165e-05,1
28715,28720,28717.5,1.41633e-05,7.08165e-05,1
28890,28895,28892.5,1.41633e-05,7.08165e-05,1
28895,28900,28897.5,1.41633e-05,7.08165e-05,1
29015,29020,29017.5,1.41633e-05,7.08165e-05,1
29580,29585,29582.5,1.41633e-05,7.08165e-05,1
29765,29770,29767.5,1.41633e-05,7.08165e-05,1
30245,30250,30247.5,1.41633e-05,7.08165e-05,1
30595,30600,30597.5,1.41633e-05,7.08165e-05,1
31130,31135,31132.5,1.41633e-05,7.08165e-05,1
31390,31395,31392.5,1.41633e-05,7.08165e-05,1
31425,31430,31427.5,1.41633e-05,7.08165e-05,1
31800,31805,31802.5,1.41633e-05,7.08165e-05,1
32025,32030,32027.5,1.41633e-05,7.08165e-05,1
32145,32150,32147.5,1.41633e-05,7.08165e-05,1
32185,32190,32187.5,1.41633e-05,7.08165e-05,1
32385,32390,32387.5,1.41633e-05,7.08165e-05,1
32645,32650,32647.5,1.41633e-05,7.08165e-05,1
32775,32780,32777.5,1.41633e-05,7.08165e-05,1
32850,32855,32852.5,1.41633e-05,7.08165e-05,1
33280,33285,33282.5,1.41633e-05,7.08165e-05,1
33315,33320,33317.5,1.41633e-05,7.08165e-05,1
33605,33610,33607.5,1.41633e-05,7.08165e-05,1
33650,33655,33652.5,1.41633e-05,7.08165e-05,1
33780,33785,33782.5,1.41633e-05,7.08165e-05,1
34615,34620,34617.5,1.41633e-05,7.08165e-05,1
34905,34910,34907.5,1.41633e-05,7.08165e-05,1
35345,35350,35347.5,1.41633e-05,7.08165e-05,1
35470,35475,35472.5,1.41633e-05,7.08165e-05,1
36480,36485,36482.5,1.41633e-05,7.08165e-05,1
36575,36580,36577.5,1.41633e-05,7.08165e-05,1
37095,37100,37097.5,1.41633e-05,7.08165e-05,1
37170,37175,37172.5,1.41633e-05,7.08165e-05,1
37495,37500,37497.5,1.41633e-05,7.08165e-05,1
38840,38845,38842.5,1.41633e-05,7.08165e-05,1
39025,39030,39027.5,1.41633e-05,7.08165e-05,1
40200,40205,40202.5,1.41633e-05,7.08165e-05,1
50760,50765,50762.5,1.41633e-05,7.08165e-05,1
VO Delay PDF CSV saved: /home/nathanlo/ns-3.45/scratch/delay_pdf/11be/adaptive_compare_burst/adaptive2_k30_s3_all.csv

P-EDCA STA Delay PDF CSV saved: /home/nathanlo/ns-3.45/scratch/delay_pdf/11be/adaptive_compare_burst/adaptive2_k30_s3.csv
--- EXTENDED_STATS_BEGIN ---
PEDCA_STA_SUCC_COUNT: 14121
PEDCA_STA_FAIL_COUNT: 384
PEDCA_STA_ZERO_RETX: 14095
LEGACY_STA_SUCC_COUNT: 0
LEGACY_STA_FAIL_COUNT: 0
LEGACY_STA_ZERO_RETX: 0
PEDCA_STA_AVG_MAC_DELAY: 2789.01
PEDCA_STA_AVG_QUEUE_DELAY: 2444.4
PEDCA_STA_AVG_ACCESS_DELAY: 344.615
--- EXTENDED_STATS_END ---
