bin_start_us,bin_end_us,bin_mid_us,pdf_per_us,probability,count
215.0,220.0,217.5,1.2283126e-06,6.141563e-06,1
340.0,345.0,342.5,0.010535237,0.052676186,8577
345.0,350.0,347.5,0.017948104,0.089740519,14612
350.0,355.0,352.5,0.004565638,0.02282819,3717
355.0,360.0,357.5,0.0016926148,0.0084630739,1378
360.0,365.0,362.5,0.0012491939,0.0062459696,1017
365.0,370.0,367.5,0.00079717488,0.0039858744,649
370.0,375.0,372.5,0.00092369108,0.0046184554,752
375.0,380.0,377.5,0.00048027023,0.0024013511,391
380.0,385.0,382.5,0.00025180408,0.0012590204,205
385.0,390.0,387.5,0.00039674497,0.0019837249,323
390.0,395.0,392.5,0.0004778136,0.002389068,389
395.0,400.0,397.5,0.00050606479,0.002530324,412
400.0,405.0,402.5,0.0006817135,0.0034085675,555
405.0,410.0,407.5,0.00077383694,0.0038691847,630
410.0,415.0,412.5,0.0007406725,0.0037033625,603
415.0,420.0,417.5,0.00081559957,0.0040779979,664
420.0,425.0,422.5,0.0007603255,0.0038016275,619
425.0,430.0,427.5,0.00068785506,0.0034392753,560
430.0,435.0,432.5,0.00082174113,0.0041087057,669
435.0,440.0,437.5,0.00069399662,0.0034699831,565
440.0,445.0,442.5,0.00062275449,0.0031137725,507
445.0,450.0,447.5,0.00063626593,0.0031813296,518
450.0,455.0,452.5,0.00058713343,0.0029356671,478
455.0,460.0,457.5,0.00068908337,0.0034454169,561
460.0,465.0,462.5,0.00066328881,0.003316444,540
465.0,470.0,467.5,0.00064240749,0.0032120375,523
470.0,475.0,472.5,0.0006141563,0.0030707815,500
475.0,480.0,477.5,0.00065346231,0.0032673115,532
480.0,485.0,482.5,0.00063872255,0.0031936128,520
485.0,490.0,487.5,0.00063012437,0.0031506218,513
490.0,495.0,492.5,0.00060801474,0.0030400737,495
495.0,500.0,497.5,0.00089543989,0.0044771994,729
500.0,505.0,502.5,0.00089543989,0.0044771994,729
505.0,510.0,507.5,0.00087578689,0.0043789344,713
510.0,515.0,512.5,0.00086104714,0.0043052357,701
515.0,520.0,517.5,0.00084139413,0.0042069707,685
520.0,525.0,522.5,0.0007603255,0.0038016275,619
525.0,530.0,527.5,0.00083033932,0.0041516966,676
530.0,535.0,532.5,0.00070013819,0.0035006909,570
535.0,540.0,537.5,0.00076278213,0.0038139106,621
540.0,545.0,542.5,0.00075418394,0.0037709197,614
545.0,550.0,547.5,0.00079103332,0.0039551666,644
550.0,555.0,552.5,0.00076523875,0.0038261938,623
555.0,560.0,557.5,0.0008180562,0.004090281,666
560.0,565.0,562.5,0.00091877783,0.0045938891,748
565.0,570.0,567.5,0.00093965914,0.0046982957,765
570.0,575.0,572.5,0.0011509289,0.0057546446,937
575.0,580.0,577.5,0.0010784585,0.0053922923,878
580.0,585.0,582.5,0.0010084446,0.0050422232,821
585.0,590.0,587.5,0.00097036696,0.0048518348,790
590.0,595.0,592.5,0.00087333026,0.0043666513,711
595.0,600.0,597.5,0.00087947183,0.0043973591,716
600.0,605.0,602.5,0.00084507907,0.0042253954,688
605.0,610.0,607.5,0.00070996469,0.0035498234,578
610.0,615.0,612.5,0.00078734838,0.0039367419,641
615.0,620.0,617.5,0.00082911101,0.004145555,675
620.0,625.0,622.5,0.00080208813,0.0040104407,653
625.0,630.0,627.5,0.0007799785,0.0038998925,635
630.0,635.0,632.5,0.00072347612,0.0036173806,589
635.0,640.0,637.5,0.00075295563,0.0037647781,613
640.0,645.0,642.5,0.00079471826,0.0039735913,647
645.0,650.0,647.5,0.00082911101,0.004145555,675
650.0,655.0,652.5,0.00090403808,0.0045201904,736
655.0,660.0,657.5,0.00094088746,0.0047044373,766
660.0,665.0,662.5,0.0010023031,0.0050115154,816
665.0,670.0,667.5,0.00095562721,0.004778136,778
670.0,675.0,672.5,0.00082542607,0.0041271304,672
675.0,680.0,677.5,0.0008770152,0.004385076,714
680.0,685.0,682.5,0.00097650852,0.0048825426,795
685.0,690.0,687.5,0.00094825733,0.0047412867,772
690.0,695.0,692.5,0.00091017964,0.0045508982,741
695.0,700.0,697.5,0.00095071396,0.0047535698,774
700.0,705.0,702.5,0.00089543989,0.0044771994,729
705.0,710.0,707.5,0.00084139413,0.0042069707,685
710.0,715.0,712.5,0.00073821588,0.0036910794,601
715.0,720.0,717.5,0.00073821588,0.0036910794,601
720.0,725.0,722.5,0.00063135268,0.0031567634,514
725.0,730.0,727.5,0.00062029787,0.0031014893,505
730.0,735.0,732.5,0.00061784124,0.0030892062,503
735.0,740.0,737.5,0.00069522493,0.0034761247,566
740.0,745.0,742.5,0.00067680025,0.0033840012,551
745.0,750.0,747.5,0.00075418394,0.0037709197,614
750.0,755.0,752.5,0.00075418394,0.0037709197,614
755.0,760.0,757.5,0.00088438508,0.0044219254,720
760.0,765.0,762.5,0.00096054046,0.0048027023,782
765.0,770.0,767.5,0.00093474589,0.0046737295,761
770.0,775.0,772.5,0.00090895133,0.0045447566,740
775.0,780.0,777.5,0.0010637187,0.0053185936,866
780.0,785.0,782.5,0.0018007063,0.0090035314,1466
785.0,790.0,787.5,0.0011804084,0.0059020421,961
790.0,795.0,792.5,0.00051589129,0.0025794565,420
795.0,800.0,797.5,0.00046675879,0.002333794,380
800.0,805.0,802.5,0.00028374021,0.0014187011,231
805.0,810.0,807.5,0.00031567634,0.0015783817,257
810.0,815.0,812.5,0.00013020114,0.00065100568,106
815.0,820.0,817.5,0.00015845233,0.00079226163,129
820.0,825.0,822.5,0.00022846614,0.0011423307,186
825.0,830.0,827.5,0.00023092277,0.0011546138,188
830.0,835.0,832.5,0.00028742515,0.0014371257,234
835.0,840.0,837.5,0.00029970828,0.0014985414,244
840.0,845.0,842.5,0.00039797328,0.0019898664,324
845.0,850.0,847.5,0.00036726547,0.0018363273,299
850.0,855.0,852.5,0.00041271304,0.0020635652,336
855.0,860.0,857.5,0.00037217872,0.0018608936,303
860.0,865.0,862.5,0.00035006909,0.0017503455,285
865.0,870.0,867.5,0.00041271304,0.0020635652,336
870.0,875.0,872.5,0.00039674497,0.0019837249,323
875.0,880.0,877.5,0.0004188546,0.002094273,341
880.0,885.0,882.5,0.00037095041,0.001854752,302
885.0,890.0,887.5,0.00036480884,0.0018240442,297
890.0,895.0,892.5,0.00035006909,0.0017503455,285
895.0,900.0,897.5,0.00032427453,0.0016213726,264
900.0,905.0,902.5,0.00031444803,0.0015722401,256
905.0,910.0,907.5,0.00036603716,0.0018301858,298
910.0,915.0,912.5,0.00028005527,0.0014002764,228
915.0,920.0,917.5,0.00034884078,0.0017442039,284
920.0,925.0,922.5,0.00033778597,0.0016889298,275
925.0,930.0,927.5,0.00032427453,0.0016213726,264
930.0,935.0,932.5,0.00041394135,0.0020697067,337
935.0,940.0,937.5,0.00046921542,0.0023460771,382
940.0,945.0,942.5,0.00043973591,0.0021986796,358
945.0,950.0,947.5,0.00044587748,0.0022293874,363
950.0,955.0,952.5,0.00038691847,0.0019345924,315
955.0,960.0,957.5,0.00033532934,0.0016766467,273
960.0,965.0,962.5,0.00039674497,0.0019837249,323
965.0,970.0,967.5,0.0003316444,0.001658222,270
970.0,975.0,972.5,0.00033410103,0.0016705051,272
975.0,980.0,977.5,0.00032673115,0.0016336558,266
980.0,985.0,982.5,0.00039060341,0.001953017,318
985.0,990.0,987.5,0.00037463534,0.0018731767,305
990.0,995.0,992.5,0.00042376785,0.0021188392,345
995.0,1000.0,997.5,0.00038200522,0.0019100261,311
1000.0,1005.0,1002.5,0.00043113772,0.0021556886,351
1005.0,1010.0,1007.5,0.00039797328,0.0019898664,324
1010.0,1015.0,1012.5,0.00041516966,0.0020758483,338
1015.0,1020.0,1017.5,0.00052694611,0.0026347305,429
1020.0,1025.0,1022.5,0.00063749424,0.0031874712,519
1025.0,1030.0,1027.5,0.00057976355,0.0028988177,472
1030.0,1035.0,1032.5,0.00058222018,0.0029111009,474
1035.0,1040.0,1037.5,0.00054905573,0.0027452787,447
1040.0,1045.0,1042.5,0.00047290035,0.0023645018,385
1045.0,1050.0,1047.5,0.00044342085,0.0022171043,361
1050.0,1055.0,1052.5,0.0005355443,0.0026777215,436
1055.0,1060.0,1057.5,0.00047044373,0.0023522186,383
1060.0,1065.0,1062.5,0.00057116536,0.0028558268,465
1065.0,1070.0,1067.5,0.00058713343,0.0029356671,478
1070.0,1075.0,1072.5,0.00051834792,0.0025917396,422
1075.0,1080.0,1077.5,0.00051834792,0.0025917396,422
1080.0,1085.0,1082.5,0.00049500998,0.0024750499,403
1085.0,1090.0,1087.5,0.00041271304,0.0020635652,336
1090.0,1095.0,1092.5,0.00035866728,0.0017933364,292
1095.0,1100.0,1097.5,0.00040657147,0.0020328574,331
1100.0,1105.0,1102.5,0.00051343467,0.0025671733,418
1105.0,1110.0,1107.5,0.00054291417,0.0027145709,442
1110.0,1115.0,1112.5,0.00060555811,0.0030277906,493
1115.0,1120.0,1117.5,0.00053922923,0.0026961462,439
1120.0,1125.0,1122.5,0.00051097804,0.0025548902,416
1125.0,1130.0,1127.5,0.00050974973,0.0025487487,415
1130.0,1135.0,1132.5,0.00044219254,0.0022109627,360
1135.0,1140.0,1137.5,0.00047167204,0.0023583602,384
1140.0,1145.0,1142.5,0.00042131122,0.0021065561,343
1145.0,1150.0,1147.5,0.00045570398,0.0022785199,371
1150.0,1155.0,1152.5,0.00043727929,0.0021863964,356
1155.0,1160.0,1157.5,0.00042253954,0.0021126977,344
1160.0,1165.0,1162.5,0.00039797328,0.0019898664,324
1165.0,1170.0,1167.5,0.00034761247,0.0017380623,283
1170.0,1175.0,1172.5,0.00033041609,0.0016520805,269
1175.0,1180.0,1177.5,0.00039060341,0.001953017,318
1180.0,1185.0,1182.5,0.00034515584,0.0017257792,281
1185.0,1190.0,1187.5,0.00030953478,0.0015476739,252
1190.0,1195.0,1192.5,0.00038077691,0.0019038845,310
1195.0,1200.0,1197.5,0.00040779979,0.0020389989,332
1200.0,1205.0,1202.5,0.0004286811,0.0021434055,349
1205.0,1210.0,1207.5,0.00045693229,0.0022846614,372
1210.0,1215.0,1212.5,0.00040657147,0.0020328574,331
1215.0,1220.0,1217.5,0.00044096423,0.0022048211,359
1220.0,1225.0,1222.5,0.00055274067,0.0027637034,450
1225.0,1230.0,1227.5,0.00046061723,0.0023030861,375
1230.0,1235.0,1232.5,0.0003893751,0.0019468755,317
1235.0,1240.0,1237.5,0.00029725165,0.0014862583,242
1240.0,1245.0,1242.5,0.0002923384,0.001461692,238
1245.0,1250.0,1247.5,0.00017442039,0.00087210195,142
1250.0,1255.0,1252.5,0.0001658222,0.00082911101,135
1255.0,1260.0,1257.5,0.00019775833,0.00098879165,161
1260.0,1265.0,1262.5,0.00019898664,0.00099493321,162
1265.0,1270.0,1267.5,0.00019653002,0.00098265008,160
1270.0,1275.0,1272.5,0.00022969446,0.0011484723,187
1275.0,1280.0,1277.5,0.00021249808,0.0010624904,173
1280.0,1285.0,1282.5,0.00023952096,0.0011976048,195
1285.0,1290.0,1287.5,0.00025057577,0.0012528789,204
1290.0,1295.0,1292.5,0.00031076309,0.0015538154,253
1295.0,1300.0,1297.5,0.0002628589,0.0013142945,214
1300.0,1305.0,1302.5,0.0002923384,0.001461692,238
1305.0,1310.0,1307.5,0.00024811915,0.0012405957,202
1310.0,1315.0,1312.5,0.00025180408,0.0012590204,205
1315.0,1320.0,1317.5,0.00023952096,0.0011976048,195
1320.0,1325.0,1322.5,0.0002333794,0.001166897,190
1325.0,1330.0,1327.5,0.00023460771,0.0011730385,191
1330.0,1335.0,1332.5,0.00024811915,0.0012405957,202
1335.0,1340.0,1337.5,0.00021863964,0.0010931982,178
1340.0,1345.0,1342.5,0.0002432059,0.0012160295,198
1345.0,1350.0,1347.5,0.00022723783,0.0011361892,185
1350.0,1355.0,1352.5,0.00021249808,0.0010624904,173
1355.0,1360.0,1357.5,0.00020267158,0.0010133579,165
1360.0,1365.0,1362.5,0.00023829265,0.0011914632,194
1365.0,1370.0,1367.5,0.00020021495,0.0010010748,163
1370.0,1375.0,1372.5,0.0001756487,0.00087824351,143
1375.0,1380.0,1377.5,0.00020144327,0.0010072163,164
1380.0,1385.0,1382.5,0.00017933364,0.0008966682,146
1385.0,1390.0,1387.5,0.00017073545,0.00085367726,139
1390.0,1395.0,1392.5,0.00019898664,0.00099493321,162
1395.0,1400.0,1397.5,0.00027637034,0.0013818517,225
1400.0,1405.0,1402.5,0.00022969446,0.0011484723,187
1405.0,1410.0,1407.5,0.00022355289,0.0011177645,182
1410.0,1415.0,1412.5,0.00020267158,0.0010133579,165
1415.0,1420.0,1417.5,0.00020267158,0.0010133579,165
1420.0,1425.0,1422.5,0.00018670352,0.00093351758,152
1425.0,1430.0,1427.5,0.00021741133,0.0010870567,177
1430.0,1435.0,1432.5,0.00020512821,0.001025641,167
1435.0,1440.0,1437.5,0.00024689083,0.0012344542,201
1440.0,1445.0,1442.5,0.00018793183,0.00093965914,153
1445.0,1450.0,1447.5,0.00018670352,0.00093351758,152
1450.0,1455.0,1452.5,0.00021863964,0.0010931982,178
1455.0,1460.0,1457.5,0.00021618302,0.0010809151,176
1460.0,1465.0,1462.5,0.00022478121,0.001123906,183
1465.0,1470.0,1467.5,0.00023583602,0.0011791801,192
1470.0,1475.0,1472.5,0.00023829265,0.0011914632,194
1475.0,1480.0,1477.5,0.00022723783,0.0011361892,185
1480.0,1485.0,1482.5,0.00023460771,0.0011730385,191
1485.0,1490.0,1487.5,0.00021126977,0.0010563488,172
1490.0,1495.0,1492.5,0.00022478121,0.001123906,183
1495.0,1500.0,1497.5,0.00020635652,0.0010317826,168
1500.0,1505.0,1502.5,0.00023829265,0.0011914632,194
1505.0,1510.0,1507.5,0.00022232458,0.0011116229,181
1510.0,1515.0,1512.5,0.00023460771,0.0011730385,191
1515.0,1520.0,1517.5,0.00022600952,0.0011300476,184
1520.0,1525.0,1522.5,0.00024443421,0.001222171,199
1525.0,1530.0,1527.5,0.00022232458,0.0011116229,181
1530.0,1535.0,1532.5,0.00024811915,0.0012405957,202
1535.0,1540.0,1537.5,0.00021863964,0.0010931982,178
1540.0,1545.0,1542.5,0.00022969446,0.0011484723,187
1545.0,1550.0,1547.5,0.00022600952,0.0011300476,184
1550.0,1555.0,1552.5,0.00026777215,0.0013388607,218
1555.0,1560.0,1557.5,0.0002628589,0.0013142945,214
1560.0,1565.0,1562.5,0.00021495471,0.0010747735,175
1565.0,1570.0,1567.5,0.00023583602,0.0011791801,192
1570.0,1575.0,1572.5,0.00025426071,0.0012713035,207
1575.0,1580.0,1577.5,0.00028005527,0.0014002764,228
1580.0,1585.0,1582.5,0.00027759865,0.0013879932,226
1585.0,1590.0,1587.5,0.00021618302,0.0010809151,176
1590.0,1595.0,1592.5,0.00021618302,0.0010809151,176
1595.0,1600.0,1597.5,0.0002432059,0.0012160295,198
1600.0,1605.0,1602.5,0.00022109627,0.0011054813,180
1605.0,1610.0,1607.5,0.00022109627,0.0011054813,180
1610.0,1615.0,1612.5,0.00021618302,0.0010809151,176
1615.0,1620.0,1617.5,0.00021986796,0.0010993398,179
1620.0,1625.0,1622.5,0.00021986796,0.0010993398,179
1625.0,1630.0,1627.5,0.00020267158,0.0010133579,165
1630.0,1635.0,1632.5,0.00020512821,0.001025641,167
1635.0,1640.0,1637.5,0.00022846614,0.0011423307,186
1640.0,1645.0,1642.5,0.00020267158,0.0010133579,165
1645.0,1650.0,1647.5,0.00023829265,0.0011914632,194
1650.0,1655.0,1652.5,0.00024074927,0.0012037464,196
1655.0,1660.0,1657.5,0.00021741133,0.0010870567,177
1660.0,1665.0,1662.5,0.00027145709,0.0013572854,221
1665.0,1670.0,1667.5,0.00026040227,0.0013020114,212
1670.0,1675.0,1672.5,0.00021372639,0.001068632,174
1675.0,1680.0,1677.5,0.00022355289,0.0011177645,182
1680.0,1685.0,1682.5,0.00016459389,0.00082296945,134
1685.0,1690.0,1687.5,0.00015231076,0.00076155382,124
1690.0,1695.0,1692.5,0.00013511439,0.00067557193,110
1695.0,1700.0,1697.5,0.00016336558,0.00081682788,133
1700.0,1705.0,1702.5,0.00018670352,0.00093351758,152
1705.0,1710.0,1707.5,0.00014862583,0.00074312913,121
1710.0,1715.0,1712.5,0.00017687702,0.00088438508,144
1715.0,1720.0,1717.5,0.00016950714,0.0008475357,138
1720.0,1725.0,1722.5,0.00018056195,0.00090280977,147
1725.0,1730.0,1727.5,0.00014371257,0.00071856287,117
1730.0,1735.0,1732.5,0.0001559957,0.0007799785,127
1735.0,1740.0,1737.5,0.0001461692,0.000730846,119
1740.0,1745.0,1742.5,0.00015845233,0.00079226163,129
1745.0,1750.0,1747.5,0.00017810533,0.00089052664,145
1750.0,1755.0,1752.5,0.00014739751,0.00073698756,120
1755.0,1760.0,1757.5,0.00016705051,0.00083525257,136
1760.0,1765.0,1762.5,0.00018301858,0.00091509289,149
1765.0,1770.0,1767.5,0.00016090895,0.00080454476,131
1770.0,1775.0,1772.5,0.00014125595,0.00070627975,115
1775.0,1780.0,1777.5,0.00015108245,0.00075541225,123
1780.0,1785.0,1782.5,0.00017073545,0.00085367726,139
1785.0,1790.0,1787.5,0.0001756487,0.00087824351,143
1790.0,1795.0,1792.5,0.00014371257,0.00071856287,117
1795.0,1800.0,1797.5,0.0001559957,0.0007799785,127
1800.0,1805.0,1802.5,0.0001559957,0.0007799785,127
1805.0,1810.0,1807.5,0.00013511439,0.00067557193,110
1810.0,1815.0,1812.5,0.00011546138,0.00057730692,94
1815.0,1820.0,1817.5,0.00015968064,0.00079840319,130
1820.0,1825.0,1822.5,0.00011546138,0.00057730692,94
1825.0,1830.0,1827.5,0.00013879932,0.00069399662,113
1830.0,1835.0,1832.5,0.00014494089,0.00072470444,118
1835.0,1840.0,1837.5,0.00014862583,0.00074312913,121
1840.0,1845.0,1842.5,0.00014985414,0.00074927069,122
1845.0,1850.0,1847.5,0.00014002764,0.00070013819,114
1850.0,1855.0,1852.5,0.00011791801,0.00058959005,96
1855.0,1860.0,1857.5,0.00013265776,0.00066328881,108
1860.0,1865.0,1862.5,0.00013511439,0.00067557193,110
1865.0,1870.0,1867.5,0.00012160295,0.00060801474,99
1870.0,1875.0,1872.5,0.0001363427,0.0006817135,111
1875.0,1880.0,1877.5,0.00013265776,0.00066328881,108
1880.0,1885.0,1882.5,0.00012283126,0.0006141563,100
1885.0,1890.0,1887.5,0.00011054813,0.00055274067,90
1890.0,1895.0,1892.5,0.00012405957,0.00062029787,101
1895.0,1900.0,1897.5,0.00013879932,0.00069399662,113
1900.0,1905.0,1902.5,0.00011423307,0.00057116536,93
1905.0,1910.0,1907.5,0.00012774451,0.00063872255,104
1910.0,1915.0,1912.5,0.00014125595,0.00070627975,115
1915.0,1920.0,1917.5,0.00013757101,0.00068785506,112
1920.0,1925.0,1922.5,0.00015722401,0.00078612007,128
1925.0,1930.0,1927.5,0.00013511439,0.00067557193,110
1930.0,1935.0,1932.5,0.0001363427,0.0006817135,111
1935.0,1940.0,1937.5,0.00012160295,0.00060801474,99
1940.0,1945.0,1942.5,0.00012774451,0.00063872255,104
1945.0,1950.0,1947.5,0.00011423307,0.00057116536,93
1950.0,1955.0,1952.5,0.00011791801,0.00058959005,96
1955.0,1960.0,1957.5,0.00010072163,0.00050360817,82
1960.0,1965.0,1962.5,0.00013511439,0.00067557193,110
1965.0,1970.0,1967.5,0.00011791801,0.00058959005,96
1970.0,1975.0,1972.5,0.00011054813,0.00055274067,90
1975.0,1980.0,1977.5,0.00012037464,0.00060187318,98
1980.0,1985.0,1982.5,0.00010317826,0.00051589129,84
1985.0,1990.0,1987.5,0.00011914632,0.00059573161,97
1990.0,1995.0,1992.5,0.00012283126,0.0006141563,100
1995.0,2000.0,1997.5,0.00010931982,0.00054659911,89
2000.0,2005.0,2002.5,0.00013879932,0.00069399662,113
2005.0,2010.0,2007.5,9.7036696e-05,0.00048518348,79
2010.0,2015.0,2012.5,0.00014002764,0.00070013819,114
2015.0,2020.0,2017.5,0.0001559957,0.0007799785,127
2020.0,2025.0,2022.5,0.00011054813,0.00055274067,90
2025.0,2030.0,2027.5,0.00015231076,0.00076155382,124
2030.0,2035.0,2032.5,0.00012774451,0.00063872255,104
2035.0,2040.0,2037.5,0.00011791801,0.00058959005,96
2040.0,2045.0,2042.5,9.2123445e-05,0.00046061723,75
2045.0,2050.0,2047.5,0.00010072163,0.00050360817,82
2050.0,2055.0,2052.5,0.0001166897,0.00058344849,95
2055.0,2060.0,2057.5,0.00012897282,0.00064486412,105
2060.0,2065.0,2062.5,8.966682e-05,0.0004483341,73
2065.0,2070.0,2067.5,0.00010563488,0.00052817442,86
2070.0,2075.0,2072.5,0.00010194995,0.00050974973,83
2075.0,2080.0,2077.5,9.7036696e-05,0.00048518348,79
2080.0,2085.0,2082.5,0.00011054813,0.00055274067,90
2085.0,2090.0,2087.5,0.00011423307,0.00057116536,93
2090.0,2095.0,2092.5,0.00010194995,0.00050974973,83
2095.0,2100.0,2097.5,0.00013388607,0.00066943037,109
2100.0,2105.0,2102.5,0.00011791801,0.00058959005,96
2105.0,2110.0,2107.5,0.0001166897,0.00058344849,95
2110.0,2115.0,2112.5,0.00015231076,0.00076155382,124
2115.0,2120.0,2117.5,9.4580071e-05,0.00047290035,77
2120.0,2125.0,2122.5,0.00011791801,0.00058959005,96
2125.0,2130.0,2127.5,9.9493321e-05,0.00049746661,81
2130.0,2135.0,2132.5,7.9840319e-05,0.0003992016,65
2135.0,2140.0,2137.5,0.00010931982,0.00054659911,89
2140.0,2145.0,2142.5,0.00010563488,0.00052817442,86
2145.0,2150.0,2147.5,0.00011300476,0.0005650238,92
2150.0,2155.0,2152.5,0.0001068632,0.00053431598,87
2155.0,2160.0,2157.5,0.00011300476,0.0005650238,92
2160.0,2165.0,2162.5,0.00010194995,0.00050974973,83
2165.0,2170.0,2167.5,7.2470444e-05,0.00036235222,59
2170.0,2175.0,2172.5,8.5981882e-05,0.00042990941,70
2175.0,2180.0,2177.5,0.00011177645,0.00055888224,91
2180.0,2185.0,2182.5,9.9493321e-05,0.00049746661,81
2185.0,2190.0,2187.5,0.00010809151,0.00054045755,88
2190.0,2195.0,2192.5,8.966682e-05,0.0004483341,73
2195.0,2200.0,2197.5,9.4580071e-05,0.00047290035,77
2200.0,2205.0,2202.5,9.4580071e-05,0.00047290035,77
2205.0,2210.0,2207.5,0.00010317826,0.00051589129,84
2210.0,2215.0,2212.5,0.00010317826,0.00051589129,84
2215.0,2220.0,2217.5,9.0895133e-05,0.00045447566,74
2220.0,2225.0,2222.5,8.5981882e-05,0.00042990941,70
2225.0,2230.0,2227.5,0.00010563488,0.00052817442,86
2230.0,2235.0,2232.5,9.7036696e-05,0.00048518348,79
2235.0,2240.0,2237.5,9.0895133e-05,0.00045447566,74
2240.0,2245.0,2242.5,9.4580071e-05,0.00047290035,77
2245.0,2250.0,2247.5,9.8265008e-05,0.00049132504,80
2250.0,2255.0,2252.5,9.4580071e-05,0.00047290035,77
2255.0,2260.0,2257.5,8.5981882e-05,0.00042990941,70
2260.0,2265.0,2262.5,0.00012897282,0.00064486412,105
2265.0,2270.0,2267.5,9.5808383e-05,0.00047904192,78
2270.0,2275.0,2272.5,6.6328881e-05,0.0003316444,54
2275.0,2280.0,2277.5,0.00010440657,0.00052203286,85
2280.0,2285.0,2282.5,8.966682e-05,0.0004483341,73
2285.0,2290.0,2287.5,7.8612007e-05,0.00039306003,64
2290.0,2295.0,2292.5,7.9840319e-05,0.0003992016,65
2295.0,2300.0,2297.5,7.0013819e-05,0.00035006909,57
2300.0,2305.0,2302.5,8.1068632e-05,0.00040534316,66
2305.0,2310.0,2307.5,6.141563e-05,0.00030707815,50
2310.0,2315.0,2312.5,8.1068632e-05,0.00040534316,66
2315.0,2320.0,2317.5,6.8785506e-05,0.00034392753,56
2320.0,2325.0,2322.5,6.5100568e-05,0.00032550284,53
2325.0,2330.0,2327.5,7.2470444e-05,0.00036235222,59
2330.0,2335.0,2332.5,7.8612007e-05,0.00039306003,64
2335.0,2340.0,2337.5,7.9840319e-05,0.0003992016,65
2340.0,2345.0,2342.5,7.3698756e-05,0.00036849378,60
2345.0,2350.0,2347.5,6.8785506e-05,0.00034392753,56
2350.0,2355.0,2352.5,6.8785506e-05,0.00034392753,56
2355.0,2360.0,2357.5,6.5100568e-05,0.00032550284,53
2360.0,2365.0,2362.5,5.4045755e-05,0.00027022877,44
2365.0,2370.0,2367.5,6.0187318e-05,0.00030093659,49
2370.0,2375.0,2372.5,7.2470444e-05,0.00036235222,59
2375.0,2380.0,2377.5,7.6155382e-05,0.00038077691,62
2380.0,2385.0,2382.5,5.5274067e-05,0.00027637034,45
2385.0,2390.0,2387.5,5.1589129e-05,0.00025794565,42
2390.0,2395.0,2392.5,6.7557193e-05,0.00033778597,55
2395.0,2400.0,2397.5,5.650238e-05,0.0002825119,46
2400.0,2405.0,2402.5,5.650238e-05,0.0002825119,46
2405.0,2410.0,2407.5,7.4927069e-05,0.00037463534,61
2410.0,2415.0,2412.5,7.7383694e-05,0.00038691847,63
2415.0,2420.0,2417.5,7.9840319e-05,0.0003992016,65
2420.0,2425.0,2422.5,4.9132504e-05,0.00024566252,40
2425.0,2430.0,2427.5,7.8612007e-05,0.00039306003,64
2430.0,2435.0,2432.5,6.141563e-05,0.00030707815,50
2435.0,2440.0,2437.5,4.7904192e-05,0.00023952096,39
2440.0,2445.0,2442.5,8.2296945e-05,0.00041148472,67
2445.0,2450.0,2447.5,6.3872255e-05,0.00031936128,52
2450.0,2455.0,2452.5,5.7730692e-05,0.00028865346,47
2455.0,2460.0,2457.5,5.4045755e-05,0.00027022877,44
2460.0,2465.0,2462.5,7.1242131e-05,0.00035621066,58
2465.0,2470.0,2467.5,6.6328881e-05,0.0003316444,54
2470.0,2475.0,2472.5,6.8785506e-05,0.00034392753,56
2475.0,2480.0,2477.5,4.6675879e-05,0.0002333794,38
2480.0,2485.0,2482.5,5.4045755e-05,0.00027022877,44
2485.0,2490.0,2487.5,6.5100568e-05,0.00032550284,53
2490.0,2495.0,2492.5,6.141563e-05,0.00030707815,50
2495.0,2500.0,2497.5,5.8959005e-05,0.00029479503,48
2500.0,2505.0,2502.5,5.4045755e-05,0.00027022877,44
2505.0,2510.0,2507.5,6.6328881e-05,0.0003316444,54
2510.0,2515.0,2512.5,6.141563e-05,0.00030707815,50
2515.0,2520.0,2517.5,5.8959005e-05,0.00029479503,48
2520.0,2525.0,2522.5,5.1589129e-05,0.00025794565,42
2525.0,2530.0,2527.5,5.650238e-05,0.0002825119,46
2530.0,2535.0,2532.5,5.650238e-05,0.0002825119,46
2535.0,2540.0,2537.5,7.1242131e-05,0.00035621066,58
2540.0,2545.0,2542.5,5.1589129e-05,0.00025794565,42
2545.0,2550.0,2547.5,7.9840319e-05,0.0003992016,65
2550.0,2555.0,2552.5,4.9132504e-05,0.00024566252,40
2555.0,2560.0,2557.5,5.1589129e-05,0.00025794565,42
2560.0,2565.0,2562.5,6.8785506e-05,0.00034392753,56
2565.0,2570.0,2567.5,4.6675879e-05,0.0002333794,38
2570.0,2575.0,2572.5,6.5100568e-05,0.00032550284,53
2575.0,2580.0,2577.5,6.5100568e-05,0.00032550284,53
2580.0,2585.0,2582.5,6.5100568e-05,0.00032550284,53
2585.0,2590.0,2587.5,7.9840319e-05,0.0003992016,65
2590.0,2595.0,2592.5,7.9840319e-05,0.0003992016,65
2595.0,2600.0,2597.5,6.141563e-05,0.00030707815,50
2600.0,2605.0,2602.5,4.9132504e-05,0.00024566252,40
2605.0,2610.0,2607.5,6.3872255e-05,0.00031936128,52
2610.0,2615.0,2612.5,6.0187318e-05,0.00030093659,49
2615.0,2620.0,2617.5,6.141563e-05,0.00030707815,50
2620.0,2625.0,2622.5,4.9132504e-05,0.00024566252,40
2625.0,2630.0,2627.5,5.2817442e-05,0.00026408721,43
2630.0,2635.0,2632.5,6.3872255e-05,0.00031936128,52
2635.0,2640.0,2637.5,3.6849378e-05,0.00018424689,30
2640.0,2645.0,2642.5,4.6675879e-05,0.0002333794,38
2645.0,2650.0,2647.5,4.6675879e-05,0.0002333794,38
2650.0,2655.0,2652.5,3.8077691e-05,0.00019038845,31
2655.0,2660.0,2657.5,5.5274067e-05,0.00027637034,45
2660.0,2665.0,2662.5,5.8959005e-05,0.00029479503,48
2665.0,2670.0,2667.5,6.7557193e-05,0.00033778597,55
2670.0,2675.0,2672.5,5.4045755e-05,0.00027022877,44
2675.0,2680.0,2677.5,4.2990941e-05,0.00021495471,35
2680.0,2685.0,2682.5,5.2817442e-05,0.00026408721,43
2685.0,2690.0,2687.5,6.6328881e-05,0.0003316444,54
2690.0,2695.0,2692.5,5.5274067e-05,0.00027637034,45
2695.0,2700.0,2697.5,5.650238e-05,0.0002825119,46
2700.0,2705.0,2702.5,4.9132504e-05,0.00024566252,40
2705.0,2710.0,2707.5,4.6675879e-05,0.0002333794,38
2710.0,2715.0,2712.5,6.141563e-05,0.00030707815,50
2715.0,2720.0,2717.5,6.8785506e-05,0.00034392753,56
2720.0,2725.0,2722.5,5.2817442e-05,0.00026408721,43
2725.0,2730.0,2727.5,3.8077691e-05,0.00019038845,31
2730.0,2735.0,2732.5,4.1762629e-05,0.00020881314,34
2735.0,2740.0,2737.5,5.2817442e-05,0.00026408721,43
2740.0,2745.0,2742.5,4.0534316e-05,0.00020267158,33
2745.0,2750.0,2747.5,4.9132504e-05,0.00024566252,40
2750.0,2755.0,2752.5,6.0187318e-05,0.00030093659,49
2755.0,2760.0,2757.5,5.4045755e-05,0.00027022877,44
2760.0,2765.0,2762.5,6.6328881e-05,0.0003316444,54
2765.0,2770.0,2767.5,5.2817442e-05,0.00026408721,43
2770.0,2775.0,2772.5,4.7904192e-05,0.00023952096,39
2775.0,2780.0,2777.5,5.2817442e-05,0.00026408721,43
2780.0,2785.0,2782.5,5.4045755e-05,0.00027022877,44
2785.0,2790.0,2787.5,5.5274067e-05,0.00027637034,45
2790.0,2795.0,2792.5,5.0360817e-05,0.00025180408,41
2795.0,2800.0,2797.5,3.8077691e-05,0.00019038845,31
2800.0,2805.0,2802.5,4.1762629e-05,0.00020881314,34
2805.0,2810.0,2807.5,4.0534316e-05,0.00020267158,33
2810.0,2815.0,2812.5,5.5274067e-05,0.00027637034,45
2815.0,2820.0,2817.5,3.6849378e-05,0.00018424689,30
2820.0,2825.0,2822.5,5.4045755e-05,0.00027022877,44
2825.0,2830.0,2827.5,4.2990941e-05,0.00021495471,35
2830.0,2835.0,2832.5,4.7904192e-05,0.00023952096,39
2835.0,2840.0,2837.5,3.5621066e-05,0.00017810533,29
2840.0,2845.0,2842.5,4.0534316e-05,0.00020267158,33
2845.0,2850.0,2847.5,3.6849378e-05,0.00018424689,30
2850.0,2855.0,2852.5,3.316444e-05,0.0001658222,27
2855.0,2860.0,2857.5,3.4392753e-05,0.00017196376,28
2860.0,2865.0,2862.5,5.2817442e-05,0.00026408721,43
2865.0,2870.0,2867.5,3.8077691e-05,0.00019038845,31
2870.0,2875.0,2872.5,4.6675879e-05,0.0002333794,38
2875.0,2880.0,2877.5,3.4392753e-05,0.00017196376,28
2880.0,2885.0,2882.5,3.6849378e-05,0.00018424689,30
2885.0,2890.0,2887.5,3.5621066e-05,0.00017810533,29
2890.0,2895.0,2892.5,4.4219254e-05,0.00022109627,36
2895.0,2900.0,2897.5,3.1936128e-05,0.00015968064,26
2900.0,2905.0,2902.5,4.1762629e-05,0.00020881314,34
2905.0,2910.0,2907.5,3.5621066e-05,0.00017810533,29
2910.0,2915.0,2912.5,5.1589129e-05,0.00025794565,42
2915.0,2920.0,2917.5,3.9306003e-05,0.00019653002,32
2920.0,2925.0,2922.5,4.1762629e-05,0.00020881314,34
2925.0,2930.0,2927.5,3.8077691e-05,0.00019038845,31
2930.0,2935.0,2932.5,5.2817442e-05,0.00026408721,43
2935.0,2940.0,2937.5,4.1762629e-05,0.00020881314,34
2940.0,2945.0,2942.5,4.7904192e-05,0.00023952096,39
2945.0,2950.0,2947.5,2.9479503e-05,0.00014739751,24
2950.0,2955.0,2952.5,4.4219254e-05,0.00022109627,36
2955.0,2960.0,2957.5,4.7904192e-05,0.00023952096,39
2960.0,2965.0,2962.5,3.1936128e-05,0.00015968064,26
2965.0,2970.0,2967.5,3.9306003e-05,0.00019653002,32
2970.0,2975.0,2972.5,3.0707815e-05,0.00015353908,25
2975.0,2980.0,2977.5,4.9132504e-05,0.00024566252,40
2980.0,2985.0,2982.5,3.5621066e-05,0.00017810533,29
2985.0,2990.0,2987.5,3.8077691e-05,0.00019038845,31
2990.0,2995.0,2992.5,3.316444e-05,0.0001658222,27
2995.0,3000.0,2997.5,4.0534316e-05,0.00020267158,33
3000.0,3005.0,3002.5,3.8077691e-05,0.00019038845,31
3005.0,3010.0,3007.5,3.316444e-05,0.0001658222,27
3010.0,3015.0,3012.5,4.1762629e-05,0.00020881314,34
3015.0,3020.0,3017.5,2.5794565e-05,0.00012897282,21
3020.0,3025.0,3022.5,3.8077691e-05,0.00019038845,31
3025.0,3030.0,3027.5,5.2817442e-05,0.00026408721,43
3030.0,3035.0,3032.5,4.4219254e-05,0.00022109627,36
3035.0,3040.0,3037.5,4.1762629e-05,0.00020881314,34
3040.0,3045.0,3042.5,3.6849378e-05,0.00018424689,30
3045.0,3050.0,3047.5,3.8077691e-05,0.00019038845,31
3050.0,3055.0,3052.5,3.6849378e-05,0.00018424689,30
3055.0,3060.0,3057.5,4.0534316e-05,0.00020267158,33
3060.0,3065.0,3062.5,3.4392753e-05,0.00017196376,28
3065.0,3070.0,3067.5,4.6675879e-05,0.0002333794,38
3070.0,3075.0,3072.5,4.5447566e-05,0.00022723783,37
3075.0,3080.0,3077.5,3.4392753e-05,0.00017196376,28
3080.0,3085.0,3082.5,3.0707815e-05,0.00015353908,25
3085.0,3090.0,3087.5,3.5621066e-05,0.00017810533,29
3090.0,3095.0,3092.5,4.5447566e-05,0.00022723783,37
3095.0,3100.0,3097.5,4.6675879e-05,0.0002333794,38
3100.0,3105.0,3102.5,3.6849378e-05,0.00018424689,30
3105.0,3110.0,3107.5,2.9479503e-05,0.00014739751,24
3110.0,3115.0,3112.5,3.4392753e-05,0.00017196376,28
3115.0,3120.0,3117.5,2.7022877e-05,0.00013511439,22
3120.0,3125.0,3122.5,4.9132504e-05,0.00024566252,40
3125.0,3130.0,3127.5,2.9479503e-05,0.00014739751,24
3130.0,3135.0,3132.5,2.9479503e-05,0.00014739751,24
3135.0,3140.0,3137.5,3.316444e-05,0.0001658222,27
3140.0,3145.0,3142.5,3.5621066e-05,0.00017810533,29
3145.0,3150.0,3147.5,2.5794565e-05,0.00012897282,21
3150.0,3155.0,3152.5,5.0360817e-05,0.00025180408,41
3155.0,3160.0,3157.5,4.1762629e-05,0.00020881314,34
3160.0,3165.0,3162.5,2.5794565e-05,0.00012897282,21
3165.0,3170.0,3167.5,3.8077691e-05,0.00019038845,31
3170.0,3175.0,3172.5,3.0707815e-05,0.00015353908,25
3175.0,3180.0,3177.5,3.6849378e-05,0.00018424689,30
3180.0,3185.0,3182.5,3.5621066e-05,0.00017810533,29
3185.0,3190.0,3187.5,4.5447566e-05,0.00022723783,37
3190.0,3195.0,3192.5,3.1936128e-05,0.00015968064,26
3195.0,3200.0,3197.5,4.4219254e-05,0.00022109627,36
3200.0,3205.0,3202.5,4.0534316e-05,0.00020267158,33
3205.0,3210.0,3207.5,4.9132504e-05,0.00024566252,40
3210.0,3215.0,3212.5,2.825119e-05,0.00014125595,23
3215.0,3220.0,3217.5,2.7022877e-05,0.00013511439,22
3220.0,3225.0,3222.5,4.6675879e-05,0.0002333794,38
3225.0,3230.0,3227.5,3.1936128e-05,0.00015968064,26
3230.0,3235.0,3232.5,3.8077691e-05,0.00019038845,31
3235.0,3240.0,3237.5,3.9306003e-05,0.00019653002,32
3240.0,3245.0,3242.5,3.1936128e-05,0.00015968064,26
3245.0,3250.0,3247.5,3.6849378e-05,0.00018424689,30
3250.0,3255.0,3252.5,3.4392753e-05,0.00017196376,28
3255.0,3260.0,3257.5,3.4392753e-05,0.00017196376,28
3260.0,3265.0,3262.5,2.333794e-05,0.0001166897,19
3265.0,3270.0,3267.5,4.0534316e-05,0.00020267158,33
3270.0,3275.0,3272.5,3.8077691e-05,0.00019038845,31
3275.0,3280.0,3277.5,3.4392753e-05,0.00017196376,28
3280.0,3285.0,3282.5,4.0534316e-05,0.00020267158,33
3285.0,3290.0,3287.5,3.1936128e-05,0.00015968064,26
3290.0,3295.0,3292.5,2.5794565e-05,0.00012897282,21
3295.0,3300.0,3297.5,3.8077691e-05,0.00019038845,31
3300.0,3305.0,3302.5,4.0534316e-05,0.00020267158,33
3305.0,3310.0,3307.5,3.1936128e-05,0.00015968064,26
3310.0,3315.0,3312.5,3.5621066e-05,0.00017810533,29
3315.0,3320.0,3317.5,3.5621066e-05,0.00017810533,29
3320.0,3325.0,3322.5,4.1762629e-05,0.00020881314,34
3325.0,3330.0,3327.5,2.7022877e-05,0.00013511439,22
3330.0,3335.0,3332.5,3.5621066e-05,0.00017810533,29
3335.0,3340.0,3337.5,2.825119e-05,0.00014125595,23
3340.0,3345.0,3342.5,2.825119e-05,0.00014125595,23
3345.0,3350.0,3347.5,2.9479503e-05,0.00014739751,24
3350.0,3355.0,3352.5,3.4392753e-05,0.00017196376,28
3355.0,3360.0,3357.5,2.9479503e-05,0.00014739751,24
3360.0,3365.0,3362.5,3.1936128e-05,0.00015968064,26
3365.0,3370.0,3367.5,3.0707815e-05,0.00015353908,25
3370.0,3375.0,3372.5,3.9306003e-05,0.00019653002,32
3375.0,3380.0,3377.5,3.6849378e-05,0.00018424689,30
3380.0,3385.0,3382.5,3.0707815e-05,0.00015353908,25
3385.0,3390.0,3387.5,3.4392753e-05,0.00017196376,28
3390.0,3395.0,3392.5,3.8077691e-05,0.00019038845,31
3395.0,3400.0,3397.5,3.6849378e-05,0.00018424689,30
3400.0,3405.0,3402.5,3.5621066e-05,0.00017810533,29
3405.0,3410.0,3407.5,3.316444e-05,0.0001658222,27
3410.0,3415.0,3412.5,3.9306003e-05,0.00019653002,32
3415.0,3420.0,3417.5,2.7022877e-05,0.00013511439,22
3420.0,3425.0,3422.5,3.1936128e-05,0.00015968064,26
3425.0,3430.0,3427.5,3.0707815e-05,0.00015353908,25
3430.0,3435.0,3432.5,2.9479503e-05,0.00014739751,24
3435.0,3440.0,3437.5,3.1936128e-05,0.00015968064,26
3440.0,3445.0,3442.5,3.5621066e-05,0.00017810533,29
3445.0,3450.0,3447.5,2.9479503e-05,0.00014739751,24
3450.0,3455.0,3452.5,4.5447566e-05,0.00022723783,37
3455.0,3460.0,3457.5,3.4392753e-05,0.00017196376,28
3460.0,3465.0,3462.5,2.7022877e-05,0.00013511439,22
3465.0,3470.0,3467.5,2.4566252e-05,0.00012283126,20
3470.0,3475.0,3472.5,2.4566252e-05,0.00012283126,20
3475.0,3480.0,3477.5,3.8077691e-05,0.00019038845,31
3480.0,3485.0,3482.5,3.0707815e-05,0.00015353908,25
3485.0,3490.0,3487.5,3.1936128e-05,0.00015968064,26
3490.0,3495.0,3492.5,2.2109627e-05,0.00011054813,18
3495.0,3500.0,3497.5,3.8077691e-05,0.00019038845,31
3500.0,3505.0,3502.5,4.6675879e-05,0.0002333794,38
3505.0,3510.0,3507.5,3.1936128e-05,0.00015968064,26
3510.0,3515.0,3512.5,2.9479503e-05,0.00014739751,24
3515.0,3520.0,3517.5,3.5621066e-05,0.00017810533,29
3520.0,3525.0,3522.5,2.4566252e-05,0.00012283126,20
3525.0,3530.0,3527.5,4.0534316e-05,0.00020267158,33
3530.0,3535.0,3532.5,2.825119e-05,0.00014125595,23
3535.0,3540.0,3537.5,3.4392753e-05,0.00017196376,28
3540.0,3545.0,3542.5,3.8077691e-05,0.00019038845,31
3545.0,3550.0,3547.5,3.4392753e-05,0.00017196376,28
3550.0,3555.0,3552.5,3.1936128e-05,0.00015968064,26
3555.0,3560.0,3557.5,3.316444e-05,0.0001658222,27
3560.0,3565.0,3562.5,2.4566252e-05,0.00012283126,20
3565.0,3570.0,3567.5,3.0707815e-05,0.00015353908,25
3570.0,3575.0,3572.5,2.9479503e-05,0.00014739751,24
3575.0,3580.0,3577.5,3.8077691e-05,0.00019038845,31
3580.0,3585.0,3582.5,3.6849378e-05,0.00018424689,30
3585.0,3590.0,3587.5,2.9479503e-05,0.00014739751,24
3590.0,3595.0,3592.5,2.4566252e-05,0.00012283126,20
3595.0,3600.0,3597.5,3.0707815e-05,0.00015353908,25
3600.0,3605.0,3602.5,3.0707815e-05,0.00015353908,25
3605.0,3610.0,3607.5,4.5447566e-05,0.00022723783,37
3610.0,3615.0,3612.5,2.825119e-05,0.00014125595,23
3615.0,3620.0,3617.5,3.6849378e-05,0.00018424689,30
3620.0,3625.0,3622.5,3.1936128e-05,0.00015968064,26
3625.0,3630.0,3627.5,3.4392753e-05,0.00017196376,28
3630.0,3635.0,3632.5,1.8424689e-05,9.2123445e-05,15
3635.0,3640.0,3637.5,3.0707815e-05,0.00015353908,25
3640.0,3645.0,3642.5,4.0534316e-05,0.00020267158,33
3645.0,3650.0,3647.5,3.6849378e-05,0.00018424689,30
3650.0,3655.0,3652.5,3.316444e-05,0.0001658222,27
3655.0,3660.0,3657.5,3.316444e-05,0.0001658222,27
3660.0,3665.0,3662.5,2.825119e-05,0.00014125595,23
3665.0,3670.0,3667.5,2.825119e-05,0.00014125595,23
3670.0,3675.0,3672.5,3.8077691e-05,0.00019038845,31
3675.0,3680.0,3677.5,3.8077691e-05,0.00019038845,31
3680.0,3685.0,3682.5,3.6849378e-05,0.00018424689,30
3685.0,3690.0,3687.5,3.1936128e-05,0.00015968064,26
3690.0,3695.0,3692.5,2.825119e-05,0.00014125595,23
3695.0,3700.0,3697.5,2.0881314e-05,0.00010440657,17
3700.0,3705.0,3702.5,2.9479503e-05,0.00014739751,24
3705.0,3710.0,3707.5,4.0534316e-05,0.00020267158,33
3710.0,3715.0,3712.5,2.825119e-05,0.00014125595,23
3715.0,3720.0,3717.5,2.333794e-05,0.0001166897,19
3720.0,3725.0,3722.5,2.0881314e-05,0.00010440657,17
3725.0,3730.0,3727.5,2.7022877e-05,0.00013511439,22
3730.0,3735.0,3732.5,2.825119e-05,0.00014125595,23
3735.0,3740.0,3737.5,2.333794e-05,0.0001166897,19
3740.0,3745.0,3742.5,2.0881314e-05,0.00010440657,17
3745.0,3750.0,3747.5,3.6849378e-05,0.00018424689,30
3750.0,3755.0,3752.5,2.333794e-05,0.0001166897,19
3755.0,3760.0,3757.5,3.0707815e-05,0.00015353908,25
3760.0,3765.0,3762.5,2.333794e-05,0.0001166897,19
3765.0,3770.0,3767.5,2.9479503e-05,0.00014739751,24
3770.0,3775.0,3772.5,2.333794e-05,0.0001166897,19
3775.0,3780.0,3777.5,2.333794e-05,0.0001166897,19
3780.0,3785.0,3782.5,3.9306003e-05,0.00019653002,32
3785.0,3790.0,3787.5,3.4392753e-05,0.00017196376,28
3790.0,3795.0,3792.5,3.5621066e-05,0.00017810533,29
3795.0,3800.0,3797.5,2.9479503e-05,0.00014739751,24
3800.0,3805.0,3802.5,2.5794565e-05,0.00012897282,21
3805.0,3810.0,3807.5,3.4392753e-05,0.00017196376,28
3810.0,3815.0,3812.5,3.316444e-05,0.0001658222,27
3815.0,3820.0,3817.5,2.825119e-05,0.00014125595,23
3820.0,3825.0,3822.5,2.5794565e-05,0.00012897282,21
3825.0,3830.0,3827.5,1.9653002e-05,9.8265008e-05,16
3830.0,3835.0,3832.5,2.7022877e-05,0.00013511439,22
3835.0,3840.0,3837.5,2.9479503e-05,0.00014739751,24
3840.0,3845.0,3842.5,3.4392753e-05,0.00017196376,28
3845.0,3850.0,3847.5,3.5621066e-05,0.00017810533,29
3850.0,3855.0,3852.5,2.9479503e-05,0.00014739751,24
3855.0,3860.0,3857.5,1.5968064e-05,7.9840319e-05,13
3860.0,3865.0,3862.5,2.7022877e-05,0.00013511439,22
3865.0,3870.0,3867.5,2.5794565e-05,0.00012897282,21
3870.0,3875.0,3872.5,3.4392753e-05,0.00017196376,28
3875.0,3880.0,3877.5,2.7022877e-05,0.00013511439,22
3880.0,3885.0,3882.5,2.9479503e-05,0.00014739751,24
3885.0,3890.0,3887.5,3.1936128e-05,0.00015968064,26
3890.0,3895.0,3892.5,2.825119e-05,0.00014125595,23
3895.0,3900.0,3897.5,2.825119e-05,0.00014125595,23
3900.0,3905.0,3902.5,1.8424689e-05,9.2123445e-05,15
3905.0,3910.0,3907.5,2.9479503e-05,0.00014739751,24
3910.0,3915.0,3912.5,2.4566252e-05,0.00012283126,20
3915.0,3920.0,3917.5,2.7022877e-05,0.00013511439,22
3920.0,3925.0,3922.5,2.2109627e-05,0.00011054813,18
3925.0,3930.0,3927.5,2.7022877e-05,0.00013511439,22
3930.0,3935.0,3932.5,2.825119e-05,0.00014125595,23
3935.0,3940.0,3937.5,2.5794565e-05,0.00012897282,21
3940.0,3945.0,3942.5,1.2283126e-05,6.141563e-05,10
3945.0,3950.0,3947.5,2.4566252e-05,0.00012283126,20
3950.0,3955.0,3952.5,2.333794e-05,0.0001166897,19
3955.0,3960.0,3957.5,2.333794e-05,0.0001166897,19
3960.0,3965.0,3962.5,2.7022877e-05,0.00013511439,22
3965.0,3970.0,3967.5,3.4392753e-05,0.00017196376,28
3970.0,3975.0,3972.5,2.333794e-05,0.0001166897,19
3975.0,3980.0,3977.5,2.0881314e-05,0.00010440657,17
3980.0,3985.0,3982.5,2.825119e-05,0.00014125595,23
3985.0,3990.0,3987.5,3.0707815e-05,0.00015353908,25
3990.0,3995.0,3992.5,2.5794565e-05,0.00012897282,21
3995.0,4000.0,3997.5,2.2109627e-05,0.00011054813,18
4000.0,4005.0,4002.5,2.825119e-05,0.00014125595,23
4005.0,4010.0,4007.5,1.7196376e-05,8.5981882e-05,14
4010.0,4015.0,4012.5,2.2109627e-05,0.00011054813,18
4015.0,4020.0,4017.5,1.5968064e-05,7.9840319e-05,13
4020.0,4025.0,4022.5,2.333794e-05,0.0001166897,19
4025.0,4030.0,4027.5,2.5794565e-05,0.00012897282,21
4030.0,4035.0,4032.5,3.1936128e-05,0.00015968064,26
4035.0,4040.0,4037.5,3.0707815e-05,0.00015353908,25
4040.0,4045.0,4042.5,1.3511439e-05,6.7557193e-05,11
4045.0,4050.0,4047.5,3.316444e-05,0.0001658222,27
4050.0,4055.0,4052.5,2.7022877e-05,0.00013511439,22
4055.0,4060.0,4057.5,2.5794565e-05,0.00012897282,21
4060.0,4065.0,4062.5,1.8424689e-05,9.2123445e-05,15
4065.0,4070.0,4067.5,3.8077691e-05,0.00019038845,31
4070.0,4075.0,4072.5,2.333794e-05,0.0001166897,19
4075.0,4080.0,4077.5,3.0707815e-05,0.00015353908,25
4080.0,4085.0,4082.5,2.2109627e-05,0.00011054813,18
4085.0,4090.0,4087.5,2.0881314e-05,0.00010440657,17
4090.0,4095.0,4092.5,2.9479503e-05,0.00014739751,24
4095.0,4100.0,4097.5,2.825119e-05,0.00014125595,23
4100.0,4105.0,4102.5,2.5794565e-05,0.00012897282,21
4105.0,4110.0,4107.5,1.7196376e-05,8.5981882e-05,14
4110.0,4115.0,4112.5,2.0881314e-05,0.00010440657,17
4115.0,4120.0,4117.5,2.4566252e-05,0.00012283126,20
4120.0,4125.0,4122.5,2.333794e-05,0.0001166897,19
4125.0,4130.0,4127.5,2.9479503e-05,0.00014739751,24
4130.0,4135.0,4132.5,2.825119e-05,0.00014125595,23
4135.0,4140.0,4137.5,3.4392753e-05,0.00017196376,28
4140.0,4145.0,4142.5,2.7022877e-05,0.00013511439,22
4145.0,4150.0,4147.5,2.0881314e-05,0.00010440657,17
4150.0,4155.0,4152.5,1.9653002e-05,9.8265008e-05,16
4155.0,4160.0,4157.5,2.5794565e-05,0.00012897282,21
4160.0,4165.0,4162.5,2.333794e-05,0.0001166897,19
4165.0,4170.0,4167.5,2.4566252e-05,0.00012283126,20
4170.0,4175.0,4172.5,2.7022877e-05,0.00013511439,22
4175.0,4180.0,4177.5,2.2109627e-05,0.00011054813,18
4180.0,4185.0,4182.5,1.9653002e-05,9.8265008e-05,16
4185.0,4190.0,4187.5,1.8424689e-05,9.2123445e-05,15
4190.0,4195.0,4192.5,1.8424689e-05,9.2123445e-05,15
4195.0,4200.0,4197.5,2.333794e-05,0.0001166897,19
4200.0,4205.0,4202.5,2.5794565e-05,0.00012897282,21
4205.0,4210.0,4207.5,6.141563e-06,3.0707815e-05,5
4210.0,4215.0,4212.5,2.0881314e-05,0.00010440657,17
4215.0,4220.0,4217.5,2.9479503e-05,0.00014739751,24
4220.0,4225.0,4222.5,2.4566252e-05,0.00012283126,20
4225.0,4230.0,4227.5,1.9653002e-05,9.8265008e-05,16
4230.0,4235.0,4232.5,2.7022877e-05,0.00013511439,22
4235.0,4240.0,4237.5,2.2109627e-05,0.00011054813,18
4240.0,4245.0,4242.5,1.8424689e-05,9.2123445e-05,15
4245.0,4250.0,4247.5,1.9653002e-05,9.8265008e-05,16
4250.0,4255.0,4252.5,2.333794e-05,0.0001166897,19
4255.0,4260.0,4257.5,1.7196376e-05,8.5981882e-05,14
4260.0,4265.0,4262.5,2.333794e-05,0.0001166897,19
4265.0,4270.0,4267.5,1.7196376e-05,8.5981882e-05,14
4270.0,4275.0,4272.5,1.9653002e-05,9.8265008e-05,16
4275.0,4280.0,4277.5,1.3511439e-05,6.7557193e-05,11
4280.0,4285.0,4282.5,1.8424689e-05,9.2123445e-05,15
4285.0,4290.0,4287.5,1.8424689e-05,9.2123445e-05,15
4290.0,4295.0,4292.5,1.7196376e-05,8.5981882e-05,14
4295.0,4300.0,4297.5,2.333794e-05,0.0001166897,19
4300.0,4305.0,4302.5,2.5794565e-05,0.00012897282,21
4305.0,4310.0,4307.5,2.333794e-05,0.0001166897,19
4310.0,4315.0,4312.5,2.0881314e-05,0.00010440657,17
4315.0,4320.0,4317.5,2.0881314e-05,0.00010440657,17
4320.0,4325.0,4322.5,8.5981882e-06,4.2990941e-05,7
4325.0,4330.0,4327.5,1.8424689e-05,9.2123445e-05,15
4330.0,4335.0,4332.5,2.2109627e-05,0.00011054813,18
4335.0,4340.0,4337.5,2.825119e-05,0.00014125595,23
4340.0,4345.0,4342.5,2.333794e-05,0.0001166897,19
4345.0,4350.0,4347.5,1.7196376e-05,8.5981882e-05,14
4350.0,4355.0,4352.5,1.5968064e-05,7.9840319e-05,13
4355.0,4360.0,4357.5,2.2109627e-05,0.00011054813,18
4360.0,4365.0,4362.5,2.0881314e-05,0.00010440657,17
4365.0,4370.0,4367.5,2.2109627e-05,0.00011054813,18
4370.0,4375.0,4372.5,2.7022877e-05,0.00013511439,22
4375.0,4380.0,4377.5,1.9653002e-05,9.8265008e-05,16
4380.0,4385.0,4382.5,3.4392753e-05,0.00017196376,28
4385.0,4390.0,4387.5,1.9653002e-05,9.8265008e-05,16
4390.0,4395.0,4392.5,2.7022877e-05,0.00013511439,22
4395.0,4400.0,4397.5,2.0881314e-05,0.00010440657,17
4400.0,4405.0,4402.5,2.5794565e-05,0.00012897282,21
4405.0,4410.0,4407.5,1.7196376e-05,8.5981882e-05,14
4410.0,4415.0,4412.5,2.5794565e-05,0.00012897282,21
4415.0,4420.0,4417.5,3.1936128e-05,0.00015968064,26
4420.0,4425.0,4422.5,1.8424689e-05,9.2123445e-05,15
4425.0,4430.0,4427.5,1.8424689e-05,9.2123445e-05,15
4430.0,4435.0,4432.5,1.9653002e-05,9.8265008e-05,16
4435.0,4440.0,4437.5,2.0881314e-05,0.00010440657,17
4440.0,4445.0,4442.5,1.5968064e-05,7.9840319e-05,13
4445.0,4450.0,4447.5,3.0707815e-05,0.00015353908,25
4450.0,4455.0,4452.5,2.4566252e-05,0.00012283126,20
4455.0,4460.0,4457.5,1.7196376e-05,8.5981882e-05,14
4460.0,4465.0,4462.5,2.4566252e-05,0.00012283126,20
4465.0,4470.0,4467.5,1.4739751e-05,7.3698756e-05,12
4470.0,4475.0,4472.5,2.9479503e-05,0.00014739751,24
4475.0,4480.0,4477.5,2.5794565e-05,0.00012897282,21
4480.0,4485.0,4482.5,1.8424689e-05,9.2123445e-05,15
4485.0,4490.0,4487.5,2.0881314e-05,0.00010440657,17
4490.0,4495.0,4492.5,1.4739751e-05,7.3698756e-05,12
4495.0,4500.0,4497.5,2.7022877e-05,0.00013511439,22
4500.0,4505.0,4502.5,1.9653002e-05,9.8265008e-05,16
4505.0,4510.0,4507.5,1.8424689e-05,9.2123445e-05,15
4510.0,4515.0,4512.5,2.2109627e-05,0.00011054813,18
4515.0,4520.0,4517.5,2.0881314e-05,0.00010440657,17
4520.0,4525.0,4522.5,1.4739751e-05,7.3698756e-05,12
4525.0,4530.0,4527.5,1.4739751e-05,7.3698756e-05,12
4530.0,4535.0,4532.5,2.2109627e-05,0.00011054813,18
4535.0,4540.0,4537.5,1.7196376e-05,8.5981882e-05,14
4540.0,4545.0,4542.5,1.2283126e-05,6.141563e-05,10
4545.0,4550.0,4547.5,1.7196376e-05,8.5981882e-05,14
4550.0,4555.0,4552.5,1.1054813e-05,5.5274067e-05,9
4555.0,4560.0,4557.5,1.4739751e-05,7.3698756e-05,12
4560.0,4565.0,4562.5,2.2109627e-05,0.00011054813,18
4565.0,4570.0,4567.5,2.9479503e-05,0.00014739751,24
4570.0,4575.0,4572.5,3.316444e-05,0.0001658222,27
4575.0,4580.0,4577.5,2.2109627e-05,0.00011054813,18
4580.0,4585.0,4582.5,1.8424689e-05,9.2123445e-05,15
4585.0,4590.0,4587.5,2.333794e-05,0.0001166897,19
4590.0,4595.0,4592.5,2.2109627e-05,0.00011054813,18
4595.0,4600.0,4597.5,2.9479503e-05,0.00014739751,24
4600.0,4605.0,4602.5,2.2109627e-05,0.00011054813,18
4605.0,4610.0,4607.5,3.4392753e-05,0.00017196376,28
4610.0,4615.0,4612.5,1.5968064e-05,7.9840319e-05,13
4615.0,4620.0,4617.5,2.0881314e-05,0.00010440657,17
4620.0,4625.0,4622.5,1.7196376e-05,8.5981882e-05,14
4625.0,4630.0,4627.5,1.5968064e-05,7.9840319e-05,13
4630.0,4635.0,4632.5,8.5981882e-06,4.2990941e-05,7
4635.0,4640.0,4637.5,2.0881314e-05,0.00010440657,17
4640.0,4645.0,4642.5,1.9653002e-05,9.8265008e-05,16
4645.0,4650.0,4647.5,1.9653002e-05,9.8265008e-05,16
4650.0,4655.0,4652.5,1.9653002e-05,9.8265008e-05,16
4655.0,4660.0,4657.5,2.4566252e-05,0.00012283126,20
4660.0,4665.0,4662.5,1.4739751e-05,7.3698756e-05,12
4665.0,4670.0,4667.5,1.3511439e-05,6.7557193e-05,11
4670.0,4675.0,4672.5,1.7196376e-05,8.5981882e-05,14
4675.0,4680.0,4677.5,2.333794e-05,0.0001166897,19
4680.0,4685.0,4682.5,1.5968064e-05,7.9840319e-05,13
4685.0,4690.0,4687.5,1.8424689e-05,9.2123445e-05,15
4690.0,4695.0,4692.5,1.9653002e-05,9.8265008e-05,16
4695.0,4700.0,4697.5,1.5968064e-05,7.9840319e-05,13
4700.0,4705.0,4702.5,1.9653002e-05,9.8265008e-05,16
4705.0,4710.0,4707.5,1.4739751e-05,7.3698756e-05,12
4710.0,4715.0,4712.5,1.4739751e-05,7.3698756e-05,12
4715.0,4720.0,4717.5,1.9653002e-05,9.8265008e-05,16
4720.0,4725.0,4722.5,1.2283126e-05,6.141563e-05,10
4725.0,4730.0,4727.5,1.1054813e-05,5.5274067e-05,9
4730.0,4735.0,4732.5,1.7196376e-05,8.5981882e-05,14
4735.0,4740.0,4737.5,2.7022877e-05,0.00013511439,22
4740.0,4745.0,4742.5,1.4739751e-05,7.3698756e-05,12
4745.0,4750.0,4747.5,1.7196376e-05,8.5981882e-05,14
4750.0,4755.0,4752.5,1.7196376e-05,8.5981882e-05,14
4755.0,4760.0,4757.5,1.2283126e-05,6.141563e-05,10
4760.0,4765.0,4762.5,1.1054813e-05,5.5274067e-05,9
4765.0,4770.0,4767.5,1.1054813e-05,5.5274067e-05,9
4770.0,4775.0,4772.5,1.7196376e-05,8.5981882e-05,14
4775.0,4780.0,4777.5,1.3511439e-05,6.7557193e-05,11
4780.0,4785.0,4782.5,2.0881314e-05,0.00010440657,17
4785.0,4790.0,4787.5,1.2283126e-05,6.141563e-05,10
4790.0,4795.0,4792.5,1.5968064e-05,7.9840319e-05,13
4795.0,4800.0,4797.5,1.9653002e-05,9.8265008e-05,16
4800.0,4805.0,4802.5,1.7196376e-05,8.5981882e-05,14
4805.0,4810.0,4807.5,1.4739751e-05,7.3698756e-05,12
4810.0,4815.0,4812.5,1.2283126e-05,6.141563e-05,10
4815.0,4820.0,4817.5,1.4739751e-05,7.3698756e-05,12
4820.0,4825.0,4822.5,7.3698756e-06,3.6849378e-05,6
4825.0,4830.0,4827.5,1.2283126e-05,6.141563e-05,10
4830.0,4835.0,4832.5,1.1054813e-05,5.5274067e-05,9
4835.0,4840.0,4837.5,1.2283126e-05,6.141563e-05,10
4840.0,4845.0,4842.5,2.0881314e-05,0.00010440657,17
4845.0,4850.0,4847.5,1.1054813e-05,5.5274067e-05,9
4850.0,4855.0,4852.5,9.8265008e-06,4.9132504e-05,8
4855.0,4860.0,4857.5,9.8265008e-06,4.9132504e-05,8
4860.0,4865.0,4862.5,1.4739751e-05,7.3698756e-05,12
4865.0,4870.0,4867.5,1.9653002e-05,9.8265008e-05,16
4870.0,4875.0,4872.5,1.2283126e-05,6.141563e-05,10
4875.0,4880.0,4877.5,1.5968064e-05,7.9840319e-05,13
4880.0,4885.0,4882.5,7.3698756e-06,3.6849378e-05,6
4885.0,4890.0,4887.5,1.5968064e-05,7.9840319e-05,13
4890.0,4895.0,4892.5,1.8424689e-05,9.2123445e-05,15
4895.0,4900.0,4897.5,1.4739751e-05,7.3698756e-05,12
4900.0,4905.0,4902.5,2.0881314e-05,0.00010440657,17
4905.0,4910.0,4907.5,1.4739751e-05,7.3698756e-05,12
4910.0,4915.0,4912.5,9.8265008e-06,4.9132504e-05,8
4915.0,4920.0,4917.5,1.2283126e-05,6.141563e-05,10
4920.0,4925.0,4922.5,1.5968064e-05,7.9840319e-05,13
4925.0,4930.0,4927.5,1.4739751e-05,7.3698756e-05,12
4930.0,4935.0,4932.5,1.5968064e-05,7.9840319e-05,13
4935.0,4940.0,4937.5,1.9653002e-05,9.8265008e-05,16
4940.0,4945.0,4942.5,1.1054813e-05,5.5274067e-05,9
4945.0,4950.0,4947.5,1.2283126e-05,6.141563e-05,10
4950.0,4955.0,4952.5,1.4739751e-05,7.3698756e-05,12
4955.0,4960.0,4957.5,9.8265008e-06,4.9132504e-05,8
4960.0,4965.0,4962.5,1.4739751e-05,7.3698756e-05,12
4965.0,4970.0,4967.5,1.3511439e-05,6.7557193e-05,11
4970.0,4975.0,4972.5,8.5981882e-06,4.2990941e-05,7
4975.0,4980.0,4977.5,1.7196376e-05,8.5981882e-05,14
4980.0,4985.0,4982.5,1.3511439e-05,6.7557193e-05,11
4985.0,4990.0,4987.5,9.8265008e-06,4.9132504e-05,8
4990.0,4995.0,4992.5,1.2283126e-05,6.141563e-05,10
4995.0,5000.0,4997.5,1.5968064e-05,7.9840319e-05,13
5000.0,5005.0,5002.5,2.333794e-05,0.0001166897,19
5005.0,5010.0,5007.5,1.7196376e-05,8.5981882e-05,14
5010.0,5015.0,5012.5,1.2283126e-05,6.141563e-05,10
5015.0,5020.0,5017.5,1.5968064e-05,7.9840319e-05,13
5020.0,5025.0,5022.5,1.2283126e-05,6.141563e-05,10
5025.0,5030.0,5027.5,2.2109627e-05,0.00011054813,18
5030.0,5035.0,5032.5,1.4739751e-05,7.3698756e-05,12
5035.0,5040.0,5037.5,7.3698756e-06,3.6849378e-05,6
5040.0,5045.0,5042.5,1.1054813e-05,5.5274067e-05,9
5045.0,5050.0,5047.5,1.4739751e-05,7.3698756e-05,12
5050.0,5055.0,5052.5,1.4739751e-05,7.3698756e-05,12
5055.0,5060.0,5057.5,9.8265008e-06,4.9132504e-05,8
5060.0,5065.0,5062.5,1.5968064e-05,7.9840319e-05,13
5065.0,5070.0,5067.5,1.5968064e-05,7.9840319e-05,13
5070.0,5075.0,5072.5,1.3511439e-05,6.7557193e-05,11
5075.0,5080.0,5077.5,2.333794e-05,0.0001166897,19
5080.0,5085.0,5082.5,1.4739751e-05,7.3698756e-05,12
5085.0,5090.0,5087.5,1.8424689e-05,9.2123445e-05,15
5090.0,5095.0,5092.5,1.2283126e-05,6.141563e-05,10
5095.0,5100.0,5097.5,1.3511439e-05,6.7557193e-05,11
5100.0,5105.0,5102.5,1.3511439e-05,6.7557193e-05,11
5105.0,5110.0,5107.5,8.5981882e-06,4.2990941e-05,7
5110.0,5115.0,5112.5,1.7196376e-05,8.5981882e-05,14
5115.0,5120.0,5117.5,1.1054813e-05,5.5274067e-05,9
5120.0,5125.0,5122.5,8.5981882e-06,4.2990941e-05,7
5125.0,5130.0,5127.5,1.8424689e-05,9.2123445e-05,15
5130.0,5135.0,5132.5,1.4739751e-05,7.3698756e-05,12
5135.0,5140.0,5137.5,1.4739751e-05,7.3698756e-05,12
5140.0,5145.0,5142.5,1.8424689e-05,9.2123445e-05,15
5145.0,5150.0,5147.5,1.1054813e-05,5.5274067e-05,9
5150.0,5155.0,5152.5,1.5968064e-05,7.9840319e-05,13
5155.0,5160.0,5157.5,1.7196376e-05,8.5981882e-05,14
5160.0,5165.0,5162.5,1.1054813e-05,5.5274067e-05,9
5165.0,5170.0,5167.5,2.2109627e-05,0.00011054813,18
5170.0,5175.0,5172.5,8.5981882e-06,4.2990941e-05,7
5175.0,5180.0,5177.5,1.9653002e-05,9.8265008e-05,16
5180.0,5185.0,5182.5,1.5968064e-05,7.9840319e-05,13
5185.0,5190.0,5187.5,1.4739751e-05,7.3698756e-05,12
5190.0,5195.0,5192.5,1.8424689e-05,9.2123445e-05,15
5195.0,5200.0,5197.5,1.4739751e-05,7.3698756e-05,12
5200.0,5205.0,5202.5,1.2283126e-05,6.141563e-05,10
5205.0,5210.0,5207.5,2.2109627e-05,0.00011054813,18
5210.0,5215.0,5212.5,1.1054813e-05,5.5274067e-05,9
5215.0,5220.0,5217.5,1.2283126e-05,6.141563e-05,10
5220.0,5225.0,5222.5,1.1054813e-05,5.5274067e-05,9
5225.0,5230.0,5227.5,8.5981882e-06,4.2990941e-05,7
5230.0,5235.0,5232.5,1.8424689e-05,9.2123445e-05,15
5235.0,5240.0,5237.5,1.5968064e-05,7.9840319e-05,13
5240.0,5245.0,5242.5,6.141563e-06,3.0707815e-05,5
5245.0,5250.0,5247.5,1.5968064e-05,7.9840319e-05,13
5250.0,5255.0,5252.5,9.8265008e-06,4.9132504e-05,8
5255.0,5260.0,5257.5,1.3511439e-05,6.7557193e-05,11
5260.0,5265.0,5262.5,1.8424689e-05,9.2123445e-05,15
5265.0,5270.0,5267.5,7.3698756e-06,3.6849378e-05,6
5270.0,5275.0,5272.5,1.8424689e-05,9.2123445e-05,15
5275.0,5280.0,5277.5,9.8265008e-06,4.9132504e-05,8
5280.0,5285.0,5282.5,1.2283126e-05,6.141563e-05,10
5285.0,5290.0,5287.5,1.3511439e-05,6.7557193e-05,11
5290.0,5295.0,5292.5,1.4739751e-05,7.3698756e-05,12
5295.0,5300.0,5297.5,1.5968064e-05,7.9840319e-05,13
5300.0,5305.0,5302.5,1.3511439e-05,6.7557193e-05,11
5305.0,5310.0,5307.5,7.3698756e-06,3.6849378e-05,6
5310.0,5315.0,5312.5,1.9653002e-05,9.8265008e-05,16
5315.0,5320.0,5317.5,9.8265008e-06,4.9132504e-05,8
5320.0,5325.0,5322.5,1.4739751e-05,7.3698756e-05,12
5325.0,5330.0,5327.5,6.141563e-06,3.0707815e-05,5
5330.0,5335.0,5332.5,1.4739751e-05,7.3698756e-05,12
5335.0,5340.0,5337.5,8.5981882e-06,4.2990941e-05,7
5340.0,5345.0,5342.5,1.1054813e-05,5.5274067e-05,9
5345.0,5350.0,5347.5,1.8424689e-05,9.2123445e-05,15
5350.0,5355.0,5352.5,1.3511439e-05,6.7557193e-05,11
5355.0,5360.0,5357.5,9.8265008e-06,4.9132504e-05,8
5360.0,5365.0,5362.5,1.8424689e-05,9.2123445e-05,15
5365.0,5370.0,5367.5,1.7196376e-05,8.5981882e-05,14
5370.0,5375.0,5372.5,9.8265008e-06,4.9132504e-05,8
5375.0,5380.0,5377.5,8.5981882e-06,4.2990941e-05,7
5380.0,5385.0,5382.5,2.0881314e-05,0.00010440657,17
5385.0,5390.0,5387.5,9.8265008e-06,4.9132504e-05,8
5390.0,5395.0,5392.5,2.2109627e-05,0.00011054813,18
5395.0,5400.0,5397.5,1.2283126e-05,6.141563e-05,10
5400.0,5405.0,5402.5,1.5968064e-05,7.9840319e-05,13
5405.0,5410.0,5407.5,4.9132504e-06,2.4566252e-05,4
5410.0,5415.0,5412.5,6.141563e-06,3.0707815e-05,5
5415.0,5420.0,5417.5,1.3511439e-05,6.7557193e-05,11
5420.0,5425.0,5422.5,9.8265008e-06,4.9132504e-05,8
5425.0,5430.0,5427.5,9.8265008e-06,4.9132504e-05,8
5430.0,5435.0,5432.5,2.5794565e-05,0.00012897282,21
5435.0,5440.0,5437.5,9.8265008e-06,4.9132504e-05,8
5440.0,5445.0,5442.5,1.1054813e-05,5.5274067e-05,9
5445.0,5450.0,5447.5,3.6849378e-06,1.8424689e-05,3
5450.0,5455.0,5452.5,1.3511439e-05,6.7557193e-05,11
5455.0,5460.0,5457.5,1.3511439e-05,6.7557193e-05,11
5460.0,5465.0,5462.5,1.4739751e-05,7.3698756e-05,12
5465.0,5470.0,5467.5,1.3511439e-05,6.7557193e-05,11
5470.0,5475.0,5472.5,8.5981882e-06,4.2990941e-05,7
5475.0,5480.0,5477.5,7.3698756e-06,3.6849378e-05,6
5480.0,5485.0,5482.5,4.9132504e-06,2.4566252e-05,4
5485.0,5490.0,5487.5,8.5981882e-06,4.2990941e-05,7
5490.0,5495.0,5492.5,7.3698756e-06,3.6849378e-05,6
5495.0,5500.0,5497.5,1.2283126e-05,6.141563e-05,10
5500.0,5505.0,5502.5,1.3511439e-05,6.7557193e-05,11
5505.0,5510.0,5507.5,7.3698756e-06,3.6849378e-05,6
5510.0,5515.0,5512.5,7.3698756e-06,3.6849378e-05,6
5515.0,5520.0,5517.5,1.4739751e-05,7.3698756e-05,12
5520.0,5525.0,5522.5,1.1054813e-05,5.5274067e-05,9
5525.0,5530.0,5527.5,8.5981882e-06,4.2990941e-05,7
5530.0,5535.0,5532.5,7.3698756e-06,3.6849378e-05,6
5535.0,5540.0,5537.5,8.5981882e-06,4.2990941e-05,7
5540.0,5545.0,5542.5,8.5981882e-06,4.2990941e-05,7
5545.0,5550.0,5547.5,1.3511439e-05,6.7557193e-05,11
5550.0,5555.0,5552.5,1.3511439e-05,6.7557193e-05,11
5555.0,5560.0,5557.5,9.8265008e-06,4.9132504e-05,8
5560.0,5565.0,5562.5,8.5981882e-06,4.2990941e-05,7
5565.0,5570.0,5567.5,1.3511439e-05,6.7557193e-05,11
5570.0,5575.0,5572.5,8.5981882e-06,4.2990941e-05,7
5575.0,5580.0,5577.5,1.4739751e-05,7.3698756e-05,12
5580.0,5585.0,5582.5,8.5981882e-06,4.2990941e-05,7
5585.0,5590.0,5587.5,7.3698756e-06,3.6849378e-05,6
5590.0,5595.0,5592.5,3.6849378e-06,1.8424689e-05,3
5595.0,5600.0,5597.5,1.3511439e-05,6.7557193e-05,11
5600.0,5605.0,5602.5,1.4739751e-05,7.3698756e-05,12
5605.0,5610.0,5607.5,1.4739751e-05,7.3698756e-05,12
5610.0,5615.0,5612.5,7.3698756e-06,3.6849378e-05,6
5615.0,5620.0,5617.5,1.2283126e-05,6.141563e-05,10
5620.0,5625.0,5622.5,1.5968064e-05,7.9840319e-05,13
5625.0,5630.0,5627.5,1.7196376e-05,8.5981882e-05,14
5630.0,5635.0,5632.5,7.3698756e-06,3.6849378e-05,6
5635.0,5640.0,5637.5,7.3698756e-06,3.6849378e-05,6
5640.0,5645.0,5642.5,1.3511439e-05,6.7557193e-05,11
5645.0,5650.0,5647.5,3.6849378e-06,1.8424689e-05,3
5650.0,5655.0,5652.5,1.2283126e-05,6.141563e-05,10
5655.0,5660.0,5657.5,1.4739751e-05,7.3698756e-05,12
5660.0,5665.0,5662.5,7.3698756e-06,3.6849378e-05,6
5665.0,5670.0,5667.5,9.8265008e-06,4.9132504e-05,8
5670.0,5675.0,5672.5,7.3698756e-06,3.6849378e-05,6
5675.0,5680.0,5677.5,1.1054813e-05,5.5274067e-05,9
5680.0,5685.0,5682.5,1.4739751e-05,7.3698756e-05,12
5685.0,5690.0,5687.5,1.3511439e-05,6.7557193e-05,11
5690.0,5695.0,5692.5,1.1054813e-05,5.5274067e-05,9
5695.0,5700.0,5697.5,4.9132504e-06,2.4566252e-05,4
5700.0,5705.0,5702.5,1.2283126e-05,6.141563e-05,10
5705.0,5710.0,5707.5,1.7196376e-05,8.5981882e-05,14
5710.0,5715.0,5712.5,1.1054813e-05,5.5274067e-05,9
5715.0,5720.0,5717.5,7.3698756e-06,3.6849378e-05,6
5720.0,5725.0,5722.5,1.5968064e-05,7.9840319e-05,13
5725.0,5730.0,5727.5,8.5981882e-06,4.2990941e-05,7
5730.0,5735.0,5732.5,6.141563e-06,3.0707815e-05,5
5735.0,5740.0,5737.5,9.8265008e-06,4.9132504e-05,8
5740.0,5745.0,5742.5,6.141563e-06,3.0707815e-05,5
5745.0,5750.0,5747.5,7.3698756e-06,3.6849378e-05,6
5750.0,5755.0,5752.5,1.2283126e-05,6.141563e-05,10
5755.0,5760.0,5757.5,8.5981882e-06,4.2990941e-05,7
5760.0,5765.0,5762.5,7.3698756e-06,3.6849378e-05,6
5765.0,5770.0,5767.5,1.2283126e-05,6.141563e-05,10
5770.0,5775.0,5772.5,1.4739751e-05,7.3698756e-05,12
5775.0,5780.0,5777.5,1.2283126e-05,6.141563e-05,10
5780.0,5785.0,5782.5,1.1054813e-05,5.5274067e-05,9
5785.0,5790.0,5787.5,1.1054813e-05,5.5274067e-05,9
5790.0,5795.0,5792.5,8.5981882e-06,4.2990941e-05,7
5795.0,5800.0,5797.5,7.3698756e-06,3.6849378e-05,6
5800.0,5805.0,5802.5,1.8424689e-05,9.2123445e-05,15
5805.0,5810.0,5807.5,1.3511439e-05,6.7557193e-05,11
5810.0,5815.0,5812.5,9.8265008e-06,4.9132504e-05,8
5815.0,5820.0,5817.5,8.5981882e-06,4.2990941e-05,7
5820.0,5825.0,5822.5,7.3698756e-06,3.6849378e-05,6
5825.0,5830.0,5827.5,9.8265008e-06,4.9132504e-05,8
5830.0,5835.0,5832.5,8.5981882e-06,4.2990941e-05,7
5835.0,5840.0,5837.5,7.3698756e-06,3.6849378e-05,6
5840.0,5845.0,5842.5,1.2283126e-05,6.141563e-05,10
5845.0,5850.0,5847.5,6.141563e-06,3.0707815e-05,5
5850.0,5855.0,5852.5,8.5981882e-06,4.2990941e-05,7
5855.0,5860.0,5857.5,1.5968064e-05,7.9840319e-05,13
5860.0,5865.0,5862.5,1.1054813e-05,5.5274067e-05,9
5865.0,5870.0,5867.5,7.3698756e-06,3.6849378e-05,6
5870.0,5875.0,5872.5,1.7196376e-05,8.5981882e-05,14
5875.0,5880.0,5877.5,6.141563e-06,3.0707815e-05,5
5880.0,5885.0,5882.5,9.8265008e-06,4.9132504e-05,8
5885.0,5890.0,5887.5,8.5981882e-06,4.2990941e-05,7
5890.0,5895.0,5892.5,8.5981882e-06,4.2990941e-05,7
5895.0,5900.0,5897.5,9.8265008e-06,4.9132504e-05,8
5900.0,5905.0,5902.5,1.3511439e-05,6.7557193e-05,11
5905.0,5910.0,5907.5,7.3698756e-06,3.6849378e-05,6
5910.0,5915.0,5912.5,2.333794e-05,0.0001166897,19
5915.0,5920.0,5917.5,1.3511439e-05,6.7557193e-05,11
5920.0,5925.0,5922.5,1.1054813e-05,5.5274067e-05,9
5925.0,5930.0,5927.5,1.2283126e-05,6.141563e-05,10
5930.0,5935.0,5932.5,4.9132504e-06,2.4566252e-05,4
5935.0,5940.0,5937.5,9.8265008e-06,4.9132504e-05,8
5940.0,5945.0,5942.5,1.1054813e-05,5.5274067e-05,9
5945.0,5950.0,5947.5,9.8265008e-06,4.9132504e-05,8
5950.0,5955.0,5952.5,1.3511439e-05,6.7557193e-05,11
5955.0,5960.0,5957.5,1.2283126e-06,6.141563e-06,1
5960.0,5965.0,5962.5,1.3511439e-05,6.7557193e-05,11
5965.0,5970.0,5967.5,9.8265008e-06,4.9132504e-05,8
5970.0,5975.0,5972.5,1.7196376e-05,8.5981882e-05,14
5975.0,5980.0,5977.5,9.8265008e-06,4.9132504e-05,8
5980.0,5985.0,5982.5,9.8265008e-06,4.9132504e-05,8
5985.0,5990.0,5987.5,2.0881314e-05,0.00010440657,17
5990.0,5995.0,5992.5,8.5981882e-06,4.2990941e-05,7
5995.0,6000.0,5997.5,9.8265008e-06,4.9132504e-05,8
6000.0,6005.0,6002.5,7.3698756e-06,3.6849378e-05,6
6005.0,6010.0,6007.5,1.1054813e-05,5.5274067e-05,9
6010.0,6015.0,6012.5,8.5981882e-06,4.2990941e-05,7
6015.0,6020.0,6017.5,4.9132504e-06,2.4566252e-05,4
6020.0,6025.0,6022.5,9.8265008e-06,4.9132504e-05,8
6025.0,6030.0,6027.5,9.8265008e-06,4.9132504e-05,8
6030.0,6035.0,6032.5,1.2283126e-05,6.141563e-05,10
6035.0,6040.0,6037.5,1.2283126e-05,6.141563e-05,10
6040.0,6045.0,6042.5,1.4739751e-05,7.3698756e-05,12
6045.0,6050.0,6047.5,1.1054813e-05,5.5274067e-05,9
6050.0,6055.0,6052.5,2.4566252e-06,1.2283126e-05,2
6055.0,6060.0,6057.5,4.9132504e-06,2.4566252e-05,4
6060.0,6065.0,6062.5,2.4566252e-06,1.2283126e-05,2
6065.0,6070.0,6067.5,8.5981882e-06,4.2990941e-05,7
6070.0,6075.0,6072.5,1.4739751e-05,7.3698756e-05,12
6075.0,6080.0,6077.5,7.3698756e-06,3.6849378e-05,6
6080.0,6085.0,6082.5,1.4739751e-05,7.3698756e-05,12
6085.0,6090.0,6087.5,9.8265008e-06,4.9132504e-05,8
6090.0,6095.0,6092.5,6.141563e-06,3.0707815e-05,5
6095.0,6100.0,6097.5,4.9132504e-06,2.4566252e-05,4
6100.0,6105.0,6102.5,9.8265008e-06,4.9132504e-05,8
6105.0,6110.0,6107.5,4.9132504e-06,2.4566252e-05,4
6110.0,6115.0,6112.5,1.4739751e-05,7.3698756e-05,12
6115.0,6120.0,6117.5,7.3698756e-06,3.6849378e-05,6
6120.0,6125.0,6122.5,8.5981882e-06,4.2990941e-05,7
6125.0,6130.0,6127.5,8.5981882e-06,4.2990941e-05,7
6130.0,6135.0,6132.5,7.3698756e-06,3.6849378e-05,6
6135.0,6140.0,6137.5,9.8265008e-06,4.9132504e-05,8
6140.0,6145.0,6142.5,7.3698756e-06,3.6849378e-05,6
6145.0,6150.0,6147.5,8.5981882e-06,4.2990941e-05,7
6150.0,6155.0,6152.5,8.5981882e-06,4.2990941e-05,7
6155.0,6160.0,6157.5,9.8265008e-06,4.9132504e-05,8
6160.0,6165.0,6162.5,8.5981882e-06,4.2990941e-05,7
6165.0,6170.0,6167.5,1.2283126e-05,6.141563e-05,10
6170.0,6175.0,6172.5,9.8265008e-06,4.9132504e-05,8
6175.0,6180.0,6177.5,1.7196376e-05,8.5981882e-05,14
6180.0,6185.0,6182.5,8.5981882e-06,4.2990941e-05,7
6185.0,6190.0,6187.5,1.3511439e-05,6.7557193e-05,11
6190.0,6195.0,6192.5,8.5981882e-06,4.2990941e-05,7
6195.0,6200.0,6197.5,1.1054813e-05,5.5274067e-05,9
6200.0,6205.0,6202.5,7.3698756e-06,3.6849378e-05,6
6205.0,6210.0,6207.5,4.9132504e-06,2.4566252e-05,4
6210.0,6215.0,6212.5,6.141563e-06,3.0707815e-05,5
6215.0,6220.0,6217.5,8.5981882e-06,4.2990941e-05,7
6220.0,6225.0,6222.5,9.8265008e-06,4.9132504e-05,8
6225.0,6230.0,6227.5,1.1054813e-05,5.5274067e-05,9
6230.0,6235.0,6232.5,9.8265008e-06,4.9132504e-05,8
6235.0,6240.0,6237.5,1.2283126e-05,6.141563e-05,10
6240.0,6245.0,6242.5,9.8265008e-06,4.9132504e-05,8
6245.0,6250.0,6247.5,8.5981882e-06,4.2990941e-05,7
6250.0,6255.0,6252.5,9.8265008e-06,4.9132504e-05,8
6255.0,6260.0,6257.5,1.2283126e-05,6.141563e-05,10
6260.0,6265.0,6262.5,1.2283126e-05,6.141563e-05,10
6265.0,6270.0,6267.5,9.8265008e-06,4.9132504e-05,8
6270.0,6275.0,6272.5,9.8265008e-06,4.9132504e-05,8
6275.0,6280.0,6277.5,7.3698756e-06,3.6849378e-05,6
6280.0,6285.0,6282.5,9.8265008e-06,4.9132504e-05,8
6285.0,6290.0,6287.5,3.6849378e-06,1.8424689e-05,3
6290.0,6295.0,6292.5,2.4566252e-06,1.2283126e-05,2
6295.0,6300.0,6297.5,7.3698756e-06,3.6849378e-05,6
6300.0,6305.0,6302.5,3.6849378e-06,1.8424689e-05,3
6305.0,6310.0,6307.5,6.141563e-06,3.0707815e-05,5
6310.0,6315.0,6312.5,7.3698756e-06,3.6849378e-05,6
6315.0,6320.0,6317.5,8.5981882e-06,4.2990941e-05,7
6320.0,6325.0,6322.5,3.6849378e-06,1.8424689e-05,3
6325.0,6330.0,6327.5,4.9132504e-06,2.4566252e-05,4
6330.0,6335.0,6332.5,1.2283126e-06,6.141563e-06,1
6335.0,6340.0,6337.5,7.3698756e-06,3.6849378e-05,6
6340.0,6345.0,6342.5,6.141563e-06,3.0707815e-05,5
6345.0,6350.0,6347.5,4.9132504e-06,2.4566252e-05,4
6350.0,6355.0,6352.5,3.6849378e-06,1.8424689e-05,3
6355.0,6360.0,6357.5,6.141563e-06,3.0707815e-05,5
6360.0,6365.0,6362.5,1.3511439e-05,6.7557193e-05,11
6365.0,6370.0,6367.5,7.3698756e-06,3.6849378e-05,6
6370.0,6375.0,6372.5,8.5981882e-06,4.2990941e-05,7
6375.0,6380.0,6377.5,9.8265008e-06,4.9132504e-05,8
6380.0,6385.0,6382.5,3.6849378e-06,1.8424689e-05,3
6385.0,6390.0,6387.5,6.141563e-06,3.0707815e-05,5
6390.0,6395.0,6392.5,7.3698756e-06,3.6849378e-05,6
6395.0,6400.0,6397.5,9.8265008e-06,4.9132504e-05,8
6400.0,6405.0,6402.5,7.3698756e-06,3.6849378e-05,6
6405.0,6410.0,6407.5,7.3698756e-06,3.6849378e-05,6
6410.0,6415.0,6412.5,7.3698756e-06,3.6849378e-05,6
6415.0,6420.0,6417.5,7.3698756e-06,3.6849378e-05,6
6420.0,6425.0,6422.5,8.5981882e-06,4.2990941e-05,7
6425.0,6430.0,6427.5,2.4566252e-06,1.2283126e-05,2
6430.0,6435.0,6432.5,3.6849378e-06,1.8424689e-05,3
6435.0,6440.0,6437.5,8.5981882e-06,4.2990941e-05,7
6440.0,6445.0,6442.5,4.9132504e-06,2.4566252e-05,4
6445.0,6450.0,6447.5,6.141563e-06,3.0707815e-05,5
6450.0,6455.0,6452.5,6.141563e-06,3.0707815e-05,5
6455.0,6460.0,6457.5,7.3698756e-06,3.6849378e-05,6
6460.0,6465.0,6462.5,8.5981882e-06,4.2990941e-05,7
6465.0,6470.0,6467.5,1.2283126e-06,6.141563e-06,1
6470.0,6475.0,6472.5,3.6849378e-06,1.8424689e-05,3
6475.0,6480.0,6477.5,2.4566252e-06,1.2283126e-05,2
6480.0,6485.0,6482.5,8.5981882e-06,4.2990941e-05,7
6485.0,6490.0,6487.5,8.5981882e-06,4.2990941e-05,7
6490.0,6495.0,6492.5,7.3698756e-06,3.6849378e-05,6
6495.0,6500.0,6497.5,3.6849378e-06,1.8424689e-05,3
6500.0,6505.0,6502.5,1.2283126e-06,6.141563e-06,1
6505.0,6510.0,6507.5,8.5981882e-06,4.2990941e-05,7
6510.0,6515.0,6512.5,2.4566252e-06,1.2283126e-05,2
6515.0,6520.0,6517.5,7.3698756e-06,3.6849378e-05,6
6520.0,6525.0,6522.5,4.9132504e-06,2.4566252e-05,4
6525.0,6530.0,6527.5,7.3698756e-06,3.6849378e-05,6
6530.0,6535.0,6532.5,3.6849378e-06,1.8424689e-05,3
6535.0,6540.0,6537.5,4.9132504e-06,2.4566252e-05,4
6540.0,6545.0,6542.5,7.3698756e-06,3.6849378e-05,6
6545.0,6550.0,6547.5,4.9132504e-06,2.4566252e-05,4
6550.0,6555.0,6552.5,1.1054813e-05,5.5274067e-05,9
6555.0,6560.0,6557.5,8.5981882e-06,4.2990941e-05,7
6560.0,6565.0,6562.5,8.5981882e-06,4.2990941e-05,7
6565.0,6570.0,6567.5,9.8265008e-06,4.9132504e-05,8
6570.0,6575.0,6572.5,9.8265008e-06,4.9132504e-05,8
6575.0,6580.0,6577.5,3.6849378e-06,1.8424689e-05,3
6580.0,6585.0,6582.5,4.9132504e-06,2.4566252e-05,4
6585.0,6590.0,6587.5,7.3698756e-06,3.6849378e-05,6
6590.0,6595.0,6592.5,2.4566252e-06,1.2283126e-05,2
6595.0,6600.0,6597.5,4.9132504e-06,2.4566252e-05,4
6600.0,6605.0,6602.5,7.3698756e-06,3.6849378e-05,6
6605.0,6610.0,6607.5,7.3698756e-06,3.6849378e-05,6
6610.0,6615.0,6612.5,7.3698756e-06,3.6849378e-05,6
6615.0,6620.0,6617.5,6.141563e-06,3.0707815e-05,5
6620.0,6625.0,6622.5,8.5981882e-06,4.2990941e-05,7
6625.0,6630.0,6627.5,9.8265008e-06,4.9132504e-05,8
6630.0,6635.0,6632.5,4.9132504e-06,2.4566252e-05,4
6635.0,6640.0,6637.5,3.6849378e-06,1.8424689e-05,3
6640.0,6645.0,6642.5,1.2283126e-06,6.141563e-06,1
6645.0,6650.0,6647.5,1.3511439e-05,6.7557193e-05,11
6650.0,6655.0,6652.5,1.1054813e-05,5.5274067e-05,9
6655.0,6660.0,6657.5,7.3698756e-06,3.6849378e-05,6
6660.0,6665.0,6662.5,4.9132504e-06,2.4566252e-05,4
6665.0,6670.0,6667.5,1.3511439e-05,6.7557193e-05,11
6670.0,6675.0,6672.5,2.4566252e-06,1.2283126e-05,2
6675.0,6680.0,6677.5,6.141563e-06,3.0707815e-05,5
6680.0,6685.0,6682.5,4.9132504e-06,2.4566252e-05,4
6685.0,6690.0,6687.5,3.6849378e-06,1.8424689e-05,3
6690.0,6695.0,6692.5,8.5981882e-06,4.2990941e-05,7
6695.0,6700.0,6697.5,4.9132504e-06,2.4566252e-05,4
6700.0,6705.0,6702.5,7.3698756e-06,3.6849378e-05,6
6705.0,6710.0,6707.5,8.5981882e-06,4.2990941e-05,7
6710.0,6715.0,6712.5,4.9132504e-06,2.4566252e-05,4
6715.0,6720.0,6717.5,4.9132504e-06,2.4566252e-05,4
6720.0,6725.0,6722.5,6.141563e-06,3.0707815e-05,5
6725.0,6730.0,6727.5,6.141563e-06,3.0707815e-05,5
6730.0,6735.0,6732.5,6.141563e-06,3.0707815e-05,5
6735.0,6740.0,6737.5,4.9132504e-06,2.4566252e-05,4
6740.0,6745.0,6742.5,7.3698756e-06,3.6849378e-05,6
6745.0,6750.0,6747.5,6.141563e-06,3.0707815e-05,5
6750.0,6755.0,6752.5,4.9132504e-06,2.4566252e-05,4
6755.0,6760.0,6757.5,6.141563e-06,3.0707815e-05,5
6760.0,6765.0,6762.5,2.4566252e-06,1.2283126e-05,2
6765.0,6770.0,6767.5,1.3511439e-05,6.7557193e-05,11
6770.0,6775.0,6772.5,9.8265008e-06,4.9132504e-05,8
6775.0,6780.0,6777.5,8.5981882e-06,4.2990941e-05,7
6780.0,6785.0,6782.5,3.6849378e-06,1.8424689e-05,3
6785.0,6790.0,6787.5,7.3698756e-06,3.6849378e-05,6
6790.0,6795.0,6792.5,2.4566252e-06,1.2283126e-05,2
6795.0,6800.0,6797.5,2.4566252e-06,1.2283126e-05,2
6800.0,6805.0,6802.5,1.2283126e-05,6.141563e-05,10
6805.0,6810.0,6807.5,1.1054813e-05,5.5274067e-05,9
6810.0,6815.0,6812.5,6.141563e-06,3.0707815e-05,5
6815.0,6820.0,6817.5,6.141563e-06,3.0707815e-05,5
6820.0,6825.0,6822.5,2.4566252e-06,1.2283126e-05,2
6825.0,6830.0,6827.5,4.9132504e-06,2.4566252e-05,4
6830.0,6835.0,6832.5,4.9132504e-06,2.4566252e-05,4
6835.0,6840.0,6837.5,6.141563e-06,3.0707815e-05,5
6840.0,6845.0,6842.5,8.5981882e-06,4.2990941e-05,7
6845.0,6850.0,6847.5,4.9132504e-06,2.4566252e-05,4
6850.0,6855.0,6852.5,4.9132504e-06,2.4566252e-05,4
6855.0,6860.0,6857.5,3.6849378e-06,1.8424689e-05,3
6860.0,6865.0,6862.5,6.141563e-06,3.0707815e-05,5
6865.0,6870.0,6867.5,6.141563e-06,3.0707815e-05,5
6870.0,6875.0,6872.5,4.9132504e-06,2.4566252e-05,4
6875.0,6880.0,6877.5,3.6849378e-06,1.8424689e-05,3
6880.0,6885.0,6882.5,8.5981882e-06,4.2990941e-05,7
6885.0,6890.0,6887.5,6.141563e-06,3.0707815e-05,5
6890.0,6895.0,6892.5,3.6849378e-06,1.8424689e-05,3
6895.0,6900.0,6897.5,6.141563e-06,3.0707815e-05,5
6900.0,6905.0,6902.5,3.6849378e-06,1.8424689e-05,3
6905.0,6910.0,6907.5,8.5981882e-06,4.2990941e-05,7
6910.0,6915.0,6912.5,3.6849378e-06,1.8424689e-05,3
6915.0,6920.0,6917.5,3.6849378e-06,1.8424689e-05,3
6920.0,6925.0,6922.5,3.6849378e-06,1.8424689e-05,3
6925.0,6930.0,6927.5,4.9132504e-06,2.4566252e-05,4
6930.0,6935.0,6932.5,6.141563e-06,3.0707815e-05,5
6935.0,6940.0,6937.5,7.3698756e-06,3.6849378e-05,6
6940.0,6945.0,6942.5,4.9132504e-06,2.4566252e-05,4
6945.0,6950.0,6947.5,6.141563e-06,3.0707815e-05,5
6950.0,6955.0,6952.5,6.141563e-06,3.0707815e-05,5
6955.0,6960.0,6957.5,8.5981882e-06,4.2990941e-05,7
6960.0,6965.0,6962.5,4.9132504e-06,2.4566252e-05,4
6965.0,6970.0,6967.5,4.9132504e-06,2.4566252e-05,4
6970.0,6975.0,6972.5,1.2283126e-06,6.141563e-06,1
6975.0,6980.0,6977.5,7.3698756e-06,3.6849378e-05,6
6980.0,6985.0,6982.5,9.8265008e-06,4.9132504e-05,8
6985.0,6990.0,6987.5,1.2283126e-06,6.141563e-06,1
6990.0,6995.0,6992.5,2.4566252e-06,1.2283126e-05,2
6995.0,7000.0,6997.5,9.8265008e-06,4.9132504e-05,8
7000.0,7005.0,7002.5,2.4566252e-06,1.2283126e-05,2
7005.0,7010.0,7007.5,4.9132504e-06,2.4566252e-05,4
7010.0,7015.0,7012.5,4.9132504e-06,2.4566252e-05,4
7015.0,7020.0,7017.5,6.141563e-06,3.0707815e-05,5
7020.0,7025.0,7022.5,7.3698756e-06,3.6849378e-05,6
7025.0,7030.0,7027.5,3.6849378e-06,1.8424689e-05,3
7030.0,7035.0,7032.5,1.2283126e-06,6.141563e-06,1
7035.0,7040.0,7037.5,7.3698756e-06,3.6849378e-05,6
7040.0,7045.0,7042.5,3.6849378e-06,1.8424689e-05,3
7045.0,7050.0,7047.5,6.141563e-06,3.0707815e-05,5
7050.0,7055.0,7052.5,1.2283126e-06,6.141563e-06,1
7055.0,7060.0,7057.5,2.4566252e-06,1.2283126e-05,2
7060.0,7065.0,7062.5,3.6849378e-06,1.8424689e-05,3
7065.0,7070.0,7067.5,6.141563e-06,3.0707815e-05,5
7070.0,7075.0,7072.5,3.6849378e-06,1.8424689e-05,3
7075.0,7080.0,7077.5,3.6849378e-06,1.8424689e-05,3
7080.0,7085.0,7082.5,2.4566252e-06,1.2283126e-05,2
7085.0,7090.0,7087.5,6.141563e-06,3.0707815e-05,5
7095.0,7100.0,7097.5,4.9132504e-06,2.4566252e-05,4
7100.0,7105.0,7102.5,6.141563e-06,3.0707815e-05,5
7105.0,7110.0,7107.5,6.141563e-06,3.0707815e-05,5
7110.0,7115.0,7112.5,4.9132504e-06,2.4566252e-05,4
7115.0,7120.0,7117.5,4.9132504e-06,2.4566252e-05,4
7120.0,7125.0,7122.5,3.6849378e-06,1.8424689e-05,3
7125.0,7130.0,7127.5,4.9132504e-06,2.4566252e-05,4
7130.0,7135.0,7132.5,4.9132504e-06,2.4566252e-05,4
7135.0,7140.0,7137.5,2.4566252e-06,1.2283126e-05,2
7140.0,7145.0,7142.5,1.2283126e-06,6.141563e-06,1
7145.0,7150.0,7147.5,2.4566252e-06,1.2283126e-05,2
7150.0,7155.0,7152.5,2.4566252e-06,1.2283126e-05,2
7155.0,7160.0,7157.5,3.6849378e-06,1.8424689e-05,3
7160.0,7165.0,7162.5,7.3698756e-06,3.6849378e-05,6
7165.0,7170.0,7167.5,2.4566252e-06,1.2283126e-05,2
7170.0,7175.0,7172.5,2.4566252e-06,1.2283126e-05,2
7175.0,7180.0,7177.5,3.6849378e-06,1.8424689e-05,3
7180.0,7185.0,7182.5,3.6849378e-06,1.8424689e-05,3
7185.0,7190.0,7187.5,2.4566252e-06,1.2283126e-05,2
7190.0,7195.0,7192.5,1.2283126e-06,6.141563e-06,1
7200.0,7205.0,7202.5,8.5981882e-06,4.2990941e-05,7
7205.0,7210.0,7207.5,7.3698756e-06,3.6849378e-05,6
7210.0,7215.0,7212.5,4.9132504e-06,2.4566252e-05,4
7215.0,7220.0,7217.5,7.3698756e-06,3.6849378e-05,6
7220.0,7225.0,7222.5,1.1054813e-05,5.5274067e-05,9
7225.0,7230.0,7227.5,6.141563e-06,3.0707815e-05,5
7230.0,7235.0,7232.5,4.9132504e-06,2.4566252e-05,4
7235.0,7240.0,7237.5,4.9132504e-06,2.4566252e-05,4
7240.0,7245.0,7242.5,7.3698756e-06,3.6849378e-05,6
7245.0,7250.0,7247.5,4.9132504e-06,2.4566252e-05,4
7250.0,7255.0,7252.5,3.6849378e-06,1.8424689e-05,3
7255.0,7260.0,7257.5,4.9132504e-06,2.4566252e-05,4
7260.0,7265.0,7262.5,4.9132504e-06,2.4566252e-05,4
7265.0,7270.0,7267.5,3.6849378e-06,1.8424689e-05,3
7270.0,7275.0,7272.5,3.6849378e-06,1.8424689e-05,3
7275.0,7280.0,7277.5,3.6849378e-06,1.8424689e-05,3
7285.0,7290.0,7287.5,3.6849378e-06,1.8424689e-05,3
7290.0,7295.0,7292.5,3.6849378e-06,1.8424689e-05,3
7295.0,7300.0,7297.5,3.6849378e-06,1.8424689e-05,3
7300.0,7305.0,7302.5,3.6849378e-06,1.8424689e-05,3
7305.0,7310.0,7307.5,3.6849378e-06,1.8424689e-05,3
7310.0,7315.0,7312.5,1.2283126e-06,6.141563e-06,1
7315.0,7320.0,7317.5,6.141563e-06,3.0707815e-05,5
7320.0,7325.0,7322.5,3.6849378e-06,1.8424689e-05,3
7325.0,7330.0,7327.5,2.4566252e-06,1.2283126e-05,2
7330.0,7335.0,7332.5,4.9132504e-06,2.4566252e-05,4
7335.0,7340.0,7337.5,4.9132504e-06,2.4566252e-05,4
7340.0,7345.0,7342.5,7.3698756e-06,3.6849378e-05,6
7345.0,7350.0,7347.5,3.6849378e-06,1.8424689e-05,3
7350.0,7355.0,7352.5,1.2283126e-06,6.141563e-06,1
7355.0,7360.0,7357.5,4.9132504e-06,2.4566252e-05,4
7365.0,7370.0,7367.5,2.4566252e-06,1.2283126e-05,2
7370.0,7375.0,7372.5,8.5981882e-06,4.2990941e-05,7
7375.0,7380.0,7377.5,3.6849378e-06,1.8424689e-05,3
7380.0,7385.0,7382.5,6.141563e-06,3.0707815e-05,5
7385.0,7390.0,7387.5,3.6849378e-06,1.8424689e-05,3
7390.0,7395.0,7392.5,2.4566252e-06,1.2283126e-05,2
7395.0,7400.0,7397.5,3.6849378e-06,1.8424689e-05,3
7400.0,7405.0,7402.5,6.141563e-06,3.0707815e-05,5
7405.0,7410.0,7407.5,4.9132504e-06,2.4566252e-05,4
7410.0,7415.0,7412.5,6.141563e-06,3.0707815e-05,5
7420.0,7425.0,7422.5,8.5981882e-06,4.2990941e-05,7
7425.0,7430.0,7427.5,2.4566252e-06,1.2283126e-05,2
7430.0,7435.0,7432.5,2.4566252e-06,1.2283126e-05,2
7435.0,7440.0,7437.5,7.3698756e-06,3.6849378e-05,6
7440.0,7445.0,7442.5,1.2283126e-06,6.141563e-06,1
7445.0,7450.0,7447.5,4.9132504e-06,2.4566252e-05,4
7450.0,7455.0,7452.5,2.4566252e-06,1.2283126e-05,2
7455.0,7460.0,7457.5,4.9132504e-06,2.4566252e-05,4
7460.0,7465.0,7462.5,4.9132504e-06,2.4566252e-05,4
7465.0,7470.0,7467.5,1.2283126e-06,6.141563e-06,1
7470.0,7475.0,7472.5,2.4566252e-06,1.2283126e-05,2
7475.0,7480.0,7477.5,1.2283126e-06,6.141563e-06,1
7480.0,7485.0,7482.5,3.6849378e-06,1.8424689e-05,3
7485.0,7490.0,7487.5,6.141563e-06,3.0707815e-05,5
7490.0,7495.0,7492.5,2.4566252e-06,1.2283126e-05,2
7495.0,7500.0,7497.5,6.141563e-06,3.0707815e-05,5
7500.0,7505.0,7502.5,8.5981882e-06,4.2990941e-05,7
7510.0,7515.0,7512.5,1.2283126e-06,6.141563e-06,1
7515.0,7520.0,7517.5,9.8265008e-06,4.9132504e-05,8
7520.0,7525.0,7522.5,2.4566252e-06,1.2283126e-05,2
7525.0,7530.0,7527.5,6.141563e-06,3.0707815e-05,5
7530.0,7535.0,7532.5,2.4566252e-06,1.2283126e-05,2
7535.0,7540.0,7537.5,1.2283126e-06,6.141563e-06,1
7545.0,7550.0,7547.5,4.9132504e-06,2.4566252e-05,4
7550.0,7555.0,7552.5,1.2283126e-06,6.141563e-06,1
7555.0,7560.0,7557.5,3.6849378e-06,1.8424689e-05,3
7560.0,7565.0,7562.5,3.6849378e-06,1.8424689e-05,3
7565.0,7570.0,7567.5,2.4566252e-06,1.2283126e-05,2
7570.0,7575.0,7572.5,4.9132504e-06,2.4566252e-05,4
7575.0,7580.0,7577.5,2.4566252e-06,1.2283126e-05,2
7580.0,7585.0,7582.5,6.141563e-06,3.0707815e-05,5
7585.0,7590.0,7587.5,3.6849378e-06,1.8424689e-05,3
7590.0,7595.0,7592.5,3.6849378e-06,1.8424689e-05,3
7595.0,7600.0,7597.5,2.4566252e-06,1.2283126e-05,2
7600.0,7605.0,7602.5,2.4566252e-06,1.2283126e-05,2
7605.0,7610.0,7607.5,3.6849378e-06,1.8424689e-05,3
7610.0,7615.0,7612.5,4.9132504e-06,2.4566252e-05,4
7615.0,7620.0,7617.5,2.4566252e-06,1.2283126e-05,2
7620.0,7625.0,7622.5,2.4566252e-06,1.2283126e-05,2
7625.0,7630.0,7627.5,3.6849378e-06,1.8424689e-05,3
7630.0,7635.0,7632.5,2.4566252e-06,1.2283126e-05,2
7635.0,7640.0,7637.5,4.9132504e-06,2.4566252e-05,4
7645.0,7650.0,7647.5,4.9132504e-06,2.4566252e-05,4
7650.0,7655.0,7652.5,2.4566252e-06,1.2283126e-05,2
7655.0,7660.0,7657.5,4.9132504e-06,2.4566252e-05,4
7660.0,7665.0,7662.5,2.4566252e-06,1.2283126e-05,2
7665.0,7670.0,7667.5,2.4566252e-06,1.2283126e-05,2
7670.0,7675.0,7672.5,3.6849378e-06,1.8424689e-05,3
7675.0,7680.0,7677.5,1.2283126e-06,6.141563e-06,1
7680.0,7685.0,7682.5,4.9132504e-06,2.4566252e-05,4
7685.0,7690.0,7687.5,4.9132504e-06,2.4566252e-05,4
7690.0,7695.0,7692.5,2.4566252e-06,1.2283126e-05,2
7695.0,7700.0,7697.5,2.4566252e-06,1.2283126e-05,2
7700.0,7705.0,7702.5,3.6849378e-06,1.8424689e-05,3
7705.0,7710.0,7707.5,2.4566252e-06,1.2283126e-05,2
7710.0,7715.0,7712.5,3.6849378e-06,1.8424689e-05,3
7715.0,7720.0,7717.5,4.9132504e-06,2.4566252e-05,4
7720.0,7725.0,7722.5,6.141563e-06,3.0707815e-05,5
7725.0,7730.0,7727.5,6.141563e-06,3.0707815e-05,5
7730.0,7735.0,7732.5,2.4566252e-06,1.2283126e-05,2
7735.0,7740.0,7737.5,3.6849378e-06,1.8424689e-05,3
7740.0,7745.0,7742.5,6.141563e-06,3.0707815e-05,5
7745.0,7750.0,7747.5,2.4566252e-06,1.2283126e-05,2
7750.0,7755.0,7752.5,2.4566252e-06,1.2283126e-05,2
7755.0,7760.0,7757.5,2.4566252e-06,1.2283126e-05,2
7760.0,7765.0,7762.5,1.2283126e-06,6.141563e-06,1
7765.0,7770.0,7767.5,2.4566252e-06,1.2283126e-05,2
7770.0,7775.0,7772.5,8.5981882e-06,4.2990941e-05,7
7775.0,7780.0,7777.5,2.4566252e-06,1.2283126e-05,2
7785.0,7790.0,7787.5,1.2283126e-06,6.141563e-06,1
7790.0,7795.0,7792.5,4.9132504e-06,2.4566252e-05,4
7795.0,7800.0,7797.5,2.4566252e-06,1.2283126e-05,2
7800.0,7805.0,7802.5,6.141563e-06,3.0707815e-05,5
7805.0,7810.0,7807.5,2.4566252e-06,1.2283126e-05,2
7810.0,7815.0,7812.5,7.3698756e-06,3.6849378e-05,6
7815.0,7820.0,7817.5,1.2283126e-06,6.141563e-06,1
7820.0,7825.0,7822.5,2.4566252e-06,1.2283126e-05,2
7825.0,7830.0,7827.5,2.4566252e-06,1.2283126e-05,2
7830.0,7835.0,7832.5,3.6849378e-06,1.8424689e-05,3
7835.0,7840.0,7837.5,7.3698756e-06,3.6849378e-05,6
7840.0,7845.0,7842.5,6.141563e-06,3.0707815e-05,5
7850.0,7855.0,7852.5,2.4566252e-06,1.2283126e-05,2
7855.0,7860.0,7857.5,1.2283126e-06,6.141563e-06,1
7860.0,7865.0,7862.5,3.6849378e-06,1.8424689e-05,3
7865.0,7870.0,7867.5,6.141563e-06,3.0707815e-05,5
7870.0,7875.0,7872.5,2.4566252e-06,1.2283126e-05,2
7875.0,7880.0,7877.5,3.6849378e-06,1.8424689e-05,3
7880.0,7885.0,7882.5,6.141563e-06,3.0707815e-05,5
7885.0,7890.0,7887.5,1.2283126e-06,6.141563e-06,1
7890.0,7895.0,7892.5,2.4566252e-06,1.2283126e-05,2
7895.0,7900.0,7897.5,8.5981882e-06,4.2990941e-05,7
7900.0,7905.0,7902.5,2.4566252e-06,1.2283126e-05,2
7905.0,7910.0,7907.5,1.2283126e-06,6.141563e-06,1
7910.0,7915.0,7912.5,4.9132504e-06,2.4566252e-05,4
7915.0,7920.0,7917.5,4.9132504e-06,2.4566252e-05,4
7920.0,7925.0,7922.5,6.141563e-06,3.0707815e-05,5
7925.0,7930.0,7927.5,1.2283126e-06,6.141563e-06,1
7930.0,7935.0,7932.5,3.6849378e-06,1.8424689e-05,3
7935.0,7940.0,7937.5,1.2283126e-06,6.141563e-06,1
7940.0,7945.0,7942.5,2.4566252e-06,1.2283126e-05,2
7945.0,7950.0,7947.5,1.2283126e-06,6.141563e-06,1
7955.0,7960.0,7957.5,2.4566252e-06,1.2283126e-05,2
7960.0,7965.0,7962.5,3.6849378e-06,1.8424689e-05,3
7965.0,7970.0,7967.5,2.4566252e-06,1.2283126e-05,2
7970.0,7975.0,7972.5,4.9132504e-06,2.4566252e-05,4
7975.0,7980.0,7977.5,3.6849378e-06,1.8424689e-05,3
7980.0,7985.0,7982.5,3.6849378e-06,1.8424689e-05,3
7985.0,7990.0,7987.5,2.4566252e-06,1.2283126e-05,2
7990.0,7995.0,7992.5,2.4566252e-06,1.2283126e-05,2
7995.0,8000.0,7997.5,3.6849378e-06,1.8424689e-05,3
8000.0,8005.0,8002.5,8.5981882e-06,4.2990941e-05,7
8005.0,8010.0,8007.5,6.141563e-06,3.0707815e-05,5
8010.0,8015.0,8012.5,3.6849378e-06,1.8424689e-05,3
8015.0,8020.0,8017.5,2.4566252e-06,1.2283126e-05,2
8020.0,8025.0,8022.5,2.4566252e-06,1.2283126e-05,2
8025.0,8030.0,8027.5,3.6849378e-06,1.8424689e-05,3
8030.0,8035.0,8032.5,3.6849378e-06,1.8424689e-05,3
8035.0,8040.0,8037.5,1.2283126e-06,6.141563e-06,1
8040.0,8045.0,8042.5,2.4566252e-06,1.2283126e-05,2
8045.0,8050.0,8047.5,2.4566252e-06,1.2283126e-05,2
8050.0,8055.0,8052.5,2.4566252e-06,1.2283126e-05,2
8060.0,8065.0,8062.5,3.6849378e-06,1.8424689e-05,3
8065.0,8070.0,8067.5,2.4566252e-06,1.2283126e-05,2
8075.0,8080.0,8077.5,3.6849378e-06,1.8424689e-05,3
8080.0,8085.0,8082.5,3.6849378e-06,1.8424689e-05,3
8085.0,8090.0,8087.5,2.4566252e-06,1.2283126e-05,2
8090.0,8095.0,8092.5,6.141563e-06,3.0707815e-05,5
8095.0,8100.0,8097.5,3.6849378e-06,1.8424689e-05,3
8100.0,8105.0,8102.5,1.2283126e-06,6.141563e-06,1
8105.0,8110.0,8107.5,4.9132504e-06,2.4566252e-05,4
8110.0,8115.0,8112.5,4.9132504e-06,2.4566252e-05,4
8115.0,8120.0,8117.5,1.2283126e-06,6.141563e-06,1
8120.0,8125.0,8122.5,1.2283126e-06,6.141563e-06,1
8125.0,8130.0,8127.5,1.2283126e-06,6.141563e-06,1
8130.0,8135.0,8132.5,4.9132504e-06,2.4566252e-05,4
8135.0,8140.0,8137.5,1.2283126e-06,6.141563e-06,1
8140.0,8145.0,8142.5,2.4566252e-06,1.2283126e-05,2
8145.0,8150.0,8147.5,3.6849378e-06,1.8424689e-05,3
8150.0,8155.0,8152.5,4.9132504e-06,2.4566252e-05,4
8155.0,8160.0,8157.5,1.2283126e-06,6.141563e-06,1
8160.0,8165.0,8162.5,2.4566252e-06,1.2283126e-05,2
8165.0,8170.0,8167.5,1.2283126e-06,6.141563e-06,1
8170.0,8175.0,8172.5,1.2283126e-06,6.141563e-06,1
8175.0,8180.0,8177.5,3.6849378e-06,1.8424689e-05,3
8180.0,8185.0,8182.5,3.6849378e-06,1.8424689e-05,3
8185.0,8190.0,8187.5,2.4566252e-06,1.2283126e-05,2
8190.0,8195.0,8192.5,1.2283126e-06,6.141563e-06,1
8195.0,8200.0,8197.5,3.6849378e-06,1.8424689e-05,3
8200.0,8205.0,8202.5,2.4566252e-06,1.2283126e-05,2
8205.0,8210.0,8207.5,2.4566252e-06,1.2283126e-05,2
8210.0,8215.0,8212.5,3.6849378e-06,1.8424689e-05,3
8215.0,8220.0,8217.5,2.4566252e-06,1.2283126e-05,2
8220.0,8225.0,8222.5,4.9132504e-06,2.4566252e-05,4
8225.0,8230.0,8227.5,3.6849378e-06,1.8424689e-05,3
8230.0,8235.0,8232.5,1.2283126e-06,6.141563e-06,1
8235.0,8240.0,8237.5,4.9132504e-06,2.4566252e-05,4
8240.0,8245.0,8242.5,1.2283126e-06,6.141563e-06,1
8245.0,8250.0,8247.5,4.9132504e-06,2.4566252e-05,4
8250.0,8255.0,8252.5,1.2283126e-06,6.141563e-06,1
8255.0,8260.0,8257.5,2.4566252e-06,1.2283126e-05,2
8260.0,8265.0,8262.5,3.6849378e-06,1.8424689e-05,3
8265.0,8270.0,8267.5,6.141563e-06,3.0707815e-05,5
8270.0,8275.0,8272.5,3.6849378e-06,1.8424689e-05,3
8275.0,8280.0,8277.5,3.6849378e-06,1.8424689e-05,3
8280.0,8285.0,8282.5,6.141563e-06,3.0707815e-05,5
8285.0,8290.0,8287.5,1.2283126e-06,6.141563e-06,1
8290.0,8295.0,8292.5,4.9132504e-06,2.4566252e-05,4
8295.0,8300.0,8297.5,2.4566252e-06,1.2283126e-05,2
8300.0,8305.0,8302.5,2.4566252e-06,1.2283126e-05,2
8305.0,8310.0,8307.5,2.4566252e-06,1.2283126e-05,2
8310.0,8315.0,8312.5,2.4566252e-06,1.2283126e-05,2
8315.0,8320.0,8317.5,2.4566252e-06,1.2283126e-05,2
8320.0,8325.0,8322.5,2.4566252e-06,1.2283126e-05,2
8325.0,8330.0,8327.5,2.4566252e-06,1.2283126e-05,2
8335.0,8340.0,8337.5,1.2283126e-06,6.141563e-06,1
8340.0,8345.0,8342.5,1.2283126e-06,6.141563e-06,1
8345.0,8350.0,8347.5,1.2283126e-06,6.141563e-06,1
8350.0,8355.0,8352.5,2.4566252e-06,1.2283126e-05,2
8365.0,8370.0,8367.5,3.6849378e-06,1.8424689e-05,3
8370.0,8375.0,8372.5,6.141563e-06,3.0707815e-05,5
8375.0,8380.0,8377.5,3.6849378e-06,1.8424689e-05,3
8380.0,8385.0,8382.5,2.4566252e-06,1.2283126e-05,2
8385.0,8390.0,8387.5,4.9132504e-06,2.4566252e-05,4
8390.0,8395.0,8392.5,3.6849378e-06,1.8424689e-05,3
8395.0,8400.0,8397.5,4.9132504e-06,2.4566252e-05,4
8400.0,8405.0,8402.5,2.4566252e-06,1.2283126e-05,2
8405.0,8410.0,8407.5,2.4566252e-06,1.2283126e-05,2
8410.0,8415.0,8412.5,4.9132504e-06,2.4566252e-05,4
8420.0,8425.0,8422.5,4.9132504e-06,2.4566252e-05,4
8425.0,8430.0,8427.5,3.6849378e-06,1.8424689e-05,3
8430.0,8435.0,8432.5,2.4566252e-06,1.2283126e-05,2
8435.0,8440.0,8437.5,2.4566252e-06,1.2283126e-05,2
8440.0,8445.0,8442.5,3.6849378e-06,1.8424689e-05,3
8445.0,8450.0,8447.5,2.4566252e-06,1.2283126e-05,2
8450.0,8455.0,8452.5,1.2283126e-06,6.141563e-06,1
8455.0,8460.0,8457.5,3.6849378e-06,1.8424689e-05,3
8460.0,8465.0,8462.5,1.2283126e-06,6.141563e-06,1
8475.0,8480.0,8477.5,2.4566252e-06,1.2283126e-05,2
8480.0,8485.0,8482.5,3.6849378e-06,1.8424689e-05,3
8485.0,8490.0,8487.5,2.4566252e-06,1.2283126e-05,2
8495.0,8500.0,8497.5,2.4566252e-06,1.2283126e-05,2
8500.0,8505.0,8502.5,1.2283126e-06,6.141563e-06,1
8505.0,8510.0,8507.5,8.5981882e-06,4.2990941e-05,7
8510.0,8515.0,8512.5,2.4566252e-06,1.2283126e-05,2
8515.0,8520.0,8517.5,3.6849378e-06,1.8424689e-05,3
8520.0,8525.0,8522.5,4.9132504e-06,2.4566252e-05,4
8525.0,8530.0,8527.5,1.2283126e-06,6.141563e-06,1
8530.0,8535.0,8532.5,4.9132504e-06,2.4566252e-05,4
8535.0,8540.0,8537.5,4.9132504e-06,2.4566252e-05,4
8545.0,8550.0,8547.5,3.6849378e-06,1.8424689e-05,3
8550.0,8555.0,8552.5,1.2283126e-06,6.141563e-06,1
8555.0,8560.0,8557.5,1.2283126e-06,6.141563e-06,1
8560.0,8565.0,8562.5,1.2283126e-06,6.141563e-06,1
8565.0,8570.0,8567.5,1.2283126e-06,6.141563e-06,1
8570.0,8575.0,8572.5,3.6849378e-06,1.8424689e-05,3
8575.0,8580.0,8577.5,3.6849378e-06,1.8424689e-05,3
8580.0,8585.0,8582.5,3.6849378e-06,1.8424689e-05,3
8585.0,8590.0,8587.5,2.4566252e-06,1.2283126e-05,2
8590.0,8595.0,8592.5,4.9132504e-06,2.4566252e-05,4
8595.0,8600.0,8597.5,2.4566252e-06,1.2283126e-05,2
8600.0,8605.0,8602.5,4.9132504e-06,2.4566252e-05,4
8605.0,8610.0,8607.5,1.2283126e-06,6.141563e-06,1
8610.0,8615.0,8612.5,8.5981882e-06,4.2990941e-05,7
8615.0,8620.0,8617.5,3.6849378e-06,1.8424689e-05,3
8620.0,8625.0,8622.5,3.6849378e-06,1.8424689e-05,3
8625.0,8630.0,8627.5,2.4566252e-06,1.2283126e-05,2
8630.0,8635.0,8632.5,1.2283126e-06,6.141563e-06,1
8635.0,8640.0,8637.5,1.2283126e-06,6.141563e-06,1
8640.0,8645.0,8642.5,2.4566252e-06,1.2283126e-05,2
8645.0,8650.0,8647.5,3.6849378e-06,1.8424689e-05,3
8655.0,8660.0,8657.5,1.2283126e-06,6.141563e-06,1
8660.0,8665.0,8662.5,2.4566252e-06,1.2283126e-05,2
8665.0,8670.0,8667.5,3.6849378e-06,1.8424689e-05,3
8670.0,8675.0,8672.5,2.4566252e-06,1.2283126e-05,2
8675.0,8680.0,8677.5,1.2283126e-06,6.141563e-06,1
8685.0,8690.0,8687.5,4.9132504e-06,2.4566252e-05,4
8690.0,8695.0,8692.5,1.2283126e-06,6.141563e-06,1
8695.0,8700.0,8697.5,2.4566252e-06,1.2283126e-05,2
8700.0,8705.0,8702.5,1.2283126e-06,6.141563e-06,1
8705.0,8710.0,8707.5,6.141563e-06,3.0707815e-05,5
8715.0,8720.0,8717.5,3.6849378e-06,1.8424689e-05,3
8720.0,8725.0,8722.5,1.2283126e-06,6.141563e-06,1
8725.0,8730.0,8727.5,3.6849378e-06,1.8424689e-05,3
8730.0,8735.0,8732.5,2.4566252e-06,1.2283126e-05,2
8735.0,8740.0,8737.5,4.9132504e-06,2.4566252e-05,4
8740.0,8745.0,8742.5,2.4566252e-06,1.2283126e-05,2
8745.0,8750.0,8747.5,3.6849378e-06,1.8424689e-05,3
8750.0,8755.0,8752.5,1.2283126e-06,6.141563e-06,1
8755.0,8760.0,8757.5,3.6849378e-06,1.8424689e-05,3
8760.0,8765.0,8762.5,1.2283126e-06,6.141563e-06,1
8765.0,8770.0,8767.5,2.4566252e-06,1.2283126e-05,2
8770.0,8775.0,8772.5,9.8265008e-06,4.9132504e-05,8
8775.0,8780.0,8777.5,1.2283126e-06,6.141563e-06,1
8785.0,8790.0,8787.5,1.2283126e-06,6.141563e-06,1
8790.0,8795.0,8792.5,1.2283126e-06,6.141563e-06,1
8795.0,8800.0,8797.5,2.4566252e-06,1.2283126e-05,2
8800.0,8805.0,8802.5,2.4566252e-06,1.2283126e-05,2
8805.0,8810.0,8807.5,8.5981882e-06,4.2990941e-05,7
8825.0,8830.0,8827.5,2.4566252e-06,1.2283126e-05,2
8830.0,8835.0,8832.5,1.2283126e-06,6.141563e-06,1
8835.0,8840.0,8837.5,2.4566252e-06,1.2283126e-05,2
8840.0,8845.0,8842.5,2.4566252e-06,1.2283126e-05,2
8850.0,8855.0,8852.5,3.6849378e-06,1.8424689e-05,3
8865.0,8870.0,8867.5,4.9132504e-06,2.4566252e-05,4
8870.0,8875.0,8872.5,1.2283126e-06,6.141563e-06,1
8875.0,8880.0,8877.5,1.2283126e-06,6.141563e-06,1
8880.0,8885.0,8882.5,2.4566252e-06,1.2283126e-05,2
8885.0,8890.0,8887.5,1.2283126e-06,6.141563e-06,1
8890.0,8895.0,8892.5,2.4566252e-06,1.2283126e-05,2
8895.0,8900.0,8897.5,3.6849378e-06,1.8424689e-05,3
8900.0,8905.0,8902.5,2.4566252e-06,1.2283126e-05,2
8905.0,8910.0,8907.5,2.4566252e-06,1.2283126e-05,2
8910.0,8915.0,8912.5,1.2283126e-06,6.141563e-06,1
8915.0,8920.0,8917.5,2.4566252e-06,1.2283126e-05,2
8920.0,8925.0,8922.5,3.6849378e-06,1.8424689e-05,3
8925.0,8930.0,8927.5,4.9132504e-06,2.4566252e-05,4
8935.0,8940.0,8937.5,2.4566252e-06,1.2283126e-05,2
8940.0,8945.0,8942.5,1.2283126e-06,6.141563e-06,1
8950.0,8955.0,8952.5,3.6849378e-06,1.8424689e-05,3
8955.0,8960.0,8957.5,1.2283126e-06,6.141563e-06,1
8960.0,8965.0,8962.5,1.2283126e-06,6.141563e-06,1
8965.0,8970.0,8967.5,3.6849378e-06,1.8424689e-05,3
8970.0,8975.0,8972.5,3.6849378e-06,1.8424689e-05,3
8975.0,8980.0,8977.5,1.2283126e-06,6.141563e-06,1
8985.0,8990.0,8987.5,2.4566252e-06,1.2283126e-05,2
8990.0,8995.0,8992.5,3.6849378e-06,1.8424689e-05,3
8995.0,9000.0,8997.5,3.6849378e-06,1.8424689e-05,3
9000.0,9005.0,9002.5,1.2283126e-06,6.141563e-06,1
9005.0,9010.0,9007.5,2.4566252e-06,1.2283126e-05,2
9010.0,9015.0,9012.5,3.6849378e-06,1.8424689e-05,3
9020.0,9025.0,9022.5,2.4566252e-06,1.2283126e-05,2
9025.0,9030.0,9027.5,2.4566252e-06,1.2283126e-05,2
9030.0,9035.0,9032.5,3.6849378e-06,1.8424689e-05,3
9040.0,9045.0,9042.5,4.9132504e-06,2.4566252e-05,4
9045.0,9050.0,9047.5,1.2283126e-06,6.141563e-06,1
9050.0,9055.0,9052.5,2.4566252e-06,1.2283126e-05,2
9055.0,9060.0,9057.5,1.2283126e-06,6.141563e-06,1
9060.0,9065.0,9062.5,1.2283126e-06,6.141563e-06,1
9070.0,9075.0,9072.5,1.2283126e-06,6.141563e-06,1
9075.0,9080.0,9077.5,2.4566252e-06,1.2283126e-05,2
9080.0,9085.0,9082.5,2.4566252e-06,1.2283126e-05,2
9085.0,9090.0,9087.5,1.2283126e-06,6.141563e-06,1
9090.0,9095.0,9092.5,1.2283126e-06,6.141563e-06,1
9095.0,9100.0,9097.5,2.4566252e-06,1.2283126e-05,2
9100.0,9105.0,9102.5,2.4566252e-06,1.2283126e-05,2
9105.0,9110.0,9107.5,2.4566252e-06,1.2283126e-05,2
9110.0,9115.0,9112.5,6.141563e-06,3.0707815e-05,5
9115.0,9120.0,9117.5,3.6849378e-06,1.8424689e-05,3
9125.0,9130.0,9127.5,3.6849378e-06,1.8424689e-05,3
9130.0,9135.0,9132.5,1.2283126e-06,6.141563e-06,1
9140.0,9145.0,9142.5,3.6849378e-06,1.8424689e-05,3
9145.0,9150.0,9147.5,1.2283126e-06,6.141563e-06,1
9150.0,9155.0,9152.5,3.6849378e-06,1.8424689e-05,3
9155.0,9160.0,9157.5,2.4566252e-06,1.2283126e-05,2
9165.0,9170.0,9167.5,2.4566252e-06,1.2283126e-05,2
9170.0,9175.0,9172.5,2.4566252e-06,1.2283126e-05,2
9175.0,9180.0,9177.5,2.4566252e-06,1.2283126e-05,2
9180.0,9185.0,9182.5,1.2283126e-06,6.141563e-06,1
9185.0,9190.0,9187.5,4.9132504e-06,2.4566252e-05,4
9190.0,9195.0,9192.5,1.2283126e-06,6.141563e-06,1
9195.0,9200.0,9197.5,1.2283126e-06,6.141563e-06,1
9200.0,9205.0,9202.5,1.2283126e-06,6.141563e-06,1
9205.0,9210.0,9207.5,3.6849378e-06,1.8424689e-05,3
9210.0,9215.0,9212.5,2.4566252e-06,1.2283126e-05,2
9215.0,9220.0,9217.5,2.4566252e-06,1.2283126e-05,2
9225.0,9230.0,9227.5,2.4566252e-06,1.2283126e-05,2
9230.0,9235.0,9232.5,1.2283126e-06,6.141563e-06,1
9240.0,9245.0,9242.5,2.4566252e-06,1.2283126e-05,2
9245.0,9250.0,9247.5,1.2283126e-06,6.141563e-06,1
9250.0,9255.0,9252.5,2.4566252e-06,1.2283126e-05,2
9260.0,9265.0,9262.5,1.2283126e-06,6.141563e-06,1
9265.0,9270.0,9267.5,2.4566252e-06,1.2283126e-05,2
9270.0,9275.0,9272.5,1.2283126e-06,6.141563e-06,1
9275.0,9280.0,9277.5,2.4566252e-06,1.2283126e-05,2
9280.0,9285.0,9282.5,1.2283126e-06,6.141563e-06,1
9285.0,9290.0,9287.5,1.2283126e-06,6.141563e-06,1
9290.0,9295.0,9292.5,2.4566252e-06,1.2283126e-05,2
9295.0,9300.0,9297.5,1.2283126e-06,6.141563e-06,1
9305.0,9310.0,9307.5,1.2283126e-06,6.141563e-06,1
9310.0,9315.0,9312.5,2.4566252e-06,1.2283126e-05,2
9315.0,9320.0,9317.5,1.2283126e-06,6.141563e-06,1
9320.0,9325.0,9322.5,2.4566252e-06,1.2283126e-05,2
9325.0,9330.0,9327.5,1.2283126e-06,6.141563e-06,1
9335.0,9340.0,9337.5,3.6849378e-06,1.8424689e-05,3
9340.0,9345.0,9342.5,1.2283126e-06,6.141563e-06,1
9355.0,9360.0,9357.5,1.2283126e-06,6.141563e-06,1
9360.0,9365.0,9362.5,1.2283126e-06,6.141563e-06,1
9370.0,9375.0,9372.5,1.2283126e-06,6.141563e-06,1
9375.0,9380.0,9377.5,2.4566252e-06,1.2283126e-05,2
9385.0,9390.0,9387.5,2.4566252e-06,1.2283126e-05,2
9390.0,9395.0,9392.5,1.2283126e-06,6.141563e-06,1
9395.0,9400.0,9397.5,1.2283126e-06,6.141563e-06,1
9405.0,9410.0,9407.5,1.2283126e-06,6.141563e-06,1
9410.0,9415.0,9412.5,1.2283126e-06,6.141563e-06,1
9420.0,9425.0,9422.5,1.2283126e-06,6.141563e-06,1
9425.0,9430.0,9427.5,1.2283126e-06,6.141563e-06,1
9430.0,9435.0,9432.5,1.2283126e-06,6.141563e-06,1
9435.0,9440.0,9437.5,1.2283126e-06,6.141563e-06,1
9440.0,9445.0,9442.5,3.6849378e-06,1.8424689e-05,3
9445.0,9450.0,9447.5,3.6849378e-06,1.8424689e-05,3
9460.0,9465.0,9462.5,1.2283126e-06,6.141563e-06,1
9465.0,9470.0,9467.5,3.6849378e-06,1.8424689e-05,3
9475.0,9480.0,9477.5,1.2283126e-06,6.141563e-06,1
9485.0,9490.0,9487.5,1.2283126e-06,6.141563e-06,1
9490.0,9495.0,9492.5,2.4566252e-06,1.2283126e-05,2
9495.0,9500.0,9497.5,1.2283126e-06,6.141563e-06,1
9520.0,9525.0,9522.5,1.2283126e-06,6.141563e-06,1
9525.0,9530.0,9527.5,2.4566252e-06,1.2283126e-05,2
9530.0,9535.0,9532.5,1.2283126e-06,6.141563e-06,1
9535.0,9540.0,9537.5,3.6849378e-06,1.8424689e-05,3
9545.0,9550.0,9547.5,1.2283126e-06,6.141563e-06,1
9555.0,9560.0,9557.5,2.4566252e-06,1.2283126e-05,2
9560.0,9565.0,9562.5,1.2283126e-06,6.141563e-06,1
9570.0,9575.0,9572.5,1.2283126e-06,6.141563e-06,1
9575.0,9580.0,9577.5,2.4566252e-06,1.2283126e-05,2
9580.0,9585.0,9582.5,1.2283126e-06,6.141563e-06,1
9585.0,9590.0,9587.5,1.2283126e-06,6.141563e-06,1
9605.0,9610.0,9607.5,2.4566252e-06,1.2283126e-05,2
9610.0,9615.0,9612.5,1.2283126e-06,6.141563e-06,1
9615.0,9620.0,9617.5,1.2283126e-06,6.141563e-06,1
9625.0,9630.0,9627.5,1.2283126e-06,6.141563e-06,1
9630.0,9635.0,9632.5,2.4566252e-06,1.2283126e-05,2
9635.0,9640.0,9637.5,2.4566252e-06,1.2283126e-05,2
9640.0,9645.0,9642.5,2.4566252e-06,1.2283126e-05,2
9650.0,9655.0,9652.5,1.2283126e-06,6.141563e-06,1
9670.0,9675.0,9672.5,1.2283126e-06,6.141563e-06,1
9675.0,9680.0,9677.5,1.2283126e-06,6.141563e-06,1
9680.0,9685.0,9682.5,1.2283126e-06,6.141563e-06,1
9685.0,9690.0,9687.5,2.4566252e-06,1.2283126e-05,2
9690.0,9695.0,9692.5,3.6849378e-06,1.8424689e-05,3
9695.0,9700.0,9697.5,1.2283126e-06,6.141563e-06,1
9705.0,9710.0,9707.5,1.2283126e-06,6.141563e-06,1
9715.0,9720.0,9717.5,1.2283126e-06,6.141563e-06,1
9720.0,9725.0,9722.5,1.2283126e-06,6.141563e-06,1
9730.0,9735.0,9732.5,2.4566252e-06,1.2283126e-05,2
9750.0,9755.0,9752.5,1.2283126e-06,6.141563e-06,1
9755.0,9760.0,9757.5,3.6849378e-06,1.8424689e-05,3
9760.0,9765.0,9762.5,2.4566252e-06,1.2283126e-05,2
9765.0,9770.0,9767.5,1.2283126e-06,6.141563e-06,1
9780.0,9785.0,9782.5,1.2283126e-06,6.141563e-06,1
9790.0,9795.0,9792.5,1.2283126e-06,6.141563e-06,1
9800.0,9805.0,9802.5,2.4566252e-06,1.2283126e-05,2
9805.0,9810.0,9807.5,1.2283126e-06,6.141563e-06,1
9820.0,9825.0,9822.5,2.4566252e-06,1.2283126e-05,2
9830.0,9835.0,9832.5,3.6849378e-06,1.8424689e-05,3
9835.0,9840.0,9837.5,1.2283126e-06,6.141563e-06,1
9840.0,9845.0,9842.5,1.2283126e-06,6.141563e-06,1
9855.0,9860.0,9857.5,4.9132504e-06,2.4566252e-05,4
9865.0,9870.0,9867.5,4.9132504e-06,2.4566252e-05,4
9870.0,9875.0,9872.5,2.4566252e-06,1.2283126e-05,2
9880.0,9885.0,9882.5,1.2283126e-06,6.141563e-06,1
9890.0,9895.0,9892.5,1.2283126e-06,6.141563e-06,1
9895.0,9900.0,9897.5,1.2283126e-06,6.141563e-06,1
9900.0,9905.0,9902.5,2.4566252e-06,1.2283126e-05,2
9910.0,9915.0,9912.5,1.2283126e-06,6.141563e-06,1
9935.0,9940.0,9937.5,1.2283126e-06,6.141563e-06,1
9950.0,9955.0,9952.5,1.2283126e-06,6.141563e-06,1
9955.0,9960.0,9957.5,2.4566252e-06,1.2283126e-05,2
9960.0,9965.0,9962.5,1.2283126e-06,6.141563e-06,1
9975.0,9980.0,9977.5,1.2283126e-06,6.141563e-06,1
9980.0,9985.0,9982.5,1.2283126e-06,6.141563e-06,1
9985.0,9990.0,9987.5,1.2283126e-06,6.141563e-06,1
9990.0,9995.0,9992.5,2.4566252e-06,1.2283126e-05,2
9995.0,10000.0,9997.5,1.2283126e-06,6.141563e-06,1
10000.0,10005.0,10002.5,1.2283126e-06,6.141563e-06,1
10005.0,10010.0,10007.5,1.2283126e-06,6.141563e-06,1
10035.0,10040.0,10037.5,1.2283126e-06,6.141563e-06,1
10040.0,10045.0,10042.5,1.2283126e-06,6.141563e-06,1
10045.0,10050.0,10047.5,1.2283126e-06,6.141563e-06,1
10050.0,10055.0,10052.5,2.4566252e-06,1.2283126e-05,2
10055.0,10060.0,10057.5,3.6849378e-06,1.8424689e-05,3
10065.0,10070.0,10067.5,1.2283126e-06,6.141563e-06,1
10085.0,10090.0,10087.5,2.4566252e-06,1.2283126e-05,2
10090.0,10095.0,10092.5,1.2283126e-06,6.141563e-06,1
10100.0,10105.0,10102.5,1.2283126e-06,6.141563e-06,1
10105.0,10110.0,10107.5,1.2283126e-06,6.141563e-06,1
10110.0,10115.0,10112.5,1.2283126e-06,6.141563e-06,1
10130.0,10135.0,10132.5,2.4566252e-06,1.2283126e-05,2
10135.0,10140.0,10137.5,1.2283126e-06,6.141563e-06,1
10145.0,10150.0,10147.5,1.2283126e-06,6.141563e-06,1
10150.0,10155.0,10152.5,2.4566252e-06,1.2283126e-05,2
10170.0,10175.0,10172.5,1.2283126e-06,6.141563e-06,1
10180.0,10185.0,10182.5,1.2283126e-06,6.141563e-06,1
10190.0,10195.0,10192.5,1.2283126e-06,6.141563e-06,1
10200.0,10205.0,10202.5,1.2283126e-06,6.141563e-06,1
10205.0,10210.0,10207.5,1.2283126e-06,6.141563e-06,1
10245.0,10250.0,10247.5,1.2283126e-06,6.141563e-06,1
10270.0,10275.0,10272.5,1.2283126e-06,6.141563e-06,1
10275.0,10280.0,10277.5,1.2283126e-06,6.141563e-06,1
10280.0,10285.0,10282.5,1.2283126e-06,6.141563e-06,1
10285.0,10290.0,10287.5,1.2283126e-06,6.141563e-06,1
10290.0,10295.0,10292.5,2.4566252e-06,1.2283126e-05,2
10305.0,10310.0,10307.5,1.2283126e-06,6.141563e-06,1
10330.0,10335.0,10332.5,1.2283126e-06,6.141563e-06,1
10335.0,10340.0,10337.5,1.2283126e-06,6.141563e-06,1
10340.0,10345.0,10342.5,4.9132504e-06,2.4566252e-05,4
10355.0,10360.0,10357.5,1.2283126e-06,6.141563e-06,1
10370.0,10375.0,10372.5,1.2283126e-06,6.141563e-06,1
10375.0,10380.0,10377.5,2.4566252e-06,1.2283126e-05,2
10380.0,10385.0,10382.5,3.6849378e-06,1.8424689e-05,3
10385.0,10390.0,10387.5,1.2283126e-06,6.141563e-06,1
10395.0,10400.0,10397.5,1.2283126e-06,6.141563e-06,1
10410.0,10415.0,10412.5,1.2283126e-06,6.141563e-06,1
10420.0,10425.0,10422.5,1.2283126e-06,6.141563e-06,1
10440.0,10445.0,10442.5,2.4566252e-06,1.2283126e-05,2
10450.0,10455.0,10452.5,3.6849378e-06,1.8424689e-05,3
10470.0,10475.0,10472.5,1.2283126e-06,6.141563e-06,1
10475.0,10480.0,10477.5,1.2283126e-06,6.141563e-06,1
10490.0,10495.0,10492.5,2.4566252e-06,1.2283126e-05,2
10505.0,10510.0,10507.5,2.4566252e-06,1.2283126e-05,2
10515.0,10520.0,10517.5,1.2283126e-06,6.141563e-06,1
10520.0,10525.0,10522.5,1.2283126e-06,6.141563e-06,1
10535.0,10540.0,10537.5,1.2283126e-06,6.141563e-06,1
10540.0,10545.0,10542.5,1.2283126e-06,6.141563e-06,1
10555.0,10560.0,10557.5,1.2283126e-06,6.141563e-06,1
10560.0,10565.0,10562.5,2.4566252e-06,1.2283126e-05,2
10565.0,10570.0,10567.5,1.2283126e-06,6.141563e-06,1
10570.0,10575.0,10572.5,1.2283126e-06,6.141563e-06,1
10580.0,10585.0,10582.5,1.2283126e-06,6.141563e-06,1
10610.0,10615.0,10612.5,1.2283126e-06,6.141563e-06,1
10615.0,10620.0,10617.5,1.2283126e-06,6.141563e-06,1
10625.0,10630.0,10627.5,1.2283126e-06,6.141563e-06,1
10630.0,10635.0,10632.5,3.6849378e-06,1.8424689e-05,3
10635.0,10640.0,10637.5,2.4566252e-06,1.2283126e-05,2
10650.0,10655.0,10652.5,1.2283126e-06,6.141563e-06,1
10665.0,10670.0,10667.5,2.4566252e-06,1.2283126e-05,2
10670.0,10675.0,10672.5,1.2283126e-06,6.141563e-06,1
10675.0,10680.0,10677.5,1.2283126e-06,6.141563e-06,1
10680.0,10685.0,10682.5,2.4566252e-06,1.2283126e-05,2
10685.0,10690.0,10687.5,1.2283126e-06,6.141563e-06,1
10715.0,10720.0,10717.5,3.6849378e-06,1.8424689e-05,3
10725.0,10730.0,10727.5,1.2283126e-06,6.141563e-06,1
10730.0,10735.0,10732.5,1.2283126e-06,6.141563e-06,1
10735.0,10740.0,10737.5,1.2283126e-06,6.141563e-06,1
10740.0,10745.0,10742.5,1.2283126e-06,6.141563e-06,1
10745.0,10750.0,10747.5,1.2283126e-06,6.141563e-06,1
10755.0,10760.0,10757.5,1.2283126e-06,6.141563e-06,1
10760.0,10765.0,10762.5,2.4566252e-06,1.2283126e-05,2
10765.0,10770.0,10767.5,3.6849378e-06,1.8424689e-05,3
10770.0,10775.0,10772.5,1.2283126e-06,6.141563e-06,1
10780.0,10785.0,10782.5,1.2283126e-06,6.141563e-06,1
10790.0,10795.0,10792.5,1.2283126e-06,6.141563e-06,1
10810.0,10815.0,10812.5,1.2283126e-06,6.141563e-06,1
10820.0,10825.0,10822.5,1.2283126e-06,6.141563e-06,1
10830.0,10835.0,10832.5,1.2283126e-06,6.141563e-06,1
10835.0,10840.0,10837.5,1.2283126e-06,6.141563e-06,1
10850.0,10855.0,10852.5,1.2283126e-06,6.141563e-06,1
10870.0,10875.0,10872.5,1.2283126e-06,6.141563e-06,1
10875.0,10880.0,10877.5,1.2283126e-06,6.141563e-06,1
10890.0,10895.0,10892.5,1.2283126e-06,6.141563e-06,1
10905.0,10910.0,10907.5,3.6849378e-06,1.8424689e-05,3
10915.0,10920.0,10917.5,1.2283126e-06,6.141563e-06,1
10920.0,10925.0,10922.5,1.2283126e-06,6.141563e-06,1
10940.0,10945.0,10942.5,2.4566252e-06,1.2283126e-05,2
10965.0,10970.0,10967.5,1.2283126e-06,6.141563e-06,1
10980.0,10985.0,10982.5,1.2283126e-06,6.141563e-06,1
10990.0,10995.0,10992.5,1.2283126e-06,6.141563e-06,1
10995.0,11000.0,10997.5,1.2283126e-06,6.141563e-06,1
11015.0,11020.0,11017.5,1.2283126e-06,6.141563e-06,1
11055.0,11060.0,11057.5,2.4566252e-06,1.2283126e-05,2
11065.0,11070.0,11067.5,1.2283126e-06,6.141563e-06,1
11125.0,11130.0,11127.5,1.2283126e-06,6.141563e-06,1
11135.0,11140.0,11137.5,1.2283126e-06,6.141563e-06,1
11150.0,11155.0,11152.5,1.2283126e-06,6.141563e-06,1
11200.0,11205.0,11202.5,1.2283126e-06,6.141563e-06,1
11215.0,11220.0,11217.5,2.4566252e-06,1.2283126e-05,2
11245.0,11250.0,11247.5,2.4566252e-06,1.2283126e-05,2
11255.0,11260.0,11257.5,1.2283126e-06,6.141563e-06,1
11270.0,11275.0,11272.5,1.2283126e-06,6.141563e-06,1
11285.0,11290.0,11287.5,1.2283126e-06,6.141563e-06,1
11290.0,11295.0,11292.5,1.2283126e-06,6.141563e-06,1
11295.0,11300.0,11297.5,2.4566252e-06,1.2283126e-05,2
11300.0,11305.0,11302.5,1.2283126e-06,6.141563e-06,1
11315.0,11320.0,11317.5,2.4566252e-06,1.2283126e-05,2
11340.0,11345.0,11342.5,1.2283126e-06,6.141563e-06,1
11345.0,11350.0,11347.5,1.2283126e-06,6.141563e-06,1
11350.0,11355.0,11352.5,1.2283126e-06,6.141563e-06,1
11355.0,11360.0,11357.5,1.2283126e-06,6.141563e-06,1
11360.0,11365.0,11362.5,1.2283126e-06,6.141563e-06,1
11365.0,11370.0,11367.5,1.2283126e-06,6.141563e-06,1
11380.0,11385.0,11382.5,2.4566252e-06,1.2283126e-05,2
11415.0,11420.0,11417.5,1.2283126e-06,6.141563e-06,1
11420.0,11425.0,11422.5,1.2283126e-06,6.141563e-06,1
11430.0,11435.0,11432.5,1.2283126e-06,6.141563e-06,1
11435.0,11440.0,11437.5,1.2283126e-06,6.141563e-06,1
11455.0,11460.0,11457.5,1.2283126e-06,6.141563e-06,1
11475.0,11480.0,11477.5,1.2283126e-06,6.141563e-06,1
11480.0,11485.0,11482.5,1.2283126e-06,6.141563e-06,1
11485.0,11490.0,11487.5,2.4566252e-06,1.2283126e-05,2
11495.0,11500.0,11497.5,1.2283126e-06,6.141563e-06,1
11500.0,11505.0,11502.5,1.2283126e-06,6.141563e-06,1
11550.0,11555.0,11552.5,2.4566252e-06,1.2283126e-05,2
11560.0,11565.0,11562.5,1.2283126e-06,6.141563e-06,1
11570.0,11575.0,11572.5,1.2283126e-06,6.141563e-06,1
11575.0,11580.0,11577.5,1.2283126e-06,6.141563e-06,1
11580.0,11585.0,11582.5,1.2283126e-06,6.141563e-06,1
11595.0,11600.0,11597.5,1.2283126e-06,6.141563e-06,1
11615.0,11620.0,11617.5,1.2283126e-06,6.141563e-06,1
11630.0,11635.0,11632.5,1.2283126e-06,6.141563e-06,1
11715.0,11720.0,11717.5,1.2283126e-06,6.141563e-06,1
11720.0,11725.0,11722.5,1.2283126e-06,6.141563e-06,1
11735.0,11740.0,11737.5,2.4566252e-06,1.2283126e-05,2
11755.0,11760.0,11757.5,1.2283126e-06,6.141563e-06,1
11765.0,11770.0,11767.5,1.2283126e-06,6.141563e-06,1
11780.0,11785.0,11782.5,2.4566252e-06,1.2283126e-05,2
11785.0,11790.0,11787.5,1.2283126e-06,6.141563e-06,1
11805.0,11810.0,11807.5,1.2283126e-06,6.141563e-06,1
11810.0,11815.0,11812.5,1.2283126e-06,6.141563e-06,1
11815.0,11820.0,11817.5,1.2283126e-06,6.141563e-06,1
11845.0,11850.0,11847.5,1.2283126e-06,6.141563e-06,1
11850.0,11855.0,11852.5,2.4566252e-06,1.2283126e-05,2
11880.0,11885.0,11882.5,1.2283126e-06,6.141563e-06,1
11905.0,11910.0,11907.5,1.2283126e-06,6.141563e-06,1
11920.0,11925.0,11922.5,1.2283126e-06,6.141563e-06,1
11950.0,11955.0,11952.5,1.2283126e-06,6.141563e-06,1
11980.0,11985.0,11982.5,1.2283126e-06,6.141563e-06,1
11985.0,11990.0,11987.5,1.2283126e-06,6.141563e-06,1
11995.0,12000.0,11997.5,2.4566252e-06,1.2283126e-05,2
12005.0,12010.0,12007.5,1.2283126e-06,6.141563e-06,1
12025.0,12030.0,12027.5,1.2283126e-06,6.141563e-06,1
12050.0,12055.0,12052.5,1.2283126e-06,6.141563e-06,1
12065.0,12070.0,12067.5,1.2283126e-06,6.141563e-06,1
12070.0,12075.0,12072.5,1.2283126e-06,6.141563e-06,1
12080.0,12085.0,12082.5,1.2283126e-06,6.141563e-06,1
12095.0,12100.0,12097.5,1.2283126e-06,6.141563e-06,1
12110.0,12115.0,12112.5,1.2283126e-06,6.141563e-06,1
12140.0,12145.0,12142.5,1.2283126e-06,6.141563e-06,1
12150.0,12155.0,12152.5,1.2283126e-06,6.141563e-06,1
12160.0,12165.0,12162.5,1.2283126e-06,6.141563e-06,1
12170.0,12175.0,12172.5,1.2283126e-06,6.141563e-06,1
12200.0,12205.0,12202.5,1.2283126e-06,6.141563e-06,1
12205.0,12210.0,12207.5,1.2283126e-06,6.141563e-06,1
12210.0,12215.0,12212.5,1.2283126e-06,6.141563e-06,1
12225.0,12230.0,12227.5,3.6849378e-06,1.8424689e-05,3
12235.0,12240.0,12237.5,1.2283126e-06,6.141563e-06,1
12245.0,12250.0,12247.5,1.2283126e-06,6.141563e-06,1
12290.0,12295.0,12292.5,1.2283126e-06,6.141563e-06,1
12335.0,12340.0,12337.5,1.2283126e-06,6.141563e-06,1
12350.0,12355.0,12352.5,2.4566252e-06,1.2283126e-05,2
12355.0,12360.0,12357.5,2.4566252e-06,1.2283126e-05,2
12360.0,12365.0,12362.5,1.2283126e-06,6.141563e-06,1
12385.0,12390.0,12387.5,1.2283126e-06,6.141563e-06,1
12390.0,12395.0,12392.5,1.2283126e-06,6.141563e-06,1
12415.0,12420.0,12417.5,1.2283126e-06,6.141563e-06,1
12465.0,12470.0,12467.5,1.2283126e-06,6.141563e-06,1
12495.0,12500.0,12497.5,1.2283126e-06,6.141563e-06,1
12500.0,12505.0,12502.5,1.2283126e-06,6.141563e-06,1
12515.0,12520.0,12517.5,1.2283126e-06,6.141563e-06,1
12525.0,12530.0,12527.5,1.2283126e-06,6.141563e-06,1
12545.0,12550.0,12547.5,1.2283126e-06,6.141563e-06,1
12560.0,12565.0,12562.5,1.2283126e-06,6.141563e-06,1
12590.0,12595.0,12592.5,1.2283126e-06,6.141563e-06,1
12605.0,12610.0,12607.5,1.2283126e-06,6.141563e-06,1
12670.0,12675.0,12672.5,1.2283126e-06,6.141563e-06,1
12685.0,12690.0,12687.5,1.2283126e-06,6.141563e-06,1
12710.0,12715.0,12712.5,2.4566252e-06,1.2283126e-05,2
12755.0,12760.0,12757.5,1.2283126e-06,6.141563e-06,1
12795.0,12800.0,12797.5,1.2283126e-06,6.141563e-06,1
12820.0,12825.0,12822.5,1.2283126e-06,6.141563e-06,1
12840.0,12845.0,12842.5,1.2283126e-06,6.141563e-06,1
12845.0,12850.0,12847.5,1.2283126e-06,6.141563e-06,1
12850.0,12855.0,12852.5,1.2283126e-06,6.141563e-06,1
12945.0,12950.0,12947.5,1.2283126e-06,6.141563e-06,1
12950.0,12955.0,12952.5,1.2283126e-06,6.141563e-06,1
12975.0,12980.0,12977.5,1.2283126e-06,6.141563e-06,1
13005.0,13010.0,13007.5,1.2283126e-06,6.141563e-06,1
13085.0,13090.0,13087.5,1.2283126e-06,6.141563e-06,1
13100.0,13105.0,13102.5,1.2283126e-06,6.141563e-06,1
13105.0,13110.0,13107.5,1.2283126e-06,6.141563e-06,1
13135.0,13140.0,13137.5,1.2283126e-06,6.141563e-06,1
13215.0,13220.0,13217.5,1.2283126e-06,6.141563e-06,1
13220.0,13225.0,13222.5,1.2283126e-06,6.141563e-06,1
13230.0,13235.0,13232.5,1.2283126e-06,6.141563e-06,1
13240.0,13245.0,13242.5,1.2283126e-06,6.141563e-06,1
13295.0,13300.0,13297.5,1.2283126e-06,6.141563e-06,1
13350.0,13355.0,13352.5,1.2283126e-06,6.141563e-06,1
13405.0,13410.0,13407.5,1.2283126e-06,6.141563e-06,1
13430.0,13435.0,13432.5,1.2283126e-06,6.141563e-06,1
13460.0,13465.0,13462.5,1.2283126e-06,6.141563e-06,1
13485.0,13490.0,13487.5,1.2283126e-06,6.141563e-06,1
13515.0,13520.0,13517.5,1.2283126e-06,6.141563e-06,1
13640.0,13645.0,13642.5,1.2283126e-06,6.141563e-06,1
13650.0,13655.0,13652.5,1.2283126e-06,6.141563e-06,1
13655.0,13660.0,13657.5,1.2283126e-06,6.141563e-06,1
13680.0,13685.0,13682.5,1.2283126e-06,6.141563e-06,1
13755.0,13760.0,13757.5,1.2283126e-06,6.141563e-06,1
13885.0,13890.0,13887.5,1.2283126e-06,6.141563e-06,1
13890.0,13895.0,13892.5,1.2283126e-06,6.141563e-06,1
13905.0,13910.0,13907.5,1.2283126e-06,6.141563e-06,1
13915.0,13920.0,13917.5,1.2283126e-06,6.141563e-06,1
13945.0,13950.0,13947.5,1.2283126e-06,6.141563e-06,1
14055.0,14060.0,14057.5,1.2283126e-06,6.141563e-06,1
14095.0,14100.0,14097.5,1.2283126e-06,6.141563e-06,1
14120.0,14125.0,14122.5,1.2283126e-06,6.141563e-06,1
14245.0,14250.0,14247.5,1.2283126e-06,6.141563e-06,1
14300.0,14305.0,14302.5,1.2283126e-06,6.141563e-06,1
14315.0,14320.0,14317.5,1.2283126e-06,6.141563e-06,1
14405.0,14410.0,14407.5,1.2283126e-06,6.141563e-06,1
14420.0,14425.0,14422.5,1.2283126e-06,6.141563e-06,1
14465.0,14470.0,14467.5,1.2283126e-06,6.141563e-06,1
14545.0,14550.0,14547.5,1.2283126e-06,6.141563e-06,1
14725.0,14730.0,14727.5,1.2283126e-06,6.141563e-06,1
14775.0,14780.0,14777.5,1.2283126e-06,6.141563e-06,1
14785.0,14790.0,14787.5,1.2283126e-06,6.141563e-06,1
14795.0,14800.0,14797.5,1.2283126e-06,6.141563e-06,1
14980.0,14985.0,14982.5,1.2283126e-06,6.141563e-06,1
15595.0,15600.0,15597.5,1.2283126e-06,6.141563e-06,1
15705.0,15710.0,15707.5,1.2283126e-06,6.141563e-06,1
15745.0,15750.0,15747.5,1.2283126e-06,6.141563e-06,1
15945.0,15950.0,15947.5,1.2283126e-06,6.141563e-06,1
16215.0,16220.0,16217.5,1.2283126e-06,6.141563e-06,1
16340.0,16345.0,16342.5,1.2283126e-06,6.141563e-06,1
125400.0,125405.0,125402.5,1.2283126e-06,6.141563e-06,1
