bin_start_us,bin_end_us,bin_mid_us,pdf_per_us,probability,count
210.0,215.0,212.5,2.7485448e-05,0.00013742724,0
215.0,220.0,217.5,4.68546e-05,0.000234273,0
220.0,225.0,222.5,5.830156e-05,0.0002915078,0
225.0,230.0,227.5,6.633972e-05,0.0003316986,0
230.0,235.0,232.5,6.850518e-05,0.0003425259,0
235.0,240.0,237.5,6.063374e-05,0.0003031687,0
240.0,245.0,242.5,6.85955e-05,0.0003429775,0
245.0,250.0,247.5,3.7666622e-05,0.00018833311,0
250.0,255.0,252.5,5.600148e-05,0.0002800074,0
255.0,260.0,257.5,7.316012e-05,0.0003658006,0
260.0,265.0,262.5,4.8038496e-05,0.00024019248,0
265.0,270.0,267.5,5.144468e-05,0.0002572234,0
270.0,275.0,272.5,6.172046e-05,0.0003086023,0
275.0,280.0,277.5,6.169482e-05,0.0003084741,0
280.0,285.0,282.5,6.398148e-05,0.0003199074,0
285.0,290.0,287.5,5.37004e-05,0.000268502,0
290.0,295.0,292.5,5.245454e-05,0.0002622727,0
295.0,300.0,297.5,5.027386e-05,0.0002513693,0
300.0,305.0,302.5,5.7200294e-05,0.00028600147,0
305.0,310.0,307.5,5.824088e-05,0.0002912044,0
310.0,315.0,312.5,5.257734e-05,0.0002628867,0
315.0,320.0,317.5,6.859986e-05,0.0003429993,0
320.0,325.0,322.5,5.2521316e-05,0.00026260658,0
325.0,330.0,327.5,4.1172422e-05,0.00020586211,0
330.0,335.0,332.5,6.286352e-05,0.0003143176,0
335.0,340.0,337.5,7.779232e-05,0.0003889616,0
340.0,345.0,342.5,7.891728e-05,0.0003945864,0
345.0,350.0,347.5,6.04856e-05,0.000302428,0
350.0,355.0,352.5,0.0006570636,0.003285318,0
355.0,360.0,357.5,0.0009636464,0.004818232,0
360.0,365.0,362.5,0.0008543806,0.004271903,0
365.0,370.0,367.5,0.0007903784,0.003951892,0
370.0,375.0,372.5,0.0008506934,0.004253467,0
375.0,380.0,377.5,0.0008494138,0.004247069,0
380.0,385.0,382.5,0.0007880846,0.003940423,0
385.0,390.0,387.5,0.0005288274,0.002644137,0
390.0,395.0,392.5,0.0004353068,0.002176534,0
395.0,400.0,397.5,0.000486787,0.002433935,0
400.0,405.0,402.5,0.0004649596,0.002324798,0
405.0,410.0,407.5,0.0004776048,0.002388024,0
410.0,415.0,412.5,0.0002672534,0.001336267,0
415.0,420.0,417.5,0.00027169326,0.0013584663,0
420.0,425.0,422.5,0.00028076126,0.0014038063,0
425.0,430.0,427.5,0.00028814024,0.0014407012,0
430.0,435.0,432.5,0.0003241382,0.001620691,0
435.0,440.0,437.5,0.00027978752,0.0013989376,0
440.0,445.0,442.5,0.000297044,0.00148522,0
445.0,450.0,447.5,0.00029600056,0.0014800028,0
450.0,455.0,452.5,0.00029694346,0.0014847173,0
455.0,460.0,457.5,0.0003015242,0.001507621,0
460.0,465.0,462.5,0.00029326674,0.0014663337,0
465.0,470.0,467.5,0.0002969652,0.001484826,0
470.0,475.0,472.5,0.000462656,0.00231328,0
475.0,480.0,477.5,0.00024097884,0.0012048942,0
480.0,485.0,482.5,0.013436462,0.06718231,0
485.0,490.0,487.5,0.0001930228,0.000965114,0
490.0,495.0,492.5,0.00019419968,0.0009709984,0
495.0,500.0,497.5,0.0002515012,0.001257506,0
500.0,505.0,502.5,0.00024114646,0.0012057323,0
505.0,510.0,507.5,0.00021710236,0.0010855118,0
510.0,515.0,512.5,0.0002489077,0.0012445385,0
515.0,520.0,517.5,0.00025575384,0.0012787692,0
520.0,525.0,522.5,0.00025897066,0.0012948533,0
525.0,530.0,527.5,0.00027966462,0.0013983231,0
530.0,535.0,532.5,0.00023764462,0.0011882231,0
535.0,540.0,537.5,0.00024344994,0.0012172497,0
540.0,545.0,542.5,0.0002636401,0.0013182005,0
545.0,550.0,547.5,0.00022617576,0.0011308788,0
550.0,555.0,552.5,0.00026516338,0.0013258169,0
555.0,560.0,557.5,0.00023533238,0.0011766619,0
560.0,565.0,562.5,0.00025242898,0.0012621449,0
565.0,570.0,567.5,0.00022492582,0.0011246291,0
570.0,575.0,572.5,0.00023986206,0.0011993103,0
575.0,580.0,577.5,0.00026040412,0.0013020206,0
580.0,585.0,582.5,0.00023406076,0.0011703038,0
585.0,590.0,587.5,0.00022047296,0.0011023648,0
590.0,595.0,592.5,0.00022839918,0.0011419959,0
595.0,600.0,597.5,0.00023869216,0.0011934608,0
600.0,605.0,602.5,0.00022041068,0.0011020534,0
605.0,610.0,607.5,0.00021904528,0.0010952264,0
610.0,615.0,612.5,0.00023863696,0.0011931848,0
615.0,620.0,617.5,0.0003449154,0.001724577,0
620.0,625.0,622.5,0.00026053556,0.0013026778,0
625.0,630.0,627.5,0.0003290204,0.001645102,0
630.0,635.0,632.5,0.00022611052,0.0011305526,0
635.0,640.0,637.5,0.0002726499,0.0013632495,0
640.0,645.0,642.5,0.00021360194,0.0010680097,0
645.0,650.0,647.5,0.00022270096,0.0011135048,0
650.0,655.0,652.5,0.00024098964,0.0012049482,0
655.0,660.0,657.5,0.00025588592,0.0012794296,0
660.0,665.0,662.5,0.00027059518,0.0013529759,0
665.0,670.0,667.5,0.00022732512,0.0011366256,0
670.0,675.0,672.5,0.00021919514,0.0010959757,0
675.0,680.0,677.5,0.00023403248,0.0011701624,0
680.0,685.0,682.5,0.00025938162,0.0012969081,0
685.0,690.0,687.5,0.00022386832,0.0011193416,0
690.0,695.0,692.5,0.00021348328,0.0010674164,0
695.0,700.0,697.5,0.00024096314,0.0012048157,0
700.0,705.0,702.5,0.0002377641,0.0011888205,0
705.0,710.0,707.5,0.000240818,0.00120409,0
710.0,715.0,712.5,0.0002388086,0.001194043,0
715.0,720.0,717.5,0.00021717934,0.0010858967,0
720.0,725.0,722.5,0.00025935714,0.0012967857,0
725.0,730.0,727.5,0.0004948028,0.002474014,0
730.0,735.0,732.5,0.00024551226,0.0012275613,0
735.0,740.0,737.5,0.0004682468,0.002341234,0
740.0,745.0,742.5,0.00024907454,0.0012453727,0
745.0,750.0,747.5,0.00034529796,0.0017264898,0
750.0,755.0,752.5,0.00371837,0.01859185,0
755.0,760.0,757.5,0.00022471254,0.0011235627,0
760.0,765.0,762.5,0.00025017926,0.0012508963,0
765.0,770.0,767.5,0.00021350638,0.0010675319,0
770.0,775.0,772.5,0.00023411958,0.0011705979,0
775.0,780.0,777.5,0.0002351643,0.0011758215,0
780.0,785.0,782.5,0.00019442082,0.0009721041,0
785.0,790.0,787.5,0.00022286528,0.0011143264,0
790.0,795.0,792.5,0.0001885094,0.000942547,0
795.0,800.0,797.5,0.00022279068,0.0011139534,0
800.0,805.0,802.5,0.0003502606,0.001751303,0
805.0,810.0,807.5,0.00024918862,0.0012459431,0
810.0,815.0,812.5,0.00014834584,0.0007417292,0
815.0,820.0,817.5,0.00016673788,0.0008336894,0
820.0,825.0,822.5,0.00014858876,0.0007429438,0
825.0,830.0,827.5,0.00015660334,0.0007830167,0
830.0,835.0,832.5,0.00014747972,0.0007373986,0
835.0,840.0,837.5,0.00015293476,0.0007646738,0
840.0,845.0,842.5,0.0001598799,0.0007993995,0
845.0,850.0,847.5,0.00017937892,0.0008968946,0
850.0,855.0,852.5,0.00018298768,0.0009149384,0
855.0,860.0,857.5,0.00018165046,0.0009082523,0
860.0,865.0,862.5,0.0001737759,0.0008688795,0
865.0,870.0,867.5,0.00017934104,0.0008967052,0
870.0,875.0,872.5,0.00019771958,0.0009885979,0
875.0,880.0,877.5,0.00018508652,0.0009254326,0
880.0,885.0,882.5,0.00022271856,0.0011135928,0
885.0,890.0,887.5,0.00020001876,0.0010000938,0
890.0,895.0,892.5,0.00019432162,0.0009716081,0
895.0,900.0,897.5,0.00020552738,0.0010276369,0
900.0,905.0,902.5,0.00017017862,0.0008508931,0
905.0,910.0,907.5,0.00017806984,0.0008903492,0
910.0,915.0,912.5,0.00020127064,0.0010063532,0
915.0,920.0,917.5,0.0001780524,0.000890262,0
920.0,925.0,922.5,0.00017701162,0.0008850581,0
925.0,930.0,927.5,0.00017368498,0.0008684249,0
930.0,935.0,932.5,0.0001851189,0.0009255945,0
935.0,940.0,937.5,0.0006220452,0.003110226,0
940.0,945.0,942.5,0.00017034846,0.0008517423,0
945.0,950.0,947.5,0.00017936958,0.0008968479,0
950.0,955.0,952.5,0.00015417254,0.0007708627,0
955.0,960.0,957.5,0.00014271298,0.0007135649,0
960.0,965.0,962.5,0.00015763414,0.0007881707,0
965.0,970.0,967.5,0.00013587846,0.0006793923,0
970.0,975.0,972.5,0.00016235298,0.0008117649,0
975.0,980.0,977.5,0.00012667134,0.0006333567,0
980.0,985.0,982.5,0.00014723648,0.0007361824,0
985.0,990.0,987.5,0.00016114216,0.0008057108,0
990.0,995.0,992.5,0.00014852148,0.0007426074,0
995.0,1000.0,997.5,0.00023302972,0.0011651486,0
1000.0,1005.0,1002.5,0.0001609054,0.000804527,0
1005.0,1010.0,1007.5,0.00022618642,0.0011309321,0
1010.0,1015.0,1012.5,0.0001941671,0.0009708355,0
1015.0,1020.0,1017.5,0.0002522778,0.001261389,0
1020.0,1025.0,1022.5,0.00019647852,0.0009823926,0
1025.0,1030.0,1027.5,0.00015543794,0.0007771897,0
1030.0,1035.0,1032.5,0.00017937146,0.0008968573,0
1035.0,1040.0,1037.5,0.00015171054,0.0007585527,0
1040.0,1045.0,1042.5,0.00017801688,0.0008900844,0
1045.0,1050.0,1047.5,0.00014167752,0.0007083876,0
1050.0,1055.0,1052.5,0.00013016004,0.0006508002,0
1055.0,1060.0,1057.5,0.00015532542,0.0007766271,0
1060.0,1065.0,1062.5,0.000588401,0.002942005,0
1065.0,1070.0,1067.5,0.0003930344,0.001965172,0
1070.0,1075.0,1072.5,0.00024326466,0.0012163233,0
1075.0,1080.0,1077.5,0.00020317414,0.0010158707,0
1080.0,1085.0,1082.5,0.00012450492,0.0006225246,0
1085.0,1090.0,1087.5,0.00014262242,0.0007131121,0
1090.0,1095.0,1092.5,0.00013708676,0.0006854338,0
1095.0,1100.0,1097.5,0.00015540196,0.0007770098,0
1100.0,1105.0,1102.5,0.00013823856,0.0006911928,0
1105.0,1110.0,1107.5,0.0001450815,0.0007254075,0
1110.0,1115.0,1112.5,0.0001451628,0.000725814,0
1115.0,1120.0,1117.5,0.00012909326,0.0006454663,0
1120.0,1125.0,1122.5,0.00014508766,0.0007254383,0
1125.0,1130.0,1127.5,0.00016120666,0.0008060333,0
1130.0,1135.0,1132.5,0.00015995388,0.0007997694,0
1135.0,1140.0,1137.5,0.00016700668,0.0008350334,0
1140.0,1145.0,1142.5,0.0001596634,0.000798317,0
1145.0,1150.0,1147.5,0.00016431006,0.0008215503,0
1150.0,1155.0,1152.5,0.00013697658,0.0006848829,0
1155.0,1160.0,1157.5,0.0001438906,0.000719453,0
1160.0,1165.0,1162.5,0.0001324479,0.0006622395,0
1165.0,1170.0,1167.5,0.00014966182,0.0007483091,0
1170.0,1175.0,1172.5,0.00015196534,0.0007598267,0
1175.0,1180.0,1177.5,0.00012799344,0.0006399672,0
1180.0,1185.0,1182.5,0.000220651,0.001103255,0
1185.0,1190.0,1187.5,0.00012080418,0.0006040209,0
1190.0,1195.0,1192.5,0.0003887098,0.001943549,0
1195.0,1200.0,1197.5,0.00015298686,0.0007649343,0
1200.0,1205.0,1202.5,0.0002628716,0.001314358,0
1205.0,1210.0,1207.5,0.0003540028,0.001770014,0
1210.0,1215.0,1212.5,0.00016915116,0.0008457558,0
1215.0,1220.0,1217.5,0.00013719224,0.0006859612,0
1220.0,1225.0,1222.5,0.00015867798,0.0007933899,0
1225.0,1230.0,1227.5,0.00013127836,0.0006563918,0
1230.0,1235.0,1232.5,0.0001268666,0.000634333,0
1235.0,1240.0,1237.5,0.00015552384,0.0007776192,0
1240.0,1245.0,1242.5,0.00013712276,0.0006856138,0
1245.0,1250.0,1247.5,0.00013594056,0.0006797028,0
1250.0,1255.0,1252.5,0.0001234827,0.0006174135,0
1255.0,1260.0,1257.5,0.00013953646,0.0006976823,0
1260.0,1265.0,1262.5,0.00013830842,0.0006915421,0
1265.0,1270.0,1267.5,0.00012806876,0.0006403438,0
1270.0,1275.0,1272.5,0.00013121044,0.0006560522,0
1275.0,1280.0,1277.5,0.00013483698,0.0006741849,0
1280.0,1285.0,1282.5,0.00011655422,0.0005827711,0
1285.0,1290.0,1287.5,0.0001543932,0.000771966,0
1290.0,1295.0,1292.5,0.00011759568,0.0005879784,0
1295.0,1300.0,1297.5,0.00012114178,0.0006057089,0
1300.0,1305.0,1302.5,0.00015417738,0.0007708869,0
1305.0,1310.0,1307.5,0.00013465948,0.0006732974,0
1310.0,1315.0,1312.5,0.00020576472,0.0010288236,0
1315.0,1320.0,1317.5,0.00012544102,0.0006272051,0
1320.0,1325.0,1322.5,0.0002194439,0.0010972195,0
1325.0,1330.0,1327.5,0.0003450256,0.001725128,0
1330.0,1335.0,1332.5,0.0001746414,0.000873207,0
1335.0,1340.0,1337.5,0.00028563514,0.0014281757,0
1340.0,1345.0,1342.5,0.00014174198,0.0007087099,0
1345.0,1350.0,1347.5,0.00014173936,0.0007086968,0
1350.0,1355.0,1352.5,0.00011669578,0.0005834789,0
1355.0,1360.0,1357.5,0.00011427806,0.0005713903,0
1360.0,1365.0,1362.5,0.00014286788,0.0007143394,0
1365.0,1370.0,1367.5,0.00013816714,0.0006908357,0
1370.0,1375.0,1372.5,0.00014615246,0.0007307623,0
1375.0,1380.0,1377.5,0.00012099318,0.0006049659,0
1380.0,1385.0,1382.5,0.00013012038,0.0006506019,0
1385.0,1390.0,1387.5,0.00012438708,0.0006219354,0
1390.0,1395.0,1392.5,0.00017802684,0.0008901342,0
1395.0,1400.0,1397.5,0.0001097555,0.0005487775,0
1400.0,1405.0,1402.5,0.00013929534,0.0006964767,0
1405.0,1410.0,1407.5,0.00010725556,0.0005362778,0
1410.0,1415.0,1412.5,0.00013031802,0.0006515901,0
1415.0,1420.0,1417.5,9.82971e-05,0.0004914855,0
1420.0,1425.0,1422.5,0.00011752776,0.0005876388,0
1425.0,1430.0,1427.5,0.00014619834,0.0007309917,0
1430.0,1435.0,1432.5,0.0001143342,0.000571671,0
1435.0,1440.0,1437.5,0.00014160806,0.0007080403,0
1440.0,1445.0,1442.5,0.000127978,0.00063989,0
1445.0,1450.0,1447.5,0.00012895688,0.0006447844,0
1450.0,1455.0,1452.5,0.0001714792,0.000857396,0
1455.0,1460.0,1457.5,0.00018289278,0.0009144639,0
1460.0,1465.0,1462.5,0.00018620946,0.0009310473,0
1465.0,1470.0,1467.5,0.00023323574,0.0011661787,0
1470.0,1475.0,1472.5,0.00015411824,0.0007705912,0
1475.0,1480.0,1477.5,0.00015072416,0.0007536208,0
1480.0,1485.0,1482.5,0.0001300932,0.000650466,0
1485.0,1490.0,1487.5,0.0001255578,0.000627789,0
1490.0,1495.0,1492.5,0.00012107576,0.0006053788,0
1495.0,1500.0,1497.5,0.00011534568,0.0005767284,0
1500.0,1505.0,1502.5,0.00012566398,0.0006283199,0
1505.0,1510.0,1507.5,0.00014415896,0.0007207948,0
1510.0,1515.0,1512.5,0.00022032788,0.0011016394,0
1515.0,1520.0,1517.5,0.00011858652,0.0005929326,0
1520.0,1525.0,1522.5,0.00019182806,0.0009591403,0
1525.0,1530.0,1527.5,0.00012108398,0.0006054199,0
1530.0,1535.0,1532.5,0.00013237816,0.0006618908,0
1535.0,1540.0,1537.5,0.0001154647,0.0005773235,0
1540.0,1545.0,1542.5,0.0001073102,0.000536551,0
1545.0,1550.0,1547.5,9.4911528e-05,0.00047455764,0
1550.0,1555.0,1552.5,0.00011311132,0.0005655566,0
1555.0,1560.0,1557.5,0.0001166075,0.0005830375,0
1560.0,1565.0,1562.5,0.00010857716,0.0005428858,0
1565.0,1570.0,1567.5,0.0001438964,0.000719482,0
1570.0,1575.0,1572.5,0.00014955334,0.0007477667,0
1575.0,1580.0,1577.5,0.00013128052,0.0006564026,0
1580.0,1585.0,1582.5,0.000157758,0.00078879,0
1585.0,1590.0,1587.5,0.00012670436,0.0006335218,0
1590.0,1595.0,1592.5,0.0001794798,0.000897399,0
1595.0,1600.0,1597.5,0.00015188792,0.0007594396,0
1600.0,1605.0,1602.5,0.00013712192,0.0006856096,0
1605.0,1610.0,1607.5,0.00012799046,0.0006399523,0
1610.0,1615.0,1612.5,0.00013372196,0.0006686098,0
1615.0,1620.0,1617.5,0.0001233711,0.0006168555,0
1620.0,1625.0,1622.5,0.00013820782,0.0006910391,0
1625.0,1630.0,1627.5,0.00013711476,0.0006855738,0
1630.0,1635.0,1632.5,0.0001153271,0.0005766355,0
1635.0,1640.0,1637.5,0.00018724214,0.0009362107,0
1640.0,1645.0,1642.5,0.00010971046,0.0005485523,0
1645.0,1650.0,1647.5,0.00020218644,0.0010109322,0
1650.0,1655.0,1652.5,0.0001384284,0.000692142,0
1655.0,1660.0,1657.5,0.00015777542,0.0007888771,0
1660.0,1665.0,1662.5,0.00017470196,0.0008735098,0
1665.0,1670.0,1667.5,0.00011764412,0.0005882206,0
1670.0,1675.0,1672.5,0.00010400866,0.0005200433,0
1675.0,1680.0,1677.5,0.00011417004,0.0005708502,0
1680.0,1685.0,1682.5,0.0001244779,0.0006223895,0
1685.0,1690.0,1687.5,0.0001198905,0.0005994525,0
1690.0,1695.0,1692.5,0.0001186371,0.0005931855,0
1695.0,1700.0,1697.5,0.00012562612,0.0006281306,0
1700.0,1705.0,1702.5,0.00010853023,0.00054265113,0
1705.0,1710.0,1707.5,8.907064e-05,0.0004453532,0
1710.0,1715.0,1712.5,0.00012216372,0.0006108186,0
1715.0,1720.0,1717.5,0.00010173726,0.0005086863,0
1720.0,1725.0,1722.5,0.00014831298,0.0007415649,0
1725.0,1730.0,1727.5,0.00011878092,0.0005939046,0
1730.0,1735.0,1732.5,0.00010635004,0.0005317502,0
1735.0,1740.0,1737.5,0.00011649064,0.0005824532,0
1740.0,1745.0,1742.5,0.00012110504,0.0006055252,0
1745.0,1750.0,1747.5,0.00010176466,0.0005088233,0
1750.0,1755.0,1752.5,0.00011416844,0.0005708422,0
1755.0,1760.0,1757.5,0.00015297698,0.0007648849,0
1760.0,1765.0,1762.5,9.47811e-05,0.0004739055,0
1765.0,1770.0,1767.5,0.00017372828,0.0008686414,0
1770.0,1775.0,1772.5,0.0001291809,0.0006459045,0
1775.0,1780.0,1777.5,0.00018623642,0.0009311821,0
1780.0,1785.0,1782.5,0.00016684958,0.0008342479,0
1785.0,1790.0,1787.5,0.00017488084,0.0008744042,0
1790.0,1795.0,1792.5,0.00017593956,0.0008796978,0
1795.0,1800.0,1797.5,0.00012896906,0.0006448453,0
1800.0,1805.0,1802.5,0.00013004118,0.0006502059,0
1805.0,1810.0,1807.5,0.00010386954,0.0005193477,0
1810.0,1815.0,1812.5,0.00011642122,0.0005821061,0
1815.0,1820.0,1817.5,0.00011656026,0.0005828013,0
1820.0,1825.0,1822.5,0.00014614712,0.0007307356,0
1825.0,1830.0,1827.5,0.00011650862,0.0005825431,0
1830.0,1835.0,1832.5,0.00011981136,0.0005990568,0
1835.0,1840.0,1837.5,0.00012090996,0.0006045498,0
1840.0,1845.0,1842.5,0.00010403318,0.0005201659,0
1845.0,1850.0,1847.5,0.00011174062,0.0005587031,0
1850.0,1855.0,1852.5,0.0001108305,0.0005541525,0
1855.0,1860.0,1857.5,0.0001004419,0.0005022095,0
1860.0,1865.0,1862.5,0.00012913738,0.0006456869,0
1865.0,1870.0,1867.5,9.14301e-05,0.0004571505,0
1870.0,1875.0,1872.5,0.0001165245,0.0005826225,0
1875.0,1880.0,1877.5,0.00010506106,0.0005253053,0
1880.0,1885.0,1882.5,0.00011540058,0.0005770029,0
1885.0,1890.0,1887.5,0.00010627318,0.0005313659,0
1890.0,1895.0,1892.5,0.00010281134,0.0005140567,0
1895.0,1900.0,1897.5,0.000128053,0.000640265,0
1900.0,1905.0,1902.5,0.00012563286,0.0006281643,0
1905.0,1910.0,1907.5,0.00014040748,0.0007020374,0
1910.0,1915.0,1912.5,0.00017351548,0.0008675774,0
1915.0,1920.0,1917.5,0.00014618364,0.0007309182,0
1920.0,1925.0,1922.5,0.00015976526,0.0007988263,0
1925.0,1930.0,1927.5,0.00011773866,0.0005886933,0
1930.0,1935.0,1932.5,0.00012560888,0.0006280444,0
1935.0,1940.0,1937.5,9.945848e-05,0.0004972924,0
1940.0,1945.0,1942.5,0.00012450508,0.0006225254,0
1945.0,1950.0,1947.5,0.0001095408,0.000547704,0
1950.0,1955.0,1952.5,9.489304e-05,0.0004744652,0
1955.0,1960.0,1957.5,0.0001051482,0.000525741,0
1960.0,1965.0,1962.5,0.00010058064,0.0005029032,0
1965.0,1970.0,1967.5,0.00012000332,0.0006000166,0
1970.0,1975.0,1972.5,9.241172e-05,0.0004620586,0
1975.0,1980.0,1977.5,0.0001187286,0.000593643,0
1980.0,1985.0,1982.5,0.00011425214,0.0005712607,0
1985.0,1990.0,1987.5,0.00011181768,0.0005590884,0
1990.0,1995.0,1992.5,0.00010168856,0.0005084428,0
1995.0,2000.0,1997.5,0.00010406058,0.0005203029,0
2000.0,2005.0,2002.5,0.00010287686,0.0005143843,0
2005.0,2010.0,2007.5,0.00011421038,0.0005710519,0
2010.0,2015.0,2012.5,0.0001222813,0.0006114065,0
2015.0,2020.0,2017.5,0.00010061152,0.0005030576,0
2020.0,2025.0,2022.5,0.00010163776,0.0005081888,0
2025.0,2030.0,2027.5,0.00010385544,0.0005192772,0
2030.0,2035.0,2032.5,0.00011409998,0.0005704999,0
2035.0,2040.0,2037.5,0.00018174394,0.0009087197,0
2040.0,2045.0,2042.5,0.00013242062,0.0006621031,0
2045.0,2050.0,2047.5,0.00014851296,0.0007425648,0
2050.0,2055.0,2052.5,0.00016808134,0.0008404067,0
2055.0,2060.0,2057.5,0.0001040167,0.0005200835,0
2060.0,2065.0,2062.5,0.0001221518,0.000610759,0
2065.0,2070.0,2067.5,0.0001142519,0.0005712595,0
2070.0,2075.0,2072.5,0.0001165156,0.000582578,0
2075.0,2080.0,2077.5,0.00011672136,0.0005836068,0
2080.0,2085.0,2082.5,8.909256e-05,0.0004454628,0
2085.0,2090.0,2087.5,0.00010868078,0.0005434039,0
2090.0,2095.0,2092.5,0.00013132662,0.0006566331,0
2095.0,2100.0,2097.5,0.00013148158,0.0006574079,0
2100.0,2105.0,2102.5,0.00010840404,0.0005420202,0
2105.0,2110.0,2107.5,0.00013826492,0.0006913246,0
2110.0,2115.0,2112.5,0.00010408794,0.0005204397,0
2115.0,2120.0,2117.5,0.00012573078,0.0006286539,0
2120.0,2125.0,2122.5,0.0001050125,0.0005250625,0
2125.0,2130.0,2127.5,0.00010628686,0.0005314343,0
2130.0,2135.0,2132.5,9.696004e-05,0.0004848002,0
2135.0,2140.0,2137.5,0.00011312106,0.0005656053,0
2140.0,2145.0,2142.5,0.0001324095,0.0006620475,0
2145.0,2150.0,2147.5,8.45622e-05,0.000422811,0
2150.0,2155.0,2152.5,0.00011426802,0.0005713401,0
2155.0,2160.0,2157.5,0.0001279718,0.000639859,0
2160.0,2165.0,2162.5,9.827852e-05,0.0004913926,0
2165.0,2170.0,2167.5,0.00012114028,0.0006057014,0
2170.0,2175.0,2172.5,0.00010738102,0.0005369051,0
2175.0,2180.0,2177.5,0.00012240298,0.0006120149,0
2180.0,2185.0,2182.5,0.00010871248,0.0005435624,0
2185.0,2190.0,2187.5,0.00011423166,0.0005711583,0
2190.0,2195.0,2192.5,0.0001154717,0.0005773585,0
2195.0,2200.0,2197.5,0.00010526508,0.0005263254,0
2200.0,2205.0,2202.5,0.00011195374,0.0005597687,0
2205.0,2210.0,2207.5,0.0001072517,0.0005362585,0
2210.0,2215.0,2212.5,0.00011547164,0.0005773582,0
2215.0,2220.0,2217.5,7.658888e-05,0.0003829444,0
2220.0,2225.0,2222.5,0.00015766074,0.0007883037,0
2225.0,2230.0,2227.5,0.00010282808,0.0005141404,0
2230.0,2235.0,2232.5,0.00014054754,0.0007027377,0
2235.0,2240.0,2237.5,0.00014860086,0.0007430043,0
2240.0,2245.0,2242.5,0.00013127694,0.0006563847,0
2245.0,2250.0,2247.5,0.00012904578,0.0006452289,0
2250.0,2255.0,2252.5,0.0001016131,0.0005080655,0
2255.0,2260.0,2257.5,0.00010969516,0.0005484758,0
2260.0,2265.0,2262.5,0.00011304902,0.0005652451,0
2265.0,2270.0,2267.5,9.47698e-05,0.000473849,0
2270.0,2275.0,2272.5,0.00010286044,0.0005143022,0
2275.0,2280.0,2277.5,9.597192e-05,0.0004798596,0
2280.0,2285.0,2282.5,0.00010625938,0.0005312969,0
2285.0,2290.0,2287.5,0.00011322348,0.0005661174,0
2290.0,2295.0,2292.5,0.00010062784,0.0005031392,0
2295.0,2300.0,2297.5,9.935064e-05,0.0004967532,0
2300.0,2305.0,2302.5,0.00011075834,0.0005537917,0
2305.0,2310.0,2307.5,0.00010625618,0.0005312809,0
2310.0,2315.0,2312.5,0.00011068494,0.0005534247,0
2315.0,2320.0,2317.5,0.00011776102,0.0005888051,0
2320.0,2325.0,2322.5,9.947488e-05,0.0004973744,0
2325.0,2330.0,2327.5,9.147498e-05,0.0004573749,0
2330.0,2335.0,2332.5,0.00010415612,0.0005207806,0
2335.0,2340.0,2337.5,9.70087e-05,0.0004850435,0
2340.0,2345.0,2342.5,0.0001131432,0.000565716,0
2345.0,2350.0,2347.5,0.00011777604,0.0005888802,0
2350.0,2355.0,2352.5,0.00011311974,0.0005655987,0
2355.0,2360.0,2357.5,0.00011301602,0.0005650801,0
2360.0,2365.0,2362.5,0.00014300108,0.0007150054,0
2365.0,2370.0,2367.5,0.00017475778,0.0008737889,0
2370.0,2375.0,2372.5,0.00011536736,0.0005768368,0
2375.0,2380.0,2377.5,0.0001256482,0.000628241,0
2380.0,2385.0,2382.5,0.00010174742,0.0005087371,0
2385.0,2390.0,2387.5,9.702114e-05,0.0004851057,0
2390.0,2395.0,2392.5,0.00010753746,0.0005376873,0
2395.0,2400.0,2397.5,9.131256e-05,0.0004565628,0
2400.0,2405.0,2402.5,8.921544e-05,0.0004460772,0
2405.0,2410.0,2407.5,0.00010741292,0.0005370646,0
2410.0,2415.0,2412.5,9.829026e-05,0.0004914513,0
2415.0,2420.0,2417.5,8.68349e-05,0.0004341745,0
2420.0,2425.0,2422.5,9.825058e-05,0.0004912529,0
2425.0,2430.0,2427.5,9.473328e-05,0.0004736664,0
2430.0,2435.0,2432.5,0.0001188239,0.0005941195,0
2435.0,2440.0,2437.5,0.00011413898,0.0005706949,0
2440.0,2445.0,2442.5,0.00010613058,0.0005306529,0
2445.0,2450.0,2447.5,9.824008e-05,0.0004912004,0
2450.0,2455.0,2452.5,8.803632e-05,0.0004401816,0
2455.0,2460.0,2457.5,9.362484e-05,0.0004681242,0
2460.0,2465.0,2462.5,0.00010286886,0.0005143443,0
2465.0,2470.0,2467.5,0.00010742284,0.0005371142,0
2470.0,2475.0,2472.5,9.819854e-05,0.0004909927,0
2475.0,2480.0,2477.5,0.00010624176,0.0005312088,0
2480.0,2485.0,2482.5,0.00011299736,0.0005649868,0
2485.0,2490.0,2487.5,0.00011653348,0.0005826674,0
2490.0,2495.0,2492.5,0.00011323416,0.0005661708,0
2495.0,2500.0,2497.5,0.00014277294,0.0007138647,0
2500.0,2505.0,2502.5,0.00011773142,0.0005886571,0
2505.0,2510.0,2507.5,0.00010391882,0.0005195941,0
2510.0,2515.0,2512.5,0.00011090304,0.0005545152,0
2515.0,2520.0,2517.5,0.00010175162,0.0005087581,0
2520.0,2525.0,2522.5,0.00010171632,0.0005085816,0
2525.0,2530.0,2527.5,0.00011077178,0.0005538589,0
2530.0,2535.0,2532.5,0.0001017543,0.0005087715,0
2535.0,2540.0,2537.5,7.877528e-05,0.0003938764,0
2540.0,2545.0,2542.5,0.00011411312,0.0005705656,0
2545.0,2550.0,2547.5,0.00010960428,0.0005480214,0
2550.0,2555.0,2552.5,0.00012106228,0.0006053114,0
2555.0,2560.0,2557.5,9.82858e-05,0.000491429,0
2560.0,2565.0,2562.5,0.00010269606,0.0005134803,0
2565.0,2570.0,2567.5,8.23997e-05,0.0004119985,0
2570.0,2575.0,2572.5,8.553608e-05,0.0004276804,0
2575.0,2580.0,2577.5,8.110266e-05,0.0004055133,0
2580.0,2585.0,2582.5,0.00011537466,0.0005768733,0
2585.0,2590.0,2587.5,9.838386e-05,0.0004919193,0
2590.0,2595.0,2592.5,9.467434e-05,0.0004733717,0
2595.0,2600.0,2597.5,9.716208e-05,0.0004858104,0
2600.0,2605.0,2602.5,9.237434e-05,0.0004618717,0
2605.0,2610.0,2607.5,9.481268e-05,0.0004740634,0
2610.0,2615.0,2612.5,0.00012572604,0.0006286302,0
2615.0,2620.0,2617.5,8.566372e-05,0.0004283186,0
2620.0,2625.0,2622.5,0.00012105204,0.0006052602,0
2625.0,2630.0,2627.5,0.00013353778,0.0006676889,0
2630.0,2635.0,2632.5,0.00013705214,0.0006852607,0
2635.0,2640.0,2637.5,0.00011096678,0.0005548339,0
2640.0,2645.0,2642.5,9.614816e-05,0.0004807408,0
2645.0,2650.0,2647.5,0.0001005718,0.000502859,0
2650.0,2655.0,2652.5,8.4538e-05,0.00042269,0
2655.0,2660.0,2657.5,9.482524e-05,0.0004741262,0
2660.0,2665.0,2662.5,8.91975e-05,0.0004459875,0
2665.0,2670.0,2667.5,7.76525e-05,0.0003882625,0
2670.0,2675.0,2672.5,7.07826e-05,0.000353913,0
2675.0,2680.0,2677.5,0.00011420192,0.0005710096,0
2680.0,2685.0,2682.5,9.604064e-05,0.0004802032,0
2685.0,2690.0,2687.5,9.14552e-05,0.000457276,0
2690.0,2695.0,2692.5,0.00013145278,0.0006572639,0
2695.0,2700.0,2697.5,0.00010060558,0.0005030279,0
2700.0,2705.0,2702.5,9.137854e-05,0.0004568927,0
2705.0,2710.0,2707.5,8.462906e-05,0.0004231453,0
2710.0,2715.0,2712.5,8.228782e-05,0.0004114391,0
2715.0,2720.0,2717.5,7.434478e-05,0.0003717239,0
2720.0,2725.0,2722.5,0.00010161686,0.0005080843,0
2725.0,2730.0,2727.5,0.00010276736,0.0005138368,0
2730.0,2735.0,2732.5,8.678368e-05,0.0004339184,0
2735.0,2740.0,2737.5,7.88134e-05,0.000394067,0
2740.0,2745.0,2742.5,9.148618e-05,0.0004574309,0
2745.0,2750.0,2747.5,9.60386e-05,0.000480193,0
2750.0,2755.0,2752.5,0.00010518558,0.0005259279,0
2755.0,2760.0,2757.5,0.00010265608,0.0005132804,0
2760.0,2765.0,2762.5,0.0001063453,0.0005317265,0
2765.0,2770.0,2767.5,9.822734e-05,0.0004911367,0
2770.0,2775.0,2772.5,9.715578e-05,0.0004857789,0
2775.0,2780.0,2777.5,9.362988e-05,0.0004681494,0
2780.0,2785.0,2782.5,9.496504e-05,0.0004748252,0
2785.0,2790.0,2787.5,0.00010069792,0.0005034896,0
2790.0,2795.0,2792.5,7.638604e-05,0.0003819302,0
2795.0,2800.0,2797.5,0.00011195332,0.0005597666,0
2800.0,2805.0,2802.5,7.774462e-05,0.0003887231,0
2805.0,2810.0,2807.5,0.0001165237,0.0005826185,0
2810.0,2815.0,2812.5,8.110842e-05,0.0004055421,0
2815.0,2820.0,2817.5,0.00012925826,0.0006462913,0
2820.0,2825.0,2822.5,0.00010733692,0.0005366846,0
2825.0,2830.0,2827.5,8.573646e-05,0.0004286823,0
2830.0,2835.0,2832.5,9.125242e-05,0.0004562621,0
2835.0,2840.0,2837.5,8.794802e-05,0.0004397401,0
2840.0,2845.0,2842.5,8.115564e-05,0.0004057782,0
2845.0,2850.0,2847.5,9.706818e-05,0.0004853409,0
2850.0,2855.0,2852.5,8.680164e-05,0.0004340082,0
2855.0,2860.0,2857.5,9.599036e-05,0.0004799518,0
2860.0,2865.0,2862.5,7.781844e-05,0.0003890922,0
2865.0,2870.0,2867.5,8.333934e-05,0.0004166967,0
2870.0,2875.0,2872.5,9.933006e-05,0.0004966503,0
2875.0,2880.0,2877.5,0.0001165017,0.0005825085,0
2880.0,2885.0,2882.5,0.00012348882,0.0006174441,0
2885.0,2890.0,2887.5,8.686384e-05,0.0004343192,0
2890.0,2895.0,2892.5,8.452454e-05,0.0004226227,0
2895.0,2900.0,2897.5,7.546556e-05,0.0003773278,0
2900.0,2905.0,2902.5,0.0001005758,0.000502879,0
2905.0,2910.0,2907.5,8.56492e-05,0.000428246,0
2910.0,2915.0,2912.5,9.3717504e-05,0.00046858752,0
2915.0,2920.0,2917.5,8.335764e-05,0.0004167882,0
2920.0,2925.0,2922.5,7.088084e-05,0.0003544042,0
2925.0,2930.0,2927.5,0.00011310332,0.0005655166,0
2930.0,2935.0,2932.5,9.717278e-05,0.0004858639,0
2935.0,2940.0,2937.5,0.0001086368,0.000543184,0
2940.0,2945.0,2942.5,9.939324e-05,0.0004969662,0
2945.0,2950.0,2947.5,9.925968e-05,0.0004962984,0
2950.0,2955.0,2952.5,0.0001246203,0.0006231015,0
2955.0,2960.0,2957.5,0.00012460172,0.0006230086,0
2960.0,2965.0,2962.5,0.00010627502,0.0005313751,0
2965.0,2970.0,2967.5,7.773228e-05,0.0003886614,0
2970.0,2975.0,2972.5,0.00011190838,0.0005595419,0
2975.0,2980.0,2977.5,9.720852e-05,0.0004860426,0
2980.0,2985.0,2982.5,8.110652e-05,0.0004055326,0
2985.0,2990.0,2987.5,9.931428e-05,0.0004965714,0
2990.0,2995.0,2992.5,7.536434e-05,0.0003768217,0
2995.0,3000.0,2997.5,9.04464e-05,0.000452232,0
3000.0,3005.0,3002.5,7.643994e-05,0.0003821997,0
3005.0,3010.0,3007.5,9.465982e-05,0.0004732991,0
3010.0,3015.0,3012.5,8.341704e-05,0.0004170852,0
3015.0,3020.0,3017.5,9.478672e-05,0.0004739336,0
3020.0,3025.0,3022.5,7.314596e-05,0.0003657298,0
3025.0,3030.0,3027.5,8.678484e-05,0.0004339242,0
3030.0,3035.0,3032.5,8.119082e-05,0.0004059541,0
3035.0,3040.0,3037.5,8.346564e-05,0.0004173282,0
3040.0,3045.0,3042.5,0.00010608468,0.0005304234,0
3045.0,3050.0,3047.5,7.0884e-05,0.00035442,0
3050.0,3055.0,3052.5,8.358626e-05,0.0004179313,0
3055.0,3060.0,3057.5,7.661836e-05,0.0003830918,0
3060.0,3065.0,3062.5,7.656736e-05,0.0003828368,0
3065.0,3070.0,3067.5,0.00012473484,0.0006236742,0
3070.0,3075.0,3072.5,0.00010170798,0.0005085399,0
3075.0,3080.0,3077.5,0.0001130942,0.000565471,0
3080.0,3085.0,3082.5,0.00010848402,0.0005424201,0
3085.0,3090.0,3087.5,0.00010972936,0.0005486468,0
3090.0,3095.0,3092.5,0.00010173716,0.0005086858,0
3095.0,3100.0,3097.5,8.68882e-05,0.000434441,0
3100.0,3105.0,3102.5,9.368846e-05,0.0004684423,0
3105.0,3110.0,3107.5,8.45655e-05,0.0004228275,0
3110.0,3115.0,3112.5,9.021058e-05,0.0004510529,0
3115.0,3120.0,3117.5,7.88362e-05,0.000394181,0
3120.0,3125.0,3122.5,8.34799e-05,0.0004173995,0
3125.0,3130.0,3127.5,0.00010283378,0.0005141689,0
3130.0,3135.0,3132.5,8.461992e-05,0.0004230996,0
3135.0,3140.0,3137.5,7.999598e-05,0.0003999799,0
3140.0,3145.0,3142.5,8.909536e-05,0.0004454768,0
3145.0,3150.0,3147.5,0.00010506482,0.0005253241,0
3150.0,3155.0,3152.5,8.573324e-05,0.0004286662,0
3155.0,3160.0,3157.5,9.143118e-05,0.0004571559,0
3160.0,3165.0,3162.5,8.57468e-05,0.000428734,0
3165.0,3170.0,3167.5,9.70508e-05,0.000485254,0
3170.0,3175.0,3172.5,8.908752e-05,0.0004454376,0
3175.0,3180.0,3177.5,9.1347832e-05,0.00045673916,0
3180.0,3185.0,3182.5,8.4542e-05,0.00042271,0
3185.0,3190.0,3187.5,9.149478e-05,0.0004574739,0
3190.0,3195.0,3192.5,7.428556e-05,0.0003714278,0
3195.0,3200.0,3197.5,0.00012116462,0.0006058231,0
3200.0,3205.0,3202.5,8.3508e-05,0.00041754,0
3205.0,3210.0,3207.5,9.035306e-05,0.0004517653,0
3210.0,3215.0,3212.5,9.032846e-05,0.0004516423,0
3215.0,3220.0,3217.5,0.00010387872,0.0005193936,0
3220.0,3225.0,3222.5,9.600114e-05,0.0004800057,0
3225.0,3230.0,3227.5,9.932404e-05,0.0004966202,0
3230.0,3235.0,3232.5,7.085196e-05,0.0003542598,0
3235.0,3240.0,3237.5,9.259812e-05,0.0004629906,0
3240.0,3245.0,3242.5,7.533202e-05,0.0003766601,0
3245.0,3250.0,3247.5,8.229118e-05,0.0004114559,0
3250.0,3255.0,3252.5,9.593954e-05,0.0004796977,0
3255.0,3260.0,3257.5,6.059362e-05,0.0003029681,0
3260.0,3265.0,3262.5,0.00011085528,0.0005542764,0
3265.0,3270.0,3267.5,8.11065e-05,0.0004055325,0
3270.0,3275.0,3272.5,7.194728e-05,0.0003597364,0
3275.0,3280.0,3277.5,0.0001109456,0.000554728,0
3280.0,3285.0,3282.5,7.77419e-05,0.0003887095,0
3285.0,3290.0,3287.5,9.690188e-05,0.0004845094,0
3290.0,3295.0,3292.5,7.422264e-05,0.0003711132,0
3295.0,3300.0,3297.5,7.42354e-05,0.000371177,0
3300.0,3305.0,3302.5,8.110086e-05,0.0004055043,0
3305.0,3310.0,3307.5,8.456852e-05,0.0004228426,0
3310.0,3315.0,3312.5,9.377604e-05,0.0004688802,0
3315.0,3320.0,3317.5,7.300748e-05,0.0003650374,0
3320.0,3325.0,3322.5,8.563468e-05,0.0004281734,0
3325.0,3330.0,3327.5,0.00010520622,0.0005260311,0
3330.0,3335.0,3332.5,0.0001060648,0.000530324,0
3335.0,3340.0,3337.5,0.0001085788,0.000542894,0
3340.0,3345.0,3342.5,7.99647e-05,0.0003998235,0
3345.0,3350.0,3347.5,9.271126e-05,0.0004635563,0
3350.0,3355.0,3352.5,9.370868e-05,0.0004685434,0
3355.0,3360.0,3357.5,8.9073676e-05,0.00044536838,0
3360.0,3365.0,3362.5,8.805574e-05,0.0004402787,0
3365.0,3370.0,3367.5,8.116074e-05,0.0004058037,0
3370.0,3375.0,3372.5,8.44978e-05,0.000422489,0
3375.0,3380.0,3377.5,7.204854e-05,0.0003602427,0
3380.0,3385.0,3382.5,8.577134e-05,0.0004288567,0
3385.0,3390.0,3387.5,6.387186e-05,0.0003193593,0
3390.0,3395.0,3392.5,9.716106e-05,0.0004858053,0
3395.0,3400.0,3397.5,7.9046088e-05,0.00039523044,0
3400.0,3405.0,3402.5,9.606394e-05,0.0004803197,0
3405.0,3410.0,3407.5,0.00010386536,0.0005193268,0
3410.0,3415.0,3412.5,8.80038e-05,0.000440019,0
3415.0,3420.0,3417.5,0.0001062084,0.000531042,0
3420.0,3425.0,3422.5,9.594684e-05,0.0004797342,0
3425.0,3430.0,3427.5,9.713158e-05,0.0004856579,0
3430.0,3435.0,3432.5,7.885442e-05,0.0003942721,0
3435.0,3440.0,3437.5,9.155288e-05,0.0004577644,0
3440.0,3445.0,3442.5,8.908244e-05,0.0004454122,0
3445.0,3450.0,3447.5,9.373692e-05,0.0004686846,0
3450.0,3455.0,3452.5,8.11421e-05,0.0004057105,0
3455.0,3460.0,3457.5,8.228916e-05,0.0004114458,0
3460.0,3465.0,3462.5,0.00010163596,0.0005081798,0
3465.0,3470.0,3467.5,8.575368e-05,0.0004287684,0
3470.0,3475.0,3472.5,8.562892e-05,0.0004281446,0
3475.0,3480.0,3477.5,6.978132e-05,0.0003489066,0
3480.0,3485.0,3482.5,8.917428e-05,0.0004458714,0
3485.0,3490.0,3487.5,6.85464e-05,0.000342732,0
3490.0,3495.0,3492.5,7.434164e-05,0.0003717082,0
3495.0,3500.0,3497.5,7.87839e-05,0.0003939195,0
3500.0,3505.0,3502.5,7.55015e-05,0.0003775075,0
3505.0,3510.0,3507.5,6.624944e-05,0.0003312472,0
3510.0,3515.0,3512.5,9.24685e-05,0.0004623425,0
3515.0,3520.0,3517.5,7.764846e-05,0.0003882423,0
3520.0,3525.0,3522.5,9.261284e-05,0.0004630642,0
3525.0,3530.0,3527.5,8.119592e-05,0.0004059796,0
3530.0,3535.0,3532.5,9.586564e-05,0.0004793282,0
3535.0,3540.0,3537.5,9.82611e-05,0.0004913055,0
3540.0,3545.0,3542.5,8.569828e-05,0.0004284914,0
3545.0,3550.0,3547.5,9.027426e-05,0.0004513713,0
3550.0,3555.0,3552.5,8.11509e-05,0.0004057545,0
3555.0,3560.0,3557.5,8.699768e-05,0.0004349884,0
3560.0,3565.0,3562.5,7.203818e-05,0.0003601909,0
3565.0,3570.0,3567.5,6.2883296e-05,0.00031441648,0
3570.0,3575.0,3572.5,8.234782e-05,0.0004117391,0
3575.0,3580.0,3577.5,8.007584e-05,0.0004003792,0
3580.0,3585.0,3582.5,8.344582e-05,0.0004172291,0
3585.0,3590.0,3587.5,7.64985e-05,0.0003824925,0
3590.0,3595.0,3592.5,7.875062e-05,0.0003937531,0
3595.0,3600.0,3597.5,7.088326e-05,0.0003544163,0
3600.0,3605.0,3602.5,9.597266e-05,0.0004798633,0
3605.0,3610.0,3607.5,7.1925076e-05,0.00035962538,0
3610.0,3615.0,3612.5,8.337432e-05,0.0004168716,0
3615.0,3620.0,3617.5,7.317864e-05,0.0003658932,0
3620.0,3625.0,3622.5,7.308058e-05,0.0003654029,0
3625.0,3630.0,3627.5,7.766294e-05,0.0003883147,0
3630.0,3635.0,3632.5,7.176676e-05,0.0003588338,0
3635.0,3640.0,3637.5,8.782394e-05,0.0004391197,0
3640.0,3645.0,3642.5,7.999232e-05,0.0003999616,0
3645.0,3650.0,3647.5,9.376964e-05,0.0004688482,0
3650.0,3655.0,3652.5,9.60054e-05,0.000480027,0
3655.0,3660.0,3657.5,7.327476e-05,0.0003663738,0
3660.0,3665.0,3662.5,9.4979608e-05,0.00047489804,0
3665.0,3670.0,3667.5,0.00010179544,0.0005089772,0
3670.0,3675.0,3672.5,8.90782e-05,0.000445391,0
3675.0,3680.0,3677.5,8.804988e-05,0.0004402494,0
3680.0,3685.0,3682.5,7.764064e-05,0.0003882032,0
3685.0,3690.0,3687.5,8.68891e-05,0.0004344455,0
3690.0,3695.0,3692.5,6.8701008e-05,0.00034350504,0
3695.0,3700.0,3697.5,7.530216e-05,0.0003765108,0
3700.0,3705.0,3702.5,5.717666e-05,0.0002858833,0
3705.0,3710.0,3707.5,7.538656e-05,0.0003769328,0
3710.0,3715.0,3712.5,8.574732e-05,0.0004287366,0
3715.0,3720.0,3717.5,8.684194e-05,0.0004342097,0
3720.0,3725.0,3722.5,8.129736e-05,0.0004064868,0
3725.0,3730.0,3727.5,7.077686e-05,0.0003538843,0
3730.0,3735.0,3732.5,8.684568e-05,0.0004342284,0
3735.0,3740.0,3737.5,8.006966e-05,0.0004003483,0
3740.0,3745.0,3742.5,9.029028e-05,0.0004514514,0
3745.0,3750.0,3747.5,7.763218e-05,0.0003881609,0
3750.0,3755.0,3752.5,7.197858e-05,0.0003598929,0
3755.0,3760.0,3757.5,7.088774e-05,0.0003544387,0
3760.0,3765.0,3762.5,7.309328e-05,0.0003654664,0
3765.0,3770.0,3767.5,8.121062e-05,0.0004060531,0
3770.0,3775.0,3772.5,8.222274e-05,0.0004111137,0
3775.0,3780.0,3777.5,7.199306e-05,0.0003599653,0
3780.0,3785.0,3782.5,8.559124e-05,0.0004279562,0
3785.0,3790.0,3787.5,8.221472e-05,0.0004110736,0
3790.0,3795.0,3792.5,8.67379e-05,0.0004336895,0
3795.0,3800.0,3797.5,8.111648e-05,0.0004055824,0
3800.0,3805.0,3802.5,8.807974e-05,0.0004403987,0
3805.0,3810.0,3807.5,8.564464e-05,0.0004282232,0
3810.0,3815.0,3812.5,7.76655e-05,0.0003883275,0
3815.0,3820.0,3817.5,6.401928e-05,0.0003200964,0
3820.0,3825.0,3822.5,8.126872e-05,0.0004063436,0
3825.0,3830.0,3827.5,8.915858e-05,0.0004457929,0
3830.0,3835.0,3832.5,5.952368e-05,0.0002976184,0
3835.0,3840.0,3837.5,9.015312e-05,0.0004507656,0
3840.0,3845.0,3842.5,7.078102e-05,0.0003539051,0
3845.0,3850.0,3847.5,8.3393e-05,0.000416965,0
3850.0,3855.0,3852.5,8.4460926e-05,0.00042230463,0
3855.0,3860.0,3857.5,8.680062e-05,0.0004340031,0
3860.0,3865.0,3862.5,9.710382e-05,0.0004855191,0
3865.0,3870.0,3867.5,7.547704e-05,0.0003773852,0
3870.0,3875.0,3872.5,7.309018e-05,0.0003654509,0
3875.0,3880.0,3877.5,8.011928e-05,0.0004005964,0
3880.0,3885.0,3882.5,7.317974e-05,0.0003658987,0
3885.0,3890.0,3887.5,6.967536e-05,0.0003483768,0
3890.0,3895.0,3892.5,6.741178e-05,0.0003370589,0
3895.0,3900.0,3897.5,6.635002e-05,0.0003317501,0
3900.0,3905.0,3902.5,8.345688e-05,0.0004172844,0
3905.0,3910.0,3907.5,8.7941416e-05,0.00043970708,0
3910.0,3915.0,3912.5,7.3270062e-05,0.00036635031,0
3915.0,3920.0,3917.5,7.778438e-05,0.0003889219,0
3920.0,3925.0,3922.5,8.805126e-05,0.0004402563,0
3925.0,3930.0,3927.5,8.689184e-05,0.0004344592,0
3930.0,3935.0,3932.5,7.7624354e-05,0.00038812177,0
3935.0,3940.0,3937.5,7.321062e-05,0.0003660531,0
3940.0,3945.0,3942.5,9.47637e-05,0.0004738185,0
3945.0,3950.0,3947.5,7.20151e-05,0.0003600755,0
3950.0,3955.0,3952.5,7.5526028e-05,0.00037763014,0
3955.0,3960.0,3957.5,6.865274e-05,0.0003432637,0
3960.0,3965.0,3962.5,7.659338e-05,0.0003829669,0
3965.0,3970.0,3967.5,8.578502e-05,0.0004289251,0
3970.0,3975.0,3972.5,6.972638e-05,0.0003486319,0
3975.0,3980.0,3977.5,7.4232884e-05,0.00037116442,0
3980.0,3985.0,3982.5,9.480272e-05,0.0004740136,0
3985.0,3990.0,3987.5,7.884686e-05,0.0003942343,0
3990.0,3995.0,3992.5,8.576746e-05,0.0004288373,0
3995.0,4000.0,3997.5,8.458304e-05,0.0004229152,0
4000.0,4005.0,4002.5,8.673224e-05,0.0004336612,0
4005.0,4010.0,4007.5,5.71387e-05,0.0002856935,0
4010.0,4015.0,4012.5,8.570766e-05,0.0004285383,0
4015.0,4020.0,4017.5,6.397496e-05,0.0003198748,0
4020.0,4025.0,4022.5,6.9747668e-05,0.00034873834,0
4025.0,4030.0,4027.5,7.31446e-05,0.000365723,0
4030.0,4035.0,4032.5,6.061058e-05,0.0003030529,0
4035.0,4040.0,4037.5,7.554512e-05,0.0003777256,0
4040.0,4045.0,4042.5,7.31915e-05,0.0003659575,0
4045.0,4050.0,4047.5,8.902042e-05,0.0004451021,0
4050.0,4055.0,4052.5,6.614356e-05,0.0003307178,0
4055.0,4060.0,4057.5,7.6692842e-05,0.00038346421,0
4060.0,4065.0,4062.5,8.688098e-05,0.0004344049,0
4065.0,4070.0,4067.5,7.878468e-05,0.0003939234,0
4070.0,4075.0,4072.5,9.031394e-05,0.0004515697,0
4075.0,4080.0,4077.5,7.887164e-05,0.0003943582,0
4080.0,4085.0,4082.5,8.795192e-05,0.0004397596,0
4085.0,4090.0,4087.5,8.683548e-05,0.0004341774,0
4090.0,4095.0,4092.5,7.439676e-05,0.0003719838,0
4095.0,4100.0,4097.5,7.087778e-05,0.0003543889,0
4100.0,4105.0,4102.5,6.158258e-05,0.0003079129,0
4105.0,4110.0,4107.5,9.478736e-05,0.0004739368,0
4110.0,4115.0,4112.5,8.347214e-05,0.0004173607,0
4115.0,4120.0,4117.5,8.57237e-05,0.0004286185,0
4120.0,4125.0,4122.5,9.590476e-05,0.0004795238,0
4125.0,4130.0,4127.5,5.373082e-05,0.0002686541,0
4130.0,4135.0,4132.5,7.77146e-05,0.000388573,0
4135.0,4140.0,4137.5,6.16462e-05,0.000308231,0
4140.0,4145.0,4142.5,7.9963514e-05,0.00039981757,0
4145.0,4150.0,4147.5,8.569682e-05,0.0004284841,0
4150.0,4155.0,4152.5,7.313372e-05,0.0003656686,0
4155.0,4160.0,4157.5,7.429378e-05,0.0003714689,0
4160.0,4165.0,4162.5,7.304246e-05,0.0003652123,0
4165.0,4170.0,4167.5,8.683896e-05,0.0004341948,0
4170.0,4175.0,4172.5,7.886026e-05,0.0003943013,0
4175.0,4180.0,4177.5,7.88596e-05,0.000394298,0
4180.0,4185.0,4182.5,9.043616e-05,0.0004521808,0
4185.0,4190.0,4187.5,9.018628e-05,0.0004509314,0
4190.0,4195.0,4192.5,6.399844e-05,0.0003199922,0
4195.0,4200.0,4197.5,6.511948e-05,0.0003255974,0
4200.0,4205.0,4202.5,9.370344e-05,0.0004685172,0
4205.0,4210.0,4207.5,7.545666e-05,0.0003772833,0
4210.0,4215.0,4212.5,7.651766e-05,0.0003825883,0
4215.0,4220.0,4217.5,7.65449e-05,0.0003827245,0
4220.0,4225.0,4222.5,5.4944846e-05,0.00027472423,0
4225.0,4230.0,4227.5,7.657904e-05,0.0003828952,0
4230.0,4235.0,4232.5,5.7148454e-05,0.00028574227,0
4235.0,4240.0,4237.5,8.238936e-05,0.0004119468,0
4240.0,4245.0,4242.5,7.87891e-05,0.0003939455,0
4245.0,4250.0,4247.5,8.11805e-05,0.0004059025,0
4250.0,4255.0,4252.5,8.581628e-05,0.0004290814,0
4255.0,4260.0,4257.5,6.9644726e-05,0.00034822363,0
4260.0,4265.0,4262.5,7.889976e-05,0.0003944988,0
4265.0,4270.0,4267.5,8.678086e-05,0.0004339043,0
4270.0,4275.0,4272.5,7.987716e-05,0.0003993858,0
4275.0,4280.0,4277.5,6.633058e-05,0.0003316529,0
4280.0,4285.0,4282.5,9.13614e-05,0.000456807,0
4285.0,4290.0,4287.5,6.851166e-05,0.0003425583,0
4290.0,4295.0,4292.5,7.7849e-05,0.000389245,0
4295.0,4300.0,4297.5,6.288052e-05,0.0003144026,0
4300.0,4305.0,4302.5,7.770144e-05,0.0003885072,0
4305.0,4310.0,4307.5,9.268922e-05,0.0004634461,0
4310.0,4315.0,4312.5,8.116738e-05,0.0004058369,0
4315.0,4320.0,4317.5,8.003838e-05,0.0004001919,0
4320.0,4325.0,4322.5,6.738144e-05,0.0003369072,0
4325.0,4330.0,4327.5,5.2558526e-05,0.00026279263,0
4330.0,4335.0,4332.5,8.337916e-05,0.0004168958,0
4335.0,4340.0,4337.5,6.510128e-05,0.0003255064,0
4340.0,4345.0,4342.5,8.575972e-05,0.0004287986,0
4345.0,4350.0,4347.5,6.055906e-05,0.0003027953,0
4350.0,4355.0,4352.5,9.373522e-05,0.0004686761,0
4355.0,4360.0,4357.5,7.784244e-05,0.0003892122,0
4360.0,4365.0,4362.5,6.396832e-05,0.0003198416,0
4365.0,4370.0,4367.5,6.51064e-05,0.000325532,0
4370.0,4375.0,4372.5,8.811414e-05,0.0004405707,0
4375.0,4380.0,4377.5,7.422164e-05,0.0003711082,0
4380.0,4385.0,4382.5,7.638814e-05,0.0003819407,0
4385.0,4390.0,4387.5,9.835452e-05,0.0004917726,0
4390.0,4395.0,4392.5,6.50802e-05,0.000325401,0
4395.0,4400.0,4397.5,8.342e-05,0.0004171,0
4400.0,4405.0,4402.5,7.31294e-05,0.000365647,0
4405.0,4410.0,4407.5,7.31077e-05,0.0003655385,0
4410.0,4415.0,4412.5,6.628466e-05,0.0003314233,0
4415.0,4420.0,4417.5,5.3715028e-05,0.00026857514,0
4420.0,4425.0,4422.5,6.74643e-05,0.0003373215,0
4425.0,4430.0,4427.5,7.664512e-05,0.0003832256,0
4430.0,4435.0,4432.5,7.878928e-05,0.0003939464,0
4435.0,4440.0,4437.5,6.632712e-05,0.0003316356,0
4440.0,4445.0,4442.5,6.9783388e-05,0.00034891694,0
4445.0,4450.0,4447.5,7.771452e-05,0.0003885726,0
4450.0,4455.0,4452.5,7.876552e-05,0.0003938276,0
4455.0,4460.0,4457.5,5.610642e-05,0.0002805321,0
4460.0,4465.0,4462.5,6.970674e-05,0.0003485337,0
4465.0,4470.0,4467.5,7.424042e-05,0.0003712021,0
4470.0,4475.0,4472.5,6.632902e-05,0.0003316451,0
4475.0,4480.0,4477.5,8.227232e-05,0.0004113616,0
4480.0,4485.0,4482.5,7.535338e-05,0.0003767669,0
4485.0,4490.0,4487.5,5.82848e-05,0.000291424,0
4490.0,4495.0,4492.5,7.30468e-05,0.000365234,0
4495.0,4500.0,4497.5,7.43121e-05,0.0003715605,0
4500.0,4505.0,4502.5,7.993602e-05,0.0003996801,0
4505.0,4510.0,4507.5,7.770504e-05,0.0003885252,0
4510.0,4515.0,4512.5,7.0845076e-05,0.00035422538,0
4515.0,4520.0,4517.5,7.1894182e-05,0.00035947091,0
4520.0,4525.0,4522.5,7.201318e-05,0.0003600659,0
4525.0,4530.0,4527.5,6.505218e-05,0.0003252609,0
4530.0,4535.0,4532.5,6.166228e-05,0.0003083114,0
4535.0,4540.0,4537.5,7.421052e-05,0.0003710526,0
4540.0,4545.0,4542.5,7.194436e-05,0.0003597218,0
4545.0,4550.0,4547.5,5.708818e-05,0.0002854409,0
4550.0,4555.0,4552.5,5.942158e-05,0.0002971079,0
4555.0,4560.0,4557.5,8.1091146e-05,0.00040545573,0
4560.0,4565.0,4562.5,6.9649e-05,0.000348245,0
4565.0,4570.0,4567.5,7.6580744e-05,0.00038290372,0
4570.0,4575.0,4572.5,0.00010169894,0.0005084947,0
4575.0,4580.0,4577.5,9.022568e-05,0.0004511284,0
4580.0,4585.0,4582.5,8.345662e-05,0.0004172831,0
4585.0,4590.0,4587.5,7.765482e-05,0.0003882741,0
4590.0,4595.0,4592.5,9.0308e-05,0.00045154,0
4595.0,4600.0,4597.5,6.172174e-05,0.0003086087,0
4600.0,4605.0,4602.5,5.819604e-05,0.0002909802,0
4605.0,4610.0,4607.5,7.538066e-05,0.0003769033,0
4610.0,4615.0,4612.5,7.769328e-05,0.0003884664,0
4615.0,4620.0,4617.5,7.311076e-05,0.0003655538,0
4620.0,4625.0,4622.5,5.3605376e-05,0.00026802688,0
4625.0,4630.0,4627.5,6.3991472e-05,0.00031995736,0
4630.0,4635.0,4632.5,8.006896e-05,0.0004003448,0
4635.0,4640.0,4637.5,7.09192e-05,0.000354596,0
4640.0,4645.0,4642.5,7.656072e-05,0.0003828036,0
4645.0,4650.0,4647.5,7.076846e-05,0.0003538423,0
4650.0,4655.0,4652.5,7.4297626e-05,0.00037148813,0
4655.0,4660.0,4657.5,7.19469e-05,0.0003597345,0
4660.0,4665.0,4662.5,5.941462e-05,0.0002970731,0
4665.0,4670.0,4667.5,6.97578e-05,0.000348789,0
4670.0,4675.0,4672.5,8.22667e-05,0.0004113335,0
4675.0,4680.0,4677.5,8.80671e-05,0.0004403355,0
4680.0,4685.0,4682.5,9.025214e-05,0.0004512607,0
4685.0,4690.0,4687.5,6.2898e-05,0.00031449,0
4690.0,4695.0,4692.5,8.914002e-05,0.0004457001,0
4695.0,4700.0,4697.5,6.402918e-05,0.0003201459,0
4700.0,4705.0,4702.5,7.777218e-05,0.0003888609,0
4705.0,4710.0,4707.5,7.877008e-05,0.0003938504,0
4710.0,4715.0,4712.5,8.320466e-05,0.0004160233,0
4715.0,4720.0,4717.5,7.989898e-05,0.0003994949,0
4720.0,4725.0,4722.5,7.5242552e-05,0.00037621276,0
4725.0,4730.0,4727.5,6.966412e-05,0.0003483206,0
4730.0,4735.0,4732.5,8.922416e-05,0.0004461208,0
4735.0,4740.0,4737.5,7.550586e-05,0.0003775293,0
4740.0,4745.0,4742.5,8.568698e-05,0.0004284349,0
4745.0,4750.0,4747.5,8.003582e-05,0.0004001791,0
4750.0,4755.0,4752.5,6.4004e-05,0.00032002,0
4755.0,4760.0,4757.5,7.312416e-05,0.0003656208,0
4760.0,4765.0,4762.5,6.512304e-05,0.0003256152,0
4765.0,4770.0,4767.5,6.27763e-05,0.0003138815,0
4770.0,4775.0,4772.5,7.6555912e-05,0.00038277956,0
4775.0,4780.0,4777.5,7.2018182e-05,0.00036009091,0
4780.0,4785.0,4782.5,6.286432e-05,0.0003143216,0
4785.0,4790.0,4787.5,6.631598e-05,0.0003315799,0
4790.0,4795.0,4792.5,6.523428e-05,0.0003261714,0
4795.0,4800.0,4797.5,7.084788e-05,0.0003542394,0
4800.0,4805.0,4802.5,8.471568e-05,0.0004235784,0
4805.0,4810.0,4807.5,6.17394e-05,0.000308697,0
4810.0,4815.0,4812.5,7.541748e-05,0.0003770874,0
4815.0,4820.0,4817.5,9.375472e-05,0.0004687736,0
4820.0,4825.0,4822.5,7.3152996e-05,0.00036576498,0
4825.0,4830.0,4827.5,6.856506e-05,0.0003428253,0
4830.0,4835.0,4832.5,6.972446e-05,0.0003486223,0
4835.0,4840.0,4837.5,9.146608e-05,0.0004573304,0
4840.0,4845.0,4842.5,7.42823e-05,0.0003714115,0
4845.0,4850.0,4847.5,8.108914e-05,0.0004054457,0
4850.0,4855.0,4852.5,5.7136612e-05,0.00028568306,0
4855.0,4860.0,4857.5,5.949732e-05,0.0002974866,0
4860.0,4865.0,4862.5,5.599692e-05,0.0002799846,0
4865.0,4870.0,4867.5,7.425354e-05,0.0003712677,0
4870.0,4875.0,4872.5,6.743832e-05,0.0003371916,0
4875.0,4880.0,4877.5,8.110726e-05,0.0004055363,0
4880.0,4885.0,4882.5,5.2603684e-05,0.00026301842,0
4885.0,4890.0,4887.5,6.855254e-05,0.0003427627,0
4890.0,4895.0,4892.5,4.9116018e-05,0.00024558009,0
4895.0,4900.0,4897.5,7.6594686e-05,0.00038297343,0
4900.0,4905.0,4902.5,7.4308388e-05,0.00037154194,0
4905.0,4910.0,4907.5,6.613022e-05,0.0003306511,0
4910.0,4915.0,4912.5,6.400086e-05,0.0003200043,0
4915.0,4920.0,4917.5,6.750752e-05,0.0003375376,0
4920.0,4925.0,4922.5,6.501002e-05,0.0003250501,0
4925.0,4930.0,4927.5,8.234988e-05,0.0004117494,0
4930.0,4935.0,4932.5,7.0847e-05,0.000354235,0
4935.0,4940.0,4937.5,7.070854e-05,0.0003535427,0
4940.0,4945.0,4942.5,8.225442e-05,0.0004112721,0
4945.0,4950.0,4947.5,6.063386e-05,0.0003031693,0
4950.0,4955.0,4952.5,8.124802e-05,0.0004062401,0
4955.0,4960.0,4957.5,5.3658232e-05,0.00026829116,0
4960.0,4965.0,4962.5,7.085712e-05,0.0003542856,0
4965.0,4970.0,4967.5,8.457306e-05,0.0004228653,0
4970.0,4975.0,4972.5,7.082154e-05,0.0003541077,0
4975.0,4980.0,4977.5,7.319462e-05,0.0003659731,0
4980.0,4985.0,4982.5,7.658274e-05,0.0003829137,0
4985.0,4990.0,4987.5,6.746524e-05,0.0003373262,0
4990.0,4995.0,4992.5,5.951852e-05,0.0002975926,0
4995.0,5000.0,4997.5,6.179278e-05,0.0003089639,0
5000.0,5005.0,5002.5,6.630982e-05,0.0003315491,0
5005.0,5010.0,5007.5,6.7490508e-05,0.00033745254,0
5010.0,5015.0,5012.5,6.740688e-05,0.0003370344,0
5015.0,5020.0,5017.5,6.300038e-05,0.0003150019,0
5020.0,5025.0,5022.5,6.059232e-05,0.0003029616,0
5025.0,5030.0,5027.5,6.061662e-05,0.0003030831,0
5030.0,5035.0,5032.5,6.62562e-05,0.000331281,0
5035.0,5040.0,5037.5,5.9412426e-05,0.00029706213,0
5040.0,5045.0,5042.5,7.652938e-05,0.0003826469,0
5045.0,5050.0,5047.5,9.142668e-05,0.0004571334,0
5050.0,5055.0,5052.5,4.5772278e-05,0.00022886139,0
5055.0,5060.0,5057.5,7.074372e-05,0.0003537186,0
5060.0,5065.0,5062.5,7.201026e-05,0.0003600513,0
5065.0,5070.0,5067.5,8.23997e-05,0.0004119985,0
5070.0,5075.0,5072.5,5.135654e-05,0.0002567827,0
5075.0,5080.0,5077.5,5.482232e-05,0.0002741116,0
5080.0,5085.0,5082.5,6.743082e-05,0.0003371541,0
5085.0,5090.0,5087.5,9.81913e-05,0.0004909565,0
5090.0,5095.0,5092.5,6.62128e-05,0.000331064,0
5095.0,5100.0,5097.5,6.860798e-05,0.0003430399,0
5100.0,5105.0,5102.5,7.540278e-05,0.0003770139,0
5105.0,5110.0,5107.5,6.74679e-05,0.0003373395,0
5110.0,5115.0,5112.5,6.515734e-05,0.0003257867,0
5115.0,5120.0,5117.5,6.283332e-05,0.0003141666,0
5120.0,5125.0,5122.5,5.9415446e-05,0.00029707723,0
5125.0,5130.0,5127.5,7.426546e-05,0.0003713273,0
5130.0,5135.0,5132.5,5.9329112e-05,0.00029664556,0
5135.0,5140.0,5137.5,7.995614e-05,0.0003997807,0
5140.0,5145.0,5142.5,7.315018e-05,0.0003657509,0
5145.0,5150.0,5147.5,7.659502e-05,0.0003829751,0
5150.0,5155.0,5152.5,7.084766e-05,0.0003542383,0
5155.0,5160.0,5157.5,5.71785e-05,0.0002858925,0
5160.0,5165.0,5162.5,7.087412e-05,0.0003543706,0
5165.0,5170.0,5167.5,6.506364e-05,0.0003253182,0
5170.0,5175.0,5172.5,6.291902e-05,0.0003145951,0
5175.0,5180.0,5177.5,7.31221e-05,0.0003656105,0
5180.0,5185.0,5182.5,6.39882e-05,0.000319941,0
5185.0,5190.0,5187.5,6.268042e-05,0.0003134021,0
5190.0,5195.0,5192.5,6.171996e-05,0.0003085998,0
5195.0,5200.0,5197.5,7.538838e-05,0.0003769419,0
5200.0,5205.0,5202.5,6.275036e-05,0.0003137518,0
5205.0,5210.0,5207.5,6.516096e-05,0.0003258048,0
5210.0,5215.0,5212.5,6.63204e-05,0.000331602,0
5215.0,5220.0,5217.5,7.656378e-05,0.0003828189,0
5220.0,5225.0,5222.5,8.466376e-05,0.0004233188,0
5225.0,5230.0,5227.5,6.29033e-05,0.0003145165,0
5230.0,5235.0,5232.5,7.087078e-05,0.0003543539,0
5235.0,5240.0,5237.5,5.937068e-05,0.0002968534,0
5240.0,5245.0,5242.5,6.970676e-05,0.0003485338,0
5245.0,5250.0,5247.5,6.40236e-05,0.000320118,0
5250.0,5255.0,5252.5,5.831226e-05,0.0002915613,0
5255.0,5260.0,5257.5,5.709052e-05,0.0002854526,0
5260.0,5265.0,5262.5,6.743922e-05,0.0003371961,0
5265.0,5270.0,5267.5,7.318358e-05,0.0003659179,0
5270.0,5275.0,5272.5,7.422946e-05,0.0003711473,0
5275.0,5280.0,5277.5,8.344808e-05,0.0004172404,0
5280.0,5285.0,5282.5,6.63636e-05,0.000331818,0
5285.0,5290.0,5287.5,7.0890204e-05,0.00035445102,0
5290.0,5295.0,5292.5,6.731884e-05,0.0003365942,0
5295.0,5300.0,5297.5,5.7270744e-05,0.00028635372,0
5300.0,5305.0,5302.5,7.537614e-05,0.0003768807,0
5305.0,5310.0,5307.5,7.667252e-05,0.0003833626,0
5310.0,5315.0,5312.5,7.202042e-05,0.0003601021,0
5315.0,5320.0,5317.5,6.500978e-05,0.0003250489,0
5320.0,5325.0,5322.5,6.177796e-05,0.0003088898,0
5325.0,5330.0,5327.5,6.756164e-05,0.0003378082,0
5330.0,5335.0,5332.5,4.2343402e-05,0.00021171701,0
5335.0,5340.0,5337.5,7.318114e-05,0.0003659057,0
5340.0,5345.0,5342.5,7.898492e-05,0.0003949246,0
5345.0,5350.0,5347.5,6.29332e-05,0.000314666,0
5350.0,5355.0,5352.5,9.036674e-05,0.0004518337,0
5355.0,5360.0,5357.5,6.168238e-05,0.0003084119,0
5360.0,5365.0,5362.5,5.2647662e-05,0.00026323831,0
5365.0,5370.0,5367.5,6.865018e-05,0.0003432509,0
5370.0,5375.0,5372.5,7.424532e-05,0.0003712266,0
5375.0,5380.0,5377.5,7.542356e-05,0.0003771178,0
5380.0,5385.0,5382.5,6.752668e-05,0.0003376334,0
5385.0,5390.0,5387.5,6.5223486e-05,0.00032611743,0
5390.0,5395.0,5392.5,5.939966e-05,0.0002969983,0
5395.0,5400.0,5397.5,7.200428e-05,0.0003600214,0
5400.0,5405.0,5402.5,8.797204e-05,0.0004398602,0
5405.0,5410.0,5407.5,7.2997914e-05,0.00036498957,0
5410.0,5415.0,5412.5,6.9803362e-05,0.00034901681,0
5415.0,5420.0,5417.5,6.4032984e-05,0.00032016492,0
5420.0,5425.0,5422.5,7.755702e-05,0.0003877851,0
5425.0,5430.0,5427.5,5.9561944e-05,0.00029780972,0
5430.0,5435.0,5432.5,7.320472e-05,0.0003660236,0
5435.0,5440.0,5437.5,7.085638e-05,0.0003542819,0
5440.0,5445.0,5442.5,6.75188e-05,0.000337594,0
5445.0,5450.0,5447.5,5.7163144e-05,0.00028581572,0
5450.0,5455.0,5452.5,7.657744e-05,0.0003828872,0
5455.0,5460.0,5457.5,6.063044e-05,0.0003031522,0
5460.0,5465.0,5462.5,8.107242e-05,0.0004053621,0
5465.0,5470.0,5467.5,6.284284e-05,0.0003142142,0
5470.0,5475.0,5472.5,7.200668e-05,0.0003600334,0
5475.0,5480.0,5477.5,7.676334e-05,0.0003838167,0
5480.0,5485.0,5482.5,6.85764e-05,0.000342882,0
5485.0,5490.0,5487.5,7.31096e-05,0.000365548,0
5490.0,5495.0,5492.5,7.196366e-05,0.0003598183,0
5495.0,5500.0,5497.5,7.661896e-05,0.0003830948,0
5500.0,5505.0,5502.5,4.5808384e-05,0.00022904192,0
5505.0,5510.0,5507.5,5.946296e-05,0.0002973148,0
5510.0,5515.0,5512.5,7.542248e-05,0.0003771124,0
5515.0,5520.0,5517.5,5.370426e-05,0.0002685213,0
5520.0,5525.0,5522.5,5.3775928e-05,0.00026887964,0
5525.0,5530.0,5527.5,6.85681e-05,0.0003428405,0
5530.0,5535.0,5532.5,6.85556e-05,0.000342778,0
5535.0,5540.0,5537.5,7.18942e-05,0.000359471,0
5540.0,5545.0,5542.5,7.777962e-05,0.0003888981,0
5545.0,5550.0,5547.5,6.285054e-05,0.0003142527,0
5550.0,5555.0,5552.5,7.075368e-05,0.0003537684,0
5555.0,5560.0,5557.5,4.906582e-05,0.0002453291,0
5560.0,5565.0,5562.5,7.438962e-05,0.0003719481,0
5565.0,5570.0,5567.5,5.491986e-05,0.0002745993,0
5570.0,5575.0,5572.5,6.40075e-05,0.0003200375,0
5575.0,5580.0,5577.5,6.0620788e-05,0.00030310394,0
5580.0,5585.0,5582.5,7.6621702e-05,0.00038310851,0
5585.0,5590.0,5587.5,5.9423576e-05,0.00029711788,0
5590.0,5595.0,5592.5,6.863214e-05,0.0003431607,0
5595.0,5600.0,5597.5,5.712158e-05,0.0002856079,0
5600.0,5605.0,5602.5,7.077488e-05,0.0003538744,0
5605.0,5610.0,5607.5,7.652298e-05,0.0003826149,0
5610.0,5615.0,5612.5,5.944308e-05,0.0002972154,0
5615.0,5620.0,5617.5,6.857732e-05,0.0003428866,0
5620.0,5625.0,5622.5,8.229802e-05,0.0004114901,0
5625.0,5630.0,5627.5,6.74212e-05,0.000337106,0
5630.0,5635.0,5632.5,5.3730668e-05,0.00026865334,0
5635.0,5640.0,5637.5,5.359974e-05,0.0002679987,0
5640.0,5645.0,5642.5,5.824194e-05,0.0002912097,0
5645.0,5650.0,5647.5,5.82839e-05,0.0002914195,0
5650.0,5655.0,5652.5,5.596166e-05,0.0002798083,0
5655.0,5660.0,5657.5,6.861764e-05,0.0003430882,0
5660.0,5665.0,5662.5,5.605156e-05,0.0002802578,0
5665.0,5670.0,5667.5,8.585912e-05,0.0004292956,0
5670.0,5675.0,5672.5,7.198064e-05,0.0003599032,0
5675.0,5680.0,5677.5,7.782304e-05,0.0003891152,0
5680.0,5685.0,5682.5,7.43683e-05,0.0003718415,0
5685.0,5690.0,5687.5,4.8069454e-05,0.00024034727,0
5690.0,5695.0,5692.5,7.659724e-05,0.0003829862,0
5695.0,5700.0,5697.5,8.01178e-05,0.000400589,0
5700.0,5705.0,5702.5,5.813718e-05,0.0002906859,0
5705.0,5710.0,5707.5,8.913074e-05,0.0004456537,0
5710.0,5715.0,5712.5,6.75561e-05,0.0003377805,0
5715.0,5720.0,5717.5,6.852246e-05,0.0003426123,0
5720.0,5725.0,5722.5,6.746448e-05,0.0003373224,0
5725.0,5730.0,5727.5,6.738342e-05,0.0003369171,0
5730.0,5735.0,5732.5,7.071616e-05,0.0003535808,0
5735.0,5740.0,5737.5,6.063686e-05,0.0003031843,0
5740.0,5745.0,5742.5,5.718532e-05,0.0002859266,0
5745.0,5750.0,5747.5,5.491666e-05,0.0002745833,0
5750.0,5755.0,5752.5,6.389754e-05,0.0003194877,0
5755.0,5760.0,5757.5,6.401374e-05,0.0003200687,0
5760.0,5765.0,5762.5,5.4861486e-05,0.00027430743,0
5765.0,5770.0,5767.5,6.397974e-05,0.0003198987,0
5770.0,5775.0,5772.5,5.948152e-05,0.0002974076,0
5775.0,5780.0,5777.5,6.508124e-05,0.0003254062,0
5780.0,5785.0,5782.5,6.059128e-05,0.0003029564,0
5785.0,5790.0,5787.5,6.739112e-05,0.0003369556,0
5790.0,5795.0,5792.5,5.261522e-05,0.0002630761,0
5795.0,5800.0,5797.5,6.506912e-05,0.0003253456,0
5800.0,5805.0,5802.5,4.913134e-05,0.0002456567,0
5805.0,5810.0,5807.5,6.74956e-05,0.000337478,0
5810.0,5815.0,5812.5,5.709156e-05,0.0002854578,0
5815.0,5820.0,5817.5,6.063486e-05,0.0003031743,0
5820.0,5825.0,5822.5,4.2290692e-05,0.00021145346,0
5825.0,5830.0,5827.5,6.967094e-05,0.0003483547,0
5830.0,5835.0,5832.5,6.288646e-05,0.0003144323,0
5835.0,5840.0,5837.5,6.518468e-05,0.0003259234,0
5840.0,5845.0,5842.5,6.74153e-05,0.0003370765,0
5845.0,5850.0,5847.5,6.517222e-05,0.0003258611,0
5850.0,5855.0,5852.5,6.744864e-05,0.0003372432,0
5855.0,5860.0,5857.5,7.085784e-05,0.0003542892,0
5860.0,5865.0,5862.5,6.519028e-05,0.0003259514,0
5865.0,5870.0,5867.5,6.168638e-05,0.0003084319,0
5870.0,5875.0,5872.5,8.228236e-05,0.0004114118,0
5875.0,5880.0,5877.5,7.543602e-05,0.0003771801,0
5880.0,5885.0,5882.5,6.400404e-05,0.0003200202,0
5885.0,5890.0,5887.5,6.514102e-05,0.0003257051,0
5890.0,5895.0,5892.5,6.283744e-05,0.0003141872,0
5895.0,5900.0,5897.5,8.333522e-05,0.0004166761,0
5900.0,5905.0,5902.5,6.741302e-05,0.0003370651,0
5905.0,5910.0,5907.5,5.603238e-05,0.0002801619,0
5910.0,5915.0,5912.5,6.866022e-05,0.0003433011,0
5915.0,5920.0,5917.5,6.397474e-05,0.0003198737,0
5920.0,5925.0,5922.5,6.05265e-05,0.0003026325,0
5925.0,5930.0,5927.5,6.85519e-05,0.0003427595,0
5930.0,5935.0,5932.5,5.48602e-05,0.000274301,0
5935.0,5940.0,5937.5,6.39308e-05,0.000319654,0
5940.0,5945.0,5942.5,6.400554e-05,0.0003200277,0
5945.0,5950.0,5947.5,7.419894e-05,0.0003709947,0
5950.0,5955.0,5952.5,6.631986e-05,0.0003315993,0
5955.0,5960.0,5957.5,7.433024e-05,0.0003716512,0
5960.0,5965.0,5962.5,8.682928e-05,0.0004341464,0
5965.0,5970.0,5967.5,6.743356e-05,0.0003371678,0
5970.0,5975.0,5972.5,7.31962e-05,0.000365981,0
5975.0,5980.0,5977.5,4.5606654e-05,0.00022803327,0
5980.0,5985.0,5982.5,5.4810432e-05,0.00027405216,0
5985.0,5990.0,5987.5,5.936666e-05,0.0002968333,0
5990.0,5995.0,5992.5,7.902144e-05,0.0003951072,0
5995.0,6000.0,5997.5,8.0010068e-05,0.00040005034,0
6000.0,6005.0,6002.5,7.091164e-05,0.0003545582,0
6005.0,6010.0,6007.5,5.93729e-05,0.0002968645,0
6010.0,6015.0,6012.5,6.067632e-05,0.0003033816,0
6015.0,6020.0,6017.5,5.8130814e-05,0.00029065407,0
6020.0,6025.0,6022.5,5.8306452e-05,0.00029153226,0
6025.0,6030.0,6027.5,4.807586e-05,0.0002403793,0
6030.0,6035.0,6032.5,6.967148e-05,0.0003483574,0
6035.0,6040.0,6037.5,5.9378292e-05,0.00029689146,0
6040.0,6045.0,6042.5,7.213204e-05,0.0003606602,0
6045.0,6050.0,6047.5,6.160894e-05,0.0003080447,0
6050.0,6055.0,6052.5,6.400914e-05,0.0003200457,0
6055.0,6060.0,6057.5,5.6113382e-05,0.00028056691,0
6060.0,6065.0,6062.5,6.518084e-05,0.0003259042,0
6065.0,6070.0,6067.5,5.145276e-05,0.0002572638,0
6070.0,6075.0,6072.5,5.822432e-05,0.0002911216,0
6075.0,6080.0,6077.5,6.4047008e-05,0.00032023504,0
6080.0,6085.0,6082.5,6.738278e-05,0.0003369139,0
6085.0,6090.0,6087.5,5.1413236e-05,0.00025706618,0
6090.0,6095.0,6092.5,6.057826e-05,0.0003028913,0
6095.0,6100.0,6097.5,8.00726e-05,0.000400363,0
6100.0,6105.0,6102.5,6.7344e-05,0.00033672,0
6105.0,6110.0,6107.5,5.1454702e-05,0.00025727351,0
6110.0,6115.0,6112.5,6.280228e-05,0.0003140114,0
6115.0,6120.0,6117.5,6.166854e-05,0.0003083427,0
6120.0,6125.0,6122.5,7.663124e-05,0.0003831562,0
6125.0,6130.0,6127.5,5.832344e-05,0.0002916172,0
6130.0,6135.0,6132.5,6.50967e-05,0.0003254835,0
6135.0,6140.0,6137.5,6.972404e-05,0.0003486202,0
6140.0,6145.0,6142.5,6.744828e-05,0.0003372414,0
6145.0,6150.0,6147.5,5.7118572e-05,0.00028559286,0
6150.0,6155.0,6152.5,5.9485282e-05,0.00029742641,0
6155.0,6160.0,6157.5,6.17479e-05,0.0003087395,0
6160.0,6165.0,6162.5,5.603072e-05,0.0002801536,0
6165.0,6170.0,6167.5,7.771326e-05,0.0003885663,0
6170.0,6175.0,6172.5,6.50887e-05,0.0003254435,0
6175.0,6180.0,6177.5,6.743364e-05,0.0003371682,0
6180.0,6185.0,6182.5,5.4960862e-05,0.00027480431,0
6185.0,6190.0,6187.5,7.310354e-05,0.0003655177,0
6190.0,6195.0,6192.5,6.855376e-05,0.0003427688,0
6195.0,6200.0,6197.5,5.94023e-05,0.0002970115,0
6200.0,6205.0,6202.5,5.826926e-05,0.0002913463,0
6205.0,6210.0,6207.5,6.738756e-05,0.0003369378,0
6210.0,6215.0,6212.5,7.659668e-05,0.0003829834,0
6215.0,6220.0,6217.5,7.538812e-05,0.0003769406,0
6220.0,6225.0,6222.5,6.068106e-05,0.0003034053,0
6225.0,6230.0,6227.5,7.661704e-05,0.0003830852,0
6230.0,6235.0,6232.5,5.027056e-05,0.0002513528,0
6235.0,6240.0,6237.5,5.952604e-05,0.0002976302,0
6240.0,6245.0,6242.5,4.793852e-05,0.0002396926,0
6245.0,6250.0,6247.5,8.230786e-05,0.0004115393,0
6250.0,6255.0,6252.5,6.857538e-05,0.0003428769,0
6255.0,6260.0,6257.5,6.057016e-05,0.0003028508,0
6260.0,6265.0,6262.5,6.7373152e-05,0.00033686576,0
6265.0,6270.0,6267.5,7.428896e-05,0.0003714448,0
6270.0,6275.0,6272.5,5.600024e-05,0.0002800012,0
6275.0,6280.0,6277.5,4.9137e-05,0.000245685,0
6280.0,6285.0,6282.5,6.2918e-05,0.00031459,0
6285.0,6290.0,6287.5,5.604586e-05,0.0002802293,0
6290.0,6295.0,6292.5,4.910712e-05,0.0002455356,0
6295.0,6300.0,6297.5,6.384014e-05,0.0003192007,0
6300.0,6305.0,6302.5,7.6529666e-05,0.00038264833,0
6305.0,6310.0,6307.5,5.4893086e-05,0.00027446543,0
6310.0,6315.0,6312.5,5.02723e-05,0.0002513615,0
6315.0,6320.0,6317.5,5.022063e-05,0.00025110315,0
6320.0,6325.0,6322.5,7.654474e-05,0.0003827237,0
6325.0,6330.0,6327.5,5.8469948e-05,0.00029234974,0
6330.0,6335.0,6332.5,5.94565e-05,0.0002972825,0
6335.0,6340.0,6337.5,7.414578e-05,0.0003707289,0
6340.0,6345.0,6342.5,6.403898e-05,0.0003201949,0
6345.0,6350.0,6347.5,6.854904e-05,0.0003427452,0
6350.0,6355.0,6352.5,4.687058e-05,0.0002343529,0
6355.0,6360.0,6357.5,6.976736e-05,0.0003488368,0
6360.0,6365.0,6362.5,6.402286e-05,0.0003201143,0
6365.0,6370.0,6367.5,6.056022e-05,0.0003028011,0
6370.0,6375.0,6372.5,5.25826e-05,0.000262913,0
6375.0,6380.0,6377.5,4.6933288e-05,0.00023466644,0
6380.0,6385.0,6382.5,5.823118e-05,0.0002911559,0
6385.0,6390.0,6387.5,5.954828e-05,0.0002977414,0
6390.0,6395.0,6392.5,7.424928e-05,0.0003712464,0
6395.0,6400.0,6397.5,6.0658484e-05,0.00030329242,0
6400.0,6405.0,6402.5,6.748818e-05,0.0003374409,0
6405.0,6410.0,6407.5,5.596156e-05,0.0002798078,0
6410.0,6415.0,6412.5,5.71851e-05,0.0002859255,0
6415.0,6420.0,6417.5,6.40151e-05,0.0003200755,0
6420.0,6425.0,6422.5,5.709646e-05,0.0002854823,0
6425.0,6430.0,6427.5,5.258434e-05,0.0002629217,0
6430.0,6435.0,6432.5,5.255342e-05,0.0002627671,0
6435.0,6440.0,6437.5,4.9022712e-05,0.00024511356,0
6440.0,6445.0,6442.5,7.186354e-05,0.0003593177,0
6445.0,6450.0,6447.5,6.629496e-05,0.0003314748,0
6450.0,6455.0,6452.5,7.089258e-05,0.0003544629,0
6455.0,6460.0,6457.5,6.289498e-05,0.0003144749,0
6460.0,6465.0,6462.5,5.47721e-05,0.0002738605,0
6465.0,6470.0,6467.5,7.1918634e-05,0.00035959317,0
6470.0,6475.0,6472.5,6.164888e-05,0.0003082444,0
6475.0,6480.0,6477.5,5.829752e-05,0.0002914876,0
6480.0,6485.0,6482.5,6.283502e-05,0.0003141751,0
6485.0,6490.0,6487.5,6.400688e-05,0.0003200344,0
6490.0,6495.0,6492.5,7.533534e-05,0.0003766767,0
6495.0,6500.0,6497.5,5.255226e-05,0.0002627613,0
6500.0,6505.0,6502.5,6.854442e-05,0.0003427221,0
6505.0,6510.0,6507.5,6.412972e-05,0.0003206486,0
6510.0,6515.0,6512.5,5.826846e-05,0.0002913423,0
6515.0,6520.0,6517.5,7.773626e-05,0.0003886813,0
6520.0,6525.0,6522.5,7.54778e-05,0.000377389,0
6525.0,6530.0,6527.5,6.403694e-05,0.0003201847,0
6530.0,6535.0,6532.5,6.0643988e-05,0.00030321994,0
6535.0,6540.0,6537.5,6.052002e-05,0.0003026001,0
6540.0,6545.0,6542.5,6.053074e-05,0.0003026537,0
6545.0,6550.0,6547.5,5.2633708e-05,0.00026316854,0
6550.0,6555.0,6552.5,5.9441892e-05,0.00029720946,0
6555.0,6560.0,6557.5,6.4136854e-05,0.00032068427,0
6560.0,6565.0,6562.5,6.062378e-05,0.0003031189,0
6565.0,6570.0,6567.5,6.51808e-05,0.000325904,0
6570.0,6575.0,6572.5,6.517536e-05,0.0003258768,0
6575.0,6580.0,6577.5,5.936084e-05,0.0002968042,0
6580.0,6585.0,6582.5,4.797428e-05,0.0002398714,0
6585.0,6590.0,6587.5,6.851744e-05,0.0003425872,0
6590.0,6595.0,6592.5,7.881696e-05,0.0003940848,0
6595.0,6600.0,6597.5,5.712824e-05,0.0002856412,0
6600.0,6605.0,6602.5,4.688658e-05,0.0002344329,0
6605.0,6610.0,6607.5,5.607104e-05,0.0002803552,0
6610.0,6615.0,6612.5,5.7213668e-05,0.00028606834,0
6615.0,6620.0,6617.5,6.0623e-05,0.000303115,0
6620.0,6625.0,6622.5,4.5618234e-05,0.00022809117,0
6625.0,6630.0,6627.5,5.259254e-05,0.0002629627,0
6630.0,6635.0,6632.5,6.5237164e-05,0.00032618582,0
6635.0,6640.0,6637.5,5.47285e-05,0.0002736425,0
6640.0,6645.0,6642.5,5.485308e-05,0.0002742654,0
6645.0,6650.0,6647.5,7.7808108e-05,0.00038904054,0
6650.0,6655.0,6652.5,5.819468e-05,0.0002909734,0
6655.0,6660.0,6657.5,5.2489698e-05,0.00026244849,0
6660.0,6665.0,6662.5,3.996174e-05,0.0001998087,0
6665.0,6670.0,6667.5,5.371876e-05,0.0002685938,0
6670.0,6675.0,6672.5,4.4574916e-05,0.00022287458,0
6675.0,6680.0,6677.5,4.918681e-05,0.00024593405,0
6680.0,6685.0,6682.5,5.3647896e-05,0.00026823948,0
6685.0,6690.0,6687.5,6.171756e-05,0.0003085878,0
6690.0,6695.0,6692.5,5.025e-05,0.00025125,0
6695.0,6700.0,6697.5,7.768776e-05,0.0003884388,0
6700.0,6705.0,6702.5,4.3444998e-05,0.00021722499,0
6705.0,6710.0,6707.5,6.1737704e-05,0.00030868852,0
6710.0,6715.0,6712.5,6.8526386e-05,0.00034263193,0
6715.0,6720.0,6717.5,5.145461e-05,0.00025727305,0
6720.0,6725.0,6722.5,6.29243e-05,0.0003146215,0
6725.0,6730.0,6727.5,5.704664e-05,0.0002852332,0
6730.0,6735.0,6732.5,7.201706e-05,0.0003600853,0
6735.0,6740.0,6737.5,6.173346e-05,0.0003086673,0
6740.0,6745.0,6742.5,6.741816e-05,0.0003370908,0
6745.0,6750.0,6747.5,6.050768e-05,0.0003025384,0
6750.0,6755.0,6752.5,6.509738e-05,0.0003254869,0
6755.0,6760.0,6757.5,5.595586e-05,0.0002797793,0
6760.0,6765.0,6762.5,5.265618e-05,0.0002632809,0
6765.0,6770.0,6767.5,6.1718146e-05,0.00030859073,0
6770.0,6775.0,6772.5,5.6084556e-05,0.00028042278,0
6775.0,6780.0,6777.5,6.060546e-05,0.0003030273,0
6780.0,6785.0,6782.5,5.709522e-05,0.0002854761,0
6785.0,6790.0,6787.5,7.5385754e-05,0.00037692877,0
6790.0,6795.0,6792.5,6.057088e-05,0.0003028544,0
6795.0,6800.0,6797.5,6.057168e-05,0.0003028584,0
6800.0,6805.0,6802.5,5.25974e-05,0.000262987,0
6805.0,6810.0,6807.5,5.031282e-05,0.0002515641,0
6810.0,6815.0,6812.5,6.17745e-05,0.0003088725,0
6815.0,6820.0,6817.5,5.3646106e-05,0.00026823053,0
6820.0,6825.0,6822.5,5.475444e-05,0.0002737722,0
6825.0,6830.0,6827.5,6.75042e-05,0.000337521,0
6830.0,6835.0,6832.5,6.178424e-05,0.0003089212,0
6835.0,6840.0,6837.5,4.9104986e-05,0.00024552493,0
6840.0,6845.0,6842.5,5.375498e-05,0.0002687749,0
6845.0,6850.0,6847.5,6.063996e-05,0.0003031998,0
6850.0,6855.0,6852.5,5.830422e-05,0.0002915211,0
6855.0,6860.0,6857.5,7.212058e-05,0.0003606029,0
6860.0,6865.0,6862.5,6.29184e-05,0.000314592,0
6865.0,6870.0,6867.5,7.768194e-05,0.0003884097,0
6870.0,6875.0,6872.5,5.832796e-05,0.0002916398,0
6875.0,6880.0,6877.5,5.4851266e-05,0.00027425633,0
6880.0,6885.0,6882.5,6.061174e-05,0.0003030587,0
6885.0,6890.0,6887.5,6.2849232e-05,0.00031424616,0
6890.0,6895.0,6892.5,6.28313e-05,0.0003141565,0
6895.0,6900.0,6897.5,7.7829036e-05,0.00038914518,0
6900.0,6905.0,6902.5,6.404418e-05,0.0003202209,0
6905.0,6910.0,6907.5,5.60196e-05,0.000280098,0
6910.0,6915.0,6912.5,4.106038e-05,0.0002053019,0
6915.0,6920.0,6917.5,7.0744514e-05,0.00035372257,0
6920.0,6925.0,6922.5,5.823762e-05,0.0002911881,0
6925.0,6930.0,6927.5,6.179012e-05,0.0003089506,0
6930.0,6935.0,6932.5,6.40249e-05,0.0003201245,0
6935.0,6940.0,6937.5,5.7036546e-05,0.00028518273,0
6940.0,6945.0,6942.5,4.574092e-05,0.0002287046,0
6945.0,6950.0,6947.5,4.909314e-05,0.0002454657,0
6950.0,6955.0,6952.5,4.5779836e-05,0.00022889918,0
6955.0,6960.0,6957.5,6.17218e-05,0.000308609,0
6960.0,6965.0,6962.5,5.8205436e-05,0.00029102718,0
6965.0,6970.0,6967.5,5.4891194e-05,0.00027445597,0
6970.0,6975.0,6972.5,5.248421e-05,0.00026242105,0
6975.0,6980.0,6977.5,7.543466e-05,0.0003771733,0
6980.0,6985.0,6982.5,5.262942e-05,0.0002631471,0
6985.0,6990.0,6987.5,5.83437e-05,0.0002917185,0
6990.0,6995.0,6992.5,5.595182e-05,0.0002797591,0
6995.0,7000.0,6997.5,5.941224e-05,0.0002970612,0
7000.0,7005.0,7002.5,4.1168586e-05,0.00020584293,0
7005.0,7010.0,7007.5,6.516638e-05,0.0003258319,0
7010.0,7015.0,7012.5,5.941358e-05,0.0002970679,0
7015.0,7020.0,7017.5,5.714254e-05,0.0002857127,0
7020.0,7025.0,7022.5,6.977424e-05,0.0003488712,0
7025.0,7030.0,7027.5,5.712804e-05,0.0002856402,0
7030.0,7035.0,7032.5,5.48148e-05,0.000274074,0
7035.0,7040.0,7037.5,6.9709432e-05,0.00034854716,0
7040.0,7045.0,7042.5,3.540662e-05,0.0001770331,0
7045.0,7050.0,7047.5,6.97566e-05,0.000348783,0
7050.0,7055.0,7052.5,7.44061e-05,0.0003720305,0
7055.0,7060.0,7057.5,6.514246e-05,0.0003257123,0
7060.0,7065.0,7062.5,6.063024e-05,0.0003031512,0
7065.0,7070.0,7067.5,5.024372e-05,0.0002512186,0
7070.0,7075.0,7072.5,4.233606e-05,0.0002116803,0
7075.0,7080.0,7077.5,4.5688886e-05,0.00022844443,0
7080.0,7085.0,7082.5,5.1510708e-05,0.00025755354,0
7085.0,7090.0,7087.5,5.716428e-05,0.0002858214,0
7090.0,7095.0,7092.5,6.1698686e-05,0.00030849343,0
7095.0,7100.0,7097.5,7.3230262e-05,0.00036615131,0
7100.0,7105.0,7102.5,5.5944952e-05,0.00027972476,0
7105.0,7110.0,7107.5,6.165286e-05,0.0003082643,0
7110.0,7115.0,7112.5,6.058046e-05,0.0003029023,0
7115.0,7120.0,7117.5,5.139896e-05,0.0002569948,0
7120.0,7125.0,7122.5,6.0656916e-05,0.00030328458,0
7125.0,7130.0,7127.5,5.255746e-05,0.0002627873,0
7130.0,7135.0,7132.5,5.1458444e-05,0.00025729222,0
7135.0,7140.0,7137.5,6.399788e-05,0.0003199894,0
7140.0,7145.0,7142.5,6.39002e-05,0.000319501,0
7145.0,7150.0,7147.5,4.3392176e-05,0.00021696088,0
7150.0,7155.0,7152.5,5.9408866e-05,0.00029704433,0
7155.0,7160.0,7157.5,6.04625e-05,0.0003023125,0
7160.0,7165.0,7162.5,6.96822e-05,0.000348411,0
7165.0,7170.0,7167.5,4.802388e-05,0.0002401194,0
7170.0,7175.0,7172.5,6.279646e-05,0.0003139823,0
7175.0,7180.0,7177.5,6.289696e-05,0.0003144848,0
7180.0,7185.0,7182.5,6.507784e-05,0.0003253892,0
7185.0,7190.0,7187.5,5.4826012e-05,0.00027413006,0
7190.0,7195.0,7192.5,7.194324e-05,0.0003597162,0
7195.0,7200.0,7197.5,5.6068286e-05,0.00028034143,0
7200.0,7205.0,7202.5,5.95006e-05,0.000297503,0
7205.0,7210.0,7207.5,4.6886688e-05,0.00023443344,0
7210.0,7215.0,7212.5,5.944902e-05,0.0002972451,0
7215.0,7220.0,7217.5,5.480984e-05,0.0002740492,0
7220.0,7225.0,7222.5,5.483596e-05,0.0002741798,0
7225.0,7230.0,7227.5,4.801908e-05,0.0002400954,0
7230.0,7235.0,7232.5,5.250208e-05,0.0002625104,0
7235.0,7240.0,7237.5,7.650202e-05,0.0003825101,0
7240.0,7245.0,7242.5,6.056776e-05,0.0003028388,0
7245.0,7250.0,7247.5,5.845672e-05,0.0002922836,0
7250.0,7255.0,7252.5,6.639336e-05,0.0003319668,0
7255.0,7260.0,7257.5,5.490702e-05,0.0002745351,0
7260.0,7265.0,7262.5,5.26202e-05,0.000263101,0
7265.0,7270.0,7267.5,5.603914e-05,0.0002801957,0
7270.0,7275.0,7272.5,5.597502e-05,0.0002798751,0
7275.0,7280.0,7277.5,4.4560906e-05,0.00022280453,0
7280.0,7285.0,7282.5,5.266696e-05,0.0002633348,0
7285.0,7290.0,7287.5,6.963628e-05,0.0003481814,0
7290.0,7295.0,7292.5,3.5395132e-05,0.00017697566,0
7295.0,7300.0,7297.5,4.92195e-05,0.0002460975,0
7300.0,7305.0,7302.5,4.915846e-05,0.0002457923,0
7305.0,7310.0,7307.5,4.2269776e-05,0.00021134888,0
7310.0,7315.0,7312.5,5.1460882e-05,0.00025730441,0
7315.0,7320.0,7317.5,4.6752158e-05,0.00023376079,0
7320.0,7325.0,7322.5,5.1507284e-05,0.00025753642,0
7325.0,7330.0,7327.5,5.950942e-05,0.0002975471,0
7330.0,7335.0,7332.5,5.94986e-05,0.000297493,0
7335.0,7340.0,7337.5,5.495806e-05,0.0002747903,0
7340.0,7345.0,7342.5,5.944938e-05,0.0002972469,0
7345.0,7350.0,7347.5,4.912652e-05,0.0002456326,0
7350.0,7355.0,7352.5,5.255222e-05,0.0002627611,0
7355.0,7360.0,7357.5,5.371094e-05,0.0002685547,0
7360.0,7365.0,7362.5,6.293124e-05,0.0003146562,0
7365.0,7370.0,7367.5,7.314842e-05,0.0003657421,0
7370.0,7375.0,7372.5,5.25734e-05,0.000262867,0
7375.0,7380.0,7377.5,4.120154e-05,0.0002060077,0
7380.0,7385.0,7382.5,5.936096e-05,0.0002968048,0
7385.0,7390.0,7387.5,5.266526e-05,0.0002633263,0
7390.0,7395.0,7392.5,5.5961852e-05,0.00027980926,0
7395.0,7400.0,7397.5,4.7941256e-05,0.00023970628,0
7400.0,7405.0,7402.5,5.713024e-05,0.0002856512,0
7405.0,7410.0,7407.5,5.822148e-05,0.0002911074,0
7410.0,7415.0,7412.5,6.623948e-05,0.0003311974,0
7415.0,7420.0,7417.5,4.57145e-05,0.0002285725,0
7420.0,7425.0,7422.5,5.488792e-05,0.0002744396,0
7425.0,7430.0,7427.5,5.2631628e-05,0.00026315814,0
7430.0,7435.0,7432.5,6.511346e-05,0.0003255673,0
7435.0,7440.0,7437.5,5.60436e-05,0.000280218,0
7440.0,7445.0,7442.5,5.47712e-05,0.000273856,0
7445.0,7450.0,7447.5,3.7766886e-05,0.00018883443,0
7450.0,7455.0,7452.5,5.944962e-05,0.0002972481,0
7455.0,7460.0,7457.5,5.366522e-05,0.0002683261,0
7460.0,7465.0,7462.5,6.0631682e-05,0.00030315841,0
7465.0,7470.0,7467.5,5.942962e-05,0.0002971481,0
7470.0,7475.0,7472.5,4.9139688e-05,0.00024569844,0
7475.0,7480.0,7477.5,6.394294e-05,0.0003197147,0
7480.0,7485.0,7482.5,5.930382e-05,0.0002965191,0
7485.0,7490.0,7487.5,6.627734e-05,0.0003313867,0
7490.0,7495.0,7492.5,6.401074e-05,0.0003200537,0
7495.0,7500.0,7497.5,5.145024e-05,0.0002572512,0
7500.0,7505.0,7502.5,4.800052e-05,0.0002400026,0
7505.0,7510.0,7507.5,5.4833266e-05,0.00027416633,0
7510.0,7515.0,7512.5,7.53209e-05,0.0003766045,0
7515.0,7520.0,7517.5,5.0301962e-05,0.00025150981,0
7520.0,7525.0,7522.5,3.9994646e-05,0.00019997323,0
7525.0,7530.0,7527.5,6.6386548e-05,0.00033193274,0
7530.0,7535.0,7532.5,4.5701394e-05,0.00022850697,0
7535.0,7540.0,7537.5,4.4559432e-05,0.00022279716,0
7540.0,7545.0,7542.5,5.371886e-05,0.0002685943,0
7545.0,7550.0,7547.5,6.053622e-05,0.0003026811,0
7550.0,7555.0,7552.5,5.5913016e-05,0.00027956508,0
7555.0,7560.0,7557.5,5.034663e-05,0.00025173315,0
7560.0,7565.0,7562.5,5.943744e-05,0.0002971872,0
7565.0,7570.0,7567.5,6.178446e-05,0.0003089223,0
7570.0,7575.0,7572.5,6.053784e-05,0.0003026892,0
7575.0,7580.0,7577.5,4.4583154e-05,0.00022291577,0
7580.0,7585.0,7582.5,5.02622e-05,0.000251311,0
7585.0,7590.0,7587.5,5.824406e-05,0.0002912203,0
7590.0,7595.0,7592.5,6.06846e-05,0.000303423,0
7595.0,7600.0,7597.5,6.96629e-05,0.0003483145,0
7600.0,7605.0,7602.5,4.3401356e-05,0.00021700678,0
7605.0,7610.0,7607.5,6.05703e-05,0.0003028515,0
7610.0,7615.0,7612.5,5.1470732e-05,0.00025735366,0
7615.0,7620.0,7617.5,6.284136e-05,0.0003142068,0
7620.0,7625.0,7622.5,6.513476e-05,0.0003256738,0
7625.0,7630.0,7627.5,5.824236e-05,0.0002912118,0
7630.0,7635.0,7632.5,4.688718e-05,0.0002344359,0
7635.0,7640.0,7637.5,6.288274e-05,0.0003144137,0
7640.0,7645.0,7642.5,5.8174872e-05,0.00029087436,0
7645.0,7650.0,7647.5,6.627826e-05,0.0003313913,0
7650.0,7655.0,7652.5,5.704658e-05,0.0002852329,0
7655.0,7660.0,7657.5,6.180426e-05,0.0003090213,0
7660.0,7665.0,7662.5,4.12242e-05,0.000206121,0
7665.0,7670.0,7667.5,4.34841e-05,0.0002174205,0
7670.0,7675.0,7672.5,6.0512834e-05,0.00030256417,0
7675.0,7680.0,7677.5,5.263682e-05,0.0002631841,0
7680.0,7685.0,7682.5,4.6846506e-05,0.00023423253,0
7685.0,7690.0,7687.5,6.984272e-05,0.0003492136,0
7690.0,7695.0,7692.5,4.6891436e-05,0.00023445718,0
7695.0,7700.0,7697.5,5.252568e-05,0.0002626284,0
7700.0,7705.0,7702.5,4.3391034e-05,0.00021695517,0
7705.0,7710.0,7707.5,5.9347646e-05,0.00029673823,0
7710.0,7715.0,7712.5,5.4881226e-05,0.00027440613,0
7715.0,7720.0,7717.5,3.6498812e-05,0.00018249406,0
7720.0,7725.0,7722.5,5.366636e-05,0.0002683318,0
7725.0,7730.0,7727.5,5.487398e-05,0.0002743699,0
7730.0,7735.0,7732.5,5.8248256e-05,0.00029124128,0
7735.0,7740.0,7737.5,5.039696e-05,0.0002519848,0
7740.0,7745.0,7742.5,4.79432e-05,0.000239716,0
7745.0,7750.0,7747.5,4.351198e-05,0.0002175599,0
7750.0,7755.0,7752.5,6.171932e-05,0.0003085966,0
7755.0,7760.0,7757.5,5.147512e-05,0.0002573756,0
7760.0,7765.0,7762.5,5.2506056e-05,0.00026253028,0
7765.0,7770.0,7767.5,5.945808e-05,0.0002972904,0
7770.0,7775.0,7772.5,5.255952e-05,0.0002627976,0
7775.0,7780.0,7777.5,6.5212542e-05,0.00032606271,0
7780.0,7785.0,7782.5,6.858844e-05,0.0003429422,0
7785.0,7790.0,7787.5,4.339166e-05,0.0002169583,0
7790.0,7795.0,7792.5,5.244328e-05,0.0002622164,0
7795.0,7800.0,7797.5,5.3736346e-05,0.00026868173,0
7800.0,7805.0,7802.5,5.2592998e-05,0.00026296499,0
7805.0,7810.0,7807.5,4.3523596e-05,0.00021761798,0
7810.0,7815.0,7812.5,4.226498e-05,0.0002113249,0
7815.0,7820.0,7817.5,6.740464e-05,0.0003370232,0
7820.0,7825.0,7822.5,4.915138e-05,0.0002457569,0
7825.0,7830.0,7827.5,4.456488e-05,0.0002228244,0
7830.0,7835.0,7832.5,4.464024e-05,0.0002232012,0
7835.0,7840.0,7837.5,6.058238e-05,0.0003029119,0
7840.0,7845.0,7842.5,5.1364314e-05,0.00025682157,0
7845.0,7850.0,7847.5,5.3776146e-05,0.00026888073,0
7850.0,7855.0,7852.5,4.225527e-05,0.00021127635,0
7855.0,7860.0,7857.5,5.2521452e-05,0.00026260726,0
7860.0,7865.0,7862.5,5.835428e-05,0.0002917714,0
7865.0,7870.0,7867.5,4.4659688e-05,0.00022329844,0
7870.0,7875.0,7872.5,6.165234e-05,0.0003082617,0
7875.0,7880.0,7877.5,4.912166e-05,0.0002456083,0
7880.0,7885.0,7882.5,4.9226928e-05,0.00024613464,0
7885.0,7890.0,7887.5,7.553398e-05,0.0003776699,0
7890.0,7895.0,7892.5,4.003542e-05,0.0002001771,0
7895.0,7900.0,7897.5,5.151126e-05,0.0002575563,0
7900.0,7905.0,7902.5,5.372552e-05,0.0002686276,0
7905.0,7910.0,7907.5,3.996408e-05,0.0001998204,0
7910.0,7915.0,7912.5,5.0328916e-05,0.00025164458,0
7915.0,7920.0,7917.5,6.067918e-05,0.0003033959,0
7920.0,7925.0,7922.5,6.403954e-05,0.0003201977,0
7925.0,7930.0,7927.5,5.030558e-05,0.0002515279,0
7930.0,7935.0,7932.5,4.923704e-05,0.0002461852,0
7935.0,7940.0,7937.5,4.803796e-05,0.0002401898,0
7940.0,7945.0,7942.5,4.4616996e-05,0.00022308498,0
7945.0,7950.0,7947.5,6.40253e-05,0.0003201265,0
7950.0,7955.0,7952.5,5.7106268e-05,0.00028553134,0
7955.0,7960.0,7957.5,5.365084e-05,0.0002682542,0
7960.0,7965.0,7962.5,4.5681404e-05,0.00022840702,0
7965.0,7970.0,7967.5,4.2353528e-05,0.00021176764,0
7970.0,7975.0,7972.5,4.684152e-05,0.0002342076,0
7975.0,7980.0,7977.5,4.7886526e-05,0.00023943263,0
7980.0,7985.0,7982.5,4.455992e-05,0.0002227996,0
7985.0,7990.0,7987.5,3.7787504e-05,0.00018893752,0
7990.0,7995.0,7992.5,5.93565e-05,0.0002967825,0
7995.0,8000.0,7997.5,5.489172e-05,0.0002744586,0
8000.0,8005.0,8002.5,4.9140016e-05,0.00024570008,0
8005.0,8010.0,8007.5,5.712018e-05,0.0002856009,0
8010.0,8015.0,8012.5,6.631938e-05,0.0003315969,0
8015.0,8020.0,8017.5,4.913522e-05,0.0002456761,0
8020.0,8025.0,8022.5,4.340452e-05,0.0002170226,0
8025.0,8030.0,8027.5,5.488924e-05,0.0002744462,0
8030.0,8035.0,8032.5,5.829512e-05,0.0002914756,0
8035.0,8040.0,8037.5,4.455528e-05,0.0002227764,0
8040.0,8045.0,8042.5,5.2540332e-05,0.00026270166,0
8045.0,8050.0,8047.5,5.0337642e-05,0.00025168821,0
8050.0,8055.0,8052.5,6.051306e-05,0.0003025653,0
8055.0,8060.0,8057.5,5.2582864e-05,0.00026291432,0
8060.0,8065.0,8062.5,6.061354e-05,0.0003030677,0
8065.0,8070.0,8067.5,5.935414e-05,0.0002967707,0
8070.0,8075.0,8072.5,4.461956e-05,0.0002230978,0
8075.0,8080.0,8077.5,4.568596e-05,0.0002284298,0
8080.0,8085.0,8082.5,4.226962e-05,0.0002113481,0
8085.0,8090.0,8087.5,6.056372e-05,0.0003028186,0
8090.0,8095.0,8092.5,6.169414e-05,0.0003084707,0
8095.0,8100.0,8097.5,5.033044e-05,0.0002516522,0
8100.0,8105.0,8102.5,5.4924346e-05,0.00027462173,0
8105.0,8110.0,8107.5,7.315632e-05,0.0003657816,0
8110.0,8115.0,8112.5,6.063172e-05,0.0003031586,0
8115.0,8120.0,8117.5,4.564458e-05,0.0002282229,0
8120.0,8125.0,8122.5,5.5995286e-05,0.00027997643,0
8125.0,8130.0,8127.5,4.80014e-05,0.000240007,0
8130.0,8135.0,8132.5,6.055416e-05,0.0003027708,0
8135.0,8140.0,8137.5,5.594612e-05,0.0002797306,0
8140.0,8145.0,8142.5,3.5384546e-05,0.00017692273,0
8145.0,8150.0,8147.5,6.393766e-05,0.0003196883,0
8150.0,8155.0,8152.5,4.3356772e-05,0.00021678386,0
8155.0,8160.0,8157.5,3.6559586e-05,0.00018279793,0
8160.0,8165.0,8162.5,6.4105076e-05,0.00032052538,0
8165.0,8170.0,8167.5,5.937784e-05,0.0002968892,0
8170.0,8175.0,8172.5,5.4904388e-05,0.00027452194,0
8175.0,8180.0,8177.5,6.283274e-05,0.0003141637,0
8180.0,8185.0,8182.5,5.705904e-05,0.0002852952,0
8185.0,8190.0,8187.5,4.8079734e-05,0.00024039867,0
8190.0,8195.0,8192.5,5.15695e-05,0.0002578475,0
8195.0,8200.0,8197.5,4.454906e-05,0.0002227453,0
8200.0,8205.0,8202.5,5.4744114e-05,0.00027372057,0
8205.0,8210.0,8207.5,5.3719076e-05,0.00026859538,0
8210.0,8215.0,8212.5,5.1422932e-05,0.00025711466,0
8215.0,8220.0,8217.5,5.4838492e-05,0.00027419246,0
8220.0,8225.0,8222.5,4.684774e-05,0.0002342387,0
8225.0,8230.0,8227.5,5.1354032e-05,0.00025677016,0
8230.0,8235.0,8232.5,4.7990262e-05,0.00023995131,0
8235.0,8240.0,8237.5,5.020342e-05,0.0002510171,0
8240.0,8245.0,8242.5,5.023698e-05,0.0002511849,0
8245.0,8250.0,8247.5,5.260252e-05,0.0002630126,0
8250.0,8255.0,8252.5,4.227756e-05,0.0002113878,0
8255.0,8260.0,8257.5,4.342572e-05,0.0002171286,0
8260.0,8265.0,8262.5,5.139162e-05,0.0002569581,0
8265.0,8270.0,8267.5,4.9111424e-05,0.00024555712,0
8270.0,8275.0,8272.5,5.144182e-05,0.0002572091,0
8275.0,8280.0,8277.5,5.374722e-05,0.0002687361,0
8280.0,8285.0,8282.5,4.8992212e-05,0.00024496106,0
8285.0,8290.0,8287.5,5.022802e-05,0.0002511401,0
8290.0,8295.0,8292.5,5.93524e-05,0.000296762,0
8295.0,8300.0,8297.5,5.483526e-05,0.0002741763,0
8300.0,8305.0,8302.5,4.6767426e-05,0.00023383713,0
8305.0,8310.0,8307.5,5.259186e-05,0.0002629593,0
8310.0,8315.0,8312.5,5.13629e-05,0.0002568145,0
8315.0,8320.0,8317.5,4.3390106e-05,0.00021695053,0
8320.0,8325.0,8322.5,5.363464e-05,0.0002681732,0
8325.0,8330.0,8327.5,4.5766258e-05,0.00022883129,0
8330.0,8335.0,8332.5,4.0069326e-05,0.00020034663,0
8335.0,8340.0,8337.5,5.143292e-05,0.0002571646,0
8340.0,8345.0,8342.5,5.2642108e-05,0.00026321054,0
8345.0,8350.0,8347.5,4.4533396e-05,0.00022266698,0
8350.0,8355.0,8352.5,4.2292502e-05,0.00021146251,0
8355.0,8360.0,8357.5,2.1749136e-05,0.00010874568,0
8360.0,8365.0,8362.5,1.947725e-05,9.738625e-05,0
8365.0,8370.0,8367.5,1.9407778e-05,9.703889e-05,0
8370.0,8375.0,8372.5,2.2927338e-05,0.00011463669,0
8375.0,8380.0,8377.5,1.7097802e-05,8.548901e-05,0
8380.0,8385.0,8382.5,2.289404e-05,0.0001144702,0
8385.0,8390.0,8387.5,2.9728656e-05,0.00014864328,0
8390.0,8395.0,8392.5,2.0527756e-05,0.00010263878,0
8395.0,8400.0,8397.5,2.0595662e-05,0.00010297831,0
8400.0,8405.0,8402.5,2.5179242e-05,0.00012589621,0
8405.0,8410.0,8407.5,2.6235356e-05,0.00013117678,0
8410.0,8415.0,8412.5,2.2866564e-05,0.00011433282,0
8415.0,8420.0,8417.5,2.6187118e-05,0.00013093559,0
8420.0,8425.0,8422.5,1.6010194e-05,8.005097e-05,0
8425.0,8430.0,8427.5,2.2858646e-05,0.00011429323,0
8430.0,8435.0,8432.5,3.0838144e-05,0.00015419072,0
8435.0,8440.0,8437.5,2.1781712e-05,0.00010890856,0
8440.0,8445.0,8442.5,2.1642342e-05,0.00010821171,0
8445.0,8450.0,8447.5,2.6244498e-05,0.00013122249,0
8450.0,8455.0,8452.5,1.9389754e-05,9.694877e-05,0
8455.0,8460.0,8457.5,1.3735116e-05,6.867558e-05,0
8460.0,8465.0,8462.5,1.031237e-05,5.156185e-05,0
8465.0,8470.0,8467.5,1.7128674e-05,8.564337e-05,0
8470.0,8475.0,8472.5,1.9453892e-05,9.726946e-05,0
8475.0,8480.0,8477.5,1.9489564e-05,9.744782e-05,0
8480.0,8485.0,8482.5,2.1704674e-05,0.00010852337,0
8485.0,8490.0,8487.5,2.1764844e-05,0.00010882422,0
8490.0,8495.0,8492.5,2.0529732e-05,0.00010264866,0
8495.0,8500.0,8497.5,2.1668314e-05,0.00010834157,0
8500.0,8505.0,8502.5,2.854096e-05,0.0001427048,0
8505.0,8510.0,8507.5,2.1761608e-05,0.00010880804,0
8510.0,8515.0,8512.5,1.943156e-05,9.71578e-05,0
8515.0,8520.0,8517.5,2.1794176e-05,0.00010897088,0
8520.0,8525.0,8522.5,1.8282308e-05,9.141154e-05,0
8525.0,8530.0,8527.5,2.406246e-05,0.0001203123,0
8530.0,8535.0,8532.5,2.7417956e-05,0.00013708978,0
8535.0,8540.0,8537.5,3.18414e-05,0.000159207,0
8540.0,8545.0,8542.5,2.8516098e-05,0.00014258049,0
8545.0,8550.0,8547.5,1.8274338e-05,9.137169e-05,0
8550.0,8555.0,8552.5,1.2583368e-05,6.291684e-05,0
8555.0,8560.0,8557.5,1.372052e-05,6.86026e-05,0
8560.0,8565.0,8562.5,2.057772e-05,0.0001028886,0
8565.0,8570.0,8567.5,2.3997528e-05,0.00011998764,0
8570.0,8575.0,8572.5,1.83233e-05,9.16165e-05,0
8575.0,8580.0,8577.5,2.0576864e-05,0.00010288432,0
8580.0,8585.0,8582.5,2.2922436e-05,0.00011461218,0
8585.0,8590.0,8587.5,3.3162968e-05,0.00016581484,0
8590.0,8595.0,8592.5,2.6263256e-05,0.00013131628,0
8595.0,8600.0,8597.5,1.8276282e-05,9.138141e-05,0
8600.0,8605.0,8602.5,1.7141944e-05,8.570972e-05,0
8605.0,8610.0,8607.5,2.5183586e-05,0.00012591793,0
8610.0,8615.0,8612.5,3.4369342e-05,0.00017184671,0
8615.0,8620.0,8617.5,2.4062848e-05,0.00012031424,0
8620.0,8625.0,8622.5,1.2636174e-05,6.318087e-05,0
8625.0,8630.0,8627.5,9.119844e-06,4.559922e-05,0
8630.0,8635.0,8632.5,1.3654626e-05,6.827313e-05,0
8635.0,8640.0,8637.5,1.6066156e-05,8.033078e-05,0
8640.0,8645.0,8642.5,1.1465526e-05,5.732763e-05,0
8645.0,8650.0,8647.5,1.0247162e-05,5.123581e-05,0
8650.0,8655.0,8652.5,2.283633e-05,0.00011418165,0
8655.0,8660.0,8657.5,9.137186e-06,4.568593e-05,0
8660.0,8665.0,8662.5,1.7140556e-05,8.570278e-05,0
8665.0,8670.0,8667.5,1.4810314e-05,7.405157e-05,0
8670.0,8675.0,8672.5,9.16281e-06,4.581405e-05,0
8675.0,8680.0,8677.5,2.0617854e-05,0.00010308927,0
8680.0,8685.0,8682.5,1.259223e-05,6.296115e-05,0
8685.0,8690.0,8687.5,1.2575732e-05,6.287866e-05,0
8690.0,8695.0,8692.5,1.4776556e-05,7.388278e-05,0
8695.0,8700.0,8697.5,1.1426392e-05,5.713196e-05,0
8700.0,8705.0,8702.5,6.834572e-06,3.417286e-05,0
8705.0,8710.0,8707.5,1.3728546e-05,6.864273e-05,0
8710.0,8715.0,8712.5,1.1414022e-05,5.707011e-05,0
8715.0,8720.0,8717.5,1.2594256e-05,6.297128e-05,0
8720.0,8725.0,8722.5,2.1664244e-05,0.00010832122,0
8725.0,8730.0,8727.5,1.2565836e-05,6.282918e-05,0
8730.0,8735.0,8732.5,1.940365e-05,9.701825e-05,0
8735.0,8740.0,8737.5,1.9466316e-05,9.733158e-05,0
8740.0,8745.0,8742.5,1.3698886e-05,6.849443e-05,0
8745.0,8750.0,8747.5,1.9433718e-05,9.716859e-05,0
8750.0,8755.0,8752.5,1.0270334e-05,5.135167e-05,0
8755.0,8760.0,8757.5,1.7125552e-05,8.562776e-05,0
8760.0,8765.0,8762.5,1.1397132e-05,5.698566e-05,0
8765.0,8770.0,8767.5,1.1430492e-05,5.715246e-05,0
8770.0,8775.0,8772.5,1.144642e-05,5.72321e-05,0
8775.0,8780.0,8777.5,1.1422606e-05,5.711303e-05,0
8780.0,8785.0,8782.5,1.6005712e-05,8.002856e-05,0
8785.0,8790.0,8787.5,1.4827356e-05,7.413678e-05,0
8790.0,8795.0,8792.5,1.942772e-05,9.71386e-05,0
8795.0,8800.0,8797.5,1.2636978e-05,6.318489e-05,0
8800.0,8805.0,8802.5,1.7174084e-05,8.587042e-05,0
8805.0,8810.0,8807.5,2.5230636e-05,0.00012615318,0
8810.0,8815.0,8812.5,1.491617e-05,7.458085e-05,0
8815.0,8820.0,8817.5,1.3740932e-05,6.870466e-05,0
8820.0,8825.0,8822.5,1.7161726e-05,8.580863e-05,0
8825.0,8830.0,8827.5,2.1745278e-05,0.00010872639,0
8830.0,8835.0,8832.5,1.146634e-05,5.73317e-05,0
8835.0,8840.0,8837.5,1.3664594e-05,6.832297e-05,0
8840.0,8845.0,8842.5,1.7136414e-05,8.568207e-05,0
8845.0,8850.0,8847.5,1.141354e-05,5.70677e-05,0
8850.0,8855.0,8852.5,2.512781e-05,0.00012563905,0
8855.0,8860.0,8857.5,1.0285312e-05,5.142656e-05,0
8860.0,8865.0,8862.5,1.4848606e-05,7.424303e-05,0
8865.0,8870.0,8867.5,2.1676872e-05,0.00010838436,0
8870.0,8875.0,8872.5,2.053225e-05,0.00010266125,0
8875.0,8880.0,8877.5,1.8269416e-05,9.134708e-05,0
8880.0,8885.0,8882.5,2.0628614e-05,0.00010314307,0
8885.0,8890.0,8887.5,1.3727524e-05,6.863762e-05,0
8890.0,8895.0,8892.5,1.8260128e-05,9.130064e-05,0
8895.0,8900.0,8897.5,1.3758754e-05,6.879377e-05,0
8900.0,8905.0,8902.5,1.4906382e-05,7.453191e-05,0
8905.0,8910.0,8907.5,1.256479e-05,6.282395e-05,0
8910.0,8915.0,8912.5,1.2550472e-05,6.275236e-05,0
8915.0,8920.0,8917.5,1.9433544e-05,9.716772e-05,0
8920.0,8925.0,8922.5,1.258644e-05,6.29322e-05,0
8925.0,8930.0,8927.5,1.4849322e-05,7.424661e-05,0
8930.0,8935.0,8932.5,1.5996814e-05,7.998407e-05,0
8935.0,8940.0,8937.5,1.7139136e-05,8.569568e-05,0
8940.0,8945.0,8942.5,2.0597776e-05,0.00010298888,0
8945.0,8950.0,8947.5,1.4862256e-05,7.431128e-05,0
8950.0,8955.0,8952.5,5.702616e-06,2.851308e-05,0
8955.0,8960.0,8957.5,1.3669902e-05,6.834951e-05,0
8960.0,8965.0,8962.5,1.1406902e-05,5.703451e-05,0
8965.0,8970.0,8967.5,9.123006e-06,4.561503e-05,0
8970.0,8975.0,8972.5,1.6030008e-05,8.015004e-05,0
8975.0,8980.0,8977.5,1.1464984e-05,5.732492e-05,0
8980.0,8985.0,8982.5,1.6033652e-05,8.016826e-05,0
8985.0,8990.0,8987.5,1.0288206e-05,5.144103e-05,0
8990.0,8995.0,8992.5,1.6020358e-05,8.010179e-05,0
8995.0,9000.0,8997.5,4.565342e-06,2.282671e-05,0
9000.0,9005.0,9002.5,1.2586104e-05,6.293052e-05,0
9005.0,9010.0,9007.5,7.983998e-06,3.991999e-05,0
9010.0,9015.0,9012.5,1.4874276e-05,7.437138e-05,0
9015.0,9020.0,9017.5,1.2587038e-05,6.293519e-05,0
9020.0,9025.0,9022.5,1.8328922e-05,9.164461e-05,0
9025.0,9030.0,9027.5,1.367148e-05,6.83574e-05,0
9030.0,9035.0,9032.5,1.0230038e-05,5.115019e-05,0
9035.0,9040.0,9037.5,1.9394244e-05,9.697122e-05,0
9040.0,9045.0,9042.5,1.596802e-05,7.98401e-05,0
9045.0,9050.0,9047.5,1.4861846e-05,7.430923e-05,0
9050.0,9055.0,9052.5,1.8279472e-05,9.139736e-05,0
9055.0,9060.0,9057.5,1.4850642e-05,7.425321e-05,0
9060.0,9065.0,9062.5,1.5953726e-05,7.976863e-05,0
9065.0,9070.0,9067.5,1.824274e-05,9.12137e-05,0
9070.0,9075.0,9072.5,1.2574646e-05,6.287323e-05,0
9075.0,9080.0,9077.5,1.0299398e-05,5.149699e-05,0
9080.0,9085.0,9082.5,1.5975678e-05,7.987839e-05,0
9085.0,9090.0,9087.5,1.2567418e-05,6.283709e-05,0
9090.0,9095.0,9092.5,1.0288466e-05,5.144233e-05,0
9095.0,9100.0,9097.5,1.370711e-05,6.853555e-05,0
9100.0,9105.0,9102.5,1.485888e-05,7.42944e-05,0
9105.0,9110.0,9107.5,1.4873426e-05,7.436713e-05,0
9110.0,9115.0,9112.5,1.0250038e-05,5.125019e-05,0
9115.0,9120.0,9117.5,1.945007e-05,9.725035e-05,0
9120.0,9125.0,9122.5,1.3718312e-05,6.859156e-05,0
9125.0,9130.0,9127.5,1.2530934e-05,6.265467e-05,0
9130.0,9135.0,9132.5,6.860286e-06,3.430143e-05,0
9135.0,9140.0,9137.5,7.967502e-06,3.983751e-05,0
9140.0,9145.0,9142.5,1.7189638e-05,8.594819e-05,0
9145.0,9150.0,9147.5,1.2563064e-05,6.281532e-05,0
9150.0,9155.0,9152.5,1.3736722e-05,6.868361e-05,0
9155.0,9160.0,9157.5,1.6015912e-05,8.007956e-05,0
9160.0,9165.0,9162.5,1.5952458e-05,7.976229e-05,0
9165.0,9170.0,9167.5,1.2607666e-05,6.303833e-05,0
9170.0,9175.0,9172.5,1.2544464e-05,6.272232e-05,0
9175.0,9180.0,9177.5,1.1425182e-05,5.712591e-05,0
9180.0,9185.0,9182.5,9.127838e-06,4.563919e-05,0
9185.0,9190.0,9187.5,1.4867482e-05,7.433741e-05,0
9190.0,9195.0,9192.5,1.25692e-05,6.2846e-05,0
9195.0,9200.0,9197.5,1.1426052e-05,5.713026e-05,0
9200.0,9205.0,9202.5,1.4867842e-05,7.433921e-05,0
9205.0,9210.0,9207.5,1.258498e-05,6.29249e-05,0
9210.0,9215.0,9212.5,1.1438878e-05,5.719439e-05,0
9215.0,9220.0,9217.5,9.151826e-06,4.575913e-05,0
9220.0,9225.0,9222.5,1.7059498e-05,8.529749e-05,0
9225.0,9230.0,9227.5,9.12839e-06,4.564195e-05,0
9235.0,9240.0,9237.5,1.3666258e-05,6.833129e-05,0
9240.0,9245.0,9242.5,1.0267172e-05,5.133586e-05,0
9245.0,9250.0,9247.5,8.055254e-06,4.027627e-05,0
9250.0,9255.0,9252.5,1.4841576e-05,7.420788e-05,0
9255.0,9260.0,9257.5,2.0518876e-05,0.00010259438,0
9260.0,9265.0,9262.5,1.3689346e-05,6.844673e-05,0
9265.0,9270.0,9267.5,1.6040964e-05,8.020482e-05,0
9270.0,9275.0,9272.5,1.714219e-05,8.571095e-05,0
9275.0,9280.0,9277.5,1.4905482e-05,7.452741e-05,0
9280.0,9285.0,9282.5,1.0284756e-05,5.142378e-05,0
9285.0,9290.0,9287.5,1.1461836e-05,5.730918e-05,0
9290.0,9295.0,9292.5,1.143515e-05,5.717575e-05,0
9295.0,9300.0,9297.5,4.583698e-06,2.291849e-05,0
9300.0,9305.0,9302.5,9.113588e-06,4.556794e-05,0
9305.0,9310.0,9307.5,1.7140476e-05,8.570238e-05,0
9310.0,9315.0,9312.5,8.02523e-06,4.012615e-05,0
9315.0,9320.0,9317.5,1.7121366e-05,8.560683e-05,0
9320.0,9325.0,9322.5,1.261273e-05,6.306365e-05,0
9325.0,9330.0,9327.5,1.4888926e-05,7.444463e-05,0
9330.0,9335.0,9332.5,1.601142e-05,8.00571e-05,0
9335.0,9340.0,9337.5,1.4878294e-05,7.439147e-05,0
9340.0,9345.0,9342.5,2.0575028e-05,0.00010287514,0
9345.0,9350.0,9347.5,1.7162624e-05,8.581312e-05,0
9350.0,9355.0,9352.5,1.6003966e-05,8.001983e-05,0
9355.0,9360.0,9357.5,2.171598e-05,0.0001085799,0
9360.0,9365.0,9362.5,1.2563676e-05,6.281838e-05,0
9365.0,9370.0,9367.5,1.1416902e-05,5.708451e-05,0
9370.0,9375.0,9372.5,2.1739208e-05,0.00010869604,0
9375.0,9380.0,9377.5,1.3752128e-05,6.876064e-05,0
9380.0,9385.0,9382.5,8.041482e-06,4.020741e-05,0
9385.0,9390.0,9387.5,1.5982738e-05,7.991369e-05,0
9390.0,9395.0,9392.5,7.970042e-06,3.985021e-05,0
9395.0,9400.0,9397.5,9.149218e-06,4.574609e-05,0
9400.0,9405.0,9402.5,1.4878342e-05,7.439171e-05,0
9405.0,9410.0,9407.5,1.8283602e-05,9.141801e-05,0
9410.0,9415.0,9412.5,1.259695e-05,6.298475e-05,0
9415.0,9420.0,9417.5,1.0325522e-05,5.162761e-05,0
9420.0,9425.0,9422.5,1.7140846e-05,8.570423e-05,0
9425.0,9430.0,9427.5,1.9457624e-05,9.728812e-05,0
9430.0,9435.0,9432.5,1.3739114e-05,6.869557e-05,0
9435.0,9440.0,9437.5,1.3715064e-05,6.857532e-05,0
9440.0,9445.0,9442.5,1.2588978e-05,6.294489e-05,0
9445.0,9450.0,9447.5,1.3657838e-05,6.828919e-05,0
9450.0,9455.0,9452.5,1.7133272e-05,8.566636e-05,0
9455.0,9460.0,9457.5,6.884766e-06,3.442383e-05,0
9460.0,9465.0,9462.5,1.3692744e-05,6.846372e-05,0
9465.0,9470.0,9467.5,1.2589514e-05,6.294757e-05,0
9470.0,9475.0,9472.5,1.3678282e-05,6.839141e-05,0
9475.0,9480.0,9477.5,1.3744944e-05,6.872472e-05,0
9480.0,9485.0,9482.5,1.4819272e-05,7.409636e-05,0
9485.0,9490.0,9487.5,1.1407228e-05,5.703614e-05,0
9490.0,9495.0,9492.5,1.369525e-05,6.847625e-05,0
9495.0,9500.0,9497.5,1.1370184e-05,5.685092e-05,0
9500.0,9505.0,9502.5,1.5992652e-05,7.996326e-05,0
9505.0,9510.0,9507.5,4.574566e-06,2.287283e-05,0
9510.0,9515.0,9512.5,9.17467e-06,4.587335e-05,0
9515.0,9520.0,9517.5,1.9424464e-05,9.712232e-05,0
9520.0,9525.0,9522.5,1.7126022e-05,8.563011e-05,0
9525.0,9530.0,9527.5,1.2566862e-05,6.283431e-05,0
9530.0,9535.0,9532.5,9.131814e-06,4.565907e-05,0
9535.0,9540.0,9537.5,2.175041e-05,0.00010875205,0
9540.0,9545.0,9542.5,1.1381748e-05,5.690874e-05,0
9545.0,9550.0,9547.5,1.6015006e-05,8.007503e-05,0
9550.0,9555.0,9552.5,1.4910946e-05,7.455473e-05,0
9555.0,9560.0,9557.5,1.260783e-05,6.303915e-05,0
9560.0,9565.0,9562.5,2.06543e-05,0.0001032715,0
9565.0,9570.0,9567.5,1.0265688e-05,5.132844e-05,0
9570.0,9575.0,9572.5,1.3759928e-05,6.879964e-05,0
9575.0,9580.0,9577.5,9.14316e-06,4.57158e-05,0
9580.0,9585.0,9582.5,1.0284742e-05,5.142371e-05,0
9585.0,9590.0,9587.5,9.111802e-06,4.555901e-05,0
9590.0,9595.0,9592.5,1.484805e-05,7.424025e-05,0
9595.0,9600.0,9597.5,2.0580154e-05,0.00010290077,0
9600.0,9605.0,9602.5,1.3702032e-05,6.851016e-05,0
9605.0,9610.0,9607.5,7.996014e-06,3.998007e-05,0
9610.0,9615.0,9612.5,1.2555084e-05,6.277542e-05,0
9615.0,9620.0,9617.5,1.4854014e-05,7.427007e-05,0
9620.0,9625.0,9622.5,1.1427578e-05,5.713789e-05,0
9625.0,9630.0,9627.5,1.1458204e-05,5.729102e-05,0
9630.0,9635.0,9632.5,1.143203e-05,5.716015e-05,0
9635.0,9640.0,9637.5,1.827167e-05,9.135835e-05,0
9640.0,9645.0,9642.5,1.3744446e-05,6.872223e-05,0
9645.0,9650.0,9647.5,2.171306e-05,0.0001085653,0
9650.0,9655.0,9652.5,1.0222182e-05,5.111091e-05,0
9655.0,9660.0,9657.5,1.2611082e-05,6.305541e-05,0
9660.0,9665.0,9662.5,1.6052904e-05,8.026452e-05,0
9665.0,9670.0,9667.5,1.0337756e-05,5.168878e-05,0
9670.0,9675.0,9672.5,1.3682758e-05,6.841379e-05,0
9675.0,9680.0,9677.5,1.706989e-05,8.534945e-05,0
9680.0,9685.0,9682.5,1.144702e-05,5.72351e-05,0
9685.0,9690.0,9687.5,2.174614e-05,0.0001087307,0
9690.0,9695.0,9692.5,1.486301e-05,7.431505e-05,0
9695.0,9700.0,9697.5,1.831804e-05,9.15902e-05,0
9700.0,9705.0,9702.5,2.0534838e-05,0.00010267419,0
9705.0,9710.0,9707.5,1.6056174e-05,8.028087e-05,0
9710.0,9715.0,9712.5,1.8268382e-05,9.134191e-05,0
9715.0,9720.0,9717.5,6.841078e-06,3.420539e-05,0
9720.0,9725.0,9722.5,1.4855502e-05,7.427751e-05,0
9725.0,9730.0,9727.5,1.3761048e-05,6.880524e-05,0
9730.0,9735.0,9732.5,1.027752e-05,5.13876e-05,0
9735.0,9740.0,9737.5,1.0258752e-05,5.129376e-05,0
9740.0,9745.0,9742.5,1.144038e-05,5.72019e-05,0
9745.0,9750.0,9747.5,1.5996194e-05,7.998097e-05,0
9750.0,9755.0,9752.5,6.877528e-06,3.438764e-05,0
9755.0,9760.0,9757.5,8.00473e-06,4.002365e-05,0
9760.0,9765.0,9762.5,1.2483048e-05,6.241524e-05,0
9765.0,9770.0,9767.5,6.854058e-06,3.427029e-05,0
9770.0,9775.0,9772.5,1.5952982e-05,7.976491e-05,0
9775.0,9780.0,9777.5,9.119704e-06,4.559852e-05,0
9780.0,9785.0,9782.5,1.4812554e-05,7.406277e-05,0
9785.0,9790.0,9787.5,1.2564282e-05,6.282141e-05,0
9790.0,9795.0,9792.5,1.2582208e-05,6.291104e-05,0
9795.0,9800.0,9797.5,1.5968348e-05,7.984174e-05,0
9800.0,9805.0,9802.5,1.1406336e-05,5.703168e-05,0
9805.0,9810.0,9807.5,1.3697208e-05,6.848604e-05,0
9810.0,9815.0,9812.5,9.1596e-06,4.5798e-05,0
9815.0,9820.0,9817.5,1.2579992e-05,6.289996e-05,0
9820.0,9825.0,9822.5,9.146538e-06,4.573269e-05,0
9825.0,9830.0,9827.5,1.487752e-05,7.43876e-05,0
9830.0,9835.0,9832.5,1.027752e-05,5.13876e-05,0
9835.0,9840.0,9837.5,1.2588142e-05,6.294071e-05,0
9840.0,9845.0,9842.5,6.8459e-06,3.42295e-05,0
9845.0,9850.0,9847.5,1.140608e-05,5.70304e-05,0
9850.0,9855.0,9852.5,1.937299e-05,9.686495e-05,0
9855.0,9860.0,9857.5,1.7160128e-05,8.580064e-05,0
9860.0,9865.0,9862.5,9.11271e-06,4.556355e-05,0
9865.0,9870.0,9867.5,1.1465578e-05,5.732789e-05,0
9870.0,9875.0,9872.5,1.9405552e-05,9.702776e-05,0
9875.0,9880.0,9877.5,1.1392462e-05,5.696231e-05,0
9880.0,9885.0,9882.5,1.486435e-05,7.432175e-05,0
9885.0,9890.0,9887.5,6.857196e-06,3.428598e-05,0
9890.0,9895.0,9892.5,1.029683e-05,5.148415e-05,0
9895.0,9900.0,9897.5,1.831965e-05,9.159825e-05,0
9900.0,9905.0,9902.5,9.152384e-06,4.576192e-05,0
9905.0,9910.0,9907.5,1.2581246e-05,6.290623e-05,0
9910.0,9915.0,9912.5,1.8294146e-05,9.147073e-05,0
9915.0,9920.0,9917.5,1.7191328e-05,8.595664e-05,0
9920.0,9925.0,9922.5,1.9475646e-05,9.737823e-05,0
9925.0,9930.0,9927.5,1.3716116e-05,6.858058e-05,0
9930.0,9935.0,9932.5,1.6041862e-05,8.020931e-05,0
9935.0,9940.0,9937.5,9.147058e-06,4.573529e-05,0
9940.0,9945.0,9942.5,1.5989046e-05,7.994523e-05,0
9945.0,9950.0,9947.5,1.2587984e-05,6.293992e-05,0
9950.0,9955.0,9952.5,9.150528e-06,4.575264e-05,0
9955.0,9960.0,9957.5,1.7163208e-05,8.581604e-05,0
9960.0,9965.0,9962.5,1.598386e-05,7.99193e-05,0
9965.0,9970.0,9967.5,1.2582396e-05,6.291198e-05,0
9970.0,9975.0,9972.5,1.7162176e-05,8.581088e-05,0
9975.0,9980.0,9977.5,5.707842e-06,2.853921e-05,0
9980.0,9985.0,9982.5,1.3741602e-05,6.870801e-05,0
9985.0,9990.0,9987.5,1.139747e-05,5.698735e-05,0
9990.0,9995.0,9992.5,1.4840322e-05,7.420161e-05,0
9995.0,10000.0,9997.5,8.028332e-06,4.014166e-05,0
10000.0,10005.0,10002.5,1.0274186e-05,5.137093e-05,0
10005.0,10010.0,10007.5,6.863256e-06,3.431628e-05,0
10010.0,10015.0,10012.5,1.7144958e-05,8.572479e-05,0
10015.0,10020.0,10017.5,1.0259832e-05,5.129916e-05,0
10020.0,10025.0,10022.5,1.034128e-05,5.17064e-05,0
10025.0,10030.0,10027.5,2.4041452e-05,0.00012020726,0
10030.0,10035.0,10032.5,1.4855418e-05,7.427709e-05,0
10035.0,10040.0,10037.5,1.8279354e-05,9.139677e-05,0
10040.0,10045.0,10042.5,1.2546042e-05,6.273021e-05,0
10045.0,10050.0,10047.5,1.3683172e-05,6.841586e-05,0
10050.0,10055.0,10052.5,1.1448006e-05,5.724003e-05,0
10055.0,10060.0,10057.5,1.370089e-05,6.850445e-05,0
10060.0,10065.0,10062.5,5.703092e-06,2.851546e-05,0
10065.0,10070.0,10067.5,1.2548396e-05,6.274198e-05,0
10070.0,10075.0,10072.5,1.370036e-05,6.85018e-05,0
10075.0,10080.0,10077.5,1.5992078e-05,7.996039e-05,0
10080.0,10085.0,10082.5,1.6056686e-05,8.028343e-05,0
10085.0,10090.0,10087.5,1.3721744e-05,6.860872e-05,0
10090.0,10095.0,10092.5,5.707512e-06,2.853756e-05,0
10095.0,10100.0,10097.5,1.4774442e-05,7.387221e-05,0
10100.0,10105.0,10102.5,1.4824476e-05,7.412238e-05,0
10105.0,10110.0,10107.5,1.0256406e-05,5.128203e-05,0
10110.0,10115.0,10112.5,1.7094634e-05,8.547317e-05,0
10115.0,10120.0,10117.5,1.0285726e-05,5.142863e-05,0
10120.0,10125.0,10122.5,9.14316e-06,4.57158e-05,0
10125.0,10130.0,10127.5,1.3716224e-05,6.858112e-05,0
10130.0,10135.0,10132.5,6.849564e-06,3.424782e-05,0
10135.0,10140.0,10137.5,1.2557988e-05,6.278994e-05,0
10140.0,10145.0,10142.5,2.0632584e-05,0.00010316292,0
10145.0,10150.0,10147.5,1.14227e-05,5.71135e-05,0
10150.0,10155.0,10152.5,1.4856874e-05,7.428437e-05,0
10155.0,10160.0,10157.5,1.7131498e-05,8.565749e-05,0
10160.0,10165.0,10162.5,1.4803396e-05,7.401698e-05,0
10165.0,10170.0,10167.5,1.3676044e-05,6.838022e-05,0
10170.0,10175.0,10172.5,1.2569444e-05,6.284722e-05,0
10175.0,10180.0,10177.5,1.484656e-05,7.42328e-05,0
10180.0,10185.0,10182.5,1.8270992e-05,9.135496e-05,0
10185.0,10190.0,10187.5,1.8276976e-05,9.138488e-05,0
10190.0,10195.0,10192.5,1.4839456e-05,7.419728e-05,0
10195.0,10200.0,10197.5,1.2582354e-05,6.291177e-05,0
10200.0,10205.0,10202.5,1.1428756e-05,5.714378e-05,0
10205.0,10210.0,10207.5,1.2600134e-05,6.300067e-05,0
10210.0,10215.0,10212.5,1.6009682e-05,8.004841e-05,0
10215.0,10220.0,10217.5,1.6021488e-05,8.010744e-05,0
10220.0,10225.0,10222.5,1.2555778e-05,6.277889e-05,0
10225.0,10230.0,10227.5,1.3739214e-05,6.869607e-05,0
10230.0,10235.0,10232.5,8.024258e-06,4.012129e-05,0
10235.0,10240.0,10237.5,1.4902128e-05,7.451064e-05,0
10240.0,10245.0,10242.5,1.5978236e-05,7.989118e-05,0
10245.0,10250.0,10247.5,9.18377e-06,4.591885e-05,0
10250.0,10255.0,10252.5,1.484897e-05,7.424485e-05,0
10255.0,10260.0,10257.5,1.2550426e-05,6.275213e-05,0
10260.0,10265.0,10262.5,7.985658e-06,3.992829e-05,0
10265.0,10270.0,10267.5,1.252276e-05,6.26138e-05,0
10270.0,10275.0,10272.5,1.4892772e-05,7.446386e-05,0
10275.0,10280.0,10277.5,1.6040336e-05,8.020168e-05,0
10280.0,10285.0,10282.5,1.487473e-05,7.437365e-05,0
10285.0,10290.0,10287.5,1.0272364e-05,5.136182e-05,0
10290.0,10295.0,10292.5,1.3712926e-05,6.856463e-05,0
10295.0,10300.0,10297.5,1.6007914e-05,8.003957e-05,0
10300.0,10305.0,10302.5,1.1448814e-05,5.724407e-05,0
10305.0,10310.0,10307.5,1.8295658e-05,9.147829e-05,0
10310.0,10315.0,10312.5,6.888928e-06,3.444464e-05,0
10315.0,10320.0,10317.5,1.0296154e-05,5.148077e-05,0
10320.0,10325.0,10322.5,9.155448e-06,4.577724e-05,0
10325.0,10330.0,10327.5,9.153612e-06,4.576806e-05,0
10330.0,10335.0,10332.5,1.1425844e-05,5.712922e-05,0
10335.0,10340.0,10337.5,1.145828e-05,5.72914e-05,0
10340.0,10345.0,10342.5,1.4894758e-05,7.447379e-05,0
10345.0,10350.0,10347.5,1.4933948e-05,7.466974e-05,0
10350.0,10355.0,10352.5,1.0281212e-05,5.140606e-05,0
10355.0,10360.0,10357.5,1.14087e-05,5.70435e-05,0
10360.0,10365.0,10362.5,1.259911e-05,6.299555e-05,0
10365.0,10370.0,10367.5,1.3708252e-05,6.854126e-05,0
10370.0,10375.0,10372.5,1.483716e-05,7.41858e-05,0
10375.0,10380.0,10377.5,1.1475684e-05,5.737842e-05,0
10380.0,10385.0,10382.5,1.2570462e-05,6.285231e-05,0
10385.0,10390.0,10387.5,2.0652196e-05,0.00010326098,0
10390.0,10395.0,10392.5,1.033112e-05,5.16556e-05,0
10395.0,10400.0,10397.5,8.034122e-06,4.017061e-05,0
10400.0,10405.0,10402.5,2.3970348e-05,0.00011985174,0
10405.0,10410.0,10407.5,5.719848e-06,2.859924e-05,0
10410.0,10415.0,10412.5,9.131926e-06,4.565963e-05,0
10415.0,10420.0,10417.5,9.176314e-06,4.588157e-05,0
10420.0,10425.0,10422.5,1.714335e-05,8.571675e-05,0
10425.0,10430.0,10427.5,1.373682e-05,6.86841e-05,0
10430.0,10435.0,10432.5,1.0260484e-05,5.130242e-05,0
10435.0,10440.0,10437.5,1.7170446e-05,8.585223e-05,0
10440.0,10445.0,10442.5,1.374142e-05,6.87071e-05,0
10445.0,10450.0,10447.5,1.3680334e-05,6.840167e-05,0
10450.0,10455.0,10452.5,9.172796e-06,4.586398e-05,0
10455.0,10460.0,10457.5,1.14399e-05,5.71995e-05,0
10460.0,10465.0,10462.5,1.485792e-05,7.42896e-05,0
10465.0,10470.0,10467.5,1.3699436e-05,6.849718e-05,0
10470.0,10475.0,10472.5,1.0304246e-05,5.152123e-05,0
10475.0,10480.0,10477.5,1.2622318e-05,6.311159e-05,0
10480.0,10485.0,10482.5,1.4815836e-05,7.407918e-05,0
10485.0,10490.0,10487.5,1.1450726e-05,5.725363e-05,0
10490.0,10495.0,10492.5,1.0248004e-05,5.124002e-05,0
10495.0,10500.0,10497.5,1.5986534e-05,7.993267e-05,0
10500.0,10505.0,10502.5,1.1455434e-05,5.727717e-05,0
10505.0,10510.0,10507.5,2.1738202e-05,0.00010869101,0
10510.0,10515.0,10512.5,1.0234468e-05,5.117234e-05,0
10515.0,10520.0,10517.5,1.3733506e-05,6.866753e-05,0
10520.0,10525.0,10522.5,9.146984e-06,4.573492e-05,0
10525.0,10530.0,10527.5,6.857932e-06,3.428966e-05,0
10530.0,10535.0,10532.5,1.3733954e-05,6.866977e-05,0
10535.0,10540.0,10537.5,1.1449842e-05,5.724921e-05,0
10540.0,10545.0,10542.5,1.2583782e-05,6.291891e-05,0
10545.0,10550.0,10547.5,1.2583e-05,6.2915e-05,0
10550.0,10555.0,10552.5,9.134626e-06,4.567313e-05,0
10555.0,10560.0,10557.5,2.1691612e-05,0.00010845806,0
10560.0,10565.0,10562.5,1.2588242e-05,6.294121e-05,0
10565.0,10570.0,10567.5,1.365801e-05,6.829005e-05,0
10570.0,10575.0,10572.5,1.2610884e-05,6.305442e-05,0
10575.0,10580.0,10577.5,1.8364618e-05,9.182309e-05,0
10580.0,10585.0,10582.5,1.6025208e-05,8.012604e-05,0
10585.0,10590.0,10587.5,1.4878952e-05,7.439476e-05,0
10590.0,10595.0,10592.5,9.100262e-06,4.550131e-05,0
10595.0,10600.0,10597.5,1.0320732e-05,5.160366e-05,0
10600.0,10605.0,10602.5,1.7138894e-05,8.569447e-05,0
10605.0,10610.0,10607.5,1.4845944e-05,7.422972e-05,0
10610.0,10615.0,10612.5,1.4845142e-05,7.422571e-05,0
10615.0,10620.0,10617.5,9.093408e-06,4.546704e-05,0
10620.0,10625.0,10622.5,1.8295906e-05,9.147953e-05,0
10625.0,10630.0,10627.5,1.1424952e-05,5.712476e-05,0
10630.0,10635.0,10632.5,1.946536e-05,9.73268e-05,0
10635.0,10640.0,10637.5,1.3723328e-05,6.861664e-05,0
10640.0,10645.0,10642.5,1.3704896e-05,6.852448e-05,0
10645.0,10650.0,10647.5,1.8275442e-05,9.137721e-05,0
10650.0,10655.0,10652.5,1.1423814e-05,5.711907e-05,0
10655.0,10660.0,10657.5,1.0327816e-05,5.163908e-05,0
10660.0,10665.0,10662.5,1.259181e-05,6.295905e-05,0
10665.0,10670.0,10667.5,1.8311974e-05,9.155987e-05,0
10670.0,10675.0,10672.5,9.117142e-06,4.558571e-05,0
10675.0,10680.0,10677.5,2.0553664e-05,0.00010276832,0
10680.0,10685.0,10682.5,1.256749e-05,6.283745e-05,0
10685.0,10690.0,10687.5,1.2524404e-05,6.262202e-05,0
10690.0,10695.0,10692.5,1.1457678e-05,5.728839e-05,0
10695.0,10700.0,10697.5,1.4823206e-05,7.411603e-05,0
10700.0,10705.0,10702.5,6.869396e-06,3.434698e-05,0
10705.0,10710.0,10707.5,1.8249652e-05,9.124826e-05,0
10710.0,10715.0,10712.5,1.3697394e-05,6.848697e-05,0
10715.0,10720.0,10717.5,1.371074e-05,6.85537e-05,0
10720.0,10725.0,10722.5,1.2565156e-05,6.282578e-05,0
10725.0,10730.0,10727.5,1.2561292e-05,6.280646e-05,0
10730.0,10735.0,10732.5,1.5981222e-05,7.990611e-05,0
10735.0,10740.0,10737.5,1.144128e-05,5.72064e-05,0
10740.0,10745.0,10742.5,8.014086e-06,4.007043e-05,0
10745.0,10750.0,10747.5,1.372345e-05,6.861725e-05,0
10750.0,10755.0,10752.5,1.5939036e-05,7.969518e-05,0
10755.0,10760.0,10757.5,1.258912e-05,6.29456e-05,0
10760.0,10765.0,10762.5,9.120526e-06,4.560263e-05,0
10765.0,10770.0,10767.5,1.1434748e-05,5.717374e-05,0
10770.0,10775.0,10772.5,1.258194e-05,6.29097e-05,0
10775.0,10780.0,10777.5,8.003674e-06,4.001837e-05,0
10780.0,10785.0,10782.5,1.372208e-05,6.86104e-05,0
10785.0,10790.0,10787.5,1.7122844e-05,8.561422e-05,0
10790.0,10795.0,10792.5,1.3694286e-05,6.847143e-05,0
10795.0,10800.0,10797.5,1.3675584e-05,6.837792e-05,0
10800.0,10805.0,10802.5,1.4864408e-05,7.432204e-05,0
10805.0,10810.0,10807.5,1.5895418e-05,7.947709e-05,0
10810.0,10815.0,10812.5,1.7203564e-05,8.601782e-05,0
10815.0,10820.0,10817.5,7.993588e-06,3.996794e-05,0
10820.0,10825.0,10822.5,1.025769e-05,5.128845e-05,0
10825.0,10830.0,10827.5,1.2507576e-05,6.253788e-05,0
10830.0,10835.0,10832.5,1.1426394e-05,5.713197e-05,0
10835.0,10840.0,10837.5,9.14302e-06,4.57151e-05,0
10840.0,10845.0,10842.5,1.1403528e-05,5.701764e-05,0
10845.0,10850.0,10847.5,1.0292134e-05,5.146067e-05,0
10850.0,10855.0,10852.5,1.8315302e-05,9.157651e-05,0
10855.0,10860.0,10857.5,1.0266876e-05,5.133438e-05,0
10860.0,10865.0,10862.5,1.0265062e-05,5.132531e-05,0
10865.0,10870.0,10867.5,1.369317e-05,6.846585e-05,0
10870.0,10875.0,10872.5,6.836154e-06,3.418077e-05,0
10875.0,10880.0,10877.5,8.022808e-06,4.011404e-05,0
10880.0,10885.0,10882.5,1.7140698e-05,8.570349e-05,0
10885.0,10890.0,10887.5,1.3718424e-05,6.859212e-05,0
10890.0,10895.0,10892.5,2.0583598e-05,0.00010291799,0
10895.0,10900.0,10897.5,7.972884e-06,3.986442e-05,0
10900.0,10905.0,10902.5,8.001234e-06,4.000617e-05,0
10905.0,10910.0,10907.5,1.7159012e-05,8.579506e-05,0
10910.0,10915.0,10912.5,1.2526662e-05,6.263331e-05,0
10915.0,10920.0,10917.5,1.1464534e-05,5.732267e-05,0
10920.0,10925.0,10922.5,1.0272796e-05,5.136398e-05,0
10925.0,10930.0,10927.5,1.6009996e-05,8.004998e-05,0
10930.0,10935.0,10932.5,1.2536962e-05,6.268481e-05,0
10935.0,10940.0,10937.5,5.713826e-06,2.856913e-05,0
10940.0,10945.0,10942.5,1.829431e-05,9.147155e-05,0
10945.0,10950.0,10947.5,8.016806e-06,4.008403e-05,0
10950.0,10955.0,10952.5,1.256209e-05,6.281045e-05,0
10955.0,10960.0,10957.5,1.6018914e-05,8.009457e-05,0
10960.0,10965.0,10962.5,1.5976402e-05,7.988201e-05,0
10965.0,10970.0,10967.5,1.0297648e-05,5.148824e-05,0
10970.0,10975.0,10972.5,1.3730126e-05,6.865063e-05,0
10975.0,10980.0,10977.5,1.2672136e-05,6.336068e-05,0
10980.0,10985.0,10982.5,1.0281638e-05,5.140819e-05,0
10985.0,10990.0,10987.5,9.164242e-06,4.582121e-05,0
10990.0,10995.0,10992.5,1.0293652e-05,5.146826e-05,0
10995.0,11000.0,10997.5,6.847182e-06,3.423591e-05,0
11000.0,11005.0,11002.5,1.3701592e-05,6.850796e-05,0
11005.0,11010.0,11007.5,1.8295874e-05,9.147937e-05,0
11010.0,11015.0,11012.5,1.1412282e-05,5.706141e-05,0
11015.0,11020.0,11017.5,1.3679006e-05,6.839503e-05,0
11020.0,11025.0,11022.5,1.1389212e-05,5.694606e-05,0
11025.0,11030.0,11027.5,1.3705454e-05,6.852727e-05,0
11030.0,11035.0,11032.5,2.1685606e-05,0.00010842803,0
11035.0,11040.0,11037.5,9.14252e-06,4.57126e-05,0
11040.0,11045.0,11042.5,5.688036e-06,2.844018e-05,0
11045.0,11050.0,11047.5,1.02598e-05,5.1299e-05,0
11050.0,11055.0,11052.5,1.2581246e-05,6.290623e-05,0
11055.0,11060.0,11057.5,1.3709196e-05,6.854598e-05,0
11060.0,11065.0,11062.5,9.118322e-06,4.559161e-05,0
11065.0,11070.0,11067.5,1.0303736e-05,5.151868e-05,0
11070.0,11075.0,11072.5,8.038354e-06,4.019177e-05,0
11075.0,11080.0,11077.5,1.372504e-05,6.86252e-05,0
11080.0,11085.0,11082.5,1.0298766e-05,5.149383e-05,0
11085.0,11090.0,11087.5,1.2549572e-05,6.274786e-05,0
11090.0,11095.0,11092.5,1.2596804e-05,6.298402e-05,0
11095.0,11100.0,11097.5,7.954242e-06,3.977121e-05,0
11100.0,11105.0,11102.5,1.375e-05,6.875e-05,0
11105.0,11110.0,11107.5,1.3730918e-05,6.865459e-05,0
11110.0,11115.0,11112.5,8.010178e-06,4.005089e-05,0
11115.0,11120.0,11117.5,1.2543254e-05,6.271627e-05,0
11120.0,11125.0,11122.5,1.0280548e-05,5.140274e-05,0
11125.0,11130.0,11127.5,1.3703184e-05,6.851592e-05,0
11130.0,11135.0,11132.5,1.0305194e-05,5.152597e-05,0
11135.0,11140.0,11137.5,6.850102e-06,3.425051e-05,0
11140.0,11145.0,11142.5,1.71715e-05,8.58575e-05,0
11145.0,11150.0,11147.5,1.6043456e-05,8.021728e-05,0
11150.0,11155.0,11152.5,1.7101854e-05,8.550927e-05,0
11155.0,11160.0,11157.5,1.1450706e-05,5.725353e-05,0
11160.0,11165.0,11162.5,1.0282078e-05,5.141039e-05,0
11165.0,11170.0,11167.5,1.1425114e-05,5.712557e-05,0
11170.0,11175.0,11172.5,5.726116e-06,2.863058e-05,0
11175.0,11180.0,11177.5,1.712719e-05,8.563595e-05,0
11180.0,11185.0,11182.5,1.0288472e-05,5.144236e-05,0
11185.0,11190.0,11187.5,1.7162602e-05,8.581301e-05,0
11190.0,11195.0,11192.5,1.140871e-05,5.704355e-05,0
11195.0,11200.0,11197.5,1.4887592e-05,7.443796e-05,0
11200.0,11205.0,11202.5,2.279736e-06,1.139868e-05,0
11205.0,11210.0,11207.5,1.0270886e-05,5.135443e-05,0
11210.0,11215.0,11212.5,9.131784e-06,4.565892e-05,0
11215.0,11220.0,11217.5,1.6035752e-05,8.017876e-05,0
11220.0,11225.0,11222.5,3.41674e-06,1.70837e-05,0
11225.0,11230.0,11227.5,5.708818e-06,2.854409e-05,0
11230.0,11235.0,11232.5,1.1427214e-05,5.713607e-05,0
11235.0,11240.0,11237.5,4.558528e-06,2.279264e-05,0
11240.0,11245.0,11242.5,1.7059374e-05,8.529687e-05,0
11245.0,11250.0,11247.5,1.8298994e-05,9.149497e-05,0
11250.0,11255.0,11252.5,1.1428814e-05,5.714407e-05,0
11255.0,11260.0,11257.5,7.990272e-06,3.995136e-05,0
11260.0,11265.0,11262.5,1.0319532e-05,5.159766e-05,0
11265.0,11270.0,11267.5,1.5942088e-05,7.971044e-05,0
11270.0,11275.0,11272.5,1.4868256e-05,7.434128e-05,0
11275.0,11280.0,11277.5,5.689434e-06,2.844717e-05,0
11280.0,11285.0,11282.5,8.002312e-06,4.001156e-05,0
11285.0,11290.0,11287.5,1.3718808e-05,6.859404e-05,0
11290.0,11295.0,11292.5,2.051398e-05,0.0001025699,0
11295.0,11300.0,11297.5,7.9867e-06,3.99335e-05,0
11300.0,11305.0,11302.5,1.5951728e-05,7.975864e-05,0
11305.0,11310.0,11307.5,7.970336e-06,3.985168e-05,0
11310.0,11315.0,11312.5,9.148494e-06,4.574247e-05,0
11315.0,11320.0,11317.5,1.4840818e-05,7.420409e-05,0
11320.0,11325.0,11322.5,7.977648e-06,3.988824e-05,0
11325.0,11330.0,11327.5,1.3682542e-05,6.841271e-05,0
11330.0,11335.0,11332.5,1.605416e-05,8.02708e-05,0
11335.0,11340.0,11337.5,1.3791974e-05,6.895987e-05,0
11340.0,11345.0,11342.5,1.1456416e-05,5.728208e-05,0
11345.0,11350.0,11347.5,1.2584266e-05,6.292133e-05,0
11350.0,11355.0,11352.5,6.825838e-06,3.412919e-05,0
11355.0,11360.0,11357.5,1.37174e-05,6.8587e-05,0
11360.0,11365.0,11362.5,1.0332278e-05,5.166139e-05,0
11365.0,11370.0,11367.5,1.7139226e-05,8.569613e-05,0
11370.0,11375.0,11372.5,9.180078e-06,4.590039e-05,0
11375.0,11380.0,11377.5,1.14556e-05,5.7278e-05,0
11380.0,11385.0,11382.5,8.007742e-06,4.003871e-05,0
11385.0,11390.0,11387.5,1.944944e-05,9.72472e-05,0
11390.0,11395.0,11392.5,7.999768e-06,3.999884e-05,0
11395.0,11400.0,11397.5,1.7178744e-05,8.589372e-05,0
11400.0,11405.0,11402.5,1.0292316e-05,5.146158e-05,0
11405.0,11410.0,11407.5,1.0256292e-05,5.128146e-05,0
11410.0,11415.0,11412.5,8.014782e-06,4.007391e-05,0
11415.0,11420.0,11417.5,1.3721322e-05,6.860661e-05,0
11420.0,11425.0,11422.5,1.1377538e-05,5.688769e-05,0
11425.0,11430.0,11427.5,6.865096e-06,3.432548e-05,0
11430.0,11435.0,11432.5,1.0263094e-05,5.131547e-05,0
11435.0,11440.0,11437.5,6.872606e-06,3.436303e-05,0
11440.0,11445.0,11442.5,1.0285454e-05,5.142727e-05,0
11445.0,11450.0,11447.5,1.603797e-05,8.018985e-05,0
11450.0,11455.0,11452.5,6.862666e-06,3.431333e-05,0
11455.0,11460.0,11457.5,1.3730508e-05,6.865254e-05,0
11460.0,11465.0,11462.5,1.2546634e-05,6.273317e-05,0
11465.0,11470.0,11467.5,5.756928e-06,2.878464e-05,0
11470.0,11475.0,11472.5,1.483179e-05,7.415895e-05,0
11475.0,11480.0,11477.5,9.13747e-06,4.568735e-05,0
11480.0,11485.0,11482.5,1.3700394e-05,6.850197e-05,0
11485.0,11490.0,11487.5,1.255412e-05,6.27706e-05,0
11490.0,11495.0,11492.5,1.480561e-05,7.402805e-05,0
11495.0,11500.0,11497.5,5.709932e-06,2.854966e-05,0
11500.0,11505.0,11502.5,1.1432872e-05,5.716436e-05,0
11505.0,11510.0,11507.5,1.0312916e-05,5.156458e-05,0
11510.0,11515.0,11512.5,1.0270592e-05,5.135296e-05,0
11515.0,11520.0,11517.5,1.8302024e-05,9.151012e-05,0
11520.0,11525.0,11522.5,1.2596612e-05,6.298306e-05,0
11525.0,11530.0,11527.5,8.003576e-06,4.001788e-05,0
11530.0,11535.0,11532.5,1.3723536e-05,6.861768e-05,0
11535.0,11540.0,11537.5,1.4870606e-05,7.435303e-05,0
11540.0,11545.0,11542.5,9.147478e-06,4.573739e-05,0
11545.0,11550.0,11547.5,1.3720594e-05,6.860297e-05,0
11550.0,11555.0,11552.5,6.843614e-06,3.421807e-05,0
11555.0,11560.0,11557.5,8.053112e-06,4.026556e-05,0
11560.0,11565.0,11562.5,1.0274804e-05,5.137402e-05,0
11565.0,11570.0,11567.5,1.1404324e-05,5.702162e-05,0
11570.0,11575.0,11572.5,1.835888e-05,9.17944e-05,0
11575.0,11580.0,11577.5,8.000488e-06,4.000244e-05,0
11580.0,11585.0,11582.5,1.942783e-05,9.713915e-05,0
11585.0,11590.0,11587.5,1.0279308e-05,5.139654e-05,0
11590.0,11595.0,11592.5,1.7192316e-05,8.596158e-05,0
11595.0,11600.0,11597.5,6.848138e-06,3.424069e-05,0
11600.0,11605.0,11602.5,1.148496e-05,5.74248e-05,0
11605.0,11610.0,11607.5,1.3660014e-05,6.830007e-05,0
11610.0,11615.0,11612.5,6.86759e-06,3.433795e-05,0
11615.0,11620.0,11617.5,1.4846792e-05,7.423396e-05,0
11620.0,11625.0,11622.5,1.601324e-05,8.00662e-05,0
11625.0,11630.0,11627.5,1.0289512e-05,5.144756e-05,0
11630.0,11635.0,11632.5,9.138138e-06,4.569069e-05,0
11635.0,11640.0,11637.5,9.138002e-06,4.569001e-05,0
11640.0,11645.0,11642.5,1.7155118e-05,8.577559e-05,0
11645.0,11650.0,11647.5,8.020082e-06,4.010041e-05,0
11650.0,11655.0,11652.5,1.5982864e-05,7.991432e-05,0
11655.0,11660.0,11657.5,1.5953084e-05,7.976542e-05,0
11660.0,11665.0,11662.5,1.0291498e-05,5.145749e-05,0
11665.0,11670.0,11667.5,1.0240056e-05,5.120028e-05,0
11670.0,11675.0,11672.5,1.1435122e-05,5.717561e-05,0
11675.0,11680.0,11677.5,1.1434922e-05,5.717461e-05,0
11680.0,11685.0,11682.5,1.4841538e-05,7.420769e-05,0
11685.0,11690.0,11687.5,9.148424e-06,4.574212e-05,0
11690.0,11695.0,11692.5,1.4869352e-05,7.434676e-05,0
11695.0,11700.0,11697.5,1.366801e-05,6.834005e-05,0
11700.0,11705.0,11702.5,1.1410638e-05,5.705319e-05,0
11705.0,11710.0,11707.5,1.259274e-05,6.29637e-05,0
11710.0,11715.0,11712.5,1.4830174e-05,7.415087e-05,0
11715.0,11720.0,11717.5,1.1389646e-05,5.694823e-05,0
11720.0,11725.0,11722.5,1.2562688e-05,6.281344e-05,0
11725.0,11730.0,11727.5,1.3723138e-05,6.861569e-05,0
11730.0,11735.0,11732.5,9.138582e-06,4.569291e-05,0
11735.0,11740.0,11737.5,1.3725978e-05,6.862989e-05,0
11740.0,11745.0,11742.5,9.129694e-06,4.564847e-05,0
11745.0,11750.0,11747.5,1.0247888e-05,5.123944e-05,0
11750.0,11755.0,11752.5,9.136838e-06,4.568419e-05,0
11755.0,11760.0,11757.5,1.6018396e-05,8.009198e-05,0
11760.0,11765.0,11762.5,1.370207e-05,6.851035e-05,0
11765.0,11770.0,11767.5,6.846312e-06,3.423156e-05,0
11770.0,11775.0,11772.5,1.1393222e-05,5.696611e-05,0
11775.0,11780.0,11777.5,1.0316638e-05,5.158319e-05,0
11780.0,11785.0,11782.5,1.2592096e-05,6.296048e-05,0
11785.0,11790.0,11787.5,1.8255804e-05,9.127902e-05,0
11790.0,11795.0,11792.5,1.1411742e-05,5.705871e-05,0
11795.0,11800.0,11797.5,1.1430582e-05,5.715291e-05,0
11800.0,11805.0,11802.5,5.722024e-06,2.861012e-05,0
11805.0,11810.0,11807.5,1.2600506e-05,6.300253e-05,0
11810.0,11815.0,11812.5,9.154082e-06,4.577041e-05,0
11815.0,11820.0,11817.5,1.6028574e-05,8.014287e-05,0
11820.0,11825.0,11822.5,1.2570952e-05,6.285476e-05,0
11825.0,11830.0,11827.5,1.835421e-05,9.177105e-05,0
11830.0,11835.0,11832.5,9.08348e-06,4.54174e-05,0
11835.0,11840.0,11837.5,1.3669258e-05,6.834629e-05,0
11840.0,11845.0,11842.5,1.4868778e-05,7.434389e-05,0
11845.0,11850.0,11847.5,6.85616e-06,3.42808e-05,0
11850.0,11855.0,11852.5,5.719694e-06,2.859847e-05,0
11855.0,11860.0,11857.5,9.132452e-06,4.566226e-05,0
11860.0,11865.0,11862.5,1.1400016e-05,5.700008e-05,0
11865.0,11870.0,11867.5,1.3697072e-05,6.848536e-05,0
11870.0,11875.0,11872.5,6.89714e-06,3.44857e-05,0
11875.0,11880.0,11877.5,6.841554e-06,3.420777e-05,0
11880.0,11885.0,11882.5,1.3776012e-05,6.888006e-05,0
11885.0,11890.0,11887.5,3.455392e-06,1.727696e-05,0
11890.0,11895.0,11892.5,1.1460318e-05,5.730159e-05,0
11895.0,11900.0,11897.5,1.4864496e-05,7.432248e-05,0
11900.0,11905.0,11902.5,6.831264e-06,3.415632e-05,0
11905.0,11910.0,11907.5,1.8312396e-05,9.156198e-05,0
11910.0,11915.0,11912.5,1.4812808e-05,7.406404e-05,0
11915.0,11920.0,11917.5,1.0318922e-05,5.159461e-05,0
11920.0,11925.0,11922.5,7.990774e-06,3.995387e-05,0
11925.0,11930.0,11927.5,1.4879662e-05,7.439831e-05,0
11930.0,11935.0,11932.5,3.417894e-06,1.708947e-05,0
11935.0,11940.0,11937.5,1.0301612e-05,5.150806e-05,0
11940.0,11945.0,11942.5,1.3699072e-05,6.849536e-05,0
11945.0,11950.0,11947.5,1.371898e-05,6.85949e-05,0
11950.0,11955.0,11952.5,1.4877672e-05,7.438836e-05,0
11955.0,11960.0,11957.5,4.5644e-06,2.2822e-05,0
11960.0,11965.0,11962.5,9.142114e-06,4.571057e-05,0
11965.0,11970.0,11967.5,6.860492e-06,3.430246e-05,0
11970.0,11975.0,11972.5,8.004082e-06,4.002041e-05,0
11975.0,11980.0,11977.5,2.29872e-06,1.14936e-05,0
11980.0,11985.0,11982.5,6.828948e-06,3.414474e-05,0
11985.0,11990.0,11987.5,1.2590088e-05,6.295044e-05,0
11990.0,11995.0,11992.5,1.25706e-05,6.2853e-05,0
11995.0,12000.0,11997.5,7.995386e-06,3.997693e-05,0
12000.0,12005.0,12002.5,6.889386e-06,3.444693e-05,0
12005.0,12010.0,12007.5,1.7173318e-05,8.586659e-05,0
12010.0,12015.0,12012.5,7.997664e-06,3.998832e-05,0
12015.0,12020.0,12017.5,1.3733906e-05,6.866953e-05,0
12020.0,12025.0,12022.5,1.3706526e-05,6.853263e-05,0
12025.0,12030.0,12027.5,9.141226e-06,4.570613e-05,0
12030.0,12035.0,12032.5,1.144982e-05,5.72491e-05,0
12035.0,12040.0,12037.5,9.148902e-06,4.574451e-05,0
12040.0,12045.0,12042.5,9.108184e-06,4.554092e-05,0
12045.0,12050.0,12047.5,1.484911e-05,7.424555e-05,0
12050.0,12055.0,12052.5,1.4851466e-05,7.425733e-05,0
12055.0,12060.0,12057.5,1.1435716e-05,5.717858e-05,0
12060.0,12065.0,12062.5,1.4885688e-05,7.442844e-05,0
12065.0,12070.0,12067.5,6.849966e-06,3.424983e-05,0
12070.0,12075.0,12072.5,1.3695726e-05,6.847863e-05,0
12075.0,12080.0,12077.5,7.98208e-06,3.99104e-05,0
12080.0,12085.0,12082.5,1.02909e-05,5.14545e-05,0
12085.0,12090.0,12087.5,1.2602948e-05,6.301474e-05,0
12090.0,12095.0,12092.5,8.025032e-06,4.012516e-05,0
12095.0,12100.0,12097.5,1.4876436e-05,7.438218e-05,0
12100.0,12105.0,12102.5,1.4864148e-05,7.432074e-05,0
12105.0,12110.0,12107.5,1.1435376e-05,5.717688e-05,0
12110.0,12115.0,12112.5,1.0249532e-05,5.124766e-05,0
12115.0,12120.0,12117.5,2.1658438e-05,0.00010829219,0
12120.0,12125.0,12122.5,5.700812e-06,2.850406e-05,0
12125.0,12130.0,12127.5,5.737498e-06,2.868749e-05,0
12130.0,12135.0,12132.5,4.560506e-06,2.280253e-05,0
12135.0,12140.0,12137.5,9.087198e-06,4.543599e-05,0
12140.0,12145.0,12142.5,8.032138e-06,4.016069e-05,0
12145.0,12150.0,12147.5,6.878274e-06,3.439137e-05,0
12150.0,12155.0,12152.5,1.6028452e-05,8.014226e-05,0
12155.0,12160.0,12157.5,6.864898e-06,3.432449e-05,0
12160.0,12165.0,12162.5,1.4853088e-05,7.426544e-05,0
12165.0,12170.0,12167.5,9.154292e-06,4.577146e-05,0
12170.0,12175.0,12172.5,1.0308192e-05,5.154096e-05,0
12175.0,12180.0,12177.5,1.7097732e-05,8.548866e-05,0
12180.0,12185.0,12182.5,9.179202e-06,4.589601e-05,0
12185.0,12190.0,12187.5,6.868782e-06,3.434391e-05,0
12190.0,12195.0,12192.5,7.966682e-06,3.983341e-05,0
12195.0,12200.0,12197.5,5.705912e-06,2.852956e-05,0
12200.0,12205.0,12202.5,1.25683e-05,6.28415e-05,0
12205.0,12210.0,12207.5,1.0307126e-05,5.153563e-05,0
12210.0,12215.0,12212.5,1.6011374e-05,8.005687e-05,0
12215.0,12220.0,12217.5,1.0267186e-05,5.133593e-05,0
12220.0,12225.0,12222.5,5.727274e-06,2.863637e-05,0
12225.0,12230.0,12227.5,1.0253578e-05,5.126789e-05,0
12230.0,12235.0,12232.5,1.1456256e-05,5.728128e-05,0
12235.0,12240.0,12237.5,1.1428798e-05,5.714399e-05,0
12240.0,12245.0,12242.5,1.7113938e-05,8.556969e-05,0
12245.0,12250.0,12247.5,1.4919468e-05,7.459734e-05,0
12250.0,12255.0,12252.5,1.0307522e-05,5.153761e-05,0
12255.0,12260.0,12257.5,6.860074e-06,3.430037e-05,0
12260.0,12265.0,12262.5,1.0280162e-05,5.140081e-05,0
12265.0,12270.0,12267.5,4.579958e-06,2.289979e-05,0
12270.0,12275.0,12272.5,1.0336888e-05,5.168444e-05,0
12275.0,12280.0,12277.5,9.10576e-06,4.55288e-05,0
12280.0,12285.0,12282.5,8.012972e-06,4.006486e-05,0
12285.0,12290.0,12287.5,1.37317e-05,6.86585e-05,0
12290.0,12295.0,12292.5,7.98236e-06,3.99118e-05,0
12295.0,12300.0,12297.5,1.9461958e-05,9.730979e-05,0
12300.0,12305.0,12302.5,1.5979968e-05,7.989984e-05,0
12305.0,12310.0,12307.5,7.972834e-06,3.986417e-05,0
12310.0,12315.0,12312.5,1.1453896e-05,5.726948e-05,0
12315.0,12320.0,12317.5,1.138653e-05,5.693265e-05,0
12320.0,12325.0,12322.5,1.0314742e-05,5.157371e-05,0
12325.0,12330.0,12327.5,9.124914e-06,4.562457e-05,0
12330.0,12335.0,12332.5,9.126394e-06,4.563197e-05,0
12335.0,12340.0,12337.5,1.0256654e-05,5.128327e-05,0
12340.0,12345.0,12342.5,1.4793998e-05,7.396999e-05,0
12345.0,12350.0,12347.5,5.720728e-06,2.860364e-05,0
12350.0,12355.0,12352.5,7.992506e-06,3.996253e-05,0
12355.0,12360.0,12357.5,1.6040184e-05,8.020092e-05,0
12360.0,12365.0,12362.5,1.031663e-05,5.158315e-05,0
12365.0,12370.0,12367.5,1.3713014e-05,6.856507e-05,0
12370.0,12375.0,12372.5,1.1441822e-05,5.720911e-05,0
12375.0,12380.0,12377.5,1.370783e-05,6.853915e-05,0
12380.0,12385.0,12382.5,7.976792e-06,3.988396e-05,0
12385.0,12390.0,12387.5,1.0281672e-05,5.140836e-05,0
12390.0,12395.0,12392.5,4.587716e-06,2.293858e-05,0
12395.0,12400.0,12397.5,1.0301274e-05,5.150637e-05,0
12400.0,12405.0,12402.5,9.130822e-06,4.565411e-05,0
12405.0,12410.0,12407.5,1.4851692e-05,7.425846e-05,0
12410.0,12415.0,12412.5,5.719896e-06,2.859948e-05,0
12415.0,12420.0,12417.5,1.143286e-05,5.71643e-05,0
12420.0,12425.0,12422.5,1.1397782e-05,5.698891e-05,0
12425.0,12430.0,12427.5,6.851492e-06,3.425746e-05,0
12430.0,12435.0,12432.5,9.125094e-06,4.562547e-05,0
12435.0,12440.0,12437.5,8.009826e-06,4.004913e-05,0
12440.0,12445.0,12442.5,9.166032e-06,4.583016e-05,0
12445.0,12450.0,12447.5,1.136983e-05,5.684915e-05,0
12450.0,12455.0,12452.5,6.855364e-06,3.427682e-05,0
12455.0,12460.0,12457.5,6.83819e-06,3.419095e-05,0
12460.0,12465.0,12462.5,1.0234158e-05,5.117079e-05,0
12465.0,12470.0,12467.5,1.258242e-05,6.29121e-05,0
12470.0,12475.0,12472.5,1.0308096e-05,5.154048e-05,0
12475.0,12480.0,12477.5,5.695936e-06,2.847968e-05,0
12480.0,12485.0,12482.5,1.3702688e-05,6.851344e-05,0
12485.0,12490.0,12487.5,7.986554e-06,3.993277e-05,0
12490.0,12495.0,12492.5,4.526708e-06,2.263354e-05,0
12495.0,12500.0,12497.5,1.4868598e-05,7.434299e-05,0
12500.0,12505.0,12502.5,1.1418156e-05,5.709078e-05,0
12505.0,12510.0,12507.5,1.2599066e-05,6.299533e-05,0
12510.0,12515.0,12512.5,1.2553148e-05,6.276574e-05,0
12515.0,12520.0,12517.5,1.0266024e-05,5.133012e-05,0
12520.0,12525.0,12522.5,1.0262934e-05,5.131467e-05,0
12525.0,12530.0,12527.5,1.0297766e-05,5.148883e-05,0
12530.0,12535.0,12532.5,1.8263998e-05,9.131999e-05,0
12535.0,12540.0,12537.5,1.2590144e-05,6.295072e-05,0
12540.0,12545.0,12542.5,1.254046e-05,6.27023e-05,0
12545.0,12550.0,12547.5,9.17693e-06,4.588465e-05,0
12550.0,12555.0,12552.5,1.2557986e-05,6.278993e-05,0
12555.0,12560.0,12557.5,8.000364e-06,4.000182e-05,0
12560.0,12565.0,12562.5,1.028099e-05,5.140495e-05,0
12565.0,12570.0,12567.5,2.174538e-05,0.0001087269,0
12570.0,12575.0,12572.5,1.1388474e-05,5.694237e-05,0
12575.0,12580.0,12577.5,1.0316136e-05,5.158068e-05,0
12580.0,12585.0,12582.5,5.704716e-06,2.852358e-05,0
12585.0,12590.0,12587.5,1.2587476e-05,6.293738e-05,0
12590.0,12595.0,12592.5,1.2559022e-05,6.279511e-05,0
12595.0,12600.0,12597.5,1.1410012e-05,5.705006e-05,0
12600.0,12605.0,12602.5,5.710002e-06,2.855001e-05,0
12605.0,12610.0,12607.5,4.556504e-06,2.278252e-05,0
12610.0,12615.0,12612.5,9.14362e-06,4.57181e-05,0
12615.0,12620.0,12617.5,6.856194e-06,3.428097e-05,0
12620.0,12625.0,12622.5,9.134098e-06,4.567049e-05,0
12625.0,12630.0,12627.5,5.701598e-06,2.850799e-05,0
12630.0,12635.0,12632.5,1.0294338e-05,5.147169e-05,0
12635.0,12640.0,12637.5,1.0294826e-05,5.147413e-05,0
12640.0,12645.0,12642.5,1.0290212e-05,5.145106e-05,0
12645.0,12650.0,12647.5,1.487645e-05,7.438225e-05,0
12650.0,12655.0,12652.5,6.831114e-06,3.415557e-05,0
12655.0,12660.0,12657.5,1.485145e-05,7.425725e-05,0
12660.0,12665.0,12662.5,6.892008e-06,3.446004e-05,0
12665.0,12670.0,12667.5,7.9985e-06,3.99925e-05,0
12670.0,12675.0,12672.5,1.0264146e-05,5.132073e-05,0
12675.0,12680.0,12677.5,1.3747112e-05,6.873556e-05,0
12680.0,12685.0,12682.5,7.962382e-06,3.981191e-05,0
12685.0,12690.0,12687.5,9.160284e-06,4.580142e-05,0
12690.0,12695.0,12692.5,1.0281768e-05,5.140884e-05,0
12695.0,12700.0,12697.5,1.0315392e-05,5.157696e-05,0
12700.0,12705.0,12702.5,9.124362e-06,4.562181e-05,0
12705.0,12710.0,12707.5,8.00175e-06,4.000875e-05,0
12710.0,12715.0,12712.5,1.2625054e-05,6.312527e-05,0
12715.0,12720.0,12717.5,1.02544e-05,5.1272e-05,0
12720.0,12725.0,12722.5,9.171396e-06,4.585698e-05,0
12725.0,12730.0,12727.5,2.27386e-06,1.13693e-05,0
12730.0,12735.0,12732.5,2.058663e-05,0.00010293315,0
12735.0,12740.0,12737.5,1.601731e-05,8.008655e-05,0
12740.0,12745.0,12742.5,7.983242e-06,3.991621e-05,0
12745.0,12750.0,12747.5,1.0278102e-05,5.139051e-05,0
12750.0,12755.0,12752.5,6.865094e-06,3.432547e-05,0
12755.0,12760.0,12757.5,1.3682758e-05,6.841379e-05,0
12760.0,12765.0,12762.5,4.58686e-06,2.29343e-05,0
12765.0,12770.0,12767.5,9.18016e-06,4.59008e-05,0
12770.0,12775.0,12772.5,6.906946e-06,3.453473e-05,0
12775.0,12780.0,12777.5,1.260265e-05,6.301325e-05,0
12780.0,12785.0,12782.5,3.43032e-06,1.71516e-05,0
12785.0,12790.0,12787.5,3.42094e-06,1.71047e-05,0
12790.0,12795.0,12792.5,9.154022e-06,4.577011e-05,0
12795.0,12800.0,12797.5,9.12133e-06,4.560665e-05,0
12800.0,12805.0,12802.5,6.845484e-06,3.422742e-05,0
12805.0,12810.0,12807.5,9.14068e-06,4.57034e-05,0
12810.0,12815.0,12812.5,1.371605e-05,6.858025e-05,0
12815.0,12820.0,12817.5,1.7136304e-05,8.568152e-05,0
12820.0,12825.0,12822.5,5.693294e-06,2.846647e-05,0
12825.0,12830.0,12827.5,9.163042e-06,4.581521e-05,0
12830.0,12835.0,12832.5,9.117384e-06,4.558692e-05,0
12835.0,12840.0,12837.5,1.142072e-05,5.71036e-05,0
12840.0,12845.0,12842.5,1.0317086e-05,5.158543e-05,0
12845.0,12850.0,12847.5,5.718944e-06,2.859472e-05,0
12850.0,12855.0,12852.5,1.8300524e-05,9.150262e-05,0
12855.0,12860.0,12857.5,1.0323444e-05,5.161722e-05,0
12860.0,12865.0,12862.5,7.937862e-06,3.968931e-05,0
12865.0,12870.0,12867.5,4.55804e-06,2.27902e-05,0
12870.0,12875.0,12872.5,9.146888e-06,4.573444e-05,0
12875.0,12880.0,12877.5,9.131932e-06,4.565966e-05,0
12880.0,12885.0,12882.5,1.1449218e-05,5.724609e-05,0
12885.0,12890.0,12887.5,3.440268e-06,1.720134e-05,0
12890.0,12895.0,12892.5,1.2554766e-05,6.277383e-05,0
12895.0,12900.0,12897.5,1.0282126e-05,5.141063e-05,0
12900.0,12905.0,12902.5,6.851144e-06,3.425572e-05,0
12905.0,12910.0,12907.5,1.0308108e-05,5.154054e-05,0
12910.0,12915.0,12912.5,3.411212e-06,1.705606e-05,0
12915.0,12920.0,12917.5,2.296988e-06,1.148494e-05,0
12920.0,12925.0,12922.5,6.882656e-06,3.441328e-05,0
12925.0,12930.0,12927.5,1.140944e-05,5.70472e-05,0
12930.0,12935.0,12932.5,1.485984e-05,7.42992e-05,0
12935.0,12940.0,12937.5,9.13605e-06,4.568025e-05,0
12940.0,12945.0,12942.5,9.131946e-06,4.565973e-05,0
12945.0,12950.0,12947.5,5.721866e-06,2.860933e-05,0
12950.0,12955.0,12952.5,4.596122e-06,2.298061e-05,0
12955.0,12960.0,12957.5,9.126028e-06,4.563014e-05,0
12960.0,12965.0,12962.5,1.4871502e-05,7.435751e-05,0
12965.0,12970.0,12967.5,1.4820416e-05,7.410208e-05,0
12970.0,12975.0,12972.5,1.8304874e-05,9.152437e-05,0
12975.0,12980.0,12977.5,8.01927e-06,4.009635e-05,0
12980.0,12985.0,12982.5,9.149832e-06,4.574916e-05,0
12985.0,12990.0,12987.5,6.868798e-06,3.434399e-05,0
12990.0,12995.0,12992.5,9.161612e-06,4.580806e-05,0
12995.0,13000.0,12997.5,1.4871628e-05,7.435814e-05,0
13000.0,13005.0,13002.5,1.4860128e-05,7.430064e-05,0
13005.0,13010.0,13007.5,7.99663e-06,3.998315e-05,0
13010.0,13015.0,13012.5,3.433234e-06,1.716617e-05,0
13015.0,13020.0,13017.5,1.1462208e-05,5.731104e-05,0
13020.0,13025.0,13022.5,1.1427582e-05,5.713791e-05,0
13025.0,13030.0,13027.5,7.968452e-06,3.984226e-05,0
13030.0,13035.0,13032.5,6.880508e-06,3.440254e-05,0
13035.0,13040.0,13037.5,9.115058e-06,4.557529e-05,0
13040.0,13045.0,13042.5,4.590658e-06,2.295329e-05,0
13045.0,13050.0,13047.5,1.256364e-05,6.28182e-05,0
13050.0,13055.0,13052.5,9.136522e-06,4.568261e-05,0
13055.0,13060.0,13057.5,6.858876e-06,3.429438e-05,0
13060.0,13065.0,13062.5,1.1364808e-05,5.682404e-05,0
13065.0,13070.0,13067.5,1.2584618e-05,6.292309e-05,0
13070.0,13075.0,13072.5,8.034648e-06,4.017324e-05,0
13075.0,13080.0,13077.5,5.723016e-06,2.861508e-05,0
13080.0,13085.0,13082.5,7.98909e-06,3.994545e-05,0
13085.0,13090.0,13087.5,1.0256124e-05,5.128062e-05,0
13090.0,13095.0,13092.5,5.710786e-06,2.855393e-05,0
13095.0,13100.0,13097.5,9.135822e-06,4.567911e-05,0
13100.0,13105.0,13102.5,1.0267698e-05,5.133849e-05,0
13105.0,13110.0,13107.5,1.3764596e-05,6.882298e-05,0
13110.0,13115.0,13112.5,7.982202e-06,3.991101e-05,0
13115.0,13120.0,13117.5,8.026734e-06,4.013367e-05,0
13120.0,13125.0,13122.5,9.173038e-06,4.586519e-05,0
13125.0,13130.0,13127.5,8.002654e-06,4.001327e-05,0
13130.0,13135.0,13132.5,7.98459e-06,3.992295e-05,0
13135.0,13140.0,13137.5,1.2542018e-05,6.271009e-05,0
13140.0,13145.0,13142.5,8.020752e-06,4.010376e-05,0
13145.0,13150.0,13147.5,1.5995144e-05,7.997572e-05,0
13150.0,13155.0,13152.5,1.025617e-05,5.128085e-05,0
13155.0,13160.0,13157.5,1.2592402e-05,6.296201e-05,0
13160.0,13165.0,13162.5,5.723976e-06,2.861988e-05,0
13165.0,13170.0,13167.5,4.57918e-06,2.28959e-05,0
13170.0,13175.0,13172.5,9.094976e-06,4.547488e-05,0
13175.0,13180.0,13177.5,4.600006e-06,2.300003e-05,0
13180.0,13185.0,13182.5,1.029027e-05,5.145135e-05,0
13185.0,13190.0,13187.5,6.84034e-06,3.42017e-05,0
13190.0,13195.0,13192.5,2.276768e-06,1.138384e-05,0
13195.0,13200.0,13197.5,1.7126784e-05,8.563392e-05,0
13200.0,13205.0,13202.5,1.374261e-05,6.871305e-05,0
13205.0,13210.0,13207.5,1.259913e-05,6.299565e-05,0
13210.0,13215.0,13212.5,1.0309378e-05,5.154689e-05,0
13215.0,13220.0,13217.5,9.14609e-06,4.573045e-05,0
13220.0,13225.0,13222.5,1.030854e-05,5.15427e-05,0
13225.0,13230.0,13227.5,1.1408008e-05,5.704004e-05,0
13230.0,13235.0,13232.5,1.486124e-05,7.43062e-05,0
13235.0,13240.0,13237.5,9.147044e-06,4.573522e-05,0
13240.0,13245.0,13242.5,1.259516e-05,6.29758e-05,0
13245.0,13250.0,13247.5,8.031878e-06,4.015939e-05,0
13250.0,13255.0,13252.5,6.847272e-06,3.423636e-05,0
13255.0,13260.0,13257.5,1.1412606e-05,5.706303e-05,0
13260.0,13265.0,13262.5,8.005446e-06,4.002723e-05,0
13265.0,13270.0,13267.5,9.138152e-06,4.569076e-05,0
13270.0,13275.0,13272.5,4.580096e-06,2.290048e-05,0
13275.0,13280.0,13277.5,1.1413076e-05,5.706538e-05,0
13280.0,13285.0,13282.5,6.877568e-06,3.438784e-05,0
13285.0,13290.0,13287.5,7.980808e-06,3.990404e-05,0
13290.0,13295.0,13292.5,6.849412e-06,3.424706e-05,0
13295.0,13300.0,13297.5,4.569258e-06,2.284629e-05,0
13300.0,13305.0,13302.5,1.027231e-05,5.136155e-05,0
13305.0,13310.0,13307.5,9.123172e-06,4.561586e-05,0
13310.0,13315.0,13312.5,1.3655408e-05,6.827704e-05,0
13315.0,13320.0,13317.5,1.6002376e-05,8.001188e-05,0
13320.0,13325.0,13322.5,1.485275e-05,7.426375e-05,0
13325.0,13330.0,13327.5,8.041086e-06,4.020543e-05,0
13330.0,13335.0,13332.5,1.145149e-05,5.725745e-05,0
13335.0,13340.0,13337.5,6.87896e-06,3.43948e-05,0
13340.0,13345.0,13342.5,6.902546e-06,3.451273e-05,0
13345.0,13350.0,13347.5,8.019744e-06,4.009872e-05,0
13350.0,13355.0,13352.5,6.829922e-06,3.414961e-05,0
13355.0,13360.0,13357.5,7.994466e-06,3.997233e-05,0
13360.0,13365.0,13362.5,6.839448e-06,3.419724e-05,0
13365.0,13370.0,13367.5,6.868678e-06,3.434339e-05,0
13370.0,13375.0,13372.5,9.158608e-06,4.579304e-05,0
13375.0,13380.0,13377.5,8.004492e-06,4.002246e-05,0
13380.0,13385.0,13382.5,1.0322986e-05,5.161493e-05,0
13385.0,13390.0,13387.5,1.7121254e-05,8.560627e-05,0
13390.0,13395.0,13392.5,1.4796514e-05,7.398257e-05,0
13395.0,13400.0,13397.5,4.5654e-06,2.2827e-05,0
13400.0,13405.0,13402.5,1.2573964e-05,6.286982e-05,0
13405.0,13410.0,13407.5,5.729326e-06,2.864663e-05,0
13410.0,13415.0,13412.5,1.3702944e-05,6.851472e-05,0
13415.0,13420.0,13417.5,2.1747294e-05,0.00010873647,0
13420.0,13425.0,13422.5,1.484293e-05,7.421465e-05,0
13425.0,13430.0,13427.5,1.1392652e-05,5.696326e-05,0
13430.0,13435.0,13432.5,5.705798e-06,2.852899e-05,0
13435.0,13440.0,13437.5,3.415192e-06,1.707596e-05,0
13440.0,13445.0,13442.5,6.891928e-06,3.445964e-05,0
13445.0,13450.0,13447.5,6.853984e-06,3.426992e-05,0
13450.0,13455.0,13452.5,4.582866e-06,2.291433e-05,0
13455.0,13460.0,13457.5,6.8524e-06,3.4262e-05,0
13460.0,13465.0,13462.5,4.540898e-06,2.270449e-05,0
13465.0,13470.0,13467.5,1.3703772e-05,6.851886e-05,0
13470.0,13475.0,13472.5,9.146152e-06,4.573076e-05,0
13475.0,13480.0,13477.5,1.255857e-05,6.279285e-05,0
13480.0,13485.0,13482.5,1.1412958e-05,5.706479e-05,0
13485.0,13490.0,13487.5,1.030038e-05,5.15019e-05,0
13490.0,13495.0,13492.5,6.875616e-06,3.437808e-05,0
13495.0,13500.0,13497.5,1.030363e-05,5.151815e-05,0
13500.0,13505.0,13502.5,9.130036e-06,4.565018e-05,0
13505.0,13510.0,13507.5,1.140412e-05,5.70206e-05,0
13510.0,13515.0,13512.5,6.86819e-06,3.434095e-05,0
13515.0,13520.0,13517.5,1.377172e-05,6.88586e-05,0
13520.0,13525.0,13522.5,7.990386e-06,3.995193e-05,0
13525.0,13530.0,13527.5,7.997008e-06,3.998504e-05,0
13530.0,13535.0,13532.5,3.412872e-06,1.706436e-05,0
13535.0,13540.0,13537.5,7.978744e-06,3.989372e-05,0
13540.0,13545.0,13542.5,1.254354e-05,6.27177e-05,0
13545.0,13550.0,13547.5,1.3756112e-05,6.878056e-05,0
13550.0,13555.0,13552.5,9.144198e-06,4.572099e-05,0
13555.0,13560.0,13557.5,1.0290476e-05,5.145238e-05,0
13560.0,13565.0,13562.5,9.122512e-06,4.561256e-05,0
13565.0,13570.0,13567.5,1.82947e-05,9.14735e-05,0
13570.0,13575.0,13572.5,1.258681e-05,6.293405e-05,0
13575.0,13580.0,13577.5,1.025114e-05,5.12557e-05,0
13580.0,13585.0,13582.5,2.25454e-06,1.12727e-05,0
13585.0,13590.0,13587.5,9.12707e-06,4.563535e-05,0
13590.0,13595.0,13592.5,1.1440292e-05,5.720146e-05,0
13595.0,13600.0,13597.5,1.2621102e-05,6.310551e-05,0
13600.0,13605.0,13602.5,1.2618946e-05,6.309473e-05,0
13605.0,13610.0,13607.5,9.166514e-06,4.583257e-05,0
13610.0,13615.0,13612.5,8.003616e-06,4.001808e-05,0
13615.0,13620.0,13617.5,5.7337e-06,2.86685e-05,0
13620.0,13625.0,13622.5,7.991668e-06,3.995834e-05,0
13625.0,13630.0,13627.5,1.0255696e-05,5.127848e-05,0
13630.0,13635.0,13632.5,7.976698e-06,3.988349e-05,0
13635.0,13640.0,13637.5,7.976338e-06,3.988169e-05,0
13640.0,13645.0,13642.5,9.126704e-06,4.563352e-05,0
13645.0,13650.0,13647.5,8.002156e-06,4.001078e-05,0
13650.0,13655.0,13652.5,9.160418e-06,4.580209e-05,0
13655.0,13660.0,13657.5,9.157476e-06,4.578738e-05,0
13660.0,13665.0,13662.5,9.151378e-06,4.575689e-05,0
13665.0,13670.0,13667.5,1.1428508e-05,5.714254e-05,0
13670.0,13675.0,13672.5,1.1418768e-05,5.709384e-05,0
13675.0,13680.0,13677.5,1.143887e-05,5.719435e-05,0
13680.0,13685.0,13682.5,6.880048e-06,3.440024e-05,0
13685.0,13690.0,13687.5,4.560506e-06,2.280253e-05,0
13690.0,13695.0,13692.5,1.0333368e-05,5.166684e-05,0
13695.0,13700.0,13697.5,9.156338e-06,4.578169e-05,0
13700.0,13705.0,13702.5,7.989418e-06,3.994709e-05,0
13705.0,13710.0,13707.5,1.4830572e-05,7.415286e-05,0
13710.0,13715.0,13712.5,1.3721482e-05,6.860741e-05,0
13715.0,13720.0,13717.5,1.026225e-05,5.131125e-05,0
13720.0,13725.0,13722.5,6.82446e-06,3.41223e-05,0
13725.0,13730.0,13727.5,4.584382e-06,2.292191e-05,0
13730.0,13735.0,13732.5,1.0301298e-05,5.150649e-05,0
13735.0,13740.0,13737.5,6.86751e-06,3.433755e-05,0
13740.0,13745.0,13742.5,1.0286034e-05,5.143017e-05,0
13745.0,13750.0,13747.5,9.20396e-06,4.60198e-05,0
13750.0,13755.0,13752.5,1.1450606e-05,5.725303e-05,0
13755.0,13760.0,13757.5,8.01187e-06,4.005935e-05,0
13760.0,13765.0,13762.5,1.027357e-05,5.136785e-05,0
13765.0,13770.0,13767.5,8.015682e-06,4.007841e-05,0
13770.0,13775.0,13772.5,8.019862e-06,4.009931e-05,0
13775.0,13780.0,13777.5,6.872476e-06,3.436238e-05,0
13780.0,13785.0,13782.5,4.543194e-06,2.271597e-05,0
13785.0,13790.0,13787.5,6.904706e-06,3.452353e-05,0
13790.0,13795.0,13792.5,6.833198e-06,3.416599e-05,0
13795.0,13800.0,13797.5,4.558172e-06,2.279086e-05,0
13800.0,13805.0,13802.5,1.0339246e-05,5.169623e-05,0
13805.0,13810.0,13807.5,1.1446456e-05,5.723228e-05,0
13810.0,13815.0,13812.5,7.994588e-06,3.997294e-05,0
13815.0,13820.0,13817.5,9.15635e-06,4.578175e-05,0
13820.0,13825.0,13822.5,1.2517452e-05,6.258726e-05,0
13825.0,13830.0,13827.5,9.102568e-06,4.551284e-05,0
13830.0,13835.0,13832.5,6.854484e-06,3.427242e-05,0
13835.0,13840.0,13837.5,9.098324e-06,4.549162e-05,0
13840.0,13845.0,13842.5,6.869638e-06,3.434819e-05,0
13845.0,13850.0,13847.5,9.14873e-06,4.574365e-05,0
13850.0,13855.0,13852.5,5.71315e-06,2.856575e-05,0
13855.0,13860.0,13857.5,8.014776e-06,4.007388e-05,0
13860.0,13865.0,13862.5,1.2545494e-05,6.272747e-05,0
13865.0,13870.0,13867.5,1.258279e-05,6.291395e-05,0
13870.0,13875.0,13872.5,1.1422408e-05,5.711204e-05,0
13875.0,13880.0,13877.5,6.884946e-06,3.442473e-05,0
13880.0,13885.0,13882.5,7.983356e-06,3.991678e-05,0
13885.0,13890.0,13887.5,6.834962e-06,3.417481e-05,0
13890.0,13895.0,13892.5,9.168648e-06,4.584324e-05,0
13895.0,13900.0,13897.5,3.421176e-06,1.710588e-05,0
13900.0,13905.0,13902.5,8.007218e-06,4.003609e-05,0
13905.0,13910.0,13907.5,6.83238e-06,3.41619e-05,0
13910.0,13915.0,13912.5,1.7090432e-05,8.545216e-05,0
13915.0,13920.0,13917.5,2.281618e-06,1.140809e-05,0
13920.0,13925.0,13922.5,6.853074e-06,3.426537e-05,0
13925.0,13930.0,13927.5,1.0270806e-05,5.135403e-05,0
13930.0,13935.0,13932.5,7.981554e-06,3.990777e-05,0
13935.0,13940.0,13937.5,9.13533e-06,4.567665e-05,0
13940.0,13945.0,13942.5,5.728142e-06,2.864071e-05,0
13945.0,13950.0,13947.5,1.3719054e-05,6.859527e-05,0
13950.0,13955.0,13952.5,1.2650422e-05,6.325211e-05,0
13955.0,13960.0,13957.5,7.975098e-06,3.987549e-05,0
13960.0,13965.0,13962.5,1.4887418e-05,7.443709e-05,0
13965.0,13970.0,13967.5,5.697772e-06,2.848886e-05,0
13970.0,13975.0,13972.5,9.125988e-06,4.562994e-05,0
13975.0,13980.0,13977.5,9.137018e-06,4.568509e-05,0
13980.0,13985.0,13982.5,1.2578084e-05,6.289042e-05,0
13985.0,13990.0,13987.5,1.0306152e-05,5.153076e-05,0
13990.0,13995.0,13992.5,1.5948176e-05,7.974088e-05,0
13995.0,14000.0,13997.5,1.4845464e-05,7.422732e-05,0
14000.0,14005.0,14002.5,1.140026e-05,5.70013e-05,0
14005.0,14010.0,14007.5,1.1411186e-05,5.705593e-05,0
14010.0,14015.0,14012.5,8.014914e-06,4.007457e-05,0
14015.0,14020.0,14017.5,8.027028e-06,4.013514e-05,0
14020.0,14025.0,14022.5,5.693636e-06,2.846818e-05,0
14025.0,14030.0,14027.5,1.2551656e-05,6.275828e-05,0
14030.0,14035.0,14032.5,9.101842e-06,4.550921e-05,0
14035.0,14040.0,14037.5,4.579524e-06,2.289762e-05,0
14040.0,14045.0,14042.5,5.706768e-06,2.853384e-05,0
14045.0,14050.0,14047.5,6.864622e-06,3.432311e-05,0
14050.0,14055.0,14052.5,9.128644e-06,4.564322e-05,0
14055.0,14060.0,14057.5,5.719544e-06,2.859772e-05,0
14060.0,14065.0,14062.5,3.415916e-06,1.707958e-05,0
14065.0,14070.0,14067.5,1.026994e-05,5.13497e-05,0
14070.0,14075.0,14072.5,1.3660062e-05,6.830031e-05,0
14075.0,14080.0,14077.5,6.856388e-06,3.428194e-05,0
14080.0,14085.0,14082.5,4.566558e-06,2.283279e-05,0
14085.0,14090.0,14087.5,1.0219724e-05,5.109862e-05,0
14090.0,14095.0,14092.5,1.4861524e-05,7.430762e-05,0
14095.0,14100.0,14097.5,1.0259904e-05,5.129952e-05,0
14100.0,14105.0,14102.5,5.72235e-06,2.861175e-05,0
14105.0,14110.0,14107.5,6.855568e-06,3.427784e-05,0
14110.0,14115.0,14112.5,9.125304e-06,4.562652e-05,0
14115.0,14120.0,14117.5,3.394856e-06,1.697428e-05,0
14120.0,14125.0,14122.5,1.1434372e-05,5.717186e-05,0
14125.0,14130.0,14127.5,4.602398e-06,2.301199e-05,0
14130.0,14135.0,14132.5,7.965916e-06,3.982958e-05,0
14135.0,14140.0,14137.5,8.015984e-06,4.007992e-05,0
14140.0,14145.0,14142.5,9.117056e-06,4.558528e-05,0
14145.0,14150.0,14147.5,1.25555e-05,6.27775e-05,0
14150.0,14155.0,14152.5,5.7385e-06,2.86925e-05,0
14155.0,14160.0,14157.5,6.851032e-06,3.425516e-05,0
14160.0,14165.0,14162.5,1.2597628e-05,6.298814e-05,0
14165.0,14170.0,14167.5,7.955004e-06,3.977502e-05,0
14170.0,14175.0,14172.5,1.0295384e-05,5.147692e-05,0
14175.0,14180.0,14177.5,1.1388556e-05,5.694278e-05,0
14180.0,14185.0,14182.5,8.005372e-06,4.002686e-05,0
14185.0,14190.0,14187.5,5.721072e-06,2.860536e-05,0
14190.0,14195.0,14192.5,1.0270088e-05,5.135044e-05,0
14195.0,14200.0,14197.5,4.559476e-06,2.279738e-05,0
14200.0,14205.0,14202.5,1.1434698e-05,5.717349e-05,0
14205.0,14210.0,14207.5,4.561492e-06,2.280746e-05,0
14210.0,14215.0,14212.5,6.855576e-06,3.427788e-05,0
14215.0,14220.0,14217.5,1.0324192e-05,5.162096e-05,0
14220.0,14225.0,14222.5,6.8676e-06,3.4338e-05,0
14225.0,14230.0,14227.5,9.151802e-06,4.575901e-05,0
14230.0,14235.0,14232.5,8.02925e-06,4.014625e-05,0
14235.0,14240.0,14237.5,1.258556e-05,6.29278e-05,0
14240.0,14245.0,14242.5,9.166702e-06,4.583351e-05,0
14245.0,14250.0,14247.5,4.586352e-06,2.293176e-05,0
14250.0,14255.0,14252.5,9.137598e-06,4.568799e-05,0
14255.0,14260.0,14257.5,9.179092e-06,4.589546e-05,0
14260.0,14265.0,14262.5,4.595156e-06,2.297578e-05,0
14265.0,14270.0,14267.5,6.846642e-06,3.423321e-05,0
14270.0,14275.0,14272.5,9.128256e-06,4.564128e-05,0
14275.0,14280.0,14277.5,1.028662e-05,5.14331e-05,0
14280.0,14285.0,14282.5,7.980558e-06,3.990279e-05,0
14285.0,14290.0,14287.5,8.011072e-06,4.005536e-05,0
14290.0,14295.0,14292.5,1.6010042e-05,8.005021e-05,0
14295.0,14300.0,14297.5,1.2580158e-05,6.290079e-05,0
14300.0,14305.0,14302.5,1.0339934e-05,5.169967e-05,0
14305.0,14310.0,14307.5,1.1380108e-05,5.690054e-05,0
14310.0,14315.0,14312.5,9.147064e-06,4.573532e-05,0
14315.0,14320.0,14317.5,8.01791e-06,4.008955e-05,0
14320.0,14325.0,14322.5,9.181752e-06,4.590876e-05,0
14325.0,14330.0,14327.5,1.259561e-05,6.297805e-05,0
14330.0,14335.0,14332.5,4.577448e-06,2.288724e-05,0
14335.0,14340.0,14337.5,7.99885e-06,3.999425e-05,0
14340.0,14345.0,14342.5,9.157064e-06,4.578532e-05,0
14345.0,14350.0,14347.5,9.118e-06,4.559e-05,0
14350.0,14355.0,14352.5,6.88535e-06,3.442675e-05,0
14355.0,14360.0,14357.5,8.005616e-06,4.002808e-05,0
14360.0,14365.0,14362.5,1.2609394e-05,6.304697e-05,0
14365.0,14370.0,14367.5,7.998338e-06,3.999169e-05,0
14370.0,14375.0,14372.5,5.74916e-06,2.87458e-05,0
14375.0,14380.0,14377.5,9.151158e-06,4.575579e-05,0
14380.0,14385.0,14382.5,4.570202e-06,2.285101e-05,0
14385.0,14390.0,14387.5,1.367281e-05,6.836405e-05,0
14390.0,14395.0,14392.5,6.839294e-06,3.419647e-05,0
14395.0,14400.0,14397.5,6.868616e-06,3.434308e-05,0
14400.0,14405.0,14402.5,1.1464236e-05,5.732118e-05,0
14405.0,14410.0,14407.5,6.83496e-06,3.41748e-05,0
14410.0,14415.0,14412.5,1.1416852e-05,5.708426e-05,0
14415.0,14420.0,14417.5,6.875938e-06,3.437969e-05,0
14420.0,14425.0,14422.5,1.0247076e-05,5.123538e-05,0
14425.0,14430.0,14427.5,1.4869544e-05,7.434772e-05,0
14430.0,14435.0,14432.5,1.1436008e-05,5.718004e-05,0
14435.0,14440.0,14437.5,1.0245838e-05,5.122919e-05,0
14440.0,14445.0,14442.5,6.84082e-06,3.42041e-05,0
14445.0,14450.0,14447.5,1.0261212e-05,5.130606e-05,0
14450.0,14455.0,14452.5,4.557804e-06,2.278902e-05,0
14455.0,14460.0,14457.5,7.942754e-06,3.971377e-05,0
14460.0,14465.0,14462.5,9.18549e-06,4.592745e-05,0
14465.0,14470.0,14467.5,6.866506e-06,3.433253e-05,0
14470.0,14475.0,14472.5,4.584154e-06,2.292077e-05,0
14475.0,14480.0,14477.5,6.901118e-06,3.450559e-05,0
14480.0,14485.0,14482.5,1.1471892e-05,5.735946e-05,0
14485.0,14490.0,14487.5,5.69051e-06,2.845255e-05,0
14490.0,14495.0,14492.5,3.45269e-06,1.726345e-05,0
14495.0,14500.0,14497.5,6.829882e-06,3.414941e-05,0
14500.0,14505.0,14502.5,8.007742e-06,4.003871e-05,0
14505.0,14510.0,14507.5,3.429374e-06,1.714687e-05,0
14510.0,14515.0,14512.5,7.996498e-06,3.998249e-05,0
14515.0,14520.0,14517.5,8.017492e-06,4.008746e-05,0
14520.0,14525.0,14522.5,1.1427126e-05,5.713563e-05,0
14525.0,14530.0,14527.5,4.572572e-06,2.286286e-05,0
14530.0,14535.0,14532.5,7.964776e-06,3.982388e-05,0
14535.0,14540.0,14537.5,6.855158e-06,3.427579e-05,0
14540.0,14545.0,14542.5,9.125556e-06,4.562778e-05,0
14545.0,14550.0,14547.5,1.7150992e-05,8.575496e-05,0
14550.0,14555.0,14552.5,9.157744e-06,4.578872e-05,0
14555.0,14560.0,14557.5,3.397006e-06,1.698503e-05,0
14560.0,14565.0,14562.5,1.0273256e-05,5.136628e-05,0
14565.0,14570.0,14567.5,1.3696874e-05,6.848437e-05,0
14570.0,14575.0,14572.5,1.3682494e-05,6.841247e-05,0
14575.0,14580.0,14577.5,4.580682e-06,2.290341e-05,0
14580.0,14585.0,14582.5,5.759376e-06,2.879688e-05,0
14585.0,14590.0,14587.5,9.147516e-06,4.573758e-05,0
14590.0,14595.0,14592.5,8.037936e-06,4.018968e-05,0
14595.0,14600.0,14597.5,9.149286e-06,4.574643e-05,0
14600.0,14605.0,14602.5,1.2611058e-05,6.305529e-05,0
14605.0,14610.0,14607.5,1.0246148e-05,5.123074e-05,0
14610.0,14615.0,14612.5,9.166254e-06,4.583127e-05,0
14615.0,14620.0,14617.5,1.0308784e-05,5.154392e-05,0
14620.0,14625.0,14622.5,8.009886e-06,4.004943e-05,0
14625.0,14630.0,14627.5,4.548734e-06,2.274367e-05,0
14630.0,14635.0,14632.5,5.721866e-06,2.860933e-05,0
14635.0,14640.0,14637.5,3.423286e-06,1.711643e-05,0
14640.0,14645.0,14642.5,5.735992e-06,2.867996e-05,0
14645.0,14650.0,14647.5,1.1406932e-05,5.703466e-05,0
14650.0,14655.0,14652.5,1.1373118e-05,5.686559e-05,0
14655.0,14660.0,14657.5,1.2518866e-05,6.259433e-05,0
14660.0,14665.0,14662.5,8.016884e-06,4.008442e-05,0
14665.0,14670.0,14667.5,5.729244e-06,2.864622e-05,0
14670.0,14675.0,14672.5,6.852704e-06,3.426352e-05,0
14675.0,14680.0,14677.5,1.6029916e-05,8.014958e-05,0
14680.0,14685.0,14682.5,1.1454056e-05,5.727028e-05,0
14685.0,14690.0,14687.5,5.728892e-06,2.864446e-05,0
14690.0,14695.0,14692.5,6.85827e-06,3.429135e-05,0
14695.0,14700.0,14697.5,1.0282106e-05,5.141053e-05,0
14700.0,14705.0,14702.5,3.421934e-06,1.710967e-05,0
14705.0,14710.0,14707.5,9.137384e-06,4.568692e-05,0
14710.0,14715.0,14712.5,5.729112e-06,2.864556e-05,0
14715.0,14720.0,14717.5,5.73159e-06,2.865795e-05,0
14720.0,14725.0,14722.5,1.1461758e-05,5.730879e-05,0
14725.0,14730.0,14727.5,5.746362e-06,2.873181e-05,0
14730.0,14735.0,14732.5,7.982708e-06,3.991354e-05,0
14735.0,14740.0,14737.5,5.71782e-06,2.85891e-05,0
14740.0,14745.0,14742.5,1.2534042e-05,6.267021e-05,0
14745.0,14750.0,14747.5,1.0320676e-05,5.160338e-05,0
14750.0,14755.0,14752.5,7.989524e-06,3.994762e-05,0
14755.0,14760.0,14757.5,1.252606e-05,6.26303e-05,0
14760.0,14765.0,14762.5,9.1647e-06,4.58235e-05,0
14765.0,14770.0,14767.5,1.2587434e-05,6.293717e-05,0
14770.0,14775.0,14772.5,7.97994e-06,3.98997e-05,0
14775.0,14780.0,14777.5,9.133118e-06,4.566559e-05,0
14780.0,14785.0,14782.5,5.728532e-06,2.864266e-05,0
14785.0,14790.0,14787.5,6.845088e-06,3.422544e-05,0
14790.0,14795.0,14792.5,9.157558e-06,4.578779e-05,0
14795.0,14800.0,14797.5,6.842382e-06,3.421191e-05,0
14800.0,14805.0,14802.5,2.286908e-06,1.143454e-05,0
14805.0,14810.0,14807.5,6.889512e-06,3.444756e-05,0
14810.0,14815.0,14812.5,3.453282e-06,1.726641e-05,0
14815.0,14820.0,14817.5,1.0258966e-05,5.129483e-05,0
14820.0,14825.0,14822.5,3.439076e-06,1.719538e-05,0
14825.0,14830.0,14827.5,1.2567318e-05,6.283659e-05,0
14830.0,14835.0,14832.5,6.869012e-06,3.434506e-05,0
14835.0,14840.0,14837.5,5.718632e-06,2.859316e-05,0
14840.0,14845.0,14842.5,9.168632e-06,4.584316e-05,0
14845.0,14850.0,14847.5,5.743032e-06,2.871516e-05,0
14850.0,14855.0,14852.5,1.0323842e-05,5.161921e-05,0
14855.0,14860.0,14857.5,7.990524e-06,3.995262e-05,0
14860.0,14865.0,14862.5,5.730998e-06,2.865499e-05,0
14865.0,14870.0,14867.5,1.3693264e-05,6.846632e-05,0
14870.0,14875.0,14872.5,5.730312e-06,2.865156e-05,0
14875.0,14880.0,14877.5,8.005302e-06,4.002651e-05,0
14880.0,14885.0,14882.5,1.0254362e-05,5.127181e-05,0
14885.0,14890.0,14887.5,1.0258182e-05,5.129091e-05,0
14890.0,14895.0,14892.5,8.016746e-06,4.008373e-05,0
14895.0,14900.0,14897.5,8.04224e-06,4.02112e-05,0
14900.0,14905.0,14902.5,7.992994e-06,3.996497e-05,0
14905.0,14910.0,14907.5,9.130842e-06,4.565421e-05,0
14910.0,14915.0,14912.5,6.832944e-06,3.416472e-05,0
14915.0,14920.0,14917.5,1.0270926e-05,5.135463e-05,0
14920.0,14925.0,14922.5,5.707984e-06,2.853992e-05,0
14925.0,14930.0,14927.5,1.2569552e-05,6.284776e-05,0
14930.0,14935.0,14932.5,1.0267602e-05,5.133801e-05,0
14935.0,14940.0,14937.5,2.28394e-06,1.14197e-05,0
14940.0,14945.0,14942.5,1.0238842e-05,5.119421e-05,0
14945.0,14950.0,14947.5,9.13995e-06,4.569975e-05,0
14950.0,14955.0,14952.5,7.994174e-06,3.997087e-05,0
14955.0,14960.0,14957.5,3.436334e-06,1.718167e-05,0
14960.0,14965.0,14962.5,9.134186e-06,4.567093e-05,0
14965.0,14970.0,14967.5,4.587716e-06,2.293858e-05,0
14970.0,14975.0,14972.5,6.862602e-06,3.431301e-05,0
14975.0,14980.0,14977.5,5.727274e-06,2.863637e-05,0
14980.0,14985.0,14982.5,1.1408554e-05,5.704277e-05,0
14985.0,14990.0,14987.5,4.5858e-06,2.2929e-05,0
14990.0,14995.0,14992.5,1.029122e-05,5.14561e-05,0
14995.0,15000.0,14997.5,2.293908e-06,1.146954e-05,0
15000.0,15005.0,15002.5,5.726532e-06,2.863266e-05,0
15005.0,15010.0,15007.5,5.708632e-06,2.854316e-05,0
15010.0,15015.0,15012.5,3.408162e-06,1.704081e-05,0
15015.0,15020.0,15017.5,2.279736e-06,1.139868e-05,0
15020.0,15025.0,15022.5,5.718502e-06,2.859251e-05,0
15025.0,15030.0,15027.5,7.989988e-06,3.994994e-05,0
15030.0,15035.0,15032.5,7.95621e-06,3.978105e-05,0
15035.0,15040.0,15037.5,1.4875874e-05,7.437937e-05,0
15040.0,15045.0,15042.5,6.839886e-06,3.419943e-05,0
15045.0,15050.0,15047.5,8.00132e-06,4.00066e-05,0
15050.0,15055.0,15052.5,2.289816e-06,1.144908e-05,0
15055.0,15060.0,15057.5,3.426406e-06,1.713203e-05,0
15060.0,15065.0,15062.5,9.141994e-06,4.570997e-05,0
15065.0,15070.0,15067.5,8.043006e-06,4.021503e-05,0
15070.0,15075.0,15072.5,1.2597914e-05,6.298957e-05,0
15075.0,15080.0,15077.5,5.71755e-06,2.858775e-05,0
15080.0,15085.0,15082.5,4.604826e-06,2.302413e-05,0
15085.0,15090.0,15087.5,1.1416152e-05,5.708076e-05,0
15090.0,15095.0,15092.5,6.882444e-06,3.441222e-05,0
15095.0,15100.0,15097.5,1.3693232e-05,6.846616e-05,0
15100.0,15105.0,15102.5,9.134534e-06,4.567267e-05,0
15105.0,15110.0,15107.5,6.83182e-06,3.41591e-05,0
15110.0,15115.0,15112.5,9.14252e-06,4.57126e-05,0
15115.0,15120.0,15117.5,1.485305e-05,7.426525e-05,0
15120.0,15125.0,15122.5,1.0267836e-05,5.133918e-05,0
15125.0,15130.0,15127.5,4.594598e-06,2.297299e-05,0
15130.0,15135.0,15132.5,5.747706e-06,2.873853e-05,0
15135.0,15140.0,15137.5,6.82479e-06,3.412395e-05,0
15140.0,15145.0,15142.5,1.1457136e-05,5.728568e-05,0
15145.0,15150.0,15147.5,9.146476e-06,4.573238e-05,0
15150.0,15155.0,15152.5,9.157906e-06,4.578953e-05,0
15155.0,15160.0,15157.5,9.12995e-06,4.564975e-05,0
15160.0,15165.0,15162.5,1.4877762e-05,7.438881e-05,0
15165.0,15170.0,15167.5,3.44828e-06,1.72414e-05,0
15170.0,15175.0,15172.5,8.03723e-06,4.018615e-05,0
15175.0,15180.0,15177.5,6.853294e-06,3.426647e-05,0
15180.0,15185.0,15182.5,7.979918e-06,3.989959e-05,0
15185.0,15190.0,15187.5,5.719912e-06,2.859956e-05,0
15190.0,15195.0,15192.5,5.738244e-06,2.869122e-05,0
15195.0,15200.0,15197.5,1.031547e-05,5.157735e-05,0
15200.0,15205.0,15202.5,1.1429318e-05,5.714659e-05,0
15205.0,15210.0,15207.5,8.035854e-06,4.017927e-05,0
15210.0,15215.0,15212.5,1.1481302e-05,5.740651e-05,0
15215.0,15220.0,15217.5,1.4795298e-05,7.397649e-05,0
15220.0,15225.0,15222.5,6.890248e-06,3.445124e-05,0
15225.0,15230.0,15227.5,5.736768e-06,2.868384e-05,0
15230.0,15235.0,15232.5,6.834098e-06,3.417049e-05,0
15235.0,15240.0,15237.5,6.83872e-06,3.41936e-05,0
15240.0,15245.0,15242.5,9.12199e-06,4.560995e-05,0
15245.0,15250.0,15247.5,4.552304e-06,2.276152e-05,0
15250.0,15255.0,15252.5,5.745204e-06,2.872602e-05,0
15255.0,15260.0,15257.5,1.029819e-05,5.149095e-05,0
15260.0,15265.0,15262.5,4.57071e-06,2.285355e-05,0
15265.0,15270.0,15267.5,9.123878e-06,4.561939e-05,0
15270.0,15275.0,15272.5,7.984706e-06,3.992353e-05,0
15275.0,15280.0,15277.5,8.001188e-06,4.000594e-05,0
15280.0,15285.0,15282.5,5.730754e-06,2.865377e-05,0
15285.0,15290.0,15287.5,8.012724e-06,4.006362e-05,0
15290.0,15295.0,15292.5,8.006308e-06,4.003154e-05,0
15295.0,15300.0,15297.5,5.688214e-06,2.844107e-05,0
15300.0,15305.0,15302.5,1.375376e-05,6.87688e-05,0
15305.0,15310.0,15307.5,5.721866e-06,2.860933e-05,0
15310.0,15315.0,15312.5,8.031442e-06,4.015721e-05,0
15315.0,15320.0,15317.5,1.3720876e-05,6.860438e-05,0
15320.0,15325.0,15322.5,7.995624e-06,3.997812e-05,0
15325.0,15330.0,15327.5,5.680734e-06,2.840367e-05,0
15330.0,15335.0,15332.5,5.738174e-06,2.869087e-05,0
15335.0,15340.0,15337.5,4.579558e-06,2.289779e-05,0
15340.0,15345.0,15342.5,3.432256e-06,1.716128e-05,0
15345.0,15350.0,15347.5,7.959382e-06,3.979691e-05,0
15350.0,15355.0,15352.5,7.963082e-06,3.981541e-05,0
15355.0,15360.0,15357.5,6.841996e-06,3.420998e-05,0
15360.0,15365.0,15362.5,1.2584186e-05,6.292093e-05,0
15365.0,15370.0,15367.5,9.146708e-06,4.573354e-05,0
15370.0,15375.0,15372.5,1.031434e-05,5.15717e-05,0
15375.0,15380.0,15377.5,7.966342e-06,3.983171e-05,0
15380.0,15385.0,15382.5,1.133144e-06,5.66572e-06,0
15385.0,15390.0,15387.5,8.044948e-06,4.022474e-05,0
15390.0,15395.0,15392.5,2.28494e-06,1.14247e-05,0
15395.0,15400.0,15397.5,6.873966e-06,3.436983e-05,0
15400.0,15405.0,15402.5,3.407728e-06,1.703864e-05,0
15405.0,15410.0,15407.5,6.866378e-06,3.433189e-05,0
15410.0,15415.0,15412.5,5.729256e-06,2.864628e-05,0
15415.0,15420.0,15417.5,3.413596e-06,1.706798e-05,0
15420.0,15425.0,15422.5,4.560708e-06,2.280354e-05,0
15425.0,15430.0,15427.5,7.989238e-06,3.994619e-05,0
15430.0,15435.0,15432.5,6.868058e-06,3.434029e-05,0
15435.0,15440.0,15437.5,6.853418e-06,3.426709e-05,0
15440.0,15445.0,15442.5,5.71362e-06,2.85681e-05,0
15445.0,15450.0,15447.5,4.577882e-06,2.288941e-05,0
15450.0,15455.0,15452.5,1.1413024e-05,5.706512e-05,0
15455.0,15460.0,15457.5,1.369092e-05,6.84546e-05,0
15460.0,15465.0,15462.5,5.689786e-06,2.844893e-05,0
15465.0,15470.0,15467.5,6.861576e-06,3.430788e-05,0
15470.0,15475.0,15472.5,1.0307902e-05,5.153951e-05,0
15475.0,15480.0,15477.5,2.289816e-06,1.144908e-05,0
15480.0,15485.0,15482.5,5.722072e-06,2.861036e-05,0
15485.0,15490.0,15487.5,3.433022e-06,1.716511e-05,0
15490.0,15495.0,15492.5,3.453414e-06,1.726707e-05,0
15495.0,15500.0,15497.5,4.575348e-06,2.287674e-05,0
15500.0,15505.0,15502.5,5.697216e-06,2.848608e-05,0
15505.0,15510.0,15507.5,5.717164e-06,2.858582e-05,0
15510.0,15515.0,15512.5,3.431532e-06,1.715766e-05,0
15515.0,15520.0,15517.5,7.9912e-06,3.9956e-05,0
15520.0,15525.0,15522.5,6.85926e-06,3.42963e-05,0
15525.0,15530.0,15527.5,4.56562e-06,2.28281e-05,0
15530.0,15535.0,15532.5,4.576826e-06,2.288413e-05,0
15535.0,15540.0,15537.5,1.0307714e-05,5.153857e-05,0
15540.0,15545.0,15542.5,3.41705e-06,1.708525e-05,0
15545.0,15550.0,15547.5,1.2583112e-05,6.291556e-05,0
15550.0,15555.0,15552.5,5.728006e-06,2.864003e-05,0
15555.0,15560.0,15557.5,2.303988e-06,1.151994e-05,0
15560.0,15565.0,15562.5,9.13698e-06,4.56849e-05,0
15565.0,15570.0,15567.5,7.965346e-06,3.982673e-05,0
15570.0,15575.0,15572.5,4.57272e-06,2.28636e-05,0
15575.0,15580.0,15577.5,1.1436668e-05,5.718334e-05,0
15580.0,15585.0,15582.5,1.029122e-05,5.14561e-05,0
15585.0,15590.0,15587.5,5.7283e-06,2.86415e-05,0
15590.0,15595.0,15592.5,4.57491e-06,2.287455e-05,0
15595.0,15600.0,15597.5,9.155114e-06,4.577557e-05,0
15600.0,15605.0,15602.5,6.840418e-06,3.420209e-05,0
15605.0,15610.0,15607.5,1.5999564e-05,7.999782e-05,0
15610.0,15615.0,15612.5,5.70606e-06,2.85303e-05,0
15615.0,15620.0,15617.5,5.677294e-06,2.838647e-05,0
15620.0,15625.0,15622.5,3.43978e-06,1.71989e-05,0
15625.0,15630.0,15627.5,5.689496e-06,2.844748e-05,0
15630.0,15635.0,15632.5,4.56289e-06,2.281445e-05,0
15635.0,15640.0,15637.5,6.865768e-06,3.432884e-05,0
15640.0,15645.0,15642.5,5.734094e-06,2.867047e-05,0
15645.0,15650.0,15647.5,6.866238e-06,3.433119e-05,0
15650.0,15655.0,15652.5,9.13307e-06,4.566535e-05,0
15655.0,15660.0,15657.5,5.728874e-06,2.864437e-05,0
15660.0,15665.0,15662.5,6.888212e-06,3.444106e-05,0
15665.0,15670.0,15667.5,6.876568e-06,3.438284e-05,0
15670.0,15675.0,15672.5,5.684526e-06,2.842263e-05,0
15675.0,15680.0,15677.5,7.97358e-06,3.98679e-05,0
15680.0,15685.0,15682.5,8.009532e-06,4.004766e-05,0
15685.0,15690.0,15687.5,5.710992e-06,2.855496e-05,0
15690.0,15695.0,15692.5,3.44573e-06,1.722865e-05,0
15695.0,15700.0,15697.5,1.3708754e-05,6.854377e-05,0
15700.0,15705.0,15702.5,6.84522e-06,3.42261e-05,0
15705.0,15710.0,15707.5,5.707892e-06,2.853946e-05,0
15710.0,15715.0,15712.5,6.86448e-06,3.43224e-05,0
15715.0,15720.0,15717.5,6.831448e-06,3.415724e-05,0
15720.0,15725.0,15722.5,7.980482e-06,3.990241e-05,0
15725.0,15730.0,15727.5,6.824812e-06,3.412406e-05,0
15730.0,15735.0,15732.5,4.565558e-06,2.282779e-05,0
15735.0,15740.0,15737.5,4.594746e-06,2.297373e-05,0
15740.0,15745.0,15742.5,8.00451e-06,4.002255e-05,0
15745.0,15750.0,15747.5,9.166218e-06,4.583109e-05,0
15750.0,15755.0,15752.5,1.6022214e-05,8.011107e-05,0
15755.0,15760.0,15757.5,8.002906e-06,4.001453e-05,0
15760.0,15765.0,15762.5,9.114062e-06,4.557031e-05,0
15765.0,15770.0,15767.5,1.133144e-06,5.66572e-06,0
15770.0,15775.0,15772.5,5.706142e-06,2.853071e-05,0
15775.0,15780.0,15777.5,6.862362e-06,3.431181e-05,0
15780.0,15785.0,15782.5,2.283728e-06,1.141864e-05,0
15785.0,15790.0,15787.5,5.726172e-06,2.863086e-05,0
15790.0,15795.0,15792.5,2.289058e-06,1.144529e-05,0
15795.0,15800.0,15797.5,7.986796e-06,3.993398e-05,0
15800.0,15805.0,15802.5,1.0297386e-05,5.148693e-05,0
15805.0,15810.0,15807.5,4.55312e-06,2.27656e-05,0
15810.0,15815.0,15812.5,8.000844e-06,4.000422e-05,0
15815.0,15820.0,15817.5,7.983218e-06,3.991609e-05,0
15820.0,15825.0,15822.5,5.694728e-06,2.847364e-05,0
15825.0,15830.0,15827.5,5.674442e-06,2.837221e-05,0
15830.0,15835.0,15832.5,4.5868e-06,2.2934e-05,0
15835.0,15840.0,15837.5,5.734116e-06,2.867058e-05,0
15840.0,15845.0,15842.5,8.008406e-06,4.004203e-05,0
15845.0,15850.0,15847.5,1.0246128e-05,5.123064e-05,0
15850.0,15855.0,15852.5,4.586992e-06,2.293496e-05,0
15855.0,15860.0,15857.5,3.435646e-06,1.717823e-05,0
15860.0,15865.0,15862.5,3.455252e-06,1.727626e-05,0
15865.0,15870.0,15867.5,5.691944e-06,2.845972e-05,0
15870.0,15875.0,15872.5,3.401132e-06,1.700566e-05,0
15875.0,15880.0,15877.5,4.568668e-06,2.284334e-05,0
15880.0,15885.0,15882.5,6.87107e-06,3.435535e-05,0
15885.0,15890.0,15887.5,9.167012e-06,4.583506e-05,0
15890.0,15895.0,15892.5,7.998856e-06,3.999428e-05,0
15895.0,15900.0,15897.5,9.12697e-06,4.563485e-05,0
15900.0,15905.0,15902.5,5.728274e-06,2.864137e-05,0
15905.0,15910.0,15907.5,5.743072e-06,2.871536e-05,0
15910.0,15915.0,15912.5,1.0296116e-05,5.148058e-05,0
15915.0,15920.0,15917.5,4.544322e-06,2.272161e-05,0
15920.0,15925.0,15922.5,7.997698e-06,3.998849e-05,0
15925.0,15930.0,15927.5,6.852466e-06,3.426233e-05,0
15930.0,15935.0,15932.5,9.161618e-06,4.580809e-05,0
15935.0,15940.0,15937.5,3.407004e-06,1.703502e-05,0
15940.0,15945.0,15942.5,9.118568e-06,4.559284e-05,0
15945.0,15950.0,15947.5,2.279736e-06,1.139868e-05,0
15950.0,15955.0,15952.5,5.70378e-06,2.85189e-05,0
15955.0,15960.0,15957.5,8.017822e-06,4.008911e-05,0
15960.0,15965.0,15962.5,6.839804e-06,3.419902e-05,0
15965.0,15970.0,15967.5,7.983436e-06,3.991718e-05,0
15970.0,15975.0,15972.5,5.713068e-06,2.856534e-05,0
15975.0,15980.0,15977.5,5.713102e-06,2.856551e-05,0
15980.0,15985.0,15982.5,5.738096e-06,2.869048e-05,0
15985.0,15990.0,15987.5,6.895312e-06,3.447656e-05,0
15990.0,15995.0,15992.5,1.133144e-06,5.66572e-06,0
15995.0,16000.0,15997.5,9.101796e-06,4.550898e-05,0
16000.0,16005.0,16002.5,1.1385196e-05,5.692598e-05,0
16005.0,16010.0,16007.5,5.721062e-06,2.860531e-05,0
16010.0,16015.0,16012.5,8.018938e-06,4.009469e-05,0
16015.0,16020.0,16017.5,8.00853e-06,4.004265e-05,0
16020.0,16025.0,16022.5,2.283728e-06,1.141864e-05,0
16025.0,16030.0,16027.5,5.737756e-06,2.868878e-05,0
16030.0,16035.0,16032.5,7.986554e-06,3.993277e-05,0
16035.0,16040.0,16037.5,9.129774e-06,4.564887e-05,0
16040.0,16045.0,16042.5,6.861444e-06,3.430722e-05,0
16045.0,16050.0,16047.5,4.536978e-06,2.268489e-05,0
16050.0,16055.0,16052.5,2.29872e-06,1.14936e-05,0
16055.0,16060.0,16057.5,4.57244e-06,2.28622e-05,0
16060.0,16065.0,16062.5,7.94903e-06,3.974515e-05,0
16065.0,16070.0,16067.5,3.402878e-06,1.701439e-05,0
16070.0,16075.0,16072.5,4.567048e-06,2.283524e-05,0
16075.0,16080.0,16077.5,6.866658e-06,3.433329e-05,0
16080.0,16085.0,16082.5,4.578874e-06,2.289437e-05,0
16085.0,16090.0,16087.5,6.870748e-06,3.435374e-05,0
16090.0,16095.0,16092.5,3.445896e-06,1.722948e-05,0
16095.0,16100.0,16097.5,3.409912e-06,1.704956e-05,0
16100.0,16105.0,16102.5,4.524266e-06,2.262133e-05,0
16105.0,16110.0,16107.5,9.15986e-06,4.57993e-05,0
16110.0,16115.0,16112.5,3.441326e-06,1.720663e-05,0
16115.0,16120.0,16117.5,9.195618e-06,4.597809e-05,0
16120.0,16125.0,16122.5,7.989428e-06,3.994714e-05,0
16125.0,16130.0,16127.5,4.572998e-06,2.286499e-05,0
16130.0,16135.0,16132.5,3.433234e-06,1.716617e-05,0
16135.0,16140.0,16137.5,1.0278586e-05,5.139293e-05,0
16140.0,16145.0,16142.5,1.1428522e-05,5.714261e-05,0
16145.0,16150.0,16147.5,3.429934e-06,1.714967e-05,0
16150.0,16155.0,16152.5,1.035017e-05,5.175085e-05,0
16155.0,16160.0,16157.5,5.717032e-06,2.858516e-05,0
16160.0,16165.0,16162.5,4.603122e-06,2.301561e-05,0
16165.0,16170.0,16167.5,1.0300462e-05,5.150231e-05,0
16170.0,16175.0,16172.5,1.25404e-05,6.2702e-05,0
16175.0,16180.0,16177.5,3.432076e-06,1.716038e-05,0
16180.0,16185.0,16182.5,5.711732e-06,2.855866e-05,0
16185.0,16190.0,16187.5,2.27386e-06,1.13693e-05,0
16190.0,16195.0,16192.5,4.53711e-06,2.268555e-05,0
16195.0,16200.0,16197.5,2.299138e-06,1.149569e-05,0
16200.0,16205.0,16202.5,1.3702916e-05,6.851458e-05,0
16205.0,16210.0,16207.5,6.874478e-06,3.437239e-05,0
16210.0,16215.0,16212.5,4.594746e-06,2.297373e-05,0
16215.0,16220.0,16217.5,1.140782e-05,5.70391e-05,0
16220.0,16225.0,16222.5,5.726922e-06,2.863461e-05,0
16225.0,16230.0,16227.5,8.01081e-06,4.005405e-05,0
16230.0,16235.0,16232.5,4.5872e-06,2.2936e-05,0
16235.0,16240.0,16237.5,6.83872e-06,3.41936e-05,0
16240.0,16245.0,16242.5,9.146758e-06,4.573379e-05,0
16245.0,16250.0,16247.5,1.3697404e-05,6.848702e-05,0
16250.0,16255.0,16252.5,6.84089e-06,3.420445e-05,0
16255.0,16260.0,16257.5,4.592628e-06,2.296314e-05,0
16260.0,16265.0,16262.5,5.709792e-06,2.854896e-05,0
16265.0,16270.0,16267.5,8.01896e-06,4.00948e-05,0
16270.0,16275.0,16272.5,4.56522e-06,2.28261e-05,0
16275.0,16280.0,16277.5,1.142372e-05,5.71186e-05,0
16280.0,16285.0,16282.5,5.695794e-06,2.847897e-05,0
16285.0,16290.0,16287.5,7.987554e-06,3.993777e-05,0
16290.0,16295.0,16292.5,4.56289e-06,2.281445e-05,0
16295.0,16300.0,16297.5,1.0291482e-05,5.145741e-05,0
16300.0,16305.0,16302.5,2.28257e-06,1.141285e-05,0
16305.0,16310.0,16307.5,1.0331534e-05,5.165767e-05,0
16310.0,16315.0,16312.5,2.282438e-06,1.141219e-05,0
16315.0,16320.0,16317.5,5.731002e-06,2.865501e-05,0
16320.0,16325.0,16322.5,6.799884e-06,3.399942e-05,0
16325.0,16330.0,16327.5,3.41916e-06,1.70958e-05,0
16330.0,16335.0,16332.5,7.985124e-06,3.992562e-05,0
16335.0,16340.0,16337.5,2.27386e-06,1.13693e-05,0
16340.0,16345.0,16342.5,3.462634e-06,1.731317e-05,0
16345.0,16350.0,16347.5,5.733882e-06,2.866941e-05,0
16350.0,16355.0,16352.5,6.86809e-06,3.434045e-05,0
16355.0,16360.0,16357.5,7.966136e-06,3.983068e-05,0
16360.0,16365.0,16362.5,6.85002e-06,3.42501e-05,0
16365.0,16370.0,16367.5,1.1421954e-05,5.710977e-05,0
16370.0,16375.0,16372.5,6.843118e-06,3.421559e-05,0
16375.0,16380.0,16377.5,2.267584e-06,1.133792e-05,0
16380.0,16385.0,16382.5,5.710786e-06,2.855393e-05,0
16385.0,16390.0,16387.5,3.427052e-06,1.713526e-05,0
16390.0,16395.0,16392.5,1.146653e-05,5.733265e-05,0
16395.0,16400.0,16397.5,7.96778e-06,3.98389e-05,0
16400.0,16405.0,16402.5,4.557366e-06,2.278683e-05,0
16405.0,16410.0,16407.5,4.586492e-06,2.293246e-05,0
16410.0,16415.0,16412.5,3.442606e-06,1.721303e-05,0
16415.0,16420.0,16417.5,4.578668e-06,2.289334e-05,0
16420.0,16425.0,16422.5,5.682606e-06,2.841303e-05,0
16425.0,16430.0,16427.5,6.83182e-06,3.41591e-05,0
16430.0,16435.0,16432.5,3.409912e-06,1.704956e-05,0
16435.0,16440.0,16437.5,5.704716e-06,2.852358e-05,0
16440.0,16445.0,16442.5,5.701984e-06,2.850992e-05,0
16445.0,16450.0,16447.5,5.677294e-06,2.838647e-05,0
16450.0,16455.0,16452.5,6.856524e-06,3.428262e-05,0
16455.0,16460.0,16457.5,5.722086e-06,2.861043e-05,0
16460.0,16465.0,16462.5,5.69984e-06,2.84992e-05,0
16465.0,16470.0,16467.5,1.0336508e-05,5.168254e-05,0
16470.0,16475.0,16472.5,5.718026e-06,2.859013e-05,0
16475.0,16480.0,16477.5,4.597858e-06,2.298929e-05,0
16480.0,16485.0,16482.5,6.851522e-06,3.425761e-05,0
16485.0,16490.0,16487.5,6.841238e-06,3.420619e-05,0
16490.0,16495.0,16492.5,3.423878e-06,1.711939e-05,0
16495.0,16500.0,16497.5,5.700054e-06,2.850027e-05,0
16500.0,16505.0,16502.5,2.276694e-06,1.138347e-05,0
16505.0,16510.0,16507.5,9.084414e-06,4.542207e-05,0
16510.0,16515.0,16512.5,3.424256e-06,1.712128e-05,0
16515.0,16520.0,16517.5,9.11503e-06,4.557515e-05,0
16520.0,16525.0,16522.5,9.108032e-06,4.554016e-05,0
16525.0,16530.0,16527.5,6.882858e-06,3.441429e-05,0
16530.0,16535.0,16532.5,4.568454e-06,2.284227e-05,0
16535.0,16540.0,16537.5,3.408746e-06,1.704373e-05,0
16540.0,16545.0,16542.5,5.711992e-06,2.855996e-05,0
16545.0,16550.0,16547.5,6.859656e-06,3.429828e-05,0
16550.0,16555.0,16552.5,2.276768e-06,1.138384e-05,0
16555.0,16560.0,16557.5,4.572786e-06,2.286393e-05,0
16560.0,16565.0,16562.5,5.725044e-06,2.862522e-05,0
16565.0,16570.0,16567.5,5.72235e-06,2.861175e-05,0
16570.0,16575.0,16572.5,3.455806e-06,1.727903e-05,0
16575.0,16580.0,16577.5,5.700856e-06,2.850428e-05,0
16580.0,16585.0,16582.5,4.559524e-06,2.279762e-05,0
16585.0,16590.0,16587.5,1.1437934e-05,5.718967e-05,0
16590.0,16595.0,16592.5,5.747906e-06,2.873953e-05,0
16595.0,16600.0,16597.5,5.670114e-06,2.835057e-05,0
16600.0,16605.0,16602.5,2.27561e-06,1.137805e-05,0
16605.0,16610.0,16607.5,5.74037e-06,2.870185e-05,0
16610.0,16615.0,16612.5,5.673692e-06,2.836846e-05,0
16615.0,16620.0,16617.5,2.269734e-06,1.134867e-05,0
16620.0,16625.0,16622.5,4.592628e-06,2.296314e-05,0
16625.0,16630.0,16627.5,3.436408e-06,1.718204e-05,0
16630.0,16635.0,16632.5,2.281618e-06,1.140809e-05,0
16640.0,16645.0,16642.5,4.582996e-06,2.291498e-05,0
16645.0,16650.0,16647.5,1.0292676e-05,5.146338e-05,0
16650.0,16655.0,16652.5,9.176722e-06,4.588361e-05,0
16655.0,16660.0,16657.5,5.7289e-06,2.86445e-05,0
16660.0,16665.0,16662.5,8.010788e-06,4.005394e-05,0
16665.0,16670.0,16667.5,6.861418e-06,3.430709e-05,0
16670.0,16675.0,16672.5,7.989662e-06,3.994831e-05,0
16675.0,16680.0,16677.5,8.027012e-06,4.013506e-05,0
16680.0,16685.0,16682.5,5.740322e-06,2.870161e-05,0
16685.0,16690.0,16687.5,4.531308e-06,2.265654e-05,0
16690.0,16695.0,16692.5,3.451312e-06,1.725656e-05,0
16695.0,16700.0,16697.5,1.145753e-05,5.728765e-05,0
16700.0,16705.0,16702.5,4.599278e-06,2.299639e-05,0
16705.0,16710.0,16707.5,8.011642e-06,4.005821e-05,0
16710.0,16715.0,16712.5,3.437132e-06,1.718566e-05,0
16715.0,16720.0,16717.5,5.739402e-06,2.869701e-05,0
16720.0,16725.0,16722.5,3.446176e-06,1.723088e-05,0
16725.0,16730.0,16727.5,1.2553794e-05,6.276897e-05,0
16730.0,16735.0,16732.5,4.53711e-06,2.268555e-05,0
16735.0,16740.0,16737.5,1.133144e-06,5.66572e-06,0
16740.0,16745.0,16742.5,4.565558e-06,2.282779e-05,0
16745.0,16750.0,16747.5,5.706866e-06,2.853433e-05,0
16750.0,16755.0,16752.5,1.0228936e-05,5.114468e-05,0
16755.0,16760.0,16757.5,3.441612e-06,1.720806e-05,0
16760.0,16765.0,16762.5,6.896858e-06,3.448429e-05,0
16765.0,16770.0,16767.5,5.71577e-06,2.857885e-05,0
16770.0,16775.0,16772.5,2.290974e-06,1.145487e-05,0
16775.0,16780.0,16777.5,4.587924e-06,2.293962e-05,0
16785.0,16790.0,16787.5,7.996386e-06,3.998193e-05,0
16790.0,16795.0,16792.5,6.865204e-06,3.432602e-05,0
16795.0,16800.0,16797.5,6.841764e-06,3.420882e-05,0
16800.0,16805.0,16802.5,2.28394e-06,1.14197e-05,0
16805.0,16810.0,16807.5,6.875636e-06,3.437818e-05,0
16810.0,16815.0,16812.5,6.809878e-06,3.404939e-05,0
16815.0,16820.0,16817.5,6.870554e-06,3.435277e-05,0
16820.0,16825.0,16822.5,1.147316e-06,5.73658e-06,0
16825.0,16830.0,16827.5,6.863256e-06,3.431628e-05,0
16830.0,16835.0,16832.5,3.425848e-06,1.712924e-05,0
16835.0,16840.0,16837.5,1.0311432e-05,5.155716e-05,0
16840.0,16845.0,16842.5,7.963636e-06,3.981818e-05,0
16845.0,16850.0,16847.5,3.452558e-06,1.726279e-05,0
16850.0,16855.0,16852.5,4.595024e-06,2.297512e-05,0
16855.0,16860.0,16857.5,5.712882e-06,2.856441e-05,0
16860.0,16865.0,16862.5,3.440268e-06,1.720134e-05,0
16865.0,16870.0,16867.5,5.728274e-06,2.864137e-05,0
16870.0,16875.0,16872.5,4.54221e-06,2.271105e-05,0
16875.0,16880.0,16877.5,4.597904e-06,2.298952e-05,0
16880.0,16885.0,16882.5,2.267446e-06,1.133723e-05,0
16885.0,16890.0,16887.5,4.590746e-06,2.295373e-05,0
16890.0,16895.0,16892.5,4.585072e-06,2.292536e-05,0
16895.0,16900.0,16897.5,3.439076e-06,1.719538e-05,0
16900.0,16905.0,16902.5,2.287632e-06,1.143816e-05,0
16905.0,16910.0,16907.5,1.0228112e-05,5.114056e-05,0
16910.0,16915.0,16912.5,1.0314044e-05,5.157022e-05,0
16915.0,16920.0,16917.5,9.170708e-06,4.585354e-05,0
16920.0,16925.0,16922.5,9.182796e-06,4.591398e-05,0
16925.0,16930.0,16927.5,5.714776e-06,2.857388e-05,0
16930.0,16935.0,16932.5,5.701598e-06,2.850799e-05,0
16935.0,16940.0,16937.5,3.441186e-06,1.720593e-05,0
16940.0,16945.0,16942.5,9.121628e-06,4.560814e-05,0
16945.0,16950.0,16947.5,7.964658e-06,3.982329e-05,0
16950.0,16955.0,16952.5,9.16455e-06,4.582275e-05,0
16955.0,16960.0,16957.5,9.185108e-06,4.592554e-05,0
16960.0,16965.0,16962.5,7.988848e-06,3.994424e-05,0
16965.0,16970.0,16967.5,1.0313814e-05,5.156907e-05,0
16970.0,16975.0,16972.5,4.568526e-06,2.284263e-05,0
16975.0,16980.0,16977.5,5.69763e-06,2.848815e-05,0
16980.0,16985.0,16982.5,2.296018e-06,1.148009e-05,0
16985.0,16990.0,16987.5,3.42401e-06,1.712005e-05,0
16990.0,16995.0,16992.5,6.857276e-06,3.428638e-05,0
16995.0,17000.0,16997.5,6.831018e-06,3.415509e-05,0
17000.0,17005.0,17002.5,1.147316e-06,5.73658e-06,0
17005.0,17010.0,17007.5,2.29872e-06,1.14936e-05,0
17010.0,17015.0,17012.5,6.88578e-06,3.44289e-05,0
17015.0,17020.0,17017.5,5.721068e-06,2.860534e-05,0
17020.0,17025.0,17022.5,3.462766e-06,1.731383e-05,0
17025.0,17030.0,17027.5,6.878178e-06,3.439089e-05,0
17030.0,17035.0,17032.5,4.587584e-06,2.293792e-05,0
17035.0,17040.0,17037.5,7.994694e-06,3.997347e-05,0
17040.0,17045.0,17042.5,4.597858e-06,2.298929e-05,0
17045.0,17050.0,17047.5,5.71719e-06,2.858595e-05,0
17050.0,17055.0,17052.5,4.601984e-06,2.300992e-05,0
17055.0,17060.0,17057.5,2.28046e-06,1.14023e-05,0
17060.0,17065.0,17062.5,8.014738e-06,4.007369e-05,0
17065.0,17070.0,17067.5,4.588642e-06,2.294321e-05,0
17070.0,17075.0,17072.5,8.013192e-06,4.006596e-05,0
17075.0,17080.0,17077.5,1.3707806e-05,6.853903e-05,0
17080.0,17085.0,17082.5,1.0353528e-05,5.176764e-05,0
17085.0,17090.0,17087.5,1.0280068e-05,5.140034e-05,0
17090.0,17095.0,17092.5,4.58352e-06,2.29176e-05,0
17095.0,17100.0,17097.5,6.875506e-06,3.437753e-05,0
17100.0,17105.0,17102.5,9.122172e-06,4.561086e-05,0
17105.0,17110.0,17107.5,3.423878e-06,1.711939e-05,0
17110.0,17115.0,17112.5,4.590472e-06,2.295236e-05,0
17115.0,17120.0,17117.5,7.963082e-06,3.981541e-05,0
17120.0,17125.0,17122.5,1.0245248e-05,5.122624e-05,0
17125.0,17130.0,17127.5,7.998576e-06,3.999288e-05,0
17130.0,17135.0,17132.5,3.431864e-06,1.715932e-05,0
17135.0,17140.0,17137.5,3.409912e-06,1.704956e-05,0
17140.0,17145.0,17142.5,8.02474e-06,4.01237e-05,0
17145.0,17150.0,17147.5,9.10177e-06,4.550885e-05,0
17150.0,17155.0,17152.5,6.85748e-06,3.42874e-05,0
17155.0,17160.0,17157.5,3.408162e-06,1.704081e-05,0
17160.0,17165.0,17162.5,4.594872e-06,2.297436e-05,0
17165.0,17170.0,17167.5,9.133344e-06,4.566672e-05,0
17170.0,17175.0,17172.5,9.173634e-06,4.586817e-05,0
17175.0,17180.0,17177.5,6.832276e-06,3.416138e-05,0
17180.0,17185.0,17182.5,3.423286e-06,1.711643e-05,0
17185.0,17190.0,17187.5,4.559338e-06,2.279669e-05,0
17190.0,17195.0,17192.5,3.43032e-06,1.71516e-05,0
17195.0,17200.0,17197.5,4.570268e-06,2.285134e-05,0
17200.0,17205.0,17202.5,1.140316e-06,5.70158e-06,0
17205.0,17210.0,17207.5,5.698764e-06,2.849382e-05,0
17210.0,17215.0,17212.5,2.282438e-06,1.141219e-05,0
17215.0,17220.0,17217.5,9.14918e-06,4.57459e-05,0
17220.0,17225.0,17222.5,3.433366e-06,1.716683e-05,0
17225.0,17230.0,17227.5,8.009984e-06,4.004992e-05,0
17230.0,17235.0,17232.5,4.561354e-06,2.280677e-05,0
17235.0,17240.0,17237.5,6.836042e-06,3.418021e-05,0
17240.0,17245.0,17242.5,3.446176e-06,1.723088e-05,0
17245.0,17250.0,17247.5,5.6779e-06,2.83895e-05,0
17250.0,17255.0,17252.5,1.134302e-06,5.67151e-06,0
17255.0,17260.0,17257.5,1.0249094e-05,5.124547e-05,0
17260.0,17265.0,17262.5,8.003064e-06,4.001532e-05,0
17265.0,17270.0,17267.5,6.825734e-06,3.412867e-05,0
17270.0,17275.0,17272.5,4.563022e-06,2.281511e-05,0
17275.0,17280.0,17277.5,9.120826e-06,4.560413e-05,0
17280.0,17285.0,17282.5,7.988146e-06,3.994073e-05,0
17285.0,17290.0,17287.5,8.009886e-06,4.004943e-05,0
17290.0,17295.0,17292.5,2.27561e-06,1.137805e-05,0
17295.0,17300.0,17297.5,6.872606e-06,3.436303e-05,0
17300.0,17305.0,17302.5,6.83685e-06,3.418425e-05,0
17305.0,17310.0,17307.5,3.436408e-06,1.718204e-05,0
17310.0,17315.0,17312.5,5.720514e-06,2.860257e-05,0
17315.0,17320.0,17317.5,9.137158e-06,4.568579e-05,0
17320.0,17325.0,17322.5,4.57232e-06,2.28616e-05,0
17325.0,17330.0,17327.5,6.841168e-06,3.420584e-05,0
17330.0,17335.0,17332.5,4.579754e-06,2.289877e-05,0
17335.0,17340.0,17337.5,4.57932e-06,2.28966e-05,0
17340.0,17345.0,17342.5,3.427784e-06,1.713892e-05,0
17345.0,17350.0,17347.5,4.571572e-06,2.285786e-05,0
17350.0,17355.0,17352.5,4.558528e-06,2.279264e-05,0
17355.0,17360.0,17357.5,3.446176e-06,1.723088e-05,0
17360.0,17365.0,17362.5,4.594746e-06,2.297373e-05,0
17365.0,17370.0,17367.5,5.706628e-06,2.853314e-05,0
17370.0,17375.0,17372.5,5.712756e-06,2.856378e-05,0
17375.0,17380.0,17377.5,5.720702e-06,2.860351e-05,0
17380.0,17385.0,17382.5,3.408162e-06,1.704081e-05,0
17385.0,17390.0,17387.5,4.585628e-06,2.292814e-05,0
17390.0,17395.0,17392.5,3.446454e-06,1.723227e-05,0
17395.0,17400.0,17397.5,3.44573e-06,1.722865e-05,0
17400.0,17405.0,17402.5,4.580826e-06,2.290413e-05,0
17405.0,17410.0,17407.5,5.70351e-06,2.851755e-05,0
17410.0,17415.0,17412.5,1.1455622e-05,5.727811e-05,0
17415.0,17420.0,17417.5,3.41705e-06,1.708525e-05,0
17420.0,17425.0,17422.5,5.677686e-06,2.838843e-05,0
17425.0,17430.0,17427.5,5.706866e-06,2.853433e-05,0
17430.0,17435.0,17432.5,6.854788e-06,3.427394e-05,0
17435.0,17440.0,17437.5,8.007316e-06,4.003658e-05,0
17440.0,17445.0,17442.5,6.872582e-06,3.436291e-05,0
17445.0,17450.0,17447.5,9.169598e-06,4.584799e-05,0
17450.0,17455.0,17452.5,5.76663e-06,2.883315e-05,0
17455.0,17460.0,17457.5,7.997342e-06,3.998671e-05,0
17460.0,17465.0,17462.5,2.2686e-06,1.1343e-05,0
17465.0,17470.0,17467.5,3.422952e-06,1.711476e-05,0
17470.0,17475.0,17472.5,5.752548e-06,2.876274e-05,0
17475.0,17480.0,17477.5,5.71215e-06,2.856075e-05,0
17480.0,17485.0,17482.5,2.29318e-06,1.14659e-05,0
17485.0,17490.0,17487.5,4.556298e-06,2.278149e-05,0
17490.0,17495.0,17492.5,3.42121e-06,1.710605e-05,0
17495.0,17500.0,17497.5,1.0284254e-05,5.142127e-05,0
17500.0,17505.0,17502.5,1.029499e-05,5.147495e-05,0
17505.0,17510.0,17507.5,3.439076e-06,1.719538e-05,0
17510.0,17515.0,17512.5,6.865752e-06,3.432876e-05,0
17515.0,17520.0,17517.5,1.146592e-06,5.73296e-06,0
17520.0,17525.0,17522.5,5.724986e-06,2.862493e-05,0
17525.0,17530.0,17527.5,3.400728e-06,1.700364e-05,0
17530.0,17535.0,17532.5,3.410864e-06,1.705432e-05,0
17535.0,17540.0,17537.5,3.410996e-06,1.705498e-05,0
17540.0,17545.0,17542.5,3.395868e-06,1.697934e-05,0
17545.0,17550.0,17547.5,1.1415076e-05,5.707538e-05,0
17550.0,17555.0,17552.5,5.718838e-06,2.859419e-05,0
17555.0,17560.0,17557.5,6.85347e-06,3.426735e-05,0
17560.0,17565.0,17562.5,9.15992e-06,4.57996e-05,0
17565.0,17570.0,17567.5,4.575628e-06,2.287814e-05,0
17570.0,17575.0,17572.5,6.823126e-06,3.411563e-05,0
17575.0,17580.0,17577.5,1.147316e-06,5.73658e-06,0
17580.0,17585.0,17582.5,2.283596e-06,1.141798e-05,0
17585.0,17590.0,17587.5,2.260412e-06,1.130206e-05,0
17590.0,17595.0,17592.5,7.9617e-06,3.98085e-05,0
17595.0,17600.0,17597.5,7.99899e-06,3.999495e-05,0
17600.0,17605.0,17602.5,4.602708e-06,2.301354e-05,0
17605.0,17610.0,17607.5,4.562914e-06,2.281457e-05,0
17610.0,17615.0,17612.5,3.433162e-06,1.716581e-05,0
17615.0,17620.0,17617.5,3.441612e-06,1.720806e-05,0
17620.0,17625.0,17622.5,3.42401e-06,1.712005e-05,0
17625.0,17630.0,17627.5,2.29661e-06,1.148305e-05,0
17630.0,17635.0,17632.5,1.2574552e-05,6.287276e-05,0
17635.0,17640.0,17637.5,4.579474e-06,2.289737e-05,0
17640.0,17645.0,17642.5,8.021226e-06,4.010613e-05,0
17645.0,17650.0,17647.5,2.296018e-06,1.148009e-05,0
17650.0,17655.0,17652.5,6.86344e-06,3.43172e-05,0
17655.0,17660.0,17657.5,8.048402e-06,4.024201e-05,0
17660.0,17665.0,17662.5,9.173274e-06,4.586637e-05,0
17665.0,17670.0,17667.5,2.299138e-06,1.149569e-05,0
17670.0,17675.0,17672.5,7.993588e-06,3.996794e-05,0
17675.0,17680.0,17677.5,5.702756e-06,2.851378e-05,0
17680.0,17685.0,17682.5,5.737114e-06,2.868557e-05,0
17685.0,17690.0,17687.5,4.570202e-06,2.285101e-05,0
17690.0,17695.0,17692.5,2.287632e-06,1.143816e-05,0
17695.0,17700.0,17697.5,6.859492e-06,3.429746e-05,0
17700.0,17705.0,17702.5,4.581682e-06,2.290841e-05,0
17705.0,17710.0,17707.5,6.868392e-06,3.434196e-05,0
17710.0,17715.0,17712.5,5.735712e-06,2.867856e-05,0
17715.0,17720.0,17717.5,3.452558e-06,1.726279e-05,0
17720.0,17725.0,17722.5,6.82508e-06,3.41254e-05,0
17725.0,17730.0,17727.5,3.409706e-06,1.704853e-05,0
17730.0,17735.0,17732.5,6.860848e-06,3.430424e-05,0
17735.0,17740.0,17737.5,2.289816e-06,1.144908e-05,0
17740.0,17745.0,17742.5,5.720628e-06,2.860314e-05,0
17745.0,17750.0,17747.5,3.434366e-06,1.717183e-05,0
17750.0,17755.0,17752.5,4.540864e-06,2.270432e-05,0
17755.0,17760.0,17757.5,5.747144e-06,2.873572e-05,0
17760.0,17765.0,17762.5,4.586532e-06,2.293266e-05,0
17765.0,17770.0,17767.5,3.41701e-06,1.708505e-05,0
17770.0,17775.0,17772.5,2.267446e-06,1.133723e-05,0
17775.0,17780.0,17777.5,8.015734e-06,4.007867e-05,0
17780.0,17785.0,17782.5,7.994174e-06,3.997087e-05,0
17785.0,17790.0,17787.5,8.01024e-06,4.00512e-05,0
17790.0,17795.0,17792.5,8.002892e-06,4.001446e-05,0
17795.0,17800.0,17797.5,1.149294e-06,5.74647e-06,0
17800.0,17805.0,17802.5,4.584382e-06,2.292191e-05,0
17805.0,17810.0,17807.5,4.58686e-06,2.29343e-05,0
17810.0,17815.0,17812.5,3.430912e-06,1.715456e-05,0
17815.0,17820.0,17817.5,5.699866e-06,2.849933e-05,0
17820.0,17825.0,17822.5,5.675316e-06,2.837658e-05,0
17825.0,17830.0,17827.5,9.101808e-06,4.550904e-05,0
17830.0,17835.0,17832.5,5.737498e-06,2.868749e-05,0
17835.0,17840.0,17837.5,3.448432e-06,1.724216e-05,0
17840.0,17845.0,17842.5,5.732634e-06,2.866317e-05,0
17845.0,17850.0,17847.5,2.276694e-06,1.138347e-05,0
17850.0,17855.0,17852.5,1.1446624e-05,5.723312e-05,0
17855.0,17860.0,17857.5,4.586046e-06,2.293023e-05,0
17860.0,17865.0,17862.5,3.410996e-06,1.705498e-05,0
17865.0,17870.0,17867.5,5.73216e-06,2.86608e-05,0
17870.0,17875.0,17872.5,2.29318e-06,1.14659e-05,0
17875.0,17880.0,17877.5,3.412872e-06,1.706436e-05,0
17880.0,17885.0,17882.5,5.73202e-06,2.86601e-05,0
17885.0,17890.0,17887.5,3.408886e-06,1.704443e-05,0
17890.0,17895.0,17892.5,3.425036e-06,1.712518e-05,0
17895.0,17900.0,17897.5,3.418242e-06,1.709121e-05,0
17900.0,17905.0,17902.5,5.745596e-06,2.872798e-05,0
17905.0,17910.0,17907.5,3.423286e-06,1.711643e-05,0
17910.0,17915.0,17912.5,3.44573e-06,1.722865e-05,0
17915.0,17920.0,17917.5,2.289058e-06,1.144529e-05,0
17920.0,17925.0,17922.5,2.26157e-06,1.130785e-05,0
17925.0,17930.0,17927.5,4.585668e-06,2.292834e-05,0
17930.0,17935.0,17932.5,2.296018e-06,1.148009e-05,0
17935.0,17940.0,17937.5,3.401744e-06,1.700872e-05,0
17940.0,17945.0,17942.5,2.28494e-06,1.14247e-05,0
17945.0,17950.0,17947.5,5.713314e-06,2.856657e-05,0
17950.0,17955.0,17952.5,3.434366e-06,1.717183e-05,0
17955.0,17960.0,17957.5,2.28394e-06,1.14197e-05,0
17960.0,17965.0,17962.5,4.552304e-06,2.276152e-05,0
17965.0,17970.0,17967.5,9.145172e-06,4.572586e-05,0
17970.0,17975.0,17972.5,4.600006e-06,2.300003e-05,0
17975.0,17980.0,17977.5,6.845906e-06,3.422953e-05,0
17980.0,17985.0,17982.5,4.585768e-06,2.292884e-05,0
17985.0,17990.0,17987.5,7.99141e-06,3.995705e-05,0
17990.0,17995.0,17992.5,3.412208e-06,1.706104e-05,0
17995.0,18000.0,17997.5,4.573338e-06,2.286669e-05,0
18000.0,18005.0,18002.5,1.156672e-06,5.78336e-06,0
18005.0,18010.0,18007.5,5.712756e-06,2.856378e-05,0
18010.0,18015.0,18012.5,5.683914e-06,2.841957e-05,0
18015.0,18020.0,18017.5,3.442606e-06,1.721303e-05,0
18020.0,18025.0,18022.5,2.28257e-06,1.141285e-05,0
18025.0,18030.0,18027.5,4.5681e-06,2.28405e-05,0
18030.0,18035.0,18032.5,4.601984e-06,2.300992e-05,0
18035.0,18040.0,18037.5,6.88806e-06,3.44403e-05,0
18040.0,18045.0,18042.5,5.718e-06,2.859e-05,0
18045.0,18050.0,18047.5,2.274584e-06,1.137292e-05,0
18050.0,18055.0,18052.5,8.009646e-06,4.004823e-05,0
18055.0,18060.0,18057.5,1.146592e-06,5.73296e-06,0
18060.0,18065.0,18062.5,2.299138e-06,1.149569e-05,0
18065.0,18070.0,18067.5,1.140316e-06,5.70158e-06,0
18070.0,18075.0,18072.5,4.556298e-06,2.278149e-05,0
18075.0,18080.0,18077.5,9.125974e-06,4.562987e-05,0
18080.0,18085.0,18082.5,6.850212e-06,3.425106e-05,0
18085.0,18090.0,18087.5,5.736522e-06,2.868261e-05,0
18090.0,18095.0,18092.5,4.55955e-06,2.279775e-05,0
18095.0,18100.0,18097.5,3.444304e-06,1.722152e-05,0
18100.0,18105.0,18102.5,4.57272e-06,2.28636e-05,0
18105.0,18110.0,18107.5,4.589206e-06,2.294603e-05,0
18110.0,18115.0,18112.5,5.702896e-06,2.851448e-05,0
18115.0,18120.0,18117.5,6.838934e-06,3.419467e-05,0
18120.0,18125.0,18122.5,1.156672e-06,5.78336e-06,0
18125.0,18130.0,18127.5,4.573544e-06,2.286772e-05,0
18130.0,18135.0,18132.5,1.147316e-06,5.73658e-06,0
18135.0,18140.0,18137.5,2.29661e-06,1.148305e-05,0
18140.0,18145.0,18142.5,1.2580312e-05,6.290156e-05,0
18145.0,18150.0,18147.5,7.957224e-06,3.978612e-05,0
18150.0,18155.0,18152.5,3.433234e-06,1.716617e-05,0
18155.0,18160.0,18157.5,1.030959e-05,5.154795e-05,0
18160.0,18165.0,18162.5,3.434224e-06,1.717112e-05,0
18165.0,18170.0,18167.5,2.287632e-06,1.143816e-05,0
18170.0,18175.0,18172.5,6.822256e-06,3.411128e-05,0
18175.0,18180.0,18177.5,6.894498e-06,3.447249e-05,0
18180.0,18185.0,18182.5,4.585488e-06,2.292744e-05,0
18185.0,18190.0,18187.5,5.705936e-06,2.852968e-05,0
18190.0,18195.0,18192.5,5.694636e-06,2.847318e-05,0
18195.0,18200.0,18197.5,3.431864e-06,1.715932e-05,0
18200.0,18205.0,18202.5,3.418242e-06,1.709121e-05,0
18205.0,18210.0,18207.5,1.146592e-06,5.73296e-06,0
18210.0,18215.0,18212.5,8.014948e-06,4.007474e-05,0
18215.0,18220.0,18217.5,5.733018e-06,2.866509e-05,0
18220.0,18225.0,18222.5,5.726202e-06,2.863101e-05,0
18225.0,18230.0,18227.5,3.426194e-06,1.713097e-05,0
18230.0,18235.0,18232.5,1.027012e-05,5.13506e-05,0
18235.0,18240.0,18237.5,6.869988e-06,3.434994e-05,0
18240.0,18245.0,18242.5,4.59062e-06,2.29531e-05,0
18245.0,18250.0,18247.5,9.128084e-06,4.564042e-05,0
18250.0,18255.0,18252.5,8.00616e-06,4.00308e-05,0
18255.0,18260.0,18257.5,2.276768e-06,1.138384e-05,0
18260.0,18265.0,18262.5,9.112192e-06,4.556096e-05,0
18265.0,18270.0,18267.5,5.721068e-06,2.860534e-05,0
18270.0,18275.0,18272.5,4.569948e-06,2.284974e-05,0
18275.0,18280.0,18277.5,3.409706e-06,1.704853e-05,0
18280.0,18285.0,18282.5,7.998496e-06,3.999248e-05,0
18285.0,18290.0,18287.5,8.026208e-06,4.013104e-05,0
18290.0,18295.0,18292.5,7.9808e-06,3.9904e-05,0
18295.0,18300.0,18297.5,4.566476e-06,2.283238e-05,0
18300.0,18305.0,18302.5,3.44358e-06,1.72179e-05,0
18305.0,18310.0,18307.5,4.570268e-06,2.285134e-05,0
18310.0,18315.0,18312.5,4.577448e-06,2.288724e-05,0
18315.0,18320.0,18317.5,4.59373e-06,2.296865e-05,0
18320.0,18325.0,18322.5,6.826246e-06,3.413123e-05,0
18330.0,18335.0,18332.5,4.56562e-06,2.28281e-05,0
18335.0,18340.0,18337.5,1.134302e-06,5.67151e-06,0
18340.0,18345.0,18342.5,4.592768e-06,2.296384e-05,0
18345.0,18350.0,18347.5,2.28394e-06,1.14197e-05,0
18350.0,18355.0,18352.5,3.416878e-06,1.708439e-05,0
18355.0,18360.0,18357.5,3.387684e-06,1.693842e-05,0
18360.0,18365.0,18362.5,2.305966e-06,1.152983e-05,0
18365.0,18370.0,18367.5,3.430098e-06,1.715049e-05,0
18370.0,18375.0,18372.5,2.283728e-06,1.141864e-05,0
18375.0,18380.0,18377.5,3.424904e-06,1.712452e-05,0
18380.0,18385.0,18382.5,2.291892e-06,1.145946e-05,0
18385.0,18390.0,18387.5,4.582734e-06,2.291367e-05,0
18390.0,18395.0,18392.5,4.563022e-06,2.281511e-05,0
18395.0,18400.0,18397.5,5.722506e-06,2.861253e-05,0
18400.0,18405.0,18402.5,2.291892e-06,1.145946e-05,0
18405.0,18410.0,18407.5,6.859428e-06,3.429714e-05,0
18410.0,18415.0,18412.5,3.445896e-06,1.722948e-05,0
18415.0,18420.0,18417.5,1.156672e-06,5.78336e-06,0
18420.0,18425.0,18422.5,6.857108e-06,3.428554e-05,0
18425.0,18430.0,18427.5,5.71719e-06,2.858595e-05,0
18430.0,18435.0,18432.5,2.29872e-06,1.14936e-05,0
18440.0,18445.0,18442.5,3.433022e-06,1.716511e-05,0
18445.0,18450.0,18447.5,3.401886e-06,1.700943e-05,0
18450.0,18455.0,18452.5,4.565352e-06,2.282676e-05,0
18455.0,18460.0,18457.5,7.989758e-06,3.994879e-05,0
18460.0,18465.0,18462.5,8.0099e-06,4.00495e-05,0
18465.0,18470.0,18467.5,3.453414e-06,1.726707e-05,0
18470.0,18475.0,18472.5,5.685684e-06,2.842842e-05,0
18475.0,18480.0,18477.5,2.28257e-06,1.141285e-05,0
18480.0,18485.0,18482.5,2.296988e-06,1.148494e-05,0
18485.0,18490.0,18487.5,2.296018e-06,1.148009e-05,0
18490.0,18495.0,18492.5,9.152936e-06,4.576468e-05,0
18495.0,18500.0,18497.5,9.150376e-06,4.575188e-05,0
18500.0,18505.0,18502.5,4.56718e-06,2.28359e-05,0
18505.0,18510.0,18507.5,7.985108e-06,3.992554e-05,0
18510.0,18515.0,18512.5,2.26628e-06,1.13314e-05,0
18515.0,18520.0,18517.5,4.590108e-06,2.295054e-05,0
18520.0,18525.0,18522.5,5.693646e-06,2.846823e-05,0
18525.0,18530.0,18527.5,3.387684e-06,1.693842e-05,0
18530.0,18535.0,18532.5,1.149294e-06,5.74647e-06,0
18535.0,18540.0,18537.5,4.570848e-06,2.285424e-05,0
18540.0,18545.0,18542.5,5.71993e-06,2.859965e-05,0
18545.0,18550.0,18547.5,5.712882e-06,2.856441e-05,0
18550.0,18555.0,18552.5,1.134302e-06,5.67151e-06,0
18555.0,18560.0,18557.5,4.561502e-06,2.280751e-05,0
18560.0,18565.0,18562.5,2.280894e-06,1.140447e-05,0
18565.0,18570.0,18567.5,6.891766e-06,3.445883e-05,0
18570.0,18575.0,18572.5,4.593046e-06,2.296523e-05,0
18575.0,18580.0,18577.5,6.849892e-06,3.424946e-05,0
18580.0,18585.0,18582.5,4.548448e-06,2.274224e-05,0
18585.0,18590.0,18587.5,3.441612e-06,1.720806e-05,0
18590.0,18595.0,18592.5,6.860286e-06,3.430143e-05,0
18595.0,18600.0,18597.5,4.58686e-06,2.29343e-05,0
18600.0,18605.0,18602.5,1.149294e-06,5.74647e-06,0
18605.0,18610.0,18607.5,4.566344e-06,2.283172e-05,0
18610.0,18615.0,18612.5,5.716196e-06,2.858098e-05,0
18615.0,18620.0,18617.5,3.437058e-06,1.718529e-05,0
18620.0,18625.0,18622.5,4.585834e-06,2.292917e-05,0
18625.0,18630.0,18627.5,5.712422e-06,2.856211e-05,0
18630.0,18635.0,18632.5,3.425036e-06,1.712518e-05,0
18635.0,18640.0,18637.5,5.738034e-06,2.869017e-05,0
18640.0,18645.0,18642.5,6.882444e-06,3.441222e-05,0
18645.0,18650.0,18647.5,6.900838e-06,3.450419e-05,0
18650.0,18655.0,18652.5,3.407728e-06,1.703864e-05,0
18655.0,18660.0,18657.5,3.436926e-06,1.718463e-05,0
18660.0,18665.0,18662.5,1.138651e-05,5.693255e-05,0
18665.0,18670.0,18667.5,4.610082e-06,2.305041e-05,0
18670.0,18675.0,18672.5,4.564326e-06,2.282163e-05,0
18675.0,18680.0,18677.5,4.575084e-06,2.287542e-05,0
18680.0,18685.0,18682.5,4.582308e-06,2.291154e-05,0
18685.0,18690.0,18687.5,4.553592e-06,2.276796e-05,0
18690.0,18695.0,18692.5,2.28394e-06,1.14197e-05,0
18695.0,18700.0,18697.5,3.42401e-06,1.712005e-05,0
18700.0,18705.0,18702.5,3.438352e-06,1.719176e-05,0
18705.0,18710.0,18707.5,6.868668e-06,3.434334e-05,0
18710.0,18715.0,18712.5,2.299138e-06,1.149569e-05,0
18715.0,18720.0,18717.5,4.570848e-06,2.285424e-05,0
18720.0,18725.0,18722.5,6.87541e-06,3.437705e-05,0
18725.0,18730.0,18727.5,1.134302e-06,5.67151e-06,0
18730.0,18735.0,18732.5,6.891586e-06,3.445793e-05,0
18735.0,18740.0,18737.5,7.984818e-06,3.992409e-05,0
18740.0,18745.0,18742.5,5.6779e-06,2.83895e-05,0
18745.0,18750.0,18747.5,1.149294e-06,5.74647e-06,0
18750.0,18755.0,18752.5,5.752142e-06,2.876071e-05,0
18755.0,18760.0,18757.5,3.426324e-06,1.713162e-05,0
18760.0,18765.0,18762.5,3.43978e-06,1.71989e-05,0
18765.0,18770.0,18767.5,9.122172e-06,4.561086e-05,0
18770.0,18775.0,18772.5,4.573756e-06,2.286878e-05,0
18775.0,18780.0,18777.5,5.717376e-06,2.858688e-05,0
18780.0,18785.0,18782.5,4.572352e-06,2.286176e-05,0
18785.0,18790.0,18787.5,5.716196e-06,2.858098e-05,0
18790.0,18795.0,18792.5,1.146592e-06,5.73296e-06,0
18795.0,18800.0,18797.5,6.842352e-06,3.421176e-05,0
18800.0,18805.0,18802.5,4.5858e-06,2.2929e-05,0
18805.0,18810.0,18807.5,3.422886e-06,1.711443e-05,0
18810.0,18815.0,18812.5,2.303264e-06,1.151632e-05,0
18815.0,18820.0,18817.5,4.579826e-06,2.289913e-05,0
18820.0,18825.0,18822.5,3.436374e-06,1.718187e-05,0
18825.0,18830.0,18827.5,3.407728e-06,1.703864e-05,0
18830.0,18835.0,18832.5,6.869638e-06,3.434819e-05,0
18835.0,18840.0,18837.5,6.837482e-06,3.418741e-05,0
18840.0,18845.0,18842.5,3.394856e-06,1.697428e-05,0
18845.0,18850.0,18847.5,6.85986e-06,3.42993e-05,0
18850.0,18855.0,18852.5,3.432282e-06,1.716141e-05,0
18855.0,18860.0,18857.5,6.842318e-06,3.421159e-05,0
18860.0,18865.0,18862.5,2.26628e-06,1.13314e-05,0
18865.0,18870.0,18867.5,3.412872e-06,1.706436e-05,0
18870.0,18875.0,18872.5,4.593778e-06,2.296889e-05,0
18875.0,18880.0,18877.5,1.0276082e-05,5.138041e-05,0
18880.0,18885.0,18882.5,3.444066e-06,1.722033e-05,0
18885.0,18890.0,18887.5,2.28494e-06,1.14247e-05,0
18890.0,18895.0,18892.5,4.570456e-06,2.285228e-05,0
18895.0,18900.0,18897.5,3.434234e-06,1.717117e-05,0
18900.0,18905.0,18902.5,3.424044e-06,1.712022e-05,0
18905.0,18910.0,18907.5,6.855364e-06,3.427682e-05,0
18910.0,18915.0,18912.5,3.4149e-06,1.70745e-05,0
18920.0,18925.0,18922.5,4.590526e-06,2.295263e-05,0
18925.0,18930.0,18927.5,2.276562e-06,1.138281e-05,0
18930.0,18935.0,18932.5,4.555338e-06,2.277669e-05,0
18935.0,18940.0,18937.5,5.714852e-06,2.857426e-05,0
18940.0,18945.0,18942.5,3.407728e-06,1.703864e-05,0
18945.0,18950.0,18947.5,2.29872e-06,1.14936e-05,0
18950.0,18955.0,18952.5,2.2686e-06,1.1343e-05,0
18955.0,18960.0,18957.5,5.72892e-06,2.86446e-05,0
18960.0,18965.0,18962.5,2.303988e-06,1.151994e-05,0
18965.0,18970.0,18967.5,3.401886e-06,1.700943e-05,0
18970.0,18975.0,18972.5,3.443934e-06,1.721967e-05,0
18975.0,18980.0,18977.5,8.00276e-06,4.00138e-05,0
18980.0,18985.0,18982.5,5.745174e-06,2.872587e-05,0
18985.0,18990.0,18987.5,2.282438e-06,1.141219e-05,0
18990.0,18995.0,18992.5,5.670316e-06,2.835158e-05,0
18995.0,19000.0,18997.5,3.44828e-06,1.72414e-05,0
19000.0,19005.0,19002.5,3.431044e-06,1.715522e-05,0
19005.0,19010.0,19007.5,1.134302e-06,5.67151e-06,0
19010.0,19015.0,19012.5,2.279736e-06,1.139868e-05,0
19015.0,19020.0,19017.5,5.713314e-06,2.856657e-05,0
19020.0,19025.0,19022.5,1.149426e-06,5.74713e-06,0
19025.0,19030.0,19027.5,4.571202e-06,2.285601e-05,0
19030.0,19035.0,19032.5,2.283596e-06,1.141798e-05,0
19035.0,19040.0,19037.5,4.581576e-06,2.290788e-05,0
19040.0,19045.0,19042.5,2.283596e-06,1.141798e-05,0
19050.0,19055.0,19052.5,2.303264e-06,1.151632e-05,0
19055.0,19060.0,19057.5,5.7073e-06,2.85365e-05,0
19065.0,19070.0,19067.5,1.127268e-06,5.63634e-06,0
19070.0,19075.0,19072.5,4.56092e-06,2.28046e-05,0
19075.0,19080.0,19077.5,1.146592e-06,5.73296e-06,0
19080.0,19085.0,19082.5,2.276694e-06,1.138347e-05,0
19085.0,19090.0,19087.5,2.289742e-06,1.144871e-05,0
19090.0,19095.0,19092.5,8.013838e-06,4.006919e-05,0
19095.0,19100.0,19097.5,4.564676e-06,2.282338e-05,0
19100.0,19105.0,19102.5,8.014938e-06,4.007469e-05,0
19105.0,19110.0,19107.5,9.131046e-06,4.565523e-05,0
19110.0,19115.0,19112.5,3.455252e-06,1.727626e-05,0
19115.0,19120.0,19117.5,4.57258e-06,2.28629e-05,0
19120.0,19125.0,19122.5,8.00845e-06,4.004225e-05,0
19125.0,19130.0,19127.5,6.834806e-06,3.417403e-05,0
19130.0,19135.0,19132.5,5.706116e-06,2.853058e-05,0
19135.0,19140.0,19137.5,7.966202e-06,3.983101e-05,0
19140.0,19145.0,19142.5,1.0276836e-05,5.138418e-05,0
19145.0,19150.0,19147.5,5.729624e-06,2.864812e-05,0
19150.0,19155.0,19152.5,3.448006e-06,1.724003e-05,0
19155.0,19160.0,19157.5,3.440496e-06,1.720248e-05,0
19160.0,19165.0,19162.5,1.146592e-06,5.73296e-06,0
19165.0,19170.0,19167.5,3.442606e-06,1.721303e-05,0
19170.0,19175.0,19172.5,3.407004e-06,1.703502e-05,0
19175.0,19180.0,19177.5,1.134302e-06,5.67151e-06,0
19180.0,19185.0,19182.5,4.600006e-06,2.300003e-05,0
19185.0,19190.0,19187.5,1.133144e-06,5.66572e-06,0
19190.0,19195.0,19192.5,5.72372e-06,2.86186e-05,0
19195.0,19200.0,19197.5,2.276694e-06,1.138347e-05,0
19200.0,19205.0,19202.5,2.276694e-06,1.138347e-05,0
19205.0,19210.0,19207.5,2.306098e-06,1.153049e-05,0
19210.0,19215.0,19212.5,2.280894e-06,1.140447e-05,0
19215.0,19220.0,19217.5,2.289058e-06,1.144529e-05,0
19220.0,19225.0,19222.5,2.303264e-06,1.151632e-05,0
19225.0,19230.0,19227.5,4.579754e-06,2.289877e-05,0
19230.0,19235.0,19232.5,3.422926e-06,1.711463e-05,0
19235.0,19240.0,19237.5,5.71386e-06,2.85693e-05,0
19240.0,19245.0,19242.5,6.855542e-06,3.427771e-05,0
19245.0,19250.0,19247.5,4.560188e-06,2.280094e-05,0
19250.0,19255.0,19252.5,1.149426e-06,5.74713e-06,0
19255.0,19260.0,19257.5,6.82976e-06,3.41488e-05,0
19260.0,19265.0,19262.5,5.703992e-06,2.851996e-05,0
19265.0,19270.0,19267.5,4.581298e-06,2.290649e-05,0
19270.0,19275.0,19272.5,2.274618e-06,1.137309e-05,0
19275.0,19280.0,19277.5,6.848616e-06,3.424308e-05,0
19280.0,19285.0,19282.5,3.41705e-06,1.708525e-05,0
19285.0,19290.0,19287.5,5.715186e-06,2.857593e-05,0
19290.0,19295.0,19292.5,3.407004e-06,1.703502e-05,0
19295.0,19300.0,19297.5,2.289058e-06,1.144529e-05,0
19300.0,19305.0,19302.5,2.27561e-06,1.137805e-05,0
19305.0,19310.0,19307.5,3.430188e-06,1.715094e-05,0
19310.0,19315.0,19312.5,4.57258e-06,2.28629e-05,0
19315.0,19320.0,19317.5,2.274584e-06,1.137292e-05,0
19320.0,19325.0,19322.5,4.579598e-06,2.289799e-05,0
19330.0,19335.0,19332.5,5.689182e-06,2.844591e-05,0
19335.0,19340.0,19337.5,6.84585e-06,3.422925e-05,0
19340.0,19345.0,19342.5,4.586992e-06,2.293496e-05,0
19345.0,19350.0,19347.5,2.303988e-06,1.151994e-05,0
19350.0,19355.0,19352.5,2.274584e-06,1.137292e-05,0
19355.0,19360.0,19357.5,2.28046e-06,1.14023e-05,0
19360.0,19365.0,19362.5,3.433234e-06,1.716617e-05,0
19370.0,19375.0,19372.5,2.29858e-06,1.14929e-05,0
19375.0,19380.0,19377.5,4.597858e-06,2.298929e-05,0
19380.0,19385.0,19382.5,3.423154e-06,1.711577e-05,0
19385.0,19390.0,19387.5,2.303988e-06,1.151994e-05,0
19390.0,19395.0,19392.5,4.575832e-06,2.287916e-05,0
19395.0,19400.0,19397.5,5.731116e-06,2.865558e-05,0
19400.0,19405.0,19402.5,3.420776e-06,1.710388e-05,0
19405.0,19410.0,19407.5,5.74234e-06,2.87117e-05,0
19410.0,19415.0,19412.5,5.680456e-06,2.840228e-05,0
19415.0,19420.0,19417.5,5.724182e-06,2.862091e-05,0
19420.0,19425.0,19422.5,4.561634e-06,2.280817e-05,0
19425.0,19430.0,19427.5,4.550022e-06,2.275011e-05,0
19430.0,19435.0,19432.5,3.433234e-06,1.716617e-05,0
19435.0,19440.0,19437.5,5.736252e-06,2.868126e-05,0
19440.0,19445.0,19442.5,2.27561e-06,1.137805e-05,0
19445.0,19450.0,19447.5,4.565418e-06,2.282709e-05,0
19450.0,19455.0,19452.5,4.57351e-06,2.286755e-05,0
19455.0,19460.0,19457.5,4.567536e-06,2.283768e-05,0
19460.0,19465.0,19462.5,5.710002e-06,2.855001e-05,0
19465.0,19470.0,19467.5,4.576724e-06,2.288362e-05,0
19470.0,19475.0,19472.5,5.692478e-06,2.846239e-05,0
19475.0,19480.0,19477.5,5.713102e-06,2.856551e-05,0
19480.0,19485.0,19482.5,1.134302e-06,5.67151e-06,0
19485.0,19490.0,19487.5,3.42903e-06,1.714515e-05,0
19490.0,19495.0,19492.5,4.562224e-06,2.281112e-05,0
19495.0,19500.0,19497.5,1.140316e-06,5.70158e-06,0
19500.0,19505.0,19502.5,3.41916e-06,1.70958e-05,0
19505.0,19510.0,19507.5,3.430132e-06,1.715066e-05,0
19515.0,19520.0,19517.5,3.411212e-06,1.705606e-05,0
19520.0,19525.0,19522.5,3.453414e-06,1.726707e-05,0
19525.0,19530.0,19527.5,3.436374e-06,1.718187e-05,0
19530.0,19535.0,19532.5,2.269734e-06,1.134867e-05,0
19535.0,19540.0,19537.5,6.84993e-06,3.424965e-05,0
19540.0,19545.0,19542.5,5.706588e-06,2.853294e-05,0
19545.0,19550.0,19547.5,1.149426e-06,5.74713e-06,0
19550.0,19555.0,19552.5,3.414762e-06,1.707381e-05,0
19555.0,19560.0,19557.5,6.853384e-06,3.426692e-05,0
19560.0,19565.0,19562.5,1.127268e-06,5.63634e-06,0
19570.0,19575.0,19572.5,3.423286e-06,1.711643e-05,0
19575.0,19580.0,19577.5,2.276768e-06,1.138384e-05,0
19580.0,19585.0,19582.5,2.299138e-06,1.149569e-05,0
19585.0,19590.0,19587.5,3.441186e-06,1.720593e-05,0
19590.0,19595.0,19592.5,3.411212e-06,1.705606e-05,0
19595.0,19600.0,19597.5,3.410864e-06,1.705432e-05,0
19600.0,19605.0,19602.5,4.580032e-06,2.290016e-05,0
19610.0,19615.0,19612.5,2.279736e-06,1.139868e-05,0
19615.0,19620.0,19617.5,9.13677e-06,4.568385e-05,0
19620.0,19625.0,19622.5,5.68118e-06,2.84059e-05,0
19625.0,19630.0,19627.5,5.684638e-06,2.842319e-05,0
19630.0,19635.0,19632.5,3.411066e-06,1.705533e-05,0
19635.0,19640.0,19637.5,2.2686e-06,1.1343e-05,0
19640.0,19645.0,19642.5,3.453414e-06,1.726707e-05,0
19645.0,19650.0,19647.5,9.115206e-06,4.557603e-05,0
19650.0,19655.0,19652.5,3.44358e-06,1.72179e-05,0
19655.0,19660.0,19657.5,5.738928e-06,2.869464e-05,0
19660.0,19665.0,19662.5,6.814056e-06,3.407028e-05,0
19665.0,19670.0,19667.5,6.860634e-06,3.430317e-05,0
19670.0,19675.0,19672.5,1.134302e-06,5.67151e-06,0
19675.0,19680.0,19677.5,3.438484e-06,1.719242e-05,0
19680.0,19685.0,19682.5,1.142466e-06,5.71233e-06,0
19685.0,19690.0,19687.5,5.720274e-06,2.860137e-05,0
19690.0,19695.0,19692.5,2.296742e-06,1.148371e-05,0
19695.0,19700.0,19697.5,3.408162e-06,1.704081e-05,0
19700.0,19705.0,19702.5,6.858502e-06,3.429251e-05,0
19705.0,19710.0,19707.5,2.299138e-06,1.149569e-05,0
19710.0,19715.0,19712.5,2.289058e-06,1.144529e-05,0
19715.0,19720.0,19717.5,3.439242e-06,1.719621e-05,0
19720.0,19725.0,19722.5,4.600006e-06,2.300003e-05,0
19725.0,19730.0,19727.5,9.154404e-06,4.577202e-05,0
19730.0,19735.0,19732.5,3.413596e-06,1.706798e-05,0
19735.0,19740.0,19737.5,3.387684e-06,1.693842e-05,0
19740.0,19745.0,19742.5,2.28494e-06,1.14247e-05,0
19745.0,19750.0,19747.5,1.149294e-06,5.74647e-06,0
19750.0,19755.0,19752.5,4.581576e-06,2.290788e-05,0
19755.0,19760.0,19757.5,2.291892e-06,1.145946e-05,0
19760.0,19765.0,19762.5,4.591366e-06,2.295683e-05,0
19765.0,19770.0,19767.5,4.573756e-06,2.286878e-05,0
19770.0,19775.0,19772.5,4.56651e-06,2.283255e-05,0
19775.0,19780.0,19777.5,4.574756e-06,2.287378e-05,0
19780.0,19785.0,19782.5,5.73763e-06,2.868815e-05,0
19785.0,19790.0,19787.5,3.430532e-06,1.715266e-05,0
19790.0,19795.0,19792.5,3.415916e-06,1.707958e-05,0
19795.0,19800.0,19797.5,5.726546e-06,2.863273e-05,0
19800.0,19805.0,19802.5,4.562914e-06,2.281457e-05,0
19805.0,19810.0,19807.5,2.290974e-06,1.145487e-05,0
19810.0,19815.0,19812.5,6.824018e-06,3.412009e-05,0
19815.0,19820.0,19817.5,2.289816e-06,1.144908e-05,0
19820.0,19825.0,19822.5,3.43829e-06,1.719145e-05,0
19825.0,19830.0,19827.5,3.4149e-06,1.70745e-05,0
19830.0,19835.0,19832.5,4.569948e-06,2.284974e-05,0
19835.0,19840.0,19837.5,1.156672e-06,5.78336e-06,0
19840.0,19845.0,19842.5,1.147316e-06,5.73658e-06,0
19845.0,19850.0,19847.5,4.587918e-06,2.293959e-05,0
19850.0,19855.0,19852.5,5.735638e-06,2.867819e-05,0
19855.0,19860.0,19857.5,2.29661e-06,1.148305e-05,0
19860.0,19865.0,19862.5,5.717952e-06,2.858976e-05,0
19865.0,19870.0,19867.5,1.146592e-06,5.73296e-06,0
19870.0,19875.0,19872.5,2.282438e-06,1.141219e-05,0
19875.0,19880.0,19877.5,2.296018e-06,1.148009e-05,0
19880.0,19885.0,19882.5,2.267584e-06,1.133792e-05,0
19890.0,19895.0,19892.5,4.556298e-06,2.278149e-05,0
19895.0,19900.0,19897.5,1.149426e-06,5.74713e-06,0
19900.0,19905.0,19902.5,4.577848e-06,2.288924e-05,0
19905.0,19910.0,19907.5,2.267446e-06,1.133723e-05,0
19910.0,19915.0,19912.5,2.293908e-06,1.146954e-05,0
19915.0,19920.0,19917.5,1.146592e-06,5.73296e-06,0
19920.0,19925.0,19922.5,5.71096e-06,2.85548e-05,0
19925.0,19930.0,19927.5,5.71782e-06,2.85891e-05,0
19930.0,19935.0,19932.5,2.283596e-06,1.141798e-05,0
19935.0,19940.0,19937.5,2.267446e-06,1.133723e-05,0
19940.0,19945.0,19942.5,2.274584e-06,1.137292e-05,0
19945.0,19950.0,19947.5,2.286908e-06,1.143454e-05,0
19950.0,19955.0,19952.5,3.401132e-06,1.700566e-05,0
19955.0,19960.0,19957.5,4.612486e-06,2.306243e-05,0
19960.0,19965.0,19962.5,1.127268e-06,5.63634e-06,0
19965.0,19970.0,19967.5,3.422202e-06,1.711101e-05,0
19970.0,19975.0,19972.5,6.868606e-06,3.434303e-05,0
19975.0,19980.0,19977.5,2.299138e-06,1.149569e-05,0
19980.0,19985.0,19982.5,1.134302e-06,5.67151e-06,0
19990.0,19995.0,19992.5,3.45058e-06,1.72529e-05,0
19995.0,20000.0,19997.5,2.287632e-06,1.143816e-05,0
20000.0,20005.0,20002.5,3.413784e-06,1.706892e-05,0
20005.0,20010.0,20007.5,3.422886e-06,1.711443e-05,0
20010.0,20015.0,20012.5,3.443334e-06,1.721667e-05,0
20015.0,20020.0,20017.5,3.436408e-06,1.718204e-05,0
20020.0,20025.0,20022.5,3.433234e-06,1.716617e-05,0
20025.0,20030.0,20027.5,3.41674e-06,1.70837e-05,0
20030.0,20035.0,20032.5,4.566306e-06,2.283153e-05,0
20035.0,20040.0,20037.5,2.27561e-06,1.137805e-05,0
20040.0,20045.0,20042.5,3.45269e-06,1.726345e-05,0
20045.0,20050.0,20047.5,1.146592e-06,5.73296e-06,0
20050.0,20055.0,20052.5,1.133144e-06,5.66572e-06,0
20055.0,20060.0,20057.5,5.71591e-06,2.857955e-05,0
20060.0,20065.0,20062.5,6.889664e-06,3.444832e-05,0
20065.0,20070.0,20067.5,4.588642e-06,2.294321e-05,0
20075.0,20080.0,20077.5,1.146592e-06,5.73296e-06,0
20080.0,20085.0,20082.5,4.568594e-06,2.284297e-05,0
20085.0,20090.0,20087.5,4.52314e-06,2.26157e-05,0
20090.0,20095.0,20092.5,2.303264e-06,1.151632e-05,0
20095.0,20100.0,20097.5,1.149426e-06,5.74713e-06,0
20105.0,20110.0,20107.5,3.430188e-06,1.715094e-05,0
20110.0,20115.0,20112.5,4.6122e-06,2.3061e-05,0
20115.0,20120.0,20117.5,2.29661e-06,1.148305e-05,0
20120.0,20125.0,20122.5,2.280894e-06,1.140447e-05,0
20125.0,20130.0,20127.5,6.878016e-06,3.439008e-05,0
20135.0,20140.0,20137.5,5.73763e-06,2.868815e-05,0
20145.0,20150.0,20147.5,3.419028e-06,1.709514e-05,0
20150.0,20155.0,20152.5,4.570848e-06,2.285424e-05,0
20155.0,20160.0,20157.5,2.29858e-06,1.14929e-05,0
20160.0,20165.0,20162.5,3.415926e-06,1.707963e-05,0
20165.0,20170.0,20167.5,1.133144e-06,5.66572e-06,0
20170.0,20175.0,20172.5,2.28494e-06,1.14247e-05,0
20175.0,20180.0,20177.5,6.87598e-06,3.43799e-05,0
20180.0,20185.0,20182.5,2.276768e-06,1.138384e-05,0
20185.0,20190.0,20187.5,2.287632e-06,1.143816e-05,0
20190.0,20195.0,20192.5,8.01803e-06,4.009015e-05,0
20195.0,20200.0,20197.5,1.134302e-06,5.67151e-06,0
20200.0,20205.0,20202.5,4.578874e-06,2.289437e-05,0
20210.0,20215.0,20212.5,3.409912e-06,1.704956e-05,0
20215.0,20220.0,20217.5,2.31334e-06,1.15667e-05,0
20220.0,20225.0,20222.5,3.459932e-06,1.729966e-05,0
20225.0,20230.0,20227.5,3.437132e-06,1.718566e-05,0
20230.0,20235.0,20232.5,2.280894e-06,1.140447e-05,0
20235.0,20240.0,20237.5,6.866506e-06,3.433253e-05,0
20240.0,20245.0,20242.5,1.146592e-06,5.73296e-06,0
20245.0,20250.0,20247.5,1.149294e-06,5.74647e-06,0
20250.0,20255.0,20252.5,6.887716e-06,3.443858e-05,0
20255.0,20260.0,20257.5,4.57575e-06,2.287875e-05,0
20260.0,20265.0,20262.5,2.260412e-06,1.130206e-05,0
20265.0,20270.0,20267.5,1.149294e-06,5.74647e-06,0
20270.0,20275.0,20272.5,3.420052e-06,1.710026e-05,0
20275.0,20280.0,20277.5,6.88213e-06,3.441065e-05,0
20280.0,20285.0,20282.5,4.582734e-06,2.291367e-05,0
20285.0,20290.0,20287.5,5.723764e-06,2.861882e-05,0
20290.0,20295.0,20292.5,2.28046e-06,1.14023e-05,0
20295.0,20300.0,20297.5,3.425988e-06,1.712994e-05,0
20300.0,20305.0,20302.5,5.719374e-06,2.859687e-05,0
20305.0,20310.0,20307.5,4.556504e-06,2.278252e-05,0
20310.0,20315.0,20312.5,4.585668e-06,2.292834e-05,0
20315.0,20320.0,20317.5,3.424118e-06,1.712059e-05,0
20320.0,20325.0,20322.5,5.734954e-06,2.867477e-05,0
20325.0,20330.0,20327.5,2.28494e-06,1.14247e-05,0
20330.0,20335.0,20332.5,2.296018e-06,1.148009e-05,0
20335.0,20340.0,20337.5,1.146592e-06,5.73296e-06,0
20340.0,20345.0,20342.5,3.430188e-06,1.715094e-05,0
20345.0,20350.0,20347.5,2.279736e-06,1.139868e-05,0
20350.0,20355.0,20352.5,2.260412e-06,1.130206e-05,0
20355.0,20360.0,20357.5,3.435646e-06,1.717823e-05,0
20360.0,20365.0,20362.5,5.693748e-06,2.846874e-05,0
20365.0,20370.0,20367.5,1.147316e-06,5.73658e-06,0
20375.0,20380.0,20377.5,3.436926e-06,1.718463e-05,0
20380.0,20385.0,20382.5,1.140316e-06,5.70158e-06,0
20385.0,20390.0,20387.5,1.133144e-06,5.66572e-06,0
20390.0,20395.0,20392.5,6.857972e-06,3.428986e-05,0
20395.0,20400.0,20397.5,5.725198e-06,2.862599e-05,0
20400.0,20405.0,20402.5,1.140316e-06,5.70158e-06,0
20405.0,20410.0,20407.5,4.5788e-06,2.2894e-05,0
20410.0,20415.0,20412.5,1.142466e-06,5.71233e-06,0
20415.0,20420.0,20417.5,4.590906e-06,2.295453e-05,0
20420.0,20425.0,20422.5,3.407908e-06,1.703954e-05,0
20425.0,20430.0,20427.5,3.446484e-06,1.723242e-05,0
20430.0,20435.0,20432.5,1.133144e-06,5.66572e-06,0
20435.0,20440.0,20437.5,2.28961e-06,1.144805e-05,0
20440.0,20445.0,20442.5,4.560764e-06,2.280382e-05,0
20445.0,20450.0,20447.5,2.289782e-06,1.144891e-05,0
20450.0,20455.0,20452.5,3.414762e-06,1.707381e-05,0
20455.0,20460.0,20457.5,3.425988e-06,1.712994e-05,0
20460.0,20465.0,20462.5,3.42401e-06,1.712005e-05,0
20465.0,20470.0,20467.5,6.870642e-06,3.435321e-05,0
20470.0,20475.0,20472.5,3.415706e-06,1.707853e-05,0
20475.0,20480.0,20477.5,2.26157e-06,1.130785e-05,0
20480.0,20485.0,20482.5,4.57455e-06,2.287275e-05,0
20485.0,20490.0,20487.5,2.260412e-06,1.130206e-05,0
20490.0,20495.0,20492.5,4.564188e-06,2.282094e-05,0
20495.0,20500.0,20497.5,3.400582e-06,1.700291e-05,0
20500.0,20505.0,20502.5,4.563676e-06,2.281838e-05,0
20505.0,20510.0,20507.5,1.140316e-06,5.70158e-06,0
20510.0,20515.0,20512.5,8.025668e-06,4.012834e-05,0
20515.0,20520.0,20517.5,3.415926e-06,1.707963e-05,0
20520.0,20525.0,20522.5,2.25454e-06,1.12727e-05,0
20525.0,20530.0,20527.5,4.557804e-06,2.278902e-05,0
20530.0,20535.0,20532.5,4.592318e-06,2.296159e-05,0
20535.0,20540.0,20537.5,3.459932e-06,1.729966e-05,0
20540.0,20545.0,20542.5,4.590658e-06,2.295329e-05,0
20545.0,20550.0,20547.5,4.579426e-06,2.289713e-05,0
20550.0,20555.0,20552.5,2.299138e-06,1.149569e-05,0
20555.0,20560.0,20557.5,1.147316e-06,5.73658e-06,0
20560.0,20565.0,20562.5,1.146592e-06,5.73296e-06,0
20570.0,20575.0,20572.5,2.282438e-06,1.141219e-05,0
20575.0,20580.0,20577.5,2.29176e-06,1.14588e-05,0
20580.0,20585.0,20582.5,5.755814e-06,2.877907e-05,0
20585.0,20590.0,20587.5,1.149294e-06,5.74647e-06,0
20590.0,20595.0,20592.5,2.26157e-06,1.130785e-05,0
20595.0,20600.0,20597.5,1.134302e-06,5.67151e-06,0
20600.0,20605.0,20602.5,2.260412e-06,1.130206e-05,0
20605.0,20610.0,20607.5,5.713728e-06,2.856864e-05,0
20610.0,20615.0,20612.5,4.559344e-06,2.279672e-05,0
20615.0,20620.0,20617.5,3.406596e-06,1.703298e-05,0
20620.0,20625.0,20622.5,5.698606e-06,2.849303e-05,0
20625.0,20630.0,20627.5,2.29661e-06,1.148305e-05,0
20630.0,20635.0,20632.5,3.430098e-06,1.715049e-05,0
20635.0,20640.0,20637.5,3.423154e-06,1.711577e-05,0
20640.0,20645.0,20642.5,1.146592e-06,5.73296e-06,0
20645.0,20650.0,20647.5,4.592628e-06,2.296314e-05,0
20650.0,20655.0,20652.5,2.28394e-06,1.14197e-05,0
20655.0,20660.0,20657.5,3.415706e-06,1.707853e-05,0
20665.0,20670.0,20667.5,2.296018e-06,1.148009e-05,0
20670.0,20675.0,20672.5,2.27561e-06,1.137805e-05,0
20675.0,20680.0,20677.5,2.296742e-06,1.148371e-05,0
20680.0,20685.0,20682.5,2.305966e-06,1.152983e-05,0
20685.0,20690.0,20687.5,3.436926e-06,1.718463e-05,0
20690.0,20695.0,20692.5,5.725126e-06,2.862563e-05,0
20695.0,20700.0,20697.5,3.42121e-06,1.710605e-05,0
20700.0,20705.0,20702.5,5.695772e-06,2.847886e-05,0
20705.0,20710.0,20707.5,4.56514e-06,2.28257e-05,0
20710.0,20715.0,20712.5,2.303988e-06,1.151994e-05,0
20715.0,20720.0,20717.5,1.133144e-06,5.66572e-06,0
20725.0,20730.0,20727.5,3.425988e-06,1.712994e-05,0
20730.0,20735.0,20732.5,2.295886e-06,1.147943e-05,0
20735.0,20740.0,20737.5,3.423154e-06,1.711577e-05,0
20740.0,20745.0,20742.5,1.149426e-06,5.74713e-06,0
20745.0,20750.0,20747.5,3.439076e-06,1.719538e-05,0
20750.0,20755.0,20752.5,1.149294e-06,5.74647e-06,0
20755.0,20760.0,20757.5,4.538136e-06,2.269068e-05,0
20760.0,20765.0,20762.5,3.419028e-06,1.709514e-05,0
20765.0,20770.0,20767.5,5.724224e-06,2.862112e-05,0
20770.0,20775.0,20772.5,2.29858e-06,1.14929e-05,0
20775.0,20780.0,20777.5,3.453414e-06,1.726707e-05,0
20780.0,20785.0,20782.5,2.28961e-06,1.144805e-05,0
20785.0,20790.0,20787.5,3.414762e-06,1.707381e-05,0
20790.0,20795.0,20792.5,5.724014e-06,2.862007e-05,0
20795.0,20800.0,20797.5,5.72472e-06,2.86236e-05,0
20805.0,20810.0,20807.5,1.134302e-06,5.67151e-06,0
20810.0,20815.0,20812.5,2.29661e-06,1.148305e-05,0
20815.0,20820.0,20817.5,2.303988e-06,1.151994e-05,0
20820.0,20825.0,20822.5,3.430188e-06,1.715094e-05,0
20825.0,20830.0,20827.5,2.29661e-06,1.148305e-05,0
20830.0,20835.0,20832.5,1.134302e-06,5.67151e-06,0
20835.0,20840.0,20837.5,1.127268e-06,5.63634e-06,0
20840.0,20845.0,20842.5,2.289742e-06,1.144871e-05,0
20845.0,20850.0,20847.5,2.293908e-06,1.146954e-05,0
20850.0,20855.0,20852.5,2.283596e-06,1.141798e-05,0
20860.0,20865.0,20862.5,2.290974e-06,1.145487e-05,0
20865.0,20870.0,20867.5,1.142466e-06,5.71233e-06,0
20870.0,20875.0,20872.5,7.99811e-06,3.999055e-05,0
20875.0,20880.0,20877.5,2.283728e-06,1.141864e-05,0
20885.0,20890.0,20887.5,2.29661e-06,1.148305e-05,0
20900.0,20905.0,20902.5,2.290974e-06,1.145487e-05,0
20905.0,20910.0,20907.5,4.577636e-06,2.288818e-05,0
20910.0,20915.0,20912.5,1.156672e-06,5.78336e-06,0
20915.0,20920.0,20917.5,3.402878e-06,1.701439e-05,0
20920.0,20925.0,20922.5,4.550628e-06,2.275314e-05,0
20925.0,20930.0,20927.5,3.439076e-06,1.719538e-05,0
20930.0,20935.0,20932.5,6.88767e-06,3.443835e-05,0
20935.0,20940.0,20937.5,2.289058e-06,1.144529e-05,0
20940.0,20945.0,20942.5,3.395868e-06,1.697934e-05,0
20945.0,20950.0,20947.5,2.27386e-06,1.13693e-05,0
20950.0,20955.0,20952.5,4.550558e-06,2.275279e-05,0
20955.0,20960.0,20957.5,3.444304e-06,1.722152e-05,0
20960.0,20965.0,20962.5,3.417084e-06,1.708542e-05,0
20965.0,20970.0,20967.5,2.276562e-06,1.138281e-05,0
20975.0,20980.0,20977.5,3.416872e-06,1.708436e-05,0
20980.0,20985.0,20982.5,6.819958e-06,3.409979e-05,0
20985.0,20990.0,20987.5,1.147316e-06,5.73658e-06,0
20990.0,20995.0,20992.5,2.296742e-06,1.148371e-05,0
20995.0,21000.0,20997.5,2.296018e-06,1.148009e-05,0
21000.0,21005.0,21002.5,5.72404e-06,2.86202e-05,0
21005.0,21010.0,21007.5,4.576908e-06,2.288454e-05,0
21015.0,21020.0,21017.5,5.708196e-06,2.854098e-05,0
21020.0,21025.0,21022.5,4.597858e-06,2.298929e-05,0
21025.0,21030.0,21027.5,2.303988e-06,1.151994e-05,0
21035.0,21040.0,21037.5,1.147316e-06,5.73658e-06,0
21040.0,21045.0,21042.5,2.276768e-06,1.138384e-05,0
21045.0,21050.0,21047.5,1.127268e-06,5.63634e-06,0
21050.0,21055.0,21052.5,2.282438e-06,1.141219e-05,0
21055.0,21060.0,21057.5,4.577636e-06,2.288818e-05,0
21060.0,21065.0,21062.5,2.296742e-06,1.148371e-05,0
21065.0,21070.0,21067.5,1.149426e-06,5.74713e-06,0
21070.0,21075.0,21072.5,4.573444e-06,2.286722e-05,0
21075.0,21080.0,21077.5,2.289742e-06,1.144871e-05,0
21080.0,21085.0,21082.5,7.966256e-06,3.983128e-05,0
21085.0,21090.0,21087.5,1.127268e-06,5.63634e-06,0
21100.0,21105.0,21102.5,5.705406e-06,2.852703e-05,0
21105.0,21110.0,21107.5,2.281618e-06,1.140809e-05,0
21110.0,21115.0,21112.5,4.558342e-06,2.279171e-05,0
21115.0,21120.0,21117.5,3.43032e-06,1.71516e-05,0
21120.0,21125.0,21122.5,3.446454e-06,1.723227e-05,0
21125.0,21130.0,21127.5,2.306098e-06,1.153049e-05,0
21130.0,21135.0,21132.5,4.592768e-06,2.296384e-05,0
21140.0,21145.0,21142.5,2.281618e-06,1.140809e-05,0
21145.0,21150.0,21147.5,2.296742e-06,1.148371e-05,0
21150.0,21155.0,21152.5,1.149426e-06,5.74713e-06,0
21155.0,21160.0,21157.5,3.443202e-06,1.721601e-05,0
21160.0,21165.0,21162.5,1.140316e-06,5.70158e-06,0
21165.0,21170.0,21167.5,3.434956e-06,1.717478e-05,0
21170.0,21175.0,21172.5,2.28046e-06,1.14023e-05,0
21180.0,21185.0,21182.5,1.149426e-06,5.74713e-06,0
21185.0,21190.0,21187.5,3.429886e-06,1.714943e-05,0
21190.0,21195.0,21192.5,1.127268e-06,5.63634e-06,0
21195.0,21200.0,21197.5,4.563676e-06,2.281838e-05,0
21200.0,21205.0,21202.5,3.420776e-06,1.710388e-05,0
21205.0,21210.0,21207.5,5.664452e-06,2.832226e-05,0
21210.0,21215.0,21212.5,1.146592e-06,5.73296e-06,0
21215.0,21220.0,21217.5,2.303988e-06,1.151994e-05,0
21225.0,21230.0,21227.5,4.571572e-06,2.285786e-05,0
21230.0,21235.0,21232.5,7.993774e-06,3.996887e-05,0
21235.0,21240.0,21237.5,2.274584e-06,1.137292e-05,0
21240.0,21245.0,21242.5,2.295886e-06,1.147943e-05,0
21250.0,21255.0,21252.5,5.678438e-06,2.839219e-05,0
21255.0,21260.0,21257.5,2.269734e-06,1.134867e-05,0
21260.0,21265.0,21262.5,3.409838e-06,1.704919e-05,0
21265.0,21270.0,21267.5,3.408162e-06,1.704081e-05,0
21270.0,21275.0,21272.5,4.571202e-06,2.285601e-05,0
21275.0,21280.0,21277.5,3.436408e-06,1.718204e-05,0
21280.0,21285.0,21282.5,3.449852e-06,1.724926e-05,0
21290.0,21295.0,21292.5,3.446454e-06,1.723227e-05,0
21295.0,21300.0,21297.5,5.720488e-06,2.860244e-05,0
21300.0,21305.0,21302.5,2.279736e-06,1.139868e-05,0
21305.0,21310.0,21307.5,1.149426e-06,5.74713e-06,0
21310.0,21315.0,21312.5,2.290974e-06,1.145487e-05,0
21315.0,21320.0,21317.5,2.279736e-06,1.139868e-05,0
21320.0,21325.0,21322.5,2.306098e-06,1.153049e-05,0
21325.0,21330.0,21327.5,1.127268e-06,5.63634e-06,0
21330.0,21335.0,21332.5,2.280894e-06,1.140447e-05,0
21335.0,21340.0,21337.5,4.582996e-06,2.291498e-05,0
21340.0,21345.0,21342.5,3.445896e-06,1.722948e-05,0
21345.0,21350.0,21347.5,3.409838e-06,1.704919e-05,0
21350.0,21355.0,21352.5,4.53015e-06,2.265075e-05,0
21355.0,21360.0,21357.5,3.436374e-06,1.718187e-05,0
21360.0,21365.0,21362.5,1.149426e-06,5.74713e-06,0
21365.0,21370.0,21367.5,1.142466e-06,5.71233e-06,0
21370.0,21375.0,21372.5,4.552304e-06,2.276152e-05,0
21375.0,21380.0,21377.5,3.429886e-06,1.714943e-05,0
21380.0,21385.0,21382.5,2.290974e-06,1.145487e-05,0
21385.0,21390.0,21387.5,6.849202e-06,3.424601e-05,0
21395.0,21400.0,21397.5,1.127268e-06,5.63634e-06,0
21400.0,21405.0,21402.5,2.31334e-06,1.15667e-05,0
21405.0,21410.0,21407.5,2.289058e-06,1.144529e-05,0
21410.0,21415.0,21412.5,2.306098e-06,1.153049e-05,0
21415.0,21420.0,21417.5,1.133144e-06,5.66572e-06,0
21420.0,21425.0,21422.5,2.269734e-06,1.134867e-05,0
21425.0,21430.0,21427.5,3.39944e-06,1.69972e-05,0
21430.0,21435.0,21432.5,3.42336e-06,1.71168e-05,0
21435.0,21440.0,21437.5,3.394714e-06,1.697357e-05,0
21440.0,21445.0,21442.5,2.299138e-06,1.149569e-05,0
21445.0,21450.0,21447.5,4.597168e-06,2.298584e-05,0
21450.0,21455.0,21452.5,1.134302e-06,5.67151e-06,0
21455.0,21460.0,21457.5,3.387684e-06,1.693842e-05,0
21460.0,21465.0,21462.5,2.293908e-06,1.146954e-05,0
21465.0,21470.0,21467.5,3.421934e-06,1.710967e-05,0
21470.0,21475.0,21472.5,2.27561e-06,1.137805e-05,0
21475.0,21480.0,21477.5,3.431044e-06,1.715522e-05,0
21480.0,21485.0,21482.5,1.147316e-06,5.73658e-06,0
21485.0,21490.0,21487.5,3.425272e-06,1.712636e-05,0
21490.0,21495.0,21492.5,1.127268e-06,5.63634e-06,0
21495.0,21500.0,21497.5,3.43344e-06,1.71672e-05,0
21500.0,21505.0,21502.5,1.149294e-06,5.74647e-06,0
21505.0,21510.0,21507.5,2.274584e-06,1.137292e-05,0
21510.0,21515.0,21512.5,5.678488e-06,2.839244e-05,0
21515.0,21520.0,21517.5,1.146592e-06,5.73296e-06,0
21520.0,21525.0,21522.5,3.410996e-06,1.705498e-05,0
21525.0,21530.0,21527.5,6.853996e-06,3.426998e-05,0
21530.0,21535.0,21532.5,1.142466e-06,5.71233e-06,0
21535.0,21540.0,21537.5,2.289782e-06,1.144891e-05,0
21545.0,21550.0,21547.5,2.279736e-06,1.139868e-05,0
21550.0,21555.0,21552.5,4.570268e-06,2.285134e-05,0
21555.0,21560.0,21557.5,2.286908e-06,1.143454e-05,0
21560.0,21565.0,21562.5,1.127268e-06,5.63634e-06,0
21570.0,21575.0,21572.5,6.8274e-06,3.4137e-05,0
21575.0,21580.0,21577.5,3.415574e-06,1.707787e-05,0
21580.0,21585.0,21582.5,2.276694e-06,1.138347e-05,0
21590.0,21595.0,21592.5,4.599874e-06,2.299937e-05,0
21595.0,21600.0,21597.5,3.431256e-06,1.715628e-05,0
21605.0,21610.0,21607.5,1.142466e-06,5.71233e-06,0
21610.0,21615.0,21612.5,1.134302e-06,5.67151e-06,0
21615.0,21620.0,21617.5,1.127268e-06,5.63634e-06,0
21620.0,21625.0,21622.5,3.442606e-06,1.721303e-05,0
21630.0,21635.0,21632.5,3.423154e-06,1.711577e-05,0
21635.0,21640.0,21637.5,4.594746e-06,2.297373e-05,0
21640.0,21645.0,21642.5,2.29661e-06,1.148305e-05,0
21650.0,21655.0,21652.5,3.437132e-06,1.718566e-05,0
21655.0,21660.0,21657.5,2.293908e-06,1.146954e-05,0
21660.0,21665.0,21662.5,1.134302e-06,5.67151e-06,0
21665.0,21670.0,21667.5,4.563022e-06,2.281511e-05,0
21670.0,21675.0,21672.5,2.303988e-06,1.151994e-05,0
21675.0,21680.0,21677.5,5.717962e-06,2.858981e-05,0
21680.0,21685.0,21682.5,2.274618e-06,1.137309e-05,0
21685.0,21690.0,21687.5,5.670466e-06,2.835233e-05,0
21690.0,21695.0,21692.5,5.70512e-06,2.85256e-05,0
21695.0,21700.0,21697.5,1.142466e-06,5.71233e-06,0
21700.0,21705.0,21702.5,5.704044e-06,2.852022e-05,0
21705.0,21710.0,21707.5,1.149426e-06,5.74713e-06,0
21710.0,21715.0,21712.5,2.31334e-06,1.15667e-05,0
21715.0,21720.0,21717.5,4.567378e-06,2.283689e-05,0
21725.0,21730.0,21727.5,3.415926e-06,1.707963e-05,0
21730.0,21735.0,21732.5,1.146592e-06,5.73296e-06,0
21735.0,21740.0,21737.5,4.574698e-06,2.287349e-05,0
21740.0,21745.0,21742.5,2.28046e-06,1.14023e-05,0
21745.0,21750.0,21747.5,4.536014e-06,2.268007e-05,0
21755.0,21760.0,21757.5,3.432208e-06,1.716104e-05,0
21760.0,21765.0,21762.5,2.29886e-06,1.14943e-05,0
21775.0,21780.0,21777.5,4.57047e-06,2.285235e-05,0
21780.0,21785.0,21782.5,1.127268e-06,5.63634e-06,0
21785.0,21790.0,21787.5,2.28257e-06,1.141285e-05,0
21790.0,21795.0,21792.5,2.29661e-06,1.148305e-05,0
21800.0,21805.0,21802.5,2.28257e-06,1.141285e-05,0
21805.0,21810.0,21807.5,1.156672e-06,5.78336e-06,0
21810.0,21815.0,21812.5,1.140316e-06,5.70158e-06,0
21815.0,21820.0,21817.5,2.276768e-06,1.138384e-05,0
21820.0,21825.0,21822.5,3.430532e-06,1.715266e-05,0
21825.0,21830.0,21827.5,2.303988e-06,1.151994e-05,0
21830.0,21835.0,21832.5,2.296988e-06,1.148494e-05,0
21840.0,21845.0,21842.5,3.41916e-06,1.70958e-05,0
21845.0,21850.0,21847.5,1.147316e-06,5.73658e-06,0
21850.0,21855.0,21852.5,1.156672e-06,5.78336e-06,0
21855.0,21860.0,21857.5,1.149426e-06,5.74713e-06,0
21870.0,21875.0,21872.5,1.127268e-06,5.63634e-06,0
21875.0,21880.0,21877.5,2.303988e-06,1.151994e-05,0
21880.0,21885.0,21882.5,2.296018e-06,1.148009e-05,0
21885.0,21890.0,21887.5,2.295886e-06,1.147943e-05,0
21890.0,21895.0,21892.5,2.279736e-06,1.139868e-05,0
21895.0,21900.0,21897.5,1.133144e-06,5.66572e-06,0
21900.0,21905.0,21902.5,3.436408e-06,1.718204e-05,0
21905.0,21910.0,21907.5,1.140316e-06,5.70158e-06,0
21910.0,21915.0,21912.5,1.147316e-06,5.73658e-06,0
21915.0,21920.0,21917.5,2.299138e-06,1.149569e-05,0
21925.0,21930.0,21927.5,4.5644e-06,2.2822e-05,0
21930.0,21935.0,21932.5,2.274618e-06,1.137309e-05,0
21935.0,21940.0,21937.5,2.286908e-06,1.143454e-05,0
21940.0,21945.0,21942.5,1.142466e-06,5.71233e-06,0
21945.0,21950.0,21947.5,5.74237e-06,2.871185e-05,0
21950.0,21955.0,21952.5,1.134302e-06,5.67151e-06,0
21955.0,21960.0,21957.5,2.27561e-06,1.137805e-05,0
21960.0,21965.0,21962.5,4.602708e-06,2.301354e-05,0
21965.0,21970.0,21967.5,1.156672e-06,5.78336e-06,0
21970.0,21975.0,21972.5,2.269734e-06,1.134867e-05,0
21975.0,21980.0,21977.5,3.414038e-06,1.707019e-05,0
21980.0,21985.0,21982.5,3.434956e-06,1.717478e-05,0
21985.0,21990.0,21987.5,3.445452e-06,1.722726e-05,0
21990.0,21995.0,21992.5,5.680456e-06,2.840228e-05,0
21995.0,22000.0,21997.5,2.27386e-06,1.13693e-05,0
22000.0,22005.0,22002.5,2.31334e-06,1.15667e-05,0
22005.0,22010.0,22007.5,2.296018e-06,1.148009e-05,0
22010.0,22015.0,22012.5,2.290974e-06,1.145487e-05,0
22015.0,22020.0,22017.5,3.415926e-06,1.707963e-05,0
22020.0,22025.0,22022.5,3.42401e-06,1.712005e-05,0
22025.0,22030.0,22027.5,2.31334e-06,1.15667e-05,0
22030.0,22035.0,22032.5,4.607248e-06,2.303624e-05,0
22035.0,22040.0,22037.5,3.407728e-06,1.703864e-05,0
22040.0,22045.0,22042.5,1.156672e-06,5.78336e-06,0
22045.0,22050.0,22047.5,4.585072e-06,2.292536e-05,0
22050.0,22055.0,22052.5,3.44573e-06,1.722865e-05,0
22055.0,22060.0,22057.5,1.133144e-06,5.66572e-06,0
22060.0,22065.0,22062.5,3.42401e-06,1.712005e-05,0
22065.0,22070.0,22067.5,3.444304e-06,1.722152e-05,0
22070.0,22075.0,22072.5,1.142466e-06,5.71233e-06,0
22075.0,22080.0,22077.5,2.289782e-06,1.144891e-05,0
22080.0,22085.0,22082.5,2.289782e-06,1.144891e-05,0
22085.0,22090.0,22087.5,1.147316e-06,5.73658e-06,0
22090.0,22095.0,22092.5,2.260412e-06,1.130206e-05,0
22095.0,22100.0,22097.5,1.133144e-06,5.66572e-06,0
22100.0,22105.0,22102.5,3.436334e-06,1.718167e-05,0
22110.0,22115.0,22112.5,1.142466e-06,5.71233e-06,0
22115.0,22120.0,22117.5,4.555338e-06,2.277669e-05,0
22120.0,22125.0,22122.5,5.690802e-06,2.845401e-05,0
22125.0,22130.0,22127.5,1.147316e-06,5.73658e-06,0
22130.0,22135.0,22132.5,1.156672e-06,5.78336e-06,0
22135.0,22140.0,22137.5,3.452558e-06,1.726279e-05,0
22140.0,22145.0,22142.5,3.439454e-06,1.719727e-05,0
22145.0,22150.0,22147.5,3.432004e-06,1.716002e-05,0
22150.0,22155.0,22152.5,1.140316e-06,5.70158e-06,0
22155.0,22160.0,22157.5,3.441186e-06,1.720593e-05,0
22160.0,22165.0,22162.5,3.41705e-06,1.708525e-05,0
22165.0,22170.0,22167.5,1.127268e-06,5.63634e-06,0
22170.0,22175.0,22172.5,1.142466e-06,5.71233e-06,0
22175.0,22180.0,22177.5,1.149426e-06,5.74713e-06,0
22190.0,22195.0,22192.5,3.42121e-06,1.710605e-05,0
22195.0,22200.0,22197.5,4.56664e-06,2.28332e-05,0
22200.0,22205.0,22202.5,1.156672e-06,5.78336e-06,0
22205.0,22210.0,22207.5,1.133144e-06,5.66572e-06,0
22220.0,22225.0,22222.5,1.142466e-06,5.71233e-06,0
22225.0,22230.0,22227.5,4.585834e-06,2.292917e-05,0
22230.0,22235.0,22232.5,2.26628e-06,1.13314e-05,0
22235.0,22240.0,22237.5,5.745016e-06,2.872508e-05,0
22240.0,22245.0,22242.5,3.426324e-06,1.713162e-05,0
22250.0,22255.0,22252.5,2.293908e-06,1.146954e-05,0
22255.0,22260.0,22257.5,2.282782e-06,1.141391e-05,0
22260.0,22265.0,22262.5,4.57382e-06,2.28691e-05,0
22265.0,22270.0,22267.5,3.443202e-06,1.721601e-05,0
22270.0,22275.0,22272.5,3.423286e-06,1.711643e-05,0
22275.0,22280.0,22277.5,4.57712e-06,2.28856e-05,0
22280.0,22285.0,22282.5,3.440496e-06,1.720248e-05,0
22285.0,22290.0,22287.5,2.280894e-06,1.140447e-05,0
22290.0,22295.0,22292.5,1.140316e-06,5.70158e-06,0
22295.0,22300.0,22297.5,3.441326e-06,1.720663e-05,0
22305.0,22310.0,22307.5,1.156672e-06,5.78336e-06,0
22310.0,22315.0,22312.5,2.280894e-06,1.140447e-05,0
22315.0,22320.0,22317.5,2.290974e-06,1.145487e-05,0
22325.0,22330.0,22327.5,2.282438e-06,1.141219e-05,0
22330.0,22335.0,22332.5,1.146592e-06,5.73296e-06,0
22335.0,22340.0,22337.5,2.26157e-06,1.130785e-05,0
22345.0,22350.0,22347.5,3.414762e-06,1.707381e-05,0
22355.0,22360.0,22357.5,3.417084e-06,1.708542e-05,0
22365.0,22370.0,22367.5,3.448564e-06,1.724282e-05,0
22370.0,22375.0,22372.5,2.291892e-06,1.145946e-05,0
22375.0,22380.0,22377.5,3.42903e-06,1.714515e-05,0
22385.0,22390.0,22387.5,1.134302e-06,5.67151e-06,0
22390.0,22395.0,22392.5,4.591366e-06,2.295683e-05,0
22395.0,22400.0,22397.5,2.28046e-06,1.14023e-05,0
22400.0,22405.0,22402.5,1.133144e-06,5.66572e-06,0
22405.0,22410.0,22407.5,3.448154e-06,1.724077e-05,0
22415.0,22420.0,22417.5,2.276768e-06,1.138384e-05,0
22420.0,22425.0,22422.5,1.146592e-06,5.73296e-06,0
22425.0,22430.0,22427.5,1.134302e-06,5.67151e-06,0
22430.0,22435.0,22432.5,4.544356e-06,2.272178e-05,0
22435.0,22440.0,22437.5,2.280894e-06,1.140447e-05,0
22440.0,22445.0,22442.5,1.142466e-06,5.71233e-06,0
22445.0,22450.0,22447.5,1.146592e-06,5.73296e-06,0
22450.0,22455.0,22452.5,2.279736e-06,1.139868e-05,0
22455.0,22460.0,22457.5,3.41916e-06,1.70958e-05,0
22460.0,22465.0,22462.5,2.296742e-06,1.148371e-05,0
22465.0,22470.0,22467.5,1.146592e-06,5.73296e-06,0
22470.0,22475.0,22472.5,2.269734e-06,1.134867e-05,0
22475.0,22480.0,22477.5,2.289816e-06,1.144908e-05,0
22480.0,22485.0,22482.5,4.557022e-06,2.278511e-05,0
22485.0,22490.0,22487.5,1.147316e-06,5.73658e-06,0
22490.0,22495.0,22492.5,6.858768e-06,3.429384e-05,0
22495.0,22500.0,22497.5,4.595848e-06,2.297924e-05,0
22500.0,22505.0,22502.5,2.31334e-06,1.15667e-05,0
22510.0,22515.0,22512.5,1.147316e-06,5.73658e-06,0
22515.0,22520.0,22517.5,1.142466e-06,5.71233e-06,0
22525.0,22530.0,22527.5,3.423878e-06,1.711939e-05,0
22535.0,22540.0,22537.5,2.306098e-06,1.153049e-05,0
22540.0,22545.0,22542.5,1.149294e-06,5.74647e-06,0
22545.0,22550.0,22547.5,2.293908e-06,1.146954e-05,0
22550.0,22555.0,22552.5,3.426194e-06,1.713097e-05,0
22555.0,22560.0,22557.5,1.149426e-06,5.74713e-06,0
22560.0,22565.0,22562.5,2.299138e-06,1.149569e-05,0
22565.0,22570.0,22567.5,1.149426e-06,5.74713e-06,0
22570.0,22575.0,22572.5,6.86765e-06,3.433825e-05,0
22575.0,22580.0,22577.5,3.401132e-06,1.700566e-05,0
22580.0,22585.0,22582.5,5.687562e-06,2.843781e-05,0
22585.0,22590.0,22587.5,3.438484e-06,1.719242e-05,0
22590.0,22595.0,22592.5,2.289058e-06,1.144529e-05,0
22595.0,22600.0,22597.5,3.446282e-06,1.723141e-05,0
22600.0,22605.0,22602.5,2.28494e-06,1.14247e-05,0
22605.0,22610.0,22607.5,1.149294e-06,5.74647e-06,0
22610.0,22615.0,22612.5,1.149294e-06,5.74647e-06,0
22615.0,22620.0,22617.5,3.393548e-06,1.696774e-05,0
22620.0,22625.0,22622.5,1.147316e-06,5.73658e-06,0
22625.0,22630.0,22627.5,3.426406e-06,1.713203e-05,0
22630.0,22635.0,22632.5,1.146592e-06,5.73296e-06,0
22635.0,22640.0,22637.5,1.147316e-06,5.73658e-06,0
22640.0,22645.0,22642.5,3.426406e-06,1.713203e-05,0
22645.0,22650.0,22647.5,2.303264e-06,1.151632e-05,0
22655.0,22660.0,22657.5,4.53718e-06,2.26859e-05,0
22660.0,22665.0,22662.5,1.146592e-06,5.73296e-06,0
22665.0,22670.0,22667.5,2.282438e-06,1.141219e-05,0
22675.0,22680.0,22677.5,3.43032e-06,1.71516e-05,0
22685.0,22690.0,22687.5,1.149294e-06,5.74647e-06,0
22690.0,22695.0,22692.5,2.27561e-06,1.137805e-05,0
22695.0,22700.0,22697.5,1.134302e-06,5.67151e-06,0
22705.0,22710.0,22707.5,1.146592e-06,5.73296e-06,0
22710.0,22715.0,22712.5,2.296018e-06,1.148009e-05,0
22715.0,22720.0,22717.5,1.149426e-06,5.74713e-06,0
22725.0,22730.0,22727.5,2.29176e-06,1.14588e-05,0
22735.0,22740.0,22737.5,3.403834e-06,1.701917e-05,0
22740.0,22745.0,22742.5,2.282438e-06,1.141219e-05,0
22745.0,22750.0,22747.5,3.423912e-06,1.711956e-05,0
22760.0,22765.0,22762.5,4.55621e-06,2.278105e-05,0
22765.0,22770.0,22767.5,2.289782e-06,1.144891e-05,0
22770.0,22775.0,22772.5,2.293908e-06,1.146954e-05,0
22775.0,22780.0,22777.5,2.306098e-06,1.153049e-05,0
22785.0,22790.0,22787.5,2.29176e-06,1.14588e-05,0
22790.0,22795.0,22792.5,2.29661e-06,1.148305e-05,0
22795.0,22800.0,22797.5,6.855576e-06,3.427788e-05,0
22800.0,22805.0,22802.5,2.289742e-06,1.144871e-05,0
22805.0,22810.0,22807.5,2.286908e-06,1.143454e-05,0
22810.0,22815.0,22812.5,3.434366e-06,1.717183e-05,0
22815.0,22820.0,22817.5,3.422952e-06,1.711476e-05,0
22820.0,22825.0,22822.5,1.146592e-06,5.73296e-06,0
22825.0,22830.0,22827.5,1.146592e-06,5.73296e-06,0
22830.0,22835.0,22832.5,2.26157e-06,1.130785e-05,0
22835.0,22840.0,22837.5,2.276562e-06,1.138281e-05,0
22840.0,22845.0,22842.5,3.42821e-06,1.714105e-05,0
22845.0,22850.0,22847.5,3.438352e-06,1.719176e-05,0
22850.0,22855.0,22852.5,1.146592e-06,5.73296e-06,0
22855.0,22860.0,22857.5,1.146592e-06,5.73296e-06,0
22860.0,22865.0,22862.5,1.134302e-06,5.67151e-06,0
22865.0,22870.0,22867.5,1.146592e-06,5.73296e-06,0
22870.0,22875.0,22872.5,3.449852e-06,1.724926e-05,0
22875.0,22880.0,22877.5,1.149294e-06,5.74647e-06,0
22880.0,22885.0,22882.5,2.281618e-06,1.140809e-05,0
22900.0,22905.0,22902.5,1.140316e-06,5.70158e-06,0
22905.0,22910.0,22907.5,2.260412e-06,1.130206e-05,0
22910.0,22915.0,22912.5,1.133144e-06,5.66572e-06,0
22925.0,22930.0,22927.5,2.289058e-06,1.144529e-05,0
22930.0,22935.0,22932.5,3.431256e-06,1.715628e-05,0
22935.0,22940.0,22937.5,2.28064e-06,1.14032e-05,0
22940.0,22945.0,22942.5,1.156672e-06,5.78336e-06,0
22945.0,22950.0,22947.5,1.133144e-06,5.66572e-06,0
22950.0,22955.0,22952.5,3.432282e-06,1.716141e-05,0
22955.0,22960.0,22957.5,1.142466e-06,5.71233e-06,0
22960.0,22965.0,22962.5,2.27561e-06,1.137805e-05,0
22965.0,22970.0,22967.5,3.441046e-06,1.720523e-05,0
22975.0,22980.0,22977.5,2.274584e-06,1.137292e-05,0
22980.0,22985.0,22982.5,2.274584e-06,1.137292e-05,0
22985.0,22990.0,22987.5,1.140316e-06,5.70158e-06,0
22995.0,23000.0,22997.5,2.291892e-06,1.145946e-05,0
23000.0,23005.0,23002.5,1.142466e-06,5.71233e-06,0
23005.0,23010.0,23007.5,1.134302e-06,5.67151e-06,0
23015.0,23020.0,23017.5,1.142466e-06,5.71233e-06,0
23020.0,23025.0,23022.5,2.28046e-06,1.14023e-05,0
23025.0,23030.0,23027.5,1.140316e-06,5.70158e-06,0
23030.0,23035.0,23032.5,3.445452e-06,1.722726e-05,0
23040.0,23045.0,23042.5,3.427784e-06,1.713892e-05,0
23045.0,23050.0,23047.5,1.134302e-06,5.67151e-06,0
23050.0,23055.0,23052.5,3.45269e-06,1.726345e-05,0
23055.0,23060.0,23057.5,1.146592e-06,5.73296e-06,0
23060.0,23065.0,23062.5,1.156672e-06,5.78336e-06,0
23065.0,23070.0,23067.5,2.299138e-06,1.149569e-05,0
23070.0,23075.0,23072.5,2.296018e-06,1.148009e-05,0
23075.0,23080.0,23077.5,1.142466e-06,5.71233e-06,0
23085.0,23090.0,23087.5,1.133144e-06,5.66572e-06,0
23095.0,23100.0,23097.5,3.431532e-06,1.715766e-05,0
23100.0,23105.0,23102.5,1.134302e-06,5.67151e-06,0
23105.0,23110.0,23107.5,1.149426e-06,5.74713e-06,0
23110.0,23115.0,23112.5,3.407004e-06,1.703502e-05,0
23115.0,23120.0,23117.5,1.134302e-06,5.67151e-06,0
23120.0,23125.0,23122.5,3.39944e-06,1.69972e-05,0
23125.0,23130.0,23127.5,2.27561e-06,1.137805e-05,0
23130.0,23135.0,23132.5,1.142466e-06,5.71233e-06,0
23135.0,23140.0,23137.5,1.149426e-06,5.74713e-06,0
23140.0,23145.0,23142.5,1.149294e-06,5.74647e-06,0
23145.0,23150.0,23147.5,3.3818e-06,1.6909e-05,0
23150.0,23155.0,23152.5,2.296018e-06,1.148009e-05,0
23155.0,23160.0,23157.5,5.710264e-06,2.855132e-05,0
23160.0,23165.0,23162.5,1.147316e-06,5.73658e-06,0
23170.0,23175.0,23172.5,3.423286e-06,1.711643e-05,0
23175.0,23180.0,23177.5,1.149426e-06,5.74713e-06,0
23185.0,23190.0,23187.5,1.134302e-06,5.67151e-06,0
23195.0,23200.0,23197.5,3.446454e-06,1.723227e-05,0
23200.0,23205.0,23202.5,1.146592e-06,5.73296e-06,0
23210.0,23215.0,23212.5,1.133144e-06,5.66572e-06,0
23215.0,23220.0,23217.5,3.401886e-06,1.700943e-05,0
23220.0,23225.0,23222.5,2.281618e-06,1.140809e-05,0
23225.0,23230.0,23227.5,1.156672e-06,5.78336e-06,0
23230.0,23235.0,23232.5,1.149426e-06,5.74713e-06,0
23235.0,23240.0,23237.5,1.133144e-06,5.66572e-06,0
23240.0,23245.0,23242.5,1.149294e-06,5.74647e-06,0
23255.0,23260.0,23257.5,3.425036e-06,1.712518e-05,0
23260.0,23265.0,23262.5,3.459932e-06,1.729966e-05,0
23265.0,23270.0,23267.5,1.146592e-06,5.73296e-06,0
23270.0,23275.0,23272.5,1.134302e-06,5.67151e-06,0
23275.0,23280.0,23277.5,3.421908e-06,1.710954e-05,0
23280.0,23285.0,23282.5,1.147316e-06,5.73658e-06,0
23290.0,23295.0,23292.5,3.422952e-06,1.711476e-05,0
23295.0,23300.0,23297.5,2.283728e-06,1.141864e-05,0
23300.0,23305.0,23302.5,2.295886e-06,1.147943e-05,0
23305.0,23310.0,23307.5,2.27346e-06,1.13673e-05,0
23315.0,23320.0,23317.5,3.402878e-06,1.701439e-05,0
23320.0,23325.0,23322.5,1.156672e-06,5.78336e-06,0
23335.0,23340.0,23337.5,1.134302e-06,5.67151e-06,0
23340.0,23345.0,23342.5,3.446484e-06,1.723242e-05,0
23345.0,23350.0,23347.5,1.127268e-06,5.63634e-06,0
23350.0,23355.0,23352.5,1.156672e-06,5.78336e-06,0
23355.0,23360.0,23357.5,1.156672e-06,5.78336e-06,0
23360.0,23365.0,23362.5,1.142466e-06,5.71233e-06,0
23365.0,23370.0,23367.5,3.421934e-06,1.710967e-05,0
23370.0,23375.0,23372.5,1.127268e-06,5.63634e-06,0
23375.0,23380.0,23377.5,2.303264e-06,1.151632e-05,0
23380.0,23385.0,23382.5,1.142466e-06,5.71233e-06,0
23395.0,23400.0,23397.5,1.149426e-06,5.74713e-06,0
23400.0,23405.0,23402.5,1.147316e-06,5.73658e-06,0
23405.0,23410.0,23407.5,5.726532e-06,2.863266e-05,0
23415.0,23420.0,23417.5,1.149426e-06,5.74713e-06,0
23420.0,23425.0,23422.5,1.134302e-06,5.67151e-06,0
23425.0,23430.0,23427.5,1.127268e-06,5.63634e-06,0
23430.0,23435.0,23432.5,1.146592e-06,5.73296e-06,0
23445.0,23450.0,23447.5,1.149426e-06,5.74713e-06,0
23450.0,23455.0,23452.5,2.274618e-06,1.137309e-05,0
23455.0,23460.0,23457.5,1.149426e-06,5.74713e-06,0
23465.0,23470.0,23467.5,2.291892e-06,1.145946e-05,0
23475.0,23480.0,23477.5,1.156672e-06,5.78336e-06,0
23480.0,23485.0,23482.5,1.133144e-06,5.66572e-06,0
23485.0,23490.0,23487.5,2.289058e-06,1.144529e-05,0
23490.0,23495.0,23492.5,1.147316e-06,5.73658e-06,0
23495.0,23500.0,23497.5,2.276694e-06,1.138347e-05,0
23500.0,23505.0,23502.5,2.303264e-06,1.151632e-05,0
23505.0,23510.0,23507.5,4.557056e-06,2.278528e-05,0
23515.0,23520.0,23517.5,3.423878e-06,1.711939e-05,0
23520.0,23525.0,23522.5,2.28257e-06,1.141285e-05,0
23530.0,23535.0,23532.5,1.127268e-06,5.63634e-06,0
23535.0,23540.0,23537.5,3.439454e-06,1.719727e-05,0
23545.0,23550.0,23547.5,2.286908e-06,1.143454e-05,0
23550.0,23555.0,23552.5,4.57244e-06,2.28622e-05,0
23555.0,23560.0,23557.5,1.127268e-06,5.63634e-06,0
23560.0,23565.0,23562.5,1.149426e-06,5.74713e-06,0
23565.0,23570.0,23567.5,4.550008e-06,2.275004e-05,0
23570.0,23575.0,23572.5,2.276562e-06,1.138281e-05,0
23580.0,23585.0,23582.5,1.127268e-06,5.63634e-06,0
23585.0,23590.0,23587.5,1.146592e-06,5.73296e-06,0
23595.0,23600.0,23597.5,1.146592e-06,5.73296e-06,0
23600.0,23605.0,23602.5,3.448432e-06,1.724216e-05,0
23610.0,23615.0,23612.5,1.142466e-06,5.71233e-06,0
23615.0,23620.0,23617.5,1.147316e-06,5.73658e-06,0
23620.0,23625.0,23622.5,3.446454e-06,1.723227e-05,0
23625.0,23630.0,23627.5,1.127268e-06,5.63634e-06,0
23635.0,23640.0,23637.5,1.133144e-06,5.66572e-06,0
23640.0,23645.0,23642.5,2.276562e-06,1.138281e-05,0
23645.0,23650.0,23647.5,2.280894e-06,1.140447e-05,0
23650.0,23655.0,23652.5,3.452558e-06,1.726279e-05,0
23655.0,23660.0,23657.5,3.448154e-06,1.724077e-05,0
23660.0,23665.0,23662.5,1.156672e-06,5.78336e-06,0
23665.0,23670.0,23667.5,1.142466e-06,5.71233e-06,0
23670.0,23675.0,23672.5,2.27561e-06,1.137805e-05,0
23675.0,23680.0,23677.5,3.437106e-06,1.718553e-05,0
23680.0,23685.0,23682.5,2.27561e-06,1.137805e-05,0
23685.0,23690.0,23687.5,1.127268e-06,5.63634e-06,0
23700.0,23705.0,23702.5,2.296742e-06,1.148371e-05,0
23705.0,23710.0,23707.5,1.140316e-06,5.70158e-06,0
23710.0,23715.0,23712.5,1.149426e-06,5.74713e-06,0
23720.0,23725.0,23722.5,1.149426e-06,5.74713e-06,0
23725.0,23730.0,23727.5,1.147316e-06,5.73658e-06,0
23730.0,23735.0,23732.5,2.303988e-06,1.151994e-05,0
23745.0,23750.0,23747.5,1.149294e-06,5.74647e-06,0
23750.0,23755.0,23752.5,1.146592e-06,5.73296e-06,0
23765.0,23770.0,23767.5,1.133144e-06,5.66572e-06,0
23770.0,23775.0,23772.5,3.426324e-06,1.713162e-05,0
23775.0,23780.0,23777.5,1.134302e-06,5.67151e-06,0
23780.0,23785.0,23782.5,1.149426e-06,5.74713e-06,0
23795.0,23800.0,23797.5,1.133144e-06,5.66572e-06,0
23800.0,23805.0,23802.5,1.156672e-06,5.78336e-06,0
23805.0,23810.0,23807.5,2.290974e-06,1.145487e-05,0
23820.0,23825.0,23822.5,2.269734e-06,1.134867e-05,0
23840.0,23845.0,23842.5,1.149294e-06,5.74647e-06,0
23845.0,23850.0,23847.5,1.127268e-06,5.63634e-06,0
23850.0,23855.0,23852.5,1.133144e-06,5.66572e-06,0
23855.0,23860.0,23857.5,2.29661e-06,1.148305e-05,0
23860.0,23865.0,23862.5,1.149294e-06,5.74647e-06,0
23870.0,23875.0,23872.5,1.147316e-06,5.73658e-06,0
23880.0,23885.0,23882.5,3.426324e-06,1.713162e-05,0
23885.0,23890.0,23887.5,1.149426e-06,5.74713e-06,0
23890.0,23895.0,23892.5,1.142466e-06,5.71233e-06,0
23905.0,23910.0,23907.5,1.133144e-06,5.66572e-06,0
23910.0,23915.0,23912.5,1.147316e-06,5.73658e-06,0
23915.0,23920.0,23917.5,1.134302e-06,5.67151e-06,0
23920.0,23925.0,23922.5,3.434366e-06,1.717183e-05,0
23930.0,23935.0,23932.5,2.280894e-06,1.140447e-05,0
23935.0,23940.0,23937.5,1.127268e-06,5.63634e-06,0
23940.0,23945.0,23942.5,1.127268e-06,5.63634e-06,0
23950.0,23955.0,23952.5,3.404036e-06,1.702018e-05,0
23955.0,23960.0,23957.5,1.133144e-06,5.66572e-06,0
23960.0,23965.0,23962.5,2.260412e-06,1.130206e-05,0
23970.0,23975.0,23972.5,2.29318e-06,1.14659e-05,0
23985.0,23990.0,23987.5,2.29872e-06,1.14936e-05,0
23990.0,23995.0,23992.5,1.149426e-06,5.74713e-06,0
23995.0,24000.0,23997.5,1.149294e-06,5.74647e-06,0
24000.0,24005.0,24002.5,2.289058e-06,1.144529e-05,0
24005.0,24010.0,24007.5,1.156672e-06,5.78336e-06,0
24010.0,24015.0,24012.5,1.149294e-06,5.74647e-06,0
24020.0,24025.0,24022.5,1.134302e-06,5.67151e-06,0
24035.0,24040.0,24037.5,2.28257e-06,1.141285e-05,0
24040.0,24045.0,24042.5,1.149426e-06,5.74713e-06,0
24045.0,24050.0,24047.5,2.28257e-06,1.141285e-05,0
24050.0,24055.0,24052.5,1.146592e-06,5.73296e-06,0
24055.0,24060.0,24057.5,1.127268e-06,5.63634e-06,0
24060.0,24065.0,24062.5,3.449852e-06,1.724926e-05,0
24070.0,24075.0,24072.5,1.149294e-06,5.74647e-06,0
24080.0,24085.0,24082.5,2.306098e-06,1.153049e-05,0
24090.0,24095.0,24092.5,1.134302e-06,5.67151e-06,0
24095.0,24100.0,24097.5,1.149426e-06,5.74713e-06,0
24100.0,24105.0,24102.5,2.27561e-06,1.137805e-05,0
24105.0,24110.0,24107.5,2.276768e-06,1.138384e-05,0
24110.0,24115.0,24112.5,2.31334e-06,1.15667e-05,0
24125.0,24130.0,24127.5,2.27386e-06,1.13693e-05,0
24130.0,24135.0,24132.5,2.2686e-06,1.1343e-05,0
24140.0,24145.0,24142.5,1.146592e-06,5.73296e-06,0
24150.0,24155.0,24152.5,1.140316e-06,5.70158e-06,0
24155.0,24160.0,24157.5,1.149294e-06,5.74647e-06,0
24160.0,24165.0,24162.5,1.156672e-06,5.78336e-06,0
24170.0,24175.0,24172.5,1.146592e-06,5.73296e-06,0
24180.0,24185.0,24182.5,1.147316e-06,5.73658e-06,0
24185.0,24190.0,24187.5,1.140316e-06,5.70158e-06,0
24190.0,24195.0,24192.5,2.281618e-06,1.140809e-05,0
24195.0,24200.0,24197.5,2.2686e-06,1.1343e-05,0
24215.0,24220.0,24217.5,1.142466e-06,5.71233e-06,0
24220.0,24225.0,24222.5,1.127268e-06,5.63634e-06,0
24225.0,24230.0,24227.5,1.149426e-06,5.74713e-06,0
24230.0,24235.0,24232.5,1.146592e-06,5.73296e-06,0
24235.0,24240.0,24237.5,1.133144e-06,5.66572e-06,0
24240.0,24245.0,24242.5,2.26157e-06,1.130785e-05,0
24250.0,24255.0,24252.5,2.28494e-06,1.14247e-05,0
24260.0,24265.0,24262.5,2.25454e-06,1.12727e-05,0
24265.0,24270.0,24267.5,2.26157e-06,1.130785e-05,0
24280.0,24285.0,24282.5,2.289058e-06,1.144529e-05,0
24295.0,24300.0,24297.5,4.552326e-06,2.276163e-05,0
24300.0,24305.0,24302.5,1.147316e-06,5.73658e-06,0
24310.0,24315.0,24312.5,2.291892e-06,1.145946e-05,0
24315.0,24320.0,24317.5,2.29318e-06,1.14659e-05,0
24320.0,24325.0,24322.5,1.147316e-06,5.73658e-06,0
24325.0,24330.0,24327.5,1.147316e-06,5.73658e-06,0
24340.0,24345.0,24342.5,5.70512e-06,2.85256e-05,0
24350.0,24355.0,24352.5,1.142466e-06,5.71233e-06,0
24355.0,24360.0,24357.5,1.149294e-06,5.74647e-06,0
24360.0,24365.0,24362.5,1.127268e-06,5.63634e-06,0
24365.0,24370.0,24367.5,1.146592e-06,5.73296e-06,0
24370.0,24375.0,24372.5,2.269734e-06,1.134867e-05,0
24375.0,24380.0,24377.5,4.600248e-06,2.300124e-05,0
24380.0,24385.0,24382.5,4.587716e-06,2.293858e-05,0
24385.0,24390.0,24387.5,1.133144e-06,5.66572e-06,0
24400.0,24405.0,24402.5,1.142466e-06,5.71233e-06,0
24405.0,24410.0,24407.5,1.133144e-06,5.66572e-06,0
24410.0,24415.0,24412.5,2.28046e-06,1.14023e-05,0
24415.0,24420.0,24417.5,1.147316e-06,5.73658e-06,0
24420.0,24425.0,24422.5,1.142466e-06,5.71233e-06,0
24425.0,24430.0,24427.5,2.303264e-06,1.151632e-05,0
24435.0,24440.0,24437.5,2.28046e-06,1.14023e-05,0
24440.0,24445.0,24442.5,1.147316e-06,5.73658e-06,0
24445.0,24450.0,24447.5,2.290974e-06,1.145487e-05,0
24450.0,24455.0,24452.5,4.562914e-06,2.281457e-05,0
24465.0,24470.0,24467.5,3.439036e-06,1.719518e-05,0
24470.0,24475.0,24472.5,1.146592e-06,5.73296e-06,0
24490.0,24495.0,24492.5,2.282782e-06,1.141391e-05,0
24500.0,24505.0,24502.5,3.394856e-06,1.697428e-05,0
24520.0,24525.0,24522.5,2.28494e-06,1.14247e-05,0
24535.0,24540.0,24537.5,2.282782e-06,1.141391e-05,0
24540.0,24545.0,24542.5,4.59062e-06,2.29531e-05,0
24545.0,24550.0,24547.5,2.279736e-06,1.139868e-05,0
24550.0,24555.0,24552.5,2.303988e-06,1.151994e-05,0
24560.0,24565.0,24562.5,4.584882e-06,2.292441e-05,0
24565.0,24570.0,24567.5,1.127268e-06,5.63634e-06,0
24570.0,24575.0,24572.5,1.146592e-06,5.73296e-06,0
24580.0,24585.0,24582.5,1.142466e-06,5.71233e-06,0
24585.0,24590.0,24587.5,1.127268e-06,5.63634e-06,0
24590.0,24595.0,24592.5,1.149426e-06,5.74713e-06,0
24600.0,24605.0,24602.5,1.146592e-06,5.73296e-06,0
24605.0,24610.0,24607.5,2.25454e-06,1.12727e-05,0
24610.0,24615.0,24612.5,3.410996e-06,1.705498e-05,0
24615.0,24620.0,24617.5,1.133144e-06,5.66572e-06,0
24625.0,24630.0,24627.5,1.156672e-06,5.78336e-06,0
24630.0,24635.0,24632.5,2.260412e-06,1.130206e-05,0
24635.0,24640.0,24637.5,1.149426e-06,5.74713e-06,0
24655.0,24660.0,24657.5,1.149294e-06,5.74647e-06,0
24660.0,24665.0,24662.5,2.279736e-06,1.139868e-05,0
24665.0,24670.0,24667.5,4.586532e-06,2.293266e-05,0
24685.0,24690.0,24687.5,2.274584e-06,1.137292e-05,0
24690.0,24695.0,24692.5,1.134302e-06,5.67151e-06,0
24705.0,24710.0,24707.5,1.147316e-06,5.73658e-06,0
24710.0,24715.0,24712.5,2.29872e-06,1.14936e-05,0
24730.0,24735.0,24732.5,2.267584e-06,1.133792e-05,0
24735.0,24740.0,24737.5,2.289782e-06,1.144891e-05,0
24740.0,24745.0,24742.5,2.27386e-06,1.13693e-05,0
24750.0,24755.0,24752.5,1.147316e-06,5.73658e-06,0
24755.0,24760.0,24757.5,1.147316e-06,5.73658e-06,0
24770.0,24775.0,24772.5,3.424256e-06,1.712128e-05,0
24775.0,24780.0,24777.5,1.146592e-06,5.73296e-06,0
24780.0,24785.0,24782.5,1.133144e-06,5.66572e-06,0
24790.0,24795.0,24792.5,1.156672e-06,5.78336e-06,0
24795.0,24800.0,24797.5,3.443934e-06,1.721967e-05,0
24800.0,24805.0,24802.5,1.146592e-06,5.73296e-06,0
24805.0,24810.0,24807.5,1.146592e-06,5.73296e-06,0
24810.0,24815.0,24812.5,1.147316e-06,5.73658e-06,0
24815.0,24820.0,24817.5,1.147316e-06,5.73658e-06,0
24820.0,24825.0,24822.5,2.260412e-06,1.130206e-05,0
24825.0,24830.0,24827.5,2.276768e-06,1.138384e-05,0
24835.0,24840.0,24837.5,1.142466e-06,5.71233e-06,0
24845.0,24850.0,24847.5,2.29872e-06,1.14936e-05,0
24850.0,24855.0,24852.5,1.156672e-06,5.78336e-06,0
24885.0,24890.0,24887.5,2.279736e-06,1.139868e-05,0
24895.0,24900.0,24897.5,3.422202e-06,1.711101e-05,0
24900.0,24905.0,24902.5,1.146592e-06,5.73296e-06,0
24905.0,24910.0,24907.5,1.133144e-06,5.66572e-06,0
24915.0,24920.0,24917.5,2.267446e-06,1.133723e-05,0
24920.0,24925.0,24922.5,3.428942e-06,1.714471e-05,0
24935.0,24940.0,24937.5,1.133144e-06,5.66572e-06,0
24965.0,24970.0,24967.5,4.575618e-06,2.287809e-05,0
24970.0,24975.0,24972.5,2.290974e-06,1.145487e-05,0
24975.0,24980.0,24977.5,1.146592e-06,5.73296e-06,0
25010.0,25015.0,25012.5,1.140316e-06,5.70158e-06,0
25015.0,25020.0,25017.5,1.156672e-06,5.78336e-06,0
25045.0,25050.0,25047.5,3.422754e-06,1.711377e-05,0
25050.0,25055.0,25052.5,3.455806e-06,1.727903e-05,0
25055.0,25060.0,25057.5,2.29872e-06,1.14936e-05,0
25060.0,25065.0,25062.5,2.276562e-06,1.138281e-05,0
25065.0,25070.0,25067.5,3.408746e-06,1.704373e-05,0
25070.0,25075.0,25072.5,1.133144e-06,5.66572e-06,0
25080.0,25085.0,25082.5,1.134302e-06,5.67151e-06,0
25085.0,25090.0,25087.5,3.408162e-06,1.704081e-05,0
25090.0,25095.0,25092.5,1.133144e-06,5.66572e-06,0
25095.0,25100.0,25097.5,2.282438e-06,1.141219e-05,0
25105.0,25110.0,25107.5,2.295886e-06,1.147943e-05,0
25120.0,25125.0,25122.5,1.146592e-06,5.73296e-06,0
25130.0,25135.0,25132.5,2.280894e-06,1.140447e-05,0
25140.0,25145.0,25142.5,2.29858e-06,1.14929e-05,0
25160.0,25165.0,25162.5,1.156672e-06,5.78336e-06,0
25165.0,25170.0,25167.5,1.134302e-06,5.67151e-06,0
25170.0,25175.0,25172.5,1.156672e-06,5.78336e-06,0
25175.0,25180.0,25177.5,2.279736e-06,1.139868e-05,0
25185.0,25190.0,25187.5,1.146592e-06,5.73296e-06,0
25195.0,25200.0,25197.5,1.133144e-06,5.66572e-06,0
25200.0,25205.0,25202.5,2.296742e-06,1.148371e-05,0
25205.0,25210.0,25207.5,1.127268e-06,5.63634e-06,0
25215.0,25220.0,25217.5,1.133144e-06,5.66572e-06,0
25220.0,25225.0,25222.5,1.146592e-06,5.73296e-06,0
25225.0,25230.0,25227.5,1.149426e-06,5.74713e-06,0
25245.0,25250.0,25247.5,2.282782e-06,1.141391e-05,0
25250.0,25255.0,25252.5,1.133144e-06,5.66572e-06,0
25260.0,25265.0,25262.5,2.299138e-06,1.149569e-05,0
25265.0,25270.0,25267.5,1.133144e-06,5.66572e-06,0
25270.0,25275.0,25272.5,2.281618e-06,1.140809e-05,0
25280.0,25285.0,25282.5,2.29176e-06,1.14588e-05,0
25295.0,25300.0,25297.5,2.276562e-06,1.138281e-05,0
25300.0,25305.0,25302.5,1.134302e-06,5.67151e-06,0
25305.0,25310.0,25307.5,1.127268e-06,5.63634e-06,0
25310.0,25315.0,25312.5,3.420448e-06,1.710224e-05,0
25320.0,25325.0,25322.5,1.146592e-06,5.73296e-06,0
25335.0,25340.0,25337.5,1.140316e-06,5.70158e-06,0
25340.0,25345.0,25342.5,1.133144e-06,5.66572e-06,0
25365.0,25370.0,25367.5,1.147316e-06,5.73658e-06,0
25370.0,25375.0,25372.5,1.142466e-06,5.71233e-06,0
25375.0,25380.0,25377.5,1.149426e-06,5.74713e-06,0
25380.0,25385.0,25382.5,1.147316e-06,5.73658e-06,0
25385.0,25390.0,25387.5,2.287632e-06,1.143816e-05,0
25390.0,25395.0,25392.5,3.432282e-06,1.716141e-05,0
25400.0,25405.0,25402.5,1.146592e-06,5.73296e-06,0
25420.0,25425.0,25422.5,1.127268e-06,5.63634e-06,0
25455.0,25460.0,25457.5,1.156672e-06,5.78336e-06,0
25460.0,25465.0,25462.5,1.133144e-06,5.66572e-06,0
25470.0,25475.0,25472.5,1.149294e-06,5.74647e-06,0
25480.0,25485.0,25482.5,1.142466e-06,5.71233e-06,0
25490.0,25495.0,25492.5,1.149294e-06,5.74647e-06,0
25495.0,25500.0,25497.5,1.140316e-06,5.70158e-06,0
25505.0,25510.0,25507.5,1.149426e-06,5.74713e-06,0
25510.0,25515.0,25512.5,2.305966e-06,1.152983e-05,0
25515.0,25520.0,25517.5,2.260412e-06,1.130206e-05,0
25520.0,25525.0,25522.5,1.142466e-06,5.71233e-06,0
25525.0,25530.0,25527.5,1.133144e-06,5.66572e-06,0
25530.0,25535.0,25532.5,1.142466e-06,5.71233e-06,0
25535.0,25540.0,25537.5,1.133144e-06,5.66572e-06,0
25540.0,25545.0,25542.5,2.27386e-06,1.13693e-05,0
25545.0,25550.0,25547.5,2.282438e-06,1.141219e-05,0
25570.0,25575.0,25572.5,3.41705e-06,1.708525e-05,0
25575.0,25580.0,25577.5,2.27386e-06,1.13693e-05,0
25580.0,25585.0,25582.5,1.140316e-06,5.70158e-06,0
25595.0,25600.0,25597.5,2.281618e-06,1.140809e-05,0
25600.0,25605.0,25602.5,3.429162e-06,1.714581e-05,0
25615.0,25620.0,25617.5,2.26157e-06,1.130785e-05,0
25620.0,25625.0,25622.5,2.296018e-06,1.148009e-05,0
25645.0,25650.0,25647.5,2.269734e-06,1.134867e-05,0
25665.0,25670.0,25667.5,1.156672e-06,5.78336e-06,0
25680.0,25685.0,25682.5,1.127268e-06,5.63634e-06,0
25690.0,25695.0,25692.5,1.142466e-06,5.71233e-06,0
25700.0,25705.0,25702.5,1.146592e-06,5.73296e-06,0
25705.0,25710.0,25707.5,3.455532e-06,1.727766e-05,0
25715.0,25720.0,25717.5,2.303988e-06,1.151994e-05,0
25725.0,25730.0,25727.5,1.133144e-06,5.66572e-06,0
25740.0,25745.0,25742.5,1.133144e-06,5.66572e-06,0
25755.0,25760.0,25757.5,2.276562e-06,1.138281e-05,0
25760.0,25765.0,25762.5,1.149426e-06,5.74713e-06,0
25765.0,25770.0,25767.5,2.303264e-06,1.151632e-05,0
25770.0,25775.0,25772.5,1.147316e-06,5.73658e-06,0
25775.0,25780.0,25777.5,5.715226e-06,2.857613e-05,0
25785.0,25790.0,25787.5,1.147316e-06,5.73658e-06,0
25795.0,25800.0,25797.5,3.424904e-06,1.712452e-05,0
25800.0,25805.0,25802.5,1.147316e-06,5.73658e-06,0
25815.0,25820.0,25817.5,1.146592e-06,5.73296e-06,0
25820.0,25825.0,25822.5,1.147316e-06,5.73658e-06,0
25825.0,25830.0,25827.5,1.147316e-06,5.73658e-06,0
25835.0,25840.0,25837.5,2.260412e-06,1.130206e-05,0
25845.0,25850.0,25847.5,1.134302e-06,5.67151e-06,0
25855.0,25860.0,25857.5,2.2686e-06,1.1343e-05,0
25860.0,25865.0,25862.5,1.149426e-06,5.74713e-06,0
25865.0,25870.0,25867.5,1.127268e-06,5.63634e-06,0
25880.0,25885.0,25882.5,2.282782e-06,1.141391e-05,0
25885.0,25890.0,25887.5,2.29858e-06,1.14929e-05,0
25895.0,25900.0,25897.5,1.146592e-06,5.73296e-06,0
25900.0,25905.0,25902.5,2.306098e-06,1.153049e-05,0
25910.0,25915.0,25912.5,3.422952e-06,1.711476e-05,0
25920.0,25925.0,25922.5,1.147316e-06,5.73658e-06,0
25930.0,25935.0,25932.5,1.127268e-06,5.63634e-06,0
25940.0,25945.0,25942.5,1.147316e-06,5.73658e-06,0
25945.0,25950.0,25947.5,1.147316e-06,5.73658e-06,0
25950.0,25955.0,25952.5,1.142466e-06,5.71233e-06,0
25970.0,25975.0,25972.5,4.56036e-06,2.28018e-05,0
25975.0,25980.0,25977.5,1.142466e-06,5.71233e-06,0
25985.0,25990.0,25987.5,1.146592e-06,5.73296e-06,0
25990.0,25995.0,25992.5,2.291892e-06,1.145946e-05,0
26005.0,26010.0,26007.5,1.149294e-06,5.74647e-06,0
26010.0,26015.0,26012.5,1.142466e-06,5.71233e-06,0
26050.0,26055.0,26052.5,1.146592e-06,5.73296e-06,0
26070.0,26075.0,26072.5,1.156672e-06,5.78336e-06,0
26080.0,26085.0,26082.5,1.127268e-06,5.63634e-06,0
26090.0,26095.0,26092.5,1.149294e-06,5.74647e-06,0
26095.0,26100.0,26097.5,2.269734e-06,1.134867e-05,0
26105.0,26110.0,26107.5,1.149294e-06,5.74647e-06,0
26115.0,26120.0,26117.5,2.276694e-06,1.138347e-05,0
26150.0,26155.0,26152.5,1.133144e-06,5.66572e-06,0
26155.0,26160.0,26157.5,1.133144e-06,5.66572e-06,0
26160.0,26165.0,26162.5,1.133144e-06,5.66572e-06,0
26170.0,26175.0,26172.5,2.289782e-06,1.144891e-05,0
26175.0,26180.0,26177.5,1.146592e-06,5.73296e-06,0
26185.0,26190.0,26187.5,2.26628e-06,1.13314e-05,0
26210.0,26215.0,26212.5,1.146592e-06,5.73296e-06,0
26220.0,26225.0,26222.5,1.142466e-06,5.71233e-06,0
26235.0,26240.0,26237.5,2.289742e-06,1.144871e-05,0
26240.0,26245.0,26242.5,2.282782e-06,1.141391e-05,0
26245.0,26250.0,26247.5,1.142466e-06,5.71233e-06,0
26250.0,26255.0,26252.5,1.142466e-06,5.71233e-06,0
26265.0,26270.0,26267.5,1.133144e-06,5.66572e-06,0
26280.0,26285.0,26282.5,1.134302e-06,5.67151e-06,0
26285.0,26290.0,26287.5,1.147316e-06,5.73658e-06,0
26295.0,26300.0,26297.5,1.146592e-06,5.73296e-06,0
26300.0,26305.0,26302.5,1.146592e-06,5.73296e-06,0
26335.0,26340.0,26337.5,1.127268e-06,5.63634e-06,0
26350.0,26355.0,26352.5,1.142466e-06,5.71233e-06,0
26365.0,26370.0,26367.5,1.142466e-06,5.71233e-06,0
26370.0,26375.0,26372.5,1.142466e-06,5.71233e-06,0
26375.0,26380.0,26377.5,2.28394e-06,1.14197e-05,0
26385.0,26390.0,26387.5,2.293908e-06,1.146954e-05,0
26405.0,26410.0,26407.5,2.29661e-06,1.148305e-05,0
26410.0,26415.0,26412.5,1.142466e-06,5.71233e-06,0
26425.0,26430.0,26427.5,1.149426e-06,5.74713e-06,0
26430.0,26435.0,26432.5,1.134302e-06,5.67151e-06,0
26435.0,26440.0,26437.5,1.147316e-06,5.73658e-06,0
26440.0,26445.0,26442.5,1.147316e-06,5.73658e-06,0
26460.0,26465.0,26462.5,1.133144e-06,5.66572e-06,0
26470.0,26475.0,26472.5,1.142466e-06,5.71233e-06,0
26480.0,26485.0,26482.5,1.142466e-06,5.71233e-06,0
26495.0,26500.0,26497.5,2.280894e-06,1.140447e-05,0
26500.0,26505.0,26502.5,1.156672e-06,5.78336e-06,0
26510.0,26515.0,26512.5,1.133144e-06,5.66572e-06,0
26520.0,26525.0,26522.5,1.147316e-06,5.73658e-06,0
26570.0,26575.0,26572.5,1.142466e-06,5.71233e-06,0
26600.0,26605.0,26602.5,1.127268e-06,5.63634e-06,0
26635.0,26640.0,26637.5,1.142466e-06,5.71233e-06,0
26655.0,26660.0,26657.5,2.27386e-06,1.13693e-05,0
26660.0,26665.0,26662.5,1.149426e-06,5.74713e-06,0
26670.0,26675.0,26672.5,1.146592e-06,5.73296e-06,0
26680.0,26685.0,26682.5,2.276768e-06,1.138384e-05,0
26690.0,26695.0,26692.5,1.134302e-06,5.67151e-06,0
26695.0,26700.0,26697.5,2.28494e-06,1.14247e-05,0
26705.0,26710.0,26707.5,1.127268e-06,5.63634e-06,0
26710.0,26715.0,26712.5,1.146592e-06,5.73296e-06,0
26715.0,26720.0,26717.5,2.303988e-06,1.151994e-05,0
26720.0,26725.0,26722.5,1.142466e-06,5.71233e-06,0
26725.0,26730.0,26727.5,1.146592e-06,5.73296e-06,0
26730.0,26735.0,26732.5,2.28394e-06,1.14197e-05,0
26750.0,26755.0,26752.5,1.156672e-06,5.78336e-06,0
26770.0,26775.0,26772.5,1.146592e-06,5.73296e-06,0
26775.0,26780.0,26777.5,1.142466e-06,5.71233e-06,0
26805.0,26810.0,26807.5,1.149426e-06,5.74713e-06,0
26810.0,26815.0,26812.5,1.142466e-06,5.71233e-06,0
26830.0,26835.0,26832.5,1.127268e-06,5.63634e-06,0
26850.0,26855.0,26852.5,1.127268e-06,5.63634e-06,0
26860.0,26865.0,26862.5,1.156672e-06,5.78336e-06,0
26880.0,26885.0,26882.5,1.147316e-06,5.73658e-06,0
26885.0,26890.0,26887.5,1.147316e-06,5.73658e-06,0
26905.0,26910.0,26907.5,1.142466e-06,5.71233e-06,0
26925.0,26930.0,26927.5,3.438484e-06,1.719242e-05,0
26930.0,26935.0,26932.5,1.149294e-06,5.74647e-06,0
26950.0,26955.0,26952.5,1.127268e-06,5.63634e-06,0
26955.0,26960.0,26957.5,1.156672e-06,5.78336e-06,0
26960.0,26965.0,26962.5,1.149294e-06,5.74647e-06,0
26970.0,26975.0,26972.5,1.146592e-06,5.73296e-06,0
27010.0,27015.0,27012.5,1.149294e-06,5.74647e-06,0
27015.0,27020.0,27017.5,1.133144e-06,5.66572e-06,0
27025.0,27030.0,27027.5,1.146592e-06,5.73296e-06,0
27035.0,27040.0,27037.5,1.142466e-06,5.71233e-06,0
27050.0,27055.0,27052.5,1.134302e-06,5.67151e-06,0
27065.0,27070.0,27067.5,1.133144e-06,5.66572e-06,0
27075.0,27080.0,27077.5,1.127268e-06,5.63634e-06,0
27080.0,27085.0,27082.5,1.147316e-06,5.73658e-06,0
27105.0,27110.0,27107.5,1.134302e-06,5.67151e-06,0
27130.0,27135.0,27132.5,1.146592e-06,5.73296e-06,0
27150.0,27155.0,27152.5,1.146592e-06,5.73296e-06,0
27155.0,27160.0,27157.5,1.149426e-06,5.74713e-06,0
27160.0,27165.0,27162.5,2.279736e-06,1.139868e-05,0
27170.0,27175.0,27172.5,1.156672e-06,5.78336e-06,0
27185.0,27190.0,27187.5,1.156672e-06,5.78336e-06,0
27200.0,27205.0,27202.5,1.146592e-06,5.73296e-06,0
27205.0,27210.0,27207.5,1.156672e-06,5.78336e-06,0
27230.0,27235.0,27232.5,1.133144e-06,5.66572e-06,0
27240.0,27245.0,27242.5,2.299138e-06,1.149569e-05,0
27250.0,27255.0,27252.5,1.133144e-06,5.66572e-06,0
27270.0,27275.0,27272.5,2.27561e-06,1.137805e-05,0
27275.0,27280.0,27277.5,1.146592e-06,5.73296e-06,0
27295.0,27300.0,27297.5,1.149426e-06,5.74713e-06,0
27330.0,27335.0,27332.5,2.282438e-06,1.141219e-05,0
27350.0,27355.0,27352.5,2.289058e-06,1.144529e-05,0
27375.0,27380.0,27377.5,1.140316e-06,5.70158e-06,0
27380.0,27385.0,27382.5,1.133144e-06,5.66572e-06,0
27395.0,27400.0,27397.5,3.402878e-06,1.701439e-05,0
27400.0,27405.0,27402.5,1.127268e-06,5.63634e-06,0
27415.0,27420.0,27417.5,1.133144e-06,5.66572e-06,0
27440.0,27445.0,27442.5,2.267446e-06,1.133723e-05,0
27445.0,27450.0,27447.5,1.149294e-06,5.74647e-06,0
27450.0,27455.0,27452.5,1.146592e-06,5.73296e-06,0
27460.0,27465.0,27462.5,1.147316e-06,5.73658e-06,0
27465.0,27470.0,27467.5,1.134302e-06,5.67151e-06,0
27485.0,27490.0,27487.5,2.276694e-06,1.138347e-05,0
27500.0,27505.0,27502.5,1.149294e-06,5.74647e-06,0
27515.0,27520.0,27517.5,1.149426e-06,5.74713e-06,0
27520.0,27525.0,27522.5,1.147316e-06,5.73658e-06,0
27525.0,27530.0,27527.5,2.28394e-06,1.14197e-05,0
27530.0,27535.0,27532.5,1.142466e-06,5.71233e-06,0
27550.0,27555.0,27552.5,2.276768e-06,1.138384e-05,0
27560.0,27565.0,27562.5,1.156672e-06,5.78336e-06,0
27570.0,27575.0,27572.5,2.28494e-06,1.14247e-05,0
27580.0,27585.0,27582.5,1.134302e-06,5.67151e-06,0
27590.0,27595.0,27592.5,1.149426e-06,5.74713e-06,0
27595.0,27600.0,27597.5,1.146592e-06,5.73296e-06,0
27605.0,27610.0,27607.5,1.149426e-06,5.74713e-06,0
27615.0,27620.0,27617.5,1.127268e-06,5.63634e-06,0
27625.0,27630.0,27627.5,1.147316e-06,5.73658e-06,0
27630.0,27635.0,27632.5,1.127268e-06,5.63634e-06,0
27640.0,27645.0,27642.5,1.149294e-06,5.74647e-06,0
27650.0,27655.0,27652.5,1.133144e-06,5.66572e-06,0
27655.0,27660.0,27657.5,1.127268e-06,5.63634e-06,0
27670.0,27675.0,27672.5,1.127268e-06,5.63634e-06,0
27680.0,27685.0,27682.5,1.142466e-06,5.71233e-06,0
27695.0,27700.0,27697.5,2.29464e-06,1.14732e-05,0
27715.0,27720.0,27717.5,1.140316e-06,5.70158e-06,0
27730.0,27735.0,27732.5,1.133144e-06,5.66572e-06,0
27740.0,27745.0,27742.5,1.149426e-06,5.74713e-06,0
27750.0,27755.0,27752.5,2.296742e-06,1.148371e-05,0
27755.0,27760.0,27757.5,1.147316e-06,5.73658e-06,0
27765.0,27770.0,27767.5,1.147316e-06,5.73658e-06,0
27770.0,27775.0,27772.5,2.27561e-06,1.137805e-05,0
27780.0,27785.0,27782.5,1.134302e-06,5.67151e-06,0
27795.0,27800.0,27797.5,1.133144e-06,5.66572e-06,0
27805.0,27810.0,27807.5,2.27346e-06,1.13673e-05,0
27810.0,27815.0,27812.5,1.147316e-06,5.73658e-06,0
27815.0,27820.0,27817.5,1.149294e-06,5.74647e-06,0
27835.0,27840.0,27837.5,2.281618e-06,1.140809e-05,0
27855.0,27860.0,27857.5,2.282438e-06,1.141219e-05,0
27865.0,27870.0,27867.5,1.149294e-06,5.74647e-06,0
27890.0,27895.0,27892.5,1.156672e-06,5.78336e-06,0
27895.0,27900.0,27897.5,1.146592e-06,5.73296e-06,0
27905.0,27910.0,27907.5,1.133144e-06,5.66572e-06,0
27915.0,27920.0,27917.5,1.142466e-06,5.71233e-06,0
27925.0,27930.0,27927.5,1.146592e-06,5.73296e-06,0
27935.0,27940.0,27937.5,2.296742e-06,1.148371e-05,0
27940.0,27945.0,27942.5,1.127268e-06,5.63634e-06,0
27950.0,27955.0,27952.5,1.133144e-06,5.66572e-06,0
27955.0,27960.0,27957.5,1.133144e-06,5.66572e-06,0
27965.0,27970.0,27967.5,1.146592e-06,5.73296e-06,0
27970.0,27975.0,27972.5,1.133144e-06,5.66572e-06,0
27990.0,27995.0,27992.5,1.134302e-06,5.67151e-06,0
28005.0,28010.0,28007.5,1.147316e-06,5.73658e-06,0
28015.0,28020.0,28017.5,1.146592e-06,5.73296e-06,0
28080.0,28085.0,28082.5,1.133144e-06,5.66572e-06,0
28095.0,28100.0,28097.5,1.146592e-06,5.73296e-06,0
28110.0,28115.0,28112.5,2.28394e-06,1.14197e-05,0
28130.0,28135.0,28132.5,1.149294e-06,5.74647e-06,0
28135.0,28140.0,28137.5,2.290974e-06,1.145487e-05,0
28160.0,28165.0,28162.5,1.146592e-06,5.73296e-06,0
28185.0,28190.0,28187.5,1.149426e-06,5.74713e-06,0
28205.0,28210.0,28207.5,1.142466e-06,5.71233e-06,0
28230.0,28235.0,28232.5,1.127268e-06,5.63634e-06,0
28255.0,28260.0,28257.5,2.289782e-06,1.144891e-05,0
28265.0,28270.0,28267.5,1.149426e-06,5.74713e-06,0
28285.0,28290.0,28287.5,1.146592e-06,5.73296e-06,0
28300.0,28305.0,28302.5,2.269734e-06,1.134867e-05,0
28340.0,28345.0,28342.5,1.142466e-06,5.71233e-06,0
28345.0,28350.0,28347.5,1.133144e-06,5.66572e-06,0
28355.0,28360.0,28357.5,1.134302e-06,5.67151e-06,0
28385.0,28390.0,28387.5,2.28394e-06,1.14197e-05,0
28395.0,28400.0,28397.5,1.147316e-06,5.73658e-06,0
28405.0,28410.0,28407.5,1.146592e-06,5.73296e-06,0
28430.0,28435.0,28432.5,1.142466e-06,5.71233e-06,0
28460.0,28465.0,28462.5,2.291892e-06,1.145946e-05,0
28475.0,28480.0,28477.5,1.127268e-06,5.63634e-06,0
28485.0,28490.0,28487.5,1.147316e-06,5.73658e-06,0
28490.0,28495.0,28492.5,1.146592e-06,5.73296e-06,0
28505.0,28510.0,28507.5,1.142466e-06,5.71233e-06,0
28510.0,28515.0,28512.5,1.133144e-06,5.66572e-06,0
28520.0,28525.0,28522.5,1.146592e-06,5.73296e-06,0
28535.0,28540.0,28537.5,1.149426e-06,5.74713e-06,0
28560.0,28565.0,28562.5,1.147316e-06,5.73658e-06,0
28570.0,28575.0,28572.5,1.149294e-06,5.74647e-06,0
28580.0,28585.0,28582.5,1.149426e-06,5.74713e-06,0
28585.0,28590.0,28587.5,1.156672e-06,5.78336e-06,0
28595.0,28600.0,28597.5,1.133144e-06,5.66572e-06,0
28605.0,28610.0,28607.5,1.127268e-06,5.63634e-06,0
28635.0,28640.0,28637.5,2.28046e-06,1.14023e-05,0
28645.0,28650.0,28647.5,1.133144e-06,5.66572e-06,0
28655.0,28660.0,28657.5,1.127268e-06,5.63634e-06,0
28675.0,28680.0,28677.5,1.133144e-06,5.66572e-06,0
28685.0,28690.0,28687.5,1.156672e-06,5.78336e-06,0
28710.0,28715.0,28712.5,1.146592e-06,5.73296e-06,0
28715.0,28720.0,28717.5,2.28046e-06,1.14023e-05,0
28720.0,28725.0,28722.5,2.26157e-06,1.130785e-05,0
28735.0,28740.0,28737.5,1.149426e-06,5.74713e-06,0
28770.0,28775.0,28772.5,1.133144e-06,5.66572e-06,0
28780.0,28785.0,28782.5,1.147316e-06,5.73658e-06,0
28785.0,28790.0,28787.5,1.149426e-06,5.74713e-06,0
28825.0,28830.0,28827.5,1.142466e-06,5.71233e-06,0
28830.0,28835.0,28832.5,1.127268e-06,5.63634e-06,0
28875.0,28880.0,28877.5,1.133144e-06,5.66572e-06,0
28880.0,28885.0,28882.5,1.134302e-06,5.67151e-06,0
28885.0,28890.0,28887.5,1.142466e-06,5.71233e-06,0
28930.0,28935.0,28932.5,2.291892e-06,1.145946e-05,0
28940.0,28945.0,28942.5,2.267446e-06,1.133723e-05,0
28990.0,28995.0,28992.5,1.146592e-06,5.73296e-06,0
28995.0,29000.0,28997.5,1.149294e-06,5.74647e-06,0
29005.0,29010.0,29007.5,1.147316e-06,5.73658e-06,0
29045.0,29050.0,29047.5,1.133144e-06,5.66572e-06,0
29070.0,29075.0,29072.5,1.142466e-06,5.71233e-06,0
29125.0,29130.0,29127.5,1.142466e-06,5.71233e-06,0
29155.0,29160.0,29157.5,1.140316e-06,5.70158e-06,0
29165.0,29170.0,29167.5,1.146592e-06,5.73296e-06,0
29170.0,29175.0,29172.5,1.127268e-06,5.63634e-06,0
29180.0,29185.0,29182.5,1.149294e-06,5.74647e-06,0
29190.0,29195.0,29192.5,1.156672e-06,5.78336e-06,0
29205.0,29210.0,29207.5,2.29872e-06,1.14936e-05,0
29240.0,29245.0,29242.5,1.146592e-06,5.73296e-06,0
29285.0,29290.0,29287.5,1.146592e-06,5.73296e-06,0
29295.0,29300.0,29297.5,1.146592e-06,5.73296e-06,0
29305.0,29310.0,29307.5,1.127268e-06,5.63634e-06,0
29315.0,29320.0,29317.5,3.445452e-06,1.722726e-05,0
29325.0,29330.0,29327.5,1.156672e-06,5.78336e-06,0
29330.0,29335.0,29332.5,1.127268e-06,5.63634e-06,0
29350.0,29355.0,29352.5,1.133144e-06,5.66572e-06,0
29360.0,29365.0,29362.5,1.134302e-06,5.67151e-06,0
29410.0,29415.0,29412.5,1.133144e-06,5.66572e-06,0
29415.0,29420.0,29417.5,1.127268e-06,5.63634e-06,0
29420.0,29425.0,29422.5,1.127268e-06,5.63634e-06,0
29425.0,29430.0,29427.5,1.127268e-06,5.63634e-06,0
29440.0,29445.0,29442.5,1.146592e-06,5.73296e-06,0
29450.0,29455.0,29452.5,1.127268e-06,5.63634e-06,0
29460.0,29465.0,29462.5,1.134302e-06,5.67151e-06,0
29470.0,29475.0,29472.5,1.149426e-06,5.74713e-06,0
29490.0,29495.0,29492.5,1.147316e-06,5.73658e-06,0
29510.0,29515.0,29512.5,1.142466e-06,5.71233e-06,0
29525.0,29530.0,29527.5,1.147316e-06,5.73658e-06,0
29600.0,29605.0,29602.5,1.142466e-06,5.71233e-06,0
29605.0,29610.0,29607.5,1.146592e-06,5.73296e-06,0
29615.0,29620.0,29617.5,1.156672e-06,5.78336e-06,0
29625.0,29630.0,29627.5,1.147316e-06,5.73658e-06,0
29630.0,29635.0,29632.5,1.133144e-06,5.66572e-06,0
29675.0,29680.0,29677.5,1.147316e-06,5.73658e-06,0
29695.0,29700.0,29697.5,1.127268e-06,5.63634e-06,0
29700.0,29705.0,29702.5,1.127268e-06,5.63634e-06,0
29720.0,29725.0,29722.5,1.142466e-06,5.71233e-06,0
29780.0,29785.0,29782.5,1.149294e-06,5.74647e-06,0
29785.0,29790.0,29787.5,1.149426e-06,5.74713e-06,0
29800.0,29805.0,29802.5,1.134302e-06,5.67151e-06,0
29840.0,29845.0,29842.5,1.149426e-06,5.74713e-06,0
29850.0,29855.0,29852.5,1.156672e-06,5.78336e-06,0
29855.0,29860.0,29857.5,1.147316e-06,5.73658e-06,0
29865.0,29870.0,29867.5,1.149426e-06,5.74713e-06,0
29870.0,29875.0,29872.5,1.147316e-06,5.73658e-06,0
29875.0,29880.0,29877.5,1.127268e-06,5.63634e-06,0
29915.0,29920.0,29917.5,1.133144e-06,5.66572e-06,0
29955.0,29960.0,29957.5,1.142466e-06,5.71233e-06,0
29975.0,29980.0,29977.5,1.147316e-06,5.73658e-06,0
30000.0,30005.0,30002.5,1.147316e-06,5.73658e-06,0
30010.0,30015.0,30012.5,1.133144e-06,5.66572e-06,0
30020.0,30025.0,30022.5,1.127268e-06,5.63634e-06,0
30045.0,30050.0,30047.5,2.296742e-06,1.148371e-05,0
30050.0,30055.0,30052.5,1.149426e-06,5.74713e-06,0
30150.0,30155.0,30152.5,1.146592e-06,5.73296e-06,0
30155.0,30160.0,30157.5,1.133144e-06,5.66572e-06,0
30170.0,30175.0,30172.5,1.133144e-06,5.66572e-06,0
30260.0,30265.0,30262.5,1.146592e-06,5.73296e-06,0
30285.0,30290.0,30287.5,1.156672e-06,5.78336e-06,0
30310.0,30315.0,30312.5,1.133144e-06,5.66572e-06,0
30335.0,30340.0,30337.5,1.127268e-06,5.63634e-06,0
30375.0,30380.0,30377.5,1.133144e-06,5.66572e-06,0
30390.0,30395.0,30392.5,1.146592e-06,5.73296e-06,0
30445.0,30450.0,30447.5,1.156672e-06,5.78336e-06,0
30510.0,30515.0,30512.5,1.142466e-06,5.71233e-06,0
30525.0,30530.0,30527.5,1.149426e-06,5.74713e-06,0
30530.0,30535.0,30532.5,1.147316e-06,5.73658e-06,0
30585.0,30590.0,30587.5,1.134302e-06,5.67151e-06,0
30610.0,30615.0,30612.5,1.146592e-06,5.73296e-06,0
30665.0,30670.0,30667.5,1.133144e-06,5.66572e-06,0
30680.0,30685.0,30682.5,1.140316e-06,5.70158e-06,0
30695.0,30700.0,30697.5,1.133144e-06,5.66572e-06,0
30710.0,30715.0,30712.5,1.146592e-06,5.73296e-06,0
30750.0,30755.0,30752.5,1.142466e-06,5.71233e-06,0
30775.0,30780.0,30777.5,1.146592e-06,5.73296e-06,0
30800.0,30805.0,30802.5,1.134302e-06,5.67151e-06,0
30805.0,30810.0,30807.5,1.140316e-06,5.70158e-06,0
30825.0,30830.0,30827.5,1.156672e-06,5.78336e-06,0
30830.0,30835.0,30832.5,1.146592e-06,5.73296e-06,0
30855.0,30860.0,30857.5,1.133144e-06,5.66572e-06,0
30920.0,30925.0,30922.5,1.149426e-06,5.74713e-06,0
30935.0,30940.0,30937.5,1.133144e-06,5.66572e-06,0
30970.0,30975.0,30972.5,1.142466e-06,5.71233e-06,0
30980.0,30985.0,30982.5,1.146592e-06,5.73296e-06,0
30995.0,31000.0,30997.5,2.274584e-06,1.137292e-05,0
31005.0,31010.0,31007.5,1.133144e-06,5.66572e-06,0
31010.0,31015.0,31012.5,1.133144e-06,5.66572e-06,0
31060.0,31065.0,31062.5,1.146592e-06,5.73296e-06,0
31255.0,31260.0,31257.5,2.289782e-06,1.144891e-05,0
31275.0,31280.0,31277.5,1.149426e-06,5.74713e-06,0
31320.0,31325.0,31322.5,2.29176e-06,1.14588e-05,0
31335.0,31340.0,31337.5,2.295886e-06,1.147943e-05,0
31505.0,31510.0,31507.5,1.147316e-06,5.73658e-06,0
31525.0,31530.0,31527.5,1.146592e-06,5.73296e-06,0
31530.0,31535.0,31532.5,1.146592e-06,5.73296e-06,0
31640.0,31645.0,31642.5,1.146592e-06,5.73296e-06,0
31670.0,31675.0,31672.5,1.142466e-06,5.71233e-06,0
31705.0,31710.0,31707.5,1.142466e-06,5.71233e-06,0
31770.0,31775.0,31772.5,1.156672e-06,5.78336e-06,0
31825.0,31830.0,31827.5,1.127268e-06,5.63634e-06,0
31895.0,31900.0,31897.5,1.156672e-06,5.78336e-06,0
31905.0,31910.0,31907.5,1.133144e-06,5.66572e-06,0
31955.0,31960.0,31957.5,1.147316e-06,5.73658e-06,0
31970.0,31975.0,31972.5,1.147316e-06,5.73658e-06,0
32035.0,32040.0,32037.5,1.142466e-06,5.71233e-06,0
32130.0,32135.0,32132.5,1.147316e-06,5.73658e-06,0
32175.0,32180.0,32177.5,1.149426e-06,5.74713e-06,0
32255.0,32260.0,32257.5,1.134302e-06,5.67151e-06,0
32275.0,32280.0,32277.5,1.127268e-06,5.63634e-06,0
32305.0,32310.0,32307.5,1.149426e-06,5.74713e-06,0
32345.0,32350.0,32347.5,1.127268e-06,5.63634e-06,0
32395.0,32400.0,32397.5,1.147316e-06,5.73658e-06,0
32805.0,32810.0,32807.5,1.146592e-06,5.73296e-06,0
32910.0,32915.0,32912.5,1.149426e-06,5.74713e-06,0
33000.0,33005.0,33002.5,1.149294e-06,5.74647e-06,0
33065.0,33070.0,33067.5,1.147316e-06,5.73658e-06,0
33070.0,33075.0,33072.5,1.133144e-06,5.66572e-06,0
33205.0,33210.0,33207.5,1.134302e-06,5.67151e-06,0
33500.0,33505.0,33502.5,1.146592e-06,5.73296e-06,0
33785.0,33790.0,33787.5,1.127268e-06,5.63634e-06,0
33910.0,33915.0,33912.5,1.142466e-06,5.71233e-06,0
34005.0,34010.0,34007.5,1.146592e-06,5.73296e-06,0
34055.0,34060.0,34057.5,1.149294e-06,5.74647e-06,0
34195.0,34200.0,34197.5,1.133144e-06,5.66572e-06,0
34200.0,34205.0,34202.5,1.127268e-06,5.63634e-06,0
34225.0,34230.0,34227.5,1.127268e-06,5.63634e-06,0
34465.0,34470.0,34467.5,1.134302e-06,5.67151e-06,0
34550.0,34555.0,34552.5,1.149294e-06,5.74647e-06,0
34620.0,34625.0,34622.5,1.156672e-06,5.78336e-06,0
35370.0,35375.0,35372.5,1.127268e-06,5.63634e-06,0
35495.0,35500.0,35497.5,1.146592e-06,5.73296e-06,0
35640.0,35645.0,35642.5,1.147316e-06,5.73658e-06,0
35780.0,35785.0,35782.5,2.269734e-06,1.134867e-05,0
36005.0,36010.0,36007.5,1.133144e-06,5.66572e-06,0
36720.0,36725.0,36722.5,1.142466e-06,5.71233e-06,0
36885.0,36890.0,36887.5,1.147316e-06,5.73658e-06,0
37480.0,37485.0,37482.5,1.127268e-06,5.63634e-06,0
40310.0,40315.0,40312.5,1.146592e-06,5.73296e-06,0
41665.0,41670.0,41667.5,1.146592e-06,5.73296e-06,0
41825.0,41830.0,41827.5,1.147316e-06,5.73658e-06,0
44190.0,44195.0,44192.5,1.146592e-06,5.73296e-06,0
45205.0,45210.0,45207.5,1.146592e-06,5.73296e-06,0
