bin_start_us,bin_end_us,bin_mid_us,pdf_per_us,probability,count
210.0,215.0,212.5,3.601804e-05,0.0001800902,0
215.0,220.0,217.5,6.35088e-05,0.000317544,0
220.0,225.0,222.5,5.854682e-05,0.0002927341,0
225.0,230.0,227.5,6.85388e-05,0.000342694,0
230.0,235.0,232.5,6.595868e-05,0.0003297934,0
235.0,240.0,237.5,5.473174e-05,0.0002736587,0
240.0,245.0,242.5,5.967628e-05,0.0002983814,0
245.0,250.0,247.5,6.19473e-05,0.0003097365,0
250.0,255.0,252.5,7.325088e-05,0.0003662544,0
255.0,260.0,257.5,5.7461164e-05,0.00028730582,0
260.0,265.0,262.5,6.4744524e-05,0.00032372262,0
265.0,270.0,267.5,5.4915282e-05,0.00027457641,0
270.0,275.0,272.5,5.617714e-05,0.0002808857,0
275.0,280.0,277.5,6.603952e-05,0.0003301976,0
280.0,285.0,282.5,4.621262e-05,0.0002310631,0
285.0,290.0,287.5,6.9769462e-05,0.00034884731,0
290.0,295.0,292.5,6.3494384e-05,0.00031747192,0
295.0,300.0,297.5,5.592584e-05,0.0002796292,0
300.0,305.0,302.5,5.8334504e-05,0.00029167252,0
305.0,310.0,307.5,5.75243e-05,0.0002876215,0
310.0,315.0,312.5,5.0992484e-05,0.00025496242,0
315.0,320.0,317.5,4.9547876e-05,0.00024773938,0
320.0,325.0,322.5,5.7210424e-05,0.00028605212,0
325.0,330.0,327.5,6.103926e-05,0.0003051963,0
330.0,335.0,332.5,6.4779354e-05,0.00032389677,0
335.0,340.0,337.5,4.362528e-05,0.0002181264,0
340.0,345.0,342.5,6.4754462e-05,0.00032377231,0
345.0,350.0,347.5,4.2274934e-05,0.00021137467,0
350.0,355.0,352.5,0.0005286918,0.002643459,0
355.0,360.0,357.5,0.0008556618,0.004278309,0
360.0,365.0,362.5,0.000690146,0.00345073,0
365.0,370.0,367.5,0.0006645242,0.003322621,0
370.0,375.0,372.5,0.000605564,0.00302782,0
375.0,380.0,377.5,0.0006994786,0.003497393,0
380.0,385.0,382.5,0.0007036666,0.003518333,0
385.0,390.0,387.5,0.0003968734,0.001984367,0
390.0,395.0,392.5,0.0003170844,0.001585422,0
395.0,400.0,397.5,0.0003684064,0.001842032,0
400.0,405.0,402.5,0.0003150626,0.001575313,0
405.0,410.0,407.5,0.0003513078,0.001756539,0
410.0,415.0,412.5,0.00023206962,0.0011603481,0
415.0,420.0,417.5,0.0002342145,0.0011710725,0
420.0,425.0,422.5,0.0002314065,0.0011570325,0
425.0,430.0,427.5,0.0002608808,0.001304404,0
430.0,435.0,432.5,0.00027409254,0.0013704627,0
435.0,440.0,437.5,0.00026161524,0.0013080762,0
440.0,445.0,442.5,0.00025899966,0.0012949983,0
445.0,450.0,447.5,0.00023309314,0.0011654657,0
450.0,455.0,452.5,0.00023546816,0.0011773408,0
455.0,460.0,457.5,0.0002529963,0.0012649815,0
460.0,465.0,462.5,0.00024774506,0.0012387253,0
465.0,470.0,467.5,0.00025803566,0.0012901783,0
470.0,475.0,472.5,0.0003236872,0.001618436,0
475.0,480.0,477.5,0.00022488274,0.0011244137,0
480.0,485.0,482.5,0.02528195,0.12640975,0
485.0,490.0,487.5,0.0002091729,0.0010458645,0
490.0,495.0,492.5,0.00019845634,0.0009922817,0
495.0,500.0,497.5,0.00025908248,0.0012954124,0
500.0,505.0,502.5,0.00021329682,0.0010664841,0
505.0,510.0,507.5,0.00024154832,0.0012077416,0
510.0,515.0,512.5,0.00022621798,0.0011310899,0
515.0,520.0,517.5,0.00026371944,0.0013185972,0
520.0,525.0,522.5,0.00028516322,0.0014258161,0
525.0,530.0,527.5,0.00026762132,0.0013381066,0
530.0,535.0,532.5,0.0002376777,0.0011883885,0
535.0,540.0,537.5,0.00021323216,0.0010661608,0
540.0,545.0,542.5,0.0002483747,0.0012418735,0
545.0,550.0,547.5,0.00024893936,0.0012446968,0
550.0,555.0,552.5,0.00023041678,0.0011520839,0
555.0,560.0,557.5,0.00022473358,0.0011236679,0
560.0,565.0,562.5,0.00024652664,0.0012326332,0
565.0,570.0,567.5,0.0002457771,0.0012288855,0
570.0,575.0,572.5,0.00022609252,0.0011304626,0
575.0,580.0,577.5,0.00025362398,0.0012681199,0
580.0,585.0,582.5,0.00019288674,0.0009644337,0
585.0,590.0,587.5,0.00019678084,0.0009839042,0
590.0,595.0,592.5,0.0001934328,0.000967164,0
595.0,600.0,597.5,0.00020823572,0.0010411786,0
600.0,605.0,602.5,0.00020189652,0.0010094826,0
605.0,610.0,607.5,0.00017730036,0.0008865018,0
610.0,615.0,612.5,0.00018290814,0.0009145407,0
615.0,620.0,617.5,0.003472516,0.01736258,0
620.0,625.0,622.5,0.00021339468,0.0010669734,0
625.0,630.0,627.5,0.0004136794,0.002068397,0
630.0,635.0,632.5,0.00021575322,0.0010787661,0
635.0,640.0,637.5,0.00025069806,0.0012534903,0
640.0,645.0,642.5,0.0002160953,0.0010804765,0
645.0,650.0,647.5,0.0002155678,0.001077839,0
650.0,655.0,652.5,0.00019460346,0.0009730173,0
655.0,660.0,657.5,0.00018684116,0.0009342058,0
660.0,665.0,662.5,0.0001908292,0.000954146,0
665.0,670.0,667.5,0.00020000558,0.0010000279,0
670.0,675.0,672.5,0.00020614952,0.0010307476,0
675.0,680.0,677.5,0.0001950584,0.000975292,0
680.0,685.0,682.5,0.00020677602,0.0010338801,0
685.0,690.0,687.5,0.00020583198,0.0010291599,0
690.0,695.0,692.5,0.00019091824,0.0009545912,0
695.0,700.0,697.5,0.00020924724,0.0010462362,0
700.0,705.0,702.5,0.00019960694,0.0009980347,0
705.0,710.0,707.5,0.00018616912,0.0009308456,0
710.0,715.0,712.5,0.00019516116,0.0009758058,0
715.0,720.0,717.5,0.00020214376,0.0010107188,0
720.0,725.0,722.5,0.00022182264,0.0011091132,0
725.0,730.0,727.5,0.00026873504,0.0013436752,0
730.0,735.0,732.5,0.0002712667,0.0013563335,0
735.0,740.0,737.5,0.00026461636,0.0013230818,0
740.0,745.0,742.5,0.0003728882,0.001864441,0
745.0,750.0,747.5,0.0001933943,0.0009669715,0
750.0,755.0,752.5,0.0012086882,0.006043441,0
755.0,760.0,757.5,0.0003242138,0.001621069,0
760.0,765.0,762.5,0.00018214876,0.0009107438,0
765.0,770.0,767.5,0.00024100168,0.0012050084,0
770.0,775.0,772.5,0.00020304564,0.0010152282,0
775.0,780.0,777.5,0.00019913664,0.0009956832,0
780.0,785.0,782.5,0.00018685786,0.0009342893,0
785.0,790.0,787.5,0.0001969459,0.0009847295,0
790.0,795.0,792.5,0.00019102678,0.0009551339,0
795.0,800.0,797.5,0.00019077264,0.0009538632,0
800.0,805.0,802.5,0.00034528134,0.0017264067,0
805.0,810.0,807.5,0.00022726494,0.0011363247,0
810.0,815.0,812.5,0.00016635396,0.0008317698,0
815.0,820.0,817.5,0.00016366024,0.0008183012,0
820.0,825.0,822.5,0.00014259338,0.0007129669,0
825.0,830.0,827.5,0.0001463742,0.000731871,0
830.0,835.0,832.5,0.0001387946,0.000693973,0
835.0,840.0,837.5,0.0001399958,0.000699979,0
840.0,845.0,842.5,0.0001633594,0.000816797,0
845.0,850.0,847.5,0.0001664401,0.0008322005,0
850.0,855.0,852.5,0.00013753416,0.0006876708,0
855.0,860.0,857.5,0.00018352668,0.0009176334,0
860.0,865.0,862.5,0.00017007258,0.0008503629,0
865.0,870.0,867.5,0.00015761418,0.0007880709,0
870.0,875.0,872.5,0.00018987836,0.0009493918,0
875.0,880.0,877.5,0.00017988278,0.0008994139,0
880.0,885.0,882.5,0.0004678678,0.002339339,0
885.0,890.0,887.5,0.00016278072,0.0008139036,0
890.0,895.0,892.5,0.0001993974,0.000996987,0
895.0,900.0,897.5,0.00022359718,0.0011179859,0
900.0,905.0,902.5,0.0002037681,0.0010188405,0
905.0,910.0,907.5,0.00015728654,0.0007864327,0
910.0,915.0,912.5,0.00017477588,0.0008738794,0
915.0,920.0,917.5,0.00016361222,0.0008180611,0
920.0,925.0,922.5,0.0001622432,0.000811216,0
925.0,930.0,927.5,0.00015825494,0.0007912747,0
930.0,935.0,932.5,0.00016380618,0.0008190309,0
935.0,940.0,937.5,0.0002966384,0.001483192,0
940.0,945.0,942.5,0.0001452645,0.0007263225,0
945.0,950.0,947.5,0.00017218896,0.0008609448,0
950.0,955.0,952.5,0.0001736566,0.000868283,0
955.0,960.0,957.5,0.00013252898,0.0006626449,0
960.0,965.0,962.5,0.00012311264,0.0006155632,0
965.0,970.0,967.5,0.00015236056,0.0007618028,0
970.0,975.0,972.5,0.00013912008,0.0006956004,0
975.0,980.0,977.5,0.00015252874,0.0007626437,0
980.0,985.0,982.5,0.00014611298,0.0007305649,0
985.0,990.0,987.5,0.00015868434,0.0007934217,0
990.0,995.0,992.5,0.00011930672,0.0005965336,0
995.0,1000.0,997.5,0.00013050706,0.0006525353,0
1000.0,1005.0,1002.5,0.0001505292,0.000752646,0
1005.0,1010.0,1007.5,0.00014428822,0.0007214411,0
1010.0,1015.0,1012.5,0.00015256028,0.0007628014,0
1015.0,1020.0,1017.5,0.0001918728,0.000959364,0
1020.0,1025.0,1022.5,0.00016353516,0.0008176758,0
1025.0,1030.0,1027.5,0.00014379052,0.0007189526,0
1030.0,1035.0,1032.5,0.00015886936,0.0007943468,0
1035.0,1040.0,1037.5,0.00014049482,0.0007024741,0
1040.0,1045.0,1042.5,0.00012490752,0.0006245376,0
1045.0,1050.0,1047.5,0.00018577176,0.0009288588,0
1050.0,1055.0,1052.5,0.00017987296,0.0008993648,0
1055.0,1060.0,1057.5,0.00017236358,0.0008618179,0
1060.0,1065.0,1062.5,0.00023315792,0.0011657896,0
1065.0,1070.0,1067.5,0.00019994902,0.0009997451,0
1070.0,1075.0,1072.5,0.00020717136,0.0010358568,0
1075.0,1080.0,1077.5,0.00016908006,0.0008454003,0
1080.0,1085.0,1082.5,0.00014466624,0.0007233312,0
1085.0,1090.0,1087.5,0.00012035522,0.0006017761,0
1090.0,1095.0,1092.5,0.0001412471,0.0007062355,0
1095.0,1100.0,1097.5,0.00012275092,0.0006137546,0
1100.0,1105.0,1102.5,0.0001238748,0.000619374,0
1105.0,1110.0,1107.5,0.00013876932,0.0006938466,0
1110.0,1115.0,1112.5,0.00014267914,0.0007133957,0
1115.0,1120.0,1117.5,0.00011402358,0.0005701179,0
1120.0,1125.0,1122.5,0.00015629208,0.0007814604,0
1125.0,1130.0,1127.5,0.00012869064,0.0006434532,0
1130.0,1135.0,1132.5,0.0001381168,0.000690584,0
1135.0,1140.0,1137.5,0.00015948592,0.0007974296,0
1140.0,1145.0,1142.5,0.00012509188,0.0006254594,0
1145.0,1150.0,1147.5,0.00014006862,0.0007003431,0
1150.0,1155.0,1152.5,0.0001354089,0.0006770445,0
1155.0,1160.0,1157.5,0.0001686714,0.000843357,0
1160.0,1165.0,1162.5,0.000160038,0.00080019,0
1165.0,1170.0,1167.5,0.00017661316,0.0008830658,0
1170.0,1175.0,1172.5,0.00012931668,0.0006465834,0
1175.0,1180.0,1177.5,0.0001778649,0.0008893245,0
1180.0,1185.0,1182.5,0.00012751506,0.0006375753,0
1185.0,1190.0,1187.5,0.00014791562,0.0007395781,0
1190.0,1195.0,1192.5,0.00019500624,0.0009750312,0
1195.0,1200.0,1197.5,0.00014984216,0.0007492108,0
1200.0,1205.0,1202.5,0.0002249482,0.001124741,0
1205.0,1210.0,1207.5,0.00016744066,0.0008372033,0
1210.0,1215.0,1212.5,0.0001671951,0.0008359755,0
1215.0,1220.0,1217.5,0.00014245624,0.0007122812,0
1220.0,1225.0,1222.5,0.00014462214,0.0007231107,0
1225.0,1230.0,1227.5,0.0001375675,0.0006878375,0
1230.0,1235.0,1232.5,0.00013865478,0.0006932739,0
1235.0,1240.0,1237.5,0.00014258512,0.0007129256,0
1240.0,1245.0,1242.5,0.00013142226,0.0006571113,0
1245.0,1250.0,1247.5,0.00014234,0.0007117,0
1250.0,1255.0,1252.5,0.00014758588,0.0007379294,0
1255.0,1260.0,1257.5,0.00011731766,0.0005865883,0
1260.0,1265.0,1262.5,0.00010658396,0.0005329198,0
1265.0,1270.0,1267.5,0.00011256456,0.0005628228,0
1270.0,1275.0,1272.5,0.0001300779,0.0006503895,0
1275.0,1280.0,1277.5,0.00010710658,0.0005355329,0
1280.0,1285.0,1282.5,0.0001400996,0.000700498,0
1285.0,1290.0,1287.5,0.0001253713,0.0006268565,0
1290.0,1295.0,1292.5,0.00011055758,0.0005527879,0
1295.0,1300.0,1297.5,0.000124105,0.000620525,0
1300.0,1305.0,1302.5,0.00015046868,0.0007523434,0
1305.0,1310.0,1307.5,0.00013280848,0.0006640424,0
1310.0,1315.0,1312.5,0.00013414628,0.0006707314,0
1315.0,1320.0,1317.5,0.00017264016,0.0008632008,0
1320.0,1325.0,1322.5,0.00018772728,0.0009386364,0
1325.0,1330.0,1327.5,0.00015529138,0.0007764569,0
1330.0,1335.0,1332.5,0.00018612632,0.0009306316,0
1335.0,1340.0,1337.5,0.00016914784,0.0008457392,0
1340.0,1345.0,1342.5,0.00015482998,0.0007741499,0
1345.0,1350.0,1347.5,0.00015763112,0.0007881556,0
1350.0,1355.0,1352.5,0.00012997598,0.0006498799,0
1355.0,1360.0,1357.5,0.00013869996,0.0006934998,0
1360.0,1365.0,1362.5,0.00011666922,0.0005833461,0
1365.0,1370.0,1367.5,0.00012124582,0.0006062291,0
1370.0,1375.0,1372.5,0.00013892966,0.0006946483,0
1375.0,1380.0,1377.5,0.00012559464,0.0006279732,0
1380.0,1385.0,1382.5,0.00012488532,0.0006244266,0
1385.0,1390.0,1387.5,0.0001340879,0.0006704395,0
1390.0,1395.0,1392.5,0.0001415001,0.0007075005,0
1395.0,1400.0,1397.5,0.00014888644,0.0007444322,0
1400.0,1405.0,1402.5,0.00013511062,0.0006755531,0
1405.0,1410.0,1407.5,0.00012665804,0.0006332902,0
1410.0,1415.0,1412.5,0.00011920104,0.0005960052,0
1415.0,1420.0,1417.5,0.00011016796,0.00055083981,0
1420.0,1425.0,1422.5,0.00015178074,0.0007589037,0
1425.0,1430.0,1427.5,0.0001290116,0.000645058,0
1430.0,1435.0,1432.5,0.00013876534,0.0006938267,0
1435.0,1440.0,1437.5,0.00013825284,0.0006912642,0
1440.0,1445.0,1442.5,0.0001465177,0.0007325885,0
1445.0,1450.0,1447.5,0.00013770868,0.0006885434,0
1450.0,1455.0,1452.5,0.00015416368,0.0007708184,0
1455.0,1460.0,1457.5,0.0001627577,0.0008137885,0
1460.0,1465.0,1462.5,0.00014768862,0.0007384431,0
1465.0,1470.0,1467.5,0.00013868174,0.0006934087,0
1470.0,1475.0,1472.5,0.00012281128,0.0006140564,0
1475.0,1480.0,1477.5,0.00013906132,0.0006953066,0
1480.0,1485.0,1482.5,0.00010544594,0.0005272297,0
1485.0,1490.0,1487.5,0.00014510412,0.0007255206,0
1490.0,1495.0,1492.5,0.00012895452,0.0006447726,0
1495.0,1500.0,1497.5,0.0001314162,0.000657081,0
1500.0,1505.0,1502.5,0.00014945124,0.0007472562,0
1505.0,1510.0,1507.5,0.00013281896,0.0006640948,0
1510.0,1515.0,1512.5,0.00013764936,0.0006882468,0
1515.0,1520.0,1517.5,0.00011023874,0.0005511937,0
1520.0,1525.0,1522.5,0.00013992924,0.0006996462,0
1525.0,1530.0,1527.5,9.910498e-05,0.0004955249,0
1530.0,1535.0,1532.5,0.0001262837,0.0006314185,0
1535.0,1540.0,1537.5,0.00011540422,0.0005770211,0
1540.0,1545.0,1542.5,0.00011764866,0.0005882433,0
1545.0,1550.0,1547.5,9.298736e-05,0.0004649368,0
1550.0,1555.0,1552.5,0.00013150298,0.0006575149,0
1555.0,1560.0,1557.5,0.0001106119,0.0005530595,0
1560.0,1565.0,1562.5,0.0001118018,0.000559009,0
1565.0,1570.0,1567.5,0.00010796852,0.0005398426,0
1570.0,1575.0,1572.5,0.00014180778,0.0007090389,0
1575.0,1580.0,1577.5,0.0001206424,0.000603212,0
1580.0,1585.0,1582.5,0.00013999032,0.0006999516,0
1585.0,1590.0,1587.5,0.0001040641,0.0005203205,0
1590.0,1595.0,1592.5,0.00011887186,0.0005943593,0
1595.0,1600.0,1597.5,0.00013383024,0.0006691512,0
1600.0,1605.0,1602.5,0.00014637588,0.0007318794,0
1605.0,1610.0,1607.5,0.00012450322,0.0006225161,0
1610.0,1615.0,1612.5,0.00014538058,0.0007269029,0
1615.0,1620.0,1617.5,0.00011520978,0.0005760489,0
1620.0,1625.0,1622.5,0.00012280648,0.0006140324,0
1625.0,1630.0,1627.5,0.0001354938,0.000677469,0
1630.0,1635.0,1632.5,0.00014292964,0.0007146482,0
1635.0,1640.0,1637.5,0.00013410706,0.0006705353,0
1640.0,1645.0,1642.5,0.00011780474,0.0005890237,0
1645.0,1650.0,1647.5,0.00013533978,0.0006766989,0
1650.0,1655.0,1652.5,0.00011056056,0.0005528028,0
1655.0,1660.0,1657.5,0.00013144728,0.0006572364,0
1660.0,1665.0,1662.5,0.00013420162,0.0006710081,0
1665.0,1670.0,1667.5,0.0001286921,0.0006434605,0
1670.0,1675.0,1672.5,0.0001054984,0.000527492,0
1675.0,1680.0,1677.5,0.00013158196,0.0006579098,0
1680.0,1685.0,1682.5,0.0001104576,0.000552288,0
1685.0,1690.0,1687.5,0.0001317159,0.0006585795,0
1690.0,1695.0,1692.5,0.00011286778,0.0005643389,0
1695.0,1700.0,1697.5,9.891466e-05,0.0004945733,0
1700.0,1705.0,1702.5,0.0001275082,0.000637541,0
1705.0,1710.0,1707.5,0.00010177828,0.0005088914,0
1710.0,1715.0,1712.5,9.429368e-05,0.0004714684,0
1715.0,1720.0,1717.5,0.00010539008,0.0005269504,0
1720.0,1725.0,1722.5,0.00010787638,0.0005393819,0
1725.0,1730.0,1727.5,0.00012268844,0.0006134422,0
1730.0,1735.0,1732.5,0.00013586024,0.0006793012,0
1735.0,1740.0,1737.5,0.00011873856,0.0005936928,0
1740.0,1745.0,1742.5,0.00014032984,0.0007016492,0
1745.0,1750.0,1747.5,0.00013503178,0.0006751589,0
1750.0,1755.0,1752.5,0.00015276706,0.0007638353,0
1755.0,1760.0,1757.5,0.0001042711,0.0005213555,0
1760.0,1765.0,1762.5,0.00012405504,0.0006202752,0
1765.0,1770.0,1767.5,0.00011900878,0.0005950439,0
1770.0,1775.0,1772.5,0.00010657238,0.0005328619,0
1775.0,1780.0,1777.5,0.00012365488,0.0006182744,0
1780.0,1785.0,1782.5,0.00011779206,0.0005889603,0
1785.0,1790.0,1787.5,0.0001230634,0.000615317,0
1790.0,1795.0,1792.5,0.00011185506,0.0005592753,0
1795.0,1800.0,1797.5,0.0001314331,0.0006571655,0
1800.0,1805.0,1802.5,0.00012265962,0.0006132981,0
1805.0,1810.0,1807.5,0.00012176344,0.0006088172,0
1810.0,1815.0,1812.5,0.00012886082,0.0006443041,0
1815.0,1820.0,1817.5,0.00013007716,0.0006503858,0
1820.0,1825.0,1822.5,0.00011410678,0.0005705339,0
1825.0,1830.0,1827.5,9.797024e-05,0.0004898512,0
1830.0,1835.0,1832.5,0.00013489402,0.0006744701,0
1835.0,1840.0,1837.5,0.00012015806,0.0006007903,0
1840.0,1845.0,1842.5,0.00011409238,0.0005704619,0
1845.0,1850.0,1847.5,0.00011278596,0.0005639298,0
1850.0,1855.0,1852.5,9.55569e-05,0.0004777845,0
1855.0,1860.0,1857.5,0.00010550986,0.0005275493,0
1860.0,1865.0,1862.5,0.0001020239,0.0005101195,0
1865.0,1870.0,1867.5,0.0001092627,0.0005463135,0
1870.0,1875.0,1872.5,0.00012907236,0.0006453618,0
1875.0,1880.0,1877.5,0.00011957996,0.0005978998,0
1880.0,1885.0,1882.5,0.00013523402,0.0006761701,0
1885.0,1890.0,1887.5,0.00013030392,0.0006515196,0
1890.0,1895.0,1892.5,0.00011676848,0.0005838424,0
1895.0,1900.0,1897.5,0.0001350979,0.0006754895,0
1900.0,1905.0,1902.5,0.00013796802,0.0006898401,0
1905.0,1910.0,1907.5,0.00012406216,0.0006203108,0
1910.0,1915.0,1912.5,0.0001476534,0.000738267,0
1915.0,1920.0,1917.5,0.00011791642,0.0005895821,0
1920.0,1925.0,1922.5,0.0001145501,0.0005727505,0
1925.0,1930.0,1927.5,0.0001265951,0.0006329755,0
1930.0,1935.0,1932.5,0.00013076202,0.0006538101,0
1935.0,1940.0,1937.5,0.00011038038,0.0005519019,0
1940.0,1945.0,1942.5,0.00011794206,0.0005897103,0
1945.0,1950.0,1947.5,0.0001189197,0.0005945985,0
1950.0,1955.0,1952.5,0.00014116872,0.0007058436,0
1955.0,1960.0,1957.5,0.00011256688,0.0005628344,0
1960.0,1965.0,1962.5,0.00012123072,0.0006061536,0
1965.0,1970.0,1967.5,0.000110423,0.000552115,0
1970.0,1975.0,1972.5,0.00011162054,0.0005581027,0
1975.0,1980.0,1977.5,0.00012035472,0.0006017736,0
1980.0,1985.0,1982.5,9.7723e-05,0.000488615,0
1985.0,1990.0,1987.5,0.00013024656,0.0006512328,0
1990.0,1995.0,1992.5,0.00010454168,0.0005227084,0
1995.0,2000.0,1997.5,0.0001277967,0.0006389835,0
2000.0,2005.0,2002.5,0.0001002525,0.0005012625,0
2005.0,2010.0,2007.5,9.791734e-05,0.0004895867,0
2010.0,2015.0,2012.5,0.00010558484,0.0005279242,0
2015.0,2020.0,2017.5,0.0001486687,0.0007433435,0
2020.0,2025.0,2022.5,0.00012048312,0.0006024156,0
2025.0,2030.0,2027.5,0.00010190882,0.0005095441,0
2030.0,2035.0,2032.5,0.0001067229,0.0005336145,0
2035.0,2040.0,2037.5,0.00012065138,0.0006032569,0
2040.0,2045.0,2042.5,0.00012364706,0.0006182353,0
2045.0,2050.0,2047.5,0.00012416334,0.0006208167,0
2050.0,2055.0,2052.5,0.00010892102,0.0005446051,0
2055.0,2060.0,2057.5,0.00013037206,0.0006518603,0
2060.0,2065.0,2062.5,9.927638e-05,0.0004963819,0
2065.0,2070.0,2067.5,0.00011437274,0.0005718637,0
2070.0,2075.0,2072.5,0.00011167018,0.0005583509,0
2075.0,2080.0,2077.5,8.4066162e-05,0.00042033081,0
2080.0,2085.0,2082.5,0.00011299792,0.0005649896,0
2085.0,2090.0,2087.5,0.00010548514,0.0005274257,0
2090.0,2095.0,2092.5,0.00010704032,0.0005352016,0
2095.0,2100.0,2097.5,0.0001080199,0.0005400995,0
2100.0,2105.0,2102.5,0.0001242394,0.000621197,0
2105.0,2110.0,2107.5,0.00012992348,0.0006496174,0
2110.0,2115.0,2112.5,0.000133982,0.00066991,0
2115.0,2120.0,2117.5,0.00010045018,0.0005022509,0
2120.0,2125.0,2122.5,0.0001117983,0.0005589915,0
2125.0,2130.0,2127.5,0.0001102549,0.0005512745,0
2130.0,2135.0,2132.5,0.00010314294,0.0005157147,0
2135.0,2140.0,2137.5,0.00012316234,0.0006158117,0
2140.0,2145.0,2142.5,0.0001057247,0.0005286235,0
2145.0,2150.0,2147.5,9.683684e-05,0.0004841842,0
2150.0,2155.0,2152.5,0.00010690846,0.0005345423,0
2155.0,2160.0,2157.5,0.00011432108,0.0005716054,0
2160.0,2165.0,2162.5,0.00012251545,0.00061257725,0
2165.0,2170.0,2167.5,0.00011511142,0.0005755571,0
2170.0,2175.0,2172.5,0.00010810072,0.0005405036,0
2175.0,2180.0,2177.5,9.70029e-05,0.0004850145,0
2180.0,2185.0,2182.5,0.00010437324,0.0005218662,0
2185.0,2190.0,2187.5,0.00011768354,0.0005884177,0
2190.0,2195.0,2192.5,0.00010298008,0.0005149004,0
2195.0,2200.0,2197.5,0.00010423994,0.0005211997,0
2200.0,2205.0,2202.5,0.00010340702,0.0005170351,0
2205.0,2210.0,2207.5,9.84533e-05,0.0004922665,0
2210.0,2215.0,2212.5,0.0001007137,0.0005035685,0
2215.0,2220.0,2217.5,0.00012386894,0.0006193447,0
2220.0,2225.0,2222.5,9.676014e-05,0.0004838007,0
2225.0,2230.0,2227.5,0.00010151486,0.0005075743,0
2230.0,2235.0,2232.5,0.0001239418,0.000619709,0
2235.0,2240.0,2237.5,9.796936e-05,0.0004898468,0
2240.0,2245.0,2242.5,9.900928e-05,0.0004950464,0
2245.0,2250.0,2247.5,9.054812e-05,0.0004527406,0
2250.0,2255.0,2252.5,0.00013395518,0.0006697759,0
2255.0,2260.0,2257.5,0.0001042237,0.0005211185,0
2260.0,2265.0,2262.5,0.00010299746,0.0005149873,0
2265.0,2270.0,2267.5,0.00010074262,0.0005037131,0
2270.0,2275.0,2272.5,9.63141e-05,0.0004815705,0
2275.0,2280.0,2277.5,0.00010019536,0.0005009768,0
2280.0,2285.0,2282.5,8.774038e-05,0.0004387019,0
2285.0,2290.0,2287.5,9.796948e-05,0.0004898474,0
2290.0,2295.0,2292.5,9.939286e-05,0.0004969643,0
2295.0,2300.0,2297.5,0.00013023052,0.0006511526,0
2300.0,2305.0,2302.5,8.321684e-05,0.0004160842,0
2305.0,2310.0,2307.5,0.00011399814,0.0005699907,0
2310.0,2315.0,2312.5,0.00010913078,0.0005456539,0
2315.0,2320.0,2317.5,0.00011767764,0.0005883882,0
2320.0,2325.0,2322.5,9.55196e-05,0.000477598,0
2325.0,2330.0,2327.5,0.00011128374,0.0005564187,0
2330.0,2335.0,2332.5,0.00011305838,0.0005652919,0
2335.0,2340.0,2337.5,0.00011670182,0.0005835091,0
2340.0,2345.0,2342.5,0.0001004119,0.0005020595,0
2345.0,2350.0,2347.5,8.692764e-05,0.0004346382,0
2350.0,2355.0,2352.5,0.00010776924,0.0005388462,0
2355.0,2360.0,2357.5,0.0001203289,0.0006016445,0
2360.0,2365.0,2362.5,0.00011045114,0.0005522557,0
2365.0,2370.0,2367.5,0.0001152401,0.0005762005,0
2370.0,2375.0,2372.5,0.00010430094,0.0005215047,0
2375.0,2380.0,2377.5,0.00013502922,0.0006751461,0
2380.0,2385.0,2382.5,9.441562e-05,0.0004720781,0
2385.0,2390.0,2387.5,0.00010198004,0.0005099002,0
2390.0,2395.0,2392.5,8.311528e-05,0.0004155764,0
2395.0,2400.0,2397.5,0.0001106811,0.0005534055,0
2400.0,2405.0,2402.5,9.945046e-05,0.0004972523,0
2405.0,2410.0,2407.5,9.896526e-05,0.0004948263,0
2410.0,2415.0,2412.5,0.00010265542,0.00051327711,0
2415.0,2420.0,2417.5,9.7944e-05,0.00048972,0
2420.0,2425.0,2422.5,9.80024e-05,0.000490012,0
2425.0,2430.0,2427.5,7.833818e-05,0.0003916909,0
2430.0,2435.0,2432.5,0.00010913428,0.0005456714,0
2435.0,2440.0,2437.5,0.00010455874,0.0005227937,0
2440.0,2445.0,2442.5,0.00010293548,0.0005146774,0
2445.0,2450.0,2447.5,0.00011315048,0.0005657524,0
2450.0,2455.0,2452.5,8.416188e-05,0.0004208094,0
2455.0,2460.0,2457.5,0.00012274826,0.0006137413,0
2460.0,2465.0,2462.5,0.0001100582,0.000550291,0
2465.0,2470.0,2467.5,0.000111969,0.000559845,0
2470.0,2475.0,2472.5,0.00011673592,0.0005836796,0
2475.0,2480.0,2477.5,9.309962e-05,0.0004654981,0
2480.0,2485.0,2482.5,8.68551e-05,0.0004342755,0
2485.0,2490.0,2487.5,0.00010577418,0.0005288709,0
2490.0,2495.0,2492.5,9.935342e-05,0.0004967671,0
2495.0,2500.0,2497.5,0.00010453978,0.0005226989,0
2500.0,2505.0,2502.5,7.826098e-05,0.0003913049,0
2505.0,2510.0,2507.5,9.323906e-05,0.0004661953,0
2510.0,2515.0,2512.5,9.086084e-05,0.0004543042,0
2515.0,2520.0,2517.5,0.00010983398,0.0005491699,0
2520.0,2525.0,2522.5,0.00010421742,0.0005210871,0
2525.0,2530.0,2527.5,0.00010669748,0.0005334874,0
2530.0,2535.0,2532.5,0.00012040654,0.0006020327,0
2535.0,2540.0,2537.5,9.443472e-05,0.0004721736,0
2540.0,2545.0,2542.5,9.179344e-05,0.0004589672,0
2545.0,2550.0,2547.5,9.538962e-05,0.0004769481,0
2550.0,2555.0,2552.5,0.00011418324,0.0005709162,0
2555.0,2560.0,2557.5,7.093882e-05,0.0003546941,0
2560.0,2565.0,2562.5,8.931458e-05,0.0004465729,0
2565.0,2570.0,2567.5,7.920364e-05,0.0003960182,0
2570.0,2575.0,2572.5,0.00011022056,0.0005511028,0
2575.0,2580.0,2577.5,8.436356e-05,0.0004218178,0
2580.0,2585.0,2582.5,9.05661e-05,0.0004528305,0
2585.0,2590.0,2587.5,0.00010184312,0.0005092156,0
2590.0,2595.0,2592.5,0.00010041464,0.0005020732,0
2595.0,2600.0,2597.5,0.00011547362,0.0005773681,0
2600.0,2605.0,2602.5,9.6168682e-05,0.00048084341,0
2605.0,2610.0,2607.5,9.074666e-05,0.0004537333,0
2610.0,2615.0,2612.5,0.00010541746,0.0005270873,0
2615.0,2620.0,2617.5,0.0001079471,0.0005397355,0
2620.0,2625.0,2622.5,9.296422e-05,0.0004648211,0
2625.0,2630.0,2627.5,8.188324e-05,0.0004094162,0
2630.0,2635.0,2632.5,8.281562e-05,0.0004140781,0
2635.0,2640.0,2637.5,0.00010067812,0.0005033906,0
2640.0,2645.0,2642.5,9.413968e-05,0.0004706984,0
2645.0,2650.0,2647.5,9.342574e-05,0.0004671287,0
2650.0,2655.0,2652.5,8.532934e-05,0.0004266467,0
2655.0,2660.0,2657.5,8.946722e-05,0.0004473361,0
2660.0,2665.0,2662.5,9.29093e-05,0.0004645465,0
2665.0,2670.0,2667.5,8.1920544e-05,0.00040960272,0
2670.0,2675.0,2672.5,8.5954662e-05,0.00042977331,0
2675.0,2680.0,2677.5,0.00011077102,0.0005538551,0
2680.0,2685.0,2682.5,0.0001018284,0.000509142,0
2685.0,2690.0,2687.5,0.00010436924,0.0005218462,0
2690.0,2695.0,2692.5,0.00010349996,0.0005174998,0
2695.0,2700.0,2697.5,0.00010177899,0.00050889496,0
2700.0,2705.0,2702.5,0.00010785164,0.0005392582,0
2705.0,2710.0,2707.5,8.7071724e-05,0.00043535862,0
2710.0,2715.0,2712.5,9.534114e-05,0.0004767057,0
2715.0,2720.0,2717.5,9.811708e-05,0.0004905854,0
2720.0,2725.0,2722.5,9.170022e-05,0.0004585011,0
2725.0,2730.0,2727.5,0.0001078006,0.000539003,0
2730.0,2735.0,2732.5,0.00011666812,0.0005833406,0
2735.0,2740.0,2737.5,9.932672e-05,0.0004966336,0
2740.0,2745.0,2742.5,8.095736e-05,0.0004047868,0
2745.0,2750.0,2747.5,7.342288e-05,0.0003671144,0
2750.0,2755.0,2752.5,0.00010822158,0.0005411079,0
2755.0,2760.0,2757.5,0.00012045468,0.0006022734,0
2760.0,2765.0,2762.5,0.00010004798,0.0005002399,0
2765.0,2770.0,2767.5,8.5507442e-05,0.00042753721,0
2770.0,2775.0,2772.5,8.466644e-05,0.0004233322,0
2775.0,2780.0,2777.5,9.44717e-05,0.0004723585,0
2780.0,2785.0,2782.5,9.321666e-05,0.0004660833,0
2785.0,2790.0,2787.5,8.791018e-05,0.0004395509,0
2790.0,2795.0,2792.5,0.0001167589,0.0005837945,0
2795.0,2800.0,2797.5,8.813284e-05,0.0004406642,0
2800.0,2805.0,2802.5,8.55467e-05,0.0004277335,0
2805.0,2810.0,2807.5,0.00011053424,0.0005526712,0
2810.0,2815.0,2812.5,9.315424e-05,0.0004657712,0
2815.0,2820.0,2817.5,8.188969e-05,0.00040944845,0
2820.0,2825.0,2822.5,7.935888e-05,0.0003967944,0
2825.0,2830.0,2827.5,9.414816e-05,0.0004707408,0
2830.0,2835.0,2832.5,9.556908e-05,0.0004778454,0
2835.0,2840.0,2837.5,0.00010037982,0.0005018991,0
2840.0,2845.0,2842.5,8.795686e-05,0.0004397843,0
2845.0,2850.0,2847.5,0.00010037404,0.0005018702,0
2850.0,2855.0,2852.5,8.811046e-05,0.0004405523,0
2855.0,2860.0,2857.5,6.946864e-05,0.0003473432,0
2860.0,2865.0,2862.5,7.950144e-05,0.0003975072,0
2865.0,2870.0,2867.5,7.84725e-05,0.0003923625,0
2870.0,2875.0,2872.5,9.812846e-05,0.0004906423,0
2875.0,2880.0,2877.5,9.224602e-05,0.0004612301,0
2880.0,2885.0,2882.5,8.548132e-05,0.0004274066,0
2885.0,2890.0,2887.5,9.576136e-05,0.0004788068,0
2890.0,2895.0,2892.5,0.00010301044,0.0005150522,0
2895.0,2900.0,2897.5,9.049936e-05,0.0004524968,0
2900.0,2905.0,2902.5,0.00010063124,0.0005031562,0
2905.0,2910.0,2907.5,9.81062e-05,0.000490531,0
2910.0,2915.0,2912.5,0.0001009268,0.000504634,0
2915.0,2920.0,2917.5,8.059742e-05,0.0004029871,0
2920.0,2925.0,2922.5,0.00010956452,0.0005478226,0
2925.0,2930.0,2927.5,8.080176e-05,0.0004040088,0
2930.0,2935.0,2932.5,9.44069e-05,0.0004720345,0
2935.0,2940.0,2937.5,0.00010656304,0.0005328152,0
2940.0,2945.0,2942.5,8.82705e-05,0.0004413525,0
2945.0,2950.0,2947.5,9.80971e-05,0.0004904855,0
2950.0,2955.0,2952.5,8.56621e-05,0.0004283105,0
2955.0,2960.0,2957.5,9.553534e-05,0.0004776767,0
2960.0,2965.0,2962.5,8.936892e-05,0.0004468446,0
2965.0,2970.0,2967.5,7.835082e-05,0.0003917541,0
2970.0,2975.0,2972.5,9.90912e-05,0.000495456,0
2975.0,2980.0,2977.5,9.543578e-05,0.0004771789,0
2980.0,2985.0,2982.5,0.00010686462,0.0005343231,0
2985.0,2990.0,2987.5,7.837188e-05,0.0003918594,0
2990.0,2995.0,2992.5,7.820954e-05,0.0003910477,0
2995.0,3000.0,2997.5,7.69459e-05,0.0003847295,0
3000.0,3005.0,3002.5,7.4652584e-05,0.00037326292,0
3005.0,3010.0,3007.5,0.00010053608,0.0005026804,0
3010.0,3015.0,3012.5,7.1750102e-05,0.00035875051,0
3015.0,3020.0,3017.5,8.918972e-05,0.0004459486,0
3020.0,3025.0,3022.5,9.300132e-05,0.0004650066,0
3025.0,3030.0,3027.5,9.161834e-05,0.0004580917,0
3030.0,3035.0,3032.5,9.66674e-05,0.000483337,0
3035.0,3040.0,3037.5,8.324832e-05,0.0004162416,0
3040.0,3045.0,3042.5,9.025708e-05,0.0004512854,0
3045.0,3050.0,3047.5,0.0001058174,0.000529087,0
3050.0,3055.0,3052.5,0.00010143014,0.0005071507,0
3055.0,3060.0,3057.5,8.684142e-05,0.0004342071,0
3060.0,3065.0,3062.5,0.00010071522,0.0005035761,0
3065.0,3070.0,3067.5,8.809058e-05,0.0004404529,0
3070.0,3075.0,3072.5,7.678e-05,0.0003839,0
3075.0,3080.0,3077.5,0.00010672076,0.0005336038,0
3080.0,3085.0,3082.5,8.916204e-05,0.0004458102,0
3085.0,3090.0,3087.5,9.669058e-05,0.0004834529,0
3090.0,3095.0,3092.5,8.441836e-05,0.0004220918,0
3095.0,3100.0,3097.5,7.694892e-05,0.0003847446,0
3100.0,3105.0,3102.5,0.00010276564,0.0005138282,0
3105.0,3110.0,3107.5,9.075012e-05,0.0004537506,0
3110.0,3115.0,3112.5,8.4246e-05,0.00042123,0
3115.0,3120.0,3117.5,7.819286e-05,0.0003909643,0
3120.0,3125.0,3122.5,9.18648e-05,0.000459324,0
3125.0,3130.0,3127.5,6.588564e-05,0.0003294282,0
3130.0,3135.0,3132.5,8.94871e-05,0.0004474355,0
3135.0,3140.0,3137.5,8.416622e-05,0.0004208311,0
3140.0,3145.0,3142.5,8.180324e-05,0.0004090162,0
3145.0,3150.0,3147.5,8.433526e-05,0.0004216763,0
3150.0,3155.0,3152.5,9.442702e-05,0.0004721351,0
3155.0,3160.0,3157.5,8.070382e-05,0.0004035191,0
3160.0,3165.0,3162.5,9.425118e-05,0.0004712559,0
3165.0,3170.0,3167.5,8.94483e-05,0.0004472415,0
3170.0,3175.0,3172.5,8.579074e-05,0.0004289537,0
3175.0,3180.0,3177.5,8.182706e-05,0.0004091353,0
3180.0,3185.0,3182.5,8.559184e-05,0.0004279592,0
3185.0,3190.0,3187.5,9.554388e-05,0.0004777194,0
3190.0,3195.0,3192.5,9.961246e-05,0.0004980623,0
3195.0,3200.0,3197.5,9.172536e-05,0.0004586268,0
3200.0,3205.0,3202.5,8.660156e-05,0.0004330078,0
3205.0,3210.0,3207.5,7.8186e-05,0.00039093,0
3210.0,3215.0,3212.5,8.806666e-05,0.0004403333,0
3215.0,3220.0,3217.5,8.934434e-05,0.0004467217,0
3220.0,3225.0,3222.5,7.332896e-05,0.0003666448,0
3225.0,3230.0,3227.5,7.346336e-05,0.0003673168,0
3230.0,3235.0,3232.5,8.052684e-05,0.0004026342,0
3235.0,3240.0,3237.5,9.186724e-05,0.0004593362,0
3240.0,3245.0,3242.5,6.5808042e-05,0.00032904021,0
3245.0,3250.0,3247.5,9.1842e-05,0.00045921,0
3250.0,3255.0,3252.5,7.3291602e-05,0.00036645801,0
3255.0,3260.0,3257.5,7.698926e-05,0.0003849463,0
3260.0,3265.0,3262.5,6.2007362e-05,0.00031003681,0
3265.0,3270.0,3267.5,8.831516e-05,0.0004415758,0
3270.0,3275.0,3272.5,9.29499e-05,0.0004647495,0
3275.0,3280.0,3277.5,0.00010439518,0.0005219759,0
3280.0,3285.0,3282.5,9.06048e-05,0.000453024,0
3285.0,3290.0,3287.5,0.00011545352,0.0005772676,0
3290.0,3295.0,3292.5,7.569726e-05,0.0003784863,0
3295.0,3300.0,3297.5,9.428476e-05,0.0004714238,0
3300.0,3305.0,3302.5,9.273566e-05,0.0004636783,0
3305.0,3310.0,3307.5,8.43767e-05,0.0004218835,0
3310.0,3315.0,3312.5,8.948056e-05,0.0004474028,0
3315.0,3320.0,3317.5,7.8669512e-05,0.00039334756,0
3320.0,3325.0,3322.5,7.1978e-05,0.00035989,0
3325.0,3330.0,3327.5,6.699712e-05,0.0003349856,0
3330.0,3335.0,3332.5,7.456334e-05,0.0003728167,0
3335.0,3340.0,3337.5,0.0001015429,0.0005077145,0
3340.0,3345.0,3342.5,9.427374e-05,0.0004713687,0
3345.0,3350.0,3347.5,7.96062e-05,0.000398031,0
3350.0,3355.0,3352.5,0.00010564334,0.0005282167,0
3355.0,3360.0,3357.5,8.431766e-05,0.0004215883,0
3360.0,3365.0,3362.5,9.070844e-05,0.0004535422,0
3365.0,3370.0,3367.5,0.00010661506,0.0005330753,0
3370.0,3375.0,3372.5,6.70503e-05,0.0003352515,0
3375.0,3380.0,3377.5,8.9235824e-05,0.00044617912,0
3380.0,3385.0,3382.5,8.84027e-05,0.0004420135,0
3385.0,3390.0,3387.5,9.56441e-05,0.0004782205,0
3390.0,3395.0,3392.5,8.561876e-05,0.0004280938,0
3395.0,3400.0,3397.5,9.575864e-05,0.0004787932,0
3400.0,3405.0,3402.5,8.7889504e-05,0.00043944752,0
3405.0,3410.0,3407.5,7.069858e-05,0.0003534929,0
3410.0,3415.0,3412.5,7.426594e-05,0.0003713297,0
3415.0,3420.0,3417.5,8.211086e-05,0.0004105543,0
3420.0,3425.0,3422.5,8.705378e-05,0.0004352689,0
3425.0,3430.0,3427.5,8.08342e-05,0.000404171,0
3430.0,3435.0,3432.5,8.549731e-05,0.00042748655,0
3435.0,3440.0,3437.5,8.207558e-05,0.0004103779,0
3440.0,3445.0,3442.5,6.69804e-05,0.000334902,0
3445.0,3450.0,3447.5,8.0631e-05,0.000403155,0
3450.0,3455.0,3452.5,0.0001044041,0.0005220205,0
3455.0,3460.0,3457.5,8.808422e-05,0.0004404211,0
3460.0,3465.0,3462.5,7.9366176e-05,0.00039683088,0
3465.0,3470.0,3467.5,9.299652e-05,0.0004649826,0
3470.0,3475.0,3472.5,8.7876984e-05,0.00043938492,0
3475.0,3480.0,3477.5,0.00010672274,0.0005336137,0
3480.0,3485.0,3482.5,8.052544e-05,0.0004026272,0
3485.0,3490.0,3487.5,9.795218e-05,0.0004897609,0
3490.0,3495.0,3492.5,7.8222064e-05,0.00039111032,0
3495.0,3500.0,3497.5,8.342674e-05,0.0004171337,0
3500.0,3505.0,3502.5,9.655158e-05,0.0004827579,0
3505.0,3510.0,3507.5,8.33953e-05,0.0004169765,0
3510.0,3515.0,3512.5,6.7090464e-05,0.00033545232,0
3515.0,3520.0,3517.5,8.439404e-05,0.0004219702,0
3520.0,3525.0,3522.5,8.198692e-05,0.0004099346,0
3525.0,3530.0,3527.5,8.917436e-05,0.0004458718,0
3530.0,3535.0,3532.5,9.335646e-05,0.0004667823,0
3535.0,3540.0,3537.5,8.437242e-05,0.0004218621,0
3540.0,3545.0,3542.5,8.29266e-05,0.000414633,0
3545.0,3550.0,3547.5,8.807102e-05,0.0004403551,0
3550.0,3555.0,3552.5,6.677998e-05,0.0003338999,0
3555.0,3560.0,3557.5,9.03539e-05,0.0004517695,0
3560.0,3565.0,3562.5,7.194874e-05,0.0003597437,0
3565.0,3570.0,3567.5,8.929388e-05,0.0004464694,0
3570.0,3575.0,3572.5,8.1914956e-05,0.00040957478,0
3575.0,3580.0,3577.5,8.703942e-05,0.0004351971,0
3580.0,3585.0,3582.5,9.840428e-05,0.0004920214,0
3585.0,3590.0,3587.5,9.298418e-05,0.0004649209,0
3590.0,3595.0,3592.5,6.697832e-05,0.0003348916,0
3595.0,3600.0,3597.5,7.4370364e-05,0.00037185182,0
3600.0,3605.0,3602.5,9.29014e-05,0.000464507,0
3605.0,3610.0,3607.5,8.4477314e-05,0.00042238657,0
3610.0,3615.0,3612.5,8.420188e-05,0.0004210094,0
3615.0,3620.0,3617.5,9.156006e-05,0.0004578003,0
3620.0,3625.0,3622.5,9.943706e-05,0.0004971853,0
3625.0,3630.0,3627.5,9.66337e-05,0.0004831685,0
3630.0,3635.0,3632.5,8.700998e-05,0.0004350499,0
3635.0,3640.0,3637.5,0.0001027641,0.0005138205,0
3640.0,3645.0,3642.5,8.678414e-05,0.0004339207,0
3645.0,3650.0,3647.5,7.953396e-05,0.0003976698,0
3650.0,3655.0,3652.5,5.590004e-05,0.0002795002,0
3655.0,3660.0,3657.5,9.173946e-05,0.0004586973,0
3660.0,3665.0,3662.5,9.410852e-05,0.0004705426,0
3665.0,3670.0,3667.5,0.00010408332,0.0005204166,0
3670.0,3675.0,3672.5,7.80832e-05,0.000390416,0
3675.0,3680.0,3677.5,9.775424e-05,0.0004887712,0
3680.0,3685.0,3682.5,8.072266e-05,0.0004036133,0
3685.0,3690.0,3687.5,5.917386e-05,0.0002958693,0
3690.0,3695.0,3692.5,8.307774e-05,0.0004153887,0
3695.0,3700.0,3697.5,7.574496e-05,0.0003787248,0
3700.0,3705.0,3702.5,8.545826e-05,0.0004272913,0
3705.0,3710.0,3707.5,7.949752e-05,0.0003974876,0
3710.0,3715.0,3712.5,7.827905e-05,0.00039139525,0
3715.0,3720.0,3717.5,8.926374e-05,0.0004463187,0
3720.0,3725.0,3722.5,9.416266e-05,0.0004708133,0
3725.0,3730.0,3727.5,7.204696e-05,0.0003602348,0
3730.0,3735.0,3732.5,6.8396512e-05,0.00034198256,0
3735.0,3740.0,3737.5,8.5456e-05,0.00042728,0
3740.0,3745.0,3742.5,7.91273e-05,0.0003956365,0
3745.0,3750.0,3747.5,9.922044e-05,0.0004961022,0
3750.0,3755.0,3752.5,8.43828e-05,0.000421914,0
3755.0,3760.0,3757.5,6.934468e-05,0.0003467234,0
3760.0,3765.0,3762.5,8.547906e-05,0.0004273953,0
3765.0,3770.0,3767.5,7.46374e-05,0.000373187,0
3770.0,3775.0,3772.5,7.05972e-05,0.000352986,0
3775.0,3780.0,3777.5,0.00011178944,0.0005589472,0
3780.0,3785.0,3782.5,7.21058e-05,0.000360529,0
3785.0,3790.0,3787.5,8.449142e-05,0.0004224571,0
3790.0,3795.0,3792.5,7.67378e-05,0.000383689,0
3795.0,3800.0,3797.5,6.8442e-05,0.00034221,0
3800.0,3805.0,3802.5,7.420468e-05,0.0003710234,0
3805.0,3810.0,3807.5,9.42768e-05,0.000471384,0
3810.0,3815.0,3812.5,8.817314e-05,0.0004408657,0
3815.0,3820.0,3817.5,8.783848e-05,0.0004391924,0
3820.0,3825.0,3822.5,8.30003e-05,0.0004150015,0
3825.0,3830.0,3827.5,7.434352e-05,0.0003717176,0
3830.0,3835.0,3832.5,7.797134e-05,0.0003898567,0
3835.0,3840.0,3837.5,6.0544142e-05,0.00030272071,0
3840.0,3845.0,3842.5,8.571084e-05,0.0004285542,0
3845.0,3850.0,3847.5,8.46527e-05,0.0004232635,0
3850.0,3855.0,3852.5,7.9276982e-05,0.00039638491,0
3855.0,3860.0,3857.5,6.075856e-05,0.0003037928,0
3860.0,3865.0,3862.5,6.580234e-05,0.0003290117,0
3865.0,3870.0,3867.5,0.0001005398,0.000502699,0
3870.0,3875.0,3872.5,9.42638e-05,0.000471319,0
3875.0,3880.0,3877.5,7.591278e-05,0.0003795639,0
3880.0,3885.0,3882.5,8.549612e-05,0.0004274806,0
3885.0,3890.0,3887.5,8.318726e-05,0.0004159363,0
3890.0,3895.0,3892.5,7.301214e-05,0.0003650607,0
3895.0,3900.0,3897.5,9.770912e-05,0.0004885456,0
3900.0,3905.0,3902.5,8.925798e-05,0.0004462899,0
3905.0,3910.0,3907.5,6.460006e-05,0.0003230003,0
3910.0,3915.0,3912.5,8.920268e-05,0.0004460134,0
3915.0,3920.0,3917.5,8.317998e-05,0.0004158999,0
3920.0,3925.0,3922.5,7.69798e-05,0.000384899,0
3925.0,3930.0,3927.5,7.559396e-05,0.0003779698,0
3930.0,3935.0,3932.5,6.700654e-05,0.0003350327,0
3935.0,3940.0,3937.5,8.45133e-05,0.0004225665,0
3940.0,3945.0,3942.5,8.437758e-05,0.0004218879,0
3945.0,3950.0,3947.5,7.47416e-05,0.000373708,0
3950.0,3955.0,3952.5,8.791584e-05,0.0004395792,0
3955.0,3960.0,3957.5,9.93966e-05,0.000496983,0
3960.0,3965.0,3962.5,7.175596e-05,0.0003587798,0
3965.0,3970.0,3967.5,8.21308e-05,0.000410654,0
3970.0,3975.0,3972.5,8.54306e-05,0.000427153,0
3975.0,3980.0,3977.5,0.00010308462,0.0005154231,0
3980.0,3985.0,3982.5,7.317652e-05,0.0003658826,0
3985.0,3990.0,3987.5,0.000109674,0.00054837,0
3990.0,3995.0,3992.5,8.209568e-05,0.0004104784,0
3995.0,4000.0,3997.5,7.964e-05,0.0003982,0
4000.0,4005.0,4002.5,7.718342e-05,0.0003859171,0
4005.0,4010.0,4007.5,8.173768e-05,0.0004086884,0
4010.0,4015.0,4012.5,0.00010204376,0.0005102188,0
4015.0,4020.0,4017.5,8.829916e-05,0.0004414958,0
4020.0,4025.0,4022.5,7.694532e-05,0.0003847266,0
4025.0,4030.0,4027.5,7.564186e-05,0.0003782093,0
4030.0,4035.0,4032.5,8.421716e-05,0.0004210858,0
4035.0,4040.0,4037.5,6.83526e-05,0.000341763,0
4040.0,4045.0,4042.5,7.807102e-05,0.0003903551,0
4045.0,4050.0,4047.5,9.817998e-05,0.0004908999,0
4050.0,4055.0,4052.5,6.611748e-05,0.0003305874,0
4055.0,4060.0,4057.5,8.533598e-05,0.0004266799,0
4060.0,4065.0,4062.5,6.0989812e-05,0.00030494906,0
4065.0,4070.0,4067.5,9.0649e-05,0.000453245,0
4070.0,4075.0,4072.5,7.4670462e-05,0.00037335231,0
4075.0,4080.0,4077.5,8.42454e-05,0.000421227,0
4080.0,4085.0,4082.5,9.562982e-05,0.0004781491,0
4085.0,4090.0,4087.5,8.292404e-05,0.0004146202,0
4090.0,4095.0,4092.5,8.105074e-05,0.0004052537,0
4095.0,4100.0,4097.5,7.060392e-05,0.0003530196,0
4100.0,4105.0,4102.5,8.318298e-05,0.0004159149,0
4105.0,4110.0,4107.5,8.430602e-05,0.0004215301,0
4110.0,4115.0,4112.5,7.951732e-05,0.0003975866,0
4115.0,4120.0,4117.5,8.615184e-05,0.0004307592,0
4120.0,4125.0,4122.5,7.462244e-05,0.0003731122,0
4125.0,4130.0,4127.5,8.545132e-05,0.0004272566,0
4130.0,4135.0,4132.5,7.555892e-05,0.0003777946,0
4135.0,4140.0,4137.5,8.558242e-05,0.0004279121,0
4140.0,4145.0,4142.5,7.467186e-05,0.0003733593,0
4145.0,4150.0,4147.5,7.941068e-05,0.0003970534,0
4150.0,4155.0,4152.5,7.957634e-05,0.0003978817,0
4155.0,4160.0,4157.5,7.971758e-05,0.0003985879,0
4160.0,4165.0,4162.5,9.5163e-05,0.000475815,0
4165.0,4170.0,4167.5,7.284241e-05,0.00036421205,0
4170.0,4175.0,4172.5,6.78188e-05,0.000339094,0
4175.0,4180.0,4177.5,9.41552e-05,0.000470776,0
4180.0,4185.0,4182.5,9.215054e-05,0.0004607527,0
4185.0,4190.0,4187.5,8.041224e-05,0.0004020612,0
4190.0,4195.0,4192.5,9.069124e-05,0.0004534562,0
4195.0,4200.0,4197.5,9.453418e-05,0.0004726709,0
4200.0,4205.0,4202.5,9.78401e-05,0.0004892005,0
4205.0,4210.0,4207.5,8.71966e-05,0.000435983,0
4210.0,4215.0,4212.5,6.5834944e-05,0.00032917472,0
4215.0,4220.0,4217.5,8.177142e-05,0.0004088571,0
4220.0,4225.0,4222.5,7.554972e-05,0.0003777486,0
4225.0,4230.0,4227.5,7.69926e-05,0.000384963,0
4230.0,4235.0,4232.5,8.031244e-05,0.0004015622,0
4235.0,4240.0,4237.5,7.946066e-05,0.0003973033,0
4240.0,4245.0,4242.5,8.948608e-05,0.0004474304,0
4245.0,4250.0,4247.5,7.067824e-05,0.0003533912,0
4250.0,4255.0,4252.5,8.449262e-05,0.0004224631,0
4255.0,4260.0,4257.5,7.72112e-05,0.000386056,0
4260.0,4265.0,4262.5,9.187928e-05,0.0004593964,0
4265.0,4270.0,4267.5,7.32476e-05,0.000366238,0
4270.0,4275.0,4272.5,6.582008e-05,0.0003291004,0
4275.0,4280.0,4277.5,7.2103344e-05,0.00036051672,0
4280.0,4285.0,4282.5,8.07199e-05,0.0004035995,0
4285.0,4290.0,4287.5,8.322526e-05,0.0004161263,0
4290.0,4295.0,4292.5,6.826426e-05,0.0003413213,0
4295.0,4300.0,4297.5,7.802326e-05,0.0003901163,0
4300.0,4305.0,4302.5,8.81837e-05,0.0004409185,0
4305.0,4310.0,4307.5,7.792562e-05,0.0003896281,0
4310.0,4315.0,4312.5,8.191048e-05,0.0004095524,0
4315.0,4320.0,4317.5,7.832102e-05,0.0003916051,0
4320.0,4325.0,4322.5,5.945174e-05,0.0002972587,0
4325.0,4330.0,4327.5,9.20316e-05,0.000460158,0
4330.0,4335.0,4332.5,7.538168e-05,0.0003769084,0
4335.0,4340.0,4337.5,7.429344e-05,0.0003714672,0
4340.0,4345.0,4342.5,9.419344e-05,0.0004709672,0
4345.0,4350.0,4347.5,9.411098e-05,0.0004705549,0
4350.0,4355.0,4352.5,7.989794e-05,0.0003994897,0
4355.0,4360.0,4357.5,7.9469434e-05,0.00039734717,0
4360.0,4365.0,4362.5,8.435162e-05,0.0004217581,0
4365.0,4370.0,4367.5,7.80367e-05,0.0003901835,0
4370.0,4375.0,4372.5,7.073776e-05,0.0003536888,0
4375.0,4380.0,4377.5,8.778054e-05,0.0004389027,0
4380.0,4385.0,4382.5,7.667486e-05,0.0003833743,0
4385.0,4390.0,4387.5,8.17871e-05,0.0004089355,0
4390.0,4395.0,4392.5,7.316278e-05,0.0003658139,0
4395.0,4400.0,4397.5,8.072078e-05,0.0004036039,0
4400.0,4405.0,4402.5,7.172268e-05,0.0003586134,0
4405.0,4410.0,4407.5,0.0001002372,0.000501186,0
4410.0,4415.0,4412.5,7.6626656e-05,0.00038313328,0
4415.0,4420.0,4417.5,6.082206e-05,0.0003041103,0
4420.0,4425.0,4422.5,6.96759e-05,0.0003483795,0
4425.0,4430.0,4427.5,6.586062e-05,0.0003293031,0
4430.0,4435.0,4432.5,6.974808e-05,0.0003487404,0
4435.0,4440.0,4437.5,8.4176772e-05,0.00042088386,0
4440.0,4445.0,4442.5,7.911909e-05,0.00039559545,0
4445.0,4450.0,4447.5,8.199954e-05,0.0004099977,0
4450.0,4455.0,4452.5,0.00010782996,0.0005391498,0
4455.0,4460.0,4457.5,8.437578e-05,0.0004218789,0
4460.0,4465.0,4462.5,7.191954e-05,0.0003595977,0
4465.0,4470.0,4467.5,7.9541792e-05,0.00039770896,0
4470.0,4475.0,4472.5,8.6836334e-05,0.00043418167,0
4475.0,4480.0,4477.5,9.310042e-05,0.0004655021,0
4480.0,4485.0,4482.5,7.193068e-05,0.0003596534,0
4485.0,4490.0,4487.5,7.719668e-05,0.0003859834,0
4490.0,4495.0,4492.5,8.186418e-05,0.0004093209,0
4495.0,4500.0,4497.5,7.470922e-05,0.0003735461,0
4500.0,4505.0,4502.5,6.934122e-05,0.0003467061,0
4505.0,4510.0,4507.5,8.0679136e-05,0.00040339568,0
4510.0,4515.0,4512.5,7.449136e-05,0.0003724568,0
4515.0,4520.0,4517.5,8.182088e-05,0.0004091044,0
4520.0,4525.0,4522.5,9.43591e-05,0.0004717955,0
4525.0,4530.0,4527.5,7.338078e-05,0.0003669039,0
4530.0,4535.0,4532.5,7.06819e-05,0.0003534095,0
4535.0,4540.0,4537.5,8.0954e-05,0.00040477,0
4540.0,4545.0,4542.5,9.323714e-05,0.0004661857,0
4545.0,4550.0,4547.5,7.8136004e-05,0.00039068002,0
4550.0,4555.0,4552.5,9.175204e-05,0.0004587602,0
4555.0,4560.0,4557.5,8.194696e-05,0.0004097348,0
4560.0,4565.0,4562.5,6.827286e-05,0.0003413643,0
4565.0,4570.0,4567.5,7.046014e-05,0.0003523007,0
4570.0,4575.0,4572.5,8.687268e-05,0.0004343634,0
4575.0,4580.0,4577.5,9.567246e-05,0.0004783623,0
4580.0,4585.0,4582.5,8.957876e-05,0.0004478938,0
4585.0,4590.0,4587.5,7.46085e-05,0.0003730425,0
4590.0,4595.0,4592.5,8.815596e-05,0.0004407798,0
4595.0,4600.0,4597.5,7.929342e-05,0.0003964671,0
4600.0,4605.0,4602.5,8.070688e-05,0.0004035344,0
4605.0,4610.0,4607.5,8.4438e-05,0.00042219,0
4610.0,4615.0,4612.5,7.568316e-05,0.0003784158,0
4615.0,4620.0,4617.5,9.4527e-05,0.000472635,0
4620.0,4625.0,4622.5,6.56789e-05,0.0003283945,0
4625.0,4630.0,4627.5,8.58257e-05,0.0004291285,0
4630.0,4635.0,4632.5,8.824804e-05,0.0004412402,0
4635.0,4640.0,4637.5,7.691598e-05,0.0003845799,0
4640.0,4645.0,4642.5,9.281898e-05,0.0004640949,0
4645.0,4650.0,4647.5,8.709378e-05,0.0004354689,0
4650.0,4655.0,4652.5,8.339242e-05,0.0004169621,0
4655.0,4660.0,4657.5,9.661622e-05,0.0004830811,0
4660.0,4665.0,4662.5,7.45638e-05,0.000372819,0
4665.0,4670.0,4667.5,7.319842e-05,0.0003659921,0
4670.0,4675.0,4672.5,8.1629022e-05,0.00040814511,0
4675.0,4680.0,4677.5,7.182876e-05,0.0003591438,0
4680.0,4685.0,4682.5,9.679768e-05,0.0004839884,0
4685.0,4690.0,4687.5,6.4613434e-05,0.00032306717,0
4690.0,4695.0,4692.5,8.450766e-05,0.0004225383,0
4695.0,4700.0,4697.5,7.46298e-05,0.000373149,0
4700.0,4705.0,4702.5,7.452376e-05,0.0003726188,0
4705.0,4710.0,4707.5,9.054718e-05,0.0004527359,0
4710.0,4715.0,4712.5,7.799082e-05,0.0003899541,0
4715.0,4720.0,4717.5,9.191168e-05,0.0004595584,0
4720.0,4725.0,4722.5,8.71193e-05,0.0004355965,0
4725.0,4730.0,4727.5,8.960538e-05,0.0004480269,0
4730.0,4735.0,4732.5,8.447058e-05,0.0004223529,0
4735.0,4740.0,4737.5,8.028252e-05,0.0004014126,0
4740.0,4745.0,4742.5,8.33214e-05,0.000416607,0
4745.0,4750.0,4747.5,8.311638e-05,0.0004155819,0
4750.0,4755.0,4752.5,0.00010307266,0.0005153633,0
4755.0,4760.0,4757.5,7.922394e-05,0.0003961197,0
4760.0,4765.0,4762.5,8.830164e-05,0.0004415082,0
4765.0,4770.0,4767.5,8.4289684e-05,0.00042144842,0
4770.0,4775.0,4772.5,9.940354e-05,0.0004970177,0
4775.0,4780.0,4777.5,6.824932e-05,0.0003412466,0
4780.0,4785.0,4782.5,6.3331614e-05,0.00031665807,0
4785.0,4790.0,4787.5,6.4269582e-05,0.00032134791,0
4790.0,4795.0,4792.5,6.711846e-05,0.0003355923,0
4795.0,4800.0,4797.5,8.70335e-05,0.0004351675,0
4800.0,4805.0,4802.5,9.052922e-05,0.0004526461,0
4805.0,4810.0,4807.5,7.95263e-05,0.0003976315,0
4810.0,4815.0,4812.5,7.701256e-05,0.0003850628,0
4815.0,4820.0,4817.5,7.81518e-05,0.000390759,0
4820.0,4825.0,4822.5,7.938902e-05,0.0003969451,0
4825.0,4830.0,4827.5,9.16708e-05,0.000458354,0
4830.0,4835.0,4832.5,7.697476e-05,0.0003848738,0
4835.0,4840.0,4837.5,6.852102e-05,0.0003426051,0
4840.0,4845.0,4842.5,0.00011332012,0.0005666006,0
4845.0,4850.0,4847.5,8.314432e-05,0.0004157216,0
4850.0,4855.0,4852.5,8.197686e-05,0.0004098843,0
4855.0,4860.0,4857.5,7.5604352e-05,0.00037802176,0
4860.0,4865.0,4862.5,7.69499e-05,0.0003847495,0
4865.0,4870.0,4867.5,7.429686e-05,0.0003714843,0
4870.0,4875.0,4872.5,8.189102e-05,0.0004094551,0
4875.0,4880.0,4877.5,9.292688e-05,0.0004646344,0
4880.0,4885.0,4882.5,8.78072e-05,0.000439036,0
4885.0,4890.0,4887.5,6.936386e-05,0.0003468193,0
4890.0,4895.0,4892.5,8.33898e-05,0.000416949,0
4895.0,4900.0,4897.5,7.814534e-05,0.0003907267,0
4900.0,4905.0,4902.5,9.061482e-05,0.0004530741,0
4905.0,4910.0,4907.5,9.194808e-05,0.0004597404,0
4910.0,4915.0,4912.5,9.185686e-05,0.0004592843,0
4915.0,4920.0,4917.5,9.284403e-05,0.00046422015,0
4920.0,4925.0,4922.5,8.068644e-05,0.0004034322,0
4925.0,4930.0,4927.5,5.085862e-05,0.0002542931,0
4930.0,4935.0,4932.5,7.843512e-05,0.0003921756,0
4935.0,4940.0,4937.5,8.93413e-05,0.0004467065,0
4940.0,4945.0,4942.5,6.33466e-05,0.000316733,0
4945.0,4950.0,4947.5,7.564634e-05,0.0003782317,0
4950.0,4955.0,4952.5,7.33564e-05,0.000366782,0
4955.0,4960.0,4957.5,8.19619e-05,0.0004098095,0
4960.0,4965.0,4962.5,9.45235e-05,0.0004726175,0
4965.0,4970.0,4967.5,9.057434e-05,0.0004528717,0
4970.0,4975.0,4972.5,7.04995e-05,0.0003524975,0
4975.0,4980.0,4977.5,6.816837e-05,0.00034084185,0
4980.0,4985.0,4982.5,7.688624e-05,0.0003844312,0
4985.0,4990.0,4987.5,8.318934e-05,0.0004159467,0
4990.0,4995.0,4992.5,5.936118e-05,0.0002968059,0
4995.0,5000.0,4997.5,6.581512e-05,0.0003290756,0
5000.0,5005.0,5002.5,7.597432e-05,0.0003798716,0
5005.0,5010.0,5007.5,8.423264e-05,0.0004211632,0
5010.0,5015.0,5012.5,7.58016e-05,0.000379008,0
5015.0,5020.0,5017.5,6.846208e-05,0.0003423104,0
5020.0,5025.0,5022.5,5.827844e-05,0.0002913922,0
5025.0,5030.0,5027.5,8.565894e-05,0.0004282947,0
5030.0,5035.0,5032.5,5.959954e-05,0.0002979977,0
5035.0,5040.0,5037.5,7.854544e-05,0.0003927272,0
5040.0,5045.0,5042.5,7.312196e-05,0.0003656098,0
5045.0,5050.0,5047.5,7.057424e-05,0.0003528712,0
5050.0,5055.0,5052.5,8.305972e-05,0.0004152986,0
5055.0,5060.0,5057.5,7.8029762e-05,0.00039014881,0
5060.0,5065.0,5062.5,7.545024e-05,0.0003772512,0
5065.0,5070.0,5067.5,6.697992e-05,0.0003348996,0
5070.0,5075.0,5072.5,7.95565e-05,0.0003977825,0
5075.0,5080.0,5077.5,9.407676e-05,0.0004703838,0
5080.0,5085.0,5082.5,7.205668e-05,0.0003602834,0
5085.0,5090.0,5087.5,0.00010049262,0.0005024631,0
5090.0,5095.0,5092.5,8.062878e-05,0.0004031439,0
5095.0,5100.0,5097.5,8.567458e-05,0.0004283729,0
5100.0,5105.0,5102.5,9.305938e-05,0.0004652969,0
5105.0,5110.0,5107.5,0.00010036188,0.0005018094,0
5110.0,5115.0,5112.5,7.09744e-05,0.000354872,0
5115.0,5120.0,5117.5,6.699386e-05,0.0003349693,0
5120.0,5125.0,5122.5,8.301448e-05,0.0004150724,0
5125.0,5130.0,5127.5,8.540496e-05,0.0004270248,0
5130.0,5135.0,5132.5,8.699636e-05,0.0004349818,0
5135.0,5140.0,5137.5,7.962984e-05,0.0003981492,0
5140.0,5145.0,5142.5,7.798792e-05,0.0003899396,0
5145.0,5150.0,5147.5,8.696738e-05,0.0004348369,0
5150.0,5155.0,5152.5,9.057036e-05,0.0004528518,0
5155.0,5160.0,5157.5,6.6972484e-05,0.00033486242,0
5160.0,5165.0,5162.5,7.573098e-05,0.0003786549,0
5165.0,5170.0,5167.5,7.587196e-05,0.0003793598,0
5170.0,5175.0,5172.5,8.312746e-05,0.0004156373,0
5175.0,5180.0,5177.5,0.00010538268,0.0005269134,0
5180.0,5185.0,5182.5,8.453686e-05,0.0004226843,0
5185.0,5190.0,5187.5,9.304928e-05,0.0004652464,0
5190.0,5195.0,5192.5,6.0556102e-05,0.00030278051,0
5195.0,5200.0,5197.5,9.327592e-05,0.0004663796,0
5200.0,5205.0,5202.5,8.472462e-05,0.0004236231,0
5205.0,5210.0,5207.5,7.831304e-05,0.0003915652,0
5210.0,5215.0,5212.5,8.68159e-05,0.0004340795,0
5215.0,5220.0,5217.5,6.837012e-05,0.0003418506,0
5220.0,5225.0,5222.5,7.1865882e-05,0.00035932941,0
5225.0,5230.0,5227.5,9.45637e-05,0.0004728185,0
5230.0,5235.0,5232.5,7.19931e-05,0.0003599655,0
5235.0,5240.0,5237.5,7.3331104e-05,0.00036665552,0
5240.0,5245.0,5242.5,8.049222e-05,0.0004024611,0
5245.0,5250.0,5247.5,8.91928e-05,0.000445964,0
5250.0,5255.0,5252.5,8.539112e-05,0.0004269556,0
5255.0,5260.0,5257.5,6.83004e-05,0.000341502,0
5260.0,5265.0,5262.5,7.327172e-05,0.0003663586,0
5265.0,5270.0,5267.5,6.45874e-05,0.000322937,0
5270.0,5275.0,5272.5,7.2232124e-05,0.00036116062,0
5275.0,5280.0,5277.5,5.5783384e-05,0.00027891692,0
5280.0,5285.0,5282.5,7.089778e-05,0.0003544889,0
5285.0,5290.0,5287.5,6.853684e-05,0.0003426842,0
5290.0,5295.0,5292.5,8.315318e-05,0.0004157659,0
5295.0,5300.0,5297.5,7.179296e-05,0.0003589648,0
5300.0,5305.0,5302.5,7.814078e-05,0.0003907039,0
5305.0,5310.0,5307.5,8.4459524e-05,0.00042229762,0
5310.0,5315.0,5312.5,7.794154e-05,0.0003897077,0
5315.0,5320.0,5317.5,7.537068e-05,0.0003768534,0
5320.0,5325.0,5322.5,9.791648e-05,0.0004895824,0
5325.0,5330.0,5327.5,7.5765704e-05,0.00037882852,0
5330.0,5335.0,5332.5,7.603246e-05,0.0003801623,0
5335.0,5340.0,5337.5,7.163574e-05,0.0003581787,0
5340.0,5345.0,5342.5,8.292008e-05,0.0004146004,0
5345.0,5350.0,5347.5,7.46812e-05,0.000373406,0
5350.0,5355.0,5352.5,9.165538e-05,0.0004582769,0
5355.0,5360.0,5357.5,7.600308e-05,0.0003800154,0
5360.0,5365.0,5362.5,7.936578e-05,0.0003968289,0
5365.0,5370.0,5367.5,9.29544e-05,0.000464772,0
5370.0,5375.0,5372.5,8.066992e-05,0.0004033496,0
5375.0,5380.0,5377.5,7.085014e-05,0.0003542507,0
5380.0,5385.0,5382.5,7.56707e-05,0.0003783535,0
5385.0,5390.0,5387.5,7.451644e-05,0.0003725822,0
5390.0,5395.0,5392.5,9.078012e-05,0.0004539006,0
5395.0,5400.0,5397.5,8.937992e-05,0.0004468996,0
5400.0,5405.0,5402.5,9.208394e-05,0.0004604197,0
5405.0,5410.0,5407.5,8.184414e-05,0.0004092207,0
5410.0,5415.0,5412.5,7.832892e-05,0.0003916446,0
5415.0,5420.0,5417.5,7.940656e-05,0.0003970328,0
5420.0,5425.0,5422.5,7.335888e-05,0.0003667944,0
5425.0,5430.0,5427.5,5.8130922e-05,0.00029065461,0
5430.0,5435.0,5432.5,6.701624e-05,0.0003350812,0
5435.0,5440.0,5437.5,7.721448e-05,0.0003860724,0
5440.0,5445.0,5442.5,8.16759e-05,0.0004083795,0
5445.0,5450.0,5447.5,8.454906e-05,0.0004227453,0
5450.0,5455.0,5452.5,8.285326e-05,0.0004142663,0
5455.0,5460.0,5457.5,7.69085e-05,0.0003845425,0
5460.0,5465.0,5462.5,8.197696e-05,0.0004098848,0
5465.0,5470.0,5467.5,8.938292e-05,0.0004469146,0
5470.0,5475.0,5472.5,9.075638e-05,0.0004537819,0
5475.0,5480.0,5477.5,6.9847052e-05,0.00034923526,0
5480.0,5485.0,5482.5,7.34807e-05,0.0003674035,0
5485.0,5490.0,5487.5,8.550066e-05,0.0004275033,0
5490.0,5495.0,5492.5,5.465652e-05,0.0002732826,0
5495.0,5500.0,5497.5,7.822952e-05,0.0003911476,0
5500.0,5505.0,5502.5,5.964068e-05,0.0002982034,0
5505.0,5510.0,5507.5,7.690006e-05,0.0003845003,0
5510.0,5515.0,5512.5,8.54801e-05,0.0004274005,0
5515.0,5520.0,5517.5,6.447712e-05,0.0003223856,0
5520.0,5525.0,5522.5,8.928642e-05,0.0004464321,0
5525.0,5530.0,5527.5,6.94492e-05,0.000347246,0
5530.0,5535.0,5532.5,7.84264e-05,0.000392132,0
5535.0,5540.0,5537.5,7.4333178e-05,0.00037166589,0
5540.0,5545.0,5542.5,8.18139e-05,0.0004090695,0
5545.0,5550.0,5547.5,7.0694576e-05,0.00035347288,0
5550.0,5555.0,5552.5,7.660898e-05,0.0003830449,0
5555.0,5560.0,5557.5,6.805154e-05,0.0003402577,0
5560.0,5565.0,5562.5,8.95381e-05,0.0004476905,0
5565.0,5570.0,5567.5,9.775202e-05,0.0004887601,0
5570.0,5575.0,5572.5,7.556408e-05,0.0003778204,0
5575.0,5580.0,5577.5,5.222401e-05,0.00026112005,0
5580.0,5585.0,5582.5,9.688768e-05,0.0004844384,0
5585.0,5590.0,5587.5,9.589896e-05,0.0004794948,0
5590.0,5595.0,5592.5,0.00010424428,0.0005212214,0
5595.0,5600.0,5597.5,7.321562e-05,0.0003660781,0
5600.0,5605.0,5602.5,7.090566e-05,0.0003545283,0
5605.0,5610.0,5607.5,7.443552e-05,0.0003721776,0
5610.0,5615.0,5612.5,8.583346e-05,0.0004291673,0
5615.0,5620.0,5617.5,7.44291e-05,0.0003721455,0
5620.0,5625.0,5622.5,8.206026e-05,0.0004103013,0
5625.0,5630.0,5627.5,8.070404e-05,0.0004035202,0
5630.0,5635.0,5632.5,9.546262e-05,0.0004773131,0
5635.0,5640.0,5637.5,6.434156e-05,0.0003217078,0
5640.0,5645.0,5642.5,7.32461e-05,0.0003662305,0
5645.0,5650.0,5647.5,8.158742e-05,0.0004079371,0
5650.0,5655.0,5652.5,7.2079844e-05,0.00036039922,0
5655.0,5660.0,5657.5,7.96533e-05,0.0003982665,0
5660.0,5665.0,5662.5,8.434364e-05,0.0004217182,0
5665.0,5670.0,5667.5,9.077898e-05,0.0004538949,0
5670.0,5675.0,5672.5,7.810846e-05,0.0003905423,0
5675.0,5680.0,5677.5,6.340918e-05,0.0003170459,0
5680.0,5685.0,5682.5,8.41836e-05,0.000420918,0
5685.0,5690.0,5687.5,6.584016e-05,0.0003292008,0
5690.0,5695.0,5692.5,6.445984e-05,0.0003222992,0
5695.0,5700.0,5697.5,6.823378e-05,0.0003411689,0
5700.0,5705.0,5702.5,7.191686e-05,0.0003595843,0
5705.0,5710.0,5707.5,6.578762e-05,0.0003289381,0
5710.0,5715.0,5712.5,7.685568e-05,0.0003842784,0
5715.0,5720.0,5717.5,9.20958e-05,0.000460479,0
5720.0,5725.0,5722.5,7.585054e-05,0.0003792527,0
5725.0,5730.0,5727.5,6.966802e-05,0.0003483401,0
5730.0,5735.0,5732.5,9.201118e-05,0.0004600559,0
5735.0,5740.0,5737.5,8.836478e-05,0.0004418239,0
5740.0,5745.0,5742.5,6.4431616e-05,0.00032215808,0
5745.0,5750.0,5747.5,9.452974e-05,0.0004726487,0
5750.0,5755.0,5752.5,8.781646e-05,0.0004390823,0
5755.0,5760.0,5757.5,7.4300414e-05,0.00037150207,0
5760.0,5765.0,5762.5,6.2169292e-05,0.00031084646,0
5765.0,5770.0,5767.5,8.316724e-05,0.0004158362,0
5770.0,5775.0,5772.5,7.569984e-05,0.0003784992,0
5775.0,5780.0,5777.5,8.565358e-05,0.0004282679,0
5780.0,5785.0,5782.5,8.302024e-05,0.0004151012,0
5785.0,5790.0,5787.5,8.206866e-05,0.0004103433,0
5790.0,5795.0,5792.5,6.352566e-05,0.0003176283,0
5795.0,5800.0,5797.5,8.589724e-05,0.0004294862,0
5800.0,5805.0,5802.5,8.051482e-05,0.0004025741,0
5805.0,5810.0,5807.5,7.80107e-05,0.0003900535,0
5810.0,5815.0,5812.5,7.58489e-05,0.0003792445,0
5815.0,5820.0,5817.5,6.326958e-05,0.0003163479,0
5820.0,5825.0,5822.5,6.1819692e-05,0.00030909846,0
5825.0,5830.0,5827.5,7.423176e-05,0.0003711588,0
5830.0,5835.0,5832.5,7.939412e-05,0.0003969706,0
5835.0,5840.0,5837.5,6.808058e-05,0.0003404029,0
5840.0,5845.0,5842.5,9.1701744e-05,0.00045850872,0
5845.0,5850.0,5847.5,6.974216e-05,0.0003487108,0
5850.0,5855.0,5852.5,7.208108e-05,0.0003604054,0
5855.0,5860.0,5857.5,7.456948e-05,0.0003728474,0
5860.0,5865.0,5862.5,9.055568e-05,0.0004527784,0
5865.0,5870.0,5867.5,8.676616e-05,0.0004338308,0
5870.0,5875.0,5872.5,6.814036e-05,0.0003407018,0
5875.0,5880.0,5877.5,5.95389e-05,0.0002976945,0
5880.0,5885.0,5882.5,8.190092e-05,0.0004095046,0
5885.0,5890.0,5887.5,7.966846e-05,0.0003983423,0
5890.0,5895.0,5892.5,7.797986e-05,0.0003898993,0
5895.0,5900.0,5897.5,6.566256e-05,0.0003283128,0
5900.0,5905.0,5902.5,7.69804e-05,0.000384902,0
5905.0,5910.0,5907.5,8.095182e-05,0.0004047591,0
5910.0,5915.0,5912.5,8.4337456e-05,0.00042168728,0
5915.0,5920.0,5917.5,8.692596e-05,0.0004346298,0
5920.0,5925.0,5922.5,7.94449e-05,0.0003972245,0
5925.0,5930.0,5927.5,9.558888e-05,0.0004779444,0
5930.0,5935.0,5932.5,9.80241e-05,0.0004901205,0
5935.0,5940.0,5937.5,8.555146e-05,0.0004277573,0
5940.0,5945.0,5942.5,9.583386e-05,0.0004791693,0
5945.0,5950.0,5947.5,9.682392e-05,0.0004841196,0
5950.0,5955.0,5952.5,7.205784e-05,0.0003602892,0
5955.0,5960.0,5957.5,8.440668e-05,0.0004220334,0
5960.0,5965.0,5962.5,8.59378e-05,0.000429689,0
5965.0,5970.0,5967.5,7.440954e-05,0.0003720477,0
5970.0,5975.0,5972.5,7.33631e-05,0.0003668155,0
5975.0,5980.0,5977.5,8.21002e-05,0.000410501,0
5980.0,5985.0,5982.5,8.43727e-05,0.0004218635,0
5985.0,5990.0,5987.5,7.2199e-05,0.000360995,0
5990.0,5995.0,5992.5,7.31629e-05,0.0003658145,0
5995.0,6000.0,5997.5,8.055358e-05,0.0004027679,0
6000.0,6005.0,6002.5,8.435198e-05,0.0004217599,0
6005.0,6010.0,6007.5,5.82916e-05,0.000291458,0
6010.0,6015.0,6012.5,6.471078e-05,0.0003235539,0
6015.0,6020.0,6017.5,7.7184316e-05,0.00038592158,0
6020.0,6025.0,6022.5,7.560104e-05,0.0003780052,0
6025.0,6030.0,6027.5,0.00010067984,0.0005033992,0
6030.0,6035.0,6032.5,6.07798e-05,0.000303899,0
6035.0,6040.0,6037.5,7.829842e-05,0.0003914921,0
6040.0,6045.0,6042.5,7.81426e-05,0.000390713,0
6045.0,6050.0,6047.5,8.424796e-05,0.0004212398,0
6050.0,6055.0,6052.5,7.08309e-05,0.0003541545,0
6055.0,6060.0,6057.5,9.04794e-05,0.000452397,0
6060.0,6065.0,6062.5,7.83906e-05,0.000391953,0
6065.0,6070.0,6067.5,7.936198e-05,0.0003968099,0
6070.0,6075.0,6072.5,8.2276992e-05,0.00041138496,0
6075.0,6080.0,6077.5,6.725864e-05,0.0003362932,0
6080.0,6085.0,6082.5,7.941844e-05,0.0003970922,0
6085.0,6090.0,6087.5,7.079886e-05,0.0003539943,0
6090.0,6095.0,6092.5,7.7851982e-05,0.00038925991,0
6095.0,6100.0,6097.5,6.205132e-05,0.0003102566,0
6100.0,6105.0,6102.5,6.80464e-05,0.000340232,0
6105.0,6110.0,6107.5,6.824542e-05,0.0003412271,0
6110.0,6115.0,6112.5,7.708184e-05,0.0003854092,0
6115.0,6120.0,6117.5,5.847914e-05,0.0002923957,0
6120.0,6125.0,6122.5,7.467024e-05,0.0003733512,0
6125.0,6130.0,6127.5,7.569668e-05,0.0003784834,0
6130.0,6135.0,6132.5,7.979156e-05,0.0003989578,0
6135.0,6140.0,6137.5,8.454404e-05,0.0004227202,0
6140.0,6145.0,6142.5,8.545216e-05,0.0004272608,0
6145.0,6150.0,6147.5,7.213564e-05,0.0003606782,0
6150.0,6155.0,6152.5,7.6820552e-05,0.00038410276,0
6155.0,6160.0,6157.5,0.00010411808,0.0005205904,0
6160.0,6165.0,6162.5,7.462724e-05,0.0003731362,0
6165.0,6170.0,6167.5,7.982788e-05,0.0003991394,0
6170.0,6175.0,6172.5,9.065614e-05,0.0004532807,0
6175.0,6180.0,6177.5,9.191082e-05,0.0004595541,0
6180.0,6185.0,6182.5,6.4472302e-05,0.00032236151,0
6185.0,6190.0,6187.5,7.68297e-05,0.0003841485,0
6190.0,6195.0,6192.5,7.203834e-05,0.0003601917,0
6195.0,6200.0,6197.5,8.071766e-05,0.0004035883,0
6200.0,6205.0,6202.5,6.701426e-05,0.0003350713,0
6205.0,6210.0,6207.5,8.305432e-05,0.0004152716,0
6210.0,6215.0,6212.5,7.728506e-05,0.0003864253,0
6215.0,6220.0,6217.5,8.087488e-05,0.0004043744,0
6220.0,6225.0,6222.5,8.332596e-05,0.0004166298,0
6225.0,6230.0,6227.5,7.572122e-05,0.0003786061,0
6230.0,6235.0,6232.5,6.7380582e-05,0.00033690291,0
6235.0,6240.0,6237.5,7.328928e-05,0.0003664464,0
6240.0,6245.0,6242.5,6.838082e-05,0.0003419041,0
6245.0,6250.0,6247.5,5.46166e-05,0.000273083,0
6250.0,6255.0,6252.5,9.399698e-05,0.0004699849,0
6255.0,6260.0,6257.5,7.920744e-05,0.0003960372,0
6260.0,6265.0,6262.5,7.457568e-05,0.0003728784,0
6265.0,6270.0,6267.5,7.314646e-05,0.0003657323,0
6270.0,6275.0,6272.5,7.93858e-05,0.000396929,0
6275.0,6280.0,6277.5,7.337852e-05,0.0003668926,0
6280.0,6285.0,6282.5,6.314356e-05,0.0003157178,0
6285.0,6290.0,6287.5,7.362384e-05,0.0003681192,0
6290.0,6295.0,6292.5,7.194484e-05,0.0003597242,0
6295.0,6300.0,6297.5,6.450442e-05,0.0003225221,0
6300.0,6305.0,6302.5,7.579074e-05,0.0003789537,0
6305.0,6310.0,6307.5,7.4440202e-05,0.00037220101,0
6310.0,6315.0,6312.5,7.823906e-05,0.0003911953,0
6315.0,6320.0,6317.5,6.816526e-05,0.0003408263,0
6320.0,6325.0,6322.5,6.6741024e-05,0.00033370512,0
6325.0,6330.0,6327.5,6.821238e-05,0.0003410619,0
6330.0,6335.0,6332.5,7.329968e-05,0.0003664984,0
6335.0,6340.0,6337.5,8.945966e-05,0.0004472983,0
6340.0,6345.0,6342.5,6.340268e-05,0.0003170134,0
6345.0,6350.0,6347.5,7.80414e-05,0.000390207,0
6350.0,6355.0,6352.5,7.308894e-05,0.0003654447,0
6355.0,6360.0,6357.5,8.21254e-05,0.000410627,0
6360.0,6365.0,6362.5,6.577048e-05,0.0003288524,0
6365.0,6370.0,6367.5,7.943732e-05,0.0003971866,0
6370.0,6375.0,6372.5,7.3048682e-05,0.00036524341,0
6375.0,6380.0,6377.5,6.97666e-05,0.000348833,0
6380.0,6385.0,6382.5,7.451704e-05,0.0003725852,0
6385.0,6390.0,6387.5,5.976218e-05,0.0002988109,0
6390.0,6395.0,6392.5,6.583286e-05,0.0003291643,0
6395.0,6400.0,6397.5,8.561666e-05,0.0004280833,0
6400.0,6405.0,6402.5,6.337628e-05,0.0003168814,0
6405.0,6410.0,6407.5,6.062379e-05,0.00030311895,0
6410.0,6415.0,6412.5,6.064128e-05,0.0003032064,0
6415.0,6420.0,6417.5,7.343654e-05,0.0003671827,0
6420.0,6425.0,6422.5,8.32794e-05,0.000416397,0
6425.0,6430.0,6427.5,6.7309942e-05,0.00033654971,0
6430.0,6435.0,6432.5,5.4622322e-05,0.00027311161,0
6435.0,6440.0,6437.5,7.109614e-05,0.0003554807,0
6440.0,6445.0,6442.5,5.338766e-05,0.0002669383,0
6445.0,6450.0,6447.5,6.698884e-05,0.0003349442,0
6450.0,6455.0,6452.5,8.299838e-05,0.0004149919,0
6455.0,6460.0,6457.5,7.707986e-05,0.0003853993,0
6460.0,6465.0,6462.5,8.5582e-05,0.00042791,0
6465.0,6470.0,6467.5,7.4743e-05,0.000373715,0
6470.0,6475.0,6472.5,6.435455e-05,0.00032177275,0
6475.0,6480.0,6477.5,6.735114e-05,0.0003367557,0
6480.0,6485.0,6482.5,8.322266e-05,0.0004161133,0
6485.0,6490.0,6487.5,7.57148e-05,0.000378574,0
6490.0,6495.0,6492.5,6.188816e-05,0.0003094408,0
6495.0,6500.0,6497.5,7.414842e-05,0.0003707421,0
6500.0,6505.0,6502.5,7.076718e-05,0.0003538359,0
6505.0,6510.0,6507.5,7.218366e-05,0.0003609183,0
6510.0,6515.0,6512.5,7.065816e-05,0.0003532908,0
6515.0,6520.0,6517.5,8.028448e-05,0.0004014224,0
6520.0,6525.0,6522.5,8.06996e-05,0.000403498,0
6525.0,6530.0,6527.5,6.9525236e-05,0.00034762618,0
6530.0,6535.0,6532.5,7.461352e-05,0.0003730676,0
6535.0,6540.0,6537.5,7.43744e-05,0.000371872,0
6540.0,6545.0,6542.5,7.186398e-05,0.0003593199,0
6545.0,6550.0,6547.5,6.3258964e-05,0.00031629482,0
6550.0,6555.0,6552.5,0.0001006803,0.0005034015,0
6555.0,6560.0,6557.5,7.67956e-05,0.000383978,0
6560.0,6565.0,6562.5,6.186814e-05,0.0003093407,0
6565.0,6570.0,6567.5,6.739829e-05,0.00033699145,0
6570.0,6575.0,6572.5,7.561024e-05,0.0003780512,0
6575.0,6580.0,6577.5,6.971516e-05,0.0003485758,0
6580.0,6585.0,6582.5,8.562762e-05,0.0004281381,0
6585.0,6590.0,6587.5,8.0755e-05,0.000403775,0
6590.0,6595.0,6592.5,5.1928942e-05,0.00025964471,0
6595.0,6600.0,6597.5,6.85556e-05,0.000342778,0
6600.0,6605.0,6602.5,7.463558e-05,0.0003731779,0
6605.0,6610.0,6607.5,8.072952e-05,0.0004036476,0
6610.0,6615.0,6612.5,6.705502e-05,0.0003352751,0
6615.0,6620.0,6617.5,7.192766e-05,0.0003596383,0
6620.0,6625.0,6622.5,5.4875926e-05,0.00027437963,0
6625.0,6630.0,6627.5,6.30644e-05,0.000315322,0
6630.0,6635.0,6632.5,7.450138e-05,0.0003725069,0
6635.0,6640.0,6637.5,8.327484e-05,0.0004163742,0
6640.0,6645.0,6642.5,6.209328e-05,0.0003104664,0
6645.0,6650.0,6647.5,7.354042e-05,0.0003677021,0
6650.0,6655.0,6652.5,8.585982e-05,0.0004292991,0
6655.0,6660.0,6657.5,7.19665e-05,0.0003598325,0
6660.0,6665.0,6662.5,8.4479094e-05,0.00042239547,0
6665.0,6670.0,6667.5,7.092462e-05,0.0003546231,0
6670.0,6675.0,6672.5,7.80443e-05,0.0003902215,0
6675.0,6680.0,6677.5,8.692456e-05,0.0004346228,0
6680.0,6685.0,6682.5,6.466086e-05,0.0003233043,0
6685.0,6690.0,6687.5,7.66676e-05,0.000383338,0
6690.0,6695.0,6692.5,6.5739144e-05,0.00032869572,0
6695.0,6700.0,6697.5,5.860358e-05,0.0002930179,0
6700.0,6705.0,6702.5,6.483912e-05,0.0003241956,0
6705.0,6710.0,6707.5,6.710768e-05,0.0003355384,0
6710.0,6715.0,6712.5,8.4554e-05,0.00042277,0
6715.0,6720.0,6717.5,6.729032e-05,0.0003364516,0
6720.0,6725.0,6722.5,7.455966e-05,0.0003727983,0
6725.0,6730.0,6727.5,8.831724e-05,0.0004415862,0
6730.0,6735.0,6732.5,7.828272e-05,0.0003914136,0
6735.0,6740.0,6737.5,6.330742e-05,0.0003165371,0
6740.0,6745.0,6742.5,5.94813e-05,0.0002974065,0
6745.0,6750.0,6747.5,8.336758e-05,0.0004168379,0
6750.0,6755.0,6752.5,5.9579282e-05,0.00029789641,0
6755.0,6760.0,6757.5,5.4466296e-05,0.00027233148,0
6760.0,6765.0,6762.5,7.583002e-05,0.0003791501,0
6765.0,6770.0,6767.5,7.585256e-05,0.0003792628,0
6770.0,6775.0,6772.5,7.947192e-05,0.0003973596,0
6775.0,6780.0,6777.5,7.104246e-05,0.0003552123,0
6780.0,6785.0,6782.5,8.331076e-05,0.0004165538,0
6785.0,6790.0,6787.5,5.620068e-05,0.0002810034,0
6790.0,6795.0,6792.5,9.695644e-05,0.0004847822,0
6795.0,6800.0,6797.5,6.8324784e-05,0.00034162392,0
6800.0,6805.0,6802.5,6.46155e-05,0.0003230775,0
6805.0,6810.0,6807.5,5.603776e-05,0.0002801888,0
6810.0,6815.0,6812.5,7.815524e-05,0.0003907762,0
6815.0,6820.0,6817.5,7.43587e-05,0.0003717935,0
6820.0,6825.0,6822.5,7.7132082e-05,0.00038566041,0
6825.0,6830.0,6827.5,5.969676e-05,0.0002984838,0
6830.0,6835.0,6832.5,6.847132e-05,0.0003423566,0
6835.0,6840.0,6837.5,5.5740702e-05,0.00027870351,0
6840.0,6845.0,6842.5,5.8536882e-05,0.00029268441,0
6845.0,6850.0,6847.5,6.971318e-05,0.0003485659,0
6850.0,6855.0,6852.5,7.590738e-05,0.0003795369,0
6855.0,6860.0,6857.5,5.44649e-05,0.0002723245,0
6860.0,6865.0,6862.5,7.4544124e-05,0.00037272062,0
6865.0,6870.0,6867.5,6.2235914e-05,0.00031117957,0
6870.0,6875.0,6872.5,6.832078e-05,0.0003416039,0
6875.0,6880.0,6877.5,6.850688e-05,0.0003425344,0
6880.0,6885.0,6882.5,7.335226e-05,0.0003667613,0
6885.0,6890.0,6887.5,5.846914e-05,0.0002923457,0
6890.0,6895.0,6892.5,7.6029132e-05,0.00038014566,0
6895.0,6900.0,6897.5,7.205684e-05,0.0003602842,0
6900.0,6905.0,6902.5,6.7039982e-05,0.00033519991,0
6905.0,6910.0,6907.5,7.205494e-05,0.0003602747,0
6910.0,6915.0,6912.5,5.967368e-05,0.0002983684,0
6915.0,6920.0,6917.5,8.230662e-05,0.0004115331,0
6920.0,6925.0,6922.5,7.108494e-05,0.0003554247,0
6925.0,6930.0,6927.5,8.69553e-05,0.0004347765,0
6930.0,6935.0,6932.5,7.349804e-05,0.0003674902,0
6935.0,6940.0,6937.5,7.2343422e-05,0.00036171711,0
6940.0,6945.0,6942.5,6.207596e-05,0.0003103798,0
6945.0,6950.0,6947.5,7.724682e-05,0.0003862341,0
6950.0,6955.0,6952.5,6.342378e-05,0.0003171189,0
6955.0,6960.0,6957.5,6.8493464e-05,0.00034246732,0
6960.0,6965.0,6962.5,7.095712e-05,0.0003547856,0
6965.0,6970.0,6967.5,8.31488e-05,0.000415744,0
6970.0,6975.0,6972.5,6.718658e-05,0.0003359329,0
6975.0,6980.0,6977.5,5.965136e-05,0.0002982568,0
6980.0,6985.0,6982.5,5.3526614e-05,0.00026763307,0
6985.0,6990.0,6987.5,6.327866e-05,0.0003163933,0
6990.0,6995.0,6992.5,7.563362e-05,0.0003781681,0
6995.0,7000.0,6997.5,6.953054e-05,0.0003476527,0
7000.0,7005.0,7002.5,7.339868e-05,0.0003669934,0
7005.0,7010.0,7007.5,5.864854e-05,0.0002932427,0
7010.0,7015.0,7012.5,6.706896e-05,0.0003353448,0
7015.0,7020.0,7017.5,5.8412096e-05,0.00029206048,0
7020.0,7025.0,7022.5,8.202702e-05,0.0004101351,0
7025.0,7030.0,7027.5,8.341702e-05,0.0004170851,0
7030.0,7035.0,7032.5,7.947594e-05,0.0003973797,0
7035.0,7040.0,7037.5,7.699546e-05,0.0003849773,0
7040.0,7045.0,7042.5,6.4600878e-05,0.00032300439,0
7045.0,7050.0,7047.5,6.333215e-05,0.00031666075,0
7050.0,7055.0,7052.5,6.231612e-05,0.0003115806,0
7055.0,7060.0,7057.5,6.8097482e-05,0.00034048741,0
7060.0,7065.0,7062.5,5.099708e-05,0.0002549854,0
7065.0,7070.0,7067.5,7.210382e-05,0.0003605191,0
7070.0,7075.0,7072.5,6.06891e-05,0.0003034455,0
7075.0,7080.0,7077.5,6.070908e-05,0.0003035454,0
7080.0,7085.0,7082.5,7.7992234e-05,0.00038996117,0
7085.0,7090.0,7087.5,6.338168e-05,0.0003169084,0
7090.0,7095.0,7092.5,6.339754e-05,0.0003169877,0
7095.0,7100.0,7097.5,7.695168e-05,0.0003847584,0
7100.0,7105.0,7102.5,7.728158e-05,0.0003864079,0
7105.0,7110.0,7107.5,7.207138e-05,0.0003603569,0
7110.0,7115.0,7112.5,7.94013e-05,0.0003970065,0
7115.0,7120.0,7117.5,6.5837804e-05,0.00032918902,0
7120.0,7125.0,7122.5,7.588026e-05,0.0003794013,0
7125.0,7130.0,7127.5,5.0834754e-05,0.00025417377,0
7130.0,7135.0,7132.5,7.4821262e-05,0.00037410631,0
7135.0,7140.0,7137.5,5.7369754e-05,0.00028684877,0
7140.0,7145.0,7142.5,7.353318e-05,0.0003676659,0
7145.0,7150.0,7147.5,5.73721e-05,0.0002868605,0
7150.0,7155.0,7152.5,6.691522e-05,0.0003345761,0
7155.0,7160.0,7157.5,7.324286e-05,0.0003662143,0
7160.0,7165.0,7162.5,6.087006e-05,0.0003043503,0
7165.0,7170.0,7167.5,6.470078e-05,0.0003235039,0
7170.0,7175.0,7172.5,5.2207e-05,0.000261035,0
7175.0,7180.0,7177.5,8.958424e-05,0.0004479212,0
7180.0,7185.0,7182.5,6.9565384e-05,0.00034782692,0
7185.0,7190.0,7187.5,7.210272e-05,0.0003605136,0
7190.0,7195.0,7192.5,6.215998e-05,0.0003107999,0
7195.0,7200.0,7197.5,7.819566e-05,0.0003909783,0
7200.0,7205.0,7202.5,5.848224e-05,0.0002924112,0
7205.0,7210.0,7207.5,7.223278e-05,0.0003611639,0
7210.0,7215.0,7212.5,6.8024582e-05,0.00034012291,0
7215.0,7220.0,7217.5,8.217826e-05,0.0004108913,0
7220.0,7225.0,7222.5,5.967678e-05,0.0002983839,0
7225.0,7230.0,7227.5,7.8578372e-05,0.00039289186,0
7230.0,7235.0,7232.5,6.46942e-05,0.000323471,0
7235.0,7240.0,7237.5,6.575876e-05,0.0003287938,0
7240.0,7245.0,7242.5,7.1987662e-05,0.00035993831,0
7245.0,7250.0,7247.5,7.307884e-05,0.0003653942,0
7250.0,7255.0,7252.5,7.461166e-05,0.0003730583,0
7255.0,7260.0,7257.5,6.852854e-05,0.0003426427,0
7260.0,7265.0,7262.5,6.190584e-05,0.0003095292,0
7265.0,7270.0,7267.5,6.9552564e-05,0.00034776282,0
7270.0,7275.0,7272.5,6.347544e-05,0.0003173772,0
7275.0,7280.0,7277.5,6.968436e-05,0.0003484218,0
7280.0,7285.0,7282.5,5.953772e-05,0.0002976886,0
7285.0,7290.0,7287.5,6.089144e-05,0.0003044572,0
7290.0,7295.0,7292.5,7.193982e-05,0.0003596991,0
7295.0,7300.0,7297.5,7.725006e-05,0.0003862503,0
7300.0,7305.0,7302.5,7.955802e-05,0.0003977901,0
7305.0,7310.0,7307.5,5.702927e-05,0.00028514635,0
7310.0,7315.0,7312.5,5.857608e-05,0.0002928804,0
7315.0,7320.0,7317.5,5.8431404e-05,0.00029215702,0
7320.0,7325.0,7322.5,7.699272e-05,0.0003849636,0
7325.0,7330.0,7327.5,5.219307e-05,0.00026096535,0
7330.0,7335.0,7332.5,5.835878e-05,0.0002917939,0
7335.0,7340.0,7337.5,7.082842e-05,0.0003541421,0
7340.0,7345.0,7342.5,7.456768e-05,0.0003728384,0
7345.0,7350.0,7347.5,6.599686e-05,0.0003299843,0
7350.0,7355.0,7352.5,6.219654e-05,0.0003109827,0
7355.0,7360.0,7357.5,6.217398e-05,0.0003108699,0
7360.0,7365.0,7362.5,6.963002e-05,0.0003481501,0
7365.0,7370.0,7367.5,6.569314e-05,0.0003284657,0
7370.0,7375.0,7372.5,8.341394e-05,0.0004170697,0
7375.0,7380.0,7377.5,5.604096e-05,0.0002802048,0
7380.0,7385.0,7382.5,4.2292414e-05,0.00021146207,0
7385.0,7390.0,7387.5,6.089924e-05,0.0003044962,0
7390.0,7395.0,7392.5,7.553246e-05,0.0003776623,0
7395.0,7400.0,7397.5,6.323174e-05,0.0003161587,0
7400.0,7405.0,7402.5,6.6001462e-05,0.00033000731,0
7405.0,7410.0,7407.5,7.948332e-05,0.0003974166,0
7410.0,7415.0,7412.5,8.68994e-05,0.000434497,0
7415.0,7420.0,7417.5,5.934826e-05,0.0002967413,0
7420.0,7425.0,7422.5,7.23574e-05,0.000361787,0
7425.0,7430.0,7427.5,7.479392e-05,0.0003739696,0
7430.0,7435.0,7432.5,4.344232e-05,0.0002172116,0
7435.0,7440.0,7437.5,5.468008e-05,0.0002734004,0
7440.0,7445.0,7442.5,4.9505912e-05,0.00024752956,0
7445.0,7450.0,7447.5,7.853816e-05,0.0003926908,0
7450.0,7455.0,7452.5,5.4441644e-05,0.00027220822,0
7455.0,7460.0,7457.5,7.824242e-05,0.0003912121,0
7460.0,7465.0,7462.5,7.1175182e-05,0.00035587591,0
7465.0,7470.0,7467.5,6.7369322e-05,0.00033684661,0
7470.0,7475.0,7472.5,5.2074e-05,0.00026037,0
7475.0,7480.0,7477.5,5.979748e-05,0.0002989874,0
7480.0,7485.0,7482.5,6.711248e-05,0.0003355624,0
7485.0,7490.0,7487.5,5.604694e-05,0.0002802347,0
7490.0,7495.0,7492.5,7.328488e-05,0.0003664244,0
7495.0,7500.0,7497.5,4.9970632e-05,0.00024985316,0
7500.0,7505.0,7502.5,5.467502e-05,0.0002733751,0
7505.0,7510.0,7507.5,7.583106e-05,0.0003791553,0
7510.0,7515.0,7512.5,6.573824e-05,0.0003286912,0
7515.0,7520.0,7517.5,5.833184e-05,0.0002916592,0
7520.0,7525.0,7522.5,7.09766e-05,0.000354883,0
7525.0,7530.0,7527.5,6.6938902e-05,0.00033469451,0
7530.0,7535.0,7532.5,6.478102e-05,0.0003239051,0
7535.0,7540.0,7537.5,5.363234e-05,0.0002681617,0
7540.0,7545.0,7542.5,7.962662e-05,0.0003981331,0
7545.0,7550.0,7547.5,5.7549694e-05,0.00028774847,0
7550.0,7555.0,7552.5,7.328446e-05,0.0003664223,0
7555.0,7560.0,7557.5,4.7347104e-05,0.00023673552,0
7560.0,7565.0,7562.5,8.104124e-05,0.0004052062,0
7565.0,7570.0,7567.5,6.322346e-05,0.0003161173,0
7570.0,7575.0,7572.5,5.106358e-05,0.0002553179,0
7575.0,7580.0,7577.5,6.601266e-05,0.0003300633,0
7580.0,7585.0,7582.5,7.44136e-05,0.000372068,0
7585.0,7590.0,7587.5,7.203682e-05,0.0003601841,0
7590.0,7595.0,7592.5,7.093164e-05,0.0003546582,0
7595.0,7600.0,7597.5,6.44236e-05,0.000322118,0
7600.0,7605.0,7602.5,4.983892e-05,0.0002491946,0
7605.0,7610.0,7607.5,5.9431e-05,0.000297155,0
7610.0,7615.0,7612.5,6.841832e-05,0.0003420916,0
7615.0,7620.0,7617.5,5.607266e-05,0.0002803633,0
7620.0,7625.0,7622.5,6.4626404e-05,0.00032313202,0
7625.0,7630.0,7627.5,5.851938e-05,0.0002925969,0
7630.0,7635.0,7632.5,7.461092e-05,0.0003730546,0
7635.0,7640.0,7637.5,5.4966764e-05,0.00027483382,0
7640.0,7645.0,7642.5,6.3686176e-05,0.00031843088,0
7645.0,7650.0,7647.5,6.21312e-05,0.000310656,0
7650.0,7655.0,7652.5,5.6195844e-05,0.00028097922,0
7655.0,7660.0,7657.5,5.9793234e-05,0.00029896617,0
7660.0,7665.0,7662.5,6.099518e-05,0.0003049759,0
7665.0,7670.0,7667.5,6.8375e-05,0.000341875,0
7670.0,7675.0,7672.5,6.218854e-05,0.0003109427,0
7675.0,7680.0,7677.5,7.225928e-05,0.0003612964,0
7680.0,7685.0,7682.5,5.84722e-05,0.000292361,0
7685.0,7690.0,7687.5,6.724228e-05,0.0003362114,0
7690.0,7695.0,7692.5,5.839524e-05,0.0002919762,0
7695.0,7700.0,7697.5,6.833944e-05,0.0003416972,0
7700.0,7705.0,7702.5,6.697018e-05,0.0003348509,0
7705.0,7710.0,7707.5,5.4650532e-05,0.00027325266,0
7710.0,7715.0,7712.5,5.600336e-05,0.0002800168,0
7715.0,7720.0,7717.5,6.348426e-05,0.0003174213,0
7720.0,7725.0,7722.5,5.3506024e-05,0.00026753012,0
7725.0,7730.0,7727.5,8.5980332e-05,0.00042990166,0
7730.0,7735.0,7732.5,6.594304e-05,0.0003297152,0
7735.0,7740.0,7737.5,6.467482e-05,0.0003233741,0
7740.0,7745.0,7742.5,7.460122e-05,0.0003730061,0
7745.0,7750.0,7747.5,7.3316236e-05,0.00036658118,0
7750.0,7755.0,7752.5,6.32808e-05,0.000316404,0
7755.0,7760.0,7757.5,5.2336102e-05,0.00026168051,0
7760.0,7765.0,7762.5,5.5061596e-05,0.00027530798,0
7765.0,7770.0,7767.5,7.7133292e-05,0.00038566646,0
7770.0,7775.0,7772.5,5.98042e-05,0.000299021,0
7775.0,7780.0,7777.5,6.353284e-05,0.0003176642,0
7780.0,7785.0,7782.5,7.356156e-05,0.0003678078,0
7785.0,7790.0,7787.5,5.738422e-05,0.0002869211,0
7790.0,7795.0,7792.5,6.97125e-05,0.0003485625,0
7795.0,7800.0,7797.5,4.8558932e-05,0.00024279466,0
7800.0,7805.0,7802.5,5.463702e-05,0.0002731851,0
7805.0,7810.0,7807.5,5.6959e-05,0.000284795,0
7810.0,7815.0,7812.5,5.360312e-05,0.0002680156,0
7815.0,7820.0,7817.5,6.475688e-05,0.0003237844,0
7820.0,7825.0,7822.5,4.463428e-05,0.0002231714,0
7825.0,7830.0,7827.5,4.735196e-05,0.0002367598,0
7830.0,7835.0,7832.5,4.7344602e-05,0.00023672301,0
7835.0,7840.0,7837.5,6.588136e-05,0.0003294068,0
7840.0,7845.0,7842.5,6.222618e-05,0.0003111309,0
7845.0,7850.0,7847.5,5.71949e-05,0.0002859745,0
7850.0,7855.0,7852.5,5.9583e-05,0.000297915,0
7855.0,7860.0,7857.5,6.347946e-05,0.0003173973,0
7860.0,7865.0,7862.5,6.694478e-05,0.0003347239,0
7865.0,7870.0,7867.5,5.9712524e-05,0.00029856262,0
7870.0,7875.0,7872.5,4.2372442e-05,0.00021186221,0
7875.0,7880.0,7877.5,7.106664e-05,0.0003553332,0
7880.0,7885.0,7882.5,5.0996984e-05,0.00025498492,0
7885.0,7890.0,7887.5,4.349542e-05,0.0002174771,0
7890.0,7895.0,7892.5,5.223139e-05,0.00026115695,0
7895.0,7900.0,7897.5,5.715184e-05,0.0002857592,0
7900.0,7905.0,7902.5,7.473464e-05,0.0003736732,0
7905.0,7910.0,7907.5,5.0830222e-05,0.00025415111,0
7910.0,7915.0,7912.5,6.860626e-05,0.0003430313,0
7915.0,7920.0,7917.5,5.723092e-05,0.0002861546,0
7920.0,7925.0,7922.5,4.957579e-05,0.00024787895,0
7925.0,7930.0,7927.5,6.959844e-05,0.0003479922,0
7930.0,7935.0,7932.5,6.195052e-05,0.0003097526,0
7935.0,7940.0,7937.5,5.8425484e-05,0.00029212742,0
7940.0,7945.0,7942.5,6.102386e-05,0.0003051193,0
7945.0,7950.0,7947.5,6.0875712e-05,0.00030437856,0
7950.0,7955.0,7952.5,7.3071942e-05,0.00036535971,0
7955.0,7960.0,7957.5,6.2019322e-05,0.00031009661,0
7960.0,7965.0,7962.5,5.3485232e-05,0.00026742616,0
7965.0,7970.0,7967.5,6.319302e-05,0.0003159651,0
7970.0,7975.0,7972.5,5.852626e-05,0.0002926313,0
7975.0,7980.0,7977.5,6.345462e-05,0.0003172731,0
7980.0,7985.0,7982.5,6.089368e-05,0.0003044684,0
7985.0,7990.0,7987.5,6.589328e-05,0.0003294664,0
7990.0,7995.0,7992.5,5.4770394e-05,0.00027385197,0
7995.0,8000.0,7997.5,5.86854e-05,0.000293427,0
8000.0,8005.0,8002.5,6.46539e-05,0.0003232695,0
8005.0,8010.0,8007.5,6.091288e-05,0.0003045644,0
8010.0,8015.0,8012.5,4.983784e-05,0.0002491892,0
8015.0,8020.0,8017.5,6.942172e-05,0.0003471086,0
8020.0,8025.0,8022.5,6.831718e-05,0.0003415859,0
8025.0,8030.0,8027.5,6.4670574e-05,0.00032335287,0
8030.0,8035.0,8032.5,5.8493794e-05,0.00029246897,0
8035.0,8040.0,8037.5,5.356822e-05,0.0002678411,0
8040.0,8045.0,8042.5,5.6041724e-05,0.00028020862,0
8045.0,8050.0,8047.5,6.61117e-05,0.0003305585,0
8050.0,8055.0,8052.5,5.3663124e-05,0.00026831562,0
8055.0,8060.0,8057.5,6.3534342e-05,0.00031767171,0
8060.0,8065.0,8062.5,6.4961604e-05,0.00032480802,0
8065.0,8070.0,8067.5,6.351176e-05,0.0003175588,0
8070.0,8075.0,8072.5,5.722956e-05,0.0002861478,0
8075.0,8080.0,8077.5,4.865178e-05,0.0002432589,0
8080.0,8085.0,8082.5,5.8488884e-05,0.00029244442,0
8085.0,8090.0,8087.5,5.456428e-05,0.0002728214,0
8090.0,8095.0,8092.5,4.852732e-05,0.0002426366,0
8095.0,8100.0,8097.5,7.2267044e-05,0.00036133522,0
8100.0,8105.0,8102.5,5.217818e-05,0.0002608909,0
8105.0,8110.0,8107.5,4.2388364e-05,0.00021194182,0
8110.0,8115.0,8112.5,4.845154e-05,0.0002422577,0
8115.0,8120.0,8117.5,4.6078474e-05,0.00023039237,0
8120.0,8125.0,8122.5,5.111782e-05,0.0002555891,0
8125.0,8130.0,8127.5,5.8465996e-05,0.00029232998,0
8130.0,8135.0,8132.5,5.50694e-05,0.000275347,0
8135.0,8140.0,8137.5,5.2397996e-05,0.00026198998,0
8140.0,8145.0,8142.5,5.7285836e-05,0.00028642918,0
8145.0,8150.0,8147.5,4.6224784e-05,0.00023112392,0
8150.0,8155.0,8152.5,4.4844692e-05,0.00022422346,0
8155.0,8160.0,8157.5,5.574162e-05,0.0002787081,0
8160.0,8165.0,8162.5,6.707718e-05,0.0003353859,0
8165.0,8170.0,8167.5,7.723546e-05,0.0003861773,0
8170.0,8175.0,8172.5,4.613204e-05,0.0002306602,0
8175.0,8180.0,8177.5,4.6229162e-05,0.00023114581,0
8180.0,8185.0,8182.5,5.3748938e-05,0.00026874469,0
8185.0,8190.0,8187.5,4.48765e-05,0.0002243825,0
8190.0,8195.0,8192.5,4.9946266e-05,0.00024973133,0
8195.0,8200.0,8197.5,6.350594e-05,0.0003175297,0
8200.0,8205.0,8202.5,5.35534e-05,0.000267767,0
8205.0,8210.0,8207.5,5.4700302e-05,0.00027350151,0
8210.0,8215.0,8212.5,6.245296e-05,0.0003122648,0
8215.0,8220.0,8217.5,5.710582e-05,0.0002855291,0
8220.0,8225.0,8222.5,6.076622e-05,0.0003038311,0
8225.0,8230.0,8227.5,5.335652e-05,0.0002667826,0
8230.0,8235.0,8232.5,6.353254e-05,0.0003176627,0
8235.0,8240.0,8237.5,5.1063302e-05,0.00025531651,0
8240.0,8245.0,8242.5,8.5893642e-05,0.00042946821,0
8245.0,8250.0,8247.5,5.2530982e-05,0.00026265491,0
8250.0,8255.0,8252.5,5.482082e-05,0.0002741041,0
8255.0,8260.0,8257.5,4.0009306e-05,0.00020004653,0
8260.0,8265.0,8262.5,4.6079644e-05,0.00023039822,0
8265.0,8270.0,8267.5,6.820318e-05,0.0003410159,0
8270.0,8275.0,8272.5,6.732722e-05,0.0003366361,0
8275.0,8280.0,8277.5,5.7306802e-05,0.00028653401,0
8280.0,8285.0,8282.5,4.974582e-05,0.0002487291,0
8285.0,8290.0,8287.5,5.85451e-05,0.0002927255,0
8290.0,8295.0,8292.5,6.34791e-05,0.0003173955,0
8295.0,8300.0,8297.5,3.982052e-05,0.0001991026,0
8300.0,8305.0,8302.5,5.230486e-05,0.0002615243,0
8305.0,8310.0,8307.5,4.982858e-05,0.0002491429,0
8310.0,8315.0,8312.5,5.22627e-05,0.0002613135,0
8315.0,8320.0,8317.5,5.730896e-05,0.0002865448,0
8320.0,8325.0,8322.5,6.976122e-05,0.0003488061,0
8325.0,8330.0,8327.5,6.348848e-05,0.0003174424,0
8330.0,8335.0,8332.5,4.6105894e-05,0.00023052947,0
8335.0,8340.0,8337.5,8.21674e-05,0.000410837,0
8340.0,8345.0,8342.5,5.4793184e-05,0.00027396592,0
8345.0,8350.0,8347.5,6.085662e-05,0.0003042831,0
8350.0,8355.0,8352.5,2.6233712e-05,0.00013116856,0
8355.0,8360.0,8357.5,5.035642e-06,2.517821e-05,0
8360.0,8365.0,8362.5,8.769536e-06,4.384768e-05,0
8365.0,8370.0,8367.5,6.18875e-06,3.094375e-05,0
8370.0,8375.0,8372.5,1.0069976e-05,5.034988e-05,0
8375.0,8380.0,8377.5,8.816642e-06,4.408321e-05,0
8380.0,8385.0,8382.5,1.0025746e-05,5.012873e-05,0
8385.0,8390.0,8387.5,7.498446e-06,3.749223e-05,0
8390.0,8395.0,8392.5,1.5092222e-05,7.546111e-05,0
8395.0,8400.0,8397.5,8.681452e-06,4.340726e-05,0
8400.0,8405.0,8402.5,5.045284e-06,2.522642e-05,0
8405.0,8410.0,8407.5,8.750742e-06,4.375371e-05,0
8410.0,8415.0,8412.5,7.573512e-06,3.786756e-05,0
8415.0,8420.0,8417.5,1.0080268e-05,5.040134e-05,0
8420.0,8425.0,8422.5,8.76625e-06,4.383125e-05,0
8425.0,8430.0,8427.5,1.3672436e-05,6.836218e-05,0
8430.0,8435.0,8432.5,7.488584e-06,3.744292e-05,0
8435.0,8440.0,8437.5,1.616537e-05,8.082685e-05,0
8440.0,8445.0,8442.5,1.1257636e-05,5.628818e-05,0
8445.0,8450.0,8447.5,1.2487722e-05,6.243861e-05,0
8450.0,8455.0,8452.5,1.1366826e-05,5.683413e-05,0
8455.0,8460.0,8457.5,1.2509616e-05,6.254808e-05,0
8460.0,8465.0,8462.5,3.771362e-06,1.885681e-05,0
8465.0,8470.0,8467.5,1.0068096e-05,5.034048e-05,0
8470.0,8475.0,8472.5,5.046816e-06,2.523408e-05,0
8475.0,8480.0,8477.5,8.739936e-06,4.369968e-05,0
8480.0,8485.0,8482.5,6.146782e-06,3.073391e-05,0
8485.0,8490.0,8487.5,6.24344e-06,3.12172e-05,0
8490.0,8495.0,8492.5,1.498e-05,7.49e-05,0
8495.0,8500.0,8497.5,1.2609622e-05,6.304811e-05,0
8500.0,8505.0,8502.5,1.125717e-05,5.628585e-05,0
8505.0,8510.0,8507.5,1.004965e-05,5.024825e-05,0
8510.0,8515.0,8512.5,1.001118e-05,5.00559e-05,0
8515.0,8520.0,8517.5,3.771362e-06,1.885681e-05,0
8520.0,8525.0,8522.5,1.2597652e-05,6.298826e-05,0
8525.0,8530.0,8527.5,7.560896e-06,3.780448e-05,0
8530.0,8535.0,8532.5,9.939698e-06,4.969849e-05,0
8535.0,8540.0,8537.5,7.46976e-06,3.73488e-05,0
8540.0,8545.0,8542.5,1.7460376e-05,8.730188e-05,0
8545.0,8550.0,8547.5,1.1366524e-05,5.683262e-05,0
8550.0,8555.0,8552.5,6.300214e-06,3.150107e-05,0
8555.0,8560.0,8557.5,7.518688e-06,3.759344e-05,0
8560.0,8565.0,8562.5,1.125795e-05,5.628975e-05,0
8565.0,8570.0,8567.5,3.760386e-06,1.880193e-05,0
8570.0,8575.0,8572.5,1.638984e-05,8.19492e-05,0
8575.0,8580.0,8577.5,1.3739546e-05,6.869773e-05,0
8580.0,8585.0,8582.5,9.963274e-06,4.981637e-05,0
8585.0,8590.0,8587.5,2.462992e-06,1.231496e-05,0
8590.0,8595.0,8592.5,1.747275e-05,8.736375e-05,0
8595.0,8600.0,8597.5,6.267036e-06,3.133518e-05,0
8600.0,8605.0,8602.5,1.000328e-05,5.00164e-05,0
8605.0,8610.0,8607.5,5.05646e-06,2.52823e-05,0
8610.0,8615.0,8612.5,9.9812e-06,4.9906e-05,0
8615.0,8620.0,8617.5,1.37372e-05,6.8686e-05,0
8620.0,8625.0,8622.5,7.466862e-06,3.733431e-05,0
8625.0,8630.0,8627.5,4.984212e-06,2.492106e-05,0
8630.0,8635.0,8632.5,2.483256e-06,1.241628e-05,0
8635.0,8640.0,8637.5,4.958384e-06,2.479192e-05,0
8640.0,8645.0,8642.5,5.014464e-06,2.507232e-05,0
8645.0,8650.0,8647.5,3.793014e-06,1.896507e-05,0
8650.0,8655.0,8652.5,8.686386e-06,4.343193e-05,0
8655.0,8660.0,8657.5,1.3801476e-05,6.900738e-05,0
8660.0,8665.0,8662.5,7.473526e-06,3.736763e-05,0
8665.0,8670.0,8667.5,8.773106e-06,4.386553e-05,0
8670.0,8675.0,8672.5,4.993398e-06,2.496699e-05,0
8675.0,8680.0,8677.5,7.54188e-06,3.77094e-05,0
8680.0,8685.0,8682.5,7.47008e-06,3.73504e-05,0
8685.0,8690.0,8687.5,7.574192e-06,3.787096e-05,0
8690.0,8695.0,8692.5,6.203968e-06,3.101984e-05,0
8695.0,8700.0,8697.5,7.519422e-06,3.759711e-05,0
8700.0,8705.0,8702.5,5.068266e-06,2.534133e-05,0
8705.0,8710.0,8707.5,1.3728484e-05,6.864242e-05,0
8710.0,8715.0,8712.5,1.0004346e-05,5.002173e-05,0
8715.0,8720.0,8717.5,8.711086e-06,4.355543e-05,0
8720.0,8725.0,8722.5,8.730342e-06,4.365171e-05,0
8725.0,8730.0,8727.5,9.956048e-06,4.978024e-05,0
8730.0,8735.0,8732.5,1.2463212e-05,6.231606e-05,0
8735.0,8740.0,8737.5,4.958258e-06,2.479129e-05,0
8740.0,8745.0,8742.5,1.5043892e-05,7.521946e-05,0
8745.0,8750.0,8747.5,6.233798e-06,3.116899e-05,0
8750.0,8755.0,8752.5,5.001642e-06,2.500821e-05,0
8755.0,8760.0,8757.5,1.1303116e-05,5.651558e-05,0
8760.0,8765.0,8762.5,5.045962e-06,2.522981e-05,0
8765.0,8770.0,8767.5,6.276922e-06,3.138461e-05,0
8770.0,8775.0,8772.5,3.751624e-06,1.875812e-05,0
8775.0,8780.0,8777.5,9.992896e-06,4.996448e-05,0
8780.0,8785.0,8782.5,7.444338e-06,3.722169e-05,0
8785.0,8790.0,8787.5,1.0091776e-05,5.045888e-05,0
8790.0,8795.0,8792.5,5.00216e-06,2.50108e-05,0
8795.0,8800.0,8797.5,1.1158964e-05,5.579482e-05,0
8800.0,8805.0,8802.5,7.44269e-06,3.721345e-05,0
8805.0,8810.0,8807.5,8.725342e-06,4.362671e-05,0
8810.0,8815.0,8812.5,7.553504e-06,3.776752e-05,0
8815.0,8820.0,8817.5,8.65876e-06,4.32938e-05,0
8820.0,8825.0,8822.5,3.6507e-06,1.82535e-05,0
8825.0,8830.0,8827.5,7.531208e-06,3.765604e-05,0
8830.0,8835.0,8832.5,7.497798e-06,3.748899e-05,0
8835.0,8840.0,8837.5,1.2556542e-05,6.278271e-05,0
8840.0,8845.0,8842.5,8.753266e-06,4.376633e-05,0
8845.0,8850.0,8847.5,5.010814e-06,2.505407e-05,0
8850.0,8855.0,8852.5,8.655256e-06,4.327628e-05,0
8855.0,8860.0,8857.5,1.252691e-05,6.263455e-05,0
8860.0,8865.0,8862.5,2.518072e-06,1.259036e-05,0
8865.0,8870.0,8867.5,6.24344e-06,3.12172e-05,0
8870.0,8875.0,8872.5,8.796292e-06,4.398146e-05,0
8875.0,8880.0,8877.5,3.759052e-06,1.879526e-05,0
8880.0,8885.0,8882.5,4.994754e-06,2.497377e-05,0
8885.0,8890.0,8887.5,8.78136e-06,4.39068e-05,0
8890.0,8895.0,8892.5,6.310266e-06,3.155133e-05,0
8895.0,8900.0,8897.5,1.0004752e-05,5.002376e-05,0
8900.0,8905.0,8902.5,1.251956e-06,6.25978e-06,0
8905.0,8910.0,8907.5,8.691522e-06,4.345761e-05,0
8910.0,8915.0,8912.5,5.033994e-06,2.516997e-05,0
8915.0,8920.0,8917.5,3.82482e-06,1.91241e-05,0
8920.0,8925.0,8922.5,1.2500246e-05,6.250123e-05,0
8925.0,8930.0,8927.5,4.91853e-06,2.459265e-05,0
8930.0,8935.0,8932.5,5.045284e-06,2.522642e-05,0
8935.0,8940.0,8937.5,7.471236e-06,3.735618e-05,0
8940.0,8945.0,8942.5,6.187236e-06,3.093618e-05,0
8945.0,8950.0,8947.5,7.478932e-06,3.739466e-05,0
8950.0,8955.0,8952.5,6.224556e-06,3.112278e-05,0
8955.0,8960.0,8957.5,4.988564e-06,2.494282e-05,0
8960.0,8965.0,8962.5,6.233196e-06,3.116598e-05,0
8965.0,8970.0,8967.5,1.251956e-06,6.25978e-06,0
8970.0,8975.0,8972.5,1.3778298e-05,6.889149e-05,0
8975.0,8980.0,8977.5,7.533456e-06,3.766728e-05,0
8980.0,8985.0,8982.5,3.719474e-06,1.859737e-05,0
8985.0,8990.0,8987.5,8.755286e-06,4.377643e-05,0
8990.0,8995.0,8992.5,8.784854e-06,4.392427e-05,0
8995.0,9000.0,8997.5,4.896932e-06,2.448466e-05,0
9000.0,9005.0,9002.5,7.48157e-06,3.740785e-05,0
9005.0,9010.0,9007.5,1.1279454e-05,5.639727e-05,0
9010.0,9015.0,9012.5,2.506242e-06,1.253121e-05,0
9015.0,9020.0,9017.5,8.826148e-06,4.413074e-05,0
9020.0,9025.0,9022.5,7.510122e-06,3.755061e-05,0
9025.0,9030.0,9027.5,7.489278e-06,3.744639e-05,0
9030.0,9035.0,9032.5,5.004908e-06,2.502454e-05,0
9035.0,9040.0,9037.5,4.973078e-06,2.486539e-05,0
9040.0,9045.0,9042.5,1.1309322e-05,5.654661e-05,0
9045.0,9050.0,9047.5,5.022816e-06,2.511408e-05,0
9050.0,9055.0,9052.5,7.532324e-06,3.766162e-05,0
9055.0,9060.0,9057.5,7.518382e-06,3.759191e-05,0
9060.0,9065.0,9062.5,7.55217e-06,3.776085e-05,0
9065.0,9070.0,9067.5,4.97121e-06,2.485605e-05,0
9070.0,9075.0,9072.5,4.982014e-06,2.491007e-05,0
9075.0,9080.0,9077.5,7.504886e-06,3.752443e-05,0
9080.0,9085.0,9082.5,6.182074e-06,3.091037e-05,0
9085.0,9090.0,9087.5,2.496082e-06,1.248041e-05,0
9090.0,9095.0,9092.5,6.297754e-06,3.148877e-05,0
9095.0,9100.0,9097.5,8.702298e-06,4.351149e-05,0
9100.0,9105.0,9102.5,6.248994e-06,3.124497e-05,0
9105.0,9110.0,9107.5,3.714948e-06,1.857474e-05,0
9110.0,9115.0,9112.5,3.759156e-06,1.879578e-05,0
9115.0,9120.0,9117.5,5.04415e-06,2.522075e-05,0
9120.0,9125.0,9122.5,1.25329e-06,6.26645e-06,0
9125.0,9130.0,9127.5,5.002174e-06,2.501087e-05,0
9130.0,9135.0,9132.5,1.377787e-05,6.888935e-05,0
9135.0,9140.0,9137.5,8.711318e-06,4.355659e-05,0
9140.0,9145.0,9142.5,1.1261322e-05,5.630661e-05,0
9145.0,9150.0,9147.5,5.002692e-06,2.501346e-05,0
9155.0,9160.0,9157.5,5.014852e-06,2.507426e-05,0
9160.0,9165.0,9162.5,3.771676e-06,1.885838e-05,0
9165.0,9170.0,9167.5,1.6227306e-05,8.113653e-05,0
9170.0,9175.0,9172.5,5.03447e-06,2.517235e-05,0
9175.0,9180.0,9177.5,8.679192e-06,4.339596e-05,0
9180.0,9185.0,9182.5,5.057792e-06,2.528896e-05,0
9185.0,9190.0,9187.5,8.775562e-06,4.387781e-05,0
9190.0,9195.0,9192.5,5.05612e-06,2.52806e-05,0
9195.0,9200.0,9197.5,5.033792e-06,2.516896e-05,0
9200.0,9205.0,9202.5,1.2313e-06,6.1565e-06,0
9205.0,9210.0,9207.5,1.00088e-05,5.0044e-05,0
9210.0,9215.0,9212.5,3.770546e-06,1.885273e-05,0
9215.0,9220.0,9217.5,5.00147e-06,2.500735e-05,0
9220.0,9225.0,9222.5,8.684894e-06,4.342447e-05,0
9225.0,9230.0,9227.5,7.519764e-06,3.759882e-05,0
9230.0,9235.0,9232.5,8.763664e-06,4.381832e-05,0
9235.0,9240.0,9237.5,7.488964e-06,3.744482e-05,0
9240.0,9245.0,9242.5,1.0079752e-05,5.039876e-05,0
9245.0,9250.0,9247.5,3.75885e-06,1.879425e-05,0
9250.0,9255.0,9252.5,8.740926e-06,4.370463e-05,0
9255.0,9260.0,9257.5,7.563038e-06,3.781519e-05,0
9260.0,9265.0,9262.5,3.684516e-06,1.842258e-05,0
9265.0,9270.0,9267.5,4.980044e-06,2.490022e-05,0
9270.0,9275.0,9272.5,4.907908e-06,2.453954e-05,0
9275.0,9280.0,9277.5,5.02336e-06,2.51168e-05,0
9280.0,9285.0,9282.5,7.478396e-06,3.739198e-05,0
9285.0,9290.0,9287.5,3.728418e-06,1.864209e-05,0
9290.0,9295.0,9292.5,1.2519282e-05,6.259641e-05,0
9295.0,9300.0,9297.5,6.23346e-06,3.11673e-05,0
9300.0,9305.0,9302.5,6.289052e-06,3.144526e-05,0
9305.0,9310.0,9307.5,6.28838e-06,3.14419e-05,0
9310.0,9315.0,9312.5,2.488174e-06,1.244087e-05,0
9315.0,9320.0,9317.5,6.277948e-06,3.138974e-05,0
9320.0,9325.0,9322.5,7.5627e-06,3.78135e-05,0
9325.0,9330.0,9327.5,5.024314e-06,2.512157e-05,0
9330.0,9335.0,9332.5,4.94722e-06,2.47361e-05,0
9335.0,9340.0,9337.5,4.999838e-06,2.499919e-05,0
9340.0,9345.0,9342.5,8.702074e-06,4.351037e-05,0
9345.0,9350.0,9347.5,5.011538e-06,2.505769e-05,0
9350.0,9355.0,9352.5,6.310062e-06,3.155031e-05,0
9355.0,9360.0,9357.5,7.4882e-06,3.7441e-05,0
9360.0,9365.0,9362.5,6.21198e-06,3.10599e-05,0
9365.0,9370.0,9367.5,7.511488e-06,3.755744e-05,0
9370.0,9375.0,9372.5,8.75038e-06,4.37519e-05,0
9375.0,9380.0,9377.5,7.455542e-06,3.727771e-05,0
9380.0,9385.0,9382.5,1.221524e-06,6.10762e-06,0
9385.0,9390.0,9387.5,1.1311168e-05,5.655584e-05,0
9390.0,9395.0,9392.5,2.496082e-06,1.248041e-05,0
9395.0,9400.0,9397.5,1.2470554e-05,6.235277e-05,0
9400.0,9405.0,9402.5,1.618472e-05,8.09236e-05,0
9405.0,9410.0,9407.5,3.757524e-06,1.878762e-05,0
9410.0,9415.0,9412.5,5.045962e-06,2.522981e-05,0
9415.0,9420.0,9417.5,6.266942e-06,3.133471e-05,0
9420.0,9425.0,9422.5,7.594848e-06,3.797424e-05,0
9425.0,9430.0,9427.5,1.253604e-06,6.26802e-06,0
9430.0,9435.0,9432.5,7.56366e-06,3.78183e-05,0
9435.0,9440.0,9437.5,6.25399e-06,3.126995e-05,0
9440.0,9445.0,9442.5,3.770028e-06,1.885014e-05,0
9445.0,9450.0,9447.5,2.476996e-06,1.238498e-05,0
9450.0,9455.0,9452.5,8.771662e-06,4.385831e-05,0
9455.0,9460.0,9457.5,1.5055176e-05,7.527588e-05,0
9460.0,9465.0,9462.5,8.808392e-06,4.404196e-05,0
9465.0,9470.0,9467.5,8.818326e-06,4.409163e-05,0
9470.0,9475.0,9472.5,1.0005736e-05,5.002868e-05,0
9475.0,9480.0,9477.5,8.79517e-06,4.397585e-05,0
9480.0,9485.0,9482.5,5.001164e-06,2.500582e-05,0
9485.0,9490.0,9487.5,1.2513064e-05,6.256532e-05,0
9490.0,9495.0,9492.5,2.463306e-06,1.231653e-05,0
9495.0,9500.0,9497.5,6.27627e-06,3.138135e-05,0
9500.0,9505.0,9502.5,4.959074e-06,2.479537e-05,0
9505.0,9510.0,9507.5,5.002026e-06,2.501013e-05,0
9510.0,9515.0,9512.5,8.7739e-06,4.38695e-05,0
9515.0,9520.0,9517.5,7.401414e-06,3.700707e-05,0
9520.0,9525.0,9522.5,7.46976e-06,3.73488e-05,0
9525.0,9530.0,9527.5,7.481056e-06,3.740528e-05,0
9530.0,9535.0,9532.5,5.02415e-06,2.512075e-05,0
9535.0,9540.0,9537.5,6.202566e-06,3.101283e-05,0
9540.0,9545.0,9542.5,1.0058154e-05,5.029077e-05,0
9545.0,9550.0,9547.5,5.04497e-06,2.522485e-05,0
9550.0,9555.0,9552.5,1.1247334e-05,5.623667e-05,0
9555.0,9560.0,9557.5,4.982924e-06,2.491462e-05,0
9560.0,9565.0,9562.5,8.730106e-06,4.365053e-05,0
9565.0,9570.0,9567.5,3.759846e-06,1.879923e-05,0
9570.0,9575.0,9572.5,7.522166e-06,3.761083e-05,0
9575.0,9580.0,9577.5,4.936606e-06,2.468303e-05,0
9580.0,9585.0,9582.5,2.518072e-06,1.259036e-05,0
9585.0,9590.0,9587.5,7.530694e-06,3.765347e-05,0
9590.0,9595.0,9592.5,6.268362e-06,3.134181e-05,0
9595.0,9600.0,9597.5,5.024314e-06,2.512157e-05,0
9600.0,9605.0,9602.5,8.780488e-06,4.390244e-05,0
9605.0,9610.0,9607.5,6.30042e-06,3.15021e-05,0
9610.0,9615.0,9612.5,4.99018e-06,2.49509e-05,0
9615.0,9620.0,9617.5,7.565362e-06,3.782681e-05,0
9620.0,9625.0,9622.5,9.967556e-06,4.983778e-05,0
9625.0,9630.0,9627.5,9.949742e-06,4.974871e-05,0
9630.0,9635.0,9632.5,4.98191e-06,2.490955e-05,0
9635.0,9640.0,9637.5,6.226422e-06,3.113211e-05,0
9640.0,9645.0,9642.5,8.805194e-06,4.402597e-05,0
9645.0,9650.0,9647.5,1.126891e-05,5.634455e-05,0
9650.0,9655.0,9652.5,3.75721e-06,1.878605e-05,0
9655.0,9660.0,9657.5,7.487496e-06,3.743748e-05,0
9660.0,9665.0,9662.5,7.539562e-06,3.769781e-05,0
9665.0,9670.0,9667.5,3.717662e-06,1.858831e-05,0
9670.0,9675.0,9672.5,4.9726e-06,2.4863e-05,0
9675.0,9680.0,9677.5,4.906708e-06,2.453354e-05,0
9680.0,9685.0,9682.5,7.553188e-06,3.776594e-05,0
9685.0,9690.0,9687.5,5.013442e-06,2.506721e-05,0
9690.0,9695.0,9692.5,1.25329e-06,6.26645e-06,0
9695.0,9700.0,9697.5,2.516738e-06,1.258369e-05,0
9700.0,9705.0,9702.5,5.022502e-06,2.511251e-05,0
9705.0,9710.0,9707.5,1.2313e-06,6.1565e-06,0
9710.0,9715.0,9712.5,5.025478e-06,2.512739e-05,0
9715.0,9720.0,9717.5,6.182796e-06,3.091398e-05,0
9720.0,9725.0,9722.5,3.749372e-06,1.874686e-05,0
9725.0,9730.0,9727.5,6.256266e-06,3.128133e-05,0
9730.0,9735.0,9732.5,3.780502e-06,1.890251e-05,0
9735.0,9740.0,9737.5,6.191018e-06,3.095509e-05,0
9740.0,9745.0,9742.5,6.270208e-06,3.135104e-05,0
9745.0,9750.0,9747.5,9.952154e-06,4.976077e-05,0
9750.0,9755.0,9752.5,3.716596e-06,1.858298e-05,0
9755.0,9760.0,9757.5,6.24545e-06,3.122725e-05,0
9760.0,9765.0,9762.5,6.267586e-06,3.133793e-05,0
9765.0,9770.0,9767.5,9.984634e-06,4.992317e-05,0
9770.0,9775.0,9772.5,5.034784e-06,2.517392e-05,0
9775.0,9780.0,9777.5,9.991644e-06,4.995822e-05,0
9780.0,9785.0,9782.5,9.98508e-06,4.99254e-05,0
9785.0,9790.0,9787.5,6.193088e-06,3.096544e-05,0
9790.0,9795.0,9792.5,1.4937106e-05,7.468553e-05,0
9795.0,9800.0,9797.5,3.685992e-06,1.842996e-05,0
9800.0,9805.0,9802.5,7.554524e-06,3.777262e-05,0
9805.0,9810.0,9807.5,6.245894e-06,3.122947e-05,0
9810.0,9815.0,9812.5,2.528232e-06,1.264116e-05,0
9815.0,9820.0,9817.5,8.69276e-06,4.34638e-05,0
9820.0,9825.0,9822.5,1.25329e-06,6.26645e-06,0
9825.0,9830.0,9827.5,4.980194e-06,2.490097e-05,0
9830.0,9835.0,9832.5,6.274944e-06,3.137472e-05,0
9835.0,9840.0,9837.5,3.75885e-06,1.879425e-05,0
9840.0,9845.0,9842.5,5.033994e-06,2.516997e-05,0
9845.0,9850.0,9847.5,2.461658e-06,1.230829e-05,0
9850.0,9855.0,9852.5,3.759846e-06,1.879923e-05,0
9855.0,9860.0,9857.5,3.74756e-06,1.87378e-05,0
9860.0,9865.0,9862.5,7.496392e-06,3.748196e-05,0
9865.0,9870.0,9867.5,8.745336e-06,4.372668e-05,0
9870.0,9875.0,9872.5,5.033478e-06,2.516739e-05,0
9875.0,9880.0,9877.5,1.0034864e-05,5.017432e-05,0
9880.0,9885.0,9882.5,3.74013e-06,1.870065e-05,0
9885.0,9890.0,9887.5,1.1237056e-05,5.618528e-05,0
9890.0,9895.0,9892.5,3.727218e-06,1.863609e-05,0
9895.0,9900.0,9897.5,1.1281418e-05,5.640709e-05,0
9900.0,9905.0,9902.5,6.188876e-06,3.094438e-05,0
9905.0,9910.0,9907.5,6.278116e-06,3.139058e-05,0
9910.0,9915.0,9912.5,6.299282e-06,3.149641e-05,0
9915.0,9920.0,9917.5,7.4219e-06,3.71095e-05,0
9920.0,9925.0,9922.5,2.507096e-06,1.253548e-05,0
9925.0,9930.0,9927.5,7.574528e-06,3.787264e-05,0
9930.0,9935.0,9932.5,1.1290468e-05,5.645234e-05,0
9935.0,9940.0,9937.5,6.26806e-06,3.13403e-05,0
9940.0,9945.0,9942.5,1.221524e-06,6.10762e-06,0
9945.0,9950.0,9947.5,6.136528e-06,3.068264e-05,0
9950.0,9955.0,9952.5,5.033792e-06,2.516896e-05,0
9955.0,9960.0,9957.5,8.751398e-06,4.375699e-05,0
9965.0,9970.0,9967.5,2.52956e-06,1.26478e-05,0
9970.0,9975.0,9972.5,3.748894e-06,1.874447e-05,0
9975.0,9980.0,9977.5,3.737542e-06,1.868771e-05,0
9985.0,9990.0,9987.5,4.97095e-06,2.485475e-05,0
9990.0,9995.0,9992.5,3.70562e-06,1.85281e-05,0
9995.0,10000.0,9997.5,6.254932e-06,3.127466e-05,0
10000.0,10005.0,10002.5,3.758536e-06,1.879268e-05,0
10005.0,10010.0,10007.5,3.727774e-06,1.863887e-05,0
10010.0,10015.0,10012.5,6.251282e-06,3.125641e-05,0
10015.0,10020.0,10017.5,8.72994e-06,4.36497e-05,0
10020.0,10025.0,10022.5,8.78506e-06,4.39253e-05,0
10025.0,10030.0,10027.5,3.771362e-06,1.885681e-05,0
10030.0,10035.0,10032.5,6.212728e-06,3.106364e-05,0
10035.0,10040.0,10037.5,3.770546e-06,1.885273e-05,0
10040.0,10045.0,10042.5,2.475348e-06,1.237674e-05,0
10045.0,10050.0,10047.5,6.23493e-06,3.117465e-05,0
10050.0,10055.0,10052.5,6.25399e-06,3.126995e-05,0
10055.0,10060.0,10057.5,3.759846e-06,1.879923e-05,0
10060.0,10065.0,10062.5,9.9954e-06,4.9977e-05,0
10065.0,10070.0,10067.5,3.770028e-06,1.885014e-05,0
10070.0,10075.0,10072.5,3.770546e-06,1.885273e-05,0
10075.0,10080.0,10077.5,5.015072e-06,2.507536e-05,0
10080.0,10085.0,10082.5,7.544634e-06,3.772317e-05,0
10085.0,10090.0,10087.5,8.718984e-06,4.359492e-05,0
10090.0,10095.0,10092.5,6.311082e-06,3.155541e-05,0
10095.0,10100.0,10097.5,8.861274e-06,4.430637e-05,0
10100.0,10105.0,10102.5,5.011488e-06,2.505744e-05,0
10105.0,10110.0,10107.5,6.33273e-06,3.166365e-05,0
10110.0,10115.0,10112.5,2.528546e-06,1.264273e-05,0
10115.0,10120.0,10117.5,1.375143e-05,6.875715e-05,0
10125.0,10130.0,10127.5,3.707982e-06,1.853991e-05,0
10130.0,10135.0,10132.5,4.990352e-06,2.495176e-05,0
10135.0,10140.0,10137.5,3.729972e-06,1.864986e-05,0
10140.0,10145.0,10142.5,7.539352e-06,3.769676e-05,0
10145.0,10150.0,10147.5,7.46563e-06,3.732815e-05,0
10150.0,10155.0,10152.5,4.984252e-06,2.492126e-05,0
10155.0,10160.0,10157.5,6.213314e-06,3.106657e-05,0
10160.0,10165.0,10162.5,7.454184e-06,3.727092e-05,0
10165.0,10170.0,10167.5,3.781516e-06,1.890758e-05,0
10170.0,10175.0,10172.5,3.814662e-06,1.907331e-05,0
10175.0,10180.0,10177.5,6.255998e-06,3.127999e-05,0
10180.0,10185.0,10182.5,8.720474e-06,4.360237e-05,0
10185.0,10190.0,10187.5,6.234276e-06,3.117138e-05,0
10190.0,10195.0,10192.5,8.786144e-06,4.393072e-05,0
10195.0,10200.0,10197.5,7.470098e-06,3.735049e-05,0
10200.0,10205.0,10202.5,8.739224e-06,4.369612e-05,0
10205.0,10210.0,10207.5,3.778862e-06,1.889431e-05,0
10210.0,10215.0,10212.5,7.498886e-06,3.749443e-05,0
10215.0,10220.0,10217.5,4.983238e-06,2.491619e-05,0
10220.0,10225.0,10222.5,7.464924e-06,3.732462e-05,0
10225.0,10230.0,10227.5,6.307404e-06,3.153702e-05,0
10230.0,10235.0,10232.5,2.496082e-06,1.248041e-05,0
10235.0,10240.0,10237.5,8.694412e-06,4.347206e-05,0
10240.0,10245.0,10242.5,4.970732e-06,2.485366e-05,0
10245.0,10250.0,10247.5,6.276412e-06,3.138206e-05,0
10250.0,10255.0,10252.5,6.236528e-06,3.118264e-05,0
10255.0,10260.0,10257.5,1.118697e-05,5.593485e-05,0
10260.0,10265.0,10262.5,2.528232e-06,1.264116e-05,0
10265.0,10270.0,10267.5,2.518386e-06,1.259193e-05,0
10270.0,10275.0,10272.5,3.804502e-06,1.902251e-05,0
10275.0,10280.0,10277.5,3.770342e-06,1.885171e-05,0
10280.0,10285.0,10282.5,8.717752e-06,4.358876e-05,0
10285.0,10290.0,10287.5,7.530848e-06,3.765424e-05,0
10290.0,10295.0,10292.5,3.748038e-06,1.874019e-05,0
10295.0,10300.0,10297.5,1.0001698e-05,5.000849e-05,0
10300.0,10305.0,10302.5,3.721722e-06,1.860861e-05,0
10305.0,10310.0,10307.5,2.47348e-06,1.23674e-05,0
10310.0,10315.0,10312.5,2.528232e-06,1.264116e-05,0
10315.0,10320.0,10317.5,6.248664e-06,3.124332e-05,0
10320.0,10325.0,10322.5,5.04497e-06,2.522485e-05,0
10325.0,10330.0,10327.5,4.970926e-06,2.485463e-05,0
10330.0,10335.0,10332.5,5.005534e-06,2.502767e-05,0
10335.0,10340.0,10337.5,4.959718e-06,2.479859e-05,0
10340.0,10345.0,10342.5,2.484904e-06,1.242452e-05,0
10345.0,10350.0,10347.5,1.223392e-06,6.11696e-06,0
10350.0,10355.0,10352.5,2.474814e-06,1.237407e-05,0
10355.0,10360.0,10357.5,5.00336e-06,2.50168e-05,0
10360.0,10365.0,10362.5,3.780502e-06,1.890251e-05,0
10365.0,10370.0,10367.5,3.708036e-06,1.854018e-05,0
10370.0,10375.0,10372.5,2.528232e-06,1.264116e-05,0
10375.0,10380.0,10377.5,9.989506e-06,4.994753e-05,0
10380.0,10385.0,10382.5,5.014852e-06,2.507426e-05,0
10385.0,10390.0,10387.5,3.68723e-06,1.843615e-05,0
10390.0,10395.0,10392.5,1.4997238e-05,7.498619e-05,0
10395.0,10400.0,10397.5,5.013136e-06,2.506568e-05,0
10400.0,10405.0,10402.5,7.551864e-06,3.775932e-05,0
10405.0,10410.0,10407.5,3.741464e-06,1.870732e-05,0
10410.0,10415.0,10412.5,2.52956e-06,1.26478e-05,0
10415.0,10420.0,10417.5,9.964682e-06,4.982341e-05,0
10420.0,10425.0,10422.5,6.276584e-06,3.138292e-05,0
10425.0,10430.0,10427.5,5.013718e-06,2.506859e-05,0
10430.0,10435.0,10432.5,6.230824e-06,3.115412e-05,0
10435.0,10440.0,10437.5,1.3742966e-05,6.871483e-05,0
10440.0,10445.0,10442.5,2.476996e-06,1.238498e-05,0
10445.0,10450.0,10447.5,1.242314e-06,6.21157e-06,0
10450.0,10455.0,10452.5,3.751624e-06,1.875812e-05,0
10455.0,10460.0,10457.5,6.225182e-06,3.112591e-05,0
10460.0,10465.0,10462.5,8.640268e-06,4.320134e-05,0
10465.0,10470.0,10467.5,2.50556e-06,1.25278e-05,0
10470.0,10475.0,10472.5,5.046618e-06,2.523309e-05,0
10475.0,10480.0,10477.5,3.739262e-06,1.869631e-05,0
10480.0,10485.0,10482.5,1.1313104e-05,5.656552e-05,0
10485.0,10490.0,10487.5,5.046618e-06,2.523309e-05,0
10490.0,10495.0,10492.5,4.948906e-06,2.474453e-05,0
10495.0,10500.0,10497.5,8.770346e-06,4.385173e-05,0
10500.0,10505.0,10502.5,9.953198e-06,4.976599e-05,0
10505.0,10510.0,10507.5,7.478842e-06,3.739421e-05,0
10510.0,10515.0,10512.5,1.1301538e-05,5.650769e-05,0
10515.0,10520.0,10517.5,6.299908e-06,3.149954e-05,0
10520.0,10525.0,10522.5,6.296934e-06,3.148467e-05,0
10525.0,10530.0,10527.5,2.462992e-06,1.231496e-05,0
10530.0,10535.0,10532.5,2.506242e-06,1.253121e-05,0
10535.0,10540.0,10537.5,6.235342e-06,3.117671e-05,0
10540.0,10545.0,10542.5,6.261424e-06,3.130712e-05,0
10545.0,10550.0,10547.5,5.033792e-06,2.516896e-05,0
10550.0,10555.0,10552.5,8.741144e-06,4.370572e-05,0
10555.0,10560.0,10557.5,8.737882e-06,4.368941e-05,0
10560.0,10565.0,10562.5,4.951496e-06,2.475748e-05,0
10565.0,10570.0,10567.5,8.777578e-06,4.388789e-05,0
10570.0,10575.0,10572.5,1.0024982e-05,5.012491e-05,0
10575.0,10580.0,10577.5,4.961654e-06,2.480827e-05,0
10580.0,10585.0,10582.5,4.982924e-06,2.491462e-05,0
10585.0,10590.0,10587.5,9.99446e-06,4.99723e-05,0
10590.0,10595.0,10592.5,9.921882e-06,4.960941e-05,0
10595.0,10600.0,10597.5,5.055126e-06,2.527563e-05,0
10600.0,10605.0,10602.5,6.215258e-06,3.107629e-05,0
10605.0,10610.0,10607.5,6.247706e-06,3.123853e-05,0
10610.0,10615.0,10612.5,3.738262e-06,1.869131e-05,0
10615.0,10620.0,10617.5,3.758536e-06,1.879268e-05,0
10620.0,10625.0,10622.5,7.563082e-06,3.781541e-05,0
10625.0,10630.0,10627.5,6.286426e-06,3.143213e-05,0
10635.0,10640.0,10637.5,7.528376e-06,3.764188e-05,0
10640.0,10645.0,10642.5,3.793014e-06,1.896507e-05,0
10645.0,10650.0,10647.5,7.464626e-06,3.732313e-05,0
10650.0,10655.0,10652.5,2.484904e-06,1.242452e-05,0
10655.0,10660.0,10657.5,3.708296e-06,1.854148e-05,0
10660.0,10665.0,10662.5,7.487818e-06,3.743909e-05,0
10665.0,10670.0,10667.5,5.014852e-06,2.507426e-05,0
10670.0,10675.0,10672.5,3.804502e-06,1.902251e-05,0
10675.0,10680.0,10677.5,3.75007e-06,1.875035e-05,0
10680.0,10685.0,10682.5,8.81568e-06,4.40784e-05,0
10685.0,10690.0,10687.5,1.25329e-06,6.26645e-06,0
10690.0,10695.0,10692.5,5.005228e-06,2.502614e-05,0
10695.0,10700.0,10697.5,4.969494e-06,2.484747e-05,0
10700.0,10705.0,10702.5,2.50556e-06,1.25278e-05,0
10705.0,10710.0,10707.5,1.001136e-05,5.00568e-05,0
10710.0,10715.0,10712.5,6.180654e-06,3.090327e-05,0
10720.0,10725.0,10722.5,3.748556e-06,1.874278e-05,0
10725.0,10730.0,10727.5,7.538704e-06,3.769352e-05,0
10730.0,10735.0,10732.5,4.993734e-06,2.496867e-05,0
10735.0,10740.0,10737.5,4.967226e-06,2.483613e-05,0
10740.0,10745.0,10742.5,1.209702e-06,6.04851e-06,0
10745.0,10750.0,10747.5,7.438332e-06,3.719166e-05,0
10750.0,10755.0,10752.5,6.254116e-06,3.127058e-05,0
10755.0,10760.0,10757.5,2.50658e-06,1.25329e-05,0
10760.0,10765.0,10762.5,1.12485e-05,5.62425e-05,0
10765.0,10770.0,10767.5,2.505246e-06,1.252623e-05,0
10770.0,10775.0,10772.5,6.311396e-06,3.155698e-05,0
10775.0,10780.0,10777.5,1.2313e-06,6.1565e-06,0
10785.0,10790.0,10787.5,2.516738e-06,1.258369e-05,0
10790.0,10795.0,10792.5,5.012446e-06,2.506223e-05,0
10795.0,10800.0,10797.5,6.223482e-06,3.111741e-05,0
10800.0,10805.0,10802.5,4.981056e-06,2.490528e-05,0
10805.0,10810.0,10807.5,8.729608e-06,4.364804e-05,0
10810.0,10815.0,10812.5,6.21103e-06,3.105515e-05,0
10815.0,10820.0,10817.5,2.484904e-06,1.242452e-05,0
10820.0,10825.0,10822.5,7.475326e-06,3.737663e-05,0
10825.0,10830.0,10827.5,8.699046e-06,4.349523e-05,0
10830.0,10835.0,10832.5,8.819888e-06,4.409944e-05,0
10835.0,10840.0,10837.5,4.982014e-06,2.491007e-05,0
10840.0,10845.0,10842.5,3.79168e-06,1.89584e-05,0
10845.0,10850.0,10847.5,3.749426e-06,1.874713e-05,0
10850.0,10855.0,10852.5,8.68096e-06,4.34048e-05,0
10855.0,10860.0,10857.5,3.749686e-06,1.874843e-05,0
10860.0,10865.0,10862.5,4.973148e-06,2.486574e-05,0
10865.0,10870.0,10867.5,4.978914e-06,2.489457e-05,0
10870.0,10875.0,10872.5,3.771982e-06,1.885991e-05,0
10875.0,10880.0,10877.5,5.023836e-06,2.511918e-05,0
10880.0,10885.0,10882.5,7.454992e-06,3.727496e-05,0
10885.0,10890.0,10887.5,2.50392e-06,1.25196e-05,0
10890.0,10895.0,10892.5,1.1225908e-05,5.612954e-05,0
10895.0,10900.0,10897.5,7.457788e-06,3.728894e-05,0
10900.0,10905.0,10902.5,1.3629986e-05,6.814993e-05,0
10905.0,10910.0,10907.5,5.046618e-06,2.523309e-05,0
10910.0,10915.0,10912.5,5.012872e-06,2.506436e-05,0
10915.0,10920.0,10917.5,3.793014e-06,1.896507e-05,0
10920.0,10925.0,10922.5,6.267586e-06,3.133793e-05,0
10925.0,10930.0,10927.5,2.505246e-06,1.252623e-05,0
10930.0,10935.0,10932.5,7.520784e-06,3.760392e-05,0
10935.0,10940.0,10937.5,8.674328e-06,4.337164e-05,0
10940.0,10945.0,10942.5,9.947156e-06,4.973578e-05,0
10945.0,10950.0,10947.5,4.983238e-06,2.491619e-05,0
10950.0,10955.0,10952.5,1.274942e-06,6.37471e-06,0
10955.0,10960.0,10957.5,4.959458e-06,2.479729e-05,0
10960.0,10965.0,10962.5,6.222784e-06,3.111392e-05,0
10965.0,10970.0,10967.5,2.441002e-06,1.220501e-05,0
10970.0,10975.0,10972.5,1.1271436e-05,5.635718e-05,0
10975.0,10980.0,10977.5,4.965166e-06,2.482583e-05,0
10980.0,10985.0,10982.5,7.552202e-06,3.776101e-05,0
10985.0,10990.0,10987.5,6.243642e-06,3.121821e-05,0
10990.0,10995.0,10992.5,3.75029e-06,1.875145e-05,0
10995.0,11000.0,10997.5,1.001757e-05,5.008785e-05,0
11000.0,11005.0,11002.5,5.012446e-06,2.506223e-05,0
11005.0,11010.0,11007.5,4.99179e-06,2.495895e-05,0
11010.0,11015.0,11012.5,2.50658e-06,1.25329e-05,0
11015.0,11020.0,11017.5,7.487828e-06,3.743914e-05,0
11020.0,11025.0,11022.5,6.215258e-06,3.107629e-05,0
11025.0,11030.0,11027.5,2.461658e-06,1.230829e-05,0
11030.0,11035.0,11032.5,3.706168e-06,1.853084e-05,0
11035.0,11040.0,11037.5,5.015072e-06,2.507536e-05,0
11040.0,11045.0,11042.5,5.011816e-06,2.505908e-05,0
11045.0,11050.0,11047.5,3.730488e-06,1.865244e-05,0
11050.0,11055.0,11052.5,4.967758e-06,2.483879e-05,0
11055.0,11060.0,11057.5,9.962974e-06,4.981487e-05,0
11060.0,11065.0,11062.5,1.223392e-06,6.11696e-06,0
11065.0,11070.0,11067.5,7.508222e-06,3.754111e-05,0
11070.0,11075.0,11072.5,6.169156e-06,3.084578e-05,0
11075.0,11080.0,11077.5,3.72862e-06,1.86431e-05,0
11080.0,11085.0,11082.5,4.968552e-06,2.484276e-05,0
11085.0,11090.0,11087.5,4.982974e-06,2.491487e-05,0
11090.0,11095.0,11092.5,4.94019e-06,2.470095e-05,0
11095.0,11100.0,11097.5,7.530072e-06,3.765036e-05,0
11100.0,11105.0,11102.5,3.728418e-06,1.864209e-05,0
11105.0,11110.0,11107.5,1.2313e-06,6.1565e-06,0
11110.0,11115.0,11112.5,2.441002e-06,1.220501e-05,0
11115.0,11120.0,11117.5,8.775768e-06,4.387884e-05,0
11120.0,11125.0,11122.5,6.234276e-06,3.117138e-05,0
11125.0,11130.0,11127.5,4.991866e-06,2.495933e-05,0
11130.0,11135.0,11132.5,9.96128e-06,4.98064e-05,0
11135.0,11140.0,11137.5,8.739974e-06,4.369987e-05,0
11140.0,11145.0,11142.5,5.035642e-06,2.517821e-05,0
11145.0,11150.0,11147.5,5.00336e-06,2.50168e-05,0
11150.0,11155.0,11152.5,3.76082e-06,1.88041e-05,0
11155.0,11160.0,11157.5,3.730592e-06,1.865296e-05,0
11160.0,11165.0,11162.5,6.145308e-06,3.072654e-05,0
11165.0,11170.0,11167.5,6.288618e-06,3.144309e-05,0
11170.0,11175.0,11172.5,3.717128e-06,1.858564e-05,0
11175.0,11180.0,11177.5,6.26744e-06,3.13372e-05,0
11180.0,11185.0,11182.5,6.266732e-06,3.133366e-05,0
11185.0,11190.0,11187.5,6.178786e-06,3.089393e-05,0
11190.0,11195.0,11192.5,1.274942e-06,6.37471e-06,0
11195.0,11200.0,11197.5,6.26542e-06,3.13271e-05,0
11200.0,11205.0,11202.5,3.7385e-06,1.86925e-05,0
11210.0,11215.0,11212.5,2.474484e-06,1.237242e-05,0
11215.0,11220.0,11217.5,8.773732e-06,4.386866e-05,0
11220.0,11225.0,11222.5,7.443162e-06,3.721581e-05,0
11225.0,11230.0,11227.5,3.694342e-06,1.847171e-05,0
11230.0,11235.0,11232.5,3.781516e-06,1.890758e-05,0
11235.0,11240.0,11237.5,7.446378e-06,3.723189e-05,0
11240.0,11245.0,11242.5,1.2313e-06,6.1565e-06,0
11245.0,11250.0,11247.5,3.715262e-06,1.857631e-05,0
11250.0,11255.0,11252.5,6.308416e-06,3.154208e-05,0
11255.0,11260.0,11257.5,7.496698e-06,3.748349e-05,0
11260.0,11265.0,11262.5,8.770062e-06,4.385031e-05,0
11265.0,11270.0,11267.5,3.730286e-06,1.865143e-05,0
11270.0,11275.0,11272.5,3.781516e-06,1.890758e-05,0
11275.0,11280.0,11277.5,5.035642e-06,2.517821e-05,0
11280.0,11285.0,11282.5,2.517256e-06,1.258628e-05,0
11285.0,11290.0,11287.5,8.729746e-06,4.364873e-05,0
11290.0,11295.0,11292.5,6.308422e-06,3.154211e-05,0
11295.0,11300.0,11297.5,9.984764e-06,4.992382e-05,0
11300.0,11305.0,11302.5,2.463306e-06,1.231653e-05,0
11305.0,11310.0,11307.5,2.505246e-06,1.252623e-05,0
11310.0,11315.0,11312.5,3.736546e-06,1.868273e-05,0
11315.0,11320.0,11317.5,3.814662e-06,1.907331e-05,0
11320.0,11325.0,11322.5,6.233326e-06,3.116663e-05,0
11325.0,11330.0,11327.5,3.727382e-06,1.863691e-05,0
11330.0,11335.0,11332.5,3.758198e-06,1.879099e-05,0
11335.0,11340.0,11337.5,1.0057094e-05,5.028547e-05,0
11340.0,11345.0,11342.5,8.685466e-06,4.342733e-05,0
11345.0,11350.0,11347.5,3.759846e-06,1.879923e-05,0
11350.0,11355.0,11352.5,8.687154e-06,4.343577e-05,0
11355.0,11360.0,11357.5,5.002662e-06,2.501331e-05,0
11360.0,11365.0,11362.5,7.499662e-06,3.749831e-05,0
11365.0,11370.0,11367.5,3.73788e-06,1.86894e-05,0
11370.0,11375.0,11372.5,5.014464e-06,2.507232e-05,0
11375.0,11380.0,11377.5,3.707982e-06,1.853991e-05,0
11380.0,11385.0,11382.5,6.274466e-06,3.137233e-05,0
11385.0,11390.0,11387.5,3.748038e-06,1.874019e-05,0
11390.0,11395.0,11392.5,4.978914e-06,2.489457e-05,0
11395.0,11400.0,11397.5,2.486306e-06,1.243153e-05,0
11400.0,11405.0,11402.5,1.251956e-06,6.25978e-06,0
11405.0,11410.0,11407.5,6.21984e-06,3.10992e-05,0
11410.0,11415.0,11412.5,5.024364e-06,2.512182e-05,0
11415.0,11420.0,11417.5,4.955936e-06,2.477968e-05,0
11420.0,11425.0,11422.5,4.96652e-06,2.48326e-05,0
11425.0,11430.0,11427.5,9.991792e-06,4.995896e-05,0
11430.0,11435.0,11432.5,5.003282e-06,2.501641e-05,0
11435.0,11440.0,11437.5,3.749372e-06,1.874686e-05,0
11440.0,11445.0,11442.5,3.741464e-06,1.870732e-05,0
11445.0,11450.0,11447.5,7.543614e-06,3.771807e-05,0
11450.0,11455.0,11452.5,8.803828e-06,4.401914e-05,0
11455.0,11460.0,11457.5,4.991514e-06,2.495757e-05,0
11460.0,11465.0,11462.5,6.22304e-06,3.11152e-05,0
11465.0,11470.0,11467.5,3.72677e-06,1.863385e-05,0
11470.0,11475.0,11472.5,3.716282e-06,1.858141e-05,0
11475.0,11480.0,11477.5,8.689196e-06,4.344598e-05,0
11480.0,11485.0,11482.5,3.715944e-06,1.857972e-05,0
11485.0,11490.0,11487.5,2.507096e-06,1.253548e-05,0
11490.0,11495.0,11492.5,3.781836e-06,1.890918e-05,0
11495.0,11500.0,11497.5,2.506894e-06,1.253447e-05,0
11500.0,11505.0,11502.5,6.268362e-06,3.134181e-05,0
11505.0,11510.0,11507.5,6.22145e-06,3.110725e-05,0
11510.0,11515.0,11512.5,1.1190122e-05,5.595061e-05,0
11515.0,11520.0,11517.5,2.48459e-06,1.242295e-05,0
11520.0,11525.0,11522.5,5.045284e-06,2.522642e-05,0
11525.0,11530.0,11527.5,4.937472e-06,2.468736e-05,0
11530.0,11535.0,11532.5,4.981064e-06,2.490532e-05,0
11535.0,11540.0,11537.5,4.991844e-06,2.495922e-05,0
11540.0,11545.0,11542.5,4.993734e-06,2.496867e-05,0
11545.0,11550.0,11547.5,2.49427e-06,1.247135e-05,0
11550.0,11555.0,11552.5,2.50392e-06,1.25196e-05,0
11555.0,11560.0,11557.5,3.697006e-06,1.848503e-05,0
11560.0,11565.0,11562.5,2.441002e-06,1.220501e-05,0
11565.0,11570.0,11567.5,5.035126e-06,2.517563e-05,0
11570.0,11575.0,11572.5,2.528232e-06,1.264116e-05,0
11575.0,11580.0,11577.5,4.964852e-06,2.482426e-05,0
11580.0,11585.0,11582.5,6.27665e-06,3.138325e-05,0
11585.0,11590.0,11587.5,3.748556e-06,1.874278e-05,0
11590.0,11595.0,11592.5,3.77086e-06,1.88543e-05,0
11595.0,11600.0,11597.5,6.23302e-06,3.11651e-05,0
11600.0,11605.0,11602.5,1.264782e-06,6.32391e-06,0
11605.0,11610.0,11607.5,2.526898e-06,1.263449e-05,0
11610.0,11615.0,11612.5,7.542412e-06,3.771206e-05,0
11615.0,11620.0,11617.5,2.518386e-06,1.259193e-05,0
11620.0,11625.0,11622.5,2.495918e-06,1.247959e-05,0
11625.0,11630.0,11627.5,6.277982e-06,3.138991e-05,0
11630.0,11635.0,11632.5,9.91511e-06,4.957555e-05,0
11635.0,11640.0,11637.5,3.751084e-06,1.875542e-05,0
11640.0,11645.0,11642.5,1.253604e-06,6.26802e-06,0
11645.0,11650.0,11647.5,8.794958e-06,4.397479e-05,0
11650.0,11655.0,11652.5,8.690736e-06,4.345368e-05,0
11655.0,11660.0,11657.5,6.289406e-06,3.144703e-05,0
11660.0,11665.0,11662.5,6.25665e-06,3.128325e-05,0
11665.0,11670.0,11667.5,7.510476e-06,3.755238e-05,0
11670.0,11675.0,11672.5,4.992e-06,2.496e-05,0
11675.0,11680.0,11677.5,4.98159e-06,2.490795e-05,0
11680.0,11685.0,11682.5,6.18165e-06,3.090825e-05,0
11685.0,11690.0,11687.5,3.75586e-06,1.87793e-05,0
11690.0,11695.0,11692.5,2.505246e-06,1.252623e-05,0
11695.0,11700.0,11697.5,5.023632e-06,2.511816e-05,0
11700.0,11705.0,11702.5,1.253604e-06,6.26802e-06,0
11705.0,11710.0,11707.5,6.210474e-06,3.105237e-05,0
11710.0,11715.0,11712.5,2.506242e-06,1.253121e-05,0
11715.0,11720.0,11717.5,3.78118e-06,1.89059e-05,0
11720.0,11725.0,11722.5,3.717128e-06,1.858564e-05,0
11725.0,11730.0,11727.5,7.402492e-06,3.701246e-05,0
11730.0,11735.0,11732.5,3.694292e-06,1.847146e-05,0
11735.0,11740.0,11737.5,8.743264e-06,4.371632e-05,0
11740.0,11745.0,11742.5,6.277228e-06,3.138614e-05,0
11745.0,11750.0,11747.5,2.517256e-06,1.258628e-05,0
11750.0,11755.0,11752.5,6.223684e-06,3.111842e-05,0
11755.0,11760.0,11757.5,6.14497e-06,3.072485e-05,0
11765.0,11770.0,11767.5,6.212506e-06,3.106253e-05,0
11770.0,11775.0,11772.5,6.235728e-06,3.117864e-05,0
11775.0,11780.0,11777.5,3.79168e-06,1.89584e-05,0
11780.0,11785.0,11782.5,6.244486e-06,3.122243e-05,0
11785.0,11790.0,11787.5,3.752952e-06,1.876476e-05,0
11790.0,11795.0,11792.5,2.528232e-06,1.264116e-05,0
11795.0,11800.0,11797.5,4.98851e-06,2.494255e-05,0
11800.0,11805.0,11802.5,7.466304e-06,3.733152e-05,0
11805.0,11810.0,11807.5,3.75029e-06,1.875145e-05,0
11810.0,11815.0,11812.5,3.717982e-06,1.858991e-05,0
11815.0,11820.0,11817.5,3.780188e-06,1.890094e-05,0
11820.0,11825.0,11822.5,1.264782e-06,6.32391e-06,0
11825.0,11830.0,11827.5,6.203248e-06,3.101624e-05,0
11830.0,11835.0,11832.5,1.253604e-06,6.26802e-06,0
11835.0,11840.0,11837.5,3.793014e-06,1.896507e-05,0
11840.0,11845.0,11842.5,3.770546e-06,1.885273e-05,0
11845.0,11850.0,11847.5,2.50556e-06,1.25278e-05,0
11850.0,11855.0,11852.5,4.949832e-06,2.474916e-05,0
11855.0,11860.0,11857.5,5.032152e-06,2.516076e-05,0
11860.0,11865.0,11862.5,6.267828e-06,3.133914e-05,0
11865.0,11870.0,11867.5,6.169954e-06,3.084977e-05,0
11870.0,11875.0,11872.5,7.519764e-06,3.759882e-05,0
11875.0,11880.0,11877.5,1.242314e-06,6.21157e-06,0
11880.0,11885.0,11882.5,9.949758e-06,4.974879e-05,0
11885.0,11890.0,11887.5,6.212406e-06,3.106203e-05,0
11890.0,11895.0,11892.5,3.729972e-06,1.864986e-05,0
11895.0,11900.0,11897.5,3.72862e-06,1.86431e-05,0
11900.0,11905.0,11902.5,6.245344e-06,3.122672e-05,0
11905.0,11910.0,11907.5,4.95774e-06,2.47887e-05,0
11910.0,11915.0,11912.5,7.482818e-06,3.741409e-05,0
11915.0,11920.0,11917.5,4.999838e-06,2.499919e-05,0
11920.0,11925.0,11922.5,6.276584e-06,3.138292e-05,0
11925.0,11930.0,11927.5,6.233062e-06,3.116531e-05,0
11930.0,11935.0,11932.5,2.518072e-06,1.259036e-05,0
11935.0,11940.0,11937.5,2.505246e-06,1.252623e-05,0
11940.0,11945.0,11942.5,2.518072e-06,1.259036e-05,0
11945.0,11950.0,11947.5,3.749686e-06,1.874843e-05,0
11950.0,11955.0,11952.5,1.221524e-06,6.10762e-06,0
11955.0,11960.0,11957.5,1.274942e-06,6.37471e-06,0
11960.0,11965.0,11962.5,6.2427e-06,3.12135e-05,0
11965.0,11970.0,11967.5,1.251956e-06,6.25978e-06,0
11970.0,11975.0,11972.5,6.168608e-06,3.084304e-05,0
11975.0,11980.0,11977.5,3.771874e-06,1.885937e-05,0
11980.0,11985.0,11982.5,3.7385e-06,1.86925e-05,0
11985.0,11990.0,11987.5,3.697876e-06,1.848938e-05,0
11990.0,11995.0,11992.5,1.0079274e-05,5.039637e-05,0
11995.0,12000.0,11997.5,4.960252e-06,2.480126e-05,0
12000.0,12005.0,12002.5,1.003752e-05,5.01876e-05,0
12005.0,12010.0,12007.5,4.961586e-06,2.480793e-05,0
12010.0,12015.0,12012.5,5.05912e-06,2.52956e-05,0
12015.0,12020.0,12017.5,4.99018e-06,2.49509e-05,0
12020.0,12025.0,12022.5,3.7607e-06,1.88035e-05,0
12025.0,12030.0,12027.5,6.27627e-06,3.138135e-05,0
12030.0,12035.0,12032.5,3.80317e-06,1.901585e-05,0
12040.0,12045.0,12042.5,6.167438e-06,3.083719e-05,0
12045.0,12050.0,12047.5,5.014852e-06,2.507426e-05,0
12050.0,12055.0,12052.5,8.711656e-06,4.355828e-05,0
12055.0,12060.0,12057.5,5.023632e-06,2.511816e-05,0
12060.0,12065.0,12062.5,4.968552e-06,2.484276e-05,0
12065.0,12070.0,12067.5,2.496466e-06,1.248233e-05,0
12070.0,12075.0,12072.5,3.694322e-06,1.847161e-05,0
12075.0,12080.0,12077.5,6.146782e-06,3.073391e-05,0
12080.0,12085.0,12082.5,4.980508e-06,2.490254e-05,0
12085.0,12090.0,12087.5,7.444628e-06,3.722314e-05,0
12090.0,12095.0,12092.5,4.92332e-06,2.46166e-05,0
12095.0,12100.0,12097.5,1.221524e-06,6.10762e-06,0
12100.0,12105.0,12102.5,6.319908e-06,3.159954e-05,0
12105.0,12110.0,12107.5,7.542726e-06,3.771363e-05,0
12110.0,12115.0,12112.5,4.95336e-06,2.47668e-05,0
12115.0,12120.0,12117.5,3.79168e-06,1.89584e-05,0
12120.0,12125.0,12122.5,1.264782e-06,6.32391e-06,0
12125.0,12130.0,12127.5,6.212742e-06,3.106371e-05,0
12130.0,12135.0,12132.5,6.299584e-06,3.149792e-05,0
12135.0,12140.0,12137.5,6.265946e-06,3.132973e-05,0
12140.0,12145.0,12142.5,5.002976e-06,2.501488e-05,0
12145.0,12150.0,12147.5,1.0069284e-05,5.034642e-05,0
12150.0,12155.0,12152.5,2.518386e-06,1.259193e-05,0
12155.0,12160.0,12157.5,7.538722e-06,3.769361e-05,0
12160.0,12165.0,12162.5,5.013676e-06,2.506838e-05,0
12165.0,12170.0,12167.5,5.014204e-06,2.507102e-05,0
12175.0,12180.0,12177.5,4.991484e-06,2.495742e-05,0
12180.0,12185.0,12182.5,3.781836e-06,1.890918e-05,0
12185.0,12190.0,12187.5,5.05544e-06,2.52772e-05,0
12190.0,12195.0,12192.5,6.224562e-06,3.112281e-05,0
12195.0,12200.0,12197.5,7.512798e-06,3.756399e-05,0
12200.0,12205.0,12202.5,7.487228e-06,3.743614e-05,0
12205.0,12210.0,12207.5,2.475128e-06,1.237564e-05,0
12210.0,12215.0,12212.5,3.760386e-06,1.880193e-05,0
12215.0,12220.0,12217.5,3.7366e-06,1.8683e-05,0
12220.0,12225.0,12222.5,8.7322e-06,4.3661e-05,0
12225.0,12230.0,12227.5,4.937728e-06,2.468864e-05,0
12230.0,12235.0,12232.5,1.274942e-06,6.37471e-06,0
12235.0,12240.0,12237.5,1.253604e-06,6.26802e-06,0
12240.0,12245.0,12242.5,6.265632e-06,3.132816e-05,0
12245.0,12250.0,12247.5,5.013442e-06,2.506721e-05,0
12250.0,12255.0,12252.5,2.539724e-06,1.269862e-05,0
12255.0,12260.0,12257.5,3.759846e-06,1.879923e-05,0
12260.0,12265.0,12262.5,1.253604e-06,6.26802e-06,0
12265.0,12270.0,12267.5,2.5072e-06,1.2536e-05,0
12270.0,12275.0,12272.5,8.725384e-06,4.362692e-05,0
12275.0,12280.0,12277.5,4.965562e-06,2.482781e-05,0
12280.0,12285.0,12282.5,3.770342e-06,1.885171e-05,0
12285.0,12290.0,12287.5,2.5072e-06,1.2536e-05,0
12290.0,12295.0,12292.5,3.749426e-06,1.874713e-05,0
12295.0,12300.0,12297.5,5.046618e-06,2.523309e-05,0
12300.0,12305.0,12302.5,1.264782e-06,6.32391e-06,0
12305.0,12310.0,12307.5,7.542696e-06,3.771348e-05,0
12310.0,12315.0,12312.5,3.759052e-06,1.879526e-05,0
12315.0,12320.0,12317.5,4.969886e-06,2.484943e-05,0
12320.0,12325.0,12322.5,2.516738e-06,1.258369e-05,0
12325.0,12330.0,12327.5,4.98191e-06,2.490955e-05,0
12330.0,12335.0,12332.5,1.251956e-06,6.25978e-06,0
12335.0,12340.0,12337.5,1.223392e-06,6.11696e-06,0
12340.0,12345.0,12342.5,2.452016e-06,1.226008e-05,0
12345.0,12350.0,12347.5,7.443978e-06,3.721989e-05,0
12355.0,12360.0,12357.5,3.713622e-06,1.856811e-05,0
12360.0,12365.0,12362.5,2.539724e-06,1.269862e-05,0
12365.0,12370.0,12367.5,3.78285e-06,1.891425e-05,0
12370.0,12375.0,12372.5,5.056774e-06,2.528387e-05,0
12375.0,12380.0,12377.5,1.251956e-06,6.25978e-06,0
12380.0,12385.0,12382.5,3.73788e-06,1.86894e-05,0
12385.0,12390.0,12387.5,3.781522e-06,1.890761e-05,0
12390.0,12395.0,12392.5,3.78285e-06,1.891425e-05,0
12395.0,12400.0,12397.5,1.223392e-06,6.11696e-06,0
12400.0,12405.0,12402.5,1.251956e-06,6.25978e-06,0
12405.0,12410.0,12407.5,3.769212e-06,1.884606e-05,0
12410.0,12415.0,12412.5,1.25329e-06,6.26645e-06,0
12415.0,12420.0,12417.5,8.76309e-06,4.381545e-05,0
12420.0,12425.0,12422.5,1.25329e-06,6.26645e-06,0
12425.0,12430.0,12427.5,1.253604e-06,6.26802e-06,0
12430.0,12435.0,12432.5,4.969548e-06,2.484774e-05,0
12435.0,12440.0,12437.5,6.215944e-06,3.107972e-05,0
12440.0,12445.0,12442.5,4.992094e-06,2.496047e-05,0
12445.0,12450.0,12447.5,8.731012e-06,4.365506e-05,0
12450.0,12455.0,12452.5,8.772348e-06,4.386174e-05,0
12455.0,12460.0,12457.5,5.01399e-06,2.506995e-05,0
12460.0,12465.0,12462.5,5.04497e-06,2.522485e-05,0
12465.0,12470.0,12467.5,6.193584e-06,3.096792e-05,0
12470.0,12475.0,12472.5,1.253604e-06,6.26802e-06,0
12475.0,12480.0,12477.5,8.72981e-06,4.364905e-05,0
12480.0,12485.0,12482.5,1.274942e-06,6.37471e-06,0
12485.0,12490.0,12487.5,6.212708e-06,3.106354e-05,0
12490.0,12495.0,12492.5,2.484904e-06,1.242452e-05,0
12495.0,12500.0,12497.5,2.539724e-06,1.269862e-05,0
12500.0,12505.0,12502.5,3.79168e-06,1.89584e-05,0
12505.0,12510.0,12507.5,3.68483e-06,1.842415e-05,0
12510.0,12515.0,12512.5,2.539724e-06,1.269862e-05,0
12515.0,12520.0,12517.5,7.5029e-06,3.75145e-05,0
12520.0,12525.0,12522.5,3.782038e-06,1.891019e-05,0
12525.0,12530.0,12527.5,7.553162e-06,3.776581e-05,0
12530.0,12535.0,12532.5,5.022502e-06,2.511251e-05,0
12535.0,12540.0,12537.5,3.759846e-06,1.879923e-05,0
12540.0,12545.0,12542.5,2.495918e-06,1.247959e-05,0
12545.0,12550.0,12547.5,1.2313e-06,6.1565e-06,0
12550.0,12555.0,12552.5,2.484904e-06,1.242452e-05,0
12555.0,12560.0,12557.5,4.948098e-06,2.474049e-05,0
12560.0,12565.0,12562.5,4.906708e-06,2.453354e-05,0
12565.0,12570.0,12567.5,7.453056e-06,3.726528e-05,0
12570.0,12575.0,12572.5,2.506894e-06,1.253447e-05,0
12575.0,12580.0,12577.5,7.473414e-06,3.736707e-05,0
12580.0,12585.0,12582.5,2.50556e-06,1.25278e-05,0
12585.0,12590.0,12587.5,6.296934e-06,3.148467e-05,0
12590.0,12595.0,12592.5,3.760386e-06,1.880193e-05,0
12595.0,12600.0,12597.5,2.52956e-06,1.26478e-05,0
12600.0,12605.0,12602.5,6.226108e-06,3.113054e-05,0
12605.0,12610.0,12607.5,1.006064e-05,5.03032e-05,0
12610.0,12615.0,12612.5,3.741778e-06,1.870889e-05,0
12615.0,12620.0,12617.5,8.775768e-06,4.387884e-05,0
12620.0,12625.0,12622.5,3.780502e-06,1.890251e-05,0
12625.0,12630.0,12627.5,7.498172e-06,3.749086e-05,0
12630.0,12635.0,12632.5,7.485808e-06,3.742904e-05,0
12635.0,12640.0,12637.5,5.03447e-06,2.517235e-05,0
12640.0,12645.0,12642.5,2.47348e-06,1.23674e-05,0
12645.0,12650.0,12647.5,3.770546e-06,1.885273e-05,0
12650.0,12655.0,12652.5,5.013186e-06,2.506593e-05,0
12655.0,12660.0,12657.5,7.499054e-06,3.749527e-05,0
12660.0,12665.0,12662.5,1.264782e-06,6.32391e-06,0
12665.0,12670.0,12667.5,3.7385e-06,1.86925e-05,0
12670.0,12675.0,12672.5,1.223392e-06,6.11696e-06,0
12675.0,12680.0,12677.5,6.255316e-06,3.127658e-05,0
12680.0,12685.0,12682.5,3.771676e-06,1.885838e-05,0
12685.0,12690.0,12687.5,3.736546e-06,1.868273e-05,0
12690.0,12695.0,12692.5,6.204072e-06,3.102036e-05,0
12695.0,12700.0,12697.5,4.980602e-06,2.490301e-05,0
12700.0,12705.0,12702.5,6.26462e-06,3.13231e-05,0
12705.0,12710.0,12707.5,6.279244e-06,3.139622e-05,0
12710.0,12715.0,12712.5,1.1156028e-05,5.578014e-05,0
12715.0,12720.0,12717.5,1.2537174e-05,6.268587e-05,0
12720.0,12725.0,12722.5,3.759846e-06,1.879923e-05,0
12725.0,12730.0,12727.5,1.242314e-06,6.21157e-06,0
12730.0,12735.0,12732.5,7.500314e-06,3.750157e-05,0
12735.0,12740.0,12737.5,5.012816e-06,2.506408e-05,0
12740.0,12745.0,12742.5,8.737772e-06,4.368886e-05,0
12745.0,12750.0,12747.5,5.021992e-06,2.510996e-05,0
12750.0,12755.0,12752.5,3.717442e-06,1.858721e-05,0
12755.0,12760.0,12757.5,3.716798e-06,1.858399e-05,0
12760.0,12765.0,12762.5,6.275792e-06,3.137896e-05,0
12765.0,12770.0,12767.5,3.714556e-06,1.857278e-05,0
12770.0,12775.0,12772.5,5.023632e-06,2.511816e-05,0
12775.0,12780.0,12777.5,2.495604e-06,1.247802e-05,0
12780.0,12785.0,12782.5,3.770028e-06,1.885014e-05,0
12785.0,12790.0,12787.5,2.474814e-06,1.237407e-05,0
12790.0,12795.0,12792.5,1.264782e-06,6.32391e-06,0
12795.0,12800.0,12797.5,3.77086e-06,1.88543e-05,0
12800.0,12805.0,12802.5,3.706428e-06,1.853214e-05,0
12805.0,12810.0,12807.5,3.77086e-06,1.88543e-05,0
12810.0,12815.0,12812.5,5.022816e-06,2.511408e-05,0
12815.0,12820.0,12817.5,3.697876e-06,1.848938e-05,0
12820.0,12825.0,12822.5,1.253604e-06,6.26802e-06,0
12825.0,12830.0,12827.5,4.952012e-06,2.476006e-05,0
12835.0,12840.0,12837.5,2.526898e-06,1.263449e-05,0
12840.0,12845.0,12842.5,5.021992e-06,2.510996e-05,0
12845.0,12850.0,12847.5,3.782038e-06,1.891019e-05,0
12850.0,12855.0,12852.5,6.2418e-06,3.1209e-05,0
12855.0,12860.0,12857.5,4.982974e-06,2.491487e-05,0
12860.0,12865.0,12862.5,6.259532e-06,3.129766e-05,0
12865.0,12870.0,12867.5,6.206626e-06,3.103313e-05,0
12870.0,12875.0,12872.5,4.9726e-06,2.4863e-05,0
12875.0,12880.0,12877.5,1.274942e-06,6.37471e-06,0
12880.0,12885.0,12882.5,3.727774e-06,1.863887e-05,0
12885.0,12890.0,12887.5,5.045798e-06,2.522899e-05,0
12890.0,12895.0,12892.5,1.251956e-06,6.25978e-06,0
12895.0,12900.0,12897.5,2.517256e-06,1.258628e-05,0
12900.0,12905.0,12902.5,1.25329e-06,6.26645e-06,0
12905.0,12910.0,12907.5,3.78118e-06,1.89059e-05,0
12910.0,12915.0,12912.5,3.771676e-06,1.885838e-05,0
12915.0,12920.0,12917.5,5.012816e-06,2.506408e-05,0
12920.0,12925.0,12922.5,3.716596e-06,1.858298e-05,0
12925.0,12930.0,12927.5,3.751084e-06,1.875542e-05,0
12930.0,12935.0,12932.5,3.793328e-06,1.896664e-05,0
12935.0,12940.0,12937.5,4.999838e-06,2.499919e-05,0
12940.0,12945.0,12942.5,1.1302108e-05,5.651054e-05,0
12945.0,12950.0,12947.5,1.251956e-06,6.25978e-06,0
12950.0,12955.0,12952.5,3.749208e-06,1.874604e-05,0
12955.0,12960.0,12957.5,8.730052e-06,4.365026e-05,0
12960.0,12965.0,12962.5,4.946248e-06,2.473124e-05,0
12965.0,12970.0,12967.5,3.727766e-06,1.863883e-05,0
12970.0,12975.0,12972.5,4.970952e-06,2.485476e-05,0
12975.0,12980.0,12977.5,1.251956e-06,6.25978e-06,0
12980.0,12985.0,12982.5,3.759562e-06,1.879781e-05,0
12985.0,12990.0,12987.5,3.82482e-06,1.91241e-05,0
12990.0,12995.0,12992.5,3.714556e-06,1.857278e-05,0
12995.0,13000.0,12997.5,6.25545e-06,3.127725e-05,0
13000.0,13005.0,13002.5,3.80317e-06,1.901585e-05,0
13005.0,13010.0,13007.5,3.728952e-06,1.864476e-05,0
13010.0,13015.0,13012.5,1.0015748e-05,5.007874e-05,0
13015.0,13020.0,13017.5,1.2313e-06,6.1565e-06,0
13020.0,13025.0,13022.5,4.95035e-06,2.475175e-05,0
13025.0,13030.0,13027.5,6.28674e-06,3.14337e-05,0
13030.0,13035.0,13032.5,3.770028e-06,1.885014e-05,0
13035.0,13040.0,13037.5,5.003894e-06,2.501947e-05,0
13040.0,13045.0,13042.5,3.72677e-06,1.863385e-05,0
13045.0,13050.0,13047.5,3.780502e-06,1.890251e-05,0
13050.0,13055.0,13052.5,4.969548e-06,2.484774e-05,0
13055.0,13060.0,13057.5,3.71931e-06,1.859655e-05,0
13060.0,13065.0,13062.5,2.474484e-06,1.237242e-05,0
13065.0,13070.0,13067.5,3.675408e-06,1.837704e-05,0
13070.0,13075.0,13072.5,4.991538e-06,2.495769e-05,0
13075.0,13080.0,13077.5,1.251956e-06,6.25978e-06,0
13080.0,13085.0,13082.5,3.726904e-06,1.863452e-05,0
13085.0,13090.0,13087.5,4.980044e-06,2.490022e-05,0
13090.0,13095.0,13092.5,1.209702e-06,6.04851e-06,0
13095.0,13100.0,13097.5,1.253604e-06,6.26802e-06,0
13100.0,13105.0,13102.5,1.242314e-06,6.21157e-06,0
13105.0,13110.0,13107.5,3.728638e-06,1.864319e-05,0
13110.0,13115.0,13112.5,4.990736e-06,2.495368e-05,0
13115.0,13120.0,13117.5,4.971814e-06,2.485907e-05,0
13120.0,13125.0,13122.5,7.547544e-06,3.773772e-05,0
13125.0,13130.0,13127.5,6.2122e-06,3.1061e-05,0
13130.0,13135.0,13132.5,6.19225e-06,3.096125e-05,0
13135.0,13140.0,13137.5,1.264782e-06,6.32391e-06,0
13140.0,13145.0,13142.5,3.7366e-06,1.8683e-05,0
13145.0,13150.0,13147.5,4.961326e-06,2.480663e-05,0
13150.0,13155.0,13152.5,2.528232e-06,1.264116e-05,0
13155.0,13160.0,13157.5,3.749756e-06,1.874878e-05,0
13160.0,13165.0,13162.5,1.221524e-06,6.10762e-06,0
13165.0,13170.0,13167.5,7.542696e-06,3.771348e-05,0
13170.0,13175.0,13172.5,5.011488e-06,2.505744e-05,0
13175.0,13180.0,13177.5,3.801836e-06,1.900918e-05,0
13180.0,13185.0,13182.5,9.916782e-06,4.958391e-05,0
13185.0,13190.0,13187.5,2.49427e-06,1.247135e-05,0
13195.0,13200.0,13197.5,3.778862e-06,1.889431e-05,0
13200.0,13205.0,13202.5,3.793014e-06,1.896507e-05,0
13205.0,13210.0,13207.5,2.475348e-06,1.237674e-05,0
13210.0,13215.0,13212.5,2.539724e-06,1.269862e-05,0
13215.0,13220.0,13217.5,3.746234e-06,1.873117e-05,0
13220.0,13225.0,13222.5,3.73788e-06,1.86894e-05,0
13225.0,13230.0,13227.5,6.213062e-06,3.106531e-05,0
13230.0,13235.0,13232.5,7.606654e-06,3.803327e-05,0
13235.0,13240.0,13237.5,1.242314e-06,6.21157e-06,0
13240.0,13245.0,13242.5,6.287758e-06,3.143879e-05,0
13245.0,13250.0,13247.5,6.285958e-06,3.142979e-05,0
13250.0,13255.0,13252.5,3.717606e-06,1.858803e-05,0
13255.0,13260.0,13257.5,6.236208e-06,3.118104e-05,0
13260.0,13265.0,13262.5,2.488174e-06,1.244087e-05,0
13265.0,13270.0,13267.5,3.748556e-06,1.874278e-05,0
13270.0,13275.0,13272.5,5.005228e-06,2.502614e-05,0
13275.0,13280.0,13277.5,3.79168e-06,1.89584e-05,0
13280.0,13285.0,13282.5,6.26441e-06,3.132205e-05,0
13285.0,13290.0,13287.5,2.5072e-06,1.2536e-05,0
13290.0,13295.0,13292.5,3.740648e-06,1.870324e-05,0
13295.0,13300.0,13297.5,2.528546e-06,1.264273e-05,0
13300.0,13305.0,13302.5,6.24344e-06,3.12172e-05,0
13305.0,13310.0,13307.5,2.518072e-06,1.259036e-05,0
13310.0,13315.0,13312.5,6.223998e-06,3.111999e-05,0
13315.0,13320.0,13317.5,1.223392e-06,6.11696e-06,0
13320.0,13325.0,13322.5,4.947612e-06,2.473806e-05,0
13325.0,13330.0,13327.5,2.50556e-06,1.25278e-05,0
13330.0,13335.0,13332.5,1.242314e-06,6.21157e-06,0
13335.0,13340.0,13337.5,7.476826e-06,3.738413e-05,0
13340.0,13345.0,13342.5,2.5072e-06,1.2536e-05,0
13345.0,13350.0,13347.5,6.225418e-06,3.112709e-05,0
13350.0,13355.0,13352.5,3.715794e-06,1.857897e-05,0
13355.0,13360.0,13357.5,3.793014e-06,1.896507e-05,0
13360.0,13365.0,13362.5,3.717982e-06,1.858991e-05,0
13365.0,13370.0,13367.5,2.54988e-06,1.27494e-05,0
13370.0,13375.0,13372.5,6.251464e-06,3.125732e-05,0
13375.0,13380.0,13377.5,3.73991e-06,1.869955e-05,0
13380.0,13385.0,13382.5,5.025164e-06,2.512582e-05,0
13390.0,13395.0,13392.5,7.467514e-06,3.733757e-05,0
13395.0,13400.0,13397.5,5.002976e-06,2.501488e-05,0
13400.0,13405.0,13402.5,7.540232e-06,3.770116e-05,0
13405.0,13410.0,13407.5,7.454206e-06,3.727103e-05,0
13410.0,13415.0,13412.5,3.73791e-06,1.868955e-05,0
13415.0,13420.0,13417.5,6.223848e-06,3.111924e-05,0
13420.0,13425.0,13422.5,8.772516e-06,4.386258e-05,0
13425.0,13430.0,13427.5,6.201718e-06,3.100859e-05,0
13430.0,13435.0,13432.5,2.48459e-06,1.242295e-05,0
13435.0,13440.0,13437.5,1.274942e-06,6.37471e-06,0
13440.0,13445.0,13442.5,5.076776e-06,2.538388e-05,0
13445.0,13450.0,13447.5,3.759156e-06,1.879578e-05,0
13450.0,13455.0,13452.5,3.695138e-06,1.847569e-05,0
13455.0,13460.0,13457.5,2.496466e-06,1.248233e-05,0
13460.0,13465.0,13462.5,1.251956e-06,6.25978e-06,0
13465.0,13470.0,13467.5,2.476682e-06,1.238341e-05,0
13470.0,13475.0,13472.5,2.452824e-06,1.226412e-05,0
13475.0,13480.0,13477.5,7.52807e-06,3.764035e-05,0
13480.0,13485.0,13482.5,1.251956e-06,6.25978e-06,0
13485.0,13490.0,13487.5,6.256296e-06,3.128148e-05,0
13490.0,13495.0,13492.5,3.76086e-06,1.88043e-05,0
13495.0,13500.0,13497.5,2.526898e-06,1.263449e-05,0
13500.0,13505.0,13502.5,7.52956e-06,3.76478e-05,0
13505.0,13510.0,13507.5,3.781522e-06,1.890761e-05,0
13510.0,13515.0,13512.5,1.251956e-06,6.25978e-06,0
13515.0,13520.0,13517.5,7.534518e-06,3.767259e-05,0
13525.0,13530.0,13527.5,2.516738e-06,1.258369e-05,0
13530.0,13535.0,13532.5,6.192572e-06,3.096286e-05,0
13535.0,13540.0,13537.5,8.695934e-06,4.347967e-05,0
13540.0,13545.0,13542.5,1.242314e-06,6.21157e-06,0
13550.0,13555.0,13552.5,3.758536e-06,1.879268e-05,0
13555.0,13560.0,13557.5,5.035642e-06,2.517821e-05,0
13565.0,13570.0,13567.5,5.025272e-06,2.512636e-05,0
13570.0,13575.0,13572.5,2.48459e-06,1.242295e-05,0
13575.0,13580.0,13577.5,3.793328e-06,1.896664e-05,0
13585.0,13590.0,13587.5,1.251956e-06,6.25978e-06,0
13590.0,13595.0,13592.5,3.738224e-06,1.869112e-05,0
13595.0,13600.0,13597.5,2.496082e-06,1.248041e-05,0
13600.0,13605.0,13602.5,3.748894e-06,1.874447e-05,0
13605.0,13610.0,13607.5,3.780188e-06,1.890094e-05,0
13610.0,13615.0,13612.5,3.738194e-06,1.869097e-05,0
13615.0,13620.0,13617.5,5.004908e-06,2.502454e-05,0
13620.0,13625.0,13622.5,1.209702e-06,6.04851e-06,0
13625.0,13630.0,13627.5,7.505546e-06,3.752773e-05,0
13630.0,13635.0,13632.5,3.752952e-06,1.876476e-05,0
13635.0,13640.0,13637.5,5.022816e-06,2.511408e-05,0
13640.0,13645.0,13642.5,5.023632e-06,2.511816e-05,0
13645.0,13650.0,13647.5,1.25329e-06,6.26645e-06,0
13650.0,13655.0,13652.5,6.254672e-06,3.127336e-05,0
13655.0,13660.0,13657.5,6.289238e-06,3.144619e-05,0
13660.0,13665.0,13662.5,3.759052e-06,1.879526e-05,0
13665.0,13670.0,13667.5,6.150752e-06,3.075376e-05,0
13670.0,13675.0,13672.5,2.506894e-06,1.253447e-05,0
13675.0,13680.0,13677.5,1.25329e-06,6.26645e-06,0
13680.0,13685.0,13682.5,5.002174e-06,2.501087e-05,0
13685.0,13690.0,13687.5,5.005228e-06,2.502614e-05,0
13690.0,13695.0,13692.5,1.251956e-06,6.25978e-06,0
13695.0,13700.0,13697.5,6.244976e-06,3.122488e-05,0
13700.0,13705.0,13702.5,3.72677e-06,1.863385e-05,0
13705.0,13710.0,13707.5,3.684516e-06,1.842258e-05,0
13710.0,13715.0,13712.5,6.309748e-06,3.154874e-05,0
13715.0,13720.0,13717.5,5.001328e-06,2.500664e-05,0
13720.0,13725.0,13722.5,4.967846e-06,2.483923e-05,0
13725.0,13730.0,13727.5,8.711678e-06,4.355839e-05,0
13730.0,13735.0,13732.5,6.23673e-06,3.118365e-05,0
13735.0,13740.0,13737.5,3.77086e-06,1.88543e-05,0
13740.0,13745.0,13742.5,3.749208e-06,1.874604e-05,0
13745.0,13750.0,13747.5,5.02298e-06,2.51149e-05,0
13750.0,13755.0,13752.5,6.22808e-06,3.11404e-05,0
13755.0,13760.0,13757.5,5.03447e-06,2.517235e-05,0
13760.0,13765.0,13762.5,3.748556e-06,1.874278e-05,0
13765.0,13770.0,13767.5,3.771024e-06,1.885512e-05,0
13770.0,13775.0,13772.5,2.517256e-06,1.258628e-05,0
13775.0,13780.0,13777.5,1.274942e-06,6.37471e-06,0
13780.0,13785.0,13782.5,6.268362e-06,3.134181e-05,0
13785.0,13790.0,13787.5,2.4194e-06,1.2097e-05,0
13790.0,13795.0,13792.5,3.770342e-06,1.885171e-05,0
13795.0,13800.0,13797.5,3.708036e-06,1.854018e-05,0
13800.0,13805.0,13802.5,8.794338e-06,4.397169e-05,0
13805.0,13810.0,13807.5,5.002662e-06,2.501331e-05,0
13810.0,13815.0,13812.5,3.74013e-06,1.870065e-05,0
13815.0,13820.0,13817.5,2.518386e-06,1.259193e-05,0
13820.0,13825.0,13822.5,5.00304e-06,2.50152e-05,0
13825.0,13830.0,13827.5,6.275596e-06,3.137798e-05,0
13830.0,13835.0,13832.5,7.529874e-06,3.764937e-05,0
13835.0,13840.0,13837.5,2.505246e-06,1.252623e-05,0
13840.0,13845.0,13842.5,8.837976e-06,4.418988e-05,0
13845.0,13850.0,13847.5,5.046924e-06,2.523462e-05,0
13850.0,13855.0,13852.5,3.736546e-06,1.868273e-05,0
13860.0,13865.0,13862.5,8.79603e-06,4.398015e-05,0
13865.0,13870.0,13867.5,1.242314e-06,6.21157e-06,0
13870.0,13875.0,13872.5,3.727774e-06,1.863887e-05,0
13875.0,13880.0,13877.5,6.234346e-06,3.117173e-05,0
13880.0,13885.0,13882.5,3.749514e-06,1.874757e-05,0
13885.0,13890.0,13887.5,1.264782e-06,6.32391e-06,0
13890.0,13895.0,13892.5,1.223392e-06,6.11696e-06,0
13895.0,13900.0,13897.5,6.267494e-06,3.133747e-05,0
13900.0,13905.0,13902.5,5.045962e-06,2.522981e-05,0
13905.0,13910.0,13907.5,3.757524e-06,1.878762e-05,0
13910.0,13915.0,13912.5,2.526898e-06,1.263449e-05,0
13915.0,13920.0,13917.5,4.967846e-06,2.483923e-05,0
13920.0,13925.0,13922.5,4.980044e-06,2.490022e-05,0
13925.0,13930.0,13927.5,5.024456e-06,2.512228e-05,0
13930.0,13935.0,13932.5,1.251956e-06,6.25978e-06,0
13935.0,13940.0,13937.5,2.526898e-06,1.263449e-05,0
13940.0,13945.0,13942.5,7.519442e-06,3.759721e-05,0
13945.0,13950.0,13947.5,4.98159e-06,2.490795e-05,0
13950.0,13955.0,13952.5,2.463306e-06,1.231653e-05,0
13955.0,13960.0,13957.5,2.539724e-06,1.269862e-05,0
13960.0,13965.0,13962.5,2.50556e-06,1.25278e-05,0
13965.0,13970.0,13967.5,3.654618e-06,1.827309e-05,0
13970.0,13975.0,13972.5,4.959458e-06,2.479729e-05,0
13975.0,13980.0,13977.5,2.462992e-06,1.231496e-05,0
13980.0,13985.0,13982.5,7.520326e-06,3.760163e-05,0
13985.0,13990.0,13987.5,3.73991e-06,1.869955e-05,0
13990.0,13995.0,13992.5,5.046618e-06,2.523309e-05,0
13995.0,14000.0,13997.5,2.475128e-06,1.237564e-05,0
14000.0,14005.0,14002.5,2.526898e-06,1.263449e-05,0
14005.0,14010.0,14007.5,1.274942e-06,6.37471e-06,0
14010.0,14015.0,14012.5,3.801836e-06,1.900918e-05,0
14015.0,14020.0,14017.5,2.518386e-06,1.259193e-05,0
14020.0,14025.0,14022.5,5.01214e-06,2.50607e-05,0
14025.0,14030.0,14027.5,2.454692e-06,1.227346e-05,0
14030.0,14035.0,14032.5,7.523812e-06,3.761906e-05,0
14035.0,14040.0,14037.5,3.759052e-06,1.879526e-05,0
14040.0,14045.0,14042.5,2.463306e-06,1.231653e-05,0
14045.0,14050.0,14047.5,2.495604e-06,1.247802e-05,0
14050.0,14055.0,14052.5,1.25329e-06,6.26645e-06,0
14055.0,14060.0,14057.5,6.246208e-06,3.123104e-05,0
14060.0,14065.0,14062.5,3.684516e-06,1.842258e-05,0
14065.0,14070.0,14067.5,1.25329e-06,6.26645e-06,0
14070.0,14075.0,14072.5,1.274942e-06,6.37471e-06,0
14075.0,14080.0,14077.5,4.991866e-06,2.495933e-05,0
14080.0,14085.0,14082.5,3.780188e-06,1.890094e-05,0
14085.0,14090.0,14087.5,7.408898e-06,3.704449e-05,0
14090.0,14095.0,14092.5,1.274942e-06,6.37471e-06,0
14095.0,14100.0,14097.5,3.768702e-06,1.884351e-05,0
14100.0,14105.0,14102.5,2.441002e-06,1.220501e-05,0
14105.0,14110.0,14107.5,2.48459e-06,1.242295e-05,0
14110.0,14115.0,14112.5,1.274942e-06,6.37471e-06,0
14115.0,14120.0,14117.5,2.4194e-06,1.2097e-05,0
14120.0,14125.0,14122.5,8.773046e-06,4.386523e-05,0
14125.0,14130.0,14127.5,3.676216e-06,1.838108e-05,0
14130.0,14135.0,14132.5,1.223392e-06,6.11696e-06,0
14135.0,14140.0,14137.5,4.935146e-06,2.467573e-05,0
14145.0,14150.0,14147.5,8.785034e-06,4.392517e-05,0
14150.0,14155.0,14152.5,2.441002e-06,1.220501e-05,0
14155.0,14160.0,14157.5,9.88504e-06,4.94252e-05,0
14160.0,14165.0,14162.5,6.333044e-06,3.166522e-05,0
14165.0,14170.0,14167.5,2.518386e-06,1.259193e-05,0
14170.0,14175.0,14172.5,2.528232e-06,1.264116e-05,0
14175.0,14180.0,14177.5,2.474814e-06,1.237407e-05,0
14180.0,14185.0,14182.5,2.495918e-06,1.247959e-05,0
14185.0,14190.0,14187.5,2.48459e-06,1.242295e-05,0
14190.0,14195.0,14192.5,2.528232e-06,1.264116e-05,0
14195.0,14200.0,14197.5,3.751624e-06,1.875812e-05,0
14200.0,14205.0,14202.5,5.033478e-06,2.516739e-05,0
14205.0,14210.0,14207.5,3.706428e-06,1.853214e-05,0
14210.0,14215.0,14212.5,5.023318e-06,2.511659e-05,0
14220.0,14225.0,14222.5,6.285442e-06,3.142721e-05,0
14225.0,14230.0,14227.5,6.2438e-06,3.1219e-05,0
14230.0,14235.0,14232.5,3.748422e-06,1.874211e-05,0
14235.0,14240.0,14237.5,2.505246e-06,1.252623e-05,0
14240.0,14245.0,14242.5,3.780502e-06,1.890251e-05,0
14245.0,14250.0,14247.5,1.253604e-06,6.26802e-06,0
14250.0,14255.0,14252.5,2.476996e-06,1.238498e-05,0
14255.0,14260.0,14257.5,1.264782e-06,6.32391e-06,0
14260.0,14265.0,14262.5,7.563658e-06,3.781829e-05,0
14265.0,14270.0,14267.5,1.274942e-06,6.37471e-06,0
14270.0,14275.0,14272.5,3.738396e-06,1.869198e-05,0
14275.0,14280.0,14277.5,1.253604e-06,6.26802e-06,0
14280.0,14285.0,14282.5,4.969234e-06,2.484617e-05,0
14285.0,14290.0,14287.5,6.319908e-06,3.159954e-05,0
14290.0,14295.0,14292.5,3.749208e-06,1.874604e-05,0
14295.0,14300.0,14297.5,3.692958e-06,1.846479e-05,0
14300.0,14305.0,14302.5,2.50392e-06,1.25196e-05,0
14305.0,14310.0,14307.5,4.98068e-06,2.49034e-05,0
14310.0,14315.0,14312.5,7.49874e-06,3.74937e-05,0
14315.0,14320.0,14317.5,5.033994e-06,2.516997e-05,0
14325.0,14330.0,14327.5,4.992886e-06,2.496443e-05,0
14330.0,14335.0,14332.5,2.50556e-06,1.25278e-05,0
14335.0,14340.0,14337.5,6.192954e-06,3.096477e-05,0
14340.0,14345.0,14342.5,7.497806e-06,3.748903e-05,0
14345.0,14350.0,14347.5,1.242314e-06,6.21157e-06,0
14350.0,14355.0,14352.5,5.024642e-06,2.512321e-05,0
14355.0,14360.0,14357.5,2.483256e-06,1.241628e-05,0
14360.0,14365.0,14362.5,3.749756e-06,1.874878e-05,0
14365.0,14370.0,14367.5,2.528232e-06,1.264116e-05,0
14370.0,14375.0,14372.5,2.505246e-06,1.252623e-05,0
14375.0,14380.0,14377.5,2.495918e-06,1.247959e-05,0
14380.0,14385.0,14382.5,5.066618e-06,2.533309e-05,0
14385.0,14390.0,14387.5,1.274942e-06,6.37471e-06,0
14390.0,14395.0,14392.5,1.251956e-06,6.25978e-06,0
14395.0,14400.0,14397.5,1.209702e-06,6.04851e-06,0
14400.0,14405.0,14402.5,7.444614e-06,3.722307e-05,0
14405.0,14410.0,14407.5,3.783164e-06,1.891582e-05,0
14410.0,14415.0,14412.5,3.716204e-06,1.858102e-05,0
14415.0,14420.0,14417.5,5.013166e-06,2.506583e-05,0
14420.0,14425.0,14422.5,1.274942e-06,6.37471e-06,0
14425.0,14430.0,14427.5,6.252476e-06,3.126238e-05,0
14430.0,14435.0,14432.5,7.507962e-06,3.753981e-05,0
14435.0,14440.0,14437.5,4.991552e-06,2.495776e-05,0
14440.0,14445.0,14442.5,7.585206e-06,3.792603e-05,0
14445.0,14450.0,14447.5,1.2313e-06,6.1565e-06,0
14450.0,14455.0,14452.5,2.495604e-06,1.247802e-05,0
14455.0,14460.0,14457.5,1.2313e-06,6.1565e-06,0
14460.0,14465.0,14462.5,7.461644e-06,3.730822e-05,0
14465.0,14470.0,14467.5,3.748038e-06,1.874019e-05,0
14470.0,14475.0,14472.5,6.201236e-06,3.100618e-05,0
14475.0,14480.0,14477.5,8.707954e-06,4.353977e-05,0
14480.0,14485.0,14482.5,1.223392e-06,6.11696e-06,0
14485.0,14490.0,14487.5,2.54988e-06,1.27494e-05,0
14490.0,14495.0,14492.5,1.264782e-06,6.32391e-06,0
14495.0,14500.0,14497.5,2.528232e-06,1.264116e-05,0
14500.0,14505.0,14502.5,5.076776e-06,2.538388e-05,0
14505.0,14510.0,14507.5,1.264782e-06,6.32391e-06,0
14510.0,14515.0,14512.5,1.25329e-06,6.26645e-06,0
14520.0,14525.0,14522.5,5.02336e-06,2.51168e-05,0
14525.0,14530.0,14527.5,3.760386e-06,1.880193e-05,0
14530.0,14535.0,14532.5,2.48459e-06,1.242295e-05,0
14535.0,14540.0,14537.5,2.496466e-06,1.248233e-05,0
14540.0,14545.0,14542.5,1.242314e-06,6.21157e-06,0
14545.0,14550.0,14547.5,7.542426e-06,3.771213e-05,0
14550.0,14555.0,14552.5,2.52956e-06,1.26478e-05,0
14555.0,14560.0,14557.5,1.2313e-06,6.1565e-06,0
14560.0,14565.0,14562.5,2.495604e-06,1.247802e-05,0
14565.0,14570.0,14567.5,3.782038e-06,1.891019e-05,0
14570.0,14575.0,14572.5,3.79434e-06,1.89717e-05,0
14575.0,14580.0,14577.5,5.001382e-06,2.500691e-05,0
14580.0,14585.0,14582.5,1.242314e-06,6.21157e-06,0
14585.0,14590.0,14587.5,3.751624e-06,1.875812e-05,0
14590.0,14595.0,14592.5,7.476128e-06,3.738064e-05,0
14595.0,14600.0,14597.5,2.465706e-06,1.232853e-05,0
14600.0,14605.0,14602.5,4.957262e-06,2.478631e-05,0
14605.0,14610.0,14607.5,2.518072e-06,1.259036e-05,0
14610.0,14615.0,14612.5,6.266426e-06,3.133213e-05,0
14615.0,14620.0,14617.5,3.738248e-06,1.869124e-05,0
14620.0,14625.0,14622.5,3.738248e-06,1.869124e-05,0
14625.0,14630.0,14627.5,7.574028e-06,3.787014e-05,0
14630.0,14635.0,14632.5,5.04415e-06,2.522075e-05,0
14635.0,14640.0,14637.5,3.814662e-06,1.907331e-05,0
14640.0,14645.0,14642.5,2.433094e-06,1.216547e-05,0
14645.0,14650.0,14647.5,8.719432e-06,4.359716e-05,0
14650.0,14655.0,14652.5,6.244742e-06,3.122371e-05,0
14655.0,14660.0,14657.5,2.518386e-06,1.259193e-05,0
14660.0,14665.0,14662.5,1.251956e-06,6.25978e-06,0
14665.0,14670.0,14667.5,3.781516e-06,1.890758e-05,0
14670.0,14675.0,14672.5,6.254116e-06,3.127058e-05,0
14675.0,14680.0,14677.5,1.253604e-06,6.26802e-06,0
14680.0,14685.0,14682.5,2.528232e-06,1.264116e-05,0
14685.0,14690.0,14687.5,7.4995e-06,3.74975e-05,0
14690.0,14695.0,14692.5,3.758198e-06,1.879099e-05,0
14695.0,14700.0,14697.5,3.75007e-06,1.875035e-05,0
14700.0,14705.0,14702.5,7.478394e-06,3.739197e-05,0
14705.0,14710.0,14707.5,2.505246e-06,1.252623e-05,0
14710.0,14715.0,14712.5,1.25329e-06,6.26645e-06,0
14715.0,14720.0,14717.5,3.782038e-06,1.891019e-05,0
14730.0,14735.0,14732.5,5.067952e-06,2.533976e-05,0
14735.0,14740.0,14737.5,3.738194e-06,1.869097e-05,0
14740.0,14745.0,14742.5,1.2313e-06,6.1565e-06,0
14745.0,14750.0,14747.5,3.751084e-06,1.875542e-05,0
14750.0,14755.0,14752.5,1.251956e-06,6.25978e-06,0
14760.0,14765.0,14762.5,4.990226e-06,2.495113e-05,0
14770.0,14775.0,14772.5,2.526898e-06,1.263449e-05,0
14775.0,14780.0,14777.5,3.736546e-06,1.868273e-05,0
14780.0,14785.0,14782.5,2.498334e-06,1.249167e-05,0
14785.0,14790.0,14787.5,3.780502e-06,1.890251e-05,0
14790.0,14795.0,14792.5,8.783362e-06,4.391681e-05,0
14795.0,14800.0,14797.5,6.297918e-06,3.148959e-05,0
14800.0,14805.0,14802.5,1.274942e-06,6.37471e-06,0
14805.0,14810.0,14807.5,4.97143e-06,2.485715e-05,0
14810.0,14815.0,14812.5,3.751624e-06,1.875812e-05,0
14815.0,14820.0,14817.5,3.738396e-06,1.869198e-05,0
14820.0,14825.0,14822.5,3.729634e-06,1.864817e-05,0
14825.0,14830.0,14827.5,4.966912e-06,2.483456e-05,0
14830.0,14835.0,14832.5,3.757524e-06,1.878762e-05,0
14835.0,14840.0,14837.5,7.530482e-06,3.765241e-05,0
14840.0,14845.0,14842.5,2.50556e-06,1.25278e-05,0
14845.0,14850.0,14847.5,9.95435e-06,4.977175e-05,0
14850.0,14855.0,14852.5,5.078424e-06,2.539212e-05,0
14860.0,14865.0,14862.5,3.72677e-06,1.863385e-05,0
14865.0,14870.0,14867.5,6.20273e-06,3.101365e-05,0
14870.0,14875.0,14872.5,3.780502e-06,1.890251e-05,0
14875.0,14880.0,14877.5,4.981378e-06,2.490689e-05,0
14890.0,14895.0,14892.5,5.033792e-06,2.516896e-05,0
14895.0,14900.0,14897.5,1.264782e-06,6.32391e-06,0
14900.0,14905.0,14902.5,7.42598e-06,3.71299e-05,0
14905.0,14910.0,14907.5,3.738194e-06,1.869097e-05,0
14910.0,14915.0,14912.5,4.958596e-06,2.479298e-05,0
14915.0,14920.0,14917.5,1.251956e-06,6.25978e-06,0
14920.0,14925.0,14922.5,8.669304e-06,4.334652e-05,0
14925.0,14930.0,14927.5,6.204978e-06,3.102489e-05,0
14930.0,14935.0,14932.5,2.50392e-06,1.25196e-05,0
14940.0,14945.0,14942.5,2.518386e-06,1.259193e-05,0
14945.0,14950.0,14947.5,1.25329e-06,6.26645e-06,0
14950.0,14955.0,14952.5,3.751624e-06,1.875812e-05,0
14955.0,14960.0,14957.5,2.433094e-06,1.216547e-05,0
14960.0,14965.0,14962.5,6.25687e-06,3.128435e-05,0
14965.0,14970.0,14967.5,2.506894e-06,1.253447e-05,0
14970.0,14975.0,14972.5,2.518386e-06,1.259193e-05,0
14975.0,14980.0,14977.5,2.48459e-06,1.242295e-05,0
14980.0,14985.0,14982.5,3.77086e-06,1.88543e-05,0
14985.0,14990.0,14987.5,3.740648e-06,1.870324e-05,0
14990.0,14995.0,14992.5,3.7366e-06,1.8683e-05,0
14995.0,15000.0,14997.5,2.498334e-06,1.249167e-05,0
15000.0,15005.0,15002.5,1.253604e-06,6.26802e-06,0
15005.0,15010.0,15007.5,6.264306e-06,3.132153e-05,0
15010.0,15015.0,15012.5,1.2313e-06,6.1565e-06,0
15015.0,15020.0,15017.5,2.476682e-06,1.238341e-05,0
15020.0,15025.0,15022.5,2.516738e-06,1.258369e-05,0
15025.0,15030.0,15027.5,2.52956e-06,1.26478e-05,0
15030.0,15035.0,15032.5,2.475348e-06,1.237674e-05,0
15035.0,15040.0,15037.5,6.243642e-06,3.121821e-05,0
15040.0,15045.0,15042.5,3.751938e-06,1.875969e-05,0
15050.0,15055.0,15052.5,2.48459e-06,1.242295e-05,0
15055.0,15060.0,15057.5,1.2313e-06,6.1565e-06,0
15060.0,15065.0,15062.5,3.759156e-06,1.879578e-05,0
15065.0,15070.0,15067.5,3.717606e-06,1.858803e-05,0
15070.0,15075.0,15072.5,5.001712e-06,2.500856e-05,0
15075.0,15080.0,15077.5,2.526898e-06,1.263449e-05,0
15080.0,15085.0,15082.5,3.738262e-06,1.869131e-05,0
15085.0,15090.0,15087.5,1.2313e-06,6.1565e-06,0
15090.0,15095.0,15092.5,3.751624e-06,1.875812e-05,0
15095.0,15100.0,15097.5,2.496082e-06,1.248041e-05,0
15100.0,15105.0,15102.5,3.749372e-06,1.874686e-05,0
15105.0,15110.0,15107.5,6.318582e-06,3.159291e-05,0
15110.0,15115.0,15112.5,4.961788e-06,2.480894e-05,0
15115.0,15120.0,15117.5,2.498334e-06,1.249167e-05,0
15120.0,15125.0,15122.5,1.274942e-06,6.37471e-06,0
15125.0,15130.0,15127.5,6.244026e-06,3.122013e-05,0
15130.0,15135.0,15132.5,2.475348e-06,1.237674e-05,0
15135.0,15140.0,15137.5,3.778862e-06,1.889431e-05,0
15145.0,15150.0,15147.5,6.222518e-06,3.111259e-05,0
15150.0,15155.0,15152.5,4.97121e-06,2.485605e-05,0
15155.0,15160.0,15157.5,2.539724e-06,1.269862e-05,0
15165.0,15170.0,15167.5,6.28841e-06,3.144205e-05,0
15170.0,15175.0,15172.5,3.747874e-06,1.873937e-05,0
15175.0,15180.0,15177.5,1.25329e-06,6.26645e-06,0
15180.0,15185.0,15182.5,1.25329e-06,6.26645e-06,0
15185.0,15190.0,15187.5,2.444916e-06,1.222458e-05,0
15195.0,15200.0,15197.5,1.264782e-06,6.32391e-06,0
15200.0,15205.0,15202.5,3.71931e-06,1.859655e-05,0
15205.0,15210.0,15207.5,2.484904e-06,1.242452e-05,0
15210.0,15215.0,15212.5,5.001642e-06,2.500821e-05,0
15215.0,15220.0,15217.5,1.251956e-06,6.25978e-06,0
15220.0,15225.0,15222.5,1.209702e-06,6.04851e-06,0
15225.0,15230.0,15227.5,2.539724e-06,1.269862e-05,0
15230.0,15235.0,15232.5,5.001846e-06,2.500923e-05,0
15240.0,15245.0,15242.5,4.968552e-06,2.484276e-05,0
15245.0,15250.0,15247.5,3.768702e-06,1.884351e-05,0
15250.0,15255.0,15252.5,5.04763e-06,2.523815e-05,0
15255.0,15260.0,15257.5,3.79168e-06,1.89584e-05,0
15260.0,15265.0,15262.5,1.274942e-06,6.37471e-06,0
15265.0,15270.0,15267.5,4.948202e-06,2.474101e-05,0
15270.0,15275.0,15272.5,3.716282e-06,1.858141e-05,0
15275.0,15280.0,15277.5,2.486306e-06,1.243153e-05,0
15280.0,15285.0,15282.5,4.9932e-06,2.4966e-05,0
15285.0,15290.0,15287.5,3.715944e-06,1.857972e-05,0
15290.0,15295.0,15292.5,6.267754e-06,3.133877e-05,0
15295.0,15300.0,15297.5,2.498334e-06,1.249167e-05,0
15300.0,15305.0,15302.5,3.781836e-06,1.890918e-05,0
15305.0,15310.0,15307.5,3.727382e-06,1.863691e-05,0
15310.0,15315.0,15312.5,6.276598e-06,3.138299e-05,0
15315.0,15320.0,15317.5,4.99116e-06,2.49558e-05,0
15320.0,15325.0,15322.5,2.475348e-06,1.237674e-05,0
15325.0,15330.0,15327.5,7.488264e-06,3.744132e-05,0
15330.0,15335.0,15332.5,2.518072e-06,1.259036e-05,0
15335.0,15340.0,15337.5,3.730286e-06,1.865143e-05,0
15345.0,15350.0,15347.5,2.474484e-06,1.237242e-05,0
15350.0,15355.0,15352.5,2.52956e-06,1.26478e-05,0
15355.0,15360.0,15357.5,1.264782e-06,6.32391e-06,0
15360.0,15365.0,15362.5,3.793328e-06,1.896664e-05,0
15365.0,15370.0,15367.5,3.716596e-06,1.858298e-05,0
15370.0,15375.0,15372.5,2.528232e-06,1.264116e-05,0
15375.0,15380.0,15377.5,5.011538e-06,2.505769e-05,0
15380.0,15385.0,15382.5,5.05544e-06,2.52772e-05,0
15385.0,15390.0,15387.5,2.518072e-06,1.259036e-05,0
15390.0,15395.0,15392.5,3.79168e-06,1.89584e-05,0
15395.0,15400.0,15397.5,3.719474e-06,1.859737e-05,0
15400.0,15405.0,15402.5,3.738248e-06,1.869124e-05,0
15405.0,15410.0,15407.5,2.462992e-06,1.231496e-05,0
15410.0,15415.0,15412.5,6.157594e-06,3.078797e-05,0
15415.0,15420.0,15417.5,5.00358e-06,2.50179e-05,0
15420.0,15425.0,15422.5,3.730286e-06,1.865143e-05,0
15425.0,15430.0,15427.5,4.98851e-06,2.494255e-05,0
15430.0,15435.0,15432.5,1.251956e-06,6.25978e-06,0
15435.0,15440.0,15437.5,3.782142e-06,1.891071e-05,0
15440.0,15445.0,15442.5,6.320222e-06,3.160111e-05,0
15445.0,15450.0,15447.5,2.506894e-06,1.253447e-05,0
15450.0,15455.0,15452.5,4.982548e-06,2.491274e-05,0
15455.0,15460.0,15457.5,3.793014e-06,1.896507e-05,0
15460.0,15465.0,15462.5,1.251956e-06,6.25978e-06,0
15465.0,15470.0,15467.5,4.99207e-06,2.496035e-05,0
15470.0,15475.0,15472.5,1.223392e-06,6.11696e-06,0
15475.0,15480.0,15477.5,1.264782e-06,6.32391e-06,0
15480.0,15485.0,15482.5,3.770342e-06,1.885171e-05,0
15485.0,15490.0,15487.5,3.728418e-06,1.864209e-05,0
15490.0,15495.0,15492.5,4.981928e-06,2.490964e-05,0
15500.0,15505.0,15502.5,2.48459e-06,1.242295e-05,0
15505.0,15510.0,15507.5,3.716798e-06,1.858399e-05,0
15510.0,15515.0,15512.5,3.771362e-06,1.885681e-05,0
15515.0,15520.0,15517.5,8.709452e-06,4.354726e-05,0
15520.0,15525.0,15522.5,2.441002e-06,1.220501e-05,0
15525.0,15530.0,15527.5,2.488174e-06,1.244087e-05,0
15530.0,15535.0,15532.5,5.033994e-06,2.516997e-05,0
15535.0,15540.0,15537.5,1.25329e-06,6.26645e-06,0
15540.0,15545.0,15542.5,2.539724e-06,1.269862e-05,0
15545.0,15550.0,15547.5,2.505246e-06,1.252623e-05,0
15550.0,15555.0,15552.5,4.982242e-06,2.491121e-05,0
15555.0,15560.0,15557.5,3.792194e-06,1.896097e-05,0
15560.0,15565.0,15562.5,3.793014e-06,1.896507e-05,0
15575.0,15580.0,15577.5,3.75885e-06,1.879425e-05,0
15580.0,15585.0,15582.5,6.289092e-06,3.144546e-05,0
15585.0,15590.0,15587.5,2.50658e-06,1.25329e-05,0
15590.0,15595.0,15592.5,2.539724e-06,1.269862e-05,0
15595.0,15600.0,15597.5,2.463838e-06,1.231919e-05,0
15600.0,15605.0,15602.5,3.716596e-06,1.858298e-05,0
15605.0,15610.0,15607.5,1.274942e-06,6.37471e-06,0
15615.0,15620.0,15617.5,3.728088e-06,1.864044e-05,0
15625.0,15630.0,15627.5,5.012822e-06,2.506411e-05,0
15630.0,15635.0,15632.5,3.758536e-06,1.879268e-05,0
15635.0,15640.0,15637.5,1.242314e-06,6.21157e-06,0
15640.0,15645.0,15642.5,3.718996e-06,1.859498e-05,0
15645.0,15650.0,15647.5,6.23215e-06,3.116075e-05,0
15650.0,15655.0,15652.5,2.526898e-06,1.263449e-05,0
15655.0,15660.0,15657.5,2.47348e-06,1.23674e-05,0
15665.0,15670.0,15667.5,1.264782e-06,6.32391e-06,0
15670.0,15675.0,15672.5,2.526898e-06,1.263449e-05,0
15680.0,15685.0,15682.5,2.441002e-06,1.220501e-05,0
15685.0,15690.0,15687.5,2.526898e-06,1.263449e-05,0
15690.0,15695.0,15692.5,6.27682e-06,3.13841e-05,0
15700.0,15705.0,15702.5,2.518072e-06,1.259036e-05,0
15705.0,15710.0,15707.5,1.274942e-06,6.37471e-06,0
15710.0,15715.0,15712.5,1.274942e-06,6.37471e-06,0
15715.0,15720.0,15717.5,6.312994e-06,3.156497e-05,0
15720.0,15725.0,15722.5,8.807306e-06,4.403653e-05,0
15725.0,15730.0,15727.5,1.221524e-06,6.10762e-06,0
15730.0,15735.0,15732.5,2.518386e-06,1.259193e-05,0
15735.0,15740.0,15737.5,6.298574e-06,3.149287e-05,0
15745.0,15750.0,15747.5,2.5072e-06,1.2536e-05,0
15750.0,15755.0,15752.5,1.25329e-06,6.26645e-06,0
15755.0,15760.0,15757.5,2.48459e-06,1.242295e-05,0
15760.0,15765.0,15762.5,1.2313e-06,6.1565e-06,0
15765.0,15770.0,15767.5,1.253604e-06,6.26802e-06,0
15770.0,15775.0,15772.5,3.782038e-06,1.891019e-05,0
15775.0,15780.0,15777.5,1.253604e-06,6.26802e-06,0
15780.0,15785.0,15782.5,1.274942e-06,6.37471e-06,0
15785.0,15790.0,15787.5,1.25329e-06,6.26645e-06,0
15790.0,15795.0,15792.5,2.528232e-06,1.264116e-05,0
15795.0,15800.0,15797.5,2.454692e-06,1.227346e-05,0
15800.0,15805.0,15802.5,1.223392e-06,6.11696e-06,0
15805.0,15810.0,15807.5,3.793014e-06,1.896507e-05,0
15810.0,15815.0,15812.5,2.518386e-06,1.259193e-05,0
15815.0,15820.0,15817.5,5.058106e-06,2.529053e-05,0
15820.0,15825.0,15822.5,4.974476e-06,2.487238e-05,0
15825.0,15830.0,15827.5,1.2313e-06,6.1565e-06,0
15830.0,15835.0,15832.5,2.54988e-06,1.27494e-05,0
15835.0,15840.0,15837.5,1.251956e-06,6.25978e-06,0
15845.0,15850.0,15847.5,3.770342e-06,1.885171e-05,0
15850.0,15855.0,15852.5,3.793014e-06,1.896507e-05,0
15855.0,15860.0,15857.5,4.99342e-06,2.49671e-05,0
15860.0,15865.0,15862.5,1.264782e-06,6.32391e-06,0
15865.0,15870.0,15867.5,1.253604e-06,6.26802e-06,0
15870.0,15875.0,15872.5,3.749514e-06,1.874757e-05,0
15875.0,15880.0,15877.5,2.528232e-06,1.264116e-05,0
15880.0,15885.0,15882.5,2.496466e-06,1.248233e-05,0
15885.0,15890.0,15887.5,3.770342e-06,1.885171e-05,0
15890.0,15895.0,15892.5,3.719474e-06,1.859737e-05,0
15895.0,15900.0,15897.5,5.01415e-06,2.507075e-05,0
15900.0,15905.0,15902.5,5.01214e-06,2.50607e-05,0
15905.0,15910.0,15907.5,3.72644e-06,1.86322e-05,0
15910.0,15915.0,15912.5,2.50392e-06,1.25196e-05,0
15915.0,15920.0,15917.5,2.4626e-06,1.2313e-05,0
15920.0,15925.0,15922.5,1.274942e-06,6.37471e-06,0
15925.0,15930.0,15927.5,2.463306e-06,1.231653e-05,0
15930.0,15935.0,15932.5,5.011488e-06,2.505744e-05,0
15935.0,15940.0,15937.5,3.73788e-06,1.86894e-05,0
15940.0,15945.0,15942.5,2.49427e-06,1.247135e-05,0
15945.0,15950.0,15947.5,2.495918e-06,1.247959e-05,0
15955.0,15960.0,15957.5,1.264782e-06,6.32391e-06,0
15960.0,15965.0,15962.5,2.506242e-06,1.253121e-05,0
15965.0,15970.0,15967.5,2.50556e-06,1.25278e-05,0
15970.0,15975.0,15972.5,1.25329e-06,6.26645e-06,0
15975.0,15980.0,15977.5,2.462992e-06,1.231496e-05,0
15980.0,15985.0,15982.5,4.928172e-06,2.464086e-05,0
15985.0,15990.0,15987.5,1.25329e-06,6.26645e-06,0
15990.0,15995.0,15992.5,3.759156e-06,1.879578e-05,0
15995.0,16000.0,15997.5,3.782142e-06,1.891071e-05,0
16000.0,16005.0,16002.5,2.48459e-06,1.242295e-05,0
16005.0,16010.0,16007.5,4.961892e-06,2.480946e-05,0
16010.0,16015.0,16012.5,3.793328e-06,1.896664e-05,0
16015.0,16020.0,16017.5,2.486306e-06,1.243153e-05,0
16020.0,16025.0,16022.5,3.748038e-06,1.874019e-05,0
16025.0,16030.0,16027.5,2.463306e-06,1.231653e-05,0
16030.0,16035.0,16032.5,3.72862e-06,1.86431e-05,0
16035.0,16040.0,16037.5,2.518072e-06,1.259036e-05,0
16040.0,16045.0,16042.5,6.276922e-06,3.138461e-05,0
16045.0,16050.0,16047.5,1.25329e-06,6.26645e-06,0
16050.0,16055.0,16052.5,1.253604e-06,6.26802e-06,0
16055.0,16060.0,16057.5,2.475128e-06,1.237564e-05,0
16060.0,16065.0,16062.5,2.539724e-06,1.269862e-05,0
16065.0,16070.0,16067.5,1.2313e-06,6.1565e-06,0
16070.0,16075.0,16072.5,1.251956e-06,6.25978e-06,0
16075.0,16080.0,16077.5,3.73788e-06,1.86894e-05,0
16080.0,16085.0,16082.5,2.517256e-06,1.258628e-05,0
16095.0,16100.0,16097.5,2.50556e-06,1.25278e-05,0
16100.0,16105.0,16102.5,5.001328e-06,2.500664e-05,0
16105.0,16110.0,16107.5,1.251956e-06,6.25978e-06,0
16110.0,16115.0,16112.5,6.253292e-06,3.126646e-05,0
16115.0,16120.0,16117.5,2.476996e-06,1.238498e-05,0
16120.0,16125.0,16122.5,8.743158e-06,4.371579e-05,0
16125.0,16130.0,16127.5,5.023836e-06,2.511918e-05,0
16130.0,16135.0,16132.5,3.729972e-06,1.864986e-05,0
16135.0,16140.0,16137.5,1.2313e-06,6.1565e-06,0
16140.0,16145.0,16142.5,1.274942e-06,6.37471e-06,0
16145.0,16150.0,16147.5,3.769212e-06,1.884606e-05,0
16150.0,16155.0,16152.5,3.74756e-06,1.87378e-05,0
16155.0,16160.0,16157.5,3.736546e-06,1.868273e-05,0
16160.0,16165.0,16162.5,1.2313e-06,6.1565e-06,0
16165.0,16170.0,16167.5,2.496082e-06,1.248041e-05,0
16170.0,16175.0,16172.5,2.474484e-06,1.237242e-05,0
16175.0,16180.0,16177.5,2.52956e-06,1.26478e-05,0
16180.0,16185.0,16182.5,1.25329e-06,6.26645e-06,0
16185.0,16190.0,16187.5,1.251956e-06,6.25978e-06,0
16190.0,16195.0,16192.5,1.253604e-06,6.26802e-06,0
16195.0,16200.0,16197.5,1.221524e-06,6.10762e-06,0
16200.0,16205.0,16202.5,1.264782e-06,6.32391e-06,0
16205.0,16210.0,16207.5,1.242314e-06,6.21157e-06,0
16210.0,16215.0,16212.5,3.771676e-06,1.885838e-05,0
16215.0,16220.0,16217.5,2.505246e-06,1.252623e-05,0
16225.0,16230.0,16227.5,1.25329e-06,6.26645e-06,0
16230.0,16235.0,16232.5,1.251956e-06,6.25978e-06,0
16235.0,16240.0,16237.5,2.461658e-06,1.230829e-05,0
16240.0,16245.0,16242.5,3.749208e-06,1.874604e-05,0
16245.0,16250.0,16247.5,1.251956e-06,6.25978e-06,0
16250.0,16255.0,16252.5,2.49427e-06,1.247135e-05,0
16255.0,16260.0,16257.5,3.76086e-06,1.88043e-05,0
16260.0,16265.0,16262.5,3.76049e-06,1.880245e-05,0
16265.0,16270.0,16267.5,2.518072e-06,1.259036e-05,0
16275.0,16280.0,16277.5,7.58367e-06,3.791835e-05,0
16280.0,16285.0,16282.5,2.50392e-06,1.25196e-05,0
16285.0,16290.0,16287.5,1.251956e-06,6.25978e-06,0
16290.0,16295.0,16292.5,2.49427e-06,1.247135e-05,0
16295.0,16300.0,16297.5,1.274942e-06,6.37471e-06,0
16300.0,16305.0,16302.5,5.04415e-06,2.522075e-05,0
16305.0,16310.0,16307.5,7.539716e-06,3.769858e-05,0
16310.0,16315.0,16312.5,1.25329e-06,6.26645e-06,0
16315.0,16320.0,16317.5,1.253604e-06,6.26802e-06,0
16320.0,16325.0,16322.5,3.749426e-06,1.874713e-05,0
16325.0,16330.0,16327.5,2.506242e-06,1.253121e-05,0
16335.0,16340.0,16337.5,1.2313e-06,6.1565e-06,0
16340.0,16345.0,16342.5,4.982014e-06,2.491007e-05,0
16345.0,16350.0,16347.5,1.25329e-06,6.26645e-06,0
16355.0,16360.0,16357.5,2.50556e-06,1.25278e-05,0
16360.0,16365.0,16362.5,1.251956e-06,6.25978e-06,0
16365.0,16370.0,16367.5,5.066618e-06,2.533309e-05,0
16380.0,16385.0,16382.5,2.52956e-06,1.26478e-05,0
16385.0,16390.0,16387.5,2.518386e-06,1.259193e-05,0
16390.0,16395.0,16392.5,1.25329e-06,6.26645e-06,0
16395.0,16400.0,16397.5,2.506894e-06,1.253447e-05,0
16400.0,16405.0,16402.5,2.484904e-06,1.242452e-05,0
16405.0,16410.0,16407.5,2.50556e-06,1.25278e-05,0
16410.0,16415.0,16412.5,1.25329e-06,6.26645e-06,0
16420.0,16425.0,16422.5,5.011016e-06,2.505508e-05,0
16425.0,16430.0,16427.5,2.484904e-06,1.242452e-05,0
16430.0,16435.0,16432.5,1.251956e-06,6.25978e-06,0
16435.0,16440.0,16437.5,3.75029e-06,1.875145e-05,0
16440.0,16445.0,16442.5,5.002976e-06,2.501488e-05,0
16445.0,16450.0,16447.5,1.264782e-06,6.32391e-06,0
16450.0,16455.0,16452.5,2.488174e-06,1.244087e-05,0
16455.0,16460.0,16457.5,3.728418e-06,1.864209e-05,0
16460.0,16465.0,16462.5,1.251956e-06,6.25978e-06,0
16465.0,16470.0,16467.5,1.209702e-06,6.04851e-06,0
16470.0,16475.0,16472.5,2.5072e-06,1.2536e-05,0
16480.0,16485.0,16482.5,1.253604e-06,6.26802e-06,0
16485.0,16490.0,16487.5,3.757524e-06,1.878762e-05,0
16495.0,16500.0,16497.5,6.298574e-06,3.149287e-05,0
16505.0,16510.0,16507.5,2.495918e-06,1.247959e-05,0
16510.0,16515.0,16512.5,3.73686e-06,1.86843e-05,0
16520.0,16525.0,16522.5,1.253604e-06,6.26802e-06,0
16525.0,16530.0,16527.5,5.04497e-06,2.522485e-05,0
16530.0,16535.0,16532.5,1.2313e-06,6.1565e-06,0
16535.0,16540.0,16537.5,2.48459e-06,1.242295e-05,0
16540.0,16545.0,16542.5,5.024314e-06,2.512157e-05,0
16545.0,16550.0,16547.5,1.251956e-06,6.25978e-06,0
16550.0,16555.0,16552.5,1.25329e-06,6.26645e-06,0
16555.0,16560.0,16557.5,1.251956e-06,6.25978e-06,0
16560.0,16565.0,16562.5,1.264782e-06,6.32391e-06,0
16565.0,16570.0,16567.5,1.25329e-06,6.26645e-06,0
16570.0,16575.0,16572.5,3.759156e-06,1.879578e-05,0
16575.0,16580.0,16577.5,1.264782e-06,6.32391e-06,0
16580.0,16585.0,16582.5,2.488174e-06,1.244087e-05,0
16595.0,16600.0,16597.5,1.251956e-06,6.25978e-06,0
16605.0,16610.0,16607.5,2.498334e-06,1.249167e-05,0
16610.0,16615.0,16612.5,1.253604e-06,6.26802e-06,0
16615.0,16620.0,16617.5,3.738262e-06,1.869131e-05,0
16620.0,16625.0,16622.5,1.264782e-06,6.32391e-06,0
16625.0,16630.0,16627.5,1.253604e-06,6.26802e-06,0
16630.0,16635.0,16632.5,2.50556e-06,1.25278e-05,0
16635.0,16640.0,16637.5,4.991552e-06,2.495776e-05,0
16640.0,16645.0,16642.5,3.758198e-06,1.879099e-05,0
16645.0,16650.0,16647.5,2.528232e-06,1.264116e-05,0
16655.0,16660.0,16657.5,3.804502e-06,1.902251e-05,0
16660.0,16665.0,16662.5,2.483256e-06,1.241628e-05,0
16665.0,16670.0,16667.5,1.251956e-06,6.25978e-06,0
16670.0,16675.0,16672.5,3.75885e-06,1.879425e-05,0
16675.0,16680.0,16677.5,3.771024e-06,1.885512e-05,0
16680.0,16685.0,16682.5,1.209702e-06,6.04851e-06,0
16690.0,16695.0,16692.5,6.287082e-06,3.143541e-05,0
16695.0,16700.0,16697.5,2.5072e-06,1.2536e-05,0
16700.0,16705.0,16702.5,1.253604e-06,6.26802e-06,0
16705.0,16710.0,16707.5,3.770546e-06,1.885273e-05,0
16715.0,16720.0,16717.5,2.518072e-06,1.259036e-05,0
16725.0,16730.0,16727.5,3.763116e-06,1.881558e-05,0
16730.0,16735.0,16732.5,2.528232e-06,1.264116e-05,0
16735.0,16740.0,16737.5,3.759532e-06,1.879766e-05,0
16740.0,16745.0,16742.5,4.993734e-06,2.496867e-05,0
16750.0,16755.0,16752.5,2.462992e-06,1.231496e-05,0
16755.0,16760.0,16757.5,2.506894e-06,1.253447e-05,0
16760.0,16765.0,16762.5,2.475348e-06,1.237674e-05,0
16765.0,16770.0,16767.5,3.792194e-06,1.896097e-05,0
16775.0,16780.0,16777.5,2.476682e-06,1.238341e-05,0
16785.0,16790.0,16787.5,1.274942e-06,6.37471e-06,0
16790.0,16795.0,16792.5,1.253604e-06,6.26802e-06,0
16795.0,16800.0,16797.5,1.274942e-06,6.37471e-06,0
16800.0,16805.0,16802.5,1.25329e-06,6.26645e-06,0
16805.0,16810.0,16807.5,1.264782e-06,6.32391e-06,0
16810.0,16815.0,16812.5,5.033478e-06,2.516739e-05,0
16815.0,16820.0,16817.5,5.023836e-06,2.511918e-05,0
16820.0,16825.0,16822.5,2.498334e-06,1.249167e-05,0
16825.0,16830.0,16827.5,2.516738e-06,1.258369e-05,0
16830.0,16835.0,16832.5,2.48459e-06,1.242295e-05,0
16835.0,16840.0,16837.5,6.226674e-06,3.113337e-05,0
16845.0,16850.0,16847.5,2.54988e-06,1.27494e-05,0
16855.0,16860.0,16857.5,5.046618e-06,2.523309e-05,0
16860.0,16865.0,16862.5,2.505246e-06,1.252623e-05,0
16865.0,16870.0,16867.5,1.251956e-06,6.25978e-06,0
16870.0,16875.0,16872.5,1.251956e-06,6.25978e-06,0
16875.0,16880.0,16877.5,2.441002e-06,1.220501e-05,0
16880.0,16885.0,16882.5,3.717128e-06,1.858564e-05,0
16885.0,16890.0,16887.5,5.016406e-06,2.508203e-05,0
16890.0,16895.0,16892.5,3.708296e-06,1.854148e-05,0
16895.0,16900.0,16897.5,3.759156e-06,1.879578e-05,0
16900.0,16905.0,16902.5,2.54988e-06,1.27494e-05,0
16905.0,16910.0,16907.5,1.253604e-06,6.26802e-06,0
16915.0,16920.0,16917.5,4.990352e-06,2.495176e-05,0
16920.0,16925.0,16922.5,8.794298e-06,4.397149e-05,0
16925.0,16930.0,16927.5,2.528546e-06,1.264273e-05,0
16930.0,16935.0,16932.5,1.223392e-06,6.11696e-06,0
16935.0,16940.0,16937.5,1.253604e-06,6.26802e-06,0
16940.0,16945.0,16942.5,2.495604e-06,1.247802e-05,0
16945.0,16950.0,16947.5,4.99015e-06,2.495075e-05,0
16950.0,16955.0,16952.5,2.54988e-06,1.27494e-05,0
16955.0,16960.0,16957.5,3.770028e-06,1.885014e-05,0
16960.0,16965.0,16962.5,2.462992e-06,1.231496e-05,0
16965.0,16970.0,16967.5,1.242314e-06,6.21157e-06,0
16970.0,16975.0,16972.5,3.738194e-06,1.869097e-05,0
16975.0,16980.0,16977.5,2.526898e-06,1.263449e-05,0
16980.0,16985.0,16982.5,7.552054e-06,3.776027e-05,0
16985.0,16990.0,16987.5,3.749402e-06,1.874701e-05,0
16990.0,16995.0,16992.5,1.274942e-06,6.37471e-06,0
16995.0,17000.0,16997.5,1.251956e-06,6.25978e-06,0
17000.0,17005.0,17002.5,2.505246e-06,1.252623e-05,0
17005.0,17010.0,17007.5,3.770342e-06,1.885171e-05,0
17010.0,17015.0,17012.5,1.264782e-06,6.32391e-06,0
17015.0,17020.0,17017.5,2.4626e-06,1.2313e-05,0
17020.0,17025.0,17022.5,1.2313e-06,6.1565e-06,0
17025.0,17030.0,17027.5,1.251956e-06,6.25978e-06,0
17030.0,17035.0,17032.5,1.25329e-06,6.26645e-06,0
17035.0,17040.0,17037.5,6.223812e-06,3.111906e-05,0
17040.0,17045.0,17042.5,1.221524e-06,6.10762e-06,0
17045.0,17050.0,17047.5,2.528232e-06,1.264116e-05,0
17050.0,17055.0,17052.5,2.484644e-06,1.242322e-05,0
17055.0,17060.0,17057.5,3.793328e-06,1.896664e-05,0
17060.0,17065.0,17062.5,2.506894e-06,1.253447e-05,0
17065.0,17070.0,17067.5,3.694606e-06,1.847303e-05,0
17070.0,17075.0,17072.5,2.528232e-06,1.264116e-05,0
17075.0,17080.0,17077.5,3.708036e-06,1.854018e-05,0
17080.0,17085.0,17082.5,8.795296e-06,4.397648e-05,0
17085.0,17090.0,17087.5,2.526898e-06,1.263449e-05,0
17090.0,17095.0,17092.5,3.770028e-06,1.885014e-05,0
17095.0,17100.0,17097.5,1.223392e-06,6.11696e-06,0
17100.0,17105.0,17102.5,2.463306e-06,1.231653e-05,0
17105.0,17110.0,17107.5,1.274942e-06,6.37471e-06,0
17110.0,17115.0,17112.5,2.528232e-06,1.264116e-05,0
17115.0,17120.0,17117.5,2.518072e-06,1.259036e-05,0
17120.0,17125.0,17122.5,1.274942e-06,6.37471e-06,0
17125.0,17130.0,17127.5,1.274942e-06,6.37471e-06,0
17130.0,17135.0,17132.5,1.253604e-06,6.26802e-06,0
17135.0,17140.0,17137.5,2.463838e-06,1.231919e-05,0
17140.0,17145.0,17142.5,5.078424e-06,2.539212e-05,0
17145.0,17150.0,17147.5,1.2313e-06,6.1565e-06,0
17150.0,17155.0,17152.5,1.253604e-06,6.26802e-06,0
17160.0,17165.0,17162.5,3.803484e-06,1.901742e-05,0
17165.0,17170.0,17167.5,3.780502e-06,1.890251e-05,0
17170.0,17175.0,17172.5,1.253604e-06,6.26802e-06,0
17180.0,17185.0,17182.5,3.7366e-06,1.8683e-05,0
17185.0,17190.0,17187.5,3.757524e-06,1.878762e-05,0
17190.0,17195.0,17192.5,2.506242e-06,1.253121e-05,0
17200.0,17205.0,17202.5,1.25329e-06,6.26645e-06,0
17215.0,17220.0,17217.5,7.596496e-06,3.798248e-05,0
17225.0,17230.0,17227.5,1.242314e-06,6.21157e-06,0
17235.0,17240.0,17237.5,2.441002e-06,1.220501e-05,0
17240.0,17245.0,17242.5,4.992094e-06,2.496047e-05,0
17245.0,17250.0,17247.5,2.486306e-06,1.243153e-05,0
17250.0,17255.0,17252.5,1.274942e-06,6.37471e-06,0
17255.0,17260.0,17257.5,2.505246e-06,1.252623e-05,0
17260.0,17265.0,17262.5,6.208834e-06,3.104417e-05,0
17265.0,17270.0,17267.5,2.506894e-06,1.253447e-05,0
17270.0,17275.0,17272.5,1.264782e-06,6.32391e-06,0
17275.0,17280.0,17277.5,1.253604e-06,6.26802e-06,0
17280.0,17285.0,17282.5,2.475348e-06,1.237674e-05,0
17285.0,17290.0,17287.5,3.783164e-06,1.891582e-05,0
17290.0,17295.0,17292.5,2.48462e-06,1.24231e-05,0
17295.0,17300.0,17297.5,2.518072e-06,1.259036e-05,0
17300.0,17305.0,17302.5,5.04497e-06,2.522485e-05,0
17305.0,17310.0,17307.5,1.25329e-06,6.26645e-06,0
17310.0,17315.0,17312.5,2.50392e-06,1.25196e-05,0
17315.0,17320.0,17317.5,1.25329e-06,6.26645e-06,0
17320.0,17325.0,17322.5,3.781836e-06,1.890918e-05,0
17325.0,17330.0,17327.5,2.483256e-06,1.241628e-05,0
17330.0,17335.0,17332.5,1.264782e-06,6.32391e-06,0
17335.0,17340.0,17337.5,2.516738e-06,1.258369e-05,0
17340.0,17345.0,17342.5,3.792194e-06,1.896097e-05,0
17345.0,17350.0,17347.5,2.506242e-06,1.253121e-05,0
17350.0,17355.0,17352.5,2.528546e-06,1.264273e-05,0
17355.0,17360.0,17357.5,2.495604e-06,1.247802e-05,0
17360.0,17365.0,17362.5,1.25329e-06,6.26645e-06,0
17365.0,17370.0,17367.5,1.251956e-06,6.25978e-06,0
17370.0,17375.0,17372.5,2.518386e-06,1.259193e-05,0
17375.0,17380.0,17377.5,1.253604e-06,6.26802e-06,0
17380.0,17385.0,17382.5,2.528232e-06,1.264116e-05,0
17385.0,17390.0,17387.5,2.473614e-06,1.236807e-05,0
17390.0,17395.0,17392.5,1.25329e-06,6.26645e-06,0
17395.0,17400.0,17397.5,1.274942e-06,6.37471e-06,0
17400.0,17405.0,17402.5,1.274942e-06,6.37471e-06,0
17405.0,17410.0,17407.5,2.498334e-06,1.249167e-05,0
17410.0,17415.0,17412.5,3.793328e-06,1.896664e-05,0
17415.0,17420.0,17417.5,1.264782e-06,6.32391e-06,0
17420.0,17425.0,17422.5,3.75885e-06,1.879425e-05,0
17430.0,17435.0,17432.5,3.749686e-06,1.874843e-05,0
17435.0,17440.0,17437.5,6.236834e-06,3.118417e-05,0
17440.0,17445.0,17442.5,3.814662e-06,1.907331e-05,0
17445.0,17450.0,17447.5,1.264782e-06,6.32391e-06,0
17450.0,17455.0,17452.5,1.221524e-06,6.10762e-06,0
17460.0,17465.0,17462.5,2.496466e-06,1.248233e-05,0
17470.0,17475.0,17472.5,2.486306e-06,1.243153e-05,0
17475.0,17480.0,17477.5,5.023632e-06,2.511816e-05,0
17480.0,17485.0,17482.5,2.474814e-06,1.237407e-05,0
17485.0,17490.0,17487.5,3.771362e-06,1.885681e-05,0
17490.0,17495.0,17492.5,1.2313e-06,6.1565e-06,0
17495.0,17500.0,17497.5,1.223392e-06,6.11696e-06,0
17500.0,17505.0,17502.5,3.780188e-06,1.890094e-05,0
17515.0,17520.0,17517.5,1.253604e-06,6.26802e-06,0
17520.0,17525.0,17522.5,1.274942e-06,6.37471e-06,0
17525.0,17530.0,17527.5,1.264782e-06,6.32391e-06,0
17530.0,17535.0,17532.5,2.495604e-06,1.247802e-05,0
17535.0,17540.0,17537.5,2.483256e-06,1.241628e-05,0
17540.0,17545.0,17542.5,1.274942e-06,6.37471e-06,0
17545.0,17550.0,17547.5,1.274942e-06,6.37471e-06,0
17550.0,17555.0,17552.5,1.221524e-06,6.10762e-06,0
17555.0,17560.0,17557.5,1.253604e-06,6.26802e-06,0
17565.0,17570.0,17567.5,2.48459e-06,1.242295e-05,0
17575.0,17580.0,17577.5,2.498334e-06,1.249167e-05,0
17580.0,17585.0,17582.5,2.50556e-06,1.25278e-05,0
17585.0,17590.0,17587.5,3.801836e-06,1.900918e-05,0
17590.0,17595.0,17592.5,3.781836e-06,1.890918e-05,0
17595.0,17600.0,17597.5,1.264782e-06,6.32391e-06,0
17600.0,17605.0,17602.5,1.274942e-06,6.37471e-06,0
17605.0,17610.0,17607.5,5.01672e-06,2.50836e-05,0
17610.0,17615.0,17612.5,2.454692e-06,1.227346e-05,0
17615.0,17620.0,17617.5,2.505246e-06,1.252623e-05,0
17620.0,17625.0,17622.5,1.264782e-06,6.32391e-06,0
17625.0,17630.0,17627.5,2.496466e-06,1.248233e-05,0
17630.0,17635.0,17632.5,1.251956e-06,6.25978e-06,0
17635.0,17640.0,17637.5,1.25329e-06,6.26645e-06,0
17640.0,17645.0,17642.5,1.251956e-06,6.25978e-06,0
17650.0,17655.0,17652.5,6.251778e-06,3.125889e-05,0
17655.0,17660.0,17657.5,1.242314e-06,6.21157e-06,0
17665.0,17670.0,17667.5,2.505246e-06,1.252623e-05,0
17670.0,17675.0,17672.5,1.251956e-06,6.25978e-06,0
17675.0,17680.0,17677.5,3.79168e-06,1.89584e-05,0
17680.0,17685.0,17682.5,1.274942e-06,6.37471e-06,0
17685.0,17690.0,17687.5,3.763116e-06,1.881558e-05,0
17690.0,17695.0,17692.5,2.454692e-06,1.227346e-05,0
17695.0,17700.0,17697.5,1.274942e-06,6.37471e-06,0
17700.0,17705.0,17702.5,5.034522e-06,2.517261e-05,0
17705.0,17710.0,17707.5,3.760184e-06,1.880092e-05,0
17715.0,17720.0,17717.5,3.751624e-06,1.875812e-05,0
17720.0,17725.0,17722.5,1.264782e-06,6.32391e-06,0
17725.0,17730.0,17727.5,1.25329e-06,6.26645e-06,0
17730.0,17735.0,17732.5,2.507096e-06,1.253548e-05,0
17735.0,17740.0,17737.5,2.476996e-06,1.238498e-05,0
17740.0,17745.0,17742.5,3.75029e-06,1.875145e-05,0
17745.0,17750.0,17747.5,1.209702e-06,6.04851e-06,0
17750.0,17755.0,17752.5,2.506242e-06,1.253121e-05,0
17755.0,17760.0,17757.5,2.506894e-06,1.253447e-05,0
17760.0,17765.0,17762.5,1.2313e-06,6.1565e-06,0
17765.0,17770.0,17767.5,1.253604e-06,6.26802e-06,0
17770.0,17775.0,17772.5,1.25329e-06,6.26645e-06,0
17780.0,17785.0,17782.5,2.48459e-06,1.242295e-05,0
17785.0,17790.0,17787.5,7.487142e-06,3.743571e-05,0
17790.0,17795.0,17792.5,2.498334e-06,1.249167e-05,0
17795.0,17800.0,17797.5,2.475348e-06,1.237674e-05,0
17800.0,17805.0,17802.5,1.264782e-06,6.32391e-06,0
17805.0,17810.0,17807.5,4.951158e-06,2.475579e-05,0
17810.0,17815.0,17812.5,1.253604e-06,6.26802e-06,0
17815.0,17820.0,17817.5,1.209702e-06,6.04851e-06,0
17820.0,17825.0,17822.5,1.2313e-06,6.1565e-06,0
17825.0,17830.0,17827.5,2.518386e-06,1.259193e-05,0
17830.0,17835.0,17832.5,2.488174e-06,1.244087e-05,0
17850.0,17855.0,17852.5,1.253604e-06,6.26802e-06,0
17855.0,17860.0,17857.5,2.483256e-06,1.241628e-05,0
17865.0,17870.0,17867.5,1.25329e-06,6.26645e-06,0
17875.0,17880.0,17877.5,2.528546e-06,1.264273e-05,0
17880.0,17885.0,17882.5,1.242314e-06,6.21157e-06,0
17895.0,17900.0,17897.5,3.75007e-06,1.875035e-05,0
17900.0,17905.0,17902.5,2.518072e-06,1.259036e-05,0
17905.0,17910.0,17907.5,1.264782e-06,6.32391e-06,0
17915.0,17920.0,17917.5,1.25329e-06,6.26645e-06,0
17925.0,17930.0,17927.5,1.25329e-06,6.26645e-06,0
17930.0,17935.0,17932.5,1.25329e-06,6.26645e-06,0
17935.0,17940.0,17937.5,2.518072e-06,1.259036e-05,0
17940.0,17945.0,17942.5,4.991224e-06,2.495612e-05,0
17945.0,17950.0,17947.5,1.242314e-06,6.21157e-06,0
17950.0,17955.0,17952.5,1.223392e-06,6.11696e-06,0
17960.0,17965.0,17962.5,1.251956e-06,6.25978e-06,0
17970.0,17975.0,17972.5,1.25329e-06,6.26645e-06,0
17985.0,17990.0,17987.5,1.253604e-06,6.26802e-06,0
17995.0,18000.0,17997.5,2.54988e-06,1.27494e-05,0
18005.0,18010.0,18007.5,3.814662e-06,1.907331e-05,0
18010.0,18015.0,18012.5,3.760386e-06,1.880193e-05,0
18020.0,18025.0,18022.5,4.988824e-06,2.494412e-05,0
18030.0,18035.0,18032.5,1.242314e-06,6.21157e-06,0
18035.0,18040.0,18037.5,1.25329e-06,6.26645e-06,0
18040.0,18045.0,18042.5,5.01399e-06,2.506995e-05,0
18045.0,18050.0,18047.5,1.251956e-06,6.25978e-06,0
18050.0,18055.0,18052.5,2.54988e-06,1.27494e-05,0
18055.0,18060.0,18057.5,6.273932e-06,3.136966e-05,0
18060.0,18065.0,18062.5,1.242314e-06,6.21157e-06,0
18085.0,18090.0,18087.5,2.498334e-06,1.249167e-05,0
18095.0,18100.0,18097.5,1.253604e-06,6.26802e-06,0
18100.0,18105.0,18102.5,1.223392e-06,6.11696e-06,0
18105.0,18110.0,18107.5,1.25329e-06,6.26645e-06,0
18110.0,18115.0,18112.5,1.264782e-06,6.32391e-06,0
18115.0,18120.0,18117.5,3.72557e-06,1.862785e-05,0
18120.0,18125.0,18122.5,2.528232e-06,1.264116e-05,0
18125.0,18130.0,18127.5,3.770028e-06,1.885014e-05,0
18135.0,18140.0,18137.5,2.506894e-06,1.253447e-05,0
18140.0,18145.0,18142.5,3.780188e-06,1.890094e-05,0
18145.0,18150.0,18147.5,3.705306e-06,1.852653e-05,0
18150.0,18155.0,18152.5,1.25329e-06,6.26645e-06,0
18155.0,18160.0,18157.5,3.726904e-06,1.863452e-05,0
18165.0,18170.0,18167.5,6.232644e-06,3.116322e-05,0
18170.0,18175.0,18172.5,5.032152e-06,2.516076e-05,0
18175.0,18180.0,18177.5,2.496082e-06,1.248041e-05,0
18185.0,18190.0,18187.5,1.274942e-06,6.37471e-06,0
18190.0,18195.0,18192.5,2.496082e-06,1.248041e-05,0
18195.0,18200.0,18197.5,2.50556e-06,1.25278e-05,0
18200.0,18205.0,18202.5,2.48459e-06,1.242295e-05,0
18205.0,18210.0,18207.5,2.518072e-06,1.259036e-05,0
18210.0,18215.0,18212.5,2.495604e-06,1.247802e-05,0
18225.0,18230.0,18227.5,2.518072e-06,1.259036e-05,0
18235.0,18240.0,18237.5,3.739596e-06,1.869798e-05,0
18240.0,18245.0,18242.5,2.518072e-06,1.259036e-05,0
18245.0,18250.0,18247.5,3.781522e-06,1.890761e-05,0
18250.0,18255.0,18252.5,3.780188e-06,1.890094e-05,0
18255.0,18260.0,18257.5,6.33273e-06,3.166365e-05,0
18260.0,18265.0,18262.5,2.454692e-06,1.227346e-05,0
18270.0,18275.0,18272.5,1.253604e-06,6.26802e-06,0
18275.0,18280.0,18277.5,1.274942e-06,6.37471e-06,0
18280.0,18285.0,18282.5,2.516738e-06,1.258369e-05,0
18285.0,18290.0,18287.5,1.25329e-06,6.26645e-06,0
18290.0,18295.0,18292.5,3.727774e-06,1.863887e-05,0
18295.0,18300.0,18297.5,2.495604e-06,1.247802e-05,0
18305.0,18310.0,18307.5,2.48459e-06,1.242295e-05,0
18310.0,18315.0,18312.5,3.758198e-06,1.879099e-05,0
18320.0,18325.0,18322.5,3.781836e-06,1.890918e-05,0
18325.0,18330.0,18327.5,2.528546e-06,1.264273e-05,0
18330.0,18335.0,18332.5,1.274942e-06,6.37471e-06,0
18345.0,18350.0,18347.5,1.253604e-06,6.26802e-06,0
18355.0,18360.0,18357.5,2.506894e-06,1.253447e-05,0
18360.0,18365.0,18362.5,1.242314e-06,6.21157e-06,0
18365.0,18370.0,18367.5,3.804502e-06,1.902251e-05,0
18375.0,18380.0,18377.5,4.969548e-06,2.484774e-05,0
18380.0,18385.0,18382.5,3.751624e-06,1.875812e-05,0
18390.0,18395.0,18392.5,1.264782e-06,6.32391e-06,0
18395.0,18400.0,18397.5,3.770342e-06,1.885171e-05,0
18400.0,18405.0,18402.5,1.25329e-06,6.26645e-06,0
18405.0,18410.0,18407.5,1.274942e-06,6.37471e-06,0
18410.0,18415.0,18412.5,2.518072e-06,1.259036e-05,0
18415.0,18420.0,18417.5,5.001328e-06,2.500664e-05,0
18420.0,18425.0,18422.5,5.025272e-06,2.512636e-05,0
18430.0,18435.0,18432.5,2.526898e-06,1.263449e-05,0
18435.0,18440.0,18437.5,1.242314e-06,6.21157e-06,0
18440.0,18445.0,18442.5,1.25329e-06,6.26645e-06,0
18445.0,18450.0,18447.5,1.274942e-06,6.37471e-06,0
18450.0,18455.0,18452.5,1.2313e-06,6.1565e-06,0
18455.0,18460.0,18457.5,2.461658e-06,1.230829e-05,0
18465.0,18470.0,18467.5,5.032152e-06,2.516076e-05,0
18470.0,18475.0,18472.5,5.023632e-06,2.511816e-05,0
18475.0,18480.0,18477.5,2.484644e-06,1.242322e-05,0
18480.0,18485.0,18482.5,2.518072e-06,1.259036e-05,0
18485.0,18490.0,18487.5,1.274942e-06,6.37471e-06,0
18490.0,18495.0,18492.5,1.274942e-06,6.37471e-06,0
18495.0,18500.0,18497.5,2.518386e-06,1.259193e-05,0
18500.0,18505.0,18502.5,4.952116e-06,2.476058e-05,0
18505.0,18510.0,18507.5,1.253604e-06,6.26802e-06,0
18515.0,18520.0,18517.5,1.253604e-06,6.26802e-06,0
18520.0,18525.0,18522.5,3.758198e-06,1.879099e-05,0
18525.0,18530.0,18527.5,1.274942e-06,6.37471e-06,0
18530.0,18535.0,18532.5,2.506894e-06,1.253447e-05,0
18535.0,18540.0,18537.5,1.2313e-06,6.1565e-06,0
18540.0,18545.0,18542.5,5.032152e-06,2.516076e-05,0
18545.0,18550.0,18547.5,1.274942e-06,6.37471e-06,0
18560.0,18565.0,18562.5,5.09976e-06,2.54988e-05,0
18565.0,18570.0,18567.5,1.274942e-06,6.37471e-06,0
18570.0,18575.0,18572.5,1.2313e-06,6.1565e-06,0
18575.0,18580.0,18577.5,1.251956e-06,6.25978e-06,0
18580.0,18585.0,18582.5,1.221524e-06,6.10762e-06,0
18585.0,18590.0,18587.5,1.274942e-06,6.37471e-06,0
18590.0,18595.0,18592.5,1.264782e-06,6.32391e-06,0
18600.0,18605.0,18602.5,2.462992e-06,1.231496e-05,0
18605.0,18610.0,18607.5,4.99018e-06,2.49509e-05,0
18615.0,18620.0,18617.5,1.25329e-06,6.26645e-06,0
18625.0,18630.0,18627.5,2.506894e-06,1.253447e-05,0
18630.0,18635.0,18632.5,2.518072e-06,1.259036e-05,0
18640.0,18645.0,18642.5,2.50392e-06,1.25196e-05,0
18650.0,18655.0,18652.5,3.771362e-06,1.885681e-05,0
18655.0,18660.0,18657.5,2.518386e-06,1.259193e-05,0
18660.0,18665.0,18662.5,2.506894e-06,1.253447e-05,0
18670.0,18675.0,18672.5,1.25329e-06,6.26645e-06,0
18680.0,18685.0,18682.5,3.697006e-06,1.848503e-05,0
18685.0,18690.0,18687.5,3.73788e-06,1.86894e-05,0
18700.0,18705.0,18702.5,1.25329e-06,6.26645e-06,0
18705.0,18710.0,18707.5,2.539724e-06,1.269862e-05,0
18710.0,18715.0,18712.5,4.983882e-06,2.491941e-05,0
18715.0,18720.0,18717.5,1.264782e-06,6.32391e-06,0
18720.0,18725.0,18722.5,2.50658e-06,1.25329e-05,0
18730.0,18735.0,18732.5,1.25329e-06,6.26645e-06,0
18735.0,18740.0,18737.5,1.25329e-06,6.26645e-06,0
18740.0,18745.0,18742.5,1.251956e-06,6.25978e-06,0
18750.0,18755.0,18752.5,3.751938e-06,1.875969e-05,0
18755.0,18760.0,18757.5,1.25329e-06,6.26645e-06,0
18760.0,18765.0,18762.5,2.5072e-06,1.2536e-05,0
18770.0,18775.0,18772.5,2.49427e-06,1.247135e-05,0
18775.0,18780.0,18777.5,1.253604e-06,6.26802e-06,0
18790.0,18795.0,18792.5,2.505246e-06,1.252623e-05,0
18795.0,18800.0,18797.5,1.25329e-06,6.26645e-06,0
18810.0,18815.0,18812.5,5.002976e-06,2.501488e-05,0
18815.0,18820.0,18817.5,2.48459e-06,1.242295e-05,0
18820.0,18825.0,18822.5,1.2313e-06,6.1565e-06,0
18825.0,18830.0,18827.5,1.251956e-06,6.25978e-06,0
18830.0,18835.0,18832.5,3.758198e-06,1.879099e-05,0
18845.0,18850.0,18847.5,2.50556e-06,1.25278e-05,0
18850.0,18855.0,18852.5,2.506894e-06,1.253447e-05,0
18855.0,18860.0,18857.5,1.25329e-06,6.26645e-06,0
18860.0,18865.0,18862.5,1.264782e-06,6.32391e-06,0
18865.0,18870.0,18867.5,1.25329e-06,6.26645e-06,0
18870.0,18875.0,18872.5,3.771676e-06,1.885838e-05,0
18875.0,18880.0,18877.5,1.264782e-06,6.32391e-06,0
18880.0,18885.0,18882.5,1.253604e-06,6.26802e-06,0
18890.0,18895.0,18892.5,1.274942e-06,6.37471e-06,0
18895.0,18900.0,18897.5,1.242314e-06,6.21157e-06,0
18900.0,18905.0,18902.5,2.50658e-06,1.25329e-05,0
18910.0,18915.0,18912.5,1.221524e-06,6.10762e-06,0
18915.0,18920.0,18917.5,1.242314e-06,6.21157e-06,0
18920.0,18925.0,18922.5,1.264782e-06,6.32391e-06,0
18925.0,18930.0,18927.5,1.2313e-06,6.1565e-06,0
18930.0,18935.0,18932.5,3.759532e-06,1.879766e-05,0
18950.0,18955.0,18952.5,5.013136e-06,2.506568e-05,0
18955.0,18960.0,18957.5,2.475128e-06,1.237564e-05,0
18970.0,18975.0,18972.5,1.223392e-06,6.11696e-06,0
18975.0,18980.0,18977.5,2.462992e-06,1.231496e-05,0
18985.0,18990.0,18987.5,1.253604e-06,6.26802e-06,0
18990.0,18995.0,18992.5,1.25329e-06,6.26645e-06,0
18995.0,19000.0,18997.5,2.52956e-06,1.26478e-05,0
19000.0,19005.0,19002.5,1.274942e-06,6.37471e-06,0
19005.0,19010.0,19007.5,2.495604e-06,1.247802e-05,0
19010.0,19015.0,19012.5,1.274942e-06,6.37471e-06,0
19015.0,19020.0,19017.5,3.727766e-06,1.863883e-05,0
19020.0,19025.0,19022.5,2.505246e-06,1.252623e-05,0
19025.0,19030.0,19027.5,1.264782e-06,6.32391e-06,0
19030.0,19035.0,19032.5,3.770342e-06,1.885171e-05,0
19035.0,19040.0,19037.5,1.253604e-06,6.26802e-06,0
19045.0,19050.0,19047.5,3.76049e-06,1.880245e-05,0
19050.0,19055.0,19052.5,1.209702e-06,6.04851e-06,0
19060.0,19065.0,19062.5,2.505246e-06,1.252623e-05,0
19065.0,19070.0,19067.5,1.274942e-06,6.37471e-06,0
19070.0,19075.0,19072.5,1.221524e-06,6.10762e-06,0
19080.0,19085.0,19082.5,3.715794e-06,1.857897e-05,0
19085.0,19090.0,19087.5,1.274942e-06,6.37471e-06,0
19100.0,19105.0,19102.5,2.528232e-06,1.264116e-05,0
19105.0,19110.0,19107.5,2.475348e-06,1.237674e-05,0
19110.0,19115.0,19112.5,1.253604e-06,6.26802e-06,0
19115.0,19120.0,19117.5,1.264782e-06,6.32391e-06,0
19120.0,19125.0,19122.5,3.716204e-06,1.858102e-05,0
19125.0,19130.0,19127.5,1.251956e-06,6.25978e-06,0
19130.0,19135.0,19132.5,5.034098e-06,2.517049e-05,0
19135.0,19140.0,19137.5,2.486306e-06,1.243153e-05,0
19140.0,19145.0,19142.5,1.2313e-06,6.1565e-06,0
19145.0,19150.0,19147.5,2.539724e-06,1.269862e-05,0
19150.0,19155.0,19152.5,2.50556e-06,1.25278e-05,0
19155.0,19160.0,19157.5,5.000002e-06,2.500001e-05,0
19160.0,19165.0,19162.5,2.463306e-06,1.231653e-05,0
19165.0,19170.0,19167.5,3.758536e-06,1.879268e-05,0
19175.0,19180.0,19177.5,1.25329e-06,6.26645e-06,0
19180.0,19185.0,19182.5,2.496082e-06,1.248041e-05,0
19185.0,19190.0,19187.5,2.54988e-06,1.27494e-05,0
19190.0,19195.0,19192.5,1.223392e-06,6.11696e-06,0
19195.0,19200.0,19197.5,2.506894e-06,1.253447e-05,0
19205.0,19210.0,19207.5,1.264782e-06,6.32391e-06,0
19210.0,19215.0,19212.5,2.528546e-06,1.264273e-05,0
19215.0,19220.0,19217.5,1.264782e-06,6.32391e-06,0
19225.0,19230.0,19227.5,4.980194e-06,2.490097e-05,0
19230.0,19235.0,19232.5,3.780188e-06,1.890094e-05,0
19235.0,19240.0,19237.5,3.782142e-06,1.891071e-05,0
19240.0,19245.0,19242.5,2.476996e-06,1.238498e-05,0
19245.0,19250.0,19247.5,3.771676e-06,1.885838e-05,0
19250.0,19255.0,19252.5,1.253604e-06,6.26802e-06,0
19255.0,19260.0,19257.5,1.251956e-06,6.25978e-06,0
19260.0,19265.0,19262.5,1.253604e-06,6.26802e-06,0
19270.0,19275.0,19272.5,2.526898e-06,1.263449e-05,0
19290.0,19295.0,19292.5,1.253604e-06,6.26802e-06,0
19300.0,19305.0,19302.5,1.251956e-06,6.25978e-06,0
19305.0,19310.0,19307.5,1.242314e-06,6.21157e-06,0
19310.0,19315.0,19312.5,3.72557e-06,1.862785e-05,0
19325.0,19330.0,19327.5,3.781836e-06,1.890918e-05,0
19330.0,19335.0,19332.5,1.25329e-06,6.26645e-06,0
19340.0,19345.0,19342.5,1.25329e-06,6.26645e-06,0
19345.0,19350.0,19347.5,2.506894e-06,1.253447e-05,0
19350.0,19355.0,19352.5,2.483256e-06,1.241628e-05,0
19355.0,19360.0,19357.5,2.483256e-06,1.241628e-05,0
19360.0,19365.0,19362.5,2.50658e-06,1.25329e-05,0
19365.0,19370.0,19367.5,2.506894e-06,1.253447e-05,0
19370.0,19375.0,19372.5,3.7385e-06,1.86925e-05,0
19375.0,19380.0,19377.5,3.730286e-06,1.865143e-05,0
19380.0,19385.0,19382.5,2.505246e-06,1.252623e-05,0
19385.0,19390.0,19387.5,1.221524e-06,6.10762e-06,0
19390.0,19395.0,19392.5,4.990736e-06,2.495368e-05,0
19395.0,19400.0,19397.5,2.506894e-06,1.253447e-05,0
19405.0,19410.0,19407.5,1.264782e-06,6.32391e-06,0
19410.0,19415.0,19412.5,1.223392e-06,6.11696e-06,0
19415.0,19420.0,19417.5,1.264782e-06,6.32391e-06,0
19420.0,19425.0,19422.5,1.209702e-06,6.04851e-06,0
19430.0,19435.0,19432.5,2.506894e-06,1.253447e-05,0
19440.0,19445.0,19442.5,1.25329e-06,6.26645e-06,0
19450.0,19455.0,19452.5,2.539724e-06,1.269862e-05,0
19460.0,19465.0,19462.5,2.50392e-06,1.25196e-05,0
19465.0,19470.0,19467.5,5.0105e-06,2.50525e-05,0
19470.0,19475.0,19472.5,1.251956e-06,6.25978e-06,0
19475.0,19480.0,19477.5,3.760386e-06,1.880193e-05,0
19480.0,19485.0,19482.5,1.253604e-06,6.26802e-06,0
19485.0,19490.0,19487.5,2.48459e-06,1.242295e-05,0
19495.0,19500.0,19497.5,1.25329e-06,6.26645e-06,0
19500.0,19505.0,19502.5,3.770342e-06,1.885171e-05,0
19505.0,19510.0,19507.5,2.496082e-06,1.248041e-05,0
19510.0,19515.0,19512.5,2.526898e-06,1.263449e-05,0
19515.0,19520.0,19517.5,1.25329e-06,6.26645e-06,0
19520.0,19525.0,19522.5,3.780188e-06,1.890094e-05,0
19525.0,19530.0,19527.5,1.253604e-06,6.26802e-06,0
19535.0,19540.0,19537.5,1.25329e-06,6.26645e-06,0
19540.0,19545.0,19542.5,2.539724e-06,1.269862e-05,0
19545.0,19550.0,19547.5,3.73788e-06,1.86894e-05,0
19555.0,19560.0,19557.5,1.221524e-06,6.10762e-06,0
19560.0,19565.0,19562.5,1.264782e-06,6.32391e-06,0
19565.0,19570.0,19567.5,1.253604e-06,6.26802e-06,0
19570.0,19575.0,19572.5,1.274942e-06,6.37471e-06,0
19575.0,19580.0,19577.5,2.528546e-06,1.264273e-05,0
19580.0,19585.0,19582.5,1.2313e-06,6.1565e-06,0
19585.0,19590.0,19587.5,2.452016e-06,1.226008e-05,0
19590.0,19595.0,19592.5,1.251956e-06,6.25978e-06,0
19595.0,19600.0,19597.5,1.242314e-06,6.21157e-06,0
19600.0,19605.0,19602.5,3.771676e-06,1.885838e-05,0
19610.0,19615.0,19612.5,2.516738e-06,1.258369e-05,0
19615.0,19620.0,19617.5,2.44304e-06,1.22152e-05,0
19620.0,19625.0,19622.5,3.783164e-06,1.891582e-05,0
19625.0,19630.0,19627.5,1.264782e-06,6.32391e-06,0
19635.0,19640.0,19637.5,2.50556e-06,1.25278e-05,0
19650.0,19655.0,19652.5,2.495918e-06,1.247959e-05,0
19655.0,19660.0,19657.5,1.25329e-06,6.26645e-06,0
19660.0,19665.0,19662.5,3.692958e-06,1.846479e-05,0
19665.0,19670.0,19667.5,1.274942e-06,6.37471e-06,0
19670.0,19675.0,19672.5,1.2313e-06,6.1565e-06,0
19675.0,19680.0,19677.5,2.526898e-06,1.263449e-05,0
19680.0,19685.0,19682.5,1.223392e-06,6.11696e-06,0
19685.0,19690.0,19687.5,1.2313e-06,6.1565e-06,0
19695.0,19700.0,19697.5,2.506894e-06,1.253447e-05,0
19700.0,19705.0,19702.5,2.484644e-06,1.242322e-05,0
19710.0,19715.0,19712.5,2.539724e-06,1.269862e-05,0
19725.0,19730.0,19727.5,2.518386e-06,1.259193e-05,0
19730.0,19735.0,19732.5,1.253604e-06,6.26802e-06,0
19735.0,19740.0,19737.5,2.539724e-06,1.269862e-05,0
19740.0,19745.0,19742.5,2.539724e-06,1.269862e-05,0
19745.0,19750.0,19747.5,1.25329e-06,6.26645e-06,0
19760.0,19765.0,19762.5,1.2313e-06,6.1565e-06,0
19765.0,19770.0,19767.5,1.209702e-06,6.04851e-06,0
19775.0,19780.0,19777.5,2.526898e-06,1.263449e-05,0
19780.0,19785.0,19782.5,1.264782e-06,6.32391e-06,0
19785.0,19790.0,19787.5,3.82482e-06,1.91241e-05,0
19790.0,19795.0,19792.5,2.528546e-06,1.264273e-05,0
19800.0,19805.0,19802.5,1.25329e-06,6.26645e-06,0
19805.0,19810.0,19807.5,2.48459e-06,1.242295e-05,0
19810.0,19815.0,19812.5,1.253604e-06,6.26802e-06,0
19820.0,19825.0,19822.5,3.771676e-06,1.885838e-05,0
19825.0,19830.0,19827.5,1.251956e-06,6.25978e-06,0
19830.0,19835.0,19832.5,1.274942e-06,6.37471e-06,0
19840.0,19845.0,19842.5,2.518386e-06,1.259193e-05,0
19845.0,19850.0,19847.5,1.274942e-06,6.37471e-06,0
19850.0,19855.0,19852.5,2.495604e-06,1.247802e-05,0
19855.0,19860.0,19857.5,1.253604e-06,6.26802e-06,0
19860.0,19865.0,19862.5,1.264782e-06,6.32391e-06,0
19865.0,19870.0,19867.5,1.274942e-06,6.37471e-06,0
19870.0,19875.0,19872.5,1.221524e-06,6.10762e-06,0
19875.0,19880.0,19877.5,1.251956e-06,6.25978e-06,0
19885.0,19890.0,19887.5,1.25329e-06,6.26645e-06,0
19890.0,19895.0,19892.5,2.50556e-06,1.25278e-05,0
19895.0,19900.0,19897.5,1.2313e-06,6.1565e-06,0
19900.0,19905.0,19902.5,1.251956e-06,6.25978e-06,0
19910.0,19915.0,19912.5,1.253604e-06,6.26802e-06,0
19915.0,19920.0,19917.5,2.528232e-06,1.264116e-05,0
19920.0,19925.0,19922.5,3.738248e-06,1.869124e-05,0
19925.0,19930.0,19927.5,1.25329e-06,6.26645e-06,0
19930.0,19935.0,19932.5,1.264782e-06,6.32391e-06,0
19935.0,19940.0,19937.5,1.253604e-06,6.26802e-06,0
19945.0,19950.0,19947.5,2.505246e-06,1.252623e-05,0
19955.0,19960.0,19957.5,2.528546e-06,1.264273e-05,0
19965.0,19970.0,19967.5,2.518072e-06,1.259036e-05,0
19970.0,19975.0,19972.5,2.483256e-06,1.241628e-05,0
19975.0,19980.0,19977.5,3.771676e-06,1.885838e-05,0
19980.0,19985.0,19982.5,3.770342e-06,1.885171e-05,0
19990.0,19995.0,19992.5,2.506894e-06,1.253447e-05,0
19995.0,20000.0,19997.5,1.251956e-06,6.25978e-06,0
20005.0,20010.0,20007.5,2.49427e-06,1.247135e-05,0
20010.0,20015.0,20012.5,2.539724e-06,1.269862e-05,0
20015.0,20020.0,20017.5,2.518072e-06,1.259036e-05,0
20025.0,20030.0,20027.5,2.476682e-06,1.238341e-05,0
20040.0,20045.0,20042.5,3.75885e-06,1.879425e-05,0
20045.0,20050.0,20047.5,4.915816e-06,2.457908e-05,0
20050.0,20055.0,20052.5,1.274942e-06,6.37471e-06,0
20055.0,20060.0,20057.5,1.264782e-06,6.32391e-06,0
20075.0,20080.0,20077.5,2.486306e-06,1.243153e-05,0
20080.0,20085.0,20082.5,5.022306e-06,2.511153e-05,0
20090.0,20095.0,20092.5,1.253604e-06,6.26802e-06,0
20095.0,20100.0,20097.5,3.793014e-06,1.896507e-05,0
20100.0,20105.0,20102.5,1.25329e-06,6.26645e-06,0
20110.0,20115.0,20112.5,1.2313e-06,6.1565e-06,0
20115.0,20120.0,20117.5,1.253604e-06,6.26802e-06,0
20120.0,20125.0,20122.5,2.526898e-06,1.263449e-05,0
20145.0,20150.0,20147.5,3.760386e-06,1.880193e-05,0
20150.0,20155.0,20152.5,2.516738e-06,1.258369e-05,0
20155.0,20160.0,20157.5,2.517256e-06,1.258628e-05,0
20160.0,20165.0,20162.5,1.25329e-06,6.26645e-06,0
20180.0,20185.0,20182.5,1.251956e-06,6.25978e-06,0
20190.0,20195.0,20192.5,1.274942e-06,6.37471e-06,0
20195.0,20200.0,20197.5,1.25329e-06,6.26645e-06,0
20200.0,20205.0,20202.5,1.25329e-06,6.26645e-06,0
20210.0,20215.0,20212.5,1.2313e-06,6.1565e-06,0
20215.0,20220.0,20217.5,2.48459e-06,1.242295e-05,0
20220.0,20225.0,20222.5,3.782142e-06,1.891071e-05,0
20230.0,20235.0,20232.5,1.251956e-06,6.25978e-06,0
20245.0,20250.0,20247.5,1.274942e-06,6.37471e-06,0
20250.0,20255.0,20252.5,2.476996e-06,1.238498e-05,0
20260.0,20265.0,20262.5,2.488174e-06,1.244087e-05,0
20265.0,20270.0,20267.5,1.253604e-06,6.26802e-06,0
20270.0,20275.0,20272.5,1.264782e-06,6.32391e-06,0
20275.0,20280.0,20277.5,1.264782e-06,6.32391e-06,0
20280.0,20285.0,20282.5,1.253604e-06,6.26802e-06,0
20290.0,20295.0,20292.5,2.518072e-06,1.259036e-05,0
20300.0,20305.0,20302.5,1.264782e-06,6.32391e-06,0
20305.0,20310.0,20307.5,5.012822e-06,2.506411e-05,0
20310.0,20315.0,20312.5,2.5072e-06,1.2536e-05,0
20315.0,20320.0,20317.5,1.251956e-06,6.25978e-06,0
20320.0,20325.0,20322.5,1.25329e-06,6.26645e-06,0
20325.0,20330.0,20327.5,1.274942e-06,6.37471e-06,0
20335.0,20340.0,20337.5,2.48459e-06,1.242295e-05,0
20340.0,20345.0,20342.5,2.50556e-06,1.25278e-05,0
20345.0,20350.0,20347.5,1.274942e-06,6.37471e-06,0
20355.0,20360.0,20357.5,4.99015e-06,2.495075e-05,0
20365.0,20370.0,20367.5,1.2313e-06,6.1565e-06,0
20370.0,20375.0,20372.5,2.505246e-06,1.252623e-05,0
20380.0,20385.0,20382.5,1.223392e-06,6.11696e-06,0
20385.0,20390.0,20387.5,1.253604e-06,6.26802e-06,0
20390.0,20395.0,20392.5,3.770028e-06,1.885014e-05,0
20395.0,20400.0,20397.5,1.25329e-06,6.26645e-06,0
20400.0,20405.0,20402.5,1.2313e-06,6.1565e-06,0
20405.0,20410.0,20407.5,1.25329e-06,6.26645e-06,0
20410.0,20415.0,20412.5,1.274942e-06,6.37471e-06,0
20415.0,20420.0,20417.5,2.526898e-06,1.263449e-05,0
20425.0,20430.0,20427.5,2.518072e-06,1.259036e-05,0
20430.0,20435.0,20432.5,2.484904e-06,1.242452e-05,0
20435.0,20440.0,20437.5,1.2313e-06,6.1565e-06,0
20445.0,20450.0,20447.5,2.518386e-06,1.259193e-05,0
20460.0,20465.0,20462.5,2.50556e-06,1.25278e-05,0
20470.0,20475.0,20472.5,1.253604e-06,6.26802e-06,0
20475.0,20480.0,20477.5,1.274942e-06,6.37471e-06,0
20480.0,20485.0,20482.5,3.76086e-06,1.88043e-05,0
20485.0,20490.0,20487.5,3.749372e-06,1.874686e-05,0
20490.0,20495.0,20492.5,1.25329e-06,6.26645e-06,0
20495.0,20500.0,20497.5,1.264782e-06,6.32391e-06,0
20500.0,20505.0,20502.5,1.264782e-06,6.32391e-06,0
20505.0,20510.0,20507.5,1.274942e-06,6.37471e-06,0
20510.0,20515.0,20512.5,1.253604e-06,6.26802e-06,0
20520.0,20525.0,20522.5,1.274942e-06,6.37471e-06,0
20525.0,20530.0,20527.5,1.25329e-06,6.26645e-06,0
20530.0,20535.0,20532.5,5.045284e-06,2.522642e-05,0
20535.0,20540.0,20537.5,3.781516e-06,1.890758e-05,0
20540.0,20545.0,20542.5,1.223392e-06,6.11696e-06,0
20545.0,20550.0,20547.5,1.274942e-06,6.37471e-06,0
20550.0,20555.0,20552.5,2.539724e-06,1.269862e-05,0
20555.0,20560.0,20557.5,1.274942e-06,6.37471e-06,0
20560.0,20565.0,20562.5,1.274942e-06,6.37471e-06,0
20570.0,20575.0,20572.5,1.253604e-06,6.26802e-06,0
20575.0,20580.0,20577.5,3.751084e-06,1.875542e-05,0
20585.0,20590.0,20587.5,1.251956e-06,6.25978e-06,0
20590.0,20595.0,20592.5,2.518072e-06,1.259036e-05,0
20595.0,20600.0,20597.5,1.264782e-06,6.32391e-06,0
20600.0,20605.0,20602.5,1.264782e-06,6.32391e-06,0
20615.0,20620.0,20617.5,1.242314e-06,6.21157e-06,0
20620.0,20625.0,20622.5,2.52956e-06,1.26478e-05,0
20625.0,20630.0,20627.5,1.25329e-06,6.26645e-06,0
20635.0,20640.0,20637.5,1.25329e-06,6.26645e-06,0
20640.0,20645.0,20642.5,1.251956e-06,6.25978e-06,0
20645.0,20650.0,20647.5,1.253604e-06,6.26802e-06,0
20655.0,20660.0,20657.5,1.264782e-06,6.32391e-06,0
20665.0,20670.0,20667.5,1.253604e-06,6.26802e-06,0
20675.0,20680.0,20677.5,3.792194e-06,1.896097e-05,0
20690.0,20695.0,20692.5,2.50658e-06,1.25329e-05,0
20700.0,20705.0,20702.5,1.264782e-06,6.32391e-06,0
20705.0,20710.0,20707.5,3.75885e-06,1.879425e-05,0
20710.0,20715.0,20712.5,3.80317e-06,1.901585e-05,0
20715.0,20720.0,20717.5,2.50658e-06,1.25329e-05,0
20740.0,20745.0,20742.5,1.264782e-06,6.32391e-06,0
20745.0,20750.0,20747.5,1.264782e-06,6.32391e-06,0
20755.0,20760.0,20757.5,1.25329e-06,6.26645e-06,0
20760.0,20765.0,20762.5,3.749372e-06,1.874686e-05,0
20765.0,20770.0,20767.5,1.264782e-06,6.32391e-06,0
20775.0,20780.0,20777.5,3.79168e-06,1.89584e-05,0
20780.0,20785.0,20782.5,1.25329e-06,6.26645e-06,0
20790.0,20795.0,20792.5,1.25329e-06,6.26645e-06,0
20795.0,20800.0,20797.5,1.264782e-06,6.32391e-06,0
20800.0,20805.0,20802.5,2.539724e-06,1.269862e-05,0
20810.0,20815.0,20812.5,3.780502e-06,1.890251e-05,0
20815.0,20820.0,20817.5,3.738248e-06,1.869124e-05,0
20820.0,20825.0,20822.5,1.274942e-06,6.37471e-06,0
20830.0,20835.0,20832.5,4.981378e-06,2.490689e-05,0
20835.0,20840.0,20837.5,1.274942e-06,6.37471e-06,0
20840.0,20845.0,20842.5,3.759846e-06,1.879923e-05,0
20850.0,20855.0,20852.5,1.2313e-06,6.1565e-06,0
20855.0,20860.0,20857.5,2.484904e-06,1.242452e-05,0
20875.0,20880.0,20877.5,1.25329e-06,6.26645e-06,0
20880.0,20885.0,20882.5,3.771982e-06,1.885991e-05,0
20885.0,20890.0,20887.5,1.242314e-06,6.21157e-06,0
20890.0,20895.0,20892.5,1.253604e-06,6.26802e-06,0
20895.0,20900.0,20897.5,5.046304e-06,2.523152e-05,0
20900.0,20905.0,20902.5,1.251956e-06,6.25978e-06,0
20905.0,20910.0,20907.5,1.25329e-06,6.26645e-06,0
20915.0,20920.0,20917.5,1.274942e-06,6.37471e-06,0
20920.0,20925.0,20922.5,1.274942e-06,6.37471e-06,0
20930.0,20935.0,20932.5,1.264782e-06,6.32391e-06,0
20940.0,20945.0,20942.5,1.264782e-06,6.32391e-06,0
20955.0,20960.0,20957.5,1.251956e-06,6.25978e-06,0
20960.0,20965.0,20962.5,1.274942e-06,6.37471e-06,0
20965.0,20970.0,20967.5,1.274942e-06,6.37471e-06,0
20970.0,20975.0,20972.5,2.50556e-06,1.25278e-05,0
20975.0,20980.0,20977.5,1.242314e-06,6.21157e-06,0
20980.0,20985.0,20982.5,2.518072e-06,1.259036e-05,0
20995.0,21000.0,20997.5,1.274942e-06,6.37471e-06,0
21000.0,21005.0,21002.5,6.265736e-06,3.132868e-05,0
21005.0,21010.0,21007.5,2.50556e-06,1.25278e-05,0
21015.0,21020.0,21017.5,2.484904e-06,1.242452e-05,0
21020.0,21025.0,21022.5,2.50556e-06,1.25278e-05,0
21025.0,21030.0,21027.5,1.264782e-06,6.32391e-06,0
21035.0,21040.0,21037.5,1.264782e-06,6.32391e-06,0
21050.0,21055.0,21052.5,5.03447e-06,2.517235e-05,0
21055.0,21060.0,21057.5,1.253604e-06,6.26802e-06,0
21060.0,21065.0,21062.5,1.251956e-06,6.25978e-06,0
21065.0,21070.0,21067.5,1.253604e-06,6.26802e-06,0
21070.0,21075.0,21072.5,2.506894e-06,1.253447e-05,0
21075.0,21080.0,21077.5,1.264782e-06,6.32391e-06,0
21090.0,21095.0,21092.5,2.507096e-06,1.253548e-05,0
21095.0,21100.0,21097.5,2.50658e-06,1.25329e-05,0
21100.0,21105.0,21102.5,1.223392e-06,6.11696e-06,0
21105.0,21110.0,21107.5,1.2313e-06,6.1565e-06,0
21110.0,21115.0,21112.5,1.253604e-06,6.26802e-06,0
21120.0,21125.0,21122.5,1.2313e-06,6.1565e-06,0
21125.0,21130.0,21127.5,1.25329e-06,6.26645e-06,0
21130.0,21135.0,21132.5,1.223392e-06,6.11696e-06,0
21145.0,21150.0,21147.5,2.476682e-06,1.238341e-05,0
21150.0,21155.0,21152.5,1.253604e-06,6.26802e-06,0
21155.0,21160.0,21157.5,1.2313e-06,6.1565e-06,0
21160.0,21165.0,21162.5,1.251956e-06,6.25978e-06,0
21180.0,21185.0,21182.5,1.25329e-06,6.26645e-06,0
21185.0,21190.0,21187.5,1.264782e-06,6.32391e-06,0
21190.0,21195.0,21192.5,1.274942e-06,6.37471e-06,0
21195.0,21200.0,21197.5,1.264782e-06,6.32391e-06,0
21200.0,21205.0,21202.5,2.483256e-06,1.241628e-05,0
21205.0,21210.0,21207.5,2.506894e-06,1.253447e-05,0
21235.0,21240.0,21237.5,1.253604e-06,6.26802e-06,0
21245.0,21250.0,21247.5,1.223392e-06,6.11696e-06,0
21250.0,21255.0,21252.5,1.25329e-06,6.26645e-06,0
21255.0,21260.0,21257.5,2.50392e-06,1.25196e-05,0
21265.0,21270.0,21267.5,1.253604e-06,6.26802e-06,0
21275.0,21280.0,21277.5,1.25329e-06,6.26645e-06,0
21280.0,21285.0,21282.5,5.034098e-06,2.517049e-05,0
21290.0,21295.0,21292.5,1.251956e-06,6.25978e-06,0
21300.0,21305.0,21302.5,1.223392e-06,6.11696e-06,0
21305.0,21310.0,21307.5,1.2313e-06,6.1565e-06,0
21310.0,21315.0,21312.5,2.518072e-06,1.259036e-05,0
21315.0,21320.0,21317.5,1.274942e-06,6.37471e-06,0
21320.0,21325.0,21322.5,2.528232e-06,1.264116e-05,0
21325.0,21330.0,21327.5,1.25329e-06,6.26645e-06,0
21330.0,21335.0,21332.5,1.264782e-06,6.32391e-06,0
21345.0,21350.0,21347.5,3.781522e-06,1.890761e-05,0
21350.0,21355.0,21352.5,1.264782e-06,6.32391e-06,0
21370.0,21375.0,21372.5,1.264782e-06,6.32391e-06,0
21375.0,21380.0,21377.5,2.528232e-06,1.264116e-05,0
21380.0,21385.0,21382.5,2.539724e-06,1.269862e-05,0
21385.0,21390.0,21387.5,1.264782e-06,6.32391e-06,0
21390.0,21395.0,21392.5,1.2313e-06,6.1565e-06,0
21400.0,21405.0,21402.5,1.253604e-06,6.26802e-06,0
21405.0,21410.0,21407.5,3.760184e-06,1.880092e-05,0
21420.0,21425.0,21422.5,3.714948e-06,1.857474e-05,0
21430.0,21435.0,21432.5,1.251956e-06,6.25978e-06,0
21450.0,21455.0,21452.5,1.223392e-06,6.11696e-06,0
21455.0,21460.0,21457.5,2.518072e-06,1.259036e-05,0
21460.0,21465.0,21462.5,1.25329e-06,6.26645e-06,0
21465.0,21470.0,21467.5,1.251956e-06,6.25978e-06,0
21470.0,21475.0,21472.5,1.251956e-06,6.25978e-06,0
21480.0,21485.0,21482.5,1.251956e-06,6.25978e-06,0
21485.0,21490.0,21487.5,2.539724e-06,1.269862e-05,0
21500.0,21505.0,21502.5,1.264782e-06,6.32391e-06,0
21505.0,21510.0,21507.5,1.274942e-06,6.37471e-06,0
21510.0,21515.0,21512.5,3.728638e-06,1.864319e-05,0
21515.0,21520.0,21517.5,1.253604e-06,6.26802e-06,0
21525.0,21530.0,21527.5,2.506894e-06,1.253447e-05,0
21530.0,21535.0,21532.5,1.25329e-06,6.26645e-06,0
21535.0,21540.0,21537.5,1.264782e-06,6.32391e-06,0
21540.0,21545.0,21542.5,1.251956e-06,6.25978e-06,0
21575.0,21580.0,21577.5,2.506894e-06,1.253447e-05,0
21585.0,21590.0,21587.5,1.264782e-06,6.32391e-06,0
21600.0,21605.0,21602.5,3.714556e-06,1.857278e-05,0
21615.0,21620.0,21617.5,1.274942e-06,6.37471e-06,0
21625.0,21630.0,21627.5,1.251956e-06,6.25978e-06,0
21640.0,21645.0,21642.5,3.75029e-06,1.875145e-05,0
21650.0,21655.0,21652.5,2.506894e-06,1.253447e-05,0
21670.0,21675.0,21672.5,2.506894e-06,1.253447e-05,0
21675.0,21680.0,21677.5,2.50658e-06,1.25329e-05,0
21685.0,21690.0,21687.5,1.274942e-06,6.37471e-06,0
21700.0,21705.0,21702.5,5.032152e-06,2.516076e-05,0
21710.0,21715.0,21712.5,2.528546e-06,1.264273e-05,0
21715.0,21720.0,21717.5,1.253604e-06,6.26802e-06,0
21720.0,21725.0,21722.5,1.253604e-06,6.26802e-06,0
21730.0,21735.0,21732.5,1.274942e-06,6.37471e-06,0
21740.0,21745.0,21742.5,2.48459e-06,1.242295e-05,0
21745.0,21750.0,21747.5,1.25329e-06,6.26645e-06,0
21750.0,21755.0,21752.5,1.253604e-06,6.26802e-06,0
21755.0,21760.0,21757.5,1.274942e-06,6.37471e-06,0
21805.0,21810.0,21807.5,1.274942e-06,6.37471e-06,0
21810.0,21815.0,21812.5,1.253604e-06,6.26802e-06,0
21815.0,21820.0,21817.5,1.253604e-06,6.26802e-06,0
21825.0,21830.0,21827.5,1.274942e-06,6.37471e-06,0
21830.0,21835.0,21832.5,2.496082e-06,1.248041e-05,0
21835.0,21840.0,21837.5,1.264782e-06,6.32391e-06,0
21840.0,21845.0,21842.5,1.25329e-06,6.26645e-06,0
21845.0,21850.0,21847.5,1.253604e-06,6.26802e-06,0
21875.0,21880.0,21877.5,2.50658e-06,1.25329e-05,0
21880.0,21885.0,21882.5,2.54988e-06,1.27494e-05,0
21890.0,21895.0,21892.5,2.505246e-06,1.252623e-05,0
21895.0,21900.0,21897.5,1.251956e-06,6.25978e-06,0
21925.0,21930.0,21927.5,1.253604e-06,6.26802e-06,0
21940.0,21945.0,21942.5,2.50658e-06,1.25329e-05,0
21945.0,21950.0,21947.5,2.50658e-06,1.25329e-05,0
21950.0,21955.0,21952.5,1.253604e-06,6.26802e-06,0
21955.0,21960.0,21957.5,1.274942e-06,6.37471e-06,0
21965.0,21970.0,21967.5,2.54988e-06,1.27494e-05,0
21980.0,21985.0,21982.5,1.2313e-06,6.1565e-06,0
21985.0,21990.0,21987.5,1.25329e-06,6.26645e-06,0
21990.0,21995.0,21992.5,1.223392e-06,6.11696e-06,0
21995.0,22000.0,21997.5,2.528232e-06,1.264116e-05,0
22005.0,22010.0,22007.5,1.251956e-06,6.25978e-06,0
22010.0,22015.0,22012.5,1.264782e-06,6.32391e-06,0
22020.0,22025.0,22022.5,1.209702e-06,6.04851e-06,0
22030.0,22035.0,22032.5,3.748038e-06,1.874019e-05,0
22035.0,22040.0,22037.5,1.25329e-06,6.26645e-06,0
22055.0,22060.0,22057.5,2.496082e-06,1.248041e-05,0
22060.0,22065.0,22062.5,2.50556e-06,1.25278e-05,0
22070.0,22075.0,22072.5,3.708296e-06,1.854148e-05,0
22075.0,22080.0,22077.5,1.264782e-06,6.32391e-06,0
22085.0,22090.0,22087.5,2.505246e-06,1.252623e-05,0
22095.0,22100.0,22097.5,1.221524e-06,6.10762e-06,0
22100.0,22105.0,22102.5,2.54988e-06,1.27494e-05,0
22105.0,22110.0,22107.5,1.25329e-06,6.26645e-06,0
22115.0,22120.0,22117.5,1.209702e-06,6.04851e-06,0
22125.0,22130.0,22127.5,2.528232e-06,1.264116e-05,0
22130.0,22135.0,22132.5,3.782142e-06,1.891071e-05,0
22135.0,22140.0,22137.5,1.253604e-06,6.26802e-06,0
22140.0,22145.0,22142.5,1.264782e-06,6.32391e-06,0
22150.0,22155.0,22152.5,1.274942e-06,6.37471e-06,0
22160.0,22165.0,22162.5,1.274942e-06,6.37471e-06,0
22165.0,22170.0,22167.5,1.2313e-06,6.1565e-06,0
22185.0,22190.0,22187.5,1.25329e-06,6.26645e-06,0
22200.0,22205.0,22202.5,1.25329e-06,6.26645e-06,0
22250.0,22255.0,22252.5,2.506894e-06,1.253447e-05,0
22260.0,22265.0,22262.5,1.274942e-06,6.37471e-06,0
22275.0,22280.0,22277.5,2.484904e-06,1.242452e-05,0
22280.0,22285.0,22282.5,2.506894e-06,1.253447e-05,0
22290.0,22295.0,22292.5,2.528232e-06,1.264116e-05,0
22300.0,22305.0,22302.5,1.264782e-06,6.32391e-06,0
22305.0,22310.0,22307.5,1.251956e-06,6.25978e-06,0
22310.0,22315.0,22312.5,2.461658e-06,1.230829e-05,0
22315.0,22320.0,22317.5,1.274942e-06,6.37471e-06,0
22320.0,22325.0,22322.5,1.25329e-06,6.26645e-06,0
22325.0,22330.0,22327.5,1.242314e-06,6.21157e-06,0
22330.0,22335.0,22332.5,2.461658e-06,1.230829e-05,0
22340.0,22345.0,22342.5,1.253604e-06,6.26802e-06,0
22350.0,22355.0,22352.5,2.52956e-06,1.26478e-05,0
22355.0,22360.0,22357.5,1.2313e-06,6.1565e-06,0
22360.0,22365.0,22362.5,1.25329e-06,6.26645e-06,0
22385.0,22390.0,22387.5,1.274942e-06,6.37471e-06,0
22395.0,22400.0,22397.5,1.274942e-06,6.37471e-06,0
22400.0,22405.0,22402.5,1.264782e-06,6.32391e-06,0
22415.0,22420.0,22417.5,2.498334e-06,1.249167e-05,0
22420.0,22425.0,22422.5,1.251956e-06,6.25978e-06,0
22425.0,22430.0,22427.5,1.251956e-06,6.25978e-06,0
22435.0,22440.0,22437.5,1.264782e-06,6.32391e-06,0
22445.0,22450.0,22447.5,2.463306e-06,1.231653e-05,0
22450.0,22455.0,22452.5,1.251956e-06,6.25978e-06,0
22465.0,22470.0,22467.5,2.506242e-06,1.253121e-05,0
22475.0,22480.0,22477.5,1.274942e-06,6.37471e-06,0
22495.0,22500.0,22497.5,1.251956e-06,6.25978e-06,0
22500.0,22505.0,22502.5,1.264782e-06,6.32391e-06,0
22520.0,22525.0,22522.5,1.251956e-06,6.25978e-06,0
22525.0,22530.0,22527.5,1.251956e-06,6.25978e-06,0
22540.0,22545.0,22542.5,2.528232e-06,1.264116e-05,0
22545.0,22550.0,22547.5,1.274942e-06,6.37471e-06,0
22550.0,22555.0,22552.5,2.506242e-06,1.253121e-05,0
22560.0,22565.0,22562.5,1.251956e-06,6.25978e-06,0
22565.0,22570.0,22567.5,2.526898e-06,1.263449e-05,0
22575.0,22580.0,22577.5,1.253604e-06,6.26802e-06,0
22585.0,22590.0,22587.5,1.2313e-06,6.1565e-06,0
22600.0,22605.0,22602.5,2.526898e-06,1.263449e-05,0
22635.0,22640.0,22637.5,1.251956e-06,6.25978e-06,0
22650.0,22655.0,22652.5,1.264782e-06,6.32391e-06,0
22660.0,22665.0,22662.5,1.25329e-06,6.26645e-06,0
22665.0,22670.0,22667.5,1.253604e-06,6.26802e-06,0
22680.0,22685.0,22682.5,2.528546e-06,1.264273e-05,0
22685.0,22690.0,22687.5,1.253604e-06,6.26802e-06,0
22690.0,22695.0,22692.5,1.251956e-06,6.25978e-06,0
22695.0,22700.0,22697.5,1.25329e-06,6.26645e-06,0
22700.0,22705.0,22702.5,1.253604e-06,6.26802e-06,0
22715.0,22720.0,22717.5,2.462992e-06,1.231496e-05,0
22720.0,22725.0,22722.5,2.518072e-06,1.259036e-05,0
22730.0,22735.0,22732.5,1.221524e-06,6.10762e-06,0
22735.0,22740.0,22737.5,1.253604e-06,6.26802e-06,0
22740.0,22745.0,22742.5,2.506242e-06,1.253121e-05,0
22765.0,22770.0,22767.5,2.528546e-06,1.264273e-05,0
22795.0,22800.0,22797.5,1.274942e-06,6.37471e-06,0
22800.0,22805.0,22802.5,1.253604e-06,6.26802e-06,0
22805.0,22810.0,22807.5,1.25329e-06,6.26645e-06,0
22810.0,22815.0,22812.5,1.2313e-06,6.1565e-06,0
22830.0,22835.0,22832.5,2.475348e-06,1.237674e-05,0
22835.0,22840.0,22837.5,1.274942e-06,6.37471e-06,0
22840.0,22845.0,22842.5,1.251956e-06,6.25978e-06,0
22845.0,22850.0,22847.5,1.253604e-06,6.26802e-06,0
22850.0,22855.0,22852.5,1.274942e-06,6.37471e-06,0
22860.0,22865.0,22862.5,1.2313e-06,6.1565e-06,0
22865.0,22870.0,22867.5,2.54988e-06,1.27494e-05,0
22870.0,22875.0,22872.5,2.506242e-06,1.253121e-05,0
22875.0,22880.0,22877.5,1.264782e-06,6.32391e-06,0
22885.0,22890.0,22887.5,2.518072e-06,1.259036e-05,0
22895.0,22900.0,22897.5,2.474814e-06,1.237407e-05,0
22900.0,22905.0,22902.5,1.274942e-06,6.37471e-06,0
22925.0,22930.0,22927.5,2.495918e-06,1.247959e-05,0
22930.0,22935.0,22932.5,1.274942e-06,6.37471e-06,0
22940.0,22945.0,22942.5,2.54988e-06,1.27494e-05,0
22960.0,22965.0,22962.5,1.251956e-06,6.25978e-06,0
22980.0,22985.0,22982.5,1.264782e-06,6.32391e-06,0
22995.0,23000.0,22997.5,2.505246e-06,1.252623e-05,0
23010.0,23015.0,23012.5,2.528546e-06,1.264273e-05,0
23015.0,23020.0,23017.5,1.251956e-06,6.25978e-06,0
23020.0,23025.0,23022.5,1.221524e-06,6.10762e-06,0
23030.0,23035.0,23032.5,1.264782e-06,6.32391e-06,0
23035.0,23040.0,23037.5,2.506894e-06,1.253447e-05,0
23040.0,23045.0,23042.5,1.25329e-06,6.26645e-06,0
23060.0,23065.0,23062.5,1.2313e-06,6.1565e-06,0
23065.0,23070.0,23067.5,1.264782e-06,6.32391e-06,0
23100.0,23105.0,23102.5,1.274942e-06,6.37471e-06,0
23105.0,23110.0,23107.5,1.25329e-06,6.26645e-06,0
23115.0,23120.0,23117.5,2.50392e-06,1.25196e-05,0
23125.0,23130.0,23127.5,1.253604e-06,6.26802e-06,0
23135.0,23140.0,23137.5,1.264782e-06,6.32391e-06,0
23140.0,23145.0,23142.5,1.25329e-06,6.26645e-06,0
23145.0,23150.0,23147.5,2.526898e-06,1.263449e-05,0
23155.0,23160.0,23157.5,1.25329e-06,6.26645e-06,0
23165.0,23170.0,23167.5,1.25329e-06,6.26645e-06,0
23180.0,23185.0,23182.5,1.253604e-06,6.26802e-06,0
23195.0,23200.0,23197.5,1.274942e-06,6.37471e-06,0
23205.0,23210.0,23207.5,1.274942e-06,6.37471e-06,0
23215.0,23220.0,23217.5,2.50556e-06,1.25278e-05,0
23220.0,23225.0,23222.5,1.253604e-06,6.26802e-06,0
23225.0,23230.0,23227.5,1.209702e-06,6.04851e-06,0
23230.0,23235.0,23232.5,1.25329e-06,6.26645e-06,0
23235.0,23240.0,23237.5,1.274942e-06,6.37471e-06,0
23250.0,23255.0,23252.5,1.223392e-06,6.11696e-06,0
23255.0,23260.0,23257.5,1.25329e-06,6.26645e-06,0
23280.0,23285.0,23282.5,1.264782e-06,6.32391e-06,0
23290.0,23295.0,23292.5,2.526898e-06,1.263449e-05,0
23320.0,23325.0,23322.5,1.274942e-06,6.37471e-06,0
23325.0,23330.0,23327.5,2.526898e-06,1.263449e-05,0
23335.0,23340.0,23337.5,1.264782e-06,6.32391e-06,0
23340.0,23345.0,23342.5,1.264782e-06,6.32391e-06,0
23345.0,23350.0,23347.5,1.274942e-06,6.37471e-06,0
23365.0,23370.0,23367.5,1.253604e-06,6.26802e-06,0
23410.0,23415.0,23412.5,1.274942e-06,6.37471e-06,0
23420.0,23425.0,23422.5,1.264782e-06,6.32391e-06,0
23435.0,23440.0,23437.5,3.759846e-06,1.879923e-05,0
23465.0,23470.0,23467.5,1.251956e-06,6.25978e-06,0
23490.0,23495.0,23492.5,1.264782e-06,6.32391e-06,0
23510.0,23515.0,23512.5,1.251956e-06,6.25978e-06,0
23515.0,23520.0,23517.5,1.25329e-06,6.26645e-06,0
23530.0,23535.0,23532.5,2.495604e-06,1.247802e-05,0
23550.0,23555.0,23552.5,1.264782e-06,6.32391e-06,0
23560.0,23565.0,23562.5,1.274942e-06,6.37471e-06,0
23575.0,23580.0,23577.5,2.50556e-06,1.25278e-05,0
23580.0,23585.0,23582.5,2.5072e-06,1.2536e-05,0
23585.0,23590.0,23587.5,1.25329e-06,6.26645e-06,0
23595.0,23600.0,23597.5,1.274942e-06,6.37471e-06,0
23625.0,23630.0,23627.5,3.80317e-06,1.901585e-05,0
23635.0,23640.0,23637.5,1.274942e-06,6.37471e-06,0
23640.0,23645.0,23642.5,1.25329e-06,6.26645e-06,0
23665.0,23670.0,23667.5,1.25329e-06,6.26645e-06,0
23675.0,23680.0,23677.5,1.209702e-06,6.04851e-06,0
23685.0,23690.0,23687.5,2.518386e-06,1.259193e-05,0
23695.0,23700.0,23697.5,1.264782e-06,6.32391e-06,0
23700.0,23705.0,23702.5,1.242314e-06,6.21157e-06,0
23705.0,23710.0,23707.5,1.2313e-06,6.1565e-06,0
23710.0,23715.0,23712.5,1.25329e-06,6.26645e-06,0
23715.0,23720.0,23717.5,1.223392e-06,6.11696e-06,0
23745.0,23750.0,23747.5,1.251956e-06,6.25978e-06,0
23750.0,23755.0,23752.5,1.2313e-06,6.1565e-06,0
23755.0,23760.0,23757.5,2.50658e-06,1.25329e-05,0
23760.0,23765.0,23762.5,2.50658e-06,1.25329e-05,0
23775.0,23780.0,23777.5,1.274942e-06,6.37471e-06,0
23795.0,23800.0,23797.5,1.253604e-06,6.26802e-06,0
23800.0,23805.0,23802.5,1.274942e-06,6.37471e-06,0
23820.0,23825.0,23822.5,1.264782e-06,6.32391e-06,0
23860.0,23865.0,23862.5,1.242314e-06,6.21157e-06,0
23880.0,23885.0,23882.5,1.253604e-06,6.26802e-06,0
23885.0,23890.0,23887.5,1.25329e-06,6.26645e-06,0
23900.0,23905.0,23902.5,1.2313e-06,6.1565e-06,0
23905.0,23910.0,23907.5,1.274942e-06,6.37471e-06,0
23925.0,23930.0,23927.5,1.274942e-06,6.37471e-06,0
23930.0,23935.0,23932.5,1.242314e-06,6.21157e-06,0
23965.0,23970.0,23967.5,1.253604e-06,6.26802e-06,0
23970.0,23975.0,23972.5,3.781836e-06,1.890918e-05,0
24010.0,24015.0,24012.5,1.253604e-06,6.26802e-06,0
24015.0,24020.0,24017.5,1.251956e-06,6.25978e-06,0
24065.0,24070.0,24067.5,1.253604e-06,6.26802e-06,0
24080.0,24085.0,24082.5,2.495604e-06,1.247802e-05,0
24095.0,24100.0,24097.5,1.264782e-06,6.32391e-06,0
24150.0,24155.0,24152.5,1.25329e-06,6.26645e-06,0
24175.0,24180.0,24177.5,1.274942e-06,6.37471e-06,0
24180.0,24185.0,24182.5,3.759052e-06,1.879526e-05,0
24195.0,24200.0,24197.5,1.25329e-06,6.26645e-06,0
24200.0,24205.0,24202.5,1.253604e-06,6.26802e-06,0
24205.0,24210.0,24207.5,1.25329e-06,6.26645e-06,0
24215.0,24220.0,24217.5,1.274942e-06,6.37471e-06,0
24250.0,24255.0,24252.5,2.54988e-06,1.27494e-05,0
24255.0,24260.0,24257.5,1.251956e-06,6.25978e-06,0
24270.0,24275.0,24272.5,2.48459e-06,1.242295e-05,0
24275.0,24280.0,24277.5,1.25329e-06,6.26645e-06,0
24280.0,24285.0,24282.5,1.274942e-06,6.37471e-06,0
24300.0,24305.0,24302.5,1.25329e-06,6.26645e-06,0
24310.0,24315.0,24312.5,1.251956e-06,6.25978e-06,0
24320.0,24325.0,24322.5,1.25329e-06,6.26645e-06,0
24330.0,24335.0,24332.5,1.274942e-06,6.37471e-06,0
24335.0,24340.0,24337.5,1.274942e-06,6.37471e-06,0
24340.0,24345.0,24342.5,1.25329e-06,6.26645e-06,0
24355.0,24360.0,24357.5,1.274942e-06,6.37471e-06,0
24365.0,24370.0,24367.5,1.251956e-06,6.25978e-06,0
24370.0,24375.0,24372.5,1.274942e-06,6.37471e-06,0
24375.0,24380.0,24377.5,1.25329e-06,6.26645e-06,0
24410.0,24415.0,24412.5,2.528546e-06,1.264273e-05,0
24420.0,24425.0,24422.5,1.251956e-06,6.25978e-06,0
24435.0,24440.0,24437.5,1.253604e-06,6.26802e-06,0
24480.0,24485.0,24482.5,2.526898e-06,1.263449e-05,0
24485.0,24490.0,24487.5,1.25329e-06,6.26645e-06,0
24490.0,24495.0,24492.5,1.251956e-06,6.25978e-06,0
24505.0,24510.0,24507.5,1.25329e-06,6.26645e-06,0
24520.0,24525.0,24522.5,1.25329e-06,6.26645e-06,0
24525.0,24530.0,24527.5,1.274942e-06,6.37471e-06,0
24560.0,24565.0,24562.5,1.251956e-06,6.25978e-06,0
24570.0,24575.0,24572.5,1.251956e-06,6.25978e-06,0
24585.0,24590.0,24587.5,1.25329e-06,6.26645e-06,0
24595.0,24600.0,24597.5,2.506894e-06,1.253447e-05,0
24610.0,24615.0,24612.5,1.264782e-06,6.32391e-06,0
24635.0,24640.0,24637.5,1.274942e-06,6.37471e-06,0
24665.0,24670.0,24667.5,3.793328e-06,1.896664e-05,0
24670.0,24675.0,24672.5,1.2313e-06,6.1565e-06,0
24715.0,24720.0,24717.5,1.242314e-06,6.21157e-06,0
24735.0,24740.0,24737.5,1.25329e-06,6.26645e-06,0
24795.0,24800.0,24797.5,2.518072e-06,1.259036e-05,0
24810.0,24815.0,24812.5,1.253604e-06,6.26802e-06,0
24815.0,24820.0,24817.5,1.274942e-06,6.37471e-06,0
24825.0,24830.0,24827.5,1.253604e-06,6.26802e-06,0
24830.0,24835.0,24832.5,1.25329e-06,6.26645e-06,0
24840.0,24845.0,24842.5,1.253604e-06,6.26802e-06,0
24860.0,24865.0,24862.5,2.483256e-06,1.241628e-05,0
24900.0,24905.0,24902.5,1.251956e-06,6.25978e-06,0
24915.0,24920.0,24917.5,1.274942e-06,6.37471e-06,0
24925.0,24930.0,24927.5,1.25329e-06,6.26645e-06,0
24955.0,24960.0,24957.5,1.274942e-06,6.37471e-06,0
24975.0,24980.0,24977.5,1.253604e-06,6.26802e-06,0
24980.0,24985.0,24982.5,1.253604e-06,6.26802e-06,0
25005.0,25010.0,25007.5,3.760184e-06,1.880092e-05,0
25015.0,25020.0,25017.5,1.25329e-06,6.26645e-06,0
25020.0,25025.0,25022.5,1.25329e-06,6.26645e-06,0
25030.0,25035.0,25032.5,2.528232e-06,1.264116e-05,0
25040.0,25045.0,25042.5,1.25329e-06,6.26645e-06,0
25050.0,25055.0,25052.5,1.25329e-06,6.26645e-06,0
25065.0,25070.0,25067.5,1.25329e-06,6.26645e-06,0
25070.0,25075.0,25072.5,1.274942e-06,6.37471e-06,0
25075.0,25080.0,25077.5,1.25329e-06,6.26645e-06,0
25105.0,25110.0,25107.5,1.25329e-06,6.26645e-06,0
25110.0,25115.0,25112.5,1.274942e-06,6.37471e-06,0
25150.0,25155.0,25152.5,2.54988e-06,1.27494e-05,0
25170.0,25175.0,25172.5,1.253604e-06,6.26802e-06,0
25255.0,25260.0,25257.5,1.25329e-06,6.26645e-06,0
25270.0,25275.0,25272.5,2.528546e-06,1.264273e-05,0
25285.0,25290.0,25287.5,1.274942e-06,6.37471e-06,0
25290.0,25295.0,25292.5,1.264782e-06,6.32391e-06,0
25305.0,25310.0,25307.5,2.506894e-06,1.253447e-05,0
25315.0,25320.0,25317.5,1.25329e-06,6.26645e-06,0
25320.0,25325.0,25322.5,1.25329e-06,6.26645e-06,0
25325.0,25330.0,25327.5,1.274942e-06,6.37471e-06,0
25335.0,25340.0,25337.5,1.274942e-06,6.37471e-06,0
25350.0,25355.0,25352.5,1.274942e-06,6.37471e-06,0
25365.0,25370.0,25367.5,2.462992e-06,1.231496e-05,0
25385.0,25390.0,25387.5,1.221524e-06,6.10762e-06,0
25410.0,25415.0,25412.5,1.25329e-06,6.26645e-06,0
25420.0,25425.0,25422.5,1.221524e-06,6.10762e-06,0
25425.0,25430.0,25427.5,1.2313e-06,6.1565e-06,0
25450.0,25455.0,25452.5,1.274942e-06,6.37471e-06,0
25460.0,25465.0,25462.5,1.274942e-06,6.37471e-06,0
25495.0,25500.0,25497.5,1.274942e-06,6.37471e-06,0
25500.0,25505.0,25502.5,1.242314e-06,6.21157e-06,0
25550.0,25555.0,25552.5,2.526898e-06,1.263449e-05,0
25575.0,25580.0,25577.5,1.274942e-06,6.37471e-06,0
25585.0,25590.0,25587.5,1.2313e-06,6.1565e-06,0
25590.0,25595.0,25592.5,1.274942e-06,6.37471e-06,0
25605.0,25610.0,25607.5,2.49427e-06,1.247135e-05,0
25610.0,25615.0,25612.5,1.274942e-06,6.37471e-06,0
25620.0,25625.0,25622.5,1.251956e-06,6.25978e-06,0
25645.0,25650.0,25647.5,1.274942e-06,6.37471e-06,0
25665.0,25670.0,25667.5,1.253604e-06,6.26802e-06,0
25700.0,25705.0,25702.5,1.253604e-06,6.26802e-06,0
25710.0,25715.0,25712.5,1.274942e-06,6.37471e-06,0
25720.0,25725.0,25722.5,1.25329e-06,6.26645e-06,0
25745.0,25750.0,25747.5,1.251956e-06,6.25978e-06,0
25765.0,25770.0,25767.5,1.264782e-06,6.32391e-06,0
25790.0,25795.0,25792.5,1.264782e-06,6.32391e-06,0
25795.0,25800.0,25797.5,1.274942e-06,6.37471e-06,0
25805.0,25810.0,25807.5,1.251956e-06,6.25978e-06,0
25815.0,25820.0,25817.5,1.264782e-06,6.32391e-06,0
25840.0,25845.0,25842.5,1.25329e-06,6.26645e-06,0
25870.0,25875.0,25872.5,1.2313e-06,6.1565e-06,0
25880.0,25885.0,25882.5,1.242314e-06,6.21157e-06,0
25895.0,25900.0,25897.5,2.528232e-06,1.264116e-05,0
25900.0,25905.0,25902.5,1.264782e-06,6.32391e-06,0
25985.0,25990.0,25987.5,1.264782e-06,6.32391e-06,0
26010.0,26015.0,26012.5,1.274942e-06,6.37471e-06,0
26020.0,26025.0,26022.5,1.274942e-06,6.37471e-06,0
26050.0,26055.0,26052.5,1.251956e-06,6.25978e-06,0
26120.0,26125.0,26122.5,1.25329e-06,6.26645e-06,0
26125.0,26130.0,26127.5,1.251956e-06,6.25978e-06,0
26130.0,26135.0,26132.5,1.251956e-06,6.25978e-06,0
26140.0,26145.0,26142.5,1.264782e-06,6.32391e-06,0
26275.0,26280.0,26277.5,1.253604e-06,6.26802e-06,0
26285.0,26290.0,26287.5,1.25329e-06,6.26645e-06,0
26300.0,26305.0,26302.5,1.251956e-06,6.25978e-06,0
26330.0,26335.0,26332.5,1.253604e-06,6.26802e-06,0
26375.0,26380.0,26377.5,2.516738e-06,1.258369e-05,0
26420.0,26425.0,26422.5,1.25329e-06,6.26645e-06,0
26465.0,26470.0,26467.5,1.25329e-06,6.26645e-06,0
26470.0,26475.0,26472.5,1.251956e-06,6.25978e-06,0
26475.0,26480.0,26477.5,1.2313e-06,6.1565e-06,0
26490.0,26495.0,26492.5,1.274942e-06,6.37471e-06,0
26530.0,26535.0,26532.5,1.25329e-06,6.26645e-06,0
26535.0,26540.0,26537.5,2.528546e-06,1.264273e-05,0
26570.0,26575.0,26572.5,1.25329e-06,6.26645e-06,0
26580.0,26585.0,26582.5,1.25329e-06,6.26645e-06,0
26590.0,26595.0,26592.5,1.25329e-06,6.26645e-06,0
26640.0,26645.0,26642.5,1.25329e-06,6.26645e-06,0
26675.0,26680.0,26677.5,1.253604e-06,6.26802e-06,0
26715.0,26720.0,26717.5,1.274942e-06,6.37471e-06,0
26740.0,26745.0,26742.5,1.25329e-06,6.26645e-06,0
26765.0,26770.0,26767.5,1.25329e-06,6.26645e-06,0
26770.0,26775.0,26772.5,1.2313e-06,6.1565e-06,0
26795.0,26800.0,26797.5,1.253604e-06,6.26802e-06,0
26840.0,26845.0,26842.5,1.25329e-06,6.26645e-06,0
26875.0,26880.0,26877.5,1.251956e-06,6.25978e-06,0
26930.0,26935.0,26932.5,1.25329e-06,6.26645e-06,0
26970.0,26975.0,26972.5,1.25329e-06,6.26645e-06,0
27025.0,27030.0,27027.5,1.251956e-06,6.25978e-06,0
27030.0,27035.0,27032.5,1.274942e-06,6.37471e-06,0
27080.0,27085.0,27082.5,1.251956e-06,6.25978e-06,0
27145.0,27150.0,27147.5,1.25329e-06,6.26645e-06,0
27215.0,27220.0,27217.5,1.274942e-06,6.37471e-06,0
27225.0,27230.0,27227.5,1.25329e-06,6.26645e-06,0
27235.0,27240.0,27237.5,1.274942e-06,6.37471e-06,0
27295.0,27300.0,27297.5,2.506894e-06,1.253447e-05,0
27320.0,27325.0,27322.5,1.253604e-06,6.26802e-06,0
27325.0,27330.0,27327.5,1.253604e-06,6.26802e-06,0
27350.0,27355.0,27352.5,1.264782e-06,6.32391e-06,0
27355.0,27360.0,27357.5,1.274942e-06,6.37471e-06,0
27370.0,27375.0,27372.5,1.251956e-06,6.25978e-06,0
27395.0,27400.0,27397.5,1.223392e-06,6.11696e-06,0
27495.0,27500.0,27497.5,1.25329e-06,6.26645e-06,0
27555.0,27560.0,27557.5,1.25329e-06,6.26645e-06,0
27575.0,27580.0,27577.5,1.264782e-06,6.32391e-06,0
27600.0,27605.0,27602.5,1.253604e-06,6.26802e-06,0
27605.0,27610.0,27607.5,1.2313e-06,6.1565e-06,0
27620.0,27625.0,27622.5,1.264782e-06,6.32391e-06,0
27735.0,27740.0,27737.5,1.264782e-06,6.32391e-06,0
27755.0,27760.0,27757.5,1.251956e-06,6.25978e-06,0
27765.0,27770.0,27767.5,1.253604e-06,6.26802e-06,0
27795.0,27800.0,27797.5,1.253604e-06,6.26802e-06,0
27800.0,27805.0,27802.5,1.253604e-06,6.26802e-06,0
27885.0,27890.0,27887.5,1.242314e-06,6.21157e-06,0
27905.0,27910.0,27907.5,1.25329e-06,6.26645e-06,0
27910.0,27915.0,27912.5,1.209702e-06,6.04851e-06,0
27950.0,27955.0,27952.5,1.25329e-06,6.26645e-06,0
27980.0,27985.0,27982.5,1.264782e-06,6.32391e-06,0
28035.0,28040.0,28037.5,1.264782e-06,6.32391e-06,0
28070.0,28075.0,28072.5,1.251956e-06,6.25978e-06,0
28125.0,28130.0,28127.5,1.251956e-06,6.25978e-06,0
28175.0,28180.0,28177.5,1.264782e-06,6.32391e-06,0
28195.0,28200.0,28197.5,1.274942e-06,6.37471e-06,0
28215.0,28220.0,28217.5,1.25329e-06,6.26645e-06,0
28235.0,28240.0,28237.5,1.25329e-06,6.26645e-06,0
28310.0,28315.0,28312.5,1.253604e-06,6.26802e-06,0
28400.0,28405.0,28402.5,1.253604e-06,6.26802e-06,0
28415.0,28420.0,28417.5,1.25329e-06,6.26645e-06,0
28425.0,28430.0,28427.5,1.253604e-06,6.26802e-06,0
28430.0,28435.0,28432.5,1.253604e-06,6.26802e-06,0
28465.0,28470.0,28467.5,1.264782e-06,6.32391e-06,0
28530.0,28535.0,28532.5,1.25329e-06,6.26645e-06,0
28535.0,28540.0,28537.5,1.251956e-06,6.25978e-06,0
28575.0,28580.0,28577.5,1.2313e-06,6.1565e-06,0
28670.0,28675.0,28672.5,1.264782e-06,6.32391e-06,0
28680.0,28685.0,28682.5,1.25329e-06,6.26645e-06,0
28735.0,28740.0,28737.5,1.274942e-06,6.37471e-06,0
28740.0,28745.0,28742.5,1.264782e-06,6.32391e-06,0
28745.0,28750.0,28747.5,1.25329e-06,6.26645e-06,0
28755.0,28760.0,28757.5,1.274942e-06,6.37471e-06,0
28795.0,28800.0,28797.5,1.274942e-06,6.37471e-06,0
28815.0,28820.0,28817.5,1.2313e-06,6.1565e-06,0
28875.0,28880.0,28877.5,1.25329e-06,6.26645e-06,0
28935.0,28940.0,28937.5,1.209702e-06,6.04851e-06,0
28940.0,28945.0,28942.5,1.253604e-06,6.26802e-06,0
28960.0,28965.0,28962.5,1.253604e-06,6.26802e-06,0
28975.0,28980.0,28977.5,1.251956e-06,6.25978e-06,0
29000.0,29005.0,29002.5,2.506894e-06,1.253447e-05,0
29025.0,29030.0,29027.5,1.253604e-06,6.26802e-06,0
29055.0,29060.0,29057.5,1.25329e-06,6.26645e-06,0
29115.0,29120.0,29117.5,1.264782e-06,6.32391e-06,0
29195.0,29200.0,29197.5,2.526898e-06,1.263449e-05,0
29215.0,29220.0,29217.5,1.253604e-06,6.26802e-06,0
29230.0,29235.0,29232.5,1.25329e-06,6.26645e-06,0
29350.0,29355.0,29352.5,1.253604e-06,6.26802e-06,0
29400.0,29405.0,29402.5,1.251956e-06,6.25978e-06,0
29455.0,29460.0,29457.5,1.253604e-06,6.26802e-06,0
29555.0,29560.0,29557.5,1.25329e-06,6.26645e-06,0
29590.0,29595.0,29592.5,2.518072e-06,1.259036e-05,0
29595.0,29600.0,29597.5,1.25329e-06,6.26645e-06,0
29695.0,29700.0,29697.5,1.274942e-06,6.37471e-06,0
29780.0,29785.0,29782.5,1.253604e-06,6.26802e-06,0
29820.0,29825.0,29822.5,2.505246e-06,1.252623e-05,0
29840.0,29845.0,29842.5,1.264782e-06,6.32391e-06,0
29850.0,29855.0,29852.5,1.251956e-06,6.25978e-06,0
29875.0,29880.0,29877.5,1.251956e-06,6.25978e-06,0
29895.0,29900.0,29897.5,1.251956e-06,6.25978e-06,0
29915.0,29920.0,29917.5,1.25329e-06,6.26645e-06,0
30195.0,30200.0,30197.5,1.25329e-06,6.26645e-06,0
30210.0,30215.0,30212.5,1.25329e-06,6.26645e-06,0
30220.0,30225.0,30222.5,1.251956e-06,6.25978e-06,0
30240.0,30245.0,30242.5,1.25329e-06,6.26645e-06,0
30275.0,30280.0,30277.5,1.25329e-06,6.26645e-06,0
30335.0,30340.0,30337.5,1.253604e-06,6.26802e-06,0
30445.0,30450.0,30447.5,1.2313e-06,6.1565e-06,0
30460.0,30465.0,30462.5,3.760184e-06,1.880092e-05,0
30490.0,30495.0,30492.5,1.251956e-06,6.25978e-06,0
30510.0,30515.0,30512.5,1.253604e-06,6.26802e-06,0
30645.0,30650.0,30647.5,1.251956e-06,6.25978e-06,0
30755.0,30760.0,30757.5,1.25329e-06,6.26645e-06,0
30765.0,30770.0,30767.5,2.505246e-06,1.252623e-05,0
30970.0,30975.0,30972.5,1.25329e-06,6.26645e-06,0
31065.0,31070.0,31067.5,1.274942e-06,6.37471e-06,0
31200.0,31205.0,31202.5,1.253604e-06,6.26802e-06,0
31355.0,31360.0,31357.5,1.25329e-06,6.26645e-06,0
31645.0,31650.0,31647.5,1.251956e-06,6.25978e-06,0
31680.0,31685.0,31682.5,1.25329e-06,6.26645e-06,0
31895.0,31900.0,31897.5,1.253604e-06,6.26802e-06,0
31960.0,31965.0,31962.5,1.251956e-06,6.25978e-06,0
32175.0,32180.0,32177.5,1.25329e-06,6.26645e-06,0
32240.0,32245.0,32242.5,1.25329e-06,6.26645e-06,0
32245.0,32250.0,32247.5,1.264782e-06,6.32391e-06,0
32255.0,32260.0,32257.5,1.25329e-06,6.26645e-06,0
32280.0,32285.0,32282.5,1.25329e-06,6.26645e-06,0
32290.0,32295.0,32292.5,1.25329e-06,6.26645e-06,0
32365.0,32370.0,32367.5,1.274942e-06,6.37471e-06,0
32475.0,32480.0,32477.5,1.264782e-06,6.32391e-06,0
32665.0,32670.0,32667.5,1.274942e-06,6.37471e-06,0
32960.0,32965.0,32962.5,1.25329e-06,6.26645e-06,0
33150.0,33155.0,33152.5,1.274942e-06,6.37471e-06,0
33285.0,33290.0,33287.5,1.274942e-06,6.37471e-06,0
33665.0,33670.0,33667.5,1.25329e-06,6.26645e-06,0
33805.0,33810.0,33807.5,1.274942e-06,6.37471e-06,0
33825.0,33830.0,33827.5,1.25329e-06,6.26645e-06,0
34210.0,34215.0,34212.5,1.251956e-06,6.25978e-06,0
34360.0,34365.0,34362.5,1.274942e-06,6.37471e-06,0
34590.0,34595.0,34592.5,1.25329e-06,6.26645e-06,0
34740.0,34745.0,34742.5,1.274942e-06,6.37471e-06,0
34850.0,34855.0,34852.5,1.274942e-06,6.37471e-06,0
34900.0,34905.0,34902.5,1.251956e-06,6.25978e-06,0
35265.0,35270.0,35267.5,1.25329e-06,6.26645e-06,0
35810.0,35815.0,35812.5,1.25329e-06,6.26645e-06,0
36975.0,36980.0,36977.5,1.253604e-06,6.26802e-06,0
39230.0,39235.0,39232.5,1.25329e-06,6.26645e-06,0
43550.0,43555.0,43552.5,1.274942e-06,6.37471e-06,0
