bin_start_us,bin_end_us,bin_mid_us,pdf_per_us,probability,count
235.0,240.0,237.5,1.246416e-06,6.23208e-06,0
250.0,255.0,252.5,4.58072e-05,0.000229036,0
255.0,260.0,257.5,8.509006e-05,0.0004254503,0
260.0,265.0,262.5,9.656986e-05,0.0004828493,0
265.0,270.0,267.5,9.646414e-05,0.0004823207,0
270.0,275.0,272.5,8.140698e-05,0.0004070349,0
275.0,280.0,277.5,7.36207e-05,0.0003681035,0
280.0,285.0,282.5,7.09621e-05,0.0003548105,0
285.0,290.0,287.5,8.249398e-05,0.0004124699,0
290.0,295.0,292.5,8.621628e-05,0.0004310814,0
295.0,300.0,297.5,9.147888e-05,0.0004573944,0
300.0,305.0,302.5,0.00010550292,0.0005275146,0
305.0,310.0,307.5,8.868192e-05,0.0004434096,0
310.0,315.0,312.5,7.763616e-05,0.0003881808,0
315.0,320.0,317.5,8.262726e-05,0.0004131363,0
320.0,325.0,322.5,0.00010665516,0.0005332758,0
325.0,330.0,327.5,7.742346e-05,0.0003871173,0
330.0,335.0,332.5,8.007952e-05,0.0004003976,0
335.0,340.0,337.5,0.0001104672,0.000552336,0
340.0,345.0,342.5,9.27377e-05,0.0004636885,0
345.0,350.0,347.5,8.62765e-05,0.0004313825,0
350.0,355.0,352.5,7.735712e-05,0.0003867856,0
355.0,360.0,357.5,9.284684e-05,0.0004642342,0
360.0,365.0,362.5,8.248806e-05,0.0004124403,0
365.0,370.0,367.5,7.239312e-05,0.0003619656,0
370.0,375.0,372.5,9.533302e-05,0.0004766651,0
375.0,380.0,377.5,8.003564e-05,0.0004001782,0
380.0,385.0,382.5,0.002067275,0.010336375,0
385.0,390.0,387.5,0.0017765262,0.008882631,0
390.0,395.0,392.5,0.0006193752,0.003096876,0
395.0,400.0,397.5,0.000893779,0.004468895,0
400.0,405.0,402.5,0.0006107774,0.003053887,0
405.0,410.0,407.5,0.0006107196,0.003053598,0
410.0,415.0,412.5,0.0005517568,0.002758784,0
415.0,420.0,417.5,0.0002933372,0.001466686,0
420.0,425.0,422.5,0.0002921004,0.001460502,0
425.0,430.0,427.5,0.000285726,0.00142863,0
430.0,435.0,432.5,0.0002718118,0.001359059,0
435.0,440.0,437.5,0.0003032392,0.001516196,0
440.0,445.0,442.5,0.0003045138,0.001522569,0
445.0,450.0,447.5,0.0002935374,0.001467687,0
450.0,455.0,452.5,0.0003209942,0.001604971,0
455.0,460.0,457.5,0.0003034116,0.001517058,0
460.0,465.0,462.5,0.0003044216,0.001522108,0
465.0,470.0,467.5,0.0003162162,0.001581081,0
470.0,475.0,472.5,0.0003214362,0.001607181,0
475.0,480.0,477.5,0.0003604786,0.001802393,0
480.0,485.0,482.5,0.0002830106,0.001415053,0
485.0,490.0,487.5,0.0002919854,0.001459927,0
490.0,495.0,492.5,0.000306142,0.00153071,0
495.0,500.0,497.5,0.0002866488,0.001433244,0
500.0,505.0,502.5,0.00028443016,0.0014221508,0
505.0,510.0,507.5,0.0002796104,0.001398052,0
510.0,515.0,512.5,0.0002982248,0.001491124,0
515.0,520.0,517.5,0.0002818592,0.001409296,0
520.0,525.0,522.5,0.015377764,0.07688882,0
525.0,530.0,527.5,0.0002831272,0.001415636,0
530.0,535.0,532.5,0.0002829232,0.001414616,0
535.0,540.0,537.5,0.0003248658,0.001624329,0
540.0,545.0,542.5,0.0003174,0.001587,0
545.0,550.0,547.5,0.000300996,0.00150498,0
550.0,555.0,552.5,0.0002755134,0.001377567,0
555.0,560.0,557.5,0.000306055,0.001530275,0
560.0,565.0,562.5,0.0002831092,0.001415546,0
565.0,570.0,567.5,0.0002972602,0.001486301,0
570.0,575.0,572.5,0.0002831612,0.001415806,0
575.0,580.0,577.5,0.0002739834,0.001369917,0
580.0,585.0,582.5,0.0002994848,0.001497424,0
585.0,590.0,587.5,0.0002958646,0.001479323,0
590.0,595.0,592.5,0.0003122866,0.001561433,0
595.0,600.0,597.5,0.0003099086,0.001549543,0
600.0,605.0,602.5,0.0002968898,0.001484449,0
605.0,610.0,607.5,0.0002996372,0.001498186,0
610.0,615.0,612.5,0.0003112068,0.001556034,0
615.0,620.0,617.5,0.0003020702,0.001510351,0
620.0,625.0,622.5,0.00028645142,0.0014322571,0
625.0,630.0,627.5,0.0003022982,0.001511491,0
630.0,635.0,632.5,0.0002954908,0.001477454,0
635.0,640.0,637.5,0.0002667934,0.001333967,0
640.0,645.0,642.5,0.0002768072,0.001384036,0
645.0,650.0,647.5,0.0002911016,0.001455508,0
650.0,655.0,652.5,0.0002740496,0.001370248,0
655.0,660.0,657.5,0.0004407994,0.002203997,0
660.0,665.0,662.5,0.0003632762,0.001816381,0
665.0,670.0,667.5,0.003519712,0.01759856,0
670.0,675.0,672.5,0.000277066,0.00138533,0
675.0,680.0,677.5,0.0002539056,0.001269528,0
680.0,685.0,682.5,0.00027025112,0.0013512556,0
685.0,690.0,687.5,0.0002428196,0.001214098,0
690.0,695.0,692.5,0.0002513288,0.001256644,0
695.0,700.0,697.5,0.0002411948,0.001205974,0
700.0,705.0,702.5,0.00022117918,0.0011058959,0
705.0,710.0,707.5,0.000220759,0.001103795,0
710.0,715.0,712.5,0.0002219964,0.001109982,0
715.0,720.0,717.5,0.000239687,0.001198435,0
720.0,725.0,722.5,0.000255252,0.00127626,0
725.0,730.0,727.5,0.0002529716,0.001264858,0
730.0,735.0,732.5,0.000281893,0.001409465,0
735.0,740.0,737.5,0.00020956152,0.0010478076,0
740.0,745.0,742.5,0.0002676702,0.001338351,0
745.0,750.0,747.5,0.0002884352,0.001442176,0
750.0,755.0,752.5,0.0002780612,0.001390306,0
755.0,760.0,757.5,0.0002311188,0.001155594,0
760.0,765.0,762.5,0.000276759,0.001383795,0
765.0,770.0,767.5,0.0002871868,0.001435934,0
770.0,775.0,772.5,0.000224612,0.00112306,0
775.0,780.0,777.5,0.000270465,0.001352325,0
780.0,785.0,782.5,0.00024005692,0.0012002846,0
785.0,790.0,787.5,0.0002617024,0.001308512,0
790.0,795.0,792.5,0.0002549344,0.001274672,0
795.0,800.0,797.5,0.0003502918,0.001751459,0
800.0,805.0,802.5,0.0002907738,0.001453869,0
805.0,810.0,807.5,0.0002678482,0.001339241,0
810.0,815.0,812.5,0.0011672508,0.005836254,0
815.0,820.0,817.5,0.0002412928,0.001206464,0
820.0,825.0,822.5,0.0002322808,0.001161404,0
825.0,830.0,827.5,0.000239923,0.001199615,0
830.0,835.0,832.5,0.0002375394,0.001187697,0
835.0,840.0,837.5,0.00022598704,0.0011299352,0
840.0,845.0,842.5,0.0002478034,0.001239017,0
845.0,850.0,847.5,0.0002145156,0.001072578,0
850.0,855.0,852.5,0.0002654652,0.001327326,0
855.0,860.0,857.5,0.002285148,0.01142574,0
860.0,865.0,862.5,0.0003020464,0.001510232,0
865.0,870.0,867.5,0.0001714328,0.000857164,0
870.0,875.0,872.5,0.00015210142,0.0007605071,0
875.0,880.0,877.5,0.00018159422,0.0009079711,0
880.0,885.0,882.5,0.0001358393,0.0006791965,0
885.0,890.0,887.5,0.000154924,0.00077462,0
890.0,895.0,892.5,0.00016395704,0.0008197852,0
895.0,900.0,897.5,0.00018547962,0.0009273981,0
900.0,905.0,902.5,0.00016624508,0.0008312254,0
905.0,910.0,907.5,0.00022343556,0.0011171778,0
910.0,915.0,912.5,0.00018414436,0.0009207218,0
915.0,920.0,917.5,0.00018782438,0.0009391219,0
920.0,925.0,922.5,0.00019559882,0.0009779941,0
925.0,930.0,927.5,0.00015380342,0.0007690171,0
930.0,935.0,932.5,0.0002057498,0.001028749,0
935.0,940.0,937.5,0.00020697436,0.0010348718,0
940.0,945.0,942.5,0.0002003775,0.0010018875,0
945.0,950.0,947.5,0.00021579318,0.0010789659,0
950.0,955.0,952.5,0.00021709824,0.0010854912,0
955.0,960.0,957.5,0.0005537206,0.002768603,0
960.0,965.0,962.5,0.00019324246,0.0009662123,0
965.0,970.0,967.5,0.0001955713,0.0009778565,0
970.0,975.0,972.5,0.00019040224,0.0009520112,0
975.0,980.0,977.5,0.00020576614,0.0010288307,0
980.0,985.0,982.5,0.0002044561,0.0010222805,0
985.0,990.0,987.5,0.0002245754,0.001122877,0
990.0,995.0,992.5,0.00019174396,0.0009587198,0
995.0,1000.0,997.5,0.00017010142,0.0008505071,0
1000.0,1005.0,1002.5,0.0014932732,0.007466366,0
1005.0,1010.0,1007.5,0.0004049332,0.002024666,0
1010.0,1015.0,1012.5,0.0001777416,0.000888708,0
1015.0,1020.0,1017.5,0.0002425248,0.001212624,0
1020.0,1025.0,1022.5,0.0002108478,0.001054239,0
1025.0,1030.0,1027.5,0.00016756782,0.0008378391,0
1030.0,1035.0,1032.5,0.00018787332,0.0009393666,0
1035.0,1040.0,1037.5,0.00017006632,0.0008503316,0
1040.0,1045.0,1042.5,0.0001653053,0.0008265265,0
1045.0,1050.0,1047.5,0.00017776374,0.0008888187,0
1050.0,1055.0,1052.5,0.0001814581,0.0009072905,0
1055.0,1060.0,1057.5,0.00018817062,0.0009408531,0
1060.0,1065.0,1062.5,0.0001673348,0.000836674,0
1065.0,1070.0,1067.5,0.0001964896,0.000982448,0
1070.0,1075.0,1072.5,0.00019322744,0.0009661372,0
1075.0,1080.0,1077.5,0.00017019678,0.0008509839,0
1080.0,1085.0,1082.5,0.00019814658,0.0009907329,0
1085.0,1090.0,1087.5,0.00017110192,0.0008555096,0
1090.0,1095.0,1092.5,0.00019541394,0.0009770697,0
1095.0,1100.0,1097.5,0.00015350724,0.0007675362,0
1100.0,1105.0,1102.5,0.0003730864,0.001865432,0
1105.0,1110.0,1107.5,0.0001650822,0.000825411,0
1110.0,1115.0,1112.5,0.0003096454,0.001548227,0
1115.0,1120.0,1117.5,0.00017396738,0.0008698369,0
1120.0,1125.0,1122.5,0.000222107,0.001110535,0
1125.0,1130.0,1127.5,0.00018792798,0.0009396399,0
1130.0,1135.0,1132.5,0.00021954922,0.0010977461,0
1135.0,1140.0,1137.5,0.0001840164,0.000920082,0
1140.0,1145.0,1142.5,0.000948052,0.00474026,0
1145.0,1150.0,1147.5,0.00019042862,0.0009521431,0
1150.0,1155.0,1152.5,0.0002436752,0.001218376,0
1155.0,1160.0,1157.5,0.00019682244,0.0009841122,0
1160.0,1165.0,1162.5,0.00016253236,0.0008126618,0
1165.0,1170.0,1167.5,0.00016891172,0.0008445586,0
1170.0,1175.0,1172.5,0.00017876498,0.0008938249,0
1175.0,1180.0,1177.5,0.00019681834,0.0009840917,0
1180.0,1185.0,1182.5,0.00021595036,0.0010797518,0
1185.0,1190.0,1187.5,0.00019028668,0.0009514334,0
1190.0,1195.0,1192.5,0.0002211116,0.001105558,0
1195.0,1200.0,1197.5,0.00019159744,0.0009579872,0
1200.0,1205.0,1202.5,0.00020568776,0.0010284388,0
1205.0,1210.0,1207.5,0.0002349062,0.001174531,0
1210.0,1215.0,1212.5,0.00017536024,0.0008768012,0
1215.0,1220.0,1217.5,0.000246098,0.00123049,0
1220.0,1225.0,1222.5,0.00018800968,0.0009400484,0
1225.0,1230.0,1227.5,0.0002286402,0.001143201,0
1230.0,1235.0,1232.5,0.00016368478,0.0008184239,0
1235.0,1240.0,1237.5,0.000238722,0.00119361,0
1240.0,1245.0,1242.5,0.0002347708,0.001173854,0
1245.0,1250.0,1247.5,0.0002225112,0.001112556,0
1250.0,1255.0,1252.5,0.00021197408,0.0010598704,0
1255.0,1260.0,1257.5,0.00019678822,0.0009839411,0
1260.0,1265.0,1262.5,0.00016890878,0.0008445439,0
1265.0,1270.0,1267.5,0.00018030502,0.0009015251,0
1270.0,1275.0,1272.5,0.0001841785,0.0009208925,0
1275.0,1280.0,1277.5,0.00017778328,0.0008889164,0
1280.0,1285.0,1282.5,0.00018393194,0.0009196597,0
1285.0,1290.0,1287.5,0.000550009,0.002750045,0
1290.0,1295.0,1292.5,0.0001903386,0.000951693,0
1295.0,1300.0,1297.5,0.00018779944,0.0009389972,0
1300.0,1305.0,1302.5,0.00017528718,0.0008764359,0
1305.0,1310.0,1307.5,0.0001828613,0.0009143065,0
1310.0,1315.0,1312.5,0.00015855854,0.0007927927,0
1315.0,1320.0,1317.5,0.00015109218,0.0007554609,0
1320.0,1325.0,1322.5,0.00015093528,0.0007546764,0
1325.0,1330.0,1327.5,0.00019570816,0.0009785408,0
1330.0,1335.0,1332.5,0.00018676434,0.0009338217,0
1335.0,1340.0,1337.5,0.00017401482,0.0008700741,0
1340.0,1345.0,1342.5,0.0001903706,0.000951853,0
1345.0,1350.0,1347.5,0.0001511598,0.000755799,0
1350.0,1355.0,1352.5,0.00017402732,0.0008701366,0
1355.0,1360.0,1357.5,0.00015492214,0.0007746107,0
1360.0,1365.0,1362.5,0.00017917064,0.0008958532,0
1365.0,1370.0,1367.5,0.00014453298,0.0007226649,0
1370.0,1375.0,1372.5,0.00017140474,0.0008570237,0
1375.0,1380.0,1377.5,0.00018155606,0.0009077803,0
1380.0,1385.0,1382.5,0.00014980234,0.0007490117,0
1385.0,1390.0,1387.5,0.00021063836,0.0010531918,0
1390.0,1395.0,1392.5,0.00015999678,0.0007999839,0
1395.0,1400.0,1397.5,0.0001828311,0.0009141555,0
1400.0,1405.0,1402.5,0.00017260116,0.0008630058,0
1405.0,1410.0,1407.5,0.0001625659,0.0008128295,0
1410.0,1415.0,1412.5,0.00015249028,0.0007624514,0
1415.0,1420.0,1417.5,0.00016890352,0.0008445176,0
1420.0,1425.0,1422.5,0.00014454826,0.0007227413,0
1425.0,1430.0,1427.5,0.0001434344,0.000717172,0
1430.0,1435.0,1432.5,0.000359591,0.001797955,0
1435.0,1440.0,1437.5,0.00016516278,0.0008258139,0
1440.0,1445.0,1442.5,0.00014972538,0.0007486269,0
1445.0,1450.0,1447.5,0.00014496032,0.0007248016,0
1450.0,1455.0,1452.5,0.00014855976,0.0007427988,0
1455.0,1460.0,1457.5,0.0001305993,0.0006529965,0
1460.0,1465.0,1462.5,0.00015104558,0.0007552279,0
1465.0,1470.0,1467.5,0.00013846702,0.0006923351,0
1470.0,1475.0,1472.5,0.0001486511,0.0007432555,0
1475.0,1480.0,1477.5,0.00014109226,0.0007054613,0
1480.0,1485.0,1482.5,0.0001663972,0.000831986,0
1485.0,1490.0,1487.5,0.00016383128,0.0008191564,0
1490.0,1495.0,1492.5,0.0001446865,0.0007234325,0
1495.0,1500.0,1497.5,0.00013063048,0.0006531524,0
1500.0,1505.0,1502.5,0.00014852032,0.0007426016,0
1505.0,1510.0,1507.5,0.00016387774,0.0008193887,0
1510.0,1515.0,1512.5,0.00013591692,0.0006795846,0
1515.0,1520.0,1517.5,0.00014115796,0.0007057898,0
1520.0,1525.0,1522.5,0.00017793026,0.0008896513,0
1525.0,1530.0,1527.5,0.00010781546,0.0005390773,0
1530.0,1535.0,1532.5,0.00015891088,0.0007945544,0
1535.0,1540.0,1537.5,0.00013191636,0.0006595818,0
1540.0,1545.0,1542.5,0.00017634178,0.0008817089,0
1545.0,1550.0,1547.5,0.00014733292,0.0007366646,0
1550.0,1555.0,1552.5,0.00014232172,0.0007116086,0
1555.0,1560.0,1557.5,0.00015889538,0.0007944769,0
1560.0,1565.0,1562.5,0.000118115,0.000590575,0
1565.0,1570.0,1567.5,0.0001485563,0.0007427815,0
1570.0,1575.0,1572.5,0.0001268585,0.0006342925,0
1575.0,1580.0,1577.5,0.00023742596,0.0011871298,0
1580.0,1585.0,1582.5,0.00013728812,0.0006864406,0
1585.0,1590.0,1587.5,0.00014731318,0.0007365659,0
1590.0,1595.0,1592.5,0.00014599484,0.0007299742,0
1595.0,1600.0,1597.5,0.00015221658,0.0007610829,0
1600.0,1605.0,1602.5,0.00016140842,0.0008070421,0
1605.0,1610.0,1607.5,0.00013214352,0.0006607176,0
1610.0,1615.0,1612.5,0.0001447497,0.0007237485,0
1615.0,1620.0,1617.5,0.00012562736,0.0006281368,0
1620.0,1625.0,1622.5,0.00012959152,0.0006479576,0
1625.0,1630.0,1627.5,0.00014239626,0.0007119813,0
1630.0,1635.0,1632.5,0.00012180758,0.0006090379,0
1635.0,1640.0,1637.5,0.00012434496,0.0006217248,0
1640.0,1645.0,1642.5,0.00014602618,0.0007301309,0
1645.0,1650.0,1647.5,9.504392e-05,0.0004752196,0
1650.0,1655.0,1652.5,9.50837e-05,0.0004754185,0
1655.0,1660.0,1657.5,0.00013600624,0.0006800312,0
1660.0,1665.0,1662.5,0.00013071352,0.0006535676,0
1665.0,1670.0,1667.5,0.00013580094,0.0006790047,0
1670.0,1675.0,1672.5,0.00011438184,0.0005719092,0
1675.0,1680.0,1677.5,0.00012323362,0.0006161681,0
1680.0,1685.0,1682.5,0.00014601836,0.0007300918,0
1685.0,1690.0,1687.5,0.00011551182,0.0005775591,0
1690.0,1695.0,1692.5,0.00017011914,0.0008505957,0
1695.0,1700.0,1697.5,0.00012602104,0.0006301052,0
1700.0,1705.0,1702.5,0.00015102228,0.0007551114,0
1705.0,1710.0,1707.5,0.0001028619,0.0005143095,0
1710.0,1715.0,1712.5,0.00014482058,0.0007241029,0
1715.0,1720.0,1717.5,0.00012595126,0.0006297563,0
1720.0,1725.0,1722.5,0.00017259104,0.0008629552,0
1725.0,1730.0,1727.5,0.00012579118,0.0006289559,0
1730.0,1735.0,1732.5,0.00012560122,0.0006280061,0
1735.0,1740.0,1737.5,0.00016368258,0.0008184129,0
1740.0,1745.0,1742.5,0.0001167362,0.000583681,0
1745.0,1750.0,1747.5,0.00014488456,0.0007244228,0
1750.0,1755.0,1752.5,0.00012689662,0.0006344831,0
1755.0,1760.0,1757.5,0.00012066634,0.0006033317,0
1760.0,1765.0,1762.5,0.00011295982,0.0005647991,0
1765.0,1770.0,1767.5,0.00011559278,0.0005779639,0
1770.0,1775.0,1772.5,0.00011948868,0.0005974434,0
1775.0,1780.0,1777.5,0.00013577124,0.0006788562,0
1780.0,1785.0,1782.5,0.00013726608,0.0006863304,0
1785.0,1790.0,1787.5,0.00011058974,0.0005529487,0
1790.0,1795.0,1792.5,0.00012316422,0.0006158211,0
1795.0,1800.0,1797.5,0.00012044938,0.0006022469,0
1800.0,1805.0,1802.5,0.00012045364,0.0006022682,0
1805.0,1810.0,1807.5,0.00012189466,0.0006094733,0
1810.0,1815.0,1812.5,0.00010544224,0.0005272112,0
1815.0,1820.0,1817.5,0.00012436042,0.0006218021,0
1820.0,1825.0,1822.5,0.0001128073,0.0005640365,0
1825.0,1830.0,1827.5,0.00012465624,0.0006232812,0
1830.0,1835.0,1832.5,0.00010166922,0.0005083461,0
1835.0,1840.0,1837.5,0.00011803614,0.0005901807,0
1840.0,1845.0,1842.5,0.00011180076,0.0005590038,0
1845.0,1850.0,1847.5,0.00011433252,0.0005716626,0
1850.0,1855.0,1852.5,0.00010436366,0.0005218183,0
1855.0,1860.0,1857.5,0.00010526032,0.0005263016,0
1860.0,1865.0,1862.5,0.00013582632,0.0006791316,0
1865.0,1870.0,1867.5,0.00010667542,0.0005333771,0
1870.0,1875.0,1872.5,0.00012187432,0.0006093716,0
1875.0,1880.0,1877.5,0.00012814552,0.0006407276,0
1880.0,1885.0,1882.5,0.00010537576,0.0005268788,0
1885.0,1890.0,1887.5,0.00010799556,0.0005399778,0
1890.0,1895.0,1892.5,0.0001193504,0.000596752,0
1895.0,1900.0,1897.5,0.00010897406,0.0005448703,0
1900.0,1905.0,1902.5,9.76971e-05,0.0004884855,0
1905.0,1910.0,1907.5,9.905472e-05,0.0004952736,0
1910.0,1915.0,1912.5,0.00011302354,0.0005651177,0
1915.0,1920.0,1917.5,9.76854e-05,0.000488427,0
1920.0,1925.0,1922.5,0.00010404844,0.0005202422,0
1925.0,1930.0,1927.5,0.00012819306,0.0006409653,0
1930.0,1935.0,1932.5,8.859176e-05,0.0004429588,0
1935.0,1940.0,1937.5,8.255962e-05,0.0004127981,0
1940.0,1945.0,1942.5,9.782592e-05,0.0004891296,0
1945.0,1950.0,1947.5,0.00012320508,0.0006160254,0
1950.0,1955.0,1952.5,0.0001015706,0.000507853,0
1955.0,1960.0,1957.5,0.00010039224,0.0005019612,0
1960.0,1965.0,1962.5,0.00012691484,0.0006345742,0
1965.0,1970.0,1967.5,9.92187e-05,0.0004960935,0
1970.0,1975.0,1972.5,0.000107823,0.000539115,0
1975.0,1980.0,1977.5,0.00011039522,0.0005519761,0
1980.0,1985.0,1982.5,8.897854e-05,0.0004448927,0
1985.0,1990.0,1987.5,9.013994e-05,0.0004506997,0
1990.0,1995.0,1992.5,9.393584e-05,0.0004696792,0
1995.0,2000.0,1997.5,0.0001101587,0.0005507935,0
2000.0,2005.0,2002.5,0.00012179258,0.0006089629,0
2005.0,2010.0,2007.5,0.00012315826,0.0006157913,0
2010.0,2015.0,2012.5,0.00010160698,0.0005080349,0
2015.0,2020.0,2017.5,0.00010277528,0.0005138764,0
2020.0,2025.0,2022.5,9.661222e-05,0.0004830611,0
2025.0,2030.0,2027.5,9.899344e-05,0.0004949672,0
2030.0,2035.0,2032.5,9.146818e-05,0.0004573409,0
2035.0,2040.0,2037.5,9.387268e-05,0.0004693634,0
2040.0,2045.0,2042.5,0.00010799036,0.0005399518,0
2045.0,2050.0,2047.5,7.882792e-05,0.0003941396,0
2050.0,2055.0,2052.5,9.279926e-05,0.0004639963,0
2055.0,2060.0,2057.5,9.52714e-05,0.000476357,0
2060.0,2065.0,2062.5,9.521664e-05,0.0004760832,0
2065.0,2070.0,2067.5,0.00011051294,0.0005525647,0
2070.0,2075.0,2072.5,0.0001065643,0.0005328215,0
2075.0,2080.0,2077.5,0.00011429698,0.0005714849,0
2080.0,2085.0,2082.5,0.00010288786,0.0005144393,0
2085.0,2090.0,2087.5,8.504304e-05,0.0004252152,0
2090.0,2095.0,2092.5,9.004766e-05,0.0004502383,0
2095.0,2100.0,2097.5,9.90678e-05,0.000495339,0
2100.0,2105.0,2102.5,0.0001192424,0.000596212,0
2105.0,2110.0,2107.5,8.26927e-05,0.0004134635,0
2110.0,2115.0,2112.5,9.649068e-05,0.0004824534,0
2115.0,2120.0,2117.5,9.912988e-05,0.0004956494,0
2120.0,2125.0,2122.5,9.52181e-05,0.0004760905,0
2125.0,2130.0,2127.5,9.395608e-05,0.0004697804,0
2130.0,2135.0,2132.5,0.00010806084,0.0005403042,0
2135.0,2140.0,2137.5,8.5048e-05,0.00042524,0
2140.0,2145.0,2142.5,9.405106e-05,0.0004702553,0
2145.0,2150.0,2147.5,8.6466e-05,0.00043233,0
2150.0,2155.0,2152.5,8.257326e-05,0.0004128663,0
2155.0,2160.0,2157.5,7.496304e-05,0.0003748152,0
2160.0,2165.0,2162.5,9.008628e-05,0.0004504314,0
2165.0,2170.0,2167.5,9.800608e-05,0.0004900304,0
2170.0,2175.0,2172.5,7.251936e-05,0.0003625968,0
2175.0,2180.0,2177.5,8.630478e-05,0.0004315239,0
2180.0,2185.0,2182.5,9.148976e-05,0.0004574488,0
2185.0,2190.0,2187.5,7.097924e-05,0.0003548962,0
2190.0,2195.0,2192.5,0.00010415538,0.0005207769,0
2195.0,2200.0,2197.5,7.479312e-05,0.0003739656,0
2200.0,2205.0,2202.5,8.908936e-05,0.0004454468,0
2205.0,2210.0,2207.5,9.268992e-05,0.0004634496,0
2210.0,2215.0,2212.5,0.00010026836,0.0005013418,0
2215.0,2220.0,2217.5,0.0001002267,0.0005011335,0
2220.0,2225.0,2222.5,0.0001067657,0.0005338285,0
2225.0,2230.0,2227.5,8.48835e-05,0.0004244175,0
2230.0,2235.0,2232.5,9.009098e-05,0.0004504549,0
2235.0,2240.0,2237.5,9.018476e-05,0.0004509238,0
2240.0,2245.0,2242.5,9.024756e-05,0.0004512378,0
2245.0,2250.0,2247.5,9.031584e-05,0.0004515792,0
2250.0,2255.0,2252.5,8.907752e-05,0.0004453876,0
2255.0,2260.0,2257.5,8.758994e-05,0.0004379497,0
2260.0,2265.0,2262.5,0.00010397618,0.0005198809,0
2265.0,2270.0,2267.5,9.138218e-05,0.0004569109,0
2270.0,2275.0,2272.5,8.500098e-05,0.0004250049,0
2275.0,2280.0,2277.5,8.248238e-05,0.0004124119,0
2280.0,2285.0,2282.5,6.71885e-05,0.0003359425,0
2285.0,2290.0,2287.5,0.00010271026,0.0005135513,0
2290.0,2295.0,2292.5,8.525504e-05,0.0004262752,0
2295.0,2300.0,2297.5,0.00010919006,0.0005459503,0
2300.0,2305.0,2302.5,8.760344e-05,0.0004380172,0
2305.0,2310.0,2307.5,9.890164e-05,0.0004945082,0
2310.0,2315.0,2312.5,8.635354e-05,0.0004317677,0
2315.0,2320.0,2317.5,8.886406e-05,0.0004443203,0
2320.0,2325.0,2322.5,6.98823e-05,0.0003494115,0
2325.0,2330.0,2327.5,8.761868e-05,0.0004380934,0
2330.0,2335.0,2332.5,7.234006e-05,0.0003617003,0
2335.0,2340.0,2337.5,9.00961e-05,0.0004504805,0
2340.0,2345.0,2342.5,6.864436e-05,0.0003432218,0
2345.0,2350.0,2347.5,8.643618e-05,0.0004321809,0
2350.0,2355.0,2352.5,8.5065806e-05,0.00042532903,0
2355.0,2360.0,2357.5,8.388002e-05,0.0004194001,0
2360.0,2365.0,2362.5,8.764794e-05,0.0004382397,0
2365.0,2370.0,2367.5,0.00010032918,0.0005016459,0
2370.0,2375.0,2372.5,6.860302e-05,0.0003430151,0
2375.0,2380.0,2377.5,7.108944e-05,0.0003554472,0
2380.0,2385.0,2382.5,7.882944e-05,0.0003941472,0
2385.0,2390.0,2387.5,9.259596e-05,0.0004629798,0
2390.0,2395.0,2392.5,8.11301e-05,0.0004056505,0
2395.0,2400.0,2397.5,7.107712e-05,0.0003553856,0
2400.0,2405.0,2402.5,9.403516e-05,0.0004701758,0
2405.0,2410.0,2407.5,7.61679e-05,0.0003808395,0
2410.0,2415.0,2412.5,6.35529e-05,0.0003177645,0
2415.0,2420.0,2417.5,7.238926e-05,0.0003619463,0
2420.0,2425.0,2422.5,9.145746e-05,0.0004572873,0
2425.0,2430.0,2427.5,7.758314e-05,0.0003879157,0
2430.0,2435.0,2432.5,7.627106e-05,0.0003813553,0
2435.0,2440.0,2437.5,8.25257e-05,0.0004126285,0
2440.0,2445.0,2442.5,9.262924e-05,0.0004631462,0
2445.0,2450.0,2447.5,7.495998e-05,0.0003747999,0
2450.0,2455.0,2452.5,7.614446e-05,0.0003807223,0
2455.0,2460.0,2457.5,0.00011555332,0.0005777666,0
2460.0,2465.0,2462.5,6.974256e-05,0.0003487128,0
2465.0,2470.0,2467.5,8.49675e-05,0.0004248375,0
2470.0,2475.0,2472.5,9.150402e-05,0.0004575201,0
2475.0,2480.0,2477.5,8.253806e-05,0.0004126903,0
2480.0,2485.0,2482.5,7.723396e-05,0.0003861698,0
2485.0,2490.0,2487.5,7.988862e-05,0.0003994431,0
2490.0,2495.0,2492.5,8.25989e-05,0.0004129945,0
2495.0,2500.0,2497.5,9.1328e-05,0.00045664,0
2500.0,2505.0,2502.5,6.354654e-05,0.0003177327,0
2505.0,2510.0,2507.5,6.728338e-05,0.0003364169,0
2510.0,2515.0,2512.5,7.483686e-05,0.0003741843,0
2515.0,2520.0,2517.5,8.271504e-05,0.0004135752,0
2520.0,2525.0,2522.5,8.515022e-05,0.0004257511,0
2525.0,2530.0,2527.5,6.60755e-05,0.0003303775,0
2530.0,2535.0,2532.5,6.361526e-05,0.0003180763,0
2535.0,2540.0,2537.5,8.764722e-05,0.0004382361,0
2540.0,2545.0,2542.5,7.49277e-05,0.0003746385,0
2545.0,2550.0,2547.5,8.505958e-05,0.0004252979,0
2550.0,2555.0,2552.5,9.639648e-05,0.0004819824,0
2555.0,2560.0,2557.5,8.640654e-05,0.0004320327,0
2560.0,2565.0,2562.5,9.014322e-05,0.0004507161,0
2565.0,2570.0,2567.5,7.869118e-05,0.0003934559,0
2570.0,2575.0,2572.5,6.987846e-05,0.0003493923,0
2575.0,2580.0,2577.5,7.617254e-05,0.0003808627,0
2580.0,2585.0,2582.5,7.498826e-05,0.0003749413,0
2585.0,2590.0,2587.5,7.618082e-05,0.0003809041,0
2590.0,2595.0,2592.5,8.757424e-05,0.0004378712,0
2595.0,2600.0,2597.5,5.841973e-05,0.00029209865,0
2600.0,2605.0,2602.5,8.000006e-05,0.0004000003,0
2605.0,2610.0,2607.5,5.714664e-05,0.0002857332,0
2610.0,2615.0,2612.5,9.14785e-05,0.0004573925,0
2615.0,2620.0,2617.5,5.707472e-05,0.0002853736,0
2620.0,2625.0,2622.5,7.74557e-05,0.0003872785,0
2625.0,2630.0,2627.5,8.625456e-05,0.0004312728,0
2630.0,2635.0,2632.5,7.879044e-05,0.0003939522,0
2635.0,2640.0,2637.5,6.480476e-05,0.0003240238,0
2640.0,2645.0,2642.5,6.47661e-05,0.0003238305,0
2645.0,2650.0,2647.5,7.74196e-05,0.000387098,0
2650.0,2655.0,2652.5,5.5836366e-05,0.00027918183,0
2655.0,2660.0,2657.5,8.136708e-05,0.0004068354,0
2660.0,2665.0,2662.5,6.472054e-05,0.0003236027,0
2665.0,2670.0,2667.5,6.72672e-05,0.000336336,0
2670.0,2675.0,2672.5,6.232392e-05,0.0003116196,0
2675.0,2680.0,2677.5,8.14118e-05,0.000407059,0
2680.0,2685.0,2682.5,5.467958e-05,0.0002733979,0
2685.0,2690.0,2687.5,7.733592e-05,0.0003866796,0
2690.0,2695.0,2692.5,8.894302e-05,0.0004447151,0
2695.0,2700.0,2697.5,7.480416e-05,0.0003740208,0
2700.0,2705.0,2702.5,8.769902e-05,0.0004384951,0
2705.0,2710.0,2707.5,7.625504e-05,0.0003812752,0
2710.0,2715.0,2712.5,6.60571e-05,0.0003302855,0
2715.0,2720.0,2717.5,6.863078e-05,0.0003431539,0
2720.0,2725.0,2722.5,8.517938e-05,0.0004258969,0
2725.0,2730.0,2727.5,5.96812e-05,0.000298406,0
2730.0,2735.0,2732.5,7.49667e-05,0.0003748335,0
2735.0,2740.0,2737.5,7.99979e-05,0.0003999895,0
2740.0,2745.0,2742.5,7.601768e-05,0.0003800884,0
2745.0,2750.0,2747.5,8.387202e-05,0.0004193601,0
2750.0,2755.0,2752.5,5.83964e-05,0.000291982,0
2755.0,2760.0,2757.5,6.74091e-05,0.0003370455,0
2760.0,2765.0,2762.5,7.613884e-05,0.0003806942,0
2765.0,2770.0,2767.5,7.239888e-05,0.0003619944,0
2770.0,2775.0,2772.5,8.886754e-05,0.0004443377,0
2775.0,2780.0,2777.5,6.60827e-05,0.0003304135,0
2780.0,2785.0,2782.5,9.279148e-05,0.0004639574,0
2785.0,2790.0,2787.5,8.754696e-05,0.0004377348,0
2790.0,2795.0,2792.5,5.06999e-05,0.0002534995,0
2795.0,2800.0,2797.5,7.623046e-05,0.0003811523,0
2800.0,2805.0,2802.5,5.973338e-05,0.0002986669,0
2805.0,2810.0,2807.5,5.721094e-05,0.0002860547,0
2810.0,2815.0,2812.5,7.1137e-05,0.000355685,0
2815.0,2820.0,2817.5,6.853954e-05,0.0003426977,0
2820.0,2825.0,2822.5,6.721254e-05,0.0003360627,0
2825.0,2830.0,2827.5,8.117416e-05,0.0004058708,0
2830.0,2835.0,2832.5,8.8939e-05,0.000444695,0
2835.0,2840.0,2837.5,8.630152e-05,0.0004315076,0
2840.0,2845.0,2842.5,7.73869e-05,0.0003869345,0
2845.0,2850.0,2847.5,6.610822e-05,0.0003305411,0
2850.0,2855.0,2852.5,7.750916e-05,0.0003875458,0
2855.0,2860.0,2857.5,7.35825e-05,0.0003679125,0
2860.0,2865.0,2862.5,7.87963e-05,0.0003939815,0
2865.0,2870.0,2867.5,6.859262e-05,0.0003429631,0
2870.0,2875.0,2872.5,5.086628e-05,0.0002543314,0
2875.0,2880.0,2877.5,6.994546e-05,0.0003497273,0
2880.0,2885.0,2882.5,8.257968e-05,0.0004128984,0
2885.0,2890.0,2887.5,4.939543e-05,0.00024697715,0
2890.0,2895.0,2892.5,7.118436e-05,0.0003559218,0
2895.0,2900.0,2897.5,6.229302e-05,0.0003114651,0
2900.0,2905.0,2902.5,5.9675e-05,0.000298375,0
2905.0,2910.0,2907.5,7.729594e-05,0.0003864797,0
2910.0,2915.0,2912.5,6.863648e-05,0.0003431824,0
2915.0,2920.0,2917.5,8.774096e-05,0.0004387048,0
2920.0,2925.0,2922.5,5.074432e-05,0.0002537216,0
2925.0,2930.0,2927.5,6.836516e-05,0.0003418258,0
2930.0,2935.0,2932.5,6.6059562e-05,0.00033029781,0
2935.0,2940.0,2937.5,4.0691916e-05,0.00020345958,0
2940.0,2945.0,2942.5,8.630726e-05,0.0004315363,0
2945.0,2950.0,2947.5,7.115228e-05,0.0003557614,0
2950.0,2955.0,2952.5,7.751428e-05,0.0003875714,0
2955.0,2960.0,2957.5,5.83396e-05,0.000291698,0
2960.0,2965.0,2962.5,6.209358e-05,0.0003104679,0
2965.0,2970.0,2967.5,6.344636e-05,0.0003172318,0
2970.0,2975.0,2972.5,6.596192e-05,0.0003298096,0
2975.0,2980.0,2977.5,8.27398e-05,0.000413699,0
2980.0,2985.0,2982.5,5.082018e-05,0.0002541009,0
2985.0,2990.0,2987.5,8.52009e-05,0.0004260045,0
2990.0,2995.0,2992.5,5.3530956e-05,0.00026765478,0
2995.0,3000.0,2997.5,6.982346e-05,0.0003491173,0
3000.0,3005.0,3002.5,6.98917e-05,0.0003494585,0
3005.0,3010.0,3007.5,6.596166e-05,0.0003298083,0
3010.0,3015.0,3012.5,6.83919e-05,0.0003419595,0
3015.0,3020.0,3017.5,6.087326e-05,0.0003043663,0
3020.0,3025.0,3022.5,7.744704e-05,0.0003872352,0
3025.0,3030.0,3027.5,6.727718e-05,0.0003363859,0
3030.0,3035.0,3032.5,6.856696e-05,0.0003428348,0
3035.0,3040.0,3037.5,6.210072e-05,0.0003105036,0
3040.0,3045.0,3042.5,7.9826e-05,0.00039913,0
3045.0,3050.0,3047.5,7.50741e-05,0.0003753705,0
3050.0,3055.0,3052.5,5.971544e-05,0.0002985772,0
3055.0,3060.0,3057.5,6.098594e-05,0.0003049297,0
3060.0,3065.0,3062.5,5.208488e-05,0.0002604244,0
3065.0,3070.0,3067.5,8.768146e-05,0.0004384073,0
3070.0,3075.0,3072.5,6.09648e-05,0.000304824,0
3075.0,3080.0,3077.5,6.581554e-05,0.0003290777,0
3080.0,3085.0,3082.5,5.841396e-05,0.0002920698,0
3085.0,3090.0,3087.5,7.620884e-05,0.0003810442,0
3090.0,3095.0,3092.5,6.338458e-05,0.0003169229,0
3095.0,3100.0,3097.5,6.869774e-05,0.0003434887,0
3100.0,3105.0,3102.5,5.205046e-05,0.0002602523,0
3105.0,3110.0,3107.5,5.45902e-05,0.000272951,0
3110.0,3115.0,3112.5,6.487146e-05,0.0003243573,0
3115.0,3120.0,3117.5,5.464422e-05,0.0002732211,0
3120.0,3125.0,3122.5,5.333891e-05,0.00026669455,0
3125.0,3130.0,3127.5,7.098956e-05,0.0003549478,0
3130.0,3135.0,3132.5,8.265718e-05,0.0004132859,0
3135.0,3140.0,3137.5,6.732308e-05,0.0003366154,0
3140.0,3145.0,3142.5,6.987648e-05,0.0003493824,0
3145.0,3150.0,3147.5,5.58461e-05,0.0002792305,0
3150.0,3155.0,3152.5,6.112606e-05,0.0003056303,0
3155.0,3160.0,3157.5,5.721278e-05,0.0002860639,0
3160.0,3165.0,3162.5,6.3465e-05,0.000317325,0
3165.0,3170.0,3167.5,6.0958106e-05,0.00030479053,0
3170.0,3175.0,3172.5,7.367094e-05,0.0003683547,0
3175.0,3180.0,3177.5,8.243814e-05,0.0004121907,0
3180.0,3185.0,3182.5,7.236468e-05,0.0003618234,0
3185.0,3190.0,3187.5,7.105586e-05,0.0003552793,0
3190.0,3195.0,3192.5,7.62859e-05,0.0003814295,0
3195.0,3200.0,3197.5,5.459626e-05,0.0002729813,0
3200.0,3205.0,3202.5,6.226564e-05,0.0003113282,0
3205.0,3210.0,3207.5,7.104688e-05,0.0003552344,0
3210.0,3215.0,3212.5,6.354516e-05,0.0003177258,0
3215.0,3220.0,3217.5,8.005444e-05,0.0004002722,0
3220.0,3225.0,3222.5,5.9703482e-05,0.00029851741,0
3225.0,3230.0,3227.5,6.592832e-05,0.0003296416,0
3230.0,3235.0,3232.5,4.9488686e-05,0.00024744343,0
3235.0,3240.0,3237.5,6.341766e-05,0.0003170883,0
3240.0,3245.0,3242.5,7.115656e-05,0.0003557828,0
3245.0,3250.0,3247.5,7.371152e-05,0.0003685576,0
3250.0,3255.0,3252.5,5.45423e-05,0.0002727115,0
3255.0,3260.0,3257.5,5.213548e-05,0.0002606774,0
3260.0,3265.0,3262.5,6.982292e-05,0.0003491146,0
3265.0,3270.0,3267.5,5.843676e-05,0.0002921838,0
3270.0,3275.0,3272.5,7.23673e-05,0.0003618365,0
3275.0,3280.0,3277.5,4.960238e-05,0.0002480119,0
3280.0,3285.0,3282.5,6.864666e-05,0.0003432333,0
3285.0,3290.0,3287.5,5.702594e-05,0.0002851297,0
3290.0,3295.0,3292.5,6.599486e-05,0.0003299743,0
3295.0,3300.0,3297.5,5.327688e-05,0.0002663844,0
3300.0,3305.0,3302.5,5.08134e-05,0.000254067,0
3305.0,3310.0,3307.5,5.713792e-05,0.0002856896,0
3310.0,3315.0,3312.5,5.967168e-05,0.0002983584,0
3315.0,3320.0,3317.5,5.2176e-05,0.00026088,0
3320.0,3325.0,3322.5,6.7485526e-05,0.00033742763,0
3325.0,3330.0,3327.5,4.700954e-05,0.0002350477,0
3330.0,3335.0,3332.5,6.356524e-05,0.0003178262,0
3335.0,3340.0,3337.5,6.85376e-05,0.000342688,0
3340.0,3345.0,3342.5,5.832162e-05,0.0002916081,0
3345.0,3350.0,3347.5,6.46919e-05,0.0003234595,0
3350.0,3355.0,3352.5,5.825612e-05,0.0002912806,0
3355.0,3360.0,3357.5,6.221362e-05,0.0003110681,0
3360.0,3365.0,3362.5,5.6033556e-05,0.00028016778,0
3365.0,3370.0,3367.5,5.45326e-05,0.000272663,0
3370.0,3375.0,3372.5,6.352552e-05,0.0003176276,0
3375.0,3380.0,3377.5,6.335244e-05,0.0003167622,0
3380.0,3385.0,3382.5,5.700494e-05,0.0002850247,0
3385.0,3390.0,3387.5,6.354326e-05,0.0003177163,0
3390.0,3395.0,3392.5,5.844527e-05,0.00029222635,0
3395.0,3400.0,3397.5,6.344058e-05,0.0003172029,0
3400.0,3405.0,3402.5,6.354419e-05,0.00031772095,0
3405.0,3410.0,3407.5,6.8532846e-05,0.00034266423,0
3410.0,3415.0,3412.5,6.47778e-05,0.000323889,0
3415.0,3420.0,3417.5,5.96328e-05,0.000298164,0
3420.0,3425.0,3422.5,5.467332e-05,0.0002733666,0
3425.0,3430.0,3427.5,5.841776e-05,0.0002920888,0
3430.0,3435.0,3432.5,4.957292e-05,0.0002478646,0
3435.0,3440.0,3437.5,6.207623e-05,0.00031038115,0
3440.0,3445.0,3442.5,5.594176e-05,0.0002797088,0
3445.0,3450.0,3447.5,5.588246e-05,0.0002794123,0
3450.0,3455.0,3452.5,4.05556e-05,0.000202778,0
3455.0,3460.0,3457.5,6.217022e-05,0.0003108511,0
3460.0,3465.0,3462.5,6.58711e-05,0.0003293555,0
3465.0,3470.0,3467.5,6.346348e-05,0.0003173174,0
3470.0,3475.0,3472.5,6.607858e-05,0.0003303929,0
3475.0,3480.0,3477.5,5.594364e-05,0.0002797182,0
3480.0,3485.0,3482.5,5.707942e-05,0.0002853971,0
3485.0,3490.0,3487.5,5.849028e-05,0.0002924514,0
3490.0,3495.0,3492.5,4.9580154e-05,0.00024790077,0
3495.0,3500.0,3497.5,5.730438e-05,0.0002865219,0
3500.0,3505.0,3502.5,4.185826e-05,0.0002092913,0
3505.0,3510.0,3507.5,5.462982e-05,0.0002731491,0
3510.0,3515.0,3512.5,6.601128e-05,0.0003300564,0
3515.0,3520.0,3517.5,6.467616e-05,0.0003233808,0
3520.0,3525.0,3522.5,6.586184e-05,0.0003293092,0
3525.0,3530.0,3527.5,4.574516e-05,0.0002287258,0
3530.0,3535.0,3532.5,5.7021626e-05,0.00028510813,0
3535.0,3540.0,3537.5,6.222352e-05,0.0003111176,0
3540.0,3545.0,3542.5,5.70794e-05,0.000285397,0
3545.0,3550.0,3547.5,4.185232e-05,0.0002092616,0
3550.0,3555.0,3552.5,5.479014e-05,0.0002739507,0
3555.0,3560.0,3557.5,5.585634e-05,0.0002792817,0
3560.0,3565.0,3562.5,6.983802e-05,0.0003491901,0
3565.0,3570.0,3567.5,4.18908e-05,0.000209454,0
3570.0,3575.0,3572.5,5.20682e-05,0.000260341,0
3575.0,3580.0,3577.5,6.098642e-05,0.0003049321,0
3580.0,3585.0,3582.5,5.212511e-05,0.00026062555,0
3585.0,3590.0,3587.5,3.8178242e-05,0.00019089121,0
3590.0,3595.0,3592.5,5.075138e-05,0.0002537569,0
3595.0,3600.0,3597.5,5.453756e-05,0.0002726878,0
3600.0,3605.0,3602.5,5.075662e-05,0.0002537831,0
3605.0,3610.0,3607.5,5.324246e-05,0.0002662123,0
3610.0,3615.0,3612.5,5.331522e-05,0.0002665761,0
3615.0,3620.0,3617.5,5.192894e-05,0.0002596447,0
3620.0,3625.0,3622.5,4.187992e-05,0.0002093996,0
3625.0,3630.0,3627.5,6.226124e-05,0.0003113062,0
3630.0,3635.0,3632.5,5.603174e-05,0.0002801587,0
3635.0,3640.0,3637.5,4.068758e-05,0.0002034379,0
3640.0,3645.0,3642.5,5.712256e-05,0.0002856128,0
3645.0,3650.0,3647.5,5.063584e-05,0.0002531792,0
3650.0,3655.0,3652.5,4.823464e-05,0.0002411732,0
3655.0,3660.0,3657.5,4.4483286e-05,0.00022241643,0
3660.0,3665.0,3662.5,5.076654e-05,0.0002538327,0
3665.0,3670.0,3667.5,6.73047e-05,0.0003365235,0
3670.0,3675.0,3672.5,5.2091e-05,0.000260455,0
3675.0,3680.0,3677.5,5.332954e-05,0.0002666477,0
3680.0,3685.0,3682.5,5.336226e-05,0.0002668113,0
3685.0,3690.0,3687.5,4.948484e-05,0.0002474242,0
3690.0,3695.0,3692.5,3.427845e-05,0.00017139225,0
3695.0,3700.0,3697.5,6.093044e-05,0.0003046522,0
3700.0,3705.0,3702.5,5.0828434e-05,0.00025414217,0
3705.0,3710.0,3707.5,5.710542e-05,0.0002855271,0
3710.0,3715.0,3712.5,4.5723606e-05,0.00022861803,0
3715.0,3720.0,3717.5,6.101786e-05,0.0003050893,0
3720.0,3725.0,3722.5,4.953782e-05,0.0002476891,0
3725.0,3730.0,3727.5,5.33102e-05,0.000266551,0
3730.0,3735.0,3732.5,5.590444e-05,0.0002795222,0
3735.0,3740.0,3737.5,3.815574e-05,0.0001907787,0
3740.0,3745.0,3742.5,4.307167e-05,0.00021535835,0
3745.0,3750.0,3747.5,3.68778e-05,0.000184389,0
3750.0,3755.0,3752.5,4.3234566e-05,0.00021617283,0
3755.0,3760.0,3757.5,5.98189e-05,0.0002990945,0
3760.0,3765.0,3762.5,5.592508e-05,0.0002796254,0
3765.0,3770.0,3767.5,4.575708e-05,0.0002287854,0
3770.0,3775.0,3772.5,5.973668e-05,0.0002986834,0
3775.0,3780.0,3777.5,4.821894e-05,0.0002410947,0
3780.0,3785.0,3782.5,5.823888e-05,0.0002911944,0
3785.0,3790.0,3787.5,4.7052696e-05,0.00023526348,0
3790.0,3795.0,3792.5,5.596356e-05,0.0002798178,0
3795.0,3800.0,3797.5,5.333332e-05,0.0002666666,0
3800.0,3805.0,3802.5,4.57659e-05,0.0002288295,0
3805.0,3810.0,3807.5,5.201784e-05,0.0002600892,0
3810.0,3815.0,3812.5,4.705118e-05,0.0002352559,0
3815.0,3820.0,3817.5,5.949922e-05,0.0002974961,0
3820.0,3825.0,3822.5,5.464206e-05,0.0002732103,0
3825.0,3830.0,3827.5,5.837282e-05,0.0002918641,0
3830.0,3835.0,3832.5,5.5958542e-05,0.00027979271,0
3835.0,3840.0,3837.5,4.955676e-05,0.0002477838,0
3840.0,3845.0,3842.5,3.809848e-05,0.0001904924,0
3845.0,3850.0,3847.5,5.594438e-05,0.0002797219,0
3850.0,3855.0,3852.5,4.4443742e-05,0.00022221871,0
3855.0,3860.0,3857.5,4.327028e-05,0.0002163514,0
3860.0,3865.0,3862.5,6.608362e-05,0.0003304181,0
3865.0,3870.0,3867.5,5.4692406e-05,0.00027346203,0
3870.0,3875.0,3872.5,4.448598e-05,0.0002224299,0
3875.0,3880.0,3877.5,4.060114e-05,0.0002030057,0
3880.0,3885.0,3882.5,6.093996e-05,0.0003046998,0
3885.0,3890.0,3887.5,4.574246e-05,0.0002287123,0
3890.0,3895.0,3892.5,3.547422e-05,0.0001773711,0
3895.0,3900.0,3897.5,6.977294e-05,0.0003488647,0
3900.0,3905.0,3902.5,4.1951836e-05,0.00020975918,0
3905.0,3910.0,3907.5,4.0599886e-05,0.00020299943,0
3910.0,3915.0,3912.5,4.56857e-05,0.0002284285,0
3915.0,3920.0,3917.5,5.72059e-05,0.0002860295,0
3920.0,3925.0,3922.5,4.190376e-05,0.0002095188,0
3925.0,3930.0,3927.5,3.685868e-05,0.0001842934,0
3930.0,3935.0,3932.5,3.1792886e-05,0.00015896443,0
3935.0,3940.0,3937.5,4.3155754e-05,0.00021577877,0
3940.0,3945.0,3942.5,5.841964e-05,0.0002920982,0
3945.0,3950.0,3947.5,3.815657e-05,0.00019078285,0
3950.0,3955.0,3952.5,4.57619e-05,0.0002288095,0
3955.0,3960.0,3957.5,4.31352e-05,0.000215676,0
3960.0,3965.0,3962.5,4.944452e-05,0.0002472226,0
3965.0,3970.0,3967.5,4.699112e-05,0.0002349556,0
3970.0,3975.0,3972.5,4.956528e-05,0.0002478264,0
3975.0,3980.0,3977.5,4.318854e-05,0.0002159427,0
3980.0,3985.0,3982.5,4.833284e-05,0.0002416642,0
3985.0,3990.0,3987.5,4.699422e-05,0.0002349711,0
3990.0,3995.0,3992.5,3.56399e-05,0.0001781995,0
3995.0,4000.0,3997.5,5.459862e-05,0.0002729931,0
4000.0,4005.0,4002.5,6.095076e-05,0.0003047538,0
4005.0,4010.0,4007.5,4.959338e-05,0.0002479669,0
4010.0,4015.0,4012.5,4.697186e-05,0.0002348593,0
4015.0,4020.0,4017.5,3.689319e-05,0.00018446595,0
4020.0,4025.0,4022.5,4.577054e-05,0.0002288527,0
4025.0,4030.0,4027.5,4.570084e-05,0.0002285042,0
4030.0,4035.0,4032.5,3.9461988e-05,0.00019730994,0
4035.0,4040.0,4037.5,5.708002e-05,0.0002854001,0
4040.0,4045.0,4042.5,5.216906e-05,0.0002608453,0
4045.0,4050.0,4047.5,4.7019974e-05,0.00023509987,0
4050.0,4055.0,4052.5,5.199166e-05,0.0002599583,0
4055.0,4060.0,4057.5,5.837338e-05,0.0002918669,0
4060.0,4065.0,4062.5,4.8324e-05,0.00024162,0
4065.0,4070.0,4067.5,4.70742e-05,0.000235371,0
4070.0,4075.0,4072.5,3.693858e-05,0.0001846929,0
4075.0,4080.0,4077.5,4.1944042e-05,0.00020972021,0
4080.0,4085.0,4082.5,3.438351e-05,0.00017191755,0
4085.0,4090.0,4087.5,4.320254e-05,0.0002160127,0
4090.0,4095.0,4092.5,3.681788e-05,0.0001840894,0
4095.0,4100.0,4097.5,4.4505826e-05,0.00022252913,0
4100.0,4105.0,4102.5,3.686092e-05,0.0001843046,0
4105.0,4110.0,4107.5,3.428164e-05,0.0001714082,0
4110.0,4115.0,4112.5,3.0511246e-05,0.00015255623,0
4115.0,4120.0,4117.5,4.4527696e-05,0.00022263848,0
4120.0,4125.0,4122.5,3.92433e-05,0.0001962165,0
4125.0,4130.0,4127.5,4.951204e-05,0.0002475602,0
4130.0,4135.0,4132.5,4.443356e-05,0.0002221678,0
4135.0,4140.0,4137.5,4.4476028e-05,0.00022238014,0
4140.0,4145.0,4142.5,3.9356966e-05,0.00019678483,0
4145.0,4150.0,4147.5,3.935517e-05,0.00019677585,0
4150.0,4155.0,4152.5,3.68165e-05,0.0001840825,0
4155.0,4160.0,4157.5,3.5483944e-05,0.00017741972,0
4160.0,4165.0,4162.5,3.933652e-05,0.0001966826,0
4165.0,4170.0,4167.5,3.805414e-05,0.0001902707,0
4170.0,4175.0,4172.5,2.794162e-05,0.0001397081,0
4175.0,4180.0,4177.5,3.0473426e-05,0.00015236713,0
4180.0,4185.0,4182.5,4.32356e-05,0.000216178,0
4185.0,4190.0,4187.5,3.559405e-05,0.00017797025,0
4190.0,4195.0,4192.5,5.715814e-05,0.0002857907,0
4195.0,4200.0,4197.5,3.8133566e-05,0.00019066783,0
4200.0,4205.0,4202.5,4.8315116e-05,0.00024157558,0
4205.0,4210.0,4207.5,3.557015e-05,0.00017785075,0
4210.0,4215.0,4212.5,4.305066e-05,0.0002152533,0
4215.0,4220.0,4217.5,4.073996e-05,0.0002036998,0
4220.0,4225.0,4222.5,5.59213e-05,0.0002796065,0
4225.0,4230.0,4227.5,4.5841776e-05,0.00022920888,0
4230.0,4235.0,4232.5,3.805667e-05,0.00019028335,0
4235.0,4240.0,4237.5,3.6802456e-05,0.00018401228,0
4240.0,4245.0,4242.5,3.940914e-05,0.0001970457,0
4245.0,4250.0,4247.5,4.071968e-05,0.0002035984,0
4250.0,4255.0,4252.5,3.8121116e-05,0.00019060558,0
4255.0,4260.0,4257.5,5.084756e-05,0.0002542378,0
4260.0,4265.0,4262.5,3.944322e-05,0.0001972161,0
4265.0,4270.0,4267.5,4.694078e-05,0.0002347039,0
4270.0,4275.0,4272.5,3.6898596e-05,0.00018449298,0
4275.0,4280.0,4277.5,5.459472e-05,0.0002729736,0
4280.0,4285.0,4282.5,4.06736e-05,0.000203368,0
4285.0,4290.0,4287.5,2.922324e-05,0.0001461162,0
4290.0,4295.0,4292.5,4.052759e-05,0.00020263795,0
4295.0,4300.0,4297.5,3.301426e-05,0.0001650713,0
4300.0,4305.0,4302.5,5.21717e-05,0.0002608585,0
4305.0,4310.0,4307.5,3.309424e-05,0.0001654712,0
4310.0,4315.0,4312.5,3.435214e-05,0.0001717607,0
4315.0,4320.0,4317.5,4.312913e-05,0.00021564565,0
4320.0,4325.0,4322.5,4.952004e-05,0.0002476002,0
4325.0,4330.0,4327.5,5.074224e-05,0.0002537112,0
4330.0,4335.0,4332.5,3.176081e-05,0.00015880405,0
4335.0,4340.0,4337.5,2.912546e-05,0.0001456273,0
4340.0,4345.0,4342.5,4.44873e-05,0.0002224365,0
4345.0,4350.0,4347.5,3.683086e-05,0.0001841543,0
4350.0,4355.0,4352.5,3.9382366e-05,0.00019691183,0
4355.0,4360.0,4357.5,3.6947416e-05,0.00018473708,0
4360.0,4365.0,4362.5,4.576318e-05,0.0002288159,0
4365.0,4370.0,4367.5,4.327636e-05,0.0002163818,0
4370.0,4375.0,4372.5,4.7084076e-05,0.00023542038,0
4375.0,4380.0,4377.5,3.4311126e-05,0.00017155563,0
4380.0,4385.0,4382.5,3.680789e-05,0.00018403945,0
4385.0,4390.0,4387.5,2.788616e-05,0.0001394308,0
4390.0,4395.0,4392.5,3.81254e-05,0.000190627,0
4395.0,4400.0,4397.5,4.1864174e-05,0.00020932087,0
4400.0,4405.0,4402.5,4.0687956e-05,0.00020343978,0
4405.0,4410.0,4407.5,5.080986e-05,0.0002540493,0
4410.0,4415.0,4412.5,2.6763514e-05,0.00013381757,0
4415.0,4420.0,4417.5,4.820785e-05,0.00024103925,0
4420.0,4425.0,4422.5,4.312521e-05,0.00021562605,0
4425.0,4430.0,4427.5,4.183296e-05,0.0002091648,0
4430.0,4435.0,4432.5,4.314728e-05,0.0002157364,0
4435.0,4440.0,4437.5,3.427254e-05,0.0001713627,0
4440.0,4445.0,4442.5,4.81895e-05,0.0002409475,0
4445.0,4450.0,4447.5,3.811684e-05,0.0001905842,0
4450.0,4455.0,4452.5,4.188228e-05,0.0002094114,0
4455.0,4460.0,4457.5,3.429434e-05,0.0001714717,0
4460.0,4465.0,4462.5,2.9267106e-05,0.00014633553,0
4465.0,4470.0,4467.5,3.177752e-05,0.0001588876,0
4470.0,4475.0,4472.5,4.0696026e-05,0.00020348013,0
4475.0,4480.0,4477.5,3.94125e-05,0.0001970625,0
4480.0,4485.0,4482.5,3.04839e-05,0.0001524195,0
4485.0,4490.0,4487.5,3.4408002e-05,0.00017204001,0
4490.0,4495.0,4492.5,3.939104e-05,0.0001969552,0
4495.0,4500.0,4497.5,4.81993e-05,0.0002409965,0
4500.0,4505.0,4502.5,4.444752e-05,0.0002222376,0
4505.0,4510.0,4507.5,3.67824e-05,0.000183912,0
4510.0,4515.0,4512.5,5.076128e-05,0.0002538064,0
4515.0,4520.0,4517.5,4.182958e-05,0.0002091479,0
4520.0,4525.0,4522.5,3.553374e-05,0.0001776687,0
4525.0,4530.0,4527.5,4.313764e-05,0.0002156882,0
4530.0,4535.0,4532.5,3.9326234e-05,0.00019663117,0
4535.0,4540.0,4537.5,3.808764e-05,0.0001904382,0
4540.0,4545.0,4542.5,4.3265596e-05,0.00021632798,0
4545.0,4550.0,4547.5,3.4346726e-05,0.00017173363,0
4550.0,4555.0,4552.5,3.3068154e-05,0.00016534077,0
4555.0,4560.0,4557.5,4.309696e-05,0.0002154848,0
4560.0,4565.0,4562.5,3.3097496e-05,0.00016548748,0
4565.0,4570.0,4567.5,4.317234e-05,0.0002158617,0
4570.0,4575.0,4572.5,2.665315e-05,0.00013326575,0
4575.0,4580.0,4577.5,5.339679e-05,0.00026698395,0
4580.0,4585.0,4582.5,2.536236e-05,0.0001268118,0
4585.0,4590.0,4587.5,4.706588e-05,0.0002353294,0
4590.0,4595.0,4592.5,4.45095e-05,0.0002225475,0
4595.0,4600.0,4597.5,3.809118e-05,0.0001904559,0
4600.0,4605.0,4602.5,3.171334e-05,0.0001585667,0
4605.0,4610.0,4607.5,2.80286e-05,0.000140143,0
4610.0,4615.0,4612.5,4.188538e-05,0.0002094269,0
4615.0,4620.0,4617.5,3.9333182e-05,0.00019666591,0
4620.0,4625.0,4622.5,3.813042e-05,0.0001906521,0
4625.0,4630.0,4627.5,4.3202402e-05,0.00021601201,0
4630.0,4635.0,4632.5,3.795256e-05,0.0001897628,0
4635.0,4640.0,4637.5,4.428845e-05,0.00022144225,0
4640.0,4645.0,4642.5,3.5547122e-05,0.00017773561,0
4645.0,4650.0,4647.5,4.960962e-05,0.0002480481,0
4650.0,4655.0,4652.5,3.1706526e-05,0.00015853263,0
4655.0,4660.0,4657.5,4.7051626e-05,0.00023525813,0
4660.0,4665.0,4662.5,3.559096e-05,0.0001779548,0
4665.0,4670.0,4667.5,3.802947e-05,0.00019014735,0
4670.0,4675.0,4672.5,3.688882e-05,0.0001844441,0
4675.0,4680.0,4677.5,3.924682e-05,0.0001962341,0
4680.0,4685.0,4682.5,4.191702e-05,0.0002095851,0
4685.0,4690.0,4687.5,3.4259988e-05,0.00017129994,0
4690.0,4695.0,4692.5,4.321064e-05,0.0002160532,0
4695.0,4700.0,4697.5,3.0554676e-05,0.00015277338,0
4700.0,4705.0,4702.5,3.819772e-05,0.0001909886,0
4705.0,4710.0,4707.5,3.439548e-05,0.0001719774,0
4710.0,4715.0,4712.5,3.81221e-05,0.0001906105,0
4715.0,4720.0,4717.5,3.669567e-05,0.00018347835,0
4720.0,4725.0,4722.5,3.431776e-05,0.0001715888,0
4725.0,4730.0,4727.5,3.299394e-05,0.0001649697,0
4730.0,4735.0,4732.5,3.0493366e-05,0.00015246683,0
4735.0,4740.0,4737.5,3.3107802e-05,0.00016553901,0
4740.0,4745.0,4742.5,5.210396e-05,0.0002605198,0
4745.0,4750.0,4747.5,4.05841e-05,0.0002029205,0
4750.0,4755.0,4752.5,5.2141886e-05,0.00026070943,0
4755.0,4760.0,4757.5,3.806328e-05,0.0001903164,0
4760.0,4765.0,4762.5,3.684585e-05,0.00018422925,0
4765.0,4770.0,4767.5,2.2875896e-05,0.00011437948,0
4770.0,4775.0,4772.5,3.9490976e-05,0.00019745488,0
4775.0,4780.0,4777.5,2.921055e-05,0.00014605275,0
4780.0,4785.0,4782.5,5.214792e-05,0.0002607396,0
4785.0,4790.0,4787.5,3.0436036e-05,0.00015218018,0
4790.0,4795.0,4792.5,3.9517876e-05,0.00019758938,0
4795.0,4800.0,4797.5,3.677444e-05,0.0001838722,0
4800.0,4805.0,4802.5,4.06339e-05,0.0002031695,0
4805.0,4810.0,4807.5,3.4332896e-05,0.00017166448,0
4810.0,4815.0,4812.5,3.3057102e-05,0.00016528551,0
4815.0,4820.0,4817.5,4.2070842e-05,0.00021035421,0
4820.0,4825.0,4822.5,3.94139e-05,0.0001970695,0
4825.0,4830.0,4827.5,3.799988e-05,0.0001899994,0
4830.0,4835.0,4832.5,4.570948e-05,0.0002285474,0
4835.0,4840.0,4837.5,2.913209e-05,0.00014566045,0
4840.0,4845.0,4842.5,3.0488396e-05,0.00015244198,0
4845.0,4850.0,4847.5,4.561574e-05,0.0002280787,0
4850.0,4855.0,4852.5,3.941746e-05,0.0001970873,0
4855.0,4860.0,4857.5,3.804148e-05,0.0001902074,0
4860.0,4865.0,4862.5,2.9170908e-05,0.00014585454,0
4865.0,4870.0,4867.5,4.05566e-05,0.000202783,0
4870.0,4875.0,4872.5,3.547604e-05,0.0001773802,0
4875.0,4880.0,4877.5,4.0578682e-05,0.00020289341,0
4880.0,4885.0,4882.5,2.540808e-05,0.0001270404,0
4885.0,4890.0,4887.5,3.68327e-05,0.0001841635,0
4890.0,4895.0,4892.5,3.6909022e-05,0.00018454511,0
4895.0,4900.0,4897.5,4.308546e-05,0.0002154273,0
4900.0,4905.0,4902.5,3.297594e-05,0.0001648797,0
4905.0,4910.0,4907.5,2.536542e-05,0.0001268271,0
4910.0,4915.0,4912.5,4.192046e-05,0.0002096023,0
4915.0,4920.0,4917.5,3.6873326e-05,0.00018436663,0
4920.0,4925.0,4922.5,2.662916e-05,0.0001331458,0
4925.0,4930.0,4927.5,2.419299e-05,0.00012096495,0
4930.0,4935.0,4932.5,3.1865228e-05,0.00015932614,0
4935.0,4940.0,4937.5,3.6807046e-05,0.00018403523,0
4940.0,4945.0,4942.5,3.5566766e-05,0.00017783383,0
4945.0,4950.0,4947.5,2.9265014e-05,0.00014632507,0
4950.0,4955.0,4952.5,3.5629896e-05,0.00017814948,0
4955.0,4960.0,4957.5,2.664799e-05,0.00013323995,0
4960.0,4965.0,4962.5,3.809951e-05,0.00019049755,0
4965.0,4970.0,4967.5,4.828256e-05,0.0002414128,0
4970.0,4975.0,4972.5,5.586116e-05,0.0002793058,0
4975.0,4980.0,4977.5,3.565346e-05,0.0001782673,0
4980.0,4985.0,4982.5,3.68166e-05,0.000184083,0
4985.0,4990.0,4987.5,3.4332276e-05,0.00017166138,0
4990.0,4995.0,4992.5,4.067726e-05,0.0002033863,0
4995.0,5000.0,4997.5,2.5372176e-05,0.00012686088,0
5000.0,5005.0,5002.5,3.937601e-05,0.00019688005,0
5005.0,5010.0,5007.5,4.443242e-05,0.0002221621,0
5010.0,5015.0,5012.5,1.90196e-05,9.5098e-05,0
5015.0,5020.0,5017.5,4.574532e-05,0.0002287266,0
5020.0,5025.0,5022.5,3.4339786e-05,0.00017169893,0
5025.0,5030.0,5027.5,3.05624e-05,0.000152812,0
5030.0,5035.0,5032.5,2.5396916e-05,0.00012698458,0
5035.0,5040.0,5037.5,4.705526e-05,0.0002352763,0
5040.0,5045.0,5042.5,2.9255286e-05,0.00014627643,0
5045.0,5050.0,5047.5,3.4375386e-05,0.00017187693,0
5050.0,5055.0,5052.5,2.9143734e-05,0.00014571867,0
5055.0,5060.0,5057.5,4.314598e-05,0.0002157299,0
5060.0,5065.0,5062.5,4.0579174e-05,0.00020289587,0
5065.0,5070.0,5067.5,4.18283e-05,0.0002091415,0
5070.0,5075.0,5072.5,2.670312e-05,0.0001335156,0
5075.0,5080.0,5077.5,3.558015e-05,0.00017790075,0
5080.0,5085.0,5082.5,3.564934e-05,0.0001782467,0
5085.0,5090.0,5087.5,4.818187e-05,0.00024090935,0
5090.0,5095.0,5092.5,2.797026e-05,0.0001398513,0
5095.0,5100.0,5097.5,3.5580056e-05,0.00017790028,0
5100.0,5105.0,5102.5,4.449388e-05,0.0002224694,0
5105.0,5110.0,5107.5,3.4234726e-05,0.00017117363,0
5110.0,5115.0,5112.5,3.6809534e-05,0.00018404767,0
5115.0,5120.0,5117.5,4.3234196e-05,0.00021617098,0
5120.0,5125.0,5122.5,4.069908e-05,0.0002034954,0
5125.0,5130.0,5127.5,2.9215706e-05,0.00014607853,0
5130.0,5135.0,5132.5,3.561278e-05,0.0001780639,0
5135.0,5140.0,5137.5,4.3303416e-05,0.00021651708,0
5140.0,5145.0,5142.5,2.66418e-05,0.000133209,0
5145.0,5150.0,5147.5,3.6772706e-05,0.00018386353,0
5150.0,5155.0,5152.5,3.4235022e-05,0.00017117511,0
5155.0,5160.0,5157.5,2.7888122e-05,0.00013944061,0
5160.0,5165.0,5162.5,3.547401e-05,0.00017737005,0
5165.0,5170.0,5167.5,2.7990668e-05,0.00013995334,0
5170.0,5175.0,5172.5,2.671298e-05,0.0001335649,0
5175.0,5180.0,5177.5,2.404346e-05,0.0001202173,0
5180.0,5185.0,5182.5,3.17729e-05,0.0001588645,0
5185.0,5190.0,5187.5,2.5420906e-05,0.00012710453,0
5190.0,5195.0,5192.5,3.3111e-05,0.000165555,0
5195.0,5200.0,5197.5,3.0483746e-05,0.00015241873,0
5200.0,5205.0,5202.5,4.06895e-05,0.0002034475,0
5205.0,5210.0,5207.5,2.9174922e-05,0.00014587461,0
5210.0,5215.0,5212.5,3.563446e-05,0.0001781723,0
5215.0,5220.0,5217.5,2.9150506e-05,0.00014575253,0
5220.0,5225.0,5222.5,3.5651912e-05,0.00017825956,0
5225.0,5230.0,5227.5,3.299346e-05,0.0001649673,0
5230.0,5235.0,5232.5,3.560152e-05,0.0001780076,0
5235.0,5240.0,5237.5,3.171506e-05,0.0001585753,0
5240.0,5245.0,5242.5,3.558569e-05,0.00017792845,0
5245.0,5250.0,5247.5,3.0454646e-05,0.00015227323,0
5250.0,5255.0,5252.5,2.92488e-05,0.000146244,0
5255.0,5260.0,5257.5,2.535803e-05,0.00012679015,0
5260.0,5265.0,5262.5,2.918116e-05,0.0001459058,0
5265.0,5270.0,5267.5,3.047262e-05,0.0001523631,0
5270.0,5275.0,5272.5,2.542317e-05,0.00012711585,0
5275.0,5280.0,5277.5,2.410494e-05,0.0001205247,0
5280.0,5285.0,5282.5,3.802516e-05,0.0001901258,0
5285.0,5290.0,5287.5,2.6599652e-05,0.00013299826,0
5290.0,5295.0,5292.5,2.6661564e-05,0.00013330782,0
5295.0,5300.0,5297.5,3.1709806e-05,0.00015854903,0
5300.0,5305.0,5302.5,3.1686326e-05,0.00015843163,0
5305.0,5310.0,5307.5,3.0475666e-05,0.00015237833,0
5310.0,5315.0,5312.5,2.0281446e-05,0.00010140723,0
5315.0,5320.0,5317.5,3.1818862e-05,0.00015909431,0
5320.0,5325.0,5322.5,2.9175582e-05,0.00014587791,0
5325.0,5330.0,5327.5,2.538984e-05,0.0001269492,0
5330.0,5335.0,5332.5,3.428754e-05,0.0001714377,0
5335.0,5340.0,5337.5,3.806529e-05,0.00019032645,0
5340.0,5345.0,5342.5,2.5386756e-05,0.00012693378,0
5345.0,5350.0,5347.5,3.043113e-05,0.00015215565,0
5350.0,5355.0,5352.5,3.1815716e-05,0.00015907858,0
5355.0,5360.0,5357.5,3.0450022e-05,0.00015225011,0
5360.0,5365.0,5362.5,4.4471002e-05,0.00022235501,0
5365.0,5370.0,5367.5,3.0530588e-05,0.00015265294,0
5370.0,5375.0,5372.5,3.438262e-05,0.0001719131,0
5375.0,5380.0,5377.5,2.2863288e-05,0.00011431644,0
5380.0,5385.0,5382.5,2.9185726e-05,0.00014592863,0
5385.0,5390.0,5387.5,3.946594e-05,0.0001973297,0
5390.0,5395.0,5392.5,3.554094e-05,0.0001777047,0
5395.0,5400.0,5397.5,2.5429926e-05,0.00012714963,0
5400.0,5405.0,5402.5,3.297003e-05,0.00016485015,0
5405.0,5410.0,5407.5,2.7974872e-05,0.00013987436,0
5410.0,5415.0,5412.5,2.5348846e-05,0.00012674423,0
5415.0,5420.0,5417.5,3.681302e-05,0.0001840651,0
5420.0,5425.0,5422.5,3.434696e-05,0.0001717348,0
5425.0,5430.0,5427.5,2.542828e-05,0.0001271414,0
5430.0,5435.0,5432.5,4.555302e-05,0.0002277651,0
5435.0,5440.0,5437.5,3.0523974e-05,0.00015261987,0
5440.0,5445.0,5442.5,3.297372e-05,0.0001648686,0
5445.0,5450.0,5447.5,3.043889e-05,0.00015219445,0
5450.0,5455.0,5452.5,3.172829e-05,0.00015864145,0
5455.0,5460.0,5457.5,2.540898e-05,0.0001270449,0
5460.0,5465.0,5462.5,2.547884e-05,0.0001273942,0
5465.0,5470.0,5467.5,3.2931028e-05,0.00016465514,0
5470.0,5475.0,5472.5,4.183096e-05,0.0002091548,0
5475.0,5480.0,5477.5,4.193632e-05,0.0002096816,0
5480.0,5485.0,5482.5,3.936814e-05,0.0001968407,0
5485.0,5490.0,5487.5,3.177016e-05,0.0001588508,0
5490.0,5495.0,5492.5,3.682542e-05,0.0001841271,0
5495.0,5500.0,5497.5,3.304124e-05,0.0001652062,0
5500.0,5505.0,5502.5,2.5422386e-05,0.00012711193,0
5505.0,5510.0,5507.5,2.53764e-05,0.000126882,0
5510.0,5515.0,5512.5,3.176224e-05,0.0001588112,0
5515.0,5520.0,5517.5,2.4139666e-05,0.00012069833,0
5520.0,5525.0,5522.5,2.6613764e-05,0.00013306882,0
5525.0,5530.0,5527.5,2.6689394e-05,0.00013344697,0
5530.0,5535.0,5532.5,2.669281e-05,0.00013346405,0
5535.0,5540.0,5537.5,4.187757e-05,0.00020938785,0
5540.0,5545.0,5542.5,2.5371202e-05,0.00012685601,0
5545.0,5550.0,5547.5,2.800632e-05,0.0001400316,0
5550.0,5555.0,5552.5,2.411542e-05,0.0001205771,0
5555.0,5560.0,5557.5,2.1572926e-05,0.00010786463,0
5560.0,5565.0,5562.5,3.3002062e-05,0.00016501031,0
5565.0,5570.0,5567.5,2.6726776e-05,0.00013363388,0
5570.0,5575.0,5572.5,3.42496e-05,0.000171248,0
5575.0,5580.0,5577.5,2.4148956e-05,0.00012074478,0
5580.0,5585.0,5582.5,2.2893156e-05,0.00011446578,0
5585.0,5590.0,5587.5,3.1821516e-05,0.00015910758,0
5590.0,5595.0,5592.5,2.666394e-05,0.0001333197,0
5595.0,5600.0,5597.5,2.919753e-05,0.00014598765,0
5600.0,5605.0,5602.5,3.2989616e-05,0.00016494808,0
5605.0,5610.0,5607.5,3.548784e-05,0.0001774392,0
5610.0,5615.0,5612.5,2.287467e-05,0.00011437335,0
5615.0,5620.0,5617.5,2.5425876e-05,0.00012712938,0
5620.0,5625.0,5622.5,2.55251e-05,0.0001276255,0
5625.0,5630.0,5627.5,3.296173e-05,0.00016480865,0
5630.0,5635.0,5632.5,2.4126356e-05,0.00012063178,0
5635.0,5640.0,5637.5,3.5595986e-05,0.00017797993,0
5640.0,5645.0,5642.5,3.4312126e-05,0.00017156063,0
5645.0,5650.0,5647.5,2.4160062e-05,0.00012080031,0
5650.0,5655.0,5652.5,2.6663768e-05,0.00013331884,0
5655.0,5660.0,5657.5,3.306706e-05,0.0001653353,0
5660.0,5665.0,5662.5,3.3087826e-05,0.00016543913,0
5665.0,5670.0,5667.5,2.5451462e-05,0.00012725731,0
5670.0,5675.0,5672.5,4.052353e-05,0.00020261765,0
5675.0,5680.0,5677.5,3.4259064e-05,0.00017129532,0
5680.0,5685.0,5682.5,3.176903e-05,0.00015884515,0
5685.0,5690.0,5687.5,2.2921526e-05,0.00011460763,0
5690.0,5695.0,5692.5,2.0339828e-05,0.00010169914,0
5695.0,5700.0,5697.5,2.79208e-05,0.000139604,0
5700.0,5705.0,5702.5,2.414137e-05,0.00012070685,0
5705.0,5710.0,5707.5,1.6487832e-05,8.243916e-05,0
5710.0,5715.0,5712.5,2.796158e-05,0.0001398079,0
5715.0,5720.0,5717.5,3.169606e-05,0.0001584803,0
5720.0,5725.0,5722.5,3.555244e-05,0.0001777622,0
5725.0,5730.0,5727.5,2.0309944e-05,0.00010154972,0
5730.0,5735.0,5732.5,2.5468238e-05,0.00012734119,0
5735.0,5740.0,5737.5,2.795968e-05,0.0001397984,0
5740.0,5745.0,5742.5,3.0590716e-05,0.00015295358,0
5745.0,5750.0,5747.5,2.9302378e-05,0.00014651189,0
5750.0,5755.0,5752.5,3.421152e-05,0.0001710576,0
5755.0,5760.0,5757.5,3.689314e-05,0.0001844657,0
5760.0,5765.0,5762.5,2.286583e-05,0.00011432915,0
5765.0,5770.0,5767.5,4.060792e-05,0.0002030396,0
5770.0,5775.0,5772.5,2.5377998e-05,0.00012688999,0
5775.0,5780.0,5777.5,3.1858062e-05,0.00015929031,0
5780.0,5785.0,5782.5,2.6713954e-05,0.00013356977,0
5785.0,5790.0,5787.5,2.5353304e-05,0.00012676652,0
5790.0,5795.0,5792.5,3.1800256e-05,0.00015900128,0
5795.0,5800.0,5797.5,3.0502766e-05,0.00015251383,0
5800.0,5805.0,5802.5,3.3132762e-05,0.00016566381,0
5805.0,5810.0,5807.5,3.1765358e-05,0.00015882679,0
5810.0,5815.0,5812.5,2.6676546e-05,0.00013338273,0
5815.0,5820.0,5817.5,2.9290952e-05,0.00014645476,0
5820.0,5825.0,5822.5,2.7983882e-05,0.00013991941,0
5825.0,5830.0,5827.5,3.55923e-05,0.0001779615,0
5830.0,5835.0,5832.5,2.5460866e-05,0.00012730433,0
5835.0,5840.0,5837.5,3.17621e-05,0.0001588105,0
5840.0,5845.0,5842.5,2.0336676e-05,0.00010168338,0
5845.0,5850.0,5847.5,3.044016e-05,0.0001522008,0
5850.0,5855.0,5852.5,2.6634602e-05,0.00013317301,0
5855.0,5860.0,5857.5,1.5273478e-05,7.636739e-05,0
5860.0,5865.0,5862.5,2.7957502e-05,0.00013978751,0
5865.0,5870.0,5867.5,2.5394826e-05,0.00012697413,0
5870.0,5875.0,5872.5,3.426534e-05,0.0001713267,0
5875.0,5880.0,5877.5,2.1558826e-05,0.00010779413,0
5880.0,5885.0,5882.5,3.433436e-05,0.0001716718,0
5885.0,5890.0,5887.5,1.6494182e-05,8.247091e-05,0
5890.0,5895.0,5892.5,2.5395896e-05,0.00012697948,0
5895.0,5900.0,5897.5,2.5517086e-05,0.00012758543,0
5900.0,5905.0,5902.5,2.287668e-05,0.0001143834,0
5905.0,5910.0,5907.5,3.0484e-05,0.00015242,0
5910.0,5915.0,5912.5,3.423184e-05,0.0001711592,0
5915.0,5920.0,5917.5,3.29748e-05,0.000164874,0
5920.0,5925.0,5922.5,3.566172e-05,0.0001783086,0
5925.0,5930.0,5927.5,2.0371002e-05,0.00010185501,0
5930.0,5935.0,5932.5,3.053044e-05,0.0001526522,0
5935.0,5940.0,5937.5,2.7997636e-05,0.00013998818,0
5940.0,5945.0,5942.5,2.2829946e-05,0.00011414973,0
5945.0,5950.0,5947.5,4.067686e-05,0.0002033843,0
5950.0,5955.0,5952.5,2.6622562e-05,0.00013311281,0
5955.0,5960.0,5957.5,3.3014942e-05,0.00016507471,0
5960.0,5965.0,5962.5,3.2916814e-05,0.00016458407,0
5965.0,5970.0,5967.5,3.0487902e-05,0.00015243951,0
5970.0,5975.0,5972.5,1.6532638e-05,8.266319e-05,0
5975.0,5980.0,5977.5,4.17769e-05,0.0002088845,0
5980.0,5985.0,5982.5,2.410825e-05,0.00012054125,0
5985.0,5990.0,5987.5,3.933e-05,0.00019665,0
5990.0,5995.0,5992.5,1.9122218e-05,9.561109e-05,0
5995.0,6000.0,5997.5,2.798714e-05,0.0001399357,0
6000.0,6005.0,6002.5,3.5647716e-05,0.00017823858,0
6005.0,6010.0,6007.5,3.302604e-05,0.0001651302,0
6010.0,6015.0,6012.5,2.0362036e-05,0.00010181018,0
6015.0,6020.0,6017.5,3.0536516e-05,0.00015268258,0
6020.0,6025.0,6022.5,2.6756308e-05,0.00013378154,0
6025.0,6030.0,6027.5,2.5368876e-05,0.00012684438,0
6030.0,6035.0,6032.5,2.0288426e-05,0.00010144213,0
6035.0,6040.0,6037.5,2.407922e-05,0.0001203961,0
6040.0,6045.0,6042.5,2.0335676e-05,0.00010167838,0
6045.0,6050.0,6047.5,2.2838084e-05,0.00011419042,0
6050.0,6055.0,6052.5,2.032171e-05,0.00010160855,0
6055.0,6060.0,6057.5,2.0367998e-05,0.00010183999,0
6060.0,6065.0,6062.5,2.6683746e-05,0.00013341873,0
6065.0,6070.0,6067.5,2.5331452e-05,0.00012665726,0
6070.0,6075.0,6072.5,3.545518e-05,0.0001772759,0
6075.0,6080.0,6077.5,2.1569842e-05,0.00010784921,0
6080.0,6085.0,6082.5,2.542102e-05,0.0001271051,0
6085.0,6090.0,6087.5,3.307134e-05,0.0001653567,0
6090.0,6095.0,6092.5,2.7966566e-05,0.00013983283,0
6095.0,6100.0,6097.5,2.2828116e-05,0.00011414058,0
6100.0,6105.0,6102.5,2.539712e-05,0.0001269856,0
6105.0,6110.0,6107.5,2.1638718e-05,0.00010819359,0
6110.0,6115.0,6112.5,2.917504e-05,0.0001458752,0
6115.0,6120.0,6117.5,3.1750402e-05,0.00015875201,0
6120.0,6125.0,6122.5,3.554818e-05,0.0001777409,0
6125.0,6130.0,6127.5,1.7779516e-05,8.889758e-05,0
6130.0,6135.0,6132.5,2.158363e-05,0.00010791815,0
6135.0,6140.0,6137.5,2.1615296e-05,0.00010807648,0
6140.0,6145.0,6142.5,2.6712952e-05,0.00013356476,0
6145.0,6150.0,6147.5,3.54708e-05,0.000177354,0
6150.0,6155.0,6152.5,3.4286766e-05,0.00017143383,0
6155.0,6160.0,6157.5,2.807403e-05,0.00014037015,0
6160.0,6165.0,6162.5,3.436165e-05,0.00017180825,0
6165.0,6170.0,6167.5,1.6563788e-05,8.281894e-05,0
6170.0,6175.0,6172.5,3.1823206e-05,0.00015911603,0
6175.0,6180.0,6177.5,3.43303e-05,0.0001716515,0
6180.0,6185.0,6182.5,2.4149708e-05,0.00012074854,0
6185.0,6190.0,6187.5,2.0321082e-05,0.00010160541,0
6190.0,6195.0,6192.5,3.0523546e-05,0.00015261773,0
6195.0,6200.0,6197.5,2.5353304e-05,0.00012676652,0
6200.0,6205.0,6202.5,2.653794e-05,0.0001326897,0
6205.0,6210.0,6207.5,2.66863e-05,0.0001334315,0
6210.0,6215.0,6212.5,3.0477326e-05,0.00015238663,0
6215.0,6220.0,6217.5,1.908581e-05,9.542905e-05,0
6220.0,6225.0,6222.5,3.0510986e-05,0.00015255493,0
6225.0,6230.0,6227.5,2.408456e-05,0.0001204228,0
6230.0,6235.0,6232.5,2.0306836e-05,0.00010153418,0
6235.0,6240.0,6237.5,2.28372e-05,0.000114186,0
6240.0,6245.0,6242.5,2.799668e-05,0.0001399834,0
6245.0,6250.0,6247.5,2.9244104e-05,0.00014622052,0
6250.0,6255.0,6252.5,2.0342438e-05,0.00010171219,0
6255.0,6260.0,6257.5,2.2929542e-05,0.00011464771,0
6260.0,6265.0,6262.5,2.2850846e-05,0.00011425423,0
6265.0,6270.0,6267.5,2.541907e-05,0.00012709535,0
6270.0,6275.0,6272.5,2.6704186e-05,0.00013352093,0
6275.0,6280.0,6277.5,2.914211e-05,0.00014571055,0
6280.0,6285.0,6282.5,3.434508e-05,0.0001717254,0
6285.0,6290.0,6287.5,1.7786882e-05,8.893441e-05,0
6290.0,6295.0,6292.5,2.1605164e-05,0.00010802582,0
6295.0,6300.0,6297.5,2.6651516e-05,0.00013325758,0
6300.0,6305.0,6302.5,2.9227572e-05,0.00014613786,0
6305.0,6310.0,6307.5,2.4150686e-05,0.00012075343,0
6310.0,6315.0,6312.5,2.7854356e-05,0.00013927178,0
6315.0,6320.0,6317.5,1.903124e-05,9.51562e-05,0
6320.0,6325.0,6322.5,2.4156016e-05,0.00012078008,0
6325.0,6330.0,6327.5,3.293936e-05,0.0001646968,0
6330.0,6335.0,6332.5,2.411701e-05,0.00012058505,0
6335.0,6340.0,6337.5,2.923454e-05,0.0001461727,0
6340.0,6345.0,6342.5,2.2939928e-05,0.00011469964,0
6345.0,6350.0,6347.5,1.912658e-05,9.56329e-05,0
6350.0,6355.0,6352.5,1.7797062e-05,8.898531e-05,0
6355.0,6360.0,6357.5,2.285642e-05,0.0001142821,0
6360.0,6365.0,6362.5,3.3092922e-05,0.00016546461,0
6365.0,6370.0,6367.5,2.0344726e-05,0.00010172363,0
6370.0,6375.0,6372.5,2.4145236e-05,0.00012072618,0
6375.0,6380.0,6377.5,2.2826356e-05,0.00011413178,0
6380.0,6385.0,6382.5,1.7811538e-05,8.905769e-05,0
6385.0,6390.0,6387.5,1.6577378e-05,8.288689e-05,0
6390.0,6395.0,6392.5,2.280231e-05,0.00011401155,0
6395.0,6400.0,6397.5,2.6666426e-05,0.00013333213,0
6400.0,6405.0,6402.5,2.413972e-05,0.0001206986,0
6405.0,6410.0,6407.5,1.3936706e-05,6.968353e-05,0
6410.0,6415.0,6412.5,2.408323e-05,0.00012041615,0
6415.0,6420.0,6417.5,2.792886e-05,0.0001396443,0
6420.0,6425.0,6422.5,2.2895942e-05,0.00011447971,0
6425.0,6430.0,6427.5,2.53874e-05,0.000126937,0
6430.0,6435.0,6432.5,1.9085518e-05,9.542759e-05,0
6435.0,6440.0,6437.5,2.5364146e-05,0.00012682073,0
6440.0,6445.0,6442.5,1.7727242e-05,8.863621e-05,0
6445.0,6450.0,6447.5,2.1643596e-05,0.00010821798,0
6450.0,6455.0,6452.5,2.1567542e-05,0.00010783771,0
6455.0,6460.0,6457.5,1.9061206e-05,9.530603e-05,0
6460.0,6465.0,6462.5,3.1667006e-05,0.00015833503,0
6465.0,6470.0,6467.5,2.668987e-05,0.00013344935,0
6470.0,6475.0,6472.5,1.9061326e-05,9.530663e-05,0
6475.0,6480.0,6477.5,2.0364758e-05,0.00010182379,0
6480.0,6485.0,6482.5,3.4362176e-05,0.00017181088,0
6485.0,6490.0,6487.5,2.1564686e-05,0.00010782343,0
6490.0,6495.0,6492.5,1.6549296e-05,8.274648e-05,0
6495.0,6500.0,6497.5,2.5459852e-05,0.00012729926,0
6500.0,6505.0,6502.5,2.289578e-05,0.0001144789,0
6505.0,6510.0,6507.5,2.8088092e-05,0.00014044046,0
6510.0,6515.0,6512.5,1.9089142e-05,9.544571e-05,0
6515.0,6520.0,6517.5,2.6687476e-05,0.00013343738,0
6520.0,6525.0,6522.5,2.2924036e-05,0.00011462018,0
6525.0,6530.0,6527.5,3.6815394e-05,0.00018407697,0
6530.0,6535.0,6532.5,2.7898246e-05,0.00013949123,0
6535.0,6540.0,6537.5,2.6651062e-05,0.00013325531,0
6540.0,6545.0,6542.5,3.301606e-05,0.0001650803,0
6545.0,6550.0,6547.5,2.6758652e-05,0.00013379326,0
6550.0,6555.0,6552.5,2.0297052e-05,0.00010148526,0
6555.0,6560.0,6557.5,2.53408e-05,0.000126704,0
6560.0,6565.0,6562.5,2.2862902e-05,0.00011431451,0
6565.0,6570.0,6567.5,2.7926586e-05,0.00013963293,0
6570.0,6575.0,6572.5,2.7912246e-05,0.00013956123,0
6575.0,6580.0,6577.5,2.0323772e-05,0.00010161886,0
6580.0,6585.0,6582.5,1.9074716e-05,9.537358e-05,0
6585.0,6590.0,6587.5,3.432226e-05,0.0001716113,0
6590.0,6595.0,6592.5,1.3988788e-05,6.994394e-05,0
6595.0,6600.0,6597.5,3.1847882e-05,0.00015923941,0
6600.0,6605.0,6602.5,3.305902e-05,0.0001652951,0
6605.0,6610.0,6607.5,2.420676e-05,0.0001210338,0
6610.0,6615.0,6612.5,3.044738e-05,0.0001522369,0
6615.0,6620.0,6617.5,1.521483e-05,7.607415e-05,0
6620.0,6625.0,6622.5,2.4083944e-05,0.00012041972,0
6625.0,6630.0,6627.5,2.6717126e-05,0.00013358563,0
6630.0,6635.0,6632.5,2.923208e-05,0.0001461604,0
6635.0,6640.0,6637.5,1.8944382e-05,9.472191e-05,0
6640.0,6645.0,6642.5,1.9071974e-05,9.535987e-05,0
6645.0,6650.0,6647.5,2.4169346e-05,0.00012084673,0
6650.0,6655.0,6652.5,2.1638466e-05,0.00010819233,0
6655.0,6660.0,6657.5,3.168182e-05,0.0001584091,0
6660.0,6665.0,6662.5,2.161026e-05,0.0001080513,0
6665.0,6670.0,6667.5,2.1623246e-05,0.00010811623,0
6670.0,6675.0,6672.5,2.796047e-05,0.00013980235,0
6675.0,6680.0,6677.5,2.034665e-05,0.00010173325,0
6680.0,6685.0,6682.5,2.418348e-05,0.0001209174,0
6685.0,6690.0,6687.5,2.287439e-05,0.00011437195,0
6690.0,6695.0,6692.5,2.6608522e-05,0.00013304261,0
6695.0,6700.0,6697.5,2.0303194e-05,0.00010151597,0
6700.0,6705.0,6702.5,2.4172878e-05,0.00012086439,0
6705.0,6710.0,6707.5,2.2876736e-05,0.00011438368,0
6710.0,6715.0,6712.5,2.2827362e-05,0.00011413681,0
6715.0,6720.0,6717.5,2.409457e-05,0.00012047285,0
6720.0,6725.0,6722.5,3.0537192e-05,0.00015268596,0
6725.0,6730.0,6727.5,2.7987998e-05,0.00013993999,0
6730.0,6735.0,6732.5,2.5438416e-05,0.00012719208,0
6735.0,6740.0,6737.5,1.9104676e-05,9.552338e-05,0
6740.0,6745.0,6742.5,2.2964982e-05,0.00011482491,0
6745.0,6750.0,6747.5,1.7837012e-05,8.918506e-05,0
6750.0,6755.0,6752.5,1.654017e-05,8.270085e-05,0
6755.0,6760.0,6757.5,2.2843316e-05,0.00011421658,0
6760.0,6765.0,6762.5,2.1608838e-05,0.00010804419,0
6765.0,6770.0,6767.5,2.0341828e-05,0.00010170914,0
6770.0,6775.0,6772.5,3.1794946e-05,0.00015897473,0
6775.0,6780.0,6777.5,2.6648278e-05,0.00013324139,0
6780.0,6785.0,6782.5,2.4140162e-05,0.00012070081,0
6785.0,6790.0,6787.5,2.159204e-05,0.0001079602,0
6790.0,6795.0,6792.5,1.7821182e-05,8.910591e-05,0
6795.0,6800.0,6797.5,2.292642e-05,0.0001146321,0
6800.0,6805.0,6802.5,2.1653634e-05,0.00010826817,0
6805.0,6810.0,6807.5,2.296876e-05,0.0001148438,0
6810.0,6815.0,6812.5,2.0316866e-05,0.00010158433,0
6815.0,6820.0,6817.5,1.646496e-05,8.23248e-05,0
6820.0,6825.0,6822.5,2.1546872e-05,0.00010773436,0
6825.0,6830.0,6827.5,1.7758804e-05,8.879402e-05,0
6830.0,6835.0,6832.5,2.294723e-05,0.00011473615,0
6835.0,6840.0,6837.5,1.7775464e-05,8.887732e-05,0
6840.0,6845.0,6842.5,2.535851e-05,0.00012679255,0
6845.0,6850.0,6847.5,1.6487986e-05,8.243993e-05,0
6850.0,6855.0,6852.5,2.9230828e-05,0.00014615414,0
6855.0,6860.0,6857.5,2.917179e-05,0.00014585895,0
6860.0,6865.0,6862.5,1.7823386e-05,8.911693e-05,0
6865.0,6870.0,6867.5,3.186742e-05,0.0001593371,0
6870.0,6875.0,6872.5,1.778261e-05,8.891305e-05,0
6875.0,6880.0,6877.5,2.275427e-05,0.00011377135,0
6880.0,6885.0,6882.5,8.896036e-06,4.448018e-05,0
6885.0,6890.0,6887.5,2.1580274e-05,0.00010790137,0
6890.0,6895.0,6892.5,1.9063166e-05,9.531583e-05,0
6895.0,6900.0,6897.5,2.0341666e-05,0.00010170833,0
6900.0,6905.0,6902.5,1.2787362e-05,6.393681e-05,0
6905.0,6910.0,6907.5,1.903226e-05,9.51613e-05,0
6910.0,6915.0,6912.5,2.4171306e-05,0.00012085653,0
6915.0,6920.0,6917.5,1.0197514e-05,5.098757e-05,0
6920.0,6925.0,6922.5,2.0275984e-05,0.00010137992,0
6925.0,6930.0,6927.5,2.2901998e-05,0.00011450999,0
6930.0,6935.0,6932.5,2.6604268e-05,0.00013302134,0
6935.0,6940.0,6937.5,1.9111824e-05,9.555912e-05,0
6940.0,6945.0,6942.5,2.4138066e-05,0.00012069033,0
6945.0,6950.0,6947.5,2.0332246e-05,0.00010166123,0
6950.0,6955.0,6952.5,1.1416486e-05,5.708243e-05,0
6955.0,6960.0,6957.5,2.0375536e-05,0.00010187768,0
6960.0,6965.0,6962.5,2.023886e-05,0.0001011943,0
6965.0,6970.0,6967.5,3.0507862e-05,0.00015253931,0
6970.0,6975.0,6972.5,3.0482908e-05,0.00015241454,0
6975.0,6980.0,6977.5,2.0293586e-05,0.00010146793,0
6980.0,6985.0,6982.5,1.9086104e-05,9.543052e-05,0
6985.0,6990.0,6987.5,2.4156906e-05,0.00012078453,0
6990.0,6995.0,6992.5,2.4144002e-05,0.00012072001,0
6995.0,7000.0,6997.5,1.9060722e-05,9.530361e-05,0
7000.0,7005.0,7002.5,1.7823392e-05,8.911696e-05,0
7005.0,7010.0,7007.5,2.9251406e-05,0.00014625703,0
7010.0,7015.0,7012.5,1.274302e-05,6.37151e-05,0
7015.0,7020.0,7017.5,2.4104538e-05,0.00012052269,0
7020.0,7025.0,7022.5,1.770003e-05,8.850015e-05,0
7025.0,7030.0,7027.5,2.5481102e-05,0.00012740551,0
7030.0,7035.0,7032.5,1.648722e-05,8.24361e-05,0
7035.0,7040.0,7037.5,1.7763252e-05,8.881626e-05,0
7040.0,7045.0,7042.5,2.2832906e-05,0.00011416453,0
7045.0,7050.0,7047.5,2.4162546e-05,0.00012081273,0
7050.0,7055.0,7052.5,2.1559086e-05,0.00010779543,0
7055.0,7060.0,7057.5,1.7782422e-05,8.891211e-05,0
7060.0,7065.0,7062.5,1.9001246e-05,9.500623e-05,0
7065.0,7070.0,7067.5,1.9066742e-05,9.533371e-05,0
7070.0,7075.0,7072.5,2.541969e-05,0.00012709845,0
7075.0,7080.0,7077.5,1.6430754e-05,8.215377e-05,0
7080.0,7085.0,7082.5,1.5250226e-05,7.625113e-05,0
7085.0,7090.0,7087.5,3.180444e-05,0.0001590222,0
7090.0,7095.0,7092.5,1.526112e-05,7.63056e-05,0
7095.0,7100.0,7097.5,2.1563782e-05,0.00010781891,0
7100.0,7105.0,7102.5,2.2882408e-05,0.00011441204,0
7105.0,7110.0,7107.5,1.646584e-05,8.23292e-05,0
7110.0,7115.0,7112.5,2.295426e-05,0.0001147713,0
7115.0,7120.0,7117.5,1.6565522e-05,8.282761e-05,0
7120.0,7125.0,7122.5,2.161715e-05,0.00010808575,0
7125.0,7130.0,7127.5,2.414739e-05,0.00012073695,0
7130.0,7135.0,7132.5,3.428832e-05,0.0001714416,0
7135.0,7140.0,7137.5,2.2897676e-05,0.00011448838,0
7140.0,7145.0,7142.5,1.9032822e-05,9.516411e-05,0
7145.0,7150.0,7147.5,1.5291816e-05,7.645908e-05,0
7150.0,7155.0,7152.5,1.9010894e-05,9.505447e-05,0
7155.0,7160.0,7157.5,1.7820256e-05,8.910128e-05,0
7160.0,7165.0,7162.5,2.2947908e-05,0.00011473954,0
7165.0,7170.0,7167.5,1.9026946e-05,9.513473e-05,0
7170.0,7175.0,7172.5,2.6685526e-05,0.00013342763,0
7175.0,7180.0,7177.5,2.278968e-05,0.0001139484,0
7180.0,7185.0,7182.5,2.7893574e-05,0.00013946787,0
7185.0,7190.0,7187.5,1.396456e-05,6.98228e-05,0
7190.0,7195.0,7192.5,2.540127e-05,0.00012700635,0
7195.0,7200.0,7197.5,1.781225e-05,8.906125e-05,0
7200.0,7205.0,7202.5,2.4143286e-05,0.00012071643,0
7205.0,7210.0,7207.5,1.5261282e-05,7.630641e-05,0
7210.0,7215.0,7212.5,1.1419018e-05,5.709509e-05,0
7215.0,7220.0,7217.5,1.6568798e-05,8.284399e-05,0
7220.0,7225.0,7222.5,2.9315666e-05,0.00014657833,0
7225.0,7230.0,7227.5,1.773777e-05,8.868885e-05,0
7230.0,7235.0,7232.5,1.906423e-05,9.532115e-05,0
7235.0,7240.0,7237.5,2.5401972e-05,0.00012700986,0
7240.0,7245.0,7242.5,1.530995e-05,7.654975e-05,0
7245.0,7250.0,7247.5,2.415892e-05,0.0001207946,0
7250.0,7255.0,7252.5,2.0292076e-05,0.00010146038,0
7255.0,7260.0,7257.5,1.7786452e-05,8.893226e-05,0
7260.0,7265.0,7262.5,1.7780052e-05,8.890026e-05,0
7265.0,7270.0,7267.5,2.289644e-05,0.0001144822,0
7270.0,7275.0,7272.5,2.1547626e-05,0.00010773813,0
7275.0,7280.0,7277.5,1.012346e-05,5.06173e-05,0
7280.0,7285.0,7282.5,1.657269e-05,8.286345e-05,0
7285.0,7290.0,7287.5,2.0334856e-05,0.00010167428,0
7290.0,7295.0,7292.5,2.5435316e-05,0.00012717658,0
7295.0,7300.0,7297.5,3.047702e-05,0.0001523851,0
7300.0,7305.0,7302.5,2.2914938e-05,0.00011457469,0
7305.0,7310.0,7307.5,1.275008e-05,6.37504e-05,0
7310.0,7315.0,7312.5,2.419074e-05,0.0001209537,0
7315.0,7320.0,7317.5,3.1771816e-05,0.00015885908,0
7320.0,7325.0,7322.5,2.4116886e-05,0.00012058443,0
7325.0,7330.0,7327.5,1.6453616e-05,8.226808e-05,0
7330.0,7335.0,7332.5,2.0302406e-05,0.00010151203,0
7335.0,7340.0,7337.5,1.9076434e-05,9.538217e-05,0
7340.0,7345.0,7342.5,1.0171386e-05,5.085693e-05,0
7345.0,7350.0,7347.5,1.6492632e-05,8.246316e-05,0
7350.0,7355.0,7352.5,2.286215e-05,0.00011431075,0
7355.0,7360.0,7357.5,2.9210142e-05,0.00014605071,0
7360.0,7365.0,7362.5,1.142797e-05,5.713985e-05,0
7365.0,7370.0,7367.5,1.5227998e-05,7.613999e-05,0
7370.0,7375.0,7372.5,2.6633106e-05,0.00013316553,0
7375.0,7380.0,7377.5,2.4100694e-05,0.00012050347,0
7380.0,7385.0,7382.5,2.5540626e-05,0.00012770313,0
7385.0,7390.0,7387.5,1.5293666e-05,7.646833e-05,0
7390.0,7395.0,7392.5,3.0546286e-05,0.00015273143,0
7395.0,7400.0,7397.5,1.270295e-05,6.351475e-05,0
7400.0,7405.0,7402.5,2.0373334e-05,0.00010186667,0
7405.0,7410.0,7407.5,2.788518e-05,0.0001394259,0
7410.0,7415.0,7412.5,2.032142e-05,0.0001016071,0
7415.0,7420.0,7417.5,1.7739384e-05,8.869692e-05,0
7420.0,7425.0,7422.5,1.6549916e-05,8.274958e-05,0
7425.0,7430.0,7427.5,2.783249e-05,0.00013916245,0
7430.0,7435.0,7432.5,1.9037584e-05,9.518792e-05,0
7435.0,7440.0,7437.5,2.5448014e-05,0.00012724007,0
7440.0,7445.0,7442.5,1.0153556e-05,5.076778e-05,0
7445.0,7450.0,7447.5,1.3983902e-05,6.991951e-05,0
7450.0,7455.0,7452.5,2.4167538e-05,0.00012083769,0
7455.0,7460.0,7457.5,2.419613e-05,0.00012098065,0
7460.0,7465.0,7462.5,8.90834e-06,4.45417e-05,0
7465.0,7470.0,7467.5,2.0367106e-05,0.00010183553,0
7470.0,7475.0,7472.5,1.6506962e-05,8.253481e-05,0
7475.0,7480.0,7477.5,2.035378e-05,0.0001017689,0
7480.0,7485.0,7482.5,1.7826182e-05,8.913091e-05,0
7485.0,7490.0,7487.5,1.5260966e-05,7.630483e-05,0
7490.0,7495.0,7492.5,1.6527364e-05,8.263682e-05,0
7495.0,7500.0,7497.5,1.9089234e-05,9.544617e-05,0
7500.0,7505.0,7502.5,2.2866702e-05,0.00011433351,0
7505.0,7510.0,7507.5,1.77862e-05,8.8931e-05,0
7510.0,7515.0,7512.5,1.3985614e-05,6.992807e-05,0
7515.0,7520.0,7517.5,2.1683886e-05,0.00010841943,0
7520.0,7525.0,7522.5,1.7756068e-05,8.878034e-05,0
7525.0,7530.0,7527.5,1.3993302e-05,6.996651e-05,0
7530.0,7535.0,7532.5,8.911974e-06,4.455987e-05,0
7535.0,7540.0,7537.5,1.524273e-05,7.621365e-05,0
7540.0,7545.0,7542.5,8.905262e-06,4.452631e-05,0
7545.0,7550.0,7547.5,1.0213896e-05,5.106948e-05,0
7550.0,7555.0,7552.5,2.29403e-05,0.0001147015,0
7555.0,7560.0,7557.5,1.775894e-05,8.87947e-05,0
7560.0,7565.0,7562.5,1.1419106e-05,5.709553e-05,0
7565.0,7570.0,7567.5,1.766386e-05,8.83193e-05,0
7570.0,7575.0,7572.5,8.8617e-06,4.43085e-05,0
7575.0,7580.0,7577.5,2.163845e-05,0.00010819225,0
7580.0,7585.0,7582.5,1.5193452e-05,7.596726e-05,0
7585.0,7590.0,7587.5,2.2828822e-05,0.00011414411,0
7590.0,7595.0,7592.5,1.268973e-05,6.344865e-05,0
7595.0,7600.0,7597.5,1.1438892e-05,5.719446e-05,0
7600.0,7605.0,7602.5,1.7789644e-05,8.894822e-05,0
7605.0,7610.0,7607.5,1.7752216e-05,8.876108e-05,0
7610.0,7615.0,7612.5,1.5246604e-05,7.623302e-05,0
7615.0,7620.0,7617.5,1.3959346e-05,6.979673e-05,0
7620.0,7625.0,7622.5,2.0256686e-05,0.00010128343,0
7625.0,7630.0,7627.5,1.2692636e-05,6.346318e-05,0
7630.0,7635.0,7632.5,1.902352e-05,9.51176e-05,0
7635.0,7640.0,7637.5,1.5229004e-05,7.614502e-05,0
7640.0,7645.0,7642.5,1.9092998e-05,9.546499e-05,0
7645.0,7650.0,7647.5,1.5189522e-05,7.594761e-05,0
7650.0,7655.0,7652.5,1.7740436e-05,8.870218e-05,0
7655.0,7660.0,7657.5,1.9094486e-05,9.547243e-05,0
7660.0,7665.0,7662.5,2.4211014e-05,0.00012105507,0
7665.0,7670.0,7667.5,1.1433872e-05,5.716936e-05,0
7670.0,7675.0,7672.5,2.7945702e-05,0.00013972851,0
7675.0,7680.0,7677.5,1.0196432e-05,5.098216e-05,0
7680.0,7685.0,7682.5,2.667614e-05,0.0001333807,0
7685.0,7690.0,7687.5,1.3997298e-05,6.998649e-05,0
7690.0,7695.0,7692.5,2.1481586e-05,0.00010740793,0
7695.0,7700.0,7697.5,2.1627876e-05,0.00010813938,0
7700.0,7705.0,7702.5,1.6541944e-05,8.270972e-05,0
7705.0,7710.0,7707.5,1.6559932e-05,8.279966e-05,0
7710.0,7715.0,7712.5,2.536544e-05,0.0001268272,0
7715.0,7720.0,7717.5,2.2936e-05,0.00011468,0
7720.0,7725.0,7722.5,1.650635e-05,8.253175e-05,0
7725.0,7730.0,7727.5,1.3966e-05,6.983e-05,0
7730.0,7735.0,7732.5,8.925836e-06,4.462918e-05,0
7735.0,7740.0,7737.5,1.2738162e-05,6.369081e-05,0
7740.0,7745.0,7742.5,6.341014e-06,3.170507e-05,0
7745.0,7750.0,7747.5,1.402819e-05,7.014095e-05,0
7750.0,7755.0,7752.5,2.0263626e-05,0.00010131813,0
7755.0,7760.0,7757.5,1.7854796e-05,8.927398e-05,0
7760.0,7765.0,7762.5,1.3949336e-05,6.974668e-05,0
7765.0,7770.0,7767.5,7.637286e-06,3.818643e-05,0
7770.0,7775.0,7772.5,1.1452426e-05,5.726213e-05,0
7775.0,7780.0,7777.5,1.5237572e-05,7.618786e-05,0
7780.0,7785.0,7782.5,1.2703046e-05,6.351523e-05,0
7785.0,7790.0,7787.5,1.5256596e-05,7.628298e-05,0
7790.0,7795.0,7792.5,1.0143982e-05,5.071991e-05,0
7795.0,7800.0,7797.5,2.160511e-05,0.00010802555,0
7800.0,7805.0,7802.5,2.5391866e-05,0.00012695933,0
7805.0,7810.0,7807.5,1.391713e-05,6.958565e-05,0
7810.0,7815.0,7812.5,1.1459726e-05,5.729863e-05,0
7815.0,7820.0,7817.5,2.0354334e-05,0.00010177167,0
7820.0,7825.0,7822.5,1.2698028e-05,6.349014e-05,0
7825.0,7830.0,7827.5,1.4028506e-05,7.014253e-05,0
7830.0,7835.0,7832.5,1.3981696e-05,6.990848e-05,0
7835.0,7840.0,7837.5,1.915718e-05,9.57859e-05,0
7840.0,7845.0,7842.5,1.1468066e-05,5.734033e-05,0
7845.0,7850.0,7847.5,1.7815206e-05,8.907603e-05,0
7850.0,7855.0,7852.5,1.654751e-05,8.273755e-05,0
7855.0,7860.0,7857.5,1.39036e-05,6.9518e-05,0
7860.0,7865.0,7862.5,1.2714828e-05,6.357414e-05,0
7865.0,7870.0,7867.5,2.4159276e-05,0.00012079638,0
7870.0,7875.0,7872.5,1.2740866e-05,6.370433e-05,0
7875.0,7880.0,7877.5,2.280948e-05,0.0001140474,0
7880.0,7885.0,7882.5,1.647994e-05,8.23997e-05,0
7885.0,7890.0,7887.5,1.2696908e-05,6.348454e-05,0
7890.0,7895.0,7892.5,1.6592e-05,8.296e-05,0
7895.0,7900.0,7897.5,2.1628412e-05,0.00010814206,0
7900.0,7905.0,7902.5,1.3932122e-05,6.966061e-05,0
7905.0,7910.0,7907.5,1.0204986e-05,5.102493e-05,0
7910.0,7915.0,7912.5,2.1687858e-05,0.00010843929,0
7915.0,7920.0,7917.5,1.1475678e-05,5.737839e-05,0
7920.0,7925.0,7922.5,1.1453996e-05,5.726998e-05,0
7925.0,7930.0,7927.5,1.6502826e-05,8.251413e-05,0
7930.0,7935.0,7932.5,2.1682356e-05,0.00010841178,0
7935.0,7940.0,7937.5,1.649962e-05,8.24981e-05,0
7940.0,7945.0,7942.5,1.5262042e-05,7.631021e-05,0
7945.0,7950.0,7947.5,1.9079844e-05,9.539922e-05,0
7950.0,7955.0,7952.5,1.2716672e-05,6.358336e-05,0
7955.0,7960.0,7957.5,1.7737534e-05,8.868767e-05,0
7960.0,7965.0,7962.5,1.8960872e-05,9.480436e-05,0
7965.0,7970.0,7967.5,2.2901186e-05,0.00011450593,0
7970.0,7975.0,7972.5,1.1488142e-05,5.744071e-05,0
7975.0,7980.0,7977.5,1.4045646e-05,7.022823e-05,0
7980.0,7985.0,7982.5,1.0121588e-05,5.060794e-05,0
7985.0,7990.0,7987.5,2.4111106e-05,0.00012055553,0
7990.0,7995.0,7992.5,1.906426e-05,9.53213e-05,0
7995.0,8000.0,7997.5,7.580812e-06,3.790406e-05,0
8000.0,8005.0,8002.5,1.5245442e-05,7.622721e-05,0
8005.0,8010.0,8007.5,1.2759442e-05,6.379721e-05,0
8010.0,8015.0,8012.5,2.0412222e-05,0.00010206111,0
8015.0,8020.0,8017.5,1.7821616e-05,8.910808e-05,0
8020.0,8025.0,8022.5,1.7828328e-05,8.914164e-05,0
8025.0,8030.0,8027.5,1.1459254e-05,5.729627e-05,0
8030.0,8035.0,8032.5,1.5312846e-05,7.656423e-05,0
8035.0,8040.0,8037.5,1.6566742e-05,8.283371e-05,0
8040.0,8045.0,8042.5,1.1419866e-05,5.709933e-05,0
8045.0,8050.0,8047.5,2.2823474e-05,0.00011411737,0
8050.0,8055.0,8052.5,1.3913866e-05,6.956933e-05,0
8055.0,8060.0,8057.5,1.275228e-05,6.37614e-05,0
8060.0,8065.0,8062.5,1.9059564e-05,9.529782e-05,0
8065.0,8070.0,8067.5,2.161662e-05,0.0001080831,0
8070.0,8075.0,8072.5,1.6574542e-05,8.287271e-05,0
8075.0,8080.0,8077.5,1.7749114e-05,8.874557e-05,0
8080.0,8085.0,8082.5,1.8985804e-05,9.492902e-05,0
8085.0,8090.0,8087.5,1.5282426e-05,7.641213e-05,0
8090.0,8095.0,8092.5,2.1666248e-05,0.00010833124,0
8095.0,8100.0,8097.5,2.0239742e-05,0.00010119871,0
8100.0,8105.0,8102.5,1.7833008e-05,8.916504e-05,0
8105.0,8110.0,8107.5,2.1633148e-05,0.00010816574,0
8110.0,8115.0,8112.5,1.262248e-05,6.31124e-05,0
8115.0,8120.0,8117.5,1.649016e-05,8.24508e-05,0
8120.0,8125.0,8122.5,2.284162e-05,0.0001142081,0
8125.0,8130.0,8127.5,1.6537842e-05,8.268921e-05,0
8130.0,8135.0,8132.5,1.6530422e-05,8.265211e-05,0
8135.0,8140.0,8137.5,1.777383e-05,8.886915e-05,0
8140.0,8145.0,8142.5,2.2847586e-05,0.00011423793,0
8145.0,8150.0,8147.5,1.7735534e-05,8.867767e-05,0
8150.0,8155.0,8152.5,1.0098266e-05,5.049133e-05,0
8155.0,8160.0,8157.5,2.1630734e-05,0.00010815367,0
8160.0,8165.0,8162.5,8.916696e-06,4.458348e-05,0
8165.0,8170.0,8167.5,1.7748808e-05,8.874404e-05,0
8170.0,8175.0,8172.5,1.7750614e-05,8.875307e-05,0
8175.0,8180.0,8177.5,1.6492566e-05,8.246283e-05,0
8180.0,8185.0,8182.5,1.9019892e-05,9.509946e-05,0
8185.0,8190.0,8187.5,2.2882932e-05,0.00011441466,0
8190.0,8195.0,8192.5,1.4003506e-05,7.001753e-05,0
8195.0,8200.0,8197.5,8.898452e-06,4.449226e-05,0
8200.0,8205.0,8202.5,1.6514656e-05,8.257328e-05,0
8205.0,8210.0,8207.5,1.1419826e-05,5.709913e-05,0
8210.0,8215.0,8212.5,2.4172236e-05,0.00012086118,0
8215.0,8220.0,8217.5,1.9061798e-05,9.530899e-05,0
8220.0,8225.0,8222.5,1.9051076e-05,9.525538e-05,0
8225.0,8230.0,8227.5,1.9064632e-05,9.532316e-05,0
8230.0,8235.0,8232.5,1.9088328e-05,9.544164e-05,0
8235.0,8240.0,8237.5,1.7751308e-05,8.875654e-05,0
8240.0,8245.0,8242.5,1.0188652e-05,5.094326e-05,0
8245.0,8250.0,8247.5,1.2733992e-05,6.366996e-05,0
8250.0,8255.0,8252.5,2.0300374e-05,0.00010150187,0
8255.0,8260.0,8257.5,1.3937592e-05,6.968796e-05,0
8260.0,8265.0,8262.5,2.1641768e-05,0.00010820884,0
8265.0,8270.0,8267.5,1.2648926e-05,6.324463e-05,0
8270.0,8275.0,8272.5,1.6493116e-05,8.246558e-05,0
8275.0,8280.0,8277.5,1.650706e-05,8.25353e-05,0
8280.0,8285.0,8282.5,1.0180882e-05,5.090441e-05,0
8285.0,8290.0,8287.5,1.010348e-05,5.05174e-05,0
8290.0,8295.0,8292.5,1.2618046e-05,6.309023e-05,0
8295.0,8300.0,8297.5,1.1454136e-05,5.727068e-05,0
8300.0,8305.0,8302.5,1.6587212e-05,8.293606e-05,0
8305.0,8310.0,8307.5,1.5214824e-05,7.607412e-05,0
8310.0,8315.0,8312.5,1.3972302e-05,6.986151e-05,0
8315.0,8320.0,8317.5,1.019954e-05,5.09977e-05,0
8320.0,8325.0,8322.5,1.3977906e-05,6.988953e-05,0
8325.0,8330.0,8327.5,2.412701e-05,0.00012063505,0
8330.0,8335.0,8332.5,1.5268792e-05,7.634396e-05,0
8335.0,8340.0,8337.5,8.874014e-06,4.437007e-05,0
8340.0,8345.0,8342.5,1.5308918e-05,7.654459e-05,0
8345.0,8350.0,8347.5,8.916996e-06,4.458498e-05,0
8350.0,8355.0,8352.5,1.012685e-05,5.063425e-05,0
8355.0,8360.0,8357.5,1.5275866e-05,7.637933e-05,0
8360.0,8365.0,8362.5,1.40077e-05,7.00385e-05,0
8365.0,8370.0,8367.5,1.3889564e-05,6.944782e-05,0
8370.0,8375.0,8372.5,1.5260862e-05,7.630431e-05,0
8375.0,8380.0,8377.5,1.6526864e-05,8.263432e-05,0
8380.0,8385.0,8382.5,1.0160154e-05,5.080077e-05,0
8385.0,8390.0,8387.5,6.32379e-06,3.161895e-05,0
8390.0,8395.0,8392.5,1.5214562e-05,7.607281e-05,0
8395.0,8400.0,8397.5,2.1570296e-05,0.00010785148,0
8400.0,8405.0,8402.5,2.419154e-05,0.0001209577,0
8405.0,8410.0,8407.5,1.5243294e-05,7.621647e-05,0
8410.0,8415.0,8412.5,7.635064e-06,3.817532e-05,0
8415.0,8420.0,8417.5,1.527193e-05,7.635965e-05,0
8420.0,8425.0,8422.5,1.520647e-05,7.603235e-05,0
8425.0,8430.0,8427.5,1.1375454e-05,5.687727e-05,0
8430.0,8435.0,8432.5,1.3996592e-05,6.998296e-05,0
8435.0,8440.0,8437.5,1.0160294e-05,5.080147e-05,0
8440.0,8445.0,8442.5,1.782441e-05,8.912205e-05,0
8445.0,8450.0,8447.5,1.6541226e-05,8.270613e-05,0
8450.0,8455.0,8452.5,1.782294e-05,8.91147e-05,0
8455.0,8460.0,8457.5,1.4010858e-05,7.005429e-05,0
8460.0,8465.0,8462.5,1.6521422e-05,8.260711e-05,0
8465.0,8470.0,8467.5,1.529186e-05,7.64593e-05,0
8470.0,8475.0,8472.5,1.0197202e-05,5.098601e-05,0
8475.0,8480.0,8477.5,1.1433626e-05,5.716813e-05,0
8480.0,8485.0,8482.5,1.2689312e-05,6.344656e-05,0
8485.0,8490.0,8487.5,1.4007616e-05,7.003808e-05,0
8490.0,8495.0,8492.5,1.650994e-05,8.25497e-05,0
8495.0,8500.0,8497.5,1.4026822e-05,7.013411e-05,0
8500.0,8505.0,8502.5,1.650534e-05,8.25267e-05,0
8505.0,8510.0,8507.5,1.5105942e-05,7.552971e-05,0
8510.0,8515.0,8512.5,1.1453328e-05,5.726664e-05,0
8515.0,8520.0,8517.5,1.3975062e-05,6.987531e-05,0
8520.0,8525.0,8522.5,8.949002e-06,4.474501e-05,0
8525.0,8530.0,8527.5,1.4013054e-05,7.006527e-05,0
8530.0,8535.0,8532.5,7.631266e-06,3.815633e-05,0
8535.0,8540.0,8537.5,1.9015184e-05,9.507592e-05,0
8540.0,8545.0,8542.5,1.5182112e-05,7.591056e-05,0
8545.0,8550.0,8547.5,1.2678962e-05,6.339481e-05,0
8550.0,8555.0,8552.5,1.3922262e-05,6.961131e-05,0
8555.0,8560.0,8557.5,7.609652e-06,3.804826e-05,0
8560.0,8565.0,8562.5,8.922612e-06,4.461306e-05,0
8565.0,8570.0,8567.5,1.899187e-05,9.495935e-05,0
8570.0,8575.0,8572.5,1.3932496e-05,6.966248e-05,0
8575.0,8580.0,8577.5,1.2699792e-05,6.349896e-05,0
8580.0,8585.0,8582.5,1.3976082e-05,6.988041e-05,0
8585.0,8590.0,8587.5,1.1444044e-05,5.722022e-05,0
8590.0,8595.0,8592.5,1.5211994e-05,7.605997e-05,0
8595.0,8600.0,8597.5,1.7837762e-05,8.918881e-05,0
8600.0,8605.0,8602.5,1.1450158e-05,5.725079e-05,0
8605.0,8610.0,8607.5,8.933962e-06,4.466981e-05,0
8610.0,8615.0,8612.5,2.287973e-05,0.00011439865,0
8615.0,8620.0,8617.5,1.6485634e-05,8.242817e-05,0
8620.0,8625.0,8622.5,1.6518486e-05,8.259243e-05,0
8625.0,8630.0,8627.5,1.1457096e-05,5.728548e-05,0
8630.0,8635.0,8632.5,1.1454058e-05,5.727029e-05,0
8635.0,8640.0,8637.5,1.5239792e-05,7.619896e-05,0
8640.0,8645.0,8642.5,1.522723e-05,7.613615e-05,0
8645.0,8650.0,8647.5,7.562934e-06,3.781467e-05,0
8650.0,8655.0,8652.5,6.38422e-06,3.19211e-05,0
8655.0,8660.0,8657.5,1.6540022e-05,8.270011e-05,0
8660.0,8665.0,8662.5,6.39634e-06,3.19817e-05,0
8665.0,8670.0,8667.5,1.5250482e-05,7.625241e-05,0
8670.0,8675.0,8672.5,1.5269506e-05,7.634753e-05,0
8675.0,8680.0,8677.5,7.620948e-06,3.810474e-05,0
8680.0,8685.0,8682.5,1.0143818e-05,5.071909e-05,0
8685.0,8690.0,8687.5,1.5244348e-05,7.622174e-05,0
8690.0,8695.0,8692.5,1.1368834e-05,5.684417e-05,0
8695.0,8700.0,8697.5,1.8994772e-05,9.497386e-05,0
8700.0,8705.0,8702.5,1.7784102e-05,8.892051e-05,0
8705.0,8710.0,8707.5,1.27092e-05,6.3546e-05,0
8710.0,8715.0,8712.5,1.1469726e-05,5.734863e-05,0
8715.0,8720.0,8717.5,1.2702006e-05,6.351003e-05,0
8720.0,8725.0,8722.5,8.908316e-06,4.454158e-05,0
8725.0,8730.0,8727.5,1.5287946e-05,7.643973e-05,0
8730.0,8735.0,8732.5,2.031194e-05,0.0001015597,0
8735.0,8740.0,8737.5,1.3954226e-05,6.977113e-05,0
8740.0,8745.0,8742.5,1.5264512e-05,7.632256e-05,0
8745.0,8750.0,8747.5,1.145287e-05,5.726435e-05,0
8750.0,8755.0,8752.5,1.6507952e-05,8.253976e-05,0
8755.0,8760.0,8757.5,1.5276296e-05,7.638148e-05,0
8760.0,8765.0,8762.5,1.275946e-05,6.37973e-05,0
8765.0,8770.0,8767.5,1.7741824e-05,8.870912e-05,0
8770.0,8775.0,8772.5,1.7816362e-05,8.908181e-05,0
8775.0,8780.0,8777.5,1.0177616e-05,5.088808e-05,0
8780.0,8785.0,8782.5,1.650733e-05,8.253665e-05,0
8785.0,8790.0,8787.5,1.0158136e-05,5.079068e-05,0
8790.0,8795.0,8792.5,1.5257594e-05,7.628797e-05,0
8795.0,8800.0,8797.5,1.0116732e-05,5.058366e-05,0
8800.0,8805.0,8802.5,1.6514326e-05,8.257163e-05,0
8805.0,8810.0,8807.5,2.0337686e-05,0.00010168843,0
8810.0,8815.0,8812.5,1.6512986e-05,8.256493e-05,0
8815.0,8820.0,8817.5,1.2737688e-05,6.368844e-05,0
8820.0,8825.0,8822.5,1.1443886e-05,5.721943e-05,0
8825.0,8830.0,8827.5,1.7752844e-05,8.876422e-05,0
8830.0,8835.0,8832.5,2.0401906e-05,0.00010200953,0
8835.0,8840.0,8837.5,1.2694436e-05,6.347218e-05,0
8840.0,8845.0,8842.5,1.1439476e-05,5.719738e-05,0
8845.0,8850.0,8847.5,8.899932e-06,4.449966e-05,0
8850.0,8855.0,8852.5,2.0385806e-05,0.00010192903,0
8855.0,8860.0,8857.5,1.0160638e-05,5.080319e-05,0
8860.0,8865.0,8862.5,1.2718452e-05,6.359226e-05,0
8865.0,8870.0,8867.5,1.3933212e-05,6.966606e-05,0
8870.0,8875.0,8872.5,7.640548e-06,3.820274e-05,0
8875.0,8880.0,8877.5,1.0131916e-05,5.065958e-05,0
8880.0,8885.0,8882.5,1.776914e-05,8.88457e-05,0
8885.0,8890.0,8887.5,1.657463e-05,8.287315e-05,0
8890.0,8895.0,8892.5,1.5296386e-05,7.648193e-05,0
8895.0,8900.0,8897.5,2.4159816e-05,0.00012079908,0
8900.0,8905.0,8902.5,8.870106e-06,4.435053e-05,0
8905.0,8910.0,8907.5,1.776152e-05,8.88076e-05,0
8910.0,8915.0,8912.5,1.0204148e-05,5.102074e-05,0
8915.0,8920.0,8917.5,2.2862602e-05,0.00011431301,0
8920.0,8925.0,8922.5,1.3978066e-05,6.989033e-05,0
8925.0,8930.0,8927.5,1.6514804e-05,8.257402e-05,0
8930.0,8935.0,8932.5,1.2726152e-05,6.363076e-05,0
8935.0,8940.0,8937.5,1.4028528e-05,7.014264e-05,0
8940.0,8945.0,8942.5,1.521943e-05,7.609715e-05,0
8945.0,8950.0,8947.5,1.4003422e-05,7.001711e-05,0
8950.0,8955.0,8952.5,8.886818e-06,4.443409e-05,0
8955.0,8960.0,8957.5,5.100216e-06,2.550108e-05,0
8960.0,8965.0,8962.5,7.604438e-06,3.802219e-05,0
8965.0,8970.0,8967.5,6.329834e-06,3.164917e-05,0
8970.0,8975.0,8972.5,1.908215e-05,9.541075e-05,0
8975.0,8980.0,8977.5,8.895552e-06,4.447776e-05,0
8980.0,8985.0,8982.5,1.1452286e-05,5.726143e-05,0
8985.0,8990.0,8987.5,1.910981e-05,9.554905e-05,0
8990.0,8995.0,8992.5,1.14062e-05,5.7031e-05,0
8995.0,9000.0,8997.5,2.1619458e-05,0.00010809729,0
9000.0,9005.0,9002.5,1.0214206e-05,5.107103e-05,0
9005.0,9010.0,9007.5,1.7830454e-05,8.915227e-05,0
9010.0,9015.0,9012.5,1.5246536e-05,7.623268e-05,0
9015.0,9020.0,9017.5,1.2729346e-05,6.364673e-05,0
9020.0,9025.0,9022.5,1.1446072e-05,5.723036e-05,0
9025.0,9030.0,9027.5,1.2681492e-05,6.340746e-05,0
9030.0,9035.0,9032.5,7.633592e-06,3.816796e-05,0
9035.0,9040.0,9037.5,1.2741162e-05,6.370581e-05,0
9040.0,9045.0,9042.5,1.6547552e-05,8.273776e-05,0
9045.0,9050.0,9047.5,1.1422182e-05,5.711091e-05,0
9050.0,9055.0,9052.5,7.606884e-06,3.803442e-05,0
9055.0,9060.0,9057.5,1.3984996e-05,6.992498e-05,0
9060.0,9065.0,9062.5,1.3982072e-05,6.991036e-05,0
9065.0,9070.0,9067.5,1.6518362e-05,8.259181e-05,0
9070.0,9075.0,9072.5,1.7791128e-05,8.895564e-05,0
9075.0,9080.0,9077.5,1.2710046e-05,6.355023e-05,0
9080.0,9085.0,9082.5,1.0161968e-05,5.080984e-05,0
9085.0,9090.0,9087.5,7.615152e-06,3.807576e-05,0
9090.0,9095.0,9092.5,8.9422e-06,4.4711e-05,0
9095.0,9100.0,9097.5,1.0193204e-05,5.096602e-05,0
9100.0,9105.0,9102.5,1.7809176e-05,8.904588e-05,0
9105.0,9110.0,9107.5,8.884916e-06,4.442458e-05,0
9110.0,9115.0,9112.5,7.650112e-06,3.825056e-05,0
9115.0,9120.0,9117.5,1.1388448e-05,5.694224e-05,0
9120.0,9125.0,9122.5,1.1471746e-05,5.735873e-05,0
9125.0,9130.0,9127.5,1.5203324e-05,7.601662e-05,0
9130.0,9135.0,9132.5,1.6503924e-05,8.251962e-05,0
9135.0,9140.0,9137.5,2.0353156e-05,0.00010176578,0
9140.0,9145.0,9142.5,8.917212e-06,4.458606e-05,0
9145.0,9150.0,9147.5,8.942376e-06,4.471188e-05,0
9150.0,9155.0,9152.5,8.91119e-06,4.455595e-05,0
9155.0,9160.0,9157.5,5.083564e-06,2.541782e-05,0
9160.0,9165.0,9162.5,1.4014982e-05,7.007491e-05,0
9165.0,9170.0,9167.5,1.0172274e-05,5.086137e-05,0
9170.0,9175.0,9172.5,1.0199376e-05,5.099688e-05,0
9175.0,9180.0,9177.5,7.621236e-06,3.810618e-05,0
9180.0,9185.0,9182.5,1.2710622e-05,6.355311e-05,0
9185.0,9190.0,9187.5,1.268311e-05,6.341555e-05,0
9190.0,9195.0,9192.5,1.6534478e-05,8.267239e-05,0
9195.0,9200.0,9197.5,1.5227382e-05,7.613691e-05,0
9200.0,9205.0,9202.5,7.614148e-06,3.807074e-05,0
9205.0,9210.0,9207.5,6.367906e-06,3.183953e-05,0
9210.0,9215.0,9212.5,6.388846e-06,3.194423e-05,0
9215.0,9220.0,9217.5,8.914368e-06,4.457184e-05,0
9220.0,9225.0,9222.5,1.6458852e-05,8.229426e-05,0
9225.0,9230.0,9227.5,5.08648e-06,2.54324e-05,0
9230.0,9235.0,9232.5,1.6541794e-05,8.270897e-05,0
9235.0,9240.0,9237.5,7.60617e-06,3.803085e-05,0
9240.0,9245.0,9242.5,1.2721234e-05,6.360617e-05,0
9245.0,9250.0,9247.5,7.622532e-06,3.811266e-05,0
9250.0,9255.0,9252.5,1.1457926e-05,5.728963e-05,0
9255.0,9260.0,9257.5,1.265019e-05,6.325095e-05,0
9260.0,9265.0,9262.5,1.0111518e-05,5.055759e-05,0
9265.0,9270.0,9267.5,1.0173492e-05,5.086746e-05,0
9270.0,9275.0,9272.5,1.8998316e-05,9.499158e-05,0
9275.0,9280.0,9277.5,7.64083e-06,3.820415e-05,0
9280.0,9285.0,9282.5,1.2705468e-05,6.352734e-05,0
9285.0,9290.0,9287.5,1.274901e-05,6.374505e-05,0
9290.0,9295.0,9292.5,1.1449726e-05,5.724863e-05,0
9295.0,9300.0,9297.5,1.7815274e-05,8.907637e-05,0
9300.0,9305.0,9302.5,1.772272e-05,8.86136e-05,0
9305.0,9310.0,9307.5,1.015327e-05,5.076635e-05,0
9310.0,9315.0,9312.5,8.90002e-06,4.45001e-05,0
9315.0,9320.0,9317.5,5.096532e-06,2.548266e-05,0
9320.0,9325.0,9322.5,1.0153838e-05,5.076919e-05,0
9325.0,9330.0,9327.5,7.593056e-06,3.796528e-05,0
9330.0,9335.0,9332.5,1.0215164e-05,5.107582e-05,0
9335.0,9340.0,9337.5,6.380034e-06,3.190017e-05,0
9340.0,9345.0,9342.5,8.931166e-06,4.465583e-05,0
9345.0,9350.0,9347.5,1.396062e-05,6.98031e-05,0
9350.0,9355.0,9352.5,6.377616e-06,3.188808e-05,0
9355.0,9360.0,9357.5,1.6544574e-05,8.272287e-05,0
9360.0,9365.0,9362.5,1.1474864e-05,5.737432e-05,0
9365.0,9370.0,9367.5,6.354596e-06,3.177298e-05,0
9370.0,9375.0,9372.5,1.2693446e-05,6.346723e-05,0
9375.0,9380.0,9377.5,1.1405008e-05,5.702504e-05,0
9380.0,9385.0,9382.5,1.1465238e-05,5.732619e-05,0
9385.0,9390.0,9387.5,1.6498032e-05,8.249016e-05,0
9390.0,9395.0,9392.5,6.378744e-06,3.189372e-05,0
9395.0,9400.0,9397.5,1.137402e-05,5.68701e-05,0
9400.0,9405.0,9402.5,6.371882e-06,3.185941e-05,0
9405.0,9410.0,9407.5,6.340152e-06,3.170076e-05,0
9410.0,9415.0,9412.5,6.370352e-06,3.185176e-05,0
9415.0,9420.0,9417.5,7.655412e-06,3.827706e-05,0
9420.0,9425.0,9422.5,8.870016e-06,4.435008e-05,0
9425.0,9430.0,9427.5,1.1423278e-05,5.711639e-05,0
9430.0,9435.0,9432.5,8.891698e-06,4.445849e-05,0
9435.0,9440.0,9437.5,1.6536598e-05,8.268299e-05,0
9440.0,9445.0,9442.5,1.017398e-05,5.08699e-05,0
9445.0,9450.0,9447.5,1.3998822e-05,6.999411e-05,0
9450.0,9455.0,9452.5,7.647174e-06,3.823587e-05,0
9455.0,9460.0,9457.5,1.3977752e-05,6.988876e-05,0
9460.0,9465.0,9462.5,7.598496e-06,3.799248e-05,0
9465.0,9470.0,9467.5,1.0161664e-05,5.080832e-05,0
9470.0,9475.0,9472.5,1.2651992e-05,6.325996e-05,0
9475.0,9480.0,9477.5,1.2656296e-05,6.328148e-05,0
9480.0,9485.0,9482.5,8.901396e-06,4.450698e-05,0
9485.0,9490.0,9487.5,7.630692e-06,3.815346e-05,0
9490.0,9495.0,9492.5,1.2701944e-05,6.350972e-05,0
9495.0,9500.0,9497.5,1.2749164e-05,6.374582e-05,0
9500.0,9505.0,9502.5,1.2771672e-05,6.385836e-05,0
9505.0,9510.0,9507.5,1.3970042e-05,6.985021e-05,0
9510.0,9515.0,9512.5,1.273002e-05,6.36501e-05,0
9515.0,9520.0,9517.5,1.3962546e-05,6.981273e-05,0
9520.0,9525.0,9522.5,7.522412e-06,3.761206e-05,0
9525.0,9530.0,9527.5,1.2708896e-05,6.354448e-05,0
9530.0,9535.0,9532.5,1.2726222e-05,6.363111e-05,0
9535.0,9540.0,9537.5,1.7832408e-05,8.916204e-05,0
9540.0,9545.0,9542.5,8.917872e-06,4.458936e-05,0
9545.0,9550.0,9547.5,1.3971006e-05,6.985503e-05,0
9550.0,9555.0,9552.5,1.7789798e-05,8.894899e-05,0
9555.0,9560.0,9557.5,1.0184172e-05,5.092086e-05,0
9560.0,9565.0,9562.5,1.5303886e-05,7.651943e-05,0
9565.0,9570.0,9567.5,8.871148e-06,4.435574e-05,0
9570.0,9575.0,9572.5,1.273598e-05,6.36799e-05,0
9575.0,9580.0,9577.5,1.1449246e-05,5.724623e-05,0
9580.0,9585.0,9582.5,8.833422e-06,4.416711e-05,0
9585.0,9590.0,9587.5,1.0186572e-05,5.093286e-05,0
9590.0,9595.0,9592.5,1.524042e-05,7.62021e-05,0
9595.0,9600.0,9597.5,8.897998e-06,4.448999e-05,0
9600.0,9605.0,9602.5,1.2678982e-05,6.339491e-05,0
9605.0,9610.0,9607.5,1.142314e-05,5.71157e-05,0
9610.0,9615.0,9612.5,2.0335122e-05,0.00010167561,0
9615.0,9620.0,9617.5,8.895632e-06,4.447816e-05,0
9620.0,9625.0,9622.5,6.380296e-06,3.190148e-05,0
9625.0,9630.0,9627.5,1.4048988e-05,7.024494e-05,0
9630.0,9635.0,9632.5,1.0147824e-05,5.073912e-05,0
9635.0,9640.0,9637.5,1.6499468e-05,8.249734e-05,0
9640.0,9645.0,9642.5,1.3967962e-05,6.983981e-05,0
9645.0,9650.0,9647.5,8.907422e-06,4.453711e-05,0
9650.0,9655.0,9652.5,8.879708e-06,4.439854e-05,0
9655.0,9660.0,9657.5,1.2686656e-05,6.343328e-05,0
9660.0,9665.0,9662.5,6.359336e-06,3.179668e-05,0
9665.0,9670.0,9667.5,1.1479582e-05,5.739791e-05,0
9670.0,9675.0,9672.5,1.0220062e-05,5.110031e-05,0
9675.0,9680.0,9677.5,8.93016e-06,4.46508e-05,0
9680.0,9685.0,9682.5,1.1424142e-05,5.712071e-05,0
9685.0,9690.0,9687.5,1.016228e-05,5.08114e-05,0
9690.0,9695.0,9692.5,1.0119274e-05,5.059637e-05,0
9695.0,9700.0,9697.5,1.9104924e-05,9.552462e-05,0
9700.0,9705.0,9702.5,2.155195e-05,0.00010775975,0
9705.0,9710.0,9707.5,8.904464e-06,4.452232e-05,0
9710.0,9715.0,9712.5,6.364472e-06,3.182236e-05,0
9715.0,9720.0,9717.5,3.793228e-06,1.896614e-05,0
9720.0,9725.0,9722.5,7.616768e-06,3.808384e-05,0
9725.0,9730.0,9727.5,1.528391e-05,7.641955e-05,0
9730.0,9735.0,9732.5,1.0160784e-05,5.080392e-05,0
9735.0,9740.0,9737.5,1.270464e-05,6.35232e-05,0
9740.0,9745.0,9742.5,1.01651e-05,5.08255e-05,0
9745.0,9750.0,9747.5,1.0154922e-05,5.077461e-05,0
9750.0,9755.0,9752.5,1.011348e-05,5.05674e-05,0
9755.0,9760.0,9757.5,1.0127456e-05,5.063728e-05,0
9760.0,9765.0,9762.5,1.5304668e-05,7.652334e-05,0
9765.0,9770.0,9767.5,1.0144106e-05,5.072053e-05,0
9770.0,9775.0,9772.5,1.1422522e-05,5.711261e-05,0
9775.0,9780.0,9777.5,1.1507254e-05,5.753627e-05,0
9780.0,9785.0,9782.5,1.147581e-05,5.737905e-05,0
9785.0,9790.0,9787.5,8.942376e-06,4.471188e-05,0
9790.0,9795.0,9792.5,1.28238e-06,6.4119e-06,0
9795.0,9800.0,9797.5,2.541336e-06,1.270668e-05,0
9800.0,9805.0,9802.5,1.2719636e-05,6.359818e-05,0
9805.0,9810.0,9807.5,8.860262e-06,4.430131e-05,0
9810.0,9815.0,9812.5,1.1458412e-05,5.729206e-05,0
9815.0,9820.0,9817.5,6.36816e-06,3.18408e-05,0
9820.0,9825.0,9822.5,1.2705428e-05,6.352714e-05,0
9825.0,9830.0,9827.5,1.0172856e-05,5.086428e-05,0
9830.0,9835.0,9832.5,1.6515812e-05,8.257906e-05,0
9835.0,9840.0,9837.5,1.3983206e-05,6.991603e-05,0
9840.0,9845.0,9842.5,6.368712e-06,3.184356e-05,0
9845.0,9850.0,9847.5,2.026134e-05,0.0001013067,0
9850.0,9855.0,9852.5,7.640548e-06,3.820274e-05,0
9855.0,9860.0,9857.5,8.926824e-06,4.463412e-05,0
9860.0,9865.0,9862.5,8.93996e-06,4.46998e-05,0
9865.0,9870.0,9867.5,1.0137202e-05,5.068601e-05,0
9870.0,9875.0,9872.5,8.913184e-06,4.456592e-05,0
9875.0,9880.0,9877.5,1.3977752e-05,6.988876e-05,0
9880.0,9885.0,9882.5,1.018545e-05,5.092725e-05,0
9885.0,9890.0,9887.5,3.83095e-06,1.915475e-05,0
9890.0,9895.0,9892.5,8.83401e-06,4.417005e-05,0
9895.0,9900.0,9897.5,3.801334e-06,1.900667e-05,0
9900.0,9905.0,9902.5,7.599862e-06,3.799931e-05,0
9905.0,9910.0,9907.5,8.905614e-06,4.452807e-05,0
9910.0,9915.0,9912.5,1.3988112e-05,6.994056e-05,0
9915.0,9920.0,9917.5,1.1421076e-05,5.710538e-05,0
9920.0,9925.0,9922.5,1.271866e-05,6.35933e-05,0
9925.0,9930.0,9927.5,1.0103128e-05,5.051564e-05,0
9930.0,9935.0,9932.5,5.089752e-06,2.544876e-05,0
9935.0,9940.0,9937.5,1.0153692e-05,5.076846e-05,0
9940.0,9945.0,9942.5,1.0114952e-05,5.057476e-05,0
9945.0,9950.0,9947.5,8.902466e-06,4.451233e-05,0
9950.0,9955.0,9952.5,8.94543e-06,4.472715e-05,0
9955.0,9960.0,9957.5,7.603086e-06,3.801543e-05,0
9960.0,9965.0,9962.5,7.580812e-06,3.790406e-05,0
9965.0,9970.0,9967.5,1.1441264e-05,5.720632e-05,0
9970.0,9975.0,9972.5,6.349574e-06,3.174787e-05,0
9975.0,9980.0,9977.5,7.61035e-06,3.805175e-05,0
9980.0,9985.0,9982.5,1.2700958e-05,6.350479e-05,0
9985.0,9990.0,9987.5,5.104946e-06,2.552473e-05,0
9990.0,9995.0,9992.5,1.6527476e-05,8.263738e-05,0
9995.0,10000.0,9997.5,8.913072e-06,4.456536e-05,0
10000.0,10005.0,10002.5,7.662812e-06,3.831406e-05,0
10005.0,10010.0,10007.5,1.0169798e-05,5.084899e-05,0
10010.0,10015.0,10012.5,1.0199602e-05,5.099801e-05,0
10015.0,10020.0,10017.5,8.860972e-06,4.430486e-05,0
10020.0,10025.0,10022.5,1.0085122e-05,5.042561e-05,0
10025.0,10030.0,10027.5,1.1424404e-05,5.712202e-05,0
10030.0,10035.0,10032.5,5.082268e-06,2.541134e-05,0
10035.0,10040.0,10037.5,1.3994598e-05,6.997299e-05,0
10040.0,10045.0,10042.5,1.0136786e-05,5.068393e-05,0
10045.0,10050.0,10047.5,5.07722e-06,2.53861e-05,0
10050.0,10055.0,10052.5,1.400814e-05,7.00407e-05,0
10055.0,10060.0,10057.5,3.825466e-06,1.912733e-05,0
10060.0,10065.0,10062.5,8.898278e-06,4.449139e-05,0
10065.0,10070.0,10067.5,3.829654e-06,1.914827e-05,0
10070.0,10075.0,10072.5,7.640548e-06,3.820274e-05,0
10075.0,10080.0,10077.5,1.1478352e-05,5.739176e-05,0
10080.0,10085.0,10082.5,5.10655e-06,2.553275e-05,0
10085.0,10090.0,10087.5,1.6538694e-05,8.269347e-05,0
10090.0,10095.0,10092.5,3.828042e-06,1.914021e-05,0
10095.0,10100.0,10097.5,6.38067e-06,3.190335e-05,0
10100.0,10105.0,10102.5,5.093754e-06,2.546877e-05,0
10105.0,10110.0,10107.5,3.801334e-06,1.900667e-05,0
10110.0,10115.0,10112.5,1.141678e-05,5.70839e-05,0
10115.0,10120.0,10117.5,7.64634e-06,3.82317e-05,0
10120.0,10125.0,10122.5,1.1460978e-05,5.730489e-05,0
10125.0,10130.0,10127.5,2.53854e-06,1.26927e-05,0
10130.0,10135.0,10132.5,8.865118e-06,4.432559e-05,0
10135.0,10140.0,10137.5,8.83521e-06,4.417605e-05,0
10140.0,10145.0,10142.5,1.1449032e-05,5.724516e-05,0
10145.0,10150.0,10147.5,7.648474e-06,3.824237e-05,0
10150.0,10155.0,10152.5,6.340006e-06,3.170003e-05,0
10155.0,10160.0,10157.5,6.341886e-06,3.170943e-05,0
10160.0,10165.0,10162.5,8.814416e-06,4.407208e-05,0
10165.0,10170.0,10167.5,8.871226e-06,4.435613e-05,0
10170.0,10175.0,10172.5,6.315406e-06,3.157703e-05,0
10175.0,10180.0,10177.5,1.1484604e-05,5.742302e-05,0
10180.0,10185.0,10182.5,1.0154004e-05,5.077002e-05,0
10185.0,10190.0,10187.5,7.585536e-06,3.792768e-05,0
10190.0,10195.0,10192.5,6.331304e-06,3.165652e-05,0
10195.0,10200.0,10197.5,8.892514e-06,4.446257e-05,0
10200.0,10205.0,10202.5,1.0163412e-05,5.081706e-05,0
10205.0,10210.0,10207.5,5.072392e-06,2.536196e-05,0
10210.0,10215.0,10212.5,5.08388e-06,2.54194e-05,0
10215.0,10220.0,10217.5,7.654116e-06,3.827058e-05,0
10220.0,10225.0,10222.5,7.567106e-06,3.783553e-05,0
10225.0,10230.0,10227.5,8.86486e-06,4.43243e-05,0
10230.0,10235.0,10232.5,1.1420168e-05,5.710084e-05,0
10235.0,10240.0,10237.5,7.601012e-06,3.800506e-05,0
10240.0,10245.0,10242.5,7.633046e-06,3.816523e-05,0
10245.0,10250.0,10247.5,1.1472348e-05,5.736174e-05,0
10250.0,10255.0,10252.5,8.911434e-06,4.455717e-05,0
10255.0,10260.0,10257.5,8.881916e-06,4.440958e-05,0
10260.0,10265.0,10262.5,1.527193e-05,7.635965e-05,0
10265.0,10270.0,10267.5,7.607338e-06,3.803669e-05,0
10270.0,10275.0,10272.5,1.141352e-05,5.70676e-05,0
10275.0,10280.0,10277.5,1.6503888e-05,8.251944e-05,0
10280.0,10285.0,10282.5,7.640192e-06,3.820096e-05,0
10285.0,10290.0,10287.5,7.62986e-06,3.81493e-05,0
10290.0,10295.0,10292.5,3.823694e-06,1.911847e-05,0
10295.0,10300.0,10297.5,2.56246e-06,1.28123e-05,0
10300.0,10305.0,10302.5,1.2702992e-05,6.351496e-05,0
10305.0,10310.0,10307.5,6.350292e-06,3.175146e-05,0
10310.0,10315.0,10312.5,7.600466e-06,3.800233e-05,0
10315.0,10320.0,10317.5,1.527028e-05,7.63514e-05,0
10320.0,10325.0,10322.5,1.1449268e-05,5.724634e-05,0
10325.0,10330.0,10327.5,8.90994e-06,4.45497e-05,0
10330.0,10335.0,10332.5,7.672696e-06,3.836348e-05,0
10335.0,10340.0,10337.5,1.1447776e-05,5.723888e-05,0
10340.0,10345.0,10342.5,1.1474406e-05,5.737203e-05,0
10345.0,10350.0,10347.5,1.2715266e-05,6.357633e-05,0
10350.0,10355.0,10352.5,6.38422e-06,3.19211e-05,0
10355.0,10360.0,10357.5,6.357556e-06,3.178778e-05,0
10360.0,10365.0,10362.5,7.630022e-06,3.815011e-05,0
10365.0,10370.0,10367.5,6.356662e-06,3.178331e-05,0
10370.0,10375.0,10372.5,1.013353e-05,5.066765e-05,0
10375.0,10380.0,10377.5,8.902224e-06,4.451112e-05,0
10380.0,10385.0,10382.5,1.2661538e-05,6.330769e-05,0
10385.0,10390.0,10387.5,1.0152512e-05,5.076256e-05,0
10390.0,10395.0,10392.5,8.90002e-06,4.45001e-05,0
10395.0,10400.0,10397.5,7.657686e-06,3.828843e-05,0
10400.0,10405.0,10402.5,7.651716e-06,3.825858e-05,0
10405.0,10410.0,10407.5,6.35768e-06,3.17884e-05,0
10410.0,10415.0,10412.5,6.354262e-06,3.177131e-05,0
10415.0,10420.0,10417.5,8.913038e-06,4.456519e-05,0
10420.0,10425.0,10422.5,8.893268e-06,4.446634e-05,0
10425.0,10430.0,10427.5,1.0188992e-05,5.094496e-05,0
10430.0,10435.0,10432.5,5.090506e-06,2.545253e-05,0
10435.0,10440.0,10437.5,5.083992e-06,2.541996e-05,0
10440.0,10445.0,10442.5,6.32898e-06,3.16449e-05,0
10445.0,10450.0,10447.5,6.322724e-06,3.161362e-05,0
10450.0,10455.0,10452.5,1.0162728e-05,5.081364e-05,0
10455.0,10460.0,10457.5,6.350212e-06,3.175106e-05,0
10460.0,10465.0,10462.5,6.37629e-06,3.188145e-05,0
10465.0,10470.0,10467.5,1.6536004e-05,8.268002e-05,0
10470.0,10475.0,10472.5,1.2727798e-05,6.363899e-05,0
10475.0,10480.0,10477.5,6.384704e-06,3.192352e-05,0
10480.0,10485.0,10482.5,7.650432e-06,3.825216e-05,0
10485.0,10490.0,10487.5,3.80383e-06,1.901915e-05,0
10490.0,10495.0,10492.5,7.633484e-06,3.816742e-05,0
10495.0,10500.0,10497.5,5.094886e-06,2.547443e-05,0
10500.0,10505.0,10502.5,6.369482e-06,3.184741e-05,0
10505.0,10510.0,10507.5,6.350724e-06,3.175362e-05,0
10510.0,10515.0,10512.5,3.82061e-06,1.910305e-05,0
10515.0,10520.0,10517.5,7.636136e-06,3.818068e-05,0
10520.0,10525.0,10522.5,6.371656e-06,3.185828e-05,0
10525.0,10530.0,10527.5,8.916502e-06,4.458251e-05,0
10530.0,10535.0,10532.5,6.338372e-06,3.169186e-05,0
10535.0,10540.0,10537.5,1.3974186e-05,6.987093e-05,0
10540.0,10545.0,10542.5,2.52217e-06,1.261085e-05,0
10545.0,10550.0,10547.5,7.635346e-06,3.817673e-05,0
10550.0,10555.0,10552.5,5.08804e-06,2.54402e-05,0
10555.0,10560.0,10557.5,1.4006808e-05,7.003404e-05,0
10560.0,10565.0,10562.5,1.2746146e-05,6.373073e-05,0
10565.0,10570.0,10567.5,3.839364e-06,1.919682e-05,0
10570.0,10575.0,10572.5,7.624914e-06,3.812457e-05,0
10575.0,10580.0,10577.5,8.838184e-06,4.419092e-05,0
10580.0,10585.0,10582.5,3.801334e-06,1.900667e-05,0
10585.0,10590.0,10587.5,1.0158136e-05,5.079068e-05,0
10590.0,10595.0,10592.5,1.1424006e-05,5.712003e-05,0
10595.0,10600.0,10597.5,8.901828e-06,4.450914e-05,0
10600.0,10605.0,10602.5,3.784668e-06,1.892334e-05,0
10605.0,10610.0,10607.5,1.1458064e-05,5.729032e-05,0
10610.0,10615.0,10612.5,5.05645e-06,2.528225e-05,0
10615.0,10620.0,10617.5,1.148846e-05,5.74423e-05,0
10620.0,10625.0,10622.5,1.015646e-05,5.07823e-05,0
10625.0,10630.0,10627.5,1.275754e-06,6.37877e-06,0
10630.0,10635.0,10632.5,6.38046e-06,3.19023e-05,0
10635.0,10640.0,10637.5,7.586998e-06,3.793499e-05,0
10640.0,10645.0,10642.5,6.39018e-06,3.19509e-05,0
10645.0,10650.0,10647.5,1.2699752e-05,6.349876e-05,0
10650.0,10655.0,10652.5,6.341652e-06,3.170826e-05,0
10655.0,10660.0,10657.5,5.091966e-06,2.545983e-05,0
10660.0,10665.0,10662.5,7.606746e-06,3.803373e-05,0
10665.0,10670.0,10667.5,5.083418e-06,2.541709e-05,0
10670.0,10675.0,10672.5,6.354854e-06,3.177427e-05,0
10675.0,10680.0,10677.5,1.1448946e-05,5.724473e-05,0
10680.0,10685.0,10682.5,6.334668e-06,3.167334e-05,0
10685.0,10690.0,10687.5,5.041264e-06,2.520632e-05,0
10690.0,10695.0,10692.5,2.558134e-06,1.279067e-05,0
10695.0,10700.0,10697.5,8.92431e-06,4.462155e-05,0
10700.0,10705.0,10702.5,5.11155e-06,2.555775e-05,0
10705.0,10710.0,10707.5,1.143962e-05,5.71981e-05,0
10710.0,10715.0,10712.5,6.374182e-06,3.187091e-05,0
10715.0,10720.0,10717.5,7.647602e-06,3.823801e-05,0
10720.0,10725.0,10722.5,6.359746e-06,3.179873e-05,0
10725.0,10730.0,10727.5,6.347928e-06,3.173964e-05,0
10730.0,10735.0,10732.5,1.0200468e-05,5.100234e-05,0
10735.0,10740.0,10737.5,1.1437142e-05,5.718571e-05,0
10745.0,10750.0,10747.5,8.897402e-06,4.448701e-05,0
10750.0,10755.0,10752.5,6.348424e-06,3.174212e-05,0
10755.0,10760.0,10757.5,6.354042e-06,3.177021e-05,0
10760.0,10765.0,10762.5,5.067336e-06,2.533668e-05,0
10765.0,10770.0,10767.5,8.875636e-06,4.437818e-05,0
10770.0,10775.0,10772.5,8.927972e-06,4.463986e-05,0
10775.0,10780.0,10777.5,1.0102114e-05,5.051057e-05,0
10780.0,10785.0,10782.5,6.35888e-06,3.17944e-05,0
10785.0,10790.0,10787.5,1.144452e-05,5.72226e-05,0
10790.0,10795.0,10792.5,6.359172e-06,3.179586e-05,0
10795.0,10800.0,10797.5,1.015151e-05,5.075755e-05,0
10800.0,10805.0,10802.5,1.27267e-06,6.36335e-06,0
10805.0,10810.0,10807.5,7.636002e-06,3.818001e-05,0
10810.0,10815.0,10812.5,1.011906e-05,5.05953e-05,0
10815.0,10820.0,10817.5,1.1416652e-05,5.708326e-05,0
10820.0,10825.0,10822.5,3.812506e-06,1.906253e-05,0
10825.0,10830.0,10827.5,7.605296e-06,3.802648e-05,0
10830.0,10835.0,10832.5,1.0197356e-05,5.098678e-05,0
10835.0,10840.0,10837.5,1.5251522e-05,7.625761e-05,0
10840.0,10845.0,10842.5,3.830342e-06,1.915171e-05,0
10845.0,10850.0,10847.5,6.378912e-06,3.189456e-05,0
10850.0,10855.0,10852.5,2.519086e-06,1.259543e-05,0
10855.0,10860.0,10857.5,5.070132e-06,2.535066e-05,0
10860.0,10865.0,10862.5,8.885202e-06,4.442601e-05,0
10865.0,10870.0,10867.5,1.02181e-05,5.10905e-05,0
10870.0,10875.0,10872.5,1.142156e-05,5.71078e-05,0
10875.0,10880.0,10877.5,3.825466e-06,1.912733e-05,0
10880.0,10885.0,10882.5,7.61121e-06,3.805605e-05,0
10885.0,10890.0,10887.5,8.924386e-06,4.462193e-05,0
10890.0,10895.0,10892.5,5.09244e-06,2.54622e-05,0
10895.0,10900.0,10897.5,7.617222e-06,3.808611e-05,0
10900.0,10905.0,10902.5,6.322742e-06,3.161371e-05,0
10905.0,10910.0,10907.5,6.366582e-06,3.183291e-05,0
10910.0,10915.0,10912.5,2.509202e-06,1.254601e-05,0
10915.0,10920.0,10917.5,1.0143982e-05,5.071991e-05,0
10920.0,10925.0,10922.5,6.389076e-06,3.194538e-05,0
10925.0,10930.0,10927.5,7.643194e-06,3.821597e-05,0
10930.0,10935.0,10932.5,5.055838e-06,2.527919e-05,0
10935.0,10940.0,10937.5,2.56476e-06,1.28238e-05,0
10940.0,10945.0,10942.5,7.604096e-06,3.802048e-05,0
10945.0,10950.0,10947.5,6.360468e-06,3.180234e-05,0
10950.0,10955.0,10952.5,1.0154586e-05,5.077293e-05,0
10955.0,10960.0,10957.5,3.817836e-06,1.908918e-05,0
10960.0,10965.0,10962.5,7.64069e-06,3.820345e-05,0
10965.0,10970.0,10967.5,7.646174e-06,3.823087e-05,0
10970.0,10975.0,10972.5,5.119956e-06,2.559978e-05,0
10975.0,10980.0,10977.5,8.88367e-06,4.441835e-05,0
10980.0,10985.0,10982.5,8.871148e-06,4.435574e-05,0
10985.0,10990.0,10987.5,5.04775e-06,2.523875e-05,0
10990.0,10995.0,10992.5,5.057164e-06,2.528582e-05,0
10995.0,11000.0,10997.5,1.275122e-05,6.37561e-05,0
11000.0,11005.0,11002.5,8.93572e-06,4.46786e-05,0
11005.0,11010.0,11007.5,3.821928e-06,1.910964e-05,0
11010.0,11015.0,11012.5,1.5312982e-05,7.656491e-05,0
11015.0,11020.0,11017.5,6.306846e-06,3.153423e-05,0
11020.0,11025.0,11022.5,2.546636e-06,1.273318e-05,0
11025.0,11030.0,11027.5,7.635492e-06,3.817746e-05,0
11030.0,11035.0,11032.5,5.087972e-06,2.543986e-05,0
11035.0,11040.0,11037.5,3.8034e-06,1.9017e-05,0
11040.0,11045.0,11042.5,1.28123e-06,6.40615e-06,0
11045.0,11050.0,11047.5,1.142725e-05,5.713625e-05,0
11050.0,11055.0,11052.5,7.632416e-06,3.816208e-05,0
11055.0,11060.0,11057.5,3.823716e-06,1.911858e-05,0
11060.0,11065.0,11062.5,7.61694e-06,3.80847e-05,0
11065.0,11070.0,11067.5,1.265229e-05,6.326145e-05,0
11070.0,11075.0,11072.5,1.2680508e-05,6.340254e-05,0
11075.0,11080.0,11077.5,6.38778e-06,3.19389e-05,0
11080.0,11085.0,11082.5,5.06959e-06,2.534795e-05,0
11085.0,11090.0,11087.5,2.544016e-06,1.272008e-05,0
11090.0,11095.0,11092.5,5.085352e-06,2.542676e-05,0
11095.0,11100.0,11097.5,2.527646e-06,1.263823e-05,0
11100.0,11105.0,11102.5,5.083564e-06,2.541782e-05,0
11105.0,11110.0,11107.5,2.55505e-06,1.277525e-05,0
11110.0,11115.0,11112.5,6.342802e-06,3.171401e-05,0
11115.0,11120.0,11117.5,6.371674e-06,3.185837e-05,0
11120.0,11125.0,11122.5,2.519086e-06,1.259543e-05,0
11125.0,11130.0,11127.5,7.595712e-06,3.797856e-05,0
11130.0,11135.0,11132.5,7.630526e-06,3.815263e-05,0
11135.0,11140.0,11137.5,7.64478e-06,3.82239e-05,0
11140.0,11145.0,11142.5,3.811176e-06,1.905588e-05,0
11145.0,11150.0,11147.5,1.1452322e-05,5.726161e-05,0
11150.0,11155.0,11152.5,6.377762e-06,3.188881e-05,0
11155.0,11160.0,11157.5,6.335692e-06,3.167846e-05,0
11160.0,11165.0,11162.5,6.393264e-06,3.196632e-05,0
11165.0,11170.0,11167.5,5.11333e-06,2.556665e-05,0
11170.0,11175.0,11172.5,6.341932e-06,3.170966e-05,0
11175.0,11180.0,11177.5,5.106096e-06,2.553048e-05,0
11180.0,11185.0,11182.5,6.37042e-06,3.18521e-05,0
11185.0,11190.0,11187.5,2.546636e-06,1.273318e-05,0
11190.0,11195.0,11192.5,5.074004e-06,2.537002e-05,0
11195.0,11200.0,11197.5,6.322724e-06,3.161362e-05,0
11200.0,11205.0,11202.5,3.840514e-06,1.920257e-05,0
11205.0,11210.0,11207.5,6.327296e-06,3.163648e-05,0
11210.0,11215.0,11212.5,8.921148e-06,4.460574e-05,0
11215.0,11220.0,11217.5,5.0753e-06,2.53765e-05,0
11220.0,11225.0,11222.5,5.07948e-06,2.53974e-05,0
11225.0,11230.0,11227.5,3.83628e-06,1.91814e-05,0
11230.0,11235.0,11232.5,6.334668e-06,3.167334e-05,0
11235.0,11240.0,11237.5,3.83095e-06,1.915475e-05,0
11240.0,11245.0,11242.5,5.057142e-06,2.528571e-05,0
11245.0,11250.0,11247.5,5.11155e-06,2.555775e-05,0
11250.0,11255.0,11252.5,6.381766e-06,3.190883e-05,0
11255.0,11260.0,11257.5,5.054542e-06,2.527271e-05,0
11260.0,11265.0,11262.5,6.371656e-06,3.185828e-05,0
11265.0,11270.0,11267.5,7.609138e-06,3.804569e-05,0
11270.0,11275.0,11272.5,6.390316e-06,3.195158e-05,0
11275.0,11280.0,11277.5,6.390226e-06,3.195113e-05,0
11280.0,11285.0,11282.5,3.83095e-06,1.915475e-05,0
11285.0,11290.0,11287.5,8.934242e-06,4.467121e-05,0
11290.0,11295.0,11292.5,1.0109468e-05,5.054734e-05,0
11295.0,11300.0,11297.5,3.80681e-06,1.903405e-05,0
11300.0,11305.0,11302.5,3.83095e-06,1.915475e-05,0
11305.0,11310.0,11307.5,6.334668e-06,3.167334e-05,0
11310.0,11315.0,11312.5,5.096532e-06,2.548266e-05,0
11315.0,11320.0,11317.5,3.808876e-06,1.904438e-05,0
11320.0,11325.0,11322.5,2.545166e-06,1.272583e-05,0
11325.0,11330.0,11327.5,5.082842e-06,2.541421e-05,0
11330.0,11335.0,11332.5,7.657346e-06,3.828673e-05,0
11335.0,11340.0,11337.5,1.1451276e-05,5.725638e-05,0
11340.0,11345.0,11342.5,6.335172e-06,3.167586e-05,0
11345.0,11350.0,11347.5,1.0177448e-05,5.088724e-05,0
11350.0,11355.0,11352.5,6.364626e-06,3.182313e-05,0
11355.0,11360.0,11357.5,1.2744986e-05,6.372493e-05,0
11360.0,11365.0,11362.5,2.528796e-06,1.264398e-05,0
11365.0,11370.0,11367.5,6.373428e-06,3.186714e-05,0
11370.0,11375.0,11372.5,7.668556e-06,3.834278e-05,0
11375.0,11380.0,11377.5,5.073542e-06,2.536771e-05,0
11380.0,11385.0,11382.5,6.345628e-06,3.172814e-05,0
11385.0,11390.0,11387.5,7.611928e-06,3.805964e-05,0
11390.0,11395.0,11392.5,6.35915e-06,3.179575e-05,0
11395.0,11400.0,11397.5,5.091802e-06,2.545901e-05,0
11400.0,11405.0,11402.5,5.079146e-06,2.539573e-05,0
11405.0,11410.0,11407.5,2.536752e-06,1.268376e-05,0
11410.0,11415.0,11412.5,1.4005156e-05,7.002578e-05,0
11415.0,11420.0,11417.5,6.34341e-06,3.171705e-05,0
11420.0,11425.0,11422.5,8.878258e-06,4.439129e-05,0
11425.0,11430.0,11427.5,3.82092e-06,1.91046e-05,0
11430.0,11435.0,11432.5,8.895202e-06,4.447601e-05,0
11435.0,11440.0,11437.5,2.528368e-06,1.264184e-05,0
11440.0,11445.0,11442.5,3.812506e-06,1.906253e-05,0
11445.0,11450.0,11447.5,2.54794e-06,1.27397e-05,0
11450.0,11455.0,11452.5,7.618694e-06,3.809347e-05,0
11455.0,11460.0,11457.5,3.82092e-06,1.91046e-05,0
11460.0,11465.0,11462.5,3.815302e-06,1.907651e-05,0
11465.0,11470.0,11467.5,8.892056e-06,4.446028e-05,0
11470.0,11475.0,11472.5,3.801334e-06,1.900667e-05,0
11475.0,11480.0,11477.5,6.318808e-06,3.159404e-05,0
11480.0,11485.0,11482.5,1.0123532e-05,5.061766e-05,0
11485.0,11490.0,11487.5,7.622532e-06,3.811266e-05,0
11490.0,11495.0,11492.5,7.62064e-06,3.81032e-05,0
11495.0,11500.0,11497.5,5.096532e-06,2.548266e-05,0
11500.0,11505.0,11502.5,8.875154e-06,4.437577e-05,0
11505.0,11510.0,11507.5,5.072812e-06,2.536406e-05,0
11510.0,11515.0,11512.5,1.0142048e-05,5.071024e-05,0
11515.0,11520.0,11517.5,8.872462e-06,4.436231e-05,0
11520.0,11525.0,11522.5,2.536752e-06,1.268376e-05,0
11525.0,11530.0,11527.5,1.5228602e-05,7.614301e-05,0
11530.0,11535.0,11532.5,5.103474e-06,2.551737e-05,0
11535.0,11540.0,11537.5,7.629888e-06,3.814944e-05,0
11540.0,11545.0,11542.5,1.0154586e-05,5.077293e-05,0
11545.0,11550.0,11547.5,3.82772e-06,1.91386e-05,0
11550.0,11555.0,11552.5,8.90811e-06,4.454055e-05,0
11555.0,11560.0,11557.5,5.106696e-06,2.553348e-05,0
11560.0,11565.0,11562.5,1.2725516e-05,6.362758e-05,0
11565.0,11570.0,11567.5,3.817082e-06,1.908541e-05,0
11570.0,11575.0,11572.5,3.821928e-06,1.910964e-05,0
11575.0,11580.0,11577.5,7.630054e-06,3.815027e-05,0
11580.0,11585.0,11582.5,6.36186e-06,3.18093e-05,0
11585.0,11590.0,11587.5,3.816686e-06,1.908343e-05,0
11590.0,11595.0,11592.5,1.246416e-06,6.23208e-06,0
11595.0,11600.0,11597.5,1.0202056e-05,5.101028e-05,0
11600.0,11605.0,11602.5,6.375508e-06,3.187754e-05,0
11605.0,11610.0,11607.5,6.31952e-06,3.15976e-05,0
11610.0,11615.0,11612.5,6.346796e-06,3.173398e-05,0
11615.0,11620.0,11617.5,5.098136e-06,2.549068e-05,0
11620.0,11625.0,11622.5,5.082696e-06,2.541348e-05,0
11625.0,11630.0,11627.5,3.815302e-06,1.907651e-05,0
11630.0,11635.0,11632.5,8.911734e-06,4.455867e-05,0
11635.0,11640.0,11637.5,7.610486e-06,3.805243e-05,0
11640.0,11645.0,11642.5,1.273966e-06,6.36983e-06,0
11645.0,11650.0,11647.5,5.1033e-06,2.55165e-05,0
11650.0,11655.0,11652.5,5.004822e-06,2.502411e-05,0
11655.0,11660.0,11657.5,6.343082e-06,3.171541e-05,0
11660.0,11665.0,11662.5,5.094886e-06,2.547443e-05,0
11665.0,11670.0,11667.5,7.621382e-06,3.810691e-05,0
11670.0,11675.0,11672.5,1.262786e-06,6.31393e-06,0
11675.0,11680.0,11677.5,6.329834e-06,3.164917e-05,0
11680.0,11685.0,11682.5,6.343556e-06,3.171778e-05,0
11685.0,11690.0,11687.5,3.802762e-06,1.901381e-05,0
11690.0,11695.0,11692.5,6.329998e-06,3.164999e-05,0
11695.0,11700.0,11697.5,2.528368e-06,1.264184e-05,0
11700.0,11705.0,11702.5,3.82917e-06,1.914585e-05,0
11705.0,11710.0,11707.5,2.509202e-06,1.254601e-05,0
11710.0,11715.0,11712.5,6.331304e-06,3.165652e-05,0
11715.0,11720.0,11717.5,5.079584e-06,2.539792e-05,0
11720.0,11725.0,11722.5,6.347928e-06,3.173964e-05,0
11725.0,11730.0,11727.5,5.11333e-06,2.556665e-05,0
11730.0,11735.0,11732.5,1.262786e-06,6.31393e-06,0
11735.0,11740.0,11737.5,7.662896e-06,3.831448e-05,0
11740.0,11745.0,11742.5,3.800316e-06,1.900158e-05,0
11745.0,11750.0,11747.5,8.892082e-06,4.446041e-05,0
11750.0,11755.0,11752.5,7.541574e-06,3.770787e-05,0
11755.0,11760.0,11757.5,2.56476e-06,1.28238e-05,0
11760.0,11765.0,11762.5,6.32898e-06,3.16449e-05,0
11765.0,11770.0,11767.5,5.041264e-06,2.520632e-05,0
11770.0,11775.0,11772.5,2.54972e-06,1.27486e-05,0
11775.0,11780.0,11777.5,1.275754e-06,6.37877e-06,0
11780.0,11785.0,11782.5,8.933332e-06,4.466666e-05,0
11785.0,11790.0,11787.5,8.867518e-06,4.433759e-05,0
11790.0,11795.0,11792.5,3.804122e-06,1.902061e-05,0
11795.0,11800.0,11797.5,6.351362e-06,3.175681e-05,0
11800.0,11805.0,11802.5,7.638768e-06,3.819384e-05,0
11805.0,11810.0,11807.5,8.915672e-06,4.457836e-05,0
11810.0,11815.0,11812.5,1.1442042e-05,5.721021e-05,0
11815.0,11820.0,11817.5,1.28238e-06,6.4119e-06,0
11820.0,11825.0,11822.5,5.08804e-06,2.54402e-05,0
11825.0,11830.0,11827.5,5.068344e-06,2.534172e-05,0
11830.0,11835.0,11832.5,1.273966e-06,6.36983e-06,0
11835.0,11840.0,11837.5,5.094886e-06,2.547443e-05,0
11840.0,11845.0,11842.5,7.649966e-06,3.824983e-05,0
11845.0,11850.0,11847.5,1.0173064e-05,5.086532e-05,0
11850.0,11855.0,11852.5,2.544016e-06,1.272008e-05,0
11855.0,11860.0,11857.5,2.52217e-06,1.261085e-05,0
11860.0,11865.0,11862.5,7.597174e-06,3.798587e-05,0
11865.0,11870.0,11867.5,6.36389e-06,3.181945e-05,0
11870.0,11875.0,11872.5,6.356662e-06,3.178331e-05,0
11875.0,11880.0,11877.5,6.376e-06,3.188e-05,0
11880.0,11885.0,11882.5,5.094752e-06,2.547376e-05,0
11885.0,11890.0,11887.5,1.0200742e-05,5.100371e-05,0
11890.0,11895.0,11892.5,1.1410712e-05,5.705356e-05,0
11895.0,11900.0,11897.5,7.62401e-06,3.812005e-05,0
11900.0,11905.0,11902.5,3.830804e-06,1.915402e-05,0
11905.0,11910.0,11907.5,1.265582e-06,6.32791e-06,0
11910.0,11915.0,11912.5,6.328342e-06,3.164171e-05,0
11915.0,11920.0,11917.5,6.37451e-06,3.187255e-05,0
11920.0,11925.0,11922.5,3.81239e-06,1.906195e-05,0
11925.0,11930.0,11927.5,1.262786e-06,6.31393e-06,0
11930.0,11935.0,11932.5,5.089294e-06,2.544647e-05,0
11935.0,11940.0,11937.5,6.323644e-06,3.161822e-05,0
11940.0,11945.0,11942.5,8.934096e-06,4.467048e-05,0
11945.0,11950.0,11947.5,3.827546e-06,1.913773e-05,0
11950.0,11955.0,11952.5,1.1441392e-05,5.720696e-05,0
11955.0,11960.0,11957.5,3.823694e-06,1.911847e-05,0
11960.0,11965.0,11962.5,6.323644e-06,3.161822e-05,0
11965.0,11970.0,11967.5,2.56361e-06,1.281805e-05,0
11970.0,11975.0,11972.5,6.354906e-06,3.177453e-05,0
11975.0,11980.0,11977.5,1.28238e-06,6.4119e-06,0
11980.0,11985.0,11982.5,2.536752e-06,1.268376e-05,0
11985.0,11990.0,11987.5,3.83628e-06,1.91814e-05,0
11990.0,11995.0,11992.5,6.35082e-06,3.17541e-05,0
11995.0,12000.0,11997.5,5.081546e-06,2.540773e-05,0
12000.0,12005.0,12002.5,3.783168e-06,1.891584e-05,0
12005.0,12010.0,12007.5,5.048036e-06,2.524018e-05,0
12010.0,12015.0,12012.5,6.38778e-06,3.19389e-05,0
12015.0,12020.0,12017.5,5.097916e-06,2.548958e-05,0
12020.0,12025.0,12022.5,7.669146e-06,3.834573e-05,0
12025.0,12030.0,12027.5,1.262786e-06,6.31393e-06,0
12030.0,12035.0,12032.5,1.28123e-06,6.40615e-06,0
12035.0,12040.0,12037.5,5.07708e-06,2.53854e-05,0
12040.0,12045.0,12042.5,5.067048e-06,2.533524e-05,0
12045.0,12050.0,12047.5,2.535456e-06,1.267728e-05,0
12050.0,12055.0,12052.5,6.379542e-06,3.189771e-05,0
12055.0,12060.0,12057.5,7.603376e-06,3.801688e-05,0
12060.0,12065.0,12062.5,5.04674e-06,2.52337e-05,0
12065.0,12070.0,12067.5,7.65867e-06,3.829335e-05,0
12070.0,12075.0,12072.5,2.527646e-06,1.263823e-05,0
12075.0,12080.0,12077.5,5.097682e-06,2.548841e-05,0
12080.0,12085.0,12082.5,2.536752e-06,1.268376e-05,0
12085.0,12090.0,12087.5,5.068982e-06,2.534491e-05,0
12090.0,12095.0,12092.5,1.265582e-06,6.32791e-06,0
12095.0,12100.0,12097.5,6.330416e-06,3.165208e-05,0
12100.0,12105.0,12102.5,7.6642e-06,3.8321e-05,0
12105.0,12110.0,12107.5,7.637464e-06,3.818732e-05,0
12110.0,12115.0,12112.5,1.28123e-06,6.40615e-06,0
12115.0,12120.0,12117.5,5.110884e-06,2.555442e-05,0
12120.0,12125.0,12122.5,3.794356e-06,1.897178e-05,0
12125.0,12130.0,12127.5,5.086356e-06,2.543178e-05,0
12130.0,12135.0,12132.5,8.922946e-06,4.461473e-05,0
12135.0,12140.0,12137.5,2.544016e-06,1.272008e-05,0
12140.0,12145.0,12142.5,5.120594e-06,2.560297e-05,0
12145.0,12150.0,12147.5,5.106074e-06,2.553037e-05,0
12150.0,12155.0,12152.5,5.119434e-06,2.559717e-05,0
12155.0,12160.0,12157.5,3.83095e-06,1.915475e-05,0
12160.0,12165.0,12162.5,7.614874e-06,3.807437e-05,0
12165.0,12170.0,12167.5,1.273966e-06,6.36983e-06,0
12170.0,12175.0,12172.5,2.52217e-06,1.261085e-05,0
12175.0,12180.0,12177.5,7.647028e-06,3.823514e-05,0
12180.0,12185.0,12182.5,6.349574e-06,3.174787e-05,0
12185.0,12190.0,12187.5,8.918802e-06,4.459401e-05,0
12190.0,12195.0,12192.5,3.8321e-06,1.91605e-05,0
12195.0,12200.0,12197.5,6.36186e-06,3.18093e-05,0
12200.0,12205.0,12202.5,1.1419164e-05,5.709582e-05,0
12205.0,12210.0,12207.5,3.784956e-06,1.892478e-05,0
12210.0,12215.0,12212.5,3.827546e-06,1.913773e-05,0
12215.0,12220.0,12217.5,2.519086e-06,1.259543e-05,0
12220.0,12225.0,12222.5,2.556984e-06,1.278492e-05,0
12225.0,12230.0,12227.5,2.5515e-06,1.27575e-05,0
12230.0,12235.0,12232.5,2.56361e-06,1.281805e-05,0
12235.0,12240.0,12237.5,7.615276e-06,3.807638e-05,0
12240.0,12245.0,12242.5,3.777576e-06,1.888788e-05,0
12245.0,12250.0,12247.5,1.262786e-06,6.31393e-06,0
12250.0,12255.0,12252.5,6.353112e-06,3.176556e-05,0
12255.0,12260.0,12257.5,2.52558e-06,1.26279e-05,0
12260.0,12265.0,12262.5,2.547962e-06,1.273981e-05,0
12265.0,12270.0,12267.5,5.110422e-06,2.555211e-05,0
12270.0,12275.0,12272.5,1.2711386e-05,6.355693e-05,0
12275.0,12280.0,12277.5,5.073676e-06,2.536838e-05,0
12280.0,12285.0,12282.5,1.28123e-06,6.40615e-06,0
12285.0,12290.0,12287.5,7.643906e-06,3.821953e-05,0
12290.0,12295.0,12292.5,3.80796e-06,1.90398e-05,0
12295.0,12300.0,12297.5,5.098136e-06,2.549068e-05,0
12300.0,12305.0,12302.5,6.381592e-06,3.190796e-05,0
12305.0,12310.0,12307.5,2.538252e-06,1.269126e-05,0
12315.0,12320.0,12317.5,1.0198922e-05,5.099461e-05,0
12320.0,12325.0,12322.5,6.31474e-06,3.15737e-05,0
12325.0,12330.0,12327.5,1.275754e-06,6.37877e-06,0
12330.0,12335.0,12332.5,5.10428e-06,2.55214e-05,0
12335.0,12340.0,12337.5,2.54972e-06,1.27486e-05,0
12340.0,12345.0,12342.5,3.817836e-06,1.908918e-05,0
12345.0,12350.0,12347.5,3.813522e-06,1.906761e-05,0
12350.0,12355.0,12352.5,2.520382e-06,1.260191e-05,0
12355.0,12360.0,12357.5,8.87591e-06,4.437955e-05,0
12360.0,12365.0,12362.5,8.94901e-06,4.474505e-05,0
12370.0,12375.0,12372.5,3.823694e-06,1.911847e-05,0
12375.0,12380.0,12377.5,2.535456e-06,1.267728e-05,0
12380.0,12385.0,12382.5,6.39278e-06,3.19639e-05,0
12385.0,12390.0,12387.5,3.785964e-06,1.892982e-05,0
12390.0,12395.0,12392.5,5.083714e-06,2.541857e-05,0
12395.0,12400.0,12397.5,3.817982e-06,1.908991e-05,0
12400.0,12405.0,12402.5,1.275754e-06,6.37877e-06,0
12405.0,12410.0,12407.5,8.902314e-06,4.451157e-05,0
12410.0,12415.0,12412.5,2.520382e-06,1.260191e-05,0
12415.0,12420.0,12417.5,6.359318e-06,3.179659e-05,0
12420.0,12425.0,12422.5,1.0210638e-05,5.105319e-05,0
12425.0,12430.0,12427.5,3.79825e-06,1.899125e-05,0
12430.0,12435.0,12432.5,3.817982e-06,1.908991e-05,0
12435.0,12440.0,12437.5,5.103158e-06,2.551579e-05,0
12440.0,12445.0,12442.5,1.275754e-06,6.37877e-06,0
12445.0,12450.0,12447.5,8.887254e-06,4.443627e-05,0
12450.0,12455.0,12452.5,3.816686e-06,1.908343e-05,0
12455.0,12460.0,12457.5,6.391476e-06,3.195738e-05,0
12460.0,12465.0,12462.5,6.32142e-06,3.16071e-05,0
12465.0,12470.0,12467.5,5.10184e-06,2.55092e-05,0
12470.0,12475.0,12472.5,7.661746e-06,3.830873e-05,0
12475.0,12480.0,12477.5,1.262786e-06,6.31393e-06,0
12480.0,12485.0,12482.5,6.321716e-06,3.160858e-05,0
12485.0,12490.0,12487.5,5.107846e-06,2.553923e-05,0
12490.0,12495.0,12492.5,5.083846e-06,2.541923e-05,0
12495.0,12500.0,12497.5,6.308742e-06,3.154371e-05,0
12500.0,12505.0,12502.5,2.55505e-06,1.277525e-05,0
12505.0,12510.0,12507.5,1.275754e-06,6.37877e-06,0
12510.0,12515.0,12512.5,3.829654e-06,1.914827e-05,0
12515.0,12520.0,12517.5,3.81121e-06,1.905605e-05,0
12520.0,12525.0,12522.5,2.528796e-06,1.264398e-05,0
12525.0,12530.0,12527.5,2.56476e-06,1.28238e-05,0
12530.0,12535.0,12532.5,6.362248e-06,3.181124e-05,0
12535.0,12540.0,12537.5,2.54534e-06,1.27267e-05,0
12540.0,12545.0,12542.5,1.28123e-06,6.40615e-06,0
12550.0,12555.0,12552.5,3.817836e-06,1.908918e-05,0
12555.0,12560.0,12557.5,2.548424e-06,1.274212e-05,0
12560.0,12565.0,12562.5,7.67516e-06,3.83758e-05,0
12565.0,12570.0,12567.5,2.558134e-06,1.279067e-05,0
12575.0,12580.0,12577.5,1.28238e-06,6.4119e-06,0
12580.0,12585.0,12582.5,7.617002e-06,3.808501e-05,0
12585.0,12590.0,12587.5,7.631522e-06,3.815761e-05,0
12590.0,12595.0,12592.5,5.072216e-06,2.536108e-05,0
12595.0,12600.0,12597.5,2.545166e-06,1.272583e-05,0
12600.0,12605.0,12602.5,2.52558e-06,1.26279e-05,0
12605.0,12610.0,12607.5,3.81977e-06,1.909885e-05,0
12610.0,12615.0,12612.5,5.099462e-06,2.549731e-05,0
12615.0,12620.0,12617.5,2.49284e-06,1.24642e-05,0
12620.0,12625.0,12622.5,6.303566e-06,3.151783e-05,0
12625.0,12630.0,12627.5,8.918484e-06,4.459242e-05,0
12630.0,12635.0,12632.5,8.893268e-06,4.446634e-05,0
12635.0,12640.0,12637.5,6.366582e-06,3.183291e-05,0
12645.0,12650.0,12647.5,7.566844e-06,3.783422e-05,0
12650.0,12655.0,12652.5,3.823716e-06,1.911858e-05,0
12655.0,12660.0,12657.5,7.621382e-06,3.810691e-05,0
12660.0,12665.0,12662.5,3.829654e-06,1.914827e-05,0
12665.0,12670.0,12667.5,2.546636e-06,1.273318e-05,0
12675.0,12680.0,12677.5,3.800316e-06,1.900158e-05,0
12680.0,12685.0,12682.5,1.265582e-06,6.32791e-06,0
12685.0,12690.0,12687.5,6.329812e-06,3.164906e-05,0
12690.0,12695.0,12692.5,7.57552e-06,3.78776e-05,0
12695.0,12700.0,12697.5,3.822566e-06,1.911283e-05,0
12700.0,12705.0,12702.5,1.27267e-06,6.36335e-06,0
12705.0,12710.0,12707.5,3.83095e-06,1.915475e-05,0
12710.0,12715.0,12712.5,1.28123e-06,6.40615e-06,0
12715.0,12720.0,12717.5,5.070586e-06,2.535293e-05,0
12720.0,12725.0,12722.5,1.262786e-06,6.31393e-06,0
12725.0,12730.0,12727.5,1.27267e-06,6.36335e-06,0
12730.0,12735.0,12732.5,3.819132e-06,1.909566e-05,0
12735.0,12740.0,12737.5,1.28238e-06,6.4119e-06,0
12740.0,12745.0,12742.5,1.01553e-05,5.07765e-05,0
12745.0,12750.0,12747.5,5.04434e-06,2.52217e-05,0
12750.0,12755.0,12752.5,3.84484e-06,1.92242e-05,0
12755.0,12760.0,12757.5,1.273966e-06,6.36983e-06,0
12760.0,12765.0,12762.5,1.27267e-06,6.36335e-06,0
12765.0,12770.0,12767.5,2.527646e-06,1.263823e-05,0
12770.0,12775.0,12772.5,3.817982e-06,1.908991e-05,0
12775.0,12780.0,12777.5,1.28123e-06,6.40615e-06,0
12780.0,12785.0,12782.5,3.839364e-06,1.919682e-05,0
12785.0,12790.0,12787.5,5.09359e-06,2.546795e-05,0
12790.0,12795.0,12792.5,3.825466e-06,1.912733e-05,0
12795.0,12800.0,12797.5,6.26482e-06,3.13241e-05,0
12800.0,12805.0,12802.5,3.809422e-06,1.904711e-05,0
12805.0,12810.0,12807.5,3.77407e-06,1.887035e-05,0
12810.0,12815.0,12812.5,5.095236e-06,2.547618e-05,0
12815.0,12820.0,12817.5,2.535456e-06,1.267728e-05,0
12820.0,12825.0,12822.5,6.32042e-06,3.16021e-05,0
12825.0,12830.0,12827.5,3.829016e-06,1.914508e-05,0
12830.0,12835.0,12832.5,7.612534e-06,3.806267e-05,0
12835.0,12840.0,12837.5,2.556346e-06,1.278173e-05,0
12840.0,12845.0,12842.5,1.273966e-06,6.36983e-06,0
12845.0,12850.0,12847.5,7.636642e-06,3.818321e-05,0
12855.0,12860.0,12857.5,2.528368e-06,1.264184e-05,0
12860.0,12865.0,12862.5,1.28123e-06,6.40615e-06,0
12865.0,12870.0,12867.5,5.107846e-06,2.553923e-05,0
12870.0,12875.0,12872.5,2.527646e-06,1.263823e-05,0
12875.0,12880.0,12877.5,3.81121e-06,1.905605e-05,0
12880.0,12885.0,12882.5,3.83628e-06,1.91814e-05,0
12885.0,12890.0,12887.5,5.034176e-06,2.517088e-05,0
12890.0,12895.0,12892.5,6.37367e-06,3.186835e-05,0
12895.0,12900.0,12897.5,6.348996e-06,3.174498e-05,0
12900.0,12905.0,12902.5,3.801612e-06,1.900806e-05,0
12905.0,12910.0,12907.5,5.044666e-06,2.522333e-05,0
12910.0,12915.0,12912.5,7.632416e-06,3.816208e-05,0
12915.0,12920.0,12917.5,3.793052e-06,1.896526e-05,0
12920.0,12925.0,12922.5,3.811176e-06,1.905588e-05,0
12925.0,12930.0,12927.5,1.28238e-06,6.4119e-06,0
12930.0,12935.0,12932.5,2.558134e-06,1.279067e-05,0
12940.0,12945.0,12942.5,5.065128e-06,2.532564e-05,0
12945.0,12950.0,12947.5,1.262786e-06,6.31393e-06,0
12950.0,12955.0,12952.5,2.558134e-06,1.279067e-05,0
12955.0,12960.0,12957.5,7.627724e-06,3.813862e-05,0
12960.0,12965.0,12962.5,3.802762e-06,1.901381e-05,0
12965.0,12970.0,12967.5,3.79825e-06,1.899125e-05,0
12970.0,12975.0,12972.5,3.783168e-06,1.891584e-05,0
12975.0,12980.0,12977.5,1.273966e-06,6.36983e-06,0
12980.0,12985.0,12982.5,2.547962e-06,1.273981e-05,0
12985.0,12990.0,12987.5,3.8321e-06,1.91605e-05,0
12990.0,12995.0,12992.5,1.246416e-06,6.23208e-06,0
12995.0,13000.0,12997.5,1.2718062e-05,6.359031e-05,0
13000.0,13005.0,13002.5,2.509202e-06,1.254601e-05,0
13005.0,13010.0,13007.5,6.33571e-06,3.167855e-05,0
13010.0,13015.0,13012.5,1.273966e-06,6.36983e-06,0
13020.0,13025.0,13022.5,2.52558e-06,1.26279e-05,0
13030.0,13035.0,13032.5,6.3592e-06,3.1796e-05,0
13035.0,13040.0,13037.5,1.27267e-06,6.36335e-06,0
13045.0,13050.0,13047.5,5.074458e-06,2.537229e-05,0
13050.0,13055.0,13052.5,2.56246e-06,1.28123e-05,0
13055.0,13060.0,13057.5,3.810726e-06,1.905363e-05,0
13060.0,13065.0,13062.5,5.101862e-06,2.550931e-05,0
13065.0,13070.0,13067.5,3.801038e-06,1.900519e-05,0
13070.0,13075.0,13072.5,1.275754e-06,6.37877e-06,0
13075.0,13080.0,13077.5,6.359626e-06,3.179813e-05,0
13080.0,13085.0,13082.5,5.04875e-06,2.524375e-05,0
13085.0,13090.0,13087.5,1.246416e-06,6.23208e-06,0
13090.0,13095.0,13092.5,1.275754e-06,6.37877e-06,0
13095.0,13100.0,13097.5,7.640402e-06,3.820201e-05,0
13100.0,13105.0,13102.5,6.336322e-06,3.168161e-05,0
13105.0,13110.0,13107.5,5.11218e-06,2.55609e-05,0
13110.0,13115.0,13112.5,2.558134e-06,1.279067e-05,0
13115.0,13120.0,13117.5,2.54534e-06,1.27267e-05,0
13120.0,13125.0,13122.5,2.54794e-06,1.27397e-05,0
13125.0,13130.0,13127.5,2.55505e-06,1.277525e-05,0
13130.0,13135.0,13132.5,5.083992e-06,2.541996e-05,0
13135.0,13140.0,13137.5,2.545166e-06,1.272583e-05,0
13140.0,13145.0,13142.5,1.28123e-06,6.40615e-06,0
13145.0,13150.0,13147.5,6.341652e-06,3.170826e-05,0
13150.0,13155.0,13152.5,1.265582e-06,6.32791e-06,0
13155.0,13160.0,13157.5,5.053226e-06,2.526613e-05,0
13160.0,13165.0,13162.5,6.364794e-06,3.182397e-05,0
13165.0,13170.0,13167.5,2.544016e-06,1.272008e-05,0
13170.0,13175.0,13172.5,3.83628e-06,1.91814e-05,0
13175.0,13180.0,13177.5,2.56246e-06,1.28123e-05,0
13185.0,13190.0,13187.5,5.078516e-06,2.539258e-05,0
13190.0,13195.0,13192.5,2.546812e-06,1.273406e-05,0
13195.0,13200.0,13197.5,3.829654e-06,1.914827e-05,0
13200.0,13205.0,13202.5,3.793946e-06,1.896973e-05,0
13205.0,13210.0,13207.5,1.275754e-06,6.37877e-06,0
13210.0,13215.0,13212.5,1.275754e-06,6.37877e-06,0
13215.0,13220.0,13217.5,5.075432e-06,2.537716e-05,0
13220.0,13225.0,13222.5,2.546812e-06,1.273406e-05,0
13225.0,13230.0,13227.5,3.820778e-06,1.910389e-05,0
13230.0,13235.0,13232.5,2.528368e-06,1.264184e-05,0
13240.0,13245.0,13242.5,2.547962e-06,1.273981e-05,0
13245.0,13250.0,13247.5,1.273966e-06,6.36983e-06,0
13250.0,13255.0,13252.5,8.928822e-06,4.464411e-05,0
13255.0,13260.0,13257.5,1.1432686e-05,5.716343e-05,0
13260.0,13265.0,13262.5,6.32042e-06,3.16021e-05,0
13270.0,13275.0,13272.5,1.262786e-06,6.31393e-06,0
13275.0,13280.0,13277.5,1.275754e-06,6.37877e-06,0
13280.0,13285.0,13282.5,2.546636e-06,1.273318e-05,0
13285.0,13290.0,13287.5,2.5515e-06,1.27575e-05,0
13290.0,13295.0,13292.5,5.11333e-06,2.556665e-05,0
13295.0,13300.0,13297.5,1.262786e-06,6.31393e-06,0
13300.0,13305.0,13302.5,5.091956e-06,2.545978e-05,0
13305.0,13310.0,13307.5,3.819132e-06,1.909566e-05,0
13310.0,13315.0,13312.5,1.262786e-06,6.31393e-06,0
13315.0,13320.0,13317.5,1.28238e-06,6.4119e-06,0
13320.0,13325.0,13322.5,2.53116e-06,1.26558e-05,0
13325.0,13330.0,13327.5,6.33808e-06,3.16904e-05,0
13330.0,13335.0,13332.5,2.555196e-06,1.277598e-05,0
13335.0,13340.0,13337.5,2.545166e-06,1.272583e-05,0
13340.0,13345.0,13342.5,5.089356e-06,2.544678e-05,0
13345.0,13350.0,13347.5,5.054376e-06,2.527188e-05,0
13350.0,13355.0,13352.5,2.5539e-06,1.27695e-05,0
13355.0,13360.0,13357.5,2.546636e-06,1.273318e-05,0
13360.0,13365.0,13362.5,6.285876e-06,3.142938e-05,0
13365.0,13370.0,13367.5,2.556984e-06,1.278492e-05,0
13370.0,13375.0,13372.5,3.840514e-06,1.920257e-05,0
13375.0,13380.0,13377.5,5.08063e-06,2.540315e-05,0
13380.0,13385.0,13382.5,1.273966e-06,6.36983e-06,0
13385.0,13390.0,13387.5,1.262786e-06,6.31393e-06,0
13390.0,13395.0,13392.5,2.528796e-06,1.264398e-05,0
13395.0,13400.0,13397.5,3.822566e-06,1.911283e-05,0
13400.0,13405.0,13402.5,2.538252e-06,1.269126e-05,0
13405.0,13410.0,13407.5,3.77522e-06,1.88761e-05,0
13410.0,13415.0,13412.5,5.100362e-06,2.550181e-05,0
13415.0,13420.0,13417.5,7.597764e-06,3.798882e-05,0
13420.0,13425.0,13422.5,2.556984e-06,1.278492e-05,0
13425.0,13430.0,13427.5,5.10477e-06,2.552385e-05,0
13430.0,13435.0,13432.5,3.81121e-06,1.905605e-05,0
13435.0,13440.0,13437.5,3.823716e-06,1.911858e-05,0
13440.0,13445.0,13442.5,6.35533e-06,3.177665e-05,0
13445.0,13450.0,13447.5,2.528796e-06,1.264398e-05,0
13450.0,13455.0,13452.5,2.547962e-06,1.273981e-05,0
13455.0,13460.0,13457.5,3.837576e-06,1.918788e-05,0
13460.0,13465.0,13462.5,7.618882e-06,3.809441e-05,0
13470.0,13475.0,13472.5,2.5539e-06,1.27695e-05,0
13475.0,13480.0,13477.5,5.08578e-06,2.54289e-05,0
13485.0,13490.0,13487.5,2.55505e-06,1.277525e-05,0
13495.0,13500.0,13497.5,3.84599e-06,1.922995e-05,0
13500.0,13505.0,13502.5,3.827866e-06,1.913933e-05,0
13505.0,13510.0,13507.5,5.086676e-06,2.543338e-05,0
13510.0,13515.0,13512.5,2.528796e-06,1.264398e-05,0
13515.0,13520.0,13517.5,3.809598e-06,1.904799e-05,0
13520.0,13525.0,13522.5,6.386e-06,3.193e-05,0
13525.0,13530.0,13527.5,2.541336e-06,1.270668e-05,0
13535.0,13540.0,13537.5,2.56476e-06,1.28238e-05,0
13540.0,13545.0,13542.5,6.384704e-06,3.192352e-05,0
13545.0,13550.0,13547.5,2.519086e-06,1.259543e-05,0
13550.0,13555.0,13552.5,1.262786e-06,6.31393e-06,0
13555.0,13560.0,13557.5,6.339718e-06,3.169859e-05,0
13560.0,13565.0,13562.5,2.536752e-06,1.268376e-05,0
13565.0,13570.0,13567.5,5.078088e-06,2.539044e-05,0
13570.0,13575.0,13572.5,2.509202e-06,1.254601e-05,0
13575.0,13580.0,13577.5,2.54534e-06,1.27267e-05,0
13580.0,13585.0,13582.5,2.53116e-06,1.26558e-05,0
13585.0,13590.0,13587.5,2.53854e-06,1.26927e-05,0
13590.0,13595.0,13592.5,7.63891e-06,3.819455e-05,0
13595.0,13600.0,13597.5,1.262786e-06,6.31393e-06,0
13600.0,13605.0,13602.5,7.630526e-06,3.815263e-05,0
13605.0,13610.0,13607.5,2.556984e-06,1.278492e-05,0
13610.0,13615.0,13612.5,3.783168e-06,1.891584e-05,0
13615.0,13620.0,13617.5,7.584818e-06,3.792409e-05,0
13620.0,13625.0,13622.5,1.275754e-06,6.37877e-06,0
13625.0,13630.0,13627.5,5.091256e-06,2.545628e-05,0
13630.0,13635.0,13632.5,3.829654e-06,1.914827e-05,0
13635.0,13640.0,13637.5,5.086502e-06,2.543251e-05,0
13640.0,13645.0,13642.5,3.801466e-06,1.900733e-05,0
13645.0,13650.0,13647.5,3.809598e-06,1.904799e-05,0
13650.0,13655.0,13652.5,3.830804e-06,1.915402e-05,0
13655.0,13660.0,13657.5,3.83388e-06,1.91694e-05,0
13660.0,13665.0,13662.5,5.067194e-06,2.533597e-05,0
13665.0,13670.0,13667.5,1.28123e-06,6.40615e-06,0
13670.0,13675.0,13672.5,2.5515e-06,1.27575e-05,0
13675.0,13680.0,13677.5,5.11981e-06,2.559905e-05,0
13680.0,13685.0,13682.5,3.810748e-06,1.905374e-05,0
13685.0,13690.0,13687.5,3.814286e-06,1.907143e-05,0
13690.0,13695.0,13692.5,5.11448e-06,2.55724e-05,0
13695.0,13700.0,13697.5,6.379136e-06,3.189568e-05,0
13700.0,13705.0,13702.5,2.52558e-06,1.26279e-05,0
13705.0,13710.0,13707.5,3.80455e-06,1.902275e-05,0
13710.0,13715.0,13712.5,3.827866e-06,1.913933e-05,0
13715.0,13720.0,13717.5,2.545166e-06,1.272583e-05,0
13720.0,13725.0,13722.5,3.800316e-06,1.900158e-05,0
13725.0,13730.0,13727.5,3.83743e-06,1.918715e-05,0
13730.0,13735.0,13732.5,2.535456e-06,1.267728e-05,0
13735.0,13740.0,13737.5,2.520382e-06,1.260191e-05,0
13745.0,13750.0,13747.5,2.558134e-06,1.279067e-05,0
13750.0,13755.0,13752.5,2.556984e-06,1.278492e-05,0
13755.0,13760.0,13757.5,1.275754e-06,6.37877e-06,0
13760.0,13765.0,13762.5,2.52217e-06,1.261085e-05,0
13765.0,13770.0,13767.5,1.246416e-06,6.23208e-06,0
13770.0,13775.0,13772.5,2.519086e-06,1.259543e-05,0
13775.0,13780.0,13777.5,3.82092e-06,1.91046e-05,0
13780.0,13785.0,13782.5,3.784956e-06,1.892478e-05,0
13785.0,13790.0,13787.5,3.80383e-06,1.901915e-05,0
13795.0,13800.0,13797.5,5.080296e-06,2.540148e-05,0
13800.0,13805.0,13802.5,1.28238e-06,6.4119e-06,0
13805.0,13810.0,13807.5,3.791582e-06,1.895791e-05,0
13810.0,13815.0,13812.5,3.826396e-06,1.913198e-05,0
13815.0,13820.0,13817.5,7.58203e-06,3.791015e-05,0
13820.0,13825.0,13822.5,6.322494e-06,3.161247e-05,0
13825.0,13830.0,13827.5,2.5539e-06,1.27695e-05,0
13830.0,13835.0,13832.5,2.49284e-06,1.24642e-05,0
13835.0,13840.0,13837.5,3.796136e-06,1.898068e-05,0
13840.0,13845.0,13842.5,2.52217e-06,1.261085e-05,0
13845.0,13850.0,13847.5,2.539548e-06,1.269774e-05,0
13850.0,13855.0,13852.5,1.28123e-06,6.40615e-06,0
13855.0,13860.0,13857.5,5.08693e-06,2.543465e-05,0
13860.0,13865.0,13862.5,2.5515e-06,1.27575e-05,0
13865.0,13870.0,13867.5,3.825466e-06,1.912733e-05,0
13870.0,13875.0,13872.5,3.83095e-06,1.915475e-05,0
13875.0,13880.0,13877.5,1.28238e-06,6.4119e-06,0
13885.0,13890.0,13887.5,3.82726e-06,1.91363e-05,0
13890.0,13895.0,13892.5,1.28123e-06,6.40615e-06,0
13895.0,13900.0,13897.5,2.558134e-06,1.279067e-05,0
13900.0,13905.0,13902.5,3.837576e-06,1.918788e-05,0
13905.0,13910.0,13907.5,1.28123e-06,6.40615e-06,0
13910.0,13915.0,13912.5,3.809598e-06,1.904799e-05,0
13915.0,13920.0,13917.5,5.059956e-06,2.529978e-05,0
13920.0,13925.0,13922.5,2.511998e-06,1.255999e-05,0
13925.0,13930.0,13927.5,2.509202e-06,1.254601e-05,0
13930.0,13935.0,13932.5,2.54794e-06,1.27397e-05,0
13935.0,13940.0,13937.5,2.555196e-06,1.277598e-05,0
13940.0,13945.0,13942.5,1.265582e-06,6.32791e-06,0
13945.0,13950.0,13947.5,2.53116e-06,1.26558e-05,0
13950.0,13955.0,13952.5,2.52558e-06,1.26279e-05,0
13955.0,13960.0,13957.5,1.275754e-06,6.37877e-06,0
13960.0,13965.0,13962.5,3.840514e-06,1.920257e-05,0
13965.0,13970.0,13967.5,7.590976e-06,3.795488e-05,0
13970.0,13975.0,13972.5,6.377132e-06,3.188566e-05,0
13975.0,13980.0,13977.5,2.54972e-06,1.27486e-05,0
13980.0,13985.0,13982.5,5.085352e-06,2.542676e-05,0
13985.0,13990.0,13987.5,5.093736e-06,2.546868e-05,0
13990.0,13995.0,13992.5,1.28238e-06,6.4119e-06,0
13995.0,14000.0,13997.5,2.509202e-06,1.254601e-05,0
14000.0,14005.0,14002.5,3.812506e-06,1.906253e-05,0
14005.0,14010.0,14007.5,3.801466e-06,1.900733e-05,0
14010.0,14015.0,14012.5,2.546812e-06,1.273406e-05,0
14015.0,14020.0,14017.5,1.28123e-06,6.40615e-06,0
14020.0,14025.0,14022.5,2.544016e-06,1.272008e-05,0
14025.0,14030.0,14027.5,2.509202e-06,1.254601e-05,0
14030.0,14035.0,14032.5,5.119956e-06,2.559978e-05,0
14035.0,14040.0,14037.5,5.066186e-06,2.533093e-05,0
14040.0,14045.0,14042.5,6.344886e-06,3.172443e-05,0
14045.0,14050.0,14047.5,7.650264e-06,3.825132e-05,0
14050.0,14055.0,14052.5,1.275754e-06,6.37877e-06,0
14055.0,14060.0,14057.5,1.273966e-06,6.36983e-06,0
14060.0,14065.0,14062.5,6.367906e-06,3.183953e-05,0
14065.0,14070.0,14067.5,1.28238e-06,6.4119e-06,0
14070.0,14075.0,14072.5,1.27267e-06,6.36335e-06,0
14080.0,14085.0,14082.5,7.580984e-06,3.790492e-05,0
14085.0,14090.0,14087.5,2.56361e-06,1.281805e-05,0
14090.0,14095.0,14092.5,3.82772e-06,1.91386e-05,0
14095.0,14100.0,14097.5,2.5539e-06,1.27695e-05,0
14100.0,14105.0,14102.5,2.545166e-06,1.272583e-05,0
14105.0,14110.0,14107.5,3.838214e-06,1.919107e-05,0
14110.0,14115.0,14112.5,6.36035e-06,3.180175e-05,0
14115.0,14120.0,14117.5,5.073962e-06,2.536981e-05,0
14120.0,14125.0,14122.5,1.246416e-06,6.23208e-06,0
14125.0,14130.0,14127.5,6.344706e-06,3.172353e-05,0
14130.0,14135.0,14132.5,6.341932e-06,3.170966e-05,0
14135.0,14140.0,14137.5,3.801612e-06,1.900806e-05,0
14140.0,14145.0,14142.5,3.801038e-06,1.900519e-05,0
14145.0,14150.0,14147.5,5.11511e-06,2.557555e-05,0
14150.0,14155.0,14152.5,3.8034e-06,1.9017e-05,0
14155.0,14160.0,14157.5,1.262786e-06,6.31393e-06,0
14160.0,14165.0,14162.5,1.246416e-06,6.23208e-06,0
14165.0,14170.0,14167.5,2.556346e-06,1.278173e-05,0
14175.0,14180.0,14177.5,3.801612e-06,1.900806e-05,0
14180.0,14185.0,14182.5,2.56361e-06,1.281805e-05,0
14185.0,14190.0,14187.5,3.80796e-06,1.90398e-05,0
14190.0,14195.0,14192.5,1.246416e-06,6.23208e-06,0
14195.0,14200.0,14197.5,1.273966e-06,6.36983e-06,0
14200.0,14205.0,14202.5,3.8321e-06,1.91605e-05,0
14205.0,14210.0,14207.5,5.100536e-06,2.550268e-05,0
14210.0,14215.0,14212.5,2.5539e-06,1.27695e-05,0
14215.0,14220.0,14217.5,1.246416e-06,6.23208e-06,0
14220.0,14225.0,14222.5,2.535456e-06,1.267728e-05,0
14225.0,14230.0,14227.5,1.28123e-06,6.40615e-06,0
14230.0,14235.0,14232.5,2.546636e-06,1.273318e-05,0
14235.0,14240.0,14237.5,3.815302e-06,1.907651e-05,0
14250.0,14255.0,14252.5,1.275754e-06,6.37877e-06,0
14255.0,14260.0,14257.5,1.273966e-06,6.36983e-06,0
14260.0,14265.0,14262.5,1.28123e-06,6.40615e-06,0
14265.0,14270.0,14267.5,3.812506e-06,1.906253e-05,0
14275.0,14280.0,14277.5,5.044666e-06,2.522333e-05,0
14280.0,14285.0,14282.5,7.641698e-06,3.820849e-05,0
14285.0,14290.0,14287.5,1.27267e-06,6.36335e-06,0
14290.0,14295.0,14292.5,1.28123e-06,6.40615e-06,0
14295.0,14300.0,14297.5,1.265582e-06,6.32791e-06,0
14300.0,14305.0,14302.5,1.28238e-06,6.4119e-06,0
14305.0,14310.0,14307.5,3.821094e-06,1.910547e-05,0
14310.0,14315.0,14312.5,1.275754e-06,6.37877e-06,0
14320.0,14325.0,14322.5,5.10215e-06,2.551075e-05,0
14330.0,14335.0,14332.5,1.28123e-06,6.40615e-06,0
14340.0,14345.0,14342.5,2.535456e-06,1.267728e-05,0
14345.0,14350.0,14347.5,3.82917e-06,1.914585e-05,0
14355.0,14360.0,14357.5,2.536752e-06,1.268376e-05,0
14360.0,14365.0,14362.5,2.52217e-06,1.261085e-05,0
14365.0,14370.0,14367.5,2.56361e-06,1.281805e-05,0
14370.0,14375.0,14372.5,1.27267e-06,6.36335e-06,0
14375.0,14380.0,14377.5,2.558134e-06,1.279067e-05,0
14385.0,14390.0,14387.5,2.52558e-06,1.26279e-05,0
14390.0,14395.0,14392.5,1.28123e-06,6.40615e-06,0
14395.0,14400.0,14397.5,5.073542e-06,2.536771e-05,0
14400.0,14405.0,14402.5,3.82657e-06,1.913285e-05,0
14405.0,14410.0,14407.5,6.32898e-06,3.16449e-05,0
14410.0,14415.0,14412.5,1.28238e-06,6.4119e-06,0
14415.0,14420.0,14417.5,6.37482e-06,3.18741e-05,0
14420.0,14425.0,14422.5,1.262786e-06,6.31393e-06,0
14425.0,14430.0,14427.5,5.075004e-06,2.537502e-05,0
14430.0,14435.0,14432.5,3.80796e-06,1.90398e-05,0
14435.0,14440.0,14437.5,3.802334e-06,1.901167e-05,0
14440.0,14445.0,14442.5,5.083564e-06,2.541782e-05,0
14445.0,14450.0,14447.5,3.801334e-06,1.900667e-05,0
14450.0,14455.0,14452.5,6.379046e-06,3.189523e-05,0
14455.0,14460.0,14457.5,3.808126e-06,1.904063e-05,0
14465.0,14470.0,14467.5,3.837576e-06,1.918788e-05,0
14470.0,14475.0,14472.5,2.53854e-06,1.26927e-05,0
14480.0,14485.0,14482.5,1.273966e-06,6.36983e-06,0
14485.0,14490.0,14487.5,3.826396e-06,1.913198e-05,0
14490.0,14495.0,14492.5,2.520382e-06,1.260191e-05,0
14495.0,14500.0,14497.5,2.539548e-06,1.269774e-05,0
14500.0,14505.0,14502.5,8.93815e-06,4.469075e-05,0
14505.0,14510.0,14507.5,2.535456e-06,1.267728e-05,0
14510.0,14515.0,14512.5,5.090652e-06,2.545326e-05,0
14515.0,14520.0,14517.5,1.28123e-06,6.40615e-06,0
14525.0,14530.0,14527.5,3.82239e-06,1.911195e-05,0
14530.0,14535.0,14532.5,2.539548e-06,1.269774e-05,0
14535.0,14540.0,14537.5,5.07092e-06,2.53546e-05,0
14540.0,14545.0,14542.5,5.100712e-06,2.550356e-05,0
14550.0,14555.0,14552.5,1.28238e-06,6.4119e-06,0
14555.0,14560.0,14557.5,3.82417e-06,1.912085e-05,0
14560.0,14565.0,14562.5,7.625462e-06,3.812731e-05,0
14565.0,14570.0,14567.5,3.829654e-06,1.914827e-05,0
14570.0,14575.0,14572.5,3.839364e-06,1.919682e-05,0
14575.0,14580.0,14577.5,1.275754e-06,6.37877e-06,0
14580.0,14585.0,14582.5,3.820778e-06,1.910389e-05,0
14585.0,14590.0,14587.5,1.265582e-06,6.32791e-06,0
14590.0,14595.0,14592.5,1.273966e-06,6.36983e-06,0
14595.0,14600.0,14597.5,2.544016e-06,1.272008e-05,0
14600.0,14605.0,14602.5,2.511998e-06,1.255999e-05,0
14610.0,14615.0,14612.5,2.558134e-06,1.279067e-05,0
14615.0,14620.0,14617.5,3.827546e-06,1.913773e-05,0
14620.0,14625.0,14622.5,2.53854e-06,1.26927e-05,0
14625.0,14630.0,14627.5,3.793052e-06,1.896526e-05,0
14630.0,14635.0,14632.5,2.527646e-06,1.263823e-05,0
14640.0,14645.0,14642.5,2.556346e-06,1.278173e-05,0
14645.0,14650.0,14647.5,3.802762e-06,1.901381e-05,0
14650.0,14655.0,14652.5,1.262786e-06,6.31393e-06,0
14655.0,14660.0,14657.5,2.54794e-06,1.27397e-05,0
14660.0,14665.0,14662.5,1.246416e-06,6.23208e-06,0
14665.0,14670.0,14667.5,1.273966e-06,6.36983e-06,0
14670.0,14675.0,14672.5,5.060422e-06,2.530211e-05,0
14675.0,14680.0,14677.5,2.548424e-06,1.274212e-05,0
14680.0,14685.0,14682.5,3.802762e-06,1.901381e-05,0
14685.0,14690.0,14687.5,5.101e-06,2.5505e-05,0
14690.0,14695.0,14692.5,2.535456e-06,1.267728e-05,0
14695.0,14700.0,14697.5,2.546812e-06,1.273406e-05,0
14700.0,14705.0,14702.5,3.812506e-06,1.906253e-05,0
14705.0,14710.0,14707.5,1.273966e-06,6.36983e-06,0
14710.0,14715.0,14712.5,2.55505e-06,1.277525e-05,0
14715.0,14720.0,14717.5,5.057142e-06,2.528571e-05,0
14720.0,14725.0,14722.5,6.374358e-06,3.187179e-05,0
14730.0,14735.0,14732.5,5.11448e-06,2.55724e-05,0
14735.0,14740.0,14737.5,1.28238e-06,6.4119e-06,0
14740.0,14745.0,14742.5,2.54972e-06,1.27486e-05,0
14745.0,14750.0,14747.5,2.49284e-06,1.24642e-05,0
14750.0,14755.0,14752.5,3.820632e-06,1.910316e-05,0
14755.0,14760.0,14757.5,3.825246e-06,1.912623e-05,0
14760.0,14765.0,14762.5,1.28238e-06,6.4119e-06,0
14765.0,14770.0,14767.5,1.262786e-06,6.31393e-06,0
14770.0,14775.0,14772.5,2.528796e-06,1.264398e-05,0
14775.0,14780.0,14777.5,3.829654e-06,1.914827e-05,0
14785.0,14790.0,14787.5,5.089276e-06,2.544638e-05,0
14790.0,14795.0,14792.5,2.545166e-06,1.272583e-05,0
14795.0,14800.0,14797.5,3.768594e-06,1.884297e-05,0
14800.0,14805.0,14802.5,2.56246e-06,1.28123e-05,0
14805.0,14810.0,14807.5,1.28123e-06,6.40615e-06,0
14810.0,14815.0,14812.5,2.555196e-06,1.277598e-05,0
14815.0,14820.0,14817.5,1.28123e-06,6.40615e-06,0
14825.0,14830.0,14827.5,1.273966e-06,6.36983e-06,0
14830.0,14835.0,14832.5,1.28123e-06,6.40615e-06,0
14835.0,14840.0,14837.5,2.558134e-06,1.279067e-05,0
14840.0,14845.0,14842.5,2.545166e-06,1.272583e-05,0
14845.0,14850.0,14847.5,6.348146e-06,3.174073e-05,0
14850.0,14855.0,14852.5,3.819132e-06,1.909566e-05,0
14855.0,14860.0,14857.5,1.28123e-06,6.40615e-06,0
14860.0,14865.0,14862.5,2.548424e-06,1.274212e-05,0
14865.0,14870.0,14867.5,3.783168e-06,1.891584e-05,0
14870.0,14875.0,14872.5,1.262786e-06,6.31393e-06,0
14880.0,14885.0,14882.5,5.101686e-06,2.550843e-05,0
14885.0,14890.0,14887.5,2.54972e-06,1.27486e-05,0
14890.0,14895.0,14892.5,1.275754e-06,6.37877e-06,0
14895.0,14900.0,14897.5,2.536752e-06,1.268376e-05,0
14900.0,14905.0,14902.5,1.28238e-06,6.4119e-06,0
14905.0,14910.0,14907.5,2.556984e-06,1.278492e-05,0
14910.0,14915.0,14912.5,1.246416e-06,6.23208e-06,0
14915.0,14920.0,14917.5,2.528796e-06,1.264398e-05,0
14920.0,14925.0,14922.5,2.546636e-06,1.273318e-05,0
14925.0,14930.0,14927.5,1.265582e-06,6.32791e-06,0
14930.0,14935.0,14932.5,1.246416e-06,6.23208e-06,0
14935.0,14940.0,14937.5,2.544016e-06,1.272008e-05,0
14940.0,14945.0,14942.5,3.83743e-06,1.918715e-05,0
14945.0,14950.0,14947.5,1.275754e-06,6.37877e-06,0
14950.0,14955.0,14952.5,5.021208e-06,2.510604e-05,0
14955.0,14960.0,14957.5,2.539548e-06,1.269774e-05,0
14960.0,14965.0,14962.5,2.56476e-06,1.28238e-05,0
14965.0,14970.0,14967.5,2.545166e-06,1.272583e-05,0
14970.0,14975.0,14972.5,3.784956e-06,1.892478e-05,0
14975.0,14980.0,14977.5,5.10477e-06,2.552385e-05,0
14980.0,14985.0,14982.5,1.27267e-06,6.36335e-06,0
14985.0,14990.0,14987.5,3.825466e-06,1.912733e-05,0
14990.0,14995.0,14992.5,2.54972e-06,1.27486e-05,0
14995.0,15000.0,14997.5,1.273966e-06,6.36983e-06,0
15000.0,15005.0,15002.5,2.56361e-06,1.281805e-05,0
15005.0,15010.0,15007.5,2.556346e-06,1.278173e-05,0
15010.0,15015.0,15012.5,2.558134e-06,1.279067e-05,0
15015.0,15020.0,15017.5,2.546812e-06,1.273406e-05,0
15020.0,15025.0,15022.5,3.781872e-06,1.890936e-05,0
15025.0,15030.0,15027.5,3.81354e-06,1.90677e-05,0
15030.0,15035.0,15032.5,3.77407e-06,1.887035e-05,0
15035.0,15040.0,15037.5,6.345062e-06,3.172531e-05,0
15045.0,15050.0,15047.5,1.28123e-06,6.40615e-06,0
15055.0,15060.0,15057.5,2.54972e-06,1.27486e-05,0
15060.0,15065.0,15062.5,2.544016e-06,1.272008e-05,0
15065.0,15070.0,15067.5,3.790432e-06,1.895216e-05,0
15070.0,15075.0,15072.5,3.839364e-06,1.919682e-05,0
15075.0,15080.0,15077.5,3.82092e-06,1.91046e-05,0
15080.0,15085.0,15082.5,2.558134e-06,1.279067e-05,0
15085.0,15090.0,15087.5,3.784956e-06,1.892478e-05,0
15090.0,15095.0,15092.5,5.04875e-06,2.524375e-05,0
15095.0,15100.0,15097.5,1.262786e-06,6.31393e-06,0
15100.0,15105.0,15102.5,1.273966e-06,6.36983e-06,0
15105.0,15110.0,15107.5,3.83095e-06,1.915475e-05,0
15110.0,15115.0,15112.5,2.56361e-06,1.281805e-05,0
15115.0,15120.0,15117.5,2.528796e-06,1.264398e-05,0
15120.0,15125.0,15122.5,2.54972e-06,1.27486e-05,0
15125.0,15130.0,15127.5,1.262786e-06,6.31393e-06,0
15130.0,15135.0,15132.5,5.091802e-06,2.545901e-05,0
15135.0,15140.0,15137.5,3.809598e-06,1.904799e-05,0
15140.0,15145.0,15142.5,1.28238e-06,6.4119e-06,0
15145.0,15150.0,15147.5,3.827866e-06,1.913933e-05,0
15150.0,15155.0,15152.5,1.262786e-06,6.31393e-06,0
15160.0,15165.0,15162.5,1.265582e-06,6.32791e-06,0
15165.0,15170.0,15167.5,1.246416e-06,6.23208e-06,0
15170.0,15175.0,15172.5,2.52217e-06,1.261085e-05,0
15175.0,15180.0,15177.5,2.5539e-06,1.27695e-05,0
15180.0,15185.0,15182.5,1.27267e-06,6.36335e-06,0
15185.0,15190.0,15187.5,5.10313e-06,2.551565e-05,0
15190.0,15195.0,15192.5,2.536752e-06,1.268376e-05,0
15200.0,15205.0,15202.5,3.79484e-06,1.89742e-05,0
15205.0,15210.0,15207.5,1.27267e-06,6.36335e-06,0
15215.0,15220.0,15217.5,2.509202e-06,1.254601e-05,0
15220.0,15225.0,15222.5,1.273966e-06,6.36983e-06,0
15225.0,15230.0,15227.5,1.28123e-06,6.40615e-06,0
15230.0,15235.0,15232.5,6.338394e-06,3.169197e-05,0
15235.0,15240.0,15237.5,2.53854e-06,1.26927e-05,0
15240.0,15245.0,15242.5,2.556346e-06,1.278173e-05,0
15245.0,15250.0,15247.5,2.545166e-06,1.272583e-05,0
15250.0,15255.0,15252.5,2.556984e-06,1.278492e-05,0
15255.0,15260.0,15257.5,2.535456e-06,1.267728e-05,0
15270.0,15275.0,15272.5,1.273966e-06,6.36983e-06,0
15275.0,15280.0,15277.5,2.519086e-06,1.259543e-05,0
15280.0,15285.0,15282.5,3.77407e-06,1.887035e-05,0
15285.0,15290.0,15287.5,3.79484e-06,1.89742e-05,0
15290.0,15295.0,15292.5,1.28123e-06,6.40615e-06,0
15295.0,15300.0,15297.5,2.556346e-06,1.278173e-05,0
15300.0,15305.0,15302.5,2.538252e-06,1.269126e-05,0
15305.0,15310.0,15307.5,2.544016e-06,1.272008e-05,0
15310.0,15315.0,15312.5,1.262786e-06,6.31393e-06,0
15315.0,15320.0,15317.5,3.827546e-06,1.913773e-05,0
15320.0,15325.0,15322.5,1.28123e-06,6.40615e-06,0
15325.0,15330.0,15327.5,2.55505e-06,1.277525e-05,0
15330.0,15335.0,15332.5,1.28123e-06,6.40615e-06,0
15335.0,15340.0,15337.5,1.262786e-06,6.31393e-06,0
15340.0,15345.0,15342.5,5.06751e-06,2.533755e-05,0
15345.0,15350.0,15347.5,1.275754e-06,6.37877e-06,0
15350.0,15355.0,15352.5,5.102008e-06,2.551004e-05,0
15355.0,15360.0,15357.5,1.273966e-06,6.36983e-06,0
15360.0,15365.0,15362.5,3.816686e-06,1.908343e-05,0
15365.0,15370.0,15367.5,3.83095e-06,1.915475e-05,0
15370.0,15375.0,15372.5,1.275754e-06,6.37877e-06,0
15375.0,15380.0,15377.5,5.093106e-06,2.546553e-05,0
15380.0,15385.0,15382.5,2.509202e-06,1.254601e-05,0
15385.0,15390.0,15387.5,2.541336e-06,1.270668e-05,0
15390.0,15395.0,15392.5,1.273966e-06,6.36983e-06,0
15395.0,15400.0,15397.5,1.246416e-06,6.23208e-06,0
15400.0,15405.0,15402.5,6.326284e-06,3.163142e-05,0
15405.0,15410.0,15407.5,2.53854e-06,1.26927e-05,0
15415.0,15420.0,15417.5,3.81121e-06,1.905605e-05,0
15420.0,15425.0,15422.5,3.793052e-06,1.896526e-05,0
15435.0,15440.0,15437.5,3.83095e-06,1.915475e-05,0
15440.0,15445.0,15442.5,2.545166e-06,1.272583e-05,0
15455.0,15460.0,15457.5,3.809422e-06,1.904711e-05,0
15460.0,15465.0,15462.5,1.28123e-06,6.40615e-06,0
15465.0,15470.0,15467.5,1.262786e-06,6.31393e-06,0
15470.0,15475.0,15472.5,1.28238e-06,6.4119e-06,0
15475.0,15480.0,15477.5,2.546812e-06,1.273406e-05,0
15480.0,15485.0,15482.5,2.511998e-06,1.255999e-05,0
15485.0,15490.0,15487.5,2.528368e-06,1.264184e-05,0
15490.0,15495.0,15492.5,2.547962e-06,1.273981e-05,0
15500.0,15505.0,15502.5,1.262786e-06,6.31393e-06,0
15505.0,15510.0,15507.5,5.094886e-06,2.547443e-05,0
15510.0,15515.0,15512.5,1.262786e-06,6.31393e-06,0
15515.0,15520.0,15517.5,1.273966e-06,6.36983e-06,0
15520.0,15525.0,15522.5,2.53854e-06,1.26927e-05,0
15525.0,15530.0,15527.5,2.546636e-06,1.273318e-05,0
15530.0,15535.0,15532.5,1.28123e-06,6.40615e-06,0
15535.0,15540.0,15537.5,2.556984e-06,1.278492e-05,0
15540.0,15545.0,15542.5,5.08919e-06,2.544595e-05,0
15545.0,15550.0,15547.5,1.275754e-06,6.37877e-06,0
15550.0,15555.0,15552.5,1.28123e-06,6.40615e-06,0
15555.0,15560.0,15557.5,7.596882e-06,3.798441e-05,0
15560.0,15565.0,15562.5,1.275754e-06,6.37877e-06,0
15565.0,15570.0,15567.5,2.544016e-06,1.272008e-05,0
15570.0,15575.0,15572.5,3.817982e-06,1.908991e-05,0
15575.0,15580.0,15577.5,3.781872e-06,1.890936e-05,0
15580.0,15585.0,15582.5,1.28123e-06,6.40615e-06,0
15585.0,15590.0,15587.5,1.262786e-06,6.31393e-06,0
15590.0,15595.0,15592.5,1.28123e-06,6.40615e-06,0
15595.0,15600.0,15597.5,2.5539e-06,1.27695e-05,0
15600.0,15605.0,15602.5,2.54534e-06,1.27267e-05,0
15605.0,15610.0,15607.5,5.099212e-06,2.549606e-05,0
15615.0,15620.0,15617.5,1.27267e-06,6.36335e-06,0
15620.0,15625.0,15622.5,2.545166e-06,1.272583e-05,0
15625.0,15630.0,15627.5,3.8321e-06,1.91605e-05,0
15635.0,15640.0,15637.5,1.262786e-06,6.31393e-06,0
15640.0,15645.0,15642.5,1.28123e-06,6.40615e-06,0
15650.0,15655.0,15652.5,1.273966e-06,6.36983e-06,0
15655.0,15660.0,15657.5,2.558134e-06,1.279067e-05,0
15665.0,15670.0,15667.5,1.265582e-06,6.32791e-06,0
15670.0,15675.0,15672.5,5.075004e-06,2.537502e-05,0
15675.0,15680.0,15677.5,3.817836e-06,1.908918e-05,0
15685.0,15690.0,15687.5,1.28123e-06,6.40615e-06,0
15690.0,15695.0,15692.5,2.54534e-06,1.27267e-05,0
15695.0,15700.0,15697.5,3.821094e-06,1.910547e-05,0
15700.0,15705.0,15702.5,2.558134e-06,1.279067e-05,0
15705.0,15710.0,15707.5,1.262786e-06,6.31393e-06,0
15710.0,15715.0,15712.5,2.547962e-06,1.273981e-05,0
15715.0,15720.0,15717.5,2.558134e-06,1.279067e-05,0
15720.0,15725.0,15722.5,1.27267e-06,6.36335e-06,0
15725.0,15730.0,15727.5,3.810748e-06,1.905374e-05,0
15740.0,15745.0,15742.5,2.55505e-06,1.277525e-05,0
15750.0,15755.0,15752.5,6.371276e-06,3.185638e-05,0
15760.0,15765.0,15762.5,3.827546e-06,1.913773e-05,0
15765.0,15770.0,15767.5,2.54794e-06,1.27397e-05,0
15770.0,15775.0,15772.5,2.520382e-06,1.260191e-05,0
15775.0,15780.0,15777.5,2.519086e-06,1.259543e-05,0
15785.0,15790.0,15787.5,3.77407e-06,1.887035e-05,0
15795.0,15800.0,15797.5,1.246416e-06,6.23208e-06,0
15800.0,15805.0,15802.5,1.28238e-06,6.4119e-06,0
15805.0,15810.0,15807.5,1.27267e-06,6.36335e-06,0
15810.0,15815.0,15812.5,2.556984e-06,1.278492e-05,0
15815.0,15820.0,15817.5,3.812506e-06,1.906253e-05,0
15820.0,15825.0,15822.5,2.555196e-06,1.277598e-05,0
15825.0,15830.0,15827.5,1.28123e-06,6.40615e-06,0
15835.0,15840.0,15837.5,5.10215e-06,2.551075e-05,0
15845.0,15850.0,15847.5,3.8034e-06,1.9017e-05,0
15850.0,15855.0,15852.5,1.27267e-06,6.36335e-06,0
15855.0,15860.0,15857.5,3.836426e-06,1.918213e-05,0
15860.0,15865.0,15862.5,1.265582e-06,6.32791e-06,0
15865.0,15870.0,15867.5,2.53854e-06,1.26927e-05,0
15870.0,15875.0,15872.5,7.653716e-06,3.826858e-05,0
15885.0,15890.0,15887.5,2.555196e-06,1.277598e-05,0
15890.0,15895.0,15892.5,1.262786e-06,6.31393e-06,0
15900.0,15905.0,15902.5,2.509202e-06,1.254601e-05,0
15905.0,15910.0,15907.5,2.556984e-06,1.278492e-05,0
15910.0,15915.0,15912.5,1.28123e-06,6.40615e-06,0
15920.0,15925.0,15922.5,1.28238e-06,6.4119e-06,0
15925.0,15930.0,15927.5,2.546636e-06,1.273318e-05,0
15935.0,15940.0,15937.5,1.246416e-06,6.23208e-06,0
15940.0,15945.0,15942.5,5.029592e-06,2.514796e-05,0
15945.0,15950.0,15947.5,3.802762e-06,1.901381e-05,0
15950.0,15955.0,15952.5,1.246416e-06,6.23208e-06,0
15955.0,15960.0,15957.5,5.1127e-06,2.55635e-05,0
15960.0,15965.0,15962.5,1.273966e-06,6.36983e-06,0
15965.0,15970.0,15967.5,1.28123e-06,6.40615e-06,0
15970.0,15975.0,15972.5,1.27267e-06,6.36335e-06,0
15975.0,15980.0,15977.5,1.27267e-06,6.36335e-06,0
15980.0,15985.0,15982.5,3.826396e-06,1.913198e-05,0
15985.0,15990.0,15987.5,1.28238e-06,6.4119e-06,0
15990.0,15995.0,15992.5,1.28238e-06,6.4119e-06,0
15995.0,16000.0,15997.5,1.262786e-06,6.31393e-06,0
16005.0,16010.0,16007.5,2.52558e-06,1.26279e-05,0
16010.0,16015.0,16012.5,1.28238e-06,6.4119e-06,0
16015.0,16020.0,16017.5,3.802334e-06,1.901167e-05,0
16020.0,16025.0,16022.5,3.791582e-06,1.895791e-05,0
16030.0,16035.0,16032.5,1.262786e-06,6.31393e-06,0
16035.0,16040.0,16037.5,2.545166e-06,1.272583e-05,0
16040.0,16045.0,16042.5,2.544016e-06,1.272008e-05,0
16045.0,16050.0,16047.5,3.828042e-06,1.914021e-05,0
16050.0,16055.0,16052.5,1.28123e-06,6.40615e-06,0
16055.0,16060.0,16057.5,3.825246e-06,1.912623e-05,0
16065.0,16070.0,16067.5,2.556984e-06,1.278492e-05,0
16070.0,16075.0,16072.5,1.28123e-06,6.40615e-06,0
16075.0,16080.0,16077.5,1.262786e-06,6.31393e-06,0
16080.0,16085.0,16082.5,2.53854e-06,1.26927e-05,0
16090.0,16095.0,16092.5,3.787752e-06,1.893876e-05,0
16095.0,16100.0,16097.5,1.262786e-06,6.31393e-06,0
16100.0,16105.0,16102.5,1.262786e-06,6.31393e-06,0
16105.0,16110.0,16107.5,1.246416e-06,6.23208e-06,0
16110.0,16115.0,16112.5,1.273966e-06,6.36983e-06,0
16115.0,16120.0,16117.5,1.28123e-06,6.40615e-06,0
16120.0,16125.0,16122.5,2.49284e-06,1.24642e-05,0
16125.0,16130.0,16127.5,1.273966e-06,6.36983e-06,0
16130.0,16135.0,16132.5,6.3573e-06,3.17865e-05,0
16140.0,16145.0,16142.5,2.548424e-06,1.274212e-05,0
16145.0,16150.0,16147.5,1.273966e-06,6.36983e-06,0
16150.0,16155.0,16152.5,5.11448e-06,2.55724e-05,0
16160.0,16165.0,16162.5,1.27267e-06,6.36335e-06,0
16165.0,16170.0,16167.5,2.5539e-06,1.27695e-05,0
16170.0,16175.0,16172.5,1.262786e-06,6.31393e-06,0
16175.0,16180.0,16177.5,3.82239e-06,1.911195e-05,0
16180.0,16185.0,16182.5,1.28123e-06,6.40615e-06,0
16185.0,16190.0,16187.5,1.262786e-06,6.31393e-06,0
16190.0,16195.0,16192.5,2.528368e-06,1.264184e-05,0
16200.0,16205.0,16202.5,1.28123e-06,6.40615e-06,0
16205.0,16210.0,16207.5,3.8321e-06,1.91605e-05,0
16210.0,16215.0,16212.5,1.28123e-06,6.40615e-06,0
16215.0,16220.0,16217.5,1.28238e-06,6.4119e-06,0
16220.0,16225.0,16222.5,3.84484e-06,1.92242e-05,0
16230.0,16235.0,16232.5,1.275754e-06,6.37877e-06,0
16235.0,16240.0,16237.5,1.275754e-06,6.37877e-06,0
16240.0,16245.0,16242.5,1.27267e-06,6.36335e-06,0
16245.0,16250.0,16247.5,1.28238e-06,6.4119e-06,0
16250.0,16255.0,16252.5,1.273966e-06,6.36983e-06,0
16265.0,16270.0,16267.5,2.5539e-06,1.27695e-05,0
16270.0,16275.0,16272.5,2.55505e-06,1.277525e-05,0
16280.0,16285.0,16282.5,2.520382e-06,1.260191e-05,0
16285.0,16290.0,16287.5,2.53116e-06,1.26558e-05,0
16290.0,16295.0,16292.5,3.814006e-06,1.907003e-05,0
16300.0,16305.0,16302.5,1.273966e-06,6.36983e-06,0
16305.0,16310.0,16307.5,1.28123e-06,6.40615e-06,0
16310.0,16315.0,16312.5,1.27267e-06,6.36335e-06,0
16315.0,16320.0,16317.5,1.273966e-06,6.36983e-06,0
16320.0,16325.0,16322.5,2.54794e-06,1.27397e-05,0
16330.0,16335.0,16332.5,2.527646e-06,1.263823e-05,0
16335.0,16340.0,16337.5,5.07722e-06,2.53861e-05,0
16340.0,16345.0,16342.5,1.273966e-06,6.36983e-06,0
16345.0,16350.0,16347.5,1.273966e-06,6.36983e-06,0
16350.0,16355.0,16352.5,3.784668e-06,1.892334e-05,0
16360.0,16365.0,16362.5,3.8034e-06,1.9017e-05,0
16370.0,16375.0,16372.5,1.275754e-06,6.37877e-06,0
16375.0,16380.0,16377.5,2.52558e-06,1.26279e-05,0
16380.0,16385.0,16382.5,1.28123e-06,6.40615e-06,0
16385.0,16390.0,16387.5,5.101862e-06,2.550931e-05,0
16390.0,16395.0,16392.5,2.546812e-06,1.273406e-05,0
16400.0,16405.0,16402.5,1.262786e-06,6.31393e-06,0
16405.0,16410.0,16407.5,2.539548e-06,1.269774e-05,0
16415.0,16420.0,16417.5,1.246416e-06,6.23208e-06,0
16420.0,16425.0,16422.5,1.262786e-06,6.31393e-06,0
16425.0,16430.0,16427.5,1.275754e-06,6.37877e-06,0
16430.0,16435.0,16432.5,3.82239e-06,1.911195e-05,0
16435.0,16440.0,16437.5,1.246416e-06,6.23208e-06,0
16445.0,16450.0,16447.5,2.527646e-06,1.263823e-05,0
16450.0,16455.0,16452.5,1.246416e-06,6.23208e-06,0
16455.0,16460.0,16457.5,1.28123e-06,6.40615e-06,0
16460.0,16465.0,16462.5,3.80796e-06,1.90398e-05,0
16465.0,16470.0,16467.5,1.265582e-06,6.32791e-06,0
16470.0,16475.0,16472.5,2.511998e-06,1.255999e-05,0
16480.0,16485.0,16482.5,1.273966e-06,6.36983e-06,0
16490.0,16495.0,16492.5,2.528796e-06,1.264398e-05,0
16495.0,16500.0,16497.5,1.262786e-06,6.31393e-06,0
16500.0,16505.0,16502.5,3.83032e-06,1.91516e-05,0
16505.0,16510.0,16507.5,3.805126e-06,1.902563e-05,0
16510.0,16515.0,16512.5,1.262786e-06,6.31393e-06,0
16515.0,16520.0,16517.5,3.784956e-06,1.892478e-05,0
16520.0,16525.0,16522.5,1.246416e-06,6.23208e-06,0
16525.0,16530.0,16527.5,1.27267e-06,6.36335e-06,0
16530.0,16535.0,16532.5,1.27267e-06,6.36335e-06,0
16535.0,16540.0,16537.5,3.799546e-06,1.899773e-05,0
16545.0,16550.0,16547.5,3.829192e-06,1.914596e-05,0
16550.0,16555.0,16552.5,3.82239e-06,1.911195e-05,0
16570.0,16575.0,16572.5,2.555196e-06,1.277598e-05,0
16575.0,16580.0,16577.5,1.28238e-06,6.4119e-06,0
16580.0,16585.0,16582.5,1.28238e-06,6.4119e-06,0
16585.0,16590.0,16587.5,2.556346e-06,1.278173e-05,0
16590.0,16595.0,16592.5,3.82657e-06,1.913285e-05,0
16595.0,16600.0,16597.5,2.558134e-06,1.279067e-05,0
16600.0,16605.0,16602.5,3.829016e-06,1.914508e-05,0
16610.0,16615.0,16612.5,3.823694e-06,1.911847e-05,0
16615.0,16620.0,16617.5,1.262786e-06,6.31393e-06,0
16620.0,16625.0,16622.5,3.801334e-06,1.900667e-05,0
16625.0,16630.0,16627.5,1.28123e-06,6.40615e-06,0
16630.0,16635.0,16632.5,2.52217e-06,1.261085e-05,0
16635.0,16640.0,16637.5,2.548424e-06,1.274212e-05,0
16640.0,16645.0,16642.5,1.265582e-06,6.32791e-06,0
16645.0,16650.0,16647.5,1.246416e-06,6.23208e-06,0
16650.0,16655.0,16652.5,2.547962e-06,1.273981e-05,0
16665.0,16670.0,16667.5,2.528796e-06,1.264398e-05,0
16675.0,16680.0,16677.5,1.28123e-06,6.40615e-06,0
16680.0,16685.0,16682.5,1.273966e-06,6.36983e-06,0
16685.0,16690.0,16687.5,1.262786e-06,6.31393e-06,0
16690.0,16695.0,16692.5,1.262786e-06,6.31393e-06,0
16695.0,16700.0,16697.5,1.28123e-06,6.40615e-06,0
16705.0,16710.0,16707.5,1.262786e-06,6.31393e-06,0
16710.0,16715.0,16712.5,1.265582e-06,6.32791e-06,0
16725.0,16730.0,16727.5,3.814006e-06,1.907003e-05,0
16730.0,16735.0,16732.5,1.262786e-06,6.31393e-06,0
16740.0,16745.0,16742.5,3.82239e-06,1.911195e-05,0
16745.0,16750.0,16747.5,1.262786e-06,6.31393e-06,0
16750.0,16755.0,16752.5,2.54972e-06,1.27486e-05,0
16755.0,16760.0,16757.5,1.246416e-06,6.23208e-06,0
16760.0,16765.0,16762.5,1.262786e-06,6.31393e-06,0
16765.0,16770.0,16767.5,1.27267e-06,6.36335e-06,0
16775.0,16780.0,16777.5,3.829192e-06,1.914596e-05,0
16780.0,16785.0,16782.5,2.544016e-06,1.272008e-05,0
16785.0,16790.0,16787.5,3.810748e-06,1.905374e-05,0
16790.0,16795.0,16792.5,5.094752e-06,2.547376e-05,0
16795.0,16800.0,16797.5,2.509202e-06,1.254601e-05,0
16805.0,16810.0,16807.5,2.555196e-06,1.277598e-05,0
16810.0,16815.0,16812.5,1.265582e-06,6.32791e-06,0
16815.0,16820.0,16817.5,1.28123e-06,6.40615e-06,0
16825.0,16830.0,16827.5,1.273966e-06,6.36983e-06,0
16835.0,16840.0,16837.5,1.28123e-06,6.40615e-06,0
16840.0,16845.0,16842.5,1.246416e-06,6.23208e-06,0
16845.0,16850.0,16847.5,2.56361e-06,1.281805e-05,0
16855.0,16860.0,16857.5,1.246416e-06,6.23208e-06,0
16865.0,16870.0,16867.5,1.265582e-06,6.32791e-06,0
16870.0,16875.0,16872.5,1.28238e-06,6.4119e-06,0
16875.0,16880.0,16877.5,1.246416e-06,6.23208e-06,0
16890.0,16895.0,16892.5,3.794378e-06,1.897189e-05,0
16895.0,16900.0,16897.5,1.28238e-06,6.4119e-06,0
16900.0,16905.0,16902.5,3.784668e-06,1.892334e-05,0
16905.0,16910.0,16907.5,3.810922e-06,1.905461e-05,0
16910.0,16915.0,16912.5,2.536752e-06,1.268376e-05,0
16915.0,16920.0,16917.5,3.812218e-06,1.906109e-05,0
16920.0,16925.0,16922.5,5.082696e-06,2.541348e-05,0
16925.0,16930.0,16927.5,1.275754e-06,6.37877e-06,0
16935.0,16940.0,16937.5,3.79825e-06,1.899125e-05,0
16940.0,16945.0,16942.5,2.5539e-06,1.27695e-05,0
16945.0,16950.0,16947.5,2.544016e-06,1.272008e-05,0
16950.0,16955.0,16952.5,2.541336e-06,1.270668e-05,0
16960.0,16965.0,16962.5,1.27267e-06,6.36335e-06,0
16965.0,16970.0,16967.5,1.28123e-06,6.40615e-06,0
16970.0,16975.0,16972.5,1.273966e-06,6.36983e-06,0
16975.0,16980.0,16977.5,1.265582e-06,6.32791e-06,0
16980.0,16985.0,16982.5,3.794378e-06,1.897189e-05,0
16985.0,16990.0,16987.5,1.262786e-06,6.31393e-06,0
16990.0,16995.0,16992.5,2.548424e-06,1.274212e-05,0
16995.0,17000.0,16997.5,3.836426e-06,1.918213e-05,0
17005.0,17010.0,17007.5,1.265582e-06,6.32791e-06,0
17015.0,17020.0,17017.5,5.076758e-06,2.538379e-05,0
17020.0,17025.0,17022.5,2.544016e-06,1.272008e-05,0
17025.0,17030.0,17027.5,2.56246e-06,1.28123e-05,0
17035.0,17040.0,17037.5,2.54534e-06,1.27267e-05,0
17040.0,17045.0,17042.5,3.815302e-06,1.907651e-05,0
17045.0,17050.0,17047.5,2.527646e-06,1.263823e-05,0
17050.0,17055.0,17052.5,1.262786e-06,6.31393e-06,0
17055.0,17060.0,17057.5,3.82917e-06,1.914585e-05,0
17060.0,17065.0,17062.5,2.5539e-06,1.27695e-05,0
17065.0,17070.0,17067.5,1.275754e-06,6.37877e-06,0
17075.0,17080.0,17077.5,1.27267e-06,6.36335e-06,0
17080.0,17085.0,17082.5,1.28238e-06,6.4119e-06,0
17085.0,17090.0,17087.5,1.246416e-06,6.23208e-06,0
17090.0,17095.0,17092.5,2.539548e-06,1.269774e-05,0
17095.0,17100.0,17097.5,1.262786e-06,6.31393e-06,0
17105.0,17110.0,17107.5,1.262786e-06,6.31393e-06,0
17110.0,17115.0,17112.5,2.53854e-06,1.26927e-05,0
17115.0,17120.0,17117.5,1.273966e-06,6.36983e-06,0
17130.0,17135.0,17132.5,1.273966e-06,6.36983e-06,0
17135.0,17140.0,17137.5,1.28238e-06,6.4119e-06,0
17140.0,17145.0,17142.5,1.27267e-06,6.36335e-06,0
17155.0,17160.0,17157.5,3.801334e-06,1.900667e-05,0
17160.0,17165.0,17162.5,2.546812e-06,1.273406e-05,0
17165.0,17170.0,17167.5,3.829016e-06,1.914508e-05,0
17175.0,17180.0,17177.5,2.54794e-06,1.27397e-05,0
17180.0,17185.0,17182.5,2.5515e-06,1.27575e-05,0
17185.0,17190.0,17187.5,2.56361e-06,1.281805e-05,0
17195.0,17200.0,17197.5,3.826396e-06,1.913198e-05,0
17205.0,17210.0,17207.5,2.53116e-06,1.26558e-05,0
17210.0,17215.0,17212.5,2.547962e-06,1.273981e-05,0
17215.0,17220.0,17217.5,2.520382e-06,1.260191e-05,0
17220.0,17225.0,17222.5,2.520382e-06,1.260191e-05,0
17225.0,17230.0,17227.5,1.28123e-06,6.40615e-06,0
17230.0,17235.0,17232.5,1.273966e-06,6.36983e-06,0
17235.0,17240.0,17237.5,3.82239e-06,1.911195e-05,0
17240.0,17245.0,17242.5,3.838214e-06,1.919107e-05,0
17245.0,17250.0,17247.5,2.520382e-06,1.260191e-05,0
17255.0,17260.0,17257.5,1.28123e-06,6.40615e-06,0
17260.0,17265.0,17262.5,1.265582e-06,6.32791e-06,0
17265.0,17270.0,17267.5,1.28238e-06,6.4119e-06,0
17275.0,17280.0,17277.5,5.087506e-06,2.543753e-05,0
17280.0,17285.0,17282.5,1.28238e-06,6.4119e-06,0
17285.0,17290.0,17287.5,5.08693e-06,2.543465e-05,0
17295.0,17300.0,17297.5,1.28123e-06,6.40615e-06,0
17300.0,17305.0,17302.5,1.265582e-06,6.32791e-06,0
17305.0,17310.0,17307.5,1.28123e-06,6.40615e-06,0
17310.0,17315.0,17312.5,1.27267e-06,6.36335e-06,0
17315.0,17320.0,17317.5,1.27267e-06,6.36335e-06,0
17320.0,17325.0,17322.5,2.538252e-06,1.269126e-05,0
17330.0,17335.0,17332.5,1.262786e-06,6.31393e-06,0
17335.0,17340.0,17337.5,1.246416e-06,6.23208e-06,0
17340.0,17345.0,17342.5,5.083714e-06,2.541857e-05,0
17350.0,17355.0,17352.5,3.80681e-06,1.903405e-05,0
17355.0,17360.0,17357.5,2.527646e-06,1.263823e-05,0
17360.0,17365.0,17362.5,2.5539e-06,1.27695e-05,0
17365.0,17370.0,17367.5,1.262786e-06,6.31393e-06,0
17370.0,17375.0,17372.5,2.547962e-06,1.273981e-05,0
17375.0,17380.0,17377.5,2.54794e-06,1.27397e-05,0
17380.0,17385.0,17382.5,2.54972e-06,1.27486e-05,0
17390.0,17395.0,17392.5,1.246416e-06,6.23208e-06,0
17395.0,17400.0,17397.5,1.262786e-06,6.31393e-06,0
17410.0,17415.0,17412.5,3.820632e-06,1.910316e-05,0
17415.0,17420.0,17417.5,1.28123e-06,6.40615e-06,0
17425.0,17430.0,17427.5,1.273966e-06,6.36983e-06,0
17430.0,17435.0,17432.5,1.28123e-06,6.40615e-06,0
17440.0,17445.0,17442.5,1.275754e-06,6.37877e-06,0
17445.0,17450.0,17447.5,1.28123e-06,6.40615e-06,0
17455.0,17460.0,17457.5,1.275754e-06,6.37877e-06,0
17460.0,17465.0,17462.5,1.262786e-06,6.31393e-06,0
17465.0,17470.0,17467.5,1.27267e-06,6.36335e-06,0
17470.0,17475.0,17472.5,2.527646e-06,1.263823e-05,0
17475.0,17480.0,17477.5,3.794378e-06,1.897189e-05,0
17480.0,17485.0,17482.5,1.262786e-06,6.31393e-06,0
17495.0,17500.0,17497.5,1.27267e-06,6.36335e-06,0
17505.0,17510.0,17507.5,2.509202e-06,1.254601e-05,0
17510.0,17515.0,17512.5,2.56476e-06,1.28238e-05,0
17515.0,17520.0,17517.5,1.275754e-06,6.37877e-06,0
17520.0,17525.0,17522.5,6.352538e-06,3.176269e-05,0
17525.0,17530.0,17527.5,1.273966e-06,6.36983e-06,0
17530.0,17535.0,17532.5,1.28123e-06,6.40615e-06,0
17535.0,17540.0,17537.5,1.28123e-06,6.40615e-06,0
17540.0,17545.0,17542.5,2.556984e-06,1.278492e-05,0
17545.0,17550.0,17547.5,1.28238e-06,6.4119e-06,0
17550.0,17555.0,17552.5,1.262786e-06,6.31393e-06,0
17555.0,17560.0,17557.5,2.49284e-06,1.24642e-05,0
17565.0,17570.0,17567.5,1.275754e-06,6.37877e-06,0
17570.0,17575.0,17572.5,1.262786e-06,6.31393e-06,0
17580.0,17585.0,17582.5,1.28238e-06,6.4119e-06,0
17595.0,17600.0,17597.5,1.265582e-06,6.32791e-06,0
17600.0,17605.0,17602.5,7.612822e-06,3.806411e-05,0
17625.0,17630.0,17627.5,2.520382e-06,1.260191e-05,0
17630.0,17635.0,17632.5,1.28123e-06,6.40615e-06,0
17640.0,17645.0,17642.5,1.262786e-06,6.31393e-06,0
17655.0,17660.0,17657.5,2.520382e-06,1.260191e-05,0
17660.0,17665.0,17662.5,5.107626e-06,2.553813e-05,0
17665.0,17670.0,17667.5,1.275754e-06,6.37877e-06,0
17670.0,17675.0,17672.5,1.27267e-06,6.36335e-06,0
17680.0,17685.0,17682.5,1.275754e-06,6.37877e-06,0
17685.0,17690.0,17687.5,1.275754e-06,6.37877e-06,0
17690.0,17695.0,17692.5,1.262786e-06,6.31393e-06,0
17700.0,17705.0,17702.5,1.265582e-06,6.32791e-06,0
17710.0,17715.0,17712.5,2.539548e-06,1.269774e-05,0
17715.0,17720.0,17717.5,1.27267e-06,6.36335e-06,0
17720.0,17725.0,17722.5,2.56246e-06,1.28123e-05,0
17725.0,17730.0,17727.5,1.262786e-06,6.31393e-06,0
17735.0,17740.0,17737.5,1.273966e-06,6.36983e-06,0
17740.0,17745.0,17742.5,2.535456e-06,1.267728e-05,0
17750.0,17755.0,17752.5,5.041264e-06,2.520632e-05,0
17755.0,17760.0,17757.5,1.246416e-06,6.23208e-06,0
17780.0,17785.0,17782.5,1.28238e-06,6.4119e-06,0
17785.0,17790.0,17787.5,2.528796e-06,1.264398e-05,0
17795.0,17800.0,17797.5,1.27267e-06,6.36335e-06,0
17800.0,17805.0,17802.5,2.545166e-06,1.272583e-05,0
17805.0,17810.0,17807.5,2.56361e-06,1.281805e-05,0
17820.0,17825.0,17822.5,2.544016e-06,1.272008e-05,0
17825.0,17830.0,17827.5,1.262786e-06,6.31393e-06,0
17830.0,17835.0,17832.5,1.246416e-06,6.23208e-06,0
17835.0,17840.0,17837.5,5.1127e-06,2.55635e-05,0
17840.0,17845.0,17842.5,1.273966e-06,6.36983e-06,0
17845.0,17850.0,17847.5,3.814006e-06,1.907003e-05,0
17850.0,17855.0,17852.5,1.28238e-06,6.4119e-06,0
17885.0,17890.0,17887.5,1.28238e-06,6.4119e-06,0
17895.0,17900.0,17897.5,1.275754e-06,6.37877e-06,0
17900.0,17905.0,17902.5,3.817982e-06,1.908991e-05,0
17905.0,17910.0,17907.5,1.262786e-06,6.31393e-06,0
17910.0,17915.0,17912.5,2.519086e-06,1.259543e-05,0
17925.0,17930.0,17927.5,2.527646e-06,1.263823e-05,0
17930.0,17935.0,17932.5,2.528368e-06,1.264184e-05,0
17935.0,17940.0,17937.5,2.52558e-06,1.26279e-05,0
17940.0,17945.0,17942.5,2.519086e-06,1.259543e-05,0
17945.0,17950.0,17947.5,2.56476e-06,1.28238e-05,0
17955.0,17960.0,17957.5,1.262786e-06,6.31393e-06,0
17960.0,17965.0,17962.5,5.094886e-06,2.547443e-05,0
17965.0,17970.0,17967.5,2.528796e-06,1.264398e-05,0
17975.0,17980.0,17977.5,1.27267e-06,6.36335e-06,0
17980.0,17985.0,17982.5,1.275754e-06,6.37877e-06,0
17990.0,17995.0,17992.5,1.265582e-06,6.32791e-06,0
17995.0,18000.0,17997.5,1.273966e-06,6.36983e-06,0
18000.0,18005.0,18002.5,2.541336e-06,1.270668e-05,0
18010.0,18015.0,18012.5,2.547962e-06,1.273981e-05,0
18015.0,18020.0,18017.5,2.546812e-06,1.273406e-05,0
18020.0,18025.0,18022.5,1.262786e-06,6.31393e-06,0
18025.0,18030.0,18027.5,1.27267e-06,6.36335e-06,0
18030.0,18035.0,18032.5,2.52217e-06,1.261085e-05,0
18035.0,18040.0,18037.5,1.28123e-06,6.40615e-06,0
18040.0,18045.0,18042.5,2.49284e-06,1.24642e-05,0
18045.0,18050.0,18047.5,1.262786e-06,6.31393e-06,0
18050.0,18055.0,18052.5,2.56361e-06,1.281805e-05,0
18055.0,18060.0,18057.5,1.273966e-06,6.36983e-06,0
18065.0,18070.0,18067.5,2.545166e-06,1.272583e-05,0
18070.0,18075.0,18072.5,2.54972e-06,1.27486e-05,0
18080.0,18085.0,18082.5,1.246416e-06,6.23208e-06,0
18085.0,18090.0,18087.5,5.040362e-06,2.520181e-05,0
18095.0,18100.0,18097.5,1.246416e-06,6.23208e-06,0
18100.0,18105.0,18102.5,1.275754e-06,6.37877e-06,0
18105.0,18110.0,18107.5,2.53854e-06,1.26927e-05,0
18110.0,18115.0,18112.5,3.819306e-06,1.909653e-05,0
18130.0,18135.0,18132.5,2.5539e-06,1.27695e-05,0
18135.0,18140.0,18137.5,3.784668e-06,1.892334e-05,0
18140.0,18145.0,18142.5,1.246416e-06,6.23208e-06,0
18145.0,18150.0,18147.5,1.273966e-06,6.36983e-06,0
18155.0,18160.0,18157.5,1.273966e-06,6.36983e-06,0
18165.0,18170.0,18167.5,1.273966e-06,6.36983e-06,0
18170.0,18175.0,18172.5,1.246416e-06,6.23208e-06,0
18175.0,18180.0,18177.5,5.076326e-06,2.538163e-05,0
18180.0,18185.0,18182.5,1.28123e-06,6.40615e-06,0
18185.0,18190.0,18187.5,2.54534e-06,1.27267e-05,0
18200.0,18205.0,18202.5,2.545166e-06,1.272583e-05,0
18210.0,18215.0,18212.5,2.546636e-06,1.273318e-05,0
18215.0,18220.0,18217.5,1.275754e-06,6.37877e-06,0
18225.0,18230.0,18227.5,2.528368e-06,1.264184e-05,0
18235.0,18240.0,18237.5,5.103796e-06,2.551898e-05,0
18250.0,18255.0,18252.5,2.545166e-06,1.272583e-05,0
18260.0,18265.0,18262.5,1.262786e-06,6.31393e-06,0
18265.0,18270.0,18267.5,3.837576e-06,1.918788e-05,0
18270.0,18275.0,18272.5,3.830342e-06,1.915171e-05,0
18280.0,18285.0,18282.5,1.275754e-06,6.37877e-06,0
18285.0,18290.0,18287.5,3.80681e-06,1.903405e-05,0
18295.0,18300.0,18297.5,2.539548e-06,1.269774e-05,0
18300.0,18305.0,18302.5,2.548424e-06,1.274212e-05,0
18310.0,18315.0,18312.5,2.5539e-06,1.27695e-05,0
18315.0,18320.0,18317.5,1.28123e-06,6.40615e-06,0
18320.0,18325.0,18322.5,3.810748e-06,1.905374e-05,0
18325.0,18330.0,18327.5,5.103796e-06,2.551898e-05,0
18335.0,18340.0,18337.5,1.246416e-06,6.23208e-06,0
18340.0,18345.0,18342.5,1.262786e-06,6.31393e-06,0
18345.0,18350.0,18347.5,2.555196e-06,1.277598e-05,0
18350.0,18355.0,18352.5,2.54972e-06,1.27486e-05,0
18355.0,18360.0,18357.5,1.262786e-06,6.31393e-06,0
18360.0,18365.0,18362.5,1.275754e-06,6.37877e-06,0
18365.0,18370.0,18367.5,1.275754e-06,6.37877e-06,0
18380.0,18385.0,18382.5,1.265582e-06,6.32791e-06,0
18385.0,18390.0,18387.5,1.27267e-06,6.36335e-06,0
18395.0,18400.0,18397.5,1.28238e-06,6.4119e-06,0
18400.0,18405.0,18402.5,2.54972e-06,1.27486e-05,0
18410.0,18415.0,18412.5,1.28123e-06,6.40615e-06,0
18420.0,18425.0,18422.5,1.28123e-06,6.40615e-06,0
18425.0,18430.0,18427.5,2.536752e-06,1.268376e-05,0
18430.0,18435.0,18432.5,1.28238e-06,6.4119e-06,0
18435.0,18440.0,18437.5,1.273966e-06,6.36983e-06,0
18440.0,18445.0,18442.5,1.262786e-06,6.31393e-06,0
18455.0,18460.0,18457.5,3.808126e-06,1.904063e-05,0
18460.0,18465.0,18462.5,1.28123e-06,6.40615e-06,0
18465.0,18470.0,18467.5,1.246416e-06,6.23208e-06,0
18470.0,18475.0,18472.5,3.820778e-06,1.910389e-05,0
18475.0,18480.0,18477.5,1.246416e-06,6.23208e-06,0
18480.0,18485.0,18482.5,2.54972e-06,1.27486e-05,0
18485.0,18490.0,18487.5,2.539548e-06,1.269774e-05,0
18490.0,18495.0,18492.5,2.536752e-06,1.268376e-05,0
18510.0,18515.0,18512.5,1.246416e-06,6.23208e-06,0
18520.0,18525.0,18522.5,2.536752e-06,1.268376e-05,0
18525.0,18530.0,18527.5,2.544016e-06,1.272008e-05,0
18530.0,18535.0,18532.5,3.816686e-06,1.908343e-05,0
18535.0,18540.0,18537.5,2.544016e-06,1.272008e-05,0
18540.0,18545.0,18542.5,1.273966e-06,6.36983e-06,0
18545.0,18550.0,18547.5,1.262786e-06,6.31393e-06,0
18550.0,18555.0,18552.5,1.262786e-06,6.31393e-06,0
18560.0,18565.0,18562.5,1.27267e-06,6.36335e-06,0
18565.0,18570.0,18567.5,1.246416e-06,6.23208e-06,0
18570.0,18575.0,18572.5,1.27267e-06,6.36335e-06,0
18575.0,18580.0,18577.5,1.275754e-06,6.37877e-06,0
18585.0,18590.0,18587.5,1.262786e-06,6.31393e-06,0
18595.0,18600.0,18597.5,1.265582e-06,6.32791e-06,0
18600.0,18605.0,18602.5,2.545166e-06,1.272583e-05,0
18605.0,18610.0,18607.5,2.520382e-06,1.260191e-05,0
18610.0,18615.0,18612.5,1.246416e-06,6.23208e-06,0
18615.0,18620.0,18617.5,1.28123e-06,6.40615e-06,0
18620.0,18625.0,18622.5,1.246416e-06,6.23208e-06,0
18630.0,18635.0,18632.5,5.12837e-06,2.564185e-05,0
18635.0,18640.0,18637.5,1.273966e-06,6.36983e-06,0
18640.0,18645.0,18642.5,1.28123e-06,6.40615e-06,0
18655.0,18660.0,18657.5,1.273966e-06,6.36983e-06,0
18660.0,18665.0,18662.5,1.27267e-06,6.36335e-06,0
18665.0,18670.0,18667.5,2.54794e-06,1.27397e-05,0
18670.0,18675.0,18672.5,5.079584e-06,2.539792e-05,0
18675.0,18680.0,18677.5,2.555196e-06,1.277598e-05,0
18690.0,18695.0,18692.5,1.275754e-06,6.37877e-06,0
18715.0,18720.0,18717.5,1.246416e-06,6.23208e-06,0
18725.0,18730.0,18727.5,1.28238e-06,6.4119e-06,0
18730.0,18735.0,18732.5,2.556984e-06,1.278492e-05,0
18735.0,18740.0,18737.5,2.546812e-06,1.273406e-05,0
18740.0,18745.0,18742.5,1.262786e-06,6.31393e-06,0
18750.0,18755.0,18752.5,5.080786e-06,2.540393e-05,0
18760.0,18765.0,18762.5,1.28238e-06,6.4119e-06,0
18770.0,18775.0,18772.5,2.538252e-06,1.269126e-05,0
18775.0,18780.0,18777.5,2.52558e-06,1.26279e-05,0
18780.0,18785.0,18782.5,1.275754e-06,6.37877e-06,0
18785.0,18790.0,18787.5,1.262786e-06,6.31393e-06,0
18790.0,18795.0,18792.5,2.546636e-06,1.273318e-05,0
18795.0,18800.0,18797.5,1.27267e-06,6.36335e-06,0
18800.0,18805.0,18802.5,1.246416e-06,6.23208e-06,0
18815.0,18820.0,18817.5,3.784956e-06,1.892478e-05,0
18820.0,18825.0,18822.5,1.275754e-06,6.37877e-06,0
18840.0,18845.0,18842.5,2.54972e-06,1.27486e-05,0
18850.0,18855.0,18852.5,2.535456e-06,1.267728e-05,0
18900.0,18905.0,18902.5,2.545166e-06,1.272583e-05,0
18910.0,18915.0,18912.5,1.273966e-06,6.36983e-06,0
18915.0,18920.0,18917.5,1.27267e-06,6.36335e-06,0
18920.0,18925.0,18922.5,1.273966e-06,6.36983e-06,0
18930.0,18935.0,18932.5,1.273966e-06,6.36983e-06,0
18935.0,18940.0,18937.5,1.246416e-06,6.23208e-06,0
18940.0,18945.0,18942.5,5.083992e-06,2.541996e-05,0
18945.0,18950.0,18947.5,2.519086e-06,1.259543e-05,0
18950.0,18955.0,18952.5,1.273966e-06,6.36983e-06,0
18955.0,18960.0,18957.5,1.273966e-06,6.36983e-06,0
18960.0,18965.0,18962.5,1.273966e-06,6.36983e-06,0
18965.0,18970.0,18967.5,1.275754e-06,6.37877e-06,0
18970.0,18975.0,18972.5,2.5539e-06,1.27695e-05,0
18975.0,18980.0,18977.5,3.83743e-06,1.918715e-05,0
18980.0,18985.0,18982.5,1.27267e-06,6.36335e-06,0
18985.0,18990.0,18987.5,1.28123e-06,6.40615e-06,0
18990.0,18995.0,18992.5,2.509202e-06,1.254601e-05,0
18995.0,19000.0,18997.5,3.78836e-06,1.89418e-05,0
19005.0,19010.0,19007.5,1.246416e-06,6.23208e-06,0
19010.0,19015.0,19012.5,1.246416e-06,6.23208e-06,0
19020.0,19025.0,19022.5,1.262786e-06,6.31393e-06,0
19025.0,19030.0,19027.5,1.273966e-06,6.36983e-06,0
19030.0,19035.0,19032.5,1.28123e-06,6.40615e-06,0
19040.0,19045.0,19042.5,5.059938e-06,2.529969e-05,0
19050.0,19055.0,19052.5,1.273966e-06,6.36983e-06,0
19070.0,19075.0,19072.5,2.556346e-06,1.278173e-05,0
19075.0,19080.0,19077.5,2.555196e-06,1.277598e-05,0
19080.0,19085.0,19082.5,2.555196e-06,1.277598e-05,0
19085.0,19090.0,19087.5,3.817836e-06,1.908918e-05,0
19095.0,19100.0,19097.5,2.528796e-06,1.264398e-05,0
19115.0,19120.0,19117.5,2.519086e-06,1.259543e-05,0
19130.0,19135.0,19132.5,2.53854e-06,1.26927e-05,0
19140.0,19145.0,19142.5,2.556984e-06,1.278492e-05,0
19145.0,19150.0,19147.5,1.28238e-06,6.4119e-06,0
19155.0,19160.0,19157.5,1.246416e-06,6.23208e-06,0
19160.0,19165.0,19162.5,2.56361e-06,1.281805e-05,0
19175.0,19180.0,19177.5,1.273966e-06,6.36983e-06,0
19180.0,19185.0,19182.5,3.809422e-06,1.904711e-05,0
19185.0,19190.0,19187.5,1.28123e-06,6.40615e-06,0
19205.0,19210.0,19207.5,1.273966e-06,6.36983e-06,0
19220.0,19225.0,19222.5,1.28123e-06,6.40615e-06,0
19225.0,19230.0,19227.5,1.28123e-06,6.40615e-06,0
19230.0,19235.0,19232.5,1.28238e-06,6.4119e-06,0
19235.0,19240.0,19237.5,1.275754e-06,6.37877e-06,0
19255.0,19260.0,19257.5,1.265582e-06,6.32791e-06,0
19265.0,19270.0,19267.5,2.54534e-06,1.27267e-05,0
19270.0,19275.0,19272.5,1.28238e-06,6.4119e-06,0
19275.0,19280.0,19277.5,3.83743e-06,1.918715e-05,0
19295.0,19300.0,19297.5,2.544016e-06,1.272008e-05,0
19300.0,19305.0,19302.5,2.53854e-06,1.26927e-05,0
19310.0,19315.0,19312.5,1.265582e-06,6.32791e-06,0
19315.0,19320.0,19317.5,1.28238e-06,6.4119e-06,0
19320.0,19325.0,19322.5,3.8321e-06,1.91605e-05,0
19325.0,19330.0,19327.5,1.28238e-06,6.4119e-06,0
19330.0,19335.0,19332.5,2.527646e-06,1.263823e-05,0
19335.0,19340.0,19337.5,1.273966e-06,6.36983e-06,0
19345.0,19350.0,19347.5,1.28123e-06,6.40615e-06,0
19360.0,19365.0,19362.5,2.509202e-06,1.254601e-05,0
19365.0,19370.0,19367.5,1.28238e-06,6.4119e-06,0
19370.0,19375.0,19372.5,1.275754e-06,6.37877e-06,0
19375.0,19380.0,19377.5,1.273966e-06,6.36983e-06,0
19380.0,19385.0,19382.5,1.262786e-06,6.31393e-06,0
19385.0,19390.0,19387.5,3.768594e-06,1.884297e-05,0
19390.0,19395.0,19392.5,2.511998e-06,1.255999e-05,0
19395.0,19400.0,19397.5,2.54972e-06,1.27486e-05,0
19410.0,19415.0,19412.5,3.81977e-06,1.909885e-05,0
19415.0,19420.0,19417.5,1.28123e-06,6.40615e-06,0
19425.0,19430.0,19427.5,1.28123e-06,6.40615e-06,0
19435.0,19440.0,19437.5,2.528796e-06,1.264398e-05,0
19440.0,19445.0,19442.5,2.547962e-06,1.273981e-05,0
19460.0,19465.0,19462.5,3.797916e-06,1.898958e-05,0
19470.0,19475.0,19472.5,1.27267e-06,6.36335e-06,0
19485.0,19490.0,19487.5,3.822566e-06,1.911283e-05,0
19495.0,19500.0,19497.5,2.544016e-06,1.272008e-05,0
19505.0,19510.0,19507.5,1.265582e-06,6.32791e-06,0
19520.0,19525.0,19522.5,2.528368e-06,1.264184e-05,0
19530.0,19535.0,19532.5,1.246416e-06,6.23208e-06,0
19535.0,19540.0,19537.5,1.273966e-06,6.36983e-06,0
19545.0,19550.0,19547.5,3.796136e-06,1.898068e-05,0
19560.0,19565.0,19562.5,3.794356e-06,1.897178e-05,0
19565.0,19570.0,19567.5,1.246416e-06,6.23208e-06,0
19570.0,19575.0,19572.5,1.246416e-06,6.23208e-06,0
19575.0,19580.0,19577.5,1.246416e-06,6.23208e-06,0
19580.0,19585.0,19582.5,2.538252e-06,1.269126e-05,0
19585.0,19590.0,19587.5,1.28123e-06,6.40615e-06,0
19590.0,19595.0,19592.5,1.273966e-06,6.36983e-06,0
19595.0,19600.0,19597.5,1.28123e-06,6.40615e-06,0
19605.0,19610.0,19607.5,1.265582e-06,6.32791e-06,0
19610.0,19615.0,19612.5,3.82061e-06,1.910305e-05,0
19615.0,19620.0,19617.5,1.273966e-06,6.36983e-06,0
19620.0,19625.0,19622.5,1.275754e-06,6.37877e-06,0
19630.0,19635.0,19632.5,1.246416e-06,6.23208e-06,0
19635.0,19640.0,19637.5,1.273966e-06,6.36983e-06,0
19640.0,19645.0,19642.5,2.54972e-06,1.27486e-05,0
19645.0,19650.0,19647.5,1.262786e-06,6.31393e-06,0
19650.0,19655.0,19652.5,1.246416e-06,6.23208e-06,0
19655.0,19660.0,19657.5,1.273966e-06,6.36983e-06,0
19665.0,19670.0,19667.5,1.28123e-06,6.40615e-06,0
19675.0,19680.0,19677.5,1.262786e-06,6.31393e-06,0
19680.0,19685.0,19682.5,2.544016e-06,1.272008e-05,0
19685.0,19690.0,19687.5,1.27267e-06,6.36335e-06,0
19690.0,19695.0,19692.5,1.28238e-06,6.4119e-06,0
19705.0,19710.0,19707.5,1.246416e-06,6.23208e-06,0
19710.0,19715.0,19712.5,1.273966e-06,6.36983e-06,0
19725.0,19730.0,19727.5,1.275754e-06,6.37877e-06,0
19735.0,19740.0,19737.5,1.28123e-06,6.40615e-06,0
19740.0,19745.0,19742.5,1.262786e-06,6.31393e-06,0
19745.0,19750.0,19747.5,5.110246e-06,2.555123e-05,0
19750.0,19755.0,19752.5,3.83388e-06,1.91694e-05,0
19755.0,19760.0,19757.5,2.54972e-06,1.27486e-05,0
19760.0,19765.0,19762.5,2.5515e-06,1.27575e-05,0
19765.0,19770.0,19767.5,2.520382e-06,1.260191e-05,0
19770.0,19775.0,19772.5,1.273966e-06,6.36983e-06,0
19785.0,19790.0,19787.5,1.273966e-06,6.36983e-06,0
19795.0,19800.0,19797.5,1.262786e-06,6.31393e-06,0
19810.0,19815.0,19812.5,1.28238e-06,6.4119e-06,0
19815.0,19820.0,19817.5,1.28238e-06,6.4119e-06,0
19820.0,19825.0,19822.5,3.8219e-06,1.91095e-05,0
19825.0,19830.0,19827.5,1.28238e-06,6.4119e-06,0
19830.0,19835.0,19832.5,3.819306e-06,1.909653e-05,0
19835.0,19840.0,19837.5,1.246416e-06,6.23208e-06,0
19840.0,19845.0,19842.5,1.265582e-06,6.32791e-06,0
19850.0,19855.0,19852.5,2.56246e-06,1.28123e-05,0
19870.0,19875.0,19872.5,1.27267e-06,6.36335e-06,0
19875.0,19880.0,19877.5,2.509202e-06,1.254601e-05,0
19880.0,19885.0,19882.5,1.262786e-06,6.31393e-06,0
19890.0,19895.0,19892.5,2.528368e-06,1.264184e-05,0
19895.0,19900.0,19897.5,1.28123e-06,6.40615e-06,0
19900.0,19905.0,19902.5,2.558134e-06,1.279067e-05,0
19905.0,19910.0,19907.5,2.545166e-06,1.272583e-05,0
19915.0,19920.0,19917.5,1.27267e-06,6.36335e-06,0
19930.0,19935.0,19932.5,1.28238e-06,6.4119e-06,0
19940.0,19945.0,19942.5,2.545166e-06,1.272583e-05,0
19945.0,19950.0,19947.5,2.520382e-06,1.260191e-05,0
19950.0,19955.0,19952.5,2.5539e-06,1.27695e-05,0
19960.0,19965.0,19962.5,1.246416e-06,6.23208e-06,0
19965.0,19970.0,19967.5,1.273966e-06,6.36983e-06,0
19970.0,19975.0,19972.5,1.273966e-06,6.36983e-06,0
19975.0,19980.0,19977.5,1.28123e-06,6.40615e-06,0
19980.0,19985.0,19982.5,3.8321e-06,1.91605e-05,0
19990.0,19995.0,19992.5,1.262786e-06,6.31393e-06,0
19995.0,20000.0,19997.5,1.246416e-06,6.23208e-06,0
20000.0,20005.0,20002.5,2.544016e-06,1.272008e-05,0
20020.0,20025.0,20022.5,3.796136e-06,1.898068e-05,0
20030.0,20035.0,20032.5,1.246416e-06,6.23208e-06,0
20040.0,20045.0,20042.5,1.27267e-06,6.36335e-06,0
20060.0,20065.0,20062.5,1.265582e-06,6.32791e-06,0
20065.0,20070.0,20067.5,1.275754e-06,6.37877e-06,0
20070.0,20075.0,20072.5,1.246416e-06,6.23208e-06,0
20075.0,20080.0,20077.5,1.262786e-06,6.31393e-06,0
20080.0,20085.0,20082.5,2.536752e-06,1.268376e-05,0
20090.0,20095.0,20092.5,1.28123e-06,6.40615e-06,0
20095.0,20100.0,20097.5,3.802334e-06,1.901167e-05,0
20100.0,20105.0,20102.5,1.265582e-06,6.32791e-06,0
20105.0,20110.0,20107.5,2.538252e-06,1.269126e-05,0
20115.0,20120.0,20117.5,1.273966e-06,6.36983e-06,0
20120.0,20125.0,20122.5,2.544016e-06,1.272008e-05,0
20130.0,20135.0,20132.5,2.52217e-06,1.261085e-05,0
20135.0,20140.0,20137.5,2.53116e-06,1.26558e-05,0
20140.0,20145.0,20142.5,1.27267e-06,6.36335e-06,0
20155.0,20160.0,20157.5,2.535456e-06,1.267728e-05,0
20165.0,20170.0,20167.5,1.273966e-06,6.36983e-06,0
20170.0,20175.0,20172.5,1.275754e-06,6.37877e-06,0
20180.0,20185.0,20182.5,2.547962e-06,1.273981e-05,0
20200.0,20205.0,20202.5,3.791162e-06,1.895581e-05,0
20205.0,20210.0,20207.5,2.56361e-06,1.281805e-05,0
20210.0,20215.0,20212.5,3.812506e-06,1.906253e-05,0
20215.0,20220.0,20217.5,1.27267e-06,6.36335e-06,0
20225.0,20230.0,20227.5,1.262786e-06,6.31393e-06,0
20230.0,20235.0,20232.5,2.541336e-06,1.270668e-05,0
20240.0,20245.0,20242.5,1.28123e-06,6.40615e-06,0
20260.0,20265.0,20262.5,2.545166e-06,1.272583e-05,0
20265.0,20270.0,20267.5,2.52217e-06,1.261085e-05,0
20270.0,20275.0,20272.5,2.558134e-06,1.279067e-05,0
20285.0,20290.0,20287.5,1.246416e-06,6.23208e-06,0
20290.0,20295.0,20292.5,2.528368e-06,1.264184e-05,0
20300.0,20305.0,20302.5,1.27267e-06,6.36335e-06,0
20305.0,20310.0,20307.5,1.27267e-06,6.36335e-06,0
20335.0,20340.0,20337.5,1.275754e-06,6.37877e-06,0
20340.0,20345.0,20342.5,1.28238e-06,6.4119e-06,0
20355.0,20360.0,20357.5,2.52558e-06,1.26279e-05,0
20360.0,20365.0,20362.5,1.275754e-06,6.37877e-06,0
20365.0,20370.0,20367.5,2.5515e-06,1.27575e-05,0
20375.0,20380.0,20377.5,1.275754e-06,6.37877e-06,0
20380.0,20385.0,20382.5,2.539548e-06,1.269774e-05,0
20385.0,20390.0,20387.5,1.273966e-06,6.36983e-06,0
20400.0,20405.0,20402.5,1.28123e-06,6.40615e-06,0
20405.0,20410.0,20407.5,1.28123e-06,6.40615e-06,0
20410.0,20415.0,20412.5,1.28238e-06,6.4119e-06,0
20415.0,20420.0,20417.5,1.28123e-06,6.40615e-06,0
20420.0,20425.0,20422.5,5.07948e-06,2.53974e-05,0
20425.0,20430.0,20427.5,7.617002e-06,3.808501e-05,0
20430.0,20435.0,20432.5,1.28123e-06,6.40615e-06,0
20435.0,20440.0,20437.5,1.246416e-06,6.23208e-06,0
20440.0,20445.0,20442.5,5.11448e-06,2.55724e-05,0
20445.0,20450.0,20447.5,1.265582e-06,6.32791e-06,0
20450.0,20455.0,20452.5,3.801466e-06,1.900733e-05,0
20460.0,20465.0,20462.5,1.262786e-06,6.31393e-06,0
20470.0,20475.0,20472.5,1.262786e-06,6.31393e-06,0
20475.0,20480.0,20477.5,2.535456e-06,1.267728e-05,0
20485.0,20490.0,20487.5,2.5515e-06,1.27575e-05,0
20495.0,20500.0,20497.5,1.246416e-06,6.23208e-06,0
20505.0,20510.0,20507.5,1.273966e-06,6.36983e-06,0
20510.0,20515.0,20512.5,2.528796e-06,1.264398e-05,0
20520.0,20525.0,20522.5,1.28238e-06,6.4119e-06,0
20525.0,20530.0,20527.5,1.27267e-06,6.36335e-06,0
20530.0,20535.0,20532.5,1.246416e-06,6.23208e-06,0
20535.0,20540.0,20537.5,1.246416e-06,6.23208e-06,0
20545.0,20550.0,20547.5,2.53854e-06,1.26927e-05,0
20550.0,20555.0,20552.5,1.246416e-06,6.23208e-06,0
20555.0,20560.0,20557.5,2.509202e-06,1.254601e-05,0
20560.0,20565.0,20562.5,1.27267e-06,6.36335e-06,0
20570.0,20575.0,20572.5,3.837576e-06,1.918788e-05,0
20575.0,20580.0,20577.5,1.28123e-06,6.40615e-06,0
20595.0,20600.0,20597.5,1.246416e-06,6.23208e-06,0
20600.0,20605.0,20602.5,2.528368e-06,1.264184e-05,0
20620.0,20625.0,20622.5,1.246416e-06,6.23208e-06,0
20635.0,20640.0,20637.5,2.56246e-06,1.28123e-05,0
20640.0,20645.0,20642.5,2.52558e-06,1.26279e-05,0
20645.0,20650.0,20647.5,1.262786e-06,6.31393e-06,0
20650.0,20655.0,20652.5,1.262786e-06,6.31393e-06,0
20655.0,20660.0,20657.5,1.27267e-06,6.36335e-06,0
20660.0,20665.0,20662.5,3.83095e-06,1.915475e-05,0
20665.0,20670.0,20667.5,2.519086e-06,1.259543e-05,0
20670.0,20675.0,20672.5,1.273966e-06,6.36983e-06,0
20675.0,20680.0,20677.5,1.273966e-06,6.36983e-06,0
20690.0,20695.0,20692.5,2.558134e-06,1.279067e-05,0
20695.0,20700.0,20697.5,2.54534e-06,1.27267e-05,0
20700.0,20705.0,20702.5,1.273966e-06,6.36983e-06,0
20710.0,20715.0,20712.5,2.544016e-06,1.272008e-05,0
20715.0,20720.0,20717.5,3.80455e-06,1.902275e-05,0
20720.0,20725.0,20722.5,1.273966e-06,6.36983e-06,0
20725.0,20730.0,20727.5,1.27267e-06,6.36335e-06,0
20735.0,20740.0,20737.5,1.275754e-06,6.37877e-06,0
20740.0,20745.0,20742.5,1.262786e-06,6.31393e-06,0
20745.0,20750.0,20747.5,2.56476e-06,1.28238e-05,0
20755.0,20760.0,20757.5,1.273966e-06,6.36983e-06,0
20770.0,20775.0,20772.5,1.246416e-06,6.23208e-06,0
20775.0,20780.0,20777.5,2.536752e-06,1.268376e-05,0
20780.0,20785.0,20782.5,2.558134e-06,1.279067e-05,0
20785.0,20790.0,20787.5,2.53116e-06,1.26558e-05,0
20790.0,20795.0,20792.5,2.520382e-06,1.260191e-05,0
20800.0,20805.0,20802.5,1.275754e-06,6.37877e-06,0
20805.0,20810.0,20807.5,2.548424e-06,1.274212e-05,0
20820.0,20825.0,20822.5,1.28238e-06,6.4119e-06,0
20825.0,20830.0,20827.5,3.810748e-06,1.905374e-05,0
20830.0,20835.0,20832.5,2.544016e-06,1.272008e-05,0
20845.0,20850.0,20847.5,1.273966e-06,6.36983e-06,0
20855.0,20860.0,20857.5,1.246416e-06,6.23208e-06,0
20890.0,20895.0,20892.5,3.793228e-06,1.896614e-05,0
20900.0,20905.0,20902.5,1.265582e-06,6.32791e-06,0
20905.0,20910.0,20907.5,1.265582e-06,6.32791e-06,0
20915.0,20920.0,20917.5,1.28238e-06,6.4119e-06,0
20920.0,20925.0,20922.5,1.28123e-06,6.40615e-06,0
20930.0,20935.0,20932.5,2.538252e-06,1.269126e-05,0
20935.0,20940.0,20937.5,2.52217e-06,1.261085e-05,0
20940.0,20945.0,20942.5,2.544016e-06,1.272008e-05,0
20945.0,20950.0,20947.5,1.246416e-06,6.23208e-06,0
20955.0,20960.0,20957.5,1.28123e-06,6.40615e-06,0
20960.0,20965.0,20962.5,1.262786e-06,6.31393e-06,0
20965.0,20970.0,20967.5,1.273966e-06,6.36983e-06,0
20970.0,20975.0,20972.5,1.273966e-06,6.36983e-06,0
20990.0,20995.0,20992.5,1.275754e-06,6.37877e-06,0
21005.0,21010.0,21007.5,1.246416e-06,6.23208e-06,0
21010.0,21015.0,21012.5,1.262786e-06,6.31393e-06,0
21015.0,21020.0,21017.5,2.548424e-06,1.274212e-05,0
21030.0,21035.0,21032.5,2.545166e-06,1.272583e-05,0
21035.0,21040.0,21037.5,1.265582e-06,6.32791e-06,0
21045.0,21050.0,21047.5,1.28238e-06,6.4119e-06,0
21050.0,21055.0,21052.5,1.273966e-06,6.36983e-06,0
21060.0,21065.0,21062.5,1.28123e-06,6.40615e-06,0
21065.0,21070.0,21067.5,2.555196e-06,1.277598e-05,0
21075.0,21080.0,21077.5,1.275754e-06,6.37877e-06,0
21080.0,21085.0,21082.5,1.275754e-06,6.37877e-06,0
21085.0,21090.0,21087.5,1.246416e-06,6.23208e-06,0
21090.0,21095.0,21092.5,1.27267e-06,6.36335e-06,0
21100.0,21105.0,21102.5,1.275754e-06,6.37877e-06,0
21105.0,21110.0,21107.5,1.273966e-06,6.36983e-06,0
21110.0,21115.0,21112.5,1.28123e-06,6.40615e-06,0
21115.0,21120.0,21117.5,1.28123e-06,6.40615e-06,0
21120.0,21125.0,21122.5,2.54972e-06,1.27486e-05,0
21145.0,21150.0,21147.5,1.246416e-06,6.23208e-06,0
21160.0,21165.0,21162.5,1.262786e-06,6.31393e-06,0
21165.0,21170.0,21167.5,2.511998e-06,1.255999e-05,0
21170.0,21175.0,21172.5,2.556984e-06,1.278492e-05,0
21180.0,21185.0,21182.5,1.273966e-06,6.36983e-06,0
21185.0,21190.0,21187.5,2.544016e-06,1.272008e-05,0
21190.0,21195.0,21192.5,2.527646e-06,1.263823e-05,0
21205.0,21210.0,21207.5,1.273966e-06,6.36983e-06,0
21210.0,21215.0,21212.5,1.265582e-06,6.32791e-06,0
21215.0,21220.0,21217.5,2.555196e-06,1.277598e-05,0
21220.0,21225.0,21222.5,1.275754e-06,6.37877e-06,0
21225.0,21230.0,21227.5,1.262786e-06,6.31393e-06,0
21230.0,21235.0,21232.5,3.830804e-06,1.915402e-05,0
21235.0,21240.0,21237.5,1.246416e-06,6.23208e-06,0
21240.0,21245.0,21242.5,1.27267e-06,6.36335e-06,0
21250.0,21255.0,21252.5,1.275754e-06,6.37877e-06,0
21255.0,21260.0,21257.5,1.246416e-06,6.23208e-06,0
21265.0,21270.0,21267.5,1.27267e-06,6.36335e-06,0
21270.0,21275.0,21272.5,2.546812e-06,1.273406e-05,0
21275.0,21280.0,21277.5,5.088144e-06,2.544072e-05,0
21285.0,21290.0,21287.5,1.28238e-06,6.4119e-06,0
21295.0,21300.0,21297.5,1.262786e-06,6.31393e-06,0
21310.0,21315.0,21312.5,1.262786e-06,6.31393e-06,0
21315.0,21320.0,21317.5,1.28238e-06,6.4119e-06,0
21320.0,21325.0,21322.5,2.544016e-06,1.272008e-05,0
21335.0,21340.0,21337.5,2.556984e-06,1.278492e-05,0
21340.0,21345.0,21342.5,1.28238e-06,6.4119e-06,0
21360.0,21365.0,21362.5,1.262786e-06,6.31393e-06,0
21365.0,21370.0,21367.5,1.262786e-06,6.31393e-06,0
21370.0,21375.0,21372.5,1.262786e-06,6.31393e-06,0
21380.0,21385.0,21382.5,1.273966e-06,6.36983e-06,0
21385.0,21390.0,21387.5,1.27267e-06,6.36335e-06,0
21400.0,21405.0,21402.5,1.27267e-06,6.36335e-06,0
21425.0,21430.0,21427.5,1.275754e-06,6.37877e-06,0
21430.0,21435.0,21432.5,1.273966e-06,6.36983e-06,0
21435.0,21440.0,21437.5,3.820632e-06,1.910316e-05,0
21440.0,21445.0,21442.5,1.28123e-06,6.40615e-06,0
21450.0,21455.0,21452.5,2.5515e-06,1.27575e-05,0
21455.0,21460.0,21457.5,3.774784e-06,1.887392e-05,0
21460.0,21465.0,21462.5,1.27267e-06,6.36335e-06,0
21470.0,21475.0,21472.5,1.246416e-06,6.23208e-06,0
21475.0,21480.0,21477.5,2.53854e-06,1.26927e-05,0
21480.0,21485.0,21482.5,2.546812e-06,1.273406e-05,0
21485.0,21490.0,21487.5,2.53854e-06,1.26927e-05,0
21490.0,21495.0,21492.5,5.053226e-06,2.526613e-05,0
21495.0,21500.0,21497.5,2.56361e-06,1.281805e-05,0
21510.0,21515.0,21512.5,2.544016e-06,1.272008e-05,0
21525.0,21530.0,21527.5,3.820778e-06,1.910389e-05,0
21530.0,21535.0,21532.5,1.28238e-06,6.4119e-06,0
21540.0,21545.0,21542.5,6.294174e-06,3.147087e-05,0
21560.0,21565.0,21562.5,1.246416e-06,6.23208e-06,0
21565.0,21570.0,21567.5,1.275754e-06,6.37877e-06,0
21570.0,21575.0,21572.5,1.28123e-06,6.40615e-06,0
21605.0,21610.0,21607.5,1.246416e-06,6.23208e-06,0
21615.0,21620.0,21617.5,1.28238e-06,6.4119e-06,0
21630.0,21635.0,21632.5,2.548424e-06,1.274212e-05,0
21670.0,21675.0,21672.5,2.541336e-06,1.270668e-05,0
21675.0,21680.0,21677.5,1.28123e-06,6.40615e-06,0
21720.0,21725.0,21722.5,1.246416e-06,6.23208e-06,0
21725.0,21730.0,21727.5,2.53116e-06,1.26558e-05,0
21730.0,21735.0,21732.5,1.273966e-06,6.36983e-06,0
21740.0,21745.0,21742.5,2.536752e-06,1.268376e-05,0
21745.0,21750.0,21747.5,3.812218e-06,1.906109e-05,0
21755.0,21760.0,21757.5,2.54972e-06,1.27486e-05,0
21765.0,21770.0,21767.5,2.5539e-06,1.27695e-05,0
21770.0,21775.0,21772.5,2.556984e-06,1.278492e-05,0
21780.0,21785.0,21782.5,1.273966e-06,6.36983e-06,0
21795.0,21800.0,21797.5,6.34989e-06,3.174945e-05,0
21800.0,21805.0,21802.5,2.541336e-06,1.270668e-05,0
21810.0,21815.0,21812.5,1.28123e-06,6.40615e-06,0
21830.0,21835.0,21832.5,1.28123e-06,6.40615e-06,0
21850.0,21855.0,21852.5,5.095902e-06,2.547951e-05,0
21860.0,21865.0,21862.5,1.262786e-06,6.31393e-06,0
21865.0,21870.0,21867.5,2.511998e-06,1.255999e-05,0
21870.0,21875.0,21872.5,3.823716e-06,1.911858e-05,0
21875.0,21880.0,21877.5,5.057626e-06,2.528813e-05,0
21910.0,21915.0,21912.5,1.275754e-06,6.37877e-06,0
21925.0,21930.0,21927.5,2.555196e-06,1.277598e-05,0
21935.0,21940.0,21937.5,2.555196e-06,1.277598e-05,0
21940.0,21945.0,21942.5,1.28238e-06,6.4119e-06,0
21950.0,21955.0,21952.5,1.265582e-06,6.32791e-06,0
21955.0,21960.0,21957.5,3.793228e-06,1.896614e-05,0
21960.0,21965.0,21962.5,1.28238e-06,6.4119e-06,0
21990.0,21995.0,21992.5,2.53854e-06,1.26927e-05,0
21995.0,22000.0,21997.5,1.28238e-06,6.4119e-06,0
22005.0,22010.0,22007.5,1.262786e-06,6.31393e-06,0
22010.0,22015.0,22012.5,2.527646e-06,1.263823e-05,0
22015.0,22020.0,22017.5,1.262786e-06,6.31393e-06,0
22020.0,22025.0,22022.5,1.262786e-06,6.31393e-06,0
22025.0,22030.0,22027.5,1.27267e-06,6.36335e-06,0
22030.0,22035.0,22032.5,2.53854e-06,1.26927e-05,0
22035.0,22040.0,22037.5,1.28238e-06,6.4119e-06,0
22040.0,22045.0,22042.5,1.275754e-06,6.37877e-06,0
22045.0,22050.0,22047.5,1.28123e-06,6.40615e-06,0
22070.0,22075.0,22072.5,1.28238e-06,6.4119e-06,0
22075.0,22080.0,22077.5,2.558134e-06,1.279067e-05,0
22080.0,22085.0,22082.5,1.28123e-06,6.40615e-06,0
22085.0,22090.0,22087.5,2.54794e-06,1.27397e-05,0
22095.0,22100.0,22097.5,2.54794e-06,1.27397e-05,0
22100.0,22105.0,22102.5,2.536752e-06,1.268376e-05,0
22110.0,22115.0,22112.5,1.262786e-06,6.31393e-06,0
22115.0,22120.0,22117.5,2.547962e-06,1.273981e-05,0
22120.0,22125.0,22122.5,1.273966e-06,6.36983e-06,0
22125.0,22130.0,22127.5,1.28238e-06,6.4119e-06,0
22130.0,22135.0,22132.5,1.262786e-06,6.31393e-06,0
22135.0,22140.0,22137.5,1.28238e-06,6.4119e-06,0
22145.0,22150.0,22147.5,2.511998e-06,1.255999e-05,0
22155.0,22160.0,22157.5,1.28123e-06,6.40615e-06,0
22160.0,22165.0,22162.5,2.548424e-06,1.274212e-05,0
22165.0,22170.0,22167.5,2.541336e-06,1.270668e-05,0
22175.0,22180.0,22177.5,1.273966e-06,6.36983e-06,0
22185.0,22190.0,22187.5,1.246416e-06,6.23208e-06,0
22195.0,22200.0,22197.5,1.28238e-06,6.4119e-06,0
22200.0,22205.0,22202.5,1.273966e-06,6.36983e-06,0
22205.0,22210.0,22207.5,2.546812e-06,1.273406e-05,0
22210.0,22215.0,22212.5,1.275754e-06,6.37877e-06,0
22220.0,22225.0,22222.5,1.265582e-06,6.32791e-06,0
22235.0,22240.0,22237.5,1.246416e-06,6.23208e-06,0
22245.0,22250.0,22247.5,5.097682e-06,2.548841e-05,0
22265.0,22270.0,22267.5,1.262786e-06,6.31393e-06,0
22270.0,22275.0,22272.5,1.262786e-06,6.31393e-06,0
22280.0,22285.0,22282.5,1.246416e-06,6.23208e-06,0
22285.0,22290.0,22287.5,1.27267e-06,6.36335e-06,0
22290.0,22295.0,22292.5,1.265582e-06,6.32791e-06,0
22300.0,22305.0,22302.5,1.246416e-06,6.23208e-06,0
22320.0,22325.0,22322.5,1.275754e-06,6.37877e-06,0
22335.0,22340.0,22337.5,2.536752e-06,1.268376e-05,0
22345.0,22350.0,22347.5,3.83628e-06,1.91814e-05,0
22355.0,22360.0,22357.5,1.28123e-06,6.40615e-06,0
22370.0,22375.0,22372.5,3.790432e-06,1.895216e-05,0
22375.0,22380.0,22377.5,1.275754e-06,6.37877e-06,0
22390.0,22395.0,22392.5,2.544016e-06,1.272008e-05,0
22395.0,22400.0,22397.5,1.28123e-06,6.40615e-06,0
22400.0,22405.0,22402.5,2.556346e-06,1.278173e-05,0
22420.0,22425.0,22422.5,3.809422e-06,1.904711e-05,0
22425.0,22430.0,22427.5,1.28123e-06,6.40615e-06,0
22435.0,22440.0,22437.5,2.558134e-06,1.279067e-05,0
22440.0,22445.0,22442.5,1.262786e-06,6.31393e-06,0
22445.0,22450.0,22447.5,1.262786e-06,6.31393e-06,0
22450.0,22455.0,22452.5,1.273966e-06,6.36983e-06,0
22455.0,22460.0,22457.5,1.273966e-06,6.36983e-06,0
22460.0,22465.0,22462.5,1.27267e-06,6.36335e-06,0
22485.0,22490.0,22487.5,1.28123e-06,6.40615e-06,0
22495.0,22500.0,22497.5,2.56361e-06,1.281805e-05,0
22505.0,22510.0,22507.5,1.27267e-06,6.36335e-06,0
22530.0,22535.0,22532.5,1.275754e-06,6.37877e-06,0
22550.0,22555.0,22552.5,1.27267e-06,6.36335e-06,0
22560.0,22565.0,22562.5,1.28123e-06,6.40615e-06,0
22565.0,22570.0,22567.5,2.55505e-06,1.277525e-05,0
22575.0,22580.0,22577.5,1.246416e-06,6.23208e-06,0
22580.0,22585.0,22582.5,3.814286e-06,1.907143e-05,0
22585.0,22590.0,22587.5,3.790432e-06,1.895216e-05,0
22590.0,22595.0,22592.5,1.265582e-06,6.32791e-06,0
22600.0,22605.0,22602.5,1.246416e-06,6.23208e-06,0
22605.0,22610.0,22607.5,1.28123e-06,6.40615e-06,0
22620.0,22625.0,22622.5,1.28123e-06,6.40615e-06,0
22630.0,22635.0,22632.5,1.275754e-06,6.37877e-06,0
22635.0,22640.0,22637.5,1.265582e-06,6.32791e-06,0
22640.0,22645.0,22642.5,2.528368e-06,1.264184e-05,0
22645.0,22650.0,22647.5,1.28123e-06,6.40615e-06,0
22650.0,22655.0,22652.5,2.545166e-06,1.272583e-05,0
22655.0,22660.0,22657.5,1.28123e-06,6.40615e-06,0
22660.0,22665.0,22662.5,2.544016e-06,1.272008e-05,0
22670.0,22675.0,22672.5,2.5539e-06,1.27695e-05,0
22695.0,22700.0,22697.5,1.28238e-06,6.4119e-06,0
22700.0,22705.0,22702.5,2.54972e-06,1.27486e-05,0
22705.0,22710.0,22707.5,1.273966e-06,6.36983e-06,0
22710.0,22715.0,22712.5,1.273966e-06,6.36983e-06,0
22720.0,22725.0,22722.5,1.28238e-06,6.4119e-06,0
22725.0,22730.0,22727.5,2.53854e-06,1.26927e-05,0
22735.0,22740.0,22737.5,1.246416e-06,6.23208e-06,0
22745.0,22750.0,22747.5,1.246416e-06,6.23208e-06,0
22760.0,22765.0,22762.5,3.801466e-06,1.900733e-05,0
22765.0,22770.0,22767.5,1.265582e-06,6.32791e-06,0
22775.0,22780.0,22777.5,2.55505e-06,1.277525e-05,0
22780.0,22785.0,22782.5,1.28123e-06,6.40615e-06,0
22785.0,22790.0,22787.5,1.275754e-06,6.37877e-06,0
22790.0,22795.0,22792.5,1.273966e-06,6.36983e-06,0
22795.0,22800.0,22797.5,1.27267e-06,6.36335e-06,0
22810.0,22815.0,22812.5,1.265582e-06,6.32791e-06,0
22825.0,22830.0,22827.5,3.810922e-06,1.905461e-05,0
22830.0,22835.0,22832.5,2.536752e-06,1.268376e-05,0
22835.0,22840.0,22837.5,3.8321e-06,1.91605e-05,0
22860.0,22865.0,22862.5,5.094886e-06,2.547443e-05,0
22870.0,22875.0,22872.5,1.246416e-06,6.23208e-06,0
22875.0,22880.0,22877.5,3.793052e-06,1.896526e-05,0
22880.0,22885.0,22882.5,2.5539e-06,1.27695e-05,0
22895.0,22900.0,22897.5,1.273966e-06,6.36983e-06,0
22900.0,22905.0,22902.5,1.246416e-06,6.23208e-06,0
22910.0,22915.0,22912.5,1.275754e-06,6.37877e-06,0
22920.0,22925.0,22922.5,2.556984e-06,1.278492e-05,0
22925.0,22930.0,22927.5,1.275754e-06,6.37877e-06,0
22930.0,22935.0,22932.5,1.246416e-06,6.23208e-06,0
22950.0,22955.0,22952.5,1.262786e-06,6.31393e-06,0
22955.0,22960.0,22957.5,1.262786e-06,6.31393e-06,0
22960.0,22965.0,22962.5,1.246416e-06,6.23208e-06,0
22965.0,22970.0,22967.5,1.28238e-06,6.4119e-06,0
22975.0,22980.0,22977.5,1.273966e-06,6.36983e-06,0
22980.0,22985.0,22982.5,3.810726e-06,1.905363e-05,0
22990.0,22995.0,22992.5,1.246416e-06,6.23208e-06,0
22995.0,23000.0,22997.5,2.556346e-06,1.278173e-05,0
23010.0,23015.0,23012.5,1.275754e-06,6.37877e-06,0
23015.0,23020.0,23017.5,2.556984e-06,1.278492e-05,0
23020.0,23025.0,23022.5,1.265582e-06,6.32791e-06,0
23025.0,23030.0,23027.5,1.28123e-06,6.40615e-06,0
23035.0,23040.0,23037.5,2.54794e-06,1.27397e-05,0
23040.0,23045.0,23042.5,1.273966e-06,6.36983e-06,0
23045.0,23050.0,23047.5,1.262786e-06,6.31393e-06,0
23055.0,23060.0,23057.5,2.545166e-06,1.272583e-05,0
23075.0,23080.0,23077.5,2.5539e-06,1.27695e-05,0
23080.0,23085.0,23082.5,1.28238e-06,6.4119e-06,0
23095.0,23100.0,23097.5,1.246416e-06,6.23208e-06,0
23105.0,23110.0,23107.5,1.262786e-06,6.31393e-06,0
23110.0,23115.0,23112.5,1.275754e-06,6.37877e-06,0
23125.0,23130.0,23127.5,1.275754e-06,6.37877e-06,0
23140.0,23145.0,23142.5,1.262786e-06,6.31393e-06,0
23145.0,23150.0,23147.5,2.535456e-06,1.267728e-05,0
23150.0,23155.0,23152.5,1.275754e-06,6.37877e-06,0
23155.0,23160.0,23157.5,1.28123e-06,6.40615e-06,0
23160.0,23165.0,23162.5,1.28123e-06,6.40615e-06,0
23170.0,23175.0,23172.5,1.275754e-06,6.37877e-06,0
23175.0,23180.0,23177.5,1.27267e-06,6.36335e-06,0
23180.0,23185.0,23182.5,1.265582e-06,6.32791e-06,0
23190.0,23195.0,23192.5,1.28123e-06,6.40615e-06,0
23195.0,23200.0,23197.5,1.27267e-06,6.36335e-06,0
23200.0,23205.0,23202.5,2.546636e-06,1.273318e-05,0
23210.0,23215.0,23212.5,1.262786e-06,6.31393e-06,0
23220.0,23225.0,23222.5,1.246416e-06,6.23208e-06,0
23230.0,23235.0,23232.5,1.28123e-06,6.40615e-06,0
23240.0,23245.0,23242.5,1.262786e-06,6.31393e-06,0
23250.0,23255.0,23252.5,2.528796e-06,1.264398e-05,0
23255.0,23260.0,23257.5,1.28238e-06,6.4119e-06,0
23265.0,23270.0,23267.5,1.246416e-06,6.23208e-06,0
23275.0,23280.0,23277.5,2.511998e-06,1.255999e-05,0
23285.0,23290.0,23287.5,1.275754e-06,6.37877e-06,0
23290.0,23295.0,23292.5,1.28238e-06,6.4119e-06,0
23300.0,23305.0,23302.5,2.509202e-06,1.254601e-05,0
23305.0,23310.0,23307.5,3.809422e-06,1.904711e-05,0
23320.0,23325.0,23322.5,1.265582e-06,6.32791e-06,0
23325.0,23330.0,23327.5,1.262786e-06,6.31393e-06,0
23335.0,23340.0,23337.5,3.81977e-06,1.909885e-05,0
23350.0,23355.0,23352.5,2.544016e-06,1.272008e-05,0
23365.0,23370.0,23367.5,1.262786e-06,6.31393e-06,0
23375.0,23380.0,23377.5,1.28123e-06,6.40615e-06,0
23385.0,23390.0,23387.5,1.262786e-06,6.31393e-06,0
23390.0,23395.0,23392.5,1.246416e-06,6.23208e-06,0
23410.0,23415.0,23412.5,1.28123e-06,6.40615e-06,0
23415.0,23420.0,23417.5,1.246416e-06,6.23208e-06,0
23420.0,23425.0,23422.5,1.262786e-06,6.31393e-06,0
23425.0,23430.0,23427.5,1.28238e-06,6.4119e-06,0
23435.0,23440.0,23437.5,2.548424e-06,1.274212e-05,0
23440.0,23445.0,23442.5,1.273966e-06,6.36983e-06,0
23445.0,23450.0,23447.5,1.273966e-06,6.36983e-06,0
23455.0,23460.0,23457.5,1.28123e-06,6.40615e-06,0
23460.0,23465.0,23462.5,1.262786e-06,6.31393e-06,0
23470.0,23475.0,23472.5,1.28123e-06,6.40615e-06,0
23475.0,23480.0,23477.5,1.262786e-06,6.31393e-06,0
23480.0,23485.0,23482.5,1.28123e-06,6.40615e-06,0
23495.0,23500.0,23497.5,2.547962e-06,1.273981e-05,0
23500.0,23505.0,23502.5,1.265582e-06,6.32791e-06,0
23510.0,23515.0,23512.5,2.511998e-06,1.255999e-05,0
23525.0,23530.0,23527.5,1.275754e-06,6.37877e-06,0
23530.0,23535.0,23532.5,1.273966e-06,6.36983e-06,0
23535.0,23540.0,23537.5,1.265582e-06,6.32791e-06,0
23545.0,23550.0,23547.5,1.28123e-06,6.40615e-06,0
23550.0,23555.0,23552.5,1.273966e-06,6.36983e-06,0
23560.0,23565.0,23562.5,1.262786e-06,6.31393e-06,0
23570.0,23575.0,23572.5,2.539548e-06,1.269774e-05,0
23580.0,23585.0,23582.5,1.28238e-06,6.4119e-06,0
23590.0,23595.0,23592.5,1.27267e-06,6.36335e-06,0
23625.0,23630.0,23627.5,1.27267e-06,6.36335e-06,0
23635.0,23640.0,23637.5,1.275754e-06,6.37877e-06,0
23645.0,23650.0,23647.5,1.28123e-06,6.40615e-06,0
23655.0,23660.0,23657.5,1.265582e-06,6.32791e-06,0
23660.0,23665.0,23662.5,1.28238e-06,6.4119e-06,0
23670.0,23675.0,23672.5,1.28123e-06,6.40615e-06,0
23675.0,23680.0,23677.5,2.546636e-06,1.273318e-05,0
23680.0,23685.0,23682.5,1.28123e-06,6.40615e-06,0
23690.0,23695.0,23692.5,1.27267e-06,6.36335e-06,0
23700.0,23705.0,23702.5,1.262786e-06,6.31393e-06,0
23735.0,23740.0,23737.5,1.275754e-06,6.37877e-06,0
23745.0,23750.0,23747.5,1.28123e-06,6.40615e-06,0
23750.0,23755.0,23752.5,1.28123e-06,6.40615e-06,0
23760.0,23765.0,23762.5,1.262786e-06,6.31393e-06,0
23770.0,23775.0,23772.5,1.28238e-06,6.4119e-06,0
23775.0,23780.0,23777.5,1.28123e-06,6.40615e-06,0
23785.0,23790.0,23787.5,1.28123e-06,6.40615e-06,0
23790.0,23795.0,23792.5,2.519086e-06,1.259543e-05,0
23805.0,23810.0,23807.5,1.28123e-06,6.40615e-06,0
23840.0,23845.0,23842.5,1.28238e-06,6.4119e-06,0
23845.0,23850.0,23847.5,2.56361e-06,1.281805e-05,0
23850.0,23855.0,23852.5,1.262786e-06,6.31393e-06,0
23860.0,23865.0,23862.5,2.546636e-06,1.273318e-05,0
23875.0,23880.0,23877.5,1.27267e-06,6.36335e-06,0
23880.0,23885.0,23882.5,1.27267e-06,6.36335e-06,0
23895.0,23900.0,23897.5,1.273966e-06,6.36983e-06,0
23900.0,23905.0,23902.5,1.273966e-06,6.36983e-06,0
23920.0,23925.0,23922.5,3.81121e-06,1.905605e-05,0
23925.0,23930.0,23927.5,1.265582e-06,6.32791e-06,0
23935.0,23940.0,23937.5,2.519086e-06,1.259543e-05,0
23950.0,23955.0,23952.5,2.544016e-06,1.272008e-05,0
23970.0,23975.0,23972.5,1.27267e-06,6.36335e-06,0
23975.0,23980.0,23977.5,1.246416e-06,6.23208e-06,0
23980.0,23985.0,23982.5,1.27267e-06,6.36335e-06,0
23985.0,23990.0,23987.5,1.28123e-06,6.40615e-06,0
24000.0,24005.0,24002.5,2.544016e-06,1.272008e-05,0
24005.0,24010.0,24007.5,1.265582e-06,6.32791e-06,0
24025.0,24030.0,24027.5,3.777576e-06,1.888788e-05,0
24040.0,24045.0,24042.5,2.52217e-06,1.261085e-05,0
24050.0,24055.0,24052.5,2.545166e-06,1.272583e-05,0
24055.0,24060.0,24057.5,1.246416e-06,6.23208e-06,0
24060.0,24065.0,24062.5,1.27267e-06,6.36335e-06,0
24065.0,24070.0,24067.5,2.527646e-06,1.263823e-05,0
24070.0,24075.0,24072.5,1.246416e-06,6.23208e-06,0
24090.0,24095.0,24092.5,1.273966e-06,6.36983e-06,0
24105.0,24110.0,24107.5,1.275754e-06,6.37877e-06,0
24110.0,24115.0,24112.5,1.275754e-06,6.37877e-06,0
24135.0,24140.0,24137.5,1.265582e-06,6.32791e-06,0
24145.0,24150.0,24147.5,1.27267e-06,6.36335e-06,0
24160.0,24165.0,24162.5,1.28123e-06,6.40615e-06,0
24165.0,24170.0,24167.5,1.27267e-06,6.36335e-06,0
24170.0,24175.0,24172.5,2.528796e-06,1.264398e-05,0
24180.0,24185.0,24182.5,1.27267e-06,6.36335e-06,0
24200.0,24205.0,24202.5,1.275754e-06,6.37877e-06,0
24205.0,24210.0,24207.5,1.262786e-06,6.31393e-06,0
24210.0,24215.0,24212.5,1.27267e-06,6.36335e-06,0
24230.0,24235.0,24232.5,2.545166e-06,1.272583e-05,0
24240.0,24245.0,24242.5,2.546636e-06,1.273318e-05,0
24255.0,24260.0,24257.5,2.536752e-06,1.268376e-05,0
24260.0,24265.0,24262.5,1.246416e-06,6.23208e-06,0
24265.0,24270.0,24267.5,1.28238e-06,6.4119e-06,0
24270.0,24275.0,24272.5,1.262786e-06,6.31393e-06,0
24295.0,24300.0,24297.5,1.273966e-06,6.36983e-06,0
24305.0,24310.0,24307.5,1.262786e-06,6.31393e-06,0
24310.0,24315.0,24312.5,2.538252e-06,1.269126e-05,0
24335.0,24340.0,24337.5,1.273966e-06,6.36983e-06,0
24350.0,24355.0,24352.5,1.28123e-06,6.40615e-06,0
24355.0,24360.0,24357.5,1.262786e-06,6.31393e-06,0
24365.0,24370.0,24367.5,1.246416e-06,6.23208e-06,0
24370.0,24375.0,24372.5,2.545166e-06,1.272583e-05,0
24375.0,24380.0,24377.5,1.265582e-06,6.32791e-06,0
24385.0,24390.0,24387.5,1.262786e-06,6.31393e-06,0
24405.0,24410.0,24407.5,1.262786e-06,6.31393e-06,0
24410.0,24415.0,24412.5,3.826396e-06,1.913198e-05,0
24415.0,24420.0,24417.5,1.27267e-06,6.36335e-06,0
24420.0,24425.0,24422.5,2.53854e-06,1.26927e-05,0
24430.0,24435.0,24432.5,2.545166e-06,1.272583e-05,0
24435.0,24440.0,24437.5,1.28238e-06,6.4119e-06,0
24455.0,24460.0,24457.5,1.246416e-06,6.23208e-06,0
24460.0,24465.0,24462.5,1.28238e-06,6.4119e-06,0
24480.0,24485.0,24482.5,3.827546e-06,1.913773e-05,0
24495.0,24500.0,24497.5,1.275754e-06,6.37877e-06,0
24510.0,24515.0,24512.5,2.520382e-06,1.260191e-05,0
24515.0,24520.0,24517.5,1.273966e-06,6.36983e-06,0
24525.0,24530.0,24527.5,2.53854e-06,1.26927e-05,0
24540.0,24545.0,24542.5,1.265582e-06,6.32791e-06,0
24560.0,24565.0,24562.5,1.262786e-06,6.31393e-06,0
24565.0,24570.0,24567.5,1.246416e-06,6.23208e-06,0
24570.0,24575.0,24572.5,2.527646e-06,1.263823e-05,0
24595.0,24600.0,24597.5,1.246416e-06,6.23208e-06,0
24600.0,24605.0,24602.5,1.246416e-06,6.23208e-06,0
24605.0,24610.0,24607.5,1.27267e-06,6.36335e-06,0
24610.0,24615.0,24612.5,3.817982e-06,1.908991e-05,0
24615.0,24620.0,24617.5,2.56361e-06,1.281805e-05,0
24635.0,24640.0,24637.5,2.5515e-06,1.27575e-05,0
24665.0,24670.0,24667.5,1.275754e-06,6.37877e-06,0
24670.0,24675.0,24672.5,3.822566e-06,1.911283e-05,0
24675.0,24680.0,24677.5,1.275754e-06,6.37877e-06,0
24690.0,24695.0,24692.5,1.28123e-06,6.40615e-06,0
24695.0,24700.0,24697.5,1.28123e-06,6.40615e-06,0
24705.0,24710.0,24707.5,1.273966e-06,6.36983e-06,0
24710.0,24715.0,24712.5,1.262786e-06,6.31393e-06,0
24720.0,24725.0,24722.5,1.265582e-06,6.32791e-06,0
24725.0,24730.0,24727.5,1.28123e-06,6.40615e-06,0
24745.0,24750.0,24747.5,2.546812e-06,1.273406e-05,0
24755.0,24760.0,24757.5,1.246416e-06,6.23208e-06,0
24780.0,24785.0,24782.5,1.246416e-06,6.23208e-06,0
24795.0,24800.0,24797.5,2.528368e-06,1.264184e-05,0
24810.0,24815.0,24812.5,1.28238e-06,6.4119e-06,0
24820.0,24825.0,24822.5,2.548424e-06,1.274212e-05,0
24835.0,24840.0,24837.5,1.265582e-06,6.32791e-06,0
24840.0,24845.0,24842.5,1.246416e-06,6.23208e-06,0
24845.0,24850.0,24847.5,1.28123e-06,6.40615e-06,0
24850.0,24855.0,24852.5,1.28123e-06,6.40615e-06,0
24855.0,24860.0,24857.5,2.545166e-06,1.272583e-05,0
24865.0,24870.0,24867.5,1.275754e-06,6.37877e-06,0
24870.0,24875.0,24872.5,1.275754e-06,6.37877e-06,0
24875.0,24880.0,24877.5,1.27267e-06,6.36335e-06,0
24880.0,24885.0,24882.5,1.262786e-06,6.31393e-06,0
24885.0,24890.0,24887.5,1.28238e-06,6.4119e-06,0
24890.0,24895.0,24892.5,1.262786e-06,6.31393e-06,0
24895.0,24900.0,24897.5,5.066916e-06,2.533458e-05,0
24910.0,24915.0,24912.5,1.265582e-06,6.32791e-06,0
24920.0,24925.0,24922.5,2.528368e-06,1.264184e-05,0
24940.0,24945.0,24942.5,2.545166e-06,1.272583e-05,0
24950.0,24955.0,24952.5,2.556984e-06,1.278492e-05,0
24960.0,24965.0,24962.5,2.56246e-06,1.28123e-05,0
24970.0,24975.0,24972.5,1.27267e-06,6.36335e-06,0
24975.0,24980.0,24977.5,1.273966e-06,6.36983e-06,0
25000.0,25005.0,25002.5,1.265582e-06,6.32791e-06,0
25005.0,25010.0,25007.5,3.826396e-06,1.913198e-05,0
25010.0,25015.0,25012.5,1.28238e-06,6.4119e-06,0
25015.0,25020.0,25017.5,1.27267e-06,6.36335e-06,0
25020.0,25025.0,25022.5,1.275754e-06,6.37877e-06,0
25030.0,25035.0,25032.5,2.546812e-06,1.273406e-05,0
25035.0,25040.0,25037.5,1.273966e-06,6.36983e-06,0
25040.0,25045.0,25042.5,1.265582e-06,6.32791e-06,0
25045.0,25050.0,25047.5,1.28123e-06,6.40615e-06,0
25050.0,25055.0,25052.5,1.275754e-06,6.37877e-06,0
25060.0,25065.0,25062.5,1.262786e-06,6.31393e-06,0
25070.0,25075.0,25072.5,1.273966e-06,6.36983e-06,0
25115.0,25120.0,25117.5,1.28123e-06,6.40615e-06,0
25120.0,25125.0,25122.5,1.275754e-06,6.37877e-06,0
25125.0,25130.0,25127.5,1.275754e-06,6.37877e-06,0
25140.0,25145.0,25142.5,1.28238e-06,6.4119e-06,0
25155.0,25160.0,25157.5,1.246416e-06,6.23208e-06,0
25160.0,25165.0,25162.5,1.273966e-06,6.36983e-06,0
25170.0,25175.0,25172.5,1.262786e-06,6.31393e-06,0
25190.0,25195.0,25192.5,1.275754e-06,6.37877e-06,0
25230.0,25235.0,25232.5,1.275754e-06,6.37877e-06,0
25235.0,25240.0,25237.5,1.273966e-06,6.36983e-06,0
25240.0,25245.0,25242.5,2.536752e-06,1.268376e-05,0
25260.0,25265.0,25262.5,3.801466e-06,1.900733e-05,0
25275.0,25280.0,25277.5,1.246416e-06,6.23208e-06,0
25280.0,25285.0,25282.5,1.28238e-06,6.4119e-06,0
25290.0,25295.0,25292.5,1.273966e-06,6.36983e-06,0
25305.0,25310.0,25307.5,2.528368e-06,1.264184e-05,0
25310.0,25315.0,25312.5,1.27267e-06,6.36335e-06,0
25320.0,25325.0,25322.5,1.275754e-06,6.37877e-06,0
25345.0,25350.0,25347.5,1.28123e-06,6.40615e-06,0
25360.0,25365.0,25362.5,1.273966e-06,6.36983e-06,0
25365.0,25370.0,25367.5,1.27267e-06,6.36335e-06,0
25370.0,25375.0,25372.5,1.265582e-06,6.32791e-06,0
25375.0,25380.0,25377.5,2.5539e-06,1.27695e-05,0
25380.0,25385.0,25382.5,1.28238e-06,6.4119e-06,0
25415.0,25420.0,25417.5,1.28123e-06,6.40615e-06,0
25420.0,25425.0,25422.5,1.246416e-06,6.23208e-06,0
25425.0,25430.0,25427.5,1.275754e-06,6.37877e-06,0
25430.0,25435.0,25432.5,1.246416e-06,6.23208e-06,0
25450.0,25455.0,25452.5,2.558134e-06,1.279067e-05,0
25455.0,25460.0,25457.5,1.28123e-06,6.40615e-06,0
25475.0,25480.0,25477.5,2.541336e-06,1.270668e-05,0
25490.0,25495.0,25492.5,1.262786e-06,6.31393e-06,0
25505.0,25510.0,25507.5,1.28123e-06,6.40615e-06,0
25530.0,25535.0,25532.5,1.246416e-06,6.23208e-06,0
25560.0,25565.0,25562.5,2.527646e-06,1.263823e-05,0
25565.0,25570.0,25567.5,1.262786e-06,6.31393e-06,0
25580.0,25585.0,25582.5,1.28238e-06,6.4119e-06,0
25590.0,25595.0,25592.5,1.27267e-06,6.36335e-06,0
25605.0,25610.0,25607.5,1.265582e-06,6.32791e-06,0
25610.0,25615.0,25612.5,1.262786e-06,6.31393e-06,0
25615.0,25620.0,25617.5,1.246416e-06,6.23208e-06,0
25625.0,25630.0,25627.5,1.246416e-06,6.23208e-06,0
25640.0,25645.0,25642.5,1.246416e-06,6.23208e-06,0
25680.0,25685.0,25682.5,1.262786e-06,6.31393e-06,0
25695.0,25700.0,25697.5,1.28123e-06,6.40615e-06,0
25700.0,25705.0,25702.5,1.246416e-06,6.23208e-06,0
25720.0,25725.0,25722.5,1.265582e-06,6.32791e-06,0
25725.0,25730.0,25727.5,1.273966e-06,6.36983e-06,0
25740.0,25745.0,25742.5,1.28238e-06,6.4119e-06,0
25745.0,25750.0,25747.5,1.246416e-06,6.23208e-06,0
25750.0,25755.0,25752.5,2.546812e-06,1.273406e-05,0
25760.0,25765.0,25762.5,1.265582e-06,6.32791e-06,0
25765.0,25770.0,25767.5,1.27267e-06,6.36335e-06,0
25800.0,25805.0,25802.5,1.262786e-06,6.31393e-06,0
25810.0,25815.0,25812.5,1.262786e-06,6.31393e-06,0
25815.0,25820.0,25817.5,1.28123e-06,6.40615e-06,0
25820.0,25825.0,25822.5,2.556984e-06,1.278492e-05,0
25835.0,25840.0,25837.5,1.28238e-06,6.4119e-06,0
25850.0,25855.0,25852.5,2.544016e-06,1.272008e-05,0
25865.0,25870.0,25867.5,5.11396e-06,2.55698e-05,0
25885.0,25890.0,25887.5,1.262786e-06,6.31393e-06,0
25915.0,25920.0,25917.5,1.28123e-06,6.40615e-06,0
25935.0,25940.0,25937.5,1.28238e-06,6.4119e-06,0
25945.0,25950.0,25947.5,1.27267e-06,6.36335e-06,0
25990.0,25995.0,25992.5,1.273966e-06,6.36983e-06,0
25995.0,26000.0,25997.5,1.265582e-06,6.32791e-06,0
26005.0,26010.0,26007.5,1.273966e-06,6.36983e-06,0
26015.0,26020.0,26017.5,1.27267e-06,6.36335e-06,0
26020.0,26025.0,26022.5,1.28123e-06,6.40615e-06,0
26050.0,26055.0,26052.5,1.28238e-06,6.4119e-06,0
26075.0,26080.0,26077.5,3.802762e-06,1.901381e-05,0
26080.0,26085.0,26082.5,1.262786e-06,6.31393e-06,0
26085.0,26090.0,26087.5,1.275754e-06,6.37877e-06,0
26110.0,26115.0,26112.5,1.273966e-06,6.36983e-06,0
26120.0,26125.0,26122.5,2.5539e-06,1.27695e-05,0
26125.0,26130.0,26127.5,2.52558e-06,1.26279e-05,0
26135.0,26140.0,26137.5,2.539548e-06,1.269774e-05,0
26140.0,26145.0,26142.5,2.558134e-06,1.279067e-05,0
26145.0,26150.0,26147.5,3.781872e-06,1.890936e-05,0
26160.0,26165.0,26162.5,1.27267e-06,6.36335e-06,0
26195.0,26200.0,26197.5,1.28238e-06,6.4119e-06,0
26200.0,26205.0,26202.5,1.28123e-06,6.40615e-06,0
26215.0,26220.0,26217.5,1.273966e-06,6.36983e-06,0
26240.0,26245.0,26242.5,1.275754e-06,6.37877e-06,0
26260.0,26265.0,26262.5,1.275754e-06,6.37877e-06,0
26270.0,26275.0,26272.5,1.28238e-06,6.4119e-06,0
26290.0,26295.0,26292.5,1.262786e-06,6.31393e-06,0
26295.0,26300.0,26297.5,1.246416e-06,6.23208e-06,0
26300.0,26305.0,26302.5,1.28123e-06,6.40615e-06,0
26320.0,26325.0,26322.5,2.5539e-06,1.27695e-05,0
26325.0,26330.0,26327.5,1.262786e-06,6.31393e-06,0
26330.0,26335.0,26332.5,1.265582e-06,6.32791e-06,0
26350.0,26355.0,26352.5,2.539548e-06,1.269774e-05,0
26355.0,26360.0,26357.5,1.273966e-06,6.36983e-06,0
26360.0,26365.0,26362.5,1.246416e-06,6.23208e-06,0
26375.0,26380.0,26377.5,1.28123e-06,6.40615e-06,0
26400.0,26405.0,26402.5,1.273966e-06,6.36983e-06,0
26410.0,26415.0,26412.5,1.27267e-06,6.36335e-06,0
26415.0,26420.0,26417.5,1.27267e-06,6.36335e-06,0
26420.0,26425.0,26422.5,1.273966e-06,6.36983e-06,0
26430.0,26435.0,26432.5,1.262786e-06,6.31393e-06,0
26435.0,26440.0,26437.5,2.545166e-06,1.272583e-05,0
26445.0,26450.0,26447.5,1.262786e-06,6.31393e-06,0
26455.0,26460.0,26457.5,1.273966e-06,6.36983e-06,0
26475.0,26480.0,26477.5,1.246416e-06,6.23208e-06,0
26480.0,26485.0,26482.5,1.28123e-06,6.40615e-06,0
26485.0,26490.0,26487.5,1.275754e-06,6.37877e-06,0
26500.0,26505.0,26502.5,1.265582e-06,6.32791e-06,0
26525.0,26530.0,26527.5,1.28123e-06,6.40615e-06,0
26530.0,26535.0,26532.5,1.28123e-06,6.40615e-06,0
26540.0,26545.0,26542.5,2.555196e-06,1.277598e-05,0
26545.0,26550.0,26547.5,1.265582e-06,6.32791e-06,0
26560.0,26565.0,26562.5,2.536752e-06,1.268376e-05,0
26565.0,26570.0,26567.5,2.5539e-06,1.27695e-05,0
26570.0,26575.0,26572.5,1.275754e-06,6.37877e-06,0
26580.0,26585.0,26582.5,1.275754e-06,6.37877e-06,0
26595.0,26600.0,26597.5,2.545166e-06,1.272583e-05,0
26615.0,26620.0,26617.5,1.273966e-06,6.36983e-06,0
26625.0,26630.0,26627.5,1.262786e-06,6.31393e-06,0
26635.0,26640.0,26637.5,1.28238e-06,6.4119e-06,0
26640.0,26645.0,26642.5,2.558134e-06,1.279067e-05,0
26645.0,26650.0,26647.5,1.28123e-06,6.40615e-06,0
26655.0,26660.0,26657.5,1.273966e-06,6.36983e-06,0
26675.0,26680.0,26677.5,1.28123e-06,6.40615e-06,0
26685.0,26690.0,26687.5,1.246416e-06,6.23208e-06,0
26690.0,26695.0,26692.5,1.27267e-06,6.36335e-06,0
26705.0,26710.0,26707.5,1.273966e-06,6.36983e-06,0
26720.0,26725.0,26722.5,3.829016e-06,1.914508e-05,0
26730.0,26735.0,26732.5,1.275754e-06,6.37877e-06,0
26750.0,26755.0,26752.5,2.556984e-06,1.278492e-05,0
26755.0,26760.0,26757.5,1.28238e-06,6.4119e-06,0
26770.0,26775.0,26772.5,1.246416e-06,6.23208e-06,0
26775.0,26780.0,26777.5,1.28238e-06,6.4119e-06,0
26780.0,26785.0,26782.5,1.28123e-06,6.40615e-06,0
26785.0,26790.0,26787.5,1.273966e-06,6.36983e-06,0
26790.0,26795.0,26792.5,1.262786e-06,6.31393e-06,0
26795.0,26800.0,26797.5,1.27267e-06,6.36335e-06,0
26820.0,26825.0,26822.5,1.265582e-06,6.32791e-06,0
26825.0,26830.0,26827.5,1.27267e-06,6.36335e-06,0
26830.0,26835.0,26832.5,1.246416e-06,6.23208e-06,0
26840.0,26845.0,26842.5,2.511998e-06,1.255999e-05,0
26850.0,26855.0,26852.5,1.28238e-06,6.4119e-06,0
26875.0,26880.0,26877.5,1.265582e-06,6.32791e-06,0
26890.0,26895.0,26892.5,2.535456e-06,1.267728e-05,0
26895.0,26900.0,26897.5,1.28238e-06,6.4119e-06,0
26900.0,26905.0,26902.5,1.275754e-06,6.37877e-06,0
26905.0,26910.0,26907.5,1.273966e-06,6.36983e-06,0
26910.0,26915.0,26912.5,1.28123e-06,6.40615e-06,0
26920.0,26925.0,26922.5,1.262786e-06,6.31393e-06,0
26930.0,26935.0,26932.5,1.273966e-06,6.36983e-06,0
26935.0,26940.0,26937.5,1.246416e-06,6.23208e-06,0
26950.0,26955.0,26952.5,1.275754e-06,6.37877e-06,0
26965.0,26970.0,26967.5,1.246416e-06,6.23208e-06,0
26975.0,26980.0,26977.5,1.265582e-06,6.32791e-06,0
26980.0,26985.0,26982.5,1.262786e-06,6.31393e-06,0
26985.0,26990.0,26987.5,1.262786e-06,6.31393e-06,0
27010.0,27015.0,27012.5,1.28123e-06,6.40615e-06,0
27015.0,27020.0,27017.5,1.27267e-06,6.36335e-06,0
27020.0,27025.0,27022.5,1.28123e-06,6.40615e-06,0
27080.0,27085.0,27082.5,1.275754e-06,6.37877e-06,0
27085.0,27090.0,27087.5,1.28238e-06,6.4119e-06,0
27095.0,27100.0,27097.5,1.265582e-06,6.32791e-06,0
27100.0,27105.0,27102.5,1.28123e-06,6.40615e-06,0
27105.0,27110.0,27107.5,1.28238e-06,6.4119e-06,0
27110.0,27115.0,27112.5,1.265582e-06,6.32791e-06,0
27120.0,27125.0,27122.5,2.519086e-06,1.259543e-05,0
27125.0,27130.0,27127.5,1.28238e-06,6.4119e-06,0
27135.0,27140.0,27137.5,3.827546e-06,1.913773e-05,0
27170.0,27175.0,27172.5,1.28123e-06,6.40615e-06,0
27180.0,27185.0,27182.5,1.28238e-06,6.4119e-06,0
27215.0,27220.0,27217.5,1.27267e-06,6.36335e-06,0
27230.0,27235.0,27232.5,1.28123e-06,6.40615e-06,0
27235.0,27240.0,27237.5,2.541336e-06,1.270668e-05,0
27240.0,27245.0,27242.5,1.265582e-06,6.32791e-06,0
27250.0,27255.0,27252.5,1.246416e-06,6.23208e-06,0
27265.0,27270.0,27267.5,1.28238e-06,6.4119e-06,0
27280.0,27285.0,27282.5,1.262786e-06,6.31393e-06,0
27290.0,27295.0,27292.5,1.27267e-06,6.36335e-06,0
27325.0,27330.0,27327.5,2.538252e-06,1.269126e-05,0
27345.0,27350.0,27347.5,1.273966e-06,6.36983e-06,0
27355.0,27360.0,27357.5,1.262786e-06,6.31393e-06,0
27360.0,27365.0,27362.5,1.262786e-06,6.31393e-06,0
27370.0,27375.0,27372.5,1.275754e-06,6.37877e-06,0
27385.0,27390.0,27387.5,1.265582e-06,6.32791e-06,0
27410.0,27415.0,27412.5,2.53854e-06,1.26927e-05,0
27415.0,27420.0,27417.5,2.536752e-06,1.268376e-05,0
27425.0,27430.0,27427.5,1.262786e-06,6.31393e-06,0
27440.0,27445.0,27442.5,2.527646e-06,1.263823e-05,0
27460.0,27465.0,27462.5,1.265582e-06,6.32791e-06,0
27465.0,27470.0,27467.5,1.28238e-06,6.4119e-06,0
27470.0,27475.0,27472.5,1.28123e-06,6.40615e-06,0
27475.0,27480.0,27477.5,6.32142e-06,3.16071e-05,0
27480.0,27485.0,27482.5,1.246416e-06,6.23208e-06,0
27520.0,27525.0,27522.5,1.27267e-06,6.36335e-06,0
27535.0,27540.0,27537.5,1.27267e-06,6.36335e-06,0
27545.0,27550.0,27547.5,1.262786e-06,6.31393e-06,0
27550.0,27555.0,27552.5,1.273966e-06,6.36983e-06,0
27555.0,27560.0,27557.5,2.544016e-06,1.272008e-05,0
27565.0,27570.0,27567.5,1.262786e-06,6.31393e-06,0
27570.0,27575.0,27572.5,1.246416e-06,6.23208e-06,0
27580.0,27585.0,27582.5,1.28123e-06,6.40615e-06,0
27595.0,27600.0,27597.5,1.28238e-06,6.4119e-06,0
27600.0,27605.0,27602.5,1.273966e-06,6.36983e-06,0
27605.0,27610.0,27607.5,3.84714e-06,1.92357e-05,0
27610.0,27615.0,27612.5,2.509202e-06,1.254601e-05,0
27620.0,27625.0,27622.5,5.093736e-06,2.546868e-05,0
27635.0,27640.0,27637.5,2.55505e-06,1.277525e-05,0
27650.0,27655.0,27652.5,2.56361e-06,1.281805e-05,0
27675.0,27680.0,27677.5,1.28238e-06,6.4119e-06,0
27680.0,27685.0,27682.5,2.556346e-06,1.278173e-05,0
27695.0,27700.0,27697.5,1.275754e-06,6.37877e-06,0
27700.0,27705.0,27702.5,1.275754e-06,6.37877e-06,0
27705.0,27710.0,27707.5,1.262786e-06,6.31393e-06,0
27710.0,27715.0,27712.5,1.28123e-06,6.40615e-06,0
27715.0,27720.0,27717.5,3.819132e-06,1.909566e-05,0
27725.0,27730.0,27727.5,1.27267e-06,6.36335e-06,0
27735.0,27740.0,27737.5,2.519086e-06,1.259543e-05,0
27755.0,27760.0,27757.5,2.520382e-06,1.260191e-05,0
27770.0,27775.0,27772.5,1.262786e-06,6.31393e-06,0
27775.0,27780.0,27777.5,3.793228e-06,1.896614e-05,0
27780.0,27785.0,27782.5,1.246416e-06,6.23208e-06,0
27800.0,27805.0,27802.5,2.528368e-06,1.264184e-05,0
27810.0,27815.0,27812.5,1.28123e-06,6.40615e-06,0
27815.0,27820.0,27817.5,1.262786e-06,6.31393e-06,0
27820.0,27825.0,27822.5,1.275754e-06,6.37877e-06,0
27830.0,27835.0,27832.5,2.519086e-06,1.259543e-05,0
27835.0,27840.0,27837.5,1.265582e-06,6.32791e-06,0
27855.0,27860.0,27857.5,1.28123e-06,6.40615e-06,0
27860.0,27865.0,27862.5,1.27267e-06,6.36335e-06,0
27865.0,27870.0,27867.5,3.815302e-06,1.907651e-05,0
27875.0,27880.0,27877.5,2.545166e-06,1.272583e-05,0
27880.0,27885.0,27882.5,1.275754e-06,6.37877e-06,0
27895.0,27900.0,27897.5,1.28238e-06,6.4119e-06,0
27900.0,27905.0,27902.5,3.821928e-06,1.910964e-05,0
27920.0,27925.0,27922.5,2.511998e-06,1.255999e-05,0
27940.0,27945.0,27942.5,1.28238e-06,6.4119e-06,0
27955.0,27960.0,27957.5,2.556346e-06,1.278173e-05,0
27960.0,27965.0,27962.5,2.55505e-06,1.277525e-05,0
27965.0,27970.0,27967.5,1.28238e-06,6.4119e-06,0
28015.0,28020.0,28017.5,1.262786e-06,6.31393e-06,0
28025.0,28030.0,28027.5,1.27267e-06,6.36335e-06,0
28030.0,28035.0,28032.5,1.27267e-06,6.36335e-06,0
28035.0,28040.0,28037.5,3.823716e-06,1.911858e-05,0
28050.0,28055.0,28052.5,1.262786e-06,6.31393e-06,0
28060.0,28065.0,28062.5,1.262786e-06,6.31393e-06,0
28070.0,28075.0,28072.5,2.541336e-06,1.270668e-05,0
28075.0,28080.0,28077.5,1.27267e-06,6.36335e-06,0
28085.0,28090.0,28087.5,1.246416e-06,6.23208e-06,0
28090.0,28095.0,28092.5,2.535456e-06,1.267728e-05,0
28095.0,28100.0,28097.5,1.262786e-06,6.31393e-06,0
28115.0,28120.0,28117.5,1.275754e-06,6.37877e-06,0
28120.0,28125.0,28122.5,1.28123e-06,6.40615e-06,0
28125.0,28130.0,28127.5,1.246416e-06,6.23208e-06,0
28135.0,28140.0,28137.5,1.262786e-06,6.31393e-06,0
28145.0,28150.0,28147.5,2.53854e-06,1.26927e-05,0
28160.0,28165.0,28162.5,1.265582e-06,6.32791e-06,0
28165.0,28170.0,28167.5,1.275754e-06,6.37877e-06,0
28175.0,28180.0,28177.5,1.28123e-06,6.40615e-06,0
28190.0,28195.0,28192.5,1.28123e-06,6.40615e-06,0
28240.0,28245.0,28242.5,1.28123e-06,6.40615e-06,0
28245.0,28250.0,28247.5,1.273966e-06,6.36983e-06,0
28280.0,28285.0,28282.5,1.262786e-06,6.31393e-06,0
28285.0,28290.0,28287.5,1.28123e-06,6.40615e-06,0
28295.0,28300.0,28297.5,1.246416e-06,6.23208e-06,0
28300.0,28305.0,28302.5,1.262786e-06,6.31393e-06,0
28310.0,28315.0,28312.5,2.511998e-06,1.255999e-05,0
28315.0,28320.0,28317.5,2.546812e-06,1.273406e-05,0
28330.0,28335.0,28332.5,1.273966e-06,6.36983e-06,0
28335.0,28340.0,28337.5,1.275754e-06,6.37877e-06,0
28340.0,28345.0,28342.5,2.538252e-06,1.269126e-05,0
28360.0,28365.0,28362.5,1.27267e-06,6.36335e-06,0
28375.0,28380.0,28377.5,1.275754e-06,6.37877e-06,0
28430.0,28435.0,28432.5,1.28123e-06,6.40615e-06,0
28440.0,28445.0,28442.5,1.265582e-06,6.32791e-06,0
28445.0,28450.0,28447.5,2.55505e-06,1.277525e-05,0
28460.0,28465.0,28462.5,1.273966e-06,6.36983e-06,0
28475.0,28480.0,28477.5,1.28123e-06,6.40615e-06,0
28515.0,28520.0,28517.5,5.074282e-06,2.537141e-05,0
28535.0,28540.0,28537.5,2.536752e-06,1.268376e-05,0
28540.0,28545.0,28542.5,1.28238e-06,6.4119e-06,0
28580.0,28585.0,28582.5,2.544016e-06,1.272008e-05,0
28595.0,28600.0,28597.5,1.265582e-06,6.32791e-06,0
28600.0,28605.0,28602.5,1.262786e-06,6.31393e-06,0
28610.0,28615.0,28612.5,1.265582e-06,6.32791e-06,0
28615.0,28620.0,28617.5,1.28123e-06,6.40615e-06,0
28620.0,28625.0,28622.5,1.28123e-06,6.40615e-06,0
28630.0,28635.0,28632.5,2.54794e-06,1.27397e-05,0
28635.0,28640.0,28637.5,1.28123e-06,6.40615e-06,0
28645.0,28650.0,28647.5,2.535456e-06,1.267728e-05,0
28670.0,28675.0,28672.5,1.27267e-06,6.36335e-06,0
28685.0,28690.0,28687.5,1.273966e-06,6.36983e-06,0
28725.0,28730.0,28727.5,1.28123e-06,6.40615e-06,0
28740.0,28745.0,28742.5,3.790432e-06,1.895216e-05,0
28750.0,28755.0,28752.5,3.791162e-06,1.895581e-05,0
28765.0,28770.0,28767.5,2.509202e-06,1.254601e-05,0
28785.0,28790.0,28787.5,1.27267e-06,6.36335e-06,0
28790.0,28795.0,28792.5,1.246416e-06,6.23208e-06,0
28795.0,28800.0,28797.5,3.815302e-06,1.907651e-05,0
28805.0,28810.0,28807.5,1.28238e-06,6.4119e-06,0
28835.0,28840.0,28837.5,1.246416e-06,6.23208e-06,0
28840.0,28845.0,28842.5,1.28123e-06,6.40615e-06,0
28845.0,28850.0,28847.5,1.28123e-06,6.40615e-06,0
28860.0,28865.0,28862.5,1.28123e-06,6.40615e-06,0
28870.0,28875.0,28872.5,2.511998e-06,1.255999e-05,0
28880.0,28885.0,28882.5,1.265582e-06,6.32791e-06,0
28905.0,28910.0,28907.5,1.246416e-06,6.23208e-06,0
28910.0,28915.0,28912.5,1.275754e-06,6.37877e-06,0
28930.0,28935.0,28932.5,2.52558e-06,1.26279e-05,0
28940.0,28945.0,28942.5,3.837576e-06,1.918788e-05,0
28950.0,28955.0,28952.5,1.28238e-06,6.4119e-06,0
29010.0,29015.0,29012.5,1.27267e-06,6.36335e-06,0
29020.0,29025.0,29022.5,1.262786e-06,6.31393e-06,0
29025.0,29030.0,29027.5,1.265582e-06,6.32791e-06,0
29070.0,29075.0,29072.5,1.265582e-06,6.32791e-06,0
29090.0,29095.0,29092.5,3.84599e-06,1.922995e-05,0
29130.0,29135.0,29132.5,1.273966e-06,6.36983e-06,0
29155.0,29160.0,29157.5,2.520382e-06,1.260191e-05,0
29160.0,29165.0,29162.5,1.275754e-06,6.37877e-06,0
29165.0,29170.0,29167.5,1.275754e-06,6.37877e-06,0
29170.0,29175.0,29172.5,1.262786e-06,6.31393e-06,0
29185.0,29190.0,29187.5,1.246416e-06,6.23208e-06,0
29190.0,29195.0,29192.5,1.28123e-06,6.40615e-06,0
29200.0,29205.0,29202.5,1.28123e-06,6.40615e-06,0
29210.0,29215.0,29212.5,1.262786e-06,6.31393e-06,0
29220.0,29225.0,29222.5,1.27267e-06,6.36335e-06,0
29235.0,29240.0,29237.5,1.27267e-06,6.36335e-06,0
29250.0,29255.0,29252.5,1.273966e-06,6.36983e-06,0
29255.0,29260.0,29257.5,1.262786e-06,6.31393e-06,0
29265.0,29270.0,29267.5,1.28238e-06,6.4119e-06,0
29270.0,29275.0,29272.5,1.262786e-06,6.31393e-06,0
29275.0,29280.0,29277.5,3.823716e-06,1.911858e-05,0
29280.0,29285.0,29282.5,1.246416e-06,6.23208e-06,0
29290.0,29295.0,29292.5,1.28238e-06,6.4119e-06,0
29295.0,29300.0,29297.5,1.265582e-06,6.32791e-06,0
29300.0,29305.0,29302.5,2.528368e-06,1.264184e-05,0
29315.0,29320.0,29317.5,1.28123e-06,6.40615e-06,0
29325.0,29330.0,29327.5,1.262786e-06,6.31393e-06,0
29330.0,29335.0,29332.5,2.520382e-06,1.260191e-05,0
29355.0,29360.0,29357.5,1.265582e-06,6.32791e-06,0
29365.0,29370.0,29367.5,2.56246e-06,1.28123e-05,0
29410.0,29415.0,29412.5,2.536752e-06,1.268376e-05,0
29440.0,29445.0,29442.5,3.811176e-06,1.905588e-05,0
29445.0,29450.0,29447.5,1.275754e-06,6.37877e-06,0
29455.0,29460.0,29457.5,1.262786e-06,6.31393e-06,0
29500.0,29505.0,29502.5,1.273966e-06,6.36983e-06,0
29515.0,29520.0,29517.5,1.275754e-06,6.37877e-06,0
29525.0,29530.0,29527.5,1.28238e-06,6.4119e-06,0
29530.0,29535.0,29532.5,3.793228e-06,1.896614e-05,0
29545.0,29550.0,29547.5,1.28238e-06,6.4119e-06,0
29550.0,29555.0,29552.5,1.28238e-06,6.4119e-06,0
29555.0,29560.0,29557.5,2.52558e-06,1.26279e-05,0
29590.0,29595.0,29592.5,1.265582e-06,6.32791e-06,0
29595.0,29600.0,29597.5,1.27267e-06,6.36335e-06,0
29600.0,29605.0,29602.5,1.265582e-06,6.32791e-06,0
29635.0,29640.0,29637.5,2.536752e-06,1.268376e-05,0
29645.0,29650.0,29647.5,1.27267e-06,6.36335e-06,0
29660.0,29665.0,29662.5,1.273966e-06,6.36983e-06,0
29675.0,29680.0,29677.5,1.27267e-06,6.36335e-06,0
29710.0,29715.0,29712.5,1.27267e-06,6.36335e-06,0
29725.0,29730.0,29727.5,1.275754e-06,6.37877e-06,0
29745.0,29750.0,29747.5,1.262786e-06,6.31393e-06,0
29755.0,29760.0,29757.5,1.275754e-06,6.37877e-06,0
29760.0,29765.0,29762.5,2.548424e-06,1.274212e-05,0
29805.0,29810.0,29807.5,1.246416e-06,6.23208e-06,0
29810.0,29815.0,29812.5,1.28123e-06,6.40615e-06,0
29835.0,29840.0,29837.5,1.275754e-06,6.37877e-06,0
29845.0,29850.0,29847.5,1.28123e-06,6.40615e-06,0
29865.0,29870.0,29867.5,1.28123e-06,6.40615e-06,0
29880.0,29885.0,29882.5,1.246416e-06,6.23208e-06,0
29890.0,29895.0,29892.5,1.265582e-06,6.32791e-06,0
29910.0,29915.0,29912.5,1.27267e-06,6.36335e-06,0
29925.0,29930.0,29927.5,1.262786e-06,6.31393e-06,0
29935.0,29940.0,29937.5,1.28238e-06,6.4119e-06,0
29945.0,29950.0,29947.5,1.28123e-06,6.40615e-06,0
29960.0,29965.0,29962.5,1.262786e-06,6.31393e-06,0
29965.0,29970.0,29967.5,1.28123e-06,6.40615e-06,0
30000.0,30005.0,30002.5,1.265582e-06,6.32791e-06,0
30010.0,30015.0,30012.5,2.544016e-06,1.272008e-05,0
30015.0,30020.0,30017.5,2.556984e-06,1.278492e-05,0
30020.0,30025.0,30022.5,1.27267e-06,6.36335e-06,0
30025.0,30030.0,30027.5,1.28238e-06,6.4119e-06,0
30035.0,30040.0,30037.5,1.262786e-06,6.31393e-06,0
30065.0,30070.0,30067.5,2.536752e-06,1.268376e-05,0
30075.0,30080.0,30077.5,1.262786e-06,6.31393e-06,0
30095.0,30100.0,30097.5,1.262786e-06,6.31393e-06,0
30135.0,30140.0,30137.5,1.275754e-06,6.37877e-06,0
30190.0,30195.0,30192.5,1.28123e-06,6.40615e-06,0
30195.0,30200.0,30197.5,1.262786e-06,6.31393e-06,0
30205.0,30210.0,30207.5,1.246416e-06,6.23208e-06,0
30210.0,30215.0,30212.5,1.28123e-06,6.40615e-06,0
30220.0,30225.0,30222.5,1.273966e-06,6.36983e-06,0
30225.0,30230.0,30227.5,1.28123e-06,6.40615e-06,0
30270.0,30275.0,30272.5,1.28123e-06,6.40615e-06,0
30275.0,30280.0,30277.5,1.246416e-06,6.23208e-06,0
30280.0,30285.0,30282.5,1.28123e-06,6.40615e-06,0
30300.0,30305.0,30302.5,1.275754e-06,6.37877e-06,0
30310.0,30315.0,30312.5,1.28123e-06,6.40615e-06,0
30325.0,30330.0,30327.5,1.28123e-06,6.40615e-06,0
30330.0,30335.0,30332.5,1.246416e-06,6.23208e-06,0
30350.0,30355.0,30352.5,2.528368e-06,1.264184e-05,0
30360.0,30365.0,30362.5,1.28123e-06,6.40615e-06,0
30365.0,30370.0,30367.5,2.52558e-06,1.26279e-05,0
30380.0,30385.0,30382.5,2.55505e-06,1.277525e-05,0
30390.0,30395.0,30392.5,1.265582e-06,6.32791e-06,0
30405.0,30410.0,30407.5,1.273966e-06,6.36983e-06,0
30410.0,30415.0,30412.5,3.81121e-06,1.905605e-05,0
30415.0,30420.0,30417.5,1.28238e-06,6.4119e-06,0
30455.0,30460.0,30457.5,1.262786e-06,6.31393e-06,0
30460.0,30465.0,30462.5,1.27267e-06,6.36335e-06,0
30465.0,30470.0,30467.5,1.265582e-06,6.32791e-06,0
30480.0,30485.0,30482.5,1.262786e-06,6.31393e-06,0
30485.0,30490.0,30487.5,1.246416e-06,6.23208e-06,0
30505.0,30510.0,30507.5,2.556984e-06,1.278492e-05,0
30525.0,30530.0,30527.5,2.54534e-06,1.27267e-05,0
30545.0,30550.0,30547.5,1.27267e-06,6.36335e-06,0
30550.0,30555.0,30552.5,1.273966e-06,6.36983e-06,0
30555.0,30560.0,30557.5,1.28123e-06,6.40615e-06,0
30565.0,30570.0,30567.5,1.246416e-06,6.23208e-06,0
30570.0,30575.0,30572.5,1.28123e-06,6.40615e-06,0
30580.0,30585.0,30582.5,2.546812e-06,1.273406e-05,0
30590.0,30595.0,30592.5,2.546636e-06,1.273318e-05,0
30605.0,30610.0,30607.5,1.28238e-06,6.4119e-06,0
30615.0,30620.0,30617.5,2.5539e-06,1.27695e-05,0
30625.0,30630.0,30627.5,1.262786e-06,6.31393e-06,0
30635.0,30640.0,30637.5,1.28238e-06,6.4119e-06,0
30640.0,30645.0,30642.5,1.28123e-06,6.40615e-06,0
30660.0,30665.0,30662.5,1.273966e-06,6.36983e-06,0
30680.0,30685.0,30682.5,1.265582e-06,6.32791e-06,0
30700.0,30705.0,30702.5,1.246416e-06,6.23208e-06,0
30710.0,30715.0,30712.5,1.246416e-06,6.23208e-06,0
30755.0,30760.0,30757.5,1.273966e-06,6.36983e-06,0
30785.0,30790.0,30787.5,2.53116e-06,1.26558e-05,0
30790.0,30795.0,30792.5,1.273966e-06,6.36983e-06,0
30805.0,30810.0,30807.5,1.262786e-06,6.31393e-06,0
30815.0,30820.0,30817.5,1.28238e-06,6.4119e-06,0
30845.0,30850.0,30847.5,1.262786e-06,6.31393e-06,0
30860.0,30865.0,30862.5,1.28123e-06,6.40615e-06,0
30870.0,30875.0,30872.5,1.275754e-06,6.37877e-06,0
30880.0,30885.0,30882.5,1.28238e-06,6.4119e-06,0
30895.0,30900.0,30897.5,1.28123e-06,6.40615e-06,0
30910.0,30915.0,30912.5,1.273966e-06,6.36983e-06,0
30935.0,30940.0,30937.5,1.246416e-06,6.23208e-06,0
30940.0,30945.0,30942.5,1.262786e-06,6.31393e-06,0
30955.0,30960.0,30957.5,1.273966e-06,6.36983e-06,0
30960.0,30965.0,30962.5,1.246416e-06,6.23208e-06,0
30975.0,30980.0,30977.5,2.56476e-06,1.28238e-05,0
30980.0,30985.0,30982.5,1.275754e-06,6.37877e-06,0
31000.0,31005.0,31002.5,3.794356e-06,1.897178e-05,0
31030.0,31035.0,31032.5,1.246416e-06,6.23208e-06,0
31050.0,31055.0,31052.5,1.265582e-06,6.32791e-06,0
31070.0,31075.0,31072.5,1.27267e-06,6.36335e-06,0
31075.0,31080.0,31077.5,1.27267e-06,6.36335e-06,0
31110.0,31115.0,31112.5,3.8034e-06,1.9017e-05,0
31120.0,31125.0,31122.5,1.27267e-06,6.36335e-06,0
31145.0,31150.0,31147.5,1.273966e-06,6.36983e-06,0
31160.0,31165.0,31162.5,1.28123e-06,6.40615e-06,0
31170.0,31175.0,31172.5,1.27267e-06,6.36335e-06,0
31190.0,31195.0,31192.5,1.273966e-06,6.36983e-06,0
31220.0,31225.0,31222.5,1.27267e-06,6.36335e-06,0
31235.0,31240.0,31237.5,1.246416e-06,6.23208e-06,0
31240.0,31245.0,31242.5,1.273966e-06,6.36983e-06,0
31255.0,31260.0,31257.5,1.275754e-06,6.37877e-06,0
31265.0,31270.0,31267.5,1.275754e-06,6.37877e-06,0
31270.0,31275.0,31272.5,1.28238e-06,6.4119e-06,0
31275.0,31280.0,31277.5,1.273966e-06,6.36983e-06,0
31295.0,31300.0,31297.5,1.262786e-06,6.31393e-06,0
31325.0,31330.0,31327.5,1.246416e-06,6.23208e-06,0
31330.0,31335.0,31332.5,1.28123e-06,6.40615e-06,0
31340.0,31345.0,31342.5,1.262786e-06,6.31393e-06,0
31360.0,31365.0,31362.5,2.556984e-06,1.278492e-05,0
31385.0,31390.0,31387.5,1.246416e-06,6.23208e-06,0
31415.0,31420.0,31417.5,2.520382e-06,1.260191e-05,0
31425.0,31430.0,31427.5,1.27267e-06,6.36335e-06,0
31435.0,31440.0,31437.5,1.275754e-06,6.37877e-06,0
31440.0,31445.0,31442.5,2.547962e-06,1.273981e-05,0
31445.0,31450.0,31447.5,3.808126e-06,1.904063e-05,0
31505.0,31510.0,31507.5,2.528368e-06,1.264184e-05,0
31540.0,31545.0,31542.5,1.275754e-06,6.37877e-06,0
31550.0,31555.0,31552.5,1.265582e-06,6.32791e-06,0
31560.0,31565.0,31562.5,1.265582e-06,6.32791e-06,0
31570.0,31575.0,31572.5,1.27267e-06,6.36335e-06,0
31585.0,31590.0,31587.5,1.262786e-06,6.31393e-06,0
31595.0,31600.0,31597.5,1.273966e-06,6.36983e-06,0
31610.0,31615.0,31612.5,1.273966e-06,6.36983e-06,0
31625.0,31630.0,31627.5,1.262786e-06,6.31393e-06,0
31635.0,31640.0,31637.5,1.262786e-06,6.31393e-06,0
31670.0,31675.0,31672.5,2.546636e-06,1.273318e-05,0
31680.0,31685.0,31682.5,1.28238e-06,6.4119e-06,0
31685.0,31690.0,31687.5,1.273966e-06,6.36983e-06,0
31715.0,31720.0,31717.5,1.27267e-06,6.36335e-06,0
31755.0,31760.0,31757.5,3.81354e-06,1.90677e-05,0
31765.0,31770.0,31767.5,1.246416e-06,6.23208e-06,0
31770.0,31775.0,31772.5,1.273966e-06,6.36983e-06,0
31775.0,31780.0,31777.5,1.28238e-06,6.4119e-06,0
31785.0,31790.0,31787.5,1.27267e-06,6.36335e-06,0
31790.0,31795.0,31792.5,1.246416e-06,6.23208e-06,0
31800.0,31805.0,31802.5,1.262786e-06,6.31393e-06,0
31820.0,31825.0,31822.5,1.28238e-06,6.4119e-06,0
31825.0,31830.0,31827.5,1.246416e-06,6.23208e-06,0
31840.0,31845.0,31842.5,1.265582e-06,6.32791e-06,0
31850.0,31855.0,31852.5,1.28123e-06,6.40615e-06,0
31855.0,31860.0,31857.5,2.544016e-06,1.272008e-05,0
31860.0,31865.0,31862.5,1.28123e-06,6.40615e-06,0
31885.0,31890.0,31887.5,2.54794e-06,1.27397e-05,0
31890.0,31895.0,31892.5,1.275754e-06,6.37877e-06,0
31920.0,31925.0,31922.5,1.246416e-06,6.23208e-06,0
31955.0,31960.0,31957.5,1.28238e-06,6.4119e-06,0
31965.0,31970.0,31967.5,1.273966e-06,6.36983e-06,0
31975.0,31980.0,31977.5,1.28123e-06,6.40615e-06,0
31980.0,31985.0,31982.5,1.28123e-06,6.40615e-06,0
31985.0,31990.0,31987.5,1.28238e-06,6.4119e-06,0
32030.0,32035.0,32032.5,1.275754e-06,6.37877e-06,0
32035.0,32040.0,32037.5,2.558134e-06,1.279067e-05,0
32040.0,32045.0,32042.5,1.28238e-06,6.4119e-06,0
32050.0,32055.0,32052.5,1.262786e-06,6.31393e-06,0
32055.0,32060.0,32057.5,1.246416e-06,6.23208e-06,0
32060.0,32065.0,32062.5,1.275754e-06,6.37877e-06,0
32070.0,32075.0,32072.5,1.262786e-06,6.31393e-06,0
32075.0,32080.0,32077.5,1.262786e-06,6.31393e-06,0
32080.0,32085.0,32082.5,1.27267e-06,6.36335e-06,0
32105.0,32110.0,32107.5,1.28123e-06,6.40615e-06,0
32110.0,32115.0,32112.5,3.84484e-06,1.92242e-05,0
32125.0,32130.0,32127.5,1.28123e-06,6.40615e-06,0
32140.0,32145.0,32142.5,1.275754e-06,6.37877e-06,0
32145.0,32150.0,32147.5,1.246416e-06,6.23208e-06,0
32165.0,32170.0,32167.5,2.556984e-06,1.278492e-05,0
32220.0,32225.0,32222.5,1.275754e-06,6.37877e-06,0
32235.0,32240.0,32237.5,1.28123e-06,6.40615e-06,0
32240.0,32245.0,32242.5,1.28238e-06,6.4119e-06,0
32270.0,32275.0,32272.5,2.509202e-06,1.254601e-05,0
32295.0,32300.0,32297.5,1.273966e-06,6.36983e-06,0
32300.0,32305.0,32302.5,1.28123e-06,6.40615e-06,0
32340.0,32345.0,32342.5,1.273966e-06,6.36983e-06,0
32370.0,32375.0,32372.5,1.275754e-06,6.37877e-06,0
32375.0,32380.0,32377.5,1.27267e-06,6.36335e-06,0
32385.0,32390.0,32387.5,2.5539e-06,1.27695e-05,0
32390.0,32395.0,32392.5,1.246416e-06,6.23208e-06,0
32395.0,32400.0,32397.5,1.273966e-06,6.36983e-06,0
32455.0,32460.0,32457.5,1.28123e-06,6.40615e-06,0
32470.0,32475.0,32472.5,1.28238e-06,6.4119e-06,0
32480.0,32485.0,32482.5,1.273966e-06,6.36983e-06,0
32505.0,32510.0,32507.5,1.273966e-06,6.36983e-06,0
32530.0,32535.0,32532.5,1.27267e-06,6.36335e-06,0
32540.0,32545.0,32542.5,1.28123e-06,6.40615e-06,0
32545.0,32550.0,32547.5,1.28123e-06,6.40615e-06,0
32555.0,32560.0,32557.5,1.28238e-06,6.4119e-06,0
32565.0,32570.0,32567.5,2.511998e-06,1.255999e-05,0
32580.0,32585.0,32582.5,1.262786e-06,6.31393e-06,0
32585.0,32590.0,32587.5,1.27267e-06,6.36335e-06,0
32590.0,32595.0,32592.5,1.28123e-06,6.40615e-06,0
32600.0,32605.0,32602.5,1.27267e-06,6.36335e-06,0
32610.0,32615.0,32612.5,1.28238e-06,6.4119e-06,0
32620.0,32625.0,32622.5,1.273966e-06,6.36983e-06,0
32625.0,32630.0,32627.5,1.275754e-06,6.37877e-06,0
32640.0,32645.0,32642.5,1.246416e-06,6.23208e-06,0
32655.0,32660.0,32657.5,1.27267e-06,6.36335e-06,0
32670.0,32675.0,32672.5,2.56361e-06,1.281805e-05,0
32680.0,32685.0,32682.5,2.55505e-06,1.277525e-05,0
32700.0,32705.0,32702.5,2.5539e-06,1.27695e-05,0
32710.0,32715.0,32712.5,2.558134e-06,1.279067e-05,0
32750.0,32755.0,32752.5,2.546636e-06,1.273318e-05,0
32780.0,32785.0,32782.5,1.275754e-06,6.37877e-06,0
32785.0,32790.0,32787.5,1.28238e-06,6.4119e-06,0
32795.0,32800.0,32797.5,1.246416e-06,6.23208e-06,0
32825.0,32830.0,32827.5,2.556346e-06,1.278173e-05,0
32870.0,32875.0,32872.5,1.262786e-06,6.31393e-06,0
32880.0,32885.0,32882.5,1.27267e-06,6.36335e-06,0
32895.0,32900.0,32897.5,1.28123e-06,6.40615e-06,0
32910.0,32915.0,32912.5,1.262786e-06,6.31393e-06,0
32915.0,32920.0,32917.5,2.56246e-06,1.28123e-05,0
32945.0,32950.0,32947.5,1.28238e-06,6.4119e-06,0
32965.0,32970.0,32967.5,1.246416e-06,6.23208e-06,0
32980.0,32985.0,32982.5,2.556984e-06,1.278492e-05,0
33005.0,33010.0,33007.5,1.27267e-06,6.36335e-06,0
33015.0,33020.0,33017.5,1.262786e-06,6.31393e-06,0
33030.0,33035.0,33032.5,1.28123e-06,6.40615e-06,0
33050.0,33055.0,33052.5,1.262786e-06,6.31393e-06,0
33060.0,33065.0,33062.5,2.555196e-06,1.277598e-05,0
33075.0,33080.0,33077.5,1.265582e-06,6.32791e-06,0
33080.0,33085.0,33082.5,1.273966e-06,6.36983e-06,0
33110.0,33115.0,33112.5,1.262786e-06,6.31393e-06,0
33130.0,33135.0,33132.5,1.246416e-06,6.23208e-06,0
33155.0,33160.0,33157.5,1.28238e-06,6.4119e-06,0
33175.0,33180.0,33177.5,1.28238e-06,6.4119e-06,0
33180.0,33185.0,33182.5,1.28123e-06,6.40615e-06,0
33200.0,33205.0,33202.5,1.27267e-06,6.36335e-06,0
33205.0,33210.0,33207.5,1.28238e-06,6.4119e-06,0
33210.0,33215.0,33212.5,2.54534e-06,1.27267e-05,0
33225.0,33230.0,33227.5,1.273966e-06,6.36983e-06,0
33240.0,33245.0,33242.5,1.28238e-06,6.4119e-06,0
33245.0,33250.0,33247.5,1.262786e-06,6.31393e-06,0
33255.0,33260.0,33257.5,1.262786e-06,6.31393e-06,0
33260.0,33265.0,33262.5,2.546636e-06,1.273318e-05,0
33265.0,33270.0,33267.5,2.53854e-06,1.26927e-05,0
33280.0,33285.0,33282.5,1.275754e-06,6.37877e-06,0
33290.0,33295.0,33292.5,1.28123e-06,6.40615e-06,0
33365.0,33370.0,33367.5,1.262786e-06,6.31393e-06,0
33375.0,33380.0,33377.5,1.27267e-06,6.36335e-06,0
33380.0,33385.0,33382.5,2.545166e-06,1.272583e-05,0
33385.0,33390.0,33387.5,1.246416e-06,6.23208e-06,0
33405.0,33410.0,33407.5,1.28238e-06,6.4119e-06,0
33410.0,33415.0,33412.5,1.28123e-06,6.40615e-06,0
33425.0,33430.0,33427.5,1.28123e-06,6.40615e-06,0
33435.0,33440.0,33437.5,1.28238e-06,6.4119e-06,0
33445.0,33450.0,33447.5,1.28123e-06,6.40615e-06,0
33460.0,33465.0,33462.5,1.275754e-06,6.37877e-06,0
33470.0,33475.0,33472.5,2.555196e-06,1.277598e-05,0
33480.0,33485.0,33482.5,1.28238e-06,6.4119e-06,0
33505.0,33510.0,33507.5,1.262786e-06,6.31393e-06,0
33515.0,33520.0,33517.5,1.27267e-06,6.36335e-06,0
33535.0,33540.0,33537.5,1.246416e-06,6.23208e-06,0
33605.0,33610.0,33607.5,2.544016e-06,1.272008e-05,0
33610.0,33615.0,33612.5,1.273966e-06,6.36983e-06,0
33650.0,33655.0,33652.5,2.546636e-06,1.273318e-05,0
33665.0,33670.0,33667.5,1.265582e-06,6.32791e-06,0
33675.0,33680.0,33677.5,1.246416e-06,6.23208e-06,0
33690.0,33695.0,33692.5,1.246416e-06,6.23208e-06,0
33700.0,33705.0,33702.5,1.273966e-06,6.36983e-06,0
33715.0,33720.0,33717.5,1.275754e-06,6.37877e-06,0
33730.0,33735.0,33732.5,1.262786e-06,6.31393e-06,0
33745.0,33750.0,33747.5,1.28123e-06,6.40615e-06,0
33750.0,33755.0,33752.5,1.27267e-06,6.36335e-06,0
33785.0,33790.0,33787.5,2.544016e-06,1.272008e-05,0
33800.0,33805.0,33802.5,1.262786e-06,6.31393e-06,0
33840.0,33845.0,33842.5,2.538252e-06,1.269126e-05,0
33855.0,33860.0,33857.5,1.28238e-06,6.4119e-06,0
33885.0,33890.0,33887.5,1.28123e-06,6.40615e-06,0
33900.0,33905.0,33902.5,2.509202e-06,1.254601e-05,0
33905.0,33910.0,33907.5,1.262786e-06,6.31393e-06,0
33940.0,33945.0,33942.5,1.275754e-06,6.37877e-06,0
33950.0,33955.0,33952.5,1.275754e-06,6.37877e-06,0
33955.0,33960.0,33957.5,1.273966e-06,6.36983e-06,0
33965.0,33970.0,33967.5,1.275754e-06,6.37877e-06,0
33990.0,33995.0,33992.5,1.28123e-06,6.40615e-06,0
34000.0,34005.0,34002.5,1.246416e-06,6.23208e-06,0
34005.0,34010.0,34007.5,1.28123e-06,6.40615e-06,0
34015.0,34020.0,34017.5,1.246416e-06,6.23208e-06,0
34050.0,34055.0,34052.5,1.246416e-06,6.23208e-06,0
34090.0,34095.0,34092.5,1.27267e-06,6.36335e-06,0
34095.0,34100.0,34097.5,1.262786e-06,6.31393e-06,0
34105.0,34110.0,34107.5,1.28123e-06,6.40615e-06,0
34130.0,34135.0,34132.5,1.265582e-06,6.32791e-06,0
34160.0,34165.0,34162.5,1.265582e-06,6.32791e-06,0
34170.0,34175.0,34172.5,1.265582e-06,6.32791e-06,0
34180.0,34185.0,34182.5,1.28123e-06,6.40615e-06,0
34185.0,34190.0,34187.5,3.817982e-06,1.908991e-05,0
34200.0,34205.0,34202.5,1.262786e-06,6.31393e-06,0
34215.0,34220.0,34217.5,1.28238e-06,6.4119e-06,0
34250.0,34255.0,34252.5,1.262786e-06,6.31393e-06,0
34260.0,34265.0,34262.5,1.262786e-06,6.31393e-06,0
34265.0,34270.0,34267.5,1.265582e-06,6.32791e-06,0
34270.0,34275.0,34272.5,1.27267e-06,6.36335e-06,0
34290.0,34295.0,34292.5,1.262786e-06,6.31393e-06,0
34345.0,34350.0,34347.5,1.265582e-06,6.32791e-06,0
34365.0,34370.0,34367.5,1.275754e-06,6.37877e-06,0
34375.0,34380.0,34377.5,1.246416e-06,6.23208e-06,0
34395.0,34400.0,34397.5,1.275754e-06,6.37877e-06,0
34400.0,34405.0,34402.5,2.5539e-06,1.27695e-05,0
34405.0,34410.0,34407.5,1.28123e-06,6.40615e-06,0
34410.0,34415.0,34412.5,1.273966e-06,6.36983e-06,0
34425.0,34430.0,34427.5,1.262786e-06,6.31393e-06,0
34435.0,34440.0,34437.5,3.84484e-06,1.92242e-05,0
34440.0,34445.0,34442.5,1.262786e-06,6.31393e-06,0
34445.0,34450.0,34447.5,2.5539e-06,1.27695e-05,0
34450.0,34455.0,34452.5,1.265582e-06,6.32791e-06,0
34525.0,34530.0,34527.5,1.246416e-06,6.23208e-06,0
34530.0,34535.0,34532.5,1.28123e-06,6.40615e-06,0
34645.0,34650.0,34647.5,1.262786e-06,6.31393e-06,0
34655.0,34660.0,34657.5,1.262786e-06,6.31393e-06,0
34660.0,34665.0,34662.5,1.262786e-06,6.31393e-06,0
34665.0,34670.0,34667.5,1.28123e-06,6.40615e-06,0
34710.0,34715.0,34712.5,1.28123e-06,6.40615e-06,0
34720.0,34725.0,34722.5,1.265582e-06,6.32791e-06,0
34725.0,34730.0,34727.5,2.55505e-06,1.277525e-05,0
34780.0,34785.0,34782.5,1.262786e-06,6.31393e-06,0
34795.0,34800.0,34797.5,1.262786e-06,6.31393e-06,0
34800.0,34805.0,34802.5,2.541336e-06,1.270668e-05,0
34805.0,34810.0,34807.5,1.275754e-06,6.37877e-06,0
34820.0,34825.0,34822.5,1.28238e-06,6.4119e-06,0
34825.0,34830.0,34827.5,1.275754e-06,6.37877e-06,0
34840.0,34845.0,34842.5,1.28123e-06,6.40615e-06,0
34895.0,34900.0,34897.5,1.273966e-06,6.36983e-06,0
34910.0,34915.0,34912.5,1.28123e-06,6.40615e-06,0
34920.0,34925.0,34922.5,1.273966e-06,6.36983e-06,0
34930.0,34935.0,34932.5,1.262786e-06,6.31393e-06,0
34960.0,34965.0,34962.5,2.53854e-06,1.26927e-05,0
34990.0,34995.0,34992.5,1.275754e-06,6.37877e-06,0
35020.0,35025.0,35022.5,1.28238e-06,6.4119e-06,0
35090.0,35095.0,35092.5,1.273966e-06,6.36983e-06,0
35095.0,35100.0,35097.5,1.28238e-06,6.4119e-06,0
35115.0,35120.0,35117.5,1.265582e-06,6.32791e-06,0
35150.0,35155.0,35152.5,1.246416e-06,6.23208e-06,0
35165.0,35170.0,35167.5,1.262786e-06,6.31393e-06,0
35180.0,35185.0,35182.5,1.275754e-06,6.37877e-06,0
35205.0,35210.0,35207.5,1.265582e-06,6.32791e-06,0
35215.0,35220.0,35217.5,1.28238e-06,6.4119e-06,0
35235.0,35240.0,35237.5,1.273966e-06,6.36983e-06,0
35250.0,35255.0,35252.5,1.28123e-06,6.40615e-06,0
35260.0,35265.0,35262.5,1.246416e-06,6.23208e-06,0
35265.0,35270.0,35267.5,1.275754e-06,6.37877e-06,0
35270.0,35275.0,35272.5,1.28238e-06,6.4119e-06,0
35330.0,35335.0,35332.5,1.28123e-06,6.40615e-06,0
35370.0,35375.0,35372.5,1.27267e-06,6.36335e-06,0
35375.0,35380.0,35377.5,1.273966e-06,6.36983e-06,0
35390.0,35395.0,35392.5,1.28123e-06,6.40615e-06,0
35420.0,35425.0,35422.5,1.273966e-06,6.36983e-06,0
35475.0,35480.0,35477.5,1.265582e-06,6.32791e-06,0
35480.0,35485.0,35482.5,1.262786e-06,6.31393e-06,0
35505.0,35510.0,35507.5,1.28238e-06,6.4119e-06,0
35510.0,35515.0,35512.5,1.262786e-06,6.31393e-06,0
35515.0,35520.0,35517.5,1.262786e-06,6.31393e-06,0
35530.0,35535.0,35532.5,1.28238e-06,6.4119e-06,0
35550.0,35555.0,35552.5,1.275754e-06,6.37877e-06,0
35610.0,35615.0,35612.5,1.28238e-06,6.4119e-06,0
35735.0,35740.0,35737.5,1.246416e-06,6.23208e-06,0
35750.0,35755.0,35752.5,1.27267e-06,6.36335e-06,0
35755.0,35760.0,35757.5,1.246416e-06,6.23208e-06,0
35760.0,35765.0,35762.5,1.246416e-06,6.23208e-06,0
35770.0,35775.0,35772.5,1.27267e-06,6.36335e-06,0
35790.0,35795.0,35792.5,1.28123e-06,6.40615e-06,0
35795.0,35800.0,35797.5,2.53854e-06,1.26927e-05,0
35800.0,35805.0,35802.5,1.273966e-06,6.36983e-06,0
35845.0,35850.0,35847.5,1.246416e-06,6.23208e-06,0
35850.0,35855.0,35852.5,1.262786e-06,6.31393e-06,0
35855.0,35860.0,35857.5,1.27267e-06,6.36335e-06,0
35870.0,35875.0,35872.5,1.273966e-06,6.36983e-06,0
35915.0,35920.0,35917.5,1.273966e-06,6.36983e-06,0
35935.0,35940.0,35937.5,1.262786e-06,6.31393e-06,0
35975.0,35980.0,35977.5,2.56246e-06,1.28123e-05,0
35990.0,35995.0,35992.5,1.265582e-06,6.32791e-06,0
36005.0,36010.0,36007.5,1.246416e-06,6.23208e-06,0
36015.0,36020.0,36017.5,1.28123e-06,6.40615e-06,0
36050.0,36055.0,36052.5,1.265582e-06,6.32791e-06,0
36070.0,36075.0,36072.5,1.28123e-06,6.40615e-06,0
36080.0,36085.0,36082.5,1.273966e-06,6.36983e-06,0
36100.0,36105.0,36102.5,1.28238e-06,6.4119e-06,0
36135.0,36140.0,36137.5,1.28123e-06,6.40615e-06,0
36140.0,36145.0,36142.5,1.273966e-06,6.36983e-06,0
36170.0,36175.0,36172.5,1.28123e-06,6.40615e-06,0
36180.0,36185.0,36182.5,2.546812e-06,1.273406e-05,0
36190.0,36195.0,36192.5,1.265582e-06,6.32791e-06,0
36210.0,36215.0,36212.5,1.27267e-06,6.36335e-06,0
36320.0,36325.0,36322.5,1.28238e-06,6.4119e-06,0
36360.0,36365.0,36362.5,1.275754e-06,6.37877e-06,0
36390.0,36395.0,36392.5,1.246416e-06,6.23208e-06,0
36400.0,36405.0,36402.5,1.262786e-06,6.31393e-06,0
36405.0,36410.0,36407.5,1.246416e-06,6.23208e-06,0
36450.0,36455.0,36452.5,1.28238e-06,6.4119e-06,0
36540.0,36545.0,36542.5,1.28123e-06,6.40615e-06,0
36585.0,36590.0,36587.5,1.27267e-06,6.36335e-06,0
36605.0,36610.0,36607.5,2.52558e-06,1.26279e-05,0
36630.0,36635.0,36632.5,1.28238e-06,6.4119e-06,0
36645.0,36650.0,36647.5,1.246416e-06,6.23208e-06,0
36650.0,36655.0,36652.5,1.246416e-06,6.23208e-06,0
36665.0,36670.0,36667.5,2.558134e-06,1.279067e-05,0
36670.0,36675.0,36672.5,1.27267e-06,6.36335e-06,0
36745.0,36750.0,36747.5,1.28238e-06,6.4119e-06,0
36830.0,36835.0,36832.5,1.27267e-06,6.36335e-06,0
36855.0,36860.0,36857.5,1.27267e-06,6.36335e-06,0
36860.0,36865.0,36862.5,1.28238e-06,6.4119e-06,0
36865.0,36870.0,36867.5,1.262786e-06,6.31393e-06,0
36880.0,36885.0,36882.5,1.275754e-06,6.37877e-06,0
36885.0,36890.0,36887.5,1.28238e-06,6.4119e-06,0
36935.0,36940.0,36937.5,1.246416e-06,6.23208e-06,0
36940.0,36945.0,36942.5,1.273966e-06,6.36983e-06,0
36965.0,36970.0,36967.5,1.275754e-06,6.37877e-06,0
36975.0,36980.0,36977.5,1.27267e-06,6.36335e-06,0
36980.0,36985.0,36982.5,1.273966e-06,6.36983e-06,0
37000.0,37005.0,37002.5,1.28238e-06,6.4119e-06,0
37010.0,37015.0,37012.5,1.28238e-06,6.4119e-06,0
37025.0,37030.0,37027.5,1.273966e-06,6.36983e-06,0
37050.0,37055.0,37052.5,1.262786e-06,6.31393e-06,0
37095.0,37100.0,37097.5,1.262786e-06,6.31393e-06,0
37130.0,37135.0,37132.5,2.544016e-06,1.272008e-05,0
37140.0,37145.0,37142.5,1.28123e-06,6.40615e-06,0
37170.0,37175.0,37172.5,1.262786e-06,6.31393e-06,0
37245.0,37250.0,37247.5,1.28123e-06,6.40615e-06,0
37270.0,37275.0,37272.5,1.28123e-06,6.40615e-06,0
37285.0,37290.0,37287.5,1.246416e-06,6.23208e-06,0
37295.0,37300.0,37297.5,2.558134e-06,1.279067e-05,0
37350.0,37355.0,37352.5,1.27267e-06,6.36335e-06,0
37375.0,37380.0,37377.5,1.27267e-06,6.36335e-06,0
37405.0,37410.0,37407.5,1.28238e-06,6.4119e-06,0
37415.0,37420.0,37417.5,3.820778e-06,1.910389e-05,0
37455.0,37460.0,37457.5,1.275754e-06,6.37877e-06,0
37470.0,37475.0,37472.5,1.275754e-06,6.37877e-06,0
37520.0,37525.0,37522.5,1.265582e-06,6.32791e-06,0
37535.0,37540.0,37537.5,1.27267e-06,6.36335e-06,0
37540.0,37545.0,37542.5,1.273966e-06,6.36983e-06,0
37550.0,37555.0,37552.5,1.275754e-06,6.37877e-06,0
37595.0,37600.0,37597.5,1.28123e-06,6.40615e-06,0
37610.0,37615.0,37612.5,1.27267e-06,6.36335e-06,0
37625.0,37630.0,37627.5,1.27267e-06,6.36335e-06,0
37630.0,37635.0,37632.5,1.246416e-06,6.23208e-06,0
37635.0,37640.0,37637.5,1.28238e-06,6.4119e-06,0
37675.0,37680.0,37677.5,1.246416e-06,6.23208e-06,0
37735.0,37740.0,37737.5,1.273966e-06,6.36983e-06,0
37740.0,37745.0,37742.5,1.262786e-06,6.31393e-06,0
37760.0,37765.0,37762.5,1.28238e-06,6.4119e-06,0
37800.0,37805.0,37802.5,2.555196e-06,1.277598e-05,0
37805.0,37810.0,37807.5,1.265582e-06,6.32791e-06,0
37815.0,37820.0,37817.5,2.545166e-06,1.272583e-05,0
37845.0,37850.0,37847.5,1.28238e-06,6.4119e-06,0
37850.0,37855.0,37852.5,1.265582e-06,6.32791e-06,0
37860.0,37865.0,37862.5,1.273966e-06,6.36983e-06,0
37870.0,37875.0,37872.5,1.246416e-06,6.23208e-06,0
37940.0,37945.0,37942.5,1.28238e-06,6.4119e-06,0
37945.0,37950.0,37947.5,1.246416e-06,6.23208e-06,0
37950.0,37955.0,37952.5,1.262786e-06,6.31393e-06,0
37955.0,37960.0,37957.5,1.246416e-06,6.23208e-06,0
38000.0,38005.0,38002.5,1.262786e-06,6.31393e-06,0
38025.0,38030.0,38027.5,1.265582e-06,6.32791e-06,0
38030.0,38035.0,38032.5,2.509202e-06,1.254601e-05,0
38035.0,38040.0,38037.5,1.273966e-06,6.36983e-06,0
38050.0,38055.0,38052.5,1.265582e-06,6.32791e-06,0
38100.0,38105.0,38102.5,1.275754e-06,6.37877e-06,0
38115.0,38120.0,38117.5,1.28238e-06,6.4119e-06,0
38125.0,38130.0,38127.5,1.265582e-06,6.32791e-06,0
38130.0,38135.0,38132.5,1.275754e-06,6.37877e-06,0
38170.0,38175.0,38172.5,1.27267e-06,6.36335e-06,0
38175.0,38180.0,38177.5,1.265582e-06,6.32791e-06,0
38180.0,38185.0,38182.5,1.265582e-06,6.32791e-06,0
38190.0,38195.0,38192.5,1.265582e-06,6.32791e-06,0
38205.0,38210.0,38207.5,1.27267e-06,6.36335e-06,0
38215.0,38220.0,38217.5,1.262786e-06,6.31393e-06,0
38250.0,38255.0,38252.5,1.28123e-06,6.40615e-06,0
38275.0,38280.0,38277.5,1.27267e-06,6.36335e-06,0
38300.0,38305.0,38302.5,2.519086e-06,1.259543e-05,0
38335.0,38340.0,38337.5,1.28238e-06,6.4119e-06,0
38365.0,38370.0,38367.5,1.262786e-06,6.31393e-06,0
38425.0,38430.0,38427.5,1.262786e-06,6.31393e-06,0
38435.0,38440.0,38437.5,1.275754e-06,6.37877e-06,0
38440.0,38445.0,38442.5,1.275754e-06,6.37877e-06,0
38450.0,38455.0,38452.5,1.28123e-06,6.40615e-06,0
38460.0,38465.0,38462.5,1.28238e-06,6.4119e-06,0
38465.0,38470.0,38467.5,1.265582e-06,6.32791e-06,0
38500.0,38505.0,38502.5,1.265582e-06,6.32791e-06,0
38510.0,38515.0,38512.5,1.28123e-06,6.40615e-06,0
38610.0,38615.0,38612.5,1.27267e-06,6.36335e-06,0
38615.0,38620.0,38617.5,1.28123e-06,6.40615e-06,0
38655.0,38660.0,38657.5,1.273966e-06,6.36983e-06,0
38685.0,38690.0,38687.5,1.275754e-06,6.37877e-06,0
38690.0,38695.0,38692.5,1.246416e-06,6.23208e-06,0
38720.0,38725.0,38722.5,1.275754e-06,6.37877e-06,0
38725.0,38730.0,38727.5,2.527646e-06,1.263823e-05,0
38735.0,38740.0,38737.5,1.246416e-06,6.23208e-06,0
38800.0,38805.0,38802.5,1.273966e-06,6.36983e-06,0
38805.0,38810.0,38807.5,1.246416e-06,6.23208e-06,0
38810.0,38815.0,38812.5,1.273966e-06,6.36983e-06,0
38815.0,38820.0,38817.5,1.275754e-06,6.37877e-06,0
38820.0,38825.0,38822.5,1.275754e-06,6.37877e-06,0
38825.0,38830.0,38827.5,1.275754e-06,6.37877e-06,0
38835.0,38840.0,38837.5,2.528368e-06,1.264184e-05,0
38855.0,38860.0,38857.5,1.28238e-06,6.4119e-06,0
38875.0,38880.0,38877.5,1.265582e-06,6.32791e-06,0
38890.0,38895.0,38892.5,1.273966e-06,6.36983e-06,0
38915.0,38920.0,38917.5,2.528368e-06,1.264184e-05,0
38930.0,38935.0,38932.5,1.262786e-06,6.31393e-06,0
38960.0,38965.0,38962.5,2.536752e-06,1.268376e-05,0
38965.0,38970.0,38967.5,1.265582e-06,6.32791e-06,0
38975.0,38980.0,38977.5,1.27267e-06,6.36335e-06,0
38980.0,38985.0,38982.5,1.275754e-06,6.37877e-06,0
38985.0,38990.0,38987.5,1.28238e-06,6.4119e-06,0
39020.0,39025.0,39022.5,1.27267e-06,6.36335e-06,0
39030.0,39035.0,39032.5,1.265582e-06,6.32791e-06,0
39035.0,39040.0,39037.5,1.28123e-06,6.40615e-06,0
39045.0,39050.0,39047.5,1.27267e-06,6.36335e-06,0
39065.0,39070.0,39067.5,1.273966e-06,6.36983e-06,0
39105.0,39110.0,39107.5,1.273966e-06,6.36983e-06,0
39110.0,39115.0,39112.5,1.265582e-06,6.32791e-06,0
39125.0,39130.0,39127.5,1.28123e-06,6.40615e-06,0
39135.0,39140.0,39137.5,1.27267e-06,6.36335e-06,0
39190.0,39195.0,39192.5,1.273966e-06,6.36983e-06,0
39240.0,39245.0,39242.5,1.28123e-06,6.40615e-06,0
39260.0,39265.0,39262.5,1.275754e-06,6.37877e-06,0
39290.0,39295.0,39292.5,1.28123e-06,6.40615e-06,0
39335.0,39340.0,39337.5,1.262786e-06,6.31393e-06,0
39365.0,39370.0,39367.5,1.262786e-06,6.31393e-06,0
39380.0,39385.0,39382.5,1.27267e-06,6.36335e-06,0
39390.0,39395.0,39392.5,1.273966e-06,6.36983e-06,0
39395.0,39400.0,39397.5,1.27267e-06,6.36335e-06,0
39420.0,39425.0,39422.5,1.246416e-06,6.23208e-06,0
39425.0,39430.0,39427.5,1.28238e-06,6.4119e-06,0
39485.0,39490.0,39487.5,1.265582e-06,6.32791e-06,0
39495.0,39500.0,39497.5,1.262786e-06,6.31393e-06,0
39500.0,39505.0,39502.5,1.275754e-06,6.37877e-06,0
39505.0,39510.0,39507.5,1.273966e-06,6.36983e-06,0
39515.0,39520.0,39517.5,2.527646e-06,1.263823e-05,0
39570.0,39575.0,39572.5,1.28123e-06,6.40615e-06,0
39610.0,39615.0,39612.5,1.27267e-06,6.36335e-06,0
39630.0,39635.0,39632.5,1.246416e-06,6.23208e-06,0
39665.0,39670.0,39667.5,2.52558e-06,1.26279e-05,0
39675.0,39680.0,39677.5,1.28238e-06,6.4119e-06,0
39685.0,39690.0,39687.5,1.246416e-06,6.23208e-06,0
39695.0,39700.0,39697.5,2.56246e-06,1.28123e-05,0
39710.0,39715.0,39712.5,1.28123e-06,6.40615e-06,0
39750.0,39755.0,39752.5,1.265582e-06,6.32791e-06,0
39760.0,39765.0,39762.5,1.28123e-06,6.40615e-06,0
39775.0,39780.0,39777.5,1.246416e-06,6.23208e-06,0
39795.0,39800.0,39797.5,2.528368e-06,1.264184e-05,0
39820.0,39825.0,39822.5,1.273966e-06,6.36983e-06,0
39830.0,39835.0,39832.5,1.262786e-06,6.31393e-06,0
39845.0,39850.0,39847.5,1.27267e-06,6.36335e-06,0
39860.0,39865.0,39862.5,1.262786e-06,6.31393e-06,0
39865.0,39870.0,39867.5,1.28238e-06,6.4119e-06,0
39910.0,39915.0,39912.5,1.275754e-06,6.37877e-06,0
39920.0,39925.0,39922.5,1.28123e-06,6.40615e-06,0
39925.0,39930.0,39927.5,1.27267e-06,6.36335e-06,0
39945.0,39950.0,39947.5,1.262786e-06,6.31393e-06,0
39950.0,39955.0,39952.5,1.27267e-06,6.36335e-06,0
39955.0,39960.0,39957.5,1.28238e-06,6.4119e-06,0
39960.0,39965.0,39962.5,2.56361e-06,1.281805e-05,0
39980.0,39985.0,39982.5,1.273966e-06,6.36983e-06,0
39985.0,39990.0,39987.5,1.275754e-06,6.37877e-06,0
39995.0,40000.0,39997.5,1.262786e-06,6.31393e-06,0
40000.0,40005.0,40002.5,2.555196e-06,1.277598e-05,0
40010.0,40015.0,40012.5,1.265582e-06,6.32791e-06,0
40030.0,40035.0,40032.5,1.28123e-06,6.40615e-06,0
40075.0,40080.0,40077.5,1.246416e-06,6.23208e-06,0
40090.0,40095.0,40092.5,1.275754e-06,6.37877e-06,0
40105.0,40110.0,40107.5,1.27267e-06,6.36335e-06,0
40155.0,40160.0,40157.5,1.28238e-06,6.4119e-06,0
40160.0,40165.0,40162.5,2.5539e-06,1.27695e-05,0
40195.0,40200.0,40197.5,1.265582e-06,6.32791e-06,0
40240.0,40245.0,40242.5,2.546812e-06,1.273406e-05,0
40260.0,40265.0,40262.5,1.275754e-06,6.37877e-06,0
40270.0,40275.0,40272.5,1.246416e-06,6.23208e-06,0
40285.0,40290.0,40287.5,1.27267e-06,6.36335e-06,0
40295.0,40300.0,40297.5,1.27267e-06,6.36335e-06,0
40310.0,40315.0,40312.5,1.27267e-06,6.36335e-06,0
40325.0,40330.0,40327.5,1.262786e-06,6.31393e-06,0
40365.0,40370.0,40367.5,1.27267e-06,6.36335e-06,0
40375.0,40380.0,40377.5,2.52558e-06,1.26279e-05,0
40390.0,40395.0,40392.5,1.28238e-06,6.4119e-06,0
40430.0,40435.0,40432.5,1.246416e-06,6.23208e-06,0
40455.0,40460.0,40457.5,1.28123e-06,6.40615e-06,0
40465.0,40470.0,40467.5,1.265582e-06,6.32791e-06,0
40495.0,40500.0,40497.5,1.28123e-06,6.40615e-06,0
40500.0,40505.0,40502.5,1.275754e-06,6.37877e-06,0
40505.0,40510.0,40507.5,1.28123e-06,6.40615e-06,0
40510.0,40515.0,40512.5,1.275754e-06,6.37877e-06,0
40520.0,40525.0,40522.5,1.28238e-06,6.4119e-06,0
40525.0,40530.0,40527.5,1.265582e-06,6.32791e-06,0
40535.0,40540.0,40537.5,1.27267e-06,6.36335e-06,0
40540.0,40545.0,40542.5,1.246416e-06,6.23208e-06,0
40550.0,40555.0,40552.5,1.275754e-06,6.37877e-06,0
40560.0,40565.0,40562.5,1.275754e-06,6.37877e-06,0
40585.0,40590.0,40587.5,1.28123e-06,6.40615e-06,0
40600.0,40605.0,40602.5,1.28123e-06,6.40615e-06,0
40615.0,40620.0,40617.5,1.273966e-06,6.36983e-06,0
40655.0,40660.0,40657.5,1.275754e-06,6.37877e-06,0
40685.0,40690.0,40687.5,1.28238e-06,6.4119e-06,0
40730.0,40735.0,40732.5,1.262786e-06,6.31393e-06,0
40745.0,40750.0,40747.5,1.275754e-06,6.37877e-06,0
40750.0,40755.0,40752.5,1.273966e-06,6.36983e-06,0
40775.0,40780.0,40777.5,1.28123e-06,6.40615e-06,0
40785.0,40790.0,40787.5,1.273966e-06,6.36983e-06,0
40815.0,40820.0,40817.5,1.28123e-06,6.40615e-06,0
40835.0,40840.0,40837.5,1.273966e-06,6.36983e-06,0
40880.0,40885.0,40882.5,2.535456e-06,1.267728e-05,0
40910.0,40915.0,40912.5,1.273966e-06,6.36983e-06,0
40925.0,40930.0,40927.5,1.246416e-06,6.23208e-06,0
40945.0,40950.0,40947.5,2.544016e-06,1.272008e-05,0
40955.0,40960.0,40957.5,1.273966e-06,6.36983e-06,0
40960.0,40965.0,40962.5,1.246416e-06,6.23208e-06,0
40970.0,40975.0,40972.5,1.275754e-06,6.37877e-06,0
40995.0,41000.0,40997.5,1.262786e-06,6.31393e-06,0
41035.0,41040.0,41037.5,2.5539e-06,1.27695e-05,0
41085.0,41090.0,41087.5,1.262786e-06,6.31393e-06,0
41100.0,41105.0,41102.5,1.265582e-06,6.32791e-06,0
41105.0,41110.0,41107.5,1.28123e-06,6.40615e-06,0
41115.0,41120.0,41117.5,1.275754e-06,6.37877e-06,0
41185.0,41190.0,41187.5,1.27267e-06,6.36335e-06,0
41195.0,41200.0,41197.5,1.273966e-06,6.36983e-06,0
41205.0,41210.0,41207.5,1.265582e-06,6.32791e-06,0
41225.0,41230.0,41227.5,2.544016e-06,1.272008e-05,0
41240.0,41245.0,41242.5,1.273966e-06,6.36983e-06,0
41255.0,41260.0,41257.5,1.28123e-06,6.40615e-06,0
41280.0,41285.0,41282.5,1.275754e-06,6.37877e-06,0
41400.0,41405.0,41402.5,1.275754e-06,6.37877e-06,0
41415.0,41420.0,41417.5,1.246416e-06,6.23208e-06,0
41420.0,41425.0,41422.5,1.28238e-06,6.4119e-06,0
41425.0,41430.0,41427.5,1.275754e-06,6.37877e-06,0
41440.0,41445.0,41442.5,1.27267e-06,6.36335e-06,0
41460.0,41465.0,41462.5,1.28238e-06,6.4119e-06,0
41470.0,41475.0,41472.5,1.275754e-06,6.37877e-06,0
41475.0,41480.0,41477.5,1.28123e-06,6.40615e-06,0
41495.0,41500.0,41497.5,1.275754e-06,6.37877e-06,0
41520.0,41525.0,41522.5,1.246416e-06,6.23208e-06,0
41535.0,41540.0,41537.5,1.262786e-06,6.31393e-06,0
41540.0,41545.0,41542.5,1.28123e-06,6.40615e-06,0
41555.0,41560.0,41557.5,1.27267e-06,6.36335e-06,0
41570.0,41575.0,41572.5,1.27267e-06,6.36335e-06,0
41590.0,41595.0,41592.5,1.28123e-06,6.40615e-06,0
41600.0,41605.0,41602.5,1.262786e-06,6.31393e-06,0
41605.0,41610.0,41607.5,1.27267e-06,6.36335e-06,0
41635.0,41640.0,41637.5,1.28123e-06,6.40615e-06,0
41705.0,41710.0,41707.5,1.28123e-06,6.40615e-06,0
41715.0,41720.0,41717.5,1.246416e-06,6.23208e-06,0
41760.0,41765.0,41762.5,1.27267e-06,6.36335e-06,0
41795.0,41800.0,41797.5,1.262786e-06,6.31393e-06,0
41800.0,41805.0,41802.5,1.265582e-06,6.32791e-06,0
41855.0,41860.0,41857.5,1.273966e-06,6.36983e-06,0
41885.0,41890.0,41887.5,2.56361e-06,1.281805e-05,0
41895.0,41900.0,41897.5,1.273966e-06,6.36983e-06,0
41910.0,41915.0,41912.5,1.28123e-06,6.40615e-06,0
41915.0,41920.0,41917.5,1.27267e-06,6.36335e-06,0
41980.0,41985.0,41982.5,1.28123e-06,6.40615e-06,0
42005.0,42010.0,42007.5,1.262786e-06,6.31393e-06,0
42040.0,42045.0,42042.5,1.246416e-06,6.23208e-06,0
42055.0,42060.0,42057.5,1.262786e-06,6.31393e-06,0
42080.0,42085.0,42082.5,1.246416e-06,6.23208e-06,0
42090.0,42095.0,42092.5,1.275754e-06,6.37877e-06,0
42125.0,42130.0,42127.5,1.275754e-06,6.37877e-06,0
42145.0,42150.0,42147.5,1.28238e-06,6.4119e-06,0
42205.0,42210.0,42207.5,1.28238e-06,6.4119e-06,0
42235.0,42240.0,42237.5,1.273966e-06,6.36983e-06,0
42245.0,42250.0,42247.5,1.275754e-06,6.37877e-06,0
42250.0,42255.0,42252.5,1.265582e-06,6.32791e-06,0
42280.0,42285.0,42282.5,1.262786e-06,6.31393e-06,0
42340.0,42345.0,42342.5,2.509202e-06,1.254601e-05,0
42345.0,42350.0,42347.5,1.273966e-06,6.36983e-06,0
42355.0,42360.0,42357.5,1.262786e-06,6.31393e-06,0
42390.0,42395.0,42392.5,1.275754e-06,6.37877e-06,0
42410.0,42415.0,42412.5,1.275754e-06,6.37877e-06,0
42415.0,42420.0,42417.5,1.28238e-06,6.4119e-06,0
42425.0,42430.0,42427.5,1.28123e-06,6.40615e-06,0
42480.0,42485.0,42482.5,1.246416e-06,6.23208e-06,0
42520.0,42525.0,42522.5,1.246416e-06,6.23208e-06,0
42585.0,42590.0,42587.5,2.548424e-06,1.274212e-05,0
42620.0,42625.0,42622.5,1.275754e-06,6.37877e-06,0
42630.0,42635.0,42632.5,1.28123e-06,6.40615e-06,0
42665.0,42670.0,42667.5,1.28238e-06,6.4119e-06,0
42695.0,42700.0,42697.5,2.556346e-06,1.278173e-05,0
42700.0,42705.0,42702.5,2.52217e-06,1.261085e-05,0
42730.0,42735.0,42732.5,1.28238e-06,6.4119e-06,0
42745.0,42750.0,42747.5,1.273966e-06,6.36983e-06,0
42760.0,42765.0,42762.5,1.273966e-06,6.36983e-06,0
42765.0,42770.0,42767.5,1.28238e-06,6.4119e-06,0
42770.0,42775.0,42772.5,1.262786e-06,6.31393e-06,0
42800.0,42805.0,42802.5,1.273966e-06,6.36983e-06,0
42820.0,42825.0,42822.5,1.28238e-06,6.4119e-06,0
42825.0,42830.0,42827.5,1.28238e-06,6.4119e-06,0
42845.0,42850.0,42847.5,1.27267e-06,6.36335e-06,0
42865.0,42870.0,42867.5,1.246416e-06,6.23208e-06,0
42895.0,42900.0,42897.5,1.246416e-06,6.23208e-06,0
42925.0,42930.0,42927.5,1.27267e-06,6.36335e-06,0
42935.0,42940.0,42937.5,1.27267e-06,6.36335e-06,0
42950.0,42955.0,42952.5,1.27267e-06,6.36335e-06,0
43020.0,43025.0,43022.5,1.265582e-06,6.32791e-06,0
43075.0,43080.0,43077.5,1.27267e-06,6.36335e-06,0
43205.0,43210.0,43207.5,1.275754e-06,6.37877e-06,0
43270.0,43275.0,43272.5,1.262786e-06,6.31393e-06,0
43280.0,43285.0,43282.5,1.28123e-06,6.40615e-06,0
43300.0,43305.0,43302.5,1.273966e-06,6.36983e-06,0
43320.0,43325.0,43322.5,1.246416e-06,6.23208e-06,0
43365.0,43370.0,43367.5,1.265582e-06,6.32791e-06,0
43405.0,43410.0,43407.5,1.28238e-06,6.4119e-06,0
43440.0,43445.0,43442.5,1.273966e-06,6.36983e-06,0
43445.0,43450.0,43447.5,1.273966e-06,6.36983e-06,0
43455.0,43460.0,43457.5,1.28238e-06,6.4119e-06,0
43475.0,43480.0,43477.5,2.539548e-06,1.269774e-05,0
43480.0,43485.0,43482.5,1.28238e-06,6.4119e-06,0
43535.0,43540.0,43537.5,1.275754e-06,6.37877e-06,0
43565.0,43570.0,43567.5,1.275754e-06,6.37877e-06,0
43585.0,43590.0,43587.5,1.27267e-06,6.36335e-06,0
43600.0,43605.0,43602.5,1.28123e-06,6.40615e-06,0
43615.0,43620.0,43617.5,1.246416e-06,6.23208e-06,0
43660.0,43665.0,43662.5,2.538252e-06,1.269126e-05,0
43685.0,43690.0,43687.5,1.265582e-06,6.32791e-06,0
43825.0,43830.0,43827.5,1.275754e-06,6.37877e-06,0
43835.0,43840.0,43837.5,1.273966e-06,6.36983e-06,0
43870.0,43875.0,43872.5,2.535456e-06,1.267728e-05,0
43925.0,43930.0,43927.5,1.262786e-06,6.31393e-06,0
43945.0,43950.0,43947.5,1.28123e-06,6.40615e-06,0
43950.0,43955.0,43952.5,1.273966e-06,6.36983e-06,0
43965.0,43970.0,43967.5,1.28123e-06,6.40615e-06,0
44000.0,44005.0,44002.5,1.28123e-06,6.40615e-06,0
44050.0,44055.0,44052.5,1.28238e-06,6.4119e-06,0
44065.0,44070.0,44067.5,1.28123e-06,6.40615e-06,0
44070.0,44075.0,44072.5,1.262786e-06,6.31393e-06,0
44080.0,44085.0,44082.5,1.275754e-06,6.37877e-06,0
44085.0,44090.0,44087.5,1.273966e-06,6.36983e-06,0
44110.0,44115.0,44112.5,1.28238e-06,6.4119e-06,0
44120.0,44125.0,44122.5,1.265582e-06,6.32791e-06,0
44210.0,44215.0,44212.5,1.273966e-06,6.36983e-06,0
44305.0,44310.0,44307.5,1.28238e-06,6.4119e-06,0
44445.0,44450.0,44447.5,1.265582e-06,6.32791e-06,0
44455.0,44460.0,44457.5,1.27267e-06,6.36335e-06,0
44490.0,44495.0,44492.5,1.275754e-06,6.37877e-06,0
44525.0,44530.0,44527.5,1.246416e-06,6.23208e-06,0
44550.0,44555.0,44552.5,1.28123e-06,6.40615e-06,0
44715.0,44720.0,44717.5,1.273966e-06,6.36983e-06,0
44720.0,44725.0,44722.5,1.273966e-06,6.36983e-06,0
44760.0,44765.0,44762.5,1.265582e-06,6.32791e-06,0
44800.0,44805.0,44802.5,1.265582e-06,6.32791e-06,0
44825.0,44830.0,44827.5,1.27267e-06,6.36335e-06,0
44865.0,44870.0,44867.5,1.28123e-06,6.40615e-06,0
44900.0,44905.0,44902.5,1.273966e-06,6.36983e-06,0
44905.0,44910.0,44907.5,1.262786e-06,6.31393e-06,0
44965.0,44970.0,44967.5,1.27267e-06,6.36335e-06,0
44975.0,44980.0,44977.5,1.28123e-06,6.40615e-06,0
44990.0,44995.0,44992.5,1.28123e-06,6.40615e-06,0
45015.0,45020.0,45017.5,1.28238e-06,6.4119e-06,0
45050.0,45055.0,45052.5,1.246416e-06,6.23208e-06,0
45075.0,45080.0,45077.5,1.28238e-06,6.4119e-06,0
45080.0,45085.0,45082.5,1.28123e-06,6.40615e-06,0
45095.0,45100.0,45097.5,1.246416e-06,6.23208e-06,0
45115.0,45120.0,45117.5,1.246416e-06,6.23208e-06,0
45120.0,45125.0,45122.5,1.265582e-06,6.32791e-06,0
45150.0,45155.0,45152.5,1.262786e-06,6.31393e-06,0
45185.0,45190.0,45187.5,1.273966e-06,6.36983e-06,0
45210.0,45215.0,45212.5,1.262786e-06,6.31393e-06,0
45265.0,45270.0,45267.5,1.28123e-06,6.40615e-06,0
45270.0,45275.0,45272.5,1.275754e-06,6.37877e-06,0
45290.0,45295.0,45292.5,1.27267e-06,6.36335e-06,0
45360.0,45365.0,45362.5,1.273966e-06,6.36983e-06,0
45370.0,45375.0,45372.5,1.273966e-06,6.36983e-06,0
45410.0,45415.0,45412.5,1.262786e-06,6.31393e-06,0
45430.0,45435.0,45432.5,1.28238e-06,6.4119e-06,0
45435.0,45440.0,45437.5,1.28123e-06,6.40615e-06,0
45480.0,45485.0,45482.5,1.275754e-06,6.37877e-06,0
45505.0,45510.0,45507.5,1.27267e-06,6.36335e-06,0
45520.0,45525.0,45522.5,1.28123e-06,6.40615e-06,0
45530.0,45535.0,45532.5,1.28123e-06,6.40615e-06,0
45560.0,45565.0,45562.5,1.262786e-06,6.31393e-06,0
45640.0,45645.0,45642.5,1.28123e-06,6.40615e-06,0
45655.0,45660.0,45657.5,1.273966e-06,6.36983e-06,0
45685.0,45690.0,45687.5,1.28123e-06,6.40615e-06,0
45725.0,45730.0,45727.5,1.265582e-06,6.32791e-06,0
45755.0,45760.0,45757.5,1.273966e-06,6.36983e-06,0
45765.0,45770.0,45767.5,1.273966e-06,6.36983e-06,0
45810.0,45815.0,45812.5,1.265582e-06,6.32791e-06,0
45820.0,45825.0,45822.5,1.262786e-06,6.31393e-06,0
45845.0,45850.0,45847.5,1.27267e-06,6.36335e-06,0
45895.0,45900.0,45897.5,1.265582e-06,6.32791e-06,0
45900.0,45905.0,45902.5,1.28238e-06,6.4119e-06,0
45930.0,45935.0,45932.5,1.246416e-06,6.23208e-06,0
45975.0,45980.0,45977.5,1.262786e-06,6.31393e-06,0
45990.0,45995.0,45992.5,1.27267e-06,6.36335e-06,0
46005.0,46010.0,46007.5,1.275754e-06,6.37877e-06,0
46020.0,46025.0,46022.5,1.262786e-06,6.31393e-06,0
46085.0,46090.0,46087.5,1.265582e-06,6.32791e-06,0
46145.0,46150.0,46147.5,1.28123e-06,6.40615e-06,0
46150.0,46155.0,46152.5,1.27267e-06,6.36335e-06,0
46175.0,46180.0,46177.5,1.273966e-06,6.36983e-06,0
46190.0,46195.0,46192.5,1.28123e-06,6.40615e-06,0
46215.0,46220.0,46217.5,1.275754e-06,6.37877e-06,0
46220.0,46225.0,46222.5,1.28123e-06,6.40615e-06,0
46225.0,46230.0,46227.5,1.262786e-06,6.31393e-06,0
46255.0,46260.0,46257.5,1.27267e-06,6.36335e-06,0
46280.0,46285.0,46282.5,1.28238e-06,6.4119e-06,0
46335.0,46340.0,46337.5,1.246416e-06,6.23208e-06,0
46345.0,46350.0,46347.5,1.28238e-06,6.4119e-06,0
46575.0,46580.0,46577.5,1.262786e-06,6.31393e-06,0
46630.0,46635.0,46632.5,1.246416e-06,6.23208e-06,0
46685.0,46690.0,46687.5,1.246416e-06,6.23208e-06,0
46695.0,46700.0,46697.5,1.27267e-06,6.36335e-06,0
46735.0,46740.0,46737.5,1.28123e-06,6.40615e-06,0
46795.0,46800.0,46797.5,1.28238e-06,6.4119e-06,0
46815.0,46820.0,46817.5,1.27267e-06,6.36335e-06,0
46830.0,46835.0,46832.5,1.275754e-06,6.37877e-06,0
46845.0,46850.0,46847.5,1.273966e-06,6.36983e-06,0
46880.0,46885.0,46882.5,1.265582e-06,6.32791e-06,0
46885.0,46890.0,46887.5,2.509202e-06,1.254601e-05,0
46900.0,46905.0,46902.5,1.28123e-06,6.40615e-06,0
46950.0,46955.0,46952.5,2.527646e-06,1.263823e-05,0
46970.0,46975.0,46972.5,1.27267e-06,6.36335e-06,0
46985.0,46990.0,46987.5,1.265582e-06,6.32791e-06,0
47000.0,47005.0,47002.5,1.262786e-06,6.31393e-06,0
47010.0,47015.0,47012.5,1.28238e-06,6.4119e-06,0
47030.0,47035.0,47032.5,1.28123e-06,6.40615e-06,0
47035.0,47040.0,47037.5,1.28123e-06,6.40615e-06,0
47045.0,47050.0,47047.5,1.246416e-06,6.23208e-06,0
47120.0,47125.0,47122.5,1.265582e-06,6.32791e-06,0
47130.0,47135.0,47132.5,1.265582e-06,6.32791e-06,0
47180.0,47185.0,47182.5,1.273966e-06,6.36983e-06,0
47255.0,47260.0,47257.5,1.246416e-06,6.23208e-06,0
47360.0,47365.0,47362.5,1.275754e-06,6.37877e-06,0
47370.0,47375.0,47372.5,1.246416e-06,6.23208e-06,0
47445.0,47450.0,47447.5,1.265582e-06,6.32791e-06,0
47450.0,47455.0,47452.5,1.262786e-06,6.31393e-06,0
47485.0,47490.0,47487.5,1.28123e-06,6.40615e-06,0
47510.0,47515.0,47512.5,1.28238e-06,6.4119e-06,0
47535.0,47540.0,47537.5,1.246416e-06,6.23208e-06,0
47540.0,47545.0,47542.5,2.556346e-06,1.278173e-05,0
47565.0,47570.0,47567.5,1.27267e-06,6.36335e-06,0
47585.0,47590.0,47587.5,1.273966e-06,6.36983e-06,0
47600.0,47605.0,47602.5,1.265582e-06,6.32791e-06,0
47605.0,47610.0,47607.5,1.27267e-06,6.36335e-06,0
47620.0,47625.0,47622.5,1.28123e-06,6.40615e-06,0
47705.0,47710.0,47707.5,1.262786e-06,6.31393e-06,0
47740.0,47745.0,47742.5,1.262786e-06,6.31393e-06,0
47795.0,47800.0,47797.5,2.546812e-06,1.273406e-05,0
47800.0,47805.0,47802.5,1.262786e-06,6.31393e-06,0
47810.0,47815.0,47812.5,1.265582e-06,6.32791e-06,0
47820.0,47825.0,47822.5,1.273966e-06,6.36983e-06,0
47855.0,47860.0,47857.5,1.265582e-06,6.32791e-06,0
47900.0,47905.0,47902.5,1.275754e-06,6.37877e-06,0
47925.0,47930.0,47927.5,1.273966e-06,6.36983e-06,0
47965.0,47970.0,47967.5,1.275754e-06,6.37877e-06,0
48040.0,48045.0,48042.5,1.262786e-06,6.31393e-06,0
48090.0,48095.0,48092.5,1.27267e-06,6.36335e-06,0
48110.0,48115.0,48112.5,1.262786e-06,6.31393e-06,0
48120.0,48125.0,48122.5,2.538252e-06,1.269126e-05,0
48210.0,48215.0,48212.5,1.27267e-06,6.36335e-06,0
48280.0,48285.0,48282.5,1.27267e-06,6.36335e-06,0
48350.0,48355.0,48352.5,1.262786e-06,6.31393e-06,0
48450.0,48455.0,48452.5,1.262786e-06,6.31393e-06,0
48530.0,48535.0,48532.5,2.539548e-06,1.269774e-05,0
48570.0,48575.0,48572.5,1.273966e-06,6.36983e-06,0
48645.0,48650.0,48647.5,1.262786e-06,6.31393e-06,0
48655.0,48660.0,48657.5,1.275754e-06,6.37877e-06,0
48715.0,48720.0,48717.5,1.265582e-06,6.32791e-06,0
48720.0,48725.0,48722.5,1.275754e-06,6.37877e-06,0
48730.0,48735.0,48732.5,1.273966e-06,6.36983e-06,0
48745.0,48750.0,48747.5,2.54794e-06,1.27397e-05,0
48810.0,48815.0,48812.5,1.275754e-06,6.37877e-06,0
48910.0,48915.0,48912.5,1.28238e-06,6.4119e-06,0
48930.0,48935.0,48932.5,1.28123e-06,6.40615e-06,0
48940.0,48945.0,48942.5,1.275754e-06,6.37877e-06,0
49015.0,49020.0,49017.5,1.28238e-06,6.4119e-06,0
49030.0,49035.0,49032.5,1.262786e-06,6.31393e-06,0
49035.0,49040.0,49037.5,1.28238e-06,6.4119e-06,0
49040.0,49045.0,49042.5,1.27267e-06,6.36335e-06,0
49155.0,49160.0,49157.5,2.545166e-06,1.272583e-05,0
49215.0,49220.0,49217.5,1.265582e-06,6.32791e-06,0
49240.0,49245.0,49242.5,1.262786e-06,6.31393e-06,0
49245.0,49250.0,49247.5,1.27267e-06,6.36335e-06,0
49250.0,49255.0,49252.5,1.262786e-06,6.31393e-06,0
49315.0,49320.0,49317.5,1.262786e-06,6.31393e-06,0
49360.0,49365.0,49362.5,2.539548e-06,1.269774e-05,0
49410.0,49415.0,49412.5,1.28123e-06,6.40615e-06,0
49465.0,49470.0,49467.5,1.262786e-06,6.31393e-06,0
49645.0,49650.0,49647.5,1.27267e-06,6.36335e-06,0
49650.0,49655.0,49652.5,1.28123e-06,6.40615e-06,0
49655.0,49660.0,49657.5,1.265582e-06,6.32791e-06,0
49715.0,49720.0,49717.5,1.262786e-06,6.31393e-06,0
49785.0,49790.0,49787.5,1.275754e-06,6.37877e-06,0
49915.0,49920.0,49917.5,1.275754e-06,6.37877e-06,0
49995.0,50000.0,49997.5,1.262786e-06,6.31393e-06,0
50035.0,50040.0,50037.5,1.273966e-06,6.36983e-06,0
50045.0,50050.0,50047.5,1.273966e-06,6.36983e-06,0
50120.0,50125.0,50122.5,1.28123e-06,6.40615e-06,0
50165.0,50170.0,50167.5,1.275754e-06,6.37877e-06,0
50250.0,50255.0,50252.5,1.262786e-06,6.31393e-06,0
50295.0,50300.0,50297.5,1.27267e-06,6.36335e-06,0
50360.0,50365.0,50362.5,1.28238e-06,6.4119e-06,0
50380.0,50385.0,50382.5,1.27267e-06,6.36335e-06,0
50450.0,50455.0,50452.5,1.262786e-06,6.31393e-06,0
50485.0,50490.0,50487.5,1.275754e-06,6.37877e-06,0
50595.0,50600.0,50597.5,1.262786e-06,6.31393e-06,0
50640.0,50645.0,50642.5,1.28123e-06,6.40615e-06,0
50810.0,50815.0,50812.5,1.28238e-06,6.4119e-06,0
50835.0,50840.0,50837.5,1.275754e-06,6.37877e-06,0
51005.0,51010.0,51007.5,1.28123e-06,6.40615e-06,0
51035.0,51040.0,51037.5,1.246416e-06,6.23208e-06,0
51045.0,51050.0,51047.5,1.262786e-06,6.31393e-06,0
51070.0,51075.0,51072.5,1.273966e-06,6.36983e-06,0
51080.0,51085.0,51082.5,1.262786e-06,6.31393e-06,0
51090.0,51095.0,51092.5,1.246416e-06,6.23208e-06,0
51100.0,51105.0,51102.5,1.275754e-06,6.37877e-06,0
51135.0,51140.0,51137.5,1.262786e-06,6.31393e-06,0
51170.0,51175.0,51172.5,1.275754e-06,6.37877e-06,0
51180.0,51185.0,51182.5,1.28123e-06,6.40615e-06,0
51195.0,51200.0,51197.5,1.246416e-06,6.23208e-06,0
51215.0,51220.0,51217.5,1.246416e-06,6.23208e-06,0
51225.0,51230.0,51227.5,1.28123e-06,6.40615e-06,0
51255.0,51260.0,51257.5,1.275754e-06,6.37877e-06,0
51305.0,51310.0,51307.5,1.28238e-06,6.4119e-06,0
51320.0,51325.0,51322.5,1.273966e-06,6.36983e-06,0
51360.0,51365.0,51362.5,1.262786e-06,6.31393e-06,0
51370.0,51375.0,51372.5,1.265582e-06,6.32791e-06,0
51380.0,51385.0,51382.5,1.28238e-06,6.4119e-06,0
51425.0,51430.0,51427.5,1.273966e-06,6.36983e-06,0
51545.0,51550.0,51547.5,1.275754e-06,6.37877e-06,0
51645.0,51650.0,51647.5,1.246416e-06,6.23208e-06,0
51715.0,51720.0,51717.5,1.28123e-06,6.40615e-06,0
51775.0,51780.0,51777.5,1.265582e-06,6.32791e-06,0
51785.0,51790.0,51787.5,1.28123e-06,6.40615e-06,0
51855.0,51860.0,51857.5,1.246416e-06,6.23208e-06,0
51965.0,51970.0,51967.5,1.275754e-06,6.37877e-06,0
51970.0,51975.0,51972.5,1.275754e-06,6.37877e-06,0
52000.0,52005.0,52002.5,1.28238e-06,6.4119e-06,0
52005.0,52010.0,52007.5,1.246416e-06,6.23208e-06,0
52065.0,52070.0,52067.5,1.273966e-06,6.36983e-06,0
52095.0,52100.0,52097.5,1.28123e-06,6.40615e-06,0
52215.0,52220.0,52217.5,1.273966e-06,6.36983e-06,0
52240.0,52245.0,52242.5,1.246416e-06,6.23208e-06,0
52310.0,52315.0,52312.5,1.262786e-06,6.31393e-06,0
52380.0,52385.0,52382.5,1.27267e-06,6.36335e-06,0
52390.0,52395.0,52392.5,1.262786e-06,6.31393e-06,0
52530.0,52535.0,52532.5,1.273966e-06,6.36983e-06,0
52540.0,52545.0,52542.5,1.262786e-06,6.31393e-06,0
52555.0,52560.0,52557.5,1.273966e-06,6.36983e-06,0
52585.0,52590.0,52587.5,1.28238e-06,6.4119e-06,0
52640.0,52645.0,52642.5,1.275754e-06,6.37877e-06,0
52705.0,52710.0,52707.5,1.28238e-06,6.4119e-06,0
52805.0,52810.0,52807.5,1.246416e-06,6.23208e-06,0
52830.0,52835.0,52832.5,1.28238e-06,6.4119e-06,0
53160.0,53165.0,53162.5,1.27267e-06,6.36335e-06,0
53305.0,53310.0,53307.5,1.246416e-06,6.23208e-06,0
53360.0,53365.0,53362.5,1.273966e-06,6.36983e-06,0
53370.0,53375.0,53372.5,1.265582e-06,6.32791e-06,0
53385.0,53390.0,53387.5,1.262786e-06,6.31393e-06,0
53420.0,53425.0,53422.5,2.520382e-06,1.260191e-05,0
53425.0,53430.0,53427.5,1.28123e-06,6.40615e-06,0
53450.0,53455.0,53452.5,1.262786e-06,6.31393e-06,0
53495.0,53500.0,53497.5,1.246416e-06,6.23208e-06,0
53675.0,53680.0,53677.5,2.535456e-06,1.267728e-05,0
53765.0,53770.0,53767.5,1.265582e-06,6.32791e-06,0
53785.0,53790.0,53787.5,1.275754e-06,6.37877e-06,0
53935.0,53940.0,53937.5,1.262786e-06,6.31393e-06,0
54030.0,54035.0,54032.5,1.275754e-06,6.37877e-06,0
54115.0,54120.0,54117.5,1.28123e-06,6.40615e-06,0
54175.0,54180.0,54177.5,1.28123e-06,6.40615e-06,0
54210.0,54215.0,54212.5,1.275754e-06,6.37877e-06,0
54215.0,54220.0,54217.5,1.275754e-06,6.37877e-06,0
54330.0,54335.0,54332.5,1.28238e-06,6.4119e-06,0
54355.0,54360.0,54357.5,1.265582e-06,6.32791e-06,0
54450.0,54455.0,54452.5,1.275754e-06,6.37877e-06,0
54470.0,54475.0,54472.5,1.28123e-06,6.40615e-06,0
54515.0,54520.0,54517.5,1.275754e-06,6.37877e-06,0
54695.0,54700.0,54697.5,1.273966e-06,6.36983e-06,0
54705.0,54710.0,54707.5,1.265582e-06,6.32791e-06,0
54720.0,54725.0,54722.5,1.265582e-06,6.32791e-06,0
54850.0,54855.0,54852.5,1.265582e-06,6.32791e-06,0
54855.0,54860.0,54857.5,1.273966e-06,6.36983e-06,0
54925.0,54930.0,54927.5,1.246416e-06,6.23208e-06,0
54930.0,54935.0,54932.5,1.273966e-06,6.36983e-06,0
54950.0,54955.0,54952.5,1.28123e-06,6.40615e-06,0
54970.0,54975.0,54972.5,1.27267e-06,6.36335e-06,0
54990.0,54995.0,54992.5,1.246416e-06,6.23208e-06,0
55210.0,55215.0,55212.5,1.246416e-06,6.23208e-06,0
55290.0,55295.0,55292.5,1.28123e-06,6.40615e-06,0
55375.0,55380.0,55377.5,1.28123e-06,6.40615e-06,0
55470.0,55475.0,55472.5,1.262786e-06,6.31393e-06,0
55500.0,55505.0,55502.5,1.262786e-06,6.31393e-06,0
55545.0,55550.0,55547.5,1.28123e-06,6.40615e-06,0
55745.0,55750.0,55747.5,1.28123e-06,6.40615e-06,0
55875.0,55880.0,55877.5,1.28123e-06,6.40615e-06,0
55965.0,55970.0,55967.5,1.28123e-06,6.40615e-06,0
56010.0,56015.0,56012.5,1.262786e-06,6.31393e-06,0
56115.0,56120.0,56117.5,1.28123e-06,6.40615e-06,0
56195.0,56200.0,56197.5,1.262786e-06,6.31393e-06,0
56260.0,56265.0,56262.5,1.265582e-06,6.32791e-06,0
56285.0,56290.0,56287.5,1.262786e-06,6.31393e-06,0
56435.0,56440.0,56437.5,1.262786e-06,6.31393e-06,0
56640.0,56645.0,56642.5,2.52558e-06,1.26279e-05,0
56680.0,56685.0,56682.5,1.275754e-06,6.37877e-06,0
56750.0,56755.0,56752.5,1.27267e-06,6.36335e-06,0
56865.0,56870.0,56867.5,1.28123e-06,6.40615e-06,0
56920.0,56925.0,56922.5,1.28238e-06,6.4119e-06,0
56970.0,56975.0,56972.5,1.262786e-06,6.31393e-06,0
56985.0,56990.0,56987.5,1.265582e-06,6.32791e-06,0
57040.0,57045.0,57042.5,1.275754e-06,6.37877e-06,0
57095.0,57100.0,57097.5,1.275754e-06,6.37877e-06,0
57105.0,57110.0,57107.5,1.28123e-06,6.40615e-06,0
57165.0,57170.0,57167.5,1.28238e-06,6.4119e-06,0
57235.0,57240.0,57237.5,1.246416e-06,6.23208e-06,0
57300.0,57305.0,57302.5,1.275754e-06,6.37877e-06,0
57345.0,57350.0,57347.5,1.262786e-06,6.31393e-06,0
57375.0,57380.0,57377.5,2.556984e-06,1.278492e-05,0
57420.0,57425.0,57422.5,1.273966e-06,6.36983e-06,0
57495.0,57500.0,57497.5,1.273966e-06,6.36983e-06,0
57560.0,57565.0,57562.5,1.273966e-06,6.36983e-06,0
57580.0,57585.0,57582.5,1.262786e-06,6.31393e-06,0
57630.0,57635.0,57632.5,1.275754e-06,6.37877e-06,0
57685.0,57690.0,57687.5,2.527646e-06,1.263823e-05,0
57710.0,57715.0,57712.5,1.275754e-06,6.37877e-06,0
57760.0,57765.0,57762.5,1.28123e-06,6.40615e-06,0
57800.0,57805.0,57802.5,1.265582e-06,6.32791e-06,0
57940.0,57945.0,57942.5,1.273966e-06,6.36983e-06,0
57970.0,57975.0,57972.5,1.262786e-06,6.31393e-06,0
57995.0,58000.0,57997.5,1.27267e-06,6.36335e-06,0
58070.0,58075.0,58072.5,1.28123e-06,6.40615e-06,0
58160.0,58165.0,58162.5,1.273966e-06,6.36983e-06,0
58295.0,58300.0,58297.5,1.262786e-06,6.31393e-06,0
58570.0,58575.0,58572.5,1.262786e-06,6.31393e-06,0
58585.0,58590.0,58587.5,1.262786e-06,6.31393e-06,0
58790.0,58795.0,58792.5,1.273966e-06,6.36983e-06,0
58795.0,58800.0,58797.5,1.273966e-06,6.36983e-06,0
58910.0,58915.0,58912.5,2.556984e-06,1.278492e-05,0
58940.0,58945.0,58942.5,1.28123e-06,6.40615e-06,0
59190.0,59195.0,59192.5,1.246416e-06,6.23208e-06,0
59270.0,59275.0,59272.5,1.27267e-06,6.36335e-06,0
59290.0,59295.0,59292.5,1.265582e-06,6.32791e-06,0
59370.0,59375.0,59372.5,1.28123e-06,6.40615e-06,0
59470.0,59475.0,59472.5,1.265582e-06,6.32791e-06,0
59560.0,59565.0,59562.5,1.273966e-06,6.36983e-06,0
59865.0,59870.0,59867.5,1.273966e-06,6.36983e-06,0
59890.0,59895.0,59892.5,1.262786e-06,6.31393e-06,0
60170.0,60175.0,60172.5,1.246416e-06,6.23208e-06,0
60230.0,60235.0,60232.5,1.275754e-06,6.37877e-06,0
60245.0,60250.0,60247.5,1.262786e-06,6.31393e-06,0
60370.0,60375.0,60372.5,1.27267e-06,6.36335e-06,0
60575.0,60580.0,60577.5,1.28238e-06,6.4119e-06,0
60735.0,60740.0,60737.5,1.275754e-06,6.37877e-06,0
61010.0,61015.0,61012.5,1.265582e-06,6.32791e-06,0
61035.0,61040.0,61037.5,1.28123e-06,6.40615e-06,0
61170.0,61175.0,61172.5,1.262786e-06,6.31393e-06,0
61270.0,61275.0,61272.5,1.262786e-06,6.31393e-06,0
61470.0,61475.0,61472.5,1.275754e-06,6.37877e-06,0
61525.0,61530.0,61527.5,1.246416e-06,6.23208e-06,0
61750.0,61755.0,61752.5,1.275754e-06,6.37877e-06,0
62055.0,62060.0,62057.5,1.262786e-06,6.31393e-06,0
62165.0,62170.0,62167.5,1.262786e-06,6.31393e-06,0
62320.0,62325.0,62322.5,1.246416e-06,6.23208e-06,0
62445.0,62450.0,62447.5,1.265582e-06,6.32791e-06,0
62650.0,62655.0,62652.5,1.265582e-06,6.32791e-06,0
62925.0,62930.0,62927.5,1.265582e-06,6.32791e-06,0
63090.0,63095.0,63092.5,1.28123e-06,6.40615e-06,0
63105.0,63110.0,63107.5,1.246416e-06,6.23208e-06,0
63140.0,63145.0,63142.5,1.27267e-06,6.36335e-06,0
63275.0,63280.0,63277.5,1.265582e-06,6.32791e-06,0
63395.0,63400.0,63397.5,1.246416e-06,6.23208e-06,0
63530.0,63535.0,63532.5,1.262786e-06,6.31393e-06,0
63655.0,63660.0,63657.5,1.28238e-06,6.4119e-06,0
63670.0,63675.0,63672.5,1.265582e-06,6.32791e-06,0
64225.0,64230.0,64227.5,1.275754e-06,6.37877e-06,0
64250.0,64255.0,64252.5,1.265582e-06,6.32791e-06,0
64465.0,64470.0,64467.5,1.28123e-06,6.40615e-06,0
64525.0,64530.0,64527.5,1.262786e-06,6.31393e-06,0
65025.0,65030.0,65027.5,1.273966e-06,6.36983e-06,0
65370.0,65375.0,65372.5,2.536752e-06,1.268376e-05,0
65590.0,65595.0,65592.5,1.262786e-06,6.31393e-06,0
66065.0,66070.0,66067.5,1.246416e-06,6.23208e-06,0
66095.0,66100.0,66097.5,1.28238e-06,6.4119e-06,0
66195.0,66200.0,66197.5,1.265582e-06,6.32791e-06,0
66245.0,66250.0,66247.5,1.275754e-06,6.37877e-06,0
66255.0,66260.0,66257.5,1.27267e-06,6.36335e-06,0
66295.0,66300.0,66297.5,1.275754e-06,6.37877e-06,0
66455.0,66460.0,66457.5,1.262786e-06,6.31393e-06,0
66695.0,66700.0,66697.5,1.265582e-06,6.32791e-06,0
67220.0,67225.0,67222.5,1.28123e-06,6.40615e-06,0
67395.0,67400.0,67397.5,1.246416e-06,6.23208e-06,0
67490.0,67495.0,67492.5,1.273966e-06,6.36983e-06,0
67770.0,67775.0,67772.5,1.262786e-06,6.31393e-06,0
68020.0,68025.0,68022.5,1.28123e-06,6.40615e-06,0
68105.0,68110.0,68107.5,1.275754e-06,6.37877e-06,0
68455.0,68460.0,68457.5,1.262786e-06,6.31393e-06,0
68525.0,68530.0,68527.5,1.262786e-06,6.31393e-06,0
68570.0,68575.0,68572.5,1.273966e-06,6.36983e-06,0
68630.0,68635.0,68632.5,1.275754e-06,6.37877e-06,0
69550.0,69555.0,69552.5,1.246416e-06,6.23208e-06,0
69570.0,69575.0,69572.5,1.273966e-06,6.36983e-06,0
69720.0,69725.0,69722.5,1.275754e-06,6.37877e-06,0
70060.0,70065.0,70062.5,1.28123e-06,6.40615e-06,0
70725.0,70730.0,70727.5,1.28238e-06,6.4119e-06,0
72555.0,72560.0,72557.5,1.273966e-06,6.36983e-06,0
72720.0,72725.0,72722.5,1.262786e-06,6.31393e-06,0
73075.0,73080.0,73077.5,1.28123e-06,6.40615e-06,0
73225.0,73230.0,73227.5,1.28123e-06,6.40615e-06,0
73555.0,73560.0,73557.5,1.265582e-06,6.32791e-06,0
73890.0,73895.0,73892.5,1.262786e-06,6.31393e-06,0
74590.0,74595.0,74592.5,1.273966e-06,6.36983e-06,0
76060.0,76065.0,76062.5,1.262786e-06,6.31393e-06,0
76760.0,76765.0,76762.5,1.27267e-06,6.36335e-06,0
77570.0,77575.0,77572.5,1.275754e-06,6.37877e-06,0
77635.0,77640.0,77637.5,1.28238e-06,6.4119e-06,0
77960.0,77965.0,77962.5,1.27267e-06,6.36335e-06,0
78820.0,78825.0,78822.5,1.262786e-06,6.31393e-06,0
79135.0,79140.0,79137.5,1.275754e-06,6.37877e-06,0
79185.0,79190.0,79187.5,1.246416e-06,6.23208e-06,0
79715.0,79720.0,79717.5,1.273966e-06,6.36983e-06,0
80160.0,80165.0,80162.5,1.273966e-06,6.36983e-06,0
80510.0,80515.0,80512.5,1.28238e-06,6.4119e-06,0
81030.0,81035.0,81032.5,1.262786e-06,6.31393e-06,0
81035.0,81040.0,81037.5,1.28238e-06,6.4119e-06,0
81345.0,81350.0,81347.5,1.246416e-06,6.23208e-06,0
81790.0,81795.0,81792.5,1.28123e-06,6.40615e-06,0
82390.0,82395.0,82392.5,1.275754e-06,6.37877e-06,0
83225.0,83230.0,83227.5,1.262786e-06,6.31393e-06,0
84090.0,84095.0,84092.5,1.27267e-06,6.36335e-06,0
84680.0,84685.0,84682.5,1.262786e-06,6.31393e-06,0
86230.0,86235.0,86232.5,1.28123e-06,6.40615e-06,0
86305.0,86310.0,86307.5,1.273966e-06,6.36983e-06,0
87165.0,87170.0,87167.5,1.262786e-06,6.31393e-06,0
87260.0,87265.0,87262.5,1.28123e-06,6.40615e-06,0
89340.0,89345.0,89342.5,1.275754e-06,6.37877e-06,0
89495.0,89500.0,89497.5,1.27267e-06,6.36335e-06,0
89755.0,89760.0,89757.5,1.273966e-06,6.36983e-06,0
90695.0,90700.0,90697.5,1.265582e-06,6.32791e-06,0
90910.0,90915.0,90912.5,1.27267e-06,6.36335e-06,0
91320.0,91325.0,91322.5,1.28238e-06,6.4119e-06,0
91600.0,91605.0,91602.5,1.28123e-06,6.40615e-06,0
92115.0,92120.0,92117.5,1.265582e-06,6.32791e-06,0
92975.0,92980.0,92977.5,1.273966e-06,6.36983e-06,0
96695.0,96700.0,96697.5,1.28123e-06,6.40615e-06,0
98055.0,98060.0,98057.5,1.28123e-06,6.40615e-06,0
99570.0,99575.0,99572.5,1.28238e-06,6.4119e-06,0
100905.0,100910.0,100907.5,1.273966e-06,6.36983e-06,0
105570.0,105575.0,105572.5,1.28123e-06,6.40615e-06,0
105900.0,105905.0,105902.5,1.275754e-06,6.37877e-06,0
106320.0,106325.0,106322.5,1.27267e-06,6.36335e-06,0
107190.0,107195.0,107192.5,1.28238e-06,6.4119e-06,0
109885.0,109890.0,109887.5,1.265582e-06,6.32791e-06,0
111345.0,111350.0,111347.5,1.27267e-06,6.36335e-06,0
115690.0,115695.0,115692.5,1.246416e-06,6.23208e-06,0
124535.0,124540.0,124537.5,1.28238e-06,6.4119e-06,0
170105.0,170110.0,170107.5,1.27267e-06,6.36335e-06,0
204460.0,204465.0,204462.5,1.27267e-06,6.36335e-06,0
220805.0,220810.0,220807.5,1.27267e-06,6.36335e-06,0
251425.0,251430.0,251427.5,1.275754e-06,6.37877e-06,0
426490.0,426495.0,426492.5,1.265582e-06,6.32791e-06,0
