bin_start_us,bin_end_us,bin_mid_us,pdf_per_us,probability,count
210,215,212.5,0.0570096,0.285048,1283
215,220,217.5,0.100022,0.500111,2251
220,225,222.5,0.0179516,0.0897578,404
295,300,297.5,0.00248834,0.0124417,56
300,305,302.5,0.00262164,0.0131082,59
305,310,307.5,0.00395468,0.0197734,89
310,315,312.5,0.00333259,0.016663,75
315,320,317.5,0.00279938,0.0139969,63
320,325,322.5,0.00448789,0.0224395,101
325,330,327.5,0.00382137,0.0191069,86
330,335,332.5,0.00151078,0.00755388,34
