bin_start_us,bin_end_us,bin_mid_us,pdf_per_us,probability,count
210,215,212.5,0.0721778,0.360889,406
215,220,217.5,0.1184,0.592,666
220,225,222.5,0.0064,0.032,36
305,310,307.5,0.00124444,0.00622222,7
310,315,312.5,0.000177778,0.000888889,1
320,325,322.5,0.000888889,0.00444444,5
330,335,332.5,0.000711111,0.00355556,4
