bin_start_us,bin_end_us,bin_mid_us,pdf_per_us,probability,count
210,215,212.5,0.0481778,0.240889,542
215,220,217.5,0.0844444,0.422222,950
220,225,222.5,0.0173333,0.0866667,195
295,300,297.5,0.00524444,0.0262222,59
300,305,302.5,0.00711111,0.0355556,80
305,310,307.5,0.00746667,0.0373333,84
310,315,312.5,0.00773333,0.0386667,87
315,320,317.5,0.00657778,0.0328889,74
320,325,322.5,0.00675556,0.0337778,76
325,330,327.5,0.00613333,0.0306667,69
330,335,332.5,0.00302222,0.0151111,34
