bin_start_us,bin_end_us,bin_mid_us,pdf_per_us,probability,count
210,215,212.5,0.0584529,0.292265,2301
215,220,217.5,0.099149,0.495745,3903
220,225,222.5,0.030738,0.15369,1210
225,230,227.5,0.0107456,0.0537279,423
230,235,232.5,0.000457259,0.00228629,18
340,345,342.5,0.000101613,0.000508066,4
350,355,352.5,0.000127016,0.000635082,5
360,365,362.5,7.62098e-05,0.000381049,3
365,370,367.5,0.00015242,0.000762098,6
