bin_start_us,bin_end_us,bin_mid_us,pdf_per_us,probability,count
210,215,212.5,0.048,0.24,270
215,220,217.5,0.113778,0.568889,640
220,225,222.5,0.0352,0.176,198
295,300,297.5,0.00124444,0.00622222,7
305,310,307.5,0.000177778,0.000888889,1
315,320,317.5,0.000888889,0.00444444,5
320,325,322.5,0.000711111,0.00355556,4
