bin_start_us,bin_end_us,bin_mid_us,pdf_per_us,probability,count
210,215,212.5,0.0515556,0.257778,580
215,220,217.5,0.0859556,0.429778,967
220,225,222.5,0.0124444,0.0622222,140
295,300,297.5,0.00506667,0.0253333,57
300,305,302.5,0.00808889,0.0404444,91
305,310,307.5,0.00631111,0.0315556,71
310,315,312.5,0.00728889,0.0364444,82
315,320,317.5,0.00702222,0.0351111,79
320,325,322.5,0.00764444,0.0382222,86
325,330,327.5,0.00568889,0.0284444,64
330,335,332.5,0.00293333,0.0146667,33
