bin_start_us,bin_end_us,bin_mid_us,pdf_per_us,probability,count
210,215,212.5,0.05764,0.2882,2269
215,220,217.5,0.0986155,0.493078,3882
220,225,222.5,0.0325924,0.162962,1283
225,230,227.5,0.00934841,0.046742,368
230,235,232.5,0.00134637,0.00673187,53
330,335,332.5,0.00015242,0.000762098,6
340,345,342.5,0.00015242,0.000762098,6
350,355,352.5,2.54033e-05,0.000127016,1
360,365,362.5,0.000127016,0.000635082,5
