bin_start_us,bin_end_us,bin_mid_us,pdf_per_us,probability,count
210,215,212.5,0.0585648,0.292824,1318
215,220,217.5,0.0945123,0.472562,2127
220,225,222.5,0.0219062,0.109531,493
295,300,297.5,0.00182182,0.00910909,41
300,305,302.5,0.00311042,0.0155521,70
305,310,307.5,0.00386581,0.019329,87
310,315,312.5,0.00355477,0.0177738,80
315,320,317.5,0.00297712,0.0148856,67
320,325,322.5,0.00333259,0.016663,75
325,330,327.5,0.00395468,0.0197734,89
330,335,332.5,0.00239947,0.0119973,54
