bin_start_us,bin_end_us,bin_mid_us,pdf_per_us,probability,count
210.0,215.0,212.5,2.98557e-05,0.0001492785,0
215.0,220.0,217.5,6.124754e-05,0.0003062377,0
220.0,225.0,222.5,8.331714e-05,0.0004165857,0
225.0,230.0,227.5,7.206944e-05,0.0003603472,0
230.0,235.0,232.5,5.810962e-05,0.0002905481,0
235.0,240.0,237.5,5.017508e-05,0.0002508754,0
240.0,245.0,242.5,5.316366e-05,0.0002658183,0
245.0,250.0,247.5,5.0566e-05,0.00025283,0
250.0,255.0,252.5,7.789462e-05,0.0003894731,0
255.0,260.0,257.5,6.02857e-05,0.0003014285,0
260.0,265.0,262.5,6.688358e-05,0.0003344179,0
265.0,270.0,267.5,6.57077e-05,0.0003285385,0
270.0,275.0,272.5,6.378988e-05,0.0003189494,0
275.0,280.0,277.5,5.18686e-05,0.000259343,0
280.0,285.0,282.5,6.130942e-05,0.0003065471,0
285.0,290.0,287.5,7.40218e-05,0.000370109,0
290.0,295.0,292.5,7.110252e-05,0.0003555126,0
295.0,300.0,297.5,5.837894e-05,0.0002918947,0
300.0,305.0,302.5,7.007862e-05,0.0003503931,0
305.0,310.0,307.5,5.118186e-05,0.0002559093,0
310.0,315.0,312.5,4.41492e-05,0.000220746,0
315.0,320.0,317.5,6.55371e-05,0.0003276855,0
320.0,325.0,322.5,7.111742e-05,0.0003555871,0
325.0,330.0,327.5,3.077602e-05,0.0001538801,0
330.0,335.0,332.5,5.337908e-05,0.0002668954,0
335.0,340.0,337.5,5.050914e-05,0.0002525457,0
340.0,345.0,342.5,0.0004961572,0.002480786,0
345.0,350.0,347.5,0.00044739378,0.0022369689,0
350.0,355.0,352.5,0.0004214844,0.002107422,0
355.0,360.0,357.5,0.00044068972,0.0022034486,0
360.0,365.0,362.5,0.00045003476,0.0022501738,0
365.0,370.0,367.5,0.00035509414,0.0017754707,0
370.0,375.0,372.5,0.00037829022,0.0018914511,0
375.0,380.0,377.5,0.00021238644,0.0010619322,0
380.0,385.0,382.5,0.00018510272,0.0009255136,0
385.0,390.0,387.5,0.00017152212,0.0008576106,0
390.0,395.0,392.5,0.00012857436,0.0006428718,0
395.0,400.0,397.5,0.00014828766,0.0007414383,0
400.0,405.0,402.5,0.00017433002,0.0008716501,0
405.0,410.0,407.5,0.00013549184,0.0006774592,0
410.0,415.0,412.5,0.00016180902,0.0008090451,0
415.0,420.0,417.5,0.00013428566,0.0006714283,0
420.0,425.0,422.5,0.00016179148,0.0008089574,0
425.0,430.0,427.5,0.00011632628,0.0005816314,0
430.0,435.0,432.5,0.00014700906,0.0007350453,0
435.0,440.0,437.5,0.00019329394,0.0009664697,0
440.0,445.0,442.5,0.00014648542,0.0007324271,0
445.0,450.0,447.5,0.00010731518,0.0005365759,0
450.0,455.0,452.5,0.0001524642,0.000762321,0
455.0,460.0,457.5,0.0001523825,0.0007619125,0
460.0,465.0,462.5,0.00010301872,0.0005150936,0
465.0,470.0,467.5,0.0001019879,0.0005099395,0
470.0,475.0,472.5,0.013622866,0.06811433,0
475.0,480.0,477.5,0.00018692332,0.0009346166,0
480.0,485.0,482.5,0.0001418991,0.0007094955,0
485.0,490.0,487.5,0.00011675906,0.0005837953,0
490.0,495.0,492.5,0.00014533782,0.0007266891,0
495.0,500.0,497.5,0.00013188022,0.0006594011,0
500.0,505.0,502.5,0.00011405048,0.0005702524,0
505.0,510.0,507.5,0.00015006432,0.0007503216,0
510.0,515.0,512.5,0.000111812,0.00055906,0
515.0,520.0,517.5,0.00012976266,0.0006488133,0
520.0,525.0,522.5,0.00011957268,0.0005978634,0
525.0,530.0,527.5,0.00011357814,0.0005678907,0
530.0,535.0,532.5,0.00014976076,0.0007488038,0
535.0,540.0,537.5,0.00012974046,0.0006487023,0
540.0,545.0,542.5,0.00014323646,0.0007161823,0
545.0,550.0,547.5,0.00016830966,0.0008415483,0
550.0,555.0,552.5,0.00012329466,0.0006164733,0
555.0,560.0,557.5,0.00013404856,0.0006702428,0
560.0,565.0,562.5,0.00011410862,0.0005705431,0
565.0,570.0,567.5,0.00012213006,0.0006106503,0
570.0,575.0,572.5,0.00014025056,0.0007012528,0
575.0,580.0,577.5,0.00011375212,0.0005687606,0
580.0,585.0,582.5,0.00012653958,0.0006326979,0
585.0,590.0,587.5,0.00013575514,0.0006787757,0
590.0,595.0,592.5,9.415e-05,0.00047075,0
595.0,600.0,597.5,9.082902e-05,0.0004541451,0
600.0,605.0,602.5,0.0021670236,0.010835118,0
605.0,610.0,607.5,0.00010614974,0.0005307487,0
610.0,615.0,612.5,0.00015515786,0.0007757893,0
615.0,620.0,617.5,0.0001394885,0.0006974425,0
620.0,625.0,622.5,0.00012928026,0.0006464013,0
625.0,630.0,627.5,0.00013139356,0.0006569678,0
630.0,635.0,632.5,0.00010541484,0.0005270742,0
635.0,640.0,637.5,7.863198e-05,0.0003931599,0
640.0,645.0,642.5,0.00010580264,0.0005290132,0
645.0,650.0,647.5,0.00015417642,0.0007708821,0
650.0,655.0,652.5,0.00011637866,0.0005818933,0
655.0,660.0,657.5,0.00017237312,0.0008618656,0
660.0,665.0,662.5,0.00014070842,0.0007035421,0
665.0,670.0,667.5,0.0001964487,0.0009822435,0
670.0,675.0,672.5,0.00011425364,0.0005712682,0
675.0,680.0,677.5,0.00023016174,0.0011508087,0
680.0,685.0,682.5,0.00014746768,0.0007373384,0
685.0,690.0,687.5,0.0001381583,0.0006907915,0
690.0,695.0,692.5,7.303126e-05,0.0003651563,0
695.0,700.0,697.5,0.00012762078,0.0006381039,0
700.0,705.0,702.5,0.00015620556,0.0007810278,0
705.0,710.0,707.5,0.00012652974,0.0006326487,0
710.0,715.0,712.5,0.00016048582,0.0008024291,0
715.0,720.0,717.5,0.0001416219,0.0007081095,0
720.0,725.0,722.5,0.00015956494,0.0007978247,0
725.0,730.0,727.5,0.00013920364,0.0006960182,0
730.0,735.0,732.5,0.0004689848,0.002344924,0
735.0,740.0,737.5,0.00014072652,0.0007036326,0
740.0,745.0,742.5,0.00605051,0.03025255,0
745.0,750.0,747.5,8.408428e-05,0.0004204214,0
750.0,755.0,752.5,0.00010817214,0.0005408607,0
755.0,760.0,757.5,9.469718e-05,0.0004734859,0
760.0,765.0,762.5,0.00011421966,0.0005710983,0
765.0,770.0,767.5,9.452798e-05,0.0004726399,0
770.0,775.0,772.5,0.0001435045,0.0007175225,0
775.0,780.0,777.5,0.00013116246,0.0006558123,0
780.0,785.0,782.5,9.745936e-05,0.0004872968,0
785.0,790.0,787.5,0.00010327444,0.0005163722,0
790.0,795.0,792.5,9.923914e-05,0.0004961957,0
795.0,800.0,797.5,0.00010510282,0.0005255141,0
800.0,805.0,802.5,0.00012246112,0.0006123056,0
805.0,810.0,807.5,0.0001320169,0.0006600845,0
810.0,815.0,812.5,7.977134e-05,0.0003988567,0
815.0,820.0,817.5,0.00014852208,0.0007426104,0
820.0,825.0,822.5,0.00010992256,0.0005496128,0
825.0,830.0,827.5,7.788668e-05,0.0003894334,0
830.0,835.0,832.5,0.00012633258,0.0006316629,0
835.0,840.0,837.5,9.18275e-05,0.0004591375,0
840.0,845.0,842.5,8.845154e-05,0.0004422577,0
845.0,850.0,847.5,7.054176e-05,0.0003527088,0
850.0,855.0,852.5,7.18019e-05,0.0003590095,0
855.0,860.0,857.5,0.0001236953,0.0006184765,0
860.0,865.0,862.5,0.00020248898,0.0010124449,0
865.0,870.0,867.5,0.0016789792,0.008394896,0
870.0,875.0,872.5,0.00016452696,0.0008226348,0
875.0,880.0,877.5,9.831644e-05,0.0004915822,0
880.0,885.0,882.5,0.00012564538,0.0006282269,0
885.0,890.0,887.5,6.905542e-05,0.0003452771,0
890.0,895.0,892.5,0.0001138614,0.000569307,0
895.0,900.0,897.5,9.374422e-05,0.0004687211,0
900.0,905.0,902.5,0.00011902494,0.0005951247,0
905.0,910.0,907.5,0.00010051258,0.0005025629,0
910.0,915.0,912.5,0.00022495912,0.0011247956,0
915.0,920.0,917.5,6.039902e-05,0.0003019951,0
920.0,925.0,922.5,8.1604e-05,0.00040802,0
925.0,930.0,927.5,9.04446e-05,0.000452223,0
930.0,935.0,932.5,0.0001258949,0.0006294745,0
935.0,940.0,937.5,0.00014317044,0.0007158522,0
940.0,945.0,942.5,8.346022e-05,0.0004173011,0
945.0,950.0,947.5,0.00013440144,0.0006720072,0
950.0,955.0,952.5,9.380452e-05,0.0004690226,0
955.0,960.0,957.5,8.200836e-05,0.0004100418,0
960.0,965.0,962.5,9.16366e-05,0.000458183,0
965.0,970.0,967.5,6.24949e-05,0.0003124745,0
970.0,975.0,972.5,0.0001015877,0.0005079385,0
975.0,980.0,977.5,9.842298e-05,0.0004921149,0
980.0,985.0,982.5,9.178042e-05,0.0004589021,0
985.0,990.0,987.5,6.705036e-05,0.0003352518,0
990.0,995.0,992.5,0.0001468902,0.000734451,0
995.0,1000.0,997.5,9.310614e-05,0.0004655307,0
1000.0,1005.0,1002.5,0.0022580232,0.011290116,0
1005.0,1010.0,1007.5,8.50204e-05,0.000425102,0
1010.0,1015.0,1012.5,0.00019203876,0.0009601938,0
1015.0,1020.0,1017.5,0.00010111962,0.0005055981,0
1020.0,1025.0,1022.5,0.00013222094,0.0006611047,0
1025.0,1030.0,1027.5,9.429248e-05,0.0004714624,0
1030.0,1035.0,1032.5,8.27504e-05,0.000413752,0
1035.0,1040.0,1037.5,6.595866e-05,0.0003297933,0
1040.0,1045.0,1042.5,9.598328e-05,0.0004799164,0
1045.0,1050.0,1047.5,0.00015169038,0.0007584519,0
1050.0,1055.0,1052.5,9.442034e-05,0.0004721017,0
1055.0,1060.0,1057.5,6.010596e-05,0.0003005298,0
1060.0,1065.0,1062.5,7.936622e-05,0.0003968311,0
1065.0,1070.0,1067.5,9.793468e-05,0.0004896734,0
1070.0,1075.0,1072.5,0.00010462604,0.0005231302,0
1075.0,1080.0,1077.5,9.743766e-05,0.0004871883,0
1080.0,1085.0,1082.5,0.00010044128,0.0005022064,0
1085.0,1090.0,1087.5,6.558688e-05,0.0003279344,0
1090.0,1095.0,1092.5,5.06915e-05,0.0002534575,0
1095.0,1100.0,1097.5,9.282398e-05,0.0004641199,0
1100.0,1105.0,1102.5,8.06668e-05,0.000403334,0
1105.0,1110.0,1107.5,4.077482e-05,0.0002038741,0
1110.0,1115.0,1112.5,0.00014349276,0.0007174638,0
1115.0,1120.0,1117.5,0.0001216704,0.000608352,0
1120.0,1125.0,1122.5,0.00012001094,0.0006000547,0
1125.0,1130.0,1127.5,0.00029192538,0.0014596269,0
1130.0,1135.0,1132.5,0.0011651954,0.005825977,0
1135.0,1140.0,1137.5,0.000116404,0.00058202,0
1140.0,1145.0,1142.5,0.00012618504,0.0006309252,0
1145.0,1150.0,1147.5,7.786888e-05,0.0003893444,0
1150.0,1155.0,1152.5,8.014628e-05,0.0004007314,0
1155.0,1160.0,1157.5,8.251812e-05,0.0004125906,0
1160.0,1165.0,1162.5,5.503772e-05,0.0002751886,0
1165.0,1170.0,1167.5,0.00010326996,0.0005163498,0
1170.0,1175.0,1172.5,7.32173e-05,0.0003660865,0
1175.0,1180.0,1177.5,0.00010575252,0.0005287626,0
1180.0,1185.0,1182.5,0.00011867534,0.0005933767,0
1185.0,1190.0,1187.5,9.061418e-05,0.0004530709,0
1190.0,1195.0,1192.5,9.510682e-05,0.0004755341,0
1195.0,1200.0,1197.5,0.00011558792,0.0005779396,0
1200.0,1205.0,1202.5,7.081462e-05,0.0003540731,0
1205.0,1210.0,1207.5,8.489384e-05,0.0004244692,0
1210.0,1215.0,1212.5,6.321156e-05,0.0003160578,0
1215.0,1220.0,1217.5,8.001142e-05,0.0004000571,0
1220.0,1225.0,1222.5,8.17068e-05,0.000408534,0
1225.0,1230.0,1227.5,0.00010057252,0.0005028626,0
1230.0,1235.0,1232.5,0.00011027964,0.0005513982,0
1235.0,1240.0,1237.5,8.106658e-05,0.0004053329,0
1240.0,1245.0,1242.5,7.243114e-05,0.0003621557,0
1245.0,1250.0,1247.5,9.657418e-05,0.0004828709,0
1250.0,1255.0,1252.5,9.014994e-05,0.0004507497,0
1255.0,1260.0,1257.5,8.14206e-05,0.000407103,0
1260.0,1265.0,1262.5,0.0011825722,0.005912861,0
1265.0,1270.0,1267.5,8.182282e-05,0.0004091141,0
1270.0,1275.0,1272.5,0.00010201376,0.0005100688,0
1275.0,1280.0,1277.5,8.261754e-05,0.0004130877,0
1280.0,1285.0,1282.5,0.00017446006,0.0008723003,0
1285.0,1290.0,1287.5,0.0001089492,0.000544746,0
1290.0,1295.0,1292.5,7.370952e-05,0.0003685476,0
1295.0,1300.0,1297.5,8.6036e-05,0.00043018,0
1300.0,1305.0,1302.5,7.008168e-05,0.0003504084,0
1305.0,1310.0,1307.5,7.489652e-05,0.0003744826,0
1310.0,1315.0,1312.5,0.00014905836,0.0007452918,0
1315.0,1320.0,1317.5,8.212492e-05,0.0004106246,0
1320.0,1325.0,1322.5,5.616922e-05,0.0002808461,0
1325.0,1330.0,1327.5,0.00010123458,0.0005061729,0
1330.0,1335.0,1332.5,0.00010150912,0.0005075456,0
1335.0,1340.0,1337.5,7.727368e-05,0.0003863684,0
1340.0,1345.0,1342.5,7.530348e-05,0.0003765174,0
1345.0,1350.0,1347.5,7.325136e-05,0.0003662568,0
1350.0,1355.0,1352.5,6.67632e-05,0.000333816,0
1355.0,1360.0,1357.5,0.00010919192,0.0005459596,0
1360.0,1365.0,1362.5,8.627848e-05,0.0004313924,0
1365.0,1370.0,1367.5,7.44547e-05,0.0003722735,0
1370.0,1375.0,1372.5,8.00265e-05,0.0004001325,0
1375.0,1380.0,1377.5,0.00013072634,0.0006536317,0
1380.0,1385.0,1382.5,6.326134e-05,0.0003163067,0
1385.0,1390.0,1387.5,0.00010927946,0.0005463973,0
1390.0,1395.0,1392.5,0.0003222689,0.0016113445,0
1395.0,1400.0,1397.5,0.00042731954,0.0021365977,0
1400.0,1405.0,1402.5,9.067442e-05,0.0004533721,0
1405.0,1410.0,1407.5,9.9308e-05,0.00049654,0
1410.0,1415.0,1412.5,0.00012620708,0.0006310354,0
1415.0,1420.0,1417.5,8.573414e-05,0.0004286707,0
1420.0,1425.0,1422.5,8.13537e-05,0.0004067685,0
1425.0,1430.0,1427.5,7.26224e-05,0.000363112,0
1430.0,1435.0,1432.5,7.165282e-05,0.0003582641,0
1435.0,1440.0,1437.5,7.762124e-05,0.0003881062,0
1440.0,1445.0,1442.5,0.00010977814,0.0005488907,0
1445.0,1450.0,1447.5,9.18591e-05,0.0004592955,0
1450.0,1455.0,1452.5,0.00012393034,0.0006196517,0
1455.0,1460.0,1457.5,8.462292e-05,0.0004231146,0
1460.0,1465.0,1462.5,9.852166e-05,0.0004926083,0
1465.0,1470.0,1467.5,8.400952e-05,0.0004200476,0
1470.0,1475.0,1472.5,6.848378e-05,0.0003424189,0
1475.0,1480.0,1477.5,6.375344e-05,0.0003187672,0
1480.0,1485.0,1482.5,0.00011211072,0.0005605536,0
1485.0,1490.0,1487.5,0.00010653026,0.0005326513,0
1490.0,1495.0,1492.5,6.48538e-05,0.000324269,0
1495.0,1500.0,1497.5,8.007624e-05,0.0004003812,0
1500.0,1505.0,1502.5,8.09964e-05,0.000404982,0
1505.0,1510.0,1507.5,0.00010247336,0.0005123668,0
1510.0,1515.0,1512.5,9.25384e-05,0.000462692,0
1515.0,1520.0,1517.5,0.0001105617,0.0005528085,0
1520.0,1525.0,1522.5,0.00039702986,0.0019851493,0
1525.0,1530.0,1527.5,0.00011826524,0.0005913262,0
1530.0,1535.0,1532.5,6.599332e-05,0.0003299666,0
1535.0,1540.0,1537.5,7.527032e-05,0.0003763516,0
1540.0,1545.0,1542.5,8.480222e-05,0.0004240111,0
1545.0,1550.0,1547.5,8.63009e-05,0.0004315045,0
1550.0,1555.0,1552.5,9.717344e-05,0.0004858672,0
1555.0,1560.0,1557.5,7.664458e-05,0.0003832229,0
1560.0,1565.0,1562.5,0.00010784764,0.0005392382,0
1565.0,1570.0,1567.5,5.192576e-05,0.0002596288,0
1570.0,1575.0,1572.5,0.00013446646,0.0006723323,0
1575.0,1580.0,1577.5,9.537266e-05,0.0004768633,0
1580.0,1585.0,1582.5,7.153238e-05,0.0003576619,0
1585.0,1590.0,1587.5,9.12797e-05,0.0004563985,0
1590.0,1595.0,1592.5,7.258742e-05,0.0003629371,0
1595.0,1600.0,1597.5,8.46269e-05,0.0004231345,0
1600.0,1605.0,1602.5,9.443672e-05,0.0004721836,0
1605.0,1610.0,1607.5,9.363144e-05,0.0004681572,0
1610.0,1615.0,1612.5,9.14063e-05,0.0004570315,0
1615.0,1620.0,1617.5,9.808116e-05,0.0004904058,0
1620.0,1625.0,1622.5,4.86158e-05,0.000243079,0
1625.0,1630.0,1627.5,8.43407e-05,0.0004217035,0
1630.0,1635.0,1632.5,9.544116e-05,0.0004772058,0
1635.0,1640.0,1637.5,9.653552e-05,0.0004826776,0
1640.0,1645.0,1642.5,8.302702e-05,0.0004151351,0
1645.0,1650.0,1647.5,0.0001026702,0.000513351,0
1650.0,1655.0,1652.5,0.00011829514,0.0005914757,0
1655.0,1660.0,1657.5,0.00015888726,0.0007944363,0
1660.0,1665.0,1662.5,0.00013386722,0.0006693361,0
1665.0,1670.0,1667.5,7.838016e-05,0.0003919008,0
1670.0,1675.0,1672.5,0.0001075195,0.0005375975,0
1675.0,1680.0,1677.5,7.162276e-05,0.0003581138,0
1680.0,1685.0,1682.5,0.00013872828,0.0006936414,0
1685.0,1690.0,1687.5,7.14261e-05,0.0003571305,0
1690.0,1695.0,1692.5,9.527512e-05,0.0004763756,0
1695.0,1700.0,1697.5,9.686128e-05,0.0004843064,0
1700.0,1705.0,1702.5,8.181242e-05,0.0004090621,0
1705.0,1710.0,1707.5,9.81735e-05,0.0004908675,0
1710.0,1715.0,1712.5,0.00010444112,0.0005222056,0
1715.0,1720.0,1717.5,0.0001162178,0.000581089,0
1720.0,1725.0,1722.5,9.322714e-05,0.0004661357,0
1725.0,1730.0,1727.5,8.475094e-05,0.0004237547,0
1730.0,1735.0,1732.5,7.342734e-05,0.0003671367,0
1735.0,1740.0,1737.5,7.21951e-05,0.0003609755,0
1740.0,1745.0,1742.5,5.288482e-05,0.0002644241,0
1745.0,1750.0,1747.5,6.835016e-05,0.0003417508,0
1750.0,1755.0,1752.5,9.890828e-05,0.0004945414,0
1755.0,1760.0,1757.5,6.884634e-05,0.0003442317,0
1760.0,1765.0,1762.5,6.220836e-05,0.0003110418,0
1765.0,1770.0,1767.5,6.3121e-05,0.000315605,0
1770.0,1775.0,1772.5,5.745554e-05,0.0002872777,0
1775.0,1780.0,1777.5,9.702124e-05,0.0004851062,0
1780.0,1785.0,1782.5,0.00014256004,0.0007128002,0
1785.0,1790.0,1787.5,0.0001241842,0.000620921,0
1790.0,1795.0,1792.5,7.89286e-05,0.000394643,0
1795.0,1800.0,1797.5,6.834328e-05,0.0003417164,0
1800.0,1805.0,1802.5,8.851254e-05,0.0004425627,0
1805.0,1810.0,1807.5,7.614236e-05,0.0003807118,0
1810.0,1815.0,1812.5,0.0001049269,0.0005246345,0
1815.0,1820.0,1817.5,8.233384e-05,0.0004116692,0
1820.0,1825.0,1822.5,0.00010473668,0.0005236834,0
1825.0,1830.0,1827.5,8.587426e-05,0.0004293713,0
1830.0,1835.0,1832.5,6.332582e-05,0.0003166291,0
1835.0,1840.0,1837.5,0.00012466988,0.0006233494,0
1840.0,1845.0,1842.5,7.2692e-05,0.00036346,0
1845.0,1850.0,1847.5,9.436172e-05,0.0004718086,0
1850.0,1855.0,1852.5,9.029562e-05,0.0004514781,0
1855.0,1860.0,1857.5,7.512062e-05,0.0003756031,0
1860.0,1865.0,1862.5,8.927426e-05,0.0004463713,0
1865.0,1870.0,1867.5,6.359696e-05,0.0003179848,0
1870.0,1875.0,1872.5,6.61441e-05,0.0003307205,0
1875.0,1880.0,1877.5,8.80668e-05,0.000440334,0
1880.0,1885.0,1882.5,6.17717e-05,0.0003088585,0
1885.0,1890.0,1887.5,8.603804e-05,0.0004301902,0
1890.0,1895.0,1892.5,6.651176e-05,0.0003325588,0
1895.0,1900.0,1897.5,8.143464e-05,0.0004071732,0
1900.0,1905.0,1902.5,6.340148e-05,0.0003170074,0
1905.0,1910.0,1907.5,9.10087e-05,0.0004550435,0
1910.0,1915.0,1912.5,0.00011101484,0.0005550742,0
1915.0,1920.0,1917.5,8.728442e-05,0.0004364221,0
1920.0,1925.0,1922.5,8.597582e-05,0.0004298791,0
1925.0,1930.0,1927.5,6.848892e-05,0.0003424446,0
1930.0,1935.0,1932.5,6.36799e-05,0.0003183995,0
1935.0,1940.0,1937.5,8.16764e-05,0.000408382,0
1940.0,1945.0,1942.5,8.810362e-05,0.0004405181,0
1945.0,1950.0,1947.5,9.295858e-05,0.0004647929,0
1950.0,1955.0,1952.5,8.470158e-05,0.0004235079,0
1955.0,1960.0,1957.5,8.219016e-05,0.0004109508,0
1960.0,1965.0,1962.5,9.860844e-05,0.0004930422,0
1965.0,1970.0,1967.5,7.771894e-05,0.0003885947,0
1970.0,1975.0,1972.5,7.700616e-05,0.0003850308,0
1975.0,1980.0,1977.5,6.567612e-05,0.0003283806,0
1980.0,1985.0,1982.5,6.873162e-05,0.0003436581,0
1985.0,1990.0,1987.5,9.561642e-05,0.0004780821,0
1990.0,1995.0,1992.5,8.459564e-05,0.0004229782,0
1995.0,2000.0,1997.5,7.97494e-05,0.000398747,0
2000.0,2005.0,2002.5,7.595044e-05,0.0003797522,0
2005.0,2010.0,2007.5,6.047598e-05,0.0003023799,0
2010.0,2015.0,2012.5,0.00010242664,0.0005121332,0
2015.0,2020.0,2017.5,8.442406e-05,0.0004221203,0
2020.0,2025.0,2022.5,5.215568e-05,0.0002607784,0
2025.0,2030.0,2027.5,7.748696e-05,0.0003874348,0
2030.0,2035.0,2032.5,7.99077e-05,0.0003995385,0
2035.0,2040.0,2037.5,0.00012196292,0.0006098146,0
2040.0,2045.0,2042.5,9.480346e-05,0.0004740173,0
2045.0,2050.0,2047.5,0.00010183908,0.0005091954,0
2050.0,2055.0,2052.5,8.1608e-05,0.00040804,0
2055.0,2060.0,2057.5,8.10266e-05,0.000405133,0
2060.0,2065.0,2062.5,7.997798e-05,0.0003998899,0
2065.0,2070.0,2067.5,0.0001112938,0.000556469,0
2070.0,2075.0,2072.5,8.43934e-05,0.000421967,0
2075.0,2080.0,2077.5,7.890348e-05,0.0003945174,0
2080.0,2085.0,2082.5,7.264614e-05,0.0003632307,0
2085.0,2090.0,2087.5,8.809952e-05,0.0004404976,0
2090.0,2095.0,2092.5,8.819898e-05,0.0004409949,0
2095.0,2100.0,2097.5,8.792544e-05,0.0004396272,0
2100.0,2105.0,2102.5,9.417644e-05,0.0004708822,0
2105.0,2110.0,2107.5,6.471628e-05,0.0003235814,0
2110.0,2115.0,2112.5,7.70933e-05,0.0003854665,0
2115.0,2120.0,2117.5,8.008818e-05,0.0004004409,0
2120.0,2125.0,2122.5,6.79748e-05,0.000339874,0
2125.0,2130.0,2127.5,8.476778e-05,0.0004238389,0
2130.0,2135.0,2132.5,6.070574e-05,0.0003035287,0
2135.0,2140.0,2137.5,7.473464e-05,0.0003736732,0
2140.0,2145.0,2142.5,6.831696e-05,0.0003415848,0
2145.0,2150.0,2147.5,6.10291e-05,0.0003051455,0
2150.0,2155.0,2152.5,6.870414e-05,0.0003435207,0
2155.0,2160.0,2157.5,7.558498e-05,0.0003779249,0
2160.0,2165.0,2162.5,5.067608e-05,0.0002533804,0
2165.0,2170.0,2167.5,6.962132e-05,0.0003481066,0
2170.0,2175.0,2172.5,8.221318e-05,0.0004110659,0
2175.0,2180.0,2177.5,7.744764e-05,0.0003872382,0
2180.0,2185.0,2182.5,8.069978e-05,0.0004034989,0
2185.0,2190.0,2187.5,9.47393e-05,0.0004736965,0
2190.0,2195.0,2192.5,6.723652e-05,0.0003361826,0
2195.0,2200.0,2197.5,0.00010964422,0.0005482211,0
2200.0,2205.0,2202.5,7.932688e-05,0.0003966344,0
2205.0,2210.0,2207.5,8.23123e-05,0.0004115615,0
2210.0,2215.0,2212.5,5.006862e-05,0.0002503431,0
2215.0,2220.0,2217.5,6.846294e-05,0.0003423147,0
2220.0,2225.0,2222.5,8.316636e-05,0.0004158318,0
2225.0,2230.0,2227.5,6.240926e-05,0.0003120463,0
2230.0,2235.0,2232.5,5.248058e-05,0.0002624029,0
2235.0,2240.0,2237.5,6.125604e-05,0.0003062802,0
2240.0,2245.0,2242.5,0.00010284972,0.0005142486,0
2245.0,2250.0,2247.5,7.294358e-05,0.0003647179,0
2250.0,2255.0,2252.5,7.028608e-05,0.0003514304,0
2255.0,2260.0,2257.5,8.66546e-05,0.000433273,0
2260.0,2265.0,2262.5,0.00010184258,0.0005092129,0
2265.0,2270.0,2267.5,9.078708e-05,0.0004539354,0
2270.0,2275.0,2272.5,9.656864e-05,0.0004828432,0
2275.0,2280.0,2277.5,7.543402e-05,0.0003771701,0
2280.0,2285.0,2282.5,8.524372e-05,0.0004262186,0
2285.0,2290.0,2287.5,5.31578e-05,0.000265789,0
2290.0,2295.0,2292.5,6.018384e-05,0.0003009192,0
2295.0,2300.0,2297.5,8.875162e-05,0.0004437581,0
2300.0,2305.0,2302.5,6.901386e-05,0.0003450693,0
2305.0,2310.0,2307.5,9.33526e-05,0.000466763,0
2310.0,2315.0,2312.5,4.433556e-05,0.0002216778,0
2315.0,2320.0,2317.5,6.790726e-05,0.0003395363,0
2320.0,2325.0,2322.5,8.035174e-05,0.0004017587,0
2325.0,2330.0,2327.5,7.370596e-05,0.0003685298,0
2330.0,2335.0,2332.5,8.167246e-05,0.0004083623,0
2335.0,2340.0,2337.5,0.00010194672,0.0005097336,0
2340.0,2345.0,2342.5,0.00010512606,0.0005256303,0
2345.0,2350.0,2347.5,7.1874e-05,0.00035937,0
2350.0,2355.0,2352.5,0.00010372114,0.0005186057,0
2355.0,2360.0,2357.5,8.748894e-05,0.0004374447,0
2360.0,2365.0,2362.5,6.77568e-05,0.000338784,0
2365.0,2370.0,2367.5,5.893504e-05,0.0002946752,0
2370.0,2375.0,2372.5,4.604932e-05,0.0002302466,0
2375.0,2380.0,2377.5,9.857084e-05,0.0004928542,0
2380.0,2385.0,2382.5,7.698004e-05,0.0003849002,0
2385.0,2390.0,2387.5,8.760694e-05,0.0004380347,0
2390.0,2395.0,2392.5,7.240882e-05,0.0003620441,0
2395.0,2400.0,2397.5,8.7472e-05,0.00043736,0
2400.0,2405.0,2402.5,6.44043e-05,0.0003220215,0
2405.0,2410.0,2407.5,5.885206e-05,0.0002942603,0
2410.0,2415.0,2412.5,9.419108e-05,0.0004709554,0
2415.0,2420.0,2417.5,7.728392e-05,0.0003864196,0
2420.0,2425.0,2422.5,8.390628e-05,0.0004195314,0
2425.0,2430.0,2427.5,6.902958e-05,0.0003451479,0
2430.0,2435.0,2432.5,8.110802e-05,0.0004055401,0
2435.0,2440.0,2437.5,6.632532e-05,0.0003316266,0
2440.0,2445.0,2442.5,8.974624e-05,0.0004487312,0
2445.0,2450.0,2447.5,7.252826e-05,0.0003626413,0
2450.0,2455.0,2452.5,7.921304e-05,0.0003960652,0
2455.0,2460.0,2457.5,9.445936e-05,0.0004722968,0
2460.0,2465.0,2462.5,5.931636e-05,0.0002965818,0
2465.0,2470.0,2467.5,5.46156e-05,0.000273078,0
2470.0,2475.0,2472.5,7.386078e-05,0.0003693039,0
2475.0,2480.0,2477.5,6.769178e-05,0.0003384589,0
2480.0,2485.0,2482.5,8.403284e-05,0.0004201642,0
2485.0,2490.0,2487.5,5.365714e-05,0.0002682857,0
2490.0,2495.0,2492.5,6.793888e-05,0.0003396944,0
2495.0,2500.0,2497.5,6.68495e-05,0.0003342475,0
2500.0,2505.0,2502.5,6.059072e-05,0.0003029536,0
2505.0,2510.0,2507.5,3.60957e-05,0.0001804785,0
2510.0,2515.0,2512.5,8.031822e-05,0.0004015911,0
2515.0,2520.0,2517.5,7.208848e-05,0.0003604424,0
2520.0,2525.0,2522.5,6.204302e-05,0.0003102151,0
2525.0,2530.0,2527.5,8.89692e-05,0.000444846,0
2530.0,2535.0,2532.5,9.27163e-05,0.0004635815,0
2535.0,2540.0,2537.5,4.407126e-05,0.0002203563,0
2540.0,2545.0,2542.5,8.885496e-05,0.0004442748,0
2545.0,2550.0,2547.5,5.52526e-05,0.000276263,0
2550.0,2555.0,2552.5,6.808402e-05,0.0003404201,0
2555.0,2560.0,2557.5,7.641372e-05,0.0003820686,0
2560.0,2565.0,2562.5,6.360134e-05,0.0003180067,0
2565.0,2570.0,2567.5,8.013314e-05,0.0004006657,0
2570.0,2575.0,2572.5,7.606228e-05,0.0003803114,0
2575.0,2580.0,2577.5,6.733328e-05,0.0003366664,0
2580.0,2585.0,2582.5,5.29428e-05,0.000264714,0
2585.0,2590.0,2587.5,5.976096e-05,0.0002988048,0
2590.0,2595.0,2592.5,9.252788e-05,0.0004626394,0
2595.0,2600.0,2597.5,8.8821e-05,0.000444105,0
2600.0,2605.0,2602.5,7.071314e-05,0.0003535657,0
2605.0,2610.0,2607.5,8.403886e-05,0.0004201943,0
2610.0,2615.0,2612.5,4.70764e-05,0.000235382,0
2615.0,2620.0,2617.5,5.77946e-05,0.000288973,0
2620.0,2625.0,2622.5,5.842398e-05,0.0002921199,0
2625.0,2630.0,2627.5,5.442418e-05,0.0002721209,0
2630.0,2635.0,2632.5,8.086988e-05,0.0004043494,0
2635.0,2640.0,2637.5,9.08239e-05,0.0004541195,0
2640.0,2645.0,2642.5,6.31023e-05,0.0003155115,0
2645.0,2650.0,2647.5,8.737512e-05,0.0004368756,0
2650.0,2655.0,2652.5,5.109178e-05,0.0002554589,0
2655.0,2660.0,2657.5,7.500008e-05,0.0003750004,0
2660.0,2665.0,2662.5,5.179758e-05,0.0002589879,0
2665.0,2670.0,2667.5,7.46235e-05,0.0003731175,0
2670.0,2675.0,2672.5,6.345512e-05,0.0003172756,0
2675.0,2680.0,2677.5,8.78263e-05,0.0004391315,0
2680.0,2685.0,2682.5,5.996656e-05,0.0002998328,0
2685.0,2690.0,2687.5,5.928694e-05,0.0002964347,0
2690.0,2695.0,2692.5,6.357484e-05,0.0003178742,0
2695.0,2700.0,2697.5,8.186416e-05,0.0004093208,0
2700.0,2705.0,2702.5,6.776312e-05,0.0003388156,0
2705.0,2710.0,2707.5,8.58679e-05,0.0004293395,0
2710.0,2715.0,2712.5,7.119086e-05,0.0003559543,0
2715.0,2720.0,2717.5,5.665484e-05,0.0002832742,0
2720.0,2725.0,2722.5,3.65094e-05,0.000182547,0
2725.0,2730.0,2727.5,6.027798e-05,0.0003013899,0
2730.0,2735.0,2732.5,4.915788e-05,0.0002457894,0
2735.0,2740.0,2737.5,7.978618e-05,0.0003989309,0
2740.0,2745.0,2742.5,7.909992e-05,0.0003954996,0
2745.0,2750.0,2747.5,7.898802e-05,0.0003949401,0
2750.0,2755.0,2752.5,6.354398e-05,0.0003177199,0
2755.0,2760.0,2757.5,8.674138e-05,0.0004337069,0
2760.0,2765.0,2762.5,8.515186e-05,0.0004257593,0
2765.0,2770.0,2767.5,9.499698e-05,0.0004749849,0
2770.0,2775.0,2772.5,5.06445e-05,0.0002532225,0
2775.0,2780.0,2777.5,6.7612e-05,0.00033806,0
2780.0,2785.0,2782.5,8.027572e-05,0.0004013786,0
2785.0,2790.0,2787.5,5.309854e-05,0.0002654927,0
2790.0,2795.0,2792.5,9.788704e-05,0.0004894352,0
2795.0,2800.0,2797.5,8.97091e-05,0.0004485455,0
2800.0,2805.0,2802.5,8.065672e-05,0.0004032836,0
2805.0,2810.0,2807.5,9.216326e-05,0.0004608163,0
2810.0,2815.0,2812.5,4.60975e-05,0.0002304875,0
2815.0,2820.0,2817.5,9.229606e-05,0.0004614803,0
2820.0,2825.0,2822.5,4.618318e-05,0.0002309159,0
2825.0,2830.0,2827.5,6.801694e-05,0.0003400847,0
2830.0,2835.0,2832.5,7.652516e-05,0.0003826258,0
2835.0,2840.0,2837.5,7.76866e-05,0.000388433,0
2840.0,2845.0,2842.5,8.022374e-05,0.0004011187,0
2845.0,2850.0,2847.5,5.987636e-05,0.0002993818,0
2850.0,2855.0,2852.5,7.135372e-05,0.0003567686,0
2855.0,2860.0,2857.5,7.124712e-05,0.0003562356,0
2860.0,2865.0,2862.5,7.894876e-05,0.0003947438,0
2865.0,2870.0,2867.5,5.81621e-05,0.0002908105,0
2870.0,2875.0,2872.5,5.41383e-05,0.0002706915,0
2875.0,2880.0,2877.5,6.74374e-05,0.000337187,0
2880.0,2885.0,2882.5,7.902846e-05,0.0003951423,0
2885.0,2890.0,2887.5,8.507742e-05,0.0004253871,0
2890.0,2895.0,2892.5,8.232508e-05,0.0004116254,0
2895.0,2900.0,2897.5,4.59647e-05,0.0002298235,0
2900.0,2905.0,2902.5,6.189796e-05,0.0003094898,0
2905.0,2910.0,2907.5,7.758734e-05,0.0003879367,0
2910.0,2915.0,2912.5,6.002708e-05,0.0003001354,0
2915.0,2920.0,2917.5,3.909938e-05,0.0001954969,0
2920.0,2925.0,2922.5,6.275798e-05,0.0003137899,0
2925.0,2930.0,2927.5,7.395678e-05,0.0003697839,0
2930.0,2935.0,2932.5,6.52443e-05,0.0003262215,0
2935.0,2940.0,2937.5,8.28731e-05,0.0004143655,0
2940.0,2945.0,2942.5,5.365316e-05,0.0002682658,0
2945.0,2950.0,2947.5,8.705488e-05,0.0004352744,0
2950.0,2955.0,2952.5,6.676526e-05,0.0003338263,0
2955.0,2960.0,2957.5,7.503628e-05,0.0003751814,0
2960.0,2965.0,2962.5,7.699568e-05,0.0003849784,0
2965.0,2970.0,2967.5,7.975474e-05,0.0003987737,0
2970.0,2975.0,2972.5,7.964458e-05,0.0003982229,0
2975.0,2980.0,2977.5,7.051488e-05,0.0003525744,0
2980.0,2985.0,2982.5,6.038706e-05,0.0003019353,0
2985.0,2990.0,2987.5,6.461462e-05,0.0003230731,0
2990.0,2995.0,2992.5,5.490238e-05,0.0002745119,0
2995.0,3000.0,2997.5,6.691328e-05,0.0003345664,0
3000.0,3005.0,3002.5,0.00013181986,0.0006590993,0
3005.0,3010.0,3007.5,5.939694e-05,0.0002969847,0
3010.0,3015.0,3012.5,6.15313e-05,0.0003076565,0
3015.0,3020.0,3017.5,8.126854e-05,0.0004063427,0
3020.0,3025.0,3022.5,5.66761e-05,0.0002833805,0
3025.0,3030.0,3027.5,7.198156e-05,0.0003599078,0
3030.0,3035.0,3032.5,5.181242e-05,0.0002590621,0
3035.0,3040.0,3037.5,7.163704e-05,0.0003581852,0
3040.0,3045.0,3042.5,6.39209e-05,0.0003196045,0
3045.0,3050.0,3047.5,7.649504e-05,0.0003824752,0
3050.0,3055.0,3052.5,7.890866e-05,0.0003945433,0
3055.0,3060.0,3057.5,7.717368e-05,0.0003858684,0
3060.0,3065.0,3062.5,8.79655e-05,0.0004398275,0
3065.0,3070.0,3067.5,6.816708e-05,0.0003408354,0
3070.0,3075.0,3072.5,8.76879e-05,0.0004384395,0
3075.0,3080.0,3077.5,6.329902e-05,0.0003164951,0
3080.0,3085.0,3082.5,5.36485e-05,0.0002682425,0
3085.0,3090.0,3087.5,6.019428e-05,0.0003009714,0
3090.0,3095.0,3092.5,5.778258e-05,0.0002889129,0
3095.0,3100.0,3097.5,6.404006e-05,0.0003202003,0
3100.0,3105.0,3102.5,7.470704e-05,0.0003735352,0
3105.0,3110.0,3107.5,9.481174e-05,0.0004740587,0
3110.0,3115.0,3112.5,9.074258e-05,0.0004537129,0
3115.0,3120.0,3117.5,3.068408e-05,0.0001534204,0
3120.0,3125.0,3122.5,8.678432e-05,0.0004339216,0
3125.0,3130.0,3127.5,7.030436e-05,0.0003515218,0
3130.0,3135.0,3132.5,8.091602e-05,0.0004045801,0
3135.0,3140.0,3137.5,6.82083e-05,0.0003410415,0
3140.0,3145.0,3142.5,6.698388e-05,0.0003349194,0
3145.0,3150.0,3147.5,7.117822e-05,0.0003558911,0
3150.0,3155.0,3152.5,5.48042e-05,0.000274021,0
3155.0,3160.0,3157.5,6.68252e-05,0.000334126,0
3160.0,3165.0,3162.5,5.770906e-05,0.0002885453,0
3165.0,3170.0,3167.5,9.059442e-05,0.0004529721,0
3170.0,3175.0,3172.5,6.142274e-05,0.0003071137,0
3175.0,3180.0,3177.5,8.025962e-05,0.0004012981,0
3180.0,3185.0,3182.5,7.018988e-05,0.0003509494,0
3185.0,3190.0,3187.5,8.534938e-05,0.0004267469,0
3190.0,3195.0,3192.5,8.489902e-05,0.0004244951,0
3195.0,3200.0,3197.5,8.52793e-05,0.0004263965,0
3200.0,3205.0,3202.5,8.698378e-05,0.0004349189,0
3205.0,3210.0,3207.5,6.311996e-05,0.0003155998,0
3210.0,3215.0,3212.5,8.227026e-05,0.0004113513,0
3215.0,3220.0,3217.5,8.516232e-05,0.0004258116,0
3220.0,3225.0,3222.5,6.135916e-05,0.0003067958,0
3225.0,3230.0,3227.5,6.919302e-05,0.0003459651,0
3230.0,3235.0,3232.5,7.078488e-05,0.0003539244,0
3235.0,3240.0,3237.5,8.026422e-05,0.0004013211,0
3240.0,3245.0,3242.5,4.95263e-05,0.0002476315,0
3245.0,3250.0,3247.5,6.435822e-05,0.0003217911,0
3250.0,3255.0,3252.5,7.570072e-05,0.0003785036,0
3255.0,3260.0,3257.5,6.97328e-05,0.000348664,0
3260.0,3265.0,3262.5,5.532224e-05,0.0002766112,0
3265.0,3270.0,3267.5,7.158838e-05,0.0003579419,0
3270.0,3275.0,3272.5,6.735048e-05,0.0003367524,0
3275.0,3280.0,3277.5,7.592942e-05,0.0003796471,0
3280.0,3285.0,3282.5,8.831498e-05,0.0004415749,0
3285.0,3290.0,3287.5,6.983184e-05,0.0003491592,0
3290.0,3295.0,3292.5,5.954574e-05,0.0002977287,0
3295.0,3300.0,3297.5,5.636044e-05,0.0002818022,0
3300.0,3305.0,3302.5,4.476542e-05,0.0002238271,0
3305.0,3310.0,3307.5,6.056518e-05,0.0003028259,0
3310.0,3315.0,3312.5,5.224954e-05,0.0002612477,0
3315.0,3320.0,3317.5,7.64253e-05,0.0003821265,0
3320.0,3325.0,3322.5,5.810892e-05,0.0002905446,0
3325.0,3330.0,3327.5,7.189692e-05,0.0003594846,0
3330.0,3335.0,3332.5,6.998744e-05,0.0003499372,0
3335.0,3340.0,3337.5,6.608744e-05,0.0003304372,0
3340.0,3345.0,3342.5,6.806732e-05,0.0003403366,0
3345.0,3350.0,3347.5,5.945808e-05,0.0002972904,0
3350.0,3355.0,3352.5,8.337712e-05,0.0004168856,0
3355.0,3360.0,3357.5,4.508436e-05,0.0002254218,0
3360.0,3365.0,3362.5,7.542898e-05,0.0003771449,0
3365.0,3370.0,3367.5,5.760618e-05,0.0002880309,0
3370.0,3375.0,3372.5,5.007036e-05,0.0002503518,0
3375.0,3380.0,3377.5,5.686432e-05,0.0002843216,0
3380.0,3385.0,3382.5,6.194422e-05,0.0003097211,0
3385.0,3390.0,3387.5,8.936796e-05,0.0004468398,0
3390.0,3395.0,3392.5,6.426488e-05,0.0003213244,0
3395.0,3400.0,3397.5,6.221856e-05,0.0003110928,0
3400.0,3405.0,3402.5,7.932738e-05,0.0003966369,0
3405.0,3410.0,3407.5,4.669842e-05,0.0002334921,0
3410.0,3415.0,3412.5,4.403592e-05,0.0002201796,0
3415.0,3420.0,3417.5,8.186836e-05,0.0004093418,0
3420.0,3425.0,3422.5,6.371396e-05,0.0003185698,0
3425.0,3430.0,3427.5,7.659314e-05,0.0003829657,0
3430.0,3435.0,3432.5,8.219434e-05,0.0004109717,0
3435.0,3440.0,3437.5,6.335158e-05,0.0003167579,0
3440.0,3445.0,3442.5,4.717588e-05,0.0002358794,0
3445.0,3450.0,3447.5,4.337948e-05,0.0002168974,0
3450.0,3455.0,3452.5,6.510642e-05,0.0003255321,0
3455.0,3460.0,3457.5,9.291596e-05,0.0004645798,0
3460.0,3465.0,3462.5,6.202888e-05,0.0003101444,0
3465.0,3470.0,3467.5,8.144442e-05,0.0004072221,0
3470.0,3475.0,3472.5,5.767006e-05,0.0002883503,0
3475.0,3480.0,3477.5,5.384326e-05,0.0002692163,0
3480.0,3485.0,3482.5,8.707822e-05,0.0004353911,0
3485.0,3490.0,3487.5,5.759462e-05,0.0002879731,0
3490.0,3495.0,3492.5,8.747284e-05,0.0004373642,0
3495.0,3500.0,3497.5,5.33216e-05,0.000266608,0
3500.0,3505.0,3502.5,6.45476e-05,0.000322738,0
3505.0,3510.0,3507.5,6.291346e-05,0.0003145673,0
3510.0,3515.0,3512.5,5.004246e-05,0.0002502123,0
3515.0,3520.0,3517.5,7.682758e-05,0.0003841379,0
3520.0,3525.0,3522.5,5.76649e-05,0.0002883245,0
3525.0,3530.0,3527.5,4.560726e-05,0.0002280363,0
3530.0,3535.0,3532.5,4.178676e-05,0.0002089338,0
3535.0,3540.0,3537.5,5.627084e-05,0.0002813542,0
3540.0,3545.0,3542.5,8.49703e-05,0.0004248515,0
3545.0,3550.0,3547.5,6.03681e-05,0.0003018405,0
3550.0,3555.0,3552.5,6.760268e-05,0.0003380134,0
3555.0,3560.0,3557.5,5.94585e-05,0.0002972925,0
3560.0,3565.0,3562.5,8.35172e-05,0.000417586,0
3565.0,3570.0,3567.5,5.607358e-05,0.0002803679,0
3570.0,3575.0,3572.5,8.338724e-05,0.0004169362,0
3575.0,3580.0,3577.5,8.027776e-05,0.0004013888,0
3580.0,3585.0,3582.5,6.211658e-05,0.0003105829,0
3585.0,3590.0,3587.5,7.18689e-05,0.0003593445,0
3590.0,3595.0,3592.5,6.803798e-05,0.0003401899,0
3595.0,3600.0,3597.5,6.076284e-05,0.0003038142,0
3600.0,3605.0,3602.5,5.189228e-05,0.0002594614,0
3605.0,3610.0,3607.5,7.461532e-05,0.0003730766,0
3610.0,3615.0,3612.5,8.725706e-05,0.0004362853,0
3615.0,3620.0,3617.5,5.041744e-05,0.0002520872,0
3620.0,3625.0,3622.5,6.96537e-05,0.0003482685,0
3625.0,3630.0,3627.5,5.894746e-05,0.0002947373,0
3630.0,3635.0,3632.5,4.21086e-05,0.000210543,0
3635.0,3640.0,3637.5,8.795022e-05,0.0004397511,0
3640.0,3645.0,3642.5,7.766018e-05,0.0003883009,0
3645.0,3650.0,3647.5,8.622468e-05,0.0004311234,0
3650.0,3655.0,3652.5,4.07106e-05,0.000203553,0
3655.0,3660.0,3657.5,6.529594e-05,0.0003264797,0
3660.0,3665.0,3662.5,5.964596e-05,0.0002982298,0
3665.0,3670.0,3667.5,4.929614e-05,0.0002464807,0
3670.0,3675.0,3672.5,9.396372e-05,0.0004698186,0
3675.0,3680.0,3677.5,7.165866e-05,0.0003582933,0
3680.0,3685.0,3682.5,4.092492e-05,0.0002046246,0
3685.0,3690.0,3687.5,8.368834e-05,0.0004184417,0
3690.0,3695.0,3692.5,7.34317e-05,0.0003671585,0
3695.0,3700.0,3697.5,5.238614e-05,0.0002619307,0
3700.0,3705.0,3702.5,9.773814e-05,0.0004886907,0
3705.0,3710.0,3707.5,7.549762e-05,0.0003774881,0
3710.0,3715.0,3712.5,4.699504e-05,0.0002349752,0
3715.0,3720.0,3717.5,4.280538e-05,0.0002140269,0
3720.0,3725.0,3722.5,6.165798e-05,0.0003082899,0
3725.0,3730.0,3727.5,5.36264e-05,0.000268132,0
3730.0,3735.0,3732.5,9.0227e-05,0.000451135,0
3735.0,3740.0,3737.5,5.004618e-05,0.0002502309,0
3740.0,3745.0,3742.5,6.372292e-05,0.0003186146,0
3745.0,3750.0,3747.5,6.135504e-05,0.0003067752,0
3750.0,3755.0,3752.5,5.72106e-05,0.000286053,0
3755.0,3760.0,3757.5,5.518518e-05,0.0002759259,0
3760.0,3765.0,3762.5,6.91825e-05,0.0003459125,0
3765.0,3770.0,3767.5,4.662906e-05,0.0002331453,0
3770.0,3775.0,3772.5,7.106102e-05,0.0003553051,0
3775.0,3780.0,3777.5,5.407336e-05,0.0002703668,0
3780.0,3785.0,3782.5,5.357294e-05,0.0002678647,0
3785.0,3790.0,3787.5,6.157834e-05,0.0003078917,0
3790.0,3795.0,3792.5,6.229044e-05,0.0003114522,0
3795.0,3800.0,3797.5,7.06666e-05,0.000353333,0
3800.0,3805.0,3802.5,6.850228e-05,0.0003425114,0
3805.0,3810.0,3807.5,8.33777e-05,0.0004168885,0
3810.0,3815.0,3812.5,5.21152e-05,0.000260576,0
3815.0,3820.0,3817.5,6.35399e-05,0.0003176995,0
3820.0,3825.0,3822.5,6.588904e-05,0.0003294452,0
3825.0,3830.0,3827.5,4.804496e-05,0.0002402248,0
3830.0,3835.0,3832.5,8.618116e-05,0.0004309058,0
3835.0,3840.0,3837.5,8.891792e-05,0.0004445896,0
3840.0,3845.0,3842.5,3.34232e-05,0.000167116,0
3845.0,3850.0,3847.5,7.847368e-05,0.0003923684,0
3850.0,3855.0,3852.5,5.084686e-05,0.0002542343,0
3855.0,3860.0,3857.5,5.41721e-05,0.0002708605,0
3860.0,3865.0,3862.5,6.05748e-05,0.000302874,0
3865.0,3870.0,3867.5,6.49522e-05,0.000324761,0
3870.0,3875.0,3872.5,7.20347e-05,0.0003601735,0
3875.0,3880.0,3877.5,5.565276e-05,0.0002782638,0
3880.0,3885.0,3882.5,7.19611e-05,0.0003598055,0
3885.0,3890.0,3887.5,6.707912e-05,0.0003353956,0
3890.0,3895.0,3892.5,5.949564e-05,0.0002974782,0
3895.0,3900.0,3897.5,4.561544e-05,0.0002280772,0
3900.0,3905.0,3902.5,6.044776e-05,0.0003022388,0
3905.0,3910.0,3907.5,6.436296e-05,0.0003218148,0
3910.0,3915.0,3912.5,5.276198e-05,0.0002638099,0
3915.0,3920.0,3917.5,4.965666e-05,0.0002482833,0
3920.0,3925.0,3922.5,5.662744e-05,0.0002831372,0
3925.0,3930.0,3927.5,5.05335e-05,0.0002526675,0
3930.0,3935.0,3932.5,6.599962e-05,0.0003299981,0
3935.0,3940.0,3937.5,7.331184e-05,0.0003665592,0
3940.0,3945.0,3942.5,7.057266e-05,0.0003528633,0
3945.0,3950.0,3947.5,6.441134e-05,0.0003220567,0
3950.0,3955.0,3952.5,5.98408e-05,0.000299204,0
3955.0,3960.0,3957.5,6.122434e-05,0.0003061217,0
3960.0,3965.0,3962.5,6.076484e-05,0.0003038242,0
3965.0,3970.0,3967.5,5.61184e-05,0.000280592,0
3970.0,3975.0,3972.5,5.861376e-05,0.0002930688,0
3975.0,3980.0,3977.5,5.598078e-05,0.0002799039,0
3980.0,3985.0,3982.5,6.427344e-05,0.0003213672,0
3985.0,3990.0,3987.5,6.47864e-05,0.000323932,0
3990.0,3995.0,3992.5,8.472814e-05,0.0004236407,0
3995.0,4000.0,3997.5,6.661996e-05,0.0003330998,0
4000.0,4005.0,4002.5,4.13796e-05,0.000206898,0
4005.0,4010.0,4007.5,3.990396e-05,0.0001995198,0
4010.0,4015.0,4012.5,3.947202e-05,0.0001973601,0
4015.0,4020.0,4017.5,4.410614e-05,0.0002205307,0
4020.0,4025.0,4022.5,8.33202e-05,0.000416601,0
4025.0,4030.0,4027.5,7.305394e-05,0.0003652697,0
4030.0,4035.0,4032.5,8.321386e-05,0.0004160693,0
4035.0,4040.0,4037.5,6.782332e-05,0.0003391166,0
4040.0,4045.0,4042.5,5.87583e-05,0.0002937915,0
4045.0,4050.0,4047.5,5.826292e-05,0.0002913146,0
4050.0,4055.0,4052.5,5.23995e-05,0.0002619975,0
4055.0,4060.0,4057.5,4.27112e-05,0.000213556,0
4060.0,4065.0,4062.5,5.662382e-05,0.0002831191,0
4065.0,4070.0,4067.5,6.23178e-05,0.000311589,0
4070.0,4075.0,4072.5,3.973914e-05,0.0001986957,0
4075.0,4080.0,4077.5,7.294208e-05,0.0003647104,0
4080.0,4085.0,4082.5,6.95934e-05,0.000347967,0
4085.0,4090.0,4087.5,9.848354e-05,0.0004924177,0
4090.0,4095.0,4092.5,8.088494e-05,0.0004044247,0
4095.0,4100.0,4097.5,4.567478e-05,0.0002283739,0
4100.0,4105.0,4102.5,3.038492e-05,0.0001519246,0
4105.0,4110.0,4107.5,6.839132e-05,0.0003419566,0
4110.0,4115.0,4112.5,5.204154e-05,0.0002602077,0
4115.0,4120.0,4117.5,4.562084e-05,0.0002281042,0
4120.0,4125.0,4122.5,4.9622e-05,0.00024811,0
4125.0,4130.0,4127.5,5.763404e-05,0.0002881702,0
4130.0,4135.0,4132.5,9.980324e-05,0.0004990162,0
4135.0,4140.0,4137.5,4.62866e-05,0.000231433,0
4140.0,4145.0,4142.5,7.5029e-05,0.000375145,0
4145.0,4150.0,4147.5,6.63863e-05,0.0003319315,0
4150.0,4155.0,4152.5,4.972586e-05,0.0002486293,0
4155.0,4160.0,4157.5,7.27704e-05,0.000363852,0
4160.0,4165.0,4162.5,5.980498e-05,0.0002990249,0
4165.0,4170.0,4167.5,5.113198e-05,0.0002556599,0
4170.0,4175.0,4172.5,7.176766e-05,0.0003588383,0
4175.0,4180.0,4177.5,7.553354e-05,0.0003776677,0
4180.0,4185.0,4182.5,7.780006e-05,0.0003890003,0
4185.0,4190.0,4187.5,7.33468e-05,0.000366734,0
4190.0,4195.0,4192.5,6.337798e-05,0.0003168899,0
4195.0,4200.0,4197.5,2.858328e-05,0.0001429164,0
4200.0,4205.0,4202.5,5.606934e-05,0.0002803467,0
4205.0,4210.0,4207.5,6.571052e-05,0.0003285526,0
4210.0,4215.0,4212.5,4.726148e-05,0.0002363074,0
4215.0,4220.0,4217.5,4.297656e-05,0.0002148828,0
4220.0,4225.0,4222.5,6.012232e-05,0.0003006116,0
4225.0,4230.0,4227.5,5.407474e-05,0.0002703737,0
4230.0,4235.0,4232.5,7.32655e-05,0.0003663275,0
4235.0,4240.0,4237.5,6.669602e-05,0.0003334801,0
4240.0,4245.0,4242.5,5.39696e-05,0.000269848,0
4245.0,4250.0,4247.5,4.373412e-05,0.0002186706,0
4250.0,4255.0,4252.5,6.464522e-05,0.0003232261,0
4255.0,4260.0,4257.5,4.805026e-05,0.0002402513,0
4260.0,4265.0,4262.5,6.660952e-05,0.0003330476,0
4265.0,4270.0,4267.5,6.488966e-05,0.0003244483,0
4270.0,4275.0,4272.5,6.046774e-05,0.0003023387,0
4275.0,4280.0,4277.5,8.597824e-05,0.0004298912,0
4280.0,4285.0,4282.5,8.94567e-05,0.0004472835,0
4285.0,4290.0,4287.5,7.599242e-05,0.0003799621,0
4290.0,4295.0,4292.5,5.846302e-05,0.0002923151,0
4295.0,4300.0,4297.5,5.918534e-05,0.0002959267,0
4300.0,4305.0,4302.5,5.68281e-05,0.0002841405,0
4305.0,4310.0,4307.5,8.812144e-05,0.0004406072,0
4310.0,4315.0,4312.5,6.810928e-05,0.0003405464,0
4315.0,4320.0,4317.5,7.662874e-05,0.0003831437,0
4320.0,4325.0,4322.5,4.621666e-05,0.0002310833,0
4325.0,4330.0,4327.5,5.767404e-05,0.0002883702,0
4330.0,4335.0,4332.5,5.125822e-05,0.0002562911,0
4335.0,4340.0,4337.5,5.602826e-05,0.0002801413,0
4340.0,4345.0,4342.5,6.238104e-05,0.0003119052,0
4345.0,4350.0,4347.5,4.679778e-05,0.0002339889,0
4350.0,4355.0,4352.5,9.680956e-05,0.0004840478,0
4355.0,4360.0,4357.5,3.257954e-05,0.0001628977,0
4360.0,4365.0,4362.5,7.742678e-05,0.0003871339,0
4365.0,4370.0,4367.5,4.244624e-05,0.0002122312,0
4370.0,4375.0,4372.5,3.495256e-05,0.0001747628,0
4375.0,4380.0,4377.5,5.783302e-05,0.0002891651,0
4380.0,4385.0,4382.5,7.147356e-05,0.0003573678,0
4385.0,4390.0,4387.5,8.7019e-05,0.000435095,0
4390.0,4395.0,4392.5,7.1523e-05,0.000357615,0
4395.0,4400.0,4397.5,4.925342e-05,0.0002462671,0
4400.0,4405.0,4402.5,5.455246e-05,0.0002727623,0
4405.0,4410.0,4407.5,5.50973e-05,0.0002754865,0
4410.0,4415.0,4412.5,6.10508e-05,0.000305254,0
4415.0,4420.0,4417.5,3.045924e-05,0.0001522962,0
4420.0,4425.0,4422.5,5.837938e-05,0.0002918969,0
4425.0,4430.0,4427.5,4.44519e-05,0.0002222595,0
4430.0,4435.0,4432.5,5.274558e-05,0.0002637279,0
4435.0,4440.0,4437.5,4.784498e-05,0.0002392249,0
4440.0,4445.0,4442.5,9.661872e-05,0.0004830936,0
4445.0,4450.0,4447.5,7.638576e-05,0.0003819288,0
4450.0,4455.0,4452.5,6.230002e-05,0.0003115001,0
4455.0,4460.0,4457.5,7.024972e-05,0.0003512486,0
4460.0,4465.0,4462.5,7.46437e-05,0.0003732185,0
4465.0,4470.0,4467.5,5.98184e-05,0.000299092,0
4470.0,4475.0,4472.5,4.949714e-05,0.0002474857,0
4475.0,4480.0,4477.5,5.626748e-05,0.0002813374,0
4480.0,4485.0,4482.5,8.154384e-05,0.0004077192,0
4485.0,4490.0,4487.5,5.96984e-05,0.000298492,0
4490.0,4495.0,4492.5,0.0001018426,0.000509213,0
4495.0,4500.0,4497.5,7.350466e-05,0.0003675233,0
4500.0,4505.0,4502.5,5.726976e-05,0.0002863488,0
4505.0,4510.0,4507.5,6.089726e-05,0.0003044863,0
4510.0,4515.0,4512.5,8.727016e-05,0.0004363508,0
4515.0,4520.0,4517.5,6.440158e-05,0.0003220079,0
4520.0,4525.0,4522.5,6.217258e-05,0.0003108629,0
4525.0,4530.0,4527.5,6.411668e-05,0.0003205834,0
4530.0,4535.0,4532.5,3.89781e-05,0.0001948905,0
4535.0,4540.0,4537.5,3.187574e-05,0.0001593787,0
4540.0,4545.0,4542.5,6.192526e-05,0.0003096263,0
4545.0,4550.0,4547.5,5.587782e-05,0.0002793891,0
4550.0,4555.0,4552.5,7.60122e-05,0.000380061,0
4555.0,4560.0,4557.5,6.511374e-05,0.0003255687,0
4560.0,4565.0,4562.5,7.183736e-05,0.0003591868,0
4565.0,4570.0,4567.5,5.244026e-05,0.0002622013,0
4570.0,4575.0,4572.5,5.967194e-05,0.0002983597,0
4575.0,4580.0,4577.5,7.076468e-05,0.0003538234,0
4580.0,4585.0,4582.5,4.57445e-05,0.0002287225,0
4585.0,4590.0,4587.5,6.114688e-05,0.0003057344,0
4590.0,4595.0,4592.5,5.872872e-05,0.0002936436,0
4595.0,4600.0,4597.5,5.477032e-05,0.0002738516,0
4600.0,4605.0,4602.5,8.15668e-05,0.000407834,0
4605.0,4610.0,4607.5,5.506934e-05,0.0002753467,0
4610.0,4615.0,4612.5,5.7684e-05,0.00028842,0
4615.0,4620.0,4617.5,7.302582e-05,0.0003651291,0
4620.0,4625.0,4622.5,6.002332e-05,0.0003001166,0
4625.0,4630.0,4627.5,4.533174e-05,0.0002266587,0
4630.0,4635.0,4632.5,7.417006e-05,0.0003708503,0
4635.0,4640.0,4637.5,7.013538e-05,0.0003506769,0
4640.0,4645.0,4642.5,5.268482e-05,0.0002634241,0
4645.0,4650.0,4647.5,6.208676e-05,0.0003104338,0
4650.0,4655.0,4652.5,5.498772e-05,0.0002749386,0
4655.0,4660.0,4657.5,4.740598e-05,0.0002370299,0
4660.0,4665.0,4662.5,9.173888e-05,0.0004586944,0
4665.0,4670.0,4667.5,5.89533e-05,0.0002947665,0
4670.0,4675.0,4672.5,7.496472e-05,0.0003748236,0
4675.0,4680.0,4677.5,6.798506e-05,0.0003399253,0
4680.0,4685.0,4682.5,7.013862e-05,0.0003506931,0
4685.0,4690.0,4687.5,4.852068e-05,0.0002426034,0
4690.0,4695.0,4692.5,9.358662e-05,0.0004679331,0
4695.0,4700.0,4697.5,4.796598e-05,0.0002398299,0
4700.0,4705.0,4702.5,5.429528e-05,0.0002714764,0
4705.0,4710.0,4707.5,4.808628e-05,0.0002404314,0
4710.0,4715.0,4712.5,5.999346e-05,0.0002999673,0
4715.0,4720.0,4717.5,5.778998e-05,0.0002889499,0
4720.0,4725.0,4722.5,4.013542e-05,0.0002006771,0
4725.0,4730.0,4727.5,4.1441e-05,0.000207205,0
4730.0,4735.0,4732.5,6.863684e-05,0.0003431842,0
4735.0,4740.0,4737.5,5.519246e-05,0.0002759623,0
4740.0,4745.0,4742.5,7.00902e-05,0.000350451,0
4745.0,4750.0,4747.5,4.343318e-05,0.0002171659,0
4750.0,4755.0,4752.5,3.778986e-05,0.0001889493,0
4755.0,4760.0,4757.5,4.74162e-05,0.000237081,0
4760.0,4765.0,4762.5,6.215542e-05,0.0003107771,0
4765.0,4770.0,4767.5,6.721752e-05,0.0003360876,0
4770.0,4775.0,4772.5,6.94382e-05,0.000347191,0
4775.0,4780.0,4777.5,9.304766e-05,0.0004652383,0
4780.0,4785.0,4782.5,8.804188e-05,0.0004402094,0
4785.0,4790.0,4787.5,6.498994e-05,0.0003249497,0
4790.0,4795.0,4792.5,6.351618e-05,0.0003175809,0
4795.0,4800.0,4797.5,5.029902e-05,0.0002514951,0
4800.0,4805.0,4802.5,7.982924e-05,0.0003991462,0
4805.0,4810.0,4807.5,4.653158e-05,0.0002326579,0
4810.0,4815.0,4812.5,7.811698e-05,0.0003905849,0
4815.0,4820.0,4817.5,6.855906e-05,0.0003427953,0
4820.0,4825.0,4822.5,7.554056e-05,0.0003777028,0
4825.0,4830.0,4827.5,4.314072e-05,0.0002157036,0
4830.0,4835.0,4832.5,5.533236e-05,0.0002766618,0
4835.0,4840.0,4837.5,6.789544e-05,0.0003394772,0
4840.0,4845.0,4842.5,5.264778e-05,0.0002632389,0
4845.0,4850.0,4847.5,6.889482e-05,0.0003444741,0
4850.0,4855.0,4852.5,3.713858e-05,0.0001856929,0
4855.0,4860.0,4857.5,5.54718e-05,0.000277359,0
4860.0,4865.0,4862.5,3.1209e-05,0.000156045,0
4865.0,4870.0,4867.5,6.030418e-05,0.0003015209,0
4870.0,4875.0,4872.5,5.133604e-05,0.0002566802,0
4875.0,4880.0,4877.5,5.529348e-05,0.0002764674,0
4880.0,4885.0,4882.5,4.97257e-05,0.0002486285,0
4885.0,4890.0,4887.5,6.95158e-05,0.000347579,0
4890.0,4895.0,4892.5,6.576334e-05,0.0003288167,0
4895.0,4900.0,4897.5,8.536314e-05,0.0004268157,0
4900.0,4905.0,4902.5,5.647834e-05,0.0002823917,0
4905.0,4910.0,4907.5,7.538108e-05,0.0003769054,0
4910.0,4915.0,4912.5,3.784252e-05,0.0001892126,0
4915.0,4920.0,4917.5,6.253694e-05,0.0003126847,0
4920.0,4925.0,4922.5,6.731402e-05,0.0003365701,0
4925.0,4930.0,4927.5,5.969942e-05,0.0002984971,0
4930.0,4935.0,4932.5,8.29102e-05,0.000414551,0
4935.0,4940.0,4937.5,5.24251e-05,0.0002621255,0
4940.0,4945.0,4942.5,4.00351e-05,0.0002001755,0
4945.0,4950.0,4947.5,2.281298e-05,0.0001140649,0
4950.0,4955.0,4952.5,8.588536e-05,0.0004294268,0
4955.0,4960.0,4957.5,5.724374e-05,0.0002862187,0
4960.0,4965.0,4962.5,5.420494e-05,0.0002710247,0
4965.0,4970.0,4967.5,6.245268e-05,0.0003122634,0
4970.0,4975.0,4972.5,5.086144e-05,0.0002543072,0
4975.0,4980.0,4977.5,4.975836e-05,0.0002487918,0
4980.0,4985.0,4982.5,9.170214e-05,0.0004585107,0
4985.0,4990.0,4987.5,8.092384e-05,0.0004046192,0
4990.0,4995.0,4992.5,3.568536e-05,0.0001784268,0
4995.0,5000.0,4997.5,7.640042e-05,0.0003820021,0
5000.0,5005.0,5002.5,4.25859e-05,0.0002129295,0
5005.0,5010.0,5007.5,3.393326e-05,0.0001696663,0
5010.0,5015.0,5012.5,6.258824e-05,0.0003129412,0
5015.0,5020.0,5017.5,6.162562e-05,0.0003081281,0
5020.0,5025.0,5022.5,6.402846e-05,0.0003201423,0
5025.0,5030.0,5027.5,7.792612e-05,0.0003896306,0
5030.0,5035.0,5032.5,4.07925e-05,0.0002039625,0
5035.0,5040.0,5037.5,4.733558e-05,0.0002366779,0
5040.0,5045.0,5042.5,5.093862e-05,0.0002546931,0
5045.0,5050.0,5047.5,0.00010047546,0.0005023773,0
5050.0,5055.0,5052.5,7.003264e-05,0.0003501632,0
5055.0,5060.0,5057.5,6.167378e-05,0.0003083689,0
5060.0,5065.0,5062.5,5.716058e-05,0.0002858029,0
5065.0,5070.0,5067.5,7.022422e-05,0.0003511211,0
5070.0,5075.0,5072.5,4.343318e-05,0.0002171659,0
5075.0,5080.0,5077.5,7.123808e-05,0.0003561904,0
5080.0,5085.0,5082.5,3.83006e-05,0.000191503,0
5085.0,5090.0,5087.5,4.604596e-05,0.0002302298,0
5090.0,5095.0,5092.5,5.977666e-05,0.0002988833,0
5095.0,5100.0,5097.5,6.221152e-05,0.0003110576,0
5100.0,5105.0,5102.5,6.42245e-05,0.0003211225,0
5105.0,5110.0,5107.5,4.149224e-05,0.0002074612,0
5110.0,5115.0,5112.5,6.467072e-05,0.0003233536,0
5115.0,5120.0,5117.5,9.286748e-05,0.0004643374,0
5120.0,5125.0,5122.5,5.444298e-05,0.0002722149,0
5125.0,5130.0,5127.5,4.087638e-05,0.0002043819,0
5130.0,5135.0,5132.5,6.793192e-05,0.0003396596,0
5135.0,5140.0,5137.5,4.85095e-05,0.0002425475,0
5140.0,5145.0,5142.5,4.827916e-05,0.0002413958,0
5145.0,5150.0,5147.5,7.189104e-05,0.0003594552,0
5150.0,5155.0,5152.5,4.937464e-05,0.0002468732,0
5155.0,5160.0,5157.5,5.611346e-05,0.0002805673,0
5160.0,5165.0,5162.5,8.521974e-05,0.0004260987,0
5165.0,5170.0,5167.5,5.657366e-05,0.0002828683,0
5170.0,5175.0,5172.5,3.752474e-05,0.0001876237,0
5175.0,5180.0,5177.5,4.700996e-05,0.0002350498,0
5180.0,5185.0,5182.5,4.13181e-05,0.0002065905,0
5185.0,5190.0,5187.5,5.592048e-05,0.0002796024,0
5190.0,5195.0,5192.5,4.906814e-05,0.0002453407,0
5195.0,5200.0,5197.5,5.519562e-05,0.0002759781,0
5200.0,5205.0,5202.5,6.382424e-05,0.0003191212,0
5205.0,5210.0,5207.5,6.406344e-05,0.0003203172,0
5210.0,5215.0,5212.5,4.404106e-05,0.0002202053,0
5215.0,5220.0,5217.5,5.309642e-05,0.0002654821,0
5220.0,5225.0,5222.5,8.032896e-05,0.0004016448,0
5225.0,5230.0,5227.5,3.825664e-05,0.0001912832,0
5230.0,5235.0,5232.5,4.019834e-05,0.0002009917,0
5235.0,5240.0,5237.5,5.086838e-05,0.0002543419,0
5240.0,5245.0,5242.5,5.219182e-05,0.0002609591,0
5245.0,5250.0,5247.5,4.930144e-05,0.0002465072,0
5250.0,5255.0,5252.5,4.29633e-05,0.0002148165,0
5255.0,5260.0,5257.5,6.791172e-05,0.0003395586,0
5260.0,5265.0,5262.5,3.93571e-05,0.0001967855,0
5265.0,5270.0,5267.5,4.246556e-05,0.0002123278,0
5270.0,5275.0,5272.5,4.377492e-05,0.0002188746,0
5275.0,5280.0,5277.5,8.18473e-05,0.0004092365,0
5280.0,5285.0,5282.5,6.35187e-05,0.0003175935,0
5285.0,5290.0,5287.5,3.777876e-05,0.0001888938,0
5290.0,5295.0,5292.5,4.17543e-05,0.0002087715,0
5295.0,5300.0,5297.5,3.971572e-05,0.0001985786,0
5300.0,5305.0,5302.5,4.62659e-05,0.0002313295,0
5305.0,5310.0,5307.5,6.378482e-05,0.0003189241,0
5310.0,5315.0,5312.5,5.865936e-05,0.0002932968,0
5315.0,5320.0,5317.5,6.05076e-05,0.000302538,0
5320.0,5325.0,5322.5,4.182932e-05,0.0002091466,0
5325.0,5330.0,5327.5,4.756724e-05,0.0002378362,0
5330.0,5335.0,5332.5,6.254516e-05,0.0003127258,0
5335.0,5340.0,5337.5,4.813534e-05,0.0002406767,0
5340.0,5345.0,5342.5,6.310426e-05,0.0003155213,0
5345.0,5350.0,5347.5,6.243918e-05,0.0003121959,0
5350.0,5355.0,5352.5,4.30453e-05,0.0002152265,0
5355.0,5360.0,5357.5,7.397524e-05,0.0003698762,0
5360.0,5365.0,5362.5,5.938236e-05,0.0002969118,0
5365.0,5370.0,5367.5,4.274642e-05,0.0002137321,0
5370.0,5375.0,5372.5,4.619898e-05,0.0002309949,0
5375.0,5380.0,5377.5,5.804724e-05,0.0002902362,0
5380.0,5385.0,5382.5,7.387802e-05,0.0003693901,0
5385.0,5390.0,5387.5,4.359426e-05,0.0002179713,0
5390.0,5395.0,5392.5,6.371246e-05,0.0003185623,0
5395.0,5400.0,5397.5,4.620768e-05,0.0002310384,0
5400.0,5405.0,5402.5,3.681338e-05,0.0001840669,0
5405.0,5410.0,5407.5,3.578482e-05,0.0001789241,0
5410.0,5415.0,5412.5,6.773854e-05,0.0003386927,0
5415.0,5420.0,5417.5,6.819792e-05,0.0003409896,0
5420.0,5425.0,5422.5,5.786288e-05,0.0002893144,0
5425.0,5430.0,5427.5,4.065874e-05,0.0002032937,0
5430.0,5435.0,5432.5,5.264992e-05,0.0002632496,0
5435.0,5440.0,5437.5,3.722096e-05,0.0001861048,0
5440.0,5445.0,5442.5,4.306992e-05,0.0002153496,0
5445.0,5450.0,5447.5,4.48162e-05,0.000224081,0
5450.0,5455.0,5452.5,6.258404e-05,0.0003129202,0
5455.0,5460.0,5457.5,4.700942e-05,0.0002350471,0
5460.0,5465.0,5462.5,4.296308e-05,0.0002148154,0
5465.0,5470.0,5467.5,6.00452e-05,0.000300226,0
5470.0,5475.0,5472.5,4.055226e-05,0.0002027613,0
5475.0,5480.0,5477.5,4.700206e-05,0.0002350103,0
5480.0,5485.0,5482.5,7.192606e-05,0.0003596303,0
5485.0,5490.0,5487.5,4.332656e-05,0.0002166328,0
5490.0,5495.0,5492.5,4.106216e-05,0.0002053108,0
5495.0,5500.0,5497.5,5.673018e-05,0.0002836509,0
5500.0,5505.0,5502.5,5.718008e-05,0.0002859004,0
5505.0,5510.0,5507.5,3.756976e-05,0.0001878488,0
5510.0,5515.0,5512.5,5.519124e-05,0.0002759562,0
5515.0,5520.0,5517.5,7.385178e-05,0.0003692589,0
5520.0,5525.0,5522.5,5.424762e-05,0.0002712381,0
5525.0,5530.0,5527.5,4.231812e-05,0.0002115906,0
5530.0,5535.0,5532.5,3.71815e-05,0.0001859075,0
5535.0,5540.0,5537.5,6.588448e-05,0.0003294224,0
5540.0,5545.0,5542.5,5.067608e-05,0.0002533804,0
5545.0,5550.0,5547.5,5.242986e-05,0.0002621493,0
5550.0,5555.0,5552.5,7.789446e-05,0.0003894723,0
5555.0,5560.0,5557.5,5.635156e-05,0.0002817578,0
5560.0,5565.0,5562.5,2.942924e-05,0.0001471462,0
5565.0,5570.0,5567.5,3.950418e-05,0.0001975209,0
5570.0,5575.0,5572.5,6.212586e-05,0.0003106293,0
5575.0,5580.0,5577.5,4.491416e-05,0.0002245708,0
5580.0,5585.0,5582.5,7.312428e-05,0.0003656214,0
5585.0,5590.0,5587.5,4.691e-05,0.00023455,0
5590.0,5595.0,5592.5,2.272864e-05,0.0001136432,0
5595.0,5600.0,5597.5,5.25938e-05,0.000262969,0
5600.0,5605.0,5602.5,5.259322e-05,0.0002629661,0
5605.0,5610.0,5607.5,4.950382e-05,0.0002475191,0
5610.0,5615.0,5612.5,5.62466e-05,0.000281233,0
5615.0,5620.0,5617.5,8.32157e-05,0.0004160785,0
5620.0,5625.0,5622.5,4.012264e-05,0.0002006132,0
5625.0,5630.0,5627.5,5.311084e-05,0.0002655542,0
5630.0,5635.0,5632.5,2.167248e-05,0.0001083624,0
5635.0,5640.0,5637.5,5.048906e-05,0.0002524453,0
5640.0,5645.0,5642.5,5.157296e-05,0.0002578648,0
5645.0,5650.0,5647.5,7.903868e-05,0.0003951934,0
5650.0,5655.0,5652.5,7.316522e-05,0.0003658261,0
5655.0,5660.0,5657.5,7.273662e-05,0.0003636831,0
5660.0,5665.0,5662.5,5.996468e-05,0.0002998234,0
5665.0,5670.0,5667.5,4.577112e-05,0.0002288556,0
5670.0,5675.0,5672.5,5.640194e-05,0.0002820097,0
5675.0,5680.0,5677.5,5.75708e-05,0.000287854,0
5680.0,5685.0,5682.5,7.253488e-05,0.0003626744,0
5685.0,5690.0,5687.5,7.77528e-05,0.000388764,0
5690.0,5695.0,5692.5,3.564344e-05,0.0001782172,0
5695.0,5700.0,5697.5,4.65857e-05,0.0002329285,0
5700.0,5705.0,5702.5,6.85978e-05,0.000342989,0
5705.0,5710.0,5707.5,3.380286e-05,0.0001690143,0
5710.0,5715.0,5712.5,6.114016e-05,0.0003057008,0
5715.0,5720.0,5717.5,6.368354e-05,0.0003184177,0
5720.0,5725.0,5722.5,5.690688e-05,0.0002845344,0
5725.0,5730.0,5727.5,5.698706e-05,0.0002849353,0
5730.0,5735.0,5732.5,5.15671e-05,0.0002578355,0
5735.0,5740.0,5737.5,4.25975e-05,0.0002129875,0
5740.0,5745.0,5742.5,6.184406e-05,0.0003092203,0
5745.0,5750.0,5747.5,4.823388e-05,0.0002411694,0
5750.0,5755.0,5752.5,2.077166e-05,0.0001038583,0
5755.0,5760.0,5757.5,6.193452e-05,0.0003096726,0
5760.0,5765.0,5762.5,5.129386e-05,0.0002564693,0
5765.0,5770.0,5767.5,4.165922e-05,0.0002082961,0
5770.0,5775.0,5772.5,3.739972e-05,0.0001869986,0
5775.0,5780.0,5777.5,5.526866e-05,0.0002763433,0
5780.0,5785.0,5782.5,5.568764e-05,0.0002784382,0
5785.0,5790.0,5787.5,5.286316e-05,0.0002643158,0
5790.0,5795.0,5792.5,6.831052e-05,0.0003415526,0
5795.0,5800.0,5797.5,3.97307e-05,0.0001986535,0
5800.0,5805.0,5802.5,5.277208e-05,0.0002638604,0
5805.0,5810.0,5807.5,6.363212e-05,0.0003181606,0
5810.0,5815.0,5812.5,6.148264e-05,0.0003074132,0
5815.0,5820.0,5817.5,5.902768e-05,0.0002951384,0
5820.0,5825.0,5822.5,8.345392e-05,0.0004172696,0
5825.0,5830.0,5827.5,4.901586e-05,0.0002450793,0
5830.0,5835.0,5832.5,6.233196e-05,0.0003116598,0
5835.0,5840.0,5837.5,6.926738e-05,0.0003463369,0
5840.0,5845.0,5842.5,6.087894e-05,0.0003043947,0
5845.0,5850.0,5847.5,4.77761e-05,0.0002388805,0
5850.0,5855.0,5852.5,4.637166e-05,0.0002318583,0
5855.0,5860.0,5857.5,5.601636e-05,0.0002800818,0
5860.0,5865.0,5862.5,5.774968e-05,0.0002887484,0
5865.0,5870.0,5867.5,7.52431e-05,0.0003762155,0
5870.0,5875.0,5872.5,5.5306e-05,0.00027653,0
5875.0,5880.0,5877.5,6.629258e-05,0.0003314629,0
5880.0,5885.0,5882.5,4.685118e-05,0.0002342559,0
5885.0,5890.0,5887.5,5.466638e-05,0.0002733319,0
5890.0,5895.0,5892.5,3.040284e-05,0.0001520142,0
5895.0,5900.0,5897.5,7.23978e-05,0.000361989,0
5900.0,5905.0,5902.5,2.993928e-05,0.0001496964,0
5905.0,5910.0,5907.5,3.980276e-05,0.0001990138,0
5910.0,5915.0,5912.5,6.37333e-05,0.0003186665,0
5915.0,5920.0,5917.5,3.412574e-05,0.0001706287,0
5920.0,5925.0,5922.5,7.601192e-05,0.0003800596,0
5925.0,5930.0,5927.5,7.151398e-05,0.0003575699,0
5930.0,5935.0,5932.5,3.049052e-05,0.0001524526,0
5935.0,5940.0,5937.5,4.934418e-05,0.0002467209,0
5940.0,5945.0,5942.5,3.358888e-05,0.0001679444,0
5945.0,5950.0,5947.5,3.622002e-05,0.0001811001,0
5950.0,5955.0,5952.5,4.658844e-05,0.0002329422,0
5955.0,5960.0,5957.5,6.823842e-05,0.0003411921,0
5960.0,5965.0,5962.5,3.846678e-05,0.0001923339,0
5965.0,5970.0,5967.5,4.750874e-05,0.0002375437,0
5970.0,5975.0,5972.5,4.049024e-05,0.0002024512,0
5975.0,5980.0,5977.5,8.211448e-05,0.0004105724,0
5980.0,5985.0,5982.5,4.656962e-05,0.0002328481,0
5985.0,5990.0,5987.5,7.579836e-05,0.0003789918,0
5990.0,5995.0,5992.5,7.42561e-05,0.0003712805,0
5995.0,6000.0,5997.5,4.42798e-05,0.000221399,0
6000.0,6005.0,6002.5,6.686376e-05,0.0003343188,0
6005.0,6010.0,6007.5,2.972226e-05,0.0001486113,0
6010.0,6015.0,6012.5,8.090954e-05,0.0004045477,0
6015.0,6020.0,6017.5,5.911394e-05,0.0002955697,0
6020.0,6025.0,6022.5,7.599752e-05,0.0003799876,0
6025.0,6030.0,6027.5,5.411888e-05,0.0002705944,0
6030.0,6035.0,6032.5,4.68149e-05,0.0002340745,0
6035.0,6040.0,6037.5,3.717292e-05,0.0001858646,0
6040.0,6045.0,6042.5,7.5633e-05,0.000378165,0
6045.0,6050.0,6047.5,3.574162e-05,0.0001787081,0
6050.0,6055.0,6052.5,8.181326e-05,0.0004090663,0
6055.0,6060.0,6057.5,5.549898e-05,0.0002774949,0
6060.0,6065.0,6062.5,6.076262e-05,0.0003038131,0
6065.0,6070.0,6067.5,2.935902e-05,0.0001467951,0
6070.0,6075.0,6072.5,7.272988e-05,0.0003636494,0
6075.0,6080.0,6077.5,3.912724e-05,0.0001956362,0
6080.0,6085.0,6082.5,4.490504e-05,0.0002245252,0
6085.0,6090.0,6087.5,7.272086e-05,0.0003636043,0
6090.0,6095.0,6092.5,6.821938e-05,0.0003410969,0
6095.0,6100.0,6097.5,3.440062e-05,0.0001720031,0
6100.0,6105.0,6102.5,5.204966e-05,0.0002602483,0
6105.0,6110.0,6107.5,2.968476e-05,0.0001484238,0
6110.0,6115.0,6112.5,7.583344e-05,0.0003791672,0
6115.0,6120.0,6117.5,4.516204e-05,0.0002258102,0
6120.0,6125.0,6122.5,6.155488e-05,0.0003077744,0
6125.0,6130.0,6127.5,4.813196e-05,0.0002406598,0
6130.0,6135.0,6132.5,7.448606e-05,0.0003724303,0
6135.0,6140.0,6137.5,3.69518e-05,0.000184759,0
6140.0,6145.0,6142.5,4.7089e-05,0.000235445,0
6145.0,6150.0,6147.5,5.468032e-05,0.0002734016,0
6150.0,6155.0,6152.5,4.316962e-05,0.0002158481,0
6155.0,6160.0,6157.5,5.686232e-05,0.0002843116,0
6160.0,6165.0,6162.5,6.057884e-05,0.0003028942,0
6165.0,6170.0,6167.5,5.069544e-05,0.0002534772,0
6170.0,6175.0,6172.5,4.39617e-05,0.0002198085,0
6175.0,6180.0,6177.5,6.261002e-05,0.0003130501,0
6180.0,6185.0,6182.5,3.202742e-05,0.0001601371,0
6185.0,6190.0,6187.5,4.511568e-05,0.0002255784,0
6190.0,6195.0,6192.5,4.855042e-05,0.0002427521,0
6195.0,6200.0,6197.5,5.84829e-05,0.0002924145,0
6200.0,6205.0,6202.5,7.531134e-05,0.0003765567,0
6205.0,6210.0,6207.5,4.229632e-05,0.0002114816,0
6210.0,6215.0,6212.5,5.076856e-05,0.0002538428,0
6215.0,6220.0,6217.5,8.514924e-05,0.0004257462,0
6220.0,6225.0,6222.5,7.606624e-05,0.0003803312,0
6225.0,6230.0,6227.5,3.93228e-05,0.000196614,0
6230.0,6235.0,6232.5,5.947758e-05,0.0002973879,0
6235.0,6240.0,6237.5,7.439998e-05,0.0003719999,0
6240.0,6245.0,6242.5,3.655194e-05,0.0001827597,0
6245.0,6250.0,6247.5,5.201858e-05,0.0002600929,0
6250.0,6255.0,6252.5,4.748496e-05,0.0002374248,0
6255.0,6260.0,6257.5,2.816076e-05,0.0001408038,0
6260.0,6265.0,6262.5,3.572586e-05,0.0001786293,0
6265.0,6270.0,6267.5,2.996546e-05,0.0001498273,0
6270.0,6275.0,6272.5,4.307178e-05,0.0002153589,0
6275.0,6280.0,6277.5,5.777146e-05,0.0002888573,0
6280.0,6285.0,6282.5,8.026722e-05,0.0004013361,0
6285.0,6290.0,6287.5,5.816922e-05,0.0002908461,0
6290.0,6295.0,6292.5,4.540488e-05,0.0002270244,0
6295.0,6300.0,6297.5,5.434448e-05,0.0002717224,0
6300.0,6305.0,6302.5,6.737516e-05,0.0003368758,0
6305.0,6310.0,6307.5,7.1495e-05,0.000357475,0
6310.0,6315.0,6312.5,5.758676e-05,0.0002879338,0
6315.0,6320.0,6317.5,5.90381e-05,0.0002951905,0
6320.0,6325.0,6322.5,7.15982e-05,0.000357991,0
6325.0,6330.0,6327.5,5.43525e-05,0.0002717625,0
6330.0,6335.0,6332.5,3.957118e-05,0.0001978559,0
6335.0,6340.0,6337.5,3.87929e-05,0.0001939645,0
6340.0,6345.0,6342.5,5.939742e-05,0.0002969871,0
6345.0,6350.0,6347.5,5.009064e-05,0.0002504532,0
6350.0,6355.0,6352.5,4.592884e-05,0.0002296442,0
6355.0,6360.0,6357.5,7.575626e-05,0.0003787813,0
6360.0,6365.0,6362.5,8.486804e-05,0.0004243402,0
6365.0,6370.0,6367.5,3.790776e-05,0.0001895388,0
6370.0,6375.0,6372.5,8.631514e-05,0.0004315757,0
6375.0,6380.0,6377.5,5.9648e-05,0.00029824,0
6380.0,6385.0,6382.5,6.23605e-05,0.0003118025,0
6385.0,6390.0,6387.5,4.15671e-05,0.0002078355,0
6390.0,6395.0,6392.5,5.665242e-05,0.0002832621,0
6395.0,6400.0,6397.5,8.871812e-05,0.0004435906,0
6400.0,6405.0,6402.5,4.212388e-05,0.0002106194,0
6405.0,6410.0,6407.5,7.172884e-05,0.0003586442,0
6410.0,6415.0,6412.5,3.862318e-05,0.0001931159,0
6415.0,6420.0,6417.5,4.888332e-05,0.0002444166,0
6420.0,6425.0,6422.5,7.393338e-05,0.0003696669,0
6425.0,6430.0,6427.5,5.819698e-05,0.0002909849,0
6430.0,6435.0,6432.5,3.85291e-05,0.0001926455,0
6435.0,6440.0,6437.5,6.165244e-05,0.0003082622,0
6440.0,6445.0,6442.5,7.252804e-05,0.0003626402,0
6445.0,6450.0,6447.5,5.681382e-05,0.0002840691,0
6450.0,6455.0,6452.5,4.0508e-05,0.00020254,0
6455.0,6460.0,6457.5,3.9199e-05,0.000195995,0
6460.0,6465.0,6462.5,4.924902e-05,0.0002462451,0
6465.0,6470.0,6467.5,7.396276e-05,0.0003698138,0
6470.0,6475.0,6472.5,2.68307e-05,0.0001341535,0
6475.0,6480.0,6477.5,7.337454e-05,0.0003668727,0
6480.0,6485.0,6482.5,6.002506e-05,0.0003001253,0
6485.0,6490.0,6487.5,3.852796e-05,0.0001926398,0
6490.0,6495.0,6492.5,2.457386e-05,0.0001228693,0
6495.0,6500.0,6497.5,3.754838e-05,0.0001877419,0
6500.0,6505.0,6502.5,8.285078e-05,0.0004142539,0
6505.0,6510.0,6507.5,5.442878e-05,0.0002721439,0
6510.0,6515.0,6512.5,5.994734e-05,0.0002997367,0
6515.0,6520.0,6517.5,3.93947e-05,0.0001969735,0
6520.0,6525.0,6522.5,4.89883e-05,0.0002449415,0
6525.0,6530.0,6527.5,6.297388e-05,0.0003148694,0
6530.0,6535.0,6532.5,5.662422e-05,0.0002831211,0
6535.0,6540.0,6537.5,4.741742e-05,0.0002370871,0
6540.0,6545.0,6542.5,5.7853e-05,0.000289265,0
6545.0,6550.0,6547.5,3.572722e-05,0.0001786361,0
6550.0,6555.0,6552.5,6.197458e-05,0.0003098729,0
6555.0,6560.0,6557.5,4.547428e-05,0.0002273714,0
6560.0,6565.0,6562.5,6.111984e-05,0.0003055992,0
6565.0,6570.0,6567.5,7.305572e-05,0.0003652786,0
6570.0,6575.0,6572.5,4.586246e-05,0.0002293123,0
6575.0,6580.0,6577.5,3.217954e-05,0.0001608977,0
6580.0,6585.0,6582.5,4.091038e-05,0.0002045519,0
6585.0,6590.0,6587.5,6.699482e-05,0.0003349741,0
6590.0,6595.0,6592.5,5.293556e-05,0.0002646778,0
6595.0,6600.0,6597.5,8.108236e-05,0.0004054118,0
6600.0,6605.0,6602.5,5.122398e-05,0.0002561199,0
6605.0,6610.0,6607.5,9.159944e-05,0.0004579972,0
6610.0,6615.0,6612.5,6.638206e-05,0.0003319103,0
6615.0,6620.0,6617.5,5.00182e-05,0.000250091,0
6620.0,6625.0,6622.5,4.286906e-05,0.0002143453,0
6625.0,6630.0,6627.5,4.694584e-05,0.0002347292,0
6630.0,6635.0,6632.5,4.426596e-05,0.0002213298,0
6635.0,6640.0,6637.5,6.180974e-05,0.0003090487,0
6640.0,6645.0,6642.5,6.473566e-05,0.0003236783,0
6645.0,6650.0,6647.5,5.058688e-05,0.0002529344,0
6650.0,6655.0,6652.5,3.871048e-05,0.0001935524,0
6655.0,6660.0,6657.5,3.77208e-05,0.000188604,0
6660.0,6665.0,6662.5,5.921042e-05,0.0002960521,0
6665.0,6670.0,6667.5,5.031934e-05,0.0002515967,0
6670.0,6675.0,6672.5,6.115852e-05,0.0003057926,0
6675.0,6680.0,6677.5,2.698624e-05,0.0001349312,0
6680.0,6685.0,6682.5,5.92848e-05,0.000296424,0
6685.0,6690.0,6687.5,4.610968e-05,0.0002305484,0
6690.0,6695.0,6692.5,3.204156e-05,0.0001602078,0
6695.0,6700.0,6697.5,4.796326e-05,0.0002398163,0
6700.0,6705.0,6702.5,3.972878e-05,0.0001986439,0
6705.0,6710.0,6707.5,5.480372e-05,0.0002740186,0
6710.0,6715.0,6712.5,6.295934e-05,0.0003147967,0
6715.0,6720.0,6717.5,6.339956e-05,0.0003169978,0
6720.0,6725.0,6722.5,5.507964e-05,0.0002753982,0
6725.0,6730.0,6727.5,6.838808e-05,0.0003419404,0
6730.0,6735.0,6732.5,3.21411e-05,0.0001607055,0
6735.0,6740.0,6737.5,5.268762e-05,0.0002634381,0
6740.0,6745.0,6742.5,5.193278e-05,0.0002596639,0
6745.0,6750.0,6747.5,8.18006e-05,0.000409003,0
6750.0,6755.0,6752.5,6.880728e-05,0.0003440364,0
6755.0,6760.0,6757.5,6.503052e-05,0.0003251526,0
6760.0,6765.0,6762.5,5.195772e-05,0.0002597886,0
6765.0,6770.0,6767.5,4.834098e-05,0.0002417049,0
6770.0,6775.0,6772.5,4.378342e-05,0.0002189171,0
6775.0,6780.0,6777.5,6.102316e-05,0.0003051158,0
6780.0,6785.0,6782.5,6.19843e-05,0.0003099215,0
6785.0,6790.0,6787.5,5.482326e-05,0.0002741163,0
6790.0,6795.0,6792.5,3.870914e-05,0.0001935457,0
6795.0,6800.0,6797.5,6.095358e-05,0.0003047679,0
6800.0,6805.0,6802.5,6.910538e-05,0.0003455269,0
6805.0,6810.0,6807.5,4.613734e-05,0.0002306867,0
6810.0,6815.0,6812.5,5.729768e-05,0.0002864884,0
6815.0,6820.0,6817.5,6.096672e-05,0.0003048336,0
6820.0,6825.0,6822.5,4.103314e-05,0.0002051657,0
6825.0,6830.0,6827.5,6.295038e-05,0.0003147519,0
6830.0,6835.0,6832.5,5.724138e-05,0.0002862069,0
6835.0,6840.0,6837.5,6.776526e-05,0.0003388263,0
6840.0,6845.0,6842.5,7.374782e-05,0.0003687391,0
6845.0,6850.0,6847.5,5.738724e-05,0.0002869362,0
6850.0,6855.0,6852.5,6.177194e-05,0.0003088597,0
6855.0,6860.0,6857.5,7.301672e-05,0.0003650836,0
6860.0,6865.0,6862.5,5.097406e-05,0.0002548703,0
6865.0,6870.0,6867.5,4.546784e-05,0.0002273392,0
6870.0,6875.0,6872.5,4.591224e-05,0.0002295612,0
6875.0,6880.0,6877.5,5.289578e-05,0.0002644789,0
6880.0,6885.0,6882.5,6.423978e-05,0.0003211989,0
6885.0,6890.0,6887.5,5.468218e-05,0.0002734109,0
6890.0,6895.0,6892.5,4.04123e-05,0.0002020615,0
6895.0,6900.0,6897.5,4.679062e-05,0.0002339531,0
6900.0,6905.0,6902.5,5.501898e-05,0.0002750949,0
6905.0,6910.0,6907.5,7.618858e-05,0.0003809429,0
6910.0,6915.0,6912.5,2.16451e-05,0.0001082255,0
6915.0,6920.0,6917.5,5.22976e-05,0.000261488,0
6920.0,6925.0,6922.5,5.596152e-05,0.0002798076,0
6925.0,6930.0,6927.5,4.27558e-05,0.000213779,0
6930.0,6935.0,6932.5,6.087524e-05,0.0003043762,0
6935.0,6940.0,6937.5,4.41615e-05,0.0002208075,0
6940.0,6945.0,6942.5,7.313812e-05,0.0003656906,0
6945.0,6950.0,6947.5,2.862974e-05,0.0001431487,0
6950.0,6955.0,6952.5,5.757662e-05,0.0002878831,0
6955.0,6960.0,6957.5,5.878934e-05,0.0002939467,0
6960.0,6965.0,6962.5,6.919742e-05,0.0003459871,0
6965.0,6970.0,6967.5,4.702464e-05,0.0002351232,0
6970.0,6975.0,6972.5,4.404392e-05,0.0002202196,0
6975.0,6980.0,6977.5,6.55187e-05,0.0003275935,0
6980.0,6985.0,6982.5,4.262106e-05,0.0002131053,0
6985.0,6990.0,6987.5,6.248528e-05,0.0003124264,0
6990.0,6995.0,6992.5,4.052188e-05,0.0002026094,0
6995.0,7000.0,6997.5,5.471046e-05,0.0002735523,0
7000.0,7005.0,7002.5,3.41828e-05,0.000170914,0
7005.0,7010.0,7007.5,6.02208e-05,0.000301104,0
7010.0,7015.0,7012.5,5.5639e-05,0.000278195,0
7015.0,7020.0,7017.5,8.73623e-05,0.0004368115,0
7020.0,7025.0,7022.5,5.0139e-05,0.000250695,0
7025.0,7030.0,7027.5,5.887606e-05,0.0002943803,0
7030.0,7035.0,7032.5,4.436104e-05,0.0002218052,0
7035.0,7040.0,7037.5,4.416102e-05,0.0002208051,0
7040.0,7045.0,7042.5,3.894104e-05,0.0001947052,0
7045.0,7050.0,7047.5,4.912716e-05,0.0002456358,0
7050.0,7055.0,7052.5,4.891118e-05,0.0002445559,0
7055.0,7060.0,7057.5,3.90204e-05,0.000195102,0
7060.0,7065.0,7062.5,5.235774e-05,0.0002617887,0
7065.0,7070.0,7067.5,2.87462e-05,0.000143731,0
7070.0,7075.0,7072.5,8.499602e-05,0.0004249801,0
7075.0,7080.0,7077.5,6.014354e-05,0.0003007177,0
7080.0,7085.0,7082.5,4.524602e-05,0.0002262301,0
7085.0,7090.0,7087.5,3.691606e-05,0.0001845803,0
7090.0,7095.0,7092.5,6.362296e-05,0.0003181148,0
7095.0,7100.0,7097.5,7.050094e-05,0.0003525047,0
7100.0,7105.0,7102.5,3.810796e-05,0.0001905398,0
7105.0,7110.0,7107.5,4.728738e-05,0.0002364369,0
7110.0,7115.0,7112.5,6.474676e-05,0.0003237338,0
7115.0,7120.0,7117.5,4.955704e-05,0.0002477852,0
7120.0,7125.0,7122.5,3.434468e-05,0.0001717234,0
7125.0,7130.0,7127.5,6.039528e-05,0.0003019764,0
7130.0,7135.0,7132.5,5.352214e-05,0.0002676107,0
7135.0,7140.0,7137.5,3.754594e-05,0.0001877297,0
7140.0,7145.0,7142.5,5.929946e-05,0.0002964973,0
7145.0,7150.0,7147.5,1.857652e-05,9.28826e-05,0
7150.0,7155.0,7152.5,5.011764e-05,0.0002505882,0
7155.0,7160.0,7157.5,3.73213e-05,0.0001866065,0
7160.0,7165.0,7162.5,5.902622e-05,0.0002951311,0
7165.0,7170.0,7167.5,7.63255e-05,0.0003816275,0
7170.0,7175.0,7172.5,4.251208e-05,0.0002125604,0
7175.0,7180.0,7177.5,4.667158e-05,0.0002333579,0
7180.0,7185.0,7182.5,4.016394e-05,0.0002008197,0
7185.0,7190.0,7187.5,4.241104e-05,0.0002120552,0
7190.0,7195.0,7192.5,4.54152e-05,0.000227076,0
7195.0,7200.0,7197.5,5.91318e-05,0.000295659,0
7200.0,7205.0,7202.5,5.224384e-05,0.0002612192,0
7205.0,7210.0,7207.5,4.266126e-05,0.0002133063,0
7210.0,7215.0,7212.5,5.32965e-05,0.0002664825,0
7215.0,7220.0,7217.5,3.22366e-05,0.000161183,0
7220.0,7225.0,7222.5,5.42848e-05,0.000271424,0
7225.0,7230.0,7227.5,7.359986e-05,0.0003679993,0
7230.0,7235.0,7232.5,4.544642e-05,0.0002272321,0
7235.0,7240.0,7237.5,3.805322e-05,0.0001902661,0
7240.0,7245.0,7242.5,5.022144e-05,0.0002511072,0
7245.0,7250.0,7247.5,5.514132e-05,0.0002757066,0
7250.0,7255.0,7252.5,3.444926e-05,0.0001722463,0
7255.0,7260.0,7257.5,4.586984e-05,0.0002293492,0
7260.0,7265.0,7262.5,4.78292e-05,0.000239146,0
7265.0,7270.0,7267.5,7.639712e-05,0.0003819856,0
7270.0,7275.0,7272.5,4.286796e-05,0.0002143398,0
7275.0,7280.0,7277.5,4.072618e-05,0.0002036309,0
7280.0,7285.0,7282.5,6.097548e-05,0.0003048774,0
7285.0,7290.0,7287.5,5.822784e-05,0.0002911392,0
7290.0,7295.0,7292.5,5.12576e-05,0.000256288,0
7295.0,7300.0,7297.5,5.80059e-05,0.0002900295,0
7300.0,7305.0,7302.5,3.683364e-05,0.0001841682,0
7305.0,7310.0,7307.5,1.962624e-05,9.81312e-05,0
7310.0,7315.0,7312.5,5.470054e-05,0.0002735027,0
7315.0,7320.0,7317.5,5.958734e-05,0.0002979367,0
7320.0,7325.0,7322.5,5.052948e-05,0.0002526474,0
7325.0,7330.0,7327.5,3.907148e-05,0.0001953574,0
7330.0,7335.0,7332.5,4.161092e-05,0.0002080546,0
7335.0,7340.0,7337.5,3.699162e-05,0.0001849581,0
7340.0,7345.0,7342.5,2.83828e-05,0.000141914,0
7345.0,7350.0,7347.5,3.257948e-05,0.0001628974,0
7350.0,7355.0,7352.5,6.37336e-05,0.000318668,0
7355.0,7360.0,7357.5,5.09725e-05,0.0002548625,0
7360.0,7365.0,7362.5,3.797774e-05,0.0001898887,0
7365.0,7370.0,7367.5,6.165136e-05,0.0003082568,0
7370.0,7375.0,7372.5,3.625472e-05,0.0001812736,0
7375.0,7380.0,7377.5,3.514892e-05,0.0001757446,0
7380.0,7385.0,7382.5,4.720288e-05,0.0002360144,0
7385.0,7390.0,7387.5,2.173556e-05,0.0001086778,0
7390.0,7395.0,7392.5,5.271128e-05,0.0002635564,0
7395.0,7400.0,7397.5,4.58138e-05,0.000229069,0
7400.0,7405.0,7402.5,4.980202e-05,0.0002490101,0
7405.0,7410.0,7407.5,4.402958e-05,0.0002201479,0
7410.0,7415.0,7412.5,5.74531e-05,0.0002872655,0
7415.0,7420.0,7417.5,3.840316e-05,0.0001920158,0
7420.0,7425.0,7422.5,4.07678e-05,0.000203839,0
7425.0,7430.0,7427.5,7.9511e-05,0.000397555,0
7430.0,7435.0,7432.5,3.753824e-05,0.0001876912,0
7435.0,7440.0,7437.5,4.607014e-05,0.0002303507,0
7440.0,7445.0,7442.5,3.070502e-05,0.0001535251,0
7445.0,7450.0,7447.5,4.589086e-05,0.0002294543,0
7450.0,7455.0,7452.5,7.566876e-05,0.0003783438,0
7455.0,7460.0,7457.5,3.832242e-05,0.0001916121,0
7460.0,7465.0,7462.5,7.111052e-05,0.0003555526,0
7465.0,7470.0,7467.5,5.000914e-05,0.0002500457,0
7470.0,7475.0,7472.5,7.730004e-05,0.0003865002,0
7475.0,7480.0,7477.5,3.008046e-05,0.0001504023,0
7480.0,7485.0,7482.5,9.421458e-05,0.0004710729,0
7485.0,7490.0,7487.5,3.046182e-05,0.0001523091,0
7490.0,7495.0,7492.5,3.145462e-05,0.0001572731,0
7495.0,7500.0,7497.5,5.170176e-05,0.0002585088,0
7500.0,7505.0,7502.5,2.096006e-05,0.0001048003,0
7505.0,7510.0,7507.5,3.224812e-05,0.0001612406,0
7510.0,7515.0,7512.5,5.77874e-05,0.000288937,0
7515.0,7520.0,7517.5,4.904206e-05,0.0002452103,0
7520.0,7525.0,7522.5,6.09274e-05,0.000304637,0
7525.0,7530.0,7527.5,3.60101e-05,0.0001800505,0
7530.0,7535.0,7532.5,6.361804e-05,0.0003180902,0
7535.0,7540.0,7537.5,5.766284e-05,0.0002883142,0
7540.0,7545.0,7542.5,6.531854e-05,0.0003265927,0
7545.0,7550.0,7547.5,5.831916e-05,0.0002915958,0
7550.0,7555.0,7552.5,3.912828e-05,0.0001956414,0
7555.0,7560.0,7557.5,3.650202e-05,0.0001825101,0
7560.0,7565.0,7562.5,5.471306e-05,0.0002735653,0
7565.0,7570.0,7567.5,6.019006e-05,0.0003009503,0
7570.0,7575.0,7572.5,4.114318e-05,0.0002057159,0
7575.0,7580.0,7577.5,4.601072e-05,0.0002300536,0
7580.0,7585.0,7582.5,5.412336e-05,0.0002706168,0
7585.0,7590.0,7587.5,6.83856e-05,0.000341928,0
7590.0,7595.0,7592.5,6.519514e-05,0.0003259757,0
7595.0,7600.0,7597.5,3.093618e-05,0.0001546809,0
7600.0,7605.0,7602.5,6.618262e-05,0.0003309131,0
7605.0,7610.0,7607.5,5.11265e-05,0.0002556325,0
7610.0,7615.0,7612.5,5.888864e-05,0.0002944432,0
7615.0,7620.0,7617.5,5.238696e-05,0.0002619348,0
7620.0,7625.0,7622.5,2.454882e-05,0.0001227441,0
7625.0,7630.0,7627.5,3.663106e-05,0.0001831553,0
7630.0,7635.0,7632.5,6.485838e-05,0.0003242919,0
7635.0,7640.0,7637.5,4.797612e-05,0.0002398806,0
7640.0,7645.0,7642.5,5.814722e-05,0.0002907361,0
7645.0,7650.0,7647.5,5.488736e-05,0.0002744368,0
7650.0,7655.0,7652.5,2.62593e-05,0.0001312965,0
7655.0,7660.0,7657.5,3.83134e-05,0.000191567,0
7660.0,7665.0,7662.5,4.781848e-05,0.0002390924,0
7665.0,7670.0,7667.5,3.613012e-05,0.0001806506,0
7670.0,7675.0,7672.5,6.625472e-05,0.0003312736,0
7675.0,7680.0,7677.5,3.555372e-05,0.0001777686,0
7680.0,7685.0,7682.5,4.846762e-05,0.0002423381,0
7685.0,7690.0,7687.5,6.161064e-05,0.0003080532,0
7690.0,7695.0,7692.5,4.958608e-05,0.0002479304,0
7695.0,7700.0,7697.5,4.779082e-05,0.0002389541,0
7700.0,7705.0,7702.5,6.366524e-05,0.0003183262,0
7705.0,7710.0,7707.5,4.665236e-05,0.0002332618,0
7710.0,7715.0,7712.5,3.63515e-05,0.0001817575,0
7715.0,7720.0,7717.5,4.933152e-05,0.0002466576,0
7720.0,7725.0,7722.5,6.267792e-05,0.0003133896,0
7725.0,7730.0,7727.5,4.15052e-05,0.000207526,0
7730.0,7735.0,7732.5,5.417066e-05,0.0002708533,0
7735.0,7740.0,7737.5,4.587808e-05,0.0002293904,0
7740.0,7745.0,7742.5,4.693526e-05,0.0002346763,0
7745.0,7750.0,7747.5,4.038362e-05,0.0002019181,0
7750.0,7755.0,7752.5,5.161396e-05,0.0002580698,0
7755.0,7760.0,7757.5,4.00848e-05,0.000200424,0
7760.0,7765.0,7762.5,3.636202e-05,0.0001818101,0
7765.0,7770.0,7767.5,9.253928e-05,0.0004626964,0
7770.0,7775.0,7772.5,4.123378e-05,0.0002061689,0
7775.0,7780.0,7777.5,3.525716e-05,0.0001762858,0
7780.0,7785.0,7782.5,3.47892e-05,0.000173946,0
7785.0,7790.0,7787.5,5.26464e-05,0.000263232,0
7790.0,7795.0,7792.5,2.687004e-05,0.0001343502,0
7795.0,7800.0,7797.5,6.67044e-05,0.000333522,0
7800.0,7805.0,7802.5,4.25977e-05,0.0002129885,0
7805.0,7810.0,7807.5,4.289114e-05,0.0002144557,0
7810.0,7815.0,7812.5,3.874922e-05,0.0001937461,0
7815.0,7820.0,7817.5,2.644748e-05,0.0001322374,0
7820.0,7825.0,7822.5,4.150338e-05,0.0002075169,0
7825.0,7830.0,7827.5,3.909786e-05,0.0001954893,0
7830.0,7835.0,7832.5,4.438712e-05,0.0002219356,0
7835.0,7840.0,7837.5,6.121062e-05,0.0003060531,0
7840.0,7845.0,7842.5,4.455636e-05,0.0002227818,0
7845.0,7850.0,7847.5,4.283694e-05,0.0002141847,0
7850.0,7855.0,7852.5,5.662456e-05,0.0002831228,0
7855.0,7860.0,7857.5,5.788294e-05,0.0002894147,0
7860.0,7865.0,7862.5,4.402424e-05,0.0002201212,0
7865.0,7870.0,7867.5,6.065442e-05,0.0003032721,0
7870.0,7875.0,7872.5,4.56208e-05,0.000228104,0
7875.0,7880.0,7877.5,6.344988e-05,0.0003172494,0
7880.0,7885.0,7882.5,5.060328e-05,0.0002530164,0
7885.0,7890.0,7887.5,4.794972e-05,0.0002397486,0
7890.0,7895.0,7892.5,3.634038e-05,0.0001817019,0
7895.0,7900.0,7897.5,4.438584e-05,0.0002219292,0
7900.0,7905.0,7902.5,3.577236e-05,0.0001788618,0
7905.0,7910.0,7907.5,3.521254e-05,0.0001760627,0
7910.0,7915.0,7912.5,4.440516e-05,0.0002220258,0
7915.0,7920.0,7917.5,4.548332e-05,0.0002274166,0
7920.0,7925.0,7922.5,5.962168e-05,0.0002981084,0
7925.0,7930.0,7927.5,3.873198e-05,0.0001936599,0
7930.0,7935.0,7932.5,4.999482e-05,0.0002499741,0
7935.0,7940.0,7937.5,6.275548e-05,0.0003137774,0
7940.0,7945.0,7942.5,5.550062e-05,0.0002775031,0
7945.0,7950.0,7947.5,7.566246e-05,0.0003783123,0
7950.0,7955.0,7952.5,7.651584e-05,0.0003825792,0
7955.0,7960.0,7957.5,6.24525e-05,0.0003122625,0
7960.0,7965.0,7962.5,4.856422e-05,0.0002428211,0
7965.0,7970.0,7967.5,4.851512e-05,0.0002425756,0
7970.0,7975.0,7972.5,6.249054e-05,0.0003124527,0
7975.0,7980.0,7977.5,4.582724e-05,0.0002291362,0
7980.0,7985.0,7982.5,4.575448e-05,0.0002287724,0
7985.0,7990.0,7987.5,3.823992e-05,0.0001911996,0
7990.0,7995.0,7992.5,5.29163e-05,0.0002645815,0
7995.0,8000.0,7997.5,5.332932e-05,0.0002666466,0
8000.0,8005.0,8002.5,6.031868e-05,0.0003015934,0
8005.0,8010.0,8007.5,4.82769e-05,0.0002413845,0
8010.0,8015.0,8012.5,3.600698e-05,0.0001800349,0
8015.0,8020.0,8017.5,4.327918e-05,0.0002163959,0
8020.0,8025.0,8022.5,6.326782e-05,0.0003163391,0
8025.0,8030.0,8027.5,5.568936e-05,0.0002784468,0
8030.0,8035.0,8032.5,2.999144e-05,0.0001499572,0
8035.0,8040.0,8037.5,4.999506e-05,0.0002499753,0
8040.0,8045.0,8042.5,6.426128e-05,0.0003213064,0
8045.0,8050.0,8047.5,5.593346e-05,0.0002796673,0
8050.0,8055.0,8052.5,6.1579e-05,0.000307895,0
8055.0,8060.0,8057.5,5.77094e-05,0.000288547,0
8060.0,8065.0,8062.5,4.400988e-05,0.0002200494,0
8065.0,8070.0,8067.5,9.402312e-05,0.0004701156,0
8070.0,8075.0,8072.5,4.552312e-05,0.0002276156,0
8075.0,8080.0,8077.5,5.890344e-05,0.0002945172,0
8080.0,8085.0,8082.5,6.155814e-05,0.0003077907,0
8085.0,8090.0,8087.5,4.494624e-05,0.0002247312,0
8090.0,8095.0,8092.5,5.145298e-05,0.0002572649,0
8095.0,8100.0,8097.5,4.465914e-05,0.0002232957,0
8100.0,8105.0,8102.5,4.697318e-05,0.0002348659,0
8105.0,8110.0,8107.5,2.828742e-05,0.0001414371,0
8110.0,8115.0,8112.5,5.232188e-05,0.0002616094,0
8115.0,8120.0,8117.5,2.946238e-05,0.0001473119,0
8120.0,8125.0,8122.5,3.25467e-05,0.0001627335,0
8125.0,8130.0,8127.5,6.992472e-05,0.0003496236,0
8130.0,8135.0,8132.5,5.155814e-05,0.0002577907,0
8135.0,8140.0,8137.5,4.69431e-05,0.0002347155,0
8140.0,8145.0,8142.5,2.809526e-05,0.0001404763,0
8145.0,8150.0,8147.5,5.873662e-05,0.0002936831,0
8150.0,8155.0,8152.5,3.938808e-05,0.0001969404,0
8155.0,8160.0,8157.5,6.673366e-05,0.0003336683,0
8160.0,8165.0,8162.5,4.25977e-05,0.0002129885,0
8165.0,8170.0,8167.5,4.556596e-05,0.0002278298,0
8170.0,8175.0,8172.5,6.235338e-05,0.0003117669,0
8175.0,8180.0,8177.5,5.222602e-05,0.0002611301,0
8180.0,8185.0,8182.5,3.034524e-05,0.0001517262,0
8185.0,8190.0,8187.5,4.205434e-05,0.0002102717,0
8190.0,8195.0,8192.5,4.881172e-05,0.0002440586,0
8195.0,8200.0,8197.5,4.697002e-05,0.0002348501,0
8200.0,8205.0,8202.5,4.189844e-05,0.0002094922,0
8205.0,8210.0,8207.5,5.31167e-05,0.0002655835,0
8210.0,8215.0,8212.5,4.066666e-05,0.0002033333,0
8215.0,8220.0,8217.5,4.114628e-05,0.0002057314,0
8220.0,8225.0,8222.5,4.26502e-05,0.000213251,0
8225.0,8230.0,8227.5,5.576216e-05,0.0002788108,0
8230.0,8235.0,8232.5,4.917486e-05,0.0002458743,0
8235.0,8240.0,8237.5,5.043564e-05,0.0002521782,0
8240.0,8245.0,8242.5,4.328118e-05,0.0002164059,0
8245.0,8250.0,8247.5,5.497062e-05,0.0002748531,0
8250.0,8255.0,8252.5,5.899796e-05,0.0002949898,0
8255.0,8260.0,8257.5,5.958616e-05,0.0002979308,0
8260.0,8265.0,8262.5,4.76076e-05,0.000238038,0
8265.0,8270.0,8267.5,6.620018e-05,0.0003310009,0
8270.0,8275.0,8272.5,6.93315e-05,0.0003466575,0
8275.0,8280.0,8277.5,6.36527e-05,0.0003182635,0
8280.0,8285.0,8282.5,5.137524e-05,0.0002568762,0
8285.0,8290.0,8287.5,4.678162e-05,0.0002339081,0
8290.0,8295.0,8292.5,4.330038e-05,0.0002165019,0
8295.0,8300.0,8297.5,3.49932e-05,0.000174966,0
8300.0,8305.0,8302.5,4.930868e-05,0.0002465434,0
8305.0,8310.0,8307.5,5.154464e-05,0.0002577232,0
8310.0,8315.0,8312.5,8.103056e-05,0.0004051528,0
8315.0,8320.0,8317.5,4.591418e-05,0.0002295709,0
8320.0,8325.0,8322.5,4.905666e-05,0.0002452833,0
8325.0,8330.0,8327.5,2.864812e-05,0.0001432406,0
8330.0,8335.0,8332.5,4.415406e-05,0.0002207703,0
8335.0,8340.0,8337.5,5.408556e-05,0.0002704278,0
8340.0,8345.0,8342.5,4.245514e-05,0.0002122757,0
8345.0,8350.0,8347.5,5.015916e-05,0.0002507958,0
8350.0,8355.0,8352.5,2.3442e-05,0.00011721,0
8355.0,8360.0,8357.5,2.417444e-05,0.0001208722,0
8360.0,8365.0,8362.5,3.466128e-05,0.0001733064,0
8365.0,8370.0,8367.5,2.180038e-05,0.0001090019,0
8370.0,8375.0,8372.5,1.808568e-05,9.04284e-05,0
8375.0,8380.0,8377.5,2.876086e-05,0.0001438043,0
8380.0,8385.0,8382.5,2.995256e-05,0.0001497628,0
8385.0,8390.0,8387.5,3.722066e-05,0.0001861033,0
8390.0,8395.0,8392.5,2.435342e-05,0.0001217671,0
8395.0,8400.0,8397.5,4.347032e-05,0.0002173516,0
8400.0,8405.0,8402.5,4.118558e-05,0.0002059279,0
8405.0,8410.0,8407.5,2.457836e-05,0.0001228918,0
8410.0,8415.0,8412.5,2.55701e-05,0.0001278505,0
8415.0,8420.0,8417.5,3.350462e-05,0.0001675231,0
8420.0,8425.0,8422.5,4.525266e-05,0.0002262633,0
8425.0,8430.0,8427.5,4.061366e-05,0.0002030683,0
8430.0,8435.0,8432.5,3.397978e-05,0.0001698989,0
8435.0,8440.0,8437.5,4.291114e-05,0.0002145557,0
8440.0,8445.0,8442.5,2.314746e-05,0.0001157373,0
8445.0,8450.0,8447.5,3.685282e-05,0.0001842641,0
8450.0,8455.0,8452.5,3.317448e-05,0.0001658724,0
8455.0,8460.0,8457.5,2.371606e-05,0.0001185803,0
8460.0,8465.0,8462.5,3.429158e-05,0.0001714579,0
8465.0,8470.0,8467.5,2.993826e-05,0.0001496913,0
8470.0,8475.0,8472.5,2.726972e-05,0.0001363486,0
8475.0,8480.0,8477.5,4.136062e-05,0.0002068031,0
8480.0,8485.0,8482.5,4.600626e-05,0.0002300313,0
8485.0,8490.0,8487.5,3.94881e-05,0.0001974405,0
8490.0,8495.0,8492.5,5.619492e-05,0.0002809746,0
8495.0,8500.0,8497.5,2.42324e-05,0.000121162,0
8500.0,8505.0,8502.5,2.287828e-05,0.0001143914,0
8505.0,8510.0,8507.5,2.289138e-05,0.0001144569,0
8510.0,8515.0,8512.5,1.77327e-05,8.86635e-05,0
8515.0,8520.0,8517.5,2.307806e-05,0.0001153903,0
8520.0,8525.0,8522.5,4.617068e-05,0.0002308534,0
8525.0,8530.0,8527.5,3.398332e-05,0.0001699166,0
8530.0,8535.0,8532.5,2.994664e-05,0.0001497332,0
8535.0,8540.0,8537.5,3.778442e-05,0.0001889221,0
8540.0,8545.0,8542.5,3.194724e-05,0.0001597362,0
8545.0,8550.0,8547.5,3.163204e-05,0.0001581602,0
8550.0,8555.0,8552.5,3.096998e-05,0.0001548499,0
8555.0,8560.0,8557.5,3.211832e-05,0.0001605916,0
8560.0,8565.0,8562.5,2.62463e-05,0.0001312315,0
8565.0,8570.0,8567.5,4.416526e-05,0.0002208263,0
8570.0,8575.0,8572.5,3.60809e-05,0.0001804045,0
8575.0,8580.0,8577.5,2.496852e-05,0.0001248426,0
8580.0,8585.0,8582.5,2.085134e-05,0.0001042567,0
8585.0,8590.0,8587.5,2.86862e-05,0.000143431,0
8590.0,8595.0,8592.5,9.70398e-06,4.85199e-05,0
8595.0,8600.0,8597.5,4.095764e-05,0.0002047882,0
8600.0,8605.0,8602.5,1.223874e-05,6.11937e-05,0
8605.0,8610.0,8607.5,2.67574e-05,0.000133787,0
8610.0,8615.0,8612.5,1.77486e-05,8.8743e-05,0
8615.0,8620.0,8617.5,1.731594e-05,8.65797e-05,0
8620.0,8625.0,8622.5,2.066364e-05,0.0001033182,0
8625.0,8630.0,8627.5,3.473716e-05,0.0001736858,0
8630.0,8635.0,8632.5,2.04924e-05,0.000102462,0
8635.0,8640.0,8637.5,2.803288e-05,0.0001401644,0
8640.0,8645.0,8642.5,2.470264e-05,0.0001235132,0
8645.0,8650.0,8647.5,1.472784e-05,7.36392e-05,0
8650.0,8655.0,8652.5,2.647654e-05,0.0001323827,0
8655.0,8660.0,8657.5,4.748932e-05,0.0002374466,0
8660.0,8665.0,8662.5,2.2501e-05,0.000112505,0
8665.0,8670.0,8667.5,2.222568e-05,0.0001111284,0
8670.0,8675.0,8672.5,1.101044e-05,5.50522e-05,0
8675.0,8680.0,8677.5,1.50807e-05,7.54035e-05,0
8680.0,8685.0,8682.5,2.142824e-05,0.0001071412,0
8685.0,8690.0,8687.5,2.00223e-05,0.0001001115,0
8690.0,8695.0,8692.5,9.23068e-06,4.61534e-05,0
8695.0,8700.0,8697.5,3.014562e-05,0.0001507281,0
8700.0,8705.0,8702.5,1.409166e-05,7.04583e-05,0
8705.0,8710.0,8707.5,2.424128e-05,0.0001212064,0
8710.0,8715.0,8712.5,1.249598e-05,6.24799e-05,0
8715.0,8720.0,8717.5,2.216084e-05,0.0001108042,0
8720.0,8725.0,8722.5,2.08662e-05,0.000104331,0
8725.0,8730.0,8727.5,2.582874e-05,0.0001291437,0
8730.0,8735.0,8732.5,3.177294e-05,0.0001588647,0
8735.0,8740.0,8737.5,1.180592e-05,5.90296e-05,0
8740.0,8745.0,8742.5,1.07113e-05,5.35565e-05,0
8745.0,8750.0,8747.5,3.372936e-05,0.0001686468,0
8750.0,8755.0,8752.5,2.018764e-05,0.0001009382,0
8755.0,8760.0,8757.5,2.319498e-05,0.0001159749,0
8760.0,8765.0,8762.5,1.248954e-05,6.24477e-05,0
8765.0,8770.0,8767.5,1.704828e-05,8.52414e-05,0
8770.0,8775.0,8772.5,3.413206e-05,0.0001706603,0
8775.0,8780.0,8777.5,2.776776e-05,0.0001388388,0
8780.0,8785.0,8782.5,3.031892e-05,0.0001515946,0
8785.0,8790.0,8787.5,2.946736e-05,0.0001473368,0
8790.0,8795.0,8792.5,2.193436e-05,0.0001096718,0
8795.0,8800.0,8797.5,2.033816e-05,0.0001016908,0
8800.0,8805.0,8802.5,3.00164e-05,0.000150082,0
8805.0,8810.0,8807.5,1.236662e-05,6.18331e-05,0
8810.0,8815.0,8812.5,3.550776e-05,0.0001775388,0
8815.0,8820.0,8817.5,1.286592e-05,6.43296e-05,0
8820.0,8825.0,8822.5,2.706712e-05,0.0001353356,0
8825.0,8830.0,8827.5,1.80253e-05,9.01265e-05,0
8830.0,8835.0,8832.5,3.40336e-05,0.000170168,0
8835.0,8840.0,8837.5,2.899818e-05,0.0001449909,0
8840.0,8845.0,8842.5,2.432316e-05,0.0001216158,0
8845.0,8850.0,8847.5,3.628618e-05,0.0001814309,0
8850.0,8855.0,8852.5,1.477604e-05,7.38802e-05,0
8855.0,8860.0,8857.5,2.857848e-05,0.0001428924,0
8860.0,8865.0,8862.5,3.205802e-05,0.0001602901,0
8865.0,8870.0,8867.5,3.464658e-05,0.0001732329,0
8870.0,8875.0,8872.5,2.762384e-05,0.0001381192,0
8875.0,8880.0,8877.5,2.147528e-05,0.0001073764,0
8880.0,8885.0,8882.5,1.31481e-05,6.57405e-05,0
8885.0,8890.0,8887.5,7.61196e-06,3.80598e-05,0
8890.0,8895.0,8892.5,8.79462e-06,4.39731e-05,0
8895.0,8900.0,8897.5,7.34702e-06,3.67351e-05,0
8900.0,8905.0,8902.5,9.17988e-06,4.58994e-05,0
8905.0,8910.0,8907.5,2.386246e-05,0.0001193123,0
8910.0,8915.0,8912.5,2.616648e-05,0.0001308324,0
8915.0,8920.0,8917.5,1.5014e-05,7.507e-05,0
8920.0,8925.0,8922.5,1.308642e-05,6.54321e-05,0
8925.0,8930.0,8927.5,7.61196e-06,3.80598e-05,0
8930.0,8935.0,8932.5,8.52134e-06,4.26067e-05,0
8935.0,8940.0,8937.5,2.955468e-05,0.0001477734,0
8940.0,8945.0,8942.5,2.75719e-05,0.0001378595,0
8945.0,8950.0,8947.5,3.61021e-05,0.0001805105,0
8950.0,8955.0,8952.5,2.887486e-05,0.0001443743,0
8955.0,8960.0,8957.5,9.47634e-06,4.73817e-05,0
8960.0,8965.0,8962.5,1.891688e-05,9.45844e-05,0
8965.0,8970.0,8967.5,1.09009e-05,5.45045e-05,0
8970.0,8975.0,8972.5,5.8534e-06,2.9267e-05,0
8975.0,8980.0,8977.5,1.330262e-05,6.65131e-05,0
8980.0,8985.0,8982.5,2.182086e-05,0.0001091043,0
8985.0,8990.0,8987.5,2.918648e-05,0.0001459324,0
8990.0,8995.0,8992.5,2.402098e-05,0.0001201049,0
8995.0,9000.0,8997.5,1.786892e-05,8.93446e-05,0
9000.0,9005.0,9002.5,1.858472e-05,9.29236e-05,0
9005.0,9010.0,9007.5,2.217948e-05,0.0001108974,0
9010.0,9015.0,9012.5,7.74306e-06,3.87153e-05,0
9015.0,9020.0,9017.5,3.678802e-05,0.0001839401,0
9020.0,9025.0,9022.5,9.42554e-06,4.71277e-05,0
9025.0,9030.0,9027.5,2.523694e-05,0.0001261847,0
9030.0,9035.0,9032.5,1.900968e-05,9.50484e-05,0
9035.0,9040.0,9037.5,1.890646e-05,9.45323e-05,0
9040.0,9045.0,9042.5,2.11204e-05,0.000105602,0
9045.0,9050.0,9047.5,2.715756e-05,0.0001357878,0
9050.0,9055.0,9052.5,1.399716e-05,6.99858e-05,0
9055.0,9060.0,9057.5,3.168726e-05,0.0001584363,0
9060.0,9065.0,9062.5,2.75602e-05,0.000137801,0
9065.0,9070.0,9067.5,1.95459e-05,9.77295e-05,0
9070.0,9075.0,9072.5,1.507764e-05,7.53882e-05,0
9075.0,9080.0,9077.5,1.572334e-05,7.86167e-05,0
9080.0,9085.0,9082.5,1.569258e-05,7.84629e-05,0
9085.0,9090.0,9087.5,2.027836e-05,0.0001013918,0
9090.0,9095.0,9092.5,2.19467e-05,0.0001097335,0
9095.0,9100.0,9097.5,1.647858e-05,8.23929e-05,0
9100.0,9105.0,9102.5,1.057438e-05,5.28719e-05,0
9105.0,9110.0,9107.5,6.3775e-06,3.18875e-05,0
9110.0,9115.0,9112.5,1.309976e-05,6.54988e-05,0
9115.0,9120.0,9117.5,3.411688e-05,0.0001705844,0
9120.0,9125.0,9122.5,1.372452e-05,6.86226e-05,0
9125.0,9130.0,9127.5,5.76728e-06,2.88364e-05,0
9130.0,9135.0,9132.5,2.481066e-05,0.0001240533,0
9135.0,9140.0,9137.5,4.562606e-05,0.0002281303,0
9140.0,9145.0,9142.5,1.812364e-05,9.06182e-05,0
9145.0,9150.0,9147.5,2.975586e-05,0.0001487793,0
9150.0,9155.0,9152.5,9.89886e-06,4.94943e-05,0
9155.0,9160.0,9157.5,6.20638e-06,3.10319e-05,0
9160.0,9165.0,9162.5,1.632932e-05,8.16466e-05,0
9165.0,9170.0,9167.5,1.40185e-05,7.00925e-05,0
9170.0,9175.0,9172.5,6.67148e-06,3.33574e-05,0
9175.0,9180.0,9177.5,5.93324e-06,2.96662e-05,0
9180.0,9185.0,9182.5,2.242258e-05,0.0001121129,0
9185.0,9190.0,9187.5,9.61256e-06,4.80628e-05,0
9190.0,9195.0,9192.5,1.11764e-05,5.5882e-05,0
9195.0,9200.0,9197.5,6.72228e-06,3.36114e-05,0
9200.0,9205.0,9202.5,6.03222e-06,3.01611e-05,0
9205.0,9210.0,9207.5,1.55143e-05,7.75715e-05,0
9210.0,9215.0,9212.5,2.05006e-05,0.000102503,0
9215.0,9220.0,9217.5,2.429066e-05,0.0001214533,0
9220.0,9225.0,9222.5,1.27037e-05,6.35185e-05,0
9225.0,9230.0,9227.5,2.232616e-05,0.0001116308,0
9230.0,9235.0,9232.5,1.702452e-05,8.51226e-05,0
9235.0,9240.0,9237.5,2.096652e-05,0.0001048326,0
9240.0,9245.0,9242.5,2.267676e-05,0.0001133838,0
9245.0,9250.0,9247.5,3.127616e-05,0.0001563808,0
9250.0,9255.0,9252.5,1.357526e-05,6.78763e-05,0
9255.0,9260.0,9257.5,3.625632e-05,0.0001812816,0
9260.0,9265.0,9262.5,1.425502e-05,7.12751e-05,0
9265.0,9270.0,9267.5,5.443884e-05,0.0002721942,0
9270.0,9275.0,9272.5,5.59616e-06,2.79808e-05,0
9275.0,9280.0,9277.5,6.3775e-06,3.18875e-05,0
9280.0,9285.0,9282.5,2.84093e-05,0.0001420465,0
9285.0,9290.0,9287.5,1.63584e-05,8.1792e-05,0
9290.0,9295.0,9292.5,2.30439e-05,0.0001152195,0
9295.0,9300.0,9297.5,7.62274e-06,3.81137e-05,0
9300.0,9305.0,9302.5,2.201982e-05,0.0001100991,0
9305.0,9310.0,9307.5,9.2088e-06,4.6044e-05,0
9310.0,9315.0,9312.5,2.223658e-05,0.0001111829,0
9315.0,9320.0,9317.5,1.162838e-05,5.81419e-05,0
9320.0,9325.0,9322.5,6.54346e-06,3.27173e-05,0
9325.0,9330.0,9327.5,1.186646e-05,5.93323e-05,0
9330.0,9335.0,9332.5,2.50125e-05,0.0001250625,0
9335.0,9340.0,9337.5,1.319374e-05,6.59687e-05,0
9340.0,9345.0,9342.5,1.222202e-05,6.11101e-05,0
9345.0,9350.0,9347.5,1.257568e-05,6.28784e-05,0
9350.0,9355.0,9352.5,2.212808e-05,0.0001106404,0
9355.0,9360.0,9357.5,1.59401e-05,7.97005e-05,0
9360.0,9365.0,9362.5,1.542292e-05,7.71146e-05,0
9365.0,9370.0,9367.5,2.58339e-05,0.0001291695,0
9370.0,9375.0,9372.5,1.871932e-05,9.35966e-05,0
9375.0,9380.0,9377.5,2.03772e-05,0.000101886,0
9380.0,9385.0,9382.5,1.21796e-05,6.0898e-05,0
9385.0,9390.0,9387.5,1.215246e-05,6.07623e-05,0
9390.0,9395.0,9392.5,1.920408e-05,9.60204e-05,0
9395.0,9400.0,9397.5,1.356756e-05,6.78378e-05,0
9400.0,9405.0,9402.5,2.918892e-05,0.0001459446,0
9405.0,9410.0,9407.5,9.89886e-06,4.94943e-05,0
9410.0,9415.0,9412.5,2.612906e-05,0.0001306453,0
9415.0,9420.0,9417.5,1.49839e-05,7.49195e-05,0
9420.0,9425.0,9422.5,2.511284e-05,0.0001255642,0
9425.0,9430.0,9427.5,1.382092e-05,6.91046e-05,0
9430.0,9435.0,9432.5,1.512132e-05,7.56066e-05,0
9435.0,9440.0,9437.5,2.1791e-05,0.000108955,0
9440.0,9445.0,9442.5,1.054548e-05,5.27274e-05,0
9445.0,9450.0,9447.5,1.62302e-05,8.1151e-05,0
9450.0,9455.0,9452.5,1.737084e-05,8.68542e-05,0
9455.0,9460.0,9457.5,1.425454e-05,7.12727e-05,0
9460.0,9465.0,9462.5,7.61196e-06,3.80598e-05,0
9465.0,9470.0,9467.5,1.891008e-05,9.45504e-05,0
9470.0,9475.0,9472.5,1.949432e-05,9.74716e-05,0
9475.0,9480.0,9477.5,1.11557e-05,5.57785e-05,0
9480.0,9485.0,9482.5,1.222202e-05,6.11101e-05,0
9485.0,9490.0,9487.5,1.247294e-05,6.23647e-05,0
9490.0,9495.0,9492.5,1.887214e-05,9.43607e-05,0
9495.0,9500.0,9497.5,9.41254e-06,4.70627e-05,0
9500.0,9505.0,9502.5,2.681124e-05,0.0001340562,0
9505.0,9510.0,9507.5,1.240456e-05,6.20228e-05,0
9510.0,9515.0,9512.5,2.842342e-05,0.0001421171,0
9515.0,9520.0,9517.5,3.35526e-05,0.000167763,0
9520.0,9525.0,9522.5,9.08846e-06,4.54423e-05,0
9525.0,9530.0,9527.5,2.089054e-05,0.0001044527,0
9530.0,9535.0,9532.5,1.877538e-05,9.38769e-05,0
9535.0,9540.0,9537.5,2.702286e-05,0.0001351143,0
9540.0,9545.0,9542.5,2.805874e-05,0.0001402937,0
9545.0,9550.0,9547.5,2.662938e-05,0.0001331469,0
9550.0,9555.0,9552.5,5.98142e-06,2.99071e-05,0
9555.0,9560.0,9557.5,2.086738e-05,0.0001043369,0
9560.0,9565.0,9562.5,3.22736e-06,1.61368e-05,0
9565.0,9570.0,9567.5,1.180592e-05,5.90296e-05,0
9570.0,9575.0,9572.5,1.580304e-05,7.90152e-05,0
9575.0,9580.0,9577.5,2.14168e-05,0.000107084,0
9580.0,9585.0,9582.5,2.260138e-05,0.0001130069,0
9585.0,9590.0,9587.5,1.77197e-05,8.85985e-05,0
9590.0,9595.0,9592.5,1.428344e-05,7.14172e-05,0
9595.0,9600.0,9597.5,2.500246e-05,0.0001250123,0
9600.0,9605.0,9602.5,2.447372e-05,0.0001223686,0
9605.0,9610.0,9607.5,2.969364e-05,0.0001484682,0
9610.0,9615.0,9612.5,9.77852e-06,4.88926e-05,0
9615.0,9620.0,9617.5,1.84284e-05,9.2142e-05,0
9620.0,9625.0,9622.5,1.407748e-05,7.03874e-05,0
9625.0,9630.0,9627.5,2.024946e-05,0.0001012473,0
9630.0,9635.0,9632.5,1.144136e-05,5.72068e-05,0
9635.0,9640.0,9637.5,7.26976e-06,3.63488e-05,0
9640.0,9645.0,9642.5,2.971454e-05,0.0001485727,0
9645.0,9650.0,9647.5,1.394636e-05,6.97318e-05,0
9650.0,9655.0,9652.5,9.53286e-06,4.76643e-05,0
9655.0,9660.0,9657.5,1.493414e-05,7.46707e-05,0
9660.0,9665.0,9662.5,2.13195e-05,0.0001065975,0
9665.0,9670.0,9667.5,5.93324e-06,2.96662e-05,0
9670.0,9675.0,9672.5,9.77852e-06,4.88926e-05,0
9675.0,9680.0,9677.5,2.067686e-05,0.0001033843,0
9680.0,9685.0,9682.5,2.471104e-05,0.0001235552,0
9685.0,9690.0,9687.5,2.775528e-05,0.0001387764,0
9690.0,9695.0,9692.5,7.26976e-06,3.63488e-05,0
9695.0,9700.0,9697.5,3.0612e-05,0.00015306,0
9700.0,9705.0,9702.5,1.863318e-05,9.31659e-05,0
9705.0,9710.0,9707.5,9.86994e-06,4.93497e-05,0
9710.0,9715.0,9712.5,1.27196e-05,6.3598e-05,0
9715.0,9720.0,9717.5,2.75406e-06,1.37703e-05,0
9720.0,9725.0,9722.5,1.197366e-05,5.98683e-05,0
9725.0,9730.0,9727.5,1.340174e-05,6.70087e-05,0
9730.0,9735.0,9732.5,2.273572e-05,0.0001136786,0
9735.0,9740.0,9737.5,2.696526e-05,0.0001348263,0
9740.0,9745.0,9742.5,1.925534e-05,9.62767e-05,0
9745.0,9750.0,9747.5,1.322778e-05,6.61389e-05,0
9750.0,9755.0,9752.5,1.907652e-05,9.53826e-05,0
9755.0,9760.0,9757.5,1.205928e-05,6.02964e-05,0
9760.0,9765.0,9762.5,9.41254e-06,4.70627e-05,0
9765.0,9770.0,9767.5,1.248696e-05,6.24348e-05,0
9770.0,9775.0,9772.5,1.252488e-05,6.26244e-05,0
9775.0,9780.0,9777.5,9.83612e-06,4.91806e-05,0
9780.0,9785.0,9782.5,8.95272e-06,4.47636e-05,0
9785.0,9790.0,9787.5,3.184672e-05,0.0001592336,0
9790.0,9795.0,9792.5,2.862588e-05,0.0001431294,0
9795.0,9800.0,9797.5,1.083932e-05,5.41966e-05,0
9800.0,9805.0,9802.5,9.47634e-06,4.73817e-05,0
9805.0,9810.0,9807.5,1.083932e-05,5.41966e-05,0
9810.0,9815.0,9812.5,9.74962e-06,4.87481e-05,0
9815.0,9820.0,9817.5,2.523818e-05,0.0001261909,0
9820.0,9825.0,9822.5,1.320812e-05,6.60406e-05,0
9825.0,9830.0,9827.5,1.482154e-05,7.41077e-05,0
9830.0,9835.0,9832.5,1.496206e-05,7.48103e-05,0
9835.0,9840.0,9837.5,1.533808e-05,7.66904e-05,0
9840.0,9845.0,9842.5,5.59616e-06,2.79808e-05,0
9845.0,9850.0,9847.5,9.13926e-06,4.56963e-05,0
9850.0,9855.0,9852.5,1.958562e-05,9.79281e-05,0
9855.0,9860.0,9857.5,2.412316e-05,0.0001206158,0
9860.0,9865.0,9862.5,1.863624e-05,9.31812e-05,0
9865.0,9870.0,9867.5,2.095046e-05,0.0001047523,0
9870.0,9875.0,9872.5,1.57911e-05,7.89555e-05,0
9875.0,9880.0,9877.5,1.984236e-05,9.92118e-05,0
9880.0,9885.0,9882.5,2.142786e-05,0.0001071393,0
9885.0,9890.0,9887.5,1.69254e-05,8.4627e-05,0
9890.0,9895.0,9892.5,1.557692e-05,7.78846e-05,0
9895.0,9900.0,9897.5,2.012846e-05,0.0001006423,0
9900.0,9905.0,9902.5,9.05186e-06,4.52593e-05,0
9905.0,9910.0,9907.5,2.495942e-05,0.0001247971,0
9910.0,9915.0,9912.5,2.209486e-05,0.0001104743,0
9915.0,9920.0,9917.5,1.967638e-05,9.83819e-05,0
9920.0,9925.0,9922.5,1.281102e-05,6.40551e-05,0
9925.0,9930.0,9927.5,2.610014e-05,0.0001305007,0
9930.0,9935.0,9932.5,7.61504e-06,3.80752e-05,0
9935.0,9940.0,9937.5,2.381632e-05,0.0001190816,0
9940.0,9945.0,9942.5,8.87432e-06,4.43716e-05,0
9945.0,9950.0,9947.5,1.1072e-05,5.536e-05,0
9950.0,9955.0,9952.5,1.578184e-05,7.89092e-05,0
9955.0,9960.0,9957.5,1.415848e-05,7.07924e-05,0
9960.0,9965.0,9962.5,5.95252e-06,2.97626e-05,0
9965.0,9970.0,9967.5,1.08135e-05,5.40675e-05,0
9970.0,9975.0,9972.5,1.674352e-05,8.37176e-05,0
9975.0,9980.0,9977.5,2.461464e-05,0.0001230732,0
9980.0,9985.0,9982.5,2.19456e-05,0.000109728,0
9985.0,9990.0,9987.5,1.384484e-05,6.92242e-05,0
9990.0,9995.0,9992.5,1.833934e-05,9.16967e-05,0
9995.0,10000.0,9997.5,2.470862e-05,0.0001235431,0
10000.0,10005.0,10002.5,1.157758e-05,5.78879e-05,0
10005.0,10010.0,10007.5,1.494716e-05,7.47358e-05,0
10010.0,10015.0,10012.5,2.992886e-05,0.0001496443,0
10015.0,10020.0,10017.5,2.380742e-05,0.0001190371,0
10020.0,10025.0,10022.5,1.682074e-05,8.41037e-05,0
10025.0,10030.0,10027.5,2.192306e-05,0.0001096153,0
10030.0,10035.0,10032.5,8.73548e-06,4.36774e-05,0
10035.0,10040.0,10037.5,6.5563e-06,3.27815e-05,0
10040.0,10045.0,10042.5,1.846512e-05,9.23256e-05,0
10045.0,10050.0,10047.5,6.5563e-06,3.27815e-05,0
10050.0,10055.0,10052.5,1.140136e-05,5.70068e-05,0
10055.0,10060.0,10057.5,1.888888e-05,9.44444e-05,0
10060.0,10065.0,10062.5,1.80691e-05,9.03455e-05,0
10065.0,10070.0,10067.5,3.09934e-06,1.54967e-05,0
10070.0,10075.0,10072.5,2.04717e-05,0.0001023585,0
10075.0,10080.0,10077.5,3.09934e-06,1.54967e-05,0
10080.0,10085.0,10082.5,1.795766e-05,8.97883e-05,0
10085.0,10090.0,10087.5,1.80838e-05,9.0419e-05,0
10090.0,10095.0,10092.5,2.777308e-05,0.0001388654,0
10095.0,10100.0,10097.5,2.330184e-05,0.0001165092,0
10100.0,10105.0,10102.5,1.315994e-05,6.57997e-05,0
10105.0,10110.0,10107.5,1.87441e-05,9.37205e-05,0
10110.0,10115.0,10112.5,2.697326e-05,0.0001348663,0
10115.0,10120.0,10117.5,1.70457e-05,8.52285e-05,0
10120.0,10125.0,10122.5,2.902208e-05,0.0001451104,0
10125.0,10130.0,10127.5,8.73548e-06,4.36774e-05,0
10130.0,10135.0,10132.5,1.563962e-05,7.81981e-05,0
10135.0,10140.0,10137.5,1.198136e-05,5.99068e-05,0
10140.0,10145.0,10142.5,1.637792e-05,8.18896e-05,0
10150.0,10155.0,10152.5,1.233772e-05,6.16886e-05,0
10155.0,10160.0,10157.5,3.128212e-05,0.0001564106,0
10160.0,10165.0,10162.5,2.293332e-05,0.0001146666,0
10165.0,10170.0,10167.5,1.083932e-05,5.41966e-05,0
10170.0,10175.0,10172.5,1.428858e-05,7.14429e-05,0
10175.0,10180.0,10177.5,9.74192e-06,4.87096e-05,0
10185.0,10190.0,10187.5,1.648628e-05,8.24314e-05,0
10190.0,10195.0,10192.5,1.914544e-05,9.57272e-05,0
10195.0,10200.0,10197.5,8.08526e-06,4.04263e-05,0
10200.0,10205.0,10202.5,3.049582e-05,0.0001524791,0
10205.0,10210.0,10207.5,2.480246e-05,0.0001240123,0
10210.0,10215.0,10212.5,1.140136e-05,5.70068e-05,0
10215.0,10220.0,10217.5,1.794688e-05,8.97344e-05,0
10220.0,10225.0,10222.5,1.236662e-05,6.18331e-05,0
10225.0,10230.0,10227.5,2.307036e-05,0.0001153518,0
10230.0,10235.0,10232.5,1.51509e-05,7.57545e-05,0
10235.0,10240.0,10237.5,1.294038e-05,6.47019e-05,0
10240.0,10245.0,10242.5,2.128402e-05,0.0001064201,0
10245.0,10250.0,10247.5,9.13926e-06,4.56963e-05,0
10250.0,10255.0,10252.5,7.62274e-06,3.81137e-05,0
10255.0,10260.0,10257.5,2.22992e-05,0.000111496,0
10260.0,10265.0,10262.5,1.285822e-05,6.42911e-05,0
10265.0,10270.0,10267.5,1.75301e-05,8.76505e-05,0
10270.0,10275.0,10272.5,1.51815e-05,7.59075e-05,0
10275.0,10280.0,10277.5,1.417904e-05,7.08952e-05,0
10280.0,10285.0,10282.5,1.732174e-05,8.66087e-05,0
10285.0,10290.0,10287.5,1.191514e-05,5.95757e-05,0
10290.0,10295.0,10292.5,1.000042e-05,5.00021e-05,0
10295.0,10300.0,10297.5,1.709138e-05,8.54569e-05,0
10300.0,10305.0,10302.5,2.311212e-05,0.0001155606,0
10305.0,10310.0,10307.5,6.67148e-06,3.33574e-05,0
10310.0,10315.0,10312.5,2.073704e-05,0.0001036852,0
10315.0,10320.0,10317.5,1.90957e-05,9.54785e-05,0
10320.0,10325.0,10322.5,1.829986e-05,9.14993e-05,0
10325.0,10330.0,10327.5,9.92074e-06,4.96037e-05,0
10330.0,10335.0,10332.5,9.04028e-06,4.52014e-05,0
10335.0,10340.0,10337.5,1.248696e-05,6.24348e-05,0
10340.0,10345.0,10342.5,1.558768e-05,7.79384e-05,0
10345.0,10350.0,10347.5,2.456876e-05,0.0001228438,0
10350.0,10355.0,10352.5,3.10704e-06,1.55352e-05,0
10355.0,10360.0,10357.5,1.304898e-05,6.52449e-05,0
10360.0,10365.0,10362.5,2.292186e-05,0.0001146093,0
10365.0,10370.0,10367.5,8.07756e-06,4.03878e-05,0
10370.0,10375.0,10372.5,3.19846e-06,1.59923e-05,0
10375.0,10380.0,10377.5,6.21408e-06,3.10704e-05,0
10380.0,10385.0,10382.5,2.365036e-05,0.0001182518,0
10385.0,10390.0,10387.5,2.954482e-05,0.0001477241,0
10390.0,10395.0,10392.5,1.475676e-05,7.37838e-05,0
10395.0,10400.0,10397.5,1.417134e-05,7.08567e-05,0
10400.0,10405.0,10402.5,3.320854e-05,0.0001660427,0
10405.0,10410.0,10407.5,1.9843e-05,9.9215e-05,0
10410.0,10415.0,10412.5,1.837404e-05,9.18702e-05,0
10415.0,10420.0,10417.5,9.04028e-06,4.52014e-05,0
10420.0,10425.0,10422.5,3.715212e-05,0.0001857606,0
10425.0,10430.0,10427.5,1.739562e-05,8.69781e-05,0
10430.0,10435.0,10432.5,1.481334e-05,7.40667e-05,0
10435.0,10440.0,10437.5,2.510464e-05,0.0001255232,0
10440.0,10445.0,10442.5,2.205354e-05,0.0001102677,0
10445.0,10450.0,10447.5,3.648224e-05,0.0001824112,0
10450.0,10455.0,10452.5,8.78628e-06,4.39314e-05,0
10455.0,10460.0,10457.5,1.272362e-05,6.36181e-05,0
10460.0,10465.0,10462.5,1.136342e-05,5.68171e-05,0
10465.0,10470.0,10467.5,2.015804e-05,0.0001007902,0
10470.0,10475.0,10472.5,2.075284e-05,0.0001037642,0
10475.0,10480.0,10477.5,1.633482e-05,8.16741e-05,0
10480.0,10485.0,10482.5,7.34702e-06,3.67351e-05,0
10485.0,10490.0,10487.5,1.280332e-05,6.40166e-05,0
10490.0,10495.0,10492.5,1.614162e-05,8.07081e-05,0
10495.0,10500.0,10497.5,9.37736e-06,4.68868e-05,0
10500.0,10505.0,10502.5,2.36678e-05,0.000118339,0
10505.0,10510.0,10507.5,1.137514e-05,5.68757e-05,0
10510.0,10515.0,10512.5,1.855724e-05,9.27862e-05,0
10515.0,10520.0,10517.5,2.399498e-05,0.0001199749,0
10520.0,10525.0,10522.5,1.406668e-05,7.03334e-05,0
10525.0,10530.0,10527.5,1.412056e-05,7.06028e-05,0
10530.0,10535.0,10532.5,1.763232e-05,8.81616e-05,0
10535.0,10540.0,10537.5,1.235892e-05,6.17946e-05,0
10540.0,10545.0,10542.5,2.860532e-05,0.0001430266,0
10545.0,10550.0,10547.5,8.44164e-06,4.22082e-05,0
10550.0,10555.0,10552.5,2.248106e-05,0.0001124053,0
10555.0,10560.0,10557.5,1.892722e-05,9.46361e-05,0
10560.0,10565.0,10562.5,1.716744e-05,8.58372e-05,0
10565.0,10570.0,10567.5,1.11846e-05,5.5923e-05,0
10570.0,10575.0,10572.5,5.95252e-06,2.97626e-05,0
10575.0,10580.0,10577.5,1.265292e-05,6.32646e-05,0
10585.0,10590.0,10587.5,2.470334e-05,0.0001235167,0
10590.0,10595.0,10592.5,8.70658e-06,4.35329e-05,0
10595.0,10600.0,10597.5,1.836824e-05,9.18412e-05,0
10600.0,10605.0,10602.5,1.421968e-05,7.10984e-05,0
10605.0,10610.0,10607.5,1.530014e-05,7.65007e-05,0
10610.0,10615.0,10612.5,2.352952e-05,0.0001176476,0
10615.0,10620.0,10617.5,2.369754e-05,0.0001184877,0
10625.0,10630.0,10627.5,2.127526e-05,0.0001063763,0
10630.0,10635.0,10632.5,2.856328e-05,0.0001428164,0
10635.0,10640.0,10637.5,7.96494e-06,3.98247e-05,0
10640.0,10645.0,10642.5,9.13926e-06,4.56963e-05,0
10645.0,10650.0,10647.5,1.885042e-05,9.42521e-05,0
10650.0,10655.0,10652.5,9.04028e-06,4.52014e-05,0
10655.0,10660.0,10657.5,1.40693e-05,7.03465e-05,0
10660.0,10665.0,10662.5,9.77852e-06,4.88926e-05,0
10665.0,10670.0,10667.5,2.020048e-05,0.0001010024,0
10670.0,10675.0,10672.5,8.96044e-06,4.48022e-05,0
10675.0,10680.0,10677.5,8.35022e-06,4.17511e-05,0
10680.0,10685.0,10682.5,5.95252e-06,2.97626e-05,0
10685.0,10690.0,10687.5,1.367372e-05,6.83686e-05,0
10690.0,10695.0,10692.5,1.394124e-05,6.97062e-05,0
10695.0,10700.0,10697.5,1.746892e-05,8.73446e-05,0
10700.0,10705.0,10702.5,1.695188e-05,8.47594e-05,0
10705.0,10710.0,10707.5,1.629822e-05,8.14911e-05,0
10710.0,10715.0,10712.5,1.959582e-05,9.79791e-05,0
10715.0,10720.0,10717.5,1.734484e-05,8.67242e-05,0
10720.0,10725.0,10722.5,8.96814e-06,4.48407e-05,0
10725.0,10730.0,10727.5,2.334608e-05,0.0001167304,0
10730.0,10735.0,10732.5,3.972976e-05,0.0001986488,0
10735.0,10740.0,10737.5,1.27037e-05,6.35185e-05,0
10740.0,10745.0,10742.5,2.400334e-05,0.0001200167,0
10745.0,10750.0,10747.5,2.06351e-05,0.0001031755,0
10750.0,10755.0,10752.5,2.083424e-05,0.0001041712,0
10755.0,10760.0,10757.5,2.066094e-05,0.0001033047,0
10760.0,10765.0,10762.5,5.59616e-06,2.79808e-05,0
10765.0,10770.0,10767.5,1.902924e-05,9.51462e-05,0
10770.0,10775.0,10772.5,2.75406e-06,1.37703e-05,0
10775.0,10780.0,10777.5,2.543796e-05,0.0001271898,0
10780.0,10785.0,10782.5,1.27196e-05,6.3598e-05,0
10785.0,10790.0,10787.5,9.77082e-06,4.88541e-05,0
10790.0,10795.0,10792.5,1.503328e-05,7.51664e-05,0
10795.0,10800.0,10797.5,3.07764e-05,0.000153882,0
10800.0,10805.0,10802.5,1.07113e-05,5.35565e-05,0
10805.0,10810.0,10807.5,1.500438e-05,7.50219e-05,0
10810.0,10815.0,10812.5,1.123798e-05,5.61899e-05,0
10815.0,10820.0,10817.5,2.96467e-05,0.0001482335,0
10820.0,10825.0,10822.5,1.774686e-05,8.87343e-05,0
10825.0,10830.0,10827.5,1.868772e-05,9.34386e-05,0
10830.0,10835.0,10832.5,2.499008e-05,0.0001249504,0
10835.0,10840.0,10837.5,1.726776e-05,8.63388e-05,0
10840.0,10845.0,10842.5,5.98142e-06,2.99071e-05,0
10845.0,10850.0,10847.5,2.048982e-05,0.0001024491,0
10850.0,10855.0,10852.5,1.26033e-05,6.30165e-05,0
10855.0,10860.0,10857.5,1.227278e-05,6.13639e-05,0
10860.0,10865.0,10862.5,1.830806e-05,9.15403e-05,0
10865.0,10870.0,10867.5,1.555094e-05,7.77547e-05,0
10870.0,10875.0,10872.5,2.290698e-05,0.0001145349,0
10875.0,10880.0,10877.5,1.947842e-05,9.73921e-05,0
10880.0,10885.0,10882.5,8.42234e-06,4.21117e-05,0
10885.0,10890.0,10887.5,6.72228e-06,3.36114e-05,0
10890.0,10895.0,10892.5,5.24318e-06,2.62159e-05,0
10895.0,10900.0,10897.5,9.66334e-06,4.83167e-05,0
10900.0,10905.0,10902.5,8.08526e-06,4.04263e-05,0
10905.0,10910.0,10907.5,1.178544e-05,5.89272e-05,0
10910.0,10915.0,10912.5,1.45002e-05,7.2501e-05,0
10915.0,10920.0,10917.5,8.86662e-06,4.43331e-05,0
10920.0,10925.0,10922.5,9.13926e-06,4.56963e-05,0
10925.0,10930.0,10927.5,1.75409e-05,8.77045e-05,0
10930.0,10935.0,10932.5,7.00482e-06,3.50241e-05,0
10935.0,10940.0,10937.5,3.10661e-05,0.0001553305,0
10940.0,10945.0,10942.5,1.01156e-05,5.0578e-05,0
10945.0,10950.0,10947.5,1.49839e-05,7.49195e-05,0
10950.0,10955.0,10952.5,2.877594e-05,0.0001438797,0
10955.0,10960.0,10957.5,9.04542e-06,4.52271e-05,0
10960.0,10965.0,10962.5,1.60384e-05,8.0192e-05,0
10965.0,10970.0,10967.5,1.650108e-05,8.25054e-05,0
10970.0,10975.0,10972.5,2.121202e-05,0.0001060601,0
10975.0,10980.0,10977.5,1.302778e-05,6.51389e-05,0
10980.0,10985.0,10982.5,2.716662e-05,0.0001358331,0
10985.0,10990.0,10987.5,9.77082e-06,4.88541e-05,0
10990.0,10995.0,10992.5,2.108038e-05,0.0001054019,0
10995.0,11000.0,10997.5,1.125482e-05,5.62741e-05,0
11000.0,11005.0,11002.5,1.188562e-05,5.94281e-05,0
11005.0,11010.0,11007.5,1.865622e-05,9.32811e-05,0
11010.0,11015.0,11012.5,1.083932e-05,5.41966e-05,0
11015.0,11020.0,11017.5,1.508408e-05,7.54204e-05,0
11020.0,11025.0,11022.5,9.83446e-06,4.91723e-05,0
11025.0,11030.0,11027.5,2.266286e-05,0.0001133143,0
11030.0,11035.0,11032.5,1.72276e-05,8.6138e-05,0
11035.0,11040.0,11037.5,9.65564e-06,4.82782e-05,0
11040.0,11045.0,11042.5,1.734484e-05,8.67242e-05,0
11045.0,11050.0,11047.5,1.61483e-05,8.07415e-05,0
11050.0,11055.0,11052.5,1.851402e-05,9.25701e-05,0
11055.0,11060.0,11057.5,2.26928e-05,0.000113464,0
11060.0,11065.0,11062.5,1.17005e-05,5.85025e-05,0
11065.0,11070.0,11067.5,1.847144e-05,9.23572e-05,0
11070.0,11075.0,11072.5,1.417134e-05,7.08567e-05,0
11075.0,11080.0,11077.5,2.261706e-05,0.0001130853,0
11080.0,11085.0,11082.5,1.915726e-05,9.57863e-05,0
11085.0,11090.0,11087.5,1.837198e-05,9.18599e-05,0
11090.0,11095.0,11092.5,1.180592e-05,5.90296e-05,0
11095.0,11100.0,11097.5,2.417444e-05,0.0001208722,0
11100.0,11105.0,11102.5,1.687154e-05,8.43577e-05,0
11105.0,11110.0,11107.5,9.60486e-06,4.80243e-05,0
11110.0,11115.0,11112.5,2.957588e-05,0.0001478794,0
11115.0,11120.0,11117.5,9.6505e-06,4.82525e-05,0
11120.0,11125.0,11122.5,1.846546e-05,9.23273e-05,0
11125.0,11130.0,11127.5,2.012642e-05,0.0001006321,0
11130.0,11135.0,11132.5,1.27037e-05,6.35185e-05,0
11135.0,11140.0,11137.5,8.07756e-06,4.03878e-05,0
11140.0,11145.0,11142.5,7.61504e-06,3.80752e-05,0
11145.0,11150.0,11147.5,1.934254e-05,9.67127e-05,0
11150.0,11155.0,11152.5,2.75406e-06,1.37703e-05,0
11155.0,11160.0,11157.5,2.67015e-05,0.0001335075,0
11160.0,11165.0,11162.5,9.94964e-06,4.97482e-05,0
11165.0,11170.0,11167.5,1.31481e-05,6.57405e-05,0
11170.0,11175.0,11172.5,2.484654e-05,0.0001242327,0
11175.0,11180.0,11177.5,1.562762e-05,7.81381e-05,0
11180.0,11185.0,11182.5,1.81817e-05,9.09085e-05,0
11185.0,11190.0,11187.5,1.079114e-05,5.39557e-05,0
11190.0,11195.0,11192.5,1.685098e-05,8.42549e-05,0
11195.0,11200.0,11197.5,2.711568e-05,0.0001355784,0
11200.0,11205.0,11202.5,7.71416e-06,3.85708e-05,0
11205.0,11210.0,11207.5,2.215932e-05,0.0001107966,0
11210.0,11215.0,11212.5,9.6582e-06,4.8291e-05,0
11215.0,11220.0,11217.5,2.100198e-05,0.0001050099,0
11220.0,11225.0,11222.5,1.817954e-05,9.08977e-05,0
11225.0,11230.0,11227.5,1.761044e-05,8.80522e-05,0
11230.0,11235.0,11232.5,1.907994e-05,9.53997e-05,0
11235.0,11240.0,11237.5,1.337924e-05,6.68962e-05,0
11240.0,11245.0,11242.5,5.24318e-06,2.62159e-05,0
11245.0,11250.0,11247.5,1.7051e-05,8.5255e-05,0
11250.0,11255.0,11252.5,6.3852e-06,3.1926e-05,0
11255.0,11260.0,11257.5,2.75406e-06,1.37703e-05,0
11260.0,11265.0,11262.5,5.68758e-06,2.84379e-05,0
11265.0,11270.0,11267.5,3.22736e-06,1.61368e-05,0
11270.0,11275.0,11272.5,1.531198e-05,7.65599e-05,0
11275.0,11280.0,11277.5,2.79506e-05,0.000139753,0
11280.0,11285.0,11282.5,2.26154e-05,0.000113077,0
11285.0,11290.0,11287.5,9.03258e-06,4.51629e-05,0
11290.0,11295.0,11292.5,2.00683e-05,0.0001003415,0
11295.0,11300.0,11297.5,9.77082e-06,4.88541e-05,0
11300.0,11305.0,11302.5,1.897606e-05,9.48803e-05,0
11305.0,11310.0,11307.5,1.523076e-05,7.61538e-05,0
11310.0,11315.0,11312.5,1.631516e-05,8.15758e-05,0
11315.0,11320.0,11317.5,1.859436e-05,9.29718e-05,0
11320.0,11325.0,11322.5,1.265176e-05,6.32588e-05,0
11325.0,11330.0,11327.5,1.285822e-05,6.42911e-05,0
11330.0,11335.0,11332.5,1.792858e-05,8.96429e-05,0
11335.0,11340.0,11337.5,1.5969e-05,7.9845e-05,0
11340.0,11345.0,11342.5,1.508422e-05,7.54211e-05,0
11345.0,11350.0,11347.5,1.391282e-05,6.95641e-05,0
11350.0,11355.0,11352.5,5.68758e-06,2.84379e-05,0
11355.0,11360.0,11357.5,1.213962e-05,6.06981e-05,0
11360.0,11365.0,11362.5,1.573618e-05,7.86809e-05,0
11365.0,11370.0,11367.5,1.046822e-05,5.23411e-05,0
11370.0,11375.0,11372.5,1.729666e-05,8.64833e-05,0
11375.0,11380.0,11377.5,2.834092e-05,0.0001417046,0
11380.0,11385.0,11382.5,1.93911e-05,9.69555e-05,0
11385.0,11390.0,11387.5,2.173676e-05,0.0001086838,0
11390.0,11395.0,11392.5,6.72228e-06,3.36114e-05,0
11395.0,11400.0,11397.5,2.076826e-05,0.0001038413,0
11400.0,11405.0,11402.5,8.52134e-06,4.26067e-05,0
11405.0,11410.0,11407.5,1.548612e-05,7.74306e-05,0
11410.0,11415.0,11412.5,1.218008e-05,6.09004e-05,0
11415.0,11420.0,11417.5,9.1317e-06,4.56585e-05,0
11420.0,11425.0,11422.5,1.966594e-05,9.83297e-05,0
11425.0,11430.0,11427.5,8.96814e-06,4.48407e-05,0
11430.0,11435.0,11432.5,5.58846e-06,2.79423e-05,0
11435.0,11440.0,11437.5,1.55369e-05,7.76845e-05,0
11440.0,11445.0,11442.5,5.98142e-06,2.99071e-05,0
11445.0,11450.0,11447.5,1.257568e-05,6.28784e-05,0
11450.0,11455.0,11452.5,1.425502e-05,7.12751e-05,0
11455.0,11460.0,11457.5,1.152938e-05,5.76469e-05,0
11460.0,11465.0,11462.5,6.72228e-06,3.36114e-05,0
11465.0,11470.0,11467.5,1.689404e-05,8.44702e-05,0
11470.0,11475.0,11472.5,2.385052e-05,0.0001192526,0
11475.0,11480.0,11477.5,1.269474e-05,6.34737e-05,0
11480.0,11485.0,11482.5,1.198304e-05,5.99152e-05,0
11485.0,11490.0,11487.5,2.745838e-05,0.0001372919,0
11490.0,11495.0,11492.5,1.09009e-05,5.45045e-05,0
11495.0,11500.0,11497.5,1.808568e-05,9.04284e-05,0
11500.0,11505.0,11502.5,1.616774e-05,8.08387e-05,0
11505.0,11510.0,11507.5,2.485422e-05,0.0001242711,0
11510.0,11515.0,11512.5,1.291428e-05,6.45714e-05,0
11515.0,11520.0,11517.5,2.485488e-05,0.0001242744,0
11520.0,11525.0,11522.5,6.03222e-06,3.01611e-05,0
11525.0,11530.0,11527.5,6.72228e-06,3.36114e-05,0
11530.0,11535.0,11532.5,6.3055e-06,3.15275e-05,0
11535.0,11540.0,11537.5,6.20638e-06,3.10319e-05,0
11540.0,11545.0,11542.5,2.290698e-05,0.0001145349,0
11545.0,11550.0,11547.5,5.71648e-06,2.85824e-05,0
11550.0,11555.0,11552.5,1.32112e-05,6.6056e-05,0
11555.0,11560.0,11557.5,1.701938e-05,8.50969e-05,0
11560.0,11565.0,11562.5,2.442348e-05,0.0001221174,0
11565.0,11570.0,11567.5,2.264444e-05,0.0001132222,0
11570.0,11575.0,11572.5,2.076006e-05,0.0001038003,0
11575.0,11580.0,11577.5,1.08501e-05,5.42505e-05,0
11580.0,11585.0,11582.5,9.40484e-06,4.70242e-05,0
11585.0,11590.0,11587.5,2.692982e-05,0.0001346491,0
11590.0,11595.0,11592.5,1.435416e-05,7.17708e-05,0
11595.0,11600.0,11597.5,2.62309e-05,0.0001311545,0
11600.0,11605.0,11602.5,1.150048e-05,5.75024e-05,0
11605.0,11610.0,11607.5,9.70398e-06,4.85199e-05,0
11610.0,11615.0,11612.5,8.73548e-06,4.36774e-05,0
11615.0,11620.0,11617.5,9.1606e-06,4.5803e-05,0
11620.0,11625.0,11622.5,7.26976e-06,3.63488e-05,0
11625.0,11630.0,11627.5,1.471896e-05,7.35948e-05,0
11630.0,11635.0,11632.5,2.62559e-05,0.0001312795,0
11635.0,11640.0,11637.5,4.5157e-06,2.25785e-05,0
11640.0,11645.0,11642.5,1.275496e-05,6.37748e-05,0
11645.0,11650.0,11647.5,2.24703e-05,0.0001123515,0
11650.0,11655.0,11652.5,1.61847e-05,8.09235e-05,0
11655.0,11660.0,11657.5,2.005072e-05,0.0001002536,0
11660.0,11665.0,11662.5,1.75216e-05,8.7608e-05,0
11670.0,11675.0,11672.5,1.927244e-05,9.63622e-05,0
11675.0,11680.0,11677.5,2.161524e-05,0.0001080762,0
11680.0,11685.0,11682.5,3.508178e-05,0.0001754089,0
11685.0,11690.0,11687.5,2.230996e-05,0.0001115498,0
11690.0,11695.0,11692.5,9.61256e-06,4.80628e-05,0
11695.0,11700.0,11697.5,1.517982e-05,7.58991e-05,0
11700.0,11705.0,11702.5,2.460292e-05,0.0001230146,0
11705.0,11710.0,11707.5,2.48912e-06,1.24456e-05,0
11710.0,11715.0,11712.5,9.44144e-06,4.72072e-05,0
11715.0,11720.0,11717.5,8.86662e-06,4.43331e-05,0
11720.0,11725.0,11722.5,6.03222e-06,3.01611e-05,0
11725.0,11730.0,11727.5,1.701938e-05,8.50969e-05,0
11735.0,11740.0,11737.5,1.949772e-05,9.74886e-05,0
11740.0,11745.0,11742.5,3.59964e-05,0.000179982,0
11745.0,11750.0,11747.5,1.464738e-05,7.32369e-05,0
11750.0,11755.0,11752.5,1.240986e-05,6.20493e-05,0
11755.0,11760.0,11757.5,2.381122e-05,0.0001190561,0
11760.0,11765.0,11762.5,9.74962e-06,4.87481e-05,0
11765.0,11770.0,11767.5,1.09009e-05,5.45045e-05,0
11770.0,11775.0,11772.5,1.179482e-05,5.89741e-05,0
11775.0,11780.0,11777.5,9.49392e-06,4.74696e-05,0
11780.0,11785.0,11782.5,2.619698e-05,0.0001309849,0
11785.0,11790.0,11787.5,1.128372e-05,5.64186e-05,0
11790.0,11795.0,11792.5,1.356112e-05,6.78056e-05,0
11795.0,11800.0,11797.5,1.516376e-05,7.58188e-05,0
11800.0,11805.0,11802.5,1.4158e-05,7.079e-05,0
11805.0,11810.0,11807.5,2.019598e-05,0.0001009799,0
11810.0,11815.0,11812.5,1.691254e-05,8.45627e-05,0
11815.0,11820.0,11817.5,1.660968e-05,8.30484e-05,0
11820.0,11825.0,11822.5,1.438564e-05,7.19282e-05,0
11825.0,11830.0,11827.5,2.741534e-05,0.0001370767,0
11830.0,11835.0,11832.5,5.59616e-06,2.79808e-05,0
11835.0,11840.0,11837.5,1.891008e-05,9.45504e-05,0
11840.0,11845.0,11842.5,1.206508e-05,6.03254e-05,0
11845.0,11850.0,11847.5,9.41254e-06,4.70627e-05,0
11850.0,11855.0,11852.5,2.206652e-05,0.0001103326,0
11855.0,11860.0,11857.5,1.877844e-05,9.38922e-05,0
11860.0,11865.0,11862.5,2.05748e-05,0.000102874,0
11865.0,11870.0,11867.5,1.233002e-05,6.16501e-05,0
11870.0,11875.0,11872.5,2.247336e-05,0.0001123668,0
11875.0,11880.0,11877.5,2.48912e-06,1.24456e-05,0
11880.0,11885.0,11882.5,2.334814e-05,0.0001167407,0
11885.0,11890.0,11887.5,9.53286e-06,4.76643e-05,0
11890.0,11895.0,11892.5,1.7453e-05,8.7265e-05,0
11895.0,11900.0,11897.5,9.52516e-06,4.76258e-05,0
11900.0,11905.0,11902.5,1.071388e-05,5.35694e-05,0
11905.0,11910.0,11907.5,8.95224e-06,4.47612e-05,0
11910.0,11915.0,11912.5,1.08424e-05,5.4212e-05,0
11915.0,11920.0,11917.5,1.684572e-05,8.42286e-05,0
11920.0,11925.0,11922.5,1.420362e-05,7.10181e-05,0
11925.0,11930.0,11927.5,1.072208e-05,5.36104e-05,0
11930.0,11935.0,11932.5,1.948662e-05,9.74331e-05,0
11935.0,11940.0,11937.5,2.215336e-05,0.0001107668,0
11940.0,11945.0,11942.5,1.485318e-05,7.42659e-05,0
11945.0,11950.0,11947.5,2.562462e-05,0.0001281231,0
11950.0,11955.0,11952.5,1.083932e-05,5.41966e-05,0
11955.0,11960.0,11957.5,2.22318e-05,0.000111159,0
11960.0,11965.0,11962.5,2.396672e-05,0.0001198336,0
11965.0,11970.0,11967.5,6.64258e-06,3.32129e-05,0
11970.0,11975.0,11972.5,1.391746e-05,6.95873e-05,0
11975.0,11980.0,11977.5,9.75476e-06,4.87738e-05,0
11980.0,11985.0,11982.5,2.155626e-05,0.0001077813,0
11985.0,11990.0,11987.5,2.195862e-05,0.0001097931,0
11990.0,11995.0,11992.5,1.272128e-05,6.36064e-05,0
11995.0,12000.0,11997.5,1.637958e-05,8.18979e-05,0
12000.0,12005.0,12002.5,1.727016e-05,8.63508e-05,0
12005.0,12010.0,12007.5,8.95272e-06,4.47636e-05,0
12010.0,12015.0,12012.5,1.26907e-05,6.34535e-05,0
12015.0,12020.0,12017.5,9.77852e-06,4.88926e-05,0
12020.0,12025.0,12022.5,1.575226e-05,7.87613e-05,0
12025.0,12030.0,12027.5,1.512068e-05,7.56034e-05,0
12030.0,12035.0,12032.5,2.43438e-05,0.000121719,0
12035.0,12040.0,12037.5,9.2114e-06,4.6057e-05,0
12040.0,12045.0,12042.5,8.81582e-06,4.40791e-05,0
12045.0,12050.0,12047.5,1.265176e-05,6.32588e-05,0
12050.0,12055.0,12052.5,1.471896e-05,7.35948e-05,0
12055.0,12060.0,12057.5,2.991428e-05,0.0001495714,0
12060.0,12065.0,12062.5,1.08212e-05,5.4106e-05,0
12065.0,12070.0,12067.5,2.40541e-05,0.0001202705,0
12070.0,12075.0,12072.5,2.603266e-05,0.0001301633,0
12075.0,12080.0,12077.5,1.544938e-05,7.72469e-05,0
12080.0,12085.0,12082.5,3.44412e-06,1.72206e-05,0
12085.0,12090.0,12087.5,1.511312e-05,7.55656e-05,0
12090.0,12095.0,12092.5,2.45978e-05,0.000122989,0
12095.0,12100.0,12097.5,2.235058e-05,0.0001117529,0
12100.0,12105.0,12102.5,9.1606e-06,4.5803e-05,0
12105.0,12110.0,12107.5,8.86662e-06,4.43331e-05,0
12110.0,12115.0,12112.5,2.696658e-05,0.0001348329,0
12115.0,12120.0,12117.5,8.42234e-06,4.21117e-05,0
12120.0,12125.0,12122.5,1.259158e-05,6.29579e-05,0
12125.0,12130.0,12127.5,9.29752e-06,4.64876e-05,0
12130.0,12135.0,12132.5,1.743358e-05,8.71679e-05,0
12135.0,12140.0,12137.5,2.996616e-05,0.0001498308,0
12140.0,12145.0,12142.5,2.081544e-05,0.0001040772,0
12145.0,12150.0,12147.5,2.737962e-05,0.0001368981,0
12150.0,12155.0,12152.5,1.417134e-05,7.08567e-05,0
12155.0,12160.0,12157.5,9.13926e-06,4.56963e-05,0
12160.0,12165.0,12162.5,1.693068e-05,8.46534e-05,0
12165.0,12170.0,12167.5,1.123798e-05,5.61899e-05,0
12170.0,12175.0,12172.5,1.17487e-05,5.87435e-05,0
12175.0,12180.0,12177.5,8.82352e-06,4.41176e-05,0
12180.0,12185.0,12182.5,1.57511e-05,7.87555e-05,0
12185.0,12190.0,12187.5,6.64258e-06,3.32129e-05,0
12190.0,12195.0,12192.5,2.429426e-05,0.0001214713,0
12195.0,12200.0,12197.5,1.954252e-05,9.77126e-05,0
12200.0,12205.0,12202.5,9.42602e-06,4.71301e-05,0
12205.0,12210.0,12207.5,1.197366e-05,5.98683e-05,0
12210.0,12215.0,12212.5,1.438306e-05,7.19153e-05,0
12215.0,12220.0,12217.5,1.516132e-05,7.58066e-05,0
12220.0,12225.0,12222.5,1.980814e-05,9.90407e-05,0
12225.0,12230.0,12227.5,1.56242e-05,7.8121e-05,0
12230.0,12235.0,12232.5,1.51668e-05,7.5834e-05,0
12235.0,12240.0,12237.5,1.62145e-05,8.10725e-05,0
12240.0,12245.0,12242.5,1.257206e-05,6.28603e-05,0
12245.0,12250.0,12247.5,8.08526e-06,4.04263e-05,0
12250.0,12255.0,12252.5,1.020328e-05,5.10164e-05,0
12255.0,12260.0,12257.5,1.186272e-05,5.93136e-05,0
12260.0,12265.0,12262.5,2.401328e-05,0.0001200664,0
12265.0,12270.0,12267.5,2.278408e-05,0.0001139204,0
12270.0,12275.0,12272.5,1.587722e-05,7.93861e-05,0
12275.0,12280.0,12277.5,2.521196e-05,0.0001260598,0
12280.0,12285.0,12282.5,1.664454e-05,8.32227e-05,0
12285.0,12290.0,12287.5,2.000814e-05,0.0001000407,0
12290.0,12295.0,12292.5,1.579358e-05,7.89679e-05,0
12295.0,12300.0,12297.5,1.35452e-05,6.7726e-05,0
12300.0,12305.0,12302.5,1.136342e-05,5.68171e-05,0
12305.0,12310.0,12307.5,8.82352e-06,4.41176e-05,0
12310.0,12315.0,12312.5,1.377528e-05,6.88764e-05,0
12315.0,12320.0,12317.5,6.03222e-06,3.01611e-05,0
12320.0,12325.0,12322.5,6.50552e-06,3.25276e-05,0
12325.0,12330.0,12327.5,9.74192e-06,4.87096e-05,0
12330.0,12335.0,12332.5,8.79462e-06,4.39731e-05,0
12335.0,12340.0,12337.5,1.960694e-05,9.80347e-05,0
12340.0,12345.0,12342.5,1.24174e-05,6.2087e-05,0
12345.0,12350.0,12347.5,1.550902e-05,7.75451e-05,0
12350.0,12355.0,12352.5,1.5014e-05,7.507e-05,0
12355.0,12360.0,12357.5,2.093936e-05,0.0001046968,0
12360.0,12365.0,12362.5,1.923522e-05,9.61761e-05,0
12365.0,12370.0,12367.5,1.09009e-05,5.45045e-05,0
12370.0,12375.0,12372.5,9.77082e-06,4.88541e-05,0
12375.0,12380.0,12377.5,9.77082e-06,4.88541e-05,0
12380.0,12385.0,12382.5,1.464156e-05,7.32078e-05,0
12385.0,12390.0,12387.5,3.032428e-05,0.0001516214,0
12390.0,12395.0,12392.5,2.767394e-05,0.0001383697,0
12395.0,12400.0,12397.5,1.245804e-05,6.22902e-05,0
12400.0,12405.0,12402.5,2.44035e-05,0.0001220175,0
12405.0,12410.0,12407.5,2.340612e-05,0.0001170306,0
12410.0,12415.0,12412.5,2.133646e-05,0.0001066823,0
12415.0,12420.0,12417.5,1.437534e-05,7.18767e-05,0
12420.0,12425.0,12422.5,3.10704e-06,1.55352e-05,0
12430.0,12435.0,12432.5,1.196286e-05,5.98143e-05,0
12435.0,12440.0,12437.5,1.620166e-05,8.10083e-05,0
12440.0,12445.0,12442.5,2.76533e-05,0.0001382665,0
12445.0,12450.0,12447.5,7.74306e-06,3.87153e-05,0
12450.0,12455.0,12452.5,1.302778e-05,6.51389e-05,0
12455.0,12460.0,12457.5,1.652998e-05,8.26499e-05,0
12460.0,12465.0,12462.5,2.188666e-05,0.0001094333,0
12465.0,12470.0,12467.5,2.33153e-05,0.0001165765,0
12470.0,12475.0,12472.5,1.658012e-05,8.29006e-05,0
12475.0,12480.0,12477.5,1.546596e-05,7.73298e-05,0
12480.0,12485.0,12482.5,1.11764e-05,5.5882e-05,0
12485.0,12490.0,12487.5,1.678334e-05,8.39167e-05,0
12490.0,12495.0,12492.5,7.61504e-06,3.80752e-05,0
12495.0,12500.0,12497.5,2.037722e-05,0.0001018861,0
12500.0,12505.0,12502.5,1.131264e-05,5.65632e-05,0
12505.0,12510.0,12507.5,2.241312e-05,0.0001120656,0
12510.0,12515.0,12512.5,3.10704e-06,1.55352e-05,0
12515.0,12520.0,12517.5,8.81582e-06,4.40791e-05,0
12520.0,12525.0,12522.5,1.87949e-05,9.39745e-05,0
12525.0,12530.0,12527.5,2.29442e-05,0.000114721,0
12530.0,12535.0,12532.5,9.43374e-06,4.71687e-05,0
12535.0,12540.0,12537.5,3.528518e-05,0.0001764259,0
12540.0,12545.0,12542.5,2.034522e-05,0.0001017261,0
12545.0,12550.0,12547.5,1.609588e-05,8.04794e-05,0
12550.0,12555.0,12552.5,1.29982e-05,6.4991e-05,0
12555.0,12560.0,12557.5,1.295734e-05,6.47867e-05,0
12560.0,12565.0,12562.5,6.19818e-06,3.09909e-05,0
12565.0,12570.0,12567.5,1.924764e-05,9.62382e-05,0
12570.0,12575.0,12572.5,1.953328e-05,9.76664e-05,0
12575.0,12580.0,12577.5,1.665224e-05,8.32612e-05,0
12580.0,12585.0,12582.5,1.239684e-05,6.19842e-05,0
12585.0,12590.0,12587.5,2.16199e-05,0.0001080995,0
12590.0,12595.0,12592.5,1.587326e-05,7.93663e-05,0
12595.0,12600.0,12597.5,1.629974e-05,8.14987e-05,0
12600.0,12605.0,12602.5,1.631378e-05,8.15689e-05,0
12605.0,12610.0,12607.5,1.99741e-05,9.98705e-05,0
12610.0,12615.0,12612.5,1.08212e-05,5.4106e-05,0
12615.0,12620.0,12617.5,1.786894e-05,8.93447e-05,0
12620.0,12625.0,12622.5,9.82162e-06,4.91081e-05,0
12625.0,12630.0,12627.5,1.732672e-05,8.66336e-05,0
12630.0,12635.0,12632.5,1.622556e-05,8.11278e-05,0
12635.0,12640.0,12637.5,1.937916e-05,9.68958e-05,0
12640.0,12645.0,12642.5,1.913968e-05,9.56984e-05,0
12645.0,12650.0,12647.5,5.8534e-06,2.9267e-05,0
12650.0,12655.0,12652.5,2.194012e-05,0.0001097006,0
12655.0,12660.0,12657.5,1.331032e-05,6.65516e-05,0
12660.0,12665.0,12662.5,1.953482e-05,9.76741e-05,0
12665.0,12670.0,12667.5,1.704876e-05,8.52438e-05,0
12670.0,12675.0,12672.5,1.382606e-05,6.91303e-05,0
12675.0,12680.0,12677.5,1.937402e-05,9.68701e-05,0
12680.0,12685.0,12682.5,1.975838e-05,9.87919e-05,0
12685.0,12690.0,12687.5,1.118718e-05,5.59359e-05,0
12690.0,12695.0,12692.5,2.460446e-05,0.0001230223,0
12695.0,12700.0,12697.5,2.510978e-05,0.0001255489,0
12700.0,12705.0,12702.5,6.3055e-06,3.15275e-05,0
12705.0,12710.0,12707.5,1.26322e-05,6.3161e-05,0
12710.0,12715.0,12712.5,9.6582e-06,4.8291e-05,0
12715.0,12720.0,12717.5,1.276024e-05,6.38012e-05,0
12720.0,12725.0,12722.5,9.05956e-06,4.52978e-05,0
12725.0,12730.0,12727.5,6.20638e-06,3.10319e-05,0
12730.0,12735.0,12732.5,2.089618e-05,0.0001044809,0
12735.0,12740.0,12737.5,1.540582e-05,7.70291e-05,0
12740.0,12745.0,12742.5,1.101044e-05,5.50522e-05,0
12745.0,12750.0,12747.5,9.2088e-06,4.6044e-05,0
12750.0,12755.0,12752.5,1.644232e-05,8.22116e-05,0
12755.0,12760.0,12757.5,1.5014e-05,7.507e-05,0
12760.0,12765.0,12762.5,2.643402e-05,0.0001321701,0
12765.0,12770.0,12767.5,5.93324e-06,2.96662e-05,0
12770.0,12775.0,12772.5,2.943114e-05,0.0001471557,0
12775.0,12780.0,12777.5,1.11923e-05,5.59615e-05,0
12780.0,12785.0,12782.5,1.61333e-05,8.06665e-05,0
12785.0,12790.0,12787.5,2.638898e-05,0.0001319449,0
12790.0,12795.0,12792.5,9.13926e-06,4.56963e-05,0
12795.0,12800.0,12797.5,1.41978e-05,7.0989e-05,0
12800.0,12805.0,12802.5,1.413998e-05,7.06999e-05,0
12805.0,12810.0,12807.5,1.71556e-05,8.5778e-05,0
12810.0,12815.0,12812.5,1.2683e-05,6.3415e-05,0
12815.0,12820.0,12817.5,1.88022e-05,9.4011e-05,0
12820.0,12825.0,12822.5,1.57003e-05,7.85015e-05,0
12825.0,12830.0,12827.5,3.060682e-05,0.0001530341,0
12830.0,12835.0,12832.5,1.044894e-05,5.22447e-05,0
12835.0,12840.0,12837.5,9.52516e-06,4.76258e-05,0
12840.0,12845.0,12842.5,1.49851e-05,7.49255e-05,0
12845.0,12850.0,12847.5,9.99528e-06,4.99764e-05,0
12850.0,12855.0,12852.5,9.67508e-06,4.83754e-05,0
12855.0,12860.0,12857.5,3.19846e-06,1.59923e-05,0
12860.0,12865.0,12862.5,1.45407e-05,7.27035e-05,0
12865.0,12870.0,12867.5,1.392054e-05,6.96027e-05,0
12870.0,12875.0,12872.5,9.83446e-06,4.91723e-05,0
12875.0,12880.0,12877.5,8.47054e-06,4.23527e-05,0
12880.0,12885.0,12882.5,8.99464e-06,4.49732e-05,0
12885.0,12890.0,12887.5,1.959992e-05,9.79996e-05,0
12890.0,12895.0,12892.5,2.18436e-05,0.000109218,0
12895.0,12900.0,12897.5,1.225994e-05,6.12997e-05,0
12900.0,12905.0,12902.5,2.331602e-05,0.0001165801,0
12905.0,12910.0,12907.5,1.75698e-05,8.7849e-05,0
12910.0,12915.0,12912.5,2.32196e-05,0.000116098,0
12915.0,12920.0,12917.5,2.46274e-05,0.000123137,0
12920.0,12925.0,12922.5,1.652998e-05,8.26499e-05,0
12925.0,12930.0,12927.5,1.03768e-05,5.1884e-05,0
12930.0,12935.0,12932.5,2.263518e-05,0.0001131759,0
12935.0,12940.0,12937.5,1.137514e-05,5.68757e-05,0
12940.0,12945.0,12942.5,1.960748e-05,9.80374e-05,0
12945.0,12950.0,12947.5,1.213842e-05,6.06921e-05,0
12950.0,12955.0,12952.5,1.094152e-05,5.47076e-05,0
12955.0,12960.0,12957.5,1.309732e-05,6.54866e-05,0
12960.0,12965.0,12962.5,1.535808e-05,7.67904e-05,0
12965.0,12970.0,12967.5,2.532516e-05,0.0001266258,0
12970.0,12975.0,12972.5,1.222202e-05,6.11101e-05,0
12975.0,12980.0,12977.5,2.487974e-05,0.0001243987,0
12980.0,12985.0,12982.5,1.842802e-05,9.21401e-05,0
12985.0,12990.0,12987.5,1.295734e-05,6.47867e-05,0
12990.0,12995.0,12992.5,7.00482e-06,3.50241e-05,0
12995.0,13000.0,12997.5,1.257206e-05,6.28603e-05,0
13000.0,13005.0,13002.5,1.472784e-05,7.36392e-05,0
13005.0,13010.0,13007.5,2.791292e-05,0.0001395646,0
13010.0,13015.0,13012.5,6.19818e-06,3.09909e-05,0
13015.0,13020.0,13017.5,1.547124e-05,7.73562e-05,0
13020.0,13025.0,13022.5,1.276268e-05,6.38134e-05,0
13025.0,13030.0,13027.5,6.47662e-06,3.23831e-05,0
13030.0,13035.0,13032.5,8.96814e-06,4.48407e-05,0
13035.0,13040.0,13037.5,1.805164e-05,9.02582e-05,0
13040.0,13045.0,13042.5,2.010794e-05,0.0001005397,0
13045.0,13050.0,13047.5,7.26976e-06,3.63488e-05,0
13050.0,13055.0,13052.5,8.30202e-06,4.15101e-05,0
13055.0,13060.0,13057.5,1.37271e-05,6.86355e-05,0
13060.0,13065.0,13062.5,1.230814e-05,6.15407e-05,0
13065.0,13070.0,13067.5,2.68844e-05,0.000134422,0
13070.0,13075.0,13072.5,3.728888e-05,0.0001864444,0
13075.0,13080.0,13077.5,5.24318e-06,2.62159e-05,0
13080.0,13085.0,13082.5,2.011872e-05,0.0001005936,0
13085.0,13090.0,13087.5,1.318604e-05,6.59302e-05,0
13090.0,13095.0,13092.5,1.227278e-05,6.13639e-05,0
13095.0,13100.0,13097.5,1.09009e-05,5.45045e-05,0
13100.0,13105.0,13102.5,1.647856e-05,8.23928e-05,0
13105.0,13110.0,13107.5,1.65008e-05,8.2504e-05,0
13110.0,13115.0,13112.5,1.36474e-05,6.8237e-05,0
13115.0,13120.0,13117.5,1.057438e-05,5.28719e-05,0
13120.0,13125.0,13122.5,1.487708e-05,7.43854e-05,0
13125.0,13130.0,13127.5,3.10704e-06,1.55352e-05,0
13130.0,13135.0,13132.5,1.299398e-05,6.49699e-05,0
13135.0,13140.0,13137.5,1.21319e-05,6.06595e-05,0
13140.0,13145.0,13142.5,2.069512e-05,0.0001034756,0
13145.0,13150.0,13147.5,1.0719e-05,5.3595e-05,0
13150.0,13155.0,13152.5,3.27816e-06,1.63908e-05,0
13155.0,13160.0,13157.5,1.701938e-05,8.50969e-05,0
13160.0,13165.0,13162.5,1.535502e-05,7.67751e-05,0
13165.0,13170.0,13167.5,1.839948e-05,9.19974e-05,0
13170.0,13175.0,13172.5,7.96494e-06,3.98247e-05,0
13175.0,13180.0,13177.5,1.734484e-05,8.67242e-05,0
13180.0,13185.0,13182.5,3.44412e-06,1.72206e-05,0
13185.0,13190.0,13187.5,2.104682e-05,0.0001052341,0
13190.0,13195.0,13192.5,9.42554e-06,4.71277e-05,0
13195.0,13200.0,13197.5,3.249766e-05,0.0001624883,0
13200.0,13205.0,13202.5,3.44412e-06,1.72206e-05,0
13205.0,13210.0,13207.5,1.54584e-05,7.7292e-05,0
13210.0,13215.0,13212.5,1.566834e-05,7.83417e-05,0
13215.0,13220.0,13217.5,1.919898e-05,9.59949e-05,0
13220.0,13225.0,13222.5,6.50552e-06,3.25276e-05,0
13225.0,13230.0,13227.5,1.193394e-05,5.96697e-05,0
13230.0,13235.0,13232.5,1.763884e-05,8.81942e-05,0
13235.0,13240.0,13237.5,1.712054e-05,8.56027e-05,0
13240.0,13245.0,13242.5,2.095494e-05,0.0001047747,0
13245.0,13250.0,13247.5,1.913364e-05,9.56682e-05,0
13250.0,13255.0,13252.5,1.144956e-05,5.72478e-05,0
13255.0,13260.0,13257.5,1.369558e-05,6.84779e-05,0
13260.0,13265.0,13262.5,1.079114e-05,5.39557e-05,0
13265.0,13270.0,13267.5,2.018694e-05,0.0001009347,0
13270.0,13275.0,13272.5,4.5157e-06,2.25785e-05,0
13275.0,13280.0,13277.5,9.78366e-06,4.89183e-05,0
13280.0,13285.0,13282.5,9.57596e-06,4.78798e-05,0
13285.0,13290.0,13287.5,1.458308e-05,7.29154e-05,0
13290.0,13295.0,13292.5,2.009252e-05,0.0001004626,0
13295.0,13300.0,13297.5,5.50812e-06,2.75406e-05,0
13300.0,13305.0,13302.5,1.850632e-05,9.25316e-05,0
13305.0,13310.0,13307.5,6.3775e-06,3.18875e-05,0
13310.0,13315.0,13312.5,1.82253e-05,9.11265e-05,0
13315.0,13320.0,13317.5,8.96044e-06,4.48022e-05,0
13320.0,13325.0,13322.5,8.35022e-06,4.17511e-05,0
13325.0,13330.0,13327.5,1.054548e-05,5.27274e-05,0
13330.0,13335.0,13332.5,5.76728e-06,2.88364e-05,0
13335.0,13340.0,13337.5,1.57511e-05,7.87555e-05,0
13340.0,13345.0,13342.5,1.34317e-05,6.71585e-05,0
13345.0,13350.0,13347.5,6.3267e-06,3.16335e-05,0
13350.0,13355.0,13352.5,1.309732e-05,6.54866e-05,0
13355.0,13360.0,13357.5,1.577414e-05,7.88707e-05,0
13360.0,13365.0,13362.5,1.976506e-05,9.88253e-05,0
13365.0,13370.0,13367.5,1.287786e-05,6.43893e-05,0
13370.0,13375.0,13372.5,8.87432e-06,4.43716e-05,0
13375.0,13380.0,13377.5,1.0719e-05,5.3595e-05,0
13385.0,13390.0,13387.5,1.311428e-05,6.55714e-05,0
13390.0,13395.0,13392.5,1.433424e-05,7.16712e-05,0
13395.0,13400.0,13397.5,2.122556e-05,0.0001061278,0
13400.0,13405.0,13402.5,8.13606e-06,4.06803e-05,0
13405.0,13410.0,13407.5,6.54346e-06,3.27173e-05,0
13410.0,13415.0,13412.5,1.56921e-05,7.84605e-05,0
13415.0,13420.0,13417.5,6.64258e-06,3.32129e-05,0
13420.0,13425.0,13422.5,2.032386e-05,0.0001016193,0
13425.0,13430.0,13427.5,1.08424e-05,5.4212e-05,0
13430.0,13435.0,13432.5,7.26976e-06,3.63488e-05,0
13435.0,13440.0,13437.5,8.34252e-06,4.17126e-05,0
13440.0,13445.0,13442.5,3.16809e-05,0.0001584045,0
13445.0,13450.0,13447.5,2.75406e-06,1.37703e-05,0
13450.0,13455.0,13452.5,1.5267e-05,7.6335e-05,0
13455.0,13460.0,13457.5,2.694012e-05,0.0001347006,0
13460.0,13465.0,13462.5,1.640902e-05,8.20451e-05,0
13465.0,13470.0,13467.5,7.74306e-06,3.87153e-05,0
13470.0,13475.0,13472.5,1.154034e-05,5.77017e-05,0
13475.0,13480.0,13477.5,6.20638e-06,3.10319e-05,0
13480.0,13485.0,13482.5,1.936632e-05,9.68316e-05,0
13485.0,13490.0,13487.5,1.247294e-05,6.23647e-05,0
13490.0,13495.0,13492.5,2.578394e-05,0.0001289197,0
13495.0,13500.0,13497.5,2.391836e-05,0.0001195918,0
13500.0,13505.0,13502.5,3.44412e-06,1.72206e-05,0
13505.0,13510.0,13507.5,8.08526e-06,4.04263e-05,0
13510.0,13515.0,13512.5,2.477952e-05,0.0001238976,0
13515.0,13520.0,13517.5,1.90241e-05,9.51205e-05,0
13520.0,13525.0,13522.5,3.44412e-06,1.72206e-05,0
13525.0,13530.0,13527.5,1.390332e-05,6.95166e-05,0
13530.0,13535.0,13532.5,6.50552e-06,3.25276e-05,0
13535.0,13540.0,13537.5,1.11923e-05,5.59615e-05,0
13540.0,13545.0,13542.5,3.10704e-06,1.55352e-05,0
13545.0,13550.0,13547.5,2.48912e-06,1.24456e-05,0
13550.0,13555.0,13552.5,1.09009e-05,5.45045e-05,0
13555.0,13560.0,13557.5,9.86994e-06,4.93497e-05,0
13560.0,13565.0,13562.5,1.320042e-05,6.60021e-05,0
13565.0,13570.0,13567.5,3.480678e-05,0.0001740339,0
13570.0,13575.0,13572.5,9.03138e-06,4.51569e-05,0
13575.0,13580.0,13577.5,8.05636e-06,4.02818e-05,0
13580.0,13585.0,13582.5,1.496462e-05,7.48231e-05,0
13585.0,13590.0,13587.5,2.227964e-05,0.0001113982,0
13590.0,13595.0,13592.5,1.71987e-05,8.59935e-05,0
13595.0,13600.0,13597.5,1.49658e-05,7.4829e-05,0
13600.0,13605.0,13602.5,6.50552e-06,3.25276e-05,0
13605.0,13610.0,13607.5,1.303704e-05,6.51852e-05,0
13610.0,13615.0,13612.5,1.850516e-05,9.25258e-05,0
13615.0,13620.0,13617.5,1.610524e-05,8.05262e-05,0
13620.0,13625.0,13622.5,1.321494e-05,6.60747e-05,0
13625.0,13630.0,13627.5,9.13156e-06,4.56578e-05,0
13630.0,13635.0,13632.5,1.849436e-05,9.24718e-05,0
13635.0,13640.0,13637.5,1.894956e-05,9.47478e-05,0
13640.0,13645.0,13642.5,1.857828e-05,9.28914e-05,0
13645.0,13650.0,13647.5,9.03258e-06,4.51629e-05,0
13650.0,13655.0,13652.5,1.08424e-05,5.4212e-05,0
13655.0,13660.0,13657.5,1.391234e-05,6.95617e-05,0
13660.0,13665.0,13662.5,6.67148e-06,3.33574e-05,0
13665.0,13670.0,13667.5,5.50812e-06,2.75406e-05,0
13670.0,13675.0,13672.5,1.428344e-05,7.14172e-05,0
13675.0,13680.0,13677.5,9.13156e-06,4.56578e-05,0
13680.0,13685.0,13682.5,6.42582e-06,3.21291e-05,0
13685.0,13690.0,13687.5,1.83525e-05,9.17625e-05,0
13690.0,13695.0,13692.5,2.91858e-05,0.000145929,0
13695.0,13700.0,13697.5,1.233772e-05,6.16886e-05,0
13700.0,13705.0,13702.5,1.62644e-05,8.1322e-05,0
13705.0,13710.0,13707.5,9.61256e-06,4.80628e-05,0
13710.0,13715.0,13712.5,1.64381e-05,8.21905e-05,0
13715.0,13720.0,13717.5,2.149832e-05,0.0001074916,0
13720.0,13725.0,13722.5,8.73548e-06,4.36774e-05,0
13725.0,13730.0,13727.5,2.157672e-05,0.0001078836,0
13730.0,13735.0,13732.5,7.95724e-06,3.97862e-05,0
13735.0,13740.0,13737.5,3.09934e-06,1.54967e-05,0
13740.0,13745.0,13742.5,4.271752e-05,0.0002135876,0
13745.0,13750.0,13747.5,8.86662e-06,4.43331e-05,0
13750.0,13755.0,13752.5,3.10704e-06,1.55352e-05,0
13760.0,13765.0,13762.5,1.507298e-05,7.53649e-05,0
13765.0,13770.0,13767.5,5.93324e-06,2.96662e-05,0
13770.0,13775.0,13772.5,8.08526e-06,4.04263e-05,0
13775.0,13780.0,13777.5,1.923522e-05,9.61761e-05,0
13780.0,13785.0,13782.5,1.12246e-05,5.6123e-05,0
13785.0,13790.0,13787.5,3.22736e-06,1.61368e-05,0
13790.0,13795.0,13792.5,6.42582e-06,3.21291e-05,0
13795.0,13800.0,13797.5,6.47662e-06,3.23831e-05,0
13800.0,13805.0,13802.5,1.445198e-05,7.22599e-05,0
13805.0,13810.0,13807.5,2.460316e-05,0.0001230158,0
13810.0,13815.0,13812.5,2.75406e-06,1.37703e-05,0
13815.0,13820.0,13817.5,1.072208e-05,5.36104e-05,0
13820.0,13825.0,13822.5,1.796278e-05,8.98139e-05,0
13825.0,13830.0,13827.5,1.639824e-05,8.19912e-05,0
13830.0,13835.0,13832.5,8.79462e-06,4.39731e-05,0
13835.0,13840.0,13837.5,5.76728e-06,2.88364e-05,0
13840.0,13845.0,13842.5,1.265552e-05,6.32776e-05,0
13845.0,13850.0,13847.5,1.360416e-05,6.80208e-05,0
13850.0,13855.0,13852.5,1.477864e-05,7.38932e-05,0
13855.0,13860.0,13857.5,9.30522e-06,4.65261e-05,0
13860.0,13865.0,13862.5,3.22736e-06,1.61368e-05,0
13865.0,13870.0,13867.5,7.74306e-06,3.87153e-05,0
13870.0,13875.0,13872.5,1.890646e-05,9.45323e-05,0
13875.0,13880.0,13877.5,3.27816e-06,1.63908e-05,0
13880.0,13885.0,13882.5,8.95272e-06,4.47636e-05,0
13885.0,13890.0,13887.5,1.914956e-05,9.57478e-05,0
13890.0,13895.0,13892.5,1.179434e-05,5.89717e-05,0
13895.0,13900.0,13897.5,2.073188e-05,0.0001036594,0
13900.0,13905.0,13902.5,2.261076e-05,0.0001130538,0
13905.0,13910.0,13907.5,1.388928e-05,6.94464e-05,0
13910.0,13915.0,13912.5,1.533808e-05,7.66904e-05,0
13915.0,13920.0,13917.5,8.52134e-06,4.26067e-05,0
13920.0,13925.0,13922.5,6.3775e-06,3.18875e-05,0
13925.0,13930.0,13927.5,9.44144e-06,4.72072e-05,0
13930.0,13935.0,13932.5,6.55116e-06,3.27558e-05,0
13940.0,13945.0,13942.5,1.474786e-05,7.37393e-05,0
13945.0,13950.0,13947.5,2.967268e-05,0.0001483634,0
13950.0,13955.0,13952.5,3.27816e-06,1.63908e-05,0
13955.0,13960.0,13957.5,1.303458e-05,6.51729e-05,0
13960.0,13965.0,13962.5,1.07113e-05,5.35565e-05,0
13965.0,13970.0,13967.5,9.6423e-06,4.82115e-05,0
13970.0,13975.0,13972.5,1.21642e-05,6.0821e-05,0
13975.0,13980.0,13977.5,1.45566e-05,7.2783e-05,0
13980.0,13985.0,13982.5,8.95272e-06,4.47636e-05,0
13985.0,13990.0,13987.5,1.276024e-05,6.38012e-05,0
13990.0,13995.0,13992.5,3.123252e-05,0.0001561626,0
13995.0,14000.0,13997.5,1.896768e-05,9.48384e-05,0
14000.0,14005.0,14002.5,1.73076e-05,8.6538e-05,0
14005.0,14010.0,14007.5,2.48912e-06,1.24456e-05,0
14010.0,14015.0,14012.5,3.42676e-05,0.000171338,0
14015.0,14020.0,14017.5,6.47662e-06,3.23831e-05,0
14020.0,14025.0,14022.5,5.95252e-06,2.97626e-05,0
14025.0,14030.0,14027.5,2.371208e-05,0.0001185604,0
14030.0,14035.0,14032.5,9.03138e-06,4.51569e-05,0
14035.0,14040.0,14037.5,1.581074e-05,7.90537e-05,0
14040.0,14045.0,14042.5,1.292046e-05,6.46023e-05,0
14045.0,14050.0,14047.5,8.82352e-06,4.41176e-05,0
14050.0,14055.0,14052.5,1.547124e-05,7.73562e-05,0
14055.0,14060.0,14057.5,1.770122e-05,8.85061e-05,0
14060.0,14065.0,14062.5,3.317962e-05,0.0001658981,0
14065.0,14070.0,14067.5,1.872702e-05,9.36351e-05,0
14070.0,14075.0,14072.5,1.89726e-05,9.4863e-05,0
14075.0,14080.0,14077.5,2.13407e-05,0.0001067035,0
14080.0,14085.0,14082.5,9.03258e-06,4.51629e-05,0
14085.0,14090.0,14087.5,1.408858e-05,7.04429e-05,0
14090.0,14095.0,14092.5,1.66066e-05,8.3033e-05,0
14095.0,14100.0,14097.5,1.08501e-05,5.42505e-05,0
14100.0,14105.0,14102.5,1.294038e-05,6.47019e-05,0
14105.0,14110.0,14107.5,1.778656e-05,8.89328e-05,0
14110.0,14115.0,14112.5,1.748704e-05,8.74352e-05,0
14115.0,14120.0,14117.5,1.249598e-05,6.24799e-05,0
14120.0,14125.0,14122.5,6.3852e-06,3.1926e-05,0
14125.0,14130.0,14127.5,2.408302e-05,0.0001204151,0
14130.0,14135.0,14132.5,1.136342e-05,5.68171e-05,0
14135.0,14140.0,14137.5,1.52518e-05,7.6259e-05,0
14140.0,14145.0,14142.5,1.619908e-05,8.09954e-05,0
14145.0,14150.0,14147.5,8.94386e-06,4.47193e-05,0
14150.0,14155.0,14152.5,9.92074e-06,4.96037e-05,0
14155.0,14160.0,14157.5,1.848558e-05,9.24279e-05,0
14160.0,14165.0,14162.5,1.749782e-05,8.74891e-05,0
14165.0,14170.0,14167.5,3.44412e-06,1.72206e-05,0
14170.0,14175.0,14172.5,1.406978e-05,7.03489e-05,0
14175.0,14180.0,14177.5,8.95224e-06,4.47612e-05,0
14180.0,14185.0,14182.5,1.614164e-05,8.07082e-05,0
14185.0,14190.0,14187.5,1.190166e-05,5.95083e-05,0
14190.0,14195.0,14192.5,1.789494e-05,8.94747e-05,0
14195.0,14200.0,14197.5,1.253772e-05,6.26886e-05,0
14200.0,14205.0,14202.5,1.7051e-05,8.5255e-05,0
14205.0,14210.0,14207.5,1.687462e-05,8.43731e-05,0
14210.0,14215.0,14212.5,1.56714e-05,7.8357e-05,0
14215.0,14220.0,14217.5,1.526594e-05,7.63297e-05,0
14220.0,14225.0,14222.5,9.25958e-06,4.62979e-05,0
14225.0,14230.0,14227.5,9.03138e-06,4.51569e-05,0
14230.0,14235.0,14232.5,9.04028e-06,4.52014e-05,0
14235.0,14240.0,14237.5,2.75406e-06,1.37703e-05,0
14240.0,14245.0,14242.5,1.528664e-05,7.64332e-05,0
14245.0,14250.0,14247.5,1.02214e-05,5.1107e-05,0
14250.0,14255.0,14252.5,3.27816e-06,1.63908e-05,0
14255.0,14260.0,14257.5,6.55116e-06,3.27558e-05,0
14260.0,14265.0,14262.5,6.3055e-06,3.15275e-05,0
14265.0,14270.0,14267.5,3.222298e-05,0.0001611149,0
14270.0,14275.0,14272.5,1.70168e-05,8.5084e-05,0
14280.0,14285.0,14282.5,2.305104e-05,0.0001152552,0
14285.0,14290.0,14287.5,3.645784e-05,0.0001822892,0
14290.0,14295.0,14292.5,1.235892e-05,6.17946e-05,0
14295.0,14300.0,14297.5,6.55116e-06,3.27558e-05,0
14300.0,14305.0,14302.5,1.558768e-05,7.79384e-05,0
14305.0,14310.0,14307.5,1.144956e-05,5.72478e-05,0
14310.0,14315.0,14312.5,9.47682e-06,4.73841e-05,0
14315.0,14320.0,14317.5,2.031566e-05,0.0001015783,0
14320.0,14325.0,14322.5,1.150048e-05,5.75024e-05,0
14325.0,14330.0,14327.5,1.500036e-05,7.50018e-05,0
14330.0,14335.0,14332.5,5.76728e-06,2.88364e-05,0
14335.0,14340.0,14337.5,1.03691e-05,5.18455e-05,0
14340.0,14345.0,14342.5,1.213962e-05,6.06981e-05,0
14345.0,14350.0,14347.5,2.675108e-05,0.0001337554,0
14350.0,14355.0,14352.5,1.344454e-05,6.72227e-05,0
14355.0,14360.0,14357.5,9.64278e-06,4.82139e-05,0
14360.0,14365.0,14362.5,8.42234e-06,4.21117e-05,0
14365.0,14370.0,14367.5,2.75406e-06,1.37703e-05,0
14370.0,14375.0,14372.5,1.331032e-05,6.65516e-05,0
14375.0,14380.0,14377.5,9.65564e-06,4.82782e-05,0
14380.0,14385.0,14382.5,8.81582e-06,4.40791e-05,0
14385.0,14390.0,14387.5,5.76728e-06,2.88364e-05,0
14390.0,14395.0,14392.5,9.75476e-06,4.87738e-05,0
14395.0,14400.0,14397.5,1.9843e-05,9.9215e-05,0
14400.0,14405.0,14402.5,6.50552e-06,3.25276e-05,0
14405.0,14410.0,14407.5,1.415542e-05,7.07771e-05,0
14410.0,14415.0,14412.5,2.101472e-05,0.0001050736,0
14415.0,14420.0,14417.5,1.240504e-05,6.20252e-05,0
14420.0,14425.0,14422.5,2.510618e-05,0.0001255309,0
14425.0,14430.0,14427.5,1.220494e-05,6.10247e-05,0
14430.0,14435.0,14432.5,1.265176e-05,6.32588e-05,0
14435.0,14440.0,14437.5,2.219468e-05,0.0001109734,0
14440.0,14445.0,14442.5,1.876548e-05,9.38274e-05,0
14445.0,14450.0,14447.5,1.515794e-05,7.57897e-05,0
14450.0,14455.0,14452.5,9.23068e-06,4.61534e-05,0
14455.0,14460.0,14457.5,2.215524e-05,0.0001107762,0
14460.0,14465.0,14462.5,1.595706e-05,7.97853e-05,0
14465.0,14470.0,14467.5,2.067852e-05,0.0001033926,0
14470.0,14475.0,14472.5,2.51653e-05,0.0001258265,0
14475.0,14480.0,14477.5,8.44164e-06,4.22082e-05,0
14480.0,14485.0,14482.5,2.262784e-05,0.0001131392,0
14485.0,14490.0,14487.5,1.179948e-05,5.89974e-05,0
14490.0,14495.0,14492.5,9.84104e-06,4.92052e-05,0
14495.0,14500.0,14497.5,2.48912e-06,1.24456e-05,0
14500.0,14505.0,14502.5,1.881844e-05,9.40922e-05,0
14505.0,14510.0,14507.5,7.79386e-06,3.89693e-05,0
14510.0,14515.0,14512.5,3.22736e-06,1.61368e-05,0
14515.0,14520.0,14517.5,1.054548e-05,5.27274e-05,0
14520.0,14525.0,14522.5,1.259018e-05,6.29509e-05,0
14525.0,14530.0,14527.5,8.88604e-06,4.44302e-05,0
14530.0,14535.0,14532.5,1.191466e-05,5.95733e-05,0
14535.0,14540.0,14537.5,9.40484e-06,4.70242e-05,0
14540.0,14545.0,14542.5,3.44412e-06,1.72206e-05,0
14545.0,14550.0,14547.5,2.92491e-05,0.0001462455,0
14550.0,14555.0,14552.5,1.834308e-05,9.17154e-05,0
14555.0,14560.0,14557.5,2.26508e-05,0.000113254,0
14560.0,14565.0,14562.5,5.8534e-06,2.9267e-05,0
14565.0,14570.0,14567.5,1.421968e-05,7.10984e-05,0
14570.0,14575.0,14572.5,1.977392e-05,9.88696e-05,0
14575.0,14580.0,14577.5,7.79386e-06,3.89693e-05,0
14580.0,14585.0,14582.5,7.95982e-06,3.97991e-05,0
14585.0,14590.0,14587.5,6.3267e-06,3.16335e-05,0
14590.0,14595.0,14592.5,3.44412e-06,1.72206e-05,0
14595.0,14600.0,14597.5,2.82671e-05,0.0001413355,0
14600.0,14605.0,14602.5,1.193394e-05,5.96697e-05,0
14605.0,14610.0,14607.5,2.349792e-05,0.0001174896,0
14610.0,14615.0,14612.5,1.382092e-05,6.91046e-05,0
14615.0,14620.0,14617.5,9.08076e-06,4.54038e-05,0
14620.0,14625.0,14622.5,1.8573e-05,9.2865e-05,0
14625.0,14630.0,14627.5,6.19866e-06,3.09933e-05,0
14630.0,14635.0,14632.5,1.127602e-05,5.63801e-05,0
14635.0,14640.0,14637.5,1.062518e-05,5.31259e-05,0
14640.0,14645.0,14642.5,2.107384e-05,0.0001053692,0
14645.0,14650.0,14647.5,1.877318e-05,9.38659e-05,0
14650.0,14655.0,14652.5,2.47325e-05,0.0001236625,0
14655.0,14660.0,14657.5,1.198474e-05,5.99237e-05,0
14660.0,14665.0,14662.5,2.022826e-05,0.0001011413,0
14665.0,14670.0,14667.5,3.27816e-06,1.63908e-05,0
14670.0,14675.0,14672.5,1.861504e-05,9.30752e-05,0
14675.0,14680.0,14677.5,1.028298e-05,5.14149e-05,0
14680.0,14685.0,14682.5,1.421968e-05,7.10984e-05,0
14685.0,14690.0,14687.5,2.08269e-05,0.0001041345,0
14690.0,14695.0,14692.5,2.643008e-05,0.0001321504,0
14695.0,14700.0,14697.5,1.90268e-05,9.5134e-05,0
14700.0,14705.0,14702.5,1.356112e-05,6.78056e-05,0
14705.0,14710.0,14707.5,1.222202e-05,6.11101e-05,0
14710.0,14715.0,14712.5,5.8534e-06,2.9267e-05,0
14715.0,14720.0,14717.5,2.594904e-05,0.0001297452,0
14720.0,14725.0,14722.5,7.95724e-06,3.97862e-05,0
14725.0,14730.0,14727.5,7.96494e-06,3.98247e-05,0
14730.0,14735.0,14732.5,1.17198e-05,5.8599e-05,0
14735.0,14740.0,14737.5,1.56791e-05,7.83955e-05,0
14740.0,14745.0,14742.5,1.240986e-05,6.20493e-05,0
14745.0,14750.0,14747.5,6.67148e-06,3.33574e-05,0
14750.0,14755.0,14752.5,1.461678e-05,7.30839e-05,0
14755.0,14760.0,14757.5,7.61196e-06,3.80598e-05,0
14760.0,14765.0,14762.5,1.296928e-05,6.48464e-05,0
14765.0,14770.0,14767.5,1.979736e-05,9.89868e-05,0
14770.0,14775.0,14772.5,8.96814e-06,4.48407e-05,0
14775.0,14780.0,14777.5,9.42554e-06,4.71277e-05,0
14780.0,14785.0,14782.5,1.415848e-05,7.07924e-05,0
14785.0,14790.0,14787.5,3.27816e-06,1.63908e-05,0
14790.0,14795.0,14792.5,6.67148e-06,3.33574e-05,0
14795.0,14800.0,14797.5,1.391234e-05,6.95617e-05,0
14800.0,14805.0,14802.5,5.71648e-06,2.85824e-05,0
14805.0,14810.0,14807.5,3.232058e-05,0.0001616029,0
14810.0,14815.0,14812.5,1.849436e-05,9.24718e-05,0
14815.0,14820.0,14817.5,2.39131e-05,0.0001195655,0
14820.0,14825.0,14822.5,1.417134e-05,7.08567e-05,0
14825.0,14830.0,14827.5,5.71648e-06,2.85824e-05,0
14830.0,14835.0,14832.5,1.643084e-05,8.21542e-05,0
14835.0,14840.0,14837.5,1.649706e-05,8.24853e-05,0
14840.0,14845.0,14842.5,1.46821e-05,7.34105e-05,0
14845.0,14850.0,14847.5,9.84104e-06,4.92052e-05,0
14850.0,14855.0,14852.5,7.26976e-06,3.63488e-05,0
14855.0,14860.0,14857.5,7.61504e-06,3.80752e-05,0
14860.0,14865.0,14862.5,1.382606e-05,6.91303e-05,0
14865.0,14870.0,14867.5,1.840618e-05,9.20309e-05,0
14870.0,14875.0,14872.5,1.136342e-05,5.68171e-05,0
14875.0,14880.0,14877.5,1.825964e-05,9.12982e-05,0
14880.0,14885.0,14882.5,1.643548e-05,8.21774e-05,0
14885.0,14890.0,14887.5,1.736206e-05,8.68103e-05,0
14890.0,14895.0,14892.5,1.31481e-05,6.57405e-05,0
14895.0,14900.0,14897.5,8.34252e-06,4.17126e-05,0
14900.0,14905.0,14902.5,8.34252e-06,4.17126e-05,0
14905.0,14910.0,14907.5,7.73228e-06,3.86614e-05,0
14910.0,14915.0,14912.5,2.007308e-05,0.0001003654,0
14915.0,14920.0,14917.5,6.2978e-06,3.1489e-05,0
14920.0,14925.0,14922.5,9.62428e-06,4.81214e-05,0
14925.0,14930.0,14927.5,1.744436e-05,8.72218e-05,0
14930.0,14935.0,14932.5,9.50396e-06,4.75198e-05,0
14935.0,14940.0,14937.5,1.899788e-05,9.49894e-05,0
14940.0,14945.0,14942.5,3.10704e-06,1.55352e-05,0
14945.0,14950.0,14947.5,2.099428e-05,0.0001049714,0
14950.0,14955.0,14952.5,1.440376e-05,7.20188e-05,0
14955.0,14960.0,14957.5,6.47662e-06,3.23831e-05,0
14960.0,14965.0,14962.5,2.66919e-05,0.0001334595,0
14965.0,14970.0,14967.5,1.49735e-05,7.48675e-05,0
14970.0,14975.0,14972.5,1.87849e-05,9.39245e-05,0
14975.0,14980.0,14977.5,1.191466e-05,5.95733e-05,0
14980.0,14985.0,14982.5,3.27816e-06,1.63908e-05,0
14985.0,14990.0,14987.5,7.96494e-06,3.98247e-05,0
14990.0,14995.0,14992.5,1.5014e-05,7.507e-05,0
14995.0,15000.0,14997.5,1.545776e-05,7.72888e-05,0
15000.0,15005.0,15002.5,1.285666e-05,6.42833e-05,0
15005.0,15010.0,15007.5,4.5157e-06,2.25785e-05,0
15010.0,15015.0,15012.5,2.144878e-05,0.0001072439,0
15015.0,15020.0,15017.5,1.106428e-05,5.53214e-05,0
15020.0,15025.0,15022.5,5.93324e-06,2.96662e-05,0
15025.0,15030.0,15027.5,1.191466e-05,5.95733e-05,0
15030.0,15035.0,15032.5,1.937146e-05,9.68573e-05,0
15035.0,15040.0,15037.5,1.860428e-05,9.30214e-05,0
15040.0,15045.0,15042.5,9.7329e-06,4.86645e-05,0
15045.0,15050.0,15047.5,8.73548e-06,4.36774e-05,0
15050.0,15055.0,15052.5,1.585382e-05,7.92691e-05,0
15055.0,15060.0,15057.5,1.71108e-05,8.5554e-05,0
15060.0,15065.0,15062.5,5.98142e-06,2.99071e-05,0
15065.0,15070.0,15067.5,5.8534e-06,2.9267e-05,0
15070.0,15075.0,15072.5,7.62274e-06,3.81137e-05,0
15075.0,15080.0,15077.5,3.09934e-06,1.54967e-05,0
15080.0,15085.0,15082.5,1.382606e-05,6.91303e-05,0
15085.0,15090.0,15087.5,6.54346e-06,3.27173e-05,0
15090.0,15095.0,15092.5,1.426532e-05,7.13266e-05,0
15095.0,15100.0,15097.5,1.744706e-05,8.72353e-05,0
15100.0,15105.0,15102.5,4.5157e-06,2.25785e-05,0
15105.0,15110.0,15107.5,1.541006e-05,7.70503e-05,0
15110.0,15115.0,15112.5,1.233772e-05,6.16886e-05,0
15115.0,15120.0,15117.5,8.96574e-06,4.48287e-05,0
15120.0,15125.0,15122.5,5.93324e-06,2.96662e-05,0
15125.0,15130.0,15127.5,1.895842e-05,9.47921e-05,0
15130.0,15135.0,15132.5,6.47662e-06,3.23831e-05,0
15135.0,15140.0,15137.5,4.97822e-06,2.48911e-05,0
15140.0,15145.0,15142.5,1.692232e-05,8.46116e-05,0
15145.0,15150.0,15147.5,1.395714e-05,6.97857e-05,0
15150.0,15155.0,15152.5,3.22736e-06,1.61368e-05,0
15155.0,15160.0,15157.5,2.549098e-05,0.0001274549,0
15160.0,15165.0,15162.5,1.512068e-05,7.56034e-05,0
15165.0,15170.0,15167.5,2.093422e-05,0.0001046711,0
15170.0,15175.0,15172.5,1.394636e-05,6.97318e-05,0
15175.0,15180.0,15177.5,6.72228e-06,3.36114e-05,0
15180.0,15185.0,15182.5,1.4158e-05,7.079e-05,0
15185.0,15190.0,15187.5,1.235892e-05,6.17946e-05,0
15190.0,15195.0,15192.5,2.238182e-05,0.0001119091,0
15195.0,15200.0,15197.5,7.26976e-06,3.63488e-05,0
15200.0,15205.0,15202.5,1.873536e-05,9.36768e-05,0
15205.0,15210.0,15207.5,1.55953e-05,7.79765e-05,0
15210.0,15215.0,15212.5,1.709138e-05,8.54569e-05,0
15215.0,15220.0,15217.5,9.94964e-06,4.97482e-05,0
15220.0,15225.0,15222.5,6.67148e-06,3.33574e-05,0
15225.0,15230.0,15227.5,1.140906e-05,5.70453e-05,0
15230.0,15235.0,15232.5,6.50552e-06,3.25276e-05,0
15235.0,15240.0,15237.5,9.2114e-06,4.6057e-05,0
15240.0,15245.0,15242.5,1.99304e-05,9.9652e-05,0
15245.0,15250.0,15247.5,1.62379e-05,8.11895e-05,0
15250.0,15255.0,15252.5,1.585398e-05,7.92699e-05,0
15255.0,15260.0,15257.5,3.22736e-06,1.61368e-05,0
15260.0,15265.0,15262.5,9.58366e-06,4.79183e-05,0
15265.0,15270.0,15267.5,9.08076e-06,4.54038e-05,0
15270.0,15275.0,15272.5,1.948032e-05,9.74016e-05,0
15275.0,15280.0,15277.5,2.075816e-05,0.0001037908,0
15280.0,15285.0,15282.5,1.232524e-05,6.16262e-05,0
15285.0,15290.0,15287.5,3.09934e-06,1.54967e-05,0
15290.0,15295.0,15292.5,6.3344e-06,3.1672e-05,0
15295.0,15300.0,15297.5,1.235892e-05,6.17946e-05,0
15300.0,15305.0,15302.5,8.7032e-06,4.3516e-05,0
15305.0,15310.0,15307.5,1.789494e-05,8.94747e-05,0
15310.0,15315.0,15312.5,8.99464e-06,4.49732e-05,0
15315.0,15320.0,15317.5,1.84513e-05,9.22565e-05,0
15320.0,15325.0,15322.5,9.13926e-06,4.56963e-05,0
15325.0,15330.0,15327.5,1.281772e-05,6.40886e-05,0
15330.0,15335.0,15332.5,4.5157e-06,2.25785e-05,0
15335.0,15340.0,15337.5,2.348184e-05,0.0001174092,0
15340.0,15345.0,15342.5,1.312622e-05,6.56311e-05,0
15345.0,15350.0,15347.5,2.374486e-05,0.0001187243,0
15350.0,15355.0,15352.5,8.20558e-06,4.10279e-05,0
15355.0,15360.0,15357.5,1.480754e-05,7.40377e-05,0
15360.0,15365.0,15362.5,3.09934e-06,1.54967e-05,0
15365.0,15370.0,15367.5,1.672928e-05,8.36464e-05,0
15370.0,15375.0,15372.5,2.402454e-05,0.0001201227,0
15375.0,15380.0,15377.5,9.47634e-06,4.73817e-05,0
15380.0,15385.0,15382.5,1.498494e-05,7.49247e-05,0
15385.0,15390.0,15387.5,1.412826e-05,7.06413e-05,0
15390.0,15395.0,15392.5,8.87432e-06,4.43716e-05,0
15395.0,15400.0,15397.5,6.50552e-06,3.25276e-05,0
15400.0,15405.0,15402.5,3.10704e-06,1.55352e-05,0
15405.0,15410.0,15407.5,5.76728e-06,2.88364e-05,0
15410.0,15415.0,15412.5,1.893538e-05,9.46769e-05,0
15415.0,15420.0,15417.5,1.26322e-05,6.3161e-05,0
15420.0,15425.0,15422.5,1.223874e-05,6.11937e-05,0
15425.0,15430.0,15427.5,3.44412e-06,1.72206e-05,0
15430.0,15435.0,15432.5,1.957686e-05,9.78843e-05,0
15435.0,15440.0,15437.5,7.62274e-06,3.81137e-05,0
15440.0,15445.0,15442.5,1.610102e-05,8.05051e-05,0
15445.0,15450.0,15447.5,2.75406e-06,1.37703e-05,0
15450.0,15455.0,15452.5,2.343618e-05,0.0001171809,0
15455.0,15460.0,15457.5,1.745888e-05,8.72944e-05,0
15460.0,15465.0,15462.5,2.558718e-05,0.0001279359,0
15465.0,15470.0,15467.5,9.23068e-06,4.61534e-05,0
15470.0,15475.0,15472.5,4.97822e-06,2.48911e-05,0
15475.0,15480.0,15477.5,9.61256e-06,4.80628e-05,0
15480.0,15485.0,15482.5,1.135572e-05,5.67786e-05,0
15485.0,15490.0,15487.5,1.957638e-05,9.78819e-05,0
15490.0,15495.0,15492.5,2.088328e-05,0.0001044164,0
15495.0,15500.0,15497.5,1.526288e-05,7.63144e-05,0
15500.0,15505.0,15502.5,1.433732e-05,7.16866e-05,0
15505.0,15510.0,15507.5,6.3267e-06,3.16335e-05,0
15510.0,15515.0,15512.5,1.079114e-05,5.39557e-05,0
15515.0,15520.0,15517.5,1.462052e-05,7.31026e-05,0
15520.0,15525.0,15522.5,1.231074e-05,6.15537e-05,0
15525.0,15530.0,15527.5,1.036602e-05,5.18301e-05,0
15530.0,15535.0,15532.5,8.78628e-06,4.39314e-05,0
15535.0,15540.0,15537.5,1.97278e-05,9.8639e-05,0
15540.0,15545.0,15542.5,2.466024e-05,0.0001233012,0
15545.0,15550.0,15547.5,2.75406e-06,1.37703e-05,0
15550.0,15555.0,15552.5,1.127602e-05,5.63801e-05,0
15555.0,15560.0,15557.5,3.22736e-06,1.61368e-05,0
15560.0,15565.0,15562.5,1.210168e-05,6.05084e-05,0
15565.0,15570.0,15567.5,1.441968e-05,7.20984e-05,0
15570.0,15575.0,15572.5,1.421968e-05,7.10984e-05,0
15575.0,15580.0,15577.5,1.287014e-05,6.43507e-05,0
15580.0,15585.0,15582.5,1.896102e-05,9.48051e-05,0
15585.0,15590.0,15587.5,1.948544e-05,9.74272e-05,0
15590.0,15595.0,15592.5,2.147528e-05,0.0001073764,0
15595.0,15600.0,15597.5,6.42582e-06,3.21291e-05,0
15600.0,15605.0,15602.5,2.680046e-05,0.0001340023,0
15605.0,15610.0,15607.5,1.197366e-05,5.98683e-05,0
15610.0,15615.0,15612.5,3.10704e-06,1.55352e-05,0
15615.0,15620.0,15617.5,1.557554e-05,7.78777e-05,0
15620.0,15625.0,15622.5,3.012068e-05,0.0001506034,0
15625.0,15630.0,15627.5,8.6955e-06,4.34775e-05,0
15630.0,15635.0,15632.5,9.08076e-06,4.54038e-05,0
15635.0,15640.0,15637.5,1.196546e-05,5.98273e-05,0
15640.0,15645.0,15642.5,5.71648e-06,2.85824e-05,0
15645.0,15650.0,15647.5,1.01664e-05,5.0832e-05,0
15650.0,15655.0,15652.5,5.98142e-06,2.99071e-05,0
15660.0,15665.0,15662.5,1.230954e-05,6.15477e-05,0
15665.0,15670.0,15667.5,2.080488e-05,0.0001040244,0
15670.0,15675.0,15672.5,1.348144e-05,6.74072e-05,0
15675.0,15680.0,15677.5,1.924868e-05,9.62434e-05,0
15680.0,15685.0,15682.5,1.21796e-05,6.0898e-05,0
15685.0,15690.0,15687.5,1.045406e-05,5.22703e-05,0
15690.0,15695.0,15692.5,1.044636e-05,5.22318e-05,0
15695.0,15700.0,15697.5,1.915042e-05,9.57521e-05,0
15700.0,15705.0,15702.5,1.634744e-05,8.17372e-05,0
15705.0,15710.0,15707.5,9.08076e-06,4.54038e-05,0
15710.0,15715.0,15712.5,3.710528e-05,0.0001855264,0
15715.0,15720.0,15717.5,1.561586e-05,7.80793e-05,0
15720.0,15725.0,15722.5,1.29982e-05,6.4991e-05,0
15725.0,15730.0,15727.5,5.68758e-06,2.84379e-05,0
15730.0,15735.0,15732.5,9.29752e-06,4.64876e-05,0
15735.0,15740.0,15737.5,5.71648e-06,2.85824e-05,0
15740.0,15745.0,15742.5,2.75406e-06,1.37703e-05,0
15745.0,15750.0,15747.5,9.94964e-06,4.97482e-05,0
15750.0,15755.0,15752.5,9.47634e-06,4.73817e-05,0
15755.0,15760.0,15757.5,2.48912e-06,1.24456e-05,0
15760.0,15765.0,15762.5,1.373222e-05,6.86611e-05,0
15770.0,15775.0,15772.5,2.190378e-05,0.0001095189,0
15775.0,15780.0,15777.5,9.74962e-06,4.87481e-05,0
15780.0,15785.0,15782.5,1.463142e-05,7.31571e-05,0
15790.0,15795.0,15792.5,1.28541e-05,6.42705e-05,0
15800.0,15805.0,15802.5,3.38526e-05,0.000169263,0
15805.0,15810.0,15807.5,1.607632e-05,8.03816e-05,0
15810.0,15815.0,15812.5,1.761544e-05,8.80772e-05,0
15815.0,15820.0,15817.5,1.807284e-05,9.03642e-05,0
15820.0,15825.0,15822.5,1.083162e-05,5.41581e-05,0
15825.0,15830.0,15827.5,1.629822e-05,8.14911e-05,0
15830.0,15835.0,15832.5,2.481712e-05,0.0001240856,0
15835.0,15840.0,15837.5,2.094194e-05,0.0001047097,0
15840.0,15845.0,15842.5,1.695446e-05,8.47723e-05,0
15845.0,15850.0,15847.5,1.08135e-05,5.40675e-05,0
15850.0,15855.0,15852.5,1.097044e-05,5.48522e-05,0
15855.0,15860.0,15857.5,1.145484e-05,5.72742e-05,0
15860.0,15865.0,15862.5,1.382364e-05,6.91182e-05,0
15865.0,15870.0,15867.5,1.275448e-05,6.37724e-05,0
15870.0,15875.0,15872.5,8.52134e-06,4.26067e-05,0
15875.0,15880.0,15877.5,1.044636e-05,5.22318e-05,0
15880.0,15885.0,15882.5,2.037218e-05,0.0001018609,0
15885.0,15890.0,15887.5,8.08526e-06,4.04263e-05,0
15890.0,15895.0,15892.5,8.81582e-06,4.40791e-05,0
15895.0,15900.0,15897.5,6.67148e-06,3.33574e-05,0
15900.0,15905.0,15902.5,1.640146e-05,8.20073e-05,0
15905.0,15910.0,15907.5,2.660508e-05,0.0001330254,0
15910.0,15915.0,15912.5,3.97529e-05,0.0001987645,0
15915.0,15920.0,15917.5,5.76728e-06,2.88364e-05,0
15920.0,15925.0,15922.5,2.48912e-06,1.24456e-05,0
15925.0,15930.0,15927.5,2.24118e-05,0.000112059,0
15930.0,15935.0,15932.5,3.44412e-06,1.72206e-05,0
15935.0,15940.0,15937.5,1.51509e-05,7.57545e-05,0
15940.0,15945.0,15942.5,2.473494e-05,0.0001236747,0
15945.0,15950.0,15947.5,7.73228e-06,3.86614e-05,0
15950.0,15955.0,15952.5,6.5563e-06,3.27815e-05,0
15955.0,15960.0,15957.5,1.469236e-05,7.34618e-05,0
15960.0,15965.0,15962.5,3.44412e-06,1.72206e-05,0
15965.0,15970.0,15967.5,1.756208e-05,8.78104e-05,0
15970.0,15975.0,15972.5,1.03691e-05,5.18455e-05,0
15975.0,15980.0,15977.5,1.739356e-05,8.69678e-05,0
15980.0,15985.0,15982.5,9.08076e-06,4.54038e-05,0
15985.0,15990.0,15987.5,6.64258e-06,3.32129e-05,0
15990.0,15995.0,15992.5,1.895572e-05,9.47786e-05,0
15995.0,16000.0,15997.5,4.8579e-06,2.42895e-05,0
16000.0,16005.0,16002.5,1.902618e-05,9.51309e-05,0
16005.0,16010.0,16007.5,1.648164e-05,8.24082e-05,0
16010.0,16015.0,16012.5,1.901896e-05,9.50948e-05,0
16015.0,16020.0,16017.5,3.44412e-06,1.72206e-05,0
16020.0,16025.0,16022.5,4.5157e-06,2.25785e-05,0
16025.0,16030.0,16027.5,4.8579e-06,2.42895e-05,0
16030.0,16035.0,16032.5,1.106686e-05,5.53343e-05,0
16035.0,16040.0,16037.5,9.05956e-06,4.52978e-05,0
16040.0,16045.0,16042.5,5.59616e-06,2.79808e-05,0
16045.0,16050.0,16047.5,1.136342e-05,5.68171e-05,0
16050.0,16055.0,16052.5,3.19846e-06,1.59923e-05,0
16055.0,16060.0,16057.5,9.05186e-06,4.52593e-05,0
16060.0,16065.0,16062.5,2.02951e-05,0.0001014755,0
16065.0,16070.0,16067.5,1.76535e-05,8.82675e-05,0
16070.0,16075.0,16072.5,1.954252e-05,9.77126e-05,0
16075.0,16080.0,16077.5,6.19818e-06,3.09909e-05,0
16080.0,16085.0,16082.5,7.96494e-06,3.98247e-05,0
16085.0,16090.0,16087.5,8.94386e-06,4.47193e-05,0
16090.0,16095.0,16092.5,1.235892e-05,6.17946e-05,0
16095.0,16100.0,16097.5,6.72228e-06,3.36114e-05,0
16100.0,16105.0,16102.5,5.71648e-06,2.85824e-05,0
16105.0,16110.0,16107.5,1.351034e-05,6.75517e-05,0
16110.0,16115.0,16112.5,8.81582e-06,4.40791e-05,0
16115.0,16120.0,16117.5,1.545776e-05,7.72888e-05,0
16120.0,16125.0,16122.5,2.57812e-05,0.000128906,0
16125.0,16130.0,16127.5,2.45493e-05,0.0001227465,0
16130.0,16135.0,16132.5,1.326574e-05,6.63287e-05,0
16140.0,16145.0,16142.5,9.41254e-06,4.70627e-05,0
16145.0,16150.0,16147.5,1.437474e-05,7.18737e-05,0
16150.0,16155.0,16152.5,5.50812e-06,2.75406e-05,0
16155.0,16160.0,16157.5,1.860428e-05,9.30214e-05,0
16160.0,16165.0,16162.5,2.48912e-06,1.24456e-05,0
16165.0,16170.0,16167.5,1.26748e-05,6.3374e-05,0
16170.0,16175.0,16172.5,1.233772e-05,6.16886e-05,0
16175.0,16180.0,16177.5,1.228692e-05,6.14346e-05,0
16180.0,16185.0,16182.5,3.22736e-06,1.61368e-05,0
16185.0,16190.0,16187.5,1.473298e-05,7.36649e-05,0
16190.0,16195.0,16192.5,1.282286e-05,6.41143e-05,0
16195.0,16200.0,16197.5,6.2978e-06,3.1489e-05,0
16200.0,16205.0,16202.5,5.93324e-06,2.96662e-05,0
16205.0,16210.0,16207.5,8.99464e-06,4.49732e-05,0
16210.0,16215.0,16212.5,3.212536e-05,0.0001606268,0
16215.0,16220.0,16217.5,1.322228e-05,6.61114e-05,0
16220.0,16225.0,16222.5,2.09935e-05,0.0001049675,0
16225.0,16230.0,16227.5,1.00867e-05,5.04335e-05,0
16230.0,16235.0,16232.5,1.968474e-05,9.84237e-05,0
16235.0,16240.0,16237.5,1.178664e-05,5.89332e-05,0
16240.0,16245.0,16242.5,7.79386e-06,3.89693e-05,0
16245.0,16250.0,16247.5,1.417132e-05,7.08566e-05,0
16250.0,16255.0,16252.5,5.93324e-06,2.96662e-05,0
16255.0,16260.0,16257.5,1.948544e-05,9.74272e-05,0
16260.0,16265.0,16262.5,1.105608e-05,5.52804e-05,0
16265.0,16270.0,16267.5,1.4158e-05,7.079e-05,0
16270.0,16275.0,16272.5,2.75406e-06,1.37703e-05,0
16275.0,16280.0,16277.5,2.477888e-05,0.0001238944,0
16280.0,16285.0,16282.5,9.3736e-06,4.6868e-05,0
16285.0,16290.0,16287.5,1.296928e-05,6.48464e-05,0
16290.0,16295.0,16292.5,1.529244e-05,7.64622e-05,0
16295.0,16300.0,16297.5,6.55116e-06,3.27558e-05,0
16300.0,16305.0,16302.5,9.42554e-06,4.71277e-05,0
16305.0,16310.0,16307.5,3.22736e-06,1.61368e-05,0
16310.0,16315.0,16312.5,6.54346e-06,3.27173e-05,0
16315.0,16320.0,16317.5,1.257568e-05,6.28784e-05,0
16320.0,16325.0,16322.5,1.27037e-05,6.35185e-05,0
16325.0,16330.0,16327.5,1.705342e-05,8.52671e-05,0
16330.0,16335.0,16332.5,3.09934e-06,1.54967e-05,0
16335.0,16340.0,16337.5,3.27816e-06,1.63908e-05,0
16340.0,16345.0,16342.5,6.47662e-06,3.23831e-05,0
16345.0,16350.0,16347.5,2.48912e-06,1.24456e-05,0
16350.0,16355.0,16352.5,8.96814e-06,4.48407e-05,0
16355.0,16360.0,16357.5,5.59616e-06,2.79808e-05,0
16360.0,16365.0,16362.5,1.278212e-05,6.39106e-05,0
16365.0,16370.0,16367.5,3.111758e-05,0.0001555879,0
16370.0,16375.0,16372.5,1.186272e-05,5.93136e-05,0
16375.0,16380.0,16377.5,4.8579e-06,2.42895e-05,0
16380.0,16385.0,16382.5,1.0719e-05,5.3595e-05,0
16385.0,16390.0,16387.5,4.8579e-06,2.42895e-05,0
16390.0,16395.0,16392.5,2.653488e-05,0.0001326744,0
16395.0,16400.0,16397.5,9.13156e-06,4.56578e-05,0
16400.0,16405.0,16402.5,7.79386e-06,3.89693e-05,0
16405.0,16410.0,16407.5,6.54346e-06,3.27173e-05,0
16410.0,16415.0,16412.5,9.31036e-06,4.65518e-05,0
16415.0,16420.0,16417.5,9.3736e-06,4.6868e-05,0
16420.0,16425.0,16422.5,1.196546e-05,5.98273e-05,0
16425.0,16430.0,16427.5,1.115828e-05,5.57914e-05,0
16430.0,16435.0,16432.5,2.341514e-05,0.0001170757,0
16435.0,16440.0,16437.5,9.13156e-06,4.56578e-05,0
16440.0,16445.0,16442.5,1.394124e-05,6.97062e-05,0
16445.0,16450.0,16447.5,2.75406e-06,1.37703e-05,0
16450.0,16455.0,16452.5,1.541518e-05,7.70759e-05,0
16455.0,16460.0,16457.5,9.08076e-06,4.54038e-05,0
16460.0,16465.0,16462.5,1.298212e-05,6.49106e-05,0
16465.0,16470.0,16467.5,1.570214e-05,7.85107e-05,0
16470.0,16475.0,16472.5,1.546596e-05,7.73298e-05,0
16475.0,16480.0,16477.5,1.63784e-05,8.1892e-05,0
16480.0,16485.0,16482.5,1.74495e-05,8.72475e-05,0
16485.0,16490.0,16487.5,3.10704e-06,1.55352e-05,0
16490.0,16495.0,16492.5,2.48912e-06,1.24456e-05,0
16495.0,16500.0,16497.5,9.86994e-06,4.93497e-05,0
16500.0,16505.0,16502.5,8.78628e-06,4.39314e-05,0
16505.0,16510.0,16507.5,9.25958e-06,4.62979e-05,0
16510.0,16515.0,16512.5,1.214476e-05,6.07238e-05,0
16515.0,16520.0,16517.5,1.258338e-05,6.29169e-05,0
16520.0,16525.0,16522.5,9.31036e-06,4.65518e-05,0
16525.0,16530.0,16527.5,9.92074e-06,4.96037e-05,0
16535.0,16540.0,16537.5,9.78366e-06,4.89183e-05,0
16540.0,16545.0,16542.5,9.78366e-06,4.89183e-05,0
16545.0,16550.0,16547.5,5.58846e-06,2.79423e-05,0
16550.0,16555.0,16552.5,1.60384e-05,8.0192e-05,0
16555.0,16560.0,16557.5,1.72194e-05,8.6097e-05,0
16560.0,16565.0,16562.5,6.2978e-06,3.1489e-05,0
16565.0,16570.0,16567.5,1.054792e-05,5.27396e-05,0
16570.0,16575.0,16572.5,6.21408e-06,3.10704e-05,0
16575.0,16580.0,16577.5,2.219336e-05,0.0001109668,0
16580.0,16585.0,16582.5,1.347306e-05,6.73653e-05,0
16585.0,16590.0,16587.5,1.687988e-05,8.43994e-05,0
16590.0,16595.0,16592.5,1.252488e-05,6.26244e-05,0
16595.0,16600.0,16597.5,1.679184e-05,8.39592e-05,0
16600.0,16605.0,16602.5,5.95252e-06,2.97626e-05,0
16605.0,16610.0,16607.5,2.501662e-05,0.0001250831,0
16615.0,16620.0,16617.5,3.19846e-06,1.59923e-05,0
16620.0,16625.0,16622.5,1.452124e-05,7.26062e-05,0
16625.0,16630.0,16627.5,1.276024e-05,6.38012e-05,0
16630.0,16635.0,16632.5,1.744706e-05,8.72353e-05,0
16635.0,16640.0,16637.5,1.94789e-05,9.73945e-05,0
16640.0,16645.0,16642.5,1.297698e-05,6.48849e-05,0
16645.0,16650.0,16647.5,1.020328e-05,5.10164e-05,0
16650.0,16655.0,16652.5,3.44412e-06,1.72206e-05,0
16655.0,16660.0,16657.5,3.27816e-06,1.63908e-05,0
16660.0,16665.0,16662.5,5.76728e-06,2.88364e-05,0
16665.0,16670.0,16667.5,7.26976e-06,3.63488e-05,0
16670.0,16675.0,16672.5,5.76728e-06,2.88364e-05,0
16675.0,16680.0,16677.5,8.96814e-06,4.48407e-05,0
16680.0,16685.0,16682.5,3.27816e-06,1.63908e-05,0
16685.0,16690.0,16687.5,8.96044e-06,4.48022e-05,0
16690.0,16695.0,16692.5,1.207278e-05,6.03639e-05,0
16695.0,16700.0,16697.5,1.1072e-05,5.536e-05,0
16700.0,16705.0,16702.5,9.1317e-06,4.56585e-05,0
16705.0,16710.0,16707.5,2.577552e-05,0.0001288776,0
16710.0,16715.0,16712.5,6.72228e-06,3.36114e-05,0
16715.0,16720.0,16717.5,1.242914e-05,6.21457e-05,0
16720.0,16725.0,16722.5,9.52516e-06,4.76258e-05,0
16725.0,16730.0,16727.5,1.494716e-05,7.47358e-05,0
16730.0,16735.0,16732.5,7.34702e-06,3.67351e-05,0
16735.0,16740.0,16737.5,1.913774e-05,9.56887e-05,0
16740.0,16745.0,16742.5,9.53286e-06,4.76643e-05,0
16745.0,16750.0,16747.5,2.348232e-05,0.0001174116,0
16750.0,16755.0,16752.5,1.678334e-05,8.39167e-05,0
16755.0,16760.0,16757.5,1.76593e-05,8.82965e-05,0
16760.0,16765.0,16762.5,9.1317e-06,4.56585e-05,0
16765.0,16770.0,16767.5,8.13606e-06,4.06803e-05,0
16770.0,16775.0,16772.5,3.10704e-06,1.55352e-05,0
16775.0,16780.0,16777.5,2.079718e-05,0.0001039859,0
16780.0,16785.0,16782.5,7.73228e-06,3.86614e-05,0
16785.0,16790.0,16787.5,2.066108e-05,0.0001033054,0
16790.0,16795.0,16792.5,1.5688e-05,7.844e-05,0
16795.0,16800.0,16797.5,1.446534e-05,7.23267e-05,0
16800.0,16805.0,16802.5,1.837826e-05,9.18913e-05,0
16805.0,16810.0,16807.5,8.52134e-06,4.26067e-05,0
16810.0,16815.0,16812.5,3.27816e-06,1.63908e-05,0
16815.0,16820.0,16817.5,1.11846e-05,5.5923e-05,0
16820.0,16825.0,16822.5,1.586728e-05,7.93364e-05,0
16825.0,16830.0,16827.5,3.22736e-06,1.61368e-05,0
16830.0,16835.0,16832.5,1.08424e-05,5.4212e-05,0
16835.0,16840.0,16837.5,8.87432e-06,4.43716e-05,0
16840.0,16845.0,16842.5,1.42147e-05,7.10735e-05,0
16845.0,16850.0,16847.5,9.1606e-06,4.5803e-05,0
16850.0,16855.0,16852.5,2.083974e-05,0.0001041987,0
16855.0,16860.0,16857.5,3.22736e-06,1.61368e-05,0
16860.0,16865.0,16862.5,8.96574e-06,4.48287e-05,0
16865.0,16870.0,16867.5,8.44164e-06,4.22082e-05,0
16870.0,16875.0,16872.5,3.19846e-06,1.59923e-05,0
16875.0,16880.0,16877.5,9.82932e-06,4.91466e-05,0
16880.0,16885.0,16882.5,1.331032e-05,6.65516e-05,0
16885.0,16890.0,16887.5,9.49224e-06,4.74612e-05,0
16890.0,16895.0,16892.5,1.189332e-05,5.94666e-05,0
16895.0,16900.0,16897.5,8.86662e-06,4.43331e-05,0
16900.0,16905.0,16902.5,5.68758e-06,2.84379e-05,0
16905.0,16910.0,16907.5,1.541658e-05,7.70829e-05,0
16910.0,16915.0,16912.5,3.012338e-05,0.0001506169,0
16915.0,16920.0,16917.5,8.95224e-06,4.47612e-05,0
16920.0,16925.0,16922.5,9.3736e-06,4.6868e-05,0
16930.0,16935.0,16932.5,1.07113e-05,5.35565e-05,0
16935.0,16940.0,16937.5,3.22736e-06,1.61368e-05,0
16940.0,16945.0,16942.5,9.74192e-06,4.87096e-05,0
16945.0,16950.0,16947.5,3.09934e-06,1.54967e-05,0
16950.0,16955.0,16952.5,2.48912e-06,1.24456e-05,0
16955.0,16960.0,16957.5,5.76728e-06,2.88364e-05,0
16960.0,16965.0,16962.5,3.10704e-06,1.55352e-05,0
16965.0,16970.0,16967.5,7.26976e-06,3.63488e-05,0
16970.0,16975.0,16972.5,1.206748e-05,6.03374e-05,0
16975.0,16980.0,16977.5,9.1606e-06,4.5803e-05,0
16980.0,16985.0,16982.5,6.50552e-06,3.25276e-05,0
16990.0,16995.0,16992.5,1.054548e-05,5.27274e-05,0
16995.0,17000.0,16997.5,7.79386e-06,3.89693e-05,0
17000.0,17005.0,17002.5,1.181362e-05,5.90681e-05,0
17005.0,17010.0,17007.5,1.574804e-05,7.87402e-05,0
17010.0,17015.0,17012.5,6.5563e-06,3.27815e-05,0
17015.0,17020.0,17017.5,1.655672e-05,8.27836e-05,0
17020.0,17025.0,17022.5,8.17668e-06,4.08834e-05,0
17025.0,17030.0,17027.5,2.393924e-05,0.0001196962,0
17030.0,17035.0,17032.5,9.42554e-06,4.71277e-05,0
17035.0,17040.0,17037.5,1.156988e-05,5.78494e-05,0
17045.0,17050.0,17047.5,8.30202e-06,4.15101e-05,0
17050.0,17055.0,17052.5,1.36763e-05,6.83815e-05,0
17055.0,17060.0,17057.5,8.35022e-06,4.17511e-05,0
17060.0,17065.0,17062.5,6.19866e-06,3.09933e-05,0
17065.0,17070.0,17067.5,3.27816e-06,1.63908e-05,0
17070.0,17075.0,17072.5,3.22736e-06,1.61368e-05,0
17075.0,17080.0,17077.5,3.22736e-06,1.61368e-05,0
17080.0,17085.0,17082.5,1.716602e-05,8.58301e-05,0
17090.0,17095.0,17092.5,1.74481e-05,8.72405e-05,0
17095.0,17100.0,17097.5,5.98142e-06,2.99071e-05,0
17100.0,17105.0,17102.5,3.22736e-06,1.61368e-05,0
17105.0,17110.0,17107.5,1.434502e-05,7.17251e-05,0
17110.0,17115.0,17112.5,1.716744e-05,8.58372e-05,0
17115.0,17120.0,17117.5,1.240726e-05,6.20363e-05,0
17120.0,17125.0,17122.5,2.587954e-05,0.0001293977,0
17125.0,17130.0,17127.5,1.071436e-05,5.35718e-05,0
17130.0,17135.0,17132.5,5.95252e-06,2.97626e-05,0
17135.0,17140.0,17137.5,3.44412e-06,1.72206e-05,0
17140.0,17145.0,17142.5,1.791846e-05,8.95923e-05,0
17145.0,17150.0,17147.5,6.3055e-06,3.15275e-05,0
17150.0,17155.0,17152.5,1.150048e-05,5.75024e-05,0
17155.0,17160.0,17157.5,3.27816e-06,1.63908e-05,0
17160.0,17165.0,17162.5,9.1606e-06,4.5803e-05,0
17165.0,17170.0,17167.5,1.710588e-05,8.55294e-05,0
17170.0,17175.0,17172.5,3.22736e-06,1.61368e-05,0
17175.0,17180.0,17177.5,6.50552e-06,3.25276e-05,0
17180.0,17185.0,17182.5,1.447046e-05,7.23523e-05,0
17185.0,17190.0,17187.5,3.19846e-06,1.59923e-05,0
17190.0,17195.0,17192.5,7.34702e-06,3.67351e-05,0
17195.0,17200.0,17197.5,1.74572e-05,8.7286e-05,0
17200.0,17205.0,17202.5,5.8534e-06,2.9267e-05,0
17205.0,17210.0,17207.5,1.890188e-05,9.45094e-05,0
17210.0,17215.0,17212.5,6.03222e-06,3.01611e-05,0
17215.0,17220.0,17217.5,1.430274e-05,7.15137e-05,0
17220.0,17225.0,17222.5,1.12246e-05,5.6123e-05,0
17225.0,17230.0,17227.5,9.25958e-06,4.62979e-05,0
17230.0,17235.0,17232.5,3.22736e-06,1.61368e-05,0
17235.0,17240.0,17237.5,1.416312e-05,7.08156e-05,0
17240.0,17245.0,17242.5,9.48454e-06,4.74227e-05,0
17245.0,17250.0,17247.5,1.55116e-05,7.7558e-05,0
17250.0,17255.0,17252.5,2.202112e-05,0.0001101056,0
17255.0,17260.0,17257.5,6.47662e-06,3.23831e-05,0
17260.0,17265.0,17262.5,8.91494e-06,4.45747e-05,0
17265.0,17270.0,17267.5,8.96814e-06,4.48407e-05,0
17270.0,17275.0,17272.5,3.19846e-06,1.59923e-05,0
17275.0,17280.0,17277.5,4.97822e-06,2.48911e-05,0
17280.0,17285.0,17282.5,1.390976e-05,6.95488e-05,0
17285.0,17290.0,17287.5,1.184252e-05,5.92126e-05,0
17290.0,17295.0,17292.5,6.5563e-06,3.27815e-05,0
17295.0,17300.0,17297.5,5.8611e-06,2.93055e-05,0
17300.0,17305.0,17302.5,1.889814e-05,9.44907e-05,0
17305.0,17310.0,17307.5,1.987036e-05,9.93518e-05,0
17310.0,17315.0,17312.5,9.1606e-06,4.5803e-05,0
17315.0,17320.0,17317.5,1.000042e-05,5.00021e-05,0
17320.0,17325.0,17322.5,1.930986e-05,9.65493e-05,0
17325.0,17330.0,17327.5,3.27816e-06,1.63908e-05,0
17330.0,17335.0,17332.5,3.475554e-05,0.0001737777,0
17335.0,17340.0,17337.5,1.109658e-05,5.54829e-05,0
17340.0,17345.0,17342.5,1.044636e-05,5.22318e-05,0
17345.0,17350.0,17347.5,1.823716e-05,9.11858e-05,0
17350.0,17355.0,17352.5,5.76728e-06,2.88364e-05,0
17355.0,17360.0,17357.5,2.48912e-06,1.24456e-05,0
17360.0,17365.0,17362.5,9.78366e-06,4.89183e-05,0
17365.0,17370.0,17367.5,1.400024e-05,7.00012e-05,0
17370.0,17375.0,17372.5,1.73346e-05,8.6673e-05,0
17375.0,17380.0,17377.5,1.102122e-05,5.51061e-05,0
17385.0,17390.0,17387.5,1.903694e-05,9.51847e-05,0
17390.0,17395.0,17392.5,9.29752e-06,4.64876e-05,0
17395.0,17400.0,17397.5,7.61196e-06,3.80598e-05,0
17400.0,17405.0,17402.5,2.608614e-05,0.0001304307,0
17405.0,17410.0,17407.5,6.72228e-06,3.36114e-05,0
17410.0,17415.0,17412.5,1.212766e-05,6.06383e-05,0
17415.0,17420.0,17417.5,1.364726e-05,6.82363e-05,0
17420.0,17425.0,17422.5,9.1606e-06,4.5803e-05,0
17425.0,17430.0,17427.5,6.3344e-06,3.1672e-05,0
17430.0,17435.0,17432.5,1.306348e-05,6.53174e-05,0
17435.0,17440.0,17437.5,1.501208e-05,7.50604e-05,0
17440.0,17445.0,17442.5,1.359338e-05,6.79669e-05,0
17445.0,17450.0,17447.5,1.595706e-05,7.97853e-05,0
17450.0,17455.0,17452.5,9.25958e-06,4.62979e-05,0
17455.0,17460.0,17457.5,9.03138e-06,4.51569e-05,0
17460.0,17465.0,17462.5,9.05956e-06,4.52978e-05,0
17465.0,17470.0,17467.5,1.36763e-05,6.83815e-05,0
17470.0,17475.0,17472.5,2.75406e-06,1.37703e-05,0
17475.0,17480.0,17477.5,1.62145e-05,8.10725e-05,0
17480.0,17485.0,17482.5,6.67148e-06,3.33574e-05,0
17485.0,17490.0,17487.5,2.413038e-05,0.0001206519,0
17490.0,17495.0,17492.5,2.312162e-05,0.0001156081,0
17495.0,17500.0,17497.5,1.77409e-05,8.87045e-05,0
17500.0,17505.0,17502.5,6.88824e-06,3.44412e-05,0
17505.0,17510.0,17507.5,1.292046e-05,6.46023e-05,0
17510.0,17515.0,17512.5,1.329954e-05,6.64977e-05,0
17515.0,17520.0,17517.5,6.19818e-06,3.09909e-05,0
17520.0,17525.0,17522.5,6.50552e-06,3.25276e-05,0
17525.0,17530.0,17527.5,1.089012e-05,5.44506e-05,0
17530.0,17535.0,17532.5,1.836326e-05,9.18163e-05,0
17540.0,17545.0,17542.5,3.19846e-06,1.59923e-05,0
17545.0,17550.0,17547.5,1.03768e-05,5.1884e-05,0
17550.0,17555.0,17552.5,1.054548e-05,5.27274e-05,0
17555.0,17560.0,17557.5,9.25958e-06,4.62979e-05,0
17560.0,17565.0,17562.5,2.48912e-06,1.24456e-05,0
17565.0,17570.0,17567.5,9.50396e-06,4.75198e-05,0
17570.0,17575.0,17572.5,1.243876e-05,6.21938e-05,0
17575.0,17580.0,17577.5,5.8534e-06,2.9267e-05,0
17580.0,17585.0,17582.5,1.675958e-05,8.37979e-05,0
17585.0,17590.0,17587.5,8.08526e-06,4.04263e-05,0
17590.0,17595.0,17592.5,6.2978e-06,3.1489e-05,0
17595.0,17600.0,17597.5,6.45474e-06,3.22737e-05,0
17600.0,17605.0,17602.5,1.406668e-05,7.03334e-05,0
17605.0,17610.0,17607.5,8.34252e-06,4.17126e-05,0
17610.0,17615.0,17612.5,1.474786e-05,7.37393e-05,0
17620.0,17625.0,17622.5,1.233772e-05,6.16886e-05,0
17625.0,17630.0,17627.5,1.245804e-05,6.22902e-05,0
17630.0,17635.0,17632.5,1.351034e-05,6.75517e-05,0
17635.0,17640.0,17637.5,1.391234e-05,6.95617e-05,0
17640.0,17645.0,17642.5,1.532988e-05,7.66494e-05,0
17645.0,17650.0,17647.5,3.27816e-06,1.63908e-05,0
17650.0,17655.0,17652.5,1.716862e-05,8.58431e-05,0
17655.0,17660.0,17657.5,8.20558e-06,4.10279e-05,0
17660.0,17665.0,17662.5,5.24318e-06,2.62159e-05,0
17665.0,17670.0,17667.5,2.471994e-05,0.0001235997,0
17670.0,17675.0,17672.5,3.10704e-06,1.55352e-05,0
17675.0,17680.0,17677.5,6.64258e-06,3.32129e-05,0
17685.0,17690.0,17687.5,9.05186e-06,4.52593e-05,0
17690.0,17695.0,17692.5,1.356112e-05,6.78056e-05,0
17695.0,17700.0,17697.5,6.72228e-06,3.36114e-05,0
17700.0,17705.0,17702.5,1.09009e-05,5.45045e-05,0
17705.0,17710.0,17707.5,1.08932e-05,5.4466e-05,0
17710.0,17715.0,17712.5,1.435016e-05,7.17508e-05,0
17715.0,17720.0,17717.5,3.27816e-06,1.63908e-05,0
17720.0,17725.0,17722.5,8.87432e-06,4.43716e-05,0
17725.0,17730.0,17727.5,6.3775e-06,3.18875e-05,0
17730.0,17735.0,17732.5,1.432394e-05,7.16197e-05,0
17735.0,17740.0,17737.5,3.10704e-06,1.55352e-05,0
17740.0,17745.0,17742.5,2.48912e-06,1.24456e-05,0
17745.0,17750.0,17747.5,1.472784e-05,7.36392e-05,0
17750.0,17755.0,17752.5,6.3852e-06,3.1926e-05,0
17755.0,17760.0,17757.5,1.287786e-05,6.43893e-05,0
17760.0,17765.0,17762.5,6.50552e-06,3.25276e-05,0
17765.0,17770.0,17767.5,5.58846e-06,2.79423e-05,0
17770.0,17775.0,17772.5,9.77852e-06,4.88926e-05,0
17775.0,17780.0,17777.5,8.78692e-06,4.39346e-05,0
17780.0,17785.0,17782.5,6.54346e-06,3.27173e-05,0
17785.0,17790.0,17787.5,4.072034e-05,0.0002036017,0
17790.0,17795.0,17792.5,1.12354e-05,5.6177e-05,0
17795.0,17800.0,17797.5,2.48515e-05,0.0001242575,0
17800.0,17805.0,17802.5,1.429164e-05,7.14582e-05,0
17805.0,17810.0,17807.5,1.099232e-05,5.49616e-05,0
17810.0,17815.0,17812.5,1.462872e-05,7.31436e-05,0
17815.0,17820.0,17817.5,9.05186e-06,4.52593e-05,0
17820.0,17825.0,17822.5,2.319196e-05,0.0001159598,0
17825.0,17830.0,17827.5,9.04028e-06,4.52014e-05,0
17830.0,17835.0,17832.5,6.03222e-06,3.01611e-05,0
17835.0,17840.0,17837.5,1.90015e-05,9.50075e-05,0
17840.0,17845.0,17842.5,8.78692e-06,4.39346e-05,0
17845.0,17850.0,17847.5,1.281516e-05,6.40758e-05,0
17850.0,17855.0,17852.5,6.3267e-06,3.16335e-05,0
17855.0,17860.0,17857.5,1.048634e-05,5.24317e-05,0
17860.0,17865.0,17862.5,1.391746e-05,6.95873e-05,0
17865.0,17870.0,17867.5,3.22736e-06,1.61368e-05,0
17870.0,17875.0,17872.5,1.695958e-05,8.47979e-05,0
17875.0,17880.0,17877.5,3.22736e-06,1.61368e-05,0
17880.0,17885.0,17882.5,9.39664e-06,4.69832e-05,0
17885.0,17890.0,17887.5,1.11634e-05,5.5817e-05,0
17890.0,17895.0,17892.5,8.52134e-06,4.26067e-05,0
17895.0,17900.0,17897.5,6.39692e-06,3.19846e-05,0
17900.0,17905.0,17902.5,1.511312e-05,7.55656e-05,0
17905.0,17910.0,17907.5,1.283224e-05,6.41612e-05,0
17915.0,17920.0,17917.5,9.13926e-06,4.56963e-05,0
17920.0,17925.0,17922.5,6.3852e-06,3.1926e-05,0
17925.0,17930.0,17927.5,1.428344e-05,7.14172e-05,0
17930.0,17935.0,17932.5,3.44412e-06,1.72206e-05,0
17935.0,17940.0,17937.5,1.11634e-05,5.5817e-05,0
17940.0,17945.0,17942.5,1.57588e-05,7.8794e-05,0
17945.0,17950.0,17947.5,1.302778e-05,6.51389e-05,0
17950.0,17955.0,17952.5,1.118718e-05,5.59359e-05,0
17955.0,17960.0,17957.5,9.40484e-06,4.70242e-05,0
17960.0,17965.0,17962.5,1.133452e-05,5.66726e-05,0
17965.0,17970.0,17967.5,2.105034e-05,0.0001052517,0
17970.0,17975.0,17972.5,1.08932e-05,5.4466e-05,0
17975.0,17980.0,17977.5,2.1406e-05,0.00010703,0
17980.0,17985.0,17982.5,1.612712e-05,8.06356e-05,0
17985.0,17990.0,17987.5,1.751128e-05,8.75564e-05,0
17990.0,17995.0,17992.5,3.19846e-06,1.59923e-05,0
17995.0,18000.0,17997.5,1.438564e-05,7.19282e-05,0
18000.0,18005.0,18002.5,1.224388e-05,6.12194e-05,0
18005.0,18010.0,18007.5,1.230814e-05,6.15407e-05,0
18010.0,18015.0,18012.5,6.3055e-06,3.15275e-05,0
18015.0,18020.0,18017.5,9.13156e-06,4.56578e-05,0
18020.0,18025.0,18022.5,4.5157e-06,2.25785e-05,0
18025.0,18030.0,18027.5,1.381834e-05,6.90917e-05,0
18030.0,18035.0,18032.5,1.399252e-05,6.99626e-05,0
18035.0,18040.0,18037.5,1.652934e-05,8.26467e-05,0
18040.0,18045.0,18042.5,1.582664e-05,7.91332e-05,0
18045.0,18050.0,18047.5,6.03222e-06,3.01611e-05,0
18050.0,18055.0,18052.5,1.57511e-05,7.87555e-05,0
18055.0,18060.0,18057.5,9.08846e-06,4.54423e-05,0
18060.0,18065.0,18062.5,1.133452e-05,5.66726e-05,0
18065.0,18070.0,18067.5,6.67148e-06,3.33574e-05,0
18070.0,18075.0,18072.5,3.27816e-06,1.63908e-05,0
18075.0,18080.0,18077.5,9.41254e-06,4.70627e-05,0
18080.0,18085.0,18082.5,1.381322e-05,6.90661e-05,0
18085.0,18090.0,18087.5,1.094152e-05,5.47076e-05,0
18090.0,18095.0,18092.5,1.49735e-05,7.48675e-05,0
18095.0,18100.0,18097.5,6.20638e-06,3.10319e-05,0
18100.0,18105.0,18102.5,7.95982e-06,3.97991e-05,0
18105.0,18110.0,18107.5,1.87246e-05,9.3623e-05,0
18110.0,18115.0,18112.5,1.330198e-05,6.65099e-05,0
18115.0,18120.0,18117.5,6.3344e-06,3.1672e-05,0
18120.0,18125.0,18122.5,1.205928e-05,6.02964e-05,0
18125.0,18130.0,18127.5,9.6582e-06,4.8291e-05,0
18130.0,18135.0,18132.5,1.283994e-05,6.41997e-05,0
18135.0,18140.0,18137.5,9.1317e-06,4.56585e-05,0
18140.0,18145.0,18142.5,9.31036e-06,4.65518e-05,0
18145.0,18150.0,18147.5,5.59616e-06,2.79808e-05,0
18150.0,18155.0,18152.5,9.05186e-06,4.52593e-05,0
18155.0,18160.0,18157.5,7.26976e-06,3.63488e-05,0
18160.0,18165.0,18162.5,5.24318e-06,2.62159e-05,0
18165.0,18170.0,18167.5,6.72228e-06,3.36114e-05,0
18170.0,18175.0,18172.5,1.372452e-05,6.86226e-05,0
18175.0,18180.0,18177.5,3.19846e-06,1.59923e-05,0
18180.0,18185.0,18182.5,1.144956e-05,5.72478e-05,0
18190.0,18195.0,18192.5,3.27816e-06,1.63908e-05,0
18195.0,18200.0,18197.5,1.542934e-05,7.71467e-05,0
18200.0,18205.0,18202.5,7.74306e-06,3.87153e-05,0
18205.0,18210.0,18207.5,1.482154e-05,7.41077e-05,0
18210.0,18215.0,18212.5,7.95724e-06,3.97862e-05,0
18215.0,18220.0,18217.5,1.011186e-05,5.05593e-05,0
18220.0,18225.0,18222.5,2.15325e-05,0.0001076625,0
18225.0,18230.0,18227.5,3.22736e-06,1.61368e-05,0
18230.0,18235.0,18232.5,1.766892e-05,8.83446e-05,0
18235.0,18240.0,18237.5,6.19818e-06,3.09909e-05,0
18240.0,18245.0,18242.5,2.026488e-05,0.0001013244,0
18245.0,18250.0,18247.5,8.35022e-06,4.17511e-05,0
18250.0,18255.0,18252.5,2.75406e-06,1.37703e-05,0
18255.0,18260.0,18257.5,7.74306e-06,3.87153e-05,0
18260.0,18265.0,18262.5,4.8579e-06,2.42895e-05,0
18265.0,18270.0,18267.5,1.532906e-05,7.66453e-05,0
18270.0,18275.0,18272.5,6.5563e-06,3.27815e-05,0
18275.0,18280.0,18277.5,7.61504e-06,3.80752e-05,0
18280.0,18285.0,18282.5,8.6873e-06,4.34365e-05,0
18290.0,18295.0,18292.5,6.50552e-06,3.25276e-05,0
18295.0,18300.0,18297.5,6.2978e-06,3.1489e-05,0
18300.0,18305.0,18302.5,6.55116e-06,3.27558e-05,0
18305.0,18310.0,18307.5,1.26748e-05,6.3374e-05,0
18310.0,18315.0,18312.5,3.44412e-06,1.72206e-05,0
18315.0,18320.0,18317.5,1.21589e-05,6.07945e-05,0
18320.0,18325.0,18322.5,6.21408e-06,3.10704e-05,0
18325.0,18330.0,18327.5,1.36763e-05,6.83815e-05,0
18330.0,18335.0,18332.5,1.150048e-05,5.75024e-05,0
18335.0,18340.0,18337.5,1.148374e-05,5.74187e-05,0
18340.0,18345.0,18342.5,9.94964e-06,4.97482e-05,0
18345.0,18350.0,18347.5,2.48912e-06,1.24456e-05,0
18350.0,18355.0,18352.5,1.24174e-05,6.2087e-05,0
18355.0,18360.0,18357.5,5.71648e-06,2.85824e-05,0
18360.0,18365.0,18362.5,7.79386e-06,3.89693e-05,0
18365.0,18370.0,18367.5,1.21931e-05,6.09655e-05,0
18375.0,18380.0,18377.5,2.241952e-05,0.0001120976,0
18380.0,18385.0,18382.5,5.68758e-06,2.84379e-05,0
18385.0,18390.0,18387.5,1.65584e-05,8.2792e-05,0
18390.0,18395.0,18392.5,1.839882e-05,9.19941e-05,0
18395.0,18400.0,18397.5,9.84104e-06,4.92052e-05,0
18400.0,18405.0,18402.5,1.136342e-05,5.68171e-05,0
18405.0,18410.0,18407.5,1.534964e-05,7.67482e-05,0
18410.0,18415.0,18412.5,6.3775e-06,3.18875e-05,0
18415.0,18420.0,18417.5,6.21408e-06,3.10704e-05,0
18420.0,18425.0,18422.5,2.48912e-06,1.24456e-05,0
18425.0,18430.0,18427.5,5.50812e-06,2.75406e-05,0
18430.0,18435.0,18432.5,1.45002e-05,7.2501e-05,0
18435.0,18440.0,18437.5,1.136342e-05,5.68171e-05,0
18440.0,18445.0,18442.5,8.79462e-06,4.39731e-05,0
18445.0,18450.0,18447.5,6.20638e-06,3.10319e-05,0
18450.0,18455.0,18452.5,2.157044e-05,0.0001078522,0
18455.0,18460.0,18457.5,1.698558e-05,8.49279e-05,0
18460.0,18465.0,18462.5,3.22736e-06,1.61368e-05,0
18465.0,18470.0,18467.5,6.19818e-06,3.09909e-05,0
18470.0,18475.0,18472.5,5.58846e-06,2.79423e-05,0
18475.0,18480.0,18477.5,1.687462e-05,8.43731e-05,0
18490.0,18495.0,18492.5,1.398946e-05,6.99473e-05,0
18495.0,18500.0,18497.5,1.416826e-05,7.08413e-05,0
18500.0,18505.0,18502.5,3.27816e-06,1.63908e-05,0
18505.0,18510.0,18507.5,6.3775e-06,3.18875e-05,0
18510.0,18515.0,18512.5,1.409936e-05,7.04968e-05,0
18515.0,18520.0,18517.5,1.283994e-05,6.41997e-05,0
18520.0,18525.0,18522.5,1.434244e-05,7.17122e-05,0
18525.0,18530.0,18527.5,1.677256e-05,8.38628e-05,0
18530.0,18535.0,18532.5,2.751816e-05,0.0001375908,0
18535.0,18540.0,18537.5,7.74306e-06,3.87153e-05,0
18540.0,18545.0,18542.5,6.20638e-06,3.10319e-05,0
18545.0,18550.0,18547.5,1.286966e-05,6.43483e-05,0
18550.0,18555.0,18552.5,1.676602e-05,8.38301e-05,0
18555.0,18560.0,18557.5,3.22736e-06,1.61368e-05,0
18560.0,18565.0,18562.5,6.55116e-06,3.27558e-05,0
18565.0,18570.0,18567.5,6.72228e-06,3.36114e-05,0
18570.0,18575.0,18572.5,1.217122e-05,6.08561e-05,0
18575.0,18580.0,18577.5,7.95982e-06,3.97991e-05,0
18580.0,18585.0,18582.5,5.98142e-06,2.99071e-05,0
18590.0,18595.0,18592.5,1.459982e-05,7.29991e-05,0
18595.0,18600.0,18597.5,2.75406e-06,1.37703e-05,0
18600.0,18605.0,18602.5,1.485318e-05,7.42659e-05,0
18605.0,18610.0,18607.5,1.817454e-05,9.08727e-05,0
18610.0,18615.0,18612.5,1.451612e-05,7.25806e-05,0
18615.0,18620.0,18617.5,6.5563e-06,3.27815e-05,0
18620.0,18625.0,18622.5,1.057438e-05,5.28719e-05,0
18625.0,18630.0,18627.5,9.58366e-06,4.79183e-05,0
18630.0,18635.0,18632.5,9.74192e-06,4.87096e-05,0
18635.0,18640.0,18637.5,6.54346e-06,3.27173e-05,0
18640.0,18645.0,18642.5,1.416826e-05,7.08413e-05,0
18645.0,18650.0,18647.5,1.054548e-05,5.27274e-05,0
18650.0,18655.0,18652.5,1.709908e-05,8.54954e-05,0
18655.0,18660.0,18657.5,3.09934e-06,1.54967e-05,0
18660.0,18665.0,18662.5,1.192286e-05,5.96143e-05,0
18665.0,18670.0,18667.5,1.150048e-05,5.75024e-05,0
18670.0,18675.0,18672.5,9.13156e-06,4.56578e-05,0
18675.0,18680.0,18677.5,5.76728e-06,2.88364e-05,0
18680.0,18685.0,18682.5,2.066864e-05,0.0001033432,0
18685.0,18690.0,18687.5,7.79386e-06,3.89693e-05,0
18690.0,18695.0,18692.5,1.044636e-05,5.22318e-05,0
18695.0,18700.0,18697.5,4.97822e-06,2.48911e-05,0
18700.0,18705.0,18702.5,6.67148e-06,3.33574e-05,0
18705.0,18710.0,18707.5,9.48454e-06,4.74227e-05,0
18710.0,18715.0,18712.5,1.785608e-05,8.92804e-05,0
18715.0,18720.0,18717.5,1.638728e-05,8.19364e-05,0
18720.0,18725.0,18722.5,1.41636e-05,7.0818e-05,0
18725.0,18730.0,18727.5,1.593108e-05,7.96554e-05,0
18730.0,18735.0,18732.5,1.11846e-05,5.5923e-05,0
18735.0,18740.0,18737.5,9.3057e-06,4.65285e-05,0
18740.0,18745.0,18742.5,2.088588e-05,0.0001044294,0
18745.0,18750.0,18747.5,2.48912e-06,1.24456e-05,0
18750.0,18755.0,18752.5,1.31481e-05,6.57405e-05,0
18755.0,18760.0,18757.5,3.44412e-06,1.72206e-05,0
18765.0,18770.0,18767.5,4.5157e-06,2.25785e-05,0
18770.0,18775.0,18772.5,1.089012e-05,5.44506e-05,0
18775.0,18780.0,18777.5,1.000042e-05,5.00021e-05,0
18780.0,18785.0,18782.5,4.5157e-06,2.25785e-05,0
18785.0,18790.0,18787.5,3.27816e-06,1.63908e-05,0
18790.0,18795.0,18792.5,1.14142e-05,5.7071e-05,0
18795.0,18800.0,18797.5,9.48454e-06,4.74227e-05,0
18800.0,18805.0,18802.5,9.83446e-06,4.91723e-05,0
18805.0,18810.0,18807.5,6.19818e-06,3.09909e-05,0
18810.0,18815.0,18812.5,1.303952e-05,6.51976e-05,0
18815.0,18820.0,18817.5,1.400024e-05,7.00012e-05,0
18820.0,18825.0,18822.5,1.230954e-05,6.15477e-05,0
18825.0,18830.0,18827.5,1.45908e-05,7.2954e-05,0
18830.0,18835.0,18832.5,1.476834e-05,7.38417e-05,0
18835.0,18840.0,18837.5,2.48912e-06,1.24456e-05,0
18840.0,18845.0,18842.5,1.691254e-05,8.45627e-05,0
18845.0,18850.0,18847.5,3.528514e-05,0.0001764257,0
18850.0,18855.0,18852.5,7.95982e-06,3.97991e-05,0
18855.0,18860.0,18857.5,1.11634e-05,5.5817e-05,0
18860.0,18865.0,18862.5,5.8611e-06,2.93055e-05,0
18865.0,18870.0,18867.5,1.21931e-05,6.09655e-05,0
18870.0,18875.0,18872.5,3.44412e-06,1.72206e-05,0
18875.0,18880.0,18877.5,7.74306e-06,3.87153e-05,0
18880.0,18885.0,18882.5,1.275496e-05,6.37748e-05,0
18885.0,18890.0,18887.5,1.318604e-05,6.59302e-05,0
18890.0,18895.0,18892.5,9.83446e-06,4.91723e-05,0
18895.0,18900.0,18897.5,1.157758e-05,5.78879e-05,0
18900.0,18905.0,18902.5,1.400024e-05,7.00012e-05,0
18905.0,18910.0,18907.5,1.648936e-05,8.24468e-05,0
18910.0,18915.0,18912.5,1.225802e-05,6.12901e-05,0
18915.0,18920.0,18917.5,1.715782e-05,8.57891e-05,0
18920.0,18925.0,18922.5,8.05636e-06,4.02818e-05,0
18925.0,18930.0,18927.5,1.377528e-05,6.88764e-05,0
18930.0,18935.0,18932.5,9.82932e-06,4.91466e-05,0
18935.0,18940.0,18937.5,1.223874e-05,6.11937e-05,0
18940.0,18945.0,18942.5,1.044894e-05,5.22447e-05,0
18945.0,18950.0,18947.5,6.20638e-06,3.10319e-05,0
18950.0,18955.0,18952.5,1.52121e-05,7.60605e-05,0
18955.0,18960.0,18957.5,9.57596e-06,4.78798e-05,0
18960.0,18965.0,18962.5,1.257568e-05,6.28784e-05,0
18965.0,18970.0,18967.5,9.70398e-06,4.85199e-05,0
18970.0,18975.0,18972.5,1.072208e-05,5.36104e-05,0
18975.0,18980.0,18977.5,9.61256e-06,4.80628e-05,0
18980.0,18985.0,18982.5,1.152938e-05,5.76469e-05,0
18985.0,18990.0,18987.5,9.70398e-06,4.85199e-05,0
18990.0,18995.0,18992.5,9.08846e-06,4.54423e-05,0
18995.0,19000.0,18997.5,9.71582e-06,4.85791e-05,0
19000.0,19005.0,19002.5,1.537212e-05,7.68606e-05,0
19005.0,19010.0,19007.5,1.140136e-05,5.70068e-05,0
19010.0,19015.0,19012.5,3.19846e-06,1.59923e-05,0
19020.0,19025.0,19022.5,1.929434e-05,9.64717e-05,0
19030.0,19035.0,19032.5,3.44412e-06,1.72206e-05,0
19035.0,19040.0,19037.5,8.91494e-06,4.45747e-05,0
19040.0,19045.0,19042.5,5.71648e-06,2.85824e-05,0
19045.0,19050.0,19047.5,7.61504e-06,3.80752e-05,0
19050.0,19055.0,19052.5,8.95224e-06,4.47612e-05,0
19055.0,19060.0,19057.5,9.50396e-06,4.75198e-05,0
19060.0,19065.0,19062.5,3.22736e-06,1.61368e-05,0
19065.0,19070.0,19067.5,6.20638e-06,3.10319e-05,0
19070.0,19075.0,19072.5,1.274934e-05,6.37467e-05,0
19075.0,19080.0,19077.5,5.59616e-06,2.79808e-05,0
19080.0,19085.0,19082.5,1.231844e-05,6.15922e-05,0
19085.0,19090.0,19087.5,3.10704e-06,1.55352e-05,0
19090.0,19095.0,19092.5,6.03222e-06,3.01611e-05,0
19095.0,19100.0,19097.5,6.20638e-06,3.10319e-05,0
19100.0,19105.0,19102.5,1.205928e-05,6.02964e-05,0
19105.0,19110.0,19107.5,7.73228e-06,3.86614e-05,0
19110.0,19115.0,19112.5,1.03768e-05,5.1884e-05,0
19115.0,19120.0,19117.5,3.27816e-06,1.63908e-05,0
19120.0,19125.0,19122.5,3.44412e-06,1.72206e-05,0
19125.0,19130.0,19127.5,3.22736e-06,1.61368e-05,0
19130.0,19135.0,19132.5,5.95252e-06,2.97626e-05,0
19135.0,19140.0,19137.5,8.13606e-06,4.06803e-05,0
19140.0,19145.0,19142.5,7.26976e-06,3.63488e-05,0
19145.0,19150.0,19147.5,3.19846e-06,1.59923e-05,0
19150.0,19155.0,19152.5,6.88824e-06,3.44412e-05,0
19155.0,19160.0,19157.5,1.898102e-05,9.49051e-05,0
19160.0,19165.0,19162.5,3.19846e-06,1.59923e-05,0
19165.0,19170.0,19167.5,9.7329e-06,4.86645e-05,0
19170.0,19175.0,19172.5,2.185284e-05,0.0001092642,0
19175.0,19180.0,19177.5,8.81582e-06,4.40791e-05,0
19180.0,19185.0,19182.5,7.61196e-06,3.80598e-05,0
19185.0,19190.0,19187.5,3.09934e-06,1.54967e-05,0
19190.0,19195.0,19192.5,1.630234e-05,8.15117e-05,0
19195.0,19200.0,19197.5,1.225874e-05,6.12937e-05,0
19200.0,19205.0,19202.5,1.196546e-05,5.98273e-05,0
19205.0,19210.0,19207.5,2.006526e-05,0.0001003263,0
19210.0,19215.0,19212.5,7.34702e-06,3.67351e-05,0
19215.0,19220.0,19217.5,2.75406e-06,1.37703e-05,0
19220.0,19225.0,19222.5,6.19818e-06,3.09909e-05,0
19225.0,19230.0,19227.5,1.356112e-05,6.78056e-05,0
19235.0,19240.0,19237.5,3.22736e-06,1.61368e-05,0
19240.0,19245.0,19242.5,9.74962e-06,4.87481e-05,0
19245.0,19250.0,19247.5,8.79462e-06,4.39731e-05,0
19250.0,19255.0,19252.5,1.443644e-05,7.21822e-05,0
19255.0,19260.0,19257.5,1.250882e-05,6.25441e-05,0
19260.0,19265.0,19262.5,9.44144e-06,4.72072e-05,0
19265.0,19270.0,19267.5,6.47662e-06,3.23831e-05,0
19270.0,19275.0,19272.5,9.25958e-06,4.62979e-05,0
19275.0,19280.0,19277.5,7.71416e-06,3.85708e-05,0
19280.0,19285.0,19282.5,4.5157e-06,2.25785e-05,0
19285.0,19290.0,19287.5,6.5563e-06,3.27815e-05,0
19290.0,19295.0,19292.5,2.832418e-05,0.0001416209,0
19295.0,19300.0,19297.5,1.924354e-05,9.62177e-05,0
19300.0,19305.0,19302.5,1.03768e-05,5.1884e-05,0
19305.0,19310.0,19307.5,1.102122e-05,5.51061e-05,0
19310.0,19315.0,19312.5,6.3267e-06,3.16335e-05,0
19315.0,19320.0,19317.5,7.71416e-06,3.85708e-05,0
19320.0,19325.0,19322.5,3.22736e-06,1.61368e-05,0
19325.0,19330.0,19327.5,1.485832e-05,7.42916e-05,0
19330.0,19335.0,19332.5,3.19846e-06,1.59923e-05,0
19335.0,19340.0,19337.5,1.988474e-05,9.94237e-05,0
19340.0,19345.0,19342.5,6.19866e-06,3.09933e-05,0
19345.0,19350.0,19347.5,9.47634e-06,4.73817e-05,0
19350.0,19355.0,19352.5,5.93324e-06,2.96662e-05,0
19355.0,19360.0,19357.5,1.609588e-05,8.04794e-05,0
19360.0,19365.0,19362.5,7.71416e-06,3.85708e-05,0
19365.0,19370.0,19367.5,6.67148e-06,3.33574e-05,0
19370.0,19375.0,19372.5,1.584868e-05,7.92434e-05,0
19375.0,19380.0,19377.5,6.50552e-06,3.25276e-05,0
19380.0,19385.0,19382.5,5.98142e-06,2.99071e-05,0
19385.0,19390.0,19387.5,1.205928e-05,6.02964e-05,0
19390.0,19395.0,19392.5,6.3267e-06,3.16335e-05,0
19395.0,19400.0,19397.5,5.8611e-06,2.93055e-05,0
19400.0,19405.0,19402.5,1.057438e-05,5.28719e-05,0
19415.0,19420.0,19417.5,2.217692e-05,0.0001108846,0
19420.0,19425.0,19422.5,1.297698e-05,6.48849e-05,0
19425.0,19430.0,19427.5,1.755272e-05,8.77636e-05,0
19430.0,19435.0,19432.5,1.15205e-05,5.76025e-05,0
19435.0,19440.0,19437.5,9.13156e-06,4.56578e-05,0
19440.0,19445.0,19442.5,1.291428e-05,6.45714e-05,0
19445.0,19450.0,19447.5,3.19846e-06,1.59923e-05,0
19450.0,19455.0,19452.5,6.20638e-06,3.10319e-05,0
19455.0,19460.0,19457.5,1.250416e-05,6.25208e-05,0
19460.0,19465.0,19462.5,1.586972e-05,7.93486e-05,0
19465.0,19470.0,19467.5,1.011186e-05,5.05593e-05,0
19470.0,19475.0,19472.5,4.5157e-06,2.25785e-05,0
19475.0,19480.0,19477.5,1.814032e-05,9.07016e-05,0
19480.0,19485.0,19482.5,6.54346e-06,3.27173e-05,0
19485.0,19490.0,19487.5,6.20638e-06,3.10319e-05,0
19490.0,19495.0,19492.5,1.739048e-05,8.69524e-05,0
19495.0,19500.0,19497.5,9.48454e-06,4.74227e-05,0
19500.0,19505.0,19502.5,3.09934e-06,1.54967e-05,0
19505.0,19510.0,19507.5,6.3852e-06,3.1926e-05,0
19510.0,19515.0,19512.5,1.4959e-05,7.4795e-05,0
19515.0,19520.0,19517.5,6.47662e-06,3.23831e-05,0
19520.0,19525.0,19522.5,7.79386e-06,3.89693e-05,0
19525.0,19530.0,19527.5,1.25951e-05,6.29755e-05,0
19530.0,19535.0,19532.5,4.5157e-06,2.25785e-05,0
19535.0,19540.0,19537.5,9.94964e-06,4.97482e-05,0
19540.0,19545.0,19542.5,1.388928e-05,6.94464e-05,0
19550.0,19555.0,19552.5,2.75406e-06,1.37703e-05,0
19555.0,19560.0,19557.5,2.295274e-05,0.0001147637,0
19560.0,19565.0,19562.5,1.523846e-05,7.61923e-05,0
19565.0,19570.0,19567.5,3.19846e-06,1.59923e-05,0
19570.0,19575.0,19572.5,1.784414e-05,8.92207e-05,0
19575.0,19580.0,19577.5,9.298e-06,4.649e-05,0
19585.0,19590.0,19587.5,5.95252e-06,2.97626e-05,0
19590.0,19595.0,19592.5,7.95982e-06,3.97991e-05,0
19595.0,19600.0,19597.5,1.105608e-05,5.52804e-05,0
19600.0,19605.0,19602.5,1.235906e-05,6.17953e-05,0
19605.0,19610.0,19607.5,7.61196e-06,3.80598e-05,0
19610.0,19615.0,19612.5,1.468462e-05,7.34231e-05,0
19615.0,19620.0,19617.5,9.58366e-06,4.79183e-05,0
19625.0,19630.0,19627.5,8.08526e-06,4.04263e-05,0
19630.0,19635.0,19632.5,5.8534e-06,2.9267e-05,0
19635.0,19640.0,19637.5,3.10704e-06,1.55352e-05,0
19640.0,19645.0,19642.5,6.47662e-06,3.23831e-05,0
19645.0,19650.0,19647.5,3.27816e-06,1.63908e-05,0
19650.0,19655.0,19652.5,6.39692e-06,3.19846e-05,0
19655.0,19660.0,19657.5,1.49735e-05,7.48675e-05,0
19660.0,19665.0,19662.5,6.3055e-06,3.15275e-05,0
19665.0,19670.0,19667.5,3.27816e-06,1.63908e-05,0
19670.0,19675.0,19672.5,1.297698e-05,6.48849e-05,0
19675.0,19680.0,19677.5,1.302008e-05,6.51004e-05,0
19680.0,19685.0,19682.5,1.099232e-05,5.49616e-05,0
19685.0,19690.0,19687.5,7.95724e-06,3.97862e-05,0
19690.0,19695.0,19692.5,1.028298e-05,5.14149e-05,0
19695.0,19700.0,19697.5,2.362144e-05,0.0001181072,0
19700.0,19705.0,19702.5,2.48912e-06,1.24456e-05,0
19705.0,19710.0,19707.5,1.07513e-05,5.37565e-05,0
19710.0,19715.0,19712.5,4.8579e-06,2.42895e-05,0
19720.0,19725.0,19722.5,1.731902e-05,8.65951e-05,0
19725.0,19730.0,19727.5,1.403778e-05,7.01889e-05,0
19730.0,19735.0,19732.5,3.44412e-06,1.72206e-05,0
19735.0,19740.0,19737.5,1.11634e-05,5.5817e-05,0
19740.0,19745.0,19742.5,5.58846e-06,2.79423e-05,0
19745.0,19750.0,19747.5,1.319888e-05,6.59944e-05,0
19750.0,19755.0,19752.5,9.70398e-06,4.85199e-05,0
19755.0,19760.0,19757.5,2.212808e-05,0.0001106404,0
19760.0,19765.0,19762.5,7.34702e-06,3.67351e-05,0
19765.0,19770.0,19767.5,2.070038e-05,0.0001035019,0
19770.0,19775.0,19772.5,5.98142e-06,2.99071e-05,0
19775.0,19780.0,19777.5,3.10704e-06,1.55352e-05,0
19780.0,19785.0,19782.5,1.11557e-05,5.57785e-05,0
19785.0,19790.0,19787.5,8.05636e-06,4.02818e-05,0
19790.0,19795.0,19792.5,6.55116e-06,3.27558e-05,0
19795.0,19800.0,19797.5,2.75406e-06,1.37703e-05,0
19800.0,19805.0,19802.5,6.20638e-06,3.10319e-05,0
19805.0,19810.0,19807.5,9.83446e-06,4.91723e-05,0
19810.0,19815.0,19812.5,6.3344e-06,3.1672e-05,0
19815.0,19820.0,19817.5,2.125922e-05,0.0001062961,0
19820.0,19825.0,19822.5,6.47662e-06,3.23831e-05,0
19825.0,19830.0,19827.5,1.873124e-05,9.36562e-05,0
19830.0,19835.0,19832.5,1.840312e-05,9.20156e-05,0
19835.0,19840.0,19837.5,1.191466e-05,5.95733e-05,0
19840.0,19845.0,19842.5,1.158018e-05,5.79009e-05,0
19845.0,19850.0,19847.5,5.71648e-06,2.85824e-05,0
19850.0,19855.0,19852.5,6.03222e-06,3.01611e-05,0
19855.0,19860.0,19857.5,1.131264e-05,5.65632e-05,0
19860.0,19865.0,19862.5,1.5508e-05,7.754e-05,0
19865.0,19870.0,19867.5,3.44412e-06,1.72206e-05,0
19870.0,19875.0,19872.5,3.22736e-06,1.61368e-05,0
19875.0,19880.0,19877.5,6.39692e-06,3.19846e-05,0
19880.0,19885.0,19882.5,4.5157e-06,2.25785e-05,0
19890.0,19895.0,19892.5,1.423152e-05,7.11576e-05,0
19895.0,19900.0,19897.5,3.22736e-06,1.61368e-05,0
19900.0,19905.0,19902.5,1.135572e-05,5.67786e-05,0
19905.0,19910.0,19907.5,7.96494e-06,3.98247e-05,0
19910.0,19915.0,19912.5,5.76728e-06,2.88364e-05,0
19915.0,19920.0,19917.5,1.54034e-05,7.7017e-05,0
19920.0,19925.0,19922.5,6.3852e-06,3.1926e-05,0
19925.0,19930.0,19927.5,2.785404e-05,0.0001392702,0
19930.0,19935.0,19932.5,3.19846e-06,1.59923e-05,0
19935.0,19940.0,19937.5,2.018404e-05,0.0001009202,0
19940.0,19945.0,19942.5,1.735564e-05,8.67782e-05,0
19945.0,19950.0,19947.5,5.76728e-06,2.88364e-05,0
19950.0,19955.0,19952.5,3.22736e-06,1.61368e-05,0
19955.0,19960.0,19957.5,3.27816e-06,1.63908e-05,0
19960.0,19965.0,19962.5,3.44412e-06,1.72206e-05,0
19965.0,19970.0,19967.5,1.275448e-05,6.37724e-05,0
19970.0,19975.0,19972.5,2.75406e-06,1.37703e-05,0
19975.0,19980.0,19977.5,6.3852e-06,3.1926e-05,0
19980.0,19985.0,19982.5,6.88824e-06,3.44412e-05,0
19985.0,19990.0,19987.5,3.10704e-06,1.55352e-05,0
19990.0,19995.0,19992.5,7.74306e-06,3.87153e-05,0
19995.0,20000.0,19997.5,1.638048e-05,8.19024e-05,0
20000.0,20005.0,20002.5,8.05636e-06,4.02818e-05,0
20005.0,20010.0,20007.5,2.48912e-06,1.24456e-05,0
20015.0,20020.0,20017.5,5.59616e-06,2.79808e-05,0
20020.0,20025.0,20022.5,6.50552e-06,3.25276e-05,0
20025.0,20030.0,20027.5,9.48454e-06,4.74227e-05,0
20030.0,20035.0,20032.5,3.19846e-06,1.59923e-05,0
20035.0,20040.0,20037.5,1.338232e-05,6.69116e-05,0
20040.0,20045.0,20042.5,1.629822e-05,8.14911e-05,0
20045.0,20050.0,20047.5,5.76728e-06,2.88364e-05,0
20050.0,20055.0,20052.5,3.27816e-06,1.63908e-05,0
20055.0,20060.0,20057.5,6.55116e-06,3.27558e-05,0
20060.0,20065.0,20062.5,3.10704e-06,1.55352e-05,0
20065.0,20070.0,20067.5,8.30202e-06,4.15101e-05,0
20070.0,20075.0,20072.5,1.12431e-05,5.62155e-05,0
20075.0,20080.0,20077.5,3.22736e-06,1.61368e-05,0
20080.0,20085.0,20082.5,6.39692e-06,3.19846e-05,0
20085.0,20090.0,20087.5,5.50812e-06,2.75406e-05,0
20090.0,20095.0,20092.5,5.59616e-06,2.79808e-05,0
20095.0,20100.0,20097.5,7.79386e-06,3.89693e-05,0
20100.0,20105.0,20102.5,3.22736e-06,1.61368e-05,0
20105.0,20110.0,20107.5,1.441198e-05,7.20599e-05,0
20110.0,20115.0,20112.5,1.894956e-05,9.47478e-05,0
20115.0,20120.0,20117.5,9.47634e-06,4.73817e-05,0
20120.0,20125.0,20122.5,1.683154e-05,8.41577e-05,0
20125.0,20130.0,20127.5,5.50812e-06,2.75406e-05,0
20130.0,20135.0,20132.5,8.13606e-06,4.06803e-05,0
20135.0,20140.0,20137.5,1.97372e-05,9.8686e-05,0
20140.0,20145.0,20142.5,9.3736e-06,4.6868e-05,0
20145.0,20150.0,20147.5,9.49224e-06,4.74612e-05,0
20150.0,20155.0,20152.5,4.5157e-06,2.25785e-05,0
20155.0,20160.0,20157.5,2.75406e-06,1.37703e-05,0
20160.0,20165.0,20162.5,8.99464e-06,4.49732e-05,0
20165.0,20170.0,20167.5,1.804394e-05,9.02197e-05,0
20170.0,20175.0,20172.5,7.00482e-06,3.50241e-05,0
20175.0,20180.0,20177.5,3.19846e-06,1.59923e-05,0
20180.0,20185.0,20182.5,8.6873e-06,4.34365e-05,0
20185.0,20190.0,20187.5,7.62274e-06,3.81137e-05,0
20195.0,20200.0,20197.5,9.82932e-06,4.91466e-05,0
20200.0,20205.0,20202.5,1.285822e-05,6.42911e-05,0
20205.0,20210.0,20207.5,1.262448e-05,6.31224e-05,0
20210.0,20215.0,20212.5,9.31342e-06,4.65671e-05,0
20215.0,20220.0,20217.5,4.5157e-06,2.25785e-05,0
20225.0,20230.0,20227.5,1.118718e-05,5.59359e-05,0
20230.0,20235.0,20232.5,1.302778e-05,6.51389e-05,0
20235.0,20240.0,20237.5,9.82932e-06,4.91466e-05,0
20240.0,20245.0,20242.5,1.306182e-05,6.53091e-05,0
20245.0,20250.0,20247.5,1.929178e-05,9.64589e-05,0
20250.0,20255.0,20252.5,9.64278e-06,4.82139e-05,0
20255.0,20260.0,20257.5,6.3344e-06,3.1672e-05,0
20260.0,20265.0,20262.5,1.328024e-05,6.64012e-05,0
20265.0,20270.0,20267.5,1.746892e-05,8.73446e-05,0
20270.0,20275.0,20272.5,1.67035e-05,8.35175e-05,0
20275.0,20280.0,20277.5,7.26976e-06,3.63488e-05,0
20280.0,20285.0,20282.5,3.44412e-06,1.72206e-05,0
20285.0,20290.0,20287.5,1.35452e-05,6.7726e-05,0
20290.0,20295.0,20292.5,2.048982e-05,0.0001024491,0
20295.0,20300.0,20297.5,2.48912e-06,1.24456e-05,0
20300.0,20305.0,20302.5,1.631824e-05,8.15912e-05,0
20305.0,20310.0,20307.5,3.19846e-06,1.59923e-05,0
20310.0,20315.0,20312.5,1.853932e-05,9.26966e-05,0
20315.0,20320.0,20317.5,2.75406e-06,1.37703e-05,0
20320.0,20325.0,20322.5,1.400794e-05,7.00397e-05,0
20325.0,20330.0,20327.5,1.11557e-05,5.57785e-05,0
20330.0,20335.0,20332.5,9.47682e-06,4.73841e-05,0
20335.0,20340.0,20337.5,9.23068e-06,4.61534e-05,0
20340.0,20345.0,20342.5,3.44412e-06,1.72206e-05,0
20345.0,20350.0,20347.5,6.3267e-06,3.16335e-05,0
20350.0,20355.0,20352.5,7.62274e-06,3.81137e-05,0
20355.0,20360.0,20357.5,2.75406e-06,1.37703e-05,0
20360.0,20365.0,20362.5,8.25638e-06,4.12819e-05,0
20365.0,20370.0,20367.5,1.426532e-05,7.13266e-05,0
20370.0,20375.0,20372.5,4.5157e-06,2.25785e-05,0
20375.0,20380.0,20377.5,1.446276e-05,7.23138e-05,0
20380.0,20385.0,20382.5,1.010108e-05,5.05054e-05,0
20385.0,20390.0,20387.5,3.09934e-06,1.54967e-05,0
20390.0,20395.0,20392.5,1.822276e-05,9.11138e-05,0
20395.0,20400.0,20397.5,5.24318e-06,2.62159e-05,0
20400.0,20405.0,20402.5,1.11923e-05,5.59615e-05,0
20405.0,20410.0,20407.5,6.50552e-06,3.25276e-05,0
20410.0,20415.0,20412.5,1.59849e-05,7.99245e-05,0
20415.0,20420.0,20417.5,3.27816e-06,1.63908e-05,0
20420.0,20425.0,20422.5,3.22736e-06,1.61368e-05,0
20425.0,20430.0,20427.5,2.75406e-06,1.37703e-05,0
20430.0,20435.0,20432.5,1.446534e-05,7.23267e-05,0
20440.0,20445.0,20442.5,3.44412e-06,1.72206e-05,0
20445.0,20450.0,20447.5,9.04542e-06,4.52271e-05,0
20450.0,20455.0,20452.5,9.92074e-06,4.96037e-05,0
20455.0,20460.0,20457.5,9.82162e-06,4.91081e-05,0
20460.0,20465.0,20462.5,3.09934e-06,1.54967e-05,0
20465.0,20470.0,20467.5,3.44412e-06,1.72206e-05,0
20470.0,20475.0,20472.5,6.3775e-06,3.18875e-05,0
20475.0,20480.0,20477.5,1.28618e-05,6.4309e-05,0
20480.0,20485.0,20482.5,8.44164e-06,4.22082e-05,0
20485.0,20490.0,20487.5,6.47662e-06,3.23831e-05,0
20490.0,20495.0,20492.5,9.08846e-06,4.54423e-05,0
20495.0,20500.0,20497.5,1.105608e-05,5.52804e-05,0
20505.0,20510.0,20507.5,1.693068e-05,8.46534e-05,0
20510.0,20515.0,20512.5,7.62274e-06,3.81137e-05,0
20515.0,20520.0,20517.5,3.22736e-06,1.61368e-05,0
20520.0,20525.0,20522.5,9.92074e-06,4.96037e-05,0
20530.0,20535.0,20532.5,1.083932e-05,5.41966e-05,0
20535.0,20540.0,20537.5,6.72228e-06,3.36114e-05,0
20540.0,20545.0,20542.5,2.173266e-05,0.0001086633,0
20545.0,20550.0,20547.5,9.31342e-06,4.65671e-05,0
20550.0,20555.0,20552.5,1.347614e-05,6.73807e-05,0
20555.0,20560.0,20557.5,5.98142e-06,2.99071e-05,0
20560.0,20565.0,20562.5,6.21408e-06,3.10704e-05,0
20565.0,20570.0,20567.5,3.10704e-06,1.55352e-05,0
20575.0,20580.0,20577.5,6.3055e-06,3.15275e-05,0
20580.0,20585.0,20582.5,1.304898e-05,6.52449e-05,0
20585.0,20590.0,20587.5,1.123798e-05,5.61899e-05,0
20590.0,20595.0,20592.5,1.011186e-05,5.05593e-05,0
20595.0,20600.0,20597.5,3.19846e-06,1.59923e-05,0
20600.0,20605.0,20602.5,1.578698e-05,7.89349e-05,0
20605.0,20610.0,20607.5,1.452124e-05,7.26062e-05,0
20610.0,20615.0,20612.5,9.42554e-06,4.71277e-05,0
20615.0,20620.0,20617.5,1.306182e-05,6.53091e-05,0
20620.0,20625.0,20622.5,9.6582e-06,4.8291e-05,0
20625.0,20630.0,20627.5,2.575284e-05,0.0001287642,0
20630.0,20635.0,20632.5,1.737084e-05,8.68542e-05,0
20635.0,20640.0,20637.5,3.09934e-06,1.54967e-05,0
20640.0,20645.0,20642.5,1.519282e-05,7.59641e-05,0
20645.0,20650.0,20647.5,1.207278e-05,6.03639e-05,0
20650.0,20655.0,20652.5,9.13156e-06,4.56578e-05,0
20655.0,20660.0,20657.5,6.19818e-06,3.09909e-05,0
20660.0,20665.0,20662.5,1.591706e-05,7.95853e-05,0
20665.0,20670.0,20667.5,1.079114e-05,5.39557e-05,0
20675.0,20680.0,20677.5,1.433732e-05,7.16866e-05,0
20680.0,20685.0,20682.5,9.13926e-06,4.56963e-05,0
20685.0,20690.0,20687.5,1.282286e-05,6.41143e-05,0
20690.0,20695.0,20692.5,4.5157e-06,2.25785e-05,0
20700.0,20705.0,20702.5,1.213142e-05,6.06571e-05,0
20705.0,20710.0,20707.5,4.5157e-06,2.25785e-05,0
20710.0,20715.0,20712.5,9.15098e-06,4.57549e-05,0
20715.0,20720.0,20717.5,1.558888e-05,7.79444e-05,0
20720.0,20725.0,20722.5,1.766892e-05,8.83446e-05,0
20725.0,20730.0,20727.5,9.05956e-06,4.52978e-05,0
20730.0,20735.0,20732.5,4.97822e-06,2.48911e-05,0
20735.0,20740.0,20737.5,3.10704e-06,1.55352e-05,0
20740.0,20745.0,20742.5,6.3775e-06,3.18875e-05,0
20745.0,20750.0,20747.5,7.26976e-06,3.63488e-05,0
20750.0,20755.0,20752.5,3.27816e-06,1.63908e-05,0
20755.0,20760.0,20757.5,9.37736e-06,4.68868e-05,0
20760.0,20765.0,20762.5,1.60673e-05,8.03365e-05,0
20765.0,20770.0,20767.5,2.75406e-06,1.37703e-05,0
20770.0,20775.0,20772.5,7.00482e-06,3.50241e-05,0
20775.0,20780.0,20777.5,9.03138e-06,4.51569e-05,0
20780.0,20785.0,20782.5,6.19866e-06,3.09933e-05,0
20785.0,20790.0,20787.5,3.09934e-06,1.54967e-05,0
20790.0,20795.0,20792.5,5.58846e-06,2.79423e-05,0
20795.0,20800.0,20797.5,5.98142e-06,2.99071e-05,0
20800.0,20805.0,20802.5,6.03222e-06,3.01611e-05,0
20805.0,20810.0,20807.5,7.61504e-06,3.80752e-05,0
20815.0,20820.0,20817.5,1.815988e-05,9.07994e-05,0
20820.0,20825.0,20822.5,3.44412e-06,1.72206e-05,0
20825.0,20830.0,20827.5,1.1669e-05,5.8345e-05,0
20830.0,20835.0,20832.5,1.062518e-05,5.31259e-05,0
20835.0,20840.0,20837.5,6.47662e-06,3.23831e-05,0
20840.0,20845.0,20842.5,3.27816e-06,1.63908e-05,0
20845.0,20850.0,20847.5,6.3775e-06,3.18875e-05,0
20850.0,20855.0,20852.5,3.22736e-06,1.61368e-05,0
20855.0,20860.0,20857.5,9.48454e-06,4.74227e-05,0
20860.0,20865.0,20862.5,1.002382e-05,5.01191e-05,0
20865.0,20870.0,20867.5,1.08212e-05,5.4106e-05,0
20870.0,20875.0,20872.5,3.22736e-06,1.61368e-05,0
20875.0,20880.0,20877.5,3.19846e-06,1.59923e-05,0
20880.0,20885.0,20882.5,8.87432e-06,4.43716e-05,0
20885.0,20890.0,20887.5,1.152938e-05,5.76469e-05,0
20895.0,20900.0,20897.5,1.020328e-05,5.10164e-05,0
20900.0,20905.0,20902.5,1.331406e-05,6.65703e-05,0
20905.0,20910.0,20907.5,2.549252e-05,0.0001274626,0
20910.0,20915.0,20912.5,1.771612e-05,8.85806e-05,0
20915.0,20920.0,20917.5,1.236662e-05,6.18331e-05,0
20920.0,20925.0,20922.5,9.2114e-06,4.6057e-05,0
20930.0,20935.0,20932.5,1.653768e-05,8.26884e-05,0
20935.0,20940.0,20937.5,2.083086e-05,0.0001041543,0
20940.0,20945.0,20942.5,6.03222e-06,3.01611e-05,0
20945.0,20950.0,20947.5,1.489882e-05,7.44941e-05,0
20950.0,20955.0,20952.5,2.461768e-05,0.0001230884,0
20955.0,20960.0,20957.5,1.511298e-05,7.55649e-05,0
20960.0,20965.0,20962.5,1.786718e-05,8.93359e-05,0
20965.0,20970.0,20967.5,1.010416e-05,5.05208e-05,0
20970.0,20975.0,20972.5,2.75406e-06,1.37703e-05,0
20975.0,20980.0,20977.5,2.75406e-06,1.37703e-05,0
20985.0,20990.0,20987.5,8.96574e-06,4.48287e-05,0
20990.0,20995.0,20992.5,1.445198e-05,7.22599e-05,0
20995.0,21000.0,20997.5,2.48912e-06,1.24456e-05,0
21000.0,21005.0,21002.5,1.117688e-05,5.58844e-05,0
21005.0,21010.0,21007.5,1.892462e-05,9.46231e-05,0
21010.0,21015.0,21012.5,5.8611e-06,2.93055e-05,0
21015.0,21020.0,21017.5,6.5563e-06,3.27815e-05,0
21020.0,21025.0,21022.5,1.480754e-05,7.40377e-05,0
21025.0,21030.0,21027.5,1.441196e-05,7.20598e-05,0
21030.0,21035.0,21032.5,4.97822e-06,2.48911e-05,0
21035.0,21040.0,21037.5,6.3852e-06,3.1926e-05,0
21040.0,21045.0,21042.5,1.03768e-05,5.1884e-05,0
21045.0,21050.0,21047.5,6.54346e-06,3.27173e-05,0
21050.0,21055.0,21052.5,1.26322e-05,6.3161e-05,0
21055.0,21060.0,21057.5,1.75224e-05,8.7612e-05,0
21060.0,21065.0,21062.5,2.217692e-05,0.0001108846,0
21065.0,21070.0,21067.5,8.79462e-06,4.39731e-05,0
21070.0,21075.0,21072.5,2.75406e-06,1.37703e-05,0
21075.0,21080.0,21077.5,5.8534e-06,2.9267e-05,0
21080.0,21085.0,21082.5,1.451098e-05,7.25549e-05,0
21085.0,21090.0,21087.5,1.282286e-05,6.41143e-05,0
21090.0,21095.0,21092.5,1.231844e-05,6.15922e-05,0
21095.0,21100.0,21097.5,3.09934e-06,1.54967e-05,0
21100.0,21105.0,21102.5,1.407748e-05,7.03874e-05,0
21105.0,21110.0,21107.5,1.049712e-05,5.24856e-05,0
21110.0,21115.0,21112.5,7.26976e-06,3.63488e-05,0
21115.0,21120.0,21117.5,8.05636e-06,4.02818e-05,0
21120.0,21125.0,21122.5,5.95252e-06,2.97626e-05,0
21125.0,21130.0,21127.5,6.3852e-06,3.1926e-05,0
21130.0,21135.0,21132.5,8.08526e-06,4.04263e-05,0
21135.0,21140.0,21137.5,5.8534e-06,2.9267e-05,0
21140.0,21145.0,21142.5,9.39712e-06,4.69856e-05,0
21145.0,21150.0,21147.5,1.38214e-05,6.9107e-05,0
21150.0,21155.0,21152.5,1.248064e-05,6.24032e-05,0
21155.0,21160.0,21157.5,6.2978e-06,3.1489e-05,0
21160.0,21165.0,21162.5,8.34252e-06,4.17126e-05,0
21165.0,21170.0,21167.5,7.95724e-06,3.97862e-05,0
21170.0,21175.0,21172.5,8.78692e-06,4.39346e-05,0
21175.0,21180.0,21177.5,1.049712e-05,5.24856e-05,0
21180.0,21185.0,21182.5,1.682524e-05,8.41262e-05,0
21185.0,21190.0,21187.5,1.17005e-05,5.85025e-05,0
21190.0,21195.0,21192.5,1.08212e-05,5.4106e-05,0
21195.0,21200.0,21197.5,1.11557e-05,5.57785e-05,0
21200.0,21205.0,21202.5,6.72228e-06,3.36114e-05,0
21205.0,21210.0,21207.5,6.67148e-06,3.33574e-05,0
21210.0,21215.0,21212.5,7.96494e-06,3.98247e-05,0
21215.0,21220.0,21217.5,1.010108e-05,5.05054e-05,0
21225.0,21230.0,21227.5,1.281102e-05,6.40551e-05,0
21230.0,21235.0,21232.5,6.42582e-06,3.21291e-05,0
21235.0,21240.0,21237.5,1.60307e-05,8.01535e-05,0
21240.0,21245.0,21242.5,1.461266e-05,7.30633e-05,0
21245.0,21250.0,21247.5,1.66066e-05,8.3033e-05,0
21250.0,21255.0,21252.5,1.081042e-05,5.40521e-05,0
21255.0,21260.0,21257.5,9.39664e-06,4.69832e-05,0
21260.0,21265.0,21262.5,1.054792e-05,5.27396e-05,0
21265.0,21270.0,21267.5,4.8579e-06,2.42895e-05,0
21270.0,21275.0,21272.5,1.214232e-05,6.07116e-05,0
21275.0,21280.0,21277.5,1.265176e-05,6.32588e-05,0
21280.0,21285.0,21282.5,1.20432e-05,6.0216e-05,0
21285.0,21290.0,21287.5,1.40667e-05,7.03335e-05,0
21290.0,21295.0,21292.5,9.92074e-06,4.96037e-05,0
21295.0,21300.0,21297.5,7.96494e-06,3.98247e-05,0
21300.0,21305.0,21302.5,9.31036e-06,4.65518e-05,0
21305.0,21310.0,21307.5,6.50552e-06,3.25276e-05,0
21310.0,21315.0,21312.5,1.46821e-05,7.34105e-05,0
21315.0,21320.0,21317.5,1.394636e-05,6.97318e-05,0
21320.0,21325.0,21322.5,8.96574e-06,4.48287e-05,0
21325.0,21330.0,21327.5,3.10704e-06,1.55352e-05,0
21330.0,21335.0,21332.5,7.71416e-06,3.85708e-05,0
21335.0,21340.0,21337.5,6.03222e-06,3.01611e-05,0
21340.0,21345.0,21342.5,1.196594e-05,5.98297e-05,0
21345.0,21350.0,21347.5,3.19846e-06,1.59923e-05,0
21350.0,21355.0,21352.5,8.30202e-06,4.15101e-05,0
21355.0,21360.0,21357.5,6.3344e-06,3.1672e-05,0
21360.0,21365.0,21362.5,1.102122e-05,5.51061e-05,0
21365.0,21370.0,21367.5,5.68758e-06,2.84379e-05,0
21375.0,21380.0,21377.5,4.8579e-06,2.42895e-05,0
21380.0,21385.0,21382.5,9.1606e-06,4.5803e-05,0
21385.0,21390.0,21387.5,1.248064e-05,6.24032e-05,0
21390.0,21395.0,21392.5,6.3267e-06,3.16335e-05,0
21395.0,21400.0,21397.5,1.08932e-05,5.4466e-05,0
21400.0,21405.0,21402.5,1.11846e-05,5.5923e-05,0
21405.0,21410.0,21407.5,1.000042e-05,5.00021e-05,0
21410.0,21415.0,21412.5,4.5157e-06,2.25785e-05,0
21415.0,21420.0,21417.5,1.337924e-05,6.68962e-05,0
21420.0,21425.0,21422.5,1.326574e-05,6.63287e-05,0
21425.0,21430.0,21427.5,4.5157e-06,2.25785e-05,0
21430.0,21435.0,21432.5,7.71416e-06,3.85708e-05,0
21435.0,21440.0,21437.5,1.427046e-05,7.13523e-05,0
21440.0,21445.0,21442.5,9.61256e-06,4.80628e-05,0
21445.0,21450.0,21447.5,3.09934e-06,1.54967e-05,0
21450.0,21455.0,21452.5,6.03222e-06,3.01611e-05,0
21455.0,21460.0,21457.5,1.186272e-05,5.93136e-05,0
21460.0,21465.0,21462.5,5.24318e-06,2.62159e-05,0
21465.0,21470.0,21467.5,1.702452e-05,8.51226e-05,0
21470.0,21475.0,21472.5,5.95252e-06,2.97626e-05,0
21475.0,21480.0,21477.5,1.288556e-05,6.44278e-05,0
21480.0,21485.0,21482.5,1.433424e-05,7.16712e-05,0
21485.0,21490.0,21487.5,1.451354e-05,7.25677e-05,0
21490.0,21495.0,21492.5,3.27816e-06,1.63908e-05,0
21495.0,21500.0,21497.5,5.50812e-06,2.75406e-05,0
21500.0,21505.0,21502.5,6.47662e-06,3.23831e-05,0
21505.0,21510.0,21507.5,8.95272e-06,4.47636e-05,0
21515.0,21520.0,21517.5,3.22736e-06,1.61368e-05,0
21520.0,21525.0,21522.5,6.3055e-06,3.15275e-05,0
21525.0,21530.0,21527.5,1.421968e-05,7.10984e-05,0
21530.0,21535.0,21532.5,9.62428e-06,4.81214e-05,0
21535.0,21540.0,21537.5,7.79386e-06,3.89693e-05,0
21545.0,21550.0,21547.5,5.68758e-06,2.84379e-05,0
21550.0,21555.0,21552.5,9.61256e-06,4.80628e-05,0
21560.0,21565.0,21562.5,2.48912e-06,1.24456e-05,0
21565.0,21570.0,21567.5,9.65564e-06,4.82782e-05,0
21575.0,21580.0,21577.5,3.10704e-06,1.55352e-05,0
21580.0,21585.0,21582.5,1.711664e-05,8.55832e-05,0
21585.0,21590.0,21587.5,5.76728e-06,2.88364e-05,0
21590.0,21595.0,21592.5,9.82162e-06,4.91081e-05,0
21595.0,21600.0,21597.5,7.00482e-06,3.50241e-05,0
21600.0,21605.0,21602.5,9.25958e-06,4.62979e-05,0
21605.0,21610.0,21607.5,1.033236e-05,5.16618e-05,0
21610.0,21615.0,21612.5,1.574804e-05,7.87402e-05,0
21615.0,21620.0,21617.5,3.09934e-06,1.54967e-05,0
21620.0,21625.0,21622.5,5.24318e-06,2.62159e-05,0
21625.0,21630.0,21627.5,1.178544e-05,5.89272e-05,0
21630.0,21635.0,21632.5,1.049712e-05,5.24856e-05,0
21635.0,21640.0,21637.5,7.95724e-06,3.97862e-05,0
21640.0,21645.0,21642.5,4.8579e-06,2.42895e-05,0
21645.0,21650.0,21647.5,3.09934e-06,1.54967e-05,0
21655.0,21660.0,21657.5,3.27816e-06,1.63908e-05,0
21660.0,21665.0,21662.5,1.223874e-05,6.11937e-05,0
21665.0,21670.0,21667.5,5.68758e-06,2.84379e-05,0
21670.0,21675.0,21672.5,5.98142e-06,2.99071e-05,0
21675.0,21680.0,21677.5,1.481914e-05,7.40957e-05,0
21680.0,21685.0,21682.5,2.043018e-05,0.0001021509,0
21685.0,21690.0,21687.5,3.27816e-06,1.63908e-05,0
21690.0,21695.0,21692.5,3.44412e-06,1.72206e-05,0
21695.0,21700.0,21697.5,4.5157e-06,2.25785e-05,0
21700.0,21705.0,21702.5,9.83446e-06,4.91723e-05,0
21705.0,21710.0,21707.5,6.72228e-06,3.36114e-05,0
21710.0,21715.0,21712.5,5.95252e-06,2.97626e-05,0
21715.0,21720.0,21717.5,2.75406e-06,1.37703e-05,0
21720.0,21725.0,21722.5,2.915938e-05,0.0001457969,0
21725.0,21730.0,21727.5,1.071388e-05,5.35694e-05,0
21730.0,21735.0,21732.5,1.094152e-05,5.47076e-05,0
21735.0,21740.0,21737.5,1.236662e-05,6.18331e-05,0
21740.0,21745.0,21742.5,2.75406e-06,1.37703e-05,0
21750.0,21755.0,21752.5,1.57003e-05,7.85015e-05,0
21755.0,21760.0,21757.5,3.09934e-06,1.54967e-05,0
21760.0,21765.0,21762.5,5.71648e-06,2.85824e-05,0
21765.0,21770.0,21767.5,1.408858e-05,7.04429e-05,0
21770.0,21775.0,21772.5,7.71416e-06,3.85708e-05,0
21775.0,21780.0,21777.5,8.87432e-06,4.43716e-05,0
21780.0,21785.0,21782.5,5.50812e-06,2.75406e-05,0
21785.0,21790.0,21787.5,1.231844e-05,6.15922e-05,0
21790.0,21795.0,21792.5,4.8579e-06,2.42895e-05,0
21795.0,21800.0,21797.5,1.12246e-05,5.6123e-05,0
21800.0,21805.0,21802.5,1.08932e-05,5.4466e-05,0
21805.0,21810.0,21807.5,8.52134e-06,4.26067e-05,0
21815.0,21820.0,21817.5,9.2088e-06,4.6044e-05,0
21820.0,21825.0,21822.5,3.44412e-06,1.72206e-05,0
21825.0,21830.0,21827.5,1.581754e-05,7.90877e-05,0
21830.0,21835.0,21832.5,1.668692e-05,8.34346e-05,0
21835.0,21840.0,21837.5,2.75406e-06,1.37703e-05,0
21845.0,21850.0,21847.5,6.50552e-06,3.25276e-05,0
21850.0,21855.0,21852.5,3.09934e-06,1.54967e-05,0
21860.0,21865.0,21862.5,3.44412e-06,1.72206e-05,0
21865.0,21870.0,21867.5,1.434502e-05,7.17251e-05,0
21870.0,21875.0,21872.5,5.8611e-06,2.93055e-05,0
21875.0,21880.0,21877.5,1.62644e-05,8.1322e-05,0
21880.0,21885.0,21882.5,1.0719e-05,5.3595e-05,0
21885.0,21890.0,21887.5,1.403008e-05,7.01504e-05,0
21890.0,21895.0,21892.5,9.6505e-06,4.82525e-05,0
21900.0,21905.0,21902.5,1.334298e-05,6.67149e-05,0
21905.0,21910.0,21907.5,9.82162e-06,4.91081e-05,0
21910.0,21915.0,21912.5,7.96494e-06,3.98247e-05,0
21915.0,21920.0,21917.5,6.3344e-06,3.1672e-05,0
21920.0,21925.0,21922.5,8.35022e-06,4.17511e-05,0
21925.0,21930.0,21927.5,9.86994e-06,4.93497e-05,0
21930.0,21935.0,21932.5,9.74962e-06,4.87481e-05,0
21935.0,21940.0,21937.5,6.55116e-06,3.27558e-05,0
21940.0,21945.0,21942.5,6.67148e-06,3.33574e-05,0
21945.0,21950.0,21947.5,1.339376e-05,6.69688e-05,0
21950.0,21955.0,21952.5,1.773796e-05,8.86898e-05,0
21955.0,21960.0,21957.5,8.13606e-06,4.06803e-05,0
21960.0,21965.0,21962.5,1.102122e-05,5.51061e-05,0
21970.0,21975.0,21972.5,2.021598e-05,0.0001010799,0
21975.0,21980.0,21977.5,3.22736e-06,1.61368e-05,0
21980.0,21985.0,21982.5,1.1072e-05,5.536e-05,0
21985.0,21990.0,21987.5,4.8579e-06,2.42895e-05,0
21990.0,21995.0,21992.5,1.907758e-05,9.53879e-05,0
21995.0,22000.0,21997.5,6.19866e-06,3.09933e-05,0
22005.0,22010.0,22007.5,1.46024e-05,7.3012e-05,0
22010.0,22015.0,22012.5,9.1606e-06,4.5803e-05,0
22015.0,22020.0,22017.5,3.10704e-06,1.55352e-05,0
22020.0,22025.0,22022.5,9.04542e-06,4.52271e-05,0
22025.0,22030.0,22027.5,9.78366e-06,4.89183e-05,0
22030.0,22035.0,22032.5,1.21931e-05,6.09655e-05,0
22035.0,22040.0,22037.5,1.21589e-05,6.07945e-05,0
22040.0,22045.0,22042.5,6.64258e-06,3.32129e-05,0
22045.0,22050.0,22047.5,7.62274e-06,3.81137e-05,0
22050.0,22055.0,22052.5,1.782718e-05,8.91359e-05,0
22055.0,22060.0,22057.5,3.27816e-06,1.63908e-05,0
22060.0,22065.0,22062.5,1.69713e-05,8.48565e-05,0
22065.0,22070.0,22067.5,1.140394e-05,5.70197e-05,0
22070.0,22075.0,22072.5,2.312128e-05,0.0001156064,0
22075.0,22080.0,22077.5,7.71416e-06,3.85708e-05,0
22080.0,22085.0,22082.5,2.75406e-06,1.37703e-05,0
22085.0,22090.0,22087.5,2.438092e-05,0.0001219046,0
22095.0,22100.0,22097.5,9.48454e-06,4.74227e-05,0
22100.0,22105.0,22102.5,6.3775e-06,3.18875e-05,0
22105.0,22110.0,22107.5,3.22736e-06,1.61368e-05,0
22110.0,22115.0,22112.5,1.089012e-05,5.44506e-05,0
22115.0,22120.0,22117.5,3.19846e-06,1.59923e-05,0
22120.0,22125.0,22122.5,1.716744e-05,8.58372e-05,0
22125.0,22130.0,22127.5,6.47662e-06,3.23831e-05,0
22130.0,22135.0,22132.5,3.22736e-06,1.61368e-05,0
22135.0,22140.0,22137.5,6.2978e-06,3.1489e-05,0
22140.0,22145.0,22142.5,5.8534e-06,2.9267e-05,0
22150.0,22155.0,22152.5,3.19846e-06,1.59923e-05,0
22155.0,22160.0,22157.5,5.24318e-06,2.62159e-05,0
22160.0,22165.0,22162.5,1.044636e-05,5.22318e-05,0
22165.0,22170.0,22167.5,7.62274e-06,3.81137e-05,0
22170.0,22175.0,22172.5,8.13606e-06,4.06803e-05,0
22175.0,22180.0,22177.5,6.47662e-06,3.23831e-05,0
22180.0,22185.0,22182.5,4.5157e-06,2.25785e-05,0
22190.0,22195.0,22192.5,1.178544e-05,5.89272e-05,0
22195.0,22200.0,22197.5,6.3267e-06,3.16335e-05,0
22200.0,22205.0,22202.5,6.3852e-06,3.1926e-05,0
22205.0,22210.0,22207.5,1.189396e-05,5.94698e-05,0
22210.0,22215.0,22212.5,7.62274e-06,3.81137e-05,0
22215.0,22220.0,22217.5,1.55143e-05,7.75715e-05,0
22220.0,22225.0,22222.5,1.472784e-05,7.36392e-05,0
22225.0,22230.0,22227.5,4.5157e-06,2.25785e-05,0
22230.0,22235.0,22232.5,2.75406e-06,1.37703e-05,0
22235.0,22240.0,22237.5,3.27816e-06,1.63908e-05,0
22240.0,22245.0,22242.5,2.48912e-06,1.24456e-05,0
22245.0,22250.0,22247.5,8.05636e-06,4.02818e-05,0
22250.0,22255.0,22252.5,5.59616e-06,2.79808e-05,0
22255.0,22260.0,22257.5,1.253772e-05,6.26886e-05,0
22265.0,22270.0,22267.5,1.110428e-05,5.55214e-05,0
22270.0,22275.0,22272.5,9.23068e-06,4.61534e-05,0
22275.0,22280.0,22277.5,1.2611e-05,6.3055e-05,0
22280.0,22285.0,22282.5,8.68778e-06,4.34389e-05,0
22295.0,22300.0,22297.5,7.26976e-06,3.63488e-05,0
22300.0,22305.0,22302.5,3.19846e-06,1.59923e-05,0
22305.0,22310.0,22307.5,6.2978e-06,3.1489e-05,0
22310.0,22315.0,22312.5,1.734794e-05,8.67397e-05,0
22315.0,22320.0,22317.5,2.043376e-05,0.0001021688,0
22320.0,22325.0,22322.5,5.58846e-06,2.79423e-05,0
22325.0,22330.0,22327.5,7.62274e-06,3.81137e-05,0
22330.0,22335.0,22332.5,4.8579e-06,2.42895e-05,0
22335.0,22340.0,22337.5,6.64258e-06,3.32129e-05,0
22340.0,22345.0,22342.5,1.106686e-05,5.53343e-05,0
22345.0,22350.0,22347.5,9.3057e-06,4.65285e-05,0
22350.0,22355.0,22352.5,3.44412e-06,1.72206e-05,0
22355.0,22360.0,22357.5,1.496206e-05,7.48103e-05,0
22360.0,22365.0,22362.5,9.60486e-06,4.80243e-05,0
22365.0,22370.0,22367.5,2.18175e-05,0.0001090875,0
22370.0,22375.0,22372.5,6.67148e-06,3.33574e-05,0
22375.0,22380.0,22377.5,8.08526e-06,4.04263e-05,0
22380.0,22385.0,22382.5,6.50552e-06,3.25276e-05,0
22385.0,22390.0,22387.5,1.523124e-05,7.61562e-05,0
22390.0,22395.0,22392.5,4.8579e-06,2.42895e-05,0
22395.0,22400.0,22397.5,7.74306e-06,3.87153e-05,0
22400.0,22405.0,22402.5,9.15098e-06,4.57549e-05,0
22405.0,22410.0,22407.5,1.283224e-05,6.41612e-05,0
22410.0,22415.0,22412.5,9.25958e-06,4.62979e-05,0
22415.0,22420.0,22417.5,1.099232e-05,5.49616e-05,0
22420.0,22425.0,22422.5,1.310746e-05,6.55373e-05,0
22425.0,22430.0,22427.5,5.95252e-06,2.97626e-05,0
22430.0,22435.0,22432.5,2.75406e-06,1.37703e-05,0
22435.0,22440.0,22437.5,6.54346e-06,3.27173e-05,0
22440.0,22445.0,22442.5,2.004176e-05,0.0001002088,0
22445.0,22450.0,22447.5,5.8611e-06,2.93055e-05,0
22450.0,22455.0,22452.5,7.61504e-06,3.80752e-05,0
22455.0,22460.0,22457.5,6.72228e-06,3.36114e-05,0
22460.0,22465.0,22462.5,2.285042e-05,0.0001142521,0
22465.0,22470.0,22467.5,6.3055e-06,3.15275e-05,0
22475.0,22480.0,22477.5,1.536578e-05,7.68289e-05,0
22480.0,22485.0,22482.5,4.5157e-06,2.25785e-05,0
22485.0,22490.0,22487.5,3.10704e-06,1.55352e-05,0
22490.0,22495.0,22492.5,8.86662e-06,4.43331e-05,0
22495.0,22500.0,22497.5,9.39664e-06,4.69832e-05,0
22500.0,22505.0,22502.5,3.22736e-06,1.61368e-05,0
22505.0,22510.0,22507.5,5.50812e-06,2.75406e-05,0
22515.0,22520.0,22517.5,7.96494e-06,3.98247e-05,0
22520.0,22525.0,22522.5,2.48912e-06,1.24456e-05,0
22525.0,22530.0,22527.5,9.74192e-06,4.87096e-05,0
22530.0,22535.0,22532.5,1.285666e-05,6.42833e-05,0
22535.0,22540.0,22537.5,1.381322e-05,6.90661e-05,0
22540.0,22545.0,22542.5,1.206508e-05,6.03254e-05,0
22545.0,22550.0,22547.5,8.96044e-06,4.48022e-05,0
22550.0,22555.0,22552.5,1.771868e-05,8.85934e-05,0
22555.0,22560.0,22557.5,8.96044e-06,4.48022e-05,0
22560.0,22565.0,22562.5,6.64258e-06,3.32129e-05,0
22565.0,22570.0,22567.5,6.50552e-06,3.25276e-05,0
22570.0,22575.0,22572.5,8.91494e-06,4.45747e-05,0
22575.0,22580.0,22577.5,6.42582e-06,3.21291e-05,0
22580.0,22585.0,22582.5,5.98142e-06,2.99071e-05,0
22585.0,22590.0,22587.5,1.265292e-05,6.32646e-05,0
22590.0,22595.0,22592.5,1.320042e-05,6.60021e-05,0
22595.0,22600.0,22597.5,1.154098e-05,5.77049e-05,0
22600.0,22605.0,22602.5,1.128372e-05,5.64186e-05,0
22605.0,22610.0,22607.5,1.158018e-05,5.79009e-05,0
22610.0,22615.0,22612.5,7.00482e-06,3.50241e-05,0
22615.0,22620.0,22617.5,1.656728e-05,8.28364e-05,0
22620.0,22625.0,22622.5,2.095494e-05,0.0001047747,0
22625.0,22630.0,22627.5,4.5157e-06,2.25785e-05,0
22630.0,22635.0,22632.5,2.48912e-06,1.24456e-05,0
22635.0,22640.0,22637.5,6.50552e-06,3.25276e-05,0
22640.0,22645.0,22642.5,1.310746e-05,6.55373e-05,0
22645.0,22650.0,22647.5,1.400024e-05,7.00012e-05,0
22650.0,22655.0,22652.5,6.3775e-06,3.18875e-05,0
22655.0,22660.0,22657.5,1.49446e-05,7.4723e-05,0
22665.0,22670.0,22667.5,1.207278e-05,6.03639e-05,0
22680.0,22685.0,22682.5,3.10704e-06,1.55352e-05,0
22685.0,22690.0,22687.5,3.10704e-06,1.55352e-05,0
22690.0,22695.0,22692.5,1.898616e-05,9.49308e-05,0
22695.0,22700.0,22697.5,8.6873e-06,4.34365e-05,0
22700.0,22705.0,22702.5,9.23068e-06,4.61534e-05,0
22705.0,22710.0,22707.5,1.591806e-05,7.95903e-05,0
22710.0,22715.0,22712.5,4.5157e-06,2.25785e-05,0
22715.0,22720.0,22717.5,3.27816e-06,1.63908e-05,0
22720.0,22725.0,22722.5,1.835708e-05,9.17854e-05,0
22725.0,22730.0,22727.5,5.8534e-06,2.9267e-05,0
22735.0,22740.0,22737.5,4.8579e-06,2.42895e-05,0
22740.0,22745.0,22742.5,1.020328e-05,5.10164e-05,0
22745.0,22750.0,22747.5,5.24318e-06,2.62159e-05,0
22755.0,22760.0,22757.5,2.75406e-06,1.37703e-05,0
22765.0,22770.0,22767.5,1.394636e-05,6.97318e-05,0
22770.0,22775.0,22772.5,1.285822e-05,6.42911e-05,0
22775.0,22780.0,22777.5,2.482942e-05,0.0001241471,0
22780.0,22785.0,22782.5,1.11557e-05,5.57785e-05,0
22785.0,22790.0,22787.5,9.77082e-06,4.88541e-05,0
22790.0,22795.0,22792.5,1.438564e-05,7.19282e-05,0
22795.0,22800.0,22797.5,3.10704e-06,1.55352e-05,0
22800.0,22805.0,22802.5,6.3267e-06,3.16335e-05,0
22805.0,22810.0,22807.5,4.8579e-06,2.42895e-05,0
22810.0,22815.0,22812.5,1.761546e-05,8.80773e-05,0
22815.0,22820.0,22817.5,1.247294e-05,6.23647e-05,0
22825.0,22830.0,22827.5,4.8579e-06,2.42895e-05,0
22830.0,22835.0,22832.5,3.22736e-06,1.61368e-05,0
22835.0,22840.0,22837.5,3.19846e-06,1.59923e-05,0
22840.0,22845.0,22842.5,1.41689e-05,7.08445e-05,0
22845.0,22850.0,22847.5,1.80691e-05,9.03455e-05,0
22850.0,22855.0,22852.5,6.3344e-06,3.1672e-05,0
22855.0,22860.0,22857.5,6.3267e-06,3.16335e-05,0
22860.0,22865.0,22862.5,1.03691e-05,5.18455e-05,0
22865.0,22870.0,22867.5,6.42582e-06,3.21291e-05,0
22870.0,22875.0,22872.5,5.71648e-06,2.85824e-05,0
22875.0,22880.0,22877.5,2.75406e-06,1.37703e-05,0
22880.0,22885.0,22882.5,1.961978e-05,9.80989e-05,0
22885.0,22890.0,22887.5,2.940346e-05,0.0001470173,0
22890.0,22895.0,22892.5,6.47662e-06,3.23831e-05,0
22895.0,22900.0,22897.5,1.694484e-05,8.47242e-05,0
22900.0,22905.0,22902.5,3.27816e-06,1.63908e-05,0
22905.0,22910.0,22907.5,1.01156e-05,5.0578e-05,0
22910.0,22915.0,22912.5,1.071388e-05,5.35694e-05,0
22915.0,22920.0,22917.5,3.22736e-06,1.61368e-05,0
22925.0,22930.0,22927.5,5.93324e-06,2.96662e-05,0
22930.0,22935.0,22932.5,5.68758e-06,2.84379e-05,0
22935.0,22940.0,22937.5,3.19846e-06,1.59923e-05,0
22940.0,22945.0,22942.5,5.76728e-06,2.88364e-05,0
22945.0,22950.0,22947.5,9.2114e-06,4.6057e-05,0
22950.0,22955.0,22952.5,4.8579e-06,2.42895e-05,0
22955.0,22960.0,22957.5,5.58846e-06,2.79423e-05,0
22960.0,22965.0,22962.5,8.08526e-06,4.04263e-05,0
22965.0,22970.0,22967.5,2.31945e-05,0.0001159725,0
22970.0,22975.0,22972.5,3.27816e-06,1.63908e-05,0
22975.0,22980.0,22977.5,9.78366e-06,4.89183e-05,0
22980.0,22985.0,22982.5,3.09934e-06,1.54967e-05,0
22985.0,22990.0,22987.5,7.79386e-06,3.89693e-05,0
22990.0,22995.0,22992.5,3.19846e-06,1.59923e-05,0
22995.0,23000.0,22997.5,6.3775e-06,3.18875e-05,0
23005.0,23010.0,23007.5,6.3267e-06,3.16335e-05,0
23015.0,23020.0,23017.5,3.19846e-06,1.59923e-05,0
23025.0,23030.0,23027.5,1.444156e-05,7.22078e-05,0
23030.0,23035.0,23032.5,1.475676e-05,7.37838e-05,0
23040.0,23045.0,23042.5,7.00482e-06,3.50241e-05,0
23045.0,23050.0,23047.5,1.382092e-05,6.91046e-05,0
23055.0,23060.0,23057.5,6.3267e-06,3.16335e-05,0
23060.0,23065.0,23062.5,6.3267e-06,3.16335e-05,0
23070.0,23075.0,23072.5,5.71648e-06,2.85824e-05,0
23075.0,23080.0,23077.5,6.42582e-06,3.21291e-05,0
23080.0,23085.0,23082.5,1.054792e-05,5.27396e-05,0
23085.0,23090.0,23087.5,8.08526e-06,4.04263e-05,0
23090.0,23095.0,23092.5,8.47054e-06,4.23527e-05,0
23095.0,23100.0,23097.5,1.42089e-05,7.10445e-05,0
23100.0,23105.0,23102.5,2.75406e-06,1.37703e-05,0
23105.0,23110.0,23107.5,6.3775e-06,3.18875e-05,0
23110.0,23115.0,23112.5,1.533688e-05,7.66844e-05,0
23115.0,23120.0,23117.5,1.094152e-05,5.47076e-05,0
23120.0,23125.0,23122.5,8.96574e-06,4.48287e-05,0
23125.0,23130.0,23127.5,1.000042e-05,5.00021e-05,0
23130.0,23135.0,23132.5,8.96044e-06,4.48022e-05,0
23135.0,23140.0,23137.5,7.34702e-06,3.67351e-05,0
23140.0,23145.0,23142.5,1.249646e-05,6.24823e-05,0
23145.0,23150.0,23147.5,4.5157e-06,2.25785e-05,0
23150.0,23155.0,23152.5,3.27816e-06,1.63908e-05,0
23155.0,23160.0,23157.5,1.365496e-05,6.82748e-05,0
23165.0,23170.0,23167.5,7.26976e-06,3.63488e-05,0
23175.0,23180.0,23177.5,3.44412e-06,1.72206e-05,0
23180.0,23185.0,23182.5,1.140136e-05,5.70068e-05,0
23190.0,23195.0,23192.5,6.19866e-06,3.09933e-05,0
23195.0,23200.0,23197.5,5.71648e-06,2.85824e-05,0
23205.0,23210.0,23207.5,6.3055e-06,3.15275e-05,0
23210.0,23215.0,23212.5,1.354568e-05,6.77284e-05,0
23215.0,23220.0,23217.5,9.61256e-06,4.80628e-05,0
23220.0,23225.0,23222.5,7.61504e-06,3.80752e-05,0
23225.0,23230.0,23227.5,5.95252e-06,2.97626e-05,0
23230.0,23235.0,23232.5,1.415542e-05,7.07771e-05,0
23235.0,23240.0,23237.5,1.873656e-05,9.36828e-05,0
23245.0,23250.0,23247.5,7.26976e-06,3.63488e-05,0
23250.0,23255.0,23252.5,1.152938e-05,5.76469e-05,0
23255.0,23260.0,23257.5,3.09934e-06,1.54967e-05,0
23260.0,23265.0,23262.5,1.8585e-05,9.2925e-05,0
23265.0,23270.0,23267.5,1.393866e-05,6.96933e-05,0
23270.0,23275.0,23272.5,1.36474e-05,6.8237e-05,0
23275.0,23280.0,23277.5,1.403778e-05,7.01889e-05,0
23280.0,23285.0,23282.5,9.23068e-06,4.61534e-05,0
23285.0,23290.0,23287.5,1.245804e-05,6.22902e-05,0
23290.0,23295.0,23292.5,9.32112e-06,4.66056e-05,0
23295.0,23300.0,23297.5,7.79386e-06,3.89693e-05,0
23305.0,23310.0,23307.5,7.61196e-06,3.80598e-05,0
23310.0,23315.0,23312.5,9.83446e-06,4.91723e-05,0
23315.0,23320.0,23317.5,1.281772e-05,6.40886e-05,0
23320.0,23325.0,23322.5,7.26976e-06,3.63488e-05,0
23325.0,23330.0,23327.5,3.27816e-06,1.63908e-05,0
23330.0,23335.0,23332.5,7.99724e-06,3.99862e-05,0
23335.0,23340.0,23337.5,8.99464e-06,4.49732e-05,0
23340.0,23345.0,23342.5,5.8611e-06,2.93055e-05,0
23345.0,23350.0,23347.5,9.13156e-06,4.56578e-05,0
23350.0,23355.0,23352.5,3.44412e-06,1.72206e-05,0
23355.0,23360.0,23357.5,5.68758e-06,2.84379e-05,0
23360.0,23365.0,23362.5,1.115828e-05,5.57914e-05,0
23365.0,23370.0,23367.5,1.097044e-05,5.48522e-05,0
23370.0,23375.0,23372.5,3.44412e-06,1.72206e-05,0
23375.0,23380.0,23377.5,1.351034e-05,6.75517e-05,0
23380.0,23385.0,23382.5,1.186272e-05,5.93136e-05,0
23385.0,23390.0,23387.5,6.47662e-06,3.23831e-05,0
23390.0,23395.0,23392.5,5.76728e-06,2.88364e-05,0
23395.0,23400.0,23397.5,9.03138e-06,4.51569e-05,0
23400.0,23405.0,23402.5,6.2978e-06,3.1489e-05,0
23410.0,23415.0,23412.5,1.24844e-05,6.2422e-05,0
23415.0,23420.0,23417.5,4.97822e-06,2.48911e-05,0
23420.0,23425.0,23422.5,6.5563e-06,3.27815e-05,0
23425.0,23430.0,23427.5,4.5157e-06,2.25785e-05,0
23430.0,23435.0,23432.5,9.2114e-06,4.6057e-05,0
23435.0,23440.0,23437.5,9.74192e-06,4.87096e-05,0
23440.0,23445.0,23442.5,3.10704e-06,1.55352e-05,0
23445.0,23450.0,23447.5,1.37245e-05,6.86225e-05,0
23450.0,23455.0,23452.5,3.10704e-06,1.55352e-05,0
23455.0,23460.0,23457.5,9.75888e-06,4.87944e-05,0
23460.0,23465.0,23462.5,1.08424e-05,5.4212e-05,0
23465.0,23470.0,23467.5,1.338232e-05,6.69116e-05,0
23470.0,23475.0,23472.5,3.22736e-06,1.61368e-05,0
23480.0,23485.0,23482.5,4.5157e-06,2.25785e-05,0
23485.0,23490.0,23487.5,6.19866e-06,3.09933e-05,0
23490.0,23495.0,23492.5,3.27816e-06,1.63908e-05,0
23495.0,23500.0,23497.5,1.77409e-05,8.87045e-05,0
23500.0,23505.0,23502.5,7.79386e-06,3.89693e-05,0
23505.0,23510.0,23507.5,5.95252e-06,2.97626e-05,0
23510.0,23515.0,23512.5,1.437474e-05,7.18737e-05,0
23515.0,23520.0,23517.5,1.382606e-05,6.91303e-05,0
23520.0,23525.0,23522.5,4.8579e-06,2.42895e-05,0
23525.0,23530.0,23527.5,3.22736e-06,1.61368e-05,0
23530.0,23535.0,23532.5,2.75406e-06,1.37703e-05,0
23535.0,23540.0,23537.5,7.95982e-06,3.97991e-05,0
23540.0,23545.0,23542.5,1.417134e-05,7.08567e-05,0
23545.0,23550.0,23547.5,6.5563e-06,3.27815e-05,0
23550.0,23555.0,23552.5,5.58846e-06,2.79423e-05,0
23555.0,23560.0,23557.5,6.3344e-06,3.1672e-05,0
23560.0,23565.0,23562.5,1.118718e-05,5.59359e-05,0
23565.0,23570.0,23567.5,2.75406e-06,1.37703e-05,0
23575.0,23580.0,23577.5,6.03222e-06,3.01611e-05,0
23585.0,23590.0,23587.5,1.253258e-05,6.26629e-05,0
23590.0,23595.0,23592.5,6.3267e-06,3.16335e-05,0
23595.0,23600.0,23597.5,3.624722e-05,0.0001812361,0
23600.0,23605.0,23602.5,9.39664e-06,4.69832e-05,0
23605.0,23610.0,23607.5,1.523004e-05,7.61502e-05,0
23610.0,23615.0,23612.5,6.2978e-06,3.1489e-05,0
23615.0,23620.0,23617.5,9.71582e-06,4.85791e-05,0
23620.0,23625.0,23622.5,3.27816e-06,1.63908e-05,0
23625.0,23630.0,23627.5,1.123798e-05,5.61899e-05,0
23630.0,23635.0,23632.5,7.71416e-06,3.85708e-05,0
23635.0,23640.0,23637.5,1.409936e-05,7.04968e-05,0
23640.0,23645.0,23642.5,8.60746e-06,4.30373e-05,0
23645.0,23650.0,23647.5,6.67148e-06,3.33574e-05,0
23650.0,23655.0,23652.5,1.275448e-05,6.37724e-05,0
23655.0,23660.0,23657.5,1.257568e-05,6.28784e-05,0
23670.0,23675.0,23672.5,4.8579e-06,2.42895e-05,0
23675.0,23680.0,23677.5,4.5157e-06,2.25785e-05,0
23680.0,23685.0,23682.5,3.27816e-06,1.63908e-05,0
23685.0,23690.0,23687.5,3.22736e-06,1.61368e-05,0
23690.0,23695.0,23692.5,6.5563e-06,3.27815e-05,0
23695.0,23700.0,23697.5,3.10704e-06,1.55352e-05,0
23700.0,23705.0,23702.5,6.72228e-06,3.36114e-05,0
23710.0,23715.0,23712.5,5.8611e-06,2.93055e-05,0
23720.0,23725.0,23722.5,1.347614e-05,6.73807e-05,0
23730.0,23735.0,23732.5,1.14142e-05,5.7071e-05,0
23735.0,23740.0,23737.5,3.09934e-06,1.54967e-05,0
23740.0,23745.0,23742.5,1.62145e-05,8.10725e-05,0
23745.0,23750.0,23747.5,2.151322e-05,0.0001075661,0
23750.0,23755.0,23752.5,3.27816e-06,1.63908e-05,0
23755.0,23760.0,23757.5,2.48912e-06,1.24456e-05,0
23760.0,23765.0,23762.5,8.30202e-06,4.15101e-05,0
23770.0,23775.0,23772.5,4.5157e-06,2.25785e-05,0
23775.0,23780.0,23777.5,4.97822e-06,2.48911e-05,0
23780.0,23785.0,23782.5,7.95982e-06,3.97991e-05,0
23785.0,23790.0,23787.5,6.3344e-06,3.1672e-05,0
23790.0,23795.0,23792.5,8.30202e-06,4.15101e-05,0
23795.0,23800.0,23797.5,3.10704e-06,1.55352e-05,0
23800.0,23805.0,23802.5,1.11846e-05,5.5923e-05,0
23810.0,23815.0,23812.5,6.3055e-06,3.15275e-05,0
23815.0,23820.0,23817.5,4.5157e-06,2.25785e-05,0
23820.0,23825.0,23822.5,9.75888e-06,4.87944e-05,0
23825.0,23830.0,23827.5,1.105916e-05,5.52958e-05,0
23835.0,23840.0,23837.5,1.128372e-05,5.64186e-05,0
23840.0,23845.0,23842.5,3.22736e-06,1.61368e-05,0
23845.0,23850.0,23847.5,3.10704e-06,1.55352e-05,0
23850.0,23855.0,23852.5,2.48912e-06,1.24456e-05,0
23855.0,23860.0,23857.5,4.5157e-06,2.25785e-05,0
23860.0,23865.0,23862.5,1.434502e-05,7.17251e-05,0
23865.0,23870.0,23867.5,2.48912e-06,1.24456e-05,0
23870.0,23875.0,23872.5,6.47662e-06,3.23831e-05,0
23875.0,23880.0,23877.5,2.75406e-06,1.37703e-05,0
23880.0,23885.0,23882.5,5.71648e-06,2.85824e-05,0
23885.0,23890.0,23887.5,4.8579e-06,2.42895e-05,0
23895.0,23900.0,23897.5,3.27816e-06,1.63908e-05,0
23900.0,23905.0,23902.5,5.50812e-06,2.75406e-05,0
23905.0,23910.0,23907.5,2.48912e-06,1.24456e-05,0
23910.0,23915.0,23912.5,3.44412e-06,1.72206e-05,0
23915.0,23920.0,23917.5,6.03222e-06,3.01611e-05,0
23920.0,23925.0,23922.5,8.08526e-06,4.04263e-05,0
23935.0,23940.0,23937.5,4.5157e-06,2.25785e-05,0
23940.0,23945.0,23942.5,3.19846e-06,1.59923e-05,0
23945.0,23950.0,23947.5,3.44412e-06,1.72206e-05,0
23950.0,23955.0,23952.5,3.44412e-06,1.72206e-05,0
23955.0,23960.0,23957.5,3.27816e-06,1.63908e-05,0
23965.0,23970.0,23967.5,1.257582e-05,6.28791e-05,0
23970.0,23975.0,23972.5,9.57596e-06,4.78798e-05,0
23975.0,23980.0,23977.5,9.78366e-06,4.89183e-05,0
23980.0,23985.0,23982.5,3.09934e-06,1.54967e-05,0
23985.0,23990.0,23987.5,1.08932e-05,5.4466e-05,0
23995.0,24000.0,23997.5,5.71648e-06,2.85824e-05,0
24000.0,24005.0,24002.5,6.47662e-06,3.23831e-05,0
24005.0,24010.0,24007.5,1.99818e-05,9.9909e-05,0
24010.0,24015.0,24012.5,6.67148e-06,3.33574e-05,0
24020.0,24025.0,24022.5,6.47662e-06,3.23831e-05,0
24025.0,24030.0,24027.5,9.60486e-06,4.80243e-05,0
24030.0,24035.0,24032.5,1.123798e-05,5.61899e-05,0
24040.0,24045.0,24042.5,6.21408e-06,3.10704e-05,0
24045.0,24050.0,24047.5,1.55143e-05,7.75715e-05,0
24050.0,24055.0,24052.5,1.14142e-05,5.7071e-05,0
24055.0,24060.0,24057.5,8.6955e-06,4.34775e-05,0
24060.0,24065.0,24062.5,1.896616e-05,9.48308e-05,0
24065.0,24070.0,24067.5,3.19846e-06,1.59923e-05,0
24070.0,24075.0,24072.5,9.03138e-06,4.51569e-05,0
24080.0,24085.0,24082.5,3.27816e-06,1.63908e-05,0
24085.0,24090.0,24087.5,3.10704e-06,1.55352e-05,0
24090.0,24095.0,24092.5,5.68758e-06,2.84379e-05,0
24095.0,24100.0,24097.5,1.046822e-05,5.23411e-05,0
24100.0,24105.0,24102.5,9.53286e-06,4.76643e-05,0
24105.0,24110.0,24107.5,6.64258e-06,3.32129e-05,0
24110.0,24115.0,24112.5,8.08526e-06,4.04263e-05,0
24115.0,24120.0,24117.5,6.5563e-06,3.27815e-05,0
24120.0,24125.0,24122.5,3.09934e-06,1.54967e-05,0
24125.0,24130.0,24127.5,7.61504e-06,3.80752e-05,0
24130.0,24135.0,24132.5,3.22736e-06,1.61368e-05,0
24140.0,24145.0,24142.5,9.3736e-06,4.6868e-05,0
24150.0,24155.0,24152.5,1.282286e-05,6.41143e-05,0
24155.0,24160.0,24157.5,1.245804e-05,6.22902e-05,0
24160.0,24165.0,24162.5,3.27816e-06,1.63908e-05,0
24175.0,24180.0,24177.5,6.47662e-06,3.23831e-05,0
24180.0,24185.0,24182.5,8.13606e-06,4.06803e-05,0
24190.0,24195.0,24192.5,3.22736e-06,1.61368e-05,0
24195.0,24200.0,24197.5,2.75406e-06,1.37703e-05,0
24200.0,24205.0,24202.5,9.44144e-06,4.72072e-05,0
24205.0,24210.0,24207.5,3.19846e-06,1.59923e-05,0
24210.0,24215.0,24212.5,6.72228e-06,3.36114e-05,0
24215.0,24220.0,24217.5,2.75406e-06,1.37703e-05,0
24220.0,24225.0,24222.5,3.19846e-06,1.59923e-05,0
24230.0,24235.0,24232.5,5.24318e-06,2.62159e-05,0
24235.0,24240.0,24237.5,3.09934e-06,1.54967e-05,0
24240.0,24245.0,24242.5,7.62274e-06,3.81137e-05,0
24245.0,24250.0,24247.5,3.09934e-06,1.54967e-05,0
24250.0,24255.0,24252.5,5.8534e-06,2.9267e-05,0
24255.0,24260.0,24257.5,6.67148e-06,3.33574e-05,0
24260.0,24265.0,24262.5,1.408858e-05,7.04429e-05,0
24265.0,24270.0,24267.5,1.377284e-05,6.88642e-05,0
24270.0,24275.0,24272.5,4.8579e-06,2.42895e-05,0
24275.0,24280.0,24277.5,3.19846e-06,1.59923e-05,0
24280.0,24285.0,24282.5,1.062518e-05,5.31259e-05,0
24285.0,24290.0,24287.5,2.75406e-06,1.37703e-05,0
24295.0,24300.0,24297.5,1.50217e-05,7.51085e-05,0
24300.0,24305.0,24302.5,1.304898e-05,6.52449e-05,0
24310.0,24315.0,24312.5,1.399252e-05,6.99626e-05,0
24315.0,24320.0,24317.5,6.42582e-06,3.21291e-05,0
24320.0,24325.0,24322.5,1.128372e-05,5.64186e-05,0
24325.0,24330.0,24327.5,1.136342e-05,5.68171e-05,0
24330.0,24335.0,24332.5,2.75406e-06,1.37703e-05,0
24335.0,24340.0,24337.5,1.223104e-05,6.11552e-05,0
24340.0,24345.0,24342.5,8.13606e-06,4.06803e-05,0
24345.0,24350.0,24347.5,6.50552e-06,3.25276e-05,0
24350.0,24355.0,24352.5,6.03222e-06,3.01611e-05,0
24355.0,24360.0,24357.5,1.054792e-05,5.27396e-05,0
24360.0,24365.0,24362.5,5.71648e-06,2.85824e-05,0
24365.0,24370.0,24367.5,5.24318e-06,2.62159e-05,0
24370.0,24375.0,24372.5,6.3344e-06,3.1672e-05,0
24375.0,24380.0,24377.5,9.05956e-06,4.52978e-05,0
24380.0,24385.0,24382.5,2.48912e-06,1.24456e-05,0
24385.0,24390.0,24387.5,7.34702e-06,3.67351e-05,0
24390.0,24395.0,24392.5,3.09934e-06,1.54967e-05,0
24395.0,24400.0,24397.5,5.8534e-06,2.9267e-05,0
24400.0,24405.0,24402.5,1.248954e-05,6.24477e-05,0
24405.0,24410.0,24407.5,6.3852e-06,3.1926e-05,0
24410.0,24415.0,24412.5,7.62274e-06,3.81137e-05,0
24425.0,24430.0,24427.5,2.48912e-06,1.24456e-05,0
24430.0,24435.0,24432.5,4.8579e-06,2.42895e-05,0
24435.0,24440.0,24437.5,6.42582e-06,3.21291e-05,0
24440.0,24445.0,24442.5,4.8579e-06,2.42895e-05,0
24445.0,24450.0,24447.5,3.27816e-06,1.63908e-05,0
24450.0,24455.0,24452.5,1.509008e-05,7.54504e-05,0
24465.0,24470.0,24467.5,7.61196e-06,3.80598e-05,0
24470.0,24475.0,24472.5,6.2978e-06,3.1489e-05,0
24475.0,24480.0,24477.5,1.365252e-05,6.82626e-05,0
24480.0,24485.0,24482.5,1.16497e-05,5.82485e-05,0
24485.0,24490.0,24487.5,6.3055e-06,3.15275e-05,0
24490.0,24495.0,24492.5,1.27037e-05,6.35185e-05,0
24495.0,24500.0,24497.5,6.47662e-06,3.23831e-05,0
24500.0,24505.0,24502.5,3.10704e-06,1.55352e-05,0
24505.0,24510.0,24507.5,3.27816e-06,1.63908e-05,0
24510.0,24515.0,24512.5,3.22736e-06,1.61368e-05,0
24515.0,24520.0,24517.5,8.13606e-06,4.06803e-05,0
24520.0,24525.0,24522.5,1.201364e-05,6.00682e-05,0
24525.0,24530.0,24527.5,7.79386e-06,3.89693e-05,0
24535.0,24540.0,24537.5,3.44412e-06,1.72206e-05,0
24540.0,24545.0,24542.5,8.96574e-06,4.48287e-05,0
24550.0,24555.0,24552.5,2.48912e-06,1.24456e-05,0
24560.0,24565.0,24562.5,1.630234e-05,8.15117e-05,0
24565.0,24570.0,24567.5,7.79386e-06,3.89693e-05,0
24570.0,24575.0,24572.5,5.8534e-06,2.9267e-05,0
24575.0,24580.0,24577.5,1.16497e-05,5.82485e-05,0
24590.0,24595.0,24592.5,3.09934e-06,1.54967e-05,0
24595.0,24600.0,24597.5,1.484804e-05,7.42402e-05,0
24600.0,24605.0,24602.5,3.27816e-06,1.63908e-05,0
24605.0,24610.0,24607.5,3.10704e-06,1.55352e-05,0
24610.0,24615.0,24612.5,6.72228e-06,3.36114e-05,0
24615.0,24620.0,24617.5,5.98142e-06,2.99071e-05,0
24620.0,24625.0,24622.5,3.10704e-06,1.55352e-05,0
24625.0,24630.0,24627.5,8.82352e-06,4.41176e-05,0
24630.0,24635.0,24632.5,1.011186e-05,5.05593e-05,0
24635.0,24640.0,24637.5,2.75406e-06,1.37703e-05,0
24640.0,24645.0,24642.5,6.55116e-06,3.27558e-05,0
24645.0,24650.0,24647.5,3.19846e-06,1.59923e-05,0
24650.0,24655.0,24652.5,1.591706e-05,7.95853e-05,0
24655.0,24660.0,24657.5,8.81582e-06,4.40791e-05,0
24665.0,24670.0,24667.5,9.74192e-06,4.87096e-05,0
24670.0,24675.0,24672.5,1.388928e-05,6.94464e-05,0
24675.0,24680.0,24677.5,1.049712e-05,5.24856e-05,0
24680.0,24685.0,24682.5,6.03222e-06,3.01611e-05,0
24685.0,24690.0,24687.5,6.72228e-06,3.36114e-05,0
24690.0,24695.0,24692.5,2.75406e-06,1.37703e-05,0
24695.0,24700.0,24697.5,5.50812e-06,2.75406e-05,0
24700.0,24705.0,24702.5,4.5157e-06,2.25785e-05,0
24705.0,24710.0,24707.5,1.140404e-05,5.70202e-05,0
24710.0,24715.0,24712.5,1.144136e-05,5.72068e-05,0
24715.0,24720.0,24717.5,3.19846e-06,1.59923e-05,0
24720.0,24725.0,24722.5,1.567396e-05,7.83698e-05,0
24730.0,24735.0,24732.5,1.230814e-05,6.15407e-05,0
24740.0,24745.0,24742.5,8.34252e-06,4.17126e-05,0
24745.0,24750.0,24747.5,6.5563e-06,3.27815e-05,0
24750.0,24755.0,24752.5,8.13606e-06,4.06803e-05,0
24755.0,24760.0,24757.5,3.09934e-06,1.54967e-05,0
24760.0,24765.0,24762.5,7.00482e-06,3.50241e-05,0
24770.0,24775.0,24772.5,1.332844e-05,6.66422e-05,0
24775.0,24780.0,24777.5,9.3736e-06,4.6868e-05,0
24780.0,24785.0,24782.5,9.84104e-06,4.92052e-05,0
24785.0,24790.0,24787.5,9.94964e-06,4.97482e-05,0
24790.0,24795.0,24792.5,1.102122e-05,5.51061e-05,0
24795.0,24800.0,24797.5,1.158018e-05,5.79009e-05,0
24800.0,24805.0,24802.5,8.99464e-06,4.49732e-05,0
24805.0,24810.0,24807.5,5.50812e-06,2.75406e-05,0
24810.0,24815.0,24812.5,1.290244e-05,6.45122e-05,0
24820.0,24825.0,24822.5,2.363926e-05,0.0001181963,0
24825.0,24830.0,24827.5,9.6505e-06,4.82525e-05,0
24830.0,24835.0,24832.5,1.282286e-05,6.41143e-05,0
24835.0,24840.0,24837.5,1.385254e-05,6.92627e-05,0
24840.0,24845.0,24842.5,2.48912e-06,1.24456e-05,0
24845.0,24850.0,24847.5,3.22736e-06,1.61368e-05,0
24850.0,24855.0,24852.5,1.210168e-05,6.05084e-05,0
24855.0,24860.0,24857.5,9.3736e-06,4.6868e-05,0
24860.0,24865.0,24862.5,3.19846e-06,1.59923e-05,0
24870.0,24875.0,24872.5,5.59616e-06,2.79808e-05,0
24875.0,24880.0,24877.5,2.75406e-06,1.37703e-05,0
24880.0,24885.0,24882.5,3.44412e-06,1.72206e-05,0
24885.0,24890.0,24887.5,1.08932e-05,5.4466e-05,0
24890.0,24895.0,24892.5,2.75406e-06,1.37703e-05,0
24895.0,24900.0,24897.5,3.27816e-06,1.63908e-05,0
24900.0,24905.0,24902.5,8.52134e-06,4.26067e-05,0
24905.0,24910.0,24907.5,7.71416e-06,3.85708e-05,0
24910.0,24915.0,24912.5,4.8579e-06,2.42895e-05,0
24915.0,24920.0,24917.5,3.09934e-06,1.54967e-05,0
24920.0,24925.0,24922.5,1.629822e-05,8.14911e-05,0
24930.0,24935.0,24932.5,1.388928e-05,6.94464e-05,0
24935.0,24940.0,24937.5,5.76728e-06,2.88364e-05,0
24940.0,24945.0,24942.5,3.27816e-06,1.63908e-05,0
24945.0,24950.0,24947.5,1.655672e-05,8.27836e-05,0
24960.0,24965.0,24962.5,1.023218e-05,5.11609e-05,0
24965.0,24970.0,24967.5,2.02902e-05,0.000101451,0
24970.0,24975.0,24972.5,6.03222e-06,3.01611e-05,0
24975.0,24980.0,24977.5,3.22736e-06,1.61368e-05,0
24980.0,24985.0,24982.5,3.44412e-06,1.72206e-05,0
24985.0,24990.0,24987.5,6.64258e-06,3.32129e-05,0
24990.0,24995.0,24992.5,4.5157e-06,2.25785e-05,0
25000.0,25005.0,25002.5,1.11557e-05,5.57785e-05,0
25005.0,25010.0,25007.5,5.98142e-06,2.99071e-05,0
25010.0,25015.0,25012.5,7.26976e-06,3.63488e-05,0
25015.0,25020.0,25017.5,7.71416e-06,3.85708e-05,0
25020.0,25025.0,25022.5,2.16199e-05,0.0001080995,0
25030.0,25035.0,25032.5,1.433424e-05,7.16712e-05,0
25035.0,25040.0,25037.5,5.98142e-06,2.99071e-05,0
25040.0,25045.0,25042.5,3.10704e-06,1.55352e-05,0
25045.0,25050.0,25047.5,3.27816e-06,1.63908e-05,0
25050.0,25055.0,25052.5,1.228692e-05,6.14346e-05,0
25055.0,25060.0,25057.5,3.27816e-06,1.63908e-05,0
25060.0,25065.0,25062.5,1.373222e-05,6.86611e-05,0
25065.0,25070.0,25067.5,7.95724e-06,3.97862e-05,0
25075.0,25080.0,25077.5,8.87432e-06,4.43716e-05,0
25080.0,25085.0,25082.5,6.3344e-06,3.1672e-05,0
25090.0,25095.0,25092.5,1.12754e-05,5.6377e-05,0
25095.0,25100.0,25097.5,9.5954e-06,4.7977e-05,0
25105.0,25110.0,25107.5,1.123798e-05,5.61899e-05,0
25110.0,25115.0,25112.5,1.682336e-05,8.41168e-05,0
25115.0,25120.0,25117.5,4.8579e-06,2.42895e-05,0
25120.0,25125.0,25122.5,2.48912e-06,1.24456e-05,0
25130.0,25135.0,25132.5,9.6423e-06,4.82115e-05,0
25135.0,25140.0,25137.5,9.47682e-06,4.73841e-05,0
25145.0,25150.0,25147.5,3.22736e-06,1.61368e-05,0
25150.0,25155.0,25152.5,9.13156e-06,4.56578e-05,0
25155.0,25160.0,25157.5,6.03222e-06,3.01611e-05,0
25160.0,25165.0,25162.5,3.22736e-06,1.61368e-05,0
25165.0,25170.0,25167.5,1.140136e-05,5.70068e-05,0
25170.0,25175.0,25172.5,3.09934e-06,1.54967e-05,0
25175.0,25180.0,25177.5,3.27816e-06,1.63908e-05,0
25180.0,25185.0,25182.5,9.82162e-06,4.91081e-05,0
25185.0,25190.0,25187.5,3.27816e-06,1.63908e-05,0
25190.0,25195.0,25192.5,3.27816e-06,1.63908e-05,0
25195.0,25200.0,25197.5,9.42554e-06,4.71277e-05,0
25200.0,25205.0,25202.5,3.09934e-06,1.54967e-05,0
25205.0,25210.0,25207.5,2.75406e-06,1.37703e-05,0
25210.0,25215.0,25212.5,6.55116e-06,3.27558e-05,0
25215.0,25220.0,25217.5,9.60486e-06,4.80243e-05,0
25220.0,25225.0,25222.5,3.22736e-06,1.61368e-05,0
25225.0,25230.0,25227.5,6.3344e-06,3.1672e-05,0
25230.0,25235.0,25232.5,2.75406e-06,1.37703e-05,0
25235.0,25240.0,25237.5,3.09934e-06,1.54967e-05,0
25240.0,25245.0,25242.5,3.10704e-06,1.55352e-05,0
25245.0,25250.0,25247.5,9.65564e-06,4.82782e-05,0
25250.0,25255.0,25252.5,3.27816e-06,1.63908e-05,0
25255.0,25260.0,25257.5,9.13156e-06,4.56578e-05,0
25265.0,25270.0,25267.5,1.642778e-05,8.21389e-05,0
25270.0,25275.0,25272.5,6.88824e-06,3.44412e-05,0
25275.0,25280.0,25277.5,6.19818e-06,3.09909e-05,0
25280.0,25285.0,25282.5,3.09934e-06,1.54967e-05,0
25285.0,25290.0,25287.5,3.22736e-06,1.61368e-05,0
25290.0,25295.0,25292.5,8.05636e-06,4.02818e-05,0
25295.0,25300.0,25297.5,3.44412e-06,1.72206e-05,0
25300.0,25305.0,25302.5,6.3055e-06,3.15275e-05,0
25310.0,25315.0,25312.5,8.44164e-06,4.22082e-05,0
25320.0,25325.0,25322.5,8.05636e-06,4.02818e-05,0
25325.0,25330.0,25327.5,1.12246e-05,5.6123e-05,0
25330.0,25335.0,25332.5,1.520102e-05,7.60051e-05,0
25335.0,25340.0,25337.5,3.27816e-06,1.63908e-05,0
25340.0,25345.0,25342.5,6.50552e-06,3.25276e-05,0
25345.0,25350.0,25347.5,3.10704e-06,1.55352e-05,0
25350.0,25355.0,25352.5,1.0719e-05,5.3595e-05,0
25355.0,25360.0,25357.5,1.028298e-05,5.14149e-05,0
25360.0,25365.0,25362.5,3.44412e-06,1.72206e-05,0
25365.0,25370.0,25367.5,3.09934e-06,1.54967e-05,0
25370.0,25375.0,25372.5,6.3267e-06,3.16335e-05,0
25375.0,25380.0,25377.5,2.75406e-06,1.37703e-05,0
25380.0,25385.0,25382.5,6.72228e-06,3.36114e-05,0
25385.0,25390.0,25387.5,6.03222e-06,3.01611e-05,0
25395.0,25400.0,25397.5,1.610102e-05,8.05051e-05,0
25400.0,25405.0,25402.5,3.22736e-06,1.61368e-05,0
25410.0,25415.0,25412.5,5.76728e-06,2.88364e-05,0
25415.0,25420.0,25417.5,3.44412e-06,1.72206e-05,0
25420.0,25425.0,25422.5,2.48912e-06,1.24456e-05,0
25425.0,25430.0,25427.5,3.27816e-06,1.63908e-05,0
25430.0,25435.0,25432.5,3.27816e-06,1.63908e-05,0
25435.0,25440.0,25437.5,3.44412e-06,1.72206e-05,0
25440.0,25445.0,25442.5,1.044894e-05,5.22447e-05,0
25445.0,25450.0,25447.5,3.10704e-06,1.55352e-05,0
25450.0,25455.0,25452.5,3.10704e-06,1.55352e-05,0
25460.0,25465.0,25462.5,9.94964e-06,4.97482e-05,0
25465.0,25470.0,25467.5,8.73548e-06,4.36774e-05,0
25475.0,25480.0,25477.5,4.5157e-06,2.25785e-05,0
25480.0,25485.0,25482.5,3.44412e-06,1.72206e-05,0
25485.0,25490.0,25487.5,4.5157e-06,2.25785e-05,0
25490.0,25495.0,25492.5,5.68758e-06,2.84379e-05,0
25495.0,25500.0,25497.5,2.48912e-06,1.24456e-05,0
25500.0,25505.0,25502.5,6.2978e-06,3.1489e-05,0
25505.0,25510.0,25507.5,1.516376e-05,7.58188e-05,0
25510.0,25515.0,25512.5,3.22736e-06,1.61368e-05,0
25520.0,25525.0,25522.5,7.95982e-06,3.97991e-05,0
25525.0,25530.0,25527.5,5.59616e-06,2.79808e-05,0
25530.0,25535.0,25532.5,5.71648e-06,2.85824e-05,0
25535.0,25540.0,25537.5,1.023218e-05,5.11609e-05,0
25540.0,25545.0,25542.5,1.259158e-05,6.29579e-05,0
25545.0,25550.0,25547.5,1.215246e-05,6.07623e-05,0
25550.0,25555.0,25552.5,6.3852e-06,3.1926e-05,0
25555.0,25560.0,25557.5,9.75476e-06,4.87738e-05,0
25560.0,25565.0,25562.5,3.27816e-06,1.63908e-05,0
25565.0,25570.0,25567.5,4.5157e-06,2.25785e-05,0
25570.0,25575.0,25572.5,7.71416e-06,3.85708e-05,0
25575.0,25580.0,25577.5,5.76728e-06,2.88364e-05,0
25585.0,25590.0,25587.5,1.398946e-05,6.99473e-05,0
25590.0,25595.0,25592.5,2.069886e-05,0.0001034943,0
25595.0,25600.0,25597.5,3.10704e-06,1.55352e-05,0
25600.0,25605.0,25602.5,1.569556e-05,7.84778e-05,0
25610.0,25615.0,25612.5,2.48912e-06,1.24456e-05,0
25615.0,25620.0,25617.5,6.55116e-06,3.27558e-05,0
25620.0,25625.0,25622.5,8.7032e-06,4.3516e-05,0
25625.0,25630.0,25627.5,4.8579e-06,2.42895e-05,0
25630.0,25635.0,25632.5,9.31342e-06,4.65671e-05,0
25635.0,25640.0,25637.5,2.75406e-06,1.37703e-05,0
25640.0,25645.0,25642.5,8.91494e-06,4.45747e-05,0
25645.0,25650.0,25647.5,2.280422e-05,0.0001140211,0
25650.0,25655.0,25652.5,3.19846e-06,1.59923e-05,0
25655.0,25660.0,25657.5,6.3267e-06,3.16335e-05,0
25670.0,25675.0,25672.5,3.27816e-06,1.63908e-05,0
25680.0,25685.0,25682.5,1.21134e-05,6.0567e-05,0
25685.0,25690.0,25687.5,8.61516e-06,4.30758e-05,0
25690.0,25695.0,25692.5,6.3852e-06,3.1926e-05,0
25695.0,25700.0,25697.5,3.19846e-06,1.59923e-05,0
25700.0,25705.0,25702.5,3.27816e-06,1.63908e-05,0
25705.0,25710.0,25707.5,9.43374e-06,4.71687e-05,0
25710.0,25715.0,25712.5,5.8611e-06,2.93055e-05,0
25715.0,25720.0,25717.5,2.75406e-06,1.37703e-05,0
25720.0,25725.0,25722.5,4.8579e-06,2.42895e-05,0
25725.0,25730.0,25727.5,5.95252e-06,2.97626e-05,0
25730.0,25735.0,25732.5,4.8579e-06,2.42895e-05,0
25735.0,25740.0,25737.5,1.102122e-05,5.51061e-05,0
25740.0,25745.0,25742.5,6.3344e-06,3.1672e-05,0
25745.0,25750.0,25747.5,6.55116e-06,3.27558e-05,0
25750.0,25755.0,25752.5,8.6955e-06,4.34775e-05,0
25755.0,25760.0,25757.5,7.74306e-06,3.87153e-05,0
25760.0,25765.0,25762.5,5.95252e-06,2.97626e-05,0
25765.0,25770.0,25767.5,1.201428e-05,6.00714e-05,0
25770.0,25775.0,25772.5,8.78692e-06,4.39346e-05,0
25775.0,25780.0,25777.5,1.049712e-05,5.24856e-05,0
25780.0,25785.0,25782.5,3.27816e-06,1.63908e-05,0
25785.0,25790.0,25787.5,7.61504e-06,3.80752e-05,0
25790.0,25795.0,25792.5,1.528712e-05,7.64356e-05,0
25795.0,25800.0,25797.5,3.19846e-06,1.59923e-05,0
25800.0,25805.0,25802.5,3.44412e-06,1.72206e-05,0
25805.0,25810.0,25807.5,3.19846e-06,1.59923e-05,0
25810.0,25815.0,25812.5,1.31481e-05,6.57405e-05,0
25820.0,25825.0,25822.5,3.44412e-06,1.72206e-05,0
25825.0,25830.0,25827.5,7.34702e-06,3.67351e-05,0
25830.0,25835.0,25832.5,7.96494e-06,3.98247e-05,0
25835.0,25840.0,25837.5,6.3055e-06,3.15275e-05,0
25840.0,25845.0,25842.5,9.53286e-06,4.76643e-05,0
25855.0,25860.0,25857.5,2.75406e-06,1.37703e-05,0
25860.0,25865.0,25862.5,1.11634e-05,5.5817e-05,0
25865.0,25870.0,25867.5,9.92074e-06,4.96037e-05,0
25870.0,25875.0,25872.5,4.8579e-06,2.42895e-05,0
25875.0,25880.0,25877.5,9.13926e-06,4.56963e-05,0
25880.0,25885.0,25882.5,3.27816e-06,1.63908e-05,0
25885.0,25890.0,25887.5,6.19818e-06,3.09909e-05,0
25890.0,25895.0,25892.5,1.054792e-05,5.27396e-05,0
25895.0,25900.0,25897.5,3.22736e-06,1.61368e-05,0
25900.0,25905.0,25902.5,4.8579e-06,2.42895e-05,0
25905.0,25910.0,25907.5,3.19846e-06,1.59923e-05,0
25915.0,25920.0,25917.5,5.24318e-06,2.62159e-05,0
25920.0,25925.0,25922.5,1.428858e-05,7.14429e-05,0
25925.0,25930.0,25927.5,9.86994e-06,4.93497e-05,0
25930.0,25935.0,25932.5,2.041528e-05,0.0001020764,0
25935.0,25940.0,25937.5,4.5157e-06,2.25785e-05,0
25940.0,25945.0,25942.5,1.544644e-05,7.72322e-05,0
25950.0,25955.0,25952.5,5.8534e-06,2.9267e-05,0
25955.0,25960.0,25957.5,1.191514e-05,5.95757e-05,0
25960.0,25965.0,25962.5,1.257206e-05,6.28603e-05,0
25965.0,25970.0,25967.5,3.27816e-06,1.63908e-05,0
25975.0,25980.0,25977.5,3.27816e-06,1.63908e-05,0
25980.0,25985.0,25982.5,5.8611e-06,2.93055e-05,0
25985.0,25990.0,25987.5,8.13606e-06,4.06803e-05,0
26000.0,26005.0,26002.5,6.03222e-06,3.01611e-05,0
26005.0,26010.0,26007.5,4.8579e-06,2.42895e-05,0
26010.0,26015.0,26012.5,3.10704e-06,1.55352e-05,0
26015.0,26020.0,26017.5,2.48912e-06,1.24456e-05,0
26020.0,26025.0,26022.5,4.8579e-06,2.42895e-05,0
26025.0,26030.0,26027.5,1.105916e-05,5.52958e-05,0
26030.0,26035.0,26032.5,7.62274e-06,3.81137e-05,0
26035.0,26040.0,26037.5,3.27816e-06,1.63908e-05,0
26045.0,26050.0,26047.5,4.5157e-06,2.25785e-05,0
26050.0,26055.0,26052.5,4.8579e-06,2.42895e-05,0
26055.0,26060.0,26057.5,1.235906e-05,6.17953e-05,0
26060.0,26065.0,26062.5,8.6873e-06,4.34365e-05,0
26065.0,26070.0,26067.5,9.83612e-06,4.91806e-05,0
26070.0,26075.0,26072.5,1.079114e-05,5.39557e-05,0
26075.0,26080.0,26077.5,8.08526e-06,4.04263e-05,0
26080.0,26085.0,26082.5,4.5157e-06,2.25785e-05,0
26085.0,26090.0,26087.5,7.95982e-06,3.97991e-05,0
26090.0,26095.0,26092.5,9.42554e-06,4.71277e-05,0
26095.0,26100.0,26097.5,8.05636e-06,4.02818e-05,0
26100.0,26105.0,26102.5,7.34702e-06,3.67351e-05,0
26105.0,26110.0,26107.5,6.47662e-06,3.23831e-05,0
26115.0,26120.0,26117.5,8.70658e-06,4.35329e-05,0
26120.0,26125.0,26122.5,1.131262e-05,5.65631e-05,0
26125.0,26130.0,26127.5,1.089012e-05,5.44506e-05,0
26130.0,26135.0,26132.5,7.61504e-06,3.80752e-05,0
26135.0,26140.0,26137.5,3.19846e-06,1.59923e-05,0
26145.0,26150.0,26147.5,5.76728e-06,2.88364e-05,0
26150.0,26155.0,26152.5,3.44412e-06,1.72206e-05,0
26155.0,26160.0,26157.5,6.88824e-06,3.44412e-05,0
26160.0,26165.0,26162.5,8.20558e-06,4.10279e-05,0
26165.0,26170.0,26167.5,3.22736e-06,1.61368e-05,0
26170.0,26175.0,26172.5,9.60486e-06,4.80243e-05,0
26175.0,26180.0,26177.5,2.75406e-06,1.37703e-05,0
26180.0,26185.0,26182.5,2.75406e-06,1.37703e-05,0
26185.0,26190.0,26187.5,3.10704e-06,1.55352e-05,0
26195.0,26200.0,26197.5,1.328024e-05,6.64012e-05,0
26200.0,26205.0,26202.5,2.75406e-06,1.37703e-05,0
26215.0,26220.0,26217.5,1.000042e-05,5.00021e-05,0
26220.0,26225.0,26222.5,3.44412e-06,1.72206e-05,0
26225.0,26230.0,26227.5,6.03222e-06,3.01611e-05,0
26235.0,26240.0,26237.5,9.6423e-06,4.82115e-05,0
26240.0,26245.0,26242.5,6.20638e-06,3.10319e-05,0
26245.0,26250.0,26247.5,1.08212e-05,5.4106e-05,0
26250.0,26255.0,26252.5,1.072208e-05,5.36104e-05,0
26255.0,26260.0,26257.5,1.450068e-05,7.25034e-05,0
26260.0,26265.0,26262.5,1.38137e-05,6.90685e-05,0
26265.0,26270.0,26267.5,5.59616e-06,2.79808e-05,0
26270.0,26275.0,26272.5,7.61196e-06,3.80598e-05,0
26275.0,26280.0,26277.5,8.08526e-06,4.04263e-05,0
26280.0,26285.0,26282.5,3.22736e-06,1.61368e-05,0
26285.0,26290.0,26287.5,5.24318e-06,2.62159e-05,0
26290.0,26295.0,26292.5,6.03222e-06,3.01611e-05,0
26295.0,26300.0,26297.5,3.09934e-06,1.54967e-05,0
26305.0,26310.0,26307.5,9.3736e-06,4.6868e-05,0
26315.0,26320.0,26317.5,1.044636e-05,5.22318e-05,0
26320.0,26325.0,26322.5,7.96494e-06,3.98247e-05,0
26325.0,26330.0,26327.5,4.8579e-06,2.42895e-05,0
26330.0,26335.0,26332.5,4.8579e-06,2.42895e-05,0
26335.0,26340.0,26337.5,3.19846e-06,1.59923e-05,0
26340.0,26345.0,26342.5,7.62274e-06,3.81137e-05,0
26345.0,26350.0,26347.5,1.08501e-05,5.42505e-05,0
26350.0,26355.0,26352.5,5.24318e-06,2.62159e-05,0
26355.0,26360.0,26357.5,7.61504e-06,3.80752e-05,0
26360.0,26365.0,26362.5,6.19818e-06,3.09909e-05,0
26365.0,26370.0,26367.5,1.457372e-05,7.28686e-05,0
26370.0,26375.0,26372.5,6.19818e-06,3.09909e-05,0
26375.0,26380.0,26377.5,3.22736e-06,1.61368e-05,0
26380.0,26385.0,26382.5,3.27816e-06,1.63908e-05,0
26385.0,26390.0,26387.5,2.75406e-06,1.37703e-05,0
26390.0,26395.0,26392.5,5.58846e-06,2.79423e-05,0
26400.0,26405.0,26402.5,3.27816e-06,1.63908e-05,0
26405.0,26410.0,26407.5,6.50552e-06,3.25276e-05,0
26410.0,26415.0,26412.5,3.09934e-06,1.54967e-05,0
26415.0,26420.0,26417.5,6.47662e-06,3.23831e-05,0
26420.0,26425.0,26422.5,1.225874e-05,6.12937e-05,0
26425.0,26430.0,26427.5,3.19846e-06,1.59923e-05,0
26430.0,26435.0,26432.5,7.99724e-06,3.99862e-05,0
26435.0,26440.0,26437.5,1.46313e-05,7.31565e-05,0
26440.0,26445.0,26442.5,3.22736e-06,1.61368e-05,0
26445.0,26450.0,26447.5,9.94964e-06,4.97482e-05,0
26450.0,26455.0,26452.5,1.071388e-05,5.35694e-05,0
26455.0,26460.0,26457.5,8.08526e-06,4.04263e-05,0
26460.0,26465.0,26462.5,1.45002e-05,7.2501e-05,0
26465.0,26470.0,26467.5,1.313086e-05,6.56543e-05,0
26470.0,26475.0,26472.5,6.88824e-06,3.44412e-05,0
26475.0,26480.0,26477.5,3.22736e-06,1.61368e-05,0
26480.0,26485.0,26482.5,6.3852e-06,3.1926e-05,0
26485.0,26490.0,26487.5,5.71648e-06,2.85824e-05,0
26490.0,26495.0,26492.5,3.44412e-06,1.72206e-05,0
26500.0,26505.0,26502.5,1.054548e-05,5.27274e-05,0
26505.0,26510.0,26507.5,2.75406e-06,1.37703e-05,0
26510.0,26515.0,26512.5,7.74306e-06,3.87153e-05,0
26515.0,26520.0,26517.5,1.608558e-05,8.04279e-05,0
26525.0,26530.0,26527.5,7.95724e-06,3.97862e-05,0
26530.0,26535.0,26532.5,3.10704e-06,1.55352e-05,0
26535.0,26540.0,26537.5,4.5157e-06,2.25785e-05,0
26540.0,26545.0,26542.5,2.75406e-06,1.37703e-05,0
26545.0,26550.0,26547.5,8.30202e-06,4.15101e-05,0
26550.0,26555.0,26552.5,3.22736e-06,1.61368e-05,0
26555.0,26560.0,26557.5,3.27816e-06,1.63908e-05,0
26560.0,26565.0,26562.5,9.03138e-06,4.51569e-05,0
26570.0,26575.0,26572.5,3.22736e-06,1.61368e-05,0
26575.0,26580.0,26577.5,3.09934e-06,1.54967e-05,0
26580.0,26585.0,26582.5,1.253306e-05,6.26653e-05,0
26585.0,26590.0,26587.5,6.21408e-06,3.10704e-05,0
26595.0,26600.0,26597.5,6.54346e-06,3.27173e-05,0
26600.0,26605.0,26602.5,9.92074e-06,4.96037e-05,0
26605.0,26610.0,26607.5,1.123798e-05,5.61899e-05,0
26610.0,26615.0,26612.5,1.417134e-05,7.08567e-05,0
26615.0,26620.0,26617.5,3.44412e-06,1.72206e-05,0
26620.0,26625.0,26622.5,5.50812e-06,2.75406e-05,0
26625.0,26630.0,26627.5,1.45643e-05,7.28215e-05,0
26630.0,26635.0,26632.5,3.19846e-06,1.59923e-05,0
26635.0,26640.0,26637.5,4.5157e-06,2.25785e-05,0
26640.0,26645.0,26642.5,8.87432e-06,4.43716e-05,0
26645.0,26650.0,26647.5,3.44412e-06,1.72206e-05,0
26650.0,26655.0,26652.5,3.09934e-06,1.54967e-05,0
26655.0,26660.0,26657.5,2.75406e-06,1.37703e-05,0
26665.0,26670.0,26667.5,3.27816e-06,1.63908e-05,0
26670.0,26675.0,26672.5,4.5157e-06,2.25785e-05,0
26675.0,26680.0,26677.5,3.44412e-06,1.72206e-05,0
26680.0,26685.0,26682.5,3.44412e-06,1.72206e-05,0
26685.0,26690.0,26687.5,4.8579e-06,2.42895e-05,0
26690.0,26695.0,26692.5,6.50552e-06,3.25276e-05,0
26695.0,26700.0,26697.5,6.19818e-06,3.09909e-05,0
26700.0,26705.0,26702.5,4.97822e-06,2.48911e-05,0
26705.0,26710.0,26707.5,9.03138e-06,4.51569e-05,0
26710.0,26715.0,26712.5,6.03222e-06,3.01611e-05,0
26715.0,26720.0,26717.5,1.144184e-05,5.72092e-05,0
26720.0,26725.0,26722.5,3.22736e-06,1.61368e-05,0
26725.0,26730.0,26727.5,2.75406e-06,1.37703e-05,0
26730.0,26735.0,26732.5,1.609332e-05,8.04666e-05,0
26735.0,26740.0,26737.5,2.75406e-06,1.37703e-05,0
26740.0,26745.0,26742.5,1.580304e-05,7.90152e-05,0
26755.0,26760.0,26757.5,6.3055e-06,3.15275e-05,0
26760.0,26765.0,26762.5,4.5157e-06,2.25785e-05,0
26765.0,26770.0,26767.5,6.3775e-06,3.18875e-05,0
26770.0,26775.0,26772.5,9.05186e-06,4.52593e-05,0
26775.0,26780.0,26777.5,2.75406e-06,1.37703e-05,0
26780.0,26785.0,26782.5,7.00482e-06,3.50241e-05,0
26785.0,26790.0,26787.5,6.19818e-06,3.09909e-05,0
26790.0,26795.0,26792.5,1.049712e-05,5.24856e-05,0
26795.0,26800.0,26797.5,6.55116e-06,3.27558e-05,0
26800.0,26805.0,26802.5,2.48912e-06,1.24456e-05,0
26805.0,26810.0,26807.5,3.22736e-06,1.61368e-05,0
26810.0,26815.0,26812.5,5.98142e-06,2.99071e-05,0
26815.0,26820.0,26817.5,1.332844e-05,6.66422e-05,0
26820.0,26825.0,26822.5,3.22736e-06,1.61368e-05,0
26825.0,26830.0,26827.5,8.13606e-06,4.06803e-05,0
26830.0,26835.0,26832.5,6.47662e-06,3.23831e-05,0
26835.0,26840.0,26837.5,1.961186e-05,9.80593e-05,0
26840.0,26845.0,26842.5,3.44412e-06,1.72206e-05,0
26850.0,26855.0,26852.5,2.48912e-06,1.24456e-05,0
26855.0,26860.0,26857.5,9.31036e-06,4.65518e-05,0
26860.0,26865.0,26862.5,3.22736e-06,1.61368e-05,0
26865.0,26870.0,26867.5,6.55116e-06,3.27558e-05,0
26870.0,26875.0,26872.5,1.903694e-05,9.51847e-05,0
26875.0,26880.0,26877.5,3.10704e-06,1.55352e-05,0
26880.0,26885.0,26882.5,6.20638e-06,3.10319e-05,0
26885.0,26890.0,26887.5,2.75406e-06,1.37703e-05,0
26890.0,26895.0,26892.5,1.011186e-05,5.05593e-05,0
26895.0,26900.0,26897.5,2.75406e-06,1.37703e-05,0
26900.0,26905.0,26902.5,3.22736e-06,1.61368e-05,0
26905.0,26910.0,26907.5,9.61256e-06,4.80628e-05,0
26910.0,26915.0,26912.5,7.34702e-06,3.67351e-05,0
26915.0,26920.0,26917.5,3.10704e-06,1.55352e-05,0
26920.0,26925.0,26922.5,6.72228e-06,3.36114e-05,0
26925.0,26930.0,26927.5,8.81582e-06,4.40791e-05,0
26935.0,26940.0,26937.5,3.09934e-06,1.54967e-05,0
26940.0,26945.0,26942.5,6.64258e-06,3.32129e-05,0
26945.0,26950.0,26947.5,9.78366e-06,4.89183e-05,0
26950.0,26955.0,26952.5,3.19846e-06,1.59923e-05,0
26955.0,26960.0,26957.5,1.224388e-05,6.12194e-05,0
26965.0,26970.0,26967.5,1.099232e-05,5.49616e-05,0
26980.0,26985.0,26982.5,3.10704e-06,1.55352e-05,0
26985.0,26990.0,26987.5,9.13926e-06,4.56963e-05,0
26990.0,26995.0,26992.5,1.605668e-05,8.02834e-05,0
26995.0,27000.0,26997.5,3.22736e-06,1.61368e-05,0
27000.0,27005.0,27002.5,5.59616e-06,2.79808e-05,0
27005.0,27010.0,27007.5,3.09934e-06,1.54967e-05,0
27010.0,27015.0,27012.5,3.19846e-06,1.59923e-05,0
27015.0,27020.0,27017.5,9.29752e-06,4.64876e-05,0
27020.0,27025.0,27022.5,6.5563e-06,3.27815e-05,0
27025.0,27030.0,27027.5,3.19846e-06,1.59923e-05,0
27030.0,27035.0,27032.5,8.61516e-06,4.30758e-05,0
27035.0,27040.0,27037.5,3.09934e-06,1.54967e-05,0
27040.0,27045.0,27042.5,3.10704e-06,1.55352e-05,0
27045.0,27050.0,27047.5,6.47662e-06,3.23831e-05,0
27050.0,27055.0,27052.5,3.27816e-06,1.63908e-05,0
27055.0,27060.0,27057.5,4.5157e-06,2.25785e-05,0
27060.0,27065.0,27062.5,9.05186e-06,4.52593e-05,0
27065.0,27070.0,27067.5,4.5157e-06,2.25785e-05,0
27070.0,27075.0,27072.5,3.22736e-06,1.61368e-05,0
27075.0,27080.0,27077.5,7.74306e-06,3.87153e-05,0
27085.0,27090.0,27087.5,4.5157e-06,2.25785e-05,0
27090.0,27095.0,27092.5,8.35022e-06,4.17511e-05,0
27095.0,27100.0,27097.5,1.345956e-05,6.72978e-05,0
27100.0,27105.0,27102.5,4.8579e-06,2.42895e-05,0
27105.0,27110.0,27107.5,1.3203e-05,6.6015e-05,0
27115.0,27120.0,27117.5,3.27816e-06,1.63908e-05,0
27120.0,27125.0,27122.5,5.59616e-06,2.79808e-05,0
27125.0,27130.0,27127.5,6.5563e-06,3.27815e-05,0
27130.0,27135.0,27132.5,2.48912e-06,1.24456e-05,0
27135.0,27140.0,27137.5,1.519282e-05,7.59641e-05,0
27145.0,27150.0,27147.5,1.094152e-05,5.47076e-05,0
27160.0,27165.0,27162.5,5.71648e-06,2.85824e-05,0
27165.0,27170.0,27167.5,3.22736e-06,1.61368e-05,0
27170.0,27175.0,27172.5,4.5157e-06,2.25785e-05,0
27175.0,27180.0,27177.5,1.044894e-05,5.22447e-05,0
27185.0,27190.0,27187.5,8.96574e-06,4.48287e-05,0
27190.0,27195.0,27192.5,1.825166e-05,9.12583e-05,0
27195.0,27200.0,27197.5,3.44412e-06,1.72206e-05,0
27200.0,27205.0,27202.5,1.000042e-05,5.00021e-05,0
27205.0,27210.0,27207.5,3.44412e-06,1.72206e-05,0
27210.0,27215.0,27212.5,3.10704e-06,1.55352e-05,0
27215.0,27220.0,27217.5,3.10704e-06,1.55352e-05,0
27220.0,27225.0,27222.5,5.98142e-06,2.99071e-05,0
27225.0,27230.0,27227.5,3.09934e-06,1.54967e-05,0
27230.0,27235.0,27232.5,6.42582e-06,3.21291e-05,0
27235.0,27240.0,27237.5,3.44412e-06,1.72206e-05,0
27240.0,27245.0,27242.5,7.74306e-06,3.87153e-05,0
27245.0,27250.0,27247.5,1.447386e-05,7.23693e-05,0
27250.0,27255.0,27252.5,9.13156e-06,4.56578e-05,0
27255.0,27260.0,27257.5,5.98142e-06,2.99071e-05,0
27265.0,27270.0,27267.5,8.73548e-06,4.36774e-05,0
27270.0,27275.0,27272.5,5.68758e-06,2.84379e-05,0
27275.0,27280.0,27277.5,6.19818e-06,3.09909e-05,0
27290.0,27295.0,27292.5,1.105608e-05,5.52804e-05,0
27295.0,27300.0,27297.5,4.5157e-06,2.25785e-05,0
27300.0,27305.0,27302.5,8.08526e-06,4.04263e-05,0
27305.0,27310.0,27307.5,7.26976e-06,3.63488e-05,0
27310.0,27315.0,27312.5,3.09934e-06,1.54967e-05,0
27320.0,27325.0,27322.5,7.34702e-06,3.67351e-05,0
27325.0,27330.0,27327.5,8.35022e-06,4.17511e-05,0
27330.0,27335.0,27332.5,5.95252e-06,2.97626e-05,0
27340.0,27345.0,27342.5,1.443644e-05,7.21822e-05,0
27345.0,27350.0,27347.5,9.82162e-06,4.91081e-05,0
27350.0,27355.0,27352.5,2.48912e-06,1.24456e-05,0
27360.0,27365.0,27362.5,6.3267e-06,3.16335e-05,0
27365.0,27370.0,27367.5,1.523124e-05,7.61562e-05,0
27370.0,27375.0,27372.5,7.62274e-06,3.81137e-05,0
27375.0,27380.0,27377.5,3.19846e-06,1.59923e-05,0
27380.0,27385.0,27382.5,6.21408e-06,3.10704e-05,0
27385.0,27390.0,27387.5,3.27816e-06,1.63908e-05,0
27390.0,27395.0,27392.5,6.3055e-06,3.15275e-05,0
27395.0,27400.0,27397.5,3.22736e-06,1.61368e-05,0
27405.0,27410.0,27407.5,6.42582e-06,3.21291e-05,0
27410.0,27415.0,27412.5,1.09009e-05,5.45045e-05,0
27415.0,27420.0,27417.5,5.24318e-06,2.62159e-05,0
27420.0,27425.0,27422.5,3.22736e-06,1.61368e-05,0
27425.0,27430.0,27427.5,3.19846e-06,1.59923e-05,0
27430.0,27435.0,27432.5,2.48912e-06,1.24456e-05,0
27435.0,27440.0,27437.5,2.75406e-06,1.37703e-05,0
27440.0,27445.0,27442.5,5.24318e-06,2.62159e-05,0
27445.0,27450.0,27447.5,8.30202e-06,4.15101e-05,0
27450.0,27455.0,27452.5,3.10704e-06,1.55352e-05,0
27455.0,27460.0,27457.5,6.19818e-06,3.09909e-05,0
27460.0,27465.0,27462.5,1.716744e-05,8.58372e-05,0
27470.0,27475.0,27472.5,9.13926e-06,4.56963e-05,0
27475.0,27480.0,27477.5,8.44164e-06,4.22082e-05,0
27480.0,27485.0,27482.5,6.47662e-06,3.23831e-05,0
27485.0,27490.0,27487.5,3.44412e-06,1.72206e-05,0
27490.0,27495.0,27492.5,3.09934e-06,1.54967e-05,0
27495.0,27500.0,27497.5,1.14142e-05,5.7071e-05,0
27500.0,27505.0,27502.5,3.19846e-06,1.59923e-05,0
27505.0,27510.0,27507.5,8.08526e-06,4.04263e-05,0
27510.0,27515.0,27512.5,7.62274e-06,3.81137e-05,0
27515.0,27520.0,27517.5,3.44412e-06,1.72206e-05,0
27520.0,27525.0,27522.5,3.22736e-06,1.61368e-05,0
27530.0,27535.0,27532.5,3.22736e-06,1.61368e-05,0
27545.0,27550.0,27547.5,1.327858e-05,6.63929e-05,0
27550.0,27555.0,27552.5,3.22736e-06,1.61368e-05,0
27555.0,27560.0,27557.5,9.25958e-06,4.62979e-05,0
27560.0,27565.0,27562.5,3.44412e-06,1.72206e-05,0
27565.0,27570.0,27567.5,3.22736e-06,1.61368e-05,0
27570.0,27575.0,27572.5,3.19846e-06,1.59923e-05,0
27575.0,27580.0,27577.5,3.22736e-06,1.61368e-05,0
27580.0,27585.0,27582.5,3.10704e-06,1.55352e-05,0
27585.0,27590.0,27587.5,1.403008e-05,7.01504e-05,0
27590.0,27595.0,27592.5,2.48912e-06,1.24456e-05,0
27595.0,27600.0,27597.5,7.61504e-06,3.80752e-05,0
27600.0,27605.0,27602.5,6.3852e-06,3.1926e-05,0
27605.0,27610.0,27607.5,9.03138e-06,4.51569e-05,0
27610.0,27615.0,27612.5,5.8534e-06,2.9267e-05,0
27620.0,27625.0,27622.5,1.5227e-05,7.6135e-05,0
27625.0,27630.0,27627.5,7.74306e-06,3.87153e-05,0
27630.0,27635.0,27632.5,9.43374e-06,4.71687e-05,0
27635.0,27640.0,27637.5,3.22736e-06,1.61368e-05,0
27640.0,27645.0,27642.5,8.30202e-06,4.15101e-05,0
27645.0,27650.0,27647.5,9.77082e-06,4.88541e-05,0
27650.0,27655.0,27652.5,3.10704e-06,1.55352e-05,0
27655.0,27660.0,27657.5,6.3344e-06,3.1672e-05,0
27660.0,27665.0,27662.5,7.74306e-06,3.87153e-05,0
27665.0,27670.0,27667.5,7.61196e-06,3.80598e-05,0
27670.0,27675.0,27672.5,6.55116e-06,3.27558e-05,0
27675.0,27680.0,27677.5,2.010714e-05,0.0001005357,0
27680.0,27685.0,27682.5,3.22736e-06,1.61368e-05,0
27690.0,27695.0,27692.5,3.10704e-06,1.55352e-05,0
27700.0,27705.0,27702.5,3.22736e-06,1.61368e-05,0
27705.0,27710.0,27707.5,1.826206e-05,9.13103e-05,0
27715.0,27720.0,27717.5,3.44412e-06,1.72206e-05,0
27720.0,27725.0,27722.5,3.10704e-06,1.55352e-05,0
27725.0,27730.0,27727.5,3.19846e-06,1.59923e-05,0
27730.0,27735.0,27732.5,6.72228e-06,3.36114e-05,0
27735.0,27740.0,27737.5,6.19818e-06,3.09909e-05,0
27745.0,27750.0,27747.5,3.27816e-06,1.63908e-05,0
27750.0,27755.0,27752.5,3.27816e-06,1.63908e-05,0
27755.0,27760.0,27757.5,8.35022e-06,4.17511e-05,0
27760.0,27765.0,27762.5,1.08135e-05,5.40675e-05,0
27765.0,27770.0,27767.5,6.5563e-06,3.27815e-05,0
27770.0,27775.0,27772.5,2.48912e-06,1.24456e-05,0
27775.0,27780.0,27777.5,3.27816e-06,1.63908e-05,0
27780.0,27785.0,27782.5,2.75406e-06,1.37703e-05,0
27785.0,27790.0,27787.5,7.95982e-06,3.97991e-05,0
27790.0,27795.0,27792.5,2.75406e-06,1.37703e-05,0
27800.0,27805.0,27802.5,3.44412e-06,1.72206e-05,0
27805.0,27810.0,27807.5,3.27816e-06,1.63908e-05,0
27810.0,27815.0,27812.5,6.03222e-06,3.01611e-05,0
27815.0,27820.0,27817.5,1.698862e-05,8.49431e-05,0
27820.0,27825.0,27822.5,5.95252e-06,2.97626e-05,0
27825.0,27830.0,27827.5,3.44412e-06,1.72206e-05,0
27835.0,27840.0,27837.5,2.75406e-06,1.37703e-05,0
27845.0,27850.0,27847.5,1.230954e-05,6.15477e-05,0
27850.0,27855.0,27852.5,6.72228e-06,3.36114e-05,0
27855.0,27860.0,27857.5,6.55116e-06,3.27558e-05,0
27860.0,27865.0,27862.5,6.3775e-06,3.18875e-05,0
27865.0,27870.0,27867.5,2.48912e-06,1.24456e-05,0
27870.0,27875.0,27872.5,5.8534e-06,2.9267e-05,0
27875.0,27880.0,27877.5,8.30202e-06,4.15101e-05,0
27880.0,27885.0,27882.5,9.31036e-06,4.65518e-05,0
27885.0,27890.0,27887.5,4.5157e-06,2.25785e-05,0
27890.0,27895.0,27892.5,3.09934e-06,1.54967e-05,0
27895.0,27900.0,27897.5,1.480754e-05,7.40377e-05,0
27905.0,27910.0,27907.5,8.82352e-06,4.41176e-05,0
27910.0,27915.0,27912.5,3.27816e-06,1.63908e-05,0
27925.0,27930.0,27927.5,3.27816e-06,1.63908e-05,0
27930.0,27935.0,27932.5,4.5157e-06,2.25785e-05,0
27935.0,27940.0,27937.5,3.09934e-06,1.54967e-05,0
27940.0,27945.0,27942.5,5.68758e-06,2.84379e-05,0
27945.0,27950.0,27947.5,1.333922e-05,6.66961e-05,0
27950.0,27955.0,27952.5,3.44412e-06,1.72206e-05,0
27955.0,27960.0,27957.5,6.72228e-06,3.36114e-05,0
27960.0,27965.0,27962.5,3.19846e-06,1.59923e-05,0
27965.0,27970.0,27967.5,3.10704e-06,1.55352e-05,0
27970.0,27975.0,27972.5,9.65564e-06,4.82782e-05,0
27980.0,27985.0,27982.5,2.75406e-06,1.37703e-05,0
27985.0,27990.0,27987.5,3.44412e-06,1.72206e-05,0
27990.0,27995.0,27992.5,4.8579e-06,2.42895e-05,0
27995.0,28000.0,27997.5,3.09934e-06,1.54967e-05,0
28005.0,28010.0,28007.5,5.95252e-06,2.97626e-05,0
28010.0,28015.0,28012.5,4.8579e-06,2.42895e-05,0
28015.0,28020.0,28017.5,6.3344e-06,3.1672e-05,0
28025.0,28030.0,28027.5,1.12354e-05,5.6177e-05,0
28035.0,28040.0,28037.5,7.62274e-06,3.81137e-05,0
28045.0,28050.0,28047.5,6.54346e-06,3.27173e-05,0
28050.0,28055.0,28052.5,4.5157e-06,2.25785e-05,0
28055.0,28060.0,28057.5,3.19846e-06,1.59923e-05,0
28060.0,28065.0,28062.5,1.03691e-05,5.18455e-05,0
28065.0,28070.0,28067.5,5.76728e-06,2.88364e-05,0
28075.0,28080.0,28077.5,4.5157e-06,2.25785e-05,0
28080.0,28085.0,28082.5,3.19846e-06,1.59923e-05,0
28085.0,28090.0,28087.5,6.3775e-06,3.18875e-05,0
28095.0,28100.0,28097.5,6.72228e-06,3.36114e-05,0
28100.0,28105.0,28102.5,1.023218e-05,5.11609e-05,0
28105.0,28110.0,28107.5,4.5157e-06,2.25785e-05,0
28115.0,28120.0,28117.5,1.094152e-05,5.47076e-05,0
28125.0,28130.0,28127.5,4.8579e-06,2.42895e-05,0
28130.0,28135.0,28132.5,6.21408e-06,3.10704e-05,0
28135.0,28140.0,28137.5,5.59616e-06,2.79808e-05,0
28140.0,28145.0,28142.5,3.44412e-06,1.72206e-05,0
28145.0,28150.0,28147.5,3.10704e-06,1.55352e-05,0
28150.0,28155.0,28152.5,6.55116e-06,3.27558e-05,0
28155.0,28160.0,28157.5,6.72228e-06,3.36114e-05,0
28170.0,28175.0,28172.5,7.74306e-06,3.87153e-05,0
28175.0,28180.0,28177.5,5.98142e-06,2.99071e-05,0
28180.0,28185.0,28182.5,5.95252e-06,2.97626e-05,0
28185.0,28190.0,28187.5,8.82352e-06,4.41176e-05,0
28190.0,28195.0,28192.5,7.79386e-06,3.89693e-05,0
28195.0,28200.0,28197.5,2.75406e-06,1.37703e-05,0
28205.0,28210.0,28207.5,7.95724e-06,3.97862e-05,0
28210.0,28215.0,28212.5,3.27816e-06,1.63908e-05,0
28225.0,28230.0,28227.5,9.13156e-06,4.56578e-05,0
28235.0,28240.0,28237.5,3.27816e-06,1.63908e-05,0
28240.0,28245.0,28242.5,9.03138e-06,4.51569e-05,0
28245.0,28250.0,28247.5,1.624744e-05,8.12372e-05,0
28250.0,28255.0,28252.5,3.19846e-06,1.59923e-05,0
28255.0,28260.0,28257.5,9.1606e-06,4.5803e-05,0
28265.0,28270.0,28267.5,6.03222e-06,3.01611e-05,0
28270.0,28275.0,28272.5,7.71416e-06,3.85708e-05,0
28275.0,28280.0,28277.5,1.16401e-05,5.82005e-05,0
28280.0,28285.0,28282.5,8.81582e-06,4.40791e-05,0
28285.0,28290.0,28287.5,3.27816e-06,1.63908e-05,0
28290.0,28295.0,28292.5,1.178664e-05,5.89332e-05,0
28305.0,28310.0,28307.5,3.19846e-06,1.59923e-05,0
28310.0,28315.0,28312.5,3.27816e-06,1.63908e-05,0
28315.0,28320.0,28317.5,3.19846e-06,1.59923e-05,0
28320.0,28325.0,28322.5,3.44412e-06,1.72206e-05,0
28325.0,28330.0,28327.5,7.95982e-06,3.97991e-05,0
28330.0,28335.0,28332.5,7.61196e-06,3.80598e-05,0
28335.0,28340.0,28337.5,2.75406e-06,1.37703e-05,0
28340.0,28345.0,28342.5,2.75406e-06,1.37703e-05,0
28345.0,28350.0,28347.5,3.19846e-06,1.59923e-05,0
28370.0,28375.0,28372.5,1.11846e-05,5.5923e-05,0
28375.0,28380.0,28377.5,5.68758e-06,2.84379e-05,0
28385.0,28390.0,28387.5,6.67148e-06,3.33574e-05,0
28395.0,28400.0,28397.5,2.75406e-06,1.37703e-05,0
28400.0,28405.0,28402.5,3.09934e-06,1.54967e-05,0
28405.0,28410.0,28407.5,4.8579e-06,2.42895e-05,0
28410.0,28415.0,28412.5,3.22736e-06,1.61368e-05,0
28420.0,28425.0,28422.5,1.046822e-05,5.23411e-05,0
28425.0,28430.0,28427.5,9.50396e-06,4.75198e-05,0
28430.0,28435.0,28432.5,7.00482e-06,3.50241e-05,0
28440.0,28445.0,28442.5,3.27816e-06,1.63908e-05,0
28450.0,28455.0,28452.5,4.5157e-06,2.25785e-05,0
28455.0,28460.0,28457.5,8.35022e-06,4.17511e-05,0
28460.0,28465.0,28462.5,1.0719e-05,5.3595e-05,0
28465.0,28470.0,28467.5,5.71648e-06,2.85824e-05,0
28470.0,28475.0,28472.5,3.27816e-06,1.63908e-05,0
28485.0,28490.0,28487.5,2.48912e-06,1.24456e-05,0
28490.0,28495.0,28492.5,3.22736e-06,1.61368e-05,0
28495.0,28500.0,28497.5,3.44412e-06,1.72206e-05,0
28500.0,28505.0,28502.5,6.2978e-06,3.1489e-05,0
28505.0,28510.0,28507.5,2.75406e-06,1.37703e-05,0
28510.0,28515.0,28512.5,3.10704e-06,1.55352e-05,0
28530.0,28535.0,28532.5,1.601618e-05,8.00809e-05,0
28535.0,28540.0,28537.5,5.8611e-06,2.93055e-05,0
28540.0,28545.0,28542.5,7.71416e-06,3.85708e-05,0
28545.0,28550.0,28547.5,1.11846e-05,5.5923e-05,0
28550.0,28555.0,28552.5,6.50552e-06,3.25276e-05,0
28560.0,28565.0,28562.5,9.3736e-06,4.6868e-05,0
28575.0,28580.0,28577.5,3.44412e-06,1.72206e-05,0
28580.0,28585.0,28582.5,3.19846e-06,1.59923e-05,0
28585.0,28590.0,28587.5,2.75406e-06,1.37703e-05,0
28595.0,28600.0,28597.5,6.5563e-06,3.27815e-05,0
28600.0,28605.0,28602.5,6.45474e-06,3.22737e-05,0
28605.0,28610.0,28607.5,3.22736e-06,1.61368e-05,0
28610.0,28615.0,28612.5,3.09934e-06,1.54967e-05,0
28615.0,28620.0,28617.5,3.10704e-06,1.55352e-05,0
28620.0,28625.0,28622.5,3.19846e-06,1.59923e-05,0
28625.0,28630.0,28627.5,5.8534e-06,2.9267e-05,0
28630.0,28635.0,28632.5,3.44412e-06,1.72206e-05,0
28640.0,28645.0,28642.5,2.48912e-06,1.24456e-05,0
28645.0,28650.0,28647.5,7.26976e-06,3.63488e-05,0
28650.0,28655.0,28652.5,7.99724e-06,3.99862e-05,0
28655.0,28660.0,28657.5,9.30522e-06,4.65261e-05,0
28670.0,28675.0,28672.5,2.48912e-06,1.24456e-05,0
28675.0,28680.0,28677.5,5.98142e-06,2.99071e-05,0
28685.0,28690.0,28687.5,3.09934e-06,1.54967e-05,0
28690.0,28695.0,28692.5,6.47662e-06,3.23831e-05,0
28700.0,28705.0,28702.5,3.09934e-06,1.54967e-05,0
28705.0,28710.0,28707.5,3.22736e-06,1.61368e-05,0
28710.0,28715.0,28712.5,3.19846e-06,1.59923e-05,0
28720.0,28725.0,28722.5,3.44412e-06,1.72206e-05,0
28725.0,28730.0,28727.5,1.281772e-05,6.40886e-05,0
28730.0,28735.0,28732.5,1.236662e-05,6.18331e-05,0
28735.0,28740.0,28737.5,3.22736e-06,1.61368e-05,0
28740.0,28745.0,28742.5,1.010108e-05,5.05054e-05,0
28745.0,28750.0,28747.5,7.00482e-06,3.50241e-05,0
28750.0,28755.0,28752.5,1.746378e-05,8.73189e-05,0
28755.0,28760.0,28757.5,1.31481e-05,6.57405e-05,0
28760.0,28765.0,28762.5,3.19846e-06,1.59923e-05,0
28765.0,28770.0,28767.5,3.19846e-06,1.59923e-05,0
28770.0,28775.0,28772.5,8.30202e-06,4.15101e-05,0
28775.0,28780.0,28777.5,3.27816e-06,1.63908e-05,0
28780.0,28785.0,28782.5,8.82352e-06,4.41176e-05,0
28785.0,28790.0,28787.5,9.6532e-06,4.8266e-05,0
28790.0,28795.0,28792.5,3.19846e-06,1.59923e-05,0
28795.0,28800.0,28797.5,3.27816e-06,1.63908e-05,0
28800.0,28805.0,28802.5,3.19846e-06,1.59923e-05,0
28805.0,28810.0,28807.5,3.09934e-06,1.54967e-05,0
28815.0,28820.0,28817.5,3.22736e-06,1.61368e-05,0
28825.0,28830.0,28827.5,6.3775e-06,3.18875e-05,0
28835.0,28840.0,28837.5,1.302778e-05,6.51389e-05,0
28840.0,28845.0,28842.5,6.3267e-06,3.16335e-05,0
28845.0,28850.0,28847.5,3.27816e-06,1.63908e-05,0
28850.0,28855.0,28852.5,4.5157e-06,2.25785e-05,0
28855.0,28860.0,28857.5,3.19846e-06,1.59923e-05,0
28860.0,28865.0,28862.5,6.20638e-06,3.10319e-05,0
28865.0,28870.0,28867.5,3.10704e-06,1.55352e-05,0
28875.0,28880.0,28877.5,6.55116e-06,3.27558e-05,0
28885.0,28890.0,28887.5,6.72228e-06,3.36114e-05,0
28890.0,28895.0,28892.5,4.8579e-06,2.42895e-05,0
28895.0,28900.0,28897.5,2.75406e-06,1.37703e-05,0
28900.0,28905.0,28902.5,6.88824e-06,3.44412e-05,0
28905.0,28910.0,28907.5,3.19846e-06,1.59923e-05,0
28915.0,28920.0,28917.5,1.24844e-05,6.2422e-05,0
28920.0,28925.0,28922.5,5.98142e-06,2.99071e-05,0
28925.0,28930.0,28927.5,4.5157e-06,2.25785e-05,0
28930.0,28935.0,28932.5,4.5157e-06,2.25785e-05,0
28940.0,28945.0,28942.5,3.27816e-06,1.63908e-05,0
28945.0,28950.0,28947.5,8.78628e-06,4.39314e-05,0
28955.0,28960.0,28957.5,9.13926e-06,4.56963e-05,0
28960.0,28965.0,28962.5,4.5157e-06,2.25785e-05,0
28965.0,28970.0,28967.5,1.186272e-05,5.93136e-05,0
28970.0,28975.0,28972.5,8.05636e-06,4.02818e-05,0
28980.0,28985.0,28982.5,1.106686e-05,5.53343e-05,0
28985.0,28990.0,28987.5,3.27816e-06,1.63908e-05,0
28990.0,28995.0,28992.5,5.8611e-06,2.93055e-05,0
29000.0,29005.0,29002.5,6.72228e-06,3.36114e-05,0
29005.0,29010.0,29007.5,9.25958e-06,4.62979e-05,0
29010.0,29015.0,29012.5,3.27816e-06,1.63908e-05,0
29015.0,29020.0,29017.5,3.27816e-06,1.63908e-05,0
29020.0,29025.0,29022.5,4.8579e-06,2.42895e-05,0
29025.0,29030.0,29027.5,6.3267e-06,3.16335e-05,0
29030.0,29035.0,29032.5,1.054792e-05,5.27396e-05,0
29035.0,29040.0,29037.5,2.75406e-06,1.37703e-05,0
29040.0,29045.0,29042.5,1.057438e-05,5.28719e-05,0
29045.0,29050.0,29047.5,3.22736e-06,1.61368e-05,0
29050.0,29055.0,29052.5,4.8579e-06,2.42895e-05,0
29060.0,29065.0,29062.5,2.75406e-06,1.37703e-05,0
29065.0,29070.0,29067.5,1.11846e-05,5.5923e-05,0
29070.0,29075.0,29072.5,2.48912e-06,1.24456e-05,0
29075.0,29080.0,29077.5,1.389306e-05,6.94653e-05,0
29080.0,29085.0,29082.5,8.13606e-06,4.06803e-05,0
29085.0,29090.0,29087.5,6.50552e-06,3.25276e-05,0
29090.0,29095.0,29092.5,1.1072e-05,5.536e-05,0
29100.0,29105.0,29102.5,3.44412e-06,1.72206e-05,0
29105.0,29110.0,29107.5,1.045406e-05,5.22703e-05,0
29115.0,29120.0,29117.5,3.27816e-06,1.63908e-05,0
29120.0,29125.0,29122.5,3.22736e-06,1.61368e-05,0
29125.0,29130.0,29127.5,2.48912e-06,1.24456e-05,0
29135.0,29140.0,29137.5,1.89754e-05,9.4877e-05,0
29140.0,29145.0,29142.5,6.45474e-06,3.22737e-05,0
29145.0,29150.0,29147.5,3.44412e-06,1.72206e-05,0
29150.0,29155.0,29152.5,3.44412e-06,1.72206e-05,0
29160.0,29165.0,29162.5,3.09934e-06,1.54967e-05,0
29165.0,29170.0,29167.5,3.10704e-06,1.55352e-05,0
29170.0,29175.0,29172.5,1.17198e-05,5.8599e-05,0
29175.0,29180.0,29177.5,6.50552e-06,3.25276e-05,0
29185.0,29190.0,29187.5,9.75476e-06,4.87738e-05,0
29190.0,29195.0,29192.5,9.29752e-06,4.64876e-05,0
29195.0,29200.0,29197.5,1.102122e-05,5.51061e-05,0
29200.0,29205.0,29202.5,3.22736e-06,1.61368e-05,0
29205.0,29210.0,29207.5,8.78692e-06,4.39346e-05,0
29210.0,29215.0,29212.5,7.79386e-06,3.89693e-05,0
29215.0,29220.0,29217.5,9.29752e-06,4.64876e-05,0
29220.0,29225.0,29222.5,5.71648e-06,2.85824e-05,0
29230.0,29235.0,29232.5,1.485832e-05,7.42916e-05,0
29235.0,29240.0,29237.5,1.123798e-05,5.61899e-05,0
29240.0,29245.0,29242.5,4.8579e-06,2.42895e-05,0
29245.0,29250.0,29247.5,8.96814e-06,4.48407e-05,0
29250.0,29255.0,29252.5,1.398946e-05,6.99473e-05,0
29260.0,29265.0,29262.5,7.71416e-06,3.85708e-05,0
29270.0,29275.0,29272.5,9.6505e-06,4.82525e-05,0
29275.0,29280.0,29277.5,2.75406e-06,1.37703e-05,0
29285.0,29290.0,29287.5,4.5157e-06,2.25785e-05,0
29290.0,29295.0,29292.5,3.27816e-06,1.63908e-05,0
29295.0,29300.0,29297.5,6.50552e-06,3.25276e-05,0
29300.0,29305.0,29302.5,1.11634e-05,5.5817e-05,0
29310.0,29315.0,29312.5,6.64258e-06,3.32129e-05,0
29315.0,29320.0,29317.5,6.47662e-06,3.23831e-05,0
29320.0,29325.0,29322.5,9.94964e-06,4.97482e-05,0
29325.0,29330.0,29327.5,6.64258e-06,3.32129e-05,0
29330.0,29335.0,29332.5,6.03222e-06,3.01611e-05,0
29335.0,29340.0,29337.5,3.22736e-06,1.61368e-05,0
29340.0,29345.0,29342.5,9.99528e-06,4.99764e-05,0
29345.0,29350.0,29347.5,3.09934e-06,1.54967e-05,0
29350.0,29355.0,29352.5,6.20638e-06,3.10319e-05,0
29355.0,29360.0,29357.5,6.55116e-06,3.27558e-05,0
29360.0,29365.0,29362.5,3.44412e-06,1.72206e-05,0
29365.0,29370.0,29367.5,8.81582e-06,4.40791e-05,0
29370.0,29375.0,29372.5,3.22736e-06,1.61368e-05,0
29375.0,29380.0,29377.5,3.22736e-06,1.61368e-05,0
29380.0,29385.0,29382.5,9.44144e-06,4.72072e-05,0
29390.0,29395.0,29392.5,6.3344e-06,3.1672e-05,0
29395.0,29400.0,29397.5,8.96044e-06,4.48022e-05,0
29400.0,29405.0,29402.5,1.304898e-05,6.52449e-05,0
29405.0,29410.0,29407.5,1.309976e-05,6.54988e-05,0
29410.0,29415.0,29412.5,2.48912e-06,1.24456e-05,0
29415.0,29420.0,29417.5,6.3775e-06,3.18875e-05,0
29420.0,29425.0,29422.5,3.09934e-06,1.54967e-05,0
29425.0,29430.0,29427.5,5.50812e-06,2.75406e-05,0
29430.0,29435.0,29432.5,3.44412e-06,1.72206e-05,0
29435.0,29440.0,29437.5,3.19846e-06,1.59923e-05,0
29440.0,29445.0,29442.5,6.2978e-06,3.1489e-05,0
29445.0,29450.0,29447.5,3.10704e-06,1.55352e-05,0
29455.0,29460.0,29457.5,6.03222e-06,3.01611e-05,0
29460.0,29465.0,29462.5,8.13606e-06,4.06803e-05,0
29465.0,29470.0,29467.5,4.5157e-06,2.25785e-05,0
29475.0,29480.0,29477.5,8.52134e-06,4.26067e-05,0
29485.0,29490.0,29487.5,4.5157e-06,2.25785e-05,0
29490.0,29495.0,29492.5,3.27816e-06,1.63908e-05,0
29495.0,29500.0,29497.5,2.48912e-06,1.24456e-05,0
29500.0,29505.0,29502.5,8.08526e-06,4.04263e-05,0
29505.0,29510.0,29507.5,6.3344e-06,3.1672e-05,0
29510.0,29515.0,29512.5,7.26976e-06,3.63488e-05,0
29515.0,29520.0,29517.5,6.3055e-06,3.15275e-05,0
29520.0,29525.0,29522.5,3.22736e-06,1.61368e-05,0
29525.0,29530.0,29527.5,6.72228e-06,3.36114e-05,0
29530.0,29535.0,29532.5,9.3736e-06,4.6868e-05,0
29535.0,29540.0,29537.5,6.03222e-06,3.01611e-05,0
29545.0,29550.0,29547.5,3.44412e-06,1.72206e-05,0
29550.0,29555.0,29552.5,4.5157e-06,2.25785e-05,0
29555.0,29560.0,29557.5,1.224388e-05,6.12194e-05,0
29565.0,29570.0,29567.5,8.30202e-06,4.15101e-05,0
29570.0,29575.0,29572.5,7.79386e-06,3.89693e-05,0
29575.0,29580.0,29577.5,4.5157e-06,2.25785e-05,0
29580.0,29585.0,29582.5,9.25958e-06,4.62979e-05,0
29585.0,29590.0,29587.5,3.44412e-06,1.72206e-05,0
29590.0,29595.0,29592.5,9.58366e-06,4.79183e-05,0
29600.0,29605.0,29602.5,6.55116e-06,3.27558e-05,0
29610.0,29615.0,29612.5,4.5157e-06,2.25785e-05,0
29615.0,29620.0,29617.5,1.404856e-05,7.02428e-05,0
29620.0,29625.0,29622.5,3.22736e-06,1.61368e-05,0
29635.0,29640.0,29637.5,2.75406e-06,1.37703e-05,0
29640.0,29645.0,29642.5,1.028298e-05,5.14149e-05,0
29645.0,29650.0,29647.5,7.74306e-06,3.87153e-05,0
29650.0,29655.0,29652.5,5.98142e-06,2.99071e-05,0
29655.0,29660.0,29657.5,9.08076e-06,4.54038e-05,0
29660.0,29665.0,29662.5,3.09934e-06,1.54967e-05,0
29670.0,29675.0,29672.5,2.48912e-06,1.24456e-05,0
29675.0,29680.0,29677.5,5.8534e-06,2.9267e-05,0
29685.0,29690.0,29687.5,5.8534e-06,2.9267e-05,0
29690.0,29695.0,29692.5,6.39692e-06,3.19846e-05,0
29695.0,29700.0,29697.5,4.8579e-06,2.42895e-05,0
29700.0,29705.0,29702.5,3.22736e-06,1.61368e-05,0
29705.0,29710.0,29707.5,7.62274e-06,3.81137e-05,0
29710.0,29715.0,29712.5,3.44412e-06,1.72206e-05,0
29715.0,29720.0,29717.5,3.27816e-06,1.63908e-05,0
29725.0,29730.0,29727.5,6.03222e-06,3.01611e-05,0
29730.0,29735.0,29732.5,4.8579e-06,2.42895e-05,0
29735.0,29740.0,29737.5,6.64258e-06,3.32129e-05,0
29740.0,29745.0,29742.5,9.29752e-06,4.64876e-05,0
29745.0,29750.0,29747.5,9.65564e-06,4.82782e-05,0
29750.0,29755.0,29752.5,3.27816e-06,1.63908e-05,0
29755.0,29760.0,29757.5,9.67508e-06,4.83754e-05,0
29775.0,29780.0,29777.5,3.10704e-06,1.55352e-05,0
29780.0,29785.0,29782.5,9.04542e-06,4.52271e-05,0
29785.0,29790.0,29787.5,8.82352e-06,4.41176e-05,0
29790.0,29795.0,29792.5,9.82932e-06,4.91466e-05,0
29795.0,29800.0,29797.5,7.61504e-06,3.80752e-05,0
29800.0,29805.0,29802.5,3.27816e-06,1.63908e-05,0
29805.0,29810.0,29807.5,5.24318e-06,2.62159e-05,0
29815.0,29820.0,29817.5,3.27816e-06,1.63908e-05,0
29820.0,29825.0,29822.5,6.19818e-06,3.09909e-05,0
29830.0,29835.0,29832.5,3.10704e-06,1.55352e-05,0
29840.0,29845.0,29842.5,6.50552e-06,3.25276e-05,0
29845.0,29850.0,29847.5,3.27816e-06,1.63908e-05,0
29865.0,29870.0,29867.5,2.48912e-06,1.24456e-05,0
29870.0,29875.0,29872.5,3.09934e-06,1.54967e-05,0
29875.0,29880.0,29877.5,3.27816e-06,1.63908e-05,0
29880.0,29885.0,29882.5,4.8579e-06,2.42895e-05,0
29885.0,29890.0,29887.5,6.03222e-06,3.01611e-05,0
29890.0,29895.0,29892.5,7.96494e-06,3.98247e-05,0
29895.0,29900.0,29897.5,3.22736e-06,1.61368e-05,0
29900.0,29905.0,29902.5,8.87432e-06,4.43716e-05,0
29905.0,29910.0,29907.5,3.44412e-06,1.72206e-05,0
29910.0,29915.0,29912.5,3.22736e-06,1.61368e-05,0
29915.0,29920.0,29917.5,2.75406e-06,1.37703e-05,0
29920.0,29925.0,29922.5,3.10704e-06,1.55352e-05,0
29925.0,29930.0,29927.5,8.42234e-06,4.21117e-05,0
29930.0,29935.0,29932.5,3.19846e-06,1.59923e-05,0
29935.0,29940.0,29937.5,8.68778e-06,4.34389e-05,0
29940.0,29945.0,29942.5,3.10704e-06,1.55352e-05,0
29945.0,29950.0,29947.5,3.10704e-06,1.55352e-05,0
29960.0,29965.0,29962.5,5.95252e-06,2.97626e-05,0
29975.0,29980.0,29977.5,5.76728e-06,2.88364e-05,0
29985.0,29990.0,29987.5,3.22736e-06,1.61368e-05,0
29995.0,30000.0,29997.5,5.76728e-06,2.88364e-05,0
30005.0,30010.0,30007.5,3.22736e-06,1.61368e-05,0
30010.0,30015.0,30012.5,2.48912e-06,1.24456e-05,0
30015.0,30020.0,30017.5,1.12431e-05,5.62155e-05,0
30020.0,30025.0,30022.5,6.3775e-06,3.18875e-05,0
30025.0,30030.0,30027.5,4.8579e-06,2.42895e-05,0
30030.0,30035.0,30032.5,1.028298e-05,5.14149e-05,0
30035.0,30040.0,30037.5,3.19846e-06,1.59923e-05,0
30045.0,30050.0,30047.5,6.72228e-06,3.36114e-05,0
30055.0,30060.0,30057.5,2.48912e-06,1.24456e-05,0
30060.0,30065.0,30062.5,3.22736e-06,1.61368e-05,0
30065.0,30070.0,30067.5,9.42602e-06,4.71301e-05,0
30080.0,30085.0,30082.5,7.61504e-06,3.80752e-05,0
30085.0,30090.0,30087.5,6.42582e-06,3.21291e-05,0
30100.0,30105.0,30102.5,2.75406e-06,1.37703e-05,0
30115.0,30120.0,30117.5,2.48912e-06,1.24456e-05,0
30120.0,30125.0,30122.5,3.44412e-06,1.72206e-05,0
30125.0,30130.0,30127.5,1.650044e-05,8.25022e-05,0
30135.0,30140.0,30137.5,3.22736e-06,1.61368e-05,0
30140.0,30145.0,30142.5,1.745888e-05,8.72944e-05,0
30150.0,30155.0,30152.5,6.72228e-06,3.36114e-05,0
30155.0,30160.0,30157.5,3.22736e-06,1.61368e-05,0
30160.0,30165.0,30162.5,3.22736e-06,1.61368e-05,0
30165.0,30170.0,30167.5,5.50812e-06,2.75406e-05,0
30170.0,30175.0,30172.5,3.27816e-06,1.63908e-05,0
30185.0,30190.0,30187.5,1.081042e-05,5.40521e-05,0
30190.0,30195.0,30192.5,7.79386e-06,3.89693e-05,0
30200.0,30205.0,30202.5,1.1072e-05,5.536e-05,0
30205.0,30210.0,30207.5,3.22736e-06,1.61368e-05,0
30215.0,30220.0,30217.5,6.50552e-06,3.25276e-05,0
30220.0,30225.0,30222.5,5.68758e-06,2.84379e-05,0
30225.0,30230.0,30227.5,3.44412e-06,1.72206e-05,0
30230.0,30235.0,30232.5,3.10704e-06,1.55352e-05,0
30240.0,30245.0,30242.5,1.303292e-05,6.51646e-05,0
30245.0,30250.0,30247.5,2.48912e-06,1.24456e-05,0
30265.0,30270.0,30267.5,3.19846e-06,1.59923e-05,0
30275.0,30280.0,30277.5,8.08526e-06,4.04263e-05,0
30290.0,30295.0,30292.5,4.8579e-06,2.42895e-05,0
30295.0,30300.0,30297.5,3.10704e-06,1.55352e-05,0
30300.0,30305.0,30302.5,1.331032e-05,6.65516e-05,0
30305.0,30310.0,30307.5,1.540582e-05,7.70291e-05,0
30310.0,30315.0,30312.5,6.42582e-06,3.21291e-05,0
30315.0,30320.0,30317.5,9.41254e-06,4.70627e-05,0
30320.0,30325.0,30322.5,6.5563e-06,3.27815e-05,0
30325.0,30330.0,30327.5,9.3736e-06,4.6868e-05,0
30330.0,30335.0,30332.5,2.75406e-06,1.37703e-05,0
30340.0,30345.0,30342.5,6.64258e-06,3.32129e-05,0
30345.0,30350.0,30347.5,8.91494e-06,4.45747e-05,0
30350.0,30355.0,30352.5,3.10704e-06,1.55352e-05,0
30355.0,30360.0,30357.5,2.75406e-06,1.37703e-05,0
30360.0,30365.0,30362.5,2.48912e-06,1.24456e-05,0
30365.0,30370.0,30367.5,4.5157e-06,2.25785e-05,0
30370.0,30375.0,30372.5,3.19846e-06,1.59923e-05,0
30375.0,30380.0,30377.5,4.5157e-06,2.25785e-05,0
30390.0,30395.0,30392.5,1.265176e-05,6.32588e-05,0
30400.0,30405.0,30402.5,5.8534e-06,2.9267e-05,0
30405.0,30410.0,30407.5,3.22736e-06,1.61368e-05,0
30410.0,30415.0,30412.5,6.2978e-06,3.1489e-05,0
30415.0,30420.0,30417.5,5.24318e-06,2.62159e-05,0
30425.0,30430.0,30427.5,4.5157e-06,2.25785e-05,0
30430.0,30435.0,30432.5,4.97822e-06,2.48911e-05,0
30435.0,30440.0,30437.5,7.79386e-06,3.89693e-05,0
30440.0,30445.0,30442.5,2.75406e-06,1.37703e-05,0
30445.0,30450.0,30447.5,4.5157e-06,2.25785e-05,0
30455.0,30460.0,30457.5,2.48912e-06,1.24456e-05,0
30460.0,30465.0,30462.5,3.22736e-06,1.61368e-05,0
30465.0,30470.0,30467.5,3.09934e-06,1.54967e-05,0
30470.0,30475.0,30472.5,4.5157e-06,2.25785e-05,0
30480.0,30485.0,30482.5,3.44412e-06,1.72206e-05,0
30485.0,30490.0,30487.5,9.05956e-06,4.52978e-05,0
30495.0,30500.0,30497.5,3.44412e-06,1.72206e-05,0
30500.0,30505.0,30502.5,9.2114e-06,4.6057e-05,0
30515.0,30520.0,30517.5,4.5157e-06,2.25785e-05,0
30530.0,30535.0,30532.5,6.50552e-06,3.25276e-05,0
30535.0,30540.0,30537.5,9.3736e-06,4.6868e-05,0
30540.0,30545.0,30542.5,4.8579e-06,2.42895e-05,0
30550.0,30555.0,30552.5,3.27816e-06,1.63908e-05,0
30555.0,30560.0,30557.5,2.75406e-06,1.37703e-05,0
30565.0,30570.0,30567.5,3.10704e-06,1.55352e-05,0
30570.0,30575.0,30572.5,5.68758e-06,2.84379e-05,0
30575.0,30580.0,30577.5,3.09934e-06,1.54967e-05,0
30580.0,30585.0,30582.5,6.19818e-06,3.09909e-05,0
30595.0,30600.0,30597.5,9.89886e-06,4.94943e-05,0
30600.0,30605.0,30602.5,5.71648e-06,2.85824e-05,0
30605.0,30610.0,30607.5,3.10704e-06,1.55352e-05,0
30620.0,30625.0,30622.5,3.09934e-06,1.54967e-05,0
30625.0,30630.0,30627.5,1.071388e-05,5.35694e-05,0
30630.0,30635.0,30632.5,3.27816e-06,1.63908e-05,0
30635.0,30640.0,30637.5,1.136342e-05,5.68171e-05,0
30640.0,30645.0,30642.5,2.48912e-06,1.24456e-05,0
30645.0,30650.0,30647.5,2.48912e-06,1.24456e-05,0
30650.0,30655.0,30652.5,9.49626e-06,4.74813e-05,0
30655.0,30660.0,30657.5,3.27816e-06,1.63908e-05,0
30660.0,30665.0,30662.5,2.48912e-06,1.24456e-05,0
30665.0,30670.0,30667.5,3.19846e-06,1.59923e-05,0
30670.0,30675.0,30672.5,7.74306e-06,3.87153e-05,0
30680.0,30685.0,30682.5,9.7329e-06,4.86645e-05,0
30690.0,30695.0,30692.5,6.3344e-06,3.1672e-05,0
30695.0,30700.0,30697.5,6.67148e-06,3.33574e-05,0
30705.0,30710.0,30707.5,7.74306e-06,3.87153e-05,0
30715.0,30720.0,30717.5,1.60357e-05,8.01785e-05,0
30720.0,30725.0,30722.5,5.93324e-06,2.96662e-05,0
30725.0,30730.0,30727.5,3.22736e-06,1.61368e-05,0
30730.0,30735.0,30732.5,7.62274e-06,3.81137e-05,0
30735.0,30740.0,30737.5,3.27816e-06,1.63908e-05,0
30740.0,30745.0,30742.5,3.44412e-06,1.72206e-05,0
30745.0,30750.0,30747.5,3.27816e-06,1.63908e-05,0
30750.0,30755.0,30752.5,6.39692e-06,3.19846e-05,0
30755.0,30760.0,30757.5,4.5157e-06,2.25785e-05,0
30760.0,30765.0,30762.5,1.299398e-05,6.49699e-05,0
30770.0,30775.0,30772.5,3.09934e-06,1.54967e-05,0
30780.0,30785.0,30782.5,2.48912e-06,1.24456e-05,0
30785.0,30790.0,30787.5,2.48912e-06,1.24456e-05,0
30790.0,30795.0,30792.5,7.71416e-06,3.85708e-05,0
30810.0,30815.0,30812.5,3.22736e-06,1.61368e-05,0
30815.0,30820.0,30817.5,3.27816e-06,1.63908e-05,0
30820.0,30825.0,30822.5,5.76728e-06,2.88364e-05,0
30825.0,30830.0,30827.5,3.09934e-06,1.54967e-05,0
30835.0,30840.0,30837.5,6.50552e-06,3.25276e-05,0
30840.0,30845.0,30842.5,9.23068e-06,4.61534e-05,0
30865.0,30870.0,30867.5,6.50552e-06,3.25276e-05,0
30870.0,30875.0,30872.5,6.47662e-06,3.23831e-05,0
30875.0,30880.0,30877.5,9.3736e-06,4.6868e-05,0
30885.0,30890.0,30887.5,6.67148e-06,3.33574e-05,0
30890.0,30895.0,30892.5,2.75406e-06,1.37703e-05,0
30895.0,30900.0,30897.5,5.68758e-06,2.84379e-05,0
30900.0,30905.0,30902.5,3.19846e-06,1.59923e-05,0
30905.0,30910.0,30907.5,7.95982e-06,3.97991e-05,0
30915.0,30920.0,30917.5,3.19846e-06,1.59923e-05,0
30920.0,30925.0,30922.5,4.8579e-06,2.42895e-05,0
30930.0,30935.0,30932.5,5.68758e-06,2.84379e-05,0
30935.0,30940.0,30937.5,6.64258e-06,3.32129e-05,0
30940.0,30945.0,30942.5,1.105608e-05,5.52804e-05,0
30945.0,30950.0,30947.5,6.67148e-06,3.33574e-05,0
30955.0,30960.0,30957.5,3.09934e-06,1.54967e-05,0
30960.0,30965.0,30962.5,3.27816e-06,1.63908e-05,0
30965.0,30970.0,30967.5,3.19846e-06,1.59923e-05,0
30970.0,30975.0,30972.5,9.86994e-06,4.93497e-05,0
30975.0,30980.0,30977.5,4.8579e-06,2.42895e-05,0
30980.0,30985.0,30982.5,5.76728e-06,2.88364e-05,0
30985.0,30990.0,30987.5,3.22736e-06,1.61368e-05,0
30990.0,30995.0,30992.5,7.95982e-06,3.97991e-05,0
31000.0,31005.0,31002.5,4.8579e-06,2.42895e-05,0
31005.0,31010.0,31007.5,7.26976e-06,3.63488e-05,0
31010.0,31015.0,31012.5,5.24318e-06,2.62159e-05,0
31015.0,31020.0,31017.5,1.002382e-05,5.01191e-05,0
31020.0,31025.0,31022.5,6.3055e-06,3.15275e-05,0
31025.0,31030.0,31027.5,3.19846e-06,1.59923e-05,0
31030.0,31035.0,31032.5,3.44412e-06,1.72206e-05,0
31035.0,31040.0,31037.5,3.27816e-06,1.63908e-05,0
31040.0,31045.0,31042.5,2.75406e-06,1.37703e-05,0
31045.0,31050.0,31047.5,1.346536e-05,6.73268e-05,0
31050.0,31055.0,31052.5,4.8579e-06,2.42895e-05,0
31055.0,31060.0,31057.5,1.145726e-05,5.72863e-05,0
31060.0,31065.0,31062.5,3.27816e-06,1.63908e-05,0
31070.0,31075.0,31072.5,3.19846e-06,1.59923e-05,0
31080.0,31085.0,31082.5,3.44412e-06,1.72206e-05,0
31090.0,31095.0,31092.5,1.08932e-05,5.4466e-05,0
31095.0,31100.0,31097.5,7.26976e-06,3.63488e-05,0
31100.0,31105.0,31102.5,1.08212e-05,5.4106e-05,0
31105.0,31110.0,31107.5,3.44412e-06,1.72206e-05,0
31110.0,31115.0,31112.5,3.10704e-06,1.55352e-05,0
31125.0,31130.0,31127.5,2.48912e-06,1.24456e-05,0
31130.0,31135.0,31132.5,6.03222e-06,3.01611e-05,0
31140.0,31145.0,31142.5,2.48912e-06,1.24456e-05,0
31145.0,31150.0,31147.5,6.2978e-06,3.1489e-05,0
31150.0,31155.0,31152.5,6.20638e-06,3.10319e-05,0
31160.0,31165.0,31162.5,4.5157e-06,2.25785e-05,0
31165.0,31170.0,31167.5,2.75406e-06,1.37703e-05,0
31170.0,31175.0,31172.5,5.58846e-06,2.79423e-05,0
31175.0,31180.0,31177.5,6.3267e-06,3.16335e-05,0
31180.0,31185.0,31182.5,3.10704e-06,1.55352e-05,0
31200.0,31205.0,31202.5,4.5157e-06,2.25785e-05,0
31205.0,31210.0,31207.5,3.44412e-06,1.72206e-05,0
31210.0,31215.0,31212.5,5.50812e-06,2.75406e-05,0
31215.0,31220.0,31217.5,6.20638e-06,3.10319e-05,0
31230.0,31235.0,31232.5,5.98142e-06,2.99071e-05,0
31235.0,31240.0,31237.5,7.74306e-06,3.87153e-05,0
31245.0,31250.0,31247.5,1.023218e-05,5.11609e-05,0
31260.0,31265.0,31262.5,3.27816e-06,1.63908e-05,0
31265.0,31270.0,31267.5,3.10704e-06,1.55352e-05,0
31270.0,31275.0,31272.5,3.27816e-06,1.63908e-05,0
31290.0,31295.0,31292.5,3.27816e-06,1.63908e-05,0
31305.0,31310.0,31307.5,3.27816e-06,1.63908e-05,0
31310.0,31315.0,31312.5,6.03222e-06,3.01611e-05,0
31320.0,31325.0,31322.5,3.44412e-06,1.72206e-05,0
31325.0,31330.0,31327.5,6.67148e-06,3.33574e-05,0
31330.0,31335.0,31332.5,3.27816e-06,1.63908e-05,0
31335.0,31340.0,31337.5,2.48912e-06,1.24456e-05,0
31355.0,31360.0,31357.5,9.3736e-06,4.6868e-05,0
31360.0,31365.0,31362.5,2.48912e-06,1.24456e-05,0
31370.0,31375.0,31372.5,6.19818e-06,3.09909e-05,0
31375.0,31380.0,31377.5,3.27816e-06,1.63908e-05,0
31380.0,31385.0,31382.5,1.044636e-05,5.22318e-05,0
31400.0,31405.0,31402.5,7.61196e-06,3.80598e-05,0
31415.0,31420.0,31417.5,6.47662e-06,3.23831e-05,0
31420.0,31425.0,31422.5,3.27816e-06,1.63908e-05,0
31425.0,31430.0,31427.5,3.09934e-06,1.54967e-05,0
31430.0,31435.0,31432.5,7.95724e-06,3.97862e-05,0
31435.0,31440.0,31437.5,9.3736e-06,4.6868e-05,0
31445.0,31450.0,31447.5,3.10704e-06,1.55352e-05,0
31460.0,31465.0,31462.5,6.03222e-06,3.01611e-05,0
31475.0,31480.0,31477.5,7.79386e-06,3.89693e-05,0
31485.0,31490.0,31487.5,6.3852e-06,3.1926e-05,0
31495.0,31500.0,31497.5,4.8579e-06,2.42895e-05,0
31500.0,31505.0,31502.5,3.44412e-06,1.72206e-05,0
31505.0,31510.0,31507.5,3.19846e-06,1.59923e-05,0
31510.0,31515.0,31512.5,7.26976e-06,3.63488e-05,0
31515.0,31520.0,31517.5,2.48912e-06,1.24456e-05,0
31520.0,31525.0,31522.5,1.08932e-05,5.4466e-05,0
31525.0,31530.0,31527.5,3.27816e-06,1.63908e-05,0
31530.0,31535.0,31532.5,2.48912e-06,1.24456e-05,0
31535.0,31540.0,31537.5,3.10704e-06,1.55352e-05,0
31545.0,31550.0,31547.5,3.19846e-06,1.59923e-05,0
31560.0,31565.0,31562.5,8.08526e-06,4.04263e-05,0
31565.0,31570.0,31567.5,7.00482e-06,3.50241e-05,0
31570.0,31575.0,31572.5,9.17988e-06,4.58994e-05,0
31575.0,31580.0,31577.5,7.79386e-06,3.89693e-05,0
31580.0,31585.0,31582.5,5.8534e-06,2.9267e-05,0
31595.0,31600.0,31597.5,6.3852e-06,3.1926e-05,0
31600.0,31605.0,31602.5,2.48912e-06,1.24456e-05,0
31605.0,31610.0,31607.5,3.27816e-06,1.63908e-05,0
31615.0,31620.0,31617.5,2.75406e-06,1.37703e-05,0
31625.0,31630.0,31627.5,3.27816e-06,1.63908e-05,0
31640.0,31645.0,31642.5,3.27816e-06,1.63908e-05,0
31650.0,31655.0,31652.5,3.19846e-06,1.59923e-05,0
31660.0,31665.0,31662.5,3.27816e-06,1.63908e-05,0
31665.0,31670.0,31667.5,3.27816e-06,1.63908e-05,0
31690.0,31695.0,31692.5,8.13606e-06,4.06803e-05,0
31695.0,31700.0,31697.5,2.75406e-06,1.37703e-05,0
31705.0,31710.0,31707.5,3.27816e-06,1.63908e-05,0
31715.0,31720.0,31717.5,6.42582e-06,3.21291e-05,0
31730.0,31735.0,31732.5,5.68758e-06,2.84379e-05,0
31735.0,31740.0,31737.5,8.81582e-06,4.40791e-05,0
31740.0,31745.0,31742.5,2.75406e-06,1.37703e-05,0
31745.0,31750.0,31747.5,8.95224e-06,4.47612e-05,0
31750.0,31755.0,31752.5,1.399204e-05,6.99602e-05,0
31755.0,31760.0,31757.5,5.50812e-06,2.75406e-05,0
31760.0,31765.0,31762.5,7.95982e-06,3.97991e-05,0
31770.0,31775.0,31772.5,8.68778e-06,4.34389e-05,0
31775.0,31780.0,31777.5,9.82932e-06,4.91466e-05,0
31785.0,31790.0,31787.5,3.44412e-06,1.72206e-05,0
31790.0,31795.0,31792.5,5.59616e-06,2.79808e-05,0
31795.0,31800.0,31797.5,3.19846e-06,1.59923e-05,0
31810.0,31815.0,31812.5,7.79386e-06,3.89693e-05,0
31815.0,31820.0,31817.5,5.58846e-06,2.79423e-05,0
31820.0,31825.0,31822.5,6.54346e-06,3.27173e-05,0
31825.0,31830.0,31827.5,6.50552e-06,3.25276e-05,0
31840.0,31845.0,31842.5,2.48912e-06,1.24456e-05,0
31845.0,31850.0,31847.5,6.50552e-06,3.25276e-05,0
31850.0,31855.0,31852.5,7.61196e-06,3.80598e-05,0
31855.0,31860.0,31857.5,3.22736e-06,1.61368e-05,0
31860.0,31865.0,31862.5,3.44412e-06,1.72206e-05,0
31865.0,31870.0,31867.5,3.09934e-06,1.54967e-05,0
31870.0,31875.0,31872.5,2.48912e-06,1.24456e-05,0
31875.0,31880.0,31877.5,9.03138e-06,4.51569e-05,0
31885.0,31890.0,31887.5,3.10704e-06,1.55352e-05,0
31890.0,31895.0,31892.5,6.47662e-06,3.23831e-05,0
31900.0,31905.0,31902.5,2.48912e-06,1.24456e-05,0
31905.0,31910.0,31907.5,5.76728e-06,2.88364e-05,0
31910.0,31915.0,31912.5,3.44412e-06,1.72206e-05,0
31920.0,31925.0,31922.5,8.13606e-06,4.06803e-05,0
31925.0,31930.0,31927.5,6.3344e-06,3.1672e-05,0
31930.0,31935.0,31932.5,3.10704e-06,1.55352e-05,0
31935.0,31940.0,31937.5,3.27816e-06,1.63908e-05,0
31940.0,31945.0,31942.5,7.00482e-06,3.50241e-05,0
31945.0,31950.0,31947.5,2.75406e-06,1.37703e-05,0
31950.0,31955.0,31952.5,2.75406e-06,1.37703e-05,0
31955.0,31960.0,31957.5,8.96044e-06,4.48022e-05,0
31960.0,31965.0,31962.5,2.48912e-06,1.24456e-05,0
31970.0,31975.0,31972.5,2.48912e-06,1.24456e-05,0
31980.0,31985.0,31982.5,6.72228e-06,3.36114e-05,0
31990.0,31995.0,31992.5,7.26976e-06,3.63488e-05,0
31995.0,32000.0,31997.5,3.27816e-06,1.63908e-05,0
32005.0,32010.0,32007.5,3.27816e-06,1.63908e-05,0
32010.0,32015.0,32012.5,5.98142e-06,2.99071e-05,0
32015.0,32020.0,32017.5,5.71648e-06,2.85824e-05,0
32020.0,32025.0,32022.5,3.09934e-06,1.54967e-05,0
32030.0,32035.0,32032.5,3.10704e-06,1.55352e-05,0
32035.0,32040.0,32037.5,3.22736e-06,1.61368e-05,0
32040.0,32045.0,32042.5,4.5157e-06,2.25785e-05,0
32045.0,32050.0,32047.5,3.19846e-06,1.59923e-05,0
32050.0,32055.0,32052.5,3.10704e-06,1.55352e-05,0
32070.0,32075.0,32072.5,9.75888e-06,4.87944e-05,0
32075.0,32080.0,32077.5,1.699632e-05,8.49816e-05,0
32080.0,32085.0,32082.5,2.75406e-06,1.37703e-05,0
32085.0,32090.0,32087.5,1.140136e-05,5.70068e-05,0
32090.0,32095.0,32092.5,3.27816e-06,1.63908e-05,0
32095.0,32100.0,32097.5,2.75406e-06,1.37703e-05,0
32100.0,32105.0,32102.5,8.13606e-06,4.06803e-05,0
32115.0,32120.0,32117.5,2.75406e-06,1.37703e-05,0
32120.0,32125.0,32122.5,8.6873e-06,4.34365e-05,0
32130.0,32135.0,32132.5,3.27816e-06,1.63908e-05,0
32135.0,32140.0,32137.5,3.10704e-06,1.55352e-05,0
32140.0,32145.0,32142.5,2.48912e-06,1.24456e-05,0
32170.0,32175.0,32172.5,2.75406e-06,1.37703e-05,0
32175.0,32180.0,32177.5,7.26976e-06,3.63488e-05,0
32185.0,32190.0,32187.5,3.27816e-06,1.63908e-05,0
32200.0,32205.0,32202.5,6.67148e-06,3.33574e-05,0
32205.0,32210.0,32207.5,6.19866e-06,3.09933e-05,0
32215.0,32220.0,32217.5,3.22736e-06,1.61368e-05,0
32220.0,32225.0,32222.5,9.52516e-06,4.76258e-05,0
32235.0,32240.0,32237.5,9.71582e-06,4.85791e-05,0
32245.0,32250.0,32247.5,3.27816e-06,1.63908e-05,0
32250.0,32255.0,32252.5,4.5157e-06,2.25785e-05,0
32260.0,32265.0,32262.5,5.76728e-06,2.88364e-05,0
32265.0,32270.0,32267.5,7.74306e-06,3.87153e-05,0
32270.0,32275.0,32272.5,6.3344e-06,3.1672e-05,0
32275.0,32280.0,32277.5,5.8611e-06,2.93055e-05,0
32280.0,32285.0,32282.5,2.75406e-06,1.37703e-05,0
32285.0,32290.0,32287.5,2.48912e-06,1.24456e-05,0
32290.0,32295.0,32292.5,4.8579e-06,2.42895e-05,0
32295.0,32300.0,32297.5,1.22463e-05,6.12315e-05,0
32310.0,32315.0,32312.5,4.8579e-06,2.42895e-05,0
32330.0,32335.0,32332.5,2.48912e-06,1.24456e-05,0
32345.0,32350.0,32347.5,6.03222e-06,3.01611e-05,0
32350.0,32355.0,32352.5,1.07113e-05,5.35565e-05,0
32365.0,32370.0,32367.5,1.000042e-05,5.00021e-05,0
32375.0,32380.0,32377.5,7.61196e-06,3.80598e-05,0
32380.0,32385.0,32382.5,6.39692e-06,3.19846e-05,0
32390.0,32395.0,32392.5,3.10704e-06,1.55352e-05,0
32395.0,32400.0,32397.5,1.196594e-05,5.98297e-05,0
32400.0,32405.0,32402.5,8.13606e-06,4.06803e-05,0
32405.0,32410.0,32407.5,6.55116e-06,3.27558e-05,0
32415.0,32420.0,32417.5,3.19846e-06,1.59923e-05,0
32420.0,32425.0,32422.5,9.25958e-06,4.62979e-05,0
32425.0,32430.0,32427.5,4.5157e-06,2.25785e-05,0
32435.0,32440.0,32437.5,2.48912e-06,1.24456e-05,0
32440.0,32445.0,32442.5,1.091262e-05,5.45631e-05,0
32465.0,32470.0,32467.5,3.10704e-06,1.55352e-05,0
32470.0,32475.0,32472.5,5.93324e-06,2.96662e-05,0
32475.0,32480.0,32477.5,3.27816e-06,1.63908e-05,0
32485.0,32490.0,32487.5,1.08424e-05,5.4212e-05,0
32490.0,32495.0,32492.5,2.75406e-06,1.37703e-05,0
32495.0,32500.0,32497.5,3.22736e-06,1.61368e-05,0
32500.0,32505.0,32502.5,3.09934e-06,1.54967e-05,0
32505.0,32510.0,32507.5,5.8611e-06,2.93055e-05,0
32515.0,32520.0,32517.5,3.22736e-06,1.61368e-05,0
32525.0,32530.0,32527.5,3.09934e-06,1.54967e-05,0
32530.0,32535.0,32532.5,5.98142e-06,2.99071e-05,0
32545.0,32550.0,32547.5,6.39692e-06,3.19846e-05,0
32550.0,32555.0,32552.5,3.44412e-06,1.72206e-05,0
32555.0,32560.0,32557.5,3.44412e-06,1.72206e-05,0
32575.0,32580.0,32577.5,3.09934e-06,1.54967e-05,0
32585.0,32590.0,32587.5,3.22736e-06,1.61368e-05,0
32590.0,32595.0,32592.5,2.75406e-06,1.37703e-05,0
32595.0,32600.0,32597.5,5.76728e-06,2.88364e-05,0
32600.0,32605.0,32602.5,3.27816e-06,1.63908e-05,0
32605.0,32610.0,32607.5,5.98142e-06,2.99071e-05,0
32615.0,32620.0,32617.5,3.27816e-06,1.63908e-05,0
32625.0,32630.0,32627.5,5.8534e-06,2.9267e-05,0
32630.0,32635.0,32632.5,3.19846e-06,1.59923e-05,0
32635.0,32640.0,32637.5,8.08526e-06,4.04263e-05,0
32640.0,32645.0,32642.5,5.8534e-06,2.9267e-05,0
32655.0,32660.0,32657.5,1.140394e-05,5.70197e-05,0
32660.0,32665.0,32662.5,3.10704e-06,1.55352e-05,0
32665.0,32670.0,32667.5,4.5157e-06,2.25785e-05,0
32670.0,32675.0,32672.5,2.48912e-06,1.24456e-05,0
32675.0,32680.0,32677.5,3.27816e-06,1.63908e-05,0
32680.0,32685.0,32682.5,7.79386e-06,3.89693e-05,0
32685.0,32690.0,32687.5,1.9948e-05,9.974e-05,0
32690.0,32695.0,32692.5,1.224388e-05,6.12194e-05,0
32695.0,32700.0,32697.5,2.75406e-06,1.37703e-05,0
32700.0,32705.0,32702.5,4.5157e-06,2.25785e-05,0
32705.0,32710.0,32707.5,3.22736e-06,1.61368e-05,0
32710.0,32715.0,32712.5,3.27816e-06,1.63908e-05,0
32715.0,32720.0,32717.5,4.8579e-06,2.42895e-05,0
32720.0,32725.0,32722.5,2.48912e-06,1.24456e-05,0
32725.0,32730.0,32727.5,9.29752e-06,4.64876e-05,0
32730.0,32735.0,32732.5,3.44412e-06,1.72206e-05,0
32735.0,32740.0,32737.5,4.5157e-06,2.25785e-05,0
32745.0,32750.0,32747.5,4.8579e-06,2.42895e-05,0
32750.0,32755.0,32752.5,8.88604e-06,4.44302e-05,0
32755.0,32760.0,32757.5,3.10704e-06,1.55352e-05,0
32760.0,32765.0,32762.5,3.27816e-06,1.63908e-05,0
32765.0,32770.0,32767.5,2.48912e-06,1.24456e-05,0
32770.0,32775.0,32772.5,3.09934e-06,1.54967e-05,0
32775.0,32780.0,32777.5,3.27816e-06,1.63908e-05,0
32785.0,32790.0,32787.5,6.42582e-06,3.21291e-05,0
32790.0,32795.0,32792.5,3.19846e-06,1.59923e-05,0
32805.0,32810.0,32807.5,3.19846e-06,1.59923e-05,0
32815.0,32820.0,32817.5,5.8534e-06,2.9267e-05,0
32825.0,32830.0,32827.5,1.179948e-05,5.89974e-05,0
32830.0,32835.0,32832.5,3.27816e-06,1.63908e-05,0
32835.0,32840.0,32837.5,2.48912e-06,1.24456e-05,0
32840.0,32845.0,32842.5,1.27037e-05,6.35185e-05,0
32845.0,32850.0,32847.5,6.5563e-06,3.27815e-05,0
32850.0,32855.0,32852.5,5.68758e-06,2.84379e-05,0
32855.0,32860.0,32857.5,3.44412e-06,1.72206e-05,0
32865.0,32870.0,32867.5,7.61504e-06,3.80752e-05,0
32870.0,32875.0,32872.5,3.10704e-06,1.55352e-05,0
32880.0,32885.0,32882.5,9.2114e-06,4.6057e-05,0
32890.0,32895.0,32892.5,7.96494e-06,3.98247e-05,0
32895.0,32900.0,32897.5,3.44412e-06,1.72206e-05,0
32900.0,32905.0,32902.5,9.13156e-06,4.56578e-05,0
32910.0,32915.0,32912.5,3.22736e-06,1.61368e-05,0
32915.0,32920.0,32917.5,3.44412e-06,1.72206e-05,0
32920.0,32925.0,32922.5,2.48912e-06,1.24456e-05,0
32925.0,32930.0,32927.5,3.10704e-06,1.55352e-05,0
32930.0,32935.0,32932.5,3.44412e-06,1.72206e-05,0
32935.0,32940.0,32937.5,7.96494e-06,3.98247e-05,0
32940.0,32945.0,32942.5,1.984592e-05,9.92296e-05,0
32950.0,32955.0,32952.5,7.26976e-06,3.63488e-05,0
32955.0,32960.0,32957.5,2.48912e-06,1.24456e-05,0
32960.0,32965.0,32962.5,2.48912e-06,1.24456e-05,0
32965.0,32970.0,32967.5,3.27816e-06,1.63908e-05,0
32970.0,32975.0,32972.5,4.5157e-06,2.25785e-05,0
32975.0,32980.0,32977.5,3.22736e-06,1.61368e-05,0
32980.0,32985.0,32982.5,4.5157e-06,2.25785e-05,0
32985.0,32990.0,32987.5,5.71648e-06,2.85824e-05,0
32995.0,33000.0,32997.5,9.75888e-06,4.87944e-05,0
33005.0,33010.0,33007.5,2.75406e-06,1.37703e-05,0
33015.0,33020.0,33017.5,6.5563e-06,3.27815e-05,0
33030.0,33035.0,33032.5,5.24318e-06,2.62159e-05,0
33035.0,33040.0,33037.5,6.47662e-06,3.23831e-05,0
33040.0,33045.0,33042.5,2.48912e-06,1.24456e-05,0
33045.0,33050.0,33047.5,2.75406e-06,1.37703e-05,0
33050.0,33055.0,33052.5,3.27816e-06,1.63908e-05,0
33055.0,33060.0,33057.5,8.08526e-06,4.04263e-05,0
33060.0,33065.0,33062.5,3.44412e-06,1.72206e-05,0
33065.0,33070.0,33067.5,7.26976e-06,3.63488e-05,0
33070.0,33075.0,33072.5,4.8579e-06,2.42895e-05,0
33090.0,33095.0,33092.5,1.259928e-05,6.29964e-05,0
33095.0,33100.0,33097.5,6.20638e-06,3.10319e-05,0
33100.0,33105.0,33102.5,3.22736e-06,1.61368e-05,0
33105.0,33110.0,33107.5,9.5954e-06,4.7977e-05,0
33115.0,33120.0,33117.5,8.05636e-06,4.02818e-05,0
33130.0,33135.0,33132.5,6.42582e-06,3.21291e-05,0
33135.0,33140.0,33137.5,3.19846e-06,1.59923e-05,0
33145.0,33150.0,33147.5,3.44412e-06,1.72206e-05,0
33150.0,33155.0,33152.5,1.08932e-05,5.4466e-05,0
33155.0,33160.0,33157.5,2.48912e-06,1.24456e-05,0
33165.0,33170.0,33167.5,4.5157e-06,2.25785e-05,0
33170.0,33175.0,33172.5,3.22736e-06,1.61368e-05,0
33175.0,33180.0,33177.5,5.68758e-06,2.84379e-05,0
33180.0,33185.0,33182.5,4.5157e-06,2.25785e-05,0
33185.0,33190.0,33187.5,3.10704e-06,1.55352e-05,0
33195.0,33200.0,33197.5,3.09934e-06,1.54967e-05,0
33200.0,33205.0,33202.5,3.27816e-06,1.63908e-05,0
33205.0,33210.0,33207.5,3.44412e-06,1.72206e-05,0
33210.0,33215.0,33212.5,3.09934e-06,1.54967e-05,0
33215.0,33220.0,33217.5,7.62274e-06,3.81137e-05,0
33225.0,33230.0,33227.5,3.09934e-06,1.54967e-05,0
33230.0,33235.0,33232.5,3.09934e-06,1.54967e-05,0
33235.0,33240.0,33237.5,3.10704e-06,1.55352e-05,0
33240.0,33245.0,33242.5,9.17988e-06,4.58994e-05,0
33250.0,33255.0,33252.5,6.03222e-06,3.01611e-05,0
33255.0,33260.0,33257.5,3.19846e-06,1.59923e-05,0
33260.0,33265.0,33262.5,3.09934e-06,1.54967e-05,0
33265.0,33270.0,33267.5,4.5157e-06,2.25785e-05,0
33280.0,33285.0,33282.5,3.22736e-06,1.61368e-05,0
33285.0,33290.0,33287.5,3.10704e-06,1.55352e-05,0
33295.0,33300.0,33297.5,3.44412e-06,1.72206e-05,0
33300.0,33305.0,33302.5,9.25958e-06,4.62979e-05,0
33305.0,33310.0,33307.5,6.03222e-06,3.01611e-05,0
33320.0,33325.0,33322.5,3.09934e-06,1.54967e-05,0
33340.0,33345.0,33342.5,3.19846e-06,1.59923e-05,0
33345.0,33350.0,33347.5,3.22736e-06,1.61368e-05,0
33350.0,33355.0,33352.5,7.62274e-06,3.81137e-05,0
33355.0,33360.0,33357.5,4.5157e-06,2.25785e-05,0
33365.0,33370.0,33367.5,5.8611e-06,2.93055e-05,0
33375.0,33380.0,33377.5,3.19846e-06,1.59923e-05,0
33385.0,33390.0,33387.5,8.34252e-06,4.17126e-05,0
33390.0,33395.0,33392.5,1.253258e-05,6.26629e-05,0
33400.0,33405.0,33402.5,7.71416e-06,3.85708e-05,0
33405.0,33410.0,33407.5,9.77082e-06,4.88541e-05,0
33410.0,33415.0,33412.5,4.5157e-06,2.25785e-05,0
33415.0,33420.0,33417.5,6.5563e-06,3.27815e-05,0
33430.0,33435.0,33432.5,2.75406e-06,1.37703e-05,0
33435.0,33440.0,33437.5,9.1317e-06,4.56585e-05,0
33455.0,33460.0,33457.5,4.8579e-06,2.42895e-05,0
33460.0,33465.0,33462.5,6.67148e-06,3.33574e-05,0
33465.0,33470.0,33467.5,9.47634e-06,4.73817e-05,0
33470.0,33475.0,33472.5,4.8579e-06,2.42895e-05,0
33475.0,33480.0,33477.5,5.24318e-06,2.62159e-05,0
33485.0,33490.0,33487.5,6.55116e-06,3.27558e-05,0
33490.0,33495.0,33492.5,3.10704e-06,1.55352e-05,0
33495.0,33500.0,33497.5,1.784414e-05,8.92207e-05,0
33505.0,33510.0,33507.5,2.75406e-06,1.37703e-05,0
33510.0,33515.0,33512.5,3.27816e-06,1.63908e-05,0
33515.0,33520.0,33517.5,7.95724e-06,3.97862e-05,0
33530.0,33535.0,33532.5,3.10704e-06,1.55352e-05,0
33535.0,33540.0,33537.5,9.3736e-06,4.6868e-05,0
33545.0,33550.0,33547.5,6.3267e-06,3.16335e-05,0
33555.0,33560.0,33557.5,4.8579e-06,2.42895e-05,0
33565.0,33570.0,33567.5,3.44412e-06,1.72206e-05,0
33580.0,33585.0,33582.5,3.27816e-06,1.63908e-05,0
33585.0,33590.0,33587.5,9.50396e-06,4.75198e-05,0
33595.0,33600.0,33597.5,1.548538e-05,7.74269e-05,0
33605.0,33610.0,33607.5,4.8579e-06,2.42895e-05,0
33615.0,33620.0,33617.5,3.27816e-06,1.63908e-05,0
33620.0,33625.0,33622.5,3.19846e-06,1.59923e-05,0
33625.0,33630.0,33627.5,6.19866e-06,3.09933e-05,0
33630.0,33635.0,33632.5,3.10704e-06,1.55352e-05,0
33635.0,33640.0,33637.5,2.75406e-06,1.37703e-05,0
33640.0,33645.0,33642.5,4.8579e-06,2.42895e-05,0
33645.0,33650.0,33647.5,2.48912e-06,1.24456e-05,0
33670.0,33675.0,33672.5,6.3055e-06,3.15275e-05,0
33675.0,33680.0,33677.5,3.27816e-06,1.63908e-05,0
33680.0,33685.0,33682.5,2.75406e-06,1.37703e-05,0
33690.0,33695.0,33692.5,8.08526e-06,4.04263e-05,0
33700.0,33705.0,33702.5,6.20638e-06,3.10319e-05,0
33705.0,33710.0,33707.5,4.8579e-06,2.42895e-05,0
33710.0,33715.0,33712.5,9.66334e-06,4.83167e-05,0
33715.0,33720.0,33717.5,2.48912e-06,1.24456e-05,0
33725.0,33730.0,33727.5,3.27816e-06,1.63908e-05,0
33730.0,33735.0,33732.5,1.140394e-05,5.70197e-05,0
33735.0,33740.0,33737.5,5.98142e-06,2.99071e-05,0
33740.0,33745.0,33742.5,3.19846e-06,1.59923e-05,0
33745.0,33750.0,33747.5,3.09934e-06,1.54967e-05,0
33755.0,33760.0,33757.5,3.19846e-06,1.59923e-05,0
33760.0,33765.0,33762.5,3.19846e-06,1.59923e-05,0
33765.0,33770.0,33767.5,6.47662e-06,3.23831e-05,0
33780.0,33785.0,33782.5,2.48912e-06,1.24456e-05,0
33785.0,33790.0,33787.5,3.22736e-06,1.61368e-05,0
33790.0,33795.0,33792.5,7.26976e-06,3.63488e-05,0
33800.0,33805.0,33802.5,2.48912e-06,1.24456e-05,0
33810.0,33815.0,33812.5,5.8534e-06,2.9267e-05,0
33815.0,33820.0,33817.5,4.5157e-06,2.25785e-05,0
33830.0,33835.0,33832.5,1.22304e-05,6.1152e-05,0
33835.0,33840.0,33837.5,7.61504e-06,3.80752e-05,0
33840.0,33845.0,33842.5,6.72228e-06,3.36114e-05,0
33850.0,33855.0,33852.5,3.19846e-06,1.59923e-05,0
33865.0,33870.0,33867.5,3.27816e-06,1.63908e-05,0
33875.0,33880.0,33877.5,6.3852e-06,3.1926e-05,0
33890.0,33895.0,33892.5,5.76728e-06,2.88364e-05,0
33895.0,33900.0,33897.5,3.27816e-06,1.63908e-05,0
33900.0,33905.0,33902.5,7.61196e-06,3.80598e-05,0
33905.0,33910.0,33907.5,2.48912e-06,1.24456e-05,0
33910.0,33915.0,33912.5,3.27816e-06,1.63908e-05,0
33915.0,33920.0,33917.5,4.5157e-06,2.25785e-05,0
33920.0,33925.0,33922.5,3.44412e-06,1.72206e-05,0
33925.0,33930.0,33927.5,1.150048e-05,5.75024e-05,0
33930.0,33935.0,33932.5,3.27816e-06,1.63908e-05,0
33935.0,33940.0,33937.5,3.27816e-06,1.63908e-05,0
33940.0,33945.0,33942.5,7.61196e-06,3.80598e-05,0
33965.0,33970.0,33967.5,4.5157e-06,2.25785e-05,0
33975.0,33980.0,33977.5,4.8579e-06,2.42895e-05,0
33980.0,33985.0,33982.5,3.44412e-06,1.72206e-05,0
33990.0,33995.0,33992.5,4.5157e-06,2.25785e-05,0
33995.0,34000.0,33997.5,1.136342e-05,5.68171e-05,0
34000.0,34005.0,34002.5,3.09934e-06,1.54967e-05,0
34005.0,34010.0,34007.5,2.48912e-06,1.24456e-05,0
34010.0,34015.0,34012.5,3.22736e-06,1.61368e-05,0
34040.0,34045.0,34042.5,9.30522e-06,4.65261e-05,0
34045.0,34050.0,34047.5,1.099232e-05,5.49616e-05,0
34050.0,34055.0,34052.5,3.09934e-06,1.54967e-05,0
34055.0,34060.0,34057.5,5.24318e-06,2.62159e-05,0
34060.0,34065.0,34062.5,3.22736e-06,1.61368e-05,0
34070.0,34075.0,34072.5,7.71416e-06,3.85708e-05,0
34075.0,34080.0,34077.5,3.10704e-06,1.55352e-05,0
34080.0,34085.0,34082.5,1.359646e-05,6.79823e-05,0
34090.0,34095.0,34092.5,4.5157e-06,2.25785e-05,0
34105.0,34110.0,34107.5,2.48912e-06,1.24456e-05,0
34110.0,34115.0,34112.5,3.44412e-06,1.72206e-05,0
34115.0,34120.0,34117.5,6.55116e-06,3.27558e-05,0
34125.0,34130.0,34127.5,2.75406e-06,1.37703e-05,0
34145.0,34150.0,34147.5,3.27816e-06,1.63908e-05,0
34150.0,34155.0,34152.5,6.3344e-06,3.1672e-05,0
34155.0,34160.0,34157.5,4.8579e-06,2.42895e-05,0
34160.0,34165.0,34162.5,6.20638e-06,3.10319e-05,0
34170.0,34175.0,34172.5,4.5157e-06,2.25785e-05,0
34175.0,34180.0,34177.5,9.78366e-06,4.89183e-05,0
34180.0,34185.0,34182.5,6.3852e-06,3.1926e-05,0
34185.0,34190.0,34187.5,3.44412e-06,1.72206e-05,0
34210.0,34215.0,34212.5,3.22736e-06,1.61368e-05,0
34215.0,34220.0,34217.5,4.5157e-06,2.25785e-05,0
34220.0,34225.0,34222.5,2.48912e-06,1.24456e-05,0
34230.0,34235.0,34232.5,5.68758e-06,2.84379e-05,0
34235.0,34240.0,34237.5,3.44412e-06,1.72206e-05,0
34245.0,34250.0,34247.5,2.48912e-06,1.24456e-05,0
34250.0,34255.0,34252.5,6.3344e-06,3.1672e-05,0
34255.0,34260.0,34257.5,3.27816e-06,1.63908e-05,0
34260.0,34265.0,34262.5,3.22736e-06,1.61368e-05,0
34275.0,34280.0,34277.5,2.75406e-06,1.37703e-05,0
34280.0,34285.0,34282.5,4.5157e-06,2.25785e-05,0
34295.0,34300.0,34297.5,3.19846e-06,1.59923e-05,0
34300.0,34305.0,34302.5,5.71648e-06,2.85824e-05,0
34305.0,34310.0,34307.5,8.88604e-06,4.44302e-05,0
34310.0,34315.0,34312.5,3.10704e-06,1.55352e-05,0
34330.0,34335.0,34332.5,2.48912e-06,1.24456e-05,0
34335.0,34340.0,34337.5,2.48912e-06,1.24456e-05,0
34340.0,34345.0,34342.5,5.59616e-06,2.79808e-05,0
34350.0,34355.0,34352.5,3.27816e-06,1.63908e-05,0
34360.0,34365.0,34362.5,3.09934e-06,1.54967e-05,0
34365.0,34370.0,34367.5,7.74306e-06,3.87153e-05,0
34370.0,34375.0,34372.5,6.3344e-06,3.1672e-05,0
34375.0,34380.0,34377.5,7.74306e-06,3.87153e-05,0
34380.0,34385.0,34382.5,1.766122e-05,8.83061e-05,0
34390.0,34395.0,34392.5,3.22736e-06,1.61368e-05,0
34395.0,34400.0,34397.5,1.002382e-05,5.01191e-05,0
34415.0,34420.0,34417.5,3.27816e-06,1.63908e-05,0
34420.0,34425.0,34422.5,7.95982e-06,3.97991e-05,0
34425.0,34430.0,34427.5,2.75406e-06,1.37703e-05,0
34430.0,34435.0,34432.5,3.44412e-06,1.72206e-05,0
34435.0,34440.0,34437.5,4.8579e-06,2.42895e-05,0
34440.0,34445.0,34442.5,3.09934e-06,1.54967e-05,0
34455.0,34460.0,34457.5,6.72228e-06,3.36114e-05,0
34465.0,34470.0,34467.5,8.81582e-06,4.40791e-05,0
34475.0,34480.0,34477.5,2.48912e-06,1.24456e-05,0
34480.0,34485.0,34482.5,3.19846e-06,1.59923e-05,0
34485.0,34490.0,34487.5,3.27816e-06,1.63908e-05,0
34490.0,34495.0,34492.5,6.88824e-06,3.44412e-05,0
34495.0,34500.0,34497.5,1.152938e-05,5.76469e-05,0
34500.0,34505.0,34502.5,4.8579e-06,2.42895e-05,0
34505.0,34510.0,34507.5,9.55408e-06,4.77704e-05,0
34510.0,34515.0,34512.5,6.50552e-06,3.25276e-05,0
34515.0,34520.0,34517.5,3.27816e-06,1.63908e-05,0
34520.0,34525.0,34522.5,3.09934e-06,1.54967e-05,0
34525.0,34530.0,34527.5,6.19818e-06,3.09909e-05,0
34535.0,34540.0,34537.5,6.2978e-06,3.1489e-05,0
34540.0,34545.0,34542.5,3.09934e-06,1.54967e-05,0
34545.0,34550.0,34547.5,2.48912e-06,1.24456e-05,0
34550.0,34555.0,34552.5,4.5157e-06,2.25785e-05,0
34560.0,34565.0,34562.5,2.75406e-06,1.37703e-05,0
34575.0,34580.0,34577.5,2.48912e-06,1.24456e-05,0
34580.0,34585.0,34582.5,6.19818e-06,3.09909e-05,0
34585.0,34590.0,34587.5,3.44412e-06,1.72206e-05,0
34600.0,34605.0,34602.5,3.10704e-06,1.55352e-05,0
34605.0,34610.0,34607.5,9.1606e-06,4.5803e-05,0
34610.0,34615.0,34612.5,1.102122e-05,5.51061e-05,0
34620.0,34625.0,34622.5,3.27816e-06,1.63908e-05,0
34635.0,34640.0,34637.5,3.19846e-06,1.59923e-05,0
34640.0,34645.0,34642.5,9.71582e-06,4.85791e-05,0
34645.0,34650.0,34647.5,3.22736e-06,1.61368e-05,0
34650.0,34655.0,34652.5,5.98142e-06,2.99071e-05,0
34665.0,34670.0,34667.5,6.72228e-06,3.36114e-05,0
34670.0,34675.0,34672.5,6.5563e-06,3.27815e-05,0
34690.0,34695.0,34692.5,6.3775e-06,3.18875e-05,0
34705.0,34710.0,34707.5,3.27816e-06,1.63908e-05,0
34715.0,34720.0,34717.5,3.09934e-06,1.54967e-05,0
34720.0,34725.0,34722.5,2.75406e-06,1.37703e-05,0
34725.0,34730.0,34727.5,3.44412e-06,1.72206e-05,0
34730.0,34735.0,34732.5,4.8579e-06,2.42895e-05,0
34735.0,34740.0,34737.5,3.10704e-06,1.55352e-05,0
34760.0,34765.0,34762.5,3.44412e-06,1.72206e-05,0
34770.0,34775.0,34772.5,6.5563e-06,3.27815e-05,0
34785.0,34790.0,34787.5,3.27816e-06,1.63908e-05,0
34795.0,34800.0,34797.5,3.09934e-06,1.54967e-05,0
34800.0,34805.0,34802.5,3.22736e-06,1.61368e-05,0
34810.0,34815.0,34812.5,5.58846e-06,2.79423e-05,0
34815.0,34820.0,34817.5,7.26976e-06,3.63488e-05,0
34820.0,34825.0,34822.5,4.5157e-06,2.25785e-05,0
34825.0,34830.0,34827.5,3.10704e-06,1.55352e-05,0
34835.0,34840.0,34837.5,1.054548e-05,5.27274e-05,0
34840.0,34845.0,34842.5,6.03222e-06,3.01611e-05,0
34850.0,34855.0,34852.5,2.75406e-06,1.37703e-05,0
34855.0,34860.0,34857.5,3.19846e-06,1.59923e-05,0
34860.0,34865.0,34862.5,6.54346e-06,3.27173e-05,0
34865.0,34870.0,34867.5,3.19846e-06,1.59923e-05,0
34875.0,34880.0,34877.5,4.8579e-06,2.42895e-05,0
34880.0,34885.0,34882.5,3.44412e-06,1.72206e-05,0
34885.0,34890.0,34887.5,8.79462e-06,4.39731e-05,0
34890.0,34895.0,34892.5,3.44412e-06,1.72206e-05,0
34915.0,34920.0,34917.5,6.47662e-06,3.23831e-05,0
34920.0,34925.0,34922.5,3.27816e-06,1.63908e-05,0
34930.0,34935.0,34932.5,2.48912e-06,1.24456e-05,0
34935.0,34940.0,34937.5,9.3736e-06,4.6868e-05,0
34940.0,34945.0,34942.5,3.09934e-06,1.54967e-05,0
34945.0,34950.0,34947.5,8.13606e-06,4.06803e-05,0
34950.0,34955.0,34952.5,3.44412e-06,1.72206e-05,0
34955.0,34960.0,34957.5,3.27816e-06,1.63908e-05,0
34970.0,34975.0,34972.5,3.19846e-06,1.59923e-05,0
34980.0,34985.0,34982.5,3.27816e-06,1.63908e-05,0
34995.0,35000.0,34997.5,6.47662e-06,3.23831e-05,0
35000.0,35005.0,35002.5,6.03222e-06,3.01611e-05,0
35030.0,35035.0,35032.5,3.10704e-06,1.55352e-05,0
35040.0,35045.0,35042.5,7.34702e-06,3.67351e-05,0
35045.0,35050.0,35047.5,3.44412e-06,1.72206e-05,0
35050.0,35055.0,35052.5,3.22736e-06,1.61368e-05,0
35065.0,35070.0,35067.5,3.27816e-06,1.63908e-05,0
35070.0,35075.0,35072.5,2.75406e-06,1.37703e-05,0
35075.0,35080.0,35077.5,7.95982e-06,3.97991e-05,0
35080.0,35085.0,35082.5,3.22736e-06,1.61368e-05,0
35085.0,35090.0,35087.5,2.75406e-06,1.37703e-05,0
35090.0,35095.0,35092.5,3.44412e-06,1.72206e-05,0
35095.0,35100.0,35097.5,5.93324e-06,2.96662e-05,0
35100.0,35105.0,35102.5,3.19846e-06,1.59923e-05,0
35110.0,35115.0,35112.5,9.58366e-06,4.79183e-05,0
35120.0,35125.0,35122.5,4.5157e-06,2.25785e-05,0
35135.0,35140.0,35137.5,3.44412e-06,1.72206e-05,0
35150.0,35155.0,35152.5,6.2978e-06,3.1489e-05,0
35155.0,35160.0,35157.5,1.574804e-05,7.87402e-05,0
35160.0,35165.0,35162.5,5.76728e-06,2.88364e-05,0
35170.0,35175.0,35172.5,3.44412e-06,1.72206e-05,0
35175.0,35180.0,35177.5,3.19846e-06,1.59923e-05,0
35180.0,35185.0,35182.5,3.44412e-06,1.72206e-05,0
35185.0,35190.0,35187.5,6.54346e-06,3.27173e-05,0
35190.0,35195.0,35192.5,2.75406e-06,1.37703e-05,0
35200.0,35205.0,35202.5,3.22736e-06,1.61368e-05,0
35210.0,35215.0,35212.5,2.75406e-06,1.37703e-05,0
35220.0,35225.0,35222.5,4.5157e-06,2.25785e-05,0
35230.0,35235.0,35232.5,9.2114e-06,4.6057e-05,0
35235.0,35240.0,35237.5,9.55408e-06,4.77704e-05,0
35245.0,35250.0,35247.5,9.6505e-06,4.82525e-05,0
35255.0,35260.0,35257.5,3.27816e-06,1.63908e-05,0
35270.0,35275.0,35272.5,9.13926e-06,4.56963e-05,0
35275.0,35280.0,35277.5,5.8534e-06,2.9267e-05,0
35280.0,35285.0,35282.5,3.19846e-06,1.59923e-05,0
35285.0,35290.0,35287.5,3.27816e-06,1.63908e-05,0
35295.0,35300.0,35297.5,3.10704e-06,1.55352e-05,0
35345.0,35350.0,35347.5,3.27816e-06,1.63908e-05,0
35355.0,35360.0,35357.5,5.76728e-06,2.88364e-05,0
35390.0,35395.0,35392.5,1.286966e-05,6.43483e-05,0
35400.0,35405.0,35402.5,1.140136e-05,5.70068e-05,0
35405.0,35410.0,35407.5,3.19846e-06,1.59923e-05,0
35415.0,35420.0,35417.5,2.48912e-06,1.24456e-05,0
35420.0,35425.0,35422.5,9.66334e-06,4.83167e-05,0
35425.0,35430.0,35427.5,4.5157e-06,2.25785e-05,0
35435.0,35440.0,35437.5,3.10704e-06,1.55352e-05,0
35440.0,35445.0,35442.5,2.48912e-06,1.24456e-05,0
35455.0,35460.0,35457.5,5.95252e-06,2.97626e-05,0
35460.0,35465.0,35462.5,3.19846e-06,1.59923e-05,0
35465.0,35470.0,35467.5,1.048634e-05,5.24317e-05,0
35475.0,35480.0,35477.5,7.96494e-06,3.98247e-05,0
35480.0,35485.0,35482.5,1.189332e-05,5.94666e-05,0
35485.0,35490.0,35487.5,3.27816e-06,1.63908e-05,0
35490.0,35495.0,35492.5,3.19846e-06,1.59923e-05,0
35510.0,35515.0,35512.5,2.48912e-06,1.24456e-05,0
35515.0,35520.0,35517.5,6.54346e-06,3.27173e-05,0
35520.0,35525.0,35522.5,6.64258e-06,3.32129e-05,0
35535.0,35540.0,35537.5,2.75406e-06,1.37703e-05,0
35545.0,35550.0,35547.5,2.75406e-06,1.37703e-05,0
35550.0,35555.0,35552.5,5.59616e-06,2.79808e-05,0
35555.0,35560.0,35557.5,2.75406e-06,1.37703e-05,0
35560.0,35565.0,35562.5,3.09934e-06,1.54967e-05,0
35565.0,35570.0,35567.5,3.10704e-06,1.55352e-05,0
35570.0,35575.0,35572.5,2.48912e-06,1.24456e-05,0
35575.0,35580.0,35577.5,9.2088e-06,4.6044e-05,0
35585.0,35590.0,35587.5,6.20638e-06,3.10319e-05,0
35590.0,35595.0,35592.5,5.8611e-06,2.93055e-05,0
35595.0,35600.0,35597.5,4.5157e-06,2.25785e-05,0
35615.0,35620.0,35617.5,6.39692e-06,3.19846e-05,0
35620.0,35625.0,35622.5,5.8534e-06,2.9267e-05,0
35625.0,35630.0,35627.5,7.61504e-06,3.80752e-05,0
35635.0,35640.0,35637.5,2.75406e-06,1.37703e-05,0
35640.0,35645.0,35642.5,3.09934e-06,1.54967e-05,0
35645.0,35650.0,35647.5,6.3267e-06,3.16335e-05,0
35660.0,35665.0,35662.5,3.19846e-06,1.59923e-05,0
35670.0,35675.0,35672.5,2.48912e-06,1.24456e-05,0
35680.0,35685.0,35682.5,6.64258e-06,3.32129e-05,0
35690.0,35695.0,35692.5,8.05636e-06,4.02818e-05,0
35695.0,35700.0,35697.5,6.3344e-06,3.1672e-05,0
35710.0,35715.0,35712.5,2.48912e-06,1.24456e-05,0
35720.0,35725.0,35722.5,2.48912e-06,1.24456e-05,0
35725.0,35730.0,35727.5,4.8579e-06,2.42895e-05,0
35730.0,35735.0,35732.5,7.26976e-06,3.63488e-05,0
35735.0,35740.0,35737.5,4.5157e-06,2.25785e-05,0
35740.0,35745.0,35742.5,3.09934e-06,1.54967e-05,0
35745.0,35750.0,35747.5,3.09934e-06,1.54967e-05,0
35750.0,35755.0,35752.5,4.5157e-06,2.25785e-05,0
35755.0,35760.0,35757.5,5.24318e-06,2.62159e-05,0
35760.0,35765.0,35762.5,3.22736e-06,1.61368e-05,0
35770.0,35775.0,35772.5,3.10704e-06,1.55352e-05,0
35775.0,35780.0,35777.5,4.5157e-06,2.25785e-05,0
35780.0,35785.0,35782.5,3.19846e-06,1.59923e-05,0
35795.0,35800.0,35797.5,1.09009e-05,5.45045e-05,0
35815.0,35820.0,35817.5,3.27816e-06,1.63908e-05,0
35820.0,35825.0,35822.5,3.44412e-06,1.72206e-05,0
35830.0,35835.0,35832.5,3.44412e-06,1.72206e-05,0
35835.0,35840.0,35837.5,1.054792e-05,5.27396e-05,0
35840.0,35845.0,35842.5,3.09934e-06,1.54967e-05,0
35845.0,35850.0,35847.5,8.6955e-06,4.34775e-05,0
35860.0,35865.0,35862.5,7.73228e-06,3.86614e-05,0
35880.0,35885.0,35882.5,3.09934e-06,1.54967e-05,0
35890.0,35895.0,35892.5,3.10704e-06,1.55352e-05,0
35895.0,35900.0,35897.5,8.6873e-06,4.34365e-05,0
35900.0,35905.0,35902.5,3.44412e-06,1.72206e-05,0
35905.0,35910.0,35907.5,4.5157e-06,2.25785e-05,0
35910.0,35915.0,35912.5,3.19846e-06,1.59923e-05,0
35915.0,35920.0,35917.5,6.72228e-06,3.36114e-05,0
35920.0,35925.0,35922.5,3.10704e-06,1.55352e-05,0
35925.0,35930.0,35927.5,1.399716e-05,6.99858e-05,0
35935.0,35940.0,35937.5,1.057438e-05,5.28719e-05,0
35950.0,35955.0,35952.5,2.48912e-06,1.24456e-05,0
35955.0,35960.0,35957.5,3.09934e-06,1.54967e-05,0
35960.0,35965.0,35962.5,2.48912e-06,1.24456e-05,0
35965.0,35970.0,35967.5,4.5157e-06,2.25785e-05,0
35975.0,35980.0,35977.5,4.8579e-06,2.42895e-05,0
35985.0,35990.0,35987.5,8.08526e-06,4.04263e-05,0
35990.0,35995.0,35992.5,2.48912e-06,1.24456e-05,0
35995.0,36000.0,35997.5,6.67148e-06,3.33574e-05,0
36000.0,36005.0,36002.5,5.93324e-06,2.96662e-05,0
36005.0,36010.0,36007.5,3.27816e-06,1.63908e-05,0
36010.0,36015.0,36012.5,8.73548e-06,4.36774e-05,0
36015.0,36020.0,36017.5,4.8579e-06,2.42895e-05,0
36025.0,36030.0,36027.5,2.48912e-06,1.24456e-05,0
36030.0,36035.0,36032.5,9.43374e-06,4.71687e-05,0
36035.0,36040.0,36037.5,5.71648e-06,2.85824e-05,0
36045.0,36050.0,36047.5,3.09934e-06,1.54967e-05,0
36055.0,36060.0,36057.5,2.75406e-06,1.37703e-05,0
36065.0,36070.0,36067.5,9.66334e-06,4.83167e-05,0
36075.0,36080.0,36077.5,3.27816e-06,1.63908e-05,0
36080.0,36085.0,36082.5,3.22736e-06,1.61368e-05,0
36085.0,36090.0,36087.5,4.5157e-06,2.25785e-05,0
36100.0,36105.0,36102.5,4.5157e-06,2.25785e-05,0
36115.0,36120.0,36117.5,9.3736e-06,4.6868e-05,0
36125.0,36130.0,36127.5,2.75406e-06,1.37703e-05,0
36145.0,36150.0,36147.5,5.8611e-06,2.93055e-05,0
36150.0,36155.0,36152.5,3.22736e-06,1.61368e-05,0
36155.0,36160.0,36157.5,6.3055e-06,3.15275e-05,0
36160.0,36165.0,36162.5,3.10704e-06,1.55352e-05,0
36165.0,36170.0,36167.5,3.44412e-06,1.72206e-05,0
36170.0,36175.0,36172.5,5.8611e-06,2.93055e-05,0
36175.0,36180.0,36177.5,2.75406e-06,1.37703e-05,0
36185.0,36190.0,36187.5,3.27816e-06,1.63908e-05,0
36195.0,36200.0,36197.5,6.47662e-06,3.23831e-05,0
36210.0,36215.0,36212.5,3.44412e-06,1.72206e-05,0
36215.0,36220.0,36217.5,6.5563e-06,3.27815e-05,0
36225.0,36230.0,36227.5,5.95252e-06,2.97626e-05,0
36240.0,36245.0,36242.5,3.44412e-06,1.72206e-05,0
36245.0,36250.0,36247.5,3.19846e-06,1.59923e-05,0
36260.0,36265.0,36262.5,6.3344e-06,3.1672e-05,0
36265.0,36270.0,36267.5,3.22736e-06,1.61368e-05,0
36280.0,36285.0,36282.5,5.8534e-06,2.9267e-05,0
36290.0,36295.0,36292.5,3.22736e-06,1.61368e-05,0
36295.0,36300.0,36297.5,3.10704e-06,1.55352e-05,0
36300.0,36305.0,36302.5,6.3852e-06,3.1926e-05,0
36305.0,36310.0,36307.5,4.5157e-06,2.25785e-05,0
36315.0,36320.0,36317.5,6.54346e-06,3.27173e-05,0
36320.0,36325.0,36322.5,3.27816e-06,1.63908e-05,0
36325.0,36330.0,36327.5,7.79386e-06,3.89693e-05,0
36350.0,36355.0,36352.5,6.03222e-06,3.01611e-05,0
36360.0,36365.0,36362.5,2.75406e-06,1.37703e-05,0
36375.0,36380.0,36377.5,6.64258e-06,3.32129e-05,0
36390.0,36395.0,36392.5,3.44412e-06,1.72206e-05,0
36405.0,36410.0,36407.5,7.26976e-06,3.63488e-05,0
36415.0,36420.0,36417.5,5.59616e-06,2.79808e-05,0
36420.0,36425.0,36422.5,7.26976e-06,3.63488e-05,0
36430.0,36435.0,36432.5,4.8579e-06,2.42895e-05,0
36435.0,36440.0,36437.5,6.3775e-06,3.18875e-05,0
36450.0,36455.0,36452.5,7.00482e-06,3.50241e-05,0
36455.0,36460.0,36457.5,4.8579e-06,2.42895e-05,0
36460.0,36465.0,36462.5,2.75406e-06,1.37703e-05,0
36465.0,36470.0,36467.5,3.10704e-06,1.55352e-05,0
36470.0,36475.0,36472.5,1.152938e-05,5.76469e-05,0
36475.0,36480.0,36477.5,8.30202e-06,4.15101e-05,0
36480.0,36485.0,36482.5,6.64258e-06,3.32129e-05,0
36490.0,36495.0,36492.5,1.057438e-05,5.28719e-05,0
36510.0,36515.0,36512.5,3.10704e-06,1.55352e-05,0
36515.0,36520.0,36517.5,3.22736e-06,1.61368e-05,0
36525.0,36530.0,36527.5,3.10704e-06,1.55352e-05,0
36530.0,36535.0,36532.5,3.10704e-06,1.55352e-05,0
36535.0,36540.0,36537.5,3.27816e-06,1.63908e-05,0
36540.0,36545.0,36542.5,7.79386e-06,3.89693e-05,0
36545.0,36550.0,36547.5,3.22736e-06,1.61368e-05,0
36550.0,36555.0,36552.5,3.10704e-06,1.55352e-05,0
36555.0,36560.0,36557.5,3.22736e-06,1.61368e-05,0
36565.0,36570.0,36567.5,6.45474e-06,3.22737e-05,0
36575.0,36580.0,36577.5,3.09934e-06,1.54967e-05,0
36580.0,36585.0,36582.5,6.21408e-06,3.10704e-05,0
36585.0,36590.0,36587.5,3.09934e-06,1.54967e-05,0
36595.0,36600.0,36597.5,3.44412e-06,1.72206e-05,0
36610.0,36615.0,36612.5,3.44412e-06,1.72206e-05,0
36615.0,36620.0,36617.5,3.10704e-06,1.55352e-05,0
36620.0,36625.0,36622.5,4.5157e-06,2.25785e-05,0
36625.0,36630.0,36627.5,5.98142e-06,2.99071e-05,0
36630.0,36635.0,36632.5,3.19846e-06,1.59923e-05,0
36635.0,36640.0,36637.5,7.79386e-06,3.89693e-05,0
36640.0,36645.0,36642.5,2.48912e-06,1.24456e-05,0
36645.0,36650.0,36647.5,5.93324e-06,2.96662e-05,0
36650.0,36655.0,36652.5,3.27816e-06,1.63908e-05,0
36655.0,36660.0,36657.5,4.5157e-06,2.25785e-05,0
36660.0,36665.0,36662.5,6.3852e-06,3.1926e-05,0
36670.0,36675.0,36672.5,4.5157e-06,2.25785e-05,0
36680.0,36685.0,36682.5,2.75406e-06,1.37703e-05,0
36685.0,36690.0,36687.5,3.10704e-06,1.55352e-05,0
36700.0,36705.0,36702.5,9.78366e-06,4.89183e-05,0
36705.0,36710.0,36707.5,3.19846e-06,1.59923e-05,0
36715.0,36720.0,36717.5,6.3055e-06,3.15275e-05,0
36725.0,36730.0,36727.5,2.48912e-06,1.24456e-05,0
36730.0,36735.0,36732.5,3.19846e-06,1.59923e-05,0
36735.0,36740.0,36737.5,3.19846e-06,1.59923e-05,0
36745.0,36750.0,36747.5,3.09934e-06,1.54967e-05,0
36760.0,36765.0,36762.5,5.24318e-06,2.62159e-05,0
36770.0,36775.0,36772.5,4.8579e-06,2.42895e-05,0
36780.0,36785.0,36782.5,5.8611e-06,2.93055e-05,0
36785.0,36790.0,36787.5,3.44412e-06,1.72206e-05,0
36790.0,36795.0,36792.5,3.27816e-06,1.63908e-05,0
36800.0,36805.0,36802.5,3.44412e-06,1.72206e-05,0
36805.0,36810.0,36807.5,3.19846e-06,1.59923e-05,0
36820.0,36825.0,36822.5,3.22736e-06,1.61368e-05,0
36840.0,36845.0,36842.5,3.19846e-06,1.59923e-05,0
36845.0,36850.0,36847.5,4.5157e-06,2.25785e-05,0
36850.0,36855.0,36852.5,8.05636e-06,4.02818e-05,0
36860.0,36865.0,36862.5,1.000042e-05,5.00021e-05,0
36870.0,36875.0,36872.5,6.67148e-06,3.33574e-05,0
36875.0,36880.0,36877.5,3.27816e-06,1.63908e-05,0
36885.0,36890.0,36887.5,5.71648e-06,2.85824e-05,0
36890.0,36895.0,36892.5,7.34702e-06,3.67351e-05,0
36895.0,36900.0,36897.5,6.50552e-06,3.25276e-05,0
36920.0,36925.0,36922.5,3.44412e-06,1.72206e-05,0
36925.0,36930.0,36927.5,6.72228e-06,3.36114e-05,0
36945.0,36950.0,36947.5,3.27816e-06,1.63908e-05,0
36955.0,36960.0,36957.5,6.45474e-06,3.22737e-05,0
36960.0,36965.0,36962.5,4.5157e-06,2.25785e-05,0
36965.0,36970.0,36967.5,3.09934e-06,1.54967e-05,0
36980.0,36985.0,36982.5,3.22736e-06,1.61368e-05,0
36995.0,37000.0,36997.5,6.3344e-06,3.1672e-05,0
37000.0,37005.0,37002.5,2.48912e-06,1.24456e-05,0
37010.0,37015.0,37012.5,3.09934e-06,1.54967e-05,0
37015.0,37020.0,37017.5,3.10704e-06,1.55352e-05,0
37020.0,37025.0,37022.5,3.27816e-06,1.63908e-05,0
37030.0,37035.0,37032.5,3.09934e-06,1.54967e-05,0
37040.0,37045.0,37042.5,9.89886e-06,4.94943e-05,0
37055.0,37060.0,37057.5,2.48912e-06,1.24456e-05,0
37060.0,37065.0,37062.5,3.44412e-06,1.72206e-05,0
37065.0,37070.0,37067.5,3.10704e-06,1.55352e-05,0
37075.0,37080.0,37077.5,3.10704e-06,1.55352e-05,0
37085.0,37090.0,37087.5,3.44412e-06,1.72206e-05,0
37095.0,37100.0,37097.5,2.75406e-06,1.37703e-05,0
37100.0,37105.0,37102.5,7.00482e-06,3.50241e-05,0
37105.0,37110.0,37107.5,3.10704e-06,1.55352e-05,0
37110.0,37115.0,37112.5,5.98142e-06,2.99071e-05,0
37115.0,37120.0,37117.5,3.22736e-06,1.61368e-05,0
37130.0,37135.0,37132.5,6.72228e-06,3.36114e-05,0
37135.0,37140.0,37137.5,4.8579e-06,2.42895e-05,0
37140.0,37145.0,37142.5,3.44412e-06,1.72206e-05,0
37150.0,37155.0,37152.5,3.19846e-06,1.59923e-05,0
37155.0,37160.0,37157.5,6.64258e-06,3.32129e-05,0
37160.0,37165.0,37162.5,3.22736e-06,1.61368e-05,0
37170.0,37175.0,37172.5,7.61196e-06,3.80598e-05,0
37175.0,37180.0,37177.5,9.31342e-06,4.65671e-05,0
37180.0,37185.0,37182.5,8.08526e-06,4.04263e-05,0
37185.0,37190.0,37187.5,3.09934e-06,1.54967e-05,0
37190.0,37195.0,37192.5,7.95724e-06,3.97862e-05,0
37205.0,37210.0,37207.5,3.19846e-06,1.59923e-05,0
37220.0,37225.0,37222.5,9.6582e-06,4.8291e-05,0
37230.0,37235.0,37232.5,4.5157e-06,2.25785e-05,0
37235.0,37240.0,37237.5,3.44412e-06,1.72206e-05,0
37240.0,37245.0,37242.5,7.00482e-06,3.50241e-05,0
37250.0,37255.0,37252.5,5.76728e-06,2.88364e-05,0
37265.0,37270.0,37267.5,3.10704e-06,1.55352e-05,0
37270.0,37275.0,37272.5,3.22736e-06,1.61368e-05,0
37280.0,37285.0,37282.5,3.27816e-06,1.63908e-05,0
37285.0,37290.0,37287.5,3.27816e-06,1.63908e-05,0
37290.0,37295.0,37292.5,4.8579e-06,2.42895e-05,0
37300.0,37305.0,37302.5,3.27816e-06,1.63908e-05,0
37305.0,37310.0,37307.5,4.8579e-06,2.42895e-05,0
37320.0,37325.0,37322.5,3.19846e-06,1.59923e-05,0
37325.0,37330.0,37327.5,1.054792e-05,5.27396e-05,0
37335.0,37340.0,37337.5,5.98142e-06,2.99071e-05,0
37350.0,37355.0,37352.5,2.75406e-06,1.37703e-05,0
37355.0,37360.0,37357.5,2.48912e-06,1.24456e-05,0
37365.0,37370.0,37367.5,7.61504e-06,3.80752e-05,0
37370.0,37375.0,37372.5,2.48912e-06,1.24456e-05,0
37375.0,37380.0,37377.5,3.44412e-06,1.72206e-05,0
37380.0,37385.0,37382.5,2.48912e-06,1.24456e-05,0
37385.0,37390.0,37387.5,6.64258e-06,3.32129e-05,0
37400.0,37405.0,37402.5,4.5157e-06,2.25785e-05,0
37405.0,37410.0,37407.5,1.054548e-05,5.27274e-05,0
37410.0,37415.0,37412.5,4.8579e-06,2.42895e-05,0
37415.0,37420.0,37417.5,8.99464e-06,4.49732e-05,0
37425.0,37430.0,37427.5,3.22736e-06,1.61368e-05,0
37435.0,37440.0,37437.5,1.444156e-05,7.22078e-05,0
37450.0,37455.0,37452.5,3.10704e-06,1.55352e-05,0
37460.0,37465.0,37462.5,3.44412e-06,1.72206e-05,0
37475.0,37480.0,37477.5,6.50552e-06,3.25276e-05,0
37485.0,37490.0,37487.5,1.21878e-05,6.0939e-05,0
37510.0,37515.0,37512.5,4.8579e-06,2.42895e-05,0
37525.0,37530.0,37527.5,6.3852e-06,3.1926e-05,0
37530.0,37535.0,37532.5,3.10704e-06,1.55352e-05,0
37540.0,37545.0,37542.5,2.75406e-06,1.37703e-05,0
37545.0,37550.0,37547.5,4.8579e-06,2.42895e-05,0
37555.0,37560.0,37557.5,4.5157e-06,2.25785e-05,0
37560.0,37565.0,37562.5,6.2978e-06,3.1489e-05,0
37570.0,37575.0,37572.5,1.222202e-05,6.11101e-05,0
37580.0,37585.0,37582.5,3.44412e-06,1.72206e-05,0
37585.0,37590.0,37587.5,3.22736e-06,1.61368e-05,0
37595.0,37600.0,37597.5,3.19846e-06,1.59923e-05,0
37620.0,37625.0,37622.5,9.3736e-06,4.6868e-05,0
37635.0,37640.0,37637.5,3.27816e-06,1.63908e-05,0
37640.0,37645.0,37642.5,9.71582e-06,4.85791e-05,0
37645.0,37650.0,37647.5,9.48454e-06,4.74227e-05,0
37655.0,37660.0,37657.5,3.44412e-06,1.72206e-05,0
37670.0,37675.0,37672.5,2.48912e-06,1.24456e-05,0
37675.0,37680.0,37677.5,2.48912e-06,1.24456e-05,0
37685.0,37690.0,37687.5,1.133452e-05,5.66726e-05,0
37695.0,37700.0,37697.5,3.44412e-06,1.72206e-05,0
37700.0,37705.0,37702.5,3.27816e-06,1.63908e-05,0
37705.0,37710.0,37707.5,3.10704e-06,1.55352e-05,0
37710.0,37715.0,37712.5,5.8534e-06,2.9267e-05,0
37715.0,37720.0,37717.5,3.19846e-06,1.59923e-05,0
37720.0,37725.0,37722.5,3.44412e-06,1.72206e-05,0
37725.0,37730.0,37727.5,1.152938e-05,5.76469e-05,0
37735.0,37740.0,37737.5,9.25958e-06,4.62979e-05,0
37745.0,37750.0,37747.5,3.10704e-06,1.55352e-05,0
37780.0,37785.0,37782.5,8.08526e-06,4.04263e-05,0
37785.0,37790.0,37787.5,3.10704e-06,1.55352e-05,0
37790.0,37795.0,37792.5,4.8579e-06,2.42895e-05,0
37795.0,37800.0,37797.5,6.50552e-06,3.25276e-05,0
37805.0,37810.0,37807.5,4.5157e-06,2.25785e-05,0
37820.0,37825.0,37822.5,2.75406e-06,1.37703e-05,0
37825.0,37830.0,37827.5,1.1072e-05,5.536e-05,0
37830.0,37835.0,37832.5,3.44412e-06,1.72206e-05,0
37840.0,37845.0,37842.5,3.27816e-06,1.63908e-05,0
37845.0,37850.0,37847.5,2.75406e-06,1.37703e-05,0
37865.0,37870.0,37867.5,5.98142e-06,2.99071e-05,0
37880.0,37885.0,37882.5,3.27816e-06,1.63908e-05,0
37910.0,37915.0,37912.5,3.44412e-06,1.72206e-05,0
37915.0,37920.0,37917.5,3.27816e-06,1.63908e-05,0
37925.0,37930.0,37927.5,1.028298e-05,5.14149e-05,0
37945.0,37950.0,37947.5,4.5157e-06,2.25785e-05,0
37950.0,37955.0,37952.5,3.27816e-06,1.63908e-05,0
37965.0,37970.0,37967.5,3.44412e-06,1.72206e-05,0
37970.0,37975.0,37972.5,3.27816e-06,1.63908e-05,0
37980.0,37985.0,37982.5,3.44412e-06,1.72206e-05,0
37995.0,38000.0,37997.5,6.64258e-06,3.32129e-05,0
38000.0,38005.0,38002.5,2.75406e-06,1.37703e-05,0
38005.0,38010.0,38007.5,5.8534e-06,2.9267e-05,0
38020.0,38025.0,38022.5,3.19846e-06,1.59923e-05,0
38025.0,38030.0,38027.5,2.48912e-06,1.24456e-05,0
38035.0,38040.0,38037.5,3.27816e-06,1.63908e-05,0
38040.0,38045.0,38042.5,3.19846e-06,1.59923e-05,0
38055.0,38060.0,38057.5,2.75406e-06,1.37703e-05,0
38060.0,38065.0,38062.5,3.09934e-06,1.54967e-05,0
38065.0,38070.0,38067.5,3.19846e-06,1.59923e-05,0
38070.0,38075.0,38072.5,5.95252e-06,2.97626e-05,0
38075.0,38080.0,38077.5,2.75406e-06,1.37703e-05,0
38080.0,38085.0,38082.5,4.5157e-06,2.25785e-05,0
38085.0,38090.0,38087.5,1.11557e-05,5.57785e-05,0
38095.0,38100.0,38097.5,6.50552e-06,3.25276e-05,0
38100.0,38105.0,38102.5,1.485832e-05,7.42916e-05,0
38115.0,38120.0,38117.5,3.27816e-06,1.63908e-05,0
38120.0,38125.0,38122.5,3.19846e-06,1.59923e-05,0
38145.0,38150.0,38147.5,2.75406e-06,1.37703e-05,0
38155.0,38160.0,38157.5,1.079114e-05,5.39557e-05,0
38165.0,38170.0,38167.5,9.67508e-06,4.83754e-05,0
38170.0,38175.0,38172.5,4.5157e-06,2.25785e-05,0
38175.0,38180.0,38177.5,2.75406e-06,1.37703e-05,0
38190.0,38195.0,38192.5,3.19846e-06,1.59923e-05,0
38195.0,38200.0,38197.5,9.7329e-06,4.86645e-05,0
38205.0,38210.0,38207.5,3.27816e-06,1.63908e-05,0
38220.0,38225.0,38222.5,1.054548e-05,5.27274e-05,0
38230.0,38235.0,38232.5,1.754348e-05,8.77174e-05,0
38245.0,38250.0,38247.5,3.10704e-06,1.55352e-05,0
38255.0,38260.0,38257.5,4.5157e-06,2.25785e-05,0
38275.0,38280.0,38277.5,6.03222e-06,3.01611e-05,0
38300.0,38305.0,38302.5,3.10704e-06,1.55352e-05,0
38310.0,38315.0,38312.5,3.44412e-06,1.72206e-05,0
38320.0,38325.0,38322.5,3.44412e-06,1.72206e-05,0
38325.0,38330.0,38327.5,6.3775e-06,3.18875e-05,0
38330.0,38335.0,38332.5,3.44412e-06,1.72206e-05,0
38335.0,38340.0,38337.5,3.10704e-06,1.55352e-05,0
38350.0,38355.0,38352.5,7.71416e-06,3.85708e-05,0
38355.0,38360.0,38357.5,5.50812e-06,2.75406e-05,0
38370.0,38375.0,38372.5,5.95252e-06,2.97626e-05,0
38375.0,38380.0,38377.5,3.22736e-06,1.61368e-05,0
38385.0,38390.0,38387.5,2.75406e-06,1.37703e-05,0
38395.0,38400.0,38397.5,2.48912e-06,1.24456e-05,0
38400.0,38405.0,38402.5,3.22736e-06,1.61368e-05,0
38410.0,38415.0,38412.5,6.45474e-06,3.22737e-05,0
38415.0,38420.0,38417.5,5.98142e-06,2.99071e-05,0
38420.0,38425.0,38422.5,3.27816e-06,1.63908e-05,0
38435.0,38440.0,38437.5,3.22736e-06,1.61368e-05,0
38445.0,38450.0,38447.5,2.48912e-06,1.24456e-05,0
38450.0,38455.0,38452.5,7.61196e-06,3.80598e-05,0
38455.0,38460.0,38457.5,2.48912e-06,1.24456e-05,0
38465.0,38470.0,38467.5,3.44412e-06,1.72206e-05,0
38480.0,38485.0,38482.5,2.48912e-06,1.24456e-05,0
38495.0,38500.0,38497.5,5.71648e-06,2.85824e-05,0
38510.0,38515.0,38512.5,4.5157e-06,2.25785e-05,0
38525.0,38530.0,38527.5,3.44412e-06,1.72206e-05,0
38545.0,38550.0,38547.5,4.8579e-06,2.42895e-05,0
38550.0,38555.0,38552.5,2.75406e-06,1.37703e-05,0
38555.0,38560.0,38557.5,3.22736e-06,1.61368e-05,0
38560.0,38565.0,38562.5,4.5157e-06,2.25785e-05,0
38585.0,38590.0,38587.5,3.27816e-06,1.63908e-05,0
38595.0,38600.0,38597.5,8.96044e-06,4.48022e-05,0
38600.0,38605.0,38602.5,7.74306e-06,3.87153e-05,0
38610.0,38615.0,38612.5,4.5157e-06,2.25785e-05,0
38615.0,38620.0,38617.5,4.8579e-06,2.42895e-05,0
38620.0,38625.0,38622.5,3.27816e-06,1.63908e-05,0
38630.0,38635.0,38632.5,4.8579e-06,2.42895e-05,0
38640.0,38645.0,38642.5,2.48912e-06,1.24456e-05,0
38645.0,38650.0,38647.5,4.5157e-06,2.25785e-05,0
38655.0,38660.0,38657.5,3.27816e-06,1.63908e-05,0
38665.0,38670.0,38667.5,4.5157e-06,2.25785e-05,0
38675.0,38680.0,38677.5,3.10704e-06,1.55352e-05,0
38680.0,38685.0,38682.5,5.59616e-06,2.79808e-05,0
38710.0,38715.0,38712.5,3.27816e-06,1.63908e-05,0
38715.0,38720.0,38717.5,1.267528e-05,6.33764e-05,0
38720.0,38725.0,38722.5,2.75406e-06,1.37703e-05,0
38730.0,38735.0,38732.5,3.09934e-06,1.54967e-05,0
38735.0,38740.0,38737.5,3.19846e-06,1.59923e-05,0
38740.0,38745.0,38742.5,9.03138e-06,4.51569e-05,0
38770.0,38775.0,38772.5,2.75406e-06,1.37703e-05,0
38780.0,38785.0,38782.5,7.95724e-06,3.97862e-05,0
38790.0,38795.0,38792.5,3.19846e-06,1.59923e-05,0
38795.0,38800.0,38797.5,3.44412e-06,1.72206e-05,0
38835.0,38840.0,38837.5,7.62274e-06,3.81137e-05,0
38850.0,38855.0,38852.5,3.09934e-06,1.54967e-05,0
38855.0,38860.0,38857.5,4.5157e-06,2.25785e-05,0
38860.0,38865.0,38862.5,8.96574e-06,4.48287e-05,0
38865.0,38870.0,38867.5,4.8579e-06,2.42895e-05,0
38870.0,38875.0,38872.5,3.10704e-06,1.55352e-05,0
38875.0,38880.0,38877.5,3.19846e-06,1.59923e-05,0
38885.0,38890.0,38887.5,4.8579e-06,2.42895e-05,0
38890.0,38895.0,38892.5,2.75406e-06,1.37703e-05,0
38895.0,38900.0,38897.5,3.27816e-06,1.63908e-05,0
38905.0,38910.0,38907.5,6.19866e-06,3.09933e-05,0
38910.0,38915.0,38912.5,7.95724e-06,3.97862e-05,0
38920.0,38925.0,38922.5,2.75406e-06,1.37703e-05,0
38925.0,38930.0,38927.5,5.98142e-06,2.99071e-05,0
38935.0,38940.0,38937.5,3.10704e-06,1.55352e-05,0
38940.0,38945.0,38942.5,3.19846e-06,1.59923e-05,0
38945.0,38950.0,38947.5,6.88824e-06,3.44412e-05,0
38955.0,38960.0,38957.5,3.09934e-06,1.54967e-05,0
38960.0,38965.0,38962.5,2.75406e-06,1.37703e-05,0
38965.0,38970.0,38967.5,3.27816e-06,1.63908e-05,0
38990.0,38995.0,38992.5,5.8534e-06,2.9267e-05,0
39015.0,39020.0,39017.5,3.10704e-06,1.55352e-05,0
39030.0,39035.0,39032.5,9.23068e-06,4.61534e-05,0
39045.0,39050.0,39047.5,3.27816e-06,1.63908e-05,0
39050.0,39055.0,39052.5,3.09934e-06,1.54967e-05,0
39060.0,39065.0,39062.5,4.8579e-06,2.42895e-05,0
39065.0,39070.0,39067.5,3.22736e-06,1.61368e-05,0
39070.0,39075.0,39072.5,4.8579e-06,2.42895e-05,0
39080.0,39085.0,39082.5,9.86994e-06,4.93497e-05,0
39090.0,39095.0,39092.5,3.27816e-06,1.63908e-05,0
39095.0,39100.0,39097.5,3.22736e-06,1.61368e-05,0
39100.0,39105.0,39102.5,3.22736e-06,1.61368e-05,0
39105.0,39110.0,39107.5,3.22736e-06,1.61368e-05,0
39110.0,39115.0,39112.5,6.3852e-06,3.1926e-05,0
39130.0,39135.0,39132.5,6.19818e-06,3.09909e-05,0
39170.0,39175.0,39172.5,3.44412e-06,1.72206e-05,0
39175.0,39180.0,39177.5,3.19846e-06,1.59923e-05,0
39180.0,39185.0,39182.5,3.09934e-06,1.54967e-05,0
39185.0,39190.0,39187.5,3.22736e-06,1.61368e-05,0
39195.0,39200.0,39197.5,3.44412e-06,1.72206e-05,0
39200.0,39205.0,39202.5,6.21408e-06,3.10704e-05,0
39205.0,39210.0,39207.5,9.48454e-06,4.74227e-05,0
39210.0,39215.0,39212.5,3.22736e-06,1.61368e-05,0
39225.0,39230.0,39227.5,2.75406e-06,1.37703e-05,0
39230.0,39235.0,39232.5,7.79386e-06,3.89693e-05,0
39255.0,39260.0,39257.5,3.19846e-06,1.59923e-05,0
39265.0,39270.0,39267.5,6.67148e-06,3.33574e-05,0
39270.0,39275.0,39272.5,3.09934e-06,1.54967e-05,0
39280.0,39285.0,39282.5,6.3267e-06,3.16335e-05,0
39290.0,39295.0,39292.5,3.44412e-06,1.72206e-05,0
39315.0,39320.0,39317.5,3.44412e-06,1.72206e-05,0
39320.0,39325.0,39322.5,3.22736e-06,1.61368e-05,0
39335.0,39340.0,39337.5,7.95982e-06,3.97991e-05,0
39350.0,39355.0,39352.5,2.75406e-06,1.37703e-05,0
39355.0,39360.0,39357.5,4.5157e-06,2.25785e-05,0
39365.0,39370.0,39367.5,3.10704e-06,1.55352e-05,0
39370.0,39375.0,39372.5,1.128372e-05,5.64186e-05,0
39380.0,39385.0,39382.5,7.00482e-06,3.50241e-05,0
39395.0,39400.0,39397.5,3.27816e-06,1.63908e-05,0
39400.0,39405.0,39402.5,3.27816e-06,1.63908e-05,0
39410.0,39415.0,39412.5,3.22736e-06,1.61368e-05,0
39415.0,39420.0,39417.5,6.5563e-06,3.27815e-05,0
39425.0,39430.0,39427.5,6.3267e-06,3.16335e-05,0
39440.0,39445.0,39442.5,3.10704e-06,1.55352e-05,0
39445.0,39450.0,39447.5,3.10704e-06,1.55352e-05,0
39450.0,39455.0,39452.5,4.97822e-06,2.48911e-05,0
39460.0,39465.0,39462.5,2.48912e-06,1.24456e-05,0
39465.0,39470.0,39467.5,6.20638e-06,3.10319e-05,0
39510.0,39515.0,39512.5,3.19846e-06,1.59923e-05,0
39530.0,39535.0,39532.5,4.5157e-06,2.25785e-05,0
39540.0,39545.0,39542.5,3.10704e-06,1.55352e-05,0
39555.0,39560.0,39557.5,1.198474e-05,5.99237e-05,0
39580.0,39585.0,39582.5,6.3267e-06,3.16335e-05,0
39585.0,39590.0,39587.5,6.3267e-06,3.16335e-05,0
39605.0,39610.0,39607.5,3.09934e-06,1.54967e-05,0
39615.0,39620.0,39617.5,3.19846e-06,1.59923e-05,0
39620.0,39625.0,39622.5,3.09934e-06,1.54967e-05,0
39625.0,39630.0,39627.5,4.5157e-06,2.25785e-05,0
39630.0,39635.0,39632.5,3.10704e-06,1.55352e-05,0
39635.0,39640.0,39637.5,3.10704e-06,1.55352e-05,0
39645.0,39650.0,39647.5,5.76728e-06,2.88364e-05,0
39655.0,39660.0,39657.5,9.83446e-06,4.91723e-05,0
39660.0,39665.0,39662.5,4.8579e-06,2.42895e-05,0
39670.0,39675.0,39672.5,2.48912e-06,1.24456e-05,0
39675.0,39680.0,39677.5,3.27816e-06,1.63908e-05,0
39680.0,39685.0,39682.5,3.19846e-06,1.59923e-05,0
39685.0,39690.0,39687.5,3.09934e-06,1.54967e-05,0
39690.0,39695.0,39692.5,3.09934e-06,1.54967e-05,0
39695.0,39700.0,39697.5,3.19846e-06,1.59923e-05,0
39710.0,39715.0,39712.5,2.48912e-06,1.24456e-05,0
39725.0,39730.0,39727.5,3.44412e-06,1.72206e-05,0
39740.0,39745.0,39742.5,3.10704e-06,1.55352e-05,0
39755.0,39760.0,39757.5,3.19846e-06,1.59923e-05,0
39770.0,39775.0,39772.5,6.67148e-06,3.33574e-05,0
39775.0,39780.0,39777.5,2.48912e-06,1.24456e-05,0
39780.0,39785.0,39782.5,3.27816e-06,1.63908e-05,0
39795.0,39800.0,39797.5,2.48912e-06,1.24456e-05,0
39805.0,39810.0,39807.5,2.75406e-06,1.37703e-05,0
39810.0,39815.0,39812.5,3.27816e-06,1.63908e-05,0
39815.0,39820.0,39817.5,3.10704e-06,1.55352e-05,0
39820.0,39825.0,39822.5,3.19846e-06,1.59923e-05,0
39830.0,39835.0,39832.5,3.09934e-06,1.54967e-05,0
39835.0,39840.0,39837.5,6.42582e-06,3.21291e-05,0
39840.0,39845.0,39842.5,9.3736e-06,4.6868e-05,0
39850.0,39855.0,39852.5,3.09934e-06,1.54967e-05,0
39855.0,39860.0,39857.5,6.3852e-06,3.1926e-05,0
39865.0,39870.0,39867.5,3.44412e-06,1.72206e-05,0
39875.0,39880.0,39877.5,5.93324e-06,2.96662e-05,0
39900.0,39905.0,39902.5,3.10704e-06,1.55352e-05,0
39930.0,39935.0,39932.5,6.50552e-06,3.25276e-05,0
39935.0,39940.0,39937.5,3.27816e-06,1.63908e-05,0
39940.0,39945.0,39942.5,4.5157e-06,2.25785e-05,0
39945.0,39950.0,39947.5,3.22736e-06,1.61368e-05,0
39955.0,39960.0,39957.5,5.76728e-06,2.88364e-05,0
39960.0,39965.0,39962.5,1.028298e-05,5.14149e-05,0
39970.0,39975.0,39972.5,3.19846e-06,1.59923e-05,0
39975.0,39980.0,39977.5,3.10704e-06,1.55352e-05,0
39980.0,39985.0,39982.5,3.22736e-06,1.61368e-05,0
39995.0,40000.0,39997.5,7.61196e-06,3.80598e-05,0
40005.0,40010.0,40007.5,3.27816e-06,1.63908e-05,0
40015.0,40020.0,40017.5,3.44412e-06,1.72206e-05,0
40020.0,40025.0,40022.5,8.08526e-06,4.04263e-05,0
40025.0,40030.0,40027.5,3.44412e-06,1.72206e-05,0
40030.0,40035.0,40032.5,3.22736e-06,1.61368e-05,0
40050.0,40055.0,40052.5,3.44412e-06,1.72206e-05,0
40055.0,40060.0,40057.5,7.79386e-06,3.89693e-05,0
40065.0,40070.0,40067.5,6.55116e-06,3.27558e-05,0
40075.0,40080.0,40077.5,5.24318e-06,2.62159e-05,0
40085.0,40090.0,40087.5,4.8579e-06,2.42895e-05,0
40095.0,40100.0,40097.5,2.48912e-06,1.24456e-05,0
40100.0,40105.0,40102.5,2.48912e-06,1.24456e-05,0
40110.0,40115.0,40112.5,4.8579e-06,2.42895e-05,0
40115.0,40120.0,40117.5,3.22736e-06,1.61368e-05,0
40125.0,40130.0,40127.5,9.55408e-06,4.77704e-05,0
40140.0,40145.0,40142.5,3.22736e-06,1.61368e-05,0
40145.0,40150.0,40147.5,4.5157e-06,2.25785e-05,0
40160.0,40165.0,40162.5,2.48912e-06,1.24456e-05,0
40175.0,40180.0,40177.5,5.76728e-06,2.88364e-05,0
40185.0,40190.0,40187.5,3.22736e-06,1.61368e-05,0
40190.0,40195.0,40192.5,3.22736e-06,1.61368e-05,0
40215.0,40220.0,40217.5,3.22736e-06,1.61368e-05,0
40235.0,40240.0,40237.5,3.19846e-06,1.59923e-05,0
40240.0,40245.0,40242.5,8.95224e-06,4.47612e-05,0
40250.0,40255.0,40252.5,5.8534e-06,2.9267e-05,0
40255.0,40260.0,40257.5,9.99528e-06,4.99764e-05,0
40285.0,40290.0,40287.5,2.75406e-06,1.37703e-05,0
40300.0,40305.0,40302.5,8.08526e-06,4.04263e-05,0
40305.0,40310.0,40307.5,3.19846e-06,1.59923e-05,0
40310.0,40315.0,40312.5,2.75406e-06,1.37703e-05,0
40325.0,40330.0,40327.5,7.71416e-06,3.85708e-05,0
40330.0,40335.0,40332.5,2.75406e-06,1.37703e-05,0
40335.0,40340.0,40337.5,4.8579e-06,2.42895e-05,0
40350.0,40355.0,40352.5,5.8534e-06,2.9267e-05,0
40355.0,40360.0,40357.5,3.10704e-06,1.55352e-05,0
40360.0,40365.0,40362.5,6.5563e-06,3.27815e-05,0
40365.0,40370.0,40367.5,9.65564e-06,4.82782e-05,0
40370.0,40375.0,40372.5,3.10704e-06,1.55352e-05,0
40375.0,40380.0,40377.5,3.09934e-06,1.54967e-05,0
40380.0,40385.0,40382.5,6.2978e-06,3.1489e-05,0
40385.0,40390.0,40387.5,1.09009e-05,5.45045e-05,0
40395.0,40400.0,40397.5,4.5157e-06,2.25785e-05,0
40415.0,40420.0,40417.5,6.64258e-06,3.32129e-05,0
40420.0,40425.0,40422.5,6.19818e-06,3.09909e-05,0
40440.0,40445.0,40442.5,3.44412e-06,1.72206e-05,0
40450.0,40455.0,40452.5,3.22736e-06,1.61368e-05,0
40455.0,40460.0,40457.5,4.5157e-06,2.25785e-05,0
40465.0,40470.0,40467.5,4.5157e-06,2.25785e-05,0
40495.0,40500.0,40497.5,7.00482e-06,3.50241e-05,0
40515.0,40520.0,40517.5,2.75406e-06,1.37703e-05,0
40520.0,40525.0,40522.5,6.5563e-06,3.27815e-05,0
40530.0,40535.0,40532.5,9.65564e-06,4.82782e-05,0
40535.0,40540.0,40537.5,3.44412e-06,1.72206e-05,0
40545.0,40550.0,40547.5,3.09934e-06,1.54967e-05,0
40565.0,40570.0,40567.5,9.94964e-06,4.97482e-05,0
40570.0,40575.0,40572.5,3.10704e-06,1.55352e-05,0
40585.0,40590.0,40587.5,3.44412e-06,1.72206e-05,0
40590.0,40595.0,40592.5,6.47662e-06,3.23831e-05,0
40595.0,40600.0,40597.5,4.8579e-06,2.42895e-05,0
40605.0,40610.0,40607.5,9.70398e-06,4.85199e-05,0
40610.0,40615.0,40612.5,4.8579e-06,2.42895e-05,0
40620.0,40625.0,40622.5,5.76728e-06,2.88364e-05,0
40625.0,40630.0,40627.5,6.3775e-06,3.18875e-05,0
40630.0,40635.0,40632.5,4.5157e-06,2.25785e-05,0
40635.0,40640.0,40637.5,3.09934e-06,1.54967e-05,0
40640.0,40645.0,40642.5,4.5157e-06,2.25785e-05,0
40645.0,40650.0,40647.5,7.61196e-06,3.80598e-05,0
40650.0,40655.0,40652.5,3.27816e-06,1.63908e-05,0
40655.0,40660.0,40657.5,3.22736e-06,1.61368e-05,0
40690.0,40695.0,40692.5,2.75406e-06,1.37703e-05,0
40695.0,40700.0,40697.5,3.19846e-06,1.59923e-05,0
40700.0,40705.0,40702.5,5.98142e-06,2.99071e-05,0
40710.0,40715.0,40712.5,3.10704e-06,1.55352e-05,0
40765.0,40770.0,40767.5,3.09934e-06,1.54967e-05,0
40775.0,40780.0,40777.5,9.74962e-06,4.87481e-05,0
40780.0,40785.0,40782.5,6.03222e-06,3.01611e-05,0
40785.0,40790.0,40787.5,7.71416e-06,3.85708e-05,0
40790.0,40795.0,40792.5,2.75406e-06,1.37703e-05,0
40800.0,40805.0,40802.5,3.44412e-06,1.72206e-05,0
40815.0,40820.0,40817.5,2.75406e-06,1.37703e-05,0
40820.0,40825.0,40822.5,2.48912e-06,1.24456e-05,0
40835.0,40840.0,40837.5,2.75406e-06,1.37703e-05,0
40840.0,40845.0,40842.5,6.3852e-06,3.1926e-05,0
40845.0,40850.0,40847.5,3.44412e-06,1.72206e-05,0
40850.0,40855.0,40852.5,6.20638e-06,3.10319e-05,0
40855.0,40860.0,40857.5,3.09934e-06,1.54967e-05,0
40865.0,40870.0,40867.5,2.48912e-06,1.24456e-05,0
40870.0,40875.0,40872.5,2.48912e-06,1.24456e-05,0
40875.0,40880.0,40877.5,6.19866e-06,3.09933e-05,0
40880.0,40885.0,40882.5,3.22736e-06,1.61368e-05,0
40900.0,40905.0,40902.5,3.10704e-06,1.55352e-05,0
40905.0,40910.0,40907.5,4.5157e-06,2.25785e-05,0
40910.0,40915.0,40912.5,3.44412e-06,1.72206e-05,0
40915.0,40920.0,40917.5,2.48912e-06,1.24456e-05,0
40930.0,40935.0,40932.5,5.24318e-06,2.62159e-05,0
40940.0,40945.0,40942.5,3.19846e-06,1.59923e-05,0
40945.0,40950.0,40947.5,4.5157e-06,2.25785e-05,0
40950.0,40955.0,40952.5,7.74306e-06,3.87153e-05,0
40985.0,40990.0,40987.5,4.97822e-06,2.48911e-05,0
41000.0,41005.0,41002.5,3.10704e-06,1.55352e-05,0
41020.0,41025.0,41022.5,3.27816e-06,1.63908e-05,0
41030.0,41035.0,41032.5,3.10704e-06,1.55352e-05,0
41035.0,41040.0,41037.5,2.75406e-06,1.37703e-05,0
41045.0,41050.0,41047.5,3.27816e-06,1.63908e-05,0
41050.0,41055.0,41052.5,3.09934e-06,1.54967e-05,0
41055.0,41060.0,41057.5,3.27816e-06,1.63908e-05,0
41060.0,41065.0,41062.5,3.27816e-06,1.63908e-05,0
41070.0,41075.0,41072.5,3.19846e-06,1.59923e-05,0
41085.0,41090.0,41087.5,3.44412e-06,1.72206e-05,0
41115.0,41120.0,41117.5,1.002382e-05,5.01191e-05,0
41120.0,41125.0,41122.5,3.44412e-06,1.72206e-05,0
41130.0,41135.0,41132.5,8.30202e-06,4.15101e-05,0
41140.0,41145.0,41142.5,4.8579e-06,2.42895e-05,0
41160.0,41165.0,41162.5,2.48912e-06,1.24456e-05,0
41165.0,41170.0,41167.5,3.09934e-06,1.54967e-05,0
41175.0,41180.0,41177.5,2.48912e-06,1.24456e-05,0
41180.0,41185.0,41182.5,3.19846e-06,1.59923e-05,0
41185.0,41190.0,41187.5,5.71648e-06,2.85824e-05,0
41190.0,41195.0,41192.5,3.44412e-06,1.72206e-05,0
41200.0,41205.0,41202.5,2.48912e-06,1.24456e-05,0
41210.0,41215.0,41212.5,9.71582e-06,4.85791e-05,0
41215.0,41220.0,41217.5,2.75406e-06,1.37703e-05,0
41220.0,41225.0,41222.5,3.10704e-06,1.55352e-05,0
41225.0,41230.0,41227.5,2.75406e-06,1.37703e-05,0
41255.0,41260.0,41257.5,3.27816e-06,1.63908e-05,0
41260.0,41265.0,41262.5,3.19846e-06,1.59923e-05,0
41265.0,41270.0,41267.5,4.8579e-06,2.42895e-05,0
41285.0,41290.0,41287.5,3.44412e-06,1.72206e-05,0
41290.0,41295.0,41292.5,3.44412e-06,1.72206e-05,0
41295.0,41300.0,41297.5,3.27816e-06,1.63908e-05,0
41300.0,41305.0,41302.5,3.22736e-06,1.61368e-05,0
41335.0,41340.0,41337.5,3.44412e-06,1.72206e-05,0
41345.0,41350.0,41347.5,2.75406e-06,1.37703e-05,0
41360.0,41365.0,41362.5,2.48912e-06,1.24456e-05,0
41375.0,41380.0,41377.5,2.75406e-06,1.37703e-05,0
41385.0,41390.0,41387.5,4.97822e-06,2.48911e-05,0
41390.0,41395.0,41392.5,3.22736e-06,1.61368e-05,0
41400.0,41405.0,41402.5,3.44412e-06,1.72206e-05,0
41405.0,41410.0,41407.5,9.03138e-06,4.51569e-05,0
41415.0,41420.0,41417.5,9.94964e-06,4.97482e-05,0
41420.0,41425.0,41422.5,3.27816e-06,1.63908e-05,0
41425.0,41430.0,41427.5,8.47054e-06,4.23527e-05,0
41430.0,41435.0,41432.5,1.179434e-05,5.89717e-05,0
41460.0,41465.0,41462.5,3.10704e-06,1.55352e-05,0
41465.0,41470.0,41467.5,2.75406e-06,1.37703e-05,0
41475.0,41480.0,41477.5,2.75406e-06,1.37703e-05,0
41480.0,41485.0,41482.5,9.03138e-06,4.51569e-05,0
41495.0,41500.0,41497.5,4.5157e-06,2.25785e-05,0
41505.0,41510.0,41507.5,8.05636e-06,4.02818e-05,0
41520.0,41525.0,41522.5,3.09934e-06,1.54967e-05,0
41540.0,41545.0,41542.5,3.19846e-06,1.59923e-05,0
41550.0,41555.0,41552.5,3.19846e-06,1.59923e-05,0
41555.0,41560.0,41557.5,7.71416e-06,3.85708e-05,0
41565.0,41570.0,41567.5,7.62274e-06,3.81137e-05,0
41585.0,41590.0,41587.5,3.27816e-06,1.63908e-05,0
41605.0,41610.0,41607.5,4.8579e-06,2.42895e-05,0
41615.0,41620.0,41617.5,3.27816e-06,1.63908e-05,0
41625.0,41630.0,41627.5,3.27816e-06,1.63908e-05,0
41630.0,41635.0,41632.5,4.5157e-06,2.25785e-05,0
41645.0,41650.0,41647.5,3.27816e-06,1.63908e-05,0
41650.0,41655.0,41652.5,6.72228e-06,3.36114e-05,0
41665.0,41670.0,41667.5,3.27816e-06,1.63908e-05,0
41675.0,41680.0,41677.5,6.5563e-06,3.27815e-05,0
41680.0,41685.0,41682.5,3.27816e-06,1.63908e-05,0
41685.0,41690.0,41687.5,3.22736e-06,1.61368e-05,0
41700.0,41705.0,41702.5,8.78628e-06,4.39314e-05,0
41710.0,41715.0,41712.5,3.10704e-06,1.55352e-05,0
41730.0,41735.0,41732.5,4.8579e-06,2.42895e-05,0
41745.0,41750.0,41747.5,8.20558e-06,4.10279e-05,0
41760.0,41765.0,41762.5,4.5157e-06,2.25785e-05,0
41765.0,41770.0,41767.5,5.50812e-06,2.75406e-05,0
41795.0,41800.0,41797.5,2.48912e-06,1.24456e-05,0
41810.0,41815.0,41812.5,3.09934e-06,1.54967e-05,0
41815.0,41820.0,41817.5,3.09934e-06,1.54967e-05,0
41825.0,41830.0,41827.5,5.98142e-06,2.99071e-05,0
41835.0,41840.0,41837.5,3.22736e-06,1.61368e-05,0
41840.0,41845.0,41842.5,4.5157e-06,2.25785e-05,0
41860.0,41865.0,41862.5,3.09934e-06,1.54967e-05,0
41890.0,41895.0,41892.5,7.26976e-06,3.63488e-05,0
41905.0,41910.0,41907.5,7.62274e-06,3.81137e-05,0
41925.0,41930.0,41927.5,3.19846e-06,1.59923e-05,0
41930.0,41935.0,41932.5,6.88824e-06,3.44412e-05,0
41935.0,41940.0,41937.5,5.93324e-06,2.96662e-05,0
41945.0,41950.0,41947.5,3.10704e-06,1.55352e-05,0
41950.0,41955.0,41952.5,6.67148e-06,3.33574e-05,0
41960.0,41965.0,41962.5,3.22736e-06,1.61368e-05,0
41985.0,41990.0,41987.5,2.48912e-06,1.24456e-05,0
42005.0,42010.0,42007.5,3.09934e-06,1.54967e-05,0
42010.0,42015.0,42012.5,5.76728e-06,2.88364e-05,0
42015.0,42020.0,42017.5,2.75406e-06,1.37703e-05,0
42030.0,42035.0,42032.5,3.09934e-06,1.54967e-05,0
42035.0,42040.0,42037.5,4.5157e-06,2.25785e-05,0
42040.0,42045.0,42042.5,5.68758e-06,2.84379e-05,0
42050.0,42055.0,42052.5,6.3775e-06,3.18875e-05,0
42055.0,42060.0,42057.5,3.22736e-06,1.61368e-05,0
42060.0,42065.0,42062.5,3.19846e-06,1.59923e-05,0
42065.0,42070.0,42067.5,4.5157e-06,2.25785e-05,0
42070.0,42075.0,42072.5,3.10704e-06,1.55352e-05,0
42075.0,42080.0,42077.5,3.19846e-06,1.59923e-05,0
42080.0,42085.0,42082.5,6.45474e-06,3.22737e-05,0
42085.0,42090.0,42087.5,1.14142e-05,5.7071e-05,0
42115.0,42120.0,42117.5,3.22736e-06,1.61368e-05,0
42120.0,42125.0,42122.5,3.44412e-06,1.72206e-05,0
42125.0,42130.0,42127.5,7.71416e-06,3.85708e-05,0
42130.0,42135.0,42132.5,9.65564e-06,4.82782e-05,0
42150.0,42155.0,42152.5,4.5157e-06,2.25785e-05,0
42160.0,42165.0,42162.5,3.27816e-06,1.63908e-05,0
42180.0,42185.0,42182.5,3.27816e-06,1.63908e-05,0
42195.0,42200.0,42197.5,6.3344e-06,3.1672e-05,0
42210.0,42215.0,42212.5,3.22736e-06,1.61368e-05,0
42220.0,42225.0,42222.5,3.27816e-06,1.63908e-05,0
42230.0,42235.0,42232.5,2.75406e-06,1.37703e-05,0
42245.0,42250.0,42247.5,3.09934e-06,1.54967e-05,0
42260.0,42265.0,42262.5,6.3344e-06,3.1672e-05,0
42290.0,42295.0,42292.5,3.22736e-06,1.61368e-05,0
42295.0,42300.0,42297.5,3.27816e-06,1.63908e-05,0
42300.0,42305.0,42302.5,3.44412e-06,1.72206e-05,0
42305.0,42310.0,42307.5,6.2978e-06,3.1489e-05,0
42320.0,42325.0,42322.5,3.19846e-06,1.59923e-05,0
42325.0,42330.0,42327.5,4.5157e-06,2.25785e-05,0
42330.0,42335.0,42332.5,5.76728e-06,2.88364e-05,0
42340.0,42345.0,42342.5,2.48912e-06,1.24456e-05,0
42345.0,42350.0,42347.5,5.71648e-06,2.85824e-05,0
42350.0,42355.0,42352.5,3.22736e-06,1.61368e-05,0
42355.0,42360.0,42357.5,6.3344e-06,3.1672e-05,0
42365.0,42370.0,42367.5,3.44412e-06,1.72206e-05,0
42375.0,42380.0,42377.5,4.5157e-06,2.25785e-05,0
42385.0,42390.0,42387.5,7.74306e-06,3.87153e-05,0
42410.0,42415.0,42412.5,3.10704e-06,1.55352e-05,0
42415.0,42420.0,42417.5,3.09934e-06,1.54967e-05,0
42420.0,42425.0,42422.5,7.62274e-06,3.81137e-05,0
42440.0,42445.0,42442.5,7.79386e-06,3.89693e-05,0
42445.0,42450.0,42447.5,6.3267e-06,3.16335e-05,0
42450.0,42455.0,42452.5,2.75406e-06,1.37703e-05,0
42465.0,42470.0,42467.5,3.22736e-06,1.61368e-05,0
42475.0,42480.0,42477.5,2.48912e-06,1.24456e-05,0
42485.0,42490.0,42487.5,2.48912e-06,1.24456e-05,0
42510.0,42515.0,42512.5,3.09934e-06,1.54967e-05,0
42530.0,42535.0,42532.5,3.10704e-06,1.55352e-05,0
42535.0,42540.0,42537.5,3.22736e-06,1.61368e-05,0
42545.0,42550.0,42547.5,3.27816e-06,1.63908e-05,0
42550.0,42555.0,42552.5,8.05636e-06,4.02818e-05,0
42575.0,42580.0,42577.5,6.3852e-06,3.1926e-05,0
42580.0,42585.0,42582.5,3.19846e-06,1.59923e-05,0
42595.0,42600.0,42597.5,6.3055e-06,3.15275e-05,0
42605.0,42610.0,42607.5,9.08846e-06,4.54423e-05,0
42610.0,42615.0,42612.5,3.44412e-06,1.72206e-05,0
42615.0,42620.0,42617.5,4.5157e-06,2.25785e-05,0
42635.0,42640.0,42637.5,3.19846e-06,1.59923e-05,0
42640.0,42645.0,42642.5,3.44412e-06,1.72206e-05,0
42645.0,42650.0,42647.5,6.42582e-06,3.21291e-05,0
42650.0,42655.0,42652.5,3.44412e-06,1.72206e-05,0
42655.0,42660.0,42657.5,3.44412e-06,1.72206e-05,0
42660.0,42665.0,42662.5,2.48912e-06,1.24456e-05,0
42665.0,42670.0,42667.5,2.48912e-06,1.24456e-05,0
42675.0,42680.0,42677.5,3.27816e-06,1.63908e-05,0
42680.0,42685.0,42682.5,3.09934e-06,1.54967e-05,0
42685.0,42690.0,42687.5,3.10704e-06,1.55352e-05,0
42690.0,42695.0,42692.5,3.27816e-06,1.63908e-05,0
42695.0,42700.0,42697.5,3.19846e-06,1.59923e-05,0
42705.0,42710.0,42707.5,2.75406e-06,1.37703e-05,0
42710.0,42715.0,42712.5,3.22736e-06,1.61368e-05,0
42730.0,42735.0,42732.5,8.30202e-06,4.15101e-05,0
42740.0,42745.0,42742.5,7.62274e-06,3.81137e-05,0
42750.0,42755.0,42752.5,4.8579e-06,2.42895e-05,0
42755.0,42760.0,42757.5,2.75406e-06,1.37703e-05,0
42770.0,42775.0,42772.5,4.8579e-06,2.42895e-05,0
42780.0,42785.0,42782.5,3.27816e-06,1.63908e-05,0
42805.0,42810.0,42807.5,3.22736e-06,1.61368e-05,0
42825.0,42830.0,42827.5,6.3775e-06,3.18875e-05,0
42855.0,42860.0,42857.5,4.8579e-06,2.42895e-05,0
42860.0,42865.0,42862.5,5.71648e-06,2.85824e-05,0
42875.0,42880.0,42877.5,2.48912e-06,1.24456e-05,0
42880.0,42885.0,42882.5,3.44412e-06,1.72206e-05,0
42895.0,42900.0,42897.5,3.27816e-06,1.63908e-05,0
42900.0,42905.0,42902.5,3.44412e-06,1.72206e-05,0
42915.0,42920.0,42917.5,3.09934e-06,1.54967e-05,0
42920.0,42925.0,42922.5,4.5157e-06,2.25785e-05,0
42930.0,42935.0,42932.5,4.5157e-06,2.25785e-05,0
42945.0,42950.0,42947.5,2.75406e-06,1.37703e-05,0
42970.0,42975.0,42972.5,3.09934e-06,1.54967e-05,0
42980.0,42985.0,42982.5,3.44412e-06,1.72206e-05,0
42995.0,43000.0,42997.5,1.0719e-05,5.3595e-05,0
43015.0,43020.0,43017.5,3.19846e-06,1.59923e-05,0
43030.0,43035.0,43032.5,7.95982e-06,3.97991e-05,0
43060.0,43065.0,43062.5,3.27816e-06,1.63908e-05,0
43065.0,43070.0,43067.5,3.10704e-06,1.55352e-05,0
43075.0,43080.0,43077.5,3.27816e-06,1.63908e-05,0
43080.0,43085.0,43082.5,4.5157e-06,2.25785e-05,0
43105.0,43110.0,43107.5,3.44412e-06,1.72206e-05,0
43110.0,43115.0,43112.5,2.75406e-06,1.37703e-05,0
43115.0,43120.0,43117.5,2.75406e-06,1.37703e-05,0
43120.0,43125.0,43122.5,3.22736e-06,1.61368e-05,0
43125.0,43130.0,43127.5,6.3775e-06,3.18875e-05,0
43130.0,43135.0,43132.5,1.083932e-05,5.41966e-05,0
43140.0,43145.0,43142.5,4.8579e-06,2.42895e-05,0
43155.0,43160.0,43157.5,3.44412e-06,1.72206e-05,0
43175.0,43180.0,43177.5,2.48912e-06,1.24456e-05,0
43195.0,43200.0,43197.5,3.27816e-06,1.63908e-05,0
43235.0,43240.0,43237.5,3.19846e-06,1.59923e-05,0
43245.0,43250.0,43247.5,7.71416e-06,3.85708e-05,0
43250.0,43255.0,43252.5,2.75406e-06,1.37703e-05,0
43315.0,43320.0,43317.5,7.26976e-06,3.63488e-05,0
43320.0,43325.0,43322.5,3.44412e-06,1.72206e-05,0
43335.0,43340.0,43337.5,3.09934e-06,1.54967e-05,0
43350.0,43355.0,43352.5,7.74306e-06,3.87153e-05,0
43355.0,43360.0,43357.5,3.27816e-06,1.63908e-05,0
43380.0,43385.0,43382.5,3.44412e-06,1.72206e-05,0
43415.0,43420.0,43417.5,3.44412e-06,1.72206e-05,0
43435.0,43440.0,43437.5,4.5157e-06,2.25785e-05,0
43440.0,43445.0,43442.5,4.8579e-06,2.42895e-05,0
43445.0,43450.0,43447.5,3.09934e-06,1.54967e-05,0
43455.0,43460.0,43457.5,3.22736e-06,1.61368e-05,0
43460.0,43465.0,43462.5,3.27816e-06,1.63908e-05,0
43470.0,43475.0,43472.5,4.8579e-06,2.42895e-05,0
43475.0,43480.0,43477.5,6.47662e-06,3.23831e-05,0
43485.0,43490.0,43487.5,1.079114e-05,5.39557e-05,0
43490.0,43495.0,43492.5,3.22736e-06,1.61368e-05,0
43500.0,43505.0,43502.5,7.79386e-06,3.89693e-05,0
43510.0,43515.0,43512.5,2.75406e-06,1.37703e-05,0
43520.0,43525.0,43522.5,3.44412e-06,1.72206e-05,0
43530.0,43535.0,43532.5,4.5157e-06,2.25785e-05,0
43535.0,43540.0,43537.5,4.8579e-06,2.42895e-05,0
43540.0,43545.0,43542.5,3.27816e-06,1.63908e-05,0
43550.0,43555.0,43552.5,3.19846e-06,1.59923e-05,0
43555.0,43560.0,43557.5,2.48912e-06,1.24456e-05,0
43575.0,43580.0,43577.5,3.19846e-06,1.59923e-05,0
43585.0,43590.0,43587.5,3.19846e-06,1.59923e-05,0
43595.0,43600.0,43597.5,6.3852e-06,3.1926e-05,0
43600.0,43605.0,43602.5,3.27816e-06,1.63908e-05,0
43605.0,43610.0,43607.5,7.26976e-06,3.63488e-05,0
43610.0,43615.0,43612.5,3.22736e-06,1.61368e-05,0
43615.0,43620.0,43617.5,3.09934e-06,1.54967e-05,0
43635.0,43640.0,43637.5,3.09934e-06,1.54967e-05,0
43650.0,43655.0,43652.5,3.27816e-06,1.63908e-05,0
43660.0,43665.0,43662.5,9.3736e-06,4.6868e-05,0
43665.0,43670.0,43667.5,7.00482e-06,3.50241e-05,0
43675.0,43680.0,43677.5,5.8611e-06,2.93055e-05,0
43700.0,43705.0,43702.5,3.27816e-06,1.63908e-05,0
43715.0,43720.0,43717.5,2.75406e-06,1.37703e-05,0
43740.0,43745.0,43742.5,6.67148e-06,3.33574e-05,0
43745.0,43750.0,43747.5,2.75406e-06,1.37703e-05,0
43750.0,43755.0,43752.5,4.5157e-06,2.25785e-05,0
43785.0,43790.0,43787.5,2.75406e-06,1.37703e-05,0
43790.0,43795.0,43792.5,3.27816e-06,1.63908e-05,0
43795.0,43800.0,43797.5,2.48912e-06,1.24456e-05,0
43815.0,43820.0,43817.5,3.27816e-06,1.63908e-05,0
43820.0,43825.0,43822.5,3.27816e-06,1.63908e-05,0
43825.0,43830.0,43827.5,6.50552e-06,3.25276e-05,0
43830.0,43835.0,43832.5,3.44412e-06,1.72206e-05,0
43835.0,43840.0,43837.5,3.27816e-06,1.63908e-05,0
43850.0,43855.0,43852.5,2.75406e-06,1.37703e-05,0
43855.0,43860.0,43857.5,2.75406e-06,1.37703e-05,0
43885.0,43890.0,43887.5,3.44412e-06,1.72206e-05,0
43895.0,43900.0,43897.5,2.75406e-06,1.37703e-05,0
43900.0,43905.0,43902.5,3.10704e-06,1.55352e-05,0
43915.0,43920.0,43917.5,3.10704e-06,1.55352e-05,0
43920.0,43925.0,43922.5,3.27816e-06,1.63908e-05,0
43925.0,43930.0,43927.5,6.47662e-06,3.23831e-05,0
43935.0,43940.0,43937.5,3.27816e-06,1.63908e-05,0
43940.0,43945.0,43942.5,3.10704e-06,1.55352e-05,0
43945.0,43950.0,43947.5,4.5157e-06,2.25785e-05,0
43950.0,43955.0,43952.5,6.03222e-06,3.01611e-05,0
43960.0,43965.0,43962.5,4.5157e-06,2.25785e-05,0
43970.0,43975.0,43972.5,2.48912e-06,1.24456e-05,0
43975.0,43980.0,43977.5,1.546596e-05,7.73298e-05,0
43980.0,43985.0,43982.5,2.48912e-06,1.24456e-05,0
43995.0,44000.0,43997.5,5.76728e-06,2.88364e-05,0
44005.0,44010.0,44007.5,2.75406e-06,1.37703e-05,0
44030.0,44035.0,44032.5,2.48912e-06,1.24456e-05,0
44040.0,44045.0,44042.5,4.5157e-06,2.25785e-05,0
44045.0,44050.0,44047.5,3.09934e-06,1.54967e-05,0
44060.0,44065.0,44062.5,6.3267e-06,3.16335e-05,0
44090.0,44095.0,44092.5,3.19846e-06,1.59923e-05,0
44095.0,44100.0,44097.5,3.22736e-06,1.61368e-05,0
44100.0,44105.0,44102.5,2.48912e-06,1.24456e-05,0
44110.0,44115.0,44112.5,3.19846e-06,1.59923e-05,0
44115.0,44120.0,44117.5,2.48912e-06,1.24456e-05,0
44120.0,44125.0,44122.5,2.75406e-06,1.37703e-05,0
44125.0,44130.0,44127.5,3.09934e-06,1.54967e-05,0
44140.0,44145.0,44142.5,3.22736e-06,1.61368e-05,0
44145.0,44150.0,44147.5,3.27816e-06,1.63908e-05,0
44165.0,44170.0,44167.5,3.10704e-06,1.55352e-05,0
44170.0,44175.0,44172.5,3.44412e-06,1.72206e-05,0
44190.0,44195.0,44192.5,1.152938e-05,5.76469e-05,0
44210.0,44215.0,44212.5,4.8579e-06,2.42895e-05,0
44240.0,44245.0,44242.5,3.19846e-06,1.59923e-05,0
44245.0,44250.0,44247.5,3.09934e-06,1.54967e-05,0
44250.0,44255.0,44252.5,3.44412e-06,1.72206e-05,0
44255.0,44260.0,44257.5,2.48912e-06,1.24456e-05,0
44260.0,44265.0,44262.5,4.8579e-06,2.42895e-05,0
44265.0,44270.0,44267.5,2.75406e-06,1.37703e-05,0
44270.0,44275.0,44272.5,2.75406e-06,1.37703e-05,0
44290.0,44295.0,44292.5,4.8579e-06,2.42895e-05,0
44295.0,44300.0,44297.5,6.45474e-06,3.22737e-05,0
44335.0,44340.0,44337.5,3.10704e-06,1.55352e-05,0
44340.0,44345.0,44342.5,4.5157e-06,2.25785e-05,0
44360.0,44365.0,44362.5,3.09934e-06,1.54967e-05,0
44370.0,44375.0,44372.5,3.27816e-06,1.63908e-05,0
44385.0,44390.0,44387.5,3.10704e-06,1.55352e-05,0
44390.0,44395.0,44392.5,3.27816e-06,1.63908e-05,0
44395.0,44400.0,44397.5,3.09934e-06,1.54967e-05,0
44410.0,44415.0,44412.5,2.48912e-06,1.24456e-05,0
44415.0,44420.0,44417.5,3.44412e-06,1.72206e-05,0
44440.0,44445.0,44442.5,2.75406e-06,1.37703e-05,0
44445.0,44450.0,44447.5,6.3344e-06,3.1672e-05,0
44455.0,44460.0,44457.5,3.10704e-06,1.55352e-05,0
44475.0,44480.0,44477.5,6.03222e-06,3.01611e-05,0
44480.0,44485.0,44482.5,2.48912e-06,1.24456e-05,0
44490.0,44495.0,44492.5,6.3344e-06,3.1672e-05,0
44505.0,44510.0,44507.5,2.48912e-06,1.24456e-05,0
44515.0,44520.0,44517.5,3.27816e-06,1.63908e-05,0
44520.0,44525.0,44522.5,1.071388e-05,5.35694e-05,0
44575.0,44580.0,44577.5,2.48912e-06,1.24456e-05,0
44585.0,44590.0,44587.5,6.42582e-06,3.21291e-05,0
44595.0,44600.0,44597.5,2.75406e-06,1.37703e-05,0
44600.0,44605.0,44602.5,2.48912e-06,1.24456e-05,0
44625.0,44630.0,44627.5,2.75406e-06,1.37703e-05,0
44635.0,44640.0,44637.5,2.48912e-06,1.24456e-05,0
44640.0,44645.0,44642.5,4.5157e-06,2.25785e-05,0
44670.0,44675.0,44672.5,3.10704e-06,1.55352e-05,0
44705.0,44710.0,44707.5,7.62274e-06,3.81137e-05,0
44715.0,44720.0,44717.5,4.5157e-06,2.25785e-05,0
44740.0,44745.0,44742.5,7.26976e-06,3.63488e-05,0
44755.0,44760.0,44757.5,3.27816e-06,1.63908e-05,0
44760.0,44765.0,44762.5,6.3775e-06,3.18875e-05,0
44770.0,44775.0,44772.5,7.61504e-06,3.80752e-05,0
44785.0,44790.0,44787.5,4.5157e-06,2.25785e-05,0
44790.0,44795.0,44792.5,3.27816e-06,1.63908e-05,0
44810.0,44815.0,44812.5,2.48912e-06,1.24456e-05,0
44820.0,44825.0,44822.5,3.19846e-06,1.59923e-05,0
44825.0,44830.0,44827.5,6.5563e-06,3.27815e-05,0
44830.0,44835.0,44832.5,5.76728e-06,2.88364e-05,0
44835.0,44840.0,44837.5,3.27816e-06,1.63908e-05,0
44865.0,44870.0,44867.5,3.44412e-06,1.72206e-05,0
44870.0,44875.0,44872.5,3.10704e-06,1.55352e-05,0
44890.0,44895.0,44892.5,2.75406e-06,1.37703e-05,0
44900.0,44905.0,44902.5,3.27816e-06,1.63908e-05,0
44915.0,44920.0,44917.5,4.5157e-06,2.25785e-05,0
44945.0,44950.0,44947.5,3.27816e-06,1.63908e-05,0
44950.0,44955.0,44952.5,3.22736e-06,1.61368e-05,0
44955.0,44960.0,44957.5,3.22736e-06,1.61368e-05,0
44965.0,44970.0,44967.5,2.75406e-06,1.37703e-05,0
45005.0,45010.0,45007.5,2.75406e-06,1.37703e-05,0
45015.0,45020.0,45017.5,3.09934e-06,1.54967e-05,0
45030.0,45035.0,45032.5,6.3055e-06,3.15275e-05,0
45035.0,45040.0,45037.5,2.75406e-06,1.37703e-05,0
45050.0,45055.0,45052.5,4.5157e-06,2.25785e-05,0
45055.0,45060.0,45057.5,2.48912e-06,1.24456e-05,0
45085.0,45090.0,45087.5,3.19846e-06,1.59923e-05,0
45100.0,45105.0,45102.5,4.5157e-06,2.25785e-05,0
45110.0,45115.0,45112.5,3.44412e-06,1.72206e-05,0
45120.0,45125.0,45122.5,3.27816e-06,1.63908e-05,0
45125.0,45130.0,45127.5,6.3852e-06,3.1926e-05,0
45140.0,45145.0,45142.5,8.05636e-06,4.02818e-05,0
45150.0,45155.0,45152.5,3.19846e-06,1.59923e-05,0
45185.0,45190.0,45187.5,3.10704e-06,1.55352e-05,0
45195.0,45200.0,45197.5,3.44412e-06,1.72206e-05,0
45220.0,45225.0,45222.5,4.5157e-06,2.25785e-05,0
45230.0,45235.0,45232.5,7.79386e-06,3.89693e-05,0
45245.0,45250.0,45247.5,6.72228e-06,3.36114e-05,0
45250.0,45255.0,45252.5,5.98142e-06,2.99071e-05,0
45255.0,45260.0,45257.5,4.8579e-06,2.42895e-05,0
45265.0,45270.0,45267.5,2.75406e-06,1.37703e-05,0
45270.0,45275.0,45272.5,4.8579e-06,2.42895e-05,0
45275.0,45280.0,45277.5,6.72228e-06,3.36114e-05,0
45285.0,45290.0,45287.5,2.48912e-06,1.24456e-05,0
45290.0,45295.0,45292.5,2.75406e-06,1.37703e-05,0
45295.0,45300.0,45297.5,4.5157e-06,2.25785e-05,0
45305.0,45310.0,45307.5,2.75406e-06,1.37703e-05,0
45355.0,45360.0,45357.5,2.48912e-06,1.24456e-05,0
45365.0,45370.0,45367.5,3.09934e-06,1.54967e-05,0
45400.0,45405.0,45402.5,2.48912e-06,1.24456e-05,0
45440.0,45445.0,45442.5,3.22736e-06,1.61368e-05,0
45445.0,45450.0,45447.5,3.10704e-06,1.55352e-05,0
45450.0,45455.0,45452.5,4.5157e-06,2.25785e-05,0
45480.0,45485.0,45482.5,6.3775e-06,3.18875e-05,0
45485.0,45490.0,45487.5,3.22736e-06,1.61368e-05,0
45490.0,45495.0,45492.5,3.22736e-06,1.61368e-05,0
45515.0,45520.0,45517.5,2.75406e-06,1.37703e-05,0
45525.0,45530.0,45527.5,5.59616e-06,2.79808e-05,0
45530.0,45535.0,45532.5,3.19846e-06,1.59923e-05,0
45535.0,45540.0,45537.5,3.10704e-06,1.55352e-05,0
45540.0,45545.0,45542.5,3.09934e-06,1.54967e-05,0
45545.0,45550.0,45547.5,4.5157e-06,2.25785e-05,0
45550.0,45555.0,45552.5,3.22736e-06,1.61368e-05,0
45565.0,45570.0,45567.5,3.10704e-06,1.55352e-05,0
45570.0,45575.0,45572.5,3.10704e-06,1.55352e-05,0
45580.0,45585.0,45582.5,3.19846e-06,1.59923e-05,0
45585.0,45590.0,45587.5,2.48912e-06,1.24456e-05,0
45590.0,45595.0,45592.5,9.94964e-06,4.97482e-05,0
45600.0,45605.0,45602.5,4.5157e-06,2.25785e-05,0
45620.0,45625.0,45622.5,3.10704e-06,1.55352e-05,0
45635.0,45640.0,45637.5,7.79386e-06,3.89693e-05,0
45645.0,45650.0,45647.5,6.3775e-06,3.18875e-05,0
45655.0,45660.0,45657.5,3.44412e-06,1.72206e-05,0
45680.0,45685.0,45682.5,4.5157e-06,2.25785e-05,0
45695.0,45700.0,45697.5,3.10704e-06,1.55352e-05,0
45720.0,45725.0,45722.5,4.5157e-06,2.25785e-05,0
45725.0,45730.0,45727.5,2.75406e-06,1.37703e-05,0
45735.0,45740.0,45737.5,4.8579e-06,2.42895e-05,0
45740.0,45745.0,45742.5,5.71648e-06,2.85824e-05,0
45750.0,45755.0,45752.5,2.48912e-06,1.24456e-05,0
45780.0,45785.0,45782.5,3.09934e-06,1.54967e-05,0
45800.0,45805.0,45802.5,5.93324e-06,2.96662e-05,0
45805.0,45810.0,45807.5,1.071388e-05,5.35694e-05,0
45810.0,45815.0,45812.5,8.08526e-06,4.04263e-05,0
45815.0,45820.0,45817.5,3.27816e-06,1.63908e-05,0
45855.0,45860.0,45857.5,3.27816e-06,1.63908e-05,0
45860.0,45865.0,45862.5,2.48912e-06,1.24456e-05,0
45870.0,45875.0,45872.5,3.19846e-06,1.59923e-05,0
45875.0,45880.0,45877.5,3.27816e-06,1.63908e-05,0
45885.0,45890.0,45887.5,1.477864e-05,7.38932e-05,0
45895.0,45900.0,45897.5,6.54346e-06,3.27173e-05,0
45910.0,45915.0,45912.5,3.27816e-06,1.63908e-05,0
45940.0,45945.0,45942.5,3.44412e-06,1.72206e-05,0
45955.0,45960.0,45957.5,3.22736e-06,1.61368e-05,0
45960.0,45965.0,45962.5,2.75406e-06,1.37703e-05,0
45970.0,45975.0,45972.5,3.22736e-06,1.61368e-05,0
45980.0,45985.0,45982.5,3.09934e-06,1.54967e-05,0
46005.0,46010.0,46007.5,4.8579e-06,2.42895e-05,0
46010.0,46015.0,46012.5,4.5157e-06,2.25785e-05,0
46020.0,46025.0,46022.5,5.8611e-06,2.93055e-05,0
46040.0,46045.0,46042.5,2.48912e-06,1.24456e-05,0
46065.0,46070.0,46067.5,4.8579e-06,2.42895e-05,0
46085.0,46090.0,46087.5,3.44412e-06,1.72206e-05,0
46090.0,46095.0,46092.5,6.88824e-06,3.44412e-05,0
46100.0,46105.0,46102.5,3.10704e-06,1.55352e-05,0
46115.0,46120.0,46117.5,6.50552e-06,3.25276e-05,0
46155.0,46160.0,46157.5,3.09934e-06,1.54967e-05,0
46175.0,46180.0,46177.5,3.27816e-06,1.63908e-05,0
46180.0,46185.0,46182.5,3.22736e-06,1.61368e-05,0
46185.0,46190.0,46187.5,4.5157e-06,2.25785e-05,0
46190.0,46195.0,46192.5,1.423152e-05,7.11576e-05,0
46205.0,46210.0,46207.5,3.10704e-06,1.55352e-05,0
46210.0,46215.0,46212.5,3.22736e-06,1.61368e-05,0
46260.0,46265.0,46262.5,3.19846e-06,1.59923e-05,0
46300.0,46305.0,46302.5,7.95724e-06,3.97862e-05,0
46310.0,46315.0,46312.5,3.22736e-06,1.61368e-05,0
46315.0,46320.0,46317.5,3.19846e-06,1.59923e-05,0
46325.0,46330.0,46327.5,2.75406e-06,1.37703e-05,0
46345.0,46350.0,46347.5,3.10704e-06,1.55352e-05,0
46355.0,46360.0,46357.5,2.48912e-06,1.24456e-05,0
46370.0,46375.0,46372.5,8.30202e-06,4.15101e-05,0
46380.0,46385.0,46382.5,3.19846e-06,1.59923e-05,0
46385.0,46390.0,46387.5,3.27816e-06,1.63908e-05,0
46390.0,46395.0,46392.5,2.75406e-06,1.37703e-05,0
46400.0,46405.0,46402.5,3.27816e-06,1.63908e-05,0
46405.0,46410.0,46407.5,3.10704e-06,1.55352e-05,0
46415.0,46420.0,46417.5,3.44412e-06,1.72206e-05,0
46425.0,46430.0,46427.5,3.19846e-06,1.59923e-05,0
46435.0,46440.0,46437.5,3.27816e-06,1.63908e-05,0
46445.0,46450.0,46447.5,4.8579e-06,2.42895e-05,0
46465.0,46470.0,46467.5,3.44412e-06,1.72206e-05,0
46475.0,46480.0,46477.5,4.5157e-06,2.25785e-05,0
46480.0,46485.0,46482.5,7.61196e-06,3.80598e-05,0
46500.0,46505.0,46502.5,3.27816e-06,1.63908e-05,0
46510.0,46515.0,46512.5,3.22736e-06,1.61368e-05,0
46515.0,46520.0,46517.5,3.27816e-06,1.63908e-05,0
46520.0,46525.0,46522.5,3.09934e-06,1.54967e-05,0
46525.0,46530.0,46527.5,3.27816e-06,1.63908e-05,0
46540.0,46545.0,46542.5,3.27816e-06,1.63908e-05,0
46550.0,46555.0,46552.5,5.8611e-06,2.93055e-05,0
46560.0,46565.0,46562.5,4.5157e-06,2.25785e-05,0
46580.0,46585.0,46582.5,3.27816e-06,1.63908e-05,0
46585.0,46590.0,46587.5,9.89886e-06,4.94943e-05,0
46615.0,46620.0,46617.5,2.75406e-06,1.37703e-05,0
46620.0,46625.0,46622.5,3.44412e-06,1.72206e-05,0
46625.0,46630.0,46627.5,3.44412e-06,1.72206e-05,0
46630.0,46635.0,46632.5,3.19846e-06,1.59923e-05,0
46640.0,46645.0,46642.5,3.44412e-06,1.72206e-05,0
46655.0,46660.0,46657.5,3.27816e-06,1.63908e-05,0
46660.0,46665.0,46662.5,3.10704e-06,1.55352e-05,0
46705.0,46710.0,46707.5,4.8579e-06,2.42895e-05,0
46710.0,46715.0,46712.5,8.13606e-06,4.06803e-05,0
46715.0,46720.0,46717.5,8.08526e-06,4.04263e-05,0
46790.0,46795.0,46792.5,2.75406e-06,1.37703e-05,0
46800.0,46805.0,46802.5,3.19846e-06,1.59923e-05,0
46805.0,46810.0,46807.5,3.44412e-06,1.72206e-05,0
46835.0,46840.0,46837.5,4.8579e-06,2.42895e-05,0
46840.0,46845.0,46842.5,4.8579e-06,2.42895e-05,0
46845.0,46850.0,46847.5,3.27816e-06,1.63908e-05,0
46850.0,46855.0,46852.5,3.19846e-06,1.59923e-05,0
46875.0,46880.0,46877.5,3.27816e-06,1.63908e-05,0
46890.0,46895.0,46892.5,4.8579e-06,2.42895e-05,0
46900.0,46905.0,46902.5,2.48912e-06,1.24456e-05,0
46930.0,46935.0,46932.5,3.27816e-06,1.63908e-05,0
46940.0,46945.0,46942.5,4.8579e-06,2.42895e-05,0
47000.0,47005.0,47002.5,5.68758e-06,2.84379e-05,0
47010.0,47015.0,47012.5,3.10704e-06,1.55352e-05,0
47020.0,47025.0,47022.5,3.27816e-06,1.63908e-05,0
47040.0,47045.0,47042.5,3.19846e-06,1.59923e-05,0
47050.0,47055.0,47052.5,4.5157e-06,2.25785e-05,0
47055.0,47060.0,47057.5,4.5157e-06,2.25785e-05,0
47065.0,47070.0,47067.5,3.27816e-06,1.63908e-05,0
47080.0,47085.0,47082.5,3.27816e-06,1.63908e-05,0
47085.0,47090.0,47087.5,3.27816e-06,1.63908e-05,0
47130.0,47135.0,47132.5,3.22736e-06,1.61368e-05,0
47150.0,47155.0,47152.5,4.5157e-06,2.25785e-05,0
47160.0,47165.0,47162.5,7.00482e-06,3.50241e-05,0
47165.0,47170.0,47167.5,6.3775e-06,3.18875e-05,0
47175.0,47180.0,47177.5,3.10704e-06,1.55352e-05,0
47180.0,47185.0,47182.5,3.09934e-06,1.54967e-05,0
47185.0,47190.0,47187.5,2.75406e-06,1.37703e-05,0
47190.0,47195.0,47192.5,2.48912e-06,1.24456e-05,0
47205.0,47210.0,47207.5,2.75406e-06,1.37703e-05,0
47230.0,47235.0,47232.5,2.75406e-06,1.37703e-05,0
47255.0,47260.0,47257.5,3.09934e-06,1.54967e-05,0
47270.0,47275.0,47272.5,2.48912e-06,1.24456e-05,0
47290.0,47295.0,47292.5,3.44412e-06,1.72206e-05,0
47330.0,47335.0,47332.5,7.95724e-06,3.97862e-05,0
47335.0,47340.0,47337.5,3.22736e-06,1.61368e-05,0
47350.0,47355.0,47352.5,2.75406e-06,1.37703e-05,0
47355.0,47360.0,47357.5,3.44412e-06,1.72206e-05,0
47360.0,47365.0,47362.5,4.8579e-06,2.42895e-05,0
47390.0,47395.0,47392.5,3.19846e-06,1.59923e-05,0
47430.0,47435.0,47432.5,4.5157e-06,2.25785e-05,0
47460.0,47465.0,47462.5,4.5157e-06,2.25785e-05,0
47465.0,47470.0,47467.5,3.22736e-06,1.61368e-05,0
47470.0,47475.0,47472.5,3.19846e-06,1.59923e-05,0
47495.0,47500.0,47497.5,3.22736e-06,1.61368e-05,0
47530.0,47535.0,47532.5,6.50552e-06,3.25276e-05,0
47540.0,47545.0,47542.5,4.5157e-06,2.25785e-05,0
47545.0,47550.0,47547.5,5.68758e-06,2.84379e-05,0
47555.0,47560.0,47557.5,4.5157e-06,2.25785e-05,0
47570.0,47575.0,47572.5,3.44412e-06,1.72206e-05,0
47585.0,47590.0,47587.5,2.75406e-06,1.37703e-05,0
47590.0,47595.0,47592.5,3.19846e-06,1.59923e-05,0
47595.0,47600.0,47597.5,3.10704e-06,1.55352e-05,0
47600.0,47605.0,47602.5,3.22736e-06,1.61368e-05,0
47605.0,47610.0,47607.5,3.27816e-06,1.63908e-05,0
47615.0,47620.0,47617.5,3.19846e-06,1.59923e-05,0
47680.0,47685.0,47682.5,3.19846e-06,1.59923e-05,0
47685.0,47690.0,47687.5,3.09934e-06,1.54967e-05,0
47695.0,47700.0,47697.5,3.22736e-06,1.61368e-05,0
47715.0,47720.0,47717.5,2.48912e-06,1.24456e-05,0
47720.0,47725.0,47722.5,3.10704e-06,1.55352e-05,0
47730.0,47735.0,47732.5,3.27816e-06,1.63908e-05,0
47745.0,47750.0,47747.5,4.8579e-06,2.42895e-05,0
47750.0,47755.0,47752.5,6.55116e-06,3.27558e-05,0
47755.0,47760.0,47757.5,3.22736e-06,1.61368e-05,0
47765.0,47770.0,47767.5,3.44412e-06,1.72206e-05,0
47785.0,47790.0,47787.5,3.44412e-06,1.72206e-05,0
47790.0,47795.0,47792.5,2.75406e-06,1.37703e-05,0
47810.0,47815.0,47812.5,3.10704e-06,1.55352e-05,0
47835.0,47840.0,47837.5,3.10704e-06,1.55352e-05,0
47855.0,47860.0,47857.5,3.09934e-06,1.54967e-05,0
47865.0,47870.0,47867.5,2.75406e-06,1.37703e-05,0
47880.0,47885.0,47882.5,3.09934e-06,1.54967e-05,0
47890.0,47895.0,47892.5,1.106686e-05,5.53343e-05,0
47900.0,47905.0,47902.5,3.27816e-06,1.63908e-05,0
47920.0,47925.0,47922.5,6.72228e-06,3.36114e-05,0
47925.0,47930.0,47927.5,3.44412e-06,1.72206e-05,0
47935.0,47940.0,47937.5,3.44412e-06,1.72206e-05,0
47940.0,47945.0,47942.5,3.27816e-06,1.63908e-05,0
47975.0,47980.0,47977.5,4.5157e-06,2.25785e-05,0
47990.0,47995.0,47992.5,3.44412e-06,1.72206e-05,0
48015.0,48020.0,48017.5,3.27816e-06,1.63908e-05,0
48030.0,48035.0,48032.5,6.47662e-06,3.23831e-05,0
48035.0,48040.0,48037.5,3.27816e-06,1.63908e-05,0
48040.0,48045.0,48042.5,3.10704e-06,1.55352e-05,0
48050.0,48055.0,48052.5,3.27816e-06,1.63908e-05,0
48055.0,48060.0,48057.5,3.27816e-06,1.63908e-05,0
48060.0,48065.0,48062.5,4.5157e-06,2.25785e-05,0
48065.0,48070.0,48067.5,4.8579e-06,2.42895e-05,0
48115.0,48120.0,48117.5,3.09934e-06,1.54967e-05,0
48120.0,48125.0,48122.5,6.72228e-06,3.36114e-05,0
48145.0,48150.0,48147.5,8.13606e-06,4.06803e-05,0
48150.0,48155.0,48152.5,4.5157e-06,2.25785e-05,0
48155.0,48160.0,48157.5,3.44412e-06,1.72206e-05,0
48165.0,48170.0,48167.5,2.75406e-06,1.37703e-05,0
48170.0,48175.0,48172.5,4.5157e-06,2.25785e-05,0
48180.0,48185.0,48182.5,7.61196e-06,3.80598e-05,0
48190.0,48195.0,48192.5,3.44412e-06,1.72206e-05,0
48215.0,48220.0,48217.5,3.22736e-06,1.61368e-05,0
48245.0,48250.0,48247.5,2.48912e-06,1.24456e-05,0
48260.0,48265.0,48262.5,4.5157e-06,2.25785e-05,0
48265.0,48270.0,48267.5,2.75406e-06,1.37703e-05,0
48305.0,48310.0,48307.5,6.03222e-06,3.01611e-05,0
48325.0,48330.0,48327.5,2.48912e-06,1.24456e-05,0
48360.0,48365.0,48362.5,7.34702e-06,3.67351e-05,0
48365.0,48370.0,48367.5,4.8579e-06,2.42895e-05,0
48370.0,48375.0,48372.5,3.27816e-06,1.63908e-05,0
48375.0,48380.0,48377.5,3.09934e-06,1.54967e-05,0
48385.0,48390.0,48387.5,3.27816e-06,1.63908e-05,0
48415.0,48420.0,48417.5,4.8579e-06,2.42895e-05,0
48430.0,48435.0,48432.5,5.50812e-06,2.75406e-05,0
48455.0,48460.0,48457.5,5.95252e-06,2.97626e-05,0
48460.0,48465.0,48462.5,9.03138e-06,4.51569e-05,0
48490.0,48495.0,48492.5,4.5157e-06,2.25785e-05,0
48495.0,48500.0,48497.5,4.5157e-06,2.25785e-05,0
48500.0,48505.0,48502.5,3.44412e-06,1.72206e-05,0
48520.0,48525.0,48522.5,4.8579e-06,2.42895e-05,0
48550.0,48555.0,48552.5,3.22736e-06,1.61368e-05,0
48555.0,48560.0,48557.5,3.10704e-06,1.55352e-05,0
48565.0,48570.0,48567.5,3.19846e-06,1.59923e-05,0
48580.0,48585.0,48582.5,3.22736e-06,1.61368e-05,0
48615.0,48620.0,48617.5,3.22736e-06,1.61368e-05,0
48630.0,48635.0,48632.5,2.75406e-06,1.37703e-05,0
48635.0,48640.0,48637.5,4.8579e-06,2.42895e-05,0
48685.0,48690.0,48687.5,3.44412e-06,1.72206e-05,0
48690.0,48695.0,48692.5,3.09934e-06,1.54967e-05,0
48715.0,48720.0,48717.5,4.8579e-06,2.42895e-05,0
48730.0,48735.0,48732.5,3.27816e-06,1.63908e-05,0
48740.0,48745.0,48742.5,3.44412e-06,1.72206e-05,0
48750.0,48755.0,48752.5,4.5157e-06,2.25785e-05,0
48780.0,48785.0,48782.5,3.27816e-06,1.63908e-05,0
48800.0,48805.0,48802.5,4.5157e-06,2.25785e-05,0
48810.0,48815.0,48812.5,3.44412e-06,1.72206e-05,0
48815.0,48820.0,48817.5,3.09934e-06,1.54967e-05,0
48820.0,48825.0,48822.5,3.44412e-06,1.72206e-05,0
48860.0,48865.0,48862.5,3.22736e-06,1.61368e-05,0
48895.0,48900.0,48897.5,3.27816e-06,1.63908e-05,0
48910.0,48915.0,48912.5,3.19846e-06,1.59923e-05,0
48915.0,48920.0,48917.5,7.79386e-06,3.89693e-05,0
48955.0,48960.0,48957.5,3.22736e-06,1.61368e-05,0
48960.0,48965.0,48962.5,2.75406e-06,1.37703e-05,0
48975.0,48980.0,48977.5,7.26976e-06,3.63488e-05,0
49005.0,49010.0,49007.5,4.5157e-06,2.25785e-05,0
49025.0,49030.0,49027.5,3.10704e-06,1.55352e-05,0
49040.0,49045.0,49042.5,3.22736e-06,1.61368e-05,0
49080.0,49085.0,49082.5,6.3775e-06,3.18875e-05,0
49100.0,49105.0,49102.5,5.98142e-06,2.99071e-05,0
49110.0,49115.0,49112.5,2.48912e-06,1.24456e-05,0
49115.0,49120.0,49117.5,3.22736e-06,1.61368e-05,0
49120.0,49125.0,49122.5,2.75406e-06,1.37703e-05,0
49130.0,49135.0,49132.5,3.19846e-06,1.59923e-05,0
49135.0,49140.0,49137.5,3.19846e-06,1.59923e-05,0
49200.0,49205.0,49202.5,3.09934e-06,1.54967e-05,0
49205.0,49210.0,49207.5,3.19846e-06,1.59923e-05,0
49210.0,49215.0,49212.5,6.03222e-06,3.01611e-05,0
49245.0,49250.0,49247.5,3.22736e-06,1.61368e-05,0
49255.0,49260.0,49257.5,9.3736e-06,4.6868e-05,0
49290.0,49295.0,49292.5,3.44412e-06,1.72206e-05,0
49340.0,49345.0,49342.5,7.61196e-06,3.80598e-05,0
49380.0,49385.0,49382.5,3.22736e-06,1.61368e-05,0
49400.0,49405.0,49402.5,2.48912e-06,1.24456e-05,0
49415.0,49420.0,49417.5,5.76728e-06,2.88364e-05,0
49435.0,49440.0,49437.5,3.44412e-06,1.72206e-05,0
49445.0,49450.0,49447.5,2.48912e-06,1.24456e-05,0
49515.0,49520.0,49517.5,6.03222e-06,3.01611e-05,0
49530.0,49535.0,49532.5,4.8579e-06,2.42895e-05,0
49545.0,49550.0,49547.5,4.5157e-06,2.25785e-05,0
49550.0,49555.0,49552.5,2.48912e-06,1.24456e-05,0
49575.0,49580.0,49577.5,4.5157e-06,2.25785e-05,0
49580.0,49585.0,49582.5,3.19846e-06,1.59923e-05,0
49605.0,49610.0,49607.5,3.10704e-06,1.55352e-05,0
49615.0,49620.0,49617.5,6.3267e-06,3.16335e-05,0
49620.0,49625.0,49622.5,2.75406e-06,1.37703e-05,0
49625.0,49630.0,49627.5,4.8579e-06,2.42895e-05,0
49645.0,49650.0,49647.5,3.27816e-06,1.63908e-05,0
49700.0,49705.0,49702.5,3.10704e-06,1.55352e-05,0
49720.0,49725.0,49722.5,3.09934e-06,1.54967e-05,0
49735.0,49740.0,49737.5,3.44412e-06,1.72206e-05,0
49755.0,49760.0,49757.5,3.44412e-06,1.72206e-05,0
49760.0,49765.0,49762.5,4.5157e-06,2.25785e-05,0
49785.0,49790.0,49787.5,3.27816e-06,1.63908e-05,0
49800.0,49805.0,49802.5,6.67148e-06,3.33574e-05,0
49810.0,49815.0,49812.5,4.8579e-06,2.42895e-05,0
49815.0,49820.0,49817.5,2.75406e-06,1.37703e-05,0
49825.0,49830.0,49827.5,3.19846e-06,1.59923e-05,0
49845.0,49850.0,49847.5,2.75406e-06,1.37703e-05,0
49850.0,49855.0,49852.5,3.27816e-06,1.63908e-05,0
49885.0,49890.0,49887.5,6.50552e-06,3.25276e-05,0
49890.0,49895.0,49892.5,4.5157e-06,2.25785e-05,0
49945.0,49950.0,49947.5,3.10704e-06,1.55352e-05,0
49950.0,49955.0,49952.5,3.22736e-06,1.61368e-05,0
49965.0,49970.0,49967.5,2.75406e-06,1.37703e-05,0
49970.0,49975.0,49972.5,3.44412e-06,1.72206e-05,0
49980.0,49985.0,49982.5,5.76728e-06,2.88364e-05,0
49985.0,49990.0,49987.5,2.48912e-06,1.24456e-05,0
49995.0,50000.0,49997.5,2.48912e-06,1.24456e-05,0
50035.0,50040.0,50037.5,4.8579e-06,2.42895e-05,0
50040.0,50045.0,50042.5,2.75406e-06,1.37703e-05,0
50045.0,50050.0,50047.5,3.27816e-06,1.63908e-05,0
50060.0,50065.0,50062.5,3.09934e-06,1.54967e-05,0
50080.0,50085.0,50082.5,2.75406e-06,1.37703e-05,0
50085.0,50090.0,50087.5,3.10704e-06,1.55352e-05,0
50090.0,50095.0,50092.5,3.19846e-06,1.59923e-05,0
50095.0,50100.0,50097.5,3.27816e-06,1.63908e-05,0
50105.0,50110.0,50107.5,1.12354e-05,5.6177e-05,0
50110.0,50115.0,50112.5,3.44412e-06,1.72206e-05,0
50120.0,50125.0,50122.5,3.27816e-06,1.63908e-05,0
50125.0,50130.0,50127.5,4.5157e-06,2.25785e-05,0
50130.0,50135.0,50132.5,3.19846e-06,1.59923e-05,0
50160.0,50165.0,50162.5,3.27816e-06,1.63908e-05,0
50175.0,50180.0,50177.5,4.8579e-06,2.42895e-05,0
50180.0,50185.0,50182.5,3.27816e-06,1.63908e-05,0
50195.0,50200.0,50197.5,3.22736e-06,1.61368e-05,0
50225.0,50230.0,50227.5,3.22736e-06,1.61368e-05,0
50230.0,50235.0,50232.5,4.5157e-06,2.25785e-05,0
50240.0,50245.0,50242.5,3.19846e-06,1.59923e-05,0
50245.0,50250.0,50247.5,3.27816e-06,1.63908e-05,0
50260.0,50265.0,50262.5,2.75406e-06,1.37703e-05,0
50290.0,50295.0,50292.5,4.8579e-06,2.42895e-05,0
50305.0,50310.0,50307.5,3.09934e-06,1.54967e-05,0
50325.0,50330.0,50327.5,4.8579e-06,2.42895e-05,0
50330.0,50335.0,50332.5,3.22736e-06,1.61368e-05,0
50355.0,50360.0,50357.5,3.27816e-06,1.63908e-05,0
50380.0,50385.0,50382.5,9.3736e-06,4.6868e-05,0
50385.0,50390.0,50387.5,3.27816e-06,1.63908e-05,0
50410.0,50415.0,50412.5,3.22736e-06,1.61368e-05,0
50455.0,50460.0,50457.5,3.22736e-06,1.61368e-05,0
50460.0,50465.0,50462.5,4.5157e-06,2.25785e-05,0
50470.0,50475.0,50472.5,3.19846e-06,1.59923e-05,0
50475.0,50480.0,50477.5,6.3344e-06,3.1672e-05,0
50480.0,50485.0,50482.5,3.27816e-06,1.63908e-05,0
50485.0,50490.0,50487.5,3.10704e-06,1.55352e-05,0
50495.0,50500.0,50497.5,3.44412e-06,1.72206e-05,0
50510.0,50515.0,50512.5,3.09934e-06,1.54967e-05,0
50515.0,50520.0,50517.5,4.5157e-06,2.25785e-05,0
50535.0,50540.0,50537.5,3.22736e-06,1.61368e-05,0
50550.0,50555.0,50552.5,2.75406e-06,1.37703e-05,0
50590.0,50595.0,50592.5,2.75406e-06,1.37703e-05,0
50600.0,50605.0,50602.5,3.44412e-06,1.72206e-05,0
50610.0,50615.0,50612.5,2.75406e-06,1.37703e-05,0
50625.0,50630.0,50627.5,4.8579e-06,2.42895e-05,0
50640.0,50645.0,50642.5,3.22736e-06,1.61368e-05,0
50705.0,50710.0,50707.5,2.75406e-06,1.37703e-05,0
50710.0,50715.0,50712.5,6.42582e-06,3.21291e-05,0
50715.0,50720.0,50717.5,4.8579e-06,2.42895e-05,0
50725.0,50730.0,50727.5,3.19846e-06,1.59923e-05,0
50730.0,50735.0,50732.5,7.79386e-06,3.89693e-05,0
50795.0,50800.0,50797.5,3.19846e-06,1.59923e-05,0
50800.0,50805.0,50802.5,2.48912e-06,1.24456e-05,0
50805.0,50810.0,50807.5,3.09934e-06,1.54967e-05,0
50840.0,50845.0,50842.5,2.75406e-06,1.37703e-05,0
50855.0,50860.0,50857.5,6.3852e-06,3.1926e-05,0
50865.0,50870.0,50867.5,4.5157e-06,2.25785e-05,0
50880.0,50885.0,50882.5,2.75406e-06,1.37703e-05,0
50895.0,50900.0,50897.5,4.5157e-06,2.25785e-05,0
50900.0,50905.0,50902.5,2.75406e-06,1.37703e-05,0
50920.0,50925.0,50922.5,3.44412e-06,1.72206e-05,0
50945.0,50950.0,50947.5,4.5157e-06,2.25785e-05,0
50950.0,50955.0,50952.5,1.257206e-05,6.28603e-05,0
50970.0,50975.0,50972.5,4.5157e-06,2.25785e-05,0
50980.0,50985.0,50982.5,3.44412e-06,1.72206e-05,0
50990.0,50995.0,50992.5,4.8579e-06,2.42895e-05,0
51040.0,51045.0,51042.5,3.09934e-06,1.54967e-05,0
51095.0,51100.0,51097.5,3.27816e-06,1.63908e-05,0
51140.0,51145.0,51142.5,3.10704e-06,1.55352e-05,0
51145.0,51150.0,51147.5,2.75406e-06,1.37703e-05,0
51195.0,51200.0,51197.5,3.27816e-06,1.63908e-05,0
51205.0,51210.0,51207.5,5.58846e-06,2.79423e-05,0
51235.0,51240.0,51237.5,8.13606e-06,4.06803e-05,0
51240.0,51245.0,51242.5,3.19846e-06,1.59923e-05,0
51245.0,51250.0,51247.5,2.75406e-06,1.37703e-05,0
51270.0,51275.0,51272.5,3.27816e-06,1.63908e-05,0
51295.0,51300.0,51297.5,3.44412e-06,1.72206e-05,0
51310.0,51315.0,51312.5,7.74306e-06,3.87153e-05,0
51315.0,51320.0,51317.5,3.19846e-06,1.59923e-05,0
51325.0,51330.0,51327.5,3.27816e-06,1.63908e-05,0
51345.0,51350.0,51347.5,3.27816e-06,1.63908e-05,0
51355.0,51360.0,51357.5,3.09934e-06,1.54967e-05,0
51360.0,51365.0,51362.5,4.8579e-06,2.42895e-05,0
51385.0,51390.0,51387.5,3.09934e-06,1.54967e-05,0
51415.0,51420.0,51417.5,1.299398e-05,6.49699e-05,0
51425.0,51430.0,51427.5,2.48912e-06,1.24456e-05,0
51455.0,51460.0,51457.5,4.8579e-06,2.42895e-05,0
51475.0,51480.0,51477.5,5.98142e-06,2.99071e-05,0
51485.0,51490.0,51487.5,5.50812e-06,2.75406e-05,0
51500.0,51505.0,51502.5,6.20638e-06,3.10319e-05,0
51505.0,51510.0,51507.5,3.19846e-06,1.59923e-05,0
51520.0,51525.0,51522.5,6.3055e-06,3.15275e-05,0
51570.0,51575.0,51572.5,3.22736e-06,1.61368e-05,0
51575.0,51580.0,51577.5,4.5157e-06,2.25785e-05,0
51580.0,51585.0,51582.5,3.19846e-06,1.59923e-05,0
51605.0,51610.0,51607.5,4.8579e-06,2.42895e-05,0
51630.0,51635.0,51632.5,3.44412e-06,1.72206e-05,0
51650.0,51655.0,51652.5,3.27816e-06,1.63908e-05,0
51660.0,51665.0,51662.5,2.75406e-06,1.37703e-05,0
51665.0,51670.0,51667.5,2.48912e-06,1.24456e-05,0
51670.0,51675.0,51672.5,3.10704e-06,1.55352e-05,0
51690.0,51695.0,51692.5,6.64258e-06,3.32129e-05,0
51730.0,51735.0,51732.5,3.44412e-06,1.72206e-05,0
51760.0,51765.0,51762.5,3.22736e-06,1.61368e-05,0
51765.0,51770.0,51767.5,3.22736e-06,1.61368e-05,0
51780.0,51785.0,51782.5,3.10704e-06,1.55352e-05,0
51810.0,51815.0,51812.5,3.19846e-06,1.59923e-05,0
51840.0,51845.0,51842.5,4.5157e-06,2.25785e-05,0
51845.0,51850.0,51847.5,2.75406e-06,1.37703e-05,0
51865.0,51870.0,51867.5,3.19846e-06,1.59923e-05,0
51875.0,51880.0,51877.5,3.44412e-06,1.72206e-05,0
51895.0,51900.0,51897.5,6.20638e-06,3.10319e-05,0
51900.0,51905.0,51902.5,4.5157e-06,2.25785e-05,0
51920.0,51925.0,51922.5,4.5157e-06,2.25785e-05,0
51955.0,51960.0,51957.5,3.27816e-06,1.63908e-05,0
51960.0,51965.0,51962.5,3.44412e-06,1.72206e-05,0
51965.0,51970.0,51967.5,4.5157e-06,2.25785e-05,0
52015.0,52020.0,52017.5,2.48912e-06,1.24456e-05,0
52025.0,52030.0,52027.5,3.10704e-06,1.55352e-05,0
52045.0,52050.0,52047.5,4.97822e-06,2.48911e-05,0
52050.0,52055.0,52052.5,6.72228e-06,3.36114e-05,0
52065.0,52070.0,52067.5,3.10704e-06,1.55352e-05,0
52070.0,52075.0,52072.5,3.10704e-06,1.55352e-05,0
52085.0,52090.0,52087.5,3.09934e-06,1.54967e-05,0
52090.0,52095.0,52092.5,3.19846e-06,1.59923e-05,0
52095.0,52100.0,52097.5,3.27816e-06,1.63908e-05,0
52115.0,52120.0,52117.5,4.5157e-06,2.25785e-05,0
52135.0,52140.0,52137.5,3.27816e-06,1.63908e-05,0
52170.0,52175.0,52172.5,4.8579e-06,2.42895e-05,0
52190.0,52195.0,52192.5,3.27816e-06,1.63908e-05,0
52200.0,52205.0,52202.5,4.5157e-06,2.25785e-05,0
52215.0,52220.0,52217.5,7.74306e-06,3.87153e-05,0
52220.0,52225.0,52222.5,4.5157e-06,2.25785e-05,0
52235.0,52240.0,52237.5,3.22736e-06,1.61368e-05,0
52265.0,52270.0,52267.5,7.26976e-06,3.63488e-05,0
52295.0,52300.0,52297.5,4.5157e-06,2.25785e-05,0
52340.0,52345.0,52342.5,2.75406e-06,1.37703e-05,0
52350.0,52355.0,52352.5,3.10704e-06,1.55352e-05,0
52365.0,52370.0,52367.5,7.26976e-06,3.63488e-05,0
52385.0,52390.0,52387.5,4.5157e-06,2.25785e-05,0
52390.0,52395.0,52392.5,4.8579e-06,2.42895e-05,0
52400.0,52405.0,52402.5,5.59616e-06,2.79808e-05,0
52425.0,52430.0,52427.5,3.22736e-06,1.61368e-05,0
52430.0,52435.0,52432.5,3.10704e-06,1.55352e-05,0
52450.0,52455.0,52452.5,4.5157e-06,2.25785e-05,0
52495.0,52500.0,52497.5,2.75406e-06,1.37703e-05,0
52555.0,52560.0,52557.5,2.75406e-06,1.37703e-05,0
52600.0,52605.0,52602.5,3.10704e-06,1.55352e-05,0
52605.0,52610.0,52607.5,2.75406e-06,1.37703e-05,0
52615.0,52620.0,52617.5,3.22736e-06,1.61368e-05,0
52645.0,52650.0,52647.5,3.10704e-06,1.55352e-05,0
52675.0,52680.0,52677.5,4.5157e-06,2.25785e-05,0
52750.0,52755.0,52752.5,3.44412e-06,1.72206e-05,0
52755.0,52760.0,52757.5,3.27816e-06,1.63908e-05,0
52765.0,52770.0,52767.5,2.75406e-06,1.37703e-05,0
52770.0,52775.0,52772.5,3.27816e-06,1.63908e-05,0
52795.0,52800.0,52797.5,3.44412e-06,1.72206e-05,0
52850.0,52855.0,52852.5,2.75406e-06,1.37703e-05,0
52860.0,52865.0,52862.5,3.22736e-06,1.61368e-05,0
52865.0,52870.0,52867.5,3.44412e-06,1.72206e-05,0
52890.0,52895.0,52892.5,3.22736e-06,1.61368e-05,0
52895.0,52900.0,52897.5,6.3775e-06,3.18875e-05,0
52920.0,52925.0,52922.5,3.27816e-06,1.63908e-05,0
52935.0,52940.0,52937.5,3.19846e-06,1.59923e-05,0
53015.0,53020.0,53017.5,3.09934e-06,1.54967e-05,0
53040.0,53045.0,53042.5,7.00482e-06,3.50241e-05,0
53080.0,53085.0,53082.5,3.10704e-06,1.55352e-05,0
53085.0,53090.0,53087.5,3.27816e-06,1.63908e-05,0
53095.0,53100.0,53097.5,4.5157e-06,2.25785e-05,0
53160.0,53165.0,53162.5,2.75406e-06,1.37703e-05,0
53165.0,53170.0,53167.5,3.27816e-06,1.63908e-05,0
53170.0,53175.0,53172.5,3.09934e-06,1.54967e-05,0
53230.0,53235.0,53232.5,5.71648e-06,2.85824e-05,0
53260.0,53265.0,53262.5,4.5157e-06,2.25785e-05,0
53290.0,53295.0,53292.5,4.8579e-06,2.42895e-05,0
53305.0,53310.0,53307.5,4.5157e-06,2.25785e-05,0
53315.0,53320.0,53317.5,2.48912e-06,1.24456e-05,0
53335.0,53340.0,53337.5,3.10704e-06,1.55352e-05,0
53355.0,53360.0,53357.5,3.10704e-06,1.55352e-05,0
53360.0,53365.0,53362.5,3.22736e-06,1.61368e-05,0
53370.0,53375.0,53372.5,3.19846e-06,1.59923e-05,0
53475.0,53480.0,53477.5,3.19846e-06,1.59923e-05,0
53505.0,53510.0,53507.5,2.75406e-06,1.37703e-05,0
53510.0,53515.0,53512.5,2.75406e-06,1.37703e-05,0
53570.0,53575.0,53572.5,7.26976e-06,3.63488e-05,0
53580.0,53585.0,53582.5,3.09934e-06,1.54967e-05,0
53655.0,53660.0,53657.5,3.10704e-06,1.55352e-05,0
53665.0,53670.0,53667.5,3.27816e-06,1.63908e-05,0
53675.0,53680.0,53677.5,3.44412e-06,1.72206e-05,0
53695.0,53700.0,53697.5,3.19846e-06,1.59923e-05,0
53700.0,53705.0,53702.5,3.10704e-06,1.55352e-05,0
53720.0,53725.0,53722.5,3.27816e-06,1.63908e-05,0
53730.0,53735.0,53732.5,3.44412e-06,1.72206e-05,0
53735.0,53740.0,53737.5,3.44412e-06,1.72206e-05,0
53775.0,53780.0,53777.5,5.59616e-06,2.79808e-05,0
53815.0,53820.0,53817.5,5.24318e-06,2.62159e-05,0
53825.0,53830.0,53827.5,6.03222e-06,3.01611e-05,0
53940.0,53945.0,53942.5,4.5157e-06,2.25785e-05,0
53945.0,53950.0,53947.5,3.19846e-06,1.59923e-05,0
53955.0,53960.0,53957.5,2.48912e-06,1.24456e-05,0
53980.0,53985.0,53982.5,2.75406e-06,1.37703e-05,0
54010.0,54015.0,54012.5,4.5157e-06,2.25785e-05,0
54050.0,54055.0,54052.5,3.09934e-06,1.54967e-05,0
54085.0,54090.0,54087.5,2.75406e-06,1.37703e-05,0
54115.0,54120.0,54117.5,3.27816e-06,1.63908e-05,0
54120.0,54125.0,54122.5,3.44412e-06,1.72206e-05,0
54140.0,54145.0,54142.5,3.44412e-06,1.72206e-05,0
54160.0,54165.0,54162.5,3.19846e-06,1.59923e-05,0
54240.0,54245.0,54242.5,3.22736e-06,1.61368e-05,0
54245.0,54250.0,54247.5,3.09934e-06,1.54967e-05,0
54255.0,54260.0,54257.5,2.75406e-06,1.37703e-05,0
54260.0,54265.0,54262.5,3.27816e-06,1.63908e-05,0
54275.0,54280.0,54277.5,2.48912e-06,1.24456e-05,0
54295.0,54300.0,54297.5,3.09934e-06,1.54967e-05,0
54310.0,54315.0,54312.5,4.5157e-06,2.25785e-05,0
54325.0,54330.0,54327.5,3.27816e-06,1.63908e-05,0
54345.0,54350.0,54347.5,6.45474e-06,3.22737e-05,0
54355.0,54360.0,54357.5,2.75406e-06,1.37703e-05,0
54365.0,54370.0,54367.5,2.75406e-06,1.37703e-05,0
54375.0,54380.0,54377.5,3.27816e-06,1.63908e-05,0
54385.0,54390.0,54387.5,3.22736e-06,1.61368e-05,0
54445.0,54450.0,54447.5,4.5157e-06,2.25785e-05,0
54465.0,54470.0,54467.5,3.27816e-06,1.63908e-05,0
54485.0,54490.0,54487.5,4.8579e-06,2.42895e-05,0
54545.0,54550.0,54547.5,3.44412e-06,1.72206e-05,0
54575.0,54580.0,54577.5,3.10704e-06,1.55352e-05,0
54585.0,54590.0,54587.5,3.27816e-06,1.63908e-05,0
54590.0,54595.0,54592.5,3.19846e-06,1.59923e-05,0
54635.0,54640.0,54637.5,4.8579e-06,2.42895e-05,0
54670.0,54675.0,54672.5,4.8579e-06,2.42895e-05,0
54675.0,54680.0,54677.5,3.09934e-06,1.54967e-05,0
54730.0,54735.0,54732.5,6.19818e-06,3.09909e-05,0
54770.0,54775.0,54772.5,3.27816e-06,1.63908e-05,0
54780.0,54785.0,54782.5,3.22736e-06,1.61368e-05,0
54800.0,54805.0,54802.5,3.19846e-06,1.59923e-05,0
54845.0,54850.0,54847.5,4.5157e-06,2.25785e-05,0
54850.0,54855.0,54852.5,3.27816e-06,1.63908e-05,0
54900.0,54905.0,54902.5,2.75406e-06,1.37703e-05,0
54910.0,54915.0,54912.5,3.27816e-06,1.63908e-05,0
54930.0,54935.0,54932.5,3.44412e-06,1.72206e-05,0
54940.0,54945.0,54942.5,3.22736e-06,1.61368e-05,0
55015.0,55020.0,55017.5,4.5157e-06,2.25785e-05,0
55040.0,55045.0,55042.5,3.44412e-06,1.72206e-05,0
55050.0,55055.0,55052.5,3.22736e-06,1.61368e-05,0
55090.0,55095.0,55092.5,3.19846e-06,1.59923e-05,0
55135.0,55140.0,55137.5,2.75406e-06,1.37703e-05,0
55150.0,55155.0,55152.5,3.44412e-06,1.72206e-05,0
55180.0,55185.0,55182.5,3.19846e-06,1.59923e-05,0
55185.0,55190.0,55187.5,2.48912e-06,1.24456e-05,0
55195.0,55200.0,55197.5,3.19846e-06,1.59923e-05,0
55205.0,55210.0,55207.5,3.19846e-06,1.59923e-05,0
55255.0,55260.0,55257.5,2.48912e-06,1.24456e-05,0
55260.0,55265.0,55262.5,3.27816e-06,1.63908e-05,0
55270.0,55275.0,55272.5,4.5157e-06,2.25785e-05,0
55285.0,55290.0,55287.5,5.8611e-06,2.93055e-05,0
55310.0,55315.0,55312.5,3.10704e-06,1.55352e-05,0
55335.0,55340.0,55337.5,4.5157e-06,2.25785e-05,0
55345.0,55350.0,55347.5,4.5157e-06,2.25785e-05,0
55370.0,55375.0,55372.5,2.75406e-06,1.37703e-05,0
55385.0,55390.0,55387.5,3.27816e-06,1.63908e-05,0
55450.0,55455.0,55452.5,3.10704e-06,1.55352e-05,0
55455.0,55460.0,55457.5,3.22736e-06,1.61368e-05,0
55470.0,55475.0,55472.5,4.5157e-06,2.25785e-05,0
55525.0,55530.0,55527.5,4.8579e-06,2.42895e-05,0
55530.0,55535.0,55532.5,6.3775e-06,3.18875e-05,0
55535.0,55540.0,55537.5,3.44412e-06,1.72206e-05,0
55550.0,55555.0,55552.5,2.48912e-06,1.24456e-05,0
55560.0,55565.0,55562.5,3.44412e-06,1.72206e-05,0
55590.0,55595.0,55592.5,3.44412e-06,1.72206e-05,0
55690.0,55695.0,55692.5,4.5157e-06,2.25785e-05,0
55695.0,55700.0,55697.5,2.75406e-06,1.37703e-05,0
55700.0,55705.0,55702.5,3.27816e-06,1.63908e-05,0
55710.0,55715.0,55712.5,3.10704e-06,1.55352e-05,0
55725.0,55730.0,55727.5,5.50812e-06,2.75406e-05,0
55745.0,55750.0,55747.5,4.5157e-06,2.25785e-05,0
55770.0,55775.0,55772.5,4.5157e-06,2.25785e-05,0
55790.0,55795.0,55792.5,3.27816e-06,1.63908e-05,0
55830.0,55835.0,55832.5,3.27816e-06,1.63908e-05,0
55860.0,55865.0,55862.5,3.44412e-06,1.72206e-05,0
55875.0,55880.0,55877.5,3.27816e-06,1.63908e-05,0
55915.0,55920.0,55917.5,3.10704e-06,1.55352e-05,0
55950.0,55955.0,55952.5,3.10704e-06,1.55352e-05,0
55965.0,55970.0,55967.5,3.22736e-06,1.61368e-05,0
55985.0,55990.0,55987.5,3.22736e-06,1.61368e-05,0
55990.0,55995.0,55992.5,3.22736e-06,1.61368e-05,0
56010.0,56015.0,56012.5,2.48912e-06,1.24456e-05,0
56020.0,56025.0,56022.5,6.72228e-06,3.36114e-05,0
56060.0,56065.0,56062.5,4.5157e-06,2.25785e-05,0
56080.0,56085.0,56082.5,3.27816e-06,1.63908e-05,0
56085.0,56090.0,56087.5,3.27816e-06,1.63908e-05,0
56095.0,56100.0,56097.5,3.19846e-06,1.59923e-05,0
56105.0,56110.0,56107.5,1.388928e-05,6.94464e-05,0
56175.0,56180.0,56177.5,3.27816e-06,1.63908e-05,0
56180.0,56185.0,56182.5,3.27816e-06,1.63908e-05,0
56195.0,56200.0,56197.5,3.27816e-06,1.63908e-05,0
56205.0,56210.0,56207.5,3.22736e-06,1.61368e-05,0
56375.0,56380.0,56377.5,3.22736e-06,1.61368e-05,0
56450.0,56455.0,56452.5,3.19846e-06,1.59923e-05,0
56495.0,56500.0,56497.5,3.10704e-06,1.55352e-05,0
56545.0,56550.0,56547.5,3.22736e-06,1.61368e-05,0
56560.0,56565.0,56562.5,4.5157e-06,2.25785e-05,0
56570.0,56575.0,56572.5,3.22736e-06,1.61368e-05,0
56575.0,56580.0,56577.5,3.22736e-06,1.61368e-05,0
56580.0,56585.0,56582.5,8.13606e-06,4.06803e-05,0
56625.0,56630.0,56627.5,4.5157e-06,2.25785e-05,0
56665.0,56670.0,56667.5,3.44412e-06,1.72206e-05,0
56680.0,56685.0,56682.5,5.8611e-06,2.93055e-05,0
56685.0,56690.0,56687.5,3.27816e-06,1.63908e-05,0
56740.0,56745.0,56742.5,3.22736e-06,1.61368e-05,0
56795.0,56800.0,56797.5,3.09934e-06,1.54967e-05,0
56800.0,56805.0,56802.5,3.27816e-06,1.63908e-05,0
56870.0,56875.0,56872.5,2.48912e-06,1.24456e-05,0
56895.0,56900.0,56897.5,3.27816e-06,1.63908e-05,0
56920.0,56925.0,56922.5,3.19846e-06,1.59923e-05,0
56930.0,56935.0,56932.5,9.43374e-06,4.71687e-05,0
56950.0,56955.0,56952.5,3.27816e-06,1.63908e-05,0
56980.0,56985.0,56982.5,3.09934e-06,1.54967e-05,0
56985.0,56990.0,56987.5,3.27816e-06,1.63908e-05,0
57005.0,57010.0,57007.5,2.75406e-06,1.37703e-05,0
57025.0,57030.0,57027.5,4.5157e-06,2.25785e-05,0
57040.0,57045.0,57042.5,6.5563e-06,3.27815e-05,0
57045.0,57050.0,57047.5,3.44412e-06,1.72206e-05,0
57090.0,57095.0,57092.5,7.61196e-06,3.80598e-05,0
57105.0,57110.0,57107.5,3.27816e-06,1.63908e-05,0
57115.0,57120.0,57117.5,2.48912e-06,1.24456e-05,0
57160.0,57165.0,57162.5,4.5157e-06,2.25785e-05,0
57185.0,57190.0,57187.5,4.5157e-06,2.25785e-05,0
57190.0,57195.0,57192.5,4.5157e-06,2.25785e-05,0
57255.0,57260.0,57257.5,3.22736e-06,1.61368e-05,0
57285.0,57290.0,57287.5,3.44412e-06,1.72206e-05,0
57360.0,57365.0,57362.5,4.5157e-06,2.25785e-05,0
57450.0,57455.0,57452.5,4.8579e-06,2.42895e-05,0
57455.0,57460.0,57457.5,2.75406e-06,1.37703e-05,0
57465.0,57470.0,57467.5,3.44412e-06,1.72206e-05,0
57485.0,57490.0,57487.5,3.44412e-06,1.72206e-05,0
57520.0,57525.0,57522.5,3.10704e-06,1.55352e-05,0
57570.0,57575.0,57572.5,3.10704e-06,1.55352e-05,0
57720.0,57725.0,57722.5,6.42582e-06,3.21291e-05,0
57760.0,57765.0,57762.5,4.8579e-06,2.42895e-05,0
57770.0,57775.0,57772.5,4.5157e-06,2.25785e-05,0
57775.0,57780.0,57777.5,3.27816e-06,1.63908e-05,0
57785.0,57790.0,57787.5,3.27816e-06,1.63908e-05,0
57885.0,57890.0,57887.5,2.75406e-06,1.37703e-05,0
57920.0,57925.0,57922.5,4.5157e-06,2.25785e-05,0
57925.0,57930.0,57927.5,3.44412e-06,1.72206e-05,0
57930.0,57935.0,57932.5,6.72228e-06,3.36114e-05,0
57990.0,57995.0,57992.5,3.19846e-06,1.59923e-05,0
58000.0,58005.0,58002.5,3.19846e-06,1.59923e-05,0
58005.0,58010.0,58007.5,3.19846e-06,1.59923e-05,0
58010.0,58015.0,58012.5,3.10704e-06,1.55352e-05,0
58060.0,58065.0,58062.5,3.09934e-06,1.54967e-05,0
58080.0,58085.0,58082.5,2.48912e-06,1.24456e-05,0
58090.0,58095.0,58092.5,2.75406e-06,1.37703e-05,0
58095.0,58100.0,58097.5,3.27816e-06,1.63908e-05,0
58195.0,58200.0,58197.5,4.8579e-06,2.42895e-05,0
58205.0,58210.0,58207.5,3.44412e-06,1.72206e-05,0
58255.0,58260.0,58257.5,3.27816e-06,1.63908e-05,0
58270.0,58275.0,58272.5,3.09934e-06,1.54967e-05,0
58275.0,58280.0,58277.5,3.19846e-06,1.59923e-05,0
58300.0,58305.0,58302.5,3.19846e-06,1.59923e-05,0
58345.0,58350.0,58347.5,3.22736e-06,1.61368e-05,0
58355.0,58360.0,58357.5,4.8579e-06,2.42895e-05,0
58425.0,58430.0,58427.5,3.44412e-06,1.72206e-05,0
58450.0,58455.0,58452.5,3.22736e-06,1.61368e-05,0
58455.0,58460.0,58457.5,2.48912e-06,1.24456e-05,0
58560.0,58565.0,58562.5,3.10704e-06,1.55352e-05,0
58575.0,58580.0,58577.5,4.5157e-06,2.25785e-05,0
58660.0,58665.0,58662.5,3.19846e-06,1.59923e-05,0
58675.0,58680.0,58677.5,4.5157e-06,2.25785e-05,0
58695.0,58700.0,58697.5,3.27816e-06,1.63908e-05,0
58705.0,58710.0,58707.5,3.44412e-06,1.72206e-05,0
58740.0,58745.0,58742.5,4.5157e-06,2.25785e-05,0
58810.0,58815.0,58812.5,4.8579e-06,2.42895e-05,0
58820.0,58825.0,58822.5,3.27816e-06,1.63908e-05,0
58825.0,58830.0,58827.5,2.75406e-06,1.37703e-05,0
58830.0,58835.0,58832.5,2.48912e-06,1.24456e-05,0
58840.0,58845.0,58842.5,4.5157e-06,2.25785e-05,0
58865.0,58870.0,58867.5,3.22736e-06,1.61368e-05,0
58885.0,58890.0,58887.5,3.44412e-06,1.72206e-05,0
58925.0,58930.0,58927.5,3.27816e-06,1.63908e-05,0
58930.0,58935.0,58932.5,3.09934e-06,1.54967e-05,0
58940.0,58945.0,58942.5,2.75406e-06,1.37703e-05,0
58980.0,58985.0,58982.5,3.44412e-06,1.72206e-05,0
58985.0,58990.0,58987.5,3.22736e-06,1.61368e-05,0
59015.0,59020.0,59017.5,4.5157e-06,2.25785e-05,0
59095.0,59100.0,59097.5,6.19818e-06,3.09909e-05,0
59135.0,59140.0,59137.5,3.44412e-06,1.72206e-05,0
59255.0,59260.0,59257.5,3.22736e-06,1.61368e-05,0
59465.0,59470.0,59467.5,2.75406e-06,1.37703e-05,0
59630.0,59635.0,59632.5,6.50552e-06,3.25276e-05,0
59695.0,59700.0,59697.5,3.27816e-06,1.63908e-05,0
59730.0,59735.0,59732.5,3.19846e-06,1.59923e-05,0
59745.0,59750.0,59747.5,3.27816e-06,1.63908e-05,0
59770.0,59775.0,59772.5,3.19846e-06,1.59923e-05,0
59800.0,59805.0,59802.5,4.5157e-06,2.25785e-05,0
59820.0,59825.0,59822.5,3.19846e-06,1.59923e-05,0
59865.0,59870.0,59867.5,2.48912e-06,1.24456e-05,0
59870.0,59875.0,59872.5,3.27816e-06,1.63908e-05,0
59880.0,59885.0,59882.5,3.22736e-06,1.61368e-05,0
59890.0,59895.0,59892.5,3.19846e-06,1.59923e-05,0
59900.0,59905.0,59902.5,2.75406e-06,1.37703e-05,0
60065.0,60070.0,60067.5,6.54346e-06,3.27173e-05,0
60110.0,60115.0,60112.5,3.19846e-06,1.59923e-05,0
60130.0,60135.0,60132.5,3.27816e-06,1.63908e-05,0
60245.0,60250.0,60247.5,3.44412e-06,1.72206e-05,0
60255.0,60260.0,60257.5,2.75406e-06,1.37703e-05,0
60260.0,60265.0,60262.5,4.8579e-06,2.42895e-05,0
60295.0,60300.0,60297.5,4.5157e-06,2.25785e-05,0
60340.0,60345.0,60342.5,6.64258e-06,3.32129e-05,0
60365.0,60370.0,60367.5,3.27816e-06,1.63908e-05,0
60430.0,60435.0,60432.5,4.5157e-06,2.25785e-05,0
60450.0,60455.0,60452.5,2.48912e-06,1.24456e-05,0
60480.0,60485.0,60482.5,3.22736e-06,1.61368e-05,0
60530.0,60535.0,60532.5,3.27816e-06,1.63908e-05,0
60545.0,60550.0,60547.5,3.22736e-06,1.61368e-05,0
60620.0,60625.0,60622.5,3.10704e-06,1.55352e-05,0
60665.0,60670.0,60667.5,3.22736e-06,1.61368e-05,0
60705.0,60710.0,60707.5,3.44412e-06,1.72206e-05,0
60740.0,60745.0,60742.5,2.75406e-06,1.37703e-05,0
60755.0,60760.0,60757.5,4.5157e-06,2.25785e-05,0
60765.0,60770.0,60767.5,2.48912e-06,1.24456e-05,0
60840.0,60845.0,60842.5,3.44412e-06,1.72206e-05,0
60875.0,60880.0,60877.5,3.09934e-06,1.54967e-05,0
60985.0,60990.0,60987.5,7.00482e-06,3.50241e-05,0
61050.0,61055.0,61052.5,3.27816e-06,1.63908e-05,0
61060.0,61065.0,61062.5,2.75406e-06,1.37703e-05,0
61070.0,61075.0,61072.5,2.75406e-06,1.37703e-05,0
61155.0,61160.0,61157.5,4.8579e-06,2.42895e-05,0
61250.0,61255.0,61252.5,3.19846e-06,1.59923e-05,0
61270.0,61275.0,61272.5,3.27816e-06,1.63908e-05,0
61305.0,61310.0,61307.5,3.09934e-06,1.54967e-05,0
61325.0,61330.0,61327.5,4.8579e-06,2.42895e-05,0
61420.0,61425.0,61422.5,3.44412e-06,1.72206e-05,0
61430.0,61435.0,61432.5,3.22736e-06,1.61368e-05,0
61510.0,61515.0,61512.5,2.75406e-06,1.37703e-05,0
61560.0,61565.0,61562.5,4.5157e-06,2.25785e-05,0
61565.0,61570.0,61567.5,3.44412e-06,1.72206e-05,0
61570.0,61575.0,61572.5,3.27816e-06,1.63908e-05,0
61670.0,61675.0,61672.5,4.5157e-06,2.25785e-05,0
61705.0,61710.0,61707.5,3.27816e-06,1.63908e-05,0
61710.0,61715.0,61712.5,2.48912e-06,1.24456e-05,0
61725.0,61730.0,61727.5,3.10704e-06,1.55352e-05,0
61745.0,61750.0,61747.5,3.22736e-06,1.61368e-05,0
61780.0,61785.0,61782.5,4.8579e-06,2.42895e-05,0
61845.0,61850.0,61847.5,3.10704e-06,1.55352e-05,0
61865.0,61870.0,61867.5,2.48912e-06,1.24456e-05,0
61935.0,61940.0,61937.5,2.75406e-06,1.37703e-05,0
62090.0,62095.0,62092.5,3.19846e-06,1.59923e-05,0
62110.0,62115.0,62112.5,4.5157e-06,2.25785e-05,0
62180.0,62185.0,62182.5,2.75406e-06,1.37703e-05,0
62195.0,62200.0,62197.5,3.22736e-06,1.61368e-05,0
62225.0,62230.0,62227.5,3.27816e-06,1.63908e-05,0
62260.0,62265.0,62262.5,4.8579e-06,2.42895e-05,0
62270.0,62275.0,62272.5,2.75406e-06,1.37703e-05,0
62340.0,62345.0,62342.5,3.10704e-06,1.55352e-05,0
62495.0,62500.0,62497.5,4.8579e-06,2.42895e-05,0
62620.0,62625.0,62622.5,5.8611e-06,2.93055e-05,0
62725.0,62730.0,62727.5,3.09934e-06,1.54967e-05,0
62950.0,62955.0,62952.5,3.10704e-06,1.55352e-05,0
63015.0,63020.0,63017.5,3.10704e-06,1.55352e-05,0
63055.0,63060.0,63057.5,2.75406e-06,1.37703e-05,0
63100.0,63105.0,63102.5,3.27816e-06,1.63908e-05,0
63105.0,63110.0,63107.5,3.27816e-06,1.63908e-05,0
63225.0,63230.0,63227.5,2.48912e-06,1.24456e-05,0
63290.0,63295.0,63292.5,3.10704e-06,1.55352e-05,0
63410.0,63415.0,63412.5,4.5157e-06,2.25785e-05,0
63450.0,63455.0,63452.5,2.75406e-06,1.37703e-05,0
63490.0,63495.0,63492.5,3.22736e-06,1.61368e-05,0
63515.0,63520.0,63517.5,3.19846e-06,1.59923e-05,0
63575.0,63580.0,63577.5,3.10704e-06,1.55352e-05,0
63615.0,63620.0,63617.5,2.48912e-06,1.24456e-05,0
63755.0,63760.0,63757.5,4.5157e-06,2.25785e-05,0
63760.0,63765.0,63762.5,3.27816e-06,1.63908e-05,0
63785.0,63790.0,63787.5,3.27816e-06,1.63908e-05,0
63790.0,63795.0,63792.5,4.8579e-06,2.42895e-05,0
63835.0,63840.0,63837.5,3.27816e-06,1.63908e-05,0
63885.0,63890.0,63887.5,4.5157e-06,2.25785e-05,0
64015.0,64020.0,64017.5,4.8579e-06,2.42895e-05,0
64065.0,64070.0,64067.5,2.75406e-06,1.37703e-05,0
64095.0,64100.0,64097.5,3.44412e-06,1.72206e-05,0
64105.0,64110.0,64107.5,3.27816e-06,1.63908e-05,0
64155.0,64160.0,64157.5,3.44412e-06,1.72206e-05,0
64175.0,64180.0,64177.5,3.10704e-06,1.55352e-05,0
64220.0,64225.0,64222.5,4.8579e-06,2.42895e-05,0
64295.0,64300.0,64297.5,4.5157e-06,2.25785e-05,0
64355.0,64360.0,64357.5,3.22736e-06,1.61368e-05,0
64460.0,64465.0,64462.5,4.8579e-06,2.42895e-05,0
64480.0,64485.0,64482.5,3.10704e-06,1.55352e-05,0
64500.0,64505.0,64502.5,3.22736e-06,1.61368e-05,0
64735.0,64740.0,64737.5,3.27816e-06,1.63908e-05,0
64805.0,64810.0,64807.5,4.5157e-06,2.25785e-05,0
64870.0,64875.0,64872.5,4.8579e-06,2.42895e-05,0
64940.0,64945.0,64942.5,4.5157e-06,2.25785e-05,0
64970.0,64975.0,64972.5,2.75406e-06,1.37703e-05,0
64985.0,64990.0,64987.5,3.19846e-06,1.59923e-05,0
65035.0,65040.0,65037.5,3.22736e-06,1.61368e-05,0
65045.0,65050.0,65047.5,4.5157e-06,2.25785e-05,0
65095.0,65100.0,65097.5,2.75406e-06,1.37703e-05,0
65435.0,65440.0,65437.5,3.27816e-06,1.63908e-05,0
65465.0,65470.0,65467.5,3.09934e-06,1.54967e-05,0
65515.0,65520.0,65517.5,3.27816e-06,1.63908e-05,0
65565.0,65570.0,65567.5,3.10704e-06,1.55352e-05,0
65970.0,65975.0,65972.5,3.22736e-06,1.61368e-05,0
66015.0,66020.0,66017.5,3.19846e-06,1.59923e-05,0
66025.0,66030.0,66027.5,3.27816e-06,1.63908e-05,0
66030.0,66035.0,66032.5,3.22736e-06,1.61368e-05,0
66100.0,66105.0,66102.5,4.5157e-06,2.25785e-05,0
66110.0,66115.0,66112.5,2.75406e-06,1.37703e-05,0
66120.0,66125.0,66122.5,4.5157e-06,2.25785e-05,0
66355.0,66360.0,66357.5,4.5157e-06,2.25785e-05,0
66370.0,66375.0,66372.5,3.44412e-06,1.72206e-05,0
66420.0,66425.0,66422.5,3.44412e-06,1.72206e-05,0
66425.0,66430.0,66427.5,3.10704e-06,1.55352e-05,0
66470.0,66475.0,66472.5,2.48912e-06,1.24456e-05,0
66510.0,66515.0,66512.5,2.75406e-06,1.37703e-05,0
66600.0,66605.0,66602.5,3.27816e-06,1.63908e-05,0
66625.0,66630.0,66627.5,3.44412e-06,1.72206e-05,0
66720.0,66725.0,66722.5,2.75406e-06,1.37703e-05,0
66800.0,66805.0,66802.5,3.27816e-06,1.63908e-05,0
66825.0,66830.0,66827.5,7.95982e-06,3.97991e-05,0
66895.0,66900.0,66897.5,3.27816e-06,1.63908e-05,0
66910.0,66915.0,66912.5,4.5157e-06,2.25785e-05,0
67475.0,67480.0,67477.5,2.75406e-06,1.37703e-05,0
67680.0,67685.0,67682.5,3.09934e-06,1.54967e-05,0
67710.0,67715.0,67712.5,2.75406e-06,1.37703e-05,0
67880.0,67885.0,67882.5,2.75406e-06,1.37703e-05,0
67915.0,67920.0,67917.5,4.8579e-06,2.42895e-05,0
67980.0,67985.0,67982.5,4.5157e-06,2.25785e-05,0
68020.0,68025.0,68022.5,3.27816e-06,1.63908e-05,0
68120.0,68125.0,68122.5,3.22736e-06,1.61368e-05,0
68155.0,68160.0,68157.5,3.19846e-06,1.59923e-05,0
68170.0,68175.0,68172.5,4.5157e-06,2.25785e-05,0
68325.0,68330.0,68327.5,2.75406e-06,1.37703e-05,0
68340.0,68345.0,68342.5,3.10704e-06,1.55352e-05,0
68350.0,68355.0,68352.5,2.75406e-06,1.37703e-05,0
68425.0,68430.0,68427.5,3.27816e-06,1.63908e-05,0
68540.0,68545.0,68542.5,4.5157e-06,2.25785e-05,0
68605.0,68610.0,68607.5,4.5157e-06,2.25785e-05,0
68675.0,68680.0,68677.5,3.27816e-06,1.63908e-05,0
68830.0,68835.0,68832.5,3.27816e-06,1.63908e-05,0
69160.0,69165.0,69162.5,2.48912e-06,1.24456e-05,0
69215.0,69220.0,69217.5,3.22736e-06,1.61368e-05,0
69240.0,69245.0,69242.5,4.5157e-06,2.25785e-05,0
69300.0,69305.0,69302.5,3.27816e-06,1.63908e-05,0
69435.0,69440.0,69437.5,4.8579e-06,2.42895e-05,0
69550.0,69555.0,69552.5,3.09934e-06,1.54967e-05,0
69680.0,69685.0,69682.5,3.19846e-06,1.59923e-05,0
69695.0,69700.0,69697.5,3.27816e-06,1.63908e-05,0
69745.0,69750.0,69747.5,4.5157e-06,2.25785e-05,0
69845.0,69850.0,69847.5,3.22736e-06,1.61368e-05,0
69940.0,69945.0,69942.5,3.22736e-06,1.61368e-05,0
70185.0,70190.0,70187.5,4.5157e-06,2.25785e-05,0
70235.0,70240.0,70237.5,3.22736e-06,1.61368e-05,0
70285.0,70290.0,70287.5,3.27816e-06,1.63908e-05,0
70585.0,70590.0,70587.5,2.75406e-06,1.37703e-05,0
70750.0,70755.0,70752.5,3.19846e-06,1.59923e-05,0
70795.0,70800.0,70797.5,4.5157e-06,2.25785e-05,0
70850.0,70855.0,70852.5,4.8579e-06,2.42895e-05,0
70925.0,70930.0,70927.5,3.27816e-06,1.63908e-05,0
71040.0,71045.0,71042.5,3.27816e-06,1.63908e-05,0
71100.0,71105.0,71102.5,3.09934e-06,1.54967e-05,0
71105.0,71110.0,71107.5,3.10704e-06,1.55352e-05,0
71185.0,71190.0,71187.5,4.5157e-06,2.25785e-05,0
71570.0,71575.0,71572.5,3.19846e-06,1.59923e-05,0
71680.0,71685.0,71682.5,4.5157e-06,2.25785e-05,0
71830.0,71835.0,71832.5,2.75406e-06,1.37703e-05,0
72130.0,72135.0,72132.5,3.22736e-06,1.61368e-05,0
72195.0,72200.0,72197.5,3.09934e-06,1.54967e-05,0
72335.0,72340.0,72337.5,4.8579e-06,2.42895e-05,0
72500.0,72505.0,72502.5,4.8579e-06,2.42895e-05,0
72505.0,72510.0,72507.5,3.19846e-06,1.59923e-05,0
72570.0,72575.0,72572.5,3.27816e-06,1.63908e-05,0
72660.0,72665.0,72662.5,4.5157e-06,2.25785e-05,0
73120.0,73125.0,73122.5,4.5157e-06,2.25785e-05,0
73965.0,73970.0,73967.5,4.5157e-06,2.25785e-05,0
74190.0,74195.0,74192.5,3.44412e-06,1.72206e-05,0
74235.0,74240.0,74237.5,3.22736e-06,1.61368e-05,0
74440.0,74445.0,74442.5,3.44412e-06,1.72206e-05,0
74555.0,74560.0,74557.5,4.5157e-06,2.25785e-05,0
74615.0,74620.0,74617.5,4.5157e-06,2.25785e-05,0
74785.0,74790.0,74787.5,3.27816e-06,1.63908e-05,0
74895.0,74900.0,74897.5,4.8579e-06,2.42895e-05,0
75030.0,75035.0,75032.5,3.19846e-06,1.59923e-05,0
75220.0,75225.0,75222.5,3.44412e-06,1.72206e-05,0
75835.0,75840.0,75837.5,3.27816e-06,1.63908e-05,0
76075.0,76080.0,76077.5,2.75406e-06,1.37703e-05,0
76215.0,76220.0,76217.5,3.44412e-06,1.72206e-05,0
76385.0,76390.0,76387.5,2.75406e-06,1.37703e-05,0
76515.0,76520.0,76517.5,2.75406e-06,1.37703e-05,0
76690.0,76695.0,76692.5,4.5157e-06,2.25785e-05,0
76785.0,76790.0,76787.5,3.27816e-06,1.63908e-05,0
77175.0,77180.0,77177.5,3.27816e-06,1.63908e-05,0
77870.0,77875.0,77872.5,3.10704e-06,1.55352e-05,0
79220.0,79225.0,79222.5,4.8579e-06,2.42895e-05,0
79225.0,79230.0,79227.5,4.8579e-06,2.42895e-05,0
80230.0,80235.0,80232.5,3.22736e-06,1.61368e-05,0
80760.0,80765.0,80762.5,4.8579e-06,2.42895e-05,0
81425.0,81430.0,81427.5,3.22736e-06,1.61368e-05,0
82195.0,82200.0,82197.5,4.5157e-06,2.25785e-05,0
82675.0,82680.0,82677.5,3.22736e-06,1.61368e-05,0
82885.0,82890.0,82887.5,4.5157e-06,2.25785e-05,0
86125.0,86130.0,86127.5,3.22736e-06,1.61368e-05,0
87920.0,87925.0,87922.5,4.5157e-06,2.25785e-05,0
88050.0,88055.0,88052.5,3.22736e-06,1.61368e-05,0
89535.0,89540.0,89537.5,2.75406e-06,1.37703e-05,0
89625.0,89630.0,89627.5,3.19846e-06,1.59923e-05,0
90505.0,90510.0,90507.5,3.27816e-06,1.63908e-05,0
100155.0,100160.0,100157.5,2.75406e-06,1.37703e-05,0
102990.0,102995.0,102992.5,4.5157e-06,2.25785e-05,0
112930.0,112935.0,112932.5,3.10704e-06,1.55352e-05,0
