bin_start_us,bin_end_us,bin_mid_us,pdf_per_us,probability,count
220.0,225.0,222.5,9.190586e-05,0.0004595293,0
225.0,230.0,227.5,0.00010072333,0.00050361666,0
230.0,235.0,232.5,9.0725026e-05,0.00045362513,0
235.0,240.0,237.5,8.346602e-05,0.0004173301,0
240.0,245.0,242.5,8.607694e-05,0.0004303847,0
245.0,250.0,247.5,6.737874e-05,0.0003368937,0
250.0,255.0,252.5,9.431264e-05,0.0004715632,0
255.0,260.0,257.5,7.285854e-05,0.0003642927,0
260.0,265.0,262.5,7.964878e-05,0.0003982439,0
265.0,270.0,267.5,9.19055e-05,0.0004595275,0
270.0,275.0,272.5,8.473068e-05,0.0004236534,0
275.0,280.0,277.5,0.00010769596,0.0005384798,0
280.0,285.0,282.5,8.294836e-05,0.0004147418,0
285.0,290.0,287.5,6.5002312e-05,0.00032501156,0
290.0,295.0,292.5,9.361564e-05,0.0004680782,0
295.0,300.0,297.5,7.68347e-05,0.0003841735,0
300.0,305.0,302.5,0.00010049102,0.0005024551,0
305.0,310.0,307.5,8.320854e-05,0.0004160427,0
310.0,315.0,312.5,9.403044e-05,0.0004701522,0
315.0,320.0,317.5,8.045622e-05,0.0004022811,0
320.0,325.0,322.5,9.943572e-05,0.0004971786,0
325.0,330.0,327.5,0.00011155016,0.0005577508,0
330.0,335.0,332.5,9.779842e-05,0.0004889921,0
335.0,340.0,337.5,8.39655e-05,0.0004198275,0
340.0,345.0,342.5,7.010536e-05,0.0003505268,0
345.0,350.0,347.5,0.001441151,0.007205755,0
350.0,355.0,352.5,0.0036844764,0.018422382,0
355.0,360.0,357.5,0.0020099462,0.010049731,0
360.0,365.0,362.5,0.0008800736,0.004400368,0
365.0,370.0,367.5,0.0008762044,0.004381022,0
370.0,375.0,372.5,0.0009292098,0.004646049,0
375.0,380.0,377.5,0.0009366058,0.004683029,0
380.0,385.0,382.5,0.0005902432,0.002951216,0
385.0,390.0,387.5,0.0004444016,0.002222008,0
390.0,395.0,392.5,0.0004242772,0.002121386,0
395.0,400.0,397.5,0.0003699496,0.001849748,0
400.0,405.0,402.5,0.0003842438,0.001921219,0
405.0,410.0,407.5,0.0003964286,0.001982143,0
410.0,415.0,412.5,0.0004367706,0.002183853,0
415.0,420.0,417.5,0.000493272,0.00246636,0
420.0,425.0,422.5,0.0004238398,0.002119199,0
425.0,430.0,427.5,0.0004311254,0.002155627,0
430.0,435.0,432.5,0.0004610494,0.002305247,0
435.0,440.0,437.5,0.0004618884,0.002309442,0
440.0,445.0,442.5,0.0005256588,0.002628294,0
445.0,450.0,447.5,0.000477257,0.002386285,0
450.0,455.0,452.5,0.0004289026,0.002144513,0
455.0,460.0,457.5,0.0003854478,0.001927239,0
460.0,465.0,462.5,0.01444034,0.0722017,0
465.0,470.0,467.5,0.0003901848,0.001950924,0
470.0,475.0,472.5,0.0003633946,0.001816973,0
475.0,480.0,477.5,0.0003892324,0.001946162,0
480.0,485.0,482.5,0.0003879056,0.001939528,0
485.0,490.0,487.5,0.0004275186,0.002137593,0
490.0,495.0,492.5,0.0003849836,0.001924918,0
495.0,500.0,497.5,0.0003770482,0.001885241,0
500.0,505.0,502.5,0.0004692042,0.002346021,0
505.0,510.0,507.5,0.0004292064,0.002146032,0
510.0,515.0,512.5,0.0004255164,0.002127582,0
515.0,520.0,517.5,0.0005040278,0.002520139,0
520.0,525.0,522.5,0.00040616234,0.0020308117,0
525.0,530.0,527.5,0.0004502178,0.002251089,0
530.0,535.0,532.5,0.00042008914,0.0021004457,0
535.0,540.0,537.5,0.0004158386,0.002079193,0
540.0,545.0,542.5,0.000418702,0.00209351,0
545.0,550.0,547.5,0.0004402014,0.002201007,0
550.0,555.0,552.5,0.000458017,0.002290085,0
555.0,560.0,557.5,0.0004424372,0.002212186,0
560.0,565.0,562.5,0.000463707,0.002318535,0
565.0,570.0,567.5,0.000427374,0.00213687,0
570.0,575.0,572.5,0.001546447,0.007732235,0
575.0,580.0,577.5,0.0004688136,0.002344068,0
580.0,585.0,582.5,0.0004064602,0.002032301,0
585.0,590.0,587.5,0.0003859782,0.001929891,0
590.0,595.0,592.5,0.0006882558,0.003441279,0
595.0,600.0,597.5,0.0003685966,0.001842983,0
600.0,605.0,602.5,0.0005150952,0.002575476,0
605.0,610.0,607.5,0.000509281,0.002546405,0
610.0,615.0,612.5,0.000409006,0.00204503,0
615.0,620.0,617.5,0.0004410182,0.002205091,0
620.0,625.0,622.5,0.000380125,0.001900625,0
625.0,630.0,627.5,0.0004111606,0.002055803,0
630.0,635.0,632.5,0.00041721254,0.0020860627,0
635.0,640.0,637.5,0.0004429858,0.002214929,0
640.0,645.0,642.5,0.0003865268,0.001932634,0
645.0,650.0,647.5,0.0004294706,0.002147353,0
650.0,655.0,652.5,0.0004152548,0.002076274,0
655.0,660.0,657.5,0.000462073,0.002310365,0
660.0,665.0,662.5,0.0003870074,0.001935037,0
665.0,670.0,667.5,0.000451791,0.002258955,0
670.0,675.0,672.5,0.0004251096,0.002125548,0
675.0,680.0,677.5,0.000388994,0.00194497,0
680.0,685.0,682.5,0.0004239186,0.002119593,0
685.0,690.0,687.5,0.0004323038,0.002161519,0
690.0,695.0,692.5,0.000410624,0.00205312,0
695.0,700.0,697.5,0.0003734578,0.001867289,0
700.0,705.0,702.5,0.0004563612,0.002281806,0
705.0,710.0,707.5,0.0003960754,0.001980377,0
710.0,715.0,712.5,0.0004171456,0.002085728,0
715.0,720.0,717.5,0.0003858688,0.001929344,0
720.0,725.0,722.5,0.0003944398,0.001972199,0
725.0,730.0,727.5,0.0003869052,0.001934526,0
730.0,735.0,732.5,0.0004557048,0.002278524,0
735.0,740.0,737.5,0.0004533852,0.002266926,0
740.0,745.0,742.5,0.00325671,0.01628355,0
745.0,750.0,747.5,0.000393998,0.00196999,0
750.0,755.0,752.5,0.0003641238,0.001820619,0
755.0,760.0,757.5,0.0003729497,0.0018647485,0
760.0,765.0,762.5,0.0003475326,0.001737663,0
765.0,770.0,767.5,0.0003753634,0.001876817,0
770.0,775.0,772.5,0.0003830402,0.001915201,0
775.0,780.0,777.5,0.000360826,0.00180413,0
780.0,785.0,782.5,0.0003623574,0.001811787,0
785.0,790.0,787.5,0.000392998,0.00196499,0
790.0,795.0,792.5,0.0004541422,0.002270711,0
795.0,800.0,797.5,0.0005498184,0.002749092,0
800.0,805.0,802.5,0.0002661896,0.001330948,0
805.0,810.0,807.5,0.00025658898,0.0012829449,0
810.0,815.0,812.5,0.00023990356,0.0011995178,0
815.0,820.0,817.5,0.00023594164,0.0011797082,0
820.0,825.0,822.5,0.00021273746,0.0010636873,0
825.0,830.0,827.5,0.00018974844,0.0009487422,0
830.0,835.0,832.5,0.0002552224,0.001276112,0
835.0,840.0,837.5,0.00023561242,0.0011780621,0
840.0,845.0,842.5,0.00024312918,0.0012156459,0
845.0,850.0,847.5,0.0002984628,0.001492314,0
850.0,855.0,852.5,0.00024878202,0.0012439101,0
855.0,860.0,857.5,0.000967112,0.00483556,0
860.0,865.0,862.5,0.00028661344,0.0014330672,0
865.0,870.0,867.5,0.0003119018,0.001559509,0
870.0,875.0,872.5,0.00029769938,0.0014884969,0
875.0,880.0,877.5,0.0003609166,0.001804583,0
880.0,885.0,882.5,0.000332995,0.001664975,0
885.0,890.0,887.5,0.00024848094,0.0012424047,0
890.0,895.0,892.5,0.0003143464,0.001571732,0
895.0,900.0,897.5,0.0002929381,0.0014646905,0
900.0,905.0,902.5,0.00030615,0.00153075,0
905.0,910.0,907.5,0.0003286458,0.001643229,0
910.0,915.0,912.5,0.0006139638,0.003069819,0
915.0,920.0,917.5,0.0003645584,0.001822792,0
920.0,925.0,922.5,0.00026965142,0.0013482571,0
925.0,930.0,927.5,0.00028429612,0.0014214806,0
930.0,935.0,932.5,0.00024261162,0.0012130581,0
935.0,940.0,937.5,0.00028663634,0.0014331817,0
940.0,945.0,942.5,0.00028654054,0.0014327027,0
945.0,950.0,947.5,0.00027249262,0.0013624631,0
950.0,955.0,952.5,0.0002339943,0.0011699715,0
955.0,960.0,957.5,0.0002874214,0.001437107,0
960.0,965.0,962.5,0.0002736374,0.001368187,0
965.0,970.0,967.5,0.001099416,0.00549708,0
970.0,975.0,972.5,0.0002830538,0.001415269,0
975.0,980.0,977.5,0.00029552064,0.0014776032,0
980.0,985.0,982.5,0.00025088968,0.0012544484,0
985.0,990.0,987.5,0.00028853924,0.0014426962,0
990.0,995.0,992.5,0.00025109176,0.0012554588,0
995.0,1000.0,997.5,0.00026568624,0.0013284312,0
1000.0,1005.0,1002.5,0.00023287286,0.0011643643,0
1005.0,1010.0,1007.5,0.000462198,0.00231099,0
1010.0,1015.0,1012.5,0.00022725166,0.0011362583,0
1015.0,1020.0,1017.5,0.000464844,0.00232422,0
1020.0,1025.0,1022.5,0.0003271424,0.001635712,0
1025.0,1030.0,1027.5,0.000394843,0.001974215,0
1030.0,1035.0,1032.5,0.0002951547,0.0014757735,0
1035.0,1040.0,1037.5,0.0003449132,0.001724566,0
1040.0,1045.0,1042.5,0.00032907544,0.0016453772,0
1045.0,1050.0,1047.5,0.00024261116,0.0012130558,0
1050.0,1055.0,1052.5,0.0003067088,0.001533544,0
1055.0,1060.0,1057.5,0.00028178038,0.0014089019,0
1060.0,1065.0,1062.5,0.0002794974,0.001397487,0
1065.0,1070.0,1067.5,0.0003010212,0.001505106,0
1070.0,1075.0,1072.5,0.00024313912,0.0012156956,0
1075.0,1080.0,1077.5,0.0002828556,0.001414278,0
1080.0,1085.0,1082.5,0.00026832482,0.0013416241,0
1085.0,1090.0,1087.5,0.0002855038,0.001427519,0
1090.0,1095.0,1092.5,0.00027805288,0.0013902644,0
1095.0,1100.0,1097.5,0.000582547,0.002912735,0
1100.0,1105.0,1102.5,0.00026842946,0.0013421473,0
1105.0,1110.0,1107.5,0.00026349156,0.0013174578,0
1110.0,1115.0,1112.5,0.00024005928,0.0012002964,0
1115.0,1120.0,1117.5,0.0002986195,0.0014930975,0
1120.0,1125.0,1122.5,0.0003554814,0.001777407,0
1125.0,1130.0,1127.5,0.0003544774,0.001772387,0
1130.0,1135.0,1132.5,0.00028652234,0.0014326117,0
1135.0,1140.0,1137.5,0.0003012886,0.001506443,0
1140.0,1145.0,1142.5,0.00026847074,0.0013423537,0
1145.0,1150.0,1147.5,0.00028499944,0.0014249972,0
1150.0,1155.0,1152.5,0.0002631227,0.0013156135,0
1155.0,1160.0,1157.5,0.0002872494,0.001436247,0
1160.0,1165.0,1162.5,0.0002649831,0.0013249155,0
1165.0,1170.0,1167.5,0.00023992754,0.0011996377,0
1170.0,1175.0,1172.5,0.0002664824,0.001332412,0
1175.0,1180.0,1177.5,0.00026350344,0.0013175172,0
1180.0,1185.0,1182.5,0.0002652581,0.0013262905,0
1185.0,1190.0,1187.5,0.00024934606,0.0012467303,0
1190.0,1195.0,1192.5,0.0003911188,0.001955594,0
1195.0,1200.0,1197.5,0.00026736236,0.0013368118,0
1200.0,1205.0,1202.5,0.0002699338,0.001349669,0
1205.0,1210.0,1207.5,0.000404405,0.002022025,0
1210.0,1215.0,1212.5,0.00025293424,0.0012646712,0
1215.0,1220.0,1217.5,0.0002416494,0.001208247,0
1220.0,1225.0,1222.5,0.00021034842,0.0010517421,0
1225.0,1230.0,1227.5,0.0002519023,0.0012595115,0
1230.0,1235.0,1232.5,0.00023912792,0.0011956396,0
1235.0,1240.0,1237.5,0.00025648588,0.0012824294,0
1240.0,1245.0,1242.5,0.00025608724,0.0012804362,0
1245.0,1250.0,1247.5,0.00023394302,0.0011697151,0
1250.0,1255.0,1252.5,0.000251552,0.00125776,0
1255.0,1260.0,1257.5,0.00020315816,0.0010157908,0
1260.0,1265.0,1262.5,0.00019832134,0.0009916067,0
1265.0,1270.0,1267.5,0.00022083722,0.0011041861,0
1270.0,1275.0,1272.5,0.00019924712,0.0009962356,0
1275.0,1280.0,1277.5,0.0001922339,0.0009611695,0
1280.0,1285.0,1282.5,0.00017797894,0.0008898947,0
1285.0,1290.0,1287.5,0.00018391142,0.0009195571,0
1290.0,1295.0,1292.5,0.0002863828,0.001431914,0
1295.0,1300.0,1297.5,0.00021828628,0.0010914314,0
1300.0,1305.0,1302.5,0.0002990104,0.001495052,0
1305.0,1310.0,1307.5,0.00024480704,0.0012240352,0
1310.0,1315.0,1312.5,0.0002436365,0.0012181825,0
1315.0,1320.0,1317.5,0.0002580643,0.0012903215,0
1320.0,1325.0,1322.5,0.00025477418,0.0012738709,0
1325.0,1330.0,1327.5,0.00024103556,0.0012051778,0
1330.0,1335.0,1332.5,0.00023256874,0.0011628437,0
1335.0,1340.0,1337.5,0.00021704896,0.0010852448,0
1340.0,1345.0,1342.5,0.0002283904,0.001141952,0
1345.0,1350.0,1347.5,0.0001989108,0.000994554,0
1350.0,1355.0,1352.5,0.00021742438,0.0010871219,0
1355.0,1360.0,1357.5,0.00022578028,0.0011289014,0
1360.0,1365.0,1362.5,0.00020756824,0.0010378412,0
1365.0,1370.0,1367.5,0.00023466658,0.0011733329,0
1370.0,1375.0,1372.5,0.00018840012,0.0009420006,0
1375.0,1380.0,1377.5,0.00017765702,0.0008882851,0
1380.0,1385.0,1382.5,0.00020418474,0.0010209237,0
1385.0,1390.0,1387.5,0.00018498698,0.0009249349,0
1390.0,1395.0,1392.5,0.00017006988,0.0008503494,0
1395.0,1400.0,1397.5,0.00017702262,0.0008851131,0
1400.0,1405.0,1402.5,0.00022199364,0.0011099682,0
1405.0,1410.0,1407.5,0.00019146896,0.0009573448,0
1410.0,1415.0,1412.5,0.00022176254,0.0011088127,0
1415.0,1420.0,1417.5,0.00021258442,0.0010629221,0
1420.0,1425.0,1422.5,0.0002499352,0.001249676,0
1425.0,1430.0,1427.5,0.00019726132,0.0009863066,0
1430.0,1435.0,1432.5,0.00020831148,0.0010415574,0
1435.0,1440.0,1437.5,0.00019949912,0.0009974956,0
1440.0,1445.0,1442.5,0.0001744258,0.000872129,0
1445.0,1450.0,1447.5,0.00020452548,0.0010226274,0
1450.0,1455.0,1452.5,0.00019686486,0.0009843243,0
1455.0,1460.0,1457.5,0.00021962098,0.0010981049,0
1460.0,1465.0,1462.5,0.00020410524,0.0010205262,0
1465.0,1470.0,1467.5,0.00024249718,0.0012124859,0
1470.0,1475.0,1472.5,0.00018144856,0.0009072428,0
1475.0,1480.0,1477.5,0.00023558116,0.0011779058,0
1480.0,1485.0,1482.5,0.00016857462,0.0008428731,0
1485.0,1490.0,1487.5,0.00023699942,0.0011849971,0
1490.0,1495.0,1492.5,0.0002246645,0.0011233225,0
1495.0,1500.0,1497.5,0.0001800682,0.000900341,0
1500.0,1505.0,1502.5,0.00020389192,0.0010194596,0
1505.0,1510.0,1507.5,0.000210127,0.001050635,0
1510.0,1515.0,1512.5,0.0001859292,0.000929646,0
1515.0,1520.0,1517.5,0.00020496878,0.0010248439,0
1520.0,1525.0,1522.5,0.000204605,0.001023025,0
1525.0,1530.0,1527.5,0.0002316922,0.001158461,0
1530.0,1535.0,1532.5,0.0001736439,0.0008682195,0
1535.0,1540.0,1537.5,0.00020083552,0.0010041776,0
1540.0,1545.0,1542.5,0.00020091598,0.0010045799,0
1545.0,1550.0,1547.5,0.00019958526,0.0009979263,0
1550.0,1555.0,1552.5,0.00018334958,0.0009167479,0
1555.0,1560.0,1557.5,0.00020138712,0.0010069356,0
1560.0,1565.0,1562.5,0.00021175066,0.0010587533,0
1565.0,1570.0,1567.5,0.00020013372,0.0010006686,0
1570.0,1575.0,1572.5,0.00023459618,0.0011729809,0
1575.0,1580.0,1577.5,0.00021215024,0.0010607512,0
1580.0,1585.0,1582.5,0.00021734574,0.0010867287,0
1585.0,1590.0,1587.5,0.00017303792,0.0008651896,0
1590.0,1595.0,1592.5,0.00020375066,0.0010187533,0
1595.0,1600.0,1597.5,0.00020753042,0.0010376521,0
1600.0,1605.0,1602.5,0.00019802052,0.0009901026,0
1605.0,1610.0,1607.5,0.00017056698,0.0008528349,0
1610.0,1615.0,1612.5,0.00019746956,0.0009873478,0
1615.0,1620.0,1617.5,0.00019773898,0.0009886949,0
1620.0,1625.0,1622.5,0.00017062764,0.0008531382,0
1625.0,1630.0,1627.5,0.00019779758,0.0009889879,0
1630.0,1635.0,1632.5,0.00018181264,0.0009090632,0
1635.0,1640.0,1637.5,0.00019616148,0.0009808074,0
1640.0,1645.0,1642.5,0.00020643224,0.0010321612,0
1645.0,1650.0,1647.5,0.0002041497,0.0010207485,0
1650.0,1655.0,1652.5,0.00021630246,0.0010815123,0
1655.0,1660.0,1657.5,0.00018786754,0.0009393377,0
1660.0,1665.0,1662.5,0.00019830756,0.0009915378,0
1665.0,1670.0,1667.5,0.0001991239,0.0009956195,0
1670.0,1675.0,1672.5,0.00017939858,0.0008969929,0
1675.0,1680.0,1677.5,0.0001836159,0.0009180795,0
1680.0,1685.0,1682.5,0.00021478088,0.0010739044,0
1685.0,1690.0,1687.5,0.00020691336,0.0010345668,0
1690.0,1695.0,1692.5,0.0001839402,0.000919701,0
1695.0,1700.0,1697.5,0.00018865928,0.0009432964,0
1700.0,1705.0,1702.5,0.00019906454,0.0009953227,0
1705.0,1710.0,1707.5,0.00017660246,0.0008830123,0
1710.0,1715.0,1712.5,0.00018517998,0.0009258999,0
1715.0,1720.0,1717.5,0.00015886342,0.0007943171,0
1720.0,1725.0,1722.5,0.00016989744,0.0008494872,0
1725.0,1730.0,1727.5,0.00016260064,0.0008130032,0
1730.0,1735.0,1732.5,0.0001815885,0.0009079425,0
1735.0,1740.0,1737.5,0.00016983192,0.0008491596,0
1740.0,1745.0,1742.5,0.00019441524,0.0009720762,0
1745.0,1750.0,1747.5,0.000147343,0.000736715,0
1750.0,1755.0,1752.5,0.00017835768,0.0008917884,0
1755.0,1760.0,1757.5,0.00017202948,0.0008601474,0
1760.0,1765.0,1762.5,0.00016621238,0.0008310619,0
1765.0,1770.0,1767.5,0.00016904328,0.0008452164,0
1770.0,1775.0,1772.5,0.0001621569,0.0008107845,0
1775.0,1780.0,1777.5,0.0001541985,0.0007709925,0
1780.0,1785.0,1782.5,0.0001773216,0.000886608,0
1785.0,1790.0,1787.5,0.0001731381,0.0008656905,0
1790.0,1795.0,1792.5,0.00015505668,0.0007752834,0
1795.0,1800.0,1797.5,0.00015090158,0.0007545079,0
1800.0,1805.0,1802.5,0.00019368352,0.0009684176,0
1805.0,1810.0,1807.5,0.00014084986,0.0007042493,0
1810.0,1815.0,1812.5,0.00016873538,0.0008436769,0
1815.0,1820.0,1817.5,0.00014725374,0.0007362687,0
1820.0,1825.0,1822.5,0.00018022756,0.0009011378,0
1825.0,1830.0,1827.5,0.00020480238,0.0010240119,0
1830.0,1835.0,1832.5,0.000156219,0.000781095,0
1835.0,1840.0,1837.5,0.00016011652,0.0008005826,0
1840.0,1845.0,1842.5,0.00016972394,0.0008486197,0
1845.0,1850.0,1847.5,0.00019802736,0.0009901368,0
1850.0,1855.0,1852.5,0.00018600066,0.0009300033,0
1855.0,1860.0,1857.5,0.00016833792,0.0008416896,0
1860.0,1865.0,1862.5,0.00019444618,0.0009722309,0
1865.0,1870.0,1867.5,0.00015301378,0.0007650689,0
1870.0,1875.0,1872.5,0.00015589372,0.0007794686,0
1875.0,1880.0,1877.5,0.00015080734,0.0007540367,0
1880.0,1885.0,1882.5,0.00018329218,0.0009164609,0
1885.0,1890.0,1887.5,0.00016443404,0.0008221702,0
1890.0,1895.0,1892.5,0.00014128412,0.0007064206,0
1895.0,1900.0,1897.5,0.00016113032,0.0008056516,0
1900.0,1905.0,1902.5,0.0001527272,0.000763636,0
1905.0,1910.0,1907.5,0.00015288078,0.0007644039,0
1910.0,1915.0,1912.5,0.00016885568,0.0008442784,0
1915.0,1920.0,1917.5,0.00017453846,0.0008726923,0
1920.0,1925.0,1922.5,0.0001448736,0.000724368,0
1925.0,1930.0,1927.5,0.0001723674,0.000861837,0
1930.0,1935.0,1932.5,0.00013288364,0.0006644182,0
1935.0,1940.0,1937.5,0.0001718197,0.0008590985,0
1940.0,1945.0,1942.5,0.00020017884,0.0010008942,0
1945.0,1950.0,1947.5,0.0001508623,0.0007543115,0
1950.0,1955.0,1952.5,0.000180092,0.00090046,0
1955.0,1960.0,1957.5,0.00014416996,0.0007208498,0
1960.0,1965.0,1962.5,0.00016876836,0.0008438418,0
1965.0,1970.0,1967.5,0.000161372,0.00080686,0
1970.0,1975.0,1972.5,0.00015794928,0.0007897464,0
1975.0,1980.0,1977.5,0.00016701092,0.0008350546,0
1980.0,1985.0,1982.5,0.00014739454,0.0007369727,0
1985.0,1990.0,1987.5,0.0001647164,0.000823582,0
1990.0,1995.0,1992.5,0.00014595666,0.0007297833,0
1995.0,2000.0,1997.5,0.00015305734,0.0007652867,0
2000.0,2005.0,2002.5,0.00015360862,0.0007680431,0
2005.0,2010.0,2007.5,0.00013882342,0.0006941171,0
2010.0,2015.0,2012.5,0.00014846822,0.0007423411,0
2015.0,2020.0,2017.5,0.00016020946,0.0008010473,0
2020.0,2025.0,2022.5,0.00015488638,0.0007744319,0
2025.0,2030.0,2027.5,0.00016501382,0.0008250691,0
2030.0,2035.0,2032.5,0.00018228054,0.0009114027,0
2035.0,2040.0,2037.5,0.00013520242,0.0006760121,0
2040.0,2045.0,2042.5,0.00016416326,0.0008208163,0
2045.0,2050.0,2047.5,0.000153629,0.000768145,0
2050.0,2055.0,2052.5,0.00014688536,0.0007344268,0
2055.0,2060.0,2057.5,0.00014108814,0.0007054407,0
2060.0,2065.0,2062.5,0.00015823812,0.0007911906,0
2065.0,2070.0,2067.5,0.00012934058,0.0006467029,0
2070.0,2075.0,2072.5,0.0001581251,0.0007906255,0
2075.0,2080.0,2077.5,0.00013779672,0.0006889836,0
2080.0,2085.0,2082.5,0.00014896332,0.0007448166,0
2085.0,2090.0,2087.5,0.00013718376,0.0006859188,0
2090.0,2095.0,2092.5,0.0001521318,0.000760659,0
2095.0,2100.0,2097.5,0.00014107996,0.0007053998,0
2100.0,2105.0,2102.5,0.00014349256,0.0007174628,0
2105.0,2110.0,2107.5,0.00014374384,0.0007187192,0
2110.0,2115.0,2112.5,0.0001311638,0.000655819,0
2115.0,2120.0,2117.5,0.00013753198,0.0006876599,0
2120.0,2125.0,2122.5,0.00016038606,0.0008019303,0
2125.0,2130.0,2127.5,0.00013338116,0.0006669058,0
2130.0,2135.0,2132.5,0.0001431525,0.0007157625,0
2135.0,2140.0,2137.5,0.00015282574,0.0007641287,0
2140.0,2145.0,2142.5,0.00014241128,0.0007120564,0
2145.0,2150.0,2147.5,0.00013838714,0.0006919357,0
2150.0,2155.0,2152.5,0.00012716792,0.0006358396,0
2155.0,2160.0,2157.5,0.00015173312,0.0007586656,0
2160.0,2165.0,2162.5,0.00013985844,0.0006992922,0
2165.0,2170.0,2167.5,0.00013177476,0.0006588738,0
2170.0,2175.0,2172.5,0.00015452828,0.0007726414,0
2175.0,2180.0,2177.5,0.000154381,0.000771905,0
2180.0,2185.0,2182.5,0.00012400012,0.0006200006,0
2185.0,2190.0,2187.5,0.00017080246,0.0008540123,0
2190.0,2195.0,2192.5,0.0001317286,0.000658643,0
2195.0,2200.0,2197.5,0.00013921538,0.0006960769,0
2200.0,2205.0,2202.5,0.00015701728,0.0007850864,0
2205.0,2210.0,2207.5,0.00014147648,0.0007073824,0
2210.0,2215.0,2212.5,0.00014182968,0.0007091484,0
2215.0,2220.0,2217.5,0.00015208962,0.0007604481,0
2220.0,2225.0,2222.5,0.00014283794,0.0007141897,0
2225.0,2230.0,2227.5,0.0001561935,0.0007809675,0
2230.0,2235.0,2232.5,0.00013998436,0.0006999218,0
2235.0,2240.0,2237.5,0.00012341766,0.0006170883,0
2240.0,2245.0,2242.5,0.00013611624,0.0006805812,0
2245.0,2250.0,2247.5,0.000124491,0.000622455,0
2250.0,2255.0,2252.5,0.00013313776,0.0006656888,0
2255.0,2260.0,2257.5,0.00011385732,0.0005692866,0
2260.0,2265.0,2262.5,0.0001270254,0.000635127,0
2265.0,2270.0,2267.5,0.00013648042,0.0006824021,0
2270.0,2275.0,2272.5,0.00014505094,0.0007252547,0
2275.0,2280.0,2277.5,0.00012747718,0.0006373859,0
2280.0,2285.0,2282.5,0.00015243836,0.0007621918,0
2285.0,2290.0,2287.5,0.0001246815,0.0006234075,0
2290.0,2295.0,2292.5,0.00012529082,0.0006264541,0
2295.0,2300.0,2297.5,0.0001165599,0.0005827995,0
2300.0,2305.0,2302.5,0.00015693198,0.0007846599,0
2305.0,2310.0,2307.5,0.00012875576,0.0006437788,0
2310.0,2315.0,2312.5,0.0001319463,0.0006597315,0
2315.0,2320.0,2317.5,0.00013113204,0.0006556602,0
2320.0,2325.0,2322.5,0.00013832624,0.0006916312,0
2325.0,2330.0,2327.5,0.00012202612,0.0006101306,0
2330.0,2335.0,2332.5,0.00012013154,0.0006006577,0
2335.0,2340.0,2337.5,0.00014623916,0.0007311958,0
2340.0,2345.0,2342.5,0.00014662528,0.0007331264,0
2345.0,2350.0,2347.5,0.00010447666,0.0005223833,0
2350.0,2355.0,2352.5,0.00012628886,0.0006314443,0
2355.0,2360.0,2357.5,0.00012377646,0.0006188823,0
2360.0,2365.0,2362.5,0.00010556768,0.0005278384,0
2365.0,2370.0,2367.5,0.00012898546,0.0006449273,0
2370.0,2375.0,2372.5,0.00013144334,0.0006572167,0
2375.0,2380.0,2377.5,0.00012912394,0.0006456197,0
2380.0,2385.0,2382.5,0.0001187846,0.000593923,0
2385.0,2390.0,2387.5,0.00012593998,0.0006296999,0
2390.0,2395.0,2392.5,0.00013051972,0.0006525986,0
2395.0,2400.0,2397.5,0.00013355672,0.0006677836,0
2400.0,2405.0,2402.5,0.00011450238,0.0005725119,0
2405.0,2410.0,2407.5,0.0001356412,0.000678206,0
2410.0,2415.0,2412.5,0.00014355618,0.0007177809,0
2415.0,2420.0,2417.5,0.000126634,0.00063317,0
2420.0,2425.0,2422.5,0.00013019074,0.0006509537,0
2425.0,2430.0,2427.5,0.00013399964,0.0006699982,0
2430.0,2435.0,2432.5,0.00011535092,0.0005767546,0
2435.0,2440.0,2437.5,0.00012160394,0.0006080197,0
2440.0,2445.0,2442.5,0.00011673538,0.0005836769,0
2445.0,2450.0,2447.5,0.00013286608,0.0006643304,0
2450.0,2455.0,2452.5,0.00013023552,0.0006511776,0
2455.0,2460.0,2457.5,0.00012458152,0.0006229076,0
2460.0,2465.0,2462.5,0.00011893186,0.0005946593,0
2465.0,2470.0,2467.5,0.00012368148,0.0006184074,0
2470.0,2475.0,2472.5,0.00014106458,0.0007053229,0
2475.0,2480.0,2477.5,0.00012687296,0.0006343648,0
2480.0,2485.0,2482.5,0.00012496024,0.0006248012,0
2485.0,2490.0,2487.5,0.00013235366,0.0006617683,0
2490.0,2495.0,2492.5,0.0001209338,0.000604669,0
2495.0,2500.0,2497.5,0.00015012646,0.0007506323,0
2500.0,2505.0,2502.5,0.0001133343,0.0005666715,0
2505.0,2510.0,2507.5,0.00012580834,0.0006290417,0
2510.0,2515.0,2512.5,0.0001329888,0.000664944,0
2515.0,2520.0,2517.5,0.00012007866,0.0006003933,0
2520.0,2525.0,2522.5,0.00014538142,0.0007269071,0
2525.0,2530.0,2527.5,0.00012726564,0.0006363282,0
2530.0,2535.0,2532.5,0.0001276322,0.000638161,0
2535.0,2540.0,2537.5,0.00013057436,0.0006528718,0
2540.0,2545.0,2542.5,0.0001431379,0.0007156895,0
2545.0,2550.0,2547.5,0.00011549652,0.0005774826,0
2550.0,2555.0,2552.5,0.00013577386,0.0006788693,0
2555.0,2560.0,2557.5,0.00011971878,0.0005985939,0
2560.0,2565.0,2562.5,0.0001077538,0.000538769,0
2565.0,2570.0,2567.5,0.0001127256,0.000563628,0
2570.0,2575.0,2572.5,0.0001300684,0.000650342,0
2575.0,2580.0,2577.5,0.0001125825,0.0005629125,0
2580.0,2585.0,2582.5,0.0001093237,0.0005466185,0
2585.0,2590.0,2587.5,0.0001282222,0.000641111,0
2590.0,2595.0,2592.5,9.118242e-05,0.0004559121,0
2595.0,2600.0,2597.5,0.00011295394,0.0005647697,0
2600.0,2605.0,2602.5,0.00012277156,0.0006138578,0
2605.0,2610.0,2607.5,0.00010307076,0.0005153538,0
2610.0,2615.0,2612.5,0.00010953722,0.0005476861,0
2615.0,2620.0,2617.5,0.0001233192,0.000616596,0
2620.0,2625.0,2622.5,0.00011368732,0.0005684366,0
2625.0,2630.0,2627.5,0.00011761574,0.0005880787,0
2630.0,2635.0,2632.5,0.00012006572,0.0006003286,0
2635.0,2640.0,2637.5,0.0001136195,0.0005680975,0
2640.0,2645.0,2642.5,0.00011647882,0.0005823941,0
2645.0,2650.0,2647.5,0.00012591736,0.0006295868,0
2650.0,2655.0,2652.5,0.00011923528,0.0005961764,0
2655.0,2660.0,2657.5,0.0001243329,0.0006216645,0
2660.0,2665.0,2662.5,0.00012199702,0.0006099851,0
2665.0,2670.0,2667.5,0.00010221146,0.0005110573,0
2670.0,2675.0,2672.5,0.00012666492,0.0006333246,0
2675.0,2680.0,2677.5,0.00011227224,0.0005613612,0
2680.0,2685.0,2682.5,0.00010940878,0.0005470439,0
2685.0,2690.0,2687.5,0.00010253796,0.0005126898,0
2690.0,2695.0,2692.5,0.00011801616,0.0005900808,0
2695.0,2700.0,2697.5,0.00012126098,0.0006063049,0
2700.0,2705.0,2702.5,0.0001268533,0.0006342665,0
2705.0,2710.0,2707.5,0.00012010606,0.0006005303,0
2710.0,2715.0,2712.5,0.00011567528,0.0005783764,0
2715.0,2720.0,2717.5,0.00013721184,0.0006860592,0
2720.0,2725.0,2722.5,0.00010727442,0.0005363721,0
2725.0,2730.0,2727.5,9.866922e-05,0.0004933461,0
2730.0,2735.0,2732.5,0.00010649768,0.0005324884,0
2735.0,2740.0,2737.5,9.58563e-05,0.0004792815,0
2740.0,2745.0,2742.5,0.00012553696,0.0006276848,0
2745.0,2750.0,2747.5,0.00010853476,0.0005426738,0
2750.0,2755.0,2752.5,0.00012648992,0.0006324496,0
2755.0,2760.0,2757.5,0.00013623842,0.0006811921,0
2760.0,2765.0,2762.5,9.91848e-05,0.000495924,0
2765.0,2770.0,2767.5,0.00010557388,0.0005278694,0
2770.0,2775.0,2772.5,0.0001302182,0.000651091,0
2775.0,2780.0,2777.5,0.0001124264,0.000562132,0
2780.0,2785.0,2782.5,0.00012310666,0.0006155333,0
2785.0,2790.0,2787.5,0.00010765024,0.0005382512,0
2790.0,2795.0,2792.5,9.789184e-05,0.0004894592,0
2795.0,2800.0,2797.5,0.00011549512,0.0005774756,0
2800.0,2805.0,2802.5,0.00011731306,0.0005865653,0
2805.0,2810.0,2807.5,9.243734e-05,0.0004621867,0
2810.0,2815.0,2812.5,9.58266e-05,0.000479133,0
2815.0,2820.0,2817.5,8.429432e-05,0.0004214716,0
2820.0,2825.0,2822.5,0.00011898634,0.0005949317,0
2825.0,2830.0,2827.5,0.0001160766,0.000580383,0
2830.0,2835.0,2832.5,8.122828e-05,0.0004061414,0
2835.0,2840.0,2837.5,0.00012598852,0.0006299426,0
2840.0,2845.0,2842.5,9.676452e-05,0.0004838226,0
2845.0,2850.0,2847.5,8.476914e-05,0.0004238457,0
2850.0,2855.0,2852.5,0.00013002014,0.0006501007,0
2855.0,2860.0,2857.5,0.00010710486,0.0005355243,0
2860.0,2865.0,2862.5,0.00010764464,0.0005382232,0
2865.0,2870.0,2867.5,0.0001159907,0.0005799535,0
2870.0,2875.0,2872.5,0.00010090696,0.0005045348,0
2875.0,2880.0,2877.5,9.012256e-05,0.0004506128,0
2880.0,2885.0,2882.5,0.00012435576,0.0006217788,0
2885.0,2890.0,2887.5,9.986906e-05,0.0004993453,0
2890.0,2895.0,2892.5,9.909798e-05,0.0004954899,0
2895.0,2900.0,2897.5,8.06652e-05,0.000403326,0
2900.0,2905.0,2902.5,0.00013437448,0.0006718724,0
2905.0,2910.0,2907.5,8.410784e-05,0.0004205392,0
2910.0,2915.0,2912.5,8.073288e-05,0.0004036644,0
2915.0,2920.0,2917.5,0.00012466152,0.0006233076,0
2920.0,2925.0,2922.5,0.00010666834,0.0005333417,0
2925.0,2930.0,2927.5,0.00010197648,0.0005098824,0
2930.0,2935.0,2932.5,9.514922e-05,0.0004757461,0
2935.0,2940.0,2937.5,8.988454e-05,0.0004494227,0
2940.0,2945.0,2942.5,9.95104e-05,0.000497552,0
2945.0,2950.0,2947.5,0.00010517244,0.0005258622,0
2950.0,2955.0,2952.5,8.606758e-05,0.0004303379,0
2955.0,2960.0,2957.5,8.916042e-05,0.0004458021,0
2960.0,2965.0,2962.5,0.00010929274,0.0005464637,0
2965.0,2970.0,2967.5,0.00010226936,0.0005113468,0
2970.0,2975.0,2972.5,0.00010313672,0.0005156836,0
2975.0,2980.0,2977.5,0.00012303188,0.0006151594,0
2980.0,2985.0,2982.5,0.0001085021,0.0005425105,0
2985.0,2990.0,2987.5,9.287358e-05,0.0004643679,0
2990.0,2995.0,2992.5,0.00011489996,0.0005744998,0
2995.0,3000.0,2997.5,9.240074e-05,0.0004620037,0
3000.0,3005.0,3002.5,0.00012135586,0.0006067793,0
3005.0,3010.0,3007.5,0.0001001219,0.0005006095,0
3010.0,3015.0,3012.5,0.00012757562,0.0006378781,0
3015.0,3020.0,3017.5,0.00011356162,0.0005678081,0
3020.0,3025.0,3022.5,0.0001176823,0.0005884115,0
3025.0,3030.0,3027.5,0.00010737776,0.0005368888,0
3030.0,3035.0,3032.5,9.826482e-05,0.0004913241,0
3035.0,3040.0,3037.5,9.770154e-05,0.0004885077,0
3040.0,3045.0,3042.5,0.00010286332,0.0005143166,0
3045.0,3050.0,3047.5,8.924988e-05,0.0004462494,0
3050.0,3055.0,3052.5,9.486004e-05,0.0004743002,0
3055.0,3060.0,3057.5,9.646182e-05,0.0004823091,0
3060.0,3065.0,3062.5,0.00010391404,0.0005195702,0
3065.0,3070.0,3067.5,0.00010127882,0.0005063941,0
3070.0,3075.0,3072.5,9.126268e-05,0.0004563134,0
3075.0,3080.0,3077.5,0.00010641482,0.0005320741,0
3080.0,3085.0,3082.5,0.00010512868,0.0005256434,0
3085.0,3090.0,3087.5,0.00011231584,0.0005615792,0
3090.0,3095.0,3092.5,0.00010360826,0.0005180413,0
3095.0,3100.0,3097.5,0.0001110467,0.0005552335,0
3100.0,3105.0,3102.5,0.00012731044,0.0006365522,0
3105.0,3110.0,3107.5,0.00012401512,0.0006200756,0
3110.0,3115.0,3112.5,0.00011284546,0.0005642273,0
3115.0,3120.0,3117.5,9.736408e-05,0.0004868204,0
3120.0,3125.0,3122.5,0.00011180986,0.0005590493,0
3125.0,3130.0,3127.5,0.00011408374,0.0005704187,0
3130.0,3135.0,3132.5,0.00011571276,0.0005785638,0
3135.0,3140.0,3137.5,0.0001008875,0.0005044375,0
3140.0,3145.0,3142.5,0.00010606668,0.0005303334,0
3145.0,3150.0,3147.5,9.48549e-05,0.0004742745,0
3150.0,3155.0,3152.5,0.00010118508,0.0005059254,0
3155.0,3160.0,3157.5,0.00010960168,0.0005480084,0
3160.0,3165.0,3162.5,0.00010470364,0.0005235182,0
3165.0,3170.0,3167.5,7.790216e-05,0.0003895108,0
3170.0,3175.0,3172.5,8.002468e-05,0.0004001234,0
3175.0,3180.0,3177.5,8.000182e-05,0.0004000091,0
3180.0,3185.0,3182.5,8.414906e-05,0.0004207453,0
3185.0,3190.0,3187.5,8.853438e-05,0.0004426719,0
3190.0,3195.0,3192.5,0.00010533936,0.0005266968,0
3195.0,3200.0,3197.5,9.555228e-05,0.0004777614,0
3200.0,3205.0,3202.5,7.544986e-05,0.0003772493,0
3205.0,3210.0,3207.5,9.227148e-05,0.0004613574,0
3210.0,3215.0,3212.5,8.536528e-05,0.0004268264,0
3215.0,3220.0,3217.5,0.0001159007,0.0005795035,0
3220.0,3225.0,3222.5,7.931984e-05,0.0003965992,0
3225.0,3230.0,3227.5,0.00010421916,0.0005210958,0
3230.0,3235.0,3232.5,0.00010061116,0.0005030558,0
3235.0,3240.0,3237.5,0.00011570552,0.0005785276,0
3240.0,3245.0,3242.5,8.0411744e-05,0.00040205872,0
3245.0,3250.0,3247.5,9.99925e-05,0.0004999625,0
3250.0,3255.0,3252.5,7.1023164e-05,0.00035511582,0
3255.0,3260.0,3257.5,0.00010919874,0.0005459937,0
3260.0,3265.0,3262.5,8.183808e-05,0.0004091904,0
3265.0,3270.0,3267.5,0.0001131912,0.000565956,0
3270.0,3275.0,3272.5,9.369206e-05,0.0004684603,0
3275.0,3280.0,3277.5,8.36336e-05,0.000418168,0
3280.0,3285.0,3282.5,8.969786e-05,0.0004484893,0
3285.0,3290.0,3287.5,0.00011398878,0.0005699439,0
3290.0,3295.0,3292.5,0.0001041982,0.000520991,0
3295.0,3300.0,3297.5,9.693742e-05,0.0004846871,0
3300.0,3305.0,3302.5,8.215766e-05,0.0004107883,0
3305.0,3310.0,3307.5,0.0001004117,0.0005020585,0
3310.0,3315.0,3312.5,9.160348e-05,0.0004580174,0
3315.0,3320.0,3317.5,9.906852e-05,0.0004953426,0
3320.0,3325.0,3322.5,9.155512e-05,0.0004577756,0
3325.0,3330.0,3327.5,0.0001041979,0.0005209895,0
3330.0,3335.0,3332.5,9.810118e-05,0.0004905059,0
3335.0,3340.0,3337.5,0.00010782916,0.0005391458,0
3340.0,3345.0,3342.5,9.154366e-05,0.0004577183,0
3345.0,3350.0,3347.5,9.86948e-05,0.000493474,0
3350.0,3355.0,3352.5,9.483988e-05,0.0004741994,0
3355.0,3360.0,3357.5,9.353398e-05,0.0004676699,0
3360.0,3365.0,3362.5,9.867422e-05,0.0004933711,0
3365.0,3370.0,3367.5,8.767444e-05,0.0004383722,0
3370.0,3375.0,3372.5,8.022178e-05,0.0004011089,0
3375.0,3380.0,3377.5,8.200064e-05,0.0004100032,0
3380.0,3385.0,3382.5,9.361308e-05,0.0004680654,0
3385.0,3390.0,3387.5,7.485658e-05,0.0003742829,0
3390.0,3395.0,3392.5,9.7334e-05,0.00048667,0
3395.0,3400.0,3397.5,7.251584e-05,0.0003625792,0
3400.0,3405.0,3402.5,8.289528e-05,0.0004144764,0
3405.0,3410.0,3407.5,7.249002e-05,0.0003624501,0
3410.0,3415.0,3412.5,8.169418e-05,0.0004084709,0
3415.0,3420.0,3417.5,9.187774e-05,0.0004593887,0
3420.0,3425.0,3422.5,7.265302e-05,0.0003632651,0
3425.0,3430.0,3427.5,9.527758e-05,0.0004763879,0
3430.0,3435.0,3432.5,8.9937e-05,0.000449685,0
3435.0,3440.0,3437.5,0.00011147062,0.0005573531,0
3440.0,3445.0,3442.5,0.00010343886,0.0005171943,0
3445.0,3450.0,3447.5,7.45025e-05,0.0003725125,0
3450.0,3455.0,3452.5,0.00010600576,0.0005300288,0
3455.0,3460.0,3457.5,9.470338e-05,0.0004735169,0
3460.0,3465.0,3462.5,8.756298e-05,0.0004378149,0
3465.0,3470.0,3467.5,0.00010061556,0.0005030778,0
3470.0,3475.0,3472.5,7.592798e-05,0.0003796399,0
3475.0,3480.0,3477.5,0.00011387066,0.0005693533,0
3480.0,3485.0,3482.5,8.09933e-05,0.0004049665,0
3485.0,3490.0,3487.5,9.779348e-05,0.0004889674,0
3490.0,3495.0,3492.5,8.993444e-05,0.0004496722,0
3495.0,3500.0,3497.5,9.222068e-05,0.0004611034,0
3500.0,3505.0,3502.5,6.257178e-05,0.0003128589,0
3505.0,3510.0,3507.5,9.45896e-05,0.000472948,0
3510.0,3515.0,3512.5,0.00011674692,0.0005837346,0
3515.0,3520.0,3517.5,7.876604e-05,0.0003938302,0
3520.0,3525.0,3522.5,7.835954e-05,0.0003917977,0
3525.0,3530.0,3527.5,8.08482e-05,0.000404241,0
3530.0,3535.0,3532.5,8.715384e-05,0.0004357692,0
3535.0,3540.0,3537.5,9.45163e-05,0.0004725815,0
3540.0,3545.0,3542.5,0.00010908274,0.0005454137,0
3545.0,3550.0,3547.5,0.00010138928,0.0005069464,0
3550.0,3555.0,3552.5,9.241032e-05,0.0004620516,0
3555.0,3560.0,3557.5,6.7347858e-05,0.00033673929,0
3560.0,3565.0,3562.5,9.696298e-05,0.0004848149,0
3565.0,3570.0,3567.5,8.530322e-05,0.0004265161,0
3570.0,3575.0,3572.5,8.241278e-05,0.0004120639,0
3575.0,3580.0,3577.5,9.18962e-05,0.000459481,0
3580.0,3585.0,3582.5,8.19826e-05,0.000409913,0
3585.0,3590.0,3587.5,6.565616e-05,0.0003282808,0
3590.0,3595.0,3592.5,0.00010556456,0.0005278228,0
3595.0,3600.0,3597.5,9.300888e-05,0.0004650444,0
3600.0,3605.0,3602.5,8.231108e-05,0.0004115554,0
3605.0,3610.0,3607.5,9.564682e-05,0.0004782341,0
3610.0,3615.0,3612.5,9.288122e-05,0.0004644061,0
3615.0,3620.0,3617.5,8.895966e-05,0.0004447983,0
3620.0,3625.0,3622.5,0.00011269496,0.0005634748,0
3625.0,3630.0,3627.5,8.161926e-05,0.0004080963,0
3630.0,3635.0,3632.5,7.86881e-05,0.0003934405,0
3635.0,3640.0,3637.5,9.711472e-05,0.0004855736,0
3640.0,3645.0,3642.5,8.65069e-05,0.0004325345,0
3645.0,3650.0,3647.5,6.746394e-05,0.0003373197,0
3650.0,3655.0,3652.5,8.5998e-05,0.00042999,0
3655.0,3660.0,3657.5,9.790104e-05,0.0004895052,0
3660.0,3665.0,3662.5,7.351636e-05,0.0003675818,0
3665.0,3670.0,3667.5,8.180696e-05,0.0004090348,0
3670.0,3675.0,3672.5,8.74364e-05,0.000437182,0
3675.0,3680.0,3677.5,5.8688044e-05,0.00029344022,0
3680.0,3685.0,3682.5,8.919054e-05,0.0004459527,0
3685.0,3690.0,3687.5,9.167226e-05,0.0004583613,0
3690.0,3695.0,3692.5,8.426614e-05,0.0004213307,0
3695.0,3700.0,3697.5,0.00010001038,0.0005000519,0
3700.0,3705.0,3702.5,7.024728e-05,0.0003512364,0
3705.0,3710.0,3707.5,8.3178e-05,0.00041589,0
3710.0,3715.0,3712.5,7.0879076e-05,0.00035439538,0
3715.0,3720.0,3717.5,8.837008e-05,0.0004418504,0
3720.0,3725.0,3722.5,8.503926e-05,0.0004251963,0
3725.0,3730.0,3727.5,9.00764e-05,0.000450382,0
3730.0,3735.0,3732.5,7.490218e-05,0.0003745109,0
3735.0,3740.0,3737.5,9.178536e-05,0.0004589268,0
3740.0,3745.0,3742.5,8.323014e-05,0.0004161507,0
3745.0,3750.0,3747.5,8.773238e-05,0.0004386619,0
3750.0,3755.0,3752.5,8.051402e-05,0.0004025701,0
3755.0,3760.0,3757.5,8.79058e-05,0.000439529,0
3760.0,3765.0,3762.5,8.379688e-05,0.0004189844,0
3765.0,3770.0,3767.5,8.614714e-05,0.0004307357,0
3770.0,3775.0,3772.5,8.25149e-05,0.0004125745,0
3775.0,3780.0,3777.5,9.616082e-05,0.0004808041,0
3780.0,3785.0,3782.5,0.00010502634,0.0005251317,0
3785.0,3790.0,3787.5,5.414436e-05,0.0002707218,0
3790.0,3795.0,3792.5,9.9979598e-05,0.00049989799,0
3795.0,3800.0,3797.5,8.672284e-05,0.0004336142,0
3800.0,3805.0,3802.5,7.3473472e-05,0.00036736736,0
3805.0,3810.0,3807.5,9.530876e-05,0.0004765438,0
3810.0,3815.0,3812.5,8.115282e-05,0.0004057641,0
3815.0,3820.0,3817.5,8.544714e-05,0.0004272357,0
3820.0,3825.0,3822.5,8.5243166e-05,0.00042621583,0
3825.0,3830.0,3827.5,8.654682e-05,0.0004327341,0
3830.0,3835.0,3832.5,0.00010692316,0.0005346158,0
3835.0,3840.0,3837.5,8.264352e-05,0.0004132176,0
3840.0,3845.0,3842.5,9.618814e-05,0.0004809407,0
3845.0,3850.0,3847.5,8.225362e-05,0.0004112681,0
3850.0,3855.0,3852.5,8.07703e-05,0.0004038515,0
3855.0,3860.0,3857.5,7.095042e-05,0.0003547521,0
3860.0,3865.0,3862.5,9.797216e-05,0.0004898608,0
3865.0,3870.0,3867.5,7.39967e-05,0.0003699835,0
3870.0,3875.0,3872.5,7.78486e-05,0.000389243,0
3875.0,3880.0,3877.5,7.23526e-05,0.000361763,0
3880.0,3885.0,3882.5,6.844696e-05,0.0003422348,0
3885.0,3890.0,3887.5,9.751314e-05,0.0004875657,0
3890.0,3895.0,3892.5,0.00010068322,0.0005034161,0
3895.0,3900.0,3897.5,0.00010475806,0.0005237903,0
3900.0,3905.0,3902.5,9.849914e-05,0.0004924957,0
3905.0,3910.0,3907.5,8.352776e-05,0.0004176388,0
3910.0,3915.0,3912.5,6.619006e-05,0.0003309503,0
3915.0,3920.0,3917.5,8.692584e-05,0.0004346292,0
3920.0,3925.0,3922.5,8.152198e-05,0.0004076099,0
3925.0,3930.0,3927.5,8.740362e-05,0.0004370181,0
3930.0,3935.0,3932.5,6.6792772e-05,0.00033396386,0
3935.0,3940.0,3937.5,7.310784e-05,0.0003655392,0
3940.0,3945.0,3942.5,7.88738e-05,0.000394369,0
3945.0,3950.0,3947.5,7.91398e-05,0.000395699,0
3950.0,3955.0,3952.5,9.88857e-05,0.0004944285,0
3955.0,3960.0,3957.5,7.736056e-05,0.0003868028,0
3960.0,3965.0,3962.5,8.374768e-05,0.0004187384,0
3965.0,3970.0,3967.5,7.369826e-05,0.0003684913,0
3970.0,3975.0,3972.5,7.479726e-05,0.0003739863,0
3975.0,3980.0,3977.5,7.50984e-05,0.000375492,0
3980.0,3985.0,3982.5,9.3419008e-05,0.00046709504,0
3985.0,3990.0,3987.5,8.5470592e-05,0.00042735296,0
3990.0,3995.0,3992.5,9.119186e-05,0.0004559593,0
3995.0,4000.0,3997.5,6.855428e-05,0.0003427714,0
4000.0,4005.0,4002.5,7.780868e-05,0.0003890434,0
4005.0,4010.0,4007.5,7.469862e-05,0.0003734931,0
4010.0,4015.0,4012.5,6.136686e-05,0.0003068343,0
4015.0,4020.0,4017.5,8.907292e-05,0.0004453646,0
4020.0,4025.0,4022.5,7.077784e-05,0.0003538892,0
4025.0,4030.0,4027.5,6.944976e-05,0.0003472488,0
4030.0,4035.0,4032.5,8.886506e-05,0.0004443253,0
4035.0,4040.0,4037.5,7.435626e-05,0.0003717813,0
4040.0,4045.0,4042.5,8.547504e-05,0.0004273752,0
4045.0,4050.0,4047.5,7.258542e-05,0.0003629271,0
4050.0,4055.0,4052.5,5.7360612e-05,0.00028680306,0
4055.0,4060.0,4057.5,8.099198e-05,0.0004049599,0
4060.0,4065.0,4062.5,9.194504e-05,0.0004597252,0
4065.0,4070.0,4067.5,9.112172e-05,0.0004556086,0
4070.0,4075.0,4072.5,8.560858e-05,0.0004280429,0
4075.0,4080.0,4077.5,0.00010310794,0.0005155397,0
4080.0,4085.0,4082.5,6.931346e-05,0.0003465673,0
4085.0,4090.0,4087.5,8.099658e-05,0.0004049829,0
4090.0,4095.0,4092.5,9.39713e-05,0.0004698565,0
4095.0,4100.0,4097.5,7.4660012e-05,0.00037330006,0
4100.0,4105.0,4102.5,7.444476e-05,0.0003722238,0
4105.0,4110.0,4107.5,6.755456e-05,0.0003377728,0
4110.0,4115.0,4112.5,6.513468e-05,0.0003256734,0
4115.0,4120.0,4117.5,8.49081e-05,0.0004245405,0
4120.0,4125.0,4122.5,7.391606e-05,0.0003695803,0
4125.0,4130.0,4127.5,6.586914e-05,0.0003293457,0
4130.0,4135.0,4132.5,6.995848e-05,0.0003497924,0
4135.0,4140.0,4137.5,8.223588e-05,0.0004111794,0
4140.0,4145.0,4142.5,7.564364e-05,0.0003782182,0
4145.0,4150.0,4147.5,7.020904e-05,0.0003510452,0
4150.0,4155.0,4152.5,9.096438e-05,0.0004548219,0
4155.0,4160.0,4157.5,7.814508e-05,0.0003907254,0
4160.0,4165.0,4162.5,9.515544e-05,0.0004757772,0
4165.0,4170.0,4167.5,6.017994e-05,0.0003008997,0
4170.0,4175.0,4172.5,5.533912e-05,0.0002766956,0
4175.0,4180.0,4177.5,7.64814e-05,0.000382407,0
4180.0,4185.0,4182.5,8.55898e-05,0.000427949,0
4185.0,4190.0,4187.5,7.3396608e-05,0.00036698304,0
4190.0,4195.0,4192.5,6.820922e-05,0.0003410461,0
4195.0,4200.0,4197.5,8.184786e-05,0.0004092393,0
4200.0,4205.0,4202.5,8.02659e-05,0.0004013295,0
4205.0,4210.0,4207.5,7.746998e-05,0.0003873499,0
4210.0,4215.0,4212.5,6.863378e-05,0.0003431689,0
4215.0,4220.0,4217.5,8.414244e-05,0.0004207122,0
4220.0,4225.0,4222.5,7.571452e-05,0.0003785726,0
4225.0,4230.0,4227.5,6.318102e-05,0.0003159051,0
4230.0,4235.0,4232.5,6.351414e-05,0.0003175707,0
4235.0,4240.0,4237.5,8.570118e-05,0.0004285059,0
4240.0,4245.0,4242.5,6.256312e-05,0.0003128156,0
4245.0,4250.0,4247.5,8.175195e-05,0.00040875975,0
4250.0,4255.0,4252.5,6.608766e-05,0.0003304383,0
4255.0,4260.0,4257.5,7.218712e-05,0.0003609356,0
4260.0,4265.0,4262.5,8.151366e-05,0.0004075683,0
4265.0,4270.0,4267.5,7.4510844e-05,0.00037255422,0
4270.0,4275.0,4272.5,9.020826e-05,0.0004510413,0
4275.0,4280.0,4277.5,7.01159e-05,0.0003505795,0
4280.0,4285.0,4282.5,8.844504e-05,0.0004422252,0
4285.0,4290.0,4287.5,7.785792e-05,0.0003892896,0
4290.0,4295.0,4292.5,5.686012e-05,0.0002843006,0
4295.0,4300.0,4297.5,6.703296e-05,0.0003351648,0
4300.0,4305.0,4302.5,7.442348e-05,0.0003721174,0
4305.0,4310.0,4307.5,7.772664e-05,0.0003886332,0
4310.0,4315.0,4312.5,7.316842e-05,0.0003658421,0
4315.0,4320.0,4317.5,7.370914e-05,0.0003685457,0
4320.0,4325.0,4322.5,7.045746e-05,0.0003522873,0
4325.0,4330.0,4327.5,8.231206e-05,0.0004115603,0
4330.0,4335.0,4332.5,5.806758e-05,0.0002903379,0
4335.0,4340.0,4337.5,6.0771468e-05,0.00030385734,0
4340.0,4345.0,4342.5,9.71518e-05,0.000485759,0
4345.0,4350.0,4347.5,5.97985e-05,0.0002989925,0
4350.0,4355.0,4352.5,3.6711038e-05,0.00018355519,0
4355.0,4360.0,4357.5,4.425727e-05,0.00022128635,0
4360.0,4365.0,4362.5,4.404227e-05,0.00022021135,0
4365.0,4370.0,4367.5,3.146772e-05,0.0001573386,0
4370.0,4375.0,4372.5,2.5732574e-05,0.00012866287,0
4375.0,4380.0,4377.5,3.31329e-05,0.0001656645,0
4380.0,4385.0,4382.5,3.90423e-05,0.0001952115,0
4385.0,4390.0,4387.5,3.1331928e-05,0.00015665964,0
4390.0,4395.0,4392.5,3.2332636e-05,0.00016166318,0
4395.0,4400.0,4397.5,4.4026692e-05,0.00022013346,0
4400.0,4405.0,4402.5,3.0243572e-05,0.00015121786,0
4405.0,4410.0,4407.5,3.2294236e-05,0.00016147118,0
4410.0,4415.0,4412.5,3.2452748e-05,0.00016226374,0
4415.0,4420.0,4417.5,3.398166e-05,0.0001699083,0
4420.0,4425.0,4422.5,3.0317436e-05,0.00015158718,0
4425.0,4430.0,4427.5,2.6672932e-05,0.00013336466,0
4430.0,4435.0,4432.5,3.4341454e-05,0.00017170727,0
4435.0,4440.0,4437.5,4.758686e-05,0.0002379343,0
4440.0,4445.0,4442.5,3.9961758e-05,0.00019980879,0
4445.0,4450.0,4447.5,3.559422e-05,0.0001779711,0
4450.0,4455.0,4452.5,3.2975488e-05,0.00016487744,0
4455.0,4460.0,4457.5,2.5290034e-05,0.00012645017,0
4460.0,4465.0,4462.5,3.6521356e-05,0.00018260678,0
4465.0,4470.0,4467.5,3.6979056e-05,0.00018489528,0
4470.0,4475.0,4472.5,2.7593818e-05,0.00013796909,0
4475.0,4480.0,4477.5,3.632786e-05,0.0001816393,0
4480.0,4485.0,4482.5,2.5430498e-05,0.00012715249,0
4485.0,4490.0,4487.5,3.7971038e-05,0.00018985519,0
4490.0,4495.0,4492.5,3.0008826e-05,0.00015004413,0
4495.0,4500.0,4497.5,4.167484e-05,0.0002083742,0
4500.0,4505.0,4502.5,3.7523696e-05,0.00018761848,0
4505.0,4510.0,4507.5,3.809268e-05,0.0001904634,0
4510.0,4515.0,4512.5,2.7285424e-05,0.00013642712,0
4515.0,4520.0,4517.5,3.1406736e-05,0.00015703368,0
4520.0,4525.0,4522.5,2.506874e-05,0.0001253437,0
4525.0,4530.0,4527.5,2.9060816e-05,0.00014530408,0
4530.0,4535.0,4532.5,2.7049382e-05,0.00013524691,0
4535.0,4540.0,4537.5,2.7968762e-05,0.00013984381,0
4540.0,4545.0,4542.5,2.8915626e-05,0.00014457813,0
4545.0,4550.0,4547.5,3.3813834e-05,0.00016906917,0
4550.0,4555.0,4552.5,2.9827432e-05,0.00014913716,0
4555.0,4560.0,4557.5,1.9868142e-05,9.934071e-05,0
4560.0,4565.0,4562.5,3.1721624e-05,0.00015860812,0
4565.0,4570.0,4567.5,2.2369164e-05,0.00011184582,0
4570.0,4575.0,4572.5,3.5738568e-05,0.00017869284,0
4575.0,4580.0,4577.5,2.818803e-05,0.00014094015,0
4580.0,4585.0,4582.5,3.2411886e-05,0.00016205943,0
4585.0,4590.0,4587.5,3.797489e-05,0.00018987445,0
4590.0,4595.0,4592.5,3.868944e-05,0.0001934472,0
4595.0,4600.0,4597.5,3.3860986e-05,0.00016930493,0
4600.0,4605.0,4602.5,2.734372e-05,0.0001367186,0
4605.0,4610.0,4607.5,3.2542168e-05,0.00016271084,0
4610.0,4615.0,4612.5,2.8543758e-05,0.00014271879,0
4615.0,4620.0,4617.5,2.1389302e-05,0.00010694651,0
4620.0,4625.0,4622.5,2.1433014e-05,0.00010716507,0
4625.0,4630.0,4627.5,2.4937938e-05,0.00012468969,0
4630.0,4635.0,4632.5,1.4698484e-05,7.349242e-05,0
4635.0,4640.0,4637.5,3.776628e-05,0.0001888314,0
4640.0,4645.0,4642.5,2.1157932e-05,0.00010578966,0
4645.0,4650.0,4647.5,2.9088126e-05,0.00014544063,0
4650.0,4655.0,4652.5,2.4252512e-05,0.00012126256,0
4655.0,4660.0,4657.5,1.7198564e-05,8.599282e-05,0
4660.0,4665.0,4662.5,1.589302e-05,7.94651e-05,0
4665.0,4670.0,4667.5,2.5299586e-05,0.00012649793,0
4670.0,4675.0,4672.5,2.725713e-05,0.00013628565,0
4675.0,4680.0,4677.5,2.8853096e-05,0.00014426548,0
4680.0,4685.0,4682.5,2.099684e-05,0.0001049842,0
4685.0,4690.0,4687.5,2.625566e-05,0.0001312783,0
4690.0,4695.0,4692.5,2.7566176e-05,0.00013783088,0
4695.0,4700.0,4697.5,1.7774872e-05,8.887436e-05,0
4700.0,4705.0,4702.5,3.0503564e-05,0.00015251782,0
4705.0,4710.0,4707.5,2.2948642e-05,0.00011474321,0
4710.0,4715.0,4712.5,2.7629056e-05,0.00013814528,0
4715.0,4720.0,4717.5,2.633743e-05,0.00013168715,0
4720.0,4725.0,4722.5,2.863286e-05,0.0001431643,0
4725.0,4730.0,4727.5,3.1247798e-05,0.00015623899,0
4730.0,4735.0,4732.5,3.0557078e-05,0.00015278539,0
4735.0,4740.0,4737.5,1.9045962e-05,9.522981e-05,0
4740.0,4745.0,4742.5,2.2524426e-05,0.00011262213,0
4745.0,4750.0,4747.5,1.361926e-05,6.80963e-05,0
4750.0,4755.0,4752.5,1.728116e-05,8.64058e-05,0
4755.0,4760.0,4757.5,1.8112282e-05,9.056141e-05,0
4760.0,4765.0,4762.5,2.1041068e-05,0.00010520534,0
4765.0,4770.0,4767.5,2.9029426e-05,0.00014514713,0
4770.0,4775.0,4772.5,2.051432e-05,0.0001025716,0
4775.0,4780.0,4777.5,2.8703446e-05,0.00014351723,0
4780.0,4785.0,4782.5,2.4839548e-05,0.00012419774,0
4785.0,4790.0,4787.5,2.0062292e-05,0.00010031146,0
4790.0,4795.0,4792.5,2.7980148e-05,0.00013990074,0
4795.0,4800.0,4797.5,2.5271378e-05,0.00012635689,0
4800.0,4805.0,4802.5,1.7927016e-05,8.963508e-05,0
4805.0,4810.0,4807.5,1.6212448e-05,8.106224e-05,0
4810.0,4815.0,4812.5,2.2945696e-05,0.00011472848,0
4815.0,4820.0,4817.5,1.8796738e-05,9.398369e-05,0
4820.0,4825.0,4822.5,2.8543228e-05,0.00014271614,0
4825.0,4830.0,4827.5,2.7484182e-05,0.00013742091,0
4830.0,4835.0,4832.5,2.658132e-05,0.0001329066,0
4835.0,4840.0,4837.5,3.108256e-05,0.0001554128,0
4840.0,4845.0,4842.5,2.5352094e-05,0.00012676047,0
4845.0,4850.0,4847.5,2.9848738e-05,0.00014924369,0
4850.0,4855.0,4852.5,2.2577082e-05,0.00011288541,0
4855.0,4860.0,4857.5,2.8074872e-05,0.00014037436,0
4860.0,4865.0,4862.5,2.6770136e-05,0.00013385068,0
4865.0,4870.0,4867.5,1.2719686e-05,6.359843e-05,0
4870.0,4875.0,4872.5,2.8460876e-05,0.00014230438,0
4875.0,4880.0,4877.5,2.804596e-05,0.0001402298,0
4880.0,4885.0,4882.5,1.5052832e-05,7.526416e-05,0
4885.0,4890.0,4887.5,2.2469748e-05,0.00011234874,0
4890.0,4895.0,4892.5,2.0304894e-05,0.00010152447,0
4895.0,4900.0,4897.5,1.5995764e-05,7.997882e-05,0
4900.0,4905.0,4902.5,2.139198e-05,0.0001069599,0
4905.0,4910.0,4907.5,2.93144e-05,0.000146572,0
4910.0,4915.0,4912.5,1.487851e-05,7.439255e-05,0
4915.0,4920.0,4917.5,1.9717976e-05,9.858988e-05,0
4920.0,4925.0,4922.5,3.3945448e-05,0.00016972724,0
4925.0,4930.0,4927.5,1.869908e-05,9.34954e-05,0
4930.0,4935.0,4932.5,2.831765e-05,0.00014158825,0
4935.0,4940.0,4937.5,2.0016754e-05,0.00010008377,0
4940.0,4945.0,4942.5,2.518511e-05,0.00012592555,0
4945.0,4950.0,4947.5,2.3482226e-05,0.00011741113,0
4950.0,4955.0,4952.5,1.755687e-05,8.778435e-05,0
4955.0,4960.0,4957.5,2.0159252e-05,0.00010079626,0
4960.0,4965.0,4962.5,1.8686232e-05,9.343116e-05,0
4965.0,4970.0,4967.5,1.8781026e-05,9.390513e-05,0
4970.0,4975.0,4972.5,7.435734e-06,3.717867e-05,0
4975.0,4980.0,4977.5,3.0020482e-05,0.00015010241,0
4980.0,4985.0,4982.5,2.255085e-05,0.00011275425,0
4985.0,4990.0,4987.5,1.4998586e-05,7.499293e-05,0
4990.0,4995.0,4992.5,2.168264e-05,0.0001084132,0
4995.0,5000.0,4997.5,1.8167782e-05,9.083891e-05,0
5000.0,5005.0,5002.5,2.6295994e-05,0.00013147997,0
5005.0,5010.0,5007.5,2.0004114e-05,0.00010002057,0
5010.0,5015.0,5012.5,1.6419172e-05,8.209586e-05,0
5015.0,5020.0,5017.5,2.50586e-05,0.000125293,0
5020.0,5025.0,5022.5,1.7290104e-05,8.645052e-05,0
5025.0,5030.0,5027.5,2.2529564e-05,0.00011264782,0
5030.0,5035.0,5032.5,2.2775258e-05,0.00011387629,0
5035.0,5040.0,5037.5,2.4023902e-05,0.00012011951,0
5040.0,5045.0,5042.5,2.7681092e-05,0.00013840546,0
5045.0,5050.0,5047.5,2.654522e-05,0.0001327261,0
5050.0,5055.0,5052.5,2.0354014e-05,0.00010177007,0
5055.0,5060.0,5057.5,1.6175082e-05,8.087541e-05,0
5060.0,5065.0,5062.5,2.6241726e-05,0.00013120863,0
5065.0,5070.0,5067.5,1.9854882e-05,9.927441e-05,0
5070.0,5075.0,5072.5,2.026225e-05,0.00010131125,0
5075.0,5080.0,5077.5,1.486576e-05,7.43288e-05,0
5080.0,5085.0,5082.5,1.1390864e-05,5.695432e-05,0
5085.0,5090.0,5087.5,1.7695538e-05,8.847769e-05,0
5090.0,5095.0,5092.5,2.0940976e-05,0.00010470488,0
5095.0,5100.0,5097.5,1.4601594e-05,7.300797e-05,0
5100.0,5105.0,5102.5,1.5910222e-05,7.955111e-05,0
5105.0,5110.0,5107.5,2.7372242e-05,0.00013686121,0
5110.0,5115.0,5112.5,2.4781298e-05,0.00012390649,0
5115.0,5120.0,5117.5,2.2804526e-05,0.00011402263,0
5120.0,5125.0,5122.5,1.6468556e-05,8.234278e-05,0
5125.0,5130.0,5127.5,2.1501448e-05,0.00010750724,0
5130.0,5135.0,5132.5,1.857656e-05,9.28828e-05,0
5135.0,5140.0,5137.5,1.4170136e-05,7.085068e-05,0
5140.0,5145.0,5142.5,1.6647458e-05,8.323729e-05,0
5145.0,5150.0,5147.5,2.0478594e-05,0.00010239297,0
5150.0,5155.0,5152.5,1.6323458e-05,8.161729e-05,0
5155.0,5160.0,5157.5,2.027025e-05,0.00010135125,0
5160.0,5165.0,5162.5,2.7000756e-05,0.00013500378,0
5165.0,5170.0,5167.5,2.6329616e-05,0.00013164808,0
5170.0,5175.0,5172.5,1.8710064e-05,9.355032e-05,0
5175.0,5180.0,5177.5,1.7758004e-05,8.879002e-05,0
5180.0,5185.0,5182.5,2.3588118e-05,0.00011794059,0
5185.0,5190.0,5187.5,2.109807e-05,0.00010549035,0
5190.0,5195.0,5192.5,2.5092688e-05,0.00012546344,0
5195.0,5200.0,5197.5,2.3785416e-05,0.00011892708,0
5200.0,5205.0,5202.5,2.6446644e-05,0.00013223322,0
5205.0,5210.0,5207.5,2.7953012e-05,0.00013976506,0
5210.0,5215.0,5212.5,1.1527718e-05,5.763859e-05,0
5215.0,5220.0,5217.5,3.018726e-05,0.0001509363,0
5220.0,5225.0,5222.5,1.731517e-05,8.657585e-05,0
5225.0,5230.0,5227.5,2.2735226e-05,0.00011367613,0
5230.0,5235.0,5232.5,2.7475988e-05,0.00013737994,0
5235.0,5240.0,5237.5,9.828994e-06,4.914497e-05,0
5240.0,5245.0,5242.5,2.1724882e-05,0.00010862441,0
5245.0,5250.0,5247.5,2.702055e-05,0.00013510275,0
5250.0,5255.0,5252.5,2.1231136e-05,0.00010615568,0
5255.0,5260.0,5257.5,2.164625e-05,0.00010823125,0
5260.0,5265.0,5262.5,1.6283014e-05,8.141507e-05,0
5265.0,5270.0,5267.5,2.339083e-05,0.00011695415,0
5270.0,5275.0,5272.5,1.6320572e-05,8.160286e-05,0
5275.0,5280.0,5277.5,2.3199726e-05,0.00011599863,0
5280.0,5285.0,5282.5,1.9309712e-05,9.654856e-05,0
5285.0,5290.0,5287.5,1.7292282e-05,8.646141e-05,0
5290.0,5295.0,5292.5,2.010717e-05,0.00010053585,0
5295.0,5300.0,5297.5,1.4690964e-05,7.345482e-05,0
5300.0,5305.0,5302.5,1.736244e-05,8.68122e-05,0
5305.0,5310.0,5307.5,2.3730922e-05,0.00011865461,0
5310.0,5315.0,5312.5,1.9462896e-05,9.731448e-05,0
5315.0,5320.0,5317.5,2.3775526e-05,0.00011887763,0
5320.0,5325.0,5322.5,2.2537824e-05,0.00011268912,0
5325.0,5330.0,5327.5,1.0228532e-05,5.114266e-05,0
5330.0,5335.0,5332.5,2.7705756e-05,0.00013852878,0
5335.0,5340.0,5337.5,1.89234e-05,9.4617e-05,0
5340.0,5345.0,5342.5,2.63339e-05,0.0001316695,0
5345.0,5350.0,5347.5,1.6584018e-05,8.292009e-05,0
5350.0,5355.0,5352.5,1.8679172e-05,9.339586e-05,0
5355.0,5360.0,5357.5,1.7361866e-05,8.680933e-05,0
5360.0,5365.0,5362.5,1.0857358e-05,5.428679e-05,0
5365.0,5370.0,5367.5,1.741236e-05,8.70618e-05,0
5370.0,5375.0,5372.5,1.3649478e-05,6.824739e-05,0
5375.0,5380.0,5377.5,1.1325288e-05,5.662644e-05,0
5380.0,5385.0,5382.5,1.8839084e-05,9.419542e-05,0
5385.0,5390.0,5387.5,2.2812508e-05,0.00011406254,0
5390.0,5395.0,5392.5,1.8617692e-05,9.308846e-05,0
5395.0,5400.0,5397.5,1.8913442e-05,9.456721e-05,0
5400.0,5405.0,5402.5,1.3434558e-05,6.717279e-05,0
5405.0,5410.0,5407.5,2.7780324e-05,0.00013890162,0
5410.0,5415.0,5412.5,1.2811566e-05,6.405783e-05,0
5415.0,5420.0,5417.5,1.9946136e-05,9.973068e-05,0
5420.0,5425.0,5422.5,9.828174e-06,4.914087e-05,0
5425.0,5430.0,5427.5,2.241328e-05,0.0001120664,0
5430.0,5435.0,5432.5,1.7790276e-05,8.895138e-05,0
5435.0,5440.0,5437.5,2.3511976e-05,0.00011755988,0
5440.0,5445.0,5442.5,1.511788e-05,7.55894e-05,0
5445.0,5450.0,5447.5,2.2885258e-05,0.00011442629,0
5450.0,5455.0,5452.5,1.3337126e-05,6.668563e-05,0
5455.0,5460.0,5457.5,8.958478e-06,4.479239e-05,0
5460.0,5465.0,5462.5,2.2754578e-05,0.00011377289,0
5465.0,5470.0,5467.5,2.4008762e-05,0.00012004381,0
5470.0,5475.0,5472.5,2.0311566e-05,0.00010155783,0
5475.0,5480.0,5477.5,2.3747486e-05,0.00011873743,0
5480.0,5485.0,5482.5,2.397004e-05,0.0001198502,0
5485.0,5490.0,5487.5,2.15691e-05,0.0001078455,0
5490.0,5495.0,5492.5,1.8780708e-05,9.390354e-05,0
5495.0,5500.0,5497.5,1.8998322e-05,9.499161e-05,0
5500.0,5505.0,5502.5,2.0209384e-05,0.00010104692,0
5505.0,5510.0,5507.5,1.6209084e-05,8.104542e-05,0
5510.0,5515.0,5512.5,1.9071466e-05,9.535733e-05,0
5515.0,5520.0,5517.5,1.7743452e-05,8.871726e-05,0
5520.0,5525.0,5522.5,2.1532026e-05,0.00010766013,0
5525.0,5530.0,5527.5,1.391314e-05,6.95657e-05,0
5530.0,5535.0,5532.5,2.0081108e-05,0.00010040554,0
5535.0,5540.0,5537.5,2.6311258e-05,0.00013155629,0
5540.0,5545.0,5542.5,2.2813078e-05,0.00011406539,0
5545.0,5550.0,5547.5,1.8741468e-05,9.370734e-05,0
5550.0,5555.0,5552.5,1.6016796e-05,8.008398e-05,0
5555.0,5560.0,5557.5,9.926552e-06,4.963276e-05,0
5560.0,5565.0,5562.5,1.6854496e-05,8.427248e-05,0
5565.0,5570.0,5567.5,1.892747e-05,9.463735e-05,0
5570.0,5575.0,5572.5,9.600546e-06,4.800273e-05,0
5575.0,5580.0,5577.5,1.2593844e-05,6.296922e-05,0
5580.0,5585.0,5582.5,2.0416118e-05,0.00010208059,0
5585.0,5590.0,5587.5,1.637865e-05,8.189325e-05,0
5590.0,5595.0,5592.5,2.420531e-05,0.00012102655,0
5595.0,5600.0,5597.5,2.0083868e-05,0.00010041934,0
5600.0,5605.0,5602.5,2.138515e-05,0.00010692575,0
5605.0,5610.0,5607.5,1.8901996e-05,9.450998e-05,0
5610.0,5615.0,5612.5,1.91554e-05,9.5777e-05,0
5615.0,5620.0,5617.5,2.0495888e-05,0.00010247944,0
5620.0,5625.0,5622.5,1.2699482e-05,6.349741e-05,0
5625.0,5630.0,5627.5,1.26907e-05,6.34535e-05,0
5630.0,5635.0,5632.5,1.7572528e-05,8.786264e-05,0
5635.0,5640.0,5637.5,1.1399062e-05,5.699531e-05,0
5640.0,5645.0,5642.5,2.0125968e-05,0.00010062984,0
5645.0,5650.0,5647.5,2.836492e-05,0.0001418246,0
5650.0,5655.0,5652.5,2.1576724e-05,0.00010788362,0
5655.0,5660.0,5657.5,2.2267586e-05,0.00011133793,0
5660.0,5665.0,5662.5,1.728374e-05,8.64187e-05,0
5665.0,5670.0,5667.5,2.8878694e-05,0.00014439347,0
5670.0,5675.0,5672.5,1.96982e-05,9.8491e-05,0
5675.0,5680.0,5677.5,1.7454108e-05,8.727054e-05,0
5680.0,5685.0,5682.5,2.0480322e-05,0.00010240161,0
5685.0,5690.0,5687.5,1.3933918e-05,6.966959e-05,0
5690.0,5695.0,5692.5,1.1088084e-05,5.544042e-05,0
5695.0,5700.0,5697.5,1.7369872e-05,8.684936e-05,0
5700.0,5705.0,5702.5,2.2613676e-05,0.00011306838,0
5705.0,5710.0,5707.5,2.781107e-05,0.00013905535,0
5710.0,5715.0,5712.5,2.22668e-05,0.000111334,0
5715.0,5720.0,5717.5,1.6361108e-05,8.180554e-05,0
5720.0,5725.0,5722.5,5.107928e-06,2.553964e-05,0
5725.0,5730.0,5727.5,2.387761e-05,0.00011938805,0
5730.0,5735.0,5732.5,1.88125e-05,9.40625e-05,0
5735.0,5740.0,5737.5,2.0262242e-05,0.00010131121,0
5740.0,5745.0,5742.5,2.499454e-05,0.0001249727,0
5745.0,5750.0,5747.5,2.5863188e-05,0.00012931594,0
5750.0,5755.0,5752.5,2.60977e-05,0.0001304885,0
5755.0,5760.0,5757.5,1.1098774e-05,5.549387e-05,0
5760.0,5765.0,5762.5,1.5559192e-05,7.779596e-05,0
5765.0,5770.0,5767.5,2.81699e-05,0.0001408495,0
5770.0,5775.0,5772.5,2.0201046e-05,0.00010100523,0
5775.0,5780.0,5777.5,1.624573e-05,8.122865e-05,0
5780.0,5785.0,5782.5,1.1077932e-05,5.538966e-05,0
5785.0,5790.0,5787.5,1.8089398e-05,9.044699e-05,0
5790.0,5795.0,5792.5,2.1167122e-05,0.00010583561,0
5795.0,5800.0,5797.5,8.627944e-06,4.313972e-05,0
5800.0,5805.0,5802.5,1.9838714e-05,9.919357e-05,0
5805.0,5810.0,5807.5,1.8750842e-05,9.375421e-05,0
5810.0,5815.0,5812.5,1.1326554e-05,5.663277e-05,0
5815.0,5820.0,5817.5,1.6353544e-05,8.176772e-05,0
5820.0,5825.0,5822.5,1.651824e-05,8.25912e-05,0
5825.0,5830.0,5827.5,1.855352e-05,9.27676e-05,0
5830.0,5835.0,5832.5,1.6644812e-05,8.322406e-05,0
5835.0,5840.0,5837.5,1.7320218e-05,8.660109e-05,0
5840.0,5845.0,5842.5,7.796286e-06,3.898143e-05,0
5845.0,5850.0,5847.5,1.5105316e-05,7.552658e-05,0
5850.0,5855.0,5852.5,1.6747138e-05,8.373569e-05,0
5855.0,5860.0,5857.5,2.769976e-05,0.0001384988,0
5860.0,5865.0,5862.5,1.8841898e-05,9.420949e-05,0
5865.0,5870.0,5867.5,1.1314572e-05,5.657286e-05,0
5870.0,5875.0,5872.5,1.2818532e-05,6.409266e-05,0
5875.0,5880.0,5877.5,1.6330502e-05,8.165251e-05,0
5880.0,5885.0,5882.5,2.3605262e-05,0.00011802631,0
5885.0,5890.0,5887.5,2.370892e-05,0.0001185446,0
5890.0,5895.0,5892.5,1.7686478e-05,8.843239e-05,0
5895.0,5900.0,5897.5,9.77952e-06,4.88976e-05,0
5900.0,5905.0,5902.5,1.5868162e-05,7.934081e-05,0
5905.0,5910.0,5907.5,1.9854738e-05,9.927369e-05,0
5910.0,5915.0,5912.5,9.916564e-06,4.958282e-05,0
5915.0,5920.0,5917.5,1.3571628e-05,6.785814e-05,0
5920.0,5925.0,5922.5,1.3658498e-05,6.829249e-05,0
5925.0,5930.0,5927.5,1.3903152e-05,6.951576e-05,0
5930.0,5935.0,5932.5,1.6724576e-05,8.362288e-05,0
5935.0,5940.0,5937.5,1.8744472e-05,9.372236e-05,0
5940.0,5945.0,5942.5,1.773237e-05,8.866185e-05,0
5945.0,5950.0,5947.5,1.6232692e-05,8.116346e-05,0
5950.0,5955.0,5952.5,1.992108e-05,9.96054e-05,0
5955.0,5960.0,5957.5,1.869093e-05,9.345465e-05,0
5960.0,5965.0,5962.5,1.599797e-05,7.998985e-05,0
5965.0,5970.0,5967.5,1.9612138e-05,9.806069e-05,0
5970.0,5975.0,5972.5,1.806083e-05,9.030415e-05,0
5975.0,5980.0,5977.5,1.714703e-05,8.573515e-05,0
5980.0,5985.0,5982.5,1.9218432e-05,9.609216e-05,0
5985.0,5990.0,5987.5,1.4956896e-05,7.478448e-05,0
5990.0,5995.0,5992.5,2.0177626e-05,0.00010088813,0
5995.0,6000.0,5997.5,1.2358422e-05,6.179211e-05,0
6000.0,6005.0,6002.5,2.1440794e-05,0.00010720397,0
6005.0,6010.0,6007.5,1.5122228e-05,7.561114e-05,0
6010.0,6015.0,6012.5,1.1679076e-05,5.839538e-05,0
6015.0,6020.0,6017.5,2.336818e-05,0.0001168409,0
6020.0,6025.0,6022.5,8.710872e-06,4.355436e-05,0
6025.0,6030.0,6027.5,1.2378636e-05,6.189318e-05,0
6030.0,6035.0,6032.5,1.6481202e-05,8.240601e-05,0
6035.0,6040.0,6037.5,1.0544856e-05,5.272428e-05,0
6040.0,6045.0,6042.5,2.1485714e-05,0.00010742857,0
6045.0,6050.0,6047.5,2.3810194e-05,0.00011905097,0
6050.0,6055.0,6052.5,1.1108104e-05,5.554052e-05,0
6055.0,6060.0,6057.5,1.630979e-05,8.154895e-05,0
6060.0,6065.0,6062.5,1.4145148e-05,7.072574e-05,0
6065.0,6070.0,6067.5,2.4273262e-05,0.00012136631,0
6070.0,6075.0,6072.5,2.522957e-05,0.00012614785,0
6075.0,6080.0,6077.5,1.3811274e-05,6.905637e-05,0
6080.0,6085.0,6082.5,1.8168332e-05,9.084166e-05,0
6085.0,6090.0,6087.5,2.1711118e-05,0.00010855559,0
6090.0,6095.0,6092.5,1.3653044e-05,6.826522e-05,0
6095.0,6100.0,6097.5,1.5563156e-05,7.781578e-05,0
6100.0,6105.0,6102.5,1.5190802e-05,7.595401e-05,0
6105.0,6110.0,6107.5,2.6656228e-05,0.00013328114,0
6110.0,6115.0,6112.5,1.7640392e-05,8.820196e-05,0
6115.0,6120.0,6117.5,1.5217118e-05,7.608559e-05,0
6120.0,6125.0,6122.5,1.917171e-05,9.585855e-05,0
6125.0,6130.0,6127.5,1.1020758e-05,5.510379e-05,0
6130.0,6135.0,6132.5,2.0841386e-05,0.00010420693,0
6135.0,6140.0,6137.5,2.0271366e-05,0.00010135683,0
6140.0,6145.0,6142.5,9.004958e-06,4.502479e-05,0
6145.0,6150.0,6147.5,2.0968122e-05,0.00010484061,0
6150.0,6155.0,6152.5,1.274199e-05,6.370995e-05,0
6155.0,6160.0,6157.5,2.0051002e-05,0.00010025501,0
6160.0,6165.0,6162.5,1.4769164e-05,7.384582e-05,0
6165.0,6170.0,6167.5,1.2619508e-05,6.309754e-05,0
6170.0,6175.0,6172.5,1.4000634e-05,7.000317e-05,0
6175.0,6180.0,6177.5,1.2901592e-05,6.450796e-05,0
6180.0,6185.0,6182.5,2.0805974e-05,0.00010402987,0
6185.0,6190.0,6187.5,1.9001866e-05,9.500933e-05,0
6190.0,6195.0,6192.5,1.4880764e-05,7.440382e-05,0
6195.0,6200.0,6197.5,1.2673476e-05,6.336738e-05,0
6200.0,6205.0,6202.5,1.8543e-05,9.2715e-05,0
6205.0,6210.0,6207.5,1.6575222e-05,8.287611e-05,0
6210.0,6215.0,6212.5,1.7683492e-05,8.841746e-05,0
6215.0,6220.0,6217.5,1.5154028e-05,7.577014e-05,0
6220.0,6225.0,6222.5,9.781146e-06,4.890573e-05,0
6225.0,6230.0,6227.5,1.2303742e-05,6.151871e-05,0
6230.0,6235.0,6232.5,1.2992498e-05,6.496249e-05,0
6235.0,6240.0,6237.5,4.81957e-06,2.409785e-05,0
6240.0,6245.0,6242.5,2.522187e-05,0.00012610935,0
6245.0,6250.0,6247.5,1.400576e-05,7.00288e-05,0
6250.0,6255.0,6252.5,1.6488108e-05,8.244054e-05,0
6255.0,6260.0,6257.5,1.7285098e-05,8.642549e-05,0
6260.0,6265.0,6262.5,2.158283e-05,0.00010791415,0
6265.0,6270.0,6267.5,1.869124e-05,9.34562e-05,0
6270.0,6275.0,6272.5,1.500906e-05,7.50453e-05,0
6275.0,6280.0,6277.5,1.52625e-05,7.63125e-05,0
6280.0,6285.0,6282.5,1.7656898e-05,8.828449e-05,0
6285.0,6290.0,6287.5,1.0078682e-05,5.039341e-05,0
6290.0,6295.0,6292.5,1.243555e-05,6.217775e-05,0
6295.0,6300.0,6297.5,1.3941376e-05,6.970688e-05,0
6300.0,6305.0,6302.5,2.2601546e-05,0.00011300773,0
6305.0,6310.0,6307.5,2.1718848e-05,0.00010859424,0
6310.0,6315.0,6312.5,1.5014236e-05,7.507118e-05,0
6315.0,6320.0,6317.5,1.4966272e-05,7.483136e-05,0
6320.0,6325.0,6322.5,2.0965026e-05,0.00010482513,0
6325.0,6330.0,6327.5,2.126585e-05,0.00010632925,0
6330.0,6335.0,6332.5,1.3834836e-05,6.917418e-05,0
6335.0,6340.0,6337.5,1.3445272e-05,6.722636e-05,0
6340.0,6345.0,6342.5,1.8619316e-05,9.309658e-05,0
6345.0,6350.0,6347.5,9.101564e-06,4.550782e-05,0
6350.0,6355.0,6352.5,1.5276904e-05,7.638452e-05,0
6355.0,6360.0,6357.5,8.607876e-06,4.303938e-05,0
6360.0,6365.0,6362.5,2.3958268e-05,0.00011979134,0
6365.0,6370.0,6367.5,1.265579e-05,6.327895e-05,0
6370.0,6375.0,6372.5,1.5152786e-05,7.576393e-05,0
6375.0,6380.0,6377.5,1.3841448e-05,6.920724e-05,0
6380.0,6385.0,6382.5,1.1269818e-05,5.634909e-05,0
6385.0,6390.0,6387.5,2.4074818e-05,0.00012037409,0
6390.0,6395.0,6392.5,1.3655506e-05,6.827753e-05,0
6395.0,6400.0,6397.5,2.0083456e-05,0.00010041728,0
6400.0,6405.0,6402.5,1.0212812e-05,5.106406e-05,0
6405.0,6410.0,6407.5,1.3730414e-05,6.865207e-05,0
6410.0,6415.0,6412.5,1.865546e-05,9.32773e-05,0
6415.0,6420.0,6417.5,2.1825522e-05,0.00010912761,0
6420.0,6425.0,6422.5,2.1671916e-05,0.00010835958,0
6425.0,6430.0,6427.5,8.787198e-06,4.393599e-05,0
6430.0,6435.0,6432.5,1.390643e-05,6.953215e-05,0
6435.0,6440.0,6437.5,1.7926478e-05,8.963239e-05,0
6440.0,6445.0,6442.5,8.899292e-06,4.449646e-05,0
6445.0,6450.0,6447.5,1.5225908e-05,7.612954e-05,0
6450.0,6455.0,6452.5,2.2600752e-05,0.00011300376,0
6455.0,6460.0,6457.5,1.356249e-05,6.781245e-05,0
6460.0,6465.0,6462.5,1.5100762e-05,7.550381e-05,0
6465.0,6470.0,6467.5,1.8698124e-05,9.349062e-05,0
6470.0,6475.0,6472.5,1.40528e-05,7.0264e-05,0
6475.0,6480.0,6477.5,1.406614e-05,7.03307e-05,0
6480.0,6485.0,6482.5,1.5125064e-05,7.562532e-05,0
6485.0,6490.0,6487.5,1.466587e-05,7.332935e-05,0
6490.0,6495.0,6492.5,1.1483638e-05,5.741819e-05,0
6495.0,6500.0,6497.5,1.158025e-05,5.790125e-05,0
6500.0,6505.0,6502.5,1.129855e-05,5.649275e-05,0
6505.0,6510.0,6507.5,1.5523616e-05,7.761808e-05,0
6510.0,6515.0,6512.5,8.71898e-06,4.35949e-05,0
6515.0,6520.0,6517.5,1.5018874e-05,7.509437e-05,0
6520.0,6525.0,6522.5,1.9897206e-05,9.948603e-05,0
6525.0,6530.0,6527.5,1.9478386e-05,9.739193e-05,0
6530.0,6535.0,6532.5,1.7611836e-05,8.805918e-05,0
6535.0,6540.0,6537.5,1.2569394e-05,6.284697e-05,0
6540.0,6545.0,6542.5,1.5007224e-05,7.503612e-05,0
6545.0,6550.0,6547.5,1.2482654e-05,6.241327e-05,0
6550.0,6555.0,6552.5,1.4810966e-05,7.405483e-05,0
6555.0,6560.0,6557.5,2.0015972e-05,0.00010007986,0
6560.0,6565.0,6562.5,1.2728524e-05,6.364262e-05,0
6565.0,6570.0,6567.5,2.613434e-05,0.0001306717,0
6570.0,6575.0,6572.5,1.4942158e-05,7.471079e-05,0
6575.0,6580.0,6577.5,1.1333822e-05,5.666911e-05,0
6580.0,6585.0,6582.5,8.98114e-06,4.49057e-05,0
6585.0,6590.0,6587.5,1.2636018e-05,6.318009e-05,0
6590.0,6595.0,6592.5,1.413067e-05,7.065335e-05,0
6595.0,6600.0,6597.5,1.9059004e-05,9.529502e-05,0
6600.0,6605.0,6602.5,1.391618e-05,6.95809e-05,0
6605.0,6610.0,6607.5,1.5144216e-05,7.572108e-05,0
6610.0,6615.0,6612.5,1.2439394e-05,6.219697e-05,0
6615.0,6620.0,6617.5,2.1543042e-05,0.00010771521,0
6620.0,6625.0,6622.5,1.6802288e-05,8.401144e-05,0
6625.0,6630.0,6627.5,1.2351236e-05,6.175618e-05,0
6630.0,6635.0,6632.5,1.6464764e-05,8.232382e-05,0
6635.0,6640.0,6637.5,1.5128934e-05,7.564467e-05,0
6640.0,6645.0,6642.5,1.8458848e-05,9.229424e-05,0
6645.0,6650.0,6647.5,1.3802296e-05,6.901148e-05,0
6650.0,6655.0,6652.5,1.7587192e-05,8.793596e-05,0
6655.0,6660.0,6657.5,1.7582112e-05,8.791056e-05,0
6660.0,6665.0,6662.5,1.8607898e-05,9.303949e-05,0
6665.0,6670.0,6667.5,2.0497966e-05,0.00010248983,0
6670.0,6675.0,6672.5,1.1534382e-05,5.767191e-05,0
6675.0,6680.0,6677.5,1.4948836e-05,7.474418e-05,0
6680.0,6685.0,6682.5,1.6115522e-05,8.057761e-05,0
6685.0,6690.0,6687.5,1.4088902e-05,7.044451e-05,0
6690.0,6695.0,6692.5,1.8666798e-05,9.333399e-05,0
6695.0,6700.0,6697.5,1.2397554e-05,6.198777e-05,0
6700.0,6705.0,6702.5,1.0029804e-05,5.014902e-05,0
6705.0,6710.0,6707.5,1.372394e-05,6.86197e-05,0
6710.0,6715.0,6712.5,1.3584766e-05,6.792383e-05,0
6715.0,6720.0,6717.5,1.2733392e-05,6.366696e-05,0
6720.0,6725.0,6722.5,1.128172e-05,5.64086e-05,0
6725.0,6730.0,6727.5,1.3786186e-05,6.893093e-05,0
6730.0,6735.0,6732.5,1.2682752e-05,6.341376e-05,0
6735.0,6740.0,6737.5,2.1454586e-05,0.00010727293,0
6740.0,6745.0,6742.5,2.1314714e-05,0.00010657357,0
6745.0,6750.0,6747.5,6.476712e-06,3.238356e-05,0
6750.0,6755.0,6752.5,1.7455512e-05,8.727756e-05,0
6755.0,6760.0,6757.5,1.4872752e-05,7.436376e-05,0
6760.0,6765.0,6762.5,1.3460744e-05,6.730372e-05,0
6765.0,6770.0,6767.5,2.0025068e-05,0.00010012534,0
6770.0,6775.0,6772.5,1.1149632e-05,5.574816e-05,0
6775.0,6780.0,6777.5,1.0082222e-05,5.041111e-05,0
6780.0,6785.0,6782.5,1.2179984e-05,6.089992e-05,0
6785.0,6790.0,6787.5,1.139854e-05,5.69927e-05,0
6790.0,6795.0,6792.5,1.4977006e-05,7.488503e-05,0
6795.0,6800.0,6797.5,2.126959e-05,0.00010634795,0
6800.0,6805.0,6802.5,1.9731824e-05,9.865912e-05,0
6805.0,6810.0,6807.5,1.4651106e-05,7.325553e-05,0
6810.0,6815.0,6812.5,7.372672e-06,3.686336e-05,0
6815.0,6820.0,6817.5,1.2490434e-05,6.245217e-05,0
6820.0,6825.0,6822.5,1.528148e-05,7.64074e-05,0
6825.0,6830.0,6827.5,2.2479654e-05,0.00011239827,0
6830.0,6835.0,6832.5,2.3167202e-05,0.00011583601,0
6835.0,6840.0,6837.5,1.8937434e-05,9.468717e-05,0
6840.0,6845.0,6842.5,1.9966996e-05,9.983498e-05,0
6845.0,6850.0,6847.5,1.1536078e-05,5.768039e-05,0
6850.0,6855.0,6852.5,1.7266316e-05,8.633158e-05,0
6855.0,6860.0,6857.5,1.2395228e-05,6.197614e-05,0
6860.0,6865.0,6862.5,1.8855244e-05,9.427622e-05,0
6865.0,6870.0,6867.5,9.623328e-06,4.811664e-05,0
6870.0,6875.0,6872.5,1.3550296e-05,6.775148e-05,0
6875.0,6880.0,6877.5,1.5602462e-05,7.801231e-05,0
6880.0,6885.0,6882.5,1.0316884e-05,5.158442e-05,0
6885.0,6890.0,6887.5,1.10656e-05,5.5328e-05,0
6890.0,6895.0,6892.5,1.8903446e-05,9.451723e-05,0
6895.0,6900.0,6897.5,1.9848198e-05,9.924099e-05,0
6900.0,6905.0,6902.5,2.324351e-05,0.00011621755,0
6905.0,6910.0,6907.5,1.2509794e-05,6.254897e-05,0
6910.0,6915.0,6912.5,1.109788e-05,5.54894e-05,0
6915.0,6920.0,6917.5,9.78985e-06,4.894925e-05,0
6920.0,6925.0,6922.5,1.6305532e-05,8.152766e-05,0
6925.0,6930.0,6927.5,1.6219112e-05,8.109556e-05,0
6930.0,6935.0,6932.5,1.3808314e-05,6.904157e-05,0
6935.0,6940.0,6937.5,1.2594426e-05,6.297213e-05,0
6940.0,6945.0,6942.5,1.2819334e-05,6.409667e-05,0
6945.0,6950.0,6947.5,1.6404036e-05,8.202018e-05,0
6950.0,6955.0,6952.5,1.1535918e-05,5.767959e-05,0
6955.0,6960.0,6957.5,1.4291216e-05,7.145608e-05,0
6960.0,6965.0,6962.5,1.364338e-05,6.82169e-05,0
6965.0,6970.0,6967.5,1.0871012e-05,5.435506e-05,0
6970.0,6975.0,6972.5,6.171804e-06,3.085902e-05,0
6975.0,6980.0,6977.5,2.1038982e-05,0.00010519491,0
6980.0,6985.0,6982.5,2.103874e-05,0.0001051937,0
6985.0,6990.0,6987.5,8.811602e-06,4.405801e-05,0
6990.0,6995.0,6992.5,1.03448e-05,5.1724e-05,0
6995.0,7000.0,6997.5,1.2717158e-05,6.358579e-05,0
7000.0,7005.0,7002.5,1.3608304e-05,6.804152e-05,0
7005.0,7010.0,7007.5,1.3647014e-05,6.823507e-05,0
7010.0,7015.0,7012.5,7.325204e-06,3.662602e-05,0
7015.0,7020.0,7017.5,1.2788856e-05,6.394428e-05,0
7020.0,7025.0,7022.5,2.2661222e-05,0.00011330611,0
7025.0,7030.0,7027.5,1.454928e-05,7.27464e-05,0
7030.0,7035.0,7032.5,1.1227456e-05,5.613728e-05,0
7035.0,7040.0,7037.5,1.5344252e-05,7.672126e-05,0
7040.0,7045.0,7042.5,1.3427638e-05,6.713819e-05,0
7045.0,7050.0,7047.5,1.388212e-05,6.94106e-05,0
7050.0,7055.0,7052.5,1.652918e-05,8.26459e-05,0
7055.0,7060.0,7057.5,1.6176908e-05,8.088454e-05,0
7060.0,7065.0,7062.5,1.5013834e-05,7.506917e-05,0
7065.0,7070.0,7067.5,1.2533198e-05,6.266599e-05,0
7070.0,7075.0,7072.5,1.7427338e-05,8.713669e-05,0
7075.0,7080.0,7077.5,1.4806218e-05,7.403109e-05,0
7080.0,7085.0,7082.5,7.583156e-06,3.791578e-05,0
7085.0,7090.0,7087.5,1.1004102e-05,5.502051e-05,0
7090.0,7095.0,7092.5,1.4961366e-05,7.480683e-05,0
7095.0,7100.0,7097.5,2.0818394e-05,0.00010409197,0
7100.0,7105.0,7102.5,1.891487e-05,9.457435e-05,0
7105.0,7110.0,7107.5,2.0193572e-05,0.00010096786,0
7110.0,7115.0,7112.5,8.953986e-06,4.476993e-05,0
7115.0,7120.0,7117.5,1.1151338e-05,5.575669e-05,0
7120.0,7125.0,7122.5,8.913298e-06,4.456649e-05,0
7125.0,7130.0,7127.5,1.3489696e-05,6.744848e-05,0
7130.0,7135.0,7132.5,1.3807122e-05,6.903561e-05,0
7135.0,7140.0,7137.5,2.5432998e-05,0.00012716499,0
7140.0,7145.0,7142.5,1.361685e-05,6.808425e-05,0
7145.0,7150.0,7147.5,6.334986e-06,3.167493e-05,0
7150.0,7155.0,7152.5,1.2291018e-05,6.145509e-05,0
7155.0,7160.0,7157.5,1.9930144e-05,9.965072e-05,0
7160.0,7165.0,7162.5,1.7503468e-05,8.751734e-05,0
7165.0,7170.0,7167.5,1.2595624e-05,6.297812e-05,0
7170.0,7175.0,7172.5,1.60365e-05,8.01825e-05,0
7175.0,7180.0,7177.5,1.5164322e-05,7.582161e-05,0
7180.0,7185.0,7182.5,1.4843468e-05,7.421734e-05,0
7185.0,7190.0,7187.5,1.7448908e-05,8.724454e-05,0
7190.0,7195.0,7192.5,6.462116e-06,3.231058e-05,0
7195.0,7200.0,7197.5,1.3813856e-05,6.906928e-05,0
7200.0,7205.0,7202.5,9.216494e-06,4.608247e-05,0
7205.0,7210.0,7207.5,1.2624822e-05,6.312411e-05,0
7210.0,7215.0,7212.5,1.6622754e-05,8.311377e-05,0
7215.0,7220.0,7217.5,1.2232322e-05,6.116161e-05,0
7220.0,7225.0,7222.5,1.5148022e-05,7.574011e-05,0
7225.0,7230.0,7227.5,1.1181152e-05,5.590576e-05,0
7230.0,7235.0,7232.5,4.841604e-06,2.420802e-05,0
7235.0,7240.0,7237.5,1.2442004e-05,6.221002e-05,0
7240.0,7245.0,7242.5,2.113466e-05,0.0001056733,0
7245.0,7250.0,7247.5,1.1694626e-05,5.847313e-05,0
7250.0,7255.0,7252.5,1.1140524e-05,5.570262e-05,0
7255.0,7260.0,7257.5,2.159833e-05,0.00010799165,0
7260.0,7265.0,7262.5,2.4979714e-05,0.00012489857,0
7265.0,7270.0,7267.5,1.6455404e-05,8.227702e-05,0
7270.0,7275.0,7272.5,1.1417668e-05,5.708834e-05,0
7275.0,7280.0,7277.5,9.733106e-06,4.866553e-05,0
7280.0,7285.0,7282.5,1.375013e-05,6.875065e-05,0
7285.0,7290.0,7287.5,1.2744896e-05,6.372448e-05,0
7290.0,7295.0,7292.5,6.061386e-06,3.030693e-05,0
7295.0,7300.0,7297.5,1.0035932e-05,5.017966e-05,0
7300.0,7305.0,7302.5,1.2117686e-05,6.058843e-05,0
7305.0,7310.0,7307.5,1.4916334e-05,7.458167e-05,0
7310.0,7315.0,7312.5,1.9281244e-05,9.640622e-05,0
7315.0,7320.0,7317.5,1.7355348e-05,8.677674e-05,0
7320.0,7325.0,7322.5,1.0118196e-05,5.059098e-05,0
7325.0,7330.0,7327.5,1.2867798e-05,6.433899e-05,0
7330.0,7335.0,7332.5,1.253703e-05,6.268515e-05,0
7335.0,7340.0,7337.5,1.5091092e-05,7.545546e-05,0
7340.0,7345.0,7342.5,1.6570742e-05,8.285371e-05,0
7345.0,7350.0,7347.5,1.2778332e-05,6.389166e-05,0
7350.0,7355.0,7352.5,1.6490144e-05,8.245072e-05,0
7355.0,7360.0,7357.5,1.6483556e-05,8.241778e-05,0
7360.0,7365.0,7362.5,1.35897e-05,6.79485e-05,0
7365.0,7370.0,7367.5,8.537246e-06,4.268623e-05,0
7370.0,7375.0,7372.5,1.6317338e-05,8.158669e-05,0
7375.0,7380.0,7377.5,1.3952846e-05,6.976423e-05,0
7380.0,7385.0,7382.5,3.678246e-06,1.839123e-05,0
7385.0,7390.0,7387.5,2.2557924e-05,0.00011278962,0
7390.0,7395.0,7392.5,1.2681086e-05,6.340543e-05,0
7395.0,7400.0,7397.5,2.1458598e-05,0.00010729299,0
7400.0,7405.0,7402.5,1.3855302e-05,6.927651e-05,0
7405.0,7410.0,7407.5,1.2591246e-05,6.295623e-05,0
7410.0,7415.0,7412.5,1.0248944e-05,5.124472e-05,0
7415.0,7420.0,7417.5,1.7604494e-05,8.802247e-05,0
7420.0,7425.0,7422.5,1.4743184e-05,7.371592e-05,0
7425.0,7430.0,7427.5,1.2062438e-05,6.031219e-05,0
7430.0,7435.0,7432.5,1.505528e-05,7.52764e-05,0
7435.0,7440.0,7437.5,1.1351742e-05,5.675871e-05,0
7440.0,7445.0,7442.5,7.430234e-06,3.715117e-05,0
7445.0,7450.0,7447.5,1.7852684e-05,8.926342e-05,0
7450.0,7455.0,7452.5,1.61832e-05,8.0916e-05,0
7455.0,7460.0,7457.5,1.3935378e-05,6.967689e-05,0
7460.0,7465.0,7462.5,1.5139576e-05,7.569788e-05,0
7465.0,7470.0,7467.5,7.495604e-06,3.747802e-05,0
7470.0,7475.0,7472.5,1.4894274e-05,7.447137e-05,0
7475.0,7480.0,7477.5,2.582776e-06,1.291388e-05,0
7480.0,7485.0,7482.5,1.2728524e-05,6.364262e-05,0
7485.0,7490.0,7487.5,1.3872226e-05,6.936113e-05,0
7490.0,7495.0,7492.5,1.774654e-05,8.87327e-05,0
7495.0,7500.0,7497.5,1.2612548e-05,6.306274e-05,0
7500.0,7505.0,7502.5,8.763886e-06,4.381943e-05,0
7505.0,7510.0,7507.5,3.877664e-06,1.938832e-05,0
7510.0,7515.0,7512.5,2.3538166e-05,0.00011769083,0
7515.0,7520.0,7517.5,1.25188e-05,6.2594e-05,0
7520.0,7525.0,7522.5,1.1428844e-05,5.714422e-05,0
7525.0,7530.0,7527.5,6.367924e-06,3.183962e-05,0
7530.0,7535.0,7532.5,7.531498e-06,3.765749e-05,0
7535.0,7540.0,7537.5,1.268099e-05,6.340495e-05,0
7540.0,7545.0,7542.5,1.6336848e-05,8.168424e-05,0
7545.0,7550.0,7547.5,6.003142e-06,3.001571e-05,0
7550.0,7555.0,7552.5,1.2946256e-05,6.473128e-05,0
7555.0,7560.0,7557.5,5.08114e-06,2.54057e-05,0
7560.0,7565.0,7562.5,8.735892e-06,4.367946e-05,0
7565.0,7570.0,7567.5,2.5878646e-05,0.00012939323,0
7570.0,7575.0,7572.5,1.0310824e-05,5.155412e-05,0
7575.0,7580.0,7577.5,9.006544e-06,4.503272e-05,0
7580.0,7585.0,7582.5,8.651298e-06,4.325649e-05,0
7585.0,7590.0,7587.5,9.979374e-06,4.989687e-05,0
7590.0,7595.0,7592.5,7.804796e-06,3.902398e-05,0
7595.0,7600.0,7597.5,1.2437886e-05,6.218943e-05,0
7600.0,7605.0,7602.5,1.6435464e-05,8.217732e-05,0
7605.0,7610.0,7607.5,1.1084278e-05,5.542139e-05,0
7610.0,7615.0,7612.5,1.009985e-05,5.049925e-05,0
7615.0,7620.0,7617.5,1.3912996e-05,6.956498e-05,0
7620.0,7625.0,7622.5,2.1347644e-05,0.00010673822,0
7625.0,7630.0,7627.5,1.269143e-05,6.345715e-05,0
7630.0,7635.0,7632.5,1.7434264e-05,8.717132e-05,0
7635.0,7640.0,7637.5,1.2700292e-05,6.350146e-05,0
7640.0,7645.0,7642.5,1.8798582e-05,9.399291e-05,0
7645.0,7650.0,7647.5,8.838786e-06,4.419393e-05,0
7650.0,7655.0,7652.5,1.7339604e-05,8.669802e-05,0
7655.0,7660.0,7657.5,1.141568e-05,5.70784e-05,0
7660.0,7665.0,7662.5,2.0424976e-05,0.00010212488,0
7665.0,7670.0,7667.5,2.016367e-05,0.00010081835,0
7670.0,7675.0,7672.5,1.367084e-05,6.83542e-05,0
7675.0,7680.0,7677.5,1.0158492e-05,5.079246e-05,0
7680.0,7685.0,7682.5,1.6592488e-05,8.296244e-05,0
7685.0,7690.0,7687.5,1.3730472e-05,6.865236e-05,0
7690.0,7695.0,7692.5,1.2574724e-05,6.287362e-05,0
7695.0,7700.0,7697.5,1.383716e-05,6.91858e-05,0
7700.0,7705.0,7702.5,1.9029142e-05,9.514571e-05,0
7705.0,7710.0,7707.5,8.582298e-06,4.291149e-05,0
7710.0,7715.0,7712.5,2.1470764e-05,0.00010735382,0
7715.0,7720.0,7717.5,1.3760424e-05,6.880212e-05,0
7720.0,7725.0,7722.5,1.5221984e-05,7.610992e-05,0
7725.0,7730.0,7727.5,1.8872858e-05,9.436429e-05,0
7730.0,7735.0,7732.5,1.1504422e-05,5.752211e-05,0
7735.0,7740.0,7737.5,1.8647196e-05,9.323598e-05,0
7740.0,7745.0,7742.5,9.94909e-06,4.974545e-05,0
7745.0,7750.0,7747.5,8.997458e-06,4.498729e-05,0
7750.0,7755.0,7752.5,1.4616466e-05,7.308233e-05,0
7755.0,7760.0,7757.5,1.3613156e-05,6.806578e-05,0
7760.0,7765.0,7762.5,1.279763e-05,6.398815e-05,0
7765.0,7770.0,7767.5,8.881688e-06,4.440844e-05,0
7770.0,7775.0,7772.5,1.6294598e-05,8.147299e-05,0
7775.0,7780.0,7777.5,1.000076e-05,5.00038e-05,0
7780.0,7785.0,7782.5,8.918034e-06,4.459017e-05,0
7785.0,7790.0,7787.5,1.762111e-05,8.810555e-05,0
7790.0,7795.0,7792.5,1.1249704e-05,5.624852e-05,0
7795.0,7800.0,7797.5,1.5371854e-05,7.685927e-05,0
7800.0,7805.0,7802.5,1.1355516e-05,5.677758e-05,0
7805.0,7810.0,7807.5,6.044396e-06,3.022198e-05,0
7810.0,7815.0,7812.5,1.3828862e-05,6.914431e-05,0
7815.0,7820.0,7817.5,9.724268e-06,4.862134e-05,0
7820.0,7825.0,7822.5,2.61465e-05,0.0001307325,0
7825.0,7830.0,7827.5,1.021247e-05,5.106235e-05,0
7830.0,7835.0,7832.5,8.780498e-06,4.390249e-05,0
7835.0,7840.0,7837.5,1.6564562e-05,8.282281e-05,0
7840.0,7845.0,7842.5,1.3653192e-05,6.826596e-05,0
7845.0,7850.0,7847.5,1.3929558e-05,6.964779e-05,0
7850.0,7855.0,7852.5,7.479874e-06,3.739937e-05,0
7855.0,7860.0,7857.5,1.6693768e-05,8.346884e-05,0
7860.0,7865.0,7862.5,1.0180558e-05,5.090279e-05,0
7865.0,7870.0,7867.5,1.7476104e-05,8.738052e-05,0
7870.0,7875.0,7872.5,1.0924892e-05,5.462446e-05,0
7875.0,7880.0,7877.5,1.1364112e-05,5.682056e-05,0
7880.0,7885.0,7882.5,9.054422e-06,4.527211e-05,0
7885.0,7890.0,7887.5,1.4076388e-05,7.038194e-05,0
7890.0,7895.0,7892.5,1.7113642e-05,8.556821e-05,0
7895.0,7900.0,7897.5,8.804408e-06,4.402204e-05,0
7900.0,7905.0,7902.5,1.2596056e-05,6.298028e-05,0
7905.0,7910.0,7907.5,5.08553e-06,2.542765e-05,0
7910.0,7915.0,7912.5,1.6141806e-05,8.070903e-05,0
7915.0,7920.0,7917.5,1.2827516e-05,6.413758e-05,0
7920.0,7925.0,7922.5,1.2338726e-05,6.169363e-05,0
7925.0,7930.0,7927.5,1.6714628e-05,8.357314e-05,0
7930.0,7935.0,7932.5,1.0230066e-05,5.115033e-05,0
7935.0,7940.0,7937.5,8.924292e-06,4.462146e-05,0
7940.0,7945.0,7942.5,7.59229e-06,3.796145e-05,0
7945.0,7950.0,7947.5,1.4824616e-05,7.412308e-05,0
7950.0,7955.0,7952.5,9.646598e-06,4.823299e-05,0
7955.0,7960.0,7957.5,1.3795814e-05,6.897907e-05,0
7960.0,7965.0,7962.5,1.242215e-05,6.211075e-05,0
7965.0,7970.0,7967.5,1.8717564e-05,9.358782e-05,0
7970.0,7975.0,7972.5,7.364156e-06,3.682078e-05,0
7975.0,7980.0,7977.5,1.1230432e-05,5.615216e-05,0
7980.0,7985.0,7982.5,7.451382e-06,3.725691e-05,0
7985.0,7990.0,7987.5,1.6581702e-05,8.290851e-05,0
7990.0,7995.0,7992.5,8.715286e-06,4.357643e-05,0
7995.0,8000.0,7997.5,1.2523048e-05,6.261524e-05,0
8000.0,8005.0,8002.5,8.852392e-06,4.426196e-05,0
8005.0,8010.0,8007.5,1.1324174e-05,5.662087e-05,0
8010.0,8015.0,8012.5,6.42014e-06,3.21007e-05,0
8015.0,8020.0,8017.5,1.1509384e-05,5.754692e-05,0
8020.0,8025.0,8022.5,8.672328e-06,4.336164e-05,0
8025.0,8030.0,8027.5,1.6442228e-05,8.221114e-05,0
8030.0,8035.0,8032.5,1.0007998e-05,5.003999e-05,0
8035.0,8040.0,8037.5,1.6381702e-05,8.190851e-05,0
8040.0,8045.0,8042.5,1.2655932e-05,6.327966e-05,0
8045.0,8050.0,8047.5,7.350856e-06,3.675428e-05,0
8050.0,8055.0,8052.5,7.555918e-06,3.777959e-05,0
8055.0,8060.0,8057.5,1.664614e-05,8.32307e-05,0
8060.0,8065.0,8062.5,6.163598e-06,3.081799e-05,0
8065.0,8070.0,8067.5,1.1296246e-05,5.648123e-05,0
8070.0,8075.0,8072.5,1.117317e-05,5.586585e-05,0
8075.0,8080.0,8077.5,1.1220124e-05,5.610062e-05,0
8080.0,8085.0,8082.5,1.0124824e-05,5.062412e-05,0
8085.0,8090.0,8087.5,1.3937082e-05,6.968541e-05,0
8090.0,8095.0,8092.5,1.1150064e-05,5.575032e-05,0
8095.0,8100.0,8097.5,1.1309784e-05,5.654892e-05,0
8100.0,8105.0,8102.5,1.1329986e-05,5.664993e-05,0
8105.0,8110.0,8107.5,1.9200084e-05,9.600042e-05,0
8110.0,8115.0,8112.5,7.23844e-06,3.61922e-05,0
8115.0,8120.0,8117.5,6.14806e-06,3.07403e-05,0
8120.0,8125.0,8122.5,1.029363e-05,5.146815e-05,0
8125.0,8130.0,8127.5,2.648936e-06,1.324468e-05,0
8130.0,8135.0,8132.5,1.523459e-05,7.617295e-05,0
8135.0,8140.0,8137.5,1.8804004e-05,9.402002e-05,0
8140.0,8145.0,8142.5,1.381245e-05,6.906225e-05,0
8145.0,8150.0,8147.5,2.047496e-05,0.0001023748,0
8150.0,8155.0,8152.5,1.467284e-05,7.33642e-05,0
8155.0,8160.0,8157.5,1.5072618e-05,7.536309e-05,0
8160.0,8165.0,8162.5,7.433928e-06,3.716964e-05,0
8165.0,8170.0,8167.5,3.915218e-06,1.957609e-05,0
8170.0,8175.0,8172.5,6.320136e-06,3.160068e-05,0
8175.0,8180.0,8177.5,1.3956884e-05,6.978442e-05,0
8180.0,8185.0,8182.5,1.6264464e-05,8.132232e-05,0
8185.0,8190.0,8187.5,1.8595664e-05,9.297832e-05,0
8190.0,8195.0,8192.5,1.154306e-05,5.77153e-05,0
8195.0,8200.0,8197.5,1.1409556e-05,5.704778e-05,0
8200.0,8205.0,8202.5,1.263166e-05,6.31583e-05,0
8205.0,8210.0,8207.5,1.6192416e-05,8.096208e-05,0
8210.0,8215.0,8212.5,1.0182976e-05,5.091488e-05,0
8215.0,8220.0,8217.5,5.14867e-06,2.574335e-05,0
8220.0,8225.0,8222.5,1.2803508e-05,6.401754e-05,0
8225.0,8230.0,8227.5,1.5235086e-05,7.617543e-05,0
8230.0,8235.0,8232.5,1.2944238e-05,6.472119e-05,0
8235.0,8240.0,8237.5,1.1116402e-05,5.558201e-05,0
8240.0,8245.0,8242.5,1.2594252e-05,6.297126e-05,0
8245.0,8250.0,8247.5,1.7424686e-05,8.712343e-05,0
8250.0,8255.0,8252.5,5.09577e-06,2.547885e-05,0
8255.0,8260.0,8257.5,1.2305706e-05,6.152853e-05,0
8260.0,8265.0,8262.5,1.0466252e-05,5.233126e-05,0
8265.0,8270.0,8267.5,1.4807842e-05,7.403921e-05,0
8270.0,8275.0,8272.5,1.2580266e-05,6.290133e-05,0
8275.0,8280.0,8277.5,9.90071e-06,4.950355e-05,0
8280.0,8285.0,8282.5,1.273818e-05,6.36909e-05,0
8285.0,8290.0,8287.5,8.624458e-06,4.312229e-05,0
8290.0,8295.0,8292.5,1.0038874e-05,5.019437e-05,0
8295.0,8300.0,8297.5,1.1172856e-05,5.586428e-05,0
8300.0,8305.0,8302.5,1.1391528e-05,5.695764e-05,0
8305.0,8310.0,8307.5,9.970784e-06,4.985392e-05,0
8310.0,8315.0,8312.5,1.5043012e-05,7.521506e-05,0
8315.0,8320.0,8317.5,1.0233172e-05,5.116586e-05,0
8320.0,8325.0,8322.5,9.709812e-06,4.854906e-05,0
8325.0,8330.0,8327.5,1.266375e-05,6.331875e-05,0
8330.0,8335.0,8332.5,1.0246762e-05,5.123381e-05,0
8335.0,8340.0,8337.5,8.927992e-06,4.463996e-05,0
8340.0,8345.0,8342.5,1.4842212e-05,7.421106e-05,0
8345.0,8350.0,8347.5,1.3558714e-05,6.779357e-05,0
8350.0,8355.0,8352.5,1.7646438e-05,8.823219e-05,0
8355.0,8360.0,8357.5,1.7559032e-05,8.779516e-05,0
8360.0,8365.0,8362.5,8.781014e-06,4.390507e-05,0
8365.0,8370.0,8367.5,7.69375e-06,3.846875e-05,0
8370.0,8375.0,8372.5,6.334708e-06,3.167354e-05,0
8375.0,8380.0,8377.5,8.961078e-06,4.480539e-05,0
8380.0,8385.0,8382.5,1.384435e-05,6.922175e-05,0
8385.0,8390.0,8387.5,1.1149732e-05,5.574866e-05,0
8390.0,8395.0,8392.5,8.613994e-06,4.306997e-05,0
8395.0,8400.0,8397.5,1.1559576e-05,5.779788e-05,0
8400.0,8405.0,8402.5,1.0370232e-05,5.185116e-05,0
8405.0,8410.0,8407.5,1.724544e-05,8.62272e-05,0
8410.0,8415.0,8412.5,1.1020444e-05,5.510222e-05,0
8415.0,8420.0,8417.5,1.00696e-05,5.0348e-05,0
8420.0,8425.0,8422.5,1.7042482e-05,8.521241e-05,0
8425.0,8430.0,8427.5,5.230042e-06,2.615021e-05,0
8430.0,8435.0,8432.5,9.964978e-06,4.982489e-05,0
8435.0,8440.0,8437.5,1.3728086e-05,6.864043e-05,0
8440.0,8445.0,8442.5,1.425293e-05,7.126465e-05,0
8445.0,8450.0,8447.5,1.3836492e-05,6.918246e-05,0
8450.0,8455.0,8452.5,7.382552e-06,3.691276e-05,0
8455.0,8460.0,8457.5,1.0131358e-05,5.065679e-05,0
8460.0,8465.0,8462.5,8.91064e-06,4.45532e-05,0
8465.0,8470.0,8467.5,1.3735296e-05,6.867648e-05,0
8470.0,8475.0,8472.5,1.7820308e-05,8.910154e-05,0
8475.0,8480.0,8477.5,1.3785102e-05,6.892551e-05,0
8480.0,8485.0,8482.5,1.1256538e-05,5.628269e-05,0
8485.0,8490.0,8487.5,1.2528586e-05,6.264293e-05,0
8490.0,8495.0,8492.5,1.1685086e-05,5.842543e-05,0
8495.0,8500.0,8497.5,1.5490848e-05,7.745424e-05,0
8500.0,8505.0,8502.5,1.1358492e-05,5.679246e-05,0
8505.0,8510.0,8507.5,1.3719214e-05,6.859607e-05,0
8510.0,8515.0,8512.5,1.2428982e-05,6.214491e-05,0
8515.0,8520.0,8517.5,7.684938e-06,3.842469e-05,0
8520.0,8525.0,8522.5,6.150636e-06,3.075318e-05,0
8525.0,8530.0,8527.5,1.2649758e-05,6.324879e-05,0
8530.0,8535.0,8532.5,8.752078e-06,4.376039e-05,0
8535.0,8540.0,8537.5,1.2652682e-05,6.326341e-05,0
8540.0,8545.0,8542.5,1.9253536e-05,9.626768e-05,0
8545.0,8550.0,8547.5,1.2987558e-05,6.493779e-05,0
8550.0,8555.0,8552.5,1.1234628e-05,5.617314e-05,0
8555.0,8560.0,8557.5,1.375177e-05,6.875885e-05,0
8560.0,8565.0,8562.5,1.3561394e-05,6.780697e-05,0
8565.0,8570.0,8567.5,1.12327e-05,5.61635e-05,0
8570.0,8575.0,8572.5,7.894244e-06,3.947122e-05,0
8575.0,8580.0,8577.5,8.720358e-06,4.360179e-05,0
8580.0,8585.0,8582.5,8.555552e-06,4.277776e-05,0
8585.0,8590.0,8587.5,1.2506082e-05,6.253041e-05,0
8590.0,8595.0,8592.5,1.000261e-05,5.001305e-05,0
8595.0,8600.0,8597.5,7.624598e-06,3.812299e-05,0
8600.0,8605.0,8602.5,1.5055638e-05,7.527819e-05,0
8605.0,8610.0,8607.5,1.3887668e-05,6.943834e-05,0
8610.0,8615.0,8612.5,1.6009302e-05,8.004651e-05,0
8615.0,8620.0,8617.5,1.1517942e-05,5.758971e-05,0
8620.0,8625.0,8622.5,1.1338486e-05,5.669243e-05,0
8625.0,8630.0,8627.5,1.1189254e-05,5.594627e-05,0
8630.0,8635.0,8632.5,8.940218e-06,4.470109e-05,0
8635.0,8640.0,8637.5,1.0052236e-05,5.026118e-05,0
8640.0,8645.0,8642.5,1.0115726e-05,5.057863e-05,0
8645.0,8650.0,8647.5,7.399032e-06,3.699516e-05,0
8650.0,8655.0,8652.5,1.5341956e-05,7.670978e-05,0
8655.0,8660.0,8657.5,7.62532e-06,3.81266e-05,0
8660.0,8665.0,8662.5,7.622632e-06,3.811316e-05,0
8665.0,8670.0,8667.5,1.5383682e-05,7.691841e-05,0
8670.0,8675.0,8672.5,2.162159e-05,0.00010810795,0
8675.0,8680.0,8677.5,1.0157906e-05,5.078953e-05,0
8680.0,8685.0,8682.5,1.0330186e-05,5.165093e-05,0
8685.0,8690.0,8687.5,1.5326574e-05,7.663287e-05,0
8690.0,8695.0,8692.5,1.2961246e-05,6.480623e-05,0
8695.0,8700.0,8697.5,1.405222e-05,7.02611e-05,0
8700.0,8705.0,8702.5,9.039574e-06,4.519787e-05,0
8705.0,8710.0,8707.5,1.2554818e-05,6.277409e-05,0
8710.0,8715.0,8712.5,6.64012e-06,3.32006e-05,0
8715.0,8720.0,8717.5,9.873554e-06,4.936777e-05,0
8720.0,8725.0,8722.5,7.636436e-06,3.818218e-05,0
8725.0,8730.0,8727.5,1.2854324e-05,6.427162e-05,0
8730.0,8735.0,8732.5,1.3559386e-05,6.779693e-05,0
8735.0,8740.0,8737.5,1.0074398e-05,5.037199e-05,0
8740.0,8745.0,8742.5,3.607362e-06,1.803681e-05,0
8745.0,8750.0,8747.5,1.0073628e-05,5.036814e-05,0
8750.0,8755.0,8752.5,1.3651064e-05,6.825532e-05,0
8755.0,8760.0,8757.5,1.1386634e-05,5.693317e-05,0
8760.0,8765.0,8762.5,1.2459604e-05,6.229802e-05,0
8765.0,8770.0,8767.5,1.2367262e-05,6.183631e-05,0
8770.0,8775.0,8772.5,8.87349e-06,4.436745e-05,0
8775.0,8780.0,8777.5,1.3805326e-05,6.902663e-05,0
8780.0,8785.0,8782.5,1.487096e-05,7.43548e-05,0
8785.0,8790.0,8787.5,4.949916e-06,2.474958e-05,0
8790.0,8795.0,8792.5,6.422696e-06,3.211348e-05,0
8795.0,8800.0,8797.5,1.1175522e-05,5.587761e-05,0
8800.0,8805.0,8802.5,1.2352842e-05,6.176421e-05,0
8805.0,8810.0,8807.5,1.1177398e-05,5.588699e-05,0
8810.0,8815.0,8812.5,6.336656e-06,3.168328e-05,0
8815.0,8820.0,8817.5,1.27675e-05,6.38375e-05,0
8820.0,8825.0,8822.5,1.510519e-05,7.552595e-05,0
8825.0,8830.0,8827.5,1.0127738e-05,5.063869e-05,0
8830.0,8835.0,8832.5,1.6217292e-05,8.108646e-05,0
8835.0,8840.0,8837.5,7.241932e-06,3.620966e-05,0
8840.0,8845.0,8842.5,8.594028e-06,4.297014e-05,0
8845.0,8850.0,8847.5,1.625441e-05,8.127205e-05,0
8850.0,8855.0,8852.5,9.920394e-06,4.960197e-05,0
8855.0,8860.0,8857.5,8.734858e-06,4.367429e-05,0
8860.0,8865.0,8862.5,1.224325e-05,6.121625e-05,0
8865.0,8870.0,8867.5,1.393913e-05,6.969565e-05,0
8870.0,8875.0,8872.5,7.417404e-06,3.708702e-05,0
8875.0,8880.0,8877.5,1.348077e-05,6.740385e-05,0
8880.0,8885.0,8882.5,1.3814582e-05,6.907291e-05,0
8885.0,8890.0,8887.5,1.1527718e-05,5.763859e-05,0
8890.0,8895.0,8892.5,5.217744e-06,2.608872e-05,0
8895.0,8900.0,8897.5,1.3813586e-05,6.906793e-05,0
8900.0,8905.0,8902.5,4.926194e-06,2.463097e-05,0
8905.0,8910.0,8907.5,7.602492e-06,3.801246e-05,0
8910.0,8915.0,8912.5,4.72422e-06,2.36211e-05,0
8915.0,8920.0,8917.5,1.5237746e-05,7.618873e-05,0
8920.0,8925.0,8922.5,1.0129198e-05,5.064599e-05,0
8925.0,8930.0,8927.5,1.5356414e-05,7.678207e-05,0
8930.0,8935.0,8932.5,1.3642502e-05,6.821251e-05,0
8935.0,8940.0,8937.5,1.1675462e-05,5.837731e-05,0
8940.0,8945.0,8942.5,1.9723938e-05,9.861969e-05,0
8945.0,8950.0,8947.5,1.760638e-05,8.80319e-05,0
8950.0,8955.0,8952.5,7.51113e-06,3.755565e-05,0
8955.0,8960.0,8957.5,5.045612e-06,2.522806e-05,0
8960.0,8965.0,8962.5,8.451652e-06,4.225826e-05,0
8965.0,8970.0,8967.5,8.537412e-06,4.268706e-05,0
8970.0,8975.0,8972.5,1.2834372e-05,6.417186e-05,0
8975.0,8980.0,8977.5,9.729764e-06,4.864882e-05,0
8980.0,8985.0,8982.5,1.8359986e-05,9.179993e-05,0
8985.0,8990.0,8987.5,7.13605e-06,3.568025e-05,0
8990.0,8995.0,8992.5,7.443848e-06,3.721924e-05,0
8995.0,9000.0,8997.5,8.425118e-06,4.212559e-05,0
9000.0,9005.0,9002.5,5.054942e-06,2.527471e-05,0
9005.0,9010.0,9007.5,1.2491308e-05,6.245654e-05,0
9010.0,9015.0,9012.5,1.80514e-05,9.0257e-05,0
9015.0,9020.0,9017.5,9.988102e-06,4.994051e-05,0
9020.0,9025.0,9022.5,8.96118e-06,4.48059e-05,0
9025.0,9030.0,9027.5,1.5297358e-05,7.648679e-05,0
9030.0,9035.0,9032.5,6.323118e-06,3.161559e-05,0
9035.0,9040.0,9037.5,2.516372e-06,1.258186e-05,0
9040.0,9045.0,9042.5,7.670704e-06,3.835352e-05,0
9045.0,9050.0,9047.5,1.0052832e-05,5.026416e-05,0
9050.0,9055.0,9052.5,9.831822e-06,4.915911e-05,0
9055.0,9060.0,9057.5,1.9948802e-05,9.974401e-05,0
9060.0,9065.0,9062.5,1.2867582e-05,6.433791e-05,0
9065.0,9070.0,9067.5,8.800516e-06,4.400258e-05,0
9070.0,9075.0,9072.5,1.8928438e-05,9.464219e-05,0
9075.0,9080.0,9077.5,1.281138e-05,6.40569e-05,0
9080.0,9085.0,9082.5,1.0137558e-05,5.068779e-05,0
9085.0,9090.0,9087.5,1.0070498e-05,5.035249e-05,0
9090.0,9095.0,9092.5,8.543558e-06,4.271779e-05,0
9095.0,9100.0,9097.5,1.511238e-05,7.55619e-05,0
9100.0,9105.0,9102.5,9.924094e-06,4.962047e-05,0
9105.0,9110.0,9107.5,7.691116e-06,3.845558e-05,0
9110.0,9115.0,9112.5,1.0269286e-05,5.134643e-05,0
9115.0,9120.0,9117.5,8.75906e-06,4.37953e-05,0
9120.0,9125.0,9122.5,6.152226e-06,3.076113e-05,0
9125.0,9130.0,9127.5,8.909222e-06,4.454611e-05,0
9130.0,9135.0,9132.5,7.755496e-06,3.877748e-05,0
9135.0,9140.0,9137.5,1.1608912e-05,5.804456e-05,0
9140.0,9145.0,9142.5,1.253668e-05,6.26834e-05,0
9145.0,9150.0,9147.5,1.4841802e-05,7.420901e-05,0
9150.0,9155.0,9152.5,9.910916e-06,4.955458e-05,0
9155.0,9160.0,9157.5,1.1346194e-05,5.673097e-05,0
9160.0,9165.0,9162.5,1.276459e-05,6.382295e-05,0
9165.0,9170.0,9167.5,1.4580782e-05,7.290391e-05,0
9170.0,9175.0,9172.5,1.1739284e-05,5.869642e-05,0
9175.0,9180.0,9177.5,1.2451944e-05,6.225972e-05,0
9180.0,9185.0,9182.5,8.923444e-06,4.461722e-05,0
9185.0,9190.0,9187.5,7.509634e-06,3.754817e-05,0
9190.0,9195.0,9192.5,1.008176e-05,5.04088e-05,0
9195.0,9200.0,9197.5,1.394366e-05,6.97183e-05,0
9200.0,9205.0,9202.5,4.862992e-06,2.431496e-05,0
9205.0,9210.0,9207.5,8.876236e-06,4.438118e-05,0
9210.0,9215.0,9212.5,1.258885e-05,6.294425e-05,0
9215.0,9220.0,9217.5,8.745238e-06,4.372619e-05,0
9220.0,9225.0,9222.5,2.145767e-05,0.00010728835,0
9225.0,9230.0,9227.5,1.0083886e-05,5.041943e-05,0
9230.0,9235.0,9232.5,1.6365896e-05,8.182948e-05,0
9235.0,9240.0,9237.5,6.330898e-06,3.165449e-05,0
9240.0,9245.0,9242.5,1.1287438e-05,5.643719e-05,0
9245.0,9250.0,9247.5,8.768114e-06,4.384057e-05,0
9250.0,9255.0,9252.5,3.68772e-06,1.84386e-05,0
9255.0,9260.0,9257.5,7.590476e-06,3.795238e-05,0
9260.0,9265.0,9262.5,9.013372e-06,4.506686e-05,0
9265.0,9270.0,9267.5,8.831596e-06,4.415798e-05,0
9270.0,9275.0,9272.5,8.798424e-06,4.399212e-05,0
9275.0,9280.0,9277.5,1.6221668e-05,8.110834e-05,0
9280.0,9285.0,9282.5,1.4688544e-05,7.344272e-05,0
9285.0,9290.0,9287.5,8.699608e-06,4.349804e-05,0
9290.0,9295.0,9292.5,6.452522e-06,3.226261e-05,0
9295.0,9300.0,9297.5,1.265039e-05,6.325195e-05,0
9300.0,9305.0,9302.5,1.640414e-05,8.20207e-05,0
9305.0,9310.0,9307.5,1.1264876e-05,5.632438e-05,0
9310.0,9315.0,9312.5,8.62776e-06,4.31388e-05,0
9315.0,9320.0,9317.5,6.03834e-06,3.01917e-05,0
9320.0,9325.0,9322.5,1.2394456e-05,6.197228e-05,0
9325.0,9330.0,9327.5,1.668289e-05,8.341445e-05,0
9330.0,9335.0,9332.5,9.092996e-06,4.546498e-05,0
9335.0,9340.0,9337.5,1.234852e-05,6.17426e-05,0
9340.0,9345.0,9342.5,8.909966e-06,4.454983e-05,0
9345.0,9350.0,9347.5,2.045762e-05,0.0001022881,0
9350.0,9355.0,9352.5,7.454138e-06,3.727069e-05,0
9355.0,9360.0,9357.5,1.809915e-05,9.049575e-05,0
9360.0,9365.0,9362.5,7.384318e-06,3.692159e-05,0
9365.0,9370.0,9367.5,8.89705e-06,4.448525e-05,0
9370.0,9375.0,9372.5,7.479084e-06,3.739542e-05,0
9375.0,9380.0,9377.5,8.670522e-06,4.335261e-05,0
9380.0,9385.0,9382.5,8.751128e-06,4.375564e-05,0
9385.0,9390.0,9387.5,7.399358e-06,3.699679e-05,0
9390.0,9395.0,9392.5,1.1370328e-05,5.685164e-05,0
9395.0,9400.0,9397.5,2.485894e-06,1.242947e-05,0
9400.0,9405.0,9402.5,6.253618e-06,3.126809e-05,0
9405.0,9410.0,9407.5,1.6423222e-05,8.211611e-05,0
9410.0,9415.0,9412.5,4.83978e-06,2.41989e-05,0
9415.0,9420.0,9417.5,1.017826e-05,5.08913e-05,0
9420.0,9425.0,9422.5,7.243954e-06,3.621977e-05,0
9425.0,9430.0,9427.5,1.2812838e-05,6.406419e-05,0
9430.0,9435.0,9432.5,1.1519874e-05,5.759937e-05,0
9435.0,9440.0,9437.5,7.756086e-06,3.878043e-05,0
9440.0,9445.0,9442.5,8.746908e-06,4.373454e-05,0
9445.0,9450.0,9447.5,7.368662e-06,3.684331e-05,0
9450.0,9455.0,9452.5,1.0262658e-05,5.131329e-05,0
9455.0,9460.0,9457.5,1.3788984e-05,6.894492e-05,0
9460.0,9465.0,9462.5,5.006552e-06,2.503276e-05,0
9465.0,9470.0,9467.5,6.295866e-06,3.147933e-05,0
9470.0,9475.0,9472.5,1.6552198e-05,8.276099e-05,0
9475.0,9480.0,9477.5,1.2750814e-05,6.375407e-05,0
9480.0,9485.0,9482.5,1.7994326e-05,8.997163e-05,0
9485.0,9490.0,9487.5,1.1536272e-05,5.768136e-05,0
9490.0,9495.0,9492.5,1.0226118e-05,5.113059e-05,0
9495.0,9500.0,9497.5,7.290006e-06,3.645003e-05,0
9500.0,9505.0,9502.5,6.389552e-06,3.194776e-05,0
9505.0,9510.0,9507.5,6.233832e-06,3.116916e-05,0
9510.0,9515.0,9512.5,1.3713776e-05,6.856888e-05,0
9515.0,9520.0,9517.5,9.972932e-06,4.986466e-05,0
9520.0,9525.0,9522.5,1.8880666e-05,9.440333e-05,0
9525.0,9530.0,9527.5,1.260743e-05,6.303715e-05,0
9530.0,9535.0,9532.5,1.1294578e-05,5.647289e-05,0
9535.0,9540.0,9537.5,9.827538e-06,4.913769e-05,0
9540.0,9545.0,9542.5,1.0465406e-05,5.232703e-05,0
9545.0,9550.0,9547.5,1.5209766e-05,7.604883e-05,0
9550.0,9555.0,9552.5,1.0026738e-05,5.013369e-05,0
9555.0,9560.0,9557.5,8.985552e-06,4.492776e-05,0
9560.0,9565.0,9562.5,1.4874766e-05,7.437383e-05,0
9565.0,9570.0,9567.5,1.0945744e-05,5.472872e-05,0
9570.0,9575.0,9572.5,1.4042216e-05,7.021108e-05,0
9575.0,9580.0,9577.5,1.3765408e-05,6.882704e-05,0
9580.0,9585.0,9582.5,9.913606e-06,4.956803e-05,0
9585.0,9590.0,9587.5,7.456106e-06,3.728053e-05,0
9590.0,9595.0,9592.5,1.1506636e-05,5.753318e-05,0
9595.0,9600.0,9597.5,1.639149e-05,8.195745e-05,0
9600.0,9605.0,9602.5,8.728574e-06,4.364287e-05,0
9605.0,9610.0,9607.5,7.600352e-06,3.800176e-05,0
9610.0,9615.0,9612.5,9.89104e-06,4.94552e-05,0
9615.0,9620.0,9617.5,8.663856e-06,4.331928e-05,0
9620.0,9625.0,9622.5,1.1940618e-05,5.970309e-05,0
9625.0,9630.0,9627.5,2.242549e-05,0.00011212745,0
9630.0,9635.0,9632.5,6.199342e-06,3.099671e-05,0
9635.0,9640.0,9637.5,7.764748e-06,3.882374e-05,0
9640.0,9645.0,9642.5,1.38021e-05,6.90105e-05,0
9645.0,9650.0,9647.5,1.3635064e-05,6.817532e-05,0
9650.0,9655.0,9652.5,1.136998e-05,5.68499e-05,0
9655.0,9660.0,9657.5,1.2247818e-05,6.123909e-05,0
9660.0,9665.0,9662.5,1.1214424e-05,5.607212e-05,0
9665.0,9670.0,9667.5,1.2617684e-05,6.308842e-05,0
9670.0,9675.0,9672.5,1.2496576e-05,6.248288e-05,0
9675.0,9680.0,9677.5,8.860798e-06,4.430399e-05,0
9680.0,9685.0,9682.5,1.776592e-05,8.88296e-05,0
9685.0,9690.0,9687.5,1.9031984e-05,9.515992e-05,0
9690.0,9695.0,9692.5,1.5028548e-05,7.514274e-05,0
9695.0,9700.0,9697.5,1.375216e-05,6.87608e-05,0
9700.0,9705.0,9702.5,1.2548756e-05,6.274378e-05,0
9705.0,9710.0,9707.5,8.53422e-06,4.26711e-05,0
9710.0,9715.0,9712.5,2.54654e-06,1.27327e-05,0
9715.0,9720.0,9717.5,9.054562e-06,4.527281e-05,0
9720.0,9725.0,9722.5,7.533308e-06,3.766654e-05,0
9725.0,9730.0,9727.5,1.6246284e-05,8.123142e-05,0
9730.0,9735.0,9732.5,1.018039e-05,5.090195e-05,0
9735.0,9740.0,9737.5,1.0096576e-05,5.048288e-05,0
9740.0,9745.0,9742.5,1.026066e-05,5.13033e-05,0
9745.0,9750.0,9747.5,1.1105854e-05,5.552927e-05,0
9750.0,9755.0,9752.5,1.2335706e-05,6.167853e-05,0
9755.0,9760.0,9757.5,1.5167146e-05,7.583573e-05,0
9760.0,9765.0,9762.5,1.1548726e-05,5.774363e-05,0
9765.0,9770.0,9767.5,1.8650436e-05,9.325218e-05,0
9770.0,9775.0,9772.5,1.1547288e-05,5.773644e-05,0
9775.0,9780.0,9777.5,6.034842e-06,3.017421e-05,0
9780.0,9785.0,9782.5,6.331914e-06,3.165957e-05,0
9785.0,9790.0,9787.5,1.15193e-05,5.75965e-05,0
9790.0,9795.0,9792.5,1.018516e-05,5.09258e-05,0
9795.0,9800.0,9797.5,1.1597484e-05,5.798742e-05,0
9800.0,9805.0,9802.5,1.517097e-05,7.585485e-05,0
9805.0,9810.0,9807.5,7.411196e-06,3.705598e-05,0
9810.0,9815.0,9812.5,6.327876e-06,3.163938e-05,0
9815.0,9820.0,9817.5,1.3557074e-05,6.778537e-05,0
9820.0,9825.0,9822.5,9.99024e-06,4.99512e-05,0
9825.0,9830.0,9827.5,1.3772252e-05,6.886126e-05,0
9830.0,9835.0,9832.5,1.1543806e-05,5.771903e-05,0
9835.0,9840.0,9837.5,1.729056e-05,8.64528e-05,0
9840.0,9845.0,9842.5,2.331942e-06,1.165971e-05,0
9845.0,9850.0,9847.5,9.12693e-06,4.563465e-05,0
9850.0,9855.0,9852.5,1.143648e-05,5.71824e-05,0
9855.0,9860.0,9857.5,1.5209506e-05,7.604753e-05,0
9860.0,9865.0,9862.5,1.1512998e-05,5.756499e-05,0
9865.0,9870.0,9867.5,1.6451162e-05,8.225581e-05,0
9870.0,9875.0,9872.5,7.303956e-06,3.651978e-05,0
9875.0,9880.0,9877.5,3.541992e-06,1.770996e-05,0
9880.0,9885.0,9882.5,7.35845e-06,3.679225e-05,0
9885.0,9890.0,9887.5,1.1263514e-05,5.631757e-05,0
9890.0,9895.0,9892.5,6.205122e-06,3.102561e-05,0
9895.0,9900.0,9897.5,1.6088598e-05,8.044299e-05,0
9900.0,9905.0,9902.5,1.0099638e-05,5.049819e-05,0
9905.0,9910.0,9907.5,5.236218e-06,2.618109e-05,0
9910.0,9915.0,9912.5,1.136423e-05,5.682115e-05,0
9915.0,9920.0,9917.5,3.51551e-06,1.757755e-05,0
9920.0,9925.0,9922.5,1.281223e-05,6.406115e-05,0
9925.0,9930.0,9927.5,1.1347816e-05,5.673908e-05,0
9930.0,9935.0,9932.5,1.381883e-05,6.909415e-05,0
9935.0,9940.0,9937.5,1.1243544e-05,5.621772e-05,0
9940.0,9945.0,9942.5,6.101984e-06,3.050992e-05,0
9945.0,9950.0,9947.5,7.485916e-06,3.742958e-05,0
9950.0,9955.0,9952.5,7.58743e-06,3.793715e-05,0
9955.0,9960.0,9957.5,9.87792e-06,4.93896e-05,0
9960.0,9965.0,9962.5,7.60881e-06,3.804405e-05,0
9965.0,9970.0,9967.5,2.4123e-06,1.20615e-05,0
9970.0,9975.0,9972.5,7.527298e-06,3.763649e-05,0
9975.0,9980.0,9977.5,1.017606e-05,5.08803e-05,0
9980.0,9985.0,9982.5,9.94207e-06,4.971035e-05,0
9985.0,9990.0,9987.5,7.67411e-06,3.837055e-05,0
9990.0,9995.0,9992.5,7.737952e-06,3.868976e-05,0
9995.0,10000.0,9997.5,3.691424e-06,1.845712e-05,0
10000.0,10005.0,10002.5,1.1039468e-05,5.519734e-05,0
10005.0,10010.0,10007.5,1.2789054e-05,6.394527e-05,0
10010.0,10015.0,10012.5,7.561984e-06,3.780992e-05,0
10015.0,10020.0,10017.5,6.392458e-06,3.196229e-05,0
10020.0,10025.0,10022.5,1.2362718e-05,6.181359e-05,0
10025.0,10030.0,10027.5,1.359746e-05,6.79873e-05,0
10030.0,10035.0,10032.5,7.417052e-06,3.708526e-05,0
10035.0,10040.0,10037.5,8.796896e-06,4.398448e-05,0
10040.0,10045.0,10042.5,4.755732e-06,2.377866e-05,0
10045.0,10050.0,10047.5,6.297022e-06,3.148511e-05,0
10050.0,10055.0,10052.5,6.188676e-06,3.094338e-05,0
10055.0,10060.0,10057.5,1.0231688e-05,5.115844e-05,0
10060.0,10065.0,10062.5,6.157592e-06,3.078796e-05,0
10065.0,10070.0,10067.5,1.6107686e-05,8.053843e-05,0
10070.0,10075.0,10072.5,7.507936e-06,3.753968e-05,0
10075.0,10080.0,10077.5,5.997638e-06,2.998819e-05,0
10080.0,10085.0,10082.5,1.4669952e-05,7.334976e-05,0
10085.0,10090.0,10087.5,9.80212e-06,4.90106e-05,0
10090.0,10095.0,10092.5,6.292316e-06,3.146158e-05,0
10095.0,10100.0,10097.5,1.40493e-05,7.02465e-05,0
10100.0,10105.0,10102.5,1.1223958e-05,5.611979e-05,0
10105.0,10110.0,10107.5,8.663154e-06,4.331577e-05,0
10110.0,10115.0,10112.5,6.23379e-06,3.116895e-05,0
10115.0,10120.0,10117.5,1.4056246e-05,7.028123e-05,0
10120.0,10125.0,10122.5,1.2265038e-05,6.132519e-05,0
10125.0,10130.0,10127.5,4.891986e-06,2.445993e-05,0
10130.0,10135.0,10132.5,1.15982e-05,5.7991e-05,0
10135.0,10140.0,10137.5,8.822192e-06,4.411096e-05,0
10140.0,10145.0,10142.5,5.025244e-06,2.512622e-05,0
10145.0,10150.0,10147.5,7.67507e-06,3.837535e-05,0
10150.0,10155.0,10152.5,1.3879226e-05,6.939613e-05,0
10155.0,10160.0,10157.5,7.324846e-06,3.662423e-05,0
10160.0,10165.0,10162.5,9.679108e-06,4.839554e-05,0
10165.0,10170.0,10167.5,5.252742e-06,2.626371e-05,0
10170.0,10175.0,10172.5,9.699156e-06,4.849578e-05,0
10175.0,10180.0,10177.5,4.81595e-06,2.407975e-05,0
10180.0,10185.0,10182.5,6.28052e-06,3.14026e-05,0
10185.0,10190.0,10187.5,5.130686e-06,2.565343e-05,0
10190.0,10195.0,10192.5,8.962846e-06,4.481423e-05,0
10195.0,10200.0,10197.5,9.929742e-06,4.964871e-05,0
10200.0,10205.0,10202.5,7.504604e-06,3.752302e-05,0
10205.0,10210.0,10207.5,1.8969874e-05,9.484937e-05,0
10210.0,10215.0,10212.5,8.539028e-06,4.269514e-05,0
10215.0,10220.0,10217.5,1.2701454e-05,6.350727e-05,0
10220.0,10225.0,10222.5,6.027876e-06,3.013938e-05,0
10225.0,10230.0,10227.5,8.570812e-06,4.285406e-05,0
10230.0,10235.0,10232.5,8.59162e-06,4.29581e-05,0
10235.0,10240.0,10237.5,9.067266e-06,4.533633e-05,0
10240.0,10245.0,10242.5,9.870068e-06,4.935034e-05,0
10245.0,10250.0,10247.5,8.952572e-06,4.476286e-05,0
10250.0,10255.0,10252.5,7.482138e-06,3.741069e-05,0
10255.0,10260.0,10257.5,1.1681632e-05,5.840816e-05,0
10260.0,10265.0,10262.5,1.0232582e-05,5.116291e-05,0
10265.0,10270.0,10267.5,6.28087e-06,3.140435e-05,0
10270.0,10275.0,10272.5,1.0303706e-05,5.151853e-05,0
10275.0,10280.0,10277.5,3.836874e-06,1.918437e-05,0
10280.0,10285.0,10282.5,6.20242e-06,3.10121e-05,0
10285.0,10290.0,10287.5,2.63228e-06,1.31614e-05,0
10290.0,10295.0,10292.5,1.368615e-05,6.843075e-05,0
10295.0,10300.0,10297.5,1.6617782e-05,8.308891e-05,0
10300.0,10305.0,10302.5,1.1325396e-05,5.662698e-05,0
10305.0,10310.0,10307.5,8.984006e-06,4.492003e-05,0
10310.0,10315.0,10312.5,8.87363e-06,4.436815e-05,0
10315.0,10320.0,10317.5,8.935704e-06,4.467852e-05,0
10320.0,10325.0,10322.5,9.790458e-06,4.895229e-05,0
10325.0,10330.0,10327.5,6.110124e-06,3.055062e-05,0
10330.0,10335.0,10332.5,1.0268374e-05,5.134187e-05,0
10335.0,10340.0,10337.5,8.798774e-06,4.399387e-05,0
10340.0,10345.0,10342.5,6.352892e-06,3.176446e-05,0
10345.0,10350.0,10347.5,1.2572232e-05,6.286116e-05,0
10350.0,10355.0,10352.5,1.1218322e-05,5.609161e-05,0
10355.0,10360.0,10357.5,1.1567292e-05,5.783646e-05,0
10360.0,10365.0,10362.5,5.08114e-06,2.54057e-05,0
10365.0,10370.0,10367.5,1.2561072e-05,6.280536e-05,0
10370.0,10375.0,10372.5,1.1386498e-05,5.693249e-05,0
10375.0,10380.0,10377.5,1.4940198e-05,7.470099e-05,0
10380.0,10385.0,10382.5,4.883126e-06,2.441563e-05,0
10385.0,10390.0,10387.5,2.0459896e-05,0.00010229948,0
10390.0,10395.0,10392.5,1.594622e-05,7.97311e-05,0
10395.0,10400.0,10397.5,1.1161448e-05,5.580724e-05,0
10400.0,10405.0,10402.5,1.1431186e-05,5.715593e-05,0
10405.0,10410.0,10407.5,5.234758e-06,2.617379e-05,0
10410.0,10415.0,10412.5,1.2543862e-05,6.271931e-05,0
10415.0,10420.0,10417.5,1.02456e-05,5.1228e-05,0
10420.0,10425.0,10422.5,1.1309966e-05,5.654983e-05,0
10425.0,10430.0,10427.5,1.0189208e-05,5.094604e-05,0
10430.0,10435.0,10432.5,8.509184e-06,4.254592e-05,0
10435.0,10440.0,10437.5,1.5078296e-05,7.539148e-05,0
10440.0,10445.0,10442.5,1.0101316e-05,5.050658e-05,0
10445.0,10450.0,10447.5,1.1492866e-05,5.746433e-05,0
10450.0,10455.0,10452.5,1.131568e-05,5.65784e-05,0
10455.0,10460.0,10457.5,1.5221612e-05,7.610806e-05,0
10460.0,10465.0,10462.5,6.552704e-06,3.276352e-05,0
10465.0,10470.0,10467.5,4.75058e-06,2.37529e-05,0
10470.0,10475.0,10472.5,1.0191224e-05,5.095612e-05,0
10475.0,10480.0,10477.5,6.138722e-06,3.069361e-05,0
10480.0,10485.0,10482.5,1.0162622e-05,5.081311e-05,0
10485.0,10490.0,10487.5,9.068944e-06,4.534472e-05,0
10490.0,10495.0,10492.5,8.939684e-06,4.469842e-05,0
10495.0,10500.0,10497.5,1.3888148e-05,6.944074e-05,0
10500.0,10505.0,10502.5,9.962812e-06,4.981406e-05,0
10505.0,10510.0,10507.5,4.95334e-06,2.47667e-05,0
10510.0,10515.0,10512.5,9.067266e-06,4.533633e-05,0
10515.0,10520.0,10517.5,7.61598e-06,3.80799e-05,0
10520.0,10525.0,10522.5,9.009186e-06,4.504593e-05,0
10525.0,10530.0,10527.5,1.3737146e-05,6.868573e-05,0
10530.0,10535.0,10532.5,8.914996e-06,4.457498e-05,0
10535.0,10540.0,10537.5,7.518558e-06,3.759279e-05,0
10540.0,10545.0,10542.5,5.0208e-06,2.5104e-05,0
10545.0,10550.0,10547.5,8.759876e-06,4.379938e-05,0
10550.0,10555.0,10552.5,1.38453e-05,6.92265e-05,0
10555.0,10560.0,10557.5,8.654164e-06,4.327082e-05,0
10560.0,10565.0,10562.5,1.0193924e-05,5.096962e-05,0
10565.0,10570.0,10567.5,1.1432462e-05,5.716231e-05,0
10570.0,10575.0,10572.5,1.0084534e-05,5.042267e-05,0
10575.0,10580.0,10577.5,1.2781222e-05,6.390611e-05,0
10580.0,10585.0,10582.5,1.248853e-05,6.244265e-05,0
10585.0,10590.0,10587.5,8.735304e-06,4.367652e-05,0
10590.0,10595.0,10592.5,6.199342e-06,3.099671e-05,0
10595.0,10600.0,10597.5,1.367803e-05,6.839015e-05,0
10600.0,10605.0,10602.5,9.840912e-06,4.920456e-05,0
10605.0,10610.0,10607.5,1.53958e-05,7.6979e-05,0
10610.0,10615.0,10612.5,3.796158e-06,1.898079e-05,0
10615.0,10620.0,10617.5,1.1393688e-05,5.696844e-05,0
10620.0,10625.0,10622.5,5.094318e-06,2.547159e-05,0
10625.0,10630.0,10627.5,1.3835324e-05,6.917662e-05,0
10630.0,10635.0,10632.5,1.3537832e-05,6.768916e-05,0
10635.0,10640.0,10637.5,3.87934e-06,1.93967e-05,0
10640.0,10645.0,10642.5,1.5280616e-05,7.640308e-05,0
10645.0,10650.0,10647.5,1.0039306e-05,5.019653e-05,0
10650.0,10655.0,10652.5,1.044115e-05,5.220575e-05,0
10655.0,10660.0,10657.5,6.535698e-06,3.267849e-05,0
10660.0,10665.0,10662.5,8.535178e-06,4.267589e-05,0
10665.0,10670.0,10667.5,1.1177008e-05,5.588504e-05,0
10670.0,10675.0,10672.5,1.2587074e-05,6.293537e-05,0
10675.0,10680.0,10677.5,1.3159156e-05,6.579578e-05,0
10680.0,10685.0,10682.5,8.781372e-06,4.390686e-05,0
10685.0,10690.0,10687.5,7.42271e-06,3.711355e-05,0
10690.0,10695.0,10692.5,7.399574e-06,3.699787e-05,0
10695.0,10700.0,10697.5,7.63172e-06,3.81586e-05,0
10700.0,10705.0,10702.5,1.635177e-05,8.175885e-05,0
10705.0,10710.0,10707.5,6.383128e-06,3.191564e-05,0
10710.0,10715.0,10712.5,9.924096e-06,4.962048e-05,0
10715.0,10720.0,10717.5,7.508294e-06,3.754147e-05,0
10720.0,10725.0,10722.5,8.90199e-06,4.450995e-05,0
10725.0,10730.0,10727.5,7.536106e-06,3.768053e-05,0
10730.0,10735.0,10732.5,1.1597958e-05,5.798979e-05,0
10735.0,10740.0,10737.5,1.1209826e-05,5.604913e-05,0
10740.0,10745.0,10742.5,9.943232e-06,4.971616e-05,0
10745.0,10750.0,10747.5,6.45877e-06,3.229385e-05,0
10750.0,10755.0,10752.5,7.690408e-06,3.845204e-05,0
10755.0,10760.0,10757.5,5.956168e-06,2.978084e-05,0
10760.0,10765.0,10762.5,8.771906e-06,4.385953e-05,0
10765.0,10770.0,10767.5,5.198532e-06,2.599266e-05,0
10770.0,10775.0,10772.5,7.517074e-06,3.758537e-05,0
10775.0,10780.0,10777.5,1.6632274e-05,8.316137e-05,0
10780.0,10785.0,10782.5,1.249366e-05,6.24683e-05,0
10785.0,10790.0,10787.5,7.20142e-06,3.60071e-05,0
10790.0,10795.0,10792.5,4.909994e-06,2.454997e-05,0
10795.0,10800.0,10797.5,1.1205004e-05,5.602502e-05,0
10800.0,10805.0,10802.5,6.289832e-06,3.144916e-05,0
10805.0,10810.0,10807.5,5.017034e-06,2.508517e-05,0
10810.0,10815.0,10812.5,3.775268e-06,1.887634e-05,0
10815.0,10820.0,10817.5,6.129718e-06,3.064859e-05,0
10820.0,10825.0,10822.5,3.777824e-06,1.888912e-05,0
10825.0,10830.0,10827.5,6.567208e-06,3.283604e-05,0
10830.0,10835.0,10832.5,1.04114e-05,5.2057e-05,0
10835.0,10840.0,10837.5,8.734788e-06,4.367394e-05,0
10840.0,10845.0,10842.5,3.837232e-06,1.918616e-05,0
10845.0,10850.0,10847.5,5.050972e-06,2.525486e-05,0
10850.0,10855.0,10852.5,9.98664e-06,4.99332e-05,0
10855.0,10860.0,10857.5,6.533672e-06,3.266836e-05,0
10860.0,10865.0,10862.5,8.961718e-06,4.480859e-05,0
10865.0,10870.0,10867.5,8.857394e-06,4.428697e-05,0
10870.0,10875.0,10872.5,1.0159716e-05,5.079858e-05,0
10875.0,10880.0,10877.5,7.527418e-06,3.763709e-05,0
10880.0,10885.0,10882.5,3.612392e-06,1.806196e-05,0
10885.0,10890.0,10887.5,1.1124108e-05,5.562054e-05,0
10890.0,10895.0,10892.5,6.31253e-06,3.156265e-05,0
10895.0,10900.0,10897.5,8.961824e-06,4.480912e-05,0
10900.0,10905.0,10902.5,1.2944828e-05,6.472414e-05,0
10905.0,10910.0,10907.5,1.6183642e-05,8.091821e-05,0
10910.0,10915.0,10912.5,5.198174e-06,2.599087e-05,0
10915.0,10920.0,10917.5,3.98646e-06,1.99323e-05,0
10920.0,10925.0,10922.5,8.676126e-06,4.338063e-05,0
10925.0,10930.0,10927.5,6.034654e-06,3.017327e-05,0
10930.0,10935.0,10932.5,3.758604e-06,1.879302e-05,0
10935.0,10940.0,10937.5,6.573968e-06,3.286984e-05,0
10940.0,10945.0,10942.5,1.3562716e-05,6.781358e-05,0
10945.0,10950.0,10947.5,8.924954e-06,4.462477e-05,0
10950.0,10955.0,10952.5,1.4023432e-05,7.011716e-05,0
10955.0,10960.0,10957.5,1.1342634e-05,5.671317e-05,0
10960.0,10965.0,10962.5,7.206934e-06,3.603467e-05,0
10965.0,10970.0,10967.5,1.6674552e-05,8.337276e-05,0
10970.0,10975.0,10972.5,2.565894e-06,1.282947e-05,0
10975.0,10980.0,10977.5,1.12257e-05,5.61285e-05,0
10980.0,10985.0,10982.5,9.983478e-06,4.991739e-05,0
10985.0,10990.0,10987.5,1.5133324e-05,7.566662e-05,0
10990.0,10995.0,10992.5,8.67665e-06,4.338325e-05,0
10995.0,11000.0,10997.5,6.400078e-06,3.200039e-05,0
11000.0,11005.0,11002.5,1.7443096e-05,8.721548e-05,0
11005.0,11010.0,11007.5,2.529876e-06,1.264938e-05,0
11010.0,11015.0,11012.5,5.127784e-06,2.563892e-05,0
11015.0,11020.0,11017.5,6.225336e-06,3.112668e-05,0
11020.0,11025.0,11022.5,1.2498586e-05,6.249293e-05,0
11025.0,11030.0,11027.5,6.471646e-06,3.235823e-05,0
11030.0,11035.0,11032.5,4.883206e-06,2.441603e-05,0
11035.0,11040.0,11037.5,4.99439e-06,2.497195e-05,0
11040.0,11045.0,11042.5,4.83931e-06,2.419655e-05,0
11045.0,11050.0,11047.5,1.2434156e-05,6.217078e-05,0
11050.0,11055.0,11052.5,1.2421324e-05,6.210662e-05,0
11055.0,11060.0,11057.5,7.159374e-06,3.579687e-05,0
11060.0,11065.0,11062.5,1.337524e-06,6.68762e-06,0
11065.0,11070.0,11067.5,7.660212e-06,3.830106e-05,0
11070.0,11075.0,11072.5,3.897242e-06,1.948621e-05,0
11075.0,11080.0,11077.5,7.557704e-06,3.778852e-05,0
11080.0,11085.0,11082.5,5.22123e-06,2.610615e-05,0
11085.0,11090.0,11087.5,8.7235e-06,4.36175e-05,0
11090.0,11095.0,11092.5,9.11884e-06,4.55942e-05,0
11095.0,11100.0,11097.5,8.996498e-06,4.498249e-05,0
11100.0,11105.0,11102.5,1.3678272e-05,6.839136e-05,0
11105.0,11110.0,11107.5,1.3328e-06,6.664e-06,0
11110.0,11115.0,11112.5,1.0298212e-05,5.149106e-05,0
11115.0,11120.0,11117.5,1.2699346e-05,6.349673e-05,0
11120.0,11125.0,11122.5,8.634128e-06,4.317064e-05,0
11125.0,11130.0,11127.5,1.421866e-05,7.10933e-05,0
11130.0,11135.0,11132.5,7.863976e-06,3.931988e-05,0
11135.0,11140.0,11137.5,3.919942e-06,1.959971e-05,0
11140.0,11145.0,11142.5,6.36095e-06,3.180475e-05,0
11145.0,11150.0,11147.5,7.303362e-06,3.651681e-05,0
11150.0,11155.0,11152.5,6.462116e-06,3.231058e-05,0
11155.0,11160.0,11157.5,5.121246e-06,2.560623e-05,0
11160.0,11165.0,11162.5,7.7731e-06,3.88655e-05,0
11165.0,11170.0,11167.5,5.14651e-06,2.573255e-05,0
11170.0,11175.0,11172.5,8.887594e-06,4.443797e-05,0
11175.0,11180.0,11177.5,5.047282e-06,2.523641e-05,0
11180.0,11185.0,11182.5,3.664742e-06,1.832371e-05,0
11185.0,11190.0,11187.5,6.079528e-06,3.039764e-05,0
11190.0,11195.0,11192.5,6.380082e-06,3.190041e-05,0
11195.0,11200.0,11197.5,1.3008836e-05,6.504418e-05,0
11200.0,11205.0,11202.5,3.788446e-06,1.894223e-05,0
11205.0,11210.0,11207.5,1.2612098e-05,6.306049e-05,0
11210.0,11215.0,11212.5,8.92211e-06,4.461055e-05,0
11215.0,11220.0,11217.5,1.1149632e-05,5.574816e-05,0
11220.0,11225.0,11222.5,7.273124e-06,3.636562e-05,0
11225.0,11230.0,11227.5,1.3706824e-05,6.853412e-05,0
11230.0,11235.0,11232.5,7.684418e-06,3.842209e-05,0
11235.0,11240.0,11237.5,5.112652e-06,2.556326e-05,0
11240.0,11245.0,11242.5,5.148652e-06,2.574326e-05,0
11245.0,11250.0,11247.5,3.796158e-06,1.898079e-05,0
11250.0,11255.0,11252.5,7.49473e-06,3.747365e-05,0
11255.0,11260.0,11257.5,1.2554946e-05,6.277473e-05,0
11260.0,11265.0,11262.5,6.330342e-06,3.165171e-05,0
11265.0,11270.0,11267.5,9.029614e-06,4.514807e-05,0
11270.0,11275.0,11272.5,6.180262e-06,3.090131e-05,0
11275.0,11280.0,11277.5,6.29523e-06,3.147615e-05,0
11280.0,11285.0,11282.5,1.2505656e-05,6.252828e-05,0
11285.0,11290.0,11287.5,3.657552e-06,1.828776e-05,0
11290.0,11295.0,11292.5,7.622916e-06,3.811458e-05,0
11295.0,11300.0,11297.5,1.179099e-05,5.895495e-05,0
11300.0,11305.0,11302.5,2.47217e-06,1.236085e-05,0
11305.0,11310.0,11307.5,1.4162658e-05,7.081329e-05,0
11310.0,11315.0,11312.5,7.390518e-06,3.695259e-05,0
11315.0,11320.0,11317.5,9.863872e-06,4.931936e-05,0
11320.0,11325.0,11322.5,1.145583e-05,5.727915e-05,0
11325.0,11330.0,11327.5,7.324846e-06,3.662423e-05,0
11330.0,11335.0,11332.5,3.699634e-06,1.849817e-05,0
11335.0,11340.0,11337.5,7.526782e-06,3.763391e-05,0
11340.0,11345.0,11342.5,9.027574e-06,4.513787e-05,0
11345.0,11350.0,11347.5,1.0381638e-05,5.190819e-05,0
11350.0,11355.0,11352.5,1.21374e-06,6.0687e-06,0
11355.0,11360.0,11357.5,8.809114e-06,4.404557e-05,0
11360.0,11365.0,11362.5,2.578052e-06,1.289026e-05,0
11365.0,11370.0,11367.5,4.93501e-06,2.467505e-05,0
11370.0,11375.0,11372.5,7.613176e-06,3.806588e-05,0
11375.0,11380.0,11377.5,6.48001e-06,3.240005e-05,0
11380.0,11385.0,11382.5,1.3864308e-05,6.932154e-05,0
11385.0,11390.0,11387.5,4.97178e-06,2.48589e-05,0
11390.0,11395.0,11392.5,4.826132e-06,2.413066e-05,0
11395.0,11400.0,11397.5,4.896384e-06,2.448192e-05,0
11400.0,11405.0,11402.5,3.604016e-06,1.802008e-05,0
11405.0,11410.0,11407.5,8.89915e-06,4.449575e-05,0
11410.0,11415.0,11412.5,1.5056084e-05,7.528042e-05,0
11415.0,11420.0,11417.5,6.567208e-06,3.283604e-05,0
11420.0,11425.0,11422.5,4.83428e-06,2.41714e-05,0
11425.0,11430.0,11427.5,4.84831e-06,2.424155e-05,0
11430.0,11435.0,11432.5,7.85351e-06,3.926755e-05,0
11435.0,11440.0,11437.5,7.548806e-06,3.774403e-05,0
11440.0,11445.0,11442.5,9.02291e-06,4.511455e-05,0
11445.0,11450.0,11447.5,8.751238e-06,4.375619e-05,0
11450.0,11455.0,11452.5,6.14779e-06,3.073895e-05,0
11455.0,11460.0,11457.5,8.826916e-06,4.413458e-05,0
11460.0,11465.0,11462.5,7.626012e-06,3.813006e-05,0
11465.0,11470.0,11467.5,3.657552e-06,1.828776e-05,0
11470.0,11475.0,11472.5,8.863358e-06,4.431679e-05,0
11475.0,11480.0,11477.5,7.549968e-06,3.774984e-05,0
11480.0,11485.0,11482.5,6.304818e-06,3.152409e-05,0
11485.0,11490.0,11487.5,6.261022e-06,3.130511e-05,0
11490.0,11495.0,11492.5,6.103376e-06,3.051688e-05,0
11495.0,11500.0,11497.5,7.906394e-06,3.953197e-05,0
11500.0,11505.0,11502.5,7.575634e-06,3.787817e-05,0
11505.0,11510.0,11507.5,1.018452e-05,5.09226e-05,0
11510.0,11515.0,11512.5,6.384798e-06,3.192399e-05,0
11515.0,11520.0,11517.5,7.63172e-06,3.81586e-05,0
11520.0,11525.0,11522.5,1.3391398e-05,6.695699e-05,0
11525.0,11530.0,11527.5,8.924784e-06,4.462392e-05,0
11530.0,11535.0,11532.5,7.634546e-06,3.817273e-05,0
11535.0,11540.0,11537.5,5.018284e-06,2.509142e-05,0
11540.0,11545.0,11542.5,1.002346e-05,5.01173e-05,0
11545.0,11550.0,11547.5,1.0059596e-05,5.029798e-05,0
11550.0,11555.0,11552.5,7.600892e-06,3.800446e-05,0
11555.0,11560.0,11557.5,1.1485806e-05,5.742903e-05,0
11560.0,11565.0,11562.5,4.796448e-06,2.398224e-05,0
11565.0,11570.0,11567.5,1.1391268e-05,5.695634e-05,0
11570.0,11575.0,11572.5,1.0011386e-05,5.005693e-05,0
11575.0,11580.0,11577.5,3.726626e-06,1.863313e-05,0
11580.0,11585.0,11582.5,6.427118e-06,3.213559e-05,0
11585.0,11590.0,11587.5,7.456156e-06,3.728078e-05,0
11590.0,11595.0,11592.5,7.441248e-06,3.720624e-05,0
11595.0,11600.0,11597.5,1.1442106e-05,5.721053e-05,0
11600.0,11605.0,11602.5,8.71362e-06,4.35681e-05,0
11605.0,11610.0,11607.5,1.158209e-05,5.791045e-05,0
11610.0,11615.0,11612.5,5.103164e-06,2.551582e-05,0
11615.0,11620.0,11617.5,1.1299498e-05,5.649749e-05,0
11620.0,11625.0,11622.5,1.0071056e-05,5.035528e-05,0
11625.0,11630.0,11627.5,7.643798e-06,3.821899e-05,0
11630.0,11635.0,11632.5,5.06596e-06,2.53298e-05,0
11635.0,11640.0,11637.5,8.520548e-06,4.260274e-05,0
11640.0,11645.0,11642.5,1.099168e-05,5.49584e-05,0
11645.0,11650.0,11647.5,7.40394e-06,3.70197e-05,0
11650.0,11655.0,11652.5,6.129718e-06,3.064859e-05,0
11655.0,11660.0,11657.5,1.2568538e-05,6.284269e-05,0
11660.0,11665.0,11662.5,3.775268e-06,1.887634e-05,0
11665.0,11670.0,11667.5,8.84323e-06,4.421615e-05,0
11670.0,11675.0,11672.5,3.779992e-06,1.889996e-05,0
11675.0,11680.0,11677.5,4.963564e-06,2.481782e-05,0
11680.0,11685.0,11682.5,9.99948e-06,4.99974e-05,0
11685.0,11690.0,11687.5,7.528094e-06,3.764047e-05,0
11690.0,11695.0,11692.5,1.2679774e-05,6.339887e-05,0
11695.0,11700.0,11697.5,5.047422e-06,2.523711e-05,0
11700.0,11705.0,11702.5,8.710872e-06,4.355436e-05,0
11705.0,11710.0,11707.5,6.273982e-06,3.136991e-05,0
11710.0,11715.0,11712.5,8.82847e-06,4.414235e-05,0
11715.0,11720.0,11717.5,9.678808e-06,4.839404e-05,0
11720.0,11725.0,11722.5,8.754218e-06,4.377109e-05,0
11725.0,11730.0,11727.5,4.871292e-06,2.435646e-05,0
11730.0,11735.0,11732.5,7.355952e-06,3.677976e-05,0
11735.0,11740.0,11737.5,9.04501e-06,4.522505e-05,0
11740.0,11745.0,11742.5,1.15964e-05,5.7982e-05,0
11745.0,11750.0,11747.5,8.905194e-06,4.452597e-05,0
11750.0,11755.0,11752.5,7.407364e-06,3.703682e-05,0
11755.0,11760.0,11757.5,5.323976e-06,2.661988e-05,0
11760.0,11765.0,11762.5,6.277686e-06,3.138843e-05,0
11765.0,11770.0,11767.5,1.3691454e-05,6.845727e-05,0
11770.0,11775.0,11772.5,8.593278e-06,4.296639e-05,0
11775.0,11780.0,11777.5,6.036182e-06,3.018091e-05,0
11780.0,11785.0,11782.5,5.00691e-06,2.503455e-05,0
11785.0,11790.0,11787.5,4.88447e-06,2.442235e-05,0
11790.0,11795.0,11792.5,3.709758e-06,1.854879e-05,0
11795.0,11800.0,11797.5,5.196152e-06,2.598076e-05,0
11800.0,11805.0,11802.5,6.05305e-06,3.026525e-05,0
11805.0,11810.0,11807.5,1.0159528e-05,5.079764e-05,0
11810.0,11815.0,11812.5,1.2577192e-05,6.288596e-05,0
11815.0,11820.0,11817.5,5.22088e-06,2.61044e-05,0
11820.0,11825.0,11822.5,6.380294e-06,3.190147e-05,0
11825.0,11830.0,11827.5,1.1638992e-05,5.819496e-05,0
11830.0,11835.0,11832.5,1.118503e-05,5.592515e-05,0
11835.0,11840.0,11837.5,1.1261936e-05,5.630968e-05,0
11840.0,11845.0,11842.5,3.684378e-06,1.842189e-05,0
11845.0,11850.0,11847.5,7.630046e-06,3.815023e-05,0
11850.0,11855.0,11852.5,1.609016e-05,8.04508e-05,0
11855.0,11860.0,11857.5,5.31926e-06,2.65963e-05,0
11860.0,11865.0,11862.5,1.0144684e-05,5.072342e-05,0
11865.0,11870.0,11867.5,1.1641246e-05,5.820623e-05,0
11870.0,11875.0,11872.5,3.594058e-06,1.797029e-05,0
11875.0,11880.0,11877.5,1.1575196e-05,5.787598e-05,0
11880.0,11885.0,11882.5,6.333314e-06,3.166657e-05,0
11885.0,11890.0,11887.5,5.335566e-06,2.667783e-05,0
11890.0,11895.0,11892.5,1.226918e-06,6.13459e-06,0
11895.0,11900.0,11897.5,7.710854e-06,3.855427e-05,0
11900.0,11905.0,11902.5,3.69491e-06,1.847455e-05,0
11905.0,11910.0,11907.5,3.611052e-06,1.805526e-05,0
11910.0,11915.0,11912.5,8.884514e-06,4.442257e-05,0
11915.0,11920.0,11917.5,2.41049e-06,1.205245e-05,0
11920.0,11925.0,11922.5,8.7597e-06,4.37985e-05,0
11925.0,11930.0,11927.5,5.009898e-06,2.504949e-05,0
11930.0,11935.0,11932.5,3.811146e-06,1.905573e-05,0
11935.0,11940.0,11937.5,7.805146e-06,3.902573e-05,0
11940.0,11945.0,11942.5,4.848004e-06,2.424002e-05,0
11945.0,11950.0,11947.5,1.1139068e-05,5.569534e-05,0
11950.0,11955.0,11952.5,3.712812e-06,1.856406e-05,0
11955.0,11960.0,11957.5,3.991176e-06,1.995588e-05,0
11960.0,11965.0,11962.5,8.719608e-06,4.359804e-05,0
11965.0,11970.0,11967.5,6.2742e-06,3.1371e-05,0
11970.0,11975.0,11972.5,4.923498e-06,2.461749e-05,0
11975.0,11980.0,11977.5,1.0164688e-05,5.082344e-05,0
11980.0,11985.0,11982.5,5.047422e-06,2.523711e-05,0
11985.0,11990.0,11987.5,2.521096e-06,1.260548e-05,0
11990.0,11995.0,11992.5,2.485894e-06,1.242947e-05,0
11995.0,12000.0,11997.5,4.72422e-06,2.36211e-05,0
12000.0,12005.0,12002.5,6.3542e-06,3.1771e-05,0
12005.0,12010.0,12007.5,7.435394e-06,3.717697e-05,0
12010.0,12015.0,12012.5,7.520092e-06,3.760046e-05,0
12015.0,12020.0,12017.5,8.903866e-06,4.451933e-05,0
12020.0,12025.0,12022.5,3.915576e-06,1.957788e-05,0
12025.0,12030.0,12027.5,8.90355e-06,4.451775e-05,0
12030.0,12035.0,12032.5,5.021902e-06,2.510951e-05,0
12035.0,12040.0,12037.5,8.597286e-06,4.298643e-05,0
12040.0,12045.0,12042.5,2.521096e-06,1.260548e-05,0
12045.0,12050.0,12047.5,3.74329e-06,1.871645e-05,0
12050.0,12055.0,12052.5,5.017034e-06,2.508517e-05,0
12055.0,12060.0,12057.5,2.582418e-06,1.291209e-05,0
12060.0,12065.0,12062.5,3.853896e-06,1.926948e-05,0
12065.0,12070.0,12067.5,6.273982e-06,3.136991e-05,0
12070.0,12075.0,12072.5,5.217394e-06,2.608697e-05,0
12075.0,12080.0,12077.5,6.378412e-06,3.189206e-05,0
12080.0,12085.0,12082.5,7.510104e-06,3.755052e-05,0
12085.0,12090.0,12087.5,9.032582e-06,4.516291e-05,0
12090.0,12095.0,12092.5,7.572056e-06,3.786028e-05,0
12095.0,12100.0,12097.5,8.963194e-06,4.481597e-05,0
12100.0,12105.0,12102.5,5.072352e-06,2.536176e-05,0
12105.0,12110.0,12107.5,7.748224e-06,3.874112e-05,0
12110.0,12115.0,12112.5,8.596292e-06,4.298146e-05,0
12115.0,12120.0,12117.5,1.5066156e-05,7.533078e-05,0
12120.0,12125.0,12122.5,5.076416e-06,2.538208e-05,0
12125.0,12130.0,12127.5,2.564084e-06,1.282042e-05,0
12130.0,12135.0,12132.5,8.676304e-06,4.338152e-05,0
12135.0,12140.0,12137.5,7.435376e-06,3.717688e-05,0
12140.0,12145.0,12142.5,6.225336e-06,3.112668e-05,0
12145.0,12150.0,12147.5,8.759876e-06,4.379938e-05,0
12150.0,12155.0,12152.5,3.545682e-06,1.772841e-05,0
12155.0,12160.0,12157.5,6.486176e-06,3.243088e-05,0
12160.0,12165.0,12162.5,3.730788e-06,1.865394e-05,0
12165.0,12170.0,12167.5,4.987336e-06,2.493668e-05,0
12170.0,12175.0,12172.5,6.29488e-06,3.14744e-05,0
12175.0,12180.0,12177.5,8.790572e-06,4.395286e-05,0
12180.0,12185.0,12182.5,1.1174842e-05,5.587421e-05,0
12185.0,12190.0,12187.5,2.648936e-06,1.324468e-05,0
12190.0,12195.0,12192.5,9.003638e-06,4.501819e-05,0
12195.0,12200.0,12197.5,5.14867e-06,2.574335e-05,0
12200.0,12205.0,12202.5,1.2329858e-05,6.164929e-05,0
12205.0,12210.0,12207.5,7.670702e-06,3.835351e-05,0
12210.0,12215.0,12212.5,8.90117e-06,4.450585e-05,0
12215.0,12220.0,12217.5,3.80678e-06,1.90339e-05,0
12220.0,12225.0,12222.5,2.458992e-06,1.229496e-05,0
12225.0,12230.0,12227.5,6.07619e-06,3.038095e-05,0
12230.0,12235.0,12232.5,7.49964e-06,3.74982e-05,0
12235.0,12240.0,12237.5,5.213378e-06,2.606689e-05,0
12240.0,12245.0,12242.5,7.334128e-06,3.667064e-05,0
12245.0,12250.0,12247.5,1.3328e-06,6.664e-06,0
12250.0,12255.0,12252.5,6.436314e-06,3.218157e-05,0
12255.0,12260.0,12257.5,2.670324e-06,1.335162e-05,0
12260.0,12265.0,12262.5,2.375288e-06,1.187644e-05,0
12265.0,12270.0,12267.5,7.489392e-06,3.744696e-05,0
12270.0,12275.0,12272.5,5.34938e-06,2.67469e-05,0
12275.0,12280.0,12277.5,5.036258e-06,2.518129e-05,0
12280.0,12285.0,12282.5,5.12583e-06,2.562915e-05,0
12285.0,12290.0,12287.5,5.072002e-06,2.536001e-05,0
12290.0,12295.0,12292.5,7.699558e-06,3.849779e-05,0
12295.0,12300.0,12297.5,7.359006e-06,3.679503e-05,0
12300.0,12305.0,12302.5,7.676876e-06,3.838438e-05,0
12305.0,12310.0,12307.5,1.337524e-06,6.68762e-06,0
12310.0,12315.0,12312.5,7.879976e-06,3.939988e-05,0
12315.0,12320.0,12317.5,1.3626106e-05,6.813053e-05,0
12320.0,12325.0,12322.5,6.367924e-06,3.183962e-05,0
12325.0,12330.0,12327.5,6.074382e-06,3.037191e-05,0
12330.0,12335.0,12332.5,5.239498e-06,2.619749e-05,0
12335.0,12340.0,12337.5,9.073442e-06,4.536721e-05,0
12340.0,12345.0,12342.5,7.545296e-06,3.772648e-05,0
12345.0,12350.0,12347.5,6.40136e-06,3.20068e-05,0
12350.0,12355.0,12352.5,1.1159208e-05,5.579604e-05,0
12355.0,12360.0,12357.5,8.8537e-06,4.42685e-05,0
12360.0,12365.0,12362.5,6.33652e-06,3.16826e-05,0
12365.0,12370.0,12367.5,4.938486e-06,2.469243e-05,0
12370.0,12375.0,12372.5,1.2186446e-05,6.093223e-05,0
12375.0,12380.0,12377.5,8.607948e-06,4.303974e-05,0
12380.0,12385.0,12382.5,3.704664e-06,1.852332e-05,0
12385.0,12390.0,12387.5,4.99942e-06,2.49971e-05,0
12390.0,12395.0,12392.5,5.00691e-06,2.503455e-05,0
12395.0,12400.0,12397.5,6.327518e-06,3.163759e-05,0
12400.0,12405.0,12402.5,6.339782e-06,3.169891e-05,0
12405.0,12410.0,12407.5,7.48808e-06,3.74404e-05,0
12410.0,12415.0,12412.5,1.2583536e-05,6.291768e-05,0
12415.0,12420.0,12417.5,7.625678e-06,3.812839e-05,0
12420.0,12425.0,12422.5,8.78225e-06,4.391125e-05,0
12425.0,12430.0,12427.5,3.898912e-06,1.949456e-05,0
12430.0,12435.0,12432.5,2.648936e-06,1.324468e-05,0
12435.0,12440.0,12437.5,5.134032e-06,2.567016e-05,0
12440.0,12445.0,12442.5,7.521798e-06,3.760899e-05,0
12445.0,12450.0,12447.5,6.304818e-06,3.152409e-05,0
12450.0,12455.0,12452.5,8.447142e-06,4.223571e-05,0
12455.0,12460.0,12457.5,7.554108e-06,3.777054e-05,0
12460.0,12465.0,12462.5,2.653302e-06,1.326651e-05,0
12465.0,12470.0,12467.5,1.0237994e-05,5.118997e-05,0
12470.0,12475.0,12472.5,9.796038e-06,4.898019e-05,0
12475.0,12480.0,12477.5,8.841096e-06,4.420548e-05,0
12480.0,12485.0,12482.5,2.331942e-06,1.165971e-05,0
12485.0,12490.0,12487.5,5.191998e-06,2.595999e-05,0
12490.0,12495.0,12492.5,7.620016e-06,3.810008e-05,0
12495.0,12500.0,12497.5,2.582418e-06,1.291209e-05,0
12500.0,12505.0,12502.5,7.796286e-06,3.898143e-05,0
12505.0,12510.0,12507.5,1.245252e-06,6.22626e-06,0
12510.0,12515.0,12512.5,9.662584e-06,4.831292e-05,0
12515.0,12520.0,12517.5,1.1554854e-05,5.777427e-05,0
12520.0,12525.0,12522.5,3.88203e-06,1.941015e-05,0
12525.0,12530.0,12527.5,1.134357e-05,5.671785e-05,0
12530.0,12535.0,12532.5,7.429746e-06,3.714873e-05,0
12535.0,12540.0,12537.5,7.655846e-06,3.827923e-05,0
12540.0,12545.0,12542.5,8.715046e-06,4.357523e-05,0
12545.0,12550.0,12547.5,4.78724e-06,2.39362e-05,0
12550.0,12555.0,12552.5,4.905164e-06,2.452582e-05,0
12555.0,12560.0,12557.5,3.74496e-06,1.87248e-05,0
12560.0,12565.0,12562.5,7.75294e-06,3.87647e-05,0
12565.0,12570.0,12567.5,3.969804e-06,1.984902e-05,0
12570.0,12575.0,12572.5,3.664742e-06,1.832371e-05,0
12575.0,12580.0,12577.5,6.239966e-06,3.119983e-05,0
12580.0,12585.0,12582.5,5.103864e-06,2.551932e-05,0
12585.0,12590.0,12587.5,2.578052e-06,1.289026e-05,0
12590.0,12595.0,12592.5,3.51551e-06,1.757755e-05,0
12595.0,12600.0,12597.5,4.980878e-06,2.490439e-05,0
12600.0,12605.0,12602.5,7.433928e-06,3.716964e-05,0
12605.0,12610.0,12607.5,2.48117e-06,1.240585e-05,0
12610.0,12615.0,12612.5,1.1259918e-05,5.629959e-05,0
12615.0,12620.0,12617.5,2.331942e-06,1.165971e-05,0
12620.0,12625.0,12622.5,3.590838e-06,1.795419e-05,0
12625.0,12630.0,12627.5,5.006982e-06,2.503491e-05,0
12630.0,12635.0,12632.5,7.685194e-06,3.842597e-05,0
12635.0,12640.0,12637.5,4.998704e-06,2.499352e-05,0
12640.0,12645.0,12642.5,5.06596e-06,2.53298e-05,0
12645.0,12650.0,12647.5,1.1515382e-05,5.757691e-05,0
12650.0,12655.0,12652.5,6.49375e-06,3.246875e-05,0
12655.0,12660.0,12657.5,6.441404e-06,3.220702e-05,0
12660.0,12665.0,12662.5,3.709758e-06,1.854879e-05,0
12665.0,12670.0,12667.5,8.922038e-06,4.461019e-05,0
12670.0,12675.0,12672.5,2.65366e-06,1.32683e-05,0
12675.0,12680.0,12677.5,1.0004312e-05,5.002156e-05,0
12680.0,12685.0,12682.5,3.818694e-06,1.909347e-05,0
12690.0,12695.0,12692.5,8.802602e-06,4.401301e-05,0
12695.0,12700.0,12697.5,1.2366422e-05,6.183211e-05,0
12700.0,12705.0,12702.5,6.349698e-06,3.174849e-05,0
12705.0,12710.0,12707.5,7.675498e-06,3.837749e-05,0
12710.0,12715.0,12712.5,7.483216e-06,3.741608e-05,0
12715.0,12720.0,12717.5,5.08699e-06,2.543495e-05,0
12720.0,12725.0,12722.5,4.923498e-06,2.461749e-05,0
12725.0,12730.0,12727.5,3.637412e-06,1.818706e-05,0
12730.0,12735.0,12732.5,6.09821e-06,3.049105e-05,0
12735.0,12740.0,12737.5,6.29253e-06,3.146265e-05,0
12740.0,12745.0,12742.5,2.6656e-06,1.3328e-05,0
12745.0,12750.0,12747.5,9.018352e-06,4.509176e-05,0
12750.0,12755.0,12752.5,9.907194e-06,4.953597e-05,0
12755.0,12760.0,12757.5,6.247518e-06,3.123759e-05,0
12760.0,12765.0,12762.5,6.010188e-06,3.005094e-05,0
12765.0,12770.0,12767.5,5.13215e-06,2.566075e-05,0
12770.0,12775.0,12772.5,6.477086e-06,3.238543e-05,0
12775.0,12780.0,12777.5,2.440658e-06,1.220329e-05,0
12780.0,12785.0,12782.5,8.865164e-06,4.432582e-05,0
12785.0,12790.0,12787.5,8.87622e-06,4.43811e-05,0
12790.0,12795.0,12792.5,1.110893e-05,5.554465e-05,0
12795.0,12800.0,12797.5,7.57513e-06,3.787565e-05,0
12800.0,12805.0,12802.5,3.882388e-06,1.941194e-05,0
12805.0,12810.0,12807.5,1.226918e-06,6.13459e-06,0
12810.0,12815.0,12812.5,6.661142e-06,3.330571e-05,0
12815.0,12820.0,12817.5,2.543054e-06,1.271527e-05,0
12820.0,12825.0,12822.5,6.526608e-06,3.263304e-05,0
12825.0,12830.0,12827.5,6.34857e-06,3.174285e-05,0
12830.0,12835.0,12832.5,3.719228e-06,1.859614e-05,0
12835.0,12840.0,12837.5,2.653302e-06,1.326651e-05,0
12840.0,12845.0,12842.5,1.3328e-06,6.664e-06,0
12845.0,12850.0,12847.5,5.061236e-06,2.530618e-05,0
12850.0,12855.0,12852.5,8.699472e-06,4.349736e-05,0
12855.0,12860.0,12857.5,6.363558e-06,3.181779e-05,0
12860.0,12865.0,12862.5,6.547498e-06,3.273749e-05,0
12865.0,12870.0,12867.5,3.717418e-06,1.858709e-05,0
12870.0,12875.0,12872.5,3.607362e-06,1.803681e-05,0
12875.0,12880.0,12877.5,1.1295518e-05,5.647759e-05,0
12880.0,12885.0,12882.5,1.134735e-05,5.673675e-05,0
12885.0,12890.0,12887.5,1.337166e-06,6.68583e-06,0
12890.0,12895.0,12892.5,1.245252e-06,6.22626e-06,0
12895.0,12900.0,12897.5,5.226988e-06,2.613494e-05,0
12900.0,12905.0,12902.5,7.611506e-06,3.805753e-05,0
12905.0,12910.0,12907.5,6.367116e-06,3.183558e-05,0
12910.0,12915.0,12912.5,2.393622e-06,1.196811e-05,0
12915.0,12920.0,12917.5,3.634264e-06,1.817132e-05,0
12920.0,12925.0,12922.5,2.485894e-06,1.242947e-05,0
12925.0,12930.0,12927.5,7.601548e-06,3.800774e-05,0
12930.0,12935.0,12932.5,5.215056e-06,2.607528e-05,0
12935.0,12940.0,12937.5,2.29674e-06,1.14837e-05,0
12940.0,12945.0,12942.5,3.903768e-06,1.951884e-05,0
12945.0,12950.0,12947.5,1.004839e-05,5.024195e-05,0
12950.0,12955.0,12952.5,1.504962e-05,7.52481e-05,0
12955.0,12960.0,12957.5,3.655742e-06,1.827871e-05,0
12960.0,12965.0,12962.5,6.16031e-06,3.080155e-05,0
12965.0,12970.0,12967.5,6.2797e-06,3.13985e-05,0
12970.0,12975.0,12972.5,2.670324e-06,1.335162e-05,0
12975.0,12980.0,12977.5,3.899052e-06,1.949526e-05,0
12980.0,12985.0,12982.5,1.0187752e-05,5.093876e-05,0
12985.0,12990.0,12987.5,6.123306e-06,3.061653e-05,0
12990.0,12995.0,12992.5,5.016076e-06,2.508038e-05,0
12995.0,13000.0,12997.5,6.230496e-06,3.115248e-05,0
13000.0,13005.0,13002.5,6.19055e-06,3.095275e-05,0
13005.0,13010.0,13007.5,8.715352e-06,4.357676e-05,0
13010.0,13015.0,13012.5,1.0188308e-05,5.094154e-05,0
13015.0,13020.0,13017.5,8.472234e-06,4.236117e-05,0
13020.0,13025.0,13022.5,1.2759216e-05,6.379608e-05,0
13025.0,13030.0,13027.5,5.002046e-06,2.501023e-05,0
13030.0,13035.0,13032.5,3.801672e-06,1.900836e-05,0
13035.0,13040.0,13037.5,7.518564e-06,3.759282e-05,0
13040.0,13045.0,13042.5,1.0077342e-05,5.038671e-05,0
13045.0,13050.0,13047.5,1.14837e-06,5.74185e-06,0
13050.0,13055.0,13052.5,2.669966e-06,1.334983e-05,0
13055.0,13060.0,13057.5,7.578426e-06,3.789213e-05,0
13060.0,13065.0,13062.5,6.29523e-06,3.147615e-05,0
13065.0,13070.0,13067.5,1.0128868e-05,5.064434e-05,0
13070.0,13075.0,13072.5,3.903418e-06,1.951709e-05,0
13075.0,13080.0,13077.5,1.2838746e-05,6.419373e-05,0
13080.0,13085.0,13082.5,6.242688e-06,3.121344e-05,0
13085.0,13090.0,13087.5,1.0070354e-05,5.035177e-05,0
13090.0,13095.0,13092.5,6.428796e-06,3.214398e-05,0
13095.0,13100.0,13097.5,7.418928e-06,3.709464e-05,0
13100.0,13105.0,13102.5,3.877664e-06,1.938832e-05,0
13105.0,13110.0,13107.5,5.26454e-06,2.63227e-05,0
13110.0,13115.0,13112.5,8.864942e-06,4.432471e-05,0
13115.0,13120.0,13117.5,8.905194e-06,4.452597e-05,0
13120.0,13125.0,13122.5,1.4055808e-05,7.027904e-05,0
13125.0,13130.0,13127.5,6.264986e-06,3.132493e-05,0
13130.0,13135.0,13132.5,8.745128e-06,4.372564e-05,0
13135.0,13140.0,13137.5,7.655918e-06,3.827959e-05,0
13140.0,13145.0,13142.5,4.953548e-06,2.476774e-05,0
13145.0,13150.0,13147.5,6.090546e-06,3.045273e-05,0
13150.0,13155.0,13152.5,3.639218e-06,1.819609e-05,0
13155.0,13160.0,13157.5,1.226918e-06,6.13459e-06,0
13160.0,13165.0,13162.5,8.882726e-06,4.441363e-05,0
13165.0,13170.0,13167.5,4.876806e-06,2.438403e-05,0
13170.0,13175.0,13172.5,6.332242e-06,3.166121e-05,0
13175.0,13180.0,13177.5,4.813112e-06,2.406556e-05,0
13180.0,13185.0,13182.5,8.829382e-06,4.414691e-05,0
13185.0,13190.0,13187.5,6.398628e-06,3.199314e-05,0
13190.0,13195.0,13192.5,4.787588e-06,2.393794e-05,0
13195.0,13200.0,13197.5,1.228728e-06,6.14364e-06,0
13205.0,13210.0,13207.5,7.57513e-06,3.787565e-05,0
13210.0,13215.0,13212.5,1.1137614e-05,5.568807e-05,0
13215.0,13220.0,13217.5,4.89333e-06,2.446665e-05,0
13220.0,13225.0,13222.5,3.920292e-06,1.960146e-05,0
13225.0,13230.0,13227.5,1.3039444e-05,6.519722e-05,0
13230.0,13235.0,13232.5,5.225604e-06,2.612802e-05,0
13235.0,13240.0,13237.5,6.081338e-06,3.040669e-05,0
13240.0,13245.0,13242.5,3.748014e-06,1.874007e-05,0
13245.0,13250.0,13247.5,4.88352e-06,2.44176e-05,0
13250.0,13255.0,13252.5,7.7528e-06,3.8764e-05,0
13255.0,13260.0,13257.5,1.183572e-06,5.91786e-06,0
13260.0,13265.0,13262.5,7.577166e-06,3.788583e-05,0
13265.0,13270.0,13267.5,4.976384e-06,2.488192e-05,0
13270.0,13275.0,13272.5,7.521252e-06,3.760626e-05,0
13275.0,13280.0,13277.5,3.809336e-06,1.904668e-05,0
13280.0,13285.0,13282.5,7.426056e-06,3.713028e-05,0
13285.0,13290.0,13287.5,7.660676e-06,3.830338e-05,0
13290.0,13295.0,13292.5,6.511914e-06,3.255957e-05,0
13295.0,13300.0,13297.5,7.057492e-06,3.528746e-05,0
13300.0,13305.0,13302.5,2.550906e-06,1.275453e-05,0
13305.0,13310.0,13307.5,5.191412e-06,2.595706e-05,0
13310.0,13315.0,13312.5,3.853896e-06,1.926948e-05,0
13315.0,13320.0,13317.5,1.21374e-06,6.0687e-06,0
13320.0,13325.0,13322.5,4.81957e-06,2.409785e-05,0
13325.0,13330.0,13327.5,2.45384e-06,1.22692e-05,0
13330.0,13335.0,13332.5,1.1545986e-05,5.772993e-05,0
13335.0,13340.0,13337.5,7.563574e-06,3.781787e-05,0
13340.0,13345.0,13342.5,5.112294e-06,2.556147e-05,0
13345.0,13350.0,13347.5,4.961754e-06,2.480877e-05,0
13350.0,13355.0,13352.5,5.042698e-06,2.521349e-05,0
13355.0,13360.0,13357.5,8.924596e-06,4.462298e-05,0
13360.0,13365.0,13362.5,7.456106e-06,3.728053e-05,0
13365.0,13370.0,13367.5,9.90554e-06,4.95277e-05,0
13370.0,13375.0,13372.5,3.857912e-06,1.928956e-05,0
13375.0,13380.0,13377.5,2.42748e-06,1.21374e-05,0
13380.0,13385.0,13382.5,5.007568e-06,2.503784e-05,0
13385.0,13390.0,13387.5,1.14837e-06,5.74185e-06,0
13390.0,13395.0,13392.5,6.415284e-06,3.207642e-05,0
13395.0,13400.0,13397.5,3.7451e-06,1.87255e-05,0
13400.0,13405.0,13402.5,8.690644e-06,4.345322e-05,0
13405.0,13410.0,13407.5,1.0146562e-05,5.073281e-05,0
13410.0,13415.0,13412.5,3.63887e-06,1.819435e-05,0
13415.0,13420.0,13417.5,2.375288e-06,1.187644e-05,0
13420.0,13425.0,13422.5,8.969748e-06,4.484874e-05,0
13425.0,13430.0,13427.5,5.06415e-06,2.532075e-05,0
13430.0,13435.0,13432.5,7.548806e-06,3.774403e-05,0
13435.0,13440.0,13437.5,7.536324e-06,3.768162e-05,0
13440.0,13445.0,13442.5,3.853896e-06,1.926948e-05,0
13445.0,13450.0,13447.5,7.535082e-06,3.767541e-05,0
13450.0,13455.0,13452.5,1.183572e-06,5.91786e-06,0
13455.0,13460.0,13457.5,1.0087018e-05,5.043509e-05,0
13460.0,13465.0,13462.5,8.764708e-06,4.382354e-05,0
13465.0,13470.0,13467.5,2.485536e-06,1.242768e-05,0
13470.0,13475.0,13472.5,9.916546e-06,4.958273e-05,0
13475.0,13480.0,13477.5,1.0067792e-05,5.033896e-05,0
13480.0,13485.0,13482.5,7.720542e-06,3.860271e-05,0
13485.0,13490.0,13487.5,7.335942e-06,3.667971e-05,0
13490.0,13495.0,13492.5,5.10252e-06,2.55126e-05,0
13495.0,13500.0,13497.5,3.991176e-06,1.995588e-05,0
13500.0,13505.0,13502.5,4.90146e-06,2.45073e-05,0
13505.0,13510.0,13507.5,7.42626e-06,3.71313e-05,0
13510.0,13515.0,13512.5,3.639218e-06,1.819609e-05,0
13515.0,13520.0,13517.5,3.699092e-06,1.849546e-05,0
13520.0,13525.0,13522.5,2.54654e-06,1.27327e-05,0
13525.0,13530.0,13527.5,3.655742e-06,1.827871e-05,0
13530.0,13535.0,13532.5,1.124412e-05,5.62206e-05,0
13535.0,13540.0,13537.5,7.593962e-06,3.796981e-05,0
13540.0,13545.0,13542.5,4.673828e-06,2.336914e-05,0
13545.0,13550.0,13547.5,8.496866e-06,4.248433e-05,0
13550.0,13555.0,13552.5,6.251534e-06,3.125767e-05,0
13555.0,13560.0,13557.5,4.00749e-06,2.003745e-05,0
13560.0,13565.0,13562.5,4.955006e-06,2.477503e-05,0
13565.0,13570.0,13567.5,1.316136e-06,6.58068e-06,0
13570.0,13575.0,13572.5,3.728436e-06,1.864218e-05,0
13575.0,13580.0,13577.5,3.656208e-06,1.828104e-05,0
13580.0,13585.0,13582.5,6.469666e-06,3.234833e-05,0
13585.0,13590.0,13587.5,8.539056e-06,4.269528e-05,0
13590.0,13595.0,13592.5,5.12597e-06,2.562985e-05,0
13595.0,13600.0,13597.5,7.465274e-06,3.732637e-05,0
13600.0,13605.0,13602.5,1.337166e-06,6.68583e-06,0
13605.0,13610.0,13607.5,3.788446e-06,1.894223e-05,0
13610.0,13615.0,13612.5,6.573734e-06,3.286867e-05,0
13615.0,13620.0,13617.5,7.444048e-06,3.722024e-05,0
13620.0,13625.0,13622.5,1.124452e-05,5.62226e-05,0
13625.0,13630.0,13627.5,5.248376e-06,2.624188e-05,0
13630.0,13635.0,13632.5,2.42748e-06,1.21374e-05,0
13635.0,13640.0,13637.5,5.241308e-06,2.620654e-05,0
13640.0,13645.0,13642.5,4.83931e-06,2.419655e-05,0
13645.0,13650.0,13647.5,1.183572e-06,5.91786e-06,0
13650.0,13655.0,13652.5,9.726476e-06,4.863238e-05,0
13655.0,13660.0,13657.5,8.71571e-06,4.357855e-05,0
13660.0,13665.0,13662.5,3.642564e-06,1.821282e-05,0
13665.0,13670.0,13667.5,3.758604e-06,1.879302e-05,0
13670.0,13675.0,13672.5,4.012206e-06,2.006103e-05,0
13675.0,13680.0,13677.5,3.809336e-06,1.904668e-05,0
13680.0,13685.0,13682.5,2.520738e-06,1.260369e-05,0
13685.0,13690.0,13687.5,3.779992e-06,1.889996e-05,0
13690.0,13695.0,13692.5,3.809336e-06,1.904668e-05,0
13695.0,13700.0,13697.5,8.934062e-06,4.467031e-05,0
13700.0,13705.0,13702.5,2.36211e-06,1.181055e-05,0
13705.0,13710.0,13707.5,4.95884e-06,2.47942e-05,0
13710.0,13715.0,13712.5,6.207592e-06,3.103796e-05,0
13715.0,13720.0,13717.5,6.252234e-06,3.126117e-05,0
13720.0,13725.0,13722.5,5.218094e-06,2.609047e-05,0
13725.0,13730.0,13727.5,2.529876e-06,1.264938e-05,0
13730.0,13735.0,13732.5,6.47696e-06,3.23848e-05,0
13735.0,13740.0,13737.5,1.3609158e-05,6.804579e-05,0
13740.0,13745.0,13742.5,6.342698e-06,3.171349e-05,0
13745.0,13750.0,13747.5,6.313908e-06,3.156954e-05,0
13750.0,13755.0,13752.5,1.3328e-06,6.664e-06,0
13755.0,13760.0,13757.5,7.493104e-06,3.746552e-05,0
13760.0,13765.0,13762.5,6.383018e-06,3.191509e-05,0
13765.0,13770.0,13767.5,2.41049e-06,1.205245e-05,0
13770.0,13775.0,13772.5,2.458992e-06,1.229496e-05,0
13775.0,13780.0,13777.5,2.47398e-06,1.23699e-05,0
13780.0,13785.0,13782.5,4.99942e-06,2.49971e-05,0
13785.0,13790.0,13787.5,2.653302e-06,1.326651e-05,0
13790.0,13795.0,13792.5,8.556398e-06,4.278199e-05,0
13795.0,13800.0,13797.5,3.797306e-06,1.898653e-05,0
13800.0,13805.0,13802.5,1.316136e-06,6.58068e-06,0
13805.0,13810.0,13807.5,7.549968e-06,3.774984e-05,0
13810.0,13815.0,13812.5,3.748014e-06,1.874007e-05,0
13815.0,13820.0,13817.5,5.047282e-06,2.523641e-05,0
13820.0,13825.0,13822.5,7.441044e-06,3.720522e-05,0
13825.0,13830.0,13827.5,9.922204e-06,4.961102e-05,0
13830.0,13835.0,13832.5,4.923638e-06,2.461819e-05,0
13835.0,13840.0,13837.5,6.109766e-06,3.054883e-05,0
13840.0,13845.0,13842.5,8.74177e-06,4.370885e-05,0
13845.0,13850.0,13847.5,9.000872e-06,4.500436e-05,0
13850.0,13855.0,13852.5,1.226918e-06,6.13459e-06,0
13855.0,13860.0,13857.5,4.921828e-06,2.460914e-05,0
13860.0,13865.0,13862.5,4.002766e-06,2.001383e-05,0
13865.0,13870.0,13867.5,4.852958e-06,2.426479e-05,0
13870.0,13875.0,13872.5,1.260379e-05,6.301895e-05,0
13875.0,13880.0,13877.5,4.905164e-06,2.452582e-05,0
13880.0,13885.0,13882.5,9.02766e-06,4.51383e-05,0
13885.0,13890.0,13887.5,8.482358e-06,4.241179e-05,0
13890.0,13895.0,13892.5,2.458992e-06,1.229496e-05,0
13895.0,13900.0,13897.5,6.182068e-06,3.091034e-05,0
13900.0,13905.0,13902.5,7.864132e-06,3.932066e-05,0
13905.0,13910.0,13907.5,2.36211e-06,1.181055e-05,0
13910.0,13915.0,13912.5,3.861008e-06,1.930504e-05,0
13915.0,13920.0,13917.5,6.123734e-06,3.061867e-05,0
13920.0,13925.0,13922.5,5.13483e-06,2.567415e-05,0
13925.0,13930.0,13927.5,6.278946e-06,3.139473e-05,0
13930.0,13935.0,13932.5,7.681012e-06,3.840506e-05,0
13935.0,13940.0,13937.5,6.236296e-06,3.118148e-05,0
13940.0,13945.0,13942.5,2.375288e-06,1.187644e-05,0
13945.0,13950.0,13947.5,6.448148e-06,3.224074e-05,0
13950.0,13955.0,13952.5,2.47217e-06,1.236085e-05,0
13955.0,13960.0,13957.5,6.302012e-06,3.151006e-05,0
13960.0,13965.0,13962.5,8.892286e-06,4.446143e-05,0
13965.0,13970.0,13967.5,7.359062e-06,3.679531e-05,0
13970.0,13975.0,13972.5,4.970212e-06,2.485106e-05,0
13975.0,13980.0,13977.5,4.862992e-06,2.431496e-05,0
13980.0,13985.0,13982.5,8.877648e-06,4.438824e-05,0
13985.0,13990.0,13987.5,8.91842e-06,4.45921e-05,0
13990.0,13995.0,13992.5,6.23536e-06,3.11768e-05,0
13995.0,14000.0,13997.5,6.064892e-06,3.032446e-05,0
14000.0,14005.0,14002.5,3.818694e-06,1.909347e-05,0
14005.0,14010.0,14007.5,2.550906e-06,1.275453e-05,0
14010.0,14015.0,14012.5,3.880578e-06,1.940289e-05,0
14015.0,14020.0,14017.5,1.337166e-06,6.68583e-06,0
14020.0,14025.0,14022.5,2.65366e-06,1.32683e-05,0
14025.0,14030.0,14027.5,7.533168e-06,3.766584e-05,0
14035.0,14040.0,14037.5,3.896884e-06,1.948442e-05,0
14040.0,14045.0,14042.5,2.670324e-06,1.335162e-05,0
14045.0,14050.0,14047.5,2.36714e-06,1.18357e-05,0
14050.0,14055.0,14052.5,3.898694e-06,1.949347e-05,0
14055.0,14060.0,14057.5,7.341984e-06,3.670992e-05,0
14060.0,14065.0,14062.5,1.108616e-05,5.54308e-05,0
14065.0,14070.0,14067.5,3.708088e-06,1.854044e-05,0
14070.0,14075.0,14072.5,5.219554e-06,2.609777e-05,0
14075.0,14080.0,14077.5,7.76812e-06,3.88406e-05,0
14080.0,14085.0,14082.5,2.564442e-06,1.282221e-05,0
14085.0,14090.0,14087.5,6.311212e-06,3.155606e-05,0
14090.0,14095.0,14092.5,6.133972e-06,3.066986e-05,0
14095.0,14100.0,14097.5,8.745606e-06,4.372803e-05,0
14100.0,14105.0,14102.5,3.796158e-06,1.898079e-05,0
14105.0,14110.0,14107.5,8.69101e-06,4.345505e-05,0
14110.0,14115.0,14112.5,7.276748e-06,3.638374e-05,0
14115.0,14120.0,14117.5,2.42748e-06,1.21374e-05,0
14120.0,14125.0,14122.5,7.53522e-06,3.76761e-05,0
14125.0,14130.0,14127.5,9.701406e-06,4.850703e-05,0
14130.0,14135.0,14132.5,5.328342e-06,2.664171e-05,0
14135.0,14140.0,14137.5,1.226918e-06,6.13459e-06,0
14140.0,14145.0,14142.5,4.940366e-06,2.470183e-05,0
14145.0,14150.0,14147.5,3.877532e-06,1.938766e-05,0
14150.0,14155.0,14152.5,2.521096e-06,1.260548e-05,0
14155.0,14160.0,14157.5,7.435452e-06,3.717726e-05,0
14165.0,14170.0,14167.5,3.702712e-06,1.851356e-05,0
14170.0,14175.0,14172.5,6.271498e-06,3.135749e-05,0
14175.0,14180.0,14177.5,3.80203e-06,1.901015e-05,0
14180.0,14185.0,14182.5,4.852958e-06,2.426479e-05,0
14185.0,14190.0,14187.5,6.323008e-06,3.161504e-05,0
14190.0,14195.0,14192.5,2.485894e-06,1.242947e-05,0
14195.0,14200.0,14197.5,3.769976e-06,1.884988e-05,0
14200.0,14205.0,14202.5,2.47217e-06,1.236085e-05,0
14205.0,14210.0,14207.5,3.8233e-06,1.91165e-05,0
14210.0,14215.0,14212.5,7.546998e-06,3.773499e-05,0
14215.0,14220.0,14217.5,3.713448e-06,1.856724e-05,0
14220.0,14225.0,14222.5,3.62604e-06,1.81302e-05,0
14225.0,14230.0,14227.5,5.31926e-06,2.65963e-05,0
14230.0,14235.0,14232.5,9.806016e-06,4.903008e-05,0
14235.0,14240.0,14237.5,2.377098e-06,1.188549e-05,0
14240.0,14245.0,14242.5,3.639218e-06,1.819609e-05,0
14245.0,14250.0,14247.5,7.51797e-06,3.758985e-05,0
14250.0,14255.0,14252.5,4.874996e-06,2.437498e-05,0
14255.0,14260.0,14257.5,3.901608e-06,1.950804e-05,0
14260.0,14265.0,14262.5,1.245252e-06,6.22626e-06,0
14265.0,14270.0,14267.5,6.567208e-06,3.283604e-05,0
14270.0,14275.0,14272.5,7.826176e-06,3.913088e-05,0
14275.0,14280.0,14277.5,4.851082e-06,2.425541e-05,0
14280.0,14285.0,14282.5,3.771782e-06,1.885891e-05,0
14285.0,14290.0,14287.5,2.529876e-06,1.264938e-05,0
14290.0,14295.0,14292.5,6.379724e-06,3.189862e-05,0
14295.0,14300.0,14297.5,1.21374e-06,6.0687e-06,0
14300.0,14305.0,14302.5,5.210332e-06,2.605166e-05,0
14305.0,14310.0,14307.5,2.377098e-06,1.188549e-05,0
14310.0,14315.0,14312.5,7.687358e-06,3.843679e-05,0
14315.0,14320.0,14317.5,5.144304e-06,2.572152e-05,0
14320.0,14325.0,14322.5,1.3892782e-05,6.946391e-05,0
14325.0,14330.0,14327.5,5.14677e-06,2.573385e-05,0
14330.0,14335.0,14332.5,5.16554e-06,2.58277e-05,0
14335.0,14340.0,14337.5,3.858612e-06,1.929306e-05,0
14340.0,14345.0,14342.5,1.1565432e-05,5.782716e-05,0
14345.0,14350.0,14347.5,2.440658e-06,1.220329e-05,0
14350.0,14355.0,14352.5,3.82341e-06,1.911705e-05,0
14355.0,14360.0,14357.5,3.62235e-06,1.811175e-05,0
14360.0,14365.0,14362.5,6.217126e-06,3.108563e-05,0
14365.0,14370.0,14367.5,3.669466e-06,1.834733e-05,0
14370.0,14375.0,14372.5,6.066716e-06,3.033358e-05,0
14375.0,14380.0,14377.5,4.967064e-06,2.483532e-05,0
14380.0,14385.0,14382.5,3.986102e-06,1.993051e-05,0
14385.0,14390.0,14387.5,6.150556e-06,3.075278e-05,0
14390.0,14395.0,14392.5,4.896384e-06,2.448192e-05,0
14395.0,14400.0,14397.5,6.261468e-06,3.130734e-05,0
14400.0,14405.0,14402.5,3.749466e-06,1.874733e-05,0
14405.0,14410.0,14407.5,1.337524e-06,6.68762e-06,0
14410.0,14415.0,14412.5,2.521096e-06,1.260548e-05,0
14415.0,14420.0,14417.5,2.564442e-06,1.282221e-05,0
14420.0,14425.0,14422.5,6.17877e-06,3.089385e-05,0
14425.0,14430.0,14427.5,7.327014e-06,3.663507e-05,0
14430.0,14435.0,14432.5,5.020442e-06,2.510221e-05,0
14435.0,14440.0,14437.5,3.779992e-06,1.889996e-05,0
14445.0,14450.0,14447.5,4.928004e-06,2.464002e-05,0
14450.0,14455.0,14452.5,4.990208e-06,2.495104e-05,0
14455.0,14460.0,14457.5,3.657552e-06,1.828776e-05,0
14460.0,14465.0,14462.5,6.2356e-06,3.1178e-05,0
14465.0,14470.0,14467.5,4.00749e-06,2.003745e-05,0
14470.0,14475.0,14472.5,7.592154e-06,3.796077e-05,0
14475.0,14480.0,14477.5,7.706582e-06,3.853291e-05,0
14480.0,14485.0,14482.5,5.144304e-06,2.572152e-05,0
14485.0,14490.0,14487.5,4.91436e-06,2.45718e-05,0
14490.0,14495.0,14492.5,4.882848e-06,2.441424e-05,0
14495.0,14500.0,14497.5,6.292172e-06,3.146086e-05,0
14500.0,14505.0,14502.5,4.012206e-06,2.006103e-05,0
14510.0,14515.0,14512.5,6.445452e-06,3.222726e-05,0
14515.0,14520.0,14517.5,2.582418e-06,1.291209e-05,0
14525.0,14530.0,14527.5,2.54654e-06,1.27327e-05,0
14530.0,14535.0,14532.5,5.302246e-06,2.651123e-05,0
14535.0,14540.0,14537.5,3.910852e-06,1.955426e-05,0
14540.0,14545.0,14542.5,7.82111e-06,3.910555e-05,0
14545.0,14550.0,14547.5,3.712812e-06,1.856406e-05,0
14550.0,14555.0,14552.5,4.862634e-06,2.431317e-05,0
14555.0,14560.0,14557.5,7.521252e-06,3.760626e-05,0
14560.0,14565.0,14562.5,1.3328e-06,6.664e-06,0
14565.0,14570.0,14567.5,2.564442e-06,1.282221e-05,0
14570.0,14575.0,14572.5,3.815852e-06,1.907926e-05,0
14575.0,14580.0,14577.5,6.290506e-06,3.145253e-05,0
14580.0,14585.0,14582.5,6.42014e-06,3.21007e-05,0
14585.0,14590.0,14587.5,4.002766e-06,2.001383e-05,0
14595.0,14600.0,14597.5,3.882388e-06,1.941194e-05,0
14600.0,14605.0,14602.5,8.58356e-06,4.29178e-05,0
14605.0,14610.0,14607.5,3.76599e-06,1.882995e-05,0
14610.0,14615.0,14612.5,2.582418e-06,1.291209e-05,0
14615.0,14620.0,14617.5,5.006982e-06,2.503491e-05,0
14620.0,14625.0,14622.5,5.03715e-06,2.518575e-05,0
14630.0,14635.0,14632.5,3.657552e-06,1.828776e-05,0
14635.0,14640.0,14637.5,1.183572e-06,5.91786e-06,0
14640.0,14645.0,14642.5,7.491068e-06,3.745534e-05,0
14645.0,14650.0,14647.5,7.393174e-06,3.696587e-05,0
14650.0,14655.0,14652.5,1.3328e-06,6.664e-06,0
14655.0,14660.0,14657.5,3.796516e-06,1.898258e-05,0
14660.0,14665.0,14662.5,3.773458e-06,1.886729e-05,0
14665.0,14670.0,14667.5,6.563486e-06,3.281743e-05,0
14670.0,14675.0,14672.5,5.14677e-06,2.573385e-05,0
14675.0,14680.0,14677.5,6.36139e-06,3.180695e-05,0
14680.0,14685.0,14682.5,5.117158e-06,2.558579e-05,0
14685.0,14690.0,14687.5,5.196364e-06,2.598182e-05,0
14690.0,14695.0,14692.5,2.428824e-06,1.214412e-05,0
14695.0,14700.0,14697.5,2.670324e-06,1.335162e-05,0
14700.0,14705.0,14702.5,7.5667e-06,3.78335e-05,0
14705.0,14710.0,14707.5,6.367924e-06,3.183962e-05,0
14710.0,14715.0,14712.5,1.21374e-06,6.0687e-06,0
14715.0,14720.0,14717.5,4.869482e-06,2.434741e-05,0
14720.0,14725.0,14722.5,4.802768e-06,2.401384e-05,0
14725.0,14730.0,14727.5,5.151494e-06,2.575747e-05,0
14730.0,14735.0,14732.5,9.00656e-06,4.50328e-05,0
14735.0,14740.0,14737.5,6.193982e-06,3.096991e-05,0
14740.0,14745.0,14742.5,5.050218e-06,2.525109e-05,0
14745.0,14750.0,14747.5,5.074748e-06,2.537374e-05,0
14750.0,14755.0,14752.5,7.51909e-06,3.759545e-05,0
14755.0,14760.0,14757.5,8.678626e-06,4.339313e-05,0
14760.0,14765.0,14762.5,4.995076e-06,2.497538e-05,0
14765.0,14770.0,14767.5,4.851082e-06,2.425541e-05,0
14770.0,14775.0,14772.5,4.942176e-06,2.471088e-05,0
14775.0,14780.0,14777.5,5.056394e-06,2.528197e-05,0
14780.0,14785.0,14782.5,3.480312e-06,1.740156e-05,0
14785.0,14790.0,14787.5,6.25651e-06,3.128255e-05,0
14790.0,14795.0,14792.5,5.13483e-06,2.567415e-05,0
14795.0,14800.0,14797.5,7.555918e-06,3.777959e-05,0
14800.0,14805.0,14802.5,3.894188e-06,1.947094e-05,0
14805.0,14810.0,14807.5,3.915218e-06,1.957609e-05,0
14810.0,14815.0,14812.5,4.77441e-06,2.387205e-05,0
14820.0,14825.0,14822.5,7.600892e-06,3.800446e-05,0
14825.0,14830.0,14827.5,6.448148e-06,3.224074e-05,0
14830.0,14835.0,14832.5,5.13777e-06,2.568885e-05,0
14835.0,14840.0,14837.5,5.191412e-06,2.595706e-05,0
14840.0,14845.0,14842.5,9.037898e-06,4.518949e-05,0
14845.0,14850.0,14847.5,2.393622e-06,1.196811e-05,0
14850.0,14855.0,14852.5,4.817756e-06,2.408878e-05,0
14855.0,14860.0,14857.5,7.505394e-06,3.752697e-05,0
14860.0,14865.0,14862.5,3.69994e-06,1.84997e-05,0
14865.0,14870.0,14867.5,4.744238e-06,2.372119e-05,0
14870.0,14875.0,14872.5,1.316136e-06,6.58068e-06,0
14875.0,14880.0,14877.5,3.81397e-06,1.906985e-05,0
14880.0,14885.0,14882.5,6.445016e-06,3.222508e-05,0
14890.0,14895.0,14892.5,3.60221e-06,1.801105e-05,0
14895.0,14900.0,14897.5,6.155938e-06,3.077969e-05,0
14900.0,14905.0,14902.5,3.57585e-06,1.787925e-05,0
14905.0,14910.0,14907.5,4.992908e-06,2.496454e-05,0
14910.0,14915.0,14912.5,8.848206e-06,4.424103e-05,0
14915.0,14920.0,14917.5,5.17882e-06,2.58941e-05,0
14920.0,14925.0,14922.5,2.464506e-06,1.232253e-05,0
14925.0,14930.0,14927.5,2.582776e-06,1.291388e-05,0
14930.0,14935.0,14932.5,2.544864e-06,1.272432e-05,0
14935.0,14940.0,14937.5,8.802194e-06,4.401097e-05,0
14940.0,14945.0,14942.5,2.464506e-06,1.232253e-05,0
14945.0,14950.0,14947.5,2.578052e-06,1.289026e-05,0
14950.0,14955.0,14952.5,3.88878e-06,1.94439e-05,0
14955.0,14960.0,14957.5,4.755732e-06,2.377866e-05,0
14960.0,14965.0,14962.5,8.862118e-06,4.431059e-05,0
14965.0,14970.0,14967.5,7.267274e-06,3.633637e-05,0
14970.0,14975.0,14972.5,6.155352e-06,3.077676e-05,0
14975.0,14980.0,14977.5,1.3328e-06,6.664e-06,0
14980.0,14985.0,14982.5,4.905164e-06,2.452582e-05,0
14985.0,14990.0,14987.5,5.34938e-06,2.67469e-05,0
14990.0,14995.0,14992.5,2.582776e-06,1.291388e-05,0
14995.0,15000.0,14997.5,6.462906e-06,3.231453e-05,0
15000.0,15005.0,15002.5,3.779992e-06,1.889996e-05,0
15005.0,15010.0,15007.5,7.412394e-06,3.706197e-05,0
15010.0,15015.0,15012.5,1.226918e-06,6.13459e-06,0
15015.0,15020.0,15017.5,7.634214e-06,3.817107e-05,0
15020.0,15025.0,15022.5,6.27434e-06,3.13717e-05,0
15025.0,15030.0,15027.5,1.0198908e-05,5.099454e-05,0
15030.0,15035.0,15032.5,3.749466e-06,1.874733e-05,0
15035.0,15040.0,15037.5,6.326392e-06,3.163196e-05,0
15040.0,15045.0,15042.5,3.594058e-06,1.797029e-05,0
15045.0,15050.0,15047.5,1.14837e-06,5.74185e-06,0
15050.0,15055.0,15052.5,8.704288e-06,4.352144e-05,0
15055.0,15060.0,15057.5,2.551264e-06,1.275632e-05,0
15060.0,15065.0,15062.5,1.337166e-06,6.68583e-06,0
15065.0,15070.0,15067.5,5.160466e-06,2.580233e-05,0
15070.0,15075.0,15072.5,4.00749e-06,2.003745e-05,0
15075.0,15080.0,15077.5,3.648078e-06,1.824039e-05,0
15080.0,15085.0,15082.5,3.771782e-06,1.885891e-05,0
15085.0,15090.0,15087.5,3.858612e-06,1.929306e-05,0
15090.0,15095.0,15092.5,2.648936e-06,1.324468e-05,0
15100.0,15105.0,15102.5,4.896384e-06,2.448192e-05,0
15105.0,15110.0,15107.5,3.734836e-06,1.867418e-05,0
15110.0,15115.0,15112.5,3.69994e-06,1.84997e-05,0
15115.0,15120.0,15117.5,2.564442e-06,1.282221e-05,0
15120.0,15125.0,15122.5,1.316136e-06,6.58068e-06,0
15125.0,15130.0,15127.5,4.928362e-06,2.464181e-05,0
15130.0,15135.0,15132.5,5.195476e-06,2.597738e-05,0
15135.0,15140.0,15137.5,3.76599e-06,1.882995e-05,0
15140.0,15145.0,15142.5,1.278887e-05,6.394435e-05,0
15145.0,15150.0,15147.5,3.639218e-06,1.819609e-05,0
15150.0,15155.0,15152.5,5.130686e-06,2.565343e-05,0
15155.0,15160.0,15157.5,2.47398e-06,1.23699e-05,0
15160.0,15165.0,15162.5,7.317182e-06,3.658591e-05,0
15165.0,15170.0,15167.5,1.316136e-06,6.58068e-06,0
15170.0,15175.0,15172.5,3.82306e-06,1.91153e-05,0
15180.0,15185.0,15182.5,1.245252e-06,6.22626e-06,0
15185.0,15190.0,15187.5,5.134472e-06,2.567236e-05,0
15190.0,15195.0,15192.5,6.251804e-06,3.125902e-05,0
15195.0,15200.0,15197.5,3.96508e-06,1.98254e-05,0
15200.0,15205.0,15202.5,1.3328e-06,6.664e-06,0
15205.0,15210.0,15207.5,5.191998e-06,2.595999e-05,0
15210.0,15215.0,15212.5,5.238782e-06,2.619391e-05,0
15215.0,15220.0,15217.5,6.23454e-06,3.11727e-05,0
15220.0,15225.0,15222.5,6.327374e-06,3.163687e-05,0
15225.0,15230.0,15227.5,1.316136e-06,6.58068e-06,0
15230.0,15235.0,15232.5,2.331942e-06,1.165971e-05,0
15235.0,15240.0,15237.5,4.853034e-06,2.426517e-05,0
15240.0,15245.0,15242.5,3.731146e-06,1.865573e-05,0
15245.0,15250.0,15247.5,1.14837e-06,5.74185e-06,0
15250.0,15255.0,15252.5,7.412328e-06,3.706164e-05,0
15255.0,15260.0,15257.5,2.670324e-06,1.335162e-05,0
15260.0,15265.0,15262.5,1.245252e-06,6.22626e-06,0
15265.0,15270.0,15267.5,3.792812e-06,1.896406e-05,0
15270.0,15275.0,15272.5,1.031606e-05,5.15803e-05,0
15275.0,15280.0,15277.5,3.792812e-06,1.896406e-05,0
15285.0,15290.0,15287.5,7.55512e-06,3.77756e-05,0
15290.0,15295.0,15292.5,2.375288e-06,1.187644e-05,0
15295.0,15300.0,15297.5,3.607362e-06,1.803681e-05,0
15300.0,15305.0,15302.5,2.375288e-06,1.187644e-05,0
15305.0,15310.0,15307.5,3.901258e-06,1.950629e-05,0
15310.0,15315.0,15312.5,6.105726e-06,3.052863e-05,0
15320.0,15325.0,15322.5,1.183572e-06,5.91786e-06,0
15325.0,15330.0,15327.5,8.895332e-06,4.447666e-05,0
15330.0,15335.0,15332.5,1.183572e-06,5.91786e-06,0
15335.0,15340.0,15337.5,6.28795e-06,3.143975e-05,0
15340.0,15345.0,15342.5,6.046564e-06,3.023282e-05,0
15345.0,15350.0,15347.5,3.730788e-06,1.865394e-05,0
15350.0,15355.0,15352.5,2.331942e-06,1.165971e-05,0
15355.0,15360.0,15357.5,5.191062e-06,2.595531e-05,0
15360.0,15365.0,15362.5,2.582418e-06,1.291209e-05,0
15365.0,15370.0,15367.5,7.166222e-06,3.583111e-05,0
15370.0,15375.0,15372.5,2.582418e-06,1.291209e-05,0
15375.0,15380.0,15377.5,1.316136e-06,6.58068e-06,0
15380.0,15385.0,15382.5,3.655742e-06,1.827871e-05,0
15385.0,15390.0,15387.5,5.323626e-06,2.661813e-05,0
15390.0,15395.0,15392.5,7.4409e-06,3.72045e-05,0
15395.0,15400.0,15397.5,1.3328e-06,6.664e-06,0
15400.0,15405.0,15402.5,1.14837e-06,5.74185e-06,0
15405.0,15410.0,15407.5,2.29674e-06,1.14837e-05,0
15410.0,15415.0,15412.5,2.669966e-06,1.334983e-05,0
15415.0,15420.0,15417.5,2.485894e-06,1.242947e-05,0
15420.0,15425.0,15422.5,3.990826e-06,1.995413e-05,0
15425.0,15430.0,15427.5,4.85764e-06,2.42882e-05,0
15430.0,15435.0,15432.5,5.032434e-06,2.516217e-05,0
15435.0,15440.0,15437.5,3.55886e-06,1.77943e-05,0
15440.0,15445.0,15442.5,2.485536e-06,1.242768e-05,0
15445.0,15450.0,15447.5,3.699634e-06,1.849817e-05,0
15450.0,15455.0,15452.5,1.337166e-06,6.68583e-06,0
15455.0,15460.0,15457.5,1.337524e-06,6.68762e-06,0
15460.0,15465.0,15462.5,3.915576e-06,1.957788e-05,0
15465.0,15470.0,15467.5,2.521096e-06,1.260548e-05,0
15470.0,15475.0,15472.5,2.520738e-06,1.260369e-05,0
15475.0,15480.0,15477.5,2.582776e-06,1.291388e-05,0
15480.0,15485.0,15482.5,4.985602e-06,2.492801e-05,0
15485.0,15490.0,15487.5,3.480312e-06,1.740156e-05,0
15490.0,15495.0,15492.5,3.74329e-06,1.871645e-05,0
15495.0,15500.0,15497.5,4.993266e-06,2.496633e-05,0
15500.0,15505.0,15502.5,2.564442e-06,1.282221e-05,0
15505.0,15510.0,15507.5,1.14837e-06,5.74185e-06,0
15510.0,15515.0,15512.5,2.67434e-06,1.33717e-05,0
15515.0,15520.0,15517.5,6.358316e-06,3.179158e-05,0
15520.0,15525.0,15522.5,5.045612e-06,2.522806e-05,0
15525.0,15530.0,15527.5,2.54654e-06,1.27327e-05,0
15530.0,15535.0,15532.5,2.561528e-06,1.280764e-05,0
15535.0,15540.0,15537.5,5.117508e-06,2.558754e-05,0
15540.0,15545.0,15542.5,1.245252e-06,6.22626e-06,0
15545.0,15550.0,15547.5,1.125708e-05,5.62854e-05,0
15550.0,15555.0,15552.5,1.3328e-06,6.664e-06,0
15555.0,15560.0,15557.5,6.364692e-06,3.182346e-05,0
15560.0,15565.0,15562.5,2.521096e-06,1.260548e-05,0
15565.0,15570.0,15567.5,1.316136e-06,6.58068e-06,0
15570.0,15575.0,15572.5,2.440658e-06,1.220329e-05,0
15575.0,15580.0,15577.5,3.990476e-06,1.995238e-05,0
15580.0,15585.0,15582.5,1.183572e-06,5.91786e-06,0
15585.0,15590.0,15587.5,6.257676e-06,3.128838e-05,0
15595.0,15600.0,15597.5,2.559718e-06,1.279859e-05,0
15600.0,15605.0,15602.5,3.717418e-06,1.858709e-05,0
15605.0,15610.0,15607.5,3.766348e-06,1.883174e-05,0
15610.0,15615.0,15612.5,6.33442e-06,3.16721e-05,0
15615.0,15620.0,15617.5,5.234408e-06,2.617204e-05,0
15620.0,15625.0,15622.5,2.582776e-06,1.291388e-05,0
15625.0,15630.0,15627.5,3.88203e-06,1.941015e-05,0
15630.0,15635.0,15632.5,2.67469e-06,1.337345e-05,0
15635.0,15640.0,15637.5,6.270492e-06,3.135246e-05,0
15640.0,15645.0,15642.5,3.901958e-06,1.950979e-05,0
15645.0,15650.0,15647.5,5.195778e-06,2.597889e-05,0
15650.0,15655.0,15652.5,6.384696e-06,3.192348e-05,0
15655.0,15660.0,15657.5,2.67504e-06,1.33752e-05,0
15660.0,15665.0,15662.5,2.551264e-06,1.275632e-05,0
15665.0,15670.0,15667.5,1.245252e-06,6.22626e-06,0
15670.0,15675.0,15672.5,5.107142e-06,2.553571e-05,0
15675.0,15680.0,15677.5,3.862676e-06,1.931338e-05,0
15680.0,15685.0,15682.5,6.266052e-06,3.133026e-05,0
15685.0,15690.0,15687.5,6.36995e-06,3.184975e-05,0
15690.0,15695.0,15692.5,1.316136e-06,6.58068e-06,0
15695.0,15700.0,15697.5,3.897242e-06,1.948621e-05,0
15700.0,15705.0,15702.5,2.561528e-06,1.280764e-05,0
15705.0,15710.0,15707.5,3.730788e-06,1.865394e-05,0
15710.0,15715.0,15712.5,1.245252e-06,6.22626e-06,0
15715.0,15720.0,15717.5,3.969804e-06,1.984902e-05,0
15720.0,15725.0,15722.5,2.54654e-06,1.27327e-05,0
15725.0,15730.0,15727.5,4.70904e-06,2.35452e-05,0
15730.0,15735.0,15732.5,6.180262e-06,3.090131e-05,0
15735.0,15740.0,15737.5,6.077038e-06,3.038519e-05,0
15740.0,15745.0,15742.5,5.248018e-06,2.624009e-05,0
15745.0,15750.0,15747.5,1.337166e-06,6.68583e-06,0
15750.0,15755.0,15752.5,4.861818e-06,2.430909e-05,0
15755.0,15760.0,15757.5,2.29674e-06,1.14837e-05,0
15760.0,15765.0,15762.5,5.15621e-06,2.578105e-05,0
15765.0,15770.0,15767.5,3.779992e-06,1.889996e-05,0
15770.0,15775.0,15772.5,3.712454e-06,1.856227e-05,0
15775.0,15780.0,15777.5,2.670324e-06,1.335162e-05,0
15780.0,15785.0,15782.5,3.714622e-06,1.857311e-05,0
15785.0,15790.0,15787.5,3.726626e-06,1.863313e-05,0
15795.0,15800.0,15797.5,1.0013292e-05,5.006646e-05,0
15800.0,15805.0,15802.5,3.74329e-06,1.871645e-05,0
15805.0,15810.0,15807.5,3.55886e-06,1.77943e-05,0
15810.0,15815.0,15812.5,1.226918e-06,6.13459e-06,0
15815.0,15820.0,15817.5,6.406084e-06,3.203042e-05,0
15820.0,15825.0,15822.5,5.15586e-06,2.57793e-05,0
15825.0,15830.0,15827.5,2.499708e-06,1.249854e-05,0
15830.0,15835.0,15832.5,6.635404e-06,3.317702e-05,0
15835.0,15840.0,15837.5,3.884064e-06,1.942032e-05,0
15840.0,15845.0,15842.5,2.48117e-06,1.240585e-05,0
15845.0,15850.0,15847.5,6.141278e-06,3.070639e-05,0
15850.0,15855.0,15852.5,1.3328e-06,6.664e-06,0
15855.0,15860.0,15857.5,3.78065e-06,1.890325e-05,0
15860.0,15865.0,15862.5,2.499708e-06,1.249854e-05,0
15865.0,15870.0,15867.5,2.566252e-06,1.283126e-05,0
15870.0,15875.0,15872.5,5.196364e-06,2.598182e-05,0
15875.0,15880.0,15877.5,3.612392e-06,1.806196e-05,0
15880.0,15885.0,15882.5,1.316136e-06,6.58068e-06,0
15885.0,15890.0,15887.5,2.564442e-06,1.282221e-05,0
15890.0,15895.0,15892.5,3.788306e-06,1.894153e-05,0
15895.0,15900.0,15897.5,1.245252e-06,6.22626e-06,0
15905.0,15910.0,15907.5,1.14837e-06,5.74185e-06,0
15910.0,15915.0,15912.5,6.681824e-06,3.340912e-05,0
15920.0,15925.0,15922.5,3.884064e-06,1.942032e-05,0
15925.0,15930.0,15927.5,4.941182e-06,2.470591e-05,0
15930.0,15935.0,15932.5,9.133312e-06,4.566656e-05,0
15935.0,15940.0,15937.5,3.773458e-06,1.886729e-05,0
15940.0,15945.0,15942.5,1.337524e-06,6.68762e-06,0
15945.0,15950.0,15947.5,3.7451e-06,1.87255e-05,0
15950.0,15955.0,15952.5,4.83978e-06,2.41989e-05,0
15955.0,15960.0,15957.5,3.726422e-06,1.863211e-05,0
15960.0,15965.0,15962.5,3.897242e-06,1.948621e-05,0
15965.0,15970.0,15967.5,1.316136e-06,6.58068e-06,0
15970.0,15975.0,15972.5,1.3328e-06,6.664e-06,0
15975.0,15980.0,15977.5,7.791072e-06,3.895536e-05,0
15980.0,15985.0,15982.5,3.791364e-06,1.895682e-05,0
15985.0,15990.0,15987.5,7.522502e-06,3.761251e-05,0
15990.0,15995.0,15992.5,8.85081e-06,4.425405e-05,0
15995.0,16000.0,15997.5,2.36211e-06,1.181055e-05,0
16000.0,16005.0,16002.5,1.245252e-06,6.22626e-06,0
16005.0,16010.0,16007.5,5.102776e-06,2.551388e-05,0
16015.0,16020.0,16017.5,3.788446e-06,1.894223e-05,0
16020.0,16025.0,16022.5,6.180262e-06,3.090131e-05,0
16025.0,16030.0,16027.5,2.561528e-06,1.280764e-05,0
16030.0,16035.0,16032.5,2.48117e-06,1.240585e-05,0
16035.0,16040.0,16037.5,3.708088e-06,1.854044e-05,0
16040.0,16045.0,16042.5,1.0144292e-05,5.072146e-05,0
16045.0,16050.0,16047.5,4.961754e-06,2.480877e-05,0
16050.0,16055.0,16052.5,1.3328e-06,6.664e-06,0
16055.0,16060.0,16057.5,1.14837e-06,5.74185e-06,0
16060.0,16065.0,16062.5,2.375288e-06,1.187644e-05,0
16065.0,16070.0,16067.5,3.642564e-06,1.821282e-05,0
16070.0,16075.0,16072.5,4.896384e-06,2.448192e-05,0
16075.0,16080.0,16077.5,7.573124e-06,3.786562e-05,0
16080.0,16085.0,16082.5,3.788306e-06,1.894153e-05,0
16085.0,16090.0,16087.5,2.45384e-06,1.22692e-05,0
16090.0,16095.0,16092.5,8.844134e-06,4.422067e-05,0
16095.0,16100.0,16097.5,3.56067e-06,1.780335e-05,0
16100.0,16105.0,16102.5,6.401666e-06,3.200833e-05,0
16105.0,16110.0,16107.5,5.215188e-06,2.607594e-05,0
16110.0,16115.0,16112.5,4.976384e-06,2.488192e-05,0
16115.0,16120.0,16117.5,4.694052e-06,2.347026e-05,0
16120.0,16125.0,16122.5,2.65366e-06,1.32683e-05,0
16125.0,16130.0,16127.5,6.16031e-06,3.080155e-05,0
16130.0,16135.0,16132.5,4.83931e-06,2.419655e-05,0
16135.0,16140.0,16137.5,1.3328e-06,6.664e-06,0
16150.0,16155.0,16152.5,2.485536e-06,1.242768e-05,0
16155.0,16160.0,16157.5,2.653302e-06,1.326651e-05,0
16160.0,16165.0,16162.5,2.485894e-06,1.242947e-05,0
16165.0,16170.0,16167.5,2.648936e-06,1.324468e-05,0
16170.0,16175.0,16172.5,1.0091062e-05,5.045531e-05,0
16175.0,16180.0,16177.5,3.691424e-06,1.845712e-05,0
16180.0,16185.0,16182.5,4.852676e-06,2.426338e-05,0
16185.0,16190.0,16187.5,2.375288e-06,1.187644e-05,0
16190.0,16195.0,16192.5,2.582418e-06,1.291209e-05,0
16195.0,16200.0,16197.5,2.564442e-06,1.282221e-05,0
16200.0,16205.0,16202.5,2.521096e-06,1.260548e-05,0
16205.0,16210.0,16207.5,3.779992e-06,1.889996e-05,0
16210.0,16215.0,16212.5,1.183572e-06,5.91786e-06,0
16215.0,16220.0,16217.5,3.788306e-06,1.894153e-05,0
16220.0,16225.0,16222.5,5.08553e-06,2.542765e-05,0
16230.0,16235.0,16232.5,9.146686e-06,4.573343e-05,0
16235.0,16240.0,16237.5,4.961754e-06,2.480877e-05,0
16240.0,16245.0,16242.5,3.654398e-06,1.827199e-05,0
16245.0,16250.0,16247.5,1.226918e-06,6.13459e-06,0
16250.0,16255.0,16252.5,3.853896e-06,1.926948e-05,0
16255.0,16260.0,16257.5,3.708088e-06,1.854044e-05,0
16260.0,16265.0,16262.5,1.245252e-06,6.22626e-06,0
16265.0,16270.0,16267.5,3.714622e-06,1.857311e-05,0
16270.0,16275.0,16272.5,2.397312e-06,1.198656e-05,0
16275.0,16280.0,16277.5,1.3328e-06,6.664e-06,0
16280.0,16285.0,16282.5,2.48117e-06,1.240585e-05,0
16285.0,16290.0,16287.5,3.832508e-06,1.916254e-05,0
16290.0,16295.0,16292.5,4.959874e-06,2.479937e-05,0
16295.0,16300.0,16297.5,2.566252e-06,1.283126e-05,0
16300.0,16305.0,16302.5,6.30458e-06,3.15229e-05,0
16305.0,16310.0,16307.5,6.143446e-06,3.071723e-05,0
16310.0,16315.0,16312.5,2.428824e-06,1.214412e-05,0
16315.0,16320.0,16317.5,2.564084e-06,1.282042e-05,0
16320.0,16325.0,16322.5,1.245252e-06,6.22626e-06,0
16325.0,16330.0,16327.5,3.590838e-06,1.795419e-05,0
16330.0,16335.0,16332.5,3.749824e-06,1.874912e-05,0
16335.0,16340.0,16337.5,2.47217e-06,1.236085e-05,0
16340.0,16345.0,16342.5,2.65366e-06,1.32683e-05,0
16345.0,16350.0,16347.5,3.903768e-06,1.951884e-05,0
16350.0,16355.0,16352.5,3.82341e-06,1.911705e-05,0
16355.0,16360.0,16357.5,5.054942e-06,2.527471e-05,0
16360.0,16365.0,16362.5,3.747656e-06,1.873828e-05,0
16365.0,16370.0,16367.5,1.3328e-06,6.664e-06,0
16370.0,16375.0,16372.5,3.730112e-06,1.865056e-05,0
16375.0,16380.0,16377.5,6.358044e-06,3.179022e-05,0
16380.0,16385.0,16382.5,3.66758e-06,1.83379e-05,0
16385.0,16390.0,16387.5,1.3328e-06,6.664e-06,0
16390.0,16395.0,16392.5,2.670324e-06,1.335162e-05,0
16395.0,16400.0,16397.5,4.958064e-06,2.479032e-05,0
16400.0,16405.0,16402.5,2.48117e-06,1.240585e-05,0
16405.0,16410.0,16407.5,6.336944e-06,3.168472e-05,0
16410.0,16415.0,16412.5,1.183572e-06,5.91786e-06,0
16415.0,16420.0,16417.5,2.582776e-06,1.291388e-05,0
16420.0,16425.0,16422.5,3.51551e-06,1.757755e-05,0
16425.0,16430.0,16427.5,1.245252e-06,6.22626e-06,0
16435.0,16440.0,16437.5,5.063946e-06,2.531973e-05,0
16440.0,16445.0,16442.5,3.8674e-06,1.9337e-05,0
16445.0,16450.0,16447.5,1.3328e-06,6.664e-06,0
16450.0,16455.0,16452.5,1.337524e-06,6.68762e-06,0
16455.0,16460.0,16457.5,6.448148e-06,3.224074e-05,0
16460.0,16465.0,16462.5,2.375288e-06,1.187644e-05,0
16465.0,16470.0,16467.5,2.65366e-06,1.32683e-05,0
16470.0,16475.0,16472.5,1.14837e-06,5.74185e-06,0
16475.0,16480.0,16477.5,2.670324e-06,1.335162e-05,0
16480.0,16485.0,16482.5,6.230994e-06,3.115497e-05,0
16485.0,16490.0,16487.5,7.79324e-06,3.89662e-05,0
16490.0,16495.0,16492.5,3.771782e-06,1.885891e-05,0
16495.0,16500.0,16497.5,4.744238e-06,2.372119e-05,0
16500.0,16505.0,16502.5,7.698116e-06,3.849058e-05,0
16505.0,16510.0,16507.5,6.291072e-06,3.145536e-05,0
16510.0,16515.0,16512.5,1.3328e-06,6.664e-06,0
16520.0,16525.0,16522.5,5.103514e-06,2.551757e-05,0
16530.0,16535.0,16532.5,1.226918e-06,6.13459e-06,0
16535.0,16540.0,16537.5,3.69491e-06,1.847455e-05,0
16540.0,16545.0,16542.5,3.859198e-06,1.929599e-05,0
16545.0,16550.0,16547.5,3.882388e-06,1.941194e-05,0
16550.0,16555.0,16552.5,2.428824e-06,1.214412e-05,0
16555.0,16560.0,16557.5,3.899052e-06,1.949526e-05,0
16560.0,16565.0,16562.5,2.561528e-06,1.280764e-05,0
16565.0,16570.0,16567.5,5.0779e-06,2.53895e-05,0
16570.0,16575.0,16572.5,2.464506e-06,1.232253e-05,0
16575.0,16580.0,16577.5,1.14837e-06,5.74185e-06,0
16580.0,16585.0,16582.5,2.48117e-06,1.240585e-05,0
16585.0,16590.0,16587.5,3.779992e-06,1.889996e-05,0
16590.0,16595.0,16592.5,7.56496e-06,3.78248e-05,0
16595.0,16600.0,16597.5,2.4905e-06,1.24525e-05,0
16600.0,16605.0,16602.5,1.245252e-06,6.22626e-06,0
16605.0,16610.0,16607.5,2.331942e-06,1.165971e-05,0
16610.0,16615.0,16612.5,2.36211e-06,1.181055e-05,0
16615.0,16620.0,16617.5,2.4123e-06,1.20615e-05,0
16620.0,16625.0,16622.5,3.730112e-06,1.865056e-05,0
16625.0,16630.0,16627.5,1.337524e-06,6.68762e-06,0
16630.0,16635.0,16632.5,2.578052e-06,1.289026e-05,0
16635.0,16640.0,16637.5,3.748014e-06,1.874007e-05,0
16640.0,16645.0,16642.5,3.699634e-06,1.849817e-05,0
16650.0,16655.0,16652.5,2.67469e-06,1.337345e-05,0
16660.0,16665.0,16662.5,3.884064e-06,1.942032e-05,0
16665.0,16670.0,16667.5,5.148652e-06,2.574326e-05,0
16670.0,16675.0,16672.5,5.122916e-06,2.561458e-05,0
16675.0,16680.0,16677.5,3.837232e-06,1.918616e-05,0
16680.0,16685.0,16682.5,5.082126e-06,2.541063e-05,0
16685.0,16690.0,16687.5,3.704664e-06,1.852332e-05,0
16690.0,16695.0,16692.5,1.183572e-06,5.91786e-06,0
16695.0,16700.0,16697.5,1.337524e-06,6.68762e-06,0
16700.0,16705.0,16702.5,6.170272e-06,3.085136e-05,0
16705.0,16710.0,16707.5,1.14837e-06,5.74185e-06,0
16710.0,16715.0,16712.5,1.245252e-06,6.22626e-06,0
16715.0,16720.0,16717.5,3.730788e-06,1.865394e-05,0
16725.0,16730.0,16727.5,1.337524e-06,6.68762e-06,0
16730.0,16735.0,16732.5,3.734836e-06,1.867418e-05,0
16735.0,16740.0,16737.5,3.730112e-06,1.865056e-05,0
16740.0,16745.0,16742.5,5.14721e-06,2.573605e-05,0
16745.0,16750.0,16747.5,6.260804e-06,3.130402e-05,0
16750.0,16755.0,16752.5,3.678246e-06,1.839123e-05,0
16755.0,16760.0,16757.5,1.183572e-06,5.91786e-06,0
16760.0,16765.0,16762.5,1.183572e-06,5.91786e-06,0
16765.0,16770.0,16767.5,2.377098e-06,1.188549e-05,0
16770.0,16775.0,16772.5,5.204566e-06,2.602283e-05,0
16775.0,16780.0,16777.5,3.730788e-06,1.865394e-05,0
16780.0,16785.0,16782.5,4.813112e-06,2.406556e-05,0
16785.0,16790.0,16787.5,3.60221e-06,1.801105e-05,0
16790.0,16795.0,16792.5,1.21374e-06,6.0687e-06,0
16795.0,16800.0,16797.5,1.316136e-06,6.58068e-06,0
16800.0,16805.0,16802.5,3.801672e-06,1.900836e-05,0
16805.0,16810.0,16807.5,3.648078e-06,1.824039e-05,0
16810.0,16815.0,16812.5,1.3328e-06,6.664e-06,0
16815.0,16820.0,16817.5,6.431134e-06,3.215567e-05,0
16820.0,16825.0,16822.5,1.183572e-06,5.91786e-06,0
16825.0,16830.0,16827.5,3.58088e-06,1.79044e-05,0
16830.0,16835.0,16832.5,2.455646e-06,1.227823e-05,0
16835.0,16840.0,16837.5,5.14416e-06,2.57208e-05,0
16840.0,16845.0,16842.5,3.777824e-06,1.888912e-05,0
16845.0,16850.0,16847.5,3.898554e-06,1.949277e-05,0
16850.0,16855.0,16852.5,2.6656e-06,1.3328e-05,0
16855.0,16860.0,16857.5,2.4905e-06,1.24525e-05,0
16865.0,16870.0,16867.5,2.566252e-06,1.283126e-05,0
16870.0,16875.0,16872.5,6.324722e-06,3.162361e-05,0
16875.0,16880.0,16877.5,1.226918e-06,6.13459e-06,0
16880.0,16885.0,16882.5,1.337524e-06,6.68762e-06,0
16885.0,16890.0,16887.5,1.21374e-06,6.0687e-06,0
16890.0,16895.0,16892.5,3.607362e-06,1.803681e-05,0
16895.0,16900.0,16897.5,1.3328e-06,6.664e-06,0
16900.0,16905.0,16902.5,3.875854e-06,1.937927e-05,0
16905.0,16910.0,16907.5,2.551264e-06,1.275632e-05,0
16910.0,16915.0,16912.5,6.471198e-06,3.235599e-05,0
16915.0,16920.0,16917.5,3.66758e-06,1.83379e-05,0
16920.0,16925.0,16922.5,3.708088e-06,1.854044e-05,0
16925.0,16930.0,16927.5,3.88843e-06,1.944215e-05,0
16930.0,16935.0,16932.5,8.32957e-06,4.164785e-05,0
16935.0,16940.0,16937.5,3.79317e-06,1.896585e-05,0
16940.0,16945.0,16942.5,3.74329e-06,1.871645e-05,0
16945.0,16950.0,16947.5,3.761624e-06,1.880812e-05,0
16950.0,16955.0,16952.5,5.052138e-06,2.526069e-05,0
16955.0,16960.0,16957.5,2.54654e-06,1.27327e-05,0
16960.0,16965.0,16962.5,3.691424e-06,1.845712e-05,0
16965.0,16970.0,16967.5,1.245252e-06,6.22626e-06,0
16970.0,16975.0,16972.5,3.74496e-06,1.87248e-05,0
16975.0,16980.0,16977.5,2.47217e-06,1.236085e-05,0
16980.0,16985.0,16982.5,3.771782e-06,1.885891e-05,0
16985.0,16990.0,16987.5,5.018284e-06,2.509142e-05,0
16990.0,16995.0,16992.5,2.65366e-06,1.32683e-05,0
16995.0,17000.0,16997.5,5.139546e-06,2.569773e-05,0
17000.0,17005.0,17002.5,2.670324e-06,1.335162e-05,0
17005.0,17010.0,17007.5,1.337166e-06,6.68583e-06,0
17010.0,17015.0,17012.5,3.607362e-06,1.803681e-05,0
17015.0,17020.0,17017.5,2.375288e-06,1.187644e-05,0
17020.0,17025.0,17022.5,2.485894e-06,1.242947e-05,0
17025.0,17030.0,17027.5,2.393622e-06,1.196811e-05,0
17030.0,17035.0,17032.5,1.14837e-06,5.74185e-06,0
17035.0,17040.0,17037.5,2.551264e-06,1.275632e-05,0
17040.0,17045.0,17042.5,2.561388e-06,1.280694e-05,0
17045.0,17050.0,17047.5,2.564442e-06,1.282221e-05,0
17050.0,17055.0,17052.5,1.337524e-06,6.68762e-06,0
17055.0,17060.0,17057.5,2.670324e-06,1.335162e-05,0
17060.0,17065.0,17062.5,3.726626e-06,1.863313e-05,0
17065.0,17070.0,17067.5,2.520738e-06,1.260369e-05,0
17075.0,17080.0,17077.5,2.485894e-06,1.242947e-05,0
17080.0,17085.0,17082.5,3.87934e-06,1.93967e-05,0
17085.0,17090.0,17087.5,3.756794e-06,1.878397e-05,0
17095.0,17100.0,17097.5,1.337524e-06,6.68762e-06,0
17100.0,17105.0,17102.5,4.88413e-06,2.442065e-05,0
17105.0,17110.0,17107.5,3.604016e-06,1.802008e-05,0
17110.0,17115.0,17112.5,1.14837e-06,5.74185e-06,0
17120.0,17125.0,17122.5,2.67504e-06,1.33752e-05,0
17130.0,17135.0,17132.5,2.578052e-06,1.289026e-05,0
17135.0,17140.0,17137.5,2.566252e-06,1.283126e-05,0
17140.0,17145.0,17142.5,5.110624e-06,2.555312e-05,0
17145.0,17150.0,17147.5,2.65366e-06,1.32683e-05,0
17150.0,17155.0,17152.5,2.561528e-06,1.280764e-05,0
17155.0,17160.0,17157.5,1.245252e-06,6.22626e-06,0
17160.0,17165.0,17162.5,2.442468e-06,1.221234e-05,0
17165.0,17170.0,17167.5,2.47398e-06,1.23699e-05,0
17170.0,17175.0,17172.5,1.337524e-06,6.68762e-06,0
17175.0,17180.0,17177.5,2.516372e-06,1.258186e-05,0
17180.0,17185.0,17182.5,4.011864e-06,2.005932e-05,0
17185.0,17190.0,17187.5,1.337524e-06,6.68762e-06,0
17190.0,17195.0,17192.5,1.21374e-06,6.0687e-06,0
17195.0,17200.0,17197.5,5.002266e-06,2.501133e-05,0
17200.0,17205.0,17202.5,4.826616e-06,2.413308e-05,0
17205.0,17210.0,17207.5,1.14837e-06,5.74185e-06,0
17210.0,17215.0,17212.5,2.331942e-06,1.165971e-05,0
17215.0,17220.0,17217.5,6.29558e-06,3.14779e-05,0
17220.0,17225.0,17222.5,2.485894e-06,1.242947e-05,0
17225.0,17230.0,17227.5,6.23449e-06,3.117245e-05,0
17230.0,17235.0,17232.5,2.464506e-06,1.232253e-05,0
17235.0,17240.0,17237.5,2.4905e-06,1.24525e-05,0
17240.0,17245.0,17242.5,5.072002e-06,2.536001e-05,0
17245.0,17250.0,17247.5,1.228728e-06,6.14364e-06,0
17250.0,17255.0,17252.5,3.700898e-06,1.850449e-05,0
17260.0,17265.0,17262.5,3.594058e-06,1.797029e-05,0
17265.0,17270.0,17267.5,5.025244e-06,2.512622e-05,0
17270.0,17275.0,17272.5,5.129316e-06,2.564658e-05,0
17280.0,17285.0,17282.5,1.337524e-06,6.68762e-06,0
17285.0,17290.0,17287.5,1.14837e-06,5.74185e-06,0
17290.0,17295.0,17292.5,2.516372e-06,1.258186e-05,0
17295.0,17300.0,17297.5,2.54654e-06,1.27327e-05,0
17300.0,17305.0,17302.5,1.337166e-06,6.68583e-06,0
17305.0,17310.0,17307.5,2.29674e-06,1.14837e-05,0
17310.0,17315.0,17312.5,2.375288e-06,1.187644e-05,0
17315.0,17320.0,17317.5,6.441404e-06,3.220702e-05,0
17320.0,17325.0,17322.5,3.74329e-06,1.871645e-05,0
17325.0,17330.0,17327.5,2.550906e-06,1.275453e-05,0
17330.0,17335.0,17332.5,1.3328e-06,6.664e-06,0
17335.0,17340.0,17337.5,1.14837e-06,5.74185e-06,0
17340.0,17345.0,17342.5,4.89166e-06,2.44583e-05,0
17345.0,17350.0,17347.5,3.734836e-06,1.867418e-05,0
17350.0,17355.0,17352.5,3.766348e-06,1.883174e-05,0
17355.0,17360.0,17357.5,2.67504e-06,1.33752e-05,0
17360.0,17365.0,17362.5,5.063946e-06,2.531973e-05,0
17370.0,17375.0,17372.5,3.9984e-06,1.9992e-05,0
17375.0,17380.0,17377.5,1.337166e-06,6.68583e-06,0
17385.0,17390.0,17387.5,2.578052e-06,1.289026e-05,0
17390.0,17395.0,17392.5,7.708738e-06,3.854369e-05,0
17395.0,17400.0,17397.5,3.80497e-06,1.902485e-05,0
17410.0,17415.0,17412.5,2.47217e-06,1.236085e-05,0
17415.0,17420.0,17417.5,5.142494e-06,2.571247e-05,0
17420.0,17425.0,17422.5,4.997542e-06,2.498771e-05,0
17425.0,17430.0,17427.5,1.337524e-06,6.68762e-06,0
17440.0,17445.0,17442.5,2.41049e-06,1.205245e-05,0
17450.0,17455.0,17452.5,2.648936e-06,1.324468e-05,0
17455.0,17460.0,17457.5,1.21374e-06,6.0687e-06,0
17460.0,17465.0,17462.5,6.272962e-06,3.136481e-05,0
17465.0,17470.0,17467.5,5.09879e-06,2.549395e-05,0
17470.0,17475.0,17472.5,1.316136e-06,6.58068e-06,0
17475.0,17480.0,17477.5,1.337524e-06,6.68762e-06,0
17480.0,17485.0,17482.5,2.6656e-06,1.3328e-05,0
17485.0,17490.0,17487.5,2.393622e-06,1.196811e-05,0
17490.0,17495.0,17492.5,2.565894e-06,1.282947e-05,0
17495.0,17500.0,17497.5,1.14837e-06,5.74185e-06,0
17500.0,17505.0,17502.5,2.578052e-06,1.289026e-05,0
17505.0,17510.0,17507.5,1.14837e-06,5.74185e-06,0
17510.0,17515.0,17512.5,2.442468e-06,1.221234e-05,0
17515.0,17520.0,17517.5,5.001908e-06,2.500954e-05,0
17520.0,17525.0,17522.5,5.002266e-06,2.501133e-05,0
17530.0,17535.0,17532.5,5.080814e-06,2.540407e-05,0
17535.0,17540.0,17537.5,2.442468e-06,1.221234e-05,0
17540.0,17545.0,17542.5,1.228728e-06,6.14364e-06,0
17545.0,17550.0,17547.5,3.8674e-06,1.9337e-05,0
17550.0,17555.0,17552.5,2.670324e-06,1.335162e-05,0
17555.0,17560.0,17557.5,3.648078e-06,1.824039e-05,0
17560.0,17565.0,17562.5,2.29674e-06,1.14837e-05,0
17565.0,17570.0,17567.5,1.337524e-06,6.68762e-06,0
17570.0,17575.0,17572.5,3.809694e-06,1.904847e-05,0
17575.0,17580.0,17577.5,6.270492e-06,3.135246e-05,0
17580.0,17585.0,17582.5,5.036616e-06,2.518308e-05,0
17585.0,17590.0,17587.5,3.811504e-06,1.905752e-05,0
17590.0,17595.0,17592.5,2.41049e-06,1.205245e-05,0
17595.0,17600.0,17597.5,7.858226e-06,3.929113e-05,0
17600.0,17605.0,17602.5,3.611052e-06,1.805526e-05,0
17605.0,17610.0,17607.5,1.183572e-06,5.91786e-06,0
17610.0,17615.0,17612.5,3.756794e-06,1.878397e-05,0
17615.0,17620.0,17617.5,6.467852e-06,3.233926e-05,0
17620.0,17625.0,17622.5,5.335924e-06,2.667962e-05,0
17625.0,17630.0,17627.5,2.670324e-06,1.335162e-05,0
17635.0,17640.0,17637.5,2.48117e-06,1.240585e-05,0
17640.0,17645.0,17642.5,1.226918e-06,6.13459e-06,0
17650.0,17655.0,17652.5,6.42e-06,3.21e-05,0
17655.0,17660.0,17657.5,2.375288e-06,1.187644e-05,0
17665.0,17670.0,17667.5,1.3328e-06,6.664e-06,0
17670.0,17675.0,17672.5,5.08114e-06,2.54057e-05,0
17675.0,17680.0,17677.5,3.791364e-06,1.895682e-05,0
17680.0,17685.0,17682.5,1.245252e-06,6.22626e-06,0
17685.0,17690.0,17687.5,2.669966e-06,1.334983e-05,0
17690.0,17695.0,17692.5,3.545682e-06,1.772841e-05,0
17695.0,17700.0,17697.5,1.228728e-06,6.14364e-06,0
17700.0,17705.0,17702.5,7.726936e-06,3.863468e-05,0
17705.0,17710.0,17707.5,5.112792e-06,2.556396e-05,0
17710.0,17715.0,17712.5,6.462996e-06,3.231498e-05,0
17720.0,17725.0,17722.5,1.228728e-06,6.14364e-06,0
17725.0,17730.0,17727.5,1.21374e-06,6.0687e-06,0
17730.0,17735.0,17732.5,2.551264e-06,1.275632e-05,0
17735.0,17740.0,17737.5,1.316136e-06,6.58068e-06,0
17745.0,17750.0,17747.5,3.634264e-06,1.817132e-05,0
17755.0,17760.0,17757.5,1.226918e-06,6.13459e-06,0
17760.0,17765.0,17762.5,1.14837e-06,5.74185e-06,0
17765.0,17770.0,17767.5,1.3328e-06,6.664e-06,0
17770.0,17775.0,17772.5,2.375288e-06,1.187644e-05,0
17775.0,17780.0,17777.5,2.67504e-06,1.33752e-05,0
17780.0,17785.0,17782.5,3.748014e-06,1.874007e-05,0
17785.0,17790.0,17787.5,1.226918e-06,6.13459e-06,0
17790.0,17795.0,17792.5,1.245252e-06,6.22626e-06,0
17795.0,17800.0,17797.5,1.3328e-06,6.664e-06,0
17800.0,17805.0,17802.5,1.337524e-06,6.68762e-06,0
17805.0,17810.0,17807.5,2.582418e-06,1.291209e-05,0
17810.0,17815.0,17812.5,1.245252e-06,6.22626e-06,0
17815.0,17820.0,17817.5,2.648936e-06,1.324468e-05,0
17820.0,17825.0,17822.5,5.234758e-06,2.617379e-05,0
17825.0,17830.0,17827.5,2.561388e-06,1.280694e-05,0
17830.0,17835.0,17832.5,2.564442e-06,1.282221e-05,0
17835.0,17840.0,17837.5,2.6656e-06,1.3328e-05,0
17840.0,17845.0,17842.5,7.601608e-06,3.800804e-05,0
17845.0,17850.0,17847.5,1.226918e-06,6.13459e-06,0
17850.0,17855.0,17852.5,3.699634e-06,1.849817e-05,0
17855.0,17860.0,17857.5,2.550906e-06,1.275453e-05,0
17865.0,17870.0,17867.5,5.12888e-06,2.56444e-05,0
17870.0,17875.0,17872.5,1.337166e-06,6.68583e-06,0
17875.0,17880.0,17877.5,3.910852e-06,1.955426e-05,0
17880.0,17885.0,17882.5,1.183572e-06,5.91786e-06,0
17885.0,17890.0,17887.5,1.337166e-06,6.68583e-06,0
17890.0,17895.0,17892.5,5.12888e-06,2.56444e-05,0
17895.0,17900.0,17897.5,1.337166e-06,6.68583e-06,0
17900.0,17905.0,17902.5,1.228728e-06,6.14364e-06,0
17905.0,17910.0,17907.5,3.791364e-06,1.895682e-05,0
17915.0,17920.0,17917.5,1.226918e-06,6.13459e-06,0
17920.0,17925.0,17922.5,6.464806e-06,3.232403e-05,0
17925.0,17930.0,17927.5,2.36714e-06,1.18357e-05,0
17930.0,17935.0,17932.5,3.882388e-06,1.941194e-05,0
17935.0,17940.0,17937.5,3.761624e-06,1.880812e-05,0
17940.0,17945.0,17942.5,3.80497e-06,1.902485e-05,0
17950.0,17955.0,17952.5,2.516372e-06,1.258186e-05,0
17955.0,17960.0,17957.5,3.777824e-06,1.888912e-05,0
17960.0,17965.0,17962.5,5.139546e-06,2.569773e-05,0
17970.0,17975.0,17972.5,1.183572e-06,5.91786e-06,0
17975.0,17980.0,17977.5,3.853896e-06,1.926948e-05,0
17980.0,17985.0,17982.5,1.226918e-06,6.13459e-06,0
17985.0,17990.0,17987.5,3.981736e-06,1.990868e-05,0
17990.0,17995.0,17992.5,5.174748e-06,2.587374e-05,0
17995.0,18000.0,17997.5,5.195778e-06,2.597889e-05,0
18000.0,18005.0,18002.5,3.76599e-06,1.882995e-05,0
18005.0,18010.0,18007.5,5.191412e-06,2.595706e-05,0
18010.0,18015.0,18012.5,2.543054e-06,1.271527e-05,0
18015.0,18020.0,18017.5,4.853034e-06,2.426517e-05,0
18020.0,18025.0,18022.5,1.337524e-06,6.68762e-06,0
18025.0,18030.0,18027.5,1.14837e-06,5.74185e-06,0
18035.0,18040.0,18037.5,5.0779e-06,2.53895e-05,0
18040.0,18045.0,18042.5,2.6656e-06,1.3328e-05,0
18045.0,18050.0,18047.5,3.837232e-06,1.918616e-05,0
18050.0,18055.0,18052.5,2.582776e-06,1.291388e-05,0
18055.0,18060.0,18057.5,1.21374e-06,6.0687e-06,0
18065.0,18070.0,18067.5,1.21374e-06,6.0687e-06,0
18070.0,18075.0,18072.5,1.3328e-06,6.664e-06,0
18080.0,18085.0,18082.5,2.4905e-06,1.24525e-05,0
18085.0,18090.0,18087.5,1.3328e-06,6.664e-06,0
18090.0,18095.0,18092.5,1.337524e-06,6.68762e-06,0
18095.0,18100.0,18097.5,1.228728e-06,6.14364e-06,0
18100.0,18105.0,18102.5,3.8233e-06,1.91165e-05,0
18105.0,18110.0,18107.5,2.516372e-06,1.258186e-05,0
18120.0,18125.0,18122.5,5.215188e-06,2.607594e-05,0
18125.0,18130.0,18127.5,5.134032e-06,2.567016e-05,0
18130.0,18135.0,18132.5,2.520738e-06,1.260369e-05,0
18135.0,18140.0,18137.5,2.499708e-06,1.249854e-05,0
18145.0,18150.0,18147.5,2.543054e-06,1.271527e-05,0
18150.0,18155.0,18152.5,2.564442e-06,1.282221e-05,0
18155.0,18160.0,18157.5,2.529876e-06,1.264938e-05,0
18160.0,18165.0,18162.5,5.04277e-06,2.521385e-05,0
18165.0,18170.0,18167.5,2.564442e-06,1.282221e-05,0
18170.0,18175.0,18172.5,3.88022e-06,1.94011e-05,0
18175.0,18180.0,18177.5,2.4905e-06,1.24525e-05,0
18180.0,18185.0,18182.5,2.67469e-06,1.337345e-05,0
18185.0,18190.0,18187.5,5.047422e-06,2.523711e-05,0
18190.0,18195.0,18192.5,4.874996e-06,2.437498e-05,0
18195.0,18200.0,18197.5,6.347772e-06,3.173886e-05,0
18200.0,18205.0,18202.5,2.48117e-06,1.240585e-05,0
18205.0,18210.0,18207.5,5.165308e-06,2.582654e-05,0
18210.0,18215.0,18212.5,1.21374e-06,6.0687e-06,0
18215.0,18220.0,18217.5,1.183572e-06,5.91786e-06,0
18220.0,18225.0,18222.5,2.648936e-06,1.324468e-05,0
18230.0,18235.0,18232.5,1.226918e-06,6.13459e-06,0
18235.0,18240.0,18237.5,3.778182e-06,1.889091e-05,0
18240.0,18245.0,18242.5,3.98646e-06,1.99323e-05,0
18245.0,18250.0,18247.5,1.245252e-06,6.22626e-06,0
18250.0,18255.0,18252.5,3.771782e-06,1.885891e-05,0
18255.0,18260.0,18257.5,2.561388e-06,1.280694e-05,0
18260.0,18265.0,18262.5,3.7451e-06,1.87255e-05,0
18265.0,18270.0,18267.5,2.47398e-06,1.23699e-05,0
18270.0,18275.0,18272.5,5.03274e-06,2.51637e-05,0
18275.0,18280.0,18277.5,1.183572e-06,5.91786e-06,0
18280.0,18285.0,18282.5,1.228728e-06,6.14364e-06,0
18285.0,18290.0,18287.5,3.84602e-06,1.92301e-05,0
18290.0,18295.0,18292.5,3.788306e-06,1.894153e-05,0
18295.0,18300.0,18297.5,3.828024e-06,1.914012e-05,0
18300.0,18305.0,18302.5,3.749466e-06,1.874733e-05,0
18305.0,18310.0,18307.5,2.559718e-06,1.279859e-05,0
18310.0,18315.0,18312.5,4.905164e-06,2.452582e-05,0
18315.0,18320.0,18317.5,1.337524e-06,6.68762e-06,0
18325.0,18330.0,18327.5,3.669466e-06,1.834733e-05,0
18330.0,18335.0,18332.5,2.561528e-06,1.280764e-05,0
18335.0,18340.0,18337.5,1.226918e-06,6.13459e-06,0
18340.0,18345.0,18342.5,2.551264e-06,1.275632e-05,0
18345.0,18350.0,18347.5,2.41049e-06,1.205245e-05,0
18350.0,18355.0,18352.5,5.041406e-06,2.520703e-05,0
18355.0,18360.0,18357.5,1.14837e-06,5.74185e-06,0
18365.0,18370.0,18367.5,2.561528e-06,1.280764e-05,0
18370.0,18375.0,18372.5,4.69909e-06,2.349545e-05,0
18375.0,18380.0,18377.5,1.228728e-06,6.14364e-06,0
18380.0,18385.0,18382.5,1.337524e-06,6.68762e-06,0
18385.0,18390.0,18387.5,2.485894e-06,1.242947e-05,0
18390.0,18395.0,18392.5,3.897242e-06,1.948621e-05,0
18395.0,18400.0,18397.5,1.226918e-06,6.13459e-06,0
18400.0,18405.0,18402.5,2.67469e-06,1.337345e-05,0
18405.0,18410.0,18407.5,3.898912e-06,1.949456e-05,0
18410.0,18415.0,18412.5,1.316136e-06,6.58068e-06,0
18415.0,18420.0,18417.5,2.648936e-06,1.324468e-05,0
18425.0,18430.0,18427.5,7.42562e-06,3.71281e-05,0
18430.0,18435.0,18432.5,2.4905e-06,1.24525e-05,0
18435.0,18440.0,18437.5,1.228728e-06,6.14364e-06,0
18440.0,18445.0,18442.5,2.648936e-06,1.324468e-05,0
18445.0,18450.0,18447.5,2.458992e-06,1.229496e-05,0
18450.0,18455.0,18452.5,4.787588e-06,2.393794e-05,0
18455.0,18460.0,18457.5,4.78724e-06,2.39362e-05,0
18460.0,18465.0,18462.5,5.038422e-06,2.519211e-05,0
18465.0,18470.0,18467.5,1.337166e-06,6.68583e-06,0
18475.0,18480.0,18477.5,2.440658e-06,1.220329e-05,0
18480.0,18485.0,18482.5,1.316136e-06,6.58068e-06,0
18485.0,18490.0,18487.5,1.316136e-06,6.58068e-06,0
18490.0,18495.0,18492.5,3.82341e-06,1.911705e-05,0
18495.0,18500.0,18497.5,6.36241e-06,3.181205e-05,0
18500.0,18505.0,18502.5,2.331942e-06,1.165971e-05,0
18505.0,18510.0,18507.5,2.582776e-06,1.291388e-05,0
18510.0,18515.0,18512.5,1.183572e-06,5.91786e-06,0
18520.0,18525.0,18522.5,1.337524e-06,6.68762e-06,0
18530.0,18535.0,18532.5,1.245252e-06,6.22626e-06,0
18535.0,18540.0,18537.5,2.485894e-06,1.242947e-05,0
18540.0,18545.0,18542.5,1.337524e-06,6.68762e-06,0
18545.0,18550.0,18547.5,1.3328e-06,6.664e-06,0
18550.0,18555.0,18552.5,2.566252e-06,1.283126e-05,0
18555.0,18560.0,18557.5,2.566252e-06,1.283126e-05,0
18560.0,18565.0,18562.5,5.128958e-06,2.564479e-05,0
18565.0,18570.0,18567.5,3.60221e-06,1.801105e-05,0
18570.0,18575.0,18572.5,1.337524e-06,6.68762e-06,0
18575.0,18580.0,18577.5,1.21374e-06,6.0687e-06,0
18580.0,18585.0,18582.5,3.797306e-06,1.898653e-05,0
18585.0,18590.0,18587.5,7.677892e-06,3.838946e-05,0
18595.0,18600.0,18597.5,2.550906e-06,1.275453e-05,0
18600.0,18605.0,18602.5,1.183572e-06,5.91786e-06,0
18605.0,18610.0,18607.5,5.191412e-06,2.595706e-05,0
18615.0,18620.0,18617.5,3.62423e-06,1.812115e-05,0
18620.0,18625.0,18622.5,1.228728e-06,6.14364e-06,0
18625.0,18630.0,18627.5,3.880578e-06,1.940289e-05,0
18630.0,18635.0,18632.5,3.766348e-06,1.883174e-05,0
18635.0,18640.0,18637.5,1.316136e-06,6.58068e-06,0
18640.0,18645.0,18642.5,1.228728e-06,6.14364e-06,0
18645.0,18650.0,18647.5,2.485536e-06,1.242768e-05,0
18655.0,18660.0,18657.5,2.559718e-06,1.279859e-05,0
18660.0,18665.0,18662.5,4.89333e-06,2.446665e-05,0
18665.0,18670.0,18667.5,3.74496e-06,1.87248e-05,0
18675.0,18680.0,18677.5,1.337166e-06,6.68583e-06,0
18680.0,18685.0,18682.5,3.74329e-06,1.871645e-05,0
18685.0,18690.0,18687.5,1.14837e-06,5.74185e-06,0
18695.0,18700.0,18697.5,2.582418e-06,1.291209e-05,0
18700.0,18705.0,18702.5,5.130336e-06,2.565168e-05,0
18705.0,18710.0,18707.5,4.694052e-06,2.347026e-05,0
18715.0,18720.0,18717.5,3.7451e-06,1.87255e-05,0
18720.0,18725.0,18722.5,1.226918e-06,6.13459e-06,0
18725.0,18730.0,18727.5,2.36714e-06,1.18357e-05,0
18730.0,18735.0,18732.5,2.561388e-06,1.280694e-05,0
18735.0,18740.0,18737.5,1.337524e-06,6.68762e-06,0
18740.0,18745.0,18742.5,1.21374e-06,6.0687e-06,0
18750.0,18755.0,18752.5,2.582776e-06,1.291388e-05,0
18755.0,18760.0,18757.5,2.485894e-06,1.242947e-05,0
18760.0,18765.0,18762.5,1.3328e-06,6.664e-06,0
18765.0,18770.0,18767.5,2.36714e-06,1.18357e-05,0
18770.0,18775.0,18772.5,3.788446e-06,1.894223e-05,0
18775.0,18780.0,18777.5,2.516372e-06,1.258186e-05,0
18780.0,18785.0,18782.5,1.3328e-06,6.664e-06,0
18785.0,18790.0,18787.5,5.213378e-06,2.606689e-05,0
18790.0,18795.0,18792.5,2.29674e-06,1.14837e-05,0
18795.0,18800.0,18797.5,1.337166e-06,6.68583e-06,0
18800.0,18805.0,18802.5,6.396746e-06,3.198373e-05,0
18805.0,18810.0,18807.5,5.22123e-06,2.610615e-05,0
18810.0,18815.0,18812.5,1.183572e-06,5.91786e-06,0
18815.0,18820.0,18817.5,2.47217e-06,1.236085e-05,0
18820.0,18825.0,18822.5,5.029592e-06,2.514796e-05,0
18825.0,18830.0,18827.5,1.226918e-06,6.13459e-06,0
18830.0,18835.0,18832.5,1.183572e-06,5.91786e-06,0
18835.0,18840.0,18837.5,1.337524e-06,6.68762e-06,0
18845.0,18850.0,18847.5,2.67504e-06,1.33752e-05,0
18850.0,18855.0,18852.5,2.65366e-06,1.32683e-05,0
18855.0,18860.0,18857.5,3.637412e-06,1.818706e-05,0
18860.0,18865.0,18862.5,1.337524e-06,6.68762e-06,0
18865.0,18870.0,18867.5,1.226918e-06,6.13459e-06,0
18870.0,18875.0,18872.5,3.790116e-06,1.895058e-05,0
18875.0,18880.0,18877.5,1.228728e-06,6.14364e-06,0
18880.0,18885.0,18882.5,1.14837e-06,5.74185e-06,0
18885.0,18890.0,18887.5,4.878482e-06,2.439241e-05,0
18890.0,18895.0,18892.5,2.48117e-06,1.240585e-05,0
18900.0,18905.0,18902.5,3.920292e-06,1.960146e-05,0
18905.0,18910.0,18907.5,2.578052e-06,1.289026e-05,0
18910.0,18915.0,18912.5,3.726626e-06,1.863313e-05,0
18915.0,18920.0,18917.5,3.792812e-06,1.896406e-05,0
18920.0,18925.0,18922.5,2.543054e-06,1.271527e-05,0
18925.0,18930.0,18927.5,1.337524e-06,6.68762e-06,0
18930.0,18935.0,18932.5,2.669966e-06,1.334983e-05,0
18935.0,18940.0,18937.5,2.45384e-06,1.22692e-05,0
18940.0,18945.0,18942.5,2.67469e-06,1.337345e-05,0
18945.0,18950.0,18947.5,2.42748e-06,1.21374e-05,0
18960.0,18965.0,18962.5,1.14837e-06,5.74185e-06,0
18965.0,18970.0,18967.5,3.809336e-06,1.904668e-05,0
18970.0,18975.0,18972.5,2.440658e-06,1.220329e-05,0
18975.0,18980.0,18977.5,3.882388e-06,1.941194e-05,0
18980.0,18985.0,18982.5,1.316136e-06,6.58068e-06,0
18985.0,18990.0,18987.5,2.36211e-06,1.181055e-05,0
18990.0,18995.0,18992.5,2.393622e-06,1.196811e-05,0
18995.0,19000.0,18997.5,2.67434e-06,1.33717e-05,0
19000.0,19005.0,19002.5,1.245252e-06,6.22626e-06,0
19005.0,19010.0,19007.5,2.578052e-06,1.289026e-05,0
19010.0,19015.0,19012.5,1.226918e-06,6.13459e-06,0
19015.0,19020.0,19017.5,1.245252e-06,6.22626e-06,0
19025.0,19030.0,19027.5,1.3328e-06,6.664e-06,0
19035.0,19040.0,19037.5,3.901958e-06,1.950979e-05,0
19050.0,19055.0,19052.5,1.337524e-06,6.68762e-06,0
19055.0,19060.0,19057.5,3.903418e-06,1.951709e-05,0
19060.0,19065.0,19062.5,6.382778e-06,3.191389e-05,0
19065.0,19070.0,19067.5,1.245252e-06,6.22626e-06,0
19070.0,19075.0,19072.5,1.245252e-06,6.22626e-06,0
19075.0,19080.0,19077.5,2.582776e-06,1.291388e-05,0
19085.0,19090.0,19087.5,3.8674e-06,1.9337e-05,0
19090.0,19095.0,19092.5,4.898194e-06,2.449097e-05,0
19095.0,19100.0,19097.5,2.36714e-06,1.18357e-05,0
19100.0,19105.0,19102.5,1.226918e-06,6.13459e-06,0
19105.0,19110.0,19107.5,1.316136e-06,6.58068e-06,0
19110.0,19115.0,19112.5,2.455646e-06,1.227823e-05,0
19115.0,19120.0,19117.5,1.245252e-06,6.22626e-06,0
19125.0,19130.0,19127.5,3.969804e-06,1.984902e-05,0
19130.0,19135.0,19132.5,3.80203e-06,1.901015e-05,0
19135.0,19140.0,19137.5,1.3328e-06,6.664e-06,0
19140.0,19145.0,19142.5,1.337524e-06,6.68762e-06,0
19160.0,19165.0,19162.5,1.3328e-06,6.664e-06,0
19165.0,19170.0,19167.5,2.458992e-06,1.229496e-05,0
19175.0,19180.0,19177.5,2.41049e-06,1.205245e-05,0
19180.0,19185.0,19182.5,4.97178e-06,2.48589e-05,0
19185.0,19190.0,19187.5,1.337524e-06,6.68762e-06,0
19190.0,19195.0,19192.5,3.589028e-06,1.794514e-05,0
19195.0,19200.0,19197.5,2.331942e-06,1.165971e-05,0
19205.0,19210.0,19207.5,2.578052e-06,1.289026e-05,0
19210.0,19215.0,19212.5,2.550906e-06,1.275453e-05,0
19215.0,19220.0,19217.5,3.70424e-06,1.85212e-05,0
19220.0,19225.0,19222.5,3.853896e-06,1.926948e-05,0
19225.0,19230.0,19227.5,3.880578e-06,1.940289e-05,0
19235.0,19240.0,19237.5,4.011864e-06,2.005932e-05,0
19240.0,19245.0,19242.5,5.054942e-06,2.527471e-05,0
19245.0,19250.0,19247.5,2.516372e-06,1.258186e-05,0
19250.0,19255.0,19252.5,1.183572e-06,5.91786e-06,0
19255.0,19260.0,19257.5,2.529876e-06,1.264938e-05,0
19260.0,19265.0,19262.5,2.4905e-06,1.24525e-05,0
19265.0,19270.0,19267.5,1.226918e-06,6.13459e-06,0
19270.0,19275.0,19272.5,1.228728e-06,6.14364e-06,0
19285.0,19290.0,19287.5,1.337524e-06,6.68762e-06,0
19290.0,19295.0,19292.5,8.85975e-06,4.429875e-05,0
19295.0,19300.0,19297.5,1.316136e-06,6.58068e-06,0
19300.0,19305.0,19302.5,1.183572e-06,5.91786e-06,0
19305.0,19310.0,19307.5,2.36211e-06,1.181055e-05,0
19310.0,19315.0,19312.5,2.485894e-06,1.242947e-05,0
19315.0,19320.0,19317.5,1.337524e-06,6.68762e-06,0
19320.0,19325.0,19322.5,1.337524e-06,6.68762e-06,0
19325.0,19330.0,19327.5,2.561528e-06,1.280764e-05,0
19330.0,19335.0,19332.5,1.228728e-06,6.14364e-06,0
19340.0,19345.0,19342.5,1.245252e-06,6.22626e-06,0
19345.0,19350.0,19347.5,6.141636e-06,3.070818e-05,0
19350.0,19355.0,19352.5,2.67504e-06,1.33752e-05,0
19355.0,19360.0,19357.5,4.961396e-06,2.480698e-05,0
19360.0,19365.0,19362.5,5.30732e-06,2.65366e-05,0
19365.0,19370.0,19367.5,3.915576e-06,1.957788e-05,0
19370.0,19375.0,19372.5,2.67504e-06,1.33752e-05,0
19375.0,19380.0,19377.5,2.485894e-06,1.242947e-05,0
19385.0,19390.0,19387.5,5.151494e-06,2.575747e-05,0
19390.0,19395.0,19392.5,2.375288e-06,1.187644e-05,0
19395.0,19400.0,19397.5,4.971878e-06,2.485939e-05,0
19400.0,19405.0,19402.5,1.183572e-06,5.91786e-06,0
19405.0,19410.0,19407.5,3.797306e-06,1.898653e-05,0
19415.0,19420.0,19417.5,2.393622e-06,1.196811e-05,0
19420.0,19425.0,19422.5,1.316136e-06,6.58068e-06,0
19425.0,19430.0,19427.5,1.316136e-06,6.58068e-06,0
19430.0,19435.0,19432.5,2.48117e-06,1.240585e-05,0
19435.0,19440.0,19437.5,1.21374e-06,6.0687e-06,0
19450.0,19455.0,19452.5,2.377098e-06,1.188549e-05,0
19455.0,19460.0,19457.5,1.183572e-06,5.91786e-06,0
19460.0,19465.0,19462.5,3.714622e-06,1.857311e-05,0
19465.0,19470.0,19467.5,1.245252e-06,6.22626e-06,0
19470.0,19475.0,19472.5,6.42e-06,3.21e-05,0
19475.0,19480.0,19477.5,1.316136e-06,6.58068e-06,0
19480.0,19485.0,19482.5,2.42748e-06,1.21374e-05,0
19485.0,19490.0,19487.5,2.331942e-06,1.165971e-05,0
19490.0,19495.0,19492.5,3.98646e-06,1.99323e-05,0
19495.0,19500.0,19497.5,3.577194e-06,1.788597e-05,0
19505.0,19510.0,19507.5,3.68591e-06,1.842955e-05,0
19510.0,19515.0,19512.5,5.071652e-06,2.535826e-05,0
19515.0,19520.0,19517.5,5.213378e-06,2.606689e-05,0
19520.0,19525.0,19522.5,3.894188e-06,1.947094e-05,0
19525.0,19530.0,19527.5,2.561388e-06,1.280694e-05,0
19530.0,19535.0,19532.5,1.228728e-06,6.14364e-06,0
19535.0,19540.0,19537.5,1.316136e-06,6.58068e-06,0
19540.0,19545.0,19542.5,2.670324e-06,1.335162e-05,0
19545.0,19550.0,19547.5,2.458992e-06,1.229496e-05,0
19550.0,19555.0,19552.5,3.898912e-06,1.949456e-05,0
19555.0,19560.0,19557.5,1.3328e-06,6.664e-06,0
19560.0,19565.0,19562.5,3.901958e-06,1.950979e-05,0
19565.0,19570.0,19567.5,1.245252e-06,6.22626e-06,0
19575.0,19580.0,19577.5,2.559718e-06,1.279859e-05,0
19580.0,19585.0,19582.5,1.245252e-06,6.22626e-06,0
19595.0,19600.0,19597.5,3.642564e-06,1.821282e-05,0
19600.0,19605.0,19602.5,6.286092e-06,3.143046e-05,0
19605.0,19610.0,19607.5,3.898912e-06,1.949456e-05,0
19615.0,19620.0,19617.5,3.8233e-06,1.91165e-05,0
19620.0,19625.0,19622.5,1.228728e-06,6.14364e-06,0
19625.0,19630.0,19627.5,1.337524e-06,6.68762e-06,0
19630.0,19635.0,19632.5,3.791364e-06,1.895682e-05,0
19635.0,19640.0,19637.5,5.15621e-06,2.578105e-05,0
19645.0,19650.0,19647.5,1.337166e-06,6.68583e-06,0
19650.0,19655.0,19652.5,3.607362e-06,1.803681e-05,0
19660.0,19665.0,19662.5,3.642564e-06,1.821282e-05,0
19665.0,19670.0,19667.5,2.543054e-06,1.271527e-05,0
19675.0,19680.0,19677.5,3.704664e-06,1.852332e-05,0
19680.0,19685.0,19682.5,1.226918e-06,6.13459e-06,0
19685.0,19690.0,19687.5,7.787334e-06,3.893667e-05,0
19690.0,19695.0,19692.5,2.582776e-06,1.291388e-05,0
19700.0,19705.0,19702.5,1.3328e-06,6.664e-06,0
19710.0,19715.0,19712.5,3.674072e-06,1.837036e-05,0
19715.0,19720.0,19717.5,3.590838e-06,1.795419e-05,0
19720.0,19725.0,19722.5,1.21374e-06,6.0687e-06,0
19730.0,19735.0,19732.5,4.961754e-06,2.480877e-05,0
19735.0,19740.0,19737.5,2.375288e-06,1.187644e-05,0
19755.0,19760.0,19757.5,1.337524e-06,6.68762e-06,0
19765.0,19770.0,19767.5,2.670324e-06,1.335162e-05,0
19770.0,19775.0,19772.5,1.228728e-06,6.14364e-06,0
19775.0,19780.0,19777.5,5.21302e-06,2.60651e-05,0
19780.0,19785.0,19782.5,3.837232e-06,1.918616e-05,0
19785.0,19790.0,19787.5,2.4905e-06,1.24525e-05,0
19790.0,19795.0,19792.5,2.67504e-06,1.33752e-05,0
19795.0,19800.0,19797.5,1.337524e-06,6.68762e-06,0
19800.0,19805.0,19802.5,2.458992e-06,1.229496e-05,0
19805.0,19810.0,19807.5,1.245252e-06,6.22626e-06,0
19815.0,19820.0,19817.5,2.458992e-06,1.229496e-05,0
19825.0,19830.0,19827.5,3.796516e-06,1.898258e-05,0
19830.0,19835.0,19832.5,4.9113e-06,2.45565e-05,0
19845.0,19850.0,19847.5,1.337524e-06,6.68762e-06,0
19850.0,19855.0,19852.5,2.520738e-06,1.260369e-05,0
19855.0,19860.0,19857.5,5.03715e-06,2.518575e-05,0
19860.0,19865.0,19862.5,1.3328e-06,6.664e-06,0
19865.0,19870.0,19867.5,1.316136e-06,6.58068e-06,0
19880.0,19885.0,19882.5,1.226918e-06,6.13459e-06,0
19890.0,19895.0,19892.5,2.582418e-06,1.291209e-05,0
19895.0,19900.0,19897.5,8.893442e-06,4.446721e-05,0
19900.0,19905.0,19902.5,1.316136e-06,6.58068e-06,0
19910.0,19915.0,19912.5,1.337166e-06,6.68583e-06,0
19920.0,19925.0,19922.5,1.316136e-06,6.58068e-06,0
19925.0,19930.0,19927.5,3.920292e-06,1.960146e-05,0
19930.0,19935.0,19932.5,3.894328e-06,1.947164e-05,0
19935.0,19940.0,19937.5,2.544864e-06,1.272432e-05,0
19940.0,19945.0,19942.5,1.337166e-06,6.68583e-06,0
19945.0,19950.0,19947.5,1.337524e-06,6.68762e-06,0
19950.0,19955.0,19952.5,3.78065e-06,1.890325e-05,0
19955.0,19960.0,19957.5,1.228728e-06,6.14364e-06,0
19965.0,19970.0,19967.5,3.990826e-06,1.995413e-05,0
19970.0,19975.0,19972.5,7.265342e-06,3.632671e-05,0
19980.0,19985.0,19982.5,1.183572e-06,5.91786e-06,0
19985.0,19990.0,19987.5,2.41049e-06,1.205245e-05,0
19990.0,19995.0,19992.5,3.920292e-06,1.960146e-05,0
19995.0,20000.0,19997.5,3.712812e-06,1.856406e-05,0
20000.0,20005.0,20002.5,2.42748e-06,1.21374e-05,0
20010.0,20015.0,20012.5,1.245252e-06,6.22626e-06,0
20015.0,20020.0,20017.5,5.045254e-06,2.522627e-05,0
20020.0,20025.0,20022.5,1.14837e-06,5.74185e-06,0
20025.0,20030.0,20027.5,2.561388e-06,1.280694e-05,0
20030.0,20035.0,20032.5,1.226918e-06,6.13459e-06,0
20035.0,20040.0,20037.5,1.21374e-06,6.0687e-06,0
20040.0,20045.0,20042.5,5.213378e-06,2.606689e-05,0
20045.0,20050.0,20047.5,1.316136e-06,6.58068e-06,0
20050.0,20055.0,20052.5,1.245252e-06,6.22626e-06,0
20055.0,20060.0,20057.5,3.704306e-06,1.852153e-05,0
20060.0,20065.0,20062.5,2.393622e-06,1.196811e-05,0
20065.0,20070.0,20067.5,1.183572e-06,5.91786e-06,0
20070.0,20075.0,20072.5,3.683276e-06,1.841638e-05,0
20075.0,20080.0,20077.5,1.245252e-06,6.22626e-06,0
20085.0,20090.0,20087.5,1.337524e-06,6.68762e-06,0
20090.0,20095.0,20092.5,1.3328e-06,6.664e-06,0
20095.0,20100.0,20097.5,2.499708e-06,1.249854e-05,0
20100.0,20105.0,20102.5,1.337524e-06,6.68762e-06,0
20110.0,20115.0,20112.5,2.516372e-06,1.258186e-05,0
20115.0,20120.0,20117.5,2.54654e-06,1.27327e-05,0
20120.0,20125.0,20122.5,1.337524e-06,6.68762e-06,0
20125.0,20130.0,20127.5,5.015368e-06,2.507684e-05,0
20135.0,20140.0,20137.5,1.14837e-06,5.74185e-06,0
20140.0,20145.0,20142.5,3.875854e-06,1.937927e-05,0
20150.0,20155.0,20152.5,1.337166e-06,6.68583e-06,0
20155.0,20160.0,20157.5,3.68772e-06,1.84386e-05,0
20160.0,20165.0,20162.5,2.521096e-06,1.260548e-05,0
20165.0,20170.0,20167.5,1.316136e-06,6.58068e-06,0
20170.0,20175.0,20172.5,2.47217e-06,1.236085e-05,0
20175.0,20180.0,20177.5,1.226918e-06,6.13459e-06,0
20180.0,20185.0,20182.5,3.898912e-06,1.949456e-05,0
20185.0,20190.0,20187.5,1.337524e-06,6.68762e-06,0
20190.0,20195.0,20192.5,2.566252e-06,1.283126e-05,0
20195.0,20200.0,20197.5,1.226918e-06,6.13459e-06,0
20205.0,20210.0,20207.5,1.337524e-06,6.68762e-06,0
20215.0,20220.0,20217.5,2.578052e-06,1.289026e-05,0
20220.0,20225.0,20222.5,1.21374e-06,6.0687e-06,0
20230.0,20235.0,20232.5,3.691424e-06,1.845712e-05,0
20235.0,20240.0,20237.5,1.14837e-06,5.74185e-06,0
20245.0,20250.0,20247.5,2.521096e-06,1.260548e-05,0
20250.0,20255.0,20252.5,1.183572e-06,5.91786e-06,0
20260.0,20265.0,20262.5,1.228728e-06,6.14364e-06,0
20265.0,20270.0,20267.5,2.67504e-06,1.33752e-05,0
20270.0,20275.0,20272.5,6.357608e-06,3.178804e-05,0
20275.0,20280.0,20277.5,1.21374e-06,6.0687e-06,0
20280.0,20285.0,20282.5,2.464506e-06,1.232253e-05,0
20290.0,20295.0,20292.5,1.337524e-06,6.68762e-06,0
20295.0,20300.0,20297.5,1.14837e-06,5.74185e-06,0
20310.0,20315.0,20312.5,1.337524e-06,6.68762e-06,0
20320.0,20325.0,20322.5,3.880578e-06,1.940289e-05,0
20325.0,20330.0,20327.5,1.337166e-06,6.68583e-06,0
20345.0,20350.0,20347.5,3.730788e-06,1.865394e-05,0
20355.0,20360.0,20357.5,6.383128e-06,3.191564e-05,0
20360.0,20365.0,20362.5,2.428824e-06,1.214412e-05,0
20365.0,20370.0,20367.5,1.337166e-06,6.68583e-06,0
20370.0,20375.0,20372.5,2.67504e-06,1.33752e-05,0
20375.0,20380.0,20377.5,2.47398e-06,1.23699e-05,0
20380.0,20385.0,20382.5,1.228728e-06,6.14364e-06,0
20395.0,20400.0,20397.5,2.521096e-06,1.260548e-05,0
20400.0,20405.0,20402.5,3.669466e-06,1.834733e-05,0
20410.0,20415.0,20412.5,2.648936e-06,1.324468e-05,0
20415.0,20420.0,20417.5,2.54654e-06,1.27327e-05,0
20420.0,20425.0,20422.5,2.551264e-06,1.275632e-05,0
20430.0,20435.0,20432.5,2.550906e-06,1.275453e-05,0
20435.0,20440.0,20437.5,1.14837e-06,5.74185e-06,0
20445.0,20450.0,20447.5,1.226918e-06,6.13459e-06,0
20450.0,20455.0,20452.5,1.245252e-06,6.22626e-06,0
20455.0,20460.0,20457.5,2.65366e-06,1.32683e-05,0
20460.0,20465.0,20462.5,2.485894e-06,1.242947e-05,0
20465.0,20470.0,20467.5,2.521096e-06,1.260548e-05,0
20470.0,20475.0,20472.5,1.316136e-06,6.58068e-06,0
20475.0,20480.0,20477.5,2.67469e-06,1.337345e-05,0
20490.0,20495.0,20492.5,2.47398e-06,1.23699e-05,0
20495.0,20500.0,20497.5,1.245252e-06,6.22626e-06,0
20530.0,20535.0,20532.5,2.543054e-06,1.271527e-05,0
20535.0,20540.0,20537.5,1.226918e-06,6.13459e-06,0
20540.0,20545.0,20542.5,1.226918e-06,6.13459e-06,0
20545.0,20550.0,20547.5,3.748014e-06,1.874007e-05,0
20550.0,20555.0,20552.5,2.582776e-06,1.291388e-05,0
20555.0,20560.0,20557.5,1.337524e-06,6.68762e-06,0
20560.0,20565.0,20562.5,3.664742e-06,1.832371e-05,0
20565.0,20570.0,20567.5,1.3328e-06,6.664e-06,0
20570.0,20575.0,20572.5,2.375288e-06,1.187644e-05,0
20590.0,20595.0,20592.5,4.91436e-06,2.45718e-05,0
20595.0,20600.0,20597.5,1.3328e-06,6.664e-06,0
20600.0,20605.0,20602.5,1.14837e-06,5.74185e-06,0
20615.0,20620.0,20617.5,1.226918e-06,6.13459e-06,0
20630.0,20635.0,20632.5,2.331942e-06,1.165971e-05,0
20640.0,20645.0,20642.5,1.183572e-06,5.91786e-06,0
20650.0,20655.0,20652.5,2.582776e-06,1.291388e-05,0
20655.0,20660.0,20657.5,1.183572e-06,5.91786e-06,0
20665.0,20670.0,20667.5,1.337524e-06,6.68762e-06,0
20670.0,20675.0,20672.5,1.14837e-06,5.74185e-06,0
20680.0,20685.0,20682.5,1.337524e-06,6.68762e-06,0
20685.0,20690.0,20687.5,3.664742e-06,1.832371e-05,0
20690.0,20695.0,20692.5,2.551264e-06,1.275632e-05,0
20695.0,20700.0,20697.5,3.901958e-06,1.950979e-05,0
20700.0,20705.0,20702.5,4.975364e-06,2.487682e-05,0
20705.0,20710.0,20707.5,2.458992e-06,1.229496e-05,0
20710.0,20715.0,20712.5,2.648936e-06,1.324468e-05,0
20720.0,20725.0,20722.5,1.14837e-06,5.74185e-06,0
20730.0,20735.0,20732.5,1.226918e-06,6.13459e-06,0
20735.0,20740.0,20737.5,2.551264e-06,1.275632e-05,0
20740.0,20745.0,20742.5,2.41049e-06,1.205245e-05,0
20745.0,20750.0,20747.5,1.14837e-06,5.74185e-06,0
20760.0,20765.0,20762.5,1.245252e-06,6.22626e-06,0
20770.0,20775.0,20772.5,2.377098e-06,1.188549e-05,0
20775.0,20780.0,20777.5,1.316136e-06,6.58068e-06,0
20780.0,20785.0,20782.5,1.245252e-06,6.22626e-06,0
20790.0,20795.0,20792.5,2.578052e-06,1.289026e-05,0
20795.0,20800.0,20797.5,1.21374e-06,6.0687e-06,0
20800.0,20805.0,20802.5,2.458992e-06,1.229496e-05,0
20805.0,20810.0,20807.5,2.561528e-06,1.280764e-05,0
20810.0,20815.0,20812.5,1.21374e-06,6.0687e-06,0
20815.0,20820.0,20817.5,2.428824e-06,1.214412e-05,0
20820.0,20825.0,20822.5,1.337524e-06,6.68762e-06,0
20830.0,20835.0,20832.5,1.316136e-06,6.58068e-06,0
20840.0,20845.0,20842.5,1.316136e-06,6.58068e-06,0
20845.0,20850.0,20847.5,1.226918e-06,6.13459e-06,0
20850.0,20855.0,20852.5,1.183572e-06,5.91786e-06,0
20855.0,20860.0,20857.5,5.115348e-06,2.557674e-05,0
20865.0,20870.0,20867.5,4.00749e-06,2.003745e-05,0
20875.0,20880.0,20877.5,1.226918e-06,6.13459e-06,0
20885.0,20890.0,20887.5,1.226918e-06,6.13459e-06,0
20890.0,20895.0,20892.5,1.21374e-06,6.0687e-06,0
20900.0,20905.0,20902.5,3.79317e-06,1.896585e-05,0
20910.0,20915.0,20912.5,1.14837e-06,5.74185e-06,0
20915.0,20920.0,20917.5,1.21374e-06,6.0687e-06,0
20920.0,20925.0,20922.5,1.228728e-06,6.14364e-06,0
20925.0,20930.0,20927.5,1.183572e-06,5.91786e-06,0
20935.0,20940.0,20937.5,7.632404e-06,3.816202e-05,0
20945.0,20950.0,20947.5,1.226918e-06,6.13459e-06,0
20950.0,20955.0,20952.5,1.14837e-06,5.74185e-06,0
20955.0,20960.0,20957.5,1.337166e-06,6.68583e-06,0
20965.0,20970.0,20967.5,2.564442e-06,1.282221e-05,0
20970.0,20975.0,20972.5,2.67504e-06,1.33752e-05,0
20975.0,20980.0,20977.5,1.337166e-06,6.68583e-06,0
20990.0,20995.0,20992.5,1.14837e-06,5.74185e-06,0
20995.0,21000.0,20997.5,4.896384e-06,2.448192e-05,0
21000.0,21005.0,21002.5,1.21374e-06,6.0687e-06,0
21010.0,21015.0,21012.5,3.775128e-06,1.887564e-05,0
21015.0,21020.0,21017.5,1.183572e-06,5.91786e-06,0
21020.0,21025.0,21022.5,1.245252e-06,6.22626e-06,0
21030.0,21035.0,21032.5,5.02771e-06,2.513855e-05,0
21035.0,21040.0,21037.5,1.245252e-06,6.22626e-06,0
21045.0,21050.0,21047.5,1.245252e-06,6.22626e-06,0
21055.0,21060.0,21057.5,2.564442e-06,1.282221e-05,0
21070.0,21075.0,21072.5,2.63228e-06,1.31614e-05,0
21080.0,21085.0,21082.5,2.516372e-06,1.258186e-05,0
21085.0,21090.0,21087.5,1.14837e-06,5.74185e-06,0
21115.0,21120.0,21117.5,3.648078e-06,1.824039e-05,0
21130.0,21135.0,21132.5,2.578052e-06,1.289026e-05,0
21135.0,21140.0,21137.5,2.544864e-06,1.272432e-05,0
21145.0,21150.0,21147.5,2.375288e-06,1.187644e-05,0
21150.0,21155.0,21152.5,1.337524e-06,6.68762e-06,0
21155.0,21160.0,21157.5,1.337524e-06,6.68762e-06,0
21165.0,21170.0,21167.5,3.78664e-06,1.89332e-05,0
21170.0,21175.0,21172.5,2.393622e-06,1.196811e-05,0
21185.0,21190.0,21187.5,1.14837e-06,5.74185e-06,0
21190.0,21195.0,21192.5,1.245252e-06,6.22626e-06,0
21200.0,21205.0,21202.5,1.337524e-06,6.68762e-06,0
21205.0,21210.0,21207.5,1.14837e-06,5.74185e-06,0
21210.0,21215.0,21212.5,1.183572e-06,5.91786e-06,0
21215.0,21220.0,21217.5,1.21374e-06,6.0687e-06,0
21225.0,21230.0,21227.5,1.228728e-06,6.14364e-06,0
21240.0,21245.0,21242.5,2.582776e-06,1.291388e-05,0
21255.0,21260.0,21257.5,2.458992e-06,1.229496e-05,0
21260.0,21265.0,21262.5,1.228728e-06,6.14364e-06,0
21265.0,21270.0,21267.5,2.485894e-06,1.242947e-05,0
21270.0,21275.0,21272.5,2.485536e-06,1.242768e-05,0
21290.0,21295.0,21292.5,1.316136e-06,6.58068e-06,0
21295.0,21300.0,21297.5,1.337524e-06,6.68762e-06,0
21325.0,21330.0,21327.5,2.464506e-06,1.232253e-05,0
21330.0,21335.0,21332.5,1.337524e-06,6.68762e-06,0
21335.0,21340.0,21337.5,1.226918e-06,6.13459e-06,0
21345.0,21350.0,21347.5,1.337524e-06,6.68762e-06,0
21360.0,21365.0,21362.5,2.543054e-06,1.271527e-05,0
21370.0,21375.0,21372.5,1.337166e-06,6.68583e-06,0
21380.0,21385.0,21382.5,1.316136e-06,6.58068e-06,0
21405.0,21410.0,21407.5,3.76028e-06,1.88014e-05,0
21410.0,21415.0,21412.5,2.521096e-06,1.260548e-05,0
21415.0,21420.0,21417.5,2.393622e-06,1.196811e-05,0
21420.0,21425.0,21422.5,1.337524e-06,6.68762e-06,0
21435.0,21440.0,21437.5,1.316136e-06,6.58068e-06,0
21440.0,21445.0,21442.5,2.428824e-06,1.214412e-05,0
21445.0,21450.0,21447.5,1.226918e-06,6.13459e-06,0
21465.0,21470.0,21467.5,1.14837e-06,5.74185e-06,0
21470.0,21475.0,21472.5,1.226918e-06,6.13459e-06,0
21475.0,21480.0,21477.5,2.521096e-06,1.260548e-05,0
21480.0,21485.0,21482.5,2.543054e-06,1.271527e-05,0
21495.0,21500.0,21497.5,1.3328e-06,6.664e-06,0
21500.0,21505.0,21502.5,1.21374e-06,6.0687e-06,0
21505.0,21510.0,21507.5,1.316136e-06,6.58068e-06,0
21510.0,21515.0,21512.5,1.337524e-06,6.68762e-06,0
21515.0,21520.0,21517.5,1.337524e-06,6.68762e-06,0
21520.0,21525.0,21522.5,2.440658e-06,1.220329e-05,0
21525.0,21530.0,21527.5,1.183572e-06,5.91786e-06,0
21530.0,21535.0,21532.5,1.337524e-06,6.68762e-06,0
21535.0,21540.0,21537.5,2.440658e-06,1.220329e-05,0
21540.0,21545.0,21542.5,2.54654e-06,1.27327e-05,0
21545.0,21550.0,21547.5,1.3328e-06,6.664e-06,0
21550.0,21555.0,21552.5,1.21374e-06,6.0687e-06,0
21555.0,21560.0,21557.5,1.21374e-06,6.0687e-06,0
21570.0,21575.0,21572.5,1.183572e-06,5.91786e-06,0
21580.0,21585.0,21582.5,1.3328e-06,6.664e-06,0
21585.0,21590.0,21587.5,2.670324e-06,1.335162e-05,0
21590.0,21595.0,21592.5,1.14837e-06,5.74185e-06,0
21595.0,21600.0,21597.5,2.375288e-06,1.187644e-05,0
21600.0,21605.0,21602.5,3.55886e-06,1.77943e-05,0
21605.0,21610.0,21607.5,2.41049e-06,1.205245e-05,0
21610.0,21615.0,21612.5,1.337524e-06,6.68762e-06,0
21615.0,21620.0,21617.5,2.529876e-06,1.264938e-05,0
21625.0,21630.0,21627.5,2.561388e-06,1.280694e-05,0
21630.0,21635.0,21632.5,2.561388e-06,1.280694e-05,0
21635.0,21640.0,21637.5,5.112792e-06,2.556396e-05,0
21645.0,21650.0,21647.5,1.226918e-06,6.13459e-06,0
21650.0,21655.0,21652.5,2.551264e-06,1.275632e-05,0
21655.0,21660.0,21657.5,2.516372e-06,1.258186e-05,0
21670.0,21675.0,21672.5,1.245252e-06,6.22626e-06,0
21675.0,21680.0,21677.5,2.551264e-06,1.275632e-05,0
21680.0,21685.0,21682.5,2.485536e-06,1.242768e-05,0
21685.0,21690.0,21687.5,1.21374e-06,6.0687e-06,0
21690.0,21695.0,21692.5,1.337524e-06,6.68762e-06,0
21695.0,21700.0,21697.5,2.48117e-06,1.240585e-05,0
21700.0,21705.0,21702.5,1.14837e-06,5.74185e-06,0
21710.0,21715.0,21712.5,1.245252e-06,6.22626e-06,0
21715.0,21720.0,21717.5,1.228728e-06,6.14364e-06,0
21725.0,21730.0,21727.5,2.464506e-06,1.232253e-05,0
21735.0,21740.0,21737.5,1.226918e-06,6.13459e-06,0
21740.0,21745.0,21742.5,2.67469e-06,1.337345e-05,0
21745.0,21750.0,21747.5,1.3328e-06,6.664e-06,0
21750.0,21755.0,21752.5,1.226918e-06,6.13459e-06,0
21760.0,21765.0,21762.5,1.316136e-06,6.58068e-06,0
21770.0,21775.0,21772.5,2.331942e-06,1.165971e-05,0
21785.0,21790.0,21787.5,1.226918e-06,6.13459e-06,0
21800.0,21805.0,21802.5,1.3328e-06,6.664e-06,0
21805.0,21810.0,21807.5,2.521096e-06,1.260548e-05,0
21810.0,21815.0,21812.5,2.393622e-06,1.196811e-05,0
21820.0,21825.0,21822.5,2.559718e-06,1.279859e-05,0
21830.0,21835.0,21832.5,1.21374e-06,6.0687e-06,0
21840.0,21845.0,21842.5,1.226918e-06,6.13459e-06,0
21845.0,21850.0,21847.5,1.316136e-06,6.58068e-06,0
21850.0,21855.0,21852.5,1.245252e-06,6.22626e-06,0
21855.0,21860.0,21857.5,1.316136e-06,6.58068e-06,0
21860.0,21865.0,21862.5,1.3328e-06,6.664e-06,0
21865.0,21870.0,21867.5,4.918346e-06,2.459173e-05,0
21870.0,21875.0,21872.5,1.337166e-06,6.68583e-06,0
21890.0,21895.0,21892.5,1.228728e-06,6.14364e-06,0
21905.0,21910.0,21907.5,2.521096e-06,1.260548e-05,0
21920.0,21925.0,21922.5,1.226918e-06,6.13459e-06,0
21930.0,21935.0,21932.5,2.543054e-06,1.271527e-05,0
21935.0,21940.0,21937.5,1.316136e-06,6.58068e-06,0
21940.0,21945.0,21942.5,2.6656e-06,1.3328e-05,0
21945.0,21950.0,21947.5,1.316136e-06,6.58068e-06,0
21960.0,21965.0,21962.5,2.516372e-06,1.258186e-05,0
21965.0,21970.0,21967.5,2.499708e-06,1.249854e-05,0
21970.0,21975.0,21972.5,1.245252e-06,6.22626e-06,0
21975.0,21980.0,21977.5,1.316136e-06,6.58068e-06,0
22000.0,22005.0,22002.5,1.14837e-06,5.74185e-06,0
22005.0,22010.0,22007.5,1.245252e-06,6.22626e-06,0
22010.0,22015.0,22012.5,2.564084e-06,1.282042e-05,0
22015.0,22020.0,22017.5,1.183572e-06,5.91786e-06,0
22020.0,22025.0,22022.5,3.731146e-06,1.865573e-05,0
22025.0,22030.0,22027.5,1.337166e-06,6.68583e-06,0
22045.0,22050.0,22047.5,6.380294e-06,3.190147e-05,0
22050.0,22055.0,22052.5,1.226918e-06,6.13459e-06,0
22065.0,22070.0,22067.5,2.428824e-06,1.214412e-05,0
22075.0,22080.0,22077.5,1.226918e-06,6.13459e-06,0
22080.0,22085.0,22082.5,1.226918e-06,6.13459e-06,0
22090.0,22095.0,22092.5,1.316136e-06,6.58068e-06,0
22095.0,22100.0,22097.5,1.226918e-06,6.13459e-06,0
22100.0,22105.0,22102.5,2.543054e-06,1.271527e-05,0
22105.0,22110.0,22107.5,2.669966e-06,1.334983e-05,0
22110.0,22115.0,22112.5,1.337524e-06,6.68762e-06,0
22115.0,22120.0,22117.5,1.316136e-06,6.58068e-06,0
22120.0,22125.0,22122.5,1.337524e-06,6.68762e-06,0
22130.0,22135.0,22132.5,3.883706e-06,1.941853e-05,0
22135.0,22140.0,22137.5,2.36714e-06,1.18357e-05,0
22150.0,22155.0,22152.5,1.228728e-06,6.14364e-06,0
22160.0,22165.0,22162.5,2.521096e-06,1.260548e-05,0
22170.0,22175.0,22172.5,3.796516e-06,1.898258e-05,0
22180.0,22185.0,22182.5,2.648936e-06,1.324468e-05,0
22190.0,22195.0,22192.5,2.67504e-06,1.33752e-05,0
22200.0,22205.0,22202.5,2.543054e-06,1.271527e-05,0
22220.0,22225.0,22222.5,1.245252e-06,6.22626e-06,0
22225.0,22230.0,22227.5,1.337524e-06,6.68762e-06,0
22230.0,22235.0,22232.5,1.3328e-06,6.664e-06,0
22235.0,22240.0,22237.5,2.670324e-06,1.335162e-05,0
22245.0,22250.0,22247.5,1.337524e-06,6.68762e-06,0
22260.0,22265.0,22262.5,1.337166e-06,6.68583e-06,0
22265.0,22270.0,22267.5,1.226918e-06,6.13459e-06,0
22275.0,22280.0,22277.5,1.245252e-06,6.22626e-06,0
22285.0,22290.0,22287.5,3.778182e-06,1.889091e-05,0
22290.0,22295.0,22292.5,1.183572e-06,5.91786e-06,0
22300.0,22305.0,22302.5,1.14837e-06,5.74185e-06,0
22305.0,22310.0,22307.5,3.612392e-06,1.806196e-05,0
22320.0,22325.0,22322.5,1.337524e-06,6.68762e-06,0
22330.0,22335.0,22332.5,1.14837e-06,5.74185e-06,0
22335.0,22340.0,22337.5,5.046248e-06,2.523124e-05,0
22345.0,22350.0,22347.5,1.337524e-06,6.68762e-06,0
22350.0,22355.0,22352.5,2.559718e-06,1.279859e-05,0
22355.0,22360.0,22357.5,1.3328e-06,6.664e-06,0
22375.0,22380.0,22377.5,1.316136e-06,6.58068e-06,0
22380.0,22385.0,22382.5,3.682568e-06,1.841284e-05,0
22385.0,22390.0,22387.5,1.228728e-06,6.14364e-06,0
22395.0,22400.0,22397.5,1.245252e-06,6.22626e-06,0
22400.0,22405.0,22402.5,1.14837e-06,5.74185e-06,0
22405.0,22410.0,22407.5,2.544864e-06,1.272432e-05,0
22410.0,22415.0,22412.5,1.337166e-06,6.68583e-06,0
22420.0,22425.0,22422.5,2.65366e-06,1.32683e-05,0
22440.0,22445.0,22442.5,3.682568e-06,1.841284e-05,0
22445.0,22450.0,22447.5,1.337166e-06,6.68583e-06,0
22455.0,22460.0,22457.5,1.21374e-06,6.0687e-06,0
22460.0,22465.0,22462.5,1.337166e-06,6.68583e-06,0
22480.0,22485.0,22482.5,1.337524e-06,6.68762e-06,0
22490.0,22495.0,22492.5,1.316136e-06,6.58068e-06,0
22495.0,22500.0,22497.5,2.63228e-06,1.31614e-05,0
22505.0,22510.0,22507.5,1.245252e-06,6.22626e-06,0
22515.0,22520.0,22517.5,1.316136e-06,6.58068e-06,0
22535.0,22540.0,22537.5,1.226918e-06,6.13459e-06,0
22540.0,22545.0,22542.5,1.337524e-06,6.68762e-06,0
22545.0,22550.0,22547.5,1.3328e-06,6.664e-06,0
22555.0,22560.0,22557.5,1.21374e-06,6.0687e-06,0
22560.0,22565.0,22562.5,1.337524e-06,6.68762e-06,0
22565.0,22570.0,22567.5,2.521096e-06,1.260548e-05,0
22575.0,22580.0,22577.5,1.316136e-06,6.58068e-06,0
22580.0,22585.0,22582.5,1.3328e-06,6.664e-06,0
22585.0,22590.0,22587.5,1.337524e-06,6.68762e-06,0
22595.0,22600.0,22597.5,1.183572e-06,5.91786e-06,0
22605.0,22610.0,22607.5,1.316136e-06,6.58068e-06,0
22610.0,22615.0,22612.5,2.578052e-06,1.289026e-05,0
22615.0,22620.0,22617.5,2.48117e-06,1.240585e-05,0
22620.0,22625.0,22622.5,2.648936e-06,1.324468e-05,0
22625.0,22630.0,22627.5,1.245252e-06,6.22626e-06,0
22640.0,22645.0,22642.5,1.316136e-06,6.58068e-06,0
22645.0,22650.0,22647.5,1.226918e-06,6.13459e-06,0
22660.0,22665.0,22662.5,2.543054e-06,1.271527e-05,0
22665.0,22670.0,22667.5,1.245252e-06,6.22626e-06,0
22690.0,22695.0,22692.5,1.3328e-06,6.664e-06,0
22725.0,22730.0,22727.5,2.47217e-06,1.236085e-05,0
22735.0,22740.0,22737.5,1.316136e-06,6.58068e-06,0
22750.0,22755.0,22752.5,1.337166e-06,6.68583e-06,0
22755.0,22760.0,22757.5,2.670324e-06,1.335162e-05,0
22770.0,22775.0,22772.5,2.36211e-06,1.181055e-05,0
22790.0,22795.0,22792.5,1.3328e-06,6.664e-06,0
22795.0,22800.0,22797.5,1.21374e-06,6.0687e-06,0
22810.0,22815.0,22812.5,1.337524e-06,6.68762e-06,0
22815.0,22820.0,22817.5,1.183572e-06,5.91786e-06,0
22840.0,22845.0,22842.5,1.3328e-06,6.664e-06,0
22855.0,22860.0,22857.5,2.670324e-06,1.335162e-05,0
22860.0,22865.0,22862.5,2.499708e-06,1.249854e-05,0
22865.0,22870.0,22867.5,2.65366e-06,1.32683e-05,0
22890.0,22895.0,22892.5,2.550906e-06,1.275453e-05,0
22895.0,22900.0,22897.5,3.778182e-06,1.889091e-05,0
22900.0,22905.0,22902.5,1.245252e-06,6.22626e-06,0
22905.0,22910.0,22907.5,1.245252e-06,6.22626e-06,0
22910.0,22915.0,22912.5,1.337524e-06,6.68762e-06,0
22915.0,22920.0,22917.5,1.337166e-06,6.68583e-06,0
22920.0,22925.0,22922.5,1.337524e-06,6.68762e-06,0
22925.0,22930.0,22927.5,1.245252e-06,6.22626e-06,0
22930.0,22935.0,22932.5,1.245252e-06,6.22626e-06,0
22950.0,22955.0,22952.5,1.14837e-06,5.74185e-06,0
22960.0,22965.0,22962.5,1.316136e-06,6.58068e-06,0
22965.0,22970.0,22967.5,1.337524e-06,6.68762e-06,0
22970.0,22975.0,22972.5,1.226918e-06,6.13459e-06,0
22985.0,22990.0,22987.5,1.245252e-06,6.22626e-06,0
22990.0,22995.0,22992.5,1.337524e-06,6.68762e-06,0
22995.0,23000.0,22997.5,2.41049e-06,1.205245e-05,0
23005.0,23010.0,23007.5,1.337524e-06,6.68762e-06,0
23010.0,23015.0,23012.5,1.337524e-06,6.68762e-06,0
23020.0,23025.0,23022.5,1.337524e-06,6.68762e-06,0
23025.0,23030.0,23027.5,2.648936e-06,1.324468e-05,0
23045.0,23050.0,23047.5,1.3328e-06,6.664e-06,0
23055.0,23060.0,23057.5,1.245252e-06,6.22626e-06,0
23060.0,23065.0,23062.5,1.337524e-06,6.68762e-06,0
23075.0,23080.0,23077.5,1.226918e-06,6.13459e-06,0
23080.0,23085.0,23082.5,3.990826e-06,1.995413e-05,0
23110.0,23115.0,23112.5,2.393622e-06,1.196811e-05,0
23115.0,23120.0,23117.5,1.337524e-06,6.68762e-06,0
23120.0,23125.0,23122.5,1.316136e-06,6.58068e-06,0
23130.0,23135.0,23132.5,1.316136e-06,6.58068e-06,0
23135.0,23140.0,23137.5,1.337524e-06,6.68762e-06,0
23170.0,23175.0,23172.5,1.337524e-06,6.68762e-06,0
23175.0,23180.0,23177.5,1.21374e-06,6.0687e-06,0
23190.0,23195.0,23192.5,1.228728e-06,6.14364e-06,0
23205.0,23210.0,23207.5,1.226918e-06,6.13459e-06,0
23215.0,23220.0,23217.5,1.226918e-06,6.13459e-06,0
23220.0,23225.0,23222.5,2.551264e-06,1.275632e-05,0
23225.0,23230.0,23227.5,3.849172e-06,1.924586e-05,0
23235.0,23240.0,23237.5,1.183572e-06,5.91786e-06,0
23240.0,23245.0,23242.5,1.3328e-06,6.664e-06,0
23245.0,23250.0,23247.5,1.316136e-06,6.58068e-06,0
23250.0,23255.0,23252.5,2.670324e-06,1.335162e-05,0
23260.0,23265.0,23262.5,2.543054e-06,1.271527e-05,0
23275.0,23280.0,23277.5,1.337524e-06,6.68762e-06,0
23285.0,23290.0,23287.5,1.3328e-06,6.664e-06,0
23315.0,23320.0,23317.5,1.3328e-06,6.664e-06,0
23320.0,23325.0,23322.5,3.731146e-06,1.865573e-05,0
23325.0,23330.0,23327.5,1.337166e-06,6.68583e-06,0
23340.0,23345.0,23342.5,2.67504e-06,1.33752e-05,0
23370.0,23375.0,23372.5,1.337524e-06,6.68762e-06,0
23375.0,23380.0,23377.5,1.337524e-06,6.68762e-06,0
23385.0,23390.0,23387.5,1.14837e-06,5.74185e-06,0
23440.0,23445.0,23442.5,1.337524e-06,6.68762e-06,0
23445.0,23450.0,23447.5,2.551264e-06,1.275632e-05,0
23455.0,23460.0,23457.5,2.440658e-06,1.220329e-05,0
23465.0,23470.0,23467.5,2.45384e-06,1.22692e-05,0
23470.0,23475.0,23472.5,1.226918e-06,6.13459e-06,0
23480.0,23485.0,23482.5,1.183572e-06,5.91786e-06,0
23485.0,23490.0,23487.5,1.245252e-06,6.22626e-06,0
23495.0,23500.0,23497.5,1.245252e-06,6.22626e-06,0
23500.0,23505.0,23502.5,4.003124e-06,2.001562e-05,0
23545.0,23550.0,23547.5,2.561388e-06,1.280694e-05,0
23550.0,23555.0,23552.5,1.228728e-06,6.14364e-06,0
23555.0,23560.0,23557.5,1.14837e-06,5.74185e-06,0
23585.0,23590.0,23587.5,3.797306e-06,1.898653e-05,0
23590.0,23595.0,23592.5,1.245252e-06,6.22626e-06,0
23600.0,23605.0,23602.5,1.245252e-06,6.22626e-06,0
23605.0,23610.0,23607.5,1.337524e-06,6.68762e-06,0
23620.0,23625.0,23622.5,2.440658e-06,1.220329e-05,0
23625.0,23630.0,23627.5,1.183572e-06,5.91786e-06,0
23650.0,23655.0,23652.5,1.226918e-06,6.13459e-06,0
23675.0,23680.0,23677.5,2.551264e-06,1.275632e-05,0
23690.0,23695.0,23692.5,2.564442e-06,1.282221e-05,0
23700.0,23705.0,23702.5,2.67504e-06,1.33752e-05,0
23705.0,23710.0,23707.5,1.337524e-06,6.68762e-06,0
23710.0,23715.0,23712.5,1.3328e-06,6.664e-06,0
23720.0,23725.0,23722.5,1.316136e-06,6.58068e-06,0
23745.0,23750.0,23747.5,1.3328e-06,6.664e-06,0
23760.0,23765.0,23762.5,2.653302e-06,1.326651e-05,0
23770.0,23775.0,23772.5,1.3328e-06,6.664e-06,0
23775.0,23780.0,23777.5,1.337524e-06,6.68762e-06,0
23780.0,23785.0,23782.5,1.316136e-06,6.58068e-06,0
23790.0,23795.0,23792.5,1.226918e-06,6.13459e-06,0
23795.0,23800.0,23797.5,2.458992e-06,1.229496e-05,0
23800.0,23805.0,23802.5,3.709758e-06,1.854879e-05,0
23825.0,23830.0,23827.5,2.45384e-06,1.22692e-05,0
23830.0,23835.0,23832.5,1.3328e-06,6.664e-06,0
23840.0,23845.0,23842.5,1.14837e-06,5.74185e-06,0
23855.0,23860.0,23857.5,1.226918e-06,6.13459e-06,0
23860.0,23865.0,23862.5,1.3328e-06,6.664e-06,0
23875.0,23880.0,23877.5,2.670324e-06,1.335162e-05,0
23880.0,23885.0,23882.5,1.226918e-06,6.13459e-06,0
23885.0,23890.0,23887.5,1.316136e-06,6.58068e-06,0
23910.0,23915.0,23912.5,1.3328e-06,6.664e-06,0
23915.0,23920.0,23917.5,2.4123e-06,1.20615e-05,0
23920.0,23925.0,23922.5,3.769976e-06,1.884988e-05,0
23925.0,23930.0,23927.5,1.228728e-06,6.14364e-06,0
23940.0,23945.0,23942.5,1.337524e-06,6.68762e-06,0
23945.0,23950.0,23947.5,1.3328e-06,6.664e-06,0
23955.0,23960.0,23957.5,1.337524e-06,6.68762e-06,0
23965.0,23970.0,23967.5,1.245252e-06,6.22626e-06,0
23990.0,23995.0,23992.5,1.3328e-06,6.664e-06,0
24010.0,24015.0,24012.5,2.67504e-06,1.33752e-05,0
24015.0,24020.0,24017.5,1.226918e-06,6.13459e-06,0
24040.0,24045.0,24042.5,1.21374e-06,6.0687e-06,0
24055.0,24060.0,24057.5,1.316136e-06,6.58068e-06,0
24070.0,24075.0,24072.5,1.337524e-06,6.68762e-06,0
24085.0,24090.0,24087.5,1.21374e-06,6.0687e-06,0
24090.0,24095.0,24092.5,1.21374e-06,6.0687e-06,0
24095.0,24100.0,24097.5,1.228728e-06,6.14364e-06,0
24110.0,24115.0,24112.5,2.653302e-06,1.326651e-05,0
24130.0,24135.0,24132.5,1.337524e-06,6.68762e-06,0
24140.0,24145.0,24142.5,1.14837e-06,5.74185e-06,0
24145.0,24150.0,24147.5,1.3328e-06,6.664e-06,0
24150.0,24155.0,24152.5,1.14837e-06,5.74185e-06,0
24165.0,24170.0,24167.5,2.4123e-06,1.20615e-05,0
24170.0,24175.0,24172.5,2.442468e-06,1.221234e-05,0
24190.0,24195.0,24192.5,1.183572e-06,5.91786e-06,0
24205.0,24210.0,24207.5,1.228728e-06,6.14364e-06,0
24225.0,24230.0,24227.5,2.516372e-06,1.258186e-05,0
24230.0,24235.0,24232.5,1.3328e-06,6.664e-06,0
24235.0,24240.0,24237.5,2.559718e-06,1.279859e-05,0
24260.0,24265.0,24262.5,2.67504e-06,1.33752e-05,0
24270.0,24275.0,24272.5,1.14837e-06,5.74185e-06,0
24305.0,24310.0,24307.5,1.228728e-06,6.14364e-06,0
24310.0,24315.0,24312.5,1.245252e-06,6.22626e-06,0
24315.0,24320.0,24317.5,1.337524e-06,6.68762e-06,0
24320.0,24325.0,24322.5,1.316136e-06,6.58068e-06,0
24340.0,24345.0,24342.5,1.337524e-06,6.68762e-06,0
24345.0,24350.0,24347.5,1.226918e-06,6.13459e-06,0
24350.0,24355.0,24352.5,1.337166e-06,6.68583e-06,0
24360.0,24365.0,24362.5,1.21374e-06,6.0687e-06,0
24375.0,24380.0,24377.5,1.316136e-06,6.58068e-06,0
24380.0,24385.0,24382.5,1.245252e-06,6.22626e-06,0
24390.0,24395.0,24392.5,1.337524e-06,6.68762e-06,0
24395.0,24400.0,24397.5,1.337524e-06,6.68762e-06,0
24435.0,24440.0,24437.5,1.316136e-06,6.58068e-06,0
24445.0,24450.0,24447.5,1.337524e-06,6.68762e-06,0
24470.0,24475.0,24472.5,1.337524e-06,6.68762e-06,0
24500.0,24505.0,24502.5,1.245252e-06,6.22626e-06,0
24505.0,24510.0,24507.5,1.228728e-06,6.14364e-06,0
24510.0,24515.0,24512.5,1.14837e-06,5.74185e-06,0
24530.0,24535.0,24532.5,1.337524e-06,6.68762e-06,0
24540.0,24545.0,24542.5,1.21374e-06,6.0687e-06,0
24545.0,24550.0,24547.5,1.14837e-06,5.74185e-06,0
24550.0,24555.0,24552.5,1.337524e-06,6.68762e-06,0
24555.0,24560.0,24557.5,1.245252e-06,6.22626e-06,0
24575.0,24580.0,24577.5,2.564442e-06,1.282221e-05,0
24585.0,24590.0,24587.5,1.245252e-06,6.22626e-06,0
24620.0,24625.0,24622.5,1.21374e-06,6.0687e-06,0
24635.0,24640.0,24637.5,1.14837e-06,5.74185e-06,0
24640.0,24645.0,24642.5,1.337524e-06,6.68762e-06,0
24650.0,24655.0,24652.5,1.21374e-06,6.0687e-06,0
24655.0,24660.0,24657.5,2.393622e-06,1.196811e-05,0
24660.0,24665.0,24662.5,1.3328e-06,6.664e-06,0
24665.0,24670.0,24667.5,1.316136e-06,6.58068e-06,0
24675.0,24680.0,24677.5,1.3328e-06,6.664e-06,0
24680.0,24685.0,24682.5,2.6656e-06,1.3328e-05,0
24685.0,24690.0,24687.5,1.337524e-06,6.68762e-06,0
24705.0,24710.0,24707.5,1.183572e-06,5.91786e-06,0
24715.0,24720.0,24717.5,2.499708e-06,1.249854e-05,0
24720.0,24725.0,24722.5,1.3328e-06,6.664e-06,0
24730.0,24735.0,24732.5,1.183572e-06,5.91786e-06,0
24735.0,24740.0,24737.5,1.337524e-06,6.68762e-06,0
24740.0,24745.0,24742.5,1.14837e-06,5.74185e-06,0
24745.0,24750.0,24747.5,2.29674e-06,1.14837e-05,0
24750.0,24755.0,24752.5,2.670324e-06,1.335162e-05,0
24780.0,24785.0,24782.5,1.21374e-06,6.0687e-06,0
24785.0,24790.0,24787.5,1.14837e-06,5.74185e-06,0
24805.0,24810.0,24807.5,2.6656e-06,1.3328e-05,0
24820.0,24825.0,24822.5,1.3328e-06,6.664e-06,0
24835.0,24840.0,24837.5,1.21374e-06,6.0687e-06,0
24840.0,24845.0,24842.5,1.316136e-06,6.58068e-06,0
24855.0,24860.0,24857.5,2.67504e-06,1.33752e-05,0
24865.0,24870.0,24867.5,1.337524e-06,6.68762e-06,0
24870.0,24875.0,24872.5,1.245252e-06,6.22626e-06,0
24885.0,24890.0,24887.5,1.337524e-06,6.68762e-06,0
24910.0,24915.0,24912.5,1.226918e-06,6.13459e-06,0
24935.0,24940.0,24937.5,2.65366e-06,1.32683e-05,0
24950.0,24955.0,24952.5,1.3328e-06,6.664e-06,0
24955.0,24960.0,24957.5,1.14837e-06,5.74185e-06,0
24960.0,24965.0,24962.5,2.440658e-06,1.220329e-05,0
24965.0,24970.0,24967.5,1.245252e-06,6.22626e-06,0
24985.0,24990.0,24987.5,1.14837e-06,5.74185e-06,0
24990.0,24995.0,24992.5,1.337524e-06,6.68762e-06,0
25000.0,25005.0,25002.5,1.316136e-06,6.58068e-06,0
25015.0,25020.0,25017.5,1.226918e-06,6.13459e-06,0
25020.0,25025.0,25022.5,1.337524e-06,6.68762e-06,0
25030.0,25035.0,25032.5,1.3328e-06,6.664e-06,0
25040.0,25045.0,25042.5,1.3328e-06,6.664e-06,0
25045.0,25050.0,25047.5,1.21374e-06,6.0687e-06,0
25050.0,25055.0,25052.5,1.337524e-06,6.68762e-06,0
25060.0,25065.0,25062.5,2.485894e-06,1.242947e-05,0
25065.0,25070.0,25067.5,1.21374e-06,6.0687e-06,0
25070.0,25075.0,25072.5,1.226918e-06,6.13459e-06,0
25075.0,25080.0,25077.5,1.245252e-06,6.22626e-06,0
25105.0,25110.0,25107.5,1.226918e-06,6.13459e-06,0
25115.0,25120.0,25117.5,1.226918e-06,6.13459e-06,0
25125.0,25130.0,25127.5,1.316136e-06,6.58068e-06,0
25150.0,25155.0,25152.5,1.21374e-06,6.0687e-06,0
25155.0,25160.0,25157.5,2.564442e-06,1.282221e-05,0
25160.0,25165.0,25162.5,2.485894e-06,1.242947e-05,0
25165.0,25170.0,25167.5,1.228728e-06,6.14364e-06,0
25190.0,25195.0,25192.5,2.67504e-06,1.33752e-05,0
25250.0,25255.0,25252.5,1.21374e-06,6.0687e-06,0
25260.0,25265.0,25262.5,1.14837e-06,5.74185e-06,0
25270.0,25275.0,25272.5,1.226918e-06,6.13459e-06,0
25275.0,25280.0,25277.5,1.316136e-06,6.58068e-06,0
25280.0,25285.0,25282.5,1.226918e-06,6.13459e-06,0
25295.0,25300.0,25297.5,1.337524e-06,6.68762e-06,0
25300.0,25305.0,25302.5,1.21374e-06,6.0687e-06,0
25320.0,25325.0,25322.5,1.3328e-06,6.664e-06,0
25335.0,25340.0,25337.5,1.226918e-06,6.13459e-06,0
25370.0,25375.0,25372.5,1.3328e-06,6.664e-06,0
25385.0,25390.0,25387.5,1.228728e-06,6.14364e-06,0
25470.0,25475.0,25472.5,1.337166e-06,6.68583e-06,0
25480.0,25485.0,25482.5,1.14837e-06,5.74185e-06,0
25490.0,25495.0,25492.5,1.337524e-06,6.68762e-06,0
25500.0,25505.0,25502.5,1.183572e-06,5.91786e-06,0
25535.0,25540.0,25537.5,1.21374e-06,6.0687e-06,0
25540.0,25545.0,25542.5,1.21374e-06,6.0687e-06,0
25570.0,25575.0,25572.5,1.337166e-06,6.68583e-06,0
25580.0,25585.0,25582.5,1.337524e-06,6.68762e-06,0
25595.0,25600.0,25597.5,1.245252e-06,6.22626e-06,0
25610.0,25615.0,25612.5,1.14837e-06,5.74185e-06,0
25630.0,25635.0,25632.5,1.337524e-06,6.68762e-06,0
25640.0,25645.0,25642.5,2.65366e-06,1.32683e-05,0
25660.0,25665.0,25662.5,1.337524e-06,6.68762e-06,0
25670.0,25675.0,25672.5,1.14837e-06,5.74185e-06,0
25705.0,25710.0,25707.5,1.21374e-06,6.0687e-06,0
25710.0,25715.0,25712.5,1.337524e-06,6.68762e-06,0
25715.0,25720.0,25717.5,1.316136e-06,6.58068e-06,0
25725.0,25730.0,25727.5,1.14837e-06,5.74185e-06,0
25740.0,25745.0,25742.5,1.337524e-06,6.68762e-06,0
25750.0,25755.0,25752.5,1.245252e-06,6.22626e-06,0
25785.0,25790.0,25787.5,1.228728e-06,6.14364e-06,0
25800.0,25805.0,25802.5,1.337166e-06,6.68583e-06,0
25815.0,25820.0,25817.5,1.14837e-06,5.74185e-06,0
25825.0,25830.0,25827.5,2.4123e-06,1.20615e-05,0
25845.0,25850.0,25847.5,1.3328e-06,6.664e-06,0
25865.0,25870.0,25867.5,1.183572e-06,5.91786e-06,0
25885.0,25890.0,25887.5,1.183572e-06,5.91786e-06,0
25890.0,25895.0,25892.5,2.521096e-06,1.260548e-05,0
25900.0,25905.0,25902.5,1.183572e-06,5.91786e-06,0
25960.0,25965.0,25962.5,1.21374e-06,6.0687e-06,0
25965.0,25970.0,25967.5,2.65366e-06,1.32683e-05,0
25970.0,25975.0,25972.5,1.337524e-06,6.68762e-06,0
25975.0,25980.0,25977.5,1.183572e-06,5.91786e-06,0
25990.0,25995.0,25992.5,1.3328e-06,6.664e-06,0
25995.0,26000.0,25997.5,1.316136e-06,6.58068e-06,0
26000.0,26005.0,26002.5,1.21374e-06,6.0687e-06,0
26025.0,26030.0,26027.5,1.3328e-06,6.664e-06,0
26030.0,26035.0,26032.5,1.337524e-06,6.68762e-06,0
26050.0,26055.0,26052.5,1.21374e-06,6.0687e-06,0
26085.0,26090.0,26087.5,2.648936e-06,1.324468e-05,0
26090.0,26095.0,26092.5,1.316136e-06,6.58068e-06,0
26100.0,26105.0,26102.5,1.337524e-06,6.68762e-06,0
26105.0,26110.0,26107.5,1.183572e-06,5.91786e-06,0
26150.0,26155.0,26152.5,1.183572e-06,5.91786e-06,0
26155.0,26160.0,26157.5,1.337524e-06,6.68762e-06,0
26165.0,26170.0,26167.5,1.226918e-06,6.13459e-06,0
26190.0,26195.0,26192.5,1.183572e-06,5.91786e-06,0
26240.0,26245.0,26242.5,1.21374e-06,6.0687e-06,0
26250.0,26255.0,26252.5,2.458992e-06,1.229496e-05,0
26270.0,26275.0,26272.5,1.316136e-06,6.58068e-06,0
26290.0,26295.0,26292.5,1.316136e-06,6.58068e-06,0
26310.0,26315.0,26312.5,1.337524e-06,6.68762e-06,0
26330.0,26335.0,26332.5,1.226918e-06,6.13459e-06,0
26350.0,26355.0,26352.5,2.67504e-06,1.33752e-05,0
26355.0,26360.0,26357.5,1.14837e-06,5.74185e-06,0
26365.0,26370.0,26367.5,1.226918e-06,6.13459e-06,0
26375.0,26380.0,26377.5,1.337524e-06,6.68762e-06,0
26395.0,26400.0,26397.5,1.3328e-06,6.664e-06,0
26415.0,26420.0,26417.5,1.183572e-06,5.91786e-06,0
26425.0,26430.0,26427.5,1.245252e-06,6.22626e-06,0
26440.0,26445.0,26442.5,1.183572e-06,5.91786e-06,0
26450.0,26455.0,26452.5,1.337524e-06,6.68762e-06,0
26465.0,26470.0,26467.5,1.228728e-06,6.14364e-06,0
26480.0,26485.0,26482.5,1.3328e-06,6.664e-06,0
26555.0,26560.0,26557.5,1.337524e-06,6.68762e-06,0
26565.0,26570.0,26567.5,1.3328e-06,6.664e-06,0
26570.0,26575.0,26572.5,1.316136e-06,6.58068e-06,0
26580.0,26585.0,26582.5,1.21374e-06,6.0687e-06,0
26585.0,26590.0,26587.5,1.337524e-06,6.68762e-06,0
26645.0,26650.0,26647.5,1.183572e-06,5.91786e-06,0
26655.0,26660.0,26657.5,1.21374e-06,6.0687e-06,0
26665.0,26670.0,26667.5,1.183572e-06,5.91786e-06,0
26670.0,26675.0,26672.5,1.3328e-06,6.664e-06,0
26680.0,26685.0,26682.5,1.226918e-06,6.13459e-06,0
26700.0,26705.0,26702.5,1.21374e-06,6.0687e-06,0
26735.0,26740.0,26737.5,1.3328e-06,6.664e-06,0
26755.0,26760.0,26757.5,1.316136e-06,6.58068e-06,0
26800.0,26805.0,26802.5,6.229184e-06,3.114592e-05,0
26835.0,26840.0,26837.5,1.245252e-06,6.22626e-06,0
26860.0,26865.0,26862.5,1.21374e-06,6.0687e-06,0
26940.0,26945.0,26942.5,1.226918e-06,6.13459e-06,0
26950.0,26955.0,26952.5,1.337524e-06,6.68762e-06,0
26965.0,26970.0,26967.5,1.183572e-06,5.91786e-06,0
26970.0,26975.0,26972.5,1.245252e-06,6.22626e-06,0
26975.0,26980.0,26977.5,1.14837e-06,5.74185e-06,0
26980.0,26985.0,26982.5,1.226918e-06,6.13459e-06,0
27000.0,27005.0,27002.5,2.564442e-06,1.282221e-05,0
27100.0,27105.0,27102.5,1.14837e-06,5.74185e-06,0
27155.0,27160.0,27157.5,1.337524e-06,6.68762e-06,0
27195.0,27200.0,27197.5,1.337166e-06,6.68583e-06,0
27215.0,27220.0,27217.5,1.316136e-06,6.58068e-06,0
27225.0,27230.0,27227.5,1.337166e-06,6.68583e-06,0
27245.0,27250.0,27247.5,1.316136e-06,6.58068e-06,0
27275.0,27280.0,27277.5,1.226918e-06,6.13459e-06,0
27305.0,27310.0,27307.5,1.337524e-06,6.68762e-06,0
27315.0,27320.0,27317.5,2.48117e-06,1.240585e-05,0
27340.0,27345.0,27342.5,1.226918e-06,6.13459e-06,0
27345.0,27350.0,27347.5,1.226918e-06,6.13459e-06,0
27380.0,27385.0,27382.5,1.226918e-06,6.13459e-06,0
27395.0,27400.0,27397.5,1.3328e-06,6.664e-06,0
27400.0,27405.0,27402.5,1.337524e-06,6.68762e-06,0
27430.0,27435.0,27432.5,1.14837e-06,5.74185e-06,0
27440.0,27445.0,27442.5,1.245252e-06,6.22626e-06,0
27460.0,27465.0,27462.5,4.990352e-06,2.495176e-05,0
27530.0,27535.0,27532.5,1.3328e-06,6.664e-06,0
27535.0,27540.0,27537.5,1.3328e-06,6.664e-06,0
27540.0,27545.0,27542.5,1.14837e-06,5.74185e-06,0
27560.0,27565.0,27562.5,2.582776e-06,1.291388e-05,0
27620.0,27625.0,27622.5,2.36714e-06,1.18357e-05,0
27630.0,27635.0,27632.5,1.337524e-06,6.68762e-06,0
27640.0,27645.0,27642.5,1.21374e-06,6.0687e-06,0
27675.0,27680.0,27677.5,1.3328e-06,6.664e-06,0
27720.0,27725.0,27722.5,1.183572e-06,5.91786e-06,0
27725.0,27730.0,27727.5,1.3328e-06,6.664e-06,0
27745.0,27750.0,27747.5,1.337524e-06,6.68762e-06,0
27765.0,27770.0,27767.5,1.245252e-06,6.22626e-06,0
27810.0,27815.0,27812.5,1.337524e-06,6.68762e-06,0
27815.0,27820.0,27817.5,2.499708e-06,1.249854e-05,0
27825.0,27830.0,27827.5,1.226918e-06,6.13459e-06,0
27835.0,27840.0,27837.5,1.337524e-06,6.68762e-06,0
27840.0,27845.0,27842.5,1.316136e-06,6.58068e-06,0
27945.0,27950.0,27947.5,1.245252e-06,6.22626e-06,0
28005.0,28010.0,28007.5,1.226918e-06,6.13459e-06,0
28055.0,28060.0,28057.5,1.14837e-06,5.74185e-06,0
28090.0,28095.0,28092.5,1.3328e-06,6.664e-06,0
28100.0,28105.0,28102.5,1.226918e-06,6.13459e-06,0
28125.0,28130.0,28127.5,1.316136e-06,6.58068e-06,0
28130.0,28135.0,28132.5,1.316136e-06,6.58068e-06,0
28190.0,28195.0,28192.5,1.337524e-06,6.68762e-06,0
28265.0,28270.0,28267.5,2.551264e-06,1.275632e-05,0
28290.0,28295.0,28292.5,1.14837e-06,5.74185e-06,0
28315.0,28320.0,28317.5,1.183572e-06,5.91786e-06,0
28350.0,28355.0,28352.5,1.226918e-06,6.13459e-06,0
28360.0,28365.0,28362.5,2.564084e-06,1.282042e-05,0
28410.0,28415.0,28412.5,1.337166e-06,6.68583e-06,0
28450.0,28455.0,28452.5,1.21374e-06,6.0687e-06,0
28455.0,28460.0,28457.5,1.21374e-06,6.0687e-06,0
28485.0,28490.0,28487.5,2.670324e-06,1.335162e-05,0
28495.0,28500.0,28497.5,1.337524e-06,6.68762e-06,0
28510.0,28515.0,28512.5,1.316136e-06,6.58068e-06,0
28605.0,28610.0,28607.5,1.245252e-06,6.22626e-06,0
28665.0,28670.0,28667.5,1.183572e-06,5.91786e-06,0
28670.0,28675.0,28672.5,1.337524e-06,6.68762e-06,0
28675.0,28680.0,28677.5,1.228728e-06,6.14364e-06,0
28680.0,28685.0,28682.5,1.228728e-06,6.14364e-06,0
28745.0,28750.0,28747.5,1.337524e-06,6.68762e-06,0
28805.0,28810.0,28807.5,1.3328e-06,6.664e-06,0
28820.0,28825.0,28822.5,1.337524e-06,6.68762e-06,0
28825.0,28830.0,28827.5,1.337524e-06,6.68762e-06,0
28870.0,28875.0,28872.5,1.245252e-06,6.22626e-06,0
28875.0,28880.0,28877.5,1.245252e-06,6.22626e-06,0
29045.0,29050.0,29047.5,1.316136e-06,6.58068e-06,0
29140.0,29145.0,29142.5,1.226918e-06,6.13459e-06,0
29155.0,29160.0,29157.5,1.337524e-06,6.68762e-06,0
29180.0,29185.0,29182.5,1.3328e-06,6.664e-06,0
29275.0,29280.0,29277.5,1.337524e-06,6.68762e-06,0
29295.0,29300.0,29297.5,1.183572e-06,5.91786e-06,0
29320.0,29325.0,29322.5,1.183572e-06,5.91786e-06,0
29355.0,29360.0,29357.5,1.14837e-06,5.74185e-06,0
29420.0,29425.0,29422.5,1.245252e-06,6.22626e-06,0
29450.0,29455.0,29452.5,1.183572e-06,5.91786e-06,0
29500.0,29505.0,29502.5,1.337524e-06,6.68762e-06,0
29660.0,29665.0,29662.5,1.226918e-06,6.13459e-06,0
29670.0,29675.0,29672.5,1.316136e-06,6.58068e-06,0
29695.0,29700.0,29697.5,1.183572e-06,5.91786e-06,0
29735.0,29740.0,29737.5,2.54654e-06,1.27327e-05,0
29750.0,29755.0,29752.5,1.316136e-06,6.58068e-06,0
29755.0,29760.0,29757.5,1.21374e-06,6.0687e-06,0
29765.0,29770.0,29767.5,1.226918e-06,6.13459e-06,0
29845.0,29850.0,29847.5,1.337524e-06,6.68762e-06,0
29870.0,29875.0,29872.5,1.21374e-06,6.0687e-06,0
29875.0,29880.0,29877.5,1.183572e-06,5.91786e-06,0
29900.0,29905.0,29902.5,1.3328e-06,6.664e-06,0
29930.0,29935.0,29932.5,1.3328e-06,6.664e-06,0
29945.0,29950.0,29947.5,1.316136e-06,6.58068e-06,0
30040.0,30045.0,30042.5,1.3328e-06,6.664e-06,0
30055.0,30060.0,30057.5,1.337524e-06,6.68762e-06,0
30075.0,30080.0,30077.5,1.245252e-06,6.22626e-06,0
30235.0,30240.0,30237.5,1.337524e-06,6.68762e-06,0
30285.0,30290.0,30287.5,1.245252e-06,6.22626e-06,0
30380.0,30385.0,30382.5,1.3328e-06,6.664e-06,0
30540.0,30545.0,30542.5,1.337524e-06,6.68762e-06,0
30800.0,30805.0,30802.5,1.337166e-06,6.68583e-06,0
30865.0,30870.0,30867.5,1.3328e-06,6.664e-06,0
30870.0,30875.0,30872.5,1.337524e-06,6.68762e-06,0
30875.0,30880.0,30877.5,1.245252e-06,6.22626e-06,0
30940.0,30945.0,30942.5,1.3328e-06,6.664e-06,0
30965.0,30970.0,30967.5,1.228728e-06,6.14364e-06,0
31110.0,31115.0,31112.5,1.228728e-06,6.14364e-06,0
31235.0,31240.0,31237.5,1.337524e-06,6.68762e-06,0
31270.0,31275.0,31272.5,1.337524e-06,6.68762e-06,0
31275.0,31280.0,31277.5,1.183572e-06,5.91786e-06,0
31430.0,31435.0,31432.5,1.337524e-06,6.68762e-06,0
31555.0,31560.0,31557.5,1.337524e-06,6.68762e-06,0
31665.0,31670.0,31667.5,1.337524e-06,6.68762e-06,0
31670.0,31675.0,31672.5,1.228728e-06,6.14364e-06,0
31705.0,31710.0,31707.5,1.337524e-06,6.68762e-06,0
31835.0,31840.0,31837.5,1.316136e-06,6.58068e-06,0
32060.0,32065.0,32062.5,1.14837e-06,5.74185e-06,0
32070.0,32075.0,32072.5,1.337524e-06,6.68762e-06,0
32515.0,32520.0,32517.5,1.226918e-06,6.13459e-06,0
32545.0,32550.0,32547.5,1.337524e-06,6.68762e-06,0
32580.0,32585.0,32582.5,1.183572e-06,5.91786e-06,0
32595.0,32600.0,32597.5,1.21374e-06,6.0687e-06,0
32650.0,32655.0,32652.5,1.21374e-06,6.0687e-06,0
32885.0,32890.0,32887.5,1.337166e-06,6.68583e-06,0
33010.0,33015.0,33012.5,1.337524e-06,6.68762e-06,0
33150.0,33155.0,33152.5,1.21374e-06,6.0687e-06,0
33245.0,33250.0,33247.5,1.316136e-06,6.58068e-06,0
33460.0,33465.0,33462.5,1.226918e-06,6.13459e-06,0
33645.0,33650.0,33647.5,1.337524e-06,6.68762e-06,0
33685.0,33690.0,33687.5,1.3328e-06,6.664e-06,0
33855.0,33860.0,33857.5,1.337524e-06,6.68762e-06,0
34020.0,34025.0,34022.5,1.21374e-06,6.0687e-06,0
34240.0,34245.0,34242.5,1.337524e-06,6.68762e-06,0
34485.0,34490.0,34487.5,1.337524e-06,6.68762e-06,0
34830.0,34835.0,34832.5,1.337524e-06,6.68762e-06,0
34990.0,34995.0,34992.5,1.183572e-06,5.91786e-06,0
35160.0,35165.0,35162.5,1.337524e-06,6.68762e-06,0
35425.0,35430.0,35427.5,1.337524e-06,6.68762e-06,0
35705.0,35710.0,35707.5,1.14837e-06,5.74185e-06,0
35735.0,35740.0,35737.5,1.337524e-06,6.68762e-06,0
35885.0,35890.0,35887.5,1.245252e-06,6.22626e-06,0
36570.0,36575.0,36572.5,1.245252e-06,6.22626e-06,0
36980.0,36985.0,36982.5,1.316136e-06,6.58068e-06,0
37425.0,37430.0,37427.5,1.226918e-06,6.13459e-06,0
37795.0,37800.0,37797.5,1.21374e-06,6.0687e-06,0
38025.0,38030.0,38027.5,1.316136e-06,6.58068e-06,0
39250.0,39255.0,39252.5,1.337524e-06,6.68762e-06,0
107340.0,107345.0,107342.5,1.21374e-06,6.0687e-06,0
