bin_start_us,bin_end_us,bin_mid_us,pdf_per_us,probability,count
210.0,215.0,212.5,0.04899534,0.2449767,0
215.0,220.0,217.5,0.08389938,0.4194969,0
220.0,225.0,222.5,0.017428274,0.08714137,0
225.0,230.0,227.5,0.0020740748,0.010370374,0
230.0,235.0,232.5,0.0007288888,0.003644444,0
245.0,250.0,247.5,0.000213334,0.00106667,0
250.0,255.0,252.5,0.000408888,0.00204444,0
255.0,260.0,257.5,0.000456296,0.00228148,0
260.0,265.0,262.5,0.000521482,0.00260741,0
265.0,270.0,267.5,0.000491852,0.00245926,0
270.0,275.0,272.5,0.000462222,0.00231111,0
275.0,280.0,277.5,0.0004444138,0.002222069,0
280.0,285.0,282.5,0.000385186,0.00192593,0
295.0,300.0,297.5,2.36896e-05,0.000118448,0
300.0,305.0,302.5,2.36896e-05,0.000118448,0
435.0,440.0,437.5,1.185186e-05,5.92593e-05,0
445.0,450.0,447.5,1.777778e-05,8.88889e-05,0
455.0,460.0,457.5,4.14814e-05,0.000207407,0
465.0,470.0,467.5,3.55556e-05,0.000177778,0
505.0,510.0,507.5,0.000456296,0.00228148,0
510.0,515.0,512.5,0.000432592,0.00216296,0
515.0,520.0,517.5,0.00050963,0.00254815,0
520.0,525.0,522.5,0.000438518,0.00219259,0
525.0,530.0,527.5,0.00045037,0.00225185,0
530.0,535.0,532.5,0.00045037,0.00225185,0
535.0,540.0,537.5,0.000474074,0.00237037,0
540.0,545.0,542.5,0.0001125926,0.000562963,0
545.0,550.0,547.5,1.185186e-05,5.92593e-05,0
