bin_start_us,bin_end_us,bin_mid_us,pdf_per_us,probability,count
210.0,215.0,212.5,0.05442456,0.2721228,0
215.0,220.0,217.5,0.10862598,0.5431299,0
220.0,225.0,222.5,0.025385338,0.12692669,0
235.0,240.0,237.5,0.00376554,0.0188277,0
240.0,245.0,242.5,0.00623446,0.0311723,0
250.0,255.0,252.5,0.0001422222,0.000711111,0
255.0,260.0,257.5,5.33334e-05,0.000266667,0
265.0,270.0,267.5,5.33334e-05,0.000266667,0
275.0,280.0,277.5,5.33334e-05,0.000266667,0
290.0,295.0,292.5,1.776198e-05,8.88099e-05,0
305.0,310.0,307.5,0.0001244444,0.000622222,0
310.0,315.0,312.5,1.777778e-05,8.88889e-05,0
320.0,325.0,322.5,8.88888e-05,0.000444444,0
330.0,335.0,332.5,7.11112e-05,0.000355556,0
350.0,355.0,352.5,3.55556e-05,0.000177778,0
360.0,365.0,362.5,8.88888e-05,0.000444444,0
370.0,375.0,372.5,5.33334e-05,0.000266667,0
380.0,385.0,382.5,0.0001422222,0.000711111,0
460.0,465.0,462.5,0.0001066666,0.000533333,0
465.0,470.0,467.5,0.000159858,0.00079929,0
470.0,475.0,472.5,8.88888e-05,0.000444444,0
475.0,480.0,477.5,5.3286e-05,0.00026643,0
480.0,485.0,482.5,0.00010658778,0.0005329389,0
490.0,495.0,492.5,0.0001066666,0.000533333,0
